--------------------------------------------------------------------------------
JobId          : aq93-0-681b767d
Name           : ligprep_ligands_ro5_fullfilled
Program        : LigPrep
Version        : 2024-1 build 135
Host           : aq93
Dir            : /media/TC_Lehre/storage/meinschad_lukas_ff_pr/2025/Day_3/docking_my_protein/ligprep_ligands_ro5_fullfilled
HostEntry      : localhost
JobHost        : aq93
JobDir         : /scratch/praktikum/ligprep_ligands_ro5_fullfilled
JobSchrodinger : /usr/local/schrodinger2024-1
Commandline    : /usr/local/schrodinger2024-1/ligprep -inp /media/TC_Lehre/storage/meinschad_lukas_ff_pr/2025/Day_3/docking_my_protein/ligprep_ligands_ro5_fullfilled/ligprep_ligands_ro5_fullfilled.inp -NJOBS 1 -JOBNAME ligprep_ligands_ro5_fullfilled -HOST localhost:1 -DISP append -VIEWNAME ligprep_job -PROJ /media/TC_Lehre/storage/meinschad_lukas_ff_pr/2025/Day_3/docking_my_protein/dipeptidyl_peptidase_4_docking_r05_fullfilled.prj
StartTime      : 2025-05-07-17:04:30
--------------------------------------------------------------------------------
[running at reduced cpu priority]
LigPrep (version 69135). Copyright Schrodinger, LLC. All rights reserved.

LigPrep command:
$SCHRODINGER/ligprep -ma 500 -bff 16 -ph 7.5 -epik -g -s 32 -imae ligprep_ligands_ro5_fullfilled.maegz -omae ligprep_ligands_ro5_fullfilled-out.maegz

Processing steps:
$DO.htreat -t All-None -a all -s -l 500 <infile.mae> <outfile.mae>
$DO.desalter <infile.mae> <outfile.mae>
$DO.neutralizer -m 500 <infile.mae> <outfile.mae>
$DO.guard <infile.mae> <outfile.mae>
$DO.epik.py -ph 7.5 -tn 8 -ma 500 -imae <infile.mae> -omae <outfile.mae>
$DO.stereoizer -label_specified_chiralities -n 32 -g <infile.mae> <outfile.mae>
$DO.cgx -optimize -ffld 16 -epsilon 10.0 <infile.mae> <outfile.mae>
$DO.filterstereo -max_stereo 32 <infile.mae> <outfile.mae>

DO=$SCHRODINGER/run python3 -m schrodinger.application.macromodel.packages.ligprep3

# counts of output and dropped structures after processing steps
# index  htreat  desalt  neutra   guard   epik   stereo    cgx   filter  title
       1   1/0     1/0     1/0     1/0     3/0     3/0     3/0     3/0   'CHEMBL28'
       2   1/0     1/0     1/0     1/0     3/0     3/0     3/0     3/0   'CHEMBL44'
       3   1/0     1/0     1/0     1/0     4/0     4/0     4/0     4/0   'CHEMBL150'
       4   1/0     1/0     1/0     1/0     2/0     2/0     2/0     2/0   'CHEMBL165'
       5   1/0     1/0     1/0     1/0     2/0     2/0     2/0     2/0   'CHEMBL430'
       6   1/0     1/0     1/0     1/0     1/0     1/0     1/0     1/0   'CHEMBL1090'
       7   1/0     1/0     1/0     1/0     2/0     2/0     2/0     2/0   'CHEMBL1422'
       8   1/0     1/0     1/0     1/0     2/0     2/0     2/0     2/0   'CHEMBL1431'
       9   1/0     1/0     1/0     1/0     2/0     2/0     2/0     2/0   'CHEMBL9237'
      10   1/0     1/0     1/0     1/0     3/0     3/0     3/0     3/0   'CHEMBL9352'
      11   1/0     1/0     1/0     1/0     2/0     2/0     2/0     2/0   'CHEMBL9561'
      12   1/0     1/0     1/0     1/0     2/0     2/0     2/0     2/0   'CHEMBL9565'
      13   1/0     1/0     1/0     1/0     2/0     2/0     2/0     2/0   'CHEMBL9724'
      14   1/0     1/0     1/0     1/0     2/0     2/0     2/0     2/0   'CHEMBL16709'
      15   1/0     1/0     1/0     1/0     2/0     2/0     2/0     2/0   'CHEMBL17041'
      16   1/0     1/0     1/0     1/0     2/0     2/0     2/0     2/0   'CHEMBL22294'
      17   1/0     1/0     1/0     1/0     2/0     2/0     2/0     2/0   'CHEMBL22310'
      18   1/0     1/0     1/0     1/0     2/0     2/0     2/0     2/0   'CHEMBL22359'
      19   1/0     1/0     1/0     1/0     2/0     2/0     2/0     2/0   'CHEMBL22511'
      20   1/0     1/0     1/0     1/0     2/0     2/0     2/0     2/0   'CHEMBL22545'
      21   1/0     1/0     1/0     1/0     2/0     2/0     2/0     2/0   'CHEMBL22679'
      22   1/0     1/0     1/0     1/0     2/0     2/0     2/0     2/0   'CHEMBL23051'
      23   1/0     1/0     1/0     1/0     2/0     2/0     2/0     2/0   'CHEMBL23110'
      24   1/0     1/0     1/0     1/0     2/0     2/0     2/0     2/0   'CHEMBL23176'
      25   1/0     1/0     1/0     1/0     2/0     2/0     2/0     2/0   'CHEMBL23223'
      26   1/0     1/0     1/0     1/0     2/0     2/0     2/0     2/0   'CHEMBL23660'
      27   1/0     1/0     1/0     1/0     2/0     2/0     2/0     2/0   'CHEMBL23879'
      28   1/0     1/0     1/0     1/0     2/0     2/0     2/0     2/0   'CHEMBL23880'
      29   1/0     1/0     1/0     1/0     2/0     2/0     2/0     2/0   'CHEMBL23891'
      30   1/0     1/0     1/0     1/0     2/0     2/0     2/0     2/0   'CHEMBL23924'
      31   1/0     1/0     1/0     1/0     2/0     2/0     2/0     2/0   'CHEMBL23979'
      32   1/0     1/0     1/0     1/0     2/0     2/0     2/0     2/0   'CHEMBL23981'
      33   1/0     1/0     1/0     1/0     2/0     2/0     2/0     2/0   'CHEMBL25211'
      34   1/0     1/0     1/0     1/0     2/0     2/0     2/0     2/0   'CHEMBL25437'
      35   1/0     1/0     1/0     1/0     2/0     2/0     2/0     2/0   'CHEMBL34062'
      36   1/0     1/0     1/0     1/0     2/0     2/0     2/0     2/0   'CHEMBL34603'
      37   1/0     1/0     1/0     1/0     2/0     2/0     2/0     2/0   'CHEMBL36020'
      38   1/0     1/0     1/0     1/0     2/0     2/0     2/0     2/0   'CHEMBL37260'
      39   1/0     1/0     1/0     1/0     2/0     2/0     2/0     2/0   'CHEMBL37980'
      40   1/0     1/0     1/0     1/0     3/0     3/0     3/0     3/0   'CHEMBL41114'
      41   1/0     1/0     1/0     1/0     2/0     2/0     2/0     2/0   'CHEMBL63406'
      42   1/0     1/0     1/0     1/0     2/0     2/0     2/0     2/0   'CHEMBL63652'
      43   1/0     1/0     1/0     1/0     2/0     2/0     2/0     2/0   'CHEMBL63698'
      44   1/0     1/0     1/0     1/0     2/0     2/0     2/0     2/0   'CHEMBL63726'
      45   1/0     1/0     1/0     1/0     2/0     2/0     2/0     2/0   'CHEMBL63860'
      46   1/0     1/0     1/0     1/0     2/0     2/0     2/0     2/0   'CHEMBL63895'
      47   1/0     1/0     1/0     1/0     2/0     2/0     2/0     2/0   'CHEMBL65406'
      48   1/0     1/0     1/0     1/0     2/0     2/0     2/0     2/0   'CHEMBL66032'
      49   1/0     1/0     1/0     1/0     2/0     2/0     2/0     2/0   'CHEMBL66189'
      50   1/0     1/0     1/0     1/0     1/0     1/0     1/0     1/0   'CHEMBL66879'
# counts of output and dropped structures after processing steps
# index  htreat  desalt  neutra   guard   epik   stereo    cgx   filter  title
      51   1/0     1/0     1/0     1/0     2/0     2/0     2/0     2/0   'CHEMBL67089'
      52   1/0     1/0     1/0     1/0     2/0     2/0     2/0     2/0   'CHEMBL67279'
      53   1/0     1/0     1/0     1/0     3/0     3/0     3/0     3/0   'CHEMBL75589'
      54   1/0     1/0     1/0     1/0     2/0     2/0     2/0     2/0   'CHEMBL77538'
      55   1/0     1/0     1/0     1/0     2/0     2/0     2/0     2/0   'CHEMBL77539'
      56   1/0     1/0     1/0     1/0     2/0     2/0     2/0     2/0   'CHEMBL83418'
      57   1/0     1/0     1/0     1/0     2/0     2/0     2/0     2/0   'CHEMBL88474'
      58   1/0     1/0     1/0     1/0     2/0     2/0     2/0     2/0   'CHEMBL88953'
      59   1/0     1/0     1/0     1/0     1/0     1/0     1/0     1/0   'CHEMBL90170'
      60   1/0     1/0     1/0     1/0     1/0     1/0     1/0     1/0   'CHEMBL90558'
      61   1/0     1/0     1/0     1/0     2/0     2/0     2/0     2/0   'CHEMBL91777'
      62   1/0     1/0     1/0     1/0     2/0     2/0     2/0     2/0   'CHEMBL92028'
      63   1/0     1/0     1/0     1/0     2/0     2/0     2/0     2/0   'CHEMBL92710'
      64   1/0     1/0     1/0     1/0     2/0     2/0     2/0     2/0   'CHEMBL92711'
      65   1/0     1/0     1/0     1/0     2/0     2/0     2/0     2/0   'CHEMBL93034'
      66   1/0     1/0     1/0     1/0     2/0     2/0     2/0     2/0   'CHEMBL93354'
      67   1/0     1/0     1/0     1/0     2/0     2/0     2/0     2/0   'CHEMBL93507'
      68   1/0     1/0     1/0     1/0     2/0     2/0     2/0     2/0   'CHEMBL93558'
      69   1/0     1/0     1/0     1/0     2/0     2/0     2/0     2/0   'CHEMBL93847'
      70   1/0     1/0     1/0     1/0     2/0     2/0     2/0     2/0   'CHEMBL93931'
      71   1/0     1/0     1/0     1/0     1/0     1/0     1/0     1/0   'CHEMBL94046'
      72   1/0     1/0     1/0     1/0     2/0     2/0     2/0     2/0   'CHEMBL94147'
      73   1/0     1/0     1/0     1/0     2/0     2/0     2/0     2/0   'CHEMBL94312'
      74   1/0     1/0     1/0     1/0     2/0     2/0     2/0     2/0   'CHEMBL94597'
      75   1/0     1/0     1/0     1/0     2/0     2/0     2/0     2/0   'CHEMBL94630'
      76   1/0     1/0     1/0     1/0     2/0     2/0     2/0     2/0   'CHEMBL94647'
      77   1/0     1/0     1/0     1/0     2/0     2/0     2/0     2/0   'CHEMBL94908'
      78   1/0     1/0     1/0     1/0     1/0     1/0     1/0     1/0   'CHEMBL94955'
      79   1/0     1/0     1/0     1/0     2/0     2/0     2/0     2/0   'CHEMBL95088'
      80   1/0     1/0     1/0     1/0     2/0     2/0     2/0     2/0   'CHEMBL95089'
      81   1/0     1/0     1/0     1/0     2/0     2/0     2/0     2/0   'CHEMBL96071'
      82   1/0     1/0     1/0     1/0     2/0     2/0     2/0     2/0   'CHEMBL96080'
      83   1/0     1/0     1/0     1/0     2/0     2/0     2/0     2/0   'CHEMBL96160'
      84   1/0     1/0     1/0     1/0     2/0     2/0     2/0     2/0   'CHEMBL96183'
      85   1/0     1/0     1/0     1/0     2/0     2/0     2/0     2/0   'CHEMBL96229'
      86   1/0     1/0     1/0     1/0     2/0     2/0     2/0     2/0   'CHEMBL96299'
      87   1/0     1/0     1/0     1/0     2/0     2/0     2/0     2/0   'CHEMBL96395'
      88   1/0     1/0     1/0     1/0     2/0     2/0     2/0     2/0   'CHEMBL96453'
      89   1/0     1/0     1/0     1/0     2/0     2/0     2/0     2/0   'CHEMBL96459'
      90   1/0     1/0     1/0     1/0     2/0     2/0     2/0     2/0   'CHEMBL96491'
      91   1/0     1/0     1/0     1/0     2/0     2/0     2/0     2/0   'CHEMBL96577'
      92   1/0     1/0     1/0     1/0     2/0     2/0     2/0     2/0   'CHEMBL96593'
      93   1/0     1/0     1/0     1/0     2/0     2/0     2/0     2/0   'CHEMBL96607'
      94   1/0     1/0     1/0     1/0     2/0     2/0     2/0     2/0   'CHEMBL96666'
      95   1/0     1/0     1/0     1/0     2/0     2/0     2/0     2/0   'CHEMBL96748'
      96   1/0     1/0     1/0     1/0     2/0     2/0     2/0     2/0   'CHEMBL96814'
      97   1/0     1/0     1/0     1/0     2/0     2/0     2/0     2/0   'CHEMBL96890'
      98   1/0     1/0     1/0     1/0     2/0     2/0     2/0     2/0   'CHEMBL96891'
      99   1/0     1/0     1/0     1/0     2/0     2/0     2/0     2/0   'CHEMBL96892'
     100   1/0     1/0     1/0     1/0     2/0     2/0     2/0     2/0   'CHEMBL96908'
# counts of output and dropped structures after processing steps
# index  htreat  desalt  neutra   guard   epik   stereo    cgx   filter  title
     101   1/0     1/0     1/0     1/0     2/0     2/0     2/0     2/0   'CHEMBL96937'
     102   1/0     1/0     1/0     1/0     2/0     2/0     2/0     2/0   'CHEMBL96942'
     103   1/0     1/0     1/0     1/0     2/0     2/0     2/0     2/0   'CHEMBL97064'
     104   1/0     1/0     1/0     1/0     5/0     5/0     5/0     5/0   'CHEMBL97180'
     105   1/0     1/0     1/0     1/0     2/0     2/0     2/0     2/0   'CHEMBL97674'
     106   1/0     1/0     1/0     1/0     4/0     4/0     4/0     4/0   'CHEMBL97884'
     107   1/0     1/0     1/0     1/0     4/0     4/0     4/0     4/0   'CHEMBL97970'
     108   1/0     1/0     1/0     1/0     2/0     2/0     2/0     2/0   'CHEMBL97977'
     109   1/0     1/0     1/0     1/0     2/0     2/0     2/0     2/0   'CHEMBL98008'
     110   1/0     1/0     1/0     1/0     4/0     4/0     4/0     4/0   'CHEMBL98060'
     111   1/0     1/0     1/0     1/0     2/0     2/0     2/0     2/0   'CHEMBL98408'
     112   1/0     1/0     1/0     1/0     2/0     2/0     2/0     2/0   'CHEMBL98415'
     113   1/0     1/0     1/0     1/0     4/0     4/0     4/0     4/0   'CHEMBL98423'
     114   1/0     1/0     1/0     1/0     4/0     4/0     4/0     4/0   'CHEMBL98762'
     115   1/0     1/0     1/0     1/0     4/0     4/0     4/0     4/0   'CHEMBL98801'
     116   1/0     1/0     1/0     1/0     4/0     4/0     4/0     4/0   'CHEMBL98860'
     117   1/0     1/0     1/0     1/0     4/0     4/0     4/0     4/0   'CHEMBL98869'
     118   1/0     1/0     1/0     1/0     4/0     4/0     4/0     4/0   'CHEMBL99047'
     119   1/0     1/0     1/0     1/0     4/0     4/0     4/0     4/0   'CHEMBL99111'
     120   1/0     1/0     1/0     1/0     4/0     4/0     4/0     4/0   'CHEMBL99247'
     121   1/0     1/0     1/0     1/0     4/0     4/0     4/0     4/0   'CHEMBL99263'
     122   1/0     1/0     1/0     1/0     4/0     4/0     4/0     4/0   'CHEMBL99506'
     123   1/0     1/0     1/0     1/0     4/0     4/0     4/0     4/0   'CHEMBL100370'
     124   1/0     1/0     1/0     1/0     2/0     2/0     2/0     2/0   'CHEMBL101401'
     125   1/0     1/0     1/0     1/0     2/0     2/0     2/0     2/0   'CHEMBL122206'
     126   1/0     1/0     1/0     1/0     2/0     2/0     2/0     2/0   'CHEMBL139702'
     127   1/0     1/0     1/0     1/0     2/0     2/0     2/0     2/0   'CHEMBL142703'
     128   1/0     1/0     1/0     1/0     2/0     2/0     2/0     2/0   'CHEMBL144027'
     129   1/0     1/0     1/0     1/0     2/0     2/0     2/0     2/0   'CHEMBL145813'
     130   1/0     1/0     1/0     1/0     2/0     2/0     2/0     2/0   'CHEMBL145862'
     131   1/0     1/0     1/0     1/0     2/0     2/0     2/0     2/0   'CHEMBL146190'
     132   1/0     1/0     1/0     1/0     3/0     3/0     3/0     3/0   'CHEMBL146877'
     133   1/0     1/0     1/0     1/0     2/0     2/0     2/0     2/0   'CHEMBL146995'
     134   1/0     1/0     1/0     1/0     2/0     2/0     2/0     2/0   'CHEMBL147314'
     135   1/0     1/0     1/0     1/0     2/0     2/0     2/0     2/0   'CHEMBL147691'
     136   1/0     1/0     1/0     1/0     3/0     3/0     3/0     3/0   'CHEMBL147923'
     137   1/0     1/0     1/0     1/0     2/0     2/0     2/0     2/0   'CHEMBL148002'
     138   1/0     1/0     1/0     1/0     2/0     2/0     2/0     2/0   'CHEMBL148025'
     139   1/0     1/0     1/0     1/0     2/0     2/0     2/0     2/0   'CHEMBL148127'
     140   1/0     1/0     1/0     1/0     2/0     2/0     2/0     2/0   'CHEMBL148261'
     141   1/0     1/0     1/0     1/0     2/0     2/0     2/0     2/0   'CHEMBL148285'
     142   1/0     1/0     1/0     1/0     2/0     2/0     2/0     2/0   'CHEMBL148954'
     143   1/0     1/0     1/0     1/0     2/0     2/0     2/0     2/0   'CHEMBL148955'
     144   1/0     1/0     1/0     1/0     2/0     2/0     2/0     2/0   'CHEMBL151461'
     145   1/0     1/0     1/0     1/0     2/0     2/0     2/0     2/0   'CHEMBL153096'
     146   1/0     1/0     1/0     1/0     2/0     2/0     2/0     2/0   'CHEMBL168281'
     147   1/0     1/0     1/0     1/0     2/0     2/0     2/0     2/0   'CHEMBL168866'
     148   1/0     1/0     1/0     1/0     2/0     2/0     2/0     2/0   'CHEMBL168986'
     149   1/0     1/0     1/0     1/0     2/0     2/0     2/0     2/0   'CHEMBL169179'
     150   1/0     1/0     1/0     1/0     2/0     2/0     2/0     2/0   'CHEMBL169204'
# counts of output and dropped structures after processing steps
# index  htreat  desalt  neutra   guard   epik   stereo    cgx   filter  title
     151   1/0     1/0     1/0     1/0     2/0     2/0     2/0     2/0   'CHEMBL169758'
     152   1/0     1/0     1/0     1/0     2/0     2/0     2/0     2/0   'CHEMBL169812'
     153   1/0     1/0     1/0     1/0     2/0     2/0     2/0     2/0   'CHEMBL169962'
     154   1/0     1/0     1/0     1/0     2/0     2/0     2/0     2/0   'CHEMBL170051'
     155   1/0     1/0     1/0     1/0     2/0     2/0     2/0     2/0   'CHEMBL171033'
     156   1/0     1/0     1/0     1/0     2/0     2/0     2/0     2/0   'CHEMBL171290'
     157   1/0     1/0     1/0     1/0     2/0     2/0     2/0     2/0   'CHEMBL171342'
     158   1/0     1/0     1/0     1/0     2/0     2/0     2/0     2/0   'CHEMBL171430'
     159   1/0     1/0     1/0     1/0     2/0     2/0     2/0     2/0   'CHEMBL171437'
     160   1/0     1/0     1/0     1/0     2/0     2/0     2/0     2/0   'CHEMBL171609'
     161   1/0     1/0     1/0     1/0     2/0     2/0     2/0     2/0   'CHEMBL171733'
     162   1/0     1/0     1/0     1/0     2/0     2/0     2/0     2/0   'CHEMBL172057'
     163   1/0     1/0     1/0     1/0     2/0     2/0     2/0     2/0   'CHEMBL172276'
     164   1/0     1/0     1/0     1/0     2/0     2/0     2/0     2/0   'CHEMBL172624'
     165   1/0     1/0     1/0     1/0     2/0     2/0     2/0     2/0   'CHEMBL172631'
     166   1/0     1/0     1/0     1/0     2/0     2/0     2/0     2/0   'CHEMBL172730'
     167   1/0     1/0     1/0     1/0     2/0     2/0     2/0     2/0   'CHEMBL175034'
     168   1/0     1/0     1/0     1/0     2/0     2/0     2/0     2/0   'CHEMBL175260'
     169   1/0     1/0     1/0     1/0     3/0     3/0     3/0     3/0   'CHEMBL175872'
     170   1/0     1/0     1/0     1/0     2/0     2/0     2/0     2/0   'CHEMBL177746'
     171   1/0     1/0     1/0     1/0     2/0     2/0     2/0     2/0   'CHEMBL177980'
     172   1/0     1/0     1/0     1/0     2/0     2/0     2/0     2/0   'CHEMBL179289'
     173   1/0     1/0     1/0     1/0     2/0     2/0     2/0     2/0   'CHEMBL179687'
     174   1/0     1/0     1/0     1/0     2/0     2/0     2/0     2/0   'CHEMBL179771'
     175   1/0     1/0     1/0     1/0     2/0     2/0     2/0     2/0   'CHEMBL180000'
     176   1/0     1/0     1/0     1/0     2/0     2/0     2/0     2/0   'CHEMBL180514'
     177   1/0     1/0     1/0     1/0     2/0     2/0     2/0     2/0   'CHEMBL181239'
     178   1/0     1/0     1/0     1/0     1/0     1/0     1/0     1/0   'CHEMBL182168'
     179   1/0     1/0     1/0     1/0     2/0     2/0     2/0     2/0   'CHEMBL182544'
     180   1/0     1/0     1/0     1/0     3/0     3/0     3/0     3/0   'CHEMBL182861'
     181   1/0     1/0     1/0     1/0     2/0     2/0     2/0     2/0   'CHEMBL183517'
     182   1/0     1/0     1/0     1/0     2/0     2/0     2/0     2/0   'CHEMBL183947'
     183   1/0     1/0     1/0     1/0     3/0     3/0     3/0     3/0   'CHEMBL184071'
     184   1/0     1/0     1/0     1/0     2/0     2/0     2/0     2/0   'CHEMBL184259'
     185   1/0     1/0     1/0     1/0     2/0     2/0     2/0     2/0   'CHEMBL184262'
     186   1/0     1/0     1/0     1/0     3/0     3/0     3/0     3/0   'CHEMBL184380'
     187   1/0     1/0     1/0     1/0     2/0     2/0     2/0     2/0   'CHEMBL184442'
     188   1/0     1/0     1/0     1/0     3/0     3/0     3/0     3/0   'CHEMBL184624'
     189   1/0     1/0     1/0     1/0     3/0     3/0     3/0     3/0   'CHEMBL184636'
     190   1/0     1/0     1/0     1/0     2/0     2/0     2/0     2/0   'CHEMBL184651'
     191   1/0     1/0     1/0     1/0     3/0     3/0     3/0     3/0   'CHEMBL184808'
     192   1/0     1/0     1/0     1/0     3/0     3/0     3/0     3/0   'CHEMBL184902'
     193   1/0     1/0     1/0     1/0     2/0     2/0     2/0     2/0   'CHEMBL184912'
     194   1/0     1/0     1/0     1/0     2/0     2/0     2/0     2/0   'CHEMBL184928'
     195   1/0     1/0     1/0     1/0     2/0     2/0     2/0     2/0   'CHEMBL184937'
     196   1/0     1/0     1/0     1/0     2/0     2/0     2/0     2/0   'CHEMBL184961'
     197   1/0     1/0     1/0     1/0     2/0     2/0     2/0     2/0   'CHEMBL184986'
     198   1/0     1/0     1/0     1/0     2/0     2/0     2/0     2/0   'CHEMBL185020'
     199   1/0     1/0     1/0     1/0     3/0     3/0     3/0     3/0   'CHEMBL185067'
     200   1/0     1/0     1/0     1/0     2/0     2/0     2/0     2/0   'CHEMBL185121'
# counts of output and dropped structures after processing steps
# index  htreat  desalt  neutra   guard   epik   stereo    cgx   filter  title
     201   1/0     1/0     1/0     1/0     2/0     2/0     2/0     2/0   'CHEMBL185332'
     202   1/0     1/0     1/0     1/0     2/0     2/0     2/0     2/0   'CHEMBL185351'
     203   1/0     1/0     1/0     1/0     3/0     3/0     3/0     3/0   'CHEMBL185482'
     204   1/0     1/0     1/0     1/0     2/0     2/0     2/0     2/0   'CHEMBL185538'
     205   1/0     1/0     1/0     1/0     2/0     2/0     2/0     2/0   'CHEMBL185601'
     206   1/0     1/0     1/0     1/0     2/0     2/0     2/0     2/0   'CHEMBL186308'
     207   1/0     1/0     1/0     1/0     3/0     3/0     3/0     3/0   'CHEMBL186406'
     208   1/0     1/0     1/0     1/0     2/0     2/0     2/0     2/0   'CHEMBL186566'
     209   1/0     1/0     1/0     1/0     2/0     2/0     2/0     2/0   'CHEMBL186596'
     210   1/0     1/0     1/0     1/0     2/0     2/0     2/0     2/0   'CHEMBL186610'
     211   1/0     1/0     1/0     1/0     2/0     2/0     2/0     2/0   'CHEMBL186611'
     212   1/0     1/0     1/0     1/0     2/0     2/0     2/0     2/0   'CHEMBL187118'
     213   1/0     1/0     1/0     1/0     2/0     2/0     2/0     2/0   'CHEMBL189220'
     214   1/0     1/0     1/0     1/0     2/0     2/0     2/0     2/0   'CHEMBL189258'
     215   1/0     1/0     1/0     1/0     2/0     2/0     2/0     2/0   'CHEMBL189645'
     216   1/0     1/0     1/0     1/0     2/0     2/0     2/0     2/0   'CHEMBL189881'
     217   1/0     1/0     1/0     1/0     2/0     2/0     2/0     2/0   'CHEMBL190029'
     218   1/0     1/0     1/0     1/0     2/0     2/0     2/0     2/0   'CHEMBL190183'
     219   1/0     1/0     1/0     1/0     2/0     2/0     2/0     2/0   'CHEMBL190454'
     220   1/0     1/0     1/0     1/0     2/0     2/0     2/0     2/0   'CHEMBL190466'
     221   1/0     1/0     1/0     1/0     2/0     2/0     2/0     2/0   'CHEMBL191208'
     222   1/0     1/0     1/0     1/0     2/0     2/0     2/0     2/0   'CHEMBL191274'
     223   1/0     1/0     1/0     1/0     2/0     2/0     2/0     2/0   'CHEMBL191327'
     224   1/0     1/0     1/0     1/0     2/0     2/0     2/0     2/0   'CHEMBL191354'
     225   1/0     1/0     1/0     1/0     2/0     2/0     2/0     2/0   'CHEMBL191514'
     226   1/0     1/0     1/0     1/0     2/0     2/0     2/0     2/0   'CHEMBL191577'
     227   1/0     1/0     1/0     1/0     2/0     2/0     2/0     2/0   'CHEMBL191652'
     228   1/0     1/0     1/0     1/0     2/0     2/0     2/0     2/0   'CHEMBL191699'
     229   1/0     1/0     1/0     1/0     2/0     2/0     2/0     2/0   'CHEMBL191769'
     230   1/0     1/0     1/0     1/0     2/0     2/0     2/0     2/0   'CHEMBL191775'
     231   1/0     1/0     1/0     1/0     2/0     2/0     2/0     2/0   'CHEMBL191805'
     232   1/0     1/0     1/0     1/0     2/0     2/0     2/0     2/0   'CHEMBL191812'
     233   1/0     1/0     1/0     1/0     2/0     2/0     2/0     2/0   'CHEMBL191823'
     234   1/0     1/0     1/0     1/0     2/0     2/0     2/0     2/0   'CHEMBL191858'
     235   1/0     1/0     1/0     1/0     2/0     2/0     2/0     2/0   'CHEMBL191866'
     236   1/0     1/0     1/0     1/0     2/0     2/0     2/0     2/0   'CHEMBL191906'
     237   1/0     1/0     1/0     1/0     2/0     2/0     2/0     2/0   'CHEMBL191933'
     238   1/0     1/0     1/0     1/0     2/0     2/0     2/0     2/0   'CHEMBL192116'
     239   1/0     1/0     1/0     1/0     2/0     2/0     2/0     2/0   'CHEMBL192165'
     240   1/0     1/0     1/0     1/0     2/0     2/0     2/0     2/0   'CHEMBL192365'
     241   1/0     1/0     1/0     1/0     2/0     2/0     2/0     2/0   'CHEMBL192396'
     242   1/0     1/0     1/0     1/0     2/0     2/0     2/0     2/0   'CHEMBL192421'
     243   1/0     1/0     1/0     1/0     2/0     2/0     2/0     2/0   'CHEMBL192449'
     244   1/0     1/0     1/0     1/0     2/0     2/0     2/0     2/0   'CHEMBL192733'
     245   1/0     1/0     1/0     1/0     2/0     2/0     2/0     2/0   'CHEMBL192781'
     246   1/0     1/0     1/0     1/0     2/0     2/0     2/0     2/0   'CHEMBL192882'
     247   1/0     1/0     1/0     1/0     2/0     2/0     2/0     2/0   'CHEMBL192983'
     248   1/0     1/0     1/0     1/0     2/0     2/0     2/0     2/0   'CHEMBL193105'
     249   1/0     1/0     1/0     1/0     2/0     2/0     2/0     2/0   'CHEMBL193106'
     250   1/0     1/0     1/0     1/0     2/0     2/0     2/0     2/0   'CHEMBL193168'
# counts of output and dropped structures after processing steps
# index  htreat  desalt  neutra   guard   epik   stereo    cgx   filter  title
     251   1/0     1/0     1/0     1/0     2/0     2/0     2/0     2/0   'CHEMBL193202'
     252   1/0     1/0     1/0     1/0     2/0     2/0     2/0     2/0   'CHEMBL193802'
     253   1/0     1/0     1/0     1/0     2/0     2/0     2/0     2/0   'CHEMBL193885'
     254   1/0     1/0     1/0     1/0     2/0     2/0     2/0     2/0   'CHEMBL194249'
     255   1/0     1/0     1/0     1/0     2/0     2/0     2/0     2/0   'CHEMBL194250'
     256   1/0     1/0     1/0     1/0     3/0     3/0     3/0     3/0   'CHEMBL194428'
     257   1/0     1/0     1/0     1/0     2/0     2/0     2/0     2/0   'CHEMBL194489'
     258   1/0     1/0     1/0     1/0     2/0     2/0     2/0     2/0   'CHEMBL194717'
     259   1/0     1/0     1/0     1/0     2/0     2/0     2/0     2/0   'CHEMBL194852'
     260   1/0     1/0     1/0     1/0     2/0     2/0     2/0     2/0   'CHEMBL194979'
     261   1/0     1/0     1/0     1/0     2/0     2/0     2/0     2/0   'CHEMBL194993'
     262   1/0     1/0     1/0     1/0     2/0     2/0     2/0     2/0   'CHEMBL195030'
     263   1/0     1/0     1/0     1/0     2/0     2/0     2/0     2/0   'CHEMBL195173'
     264   1/0     1/0     1/0     1/0     2/0     2/0     2/0     2/0   'CHEMBL195189'
     265   1/0     1/0     1/0     1/0     2/0     2/0     2/0     2/0   'CHEMBL195205'
     266   1/0     1/0     1/0     1/0     2/0     2/0     2/0     2/0   'CHEMBL195270'
     267   1/0     1/0     1/0     1/0     2/0     2/0     2/0     2/0   'CHEMBL195271'
     268   1/0     1/0     1/0     1/0     2/0     2/0     2/0     2/0   'CHEMBL195335'
     269   1/0     1/0     1/0     1/0     2/0     2/0     2/0     2/0   'CHEMBL195420'
     270   1/0     1/0     1/0     1/0     2/0     2/0     2/0     2/0   'CHEMBL195443'
     271   1/0     1/0     1/0     1/0     2/0     2/0     2/0     2/0   'CHEMBL195547'
     272   1/0     1/0     1/0     1/0     2/0     2/0     2/0     2/0   'CHEMBL195721'
     273   1/0     1/0     1/0     1/0     2/0     2/0     2/0     2/0   'CHEMBL195755'
     274   1/0     1/0     1/0     1/0     2/0     2/0     2/0     2/0   'CHEMBL195804'
     275   1/0     1/0     1/0     1/0     2/0     2/0     2/0     2/0   'CHEMBL195862'
     276   1/0     1/0     1/0     1/0     2/0     2/0     2/0     2/0   'CHEMBL195984'
     277   1/0     1/0     1/0     1/0     2/0     2/0     2/0     2/0   'CHEMBL196010'
     278   1/0     1/0     1/0     1/0     2/0     2/0     2/0     2/0   'CHEMBL196114'
     279   1/0     1/0     1/0     1/0     2/0     2/0     2/0     2/0   'CHEMBL196120'
     280   1/0     1/0     1/0     1/0     2/0     2/0     2/0     2/0   'CHEMBL196180'
     281   1/0     1/0     1/0     1/0     2/0     2/0     2/0     2/0   'CHEMBL196188'
     282   1/0     1/0     1/0     1/0     2/0     2/0     2/0     2/0   'CHEMBL196267'
     283   1/0     1/0     1/0     1/0     2/0     2/0     2/0     2/0   'CHEMBL196333'
     284   1/0     1/0     1/0     1/0     3/0     3/0     3/0     3/0   'CHEMBL196461'
     285   1/0     1/0     1/0     1/0     2/0     2/0     2/0     2/0   'CHEMBL196881'
     286   1/0     1/0     1/0     1/0     2/0     2/0     2/0     2/0   'CHEMBL196933'
     287   1/0     1/0     1/0     1/0     2/0     2/0     2/0     2/0   'CHEMBL196938'
     288   1/0     1/0     1/0     1/0     2/0     2/0     2/0     2/0   'CHEMBL197082'
     289   1/0     1/0     1/0     1/0     2/0     2/0     2/0     2/0   'CHEMBL197300'
     290   1/0     1/0     1/0     1/0     2/0     2/0     2/0     2/0   'CHEMBL197301'
     291   1/0     1/0     1/0     1/0     2/0     2/0     2/0     2/0   'CHEMBL197352'
     292   1/0     1/0     1/0     1/0     2/0     2/0     2/0     2/0   'CHEMBL197413'
     293   1/0     1/0     1/0     1/0     2/0     2/0     2/0     2/0   'CHEMBL200103'
     294   1/0     1/0     1/0     1/0     2/0     2/0     2/0     2/0   'CHEMBL200347'
     295   1/0     1/0     1/0     1/0     2/0     2/0     2/0     2/0   'CHEMBL201158'
     296   1/0     1/0     1/0     1/0     2/0     2/0     2/0     2/0   'CHEMBL201268'
     297   1/0     1/0     1/0     1/0     2/0     2/0     2/0     2/0   'CHEMBL201398'
     298   1/0     1/0     1/0     1/0     2/0     2/0     2/0     2/0   'CHEMBL201424'
     299   1/0     1/0     1/0     1/0     2/0     2/0     2/0     2/0   'CHEMBL201544'
     300   1/0     1/0     1/0     1/0     2/0     2/0     2/0     2/0   'CHEMBL201644'
# counts of output and dropped structures after processing steps
# index  htreat  desalt  neutra   guard   epik   stereo    cgx   filter  title
     301   1/0     1/0     1/0     1/0     2/0     2/0     2/0     2/0   'CHEMBL201695'
     302   1/0     1/0     1/0     1/0     2/0     2/0     2/0     2/0   'CHEMBL201753'
     303   1/0     1/0     1/0     1/0     2/0     2/0     2/0     2/0   'CHEMBL202634'
     304   1/0     1/0     1/0     1/0     2/0     2/0     2/0     2/0   'CHEMBL202711'
     305   1/0     1/0     1/0     1/0     2/0     2/0     2/0     2/0   'CHEMBL203032'
     306   1/0     1/0     1/0     1/0     2/0     2/0     2/0     2/0   'CHEMBL203084'
     307   1/0     1/0     1/0     1/0     2/0     2/0     2/0     2/0   'CHEMBL203105'
     308   1/0     1/0     1/0     1/0     2/0     2/0     2/0     2/0   'CHEMBL203379'
     309   1/0     1/0     1/0     1/0     2/0     2/0     2/0     2/0   'CHEMBL203736'
     310   1/0     1/0     1/0     1/0     2/0     2/0     2/0     2/0   'CHEMBL205872'
     311   1/0     1/0     1/0     1/0     2/0     2/0     2/0     2/0   'CHEMBL206252'
     312   1/0     1/0     1/0     1/0     2/0     2/0     2/0     2/0   'CHEMBL206383'
     313   1/0     1/0     1/0     1/0     2/0     2/0     2/0     2/0   'CHEMBL206496'
     314   1/0     1/0     1/0     1/0     2/0     2/0     2/0     2/0   'CHEMBL206501'
     315   1/0     1/0     1/0     1/0     2/0     2/0     2/0     2/0   'CHEMBL206743'
     316   1/0     1/0     1/0     1/0     2/0     2/0     2/0     2/0   'CHEMBL206792'
     317   1/0     1/0     1/0     1/0     2/0     2/0     2/0     2/0   'CHEMBL207620'
     318   1/0     1/0     1/0     1/0     2/0     2/0     2/0     2/0   'CHEMBL207912'
     319   1/0     1/0     1/0     1/0     2/0     2/0     2/0     2/0   'CHEMBL207980'
     320   1/0     1/0     1/0     1/0     2/0     2/0     2/0     2/0   'CHEMBL208657'
     321   1/0     1/0     1/0     1/0     2/0     2/0     2/0     2/0   'CHEMBL208673'
     322   1/0     1/0     1/0     1/0     2/0     2/0     2/0     2/0   'CHEMBL208756'
     323   1/0     1/0     1/0     1/0     2/0     2/0     2/0     2/0   'CHEMBL208902'
     324   1/0     1/0     1/0     1/0     2/0     2/0     2/0     2/0   'CHEMBL208952'
     325   1/0     1/0     1/0     1/0     2/0     2/0     2/0     2/0   'CHEMBL208964'
     326   1/0     1/0     1/0     1/0     2/0     2/0     2/0     2/0   'CHEMBL209058'
     327   1/0     1/0     1/0     1/0     2/0     2/0     2/0     2/0   'CHEMBL209127'
     328   1/0     1/0     1/0     1/0     2/0     2/0     2/0     2/0   'CHEMBL209191'
     329   1/0     1/0     1/0     1/0     2/0     2/0     2/0     2/0   'CHEMBL209981'
     330   1/0     1/0     1/0     1/0     2/0     2/0     2/0     2/0   'CHEMBL209994'
     331   1/0     1/0     1/0     1/0     2/0     2/0     2/0     2/0   'CHEMBL210225'
     332   1/0     1/0     1/0     1/0     2/0     2/0     2/0     2/0   'CHEMBL210259'
     333   1/0     1/0     1/0     1/0     2/0     2/0     2/0     2/0   'CHEMBL210353'
     334   1/0     1/0     1/0     1/0     2/0     2/0     2/0     2/0   'CHEMBL210522'
     335   1/0     1/0     1/0     1/0     2/0     2/0     2/0     2/0   'CHEMBL210590'
     336   1/0     1/0     1/0     1/0     2/0     2/0     2/0     2/0   'CHEMBL210718'
     337   1/0     1/0     1/0     1/0     2/0     2/0     2/0     2/0   'CHEMBL210920'
     338   1/0     1/0     1/0     1/0     2/0     2/0     2/0     2/0   'CHEMBL210941'
     339   1/0     1/0     1/0     1/0     2/0     2/0     2/0     2/0   'CHEMBL210995'
     340   1/0     1/0     1/0     1/0     2/0     2/0     2/0     2/0   'CHEMBL211024'
     341   1/0     1/0     1/0     1/0     2/0     2/0     2/0     2/0   'CHEMBL214381'
     342   1/0     1/0     1/0     1/0     4/0     4/0     4/0     4/0   'CHEMBL214580'
     343   1/0     1/0     1/0     1/0     4/0     4/0     4/0     4/0   'CHEMBL215299'
     344   1/0     1/0     1/0     1/0     2/0     2/0     2/0     2/0   'CHEMBL216178'
     345   1/0     1/0     1/0     1/0     2/0     2/0     2/0     2/0   'CHEMBL216186'
     346   1/0     1/0     1/0     1/0     2/0     2/0     2/0     2/0   'CHEMBL216203'
     347   1/0     1/0     1/0     1/0     2/0     2/0     2/0     2/0   'CHEMBL216234'
     348   1/0     1/0     1/0     1/0     3/0     3/0     3/0     3/0   'CHEMBL216253'
     349   1/0     1/0     1/0     1/0     2/0     2/0     2/0     2/0   'CHEMBL216296'
     350   1/0     1/0     1/0     1/0     2/0     2/0     2/0     2/0   'CHEMBL216377'
# counts of output and dropped structures after processing steps
# index  htreat  desalt  neutra   guard   epik   stereo    cgx   filter  title
     351   1/0     1/0     1/0     1/0     2/0     2/0     2/0     2/0   'CHEMBL216383'
     352   1/0     1/0     1/0     1/0     2/0     2/0     2/0     2/0   'CHEMBL216453'
     353   1/0     1/0     1/0     1/0     2/0     2/0     2/0     2/0   'CHEMBL216643'
     354   1/0     1/0     1/0     1/0     2/0     2/0     2/0     2/0   'CHEMBL216774'
     355   1/0     1/0     1/0     1/0     2/0     2/0     2/0     2/0   'CHEMBL216835'
     356   1/0     1/0     1/0     1/0     2/0     2/0     2/0     2/0   'CHEMBL216854'
     357   1/0     1/0     1/0     1/0     2/0     2/0     2/0     2/0   'CHEMBL216855'
     358   1/0     1/0     1/0     1/0     2/0     2/0     2/0     2/0   'CHEMBL216878'
     359   1/0     1/0     1/0     1/0     2/0     2/0     2/0     2/0   'CHEMBL217005'
     360   1/0     1/0     1/0     1/0     2/0     2/0     2/0     2/0   'CHEMBL217015'
     361   1/0     1/0     1/0     1/0     2/0     2/0     2/0     2/0   'CHEMBL217016'
     362   1/0     1/0     1/0     1/0     2/0     2/0     2/0     2/0   'CHEMBL217017'
     363   1/0     1/0     1/0     1/0     2/0     2/0     2/0     2/0   'CHEMBL217051'
     364   1/0     1/0     1/0     1/0     2/0     2/0     2/0     2/0   'CHEMBL217059'
     365   1/0     1/0     1/0     1/0     2/0     2/0     2/0     2/0   'CHEMBL217060'
     366   1/0     1/0     1/0     1/0     2/0     2/0     2/0     2/0   'CHEMBL217198'
     367   1/0     1/0     1/0     1/0     2/0     2/0     2/0     2/0   'CHEMBL217212'
     368   1/0     1/0     1/0     1/0     2/0     2/0     2/0     2/0   'CHEMBL217245'
     369   1/0     1/0     1/0     1/0     2/0     2/0     2/0     2/0   'CHEMBL217271'
     370   1/0     1/0     1/0     1/0     2/0     2/0     2/0     2/0   'CHEMBL217290'
     371   1/0     1/0     1/0     1/0     2/0     2/0     2/0     2/0   'CHEMBL217339'
     372   1/0     1/0     1/0     1/0     2/0     2/0     2/0     2/0   'CHEMBL217388'
     373   1/0     1/0     1/0     1/0     2/0     2/0     2/0     2/0   'CHEMBL217532'
     374   1/0     1/0     1/0     1/0     2/0     2/0     2/0     2/0   'CHEMBL217702'
     375   1/0     1/0     1/0     1/0     2/0     2/0     2/0     2/0   'CHEMBL217801'
     376   1/0     1/0     1/0     1/0     2/0     2/0     2/0     2/0   'CHEMBL218026'
     377   1/0     1/0     1/0     1/0     2/0     2/0     2/0     2/0   'CHEMBL218254'
     378   1/0     1/0     1/0     1/0     2/0     2/0     2/0     2/0   'CHEMBL218289'
     379   1/0     1/0     1/0     1/0     7/0     7/0     7/0     7/0   'CHEMBL218306'
     380   1/0     1/0     1/0     1/0     2/0     2/0     2/0     2/0   'CHEMBL218393'
     381   1/0     1/0     1/0     1/0     2/0     2/0     2/0     2/0   'CHEMBL218459'
     382   1/0     1/0     1/0     1/0     2/0     2/0     2/0     2/0   'CHEMBL218882'
     383   1/0     1/0     1/0     1/0     4/0     4/0     4/0     4/0   'CHEMBL218911'
     384   1/0     1/0     1/0     1/0     2/0     2/0     2/0     2/0   'CHEMBL219278'
     385   1/0     1/0     1/0     1/0     2/0     2/0     2/0     2/0   'CHEMBL219369'
     386   1/0     1/0     1/0     1/0     2/0     2/0     2/0     2/0   'CHEMBL219370'
     387   1/0     1/0     1/0     1/0     2/0     2/0     2/0     2/0   'CHEMBL219382'
     388   1/0     1/0     1/0     1/0     2/0     2/0     2/0     2/0   'CHEMBL219602'
     389   1/0     1/0     1/0     1/0     2/0     2/0     2/0     2/0   'CHEMBL220021'
     390   1/0     1/0     1/0     1/0     2/0     2/0     2/0     2/0   'CHEMBL220249'
     391   1/0     1/0     1/0     1/0     2/0     2/0     2/0     2/0   'CHEMBL220301'
     392   1/0     1/0     1/0     1/0     2/0     2/0     2/0     2/0   'CHEMBL220402'
     393   1/0     1/0     1/0     1/0     2/0     2/0     2/0     2/0   'CHEMBL220404'
     394   1/0     1/0     1/0     1/0     2/0     2/0     2/0     2/0   'CHEMBL223060'
     395   1/0     1/0     1/0     1/0     2/0     2/0     2/0     2/0   'CHEMBL223114'
     396   1/0     1/0     1/0     1/0     2/0     2/0     2/0     2/0   'CHEMBL223497'
     397   1/0     1/0     1/0     1/0     2/0     2/0     2/0     2/0   'CHEMBL223865'
     398   1/0     1/0     1/0     1/0     2/0     2/0     2/0     2/0   'CHEMBL223914'
     399   1/0     1/0     1/0     1/0     2/0     2/0     2/0     2/0   'CHEMBL223915'
     400   1/0     1/0     1/0     1/0     2/0     2/0     2/0     2/0   'CHEMBL223916'
# counts of output and dropped structures after processing steps
# index  htreat  desalt  neutra   guard   epik   stereo    cgx   filter  title
     401   1/0     1/0     1/0     1/0     2/0     2/0     2/0     2/0   'CHEMBL224346'
     402   1/0     1/0     1/0     1/0     2/0     2/0     2/0     2/0   'CHEMBL224419'
     403   1/0     1/0     1/0     1/0     2/0     2/0     2/0     2/0   'CHEMBL224435'
     404   1/0     1/0     1/0     1/0     2/0     2/0     2/0     2/0   'CHEMBL225493'
     405   1/0     1/0     1/0     1/0     3/0     3/0     3/0     3/0   'CHEMBL226396'
     406   1/0     1/0     1/0     1/0     2/0     2/0     2/0     2/0   'CHEMBL226771'
     407   1/0     1/0     1/0     1/0     1/0     1/0     1/0     1/0   'CHEMBL227089'
     408   1/0     1/0     1/0     1/0     1/0     1/0     1/0     1/0   'CHEMBL227356'
     409   1/0     1/0     1/0     1/0     2/0     2/0     2/0     2/0   'CHEMBL227418'
     410   1/0     1/0     1/0     1/0     1/0     1/0     1/0     1/0   'CHEMBL227464'
     411   1/0     1/0     1/0     1/0     2/0     2/0     2/0     2/0   'CHEMBL227482'
     412   1/0     1/0     1/0     1/0     3/0     3/0     3/0     3/0   'CHEMBL227615'
     413   1/0     1/0     1/0     1/0     1/0     1/0     1/0     1/0   'CHEMBL227670'
     414   1/0     1/0     1/0     1/0     1/0     1/0     1/0     1/0   'CHEMBL227676'
     415   1/0     1/0     1/0     1/0     3/0     3/0     3/0     3/0   'CHEMBL227737'
     416   1/0     1/0     1/0     1/0     2/0     2/0     2/0     2/0   'CHEMBL227800'
     417   1/0     1/0     1/0     1/0     1/0     1/0     1/0     1/0   'CHEMBL227954'
     418   1/0     1/0     1/0     1/0     1/0     1/0     1/0     1/0   'CHEMBL228004'
     419   1/0     1/0     1/0     1/0     3/0     3/0     3/0     3/0   'CHEMBL228021'
     420   1/0     1/0     1/0     1/0     2/0     2/0     2/0     2/0   'CHEMBL228032'
     421   1/0     1/0     1/0     1/0     2/0     2/0     2/0     2/0   'CHEMBL228243'
     422   1/0     1/0     1/0     1/0     2/0     2/0     2/0     2/0   'CHEMBL230095'
     423   1/0     1/0     1/0     1/0     2/0     2/0     2/0     2/0   'CHEMBL230282'
     424   1/0     1/0     1/0     1/0     2/0     2/0     2/0     2/0   'CHEMBL230283'
     425   1/0     1/0     1/0     1/0     2/0     2/0     2/0     2/0   'CHEMBL230340'
     426   1/0     1/0     1/0     1/0     2/0     2/0     2/0     2/0   'CHEMBL230341'
     427   1/0     1/0     1/0     1/0     2/0     2/0     2/0     2/0   'CHEMBL230342'
     428   1/0     1/0     1/0     1/0     2/0     2/0     2/0     2/0   'CHEMBL230387'
     429   1/0     1/0     1/0     1/0     2/0     2/0     2/0     2/0   'CHEMBL230388'
     430   1/0     1/0     1/0     1/0     2/0     2/0     2/0     2/0   'CHEMBL230389'
     431   1/0     1/0     1/0     1/0     2/0     2/0     2/0     2/0   'CHEMBL230449'
     432   1/0     1/0     1/0     1/0     2/0     2/0     2/0     2/0   'CHEMBL230495'
     433   1/0     1/0     1/0     1/0     2/0     2/0     2/0     2/0   'CHEMBL230496'
     434   1/0     1/0     1/0     1/0     2/0     2/0     2/0     2/0   'CHEMBL230497'
     435   1/0     1/0     1/0     1/0     2/0     2/0     2/0     2/0   'CHEMBL230601'
     436   1/0     1/0     1/0     1/0     2/0     2/0     2/0     2/0   'CHEMBL230602'
     437   1/0     1/0     1/0     1/0     2/0     2/0     2/0     2/0   'CHEMBL230603'
     438   1/0     1/0     1/0     1/0     2/0     2/0     2/0     2/0   'CHEMBL230840'
     439   1/0     1/0     1/0     1/0     2/0     2/0     2/0     2/0   'CHEMBL230883'
     440   1/0     1/0     1/0     1/0     2/0     2/0     2/0     2/0   'CHEMBL230937'
     441   1/0     1/0     1/0     1/0     2/0     2/0     2/0     2/0   'CHEMBL230938'
     442   1/0     1/0     1/0     1/0     3/0     3/0     3/0     3/0   'CHEMBL230984'
     443   1/0     1/0     1/0     1/0     2/0     2/0     2/0     2/0   'CHEMBL230985'
     444   1/0     1/0     1/0     1/0     2/0     2/0     2/0     2/0   'CHEMBL231009'
     445   1/0     1/0     1/0     1/0     2/0     2/0     2/0     2/0   'CHEMBL231010'
     446   1/0     1/0     1/0     1/0     2/0     2/0     2/0     2/0   'CHEMBL231011'
     447   1/0     1/0     1/0     1/0     2/0     2/0     2/0     2/0   'CHEMBL231050'
     448   1/0     1/0     1/0     1/0     2/0     2/0     2/0     2/0   'CHEMBL231090'
     449   1/0     1/0     1/0     1/0     2/0     2/0     2/0     2/0   'CHEMBL231091'
     450   1/0     1/0     1/0     1/0     2/0     2/0     2/0     2/0   'CHEMBL231092'
# counts of output and dropped structures after processing steps
# index  htreat  desalt  neutra   guard   epik   stereo    cgx   filter  title
     451   1/0     1/0     1/0     1/0     2/0     2/0     2/0     2/0   'CHEMBL231117'
     452   1/0     1/0     1/0     1/0     2/0     2/0     2/0     2/0   'CHEMBL231151'
     453   1/0     1/0     1/0     1/0     2/0     2/0     2/0     2/0   'CHEMBL231194'
     454   1/0     1/0     1/0     1/0     2/0     2/0     2/0     2/0   'CHEMBL231195'
     455   1/0     1/0     1/0     1/0     2/0     2/0     2/0     2/0   'CHEMBL231196'
     456   1/0     1/0     1/0     1/0     2/0     2/0     2/0     2/0   'CHEMBL231294'
     457   1/0     1/0     1/0     1/0     2/0     2/0     2/0     2/0   'CHEMBL231396'
     458   1/0     1/0     1/0     1/0     2/0     2/0     2/0     2/0   'CHEMBL231496'
     459   1/0     1/0     1/0     1/0     2/0     2/0     2/0     2/0   'CHEMBL231497'
     460   1/0     1/0     1/0     1/0     2/0     2/0     2/0     2/0   'CHEMBL231551'
     461   1/0     1/0     1/0     1/0     2/0     2/0     2/0     2/0   'CHEMBL231552'
     462   1/0     1/0     1/0     1/0     2/0     2/0     2/0     2/0   'CHEMBL231653'
     463   1/0     1/0     1/0     1/0     2/0     2/0     2/0     2/0   'CHEMBL231654'
     464   1/0     1/0     1/0     1/0     2/0     2/0     2/0     2/0   'CHEMBL231697'
     465   1/0     1/0     1/0     1/0     2/0     2/0     2/0     2/0   'CHEMBL231698'
     466   1/0     1/0     1/0     1/0     2/0     2/0     2/0     2/0   'CHEMBL232103'
     467   1/0     1/0     1/0     1/0     2/0     2/0     2/0     2/0   'CHEMBL232111'
     468   1/0     1/0     1/0     1/0     2/0     2/0     2/0     2/0   'CHEMBL232153'
     469   1/0     1/0     1/0     1/0     2/0     2/0     2/0     2/0   'CHEMBL232185'
     470   1/0     1/0     1/0     1/0     1/0     1/0     1/0     1/0   'CHEMBL232191'
     471   1/0     1/0     1/0     1/0     2/0     2/0     2/0     2/0   'CHEMBL232262'
     472   1/0     1/0     1/0     1/0     2/0     2/0     2/0     2/0   'CHEMBL232311'
     473   1/0     1/0     1/0     1/0     2/0     2/0     2/0     2/0   'CHEMBL232315'
     474   1/0     1/0     1/0     1/0     2/0     2/0     2/0     2/0   'CHEMBL232316'
     475   1/0     1/0     1/0     1/0     2/0     2/0     2/0     2/0   'CHEMBL232570'
     476   1/0     1/0     1/0     1/0     2/0     2/0     2/0     2/0   'CHEMBL232571'
     477   1/0     1/0     1/0     1/0     2/0     2/0     2/0     2/0   'CHEMBL232572'
     478   1/0     1/0     1/0     1/0     2/0     2/0     2/0     2/0   'CHEMBL232586'
     479   1/0     1/0     1/0     1/0     3/0     3/0     3/0     3/0   'CHEMBL232595'
     480   1/0     1/0     1/0     1/0     2/0     2/0     2/0     2/0   'CHEMBL232648'
     481   1/0     1/0     1/0     1/0     2/0     2/0     2/0     2/0   'CHEMBL232716'
     482   1/0     1/0     1/0     1/0     2/0     2/0     2/0     2/0   'CHEMBL232725'
     483   1/0     1/0     1/0     1/0     2/0     2/0     2/0     2/0   'CHEMBL232759'
     484   1/0     1/0     1/0     1/0     2/0     2/0     2/0     2/0   'CHEMBL232845'
     485   1/0     1/0     1/0     1/0     2/0     2/0     2/0     2/0   'CHEMBL232914'
     486   1/0     1/0     1/0     1/0     2/0     2/0     2/0     2/0   'CHEMBL232919'
     487   1/0     1/0     1/0     1/0     2/0     2/0     2/0     2/0   'CHEMBL232920'
     488   1/0     1/0     1/0     1/0     2/0     2/0     2/0     2/0   'CHEMBL233058'
     489   1/0     1/0     1/0     1/0     2/0     2/0     2/0     2/0   'CHEMBL233127'
     490   1/0     1/0     1/0     1/0     2/0     2/0     2/0     2/0   'CHEMBL233136'
     491   1/0     1/0     1/0     1/0     2/0     2/0     2/0     2/0   'CHEMBL233337'
     492   1/0     1/0     1/0     1/0     1/0     1/0     1/0     1/0   'CHEMBL233360'
     493   1/0     1/0     1/0     1/0     2/0     2/0     2/0     2/0   'CHEMBL233472'
     494   1/0     1/0     1/0     1/0     2/0     2/0     2/0     2/0   'CHEMBL233474'
     495   1/0     1/0     1/0     1/0     3/0     3/0     3/0     3/0   'CHEMBL233563'
     496   1/0     1/0     1/0     1/0     3/0     3/0     3/0     3/0   'CHEMBL233564'
     497   1/0     1/0     1/0     1/0     2/0     2/0     2/0     2/0   'CHEMBL233684'
     498   1/0     1/0     1/0     1/0     2/0     2/0     2/0     2/0   'CHEMBL233685'
     499   1/0     1/0     1/0     1/0     2/0     2/0     2/0     2/0   'CHEMBL233686'
     500   1/0     1/0     1/0     1/0     2/0     2/0     2/0     2/0   'CHEMBL233891'
# counts of output and dropped structures after processing steps
# index  htreat  desalt  neutra   guard   epik   stereo    cgx   filter  title
     501   1/0     1/0     1/0     1/0     2/0     2/0     2/0     2/0   'CHEMBL233996'
     502   1/0     1/0     1/0     1/0     2/0     2/0     2/0     2/0   'CHEMBL234045'
     503   1/0     1/0     1/0     1/0     3/0     3/0     3/0     3/0   'CHEMBL234046'
     504   1/0     1/0     1/0     1/0     3/0     3/0     3/0     3/0   'CHEMBL234047'
     505   1/0     1/0     1/0     1/0     2/0     2/0     2/0     2/0   'CHEMBL234048'
     506   1/0     1/0     1/0     1/0     2/0     2/0     2/0     2/0   'CHEMBL234158'
     507   1/0     1/0     1/0     1/0     2/0     2/0     2/0     2/0   'CHEMBL234163'
     508   1/0     1/0     1/0     1/0     2/0     2/0     2/0     2/0   'CHEMBL234233'
     509   1/0     1/0     1/0     1/0     2/0     2/0     2/0     2/0   'CHEMBL234238'
     510   1/0     1/0     1/0     1/0     2/0     2/0     2/0     2/0   'CHEMBL234356'
     511   1/0     1/0     1/0     1/0     2/0     2/0     2/0     2/0   'CHEMBL234373'
     512   1/0     1/0     1/0     1/0     1/0     1/0     1/0     1/0   'CHEMBL234412'
     513   1/0     1/0     1/0     1/0     3/0     3/0     3/0     3/0   'CHEMBL234413'
     514   1/0     1/0     1/0     1/0     1/0     1/0     1/0     1/0   'CHEMBL234414'
     515   1/0     1/0     1/0     1/0     2/0     2/0     2/0     2/0   'CHEMBL234426'
     516   1/0     1/0     1/0     1/0     3/0     3/0     3/0     3/0   'CHEMBL234430'
     517   1/0     1/0     1/0     1/0     2/0     2/0     2/0     2/0   'CHEMBL234431'
     518   1/0     1/0     1/0     1/0     2/0     2/0     2/0     2/0   'CHEMBL234610'
     519   1/0     1/0     1/0     1/0     2/0     2/0     2/0     2/0   'CHEMBL234611'
     520   1/0     1/0     1/0     1/0     2/0     2/0     2/0     2/0   'CHEMBL234613'
     521   1/0     1/0     1/0     1/0     2/0     2/0     2/0     2/0   'CHEMBL234614'
     522   1/0     1/0     1/0     1/0     2/0     2/0     2/0     2/0   'CHEMBL234615'
     523   1/0     1/0     1/0     1/0     2/0     2/0     2/0     2/0   'CHEMBL234635'
     524   1/0     1/0     1/0     1/0     2/0     2/0     2/0     2/0   'CHEMBL234911'
     525   1/0     1/0     1/0     1/0     2/0     2/0     2/0     2/0   'CHEMBL235004'
     526   1/0     1/0     1/0     1/0     2/0     2/0     2/0     2/0   'CHEMBL235120'
     527   1/0     1/0     1/0     1/0     2/0     2/0     2/0     2/0   'CHEMBL235133'
     528   1/0     1/0     1/0     1/0     2/0     2/0     2/0     2/0   'CHEMBL235134'
     529   1/0     1/0     1/0     1/0     2/0     2/0     2/0     2/0   'CHEMBL235198'
     530   1/0     1/0     1/0     1/0     2/0     2/0     2/0     2/0   'CHEMBL235199'
     531   1/0     1/0     1/0     1/0     2/0     2/0     2/0     2/0   'CHEMBL235201'
     532   1/0     1/0     1/0     1/0     2/0     2/0     2/0     2/0   'CHEMBL235223'
     533   1/0     1/0     1/0     1/0     2/0     2/0     2/0     2/0   'CHEMBL235352'
     534   1/0     1/0     1/0     1/0     2/0     2/0     2/0     2/0   'CHEMBL235792'
     535   1/0     1/0     1/0     1/0     2/0     2/0     2/0     2/0   'CHEMBL236084'
     536   1/0     1/0     1/0     1/0     2/0     2/0     2/0     2/0   'CHEMBL236085'
     537   1/0     1/0     1/0     1/0     3/0     3/0     3/0     3/0   'CHEMBL236507'
     538   1/0     1/0     1/0     1/0     2/0     2/0     2/0     2/0   'CHEMBL236508'
     539   1/0     1/0     1/0     1/0     2/0     2/0     2/0     2/0   'CHEMBL236586'
     540   1/0     1/0     1/0     1/0     5/0     5/0     5/0     5/0   'CHEMBL236602'
     541   1/0     1/0     1/0     1/0     2/0     2/0     2/0     2/0   'CHEMBL236705'
     542   1/0     1/0     1/0     1/0     2/0     2/0     2/0     2/0   'CHEMBL236706'
     543   1/0     1/0     1/0     1/0     2/0     2/0     2/0     2/0   'CHEMBL236707'
     544   1/0     1/0     1/0     1/0     2/0     2/0     2/0     2/0   'CHEMBL236714'
     545   1/0     1/0     1/0     1/0     2/0     2/0     2/0     2/0   'CHEMBL236719'
     546   1/0     1/0     1/0     1/0     2/0     2/0     2/0     2/0   'CHEMBL236922'
     547   1/0     1/0     1/0     1/0     2/0     2/0     2/0     2/0   'CHEMBL236923'
     548   1/0     1/0     1/0     1/0     1/0     1/0     1/0     1/0   'CHEMBL237067'
     549   1/0     1/0     1/0     1/0     2/0     2/0     2/0     2/0   'CHEMBL237119'
     550   1/0     1/0     1/0     1/0     2/0     2/0     2/0     2/0   'CHEMBL237151'
# counts of output and dropped structures after processing steps
# index  htreat  desalt  neutra   guard   epik   stereo    cgx   filter  title
     551   1/0     1/0     1/0     1/0     2/0     2/0     2/0     2/0   'CHEMBL237152'
     552   1/0     1/0     1/0     1/0     1/0     1/0     1/0     1/0   'CHEMBL237279'
     553   1/0     1/0     1/0     1/0     1/0     1/0     1/0     1/0   'CHEMBL237280'
     554   1/0     1/0     1/0     1/0     1/0     1/0     1/0     1/0   'CHEMBL237281'
     555   1/0     1/0     1/0     1/0     1/0     1/0     1/0     1/0   'CHEMBL237287'
     556   1/0     1/0     1/0     1/0     1/0     1/0     1/0     1/0   'CHEMBL237288'
     557   1/0     1/0     1/0     1/0     2/0     2/0     2/0     2/0   'CHEMBL237336'
     558   1/0     1/0     1/0     1/0     2/0     2/0     2/0     2/0   'CHEMBL237337'
     559   1/0     1/0     1/0     1/0     2/0     2/0     2/0     2/0   'CHEMBL237341'
     560   1/0     1/0     1/0     1/0     2/0     2/0     2/0     2/0   'CHEMBL237342'
     561   1/0     1/0     1/0     1/0     2/0     2/0     2/0     2/0   'CHEMBL237343'
     562   1/0     1/0     1/0     1/0     1/0     1/0     1/0     1/0   'CHEMBL237488'
     563   1/0     1/0     1/0     1/0     2/0     2/0     2/0     2/0   'CHEMBL237499'
     564   1/0     1/0     1/0     1/0     1/0     1/0     1/0     1/0   'CHEMBL237500'
     565   1/0     1/0     1/0     1/0     2/0     2/0     2/0     2/0   'CHEMBL237547'
     566   1/0     1/0     1/0     1/0     2/0     2/0     2/0     2/0   'CHEMBL237566'
     567   1/0     1/0     1/0     1/0     3/0     3/0     3/0     3/0   'CHEMBL237567'
     568   1/0     1/0     1/0     1/0     3/0     3/0     3/0     3/0   'CHEMBL237568'
     569   1/0     1/0     1/0     1/0     3/0     3/0     3/0     3/0   'CHEMBL237569'
     570   1/0     1/0     1/0     1/0     2/0     2/0     2/0     2/0   'CHEMBL237658'
     571   1/0     1/0     1/0     1/0     2/0     2/0     2/0     2/0   'CHEMBL237673'
     572   1/0     1/0     1/0     1/0     2/0     2/0     2/0     2/0   'CHEMBL237758'
     573   1/0     1/0     1/0     1/0     2/0     2/0     2/0     2/0   'CHEMBL237783'
     574   1/0     1/0     1/0     1/0     2/0     2/0     2/0     2/0   'CHEMBL237785'
     575   1/0     1/0     1/0     1/0     2/0     2/0     2/0     2/0   'CHEMBL237786'
     576   1/0     1/0     1/0     1/0     2/0     2/0     2/0     2/0   'CHEMBL237972'
     577   1/0     1/0     1/0     1/0     2/0     2/0     2/0     2/0   'CHEMBL237997'
     578   1/0     1/0     1/0     1/0     2/0     2/0     2/0     2/0   'CHEMBL238190'
     579   1/0     1/0     1/0     1/0     2/0     2/0     2/0     2/0   'CHEMBL238191'
     580   1/0     1/0     1/0     1/0     3/0     3/0     3/0     3/0   'CHEMBL238507'
     581   1/0     1/0     1/0     1/0     3/0     3/0     3/0     3/0   'CHEMBL238515'
     582   1/0     1/0     1/0     1/0     3/0     3/0     3/0     3/0   'CHEMBL238516'
     583   1/0     1/0     1/0     1/0     3/0     3/0     3/0     3/0   'CHEMBL239564'
     584   1/0     1/0     1/0     1/0     3/0     3/0     3/0     3/0   'CHEMBL239565'
     585   1/0     1/0     1/0     1/0     3/0     3/0     3/0     3/0   'CHEMBL239983'
     586   1/0     1/0     1/0     1/0     3/0     3/0     3/0     3/0   'CHEMBL239984'
     587   1/0     1/0     1/0     1/0     3/0     3/0     3/0     3/0   'CHEMBL240601'
     588   1/0     1/0     1/0     1/0     5/0     5/0     5/0     5/0   'CHEMBL240602'
     589   1/0     1/0     1/0     1/0     3/0     3/0     3/0     3/0   'CHEMBL241245'
     590   1/0     1/0     1/0     1/0     3/0     3/0     3/0     3/0   'CHEMBL241246'
     591   1/0     1/0     1/0     1/0     3/0     3/0     3/0     3/0   'CHEMBL241252'
     592   1/0     1/0     1/0     1/0     3/0     3/0     3/0     3/0   'CHEMBL241253'
     593   1/0     1/0     1/0     1/0     3/0     3/0     3/0     3/0   'CHEMBL241464'
     594   1/0     1/0     1/0     1/0     2/0     2/0     2/0     2/0   'CHEMBL241673'
     595   1/0     1/0     1/0     1/0     2/0     2/0     2/0     2/0   'CHEMBL241674'
     596   1/0     1/0     1/0     1/0     2/0     2/0     2/0     2/0   'CHEMBL242492'
     597   1/0     1/0     1/0     1/0     2/0     2/0     2/0     2/0   'CHEMBL242811'
     598   1/0     1/0     1/0     1/0     2/0     2/0     2/0     2/0   'CHEMBL242813'
     599   1/0     1/0     1/0     1/0     2/0     2/0     2/0     2/0   'CHEMBL242985'
     600   1/0     1/0     1/0     1/0     2/0     2/0     2/0     2/0   'CHEMBL242987'
# counts of output and dropped structures after processing steps
# index  htreat  desalt  neutra   guard   epik   stereo    cgx   filter  title
     601   1/0     1/0     1/0     1/0     2/0     2/0     2/0     2/0   'CHEMBL243227'
     602   1/0     1/0     1/0     1/0     2/0     2/0     2/0     2/0   'CHEMBL243230'
     603   1/0     1/0     1/0     1/0     2/0     2/0     2/0     2/0   'CHEMBL243231'
     604   1/0     1/0     1/0     1/0     2/0     2/0     2/0     2/0   'CHEMBL243798'
     605   1/0     1/0     1/0     1/0     2/0     2/0     2/0     2/0   'CHEMBL243799'
     606   1/0     1/0     1/0     1/0     2/0     2/0     2/0     2/0   'CHEMBL243800'
     607   1/0     1/0     1/0     1/0     2/0     2/0     2/0     2/0   'CHEMBL243872'
     608   1/0     1/0     1/0     1/0     2/0     2/0     2/0     2/0   'CHEMBL244008'
     609   1/0     1/0     1/0     1/0     2/0     2/0     2/0     2/0   'CHEMBL244009'
     610   1/0     1/0     1/0     1/0     2/0     2/0     2/0     2/0   'CHEMBL244010'
     611   1/0     1/0     1/0     1/0     2/0     2/0     2/0     2/0   'CHEMBL244843'
     612   1/0     1/0     1/0     1/0     2/0     2/0     2/0     2/0   'CHEMBL245059'
     613   1/0     1/0     1/0     1/0     2/0     2/0     2/0     2/0   'CHEMBL245069'
     614   1/0     1/0     1/0     1/0     2/0     2/0     2/0     2/0   'CHEMBL245181'
     615   1/0     1/0     1/0     1/0     2/0     2/0     2/0     2/0   'CHEMBL245379'
     616   1/0     1/0     1/0     1/0     2/0     2/0     2/0     2/0   'CHEMBL245380'
     617   1/0     1/0     1/0     1/0     2/0     2/0     2/0     2/0   'CHEMBL245545'
     618   1/0     1/0     1/0     1/0     2/0     2/0     2/0     2/0   'CHEMBL245970'
     619   1/0     1/0     1/0     1/0     2/0     2/0     2/0     2/0   'CHEMBL245971'
     620   1/0     1/0     1/0     1/0     2/0     2/0     2/0     2/0   'CHEMBL246168'
     621   1/0     1/0     1/0     1/0     2/0     2/0     2/0     2/0   'CHEMBL246169'
     622   1/0     1/0     1/0     1/0     2/0     2/0     2/0     2/0   'CHEMBL246372'
     623   1/0     1/0     1/0     1/0     3/0     3/0     3/0     3/0   'CHEMBL248599'
     624   1/0     1/0     1/0     1/0     2/0     2/0     2/0     2/0   'CHEMBL248615'
     625   1/0     1/0     1/0     1/0     2/0     2/0     2/0     2/0   'CHEMBL248743'
     626   1/0     1/0     1/0     1/0     2/0     2/0     2/0     2/0   'CHEMBL248788'
     627   1/0     1/0     1/0     1/0     3/0     3/0     3/0     3/0   'CHEMBL248793'
     628   1/0     1/0     1/0     1/0     3/0     3/0     3/0     3/0   'CHEMBL248794'
     629   1/0     1/0     1/0     1/0     3/0     3/0     3/0     3/0   'CHEMBL248795'
     630   1/0     1/0     1/0     1/0     2/0     2/0     2/0     2/0   'CHEMBL248810'
     631   1/0     1/0     1/0     1/0     2/0     2/0     2/0     2/0   'CHEMBL248837'
     632   1/0     1/0     1/0     1/0     2/0     2/0     2/0     2/0   'CHEMBL248838'
     633   1/0     1/0     1/0     1/0     2/0     2/0     2/0     2/0   'CHEMBL248936'
     634   1/0     1/0     1/0     1/0     3/0     3/0     3/0     3/0   'CHEMBL248997'
     635   1/0     1/0     1/0     1/0     3/0     3/0     3/0     3/0   'CHEMBL249174'
     636   1/0     1/0     1/0     1/0     6/0     6/0     6/0     6/0   'CHEMBL249203'
     637   1/0     1/0     1/0     1/0     3/0     3/0     3/0     3/0   'CHEMBL249406'
     638   1/0     1/0     1/0     1/0     3/0     3/0     3/0     3/0   'CHEMBL249407'
     639   1/0     1/0     1/0     1/0     3/0     3/0     3/0     3/0   'CHEMBL249408'
     640   1/0     1/0     1/0     1/0     2/0     2/0     2/0     2/0   'CHEMBL249427'
     641   1/0     1/0     1/0     1/0     3/0     3/0     3/0     3/0   'CHEMBL249601'
     642   1/0     1/0     1/0     1/0     3/0     3/0     3/0     3/0   'CHEMBL249602'
     643   1/0     1/0     1/0     1/0     2/0     2/0     2/0     2/0   'CHEMBL249620'
     644   1/0     1/0     1/0     1/0     2/0     2/0     2/0     2/0   'CHEMBL249825'
     645   1/0     1/0     1/0     1/0     2/0     2/0     2/0     2/0   'CHEMBL249826'
     646   1/0     1/0     1/0     1/0     2/0     2/0     2/0     2/0   'CHEMBL249945'
     647   1/0     1/0     1/0     1/0     2/0     2/0     2/0     2/0   'CHEMBL250006'
     648   1/0     1/0     1/0     1/0     3/0     3/0     3/0     3/0   'CHEMBL250147'
     649   1/0     1/0     1/0     1/0     2/0     2/0     2/0     2/0   'CHEMBL250202'
     650   1/0     1/0     1/0     1/0     2/0     2/0     2/0     2/0   'CHEMBL250204'
# counts of output and dropped structures after processing steps
# index  htreat  desalt  neutra   guard   epik   stereo    cgx   filter  title
     651   1/0     1/0     1/0     1/0     3/0     3/0     3/0     3/0   'CHEMBL250283'
     652   1/0     1/0     1/0     1/0     2/0     2/0     2/0     2/0   'CHEMBL250351'
     653   1/0     1/0     1/0     1/0     2/0     2/0     2/0     2/0   'CHEMBL250353'
     654   1/0     1/0     1/0     1/0     3/0     3/0     3/0     3/0   'CHEMBL250393'
     655   1/0     1/0     1/0     1/0     3/0     3/0     3/0     3/0   'CHEMBL250399'
     656   1/0     1/0     1/0     1/0     3/0     3/0     3/0     3/0   'CHEMBL250400'
     657   1/0     1/0     1/0     1/0     3/0     3/0     3/0     3/0   'CHEMBL250611'
     658   1/0     1/0     1/0     1/0     3/0     3/0     3/0     3/0   'CHEMBL250620'
     659   1/0     1/0     1/0     1/0     2/0     2/0     2/0     2/0   'CHEMBL250787'
     660   1/0     1/0     1/0     1/0     3/0     3/0     3/0     3/0   'CHEMBL250852'
     661   1/0     1/0     1/0     1/0     2/0     2/0     2/0     2/0   'CHEMBL251205'
     662   1/0     1/0     1/0     1/0     2/0     2/0     2/0     2/0   'CHEMBL251376'
     663   1/0     1/0     1/0     1/0     2/0     2/0     2/0     2/0   'CHEMBL251404'
     664   1/0     1/0     1/0     1/0     2/0     2/0     2/0     2/0   'CHEMBL251405'
     665   1/0     1/0     1/0     1/0     2/0     2/0     2/0     2/0   'CHEMBL251958'
     666   1/0     1/0     1/0     1/0     2/0     2/0     2/0     2/0   'CHEMBL255491'
     667   1/0     1/0     1/0     1/0     4/0     4/0     4/0     4/0   'CHEMBL255492'
     668   1/0     1/0     1/0     1/0     2/0     2/0     2/0     2/0   'CHEMBL255517'
     669   1/0     1/0     1/0     1/0     2/0     2/0     2/0     2/0   'CHEMBL255552'
     670   1/0     1/0     1/0     1/0     4/0     4/0     4/0     4/0   'CHEMBL255554'
     671   1/0     1/0     1/0     1/0     2/0     2/0     2/0     2/0   'CHEMBL255709'
     672   1/0     1/0     1/0     1/0     2/0     2/0     2/0     2/0   'CHEMBL255769'
     673   1/0     1/0     1/0     1/0     2/0     2/0     2/0     2/0   'CHEMBL255862'
     674   1/0     1/0     1/0     1/0     1/0     1/0     1/0     1/0   'CHEMBL255864'
     675   1/0     1/0     1/0     1/0     1/0     1/0     1/0     1/0   'CHEMBL256121'
     676   1/0     1/0     1/0     1/0     2/0     2/0     2/0     2/0   'CHEMBL256252'
     677   1/0     1/0     1/0     1/0     2/0     2/0     2/0     2/0   'CHEMBL256266'
     678   1/0     1/0     1/0     1/0     2/0     2/0     2/0     2/0   'CHEMBL256521'
     679   1/0     1/0     1/0     1/0     2/0     2/0     2/0     2/0   'CHEMBL256624'
     680   1/0     1/0     1/0     1/0     2/0     2/0     2/0     2/0   'CHEMBL256625'
     681   1/0     1/0     1/0     1/0     2/0     2/0     2/0     2/0   'CHEMBL256691'
     682   1/0     1/0     1/0     1/0     1/0     1/0     1/0     1/0   'CHEMBL256729'
     683   1/0     1/0     1/0     1/0     2/0     2/0     2/0     2/0   'CHEMBL256826'
     684   1/0     1/0     1/0     1/0     2/0     2/0     2/0     2/0   'CHEMBL256871'
     685   1/0     1/0     1/0     1/0     1/0     1/0     1/0     1/0   'CHEMBL256928'
     686   1/0     1/0     1/0     1/0     1/0     1/0     1/0     1/0   'CHEMBL256929'
     687   1/0     1/0     1/0     1/0     1/0     1/0     1/0     1/0   'CHEMBL256969'
     688   1/0     1/0     1/0     1/0     2/0     2/0     2/0     2/0   'CHEMBL257036'
     689   1/0     1/0     1/0     1/0     2/0     2/0     2/0     2/0   'CHEMBL257308'
     690   1/0     1/0     1/0     1/0     1/0     1/0     1/0     1/0   'CHEMBL257376'
     691   1/0     1/0     1/0     1/0     2/0     2/0     2/0     2/0   'CHEMBL257589'
     692   1/0     1/0     1/0     1/0     3/0     3/0     3/0     3/0   'CHEMBL257636'
     693   1/0     1/0     1/0     1/0     2/0     2/0     2/0     2/0   'CHEMBL257653'
     694   1/0     1/0     1/0     1/0     2/0     2/0     2/0     2/0   'CHEMBL257709'
     695   1/0     1/0     1/0     1/0     2/0     2/0     2/0     2/0   'CHEMBL257742'
     696   1/0     1/0     1/0     1/0     3/0     3/0     3/0     3/0   'CHEMBL257795'
     697   1/0     1/0     1/0     1/0     2/0     2/0     2/0     2/0   'CHEMBL257852'
     698   1/0     1/0     1/0     1/0     2/0     2/0     2/0     2/0   'CHEMBL257999'
     699   1/0     1/0     1/0     1/0     2/0     2/0     2/0     2/0   'CHEMBL258101'
     700   1/0     1/0     1/0     1/0     2/0     2/0     2/0     2/0   'CHEMBL258288'
# counts of output and dropped structures after processing steps
# index  htreat  desalt  neutra   guard   epik   stereo    cgx   filter  title
     701   1/0     1/0     1/0     1/0     2/0     2/0     2/0     2/0   'CHEMBL259198'
     702   1/0     1/0     1/0     1/0     2/0     2/0     2/0     2/0   'CHEMBL260197'
     703   1/0     1/0     1/0     1/0     2/0     2/0     2/0     2/0   'CHEMBL260198'
     704   1/0     1/0     1/0     1/0     2/0     2/0     2/0     2/0   'CHEMBL260509'
     705   1/0     1/0     1/0     1/0     2/0     2/0     2/0     2/0   'CHEMBL260543'
     706   1/0     1/0     1/0     1/0     2/0     2/0     2/0     2/0   'CHEMBL260701'
     707   1/0     1/0     1/0     1/0     2/0     2/0     2/0     2/0   'CHEMBL260702'
     708   1/0     1/0     1/0     1/0     2/0     2/0     2/0     2/0   'CHEMBL261246'
     709   1/0     1/0     1/0     1/0     2/0     2/0     2/0     2/0   'CHEMBL261460'
     710   1/0     1/0     1/0     1/0     2/0     2/0     2/0     2/0   'CHEMBL261462'
     711   1/0     1/0     1/0     1/0     2/0     2/0     2/0     2/0   'CHEMBL261463'
     712   1/0     1/0     1/0     1/0     2/0     2/0     2/0     2/0   'CHEMBL263137'
     713   1/0     1/0     1/0     1/0     3/0     3/0     3/0     3/0   'CHEMBL263139'
     714   1/0     1/0     1/0     1/0     3/0     3/0     3/0     3/0   'CHEMBL264551'
     715   1/0     1/0     1/0     1/0     2/0     2/0     2/0     2/0   'CHEMBL269926'
     716   1/0     1/0     1/0     1/0     2/0     2/0     2/0     2/0   'CHEMBL269952'
     717   1/0     1/0     1/0     1/0     2/0     2/0     2/0     2/0   'CHEMBL269953'
     718   1/0     1/0     1/0     1/0     2/0     2/0     2/0     2/0   'CHEMBL269965'
     719   1/0     1/0     1/0     1/0     2/0     2/0     2/0     2/0   'CHEMBL270163'
     720   1/0     1/0     1/0     1/0     2/0     2/0     2/0     2/0   'CHEMBL270365'
     721   1/0     1/0     1/0     1/0     2/0     2/0     2/0     2/0   'CHEMBL270395'
     722   1/0     1/0     1/0     1/0     2/0     2/0     2/0     2/0   'CHEMBL271062'
     723   1/0     1/0     1/0     1/0     2/0     2/0     2/0     2/0   'CHEMBL271444'
     724   1/0     1/0     1/0     1/0     2/0     2/0     2/0     2/0   'CHEMBL271694'
     725   1/0     1/0     1/0     1/0     3/0     3/0     3/0     3/0   'CHEMBL271870'
     726   1/0     1/0     1/0     1/0     2/0     2/0     2/0     2/0   'CHEMBL272079'
     727   1/0     1/0     1/0     1/0     2/0     2/0     2/0     2/0   'CHEMBL272114'
     728   1/0     1/0     1/0     1/0     2/0     2/0     2/0     2/0   'CHEMBL272771'
     729   1/0     1/0     1/0     1/0     3/0     3/0     3/0     3/0   'CHEMBL273206'
     730   1/0     1/0     1/0     1/0     2/0     2/0     2/0     2/0   'CHEMBL273209'
     731   1/0     1/0     1/0     1/0     2/0     2/0     2/0     2/0   'CHEMBL273851'
     732   1/0     1/0     1/0     1/0     2/0     2/0     2/0     2/0   'CHEMBL274103'
     733   1/0     1/0     1/0     1/0     2/0     2/0     2/0     2/0   'CHEMBL274740'
     734   1/0     1/0     1/0     1/0     2/0     2/0     2/0     2/0   'CHEMBL274770'
     735   1/0     1/0     1/0     1/0     1/0     1/0     1/0     1/0   'CHEMBL275638'
     736   1/0     1/0     1/0     1/0     2/0     2/0     2/0     2/0   'CHEMBL276884'
     737   1/0     1/0     1/0     1/0     2/0     2/0     2/0     2/0   'CHEMBL277193'
     738   1/0     1/0     1/0     1/0     2/0     2/0     2/0     2/0   'CHEMBL277635'
     739   1/0     1/0     1/0     1/0     2/0     2/0     2/0     2/0   'CHEMBL277693'
     740   1/0     1/0     1/0     1/0     2/0     2/0     2/0     2/0   'CHEMBL278393'
     741   1/0     1/0     1/0     1/0     2/0     2/0     2/0     2/0   'CHEMBL278558'
     742   1/0     1/0     1/0     1/0     2/0     2/0     2/0     2/0   'CHEMBL278729'
     743   1/0     1/0     1/0     1/0     2/0     2/0     2/0     2/0   'CHEMBL279944'
     744   1/0     1/0     1/0     1/0     2/0     2/0     2/0     2/0   'CHEMBL280658'
     745   1/0     1/0     1/0     1/0     2/0     2/0     2/0     2/0   'CHEMBL281178'
     746   1/0     1/0     1/0     1/0     2/0     2/0     2/0     2/0   'CHEMBL281561'
     747   1/0     1/0     1/0     1/0     2/0     2/0     2/0     2/0   'CHEMBL283309'
     748   1/0     1/0     1/0     1/0     2/0     2/0     2/0     2/0   'CHEMBL283368'
     749   1/0     1/0     1/0     1/0     1/0     1/0     1/0     1/0   'CHEMBL283880'
     750   1/0     1/0     1/0     1/0     3/0     3/0     3/0     3/0   'CHEMBL288207'
# counts of output and dropped structures after processing steps
# index  htreat  desalt  neutra   guard   epik   stereo    cgx   filter  title
     751   1/0     1/0     1/0     1/0     2/0     2/0     2/0     2/0   'CHEMBL289562'
     752   1/0     1/0     1/0     1/0     1/0     1/0     1/0     1/0   'CHEMBL289580'
     753   1/0     1/0     1/0     1/0     2/0     2/0     2/0     2/0   'CHEMBL290598'
     754   1/0     1/0     1/0     1/0     2/0     2/0     2/0     2/0   'CHEMBL291428'
     755   1/0     1/0     1/0     1/0     2/0     2/0     2/0     2/0   'CHEMBL292342'
     756   1/0     1/0     1/0     1/0     5/0     5/0     5/0     5/0   'CHEMBL303131'
     757   1/0     1/0     1/0     1/0     2/0     2/0     2/0     2/0   'CHEMBL304007'
     758   1/0     1/0     1/0     1/0     2/0     2/0     2/0     2/0   'CHEMBL305170'
     759   1/0     1/0     1/0     1/0     2/0     2/0     2/0     2/0   'CHEMBL307636'
     760   1/0     1/0     1/0     1/0     2/0     2/0     2/0     2/0   'CHEMBL313423'
     761   1/0     1/0     1/0     1/0     2/0     2/0     2/0     2/0   'CHEMBL313952'
     762   1/0     1/0     1/0     1/0     1/0     1/0     1/0     1/0   'CHEMBL315471'
     763   1/0     1/0     1/0     1/0     2/0     2/0     2/0     2/0   'CHEMBL316487'
     764   1/0     1/0     1/0     1/0     2/0     2/0     2/0     2/0   'CHEMBL316832'
     765   1/0     1/0     1/0     1/0     2/0     2/0     2/0     2/0   'CHEMBL317126'
     766   1/0     1/0     1/0     1/0     3/0     3/0     3/0     3/0   'CHEMBL317312'
     767   1/0     1/0     1/0     1/0     2/0     2/0     2/0     2/0   'CHEMBL317787'
     768   1/0     1/0     1/0     1/0     5/0     5/0     5/0     5/0   'CHEMBL317944'
     769   1/0     1/0     1/0     1/0     4/0     4/0     4/0     4/0   'CHEMBL317949'
     770   1/0     1/0     1/0     1/0     2/0     2/0     2/0     2/0   'CHEMBL318511'
     771   1/0     1/0     1/0     1/0     2/0     2/0     2/0     2/0   'CHEMBL318612'
     772   1/0     1/0     1/0     1/0     2/0     2/0     2/0     2/0   'CHEMBL318670'
     773   1/0     1/0     1/0     1/0     2/0     2/0     2/0     2/0   'CHEMBL318775'
     774   1/0     1/0     1/0     1/0     2/0     2/0     2/0     2/0   'CHEMBL319080'
     775   1/0     1/0     1/0     1/0     4/0     4/0     4/0     4/0   'CHEMBL319350'
     776   1/0     1/0     1/0     1/0     2/0     2/0     2/0     2/0   'CHEMBL319514'
     777   1/0     1/0     1/0     1/0     2/0     2/0     2/0     2/0   'CHEMBL319798'
     778   1/0     1/0     1/0     1/0     2/0     2/0     2/0     2/0   'CHEMBL320143'
     779   1/0     1/0     1/0     1/0     3/0     3/0     3/0     3/0   'CHEMBL320672'
     780   1/0     1/0     1/0     1/0     2/0     2/0     2/0     2/0   'CHEMBL321509'
     781   1/0     1/0     1/0     1/0     1/0     1/0     1/0     1/0   'CHEMBL321724'
     782   1/0     1/0     1/0     1/0     2/0     2/0     2/0     2/0   'CHEMBL322903'
     783   1/0     1/0     1/0     1/0     2/0     2/0     2/0     2/0   'CHEMBL323129'
     784   1/0     1/0     1/0     1/0     2/0     2/0     2/0     2/0   'CHEMBL323130'
     785   1/0     1/0     1/0     1/0     4/0     4/0     4/0     4/0   'CHEMBL324777'
     786   1/0     1/0     1/0     1/0     2/0     2/0     2/0     2/0   'CHEMBL327166'
     787   1/0     1/0     1/0     1/0     2/0     2/0     2/0     2/0   'CHEMBL327264'
     788   1/0     1/0     1/0     1/0     4/0     4/0     4/0     4/0   'CHEMBL327499'
     789   1/0     1/0     1/0     1/0     4/0     4/0     4/0     4/0   'CHEMBL328197'
     790   1/0     1/0     1/0     1/0     2/0     2/0     2/0     2/0   'CHEMBL328613'
     791   1/0     1/0     1/0     1/0     2/0     2/0     2/0     2/0   'CHEMBL328694'
     792   1/0     1/0     1/0     1/0     2/0     2/0     2/0     2/0   'CHEMBL328794'
     793   1/0     1/0     1/0     1/0     2/0     2/0     2/0     2/0   'CHEMBL328795'
     794   1/0     1/0     1/0     1/0     2/0     2/0     2/0     2/0   'CHEMBL328994'
     795   1/0     1/0     1/0     1/0     2/0     2/0     2/0     2/0   'CHEMBL329282'
     796   1/0     1/0     1/0     1/0     4/0     4/0     4/0     4/0   'CHEMBL329314'
     797   1/0     1/0     1/0     1/0     4/0     4/0     4/0     4/0   'CHEMBL329581'
     798   1/0     1/0     1/0     1/0     2/0     2/0     2/0     2/0   'CHEMBL329909'
     799   1/0     1/0     1/0     1/0     2/0     2/0     2/0     2/0   'CHEMBL330326'
     800   1/0     1/0     1/0     1/0     2/0     2/0     2/0     2/0   'CHEMBL330373'
# counts of output and dropped structures after processing steps
# index  htreat  desalt  neutra   guard   epik   stereo    cgx   filter  title
     801   1/0     1/0     1/0     1/0     2/0     2/0     2/0     2/0   'CHEMBL330426'
     802   1/0     1/0     1/0     1/0     4/0     4/0     4/0     4/0   'CHEMBL330600'
     803   1/0     1/0     1/0     1/0     2/0     2/0     2/0     2/0   'CHEMBL330623'
     804   1/0     1/0     1/0     1/0     2/0     2/0     2/0     2/0   'CHEMBL330670'
     805   1/0     1/0     1/0     1/0     2/0     2/0     2/0     2/0   'CHEMBL330717'
     806   1/0     1/0     1/0     1/0     2/0     2/0     2/0     2/0   'CHEMBL331950'
     807   1/0     1/0     1/0     1/0     2/0     2/0     2/0     2/0   'CHEMBL343650'
     808   1/0     1/0     1/0     1/0     2/0     2/0     2/0     2/0   'CHEMBL345319'
     809   1/0     1/0     1/0     1/0     2/0     2/0     2/0     2/0   'CHEMBL346877'
     810   1/0     1/0     1/0     1/0     2/0     2/0     2/0     2/0   'CHEMBL348246'
     811   1/0     1/0     1/0     1/0     2/0     2/0     2/0     2/0   'CHEMBL352343'
     812   1/0     1/0     1/0     1/0     2/0     2/0     2/0     2/0   'CHEMBL352354'
     813   1/0     1/0     1/0     1/0     2/0     2/0     2/0     2/0   'CHEMBL352402'
     814   1/0     1/0     1/0     1/0     2/0     2/0     2/0     2/0   'CHEMBL352520'
     815   1/0     1/0     1/0     1/0     2/0     2/0     2/0     2/0   'CHEMBL352548'
     816   1/0     1/0     1/0     1/0     2/0     2/0     2/0     2/0   'CHEMBL352632'
     817   1/0     1/0     1/0     1/0     2/0     2/0     2/0     2/0   'CHEMBL352737'
     818   1/0     1/0     1/0     1/0     2/0     2/0     2/0     2/0   'CHEMBL353590'
     819   1/0     1/0     1/0     1/0     2/0     2/0     2/0     2/0   'CHEMBL353840'
     820   1/0     1/0     1/0     1/0     2/0     2/0     2/0     2/0   'CHEMBL354576'
     821   1/0     1/0     1/0     1/0     2/0     2/0     2/0     2/0   'CHEMBL354936'
     822   1/0     1/0     1/0     1/0     2/0     2/0     2/0     2/0   'CHEMBL355051'
     823   1/0     1/0     1/0     1/0     2/0     2/0     2/0     2/0   'CHEMBL355203'
     824   1/0     1/0     1/0     1/0     2/0     2/0     2/0     2/0   'CHEMBL355244'
     825   1/0     1/0     1/0     1/0     2/0     2/0     2/0     2/0   'CHEMBL355248'
     826   1/0     1/0     1/0     1/0     2/0     2/0     2/0     2/0   'CHEMBL355479'
     827   1/0     1/0     1/0     1/0     2/0     2/0     2/0     2/0   'CHEMBL355716'
     828   1/0     1/0     1/0     1/0     3/0     3/0     3/0     3/0   'CHEMBL356207'
     829   1/0     1/0     1/0     1/0     2/0     2/0     2/0     2/0   'CHEMBL357606'
     830   1/0     1/0     1/0     1/0     2/0     2/0     2/0     2/0   'CHEMBL359759'
     831   1/0     1/0     1/0     1/0     2/0     2/0     2/0     2/0   'CHEMBL360396'
     832   1/0     1/0     1/0     1/0     3/0     3/0     3/0     3/0   'CHEMBL360488'
     833   1/0     1/0     1/0     1/0     2/0     2/0     2/0     2/0   'CHEMBL361235'
     834   1/0     1/0     1/0     1/0     2/0     2/0     2/0     2/0   'CHEMBL361863'
     835   1/0     1/0     1/0     1/0     4/0     4/0     4/0     4/0   'CHEMBL362018'
     836   1/0     1/0     1/0     1/0     1/0     1/0     1/0     1/0   'CHEMBL362140'
     837   1/0     1/0     1/0     1/0     1/0     1/0     1/0     1/0   'CHEMBL362364'
     838   1/0     1/0     1/0     1/0     2/0     2/0     2/0     2/0   'CHEMBL362922'
     839   1/0     1/0     1/0     1/0     2/0     2/0     2/0     2/0   'CHEMBL362973'
     840   1/0     1/0     1/0     1/0     2/0     2/0     2/0     2/0   'CHEMBL362976'
     841   1/0     1/0     1/0     1/0     2/0     2/0     2/0     2/0   'CHEMBL363250'
     842   1/0     1/0     1/0     1/0     2/0     2/0     2/0     2/0   'CHEMBL363319'
     843   1/0     1/0     1/0     1/0     2/0     2/0     2/0     2/0   'CHEMBL363375'
     844   1/0     1/0     1/0     1/0     2/0     2/0     2/0     2/0   'CHEMBL363584'
     845   1/0     1/0     1/0     1/0     2/0     2/0     2/0     2/0   'CHEMBL363606'
     846   1/0     1/0     1/0     1/0     2/0     2/0     2/0     2/0   'CHEMBL363879'
     847   1/0     1/0     1/0     1/0     2/0     2/0     2/0     2/0   'CHEMBL364093'
     848   1/0     1/0     1/0     1/0     2/0     2/0     2/0     2/0   'CHEMBL364461'
     849   1/0     1/0     1/0     1/0     2/0     2/0     2/0     2/0   'CHEMBL364922'
     850   1/0     1/0     1/0     1/0     1/0     1/0     1/0     1/0   'CHEMBL365000'
# counts of output and dropped structures after processing steps
# index  htreat  desalt  neutra   guard   epik   stereo    cgx   filter  title
     851   1/0     1/0     1/0     1/0     2/0     2/0     2/0     2/0   'CHEMBL365066'
     852   1/0     1/0     1/0     1/0     2/0     2/0     2/0     2/0   'CHEMBL365113'
     853   1/0     1/0     1/0     1/0     2/0     2/0     2/0     2/0   'CHEMBL365322'
     854   1/0     1/0     1/0     1/0     2/0     2/0     2/0     2/0   'CHEMBL365441'
     855   1/0     1/0     1/0     1/0     2/0     2/0     2/0     2/0   'CHEMBL365567'
     856   1/0     1/0     1/0     1/0     2/0     2/0     2/0     2/0   'CHEMBL365575'
     857   1/0     1/0     1/0     1/0     2/0     2/0     2/0     2/0   'CHEMBL365953'
     858   1/0     1/0     1/0     1/0     2/0     2/0     2/0     2/0   'CHEMBL365996'
     859   1/0     1/0     1/0     1/0     2/0     2/0     2/0     2/0   'CHEMBL366166'
     860   1/0     1/0     1/0     1/0     2/0     2/0     2/0     2/0   'CHEMBL366173'
     861   1/0     1/0     1/0     1/0     2/0     2/0     2/0     2/0   'CHEMBL366278'
     862   1/0     1/0     1/0     1/0     3/0     3/0     3/0     3/0   'CHEMBL366549'
     863   1/0     1/0     1/0     1/0     2/0     2/0     2/0     2/0   'CHEMBL366751'
     864   1/0     1/0     1/0     1/0     2/0     2/0     2/0     2/0   'CHEMBL368156'
     865   1/0     1/0     1/0     1/0     3/0     3/0     3/0     3/0   'CHEMBL369738'
     866   1/0     1/0     1/0     1/0     2/0     2/0     2/0     2/0   'CHEMBL369883'
     867   1/0     1/0     1/0     1/0     2/0     2/0     2/0     2/0   'CHEMBL369888'
     868   1/0     1/0     1/0     1/0     2/0     2/0     2/0     2/0   'CHEMBL369894'
     869   1/0     1/0     1/0     1/0     2/0     2/0     2/0     2/0   'CHEMBL370046'
     870   1/0     1/0     1/0     1/0     2/0     2/0     2/0     2/0   'CHEMBL370079'
     871   1/0     1/0     1/0     1/0     2/0     2/0     2/0     2/0   'CHEMBL370240'
     872   1/0     1/0     1/0     1/0     2/0     2/0     2/0     2/0   'CHEMBL370269'
     873   1/0     1/0     1/0     1/0     2/0     2/0     2/0     2/0   'CHEMBL370509'
     874   1/0     1/0     1/0     1/0     2/0     2/0     2/0     2/0   'CHEMBL370540'
     875   1/0     1/0     1/0     1/0     2/0     2/0     2/0     2/0   'CHEMBL370734'
     876   1/0     1/0     1/0     1/0     2/0     2/0     2/0     2/0   'CHEMBL371057'
     877   1/0     1/0     1/0     1/0     2/0     2/0     2/0     2/0   'CHEMBL371130'
     878   1/0     1/0     1/0     1/0     2/0     2/0     2/0     2/0   'CHEMBL371143'
     879   1/0     1/0     1/0     1/0     2/0     2/0     2/0     2/0   'CHEMBL371429'
     880   1/0     1/0     1/0     1/0     2/0     2/0     2/0     2/0   'CHEMBL371480'
     881   1/0     1/0     1/0     1/0     2/0     2/0     2/0     2/0   'CHEMBL371521'
     882   1/0     1/0     1/0     1/0     2/0     2/0     2/0     2/0   'CHEMBL371585'
     883   1/0     1/0     1/0     1/0     2/0     2/0     2/0     2/0   'CHEMBL371846'
     884   1/0     1/0     1/0     1/0     2/0     2/0     2/0     2/0   'CHEMBL371907'
     885   1/0     1/0     1/0     1/0     2/0     2/0     2/0     2/0   'CHEMBL372078'
     886   1/0     1/0     1/0     1/0     2/0     2/0     2/0     2/0   'CHEMBL372180'
     887   1/0     1/0     1/0     1/0     2/0     2/0     2/0     2/0   'CHEMBL372391'
     888   1/0     1/0     1/0     1/0     2/0     2/0     2/0     2/0   'CHEMBL372472'
     889   1/0     1/0     1/0     1/0     2/0     2/0     2/0     2/0   'CHEMBL372746'
     890   1/0     1/0     1/0     1/0     2/0     2/0     2/0     2/0   'CHEMBL373148'
     891   1/0     1/0     1/0     1/0     2/0     2/0     2/0     2/0   'CHEMBL373268'
     892   1/0     1/0     1/0     1/0     2/0     2/0     2/0     2/0   'CHEMBL373269'
     893   1/0     1/0     1/0     1/0     2/0     2/0     2/0     2/0   'CHEMBL373319'
     894   1/0     1/0     1/0     1/0     2/0     2/0     2/0     2/0   'CHEMBL374032'
     895   1/0     1/0     1/0     1/0     2/0     2/0     2/0     2/0   'CHEMBL374688'
     896   1/0     1/0     1/0     1/0     2/0     2/0     2/0     2/0   'CHEMBL374703'
     897   1/0     1/0     1/0     1/0     2/0     2/0     2/0     2/0   'CHEMBL374936'
     898   1/0     1/0     1/0     1/0     2/0     2/0     2/0     2/0   'CHEMBL375414'
     899   1/0     1/0     1/0     1/0     1/0     1/0     1/0     1/0   'CHEMBL375508'
     900   1/0     1/0     1/0     1/0     2/0     2/0     2/0     2/0   'CHEMBL375875'
# counts of output and dropped structures after processing steps
# index  htreat  desalt  neutra   guard   epik   stereo    cgx   filter  title
     901   1/0     1/0     1/0     1/0     2/0     2/0     2/0     2/0   'CHEMBL376359'
     902   1/0     1/0     1/0     1/0     2/0     2/0     2/0     2/0   'CHEMBL376562'
     903   1/0     1/0     1/0     1/0     2/0     2/0     2/0     2/0   'CHEMBL377058'
     904   1/0     1/0     1/0     1/0     2/0     2/0     2/0     2/0   'CHEMBL377320'
     905   1/0     1/0     1/0     1/0     2/0     2/0     2/0     2/0   'CHEMBL377724'
     906   1/0     1/0     1/0     1/0     2/0     2/0     2/0     2/0   'CHEMBL377749'
     907   1/0     1/0     1/0     1/0     2/0     2/0     2/0     2/0   'CHEMBL377776'
     908   1/0     1/0     1/0     1/0     2/0     2/0     2/0     2/0   'CHEMBL378086'
     909   1/0     1/0     1/0     1/0     2/0     2/0     2/0     2/0   'CHEMBL378152'
     910   1/0     1/0     1/0     1/0     2/0     2/0     2/0     2/0   'CHEMBL378597'
     911   1/0     1/0     1/0     1/0     2/0     2/0     2/0     2/0   'CHEMBL378709'
     912   1/0     1/0     1/0     1/0     2/0     2/0     2/0     2/0   'CHEMBL378750'
     913   1/0     1/0     1/0     1/0     2/0     2/0     2/0     2/0   'CHEMBL379086'
     914   1/0     1/0     1/0     1/0     2/0     2/0     2/0     2/0   'CHEMBL379260'
     915   1/0     1/0     1/0     1/0     2/0     2/0     2/0     2/0   'CHEMBL379261'
     916   1/0     1/0     1/0     1/0     2/0     2/0     2/0     2/0   'CHEMBL379522'
     917   1/0     1/0     1/0     1/0     2/0     2/0     2/0     2/0   'CHEMBL380240'
     918   1/0     1/0     1/0     1/0     2/0     2/0     2/0     2/0   'CHEMBL380681'
     919   1/0     1/0     1/0     1/0     2/0     2/0     2/0     2/0   'CHEMBL380860'
     920   1/0     1/0     1/0     1/0     2/0     2/0     2/0     2/0   'CHEMBL380902'
     921   1/0     1/0     1/0     1/0     2/0     2/0     2/0     2/0   'CHEMBL381111'
     922   1/0     1/0     1/0     1/0     2/0     2/0     2/0     2/0   'CHEMBL381145'
     923   1/0     1/0     1/0     1/0     2/0     2/0     2/0     2/0   'CHEMBL381200'
     924   1/0     1/0     1/0     1/0     2/0     2/0     2/0     2/0   'CHEMBL381340'
     925   1/0     1/0     1/0     1/0     2/0     2/0     2/0     2/0   'CHEMBL381444'
     926   1/0     1/0     1/0     1/0     2/0     2/0     2/0     2/0   'CHEMBL381530'
     927   1/0     1/0     1/0     1/0     2/0     2/0     2/0     2/0   'CHEMBL381626'
     928   1/0     1/0     1/0     1/0     2/0     2/0     2/0     2/0   'CHEMBL381665'
     929   1/0     1/0     1/0     1/0     2/0     2/0     2/0     2/0   'CHEMBL381806'
     930   1/0     1/0     1/0     1/0     2/0     2/0     2/0     2/0   'CHEMBL382045'
     931   1/0     1/0     1/0     1/0     1/0     1/0     1/0     1/0   'CHEMBL382127'
     932   1/0     1/0     1/0     1/0     2/0     2/0     2/0     2/0   'CHEMBL382382'
     933   1/0     1/0     1/0     1/0     2/0     2/0     2/0     2/0   'CHEMBL382847'
     934   1/0     1/0     1/0     1/0     2/0     2/0     2/0     2/0   'CHEMBL382907'
     935   1/0     1/0     1/0     1/0     2/0     2/0     2/0     2/0   'CHEMBL382974'
     936   1/0     1/0     1/0     1/0     2/0     2/0     2/0     2/0   'CHEMBL382980'
     937   1/0     1/0     1/0     1/0     2/0     2/0     2/0     2/0   'CHEMBL383488'
     938   1/0     1/0     1/0     1/0     2/0     2/0     2/0     2/0   'CHEMBL383705'
     939   1/0     1/0     1/0     1/0     2/0     2/0     2/0     2/0   'CHEMBL383841'
     940   1/0     1/0     1/0     1/0     2/0     2/0     2/0     2/0   'CHEMBL384382'
     941   1/0     1/0     1/0     1/0     2/0     2/0     2/0     2/0   'CHEMBL384493'
     942   1/0     1/0     1/0     1/0     2/0     2/0     2/0     2/0   'CHEMBL384816'
     943   1/0     1/0     1/0     1/0     2/0     2/0     2/0     2/0   'CHEMBL384985'
     944   1/0     1/0     1/0     1/0     2/0     2/0     2/0     2/0   'CHEMBL385394'
     945   1/0     1/0     1/0     1/0     2/0     2/0     2/0     2/0   'CHEMBL385517'
     946   1/0     1/0     1/0     1/0     2/0     2/0     2/0     2/0   'CHEMBL385637'
     947   1/0     1/0     1/0     1/0     2/0     2/0     2/0     2/0   'CHEMBL385711'
     948   1/0     1/0     1/0     1/0     2/0     2/0     2/0     2/0   'CHEMBL386326'
     949   1/0     1/0     1/0     1/0     2/0     2/0     2/0     2/0   'CHEMBL386380'
     950   1/0     1/0     1/0     1/0     2/0     2/0     2/0     2/0   'CHEMBL386895'
# counts of output and dropped structures after processing steps
# index  htreat  desalt  neutra   guard   epik   stereo    cgx   filter  title
     951   1/0     1/0     1/0     1/0     1/0     1/0     1/0     1/0   'CHEMBL387050'
     952   1/0     1/0     1/0     1/0     1/0     1/0     1/0     1/0   'CHEMBL387552'
     953   1/0     1/0     1/0     1/0     2/0     2/0     2/0     2/0   'CHEMBL388431'
     954   1/0     1/0     1/0     1/0     2/0     2/0     2/0     2/0   'CHEMBL388433'
     955   1/0     1/0     1/0     1/0     2/0     2/0     2/0     2/0   'CHEMBL388475'
     956   1/0     1/0     1/0     1/0     2/0     2/0     2/0     2/0   'CHEMBL388900'
     957   1/0     1/0     1/0     1/0     1/0     1/0     1/0     1/0   'CHEMBL389074'
     958   1/0     1/0     1/0     1/0     2/0     2/0     2/0     2/0   'CHEMBL389138'
     959   1/0     1/0     1/0     1/0     2/0     2/0     2/0     2/0   'CHEMBL389151'
     960   1/0     1/0     1/0     1/0     2/0     2/0     2/0     2/0   'CHEMBL389244'
     961   1/0     1/0     1/0     1/0     2/0     2/0     2/0     2/0   'CHEMBL389324'
     962   1/0     1/0     1/0     1/0     1/0     1/0     1/0     1/0   'CHEMBL389537'
     963   1/0     1/0     1/0     1/0     2/0     2/0     2/0     2/0   'CHEMBL389538'
     964   1/0     1/0     1/0     1/0     2/0     2/0     2/0     2/0   'CHEMBL389599'
     965   1/0     1/0     1/0     1/0     2/0     2/0     2/0     2/0   'CHEMBL389600'
     966   1/0     1/0     1/0     1/0     2/0     2/0     2/0     2/0   'CHEMBL389602'
     967   1/0     1/0     1/0     1/0     3/0     3/0     3/0     3/0   'CHEMBL389624'
     968   1/0     1/0     1/0     1/0     2/0     2/0     2/0     2/0   'CHEMBL389848'
     969   1/0     1/0     1/0     1/0     2/0     2/0     2/0     2/0   'CHEMBL390080'
     970   1/0     1/0     1/0     1/0     2/0     2/0     2/0     2/0   'CHEMBL390193'
     971   1/0     1/0     1/0     1/0     3/0     3/0     3/0     3/0   'CHEMBL390194'
     972   1/0     1/0     1/0     1/0     2/0     2/0     2/0     2/0   'CHEMBL390221'
     973   1/0     1/0     1/0     1/0     2/0     2/0     2/0     2/0   'CHEMBL390239'
     974   1/0     1/0     1/0     1/0     2/0     2/0     2/0     2/0   'CHEMBL390240'
     975   1/0     1/0     1/0     1/0     2/0     2/0     2/0     2/0   'CHEMBL390241'
     976   1/0     1/0     1/0     1/0     2/0     2/0     2/0     2/0   'CHEMBL390418'
     977   1/0     1/0     1/0     1/0     2/0     2/0     2/0     2/0   'CHEMBL390512'
     978   1/0     1/0     1/0     1/0     2/0     2/0     2/0     2/0   'CHEMBL390513'
     979   1/0     1/0     1/0     1/0     1/0     1/0     1/0     1/0   'CHEMBL390529'
     980   1/0     1/0     1/0     1/0     1/0     1/0     1/0     1/0   'CHEMBL390776'
     981   1/0     1/0     1/0     1/0     2/0     2/0     2/0     2/0   'CHEMBL390853'
     982   1/0     1/0     1/0     1/0     2/0     2/0     2/0     2/0   'CHEMBL390884'
     983   1/0     1/0     1/0     1/0     2/0     2/0     2/0     2/0   'CHEMBL390885'
     984   1/0     1/0     1/0     1/0     2/0     2/0     2/0     2/0   'CHEMBL390886'
     985   1/0     1/0     1/0     1/0     3/0     3/0     3/0     3/0   'CHEMBL391037'
     986   1/0     1/0     1/0     1/0     2/0     2/0     2/0     2/0   'CHEMBL391047'
     987   1/0     1/0     1/0     1/0     2/0     2/0     2/0     2/0   'CHEMBL391048'
     988   1/0     1/0     1/0     1/0     2/0     2/0     2/0     2/0   'CHEMBL391070'
     989   1/0     1/0     1/0     1/0     2/0     2/0     2/0     2/0   'CHEMBL391089'
     990   1/0     1/0     1/0     1/0     2/0     2/0     2/0     2/0   'CHEMBL391251'
     991   1/0     1/0     1/0     1/0     2/0     2/0     2/0     2/0   'CHEMBL391252'
     992   1/0     1/0     1/0     1/0     2/0     2/0     2/0     2/0   'CHEMBL391269'
     993   1/0     1/0     1/0     1/0     1/0     1/0     1/0     1/0   'CHEMBL391307'
     994   1/0     1/0     1/0     1/0     3/0     3/0     3/0     3/0   'CHEMBL391331'
     995   1/0     1/0     1/0     1/0     5/0     5/0     5/0     5/0   'CHEMBL391332'
     996   1/0     1/0     1/0     1/0     4/0     4/0     4/0     4/0   'CHEMBL391433'
     997   1/0     1/0     1/0     1/0     2/0     2/0     2/0     2/0   'CHEMBL391558'
     998   1/0     1/0     1/0     1/0     2/0     2/0     2/0     2/0   'CHEMBL391559'
     999   1/0     1/0     1/0     1/0     3/0     3/0     3/0     3/0   'CHEMBL391577'
    1000   1/0     1/0     1/0     1/0     3/0     3/0     3/0     3/0   'CHEMBL391578'
# counts of output and dropped structures after processing steps
# index  htreat  desalt  neutra   guard   epik   stereo    cgx   filter  title
    1001   1/0     1/0     1/0     1/0     1/0     1/0     1/0     1/0   'CHEMBL391634'
    1002   1/0     1/0     1/0     1/0     2/0     2/0     2/0     2/0   'CHEMBL391645'
    1003   1/0     1/0     1/0     1/0     2/0     2/0     2/0     2/0   'CHEMBL391721'
    1004   1/0     1/0     1/0     1/0     2/0     2/0     2/0     2/0   'CHEMBL391837'
    1005   1/0     1/0     1/0     1/0     2/0     2/0     2/0     2/0   'CHEMBL391929'
    1006   1/0     1/0     1/0     1/0     3/0     3/0     3/0     3/0   'CHEMBL392083'
    1007   1/0     1/0     1/0     1/0     2/0     2/0     2/0     2/0   'CHEMBL392084'
    1008   1/0     1/0     1/0     1/0     2/0     2/0     2/0     2/0   'CHEMBL392085'
    1009   1/0     1/0     1/0     1/0     3/0     3/0     3/0     3/0   'CHEMBL392139'
    1010   1/0     1/0     1/0     1/0     2/0     2/0     2/0     2/0   'CHEMBL392524'
    1011   1/0     1/0     1/0     1/0     2/0     2/0     2/0     2/0   'CHEMBL392552'
    1012   1/0     1/0     1/0     1/0     2/0     2/0     2/0     2/0   'CHEMBL392696'
    1013   1/0     1/0     1/0     1/0     2/0     2/0     2/0     2/0   'CHEMBL392697'
    1014   1/0     1/0     1/0     1/0     2/0     2/0     2/0     2/0   'CHEMBL392825'
    1015   1/0     1/0     1/0     1/0     3/0     3/0     3/0     3/0   'CHEMBL392924'
    1016   1/0     1/0     1/0     1/0     2/0     2/0     2/0     2/0   'CHEMBL393498'
    1017   1/0     1/0     1/0     1/0     2/0     2/0     2/0     2/0   'CHEMBL393611'
    1018   1/0     1/0     1/0     1/0     2/0     2/0     2/0     2/0   'CHEMBL393612'
    1019   1/0     1/0     1/0     1/0     2/0     2/0     2/0     2/0   'CHEMBL393947'
    1020   1/0     1/0     1/0     1/0     2/0     2/0     2/0     2/0   'CHEMBL393957'
    1021   1/0     1/0     1/0     1/0     2/0     2/0     2/0     2/0   'CHEMBL394165'
    1022   1/0     1/0     1/0     1/0     2/0     2/0     2/0     2/0   'CHEMBL394507'
    1023   1/0     1/0     1/0     1/0     2/0     2/0     2/0     2/0   'CHEMBL394594'
    1024   1/0     1/0     1/0     1/0     2/0     2/0     2/0     2/0   'CHEMBL394662'
    1025   1/0     1/0     1/0     1/0     2/0     2/0     2/0     2/0   'CHEMBL394833'
    1026   1/0     1/0     1/0     1/0     2/0     2/0     2/0     2/0   'CHEMBL394834'
    1027   1/0     1/0     1/0     1/0     2/0     2/0     2/0     2/0   'CHEMBL394836'
    1028   1/0     1/0     1/0     1/0     2/0     2/0     2/0     2/0   'CHEMBL394837'
    1029   1/0     1/0     1/0     1/0     2/0     2/0     2/0     2/0   'CHEMBL394932'
    1030   1/0     1/0     1/0     1/0     2/0     2/0     2/0     2/0   'CHEMBL395004'
    1031   1/0     1/0     1/0     1/0     2/0     2/0     2/0     2/0   'CHEMBL395166'
    1032   1/0     1/0     1/0     1/0     2/0     2/0     2/0     2/0   'CHEMBL395213'
    1033   1/0     1/0     1/0     1/0     2/0     2/0     2/0     2/0   'CHEMBL395546'
    1034   1/0     1/0     1/0     1/0     3/0     3/0     3/0     3/0   'CHEMBL395606'
    1035   1/0     1/0     1/0     1/0     2/0     2/0     2/0     2/0   'CHEMBL395696'
    1036   1/0     1/0     1/0     1/0     2/0     2/0     2/0     2/0   'CHEMBL395798'
    1037   1/0     1/0     1/0     1/0     3/0     3/0     3/0     3/0   'CHEMBL395854'
    1038   1/0     1/0     1/0     1/0     2/0     2/0     2/0     2/0   'CHEMBL395919'
    1039   1/0     1/0     1/0     1/0     2/0     2/0     2/0     2/0   'CHEMBL396195'
    1040   1/0     1/0     1/0     1/0     2/0     2/0     2/0     2/0   'CHEMBL396512'
    1041   1/0     1/0     1/0     1/0     2/0     2/0     2/0     2/0   'CHEMBL396513'
    1042   1/0     1/0     1/0     1/0     2/0     2/0     2/0     2/0   'CHEMBL396789'
    1043   1/0     1/0     1/0     1/0     2/0     2/0     2/0     2/0   'CHEMBL396857'
    1044   1/0     1/0     1/0     1/0     2/0     2/0     2/0     2/0   'CHEMBL397010'
    1045   1/0     1/0     1/0     1/0     2/0     2/0     2/0     2/0   'CHEMBL397070'
    1046   1/0     1/0     1/0     1/0     2/0     2/0     2/0     2/0   'CHEMBL397144'
    1047   1/0     1/0     1/0     1/0     2/0     2/0     2/0     2/0   'CHEMBL397241'
    1048   1/0     1/0     1/0     1/0     2/0     2/0     2/0     2/0   'CHEMBL397242'
    1049   1/0     1/0     1/0     1/0     2/0     2/0     2/0     2/0   'CHEMBL397743'
    1050   1/0     1/0     1/0     1/0     2/0     2/0     2/0     2/0   'CHEMBL397744'
# counts of output and dropped structures after processing steps
# index  htreat  desalt  neutra   guard   epik   stereo    cgx   filter  title
    1051   1/0     1/0     1/0     1/0     3/0     3/0     3/0     3/0   'CHEMBL397893'
    1052   1/0     1/0     1/0     1/0     2/0     2/0     2/0     2/0   'CHEMBL398492'
    1053   1/0     1/0     1/0     1/0     3/0     3/0     3/0     3/0   'CHEMBL398661'
    1054   1/0     1/0     1/0     1/0     3/0     3/0     3/0     3/0   'CHEMBL399121'
    1055   1/0     1/0     1/0     1/0     2/0     2/0     2/0     2/0   'CHEMBL399189'
    1056   1/0     1/0     1/0     1/0     2/0     2/0     2/0     2/0   'CHEMBL399207'
    1057   1/0     1/0     1/0     1/0     1/0     1/0     1/0     1/0   'CHEMBL399216'
    1058   1/0     1/0     1/0     1/0     2/0     2/0     2/0     2/0   'CHEMBL399247'
    1059   1/0     1/0     1/0     1/0     3/0     3/0     3/0     3/0   'CHEMBL399405'
    1060   1/0     1/0     1/0     1/0     2/0     2/0     2/0     2/0   'CHEMBL399408'
    1061   1/0     1/0     1/0     1/0     3/0     3/0     3/0     3/0   'CHEMBL399409'
    1062   1/0     1/0     1/0     1/0     2/0     2/0     2/0     2/0   'CHEMBL399499'
    1063   1/0     1/0     1/0     1/0     3/0     3/0     3/0     3/0   'CHEMBL399525'
    1064   1/0     1/0     1/0     1/0     3/0     3/0     3/0     3/0   'CHEMBL399610'
    1065   1/0     1/0     1/0     1/0     2/0     2/0     2/0     2/0   'CHEMBL399615'
    1066   1/0     1/0     1/0     1/0     3/0     3/0     3/0     3/0   'CHEMBL399693'
    1067   1/0     1/0     1/0     1/0     3/0     3/0     3/0     3/0   'CHEMBL399726'
    1068   1/0     1/0     1/0     1/0     3/0     3/0     3/0     3/0   'CHEMBL399791'
    1069   1/0     1/0     1/0     1/0     2/0     2/0     2/0     2/0   'CHEMBL400068'
    1070   1/0     1/0     1/0     1/0     2/0     2/0     2/0     2/0   'CHEMBL400278'
    1071   1/0     1/0     1/0     1/0     3/0     3/0     3/0     3/0   'CHEMBL400338'
    1072   1/0     1/0     1/0     1/0     1/0     1/0     1/0     1/0   'CHEMBL400359'
    1073   1/0     1/0     1/0     1/0     3/0     3/0     3/0     3/0   'CHEMBL400532'
    1074   1/0     1/0     1/0     1/0     3/0     3/0     3/0     3/0   'CHEMBL400533'
    1075   1/0     1/0     1/0     1/0     2/0     2/0     2/0     2/0   'CHEMBL400613'
    1076   1/0     1/0     1/0     1/0     2/0     2/0     2/0     2/0   'CHEMBL400614'
    1077   1/0     1/0     1/0     1/0     2/0     2/0     2/0     2/0   'CHEMBL400615'
    1078   1/0     1/0     1/0     1/0     2/0     2/0     2/0     2/0   'CHEMBL400624'
    1079   1/0     1/0     1/0     1/0     2/0     2/0     2/0     2/0   'CHEMBL400722'
    1080   1/0     1/0     1/0     1/0     2/0     2/0     2/0     2/0   'CHEMBL400752'
    1081   1/0     1/0     1/0     1/0     2/0     2/0     2/0     2/0   'CHEMBL400761'
    1082   1/0     1/0     1/0     1/0     2/0     2/0     2/0     2/0   'CHEMBL400841'
    1083   1/0     1/0     1/0     1/0     3/0     3/0     3/0     3/0   'CHEMBL400911'
    1084   1/0     1/0     1/0     1/0     3/0     3/0     3/0     3/0   'CHEMBL400954'
    1085   1/0     1/0     1/0     1/0     2/0     2/0     2/0     2/0   'CHEMBL401057'
    1086   1/0     1/0     1/0     1/0     2/0     2/0     2/0     2/0   'CHEMBL401268'
    1087   1/0     1/0     1/0     1/0     2/0     2/0     2/0     2/0   'CHEMBL401269'
    1088   1/0     1/0     1/0     1/0     3/0     3/0     3/0     3/0   'CHEMBL401378'
    1089   1/0     1/0     1/0     1/0     1/0     1/0     1/0     1/0   'CHEMBL401502'
    1090   1/0     1/0     1/0     1/0     2/0     2/0     2/0     2/0   'CHEMBL401542'
    1091   1/0     1/0     1/0     1/0     1/0     1/0     1/0     1/0   'CHEMBL401709'
    1092   1/0     1/0     1/0     1/0     2/0     2/0     2/0     2/0   'CHEMBL401971'
    1093   1/0     1/0     1/0     1/0     2/0     2/0     2/0     2/0   'CHEMBL401972'
    1094   1/0     1/0     1/0     1/0     1/0     1/0     1/0     1/0   'CHEMBL402111'
    1095   1/0     1/0     1/0     1/0     2/0     2/0     2/0     2/0   'CHEMBL402151'
    1096   1/0     1/0     1/0     1/0     2/0     2/0     2/0     2/0   'CHEMBL402236'
    1097   1/0     1/0     1/0     1/0     2/0     2/0     2/0     2/0   'CHEMBL402466'
    1098   1/0     1/0     1/0     1/0     2/0     2/0     2/0     2/0   'CHEMBL402496'
    1099   1/0     1/0     1/0     1/0     1/0     1/0     1/0     1/0   'CHEMBL402573'
    1100   1/0     1/0     1/0     1/0     2/0     2/0     2/0     2/0   'CHEMBL402645'
# counts of output and dropped structures after processing steps
# index  htreat  desalt  neutra   guard   epik   stereo    cgx   filter  title
    1101   1/0     1/0     1/0     1/0     2/0     2/0     2/0     2/0   'CHEMBL402819'
    1102   1/0     1/0     1/0     1/0     2/0     2/0     2/0     2/0   'CHEMBL403156'
    1103   1/0     1/0     1/0     1/0     2/0     2/0     2/0     2/0   'CHEMBL403160'
    1104   1/0     1/0     1/0     1/0     1/0     1/0     1/0     1/0   'CHEMBL403408'
    1105   1/0     1/0     1/0     1/0     2/0     2/0     2/0     2/0   'CHEMBL403415'
    1106   1/0     1/0     1/0     1/0     2/0     2/0     2/0     2/0   'CHEMBL403449'
    1107   1/0     1/0     1/0     1/0     1/0     1/0     1/0     1/0   'CHEMBL403553'
    1108   1/0     1/0     1/0     1/0     2/0     2/0     2/0     2/0   'CHEMBL403862'
    1109   1/0     1/0     1/0     1/0     2/0     2/0     2/0     2/0   'CHEMBL403882'
    1110   1/0     1/0     1/0     1/0     2/0     2/0     2/0     2/0   'CHEMBL403969'
    1111   1/0     1/0     1/0     1/0     2/0     2/0     2/0     2/0   'CHEMBL403970'
    1112   1/0     1/0     1/0     1/0     2/0     2/0     2/0     2/0   'CHEMBL404030'
    1113   1/0     1/0     1/0     1/0     2/0     2/0     2/0     2/0   'CHEMBL404159'
    1114   1/0     1/0     1/0     1/0     2/0     2/0     2/0     2/0   'CHEMBL404210'
    1115   1/0     1/0     1/0     1/0     1/0     1/0     1/0     1/0   'CHEMBL404220'
    1116   1/0     1/0     1/0     1/0     1/0     1/0     1/0     1/0   'CHEMBL404326'
    1117   1/0     1/0     1/0     1/0     4/0     4/0     4/0     4/0   'CHEMBL404544'
    1118   1/0     1/0     1/0     1/0     2/0     2/0     2/0     2/0   'CHEMBL405786'
    1119   1/0     1/0     1/0     1/0     2/0     2/0     2/0     2/0   'CHEMBL406201'
    1120   1/0     1/0     1/0     1/0     2/0     2/0     2/0     2/0   'CHEMBL406219'
    1121   1/0     1/0     1/0     1/0     2/0     2/0     2/0     2/0   'CHEMBL407293'
    1122   1/0     1/0     1/0     1/0     2/0     2/0     2/0     2/0   'CHEMBL407296'
    1123   1/0     1/0     1/0     1/0     2/0     2/0     2/0     2/0   'CHEMBL409010'
    1124   1/0     1/0     1/0     1/0     2/0     2/0     2/0     2/0   'CHEMBL410187'
    1125   1/0     1/0     1/0     1/0     2/0     2/0     2/0     2/0   'CHEMBL412585'
    1126   1/0     1/0     1/0     1/0     2/0     2/0     2/0     2/0   'CHEMBL413797'
    1127   1/0     1/0     1/0     1/0     2/0     2/0     2/0     2/0   'CHEMBL415647'
    1128   1/0     1/0     1/0     1/0     2/0     2/0     2/0     2/0   'CHEMBL416008'
    1129   1/0     1/0     1/0     1/0     2/0     2/0     2/0     2/0   'CHEMBL418788'
    1130   1/0     1/0     1/0     1/0     2/0     2/0     2/0     2/0   'CHEMBL423108'
    1131   1/0     1/0     1/0     1/0     2/0     2/0     2/0     2/0   'CHEMBL424612'
    1132   1/0     1/0     1/0     1/0     2/0     2/0     2/0     2/0   'CHEMBL424687'
    1133   1/0     1/0     1/0     1/0     2/0     2/0     2/0     2/0   'CHEMBL424854'
    1134   1/0     1/0     1/0     1/0     2/0     2/0     2/0     2/0   'CHEMBL425039'
    1135   1/0     1/0     1/0     1/0     2/0     2/0     2/0     2/0   'CHEMBL425200'
    1136   1/0     1/0     1/0     1/0     2/0     2/0     2/0     2/0   'CHEMBL425380'
    1137   1/0     1/0     1/0     1/0     1/0     1/0     1/0     1/0   'CHEMBL425483'
    1138   1/0     1/0     1/0     1/0     2/0     2/0     2/0     2/0   'CHEMBL425584'
    1139   1/0     1/0     1/0     1/0     2/0     2/0     2/0     2/0   'CHEMBL425585'
    1140   1/0     1/0     1/0     1/0     2/0     2/0     2/0     2/0   'CHEMBL425756'
    1141   1/0     1/0     1/0     1/0     2/0     2/0     2/0     2/0   'CHEMBL425905'
    1142   1/0     1/0     1/0     1/0     2/0     2/0     2/0     2/0   'CHEMBL426335'
    1143   1/0     1/0     1/0     1/0     2/0     2/0     2/0     2/0   'CHEMBL426469'
    1144   1/0     1/0     1/0     1/0     2/0     2/0     2/0     2/0   'CHEMBL426649'
    1145   1/0     1/0     1/0     1/0     2/0     2/0     2/0     2/0   'CHEMBL427012'
    1146   1/0     1/0     1/0     1/0     2/0     2/0     2/0     2/0   'CHEMBL427219'
    1147   1/0     1/0     1/0     1/0     2/0     2/0     2/0     2/0   'CHEMBL427257'
    1148   1/0     1/0     1/0     1/0     2/0     2/0     2/0     2/0   'CHEMBL427259'
    1149   1/0     1/0     1/0     1/0     2/0     2/0     2/0     2/0   'CHEMBL427261'
    1150   1/0     1/0     1/0     1/0     2/0     2/0     2/0     2/0   'CHEMBL428065'
# counts of output and dropped structures after processing steps
# index  htreat  desalt  neutra   guard   epik   stereo    cgx   filter  title
    1151   1/0     1/0     1/0     1/0     2/0     2/0     2/0     2/0   'CHEMBL428369'
    1152   1/0     1/0     1/0     1/0     2/0     2/0     2/0     2/0   'CHEMBL428747'
    1153   1/0     1/0     1/0     1/0     3/0     3/0     3/0     3/0   'CHEMBL428894'
    1154   1/0     1/0     1/0     1/0     2/0     2/0     2/0     2/0   'CHEMBL428936'
    1155   1/0     1/0     1/0     1/0     3/0     3/0     3/0     3/0   'CHEMBL428937'
    1156   1/0     1/0     1/0     1/0     3/0     3/0     3/0     3/0   'CHEMBL429115'
    1157   1/0     1/0     1/0     1/0     2/0     2/0     2/0     2/0   'CHEMBL429258'
    1158   1/0     1/0     1/0     1/0     2/0     2/0     2/0     2/0   'CHEMBL429450'
    1159   1/0     1/0     1/0     1/0     3/0     3/0     3/0     3/0   'CHEMBL429482'
    1160   1/0     1/0     1/0     1/0     2/0     2/0     2/0     2/0   'CHEMBL429829'
    1161   1/0     1/0     1/0     1/0     3/0     3/0     3/0     3/0   'CHEMBL429982'
    1162   1/0     1/0     1/0     1/0     2/0     2/0     2/0     2/0   'CHEMBL430057'
    1163   1/0     1/0     1/0     1/0     2/0     2/0     2/0     2/0   'CHEMBL431425'
    1164   1/0     1/0     1/0     1/0     2/0     2/0     2/0     2/0   'CHEMBL431885'
    1165   1/0     1/0     1/0     1/0     2/0     2/0     2/0     2/0   'CHEMBL432081'
    1166   1/0     1/0     1/0     1/0     2/0     2/0     2/0     2/0   'CHEMBL433533'
    1167   1/0     1/0     1/0     1/0     2/0     2/0     2/0     2/0   'CHEMBL433572'
    1168   1/0     1/0     1/0     1/0     2/0     2/0     2/0     2/0   'CHEMBL433732'
    1169   1/0     1/0     1/0     1/0     2/0     2/0     2/0     2/0   'CHEMBL434184'
    1170   1/0     1/0     1/0     1/0     2/0     2/0     2/0     2/0   'CHEMBL434886'
    1171   1/0     1/0     1/0     1/0     2/0     2/0     2/0     2/0   'CHEMBL434960'
    1172   1/0     1/0     1/0     1/0     2/0     2/0     2/0     2/0   'CHEMBL437557'
    1173   1/0     1/0     1/0     1/0     2/0     2/0     2/0     2/0   'CHEMBL437570'
    1174   1/0     1/0     1/0     1/0     2/0     2/0     2/0     2/0   'CHEMBL437592'
    1175   1/0     1/0     1/0     1/0     3/0     3/0     3/0     3/0   'CHEMBL438309'
    1176   1/0     1/0     1/0     1/0     3/0     3/0     3/0     3/0   'CHEMBL438520'
    1177   1/0     1/0     1/0     1/0     2/0     2/0     2/0     2/0   'CHEMBL438547'
    1178   1/0     1/0     1/0     1/0     2/0     2/0     2/0     2/0   'CHEMBL438992'
    1179   1/0     1/0     1/0     1/0     3/0     3/0     3/0     3/0   'CHEMBL439067'
    1180   1/0     1/0     1/0     1/0     2/0     2/0     2/0     2/0   'CHEMBL439394'
    1181   1/0     1/0     1/0     1/0     2/0     2/0     2/0     2/0   'CHEMBL439836'
    1182   1/0     1/0     1/0     1/0     2/0     2/0     2/0     2/0   'CHEMBL440021'
    1183   1/0     1/0     1/0     1/0     2/0     2/0     2/0     2/0   'CHEMBL440325'
    1184   1/0     1/0     1/0     1/0     2/0     2/0     2/0     2/0   'CHEMBL441559'
    1185   1/0     1/0     1/0     1/0     2/0     2/0     2/0     2/0   'CHEMBL442673'
    1186   1/0     1/0     1/0     1/0     2/0     2/0     2/0     2/0   'CHEMBL442952'
    1187   1/0     1/0     1/0     1/0     2/0     2/0     2/0     2/0   'CHEMBL443250'
    1188   1/0     1/0     1/0     1/0     2/0     2/0     2/0     2/0   'CHEMBL443316'
    1189   1/0     1/0     1/0     1/0     2/0     2/0     2/0     2/0   'CHEMBL443373'
    1190   1/0     1/0     1/0     1/0     2/0     2/0     2/0     2/0   'CHEMBL443622'
    1191   1/0     1/0     1/0     1/0     2/0     2/0     2/0     2/0   'CHEMBL444537'
    1192   1/0     1/0     1/0     1/0     2/0     2/0     2/0     2/0   'CHEMBL445437'
    1193   1/0     1/0     1/0     1/0     1/0     1/0     1/0     1/0   'CHEMBL445544'
    1194   1/0     1/0     1/0     1/0     2/0     2/0     2/0     2/0   'CHEMBL446007'
    1195   1/0     1/0     1/0     1/0     2/0     2/0     2/0     2/0   'CHEMBL447393'
    1196   1/0     1/0     1/0     1/0     1/0     1/0     1/0     1/0   'CHEMBL450091'
    1197   1/0     1/0     1/0     1/0     1/0     1/0     1/0     1/0   'CHEMBL450211'
    1198   1/0     1/0     1/0     1/0     2/0     2/0     2/0     2/0   'CHEMBL451319'
    1199   1/0     1/0     1/0     1/0     2/0     2/0     2/0     2/0   'CHEMBL451619'
    1200   1/0     1/0     1/0     1/0     2/0     2/0     2/0     2/0   'CHEMBL451937'
# counts of output and dropped structures after processing steps
# index  htreat  desalt  neutra   guard   epik   stereo    cgx   filter  title
    1201   1/0     1/0     1/0     1/0     2/0     2/0     2/0     2/0   'CHEMBL452029'
    1202   1/0     1/0     1/0     1/0     2/0     2/0     2/0     2/0   'CHEMBL452289'
    1203   1/0     1/0     1/0     1/0     2/0     2/0     2/0     2/0   'CHEMBL452290'
    1204   1/0     1/0     1/0     1/0     2/0     2/0     2/0     2/0   'CHEMBL452297'
    1205   1/0     1/0     1/0     1/0     2/0     2/0     2/0     2/0   'CHEMBL452327'
    1206   1/0     1/0     1/0     1/0     2/0     2/0     2/0     2/0   'CHEMBL452470'
    1207   1/0     1/0     1/0     1/0     2/0     2/0     2/0     2/0   'CHEMBL452805'
    1208   1/0     1/0     1/0     1/0     2/0     2/0     2/0     2/0   'CHEMBL452836'
    1209   1/0     1/0     1/0     1/0     2/0     2/0     2/0     2/0   'CHEMBL452998'
    1210   1/0     1/0     1/0     1/0     2/0     2/0     2/0     2/0   'CHEMBL453573'
    1211   1/0     1/0     1/0     1/0     2/0     2/0     2/0     2/0   'CHEMBL453574'
    1212   1/0     1/0     1/0     1/0     2/0     2/0     2/0     2/0   'CHEMBL453918'
    1213   1/0     1/0     1/0     1/0     2/0     2/0     2/0     2/0   'CHEMBL454193'
    1214   1/0     1/0     1/0     1/0     2/0     2/0     2/0     2/0   'CHEMBL455298'
    1215   1/0     1/0     1/0     1/0     2/0     2/0     2/0     2/0   'CHEMBL456413'
    1216   1/0     1/0     1/0     1/0     2/0     2/0     2/0     2/0   'CHEMBL456419'
    1217   1/0     1/0     1/0     1/0     2/0     2/0     2/0     2/0   'CHEMBL456420'
    1218   1/0     1/0     1/0     1/0     4/0     4/0     4/0     4/0   'CHEMBL459159'
    1219   1/0     1/0     1/0     1/0     6/0     6/0     6/0     6/0   'CHEMBL459357'
    1220   1/0     1/0     1/0     1/0     2/0     2/0     2/0     2/0   'CHEMBL459438'
    1221   1/0     1/0     1/0     1/0     2/0     2/0     2/0     2/0   'CHEMBL459591'
    1222   1/0     1/0     1/0     1/0     2/0     2/0     2/0     2/0   'CHEMBL459641'
    1223   1/0     1/0     1/0     1/0     2/0     2/0     2/0     2/0   'CHEMBL459642'
    1224   1/0     1/0     1/0     1/0     2/0     2/0     2/0     2/0   'CHEMBL459643'
    1225   1/0     1/0     1/0     1/0     2/0     2/0     2/0     2/0   'CHEMBL459883'
    1226   1/0     1/0     1/0     1/0     2/0     2/0     2/0     2/0   'CHEMBL460013'
    1227   1/0     1/0     1/0     1/0     2/0     2/0     2/0     2/0   'CHEMBL460065'
    1228   1/0     1/0     1/0     1/0     2/0     2/0     2/0     2/0   'CHEMBL460842'
    1229   1/0     1/0     1/0     1/0     2/0     2/0     2/0     2/0   'CHEMBL460886'
    1230   1/0     1/0     1/0     1/0     2/0     2/0     2/0     2/0   'CHEMBL460887'
    1231   1/0     1/0     1/0     1/0     2/0     2/0     2/0     2/0   'CHEMBL461092'
    1232   1/0     1/0     1/0     1/0     2/0     2/0     2/0     2/0   'CHEMBL461112'
    1233   1/0     1/0     1/0     1/0     2/0     2/0     2/0     2/0   'CHEMBL461117'
    1234   1/0     1/0     1/0     1/0     2/0     2/0     2/0     2/0   'CHEMBL461129'
    1235   1/0     1/0     1/0     1/0     2/0     2/0     2/0     2/0   'CHEMBL461289'
    1236   1/0     1/0     1/0     1/0     5/0     7/0     7/0     5/0   'CHEMBL461290'
    1237   1/0     1/0     1/0     1/0     2/0     2/0     2/0     2/0   'CHEMBL461291'
    1238   1/0     1/0     1/0     1/0     2/0     2/0     2/0     2/0   'CHEMBL461496'
    1239   1/0     1/0     1/0     1/0     2/0     2/0     2/0     2/0   'CHEMBL461506'
    1240   1/0     1/0     1/0     1/0     2/0     2/0     2/0     2/0   'CHEMBL461911'
    1241   1/0     1/0     1/0     1/0     2/0     2/0     2/0     2/0   'CHEMBL461912'
    1242   1/0     1/0     1/0     1/0     2/0     2/0     2/0     2/0   'CHEMBL461913'
    1243   1/0     1/0     1/0     1/0     3/0     3/0     3/0     3/0   'CHEMBL462564'
    1244   1/0     1/0     1/0     1/0     2/0     2/0     2/0     2/0   'CHEMBL462839'
    1245   1/0     1/0     1/0     1/0     2/0     2/0     2/0     2/0   'CHEMBL463230'
    1246   1/0     1/0     1/0     1/0     2/0     2/0     2/0     2/0   'CHEMBL463231'
    1247   1/0     1/0     1/0     1/0     2/0     2/0     2/0     2/0   'CHEMBL463277'
    1248   1/0     1/0     1/0     1/0     2/0     2/0     2/0     2/0   'CHEMBL463481'
    1249   1/0     1/0     1/0     1/0     2/0     2/0     2/0     2/0   'CHEMBL464092'
    1250   1/0     1/0     1/0     1/0     2/0     2/0     2/0     2/0   'CHEMBL464093'
# counts of output and dropped structures after processing steps
# index  htreat  desalt  neutra   guard   epik   stereo    cgx   filter  title
    1251   1/0     1/0     1/0     1/0     2/0     2/0     2/0     2/0   'CHEMBL466590'
    1252   1/0     1/0     1/0     1/0     2/0     2/0     2/0     2/0   'CHEMBL469325'
    1253   1/0     1/0     1/0     1/0     2/0     2/0     2/0     2/0   'CHEMBL469452'
    1254   1/0     1/0     1/0     1/0     2/0     2/0     2/0     2/0   'CHEMBL469521'
    1255   1/0     1/0     1/0     1/0     2/0     2/0     2/0     2/0   'CHEMBL469522'
    1256   1/0     1/0     1/0     1/0     2/0     2/0     2/0     2/0   'CHEMBL469538'
    1257   1/0     1/0     1/0     1/0     2/0     2/0     2/0     2/0   'CHEMBL469659'
    1258   1/0     1/0     1/0     1/0     2/0     2/0     2/0     2/0   'CHEMBL469660'
    1259   1/0     1/0     1/0     1/0     2/0     2/0     2/0     2/0   'CHEMBL469730'
    1260   1/0     1/0     1/0     1/0     2/0     2/0     2/0     2/0   'CHEMBL469740'
    1261   1/0     1/0     1/0     1/0     2/0     2/0     2/0     2/0   'CHEMBL469890'
    1262   1/0     1/0     1/0     1/0     2/0     2/0     2/0     2/0   'CHEMBL470118'
    1263   1/0     1/0     1/0     1/0     2/0     2/0     2/0     2/0   'CHEMBL470170'
    1264   1/0     1/0     1/0     1/0     2/0     2/0     2/0     2/0   'CHEMBL470171'
    1265   1/0     1/0     1/0     1/0     2/0     2/0     2/0     2/0   'CHEMBL470330'
    1266   1/0     1/0     1/0     1/0     2/0     2/0     2/0     2/0   'CHEMBL470476'
    1267   1/0     1/0     1/0     1/0     2/0     2/0     2/0     2/0   'CHEMBL470477'
    1268   1/0     1/0     1/0     1/0     2/0     2/0     2/0     2/0   'CHEMBL470681'
    1269   1/0     1/0     1/0     1/0     2/0     2/0     2/0     2/0   'CHEMBL470893'
    1270   1/0     1/0     1/0     1/0     2/0     2/0     2/0     2/0   'CHEMBL471088'
    1271   1/0     1/0     1/0     1/0     2/0     2/0     2/0     2/0   'CHEMBL471089'
    1272   1/0     1/0     1/0     1/0     2/0     2/0     2/0     2/0   'CHEMBL471544'
    1273   1/0     1/0     1/0     1/0     3/0     3/0     3/0     3/0   'CHEMBL471633'
    1274   1/0     1/0     1/0     1/0     2/0     2/0     2/0     2/0   'CHEMBL471784'
    1275   1/0     1/0     1/0     1/0     2/0     2/0     2/0     2/0   'CHEMBL471785'
    1276   1/0     1/0     1/0     1/0     2/0     2/0     2/0     2/0   'CHEMBL471841'
    1277   1/0     1/0     1/0     1/0     3/0     3/0     3/0     3/0   'CHEMBL471842'
    1278   1/0     1/0     1/0     1/0     2/0     2/0     2/0     2/0   'CHEMBL471936'
    1279   1/0     1/0     1/0     1/0     2/0     2/0     2/0     2/0   'CHEMBL471956'
    1280   1/0     1/0     1/0     1/0     2/0     2/0     2/0     2/0   'CHEMBL471960'
    1281   1/0     1/0     1/0     1/0     2/0     2/0     2/0     2/0   'CHEMBL472027'
    1282   1/0     1/0     1/0     1/0     2/0     2/0     2/0     2/0   'CHEMBL472096'
    1283   1/0     1/0     1/0     1/0     2/0     2/0     2/0     2/0   'CHEMBL472100'
    1284   1/0     1/0     1/0     1/0     2/0     2/0     2/0     2/0   'CHEMBL472101'
    1285   1/0     1/0     1/0     1/0     2/0     2/0     2/0     2/0   'CHEMBL472102'
    1286   1/0     1/0     1/0     1/0     2/0     2/0     2/0     2/0   'CHEMBL472123'
    1287   1/0     1/0     1/0     1/0     2/0     2/0     2/0     2/0   'CHEMBL472124'
    1288   1/0     1/0     1/0     1/0     2/0     2/0     2/0     2/0   'CHEMBL472797'
    1289   1/0     1/0     1/0     1/0     2/0     2/0     2/0     2/0   'CHEMBL472976'
    1290   1/0     1/0     1/0     1/0     2/0     2/0     2/0     2/0   'CHEMBL472977'
    1291   1/0     1/0     1/0     1/0     3/0     3/0     3/0     3/0   'CHEMBL472992'
    1292   1/0     1/0     1/0     1/0     3/0     3/0     3/0     3/0   'CHEMBL472993'
    1293   1/0     1/0     1/0     1/0     3/0     3/0     3/0     3/0   'CHEMBL472995'
    1294   1/0     1/0     1/0     1/0     2/0     2/0     2/0     2/0   'CHEMBL473166'
    1295   1/0     1/0     1/0     1/0     2/0     2/0     2/0     2/0   'CHEMBL473172'
    1296   1/0     1/0     1/0     1/0     2/0     2/0     2/0     2/0   'CHEMBL473176'
    1297   1/0     1/0     1/0     1/0     3/0     3/0     3/0     3/0   'CHEMBL473188'
    1298   1/0     1/0     1/0     1/0     3/0     3/0     3/0     3/0   'CHEMBL473418'
    1299   1/0     1/0     1/0     1/0     3/0     3/0     3/0     3/0   'CHEMBL473419'
    1300   1/0     1/0     1/0     1/0     2/0     2/0     2/0     2/0   'CHEMBL473830'
# counts of output and dropped structures after processing steps
# index  htreat  desalt  neutra   guard   epik   stereo    cgx   filter  title
    1301   1/0     1/0     1/0     1/0     2/0     2/0     2/0     2/0   'CHEMBL473973'
    1302   1/0     1/0     1/0     1/0     2/0     2/0     2/0     2/0   'CHEMBL474025'
    1303   1/0     1/0     1/0     1/0     2/0     2/0     2/0     2/0   'CHEMBL474049'
    1304   1/0     1/0     1/0     1/0     2/0     2/0     2/0     2/0   'CHEMBL474211'
    1305   1/0     1/0     1/0     1/0     2/0     2/0     2/0     2/0   'CHEMBL474394'
    1306   1/0     1/0     1/0     1/0     3/0     3/0     3/0     3/0   'CHEMBL474409'
    1307   1/0     1/0     1/0     1/0     3/0     3/0     3/0     3/0   'CHEMBL474410'
    1308   1/0     1/0     1/0     1/0     3/0     3/0     3/0     3/0   'CHEMBL474421'
    1309   1/0     1/0     1/0     1/0     2/0     2/0     2/0     2/0   'CHEMBL474559'
    1310   1/0     1/0     1/0     1/0     2/0     2/0     2/0     2/0   'CHEMBL474560'
    1311   1/0     1/0     1/0     1/0     2/0     2/0     2/0     2/0   'CHEMBL474767'
    1312   1/0     1/0     1/0     1/0     2/0     2/0     2/0     2/0   'CHEMBL474768'
    1313   1/0     1/0     1/0     1/0     2/0     2/0     2/0     2/0   'CHEMBL474794'
    1314   1/0     1/0     1/0     1/0     2/0     2/0     2/0     2/0   'CHEMBL474800'
    1315   1/0     1/0     1/0     1/0     2/0     2/0     2/0     2/0   'CHEMBL474959'
    1316   1/0     1/0     1/0     1/0     2/0     2/0     2/0     2/0   'CHEMBL474960'
    1317   1/0     1/0     1/0     1/0     2/0     2/0     2/0     2/0   'CHEMBL474982'
    1318   1/0     1/0     1/0     1/0     2/0     2/0     2/0     2/0   'CHEMBL474983'
    1319   1/0     1/0     1/0     1/0     3/0     3/0     3/0     3/0   'CHEMBL475246'
    1320   1/0     1/0     1/0     1/0     2/0     2/0     2/0     2/0   'CHEMBL475465'
    1321   1/0     1/0     1/0     1/0     3/0     3/0     3/0     3/0   'CHEMBL475573'
    1322   1/0     1/0     1/0     1/0     3/0     3/0     3/0     3/0   'CHEMBL475574'
    1323   1/0     1/0     1/0     1/0     3/0     3/0     3/0     3/0   'CHEMBL475586'
    1324   1/0     1/0     1/0     1/0     2/0     2/0     2/0     2/0   'CHEMBL475634'
    1325   1/0     1/0     1/0     1/0     2/0     2/0     2/0     2/0   'CHEMBL475654'
    1326   1/0     1/0     1/0     1/0     2/0     2/0     2/0     2/0   'CHEMBL475863'
    1327   1/0     1/0     1/0     1/0     2/0     2/0     2/0     2/0   'CHEMBL475870'
    1328   1/0     1/0     1/0     1/0     2/0     2/0     2/0     2/0   'CHEMBL479370'
    1329   1/0     1/0     1/0     1/0     2/0     2/0     2/0     2/0   'CHEMBL479380'
    1330   1/0     1/0     1/0     1/0     2/0     2/0     2/0     2/0   'CHEMBL479381'
    1331   1/0     1/0     1/0     1/0     2/0     2/0     2/0     2/0   'CHEMBL479538'
    1332   1/0     1/0     1/0     1/0     2/0     2/0     2/0     2/0   'CHEMBL479567'
    1333   1/0     1/0     1/0     1/0     2/0     2/0     2/0     2/0   'CHEMBL479736'
    1334   1/0     1/0     1/0     1/0     2/0     2/0     2/0     2/0   'CHEMBL479794'
    1335   1/0     1/0     1/0     1/0     2/0     2/0     2/0     2/0   'CHEMBL479803'
    1336   1/0     1/0     1/0     1/0     4/0     4/0     4/0     4/0   'CHEMBL479983'
    1337   1/0     1/0     1/0     1/0     2/0     2/0     2/0     2/0   'CHEMBL480154'
    1338   1/0     1/0     1/0     1/0     2/0     2/0     2/0     2/0   'CHEMBL480155'
    1339   1/0     1/0     1/0     1/0     2/0     2/0     2/0     2/0   'CHEMBL480324'
    1340   1/0     1/0     1/0     1/0     2/0     2/0     2/0     2/0   'CHEMBL480536'
    1341   1/0     1/0     1/0     1/0     2/0     2/0     2/0     2/0   'CHEMBL480537'
    1342   1/0     1/0     1/0     1/0     2/0     2/0     2/0     2/0   'CHEMBL480549'
    1343   1/0     1/0     1/0     1/0     2/0     2/0     2/0     2/0   'CHEMBL480550'
    1344   1/0     1/0     1/0     1/0     2/0     2/0     2/0     2/0   'CHEMBL480705'
    1345   1/0     1/0     1/0     1/0     2/0     2/0     2/0     2/0   'CHEMBL480712'
    1346   1/0     1/0     1/0     1/0     2/0     2/0     2/0     2/0   'CHEMBL480781'
    1347   1/0     1/0     1/0     1/0     2/0     2/0     2/0     2/0   'CHEMBL480913'
    1348   1/0     1/0     1/0     1/0     2/0     2/0     2/0     2/0   'CHEMBL480914'
    1349   1/0     1/0     1/0     1/0     2/0     2/0     2/0     2/0   'CHEMBL480942'
    1350   1/0     1/0     1/0     1/0     2/0     2/0     2/0     2/0   'CHEMBL480943'
# counts of output and dropped structures after processing steps
# index  htreat  desalt  neutra   guard   epik   stereo    cgx   filter  title
    1351   1/0     1/0     1/0     1/0     3/0     3/0     3/0     3/0   'CHEMBL481157'
    1352   1/0     1/0     1/0     1/0     2/0     2/0     2/0     2/0   'CHEMBL481158'
    1353   1/0     1/0     1/0     1/0     2/0     2/0     2/0     2/0   'CHEMBL481177'
    1354   1/0     1/0     1/0     1/0     2/0     2/0     2/0     2/0   'CHEMBL481288'
    1355   1/0     1/0     1/0     1/0     2/0     2/0     2/0     2/0   'CHEMBL481290'
    1356   1/0     1/0     1/0     1/0     2/0     2/0     2/0     2/0   'CHEMBL481554'
    1357   1/0     1/0     1/0     1/0     2/0     2/0     2/0     2/0   'CHEMBL481669'
    1358   1/0     1/0     1/0     1/0     2/0     2/0     2/0     2/0   'CHEMBL481714'
    1359   1/0     1/0     1/0     1/0     3/0     3/0     3/0     3/0   'CHEMBL481725'
    1360   1/0     1/0     1/0     1/0     2/0     2/0     2/0     2/0   'CHEMBL482070'
    1361   1/0     1/0     1/0     1/0     2/0     2/0     2/0     2/0   'CHEMBL482104'
    1362   1/0     1/0     1/0     1/0     2/0     2/0     2/0     2/0   'CHEMBL482154'
    1363   1/0     1/0     1/0     1/0     2/0     2/0     2/0     2/0   'CHEMBL482261'
    1364   1/0     1/0     1/0     1/0     2/0     2/0     2/0     2/0   'CHEMBL482262'
    1365   1/0     1/0     1/0     1/0     2/0     2/0     2/0     2/0   'CHEMBL482338'
    1366   1/0     1/0     1/0     1/0     1/0     1/0     1/0     1/0   'CHEMBL484528'
    1367   1/0     1/0     1/0     1/0     1/0     1/0     1/0     1/0   'CHEMBL485123'
    1368   1/0     1/0     1/0     1/0     1/0     1/0     1/0     1/0   'CHEMBL485124'
    1369   1/0     1/0     1/0     1/0     1/0     1/0     1/0     1/0   'CHEMBL485125'
    1370   1/0     1/0     1/0     1/0     2/0     2/0     2/0     2/0   'CHEMBL485827'
    1371   1/0     1/0     1/0     1/0     3/0     3/0     3/0     3/0   'CHEMBL485828'
    1372   1/0     1/0     1/0     1/0     2/0     2/0     2/0     2/0   'CHEMBL487630'
    1373   1/0     1/0     1/0     1/0     2/0     2/0     2/0     2/0   'CHEMBL487680'
    1374   1/0     1/0     1/0     1/0     2/0     2/0     2/0     2/0   'CHEMBL487681'
    1375   1/0     1/0     1/0     1/0     8/0     8/0     8/0     8/0   'CHEMBL487860'
    1376   1/0     1/0     1/0     1/0     2/0     2/0     2/0     2/0   'CHEMBL487861'
    1377   1/0     1/0     1/0     1/0     2/0     2/0     2/0     2/0   'CHEMBL487862'
    1378   1/0     1/0     1/0     1/0     2/0     2/0     2/0     2/0   'CHEMBL487872'
    1379   1/0     1/0     1/0     1/0     2/0     2/0     2/0     2/0   'CHEMBL488036'
    1380   1/0     1/0     1/0     1/0     2/0     2/0     2/0     2/0   'CHEMBL488056'
    1381   1/0     1/0     1/0     1/0     2/0     2/0     2/0     2/0   'CHEMBL488226'
    1382   1/0     1/0     1/0     1/0     2/0     2/0     2/0     2/0   'CHEMBL488227'
    1383   1/0     1/0     1/0     1/0     2/0     2/0     2/0     2/0   'CHEMBL488418'
    1384   1/0     1/0     1/0     1/0     2/0     2/0     2/0     2/0   'CHEMBL488419'
    1385   1/0     1/0     1/0     1/0     2/0     2/0     2/0     2/0   'CHEMBL488469'
    1386   1/0     1/0     1/0     1/0     2/0     2/0     2/0     2/0   'CHEMBL488484'
    1387   1/0     1/0     1/0     1/0     2/0     2/0     2/0     2/0   'CHEMBL488637'
    1388   1/0     1/0     1/0     1/0     2/0     2/0     2/0     2/0   'CHEMBL488678'
    1389   1/0     1/0     1/0     1/0     2/0     2/0     2/0     2/0   'CHEMBL492536'
    1390   1/0     1/0     1/0     1/0     2/0     2/0     2/0     2/0   'CHEMBL493543'
    1391   1/0     1/0     1/0     1/0     2/0     2/0     2/0     2/0   'CHEMBL493544'
    1392   1/0     1/0     1/0     1/0     2/0     2/0     2/0     2/0   'CHEMBL493760'
    1393   1/0     1/0     1/0     1/0     2/0     2/0     2/0     2/0   'CHEMBL494146'
    1394   1/0     1/0     1/0     1/0     2/0     2/0     2/0     2/0   'CHEMBL494340'
    1395   1/0     1/0     1/0     1/0     2/0     2/0     2/0     2/0   'CHEMBL494497'
    1396   1/0     1/0     1/0     1/0     2/0     2/0     2/0     2/0   'CHEMBL495932'
    1397   1/0     1/0     1/0     1/0     2/0     2/0     2/0     2/0   'CHEMBL496131'
    1398   1/0     1/0     1/0     1/0     2/0     2/0     2/0     2/0   'CHEMBL496691'
    1399   1/0     1/0     1/0     1/0     1/0     1/0     1/0     1/0   'CHEMBL496863'
    1400   1/0     1/0     1/0     1/0     2/0     2/0     2/0     2/0   'CHEMBL496953'
# counts of output and dropped structures after processing steps
# index  htreat  desalt  neutra   guard   epik   stereo    cgx   filter  title
    1401   1/0     1/0     1/0     1/0     1/0     1/0     1/0     1/0   'CHEMBL497735'
    1402   1/0     1/0     1/0     1/0     2/0     2/0     2/0     2/0   'CHEMBL497782'
    1403   1/0     1/0     1/0     1/0     2/0     2/0     2/0     2/0   'CHEMBL497993'
    1404   1/0     1/0     1/0     1/0     2/0     2/0     2/0     2/0   'CHEMBL498167'
    1405   1/0     1/0     1/0     1/0     1/0     1/0     1/0     1/0   'CHEMBL498749'
    1406   1/0     1/0     1/0     1/0     2/0     2/0     2/0     2/0   'CHEMBL499101'
    1407   1/0     1/0     1/0     1/0     2/0     2/0     2/0     2/0   'CHEMBL500008'
    1408   1/0     1/0     1/0     1/0     2/0     2/0     2/0     2/0   'CHEMBL501126'
    1409   1/0     1/0     1/0     1/0     2/0     2/0     2/0     2/0   'CHEMBL501314'
    1410   1/0     1/0     1/0     1/0     5/0     5/0     5/0     5/0   'CHEMBL501521'
    1411   1/0     1/0     1/0     1/0     2/0     2/0     2/0     2/0   'CHEMBL503274'
    1412   1/0     1/0     1/0     1/0     2/0     2/0     2/0     2/0   'CHEMBL503809'
    1413   1/0     1/0     1/0     1/0     2/0     2/0     2/0     2/0   'CHEMBL504506'
    1414   1/0     1/0     1/0     1/0     2/0     2/0     2/0     2/0   'CHEMBL504823'
    1415   1/0     1/0     1/0     1/0     2/0     2/0     2/0     2/0   'CHEMBL507254'
    1416   1/0     1/0     1/0     1/0     2/0     2/0     2/0     2/0   'CHEMBL507719'
    1417   1/0     1/0     1/0     1/0     2/0     2/0     2/0     2/0   'CHEMBL507738'
    1418   1/0     1/0     1/0     1/0     2/0     2/0     2/0     2/0   'CHEMBL508494'
    1419   1/0     1/0     1/0     1/0     2/0     2/0     2/0     2/0   'CHEMBL508845'
    1420   1/0     1/0     1/0     1/0     4/0     4/0     4/0     4/0   'CHEMBL509391'
    1421   1/0     1/0     1/0     1/0     2/0     2/0     2/0     2/0   'CHEMBL509672'
    1422   1/0     1/0     1/0     1/0     2/0     2/0     2/0     2/0   'CHEMBL509777'
    1423   1/0     1/0     1/0     1/0     2/0     2/0     2/0     2/0   'CHEMBL510073'
    1424   1/0     1/0     1/0     1/0     2/0     2/0     2/0     2/0   'CHEMBL510594'
    1425   1/0     1/0     1/0     1/0     2/0     2/0     2/0     2/0   'CHEMBL510797'
    1426   1/0     1/0     1/0     1/0     4/0     4/0     4/0     4/0   'CHEMBL511125'
    1427   1/0     1/0     1/0     1/0     3/0     3/0     3/0     3/0   'CHEMBL511128'
    1428   1/0     1/0     1/0     1/0     2/0     2/0     2/0     2/0   'CHEMBL511346'
    1429   1/0     1/0     1/0     1/0     2/0     2/0     2/0     2/0   'CHEMBL511785'
    1430   1/0     1/0     1/0     1/0     2/0     2/0     2/0     2/0   'CHEMBL511872'
    1431   1/0     1/0     1/0     1/0     2/0     2/0     2/0     2/0   'CHEMBL512145'
    1432   1/0     1/0     1/0     1/0     2/0     2/0     2/0     2/0   'CHEMBL512694'
    1433   1/0     1/0     1/0     1/0     2/0     2/0     2/0     2/0   'CHEMBL512709'
    1434   1/0     1/0     1/0     1/0     2/0     2/0     2/0     2/0   'CHEMBL512718'
    1435   1/0     1/0     1/0     1/0     2/0     2/0     2/0     2/0   'CHEMBL512726'
    1436   1/0     1/0     1/0     1/0     2/0     2/0     2/0     2/0   'CHEMBL512887'
    1437   1/0     1/0     1/0     1/0     2/0     2/0     2/0     2/0   'CHEMBL512890'
    1438   1/0     1/0     1/0     1/0     2/0     2/0     2/0     2/0   'CHEMBL512895'
    1439   1/0     1/0     1/0     1/0     2/0     2/0     2/0     2/0   'CHEMBL513425'
    1440   1/0     1/0     1/0     1/0     2/0     2/0     2/0     2/0   'CHEMBL513543'
    1441   1/0     1/0     1/0     1/0     2/0     2/0     2/0     2/0   'CHEMBL513725'
    1442   1/0     1/0     1/0     1/0     2/0     2/0     2/0     2/0   'CHEMBL513764'
    1443   1/0     1/0     1/0     1/0     2/0     2/0     2/0     2/0   'CHEMBL514006'
    1444   1/0     1/0     1/0     1/0     3/0     3/0     3/0     3/0   'CHEMBL514011'
    1445   1/0     1/0     1/0     1/0     2/0     2/0     2/0     2/0   'CHEMBL514317'
    1446   1/0     1/0     1/0     1/0     2/0     2/0     2/0     2/0   'CHEMBL514617'
    1447   1/0     1/0     1/0     1/0     3/0     3/0     3/0     3/0   'CHEMBL514623'
    1448   1/0     1/0     1/0     1/0     3/0     3/0     3/0     3/0   'CHEMBL514935'
    1449   1/0     1/0     1/0     1/0     2/0     2/0     2/0     2/0   'CHEMBL515378'
    1450   1/0     1/0     1/0     1/0     3/0     3/0     3/0     3/0   'CHEMBL515387'
# counts of output and dropped structures after processing steps
# index  htreat  desalt  neutra   guard   epik   stereo    cgx   filter  title
    1451   1/0     1/0     1/0     1/0     2/0     2/0     2/0     2/0   'CHEMBL515435'
    1452   1/0     1/0     1/0     1/0     2/0     2/0     2/0     2/0   'CHEMBL515552'
    1453   1/0     1/0     1/0     1/0     3/0     3/0     3/0     3/0   'CHEMBL515597'
    1454   1/0     1/0     1/0     1/0     3/0     3/0     3/0     3/0   'CHEMBL515869'
    1455   1/0     1/0     1/0     1/0     2/0     2/0     2/0     2/0   'CHEMBL516080'
    1456   1/0     1/0     1/0     1/0     2/0     2/0     2/0     2/0   'CHEMBL517072'
    1457   1/0     1/0     1/0     1/0     2/0     2/0     2/0     2/0   'CHEMBL517776'
    1458   1/0     1/0     1/0     1/0     2/0     2/0     2/0     2/0   'CHEMBL518831'
    1459   1/0     1/0     1/0     1/0     3/0     3/0     3/0     3/0   'CHEMBL519139'
    1460   1/0     1/0     1/0     1/0     2/0     2/0     2/0     2/0   'CHEMBL519265'
    1461   1/0     1/0     1/0     1/0     2/0     2/0     2/0     2/0   'CHEMBL519272'
    1462   1/0     1/0     1/0     1/0     4/0     4/0     4/0     4/0   'CHEMBL519585'
    1463   1/0     1/0     1/0     1/0     2/0     2/0     2/0     2/0   'CHEMBL519773'
    1464   1/0     1/0     1/0     1/0     2/0     2/0     2/0     2/0   'CHEMBL520067'
    1465   1/0     1/0     1/0     1/0     3/0     3/0     3/0     3/0   'CHEMBL520089'
    1466   1/0     1/0     1/0     1/0     2/0     2/0     2/0     2/0   'CHEMBL520266'
    1467   1/0     1/0     1/0     1/0     2/0     2/0     2/0     2/0   'CHEMBL520434'
    1468   1/0     1/0     1/0     1/0     2/0     2/0     2/0     2/0   'CHEMBL520854'
    1469   1/0     1/0     1/0     1/0     2/0     2/0     2/0     2/0   'CHEMBL520921'
    1470   1/0     1/0     1/0     1/0     2/0     2/0     2/0     2/0   'CHEMBL521224'
    1471   1/0     1/0     1/0     1/0     2/0     2/0     2/0     2/0   'CHEMBL521267'
    1472   1/0     1/0     1/0     1/0     2/0     2/0     2/0     2/0   'CHEMBL522002'
    1473   1/0     1/0     1/0     1/0     1/0     1/0     1/0     1/0   'CHEMBL522909'
    1474   1/0     1/0     1/0     1/0     1/0     1/0     1/0     1/0   'CHEMBL522911'
    1475   1/0     1/0     1/0     1/0     1/0     1/0     1/0     1/0   'CHEMBL523066'
    1476   1/0     1/0     1/0     1/0     1/0     1/0     1/0     1/0   'CHEMBL525011'
    1477   1/0     1/0     1/0     1/0     3/0     3/0     3/0     3/0   'CHEMBL525183'
    1478   1/0     1/0     1/0     1/0     2/0     2/0     2/0     2/0   'CHEMBL527015'
    1479   1/0     1/0     1/0     1/0     2/0     2/0     2/0     2/0   'CHEMBL527198'
    1480   1/0     1/0     1/0     1/0     2/0     2/0     2/0     2/0   'CHEMBL527424'
    1481   1/0     1/0     1/0     1/0     2/0     2/0     2/0     2/0   'CHEMBL527647'
    1482   1/0     1/0     1/0     1/0     2/0     2/0     2/0     2/0   'CHEMBL534959'
    1483   1/0     1/0     1/0     1/0     2/0     2/0     2/0     2/0   'CHEMBL534960'
    1484   1/0     1/0     1/0     1/0     2/0     2/0     2/0     2/0   'CHEMBL535180'
    1485   1/0     1/0     1/0     1/0     2/0     2/0     2/0     2/0   'CHEMBL536088'
    1486   1/0     1/0     1/0     1/0     2/0     2/0     2/0     2/0   'CHEMBL536089'
    1487   1/0     1/0     1/0     1/0     2/0     2/0     2/0     2/0   'CHEMBL536311'
    1488   1/0     1/0     1/0     1/0     2/0     2/0     2/0     2/0   'CHEMBL536765'
    1489   1/0     1/0     1/0     1/0     2/0     2/0     2/0     2/0   'CHEMBL537000'
    1490   1/0     1/0     1/0     1/0     2/0     2/0     2/0     2/0   'CHEMBL537400'
    1491   1/0     1/0     1/0     1/0     1/0     1/0     1/0     1/0   'CHEMBL537586'
    1492   1/0     1/0     1/0     1/0     2/0     2/0     2/0     2/0   'CHEMBL537625'
    1493   1/0     1/0     1/0     1/0     2/0     2/0     2/0     2/0   'CHEMBL537844'
    1494   1/0     1/0     1/0     1/0     2/0     2/0     2/0     2/0   'CHEMBL537869'
    1495   1/0     1/0     1/0     1/0     2/0     2/0     2/0     2/0   'CHEMBL537962'
    1496   1/0     1/0     1/0     1/0     2/0     2/0     2/0     2/0   'CHEMBL539077'
    1497   1/0     1/0     1/0     1/0     2/0     2/0     2/0     2/0   'CHEMBL539187'
    1498   1/0     1/0     1/0     1/0     3/0     3/0     3/0     3/0   'CHEMBL539243'
    1499   1/0     1/0     1/0     1/0     2/0     2/0     2/0     2/0   'CHEMBL539500'
    1500   1/0     1/0     1/0     1/0     2/0     2/0     2/0     2/0   'CHEMBL539610'
# counts of output and dropped structures after processing steps
# index  htreat  desalt  neutra   guard   epik   stereo    cgx   filter  title
    1501   1/0     1/0     1/0     1/0     2/0     2/0     2/0     2/0   'CHEMBL539611'
    1502   1/0     1/0     1/0     1/0     2/0     2/0     2/0     2/0   'CHEMBL539691'
    1503   1/0     1/0     1/0     1/0     2/0     2/0     2/0     2/0   'CHEMBL539758'
    1504   1/0     1/0     1/0     1/0     2/0     2/0     2/0     2/0   'CHEMBL539939'
    1505   1/0     1/0     1/0     1/0     3/0     3/0     3/0     3/0   'CHEMBL540711'
    1506   1/0     1/0     1/0     1/0     2/0     2/0     2/0     2/0   'CHEMBL541664'
    1507   1/0     1/0     1/0     1/0     2/0     2/0     2/0     2/0   'CHEMBL543057'
    1508   1/0     1/0     1/0     1/0     2/0     2/0     2/0     2/0   'CHEMBL543062'
    1509   1/0     1/0     1/0     1/0     2/0     2/0     2/0     2/0   'CHEMBL543539'
    1510   1/0     1/0     1/0     1/0     3/0     3/0     3/0     3/0   'CHEMBL544241'
    1511   1/0     1/0     1/0     1/0     2/0     2/0     2/0     2/0   'CHEMBL544474'
    1512   1/0     1/0     1/0     1/0     2/0     2/0     2/0     2/0   'CHEMBL544475'
    1513   1/0     1/0     1/0     1/0     3/0     3/0     3/0     3/0   'CHEMBL544478'
    1514   1/0     1/0     1/0     1/0     2/0     2/0     2/0     2/0   'CHEMBL544717'
    1515   1/0     1/0     1/0     1/0     2/0     2/0     2/0     2/0   'CHEMBL544950'
    1516   1/0     1/0     1/0     1/0     2/0     2/0     2/0     2/0   'CHEMBL549296'
    1517   1/0     1/0     1/0     1/0     2/0     2/0     2/0     2/0   'CHEMBL549432'
    1518   1/0     1/0     1/0     1/0     2/0     2/0     2/0     2/0   'CHEMBL549581'
    1519   1/0     1/0     1/0     1/0     2/0     2/0     2/0     2/0   'CHEMBL549842'
    1520   1/0     1/0     1/0     1/0     3/0     3/0     3/0     3/0   'CHEMBL549913'
    1521   1/0     1/0     1/0     1/0     2/0     2/0     2/0     2/0   'CHEMBL549992'
    1522   1/0     1/0     1/0     1/0     2/0     2/0     2/0     2/0   'CHEMBL550114'
    1523   1/0     1/0     1/0     1/0     2/0     2/0     2/0     2/0   'CHEMBL550321'
    1524   1/0     1/0     1/0     1/0     4/0     4/0     4/0     4/0   'CHEMBL550598'
    1525   1/0     1/0     1/0     1/0     2/0     2/0     2/0     2/0   'CHEMBL550801'
    1526   1/0     1/0     1/0     1/0     2/0     2/0     2/0     2/0   'CHEMBL550862'
    1527   1/0     1/0     1/0     1/0     3/0     3/0     3/0     3/0   'CHEMBL552068'
    1528   1/0     1/0     1/0     1/0     2/0     2/0     2/0     2/0   'CHEMBL552069'
    1529   1/0     1/0     1/0     1/0     3/0     3/0     3/0     3/0   'CHEMBL552071'
    1530   1/0     1/0     1/0     1/0     2/0     2/0     2/0     2/0   'CHEMBL552127'
    1531   1/0     1/0     1/0     1/0     2/0     2/0     2/0     2/0   'CHEMBL552263'
    1532   1/0     1/0     1/0     1/0     1/0     1/0     1/0     1/0   'CHEMBL552403'
    1533   1/0     1/0     1/0     1/0     2/0     2/0     2/0     2/0   'CHEMBL552479'
    1534   1/0     1/0     1/0     1/0     2/0     2/0     2/0     2/0   'CHEMBL553006'
    1535   1/0     1/0     1/0     1/0     3/0     3/0     3/0     3/0   'CHEMBL553407'
    1536   1/0     1/0     1/0     1/0     2/0     2/0     2/0     2/0   'CHEMBL553787'
    1537   1/0     1/0     1/0     1/0     2/0     2/0     2/0     2/0   'CHEMBL553936'
    1538   1/0     1/0     1/0     1/0     2/0     2/0     2/0     2/0   'CHEMBL554090'
    1539   1/0     1/0     1/0     1/0     2/0     2/0     2/0     2/0   'CHEMBL554682'
    1540   1/0     1/0     1/0     1/0     2/0     2/0     2/0     2/0   'CHEMBL554683'
    1541   1/0     1/0     1/0     1/0     3/0     3/0     3/0     3/0   'CHEMBL554880'
    1542   1/0     1/0     1/0     1/0     2/0     2/0     2/0     2/0   'CHEMBL554882'
    1543   1/0     1/0     1/0     1/0     2/0     2/0     2/0     2/0   'CHEMBL554908'
    1544   1/0     1/0     1/0     1/0     3/0     3/0     3/0     3/0   'CHEMBL554957'
    1545   1/0     1/0     1/0     1/0     3/0     3/0     3/0     3/0   'CHEMBL555560'
    1546   1/0     1/0     1/0     1/0     2/0     2/0     2/0     2/0   'CHEMBL556219'
    1547   1/0     1/0     1/0     1/0     3/0     3/0     3/0     3/0   'CHEMBL556494'
    1548   1/0     1/0     1/0     1/0     2/0     2/0     2/0     2/0   'CHEMBL556606'
    1549   1/0     1/0     1/0     1/0     2/0     2/0     2/0     2/0   'CHEMBL556708'
    1550   1/0     1/0     1/0     1/0     2/0     2/0     2/0     2/0   'CHEMBL557187'
# counts of output and dropped structures after processing steps
# index  htreat  desalt  neutra   guard   epik   stereo    cgx   filter  title
    1551   1/0     1/0     1/0     1/0     2/0     2/0     2/0     2/0   'CHEMBL557219'
    1552   1/0     1/0     1/0     1/0     2/0     2/0     2/0     2/0   'CHEMBL557315'
    1553   1/0     1/0     1/0     1/0     2/0     2/0     2/0     2/0   'CHEMBL557542'
    1554   1/0     1/0     1/0     1/0     2/0     2/0     2/0     2/0   'CHEMBL557723'
    1555   1/0     1/0     1/0     1/0     2/0     2/0     2/0     2/0   'CHEMBL557776'
    1556   1/0     1/0     1/0     1/0     2/0     2/0     2/0     2/0   'CHEMBL557851'
    1557   1/0     1/0     1/0     1/0     2/0     2/0     2/0     2/0   'CHEMBL557860'
    1558   1/0     1/0     1/0     1/0     2/0     2/0     2/0     2/0   'CHEMBL557990'
    1559   1/0     1/0     1/0     1/0     2/0     2/0     2/0     2/0   'CHEMBL558196'
    1560   1/0     1/0     1/0     1/0     2/0     2/0     2/0     2/0   'CHEMBL558253'
    1561   1/0     1/0     1/0     1/0     2/0     2/0     2/0     2/0   'CHEMBL558313'
    1562   1/0     1/0     1/0     1/0     2/0     2/0     2/0     2/0   'CHEMBL558322'
    1563   1/0     1/0     1/0     1/0     2/0     2/0     2/0     2/0   'CHEMBL558323'
    1564   1/0     1/0     1/0     1/0     2/0     2/0     2/0     2/0   'CHEMBL558452'
    1565   1/0     1/0     1/0     1/0     2/0     2/0     2/0     2/0   'CHEMBL558585'
    1566   1/0     1/0     1/0     1/0     2/0     2/0     2/0     2/0   'CHEMBL558647'
    1567   1/0     1/0     1/0     1/0     2/0     2/0     2/0     2/0   'CHEMBL558779'
    1568   1/0     1/0     1/0     1/0     2/0     2/0     2/0     2/0   'CHEMBL558956'
    1569   1/0     1/0     1/0     1/0     2/0     2/0     2/0     2/0   'CHEMBL559011'
    1570   1/0     1/0     1/0     1/0     2/0     2/0     2/0     2/0   'CHEMBL559543'
    1571   1/0     1/0     1/0     1/0     2/0     2/0     2/0     2/0   'CHEMBL559601'
    1572   1/0     1/0     1/0     1/0     2/0     2/0     2/0     2/0   'CHEMBL559602'
    1573   1/0     1/0     1/0     1/0     2/0     2/0     2/0     2/0   'CHEMBL560123'
    1574   1/0     1/0     1/0     1/0     2/0     2/0     2/0     2/0   'CHEMBL560183'
    1575   1/0     1/0     1/0     1/0     2/0     2/0     2/0     2/0   'CHEMBL560184'
    1576   1/0     1/0     1/0     1/0     2/0     2/0     2/0     2/0   'CHEMBL560583'
    1577   1/0     1/0     1/0     1/0     2/0     2/0     2/0     2/0   'CHEMBL560669'
    1578   1/0     1/0     1/0     1/0     2/0     2/0     2/0     2/0   'CHEMBL560985'
    1579   1/0     1/0     1/0     1/0     2/0     2/0     2/0     2/0   'CHEMBL561120'
    1580   1/0     1/0     1/0     1/0     2/0     2/0     2/0     2/0   'CHEMBL561263'
    1581   1/0     1/0     1/0     1/0     2/0     2/0     2/0     2/0   'CHEMBL561322'
    1582   1/0     1/0     1/0     1/0     2/0     2/0     2/0     2/0   'CHEMBL561462'
    1583   1/0     1/0     1/0     1/0     2/0     2/0     2/0     2/0   'CHEMBL562072'
    1584   1/0     1/0     1/0     1/0     2/0     2/0     2/0     2/0   'CHEMBL562467'
    1585   1/0     1/0     1/0     1/0     2/0     2/0     2/0     2/0   'CHEMBL562525'
    1586   1/0     1/0     1/0     1/0     2/0     2/0     2/0     2/0   'CHEMBL562530'
    1587   1/0     1/0     1/0     1/0     2/0     2/0     2/0     2/0   'CHEMBL562603'
    1588   1/0     1/0     1/0     1/0     4/0     4/0     4/0     4/0   'CHEMBL562953'
    1589   1/0     1/0     1/0     1/0     2/0     2/0     2/0     2/0   'CHEMBL562981'
    1590   1/0     1/0     1/0     1/0     2/0     2/0     2/0     2/0   'CHEMBL563108'
    1591   1/0     1/0     1/0     1/0     2/0     2/0     2/0     2/0   'CHEMBL563244'
    1592   1/0     1/0     1/0     1/0     2/0     2/0     2/0     2/0   'CHEMBL563272'
    1593   1/0     1/0     1/0     1/0     3/0     3/0     3/0     3/0   'CHEMBL563383'
    1594   1/0     1/0     1/0     1/0     2/0     2/0     2/0     2/0   'CHEMBL563648'
    1595   1/0     1/0     1/0     1/0     2/0     2/0     2/0     2/0   'CHEMBL563772'
    1596   1/0     1/0     1/0     1/0     2/0     2/0     2/0     2/0   'CHEMBL563849'
    1597   1/0     1/0     1/0     1/0     2/0     2/0     2/0     2/0   'CHEMBL563901'
    1598   1/0     1/0     1/0     1/0     2/0     2/0     2/0     2/0   'CHEMBL563911'
    1599   1/0     1/0     1/0     1/0     2/0     2/0     2/0     2/0   'CHEMBL564043'
    1600   1/0     1/0     1/0     1/0     2/0     2/0     2/0     2/0   'CHEMBL564105'
# counts of output and dropped structures after processing steps
# index  htreat  desalt  neutra   guard   epik   stereo    cgx   filter  title
    1601   1/0     1/0     1/0     1/0     2/0     2/0     2/0     2/0   'CHEMBL564249'
    1602   1/0     1/0     1/0     1/0     3/0     3/0     3/0     3/0   'CHEMBL564283'
    1603   1/0     1/0     1/0     1/0     2/0     2/0     2/0     2/0   'CHEMBL564488'
    1604   1/0     1/0     1/0     1/0     1/0     1/0     1/0     1/0   'CHEMBL564670'
    1605   1/0     1/0     1/0     1/0     2/0     2/0     2/0     2/0   'CHEMBL564854'
    1606   1/0     1/0     1/0     1/0     2/0     2/0     2/0     2/0   'CHEMBL565056'
    1607   1/0     1/0     1/0     1/0     2/0     2/0     2/0     2/0   'CHEMBL565101'
    1608   1/0     1/0     1/0     1/0     2/0     2/0     2/0     2/0   'CHEMBL565600'
    1609   1/0     1/0     1/0     1/0     2/0     2/0     2/0     2/0   'CHEMBL565613'
    1610   1/0     1/0     1/0     1/0     2/0     2/0     2/0     2/0   'CHEMBL565633'
    1611   1/0     1/0     1/0     1/0     2/0     2/0     2/0     2/0   'CHEMBL565813'
    1612   1/0     1/0     1/0     1/0     3/0     3/0     3/0     3/0   'CHEMBL565999'
    1613   1/0     1/0     1/0     1/0     2/0     2/0     2/0     2/0   'CHEMBL566419'
    1614   1/0     1/0     1/0     1/0     2/0     2/0     2/0     2/0   'CHEMBL566425'
    1615   1/0     1/0     1/0     1/0     2/0     2/0     2/0     2/0   'CHEMBL566460'
    1616   1/0     1/0     1/0     1/0     2/0     2/0     2/0     2/0   'CHEMBL566616'
    1617   1/0     1/0     1/0     1/0     3/0     3/0     3/0     3/0   'CHEMBL566617'
    1618   1/0     1/0     1/0     1/0     2/0     2/0     2/0     2/0   'CHEMBL566628'
    1619   1/0     1/0     1/0     1/0     2/0     2/0     2/0     2/0   'CHEMBL566672'
    1620   1/0     1/0     1/0     1/0     2/0     2/0     2/0     2/0   'CHEMBL566829'
    1621   1/0     1/0     1/0     1/0     3/0     3/0     3/0     3/0   'CHEMBL566854'
    1622   1/0     1/0     1/0     1/0     3/0     3/0     3/0     3/0   'CHEMBL567263'
    1623   1/0     1/0     1/0     1/0     2/0     2/0     2/0     2/0   'CHEMBL567270'
    1624   1/0     1/0     1/0     1/0     2/0     2/0     2/0     2/0   'CHEMBL567278'
    1625   1/0     1/0     1/0     1/0     2/0     2/0     2/0     2/0   'CHEMBL567279'
    1626   1/0     1/0     1/0     1/0     2/0     2/0     2/0     2/0   'CHEMBL567727'
    1627   1/0     1/0     1/0     1/0     2/0     2/0     2/0     2/0   'CHEMBL567728'
    1628   1/0     1/0     1/0     1/0     2/0     2/0     2/0     2/0   'CHEMBL568111'
    1629   1/0     1/0     1/0     1/0     1/0     1/0     1/0     1/0   'CHEMBL574038'
    1630   1/0     1/0     1/0     1/0     1/0     1/0     1/0     1/0   'CHEMBL584162'
    1631   1/0     1/0     1/0     1/0     3/0     3/0     3/0     3/0   'CHEMBL584276'
    1632   1/0     1/0     1/0     1/0     2/0     2/0     2/0     2/0   'CHEMBL584494'
    1633   1/0     1/0     1/0     1/0     2/0     2/0     2/0     2/0   'CHEMBL584692'
    1634   1/0     1/0     1/0     1/0     2/0     2/0     2/0     2/0   'CHEMBL584698'
    1635   1/0     1/0     1/0     1/0     2/0     2/0     2/0     2/0   'CHEMBL585129'
    1636   1/0     1/0     1/0     1/0     2/0     2/0     2/0     2/0   'CHEMBL585290'
    1637   1/0     1/0     1/0     1/0     2/0     2/0     2/0     2/0   'CHEMBL585663'
    1638   1/0     1/0     1/0     1/0     3/0     3/0     3/0     3/0   'CHEMBL589598'
    1639   1/0     1/0     1/0     1/0     3/0     3/0     3/0     3/0   'CHEMBL590086'
    1640   1/0     1/0     1/0     1/0     3/0     3/0     3/0     3/0   'CHEMBL590326'
    1641   1/0     1/0     1/0     1/0     3/0     3/0     3/0     3/0   'CHEMBL590329'
    1642   1/0     1/0     1/0     1/0     3/0     3/0     3/0     3/0   'CHEMBL590330'
    1643   1/0     1/0     1/0     1/0     3/0     3/0     3/0     3/0   'CHEMBL590557'
    1644   1/0     1/0     1/0     1/0     3/0     3/0     3/0     3/0   'CHEMBL590812'
    1645   1/0     1/0     1/0     1/0     3/0     3/0     3/0     3/0   'CHEMBL591060'
    1646   1/0     1/0     1/0     1/0     3/0     3/0     3/0     3/0   'CHEMBL591117'
    1647   1/0     1/0     1/0     1/0     3/0     3/0     3/0     3/0   'CHEMBL591118'
    1648   1/0     1/0     1/0     1/0     2/0     2/0     2/0     2/0   'CHEMBL591277'
    1649   1/0     1/0     1/0     1/0     2/0     2/0     2/0     2/0   'CHEMBL591278'
    1650   1/0     1/0     1/0     1/0     2/0     2/0     2/0     2/0   'CHEMBL591279'
# counts of output and dropped structures after processing steps
# index  htreat  desalt  neutra   guard   epik   stereo    cgx   filter  title
    1651   1/0     1/0     1/0     1/0     3/0     3/0     3/0     3/0   'CHEMBL591289'
    1652   1/0     1/0     1/0     1/0     3/0     3/0     3/0     3/0   'CHEMBL591290'
    1653   1/0     1/0     1/0     1/0     3/0     3/0     3/0     3/0   'CHEMBL591291'
    1654   1/0     1/0     1/0     1/0     2/0     2/0     2/0     2/0   'CHEMBL591982'
    1655   1/0     1/0     1/0     1/0     4/0     4/0     4/0     4/0   'CHEMBL592005'
    1656   1/0     1/0     1/0     1/0     3/0     3/0     3/0     3/0   'CHEMBL592547'
    1657   1/0     1/0     1/0     1/0     3/0     3/0     3/0     3/0   'CHEMBL592778'
    1658   1/0     1/0     1/0     1/0     3/0     3/0     3/0     3/0   'CHEMBL592779'
    1659   1/0     1/0     1/0     1/0     3/0     3/0     3/0     3/0   'CHEMBL598470'
    1660   1/0     1/0     1/0     1/0     3/0     3/0     3/0     3/0   'CHEMBL598754'
    1661   1/0     1/0     1/0     1/0     3/0     3/0     3/0     3/0   'CHEMBL598755'
    1662   1/0     1/0     1/0     1/0     3/0     3/0     3/0     3/0   'CHEMBL600045'
    1663   1/0     1/0     1/0     1/0     3/0     3/0     3/0     3/0   'CHEMBL600440'
    1664   1/0     1/0     1/0     1/0     3/0     3/0     3/0     3/0   'CHEMBL601074'
    1665   1/0     1/0     1/0     1/0     2/0     2/0     2/0     2/0   'CHEMBL601937'
    1666   1/0     1/0     1/0     1/0     3/0     3/0     3/0     3/0   'CHEMBL605285'
    1667   1/0     1/0     1/0     1/0     2/0     2/0     2/0     2/0   'CHEMBL1082345'
    1668   1/0     1/0     1/0     1/0     2/0     2/0     2/0     2/0   'CHEMBL1082346'
    1669   1/0     1/0     1/0     1/0     2/0     2/0     2/0     2/0   'CHEMBL1082347'
    1670   1/0     1/0     1/0     1/0     2/0     2/0     2/0     2/0   'CHEMBL1082348'
    1671   1/0     1/0     1/0     1/0     2/0     2/0     2/0     2/0   'CHEMBL1082350'
    1672   1/0     1/0     1/0     1/0     2/0     2/0     2/0     2/0   'CHEMBL1082462'
    1673   1/0     1/0     1/0     1/0     2/0     2/0     2/0     2/0   'CHEMBL1082463'
    1674   1/0     1/0     1/0     1/0     2/0     2/0     2/0     2/0   'CHEMBL1082464'
    1675   1/0     1/0     1/0     1/0     2/0     2/0     2/0     2/0   'CHEMBL1082465'
    1676   1/0     1/0     1/0     1/0     2/0     2/0     2/0     2/0   'CHEMBL1082653'
    1677   1/0     1/0     1/0     1/0     2/0     2/0     2/0     2/0   'CHEMBL1082654'
    1678   1/0     1/0     1/0     1/0     2/0     2/0     2/0     2/0   'CHEMBL1082707'
    1679   1/0     1/0     1/0     1/0     2/0     2/0     2/0     2/0   'CHEMBL1082708'
    1680   1/0     1/0     1/0     1/0     2/0     2/0     2/0     2/0   'CHEMBL1082716'
    1681   1/0     1/0     1/0     1/0     2/0     2/0     2/0     2/0   'CHEMBL1082973'
    1682   1/0     1/0     1/0     1/0     2/0     2/0     2/0     2/0   'CHEMBL1082974'
    1683   1/0     1/0     1/0     1/0     1/0     1/0     1/0     1/0   'CHEMBL1082996'
    1684   1/0     1/0     1/0     1/0     2/0     2/0     2/0     2/0   'CHEMBL1082997'
    1685   1/0     1/0     1/0     1/0     2/0     2/0     2/0     2/0   'CHEMBL1083031'
    1686   1/0     1/0     1/0     1/0     2/0     2/0     2/0     2/0   'CHEMBL1083032'
    1687   1/0     1/0     1/0     1/0     2/0     2/0     2/0     2/0   'CHEMBL1083287'
    1688   1/0     1/0     1/0     1/0     2/0     2/0     2/0     2/0   'CHEMBL1083588'
    1689   1/0     1/0     1/0     1/0     2/0     2/0     2/0     2/0   'CHEMBL1083589'
    1690   1/0     1/0     1/0     1/0     2/0     2/0     2/0     2/0   'CHEMBL1083916'
    1691   1/0     1/0     1/0     1/0     2/0     2/0     2/0     2/0   'CHEMBL1084473'
    1692   1/0     1/0     1/0     1/0     2/0     2/0     2/0     2/0   'CHEMBL1084601'
    1693   1/0     1/0     1/0     1/0     2/0     2/0     2/0     2/0   'CHEMBL1084972'
    1694   1/0     1/0     1/0     1/0     2/0     2/0     2/0     2/0   'CHEMBL1085074'
    1695   1/0     1/0     1/0     1/0     2/0     2/0     2/0     2/0   'CHEMBL1085075'
    1696   1/0     1/0     1/0     1/0     2/0     2/0     2/0     2/0   'CHEMBL1085269'
    1697   1/0     1/0     1/0     1/0     2/0     2/0     2/0     2/0   'CHEMBL1085305'
    1698   1/0     1/0     1/0     1/0     2/0     2/0     2/0     2/0   'CHEMBL1085306'
    1699   1/0     1/0     1/0     1/0     2/0     2/0     2/0     2/0   'CHEMBL1085332'
    1700   1/0     1/0     1/0     1/0     2/0     2/0     2/0     2/0   'CHEMBL1085333'
# counts of output and dropped structures after processing steps
# index  htreat  desalt  neutra   guard   epik   stereo    cgx   filter  title
    1701   1/0     1/0     1/0     1/0     2/0     2/0     2/0     2/0   'CHEMBL1085522'
    1702   1/0     1/0     1/0     1/0     2/0     2/0     2/0     2/0   'CHEMBL1085552'
    1703   1/0     1/0     1/0     1/0     2/0     2/0     2/0     2/0   'CHEMBL1085579'
    1704   1/0     1/0     1/0     1/0     2/0     2/0     2/0     2/0   'CHEMBL1085580'
    1705   1/0     1/0     1/0     1/0     2/0     2/0     2/0     2/0   'CHEMBL1085595'
    1706   1/0     1/0     1/0     1/0     4/0     4/0     4/0     4/0   'CHEMBL1085596'
    1707   1/0     1/0     1/0     1/0     2/0     2/0     2/0     2/0   'CHEMBL1085597'
    1708   1/0     1/0     1/0     1/0     2/0     2/0     2/0     2/0   'CHEMBL1085598'
    1709   1/0     1/0     1/0     1/0     2/0     2/0     2/0     2/0   'CHEMBL1086039'
    1710   1/0     1/0     1/0     1/0     2/0     2/0     2/0     2/0   'CHEMBL1086466'
    1711   1/0     1/0     1/0     1/0     2/0     2/0     2/0     2/0   'CHEMBL1086502'
    1712   1/0     1/0     1/0     1/0     2/0     2/0     2/0     2/0   'CHEMBL1182947'
    1713   1/0     1/0     1/0     1/0     2/0     2/0     2/0     2/0   'CHEMBL1185242'
    1714   1/0     1/0     1/0     1/0     2/0     2/0     2/0     2/0   'CHEMBL1186902'
    1715   1/0     1/0     1/0     1/0     3/0     3/0     3/0     3/0   'CHEMBL1194345'
    1716   1/0     1/0     1/0     1/0     2/0     2/0     2/0     2/0   'CHEMBL1197118'
    1717   1/0     1/0     1/0     1/0     2/0     2/0     2/0     2/0   'CHEMBL1202080'
    1718   1/0     1/0     1/0     1/0     2/0     2/0     2/0     2/0   'CHEMBL1202081'
    1719   1/0     1/0     1/0     1/0     2/0     2/0     2/0     2/0   'CHEMBL1202082'
    1720   1/0     1/0     1/0     1/0     2/0     2/0     2/0     2/0   'CHEMBL1202083'
    1721   1/0     1/0     1/0     1/0     2/0     2/0     2/0     2/0   'CHEMBL1202084'
    1722   1/0     1/0     1/0     1/0     2/0     2/0     2/0     2/0   'CHEMBL1202086'
    1723   1/0     1/0     1/0     1/0     2/0     2/0     2/0     2/0   'CHEMBL1202087'
    1724   1/0     1/0     1/0     1/0     2/0     2/0     2/0     2/0   'CHEMBL1202088'
    1725   1/0     1/0     1/0     1/0     2/0     2/0     2/0     2/0   'CHEMBL1202089'
    1726   1/0     1/0     1/0     1/0     2/0     2/0     2/0     2/0   'CHEMBL1202090'
    1727   1/0     1/0     1/0     1/0     2/0     2/0     2/0     2/0   'CHEMBL1202091'
    1728   1/0     1/0     1/0     1/0     2/0     2/0     2/0     2/0   'CHEMBL1202092'
    1729   1/0     1/0     1/0     1/0     2/0     2/0     2/0     2/0   'CHEMBL1202093'
    1730   1/0     1/0     1/0     1/0     2/0     2/0     2/0     2/0   'CHEMBL1202094'
    1731   1/0     1/0     1/0     1/0     2/0     2/0     2/0     2/0   'CHEMBL1203962'
    1732   1/0     1/0     1/0     1/0     3/0     3/0     3/0     3/0   'CHEMBL1204389'
    1733   1/0     1/0     1/0     1/0     2/0     2/0     2/0     2/0   'CHEMBL1229644'
    1734   1/0     1/0     1/0     1/0     2/0     2/0     2/0     2/0   'CHEMBL1229820'
    1735   1/0     1/0     1/0     1/0     2/0     2/0     2/0     2/0   'CHEMBL1229855'
    1736   1/0     1/0     1/0     1/0     3/0     3/0     3/0     3/0   'CHEMBL1230015'
    1737   1/0     1/0     1/0     1/0     2/0     2/0     2/0     2/0   'CHEMBL1230044'
    1738   1/0     1/0     1/0     1/0     1/0     1/0     1/0     1/0   'CHEMBL1233461'
    1739   1/0     1/0     1/0     1/0     2/0     2/0     2/0     2/0   'CHEMBL1235760'
    1740   1/0     1/0     1/0     1/0     1/0     1/0     1/0     1/0   'CHEMBL1235761'
    1741   1/0     1/0     1/0     1/0     1/0     1/0     1/0     1/0   'CHEMBL1236897'
    1742   1/0     1/0     1/0     1/0     1/0     1/0     1/0     1/0   'CHEMBL1243184'
    1743   1/0     1/0     1/0     1/0     2/0     2/0     2/0     2/0   'CHEMBL1243372'
    1744   1/0     1/0     1/0     1/0     2/0     2/0     2/0     2/0   'CHEMBL1276590'
    1745   1/0     1/0     1/0     1/0     2/0     2/0     2/0     2/0   'CHEMBL1276591'
    1746   1/0     1/0     1/0     1/0     2/0     2/0     2/0     2/0   'CHEMBL1276619'
    1747   1/0     1/0     1/0     1/0     1/0     1/0     1/0     1/0   'CHEMBL1287874'
    1748   1/0     1/0     1/0     1/0     1/0     1/0     1/0     1/0   'CHEMBL1287875'
    1749   1/0     1/0     1/0     1/0     1/0     1/0     1/0     1/0   'CHEMBL1287901'
    1750   1/0     1/0     1/0     1/0     1/0     1/0     1/0     1/0   'CHEMBL1287902'
# counts of output and dropped structures after processing steps
# index  htreat  desalt  neutra   guard   epik   stereo    cgx   filter  title
    1751   1/0     1/0     1/0     1/0     2/0     2/0     2/0     2/0   'CHEMBL1288231'
    1752   1/0     1/0     1/0     1/0     1/0     1/0     1/0     1/0   'CHEMBL1288232'
    1753   1/0     1/0     1/0     1/0     1/0     1/0     1/0     1/0   'CHEMBL1288260'
    1754   1/0     1/0     1/0     1/0     1/0     1/0     1/0     1/0   'CHEMBL1288261'
    1755   1/0     1/0     1/0     1/0     1/0     1/0     1/0     1/0   'CHEMBL1288288'
    1756   1/0     1/0     1/0     1/0     3/0     3/0     3/0     3/0   'CHEMBL1614729'
    1757   1/0     1/0     1/0     1/0     1/0     1/0     1/0     1/0   'CHEMBL1650403'
    1758   1/0     1/0     1/0     1/0     1/0     1/0     1/0     1/0   'CHEMBL1650404'
    1759   1/0     1/0     1/0     1/0     1/0     1/0     1/0     1/0   'CHEMBL1650405'
    1760   1/0     1/0     1/0     1/0     1/0     1/0     1/0     1/0   'CHEMBL1650406'
    1761   1/0     1/0     1/0     1/0     1/0     1/0     1/0     1/0   'CHEMBL1650407'
    1762   1/0     1/0     1/0     1/0     1/0     1/0     1/0     1/0   'CHEMBL1650408'
    1763   1/0     1/0     1/0     1/0     1/0     1/0     1/0     1/0   'CHEMBL1650409'
    1764   1/0     1/0     1/0     1/0     1/0     1/0     1/0     1/0   'CHEMBL1650410'
    1765   1/0     1/0     1/0     1/0     1/0     1/0     1/0     1/0   'CHEMBL1650411'
    1766   1/0     1/0     1/0     1/0     1/0     1/0     1/0     1/0   'CHEMBL1650412'
    1767   1/0     1/0     1/0     1/0     1/0     1/0     1/0     1/0   'CHEMBL1650413'
    1768   1/0     1/0     1/0     1/0     1/0     1/0     1/0     1/0   'CHEMBL1650414'
    1769   1/0     1/0     1/0     1/0     1/0     1/0     1/0     1/0   'CHEMBL1650415'
    1770   1/0     1/0     1/0     1/0     1/0     1/0     1/0     1/0   'CHEMBL1650416'
    1771   1/0     1/0     1/0     1/0     1/0     1/0     1/0     1/0   'CHEMBL1650417'
    1772   1/0     1/0     1/0     1/0     1/0     1/0     1/0     1/0   'CHEMBL1650418'
    1773   1/0     1/0     1/0     1/0     1/0     1/0     1/0     1/0   'CHEMBL1650419'
    1774   1/0     1/0     1/0     1/0     1/0     1/0     1/0     1/0   'CHEMBL1650420'
    1775   1/0     1/0     1/0     1/0     1/0     1/0     1/0     1/0   'CHEMBL1650421'
    1776   1/0     1/0     1/0     1/0     1/0     1/0     1/0     1/0   'CHEMBL1650422'
    1777   1/0     1/0     1/0     1/0     1/0     1/0     1/0     1/0   'CHEMBL1650423'
    1778   1/0     1/0     1/0     1/0     1/0     1/0     1/0     1/0   'CHEMBL1650424'
    1779   1/0     1/0     1/0     1/0     1/0     1/0     1/0     1/0   'CHEMBL1650425'
    1780   1/0     1/0     1/0     1/0     1/0     1/0     1/0     1/0   'CHEMBL1650426'
    1781   1/0     1/0     1/0     1/0     1/0     1/0     1/0     1/0   'CHEMBL1650427'
    1782   1/0     1/0     1/0     1/0     1/0     1/0     1/0     1/0   'CHEMBL1650428'
    1783   1/0     1/0     1/0     1/0     1/0     1/0     1/0     1/0   'CHEMBL1650429'
    1784   1/0     1/0     1/0     1/0     1/0     1/0     1/0     1/0   'CHEMBL1650430'
    1785   1/0     1/0     1/0     1/0     1/0     1/0     1/0     1/0   'CHEMBL1650431'
    1786   1/0     1/0     1/0     1/0     1/0     1/0     1/0     1/0   'CHEMBL1650432'
    1787   1/0     1/0     1/0     1/0     1/0     1/0     1/0     1/0   'CHEMBL1650433'
    1788   1/0     1/0     1/0     1/0     1/0     1/0     1/0     1/0   'CHEMBL1650434'
    1789   1/0     1/0     1/0     1/0     2/0     2/0     2/0     2/0   'CHEMBL1650435'
    1790   1/0     1/0     1/0     1/0     2/0     2/0     2/0     2/0   'CHEMBL1650436'
    1791   1/0     1/0     1/0     1/0     2/0     2/0     2/0     2/0   'CHEMBL1650437'
    1792   1/0     1/0     1/0     1/0     2/0     2/0     2/0     2/0   'CHEMBL1650438'
    1793   1/0     1/0     1/0     1/0     2/0     2/0     2/0     2/0   'CHEMBL1650439'
    1794   1/0     1/0     1/0     1/0     2/0     2/0     2/0     2/0   'CHEMBL1650440'
    1795   1/0     1/0     1/0     1/0     2/0     2/0     2/0     2/0   'CHEMBL1650441'
    1796   1/0     1/0     1/0     1/0     2/0     2/0     2/0     2/0   'CHEMBL1650442'
    1797   1/0     1/0     1/0     1/0     2/0     2/0     2/0     2/0   'CHEMBL1650443'
    1798   1/0     1/0     1/0     1/0     2/0     2/0     2/0     2/0   'CHEMBL1650444'
    1799   1/0     1/0     1/0     1/0     2/0     2/0     2/0     2/0   'CHEMBL1650445'
    1800   1/0     1/0     1/0     1/0     1/0     1/0     1/0     1/0   'CHEMBL1650446'
# counts of output and dropped structures after processing steps
# index  htreat  desalt  neutra   guard   epik   stereo    cgx   filter  title
    1801   1/0     1/0     1/0     1/0     1/0     1/0     1/0     1/0   'CHEMBL1650447'
    1802   1/0     1/0     1/0     1/0     1/0     1/0     1/0     1/0   'CHEMBL1650448'
    1803   1/0     1/0     1/0     1/0     2/0     2/0     2/0     2/0   'CHEMBL1650449'
    1804   1/0     1/0     1/0     1/0     1/0     1/0     1/0     1/0   'CHEMBL1651763'
    1805   1/0     1/0     1/0     1/0     1/0     1/0     1/0     1/0   'CHEMBL1651764'
    1806   1/0     1/0     1/0     1/0     1/0     1/0     1/0     1/0   'CHEMBL1651765'
    1807   1/0     1/0     1/0     1/0     1/0     1/0     1/0     1/0   'CHEMBL1651766'
    1808   1/0     1/0     1/0     1/0     1/0     1/0     1/0     1/0   'CHEMBL1651767'
    1809   1/0     1/0     1/0     1/0     3/0     3/0     3/0     3/0   'CHEMBL1672127'
    1810   1/0     1/0     1/0     1/0     2/0     2/0     2/0     2/0   'CHEMBL1681802'
    1811   1/0     1/0     1/0     1/0     2/0     2/0     2/0     2/0   'CHEMBL1681806'
    1812   1/0     1/0     1/0     1/0     2/0     2/0     2/0     2/0   'CHEMBL1681811'
    1813   1/0     1/0     1/0     1/0     2/0     2/0     2/0     2/0   'CHEMBL1682974'
    1814   1/0     1/0     1/0     1/0     1/0     1/0     1/0     1/0   'CHEMBL1682975'
    1815   1/0     1/0     1/0     1/0     1/0     1/0     1/0     1/0   'CHEMBL1682976'
    1816   1/0     1/0     1/0     1/0     1/0     1/0     1/0     1/0   'CHEMBL1682977'
    1817   1/0     1/0     1/0     1/0     1/0     1/0     1/0     1/0   'CHEMBL1682978'
    1818   1/0     1/0     1/0     1/0     1/0     1/0     1/0     1/0   'CHEMBL1682979'
    1819   1/0     1/0     1/0     1/0     1/0     1/0     1/0     1/0   'CHEMBL1682980'
    1820   1/0     1/0     1/0     1/0     1/0     1/0     1/0     1/0   'CHEMBL1682981'
    1821   1/0     1/0     1/0     1/0     1/0     1/0     1/0     1/0   'CHEMBL1682982'
    1822   1/0     1/0     1/0     1/0     1/0     1/0     1/0     1/0   'CHEMBL1682983'
    1823   1/0     1/0     1/0     1/0     1/0     1/0     1/0     1/0   'CHEMBL1682984'
    1824   1/0     1/0     1/0     1/0     1/0     1/0     1/0     1/0   'CHEMBL1682985'
    1825   1/0     1/0     1/0     1/0     2/0     2/0     2/0     2/0   'CHEMBL1683086'
    1826   1/0     1/0     1/0     1/0     1/0     1/0     1/0     1/0   'CHEMBL1683087'
    1827   1/0     1/0     1/0     1/0     1/0     1/0     1/0     1/0   'CHEMBL1683088'
Adding general crowding pattern: count 1
number of matches for crowding type: deprotonated_amide_ortho_to_aromatic_nX2: abs type: General aromatic protonated n (formally charged): 1
Adding general crowding pattern: count 1
number of matches for crowding type: deprotonated_amide_ortho_to_aromatic_nX2: abs type: General aromatic protonated n (formally charged): 1
    1828   1/0     1/0     1/0     1/0     1/0     1/0     1/0     1/0   'CHEMBL1683089'
    1829   1/0     1/0     1/0     1/0     1/0     1/0     1/0     1/0   'CHEMBL1683090'
    1830   1/0     1/0     1/0     1/0     1/0     1/0     1/0     1/0   'CHEMBL1683091'
    1831   1/0     1/0     1/0     1/0     1/0     1/0     1/0     1/0   'CHEMBL1683092'
    1832   1/0     1/0     1/0     1/0     1/0     1/0     1/0     1/0   'CHEMBL1683095'
    1833   1/0     1/0     1/0     1/0     1/0     1/0     1/0     1/0   'CHEMBL1683096'
    1834   1/0     1/0     1/0     1/0     1/0     1/0     1/0     1/0   'CHEMBL1683097'
    1835   1/0     1/0     1/0     1/0     1/0     1/0     1/0     1/0   'CHEMBL1683098'
    1836   1/0     1/0     1/0     1/0     1/0     1/0     1/0     1/0   'CHEMBL1683099'
    1837   1/0     1/0     1/0     1/0     1/0     1/0     1/0     1/0   'CHEMBL1683100'
    1838   1/0     1/0     1/0     1/0     1/0     1/0     1/0     1/0   'CHEMBL1683101'
    1839   1/0     1/0     1/0     1/0     1/0     1/0     1/0     1/0   'CHEMBL1683102'
    1840   1/0     1/0     1/0     1/0     1/0     1/0     1/0     1/0   'CHEMBL1683103'
    1841   1/0     1/0     1/0     1/0     1/0     1/0     1/0     1/0   'CHEMBL1683104'
    1842   1/0     1/0     1/0     1/0     1/0     1/0     1/0     1/0   'CHEMBL1683105'
    1843   1/0     1/0     1/0     1/0     1/0     1/0     1/0     1/0   'CHEMBL1683106'
    1844   1/0     1/0     1/0     1/0     1/0     1/0     1/0     1/0   'CHEMBL1683107'
    1845   1/0     1/0     1/0     1/0     1/0     1/0     1/0     1/0   'CHEMBL1683108'
    1846   1/0     1/0     1/0     1/0     1/0     1/0     1/0     1/0   'CHEMBL1683109'
    1847   1/0     1/0     1/0     1/0     1/0     1/0     1/0     1/0   'CHEMBL1683110'
    1848   1/0     1/0     1/0     1/0     1/0     1/0     1/0     1/0   'CHEMBL1683111'
    1849   1/0     1/0     1/0     1/0     1/0     1/0     1/0     1/0   'CHEMBL1683112'
    1850   1/0     1/0     1/0     1/0     2/0     2/0     2/0     2/0   'CHEMBL1683113'
# counts of output and dropped structures after processing steps
# index  htreat  desalt  neutra   guard   epik   stereo    cgx   filter  title
    1851   1/0     1/0     1/0     1/0     2/0     2/0     2/0     2/0   'CHEMBL1683114'
    1852   1/0     1/0     1/0     1/0     2/0     2/0     2/0     2/0   'CHEMBL1683115'
    1853   1/0     1/0     1/0     1/0     1/0     1/0     1/0     1/0   'CHEMBL1683116'
    1854   1/0     1/0     1/0     1/0     1/0     1/0     1/0     1/0   'CHEMBL1683117'
    1855   1/0     1/0     1/0     1/0     1/0     1/0     1/0     1/0   'CHEMBL1683118'
    1856   1/0     1/0     1/0     1/0     1/0     1/0     1/0     1/0   'CHEMBL1683119'
    1857   1/0     1/0     1/0     1/0     1/0     1/0     1/0     1/0   'CHEMBL1683120'
    1858   1/0     1/0     1/0     1/0     1/0     1/0     1/0     1/0   'CHEMBL1683121'
    1859   1/0     1/0     1/0     1/0     2/0     2/0     2/0     2/0   'CHEMBL1683122'
    1860   1/0     1/0     1/0     1/0     2/0     2/0     2/0     2/0   'CHEMBL1683123'
    1861   1/0     1/0     1/0     1/0     1/0     1/0     1/0     1/0   'CHEMBL1683124'
    1862   1/0     1/0     1/0     1/0     2/0     2/0     2/0     2/0   'CHEMBL1683125'
    1863   1/0     1/0     1/0     1/0     2/0     2/0     2/0     2/0   'CHEMBL1683126'
    1864   1/0     1/0     1/0     1/0     2/0     2/0     2/0     2/0   'CHEMBL1683127'
    1865   1/0     1/0     1/0     1/0     1/0     1/0     1/0     1/0   'CHEMBL1683129'
    1866   1/0     1/0     1/0     1/0     1/0     1/0     1/0     1/0   'CHEMBL1683130'
    1867   1/0     1/0     1/0     1/0     2/0     2/0     2/0     2/0   'CHEMBL1683131'
    1868   1/0     1/0     1/0     1/0     2/0     2/0     2/0     2/0   'CHEMBL1683132'
    1869   1/0     1/0     1/0     1/0     1/0     1/0     1/0     1/0   'CHEMBL1683133'
    1870   1/0     1/0     1/0     1/0     1/0     1/0     1/0     1/0   'CHEMBL1683134'
    1871   1/0     1/0     1/0     1/0     2/0     2/0     2/0     2/0   'CHEMBL1683135'
    1872   1/0     1/0     1/0     1/0     1/0     1/0     1/0     1/0   'CHEMBL1683136'
    1873   1/0     1/0     1/0     1/0     1/0     1/0     1/0     1/0   'CHEMBL1683137'
    1874   1/0     1/0     1/0     1/0     1/0     1/0     1/0     1/0   'CHEMBL1683138'
    1875   1/0     1/0     1/0     1/0     1/0     1/0     1/0     1/0   'CHEMBL1683139'
    1876   1/0     1/0     1/0     1/0     1/0     1/0     1/0     1/0   'CHEMBL1683140'
    1877   1/0     1/0     1/0     1/0     1/0     1/0     1/0     1/0   'CHEMBL1683141'
    1878   1/0     1/0     1/0     1/0     2/0     2/0     2/0     2/0   'CHEMBL1683142'
    1879   1/0     1/0     1/0     1/0     3/0     3/0     3/0     3/0   'CHEMBL1683143'
    1880   1/0     1/0     1/0     1/0     2/0     2/0     2/0     2/0   'CHEMBL1683144'
    1881   1/0     1/0     1/0     1/0     3/0     3/0     3/0     3/0   'CHEMBL1683145'
    1882   1/0     1/0     1/0     1/0     2/0     2/0     2/0     2/0   'CHEMBL1683476'
    1883   1/0     1/0     1/0     1/0     2/0     2/0     2/0     2/0   'CHEMBL1683477'
    1884   1/0     1/0     1/0     1/0     2/0     2/0     2/0     2/0   'CHEMBL1683478'
    1885   1/0     1/0     1/0     1/0     2/0     2/0     2/0     2/0   'CHEMBL1683479'
    1886   1/0     1/0     1/0     1/0     2/0     2/0     2/0     2/0   'CHEMBL1683480'
    1887   1/0     1/0     1/0     1/0     2/0     2/0     2/0     2/0   'CHEMBL1683481'
    1888   1/0     1/0     1/0     1/0     3/0     3/0     3/0     3/0   'CHEMBL1683482'
    1889   1/0     1/0     1/0     1/0     2/0     2/0     2/0     2/0   'CHEMBL1683483'
    1890   1/0     1/0     1/0     1/0     2/0     2/0     2/0     2/0   'CHEMBL1683484'
    1891   1/0     1/0     1/0     1/0     2/0     2/0     2/0     2/0   'CHEMBL1683485'
    1892   1/0     1/0     1/0     1/0     2/0     2/0     2/0     2/0   'CHEMBL1683557'
    1893   1/0     1/0     1/0     1/0     2/0     2/0     2/0     2/0   'CHEMBL1683558'
    1894   1/0     1/0     1/0     1/0     2/0     2/0     2/0     2/0   'CHEMBL1683559'
    1895   1/0     1/0     1/0     1/0     3/0     3/0     3/0     3/0   'CHEMBL1683560'
    1896   1/0     1/0     1/0     1/0     3/0     3/0     3/0     3/0   'CHEMBL1683561'
    1897   1/0     1/0     1/0     1/0     3/0     3/0     3/0     3/0   'CHEMBL1683562'
    1898   1/0     1/0     1/0     1/0     3/0     3/0     3/0     3/0   'CHEMBL1683563'
    1899   1/0     1/0     1/0     1/0     3/0     3/0     3/0     3/0   'CHEMBL1683564'
    1900   1/0     1/0     1/0     1/0     3/0     3/0     3/0     3/0   'CHEMBL1683565'
# counts of output and dropped structures after processing steps
# index  htreat  desalt  neutra   guard   epik   stereo    cgx   filter  title
    1901   1/0     1/0     1/0     1/0     2/0     2/0     2/0     2/0   'CHEMBL1683566'
    1902   1/0     1/0     1/0     1/0     2/0     2/0     2/0     2/0   'CHEMBL1683567'
    1903   1/0     1/0     1/0     1/0     3/0     3/0     3/0     3/0   'CHEMBL1683568'
    1904   1/0     1/0     1/0     1/0     2/0     2/0     2/0     2/0   'CHEMBL1683569'
    1905   1/0     1/0     1/0     1/0     3/0     3/0     3/0     3/0   'CHEMBL1683570'
    1906   1/0     1/0     1/0     1/0     2/0     2/0     2/0     2/0   'CHEMBL1683571'
    1907   1/0     1/0     1/0     1/0     3/0     3/0     3/0     3/0   'CHEMBL1683572'
    1908   1/0     1/0     1/0     1/0     2/0     2/0     2/0     2/0   'CHEMBL1683977'
    1909   1/0     1/0     1/0     1/0     2/0     2/0     2/0     2/0   'CHEMBL1683978'
    1910   1/0     1/0     1/0     1/0     2/0     2/0     2/0     2/0   'CHEMBL1683980'
    1911   1/0     1/0     1/0     1/0     2/0     2/0     2/0     2/0   'CHEMBL1683981'
    1912   1/0     1/0     1/0     1/0     2/0     2/0     2/0     2/0   'CHEMBL1683982'
    1913   1/0     1/0     1/0     1/0     2/0     2/0     2/0     2/0   'CHEMBL1683985'
    1914   1/0     1/0     1/0     1/0     2/0     2/0     2/0     2/0   'CHEMBL1683987'
    1915   1/0     1/0     1/0     1/0     2/0     2/0     2/0     2/0   'CHEMBL1683989'
    1916   1/0     1/0     1/0     1/0     2/0     2/0     2/0     2/0   'CHEMBL1683992'
    1917   1/0     1/0     1/0     1/0     2/0     2/0     2/0     2/0   'CHEMBL1683994'
    1918   1/0     1/0     1/0     1/0     2/0     2/0     2/0     2/0   'CHEMBL1683996'
    1919   1/0     1/0     1/0     1/0     2/0     2/0     2/0     2/0   'CHEMBL1683998'
    1920   1/0     1/0     1/0     1/0     2/0     2/0     2/0     2/0   'CHEMBL1688415'
    1921   1/0     1/0     1/0     1/0     2/0     2/0     2/0     2/0   'CHEMBL1688416'
    1922   1/0     1/0     1/0     1/0     2/0     2/0     2/0     2/0   'CHEMBL1688418'
    1923   1/0     1/0     1/0     1/0     2/0     2/0     2/0     2/0   'CHEMBL1688419'
Adding general crowding pattern: count 1
number of matches for crowding type: deprotonated_amide_ortho_to_aromatic_nX2: abs type: Isoxazole: 1
Adding general crowding pattern: count 1
number of matches for crowding type: deprotonated_amide_ortho_to_aromatic_nX2: abs type: Isoxazole: 1
Adding general crowding pattern: count 1
number of matches for crowding type: deprotonated_amide_ortho_to_aromatic_nX2: abs type: Isoxazole: 1
Adding general crowding pattern: count 1
number of matches for crowding type: deprotonated_amide_ortho_to_aromatic_nX2: abs type: Isoxazole: 1
Adding general crowding pattern: count 1
number of matches for crowding type: deprotonated_amide_ortho_to_aromatic_nX2: abs type: Isoxazole: 1
Adding general crowding pattern: count 1
number of matches for crowding type: deprotonated_amide_ortho_to_aromatic_nX2: abs type: Isoxazole: 1
    1924   1/0     1/0     1/0     1/0     2/0     2/0     2/0     2/0   'CHEMBL1688423'
    1925   1/0     1/0     1/0     1/0     2/0     2/0     2/0     2/0   'CHEMBL1688425'
    1926   1/0     1/0     1/0     1/0     2/0     2/0     2/0     2/0   'CHEMBL1688426'
    1927   1/0     1/0     1/0     1/0     2/0     2/0     2/0     2/0   'CHEMBL1688428'
    1928   1/0     1/0     1/0     1/0     2/0     2/0     2/0     2/0   'CHEMBL1688431'
    1929   1/0     1/0     1/0     1/0     2/0     2/0     2/0     2/0   'CHEMBL1724888'
    1930   1/0     1/0     1/0     1/0     2/0     2/0     2/0     2/0   'CHEMBL1744354'
    1931   1/0     1/0     1/0     1/0     2/0     2/0     2/0     2/0   'CHEMBL1765234'
    1932   1/0     1/0     1/0     1/0     2/0     2/0     2/0     2/0   'CHEMBL1765235'
    1933   1/0     1/0     1/0     1/0     4/0     4/0     4/0     4/0   'CHEMBL1778898'
    1934   1/0     1/0     1/0     1/0     2/0     2/0     2/0     2/0   'CHEMBL1778899'
    1935   1/0     1/0     1/0     1/0     2/0     2/0     2/0     2/0   'CHEMBL1779688'
    1936   1/0     1/0     1/0     1/0     2/0     2/0     2/0     2/0   'CHEMBL1779689'
    1937   1/0     1/0     1/0     1/0     2/0     2/0     2/0     2/0   'CHEMBL1779690'
    1938   1/0     1/0     1/0     1/0     2/0     2/0     2/0     2/0   'CHEMBL1779691'
    1939   1/0     1/0     1/0     1/0     3/0     3/0     3/0     3/0   'CHEMBL1779692'
    1940   1/0     1/0     1/0     1/0     2/0     2/0     2/0     2/0   'CHEMBL1779693'
    1941   1/0     1/0     1/0     1/0     2/0     2/0     2/0     2/0   'CHEMBL1779694'
    1942   1/0     1/0     1/0     1/0     2/0     2/0     2/0     2/0   'CHEMBL1779695'
    1943   1/0     1/0     1/0     1/0     2/0     2/0     2/0     2/0   'CHEMBL1779696'
    1944   1/0     1/0     1/0     1/0     2/0     2/0     2/0     2/0   'CHEMBL1779697'
    1945   1/0     1/0     1/0     1/0     2/0     2/0     2/0     2/0   'CHEMBL1779698'
    1946   1/0     1/0     1/0     1/0     2/0     2/0     2/0     2/0   'CHEMBL1779699'
    1947   1/0     1/0     1/0     1/0     2/0     2/0     2/0     2/0   'CHEMBL1779700'
    1948   1/0     1/0     1/0     1/0     2/0     2/0     2/0     2/0   'CHEMBL1779702'
    1949   1/0     1/0     1/0     1/0     2/0     2/0     2/0     2/0   'CHEMBL1779703'
    1950   1/0     1/0     1/0     1/0     2/0     2/0     2/0     2/0   'CHEMBL1779705'
# counts of output and dropped structures after processing steps
# index  htreat  desalt  neutra   guard   epik   stereo    cgx   filter  title
    1951   1/0     1/0     1/0     1/0     2/0     2/0     2/0     2/0   'CHEMBL1779706'
    1952   1/0     1/0     1/0     1/0     2/0     2/0     2/0     2/0   'CHEMBL1779707'
    1953   1/0     1/0     1/0     1/0     2/0     2/0     2/0     2/0   'CHEMBL1779708'
    1954   1/0     1/0     1/0     1/0     2/0     2/0     2/0     2/0   'CHEMBL1779709'
    1955   1/0     1/0     1/0     1/0     2/0     2/0     2/0     2/0   'CHEMBL1779710'
    1956   1/0     1/0     1/0     1/0     3/0     3/0     3/0     3/0   'CHEMBL1779711'
    1957   1/0     1/0     1/0     1/0     3/0     3/0     3/0     3/0   'CHEMBL1779712'
    1958   1/0     1/0     1/0     1/0     3/0     3/0     3/0     3/0   'CHEMBL1779713'
    1959   1/0     1/0     1/0     1/0     2/0     2/0     2/0     2/0   'CHEMBL1779714'
    1960   1/0     1/0     1/0     1/0     2/0     2/0     2/0     2/0   'CHEMBL1790478'
    1961   1/0     1/0     1/0     1/0     2/0     2/0     2/0     2/0   'CHEMBL1790483'
    1962   1/0     1/0     1/0     1/0     2/0     2/0     2/0     2/0   'CHEMBL1808463'
    1963   1/0     1/0     1/0     1/0     2/0     2/0     2/0     2/0   'CHEMBL1808464'
    1964   1/0     1/0     1/0     1/0     2/0     2/0     2/0     2/0   'CHEMBL1808468'
    1965   1/0     1/0     1/0     1/0     3/0     3/0     3/0     3/0   'CHEMBL1808473'
    1966   1/0     1/0     1/0     1/0     2/0     2/0     2/0     2/0   'CHEMBL1808474'
    1967   1/0     1/0     1/0     1/0     2/0     2/0     2/0     2/0   'CHEMBL1808475'
    1968   1/0     1/0     1/0     1/0     2/0     2/0     2/0     2/0   'CHEMBL1809262'
    1969   1/0     1/0     1/0     1/0     2/0     2/0     2/0     2/0   'CHEMBL1809263'
    1970   1/0     1/0     1/0     1/0     2/0     2/0     2/0     2/0   'CHEMBL1809264'
    1971   1/0     1/0     1/0     1/0     2/0     2/0     2/0     2/0   'CHEMBL1812728'
    1972   1/0     1/0     1/0     1/0     2/0     2/0     2/0     2/0   'CHEMBL1812729'
    1973   1/0     1/0     1/0     1/0     2/0     2/0     2/0     2/0   'CHEMBL1812733'
    1974   1/0     1/0     1/0     1/0     2/0     2/0     2/0     2/0   'CHEMBL1812734'
    1975   1/0     1/0     1/0     1/0     2/0     2/0     2/0     2/0   'CHEMBL1812735'
    1976   1/0     1/0     1/0     1/0     2/0     2/0     2/0     2/0   'CHEMBL1812736'
    1977   1/0     1/0     1/0     1/0     2/0     2/0     2/0     2/0   'CHEMBL1812737'
    1978   1/0     1/0     1/0     1/0     2/0     2/0     2/0     2/0   'CHEMBL1812738'
    1979   1/0     1/0     1/0     1/0     2/0     2/0     2/0     2/0   'CHEMBL1812900'
    1980   1/0     1/0     1/0     1/0     2/0     2/0     2/0     2/0   'CHEMBL1812901'
    1981   1/0     1/0     1/0     1/0     2/0     2/0     2/0     2/0   'CHEMBL1812902'
    1982   1/0     1/0     1/0     1/0     2/0     2/0     2/0     2/0   'CHEMBL1812903'
    1983   1/0     1/0     1/0     1/0     2/0     2/0     2/0     2/0   'CHEMBL1812904'
    1984   1/0     1/0     1/0     1/0     2/0     2/0     2/0     2/0   'CHEMBL1812905'
    1985   1/0     1/0     1/0     1/0     4/0     4/0     4/0     4/0   'CHEMBL1812906'
    1986   1/0     1/0     1/0     1/0     2/0     2/0     2/0     2/0   'CHEMBL1812907'
    1987   1/0     1/0     1/0     1/0     2/0     2/0     2/0     2/0   'CHEMBL1812909'
    1988   1/0     1/0     1/0     1/0     2/0     2/0     2/0     2/0   'CHEMBL1812910'
    1989   1/0     1/0     1/0     1/0     2/0     2/0     2/0     2/0   'CHEMBL1812911'
    1990   1/0     1/0     1/0     1/0     4/0     4/0     4/0     4/0   'CHEMBL1814760'
    1991   1/0     1/0     1/0     1/0     1/0     1/0     1/0     1/0   'CHEMBL1819089'
    1992   1/0     1/0     1/0     1/0     1/0     1/0     1/0     1/0   'CHEMBL1819090'
    1993   1/0     1/0     1/0     1/0     1/0     1/0     1/0     1/0   'CHEMBL1819091'
    1994   1/0     1/0     1/0     1/0     2/0     2/0     2/0     2/0   'CHEMBL1852708'
    1995   1/0     1/0     1/0     1/0     2/0     2/0     2/0     2/0   'CHEMBL1909975'
    1996   1/0     1/0     1/0     1/0     2/0     2/0     2/0     2/0   'CHEMBL1929387'
    1997   1/0     1/0     1/0     1/0     2/0     2/0     2/0     2/0   'CHEMBL1929388'
    1998   1/0     1/0     1/0     1/0     2/0     2/0     2/0     2/0   'CHEMBL1929389'
    1999   1/0     1/0     1/0     1/0     4/0     4/0     4/0     4/0   'CHEMBL1929390'
    2000   1/0     1/0     1/0     1/0     2/0     2/0     2/0     2/0   'CHEMBL1929391'
# counts of output and dropped structures after processing steps
# index  htreat  desalt  neutra   guard   epik   stereo    cgx   filter  title
    2001   1/0     1/0     1/0     1/0     2/0     2/0     2/0     2/0   'CHEMBL1929392'
    2002   1/0     1/0     1/0     1/0     2/0     2/0     2/0     2/0   'CHEMBL1929393'
    2003   1/0     1/0     1/0     1/0     2/0     2/0     2/0     2/0   'CHEMBL1929395'
    2004   1/0     1/0     1/0     1/0     2/0     2/0     2/0     2/0   'CHEMBL1929396'
    2005   1/0     1/0     1/0     1/0     2/0     2/0     2/0     2/0   'CHEMBL1951417'
    2006   1/0     1/0     1/0     1/0     2/0     2/0     2/0     2/0   'CHEMBL1951418'
    2007   1/0     1/0     1/0     1/0     2/0     2/0     2/0     2/0   'CHEMBL1951419'
    2008   1/0     1/0     1/0     1/0     2/0     2/0     2/0     2/0   'CHEMBL1951420'
    2009   1/0     1/0     1/0     1/0     1/0     1/0     1/0     1/0   'CHEMBL1951421'
    2010   1/0     1/0     1/0     1/0     1/0     1/0     1/0     1/0   'CHEMBL1951422'
    2011   1/0     1/0     1/0     1/0     1/0     1/0     1/0     1/0   'CHEMBL1951423'
    2012   1/0     1/0     1/0     1/0     2/0     2/0     2/0     2/0   'CHEMBL1951424'
    2013   1/0     1/0     1/0     1/0     1/0     1/0     1/0     1/0   'CHEMBL1951425'
    2014   1/0     1/0     1/0     1/0     1/0     1/0     1/0     1/0   'CHEMBL1951426'
    2015   1/0     1/0     1/0     1/0     2/0     2/0     2/0     2/0   'CHEMBL1951427'
    2016   1/0     1/0     1/0     1/0     2/0     2/0     2/0     2/0   'CHEMBL1951428'
    2017   1/0     1/0     1/0     1/0     1/0     1/0     1/0     1/0   'CHEMBL1951429'
    2018   1/0     1/0     1/0     1/0     1/0     1/0     1/0     1/0   'CHEMBL1951430'
    2019   1/0     1/0     1/0     1/0     2/0     2/0     2/0     2/0   'CHEMBL1951431'
    2020   1/0     1/0     1/0     1/0     2/0     2/0     2/0     2/0   'CHEMBL1951432'
    2021   1/0     1/0     1/0     1/0     1/0     1/0     1/0     1/0   'CHEMBL1951433'
    2022   1/0     1/0     1/0     1/0     1/0     1/0     1/0     1/0   'CHEMBL1951434'
    2023   1/0     1/0     1/0     1/0     1/0     1/0     1/0     1/0   'CHEMBL1951435'
    2024   1/0     1/0     1/0     1/0     3/0     3/0     3/0     3/0   'CHEMBL1951436'
    2025   1/0     1/0     1/0     1/0     3/0     3/0     3/0     3/0   'CHEMBL1951437'
    2026   1/0     1/0     1/0     1/0     3/0     3/0     3/0     3/0   'CHEMBL1951438'
    2027   1/0     1/0     1/0     1/0     2/0     2/0     2/0     2/0   'CHEMBL1951439'
    2028   1/0     1/0     1/0     1/0     2/0     2/0     2/0     2/0   'CHEMBL1951440'
    2029   1/0     1/0     1/0     1/0     1/0     1/0     1/0     1/0   'CHEMBL1951597'
    2030   1/0     1/0     1/0     1/0     2/0     2/0     2/0     2/0   'CHEMBL1951599'
    2031   1/0     1/0     1/0     1/0     1/0     1/0     1/0     1/0   'CHEMBL1951601'
    2032   1/0     1/0     1/0     1/0     1/0     1/0     1/0     1/0   'CHEMBL1951602'
    2033   1/0     1/0     1/0     1/0     1/0     1/0     1/0     1/0   'CHEMBL1951603'
    2034   1/0     1/0     1/0     1/0     2/0     2/0     2/0     2/0   'CHEMBL1951604'
    2035   1/0     1/0     1/0     1/0     1/0     1/0     1/0     1/0   'CHEMBL1951605'
    2036   1/0     1/0     1/0     1/0     1/0     1/0     1/0     1/0   'CHEMBL1951606'
    2037   1/0     1/0     1/0     1/0     3/0     3/0     3/0     3/0   'CHEMBL1951608'
    2038   1/0     1/0     1/0     1/0     4/0     4/0     4/0     4/0   'CHEMBL1951610'
    2039   1/0     1/0     1/0     1/0     3/0     3/0     3/0     3/0   'CHEMBL1951612'
    2040   1/0     1/0     1/0     1/0     2/0     2/0     2/0     2/0   'CHEMBL1951613'
    2041   1/0     1/0     1/0     1/0     2/0     2/0     2/0     2/0   'CHEMBL1976036'
    2042   1/0     1/0     1/0     1/0     1/0     1/0     1/0     1/0   'CHEMBL2011528'
    2043   1/0     1/0     1/0     1/0     1/0     1/0     1/0     1/0   'CHEMBL2011534'
    2044   1/0     1/0     1/0     1/0     2/0     2/0     2/0     2/0   'CHEMBL2021529'
    2045   1/0     1/0     1/0     1/0     2/0     2/0     2/0     2/0   'CHEMBL2021541'
    2046   1/0     1/0     1/0     1/0     1/0     1/0     1/0     1/0   'CHEMBL2022464'
    2047   1/0     1/0     1/0     1/0     1/0     1/0     1/0     1/0   'CHEMBL2022467'
    2048   1/0     1/0     1/0     1/0     1/0     1/0     1/0     1/0   'CHEMBL2022512'
    2049   1/0     1/0     1/0     1/0     1/0     1/0     1/0     1/0   'CHEMBL2023066'
    2050   1/0     1/0     1/0     1/0     1/0     1/0     1/0     1/0   'CHEMBL2023067'
# counts of output and dropped structures after processing steps
# index  htreat  desalt  neutra   guard   epik   stereo    cgx   filter  title
    2051   1/0     1/0     1/0     1/0     3/0     3/0     3/0     3/0   'CHEMBL2058756'
    2052   1/0     1/0     1/0     1/0     3/0     3/0     3/0     3/0   'CHEMBL2058757'
    2053   1/0     1/0     1/0     1/0     3/0     3/0     3/0     3/0   'CHEMBL2058758'
    2054   1/0     1/0     1/0     1/0     6/0     6/0     6/0     6/0   'CHEMBL2058759'
    2055   1/0     1/0     1/0     1/0     6/0     6/0     6/0     6/0   'CHEMBL2058760'
    2056   1/0     1/0     1/0     1/0     8/0     8/0     8/0     8/0   'CHEMBL2058761'
    2057   1/0     1/0     1/0     1/0     7/0     7/0     7/0     7/0   'CHEMBL2058762'
    2058   1/0     1/0     1/0     1/0     3/0     3/0     3/0     3/0   'CHEMBL2058967'
    2059   1/0     1/0     1/0     1/0     4/0     4/0     4/0     4/0   'CHEMBL2058968'
    2060   1/0     1/0     1/0     1/0     3/0     3/0     3/0     3/0   'CHEMBL2058969'
    2061   1/0     1/0     1/0     1/0     3/0     3/0     3/0     3/0   'CHEMBL2058970'
    2062   1/0     1/0     1/0     1/0     3/0     3/0     3/0     3/0   'CHEMBL2058971'
    2063   1/0     1/0     1/0     1/0     5/0     5/0     5/0     5/0   'CHEMBL2058972'
    2064   1/0     1/0     1/0     1/0     4/0     4/0     4/0     4/0   'CHEMBL2058973'
    2065   1/0     1/0     1/0     1/0     3/0     3/0     3/0     3/0   'CHEMBL2058974'
    2066   1/0     1/0     1/0     1/0     3/0     3/0     3/0     3/0   'CHEMBL2058975'
    2067   1/0     1/0     1/0     1/0     2/0     2/0     2/0     2/0   'CHEMBL2063024'
    2068   1/0     1/0     1/0     1/0     2/0     2/0     2/0     2/0   'CHEMBL2063025'
    2069   1/0     1/0     1/0     1/0     2/0     2/0     2/0     2/0   'CHEMBL2063026'
    2070   1/0     1/0     1/0     1/0     2/0     2/0     2/0     2/0   'CHEMBL2063027'
    2071   1/0     1/0     1/0     1/0     2/0     2/0     2/0     2/0   'CHEMBL2063028'
    2072   1/0     1/0     1/0     1/0     2/0     2/0     2/0     2/0   'CHEMBL2063029'
    2073   1/0     1/0     1/0     1/0     2/0     2/0     2/0     2/0   'CHEMBL2063030'
    2074   1/0     1/0     1/0     1/0     2/0     2/0     2/0     2/0   'CHEMBL2063031'
    2075   1/0     1/0     1/0     1/0     2/0     2/0     2/0     2/0   'CHEMBL2063032'
    2076   1/0     1/0     1/0     1/0     2/0     2/0     2/0     2/0   'CHEMBL2063033'
    2077   1/0     1/0     1/0     1/0     2/0     2/0     2/0     2/0   'CHEMBL2063034'
    2078   1/0     1/0     1/0     1/0     2/0     2/0     2/0     2/0   'CHEMBL2063035'
    2079   1/0     1/0     1/0     1/0     2/0     2/0     2/0     2/0   'CHEMBL2063036'
    2080   1/0     1/0     1/0     1/0     2/0     2/0     2/0     2/0   'CHEMBL2063037'
    2081   1/0     1/0     1/0     1/0     2/0     2/0     2/0     2/0   'CHEMBL2063038'
    2082   1/0     1/0     1/0     1/0     2/0     2/0     2/0     2/0   'CHEMBL2063039'
    2083   1/0     1/0     1/0     1/0     2/0     2/0     2/0     2/0   'CHEMBL2068511'
    2084   1/0     1/0     1/0     1/0     2/0     2/0     2/0     2/0   'CHEMBL2068512'
    2085   1/0     1/0     1/0     1/0     2/0     2/0     2/0     2/0   'CHEMBL2069308'
    2086   1/0     1/0     1/0     1/0     2/0     2/0     2/0     2/0   'CHEMBL2069830'
    2087   1/0     1/0     1/0     1/0     2/0     2/0     2/0     2/0   'CHEMBL2069832'
    2088   1/0     1/0     1/0     1/0     2/0     2/0     2/0     2/0   'CHEMBL2069833'
    2089   1/0     1/0     1/0     1/0     2/0     2/0     2/0     2/0   'CHEMBL2069834'
    2090   1/0     1/0     1/0     1/0     2/0     2/0     2/0     2/0   'CHEMBL2069835'
    2091   1/0     1/0     1/0     1/0     3/0     3/0     3/0     3/0   'CHEMBL2069836'
    2092   1/0     1/0     1/0     1/0     2/0     2/0     2/0     2/0   'CHEMBL2069838'
    2093   1/0     1/0     1/0     1/0     2/0     2/0     2/0     2/0   'CHEMBL2069839'
    2094   1/0     1/0     1/0     1/0     3/0     3/0     3/0     3/0   'CHEMBL2069840'
    2095   1/0     1/0     1/0     1/0     2/0     2/0     2/0     2/0   'CHEMBL2069841'
    2096   1/0     1/0     1/0     1/0     2/0     2/0     2/0     2/0   'CHEMBL2069842'
    2097   1/0     1/0     1/0     1/0     2/0     2/0     2/0     2/0   'CHEMBL2069843'
    2098   1/0     1/0     1/0     1/0     2/0     2/0     2/0     2/0   'CHEMBL2069844'
    2099   1/0     1/0     1/0     1/0     2/0     2/0     2/0     2/0   'CHEMBL2069845'
    2100   1/0     1/0     1/0     1/0     2/0     2/0     2/0     2/0   'CHEMBL2069847'
# counts of output and dropped structures after processing steps
# index  htreat  desalt  neutra   guard   epik   stereo    cgx   filter  title
    2101   1/0     1/0     1/0     1/0     2/0     2/0     2/0     2/0   'CHEMBL2069848'
    2102   1/0     1/0     1/0     1/0     2/0     2/0     2/0     2/0   'CHEMBL2069849'
    2103   1/0     1/0     1/0     1/0     2/0     2/0     2/0     2/0   'CHEMBL2069850'
    2104   1/0     1/0     1/0     1/0     2/0     2/0     2/0     2/0   'CHEMBL2069851'
    2105   1/0     1/0     1/0     1/0     2/0     2/0     2/0     2/0   'CHEMBL2069852'
    2106   1/0     1/0     1/0     1/0     5/0     5/0     5/0     5/0   'CHEMBL2069853'
    2107   1/0     1/0     1/0     1/0     2/0     2/0     2/0     2/0   'CHEMBL2069854'
    2108   1/0     1/0     1/0     1/0     2/0     2/0     2/0     2/0   'CHEMBL2069855'
    2109   1/0     1/0     1/0     1/0     2/0     2/0     2/0     2/0   'CHEMBL2069856'
    2110   1/0     1/0     1/0     1/0     2/0     2/0     2/0     2/0   'CHEMBL2069857'
    2111   1/0     1/0     1/0     1/0     2/0     2/0     2/0     2/0   'CHEMBL2069859'
    2112   1/0     1/0     1/0     1/0     2/0     2/0     2/0     2/0   'CHEMBL2069860'
    2113   1/0     1/0     1/0     1/0     1/0     1/0     1/0     1/0   'CHEMBL2086587'
    2114   1/0     1/0     1/0     1/0     1/0     1/0     1/0     1/0   'CHEMBL2086588'
    2115   1/0     1/0     1/0     1/0     2/0     2/0     2/0     2/0   'CHEMBL2086589'
    2116   1/0     1/0     1/0     1/0     1/0     1/0     1/0     1/0   'CHEMBL2086590'
    2117   1/0     1/0     1/0     1/0     1/0     1/0     1/0     1/0   'CHEMBL2086591'
    2118   1/0     1/0     1/0     1/0     1/0     1/0     1/0     1/0   'CHEMBL2086592'
    2119   1/0     1/0     1/0     1/0     1/0     1/0     1/0     1/0   'CHEMBL2086593'
    2120   1/0     1/0     1/0     1/0     1/0     1/0     1/0     1/0   'CHEMBL2086594'
    2121   1/0     1/0     1/0     1/0     1/0     1/0     1/0     1/0   'CHEMBL2086595'
    2122   1/0     1/0     1/0     1/0     1/0     1/0     1/0     1/0   'CHEMBL2086596'
    2123   1/0     1/0     1/0     1/0     2/0     2/0     2/0     2/0   'CHEMBL2086597'
    2124   1/0     1/0     1/0     1/0     1/0     1/0     1/0     1/0   'CHEMBL2086598'
    2125   1/0     1/0     1/0     1/0     1/0     1/0     1/0     1/0   'CHEMBL2086599'
    2126   1/0     1/0     1/0     1/0     1/0     1/0     1/0     1/0   'CHEMBL2086600'
    2127   1/0     1/0     1/0     1/0     1/0     1/0     1/0     1/0   'CHEMBL2086601'
    2128   1/0     1/0     1/0     1/0     1/0     1/0     1/0     1/0   'CHEMBL2086602'
    2129   1/0     1/0     1/0     1/0     1/0     1/0     1/0     1/0   'CHEMBL2086603'
    2130   1/0     1/0     1/0     1/0     1/0     1/0     1/0     1/0   'CHEMBL2086604'
    2131   1/0     1/0     1/0     1/0     2/0     2/0     2/0     2/0   'CHEMBL2086605'
    2132   1/0     1/0     1/0     1/0     1/0     1/0     1/0     1/0   'CHEMBL2086606'
    2133   1/0     1/0     1/0     1/0     1/0     1/0     1/0     1/0   'CHEMBL2086607'
    2134   1/0     1/0     1/0     1/0     1/0     1/0     1/0     1/0   'CHEMBL2086608'
    2135   1/0     1/0     1/0     1/0     1/0     1/0     1/0     1/0   'CHEMBL2086609'
    2136   1/0     1/0     1/0     1/0     1/0     1/0     1/0     1/0   'CHEMBL2086610'
    2137   1/0     1/0     1/0     1/0     1/0     1/0     1/0     1/0   'CHEMBL2086611'
    2138   1/0     1/0     1/0     1/0     1/0     1/0     1/0     1/0   'CHEMBL2086612'
    2139   1/0     1/0     1/0     1/0     1/0     1/0     1/0     1/0   'CHEMBL2086613'
    2140   1/0     1/0     1/0     1/0     1/0     1/0     1/0     1/0   'CHEMBL2086614'
    2141   1/0     1/0     1/0     1/0     1/0     1/0     1/0     1/0   'CHEMBL2086615'
    2142   1/0     1/0     1/0     1/0     1/0     1/0     1/0     1/0   'CHEMBL2086616'
    2143   1/0     1/0     1/0     1/0     3/0     3/0     3/0     3/0   'CHEMBL2105762'
    2144   1/0     1/0     1/0     1/0     2/0     2/0     2/0     2/0   'CHEMBL2147056'
    2145   1/0     1/0     1/0     1/0     3/0     3/0     3/0     3/0   'CHEMBL2147057'
    2146   1/0     1/0     1/0     1/0     2/0     2/0     2/0     2/0   'CHEMBL2147058'
    2147   1/0     1/0     1/0     1/0     2/0     2/0     2/0     2/0   'CHEMBL2147059'
    2148   1/0     1/0     1/0     1/0     3/0     3/0     3/0     3/0   'CHEMBL2147060'
    2149   1/0     1/0     1/0     1/0     2/0     2/0     2/0     2/0   'CHEMBL2147062'
    2150   1/0     1/0     1/0     1/0     2/0     2/0     2/0     2/0   'CHEMBL2147063'
# counts of output and dropped structures after processing steps
# index  htreat  desalt  neutra   guard   epik   stereo    cgx   filter  title
    2151   1/0     1/0     1/0     1/0     3/0     3/0     3/0     3/0   'CHEMBL2147065'
    2152   1/0     1/0     1/0     1/0     2/0     2/0     2/0     2/0   'CHEMBL2147066'
    2153   1/0     1/0     1/0     1/0     2/0     2/0     2/0     2/0   'CHEMBL2147067'
    2154   1/0     1/0     1/0     1/0     2/0     2/0     2/0     2/0   'CHEMBL2147072'
    2155   1/0     1/0     1/0     1/0     2/0     2/0     2/0     2/0   'CHEMBL2147075'
    2156   1/0     1/0     1/0     1/0     2/0     2/0     2/0     2/0   'CHEMBL2147076'
    2157   1/0     1/0     1/0     1/0     2/0     2/0     2/0     2/0   'CHEMBL2147077'
    2158   1/0     1/0     1/0     1/0     3/0     3/0     3/0     3/0   'CHEMBL2147086'
    2159   1/0     1/0     1/0     1/0     3/0     3/0     3/0     3/0   'CHEMBL2147087'
    2160   1/0     1/0     1/0     1/0     3/0     3/0     3/0     3/0   'CHEMBL2147183'
    2161   1/0     1/0     1/0     1/0     2/0     2/0     2/0     2/0   'CHEMBL2147184'
    2162   1/0     1/0     1/0     1/0     2/0     2/0     2/0     2/0   'CHEMBL2147185'
    2163   1/0     1/0     1/0     1/0     2/0     2/0     2/0     2/0   'CHEMBL2147187'
    2164   1/0     1/0     1/0     1/0     2/0     2/0     2/0     2/0   'CHEMBL2147190'
    2165   1/0     1/0     1/0     1/0     2/0     2/0     2/0     2/0   'CHEMBL2147192'
    2166   1/0     1/0     1/0     1/0     2/0     2/0     2/0     2/0   'CHEMBL2147193'
    2167   1/0     1/0     1/0     1/0     3/0     3/0     3/0     3/0   'CHEMBL2147702'
    2168   1/0     1/0     1/0     1/0     5/0     5/0     5/0     5/0   'CHEMBL2147703'
    2169   1/0     1/0     1/0     1/0     3/0     3/0     3/0     3/0   'CHEMBL2147704'
    2170   1/0     1/0     1/0     1/0     3/0     3/0     3/0     3/0   'CHEMBL2147705'
    2171   1/0     1/0     1/0     1/0     3/0     3/0     3/0     3/0   'CHEMBL2147706'
    2172   1/0     1/0     1/0     1/0     3/0     3/0     3/0     3/0   'CHEMBL2147707'
    2173   1/0     1/0     1/0     1/0     3/0     3/0     3/0     3/0   'CHEMBL2147709'
    2174   1/0     1/0     1/0     1/0     3/0     3/0     3/0     3/0   'CHEMBL2147710'
    2175   1/0     1/0     1/0     1/0     3/0     3/0     3/0     3/0   'CHEMBL2147711'
    2176   1/0     1/0     1/0     1/0     3/0     3/0     3/0     3/0   'CHEMBL2147712'
    2177   1/0     1/0     1/0     1/0     3/0     3/0     3/0     3/0   'CHEMBL2147713'
    2178   1/0     1/0     1/0     1/0     3/0     3/0     3/0     3/0   'CHEMBL2147714'
    2179   1/0     1/0     1/0     1/0     3/0     3/0     3/0     3/0   'CHEMBL2147715'
    2180   1/0     1/0     1/0     1/0     3/0     3/0     3/0     3/0   'CHEMBL2147771'
    2181   1/0     1/0     1/0     1/0     3/0     3/0     3/0     3/0   'CHEMBL2147772'
    2182   1/0     1/0     1/0     1/0     3/0     3/0     3/0     3/0   'CHEMBL2147773'
    2183   1/0     1/0     1/0     1/0     3/0     3/0     3/0     3/0   'CHEMBL2147774'
    2184   1/0     1/0     1/0     1/0     3/0     3/0     3/0     3/0   'CHEMBL2147775'
    2185   1/0     1/0     1/0     1/0     3/0     3/0     3/0     3/0   'CHEMBL2147777'
    2186   1/0     1/0     1/0     1/0     2/0     2/0     2/0     2/0   'CHEMBL2159175'
    2187   1/0     1/0     1/0     1/0     2/0     2/0     2/0     2/0   'CHEMBL2159176'
    2188   1/0     1/0     1/0     1/0     2/0     2/0     2/0     2/0   'CHEMBL2159177'
    2189   1/0     1/0     1/0     1/0     2/0     2/0     2/0     2/0   'CHEMBL2159178'
    2190   1/0     1/0     1/0     1/0     2/0     2/0     2/0     2/0   'CHEMBL2159179'
    2191   1/0     1/0     1/0     1/0     2/0     2/0     2/0     2/0   'CHEMBL2159180'
    2192   1/0     1/0     1/0     1/0     2/0     2/0     2/0     2/0   'CHEMBL2159181'
    2193   1/0     1/0     1/0     1/0     2/0     2/0     2/0     2/0   'CHEMBL2159182'
    2194   1/0     1/0     1/0     1/0     2/0     2/0     2/0     2/0   'CHEMBL2159183'
    2195   1/0     1/0     1/0     1/0     2/0     2/0     2/0     2/0   'CHEMBL2159184'
    2196   1/0     1/0     1/0     1/0     2/0     2/0     2/0     2/0   'CHEMBL2159185'
    2197   1/0     1/0     1/0     1/0     2/0     2/0     2/0     2/0   'CHEMBL2159186'
    2198   1/0     1/0     1/0     1/0     2/0     2/0     2/0     2/0   'CHEMBL2159187'
    2199   1/0     1/0     1/0     1/0     2/0     2/0     2/0     2/0   'CHEMBL2159188'
    2200   1/0     1/0     1/0     1/0     3/0     3/0     3/0     3/0   'CHEMBL2159189'
# counts of output and dropped structures after processing steps
# index  htreat  desalt  neutra   guard   epik   stereo    cgx   filter  title
    2201   1/0     1/0     1/0     1/0     2/0     2/0     2/0     2/0   'CHEMBL2159190'
    2202   1/0     1/0     1/0     1/0     2/0     2/0     2/0     2/0   'CHEMBL2159191'
    2203   1/0     1/0     1/0     1/0     2/0     2/0     2/0     2/0   'CHEMBL2159192'
    2204   1/0     1/0     1/0     1/0     2/0     2/0     2/0     2/0   'CHEMBL2159193'
    2205   1/0     1/0     1/0     1/0     4/0     4/0     4/0     4/0   'CHEMBL2159194'
    2206   1/0     1/0     1/0     1/0     2/0     2/0     2/0     2/0   'CHEMBL2206466'
    2207   1/0     1/0     1/0     1/0     2/0     2/0     2/0     2/0   'CHEMBL2206467'
    2208   1/0     1/0     1/0     1/0     2/0     2/0     2/0     2/0   'CHEMBL2206468'
    2209   1/0     1/0     1/0     1/0     2/0     2/0     2/0     2/0   'CHEMBL2206470'
    2210   1/0     1/0     1/0     1/0     3/0     3/0     3/0     3/0   'CHEMBL2206471'
    2211   1/0     1/0     1/0     1/0     2/0     2/0     2/0     2/0   'CHEMBL2206474'
    2212   1/0     1/0     1/0     1/0     2/0     2/0     2/0     2/0   'CHEMBL2206488'
    2213   1/0     1/0     1/0     1/0     2/0     2/0     2/0     2/0   'CHEMBL2298396'
    2214   1/0     1/0     1/0     1/0     1/0     1/0     1/0     1/0   'CHEMBL2333023'
    2215   1/0     1/0     1/0     1/0     1/0     1/0     1/0     1/0   'CHEMBL2333025'
    2216   1/0     1/0     1/0     1/0     1/0     1/0     1/0     1/0   'CHEMBL2346919'
    2217   1/0     1/0     1/0     1/0     1/0     1/0     1/0     1/0   'CHEMBL2346920'
    2218   1/0     1/0     1/0     1/0     1/0     1/0     1/0     1/0   'CHEMBL2346921'
    2219   1/0     1/0     1/0     1/0     1/0     1/0     1/0     1/0   'CHEMBL2346922'
    2220   1/0     1/0     1/0     1/0     1/0     1/0     1/0     1/0   'CHEMBL2346923'
    2221   1/0     1/0     1/0     1/0     1/0     1/0     1/0     1/0   'CHEMBL2346924'
    2222   1/0     1/0     1/0     1/0     1/0     1/0     1/0     1/0   'CHEMBL2346925'
    2223   1/0     1/0     1/0     1/0     1/0     1/0     1/0     1/0   'CHEMBL2346926'
    2224   1/0     1/0     1/0     1/0     1/0     1/0     1/0     1/0   'CHEMBL2346928'
    2225   1/0     1/0     1/0     1/0     1/0     1/0     1/0     1/0   'CHEMBL2346929'
    2226   1/0     1/0     1/0     1/0     1/0     1/0     1/0     1/0   'CHEMBL2346930'
    2227   1/0     1/0     1/0     1/0     1/0     1/0     1/0     1/0   'CHEMBL2347035'
    2228   1/0     1/0     1/0     1/0     1/0     1/0     1/0     1/0   'CHEMBL2347036'
    2229   1/0     1/0     1/0     1/0     1/0     1/0     1/0     1/0   'CHEMBL2347037'
    2230   1/0     1/0     1/0     1/0     1/0     1/0     1/0     1/0   'CHEMBL2347038'
    2231   1/0     1/0     1/0     1/0     1/0     1/0     1/0     1/0   'CHEMBL2347039'
    2232   1/0     1/0     1/0     1/0     2/0     2/0     2/0     2/0   'CHEMBL2364733'
    2233   1/0     1/0     1/0     1/0     1/0     1/0     1/0     1/0   'CHEMBL2408638'
    2234   1/0     1/0     1/0     1/0     2/0     2/0     2/0     2/0   'CHEMBL2408639'
    2235   1/0     1/0     1/0     1/0     1/0     1/0     1/0     1/0   'CHEMBL2408642'
    2236   1/0     1/0     1/0     1/0     1/0     1/0     1/0     1/0   'CHEMBL2408644'
    2237   1/0     1/0     1/0     1/0     1/0     1/0     1/0     1/0   'CHEMBL2408646'
    2238   1/0     1/0     1/0     1/0     1/0     1/0     1/0     1/0   'CHEMBL2408651'
    2239   1/0     1/0     1/0     1/0     1/0     1/0     1/0     1/0   'CHEMBL2408655'
    2240   1/0     1/0     1/0     1/0     1/0     1/0     1/0     1/0   'CHEMBL2408771'
    2241   1/0     1/0     1/0     1/0     1/0     1/0     1/0     1/0   'CHEMBL2408774'
    2242   1/0     1/0     1/0     1/0     2/0     2/0     2/0     2/0   'CHEMBL2417563'
    2243   1/0     1/0     1/0     1/0     2/0     2/0     2/0     2/0   'CHEMBL2418624'
    2244   1/0     1/0     1/0     1/0     2/0     2/0     2/0     2/0   'CHEMBL2418625'
    2245   1/0     1/0     1/0     1/0     2/0     2/0     2/0     2/0   'CHEMBL2418626'
    2246   1/0     1/0     1/0     1/0     2/0     2/0     2/0     2/0   'CHEMBL2418627'
    2247   1/0     1/0     1/0     1/0     2/0     2/0     2/0     2/0   'CHEMBL2418628'
    2248   1/0     1/0     1/0     1/0     2/0     2/0     2/0     2/0   'CHEMBL2418629'
    2249   1/0     1/0     1/0     1/0     2/0     2/0     2/0     2/0   'CHEMBL2418630'
    2250   1/0     1/0     1/0     1/0     2/0     2/0     2/0     2/0   'CHEMBL2418631'
# counts of output and dropped structures after processing steps
# index  htreat  desalt  neutra   guard   epik   stereo    cgx   filter  title
    2251   1/0     1/0     1/0     1/0     2/0     2/0     2/0     2/0   'CHEMBL2418632'
    2252   1/0     1/0     1/0     1/0     2/0     2/0     2/0     2/0   'CHEMBL2418634'
    2253   1/0     1/0     1/0     1/0     2/0     2/0     2/0     2/0   'CHEMBL2418635'
    2254   1/0     1/0     1/0     1/0     2/0     2/0     2/0     2/0   'CHEMBL2418636'
    2255   1/0     1/0     1/0     1/0     2/0     2/0     2/0     2/0   'CHEMBL2418637'
    2256   1/0     1/0     1/0     1/0     2/0     2/0     2/0     2/0   'CHEMBL2418638'
    2257   1/0     1/0     1/0     1/0     2/0     2/0     2/0     2/0   'CHEMBL2418639'
    2258   1/0     1/0     1/0     1/0     2/0     2/0     2/0     2/0   'CHEMBL2424672'
    2259   1/0     1/0     1/0     1/0     3/0     3/0     3/0     3/0   'CHEMBL2425059'
    2260   1/0     1/0     1/0     1/0     3/0     3/0     3/0     3/0   'CHEMBL2425060'
    2261   1/0     1/0     1/0     1/0     4/0     4/0     4/0     4/0   'CHEMBL2425061'
    2262   1/0     1/0     1/0     1/0     2/0     2/0     2/0     2/0   'CHEMBL2425062'
    2263   1/0     1/0     1/0     1/0     1/0     1/0     1/0     1/0   'CHEMBL2425063'
    2264   1/0     1/0     1/0     1/0     2/0     2/0     2/0     2/0   'CHEMBL2425064'
    2265   1/0     1/0     1/0     1/0     2/0     2/0     2/0     2/0   'CHEMBL2425065'
    2266   1/0     1/0     1/0     1/0     2/0     2/0     2/0     2/0   'CHEMBL2425066'
    2267   1/0     1/0     1/0     1/0     2/0     2/0     2/0     2/0   'CHEMBL2425067'
    2268   1/0     1/0     1/0     1/0     3/0     3/0     3/0     3/0   'CHEMBL2425068'
    2269   1/0     1/0     1/0     1/0     3/0     3/0     3/0     3/0   'CHEMBL2425069'
    2270   1/0     1/0     1/0     1/0     4/0     4/0     4/0     4/0   'CHEMBL2425070'
    2271   1/0     1/0     1/0     1/0     4/0     4/0     4/0     4/0   'CHEMBL2425071'
    2272   1/0     1/0     1/0     1/0     4/0     4/0     4/0     4/0   'CHEMBL2425072'
    2273   1/0     1/0     1/0     1/0     4/0     4/0     4/0     4/0   'CHEMBL2425073'
    2274   1/0     1/0     1/0     1/0     4/0     4/0     4/0     4/0   'CHEMBL2425074'
    2275   1/0     1/0     1/0     1/0     4/0     4/0     4/0     4/0   'CHEMBL2425075'
    2276   1/0     1/0     1/0     1/0     4/0     4/0     4/0     4/0   'CHEMBL2425076'
    2277   1/0     1/0     1/0     1/0     4/0     4/0     4/0     4/0   'CHEMBL2425077'
    2278   1/0     1/0     1/0     1/0     4/0     4/0     4/0     4/0   'CHEMBL2425078'
    2279   1/0     1/0     1/0     1/0     4/0     4/0     4/0     4/0   'CHEMBL2425079'
    2280   1/0     1/0     1/0     1/0     4/0     4/0     4/0     4/0   'CHEMBL2425080'
    2281   1/0     1/0     1/0     1/0     4/0     4/0     4/0     4/0   'CHEMBL2425081'
    2282   1/0     1/0     1/0     1/0     2/0     2/0     2/0     2/0   'CHEMBL2425882'
    2283   1/0     1/0     1/0     1/0     2/0     2/0     2/0     2/0   'CHEMBL2425883'
    2284   1/0     1/0     1/0     1/0     2/0     2/0     2/0     2/0   'CHEMBL2425884'
    2285   1/0     1/0     1/0     1/0     3/0     3/0     3/0     3/0   'CHEMBL2425885'
    2286   1/0     1/0     1/0     1/0     3/0     3/0     3/0     3/0   'CHEMBL2425886'
    2287   1/0     1/0     1/0     1/0     3/0     3/0     3/0     3/0   'CHEMBL2425887'
    2288   1/0     1/0     1/0     1/0     2/0     2/0     2/0     2/0   'CHEMBL2425888'
    2289   1/0     1/0     1/0     1/0     2/0     2/0     2/0     2/0   'CHEMBL2425889'
    2290   1/0     1/0     1/0     1/0     2/0     2/0     2/0     2/0   'CHEMBL2425890'
    2291   1/0     1/0     1/0     1/0     3/0     3/0     3/0     3/0   'CHEMBL2425891'
    2292   1/0     1/0     1/0     1/0     2/0     2/0     2/0     2/0   'CHEMBL2425892'
    2293   1/0     1/0     1/0     1/0     2/0     2/0     2/0     2/0   'CHEMBL2425893'
    2294   1/0     1/0     1/0     1/0     2/0     2/0     2/0     2/0   'CHEMBL2425894'
    2295   1/0     1/0     1/0     1/0     2/0     2/0     2/0     2/0   'CHEMBL2425895'
    2296   1/0     1/0     1/0     1/0     2/0     2/0     2/0     2/0   'CHEMBL3084811'
    2297   1/0     1/0     1/0     1/0     2/0     2/0     2/0     2/0   'CHEMBL3084812'
    2298   1/0     1/0     1/0     1/0     2/0     2/0     2/0     2/0   'CHEMBL3084813'
    2299   1/0     1/0     1/0     1/0     2/0     2/0     2/0     2/0   'CHEMBL3084814'
    2300   1/0     1/0     1/0     1/0     2/0     2/0     2/0     2/0   'CHEMBL3084815'
# counts of output and dropped structures after processing steps
# index  htreat  desalt  neutra   guard   epik   stereo    cgx   filter  title
    2301   1/0     1/0     1/0     1/0     2/0     2/0     2/0     2/0   'CHEMBL3084816'
    2302   1/0     1/0     1/0     1/0     2/0     2/0     2/0     2/0   'CHEMBL3084817'
    2303   1/0     1/0     1/0     1/0     2/0     2/0     2/0     2/0   'CHEMBL3084818'
    2304   1/0     1/0     1/0     1/0     2/0     2/0     2/0     2/0   'CHEMBL3084819'
    2305   1/0     1/0     1/0     1/0     2/0     2/0     2/0     2/0   'CHEMBL3084820'
    2306   1/0     1/0     1/0     1/0     2/0     2/0     2/0     2/0   'CHEMBL3084821'
    2307   1/0     1/0     1/0     1/0     2/0     2/0     2/0     2/0   'CHEMBL3084822'
    2308   1/0     1/0     1/0     1/0     2/0     2/0     2/0     2/0   'CHEMBL3084823'
    2309   1/0     1/0     1/0     1/0     2/0     2/0     2/0     2/0   'CHEMBL3084824'
    2310   1/0     1/0     1/0     1/0     2/0     2/0     2/0     2/0   'CHEMBL3084825'
    2311   1/0     1/0     1/0     1/0     2/0     2/0     2/0     2/0   'CHEMBL3084826'
    2312   1/0     1/0     1/0     1/0     2/0     2/0     2/0     2/0   'CHEMBL3084936'
    2313   1/0     1/0     1/0     1/0     2/0     2/0     2/0     2/0   'CHEMBL3084937'
    2314   1/0     1/0     1/0     1/0     2/0     2/0     2/0     2/0   'CHEMBL3084938'
    2315   1/0     1/0     1/0     1/0     2/0     2/0     2/0     2/0   'CHEMBL3084939'
    2316   1/0     1/0     1/0     1/0     2/0     2/0     2/0     2/0   'CHEMBL3084940'
    2317   1/0     1/0     1/0     1/0     2/0     2/0     2/0     2/0   'CHEMBL3084941'
    2318   1/0     1/0     1/0     1/0     2/0     2/0     2/0     2/0   'CHEMBL3084942'
    2319   1/0     1/0     1/0     1/0     2/0     2/0     2/0     2/0   'CHEMBL3084943'
    2320   1/0     1/0     1/0     1/0     2/0     2/0     2/0     2/0   'CHEMBL3084944'
    2321   1/0     1/0     1/0     1/0     2/0     2/0     2/0     2/0   'CHEMBL3084945'
    2322   1/0     1/0     1/0     1/0     2/0     2/0     2/0     2/0   'CHEMBL3084946'
    2323   1/0     1/0     1/0     1/0     2/0     2/0     2/0     2/0   'CHEMBL3084947'
    2324   1/0     1/0     1/0     1/0     2/0     2/0     2/0     2/0   'CHEMBL3084948'
    2325   1/0     1/0     1/0     1/0     2/0     2/0     2/0     2/0   'CHEMBL3084949'
    2326   1/0     1/0     1/0     1/0     2/0     2/0     2/0     2/0   'CHEMBL3084950'
    2327   1/0     1/0     1/0     1/0     2/0     2/0     2/0     2/0   'CHEMBL3084951'
    2328   1/0     1/0     1/0     1/0     2/0     2/0     2/0     2/0   'CHEMBL3084952'
    2329   1/0     1/0     1/0     1/0     2/0     2/0     2/0     2/0   'CHEMBL3084953'
    2330   1/0     1/0     1/0     1/0     2/0     2/0     2/0     2/0   'CHEMBL3084954'
    2331   1/0     1/0     1/0     1/0     2/0     2/0     2/0     2/0   'CHEMBL3084955'
    2332   1/0     1/0     1/0     1/0     2/0     2/0     2/0     2/0   'CHEMBL3084956'
    2333   1/0     1/0     1/0     1/0     2/0     2/0     2/0     2/0   'CHEMBL3091488'
    2334   1/0     1/0     1/0     1/0     2/0     2/0     2/0     2/0   'CHEMBL3093896'
    2335   1/0     1/0     1/0     1/0     2/0     2/0     2/0     2/0   'CHEMBL3093897'
    2336   1/0     1/0     1/0     1/0     2/0     2/0     2/0     2/0   'CHEMBL3093898'
    2337   1/0     1/0     1/0     1/0     2/0     2/0     2/0     2/0   'CHEMBL3093899'
    2338   1/0     1/0     1/0     1/0     2/0     2/0     2/0     2/0   'CHEMBL3093900'
    2339   1/0     1/0     1/0     1/0     2/0     2/0     2/0     2/0   'CHEMBL3093901'
    2340   1/0     1/0     1/0     1/0     2/0     2/0     2/0     2/0   'CHEMBL3093902'
    2341   1/0     1/0     1/0     1/0     2/0     2/0     2/0     2/0   'CHEMBL3093903'
    2342   1/0     1/0     1/0     1/0     2/0     2/0     2/0     2/0   'CHEMBL3093904'
    2343   1/0     1/0     1/0     1/0     2/0     2/0     2/0     2/0   'CHEMBL3093905'
    2344   1/0     1/0     1/0     1/0     2/0     2/0     2/0     2/0   'CHEMBL3093906'
    2345   1/0     1/0     1/0     1/0     2/0     2/0     2/0     2/0   'CHEMBL3093907'
    2346   1/0     1/0     1/0     1/0     2/0     2/0     2/0     2/0   'CHEMBL3093908'
    2347   1/0     1/0     1/0     1/0     2/0     2/0     2/0     2/0   'CHEMBL3093909'
    2348   1/0     1/0     1/0     1/0     2/0     2/0     2/0     2/0   'CHEMBL3093910'
    2349   1/0     1/0     1/0     1/0     2/0     2/0     2/0     2/0   'CHEMBL3093911'
    2350   1/0     1/0     1/0     1/0     2/0     2/0     2/0     2/0   'CHEMBL3093912'
# counts of output and dropped structures after processing steps
# index  htreat  desalt  neutra   guard   epik   stereo    cgx   filter  title
    2351   1/0     1/0     1/0     1/0     2/0     2/0     2/0     2/0   'CHEMBL3093913'
    2352   1/0     1/0     1/0     1/0     2/0     2/0     2/0     2/0   'CHEMBL3093914'
    2353   1/0     1/0     1/0     1/0     2/0     2/0     2/0     2/0   'CHEMBL3093915'
    2354   1/0     1/0     1/0     1/0     2/0     2/0     2/0     2/0   'CHEMBL3093916'
    2355   1/0     1/0     1/0     1/0     2/0     2/0     2/0     2/0   'CHEMBL3093917'
    2356   1/0     1/0     1/0     1/0     2/0     2/0     2/0     2/0   'CHEMBL3093918'
    2357   1/0     1/0     1/0     1/0     2/0     2/0     2/0     2/0   'CHEMBL3093919'
    2358   1/0     1/0     1/0     1/0     2/0     2/0     2/0     2/0   'CHEMBL3093920'
    2359   1/0     1/0     1/0     1/0     2/0     2/0     2/0     2/0   'CHEMBL3093922'
    2360   1/0     1/0     1/0     1/0     2/0     2/0     2/0     2/0   'CHEMBL3093923'
    2361   1/0     1/0     1/0     1/0     2/0     2/0     2/0     2/0   'CHEMBL3093924'
    2362   1/0     1/0     1/0     1/0     2/0     2/0     2/0     2/0   'CHEMBL3093925'
    2363   1/0     1/0     1/0     1/0     1/0     1/0     1/0     1/0   'CHEMBL3112957'
    2364   1/0     1/0     1/0     1/0     1/0     1/0     1/0     1/0   'CHEMBL3112958'
    2365   1/0     1/0     1/0     1/0     1/0     1/0     1/0     1/0   'CHEMBL3112959'
    2366   1/0     1/0     1/0     1/0     1/0     1/0     1/0     1/0   'CHEMBL3112960'
    2367   1/0     1/0     1/0     1/0     1/0     1/0     1/0     1/0   'CHEMBL3112961'
    2368   1/0     1/0     1/0     1/0     1/0     1/0     1/0     1/0   'CHEMBL3112962'
    2369   1/0     1/0     1/0     1/0     1/0     1/0     1/0     1/0   'CHEMBL3112963'
    2370   1/0     1/0     1/0     1/0     1/0     1/0     1/0     1/0   'CHEMBL3112964'
    2371   1/0     1/0     1/0     1/0     1/0     1/0     1/0     1/0   'CHEMBL3112965'
    2372   1/0     1/0     1/0     1/0     1/0     1/0     1/0     1/0   'CHEMBL3112966'
    2373   1/0     1/0     1/0     1/0     1/0     1/0     1/0     1/0   'CHEMBL3112967'
    2374   1/0     1/0     1/0     1/0     1/0     1/0     1/0     1/0   'CHEMBL3112968'
    2375   1/0     1/0     1/0     1/0     1/0     1/0     1/0     1/0   'CHEMBL3112969'
    2376   1/0     1/0     1/0     1/0     2/0     2/0     2/0     2/0   'CHEMBL3112970'
    2377   1/0     1/0     1/0     1/0     2/0     2/0     2/0     2/0   'CHEMBL3114069'
    2378   1/0     1/0     1/0     1/0     3/0     3/0     3/0     3/0   'CHEMBL3121246'
    2379   1/0     1/0     1/0     1/0     2/0     2/0     2/0     2/0   'CHEMBL3127979'
    2380   1/0     1/0     1/0     1/0     2/0     2/0     2/0     2/0   'CHEMBL3127980'
    2381   1/0     1/0     1/0     1/0     2/0     2/0     2/0     2/0   'CHEMBL3127981'
    2382   1/0     1/0     1/0     1/0     2/0     2/0     2/0     2/0   'CHEMBL3127982'
    2383   1/0     1/0     1/0     1/0     2/0     2/0     2/0     2/0   'CHEMBL3127983'
    2384   1/0     1/0     1/0     1/0     2/0     2/0     2/0     2/0   'CHEMBL3127984'
    2385   1/0     1/0     1/0     1/0     2/0     2/0     2/0     2/0   'CHEMBL3127985'
    2386   1/0     1/0     1/0     1/0     2/0     2/0     2/0     2/0   'CHEMBL3127986'
    2387   1/0     1/0     1/0     1/0     2/0     2/0     2/0     2/0   'CHEMBL3127987'
    2388   1/0     1/0     1/0     1/0     2/0     2/0     2/0     2/0   'CHEMBL3127988'
    2389   1/0     1/0     1/0     1/0     2/0     2/0     2/0     2/0   'CHEMBL3127989'
    2390   1/0     1/0     1/0     1/0     2/0     2/0     2/0     2/0   'CHEMBL3127990'
    2391   1/0     1/0     1/0     1/0     2/0     2/0     2/0     2/0   'CHEMBL3127991'
    2392   1/0     1/0     1/0     1/0     2/0     2/0     2/0     2/0   'CHEMBL3127992'
    2393   1/0     1/0     1/0     1/0     2/0     2/0     2/0     2/0   'CHEMBL3142227'
    2394   1/0     1/0     1/0     1/0     2/0     2/0     2/0     2/0   'CHEMBL3185489'
    2395   1/0     1/0     1/0     1/0     3/0     3/0     3/0     3/0   'CHEMBL3215607'
    2396   1/0     1/0     1/0     1/0     2/0     2/0     2/0     2/0   'CHEMBL3215633'
    2397   1/0     1/0     1/0     1/0     2/0     2/0     2/0     2/0   'CHEMBL3215634'
    2398   1/0     1/0     1/0     1/0     3/0     3/0     3/0     3/0   'CHEMBL3215845'
    2399   1/0     1/0     1/0     1/0     3/0     3/0     3/0     3/0   'CHEMBL3216477'
    2400   1/0     1/0     1/0     1/0     3/0     3/0     3/0     3/0   'CHEMBL3216485'
# counts of output and dropped structures after processing steps
# index  htreat  desalt  neutra   guard   epik   stereo    cgx   filter  title
    2401   1/0     1/0     1/0     1/0     3/0     3/0     3/0     3/0   'CHEMBL3216718'
    2402   1/0     1/0     1/0     1/0     3/0     3/0     3/0     3/0   'CHEMBL3216725'
    2403   1/0     1/0     1/0     1/0     3/0     3/0     3/0     3/0   'CHEMBL3216726'
    2404   1/0     1/0     1/0     1/0     3/0     3/0     3/0     3/0   'CHEMBL3216727'
    2405   1/0     1/0     1/0     1/0     3/0     3/0     3/0     3/0   'CHEMBL3216734'
    2406   1/0     1/0     1/0     1/0     2/0     2/0     2/0     2/0   'CHEMBL3216749'
    2407   1/0     1/0     1/0     1/0     3/0     3/0     3/0     3/0   'CHEMBL3216937'
    2408   1/0     1/0     1/0     1/0     3/0     3/0     3/0     3/0   'CHEMBL3216938'
    2409   1/0     1/0     1/0     1/0     3/0     3/0     3/0     3/0   'CHEMBL3216942'
    2410   1/0     1/0     1/0     1/0     3/0     3/0     3/0     3/0   'CHEMBL3216954'
    2411   1/0     1/0     1/0     1/0     3/0     3/0     3/0     3/0   'CHEMBL3217159'
    2412   1/0     1/0     1/0     1/0     3/0     3/0     3/0     3/0   'CHEMBL3217160'
    2413   1/0     1/0     1/0     1/0     2/0     2/0     2/0     2/0   'CHEMBL3220151'
    2414   1/0     1/0     1/0     1/0     1/0     1/0     1/0     1/0   'CHEMBL3220152'
    2415   1/0     1/0     1/0     1/0     1/0     1/0     1/0     1/0   'CHEMBL3233843'
    2416   1/0     1/0     1/0     1/0     1/0     1/0     1/0     1/0   'CHEMBL3236100'
    2417   1/0     1/0     1/0     1/0     1/0     1/0     1/0     1/0   'CHEMBL3236101'
    2418   1/0     1/0     1/0     1/0     1/0     1/0     1/0     1/0   'CHEMBL3236102'
    2419   1/0     1/0     1/0     1/0     1/0     1/0     1/0     1/0   'CHEMBL3236103'
    2420   1/0     1/0     1/0     1/0     1/0     1/0     1/0     1/0   'CHEMBL3236104'
    2421   1/0     1/0     1/0     1/0     1/0     1/0     1/0     1/0   'CHEMBL3236105'
    2422   1/0     1/0     1/0     1/0     1/0     1/0     1/0     1/0   'CHEMBL3236106'
    2423   1/0     1/0     1/0     1/0     1/0     1/0     1/0     1/0   'CHEMBL3236107'
    2424   1/0     1/0     1/0     1/0     1/0     1/0     1/0     1/0   'CHEMBL3236108'
    2425   1/0     1/0     1/0     1/0     1/0     1/0     1/0     1/0   'CHEMBL3236109'
    2426   1/0     1/0     1/0     1/0     1/0     1/0     1/0     1/0   'CHEMBL3236110'
    2427   1/0     1/0     1/0     1/0     1/0     1/0     1/0     1/0   'CHEMBL3236111'
    2428   1/0     1/0     1/0     1/0     1/0     1/0     1/0     1/0   'CHEMBL3236112'
    2429   1/0     1/0     1/0     1/0     1/0     1/0     1/0     1/0   'CHEMBL3236113'
    2430   1/0     1/0     1/0     1/0     1/0     1/0     1/0     1/0   'CHEMBL3236114'
    2431   1/0     1/0     1/0     1/0     1/0     1/0     1/0     1/0   'CHEMBL3236115'
    2432   1/0     1/0     1/0     1/0     1/0     1/0     1/0     1/0   'CHEMBL3236116'
    2433   1/0     1/0     1/0     1/0     1/0     1/0     1/0     1/0   'CHEMBL3236117'
    2434   1/0     1/0     1/0     1/0     1/0     1/0     1/0     1/0   'CHEMBL3236118'
    2435   1/0     1/0     1/0     1/0     1/0     1/0     1/0     1/0   'CHEMBL3236119'
    2436   1/0     1/0     1/0     1/0     1/0     1/0     1/0     1/0   'CHEMBL3236120'
    2437   1/0     1/0     1/0     1/0     1/0     1/0     1/0     1/0   'CHEMBL3236121'
    2438   1/0     1/0     1/0     1/0     1/0     1/0     1/0     1/0   'CHEMBL3236122'
    2439   1/0     1/0     1/0     1/0     1/0     1/0     1/0     1/0   'CHEMBL3236123'
    2440   1/0     1/0     1/0     1/0     1/0     1/0     1/0     1/0   'CHEMBL3236124'
    2441   1/0     1/0     1/0     1/0     1/0     1/0     1/0     1/0   'CHEMBL3236125'
    2442   1/0     1/0     1/0     1/0     1/0     1/0     1/0     1/0   'CHEMBL3236126'
    2443   1/0     1/0     1/0     1/0     1/0     1/0     1/0     1/0   'CHEMBL3236127'
    2444   1/0     1/0     1/0     1/0     1/0     1/0     1/0     1/0   'CHEMBL3236128'
    2445   1/0     1/0     1/0     1/0     1/0     1/0     1/0     1/0   'CHEMBL3236129'
    2446   1/0     1/0     1/0     1/0     1/0     1/0     1/0     1/0   'CHEMBL3236130'
    2447   1/0     1/0     1/0     1/0     1/0     1/0     1/0     1/0   'CHEMBL3236131'
    2448   1/0     1/0     1/0     1/0     4/0     4/0     4/0     4/0   'CHEMBL3310986'
    2449   1/0     1/0     1/0     1/0     4/0     4/0     4/0     4/0   'CHEMBL3310987'
    2450   1/0     1/0     1/0     1/0     1/0     1/0     1/0     1/0   'CHEMBL3310988'
# counts of output and dropped structures after processing steps
# index  htreat  desalt  neutra   guard   epik   stereo    cgx   filter  title
    2451   1/0     1/0     1/0     1/0     1/0     1/0     1/0     1/0   'CHEMBL3329624'
    2452   1/0     1/0     1/0     1/0     2/0     2/0     2/0     2/0   'CHEMBL3329625'
    2453   1/0     1/0     1/0     1/0     1/0     1/0     1/0     1/0   'CHEMBL3329626'
    2454   1/0     1/0     1/0     1/0     1/0     1/0     1/0     1/0   'CHEMBL3329627'
    2455   1/0     1/0     1/0     1/0     1/0     1/0     1/0     1/0   'CHEMBL3329628'
    2456   1/0     1/0     1/0     1/0     1/0     1/0     1/0     1/0   'CHEMBL3329629'
    2457   1/0     1/0     1/0     1/0     1/0     1/0     1/0     1/0   'CHEMBL3329630'
    2458   1/0     1/0     1/0     1/0     1/0     1/0     1/0     1/0   'CHEMBL3329631'
    2459   1/0     1/0     1/0     1/0     1/0     1/0     1/0     1/0   'CHEMBL3329632'
    2460   1/0     1/0     1/0     1/0     1/0     1/0     1/0     1/0   'CHEMBL3329633'
    2461   1/0     1/0     1/0     1/0     1/0     1/0     1/0     1/0   'CHEMBL3329634'
    2462   1/0     1/0     1/0     1/0     1/0     1/0     1/0     1/0   'CHEMBL3329636'
    2463   1/0     1/0     1/0     1/0     1/0     1/0     1/0     1/0   'CHEMBL3329637'
    2464   1/0     1/0     1/0     1/0     1/0     1/0     1/0     1/0   'CHEMBL3329638'
    2465   1/0     1/0     1/0     1/0     1/0     1/0     1/0     1/0   'CHEMBL3329639'
    2466   1/0     1/0     1/0     1/0     1/0     1/0     1/0     1/0   'CHEMBL3329641'
    2467   1/0     1/0     1/0     1/0     1/0     1/0     1/0     1/0   'CHEMBL3329688'
    2468   1/0     1/0     1/0     1/0     2/0     2/0     2/0     2/0   'CHEMBL3329689'
    2469   1/0     1/0     1/0     1/0     2/0     2/0     2/0     2/0   'CHEMBL3329691'
    2470   1/0     1/0     1/0     1/0     2/0     2/0     2/0     2/0   'CHEMBL3329692'
    2471   1/0     1/0     1/0     1/0     2/0     2/0     2/0     2/0   'CHEMBL3330049'
    2472   1/0     1/0     1/0     1/0     2/0     2/0     2/0     2/0   'CHEMBL3330050'
    2473   1/0     1/0     1/0     1/0     2/0     2/0     2/0     2/0   'CHEMBL3330051'
    2474   1/0     1/0     1/0     1/0     2/0     2/0     2/0     2/0   'CHEMBL3330052'
    2475   1/0     1/0     1/0     1/0     2/0     2/0     2/0     2/0   'CHEMBL3330053'
    2476   1/0     1/0     1/0     1/0     2/0     2/0     2/0     2/0   'CHEMBL3330054'
    2477   1/0     1/0     1/0     1/0     2/0     2/0     2/0     2/0   'CHEMBL3330055'
    2478   1/0     1/0     1/0     1/0     2/0     2/0     2/0     2/0   'CHEMBL3330056'
    2479   1/0     1/0     1/0     1/0     2/0     2/0     2/0     2/0   'CHEMBL3330057'
    2480   1/0     1/0     1/0     1/0     2/0     2/0     2/0     2/0   'CHEMBL3330058'
    2481   1/0     1/0     1/0     1/0     2/0     2/0     2/0     2/0   'CHEMBL3330059'
    2482   1/0     1/0     1/0     1/0     2/0     2/0     2/0     2/0   'CHEMBL3330060'
    2483   1/0     1/0     1/0     1/0     2/0     2/0     2/0     2/0   'CHEMBL3330061'
    2484   1/0     1/0     1/0     1/0     2/0     2/0     2/0     2/0   'CHEMBL3330062'
    2485   1/0     1/0     1/0     1/0     2/0     2/0     2/0     2/0   'CHEMBL3330063'
    2486   1/0     1/0     1/0     1/0     2/0     2/0     2/0     2/0   'CHEMBL3330064'
    2487   1/0     1/0     1/0     1/0     2/0     2/0     2/0     2/0   'CHEMBL3330065'
    2488   1/0     1/0     1/0     1/0     2/0     2/0     2/0     2/0   'CHEMBL3330066'
    2489   1/0     1/0     1/0     1/0     2/0     2/0     2/0     2/0   'CHEMBL3330067'
    2490   1/0     1/0     1/0     1/0     2/0     2/0     2/0     2/0   'CHEMBL3330068'
    2491   1/0     1/0     1/0     1/0     2/0     2/0     2/0     2/0   'CHEMBL3330070'
    2492   1/0     1/0     1/0     1/0     2/0     2/0     2/0     2/0   'CHEMBL3330071'
    2493   1/0     1/0     1/0     1/0     2/0     2/0     2/0     2/0   'CHEMBL3330072'
    2494   1/0     1/0     1/0     1/0     2/0     2/0     2/0     2/0   'CHEMBL3330073'
    2495   1/0     1/0     1/0     1/0     1/0     1/0     1/0     1/0   'CHEMBL3343899'
    2496   1/0     1/0     1/0     1/0     1/0     1/0     1/0     1/0   'CHEMBL3343900'
    2497   1/0     1/0     1/0     1/0     2/0     2/0     2/0     2/0   'CHEMBL3357763'
    2498   1/0     1/0     1/0     1/0     2/0     2/0     2/0     2/0   'CHEMBL3357764'
    2499   1/0     1/0     1/0     1/0     2/0     2/0     2/0     2/0   'CHEMBL3357765'
    2500   1/0     1/0     1/0     1/0     2/0     2/0     2/0     2/0   'CHEMBL3357766'
# counts of output and dropped structures after processing steps
# index  htreat  desalt  neutra   guard   epik   stereo    cgx   filter  title
    2501   1/0     1/0     1/0     1/0     2/0     2/0     2/0     2/0   'CHEMBL3357767'
    2502   1/0     1/0     1/0     1/0     2/0     2/0     2/0     2/0   'CHEMBL3357768'
    2503   1/0     1/0     1/0     1/0     2/0     2/0     2/0     2/0   'CHEMBL3357769'
    2504   1/0     1/0     1/0     1/0     2/0     2/0     2/0     2/0   'CHEMBL3357770'
    2505   1/0     1/0     1/0     1/0     2/0     2/0     2/0     2/0   'CHEMBL3357771'
    2506   1/0     1/0     1/0     1/0     2/0     2/0     2/0     2/0   'CHEMBL3357772'
    2507   1/0     1/0     1/0     1/0     2/0     2/0     2/0     2/0   'CHEMBL3357773'
    2508   1/0     1/0     1/0     1/0     2/0     2/0     2/0     2/0   'CHEMBL3357774'
    2509   1/0     1/0     1/0     1/0     2/0     2/0     2/0     2/0   'CHEMBL3357775'
    2510   1/0     1/0     1/0     1/0     2/0     2/0     2/0     2/0   'CHEMBL3357776'
    2511   1/0     1/0     1/0     1/0     2/0     2/0     2/0     2/0   'CHEMBL3357777'
    2512   1/0     1/0     1/0     1/0     2/0     2/0     2/0     2/0   'CHEMBL3357778'
    2513   1/0     1/0     1/0     1/0     2/0     2/0     2/0     2/0   'CHEMBL3357779'
    2514   1/0     1/0     1/0     1/0     2/0     2/0     2/0     2/0   'CHEMBL3357781'
    2515   1/0     1/0     1/0     1/0     2/0     2/0     2/0     2/0   'CHEMBL3425745'
    2516   1/0     1/0     1/0     1/0     2/0     2/0     2/0     2/0   'CHEMBL3425746'
    2517   1/0     1/0     1/0     1/0     2/0     2/0     2/0     2/0   'CHEMBL3425747'
    2518   1/0     1/0     1/0     1/0     2/0     2/0     2/0     2/0   'CHEMBL3425748'
    2519   1/0     1/0     1/0     1/0     2/0     2/0     2/0     2/0   'CHEMBL3425749'
    2520   1/0     1/0     1/0     1/0     2/0     2/0     2/0     2/0   'CHEMBL3425750'
    2521   1/0     1/0     1/0     1/0     2/0     2/0     2/0     2/0   'CHEMBL3425753'
    2522   1/0     1/0     1/0     1/0     2/0     2/0     2/0     2/0   'CHEMBL3425754'
    2523   1/0     1/0     1/0     1/0     2/0     2/0     2/0     2/0   'CHEMBL3580775'
    2524   1/0     1/0     1/0     1/0     2/0     2/0     2/0     2/0   'CHEMBL3580776'
    2525   1/0     1/0     1/0     1/0     2/0     2/0     2/0     2/0   'CHEMBL3580777'
    2526   1/0     1/0     1/0     1/0     2/0     2/0     2/0     2/0   'CHEMBL3580778'
    2527   1/0     1/0     1/0     1/0     2/0     2/0     2/0     2/0   'CHEMBL3580779'
    2528   1/0     1/0     1/0     1/0     2/0     2/0     2/0     2/0   'CHEMBL3580780'
    2529   1/0     1/0     1/0     1/0     2/0     2/0     2/0     2/0   'CHEMBL3580781'
    2530   1/0     1/0     1/0     1/0     2/0     2/0     2/0     2/0   'CHEMBL3580782'
    2531   1/0     1/0     1/0     1/0     2/0     2/0     2/0     2/0   'CHEMBL3580783'
    2532   1/0     1/0     1/0     1/0     2/0     2/0     2/0     2/0   'CHEMBL3580784'
    2533   1/0     1/0     1/0     1/0     2/0     2/0     2/0     2/0   'CHEMBL3580785'
    2534   1/0     1/0     1/0     1/0     2/0     2/0     2/0     2/0   'CHEMBL3580786'
    2535   1/0     1/0     1/0     1/0     2/0     2/0     2/0     2/0   'CHEMBL3580787'
    2536   1/0     1/0     1/0     1/0     2/0     2/0     2/0     2/0   'CHEMBL3580788'
    2537   1/0     1/0     1/0     1/0     2/0     2/0     2/0     2/0   'CHEMBL3580789'
    2538   1/0     1/0     1/0     1/0     2/0     2/0     2/0     2/0   'CHEMBL3580790'
    2539   1/0     1/0     1/0     1/0     2/0     2/0     2/0     2/0   'CHEMBL3580791'
    2540   1/0     1/0     1/0     1/0     2/0     2/0     2/0     2/0   'CHEMBL3580792'
    2541   1/0     1/0     1/0     1/0     2/0     2/0     2/0     2/0   'CHEMBL3616890'
    2542   1/0     1/0     1/0     1/0     1/0     1/0     1/0     1/0   'CHEMBL3616891'
    2543   1/0     1/0     1/0     1/0     2/0     2/0     2/0     2/0   'CHEMBL3616900'
    2544   1/0     1/0     1/0     1/0     3/0     3/0     3/0     3/0   'CHEMBL3616902'
    2545   1/0     1/0     1/0     1/0     2/0     2/0     2/0     2/0   'CHEMBL3616903'
    2546   1/0     1/0     1/0     1/0     2/0     2/0     2/0     2/0   'CHEMBL3616904'
    2547   1/0     1/0     1/0     1/0     2/0     2/0     2/0     2/0   'CHEMBL3616905'
    2548   1/0     1/0     1/0     1/0     2/0     2/0     2/0     2/0   'CHEMBL3616906'
    2549   1/0     1/0     1/0     1/0     2/0     2/0     2/0     2/0   'CHEMBL3616908'
    2550   1/0     1/0     1/0     1/0     1/0     1/0     1/0     1/0   'CHEMBL3616913'
# counts of output and dropped structures after processing steps
# index  htreat  desalt  neutra   guard   epik   stereo    cgx   filter  title
    2551   1/0     1/0     1/0     1/0     1/0     1/0     1/0     1/0   'CHEMBL3618032'
    2552   1/0     1/0     1/0     1/0     1/0     1/0     1/0     1/0   'CHEMBL3618036'
    2553   1/0     1/0     1/0     1/0     1/0     1/0     1/0     1/0   'CHEMBL3618037'
    2554   1/0     1/0     1/0     1/0     2/0     2/0     2/0     2/0   'CHEMBL3618038'
    2555   1/0     1/0     1/0     1/0     1/0     1/0     1/0     1/0   'CHEMBL3618039'
    2556   1/0     1/0     1/0     1/0     2/0     2/0     2/0     2/0   'CHEMBL3618134'
    2557   1/0     1/0     1/0     1/0     1/0     1/0     1/0     1/0   'CHEMBL3618137'
    2558   1/0     1/0     1/0     1/0     1/0     1/0     1/0     1/0   'CHEMBL3618140'
    2559   1/0     1/0     1/0     1/0     2/0     2/0     2/0     2/0   'CHEMBL3632864'
    2560   1/0     1/0     1/0     1/0     2/0     2/0     2/0     2/0   'CHEMBL3632865'
    2561   1/0     1/0     1/0     1/0     2/0     2/0     2/0     2/0   'CHEMBL3632866'
    2562   1/0     1/0     1/0     1/0     2/0     2/0     2/0     2/0   'CHEMBL3632867'
    2563   1/0     1/0     1/0     1/0     4/0     4/0     4/0     4/0   'CHEMBL3639433'
    2564   1/0     1/0     1/0     1/0     2/0     2/0     2/0     2/0   'CHEMBL3639856'
    2565   1/0     1/0     1/0     1/0     6/0     6/0     6/0     6/0   'CHEMBL3644451'
    2566   1/0     1/0     1/0     1/0     6/0     6/0     6/0     6/0   'CHEMBL3644452'
    2567   1/0     1/0     1/0     1/0     8/0     8/0     8/0     8/0   'CHEMBL3644453'
    2568   1/0     1/0     1/0     1/0     4/0     4/0     4/0     4/0   'CHEMBL3644454'
    2569   1/0     1/0     1/0     1/0     2/0     2/0     2/0     2/0   'CHEMBL3644455'
    2570   1/0     1/0     1/0     1/0     4/0     4/0     4/0     4/0   'CHEMBL3644456'
    2571   1/0     1/0     1/0     1/0     2/0     2/0     2/0     2/0   'CHEMBL3644457'
    2572   1/0     1/0     1/0     1/0     4/0     4/0     4/0     4/0   'CHEMBL3644458'
    2573   1/0     1/0     1/0     1/0     7/0     7/0     7/0     7/0   'CHEMBL3644459'
    2574   1/0     1/0     1/0     1/0     4/0     4/0     4/0     4/0   'CHEMBL3644460'
    2575   1/0     1/0     1/0     1/0     3/0     3/0     3/0     3/0   'CHEMBL3644461'
    2576   1/0     1/0     1/0     1/0     2/0     2/0     2/0     2/0   'CHEMBL3644462'
    2577   1/0     1/0     1/0     1/0     3/0     3/0     3/0     3/0   'CHEMBL3644463'
    2578   1/0     1/0     1/0     1/0     3/0     3/0     3/0     3/0   'CHEMBL3644464'
    2579   1/0     1/0     1/0     1/0     4/0     4/0     4/0     4/0   'CHEMBL3644465'
    2580   1/0     1/0     1/0     1/0     4/0     4/0     4/0     4/0   'CHEMBL3644784'
    2581   1/0     1/0     1/0     1/0     4/0     4/0     4/0     4/0   'CHEMBL3644785'
    2582   1/0     1/0     1/0     1/0     4/0     4/0     4/0     4/0   'CHEMBL3644786'
    2583   1/0     1/0     1/0     1/0     4/0     4/0     4/0     4/0   'CHEMBL3644790'
    2584   1/0     1/0     1/0     1/0     4/0     4/0     4/0     4/0   'CHEMBL3644791'
    2585   1/0     1/0     1/0     1/0     3/0     3/0     3/0     3/0   'CHEMBL3644796'
    2586   1/0     1/0     1/0     1/0     3/0     3/0     3/0     3/0   'CHEMBL3644797'
    2587   1/0     1/0     1/0     1/0     3/0     3/0     3/0     3/0   'CHEMBL3644799'
    2588   1/0     1/0     1/0     1/0     3/0     3/0     3/0     3/0   'CHEMBL3644800'
    2589   1/0     1/0     1/0     1/0     3/0     3/0     3/0     3/0   'CHEMBL3645490'
    2590   1/0     1/0     1/0     1/0     3/0     3/0     3/0     3/0   'CHEMBL3645491'
    2591   1/0     1/0     1/0     1/0     3/0     3/0     3/0     3/0   'CHEMBL3645492'
    2592   1/0     1/0     1/0     1/0     3/0     3/0     3/0     3/0   'CHEMBL3645493'
    2593   1/0     1/0     1/0     1/0     3/0     3/0     3/0     3/0   'CHEMBL3645494'
    2594   1/0     1/0     1/0     1/0     3/0     3/0     3/0     3/0   'CHEMBL3645495'
    2595   1/0     1/0     1/0     1/0     3/0     3/0     3/0     3/0   'CHEMBL3645496'
    2596   1/0     1/0     1/0     1/0     3/0     3/0     3/0     3/0   'CHEMBL3645497'
    2597   1/0     1/0     1/0     1/0     1/0     1/0     1/0     1/0   'CHEMBL3650433'
    2598   1/0     1/0     1/0     1/0     2/0     2/0     2/0     2/0   'CHEMBL3650434'
    2599   1/0     1/0     1/0     1/0     1/0     1/0     1/0     1/0   'CHEMBL3650435'
    2600   1/0     1/0     1/0     1/0     1/0     1/0     1/0     1/0   'CHEMBL3650436'
# counts of output and dropped structures after processing steps
# index  htreat  desalt  neutra   guard   epik   stereo    cgx   filter  title
    2601   1/0     1/0     1/0     1/0     1/0     1/0     1/0     1/0   'CHEMBL3650437'
    2602   1/0     1/0     1/0     1/0     2/0     2/0     2/0     2/0   'CHEMBL3650439'
    2603   1/0     1/0     1/0     1/0     1/0     1/0     1/0     1/0   'CHEMBL3650440'
    2604   1/0     1/0     1/0     1/0     3/0     3/0     3/0     3/0   'CHEMBL3654418'
    2605   1/0     1/0     1/0     1/0     3/0     3/0     3/0     3/0   'CHEMBL3654419'
    2606   1/0     1/0     1/0     1/0     3/0     3/0     3/0     3/0   'CHEMBL3654420'
    2607   1/0     1/0     1/0     1/0     2/0     2/0     2/0     2/0   'CHEMBL3654421'
    2608   1/0     1/0     1/0     1/0     4/0     4/0     4/0     4/0   'CHEMBL3654422'
    2609   1/0     1/0     1/0     1/0     3/0     3/0     3/0     3/0   'CHEMBL3654423'
    2610   1/0     1/0     1/0     1/0     3/0     3/0     3/0     3/0   'CHEMBL3654424'
    2611   1/0     1/0     1/0     1/0     3/0     3/0     3/0     3/0   'CHEMBL3654425'
    2612   1/0     1/0     1/0     1/0     3/0     3/0     3/0     3/0   'CHEMBL3654426'
    2613   1/0     1/0     1/0     1/0     4/0     4/0     4/0     4/0   'CHEMBL3654427'
    2614   1/0     1/0     1/0     1/0     2/0     2/0     2/0     2/0   'CHEMBL3654428'
    2615   1/0     1/0     1/0     1/0     3/0     3/0     3/0     3/0   'CHEMBL3654429'
    2616   1/0     1/0     1/0     1/0     3/0     3/0     3/0     3/0   'CHEMBL3654430'
    2617   1/0     1/0     1/0     1/0     2/0     2/0     2/0     2/0   'CHEMBL3675618'
    2618   1/0     1/0     1/0     1/0     1/0     1/0     1/0     1/0   'CHEMBL3675619'
    2619   1/0     1/0     1/0     1/0     2/0     2/0     2/0     2/0   'CHEMBL3675622'
    2620   1/0     1/0     1/0     1/0     1/0     1/0     1/0     1/0   'CHEMBL3675623'
    2621   1/0     1/0     1/0     1/0     1/0     1/0     1/0     1/0   'CHEMBL3675624'
    2622   1/0     1/0     1/0     1/0     1/0     1/0     1/0     1/0   'CHEMBL3675627'
    2623   1/0     1/0     1/0     1/0     1/0     1/0     1/0     1/0   'CHEMBL3675628'
    2624   1/0     1/0     1/0     1/0     2/0     2/0     2/0     2/0   'CHEMBL3675629'
    2625   1/0     1/0     1/0     1/0     1/0     1/0     1/0     1/0   'CHEMBL3675630'
    2626   1/0     1/0     1/0     1/0     2/0     2/0     2/0     2/0   'CHEMBL3675631'
    2627   1/0     1/0     1/0     1/0     1/0     1/0     1/0     1/0   'CHEMBL3675632'
    2628   1/0     1/0     1/0     1/0     1/0     1/0     1/0     1/0   'CHEMBL3675635'
    2629   1/0     1/0     1/0     1/0     1/0     1/0     1/0     1/0   'CHEMBL3675637'
    2630   1/0     1/0     1/0     1/0     2/0     2/0     2/0     2/0   'CHEMBL3686733'
    2631   1/0     1/0     1/0     1/0     2/0     2/0     2/0     2/0   'CHEMBL3686734'
    2632   1/0     1/0     1/0     1/0     2/0     2/0     2/0     2/0   'CHEMBL3686735'
    2633   1/0     1/0     1/0     1/0     2/0     2/0     2/0     2/0   'CHEMBL3686736'
    2634   1/0     1/0     1/0     1/0     2/0     2/0     2/0     2/0   'CHEMBL3686737'
    2635   1/0     1/0     1/0     1/0     2/0     2/0     2/0     2/0   'CHEMBL3686738'
    2636   1/0     1/0     1/0     1/0     2/0     2/0     2/0     2/0   'CHEMBL3686739'
    2637   1/0     1/0     1/0     1/0     2/0     2/0     2/0     2/0   'CHEMBL3686740'
    2638   1/0     1/0     1/0     1/0     2/0     2/0     2/0     2/0   'CHEMBL3686741'
    2639   1/0     1/0     1/0     1/0     2/0     2/0     2/0     2/0   'CHEMBL3686742'
    2640   1/0     1/0     1/0     1/0     2/0     2/0     2/0     2/0   'CHEMBL3686743'
    2641   1/0     1/0     1/0     1/0     2/0     2/0     2/0     2/0   'CHEMBL3686744'
    2642   1/0     1/0     1/0     1/0     2/0     2/0     2/0     2/0   'CHEMBL3686745'
    2643   1/0     1/0     1/0     1/0     2/0     2/0     2/0     2/0   'CHEMBL3686746'
    2644   1/0     1/0     1/0     1/0     2/0     2/0     2/0     2/0   'CHEMBL3686747'
    2645   1/0     1/0     1/0     1/0     2/0     2/0     2/0     2/0   'CHEMBL3686748'
    2646   1/0     1/0     1/0     1/0     2/0     2/0     2/0     2/0   'CHEMBL3686751'
    2647   1/0     1/0     1/0     1/0     2/0     2/0     2/0     2/0   'CHEMBL3686752'
    2648   1/0     1/0     1/0     1/0     1/0     1/0     1/0     1/0   'CHEMBL3687977'
    2649   1/0     1/0     1/0     1/0     1/0     1/0     1/0     1/0   'CHEMBL3687978'
    2650   1/0     1/0     1/0     1/0     1/0     1/0     1/0     1/0   'CHEMBL3687979'
# counts of output and dropped structures after processing steps
# index  htreat  desalt  neutra   guard   epik   stereo    cgx   filter  title
    2651   1/0     1/0     1/0     1/0     1/0     1/0     1/0     1/0   'CHEMBL3687980'
    2652   1/0     1/0     1/0     1/0     1/0     1/0     1/0     1/0   'CHEMBL3687982'
    2653   1/0     1/0     1/0     1/0     1/0     1/0     1/0     1/0   'CHEMBL3687983'
    2654   1/0     1/0     1/0     1/0     1/0     1/0     1/0     1/0   'CHEMBL3687984'
    2655   1/0     1/0     1/0     1/0     4/0     4/0     4/0     4/0   'CHEMBL3694421'
    2656   1/0     1/0     1/0     1/0     4/0     4/0     4/0     4/0   'CHEMBL3694422'
    2657   1/0     1/0     1/0     1/0     4/0     4/0     4/0     4/0   'CHEMBL3694423'
    2658   1/0     1/0     1/0     1/0     6/0     6/0     6/0     6/0   'CHEMBL3694424'
    2659   1/0     1/0     1/0     1/0     5/0     5/0     5/0     5/0   'CHEMBL3697938'
    2660   1/0     1/0     1/0     1/0     4/0     4/0     4/0     4/0   'CHEMBL3697939'
    2661   1/0     1/0     1/0     1/0     5/0     5/0     5/0     5/0   'CHEMBL3697940'
    2662   1/0     1/0     1/0     1/0     5/0     5/0     5/0     5/0   'CHEMBL3697941'
    2663   1/0     1/0     1/0     1/0     5/0     5/0     5/0     5/0   'CHEMBL3697942'
    2664   1/0     1/0     1/0     1/0     8/0     8/0     8/0     8/0   'CHEMBL3697943'
    2665   1/0     1/0     1/0     1/0     4/0     4/0     4/0     4/0   'CHEMBL3697944'
    2666   1/0     1/0     1/0     1/0     6/0     6/0     6/0     6/0   'CHEMBL3697945'
    2667   1/0     1/0     1/0     1/0     4/0     4/0     4/0     4/0   'CHEMBL3697946'
    2668   1/0     1/0     1/0     1/0     6/0     6/0     6/0     6/0   'CHEMBL3697947'
    2669   1/0     1/0     1/0     1/0     4/0     4/0     4/0     4/0   'CHEMBL3697948'
    2670   1/0     1/0     1/0     1/0     5/0     5/0     5/0     5/0   'CHEMBL3697949'
    2671   1/0     1/0     1/0     1/0     2/0     2/0     2/0     2/0   'CHEMBL3704833'
    2672   1/0     1/0     1/0     1/0     2/0     2/0     2/0     2/0   'CHEMBL3704834'
    2673   1/0     1/0     1/0     1/0     2/0     2/0     2/0     2/0   'CHEMBL3704835'
    2674   1/0     1/0     1/0     1/0     2/0     2/0     2/0     2/0   'CHEMBL3704836'
    2675   1/0     1/0     1/0     1/0     3/0     3/0     3/0     3/0   'CHEMBL3734769'
    2676   1/0     1/0     1/0     1/0     3/0     3/0     3/0     3/0   'CHEMBL3734828'
    2677   1/0     1/0     1/0     1/0     3/0     3/0     3/0     3/0   'CHEMBL3734912'
    2678   1/0     1/0     1/0     1/0     6/0     6/0     6/0     6/0   'CHEMBL3734964'
    2679   1/0     1/0     1/0     1/0     3/0     3/0     3/0     3/0   'CHEMBL3734999'
    2680   1/0     1/0     1/0     1/0     4/0     4/0     4/0     4/0   'CHEMBL3735129'
    2681   1/0     1/0     1/0     1/0     3/0     3/0     3/0     3/0   'CHEMBL3735281'
    2682   1/0     1/0     1/0     1/0     3/0     3/0     3/0     3/0   'CHEMBL3735329'
    2683   1/0     1/0     1/0     1/0     4/0     4/0     4/0     4/0   'CHEMBL3735433'
    2684   1/0     1/0     1/0     1/0     3/0     3/0     3/0     3/0   'CHEMBL3735461'
    2685   1/0     1/0     1/0     1/0     3/0     3/0     3/0     3/0   'CHEMBL3735694'
    2686   1/0     1/0     1/0     1/0     3/0     3/0     3/0     3/0   'CHEMBL3735843'
    2687   1/0     1/0     1/0     1/0     2/0     2/0     2/0     2/0   'CHEMBL3735852'
    2688   1/0     1/0     1/0     1/0     3/0     3/0     3/0     3/0   'CHEMBL3735865'
    2689   1/0     1/0     1/0     1/0     4/0     4/0     4/0     4/0   'CHEMBL3735917'
    2690   1/0     1/0     1/0     1/0     4/0     4/0     4/0     4/0   'CHEMBL3735925'
    2691   1/0     1/0     1/0     1/0     3/0     3/0     3/0     3/0   'CHEMBL3736085'
    2692   1/0     1/0     1/0     1/0     6/0     6/0     6/0     6/0   'CHEMBL3736135'
    2693   1/0     1/0     1/0     1/0     5/0     5/0     5/0     5/0   'CHEMBL3736137'
    2694   1/0     1/0     1/0     1/0     3/0     3/0     3/0     3/0   'CHEMBL3736188'
    2695   1/0     1/0     1/0     1/0     3/0     3/0     3/0     3/0   'CHEMBL3736190'
    2696   1/0     1/0     1/0     1/0     3/0     3/0     3/0     3/0   'CHEMBL3736423'
    2697   1/0     1/0     1/0     1/0     3/0     3/0     3/0     3/0   'CHEMBL3736511'
    2698   1/0     1/0     1/0     1/0     2/0     2/0     2/0     2/0   'CHEMBL3798777'
    2699   1/0     1/0     1/0     1/0     2/0     2/0     2/0     2/0   'CHEMBL3799074'
    2700   1/0     1/0     1/0     1/0     2/0     2/0     2/0     2/0   'CHEMBL3800380'
# counts of output and dropped structures after processing steps
# index  htreat  desalt  neutra   guard   epik   stereo    cgx   filter  title
    2701   1/0     1/0     1/0     1/0     3/0     3/0     3/0     3/0   'CHEMBL3804854'
    2702   1/0     1/0     1/0     1/0     3/0     3/0     3/0     3/0   'CHEMBL3804940'
    2703   1/0     1/0     1/0     1/0     3/0     3/0     3/0     3/0   'CHEMBL3804950'
    2704   1/0     1/0     1/0     1/0     3/0     3/0     3/0     3/0   'CHEMBL3804982'
    2705   1/0     1/0     1/0     1/0     2/0     2/0     2/0     2/0   'CHEMBL3804994'
    2706   1/0     1/0     1/0     1/0     2/0     2/0     2/0     2/0   'CHEMBL3804996'
    2707   1/0     1/0     1/0     1/0     6/0     6/0     6/0     6/0   'CHEMBL3805154'
    2708   1/0     1/0     1/0     1/0     2/0     2/0     2/0     2/0   'CHEMBL3805179'
    2709   1/0     1/0     1/0     1/0     3/0     3/0     3/0     3/0   'CHEMBL3805226'
    2710   1/0     1/0     1/0     1/0     3/0     3/0     3/0     3/0   'CHEMBL3805235'
    2711   1/0     1/0     1/0     1/0     3/0     3/0     3/0     3/0   'CHEMBL3805294'
    2712   1/0     1/0     1/0     1/0     3/0     3/0     3/0     3/0   'CHEMBL3805346'
    2713   1/0     1/0     1/0     1/0     2/0     2/0     2/0     2/0   'CHEMBL3805353'
    2714   1/0     1/0     1/0     1/0     3/0     3/0     3/0     3/0   'CHEMBL3805400'
    2715   1/0     1/0     1/0     1/0     2/0     2/0     2/0     2/0   'CHEMBL3805502'
    2716   1/0     1/0     1/0     1/0     3/0     3/0     3/0     3/0   'CHEMBL3805629'
    2717   1/0     1/0     1/0     1/0     2/0     2/0     2/0     2/0   'CHEMBL3805696'
    2718   1/0     1/0     1/0     1/0     3/0     3/0     3/0     3/0   'CHEMBL3805751'
    2719   1/0     1/0     1/0     1/0     2/0     2/0     2/0     2/0   'CHEMBL3805871'
    2720   1/0     1/0     1/0     1/0     2/0     2/0     2/0     2/0   'CHEMBL3805937'
    2721   1/0     1/0     1/0     1/0     3/0     3/0     3/0     3/0   'CHEMBL3805966'
    2722   1/0     1/0     1/0     1/0     3/0     3/0     3/0     3/0   'CHEMBL3806003'
    2723   1/0     1/0     1/0     1/0     3/0     3/0     3/0     3/0   'CHEMBL3806021'
    2724   1/0     1/0     1/0     1/0     3/0     3/0     3/0     3/0   'CHEMBL3806023'
    2725   1/0     1/0     1/0     1/0     3/0     3/0     3/0     3/0   'CHEMBL3806026'
    2726   1/0     1/0     1/0     1/0     3/0     3/0     3/0     3/0   'CHEMBL3806029'
    2727   1/0     1/0     1/0     1/0     3/0     3/0     3/0     3/0   'CHEMBL3806041'
    2728   1/0     1/0     1/0     1/0     2/0     2/0     2/0     2/0   'CHEMBL3806052'
    2729   1/0     1/0     1/0     1/0     3/0     3/0     3/0     3/0   'CHEMBL3806157'
    2730   1/0     1/0     1/0     1/0     3/0     3/0     3/0     3/0   'CHEMBL3806164'
    2731   1/0     1/0     1/0     1/0     3/0     3/0     3/0     3/0   'CHEMBL3806179'
    2732   1/0     1/0     1/0     1/0     3/0     3/0     3/0     3/0   'CHEMBL3806216'
    2733   1/0     1/0     1/0     1/0     3/0     3/0     3/0     3/0   'CHEMBL3806239'
    2734   1/0     1/0     1/0     1/0     3/0     3/0     3/0     3/0   'CHEMBL3806310'
    2735   1/0     1/0     1/0     1/0     1/0     1/0     1/0     1/0   'CHEMBL3813856'
    2736   1/0     1/0     1/0     1/0     1/0     1/0     1/0     1/0   'CHEMBL3889902'
    2737   1/0     1/0     1/0     1/0     2/0     2/0     2/0     2/0   'CHEMBL3890161'
    2738   1/0     1/0     1/0     1/0     2/0     2/0     2/0     2/0   'CHEMBL3892398'
    2739   1/0     1/0     1/0     1/0     3/0     3/0     3/0     3/0   'CHEMBL3896302'
    2740   1/0     1/0     1/0     1/0     2/0     2/0     2/0     2/0   'CHEMBL3898310'
    2741   1/0     1/0     1/0     1/0     2/0     2/0     2/0     2/0   'CHEMBL3901191'
    2742   1/0     1/0     1/0     1/0     1/0     1/0     1/0     1/0   'CHEMBL3903110'
    2743   1/0     1/0     1/0     1/0     2/0     2/0     2/0     2/0   'CHEMBL3903787'
    2744   1/0     1/0     1/0     1/0     2/0     2/0     2/0     2/0   'CHEMBL3904065'
    2745   1/0     1/0     1/0     1/0     1/0     1/0     1/0     1/0   'CHEMBL3911786'
    2746   1/0     1/0     1/0     1/0     2/0     2/0     2/0     2/0   'CHEMBL3911930'
    2747   1/0     1/0     1/0     1/0     1/0     1/0     1/0     1/0   'CHEMBL3912125'
    2748   1/0     1/0     1/0     1/0     1/0     1/0     1/0     1/0   'CHEMBL3912809'
    2749   1/0     1/0     1/0     1/0     1/0     1/0     1/0     1/0   'CHEMBL3913618'
    2750   1/0     1/0     1/0     1/0     1/0     1/0     1/0     1/0   'CHEMBL3913689'
# counts of output and dropped structures after processing steps
# index  htreat  desalt  neutra   guard   epik   stereo    cgx   filter  title
    2751   1/0     1/0     1/0     1/0     2/0     2/0     2/0     2/0   'CHEMBL3920234'
    2752   1/0     1/0     1/0     1/0     1/0     1/0     1/0     1/0   'CHEMBL3922613'
    2753   1/0     1/0     1/0     1/0     2/0     2/0     2/0     2/0   'CHEMBL3926320'
    2754   1/0     1/0     1/0     1/0     3/0     3/0     3/0     3/0   'CHEMBL3926627'
    2755   1/0     1/0     1/0     1/0     2/0     2/0     2/0     2/0   'CHEMBL3928073'
    2756   1/0     1/0     1/0     1/0     2/0     2/0     2/0     2/0   'CHEMBL3929146'
    2757   1/0     1/0     1/0     1/0     2/0     2/0     2/0     2/0   'CHEMBL3929764'
    2758   1/0     1/0     1/0     1/0     4/0     4/0     4/0     4/0   'CHEMBL3931183'
    2759   1/0     1/0     1/0     1/0     2/0     2/0     2/0     2/0   'CHEMBL3932825'
    2760   1/0     1/0     1/0     1/0     2/0     2/0     2/0     2/0   'CHEMBL3934008'
    2761   1/0     1/0     1/0     1/0     1/0     1/0     1/0     1/0   'CHEMBL3934913'
    2762   1/0     1/0     1/0     1/0     3/0     3/0     3/0     3/0   'CHEMBL3935335'
    2763   1/0     1/0     1/0     1/0     1/0     1/0     1/0     1/0   'CHEMBL3938646'
    2764   1/0     1/0     1/0     1/0     1/0     1/0     1/0     1/0   'CHEMBL3939916'
    2765   1/0     1/0     1/0     1/0     3/0     3/0     3/0     3/0   'CHEMBL3940772'
    2766   1/0     1/0     1/0     1/0     2/0     2/0     2/0     2/0   'CHEMBL3941804'
    2767   1/0     1/0     1/0     1/0     2/0     2/0     2/0     2/0   'CHEMBL3942715'
    2768   1/0     1/0     1/0     1/0     2/0     2/0     2/0     2/0   'CHEMBL3942798'
    2769   1/0     1/0     1/0     1/0     4/0     4/0     4/0     4/0   'CHEMBL3942843'
    2770   1/0     1/0     1/0     1/0     2/0     2/0     2/0     2/0   'CHEMBL3944427'
    2771   1/0     1/0     1/0     1/0     1/0     1/0     1/0     1/0   'CHEMBL3945052'
    2772   1/0     1/0     1/0     1/0     2/0     2/0     2/0     2/0   'CHEMBL3950517'
    2773   1/0     1/0     1/0     1/0     2/0     2/0     2/0     2/0   'CHEMBL3952691'
    2774   1/0     1/0     1/0     1/0     2/0     2/0     2/0     2/0   'CHEMBL3952716'
    2775   1/0     1/0     1/0     1/0     2/0     2/0     2/0     2/0   'CHEMBL3955701'
    2776   1/0     1/0     1/0     1/0     1/0     1/0     1/0     1/0   'CHEMBL3957200'
    2777   1/0     1/0     1/0     1/0     1/0     1/0     1/0     1/0   'CHEMBL3958450'
    2778   1/0     1/0     1/0     1/0     4/0     4/0     4/0     4/0   'CHEMBL3959221'
    2779   1/0     1/0     1/0     1/0     2/0     2/0     2/0     2/0   'CHEMBL3959577'
    2780   1/0     1/0     1/0     1/0     2/0     2/0     2/0     2/0   'CHEMBL3966199'
    2781   1/0     1/0     1/0     1/0     2/0     2/0     2/0     2/0   'CHEMBL3968332'
    2782   1/0     1/0     1/0     1/0     2/0     2/0     2/0     2/0   'CHEMBL3971196'
    2783   1/0     1/0     1/0     1/0     2/0     2/0     2/0     2/0   'CHEMBL3972474'
    2784   1/0     1/0     1/0     1/0     2/0     2/0     2/0     2/0   'CHEMBL3981442'
    2785   1/0     1/0     1/0     1/0     1/0     1/0     1/0     1/0   'CHEMBL3981831'
    2786   1/0     1/0     1/0     1/0     2/0     2/0     2/0     2/0   'CHEMBL3985360'
    2787   1/0     1/0     1/0     1/0     1/0     1/0     1/0     1/0   'CHEMBL3986074'
    2788   1/0     1/0     1/0     1/0     1/0     1/0     1/0     1/0   'CHEMBL3986470'
    2789   1/0     1/0     1/0     1/0     2/0     2/0     2/0     2/0   'CHEMBL4063983'
    2790   1/0     1/0     1/0     1/0     2/0     2/0     2/0     2/0   'CHEMBL4064424'
    2791   1/0     1/0     1/0     1/0     2/0     2/0     2/0     2/0   'CHEMBL4066703'
    2792   1/0     1/0     1/0     1/0     2/0     2/0     2/0     2/0   'CHEMBL4068477'
    2793   1/0     1/0     1/0     1/0     2/0     2/0     2/0     2/0   'CHEMBL4071166'
    2794   1/0     1/0     1/0     1/0     2/0     2/0     2/0     2/0   'CHEMBL4072939'
    2795   1/0     1/0     1/0     1/0     2/0     2/0     2/0     2/0   'CHEMBL4077696'
    2796   1/0     1/0     1/0     1/0     2/0     2/0     2/0     2/0   'CHEMBL4079304'
    2797   1/0     1/0     1/0     1/0     3/0     3/0     3/0     3/0   'CHEMBL4081741'
    2798   1/0     1/0     1/0     1/0     2/0     2/0     2/0     2/0   'CHEMBL4083433'
    2799   1/0     1/0     1/0     1/0     2/0     2/0     2/0     2/0   'CHEMBL4085550'
    2800   1/0     1/0     1/0     1/0     2/0     2/0     2/0     2/0   'CHEMBL4085958'
# counts of output and dropped structures after processing steps
# index  htreat  desalt  neutra   guard   epik   stereo    cgx   filter  title
    2801   1/0     1/0     1/0     1/0     2/0     2/0     2/0     2/0   'CHEMBL4087191'
    2802   1/0     1/0     1/0     1/0     2/0     2/0     2/0     2/0   'CHEMBL4089584'
    2803   1/0     1/0     1/0     1/0     2/0     2/0     2/0     2/0   'CHEMBL4092983'
    2804   1/0     1/0     1/0     1/0     2/0     2/0     2/0     2/0   'CHEMBL4098632'
    2805   1/0     1/0     1/0     1/0     2/0     2/0     2/0     2/0   'CHEMBL4101425'
    2806   1/0     1/0     1/0     1/0     2/0     2/0     2/0     2/0   'CHEMBL4105034'
    2807   1/0     1/0     1/0     1/0     1/0     1/0     1/0     1/0   'CHEMBL4109453'
    2808   1/0     1/0     1/0     1/0     1/0     1/0     1/0     1/0   'CHEMBL4111229'
    2809   1/0     1/0     1/0     1/0     1/0     1/0     1/0     1/0   'CHEMBL4113723'
    2810   1/0     1/0     1/0     1/0     2/0     2/0     2/0     2/0   'CHEMBL4128052'
    2811   1/0     1/0     1/0     1/0     2/0     2/0     2/0     2/0   'CHEMBL4128601'
    2812   1/0     1/0     1/0     1/0     2/0     2/0     2/0     2/0   'CHEMBL4129968'
    2813   1/0     1/0     1/0     1/0     1/0     1/0     1/0     1/0   'CHEMBL4162340'
    2814   1/0     1/0     1/0     1/0     1/0     1/0     1/0     1/0   'CHEMBL4162532'
    2815   1/0     1/0     1/0     1/0     1/0     1/0     1/0     1/0   'CHEMBL4164470'
    2816   1/0     1/0     1/0     1/0     1/0     1/0     1/0     1/0   'CHEMBL4164893'
    2817   1/0     1/0     1/0     1/0     1/0     1/0     1/0     1/0   'CHEMBL4165967'
    2818   1/0     1/0     1/0     1/0     1/0     1/0     1/0     1/0   'CHEMBL4169403'
    2819   1/0     1/0     1/0     1/0     1/0     1/0     1/0     1/0   'CHEMBL4169618'
    2820   1/0     1/0     1/0     1/0     1/0     1/0     1/0     1/0   'CHEMBL4172793'
    2821   1/0     1/0     1/0     1/0     1/0     1/0     1/0     1/0   'CHEMBL4173215'
    2822   1/0     1/0     1/0     1/0     1/0     1/0     1/0     1/0   'CHEMBL4174924'
    2823   1/0     1/0     1/0     1/0     2/0     2/0     2/0     2/0   'CHEMBL4176189'
    2824   1/0     1/0     1/0     1/0     1/0     1/0     1/0     1/0   'CHEMBL4176578'
    2825   1/0     1/0     1/0     1/0     1/0     1/0     1/0     1/0   'CHEMBL4177478'
    2826   1/0     1/0     1/0     1/0     1/0     1/0     1/0     1/0   'CHEMBL4203639'
    2827   1/0     1/0     1/0     1/0     2/0     2/0     2/0     2/0   'CHEMBL4204176'
    2828   1/0     1/0     1/0     1/0     1/0     1/0     1/0     1/0   'CHEMBL4205100'
    2829   1/0     1/0     1/0     1/0     1/0     1/0     1/0     1/0   'CHEMBL4205581'
    2830   1/0     1/0     1/0     1/0     1/0     1/0     1/0     1/0   'CHEMBL4207996'
    2831   1/0     1/0     1/0     1/0     2/0     2/0     2/0     2/0   'CHEMBL4208513'
    2832   1/0     1/0     1/0     1/0     1/0     1/0     1/0     1/0   'CHEMBL4210635'
    2833   1/0     1/0     1/0     1/0     1/0     1/0     1/0     1/0   'CHEMBL4212367'
    2834   1/0     1/0     1/0     1/0     2/0     2/0     2/0     2/0   'CHEMBL4212894'
    2835   1/0     1/0     1/0     1/0     2/0     2/0     2/0     2/0   'CHEMBL4213950'
    2836   1/0     1/0     1/0     1/0     1/0     1/0     1/0     1/0   'CHEMBL4215849'
    2837   1/0     1/0     1/0     1/0     1/0     1/0     1/0     1/0   'CHEMBL4216792'
    2838   1/0     1/0     1/0     1/0     2/0     2/0     2/0     2/0   'CHEMBL4217326'
    2839   1/0     1/0     1/0     1/0     2/0     2/0     2/0     2/0   'CHEMBL4238169'
    2840   1/0     1/0     1/0     1/0     2/0     2/0     2/0     2/0   'CHEMBL4238607'
    2841   1/0     1/0     1/0     1/0     2/0     2/0     2/0     2/0   'CHEMBL4240687'
    2842   1/0     1/0     1/0     1/0     2/0     2/0     2/0     2/0   'CHEMBL4241199'
    2843   1/0     1/0     1/0     1/0     2/0     2/0     2/0     2/0   'CHEMBL4241283'
    2844   1/0     1/0     1/0     1/0     2/0     2/0     2/0     2/0   'CHEMBL4241366'
    2845   1/0     1/0     1/0     1/0     2/0     2/0     2/0     2/0   'CHEMBL4242321'
    2846   1/0     1/0     1/0     1/0     4/0     4/0     4/0     4/0   'CHEMBL4245414'
    2847   1/0     1/0     1/0     1/0     2/0     2/0     2/0     2/0   'CHEMBL4246222'
    2848   1/0     1/0     1/0     1/0     1/0     1/0     1/0     1/0   'CHEMBL4246674'
    2849   1/0     1/0     1/0     1/0     2/0     2/0     2/0     2/0   'CHEMBL4246951'
    2850   1/0     1/0     1/0     1/0     2/0     2/0     2/0     2/0   'CHEMBL4247814'
# counts of output and dropped structures after processing steps
# index  htreat  desalt  neutra   guard   epik   stereo    cgx   filter  title
    2851   1/0     1/0     1/0     1/0     2/0     2/0     2/0     2/0   'CHEMBL4249750'
    2852   1/0     1/0     1/0     1/0     2/0     2/0     2/0     2/0   'CHEMBL4250492'
    2853   1/0     1/0     1/0     1/0     1/0     1/0     1/0     1/0   'CHEMBL4250558'
    2854   1/0     1/0     1/0     1/0     2/0     2/0     2/0     2/0   'CHEMBL4250956'
    2855   1/0     1/0     1/0     1/0     2/0     2/0     2/0     2/0   'CHEMBL4296719'
    2856   1/0     1/0     1/0     1/0     2/0     2/0     2/0     2/0   'CHEMBL4297435'
    2857   1/0     1/0     1/0     1/0     1/0     1/0     1/0     1/0   'CHEMBL4435383'
    2858   1/0     1/0     1/0     1/0     2/0     2/0     2/0     2/0   'CHEMBL4436620'
    2859   1/0     1/0     1/0     1/0     2/0     2/0     2/0     2/0   'CHEMBL4438210'
    2860   1/0     1/0     1/0     1/0     1/0     1/0     1/0     1/0   'CHEMBL4441220'
    2861   1/0     1/0     1/0     1/0     2/0     2/0     2/0     2/0   'CHEMBL4443070'
    2862   1/0     1/0     1/0     1/0     2/0     2/0     2/0     2/0   'CHEMBL4445783'
    2863   1/0     1/0     1/0     1/0     2/0     2/0     2/0     2/0   'CHEMBL4446618'
    2864   1/0     1/0     1/0     1/0     1/0     1/0     1/0     1/0   'CHEMBL4448186'
    2865   1/0     1/0     1/0     1/0     1/0     1/0     1/0     1/0   'CHEMBL4452518'
    2866   1/0     1/0     1/0     1/0     2/0     2/0     2/0     2/0   'CHEMBL4453917'
    2867   1/0     1/0     1/0     1/0     1/0     1/0     1/0     1/0   'CHEMBL4454091'
    2868   1/0     1/0     1/0     1/0     3/0     3/0     3/0     3/0   'CHEMBL4456228'
    2869   1/0     1/0     1/0     1/0     1/0     1/0     1/0     1/0   'CHEMBL4458152'
    2870   1/0     1/0     1/0     1/0     1/0     1/0     1/0     1/0   'CHEMBL4458307'
    2871   1/0     1/0     1/0     1/0     1/0     1/0     1/0     1/0   'CHEMBL4458949'
    2872   1/0     1/0     1/0     1/0     2/0     2/0     2/0     2/0   'CHEMBL4465057'
    2873   1/0     1/0     1/0     1/0     1/0     1/0     1/0     1/0   'CHEMBL4465448'
    2874   1/0     1/0     1/0     1/0     1/0     1/0     1/0     1/0   'CHEMBL4465482'
    2875   1/0     1/0     1/0     1/0     2/0     2/0     2/0     2/0   'CHEMBL4468423'
    2876   1/0     1/0     1/0     1/0     1/0     1/0     1/0     1/0   'CHEMBL4516443'
    2877   1/0     1/0     1/0     1/0     2/0     2/0     2/0     2/0   'CHEMBL4516959'
    2878   1/0     1/0     1/0     1/0     4/0     4/0     4/0     4/0   'CHEMBL4525051'
    2879   1/0     1/0     1/0     1/0     2/0     2/0     2/0     2/0   'CHEMBL4527363'
    2880   1/0     1/0     1/0     1/0     1/0     1/0     1/0     1/0   'CHEMBL4528994'
    2881   1/0     1/0     1/0     1/0     1/0     1/0     1/0     1/0   'CHEMBL4529301'
    2882   1/0     1/0     1/0     1/0     2/0     2/0     2/0     2/0   'CHEMBL4530011'
    2883   1/0     1/0     1/0     1/0     3/0     3/0     3/0     3/0   'CHEMBL4535561'
    2884   1/0     1/0     1/0     1/0     1/0     1/0     1/0     1/0   'CHEMBL4537702'
    2885   1/0     1/0     1/0     1/0     2/0     2/0     2/0     2/0   'CHEMBL4537708'
    2886   1/0     1/0     1/0     1/0     2/0     2/0     2/0     2/0   'CHEMBL4538597'
    2887   1/0     1/0     1/0     1/0     2/0     2/0     2/0     2/0   'CHEMBL4547171'
    2888   1/0     1/0     1/0     1/0     3/0     3/0     3/0     3/0   'CHEMBL4554062'
    2889   1/0     1/0     1/0     1/0     2/0     2/0     2/0     2/0   'CHEMBL4557196'
    2890   1/0     1/0     1/0     1/0     2/0     2/0     2/0     2/0   'CHEMBL4558007'
    2891   1/0     1/0     1/0     1/0     2/0     2/0     2/0     2/0   'CHEMBL4562685'
    2892   1/0     1/0     1/0     1/0     1/0     1/0     1/0     1/0   'CHEMBL4567320'
    2893   1/0     1/0     1/0     1/0     1/0     1/0     1/0     1/0   'CHEMBL4568895'
    2894   1/0     1/0     1/0     1/0     4/0     4/0     4/0     4/0   'CHEMBL4571225'
    2895   1/0     1/0     1/0     1/0     2/0     2/0     2/0     2/0   'CHEMBL4581959'
    2896   1/0     1/0     1/0     1/0     1/0     1/0     1/0     1/0   'CHEMBL4590999'
    2897   1/0     1/0     1/0     1/0     2/0     2/0     2/0     2/0   'CHEMBL4591675'
    2898   1/0     1/0     1/0     1/0     2/0     2/0     2/0     2/0   'CHEMBL4634272'
    2899   1/0     1/0     1/0     1/0     2/0     2/0     2/0     2/0   'CHEMBL4635433'
    2900   1/0     1/0     1/0     1/0     2/0     2/0     2/0     2/0   'CHEMBL4636081'
# counts of output and dropped structures after processing steps
# index  htreat  desalt  neutra   guard   epik   stereo    cgx   filter  title
    2901   1/0     1/0     1/0     1/0     4/0     4/0     4/0     4/0   'CHEMBL4636223'
    2902   1/0     1/0     1/0     1/0     1/0     1/0     1/0     1/0   'CHEMBL4638352'
    2903   1/0     1/0     1/0     1/0     6/0     6/0     6/0     6/0   'CHEMBL4640183'
    2904   1/0     1/0     1/0     1/0     4/0     4/0     4/0     4/0   'CHEMBL4640418'
    2905   1/0     1/0     1/0     1/0     2/0     2/0     2/0     2/0   'CHEMBL4641140'
    2906   1/0     1/0     1/0     1/0     4/0     4/0     4/0     4/0   'CHEMBL4641763'
    2907   1/0     1/0     1/0     1/0     2/0     2/0     2/0     2/0   'CHEMBL4642801'
    2908   1/0     1/0     1/0     1/0     2/0     2/0     2/0     2/0   'CHEMBL4644314'
    2909   1/0     1/0     1/0     1/0     4/0     4/0     4/0     4/0   'CHEMBL4646510'
    2910   1/0     1/0     1/0     1/0     2/0     2/0     2/0     2/0   'CHEMBL4647761'
    2911   1/0     1/0     1/0     1/0     2/0     2/0     2/0     2/0   'CHEMBL4647956'
    2912   1/0     1/0     1/0     1/0     4/0     4/0     4/0     4/0   'CHEMBL4649110'
    2913   1/0     1/0     1/0     1/0     2/0     2/0     2/0     2/0   'CHEMBL4649180'
    2914   1/0     1/0     1/0     1/0     1/0     1/0     1/0     1/0   'CHEMBL4743490'
    2915   1/0     1/0     1/0     1/0     2/0     2/0     2/0     2/0   'CHEMBL4743516'
    2916   1/0     1/0     1/0     1/0     2/0     2/0     2/0     2/0   'CHEMBL4745231'
    2917   1/0     1/0     1/0     1/0     1/0     1/0     1/0     1/0   'CHEMBL4745889'
    2918   1/0     1/0     1/0     1/0     2/0     2/0     2/0     2/0   'CHEMBL4747683'
    2919   1/0     1/0     1/0     1/0     2/0     2/0     2/0     2/0   'CHEMBL4747721'
    2920   1/0     1/0     1/0     1/0     1/0     1/0     1/0     1/0   'CHEMBL4748662'
    2921   1/0     1/0     1/0     1/0     1/0     1/0     1/0     1/0   'CHEMBL4748680'
    2922   1/0     1/0     1/0     1/0     2/0     2/0     2/0     2/0   'CHEMBL4749086'
    2923   1/0     1/0     1/0     1/0     2/0     2/0     2/0     2/0   'CHEMBL4750352'
    2924   1/0     1/0     1/0     1/0     1/0     1/0     1/0     1/0   'CHEMBL4751873'
    2925   1/0     1/0     1/0     1/0     1/0     1/0     1/0     1/0   'CHEMBL4751895'
    2926   1/0     1/0     1/0     1/0     2/0     2/0     2/0     2/0   'CHEMBL4752835'
    2927   1/0     1/0     1/0     1/0     1/0     1/0     1/0     1/0   'CHEMBL4753503'
    2928   1/0     1/0     1/0     1/0     1/0     1/0     1/0     1/0   'CHEMBL4754343'
    2929   1/0     1/0     1/0     1/0     3/0     3/0     3/0     3/0   'CHEMBL4754461'
    2930   1/0     1/0     1/0     1/0     1/0     1/0     1/0     1/0   'CHEMBL4755802'
    2931   1/0     1/0     1/0     1/0     1/0     1/0     1/0     1/0   'CHEMBL4760965'
    2932   1/0     1/0     1/0     1/0     1/0     1/0     1/0     1/0   'CHEMBL4761499'
    2933   1/0     1/0     1/0     1/0     2/0     2/0     2/0     2/0   'CHEMBL4763110'
    2934   1/0     1/0     1/0     1/0     1/0     1/0     1/0     1/0   'CHEMBL4763718'
    2935   1/0     1/0     1/0     1/0     2/0     2/0     2/0     2/0   'CHEMBL4764120'
    2936   1/0     1/0     1/0     1/0     3/0     3/0     3/0     3/0   'CHEMBL4764894'
    2937   1/0     1/0     1/0     1/0     2/0     2/0     2/0     2/0   'CHEMBL4765147'
    2938   1/0     1/0     1/0     1/0     2/0     2/0     2/0     2/0   'CHEMBL4776878'
    2939   1/0     1/0     1/0     1/0     1/0     1/0     1/0     1/0   'CHEMBL4779526'
    2940   1/0     1/0     1/0     1/0     2/0     2/0     2/0     2/0   'CHEMBL4779718'
    2941   1/0     1/0     1/0     1/0     1/0     1/0     1/0     1/0   'CHEMBL4781018'
    2942   1/0     1/0     1/0     1/0     2/0     2/0     2/0     2/0   'CHEMBL4782865'
    2943   1/0     1/0     1/0     1/0     2/0     2/0     2/0     2/0   'CHEMBL4784434'
    2944   1/0     1/0     1/0     1/0     2/0     2/0     2/0     2/0   'CHEMBL4786137'
    2945   1/0     1/0     1/0     1/0     1/0     1/0     1/0     1/0   'CHEMBL4787437'
    2946   1/0     1/0     1/0     1/0     2/0     2/0     2/0     2/0   'CHEMBL4789426'
    2947   1/0     1/0     1/0     1/0     1/0     1/0     1/0     1/0   'CHEMBL4789965'
    2948   1/0     1/0     1/0     1/0     2/0     2/0     2/0     2/0   'CHEMBL4790735'
    2949   1/0     1/0     1/0     1/0     2/0     2/0     2/0     2/0   'CHEMBL4790799'
    2950   1/0     1/0     1/0     1/0     1/0     1/0     1/0     1/0   'CHEMBL4791597'
# counts of output and dropped structures after processing steps
# index  htreat  desalt  neutra   guard   epik   stereo    cgx   filter  title
    2951   1/0     1/0     1/0     1/0     2/0     2/0     2/0     2/0   'CHEMBL4792546'
    2952   1/0     1/0     1/0     1/0     1/0     1/0     1/0     1/0   'CHEMBL4794801'
    2953   1/0     1/0     1/0     1/0     1/0     1/0     1/0     1/0   'CHEMBL4797479'
    2954   1/0     1/0     1/0     1/0     2/0     2/0     2/0     2/0   'CHEMBL4798053'
    2955   1/0     1/0     1/0     1/0     2/0     2/0     2/0     2/0   'CHEMBL4798357'
    2956   1/0     1/0     1/0     1/0     2/0     2/0     2/0     2/0   'CHEMBL4798418'
    2957   1/0     1/0     1/0     1/0     2/0     2/0     2/0     2/0   'CHEMBL4845890'
    2958   1/0     1/0     1/0     1/0     2/0     2/0     2/0     2/0   'CHEMBL4846335'
    2959   1/0     1/0     1/0     1/0     2/0     2/0     2/0     2/0   'CHEMBL4851477'
    2960   1/0     1/0     1/0     1/0     2/0     2/0     2/0     2/0   'CHEMBL4852700'
    2961   1/0     1/0     1/0     1/0     2/0     2/0     2/0     2/0   'CHEMBL4853464'
    2962   1/0     1/0     1/0     1/0     2/0     2/0     2/0     2/0   'CHEMBL4856255'
    2963   1/0     1/0     1/0     1/0     2/0     2/0     2/0     2/0   'CHEMBL4856337'
    2964   1/0     1/0     1/0     1/0     2/0     2/0     2/0     2/0   'CHEMBL4856604'
    2965   1/0     1/0     1/0     1/0     2/0     2/0     2/0     2/0   'CHEMBL4857729'
    2966   1/0     1/0     1/0     1/0     2/0     2/0     2/0     2/0   'CHEMBL4858093'
    2967   1/0     1/0     1/0     1/0     2/0     2/0     2/0     2/0   'CHEMBL4858682'
    2968   1/0     1/0     1/0     1/0     2/0     2/0     2/0     2/0   'CHEMBL4859630'
    2969   1/0     1/0     1/0     1/0     2/0     2/0     2/0     2/0   'CHEMBL4860737'
    2970   1/0     1/0     1/0     1/0     2/0     2/0     2/0     2/0   'CHEMBL4862579'
    2971   1/0     1/0     1/0     1/0     2/0     2/0     2/0     2/0   'CHEMBL4863102'
    2972   1/0     1/0     1/0     1/0     2/0     2/0     2/0     2/0   'CHEMBL4863369'
    2973   1/0     1/0     1/0     1/0     2/0     2/0     2/0     2/0   'CHEMBL4864734'
    2974   1/0     1/0     1/0     1/0     2/0     2/0     2/0     2/0   'CHEMBL4865204'
    2975   1/0     1/0     1/0     1/0     2/0     2/0     2/0     2/0   'CHEMBL4869930'
    2976   1/0     1/0     1/0     1/0     2/0     2/0     2/0     2/0   'CHEMBL4871141'
    2977   1/0     1/0     1/0     1/0     2/0     2/0     2/0     2/0   'CHEMBL4871197'
    2978   1/0     1/0     1/0     1/0     2/0     2/0     2/0     2/0   'CHEMBL4873862'
    2979   1/0     1/0     1/0     1/0     2/0     2/0     2/0     2/0   'CHEMBL4874467'
    2980   1/0     1/0     1/0     1/0     2/0     2/0     2/0     2/0   'CHEMBL4876894'
    2981   1/0     1/0     1/0     1/0     3/0     3/0     3/0     3/0   'CHEMBL5176469'
    2982   1/0     1/0     1/0     1/0     2/0     2/0     2/0     2/0   'CHEMBL5177166'
    2983   1/0     1/0     1/0     1/0     2/0     2/0     2/0     2/0   'CHEMBL5193531'
    2984   1/0     1/0     1/0     1/0     3/0     3/0     3/0     3/0   'CHEMBL5194237'
    2985   1/0     1/0     1/0     1/0     2/0     2/0     2/0     2/0   'CHEMBL5205289'
    2986   1/0     1/0     1/0     1/0     2/0     2/0     2/0     2/0   'CHEMBL5218500'
    2987   1/0     1/0     1/0     1/0     2/0     2/0     2/0     2/0   'CHEMBL5219299'
    2988   1/0     1/0     1/0     1/0     2/0     2/0     2/0     2/0   'CHEMBL5219451'
    2989   1/0     1/0     1/0     1/0     2/0     2/0     2/0     2/0   'CHEMBL5219735'
    2990   1/0     1/0     1/0     1/0     1/0     1/0     1/0     1/0   'CHEMBL5219761'
    2991   1/0     1/0     1/0     1/0     1/0     1/0     1/0     1/0   'CHEMBL5219939'
    2992   1/0     1/0     1/0     1/0     1/0     1/0     1/0     1/0   'CHEMBL5220053'
    2993   1/0     1/0     1/0     1/0     2/0     2/0     2/0     2/0   'CHEMBL5220348'
    2994   1/0     1/0     1/0     1/0     1/0     1/0     1/0     1/0   'CHEMBL5220415'
    2995   1/0     1/0     1/0     1/0     1/0     1/0     1/0     1/0   'CHEMBL5220474'
    2996   1/0     1/0     1/0     1/0     1/0     1/0     1/0     1/0   'CHEMBL5220594'
    2997   1/0     1/0     1/0     1/0     2/0     2/0     2/0     2/0   'CHEMBL5220657'
    2998   1/0     1/0     1/0     1/0     2/0     2/0     2/0     2/0   'CHEMBL5220750'
    2999   1/0     1/0     1/0     1/0     3/0     3/0     3/0     3/0   'CHEMBL5265966'
    3000   1/0     1/0     1/0     1/0     2/0     2/0     2/0     2/0   'CHEMBL5266197'
# counts of output and dropped structures after processing steps
# index  htreat  desalt  neutra   guard   epik   stereo    cgx   filter  title
    3001   1/0     1/0     1/0     1/0     2/0     2/0     2/0     2/0   'CHEMBL5266321'
    3002   1/0     1/0     1/0     1/0     2/0     2/0     2/0     2/0   'CHEMBL5266542'
    3003   1/0     1/0     1/0     1/0     2/0     2/0     2/0     2/0   'CHEMBL5266987'
    3004   1/0     1/0     1/0     1/0     2/0     2/0     2/0     2/0   'CHEMBL5267229'
    3005   1/0     1/0     1/0     1/0     2/0     2/0     2/0     2/0   'CHEMBL5267474'
    3006   1/0     1/0     1/0     1/0     2/0     2/0     2/0     2/0   'CHEMBL5267534'
    3007   1/0     1/0     1/0     1/0     3/0     3/0     3/0     3/0   'CHEMBL5267753'
    3008   1/0     1/0     1/0     1/0     2/0     2/0     2/0     2/0   'CHEMBL5268023'
    3009   1/0     1/0     1/0     1/0     2/0     2/0     2/0     2/0   'CHEMBL5268418'
    3010   1/0     1/0     1/0     1/0     2/0     2/0     2/0     2/0   'CHEMBL5268865'
    3011   1/0     1/0     1/0     1/0     2/0     2/0     2/0     2/0   'CHEMBL5268983'
    3012   1/0     1/0     1/0     1/0     2/0     2/0     2/0     2/0   'CHEMBL5269848'
    3013   1/0     1/0     1/0     1/0     1/0     1/0     1/0     1/0   'CHEMBL5270313'
    3014   1/0     1/0     1/0     1/0     1/0     1/0     1/0     1/0   'CHEMBL5270627'
    3015   1/0     1/0     1/0     1/0     2/0     2/0     2/0     2/0   'CHEMBL5272450'
    3016   1/0     1/0     1/0     1/0     3/0     3/0     3/0     3/0   'CHEMBL5273218'
    3017   1/0     1/0     1/0     1/0     1/0     1/0     1/0     1/0   'CHEMBL5273757'
    3018   1/0     1/0     1/0     1/0     2/0     2/0     2/0     2/0   'CHEMBL5273881'
    3019   1/0     1/0     1/0     1/0     1/0     1/0     1/0     1/0   'CHEMBL5274068'
    3020   1/0     1/0     1/0     1/0     2/0     2/0     2/0     2/0   'CHEMBL5274129'
    3021   1/0     1/0     1/0     1/0     2/0     2/0     2/0     2/0   'CHEMBL5274564'
    3022   1/0     1/0     1/0     1/0     1/0     1/0     1/0     1/0   'CHEMBL5274711'
    3023   1/0     1/0     1/0     1/0     2/0     2/0     2/0     2/0   'CHEMBL5274894'
    3024   1/0     1/0     1/0     1/0     2/0     2/0     2/0     2/0   'CHEMBL5274971'
    3025   1/0     1/0     1/0     1/0     3/0     3/0     3/0     3/0   'CHEMBL5275162'
    3026   1/0     1/0     1/0     1/0     1/0     1/0     1/0     1/0   'CHEMBL5275234'
    3027   1/0     1/0     1/0     1/0     2/0     2/0     2/0     2/0   'CHEMBL5275484'
    3028   1/0     1/0     1/0     1/0     2/0     2/0     2/0     2/0   'CHEMBL5275487'
    3029   1/0     1/0     1/0     1/0     2/0     2/0     2/0     2/0   'CHEMBL5276287'
    3030   1/0     1/0     1/0     1/0     1/0     1/0     1/0     1/0   'CHEMBL5276961'
    3031   1/0     1/0     1/0     1/0     3/0     3/0     3/0     3/0   'CHEMBL5277064'
    3032   1/0     1/0     1/0     1/0     1/0     1/0     1/0     1/0   'CHEMBL5277115'
    3033   1/0     1/0     1/0     1/0     1/0     1/0     1/0     1/0   'CHEMBL5277490'
    3034   1/0     1/0     1/0     1/0     2/0     2/0     2/0     2/0   'CHEMBL5277626'
    3035   1/0     1/0     1/0     1/0     1/0     1/0     1/0     1/0   'CHEMBL5278252'
    3036   1/0     1/0     1/0     1/0     1/0     1/0     1/0     1/0   'CHEMBL5278390'
    3037   1/0     1/0     1/0     1/0     2/0     2/0     2/0     2/0   'CHEMBL5279548'
    3038   1/0     1/0     1/0     1/0     2/0     2/0     2/0     2/0   'CHEMBL5279581'
    3039   1/0     1/0     1/0     1/0     2/0     2/0     2/0     2/0   'CHEMBL5279728'
    3040   1/0     1/0     1/0     1/0     3/0     3/0     3/0     3/0   'CHEMBL5279910'
    3041   1/0     1/0     1/0     1/0     2/0     2/0     2/0     2/0   'CHEMBL5280469'
    3042   1/0     1/0     1/0     1/0     1/0     1/0     1/0     1/0   'CHEMBL5280972'
    3043   1/0     1/0     1/0     1/0     2/0     2/0     2/0     2/0   'CHEMBL5282009'
    3044   1/0     1/0     1/0     1/0     2/0     2/0     2/0     2/0   'CHEMBL5282739'
    3045   1/0     1/0     1/0     1/0     1/0     1/0     1/0     1/0   'CHEMBL5282933'
    3046   1/0     1/0     1/0     1/0     3/0     3/0     3/0     3/0   'CHEMBL5283277'
    3047   1/0     1/0     1/0     1/0     1/0     1/0     1/0     1/0   'CHEMBL5283569'
    3048   1/0     1/0     1/0     1/0     1/0     1/0     1/0     1/0   'CHEMBL5284943'
    3049   1/0     1/0     1/0     1/0     2/0     2/0     2/0     2/0   'CHEMBL5285297'
    3050   1/0     1/0     1/0     1/0     2/0     2/0     2/0     2/0   'CHEMBL5285764'
# counts of output and dropped structures after processing steps
# index  htreat  desalt  neutra   guard   epik   stereo    cgx   filter  title
    3051   1/0     1/0     1/0     1/0     2/0     2/0     2/0     2/0   'CHEMBL5285902'
    3052   1/0     1/0     1/0     1/0     1/0     1/0     1/0     1/0   'CHEMBL5285907'
    3053   1/0     1/0     1/0     1/0     1/0     1/0     1/0     1/0   'CHEMBL5285955'
    3054   1/0     1/0     1/0     1/0     2/0     2/0     2/0     2/0   'CHEMBL5286666'
    3055   1/0     1/0     1/0     1/0     2/0     2/0     2/0     2/0   'CHEMBL5287906'
    3056   1/0     1/0     1/0     1/0     2/0     2/0     2/0     2/0   'CHEMBL5288458'
    3057   1/0     1/0     1/0     1/0     2/0     2/0     2/0     2/0   'CHEMBL5288509'
    3058   1/0     1/0     1/0     1/0     2/0     2/0     2/0     2/0   'CHEMBL5289049'
    3059   1/0     1/0     1/0     1/0     2/0     2/0     2/0     2/0   'CHEMBL5289102'
    3060   1/0     1/0     1/0     1/0     2/0     2/0     2/0     2/0   'CHEMBL5289336'
    3061   1/0     1/0     1/0     1/0     2/0     2/0     2/0     2/0   'CHEMBL5290009'
    3062   1/0     1/0     1/0     1/0     2/0     2/0     2/0     2/0   'CHEMBL5290055'
    3063   1/0     1/0     1/0     1/0     1/0     1/0     1/0     1/0   'CHEMBL5291433'
    3064   1/0     1/0     1/0     1/0     2/0     2/0     2/0     2/0   'CHEMBL5397277'
    3065   1/0     1/0     1/0     1/0     4/0     4/0     4/0     4/0   'CHEMBL5398811'
    3066   1/0     1/0     1/0     1/0     2/0     2/0     2/0     2/0   'CHEMBL5402568'
    3067   1/0     1/0     1/0     1/0     2/0     2/0     2/0     2/0   'CHEMBL5405870'
    3068   1/0     1/0     1/0     1/0     2/0     2/0     2/0     2/0   'CHEMBL5407794'
    3069   1/0     1/0     1/0     1/0     1/0     1/0     1/0     1/0   'CHEMBL5408495'
    3070   1/0     1/0     1/0     1/0     2/0     2/0     2/0     2/0   'CHEMBL5408749'
    3071   1/0     1/0     1/0     1/0     2/0     2/0     2/0     2/0   'CHEMBL5409066'
    3072   1/0     1/0     1/0     1/0     4/0     4/0     4/0     4/0   'CHEMBL5411710'
    3073   1/0     1/0     1/0     1/0     2/0     2/0     2/0     2/0   'CHEMBL5412386'
    3074   1/0     1/0     1/0     1/0     3/0     3/0     3/0     3/0   'CHEMBL5413637'
    3075   1/0     1/0     1/0     1/0     1/0     1/0     1/0     1/0   'CHEMBL5414025'
    3076   1/0     1/0     1/0     1/0     2/0     2/0     2/0     2/0   'CHEMBL5414115'
    3077   1/0     1/0     1/0     1/0     2/0     2/0     2/0     2/0   'CHEMBL5414427'
    3078   1/0     1/0     1/0     1/0     2/0     2/0     2/0     2/0   'CHEMBL5414816'
    3079   1/0     1/0     1/0     1/0     4/0     4/0     4/0     4/0   'CHEMBL5416545'
    3080   1/0     1/0     1/0     1/0     2/0     2/0     2/0     2/0   'CHEMBL5418532'
    3081   1/0     1/0     1/0     1/0     3/0     3/0     3/0     3/0   'CHEMBL5422010'
    3082   1/0     1/0     1/0     1/0     2/0     2/0     2/0     2/0   'CHEMBL5423189'
    3083   1/0     1/0     1/0     1/0     2/0     2/0     2/0     2/0   'CHEMBL5424118'
    3084   1/0     1/0     1/0     1/0     2/0     2/0     2/0     2/0   'CHEMBL5424574'
    3085   1/0     1/0     1/0     1/0     2/0     2/0     2/0     2/0   'CHEMBL5424840'
    3086   1/0     1/0     1/0     1/0     2/0     2/0     2/0     2/0   'CHEMBL5425473'
    3087   1/0     1/0     1/0     1/0     2/0     2/0     2/0     2/0   'CHEMBL5429047'
    3088   1/0     1/0     1/0     1/0     2/0     2/0     2/0     2/0   'CHEMBL5430453'
    3089   1/0     1/0     1/0     1/0     2/0     2/0     2/0     2/0   'CHEMBL5430588'
    3090   1/0     1/0     1/0     1/0     2/0     2/0     2/0     2/0   'CHEMBL5432172'
    3091   1/0     1/0     1/0     1/0     2/0     2/0     2/0     2/0   'CHEMBL5433150'
    3092   1/0     1/0     1/0     1/0     1/0     1/0     1/0     1/0   'CHEMBL5434074'
    3093   1/0     1/0     1/0     1/0     2/0     2/0     2/0     2/0   'CHEMBL5435542'

# of processed structures in "ligprep_ligands_ro5_fullfilled-out.maegz" : 6424
# of dropped structures in "ligprep_ligands_ro5_fullfilled-dropped.maegz" : 0

backend run time: 0 hours 53 minutes 55.611 seconds
