SMILES,title,i_i_glide_lignum,docking_status,r_glide_cpu_time,r_i_docking_score,s_i_glide_gridfile,r_i_glide_gscore,r_i_glide_lipo,r_i_glide_hbond,r_i_glide_metal,r_i_glide_rewards,r_i_glide_evdw,r_i_glide_ecoul,r_i_glide_erotb,r_i_glide_esite,r_i_glide_emodel,r_i_glide_energy,r_i_glide_einternal
COC(=O)CCNC(=O)c1ccc(OP(=O)(Oc2ccc(C(=O)NCCC(=O)OC)cc2)[C@@H]2CCCN2C(=O)[C@@H]2CCC[NH2+]2)cc1,"CHEMBL9238",1,Done,33.74,-6.48963,"glide_grid_1X70",-6.63823,-0.545934,-0.780823,-0,-0.480888,-43.5262,-20.2852,0.675071,-0.286561,-94.8639,-63.8115,11.4943
CC(=O)Nc1cccc(OP(=O)(Oc2cccc(NC(C)=O)c2)[C@@H]2CCCN2C(=O)[C@@H]2CCC[NH2+]2)c1,"CHEMBL9263",3,Done,9.72,-5.91639,"glide_grid_1X70",-6.06499,-0.727753,-0.764727,-0,-0.146797,-41.3201,-18.7503,0.694901,-0.242062,-82.0039,-60.0704,13.2813
COC(=O)c1ccc(OP(=O)(Oc2ccc(C(=O)OC)cc2)[C@@H]2CCCN2C(=O)[C@@H]2CCC[NH2+]2)cc1,"CHEMBL9408",7,Done,6.4,-5.05074,"glide_grid_1X70",-5.19934,-0.495254,-0.613638,-0,-0.33721,-38.4525,-15.1403,0.690049,-0.249617,-73.5899,-53.5928,7.51495
CS(=O)(=O)Nc1ccc(OP(=O)(Oc2ccc(NS(C)(=O)=O)cc2)[C@@H]2CCCN2C(=O)[C@@H]2CCC[NH2+]2)cc1,"CHEMBL9433",9,Done,8.45,-6.18408,"glide_grid_1X70",-6.43748,-0.496494,-0.464488,-0,-0.384015,-37.6487,-21.079,0.439435,-0.487628,-87.7766,-58.7277,6.23291
CS(=O)(=O)[N-]c1ccc(O[P@@](=O)(Oc2ccc(NS(C)(=O)=O)cc2)[C@@H]2CCCN2C(=O)[C@@H]2CCC[NH2+]2)cc1,"CHEMBL9433",11,Done,7.77,-4.60958,"glide_grid_1X70",-5.86948,-0.26555,-0.37695,-0,-0.413567,-37.2082,-19.624,0.442063,-0.451463,-78.7008,-56.8322,10.3325
NCC(=O)Nc1ccc(O[P@](=O)(Oc2ccc(NC(=O)C[NH3+])cc2)[C@@H]2CCCN2C(=O)[C@@H]2CCC[NH2+]2)cc1,"CHEMBL9512",13,Done,11.82,-6.01928,"glide_grid_1X70",-6.57878,-0.0502956,-1.07553,-0,-0.367362,-25.131,-31.1025,0.533846,-0.36289,-86.0239,-56.2335,15.1913
NCC(=O)Nc1ccc(OP(=O)(Oc2ccc(NC(=O)CN)cc2)[C@@H]2CCCN2C(=O)[C@@H]2CCC[NH2+]2)cc1,"CHEMBL9512",14,Done,12.66,-4.41801,"glide_grid_1X70",-5.36481,-0.054339,-0.820567,-0,0.299958,-38.0995,-21.9614,0.76524,-0.355913,-71.2873,-60.0609,25.7847
[NH3+]CC(=O)Nc1ccc(OP(=O)(Oc2ccc(NC(=O)C[NH3+])cc2)[C@@H]2CCCN2C(=O)[C@@H]2CCC[NH2+]2)cc1,"CHEMBL9512",15,Done,12.62,-6.08364,"glide_grid_1X70",-7.07714,-9.03897e-05,-1.46841,-0,-0.487973,-24.5533,-37.2213,0.532034,-0.425039,-103.595,-61.7746,9.03313
NCC(=O)Nc1ccc(O[P@](=O)(Oc2ccc(NC(=O)C[NH3+])cc2)[C@@H]2CCCN2C(=O)[C@@H]2CCCN2)cc1,"CHEMBL9512",16,Done,13.68,-5.64008,"glide_grid_1X70",-6.94338,-0.0274067,-1.29563,-0,-0.310509,-29.2026,-29.389,0.535668,-0.385377,-90.8923,-58.5916,7.49087
NCC(=O)Nc1ccc(OP(=O)(Oc2ccc(NC(=O)CN)cc2)[C@@H]2CCCN2C(=O)[C@@H]2CCCN2)cc1,"CHEMBL9512",17,Done,13.98,-3.31168,"glide_grid_1X70",-5.00228,-0.00905827,-1.33439,-0,0.235139,-23.305,-21.6384,0.767855,-0.250817,-59.4364,-44.9434,5.49663
[NH3+]CC(=O)Nc1ccc(OP(=O)(Oc2ccc(NC(=O)C[NH3+])cc2)[C@@H]2CCCN2C(=O)[C@@H]2CCCN2)cc1,"CHEMBL9512",18,Done,12.89,-4.90921,"glide_grid_1X70",-6.64651,-0.000785124,-1.31975,-0,-0.424729,-22.6865,-38.3928,0.533846,-0.300764,-100.69,-61.0793,3.63889
O=C([C@@H]1CCC[NH2+]1)N1CCC[C@H]1P(=O)(Oc1ccc(NN2CCCC2)cc1)Oc1ccc(NN2CCCC2)cc1,"CHEMBL9527",19,Done,7.75,-3.36832,"glide_grid_1X70",-3.53042,-0.181966,-0.570192,-0,-0.224458,-32.0581,-9.32858,0.617001,-0.168606,-45.842,-41.3867,15.184
O=C([C@@H]1CCC[NH2+]1)N1CCC[C@H]1[P@](=O)(Oc1ccc(NN2CCCC2)cc1)Oc1ccc(N[NH+]2CCCC2)cc1,"CHEMBL9527",21,Done,9.71,-3.28043,"glide_grid_1X70",-5.52613,-0.643707,-0.667422,-0,-0.211653,-38.7611,-16.4631,0.613695,-0.209522,-72.3846,-55.2242,16.203
CCCC[S+](CCCC)Cc1ccc2cc1C(=O)NCC(=O)NCC(=O)NCCCC[C@H]([NH3+])C(=O)N1CCC[C@H]1C(=O)N2,"CHEMBL67679",22,Done,10.18,-3.82065,"glide_grid_1X70",-4.10175,-0.264638,-0.391597,-0,0,-31.7104,-11.3886,0.199562,-0.351273,-56.0434,-43.0989,4.07919
CCCCCCCC[S+](CCCCCCCC)Cc1ccc2cc1C(=O)NCC(=O)NCC(=O)NCCCC[C@H](N)C(=O)N1CCC[C@H]1C(=O)N2,"CHEMBL67680",25,Done,15.67,-2.25624,"glide_grid_1X70",-2.83304,-0.116486,-0.341705,-0,0,-29.3476,-6.17517,0.38003,-0.361229,-41.0881,-35.5227,4.60429
[NH3+][C@H](CC(=O)N1CCC[C@H]1C(=O)NCc1ccc(C(=O)[O-])cc1)Cc1ccc(F)c(F)c1,"CHEMBL182223",29,Done,8.29,-9.0887,"glide_grid_1X70",-9.0984,-1.67429,-1.06622,-0,-1.91385,-27.3353,-22.1851,0.564656,-0.314166,-94.9319,-49.5204,10.5839
N[C@H](CC(=O)N1CCC[C@H]1C(=O)NCc1ccc(C(=O)[O-])cc1)Cc1ccc(F)c(F)c1,"CHEMBL182223",30,Done,8.22,-4.00354,"glide_grid_1X70",-6.44674,-1.64425,-1.00279,-0,-1.01433,-38.1524,-10.1634,0.809978,-0.163212,-65.4255,-48.3158,16.0717
[NH3+][C@H](CC(=O)N1CSC[C@H]1C(=O)NCc1ccc(CC(=O)[O-])cc1)Cc1ccccc1F,"CHEMBL183060",31,Done,9.82,-6.4561,"glide_grid_1X70",-6.4692,-1.06919,-1.01632,-0,-0.690482,-31.1044,-18.531,0.857558,-0.215894,-76.1632,-49.6354,7.78705
N[C@H](CC(=O)N1CSC[C@H]1C(=O)NCc1ccc(CC(=O)[O-])cc1)Cc1ccccc1F,"CHEMBL183060",32,Done,9.52,-2.56469,"glide_grid_1X70",-4.82919,-0.744172,-0.915043,-0,-0.627998,-29.826,-11.5659,0.860994,-0.176796,-50.434,-41.3919,16.4974
[NH3+][C@H](CC(=O)N1CCC[C@H]1C(=O)NCc1ccccc1C(=O)[O-])Cc1ccccc1,"CHEMBL183098",33,Done,11.24,-7.91618,"glide_grid_1X70",-7.92588,-1.26465,-1.13231,-0,-1.43871,-33.0012,-19.4235,0.657654,-0.18428,-85.1877,-52.4247,14.0196
N[C@H](CC(=O)N1CCC[C@H]1C(=O)NCc1ccccc1C(=O)[O-])Cc1ccccc1,"CHEMBL183098",34,Done,10.4,-2.12822,"glide_grid_1X70",-4.57142,-1.09088,-0.667701,-0,-0.98757,-33.8537,-6.59861,0.943692,-0.0864843,-49.2901,-40.4523,12.4247
CS(=O)(=O)Nc1cccc(NC(=O)CN2CCN(C(=O)C[C@H]([NH3+])Cc3ccccc3F)[C@H](Cc3ccccc3)C2)c1,"CHEMBL183207",35,Done,11.28,-6.85025,"glide_grid_1X70",-7.13065,-0.856053,-0.554637,-0,-0.81458,-38.7823,-18.9671,0.402894,-0.524093,-82.7933,-57.7494,21.8362
CS(=O)(=O)Nc1cccc(NC(=O)C[N@H+]2CCN(C(=O)C[C@H]([NH3+])Cc3ccccc3F)[C@H](Cc3ccccc3)C2)c1,"CHEMBL183207",36,Done,12.5,-4.7674,"glide_grid_1X70",-5.6196,-0.573294,-0.398098,-0,-0.512799,-23.0344,-20.182,0.40074,-0.357129,-70.5922,-43.2164,13.1572
CS(=O)(=O)[N-]c1cccc(NC(=O)CN2CCN(C(=O)C[C@H]([NH3+])Cc3ccccc3F)[C@H](Cc3ccccc3)C2)c1,"CHEMBL183207",37,Done,11.07,-5.11691,"glide_grid_1X70",-6.59431,-1.53794,-0.69244,-0,-1.02275,-31.0303,-13.4624,0.405061,-0.175364,-71.3368,-44.4927,16.5839
CC(C)[C@@H](Oc1ccc(CNC(=O)[C@@H]2CCCN2C(=O)C[C@H]([NH3+])Cc2c(F)c(F)c(F)c(F)c2F)cc1)C(=O)[O-],"CHEMBL183289",39,Done,15.57,-8.4058,"glide_grid_1X70",-8.4155,-1.15193,-1.06577,-0,-1.52032,-37.7761,-19.9987,0.382909,-0.171777,-101.472,-57.7748,9.66216
CC(C)[C@@H](Oc1ccc(CNC(=O)[C@@H]2CCCN2C(=O)[C@H]([NH3+])C2CCCCC2)cc1)C(=O)[O-],"CHEMBL183418",41,Done,11.47,-5.5183,"glide_grid_1X70",-5.7537,-0.942198,-0.4,-0,-1.02888,-34.0292,-13.7639,0.600186,-0.216771,-69.5447,-47.7931,12.3892
CC(C)[C@@H](Oc1ccc(CNC(=O)[C@@H]2CCCN2C(=O)[C@H](N)C2CCCCC2)cc1)C(=O)[O-],"CHEMBL183418",42,Done,9.92,-2.88214,"glide_grid_1X70",-3.54294,-0.666304,-0.456,-0,-0.627118,-33.7083,-5.78546,0.860844,-0.101127,-47.3104,-39.4938,9.05116
C[C@H](Oc1ccc(CNC(=O)[C@@H]2CCCN2C(=O)C[C@H]([NH3+])Cc2ccccc2F)cc1)C(=O)[O-],"CHEMBL183736",43,Done,14.16,-8.45903,"glide_grid_1X70",-8.46873,-0.974677,-1.22614,-0,-1.40512,-29.3098,-25.3539,0.636401,-0.230611,-95.491,-54.6637,17.7315
C[C@H](Oc1ccc(CNC(=O)[C@@H]2CCCN2C(=O)C[C@H](N)Cc2ccccc2F)cc1)C(=O)[O-],"CHEMBL183736",44,Done,13.03,-2.51365,"glide_grid_1X70",-4.95685,-0.723175,-0.906784,-0,-0.636269,-32.9214,-12.0941,0.912701,-0.143144,-58.0019,-45.0155,10.9972
CS(=O)(=O)Nc1cccc(NC(=O)CN2CCN(C(=O)C[C@H]([NH3+])Cc3ccccc3)[C@@H](Cc3ccccc3)C2)c1,"CHEMBL184040",45,Done,11.95,-7.069,"glide_grid_1X70",-7.3494,-0.946542,-0.730512,-0,-0.609514,-44.3513,-19.4586,0.44342,-0.369897,-97.2897,-63.8099,19.0372
CS(=O)(=O)Nc1cccc(NC(=O)C[N@@H+]2CCN(C(=O)C[C@H]([NH3+])Cc3ccccc3)[C@@H](Cc3ccccc3)C2)c1,"CHEMBL184040",46,Done,12.66,-7.93878,"glide_grid_1X70",-8.79098,-1.21227,-0.933752,-0,-0.875774,-37.2559,-28.1505,0.441042,-0.347432,-116.239,-65.4064,7.85974
CS(=O)(=O)[N-]c1cccc(NC(=O)CN2CCN(C(=O)C[C@H]([NH3+])Cc3ccccc3)[C@@H](Cc3ccccc3)C2)c1,"CHEMBL184040",47,Done,11.45,-6.09291,"glide_grid_1X70",-7.57031,-1.70233,-0.497949,-0,-0.671009,-46.1584,-17.5393,0.445811,-0.206015,-93.3567,-63.6977,22.4847
CS(=O)(=O)[N-]c1cccc(NC(=O)C[N@@H+]2CCN(C(=O)C[C@H]([NH3+])Cc3ccccc3)[C@@H](Cc3ccccc3)C2)c1,"CHEMBL184040",48,Done,11.14,-3.1149,"glide_grid_1X70",-5.0295,-0.403031,-0.378214,-0,-0.17253,-30.3259,-18.2072,0.44342,-0.271766,-67.1976,-48.5331,15.1981
CC(C)[C@@H](Oc1ccc(CNC(=O)[C@@H]2CCCN2C(=O)C[C@H]([NH3+])Cc2cc(F)c(C(F)(F)F)cc2F)cc1)C(=O)[O-],"CHEMBL184177",49,Done,16.89,-7.6075,"glide_grid_1X70",-7.6172,-1.31844,-0.911811,-0,-1.43294,-35.5057,-17.1107,0.566895,-0.179004,-83.0682,-52.6165,18.9005
[NH3+][C@H](CC(=O)N1CCC[C@H]1C(=O)NCCCCc1nnn[n-]1)Cc1ccccc1F,"CHEMBL184346",51,Done,19.3,-7.10478,"glide_grid_1X70",-7.12188,-1.00146,-0.834025,-0,-1.48381,-31.7589,-18.0475,0.793842,-0.301352,-81.7772,-49.8064,9.15674
N[C@H](CC(=O)N1CCC[C@H]1C(=O)NCCCCc1nnn[n-]1)Cc1ccccc1F,"CHEMBL184346",52,Done,19.21,-1.44012,"glide_grid_1X70",-3.89792,-1.02042,-0.576,-0,-0.741306,-33.0201,-5.91947,1.13902,-0.160291,-46.5544,-38.9395,8.42936
[NH3+][C@H](CC(=O)N1CCC[C@H]1C(=O)NCCCCc1nnn[nH]1)Cc1ccccc1F,"CHEMBL184346",53,Done,22.94,-4.86113,"glide_grid_1X70",-7.45043,-1.17237,-0.365046,-0,-1.81619,-34.2295,-18.7052,0.790391,-0.369951,-83.978,-52.9347,10.5084
CC(C)[C@@H](Oc1ccc(CNC(=O)[C@@H]2CCCN2C(=O)C[C@H]([NH3+])Cc2cc(Cl)ccc2F)cc1)C(=O)[O-],"CHEMBL184527",54,Done,17.01,-8.35958,"glide_grid_1X70",-8.36928,-1.46568,-0.86333,-0,-1.05613,-40.2412,-21.9191,0.50653,-0.190742,-107.317,-62.1603,9.84335
[NH3+][C@H](CC(=O)N1CCC[C@H]1C(=O)NCc1cccc(C(=O)[O-])c1)Cc1ccccc1,"CHEMBL184593",56,Done,10.32,-8.33368,"glide_grid_1X70",-8.34338,-1.45102,-0.76585,-0,-1.53949,-38.5117,-20.3265,0.657654,-0.270115,-97.3517,-58.8383,12.0497
N[C@H](CC(=O)N1CCC[C@H]1C(=O)NCc1cccc(C(=O)[O-])c1)Cc1ccccc1,"CHEMBL184593",57,Done,9.84,-2.56095,"glide_grid_1X70",-5.00415,-0.811985,-0.877926,-0,-0.952199,-25.1166,-13.2858,0.943692,-0.0570325,-48.9863,-38.4024,12.8668
CC(C)[C@@H](Oc1ccc(CNC(=O)[C@@H]2CCCN2C(=O)C[C@H]([NH3+])Cc2cc(C(F)(F)F)ccc2F)cc1)C(=O)[O-],"CHEMBL184630",58,Done,20.22,-7.59667,"glide_grid_1X70",-7.60637,-1.49087,-0.508972,-0,-1.91661,-41.0441,-13.5818,0.623891,-0.224326,-89.5592,-54.6259,5.49904
CS(=O)(=O)Nc1cccc(NC(=O)CN2CCN(C(=O)C[C@@H]([NH3+])Cc3ccc(F)c(F)c3)[C@@H](Cc3ccccc3)C2)c1,"CHEMBL184672",60,Done,10.97,-4.7197,"glide_grid_1X70",-5.0001,-0.485437,-0.608072,-0,-0.180459,-29.2595,-17.1786,0.523047,-0.209405,-64.6043,-46.4382,16.6592
CS(=O)(=O)Nc1cccc(NC(=O)C[N@@H+]2CCN(C(=O)C[C@@H]([NH3+])Cc3ccc(F)c(F)c3)[C@@H](Cc3ccccc3)C2)c1,"CHEMBL184672",61,Done,12.04,-4.78243,"glide_grid_1X70",-5.63463,-0.386371,-0.218934,-0,-0.534791,-30.845,-19.3662,0.364176,-0.411539,-78.7708,-50.2111,7.96401
CS(=O)(=O)[N-]c1cccc(NC(=O)CN2CCN(C(=O)C[C@@H]([NH3+])Cc3ccc(F)c(F)c3)[C@@H](Cc3ccccc3)C2)c1,"CHEMBL184672",62,Done,9.49,-2.16159,"glide_grid_1X70",-3.63899,-0.248547,-0.634439,-0,-0.110826,-24.5876,-11.7938,0.525858,-0.17259,-48.547,-36.3814,7.52375
CS(=O)(=O)[N-]c1cccc(NC(=O)C[N@@H+]2CCN(C(=O)C[C@@H]([NH3+])Cc3ccc(F)c(F)c3)[C@@H](Cc3ccccc3)C2)c1,"CHEMBL184672",63,Done,10.41,-6.85342,"glide_grid_1X70",-8.76802,-2.09872,-0.314107,-0,-1.4211,-36.9964,-20.9832,0.366133,-0.302934,-90.6303,-57.9796,14.3163
[NH3+][C@@H](CC(=O)N1CCC[C@H]1C(=O)NCc1cc(Cl)ccc1OCC(=O)NC1CC1)Cc1ccccc1,"CHEMBL184738",64,Done,17.89,-7.06624,"glide_grid_1X70",-7.07594,-1.3152,-0.794659,-0,-1.02207,-38.14,-16.2996,0.652016,-0.244077,-80.8005,-54.4397,15.2305
N[C@@H](CC(=O)N1CCC[C@H]1C(=O)NCc1cc(Cl)ccc1OCC(=O)NC1CC1)Cc1ccccc1,"CHEMBL184738",65,Done,19.59,-2.26195,"glide_grid_1X70",-4.70515,-1.40954,-0.75554,-0,-0.276831,-40.6818,-6.68525,0.934816,-0.161177,-58.6307,-47.3671,10.0394
COC(=O)Cc1ccc(CNC(=O)[C@@H]2CCCN2C(=O)C[C@H]([NH3+])Cc2ccccc2F)cc1,"CHEMBL185244",66,Done,13.73,-8.75289,"glide_grid_1X70",-8.76259,-1.67627,-0.864932,-0,-1.55058,-44.7324,-18.6663,0.675004,-0.309242,-105.457,-63.3987,11.6047
CS(=O)(=O)Nc1cccc(NC(=O)CN2CCN(C[C@@H]([NH3+])Cc3ccccc3)[C@@H](Cc3ccccc3)C2)c1,"CHEMBL186032",68,Done,11.51,-6.15866,"glide_grid_1X70",-6.67596,-1.07291,-0.711965,-0,-0.643741,-30.1885,-20.3689,0.501861,-0.184456,-77.8272,-50.5574,14.1163
CS(=O)(=O)Nc1cccc(NC(=O)C[N@@H+]2CCN(C[C@@H]([NH3+])Cc3ccccc3)[C@@H](Cc3ccccc3)C2)c1,"CHEMBL186032",69,Done,12.22,-5.15514,"glide_grid_1X70",-5.67324,-0.9174,-0.312884,-0,-0.649613,-31.6261,-18.7287,0.714469,-0.117207,-75.2417,-50.3547,11.165
CS(=O)(=O)[N-]c1cccc(NC(=O)C[N@@H+]2CCN(C[C@@H]([NH3+])Cc3ccccc3)[C@@H](Cc3ccccc3)C2)c1,"CHEMBL186032",70,Done,12.03,-7.0412,"glide_grid_1X70",-8.6341,-1.16942,-0.947485,-0,-1.02998,-33.5525,-27.1632,0.501861,-0.31145,-100.916,-60.7157,14.3608
CS(=O)(=O)[N-]c1cccc(NC(=O)CN2CCN(C[C@@H]([NH3+])Cc3ccccc3)[C@@H](Cc3ccccc3)C2)c1,"CHEMBL186032",71,Done,13.81,-4.1961,"glide_grid_1X70",-5.9086,-1.16485,-0.675932,-0,-0.276841,-32.2327,-18.1529,0.719432,-0.175836,-69.4153,-50.3856,17.8163
CS(=O)(=O)Nc1cccc(NC(=O)C[N@@H+]2CCN(C[C@@H](N)Cc3ccccc3)[C@@H](Cc3ccccc3)C2)c1,"CHEMBL186032",72,Done,12.94,-0.520177,"glide_grid_1X70",-2.63108,-0.244884,-0.218906,-0,0.33752,-30.788,-10.6765,0.716944,-0.0808821,-46.3092,-41.4645,11.0664
CS(=O)(=O)Nc1cccc(NC(=O)CN2CCN(C[C@@H](N)Cc3ccccc3)[C@@H](Cc3ccccc3)C2)c1,"CHEMBL186032",73,Done,11.52,-0.782776,"glide_grid_1X70",-3.34158,-1.07364,-0.304,-0,-0.18664,-35.9895,-3.88759,0.719432,-0.114116,-44.8666,-39.8771,16.0907
COC(=O)Cc1ccc(CNC(=O)[C@@H]2CSCN2C(=O)C[C@H]([NH3+])Cc2ccccc2F)cc1,"CHEMBL186482",74,Done,13.38,-7.28475,"glide_grid_1X70",-7.29785,-1.3744,-0.696414,-0,-1.1404,-32.5753,-19.1594,0.628959,-0.212918,-79.2887,-51.7347,16.6356
COC(=O)Cc1ccc(CNC(=O)[C@@H]2CSCN2C(=O)C[C@H](N)Cc2ccccc2F)cc1,"CHEMBL186482",75,Done,15.23,-2.70737,"glide_grid_1X70",-4.97187,-1.01936,-0.525093,-0,-0.650985,-38.4082,-11.154,0.902008,-0.0849355,-55.9767,-49.5621,19.9687
[NH3+][C@H](CC(=O)N1CCC[C@H]1C(=O)NCc1cc(Cl)ccc1OCC(=O)NC1CC1)Cc1ccccc1,"CHEMBL186649",76,Done,19.19,-7.87326,"glide_grid_1X70",-7.88296,-1.46439,-0.870795,-0,-0.973987,-37.1299,-20.9936,0.652016,-0.220266,-87.3994,-58.1235,22.0761
N[C@H](CC(=O)N1CCC[C@H]1C(=O)NCc1cc(Cl)ccc1OCC(=O)NC1CC1)Cc1ccccc1,"CHEMBL186649",77,Done,21.12,-0.996643,"glide_grid_1X70",-3.43984,-1.0252,-0.699155,-0,-0.216603,-32.9611,-4.60773,0.934816,-0.0944846,-40.1482,-37.5689,18.9233
[NH3+][C@H](CC(=O)N1CCC[C@H]1C(=O)NCc1ccc(OCC(=O)[O-])cc1)Cc1ccccc1F,"CHEMBL186787",78,Done,17.66,-5.34565,"glide_grid_1X70",-5.35535,-0.681052,-0.679739,-0,-0.961366,-26.3868,-14.2703,0.672415,-0.245726,-59.4076,-40.657,20.2072
N[C@H](CC(=O)N1CCC[C@H]1C(=O)NCc1ccc(OCC(=O)[O-])cc1)Cc1ccccc1F,"CHEMBL186787",79,Done,13.26,-2.80403,"glide_grid_1X70",-5.24723,-1.07581,-0.951813,-0,-0.881974,-36.2965,-8.86838,0.964458,-0.157008,-55.8941,-45.1649,15.8773
CS(=O)(=O)Nc1cccc(NC(=O)CN2CCN(C(=O)C[C@H]([NH3+])Cc3ccccc3F)[C@@H](Cc3ccccc3)C2)c1,"CHEMBL187293",82,Done,11.98,-7.14903,"glide_grid_1X70",-7.42943,-1.88796,-0.462408,-0,-0.873834,-45.0548,-14.3978,0.402894,-0.195708,-92.5937,-59.4526,20.5639
CS(=O)(=O)Nc1cccc(NC(=O)C[N@@H+]2CCN(C(=O)C[C@H]([NH3+])Cc3ccccc3F)[C@@H](Cc3ccccc3)C2)c1,"CHEMBL187293",83,Done,12.5,-6.00265,"glide_grid_1X70",-6.85485,-0.0952948,-0.80766,-0,-0.384383,-29.4638,-27.5712,0.40074,-0.495057,-84.701,-57.035,13.0949
CS(=O)(=O)[N-]c1cccc(NC(=O)CN2CCN(C(=O)C[C@H]([NH3+])Cc3ccccc3F)[C@@H](Cc3ccccc3)C2)c1,"CHEMBL187293",84,Done,11.59,-4.08062,"glide_grid_1X70",-5.55802,-0.872188,-0.367866,-0,-0.817709,-33.9683,-12.9588,0.405061,-0.263086,-75.3013,-46.9271,6.77327
CS(=O)(=O)[N-]c1cccc(NC(=O)C[N@@H+]2CCN(C(=O)C[C@H]([NH3+])Cc3ccccc3F)[C@@H](Cc3ccccc3)C2)c1,"CHEMBL187293",85,Done,15.15,-4.72654,"glide_grid_1X70",-6.64114,-0.804715,-0.495571,-0,-0.522142,-29.8326,-22.7815,0.402894,-0.312753,-88.4523,-52.614,7.58616
[NH3+][C@H](C(=O)N1CCC[C@H]1C(=O)NCc1ccc(C(=O)[O-])cc1)C1CCCCC1,"CHEMBL187699",86,Done,9.83,-6.93974,"glide_grid_1X70",-7.17514,-0.934824,-0.912469,-0,-1.28806,-30.7351,-21.4901,0.907973,-0.187492,-83.0431,-52.2252,6.39817
N[C@H](C(=O)N1CCC[C@H]1C(=O)NCc1ccc(C(=O)[O-])cc1)C1CCCCC1,"CHEMBL187699",87,Done,8.88,-5.5756,"glide_grid_1X70",-6.2364,-1.47912,-0.793034,-0,-1.19189,-34.4547,-11.4552,0.912227,-0.243569,-61.1344,-45.9099,15.8729
C[C@@H](Oc1ccc(CNC(=O)[C@@H]2CCCN2C(=O)C[C@H]([NH3+])Cc2ccccc2F)cc1)C(=O)[O-],"CHEMBL187963",88,Done,14.98,-7.89268,"glide_grid_1X70",-7.90238,-1.18394,-0.94146,-0,-1.19361,-34.859,-22.0312,0.636401,-0.172145,-97.4158,-56.8902,10.8172
C[C@@H](Oc1ccc(CNC(=O)[C@@H]2CCCN2C(=O)C[C@H](N)Cc2ccccc2F)cc1)C(=O)[O-],"CHEMBL187963",89,Done,13.48,-1.98061,"glide_grid_1X70",-4.42381,-1.11174,-0.56219,-0,-0.757994,-33.2195,-7.55871,0.912701,-0.1098,-49.8331,-40.7782,12.7025
N[C@H](C(=O)N1CC[C@H](F)C1)[C@@H](C(=O)N1CCC1)c1ccc(-c2ccc(F)cc2)cc1,"CHEMBL188043",90,Done,4.54,-2.24981,"glide_grid_1X70",-2.47421,-1.5632,-0.285446,-0,-0.0630937,-20.2839,-0.994206,0.692431,-0.0915761,-15.9359,-21.2782,17.3236
[NH3+][C@H](C(=O)N1CC[C@H](F)C1)[C@@H](C(=O)N1CCC1)c1ccc(-c2ccc(F)cc2)cc1,"CHEMBL188043",91,Done,4.96,-4.54861,"glide_grid_1X70",-5.23241,-1.18778,-0.392438,-0,0.671709,-38.2548,-17.3382,0.482576,-0.293008,-70.9575,-55.593,4.28257
CN(C)C(=O)[C@@H](c1ccc(-c2ccc(F)cc2F)cc1)[C@H](N)C(=O)N1CC[C@H](F)C1,"CHEMBL188096",92,Done,3.98,-5.27258,"glide_grid_1X70",-5.48858,-1.18278,-0.238369,-0,-1.40011,-39.885,-6.81878,0.562252,-0.212504,-58.3628,-46.7038,10.4597
CN(C)C(=O)[C@@H](c1ccc(-c2ccc(F)cc2F)cc1)[C@H]([NH3+])C(=O)N1CC[C@H](F)C1,"CHEMBL188096",93,Done,3.78,-7.3636,"glide_grid_1X70",-8.0663,-1.15737,-0.418174,-0,-1.88092,-34.7572,-19.6758,0.391872,-0.312477,-88.2599,-54.433,3.4907
N[C@H](C(=O)N1CC[C@H](F)C1)[C@@H](C(=O)Nn1cnnn1)c1ccc(-c2ccc(F)cc2)cc1,"CHEMBL188444",94,Done,5.13,-5.48298,"glide_grid_1X70",-5.59848,-1.21235,-0.274769,-0,-1.53785,-44.1757,-5.42657,0.615044,-0.165788,-60.6661,-49.6022,13.623
[NH3+][C@H](C(=O)N1CC[C@H](F)C1)[C@@H](C(=O)Nn1cnnn1)c1ccc(-c2ccc(F)cc2)cc1,"CHEMBL188444",95,Done,4.83,-5.90063,"glide_grid_1X70",-6.96583,-1.56429,-0.279237,-0,-1.57456,-30.6368,-16.6955,0.612503,-0.124084,-62.8512,-47.3322,16.4034
CC(C)NC(=O)[C@@H](c1ccc(-c2ccc(F)cc2)cc1)[C@H](N)C(=O)N1CC[C@H](F)C1,"CHEMBL188643",96,Done,5.83,-5.09622,"glide_grid_1X70",-5.32032,-1.09297,-0.201399,-0,-1.4505,-34.2635,-9.05108,0.686377,-0.190985,-53.6121,-43.3146,10.9145
CC(C)NC(=O)[C@@H](c1ccc(-c2ccc(F)cc2)cc1)[C@H]([NH3+])C(=O)N1CC[C@H](F)C1,"CHEMBL188643",97,Done,6.75,-4.95683,"glide_grid_1X70",-5.64143,-1.24004,-0.266729,-0,-1.34462,-27.04,-13.4495,0.683379,-0.103988,-59.8621,-40.4895,13.2569
C[NH+](C)C[C@@H](c1ccc(-c2ccc(F)cc2)cc1)[C@H]([NH3+])C(=O)N1CC[C@H](F)C1,"CHEMBL189046",99,Done,6.95,-6.83624,"glide_grid_1X70",-7.91004,-1.24972,-0.370039,-0,-2.00335,-34.0444,-18.5856,0.44979,-0.246657,-85.2481,-52.63,5.91076
CN(C)C[C@@H](c1ccc(-c2ccc(F)cc2)cc1)[C@H](N)C(=O)N1CC[C@H](F)C1,"CHEMBL189046",100,Done,8.11,-3.60542,"glide_grid_1X70",-5.19302,-1.05307,-0.235887,-0,-1.6765,-38.2686,-5.49237,0.648572,-0.138851,-56.4284,-43.761,3.06538
CN(C)C[C@@H](c1ccc(-c2ccc(F)cc2)cc1)[C@H]([NH3+])C(=O)N1CC[C@H](F)C1,"CHEMBL189046",101,Done,7.52,-4.88337,"glide_grid_1X70",-6.51577,-1.44083,-0.301324,-0,-1.61015,-20.7289,-17.3214,0.645554,-0.174362,-59.5924,-38.0503,12.2991
CN(C)C(=O)[C@@H](c1ccc(-c2ccc(F)cc2)cc1)[C@H](N)C(=O)N1CCC[C@H]1C#N,"CHEMBL189055",102,Done,3.88,-4.51852,"glide_grid_1X70",-4.66502,-1.02674,-0.490657,-0,-0.7747,-29.9035,-9.28168,0.707774,-0.193271,-43.3813,-39.1852,11.9945
CN(C)C(=O)[C@@H](c1ccc(-c2ccc(F)cc2)cc1)[C@H]([NH3+])C(=O)N1CCC[C@H]1C#N,"CHEMBL189055",103,Done,4.05,-4.42453,"glide_grid_1X70",-5.32423,-1.60499,-0.059311,-0,-1.48863,-22.0491,-10.658,0.704635,-0.174767,-45.4882,-32.7072,7.36156
CCNC(=O)[C@@H](c1ccc(-c2ccc(F)cc2)cc1)[C@H](N)C(=O)N1CC[C@H](F)C1,"CHEMBL189067",104,Done,5.7,-3.81185,"glide_grid_1X70",-4.03135,-0.538805,-0.329743,-0,-0.635947,-25.9731,-11.5843,0.730229,-0.220779,-46.0408,-37.5574,5.93419
CCNC(=O)[C@@H](c1ccc(-c2ccc(F)cc2)cc1)[C@H]([NH3+])C(=O)N1CC[C@H](F)C1,"CHEMBL189067",105,Done,6.7,-7.59179,"glide_grid_1X70",-8.28659,-1.08695,-0.622229,-0,-1.91269,-36.6693,-20.2735,0.508857,-0.299081,-92.1582,-56.9428,5.87215
N[C@H](C(=O)N1CC[C@H](F)C1)[C@@H](C[NH+]1CCCC1)c1ccc(-c2ccc(F)cc2)cc1,"CHEMBL190031",106,Done,5.26,-4.48136,"glide_grid_1X70",-4.62296,-1.41529,-0.304,-0,-1.08555,-23.4752,-8.41404,0.689265,-0.0715166,-40.5192,-31.8892,13.1487
[NH3+][C@H](C(=O)N1CC[C@H](F)C1)[C@@H](C[NH+]1CCCC1)c1ccc(-c2ccc(F)cc2)cc1,"CHEMBL190031",107,Done,5.66,-7.30673,"glide_grid_1X70",-8.25183,-1.32589,-0.423961,-0,-1.99744,-34.1984,-20.2273,0.480374,-0.240909,-91.1435,-54.4257,4.07938
CN(C)C(=O)[C@@H](c1ccc(-c2ccc(F)c(F)c2)cc1)[C@H]([NH3+])C(=O)N1CC[C@H](F)C1,"CHEMBL190217",109,Done,3.83,-5.02316,"glide_grid_1X70",-5.72586,-1.4697,-0.233053,-0,-1.59256,-19.8653,-12.2234,0.559817,-0.163585,-46.0001,-32.0888,6.12049
CN(C)C(=O)[C@@H](c1ccc(-c2cccc(C#N)c2)cc1)[C@H](N)C(=O)N1CC[C@H](F)C1,"CHEMBL190269",110,Done,4.24,-4.82157,"glide_grid_1X70",-5.03757,-1.20208,-0.197973,-0,-1.47977,-34.0225,-6.12616,0.589812,-0.127517,-47.1174,-40.1487,12.6463
CN(C)C(=O)[C@@H](c1ccc(-c2cccc(C#N)c2)cc1)[C@H]([NH3+])C(=O)N1CC[C@H](F)C1,"CHEMBL190269",111,Done,3.36,-5.81981,"glide_grid_1X70",-6.52251,-0.944776,-0.612088,-0,-0.997334,-34.1468,-17.5521,0.587196,-0.215357,-77.6224,-51.6989,2.36854
N[C@H](C(=O)N1CC[C@H](F)C1)[C@@H](C(=O)NCCO)c1ccc(-c2ccc(F)cc2)cc1,"CHEMBL190593",112,Done,6.02,-4.7958,"glide_grid_1X70",-5.0074,-0.976602,-0.314535,-0,-1.34898,-37.0807,-8.21267,0.907371,-0.188711,-55.7265,-45.2934,12.725
[NH3+][C@H](C(=O)N1CC[C@H](F)C1)[C@@H](C(=O)NCCO)c1ccc(-c2ccc(F)cc2)cc1,"CHEMBL190593",113,Done,6.16,-7.26155,"glide_grid_1X70",-7.97415,-1.24339,-0.402405,-0,-2.01494,-40.1151,-17.5664,0.632398,-0.305096,-91.9056,-57.6815,6.05677
CNC(=O)[C@@H](c1ccc(-c2ccc(F)cc2)cc1)[C@H](N)C(=O)N1CC[C@H](F)C1,"CHEMBL190752",114,Done,5.34,-5.41004,"glide_grid_1X70",-5.62604,-1.2702,-0.248673,-0,-1.72532,-39.7904,-5.82532,0.648701,-0.167237,-56.3346,-45.6158,13.6773
CNC(=O)[C@@H](c1ccc(-c2ccc(F)cc2)cc1)[C@H]([NH3+])C(=O)N1CC[C@H](F)C1,"CHEMBL190752",115,Done,5.68,-3.93267,"glide_grid_1X70",-4.63537,-0.227896,-0.4,-0,-0.985684,-23.9059,-14.8255,0.645683,-0.248351,-58.93,-38.7314,1.55954
N[C@H](C(=O)N1CC[C@H](F)C1)[C@@H](C(=O)NC1CC1)c1ccc(-c2ccc(F)cc2)cc1,"CHEMBL190788",116,Done,5.66,-5.20502,"glide_grid_1X70",-5.42912,-1.08618,-0.388205,-0,-1.30055,-38.4527,-8.64167,0.692431,-0.127727,-56.2591,-47.0943,14.0048
[NH3+][C@H](C(=O)N1CC[C@H](F)C1)[C@@H](C(=O)NC1CC1)c1ccc(-c2ccc(F)cc2)cc1,"CHEMBL190788",117,Done,5.53,-5.84361,"glide_grid_1X70",-6.52821,-1.1907,-0.422829,-0,-0.614275,-33.9009,-18.616,0.482576,-0.295537,-75.9856,-52.5169,5.12142
CN(C)C(=O)[C@@H](c1ccc(-c2ccc(F)cc2)cc1)[C@H](N)C(=O)N1CCSC1,"CHEMBL190863",118,Done,3.79,-4.90797,"glide_grid_1X70",-5.08437,-1.08818,-0.178256,-0,-1.02279,-35.1425,-9.75783,0.60839,-0.182745,-54.5771,-44.9003,11.1443
CN(C)C(=O)[C@@H](c1ccc(-c2ccc(F)cc2)cc1)[C@H](N)C(=O)N1CCCCC1,"CHEMBL190923",120,Done,3.39,-4.32581,"glide_grid_1X70",-4.58931,-0.972095,-0.220816,-0,-1.10953,-29.572,-8.3129,0.619489,-0.180827,-42.6119,-37.8849,11.8681
CN(C)C(=O)[C@@H](c1ccc(-c2ccc(F)cc2)cc1)[C@H]([NH3+])C(=O)N1CCCCC1,"CHEMBL190923",121,Done,3.93,-6.84265,"glide_grid_1X70",-7.44965,-1.59543,-0.35852,-0,-1.69143,-37.2435,-14.1734,0.431671,-0.247766,-79.7112,-51.4168,4.59381
C[C@@H](c1ccc(-c2cccc(-c3nc[nH]n3)c2)cc1)[C@H](N)C(=O)N1CC[C@H](F)C1,"CHEMBL190979",122,Done,3.96,-3.43024,"glide_grid_1X70",-4.01254,-0.652135,-0.256728,-0,-1.55263,-28.1908,-3.87101,0.630941,-0.191796,-41.589,-32.0618,2.22105
C[C@@H](c1ccc(-c2cccc(-c3nc[nH]n3)c2)cc1)[C@H]([NH3+])C(=O)N1CC[C@H](F)C1,"CHEMBL190979",123,Done,4.84,-7.30801,"glide_grid_1X70",-7.93231,-1.13745,-0.512879,-0,-2.17759,-36.9382,-16.4181,0.439632,-0.23441,-84.7701,-53.3563,7.38777
C[C@@H](c1ccc(-c2cccc(-c3ncn[nH]3)c2)cc1)[C@H](N)C(=O)N1CC[C@H](F)C1,"CHEMBL190979",124,Done,4.18,-4.63094,"glide_grid_1X70",-5.90874,-1.37801,-0.561286,-0,-1.45102,-33.6712,-8.91164,0.630941,-0.129056,-58.5375,-42.5829,1.96347
C[C@@H](c1ccc(-c2cccc(-c3ncn[nH]3)c2)cc1)[C@H]([NH3+])C(=O)N1CC[C@H](F)C1,"CHEMBL190979",125,Done,4.13,-6.69197,"glide_grid_1X70",-8.01177,-1.12113,-0.706281,-0,-2.06163,-34.4785,-17.5109,0.439632,-0.21181,-83.0803,-51.9894,5.82497
C[C@@H](c1ccc(-c2cccc(-c3nnc[nH]3)c2)cc1)[C@H](N)C(=O)N1CC[C@H](F)C1,"CHEMBL190979",126,Done,4.38,-1.81345,"glide_grid_1X70",-4.01445,-0.652644,-0.248188,-0,-1.53632,-26.8562,-4.10824,0.630941,-0.249191,-40.6046,-30.9645,2.76519
C[C@@H](c1ccc(-c2cccc(-c3nnc[nH]3)c2)cc1)[C@H]([NH3+])C(=O)N1CC[C@H](F)C1,"CHEMBL190979",127,Done,4.06,-5.06734,"glide_grid_1X70",-7.31044,-0.964711,-0.401657,-0,-1.96871,-33.701,-16.2238,0.439632,-0.296381,-79.3004,-49.9248,3.06814
CN(C)C(=O)[C@@H](c1ccc(-c2ccc(F)cc2)cc1)[C@H]([NH3+])C(=O)N1CC[C@H](F)C1,"CHEMBL191067",129,Done,3.99,-5.53467,"glide_grid_1X70",-6.23737,-0.457093,-0.572247,-0,-1.19468,-29.9694,-16.8419,0.424048,-0.412644,-70.0678,-46.8113,3.1692
N[C@H](C(=O)N1CC[C@H](F)C1)[C@@H](C(=O)N1CCCC1)c1ccc(-c2ccc(F)cc2)cc1,"CHEMBL191258",130,Done,5.3,-4.80666,"glide_grid_1X70",-5.03106,-1.1201,-0.177325,-0,-1.27017,-34.09,-8.25724,0.651903,-0.172289,-52.1985,-42.3472,11.1004
[NH3+][C@H](C(=O)N1CC[C@H](F)C1)[C@@H](C(=O)N1CCCC1)c1ccc(-c2ccc(F)cc2)cc1,"CHEMBL191258",131,Done,4.51,-6.82606,"glide_grid_1X70",-7.50986,-1.30879,-0.403055,-0,-1.64895,-40.8155,-15.2869,0.45439,-0.269645,-88.5558,-56.1024,5.68208
CN(C)C(=O)[C@@H](c1ccc(-c2ccc(F)cc2)cc1)[C@H](N)C(=O)N1CCC(F)(F)C1,"CHEMBL191337",132,Done,3.88,-5.6147,"glide_grid_1X70",-5.7885,-1.1072,-0.264065,-0,-1.62012,-37.4111,-8.88624,0.562252,-0.155872,-57.4934,-46.2974,12.0942
CN(C)C(=O)[C@@H](c1ccc(-c2ccc(F)cc2)cc1)[C@H]([NH3+])C(=O)N1CCC(F)(F)C1,"CHEMBL191337",133,Done,4.25,-4.01498,"glide_grid_1X70",-4.82648,-1.55463,-0.222233,-0,-1.61683,-7.23153,-9.22791,0.559817,-0.246839,-29.5435,-16.4594,6.0924
CN(C)C(=O)[C@@H](c1ccc(-c2cccc(-n3cnnn3)c2)cc1)[C@H](N)C(=O)N1CC[C@H](F)C1,"CHEMBL191473",134,Done,4.05,-4.55646,"glide_grid_1X70",-4.77246,-1.02407,-0.261377,-0,-1.09051,-40.1177,-5.55923,0.590364,-0.14709,-51.7304,-45.6769,13.0431
CN(C)C(=O)[C@@H](c1ccc(-c2cccc(-n3cnnn3)c2)cc1)[C@H]([NH3+])C(=O)N1CC[C@H](F)C1,"CHEMBL191473",135,Done,4.68,-6.49816,"glide_grid_1X70",-7.20086,-0.913752,-0.40073,-0,-1.53959,-36.4339,-17.5354,0.411582,-0.306366,-84.0078,-53.9693,2.59317
CN(C)C(=O)[C@@H](c1ccc(-c2cc(F)ccc2F)cc1)[C@H](N)C(=O)N1CC[C@H](F)C1,"CHEMBL191486",136,Done,3.98,-4.68979,"glide_grid_1X70",-4.90579,-1.20094,-0.240488,-0,-1.34342,-38.9224,-3.48943,0.562252,-0.213665,-50.7482,-42.4118,10.7341
CN(C)C(=O)[C@@H](c1ccc(-c2cc(F)ccc2F)cc1)[C@H]([NH3+])C(=O)N1CC[C@H](F)C1,"CHEMBL191486",137,Done,4.29,-5.08568,"glide_grid_1X70",-5.78838,-1.42764,-0.13193,-0,-1.98568,-23.5431,-9.60718,0.559817,-0.184713,-49.0717,-33.1503,7.03122
C[C@@H](c1ccc(-c2cccc([N-]S(=O)(=O)C(F)(F)F)c2)cc1)[C@H](N)C(=O)N1CC[C@H](F)C1,"CHEMBL192117",138,Done,5.26,-4.86653,"glide_grid_1X70",-5.25793,-1.58064,-0.315104,-0,-1.08164,-36.3626,-6.41186,0.543473,-0.0441114,-57.1451,-42.7745,3.86871
C[C@@H](c1ccc(-c2cccc([N-]S(=O)(=O)C(F)(F)F)c2)cc1)[C@H]([NH3+])C(=O)N1CC[C@H](F)C1,"CHEMBL192117",139,Done,5.56,-6.53969,"glide_grid_1X70",-6.97319,-0.667265,-0.697192,-0,-0.97171,-29.1366,-23.0132,0.541363,-0.269584,-79.6645,-52.1498,7.98099
CCOC(=O)c1cccc(-c2ccc([C@H](C)[C@H](N)C(=O)N3CC[C@H](F)C3)cc2)c1,"CHEMBL192425",140,Done,5.44,-4.69242,"glide_grid_1X70",-5.08242,-1.38912,-0.278225,-0,-1.58662,-34.5867,-5.09833,0.740085,-0.0744489,-53.406,-39.685,1.85081
CCOC(=O)c1cccc(-c2ccc([C@H](C)[C@H]([NH3+])C(=O)N3CC[C@H](F)C3)cc2)c1,"CHEMBL192425",141,Done,5.53,-6.96629,"glide_grid_1X70",-7.39839,-0.979928,-0.549292,-0,-2.02115,-34.5034,-16.2687,0.51571,-0.198248,-81.0245,-50.7721,3.3616
C[C@@H](c1ccc(-c2ccc(C(F)(F)F)cc2)cc1)[C@H](N)C(=O)N1CC[C@H](F)C1,"CHEMBL192980",142,Done,4.01,-3.51839,"glide_grid_1X70",-3.90839,-0.852516,-0.289321,-0,-1.36947,-25.7293,-3.69935,0.502573,-0.0582929,-37.537,-29.4286,4.61192
C[C@@H](c1ccc(-c2ccc(C(F)(F)F)cc2)cc1)[C@H]([NH3+])C(=O)N1CC[C@H](F)C1,"CHEMBL192980",143,Done,4.73,-7.15048,"glide_grid_1X70",-7.58258,-1.53499,-0.404101,-0,-1.99166,-31.3193,-14.8265,0.35019,-0.212079,-76.021,-46.1458,3.1525
C[C@@H](c1ccc(-c2ccc(NS(C)(=O)=O)cc2)cc1)[C@H](N)C(=O)N1CC[C@H](F)C1,"CHEMBL193887",144,Done,5.49,-4.60038,"glide_grid_1X70",-5.02508,-1.03111,-0.264013,-0,-1.22635,-34.3838,-7.11192,0.562073,-0.279706,-52.1778,-41.4958,4.05842
C[C@@H](c1ccc(-c2ccc(NS(C)(=O)=O)cc2)cc1)[C@H]([NH3+])C(=O)N1CC[C@H](F)C1,"CHEMBL193887",145,Done,5.12,-7.65113,"glide_grid_1X70",-8.11783,-1.12084,-0.415012,-0,-1.87005,-33.8182,-20.1154,0.391748,-0.395455,-86.4424,-53.9336,5.60322
C[C@@H](c1ccc(-c2ccc([N-]S(C)(=O)=O)cc2)cc1)[C@H](N)C(=O)N1CC[C@H](F)C1,"CHEMBL193887",146,Done,4.3,0.175942,"glide_grid_1X70",-1.91316,-0.127393,-0.304,-0,-0.746435,-24.0746,-0.159111,0.564522,-0.0722564,-26.9159,-24.2337,5.23815
C[C@@H](c1ccc(-c2ccc([N-]S(C)(=O)=O)cc2)cc1)[C@H]([NH3+])C(=O)N1CC[C@H](F)C1,"CHEMBL193887",147,Done,4.97,-6.23154,"glide_grid_1X70",-8.36264,-1.23644,-0.490442,-0,-1.94269,-25.643,-23.0001,0.393451,-0.35436,-84.1238,-48.6431,7.2344
C[C@@H](c1ccc(-c2ccc(S(C)(=O)=O)cc2)cc1)[C@H](N)C(=O)N1CC[C@H](F)C1,"CHEMBL194437",148,Done,3.7,-4.47851,"glide_grid_1X70",-4.86851,-0.832097,-0.253163,-0,-1.48419,-33.1061,-6.00753,0.480228,-0.222857,-49.6125,-39.1137,5.36546
C[C@@H](c1ccc(-c2ccc(S(C)(=O)=O)cc2)cc1)[C@H]([NH3+])C(=O)N1CC[C@H](F)C1,"CHEMBL194437",149,Done,3.65,-4.19056,"glide_grid_1X70",-4.62266,-0.185356,-0.4,-0,-0.856721,-19.6322,-15.6744,0.47808,-0.325889,-49.8186,-35.3066,2.80293
C[C@@H](c1ccc(-c2cccc(-c3nnn[n-]3)c2)cc1)[C@H](N)C(=O)N1CC[C@H](F)C1,"CHEMBL195378",150,Done,4.59,-4.36626,"glide_grid_1X70",-4.75626,-1.42404,-0.236706,-0,-1.46113,-31.1442,-4.24748,0.630999,-0.0710411,-48.4919,-35.3917,2.51638
C[C@@H](c1ccc(-c2cccc(-c3nnn[n-]3)c2)cc1)[C@H]([NH3+])C(=O)N1CC[C@H](F)C1,"CHEMBL195378",151,Done,4.49,-7.08489,"glide_grid_1X70",-7.51699,-1.10321,-0.38867,-0,-1.99613,-31.5092,-17.0701,0.439672,-0.332679,-78.5459,-48.5793,4.29712
C[C@@H](c1ccc(-c2cccc(-c3nnco3)c2)cc1)[C@H](N)C(=O)N1CC[C@H](F)C1,"CHEMBL195667",152,Done,4.36,-3.6174,"glide_grid_1X70",-4.0074,-0.63458,-0.256325,-0,-1.57075,-27.9244,-4.16507,0.628113,-0.152876,-41.5949,-32.0895,3.06858
C[C@@H](c1ccc(-c2cccc(-c3nnco3)c2)cc1)[C@H]([NH3+])C(=O)N1CC[C@H](F)C1,"CHEMBL195667",153,Done,4.29,-6.71922,"glide_grid_1X70",-7.15132,-0.934397,-0.403048,-0,-1.96951,-33.6697,-15.5991,0.437666,-0.258678,-78.6224,-49.2688,3.06903
C[C@@H](c1ccc(-c2cccc(-n3cnnn3)c2)cc1)[C@H](N)C(=O)N1CC[C@H](F)C1,"CHEMBL195739",154,Done,4.33,-5.6301,"glide_grid_1X70",-6.0201,-1.62703,-0.308486,-0,-1.78192,-37.5074,-6.77299,0.628103,-0.0394434,-60.8891,-44.2804,1.87801
C[C@@H](c1ccc(-c2cccc(-n3cnnn3)c2)cc1)[C@H]([NH3+])C(=O)N1CC[C@H](F)C1,"CHEMBL195739",155,Done,4.65,-6.99172,"glide_grid_1X70",-7.42382,-1.15243,-0.406663,-0,-1.98004,-36.3733,-14.9974,0.437659,-0.254078,-80.0947,-51.3707,4.44149
C[C@@H](c1ccc(-c2cccc(-c3n[nH]c(=O)[nH]3)c2)cc1)[C@H](N)C(=O)N1CC[C@H](F)C1,"CHEMBL195905",156,Done,4.16,-2.9237,"glide_grid_1X70",-3.3137,-0.13864,-0.416,-0,-0.617124,-22.2241,-9.31999,0.587247,-0.219979,-35.3348,-31.5441,13.0937
C[C@@H](c1ccc(-c2cccc(-c3n[nH]c(=O)[nH]3)c2)cc1)[C@H]([NH3+])C(=O)N1CC[C@H](F)C1,"CHEMBL195905",157,Done,4.07,-5.78466,"glide_grid_1X70",-6.21676,-0.276615,-0.711432,-0,-1.01132,-28.741,-20.9838,0.584648,-0.217423,-75.9242,-49.7248,3.43502
C[C@@H](c1ccc(-c2cn(C)c(=O)cc2CO)cc1)[C@H](N)C(=O)N1CC[C@H](F)C1,"CHEMBL203169",158,Done,9.42,-4.54628,"glide_grid_1X70",-4.93698,-1.33699,-0.289407,-0,-1.70607,-24.1119,-6.61829,0.648627,-0.0548025,-38.7291,-30.7302,16.4062
C[C@@H](c1ccc(-c2cn(C)c(=O)cc2CO)cc1)[C@H]([NH3+])C(=O)N1CC[C@H](F)C1,"CHEMBL203169",159,Done,8.7,-7.96409,"glide_grid_1X70",-8.39679,-1.09223,-0.507849,-0,-2.34633,-36.0856,-19.4295,0.451926,-0.183595,-91.2632,-55.5152,4.6785
C[C@@H](c1ccc(-c2cn(C)c(=O)c(Cl)c2F)cc1)[C@H](N)C(=O)N1CC[C@H](F)C1,"CHEMBL203267",160,Done,3.73,-5.61257,"glide_grid_1X70",-6.00257,-1.14707,-0.390279,-0,-1.70138,-39.5957,-7.7491,0.46897,-0.0906615,-60.2307,-47.3448,7.89879
C[C@@H](c1ccc(-c2cn(C)c(=O)c(Cl)c2F)cc1)[C@H]([NH3+])C(=O)N1CC[C@H](F)C1,"CHEMBL203267",161,Done,3.33,-3.89907,"glide_grid_1X70",-4.33117,-0.169704,-0.4,-0,-0.842443,-22.2408,-13.6844,0.466897,-0.221224,-50.6049,-35.9252,0.904086
Cc1c(-c2ccc([C@H](C)[C@H](N)C(=O)N3CC[C@H](F)C3)cc2)cc(Br)c(=O)n1C,"CHEMBL203323",162,Done,2.87,-4.85818,"glide_grid_1X70",-5.24818,-1.11366,-0.341918,-0,-1.33829,-38.552,-5.55387,0.395409,-0.0890433,-56.7857,-44.1059,4.12267
Cc1c(-c2ccc([C@H](C)[C@H]([NH3+])C(=O)N3CC[C@H](F)C3)cc2)cc(Br)c(=O)n1C,"CHEMBL203323",163,Done,3.45,-5.01237,"glide_grid_1X70",-5.44447,-0.180925,-0.638941,-0,-0.722833,-32.6761,-16.5702,0.393805,-0.176246,-69.1795,-49.2463,4.41822
C[C@@H](c1ccc(-c2ccc(=O)n(-c3ccc(F)cc3)c2)cc1)[C@H](N)C(=O)N1CC[C@H](F)C1,"CHEMBL206172",164,Done,4.26,-4.48946,"glide_grid_1X70",-4.87946,-1.39909,-0.260184,-0,-1.17715,-38.1234,-3.86764,0.52097,-0.077684,-55.4023,-41.9911,1.30553
C[C@@H](c1ccc(-c2ccc(=O)n(-c3ccc(F)cc3)c2)cc1)[C@H]([NH3+])C(=O)N1CC[C@H](F)C1,"CHEMBL206172",165,Done,4.12,-5.26797,"glide_grid_1X70",-5.70007,-0.942284,-0.4,-0,-0.877122,-31.6574,-15.2904,0.518799,-0.123029,-69.1471,-46.9478,0.863141
CN(C)C(=O)[C@@H](c1ccc(-c2ccc3nncn3c2)cc1)[C@H]([NH3+])C(=O)N1CC[C@H](F)C1,"CHEMBL207348",167,Done,3.78,-7.62704,"glide_grid_1X70",-8.32974,-1.01048,-0.409465,-0,-2.09962,-36.2667,-20.3446,0.383531,-0.328682,-93.7988,-56.6113,3.3717
CN(C)C(=O)[C@@H](c1ccc(-c2ccn3nccc3n2)cc1)[C@H](N)C(=O)N1CCC(F)(F)C1,"CHEMBL208957",168,Done,3.26,-6.08331,"glide_grid_1X70",-6.25711,-1.08303,-0.352587,-0,-1.56728,-32.448,-13.521,0.510377,-0.114036,-59.9814,-45.969,11.0252
CN(C)C(=O)[C@@H](c1ccc(-c2ccn3nccc3n2)cc1)[C@H]([NH3+])C(=O)N1CCC(F)(F)C1,"CHEMBL208957",169,Done,3.62,-7.56796,"glide_grid_1X70",-8.37946,-1.00998,-0.571585,-0,-1.66825,-36.8041,-22.864,0.355791,-0.215623,-97.7043,-59.6681,3.37531
CN(C)C(=O)[C@@H](c1ccc(-c2ccc3ncnn3c2)cc1)[C@H](N)C(=O)N1CCC(F)(F)C1,"CHEMBL209064",170,Done,3.14,-6.5702,"glide_grid_1X70",-6.744,-1.1006,-0.578295,-0,-1.61248,-39.4617,-12.4646,0.510377,-0.120238,-67.372,-51.9262,11.9594
CN(C)C(=O)[C@@H](c1ccc(-c2ccc3ncnn3c2)cc1)[C@H]([NH3+])C(=O)N1CCC(F)(F)C1,"CHEMBL209064",171,Done,3.6,-7.86778,"glide_grid_1X70",-8.67928,-0.900278,-1.06913,-0,-1.42107,-33.92,-24.5834,0.355791,-0.261077,-97.1189,-58.5035,4.68465
Cc1c(-c2ccc([C@H](C(=O)N(C)C)[C@H]([NH3+])C(=O)N3CC[C@H](F)C3)cc2)ccc2ncnn12,"CHEMBL209111",173,Done,4.32,-7.78182,"glide_grid_1X70",-8.48632,-0.980474,-0.784096,-0,-1.82317,-36.4314,-21.3069,0.361637,-0.242602,-95.9674,-57.7383,3.7525
CN(C)C(=O)[C@@H](c1ccc(-c2ccc(=O)n(C)c2)cc1)[C@H](N)C(=O)N1CC[C@H](F)C1,"CHEMBL209162",174,Done,3.22,-4.37974,"glide_grid_1X70",-4.59574,-0.849122,-0.35328,-0,-1.39103,-33.1744,-5.56406,0.574483,-0.0834604,-46.0754,-38.7385,13.3302
CN(C)C(=O)[C@@H](c1ccc(-c2ccc(=O)n(C)c2)cc1)[C@H]([NH3+])C(=O)N1CC[C@H](F)C1,"CHEMBL209162",175,Done,3.57,-5.67292,"glide_grid_1X70",-6.37562,-0.710654,-0.595968,-0,-0.988131,-33.4394,-18.1532,0.571968,-0.257875,-76.0042,-51.5927,3.82526
Cc1nc2ccc(-c3ccc([C@H](C(=O)N(C)C)[C@H](N)C(=O)N4CC[C@H](F)C4)cc3)cn2n1,"CHEMBL209710",176,Done,3.27,-4.18062,"glide_grid_1X70",-4.40102,-0.825181,-0.26621,-0,-1.12127,-34.6208,-5.4049,0.518782,-0.165365,-45.5639,-40.0257,10.9489
Cc1nc2ccc(-c3ccc([C@H](C(=O)N(C)C)[C@H]([NH3+])C(=O)N4CC[C@H](F)C4)cc3)cn2n1,"CHEMBL209710",177,Done,3.03,-5.98613,"glide_grid_1X70",-6.69323,-0.810316,-0.267437,-0,-1.75869,-34.5327,-14.7632,0.361637,-0.277314,-76.1099,-49.2959,1.91177
CN(C)C(=O)[C@@H](c1ccc(-c2ccn3nccc3n2)cc1)[C@H](N)C(=O)N1CC[C@H](F)C1,"CHEMBL210459",178,Done,3.8,-5.51488,"glide_grid_1X70",-5.73088,-0.972366,-0.347884,-0,-1.3013,-32.3246,-12.8646,0.550258,-0.11368,-57.2332,-45.1891,11.9
CN(C)C(=O)[C@@H](c1ccc(-c2ccn3nccc3n2)cc1)[C@H]([NH3+])C(=O)N1CC[C@H](F)C1,"CHEMBL210459",179,Done,3.77,-7.69148,"glide_grid_1X70",-8.39418,-1.01774,-0.566731,-0,-1.9998,-35.407,-21.371,0.383531,-0.217437,-93.8419,-56.778,3.90058
Cc1cc(-c2ccc([C@H](C(=O)N(C)C)[C@H](N)C(=O)N3CC[C@H](F)C3)cc2)cn2ncnc12,"CHEMBL210621",180,Done,3.72,-4.45589,"glide_grid_1X70",-4.67339,-0.758961,-0.260766,-0,-1.35932,-34.8655,-5.92107,0.518782,-0.181684,-46.8373,-40.7866,10.5442
Cc1cc(-c2ccc([C@H](C(=O)N(C)C)[C@H]([NH3+])C(=O)N3CC[C@H](F)C3)cc2)cn2ncnc12,"CHEMBL210621",181,Done,4.17,-7.19385,"glide_grid_1X70",-7.89805,-0.985398,-0.563282,-0,-1.69825,-34.597,-20.2437,0.361637,-0.246348,-87.8613,-54.8407,3.09621
CN(C)C(=O)[C@@H](c1ccc(-c2ccn3ncnc3c2)cc1)[C@H](N)C(=O)N1CCC(F)(F)C1,"CHEMBL210829",182,Done,3.32,-6.88311,"glide_grid_1X70",-7.05691,-1.09066,-0.647113,-0,-1.6879,-38.0284,-14.1213,0.510377,-0.121984,-69.112,-52.1497,11.7687
CN(C)C(=O)[C@@H](c1ccc(-c2ccn3ncnc3c2)cc1)[C@H]([NH3+])C(=O)N1CCC(F)(F)C1,"CHEMBL210829",183,Done,3.71,-7.89042,"glide_grid_1X70",-8.70192,-0.896677,-0.799561,-0,-1.82608,-35.7076,-23.3922,0.355791,-0.241184,-98.4428,-59.0998,3.60713
CN(C)C(=O)[C@@H](c1ccc(-c2ccc3ncnn3c2)cc1)[C@H](N)C(=O)N1CC(F)C1,"CHEMBL210974",184,Done,3.36,-5.21235,"glide_grid_1X70",-5.41105,-0.814556,-0.624109,-0,-1.10252,-38.117,-9.75937,0.584699,-0.0848165,-56.6683,-47.8763,12.1582
CN(C)C(=O)[C@@H](c1ccc(-c2ccc3ncnn3c2)cc1)[C@H]([NH3+])C(=O)N1CC(F)C1,"CHEMBL210974",185,Done,4.44,-7.39451,"glide_grid_1X70",-8.13831,-0.659716,-0.739645,-0,-1.65639,-33.2011,-24.1082,0.407482,-0.213766,-92.7284,-57.3092,3.23412
CN(C)C(=O)[C@@H](c1ccc(-c2ccn3ncnc3c2)cc1)[C@H]([NH3+])C(=O)N1CC[C@H](F)C1,"CHEMBL210999",187,Done,4.2,-7.97569,"glide_grid_1X70",-8.67839,-0.962296,-0.790019,-0,-1.92351,-35.7927,-22.3531,0.383531,-0.243498,-96.3545,-58.1457,4.38863
C[C@H](c1nc(-c2ccc([N-]S(C)(=O)=O)cc2Cl)no1)[C@H](N)C(=O)N1CC[C@@H](F)C1,"CHEMBL218776",188,Done,5.7,-3.70987,"glide_grid_1X70",-3.97907,-0.290728,-0.304701,-0,-0.706182,-27.5713,-10.5657,0.505332,-0.219378,-47.4004,-38.1369,7.23925
C[C@H](c1nc(-c2ccc([N-]S(C)(=O)=O)cc2Cl)no1)[C@H]([NH3+])C(=O)N1CC[C@@H](F)C1,"CHEMBL218776",189,Done,5.35,-7.38692,"glide_grid_1X70",-8.26202,-1.44003,-0.562232,-0,-2.04973,-35.0021,-17.5749,0.352281,-0.175975,-88.0681,-52.577,8.27807
C[C@H](c1nc(-c2ccc(NS(C)(=O)=O)cc2Cl)no1)[C@H](N)C(=O)N1CC[C@@H](F)C1,"CHEMBL218776",190,Done,5.21,-1.87998,"glide_grid_1X70",-3.24058,-0.402695,-0.304,-0,-0.779408,-25.6691,-5.80178,0.503258,-0.104019,-39.8342,-31.4709,2.40811
C[C@H](c1nc(-c2ccc(NS(C)(=O)=O)cc2Cl)no1)[C@H]([NH3+])C(=O)N1CC[C@@H](F)C1,"CHEMBL218776",191,Done,5.05,-6.4484,"glide_grid_1X70",-8.4149,-0.989715,-0.456329,-0,-1.76396,-35.487,-21.6968,0.350839,-0.526877,-91.7497,-57.1837,8.78731
CC(C)C[C@H](c1nc(-c2ccc(S(C)(=O)=O)cc2Cl)no1)[C@H](N)C(=O)N1CC[C@H](F)C1,"CHEMBL219371",192,Done,6.95,-3.47786,"glide_grid_1X70",-3.70196,-0.975243,-0.118266,-0,-0.469323,-33.5743,-5.10999,0.452048,-0.145964,-46.2279,-38.6842,7.65319
CC(C)C[C@H](c1nc(-c2ccc(S(C)(=O)=O)cc2Cl)no1)[C@H]([NH3+])C(=O)N1CC[C@H](F)C1,"CHEMBL219371",193,Done,7.65,-8.05671,"glide_grid_1X70",-8.74131,-1.48797,-0.578435,-0,-1.58151,-38.2113,-21.7755,0.315206,-0.231714,-101.742,-59.9868,7.57754
Cc1cc(S(C)(=O)=O)ccc1-c1noc([C@@H](CC2CC2)[C@H](N)C(=O)N2CC[C@H](F)C2)n1,"CHEMBL219434",194,Done,5.58,-4.23403,"glide_grid_1X70",-4.45813,-0.901883,-0.305535,-0,-1.28187,-37.7902,-2.46684,0.592675,-0.301981,-48.7724,-40.2571,11.1824
Cc1cc(S(C)(=O)=O)ccc1-c1noc([C@@H](CC2CC2)[C@H]([NH3+])C(=O)N2CC[C@H](F)C2)n1,"CHEMBL219434",195,Done,6.61,-8.03176,"glide_grid_1X70",-8.71636,-1.51056,-0.532278,-0,-1.77318,-38.3437,-21.1306,0.41319,-0.22675,-102.654,-59.4743,5.29956
CS(=O)(=O)c1ccc(-c2noc([C@@H](CCO)[C@H](N)C(=O)N3CC[C@H](F)C3)n2)c(Cl)c1,"CHEMBL220357",196,Done,7.04,-6.83324,"glide_grid_1X70",-6.99494,-1.50277,-0.309867,-0,-1.45901,-39.5016,-14.7347,0.568606,-0.106619,-74.4844,-54.2363,10.4317
CS(=O)(=O)c1ccc(-c2noc([C@@H](CCO)[C@H]([NH3+])C(=O)N3CC[C@H](F)C3)n2)c(Cl)c1,"CHEMBL220357",197,Done,7.09,-8.73581,"glide_grid_1X70",-9.58441,-1.48654,-0.791543,-0,-1.61219,-37.1075,-26.7743,0.396443,-0.235208,-111.574,-63.8818,11.4101
[NH3+][C@H]1CN(c2ccc3nnc(C(F)(F)F)n3n2)CC[C@@H]1c1cc(F)c(F)cc1F,"CHEMBL228311",199,Done,2.68,-8.41744,"glide_grid_1X70",-8.42444,-0.810887,-0.567306,-0,-2.34912,-35.2791,-19.0907,0.158871,-0.228434,-90.6827,-54.3699,0.323343
N[C@H]1CN(c2ccc3nnc(C(F)(F)F)n3n2)CC[C@@H]1c1cc(F)c(F)cc1F,"CHEMBL228311",200,Done,2.58,-3.48029,"glide_grid_1X70",-6.11399,-1.11862,-0.373427,-0,-2.08207,-36.6954,-5.01214,0.227952,-0.18123,-55.0103,-41.7075,3.02036
[NH3+][C@H]1CN(c2ccc3nnc(-c4ccc(F)cc4)n3n2)CC[C@@H]1c1cc(F)c(F)cc1F,"CHEMBL228312",201,Done,2.81,-8.38334,"glide_grid_1X70",-8.39034,-0.993943,-0.525892,-0,-2.13059,-36.8882,-19.4163,0.213518,-0.196565,-91.6048,-56.3045,0.477211
N[C@H]1CN(c2ccc3nnc(-c4ccc(F)cc4)n3n2)CC[C@@H]1c1cc(F)c(F)cc1F,"CHEMBL228312",202,Done,2.87,-2.94594,"glide_grid_1X70",-5.57964,-0.921096,-0.408887,-0,-1.49357,-36.63,-7.50902,0.306289,-0.104519,-56.3593,-44.139,0.489325
Cc1ccc(F)cc1C[C@@H]([NH3+])CC(=O)N1CCC[C@H]1C(=O)NCc1ccc(O[C@H](C(=O)[O-])C(C)C)cc1,"CHEMBL230839",203,Done,16.67,-8.7398,"glide_grid_1X70",-8.7495,-1.71921,-0.828034,-0,-1.61582,-40.4716,-19.7284,0.598611,-0.2022,-97.2164,-60.2,23.0943
[NH3+][C@H]1CN(c2ccc3nc(C(F)(F)F)nn3n2)CC[C@@H]1c1cc(F)c(F)cc1F,"CHEMBL231293",205,Done,2.59,-8.36339,"glide_grid_1X70",-8.37039,-1.19099,-0.650486,-0,-2.43517,-36.5458,-14.7819,0.158871,-0.208044,-86.7859,-51.3277,1.1945
N[C@H]1CN(c2ccc3nc(C(F)(F)F)nn3n2)CC[C@@H]1c1cc(F)c(F)cc1F,"CHEMBL231293",206,Done,2.27,-3.11473,"glide_grid_1X70",-5.74843,-0.896345,-0.399779,-0,-1.5935,-35.844,-7.76812,0.227952,-0.129342,-57.2371,-43.6121,0.529604
[NH3+][C@H]1CN(c2ccc3ncnc(C4CC4)c3n2)CC[C@@H]1c1cc(F)c(F)cc1F,"CHEMBL231295",207,Done,2.48,-8.46391,"glide_grid_1X70",-8.47131,-1.15242,-0.483859,-0,-2.27942,-37.0194,-18.7424,0.256764,-0.150052,-89.7639,-55.7618,0.479361
Cc1nc2ccc(N3CC[C@H](c4cc(F)c(F)cc4F)[C@@H]([NH3+])C3)nc2c(=O)[nH]1,"CHEMBL231395",209,Done,2.15,-7.97516,"glide_grid_1X70",-8.13576,-0.923362,-0.569624,-0,-2.21371,-37.3469,-17.1984,0.179172,-0.161132,-86.5758,-54.5452,0.89216
Cc1nc2ccc(N3CC[C@H](c4cc(F)c(F)cc4F)[C@@H]([NH3+])C3)nc2c(=O)[n-]1,"CHEMBL231395",210,Done,2.02,-6.98936,"glide_grid_1X70",-8.18546,-1.08709,-0.542118,-0,-2.38681,-34.4741,-16.518,0.180005,-0.148057,-80.9608,-50.992,0.695111
Cc1nc(=O)c2nc(N3CC[C@H](c4cc(F)c(F)cc4F)[C@@H]([NH3+])C3)ccc2[nH]1,"CHEMBL231395",211,Done,2.15,-7.60739,"glide_grid_1X70",-9.02209,-1.16995,-0.469461,-0,-2.41934,-38.4164,-20.4679,0.179172,-0.151505,-93.7003,-58.8843,0.67882
Cc1nc2ccc(N3CC[C@H](c4cc(F)c(F)cc4F)[C@@H](N)C3)nc2c(=O)[nH]1,"CHEMBL231395",212,Done,2.11,-3.0485,"glide_grid_1X70",-5.7746,-1.13161,-0.591189,-0,-1.77152,-35.8244,-4.60688,0.257151,-0.055181,-52.4294,-40.4313,0.345058
Cc1cc(=O)n2nc(N3CC[C@H](c4cc(F)c(F)cc4F)[C@@H]([NH3+])C3)ccc2n1,"CHEMBL231397",213,Done,2,-8.84535,"glide_grid_1X70",-8.85235,-0.999895,-0.527968,-0,-2.50746,-39.4234,-19.1937,0.179172,-0.145974,-91.9012,-58.6172,0.562219
Cc1cc(=O)n2nc(N3CC[C@H](c4cc(F)c(F)cc4F)[C@@H](N)C3)ccc2n1,"CHEMBL231397",214,Done,1.94,-3.3883,"glide_grid_1X70",-6.022,-0.964506,-0.401628,-0,-1.82637,-39.0119,-7.174,0.257151,-0.0599503,-58.8587,-46.1859,0.344517
CCCC[C@@H]1CN(c2cc(C(F)(F)F)cc(C(F)(F)F)c2)CC[C@H]1[NH3+],"CHEMBL234043",215,Done,5.78,-6.55096,"glide_grid_1X70",-6.56186,-0.857322,-0.318399,-0,-2.23038,-22.0339,-14.5541,0.296764,-0.167714,-57.1544,-36.588,4.90725
CCCC[C@@H]1CN(c2cc(C(F)(F)F)cc(C(F)(F)F)c2)CC[C@H]1N,"CHEMBL234043",216,Done,6.17,-2.0706,"glide_grid_1X70",-4.4438,-1.01054,-0.289506,-0,-1.61119,-22.9399,-5.06605,0.426024,-0.0516826,-33.8554,-28.006,4.79426
CCOC(=O)CNC(=O)c1ccc(OP(=O)(Oc2ccc(C(=O)NCC(=O)OCC)cc2)[C@@H]2CCCN2C(=O)[C@@H]2CCC[NH2+]2)cc1,"CHEMBL235766",217,Done,20.25,-6.1754,"glide_grid_1X70",-6.324,-0.586112,-0.899987,-0,-0.22289,-40.642,-19.3536,0.675071,-0.354949,-88.1513,-59.9956,12.4966
CC(=O)Nc1ccc(OP(=O)(Oc2ccc(NC(C)=O)cc2)[C@@H]2CCCN2C(=O)[C@@H]([NH3+])CCCC[NH3+])cc1,"CHEMBL236781",219,Done,14.84,-7.27281,"glide_grid_1X70",-7.66561,-0.46634,-0.951252,-0,-0.880743,-33.6464,-28.5403,0.580362,-0.265321,-99.4723,-62.1867,15.7241
CC(=O)Nc1ccc(OP(=O)(Oc2ccc(NC(C)=O)cc2)[C@@H]2CCCN2C(=O)[C@@H](N)CCCC[NH3+])cc1,"CHEMBL236781",220,Done,14.36,-6.10099,"glide_grid_1X70",-6.53309,-0.484396,-0.742505,-0,-0.876979,-35.0125,-20.9376,0.582339,-0.120286,-78.412,-55.9501,17.2225
CC#CCn1c(N2CCC[C@@H]([NH3+])C2)nc2c1c(=O)n(CC(=O)c1ccccc1OCC(=O)NC)c(=O)n2C,"CHEMBL237289",221,Done,8.83,-7.02388,"glide_grid_1X70",-7.02638,0,-1.09167,-0,-0.623882,-29.5397,-26.0151,0.474422,-0.40599,-87.8733,-55.5549,5.55719
CC(=O)Nc1ccc(OP(=O)(Oc2ccc(NC(C)=O)cc2)[C@@H]2CCCN2C(=O)[C@H](CCCC[NH3+])NC(=O)OCc2ccccc2)cc1,"CHEMBL238114",222,Done,24.38,-3.14616,"glide_grid_1X70",-3.14756,-0.527379,-0.560119,-0,2.54154,-35.6902,-20.2256,0.399706,-0.182962,-53.7419,-55.9158,22.7032
CN(C)C(=O)[C@@H](c1ccc(NS(=O)(=O)c2ccccc2)cc1)[C@H]([NH3+])C(=O)N1CC[C@H](F)C1,"CHEMBL245772",224,Done,6.97,-4.33625,"glide_grid_1X70",-5.16785,-0.698391,-0.462069,-0,-0.152603,-30.3418,-18.179,0.65651,-0.267354,-59.5531,-48.5208,18.0343
CN(C)C(=O)[C@@H](c1ccc([N-]S(=O)(=O)c2ccccc2)cc1)[C@H](N)C(=O)N1CC[C@H](F)C1,"CHEMBL245772",225,Done,6.2,-3.30789,"glide_grid_1X70",-4.96689,-1.55255,-0.302198,-0,-1.09079,-39.7889,-3.80902,0.661744,-0.122301,-55.1008,-43.598,7.73415
CN(C)C(=O)[C@@H](c1ccc([N-]S(=O)(=O)c2ccccc2)cc1)[C@H]([NH3+])C(=O)N1CC[C@H](F)C1,"CHEMBL245772",226,Done,5.25,-3.12151,"glide_grid_1X70",-5.16691,-1.03729,-0.432199,-0,-0.489562,-31.5786,-13.8905,0.659119,-0.20447,-65.5288,-45.4691,1.66231
CN(C)C(=O)[C@@H](c1ccc(N(C)C(=O)c2ccc(F)cc2)cc1)[C@H](N)C(=O)N1CC[C@H](F)C1,"CHEMBL245969",227,Done,5.13,-2.64104,"glide_grid_1X70",-2.85704,-0.385456,-0.483435,-0,-0.2088,-30.584,-5.3785,0.66973,-0.113103,-41.035,-35.9625,5.41433
CN(C)C(=O)[C@@H](c1ccc(N(C)C(=O)c2ccc(F)cc2)cc1)[C@H]([NH3+])C(=O)N1CC[C@H](F)C1,"CHEMBL245969",228,Done,4.68,-5.2567,"glide_grid_1X70",-5.9594,-0.805093,-0.387957,-0,-1.18966,-28.1897,-15.9577,0.46694,-0.240487,-62.3179,-44.1475,4.30172
CN(C)C(=O)[C@@H]([C@H]1CC[C@H](NS(=O)(=O)c2ccc(F)cc2F)CC1)[C@H](N)C(=O)N1CC[C@H](F)C1,"CHEMBL246170",229,Done,6.03,-3.30781,"glide_grid_1X70",-3.67701,-0.729026,-0.487203,-0,-0.192689,-33.4689,-6.83147,0.562213,-0.132142,-48.8959,-40.3003,2.94351
CN(C)C(=O)[C@@H]([C@H]1CC[C@H](NS(=O)(=O)c2ccc(F)cc2F)CC1)[C@H]([NH3+])C(=O)N1CC[C@H](F)C1,"CHEMBL246170",230,Done,6.64,-4.59841,"glide_grid_1X70",-5.05371,-0.822278,-0.574692,-0,0.351418,-27.5014,-19.8286,0.560158,-0.218954,-58.8127,-47.33,21.8762
C[C@@H]([C@H]1CC[C@H](NS(=O)(=O)c2ccc(OC(F)(F)F)cc2)CC1)[C@H]([NH3+])C(=O)N1CC[C@H](F)C1,"CHEMBL246373",231,Done,7.98,-6.21381,"glide_grid_1X70",-6.45881,-1.11504,-0.466246,-0,-1.32461,-31.7239,-14.7218,0.405292,-0.163751,-69.2531,-46.4457,9.35958
C[C@@H]([C@H]1CC[C@H](NS(=O)(=O)c2ccc(OC(F)(F)F)cc2)CC1)[C@H](N)C(=O)N1CC[C@H](F)C1,"CHEMBL246373",232,Done,7.44,-3.71164,"glide_grid_1X70",-4.35324,-1.24793,-0.305356,-0,-0.685557,-34.7531,-6.09631,0.581148,-0.0434493,-42.0487,-40.8494,19.3349
CN(C)C(=O)[C@@H]([C@H]1CC[C@H](N(C)C(=O)c2cccc(F)c2)CC1)[C@H](N)C(=O)N1CC[C@H](F)C1,"CHEMBL246374",233,Done,6.3,-4.36919,"glide_grid_1X70",-4.74029,-0.692754,-0.624224,-0,-0.91803,-32.4425,-9.73841,0.653931,-0.0763308,-39.9921,-42.1809,29.8277
CN(C)C(=O)[C@@H]([C@H]1CC[C@H](N(C)C(=O)c2cccc(F)c2)CC1)[C@H]([NH3+])C(=O)N1CC[C@H](F)C1,"CHEMBL246374",234,Done,5.85,-4.3994,"glide_grid_1X70",-4.8525,-0.424897,-0.366501,-0,-0.829993,-29.3874,-13.1597,0.455946,-0.24373,-54.1438,-42.5471,21.0073
Cn1c(C(F)(F)F)nc2c1CCN(C(=O)C[C@H]([NH3+])Cc1cc(F)c(F)cc1F)[C@H]2Cc1ccccc1,"CHEMBL250284",235,Done,6.75,-9.01483,"glide_grid_1X70",-9.02663,-1.30313,-0.80732,-0,-1.82582,-41.0755,-21.3248,0.329003,-0.166876,-104.595,-62.4003,7.8128
Cn1c(C(F)(F)F)nc2c1CCN(C(=O)C[C@H](N)Cc1cc(F)c(F)cc1F)[C@H]2Cc1ccccc1,"CHEMBL250284",236,Done,5.51,-2.07467,"glide_grid_1X70",-4.40327,-1.26876,-0.304,-0,-0.67876,-33.5802,-5.05146,0.47171,-0.186726,-46.6236,-38.6317,9.78737
Cn1c(C(F)(F)F)nc2c1CCN(C(=O)C[C@H]([NH3+])Cc1cc(F)c(F)cc1F)[C@H]2Cc1ccc(F)cc1,"CHEMBL250285",237,Done,5.82,-8.72144,"glide_grid_1X70",-8.73324,-1.48626,-0.692594,-0,-1.47486,-37.8655,-21.447,0.308741,-0.277933,-100.041,-59.3125,7.13822
Cn1c(C(F)(F)F)nc2c1CCN(C(=O)C[C@H](N)Cc1cc(F)c(F)cc1F)[C@H]2Cc1ccc(F)cc1,"CHEMBL250285",238,Done,5.53,-3.31183,"glide_grid_1X70",-5.64043,-1.07455,-0.576,-0,-0.609698,-29.839,-14.0256,0.442609,-0.227001,-57.678,-43.8646,6.03337
[NH3+][C@@H](CC(=O)N1CCn2nc(C(F)(F)F)nc2[C@H]1Cc1ccc(C(F)(F)F)cc1)Cc1cc(F)c(F)cc1F,"CHEMBL250999",239,Done,8.2,-8.91131,"glide_grid_1X70",-8.92351,-1.44106,-0.77305,-0,-1.75136,-36.7833,-19.5174,0.212212,-0.403466,-91.9117,-56.3007,15.2761
N[C@@H](CC(=O)N1CCn2nc(C(F)(F)F)nc2[C@H]1Cc1ccc(C(F)(F)F)cc1)Cc1cc(F)c(F)cc1F,"CHEMBL250999",240,Done,9.96,-3.99805,"glide_grid_1X70",-6.30325,-1.41535,-0.304,-0,-1.1722,-44.345,-8.57086,0.305474,-0.214281,-68.5138,-52.9159,7.84752
C[C@H](c1nc(-c2ccc(C(F)(F)F)cc2Cl)no1)[C@H](N)C(F)=C1CCCC1,"CHEMBL255351",241,Done,3.77,-5.0961,"glide_grid_1X70",-5.3609,-1.66385,-0.268587,-0,-1.30155,-31.7329,-5.97222,0.481725,-0.126157,-47.4027,-37.7051,6.55164
C[C@H](c1nc(-c2ccc(C(F)(F)F)cc2Cl)no1)[C@H]([NH3+])C(F)=C1CCCC1,"CHEMBL255351",242,Done,4.8,-7.32484,"glide_grid_1X70",-7.92954,-1.68018,-0.404273,-0,-2.05967,-30.1892,-16.0925,0.335696,-0.197772,-79.8792,-46.2818,4.47596
CS(=O)(=O)c1ccc(-c2noc([C@H](CCO)[C@H](N)C(F)=C3CCCC3)n2)c(Cl)c1,"CHEMBL255591",243,Done,5.99,-4.99796,"glide_grid_1X70",-5.21966,-1.1807,-0.255541,-0,-0.869883,-33.7333,-11.2161,0.608802,-0.153258,-58.6429,-44.9494,7.29122
CS(=O)(=O)c1ccc(-c2noc([C@H](CCO)[C@H]([NH3+])C(F)=C3CCCC3)n2)c(Cl)c1,"CHEMBL255591",244,Done,6.07,-7.60579,"glide_grid_1X70",-8.29569,-0.962247,-0.41583,-0,-1.28261,-35.0043,-25.751,0.42441,-0.446558,-98.9433,-60.7552,7.9804
C[C@H](c1nc(-c2ccc([N-]S(C)(=O)=O)cc2Cl)no1)[C@H](N)C(F)=C1CCCC1,"CHEMBL256172",245,Done,3.53,-4.14449,"glide_grid_1X70",-4.49639,-1.02832,-0.271367,-0,-0.727457,-30.9338,-8.82655,0.5423,-0.140876,-50.0402,-39.7603,7.06574
C[C@H](c1nc(-c2ccc([N-]S(C)(=O)=O)cc2Cl)no1)[C@H]([NH3+])C(F)=C1CCCC1,"CHEMBL256172",246,Done,6.06,-7.3095,"glide_grid_1X70",-8.0014,-1.44607,-0.479964,-0,-1.58314,-32.5056,-19.9749,0.377996,-0.248699,-87.1464,-52.4805,7.64904
C[C@H](c1nc(-c2ccc(NS(C)(=O)=O)cc2Cl)no1)[C@H](N)C(F)=C1CCCC1,"CHEMBL256172",247,Done,3.54,-4.17541,"glide_grid_1X70",-5.61871,-1.09544,-0.201191,-0,-0.920602,-34.5475,-12.518,0.539994,-0.336392,-58.6565,-47.0655,8.24117
C[C@H](c1nc(-c2ccc(NS(C)(=O)=O)cc2Cl)no1)[C@H]([NH3+])C(F)=C1CCCC1,"CHEMBL256172",248,Done,4.91,-6.22967,"glide_grid_1X70",-8.01297,-1.33372,-0.589286,-0,-1.66961,-34.8047,-19.0739,0.376393,-0.195419,-87.3687,-53.8786,7.76167
C[C@H](c1nc(-c2ccc(Br)cc2Cl)no1)[C@H](N)C(F)=C1CCCC1,"CHEMBL256603",249,Done,2.5,-4.59261,"glide_grid_1X70",-4.85741,-1.73852,-0.278342,-0,-0.829976,-30.4709,-5.60323,0.459133,-0.105676,-45.8421,-36.0742,3.70922
C[C@H](c1nc(-c2ccc(Br)cc2Cl)no1)[C@H]([NH3+])C(F)=C1CCCC1,"CHEMBL256603",250,Done,3.55,-7.03006,"glide_grid_1X70",-7.63476,-1.37646,-0.712312,-0,-1.52761,-30.0897,-17.7185,0.319988,-0.176107,-79.9209,-47.8082,2.28817
C[C@H](c1nc(-c2ccc(S(C)(=O)=O)cc2Cl)no1)[C@H](N)C(F)=C1CCCC1,"CHEMBL257023",251,Done,2.74,-5.0797,"glide_grid_1X70",-5.3445,-1.18805,-0.2033,-0,-1.00806,-32.4311,-9.84402,0.460746,-0.307679,-50.5837,-42.2751,12.4515
C[C@H](c1nc(-c2ccc(S(C)(=O)=O)cc2Cl)no1)[C@H]([NH3+])C(F)=C1CCCC1,"CHEMBL257023",252,Done,3.33,-7.70621,"glide_grid_1X70",-8.31091,-1.44742,-0.574199,-0,-1.69045,-30.9424,-20.8279,0.321109,-0.248639,-89.4344,-51.7703,1.84449
C[C@@H](c1ccc(-c2cccc(NS(C)(=O)=O)c2)cc1)[C@H](N)C(=O)N1CC[C@H](F)C1,"CHEMBL263326",253,Done,5.69,-4.40025,"glide_grid_1X70",-4.83465,-1.17241,-0.19938,-0,-1.27755,-34.4032,-6.17548,0.562073,-0.100905,-53.7464,-40.5787,3.16464
C[C@@H](c1ccc(-c2cccc(NS(C)(=O)=O)c2)cc1)[C@H]([NH3+])C(=O)N1CC[C@H](F)C1,"CHEMBL263326",254,Done,5.76,-7.55772,"glide_grid_1X70",-8.03422,-0.98214,-0.321995,-0,-2.03774,-35.3668,-19.7238,0.391748,-0.357185,-90.2927,-55.0906,3.49031
C[C@@H](c1ccc(-c2cccc([N-]S(C)(=O)=O)c2)cc1)[C@H](N)C(=O)N1CC[C@H](F)C1,"CHEMBL263326",255,Done,5.22,-1.79493,"glide_grid_1X70",-3.74223,-0.743199,-0.295364,-0,-1.09014,-25.9491,-4.98512,0.564522,-0.132833,-37.8621,-30.9342,7.37249
C[C@@H](c1ccc(-c2cccc([N-]S(C)(=O)=O)c2)cc1)[C@H]([NH3+])C(=O)N1CC[C@H](F)C1,"CHEMBL263326",256,Done,6.28,-5.78474,"glide_grid_1X70",-7.77414,-0.952659,-0.290219,-0,-2.03582,-33.3762,-19.075,0.393451,-0.358831,-85.146,-52.4512,6.69109
CS(=O)(=O)Nc1cccc(NC(=O)CN2CCN(C(=O)C[C@H]([NH3+])Cc3ccc(F)c(F)c3)[C@@H](Cc3ccccc3)C2)c1,"CHEMBL263946",257,Done,11.95,-4.76366,"glide_grid_1X70",-5.04406,-0.484086,-0.384032,-0,-0.786092,-28.8276,-13.4755,0.366133,-0.293279,-66.4039,-42.3031,13.8289
CS(=O)(=O)Nc1cccc(NC(=O)C[N@@H+]2CCN(C(=O)C[C@H]([NH3+])Cc3ccc(F)c(F)c3)[C@@H](Cc3ccccc3)C2)c1,"CHEMBL263946",258,Done,11.15,-4.90186,"glide_grid_1X70",-5.75406,-0.180991,-0.510233,-0,-0.222452,-26.6335,-24.2703,0.520251,-0.38842,-83.0061,-50.9037,7.17529
CS(=O)(=O)[N-]c1cccc(NC(=O)CN2CCN(C(=O)C[C@H]([NH3+])Cc3ccc(F)c(F)c3)[C@@H](Cc3ccccc3)C2)c1,"CHEMBL263946",259,Done,12.33,-5.92198,"glide_grid_1X70",-7.39938,-1.68048,-0.503352,-0,-1.26378,-45.5367,-12.2915,0.368101,-0.199305,-85.2436,-57.8282,15.342
CS(=O)(=O)[N-]c1cccc(NC(=O)C[N@@H+]2CCN(C(=O)C[C@H]([NH3+])Cc3ccc(F)c(F)c3)[C@@H](Cc3ccccc3)C2)c1,"CHEMBL263946",260,Done,12.01,-6.79286,"glide_grid_1X70",-8.70746,-1.3218,-0.543784,-0,-1.22738,-37.231,-26.1485,0.366133,-0.196804,-98.9572,-63.3795,22.0281
CC(=O)Nc1ccc(OP(=O)(Oc2ccc(NC(C)=O)cc2)[C@@H]2CCCN2C(=O)[C@@H]2CCC[NH2+]2)cc1,"CHEMBL265344",261,Done,7.97,-4.38263,"glide_grid_1X70",-4.53123,-0.198597,-0.646952,-0,-0.21843,-35.2613,-14.3585,0.694901,-0.245321,-66.3692,-49.6197,6.9294
C[C@H]([NH3+])C(=O)Nc1ccc(O[P@@](=O)(Oc2ccc(NC(=O)[C@@H](C)N)cc2)[C@@H]2CCCN2C(=O)[C@@H]2CCC[NH2+]2)cc1,"CHEMBL269209",267,Done,11.96,-6.58898,"glide_grid_1X70",-7.14848,-0.00267818,-1.2765,-0,-0.487971,-29.9633,-29.8386,0.42065,-0.303811,-91.4482,-59.8018,6.03955
C[C@H](N)C(=O)Nc1ccc(OP(=O)(Oc2ccc(NC(=O)[C@@H](C)N)cc2)[C@@H]2CCCN2C(=O)[C@@H]2CCC[NH2+]2)cc1,"CHEMBL269209",268,Done,10.37,-4.4427,"glide_grid_1X70",-5.3895,-0.00726447,-0.971951,-0,0.0412732,-34.3783,-20.3953,0.604163,-0.277514,-68.1017,-54.7736,13.2156
C[C@H]([NH3+])C(=O)Nc1ccc(OP(=O)(Oc2ccc(NC(=O)[C@@H](C)[NH3+])cc2)[C@@H]2CCCN2C(=O)[C@@H]2CCC[NH2+]2)cc1,"CHEMBL269209",269,Done,12.95,-6.25891,"glide_grid_1X70",-7.25241,-0.0772953,-1.27612,-0,-0.38741,-29.9773,-39.4901,0.418398,-0.43112,-106.828,-69.4674,15.2174
C[C@H]([NH3+])C(=O)Nc1ccc(O[P@@](=O)(Oc2ccc(NC(=O)[C@@H](C)N)cc2)[C@@H]2CCCN2C(=O)[C@@H]2CCCN2)cc1,"CHEMBL269209",270,Done,13.44,-5.85303,"glide_grid_1X70",-7.15633,-0.265101,-0.89557,-0,-0.365876,-34.3026,-26.6472,0.422914,-0.340487,-89.8718,-60.9498,15.1459
C[C@H](N)C(=O)Nc1ccc(OP(=O)(Oc2ccc(NC(=O)[C@@H](C)N)cc2)[C@@H]2CCCN2C(=O)[C@@H]2CCCN2)cc1,"CHEMBL269209",271,Done,14.53,-4.01562,"glide_grid_1X70",-5.70622,-0.0290317,-1.51427,-0,0.273805,-34.4522,-20.5342,0.607416,-0.241397,-70.7095,-54.9864,6.91121
C[C@H]([NH3+])C(=O)Nc1ccc(OP(=O)(Oc2ccc(NC(=O)[C@@H](C)[NH3+])cc2)[C@@H]2CCCN2C(=O)[C@@H]2CCCN2)cc1,"CHEMBL269209",272,Done,13.2,-5.71043,"glide_grid_1X70",-7.44773,-0.0557608,-1.26804,-0,-0.538778,-31.8579,-32.9547,0.42065,-0.412906,-107.022,-64.8125,11.1079
CCOC(=O)CNC(=O)c1ccc(OP(=O)(Oc2ccc(C(=O)NCC(=O)OCC)cc2)[C@@H]2CCCN2C(=O)[C@@H]2CCC[NH2+]2)cc1,"CHEMBL274829",276,Done,19.99,-6.1754,"glide_grid_1X70",-6.324,-0.586112,-0.899987,-0,-0.22289,-40.642,-19.3536,0.675071,-0.354949,-88.1513,-59.9956,12.4966
[NH3+][C@H]1CCCCNC(=O)CNC(=O)CNC(=O)c2cc(ccc2COc2ccccc2)NC(=O)[C@@H]2CCCN2C1=O,"CHEMBL305759",282,Done,2.38,-3.51416,"glide_grid_1X70",-3.79526,-1.74249,-0.0966133,-0,-0.401948,-32.6506,1.35149,0.109786,-0.234189,-33.6509,-31.2991,12.2634
N[C@H](C(=O)N1CC[C@H](F)C1)[C@@H](Cn1cnnn1)c1ccc(-c2ccc(F)cc2)cc1,"CHEMBL359581",285,Done,3.96,-5.12596,"glide_grid_1X70",-5.28896,-1.17812,-0.24002,-0,-1.40561,-40.2171,-6.61939,0.695539,-0.156985,-62.2094,-46.8365,5.43565
[NH3+][C@H](C(=O)N1CC[C@H](F)C1)[C@@H](Cn1cnnn1)c1ccc(-c2ccc(F)cc2)cc1,"CHEMBL359581",286,Done,4.2,-7.05487,"glide_grid_1X70",-7.89927,-1.12926,-0.279792,-0,-1.98645,-38.93,-16.8515,0.484737,-0.514294,-91.0935,-55.7815,5.37448
CS(=O)(=O)Nc1cccc(NC(=O)CN2CCN(C(=O)C[C@H]([NH3+])Cc3ccc(F)c(F)c3)[C@@H](Cc3ccccc3)C2)c1,"CHEMBL360167",287,Done,11.62,-4.76366,"glide_grid_1X70",-5.04406,-0.484086,-0.384032,-0,-0.786092,-28.8276,-13.4755,0.366133,-0.293279,-66.4039,-42.3031,13.8289
CS(=O)(=O)Nc1cccc(NC(=O)C[N@@H+]2CCN(C(=O)C[C@H]([NH3+])Cc3ccc(F)c(F)c3)[C@@H](Cc3ccccc3)C2)c1,"CHEMBL360167",288,Done,11,-4.90186,"glide_grid_1X70",-5.75406,-0.180991,-0.510233,-0,-0.222452,-26.6335,-24.2703,0.520251,-0.38842,-83.0061,-50.9037,7.17529
CS(=O)(=O)[N-]c1cccc(NC(=O)CN2CCN(C(=O)C[C@H]([NH3+])Cc3ccc(F)c(F)c3)[C@@H](Cc3ccccc3)C2)c1,"CHEMBL360167",289,Done,12.25,-5.92198,"glide_grid_1X70",-7.39938,-1.68048,-0.503352,-0,-1.26378,-45.5367,-12.2915,0.368101,-0.199305,-85.2436,-57.8282,15.342
CS(=O)(=O)[N-]c1cccc(NC(=O)C[N@@H+]2CCN(C(=O)C[C@H]([NH3+])Cc3ccc(F)c(F)c3)[C@@H](Cc3ccccc3)C2)c1,"CHEMBL360167",290,Done,11.94,-6.79286,"glide_grid_1X70",-8.70746,-1.3218,-0.543784,-0,-1.22738,-37.231,-26.1485,0.366133,-0.196804,-98.9572,-63.3795,22.0281
CS(=O)(=O)Nc1cccc(NC(=O)CN2CCN(C(=O)C[C@H]([NH3+])Cc3ccc(F)c(F)c3)[C@H](Cc3ccccc3)C2)c1,"CHEMBL360425",291,Done,10.96,-5.42768,"glide_grid_1X70",-5.70808,-0.558357,-0.390101,-0,-0.520469,-33.1783,-17.5187,0.366133,-0.318569,-78.6065,-50.697,3.80066
CS(=O)(=O)Nc1cccc(NC(=O)C[N@H+]2CCN(C(=O)C[C@H]([NH3+])Cc3ccc(F)c(F)c3)[C@H](Cc3ccccc3)C2)c1,"CHEMBL360425",292,Done,12.5,-9.71823,"glide_grid_1X70",-10.5704,-1.35282,-1.00363,-0,-1.65688,-50.2467,-32.8658,0.364176,-0.408948,-141.412,-83.1126,17.8723
CS(=O)(=O)[N-]c1cccc(NC(=O)CN2CCN(C(=O)C[C@H]([NH3+])Cc3ccc(F)c(F)c3)[C@H](Cc3ccccc3)C2)c1,"CHEMBL360425",293,Done,11.3,-1.51567,"glide_grid_1X70",-2.99307,-0.381573,-0.387607,-0,1.05946,-34.5788,-12.3763,0.525858,-0.223823,-52.5622,-46.9551,14.0263
[NH3+][C@H](CC(=O)N1CCC[C@H]1C(=O)NCCCCc1cnc[nH]1)Cc1ccccc1F,"CHEMBL361263",295,Done,26.41,-8.02419,"glide_grid_1X70",-8.59849,-1.27071,-1.01187,-0,-1.97778,-35.638,-20.5667,0.797179,-0.268406,-90.3536,-56.2047,19.5103
[NH3+][C@H](CC(=O)N1CCC[C@H]1C(=O)NCCCCc1c[nH]c[nH+]1)Cc1ccccc1F,"CHEMBL361263",296,Done,28.63,-8.20465,"glide_grid_1X70",-8.89725,-1.37394,-0.646053,-0,-1.77872,-35.2868,-25.3149,0.793705,-0.330661,-99.021,-60.6017,14.0692
[NH3+][C@H](CC(=O)N1CCC[C@H]1C(=O)NCCCCc1c[nH]cn1)Cc1ccccc1F,"CHEMBL361263",297,Done,24.05,-7.56164,"glide_grid_1X70",-8.28694,-0.883228,-1.16228,-0,-1.43605,-33.3477,-24.1478,0.797179,-0.313006,-94.6912,-57.4954,11.9478
CS(=O)(=O)Nc1cccc(NC(=O)CN2CCN(C(=O)C[C@@H]([NH3+])Cc3ccccc3F)[C@@H](Cc3ccccc3)C2)c1,"CHEMBL362538",298,Done,9.82,-6.49645,"glide_grid_1X70",-6.77685,-0.848564,-0.597556,-0,-0.79847,-38.2935,-17.2032,0.402894,-0.439989,-78.8922,-55.4968,19.7244
CS(=O)(=O)Nc1cccc(NC(=O)C[N@H+]2CCN(C(=O)C[C@@H]([NH3+])Cc3ccccc3F)[C@@H](Cc3ccccc3)C2)c1,"CHEMBL362538",299,Done,10.03,-4.26813,"glide_grid_1X70",-5.12033,-0.434948,-0.231263,-0,-0.684831,-28.3717,-17.0663,0.40074,-0.191498,-62.5292,-45.438,11.276
CS(=O)(=O)[N-]c1cccc(NC(=O)C[N@H+]2CCN(C(=O)C[C@@H]([NH3+])Cc3ccccc3F)[C@@H](Cc3ccccc3)C2)c1,"CHEMBL362538",301,Done,13.98,-3.04913,"glide_grid_1X70",-4.96373,-0.202041,-0.530485,-0,0.540912,-28.6181,-23.4768,0.402894,-0.222591,-63.6258,-52.0949,20.1429
CN(C)C(=O)[C@@H](c1ccc(-c2ccc(F)cc2)cc1)[C@H](N)C(=O)N1CC(F)C1,"CHEMBL363115",302,Done,3.88,-4.29766,"glide_grid_1X70",-4.49636,-0.770921,-0.237339,-0,-1.15738,-36.7458,-6.69636,0.648701,-0.137678,-48.6461,-43.4422,11.2899
CN(C)C(=O)[C@@H](c1ccc(-c2ccc(F)cc2)cc1)[C@H]([NH3+])C(=O)N1CC(F)C1,"CHEMBL363115",303,Done,5.02,-3.43589,"glide_grid_1X70",-4.17969,-0.906394,-0.314338,-0,0.639836,-33.6216,-15.3463,0.645683,-0.261451,-57.5885,-48.9679,4.26285
CCOC(=O)c1ccc(-c2ccc([C@H](C)[C@H](N)C(=O)N3CC[C@H](F)C3)cc2)cc1,"CHEMBL363175",304,Done,4.8,-5.3206,"glide_grid_1X70",-5.7106,-1.38009,-0.523466,-0,-1.59945,-36.998,-6.40876,0.740085,-0.136463,-57.3412,-43.4068,4.16382
CCOC(=O)c1ccc(-c2ccc([C@H](C)[C@H]([NH3+])C(=O)N3CC[C@H](F)C3)cc2)cc1,"CHEMBL363175",305,Done,4.4,-7.63281,"glide_grid_1X70",-8.06491,-1.15285,-0.76946,-0,-2.09758,-32.7748,-18.0683,0.51571,-0.211745,-84.1239,-50.8431,4.20274
C[C@@H](c1ccc(-c2cccc(-c3c[nH]c(=O)[nH]3)c2)cc1)[C@H](N)C(=O)N1CC[C@H](F)C1,"CHEMBL364057",306,Done,4.31,-3.2231,"glide_grid_1X70",-3.6131,-0.23836,-0.519197,-0,-0.941705,-26.6986,-6.93481,0.589812,-0.128495,-44.1751,-33.6334,0.965817
C[C@@H](c1ccc(-c2cccc(-c3c[nH]c(=O)[nH]3)c2)cc1)[C@H]([NH3+])C(=O)N1CC[C@H](F)C1,"CHEMBL364057",307,Done,4.43,-4.90151,"glide_grid_1X70",-5.33361,-0.270146,-0.56,-0,-0.842125,-23.5168,-18.8609,0.587196,-0.243562,-65.3396,-42.3777,0.798778
CC(C)[C@H](Oc1ccc(CNC(=O)[C@@H]2CCCN2C(=O)C[C@H]([NH3+])Cc2ccccc2F)cc1)C(=O)[O-],"CHEMBL364100",308,Done,16.26,-7.91519,"glide_grid_1X70",-7.92489,-1.53031,-0.765542,-0,-1.21353,-45.2275,-16.6102,0.57256,-0.235157,-96.0603,-61.8377,16.0418
CC(C)[C@H](Oc1ccc(CNC(=O)[C@@H]2CCCN2C(=O)C[C@H](N)Cc2ccccc2F)cc1)C(=O)[O-],"CHEMBL364100",309,Done,14.84,-3.92722,"glide_grid_1X70",-6.37042,-1.28145,-1.15164,-0,-0.470999,-37.5884,-15.1183,0.820976,-0.140131,-72.2006,-52.7068,14.5349
CC(C)[C@@H](Oc1ccc(CNC(=O)[C@@H]2CCCN2C(=O)C[C@H]([NH3+])Cc2ccccc2)cc1)C(=O)[O-],"CHEMBL364101",310,Done,18.55,-7.58355,"glide_grid_1X70",-7.59325,-1.21037,-0.872308,-0,-1.00392,-37.6151,-20.3783,0.612322,-0.181478,-94.2161,-57.9933,8.44203
CC(C)[C@@H](Oc1ccc(CNC(=O)[C@@H]2CCCN2C(=O)C[C@H]([NH3+])Cc2cc(F)ccc2F)cc1)C(=O)[O-],"CHEMBL364102",312,Done,16.97,-8.01693,"glide_grid_1X70",-8.02663,-1.29306,-0.887969,-0,-1.42023,-39.0943,-18.8191,0.536558,-0.184352,-95.5808,-57.9134,9.7528
CC(C)[C@@H](Oc1ccc(CNC(=O)[C@@H]2CCCN2C(=O)C[C@H](N)Cc2cc(F)ccc2F)cc1)C(=O)[O-],"CHEMBL364102",313,Done,14.87,-2.59267,"glide_grid_1X70",-5.03587,-1.34207,-0.448919,-0,-1.09753,-35.2493,-6.90571,0.769263,-0.118289,-56.6065,-42.155,8.20241
CC(C)[C@@H](Oc1ccc(CNC(=O)[C@@H]2CCCN2C(=O)C[C@H]([NH3+])Cc2cc(F)c(F)cc2F)cc1)C(=O)[O-],"CHEMBL364103",314,Done,16.74,-8.19512,"glide_grid_1X70",-8.20482,-1.11481,-0.850954,-0,-1.53752,-37.5407,-20.81,0.503856,-0.206847,-103.633,-58.3507,11.2455
CC(C)[C@@H](Oc1ccc(CNC(=O)[C@@H]2CCCN2C(=O)C[C@H](N)Cc2cc(F)c(F)cc2F)cc1)C(=O)[O-],"CHEMBL364103",315,Done,15.4,-1.70354,"glide_grid_1X70",-4.14674,-0.932053,-0.486546,-0,-0.85144,-35.1692,-4.77062,0.722297,-0.124947,-51.3494,-39.9398,6.38855
CC(C)[C@@H](Oc1ccc(CNC(=O)[C@@H]2CCCN2C(=O)C[C@H]([NH3+])Cc2ccc(C(F)(F)F)cc2F)cc1)C(=O)[O-],"CHEMBL364140",316,Done,17.88,-7.65424,"glide_grid_1X70",-7.66394,-1.47478,-0.92,-0,-1.22256,-35.7312,-17.9226,0.623891,-0.195534,-88.401,-53.6538,13.9364
CC(C)[C@@H](Oc1ccc(CNC(=O)[C@@H]2CCCN2C(=O)C[C@H](N)Cc2ccc(C(F)(F)F)cc2F)cc1)C(=O)[O-],"CHEMBL364140",317,Done,19.03,-3.52215,"glide_grid_1X70",-5.96535,-1.38353,-0.917512,-0,-1.08108,-41.3442,-6.74975,0.627254,-0.130808,-68.5872,-48.0939,9.63622
CN(C)C(=O)[C@@H](c1ccc(-c2ccc(F)cc2)cc1)[C@H](N)C(=O)N1CC(F)(F)C1,"CHEMBL364355",318,Done,3.55,-0.284705,"glide_grid_1X70",-0.426405,-1.4834,-0.139463,-0,1.79392,-23.6657,0.631395,0.597848,-0.106735,-7.10128,-23.0344,15.6477
CS(=O)(=O)Nc1cccc(NC(=O)CN2CCN(C(=O)C[C@H]([NH3+])Cc3ccccc3F)[C@@H](Cc3ccccc3)C2)c1,"CHEMBL364385",320,Done,12.02,-7.14903,"glide_grid_1X70",-7.42943,-1.88796,-0.462408,-0,-0.873834,-45.0548,-14.3978,0.402894,-0.195708,-92.5937,-59.4526,20.5639
CS(=O)(=O)Nc1cccc(NC(=O)C[N@@H+]2CCN(C(=O)C[C@H]([NH3+])Cc3ccccc3F)[C@@H](Cc3ccccc3)C2)c1,"CHEMBL364385",321,Done,12.61,-6.00265,"glide_grid_1X70",-6.85485,-0.0952948,-0.80766,-0,-0.384383,-29.4638,-27.5712,0.40074,-0.495057,-84.701,-57.035,13.0949
CS(=O)(=O)[N-]c1cccc(NC(=O)CN2CCN(C(=O)C[C@H]([NH3+])Cc3ccccc3F)[C@@H](Cc3ccccc3)C2)c1,"CHEMBL364385",322,Done,11.7,-4.08062,"glide_grid_1X70",-5.55802,-0.872188,-0.367866,-0,-0.817709,-33.9683,-12.9588,0.405061,-0.263086,-75.3013,-46.9271,6.77327
CS(=O)(=O)[N-]c1cccc(NC(=O)C[N@@H+]2CCN(C(=O)C[C@H]([NH3+])Cc3ccccc3F)[C@@H](Cc3ccccc3)C2)c1,"CHEMBL364385",323,Done,15.25,-4.72654,"glide_grid_1X70",-6.64114,-0.804715,-0.495571,-0,-0.522142,-29.8326,-22.7815,0.402894,-0.312753,-88.4523,-52.614,7.58616
CCN(CC)C(=O)[C@@H](c1ccc(-c2ccc(F)cc2)cc1)[C@H]([NH3+])C(=O)N1CC[C@H](F)C1,"CHEMBL364939",325,Done,5.97,-6.13222,"glide_grid_1X70",-6.81912,-1.31424,-0.372072,-0,-1.50456,-30.2397,-16.9653,0.643634,-0.215101,-62.1568,-47.2049,15.9655
CC[C@H](Oc1ccc(CNC(=O)[C@@H]2CCCN2C(=O)C[C@H]([NH3+])Cc2ccccc2F)cc1)C(=O)[O-],"CHEMBL365010",326,Done,13.82,-4.34989,"glide_grid_1X70",-4.35959,-1.23363,-0.373654,-0,-0.65387,-29.4874,-9.09464,0.861731,-0.121605,-53.4095,-38.5821,5.47085
CC(C)[C@@H](Oc1ccc(CNC(=O)[C@@H]2CCCN2C(=O)C[C@H]([NH3+])Cc2ccccc2F)cc1)C(=O)[O-],"CHEMBL365231",328,Done,17.54,-8.79615,"glide_grid_1X70",-8.80585,-1.49139,-0.988997,-0,-1.06601,-37.0689,-25.2812,0.57256,-0.186382,-107.428,-62.3501,14.468
CC(C)[C@@H](Oc1ccc(CNC(=O)[C@@H]2CCCN2C(=O)C[C@H](N)Cc2ccccc2F)cc1)C(=O)[O-],"CHEMBL365231",329,Done,15.6,-2.28653,"glide_grid_1X70",-4.72973,-1.19823,-0.776,-0,-0.637399,-35.637,-6.89023,0.820976,-0.123686,-54.2736,-42.5273,11.1091
CC(C)[C@@H](Oc1ccc(CNC(=O)[C@@H]2CCCN2C(=O)C[C@H]([NH3+])Cc2cccc(OC(F)(F)F)c2)cc1)C(=O)[O-],"CHEMBL365280",330,Done,18.14,-6.96705,"glide_grid_1X70",-6.97675,-1.10846,-0.82505,-0,-1.00818,-39.1411,-16.0903,0.486945,-0.151408,-84.768,-55.2313,14.6084
CS(=O)(=O)Nc1cccc(NC(=O)CN2CCN(C(=O)C[C@@H]([NH3+])Cc3ccccc3)[C@@H](Cc3ccccc3)C2)c1,"CHEMBL365414",332,Done,10.83,-6.70133,"glide_grid_1X70",-6.98173,-1.76322,-0.329509,-0,-0.749236,-45.8558,-13.3788,0.44342,-0.283572,-86.0847,-59.2347,17.1783
CS(=O)(=O)Nc1cccc(NC(=O)C[N@@H+]2CCN(C(=O)C[C@@H]([NH3+])Cc3ccccc3)[C@@H](Cc3ccccc3)C2)c1,"CHEMBL365414",333,Done,12.75,-7.21565,"glide_grid_1X70",-8.06785,-0.930092,-0.476779,-0,-0.932068,-39.0723,-26.3959,0.441042,-0.256959,-102.357,-65.4682,18.3303
CS(=O)(=O)[N-]c1cccc(NC(=O)CN2CCN(C(=O)C[C@@H]([NH3+])Cc3ccccc3)[C@@H](Cc3ccccc3)C2)c1,"CHEMBL365414",334,Done,10.85,-5.51487,"glide_grid_1X70",-6.99227,-1.33554,-0.3496,-0,-0.779097,-41.1941,-17.7126,0.445811,-0.257254,-90.5395,-58.9067,11.642
CS(=O)(=O)[N-]c1cccc(NC(=O)C[N@@H+]2CCN(C(=O)C[C@@H]([NH3+])Cc3ccccc3)[C@@H](Cc3ccccc3)C2)c1,"CHEMBL365414",335,Done,12.22,-3.35391,"glide_grid_1X70",-5.26851,-0.586644,-0.4,-0,-0.520375,-27.6704,-17.5564,0.44342,-0.187933,-71.5422,-45.2268,5.3583
C[C@@H](c1ccc(-c2cccc(S(C)(=O)=O)c2)cc1)[C@H](N)C(=O)N1CC[C@H](F)C1,"CHEMBL365780",336,Done,4.32,-5.06492,"glide_grid_1X70",-5.45492,-0.983202,-0.181786,-0,-1.37573,-31.9298,-10.6348,0.480228,-0.202715,-56.1343,-42.5647,5.68279
C[C@@H](c1ccc(-c2cccc(S(C)(=O)=O)c2)cc1)[C@H]([NH3+])C(=O)N1CC[C@H](F)C1,"CHEMBL365780",337,Done,4.47,-7.87737,"glide_grid_1X70",-8.30947,-0.950308,-0.389166,-0,-2.10694,-36.543,-20.3166,0.334656,-0.323063,-92.2601,-56.8596,4.3106
[NH3+][C@H](C(=O)N1CCC[C@H]1C(=O)NCc1cccc(C(=O)[O-])c1)C1CCCCC1,"CHEMBL365834",338,Done,10.39,-6.11841,"glide_grid_1X70",-6.35381,-0.838395,-0.686473,-0,-1.10014,-28.5261,-19.8954,0.907973,-0.22617,-75.7301,-48.4215,4.81654
N[C@H](C(=O)N1CCC[C@H]1C(=O)NCc1cccc(C(=O)[O-])c1)C1CCCCC1,"CHEMBL365834",339,Done,9.43,-4.28699,"glide_grid_1X70",-4.94779,-0.809702,-0.921535,-0,-0.918233,-27.984,-11.3725,0.912227,-0.105482,-52.857,-39.3564,3.86272
CCC[C@H](Oc1ccc(CNC(=O)[C@@H]2CCCN2C(=O)C[C@H]([NH3+])Cc2ccccc2F)cc1)C(=O)[O-],"CHEMBL365836",340,Done,17.14,-8.53075,"glide_grid_1X70",-8.54045,-1.75855,-0.775811,-0,-1.25399,-42.4323,-20.0276,0.629816,-0.256175,-102.435,-62.4598,10.1071
CCC[C@H](Oc1ccc(CNC(=O)[C@@H]2CCCN2C(=O)C[C@H](N)Cc2ccccc2F)cc1)C(=O)[O-],"CHEMBL365836",341,Done,15.86,-1.60847,"glide_grid_1X70",-4.05167,-1.32384,-0.836935,-0,0.438983,-33.5041,-9.90183,0.903074,-0.0724627,-43.8559,-43.406,24.6411
CC(C)[C@H](Oc1ccc(CNC(=O)[C@@H]2CCCN2C(=O)C[C@H]([NH3+])Cc2ccccc2F)cc1)C(=O)[O-],"CHEMBL365837",342,Done,16.24,-7.91519,"glide_grid_1X70",-7.92489,-1.53031,-0.765542,-0,-1.21353,-45.2275,-16.6102,0.57256,-0.235157,-96.0603,-61.8377,16.0418
CC(C)[C@H](Oc1ccc(CNC(=O)[C@@H]2CCCN2C(=O)C[C@H](N)Cc2ccccc2F)cc1)C(=O)[O-],"CHEMBL365837",343,Done,14.57,-3.92722,"glide_grid_1X70",-6.37042,-1.28145,-1.15164,-0,-0.470999,-37.5884,-15.1183,0.820976,-0.140131,-72.2006,-52.7068,14.5349
CCCC[C@H](Oc1ccc(CNC(=O)[C@@H]2CCCN2C(=O)C[C@H]([NH3+])Cc2ccccc2F)cc1)C(=O)[O-],"CHEMBL365838",344,Done,16.94,-8.98893,"glide_grid_1X70",-8.99863,-1.75383,-1.07476,-0,-1.15269,-41.6245,-22.5663,0.653031,-0.204209,-103.58,-64.1908,32.3148
CCCC[C@H](Oc1ccc(CNC(=O)[C@@H]2CCCN2C(=O)C[C@H](N)Cc2ccccc2F)cc1)C(=O)[O-],"CHEMBL365838",345,Done,17.44,-3.10769,"glide_grid_1X70",-5.55089,-1.70387,-0.742533,-0,-0.690296,-45.717,-6.03226,0.936273,-0.15978,-66.3342,-51.7493,14.174
[NH3+][C@H](C(=O)N1CCC[C@H]1C(=O)NCc1ccccc1C(=O)[O-])C1CCCCC1,"CHEMBL365875",346,Done,11.17,-6.20949,"glide_grid_1X70",-6.44489,-0.782121,-0.900905,-0,-1.1054,-27.0479,-20.0175,0.907973,-0.209412,-72.2316,-47.0654,6.5287
N[C@H](C(=O)N1CCC[C@H]1C(=O)NCc1ccccc1C(=O)[O-])C1CCCCC1,"CHEMBL365875",347,Done,10.82,-3.05554,"glide_grid_1X70",-3.71634,-0.48772,-0.601193,-0,-0.968516,-18.3254,-10.3387,0.912227,-0.104052,-38.0393,-28.6642,3.32186
CN(C)C(=O)[C@@H](c1ccc(-c2ccc(F)cc2)cc1)[C@H](N)C(=O)N1CCS(=O)(=O)C1,"CHEMBL365967",348,Done,4.01,-4.9961,"glide_grid_1X70",-5.0818,-0.949077,-0.221561,-0,-1.20181,-33.1323,-9.13606,0.529685,-0.212014,-48.89,-42.2684,11.1888
CN(C)C(=O)[C@@H](c1ccc(-c2ccc(F)cc2)cc1)[C@H]([NH3+])C(=O)N1CCS(=O)(=O)C1,"CHEMBL365967",349,Done,5.71,-5.98802,"glide_grid_1X70",-7.17562,-1.37618,-0.229929,-0,-1.6533,-29.3006,-18.4314,0.527459,-0.213936,-65.4215,-47.732,17.4563
C[C@@H](c1ccc(-c2cccc(S(N)(=O)=O)c2)cc1)[C@H](N)C(=O)N1CC[C@H](F)C1,"CHEMBL366031",350,Done,5.97,-4.60182,"glide_grid_1X70",-4.99372,-0.980287,-0.205156,-0,-1.20659,-33.5845,-7.85534,0.478122,-0.222279,-54.3718,-41.4399,3.2453
C[C@@H](c1ccc(-c2cccc(S(N)(=O)=O)c2)cc1)[C@H]([NH3+])C(=O)N1CC[C@H](F)C1,"CHEMBL366031",351,Done,6.25,-6.90118,"glide_grid_1X70",-7.33508,-1.05967,-0.404781,-0,-1.30539,-34.8252,-18.9864,0.333191,-0.309208,-83.8547,-53.8116,3.82063
Cc1ccc(F)cc1C[C@H]([NH3+])CC(=O)N1CCC[C@H]1C(=O)NCc1ccc(O[C@@H](C(=O)[O-])C(C)C)cc1,"CHEMBL366047",352,Done,15.56,-8.02123,"glide_grid_1X70",-8.03093,-1.86742,-0.47692,-0,-1.60527,-40.2973,-16.5676,0.598611,-0.179924,-95.3812,-56.8649,12.8876
Cc1ccc(F)cc1C[C@H](N)CC(=O)N1CCC[C@H]1C(=O)NCc1ccc(O[C@@H](C(=O)[O-])C(C)C)cc1,"CHEMBL366047",353,Done,16.37,-1.88881,"glide_grid_1X70",-4.33201,-1.13837,-0.55415,-0,-0.378487,-31.9423,-9.74377,0.85825,-0.0605712,-47.3858,-41.6861,21.4272
CC(C)[C@@H](Oc1ccc(CNC(=O)[C@@H]2CCCN2C(=O)C[C@H]([NH3+])Cc2ccc(F)cc2Cl)cc1)C(=O)[O-],"CHEMBL366048",354,Done,15.28,-8.28846,"glide_grid_1X70",-8.29816,-1.59558,-1.0038,-0,-1.38498,-38.4207,-18.1193,0.50653,-0.181399,-94.1708,-56.54,20.7791
CC(C)[C@@H](Oc1ccc(CNC(=O)[C@@H]2CCCN2C(=O)C[C@H](N)Cc2ccc(F)cc2Cl)cc1)C(=O)[O-],"CHEMBL366048",355,Done,13.68,-2.15123,"glide_grid_1X70",-4.59443,-1.70516,-0.283501,-0,-0.491189,-40.3827,-4.98156,0.726137,-0.0743382,-57.9324,-45.3643,10.9589
[NH3+][C@H](CC(=O)N1CCC[C@H]1C(=O)NCc1ccc(C(=O)[O-])cc1)Cc1ccccc1F,"CHEMBL366049",356,Done,9.13,-9.24927,"glide_grid_1X70",-9.25897,-1.63128,-1.16202,-0,-1.73982,-40.1948,-20.4348,0.60849,-0.259378,-106.784,-60.6295,12.8161
N[C@H](CC(=O)N1CCC[C@H]1C(=O)NCc1ccc(C(=O)[O-])cc1)Cc1ccccc1F,"CHEMBL366049",357,Done,8.59,-2.20041,"glide_grid_1X70",-4.64361,-1.16621,-0.72,-0,-0.857926,-33.0172,-6.59638,0.872994,-0.132146,-50.9101,-39.6136,6.68561
C[C@H](Oc1ccc(CNC(=O)[C@@H]2CCCN2C(=O)C[C@H]([NH3+])Cc2ccccc2F)cc1)C(=O)[O-],"CHEMBL366286",358,Done,13.87,-8.45903,"glide_grid_1X70",-8.46873,-0.974677,-1.22614,-0,-1.40512,-29.3098,-25.3539,0.636401,-0.230611,-95.491,-54.6637,17.7315
C[C@H](Oc1ccc(CNC(=O)[C@@H]2CCCN2C(=O)C[C@H](N)Cc2ccccc2F)cc1)C(=O)[O-],"CHEMBL366286",359,Done,12.92,-2.51365,"glide_grid_1X70",-4.95685,-0.723175,-0.906784,-0,-0.636269,-32.9214,-12.0941,0.912701,-0.143144,-58.0019,-45.0155,10.9972
CC(C)[C@H](Oc1ccc(CNC(=O)[C@@H]2CSCN2C(=O)C[C@H]([NH3+])Cc2cc(F)ccc2F)cc1)C(=O)[O-],"CHEMBL366290",360,Done,15.3,-9.63254,"glide_grid_1X70",-9.64564,-1.6416,-1.09262,-0,-1.44896,-41.1417,-24.7997,0.503771,-0.189199,-108.697,-65.9414,19.1351
CC(C)[C@H](Oc1ccc(CNC(=O)[C@@H]2CSCN2C(=O)C[C@H](N)Cc2cc(F)ccc2F)cc1)C(=O)[O-],"CHEMBL366290",361,Done,16.39,-3.75783,"glide_grid_1X70",-6.02233,-1.03599,-1.29593,-0,-0.341441,-27.7279,-16.9457,0.722175,-0.142893,-54.3017,-44.6736,25.6475
C[C@@H](c1ccc(-c2cccc(-c3noc(C4CC4)n3)c2)cc1)[C@H](N)C(=O)N1CC[C@H](F)C1,"CHEMBL370033",362,Done,4.27,-2.73583,"glide_grid_1X70",-3.12583,-0.394113,-0.304,-0,-0.543726,-26.7897,-7.48424,0.63295,-0.0548208,-39.2421,-34.2739,5.99792
C[C@@H](c1ccc(-c2cccc(-c3noc(C4CC4)n3)c2)cc1)[C@H]([NH3+])C(=O)N1CC[C@H](F)C1,"CHEMBL370033",363,Done,4.54,-4.04592,"glide_grid_1X70",-4.47802,-0.0742526,-0.521318,-0,-0.665618,-26.3998,-14.7872,0.630296,-0.309054,-59.3398,-41.187,0.979069
C[C@@H](c1ccc(-c2cccc(-c3noc(=O)[nH]3)c2)cc1)[C@H](N)C(=O)N1CC[C@H](F)C1,"CHEMBL370072",364,Done,4.53,-3.55631,"glide_grid_1X70",-3.55631,-0.284225,-0.574889,-0,-0.708449,-19.9198,-9.702,0.584708,-0.122161,-36.5132,-29.6218,7.46994
CN(C)C(=O)[C@@H](c1ccc(-c2cccc(S(C)(=O)=O)c2)cc1)[C@H](N)C(=O)N1CC[C@H](F)C1,"CHEMBL370677",365,Done,4.28,-3.33612,"glide_grid_1X70",-3.55212,-0.205648,-0.496178,-0,-0.402218,-23.4928,-10.7622,0.472637,-0.131746,-38.0893,-34.255,11.5262
CN(C)C(=O)[C@@H](c1ccc(-c2cccc(S(C)(=O)=O)c2)cc1)[C@H]([NH3+])C(=O)N1CC[C@H](F)C1,"CHEMBL370677",366,Done,5.13,-7.23856,"glide_grid_1X70",-7.94126,-1.02412,-0.411715,-0,-1.37216,-32.0368,-23.2752,0.329534,-0.369678,-89.6185,-55.312,5.12367
CON(C)C(=O)[C@@H](c1ccc(-c2ccc(F)cc2)cc1)[C@H](N)C(=O)N1CC[C@H](F)C1,"CHEMBL370755",367,Done,4.3,-3.29429,"glide_grid_1X70",-3.46029,-1.11036,-0.17945,-0,-0.107529,-33.9115,-5.76182,0.680529,-0.183625,-38.959,-39.6733,12.6699
CON(C)C(=O)[C@@H](c1ccc(-c2ccc(F)cc2)cc1)[C@H]([NH3+])C(=O)N1CC[C@H](F)C1,"CHEMBL370755",368,Done,4.85,-6.04241,"glide_grid_1X70",-6.87741,-1.22637,-0.316042,-0,-1.57553,-38.7756,-14.8784,0.67757,-0.2665,-78.6762,-53.654,10.5397
CN(C)C(=O)[C@@H](c1ccc(-c2ccc(F)cc2)cc1)[C@H](N)C(=O)N1CCOCC1,"CHEMBL371347",369,Done,4.08,-4.71217,"glide_grid_1X70",-4.87257,-1.33147,-0.160518,-0,-1.12266,-36.895,-5.82928,0.613995,-0.152775,-49.0958,-42.7242,12.0069
CN(C)C(=O)[C@@H](c1ccc(-c2ccc(F)cc2)cc1)[C@H]([NH3+])C(=O)N1CCOCC1,"CHEMBL371347",370,Done,4.05,-6.65823,"glide_grid_1X70",-7.51063,-1.3429,-0.391926,-0,-1.62467,-33.1492,-17.605,0.427851,-0.280773,-80.458,-50.7542,4.37132
CN(C)NC(=O)[C@@H](c1ccc(-c2ccc(F)cc2)cc1)[C@H](N)C(=O)N1CC[C@H](F)C1,"CHEMBL371588",371,Done,5.87,-5.11754,"glide_grid_1X70",-5.32264,-1.09888,-0.172099,-0,-1.46248,-36.0522,-8.55322,0.683438,-0.187024,-53.9944,-44.6054,13.5602
CN(C)NC(=O)[C@@H](c1ccc(-c2ccc(F)cc2)cc1)[C@H]([NH3+])C(=O)N1CC[C@H](F)C1,"CHEMBL371588",372,Done,6.22,-6.7583,"glide_grid_1X70",-7.4865,-1.17973,-0.41186,-0,-1.87271,-37.4837,-15.6325,0.476322,-0.279464,-83.2661,-53.1163,5.69526
COC(=O)[C@@H](c1ccc(-c2ccc(F)cc2)cc1)[C@H](N)C(=O)N1CC[C@H](F)C1,"CHEMBL372004",373,Done,5.84,-4.96713,"glide_grid_1X70",-5.08033,-1.07364,-0.256574,-0,-1.46474,-33.4487,-7.33236,0.645752,-0.15884,-49.1559,-40.781,13.3014
COC(=O)[C@@H](c1ccc(-c2ccc(F)cc2)cc1)[C@H]([NH3+])C(=O)N1CC[C@H](F)C1,"CHEMBL372004",374,Done,7.36,-6.92492,"glide_grid_1X70",-7.96112,-1.10591,-0.553851,-0,-2.00238,-35.0414,-18.1802,0.449928,-0.269812,-87.0906,-53.2215,4.49088
CN(C)C(=O)[C@@H](c1ccc(-c2ccc(F)cc2)cc1)[C@H](N)C(=O)N1CC[C@@H](F)C1,"CHEMBL372486",375,Done,3.45,-5.3961,"glide_grid_1X70",-5.6121,-1.17458,-0.264204,-0,-1.61212,-38.6197,-7.36964,0.608524,-0.13329,-56.045,-45.9894,11.761
CN(C)C(=O)[C@@H](c1ccc(-c2ccc(F)cc2)cc1)[C@H]([NH3+])C(=O)N1CC[C@@H](F)C1,"CHEMBL372486",376,Done,4.41,-4.89309,"glide_grid_1X70",-5.59579,-1.44446,-0.255136,-0,-1.60267,-24.1496,-9.98522,0.605782,-0.194044,-48.3597,-34.1348,8.19246
C[C@H](c1nc(-c2ccc([N-]S(C)(=O)=O)cc2Cl)no1)[C@H](N)C(=O)N1CCC(F)(F)C1,"CHEMBL375146",377,Done,5.47,-5.98967,"glide_grid_1X70",-6.22247,-1.24966,-0.363121,-0,-1.38225,-33.3114,-12.3939,0.470168,-0.172953,-62.673,-45.7053,8.72758
C[C@H](c1nc(-c2ccc([N-]S(C)(=O)=O)cc2Cl)no1)[C@H]([NH3+])C(=O)N1CCC(F)(F)C1,"CHEMBL375146",378,Done,6.13,-7.69409,"glide_grid_1X70",-8.68389,-1.35304,-0.405365,-0,-1.77634,-35.8428,-22.5257,0.327815,-0.305962,-99.4292,-58.3686,7.83362
C[C@H](c1nc(-c2ccc(NS(C)(=O)=O)cc2Cl)no1)[C@H](N)C(=O)N1CCC(F)(F)C1,"CHEMBL375146",379,Done,5.5,-0.944921,"glide_grid_1X70",-2.26912,-0.0800256,-0.291187,-0,-0.259108,-29.1952,-3.43924,0.468308,-0.131465,-37.6271,-32.6344,3.75414
C[C@H](c1nc(-c2ccc(NS(C)(=O)=O)cc2Cl)no1)[C@H]([NH3+])C(=O)N1CCC(F)(F)C1,"CHEMBL375146",380,Done,5.15,-6.4611,"glide_grid_1X70",-8.5423,-0.932336,-0.455907,-0,-1.50217,-33.901,-25.2359,0.326521,-0.497967,-96.2677,-59.1369,11.0295
CS(=O)(=O)c1ccc(-c2noc([C@@H](CC3CC3)[C@H](N)C(=O)N3CC[C@H](F)C3)n2)cc1,"CHEMBL375442",381,Done,5.55,-5.81656,"glide_grid_1X70",-6.04066,-1.43516,-0.269352,-0,-1.58481,-33.8153,-9.83315,0.627713,-0.213315,-56.384,-43.6484,10.2743
CS(=O)(=O)c1ccc(-c2noc([C@@H](CC3CC3)[C@H]([NH3+])C(=O)N3CC[C@H](F)C3)n2)cc1,"CHEMBL375442",382,Done,5.85,-8.79037,"glide_grid_1X70",-9.47497,-1.28746,-0.774723,-0,-2.11262,-36.5257,-24.5731,0.437565,-0.225498,-106.309,-61.0988,5.89003
CS(=O)(=O)c1ccc(-c2noc([C@@H](CC3CC3)[C@H](N)C(=O)N3CC[C@H](F)C3)n2)c(F)c1,"CHEMBL375745",383,Done,5.93,-6.64853,"glide_grid_1X70",-6.87263,-1.34251,-0.588467,-0,-1.47568,-36.0939,-14.1826,0.583306,-0.1172,-69.5864,-50.2765,7.93145
CS(=O)(=O)c1ccc(-c2noc([C@@H](CC3CC3)[C@H]([NH3+])C(=O)N3CC[C@H](F)C3)n2)c(F)c1,"CHEMBL375745",384,Done,5.75,-8.08725,"glide_grid_1X70",-8.77185,-1.54508,-0.560586,-0,-1.67932,-36.7652,-22.0721,0.406671,-0.244456,-99.315,-58.8373,10.3033
CS(=O)(=O)c1ccc(-c2noc([C@@H](CC3CC3)[C@H](N)C(=O)N3CC[C@H](F)C3)n2)c(Cl)c1,"CHEMBL376498",385,Done,6.36,-5.77678,"glide_grid_1X70",-6.00088,-1.42078,-0.313732,-0,-1.29895,-41.2828,-8.97913,0.546703,-0.103119,-66.405,-50.2619,8.30999
CS(=O)(=O)c1ccc(-c2noc([C@@H](CC3CC3)[C@H]([NH3+])C(=O)N3CC[C@H](F)C3)n2)c(Cl)c1,"CHEMBL376498",386,Done,6.48,-8.69329,"glide_grid_1X70",-9.37789,-1.36638,-0.779665,-0,-1.81897,-37.8825,-24.5706,0.381201,-0.214348,-107.692,-62.4532,9.79961
CN(C)C(=O)[C@@H](c1ccc(-c2ccc3ncnn3c2)cc1)[C@H]([NH3+])C(=O)N1CC[C@H](F)C1,"CHEMBL377221",388,Done,3.69,-6.16625,"glide_grid_1X70",-6.86895,-0.408425,-0.574018,-0,-1.39623,-37.11,-17.5999,0.383531,-0.378318,-84.6399,-54.7099,3.47982
CN(C)C(=O)[C@@H](c1ccc(-c2ccc3ncnn3c2)cc1)[C@H](N)C(=O)N1CCCC1,"CHEMBL378048",389,Done,3.26,-5.69105,"glide_grid_1X70",-5.95315,-1.15818,-0.590008,-0,-1.17971,-37.6589,-11.0695,0.595022,-0.0769003,-60.8392,-48.7284,12.3338
CN(C)C(=O)[C@@H](c1ccc(-c2ccc3ncnn3c2)cc1)[C@H]([NH3+])C(=O)N1CCCC1,"CHEMBL378048",390,Done,3.86,-7.73355,"glide_grid_1X70",-8.34295,-1.03219,-0.751043,-0,-1.66736,-33.511,-22.6597,0.41466,-0.232515,-93.5145,-56.1707,3.50572
CN(C)C(=O)[C@@H](c1ccc(-c2ccc3nccn3c2)cc1)[C@H]([NH3+])C(=O)N1CC[C@H](F)C1,"CHEMBL378673",392,Done,4.39,-7.26258,"glide_grid_1X70",-8.03998,-1.00334,-0.574005,-0,-1.87893,-36.086,-19.6914,0.385148,-0.210834,-90.7429,-55.7774,3.97297
CN(C)C(=O)[C@@H](c1ccc(-c2ccc3nccn3n2)cc1)[C@H](N)C(=O)N1CC[C@H](F)C1,"CHEMBL379702",395,Done,4.22,-5.34571,"glide_grid_1X70",-5.56171,-0.974999,-0.348037,-0,-1.29956,-36.2608,-10.5081,0.550258,-0.100108,-59.3956,-46.7689,12.0897
CN(C)C(=O)[C@@H](c1ccc(-c2ccc3nccn3n2)cc1)[C@H]([NH3+])C(=O)N1CC[C@H](F)C1,"CHEMBL379702",396,Done,3.6,-7.47963,"glide_grid_1X70",-8.18233,-0.996494,-0.568593,-0,-1.89044,-36.6719,-20.4498,0.383531,-0.209272,-93.2297,-57.1217,3.74141
COc1cc(=O)n(C)cc1-c1ccc([C@H](C)[C@H](N)C(=O)N2CC[C@H](F)C2)cc1,"CHEMBL380496",397,Done,4.1,-4.93563,"glide_grid_1X70",-5.32563,-1.08081,-0.390637,-0,-1.74909,-38.7893,-4.27489,0.518901,-0.0432918,-56.0399,-43.0642,4.12315
COc1cc(=O)n(C)cc1-c1ccc([C@H](C)[C@H]([NH3+])C(=O)N2CC[C@H](F)C2)cc1,"CHEMBL380496",398,Done,4.25,-7.73627,"glide_grid_1X70",-8.16837,-1.62867,-0.400892,-0,-2.21288,-33.3999,-16.2658,0.361541,-0.177602,-82.8554,-49.6657,5.43373
CCOC(=O)Cn1cc(-c2ccc([C@H](C)[C@H](N)C(=O)N3CC[C@H](F)C3)cc2)ccc1=O,"CHEMBL382674",399,Done,6.52,-3.0465,"glide_grid_1X70",-3.4365,-0.156135,-0.434782,-0,-0.579053,-27.3801,-9.501,0.75416,-0.226533,-45.4229,-36.8811,1.63507
CCOC(=O)Cn1cc(-c2ccc([C@H](C)[C@H]([NH3+])C(=O)N3CC[C@H](F)C3)cc2)ccc1=O,"CHEMBL382674",400,Done,6.26,-7.5471,"glide_grid_1X70",-7.9792,-1.08711,-0.689912,-0,-1.79674,-38.6461,-18.7357,0.525675,-0.188463,-91.8272,-57.3818,8.8985
C[C@@H](c1ccc(-c2ccc(=O)n(CC3CC3)c2)cc1)[C@H](N)C(=O)N1CC[C@H](F)C1,"CHEMBL383323",401,Done,3.98,-4.1573,"glide_grid_1X70",-4.5473,-1.52759,-0.338749,-0,-1.23524,-29.893,-4.00586,0.743387,-0.0935765,-43.8286,-33.8989,3.85486
C[C@@H](c1ccc(-c2ccc(=O)n(CC3CC3)c2)cc1)[C@H]([NH3+])C(=O)N1CC[C@H](F)C1,"CHEMBL383323",402,Done,4.59,-6.26951,"glide_grid_1X70",-6.70161,-1.04881,-0.72,-0,-1.08629,-29.2479,-19.9044,0.740008,-0.138458,-76.1267,-49.1523,7.00688
C[C@@H](c1ccc(-c2cc(Br)c(=O)n(C)c2)cc1)[C@H](N)C(=O)N1CC[C@H](F)C1,"CHEMBL383651",403,Done,2.86,-3.79246,"glide_grid_1X70",-4.18246,-0.553352,-0.511006,-0,-0.51148,-29.7517,-9.41617,0.418794,-0.12541,-49.3864,-39.1678,2.89087
C[C@@H](c1ccc(-c2cc(Br)c(=O)n(C)c2)cc1)[C@H]([NH3+])C(=O)N1CC[C@H](F)C1,"CHEMBL383651",404,Done,3.15,-5.54895,"glide_grid_1X70",-5.98105,-0.991099,-0.4,-0,-0.793364,-29.8074,-17.2612,0.417045,-0.134074,-71.3098,-47.0686,0.475155
C[C@H](c1nc(-c2ccc([N-]S(C)(=O)=O)cc2Cl)no1)[C@H](N)C(=O)N1CCCC1,"CHEMBL386812",405,Done,5.07,-4.15482,"glide_grid_1X70",-4.46422,-0.78324,-0.497758,-0,-0.683531,-25.3113,-10.8883,0.544609,-0.14549,-47.3169,-36.1996,7.34437
C[C@H](c1nc(-c2ccc([N-]S(C)(=O)=O)cc2Cl)no1)[C@H]([NH3+])C(=O)N1CCCC1,"CHEMBL386812",406,Done,5.34,-6.43134,"glide_grid_1X70",-7.20724,-1.21339,-0.349601,-0,-1.38286,-32.632,-17.4439,0.379602,-0.392809,-84.8607,-50.0759,2.75832
C[C@H](c1nc(-c2ccc(NS(C)(=O)=O)cc2Cl)no1)[C@H](N)C(=O)N1CCCC1,"CHEMBL386812",407,Done,5.16,-2.01771,"glide_grid_1X70",-3.41851,-0.196298,-0.263485,-0,-0.522534,-33.1729,-6.71836,0.542289,-0.31208,-44.7591,-39.8913,10.2178
C[C@H](c1nc(-c2ccc(NS(C)(=O)=O)cc2Cl)no1)[C@H]([NH3+])C(=O)N1CCCC1,"CHEMBL386812",408,Done,5.09,-6.32863,"glide_grid_1X70",-8.19593,-1.06919,-0.449719,-0,-1.38458,-35.6965,-22.3791,0.377988,-0.528748,-91.0905,-58.0755,11.086
C[C@H](c1nc(-c2ccc([N-]S(C)(=O)=O)cc2Cl)no1)[C@H](N)C(=O)N1CC[C@H](F)C1,"CHEMBL387333",409,Done,5.15,-3.9341,"glide_grid_1X70",-4.2033,-0.439113,-0.376293,-0,-0.664543,-25.6407,-11.7594,0.505332,-0.182734,-47.729,-37.4001,4.34589
C[C@H](c1nc(-c2ccc([N-]S(C)(=O)=O)cc2Cl)no1)[C@H]([NH3+])C(=O)N1CC[C@H](F)C1,"CHEMBL387333",410,Done,5.73,-7.45132,"glide_grid_1X70",-8.32642,-1.26983,-0.40412,-0,-1.75078,-35.3175,-19.7908,0.352281,-0.519486,-82.7888,-55.1083,17.1153
C[C@H](c1nc(-c2ccc(NS(C)(=O)=O)cc2Cl)no1)[C@H](N)C(=O)N1CC[C@H](F)C1,"CHEMBL387333",411,Done,5.68,-3.63494,"glide_grid_1X70",-4.99554,-1.06795,-0.239599,-0,-0.99254,-37.3455,-6.22642,0.503258,-0.397476,-52.616,-43.5719,13.512
C[C@H](c1nc(-c2ccc(NS(C)(=O)=O)cc2Cl)no1)[C@H]([NH3+])C(=O)N1CC[C@H](F)C1,"CHEMBL387333",412,Done,4.94,-6.96362,"glide_grid_1X70",-8.93012,-0.997387,-0.4,-0,-1.86384,-37.3843,-24.1518,0.350839,-0.527755,-101.957,-61.5361,8.46076
[NH3+][C@H]1CN(c2ccc3nc(C(F)(F)F)cn3n2)CC[C@@H]1c1cc(F)c(F)cc1F,"CHEMBL389803",413,Done,2.55,-8.33818,"glide_grid_1X70",-8.34518,-0.811174,-0.567229,-0,-2.35082,-35.4897,-18.4938,0.159552,-0.226957,-88.5185,-53.9834,0.369102
N[C@H]1CN(c2ccc3nc(C(F)(F)F)cn3n2)CC[C@@H]1c1cc(F)c(F)cc1F,"CHEMBL389803",414,Done,2.4,-3.2861,"glide_grid_1X70",-5.9198,-0.958627,-0.390903,-0,-1.91436,-35.6541,-6.51331,0.228932,-0.125151,-55.2859,-42.1674,0.629188
Cn1c(C2CC2)nc2ccc(N3CC[C@H](c4cc(F)c(F)cc4F)[C@@H]([NH3+])C3)nc21,"CHEMBL389804",415,Done,2.43,-8.59494,"glide_grid_1X70",-8.61594,-1.2124,-0.441308,-0,-2.52075,-32.6903,-18.9913,0.254453,-0.212721,-89.8348,-51.6816,0.398051
Cn1c(C2CC2)[nH+]c2ccc(N3CC[C@H](c4cc(F)c(F)cc4F)[C@@H]([NH3+])C3)nc21,"CHEMBL389804",416,Done,2.7,-6.80895,"glide_grid_1X70",-9.05165,-1.04171,-0.551002,-0,-2.23107,-33.1167,-24.1531,0.253309,-0.202383,-95.328,-57.2698,0.43112
Cn1c(C2CC2)nc2ccc(N3CC[C@H](c4cc(F)c(F)cc4F)[C@@H](N)C3)nc21,"CHEMBL389804",417,Done,2.19,-3.65213,"glide_grid_1X70",-6.26803,-1.19125,-0.605118,-0,-2.15678,-35.7952,-5.69434,0.36515,-0.0361262,-55.7509,-41.4895,1.65378
[NH3+][C@@H](CC(=O)N1CCn2c(nnc2C(F)(F)F)C1)Cc1cc(F)c(F)cc1F,"CHEMBL393336",418,Done,4.6,-10.0108,"glide_grid_1X70",-10.023,-1.0483,-0.877825,-0,-2.62677,-37.2737,-24.3386,0.330509,-0.286106,-106.505,-61.6123,6.9872
N[C@@H](CC(=O)N1CCn2c(nnc2C(F)(F)F)C1)Cc1cc(F)c(F)cc1F,"CHEMBL393336",419,Done,4.41,-5.43653,"glide_grid_1X70",-7.74353,-1.08378,-0.764578,-0,-2.21755,-36.9995,-14.1098,0.474265,-0.185433,-70.7068,-51.1094,8.86028
CC(C)[C@H](Oc1ccc(CNC(=O)[C@@H]2CCCN2C(=O)C[C@H]([NH3+])Cc2cc(F)c(F)cc2F)cc1)C(=O)[O-],"CHEMBL395762",420,Done,16.37,-7.78532,"glide_grid_1X70",-7.79502,-1.17897,-0.94468,-0,-1.07827,-36.6499,-20.6328,0.503856,-0.169552,-93.0208,-57.2827,19.4159
CC(C)[C@H](Oc1ccc(CNC(=O)[C@@H]2CCCN2C(=O)C[C@H](N)Cc2cc(F)c(F)cc2F)cc1)C(=O)[O-],"CHEMBL395762",421,Done,14.28,-5.16465,"glide_grid_1X70",-7.60785,-1.60073,-1.09258,-0,-1.16835,-41.6316,-15.3826,0.722297,-0.0795191,-79.1573,-57.0142,19.9501
Cc1ccc(C(=O)N(C)c2ccc([C@H](C(=O)N(C)C)[C@H](N)C(=O)N3CC[C@H](F)C3)cc2)cc1,"CHEMBL396168",422,Done,5.39,-2.41308,"glide_grid_1X70",-2.62908,-1.10308,-0.52956,-0,1.42862,-35.7185,-7.70136,0.6804,-0.164338,-40.842,-43.4198,9.03823
Cc1ccc(C(=O)N(C)c2ccc([C@H](C(=O)N(C)C)[C@H]([NH3+])C(=O)N3CC[C@H](F)C3)cc2)cc1,"CHEMBL396168",423,Done,5.84,-7.05748,"glide_grid_1X70",-7.76018,-1.00305,-0.674829,-0,-1.72623,-30.3358,-20.6013,0.474364,-0.223451,-79.0443,-50.9371,8.54969
CC(C)[C@H](Oc1ccc(CNC(=O)[C@@H]2CCCN2C(=O)C[C@H]([NH3+])Cc2cc(F)c(F)c(F)c2F)cc1)C(=O)[O-],"CHEMBL397716",424,Done,15.59,-9.52031,"glide_grid_1X70",-9.53001,-1.42986,-1.34438,-0,-1.68445,-38.1523,-22.2974,0.423293,-0.242396,-111.391,-60.4497,9.30926
CC(C)[C@H](Oc1ccc(CNC(=O)[C@@H]2CCCN2C(=O)C[C@H](N)Cc2cc(F)c(F)c(F)c2F)cc1)C(=O)[O-],"CHEMBL397716",425,Done,13.65,-4.79568,"glide_grid_1X70",-7.23888,-1.5202,-0.974141,-0,-1.32259,-39.7717,-12.9218,0.608114,-0.103206,-76.8443,-52.6935,10.9611
CN(C)C(=O)[C@@H]([C@H]1CC[C@H](NS(=O)(=O)c2ccc(OC(F)(F)F)cc2)CC1)[C@H](N)C(=O)N1CC[C@H](F)C1,"CHEMBL397854",426,Done,8.34,-3.47841,"glide_grid_1X70",-3.84761,-0.458987,-0.5271,-0,0.0825013,-27.426,-12.068,0.472076,-0.2346,-38.8,-39.494,24.8613
CN(C)C(=O)[C@@H]([C@H]1CC[C@H](NS(=O)(=O)c2ccc(OC(F)(F)F)cc2)CC1)[C@H]([NH3+])C(=O)N1CC[C@H](F)C1,"CHEMBL397854",427,Done,11.73,-4.45019,"glide_grid_1X70",-4.90549,-0.439892,-0.799946,-0,0.231011,-26.3825,-18.4241,0.469125,-0.283039,-55.9093,-44.8067,14.1061
[NH3+][C@@H](CC(=O)N1CCn2nc(C(F)(F)F)nc2[C@H]1Cc1ccc(F)cc1)Cc1cc(F)c(F)cc1F,"CHEMBL401304",428,Done,7.49,-9.00962,"glide_grid_1X70",-9.02182,-1.12603,-0.875262,-0,-1.86644,-38.6121,-21.8946,0.323231,-0.262518,-97.8462,-60.5067,13.7308
N[C@@H](CC(=O)N1CCn2nc(C(F)(F)F)nc2[C@H]1Cc1ccc(F)cc1)Cc1cc(F)c(F)cc1F,"CHEMBL401304",429,Done,5.75,-2.17154,"glide_grid_1X70",-4.47674,-1.05303,-0.304,-0,-1.02385,-30.5449,-5.86923,0.463419,-0.151655,-47.2187,-36.4142,2.90569
C[C@H](c1nc(-c2ccc(S(=O)(=O)C(F)(F)F)cc2)no1)[C@H](N)C(F)=C1CCCC1,"CHEMBL401932",430,Done,3.04,-4.23102,"glide_grid_1X70",-4.49582,-1.14622,-0.265473,-0,-0.967919,-29.9395,-6.82095,0.529853,-0.125944,-47.0939,-36.7605,3.39922
C[C@H](c1nc(-c2ccc(S(=O)(=O)C(F)(F)F)cc2)no1)[C@H]([NH3+])C(F)=C1CCCC1,"CHEMBL401932",431,Done,4.32,-7.34001,"glide_grid_1X70",-7.94471,-1.44342,-0.463337,-0,-1.47779,-31.2745,-20.364,0.369339,-0.311173,-85.6293,-51.6385,3.87109
CS(=O)(=O)c1ccc(-c2noc([C@@H](CC3CC3)[C@H](N)C(F)=C3CCCC3)n2)c(Cl)c1,"CHEMBL402163",432,Done,4.99,-5.11748,"glide_grid_1X70",-5.47598,-1.42105,-0.300387,-0,-0.842457,-38.3489,-9.62613,0.584553,-0.135272,-62.4697,-47.9751,3.92345
CS(=O)(=O)c1ccc(-c2noc([C@@H](CC3CC3)[C@H]([NH3+])C(F)=C3CCCC3)n2)c(Cl)c1,"CHEMBL402163",433,Done,5.39,-7.14055,"glide_grid_1X70",-7.60845,-1.23968,-0.404381,-0,-1.21892,-38.7562,-18.6379,0.407539,-0.419508,-89.3604,-57.3941,10.4057
CS(=O)(=O)c1ccc(-c2noc([C@H](CC3CC3)[C@H](N)C(F)=C3CCCC3)n2)c(Cl)c1,"CHEMBL404079",434,Done,5,-4.01299,"glide_grid_1X70",-4.37149,-0.844226,-0.265371,-0,-0.526124,-31.0449,-10.5132,0.584553,-0.191092,-51.3994,-41.5581,3.3468
CS(=O)(=O)c1ccc(-c2noc([C@H](CC3CC3)[C@H]([NH3+])C(F)=C3CCCC3)n2)c(Cl)c1,"CHEMBL404079",435,Done,4.88,-7.23258,"glide_grid_1X70",-7.70048,-1.02242,-0.426428,-0,-1.23084,-34.5283,-21.8041,0.407539,-0.431303,-90.9715,-56.3324,5.81782
[NH3+][C@H](CC(=O)N1CCC[C@H]1C(=O)NCc1ccc(C(=O)[O-])cc1)Cc1ccccc1,"CHEMBL425347",436,Done,9.57,-9.39066,"glide_grid_1X70",-9.40036,-1.64424,-1.21654,-0,-1.53479,-39.0653,-22.8051,0.657654,-0.288414,-104.855,-61.8704,19.0523
N[C@H](CC(=O)N1CCC[C@H]1C(=O)NCc1ccc(C(=O)[O-])cc1)Cc1ccccc1,"CHEMBL425347",437,Done,9.66,-1.91793,"glide_grid_1X70",-4.36113,-0.987483,-0.708055,-0,-0.895569,-29.768,-7.59606,0.943692,-0.0859023,-48.5932,-37.3641,9.39101
C[C@@H](c1ccc(-c2ccccc2C(F)(F)F)cc1)[C@H](N)C(=O)N1CC[C@H](F)C1,"CHEMBL425375",438,Done,4.71,-4.53994,"glide_grid_1X70",-4.92994,-1.08751,-0.207138,-0,-1.45594,-33.2814,-5.70123,0.502573,-0.162673,-51.0641,-38.9827,2.65451
C[C@@H](c1ccc(-c2ccccc2C(F)(F)F)cc1)[C@H]([NH3+])C(=O)N1CC[C@H](F)C1,"CHEMBL425375",439,Done,4.54,-4.24095,"glide_grid_1X70",-4.67305,-0.400507,-0.4,-0,-0.938072,-21.4714,-14.202,0.500272,-0.230874,-53.5197,-35.6734,0.880216
CCN(C)C(=O)[C@@H](c1ccc(-c2ccc(F)cc2)cc1)[C@H]([NH3+])C(=O)N1CC[C@H](F)C1,"CHEMBL425558",441,Done,3.95,-6.50363,"glide_grid_1X70",-7.19843,-1.21598,-0.37247,-0,-1.81863,-36.7351,-14.4125,0.478366,-0.271071,-79.7223,-51.1477,4.47094
CCS(=O)(=O)c1ccc(-c2noc([C@H](C)[C@H](N)C(F)=C3CCCC3)n2)c(Cl)c1,"CHEMBL429757",444,Done,3.57,-2.20488,"glide_grid_1X70",-2.46968,-0.0550029,-0.304,-0,-0.51269,-29.0745,-4.29164,0.542254,-0.0427687,-35.7817,-33.3661,6.35702
CCS(=O)(=O)c1ccc(-c2noc([C@H](C)[C@H]([NH3+])C(F)=C3CCCC3)n2)c(Cl)c1,"CHEMBL429757",445,Done,4.52,-7.10196,"glide_grid_1X70",-7.70666,-1.4879,-0.498974,-0,-1.57727,-33.1076,-17.5938,0.377964,-0.226027,-83.1379,-50.7014,3.57598
NC(=O)Nc1cccc(O[P@@](=O)(OC2=CC=C[C@@H](NC(N)=O)C2)[C@@H]2CCCN2C(=O)[C@@H]2CCC[NH2+]2)c1,"CHEMBL430281",446,Done,12.79,-4.40622,"glide_grid_1X70",-4.54942,-0.326698,-0.976993,-0,0.46452,-31.2381,-16.4245,0.685118,-0.369791,-59.4077,-47.6626,11.2052
NC(=O)Nc1cccc(O[P@@](=O)(OC2=CC=C[C@@H](NC(N)=O)C2)[C@@H]2CCCN2C(=O)[C@@H]2CCCN2)c1,"CHEMBL430281",447,Done,16.71,-3.09559,"glide_grid_1X70",-4.00729,-0.389459,-0.638191,-0,0.0121744,-32.2248,-11.9906,0.687569,-0.269551,-56.4754,-44.2154,4.77442
C[C@H](c1nc(-c2ccc(S(C)(=O)=O)cc2Cl)no1)[C@H](N)C(=O)N1CC[C@H](F)C1,"CHEMBL435320",448,Done,4.28,-5.64199,"glide_grid_1X70",-5.82399,-1.40297,-0.235028,-0,-1.38921,-36.1619,-8.60731,0.42842,-0.12601,-58.8592,-44.7692,6.01609
C[C@H](c1nc(-c2ccc(S(C)(=O)=O)cc2Cl)no1)[C@H]([NH3+])C(=O)N1CC[C@H](F)C1,"CHEMBL435320",449,Done,4.33,-7.82338,"glide_grid_1X70",-8.61138,-1.43908,-0.58372,-0,-1.75329,-33.0353,-21.5869,0.298627,-0.244104,-94.8876,-54.6222,6.07136
[NH3+][C@H](CC(=O)N1CCC[C@H]1C(=O)NCc1ccc(C(F)(F)F)cc1)Cc1ccccc1F,"CHEMBL435882",450,Done,12.8,-6.99269,"glide_grid_1X70",-7.00239,-0.770348,-0.753095,-0,-1.16484,-31.1909,-20.1304,0.548863,-0.283859,-82.0617,-51.3213,8.66642
N[C@H](CC(=O)N1CCC[C@H]1C(=O)NCc1ccc(C(F)(F)F)cc1)Cc1ccccc1F,"CHEMBL435882",451,Done,10.75,-3.55607,"glide_grid_1X70",-5.99927,-1.62371,-0.502173,-0,-0.846877,-42.5746,-8.86824,0.787277,-0.35482,-64.6189,-51.4428,13.5884
C[C@H](c1nc(-c2ccc(Cl)cc2Cl)no1)[C@H](N)C(F)=C1CCCC1,"CHEMBL437026",452,Done,2.6,-4.2425,"glide_grid_1X70",-4.5073,-0.901377,-0.215413,-0,-1.24412,-34.7625,-5.13516,0.562867,-0.200863,-45.0332,-39.8977,11.1559
C[C@H](c1nc(-c2ccc(Cl)cc2Cl)no1)[C@H]([NH3+])C(F)=C1CCCC1,"CHEMBL437026",453,Done,3.51,-7.24695,"glide_grid_1X70",-7.85165,-1.43975,-0.698487,-0,-1.82343,-29.4545,-17.5699,0.392097,-0.173869,-79.5683,-47.0244,2.34983
C[C@H](c1nc(-c2ccc(S(C)(=O)=O)cc2Cl)no1)[C@H](N)C(=O)N1CCCC1,"CHEMBL437206",454,Done,4.02,-5.34454,"glide_grid_1X70",-5.56674,-1.42948,-0.218383,-0,-1.27099,-31.9443,-9.05063,0.462769,-0.155853,-53.5271,-40.9949,7.28456
C[C@H](c1nc(-c2ccc(S(C)(=O)=O)cc2Cl)no1)[C@H]([NH3+])C(=O)N1CCCC1,"CHEMBL437206",455,Done,4.07,-5.41993,"glide_grid_1X70",-6.10863,-0.808581,-0.380261,-0,-1.28084,-26.0511,-15.7106,0.322516,-0.302312,-69.4559,-41.7618,3.30572
C[C@@H](c1ccc(N(C)C(=O)c2ccc(F)cc2)cc1)[C@H](N)C(=O)N1CC[C@H](F)C1,"CHEMBL437379",456,Done,4.15,-4.24425,"glide_grid_1X70",-4.63425,-1.03985,-0.269992,-0,-1.51464,-29.6489,-6.52015,0.730229,-0.0795295,-47.2457,-36.169,3.25937
C[C@@H](c1ccc(N(C)C(=O)c2ccc(F)cc2)cc1)[C@H]([NH3+])C(=O)N1CC[C@H](F)C1,"CHEMBL437379",457,Done,5.27,-6.09885,"glide_grid_1X70",-6.53095,-0.829584,-0.405527,-0,-1.50838,-33.7887,-16.1797,0.508857,-0.179936,-74.5455,-49.9684,5.30415
CCOC(=O)C(F)(F)n1cc(-c2ccc([C@H](C)[C@H](N)C(=O)N3CC[C@H](F)C3)cc2)ccc1=O,"CHEMBL438258",458,Done,6.02,-6.0935,"glide_grid_1X70",-6.4835,-1.68223,-0.497057,-0,-1.79679,-36.438,-8.5017,0.651584,-0.0618529,-62.117,-44.9397,1.86542
CCOC(=O)C(F)(F)n1cc(-c2ccc([C@H](C)[C@H]([NH3+])C(=O)N3CC[C@H](F)C3)cc2)ccc1=O,"CHEMBL438258",459,Done,6.71,-8.68443,"glide_grid_1X70",-9.11653,-1.57074,-0.727569,-0,-2.35585,-36.7816,-19.2887,0.454314,-0.184311,-95.5766,-56.0703,2.51868
CCOC(=O)Nc1c(-c2ccc([C@H](C)[C@H](N)C(=O)N3CC[C@H](F)C3)cc2)cn(C)c(=O)c1F,"CHEMBL438265",460,Done,8.32,-5.73701,"glide_grid_1X70",-6.12701,-1.47424,-0.586831,-0,-1.63294,-40.4978,-6.91976,0.659246,-0.0293889,-63.4544,-47.4176,5.58033
CCOC(=O)Nc1c(-c2ccc([C@H](C)[C@H]([NH3+])C(=O)N3CC[C@H](F)C3)cc2)cn(C)c(=O)c1F,"CHEMBL438265",461,Done,7.95,-7.4355,"glide_grid_1X70",-7.8676,-1.10194,-0.53871,-0,-1.86233,-39.4798,-17.6356,0.459645,-0.204937,-91.2373,-57.1155,6.30987
[NH3+]CCCC[C@H](NC(=O)OCc1ccccc1)C(=O)N1CCC[C@H]1P(=O)(Oc1ccccc1)Oc1ccccc1,"CHEMBL439205",462,Done,25.44,-4.46688,"glide_grid_1X70",-4.46828,-0.0624075,-0.849166,-0,0.525557,-35.4899,-18.2927,0.575201,-0.139059,-64.3086,-53.7827,15.3863
CC(=O)Nc1ccc(OP(=O)(Oc2ccc(NC(C)=O)cc2)[C@@H]2CCCN2C(=O)[C@@H]2CCC[NH2+]2)cc1,"CHEMBL439382",463,Done,7.99,-4.38263,"glide_grid_1X70",-4.53123,-0.198597,-0.646952,-0,-0.21843,-35.2613,-14.3585,0.694901,-0.245321,-66.3692,-49.6197,6.9294
CS(=O)(=O)c1ccc(-c2noc([C@@H](CCO)[C@H](N)C(F)=C3CCCC3)n2)c(Cl)c1,"CHEMBL445674",465,Done,6.12,-4.30743,"glide_grid_1X70",-4.52913,-1.02551,-0.443772,-0,-0.835476,-27.6469,-8.58016,0.608802,-0.16381,-45.8574,-36.227,6.94108
CS(=O)(=O)c1ccc(-c2noc([C@@H](CCO)[C@H]([NH3+])C(F)=C3CCCC3)n2)c(Cl)c1,"CHEMBL445674",466,Done,6.39,-8.55296,"glide_grid_1X70",-9.24286,-1.66158,-0.916139,-0,-1.47414,-34.8175,-24.2368,0.42441,-0.239012,-103.818,-59.0543,9.25828
CC(C)[C@H](Oc1ccc(CNC(=O)[C@@H]2CCCN2C(=O)C[C@H]([NH3+])Cc2cc(F)ccc2F)cc1)C(=O)[O-],"CHEMBL445949",467,Done,15.22,-7.98798,"glide_grid_1X70",-7.99768,-1.38592,-0.785469,-0,-1.55128,-36.7705,-18.2435,0.536558,-0.236516,-90.1497,-55.014,11.4235
CC(C)[C@H](Oc1ccc(CNC(=O)[C@@H]2CCCN2C(=O)C[C@H](N)Cc2cc(F)ccc2F)cc1)C(=O)[O-],"CHEMBL445949",468,Done,14.57,-4.88381,"glide_grid_1X70",-7.32701,-1.18402,-1.43652,-0,-0.860984,-35.4268,-17.8367,0.769263,-0.167911,-76.2613,-53.2635,16.863
[NH3+][C@H](CC(=O)N1CSC[C@H]1C(=O)NCc1ccc(CC(=O)[O-])cc1)Cc1ccccc1,"CHEMBL451492",469,Done,9.37,-6.68286,"glide_grid_1X70",-6.69596,-1.34042,-0.677725,-0,-1.26503,-36.5821,-12.9227,0.645503,-0.290778,-78.7909,-49.5049,13.7076
N[C@H](CC(=O)N1CSC[C@H]1C(=O)NCc1ccc(CC(=O)[O-])cc1)Cc1ccccc1,"CHEMBL451492",470,Done,9.31,-3.97118,"glide_grid_1X70",-6.23568,-1.8229,-0.834483,-0,-0.831978,-41.8467,-9.47777,0.925981,-0.158306,-66.0237,-51.3245,18.1727
COC(=O)c1ccc(COC(=O)[C@@H]2CC=NN2C(=O)C[C@H]([NH3+])Cc2cc(F)c(F)cc2F)cc1,"CHEMBL452326",471,Done,7.41,-9.07373,"glide_grid_1X70",-9.09333,-1.03694,-1.24667,-0,-1.91564,-38.0569,-22.2574,0.557724,-0.210347,-106.106,-60.3143,5.16764
COC(=O)c1ccc(COC(=O)[C@@H]2CC=NN2C(=O)C[C@H](N)Cc2cc(F)c(F)cc2F)cc1,"CHEMBL452326",472,Done,6.08,-2.53992,"glide_grid_1X70",-4.56912,-1.01609,-0.533662,-0,-0.803012,-32.7441,-8.55627,0.799824,-0.0955317,-54.1783,-41.3004,3.36198
CCOC(=O)COc1ccc(CNC(=O)[C@@H]2CC=NN2C(=O)C[C@H]([NH3+])Cc2cc(F)c(F)cc2F)cc1,"CHEMBL456885",473,Done,14.49,-8.27896,"glide_grid_1X70",-8.29626,-1.14794,-0.89013,-0,-1.91151,-41.9348,-17.9697,0.634945,-0.189432,-95.9848,-59.9045,9.67337
CCOC(=O)COc1ccc(CNC(=O)[C@@H]2CC=NN2C(=O)C[C@H](N)Cc2cc(F)c(F)cc2F)cc1,"CHEMBL456885",474,Done,11.3,-1.45327,"glide_grid_1X70",-3.55677,-0.626362,-0.404813,-0,-0.811059,-29.6197,-6.78576,0.910298,-0.125986,-46.7435,-36.4054,3.57685
COc1ccccc1N1CCc2nc(C)c(C[NH3+])c(-c3ccc(Cl)cc3Cl)c2C1=O,"CHEMBL459807",475,Done,2.98,-7.4493,"glide_grid_1X70",-7.6374,-1.72935,-0.530592,-0,-1.14456,-36.415,-15.946,0.142389,-0.162639,-83.2806,-52.361,2.19755
COc1ccccc1N1CCc2nc(C)c(CN)c(-c3ccc(Cl)cc3Cl)c2C1=O,"CHEMBL459807",476,Done,3.03,-2.38794,"glide_grid_1X70",-3.15924,-0.401339,-0.316786,-0,-0.403291,-28.6606,-5.39367,0.204255,0,-41.1739,-34.0542,1.71488
NS(=O)(=O)c1ccc(CNC(=O)[C@@H]2CC=NN2C(=O)C[C@H]([NH3+])Cc2cc(F)c(F)cc2F)cc1,"CHEMBL459881",477,Done,7.76,-7.63045,"glide_grid_1X70",-7.64775,-1.25402,-0.746579,-0,-0.948989,-35.8846,-20.0265,0.45986,-0.359821,-89.6026,-55.9111,11.7816
N[C@@H](CC(=O)N1N=CC[C@H]1C(=O)NCc1ccc(S(N)(=O)=O)cc1)Cc1cc(F)c(F)cc1F,"CHEMBL459881",478,Done,9.06,-2.83262,"glide_grid_1X70",-4.93612,-0.984811,-0.450809,-0,0.226597,-36.839,-14.7209,0.659384,-0.336406,-58.1208,-51.5598,13.8779
COC(=O)c1ccc(CNC(=O)[C@@H]2CC=NN2C(=O)C[C@H](N)Cc2cc(F)c(F)cc2F)cc1,"CHEMBL459882",480,Done,6.37,-2.68829,"glide_grid_1X70",-4.79179,-0.87038,-0.523973,-0,-1.29121,-37.4024,-5.87769,0.802846,-0.157298,-59.0811,-43.28,5.51851
CCOC(=O)c1ccc(OC(=O)[C@@H]2CC=NN2C(=O)C[C@H]([NH3+])Cc2cc(F)c(F)cc2F)cc1,"CHEMBL460949",481,Done,5.88,-7.62954,"glide_grid_1X70",-7.65294,-1.37956,-0.569878,-0,-1.56453,-36.7416,-16.9365,0.557724,-0.319147,-81.3897,-53.6781,15.7841
CCOC(=O)c1ccc(OC(=O)[C@@H]2CC=NN2C(=O)C[C@H](N)Cc2cc(F)c(F)cc2F)cc1,"CHEMBL460949",482,Done,6.13,-0.5886,"glide_grid_1X70",-2.5142,-0.709324,-0.582755,-0,0.165044,-31.2791,-3.81105,0.799824,-0.0513789,-33.5991,-35.0901,10.041
COC(=O)Cc1ccc(OC(=O)[C@@H]2CC=NN2C(=O)C[C@H]([NH3+])Cc2cc(F)c(F)cc2F)cc1,"CHEMBL460950",483,Done,7.33,-7.93761,"glide_grid_1X70",-7.96081,-0.883721,-0.966004,-0,-1.15991,-40.4208,-21.7831,0.557724,-0.220382,-98.7322,-62.204,8.15312
COC(=O)Cc1ccc(OC(=O)[C@@H]2CC=NN2C(=O)C[C@H](N)Cc2cc(F)c(F)cc2F)cc1,"CHEMBL460950",484,Done,7.51,-2.86652,"glide_grid_1X70",-4.79862,-1.07874,-0.774322,-0,-0.530048,-38.9932,-7.91869,0.799824,-0.0778726,-57.105,-46.9118,11.31
CCOC(=O)c1ccc(NC(=O)[C@@H]2CC=NN2C(=O)C[C@H]([NH3+])Cc2cc(F)c(F)cc2F)cc1,"CHEMBL460951",485,Done,7.68,-10.2546,"glide_grid_1X70",-10.2723,-1.77298,-0.995264,-0,-2.1444,-43.4615,-23.5894,0.559827,-0.208016,-115.04,-67.0509,11.1834
CCOC(=O)c1ccc(NC(=O)[C@@H]2CC=NN2C(=O)C[C@H](N)Cc2cc(F)c(F)cc2F)cc1,"CHEMBL460951",486,Done,6.11,-2.77128,"glide_grid_1X70",-4.85988,-0.848174,-0.771841,-0,-0.716028,-31.5943,-10.584,0.802846,-0.159366,-46.0114,-42.1783,21.2683
COCCOc1ccc2nc(C3(NC(=O)C[C@H]([NH3+])Cc4cc(Cl)ccc4F)CCOCC3)sc2c1,"CHEMBL469317",487,Done,8.56,-6.86459,"glide_grid_1X70",-6.87569,-1.54046,-0.760065,-0,-0.0539881,-40.5635,-18.5168,0.473647,-0.189132,-85.8206,-59.0803,13.6729
COCCOc1ccc2nc(C3(NC(=O)C[C@H](N)Cc4cc(Cl)ccc4F)CCOCC3)sc2c1,"CHEMBL469317",488,Done,9.03,-2.78578,"glide_grid_1X70",-5.14578,-1.48702,-0.596463,-0,-0.425982,-38.8153,-8.44436,0.679044,-0.107936,-60.1996,-47.2597,6.40972
COCCOc1ccc2nc(C3(NC(=O)C[C@H]([NH3+])Cc4cc(F)c(F)cc4F)CCOCC3)sc2c1,"CHEMBL470164",489,Done,8.17,-5.70417,"glide_grid_1X70",-5.71527,-1.05651,-0.638706,-0,-0.688536,-28.7993,-16.327,0.672998,-0.115502,-69.8973,-45.1263,10.0393
COCCOc1ccc2nc(C3(NC(=O)C[C@H](N)Cc4cc(F)c(F)cc4F)CCOCC3)sc2c1,"CHEMBL470164",490,Done,8.71,-3.13434,"glide_grid_1X70",-5.49434,-1.28802,-0.456,-0,-0.944709,-39.351,-9.34442,0.675384,-0.111782,-63.0858,-48.6954,3.99001
COc1ccc2nc(C3(NC(=O)C[C@H]([NH3+])Cc4cc(F)c(F)cc4F)CCS(=O)(=O)CC3)sc2c1,"CHEMBL470356",491,Done,6.43,-8.85957,"glide_grid_1X70",-8.87107,-1.00613,-0.936985,-0,-1.58319,-37.7896,-23.6605,0.309692,-0.215906,-103.358,-61.4501,10.8589
COc1ccc2nc(C3(NC(=O)C[C@H](N)Cc4cc(F)c(F)cc4F)CCS(=O)(=O)CC3)sc2c1,"CHEMBL470356",492,Done,6.26,-2.44246,"glide_grid_1X70",-4.78526,-1.18016,-0.399757,-0,-0.122459,-31.9169,-11.5863,0.443974,-0.193066,-54.8967,-43.5032,5.1423
COc1ccc2sc(C3(NC(=O)C[C@H]([NH3+])Cc4cc(F)c(F)cc4F)CCS(=O)(=O)CC3)nc2c1,"CHEMBL470357",493,Done,6.34,-9.8988,"glide_grid_1X70",-9.9103,-1.36067,-1.08972,-0,-1.86273,-42.2265,-24.2477,0.309692,-0.158388,-114.609,-66.4742,9.6039
COc1ccc2sc(C3(NC(=O)C[C@H](N)Cc4cc(F)c(F)cc4F)CCS(=O)(=O)CC3)nc2c1,"CHEMBL470357",494,Done,6.19,-1.66168,"glide_grid_1X70",-4.00448,-0.439806,-0.559344,-0,-0.265129,-29.6481,-9.54397,0.443974,-0.270173,-42.3716,-39.192,16.2095
NS(=O)(=O)c1ccc(NC(=O)[C@@H]2CC=NN2C(=O)C[C@H]([NH3+])Cc2cc(F)c(F)cc2F)cc1,"CHEMBL471515",495,Done,7.08,-7.8625,"glide_grid_1X70",-7.8802,-1.05229,-0.810478,-0,-1.17121,-38.2537,-20.6555,0.423963,-0.259165,-90.5159,-58.9093,11.1667
N[C@@H](CC(=O)N1N=CC[C@H]1C(=O)Nc1ccc(S(N)(=O)=O)cc1)Cc1cc(F)c(F)cc1F,"CHEMBL471515",496,Done,8.03,-3.70804,"glide_grid_1X70",-5.79664,-1.45113,-0.576,-0,-0.935504,-40.4052,-8.59235,0.607973,-0.13287,-60.7353,-48.9975,12.4215
COCCOc1ccc2nc(C3(NC(=O)C[C@H]([NH3+])Cc4cc(F)c(F)cc4F)CCS(=O)(=O)CC3)sc2c1,"CHEMBL471834",497,Done,6.69,-7.9609,"glide_grid_1X70",-7.9724,-1.24839,-0.677786,-0,-1.34634,-37.9328,-19.7855,0.336032,-0.171453,-87.9732,-57.7183,24.9962
CCOC(=O)COc1ccc(NC(=O)[C@@H]2CC=NN2C(=O)C[C@H]([NH3+])Cc2cc(F)c(F)cc2F)cc1,"CHEMBL472199",499,Done,10.13,-5.57848,"glide_grid_1X70",-5.59618,-0.20215,-0.698914,-0,-0.586436,-26.5689,-20.2562,0.611931,-0.353747,-71.2639,-46.825,5.13804
CCOC(=O)COc1ccc(NC(=O)[C@@H]2CC=NN2C(=O)C[C@H](N)Cc2cc(F)c(F)cc2F)cc1,"CHEMBL472199",500,Done,11.37,0.106997,"glide_grid_1X70",-1.9816,-0.307026,-0.304,-0,0.00362763,-30.9466,-4.20961,0.877382,-0.0728139,-37.5122,-35.1562,9.14351
CCOC(=O)COc1cccc(NC(=O)[C@@H]2CC=NN2C(=O)C[C@H]([NH3+])Cc2cc(F)c(F)cc2F)c1,"CHEMBL472200",501,Done,11.99,-6.88366,"glide_grid_1X70",-6.90136,-1.34117,-0.627523,-0,-0.789903,-31.8678,-21.5857,0.874187,-0.185703,-79.7599,-53.4535,9.91476
CCOC(=O)COc1cccc(NC(=O)[C@@H]2CC=NN2C(=O)C[C@H](N)Cc2cc(F)c(F)cc2F)c1,"CHEMBL472200",502,Done,13.17,-1.11489,"glide_grid_1X70",-3.20349,-0.754089,-0.573795,-0,-0.317894,-35.7404,-3.7156,0.877382,-0.0907343,-46.2013,-39.456,9.36869
[NH3+][C@@H](CC(=O)N1N=CC[C@H]1C(=O)Nc1ccc(S(=O)(=O)[O-])cc1)Cc1cc(F)c(F)cc1F,"CHEMBL472381",503,Done,7.88,-9.27502,"glide_grid_1X70",-9.29272,-1.49287,-0.925821,-0,-1.80446,-35.7444,-23.3052,0.424,-0.210572,-104.955,-59.0496,9.67845
N[C@@H](CC(=O)N1N=CC[C@H]1C(=O)Nc1ccc(S(=O)(=O)[O-])cc1)Cc1cc(F)c(F)cc1F,"CHEMBL472381",504,Done,7.16,-4.99157,"glide_grid_1X70",-7.08017,-1.51126,-0.975252,-0,-1.39061,-38.2154,-12.1516,0.608026,-0.0775528,-68.1185,-50.367,14.6341
CC[C@H](CC(=O)N1CCn2c(nnc2C(F)(F)F)C1)[C@H](N)C(=O)N1CCC[C@H]1C#N,"CHEMBL474002",505,Done,6.97,-4.2872,"glide_grid_1X70",-4.5604,-0.371123,-0.928837,-0,-0.70353,-24.3302,-11.6542,0.652076,-0.244351,-45.5956,-35.9844,2.52829
CC[C@H](CC(=O)N1CCn2c(nnc2C(F)(F)F)C1)[C@H]([NH3+])C(=O)N1CCC[C@H]1C#N,"CHEMBL474002",506,Done,7.62,-7.462,"glide_grid_1X70",-8.0521,-0.95956,-0.65908,-0,-1.63876,-33.4173,-21.2716,0.454511,-0.387606,-85.9438,-54.6889,7.35568
CC(C)(CC(=O)N1CCn2c(nnc2C(F)(F)F)C1)[C@H](N)C(=O)N1CCC[C@H]1C#N,"CHEMBL474003",507,Done,6.1,-3.63491,"glide_grid_1X70",-3.95651,-0.700493,-0.304622,-0,-1.01146,-37.9744,-3.20678,0.652076,-0.212279,-46.6539,-41.1812,9.04119
CC(C)(CC(=O)N1CCn2c(nnc2C(F)(F)F)C1)[C@H]([NH3+])C(=O)N1CCC[C@H]1C#N,"CHEMBL474003",508,Done,6.79,-7.17111,"glide_grid_1X70",-7.68661,-0.918269,-0.72,-0,-1.98302,-29.1492,-18.9343,0.454511,-0.22223,-78.5513,-48.0834,5.60844
N#C[C@@H]1CCCN1C(=O)[C@@H](N)CCC(=O)N1CCn2nc(C(F)(F)F)nc2C1,"CHEMBL474047",509,Done,7.55,-4.61729,"glide_grid_1X70",-4.85519,-0.819081,-0.304,-0,-1.19204,-36.0114,-7.74948,0.737085,-0.31417,-51.2302,-43.7609,11.2851
N#C[C@@H]1CCCN1C(=O)[C@@H]([NH3+])CCC(=O)N1CCn2nc(C(F)(F)F)nc2C1,"CHEMBL474047",510,Done,8.18,-7.14563,"glide_grid_1X70",-7.80113,-0.855264,-0.72987,-0,-1.9386,-33.8114,-18.2553,0.513624,-0.362156,-85.2387,-52.0667,3.95213
N#C[C@@H]1CCCN1C(=O)[C@@H](N)CCC(=O)N1CCn2cc(C(F)(F)F)nc2C1,"CHEMBL474048",511,Done,4.92,-5.07654,"glide_grid_1X70",-5.31444,-1.01957,-0.304,-0,-1.13503,-35.6188,-10.0706,0.740378,-0.304703,-53.9537,-45.6893,12.5497
N#C[C@@H]1CCCN1C(=O)[C@@H]([NH3+])CCC(=O)N1CCn2cc(C(F)(F)F)nc2C1,"CHEMBL474048",512,Done,5.37,-6.95862,"glide_grid_1X70",-7.61412,-1.16618,-0.439065,-0,-1.76716,-33.0107,-18.5948,0.515913,-0.317876,-80.5866,-51.6054,5.37075
[NH3+][C@@H](CC(=O)N1CCCN(S(=O)(=O)c2ccc(C(=O)[O-])cc2)CC1)Cc1cc(F)c(F)cc1F,"CHEMBL474630",513,Done,9.15,-7.89844,"glide_grid_1X70",-7.90834,-1.03462,-0.726844,-0,-1.69916,-35.1573,-19.1193,0.343624,-0.165586,-89.1849,-54.2765,9.88881
N[C@@H](CC(=O)N1CCCN(S(=O)(=O)c2ccc(C(=O)[O-])cc2)CC1)Cc1cc(F)c(F)cc1F,"CHEMBL474630",514,Done,8.75,-1.44764,"glide_grid_1X70",-3.87934,-0.512163,-0.555203,-0,-0.267216,-26.6606,-10.8769,0.492713,-0.0729047,-48.4565,-37.5375,2.37108
[NH3+][C@@H](CC(=O)N1CCCN(C(=O)Nc2ccc(C(=O)[O-])cc2)CC1)Cc1cc(F)c(F)cc1F,"CHEMBL474631",515,Done,15.08,-8.80804,"glide_grid_1X70",-8.81744,-1.48475,-0.860247,-0,-1.85657,-36.8854,-20.3096,0.433747,-0.158919,-101.732,-57.195,7.05779
N[C@@H](CC(=O)N1CCCN(C(=O)Nc2ccc(C(=O)[O-])cc2)CC1)Cc1cc(F)c(F)cc1F,"CHEMBL474631",516,Done,15.44,-1.74836,"glide_grid_1X70",-4.20916,-1.20968,-0.347902,-0,-1.0605,-33.702,-3.22342,0.62203,-0.0444914,-44.017,-36.9254,13.6532
N#C[C@@H]1CCCN1C(=O)[C@@H](N)CCC(=O)N1CCN(C(=O)C(F)(F)F)CC1,"CHEMBL474808",517,Done,11.16,-4.79225,"glide_grid_1X70",-5.03605,-1.06399,-0.797446,-0,-1.15497,-28.945,-8.53554,0.900034,-0.192098,-44.0229,-37.4805,9.73974
N#C[C@@H]1CCCN1C(=O)[C@@H]([NH3+])CCC(=O)N1CCN(C(=O)C(F)(F)F)CC1,"CHEMBL474808",518,Done,12.63,-6.18227,"glide_grid_1X70",-6.82617,-1.17772,-0.390991,-0,-2.22888,-32.05,-12.404,0.627105,-0.192598,-68.7016,-44.4539,4.95264
NS(=O)(=O)c1ccc(C(=O)N2CCCN(C(=O)C[C@H]([NH3+])Cc3cc(F)c(F)cc3F)CC2)cc1,"CHEMBL474812",519,Done,23.32,-8.78638,"glide_grid_1X70",-8.79598,-0.924907,-1.13015,-0,-1.07794,-38.0529,-25.0527,0.343595,-0.346027,-105.049,-63.1056,7.31151
N[C@@H](CC(=O)N1CCCN(C(=O)c2ccc(S(N)(=O)=O)cc2)CC1)Cc1cc(F)c(F)cc1F,"CHEMBL474812",520,Done,23.67,-4.08352,"glide_grid_1X70",-6.52872,-1.00053,-1.06405,-0,-0.745709,-39.6767,-14.3387,0.492671,-0.0764609,-70.1381,-54.0154,10.0669
[NH3+][C@@H](CC(=O)N1CCCN(C(=O)c2ccc(C(=O)[O-])nc2)CC1)Cc1cc(F)c(F)cc1F,"CHEMBL474813",521,Done,15.63,-8.68824,"glide_grid_1X70",-8.69774,-0.961103,-0.877339,-0,-1.91409,-35.2455,-22.4688,0.392529,-0.205146,-99.6927,-57.7143,9.26553
N[C@@H](CC(=O)N1CCCN(C(=O)c2ccc(C(=O)[O-])nc2)CC1)Cc1cc(F)c(F)cc1F,"CHEMBL474813",522,Done,16.06,-3.33226,"glide_grid_1X70",-5.78886,-1.42267,-0.415385,-0,-1.39349,-37.628,-7.3376,0.562981,-0.138255,-58.4874,-44.9656,12.9008
CC(C)(CC(=O)N1CCn2nc(C(F)(F)F)nc2C1)[C@H](N)C(=O)N1CCC[C@H]1C#N,"CHEMBL475169",523,Done,8.21,-3.04154,"glide_grid_1X70",-3.36314,-0.511776,-0.304,-0,-0.780186,-30.2846,-5.04603,0.652076,-0.148118,-42.4353,-35.3307,3.97703
CC(C)(CC(=O)N1CCn2nc(C(F)(F)F)nc2C1)[C@H]([NH3+])C(=O)N1CCC[C@H]1C#N,"CHEMBL475169",524,Done,9.08,-5.32558,"glide_grid_1X70",-5.84108,-0.844851,-0.484123,-0,-1.01715,-29.0992,-15.2746,0.454511,-0.203316,-65.3282,-44.3738,5.97376
[NH3+][C@@H](CC(=O)N1CCCN(C(=O)c2cncc(C(=O)[O-])c2)CC1)Cc1cc(F)c(F)cc1F,"CHEMBL475655",525,Done,15.92,-10.4427,"glide_grid_1X70",-10.4522,-1.33731,-1.63158,-0,-2.08246,-37.3684,-24.7833,0.392529,-0.207453,-118.103,-62.1517,8.95299
N[C@@H](CC(=O)N1CCCN(C(=O)c2cncc(C(=O)[O-])c2)CC1)Cc1cc(F)c(F)cc1F,"CHEMBL475655",526,Done,17.37,-4.09907,"glide_grid_1X70",-6.55567,-1.52692,-0.496422,-0,-1.67218,-37.4364,-9.29639,0.562981,-0.156861,-60.2223,-46.7327,15.6511
C[C@H](CC(=O)N1CCn2c(nnc2C(F)(F)F)C1)[C@H](N)C(=O)N1CCC[C@H]1C#N,"CHEMBL475662",527,Done,5.72,-4.03279,"glide_grid_1X70",-4.32289,-0.817972,-0.304,-0,-1.50179,-32.5339,-4.47318,0.692621,-0.0940733,-45.8123,-37.0071,5.08936
C[C@H](CC(=O)N1CCn2c(nnc2C(F)(F)F)C1)[C@H]([NH3+])C(=O)N1CCC[C@H]1C#N,"CHEMBL475662",528,Done,6.71,-5.62622,"glide_grid_1X70",-6.18852,-0.803106,-0.440101,-0,-1.27531,-26.7097,-17.1631,0.482708,-0.242747,-64.4691,-43.8728,13.8147
CCOC(=O)[C@H](Oc1ccc(NC(=O)[C@@H]2CC=NN2C(=O)C[C@H]([NH3+])Cc2cc(F)c(F)cc2F)cc1)C(C)C,"CHEMBL479536",529,Done,12.58,-9.4408,"glide_grid_1X70",-9.4585,-1.10991,-1.13594,-0,-1.84947,-41.4612,-24.1008,0.528469,-0.203469,-109.437,-65.5619,13.3977
Cc1ccc(S(=O)(=O)N2CCCN(C(=O)C[C@H]([NH3+])Cc3cc(F)c(F)cc3F)CC2)cc1,"CHEMBL481897",531,Done,9.61,-8.40098,"glide_grid_1X70",-8.41088,-1.76004,-0.786755,-0,-1.49076,-37.6848,-18.0849,0.383311,-0.15967,-92.9413,-55.7697,5.75389
Cc1ccc(S(=O)(=O)N2CCCN(C(=O)C[C@H](N)Cc3cc(F)c(F)cc3F)CC2)cc1,"CHEMBL481897",532,Done,9.83,-1.4416,"glide_grid_1X70",-3.8733,-0.542067,-0.531628,-0,-0.33452,-26.8781,-10.8732,0.549733,-0.0399324,-47.1428,-37.7513,1.28626
[NH3+][C@@H](CC(=O)N1CCCN(S(=O)(=O)c2ccc([N+](=O)[O-])cc2)CC1)Cc1cc(F)c(F)cc1F,"CHEMBL482071",533,Done,11.13,-9.10012,"glide_grid_1X70",-9.11002,-1.23613,-0.872092,-0,-1.9886,-38.0347,-21.8631,0.341121,-0.173129,-103.334,-59.8978,5.72515
N[C@@H](CC(=O)N1CCCN(S(=O)(=O)c2ccc([N+](=O)[O-])cc2)CC1)Cc1cc(F)c(F)cc1F,"CHEMBL482071",534,Done,11.16,-0.769684,"glide_grid_1X70",-3.20138,-0.765564,-0.347587,-0,0.364707,-34.0702,-7.79984,0.489117,-0.0685729,-48.2798,-41.87,1.4613
[NH3+][C@@H](CC(=O)N1N=CC[C@H]1C(=O)Nc1ccc(OCC(=O)[O-])cc1)Cc1cc(F)c(F)cc1F,"CHEMBL488022",535,Done,7.5,-9.00186,"glide_grid_1X70",-9.01956,-1.4774,-0.903788,-0,-1.98694,-38.9413,-20.3844,0.557766,-0.204458,-107.183,-59.3257,9.02141
N[C@@H](CC(=O)N1N=CC[C@H]1C(=O)Nc1ccc(OCC(=O)[O-])cc1)Cc1cc(F)c(F)cc1F,"CHEMBL488022",536,Done,7.52,-3.21129,"glide_grid_1X70",-5.29989,-1.4921,-0.806354,-0,-0.678947,-32.377,-9.2265,0.799885,-0.119551,-58.555,-41.6035,6.85349
[NH3+][C@@H](CC(=O)N1N=CC[C@H]1C(=O)Nc1cccc(OCC(=O)[O-])c1)Cc1cc(F)c(F)cc1F,"CHEMBL488027",537,Done,8.85,-9.34026,"glide_grid_1X70",-9.35796,-1.13772,-1.27269,-0,-1.43971,-37.1729,-26.0552,0.557766,-0.298685,-109.185,-63.2281,17.6902
N[C@@H](CC(=O)N1N=CC[C@H]1C(=O)Nc1cccc(OCC(=O)[O-])c1)Cc1cc(F)c(F)cc1F,"CHEMBL488027",538,Done,9.1,-3.35653,"glide_grid_1X70",-5.44513,-1.04597,-0.820824,-0,-0.712817,-28.7725,-14.0478,0.799885,-0.119609,-56.3075,-42.8202,10.4633
[NH3+][C@@H](CC(=O)N1N=CC[C@H]1C(=O)Nc1ccccc1OCC(=O)[O-])Cc1cc(F)c(F)cc1F,"CHEMBL488713",539,Done,8.02,-8.73039,"glide_grid_1X70",-8.74809,-1.74578,-1.04101,-0,-1.9553,-34.1697,-17.5122,0.557766,-0.228461,-86.9041,-51.6819,16.0222
N[C@@H](CC(=O)N1N=CC[C@H]1C(=O)Nc1ccccc1OCC(=O)[O-])Cc1cc(F)c(F)cc1F,"CHEMBL488713",540,Done,8.44,-2.38752,"glide_grid_1X70",-4.47612,-1.18717,-0.662575,-0,-0.909279,-32.3268,-5.25061,0.799885,-0.113049,-43.6308,-37.5774,20.6413
CC(C)[C@H](Oc1ccc(NC(=O)[C@@H]2CC=NN2C(=O)C[C@H]([NH3+])Cc2cc(F)c(F)cc2F)cc1)C(=O)[O-],"CHEMBL488714",541,Done,10.7,-5.34269,"glide_grid_1X70",-5.36039,-0.347384,-0.702378,-0,-0.708626,-26.7332,-16.75,0.477906,-0.23075,-67.2121,-43.4832,11.644
CC(C)[C@H](Oc1ccc(NC(=O)[C@@H]2CC=NN2C(=O)C[C@H](N)Cc2cc(F)c(F)cc2F)cc1)C(=O)[O-],"CHEMBL488714",542,Done,7.7,-3.08316,"glide_grid_1X70",-5.17176,-1.23215,-0.586061,-0,-0.607078,-41.7,-7.53532,0.685161,-0.216332,-55.7444,-49.2353,18.7014
CC(C)(CNC(=O)C(c1ccc(Cl)cc1)c1ccc(Cl)cc1)[NH2+]CC(=O)N1C[C@@H](F)C[C@H]1C#N,"CHEMBL488810",544,Done,6.72,-5.46534,"glide_grid_1X70",-6.30144,-1.20024,-0.390762,-0,-1.18697,-38.2702,-14.513,0.79778,-0.230798,-80.0265,-52.7831,5.15302
[NH3+][C@@H](CC(=O)N1N=CC[C@H]1C(=O)NCc1ccc(OCC(=O)[O-])cc1)Cc1cc(F)c(F)cc1F,"CHEMBL488908",545,Done,10.96,-7.76525,"glide_grid_1X70",-7.78255,-0.874944,-1.00642,-0,-1.33969,-35.8093,-21.894,0.839761,-0.326687,-100.835,-57.7033,8.10185
[NH3+][C@@H](CC(=O)N1N=CC[C@H]1C(=O)NCc1cccc(OCC(=O)[O-])c1)Cc1cc(F)c(F)cc1F,"CHEMBL488909",547,Done,13.07,-8.81058,"glide_grid_1X70",-8.82788,-1.13155,-1.15374,-0,-1.51675,-32.8434,-25.2089,0.587833,-0.190167,-95.0745,-58.0523,24.0768
N#C[C@@H]1CCCN1C(=O)[C@@H](N)CCC(=O)N1CCn2c(nnc2C(F)(F)F)C1,"CHEMBL492733",549,Done,6.29,-4.93443,"glide_grid_1X70",-5.17233,-1.09731,-0.503417,-0,-1.56181,-24.4525,-9.44819,0.737085,-0.107032,-46.0125,-33.9007,1.31351
N#C[C@@H]1CCCN1C(=O)[C@@H]([NH3+])CCC(=O)N1CCn2c(nnc2C(F)(F)F)C1,"CHEMBL492733",550,Done,6.51,-6.0243,"glide_grid_1X70",-6.6798,-0.504351,-0.566997,-0,-1.82165,-21.2964,-20.3065,0.513624,-0.189637,-66.2769,-41.6029,5.13709
COc1cc2c(cc1OC)[C@@H](C(C)C)N(C(=O)CC[C@H](N)C(=O)N1CCC[C@H]1C#N)CC2,"CHEMBL494147",551,Done,10.46,-4.26146,"glide_grid_1X70",-4.50816,-1.21214,-0.538564,-0,-0.54428,-24.4853,-9.91595,0.612228,-0.11374,-41.1289,-34.4013,7.47846
COc1cc2c(cc1OC)[C@@H](C(C)C)N(C(=O)CC[C@H]([NH3+])C(=O)N1CCC[C@H]1C#N)CC2,"CHEMBL494147",552,Done,10.51,-6.13303,"glide_grid_1X70",-6.77123,-0.972651,-0.621203,-0,-1.187,-33.7137,-16.9004,0.426793,-0.196422,-76.9907,-50.6141,5.81596
N#C[C@@H]1CCCN1C(=O)[C@@H](N)CCC(=O)N1CCc2nc(-c3ccc(F)cc3)sc2C1,"CHEMBL494339",553,Done,4.11,-2.51797,"glide_grid_1X70",-2.75657,-0.302439,-0.304,-0,-0.721491,-33.0864,-2.70084,0.71729,-0.0864912,-41.424,-35.7872,2.97363
N#C[C@@H]1CCCN1C(=O)[C@@H]([NH3+])CCC(=O)N1CCc2nc(-c3ccc(F)cc3)sc2C1,"CHEMBL494339",554,Done,3.91,-5.73085,"glide_grid_1X70",-6.38515,-0.975582,-0.435838,-0,-1.28147,-37.2507,-13.8795,0.500028,-0.247839,-74.0697,-51.1302,6.38043
[NH3+][C@H](C(=O)N1CCCC1)[C@H]1CC[C@H](NS(=O)(=O)c2ccc([N-]S(=O)(=O)CC(F)(F)F)cc2)CC1,"CHEMBL497992",555,Done,8.8,-6.69843,"glide_grid_1X70",-6.92743,-1.29795,-0.4,-0,-1.04071,-40.2263,-15.7254,0.467781,-0.286416,-89.3472,-55.9517,6.7054
N[C@H](C(=O)N1CCCC1)[C@H]1CC[C@H](NS(=O)(=O)c2ccc([N-]S(=O)(=O)CC(F)(F)F)cc2)CC1,"CHEMBL497992",556,Done,7.05,-0.247417,"glide_grid_1X70",-0.958017,-0.513469,-0.285883,-0,1.98553,-36.1315,-4.78524,0.670619,-0.290455,-30.574,-40.9168,14.0932
[NH3+][C@H](C(=O)N1CCCC1)[C@H]1CC[C@H](NS(=O)(=O)c2ccc(NS(=O)(=O)CC(F)(F)F)cc2)CC1,"CHEMBL497992",557,Done,7.1,-4.39236,"glide_grid_1X70",-6.95246,-1.25268,-0.516131,-0,-0.729856,-39.0817,-18.5407,0.466138,-0.184739,-86.743,-57.6223,9.03323
[NH3+][C@@H](CC(=O)NC1(c2nc3ccc(OCCN4CCOCC4)cc3s2)CCS(=O)(=O)CC1)Cc1cc(F)c(F)cc1F,"CHEMBL504021",558,Done,8.47,-9.619,"glide_grid_1X70",-9.6515,-1.30605,-0.645466,-0,-1.58302,-48.7394,-24.8479,0.241989,-0.194806,-122.217,-73.5872,17.0385
[NH3+][C@@H](CC(=O)NC1(c2nc3ccc(OCC[NH+]4CCOCC4)cc3s2)CCS(=O)(=O)CC1)Cc1cc(F)c(F)cc1F,"CHEMBL504021",559,Done,7.54,-4.8217,"glide_grid_1X70",-6.8215,-0.266257,-1.11835,-0,-0.0238801,-35.3569,-24.9003,0.343589,-0.253708,-96.1006,-60.2572,15.5023
N[C@@H](CC(=O)NC1(c2nc3ccc(OCCN4CCOCC4)cc3s2)CCS(=O)(=O)CC1)Cc1cc(F)c(F)cc1F,"CHEMBL504021",560,Done,8.42,-2.32686,"glide_grid_1X70",-4.69076,-1.49994,-0.481436,-0,-0.72723,-33.0042,-4.24071,0.347819,-0.0436603,-49.2679,-37.2449,14.1399
CCOC(=O)COc1ccccc1NC(=O)[C@@H]1CC=NN1C(=O)C[C@H]([NH3+])Cc1cc(F)c(F)cc1F,"CHEMBL512013",561,Done,18.29,-9.77262,"glide_grid_1X70",-9.79032,-1.50544,-1.17928,-0,-2.05762,-42.6846,-22.3556,0.611931,-0.172334,-108.287,-65.0402,16.4735
CCOC(=O)COc1ccccc1NC(=O)[C@@H]1CC=NN1C(=O)C[C@H](N)Cc1cc(F)c(F)cc1F,"CHEMBL512013",562,Done,17.22,-4.29653,"glide_grid_1X70",-6.38513,-1.71487,-0.877591,-0,-1.3332,-42.8133,-7.05208,0.877382,-0.138366,-65.9479,-49.8654,10.2266
COCCOc1ccc2nc(C3(NC(=O)C[C@H]([NH3+])Cc4cc(Cl)ccc4F)CCS(=O)(=O)CC3)sc2c1,"CHEMBL512651",563,Done,7.22,-9.17061,"glide_grid_1X70",-9.18211,-1.31836,-1.02925,-0,-0.758263,-47.3265,-25.6746,0.339082,-0.197793,-116.903,-73.0011,16.7385
COCCOc1ccc2nc(C3(NC(=O)C[C@H](N)Cc4cc(Cl)ccc4F)CCS(=O)(=O)CC3)sc2c1,"CHEMBL512651",564,Done,5.37,-2.48298,"glide_grid_1X70",-4.82578,-1.28509,-0.427437,-0,-0.447146,-37.2022,-8.18961,0.487281,-0.0648454,-56.9533,-45.3918,12.5708
CCOC(=O)[C@@H](Oc1ccc(NC(=O)[C@@H]2CC=NN2C(=O)C[C@H]([NH3+])Cc2cc(F)c(F)cc2F)cc1)C(C)C,"CHEMBL516747",565,Done,10.23,-5.20207,"glide_grid_1X70",-5.21977,-0.222197,-0.557413,-0,-0.572958,-24.6398,-18.8367,0.528469,-0.33818,-60.8103,-43.4765,7.54912
CCOC(=O)[C@@H](Oc1ccc(NC(=O)[C@@H]2CC=NN2C(=O)C[C@H](N)Cc2cc(F)c(F)cc2F)cc1)C(C)C,"CHEMBL516747",566,Done,14.28,-2.73592,"glide_grid_1X70",-4.82452,-1.42361,-0.743666,-0,-1.15643,-25.3135,-5.92726,0.757518,-0.103563,-39.9072,-31.2408,12.1498
CCOC(=O)COc1cccc(CNC(=O)[C@@H]2CC=NN2C(=O)C[C@H]([NH3+])Cc2cc(F)c(F)cc2F)c1,"CHEMBL518296",567,Done,16.73,-9.29939,"glide_grid_1X70",-9.31669,-1.08439,-1.20015,-0,-1.5499,-38.427,-26.5092,0.634945,-0.219465,-109.45,-64.9362,23.3748
C[C@@H](c1nc(-c2ccc(Cl)cc2Cl)no1)[C@H]([NH3+])Cc1cc(F)c(F)cc1F,"CHEMBL519591",569,Done,3.4,-8.1615,"glide_grid_1X70",-8.1925,-1.27662,-0.4622,-0,-2.45195,-30.0773,-17.3937,0.317879,-0.206692,-82.4038,-47.471,4.83318
C[C@@H](c1nc(-c2ccc(Cl)cc2Cl)no1)[C@H](N)Cc1cc(F)c(F)cc1F,"CHEMBL519591",570,Done,3.14,-0.385045,"glide_grid_1X70",-2.14935,-0.365229,-0.29252,-0,-0.768747,-15.9444,-1.88225,0.456101,-0.0993914,-20.3809,-17.8267,5.70647
CC(C)[C@@H](Oc1ccc(NC(=O)[C@@H]2CC=NN2C(=O)C[C@H]([NH3+])Cc2cc(F)c(F)cc2F)cc1)C(=O)[O-],"CHEMBL528328",571,Done,9.78,-7.02685,"glide_grid_1X70",-7.04455,-1.58233,-0.762747,-0,0.272586,-42.2663,-20.5293,0.477906,-0.257257,-83.7554,-62.7956,23.591
CC(C)[C@@H](Oc1ccc(NC(=O)[C@@H]2CC=NN2C(=O)C[C@H](N)Cc2cc(F)c(F)cc2F)cc1)C(=O)[O-],"CHEMBL528328",572,Done,11.25,-1.12906,"glide_grid_1X70",-3.21766,-0.327929,-0.672611,-0,0.0146312,-25.169,-10.4686,0.685161,-0.0881748,-40.9449,-35.6376,9.06421
[NH3+][C@@H](CC(=O)N1CCn2c(nnc2C(F)(F)F)[C@H]1Cc1ccccc1C(F)(F)F)Cc1cc(F)c(F)cc1F,"CHEMBL536090",573,Done,6.9,-8.77478,"glide_grid_1X70",-8.78698,-1.26176,-0.881198,-0,-1.83265,-36.908,-19.6589,0.212212,-0.229364,-91.8724,-56.5668,16.1179
N[C@@H](CC(=O)N1CCn2c(nnc2C(F)(F)F)[C@H]1Cc1ccccc1C(F)(F)F)Cc1cc(F)c(F)cc1F,"CHEMBL536090",574,Done,6.66,-3.01406,"glide_grid_1X70",-5.31926,-1.01423,-0.525545,-0,-0.974712,-29.7185,-10.2426,0.305474,-0.0879353,-49.7242,-39.961,11.6058
[NH3+][C@@H](CC(=O)N1CCn2c(nnc2C(F)(F)F)[C@H]1Cc1cc(C(F)(F)F)cc(C(F)(F)F)c1)Cc1cc(F)c(F)cc1F,"CHEMBL536312",575,Done,8.86,-8.08029,"glide_grid_1X70",-8.09249,-1.3089,-0.4,-0,-1.44721,-43.581,-17.1672,0.174102,-0.356354,-94.4299,-60.7482,12.0896
N[C@@H](CC(=O)N1CCn2c(nnc2C(F)(F)F)[C@H]1Cc1cc(C(F)(F)F)cc(C(F)(F)F)c1)Cc1cc(F)c(F)cc1F,"CHEMBL536312",576,Done,10.35,-3.44618,"glide_grid_1X70",-5.75138,-1.23298,-0.4034,-0,-1.00865,-40.9688,-6.9253,0.175682,-0.194803,-54.7119,-47.8941,16.764
[NH3+][C@@H](CC(=O)N1CCn2c(nnc2C(F)(F)F)[C@H]1[C@H](O)c1ccc(F)cc1)Cc1cc(F)c(F)cc1F,"CHEMBL536536",577,Done,6.87,-9.57829,"glide_grid_1X70",-9.59139,-1.20738,-0.779436,-0,-1.69082,-37.2426,-28.4895,0.305587,-0.357218,-105.847,-65.7321,16.0779
N[C@@H](CC(=O)N1CCn2c(nnc2C(F)(F)F)[C@H]1[C@H](O)c1ccc(F)cc1)Cc1cc(F)c(F)cc1F,"CHEMBL536536",578,Done,6.36,-3.34164,"glide_grid_1X70",-5.60694,-1.24592,-0.253856,-0,-1.08117,-25.7033,-13.3678,0.438079,-0.173742,-50.0896,-39.0711,10.1267
[NH3+][C@@H](CC(=O)N1CCn2c(nnc2C(F)(F)F)[C@H]1CC(F)(F)F)Cc1cc(F)c(F)cc1F,"CHEMBL536999",579,Done,10.24,-9.55293,"glide_grid_1X70",-9.56633,-1.02781,-0.865872,-0,-2.13342,-39.3284,-23.7302,0.296227,-0.309498,-108.471,-63.0586,8.21027
N[C@@H](CC(=O)N1CCn2c(nnc2C(F)(F)F)[C@H]1CC(F)(F)F)Cc1cc(F)c(F)cc1F,"CHEMBL536999",580,Done,7.69,-2.59762,"glide_grid_1X70",-4.84842,-0.863316,-0.507079,-0,-0.908935,-24.1642,-10.8212,0.424778,-0.162475,-46.129,-34.9854,7.04493
[NH3+][C@@H](CC(=O)N1CCn2c(nnc2C(F)(F)F)[C@H]1Cc1ccccc1)Cc1cc(F)c(F)cc1F,"CHEMBL539350",581,Done,6.44,-9.66808,"glide_grid_1X70",-9.68028,-1.08881,-0.886533,-0,-2.00347,-42.8697,-24.0116,0.344965,-0.301201,-112.856,-66.8813,9.61763
N[C@@H](CC(=O)N1CCn2c(nnc2C(F)(F)F)[C@H]1Cc1ccccc1)Cc1cc(F)c(F)cc1F,"CHEMBL539350",582,Done,5.01,-3.10432,"glide_grid_1X70",-5.40952,-1.07901,-0.406391,-0,-0.838705,-37.9605,-9.94685,0.494639,-0.190008,-55.6787,-47.9073,14.3314
COc1ccc(C[C@@H]2c3nnc(C(F)(F)F)n3CCN2C(=O)C[C@H]([NH3+])Cc2cc(F)c(F)cc2F)cc1,"CHEMBL539352",583,Done,7.22,-9.24482,"glide_grid_1X70",-9.25702,-1.18382,-0.970836,-0,-1.73635,-40.0375,-22.8428,0.309821,-0.247548,-98.9627,-62.8802,21.3103
COc1ccc(C[C@@H]2c3nnc(C(F)(F)F)n3CCN2C(=O)C[C@H](N)Cc2cc(F)c(F)cc2F)cc1,"CHEMBL539352",584,Done,6.27,-3.87115,"glide_grid_1X70",-6.17635,-1.3877,-0.304,-0,-1.21172,-44.9244,-8.33139,0.444159,-0.221167,-69.4313,-53.2558,6.54806
[NH3+][C@@H](CC(=O)N1CCn2c(nnc2C(F)(F)F)[C@H]1Cc1ccccc1F)Cc1cc(F)c(F)cc1F,"CHEMBL540888",585,Done,6.32,-9.6037,"glide_grid_1X70",-9.6159,-1.10372,-0.885823,-0,-2.00001,-42.9069,-23.3271,0.323231,-0.305173,-112.345,-66.2339,7.76188
N[C@@H](CC(=O)N1CCn2c(nnc2C(F)(F)F)[C@H]1Cc1ccccc1F)Cc1cc(F)c(F)cc1F,"CHEMBL540888",586,Done,5.22,-2.13439,"glide_grid_1X70",-4.43959,-1.59864,-0.304,-0,-0.63888,-27.3589,-5.84814,0.463419,-0.11633,-42.1308,-33.207,6.77794
[NH3+][C@H]1Cn2c(nc3cnc(C(F)(F)F)cc32)C[C@@H]1c1cc(F)c(F)cc1F,"CHEMBL541438",587,Done,1.91,-8.63571,"glide_grid_1X70",-8.71051,-0.888319,-0.670828,-0,-2.54983,-32.4803,-19.1866,0.090869,-0.190397,-84.803,-51.6668,0.123858
N[C@H]1Cn2c(nc3cnc(C(F)(F)F)cc32)C[C@@H]1c1cc(F)c(F)cc1F,"CHEMBL541438",588,Done,2.02,-5.08451,"glide_grid_1X70",-6.34741,-0.889094,-0.526813,-0,-2.14301,-32.4024,-8.08154,0.130421,-0.0865661,-55.3884,-40.4839,0.238567
[NH3+][C@H]1Cn2c(nc3ccncc32)C[C@@H]1c1cc(F)c(F)cc1F,"CHEMBL549502",591,Done,1.4,-7.76242,"glide_grid_1X70",-7.85742,-0.737391,-0.567545,-0,-2.56209,-30.1724,-16.2206,0.128094,-0.176775,-77.8169,-46.393,0.00136326
N[C@H]1Cn2c(nc3ccncc32)C[C@@H]1c1cc(F)c(F)cc1F,"CHEMBL549502",592,Done,1.41,-4.95504,"glide_grid_1X70",-6.23804,-1.08994,-0.36455,-0,-2.45185,-32.0207,-5.71051,0.184014,-0.0580992,-51.8155,-37.7312,0.119707
N[C@H]1Cn2c([nH+]c3ccncc32)C[C@@H]1c1cc(F)c(F)cc1F,"CHEMBL549502",593,Done,1.48,-3.92755,"glide_grid_1X70",-6.31945,-1.01707,-0.304,-0,-2.35617,-29.5132,-8.76102,0.182992,-0.0353857,-57.5888,-38.2742,0.396048
N[C@H]1Cn2c(nc3cc[nH+]cc32)C[C@@H]1c1cc(F)c(F)cc1F,"CHEMBL549502",594,Done,1.5,-4.58213,"glide_grid_1X70",-7.03923,-1.03834,-0.383956,-0,-2.49444,-28.1412,-12.0442,0.182992,-0.0918053,-60.5709,-40.1853,0.00515792
CS(=O)(=O)c1ccc2nc3n(c2c1)C[C@H]([NH3+])[C@@H](c1cc(F)c(F)cc1F)C3,"CHEMBL549645",595,Done,1.86,-8.08276,"glide_grid_1X70",-8.13136,-0.894457,-0.461938,-0,-2.49165,-32.6168,-17.0101,0.0871532,-0.188114,-80.2951,-49.6269,0.0801047
CS(=O)(=O)c1ccc2nc3n(c2c1)C[C@H](N)[C@@H](c1cc(F)c(F)cc1F)C3,"CHEMBL549645",596,Done,1.78,-4.2079,"glide_grid_1X70",-5.7291,-0.808819,-0.360352,-0,-1.92468,-33.9931,-6.73593,0.125076,-0.0502736,-54.1569,-40.729,1.32073
CN(C)C(=O)C[C@@H]1c2nnc(C(F)(F)F)n2CCN1C(=O)C[C@H]([NH3+])Cc1cc(F)c(F)cc1F,"CHEMBL556979",599,Done,7.81,-8.54611,"glide_grid_1X70",-8.55941,-1.23682,-0.49549,-0,-1.47263,-41.2069,-23.0807,0.35142,-0.183448,-94.5863,-64.2876,17.5442
CN(C)C(=O)C[C@@H]1c2nnc(C(F)(F)F)n2CCN1C(=O)C[C@H](N)Cc1cc(F)c(F)cc1F,"CHEMBL556979",600,Done,7.85,-3.19762,"glide_grid_1X70",-5.45392,-0.884301,-0.497921,-0,-1.21791,-32.5616,-10.3069,0.503912,-0.183593,-56.1305,-42.8685,7.24652
[NH3+][C@@H](CC(=O)N1CCn2c(nnc2C(F)(F)F)[C@H]1Cc1ccccn1)Cc1cc(F)c(F)cc1F,"CHEMBL557176",601,Done,6.19,-9.03639,"glide_grid_1X70",-9.04879,-1.32199,-0.769749,-0,-1.83174,-37.6914,-22.2695,0.343715,-0.24403,-98.0763,-59.9609,12.1086
N[C@@H](CC(=O)N1CCn2c(nnc2C(F)(F)F)[C@H]1Cc1ccccn1)Cc1cc(F)c(F)cc1F,"CHEMBL557176",602,Done,5.11,-3.27494,"glide_grid_1X70",-5.57414,-0.884297,-0.560623,-0,-0.759778,-30.4179,-13.6318,0.492844,-0.296625,-54.2683,-44.0497,10.8827
[NH3+][C@H]1Cn2c(nc3cnc(Cl)cc32)C[C@@H]1c1cc(F)c(F)cc1F,"CHEMBL557447",603,Done,1.41,-8.96598,"glide_grid_1X70",-9.04078,-1.20012,-0.521765,-0,-2.6227,-33.821,-19.5027,0.106845,-0.186592,-88.5045,-53.3237,0.0125076
N[C@H]1Cn2c(nc3cnc(Cl)cc32)C[C@@H]1c1cc(F)c(F)cc1F,"CHEMBL557447",604,Done,1.45,-5.58992,"glide_grid_1X70",-6.85282,-1.05915,-0.722722,-0,-2.22606,-31.7258,-8.98441,0.153412,-0.0643485,-56.8695,-40.7102,0.0347691
Cc1cc2c(cn1)nc1n2C[C@H]([NH3+])[C@@H](c2cc(F)c(F)cc2F)C1,"CHEMBL557514",605,Done,1.24,-9.02192,"glide_grid_1X70",-9.20362,-1.04894,-0.770493,-0,-2.90783,-30.2034,-19.3991,0.118732,-0.175049,-84.5625,-49.6026,0.0531402
Cc1cc2c(c[nH+]1)nc1n2C[C@H]([NH3+])[C@@H](c2cc(F)c(F)cc2F)C1,"CHEMBL557514",606,Done,1.3,-7.8893,"glide_grid_1X70",-8.9423,-0.895685,-0.520297,-0,-2.50536,-31.232,-22.5877,0.1181,-0.189311,-89.0543,-53.8197,0.0253314
Cc1cc2c(c[nH+]1)nc1n2C[C@H](N)[C@@H](c2cc(F)c(F)cc2F)C1,"CHEMBL557514",607,Done,1.28,-4.38572,"glide_grid_1X70",-6.17992,-0.808455,-0.388467,-0,-2.27871,-27.8713,-9.35626,0.169618,-0.0769017,-51.9981,-37.2276,0.0339399
Cc1cc2c(cn1)nc1n2C[C@H](N)[C@@H](c2cc(F)c(F)cc2F)C1,"CHEMBL557514",608,Done,1.28,-5.07498,"glide_grid_1X70",-6.89148,-1.07816,-0.728448,-0,-2.41657,-29.1028,-8.78446,0.170529,-0.0660194,-52.9046,-37.8873,0.0864695
[NH3+][C@@H](CC(=O)N1CCn2c(nnc2C(F)(F)F)[C@@H]1Cc1ccc(F)cc1)Cc1cc(F)c(F)cc1F,"CHEMBL559371",609,Done,5.4,-9.76082,"glide_grid_1X70",-9.77302,-1.45588,-0.587243,-0,-1.80444,-38.8016,-26.0614,0.323231,-0.399412,-105.563,-64.8629,18.9561
N[C@@H](CC(=O)N1CCn2c(nnc2C(F)(F)F)[C@@H]1Cc1ccc(F)cc1)Cc1cc(F)c(F)cc1F,"CHEMBL559371",610,Done,4.58,-4.81584,"glide_grid_1X70",-7.12104,-1.33322,-0.699699,-0,-1.33261,-39.5101,-13.6608,0.463419,-0.194294,-66.895,-53.171,19.6024
[NH3+][C@H]1Cn2c(nc3cnc(F)cc32)C[C@@H]1c1cc(F)c(F)cc1F,"CHEMBL559477",611,Done,1.36,-8.9678,"glide_grid_1X70",-9.0426,-0.8934,-0.781517,-0,-2.8646,-30.4396,-19.4814,0.116273,-0.175176,-86.3923,-49.9209,0.0058433
N[C@H]1Cn2c(nc3cnc(F)cc32)C[C@@H]1c1cc(F)c(F)cc1F,"CHEMBL559477",612,Done,1.38,-5.54854,"glide_grid_1X70",-6.81144,-1.07283,-0.746959,-0,-2.32518,-30.6266,-8.21408,0.166988,-0.0700173,-54.8178,-38.8406,0.00820028
CS(=O)(=O)c1ccc2c(c1)nc1n2C[C@H]([NH3+])[C@@H](c2cc(F)c(F)cc2F)C1,"CHEMBL559940",613,Done,1.79,-8.25973,"glide_grid_1X70",-8.30823,-0.788947,-0.524097,-0,-2.30036,-32.3333,-19.5691,0.0871532,-0.229949,-87.3555,-51.9024,0.148417
CS(=O)(=O)c1ccc2c(c1)nc1n2C[C@H](N)[C@@H](c2cc(F)c(F)cc2F)C1,"CHEMBL559940",614,Done,1.83,-4.54167,"glide_grid_1X70",-6.06287,-0.927838,-0.400951,-0,-1.72606,-32.2462,-9.26413,0.125076,-0.131162,-56.9932,-41.5103,0.573062
CCS(=O)(=O)c1ccc2c(c1)nc1n2C[C@H]([NH3+])[C@@H](c2cc(F)c(F)cc2F)C1,"CHEMBL560192",615,Done,2.12,-8.11917,"glide_grid_1X70",-8.16787,-0.962036,-0.503975,-0,-2.43521,-29.284,-18.4177,0.163723,-0.203525,-81.608,-47.7017,0.259775
CCS(=O)(=O)c1ccc2c(c1)nc1n2C[C@H](N)[C@@H](c2cc(F)c(F)cc2F)C1,"CHEMBL560192",616,Done,1.97,-1.58941,"glide_grid_1X70",-3.11071,-0.357209,-0.254691,-0,-0.628092,-27.4283,-3.81371,0.23493,-0.162174,-31.4505,-31.242,15.3508
CN(C)C(=O)c1ccc2c(c1)nc1n2C[C@H]([NH3+])[C@@H](c2cc(F)c(F)cc2F)C1,"CHEMBL560729",617,Done,2.23,-7.89225,"glide_grid_1X70",-7.94435,-0.768453,-0.748234,-0,-2.18965,-29.878,-18.2343,0.179989,-0.188953,-81.3466,-48.1123,0.146311
CN(C)C(=O)c1ccc2c(c1)nc1n2C[C@H](N)[C@@H](c2cc(F)c(F)cc2F)C1,"CHEMBL560729",618,Done,2.16,-4.38072,"glide_grid_1X70",-5.90542,-1.01809,-0.455656,-0,-2.0738,-29.0901,-7.37825,0.258326,-0.0549537,-50.469,-36.4683,1.13542
[NH3+][C@H]1Cn2c(nc3cccnc32)C[C@@H]1c1cc(F)c(F)cc1F,"CHEMBL560926",619,Done,1.43,-8.13472,"glide_grid_1X70",-8.15852,-0.919877,-0.518737,-0,-3.04885,-30.4197,-14.0404,0.128094,-0.172097,-76.5091,-44.4601,0.051659
N[C@H]1Cn2c(nc3cccnc32)C[C@@H]1c1cc(F)c(F)cc1F,"CHEMBL560926",620,Done,1.39,-3.65449,"glide_grid_1X70",-5.58299,-0.926458,-0.401672,-0,-2.2386,-30.4838,-3.97813,0.184014,-0.0793698,-46.7714,-34.4619,0.0618613
CS(=O)(=O)[N-]c1ccc2c(c1)nc1n2C[C@H]([NH3+])[C@@H](c2cc(F)c(F)cc2F)C1,"CHEMBL561793",621,Done,1.94,-7.78215,"glide_grid_1X70",-8.25425,-0.802609,-0.567316,-0,-2.08159,-31.9808,-20.5492,0.163738,-0.285059,-87.193,-52.53,2.00716
CS(=O)(=O)Nc1ccc2c(c1)nc1n2C[C@H]([NH3+])[C@@H](c2cc(F)c(F)cc2F)C1,"CHEMBL561793",622,Done,2.34,-7.77212,"glide_grid_1X70",-8.37302,-0.967812,-0.519511,-0,-2.38367,-29.4543,-19.6435,0.163015,-0.245809,-85.3147,-49.0978,0.167086
CS(=O)(=O)[N-]c1ccc2c(c1)[nH+]c1n2C[C@H]([NH3+])[C@@H](c2cc(F)c(F)cc2F)C1,"CHEMBL561793",623,Done,2.42,-7.69319,"glide_grid_1X70",-9.14959,-0.822841,-0.555385,-0,-2.30183,-32.1149,-25.0172,0.163015,-0.274214,-98.6882,-57.1321,2.80642
CS(=O)(=O)Nc1ccc2c(c1)nc1n2C[C@H](N)[C@@H](c2cc(F)c(F)cc2F)C1,"CHEMBL561793",624,Done,2.35,-3.90933,"glide_grid_1X70",-5.81243,-0.937822,-0.385614,-0,-1.87167,-32.9968,-7.19179,0.233911,-0.122623,-56.8189,-40.1886,1.21598
CS(=O)(=O)[N-]c1ccc2c(c1)[nH+]c1n2C[C@H](N)[C@@H](c2cc(F)c(F)cc2F)C1,"CHEMBL561793",625,Done,2.05,-4.75693,"glide_grid_1X70",-6.83833,-0.935583,-0.383325,-0,-1.84838,-30.678,-14.7587,0.233911,-0.15725,-69.1478,-45.4367,2.11859
CS(=O)(=O)[N-]c1ccc2c(c1)nc1n2C[C@H](N)[C@@H](c2cc(F)c(F)cc2F)C1,"CHEMBL561793",626,Done,1.67,-3.87607,"glide_grid_1X70",-5.99117,-0.965908,-0.422892,-0,-1.66123,-31.1405,-9.76626,0.234951,-0.154127,-55.8817,-40.9068,2.03759
[NH3+][C@H]1Cn2c(nc3cnccc32)C[C@@H]1c1cc(F)c(F)cc1F,"CHEMBL562188",627,Done,1.31,-9.57258,"glide_grid_1X70",-9.63508,-1.1272,-0.745208,-0,-3.03048,-28.8838,-21.4853,0.128094,-0.193318,-89.9935,-50.369,0.036897
N[C@H]1Cn2c(nc3cnccc32)C[C@@H]1c1cc(F)c(F)cc1F,"CHEMBL562188",628,Done,1.31,-5.27411,"glide_grid_1X70",-6.95321,-1.01369,-0.727364,-0,-2.52664,-29.9901,-8.69666,0.184014,-0.0655361,-55.1912,-38.6867,0.0168242
[NH3+][C@H]1Cn2c(nc3c[nH+]ccc32)C[C@@H]1c1cc(F)c(F)cc1F,"CHEMBL562188",629,Done,1.43,-7.30232,"glide_grid_1X70",-9.33472,-1.03166,-0.4385,-0,-2.86712,-26.9122,-23.8382,0.127385,-0.203493,-92.0997,-50.7503,0.00641493
[NH3+][C@H]1Cn2c(nc3ncccc32)C[C@@H]1c1cc(F)c(F)cc1F,"CHEMBL562388",630,Done,1.44,-8.50346,"glide_grid_1X70",-8.52156,-0.868737,-0.529901,-0,-3.01482,-29.7021,-17.2683,0.128094,-0.160847,-82.111,-46.9704,0.000324272
N[C@H]1Cn2c(nc3ncccc32)C[C@@H]1c1cc(F)c(F)cc1F,"CHEMBL562388",631,Done,1.41,-4.19002,"glide_grid_1X70",-6.26972,-1.01404,-0.418386,-0,-2.22538,-32.0999,-7.42885,0.184014,-0.0766018,-54.3531,-39.5287,0.182813
[NH3+][C@H]1Cn2c(nc3ccc(OC(F)(F)F)cc32)C[C@@H]1c1cc(F)c(F)cc1F,"CHEMBL563155",632,Done,2.24,-8.08224,"glide_grid_1X70",-8.13564,-1.00838,-0.544777,-0,-2.28104,-34.7603,-16.9131,0.169728,-0.196188,-82.5738,-51.6734,3.79193
N[C@H]1Cn2c(nc3ccc(OC(F)(F)F)cc32)C[C@@H]1c1cc(F)c(F)cc1F,"CHEMBL563155",633,Done,2.13,-3.75476,"glide_grid_1X70",-5.28076,-0.935028,-0.404565,-0,-1.62361,-34.2495,-5.03586,0.243567,-0.0932702,-50.1506,-39.2853,3.84016
O=C(/C=C/c1ccc(O[C@@H]2O[C@H](CO)[C@@H](O)[C@H](O)[C@H]2O)cc1)c1ccc([O-])cc1O,"CHEMBL599763",636,Done,9.31,-3.70512,"glide_grid_1X70",-4.22102,-0.846925,-0.000835892,-0,0.710723,-29.1903,-20.0846,0.4765,-0.0882813,-49.7421,-49.2749,24.8532
O=C(/C=C/c1ccc(O[C@@H]2O[C@H](CO)[C@@H](O)[C@H](O)[C@H]2O)cc1)c1ccc(O)cc1O,"CHEMBL599763",637,Done,14.87,-2.50939,"glide_grid_1X70",-3.16799,-0.242285,-0.16,-0,0.898568,-29.0741,-17.632,0.474428,-0.0401861,-47.3774,-46.7061,14.5865
O=C(/C=C/c1ccc(O[C@@H]2O[C@H](CO)[C@@H](O)[C@H](O)[C@H]2O)cc1)c1ccc(O)cc1[O-],"CHEMBL599763",638,Done,9.29,-3.29497,"glide_grid_1X70",-4.11827,-0.108843,-0.380205,-0,-0.562496,-15.7967,-18.1436,0.4765,-0.0318585,-45.5762,-33.9402,8.4599
CC(C)[C@H](Oc1ccc(CNC(=O)[C@@H]2CCCN2C(=O)C[C@H]([NH3+])Cc2cc(F)ccc2F)cc1)C(=O)[O-],"CHEMBL1186023",642,Done,15,-7.98798,"glide_grid_1X70",-7.99768,-1.38592,-0.785469,-0,-1.55128,-36.7705,-18.2435,0.536558,-0.236516,-90.1497,-55.014,11.4235
CC(C)[C@H](Oc1ccc(CNC(=O)[C@@H]2CCCN2C(=O)C[C@H](N)Cc2cc(F)ccc2F)cc1)C(=O)[O-],"CHEMBL1186023",643,Done,14.4,-4.88381,"glide_grid_1X70",-7.32701,-1.18402,-1.43652,-0,-0.860984,-35.4268,-17.8367,0.769263,-0.167911,-76.2613,-53.2635,16.863
COc1cc(N2CCN(CC[NH2+]CC(=O)N3CCC[C@@H]3C#N)C2=O)cc(OC)c1OC,"CHEMBL1202085",645,Done,6.97,-6.64359,"glide_grid_1X70",-7.14319,-1.13773,-0.771217,-0,-1.80846,-34.6338,-13.2975,0.521277,-0.220744,-70.6937,-47.9313,12.3443
[NH3+][C@@H](CC(=O)N1CCn2c(nnc2C(F)(F)F)[C@H]1Cc1ccc(F)cc1)Cc1cc(F)c(F)cc1F,"CHEMBL1203953",646,Done,5.67,-10.111,"glide_grid_1X70",-10.1232,-1.15765,-0.877317,-0,-2.11538,-43.6865,-25.3543,0.323231,-0.308569,-115.262,-69.0408,13.4836
N[C@@H](CC(=O)N1CCn2c(nnc2C(F)(F)F)[C@H]1Cc1ccc(F)cc1)Cc1cc(F)c(F)cc1F,"CHEMBL1203953",647,Done,4.23,-0.86934,"glide_grid_1X70",-3.17454,-1.10804,-0.282348,-0,0.270847,-26.5582,-7.05882,0.463419,-0.131682,-35.0793,-33.617,12.6517
COc1ccc(CN2C[C@H]3CN(C(=O)C[C@H]([NH3+])Cc4cc(F)c(F)cc4F)CCN3C2=O)cc1,"CHEMBL1275851",648,Done,5.43,-8.67875,"glide_grid_1X70",-8.68875,-1.05027,-1.06888,-0,-1.6124,-31.8628,-23.6919,0.373157,-0.183425,-96.7801,-55.5547,9.75178
COc1ccc(CN2C[C@H]3CN(C(=O)C[C@H](N)Cc4cc(F)c(F)cc4F)CCN3C2=O)cc1,"CHEMBL1275851",649,Done,4.23,-0.571178,"glide_grid_1X70",-2.99278,-0.0484379,-0.40972,-0,-0.14487,-33.9611,-7.31797,0.535143,-0.129145,-43.4481,-41.279,11.8993
COc1ccccc1CN1C[C@@H]2CN(C(=O)C[C@H]([NH3+])Cc3cc(F)c(F)cc3F)CCN2C1=O,"CHEMBL1275852",650,Done,5.08,-6.02307,"glide_grid_1X70",-6.03307,-1.17957,-0.4,-0,-1.33656,-31.2931,-13.1101,0.533081,-0.118855,-76.3852,-44.4032,3.64045
COc1ccccc1CN1C[C@@H]2CN(C(=O)C[C@H](N)Cc3cc(F)c(F)cc3F)CCN2C1=O,"CHEMBL1275852",651,Done,4.93,-2.18799,"glide_grid_1X70",-4.60959,-0.991048,-0.406175,-0,-1.01974,-30.5431,-7.55959,0.535143,-0.0666749,-49.6039,-38.1027,4.80722
COc1cccc(CN2C[C@@H]3CN(C(=O)C[C@H]([NH3+])Cc4cc(F)c(F)cc4F)CCN3C2=O)c1,"CHEMBL1275853",652,Done,4.21,-5.39993,"glide_grid_1X70",-5.40993,-0.399783,-0.648021,-0,-0.74741,-25.5266,-16.8762,0.373157,-0.18011,-69.1205,-42.4028,3.78335
COc1cccc(CN2C[C@@H]3CN(C(=O)C[C@H](N)Cc4cc(F)c(F)cc4F)CCN3C2=O)c1,"CHEMBL1275853",653,Done,4.48,-3.66271,"glide_grid_1X70",-6.08431,-1.19085,-0.38895,-0,-1.57186,-42.7326,-8.28015,0.535143,-0.0891446,-65.9333,-51.0127,10.397
COc1cc(CN2C[C@@H]3CN(C(=O)C[C@H]([NH3+])Cc4cc(F)c(F)cc4F)CCN3C2=O)cc(OC)c1,"CHEMBL1275854",654,Done,6.52,-9.33518,"glide_grid_1X70",-9.34518,-1.06365,-1.28025,-0,-1.54425,-37.2109,-24.8895,0.333728,-0.196786,-105.767,-62.1004,12.6852
COc1cc(CN2C[C@@H]3CN(C(=O)C[C@H](N)Cc4cc(F)c(F)cc4F)CCN3C2=O)cc(OC)c1,"CHEMBL1275854",655,Done,5.43,-0.524533,"glide_grid_1X70",-2.94613,-0.346873,-0.382205,-0,0.0736806,-31.6492,-7.59315,0.478498,-0.0478029,-43.5267,-39.2423,8.66475
CCN1C[C@@H]2CN(C(=O)C[C@H]([NH3+])Cc3cc(F)c(F)cc3F)CCN2C1=O,"CHEMBL1276620",656,Done,2.61,-9.1133,"glide_grid_1X70",-9.1233,-1.13864,-0.568056,-0,-2.91764,-38.1744,-18.5229,0.366695,-0.178503,-98.8556,-56.6973,3.67042
CCN1C[C@@H]2CN(C(=O)C[C@H](N)Cc3cc(F)c(F)cc3F)CCN2C1=O,"CHEMBL1276620",657,Done,2.92,-3.20981,"glide_grid_1X70",-5.63141,-0.921648,-0.576,-0,-1.85562,-27.6015,-8.5197,0.526316,-0.146433,-47.0149,-36.1212,6.29156
[NH3+][C@@H](CC(=O)N1CCN2C(=O)N(Cc3ccccc3)C[C@@H]2C1)Cc1cc(F)c(F)cc1F,"CHEMBL1276650",658,Done,4.31,-8.18875,"glide_grid_1X70",-8.19875,-1.30524,-0.449248,-0,-2.10889,-42.4537,-16.0273,0.420035,-0.228629,-95.2006,-58.481,9.27374
N[C@@H](CC(=O)N1CCN2C(=O)N(Cc3ccccc3)C[C@@H]2C1)Cc1cc(F)c(F)cc1F,"CHEMBL1276650",659,Done,4.09,-2.17045,"glide_grid_1X70",-4.59205,-1.23713,-0.304,-0,-1.32556,-31.3527,-4.276,0.602514,-0.118834,-43.5793,-35.6287,7.13782
[NH3+][C@@H](CC(=O)N1CCN2C(=O)N(Cc3ccc(F)cc3)C[C@@H]2C1)Cc1cc(F)c(F)cc1F,"CHEMBL1276682",660,Done,4.26,-7.94132,"glide_grid_1X70",-7.95132,-1.7334,-0.559785,-0,-1.99109,-39.0281,-12.8958,0.390953,-0.17223,-84.9398,-51.9238,4.62999
N[C@@H](CC(=O)N1CCN2C(=O)N(Cc3ccc(F)cc3)C[C@@H]2C1)Cc1cc(F)c(F)cc1F,"CHEMBL1276682",661,Done,3.93,-2.07185,"glide_grid_1X70",-4.49345,-1.27991,-0.304,-0,-1.20178,-33.7846,-2.96262,0.560716,-0.13485,-43.4986,-36.7472,10.575
Cn1c(=O)c2c(cc(N3CCC[C@@](C)([NH3+])C3)n2Cc2cc(F)ccc2Cl)n(CCCO)c1=O,"CHEMBL1287844",662,Done,6.97,-4.94331,"glide_grid_1X70",-4.94331,-0.404127,-0.602111,-0,-0.673406,-22.7082,-15.4336,0.37107,-0.184284,-54.8861,-38.1418,3.7521
CCOCCCn1c(=O)n(C)c(=O)c2c1cc(N1CCC[C@@](C)([NH3+])C1)n2Cc1cc(F)ccc1Cl,"CHEMBL1287845",663,Done,6.23,-5.0152,"glide_grid_1X70",-5.0152,-0.575213,-0.415427,-0,-0.53,-29.3474,-14.9066,0.390062,-0.181267,-60.515,-44.254,5.63587
CN(C)C(=O)Cn1c(=O)n(C)c(=O)c2c1cc(N1CCC[C@@](C)([NH3+])C1)n2Cc1cc(F)ccc1Cl,"CHEMBL1288289",664,Done,3.43,-4.37736,"glide_grid_1X70",-4.37736,-0.276527,-0.525068,-0,-0.729059,-21.2908,-12.8937,0.279655,-0.127766,-49.295,-34.1845,3.0236
CC(C)[C@@H](Nc1ccc(CNC(=O)[C@H]2SCCN2C(=O)C[C@H]([NH3+])Cc2cc(F)c(F)cc2F)cc1)C(=O)[O-],"CHEMBL1614845",665,Done,13.96,-8.34998,"glide_grid_1X70",-8.36288,-1.06593,-0.959775,-0,-1.42198,-41.5819,-19.7745,0.425508,-0.295434,-106.699,-61.3564,5.71493
CC(C)[C@@H](Nc1ccc(CNC(=O)[C@H]2SCCN2C(=O)C[C@H](N)Cc2cc(F)c(F)cc2F)cc1)C(=O)[O-],"CHEMBL1614845",666,Done,15.73,-1.6532,"glide_grid_1X70",-3.928,-0.662945,-0.547528,-0,-0.322968,-36.6826,-7.14268,0.611296,-0.100321,-57.9264,-43.8253,3.26156
Cc1ccc(-c2c(CC(=O)Nc3cccc([S@@](C)=O)c3)c(C)nc(CC(C)C)c2C[NH3+])cc1,"CHEMBL1644844",667,Done,5.92,-7.30644,"glide_grid_1X70",-7.53084,-1.43891,-0.417094,-0,-1.19091,-46.4455,-16.3591,0.392212,-0.1,-98.6677,-62.8045,4.36429
Cc1ccc(-c2c(CC(=O)Nc3cccc([S@@](C)=O)c3)c(C)nc(CC(C)C)c2CN)cc1,"CHEMBL1644844",668,Done,5.73,-4.01973,"glide_grid_1X70",-4.96573,-1.51695,-0.318652,-0,-0.58227,-46.9021,-5.10187,0.562525,0,-65.893,-52.0039,3.93055
Cc1ccc(-c2c(CC(=O)Nc3cccc([S@@](C)=O)c3)c(C)[nH+]c(CC(C)C)c2CN)cc1,"CHEMBL1644844",669,Done,7.32,-4.43686,"glide_grid_1X70",-5.73866,-1.46832,-0.307027,-0,-0.65115,-43.5488,-11.0529,0.560303,-0.0370867,-73.2567,-54.6017,7.53256
Cc1noc(C)c1S(=O)(=O)N(Cc1ccccc1)[C@H]1CC[C@H]([C@H]([NH3+])Cc2cc(F)ccc2F)CC1,"CHEMBL1683093",670,Done,5.62,-7.57686,"glide_grid_1X70",-7.57936,-1.35561,-0.530283,-0,-1.72228,-38.7621,-15.709,0.449695,-0.126422,-80.7237,-54.4712,17.2845
Cc1noc(C)c1S(=O)(=O)N(CCCC(F)(F)F)[C@H]1CC[C@H]([C@H]([NH3+])Cc2cc(F)ccc2F)CC1,"CHEMBL1683094",671,Done,8.41,-7.46104,"glide_grid_1X70",-7.46354,-1.09121,-0.497463,-0,-1.61505,-36.2852,-17.8478,0.471112,-0.2395,-76.1982,-54.133,21.2415
[NH3+][C@H](Cc1cc(F)ccc1F)[C@H]1CC[C@H]([N@H+](CCCC(F)(F)F)Cc2ccccc2)CC1,"CHEMBL1683128",672,Done,12.3,-7.67794,"glide_grid_1X70",-7.77584,-1.10434,-0.551173,-0,-1.77371,-35.8134,-19.6194,0.607491,-0.220528,-82.5118,-55.4328,24.6444
[NH3+][C@H](Cc1cc(F)ccc1F)[C@H]1CC[C@H](N(CCCC(F)(F)F)Cc2ccccc2)CC1,"CHEMBL1683128",673,Done,11.44,-6.52608,"glide_grid_1X70",-7.64078,-1.31864,-0.545883,-0,-2.13667,-36.8597,-15.3769,0.60994,-0.1,-81.1046,-52.2366,13.2725
[NH3+][C@@H](CC(=O)N1CCS[C@H]1C(=O)NCc1ccc(C(=O)[O-])cc1)Cc1cc(F)c(F)cc1F,"CHEMBL1683486",674,Done,8.82,-9.88439,"glide_grid_1X70",-9.89729,-1.52791,-1.29697,-0,-1.87214,-41.2274,-22.3759,0.490034,-0.272562,-114.007,-63.6032,10.9044
N[C@@H](CC(=O)N1CCS[C@H]1C(=O)NCc1ccc(C(=O)[O-])cc1)Cc1cc(F)c(F)cc1F,"CHEMBL1683486",675,Done,7.88,-1.31879,"glide_grid_1X70",-3.59359,-0.899375,-0.46835,-0,-0.6782,-19.1726,-7.92225,0.702735,-0.103437,-34.5574,-27.0948,11.5627
CCOC(=O)COc1ccc(CNC(=O)[C@@H]2SCCN2C(=O)C[C@H]([NH3+])Cc2cc(F)c(F)cc2F)cc1,"CHEMBL1683487",676,Done,16.3,-9.51154,"glide_grid_1X70",-9.52444,-1.11892,-1.12704,-0,-1.43667,-45.2758,-26.2566,0.594317,-0.233854,-122.256,-71.5324,9.36509
CCOC(=O)COc1ccc(CNC(=O)[C@@H]2SCCN2C(=O)C[C@H](N)Cc2cc(F)c(F)cc2F)cc1,"CHEMBL1683487",677,Done,12.68,-2.34832,"glide_grid_1X70",-4.62312,-0.228687,-0.986563,-0,0.0515371,-31.3998,-16.2019,0.85195,-0.31108,-57.5843,-47.6017,9.49886
[NH3+][C@@H](CC(=O)N1CCS[C@H]1C(=O)NCc1ccc(OCC(=O)[O-])cc1)Cc1cc(F)c(F)cc1F,"CHEMBL1683488",678,Done,14.26,-9.2978,"glide_grid_1X70",-9.3107,-0.958648,-1.38978,-0,-1.35625,-37.6701,-29.453,0.548275,-0.270798,-119.064,-67.1231,8.71596
N[C@@H](CC(=O)N1CCS[C@H]1C(=O)NCc1ccc(OCC(=O)[O-])cc1)Cc1cc(F)c(F)cc1F,"CHEMBL1683488",679,Done,14.19,-3.17579,"glide_grid_1X70",-5.45059,-1.37193,-0.617201,-0,-1.00802,-36.7431,-8.74241,0.786093,-0.0910232,-58.1857,-45.4855,17.7614
CCOC(=O)COc1cccc(CNC(=O)[C@@H]2SCCN2C(=O)C[C@H]([NH3+])Cc2cc(F)c(F)cc2F)c1,"CHEMBL1683489",680,Done,19.46,-7.10375,"glide_grid_1X70",-7.11665,-1.93973,-0.447828,-0,-1.05322,-35.4966,-17.032,0.849024,-0.195261,-81.4381,-52.5286,10.9442
CCOC(=O)COc1cccc(CNC(=O)[C@@H]2SCCN2C(=O)C[C@H](N)Cc2cc(F)c(F)cc2F)c1,"CHEMBL1683489",681,Done,18.53,-3.646,"glide_grid_1X70",-5.9208,-1.24294,-0.67838,-0,-1.02275,-42.3084,-10.8364,0.85195,-0.0877982,-69.0418,-53.1448,12.1507
[NH3+][C@@H](CC(=O)N1CCS[C@H]1C(=O)NCc1cccc(OCC(=O)[O-])c1)Cc1cc(F)c(F)cc1F,"CHEMBL1683490",682,Done,16.26,-9.73875,"glide_grid_1X70",-9.75165,-1.23719,-1.16594,-0,-1.73977,-39.3448,-30.3129,0.548275,-0.189787,-122.777,-69.6577,12.4088
N[C@@H](CC(=O)N1CCS[C@H]1C(=O)NCc1cccc(OCC(=O)[O-])c1)Cc1cc(F)c(F)cc1F,"CHEMBL1683490",683,Done,16.63,-3.47113,"glide_grid_1X70",-5.74593,-1.46912,-0.715676,-0,-1.079,-33.5105,-9.91457,0.786093,-0.105502,-62.4178,-43.4251,9.66751
CCOC(=O)[C@@H]1COc2cc(CNC(=O)[C@@H]3SCCN3C(=O)C[C@H]([NH3+])Cc3cc(F)c(F)cc3F)ccc2O1,"CHEMBL1683491",684,Done,13.89,-5.83185,"glide_grid_1X70",-5.84475,-1.44174,-0.4,-0,-0.319051,-43.8205,-11.9735,0.556079,-0.252985,-77.6649,-55.794,11.1498
CCOC(=O)[C@@H]1COc2cc(CNC(=O)[C@@H]3SCCN3C(=O)C[C@H](N)Cc3cc(F)c(F)cc3F)ccc2O1,"CHEMBL1683491",685,Done,13.13,-3.6741,"glide_grid_1X70",-5.9489,-1.27104,-0.850892,-0,-0.54435,-42.1975,-10.9597,0.559211,-0.0880116,-69.7152,-53.1572,12.8904
[NH3+][C@@H](CC(=O)N1CCS[C@H]1C(=O)NCc1ccc2c(c1)OC[C@@H](C(=O)[O-])O2)Cc1cc(F)c(F)cc1F,"CHEMBL1683492",686,Done,8.84,-9.192,"glide_grid_1X70",-9.2049,-1.26018,-0.900105,-0,-1.56762,-38.0968,-25.1881,0.397635,-0.19157,-116.704,-63.285,12.0681
N[C@@H](CC(=O)N1CCS[C@H]1C(=O)NCc1ccc2c(c1)OC[C@@H](C(=O)[O-])O2)Cc1cc(F)c(F)cc1F,"CHEMBL1683492",687,Done,10.39,-1.43982,"glide_grid_1X70",-3.71462,-0.171509,-0.599609,-0,0.0126314,-36.241,-9.29772,0.570012,-0.319437,-56.9765,-45.5387,6.92215
CCOC(=O)[C@@H]1Oc2ccc(CNC(=O)[C@@H]3SCCN3C(=O)C[C@H]([NH3+])Cc3cc(F)c(F)cc3F)cc2O1,"CHEMBL1683493",688,Done,11.98,-7.21436,"glide_grid_1X70",-7.22726,-1.26849,-0.816771,-0,-1.35275,-35.4919,-15.585,0.601296,-0.278202,-88.7561,-51.0769,10.2093
CCOC(=O)[C@@H]1Oc2ccc(CNC(=O)[C@@H]3SCCN3C(=O)C[C@H](N)Cc3cc(F)c(F)cc3F)cc2O1,"CHEMBL1683493",689,Done,12.21,2.74464,"glide_grid_1X70",0.469839,-0.81554,-0.268793,-0,2.5071,-30.6425,0.593393,0.604685,-0.114496,-2.63232,-30.0491,35.4238
[NH3+][C@@H](CC(=O)N1CCS[C@H]1C(=O)NCc1ccc2c(c1)O[C@@H](C(=O)[O-])O2)Cc1cc(F)c(F)cc1F,"CHEMBL1683494",690,Done,7.52,-9.8367,"glide_grid_1X70",-9.8496,-1.24314,-1.05194,-0,-1.85037,-38.4634,-27.1592,0.417404,-0.198382,-120.255,-65.6226,8.32879
N[C@@H](CC(=O)N1CCS[C@H]1C(=O)NCc1ccc2c(c1)O[C@@H](C(=O)[O-])O2)Cc1cc(F)c(F)cc1F,"CHEMBL1683494",691,Done,7.5,-1.73186,"glide_grid_1X70",-4.00666,-0.569101,-0.379929,-0,-0.378203,-32.5987,-10.0207,0.598401,-0.144786,-48.6449,-42.6194,17.782
C[C@H](Oc1ccc(CNC(=O)[C@@H]2SCCN2C(=O)C[C@H]([NH3+])Cc2cc(F)c(F)cc2F)cc1)C(=O)[O-],"CHEMBL1683495",692,Done,12.34,-4.58567,"glide_grid_1X70",-4.59857,-0.210445,-1.11251,-0,-0.601353,-23.9479,-11.2339,0.521676,-0.313464,-50.1525,-35.1817,17.2152
CC(C)(Oc1ccc(CNC(=O)[C@@H]2SCCN2C(=O)C[C@H]([NH3+])Cc2cc(F)c(F)cc2F)cc1)C(=O)[O-],"CHEMBL1683496",694,Done,14.84,-9.02144,"glide_grid_1X70",-9.03434,-0.907986,-1.15203,-0,-1.81493,-38.3392,-23.7252,0.496971,-0.180631,-112.943,-62.0644,10.3762
CC(C)(Oc1ccc(CNC(=O)[C@@H]2SCCN2C(=O)C[C@H](N)Cc2cc(F)c(F)cc2F)cc1)C(=O)[O-],"CHEMBL1683496",695,Done,15.2,-5.00739,"glide_grid_1X70",-7.28219,-1.05653,-1.38904,-0,-1.01437,-38.5181,-16.2595,0.71241,-0.169836,-80.5376,-54.7776,10.9435
[NH3+][C@@H](CC(=O)N1CCS[C@H]1C(=O)NCc1ccc(O[C@H](Cc2ccccc2)C(=O)[O-])cc1)Cc1cc(F)c(F)cc1F,"CHEMBL1683497",696,Done,13.59,-6.08249,"glide_grid_1X70",-6.09539,-0.412313,-0.710643,-0,-0.554151,-28.85,-20.0056,0.364314,-0.339262,-75.0518,-48.8556,10.1715
N[C@@H](CC(=O)N1CCS[C@H]1C(=O)NCc1ccc(O[C@H](Cc2ccccc2)C(=O)[O-])cc1)Cc1cc(F)c(F)cc1F,"CHEMBL1683497",697,Done,16.87,-3.57222,"glide_grid_1X70",-5.84702,-1.12765,-0.563613,-0,-1.14724,-43.983,-8.40443,0.523245,-0.0719515,-72.2634,-52.3875,10.5279
CC(C)[C@H](Oc1ccc(CNC(=O)[C@@H]2SCCN2C(=O)C[C@H]([NH3+])Cc2cc(F)c(F)cc2F)cc1)C(=O)[O-],"CHEMBL1683498",698,Done,14.4,-9.64809,"glide_grid_1X70",-9.66099,-1.4063,-1.21646,-0,-1.40343,-38.4335,-25.8633,0.423178,-0.256814,-116.356,-64.2968,15.4258
CC(C)[C@H](Oc1ccc(CNC(=O)[C@@H]2SCCN2C(=O)C[C@H](N)Cc2cc(F)c(F)cc2F)cc1)C(=O)[O-],"CHEMBL1683498",699,Done,14.33,-2.15282,"glide_grid_1X70",-4.42762,-1.06567,-0.65811,-0,0.174815,-41.5818,-8.80399,0.607948,-0.086911,-56.4051,-50.3858,15.9357
CCOC(=O)[C@H](Oc1ccc(CNC(=O)[C@@H]2SCCN2C(=O)C[C@H]([NH3+])Cc2cc(F)c(F)cc2F)cc1)C(C)C,"CHEMBL1683499",700,Done,18.46,-6.72177,"glide_grid_1X70",-6.73467,-1.48048,-0.556143,-0,-0.281422,-47.9446,-14.8394,0.446128,-0.239619,-91.3309,-62.7839,13.7502
CCOC(=O)[C@H](Oc1ccc(CNC(=O)[C@@H]2SCCN2C(=O)C[C@H](N)Cc2cc(F)c(F)cc2F)cc1)C(C)C,"CHEMBL1683499",701,Done,17.12,-4.31906,"glide_grid_1X70",-6.59386,-1.29921,-0.927475,-0,-1.02917,-43.9363,-11.2787,0.64062,-0.0900009,-71.3035,-55.215,11.8215
CC(C)(Nc1ccc(CNC(=O)[C@@H]2SCCN2C(=O)C[C@H]([NH3+])Cc2cc(F)c(F)cc2F)cc1)C(=O)[O-],"CHEMBL1683502",702,Done,14.19,-5.05026,"glide_grid_1X70",-5.06316,-0.169077,-0.613045,-0,-0.545984,-23.0814,-18.3085,0.498647,-0.333355,-62.0838,-41.3899,5.23628
CC(C)(Nc1ccc(CNC(=O)[C@@H]2SCCN2C(=O)C[C@H](N)Cc2cc(F)c(F)cc2F)cc1)C(=O)[O-],"CHEMBL1683502",703,Done,13.59,-3.30292,"glide_grid_1X70",-5.57772,-1.13255,-0.593084,-0,-1.12426,-36.8442,-9.97165,0.714817,-0.104688,-65.0475,-46.8158,8.7774
CCOC(=O)C(C)(C)Nc1ccc(CNC(=O)[C@@H]2SCCN2C(=O)C[C@H]([NH3+])Cc2cc(F)c(F)cc2F)cc1,"CHEMBL1683503",704,Done,17.59,-6.42221,"glide_grid_1X70",-6.43511,-1.84711,-0.489583,-0,-0.0890555,-43.8102,-13.6951,0.481808,-0.246385,-69.3267,-57.5053,23.5238
CC(C)[C@H](Nc1ccc(CNC(=O)[C@@H]2SCCN2C(=O)C[C@H]([NH3+])Cc2cc(F)c(F)cc2F)cc1)C(=O)[O-],"CHEMBL1683504",706,Done,20.07,-9.5919,"glide_grid_1X70",-9.6048,-1.07089,-1.2783,-0,-1.42808,-39.441,-28.4519,0.425508,-0.280988,-121.129,-67.8929,9.9314
CCOC(=O)[C@H](Nc1ccc(CNC(=O)[C@@H]2SCCN2C(=O)C[C@H]([NH3+])Cc2cc(F)c(F)cc2F)cc1)C(C)C,"CHEMBL1683505",708,Done,18.63,-8.02905,"glide_grid_1X70",-8.04195,-1.65979,-0.590315,-0,-1.6585,-44.4268,-14.4648,0.448381,-0.190664,-93.8289,-58.8916,11.8563
CC(C)[C@@H](Nc1ccc(CNC(=O)[C@@H]2SCCN2C(=O)C[C@H]([NH3+])Cc2cc(F)c(F)cc2F)cc1)C(=O)[O-],"CHEMBL1683506",710,Done,15.3,-9.10842,"glide_grid_1X70",-9.12132,-1.08725,-1.43758,-0,-0.850754,-39.2405,-26.2029,0.425508,-0.278788,-115.848,-65.4434,10.8707
CC(C)[C@@H](Nc1ccc(CNC(=O)[C@@H]2SCCN2C(=O)C[C@H](N)Cc2cc(F)c(F)cc2F)cc1)C(=O)[O-],"CHEMBL1683506",711,Done,14.15,-3.91176,"glide_grid_1X70",-6.18656,-1.26576,-0.72,-0,-0.905571,-38.3209,-12.6327,0.611296,-0.0955801,-71.4858,-50.9536,8.91167
CCOC(=O)[C@H](Nc1ccc(CNC(=O)[C@@H]2SCCN2C(=O)C[C@H]([NH3+])Cc2cc(F)c(F)cc2F)cc1)C(C)C,"CHEMBL1683507",712,Done,18.77,-8.02905,"glide_grid_1X70",-8.04195,-1.65979,-0.590315,-0,-1.6585,-44.4268,-14.4648,0.448381,-0.190664,-93.8289,-58.8916,11.8563
CC(C)[C@H](Nc1ccc(CNC(=O)[C@@H]2SCCN2C(=O)C[C@H]([NH3+])Cc2cc(F)c(F)cc2F)cc1)C(=O)[O-],"CHEMBL1683508",714,Done,20.02,-9.5919,"glide_grid_1X70",-9.6048,-1.07089,-1.2783,-0,-1.42808,-39.441,-28.4519,0.425508,-0.280988,-121.129,-67.8929,9.9314
CCOC(=O)[C@@H](Nc1ccc(CNC(=O)[C@@H]2SCCN2C(=O)C[C@H]([NH3+])Cc2cc(F)c(F)cc2F)cc1)C(C)C,"CHEMBL1683641",716,Done,18.25,-6.7296,"glide_grid_1X70",-6.7425,-1.13336,-0.664104,-0,-0.251166,-44.1876,-17.8252,0.448381,-0.259076,-85.609,-62.0129,15.511
CCOC(=O)[C@H](Nc1ccc(CNC(=O)[C@H]2SCCN2C(=O)C[C@H]([NH3+])Cc2cc(F)c(F)cc2F)cc1)C(C)C,"CHEMBL1683642",718,Done,19.28,-7.61321,"glide_grid_1X70",-7.62611,-1.14683,-0.540135,-0,-1.3568,-46.1163,-16.6071,0.448381,-0.233837,-99.6035,-62.7234,7.31767
CC(C)[C@H](Nc1ccc(CNC(=O)[C@H]2SCCN2C(=O)C[C@H]([NH3+])Cc2cc(F)c(F)cc2F)cc1)C(=O)[O-],"CHEMBL1683643",720,Done,17.23,-8.49719,"glide_grid_1X70",-8.51009,-1.27167,-0.986267,-0,-1.50056,-41.1296,-19.013,0.425508,-0.268675,-104.29,-60.1426,8.67475
CCOC(=O)[C@@H](Nc1ccc(CNC(=O)[C@H]2SCCN2C(=O)C[C@H]([NH3+])Cc2cc(F)c(F)cc2F)cc1)C(C)C,"CHEMBL1683644",722,Done,22.23,-6.62146,"glide_grid_1X70",-6.63436,-0.951767,-0.54028,-0,-1.05979,-43.5879,-14.1412,0.448381,-0.230326,-92.4546,-57.7291,3.90392
CCOC(=O)[C@@H](Nc1ccc(CNC(=O)[C@H]2SCCN2C(=O)C[C@H](N)Cc2cc(F)c(F)cc2F)cc1)C(C)C,"CHEMBL1683644",723,Done,16.51,-3.63936,"glide_grid_1X70",-5.91416,-1.38444,-0.598797,-0,-1.01118,-49.9512,-6.00559,0.643856,-0.16521,-72.4123,-55.9567,8.79443
[NH3+][C@@H](CC(=O)N1CCn2nnc(C(F)(F)F)c2C1)Cc1cc(F)c(F)cc1F,"CHEMBL1683979",724,Done,3.31,-8.80489,"glide_grid_1X70",-8.81859,-1.3834,-0.521664,-0,-2.51648,-35.6412,-17.6393,0.330509,-0.299594,-91.0487,-53.2805,5.46657
N[C@@H](CC(=O)N1CCn2nnc(C(F)(F)F)c2C1)Cc1cc(F)c(F)cc1F,"CHEMBL1683979",725,Done,4.05,-3.59462,"glide_grid_1X70",-5.83242,-0.946576,-0.576,-0,-1.83006,-27.0659,-9.62126,0.474265,-0.157566,-43.6011,-36.6872,15.4822
[NH3+][C@@H](CC(=O)N1CCn2nnc(-c3ccccc3)c2C1)Cc1cc(F)c(F)cc1F,"CHEMBL1683983",726,Done,3.58,-5.81026,"glide_grid_1X70",-5.82396,-0.254857,-0.550138,-0,-1.16665,-20.5084,-19.4559,0.39875,-0.307265,-61.1413,-39.9643,0.963692
N[C@@H](CC(=O)N1CCn2nnc(-c3ccccc3)c2C1)Cc1cc(F)c(F)cc1F,"CHEMBL1683983",727,Done,4.4,-2.78225,"glide_grid_1X70",-5.02005,-0.980685,-0.448527,-0,-1.56356,-34.4445,-5.68345,0.572141,-0.0246768,-51.2596,-40.128,3.75777
[NH3+][C@@H](CC(=O)N1CCn2nnc(-c3ccc(F)cc3)c2C1)Cc1cc(F)c(F)cc1F,"CHEMBL1683984",728,Done,3.87,-5.92878,"glide_grid_1X70",-5.94248,-0.336815,-0.544282,-0,-1.17566,-22.6039,-18.7908,0.369368,-0.306276,-66.7916,-41.3947,0.957781
N[C@@H](CC(=O)N1CCn2nnc(-c3ccc(F)cc3)c2C1)Cc1cc(F)c(F)cc1F,"CHEMBL1683984",729,Done,4.86,-2.53035,"glide_grid_1X70",-4.76815,-0.834594,-0.421309,-0,-1.36997,-28.1348,-8.02103,0.529896,-0.062282,-46.5448,-36.1559,4.37387
[NH3+][C@@H](CC(=O)N1CCn2nnc(-c3ccc(C(F)(F)F)cc3)c2C1)Cc1cc(F)c(F)cc1F,"CHEMBL1683986",730,Done,4.99,-7.93501,"glide_grid_1X70",-7.94871,-1.20427,-0.504235,-0,-1.39961,-38.0221,-19.6425,0.302894,-0.295999,-90.7237,-57.6646,9.31476
N[C@@H](CC(=O)N1CCn2nnc(-c3ccc(C(F)(F)F)cc3)c2C1)Cc1cc(F)c(F)cc1F,"CHEMBL1683986",731,Done,4.64,-2.3694,"glide_grid_1X70",-4.6072,-1.04883,-0.294219,-0,-1.24192,-33.5572,-4.42036,0.434357,-0.115681,-47.689,-37.9776,4.99285
COC(=O)c1cccc(-c2nnn3c2CN(C(=O)C[C@H]([NH3+])Cc2cc(F)c(F)cc2F)CC3)c1,"CHEMBL1683988",732,Done,4.73,-8.6834,"glide_grid_1X70",-8.6971,-1.3477,-0.799813,-0,-2.0073,-36.6305,-18.618,0.37754,-0.295608,-92.0279,-55.2485,10.6913
COC(=O)c1cccc(-c2nnn3c2CN(C(=O)C[C@H](N)Cc2cc(F)c(F)cc2F)CC3)c1,"CHEMBL1683988",733,Done,4.4,-3.18969,"glide_grid_1X70",-5.42749,-1.11827,-0.502833,-0,-1.03176,-37.8753,-8.93643,0.541441,-0.0818417,-57.8959,-46.8117,7.53904
CN(C)C(=O)c1ccc(-c2nnn3c2CN(C(=O)C[C@H]([NH3+])Cc2cc(F)c(F)cc2F)CC3)cc1,"CHEMBL1683990",734,Done,5.04,-7.92842,"glide_grid_1X70",-7.94212,-1.12227,-0.51,-0,-1.44195,-38.5968,-20.2119,0.359283,-0.265569,-93.4475,-58.8087,10.2914
CN(C)C(=O)c1ccc(-c2nnn3c2CN(C(=O)C[C@H](N)Cc2cc(F)c(F)cc2F)CC3)cc1,"CHEMBL1683990",735,Done,4.45,-2.54518,"glide_grid_1X70",-4.78298,-1.10194,-0.44614,-0,-1.1935,-37.6727,-3.53373,0.515209,-0.142905,-51.3097,-41.2065,7.8759
COC(=O)c1ccc(-c2nnn3c2CN(C(=O)C[C@H]([NH3+])Cc2cc(F)c(F)cc2F)CC3)cc1,"CHEMBL1683991",736,Done,4.59,-7.56525,"glide_grid_1X70",-7.57895,-1.08484,-0.5374,-0,-1.70689,-35.1635,-17.1664,0.37754,-0.29422,-79.1992,-52.3299,16.1634
COC(=O)c1ccc(-c2nnn3c2CN(C(=O)C[C@H](N)Cc2cc(F)c(F)cc2F)CC3)cc1,"CHEMBL1683991",737,Done,4.25,-1.48346,"glide_grid_1X70",-3.72126,-0.366397,-0.550751,-0,-0.179903,-23.465,-12.2596,0.541441,-0.153459,-43.3883,-35.7247,3.0865
CS(=O)(=O)c1ccc(-c2nnn3c2CN(C(=O)C[C@H]([NH3+])Cc2cc(F)c(F)cc2F)CC3)cc1,"CHEMBL1683993",738,Done,4.7,-8.23902,"glide_grid_1X70",-8.25272,-1.11957,-0.542324,-0,-1.38518,-38.7288,-21.7254,0.291674,-0.302063,-97.1058,-60.4542,9.94836
CS(=O)(=O)c1ccc(-c2nnn3c2CN(C(=O)C[C@H](N)Cc2cc(F)c(F)cc2F)CC3)cc1,"CHEMBL1683993",739,Done,4.52,-1.68715,"glide_grid_1X70",-3.92495,-0.874195,-0.29209,-0,-0.652974,-32.4007,-5.09923,0.418238,-0.139014,-44.8008,-37.4999,5.18553
[NH3+][C@@H](CC(=O)N1CCn2nnc(-c3ccccn3)c2C1)Cc1cc(F)c(F)cc1F,"CHEMBL1683995",740,Done,3.44,-7.51895,"glide_grid_1X70",-7.53265,-1.30447,-0.47976,-0,-1.71741,-37.2079,-15.8237,0.397046,-0.194108,-80.7712,-53.0316,9.46892
N[C@@H](CC(=O)N1CCn2nnc(-c3ccccn3)c2C1)Cc1cc(F)c(F)cc1F,"CHEMBL1683995",741,Done,3.37,-3.84892,"glide_grid_1X70",-6.08672,-1.43697,-0.304,-0,-1.77208,-39.7141,-6.72576,0.569692,-0.148792,-62.1621,-46.4399,5.62551
[NH3+][C@@H](CC(=O)N1CCn2nnc(-c3ccoc3)c2C1)Cc1cc(F)c(F)cc1F,"CHEMBL1683997",742,Done,3.42,-7.70822,"glide_grid_1X70",-7.72192,-1.1241,-0.469539,-0,-1.80727,-33.7041,-18.5223,0.416699,-0.274155,-85.6338,-52.2264,7.68394
N[C@@H](CC(=O)N1CCn2nnc(-c3ccoc3)c2C1)Cc1cc(F)c(F)cc1F,"CHEMBL1683997",743,Done,3.31,-2.53692,"glide_grid_1X70",-4.77472,-0.89471,-0.41669,-0,-1.53614,-30.025,-6.50761,0.597954,-0.0477425,-46.6611,-36.5326,4.46327
[NH3+][C@@H](CC(=O)N1CCn2nnc(-c3ccsc3)c2C1)Cc1cc(F)c(F)cc1F,"CHEMBL1683999",744,Done,3.36,-6.08293,"glide_grid_1X70",-6.09663,-1.07022,-0.4,-0,-1.61331,-30.8506,-12.7282,0.555034,-0.116362,-71.1088,-43.5789,3.30234
N[C@@H](CC(=O)N1CCn2nnc(-c3ccsc3)c2C1)Cc1cc(F)c(F)cc1F,"CHEMBL1683999",745,Done,3.26,-3.22375,"glide_grid_1X70",-5.46155,-1.11242,-0.434779,-0,-1.61442,-34.0561,-7.06542,0.557436,-0.0947458,-50.0045,-41.1215,10.9129
[NH3+][C@@H](CC(=O)N1CCn2nnc(-c3cnco3)c2C1)Cc1cc(F)c(F)cc1F,"CHEMBL1684000",746,Done,3.01,-7.41666,"glide_grid_1X70",-7.43036,-1.12298,-0.536998,-0,-1.81109,-36.0628,-15.8289,0.414878,-0.19669,-80.3273,-51.8917,9.47046
N[C@@H](CC(=O)N1CCn2nnc(-c3cnco3)c2C1)Cc1cc(F)c(F)cc1F,"CHEMBL1684000",747,Done,3.58,-2.38787,"glide_grid_1X70",-4.62567,-1.18491,-0.304,-0,-1.42564,-29.4897,-4.73937,0.595336,-0.121053,-45.0318,-34.2291,2.68111
C[C@H](NC(=O)CCC(=O)[O-])C(=O)N[C@@H](C)C(=O)N1CCC[C@H]1C(=O)N[C@@H](Cc1ccccc1)C(=O)N[C@@H](C)C(=O)N1CCC[C@H]1B(O)O,"CHEMBL1765236",756,Done,19.62,-5.85458,"glide_grid_1X70",-5.85598,-1.07377,-1.05175,-0,-0.204724,-33.5626,-16.2266,0.736252,-0.149878,-71.6029,-49.7892,14.0638
[NH3+][C@@H](CC(=O)N1CCN(Cc2ccc(I)cc2)C(=O)C1)Cc1cc(F)c(F)cc1F,"CHEMBL1779701",759,Done,5.96,-9.09844,"glide_grid_1X70",-9.10934,-1.29725,-0.740995,-0,-1.76093,-35.8096,-24.0966,0.305709,-0.210898,-101.244,-59.9062,7.88478
N[C@@H](CC(=O)N1CCN(Cc2ccc(I)cc2)C(=O)C1)Cc1cc(F)c(F)cc1F,"CHEMBL1779701",760,Done,5.6,-0.362349,"glide_grid_1X70",-2.73735,-0.804075,-0.304,-0,-0.213263,-31.0867,-1.79508,0.438255,-0.0306655,-35.3739,-32.8818,8.49331
COc1cc(CN2CCN(C(=O)C[C@H]([NH3+])Cc3cc(F)c(F)cc3F)CC2=O)c([N+](=O)[O-])cc1OC,"CHEMBL1779704",761,Done,9.21,-7.21082,"glide_grid_1X70",-7.22172,-1.37106,-0.570242,-0,-1.50594,-39.922,-12.4033,0.329017,-0.2469,-84.3713,-52.3253,7.47298
COc1cc(CN2CCN(C(=O)C[C@H](N)Cc3cc(F)c(F)cc3F)CC2=O)c([N+](=O)[O-])cc1OC,"CHEMBL1779704",762,Done,10.43,-2.25163,"glide_grid_1X70",-4.62663,-1.2753,-0.303823,-0,-0.714396,-30.6322,-7.83412,0.47173,-0.0981176,-49.1584,-38.4663,3.70632
Cc1nc2cc(-c3ccccc3)nn2c(C)c1C(=O)NCC(C)(C)[NH2+]CC(=O)N1CCC[C@H]1C#N,"CHEMBL1929394",763,Done,4.72,-6.06297,"glide_grid_1X70",-6.39567,-0.999429,-0.434888,-0,-0.97801,-38.2433,-17.5778,0.808634,-0.243131,-74.6147,-55.8212,15.8716
CC(C)=CCn1c(N2CCC[NH2+]CC2)c(C#N)c2c1c(=O)n(Cc1c(C#N)cnc3ccccc13)c(=O)n2C,"CHEMBL1949693",765,Done,5.62,-4.03425,"glide_grid_1X70",-4.05585,-0.225091,-0.417221,-0,-0.273069,-30.8693,-12.2513,0.37516,-0.134473,-58.1118,-43.1206,2.14641
CC#CCn1c(N2CCC[NH2+]CC2)c(C#N)c2c1c(=O)n(Cc1ncc3ccccc3c1C#N)c(=O)n2C,"CHEMBL1951416",767,Done,5.03,-5.14296,"glide_grid_1X70",-5.16456,-0.137872,-0.787329,-0,-0.666199,-28.5205,-15.0022,0.278066,-0.174867,-60.8492,-43.5227,2.66329
COc1cccc(C(=O)Cn2c(=O)c3c(c(C#N)c(N4CCC[C@H]([NH3+])C4)n3Cc3ccccc3)n(C)c2=O)c1,"CHEMBL1951595",769,Done,5.09,-5.39335,"glide_grid_1X70",-5.39585,-0.424315,-0.487496,-0,-0.922259,-36.9979,-12.4954,0.310768,-0.14835,-67.2661,-49.4933,9.0987
Cn1c(=O)n(Cc2nccc3ccccc23)c(=O)c2c1c(C#N)c(N1CCC[C@H]([NH3+])C1)n2Cc1ccccc1,"CHEMBL1951596",770,Done,4.47,-6.26254,"glide_grid_1X70",-6.32254,-0.409201,-0.713533,-0,-1.06783,-34.8261,-16.6914,0.265406,-0.152373,-76.934,-51.5174,2.89922
Cn1c(=O)n(Cc2[nH+]ccc3ccccc23)c(=O)c2c1c(C#N)c(N1CCC[C@H]([NH3+])C1)n2Cc1ccccc1,"CHEMBL1951596",771,Done,5.21,-5.28722,"glide_grid_1X70",-6.67372,-0.474297,-0.649148,-0,-0.952535,-37.5668,-18.8553,0.264464,-0.155563,-83.8138,-56.4221,5.29043
COc1cccc(C(=O)Cn2c(=O)c3c(c(C#N)c(N4CCC[C@H]([NH3+])C4)n3CC=C(C)C)n(C)c2=O)c1,"CHEMBL1951598",772,Done,5.18,-6.25782,"glide_grid_1X70",-6.26032,-0.250356,-0.909965,-0,-1.03011,-31.4967,-17.7361,0.336078,-0.17073,-73.584,-49.2328,4.28661
CC(C)=CCn1c(N2CCC[C@H]([NH3+])C2)c(C#N)c2c1c(=O)n(Cc1nc(C)c3ccccc3n1)c(=O)n2C,"CHEMBL1951600",773,Done,4.68,-6.3303,"glide_grid_1X70",-6.3328,-0.318044,-0.786275,-0,-0.883363,-37.4291,-17.1995,0.272083,-0.165814,-82.1325,-54.6286,2.2058
COc1cccc(C(=O)Cn2c(=O)c3c(c(C#N)c(N4CCC[NH2+]CC4)n3CC=C(C)C)n(C)c2=O)c1,"CHEMBL1951607",774,Done,6.58,-4.89299,"glide_grid_1X70",-4.91459,-0.182801,-0.549143,-0,-0.773913,-30.4464,-13.5942,0.336078,-0.183361,-63.5832,-44.0406,2.98249
CC(C)=CCn1c(N2CCC[NH2+]CC2)c(C#N)c2c1c(=O)n(Cc1nc(C)c3ccccc3n1)c(=O)n2C,"CHEMBL1951609",776,Done,5.36,-4.86169,"glide_grid_1X70",-4.88329,-0.360269,-0.344439,-0,-0.653872,-31.2094,-13.8378,0.272083,-0.160654,-63.0517,-45.0472,2.20187
CC(C)=CCn1c(N2CCC[NH2+]CC2)c(C#N)c2c1c(=O)n(Cc1ncc3ccccc3c1C#N)c(=O)n2C,"CHEMBL1951611",778,Done,4.95,-4.78643,"glide_grid_1X70",-4.80803,-0.255067,-0.316835,-0,-0.741462,-35.1215,-12.2558,0.262612,-0.162824,-65.3538,-47.3774,2.09951
CC#CCn1c(N2CCC[NH2+]CC2)c(C#N)c2c1c(=O)n(Cc1c(C#N)cnc3ccccc13)c(=O)n2C,"CHEMBL1951614",780,Done,4.51,-5.72706,"glide_grid_1X70",-5.74866,-0.794188,-0.307928,-0,-0.621644,-39.5888,-14.9017,0.397237,-0.207448,-77.4701,-54.4905,0.36999
[NH3+][C@H]1CN(c2ccc(-n3ccc(OCc4ccccc4)cc3=O)cn2)CC[C@@H]1c1cc(F)c(F)cc1F,"CHEMBL2011535",782,Done,3.35,-8.5057,"glide_grid_1X70",-8.5143,-1.58428,-0.558764,-0,-1.59279,-48.3791,-17.0097,0.333727,-0.141785,-96.8952,-65.3889,2.59627
NC(=[NH2+])NCCC[C@H]([NH3+])C(=O)N1C[C@@H](O)C[C@H]1B(O)O,"CHEMBL2063040",783,Done,15.13,-3.41882,"glide_grid_1X70",-3.78692,-0.402878,-0.618225,-0,-1.6606,-18.0589,-23.154,3.48396,-0.213122,-52.4513,-41.2129,13.5497
NC(=[NH2+])NCCC[C@H](N)C(=O)N1C[C@@H](O)C[C@H]1B(O)O,"CHEMBL2063040",784,Done,13.77,-1.67113,"glide_grid_1X70",-2.12763,-0.673626,-0.462958,-0,-1.42435,-22.0391,-12.017,3.50522,-0.167417,-38.4097,-34.056,6.76632
[NH3+][C@@H](CC(=O)N1CCN(C(c2ccc(F)cc2)c2ccc(F)cc2)CC1)Cc1cc(F)c(F)cc1F,"CHEMBL2069837",785,Done,5.63,-7.46194,"glide_grid_1X70",-7.76744,-1.13976,-0.733309,-0,-1.72619,-31.6452,-18.4417,0.393624,-0.213281,-79.1467,-50.0869,14.8414
[NH3+][C@@H](CC(=O)N1CC[NH+](C(c2ccc(F)cc2)c2ccc(F)cc2)CC1)Cc1cc(F)c(F)cc1F,"CHEMBL2069837",786,Done,5.82,-5.27469,"glide_grid_1X70",-5.83899,-0.0973375,-0.444081,-0,-0.522275,-29.6674,-22.3342,0.392185,-0.333984,-76.3763,-52.0016,12.8857
C[NH+]1CCN(c2ccc(C(=O)N3CCN(C(=O)C[C@H]([NH3+])Cc4cc(F)c(F)cc4F)CC3)cc2)CC1,"CHEMBL2069846",787,Done,6.66,-4.93086,"glide_grid_1X70",-5.12546,-0.482603,-0.234869,-0,-0.883185,-27.7581,-15.54,0.39211,-0.198006,-64.8499,-43.2981,5.71069
CN1CCN(c2ccc(C(=O)N3CCN(C(=O)C[C@H]([NH3+])Cc4cc(F)c(F)cc4F)CC3)cc2)CC1,"CHEMBL2069846",788,Done,7.82,-4.04526,"glide_grid_1X70",-4.83676,-0.16809,-0.163908,-0,-0.520662,-21.1148,-19.4055,0.393548,-0.411083,-57.1214,-40.5203,5.26814
C[NH+]1CCN(c2ccc(C(=O)N3CCN(C(=O)C[C@H](N)Cc4cc(F)c(F)cc4F)CC3)cc2)CC1,"CHEMBL2069846",789,Done,6.78,-2.67932,"glide_grid_1X70",-5.27582,-1.19817,-0.39662,-0,-1.0374,-35.3705,-9.10442,0.562211,-0.0716494,-57.4343,-44.4749,12.558
[NH3+][C@@H](CC(=O)N1CCN(C(=O)c2cccc(-c3ccc(F)cc3)n2)CC1)Cc1cc(F)c(F)cc1F,"CHEMBL2069858",790,Done,7.16,-6.02636,"glide_grid_1X70",-6.03626,-0.439494,-0.549715,-0,-0.535318,-25.8443,-21.2521,0.397981,-0.429687,-76.1233,-47.0964,4.67301
N[C@@H](CC(=O)N1CCN(C(=O)c2cccc(-c3ccc(F)cc3)n2)CC1)Cc1cc(F)c(F)cc1F,"CHEMBL2069858",791,Done,6.98,-3.05367,"glide_grid_1X70",-5.48187,-0.810299,-0.378689,-0,-1.57284,-42.1046,-7.36498,0.570645,-0.0807118,-63.403,-49.4695,6.29739
Cn1c(=O)c2c([nH+]c(N3CCC[C@@H]([NH3+])C3)n2Cc2cccc(Cl)c2)c2cc(C(=O)[O-])ccc21,"CHEMBL2147049",792,Done,3.03,-7.01538,"glide_grid_1X70",-7.26998,-1.45178,-0.530003,-0,-1.00474,-31.2559,-18.9258,0.277645,-0.159443,-78.6019,-50.1817,7.38882
Cn1c(=O)c2c(nc(N3CCC[C@@H]([NH3+])C3)n2Cc2cccc(Cl)c2)c2cc(C(=O)[O-])ccc21,"CHEMBL2147049",793,Done,2.97,-6.78416,"glide_grid_1X70",-7.42936,-1.62044,-0.659095,-0,-1.21389,-31.2919,-15.7929,0.195119,-0.19752,-74.7856,-47.0848,5.4229
Cn1c(=O)c2c([nH+]c(N3CCC[C@@H](N)C3)n2Cc2cccc(Cl)c2)c2cc(C(=O)[O-])ccc21,"CHEMBL2147049",794,Done,3.1,-1.20857,"glide_grid_1X70",-3.85307,-0.693259,-0.304,-0,-0.573295,-30.4079,-6.79377,0.278741,-0.0217949,-45.5355,-37.2017,4.12645
Cn1c(=O)c2c([nH+]c(N3CCC[C@@H]([NH3+])C3)n2CCc2ccccc2Cl)c2cc(C(=O)[O-])ccc21,"CHEMBL2147064",795,Done,3.93,-5.60452,"glide_grid_1X70",-5.73182,-0.201867,-0.784763,-0,-0.718002,-22.8519,-19.7791,0.245504,-0.163233,-64.4717,-42.631,4.89606
Cn1c(=O)c2c(nc(N3CCC[C@@H]([NH3+])C3)n2CCc2ccccc2Cl)c2cc(C(=O)[O-])ccc21,"CHEMBL2147064",796,Done,4.21,-4.98634,"glide_grid_1X70",-6.00764,-0.835454,-0.46377,-0,-0.642852,-31.288,-18.156,0.352067,-0.129834,-72.4865,-49.444,4.54282
Cn1c(=O)c2c([nH+]c(N3CCC[C@@H](N)C3)n2CCc2ccccc2Cl)c2cc(C(=O)[O-])ccc21,"CHEMBL2147064",797,Done,4.73,-0.0703196,"glide_grid_1X70",-2.58752,-0.0775568,-0.320803,-0,-0.137338,-24.7218,-7.57664,0.352067,-0.031305,-37.3958,-32.2984,3.8503
Cn1c(=O)c2c([nH+]c(N3CCC[C@@H]([NH3+])C3)n2Cc2cc(Cl)ccc2Cl)c2cc(C(=O)[O-])ccc21,"CHEMBL2147068",798,Done,2.88,-4.61233,"glide_grid_1X70",-4.86693,-0.365209,-0.4,-0,-0.323002,-26.9772,-16.9392,0.243761,-0.132741,-65.2179,-43.9164,1.5721
Cn1c(=O)c2c(nc(N3CCC[C@@H]([NH3+])C3)n2Cc2cc(Cl)ccc2Cl)c2cc(C(=O)[O-])ccc21,"CHEMBL2147068",799,Done,2.97,-4.43765,"glide_grid_1X70",-5.08285,-0.631034,-0.400573,-0,-0.721099,-30.3355,-12.1616,0.171263,-0.160393,-62.4637,-42.4971,2.85701
Cn1c(=O)c2c([nH+]c(N3CCC[C@@H](N)C3)n2Cc2cc(Cl)ccc2Cl)c2cc(C(=O)[O-])ccc21,"CHEMBL2147068",800,Done,2.55,-0.0477985,"glide_grid_1X70",-2.6923,-0.226121,-0.576,-0,-0.0653116,-20.1035,-6.99499,0.244662,-0.0151052,-31.9889,-27.0985,3.79268
Cn1c(=O)c2c([nH+]c(N3CCC[C@@H]([NH3+])C3)n2Cc2cc(F)ccc2Cl)c2cc(C(=O)[O-])ccc21,"CHEMBL2147069",801,Done,2.86,-4.7026,"glide_grid_1X70",-4.9572,-0.288207,-0.4,-0,-0.491908,-25.4319,-17.5547,0.259122,-0.131411,-64.2668,-42.9866,2.04708
Cn1c(=O)c2c(nc(N3CCC[C@@H]([NH3+])C3)n2Cc2cc(F)ccc2Cl)c2cc(C(=O)[O-])ccc21,"CHEMBL2147069",802,Done,2.95,-4.2544,"glide_grid_1X70",-4.8996,-0.9805,-0.4,-0,-0.5029,-33.42,-9.92669,0.26011,-0.1163,-62.7398,-43.3467,2.01201
Cn1c(=O)c2c([nH+]c(N3CCC[C@@H](N)C3)n2Cc2cc(F)ccc2Cl)c2cc(C(=O)[O-])ccc21,"CHEMBL2147069",803,Done,2.57,0.0211728,"glide_grid_1X70",-2.62333,-0.107181,-0.436658,-0,-0.337911,-19.785,-6.65637,0.26011,-0.0139799,-32.4277,-26.4414,2.01225
Cn1c(=O)c2c([nH+]c(N3CCC[C@@H]([NH3+])C3)n2Cc2cc(F)ccc2Cl)c2ccc(C(=O)[O-])cc21,"CHEMBL2147070",804,Done,2.77,-5.99558,"glide_grid_1X70",-6.27408,-0.742041,-0.537684,-0,-0.661376,-29.3567,-18.5836,0.181385,-0.258984,-75.5791,-47.9403,2.80529
Cn1c(=O)c2c(nc(N3CCC[C@@H]([NH3+])C3)n2Cc2cc(F)ccc2Cl)c2ccc(C(=O)[O-])cc21,"CHEMBL2147070",805,Done,2.95,-5.1366,"glide_grid_1X70",-5.7376,-0.718309,-0.495102,-0,-0.757845,-28.8744,-15.3191,0.182077,-0.20683,-68.5625,-44.1935,3.22696
Cn1c(=O)c2c([nH+]c(N3CCC[C@@H](N)C3)n2Cc2cc(F)ccc2Cl)c2ccc(C(=O)[O-])cc21,"CHEMBL2147070",806,Done,2.52,-1.03367,"glide_grid_1X70",-3.70207,-0.248757,-0.80336,-0,-0.126663,-23.9691,-9.47099,0.26011,-0.164292,-42.9819,-33.4401,4.49326
CN(C)C(=O)c1ccc2c3nc(N4CCC[C@@H]([NH3+])C4)n(Cc4ccccc4Cl)c3c(=O)n(C)c2c1,"CHEMBL2147071",807,Done,3.94,-5.17626,"glide_grid_1X70",-5.18236,-0.236225,-0.643735,-0,-0.568259,-26.7367,-16.0222,0.233775,-0.227748,-58.6627,-42.7589,5.21692
CN(C)C(=O)c1ccc2c3[nH+]c(N4CCC[C@@H]([NH3+])C4)n(Cc4ccccc4Cl)c3c(=O)n(C)c2c1,"CHEMBL2147071",808,Done,3.59,-3.26476,"glide_grid_1X70",-5.97736,-0.192289,-0.784241,-0,-0.561789,-27.7522,-20.2825,0.232904,-0.241957,-67.1871,-48.0347,5.93866
Cn1c(=O)c2c([nH+]c(N3CCC[C@@H]([NH3+])C3)n2Cc2ccccc2Cl)c2ccc(C(=O)[O-])cc21,"CHEMBL2147073",809,Done,2.7,-4.70462,"glide_grid_1X70",-4.98312,-0.237374,-0.4,-0,-0.756435,-21.3816,-17.0923,0.194351,-0.150729,-59.4501,-38.4739,1.90896
Cn1c(=O)c2c(nc(N3CCC[C@@H]([NH3+])C3)n2Cc2ccccc2Cl)c2ccc(C(=O)[O-])cc21,"CHEMBL2147073",810,Done,2.79,-5.14266,"glide_grid_1X70",-5.74366,-0.744547,-0.513437,-0,-0.766536,-29.1306,-14.9901,0.195119,-0.209212,-67.5103,-44.1207,3.56776
Cn1c(=O)c2c([nH+]c(N3CCC[C@@H](N)C3)n2Cc2ccccc2Cl)c2ccc(C(=O)[O-])cc21,"CHEMBL2147073",811,Done,2.62,-0.98796,"glide_grid_1X70",-3.65636,-0.25504,-0.748353,-0,-0.232283,-23.9911,-9.04692,0.278741,-0.14283,-41.786,-33.038,5.99516
Cn1c(=O)c2c([nH+]c(N3CCC[C@@H]([NH3+])C3)n2Cc2ccccc2Cl)c2ccc(CC(=O)[O-])cc21,"CHEMBL2147074",812,Done,3.24,-3.62193,"glide_grid_1X70",-3.82773,-0.0054667,-0.683506,-0,-0.354775,-16.7483,-13.9497,0.35072,-0.204824,-40.7257,-30.6981,5.54006
Cn1c(=O)c2c(nc(N3CCC[C@@H]([NH3+])C3)n2Cc2ccccc2Cl)c2ccc(CC(=O)[O-])cc21,"CHEMBL2147074",813,Done,3.78,-3.7036,"glide_grid_1X70",-4.458,-0.61381,-0.26077,-0,-0.486028,-24.9122,-13.9834,0.352067,-0.106332,-55.1531,-38.8956,3.57718
Cn1c(=O)c2c([nH+]c(N3CCC[C@@H](N)C3)n2Cc2ccccc2Cl)c2ccc(CC(=O)[O-])cc21,"CHEMBL2147074",814,Done,4.39,-0.000628111,"glide_grid_1X70",-2.59633,-0.0824987,-0.475423,-0,-0.189238,-20.2724,-7.47952,0.352067,-0.0656868,-35.0812,-27.7519,2.41265
Cn1c(=O)c2c(nc(N3CCC[C@@H]([NH3+])C3)n2Cc2ccccc2Cl)c2cc(OC(F)F)ccc21,"CHEMBL2147078",815,Done,4.56,-5.70462,"glide_grid_1X70",-5.85102,-0.614808,-0.515364,-0,-0.751013,-34.2349,-15.1723,0.238233,-0.220477,-71.0683,-49.4072,5.56081
Cn1c(=O)c2c([nH+]c(N3CCC[C@@H]([NH3+])C3)n2Cc2ccccc2Cl)c2cc(OC(F)F)ccc21,"CHEMBL2147078",816,Done,5.19,-4.57758,"glide_grid_1X70",-5.49588,-0.168372,-0.558653,-0,-0.592398,-21.7144,-20.6628,0.237337,-0.228657,-62.8524,-42.3772,1.1272
COC(=O)c1ccc2c(c1)c1nc(N3CCC[C@@H]([NH3+])C3)n(Cc3ccccc3Cl)c1c(=O)n2C,"CHEMBL2147079",817,Done,3.23,-4.56165,"glide_grid_1X70",-4.56165,-0.238695,-0.562803,-0,-0.659775,-23.7497,-13.3969,0.245504,-0.14887,-51.0421,-37.1465,6.08654
Cn1c(=O)c2c(nc(N3CCC[C@@H]([NH3+])C3)n2Cc2ccccc2Cl)c2cc(C(N)=O)ccc21,"CHEMBL2147080",818,Done,3.87,-3.89176,"glide_grid_1X70",-4.01256,-0.26458,-0.28302,-0,-0.454531,-29.0922,-11.1071,0.278716,-0.168472,-53.1582,-40.1993,1.38101
Cn1c(=O)c2c([nH+]c(N3CCC[C@@H]([NH3+])C3)n2Cc2ccccc2Cl)c2cc(C(N)=O)ccc21,"CHEMBL2147080",819,Done,3.58,-5.1397,"glide_grid_1X70",-6.1616,-0.460556,-0.504898,-0,-0.840167,-20.1027,-22.2981,0.194334,-0.200461,-65.7448,-42.4007,1.81006
CN(C)C(=O)c1ccc2c(c1)c1nc(N3CCC[C@@H]([NH3+])C3)n(Cc3ccccc3Cl)c1c(=O)n2C,"CHEMBL2147081",820,Done,4.15,-5.78684,"glide_grid_1X70",-5.78684,-1.37281,-0.56,-0,-0.504148,-31.8348,-12.8326,0.333964,-0.167221,-63.499,-44.6673,4.04771
Cn1c(=O)c2c([nH+]c(N3CCC[C@@H]([NH3+])C3)n2Cc2ccccc2Cl)c2cc(C(=O)[O-])ccc21,"CHEMBL2147082",821,Done,2.72,-5.24729,"glide_grid_1X70",-5.50189,-0.575638,-0.416169,-0,-0.864772,-27.9623,-14.8929,0.194351,-0.207609,-62.1049,-42.8552,3.11618
Cn1c(=O)c2c(nc(N3CCC[C@@H]([NH3+])C3)n2Cc2ccccc2Cl)c2cc(C(=O)[O-])ccc21,"CHEMBL2147082",822,Done,3.03,-5.3589,"glide_grid_1X70",-6.0041,-1.31342,-0.545592,-0,-0.961029,-27.8452,-12.7236,0.278741,-0.162001,-62.9054,-40.5688,3.68377
Cn1c(=O)c2c([nH+]c(N3CCC[C@@H]([NH3+])C3)n2Cc2ccccc2Cl)c2cc(CC(=O)[O-])ccc21,"CHEMBL2147083",824,Done,4.48,-5.67733,"glide_grid_1X70",-5.86483,-0.093274,-0.929224,-0,-0.725135,-21.135,-20.6867,0.245504,-0.202944,-68.8263,-41.8217,2.41538
Cn1c(=O)c2c(nc(N3CCC[C@@H]([NH3+])C3)n2Cc2ccccc2Cl)c2cc(CC(=O)[O-])ccc21,"CHEMBL2147083",825,Done,3.98,-5.10625,"glide_grid_1X70",-5.91035,-1.53657,-0.56,-0,-0.580497,-30.298,-12.6942,0.352067,-0.166325,-62.7724,-42.9922,4.19667
Cn1c(=O)c2c([nH+]c(N3CCC[C@@H](N)C3)n2Cc2ccccc2Cl)c2cc(CC(=O)[O-])ccc21,"CHEMBL2147083",826,Done,4.25,-1.08483,"glide_grid_1X70",-3.66213,-0.421067,-0.459601,-0,-0.168112,-28.4675,-9.55014,0.352067,-0.109523,-47.7489,-38.0176,4.63353
Cn1c(=O)c2c([nH+]c(N3CCC[C@@H]([NH3+])C3)n2Cc2ccccc2Cl)c2c(C(=O)[O-])cccc21,"CHEMBL2147084",827,Done,3.25,-6.42517,"glide_grid_1X70",-6.66667,-1.33523,-0.463508,-0,-0.861993,-28.9613,-17.7261,0.277645,-0.176597,-71.0347,-46.6874,3.69094
Cn1c(=O)c2c(nc(N3CCC[C@@H]([NH3+])C3)n2Cc2ccccc2Cl)c2c(C(=O)[O-])cccc21,"CHEMBL2147084",828,Done,3.43,-5.71106,"glide_grid_1X70",-6.38296,-1.3532,-0.449443,-0,-0.903668,-29.0791,-15.5268,0.278741,-0.172418,-68.0944,-44.6058,3.99677
Cn1c(=O)c2c([nH+]c(N3CCC[C@@H]([NH3+])C3)n2Cc2ccccc2Cl)c2c(CC(=O)[O-])cccc21,"CHEMBL2147085",830,Done,5.07,-5.79013,"glide_grid_1X70",-5.93393,-0.390673,-0.623147,-0,-0.668843,-28.5553,-18.7366,0.245504,-0.258514,-72.5803,-47.2919,5.07655
Cn1c(=O)c2c(nc(N3CCC[C@@H]([NH3+])C3)n2Cc2ccccc2Cl)c2c(CC(=O)[O-])cccc21,"CHEMBL2147085",831,Done,3.92,-4.18711,"glide_grid_1X70",-5.13831,-0.772489,-0.441231,-0,-0.909651,-30.2139,-10.7864,0.246447,-0.132724,-60.417,-41.0003,4.49478
COC(=O)c1cccc2c3nc(N4CCC[C@@H]([NH3+])C4)n(Cc4ccccc4Cl)c3c(=O)n(C)c12,"CHEMBL2147188",833,Done,4.44,-5.7143,"glide_grid_1X70",-5.7213,-0.983467,-0.230331,-0,-0.659775,-33.5425,-14.5344,0.245504,-0.235942,-70.4254,-48.0769,1.53668
COC(=O)c1cccc2c3[nH+]c(N4CCC[C@@H]([NH3+])C4)n(Cc4ccccc4Cl)c3c(=O)n(C)c12,"CHEMBL2147188",834,Done,4.03,-3.57215,"glide_grid_1X70",-6.20805,-0.67469,-0.480445,-0,-0.652903,-28.4115,-19.8732,0.244566,-0.243012,-69.4962,-48.2848,6.95459
Cn1c(=O)c2c([nH+]c(N3CCC[C@@H]([NH3+])C3)n2Cc2ccccc2Cl)c2cccc(C(=O)[O-])c21,"CHEMBL2147189",835,Done,2.9,-5.99816,"glide_grid_1X70",-6.26016,-0.723536,-0.414078,-0,-0.814492,-30.4432,-18.3281,0.194351,-0.231033,-74.2337,-48.7713,2.98606
Cn1c(=O)c2c(nc(N3CCC[C@@H]([NH3+])C3)n2Cc2ccccc2Cl)c2cccc(C(=O)[O-])c21,"CHEMBL2147189",836,Done,3.63,-5.36636,"glide_grid_1X70",-5.99736,-0.78414,-0.402947,-0,-0.853111,-33.1652,-15.2074,0.195119,-0.212916,-73.4823,-48.3726,2.4239
Cn1c(=O)c2c([nH+]c(N3CCC[C@@H]([NH3+])C3)n2Cc2ccccc2Cl)c2ccc(-c3ccccc3)cc21,"CHEMBL2147191",838,Done,2.85,-5.21165,"glide_grid_1X70",-5.62555,-0.21389,-0.470829,-0,-0.53,-25.2322,-21.3376,0.228638,-0.177227,-67.1605,-46.5698,4.55901
Cn1c(=O)c2c(nc(N3CCC[C@@H]([NH3+])C3)n2Cc2ccccc2Cl)c2ccc(-c3ccccc3)cc21,"CHEMBL2147191",839,Done,3.12,-4.59172,"glide_grid_1X70",-5.01182,-0.305727,-0.406928,-0,-0.53664,-28.6126,-15.7889,0.229485,-0.19304,-60.3024,-44.4016,5.15407
COCc1ccc2c3nc(N4CCC[C@@H]([NH3+])C4)n(Cc4ccccc4Cl)c3c(=O)n(C)c2c1,"CHEMBL2147194",840,Done,5.66,-4.50733,"glide_grid_1X70",-4.57183,-0.869936,-0.25684,-0,-0.474581,-25.7087,-13.0005,0.370131,-0.10509,-51.2863,-38.7092,5.63548
COCc1ccc2c3[nH+]c(N4CCC[C@@H]([NH3+])C4)n(Cc4ccccc4Cl)c3c(=O)n(C)c2c1,"CHEMBL2147194",841,Done,3.31,-5.33789,"glide_grid_1X70",-6.70189,-1.31705,-0.521281,-0,-0.735343,-31.7412,-18.177,0.368678,-0.183279,-72.4611,-49.9182,4.76056
COC(=O)c1ccc2c3nc(N4CCC[C@@H]([NH3+])C4)n(Cc4ccccc4Cl)c3c(=O)n(C)c2c1,"CHEMBL2147195",842,Done,3.33,-4.96389,"glide_grid_1X70",-4.96389,-0.467371,-0.50063,-0,-0.80619,-32.9353,-10.9672,0.245504,-0.143363,-61.3514,-43.9024,2.41396
Cn1c(=O)c2c(nc(N3CCC[C@@H]([NH3+])C3)n2Cc2ccccc2Cl)c2ccc(C(N)=O)cc21,"CHEMBL2147196",843,Done,3.4,-4.64742,"glide_grid_1X70",-4.80622,-0.27366,-0.426642,-0,-0.762193,-21.1802,-15.6299,0.195101,-0.135334,-52.6462,-36.8101,3.6804
Cn1c(=O)c2c([nH+]c(N3CCC[C@@H]([NH3+])C3)n2Cc2ccccc2Cl)c2ccc(C(N)=O)cc21,"CHEMBL2147196",844,Done,3.2,-4.73589,"glide_grid_1X70",-5.61129,-0.0236827,-0.674542,-0,-0.755253,-21.7562,-20.6318,0.194334,-0.169567,-63.7661,-42.388,1.20772
CC(=O)Nc1ccc(OP(=O)(Oc2ccc(NC(C)=O)cc2)[C@@H]2CCCN2C(=O)[C@@H]2CCC[NH2+]2)cc1,"CHEMBL2153742",845,Done,7.99,-4.38263,"glide_grid_1X70",-4.53123,-0.198597,-0.646952,-0,-0.21843,-35.2613,-14.3585,0.694901,-0.245321,-66.3692,-49.6197,6.9294
COC(=O)c1ccc(OP(=O)(Oc2ccc(C(=O)OC)cc2)[C@@H]2CCCN2C(=O)[C@@H]2CCC[NH2+]2)cc1,"CHEMBL2153743",847,Done,6.22,-5.05074,"glide_grid_1X70",-5.19934,-0.495254,-0.613638,-0,-0.33721,-38.4525,-15.1403,0.690049,-0.249617,-73.5899,-53.5928,7.51495
CCOC(=O)CNC(=O)c1ccc(OP(=O)(Oc2ccc(C(=O)NCC(=O)OCC)cc2)[C@@H]2CCCN2C(=O)[C@@H]2CCC[NH2+]2)cc1,"CHEMBL2153744",849,Done,19.93,-6.1754,"glide_grid_1X70",-6.324,-0.586112,-0.899987,-0,-0.22289,-40.642,-19.3536,0.675071,-0.354949,-88.1513,-59.9956,12.4966
[NH3+][C@@H](CC(=O)NC1(c2cccc(-n3ccnc3)c2)CCS(=O)(=O)CC1)Cc1cc(F)c(F)cc1F,"CHEMBL2203319",851,Done,5.48,-10.0598,"glide_grid_1X70",-10.0845,-1.33058,-0.909987,-0,-2.08267,-40.6524,-26.0035,0.389316,-0.217421,-120.31,-66.6559,6.18266
[NH3+][C@@H](CC(=O)NC1(c2cccc(-n3cc[nH+]c3)c2)CCS(=O)(=O)CC1)Cc1cc(F)c(F)cc1F,"CHEMBL2203319",852,Done,4.39,-5.91241,"glide_grid_1X70",-8.18861,-1.43357,-0.382328,-0,-1.87868,-38.6593,-18.4195,0.387901,-0.186055,-85.9742,-57.0787,16.6272
N[C@@H](CC(=O)NC1(c2cccc(-n3ccnc3)c2)CCS(=O)(=O)CC1)Cc1cc(F)c(F)cc1F,"CHEMBL2203319",853,Done,5.5,-3.16981,"glide_grid_1X70",-5.50581,-0.996617,-0.712877,-0,-0.482065,-31.1915,-14.1075,0.558198,-0.196738,-62.815,-45.2991,3.10925
[NH3+][C@@H](CC(=O)NC1(c2cccc(-c3cncs3)c2)CCS(=O)(=O)CC1)Cc1cc(F)c(F)cc1F,"CHEMBL2206469",854,Done,4.94,-8.5295,"glide_grid_1X70",-8.5414,-1.22894,-0.439604,-0,-1.70859,-39.8397,-22.3125,0.366379,-0.19179,-101.373,-62.1521,8.71779
N[C@@H](CC(=O)NC1(c2cccc(-c3cncs3)c2)CCS(=O)(=O)CC1)Cc1cc(F)c(F)cc1F,"CHEMBL2206469",855,Done,5.11,-5.08878,"glide_grid_1X70",-7.41198,-1.59414,-0.759853,-0,-1.30457,-41.7,-13.8398,0.525254,-0.117706,-78.3842,-55.5397,8.54092
Cc1ncc(-c2cccc(C3(NC(=O)C[C@H]([NH3+])Cc4ccccc4F)CCS(=O)(=O)CC3)c2)s1,"CHEMBL2206472",856,Done,5.49,-8.08899,"glide_grid_1X70",-8.10089,-1.43839,-0.470483,-0,-1.16168,-39.3781,-21.8443,0.396312,-0.18111,-96.123,-61.2224,14.1141
Cc1ncc(-c2cccc(C3(NC(=O)C[C@H](N)Cc4ccccc4F)CCS(=O)(=O)CC3)c2)s1,"CHEMBL2206472",857,Done,5.11,-3.23887,"glide_grid_1X70",-5.56207,-1.66742,-0.483564,-0,-0.328482,-38.8194,-11.2395,0.568248,-0.023955,-66.7428,-50.0589,4.79019
[NH3+][C@@H](CC(=O)NC1(c2cccc(-c3cnc([C@@H]4CCCC[NH2+]4)s3)c2)CCS(=O)(=O)CC1)Cc1ccccc1F,"CHEMBL2206473",858,Done,6.5,-5.41861,"glide_grid_1X70",-5.45101,-0.592001,-0.448808,-0,-0.224999,-35.7234,-17.7343,0.416132,-0.155018,-76.1696,-53.4577,5.86096
N[C@@H](CC(=O)NC1(c2cccc(-c3cnc([C@@H]4CCCC[NH2+]4)s3)c2)CCS(=O)(=O)CC1)Cc1ccccc1F,"CHEMBL2206473",860,Done,5.98,-1.84164,"glide_grid_1X70",-4.18534,-0.499569,-0.34143,-0,-0.224847,-29.4368,-12.4397,0.418777,-0.200475,-58.6099,-41.8765,1.184
[NH3+][C@@H](CC(=O)NC1(c2nc(-c3ccccc3)cs2)CCS(=O)(=O)CC1)Cc1cc(F)c(F)cc1F,"CHEMBL2206475",861,Done,5.37,-7.38763,"glide_grid_1X70",-7.39913,-1.06584,-0.701752,-0,-1.00095,-28.9351,-22.0133,0.366379,-0.248221,-81.9092,-50.9484,3.91854
N[C@@H](CC(=O)NC1(c2nc(-c3ccccc3)cs2)CCS(=O)(=O)CC1)Cc1cc(F)c(F)cc1F,"CHEMBL2206475",862,Done,4.91,-3.93993,"glide_grid_1X70",-6.28273,-1.46266,-0.688706,-0,-1.26553,-36.2414,-9.75008,0.525254,-0.116503,-58.6836,-45.9915,9.4042
COc1cccc(-c2csc(C3(NC(=O)C[C@H]([NH3+])Cc4ccccc4F)CCS(=O)(=O)CC3)n2)c1,"CHEMBL2206476",863,Done,6.75,-7.74787,"glide_grid_1X70",-7.75937,-1.13389,-0.56804,-0,-0.956887,-44.426,-20.52,0.374153,-0.175393,-99.8027,-64.9461,11.8266
COc1cccc(-c2csc(C3(NC(=O)C[C@H](N)Cc4ccccc4F)CCS(=O)(=O)CC3)n2)c1,"CHEMBL2206476",864,Done,6.1,-3.24038,"glide_grid_1X70",-5.58318,-1.21804,-0.503552,-0,-0.547604,-43.6464,-10.5856,0.536419,-0.0802433,-66.7606,-54.232,14.8459
COc1ccc(-c2csc(C3(NC(=O)C[C@H]([NH3+])Cc4ccccc4F)CCS(=O)(=O)CC3)n2)cc1,"CHEMBL2206477",865,Done,6.51,-8.27353,"glide_grid_1X70",-8.28503,-1.27661,-0.429553,-0,-1.11245,-44.8278,-22.7321,0.374153,-0.189356,-108.44,-67.5599,8.46524
COc1ccc(-c2csc(C3(NC(=O)C[C@H](N)Cc4ccccc4F)CCS(=O)(=O)CC3)n2)cc1,"CHEMBL2206477",866,Done,5.93,-2.7963,"glide_grid_1X70",-5.1391,-1.07173,-0.707419,-0,-0.563907,-37.4155,-9.25646,0.536419,-0.0732163,-53.1174,-46.6719,21.2981
COc1ccccc1-c1csc(C2(NC(=O)C[C@H]([NH3+])Cc3cc(F)c(F)cc3F)CCS(=O)(=O)CC2)n1,"CHEMBL2206478",867,Done,6.59,-8.73953,"glide_grid_1X70",-8.75103,-1.12573,-0.568927,-0,-1.54775,-44.1717,-22.6258,0.279043,-0.185214,-108.887,-66.7975,9.23396
COc1ccccc1-c1csc(C2(NC(=O)C[C@H](N)Cc3cc(F)c(F)cc3F)CCS(=O)(=O)CC2)n1,"CHEMBL2206478",868,Done,6.29,-3.29053,"glide_grid_1X70",-5.63333,-0.723849,-0.956586,-0,-0.297217,-25.3554,-17.4782,0.401339,-0.167515,-56.7958,-42.8336,4.00788
[NH3+][C@@H](CC(=O)NC1(c2nc(-c3ccc(Cl)cc3)cs2)CCS(=O)(=O)CC1)Cc1cc(F)c(F)cc1F,"CHEMBL2206479",869,Done,5.03,-9.21159,"glide_grid_1X70",-9.22309,-1.3142,-0.88639,-0,-1.70391,-42.4629,-21.6352,0.270867,-0.221023,-111.355,-64.0981,6.18384
N[C@@H](CC(=O)NC1(c2nc(-c3ccc(Cl)cc3)cs2)CCS(=O)(=O)CC1)Cc1cc(F)c(F)cc1F,"CHEMBL2206479",870,Done,4.72,-4.57249,"glide_grid_1X70",-6.91529,-1.58498,-0.688232,-0,-1.29265,-40.3144,-10.6151,0.389591,-0.131047,-68.2768,-50.9294,9.46817
[NH3+][C@@H](CC(=O)NC1(c2nc(-c3ccc(C(F)(F)F)cc3)cs2)CCS(=O)(=O)CC1)Cc1cc(F)c(F)cc1F,"CHEMBL2206480",871,Done,7.28,-8.97051,"glide_grid_1X70",-8.98201,-1.15096,-0.416792,-0,-1.77979,-44.1151,-21.7738,0.215111,-0.377747,-106.724,-65.889,11.2317
N[C@@H](CC(=O)NC1(c2nc(-c3ccc(C(F)(F)F)cc3)cs2)CCS(=O)(=O)CC1)Cc1cc(F)c(F)cc1F,"CHEMBL2206480",872,Done,7.43,-2.9449,"glide_grid_1X70",-5.2877,-1.00435,-0.548757,-0,-0.508651,-36.2632,-9.56522,0.309481,-0.287482,-59.3709,-45.8284,4.57188
[NH3+][C@@H](CC(=O)NC1(c2nc(-c3cccc(C(F)(F)F)c3)cs2)CCS(=O)(=O)CC1)Cc1cc(F)c(F)cc1F,"CHEMBL2206481",873,Done,7.82,-6.67829,"glide_grid_1X70",-6.68979,-0.447368,-0.522857,-0,-0.903601,-42.0296,-17.1455,0.215111,-0.357769,-91.6427,-59.1751,7.72689
N[C@@H](CC(=O)NC1(c2nc(-c3cccc(C(F)(F)F)c3)cs2)CCS(=O)(=O)CC1)Cc1cc(F)c(F)cc1F,"CHEMBL2206481",874,Done,6.09,-3.16226,"glide_grid_1X70",-5.50506,-1.11122,-0.385963,-0,-1.47347,-35.431,-6.12425,0.309481,-0.153702,-55.6765,-41.5553,4.81119
[NH3+][C@@H](CC(=O)NC1(c2nc(-c3ccc(F)cc3)cs2)CCS(=O)(=O)CC1)Cc1ccccc1F,"CHEMBL2206482",875,Done,4.46,-7.80222,"glide_grid_1X70",-7.81372,-1.28413,-0.816956,-0,-1.29288,-38.1117,-17.7481,0.390641,-0.242589,-82.0567,-55.8599,15.7938
N[C@@H](CC(=O)NC1(c2nc(-c3ccc(F)cc3)cs2)CCS(=O)(=O)CC1)Cc1ccccc1F,"CHEMBL2206482",876,Done,4.53,-3.52758,"glide_grid_1X70",-5.87038,-1.52612,-0.685274,-0,-0.66866,-38.1091,-10.0466,0.560102,-0.137981,-58.5078,-48.1557,11.8478
[NH3+][C@@H](CC(=O)NC1(c2nnc(-c3ccccc3)o2)CCS(=O)(=O)CC1)Cc1cc(F)c(F)cc1F,"CHEMBL2206483",877,Done,6.16,-9.77024,"glide_grid_1X70",-9.78034,-1.31842,-0.853458,-0,-1.83225,-35.8504,-31.691,0.386553,-0.370251,-115.195,-67.5414,9.85635
N[C@@H](CC(=O)NC1(c2nnc(-c3ccccc3)o2)CCS(=O)(=O)CC1)Cc1cc(F)c(F)cc1F,"CHEMBL2206483",878,Done,5.23,-5.16831,"glide_grid_1X70",-7.58751,-1.27369,-0.772083,-0,-1.26549,-34.1607,-19.0313,0.55423,-0.267748,-72.4046,-53.192,12.5472
[NH3+][C@@H](CC(=O)NC1(c2nnc(-c3cccc(F)c3)o2)CCS(=O)(=O)CC1)Cc1cc(F)c(F)cc1F,"CHEMBL2206484",879,Done,5.39,-6.40464,"glide_grid_1X70",-6.41474,-1.20256,-0.450819,-0,-1.49959,-21.4501,-16.0707,0.362666,-0.141317,-67.4995,-37.5208,10.929
N[C@@H](CC(=O)NC1(c2nnc(-c3cccc(F)c3)o2)CCS(=O)(=O)CC1)Cc1cc(F)c(F)cc1F,"CHEMBL2206484",880,Done,4.95,-3.49766,"glide_grid_1X70",-5.91686,-1.02465,-0.769838,-0,-1.14104,-32.9263,-11.5363,0.519921,-0.124487,-54.516,-44.4626,17.2644
COc1cccc(-c2nnc(C3(NC(=O)C[C@H]([NH3+])Cc4cc(F)c(F)cc4F)CCS(=O)(=O)CC3)o2)c1,"CHEMBL2206485",881,Done,6.63,-8.02292,"glide_grid_1X70",-8.03302,-0.908754,-0.598657,-0,-1.5324,-43.5858,-19.8613,0.347903,-0.182641,-98.5612,-63.447,12.6392
COc1cccc(-c2nnc(C3(NC(=O)C[C@H](N)Cc4cc(F)c(F)cc4F)CCS(=O)(=O)CC3)o2)c1,"CHEMBL2206485",882,Done,5.95,-4.78019,"glide_grid_1X70",-7.19939,-1.74434,-0.770741,-0,-1.2083,-42.887,-11.4246,0.498721,-0.116691,-75.957,-54.3116,7.80687
Cn1cc(-c2ccccc2)nc1C1(NC(=O)C[C@H]([NH3+])Cc2cc(F)c(F)cc2F)CCS(=O)(=O)CC1,"CHEMBL2206486",883,Done,6.11,-6.82204,"glide_grid_1X70",-6.91144,-1.06419,-0.536642,-0,-1.72609,-40.7742,-11.3949,0.370297,-0.20686,-81.0397,-52.1691,5.38429
Cn1cc(-c2ccccc2)[nH+]c1C1(NC(=O)C[C@H]([NH3+])Cc2cc(F)c(F)cc2F)CCS(=O)(=O)CC1,"CHEMBL2206486",884,Done,6.14,-5.5756,"glide_grid_1X70",-6.8186,-1.27916,-0.420273,-0,-1.03313,-32.2605,-18.6672,0.527121,-0.200061,-75.8064,-50.9276,7.94528
Cn1cc(-c2ccccc2)nc1C1(NC(=O)C[C@H](N)Cc2cc(F)c(F)cc2F)CCS(=O)(=O)CC1,"CHEMBL2206486",885,Done,6.53,-1.354,"glide_grid_1X70",-3.8703,-0.713973,-0.474836,-0,-0.0418429,-27.5757,-10.2233,0.530881,-0.258252,-48.5552,-37.799,4.35007
Cc1sc(C2(NC(=O)C[C@H]([NH3+])Cc3ccccc3F)CCS(=O)(=O)CC2)nc1-c1ccccc1,"CHEMBL2206487",886,Done,6.06,-8.28123,"glide_grid_1X70",-8.29273,-1.35874,-0.519905,-0,-1.20318,-43.0197,-21.8489,0.396312,-0.178885,-103.719,-64.8686,9.18263
Cc1sc(C2(NC(=O)C[C@H](N)Cc3ccccc3F)CCS(=O)(=O)CC2)nc1-c1ccccc1,"CHEMBL2206487",887,Done,6.88,-1.09217,"glide_grid_1X70",-3.43497,-0.35029,-0.387085,-0,1.42978e-14,-36.5159,-8.87226,0.568248,-0.109204,-50.6578,-45.3882,9.87807
CC#CCn1c(N2CCC[C@@H]([NH3+])C2)nc2ccn(Cc3ccc4cc(Br)ccc4n3)c2c1=O,"CHEMBL2346927",888,Done,3.45,-5.46931,"glide_grid_1X70",-5.47181,-1.12713,-0.422101,-0,-0.584576,-31.303,-12.7874,0.279225,-0.133954,-67.4502,-44.0905,1.65522
N#C[C@@H]1CCCN1C(=O)[C@@H](N)Cc1ccc(-c2cn(Cc3ccc(Cl)c(Cl)c3)nn2)cc1,"CHEMBL2418633",889,Done,4.31,-3.54267,"glide_grid_1X70",-3.79867,-1.30026,-0.304242,-0,-0.506494,-43.8147,-0.408897,0.641743,-0.0773476,-50.082,-44.2236,9.6037
N#C[C@@H]1CCCN1C(=O)[C@@H]([NH3+])Cc1ccc(-c2cn(Cc3ccc(Cl)c(Cl)c3)nn2)cc1,"CHEMBL2418633",890,Done,4.57,-3.92561,"glide_grid_1X70",-4.54611,-0.449265,-0.4,-0,-0.426642,-38.164,-11.5428,0.639237,-0.269815,-67.5149,-49.7068,2.06311
[NH3+][C@H](C(=O)N1CCSC1)[C@H]1CC[C@H](NS(=O)(=O)c2ccc(I)cc2)CC1,"CHEMBL3084935",891,Done,5.21,-6.37288,"glide_grid_1X70",-6.69138,-1.40706,-0.4,-0,-0.516629,-36.9711,-17.2177,0.330244,-0.266722,-83.0017,-54.1888,4.76173
N[C@H](C(=O)N1CCSC1)[C@H]1CC[C@H](NS(=O)(=O)c2ccc(I)cc2)CC1,"CHEMBL3084935",892,Done,4.92,-2.33036,"glide_grid_1X70",-2.85026,-0.748146,-0.304,-0,0.469384,-30.067,-7.21616,0.473493,-0.155221,-41.3761,-37.2831,4.52506
[NH3+]C[C@]1(c2cccc(Cl)c2)CC[C@H]([N@H+]2CCc3c(nc(C(F)(F)F)nc3C3CC3)C2)CC1,"CHEMBL3112971",893,Done,5.21,-6.80539,"glide_grid_1X70",-7.03279,-1.00109,-0.429536,-0,-1.14468,-27.7671,-20.3403,0.194329,-0.212409,-74.3532,-48.1074,5.71824
[NH3+]C[C@]1(c2cccc(Cl)c2)CC[C@H](N2CCc3c(nc(C(F)(F)F)nc3C3CC3)C2)CC1,"CHEMBL3112971",894,Done,4.88,-5.06155,"glide_grid_1X70",-5.75075,-0.911789,-0.515524,-0,-1.07188,-32.3592,-11.52,0.195096,-0.100699,-61.1865,-43.8791,9.31804
Cc1ccc(-c2c(C[NH3+])c(CC(C)(C)C)nc(CC(C)C)c2C(=O)[O-])cc1,"CHEMBL3215606",895,Done,5.16,-7.33739,"glide_grid_1X70",-7.54199,-1.26337,-0.634357,-0,-1.79767,-31.9746,-15.9716,0.297997,-0.150117,-78.2859,-47.9463,2.91685
Cc1ccc(-c2c(CN)c(CC(C)(C)C)nc(CC(C)C)c2C(=O)[O-])cc1,"CHEMBL3215606",896,Done,4.68,-4.11829,"glide_grid_1X70",-4.99869,-1.22306,-0.590789,-0,-1.26521,-32.1358,-4.6273,0.427798,-0.0465387,-47.6402,-36.7631,2.32418
Cc1ccc(-c2c(CN)c(CC(C)(C)C)[nH+]c(CC(C)C)c2C(=O)[O-])cc1,"CHEMBL3215606",897,Done,5.27,-3.61771,"glide_grid_1X70",-5.23851,-1.26264,-0.504,-0,-1.25484,-28.6843,-7.64745,0.42571,-0.0614097,-49.7287,-36.3317,3.45041
Cc1ccc(-c2c(C[NH3+])c(CC(C)(C)C)nc(C(C)C)c2C(=O)[O-])cc1,"CHEMBL3215608",898,Done,4.08,-7.50452,"glide_grid_1X70",-7.69922,-1.21116,-0.632752,-0,-1.89151,-31.4897,-16.3572,0.2129,-0.148626,-78.9255,-47.847,2.56565
Cc1ccc(-c2c(CN)c(CC(C)(C)C)nc(C(C)C)c2C(=O)[O-])cc1,"CHEMBL3215608",899,Done,3.99,-2.55043,"glide_grid_1X70",-3.42903,-0.447836,-0.395005,-0,-1.31568,-25.2268,-2.08343,0.305688,-0.00233821,-34.3658,-27.3102,1.18327
Cc1ccc(-c2c(CN)c(CC(C)(C)C)[nH+]c(C(C)C)c2C(=O)[O-])cc1,"CHEMBL3215608",900,Done,4,-3.74183,"glide_grid_1X70",-5.48913,-1.22045,-0.504,-0,-1.4201,-26.1359,-8.48765,0.304142,-0.068772,-47.3139,-34.6235,5.38044
Cc1ccc(-c2c(CC(=O)N3CC[C@@H](S(C)(=O)=O)C3)c(C)nc(CC(C)C)c2C[NH3+])cc1,"CHEMBL3215611",901,Done,8.39,-6.92159,"glide_grid_1X70",-7.08599,-0.750186,-0.577971,-0,-1.16609,-34.6471,-20.308,0.334683,-0.147874,-85.1185,-54.9551,5.97559
Cc1ccc(-c2c(CC(=O)N3CC[C@@H](S(C)(=O)=O)C3)c(C)nc(CC(C)C)c2CN)cc1,"CHEMBL3215611",902,Done,6.89,-3.51985,"glide_grid_1X70",-4.40665,-0.919885,-0.398103,-0,-0.631483,-37.8461,-6.9247,0.480038,-0.00620379,-56.1432,-44.7708,2.11319
Cc1ccc(-c2c(CC(=O)N3CC[C@@H](S(C)(=O)=O)C3)c(C)[nH+]c(CC(C)C)c2CN)cc1,"CHEMBL3215611",903,Done,8.49,-3.21338,"glide_grid_1X70",-5.58018,-1.60045,-0.270788,-0,-0.680541,-40.1497,-9.34312,0.478119,-0.0975698,-68.5155,-49.4928,4.50511
CCCc1nc(CC(C)(C)C)c(C[NH3+])c(-c2ccc(C)cc2)c1C(=O)[O-],"CHEMBL3215820",904,Done,4.89,-7.37604,"glide_grid_1X70",-7.58264,-1.20881,-0.624821,-0,-1.89124,-31.4022,-16.3977,0.319349,-0.147368,-78.0125,-47.7998,3.53587
CCCc1nc(CC(C)(C)C)c(CN)c(-c2ccc(C)cc2)c1C(=O)[O-],"CHEMBL3215820",905,Done,4.57,-4.15132,"glide_grid_1X70",-5.04192,-1.23859,-0.545096,-0,-1.37504,-28.4638,-5.73689,0.458531,-0.0579989,-45.937,-34.2007,1.08907
CCCc1[nH+]c(CC(C)(C)C)c(CN)c(-c2ccc(C)cc2)c1C(=O)[O-],"CHEMBL3215820",906,Done,5.41,-3.77791,"glide_grid_1X70",-5.34481,-1.36081,-0.504,-0,-1.36248,-28.8889,-7.08766,0.456214,-0.0661401,-49.1557,-35.9765,3.56514
CC(=O)c1cccc(NC(=O)Cc2c(C)nc(CC(C)C)c(C[NH3+])c2-c2ccc(C)cc2)c1,"CHEMBL3215827",907,Done,7.55,-7.45975,"glide_grid_1X70",-7.68415,-1.31626,-0.882212,-0,-1.2441,-42.2185,-16.371,0.425,-0.1,-90.802,-58.5895,10.5046
CC(=O)c1cccc(NC(=O)Cc2c(C)nc(CC(C)C)c(CN)c2-c2ccc(C)cc2)c1,"CHEMBL3215827",908,Done,7.28,-3.3464,"glide_grid_1X70",-4.2924,-1.10893,-0.304,-0,-0.605994,-39.9002,-5.86633,0.609651,-0.00816651,-54.8006,-45.7666,8.51973
COC(=O)[C@@H]1CCN(C(=O)Cc2c(C)nc(CC(C)C)c(C[NH3+])c2-c2ccc(C)cc2)C1,"CHEMBL3215828",910,Done,6.4,-6.29769,"glide_grid_1X70",-6.46259,-0.964001,-0.546145,-0,-1.17897,-34.1752,-15.9046,0.435624,-0.11465,-76.2983,-50.0798,5.11504
COC(=O)[C@@H]1CCN(C(=O)Cc2c(C)nc(CC(C)C)c(CN)c2-c2ccc(C)cc2)C1,"CHEMBL3215828",911,Done,6.4,-3.26564,"glide_grid_1X70",-4.15564,-1.04533,-0.623877,-0,-0.765399,-35.9312,-3.39921,0.624923,-0.0395184,-48.1728,-39.3304,3.51753
COC(=O)[C@@H]1CCN(C(=O)Cc2c(C)[nH+]c(CC(C)C)c(CN)c2-c2ccc(C)cc2)C1,"CHEMBL3215828",912,Done,6.61,-1.29711,"glide_grid_1X70",-3.60521,-0.757332,-0.417269,-0,-0.609597,-31.7678,-5.42725,0.62232,-0.0408598,-48.6602,-37.195,4.95348
Cc1ccc(-c2c(C[NH3+])c(CC(C)C)nc3ccc(CCCC(=O)[O-])cc23)cc1,"CHEMBL3215844",913,Done,11.01,-7.003,"glide_grid_1X70",-7.1665,-1.39357,-0.503074,-0,-1.68397,-37.6603,-13.4609,0.44765,-0.131374,-82.8478,-51.1212,4.88809
Cc1ccc(-c2c(CN)c(CC(C)C)nc3ccc(CCCC(=O)[O-])cc23)cc1,"CHEMBL3215844",914,Done,10.41,-4.4721,"glide_grid_1X70",-5.3623,-1.38728,-0.836617,-0,-1.12747,-33.9377,-5.87718,0.642475,-0.0749447,-53.3675,-39.8149,5.74073
Cc1ccc(-c2c(CN)c(CC(C)C)[nH+]c3ccc(CCCC(=O)[O-])cc23)cc1,"CHEMBL3215844",915,Done,7.82,-3.30285,"glide_grid_1X70",-5.66335,-1.57754,-0.414792,-0,-1.20529,-36.4184,-8.46816,0.6395,-0.0140813,-62.4797,-44.8866,3.80202
Cc1ccc(-c2c(C[NH3+])c(CC(C)C)nc3ccc(C(=O)[O-])cc23)cc1,"CHEMBL3215858",916,Done,3.26,-7.09331,"glide_grid_1X70",-7.27021,-1.26009,-0.4,-0,-1.98681,-33.2214,-13.8783,0.219516,-0.1,-76.1884,-47.0998,2.3722
Cc1ccc(-c2c(CN)c(CC(C)C)nc3ccc(C(=O)[O-])cc23)cc1,"CHEMBL3215858",917,Done,3.24,-3.28353,"glide_grid_1X70",-4.12943,-0.90006,-0.304,-0,-1.30783,-29.9948,-2.88672,0.315212,0,-40.4803,-32.8816,4.62639
Cc1ccc(-c2c(CN)c(CC(C)C)[nH+]c3ccc(C(=O)[O-])cc23)cc1,"CHEMBL3215858",918,Done,3.42,-2.17452,"glide_grid_1X70",-4.54502,-0.926004,-0.304931,-0,-1.26575,-32.1216,-4.86685,0.313594,-0.0258159,-48.2824,-36.9884,3.00629
Cc1ccc(-c2c(C[NH3+])c(CC(C)C)nc3ccc(-c4noc(=O)[n-]4)cc23)cc1,"CHEMBL3215859",919,Done,2.91,-6.27965,"glide_grid_1X70",-6.42915,-0.752798,-0.813696,-0,-1.4848,-32.02,-12.9867,0.271147,-0.1,-70.2572,-45.0067,5.96485
Cc1ccc(-c2c(CN)c(CC(C)C)nc3ccc(-c4noc(=O)[n-]4)cc23)cc1,"CHEMBL3215859",920,Done,2.12,-2.92157,"glide_grid_1X70",-3.81617,-0.833647,-0.448623,-0,-0.950955,-33.1105,-2.11058,0.389164,0,-43.7018,-35.2211,1.30307
Cc1ccc(-c2c(C[NH3+])c(CC(C)(C)C)nc(Cc3ccccc3)c2C(=O)[O-])cc1,"CHEMBL3216060",921,Done,4.81,-7.51758,"glide_grid_1X70",-7.67988,-1.54208,-0.791259,-0,-1.57675,-35.2146,-14.4612,0.33913,-0.179017,-82.7801,-49.6758,1.24146
Cc1ccc(-c2c(CN)c(CC(C)(C)C)nc(Cc3ccccc3)c2C(=O)[O-])cc1,"CHEMBL3216060",922,Done,5.43,-4.63284,"glide_grid_1X70",-5.50944,-1.68546,-0.617566,-0,-1.08941,-32.3258,-6.09052,0.486664,-0.0737929,-49.5133,-38.4164,1.95002
Cc1ccc(-c2c(CN)c(CC(C)(C)C)[nH+]c(Cc3ccccc3)c2C(=O)[O-])cc1,"CHEMBL3216060",923,Done,5.68,-2.75763,"glide_grid_1X70",-5.38323,-1.49243,-0.652349,-0,-1.12291,-31.2503,-6.40766,0.484472,-0.0763423,-51.5568,-37.658,3.12171
COC(=O)[C@@H]1CCCN1C(=O)Cc1c(C)nc(CC(C)C)c(C[NH3+])c1-c1ccc(C)cc1,"CHEMBL3216064",924,Done,7.27,-6.78375,"glide_grid_1X70",-6.94785,-1.53954,-0.414189,-0,-1.39617,-38.7974,-13.2913,0.435624,-0.1,-80.3656,-52.0887,5.11
COC(=O)[C@@H]1CCCN1C(=O)Cc1c(C)nc(CC(C)C)c(CN)c1-c1ccc(C)cc1,"CHEMBL3216064",925,Done,6.09,-2.47007,"glide_grid_1X70",-3.35497,-0.842593,-0.380015,-0,-0.67452,-36.3736,-1.75348,0.624923,-0.00106763,-45.0317,-38.1271,4.39477
COC(=O)[C@@H]1CCCN1C(=O)Cc1c(C)[nH+]c(CC(C)C)c(CN)c1-c1ccc(C)cc1,"CHEMBL3216064",926,Done,7.03,-3.26129,"glide_grid_1X70",-5.66499,-1.84843,-0.439269,-0,-0.750273,-29.0597,-10.9566,0.62232,-0.152866,-56.104,-40.0163,5.47515
Cc1ccc(-c2c(CC(=O)Nc3cccc(C(N)=O)c3)c(C)nc(CC(C)C)c2C[NH3+])cc1,"CHEMBL3216270",927,Done,7.27,-7.03527,"glide_grid_1X70",-7.25967,-1.45384,-0.386475,-0,-1.40359,-45.382,-13.7997,0.423289,-0.1,-91.8935,-59.1817,4.94407
Cc1ccc(-c2c(CC(=O)Nc3cccc(C(N)=O)c3)c(C)nc(CC(C)C)c2CN)cc1,"CHEMBL3216270",928,Done,6.9,-4.35908,"glide_grid_1X70",-5.30508,-1.29902,-0.451651,-0,-0.832011,-45.76,-6.9439,0.607192,0,-66.1143,-52.7039,5.21243
Cc1ccc(-c2c(CC(=O)Nc3cccc(C(N)=O)c3)c(C)[nH+]c(CC(C)C)c2CN)cc1,"CHEMBL3216270",929,Done,7.63,-4.47274,"glide_grid_1X70",-5.77454,-1.44363,-0.441084,-0,-0.593411,-42.9663,-11.4173,0.604699,-0.0401954,-72.0955,-54.3836,7.20424
COC(=O)c1ccccc1NC(=O)Cc1c(C)nc(CC(C)C)c(C[NH3+])c1-c1ccc(C)cc1,"CHEMBL3216271",930,Done,8.2,-5.76656,"glide_grid_1X70",-5.99096,-0.8734,-0.542242,-0,-0.968312,-35.9484,-14.4215,0.46495,-0.111311,-75.143,-50.3699,3.96217
COC(=O)c1ccccc1NC(=O)Cc1c(C)nc(CC(C)C)c(CN)c1-c1ccc(C)cc1,"CHEMBL3216271",931,Done,8.97,-3.94113,"glide_grid_1X70",-4.88713,-1.44879,-0.336442,-0,-0.766621,-45.4784,-4.85485,0.66687,0,-62.7877,-50.3332,3.2001
COC(=O)c1ccccc1NC(=O)Cc1c(C)[nH+]c(CC(C)C)c(CN)c1-c1ccc(C)cc1,"CHEMBL3216271",932,Done,7.39,-4.36223,"glide_grid_1X70",-5.66403,-1.64149,-0.373313,-0,-0.729835,-41.6479,-9.79263,0.664214,-0.0323056,-70.3632,-51.4406,4.4778
Cc1ccc(-c2c(CC(=O)Nc3cscc3C(=O)[O-])c(C)nc(CC(C)C)c2C[NH3+])cc1,"CHEMBL3216272",933,Done,6.07,-6.12312,"glide_grid_1X70",-6.28722,-1.10427,-0.409722,-0,-1.26024,-36.7242,-13.266,0.413113,-0.1,-75.2811,-49.9902,8.66461
Cc1ccc(-c2c(CC(=O)Nc3cscc3C(=O)[O-])c(C)nc(CC(C)C)c2CN)cc1,"CHEMBL3216272",934,Done,6.16,-3.31187,"glide_grid_1X70",-4.19707,-1.35294,-0.25647,-0,-0.827704,-41.7546,-1.76153,0.592564,-0.000564528,-54.4537,-43.5162,3.82576
Cc1ccc(-c2c(CC(=O)Nc3cscc3C(=O)[O-])c(C)[nH+]c(CC(C)C)c2CN)cc1,"CHEMBL3216272",935,Done,6.67,-2.11965,"glide_grid_1X70",-4.51695,-1.10284,-0.432668,-0,-0.603967,-36.0014,-7.52528,0.590161,-0.038771,-58.3624,-43.5267,3.78468
Cc1ccc(-c2c(C[NH3+])c(CC(C)C)nc3ccc(CCCCC(=O)[O-])cc23)cc1,"CHEMBL3216279",936,Done,8.34,-7.77223,"glide_grid_1X70",-7.93553,-1.64456,-0.591225,-0,-1.57154,-37.0904,-17.7654,0.504138,-0.113008,-91.7521,-54.8559,8.17869
Cc1ccc(-c2c(CN)c(CC(C)C)nc3ccc(CCCCC(=O)[O-])cc23)cc1,"CHEMBL3216279",937,Done,7.09,-3.83133,"glide_grid_1X70",-4.72683,-1.48003,-0.414079,-0,-1.03399,-36.6007,-4.48838,0.723442,-0.0188876,-52.8512,-41.0891,6.80715
Cc1ccc(-c2c(CN)c(CC(C)C)[nH+]c3ccc(CCCCC(=O)[O-])cc23)cc1,"CHEMBL3216279",938,Done,7.83,-2.44638,"glide_grid_1X70",-4.75508,-1.12587,-0.504,-0,-0.914853,-29.9565,-9.26036,0.720197,-0.0436809,-54.9516,-39.2169,6.43791
COC(=O)c1cscc1NC(=O)Cc1c(C)nc(CC(C)C)c(C[NH3+])c1-c1ccc(C)cc1,"CHEMBL3216483",939,Done,8.53,-6.9437,"glide_grid_1X70",-7.1078,-1.25154,-0.474882,-0,-1.22804,-43.4895,-15.5528,0.454059,-0.1,-90.6731,-59.0423,4.96903
COC(=O)c1cscc1NC(=O)Cc1c(C)nc(CC(C)C)c(CN)c1-c1ccc(C)cc1,"CHEMBL3216483",940,Done,8.87,-4.04642,"glide_grid_1X70",-4.93162,-1.46884,-0.304,-0,-0.743904,-46.6195,-4.90076,0.651219,0,-64.8168,-51.5203,2.21293
COC(=O)c1cscc1NC(=O)Cc1c(C)[nH+]c(CC(C)C)c(CN)c1-c1ccc(C)cc1,"CHEMBL3216483",941,Done,8.07,-2.69661,"glide_grid_1X70",-5.09391,-1.38035,-0.336235,-0,-0.707019,-43.0029,-7.63996,0.648656,-0.0228195,-65.9707,-50.6428,2.89153
Cc1ccc(-c2c(C[NH3+])c(CC(C)C)nc3ccc(CCC(=O)[O-])cc23)cc1,"CHEMBL3216493",942,Done,5.77,-7.91662,"glide_grid_1X70",-8.08032,-1.3462,-0.885088,-0,-1.71765,-31.6269,-18.3,0.382397,-0.187438,-87.7787,-49.9269,2.80784
Cc1ccc(-c2c(CN)c(CC(C)C)nc3ccc(CCC(=O)[O-])cc23)cc1,"CHEMBL3216493",943,Done,4.93,-4.31761,"glide_grid_1X70",-5.20471,-1.36931,-0.607825,-0,-1.23978,-34.5698,-5.18065,0.548909,-0.0311122,-55.1357,-39.7505,1.08794
Cc1ccc(-c2c(CN)c(CC(C)C)[nH+]c3ccc(CCC(=O)[O-])cc23)cc1,"CHEMBL3216493",944,Done,5.49,-3.86421,"glide_grid_1X70",-6.25661,-1.32995,-0.832699,-0,-1.17154,-30.7322,-12.181,0.546281,-0.104945,-63.9227,-42.9132,1.5882
Cc1ccc(-c2c(C[NH3+])c(CC(C)C)nc3ccc(CCCCCC(=O)[O-])cc23)cc1,"CHEMBL3216495",945,Done,8.85,-7.07818,"glide_grid_1X70",-7.24158,-1.17073,-0.656754,-0,-1.55876,-34.9057,-17.0874,0.553076,-0.1,-86.5463,-51.9932,3.88619
Cc1ccc(-c2c(CN)c(CC(C)C)nc3ccc(CCCCCC(=O)[O-])cc23)cc1,"CHEMBL3216495",946,Done,7.04,-1.86753,"glide_grid_1X70",-2.76133,-0.491175,-0.485437,-0,-0.56207,-23.2094,-5.53715,0.793558,-0.0251664,-33.2818,-28.7466,7.90891
COC(=O)COc1ccc2nc(CC(C)C)c(C[NH3+])c(-c3ccc(C)cc3)c2c1,"CHEMBL3216514",948,Done,7.79,-7.59355,"glide_grid_1X70",-7.76525,-1.27837,-0.709485,-0,-1.64978,-38.9341,-16.4471,0.441575,-0.155425,-91.6646,-55.3812,2.7275
COC(=O)COc1ccc2nc(CC(C)C)c(CN)c(-c3ccc(C)cc3)c2c1,"CHEMBL3216514",949,Done,12.1,-4.05376,"glide_grid_1X70",-4.88666,-1.3867,-0.41416,-0,-1.05782,-41.1632,-3.9313,0.633736,-0.013872,-58.1981,-45.0945,2.10315
CCc1nc(CC(C)(C)C)c(C[NH3+])c(-c2ccc(C)cc2)c1C(=O)[O-],"CHEMBL3216719",950,Done,4.13,-7.52505,"glide_grid_1X70",-7.72725,-1.22707,-0.653713,-0,-1.99358,-31.8454,-15.528,0.22873,-0.160144,-78.8248,-47.3734,2.22638
CCc1nc(CC(C)(C)C)c(CN)c(-c2ccc(C)cc2)c1C(=O)[O-],"CHEMBL3216719",951,Done,3.24,-4.29759,"glide_grid_1X70",-5.18379,-1.33451,-0.522761,-0,-1.48954,-31.1394,-3.62362,0.328479,-0.0649444,-45.5923,-34.763,2.22875
CCc1[nH+]c(CC(C)(C)C)c(CN)c(-c2ccc(C)cc2)c1C(=O)[O-],"CHEMBL3216719",952,Done,4.02,-4.28647,"glide_grid_1X70",-5.91307,-1.21944,-0.58655,-0,-1.44768,-30.7852,-9.20404,0.326757,-0.0662978,-55.383,-39.9892,3.2335
COC(=O)c1cccc(NC(=O)Cc2c(C)nc(CC(C)C)c(C[NH3+])c2-c2ccc(C)cc2)c1,"CHEMBL3216724",953,Done,8.22,-5.79503,"glide_grid_1X70",-6.01943,-0.984519,-0.490013,-0,-0.957525,-37.1387,-13.9413,0.46495,-0.104189,-73.737,-51.08,8.32388
COC(=O)c1cccc(NC(=O)Cc2c(C)nc(CC(C)C)c(CN)c2-c2ccc(C)cc2)c1,"CHEMBL3216724",954,Done,6.55,-2.41151,"glide_grid_1X70",-3.35751,-0.7508,-0.407934,-0,-0.489449,-36.6604,-3.61165,0.66687,-0.00142996,-47.9546,-40.2721,4.62183
COC(=O)c1cccc(NC(=O)Cc2c(C)[nH+]c(CC(C)C)c(CN)c2-c2ccc(C)cc2)c1,"CHEMBL3216724",955,Done,7.37,-1.19115,"glide_grid_1X70",-2.49295,-0.834078,-0.259442,-0,0.985396,-29.9363,-10.1676,0.664214,-0.0270847,-40.8685,-40.1039,8.71336
Cc1ccc(-c2c(C[NH3+])c(CC(C)C)nc3ccc(CCC(N)=O)cc23)cc1,"CHEMBL3216748",956,Done,7.97,-8.00389,"glide_grid_1X70",-8.16889,-1.42108,-0.486613,-0,-1.67777,-37.9638,-19.5635,0.382355,-0.133075,-96.7243,-57.5273,2.75264
Cc1ccc(-c2c(CN)c(CC(C)C)nc3ccc(CCC(N)=O)cc23)cc1,"CHEMBL3216748",957,Done,6.19,-4.68875,"glide_grid_1X70",-5.56075,-1.51181,-0.359074,-0,-1.23114,-36.8956,-7.68198,0.548848,-0.0104931,-59.5949,-44.5776,3.75787
Cc1ccc(-c2c(CN)c(CC(C)C)[nH+]c3ccc(CCC(N)=O)cc23)cc1,"CHEMBL3216748",958,Done,7.3,-3.82721,"glide_grid_1X70",-6.37671,-1.38329,-0.5301,-0,-1.20733,-35.6355,-13.0541,0.546221,-0.0623268,-69.5073,-48.6895,2.87625
Cc1ccc(-c2c(CC(=O)Nc3cccc(C(=O)[O-])c3)c(C)nc(CC(C)C)c2C[NH3+])cc1,"CHEMBL3216940",959,Done,6.53,-6.82529,"glide_grid_1X70",-7.04969,-1.49801,-0.394232,-0,-1.31526,-43.6606,-13.2166,0.423329,-0.1,-92.6854,-56.8772,2.13311
Cc1ccc(-c2c(CC(=O)Nc3cccc(C(=O)[O-])c3)c(C)nc(CC(C)C)c2CN)cc1,"CHEMBL3216940",960,Done,7.37,-3.77169,"glide_grid_1X70",-4.71769,-1.43763,-0.303265,-0,-0.819845,-44.4062,-3.62594,0.607249,0,-64.4139,-48.0321,1.38364
Cc1ccc(-c2c(CC(=O)Nc3cccc(C(=O)[O-])c3)c(C)[nH+]c(CC(C)C)c2CN)cc1,"CHEMBL3216940",961,Done,6.12,-4.42114,"glide_grid_1X70",-5.72294,-1.51653,-0.456,-0,-0.744331,-39.1817,-10.6985,0.604756,-0.046974,-66.4411,-49.8802,11.6923
COC(=O)[C@H]1CCCN1C(=O)Cc1c(C)nc(CC(C)C)c(C[NH3+])c1-c1ccc(C)cc1,"CHEMBL3216941",962,Done,7.23,-6.59888,"glide_grid_1X70",-6.76298,-1.25118,-0.397743,-0,-1.5242,-39.8443,-12.8885,0.435624,-0.1,-82.1109,-52.7328,3.45604
COC(=O)[C@H]1CCCN1C(=O)Cc1c(C)nc(CC(C)C)c(CN)c1-c1ccc(C)cc1,"CHEMBL3216941",963,Done,6.55,-3.51545,"glide_grid_1X70",-4.40035,-1.22987,-0.308752,-0,-0.982151,-39.9723,-3.37256,0.624923,0,-53.0793,-43.3448,4.67804
COC(=O)[C@H]1CCCN1C(=O)Cc1c(C)[nH+]c(CC(C)C)c(CN)c1-c1ccc(C)cc1,"CHEMBL3216941",964,Done,6.67,-1.71565,"glide_grid_1X70",-4.11935,-0.428832,-0.481957,-0,-0.642343,-31.6726,-10.0682,0.62232,-0.0946827,-56.4817,-41.7408,1.27163
Cc1ccc(-c2c(CC(=O)Nc3cccc(S(C)(=O)=O)c3)c(C)nc(CC(C)C)c2C[NH3+])cc1,"CHEMBL3217158",965,Done,8.39,-7.17473,"glide_grid_1X70",-7.39913,-1.53812,-0.521657,-0,-1.00887,-42.4264,-16.5191,0.368709,-0.1,-93.3523,-58.9456,5.83593
Cc1ccc(-c2c(CC(=O)Nc3cccc(S(C)(=O)=O)c3)c(C)nc(CC(C)C)c2CN)cc1,"CHEMBL3217158",966,Done,5.46,-2.24398,"glide_grid_1X70",-3.18998,-0.84374,-0.409714,-0,-0.315514,-36.1538,-2.21129,0.528751,-0.0103857,-44.4084,-38.3651,6.86379
Cc1ccc(-c2c(CC(=O)Nc3cccc(S(C)(=O)=O)c3)c(C)[nH+]c(CC(C)C)c2CN)cc1,"CHEMBL3217158",967,Done,6.55,-2.1626,"glide_grid_1X70",-3.4644,-0.633169,-0.341004,-0,-0.209442,-28.9791,-8.85092,0.526727,-0.0309161,-45.9374,-37.83,13.7952
Cc1ccc(S(=O)(=O)NC[C@@H]2C[C@@H]3CCCC[C@@H]3N2C(=O)C[C@H]([NH3+])Cc2cc(F)c(F)cc2F)cc1,"CHEMBL3357780",972,Done,7.28,-8.63442,"glide_grid_1X70",-8.64332,-1.49693,-0.881158,-0,-1.31335,-42.7625,-20.3951,0.418691,-0.173186,-103.72,-63.1576,6.90695
[NH3+][C@@H](CC(=O)N1[C@H](C[N-]S(=O)(=O)C(F)(F)F)C[C@@H]2CCCC[C@@H]21)Cc1cc(F)c(F)cc1F,"CHEMBL3357782",974,Done,8.57,-7.75215,"glide_grid_1X70",-7.88025,-1.37344,-0.468662,-0,-1.74594,-35.6412,-17.988,0.397993,-0.209937,-87.2319,-53.6292,7.20122
[NH3+][C@@H](CC(=O)N1[C@H](CNS(=O)(=O)C(F)(F)F)C[C@@H]2CCCC[C@@H]21)Cc1cc(F)c(F)cc1F,"CHEMBL3357782",975,Done,9.45,-7.2493,"glide_grid_1X70",-8.2637,-1.51697,-0.567458,-0,-1.76165,-38.5732,-17.8337,0.396531,-0.210431,-87.5451,-56.407,16.5532
N[C@@H](CC(=O)N1[C@H](C[N-]S(=O)(=O)C(F)(F)F)C[C@@H]2CCCC[C@@H]21)Cc1cc(F)c(F)cc1F,"CHEMBL3357782",976,Done,9.27,-2.57171,"glide_grid_1X70",-5.23621,-1.09135,-0.571275,-0,-0.793903,-32.7245,-10.5543,0.570663,-0.130982,-51.7708,-43.2787,12.0981
Cc1oc(=O)oc1COC(=O)c1ccc2c(c1)c1nc(N3CCC[C@@H]([NH3+])C3)n(Cc3ccccc3Cl)c1c(=O)n2C,"CHEMBL3400963",977,Done,4.21,-6.31179,"glide_grid_1X70",-6.31179,-1.34048,-0.485868,-0,-0.6551,-30.5471,-16.6166,0.337713,-0.148206,-68.3415,-47.1637,6.25943
Cc1oc(=O)oc1COC(=O)c1ccc2c(c1)c1nc(N3CCC[C@@H]([NH3+])C3)n(Cc3cc(F)ccc3Cl)c1c(=O)n2C,"CHEMBL3400964",978,Done,4,-6.76074,"glide_grid_1X70",-6.76074,-1.4779,-0.558715,-0,-0.835189,-28.9846,-17.145,0.297898,-0.165853,-69.6593,-46.1296,5.27779
Cc1oc(=O)oc1COC(=O)c1ccc2c3nc(N4CCC[C@@H]([NH3+])C4)n(Cc4ccccc4Cl)c3c(=O)n(C)c2c1,"CHEMBL3400965",979,Done,3.89,-6.77863,"glide_grid_1X70",-6.77863,-1.04751,-0.713623,-0,-0.529422,-37.3238,-17.8188,0.236399,-0.185453,-82.1364,-55.1427,2.69318
Cc1oc(=O)oc1COC(=O)c1ccc2c3nc(N4CCC[C@@H]([NH3+])C4)n(Cc4cc(F)ccc4Cl)c3c(=O)n(C)c2c1,"CHEMBL3400966",980,Done,4.61,-6.34339,"glide_grid_1X70",-6.34339,-0.992833,-0.597959,-0,-0.6166,-38.4407,-14.9716,0.208529,-0.17676,-79.9577,-53.4123,2.46482
Cn1c(=O)n(Cc2cc(C(=O)[O-])cc(C(=O)[O-])c2)c(=O)c2c1nc(N1CCC[C@@H]([NH3+])C1)n2Cc1ccccc1Cl,"CHEMBL3402118",981,Done,4.5,-5.43115,"glide_grid_1X70",-5.43115,-0.441676,-0.336872,-0,-0.807814,-29.4599,-15.6931,0.167448,-0.185275,-69.1515,-45.153,4.61238
Cn1c(=O)n(Cc2cccc(C(=O)[O-])c2)c(=O)c2c1nc(N1CCC[C@@H]([NH3+])C1)n2Cc1ccccc1Cl,"CHEMBL3402120",982,Done,4.52,-6.22396,"glide_grid_1X70",-6.22646,-0.962152,-0.535063,-0,-0.69385,-32.6007,-16.3397,0.263191,-0.217597,-77.901,-48.9404,7.56727
Cn1c(=O)n(Cc2ccc(F)c(C(=O)[O-])c2)c(=O)c2c1nc(N1CCC[C@@H]([NH3+])C1)n2Cc1ccccc1Cl,"CHEMBL3402125",983,Done,4.05,-3.924,"glide_grid_1X70",-3.9265,-0.13783,-0.519093,-0,-0.531494,-23.8494,-10.5645,0.247297,-0.208238,-51.1657,-34.4139,3.05643
COc1ccc(Cn2c(=O)c3c(nc(N4CCC[C@@H]([NH3+])C4)n3Cc3ccccc3Cl)n(C)c2=O)cc1C(=O)[O-],"CHEMBL3402129",984,Done,5.66,-6.60533,"glide_grid_1X70",-6.60783,-0.639232,-0.684406,-0,-0.808067,-38.2013,-16.7236,0.187107,-0.244621,-87.5612,-54.9249,4.92794
[NH3+][C@@H](CC(=O)N1CC[C@@H]2[C@@H](CCc3nnc(C(F)(F)C(F)(F)F)n32)C1)Cc1cc(F)c(F)cc1F,"CHEMBL3425751",985,Done,4.27,-7.27435,"glide_grid_1X70",-7.28325,-1.0142,-0.553423,-0,-1.70464,-35.1271,-14.0164,0.27325,-0.425409,-77.381,-49.1436,8.2077
N[C@@H](CC(=O)N1CC[C@@H]2[C@@H](CCc3nnc(C(F)(F)C(F)(F)F)n32)C1)Cc1cc(F)c(F)cc1F,"CHEMBL3425751",986,Done,4.08,-0.832327,"glide_grid_1X70",-3.32133,-0.334761,-0.333041,-0,-0.457926,-27.9576,-6.76897,0.391771,-0.174143,-38.89,-34.7266,8.40935
[NH3+][C@@H](CC(=O)N1CC[C@@H]2[C@H](CCc3nnc(C(F)(F)C(F)(F)F)n32)C1)Cc1cc(F)c(F)cc1F,"CHEMBL3425752",987,Done,4.29,-8.11113,"glide_grid_1X70",-8.12003,-1.36326,-0.477582,-0,-1.79161,-36.0317,-17.4235,0.27325,-0.345713,-86.5348,-53.4553,6.00493
N[C@@H](CC(=O)N1CC[C@@H]2[C@H](CCc3nnc(C(F)(F)C(F)(F)F)n32)C1)Cc1cc(F)c(F)cc1F,"CHEMBL3425752",988,Done,4.54,-3.14148,"glide_grid_1X70",-5.63048,-1.13892,-0.477433,-0,-1.48423,-32.0195,-8.58484,0.391771,-0.0329579,-52.5581,-40.6043,5.40209
CC#CCn1c(N2CC[NH2+]CC2)nc2c1c(=O)n(Cc1csc(CO)n1)c(=O)n2C,"CHEMBL3616888",989,Done,4.46,-4.82476,"glide_grid_1X70",-4.85146,-0.312291,-0.697085,-0,-0.804657,-25.8341,-15.0408,0.64365,-0.133246,-58.0067,-40.8749,2.60655
CC#CCn1c(N2CC(=O)N[C@H](CO)C2)nc2c1c(=O)n(Cc1nc(C)c3ccccc3n1)c(=O)n2C,"CHEMBL3616896",992,Done,6.06,-3.78268,"glide_grid_1X70",-3.78268,-0.172858,-0.34649,-0,-0.440372,-35.5002,-9.07459,0.485495,-0.172259,-53.7418,-44.5748,7.38927
CC#CCn1c(N2CC[NH2+]CC2)nc2c1c(=O)n(Cc1nc(OC)c3ccccc3n1)c(=O)n2C,"CHEMBL3616901",993,Done,3.43,-5.52502,"glide_grid_1X70",-5.55172,-0.337426,-0.849976,-0,-0.773965,-27.211,-16.8215,0.447612,-0.154194,-61.6778,-44.0325,5.72449
CC#CCn1c(N2CC[NH2+]CC2)nc2c1c(=O)n(Cc1nn(-c3ccccc3)nc1C)c(=O)n2C,"CHEMBL3616907",995,Done,3.64,-5.55393,"glide_grid_1X70",-5.58063,-0.408172,-0.750921,-0,-0.780624,-24.5225,-17.3358,0.37742,-0.191835,-60.8285,-41.8583,2.93277
CC#CCn1c(N2CC[NH2+]CC2)nc2c1c(=O)n(Cc1ccc(-n3cncn3)cc1)c(=O)n2C,"CHEMBL3616909",997,Done,4.57,-5.24298,"glide_grid_1X70",-5.26968,-0.193771,-0.598011,-0,-1.05423,-22.8947,-16.8772,0.398648,-0.146002,-58.6545,-39.7719,2.34376
[NH3+][C@@H](CC(=O)N1CCc2c(nc(C(F)(F)F)nc2C(F)(F)F)C1)CN1C(=O)CCC(F)(F)[C@H]1[O-],"CHEMBL3644782",999,Done,5.99,-7.99423,"glide_grid_1X70",-8.32563,-1.08467,-0.893783,-0,-1.72712,-39.4835,-16.8816,0.224236,-0.337877,-82.7587,-56.3651,15.3154
[NH3+][C@@H](CC(=O)N1CCc2c(nc(C(F)(F)F)nc2C(F)(F)F)C1)CN1C(=O)CCC(F)(F)[C@H]1O,"CHEMBL3644782",1000,Done,9.03,-7.94181,"glide_grid_1X70",-8.50611,-0.735829,-1.05769,-0,-1.70156,-31.8622,-22.6868,0.279272,-0.294174,-88.8573,-54.549,11.6778
N[C@@H](CC(=O)N1CCc2c(nc(C(F)(F)F)nc2C(F)(F)F)C1)CN1C(=O)CCC(F)(F)[C@H]1O,"CHEMBL3644782",1001,Done,6.59,-1.69935,"glide_grid_1X70",-3.88705,-0.356264,-0.537438,-0,-0.0214658,-23.3453,-12.2186,0.400422,-0.372247,-38.2105,-35.5639,16.6403
N[C@@H](CC(=O)N1CCc2c(nc(C(F)(F)F)nc2C(F)(F)F)C1)CN1C(=O)CCC(F)(F)[C@H]1[O-],"CHEMBL3644782",1002,Done,4.39,-1.53548,"glide_grid_1X70",-3.92508,-1.05256,-0.407818,-0,-0.451792,-29.2002,-3.52848,0.321513,-0.34514,-35.6607,-32.7287,10.0785
[NH3+][C@@H](CC(=O)N1CCc2c(nc(C(F)(F)F)nc2C(F)(F)F)C1)CN1C(=O)CCC(F)(F)[C@@H]1[O-],"CHEMBL3644783",1003,Done,6.18,-4.38875,"glide_grid_1X70",-4.72015,-0.170235,-0.540638,-0,-0.910212,-23.723,-12.8113,0.224236,-0.215457,-52.6949,-36.5343,1.86718
[NH3+][C@@H](CC(=O)N1CCc2c(nc(C(F)(F)F)nc2C(F)(F)F)C1)CN1C(=O)CCC(F)(F)[C@@H]1O,"CHEMBL3644783",1004,Done,9.9,-8.30966,"glide_grid_1X70",-8.87396,-1.10438,-1.02732,-0,-1.83792,-33.3601,-21.358,0.279272,-0.311904,-86.2593,-54.7181,13.6716
N[C@@H](CC(=O)N1CCc2c(nc(C(F)(F)F)nc2C(F)(F)F)C1)CN1C(=O)CCC(F)(F)[C@@H]1O,"CHEMBL3644783",1005,Done,7.85,-3.33488,"glide_grid_1X70",-5.52258,-0.718453,-0.527789,-0,-1.32156,-36.0424,-8.6846,0.400422,-0.250394,-53.1255,-44.727,12.6323
N[C@@H](CC(=O)N1CCc2c(nc(C(F)(F)F)nc2C(F)(F)F)C1)CN1C(=O)CCC(F)(F)[C@@H]1[O-],"CHEMBL3644783",1006,Done,7.38,-2.94353,"glide_grid_1X70",-5.33313,-0.985695,-0.442762,-0,-1.28819,-35.8476,-5.49916,0.321513,-0.320743,-49.589,-41.3468,9.73911
[NH3+][C@@H](CC(=O)N1CCc2c(nc(-c3ccncc3)nc2C(F)(F)F)C1)CN1C(=O)CCC(F)(F)[C@@H]1[O-],"CHEMBL3644787",1007,Done,4.31,-5.1373,"glide_grid_1X70",-5.4687,-0.638643,-0.702828,-0,-0.528346,-28.5757,-14.546,0.271273,-0.259478,-62.92,-43.1217,5.86652
[NH3+][C@@H](CC(=O)N1CCc2c(nc(-c3ccncc3)nc2C(F)(F)F)C1)CN1C(=O)CCC(F)(F)[C@@H]1O,"CHEMBL3644787",1008,Done,7.56,-8.26281,"glide_grid_1X70",-8.82711,-1.0949,-0.700911,-0,-2.13271,-38.3353,-20.5377,0.324359,-0.22553,-93.1335,-58.873,15.3481
N[C@@H](CC(=O)N1CCc2c(nc(-c3ccncc3)nc2C(F)(F)F)C1)CN1C(=O)CCC(F)(F)[C@@H]1O,"CHEMBL3644787",1009,Done,5.97,-1.90323,"glide_grid_1X70",-4.09093,-0.0114303,-1.1075,-0,-0.0927578,-23.0498,-13.1189,0.46504,-0.223965,-42.5153,-36.1687,8.33348
N[C@@H](CC(=O)N1CCc2c(nc(-c3ccncc3)nc2C(F)(F)F)C1)CN1C(=O)CCC(F)(F)[C@@H]1[O-],"CHEMBL3644787",1010,Done,3.83,-0.120206,"glide_grid_1X70",-2.50981,-0.831056,-0.283399,-0,-0.404548,-29.4337,2.05018,0.388932,-0.215578,-28.5946,-27.3835,7.47082
[NH3+][C@@H](CC(=O)N1CCc2c(nc(-c3ccco3)nc2C(F)(F)F)C1)CN1C(=O)CCC(F)(F)[C@@H]1[O-],"CHEMBL3644788",1011,Done,4.13,-6.54515,"glide_grid_1X70",-6.87655,-0.856852,-0.382531,-0,-1.84072,-38.3886,-12.7571,0.28228,-0.245742,-70.1644,-51.1456,9.60147
[NH3+][C@@H](CC(=O)N1CCc2c(nc(-c3ccco3)nc2C(F)(F)F)C1)CN1C(=O)CCC(F)(F)[C@@H]1O,"CHEMBL3644788",1012,Done,6.35,-4.78497,"glide_grid_1X70",-5.34927,-0.237286,-0.486012,-0,-0.850868,-27.4451,-16.6527,0.337495,-0.242443,-59.5746,-44.0978,13.477
N[C@@H](CC(=O)N1CCc2c(nc(-c3ccco3)nc2C(F)(F)F)C1)CN1C(=O)CCC(F)(F)[C@@H]1O,"CHEMBL3644788",1013,Done,6.12,-3.56466,"glide_grid_1X70",-5.75236,-0.800079,-0.576,-0,-1.15818,-35.6165,-11.9004,0.483908,-0.136114,-56.602,-47.5169,10.1824
N[C@@H](CC(=O)N1CCc2c(nc(-c3ccco3)nc2C(F)(F)F)C1)CN1C(=O)CCC(F)(F)[C@@H]1[O-],"CHEMBL3644788",1014,Done,4.22,-0.672278,"glide_grid_1X70",-3.06188,-0.865905,-0.304,-0,-0.828441,-34.1425,2.61946,0.404742,-0.154066,-36.2539,-31.5231,3.24804
[NH3+][C@@H](CC(=O)N1CCc2c(nc(-c3ccco3)nc2C(F)(F)F)C1)CN1C(=O)CCC(F)(F)[C@H]1[O-],"CHEMBL3644789",1015,Done,3.84,-5.50568,"glide_grid_1X70",-5.83708,-0.697656,-0.431812,-0,-1.79023,-37.946,-7.52145,0.28228,-0.174143,-59.5428,-45.4675,14.0852
[NH3+][C@@H](CC(=O)N1CCc2c(nc(-c3ccco3)nc2C(F)(F)F)C1)CN1C(=O)CCC(F)(F)[C@H]1O,"CHEMBL3644789",1016,Done,7.12,-6.61109,"glide_grid_1X70",-7.17539,-0.896311,-0.860743,-0,-1.31344,-25.1449,-20.9149,0.482136,-0.192552,-74.6611,-46.0598,4.21138
N[C@@H](CC(=O)N1CCc2c(nc(-c3ccco3)nc2C(F)(F)F)C1)CN1C(=O)CCC(F)(F)[C@H]1O,"CHEMBL3644789",1017,Done,5.24,-2.73238,"glide_grid_1X70",-4.92008,-0.317243,-0.717252,-0,-0.369883,-31.849,-14.4312,0.483908,-0.242473,-56.6683,-46.2802,9.61081
N[C@@H](CC(=O)N1CCc2c(nc(-c3ccco3)nc2C(F)(F)F)C1)CN1C(=O)CCC(F)(F)[C@H]1[O-],"CHEMBL3644789",1018,Done,4.58,0.237946,"glide_grid_1X70",-2.15165,-0.136221,-0.407158,-0,-0.15744,-31.7953,-1.01442,0.404742,-0.113647,-30.6554,-32.8097,13.9859
[NH3+][C@@H](CC(=O)N1CCc2c(nc(-c3cccs3)nc2C(F)(F)F)C1)CN1C(=O)CCC(F)(F)[C@@H]1O,"CHEMBL3644792",1020,Done,5.91,-4.8809,"glide_grid_1X70",-5.4452,-0.666758,-0.456464,-0,-0.577232,-31.4073,-14.9355,0.318609,-0.252658,-62.023,-46.3428,11.3829
N[C@@H](CC(=O)N1CCc2c(nc(-c3cccs3)nc2C(F)(F)F)C1)CN1C(=O)CCC(F)(F)[C@@H]1O,"CHEMBL3644792",1021,Done,6.37,-3.52203,"glide_grid_1X70",-5.70973,-0.662873,-0.545795,-0,-1.44791,-38.8565,-9.50964,0.45678,-0.140661,-56.4377,-48.3662,11.2866
N[C@@H](CC(=O)N1CCc2c(nc(-c3cccs3)nc2C(F)(F)F)C1)CN1C(=O)CCC(F)(F)[C@@H]1[O-],"CHEMBL3644792",1022,Done,3.67,-0.495236,"glide_grid_1X70",-2.88484,-0.166174,-0.383212,-0,-0.292787,-31.2431,-4.92776,0.382012,-0.123358,-35.8511,-36.1708,13.3519
[NH3+][C@@H](CC(=O)N1CCc2c(nc(-c3cccs3)nc2C(F)(F)F)C1)CN1C(=O)CCC(F)(F)[C@H]1[O-],"CHEMBL3644793",1023,Done,3.56,-5.12693,"glide_grid_1X70",-5.45833,-0.497027,-0.745086,-0,-0.608084,-31.1646,-13.9772,0.266455,-0.21979,-63.1419,-45.1417,6.13288
[NH3+][C@@H](CC(=O)N1CCc2c(nc(-c3cccs3)nc2C(F)(F)F)C1)CN1C(=O)CCC(F)(F)[C@H]1O,"CHEMBL3644793",1024,Done,6.79,-6.20388,"glide_grid_1X70",-6.76818,-0.419342,-0.843741,-0,-0.576681,-35.1149,-20.8177,0.318609,-0.368618,-76.9503,-55.9326,20.0067
N[C@@H](CC(=O)N1CCc2c(nc(-c3cccs3)nc2C(F)(F)F)C1)CN1C(=O)CCC(F)(F)[C@H]1O,"CHEMBL3644793",1025,Done,5.8,-3.13448,"glide_grid_1X70",-5.32218,-0.759599,-0.563164,-0,-0.546071,-36.136,-12.2001,0.45678,-0.273313,-55.2475,-48.3361,13.7343
N[C@@H](CC(=O)N1CCc2c(nc(-c3cccs3)nc2C(F)(F)F)C1)CN1C(=O)CCC(F)(F)[C@H]1[O-],"CHEMBL3644793",1026,Done,3.26,1.25047,"glide_grid_1X70",-1.13913,-0.197372,-0.487012,-0,-0.353114,-12.139,2.59027,0.382012,-0.265236,-7.23879,-9.54872,8.89067
[NH3+][C@@H](CC(=O)N1CCc2c(nc(-c3ccc(F)cc3)nc2C(F)(F)F)C1)CN1C(=O)CCC(F)(F)[C@H]1[O-],"CHEMBL3644794",1027,Done,3.9,-4.90277,"glide_grid_1X70",-5.23417,-0.605702,-0.867587,-0,-0.509454,-30.3684,-11.121,0.255524,-0.320373,-56.0119,-41.4895,7.11765
[NH3+][C@@H](CC(=O)N1CCc2c(nc(-c3ccc(F)cc3)nc2C(F)(F)F)C1)CN1C(=O)CCC(F)(F)[C@H]1O,"CHEMBL3644794",1028,Done,5.95,-6.27754,"glide_grid_1X70",-6.84184,-0.585144,-1.10471,-0,-0.621292,-28.42,-21.0487,0.30556,-0.257946,-73.0565,-49.4688,7.50453
N[C@@H](CC(=O)N1CCc2c(nc(-c3ccc(F)cc3)nc2C(F)(F)F)C1)CN1C(=O)CCC(F)(F)[C@H]1O,"CHEMBL3644794",1029,Done,5.28,-0.308885,"glide_grid_1X70",-2.49659,-0.0136847,-0.304,-0,0.00425874,-28.5698,-5.16251,0.438041,-0.418334,-35.5875,-33.7323,8.15286
N[C@@H](CC(=O)N1CCc2c(nc(-c3ccc(F)cc3)nc2C(F)(F)F)C1)CN1C(=O)CCC(F)(F)[C@H]1[O-],"CHEMBL3644794",1030,Done,3.87,-0.913818,"glide_grid_1X70",-3.30342,-0.660316,-0.346853,-0,-0.444607,-34.8638,-2.22511,0.366312,-0.140995,-39.85,-37.0889,8.74481
[NH3+][C@@H](CC(=O)N1CCc2c(nc(C(F)(F)F)nc2C(F)(F)F)C1)CN1C(=O)CCC(F)(F)C1=O,"CHEMBL3644795",1031,Done,6.42,-8.36052,"glide_grid_1X70",-8.44872,-0.990073,-0.87849,-0,-1.53844,-33.1757,-21.7593,0.225059,-0.344102,-86.4544,-54.935,9.68877
N[C@@H](CC(=O)N1CCc2c(nc(C(F)(F)F)nc2C(F)(F)F)C1)CN1C(=O)CCC(F)(F)C1=O,"CHEMBL3644795",1032,Done,4.23,-1.74965,"glide_grid_1X70",-2.92175,-0.103484,-0.304,-0,-0.356621,-34.1476,-3.92056,0.322695,-0.184882,-37.32,-38.0681,15.142
[NH3+][C@@H](CC(=O)N1CCc2c(nc(-c3cccs3)nc2C(F)(F)F)C1)CN1C(=O)CC[C@H](F)[C@H]1O,"CHEMBL3644798",1033,Done,5.76,-7.53035,"glide_grid_1X70",-7.56735,-0.802313,-1.02474,-0,-1.15983,-30.4884,-21.1897,0.339869,-0.21745,-78.1393,-51.6781,15.7214
N[C@@H](CC(=O)N1CCc2c(nc(-c3cccs3)nc2C(F)(F)F)C1)CN1C(=O)CC[C@H](F)[C@H]1O,"CHEMBL3644798",1034,Done,5.97,-0.700922,"glide_grid_1X70",-2.48922,-0.296007,-0.223673,-0,-0.368401,-28.1158,-2.56139,0.487319,-0.298463,-32.5422,-30.6772,8.61006
[NH3+][C@@H](CC(=O)N1CCc2c(nc(-c3cccs3)nc2C(F)(F)F)C1)CN1C(=O)CC[C@H](F)[C@H]1[O-],"CHEMBL3644798",1035,Done,4.72,-2.96012,"glide_grid_1X70",-5.59842,-0.358233,-0.774069,-0,-1.16498,-29.961,-12.6216,0.284269,-0.194131,-62.4481,-42.5825,1.78914
[NH3+][C@@H](CC(=O)N1CCc2c(nc(-c3ccncc3)nc2C(F)(F)F)C1)CN1C(=O)CCC(F)(F)[C@H]1[O-],"CHEMBL3644803",1036,Done,4.34,-5.5979,"glide_grid_1X70",-5.9293,-0.85419,-0.749815,-0,-1.34492,-31.6411,-10.7415,0.387533,-0.174625,-62.0941,-42.3826,4.76801
[NH3+][C@@H](CC(=O)N1CCc2c(nc(-c3ccncc3)nc2C(F)(F)F)C1)CN1C(=O)CCC(F)(F)[C@H]1O,"CHEMBL3644803",1037,Done,6.29,-6.33578,"glide_grid_1X70",-6.90008,-0.634371,-0.964682,-0,-0.6356,-30.8489,-21.398,0.324359,-0.237643,-78.8399,-52.2469,6.53157
N[C@@H](CC(=O)N1CCc2c(nc(-c3ccncc3)nc2C(F)(F)F)C1)CN1C(=O)CCC(F)(F)[C@H]1O,"CHEMBL3644803",1038,Done,5.77,-1.18852,"glide_grid_1X70",-3.37622,-0.311122,-0.673519,-0,-0.324338,-27.3698,-6.43456,0.46504,-0.198609,-36.1679,-33.8043,12.866
N[C@@H](CC(=O)N1CCc2c(nc(-c3ccncc3)nc2C(F)(F)F)C1)CN1C(=O)CCC(F)(F)[C@H]1[O-],"CHEMBL3644803",1039,Done,3.71,-1.04463,"glide_grid_1X70",-3.43423,-0.501847,-0.677005,-0,-0.148562,-35.4143,-3.90623,0.388932,-0.1391,-42.855,-39.3206,8.70845
Cc1nc(C[n+]2c(=O)n(Cc3cc(F)ccc3C#N)c(N3CCC[C@@H]([NH3+])C3)c3cc[nH]c32)nc2ccccc12,"CHEMBL3650438",1040,Done,4.29,-7.4778,"glide_grid_1X70",-7.4914,-0.456543,-0.572587,-0,-0.905299,-32.9107,-27.8734,0.261707,-0.173139,-93.368,-60.7841,3.33463
Cc1nc(Cn2c3nccc-3c(N3CCC[C@@H]([NH3+])C3)n(Cc3cc(F)ccc3C#N)c2=O)nc2ccccc12,"CHEMBL3650438",1041,Done,4.54,-3.53575,"glide_grid_1X70",-5.78005,-0.134487,-0.758668,-0,-0.683473,-28.6887,-18.7104,0.262635,-0.225053,-71.1845,-47.3991,2.31508
Cc1nc(C[n+]2c3n(c4nc(N5CCC[C@@H]([NH3+])C5)n(Cc5cc(F)ccc5F)c4c2=O)CCN3)nc2ccccc12,"CHEMBL3675620",1042,Done,3.97,-5.85607,"glide_grid_1X70",-5.85607,-0.0818082,-0.472202,-0,-0.69853,-32.1373,-19.4824,0.176911,-0.251208,-75.3823,-51.6197,2.02666
Cc1nc(C[n+]2c3n(c4nc(N5CCC[C@@H]([NH3+])C5)n(Cc5cc(F)ccc5C#N)c4c2=O)CCCN3)nc2ccccc12,"CHEMBL3675621",1043,Done,4.53,-5.98723,"glide_grid_1X70",-5.98723,-0.208949,-0.456555,-0,-0.691308,-33.8899,-19.0129,0.146963,-0.230958,-78.5388,-52.9028,1.89055
Cc1nc(C[n+]2c3n(c4nc(N5CCC[C@@H]([NH3+])C5)n(Cc5cccc(F)c5)c4c2=O)CCN3)nc2ccccc12,"CHEMBL3675625",1044,Done,4.21,-5.59612,"glide_grid_1X70",-5.59612,-0.104491,-0.438134,-0,-0.620017,-32.3732,-18.7368,0.24675,-0.251052,-75.2705,-51.11,1.07615
Cc1nc(C[n+]2c3n(c4nc(N5CCC[C@@H]([NH3+])C5)n(Cc5ccccc5)c4c2=O)CCN3)nc2ccccc12,"CHEMBL3675626",1045,Done,4.3,-6.45935,"glide_grid_1X70",-6.45935,-0.697413,-0.4152,-0,-0.54047,-35.4101,-20.3576,0.262591,-0.244714,-83.602,-55.7677,2.6141
Cc1nc(C[n+]2c3n(c4nc(N5CCC[C@@H]([NH3+])C5)n(Cc5sccc5F)c4c2=O)CCN3)nc2ccccc12,"CHEMBL3675633",1046,Done,4.25,-6.52164,"glide_grid_1X70",-6.52764,-1.06325,-0.399572,-0,-0.859385,-39.4655,-15.259,0.241762,-0.185062,-83.097,-54.7245,0.905444
Cc1nc(CN2C(=O)c3c(nc(N4CCC[C@@H]([NH3+])C4)n3Cc3sccc3F)N3CCN=C23)nc2ccccc12,"CHEMBL3675633",1047,Done,3.86,-2.54902,"glide_grid_1X70",-5.26962,-0.171779,-0.55787,-0,-0.624261,-35.1162,-14.2714,0.242586,-0.261763,-71.4429,-49.3877,1.24663
Cc1nc(C[n+]2c3n(c4nc(N5CCC[C@@H]([NH3+])C5)n(C[C@@H]5CC5(F)F)c4c2=O)CCN3)nc2ccccc12,"CHEMBL3675634",1048,Done,5.04,-5.88307,"glide_grid_1X70",-5.88937,-0.351468,-0.425426,-0,-0.663576,-32.8082,-18.8058,0.262638,-0.250252,-75.4955,-51.6141,2.70048
Cc1nc(CN2C(=O)c3c(nc(N4CCC[C@@H]([NH3+])C4)n3C[C@@H]3CC3(F)F)N3CCN=C23)nc2ccccc12,"CHEMBL3675634",1049,Done,4.41,-3.03905,"glide_grid_1X70",-5.73525,-0.370938,-0.503887,-0,-0.689766,-35.6998,-15.7468,0.263571,-0.287211,-73.7784,-51.4466,3.37776
Cc1nc(C[n+]2c3n(c4nc(N5CCC[C@@H]([NH3+])C5)n(Cc5ccccc5C#N)c4c2=O)CCN3)nc2ccccc12,"CHEMBL3675636",1050,Done,4.07,-5.70263,"glide_grid_1X70",-5.70263,-0.115359,-0.431969,-0,-0.624352,-34.7223,-18.5703,0.240958,-0.250242,-71.1338,-53.2927,13.2588
NC(=[NH2+])NCCC[C@H]([NH3+])C(=O)N1CCC[C@H]1B(O)O,"CHEMBL3686749",1062,Done,12.33,-3.802,"glide_grid_1X70",-4.1309,-0.294335,-0.523531,-0,-2.23965,-17.166,-17.6818,2.69232,-0.255129,-50.5014,-34.8478,3.50904
NC(=[NH2+])NCCC[C@H](N)C(=O)N1CCC[C@H]1B(O)O,"CHEMBL3686749",1063,Done,11.02,-3.02373,"glide_grid_1X70",-3.52933,-0.334982,-0.779488,-0,-2.34871,-13.7146,-12.1029,2.70961,-0.274593,-34.5022,-25.8175,5.44207
NC(=[NH2+])NCCC[C@H]([NH3+])C(=S)N1CCC[C@H]1B(O)O,"CHEMBL3686750",1064,Done,10.36,-5.5629,"glide_grid_1X70",-5.7574,-0.545163,-0.549534,-0,-2.12196,-16.7511,-25.5286,2.43778,-0.311681,-64.1894,-42.2797,7.82349
NC(=[NH2+])NCCC[C@H](N)C(=S)N1CCC[C@H]1B(O)O,"CHEMBL3686750",1065,Done,10.12,-0.29706,"glide_grid_1X70",-1.05176,-0.0813338,-0.305847,-0,-1.4441,-15.3566,-11.052,3.5038,-0.298653,-27.7802,-26.4086,3.46492
CS(=O)(=O)n1cc2c(n1)C[N@@H+]([C@H]1C[C@H](N)[C@@H](c3cc(F)ccc3F)N(Cc3cncc4cccnc34)C1)C2,"CHEMBL3697950",1069,Done,3.55,-1.08577,"glide_grid_1X70",-2.06457,-0.162184,-0.354607,-0,-0.0150944,-13.3507,-7.53411,0.282976,-0.0180122,-18.0498,-20.8848,20.2946
[NH3+][C@H]1C[C@@H](N2Cc3cn(S(=O)(=O)c4cccc(C(F)(F)F)c4)nc3C2)CO[C@@H]1c1cc(F)ccc1F,"CHEMBL3736067",1072,Done,4.19,-8.06901,"glide_grid_1X70",-8.33141,-1.12757,-0.610635,-0,-1.27627,-39.3827,-21.944,0.205805,-0.262003,-102.668,-61.3267,0.668575
[NH3+][C@H]1C[C@@H]([N@H+]2Cc3cn(S(=O)(=O)c4cccc(C(F)(F)F)c4)nc3C2)CO[C@@H]1c1cc(F)ccc1F,"CHEMBL3736067",1073,Done,4.09,-8.16534,"glide_grid_1X70",-8.83864,-1.04747,-0.482544,-0,-1.52862,-35.7509,-25.9738,0.205086,-0.301471,-106.825,-61.7247,3.83271
N[C@H]1C[C@@H]([N@H+]2Cc3cn(S(=O)(=O)c4cccc(C(F)(F)F)c4)nc3C2)CO[C@@H]1c1cc(F)ccc1F,"CHEMBL3736067",1074,Done,3.88,-3.87865,"glide_grid_1X70",-5.83505,-0.948019,-0.416231,-0,-0.737685,-37.1408,-13.2939,0.294008,-0.175993,-69.6881,-50.4347,2.03906
N#C[C@@H]1[C@@H]2C[C@@H]2CN1C(=O)[C@@H](N)CC(=O)N1CCN(C(c2ccc(F)cc2)c2ccc(F)cc2)CC1,"CHEMBL3797299",1075,Done,4.88,-2.90816,"glide_grid_1X70",-3.47236,-0.838834,-0.302032,-0,-0.344616,-38.3216,-3.18866,0.669068,-0.261563,-43.3021,-41.5103,15.5688
N#C[C@@H]1[C@@H]2C[C@@H]2CN1C(=O)[C@@H](N)CC(=O)N1CC[NH+](C(c2ccc(F)cc2)c2ccc(F)cc2)CC1,"CHEMBL3797299",1076,Done,4.51,-3.92496,"glide_grid_1X70",-4.69296,-0.719906,-0.30128,-0,-0.31444,-37.5164,-12.0056,0.666573,-0.347239,-59.4824,-49.5221,13.1168
N#C[C@@H]1[C@@H]2C[C@@H]2CN1C(=O)[C@@H]([NH3+])CC(=O)N1CCN(C(c2ccc(F)cc2)c2ccc(F)cc2)CC1,"CHEMBL3797299",1077,Done,6.01,-5.12248,"glide_grid_1X70",-5.99108,-0.459306,-0.93172,-0,-0.0325441,-26.5484,-22.61,0.466601,-0.315184,-61.721,-49.1584,17.6016
N#C[C@@H]1[C@@H]2C[C@@H]2CN1C(=O)[C@@H]([NH3+])CC(=O)N1CC[NH+](C(c2ccc(F)cc2)c2ccc(F)cc2)CC1,"CHEMBL3797299",1078,Done,4.69,-4.90801,"glide_grid_1X70",-6.21691,-0.583202,-0.387779,-0,-0.629991,-29.9162,-21.0084,0.464864,-0.433744,-74.2468,-50.9245,9.2522
C=C1C[C@@H](C#N)N(C(=O)[C@@H](N)CC(=O)N2CCN(C(c3ccc(F)cc3)c3ccc(F)cc3)CC2)C1,"CHEMBL3797842",1079,Done,4.78,-3.82499,"glide_grid_1X70",-4.34489,-1.39248,-0.337522,-0,-0.415353,-39.6173,-4.21203,0.669068,-0.255926,-51.7349,-43.8293,6.03254
C=C1C[C@@H](C#N)N(C(=O)[C@@H](N)CC(=O)N2CC[NH+](C(c3ccc(F)cc3)c3ccc(F)cc3)CC2)C1,"CHEMBL3797842",1080,Done,4.51,-4.52546,"glide_grid_1X70",-5.25846,-1.35192,-0.339508,-0,-0.428758,-38.8096,-10.7003,0.666573,-0.259321,-59.001,-49.5099,13.295
C=C1C[C@@H](C#N)N(C(=O)[C@@H]([NH3+])CC(=O)N2CCN(C(c3ccc(F)cc3)c3ccc(F)cc3)CC2)C1,"CHEMBL3797842",1081,Done,4.59,-6.33189,"glide_grid_1X70",-7.28469,-1.04143,-0.880112,-0,-0.934066,-35.3196,-19.2034,0.466601,-0.24919,-82.9952,-54.523,6.87831
C=C1C[C@@H](C#N)N(C(=O)[C@@H]([NH3+])CC(=O)N2CC[NH+](C(c3ccc(F)cc3)c3ccc(F)cc3)CC2)C1,"CHEMBL3797842",1082,Done,5.32,-6.52376,"glide_grid_1X70",-7.92616,-1.21563,-0.44742,-0,-0.972918,-38.2957,-22.5874,0.464864,-0.452161,-94.1144,-60.8831,7.12485
C[C@H]1C[C@@H](C#N)N(C(=O)[C@@H](N)CC(=O)N2CCN(C(c3ccc(F)cc3)c3ccc(F)cc3)CC2)C1,"CHEMBL3798441",1083,Done,4.85,-2.8905,"glide_grid_1X70",-3.4515,-0.553696,-0.559315,-0,-0.185792,-26.6635,-8.77114,0.664091,-0.167939,-34.5245,-35.4346,18.4812
C[C@H]1C[C@@H](C#N)N(C(=O)[C@@H](N)CC(=O)N2CC[NH+](C(c3ccc(F)cc3)c3ccc(F)cc3)CC2)C1,"CHEMBL3798441",1084,Done,4.99,-4.53263,"glide_grid_1X70",-5.29843,-0.875886,-0.45099,-0,-0.331463,-37.1061,-13.8119,0.661623,-0.374627,-57.9086,-50.918,21.4189
C[C@H]1C[C@@H](C#N)N(C(=O)[C@@H]([NH3+])CC(=O)N2CCN(C(c3ccc(F)cc3)c3ccc(F)cc3)CC2)C1,"CHEMBL3798441",1085,Done,5.41,-5.09863,"glide_grid_1X70",-5.97253,-1.14416,-0.40984,-0,-0.941277,-32.5601,-13.0187,0.463136,-0.359567,-67.6063,-45.5789,4.00494
C[C@H]1C[C@@H](C#N)N(C(=O)[C@@H]([NH3+])CC(=O)N2CC[NH+](C(c3ccc(F)cc3)c3ccc(F)cc3)CC2)C1,"CHEMBL3798441",1086,Done,5.14,-5.20485,"glide_grid_1X70",-6.52005,-1.01578,-0.452543,-0,-1.17579,-32.5461,-16.1801,0.461419,-0.283039,-76.3553,-48.7262,5.8844
C[C@@H]1CCN(C(=O)[C@@H]([NH3+])CC(=O)N2CCN(C(c3ccc(F)cc3)c3ccc(F)cc3)CC2)C1,"CHEMBL3799388",1087,Done,6.18,-6.71009,"glide_grid_1X70",-7.34869,-1.22995,-0.790374,-0,-1.10546,-30.8841,-19.6704,0.509039,-0.237198,-80.9032,-50.5544,5.97889
C[C@@H]1CCN(C(=O)[C@@H](N)CC(=O)N2CCN(C(c3ccc(F)cc3)c3ccc(F)cc3)CC2)C1,"CHEMBL3799388",1088,Done,5.28,-3.70423,"glide_grid_1X70",-4.45843,-1.34859,-0.304,-0,-0.747954,-38.1892,-4.54269,0.730043,-0.197065,-51.8363,-42.7319,4.3733
C[C@@H]1CCN(C(=O)[C@@H](N)CC(=O)N2CC[NH+](C(c3ccc(F)cc3)c3ccc(F)cc3)CC2)C1,"CHEMBL3799388",1089,Done,5.78,-4.48909,"glide_grid_1X70",-5.41619,-1.1657,-0.350265,-0,-0.658304,-35.6597,-12.4686,0.727198,-0.315846,-62.1392,-48.1283,6.29465
C[C@@H]1CCN(C(=O)[C@@H]([NH3+])CC(=O)N2CC[NH+](C(c3ccc(F)cc3)c3ccc(F)cc3)CC2)C1,"CHEMBL3799388",1090,Done,6.05,-6.02228,"glide_grid_1X70",-7.07028,-1.2679,-0.418804,-0,-1.23667,-32.4125,-18.1337,0.507059,-0.313293,-85.1554,-50.5462,3.12369
C=C1CCN(C(=O)[C@@H]([NH3+])CC(=O)N2CCN(C(c3ccc(F)cc3)c3ccc(F)cc3)CC2)C1,"CHEMBL3800113",1091,Done,5.25,-6.56198,"glide_grid_1X70",-7.25218,-1.14613,-0.829708,-0,-1.27556,-29.81,-18.8535,0.513034,-0.195297,-77.6522,-48.6634,7.45133
C=C1CCN(C(=O)[C@@H](N)CC(=O)N2CCN(C(c3ccc(F)cc3)c3ccc(F)cc3)CC2)C1,"CHEMBL3800113",1092,Done,4.87,-3.52718,"glide_grid_1X70",-4.22598,-1.18804,-0.339703,-0,-0.642455,-32.9735,-5.92481,0.735784,-0.254168,-45.2584,-38.8983,8.77088
C=C1CCN(C(=O)[C@@H](N)CC(=O)N2CC[NH+](C(c3ccc(F)cc3)c3ccc(F)cc3)CC2)C1,"CHEMBL3800113",1093,Done,4.78,-3.9186,"glide_grid_1X70",-4.7986,-1.2415,-0.304,-0,-0.677028,-32.0434,-9.94312,0.732905,-0.215336,-52.4426,-41.9865,9.33355
C=C1CCN(C(=O)[C@@H]([NH3+])CC(=O)N2CC[NH+](C(c3ccc(F)cc3)c3ccc(F)cc3)CC2)C1,"CHEMBL3800113",1094,Done,5.73,-7.09618,"glide_grid_1X70",-8.20408,-1.15202,-0.437064,-0,-1.18589,-34.9653,-24.9006,0.51103,-0.456783,-96.8201,-59.8659,10.2605
[NH3+][C@@H]1Cc2c(ccc3cc(Br)ccc23)O[C@H]1c1cc(F)c(F)cc1F,"CHEMBL3892233",1095,Done,1.5,-7.64185,"glide_grid_1X70",-7.82975,-1.09705,-0.705524,-0,-2.03055,-31.9634,-15.4019,0.0823005,-0.17046,-76.145,-47.3653,0.465293
N[C@@H]1Cc2c(ccc3cc(Br)ccc23)O[C@H]1c1cc(F)c(F)cc1F,"CHEMBL3892233",1096,Done,1.34,-4.34259,"glide_grid_1X70",-5.11459,-1.38057,-0.463281,-0,-1.05285,-32.9409,-4.54755,0.118096,-0.00680507,-47.5093,-37.4885,2.60301
CC#CCn1c(N2CCC[C@@H]([NH3+])C2)nc2c1c(=O)n(CCC[NH+]1CCC(C(=O)OC(C)C)CC1)c(=O)n2C,"CHEMBL3892718",1097,Done,6.53,-5.40449,"glide_grid_1X70",-5.43409,-0.574926,-0.598622,-0,-0.234275,-34.0059,-18.73,0.661124,-0.177608,-73.6863,-52.7358,5.98298
CC#CCn1c(N2CCC[C@@H]([NH3+])C2)nc2c1c(=O)n(CCCN1CCC(C(=O)OC(C)C)CC1)c(=O)n2C,"CHEMBL3892718",1098,Done,7.72,-3.10407,"glide_grid_1X70",-4.89367,-0.441571,-0.463877,-0,-0.286903,-31.0903,-17.7201,0.663447,-0.152227,-68.2409,-48.8105,4.85964
C/C=C/Cn1c(N2CCC[C@H]([NH3+])C2)nc2c1c(=O)n(CC(=O)c1ccccc1OCC(=O)NC)c(=O)n2C,"CHEMBL3893759",1099,Done,7.47,-5.9341,"glide_grid_1X70",-5.9366,0,-0.940638,-0,-1.04543,-32.7549,-17.2119,0.471073,-0.202088,-79.0916,-49.9667,2.78186
CC#CCn1c(N2CCC[C@@H]([NH3+])C2)nc2c1c(=O)n(CCC[NH+]1CCC(C(=O)Nc3ccc(Cl)cc3)CC1)c(=O)n2C,"CHEMBL3896047",1100,Done,8.08,-5.98635,"glide_grid_1X70",-6.00115,-0.505451,-0.368874,-0,-0.258733,-37.6006,-20.9664,0.474163,-0.317272,-83.0309,-58.567,14.0876
CC#CCn1c(N2CCC[C@@H]([NH3+])C2)nc2c1c(=O)n(CCCN1CCC(C(=O)Nc3ccc(Cl)cc3)CC1)c(=O)n2C,"CHEMBL3896047",1101,Done,6.65,-3.50803,"glide_grid_1X70",-5.70063,-0.805631,-0.56,-0,-0.208892,-41.6065,-15.8379,0.476842,-0.146943,-76.7817,-57.4443,13.2211
CC#CCn1c(N2CCC[C@@H]([NH3+])C2)nc2c1c(=O)n(CCC[NH+]1CCC(C(=O)N(C)C)CC1)c(=O)n2C,"CHEMBL3897118",1102,Done,6.08,-5.40863,"glide_grid_1X70",-5.43943,-0.348631,-0.56462,-0,-0.640115,-28.7619,-17.9201,0.433704,-0.193654,-64.6042,-46.6821,12.5377
CC#CCn1c(N2CCC[C@@H]([NH3+])C2)nc2c1c(=O)n(CCCN1CCC(C(=O)N(C)C)CC1)c(=O)n2C,"CHEMBL3897118",1103,Done,6.23,-2.98499,"glide_grid_1X70",-4.75229,-0.587647,-0.324928,-0,-0.238871,-36.0566,-14.727,0.621812,-0.210783,-61.3381,-50.7836,13.8381
CNC(=O)c1cccc(C(=O)Cn2c(=O)c3c(nc(N4CCC[C@@H]([NH3+])C4)n3CC=C(C)C)n(C)c2=O)c1,"CHEMBL3897624",1104,Done,4.29,-5.48936,"glide_grid_1X70",-5.49186,-0.0776683,-0.592464,-0,-1.01143,-33.6027,-15.449,0.387851,-0.200657,-70.6899,-49.0517,3.09366
CC#CCn1c(N2CCC[C@@H]([NH3+])C2)nc2c1c(=O)n(CCC[NH+]1CCC(C(=O)Nc3ccc(C)cc3)CC1)c(=O)n2C,"CHEMBL3898220",1105,Done,4.43,-6.66506,"glide_grid_1X70",-6.67986,-1.2044,-0.32285,-0,-0.528981,-39.6784,-18.2688,0.371978,-0.271368,-84.0911,-57.9472,8.75426
CC#CCn1c(N2CCC[C@@H]([NH3+])C2)nc2c1c(=O)n(CCCN1CCC(C(=O)Nc3ccc(C)cc3)CC1)c(=O)n2C,"CHEMBL3898220",1106,Done,5.36,-1.90464,"glide_grid_1X70",-4.09724,-0.410138,-0.4,-0,-0.241166,-29.543,-13.1891,0.53439,-0.124809,-54.7924,-42.7321,9.85764
CC#CCn1c(N2CCC[C@@H]([NH3+])C2)nc2c1c(=O)n(CCC[NH+]1CCC(C(=O)OC3CCCC3)CC1)c(=O)n2C,"CHEMBL3899590",1107,Done,10.2,-5.13289,"glide_grid_1X70",-5.16179,-0.234653,-0.558474,-0,-0.662707,-31.5775,-15.706,0.418211,-0.189386,-67.064,-47.2835,3.51671
CC#CCn1c(N2CCC[C@@H]([NH3+])C2)nc2c1c(=O)n(CCCN1CCC(C(=O)OC3CCCC3)CC1)c(=O)n2C,"CHEMBL3899590",1108,Done,7.47,-4.06379,"glide_grid_1X70",-5.86729,-1.35025,-0.4,-0,-0.47262,-39.7788,-13.9675,0.600811,-0.161173,-75.0789,-53.7463,8.63579
CC#CCn1c(N2CCC[C@@H]([NH3+])C2)nc2c1c(=O)n(CCCCC1CCN(C(=O)OC(C)C)CC1)c(=O)n2C,"CHEMBL3901674",1109,Done,9.84,-5.82128,"glide_grid_1X70",-5.82378,-0.691057,-0.879673,-0,-0.748375,-32.8135,-14.641,0.491706,-0.159557,-70.8455,-47.4545,5.46016
CC#CCn1c(N2CCC[C@@H]([NH3+])C2)nc2c1c(=O)n(CCCC1CCN(C(=O)OC(C)C)CC1)c(=O)n2C,"CHEMBL3902771",1110,Done,7.25,-5.50812,"glide_grid_1X70",-5.51062,-0.422296,-0.4,-0,-1.10925,-31.5072,-15.3952,0.464413,-0.158843,-67.7095,-46.9024,4.59053
CC#CCn1c(N2CCC[C@@H]([NH3+])C2)nc2c1c(=O)n(CC(=O)c1ccccc1NC(=O)C(C)C)c(=O)n2C,"CHEMBL3903674",1111,Done,7.31,-7.07318,"glide_grid_1X70",-7.07568,-1.23003,-0.463177,-0,-0.740835,-42.5525,-19.7808,0.606646,-0.153541,-90.3069,-62.3333,10.5976
CC#CCn1c(N2CC[NH2+]CC2)nc2c1c(=O)n(CCC[NH+]1CCC(C(=O)OC(C)C)CC1)c(=O)n2C,"CHEMBL3909049",1112,Done,6.29,-5.50401,"glide_grid_1X70",-5.56031,-0.63174,-0.591663,-0,-0.680313,-29.6403,-16.8504,0.486206,-0.133229,-64.3582,-46.4907,9.24862
CC#CCn1c(N2CC[NH2+]CC2)nc2c1c(=O)n(CCCN1CCC(C(=O)OC(C)C)CC1)c(=O)n2C,"CHEMBL3909049",1113,Done,7.34,-3.58561,"glide_grid_1X70",-5.40191,-0.154962,-0.784848,-0,-0.898194,-28.0565,-16.6764,0.487957,-0.147585,-64.9201,-44.7329,6.35431
CC#CCn1c(N2CCC[C@@H]([NH3+])C2)nc2c1c(=O)n(CCC[NH+]1CCC(C(=O)OC)CC1)c(=O)n2C,"CHEMBL3910158",1115,Done,7.2,-5.17749,"glide_grid_1X70",-5.20709,-0.558059,-0.489036,-0,-0.433714,-33.9841,-16.7405,0.649466,-0.165462,-68.5956,-50.7247,8.57457
CC#CCn1c(N2CCC[C@@H]([NH3+])C2)nc2c1c(=O)n(CCCN1CCC(C(=O)OC)CC1)c(=O)n2C,"CHEMBL3910158",1116,Done,5.94,-3.47342,"glide_grid_1X70",-5.26302,-0.137521,-0.983409,-0,-0.539774,-24.3502,-17.8654,0.456306,-0.161298,-58.8256,-42.2156,9.84762
CC#CCn1c(N2CCC[C@@H]([NH3+])C2)nc2c1c(=O)n(CCC[NH+]1CCC(C(=O)Nc3ccc(F)cc3)CC1)c(=O)n2C,"CHEMBL3915044",1119,Done,7.58,-7.08306,"glide_grid_1X70",-7.09786,-0.681941,-0.544632,-0,-0.603738,-36.9805,-22.7,0.363847,-0.377375,-88.4853,-59.6805,14.1876
CC#CCn1c(N2CCC[C@@H]([NH3+])C2)nc2c1c(=O)n(CCCN1CCC(C(=O)Nc3ccc(F)cc3)CC1)c(=O)n2C,"CHEMBL3915044",1120,Done,6.82,-2.92201,"glide_grid_1X70",-5.11461,-0.502373,-0.425705,-0,-0.359924,-40.6926,-14.3145,0.522711,-0.167504,-70.9018,-55.0071,13.9533
CC#CCn1c(N2CCC[C@@H]([NH3+])C2)nc2c1c(=O)n(Cc1nc(C(F)F)cc3ccccc13)c(=O)n2C,"CHEMBL3917354",1121,Done,4.75,-5.21556,"glide_grid_1X70",-5.21806,-0.00176443,-0.557967,-0,-0.813886,-33.6031,-15.2076,0.395838,-0.278983,-69.7782,-48.8108,3.92578
[NH3+][C@@H]1Cc2c(ccc3ccc(Br)cc23)O[C@H]1c1cc(F)c(F)cc1F,"CHEMBL3919178",1122,Done,1.14,-6.22592,"glide_grid_1X70",-6.41382,-0.914225,-0.311723,-0,-2.00841,-32.2433,-9.8268,0.0823005,-0.175568,-66.3301,-42.0701,0.389439
N[C@@H]1Cc2c(ccc3ccc(Br)cc23)O[C@H]1c1cc(F)c(F)cc1F,"CHEMBL3919178",1123,Done,1.01,-4.14644,"glide_grid_1X70",-4.91844,-0.86863,-0.452605,-0,-1.44264,-29.313,-4.87851,0.118096,-0.0752318,-45.391,-34.1915,0.196651
CC#CCn1c(N2CCC[C@@H]([NH3+])C2)nc2c1c(=O)n(CCCC[NH+]1CCC(C(=O)OC(C)C)CC1)c(=O)n2C,"CHEMBL3920718",1124,Done,10.12,-5.47761,"glide_grid_1X70",-5.50011,-0.325866,-0.692804,-0,-0.226151,-33.7529,-20.2021,0.700037,-0.237374,-76.9606,-53.9549,9.53189
CC#CCn1c(N2CCC[C@@H]([NH3+])C2)nc2c1c(=O)n(CCCCN1CCC(C(=O)OC(C)C)CC1)c(=O)n2C,"CHEMBL3920718",1125,Done,7.26,-3.39811,"glide_grid_1X70",-5.34801,-1.11978,-0.408085,-0,-0.708306,-34.8223,-11.6119,0.491706,-0.120635,-65.4628,-46.4343,5.9251
CC#CCn1c(N2CCC[C@@H]([NH3+])C2)nc2c1c(=O)n(CCC[NH+]1CCC(C(=O)Nc3ccc(Br)cc3)CC1)c(=O)n2C,"CHEMBL3924059",1126,Done,7.45,-6.44005,"glide_grid_1X70",-6.45485,-0.946362,-0.670633,-0,-0.148827,-36.087,-20.1218,0.369083,-0.235485,-89.5392,-56.2089,8.48231
CC#CCn1c(N2CCC[C@@H]([NH3+])C2)nc2c1c(=O)n(CCCN1CCC(C(=O)Nc3ccc(Br)cc3)CC1)c(=O)n2C,"CHEMBL3924059",1127,Done,6.2,-3.02696,"glide_grid_1X70",-5.21956,-0.729186,-0.401412,-0,-0.492908,-35.3571,-12.1942,0.259846,-0.258918,-66.0002,-47.5513,11.1355
C/C=C/Cn1c(N2CCC[C@@H]([NH3+])C2)nc2c1c(=O)n(CC(=O)c1ccccc1NC(=O)C(C)C)c(=O)n2C,"CHEMBL3926493",1128,Done,6.5,-4.34519,"glide_grid_1X70",-4.34769,0,-0.555306,-0,-0.567574,-31.9019,-13.6008,0.602349,-0.191936,-63.3849,-45.5027,0.460271
CC#CCn1c(N2CCC[NH2+]CC2)nc2c1c(=O)n(CCC[NH+]1CCC(C(=O)OC(C)C)CC1)c(=O)n2C,"CHEMBL3927979",1129,Done,7.62,-4.48975,"glide_grid_1X70",-4.54095,-0.505294,-0.247854,-0,-0.26135,-35.4125,-14.585,0.661124,-0.229206,-67.0764,-49.9974,6.47262
CC#CCn1c(N2CCC[NH2+]CC2)nc2c1c(=O)n(CCCN1CCC(C(=O)OC(C)C)CC1)c(=O)n2C,"CHEMBL3927979",1130,Done,8.02,-3.28225,"glide_grid_1X70",-5.09345,-0.409472,-0.607478,-0,-0.454699,-30.1193,-17.6716,0.663447,-0.128549,-62.2861,-47.7909,11.1778
CC#CCn1c(N2CCCNCC2)nc2c1c(=O)n(CCC[NH+]1CCC(C(=O)OC(C)C)CC1)c(=O)n2C,"CHEMBL3927979",1131,Done,10.16,1.25819,"glide_grid_1X70",-0.745106,-0.13156,-0.0352069,-0,0.000177186,-12.6407,-3.33363,0.663447,-0.109882,-13.7632,-15.9744,8.62625
CC#CCn1c(N2CCC[C@@H]([NH3+])C2)nc2c1c(=O)n(CCN1CCC(C(=O)OC(C)C)CC1)c(=O)n2C,"CHEMBL3929627",1132,Done,6.13,-5.78073,"glide_grid_1X70",-5.82853,-0.673351,-0.4,-0,-0.988738,-33.2989,-15.7816,0.43374,-0.168005,-67.0805,-49.0805,13.396
CC#CCn1c(N2CCC[C@@H]([NH3+])C2)nc2c1c(=O)n(CC[NH+]1CCC(C(=O)OC(C)C)CC1)c(=O)n2C,"CHEMBL3929627",1133,Done,6.54,-4.11146,"glide_grid_1X70",-5.62686,-0.348361,-0.535065,-0,-0.529588,-31.0856,-18.8619,0.432183,-0.262472,-72.9946,-49.9474,5.58945
CC#CCn1c(N2CCC[C@@H]([NH3+])C2)nc2c1c(=O)n(Cc1nc(C(F)(F)F)cc3ccccc13)c(=O)n2C,"CHEMBL3931178",1134,Done,4.02,-4.74998,"glide_grid_1X70",-4.75248,0,-0.417842,-0,-0.797195,-35.4964,-11.6663,0.371335,-0.384011,-63.7821,-47.1627,6.69932
CC#CCn1c(N2CCC[C@@H]([NH3+])C2)nc2c1c(=O)n(CCC[NH+]1CCC(C(=O)OCCC)CC1)c(=O)n2C,"CHEMBL3933623",1135,Done,7.8,-5.6733,"glide_grid_1X70",-5.7026,-0.714995,-0.660281,-0,-0.224999,-31.8251,-20.195,0.734582,-0.21641,-70.6061,-52.0201,15.5891
CC#CCn1c(N2CCC[C@@H]([NH3+])C2)nc2c1c(=O)n(CCCN1CCC(C(=O)OCCC)CC1)c(=O)n2C,"CHEMBL3933623",1136,Done,7.38,-2.97237,"glide_grid_1X70",-4.76777,-0.358001,-0.560465,-0,-0.66605,-30.5727,-13.2792,0.516014,-0.178762,-59.0246,-43.8518,7.14923
Cc1cc2ccccc2c(Cn2c(=O)c3c(nc(N4CCC[C@@H]([NH3+])C4)n3Cc3ccccc3Cl)n(C)c2=O)n1,"CHEMBL3938789",1137,Done,3.79,-5.22787,"glide_grid_1X70",-5.49117,-0.230695,-0.608113,-0,-0.932934,-35.3548,-13.5248,0.243892,-0.166862,-70.5121,-48.8796,3.52511
Cc1cc2ccccc2c(Cn2c(=O)c3c(nc(N4CCC[C@@H]([NH3+])C4)n3Cc3ccccc3Cl)n(C)c2=O)[nH+]1,"CHEMBL3938789",1138,Done,4.98,-5.07119,"glide_grid_1X70",-5.68549,-0.261913,-0.384157,-0,-0.238227,-31.6198,-23.0459,0.347231,-0.110559,-77.0211,-54.6657,5.44664
CC#CCn1c(N2CCC[C@@H]([NH3+])C2)nc2c1c(=O)n(CCC[NH+]1CCC(C(=O)Nc3ccc(C#N)cc3)CC1)c(=O)n2C,"CHEMBL3945617",1139,Done,6.15,-6.48164,"glide_grid_1X70",-6.49644,-0.595347,-0.55251,-0,-0.595475,-42.0723,-18.2101,0.349876,-0.267856,-88.3106,-60.2824,7.71561
CC#CCn1c(N2CCC[C@@H]([NH3+])C2)nc2c1c(=O)n(CCCN1CCC(C(=O)Nc3ccc(C#N)cc3)CC1)c(=O)n2C,"CHEMBL3945617",1140,Done,6.11,-4.01908,"glide_grid_1X70",-6.21168,-0.850109,-0.750866,-0,-0.586636,-37.3848,-16.6291,0.502643,-0.163101,-77.1062,-54.014,11.3629
CC#CCn1c(N2CCC[C@@H]([NH3+])C2)nc2c1c(=O)n(CC(=O)c1ccccc1-c1ccccc1)c(=O)n2C,"CHEMBL3948679",1141,Done,5.39,-5.83638,"glide_grid_1X70",-5.83888,-0.693184,-0.522981,-0,-0.630716,-29.8752,-18.0081,0.383683,-0.180705,-71.5135,-47.8834,4.11211
C/C=C/Cn1c(N2CCC[C@H]([NH3+])C2)nc2c1c(=O)n(CC(=O)c1ccccc1NC(=O)C(C)C)c(=O)n2C,"CHEMBL3950914",1142,Done,6.14,-5.0771,"glide_grid_1X70",-5.0796,-0.380796,-0.738285,-0,-0.225,-29.4725,-18.1268,0.602349,-0.145216,-64.1817,-47.5993,8.05871
CC#CCn1c(N2CCC[C@@H]([NH3+])C2)nc2c1c(=O)n(Cc1nc(-c3ccccc3)c3ccccc3n1)c(=O)n2C,"CHEMBL3953094",1143,Done,4.46,-5.54329,"glide_grid_1X70",-5.54579,-0.121306,-0.55733,-0,-0.96512,-36.1127,-14.8242,0.302247,-0.175021,-74.3182,-50.9369,2.45445
CC#CCn1c(N2CCC[C@@H]([NH3+])C2)nc2c1c(=O)n(CC(=O)c1ccccc1OCC(=O)NCC)c(=O)n2C,"CHEMBL3955534",1144,Done,7.08,-6.18969,"glide_grid_1X70",-6.19219,-0.599586,-0.978293,-0,-0.234413,-34.2908,-20.3937,0.717207,-0.323502,-80.3009,-54.6845,7.00568
CC(C)=CCn1c(N2CCC[C@@H]([NH3+])C2)nc2c1c(=O)n(CC(=O)c1ccccc1C(=O)N1CCOCC1)c(=O)n2C,"CHEMBL3957746",1145,Done,5.76,-5.6782,"glide_grid_1X70",-5.6807,-0.193775,-0.693627,-0,-0.686985,-30.6679,-17.0458,0.306481,-0.322535,-67.6074,-47.7137,8.29825
CC#CCn1c(N2CCC[C@@H]([NH3+])C2)nc2c1c(=O)n(C/C=C/c1c(F)c(F)c(F)c(F)c1F)c(=O)n2C,"CHEMBL3958670",1146,Done,4.74,-5.30043,"glide_grid_1X70",-5.30293,-0.196462,-0.424061,-0,-0.758506,-34.0687,-14.0616,0.262733,-0.373957,-69.0176,-48.1303,2.48131
Cc1cc2ccccc2c(Cn2c(=O)c3c(nc(N4CCC[C@@H]([NH3+])C4)n3Cc3ccccc3Br)n(C)c2=O)n1,"CHEMBL3962719",1147,Done,4.47,-5.07744,"glide_grid_1X70",-5.34074,-0.177448,-0.487326,-0,-0.921868,-33.721,-13.5627,0.135433,-0.169071,-68.4058,-47.2837,2.68664
Cc1cc2ccccc2c(Cn2c(=O)c3c(nc(N4CCC[C@@H]([NH3+])C4)n3Cc3ccccc3Br)n(C)c2=O)[nH+]1,"CHEMBL3962719",1148,Done,6.35,-4.92909,"glide_grid_1X70",-5.54339,-0.323359,-0.380168,-0,-0.225,-31.5956,-20.6684,0.191653,-0.126477,-73.6692,-52.264,5.02924
CC(C)=CCn1c(N2CCC[C@@H]([NH3+])C2)nc2c1c(=O)n(CC(=O)c1cccc(C(=O)[O-])c1)c(=O)n2C,"CHEMBL3965610",1149,Done,5.1,-6.08669,"glide_grid_1X70",-6.08919,-1.08914,-0.308307,-0,-0.699247,-34.3771,-17.2962,0.499954,-0.179177,-74.9439,-51.6733,10.0904
C/C=C/Cn1c(N2CCC[C@@H]([NH3+])C2)nc2c1c(=O)n(CC(=O)c1ccccc1OCC(=O)NC)c(=O)n2C,"CHEMBL3965981",1150,Done,6.9,-6.54508,"glide_grid_1X70",-6.54758,-0.418989,-0.682155,-0,-0.547837,-30.0036,-23.334,0.471073,-0.369399,-82.3364,-53.3375,6.54879
CC#CCn1c(N2CCC[C@@H]([NH3+])C2)nc2c1c(=O)n(CCC[NH+]1CCC(C(=O)Oc3ccccc3)CC1)c(=O)n2C,"CHEMBL3968249",1151,Done,8.45,-5.49429,"glide_grid_1X70",-5.52199,-0.0957041,-0.74994,-0,-0.46378,-29.2765,-19.7813,0.40002,-0.181568,-66.4201,-49.0578,16.91
CC#CCn1c(N2CCC[C@@H]([NH3+])C2)nc2c1c(=O)n(CCCN1CCC(C(=O)Oc3ccccc3)CC1)c(=O)n2C,"CHEMBL3968249",1152,Done,5.55,-3.61642,"glide_grid_1X70",-5.44412,-0.974215,-0.624083,-0,0.218345,-40.7939,-16.0094,0.574675,-0.197739,-75.5689,-56.8033,5.53688
C[C@]1([N@H+]2Cc3cn(S(=O)(=O)[N-]C(=O)OCc4ccccc4)nc3C2)CO[C@H](c2cc(F)ccc2F)[C@@H]([NH3+])C1,"CHEMBL3970322",1153,Done,6.14,-8.20004,"glide_grid_1X70",-8.30324,-0.970224,-0.708129,-0,-1.42581,-45.2395,-20.5789,0.337407,-0.187685,-113.379,-65.8183,2.64402
C[C@]1([N@H+]2Cc3cn(S(=O)(=O)[N-]C(=O)OCc4ccccc4)nc3C2)CO[C@H](c2cc(F)ccc2F)[C@@H](N)C1,"CHEMBL3970322",1154,Done,5.57,-1.98399,"glide_grid_1X70",-3.37029,-0.734429,-0.283148,-0,-0.172259,-24.5269,-9.08782,0.483649,-0.0745855,-43.8043,-33.6147,4.36076
C[C@]1(N2Cc3cn(S(=O)(=O)[N-]C(=O)OCc4ccccc4)nc3C2)CO[C@H](c2cc(F)ccc2F)[C@@H]([NH3+])C1,"CHEMBL3970322",1155,Done,6.11,-5.81655,"glide_grid_1X70",-7.44975,-1.03417,-0.71491,-0,-1.23928,-43.637,-15.9759,0.338554,-0.221716,-98.5323,-59.6129,2.79261
CC#CCn1c(N2CCC[C@@H]([NH3+])C2)nc2c1c(=O)n(CCC[NH+]1CCC(C(=O)OC3CCC3)CC1)c(=O)n2C,"CHEMBL3972227",1156,Done,7.43,-5.86177,"glide_grid_1X70",-5.89067,-0.394751,-0.690324,-0,-0.537529,-29.6022,-20.6889,0.493395,-0.178006,-69.1471,-50.2911,12.5795
CC#CCn1c(N2CCC[C@@H]([NH3+])C2)nc2c1c(=O)n(CCCN1CCC(C(=O)OC3CCC3)CC1)c(=O)n2C,"CHEMBL3972227",1157,Done,7.72,-3.94321,"glide_grid_1X70",-5.74671,-0.279549,-1.01942,-0,-0.743475,-22.5398,-19.5807,0.495092,-0.135267,-61.0621,-42.1205,9.20897
CC#CCn1c(N2CCC[C@@H]([NH3+])C2)nc2c1c(=O)n(CCC1CCN(C(=O)OC(C)C)CC1)c(=O)n2C,"CHEMBL3973741",1158,Done,6.32,-5.15531,"glide_grid_1X70",-5.15781,-0.112697,-0.764044,-0,-0.568958,-29.2517,-16.4563,0.43374,-0.214821,-63.8712,-45.708,6.26528
COc1cccc(C(=O)Cn2c(=O)c3c(nc(N4CCC[C@@H]([NH3+])C4)n3CC=C(C)C)n(C)c2=O)c1OC,"CHEMBL3974068",1159,Done,6.07,-5.76076,"glide_grid_1X70",-5.76326,-0.150567,-0.704337,-0,-0.997591,-33.1505,-15.9326,0.328873,-0.19223,-71.1182,-49.0831,3.90275
CC#CCn1c(N2CCC[C@@H]([NH3+])C2)nc2c1c(=O)n(CC(=O)c1cccc3c1OCCO3)c(=O)n2C,"CHEMBL3974699",1160,Done,5.24,-5.80543,"glide_grid_1X70",-5.80793,-0.627217,-0.384757,-0,-0.902005,-33.3512,-17.4205,0.501826,-0.11515,-72.7803,-50.7716,5.86526
CC#CCn1c(N2CCC[C@@H]([NH3+])C2)nc2c1c(=O)n(CCC[NH+]1CCC(C(=O)Nc3ccccc3)CC1)c(=O)n2C,"CHEMBL3976778",1161,Done,7.74,-6.30664,"glide_grid_1X70",-6.32144,-0.792255,-0.72,-0,-0.27036,-34.9892,-21.0133,0.574601,-0.211979,-87.0622,-56.0025,8.06059
CC#CCn1c(N2CCC[C@@H]([NH3+])C2)nc2c1c(=O)n(CCCN1CCC(C(=O)Nc3ccccc3)CC1)c(=O)n2C,"CHEMBL3976778",1162,Done,7.08,-2.77639,"glide_grid_1X70",-4.96899,-0.535504,-0.56,-0,-0.141373,-33.4926,-16.6551,0.577838,-0.137063,-65.6807,-50.1477,13.5467
[NH3+][C@H]1Cc2c(ccc3cc(Br)ccc23)O[C@@H]1c1cc(F)c(F)cc1F,"CHEMBL3979508",1163,Done,1,-7.89743,"glide_grid_1X70",-8.08533,-1.12798,-0.630383,-0,-1.97728,-35.1328,-17.073,0.0823005,-0.11439,-88.0355,-52.2057,0.00018381
N[C@H]1Cc2c(ccc3cc(Br)ccc23)O[C@@H]1c1cc(F)c(F)cc1F,"CHEMBL3979508",1164,Done,1.09,-5.17947,"glide_grid_1X70",-5.95147,-1.30857,-0.504743,-0,-1.47354,-34.916,-6.67769,0.118096,-0.035254,-57.039,-41.5937,0.0148533
CC#CCn1c(N2CCC[C@@H]([NH3+])C2)nc2c1c(=O)n(CC(=O)c1cccc3c1OCO3)c(=O)n2C,"CHEMBL3979864",1165,Done,3.88,-5.6181,"glide_grid_1X70",-5.6206,-0.00789163,-0.708509,-0,-1.13465,-29.603,-16.3127,0.370305,-0.21279,-68.1631,-45.9158,1.89361
CC#CCn1c(N2CCC[C@@H]([NH3+])C2)nc2c1c(=O)n(CCC[NH+]1CCC(C(=O)OC3CCCCC3)CC1)c(=O)n2C,"CHEMBL3979866",1166,Done,7.91,-5.28123,"glide_grid_1X70",-5.31013,-0.735162,-0.4,-0,-0.529915,-31.1899,-14.9381,0.386763,-0.231605,-66.5922,-46.128,7.01027
CC#CCn1c(N2CCC[C@@H]([NH3+])C2)nc2c1c(=O)n(CCCN1CCC(C(=O)OC3CCCCC3)CC1)c(=O)n2C,"CHEMBL3979866",1167,Done,7.15,-4.26762,"glide_grid_1X70",-6.07112,-0.823379,-0.354969,-0,-0.752503,-38.8969,-17.2479,0.555631,-0.163873,-78.4503,-56.1447,10.9467
CC#CCn1c(N2CCC[C@@H]([NH3+])C2)nc2c1c(=O)n(CCC[NH+]1CCC(C(=O)OCC)CC1)c(=O)n2C,"CHEMBL3980269",1168,Done,9.4,-5.77403,"glide_grid_1X70",-5.80363,-0.208972,-0.72,-0,-0.450792,-34.2186,-20.9847,0.69458,-0.259817,-80.636,-55.2032,6.59656
CC#CCn1c(N2CCC[C@@H]([NH3+])C2)nc2c1c(=O)n(CCCN1CCC(C(=O)OCC)CC1)c(=O)n2C,"CHEMBL3980269",1169,Done,6.77,-2.9971,"glide_grid_1X70",-4.7867,-0.0712908,-0.43434,-0,-0.641483,-33.3983,-14.6704,0.487957,-0.257076,-65.5409,-48.0686,7.56374
CC#CCn1c(N2CCC[C@@H]([NH3+])C2)nc2c1c(=O)n(CCC[NH+]1CCC(C(=O)Nc3ccc(OC)cc3)CC1)c(=O)n2C,"CHEMBL3984849",1170,Done,6.94,-5.9134,"glide_grid_1X70",-5.9282,-0.426771,-0.807835,-0,-0.298137,-26.4091,-20.9809,0.340212,-0.268082,-69.7382,-47.39,8.40845
CC#CCn1c(N2CCC[C@@H]([NH3+])C2)nc2c1c(=O)n(CCCN1CCC(C(=O)Nc3ccc(OC)cc3)CC1)c(=O)n2C,"CHEMBL3984849",1171,Done,5.53,-3.5524,"glide_grid_1X70",-5.745,-1.01349,-0.494413,-0,-0.201633,-43.9356,-13.8453,0.488762,-0.250659,-75.4052,-57.7809,15.6072
C/C=C/Cn1c(N2CCC[C@@H]([NH3+])C2)nc2c1c(=O)n(CC(=O)c1ccccc1NC(=O)C(C)C)c(=O)n2C,"CHEMBL3987141",1172,Done,6.6,-4.34519,"glide_grid_1X70",-4.34769,0,-0.555306,-0,-0.567574,-31.9019,-13.6008,0.602349,-0.191936,-63.3849,-45.5027,0.460271
Cc1ccc(-c2c(C[NH3+])c(CC(C)C)nc(C)c2C(=O)OC[C@H]2CC[C@H](C(=O)[O-])CC2)cc1,"CHEMBL4059789",1173,Done,7.44,-7.19672,"glide_grid_1X70",-7.37022,-1.56734,-0.759491,-0,-1.1617,-33.8692,-16.466,0.411448,-0.129772,-84.1021,-50.3352,3.84669
Cc1ccc(-c2c(CN)c(CC(C)C)nc(C)c2C(=O)OC[C@H]2CC[C@H](C(=O)[O-])CC2)cc1,"CHEMBL4059789",1174,Done,7.21,-3.81066,"glide_grid_1X70",-4.62306,-1.50879,-0.304097,-0,-0.973485,-38.1601,-3.45011,0.590171,-0.00134049,-55.6375,-41.6102,4.40616
Cc1ccc(-c2c(COCc3ccc(C(=O)[O-])cc3)c(C)nc(CC(C)C)c2C[NH3+])cc1,"CHEMBL4059815",1175,Done,6.84,-7.07913,"glide_grid_1X70",-7.24423,-0.991719,-0.699272,-0,-1.60547,-36.2748,-16.5382,0.446694,-0.1,-87.5372,-52.813,6.24486
Cc1ccc(-c2c(COCc3ccc(C(=O)[O-])cc3)c(C)nc(CC(C)C)c2CN)cc1,"CHEMBL4059815",1176,Done,5.97,-4.00598,"glide_grid_1X70",-4.89688,-1.39651,-0.496222,-0,-0.93868,-39.8134,-4.77085,0.640838,0,-60.9978,-44.5843,2.67672
Cc1ccc(-c2c(COCc3ccc(C(=O)[O-])cc3)c(C)[nH+]c(CC(C)C)c2CN)cc1,"CHEMBL4059815",1177,Done,6.52,-2.1345,"glide_grid_1X70",-4.4274,-1.17551,-0.304,-0,-0.654568,-32.4748,-8.39829,0.638135,-0.0479682,-55.403,-40.8731,6.39971
[NH3+][C@@H](CC(=O)N1CC[C@@H]2[C@@H](CCc3nnc(-c4ccccn4)n32)C1)Cc1cc(F)c(F)cc1F,"CHEMBL4062977",1178,Done,3.36,-6.5455,"glide_grid_1X70",-6.5544,-1.17251,-0.365379,-0,-1.35943,-28.0484,-16.7699,0.454613,-0.193793,-73.697,-44.8183,6.01477
N[C@@H](CC(=O)N1CC[C@@H]2[C@@H](CCc3nnc(-c4ccccn4)n32)C1)Cc1cc(F)c(F)cc1F,"CHEMBL4062977",1179,Done,4.02,-2.81959,"glide_grid_1X70",-5.30859,-1.17497,-0.275102,-0,-1.48484,-33.6763,-6.9795,0.456391,-0.0993303,-51.7375,-40.6558,6.24944
C[C@H](N[C@@H](CCc1ccccc1)C(=O)[O-])C(=O)N1C[C@@H](NC(=O)C[C@H]([NH3+])Cc2cc(F)c(F)cc2F)C[C@H]1C(=O)[O-],"CHEMBL4067185",1180,Done,18.57,-9.02822,"glide_grid_1X70",-9.42162,-2.48446,-0.751181,-0,-1.74346,-44.8419,-16.2306,0.414064,-0.179905,-106.49,-61.0724,12.3394
C[C@H]([NH2+][C@@H](CCc1ccccc1)C(=O)[O-])C(=O)N1C[C@@H](NC(=O)C[C@H]([NH3+])Cc2cc(F)c(F)cc2F)C[C@H]1C(=O)[O-],"CHEMBL4067185",1181,Done,16.88,-6.60274,"glide_grid_1X70",-7.03114,-1.16583,-0.543808,-0,-1.68649,-38.719,-12.8995,0.411849,-0.175992,-83.1304,-51.6185,9.18251
Cc1ccc(-c2c(C[NH3+])c(CC(C)C)nc3ccc(-c4nc(C(=O)[O-])cs4)cc23)cc1,"CHEMBL4068446",1182,Done,3.11,-7.55609,"glide_grid_1X70",-7.75129,-1.63449,-0.53744,-0,-1.42029,-39.252,-15.4718,0.224289,-0.1,-91.5893,-54.7238,1.83396
Cc1ccc(-c2c(CN)c(CC(C)C)nc3ccc(-c4nc(C(=O)[O-])cs4)cc23)cc1,"CHEMBL4068446",1183,Done,2.49,-3.29642,"glide_grid_1X70",-4.05182,-0.937334,-0.468494,-0,-0.6611,-28.5332,-5.85984,0.321774,-0.00103399,-42.2923,-34.393,5.74954
Cc1nc(-c2nnc3n2[C@@H]2CCN(C(=O)C[C@H]([NH3+])Cc4cc(F)c(F)cc4F)C[C@@H]2CC3)cs1,"CHEMBL4071607",1184,Done,3.96,-9.52809,"glide_grid_1X70",-9.53699,-1.01046,-1.11449,-0,-1.78022,-34.8682,-26.575,0.294896,-0.197058,-104.913,-61.4431,11.3077
Cc1nc(-c2nnc3n2[C@@H]2CCN(C(=O)C[C@H](N)Cc4cc(F)c(F)cc4F)C[C@@H]2CC3)cs1,"CHEMBL4071607",1185,Done,2.85,-1.37964,"glide_grid_1X70",-3.86864,-0.712871,-0.511299,-0,-0.658388,-34.5118,-4.04221,0.422867,-0.0770257,-43.3408,-38.554,12.2756
Cc1ccc(-c2c(C[NH3+])c(CC(C)C)nc3ccc(OCCCC(=O)[O-])cc23)cc1,"CHEMBL4071958",1186,Done,7.23,-7.50805,"glide_grid_1X70",-7.67515,-1.5165,-0.52015,-0,-1.5664,-36.73,-17.3094,0.499738,-0.138934,-87.6964,-54.0393,12.682
Cc1ccc(-c2c(CN)c(CC(C)C)nc3ccc(OCCCC(=O)[O-])cc23)cc1,"CHEMBL4071958",1187,Done,6.09,-3.71991,"glide_grid_1X70",-4.55141,-1.21608,-0.456,-0,-0.998626,-34.1017,-5.95149,0.717112,0,-50.5223,-40.0532,7.34891
CC(C)Cc1nc2ccc(Br)cc2c(-c2ccccc2)c1C[NH3+],"CHEMBL4072218",1188,Done,2.94,-7.11994,"glide_grid_1X70",-7.33034,-1.28138,-0.415409,-0,-1.74893,-32.1415,-15.8299,0.196949,-0.1,-76.8808,-47.9715,2.10949
CC(C)Cc1nc2ccc(Br)cc2c(-c2ccccc2)c1CN,"CHEMBL4072218",1189,Done,2.92,-3.79532,"glide_grid_1X70",-4.51072,-1.24867,-0.304,-0,-1.1709,-30.5687,-3.60962,0.282729,0,-43.7183,-34.1783,1.72306
Cc1ccc(-c2c(C[NH3+])c(CC(C)C)nc3ccc(OCCC(=O)[O-])cc23)cc1,"CHEMBL4075351",1190,Done,10.31,-7.55063,"glide_grid_1X70",-7.72173,-1.26256,-0.886301,-0,-1.50233,-31.6093,-18.3645,0.443615,-0.179012,-84.7858,-49.9737,6.69894
Cc1ccc(-c2c(CN)c(CC(C)C)nc3ccc(OCCC(=O)[O-])cc23)cc1,"CHEMBL4075351",1191,Done,11.96,-4.61133,"glide_grid_1X70",-5.43073,-1.49058,-0.794256,-0,-0.963659,-32.2769,-7.4888,0.636671,-0.0817367,-51.4927,-39.7657,6.4007
[NH3+][C@@H](CC(=O)N1CC[C@@H]2[C@@H](CCc3nnc(Cc4ccccc4)n32)C1)Cc1cc(F)c(F)cc1F,"CHEMBL4077174",1192,Done,3.41,-5.70003,"glide_grid_1X70",-5.70893,-0.653557,-0.500343,-0,-0.628642,-26.4337,-17.5346,0.36331,-0.337821,-65.3074,-43.9683,3.54708
N[C@@H](CC(=O)N1CC[C@@H]2[C@@H](CCc3nnc(Cc4ccccc4)n32)C1)Cc1cc(F)c(F)cc1F,"CHEMBL4077174",1193,Done,4.18,-2.80566,"glide_grid_1X70",-5.29466,-1.11185,-0.515649,-0,-1.08825,-31.9388,-9.63093,0.520994,-0.0583186,-54.8091,-41.5698,3.42856
Cc1ccc(-c2c(C[NH3+])c(CC(C)C)nc3ccc(OCCCCCC(=O)[O-])cc23)cc1,"CHEMBL4078049",1194,Done,8.72,-6.50177,"glide_grid_1X70",-6.66867,-0.738384,-0.614981,-0,-1.34305,-36.2312,-17.6752,0.590594,-0.1,-78.5339,-53.9065,15.3639
Cc1ccc(-c2c(CN)c(CC(C)C)nc3ccc(OCCCCCC(=O)[O-])cc23)cc1,"CHEMBL4078049",1195,Done,10.76,-3.26602,"glide_grid_1X70",-4.09812,-0.970146,-0.580876,-0,-0.661622,-31.9857,-7.39011,0.847265,-0.0249339,-52.45,-39.3758,4.32523
CCC[C@H]([NH2+][C@@H](CCc1ccccc1)C(=O)[O-])C(=O)N1C[C@@H](NC(=O)C[C@H]([NH3+])Cc2cc(F)c(F)cc2F)C[C@H]1C(=O)[O-],"CHEMBL4078112",1196,Done,23.06,-4.22084,"glide_grid_1X70",-4.56194,-1.5293,-0.813422,-0,2.63448,-41.2175,-19.2968,0.39477,-0.29307,-63.2348,-60.5143,19.4015
CCC[C@H](N[C@@H](CCc1ccccc1)C(=O)[O-])C(=O)N1C[C@@H](NC(=O)C[C@H]([NH3+])Cc2cc(F)c(F)cc2F)C[C@H]1C(=O)[O-],"CHEMBL4078112",1197,Done,29.51,-6.02132,"glide_grid_1X70",-6.51082,-0.354634,-1.12899,-0,-0.613059,-32.7403,-18.6814,0.396801,-0.371711,-85.112,-51.4217,9.34089
Cc1ccc(-c2c(C[NH3+])c(CC(C)C)nc(C)c2C(=O)OCc2ccccc2C(=O)[O-])cc1,"CHEMBL4081713",1198,Done,6.18,-5.94799,"glide_grid_1X70",-6.11979,-0.843934,-0.502687,-0,-1.10548,-36.0112,-14.5729,0.421635,-0.102835,-77.7126,-50.5841,3.0066
Cc1ccc(-c2c(CN)c(CC(C)C)nc(C)c2C(=O)OCc2ccccc2C(=O)[O-])cc1,"CHEMBL4081713",1199,Done,6.83,-3.25206,"glide_grid_1X70",-4.07206,-1.36285,-0.266608,-0,-0.788921,-39.6958,-1.81077,0.604813,-0.00209051,-52.1531,-41.5065,3.46951
Cc1ccc(-c2c(C[NH3+])c(CC(C)C)nc3ccc(OCC(=O)[O-])cc23)cc1,"CHEMBL4082445",1200,Done,6.42,-7.47027,"glide_grid_1X70",-7.63977,-1.44052,-0.73562,-0,-1.66501,-34.2183,-15.566,0.378835,-0.131636,-87.4133,-49.7843,2.08178
Cc1ccc(-c2c(CN)c(CC(C)C)nc3ccc(OCC(=O)[O-])cc23)cc1,"CHEMBL4082445",1201,Done,5.14,-3.99719,"glide_grid_1X70",-4.84029,-1.43661,-0.504,-0,-1.04919,-31.2343,-5.35909,0.543783,-0.0286938,-47.4382,-36.5934,7.10507
Cc1ccc(-c2c(C[NH3+])c(CC(C)C)nc(C)c2C(=O)OCc2cccc(C(=O)[O-])c2)cc1,"CHEMBL4082680",1202,Done,6.65,-6.67361,"glide_grid_1X70",-6.84541,-1.231,-0.476899,-0,-1.59058,-36.6629,-13.5451,0.421635,-0.103646,-83.4831,-50.208,3.92206
Cc1ccc(-c2c(CN)c(CC(C)C)nc(C)c2C(=O)OCc2cccc(C(=O)[O-])c2)cc1,"CHEMBL4082680",1203,Done,6.22,-3.67322,"glide_grid_1X70",-4.49322,-1.29164,-0.270362,-0,-1.08405,-40.776,-2.73591,0.604813,-0.00278741,-57.1942,-43.5119,2.7493
Cc1ccc(-c2c(C[NH3+])c(CC(C)C)nc3ccc(-c4ccc(C(=O)[O-])o4)cc23)cc1,"CHEMBL4085490",1204,Done,2.77,-7.32819,"glide_grid_1X70",-7.49669,-1.57869,-0.427669,-0,-1.54583,-33.3343,-16.127,0.241258,-0.1,-81.0286,-49.4613,10.0092
Cc1ccc(-c2c(CN)c(CC(C)C)nc3ccc(-c4ccc(C(=O)[O-])o4)cc23)cc1,"CHEMBL4085490",1205,Done,2.19,-3.92652,"glide_grid_1X70",-4.77522,-1.76199,-0.0492893,-0,-0.963371,-37.2335,-3.23381,0.346173,0,-52.0417,-40.4673,4.6995
CC[C@H]([NH2+][C@@H](CCc1ccccc1)C(=O)[O-])C(=O)N1C[C@@H](NC(=O)C[C@H]([NH3+])Cc2cc(F)c(F)cc2F)C[C@H]1C(=O)[O-],"CHEMBL4086264",1206,Done,18.19,-6.91785,"glide_grid_1X70",-7.27255,-1.15428,-0.734098,-0,-1.20051,-37.4707,-17.2575,0.546051,-0.26755,-86.182,-54.7282,8.4012
CC[C@H](N[C@@H](CCc1ccccc1)C(=O)[O-])C(=O)N1C[C@@H](NC(=O)C[C@H]([NH3+])Cc2cc(F)c(F)cc2F)C[C@H]1C(=O)[O-],"CHEMBL4086264",1207,Done,25.71,-9.7589,"glide_grid_1X70",-10.2314,-1.60954,-1.41657,-0,-1.62115,-40.2759,-24.7391,0.38429,-0.243769,-120.063,-65.015,15.5768
Cc1ccc(-c2c(CCc3nc(C(N)=O)cs3)c(C)nc(CC(C)C)c2C[NH3+])cc1,"CHEMBL4089615",1208,Done,10.01,-7.69753,"glide_grid_1X70",-7.88253,-0.894824,-0.880191,-0,-1.64444,-35.0667,-19.9758,0.386623,-0.1,-86.9799,-55.0425,6.48311
Cc1ccc(-c2c(CCc3nc(C(N)=O)cs3)c(C)nc(CC(C)C)c2CN)cc1,"CHEMBL4089615",1209,Done,9.36,-3.2905,"glide_grid_1X70",-4.1687,-0.991533,-0.280995,-0,-0.703988,-36.7099,-5.85697,0.554704,-0.0328439,-50.6735,-42.5668,9.83201
Cc1ccc(-c2c(CCc3nc(C(N)=O)cs3)c(C)[nH+]c(CC(C)C)c2CN)cc1,"CHEMBL4089615",1210,Done,7.76,-2.72265,"glide_grid_1X70",-4.62265,-0.954126,-0.304,-0,-0.733205,-31.2587,-10.2523,0.552318,-0.0828518,-56.5847,-41.511,5.89508
CCCC[C@H]([NH2+][C@@H](CCc1ccccc1)C(=O)[O-])C(=O)N1C[C@@H](NC(=O)C[C@H]([NH3+])Cc2cc(F)c(F)cc2F)C[C@H]1C(=O)[O-],"CHEMBL4090635",1211,Done,24.26,-9.0188,"glide_grid_1X70",-9.3599,-1.27281,-1.09437,-0,-1.65424,-41.4618,-22.803,0.405924,-0.250866,-116.488,-64.2648,11.654
CCCC[C@H](N[C@@H](CCc1ccccc1)C(=O)[O-])C(=O)N1C[C@@H](NC(=O)C[C@H]([NH3+])Cc2cc(F)c(F)cc2F)C[C@H]1C(=O)[O-],"CHEMBL4090635",1212,Done,24.44,-6.32614,"glide_grid_1X70",-6.81564,-0.379515,-1.20865,-0,-0.546165,-26.4481,-23.1161,0.407929,-0.299414,-79.4047,-49.5642,12.8858
[NH3+][C@@H](CC(=O)N1CC[C@@H]2[C@@H](CCc3nnc(-c4cnccn4)n32)C1)Cc1cc(F)c(F)cc1F,"CHEMBL4090906",1213,Done,3.33,-6.54614,"glide_grid_1X70",-6.55504,-1.1693,-0.335782,-0,-1.38599,-28.3632,-16.6882,0.452879,-0.195445,-70.635,-45.0514,6.29296
N[C@@H](CC(=O)N1CC[C@@H]2[C@@H](CCc3nnc(-c4cnccn4)n32)C1)Cc1cc(F)c(F)cc1F,"CHEMBL4090906",1214,Done,4.29,-3.03554,"glide_grid_1X70",-5.52454,-1.22677,-0.402255,-0,-1.44511,-34.614,-7.64469,0.454648,-0.027654,-54.9319,-42.2587,5.58612
CCOc1cccc(-c2nnc3n2[C@@H]2CCN(C(=O)C[C@H]([NH3+])Cc4cc(F)c(F)cc4F)C[C@@H]2CC3)n1,"CHEMBL4093298",1215,Done,5.74,-8.9596,"glide_grid_1X70",-8.9685,-1.1861,-0.99159,-0,-1.53832,-37.9932,-23.1231,0.32425,-0.208619,-100.195,-61.1162,12.0596
CCOc1cccc(-c2nnc3n2[C@@H]2CCN(C(=O)C[C@H](N)Cc4cc(F)c(F)cc4F)C[C@@H]2CC3)n1,"CHEMBL4093298",1216,Done,5.18,-4.58348,"glide_grid_1X70",-7.07248,-1.07326,-0.902671,-0,-1.28131,-38.1441,-15.2004,0.464883,-0.0928674,-69.7407,-53.3445,15.3314
CC(=O)c1csc(-c2cnc(CC(C)C)c(C[NH3+])c2-c2ccc(C)cc2)n1,"CHEMBL4096274",1217,Done,5.24,-7.36176,"glide_grid_1X70",-7.54626,-1.36581,-0.527277,-0,-1.83479,-37.4409,-14.1848,0.281372,-0.1,-83.2453,-51.6257,1.89486
CC(=O)c1csc(-c2cnc(CC(C)C)c(CN)c2-c2ccc(C)cc2)n1,"CHEMBL4096274",1218,Done,4.76,-3.88715,"glide_grid_1X70",-4.66815,-1.11888,-0.304,-0,-1.18646,-32.8339,-5.47324,0.403875,0,-48.0601,-38.3071,5.22245
Cc1ccc(-c2c(/C=C/c3nc(C(=O)[O-])cs3)c(C)nc(CC(C)C)c2C[NH3+])cc1,"CHEMBL4097306",1219,Done,6.26,-6.12622,"glide_grid_1X70",-6.29452,-0.879251,-0.684073,-0,-1.27569,-30.8949,-14.1357,0.312009,-0.102408,-70.5027,-45.0307,4.86689
Cc1ccc(-c2c(/C=C/c3nc(C(=O)[O-])cs3)c(C)nc(CC(C)C)c2CN)cc1,"CHEMBL4097306",1220,Done,4.96,-3.36074,"glide_grid_1X70",-4.19334,-0.597149,-0.484609,-0,-0.84432,-30.5723,-7.90872,0.447661,0,-45.0369,-38.481,12.1344
Cc1ccc(-c2c(CCc3nc(C(=O)[O-])cs3)c(C)nc(CC(C)C)c2C[NH3+])cc1,"CHEMBL4098218",1221,Done,7.33,-7.13337,"glide_grid_1X70",-7.31837,-1.38275,-0.749286,-0,-1.41317,-36.8309,-14.7886,0.386661,-0.1,-82.2689,-51.6194,10.9365
Cc1ccc(-c2c(CCc3nc(C(=O)[O-])cs3)c(C)nc(CC(C)C)c2CN)cc1,"CHEMBL4098218",1222,Done,6.32,-2.86148,"glide_grid_1X70",-3.73968,-0.930394,-0.368849,-0,-0.718028,-32.8539,-4.22281,0.554759,-0.00104624,-45.6775,-37.0767,3.08931
Cc1ccc(-c2c(CCc3nc(C(=O)[O-])cs3)c(C)[nH+]c(CC(C)C)c2CN)cc1,"CHEMBL4098218",1223,Done,7.27,-3.25902,"glide_grid_1X70",-5.15902,-1.35135,-0.456,-0,-0.901154,-34.0203,-8.65819,0.552373,-0.00314678,-58.2195,-42.6785,8.66698
Cc1ccc(-c2c(C[NH3+])c(CC(C)C)nc3ccc(OCCCCC(=O)[O-])cc23)cc1,"CHEMBL4098936",1224,Done,7.72,-6.83819,"glide_grid_1X70",-7.00199,-0.971769,-0.53287,-0,-1.61848,-35.5336,-17.0039,0.548395,-0.1,-83.0961,-52.5375,11.0985
Cc1ccc(-c2c(CN)c(CC(C)C)nc3ccc(OCCCCC(=O)[O-])cc23)cc1,"CHEMBL4098936",1225,Done,9.05,-2.3975,"glide_grid_1X70",-3.2825,-0.450366,-0.545881,-0,-0.607076,-26.4293,-7.52471,0.786827,-0.0158317,-43.4538,-33.954,2.65769
Cc1ccc(-c2c(CN)c(CC(C)C)[nH+]c3ccc(OCCCCC(=O)[O-])cc23)cc1,"CHEMBL4098936",1226,Done,8.8,-2.42748,"glide_grid_1X70",-4.84058,-0.947816,-0.303811,-0,-1.1092,-34.7874,-10.0736,0.783421,-0.012764,-60.2527,-44.861,6.4255
Cc1ccc(-c2c(C[NH3+])c(CC(C)C)nc(C)c2C(=O)OCc2ccc(C(=O)[O-])cc2)cc1,"CHEMBL4100667",1227,Done,6.23,-5.8894,"glide_grid_1X70",-6.0612,-0.967637,-0.714426,-0,-1.10928,-33.8487,-12.5951,0.421635,-0.109792,-74.4913,-46.4438,2.16682
Cc1ccc(-c2c(CN)c(CC(C)C)nc(C)c2C(=O)OCc2ccc(C(=O)[O-])cc2)cc1,"CHEMBL4100667",1228,Done,5.84,-3.11531,"glide_grid_1X70",-3.93531,-0.83565,-0.456,-0,-0.670892,-35.2388,-5.29789,0.604813,-0.0209611,-49.2947,-40.5367,9.57075
Cc1ccc(S(=O)(=O)N=[S@@](C)(=O)n2cc3c(n2)C[N@@H+]([C@H]2CO[C@H](c4cc(F)ccc4F)[C@@H]([NH3+])C2)C3)cc1,"CHEMBL4106669",1229,Done,3.69,-8.7335,"glide_grid_1X70",-8.8126,-0.981772,-0.816887,-0,-1.45674,-30.8679,-29.2929,0.186104,-0.199911,-103.733,-60.1607,4.86282
Cc1ccc(S(=O)(=O)N=[S@@](C)(=O)n2cc3c(n2)C[N@@H+]([C@H]2CO[C@H](c4cc(F)ccc4F)[C@@H](N)C2)C3)cc1,"CHEMBL4106669",1230,Done,3.7,-5.1996,"glide_grid_1X70",-6.5617,-1.30535,-0.417932,-0,-0.89804,-37.0319,-15.2068,0.268128,-0.0758939,-69.2237,-52.2387,7.67664
Cc1ccc(S(=O)(=O)N=[S@@](C)(=O)n2cc3c(n2)CN([C@H]2CO[C@H](c4cc(F)ccc4F)[C@@H]([NH3+])C2)C3)cc1,"CHEMBL4106669",1231,Done,3.05,-4.91119,"glide_grid_1X70",-7.10689,-1.4228,-0.493017,-0,-1.08472,-41.2061,-14.1488,0.18769,-0.111416,-82.7967,-55.3549,10.0404
N#Cc1ccc(F)cc1Cn1c(N2CCC[C@@H]([NH3+])C2)nc2c(Br)c(Br)[nH]c2c1=O,"CHEMBL4161474",1232,Done,2.38,-5.79549,"glide_grid_1X70",-5.79799,-0.457408,-0.593179,-0,-0.661793,-27.9708,-17.3528,0.156694,-0.240846,-66.9379,-45.3236,3.08892
CS(=O)(=O)c1ccc(-c2c[nH]c3c(=O)n(Cc4cc(F)ccc4C#N)c(N4CCC[C@@H]([NH3+])C4)nc23)c(F)c1,"CHEMBL4162971",1234,Done,3.25,-3.58462,"glide_grid_1X70",-3.58712,-0.195799,-0.348448,-0,-0.225,-25.5059,-10.6531,0.283974,-0.228584,-48.6487,-36.159,4.35501
CS(=O)(=O)c1cccc(-c2c[nH]c3c(=O)n(Cc4cc(F)ccc4C#N)c(N4CCC[C@@H]([NH3+])C4)nc23)c1,"CHEMBL4169845",1236,Done,4.78,-5.50183,"glide_grid_1X70",-5.50433,-0.735605,-0.4,-0,-0.245824,-36.6463,-15.7194,0.302271,-0.234943,-76.6389,-52.3657,3.87281
N#Cc1ccc(F)cc1Cn1c(N2CCC[C@@H]([NH3+])C2)nc2c(-c3ccc(S(N)(=O)=O)cc3)c[nH]c2c1=O,"CHEMBL4173272",1237,Done,4.8,-2.5875,"glide_grid_1X70",-2.5875,-0.276551,-0.469544,-0,2.15723,-31.2631,-16.0177,0.301221,-0.334049,-47.4508,-47.2808,2.95162
CS(=O)(=O)c1ccc(-c2c[nH]c3c(=O)n(Cc4cc(F)ccc4C#N)c(N4CCC[C@@H]([NH3+])C4)nc23)cc1,"CHEMBL4175111",1239,Done,3.14,-5.1657,"glide_grid_1X70",-5.1682,-0.42389,-0.4,-0,-0.699054,-29.1829,-14.362,0.21159,-0.243409,-63.6411,-43.5449,2.64538
Cc1csc(N[C@@H]2c3cc(I)ccc3N=C(c3ccccc3)N2/N=C/c2cccc([N+](=O)[O-])c2)[nH+]1,"CHEMBL4238698",1242,Done,4.43,-3.55916,"glide_grid_1X70",-5.93556,-1.3139,-0.254175,-0,-0.747925,-41.968,-9.283,0.1829,-0.31161,-60.4497,-51.251,19.9442
CC#CCn1c(N2CCC[C@@H]([NH3+])C2)cc(=O)n(Cc2cn(CCC(=O)OC)nn2)c1=O,"CHEMBL4242416",1245,Done,6.26,-5.36885,"glide_grid_1X70",-5.37535,-0.144151,-0.85836,-0,-1.10812,-24.3077,-16.8113,0.600801,-0.128432,-61.7014,-41.1191,2.3566
CC#CCn1c(N2CCC[C@@H](N)C2)cc(=O)n(Cc2cn(CCC(=O)OC)nn2)c1=O,"CHEMBL4242416",1246,Done,6.3,-0.168585,"glide_grid_1X70",-2.84928,-0.717317,-0.304,-0,-0.677823,-32.4656,-2.32014,0.861939,-0.0407825,-41.7124,-34.7857,3.5737
CC#CCn1c(N2CCC[C@@H]([NH3+])C2)nc2c1c(=O)n(Cc1c(OC)cccc1C(=O)[O-])c(=O)n2C,"CHEMBL4458832",1253,Done,3.92,-5.63677,"glide_grid_1X70",-5.63927,-0.253632,-0.80858,-0,-0.74289,-32.1651,-15.2436,0.307405,-0.246765,-72.8825,-47.4088,0.840416
CC#CCn1c(N2CCC[C@@H]([NH3+])C2)nc2c1c(=O)n(Cc1ccc(Br)cc1C(=O)[O-])c(=O)n2C,"CHEMBL4461587",1256,Done,3.64,-4.68354,"glide_grid_1X70",-4.68604,-0.237836,-0.463009,-0,-0.562678,-26.8203,-14.2029,0.257362,-0.208431,-63.1858,-41.0232,1.64764
CC#CCn1c(N2CCC[C@@H]([NH3+])C2)nc2c1c(=O)n(Cc1cc(C#N)ccc1C(=O)[O-])c(=O)n2C,"CHEMBL4464069",1257,Done,4.1,-5.98999,"glide_grid_1X70",-5.99249,-0.540552,-0.3882,-0,-1.06395,-29.7114,-18.7784,0.447652,-0.145114,-76.063,-48.4898,0.86841
O=C(CCCCO)N[C@@H](CC(=O)N1CCn2c(nnc2C(F)(F)F)C1)Cc1cc(F)c(F)cc1F,"CHEMBL4464592",1258,Done,15.78,1.32948,"glide_grid_1X70",1.32948,-0.0116622,-0.00460722,-0,1.48558,-16.9991,0.0307959,0.794867,-0.0893648,-3.31489,-16.9683,9.77997
Cc1nc(C[n+]2c3n(c4nc(N5CCC[C@@H]([NH3+])C5)n(CC(=O)C5CC5)c4c2=O)CCN3)nc2ccccc12,"CHEMBL4464819",1259,Done,5.44,-5.88809,"glide_grid_1X70",-5.88809,-0.489049,-0.420191,-0,-0.648096,-33.7996,-17.9761,0.324182,-0.26855,-74.3121,-51.7757,5.7601
CC#CCn1c(N2CCC[C@@H]([NH3+])C2)nc2c1c(=O)n(Cc1ccc(Br)cc1C(=O)OC)c(=O)n2C,"CHEMBL4465374",1260,Done,3.81,-5.23599,"glide_grid_1X70",-5.23849,-0.0717398,-0.715768,-0,-0.684367,-32.0104,-14.6222,0.293299,-0.266069,-67.6837,-46.6326,1.29124
CC#CCn1c(N2CCC[C@@H]([NH3+])C2)nc2c1c(=O)n(Cc1ccc(Cl)cc1C(=O)OCC)c(=O)n2C,"CHEMBL4468590",1261,Done,5.48,-6.56434,"glide_grid_1X70",-6.56684,-0.949411,-0.384963,-0,-1.12393,-35.2987,-16.751,0.380397,-0.211349,-77.8673,-52.0497,6.12818
O=C(CCCCCO)N[C@@H](CC(=O)N1CCn2c(nnc2C(F)(F)F)C1)Cc1cc(F)c(F)cc1F,"CHEMBL4516388",1262,Done,16.86,-4.01771,"glide_grid_1X70",-4.01771,-0.912774,-0.440209,-0,-0.100664,-35.9606,-8.25632,0.831631,-0.359216,-52.5078,-44.2169,9.61963
CC#CCn1c(N2CCC[C@@H]([NH3+])C2)nc2c1c(=O)n(Cc1ccc(Br)cc1C(=O)OCC)c(=O)n2C,"CHEMBL4528149",1264,Done,5.53,-5.62976,"glide_grid_1X70",-5.63226,-0.881036,-0.348516,-0,-0.604555,-34.7669,-15.3597,0.388516,-0.144359,-71.3809,-50.1267,5.45669
CC[C@H](C)[C@H](NC(=O)[C@H](CC(C)C)NC(=O)[C@@H]1CCCN1C(=O)[C@H](CC(C)C)NC(=O)[C@@H]1CCCN1C(=O)[C@@H](NC(=O)C[NH3+])[C@@H](C)CC)C(=O)[O-],"CHEMBL4535549",1265,Done,60.81,-6.42982,"glide_grid_1X70",-6.74602,-0.890542,-0.765932,-0,-0.655718,-37.9192,-17.7028,0.420864,-0.303307,-78.8219,-55.622,20.7188
CC[C@H](C)[C@H](NC(=O)[C@H](CC(C)C)NC(=O)[C@@H]1CCCN1C(=O)[C@H](CC(C)C)NC(=O)[C@@H]1CCCN1C(=O)[C@@H](NC(=O)CN)[C@@H](C)CC)C(=O)[O-],"CHEMBL4535549",1266,Done,56.61,-3.8577,"glide_grid_1X70",-4.3808,-0.750801,-0.819257,-0,-0.019733,-23.1688,-13.5737,0.603648,-0.200168,-43.2674,-36.7425,14.1554
CC#CCn1c(N2CCC[C@@H]([NH3+])C2)nc2c1c(=O)n(Cc1cc(Br)ccc1C(=O)[O-])c(=O)n2C,"CHEMBL4536341",1267,Done,3.42,-5.57716,"glide_grid_1X70",-5.57966,-0.939964,-0.4,-0,-0.676035,-36.9968,-12.1238,0.257362,-0.152611,-73.7887,-49.1206,1.63385
CC#CCn1c(N2CCC[C@@H]([NH3+])C2)nc2c1c(=O)n(Cc1c(Br)cccc1C(=O)[O-])c(=O)n2C,"CHEMBL4544024",1268,Done,3.52,-4.99782,"glide_grid_1X70",-5.00032,-0.276643,-0.600386,-0,-0.53,-27.9672,-14.5995,0.257362,-0.262376,-61.4373,-42.5666,5.8439
Cc1nc(C[n+]2c3n(c4nc(N5CCC[C@@H]([NH3+])C5)n(Cc5cc(F)cs5)c4c2=O)CCN3)nc2ccccc12,"CHEMBL4563476",1269,Done,4.08,-7.7058,"glide_grid_1X70",-7.7118,-1.22413,-0.580985,-0,-1.28246,-39.7242,-17.6395,0.241762,-0.233855,-90.5234,-57.3637,1.52462
Cc1nc(CN2C(=O)c3c(nc(N4CCC[C@@H]([NH3+])C4)n3Cc3cc(F)cs3)N3CCN=C23)nc2ccccc12,"CHEMBL4563476",1270,Done,3.52,-2.49061,"glide_grid_1X70",-5.21121,-0.179752,-0.47245,-0,-0.597918,-35.6466,-14.4316,0.242586,-0.256603,-70.7254,-50.0782,1.55742
CC#CCn1c(N2CCC[C@@H]([NH3+])C2)nc2c1c(=O)n(Cc1cc(OC)ccc1C(=O)[O-])c(=O)n2C,"CHEMBL4588692",1272,Done,5.47,-5.5783,"glide_grid_1X70",-5.5808,-0.487748,-0.451321,-0,-0.767079,-32.138,-17.0291,0.439151,-0.152536,-71.593,-49.1671,6.68143
[NH3+][C@H]1C[C@@H](N2Cc3cn(S(=O)(=O)C4CCCC4)nc3C2)[C@@H](C(F)(F)F)O[C@@H]1c1cc(F)ccc1F,"CHEMBL4634474",1274,Done,4.67,-7.62046,"glide_grid_1X70",-7.70436,-1.18804,-0.565179,-0,-1.56191,-44.5564,-14.172,0.211637,-0.247241,-96.3685,-58.7285,0.673095
N[C@H]1C[C@@H](N2Cc3cn(S(=O)(=O)C4CCCC4)nc3C2)[C@@H](C(F)(F)F)O[C@@H]1c1cc(F)ccc1F,"CHEMBL4634474",1276,Done,4.38,-2.12944,"glide_grid_1X70",-4.02544,-0.406962,-0.664952,-0,-0.372085,-30.3901,-8.30853,0.303415,-0.119071,-42.2976,-38.6986,15.3499
N[C@H]1C[C@@H]([N@H+]2Cc3cn(S(=O)(=O)C4CCCC4)nc3C2)[C@@H](C(F)(F)F)O[C@@H]1c1cc(F)ccc1F,"CHEMBL4634474",1277,Done,4.78,-0.205565,"glide_grid_1X70",-2.74286,-0.358329,-0.308368,-0,-0.183828,-23.6558,-5.92548,0.302338,-0.123062,-36.1402,-29.5813,3.89533
CC#CCn1c(N2CCC[C@@H]([NH3+])C2)nc2c1c(=O)n(CCCN1CCN(c3nc(-c4ccccc4)cs3)CC1)c(=O)n2C,"CHEMBL4740282",1280,Done,5.67,-5.97319,"glide_grid_1X70",-6.14819,-0.574591,-0.477947,-0,-0.832333,-38.1441,-16.7619,0.281148,-0.122985,-76.7569,-54.9059,13.1606
CC#CCn1c(N2CCC[C@@H]([NH3+])C2)nc2c1c(=O)n(CCC[NH+]1CCN(c3nc(-c4ccccc4)cs3)CC1)c(=O)n2C,"CHEMBL4740282",1281,Done,5.63,-5.29429,"glide_grid_1X70",-6.14329,-0.664454,-0.4,-0,-0.718677,-36.961,-17.7817,0.279463,-0.124318,-75.5063,-54.7427,12.4582
CC#CCn1c(N2CCC[C@@H]([NH3+])C2)nc2c1c(=O)n(CCCN1CCN(c3[nH+]c(-c4ccccc4)cs3)CC1)c(=O)n2C,"CHEMBL4740282",1282,Done,5.95,-3.8836,"glide_grid_1X70",-6.2934,-0.914844,-0.386718,-0,-0.53,-34.3639,-19.2291,0.279463,-0.13875,-79.6335,-53.593,9.78238
CC#CCn1c(N2CCC[C@@H]([NH3+])C2)nc2c1c(=O)n(CCCN1CCN(c3nc(-c4ccccc4)n[nH]3)CC1)c(=O)n2C,"CHEMBL4742337",1283,Done,5.64,-5.56616,"glide_grid_1X70",-5.83286,-0.564614,-0.69565,-0,-0.71596,-33.7064,-15.6603,0.309277,-0.13156,-71.3523,-49.3666,5.27202
CC#CCn1c(N2CCC[C@@H]([NH3+])C2)nc2c1c(=O)n(CCC[NH+]1CCN(c3nc(-c4ccccc4)n[nH]3)CC1)c(=O)n2C,"CHEMBL4742337",1284,Done,5.6,-5.54302,"glide_grid_1X70",-6.44292,-0.219939,-0.742946,-0,-0.802054,-32.1946,-21.3356,0.307439,-0.175347,-79.1961,-53.5302,3.56545
CC#CCn1c(N2CCC[C@@H]([NH3+])C2)nc2c1c(=O)n(CCCN1CCN(c3n[nH]c(-c4ccccc4)n3)CC1)c(=O)n2C,"CHEMBL4742337",1285,Done,7.73,-5.47612,"glide_grid_1X70",-6.82202,-1.42813,-0.56196,-0,-0.867092,-42.5502,-13.2806,0.309277,-0.154529,-72.1602,-55.8307,26.3532
CC#CCn1c(N2CCC[C@@H]([NH3+])C2)nc2c1c(=O)n(CCC[NH+]1CCN(c3n[nH]c(-c4ccccc4)n3)CC1)c(=O)n2C,"CHEMBL4742337",1286,Done,5.63,-4.48675,"glide_grid_1X70",-6.39755,-0.512382,-0.602378,-0,-0.663582,-41.3889,-16.6519,0.307439,-0.35942,-84.7253,-58.0408,6.95831
CC#CCn1c(N2CCC[C@@H]([NH3+])C2)nc2c1c(=O)n(CCC[NH+]1CCC(c3nc(-c4ccccc4)cs3)CC1)c(=O)n2C,"CHEMBL4743350",1287,Done,5.55,-5.23606,"glide_grid_1X70",-5.25526,-0.714014,-0.184648,-0,-0.531592,-39.518,-13.1489,0.281115,-0.157891,-71.8821,-52.6669,7.64386
CC#CCn1c(N2CCC[C@@H]([NH3+])C2)nc2c1c(=O)n(CCCN1CCC(c3nc(-c4ccccc4)cs3)CC1)c(=O)n2C,"CHEMBL4743350",1288,Done,6.25,-3.52864,"glide_grid_1X70",-5.56884,-0.360471,-0.460841,-0,-0.580607,-38.6268,-16.8956,0.404012,-0.105256,-76.2332,-55.5224,8.94799
CC#CCn1c(N2CCC[C@@H]([NH3+])C2)nc2c1c(=O)n(CCC[NH+]1CCC(c3nc(-c4ccccc4)c[nH]3)CC1)c(=O)n2C,"CHEMBL4744389",1289,Done,7.73,-5.04618,"glide_grid_1X70",-5.47228,-0.577798,-0.399196,-0,-0.33442,-39.5768,-15.54,0.444361,-0.295388,-76.686,-55.1168,7.2355
CC#CCn1c(N2CCC[C@@H]([NH3+])C2)nc2c1c(=O)n(CCC[NH+]1CCC(c3ncc(-c4ccccc4)[nH]3)CC1)c(=O)n2C,"CHEMBL4744389",1290,Done,6.24,-5.89441,"glide_grid_1X70",-6.34961,-0.739376,-0.367389,-0,-0.808648,-36.4311,-18.6933,0.311053,-0.119691,-79.3638,-55.1245,11.8304
CC#CCn1c(N2CCC[C@@H]([NH3+])C2)nc2c1c(=O)n(CCC[NH+]1CCC(c3[nH]cc(-c4ccccc4)[nH+]3)CC1)c(=O)n2C,"CHEMBL4744389",1291,Done,5.48,-5.10646,"glide_grid_1X70",-7.25216,-0.977979,-0.513859,-0,-0.557042,-40.035,-21.3027,0.309204,-0.31533,-97.6786,-61.3377,8.21763
CC#CCn1c(N2CCC[C@@H]([NH3+])C2)nc2c1c(=O)n(CCCN1CCN(c3ncc(CC)cn3)CC1)c(=O)n2C,"CHEMBL4745258",1292,Done,6.11,-4.73101,"glide_grid_1X70",-4.92091,-0.261108,-0.470162,-0,-0.567191,-31.8021,-16.3923,0.548821,-0.12233,-65.1698,-48.1944,8.22946
CC#CCn1c(N2CCC[C@@H]([NH3+])C2)nc2c1c(=O)n(CCC[NH+]1CCN(c3ncc(CC)cn3)CC1)c(=O)n2C,"CHEMBL4745258",1293,Done,5.92,-5.48482,"glide_grid_1X70",-6.25132,-0.885051,-0.467197,-0,-0.55357,-34.8878,-18.5151,0.334349,-0.158197,-78.9048,-53.4029,8.18083
[NH3+][C@H]1C[C@@H]([N@@H+]2Cc3cn(S(=O)(=O)[N-]C(=O)c4ccccc4)nc3C2)CO[C@@H]1c1cc(F)ccc1F,"CHEMBL4746458",1294,Done,3.46,-8.685,"glide_grid_1X70",-8.7896,-1.07098,-0.745563,-0,-1.19575,-39.2682,-25.2247,0.281144,-0.311344,-112.858,-64.4929,2.40184
[NH3+][C@H]1C[C@@H](N2Cc3cn(S(=O)(=O)[N-]C(=O)c4ccccc4)nc3C2)CO[C@@H]1c1cc(F)ccc1F,"CHEMBL4746458",1296,Done,4,-6.53504,"glide_grid_1X70",-8.14754,-1.06057,-0.789019,-0,-1.2695,-40.1493,-20.1714,0.282177,-0.277457,-101.522,-60.3207,1.45392
CC#CCn1c(N2CCC[C@@H]([NH3+])C2)nc2c1c(=O)n(CCCN1CCN(c3ncc(F)cn3)CC1)c(=O)n2C,"CHEMBL4749117",1297,Done,6.22,-5.76112,"glide_grid_1X70",-5.95352,-0.682946,-0.818444,-0,-0.226745,-35.1932,-18.3983,0.56785,-0.273828,-71.3589,-53.5915,14.6397
CC#CCn1c(N2CCC[C@@H]([NH3+])C2)nc2c1c(=O)n(CCC[NH+]1CCN(c3ncc(F)cn3)CC1)c(=O)n2C,"CHEMBL4749117",1298,Done,5.34,-5.95487,"glide_grid_1X70",-6.72377,-0.561492,-0.498041,-0,-0.792512,-42.1844,-18.6509,0.39613,-0.361002,-87.3967,-60.8353,16.0495
CC#CCn1c(N2CCC[C@@H]([NH3+])C2)nc2c1c(=O)n(CCC[NH+]1CCC(c3ncc(-c4ccccc4)o3)CC1)c(=O)n2C,"CHEMBL4750433",1299,Done,6.01,-5.90384,"glide_grid_1X70",-5.91064,-0.623877,-0.53147,-0,-0.585407,-33.1606,-17.938,0.309247,-0.130406,-76.3174,-51.0985,5.36908
CC#CCn1c(N2CCC[C@@H]([NH3+])C2)nc2c1c(=O)n(CCCN1CCC(c3ncc(-c4ccccc4)o3)CC1)c(=O)n2C,"CHEMBL4750433",1300,Done,5.88,-2.85556,"glide_grid_1X70",-5.50936,-0.844815,-0.545877,-0,-0.339814,-37.8392,-14.4464,0.444422,-0.164355,-73.9361,-52.2856,6.02029
CC#CCn1c(N2CCC[C@@H]([NH3+])C2)nc2c1c(=O)n(CCCN1CCN(c3ncc(C(F)(F)F)cn3)CC1)c(=O)n2C,"CHEMBL4751384",1301,Done,8.73,-5.27788,"glide_grid_1X70",-5.47028,-0.205466,-0.483923,-0,-0.800744,-32.7189,-15.7177,0.373994,-0.360541,-68.479,-48.4367,3.75251
CC#CCn1c(N2CCC[C@@H]([NH3+])C2)nc2c1c(=O)n(CCC[NH+]1CCN(c3ncc(C(F)(F)F)cn3)CC1)c(=O)n2C,"CHEMBL4751384",1302,Done,7.84,-5.51401,"glide_grid_1X70",-6.28291,-0.131481,-0.601535,-0,-0.936018,-37.0268,-18.739,0.26012,-0.211806,-83.6325,-55.7658,6.78983
CC#CCn1c(N2CCC[C@@H]([NH3+])C2)nc2c1c(=O)n(CCC[NH+]1CCC(c3nc(-c4ccccc4)no3)CC1)c(=O)n2C,"CHEMBL4761281",1303,Done,6.42,-5.95436,"glide_grid_1X70",-5.97806,-0.414815,-0.424647,-0,-0.619016,-28.4298,-21.0101,0.307445,-0.254022,-71.6628,-49.4399,7.88701
CC#CCn1c(N2CCC[C@@H]([NH3+])C2)nc2c1c(=O)n(CCCN1CCC(c3nc(-c4ccccc4)no3)CC1)c(=O)n2C,"CHEMBL4761281",1304,Done,6.1,-3.0768,"glide_grid_1X70",-4.9963,-0.94455,-0.4,-0,-0.350776,-41.4566,-9.88678,0.441833,-0.186957,-67.6367,-51.3434,11.0488
CC#CCn1c(N2CCC[C@@H]([NH3+])C2)nc2c1c(=O)n(CCC[NH+]1CCC(n3cc(-c4ccccc4)nn3)CC1)c(=O)n2C,"CHEMBL4762199",1305,Done,4.34,-6.67659,"glide_grid_1X70",-6.75609,-1.27185,-0.298736,-0,-0.576641,-39.9464,-17.2937,0.309241,-0.326721,-84.343,-57.2402,6.68718
CC#CCn1c(N2CCC[C@@H]([NH3+])C2)nc2c1c(=O)n(CCCN1CCC(n3cc(-c4ccccc4)nn3)CC1)c(=O)n2C,"CHEMBL4762199",1306,Done,7.96,-3.51659,"glide_grid_1X70",-4.76609,-0.111064,-0.378435,-0,-0.531411,-35.5985,-13.9116,0.311089,-0.189604,-66.8955,-49.5101,7.95661
CC#CCn1c(N2CCC[C@@H]([NH3+])C2)nc2c1c(=O)n(CCCN1CCN(c3ncc(OC)cn3)CC1)c(=O)n2C,"CHEMBL4764779",1307,Done,7.42,-5.61807,"glide_grid_1X70",-5.81047,-0.315454,-0.636664,-0,-0.755764,-31.0454,-18.3954,0.332349,-0.12335,-68.7318,-49.4408,10.1877
CC#CCn1c(N2CCC[C@@H]([NH3+])C2)nc2c1c(=O)n(CCC[NH+]1CCN(c3ncc(OC)cn3)CC1)c(=O)n2C,"CHEMBL4764779",1308,Done,8.09,-5.34452,"glide_grid_1X70",-6.11342,-0.300774,-0.632082,-0,-0.728679,-30.5856,-20.8647,0.330272,-0.123179,-76.0768,-51.4502,11.5372
CC#CCn1c(N2CCC[C@@H]([NH3+])C2)nc2c1c(=O)n(CCCN1CCN(c3ncc(CCC)cn3)CC1)c(=O)n2C,"CHEMBL4776485",1309,Done,7.11,-4.70743,"glide_grid_1X70",-4.89733,-0.795587,-0.395831,-0,-0.60805,-31.3514,-11.6789,0.354123,-0.132577,-60.1495,-43.0303,3.39936
CC#CCn1c(N2CCC[C@@H]([NH3+])C2)nc2c1c(=O)n(CCC[NH+]1CCN(c3ncc(CCC)cn3)CC1)c(=O)n2C,"CHEMBL4776485",1310,Done,9.42,-5.44344,"glide_grid_1X70",-6.20994,-0.39063,-0.723287,-0,-0.534952,-30.8913,-21.3116,0.352034,-0.171793,-74.2814,-52.2029,9.5947
C[S@@](=O)(=NS(=O)(=O)c1ccccc1)n1cc2c(n1)C[N@@H+]([C@H]1CO[C@H](c3cc(F)ccc3F)[C@@H]([NH3+])C1)C2,"CHEMBL4776573",1311,Done,4.07,-9.6828,"glide_grid_1X70",-9.7619,-1.60898,-0.862664,-0,-1.46404,-37.736,-27.2164,0.198753,-0.138167,-116.487,-64.9524,1.49509
CC#CCn1c(N2CCC[C@@H]([NH3+])C2)nc2c1c(=O)n(CCCN1CCN(c3noc(-c4ccccc4)n3)CC1)c(=O)n2C,"CHEMBL4782382",1314,Done,6.03,-6.35607,"glide_grid_1X70",-6.48867,-0.7552,-0.681761,-0,-0.53,-40.7658,-15.5289,0.307481,-0.461558,-75.579,-56.2948,20.2124
CC#CCn1c(N2CCC[C@@H]([NH3+])C2)nc2c1c(=O)n(CCC[NH+]1CCN(c3noc(-c4ccccc4)n3)CC1)c(=O)n2C,"CHEMBL4782382",1315,Done,5.34,-5.60029,"glide_grid_1X70",-6.56459,-0.699358,-0.55546,-0,-0.64122,-41.0555,-17.0241,0.305653,-0.367818,-86.2136,-58.0796,6.87106
CC#CCn1c(N2CCC[C@@H]([NH3+])C2)nc2c1c(=O)n(CCC[NH+]1CCC(c3cc(-c4ccccc4)on3)CC1)c(=O)n2C,"CHEMBL4783756",1316,Done,3.78,-6.1886,"glide_grid_1X70",-6.2123,-0.748788,-0.552363,-0,-0.665659,-40.259,-15.2171,0.309247,-0.259217,-79.0526,-55.4761,5.82757
CC#CCn1c(N2CCC[C@@H]([NH3+])C2)nc2c1c(=O)n(CCCN1CCC(c3cc(-c4ccccc4)on3)CC1)c(=O)n2C,"CHEMBL4783756",1317,Done,5.5,-3.95851,"glide_grid_1X70",-5.87801,-0.405443,-0.426236,-0,-0.614974,-33.3627,-19.9529,0.444422,-0.214711,-75.7117,-53.3156,8.19258
CC#CCn1c(N2CCC[C@@H]([NH3+])C2)nc2c1c(=O)n(CCCN1CCN(c3nc(-c4ccccc4)no3)CC1)c(=O)n2C,"CHEMBL4784857",1318,Done,5.37,-5.69162,"glide_grid_1X70",-5.82422,-0.245766,-0.410074,-0,-0.959797,-35.1365,-16.9096,0.307481,-0.222808,-73.331,-52.046,5.98339
CC#CCn1c(N2CCC[C@@H]([NH3+])C2)nc2c1c(=O)n(CCC[NH+]1CCN(c3nc(-c4ccccc4)no3)CC1)c(=O)n2C,"CHEMBL4784857",1319,Done,5.75,-6.52726,"glide_grid_1X70",-7.49156,-0.786088,-0.657039,-0,-1.08241,-40.8413,-19.4719,0.305653,-0.308823,-91.4219,-60.3132,16.796
CC#CCn1c(N2CCC[C@@H]([NH3+])C2)nc2c1c(=O)n(CCCN1CCN(c3ncc(C)cn3)CC1)c(=O)n2C,"CHEMBL4785060",1320,Done,6.05,-5.28955,"glide_grid_1X70",-5.47945,-0.6607,-0.78791,-0,-0.225636,-34.7694,-16.4329,0.575619,-0.177422,-70.7099,-51.2023,11.3138
CC#CCn1c(N2CCC[C@@H]([NH3+])C2)nc2c1c(=O)n(CCC[NH+]1CCN(c3ncc(C)cn3)CC1)c(=O)n2C,"CHEMBL4785060",1321,Done,7.13,-4.81224,"glide_grid_1X70",-5.57874,-0.162499,-0.59631,-0,-0.542369,-27.6346,-20.7008,0.40154,-0.192247,-67.4064,-48.3355,9.55251
CC#CCn1c(N2CCC[C@@H]([NH3+])C2)nc2c1c(=O)n(CCCN1CCN(c3nc(-c4ccccc4)ns3)CC1)c(=O)n2C,"CHEMBL4795875",1322,Done,5.69,-5.25006,"glide_grid_1X70",-5.41726,-0.827859,-0.373487,-0,-0.603099,-34.5482,-13.5912,0.279496,-0.126211,-66.6235,-48.1395,7.97407
CC#CCn1c(N2CCC[C@@H]([NH3+])C2)nc2c1c(=O)n(CCC[NH+]1CCN(c3nc(-c4ccccc4)ns3)CC1)c(=O)n2C,"CHEMBL4795875",1323,Done,7.77,-5.26311,"glide_grid_1X70",-6.10441,-0.381048,-0.561141,-0,-0.552379,-34.2824,-19.9711,0.27782,-0.17789,-80.9735,-54.2534,5.85722
CC#CCn1c(N2CCC[C@@H]([NH3+])C2)nc2c1c(=O)n(CCC[NH+]1CCC(c3nnnn3-c3ccccc3)CC1)c(=O)n2C,"CHEMBL4796411",1324,Done,6.23,-6.64152,"glide_grid_1X70",-6.67002,-0.941972,-0.558411,-0,-0.657804,-35.9152,-18.928,0.307439,-0.184308,-83.439,-54.8433,6.79914
CC#CCn1c(N2CCC[C@@H]([NH3+])C2)nc2c1c(=O)n(CCCN1CCC(c3nnnn3-c3ccccc3)CC1)c(=O)n2C,"CHEMBL4796411",1325,Done,6.37,-3.5675,"glide_grid_1X70",-5.3785,-0.649499,-0.376186,-0,-0.228944,-39.2146,-14.0749,0.441825,-0.493732,-68.9357,-53.2895,12.4159
CC#CCn1c(N2CCC[C@@H]([NH3+])C2)nc2c1c(=O)n(CCCN1CCN(c3cc(C)nn3-c3ccccc3)CC1)c(=O)n2C,"CHEMBL4799779",1326,Done,5.82,-5.11657,"glide_grid_1X70",-5.42587,-0.476148,-0.479259,-0,-0.601025,-34.0492,-15.3312,0.28626,-0.153565,-68.2974,-49.3804,11.5206
CC#CCn1c(N2CCC[C@@H]([NH3+])C2)nc2c1c(=O)n(CCC[NH+]1CCN(c3cc(C)nn3-c3ccccc3)CC1)c(=O)n2C,"CHEMBL4799779",1327,Done,6.33,-5.33576,"glide_grid_1X70",-5.86886,-0.348032,-0.446403,-0,-0.489591,-29.1471,-22.7665,0.406496,-0.119007,-72.4779,-51.9135,10.103
CC#CCn1c(N2CCC[C@@H]([NH3+])C2)cc(=O)n(Cc2cccc(C(=O)N3CCC[C@@H]3C(=O)OC)c2)c1=O,"CHEMBL4867117",1328,Done,6.51,-6.22898,"glide_grid_1X70",-6.23548,-0.303232,-1.31807,-0,-0.575707,-26.7182,-19.8645,0.443264,-0.166149,-72.8126,-46.5827,1.73663
CC#CCn1c(N2CCC[C@@H](N)C2)cc(=O)n(Cc2cccc(C(=O)N3CCC[C@@H]3C(=O)OC)c2)c1=O,"CHEMBL4867117",1329,Done,6.92,-1.27162,"glide_grid_1X70",-3.95232,-0.23577,-1.05822,-0,-0.170164,-28.9038,-10.1243,0.635544,-0.159874,-49.0042,-39.0281,3.71181
NS(=O)(=O)c1cc(C(=O)NC[C@@H]2CCCN2C(=O)C[C@H]([NH3+])[C@H]2CCc3cc(F)c(F)cc32)ccc1F,"CHEMBL5265910",1334,Done,6.42,-4.45125,"glide_grid_1X70",-4.46635,-1.06209,-0.376549,-0,0.000753864,-29.1915,-11.2002,0.521634,-0.410484,-49.2583,-40.3917,9.62122
N[C@@H](CC(=O)N1CCC[C@H]1CNC(=O)c1ccc(F)c(S(N)(=O)=O)c1)[C@H]1CCc2cc(F)c(F)cc21,"CHEMBL5265910",1335,Done,7.77,-2.16992,"glide_grid_1X70",-4.74762,-1.40497,-0.717744,-0,0.293036,-38.401,-8.87122,0.523479,-0.190691,-52.6047,-47.2722,13.3207
[NH-]S(=O)(=O)c1cc(C(=O)NC[C@@H]2CCCN2C(=O)C[C@H]([NH3+])[C@H]2CCc3cc(F)c(F)cc32)ccc1F,"CHEMBL5265910",1336,Done,6.31,-0.322771,"glide_grid_1X70",-2.93237,-0.611997,-0.341831,-0,1.70528,-32.0764,-15.6045,0.523479,-0.262797,-50.1063,-47.6809,8.31297
CC(C)[C@H](Nc1ccc(CNC(=O)[C@@H]2CSCN2C(=O)C[C@H]([NH3+])Cc2cc(F)ccc2F)cc1)C(=O)[O-],"CHEMBL5267798",1337,Done,15.63,-8.06446,"glide_grid_1X70",-8.07756,-1.15502,-0.772328,-0,-1.88246,-40.9632,-16.8042,0.505482,-0.204451,-101.668,-57.7674,10.4908
CC#CCN1C(N2CCC[C@@H]([NH3+])C2)=N[C@H]2[C@H]1C(=O)N(Cc1cccnc1C#N)C(=O)N2Cc1cccnc1C#N,"CHEMBL5269668",1339,Done,4.35,-7.1973,"glide_grid_1X70",-7.2056,-0.0985044,-1.29348,-0,-0.827641,-27.5972,-24.5807,0.350236,-0.269249,-76.7656,-52.1779,8.19083
CC#CCN1C(N2CCC[C@@H](N)C2)=N[C@H]2[C@H]1C(=O)N(Cc1cccnc1C#N)C(=O)N2Cc1cccnc1C#N,"CHEMBL5269668",1340,Done,4.92,-0.741868,"glide_grid_1X70",-3.27187,-0.247375,-0.304,-0,-0.295512,-33.7946,-7.21794,0.502071,-0.154635,-49.2776,-41.0125,3.67147
NS(=O)(=O)c1cc(C(=O)NC[C@@H]2CCCN2C(=O)C[C@H]([NH3+])[C@H]2CCc3cc(F)c(F)cc32)c(F)cc1F,"CHEMBL5269746",1341,Done,7.91,-9.26238,"glide_grid_1X70",-9.27838,-1.13836,-0.810672,-0,-1.56257,-36.0418,-26.8401,0.343188,-0.307873,-102.89,-62.8819,13.8129
[NH-]S(=O)(=O)c1cc(C(=O)NC[C@@H]2CCCN2C(=O)C[C@H]([NH3+])[C@H]2CCc3cc(F)c(F)cc32)c(F)cc1F,"CHEMBL5269746",1342,Done,6.13,-6.70355,"glide_grid_1X70",-9.24205,-1.56652,-0.863702,-0,-1.84219,-36.7103,-20.9506,0.344365,-0.335905,-100.559,-57.6609,11.6328
N[C@@H](CC(=O)N1CCC[C@H]1CNC(=O)c1cc(S(N)(=O)=O)c(F)cc1F)[C@H]1CCc2cc(F)c(F)cc21,"CHEMBL5269746",1343,Done,9.84,-4.12919,"glide_grid_1X70",-6.70789,-1.41671,-0.771658,-0,-1.03261,-42.2614,-11.965,0.491951,-0.071041,-68.5792,-54.2264,16.6633
CCN(CC)S(=O)(=O)c1cc(C(=O)NC[C@@H]2CCCN2C(=O)C[C@H]([NH3+])[C@H]2CCc3cc(F)c(F)cc32)ccc1F,"CHEMBL5269884",1344,Done,10.83,-6.11018,"glide_grid_1X70",-6.11798,-0.76067,-0.741014,-0,-0.0412714,-11.6627,-27.0053,0.318623,-0.310508,-55.4404,-38.668,20.588
CCN(CC)S(=O)(=O)c1cc(C(=O)NC[C@@H]2CCCN2C(=O)C[C@H](N)[C@H]2CCc3cc(F)c(F)cc32)ccc1F,"CHEMBL5269884",1345,Done,13.54,0.337256,"glide_grid_1X70",-2.23324,-0.127055,-0.266732,-0,0.0177711,-28.0186,-5.49197,0.457891,-0.0903942,-36.3801,-33.5106,8.89032
Cn1c(=O)n(CC(=O)N2CCN(c3ncccn3)CC2)c(=O)c2sc(N)nc21,"CHEMBL5270959",1346,Done,2.73,-3.69939,"glide_grid_1X70",-3.69939,-0.0431898,-0.46715,-0,-0.661669,-24.4255,-10.7949,0.484681,-0.171563,-42.6229,-35.2204,1.1447
O=C(CNc1nc(Nc2ccc(S(=O)(=O)[N-]c3cncs3)cc2)nc(N2CCOCC2)n1)Nc1ccc(F)cc1,"CHEMBL5271401",1347,Done,7.2,-5.43073,"glide_grid_1X70",-5.43963,-1.13731,-0.614427,-0,-0.232144,-49.7059,-7.79549,0.50851,-0.30964,-74.5026,-57.5014,7.72498
CS(=O)(=O)c1cccc(C(=O)NC[C@@H]2CCCN2C(=O)C[C@H]([NH3+])[C@H]2CCc3cc(F)c(F)cc32)c1,"CHEMBL5272644",1349,Done,6.07,-7.27057,"glide_grid_1X70",-7.27837,-1.53225,-0.828659,-0,-0.221127,-38.7086,-19.7243,0.390676,-0.192923,-80.6576,-58.433,14.1835
CS(=O)(=O)c1cccc(C(=O)NC[C@@H]2CCCN2C(=O)C[C@H](N)[C@H]2CCc3cc(F)c(F)cc32)c1,"CHEMBL5272644",1350,Done,5.54,0.872648,"glide_grid_1X70",-1.69785,-0.675554,-0.312882,-0,-0.00111258,-16.1702,-1.95881,0.560151,-0.166123,-13.1219,-18.129,19.0226
CCN(CC)S(=O)(=O)c1cc(C(=O)NC[C@@H]2CCCN2C(=O)C[C@H]([NH3+])[C@H]2CCc3cc(F)c(F)cc32)c(F)cc1F,"CHEMBL5273793",1351,Done,11.7,-7.77603,"glide_grid_1X70",-7.78383,-1.70587,-0.980127,-0,-0.139686,-43.4709,-19.146,0.28641,-0.199101,-86.3987,-62.617,24.8903
CCN(CC)S(=O)(=O)c1cc(C(=O)NC[C@@H]2CCCN2C(=O)C[C@H](N)[C@H]2CCc3cc(F)c(F)cc32)c(F)cc1F,"CHEMBL5273793",1352,Done,15.64,-0.246895,"glide_grid_1X70",-2.81739,-0.32453,-0.357534,-0,-0.0140065,-25.0718,-8.27538,0.411618,-0.0380484,-38.3442,-33.3471,10.0796
CN1CCN(S(=O)(=O)c2cccc(C(=O)NC[C@@H]3CCCN3C(=O)C[C@H]([NH3+])[C@H]3CCc4cc(F)c(F)cc43)c2)CC1,"CHEMBL5275046",1353,Done,7.07,-3.84389,"glide_grid_1X70",-3.91639,-0.279919,-0.570249,-0,1.1301,-31.4467,-18.8184,0.431501,-0.232717,-54.7691,-50.2652,25.1917
C[NH+]1CCN(S(=O)(=O)c2cccc(C(=O)NC[C@@H]3CCCN3C(=O)C[C@H]([NH3+])[C@H]3CCc4cc(F)c(F)cc43)c2)CC1,"CHEMBL5275046",1354,Done,6.13,-6.5557,"glide_grid_1X70",-7.9072,-1.38967,-0.525631,-0,-1.40974,-38.2436,-18.0507,0.300252,-0.262635,-88.092,-56.2943,9.6534
CN1CCN(S(=O)(=O)c2cccc(C(=O)NC[C@@H]3CCCN3C(=O)C[C@H](N)[C@H]3CCc4cc(F)c(F)cc43)c2)CC1,"CHEMBL5275046",1355,Done,8.49,-0.204049,"glide_grid_1X70",-2.83925,-0.0886997,-0.297217,-0,-0.0624531,-28.9597,-8.37071,0.434084,-0.12137,-41.7914,-37.3304,9.99038
O=C(CNc1nc(Nc2ccc(S(=O)(=O)[N-]c3nccs3)cc2)nc(N2CCOCC2)n1)Nc1ccc(F)cc1,"CHEMBL5275453",1356,Done,6.55,-5.02257,"glide_grid_1X70",-5.25327,-0.937303,-0.424718,-0,0.128879,-46.0909,-11.7457,0.50851,-0.462235,-74.6247,-57.8367,6.94315
[NH3+][C@@H](CC(=O)N1CCC[C@H]1CNC(=O)c1cc(S(=O)(=O)N2CCCCC2)c(F)cc1F)[C@H]1CCc2cc(F)c(F)cc21,"CHEMBL5276298",1358,Done,6.91,-8.38414,"glide_grid_1X70",-8.39194,-1.65165,-0.51571,-0,-1.22871,-43.1582,-18.7486,0.266583,-0.292258,-96.5871,-61.9068,14.1067
N[C@@H](CC(=O)N1CCC[C@H]1CNC(=O)c1cc(S(=O)(=O)N2CCCCC2)c(F)cc1F)[C@H]1CCc2cc(F)c(F)cc21,"CHEMBL5276298",1359,Done,9.18,-0.87245,"glide_grid_1X70",-3.44295,-1.13656,-0.244716,-0,-0.388293,-34.4032,-2.04628,0.383141,-0.0294196,-30.523,-36.4495,33.5655
NS(=O)(=O)c1cccc(C(=O)NC[C@@H]2CCCN2C(=O)C[C@H]([NH3+])[C@H]2CCc3cc(F)c(F)cc32)c1,"CHEMBL5276657",1360,Done,9.25,-10.0486,"glide_grid_1X70",-10.0564,-1.6389,-1.13034,-0,-1.46914,-45.8132,-24.7582,0.389281,-0.202923,-117.744,-70.5714,8.97279
N[C@@H](CC(=O)N1CCC[C@H]1CNC(=O)c1cccc(S(N)(=O)=O)c1)[C@H]1CCc2cc(F)c(F)cc21,"CHEMBL5276657",1361,Done,7.35,-0.65239,"glide_grid_1X70",-3.22289,-0.20882,-0.568081,-0,0.629717,-23.8795,-13.4176,0.558148,-0.427235,-42.7428,-37.2971,7.23553
[NH3+][C@H]1C[C@@H](N2Cc3cnn(S(=O)(=O)c4ccc(C(F)(F)F)cc4)c3C2)CO[C@@H]1c1cc(F)ccc1F,"CHEMBL5276887",1362,Done,3.87,-8.13412,"glide_grid_1X70",-8.20602,-1.14458,-0.576457,-0,-1.1747,-38.5286,-22.063,0.205805,-0.280213,-97.3762,-60.5915,1.89567
[NH3+][C@H]1C[C@@H]([N@H+]2Cc3cnn(S(=O)(=O)c4ccc(C(F)(F)F)cc4)c3C2)CO[C@@H]1c1cc(F)ccc1F,"CHEMBL5276887",1363,Done,4.15,-7.13909,"glide_grid_1X70",-8.49039,-1.10306,-0.56659,-0,-1.7452,-34.3038,-22.5771,0.205086,-0.17886,-98.6469,-56.8809,1.67733
N[C@H]1C[C@@H]([N@H+]2Cc3cnn(S(=O)(=O)c4ccc(C(F)(F)F)cc4)c3C2)CO[C@@H]1c1cc(F)ccc1F,"CHEMBL5276887",1364,Done,4,-2.5769,"glide_grid_1X70",-5.1944,-0.655272,-0.511267,-0,-0.519097,-35.3008,-12.9701,0.294008,-0.0922195,-57.0937,-48.2709,14.9888
CC#CCn1c(N2CCC[C@@H]([NH3+])C2)nc2c(C)c(=O)n(Cc3nc(C)c4c(Cl)cccc4n3)c(=O)n21,"CHEMBL5278621",1367,Done,3.37,-5.22526,"glide_grid_1X70",-5.22776,-0.838115,-0.393514,-0,-0.351218,-31.7572,-15.7458,0.396622,-0.0917979,-66.8711,-47.503,3.91452
[NH3+][C@@H](CC(=O)N1CCC[C@H]1CNC(=O)c1cc(S(=O)(=O)N2CCC2)c(F)cc1F)[C@H]1CCc2cc(F)c(F)cc21,"CHEMBL5279474",1368,Done,7.71,-8.61357,"glide_grid_1X70",-8.62137,-1.46638,-0.845848,-0,-0.788685,-46.6552,-22.1116,0.31498,-0.185933,-105.407,-68.7668,11.0135
N[C@@H](CC(=O)N1CCC[C@H]1CNC(=O)c1cc(S(=O)(=O)N2CCC2)c(F)cc1F)[C@H]1CCc2cc(F)c(F)cc21,"CHEMBL5279474",1369,Done,7.41,1.05042,"glide_grid_1X70",-1.52008,-0.220523,-0.304,-0,1.44384,-27.6504,-7.56476,0.452658,-0.374832,-32.0688,-35.2151,8.37089
CC#CCn1c(N2CCC[C@@H]([NH3+])C2)cc(=O)n(Cc2cn(CCC(=O)[O-])nn2)c1=O,"CHEMBL5283810",1370,Done,6.02,-6.20386,"glide_grid_1X70",-6.21036,-0.895242,-0.683547,-0,-1.29407,-27.7998,-15.436,0.560614,-0.192725,-68.9508,-43.2358,4.58274
CC#CCn1c(N2CCC[C@@H](N)C2)cc(=O)n(Cc2cn(CCC(=O)[O-])nn2)c1=O,"CHEMBL5283810",1371,Done,6.26,-1.521,"glide_grid_1X70",-4.2017,-1.01276,-0.456,-0,-0.87139,-31.2075,-6.47101,0.804398,-0.134927,-49.6012,-37.6785,3.96919
CC(C)[C@H](Nc1ccc(CNC(=O)[C@@H]2CCCN2C(=O)C[C@H]([NH3+])Cc2cc(F)ccc2F)cc1)C(=O)[O-],"CHEMBL5287917",1373,Done,14.6,-7.8314,"glide_grid_1X70",-7.8411,-1.16124,-1.05681,-0,-1.09461,-40.1447,-18.4697,0.53844,-0.289187,-93.5662,-58.6144,26.4042
[NH3+][C@@H](CC(=O)N1CCC[C@H]1CNC(=O)c1cc(S(=O)(=O)N2CCOCC2)c(F)cc1F)[C@H]1CCc2cc(F)c(F)cc21,"CHEMBL5289339",1375,Done,8.65,-9.65745,"glide_grid_1X70",-9.66525,-1.5075,-0.849977,-0,-1.75248,-47.6276,-21.7658,0.263447,-0.172484,-116.112,-69.3934,12.6308
CC#CCn1c(N2CCC[C@@H]([NH3+])C2)cc(=O)n(Cc2cn(C/C=C/C(=O)[O-])nn2)c1=O,"CHEMBL5289984",1377,Done,5.69,-5.26022,"glide_grid_1X70",-5.26672,-0.56078,-0.541565,-0,-1.16265,-30.5163,-14.7897,0.869314,-0.126769,-68.9613,-45.306,4.11035
CC#CCn1c(N2CCC[C@@H](N)C2)cc(=O)n(Cc2cn(C/C=C/C(=O)[O-])nn2)c1=O,"CHEMBL5289984",1378,Done,5.82,-0.829989,"glide_grid_1X70",-3.51069,-0.0939909,-0.949913,-0,-0.526767,-23.632,-10.637,0.873037,-0.0359075,-43.0454,-34.269,1.81012
Nc1nc(NC2=NC(c3ccccc3)=C[C@@H](c3cccc([N+](=O)[O-])c3)O2)nc(N2CCOCC2)n1,"CHEMBL5399740",1379,Done,4,-3.74654,"glide_grid_1X70",-3.75514,-1.76239,-0.321908,-0,1.20889,-46.9604,-4.10014,0.449424,-0.366122,-44.8319,-51.0605,23.1748
Nc1nc([N-]C2=NC(c3ccccc3)=C[C@@H](c3cccc([N+](=O)[O-])c3)O2)nc(N2CCOCC2)n1,"CHEMBL5399740",1380,Done,3.84,-0.750673,"glide_grid_1X70",-3.26247,-0.701139,-0.304,-0,-0.284918,-39.5371,-1.42055,0.451173,-0.233654,-49.2052,-40.9576,1.11528
Nc1nc(NC2=NC(c3ccccc3)=C[C@@H](c3ccc([N+](=O)[O-])cc3)O2)nc(N2CCOCC2)n1,"CHEMBL5405820",1381,Done,3.96,-4.01789,"glide_grid_1X70",-4.02659,-1.80938,-0.351596,-0,1.21917,-46.5926,-5.53421,0.449424,-0.374448,-47.6666,-52.1268,23.219
Nc1nc([N-]C2=NC(c3ccccc3)=C[C@@H](c3ccc([N+](=O)[O-])cc3)O2)nc(N2CCOCC2)n1,"CHEMBL5405820",1382,Done,3.75,-1.95995,"glide_grid_1X70",-4.46355,-1.53355,-0.304,-0,-0.747588,-41.1232,-0.472934,0.451173,-0.202486,-48.988,-41.5961,8.71395
[NH3+][C@H]1C[C@@H](N2Cc3nn4c(C(F)(F)F)cc(C(F)(F)F)nc4c3C2)CO[C@@H]1c1cc(F)ccc1F,"CHEMBL5418259",1385,Done,3.56,-7.31784,"glide_grid_1X70",-7.32904,-1.0901,-0.503924,-0,-1.60683,-37.3212,-13.4877,0.110897,-0.349869,-81.9703,-50.8089,2.22449
[NH3+][C@H]1C[C@@H]([N@@H+]2Cc3nn4c(C(F)(F)F)cc(C(F)(F)F)nc4c3C2)CO[C@@H]1c1cc(F)ccc1F,"CHEMBL5418259",1386,Done,3.26,-5.7121,"glide_grid_1X70",-8.1326,-0.862015,-0.573359,-0,-1.31586,-37.7427,-21.9349,0.110494,-0.314483,-100.517,-59.6776,1.76978
Nc1nc(NC2=NC(c3ccccc3)=C[C@@H](c3ccccc3[N+](=O)[O-])O2)nc(N2CCOCC2)n1,"CHEMBL5435689",1387,Done,4.86,-3.76688,"glide_grid_1X70",-3.77528,-1.66245,-0.341806,-0,1.49742,-45.8447,-6.02429,0.449424,-0.521984,-45.4691,-51.869,23.2435
Nc1nc([N-]C2=NC(c3ccccc3)=C[C@@H](c3ccccc3[N+](=O)[O-])O2)nc(N2CCOCC2)n1,"CHEMBL5435689",1388,Done,4.48,-1.83102,"glide_grid_1X70",-4.35432,-1.72035,-0.292773,-0,-0.639423,-43.693,1.79404,0.451173,-0.237402,-48.7203,-41.899,8.85783
