SMILES,title,i_i_glide_lignum,docking_status,r_glide_cpu_time,r_i_docking_score,s_i_glide_gridfile,r_i_glide_gscore,r_i_glide_lipo,r_i_glide_hbond,r_i_glide_metal,r_i_glide_rewards,r_i_glide_evdw,r_i_glide_ecoul,r_i_glide_erotb,r_i_glide_esite,r_i_glide_emodel,r_i_glide_energy,r_i_glide_einternal
Cc1cc(O)cc(C)c1[C@@H]1C[NH2+][C@H](C(=O)N2CCC[C@H]2C#N)C1,"CHEMBL243799",1,Done,4.27,-4.86069,"glide_grid_1X70",-5.20579,-0.403728,-0.4,-0,-1.69836,-25.6012,-11.8169,0.564131,-0.215242,-43.8015,-37.418,25.2763
[NH3+][C@@H](CC(=O)N1CCn2c(nnc2C(F)(F)F)C1)Cc1cc(F)cc(F)c1F,"CHEMBL243872",5,Done,4.36,-9.26015,"glide_grid_1X70",-9.27235,-0.912647,-0.891408,-0,-2.26083,-36.3747,-22.6644,0.330509,-0.319581,-98.5775,-59.0391,6.0216
N[C@@H](CC(=O)N1CCn2c(nnc2C(F)(F)F)C1)Cc1cc(F)cc(F)c1F,"CHEMBL243872",6,Done,4.43,-4.83863,"glide_grid_1X70",-7.14563,-1.17989,-0.75101,-0,-1.85131,-34.0603,-13.296,0.474265,-0.140262,-63.9392,-47.3564,8.1522
COc1cc(O)cc(OC)c1[C@@H]1C[NH2+][C@H](C(=O)N2CCC[C@H]2C#N)C1,"CHEMBL244008",8,Done,3.96,-5.1519,"glide_grid_1X70",-5.6761,-0.882309,-0.400827,-0,-1.47871,-30.6567,-11.2187,0.475317,-0.173933,-56.4537,-41.8753,9.01382
CCOc1cc(O)cc(OCC)c1[C@@H]1C[NH2+][C@H](C(=O)N2CCC[C@H]2C#N)C1,"CHEMBL244009",10,Done,12.15,-4.89692,"glide_grid_1X70",-5.42472,-0.906273,-0.400362,-0,-1.2862,-33.637,-11.1146,0.689515,-0.172362,-59.5746,-44.7515,10.3422
N#C[C@@H]1CCCN1C(=O)[C@@H]1C[C@@H](c2ccccc2)C[NH2+]1,"CHEMBL244843",13,Done,2.89,-6.41164,"glide_grid_1X70",-6.75674,-0.917561,-0.63696,-0,-2.14563,-27.8749,-14.7835,0.734091,-0.179413,-64.9877,-42.6584,3.06727
N#C[C@@H]1CCCN1C(=O)[C@@H]1C[C@H](c2ccccc2O)C[NH2+]1,"CHEMBL245059",15,Done,4.4,-5.2211,"glide_grid_1X70",-5.5662,-0.686253,-0.266926,-0,-1.92109,-29.1665,-11.4772,0.664373,-0.1764,-62.5077,-40.6437,0.557069
N#C[C@@H]1CCCN1C(=O)[C@@H]1C[C@H](c2ccccc2O)CN1,"CHEMBL245059",16,Done,6.62,-4.60398,"glide_grid_1X70",-5.08838,-0.909908,-0.178441,-0,-1.74268,-33.5553,-6.8381,0.467925,-0.0218027,-51.7491,-40.3934,7.18187
C=CC[C@@H]1C[NH2+][C@H](C(=O)N2CCC[C@H]2C#N)C1,"CHEMBL245069",17,Done,5.64,-4.81155,"glide_grid_1X70",-4.95655,-0.627438,-0.395159,-0,-2.20726,-23.1755,-10.6696,1.25102,-0.218487,-50.2105,-33.8451,0.869282
[NH3+][C@@H](CC(=O)N1CCn2c(nnc2C(F)(F)F)C1)Cc1ccc(C(F)(F)F)cc1,"CHEMBL245181",19,Done,6.24,-9.64099,"glide_grid_1X70",-9.65319,-1.27246,-0.850367,-0,-2.49018,-36.5439,-22.1292,0.38869,-0.282307,-100.9,-58.6731,8.40427
N[C@@H](CC(=O)N1CCn2c(nnc2C(F)(F)F)C1)Cc1ccc(C(F)(F)F)cc1,"CHEMBL245181",20,Done,5.76,-2.21587,"glide_grid_1X70",-4.52287,-0.793177,-0.289917,-0,-2.03038,-23.8705,-5.10158,0.557676,-0.00831334,-34.5696,-28.9721,12.3457
C[C@@H]([C@H]1CC[C@H](N(C)C(=O)c2cccc(F)c2)CC1)[C@H]([NH3+])C(=O)N1CC[C@H](F)C1,"CHEMBL245379",21,Done,6.12,-7.28663,"glide_grid_1X70",-7.52883,-0.796152,-0.4,-0,-2.26711,-38.6382,-15.7578,0.495362,-0.265345,-74.5157,-54.396,24.8599
C[C@@H]([C@H]1CC[C@H](N(C)C(=O)c2cccc(F)c2)CC1)[C@H](N)C(=O)N1CC[C@H](F)C1,"CHEMBL245379",22,Done,5.63,-3.21387,"glide_grid_1X70",-3.86097,-0.788557,-0.16664,-0,-1.36929,-32.6682,-3.53814,0.710819,-0.0831736,-42.2824,-36.2064,8.99294
COc1ccc(C(=O)N[C@H]2CC[C@H]([C@H](C)[C@H]([NH3+])C(=O)N3CC[C@H](F)C3)CC2)cc1,"CHEMBL245380",23,Done,6.03,-6.99646,"glide_grid_1X70",-7.23196,-0.920158,-0.427518,-0,-1.76162,-32.3456,-18.7033,0.499745,-0.199645,-77.2007,-51.0488,9.12249
COc1ccc(C(=O)N[C@H]2CC[C@H]([C@H](C)[C@H](N)C(=O)N3CC[C@H](F)C3)CC2)cc1,"CHEMBL245380",24,Done,7.33,-3.9954,"glide_grid_1X70",-4.6559,-0.812356,-0.271355,-0,-1.44907,-32.1101,-7.39105,0.717123,-0.126077,-46.0762,-39.5011,12.9633
CC(=O)N(C)[C@H]1CC[C@H]([C@H](C)[C@H]([NH3+])C(=O)N2CC[C@H](F)C2)CC1,"CHEMBL245545",25,Done,8.19,-7.35033,"glide_grid_1X70",-7.59433,-0.863972,-0.405413,-0,-2.61469,-28.7056,-17.0699,0.48749,-0.201972,-74.278,-45.7756,6.80473
CC(=O)N(C)[C@H]1CC[C@H]([C@H](C)[C@H](N)C(=O)N2CC[C@H](F)C2)CC1,"CHEMBL245545",26,Done,6.42,-4.06166,"glide_grid_1X70",-4.70506,-0.774306,-0.303157,-0,-2.03268,-26.6774,-5.89747,0.700205,-0.0766376,-38.7315,-32.5748,9.3232
CC(=O)Nc1ccc([C@H](C(=O)N(C)C)[C@H](N)C(=O)N2CC[C@H](F)C2)cc1,"CHEMBL245970",27,Done,4.35,-6.2541,"glide_grid_1X70",-6.4701,-0.923294,-0.874305,-0,-1.72575,-35.0635,-12.2363,0.723827,-0.0819613,-58.963,-47.2998,14.2224
CC(=O)Nc1ccc([C@H](C(=O)N(C)C)[C@H]([NH3+])C(=O)N2CC[C@H](F)C2)cc1,"CHEMBL245970",28,Done,4.59,-6.36222,"glide_grid_1X70",-7.06492,-1.02357,-0.982339,-0,-0.478884,-32.3271,-21.3735,0.504187,-0.261927,-76.3058,-53.7006,7.79769
CC(=O)Nc1ccc([C@H](C)[C@H](N)C(=O)N2CC[C@H](F)C2)cc1,"CHEMBL245971",29,Done,4.4,-4.94619,"glide_grid_1X70",-5.33619,-0.908818,-0.531174,-0,-1.97951,-29.4231,-7.5193,0.782695,-0.10033,-47.2333,-36.9424,5.58197
CC(=O)Nc1ccc([C@H](C)[C@H]([NH3+])C(=O)N2CC[C@H](F)C2)cc1,"CHEMBL245971",30,Done,5.21,-7.47778,"glide_grid_1X70",-7.90988,-0.961773,-0.626169,-0,-2.882,-31.6103,-14.8447,0.544748,-0.17747,-77.4379,-46.455,8.40542
CC(=O)N(C)c1ccc([C@H](C(=O)N(C)C)[C@H](N)C(=O)N2CC[C@H](F)C2)cc1,"CHEMBL246168",31,Done,6.36,-4.6152,"glide_grid_1X70",-4.8312,-1.05892,-0.321554,-0,-1.56128,-34.1351,-5.13656,0.676565,-0.0887804,-50.7258,-39.2717,2.52914
CC(=O)N(C)c1ccc([C@H](C(=O)N(C)C)[C@H]([NH3+])C(=O)N2CC[C@H](F)C2)cc1,"CHEMBL246168",32,Done,4.86,-6.22922,"glide_grid_1X70",-6.93192,-0.962634,-0.61917,-0,-0.982814,-33.8445,-19.5019,0.471344,-0.221138,-75.9181,-53.3463,3.97356
CC(=O)N(C)c1ccc([C@H](C)[C@H](N)C(=O)N2CC[C@H](F)C2)cc1,"CHEMBL246169",33,Done,5.15,-3.92288,"glide_grid_1X70",-4.31288,-1.05114,-0.315618,-0,-1.21292,-29.9573,-6.20681,0.723619,-0.0279288,-43.3901,-36.1641,0.624367
CC(=O)N(C)c1ccc([C@H](C)[C@H]([NH3+])C(=O)N2CC[C@H](F)C2)cc1,"CHEMBL246169",34,Done,5.04,-7.02285,"glide_grid_1X70",-7.45495,-0.844837,-0.673384,-0,-2.33204,-32.0851,-15.5021,0.503745,-0.178868,-73.9007,-47.5872,7.64126
C[C@@H]([C@H]1CC[C@H](NS(=O)(=O)c2ccc(F)cc2F)CC1)[C@H]([NH3+])C(=O)N1CC[C@H](F)C1,"CHEMBL246372",35,Done,4.72,-6.93761,"glide_grid_1X70",-7.18261,-0.783414,-0.400035,-0,-1.81556,-33.9504,-17.7267,0.418249,-0.245324,-79.896,-51.6771,7.91744
C[C@@H]([C@H]1CC[C@H](NS(=O)(=O)c2ccc(F)cc2F)CC1)[C@H](N)C(=O)N1CC[C@H](F)C1,"CHEMBL246372",36,Done,5.41,-3.2391,"glide_grid_1X70",-3.8807,-0.718872,-0.288722,-0,-1.38155,-28.0237,-3.79974,0.599946,-0.120359,-40.182,-31.8234,5.06493
N#Cc1ccc(CN2C[C@H]([NH3+])[C@H](C(=O)N3CCC[C@H]3C#N)C2)cc1,"CHEMBL248599",37,Done,4.04,-7.15759,"glide_grid_1X70",-7.34279,-1.00836,-0.536099,-0,-2.87559,-22.3056,-14.4138,0.498273,-0.143667,-63.2895,-36.7193,3.90363
N#Cc1ccc(C[N@@H+]2C[C@H](N)[C@H](C(=O)N3CCC[C@H]3C#N)C2)cc1,"CHEMBL248599",38,Done,2.82,-3.65863,"glide_grid_1X70",-4.63253,-0.499549,-0.432869,-0,-1.33781,-34.1445,-7.97344,0.711819,-0.170871,-54.6987,-42.118,6.35279
N#Cc1ccc(CN2C[C@H](N)[C@H](C(=O)N3CCC[C@H]3C#N)C2)cc1,"CHEMBL248599",39,Done,3.77,-2.03491,"glide_grid_1X70",-3.56811,-0.645072,-0.335067,-0,-1.27027,-29.5702,-2.92901,0.715737,-0.11558,-36.2797,-32.4992,6.68716
Cn1c(C(F)(F)F)nc2c1CCN(C(=O)C[C@H]([NH3+])Cc1cc(F)c(F)cc1F)C2(C)C,"CHEMBL248615",40,Done,4.01,-8.73054,"glide_grid_1X70",-8.74144,-1.25444,-0.628851,-0,-1.99687,-37.6429,-19.7412,0.27783,-0.295784,-93.5183,-57.3841,7.68549
Cn1c(C(F)(F)F)nc2c1CCN(C(=O)C[C@H](N)Cc1cc(F)c(F)cc1F)C2(C)C,"CHEMBL248615",41,Done,4.43,-2.54575,"glide_grid_1X70",-4.91695,-1.24584,-0.301728,-0,-1.42846,-27.8827,-5.59157,0.398523,-0.106574,-45.5749,-33.4743,4.01587
[NH3+][C@@H](CC(=O)N1CCn2ncnc2C1)Cc1cc(F)c(F)cc1F,"CHEMBL248743",42,Done,5.26,-9.85327,"glide_grid_1X70",-9.86547,-0.984871,-1.03293,-0,-2.98061,-34.3038,-22.1915,0.343338,-0.16646,-99.7798,-56.4954,8.43933
N[C@@H](CC(=O)N1CCn2ncnc2C1)Cc1cc(F)c(F)cc1F,"CHEMBL248743",43,Done,4.76,-3.30681,"glide_grid_1X70",-5.61381,-0.732679,-0.503284,-0,-2.22893,-24.8802,-8.53683,0.493068,-0.117453,-45.8461,-33.4171,4.35353
[NH3+][C@@H](CC(=O)N1CCc2c(nc(C(F)(F)F)n2Cc2ccc(F)cc2)C1)Cc1cc(F)ccc1F,"CHEMBL248788",44,Done,5.45,-8.43522,"glide_grid_1X70",-8.44692,-1.00859,-1.12188,-0,-0.681741,-36.2312,-25.6033,0.346222,-0.328866,-96.7438,-61.8346,11.3884
N[C@@H](CC(=O)N1CCc2c(nc(C(F)(F)F)n2Cc2ccc(F)cc2)C1)Cc1cc(F)ccc1F,"CHEMBL248788",45,Done,5.99,-2.62229,"glide_grid_1X70",-4.95269,-1.35883,-0.340891,-0,-1.05653,-29.8301,-7.36444,0.496445,-0.0967144,-47.9132,-37.1945,4.15788
Cn1nccc1-c1ccc(CN2C[C@H]([NH3+])[C@H](C(=O)N3CCC[C@H]3C#N)C2)cc1,"CHEMBL248793",46,Done,6.21,-5.51735,"glide_grid_1X70",-5.66735,-0.603877,-0.43538,-0,-1.51844,-29.7947,-12.2904,0.471278,-0.247645,-58.6646,-42.085,7.74035
Cn1nccc1-c1ccc(C[N@H+]2C[C@H](N)[C@H](C(=O)N3CCC[C@H]3C#N)C2)cc1,"CHEMBL248793",47,Done,6.78,-3.90463,"glide_grid_1X70",-4.98963,-0.803321,-0.443364,-0,-1.18254,-28.5457,-11.0221,0.673255,-0.15306,-52.4929,-39.5678,3.41018
Cn1nccc1-c1ccc(CN2C[C@H](N)[C@H](C(=O)N3CCC[C@H]3C#N)C2)cc1,"CHEMBL248793",48,Done,5.67,-2.14082,"glide_grid_1X70",-3.78982,-0.722913,-0.459234,-0,-1.00472,-30.4497,-4.44777,0.67647,-0.0897757,-36.3894,-34.8974,11.8862
Cc1ncn(-c2ccc(CN3C[C@H]([NH3+])[C@H](C(=O)N4CCC[C@H]4C#N)C3)cc2)n1,"CHEMBL248794",49,Done,5.16,-7.41873,"glide_grid_1X70",-7.56173,-1.00772,-0.656546,-0,-2.18202,-31.5893,-16.1129,0.469088,-0.188125,-74.53,-47.7022,7.35829
Cc1ncn(-c2ccc(C[N@H+]3C[C@H](N)[C@H](C(=O)N4CCC[C@H]4C#N)C3)cc2)n1,"CHEMBL248794",50,Done,5.18,-3.64064,"glide_grid_1X70",-4.77594,-0.767605,-0.375483,-0,-1.24975,-27.8603,-10.1506,0.670125,-0.137618,-51.5279,-38.0109,2.14766
Cc1ncn(-c2ccc(CN3C[C@H](N)[C@H](C(=O)N4CCC[C@H]4C#N)C3)cc2)n1,"CHEMBL248794",51,Done,4.69,-2.25866,"glide_grid_1X70",-3.87196,-0.66117,-0.438412,-0,-1.01707,-31.601,-5.09543,0.673318,-0.0842648,-38.3909,-36.6964,12.0773
N#C[C@@H]1CCCN1C(=O)[C@@H]1CN(Cc2cnc3ccccc3c2)C[C@@H]1[NH3+],"CHEMBL248795",52,Done,3.48,-6.09079,"glide_grid_1X70",-6.23339,-0.929602,-0.53254,-0,-1.80674,-34.7378,-10.0711,0.434589,-0.151537,-63.2597,-44.809,9.13798
N#C[C@@H]1CCCN1C(=O)[C@@H]1C[N@@H+](Cc2cnc3ccccc3c2)C[C@@H]1N,"CHEMBL248795",53,Done,4.04,-3.83628,"glide_grid_1X70",-5.04098,-0.657297,-0.456755,-0,-1.40074,-28.2607,-10.6197,0.620842,-0.141032,-55.7604,-38.8804,0.759659
N#C[C@@H]1CCCN1C(=O)[C@@H]1CN(Cc2cnc3ccccc3c2)C[C@@H]1N,"CHEMBL248795",54,Done,2.83,-1.78627,"glide_grid_1X70",-3.26117,-0.525484,-0.263083,-0,-1.18482,-30.0869,-2.10353,0.624029,-0.09194,-36.4344,-32.1905,7.80088
Cn1c(C(F)(F)F)nc2c1CCN(C(=O)C[C@H]([NH3+])Cc1cc(F)c(F)cc1F)[C@H]2C1CC1,"CHEMBL248810",55,Done,5.29,-8.83292,"glide_grid_1X70",-8.84402,-1.23369,-0.560567,-0,-2.31245,-40.0672,-18.5789,0.331011,-0.278131,-96.0045,-58.6462,8.70894
Cn1c(C(F)(F)F)nc2c1CCN(C(=O)C[C@H](N)Cc1cc(F)c(F)cc1F)[C@H]2C1CC1,"CHEMBL248810",56,Done,4.75,-0.2889,"glide_grid_1X70",-2.653,-0.520872,-0.239527,-0,-0.614,-23.8903,-3.32879,0.474761,-0.0595283,-28.8593,-27.2191,11.1034
[NH3+][C@H]1CN(C(=O)c2cc3ccccc3s2)C[C@H]1C(=O)N1CCCC1,"CHEMBL248837",57,Done,3.76,-8.12984,"glide_grid_1X70",-8.17364,-1.4403,-0.53854,-0,-1.99547,-41.5932,-15.9626,0.448095,-0.173356,-96.0474,-57.5559,2.19912
N[C@H]1CN(C(=O)c2cc3ccccc3s2)C[C@H]1C(=O)N1CCCC1,"CHEMBL248837",58,Done,3.77,-3.72619,"glide_grid_1X70",-5.29109,-1.36132,-0.268319,-0,-1.41095,-40.3658,-5.26911,0.643474,-0.0853186,-60.6791,-45.6349,1.45948
[NH3+][C@H]1CN(C(=O)c2ccc3ccccc3c2)C[C@H]1C(=O)N1CCCC1,"CHEMBL248838",59,Done,3.71,-7.95956,"glide_grid_1X70",-7.99426,-1.48123,-0.552168,-0,-2.05447,-42.385,-13.7296,0.462349,-0.190046,-94.1669,-56.1146,0.738262
N[C@H]1CN(C(=O)c2ccc3ccccc3c2)C[C@H]1C(=O)N1CCCC1,"CHEMBL248838",60,Done,3.76,-3.69215,"glide_grid_1X70",-5.39065,-1.47799,-0.372081,-0,-1.55821,-42.9953,-2.81953,0.663998,-0.0736771,-61.1185,-45.8148,1.49496
[NH3+][C@@H](CC(=O)N1CCn2nc(C3CC3)nc2C1)Cc1cc(F)c(F)cc1F,"CHEMBL248936",61,Done,5.68,-8.9831,"glide_grid_1X70",-8.9953,-0.926626,-1.11338,-0,-2.54834,-29.9216,-21.0494,0.469263,-0.222735,-89.0082,-50.971,6.21787
N[C@@H](CC(=O)N1CCn2nc(C3CC3)nc2C1)Cc1cc(F)c(F)cc1F,"CHEMBL248936",62,Done,5.97,-2.90252,"glide_grid_1X70",-5.20952,-1.00837,-0.46791,-0,-1.6686,-25.7582,-9.19601,0.67357,-0.070902,-46.6086,-34.9542,4.58677
[NH3+][C@@H](CC(=O)N1CCc2[nH]c(-c3ccccc3)nc2C1)Cc1cc(F)ccc1F,"CHEMBL248997",63,Done,2.95,-6.18417,"glide_grid_1X70",-6.60957,-1.35973,-0.457336,-0,-1.77136,-30.3665,-11.7488,0.43373,-0.174239,-67.1325,-42.1152,13.7317
[NH3+][C@@H](CC(=O)N1CCc2nc(-c3ccccc3)[nH]c2C1)Cc1cc(F)ccc1F,"CHEMBL248997",64,Done,3.15,-5.41527,"glide_grid_1X70",-5.95957,-0.427072,-0.638047,-0,-1.28776,-24.8935,-17.141,0.43373,-0.22459,-60.3933,-42.0346,7.8626
[NH3+][C@@H](CC(=O)N1CCc2[nH]c(-c3ccccc3)[nH+]c2C1)Cc1cc(F)ccc1F,"CHEMBL248997",65,Done,3.4,-4.91871,"glide_grid_1X70",-6.31501,-1.35863,-0.4,-0,-1.49995,-27.5351,-14.0106,0.616798,-0.194895,-63.8159,-41.5457,6.66298
[NH3+][C@H]1CN(Cc2ccc(-n3cncn3)cc2)C[C@H]1C(=O)N1CCCC1,"CHEMBL249174",66,Done,4.9,-8.47412,"glide_grid_1X70",-8.56902,-1.03426,-0.793316,-0,-2.25518,-40.31,-19.3172,0.568943,-0.14213,-101.566,-59.6271,0.420738
N[C@H]1CN(Cc2ccc(-n3cncn3)cc2)C[C@H]1C(=O)N1CCCC1,"CHEMBL249174",68,Done,4.93,-3.26037,"glide_grid_1X70",-5.09927,-1.09606,-0.46906,-0,-1.79648,-25.0617,-8.34101,0.817048,-0.0504762,-45.3419,-33.4027,7.0364
N#C[C@@H]1CCCN1C(=O)[C@@H]1CN(Cc2ccc(-c3cc[nH]n3)cc2)C[C@@H]1[NH3+],"CHEMBL249203",69,Done,4.61,-5.51586,"glide_grid_1X70",-6.07736,-0.701427,-0.55293,-0,-1.65919,-32.1455,-12.5895,0.504114,-0.172219,-62.2169,-44.735,12.5556
N#C[C@@H]1CCCN1C(=O)[C@@H]1CN(Cc2ccc(-c3ccn[nH]3)cc2)C[C@@H]1[NH3+],"CHEMBL249203",70,Done,5.08,-5.96087,"glide_grid_1X70",-6.52237,-0.748646,-0.586589,-0,-1.62667,-32.676,-14.6965,0.504114,-0.226299,-70.8322,-47.3725,3.96706
N#C[C@@H]1CCCN1C(=O)[C@@H]1C[N@@H+](Cc2ccc(-c3cc[nH]n3)cc2)C[C@@H]1N,"CHEMBL249203",71,Done,6.72,-2.51738,"glide_grid_1X70",-4.00158,-0.542664,-0.36,-0,-1.48243,-5.35723,-12.4217,0.720163,-0.205537,-25.1163,-17.7789,8.66548
N#C[C@@H]1CCCN1C(=O)[C@@H]1C[N@@H+](Cc2ccc(-c3ccn[nH]3)cc2)C[C@@H]1N,"CHEMBL249203",72,Done,7.27,-3.2609,"glide_grid_1X70",-4.7574,-0.517949,-0.437658,-0,-1.57906,-0.671494,-18.3289,0.720163,-0.159992,-30.4568,-19.0004,6.74317
N#C[C@@H]1CCCN1C(=O)[C@@H]1CN(Cc2ccc(-c3ccn[nH]3)cc2)C[C@@H]1N,"CHEMBL249203",73,Done,4.49,-0.295914,"glide_grid_1X70",-2.35791,-0.495078,-0.304,-0,-1.31067,-5.94389,-3.94285,0.723722,-0.0832706,-11.8851,-9.88673,6.272
N#C[C@@H]1CCCN1C(=O)[C@@H]1CN(Cc2ccc(-c3cc[nH]n3)cc2)C[C@@H]1N,"CHEMBL249203",74,Done,4.62,-0.545306,"glide_grid_1X70",-2.61031,-0.290828,-0.298148,-0,-1.18672,-22.4991,-2.2225,0.723722,-0.1,-23.6306,-24.7216,11.2929
Cn1cc(-c2ccc(CN3C[C@H]([NH3+])[C@H](C(=O)N4CCC[C@H]4C#N)C3)cc2)cn1,"CHEMBL249406",75,Done,3.81,-5.94552,"glide_grid_1X70",-6.09712,-0.724762,-0.65952,-0,-1.53331,-27.5725,-13.754,0.471278,-0.209082,-58.5999,-41.3266,12.222
Cn1cc(-c2ccc(CN3C[C@H](N)[C@H](C(=O)N4CCC[C@H]4C#N)C3)cc2)cn1,"CHEMBL249406",77,Done,3.26,10001.7,"glide_grid_1X70",10000,-0.631584,-0.388824,-0,-1.66963,86.3073,-9.6491,0.67647,-0.0477806,10000,76.6582,4.44287
N#C[C@@H]1CCCN1C(=O)[C@@H]1CN(Cc2ccc(-c3csnn3)cc2)C[C@@H]1[NH3+],"CHEMBL249407",78,Done,4.8,-5.46503,"glide_grid_1X70",-5.61493,-0.566099,-0.266775,-0,-1.48226,-35.1003,-10.9907,0.462476,-0.358657,-66.8603,-46.091,2.9365
N#Cc1ccc2c(c1)CC[C@H]2[N@H+]1C[C@H](N)[C@H](C(=O)[C@@H]2CCC[C@H]2C#N)C1,"CHEMBL249408",81,Done,4.63,-4.59826,"glide_grid_1X70",-5.08336,-0.682179,-0.44941,-0,-1.36926,-29.9312,-9.20823,0.467975,-0.172696,-53.1753,-39.1394,2.83855
N#Cc1ccc2c(c1)CC[C@H]2N1C[C@H]([NH3+])[C@H](C(=O)[C@@H]2CCC[C@H]2C#N)C1,"CHEMBL249408",82,Done,3.5,-6.57086,"glide_grid_1X70",-7.06836,-1.20347,-0.580575,-0,-1.96083,-27.8734,-13.8787,0.327582,-0.175589,-62.8787,-41.752,1.82808
N#Cc1ccc2c(c1)CC[C@H]2N1C[C@H](N)[C@H](C(=O)[C@@H]2CCC[C@H]2C#N)C1,"CHEMBL249408",83,Done,2.98,-3.25412,"glide_grid_1X70",-4.47602,-0.965129,-0.502499,-0,-1.56531,-23.9164,-4.70656,0.470383,-0.0116627,-34.1313,-28.623,9.15412
[NH3+][C@H]1CN(C(=O)c2ccc(-n3cnnn3)cc2)C[C@H]1C(=O)N1CCCC1,"CHEMBL249427",84,Done,6.53,-8.18274,"glide_grid_1X70",-8.21744,-1.14957,-0.502508,-0,-2.35346,-43.7243,-15.474,0.527164,-0.231749,-101.056,-59.1984,0.350374
N[C@H]1CN(C(=O)c2ccc(-n3cnnn3)cc2)C[C@H]1C(=O)N1CCCC1,"CHEMBL249427",85,Done,5.21,-3.77869,"glide_grid_1X70",-5.47719,-1.34264,-0.289056,-0,-1.70793,-41.4863,-4.95899,0.756899,-0.0763021,-63.7468,-46.4453,1.1297
C[C@H](c1ccc(C#N)cc1)N1C[C@H]([NH3+])[C@H](C(=O)N2CCC[C@H]2C#N)C1,"CHEMBL249601",86,Done,3.92,-6.54627,"glide_grid_1X70",-6.73147,-1.01296,-0.342124,-0,-2.08921,-30.2564,-13.8466,0.462341,-0.159696,-66.9319,-44.103,3.86883
C[C@H](c1ccc(C#N)cc1)[N@H+]1C[C@H](N)[C@H](C(=O)N2CCC[C@H]2C#N)C1,"CHEMBL249601",87,Done,3.94,-4.26373,"glide_grid_1X70",-5.23763,-0.747416,-0.405569,-0,-1.46889,-31.8867,-10.3793,0.660487,-0.125002,-52.3177,-42.266,9.83853
C[C@H](c1ccc(C#N)cc1)N1C[C@H](N)[C@H](C(=O)N2CCC[C@H]2C#N)C1,"CHEMBL249601",88,Done,3.43,10001.5,"glide_grid_1X70",10000,-0.892371,-0.653608,-0,-2.1131,44.8213,-6.42557,0.663987,-0.0282785,10000,38.3958,21.5045
Cc1nnc(-c2ccc(CN3C[C@H]([NH3+])[C@H](C(=O)[C@@H]4[C@H](C#N)CC[C@@H]4F)C3)cc2)o1,"CHEMBL249602",89,Done,5.93,-5.82559,"glide_grid_1X70",-6.29719,-0.469871,-0.59573,-0,-1.59957,-25.1402,-16.6306,0.431749,-0.312163,-60.9859,-41.7709,5.90005
Cc1nnc(-c2ccc(C[N@H+]3C[C@H](N)[C@H](C(=O)[C@@H]4[C@H](C#N)CC[C@@H]4F)C3)cc2)o1,"CHEMBL249602",90,Done,6.29,-4.98389,"glide_grid_1X70",-5.54879,-0.772092,-0.472382,-0,-1.30365,-22.6751,-15.9072,0.616784,-0.0976152,-51.4451,-38.5823,8.04173
Cc1nnc(-c2ccc(CN3C[C@H](N)[C@H](C(=O)[C@@H]4[C@H](C#N)CC[C@@H]4F)C3)cc2)o1,"CHEMBL249602",91,Done,5.51,-3.23,"glide_grid_1X70",-4.3066,-0.847163,-0.329187,-0,-1.63589,-26.3367,-4.79918,0.619601,-0.0772556,-36.6095,-31.1359,7.08318
[NH3+][C@H]1CN(C(=O)c2ccc3ncccc3c2)C[C@H]1C(=O)N1CCCC1,"CHEMBL249620",92,Done,3.74,-7.84471,"glide_grid_1X70",-7.87941,-1.48765,-0.552519,-0,-2.03963,-42.8324,-12.8565,0.459966,-0.189493,-93.5328,-55.6889,0.744732
N[C@H]1CN(C(=O)c2ccc3ncccc3c2)C[C@H]1C(=O)N1CCCC1,"CHEMBL249620",93,Done,3.77,-3.63108,"glide_grid_1X70",-5.32958,-1.2215,-0.333607,-0,-1.5694,-42.3259,-4.53191,0.660567,-0.0695564,-62.3316,-46.8578,0.929186
[NH3+][C@H]1CN(C(=O)c2cc3ccccc3cn2)C[C@H]1C(=O)N1CCCC1,"CHEMBL249825",94,Done,3.84,-7.84137,"glide_grid_1X70",-7.87767,-1.34682,-0.501225,-0,-2.05807,-41.6673,-14.4139,0.459966,-0.186066,-92.4574,-56.0812,2.16008
N[C@H]1CN(C(=O)c2cc3ccccc3cn2)C[C@H]1C(=O)N1CCCC1,"CHEMBL249825",95,Done,3.77,-3.63697,"glide_grid_1X70",-5.30977,-1.3372,-0.328325,-0,-1.56305,-42.0141,-3.82969,0.660567,-0.0666098,-61.0541,-45.8438,0.971444
[NH3+][C@H]1CN(C(=O)c2cnc3ccccc3c2)C[C@H]1C(=O)N1CCCC1,"CHEMBL249826",96,Done,3.7,-8.53344,"glide_grid_1X70",-8.56974,-1.31234,-0.773826,-0,-1.99614,-41.7673,-17.882,0.459966,-0.176737,-99.6254,-59.6493,3.59615
N[C@H]1CN(C(=O)c2cnc3ccccc3c2)C[C@H]1C(=O)N1CCCC1,"CHEMBL249826",97,Done,3.74,-4.31509,"glide_grid_1X70",-5.98789,-1.38303,-0.505654,-0,-1.56006,-42.3909,-6.74228,0.660567,-0.0688306,-67.3163,-49.1332,0.77896
[NH3+][C@@H](CC(=O)N1CCn2nc(C(F)(F)F)nc2[C@@H]1[C@@H](F)C1CC1)Cc1cc(F)c(F)cc1F,"CHEMBL249945",98,Done,7.22,-8.42362,"glide_grid_1X70",-8.43632,-1.00828,-0.817848,-0,-1.82303,-36.2621,-20.5164,0.369046,-0.265636,-92.5406,-56.7785,13.4049
N[C@@H](CC(=O)N1CCn2nc(C(F)(F)F)nc2[C@@H]1[C@@H](F)C1CC1)Cc1cc(F)c(F)cc1F,"CHEMBL249945",99,Done,6.89,-3.78183,"glide_grid_1X70",-6.06653,-1.11582,-0.573102,-0,-1.47142,-33.9236,-10.4726,0.529237,-0.168343,-59.444,-44.3962,7.44596
C[C@@H]1c2nc(C(F)(F)F)n(C)c2CCN1C(=O)C[C@H]([NH3+])Cc1cc(F)ccc1F,"CHEMBL250006",100,Done,4.09,-7.94352,"glide_grid_1X70",-7.95492,-1.06086,-0.72,-0,-1.86703,-35.5346,-18.0683,0.453789,-0.273839,-89.6341,-53.6029,7.19193
C[C@@H]1c2nc(C(F)(F)F)n(C)c2CCN1C(=O)C[C@H](N)Cc1cc(F)ccc1F,"CHEMBL250006",101,Done,4.23,-3.42039,"glide_grid_1X70",-5.76849,-1.18577,-0.517148,-0,-1.90136,-30.5117,-7.15487,0.455776,-0.0211655,-52.0995,-37.6666,4.08842
[NH3+][C@@H](CC(=O)N1CCn2nc(C(F)(F)F)nc2[C@H]1Cn1ccnc1)Cc1cc(F)c(F)cc1F,"CHEMBL250147",102,Done,7.26,-9.26677,"glide_grid_1X70",-9.44667,-1.24495,-0.787061,-0,-2.04144,-37.6655,-24.2046,0.358057,-0.217306,-102.542,-61.8701,14.3967
[NH3+][C@@H](CC(=O)N1CCn2nc(C(F)(F)F)nc2[C@H]1Cn1cc[nH+]c1)Cc1cc(F)c(F)cc1F,"CHEMBL250147",103,Done,8.19,-8.6764,"glide_grid_1X70",-9.5214,-1.24558,-0.87125,-0,-1.80409,-33.4559,-29.2936,0.356708,-0.28439,-109.382,-62.7494,10.7893
N[C@@H](CC(=O)N1CCn2nc(C(F)(F)F)nc2[C@H]1Cn1ccnc1)Cc1cc(F)c(F)cc1F,"CHEMBL250147",104,Done,7.7,-3.6394,"glide_grid_1X70",-6.0832,-0.986851,-0.304,-0,-1.28949,-41.0564,-11.3683,0.513447,-0.258234,-66.8166,-52.4247,11.9504
C[C@@H]1c2nc(C(F)(F)F)n(C)c2CCN1C(=O)C[C@H]([NH3+])Cc1cc(F)c(F)cc1F,"CHEMBL250202",105,Done,4.02,-8.85676,"glide_grid_1X70",-8.86816,-1.05985,-0.862167,-0,-2.22595,-31.0388,-21.9197,0.294294,-0.174596,-95.0309,-52.9585,5.19642
C[C@@H]1c2nc(C(F)(F)F)n(C)c2CCN1C(=O)C[C@H](N)Cc1cc(F)c(F)cc1F,"CHEMBL250202",106,Done,3.71,-2.68668,"glide_grid_1X70",-5.03478,-1.21722,-0.276924,-0,-1.60641,-29.4135,-5.15119,0.42219,-0.113067,-46.431,-34.5647,3.7266
CC[C@@H]1c2nc(C(F)(F)F)n(C)c2CCN1C(=O)C[C@H]([NH3+])Cc1cc(F)c(F)cc1F,"CHEMBL250204",107,Done,4.95,-8.73474,"glide_grid_1X70",-8.74604,-0.972473,-0.900136,-0,-1.98666,-30.9298,-22.8357,0.27783,-0.192752,-95.8569,-53.7655,5.65959
CC[C@@H]1c2nc(C(F)(F)F)n(C)c2CCN1C(=O)C[C@H](N)Cc1cc(F)c(F)cc1F,"CHEMBL250204",108,Done,4.77,-4.17209,"glide_grid_1X70",-6.52379,-0.82519,-0.576,-0,-1.62935,-37.5738,-12.2444,0.398523,-0.176421,-67.0516,-49.8181,7.98174
C[C@@H]1c2[nH+]c(C(C)(C)C)n(C)c2CCN1C(=O)C[C@H]([NH3+])Cc1cc(F)c(F)cc1F,"CHEMBL250283",109,Done,4.39,-8.96985,"glide_grid_1X70",-9.05155,-1.21299,-0.5629,-0,-2.01932,-35.5273,-23.8804,0.308103,-0.206008,-96.2928,-59.4077,13.7195
C[C@@H]1c2nc(C(C)(C)C)n(C)c2CCN1C(=O)C[C@H]([NH3+])Cc1cc(F)c(F)cc1F,"CHEMBL250283",110,Done,4.55,-5.95579,"glide_grid_1X70",-7.29429,-1.11439,-0.88098,-0,-0.118659,-38.071,-22.712,0.309431,-0.179337,-85.5554,-60.783,10.5734
C[C@@H]1c2[nH+]c(C(C)(C)C)n(C)c2CCN1C(=O)C[C@H](N)Cc1cc(F)c(F)cc1F,"CHEMBL250283",111,Done,4.28,-4.0061,"glide_grid_1X70",-6.2517,-1.3291,-0.329426,-0,-1.62407,-38.9956,-9.25439,0.442044,-0.0732039,-61.1106,-48.25,11.2112
[NH3+][C@@H](CC(=O)N1CCn2nc(C(F)(F)F)nc2[C@H]1Cn1cccn1)Cc1cc(F)c(F)cc1F,"CHEMBL250351",112,Done,8.45,-8.9543,"glide_grid_1X70",-8.9675,-0.950285,-0.89175,-0,-1.64051,-36.4849,-24.8336,0.358057,-0.293725,-99.9821,-61.3185,9.69378
N[C@@H](CC(=O)N1CCn2nc(C(F)(F)F)nc2[C@H]1Cn1cccn1)Cc1cc(F)c(F)cc1F,"CHEMBL250351",113,Done,7.95,-1.91292,"glide_grid_1X70",-4.17212,-0.380787,-0.351166,-0,-0.668473,-30.4763,-10.9985,0.513447,-0.111545,-52.8039,-41.4748,1.49875
[NH3+][C@@H](CC(=O)N1CCn2nc(C(F)(F)F)nc2[C@H]1Cn1cncn1)Cc1cc(F)c(F)cc1F,"CHEMBL250353",114,Done,7.73,-9.66066,"glide_grid_1X70",-9.67366,-1.07409,-0.974467,-0,-2.27579,-33.7858,-24.9317,0.356735,-0.276998,-103.846,-58.7175,6.24665
N[C@@H](CC(=O)N1CCn2nc(C(F)(F)F)nc2[C@H]1Cn1cncn1)Cc1cc(F)c(F)cc1F,"CHEMBL250353",115,Done,7.53,-3.61279,"glide_grid_1X70",-5.88099,-0.76146,-0.576,-0,-1.19916,-38.1972,-11.4891,0.511547,-0.222694,-65.972,-49.6863,7.5282
[NH3+][C@H]1CN(Cc2ccc(-n3cnnn3)cc2)C[C@H]1C(=O)N1CCCC1,"CHEMBL250393",116,Done,5.94,-8.66358,"glide_grid_1X70",-8.75828,-1.25042,-0.586624,-0,-2.40014,-39.5382,-19.7269,0.566035,-0.151186,-101.033,-59.2651,3.64499
N[C@H]1C[N@@H+](Cc2ccc(-n3cnnn3)cc2)C[C@H]1C(=O)N1CCCC1,"CHEMBL250393",117,Done,5.27,-5.08507,"glide_grid_1X70",-6.44327,-1.02451,-0.407182,-0,-1.67348,-40.2197,-13.1258,0.808621,-0.166864,-76.1493,-53.3456,2.04878
N[C@H]1CN(Cc2ccc(-n3cnnn3)cc2)C[C@H]1C(=O)N1CCCC1,"CHEMBL250393",118,Done,5.3,-2.08887,"glide_grid_1X70",-3.92627,-0.853912,-0.306006,-0,-1.4846,-27.526,-4.68622,0.81286,-0.0153763,-35.2027,-32.2122,18.0806
N#Cc1cc(CN2C[C@H]([NH3+])[C@H](C(=O)N3CCCC3)C2)ccc1F,"CHEMBL250399",119,Done,3.85,-8.18247,"glide_grid_1X70",-8.27707,-1.06756,-0.404409,-0,-2.47306,-36.8516,-19.1057,0.517857,-0.141473,-91.4499,-55.9573,5.61163
N#Cc1cc(C[N@@H+]2C[C@H](N)[C@H](C(=O)N3CCCC3)C2)ccc1F,"CHEMBL250399",120,Done,3.07,-4.65894,"glide_grid_1X70",-6.02464,-0.859079,-0.350759,-0,-1.83279,-26.354,-15.448,0.739796,-0.0869116,-62.1874,-41.8021,1.42539
N#Cc1cc(CN2C[C@H](N)[C@H](C(=O)N3CCCC3)C2)ccc1F,"CHEMBL250399",121,Done,3.36,-2.04602,"glide_grid_1X70",-3.86762,-0.848771,-0.355109,-0,-1.75718,-13.8736,-6.20168,0.74395,-0.0265697,-25.4217,-20.0753,11.0564
N#Cc1ccc(CN2C[C@H]([NH3+])[C@H](C(=O)N3CCCC3)C2)cc1,"CHEMBL250400",122,Done,4.16,-8.46227,"glide_grid_1X70",-8.58447,-1.28504,-0.630535,-0,-2.52607,-35.4263,-18.7736,0.573704,-0.129176,-94.0817,-54.1999,1.674
N#Cc1ccc(C[N@@H+]2C[C@H](N)[C@H](C(=O)N3CCCC3)C2)cc1,"CHEMBL250400",123,Done,2.72,-4.96214,"glide_grid_1X70",-6.15204,-1.09585,-0.409446,-0,-1.94417,-37.8157,-10.3752,0.819577,-0.0750816,-67.6971,-48.1909,3.13331
[NH3+][C@H]1CN(Cc2ccc(-c3csnn3)cc2)C[C@H]1C(=O)N1CCCC1,"CHEMBL250611",125,Done,4.76,-7.94123,"glide_grid_1X70",-8.04093,-1.27177,-0.516947,-0,-1.95451,-42.0947,-16.8888,0.521728,-0.181376,-96.4321,-58.9835,1.58921
N[C@H]1C[N@@H+](Cc2ccc(-c3csnn3)cc2)C[C@H]1C(=O)N1CCCC1,"CHEMBL250611",126,Done,4.46,-4.75097,"glide_grid_1X70",-6.05477,-1.17021,-0.412917,-0,-1.35858,-40.2466,-11.3635,0.745326,-0.141545,-69.2706,-51.61,2.48535
N[C@H]1CN(Cc2ccc(-c3csnn3)cc2)C[C@H]1C(=O)N1CCCC1,"CHEMBL250611",127,Done,4.08,-3.71886,"glide_grid_1X70",-5.59096,-1.3687,-0.349386,-0,-1.47522,-39.4117,-7.81993,0.749074,-0.00315489,-62.8081,-47.2316,2.11471
Cc1cc(-n2cncn2)ccc1CN1C[C@H]([NH3+])[C@H](C(=O)[C@@H]2CCC[C@H]2C#N)C1,"CHEMBL250620",128,Done,6.13,-5.57757,"glide_grid_1X70",-5.92127,-0.542016,-0.812141,-0,-1.17174,-25.6295,-17.2007,0.673255,-0.207051,-57.4472,-42.8302,8.92085
Cc1cc(-n2cncn2)ccc1C[N@H+]1C[C@H](N)[C@H](C(=O)[C@@H]2CCC[C@H]2C#N)C1,"CHEMBL250620",129,Done,6.11,-4.6674,"glide_grid_1X70",-5.3631,-0.553213,-0.516627,-0,-1.33706,-26.5836,-14.2624,0.673255,-0.160915,-47.8986,-40.846,13.1496
Cc1cc(-n2cncn2)ccc1CN1C[C@H](N)[C@H](C(=O)[C@@H]2CCC[C@H]2C#N)C1,"CHEMBL250620",130,Done,5.69,-2.9172,"glide_grid_1X70",-4.1262,-0.836547,-0.454859,-0,-1.03799,-26.575,-7.01516,0.67647,-0.0922539,-40.751,-33.5901,4.36677
C[C@@H]1c2nc(C(F)(F)F)nn2CCN1C(=O)C[C@H]([NH3+])Cc1cc(F)c(F)cc1F,"CHEMBL250787",131,Done,5.06,-8.88592,"glide_grid_1X70",-8.89772,-0.922873,-0.977092,-0,-2.22222,-32.0718,-21.2242,0.310952,-0.299258,-92.067,-53.2961,4.96646
C[C@@H]1c2nc(C(F)(F)F)nn2CCN1C(=O)C[C@H](N)Cc1cc(F)c(F)cc1F,"CHEMBL250787",132,Done,5.67,-3.42583,"glide_grid_1X70",-5.75053,-1.17619,-0.491411,-0,-2.03188,-32.1642,-5.52586,0.446141,-0.0600973,-48.6623,-37.69,9.83122
[NH3+][C@H]1CN(Cc2cnc3ccccc3c2)C[C@H]1C(=O)N1CCCC1,"CHEMBL250852",133,Done,3.41,-7.49794,"glide_grid_1X70",-7.59094,-1.08508,-0.559248,-0,-2.07492,-38.2689,-15.5605,0.495499,-0.119671,-87.4607,-53.8294,6.57909
N[C@H]1C[N@@H+](Cc2cnc3ccccc3c2)C[C@H]1C(=O)N1CCCC1,"CHEMBL250852",134,Done,3.26,-5.12844,"glide_grid_1X70",-6.56254,-1.34057,-0.350419,-0,-1.6062,-34.5233,-14.3891,0.707856,-0.088681,-68.924,-48.9124,1.38151
N[C@H]1CN(Cc2cnc3ccccc3c2)C[C@H]1C(=O)N1CCCC1,"CHEMBL250852",135,Done,2.97,-4.69674,"glide_grid_1X70",-6.40094,-1.3812,-0.724239,-0,-1.64171,-39.8385,-9.02128,0.711742,-0.0204139,-68.3237,-48.8597,0.741613
Cn1c(C(F)(F)F)nc2c1CCN(C(=O)C[C@H]([NH3+])Cc1cc(F)ccc1F)C2,"CHEMBL251205",136,Done,4.1,-6.22159,"glide_grid_1X70",-6.23329,-0.300741,-0.497274,-0,-1.44455,-26.7595,-18.2211,0.337858,-0.257444,-66.465,-44.9805,7.93201
Cn1c(C(F)(F)F)nc2c1CCN(C(=O)C[C@H](N)Cc1cc(F)ccc1F)C2,"CHEMBL251205",137,Done,3.74,-3.15088,"glide_grid_1X70",-5.48128,-1.05354,-0.541377,-0,-1.79692,-28.617,-7.46765,0.484834,-0.0232802,-48.7105,-36.0847,3.36252
C[C@H]1c2nc(C(F)(F)F)nn2CCN1C(=O)C[C@H]([NH3+])Cc1cc(F)c(F)cc1F,"CHEMBL251376",138,Done,5.42,-9.02783,"glide_grid_1X70",-9.03963,-1.06763,-0.858136,-0,-2.31607,-34.8289,-20.6904,0.310952,-0.263749,-95.0504,-55.5192,6.66034
C[C@H]1c2nc(C(F)(F)F)nn2CCN1C(=O)C[C@H](N)Cc1cc(F)c(F)cc1F,"CHEMBL251376",139,Done,5.73,-3.3266,"glide_grid_1X70",-5.6513,-0.906164,-0.6098,-0,-1.34362,-23.3072,-12.4429,0.446141,-0.206049,-48.5926,-35.7502,3.04608
Cn1c(C(F)(F)F)nc2c1CN(C(=O)C[C@H]([NH3+])Cc1cc(F)ccc1F)CC2,"CHEMBL251404",140,Done,3.6,-8.96232,"glide_grid_1X70",-8.97402,-1.24438,-0.468152,-0,-2.63587,-39.3189,-17.3552,0.337858,-0.394257,-96.1653,-56.6741,6.37444
Cn1c(C(F)(F)F)nc2c1CN(C(=O)C[C@H](N)Cc1cc(F)ccc1F)CC2,"CHEMBL251404",141,Done,3.58,-4.0402,"glide_grid_1X70",-6.3706,-1.24166,-0.304,-0,-1.87862,-40.4237,-7.51337,0.484834,-0.282957,-65.3853,-47.9371,4.05391
CCn1c(C(F)(F)F)nc2c1CCN(C(=O)C[C@H]([NH3+])Cc1cc(F)ccc1F)C2,"CHEMBL251405",142,Done,4.66,-7.94667,"glide_grid_1X70",-7.95837,-1.13041,-0.521343,-0,-2.50385,-37.8971,-13.2045,0.317653,-0.2449,-86.5901,-51.1016,6.51181
CCn1c(C(F)(F)F)nc2c1CCN(C(=O)C[C@H](N)Cc1cc(F)ccc1F)C2,"CHEMBL251405",143,Done,4.75,-3.8186,"glide_grid_1X70",-6.149,-1.18754,-0.542739,-0,-2.1349,-31.2411,-7.47268,0.455776,-0.0566339,-51.4101,-38.7138,4.4943
CC#CCn1c(N2CCC[C@@H]([NH3+])C2)nc2ccn(Cc3cccc4ccccc34)c(=O)c21,"CHEMBL255491",146,Done,3.69,-5.13974,"glide_grid_1X70",-5.20164,-0.729588,-0.4,-0,-0.808114,-27.3266,-15.1845,0.545453,-0.165377,-61.6816,-42.5111,2.22637
CC#CCn1c(N2CCC[C@@H]([NH3+])C2)[nH+]c2ccn(Cc3cccc4ccccc34)c(=O)c21,"CHEMBL255491",147,Done,3.86,-5.99046,"glide_grid_1X70",-7.37836,-0.400489,-0.557221,-0,-1.51497,-29.2707,-24.031,0.380189,-0.217685,-87.1277,-53.3017,2.45967
CC#CCn1c(N2CCC[C@@H]([NH3+])C2)nc2ccn(Cc3nc(C)cc4ccccc34)c(=O)c21,"CHEMBL255492",148,Done,3.62,-5.11176,"glide_grid_1X70",-5.44776,-0.341446,-0.547499,-0,-0.983373,-30.9058,-14.7492,0.358607,-0.176381,-65.0118,-45.655,3.59659
CC#CCn1c(N2CCC[C@@H]([NH3+])C2)nc2ccn(Cc3[nH+]c(C)cc4ccccc34)c(=O)c21,"CHEMBL255492",149,Done,4.02,-5.88546,"glide_grid_1X70",-6.45946,-0.423347,-0.563464,-0,-1.14027,-31.127,-19.7415,0.357126,-0.171932,-77.1211,-50.8685,1.99782
CC#CCn1c(N2CCC[C@@H]([NH3+])C2)[nH+]c2ccn(Cc3nc(C)cc4ccccc34)c(=O)c21,"CHEMBL255492",150,Done,3.61,-5.50581,"glide_grid_1X70",-7.46661,-0.326789,-0.650908,-0,-1.33752,-25.3393,-26.6623,0.357126,-0.242201,-86.4184,-52.0016,2.14627
CC#CCn1c(N2CCC[C@@H]([NH3+])C2)[nH+]c2ccn(Cc3[nH+]c(C)cc4ccccc34)c(=O)c21,"CHEMBL255492",151,Done,4.68,-5.26524,"glide_grid_1X70",-7.69014,-0.39617,-0.55933,-0,-1.40924,-29.2429,-28.4388,0.355654,-0.21891,-95.0574,-57.6817,3.57316
CC#CCn1c(C(=O)NCc2nc(C)cc3ccccc23)nnc1N1CCC[C@@H]([NH3+])C1,"CHEMBL255517",152,Done,6.19,-6.13264,"glide_grid_1X70",-6.20154,-0.0226538,-0.788033,-0,-1.09462,-22.9662,-22.8409,0.55321,-0.275007,-71.3987,-45.8071,4.54361
CC#CCn1c(C(=O)NCc2[nH+]c(C)cc3ccccc23)nnc1N1CCC[C@@H]([NH3+])C1,"CHEMBL255517",153,Done,5.97,-5.4469,"glide_grid_1X70",-6.7555,-0.20513,-0.540901,-0,-1.38295,-32.0612,-22.2145,0.550811,-0.242103,-81.8859,-54.2757,4.45891
Cn1cnc2ccc(-c3ccc(Cl)cc3Cl)c(C[NH3+])c21,"CHEMBL255552",154,Done,1.48,-7.77408,"glide_grid_1X70",-7.88828,-1.42836,-0.487057,-0,-2.21233,-27.483,-15.7514,0.137101,-0.160774,-72.5886,-43.2344,0.558198
Cn1cnc2ccc(-c3ccc(Cl)cc3Cl)c(CN)c21,"CHEMBL255552",155,Done,1.36,-4.2596,"glide_grid_1X70",-5.3287,-1.40168,-0.304,-0,-1.63004,-25.9383,-5.80217,0.196992,-0.0227333,-42.522,-31.7405,1.60656
[NH3+]Cc1c(-c2ccccc2)ccc2[nH]cnc12,"CHEMBL255554",156,Done,1.47,-7.09672,"glide_grid_1X70",-7.57952,-1.25257,-0.559341,-0,-2.77818,-25.5378,-12.1697,0.235803,-0.122897,-64.4598,-37.7075,0.0921085
[NH3+]Cc1c(-c2ccccc2)ccc2nc[nH]c12,"CHEMBL255554",157,Done,1.51,-7.49909,"glide_grid_1X70",-8.11229,-1.3128,-0.57049,-0,-2.79745,-25.7597,-14.7617,0.235803,-0.165114,-71.9244,-40.5214,0.118896
NCc1c(-c2ccccc2)ccc2[nH]cnc12,"CHEMBL255554",158,Done,1.43,-4.02692,"glide_grid_1X70",-5.28042,-1.34213,-0.304,-0,-2.2409,-25.4817,-3.04893,0.339438,-0.00140002,-38.6518,-28.5306,2.09908
NCc1c(-c2ccccc2)ccc2nc[nH]c12,"CHEMBL255554",159,Done,1.46,-4.06691,"glide_grid_1X70",-5.58171,-1.31769,-0.304,-0,-2.18203,-25.4803,-5.37498,0.339438,-0.0371584,-40.7596,-30.8553,4.33087
CC#CCn1c(N2CCC[C@@H]([NH3+])C2)nc2c(C)nn(Cc3nc(C)cc4ccccc34)c(=O)c21,"CHEMBL255709",160,Done,3.5,-4.6873,"glide_grid_1X70",-4.9481,-0.292802,-0.557033,-0,-0.521163,-31.5601,-15.4599,0.482083,-0.162183,-63.8102,-47.02,4.78193
CC#CCn1c(N2CCC[C@@H]([NH3+])C2)nc2c(C)nn(Cc3[nH+]c(C)cc4ccccc34)c(=O)c21,"CHEMBL255709",161,Done,4.14,-5.13048,"glide_grid_1X70",-5.74228,-0.309435,-0.690187,-0,-0.514291,-26.3904,-21.7879,0.480151,-0.120814,-69.7716,-48.1783,4.25151
Cn1cnc2ccc(-c3ccccc3)c(C[NH3+])c21,"CHEMBL255769",162,Done,1.58,-6.14147,"glide_grid_1X70",-6.25457,-0.125458,-0.508805,-0,-2.31427,-23.5646,-14.4926,0.212723,-0.166648,-59.1354,-38.0572,2.11977
Cn1cnc2ccc(-c3ccccc3)c(CN)c21,"CHEMBL255769",163,Done,1.48,-3.99214,"glide_grid_1X70",-5.06894,-1.11383,-0.304,-0,-2.08823,-25.6527,-3.77504,0.306093,-0.020082,-39.1102,-29.4278,1.72045
CC#CCn1c(N2CCC[C@@H]([NH3+])C2)nc2c(OC)nn(Cc3nc(C)cc4ccccc34)c(=O)c21,"CHEMBL255862",164,Done,4.31,-5.18914,"glide_grid_1X70",-5.45244,-0.331567,-0.64082,-0,-0.717077,-28.7406,-16.4881,0.316922,-0.169654,-66.1895,-45.2287,1.56721
CC#CCn1c(N2CCC[C@@H]([NH3+])C2)nc2c(OC)nn(Cc3[nH+]c(C)cc4ccccc34)c(=O)c21,"CHEMBL255862",165,Done,4.6,-5.05875,"glide_grid_1X70",-5.67305,-0.222312,-0.385084,-0,-0.405204,-28.19,-24.0278,0.450988,-0.0977602,-70.6969,-52.2178,10.4922
CC#CCn1c(N2CCC[C@@H]([NH3+])C2)nc2c(OC)nn(Cc3cccc4ccccc34)c(=O)c21,"CHEMBL255864",166,Done,4.68,-6.05885,"glide_grid_1X70",-6.06135,-1.04869,-0.4,-0,-0.949893,-36.8185,-13.3873,0.336137,-0.149886,-73.9818,-50.2058,1.56192
CC#CCn1c(N2CCC[C@@H]([NH3+])C2)nc2c(C)nn(Cc3nc(C)c4ccccc4n3)c(=O)c21,"CHEMBL256121",167,Done,3.3,-5.12083,"glide_grid_1X70",-5.12083,-0.150206,-0.56,-0,-0.514427,-29.992,-17.8728,0.480189,-0.195871,-68.1813,-47.8648,1.85809
Cn1cnc2ccc(-c3ccccc3CO)c(C[NH3+])c21,"CHEMBL256252",168,Done,2.27,-8.17707,"glide_grid_1X70",-8.29017,-1.24017,-0.612708,-0,-2.49297,-27.7998,-18.2655,0.347039,-0.161556,-80.3914,-46.0653,0.696445
Cn1cnc2ccc(-c3ccccc3CO)c(CN)c21,"CHEMBL256252",169,Done,2,-4.96112,"glide_grid_1X70",-6.03792,-1.57881,-0.572452,-0,-2.01889,-25.9264,-6.7633,0.499004,-0.0559605,-45.6812,-32.6897,2.36548
Cn1nnc2ccc(-c3ccccc3Cl)c(C[NH3+])c21,"CHEMBL256266",170,Done,1.61,-6.18963,"glide_grid_1X70",-6.34843,-0.237204,-0.53199,-0,-2.08554,-24.2996,-15.2208,0.167631,-0.163236,-62.4489,-39.5204,1.96216
Cn1nnc2ccc(-c3ccccc3Cl)c(CN)c21,"CHEMBL256266",171,Done,1.57,-3.04774,"glide_grid_1X70",-3.90544,-0.267369,-0.304,-0,-1.54955,-25.3135,-4.34845,0.241008,-0.107593,-36.3325,-29.6619,4.10684
CC#CCn1c(N2CCC[C@@H]([NH3+])C2)nc2cnn(Cc3nc(C)cc4ccccc34)c(=O)c21,"CHEMBL256521",172,Done,3.55,-5.20134,"glide_grid_1X70",-5.46214,-0.332353,-0.555805,-0,-0.963987,-31.0893,-14.9959,0.357155,-0.163304,-65.4359,-46.0852,4.00893
CC#CCn1c(N2CCC[C@@H]([NH3+])C2)nc2cnn(Cc3[nH+]c(C)cc4ccccc34)c(=O)c21,"CHEMBL256521",173,Done,3.98,-5.85797,"glide_grid_1X70",-6.46977,-0.308968,-0.652025,-0,-1.15161,-31.3917,-19.8049,0.355683,-0.172531,-77.4911,-51.1966,2.30868
Cn1cnc2ccc(-c3ccccc3O)c(C[NH3+])c21,"CHEMBL256624",174,Done,1.81,-8.53505,"glide_grid_1X70",-8.63195,-1.30569,-0.890624,-0,-2.56526,-27.7799,-16.7483,0.190338,-0.159463,-79.4535,-44.5282,0.390179
Cn1cnc2ccc(-c3ccccc3O)c(CN)c21,"CHEMBL256624",175,Done,1.63,-3.71406,"glide_grid_1X70",-4.83486,-0.195236,-0.662226,-0,-1.68205,-22.3728,-9.31601,0.273773,-0.0530747,-40.9718,-31.6888,0.787753
Cc1ccccc1-c1ccc2ncn(C)c2c1C[NH3+],"CHEMBL256625",176,Done,1.71,-7.97135,"glide_grid_1X70",-8.08445,-1.40056,-0.56048,-0,-2.60917,-29.281,-13.8776,0.1929,-0.161452,-74.5514,-43.1585,0.18374
Cc1ccccc1-c1ccc2ncn(C)c2c1CN,"CHEMBL256625",177,Done,1.58,-2.8944,"glide_grid_1X70",-3.9712,-0.268978,-0.304,-0,-1.6955,-23.9875,-4.77043,0.277471,-0.0652552,-34.8529,-28.7579,4.18976
Cc1nsc(N2CCN(C(=O)[C@@H]3C[NH2+][C@H](C(=O)N4CCCC4)C3)CC2)n1,"CHEMBL256691",178,Done,5.01,-6.97499,"glide_grid_1X70",-7.06869,-0.848159,-0.556971,-0,-1.93487,-32.2941,-15.9448,0.471228,-0.193492,-74.1178,-48.2389,4.34967
CC#CCn1c(N2CCC[C@@H]([NH3+])C2)nc2cnn(CC3=Nc4ccccc4Oc4ccccc43)c(=O)c21,"CHEMBL256729",180,Done,4.59,-4.85602,"glide_grid_1X70",-4.85852,-0.351271,-0.746772,-0,-0.262039,-32.2603,-14.0243,0.41659,-0.198364,-63.4942,-46.2846,3.82487
Cn1cnc2ccc(-c3ccccc3C(N)=O)c(C[NH3+])c21,"CHEMBL256826",181,Done,2.16,-7.82503,"glide_grid_1X70",-7.93813,-1.12792,-0.733372,-0,-2.41282,-22.8781,-16.7651,0.15986,-0.165206,-70.804,-39.6432,0.834669
Cn1cnc2ccc(-c3ccccc3C(N)=O)c(CN)c21,"CHEMBL256826",182,Done,1.89,-3.82729,"glide_grid_1X70",-4.90409,-0.257312,-0.543716,-0,-1.52502,-22.7127,-9.97552,0.2298,-0.175878,-43.6243,-32.6882,0.465992
[NH3+][C@H](C(=O)N1CCC[C@H]1C(=O)c1nccs1)C1CCCCC1,"CHEMBL256871",183,Done,7.09,-6.39402,"glide_grid_1X70",-6.71502,-0.852614,-0.827971,-0,-1.54211,-27.6709,-18.821,0.899304,-0.184936,-69.9133,-46.4919,4.53414
N[C@H](C(=O)N1CCC[C@H]1C(=O)c1nccs1)C1CCCCC1,"CHEMBL256871",184,Done,6.01,-4.17709,"glide_grid_1X70",-4.69339,-0.850762,-0.589569,-0,-1.3843,-30.8272,-7.59176,0.904281,-0.0929185,-46.0754,-38.419,7.24263
CC#CCn1c(N2CCC[C@@H]([NH3+])C2)nc2cnn(CC(=O)c3ccccc3)c(=O)c21,"CHEMBL256928",185,Done,4.19,-5.92848,"glide_grid_1X70",-5.93098,-0.379536,-0.794205,-0,-1.1745,-28.4412,-16.4854,0.50206,-0.189931,-67.3647,-44.9266,3.07732
CC#CCn1c(N2CCC[C@H]([NH3+])C2)nc2cnn(CC3=Nc4ccccc4Oc4ccccc43)c(=O)c21,"CHEMBL256929",186,Done,4.15,-5.47615,"glide_grid_1X70",-5.47865,-0.582997,-0.645109,-0,-0.63494,-41.1616,-11.1847,0.291613,-0.171436,-75.6852,-52.3463,0.746111
CC#CCn1c(N2CCC[C@@H]([NH3+])C2)nc2cnn(Cc3nc4ccccc4o3)c(=O)c21,"CHEMBL256969",187,Done,3.08,-6.30221,"glide_grid_1X70",-6.30221,-0.230212,-1.02022,-0,-1.34847,-26.7765,-17.272,0.395224,-0.168898,-67.9293,-44.0486,2.42106
[NH3+]Cc1ccccc1-c1ccccc1,"CHEMBL257036",188,Done,1.42,-7.81345,"glide_grid_1X70",-7.90145,-1.33817,-0.570243,-0,-3.08098,-23.0053,-13.2615,0.327438,-0.1,-64.1261,-36.2668,0.0903075
NCc1ccccc1-c1ccccc1,"CHEMBL257036",189,Done,1.34,-4.3657,"glide_grid_1X70",-5.539,-1.38309,-0.304,-0,-2.51696,-23.2923,-4.28231,0.472015,0,-36.0772,-27.5746,2.78574
CCn1cnc2ccc(-c3ccc(Cl)cc3Cl)c(C[NH3+])c21,"CHEMBL257308",190,Done,1.88,-6.72861,"glide_grid_1X70",-6.84191,-0.711673,-0.584829,-0,-1.8384,-28.8525,-15.2355,0.126749,-0.105814,-70.2923,-44.088,1.9361
CCn1cnc2ccc(-c3ccc(Cl)cc3Cl)c(CN)c21,"CHEMBL257308",191,Done,1.79,-4.34823,"glide_grid_1X70",-5.42383,-1.46379,-0.304,-0,-1.53158,-26.254,-6.48029,0.182075,-0.0217874,-44.1958,-32.7343,1.4249
CC#CCn1c(NCC[NH3+])nc2cnn(Cc3nc(C)c4ccccc4n3)c(=O)c21,"CHEMBL257376",192,Done,3.71,-6.32811,"glide_grid_1X70",-6.32811,-0.397521,-0.665538,-0,-1.30454,-35.0802,-17.0066,0.506581,-0.162087,-76.9207,-52.0868,6.99743
CC#CCn1c(C(=O)N(C)Cc2cccc3ccccc23)cnc1N1CCC[C@@H]([NH3+])C1,"CHEMBL257589",193,Done,5.49,-5.52164,"glide_grid_1X70",-5.71284,-0.810886,-0.58493,-0,-1.11073,-25.6372,-15.1814,0.478253,-0.125484,-61.2992,-40.8186,3.96981
CC#CCn1c(C(=O)N(C)Cc2cccc3ccccc23)c[nH+]c1N1CCC[C@@H]([NH3+])C1,"CHEMBL257589",194,Done,5.1,-5.00017,"glide_grid_1X70",-5.77947,-0.260862,-0.406929,-0,-1.0877,-29.2869,-18.7411,0.476169,-0.22463,-76.4175,-48.028,2.84018
Cc1nc2ccc(-c3ccccc3Cl)c(C[NH3+])c2n1C,"CHEMBL257636",195,Done,1.73,-6.13841,"glide_grid_1X70",-6.25421,-0.301439,-0.470851,-0,-1.98378,-19.0727,-16.7286,0.154616,-0.18983,-57.5315,-35.8013,0.460054
Cc1nc2ccc(-c3ccccc3Cl)c(CN)c2n1C,"CHEMBL257636",196,Done,1.7,-2.83941,"glide_grid_1X70",-3.93611,-0.307152,-0.310171,-0,-1.46065,-21.7056,-5.95363,0.222238,-0.102054,-35.4119,-27.6592,0.722838
Cc1[nH+]c2ccc(-c3ccccc3Cl)c(CN)c2n1C,"CHEMBL257636",197,Done,1.66,-1.77105,"glide_grid_1X70",-4.38375,-0.340176,-0.295034,-0,-1.45378,-21.0857,-9.02116,0.22088,-0.10818,-42.9966,-30.1069,1.83116
Cn1cnc2cc(Br)c(-c3ccccc3Cl)c(C[NH3+])c21,"CHEMBL257653",198,Done,1.55,-6.85402,"glide_grid_1X70",-6.98272,-1.27321,-0.379179,-0,-1.86436,-28.5778,-13.2217,0.107983,-0.161804,-67.3149,-41.7995,0.387467
Cn1cnc2cc(Br)c(-c3ccccc3Cl)c(CN)c21,"CHEMBL257653",199,Done,1.2,-2.38292,"glide_grid_1X70",-3.36012,-0.17676,-0.304,-0,-1.01836,-25.3877,-4.32089,0.155051,-0.0985323,-34.4504,-29.7086,4.66253
C[C@H](c1nc(-c2ccc(S(C)(=O)=O)cc2)no1)[C@H](N)C(F)=C1CCCC1,"CHEMBL257709",200,Done,2.18,-5.40901,"glide_grid_1X70",-5.67381,-1.26546,-0.255627,-0,-1.19719,-31.648,-10.1504,0.538677,-0.389263,-50.9041,-41.7983,10.9522
C[C@H](c1nc(-c2ccc(S(C)(=O)=O)cc2)no1)[C@H]([NH3+])C(F)=C1CCCC1,"CHEMBL257709",201,Done,2.76,-7.88582,"glide_grid_1X70",-8.49052,-1.43492,-0.460059,-0,-1.88942,-31.6233,-21.0289,0.375286,-0.34591,-89.1639,-52.6522,5.06526
Cc1nsc(N2CCCN(C(=O)[C@@H]3C[NH2+][C@H](C(=O)N4CCCC4)C3)CC2)n1,"CHEMBL257742",202,Done,6.05,-6.61349,"glide_grid_1X70",-6.70719,-1.16238,-0.336116,-0,-1.89203,-38.7193,-10.5892,0.441517,-0.233835,-71.5375,-49.3085,7.18375
CC#CCn1c(C(=O)NCc2nc(C)cc3ccccc23)cnc1N1CCC[C@@H]([NH3+])C1,"CHEMBL257795",204,Done,6.45,-5.76287,"glide_grid_1X70",-5.90347,-0.297057,-0.511649,-0,-1.09227,-20.8893,-22.4277,0.555578,-0.149449,-62.7173,-43.317,8.27515
CC#CCn1c(C(=O)NCc2nc(C)cc3ccccc23)c[nH+]c1N1CCC[C@@H]([NH3+])C1,"CHEMBL257795",205,Done,6.57,-5.95626,"glide_grid_1X70",-7.23416,-0.362777,-0.464741,-0,-1.46007,-30.7506,-24.6678,0.553163,-0.262044,-89.4511,-55.4183,3.63962
CC#CCn1c(C(=O)NCc2[nH+]c(C)cc3ccccc23)cnc1N1CCC[C@@H]([NH3+])C1,"CHEMBL257795",206,Done,7.01,-5.38114,"glide_grid_1X70",-6.77904,-0.361354,-0.721773,-0,-1.08545,-26.6183,-24.1464,0.553163,-0.210751,-76.413,-50.7648,7.07498
Cn1c(=O)[nH]c2ccc(-c3ccccc3Cl)c(C[NH3+])c21,"CHEMBL257852",207,Done,1.58,-7.51562,"glide_grid_1X70",-7.58262,-1.39148,-0.384087,-0,-2.37127,-28.883,-13.1707,0.15278,-0.16881,-70.0215,-42.0537,0.202342
Cn1c(=O)[nH]c2ccc(-c3ccccc3Cl)c(CN)c21,"CHEMBL257852",208,Done,1.55,-2.45635,"glide_grid_1X70",-3.78065,-0.0216295,-0.304,-0,-1.65524,-25.5056,-4.77462,0.219591,-0.0279024,-37.7961,-30.2802,1.84499
CC#CCn1c(N2CCC[NH2+]CC2)nc2cnn(Cc3nc(C)c4ccccc4n3)c(=O)c21,"CHEMBL257999",209,Done,4.32,-5.14646,"glide_grid_1X70",-5.16806,-0.214599,-0.554715,-0,-1.12418,-28.7321,-13.4863,0.355712,-0.170736,-61.5349,-42.2183,0.466611
O=C([C@@H]1C[NH2+][C@H](C(=O)N2CCCC2)C1)N1CCN(c2nc(-c3ccccc3)ns2)CC1,"CHEMBL258101",211,Done,20.18,-6.47925,"glide_grid_1X70",-6.57295,-0.866684,-0.386999,-0,-1.32737,-37.2321,-15.5298,0.430289,-0.231114,-76.7979,-52.7619,9.39503
O=C(c1nccs1)[C@@H]1CCCN1C(=O)[C@@H]1C[C@@H]2CCCC[C@@H]2[NH2+]1,"CHEMBL258288",213,Done,5.68,-4.78759,"glide_grid_1X70",-4.89669,-0.37633,-0.409578,-0,-1.4787,-29.6547,-10.5785,0.674432,-0.237014,-56.8179,-40.2332,3.26974
C[C@@H]1[NH2+][C@H](C(=O)N(C)CC#N)C[C@@H]1C(=O)N(C)C,"CHEMBL259198",215,Done,2.59,-7.14258,"glide_grid_1X70",-7.27738,-0.513171,-0.36209,-0,-2.89988,-27.7538,-16.7058,0.574838,-0.183513,-71.3119,-44.4596,2.36195
CC[C@@H]1[NH2+][C@H](C(=O)N2CCC[C@H]2C#N)C[C@@H]1C(=O)N(C)C,"CHEMBL260197",217,Done,2.41,-5.22118,"glide_grid_1X70",-5.35158,-0.63304,-0.345388,-0,-2.13274,-22.3814,-10.3089,0.636843,-0.211851,-42.5651,-32.6903,11.3936
C[C@@H]1[NH2+][C@H](C(=O)N2CCC[C@H]2C#N)C[C@H]1C(=O)N(C)C,"CHEMBL260198",219,Done,2.29,-4.68302,"glide_grid_1X70",-4.81342,-0.225421,-0.433959,-0,-1.72929,-23.7076,-11.284,0.693549,-0.240321,-48.4161,-34.9916,3.59249
CCN(CC#N)C(=O)[C@@H]1C[C@H](C(=O)N2CCCCC2)[C@H](C)[NH2+]1,"CHEMBL260509",221,Done,4.65,-4.9391,"glide_grid_1X70",-5.0684,-0.791383,-0.154147,-0,-1.93238,-25.4733,-10.1781,0.78248,-0.172581,-52.1808,-35.6514,3.35505
C[C@H]1[NH2+][C@H](C(=O)N2CCC[C@H]2C#N)C[C@@H]1C(=O)N(C)C,"CHEMBL260543",223,Done,2.95,-6.08144,"glide_grid_1X70",-6.21184,-0.197613,-0.916259,-0,-1.80817,-18.2341,-19.2794,0.693549,-0.179735,-58.5385,-37.5135,2.67054
C#CCN(CC#N)C(=O)[C@@H]1C[C@H](C(=O)N(C)C)[C@H](C)[NH2+]1,"CHEMBL260701",225,Done,3.79,-6.14829,"glide_grid_1X70",-6.33639,-0.972333,-0.537501,-0,-2.22455,-24.9892,-13.1542,0.819375,-0.198795,-58.0235,-38.1434,6.09485
CCN(CC#N)C(=O)[C@@H]1C[C@H](C(=O)N2CCCC2)[C@H](C)[NH2+]1,"CHEMBL260702",227,Done,4.73,-7.22478,"glide_grid_1X70",-7.35408,-0.645364,-0.328006,-0,-2.70762,-32.0783,-16.5881,0.594387,-0.175347,-77.7152,-48.6665,3.24589
Cn1c(-c2cccnc2)nc2ccc(-c3ccccc3Cl)c(C[NH3+])c21,"CHEMBL261246",229,Done,2.28,-6.1888,"glide_grid_1X70",-6.2924,-1.17649,-0.293884,-0,-1.76626,-33.6529,-10.3532,0.31137,-0.131512,-66.1682,-44.0061,4.29225
C[C@@H]1[NH2+][C@H](C(=O)N(CC#N)C2CC2)C[C@@H]1C(=O)N(C)C,"CHEMBL261460",231,Done,4.83,-5.19545,"glide_grid_1X70",-5.31785,-0.29333,-0.506872,-0,-1.71244,-22.6819,-15.6523,0.924732,-0.248008,-55.2795,-38.3341,5.49906
C=CCN(CC#N)C(=O)[C@@H]1C[C@H](C(=O)N(C)C)[C@H](C)[NH2+]1,"CHEMBL261462",233,Done,6.74,-5.27802,"glide_grid_1X70",-5.41282,-0.512202,-0.411395,-0,-1.79155,-23.5321,-16.2156,1.15591,-0.244654,-58.4658,-39.7477,3.17018
CCCN(CC#N)C(=O)[C@@H]1C[C@H](C(=O)N(C)C)[C@H](C)[NH2+]1,"CHEMBL261463",235,Done,4.39,-5.76101,"glide_grid_1X70",-5.88921,-0.264735,-0.655406,-0,-1.84677,-19.2283,-18.9832,0.913253,-0.226658,-56.655,-38.2115,6.94438
COCc1nc2ccc(-c3ccccc3Cl)c(C[NH3+])c2n1C,"CHEMBL263137",237,Done,2.61,-7.97691,"glide_grid_1X70",-8.09231,-1.52475,-0.55773,-0,-2.18813,-30.7153,-15.9109,0.259758,-0.159061,-78.9564,-46.6262,1.45851
COCc1nc2ccc(-c3ccccc3Cl)c(CN)c2n1C,"CHEMBL263137",238,Done,2.77,-3.23638,"glide_grid_1X70",-4.28938,-0.522384,-0.293568,-0,-1.51113,-27.0108,-6.45952,0.37317,-0.0160041,-42.4261,-33.4703,3.5851
CCc1nc2ccc(-c3ccccc3Cl)c(C[NH3+])c2n1C,"CHEMBL263139",239,Done,2.19,-7.80006,"glide_grid_1X70",-7.91516,-1.35437,-0.546382,-0,-2.27933,-29.4767,-14.9684,0.142247,-0.158227,-75.2523,-44.4451,0.564218
CCc1nc2ccc(-c3ccccc3Cl)c(CN)c2n1C,"CHEMBL263139",240,Done,2.17,-3.53208,"glide_grid_1X70",-4.63238,-0.285054,-0.515961,-0,-1.52174,-25.6771,-8.19795,0.204408,-0.000483918,-41.0993,-33.875,6.38327
CCc1[nH+]c2ccc(-c3ccccc3Cl)c(CN)c2n1C,"CHEMBL263139",241,Done,2.05,-1.74576,"glide_grid_1X70",-4.36206,-0.618468,-0.28489,-0,-1.57557,-19.2702,-7.28635,0.203211,-0.029885,-39.7498,-26.5566,1.78773
C[C@@H]1C[NH2+]CCN1C(=O)C[C@H]([NH3+])Cc1ccccc1F,"CHEMBL264551",242,Done,3.25,-9.26834,"glide_grid_1X70",-9.33924,-1.20397,-0.859645,-0,-2.66747,-27.8068,-24.598,0.639297,-0.16742,-94.6049,-52.4048,7.84013
C[C@@H]1CNCCN1C(=O)C[C@H]([NH3+])Cc1ccccc1F,"CHEMBL264551",243,Done,4.33,-7.07048,"glide_grid_1X70",-8.48378,-1.1568,-0.859071,-0,-2.66466,-28.6514,-18.9941,0.643295,-0.164864,-82.1228,-47.6455,5.44828
C[C@@H]1C[NH2+]CCN1C(=O)C[C@H](N)Cc1ccccc1F,"CHEMBL264551",244,Done,3.11,-3.30007,"glide_grid_1X70",-5.63247,-0.833688,-0.444392,-0,-1.82223,-20.9665,-15.4709,0.918993,-0.0822016,-52.8784,-36.4374,4.63411
O=C(c1cccs1)[C@@H]1CCCN1C(=O)[C@@H]1C[C@@H]2CCCC[C@@H]2[NH2+]1,"CHEMBL269926",245,Done,5.66,-5.5121,"glide_grid_1X70",-5.6147,-0.589912,-0.691472,-0,-1.06748,-25.2568,-16.6856,0.677972,-0.178127,-54.4983,-41.9424,12.9581
Cc1nsc(N2CCN(C(=O)[C@H]3C[C@@H](C(=O)N4CCSC4)[NH2+][C@H]3C)CC2)n1,"CHEMBL269952",247,Done,5.29,-5.93892,"glide_grid_1X70",-6.04652,-1.21957,-0.260518,-0,-1.25694,-38.1824,-11.7327,0.581825,-0.222291,-74.1546,-49.9152,1.46363
Cc1nsc(N2CCN(C(=O)[C@H]3C[C@@H](C(=O)N4CCCC4)[NH2+][C@H]3C)CC2)n1,"CHEMBL269953",249,Done,5.53,-6.3625,"glide_grid_1X70",-6.4318,-1.06291,-0.350865,-0,-1.67003,-33.0132,-12.7664,0.441517,-0.223887,-70.0176,-45.7796,1.71592
COCc1nsc(N2CCN(C(=O)[C@@H]3C[NH2+][C@H](C(=O)N4CCCC4)C3)CC2)n1,"CHEMBL269965",251,Done,30.25,-7.43914,"glide_grid_1X70",-7.53284,-1.18978,-0.662577,-0,-1.66287,-35.8461,-16.6602,0.493134,-0.219419,-85.9513,-52.5062,3.45491
O=C([C@@H]1C[NH2+][C@H](C(=O)N2CCCC2)C1)N1CCN(c2nc(C(F)(F)F)ns2)CC1,"CHEMBL270163",253,Done,5.48,-7.08611,"glide_grid_1X70",-7.17981,-1.07059,-0.583063,-0,-1.47054,-40.7089,-14.0705,0.370818,-0.280413,-85.6434,-54.7794,3.19218
Cn1cnc2ccc(-c3ccccc3Cl)c(C[NH3+])c21,"CHEMBL270365",255,Done,1.59,-7.80279,"glide_grid_1X70",-7.91699,-1.34049,-0.473681,-0,-2.47857,-27.9873,-14.8676,0.168684,-0.163415,-72.9999,-42.855,0.462785
Cn1cnc2ccc(-c3ccccc3Cl)c(CN)c21,"CHEMBL270365",256,Done,1.51,-3.88374,"glide_grid_1X70",-4.95284,-1.11497,-0.304,-0,-1.84006,-22.5171,-5.23081,0.242527,-0.0258523,-37.3692,-27.7479,2.06324
Cc1nc(N2CCN(C(=O)[C@@H]3C[NH2+][C@H](C(=O)N4CCCC4)C3)CC2)no1,"CHEMBL270395",257,Done,5.44,-7.14964,"glide_grid_1X70",-7.24334,-1.15413,-0.520484,-0,-2.09742,-31.4289,-14.353,0.509119,-0.256038,-72.0096,-45.7819,4.4445
CN(C)C(=O)[C@@H]1C[NH2+][C@H](C(=O)N2CCCC2)C1,"CHEMBL271062",259,Done,2.95,-6.98266,"glide_grid_1X70",-7.07636,-0.974828,-0.409984,-0,-2.69924,-25.6074,-14.3734,0.629074,-0.184995,-66.0693,-39.9809,2.09868
CCc1nsc(N2CCN(C(=O)[C@@H]3C[NH2+][C@H](C(=O)N4CCCC4)C3)CC2)n1,"CHEMBL271444",261,Done,5.15,-7.10427,"glide_grid_1X70",-7.19797,-1.12889,-0.745421,-0,-1.70696,-33.5741,-14.3349,0.441517,-0.229277,-76.0431,-47.909,6.07586
[NH3+][C@H](C(=O)N1CCC[C@H]1C(=O)c1nc2ccccc2s1)C1CCCCC1,"CHEMBL271694",263,Done,7.06,-6.41454,"glide_grid_1X70",-6.73554,-0.976854,-0.823941,-0,-1.224,-29.8574,-18.2234,0.69598,-0.180342,-73.2083,-48.0809,3.82773
N[C@H](C(=O)N1CCC[C@H]1C(=O)c1nc2ccccc2s1)C1CCCCC1,"CHEMBL271694",264,Done,6.51,-4.28453,"glide_grid_1X70",-4.80083,-1.0001,-0.610753,-0,-1.01364,-32.0849,-7.93735,0.69936,-0.0808418,-51.0021,-40.0223,7.49538
Cc1nc(N2CCN(C(=O)[C@@H]3C[NH2+][C@H](C(=O)N4CCCC4)C3)CC2)sc1C,"CHEMBL271870",265,Done,5.15,-6.39951,"glide_grid_1X70",-6.52631,-0.933845,-0.48199,-0,-1.64856,-30.8197,-14.3869,0.443516,-0.206409,-69.983,-45.2066,3.98658
Cc1[nH+]c(N2CCN(C(=O)[C@@H]3C[NH2+][C@H](C(=O)N4CCCC4)C3)CC2)sc1C,"CHEMBL271870",267,Done,5.95,-5.33024,"glide_grid_1X70",-7.09074,-0.957487,-0.486534,-0,-1.63053,-30.5088,-18.1199,0.441476,-0.214235,-76.0195,-48.6287,3.61791
Cc1cc(N2CCN(C(=O)[C@@H]3C[NH2+][C@H](C(=O)N4CCCC4)C3)CC2)sn1,"CHEMBL272079",268,Done,5.1,-7.07019,"glide_grid_1X70",-7.16389,-1.03985,-0.583,-0,-1.88238,-34.6765,-14.5559,0.473434,-0.214884,-75.5924,-49.2324,4.15762
Cn1cnc2cc(C#N)c(-c3ccccc3Cl)c(C[NH3+])c21,"CHEMBL272114",270,Done,1.57,-5.93405,"glide_grid_1X70",-6.06145,-0.161747,-0.491891,-0,-1.9089,-25.6436,-14.5985,0.144801,-0.17176,-60.0616,-40.2421,5.02192
Cn1cnc2cc(C#N)c(-c3ccccc3Cl)c(CN)c21,"CHEMBL272114",271,Done,1.57,-3.04325,"glide_grid_1X70",-4.01655,-0.188102,-0.425822,-0,-1.38577,-23.2747,-6.68894,0.208089,-0.0578706,-37.8493,-29.9636,1.97104
Cn1cnc2ccc(-c3cc(F)ccc3Cl)c(C[NH3+])c21,"CHEMBL272771",272,Done,1.52,-8.21936,"glide_grid_1X70",-8.33356,-1.343,-0.524924,-0,-2.77564,-27.2517,-15.4676,0.150961,-0.158241,-74.4072,-42.7193,0.212257
Cn1cnc2ccc(-c3cc(F)ccc3Cl)c(CN)c21,"CHEMBL272771",273,Done,1.47,-4.50073,"glide_grid_1X70",-5.56983,-1.34199,-0.304,-0,-2.14664,-24.1783,-5.07417,0.216968,-0.024127,-40.0384,-29.2524,1.81016
Cc1csc(N2CCN(C(=O)[C@@H]3C[NH2+][C@H](C(=O)N4CCCC4)C3)CC2)n1,"CHEMBL273206",274,Done,5.69,-6.38161,"glide_grid_1X70",-6.49031,-0.834467,-0.408708,-0,-1.81037,-28.7105,-15.1512,0.473434,-0.201997,-67.5948,-43.8617,4.10714
Cc1csc(N2CCN(C(=O)[C@@H]3C[NH2+][C@H](C(=O)N4CCCC4)C3)CC2)[nH+]1,"CHEMBL273206",276,Done,6.11,-4.93008,"glide_grid_1X70",-7.08178,-0.92169,-0.469683,-0,-1.76011,-28.8783,-18.2019,0.471184,-0.227295,-74.2861,-47.0801,4.90507
Cn1cnc2cc(C(N)=O)c(-c3ccccc3Cl)c(C[NH3+])c21,"CHEMBL273209",277,Done,2.06,-6.25483,"glide_grid_1X70",-6.38173,-0.253184,-0.622131,-0,-1.83313,-22.5264,-17.0221,0.130624,-0.124273,-61.7999,-39.5485,3.66145
Cn1cnc2cc(C(N)=O)c(-c3ccccc3Cl)c(CN)c21,"CHEMBL273209",278,Done,2.1,-4.58719,"glide_grid_1X70",-5.57349,-1.09083,-0.446955,-0,-1.47728,-25.3112,-8.58309,0.187658,-0.193063,-44.408,-33.8943,3.94593
O=C([C@H]1CCC[NH2+]1)N1CCC[C@H]1P(=O)(Oc1ccccc1)Oc1ccccc1,"CHEMBL273851",279,Done,7.49,-3.76472,"glide_grid_1X70",-3.91332,-0.0670171,-0.288391,-0,-0.864878,-21.2239,-15.4301,0.852063,-0.169386,-43.4803,-36.654,17.2097
CC(C)(CC(=O)NCCc1ccc(C(F)(F)F)cc1)[NH2+]CC(=O)N1CCC[C@H]1C#N,"CHEMBL274103",281,Done,10.12,-4.85399,"glide_grid_1X70",-5.13509,-0.720498,-0.535044,-0,-1.13278,-30.9859,-12.6407,1.09586,-0.397226,-60.2479,-43.6266,10.5023
[NH3+][C@H]1CN(c2ccc(C(F)(F)F)cn2)CC[C@@H]1c1cc(F)c(F)cc1F,"CHEMBL274740",283,Done,2.61,-8.60913,"glide_grid_1X70",-8.61653,-1.20749,-0.531968,-0,-2.53821,-33.6257,-18.019,0.191355,-0.146081,-84.1481,-51.6446,0.45557
CC(C)(CC(=O)NCCc1ccccc1)[NH2+]CC(=O)N1CCC[C@H]1C#N,"CHEMBL274770",285,Done,7.87,-4.67313,"glide_grid_1X70",-4.95423,-0.836226,-0.391493,-0,-1.47876,-28.1812,-13.178,1.34836,-0.210358,-56.7571,-41.3591,6.10818
O=C([C@@H]1CCC[NH2+]1)N1CCC[C@H]1P(=O)(OCC(F)(F)F)OCC(F)(F)F,"CHEMBL276884",288,Done,9.79,-3.21285,"glide_grid_1X70",-3.36235,-0.0961936,-0.388416,-0,-0.930565,-22.2888,-8.60424,0.808497,-0.35059,-36.5619,-30.8931,10.2464
[NH3+][C@H](C(=O)N1C[C@@H](F)[C@H](F)C1)[C@H]1CC[C@H](NS(=O)(=O)c2ccc(F)cc2F)CC1,"CHEMBL277193",290,Done,4.1,-7.57607,"glide_grid_1X70",-7.89397,-0.755705,-0.801519,-0,-1.68217,-33.214,-21.1139,0.435843,-0.262635,-83.2687,-54.3279,8.79231
N[C@H](C(=O)N1C[C@@H](F)[C@H](F)C1)[C@H]1CC[C@H](NS(=O)(=O)c2ccc(F)cc2F)CC1,"CHEMBL277193",291,Done,4.42,-3.86727,"glide_grid_1X70",-4.38797,-0.7889,-0.533369,-0,-0.705739,-27.3463,-9.37945,0.625238,-0.210971,-42.5994,-36.7258,6.97078
[NH3+][C@H](C(=O)N1CCC(F)(F)C1)[C@H]1CC[C@H](NC(=O)c2ccccc2C(F)(F)F)CC1,"CHEMBL277635",292,Done,7.38,-8.0068,"glide_grid_1X70",-8.3253,-1.03294,-0.976229,-0,-1.85279,-33.1877,-19.9226,0.443217,-0.258796,-89.4026,-53.1102,7.99919
N[C@H](C(=O)N1CCC(F)(F)C1)[C@H]1CC[C@H](NC(=O)c2ccccc2C(F)(F)F)CC1,"CHEMBL277635",293,Done,7.43,-5.27854,"glide_grid_1X70",-5.79834,-0.949004,-0.601202,-0,-1.80208,-33.7512,-8.42351,0.635839,-0.130811,-54.7608,-42.1747,8.15117
[NH3+][C@H](C(=O)N1CC[C@@H](F)C1)[C@H]1CC[C@H](NC(=O)OCc2ccccc2)CC1,"CHEMBL277693",294,Done,6.82,-7.36651,"glide_grid_1X70",-7.62621,-0.92563,-0.882434,-0,-1.86647,-33.3547,-18.2778,0.662971,-0.205246,-85.1605,-51.6325,5.6185
N[C@H](C(=O)N1CC[C@@H](F)C1)[C@H]1CC[C@H](NC(=O)OCc2ccccc2)CC1,"CHEMBL277693",295,Done,5.69,-3.76304,"glide_grid_1X70",-4.37694,-0.984248,-0.309011,-0,-1.10132,-36.0457,-6.92575,0.951635,-0.0928465,-48.9388,-42.9714,10.2595
[NH3+][C@H](C(=O)N1CCCC1)C1CCCCC1,"CHEMBL278393",296,Done,2.34,-6.59582,"glide_grid_1X70",-6.79462,-0.773218,-0.409664,-0,-2.89939,-26.5622,-13.4404,0.782032,-0.150212,-65.1427,-40.0026,3.09069
N[C@H](C(=O)N1CCCC1)C1CCCCC1,"CHEMBL278393",297,Done,2.45,-3.25482,"glide_grid_1X70",-3.99852,-0.77364,-0.208023,-0,-2.32897,-27.5186,-2.60326,1.12619,-0.0476585,-35.5694,-30.1219,4.93529
[NH3+][C@H](C(=O)N1CCCC1)[C@H]1CC[C@H](NC(=O)c2ccc(F)c(F)c2)CC1,"CHEMBL278558",298,Done,6.08,-7.19492,"glide_grid_1X70",-7.40932,-0.833473,-0.80731,-0,-1.76839,-32.0487,-18.2719,0.602071,-0.258995,-81.8704,-50.3206,4.17059
N[C@H](C(=O)N1CCCC1)[C@H]1CC[C@H](NC(=O)c2ccc(F)c(F)c2)CC1,"CHEMBL278558",299,Done,6.06,-4.00476,"glide_grid_1X70",-4.71096,-0.744722,-0.562261,-0,-1.3263,-34.2053,-6.91558,0.864341,-0.194412,-49.9753,-41.1209,7.81351
C[C@@H](c1ccc(-c2cc(F)ccc2F)cc1)[C@H](N)C(=O)N1CC[C@H](F)C1,"CHEMBL278729",300,Done,3.72,-5.00102,"glide_grid_1X70",-5.39102,-1.18035,-0.228844,-0,-1.87677,-34.0598,-5.29207,0.584849,-0.19311,-53.9285,-39.3519,1.20716
C[C@@H](c1ccc(-c2cc(F)ccc2F)cc1)[C@H]([NH3+])C(=O)N1CC[C@H](F)C1,"CHEMBL278729",301,Done,3.85,-6.32976,"glide_grid_1X70",-6.76186,-1.18854,-0.289913,-0,-2.68536,-17.5287,-14.5846,0.581959,-0.115875,-52.4574,-32.1134,4.61885
[NH3+][C@H](C(=O)N1CCC(F)(F)C1)[C@H]1CC[C@H](NC(=O)OCc2ccccc2)CC1,"CHEMBL279944",302,Done,7.24,-6.42784,"glide_grid_1X70",-6.74564,-0.899729,-0.618556,-0,-0.849616,-32.3603,-21.0252,0.609952,-0.215887,-77.7252,-53.3855,10.286
N[C@H](C(=O)N1CCC(F)(F)C1)[C@H]1CC[C@H](NC(=O)OCc2ccccc2)CC1,"CHEMBL279944",303,Done,6.36,-4.25819,"glide_grid_1X70",-4.77909,-0.887987,-0.261663,-0,-1.88888,-35.6514,-5.03517,0.875358,-0.0780678,-51.9865,-40.6865,6.05583
[NH3+][C@H](C(=O)N1CCC(F)(F)C1)C1CCCCC1,"CHEMBL280658",304,Done,2.23,-7.16646,"glide_grid_1X70",-7.46346,-0.786657,-0.490712,-0,-2.76605,-24.6671,-17.4316,0.599021,-0.170984,-70.1567,-42.0986,3.70367
N[C@H](C(=O)N1CCC(F)(F)C1)C1CCCCC1,"CHEMBL280658",305,Done,2.38,-4.23342,"glide_grid_1X70",-4.78482,-0.76619,-0.206626,-0,-2.63538,-25.8079,-4.61826,0.861748,-0.0552402,-37.3337,-30.4261,4.71045
[NH3+][C@H](C(=O)N1CC[C@H](F)C1)[C@H]1CC[C@H](NS(=O)(=O)c2ccc(OC(F)(F)F)cc2)CC1,"CHEMBL281178",306,Done,6.04,-6.68963,"glide_grid_1X70",-6.95353,-0.841425,-0.417548,-0,-1.59087,-36.0543,-16.6366,0.450759,-0.256228,-83.155,-52.6909,5.64164
[NH3+][C@H](C(=O)N1CC[C@@H](F)C1)[C@H]1CC[C@H](NS(=O)(=O)c2ccc(OC(F)(F)F)cc2)CC1,"CHEMBL281561",308,Done,6.14,-6.86096,"glide_grid_1X70",-7.12486,-1.41842,-0.416467,-0,-1.12454,-33.8536,-18.0983,0.450759,-0.208776,-81.746,-51.9519,5.95961
N[C@H](C(=O)N1CC[C@@H](F)C1)[C@H]1CC[C@H](NS(=O)(=O)c2ccc(OC(F)(F)F)cc2)CC1,"CHEMBL281561",309,Done,5.82,-1.58682,"glide_grid_1X70",-2.19302,-0.776993,-0.694759,-0,2.20073,-34.4601,-10.2454,0.646475,-0.30866,-31.1938,-44.7055,21.6421
[NH3+][C@H](C(=O)N1CC[C@@H](F)C1)[C@H]1CC[C@H](NS(=O)(=O)c2ccc(F)cc2F)CC1,"CHEMBL283309",310,Done,4.66,-7.2123,"glide_grid_1X70",-7.4762,-1.20148,-0.45262,-0,-1.27107,-36.4776,-18.8541,0.470201,-0.369239,-84.9354,-55.3317,7.06763
N[C@H](C(=O)N1CC[C@@H](F)C1)[C@H]1CC[C@H](NS(=O)(=O)c2ccc(F)cc2F)CC1,"CHEMBL283309",311,Done,4.37,-4.36362,"glide_grid_1X70",-4.96982,-1.20384,-0.30746,-0,-1.26203,-34.3587,-5.93038,0.674636,-0.263628,-49.8455,-40.2891,6.39512
[NH3+][C@H](C(=O)N1CCSC1)[C@H]1CC[C@H](NC(=O)c2ccccc2C(F)(F)F)CC1,"CHEMBL283368",312,Done,8.93,-7.65998,"glide_grid_1X70",-7.97428,-0.998139,-0.82844,-0,-1.51132,-35.5012,-20.4772,0.47837,-0.268114,-93.0581,-55.9784,5.84464
N[C@H](C(=O)N1CCSC1)[C@H]1CC[C@H](NC(=O)c2ccccc2C(F)(F)F)CC1,"CHEMBL283368",313,Done,8.58,-5.10786,"glide_grid_1X70",-5.63376,-0.933441,-0.857134,-0,-1.09183,-37.8134,-9.47347,0.686383,-0.126042,-60.4569,-47.2869,8.04676
Cc1cccc(C)c1N1C(=O)c2ccc(N)cc2C1=O,"CHEMBL283880",314,Done,1.03,-3.93228,"glide_grid_1X70",-3.93228,0,-0.551027,-0,-1.59345,-16.5847,-7.26862,0.251173,-0.119449,-30.0806,-23.8534,0.00925934
CCOC(=O)CCc1c[nH+]c(CN)c2cc(OC)c(OC)cc12,"CHEMBL288207",315,Done,7.1,-4.41632,"glide_grid_1X70",-4.66622,-0.524057,-0.537915,-0,-1.35937,-26.0001,-10.9433,0.73168,-0.0350521,-48.1439,-36.9435,9.73484
CCOC(=O)CCc1cnc(C[NH3+])c2cc(OC)c(OC)cc12,"CHEMBL288207",316,Done,5.89,-4.8781,"glide_grid_1X70",-5.8503,-0.115844,-0.765037,-0,-1.76124,-23.0061,-16.3689,0.512176,-0.114711,-58.1693,-39.375,5.77497
CCOC(=O)CCc1cnc(CN)c2cc(OC)c(OC)cc12,"CHEMBL288207",317,Done,7.96,-2.50253,"glide_grid_1X70",-3.62843,-0.449365,-0.404647,-0,-1.42392,-26.2225,-5.16756,0.735765,0,-37.1503,-31.3901,6.00105
Nc1nc(-c2ccccc2)nc(-c2ccccc2)c1C[NH3+],"CHEMBL289562",318,Done,2.19,-7.43757,"glide_grid_1X70",-7.78397,-1.3722,-0.55844,-0,-2.45466,-28.8916,-14.0331,0.327747,-0.176873,-74.0027,-42.9247,0.226854
NCc1c(N)nc(-c2ccccc2)nc1-c1ccccc1,"CHEMBL289562",319,Done,2.11,-4.9765,"glide_grid_1X70",-5.4593,-1.34278,-0.304,-0,-1.95785,-29.8627,-5.15739,0.471176,-0.0591022,-45.6215,-35.0201,2.75894
CCOC(=O)c1cnc(CC[NH3+])c2cc(OC)c(OC)cc12,"CHEMBL289580",320,Done,4.51,-5.90845,"glide_grid_1X70",-5.90845,-0.0482325,-0.490717,-0,-1.85717,-22.1389,-17.7357,0.415681,-0.160713,-56.7348,-39.8746,8.99483
N[C@@H](Cc1c[nH]c2ccccc12)C(=O)N1Cc2ccccc2C[C@H]1C(=O)N[C@@H](CCC(=O)[O-])C(=O)[O-],"CHEMBL290598",321,Done,10.24,-2.38543,"glide_grid_1X70",-2.66353,-0.657455,-0.581295,-0,1.12556,-35.3422,-9.14044,0.676682,-0.0888431,-44.4507,-44.4826,9.36287
[NH3+][C@@H](Cc1c[nH]c2ccccc12)C(=O)N1Cc2ccccc2C[C@H]1C(=O)N[C@@H](CCC(=O)[O-])C(=O)[O-],"CHEMBL290598",322,Done,9.39,-4.1036,"glide_grid_1X70",-4.6883,-1.46836,-0.701046,-0,0.394685,-33.6905,-10.0664,0.4719,-0.190988,-56.5025,-43.7569,10.0575
N[C@H](C(=O)N1CCC[C@H]1B(O)O)c1ccccc1,"CHEMBL291428",323,Done,2.26,-4.42969,"glide_grid_1X70",-4.46079,-0.165617,-0.607223,-0,-1.7424,-18.1399,-13.8504,1.13485,-0.0958285,-41.2314,-31.9904,2.74489
[NH3+][C@H](C(=O)N1CCC[C@H]1B(O)O)c1ccccc1,"CHEMBL291428",324,Done,2.64,-5.33572,"glide_grid_1X70",-7.09722,-0.636219,-0.57845,-0,-2.55373,-24.0165,-17.975,0.788894,-0.220628,-67.4876,-41.9916,3.08771
O=C([C@@H]1CC[NH2+]1)N1CCC[C@H]1B(O)O,"CHEMBL292342",325,Done,1.95,-5.31033,"glide_grid_1X70",-5.42503,-0.0481831,-0.4,-0,-2.27665,-17.7572,-18.772,1.23491,-0.231442,-54.7059,-36.5292,6.12922
O=C([C@@H]1CCN1)N1CCC[C@H]1B(O)O,"CHEMBL292342",326,Done,1.84,-2.85931,"glide_grid_1X70",-3.88871,-0.1757,-0.288,-0,-2.05476,-13.5877,-12.149,1.24539,-0.113905,-32.4868,-25.7367,2.2558
N[C@@H](Cc1cnc[nH]1)C(=O)N1CCC[C@H]1B(O)O,"CHEMBL303131",327,Done,4.12,-4.47509,"glide_grid_1X70",-5.23119,-0.04504,-0.632401,-0,-1.72135,-21.2196,-17.7987,1.10421,-0.205838,-49.4015,-39.0182,6.42526
N[C@@H](Cc1c[nH]cn1)C(=O)N1CCC[C@H]1B(O)O,"CHEMBL303131",328,Done,3.32,-2.52156,"glide_grid_1X70",-3.39076,0,-0.310103,-0,-1.73023,-21.433,-8.41545,1.10421,-0.120673,-35.7605,-29.8484,4.27191
[NH3+][C@@H](Cc1c[nH]cn1)C(=O)N1CCC[C@H]1B(O)O,"CHEMBL303131",329,Done,4.07,-5.29976,"glide_grid_1X70",-6.18846,-0.152618,-0.662608,-0,-2.21172,-22.0408,-17.1868,0.767672,-0.249127,-63.1316,-39.2276,2.33896
[NH3+][C@@H](Cc1cnc[nH]1)C(=O)N1CCC[C@H]1B(O)O,"CHEMBL303131",330,Done,4.19,-5.1689,"glide_grid_1X70",-6.2225,-0.1537,-0.552,-0,-1.90829,-25.4133,-20.7735,1.09667,-0.318498,-70.1274,-46.1868,5.57101
N[C@@H](Cc1c[nH]c[nH+]1)C(=O)N1CCC[C@H]1B(O)O,"CHEMBL303131",331,Done,3.9,-3.80542,"glide_grid_1X70",-5.22532,-0.0135554,-0.406332,-0,-1.68224,-10.7606,-23.0799,1.09667,-0.219853,-47.0191,-33.8405,8.83217
N[C@@H](Cc1ccc(O)cc1)C(=O)N1CCC[C@H]1B(O)O,"CHEMBL304007",332,Done,6.27,-4.86774,"glide_grid_1X70",-5.14144,-1.00357,-0.311913,-0,-1.74916,-25.4364,-11.7421,1.16492,-0.208582,-41.4835,-37.1785,14.5573
[NH3+][C@@H](Cc1ccc(O)cc1)C(=O)N1CCC[C@H]1B(O)O,"CHEMBL304007",333,Done,4.35,-6.33647,"glide_grid_1X70",-6.93767,-0.983825,-0.359537,-0,-2.33748,-27.3378,-16.4286,0.810339,-0.235985,-67.1446,-43.7664,6.50344
CC(C)[C@@H]([NH3+])C(=O)N1CCC[C@H]1B(O)O,"CHEMBL305170",334,Done,2.76,-6.37489,"glide_grid_1X70",-6.58909,-0.0488719,-0.387904,-0,-2.47151,-15.1538,-22.5658,0.759228,-0.297468,-59.1402,-37.7196,7.84083
CC(C)[C@@H](N)C(=O)N1CCC[C@H]1B(O)O,"CHEMBL305170",335,Done,2.35,-3.22448,"glide_grid_1X70",-3.93118,-0.199614,-0.27426,-0,-1.94925,-17.7131,-10.2965,1.09322,-0.171147,-33.7175,-28.0096,5.1367
N#C[C@@H]1CCCN1C(=O)[C@@H]([NH3+])C1CCCCC1,"CHEMBL307636",336,Done,2.37,-6.68582,"glide_grid_1X70",-7.03112,-0.715073,-0.778946,-0,-2.14893,-17.57,-21.5996,0.924682,-0.194413,-65.7105,-39.1696,2.99831
N#C[C@@H]1CCCN1C(=O)[C@@H](N)C1CCCCC1,"CHEMBL307636",337,Done,2.29,-4.01572,"glide_grid_1X70",-4.49992,-0.656754,-0.43598,-0,-2.00406,-22.565,-7.2317,0.931434,-0.121552,-37.4521,-29.7967,4.35405
C[NH2+][C@H](C(=O)N1CCC[C@H]1C#N)C(C)C,"CHEMBL313423",338,Done,1.84,-5.41642,"glide_grid_1X70",-5.64862,-0.227274,-0.518514,-0,-2.14003,-16.5455,-16.7525,0.750912,-0.173569,-49.4632,-33.298,3.83989
Cc1cccc(C)c1N1C(=O)c2cccc(N)c2C1=O,"CHEMBL315471",342,Done,1.15,-3.39705,"glide_grid_1X70",-3.39705,-0.300644,-0.277716,-0,-1.59345,-20.3948,-2.09192,0.251173,-0.142886,-27.6144,-22.4868,0.232673
[NH3+][C@@H](CCNc1ncccc1[N+](=O)[O-])C(=O)N1CCCCC1,"CHEMBL316487",343,Done,13.69,-7.25653,"glide_grid_1X70",-7.47723,-1.31799,-0.429359,-0,-2.35973,-29.6742,-15.6774,0.680993,-0.215819,-75.014,-45.3516,3.24101
N[C@@H](CCNc1ncccc1[N+](=O)[O-])C(=O)N1CCCCC1,"CHEMBL316487",344,Done,14.5,-3.95189,"glide_grid_1X70",-4.64389,-1.15794,-0.315249,-0,-1.81417,-30.7826,-3.36278,0.978452,-0.291427,-39.2442,-34.1454,12.8475
N#C[C@@H]1CCCN1C(=O)C[NH2+]CC12C[C@H]3C[C@@H](C1)C[C@@H](C2)C3,"CHEMBL316832",345,Done,5.6,-6.12136,"glide_grid_1X70",-6.30316,-0.986197,-0.590894,-0,-1.84645,-18.8372,-17.0407,0.805193,-0.186844,-50.5984,-35.8779,14.2399
N[C@H](Cc1ccc(O)cc1)C(=O)N1CCCC1,"CHEMBL317126",347,Done,2.88,-4.30125,"glide_grid_1X70",-4.61695,-0.701613,-0.685856,-0,-2.06797,-22.6555,-6.32192,0.938419,-0.0188661,-36.1615,-28.9774,4.63989
[NH3+][C@H](Cc1ccc(O)cc1)C(=O)N1CCCC1,"CHEMBL317126",348,Done,3.14,-6.65075,"glide_grid_1X70",-7.18565,-0.841064,-0.457048,-0,-2.58814,-27.4053,-15.6649,0.652113,-0.231514,-69.7833,-43.0702,4.20656
N[C@@H](CC[NH2+]CCc1ccccc1)C(=O)N1CCCCC1,"CHEMBL317312",349,Done,12.01,-5.45376,"glide_grid_1X70",-5.73276,-1.10789,-0.51569,-0,-2.37552,-24.9464,-14.6575,1.815,-0.102719,-59.6249,-39.6039,6.02796
[NH3+][C@@H](CC[NH2+]CCc1ccccc1)C(=O)N1CCCCC1,"CHEMBL317312",350,Done,13.94,-7.13906,"glide_grid_1X70",-7.74036,-1.53806,-0.513354,-0,-2.64487,-30.1254,-20.9196,1.80407,-0.203938,-88.9743,-51.0449,4.32717
[NH3+][C@@H](CCNCCc1ccccc1)C(=O)N1CCCCC1,"CHEMBL317312",351,Done,16.1,-4.06813,"glide_grid_1X70",-6.63323,-1.41173,-0.422696,-0,-2.59212,-30.6547,-15.6192,1.815,-0.146066,-69.9756,-46.2739,8.90095
CCCC[NH2+]CC(=O)N1CCC[C@H]1C#N,"CHEMBL317787",352,Done,9.67,-5.83859,"glide_grid_1X70",-6.04899,-0.498649,-0.454345,-0,-2.66352,-19.5093,-16.681,1.3141,-0.268959,-55.748,-36.1903,4.93915
N[C@H](Cc1cnc[nH]1)C(=O)N1CCCC1,"CHEMBL317944",354,Done,2.54,-5.00938,"glide_grid_1X70",-5.80868,-1.06738,-0.304,-0,-2.36455,-24.5225,-9.49783,0.763259,-0.185217,-44.0705,-34.0203,8.30973
[NH3+][C@H](Cc1c[nH]cn1)C(=O)N1CCCC1,"CHEMBL317944",355,Done,2.7,-6.83186,"glide_grid_1X70",-7.66306,-0.778766,-0.435081,-0,-2.90284,-25.65,-17.119,0.529975,-0.225999,-70.5083,-42.769,4.77057
N[C@H](Cc1c[nH]cn1)C(=O)N1CCCC1,"CHEMBL317944",356,Done,2.76,-5.72554,"glide_grid_1X70",-6.64364,-1.09413,-0.691572,-0,-2.84163,-16.8257,-11.8786,0.763259,-0.156493,-39.5745,-28.7043,8.78458
[NH3+][C@H](Cc1cnc[nH]1)C(=O)N1CCCC1,"CHEMBL317944",357,Done,2.63,-6.78662,"glide_grid_1X70",-7.77322,-0.784927,-0.541363,-0,-2.88975,-24.8492,-16.6267,0.529975,-0.350704,-70.1846,-41.4759,4.21303
N[C@H](Cc1c[nH]c[nH+]1)C(=O)N1CCCC1,"CHEMBL317944",358,Done,2.76,-4.79474,"glide_grid_1X70",-6.25504,-0.968126,-0.297128,-0,-2.32919,-22.5629,-13.8365,0.757108,-0.214078,-53.9202,-36.3995,3.01686
N[C@@H](CC[NH2+]Cc1cccc(Cl)c1)C(=O)N1CCCCC1,"CHEMBL317949",359,Done,20.11,-5.28576,"glide_grid_1X70",-5.73806,-0.83085,-0.35112,-0,-2.16885,-27.6872,-10.4222,0.67146,-0.111001,-56.8889,-38.1095,9.47766
[NH3+][C@@H](CC[NH2+]Cc1cccc(Cl)c1)C(=O)N1CCCCC1,"CHEMBL317949",360,Done,16.59,-9.08082,"glide_grid_1X70",-9.78902,-1.63647,-0.693621,-0,-2.59402,-31.3719,-24.7481,0.667651,-0.251758,-105.569,-56.1199,11.0608
[NH3+][C@@H](CCNCc1cccc(Cl)c1)C(=O)N1CCCCC1,"CHEMBL317949",361,Done,23.13,-6.21654,"glide_grid_1X70",-7.29554,-1.3237,-0.464872,-0,-2.37187,-27.6935,-15.1464,0.67146,-0.149923,-71.6443,-42.8399,5.10971
N[C@@H](CCNCc1cccc(Cl)c1)C(=O)N1CCCCC1,"CHEMBL317949",362,Done,25.73,-3.39206,"glide_grid_1X70",-4.97266,-0.999639,-0.576,-0,-1.73918,-30.4959,-7.19053,0.964715,-0.0191855,-42.1799,-37.6864,15.3936
O=C(C[NH2+]C12C[C@H]3C[C@@H](C1)C[C@@H](C2)C3)N1CCCCC1,"CHEMBL318511",363,Done,3.61,-6.53587,"glide_grid_1X70",-6.59317,-1.20396,-0.4,-0,-2.18789,-25.7007,-12.1895,0.467972,-0.155842,-59.1735,-37.8902,5.50534
[NH3+][C@@H](CCNC(=O)c1ccccc1)C(=O)N1CCCCC1,"CHEMBL318670",367,Done,9.11,-8.02348,"glide_grid_1X70",-8.36688,-1.62396,-0.516945,-0,-2.5007,-32.1562,-17.7767,0.756446,-0.207411,-84.2615,-49.9328,6.35868
N[C@@H](CCNC(=O)c1ccccc1)C(=O)N1CCCCC1,"CHEMBL318670",368,Done,11.9,-2.66696,"glide_grid_1X70",-3.15356,-1.27688,-0.243696,-0,-0.566252,-33.8962,-2.12625,1.08721,-0.140198,-34.0274,-36.0224,12.5838
N#Cc1ccc(NCCC[NH2+]CC(=O)N2CCC[C@H]2C#N)nc1,"CHEMBL318775",369,Done,5.88,-5.9793,"glide_grid_1X70",-6.1861,-0.871204,-0.620817,-0,-1.94654,-32.7181,-16.2754,1.51301,-0.18332,-71.4021,-48.9935,5.52861
N#Cc1ccc(NCCCNCC(=O)N2CCC[C@H]2C#N)nc1,"CHEMBL318775",370,Done,6.59,-3.76313,"glide_grid_1X70",-4.48723,-0.591838,-0.516124,-0,-2.12441,-33.4879,-6.34817,1.5216,-0.149832,-48.6398,-39.8361,5.51546
N#C[C@@H]1CCCN1C(=O)C[NH2+]C12C[C@H]3C[C@@H](C1)C[C@@H](C2)C3,"CHEMBL319080",371,Done,3.07,-5.81568,"glide_grid_1X70",-5.92508,-0.855969,-0.4,-0,-2.06664,-25.4195,-12.0439,0.656134,-0.181045,-55.6045,-37.4634,7.42692
N#C[C@@H]1CCCCN1C(=O)[C@@H](N)CC[NH2+]Cc1ccc(Cl)cc1,"CHEMBL319350",373,Done,5.74,-6.73609,"glide_grid_1X70",-7.04169,-1.47472,-0.652992,-0,-1.85935,-27.7574,-16.7871,1.00423,-0.152939,-67.4746,-44.5444,8.98678
N#C[C@@H]1CCCCN1C(=O)[C@@H]([NH3+])CC[NH2+]Cc1ccc(Cl)cc1,"CHEMBL319350",374,Done,6.19,-7.41982,"glide_grid_1X70",-8.38212,-1.7415,-0.590287,-0,-2.02675,-27.5639,-22.6382,0.998912,-0.248564,-75.6122,-50.2021,26.4775
N#C[C@@H]1CCCCN1C(=O)[C@@H]([NH3+])CCNCc1ccc(Cl)cc1,"CHEMBL319350",375,Done,8.44,-6.24596,"glide_grid_1X70",-7.54406,-1.60065,-0.465088,-0,-1.92119,-28.7276,-19.748,1.00423,-0.162786,-72.8014,-48.4755,10.326
C[C@H](N)C(=O)N1CCC[C@H]1C#N,"CHEMBL319514",377,Done,1.17,-4.56508,"glide_grid_1X70",-4.94538,-0.214293,-0.579405,-0,-2.24853,-12.7748,-11.4534,0.54835,-0.0947488,-32.1735,-24.2282,1.07366
C[C@H]([NH3+])C(=O)N1CCC[C@H]1C#N,"CHEMBL319514",378,Done,1.2,-6.13954,"glide_grid_1X70",-6.58224,-0.22068,-0.72,-0,-2.47457,-15.1218,-18.5209,0.543016,-0.175794,-57.8167,-33.6426,0.467095
N#C[C@@H]1CCCN1C(=O)C[NH2+]C1CCN(C(=O)C2CCCCC2)CC1,"CHEMBL319798",380,Done,6.74,-5.25521,"glide_grid_1X70",-6.12371,-1.52637,-0.368394,-0,-2.32307,-12.216,-13.932,0.94542,-0.150702,-39.0532,-26.148,5.31766
CCC[NH2+]CC(=O)N1CCC[C@H]1C#N,"CHEMBL320143",381,Done,3.94,-5.93556,"glide_grid_1X70",-6.14596,-0.350317,-0.463814,-0,-2.69943,-17.3455,-17.9366,1.17974,-0.25436,-54.5324,-35.2822,4.79668
N#C[C@@H]1CCCCN1C(=O)[C@@H](N)CC[NH3+],"CHEMBL320672",383,Done,1.65,0.484328,"glide_grid_1X70",0.322928,-0.96531,-0.467549,-0,2.63714,-2.04281,-9.64178,0.782279,-0.115222,18.4185,-11.6846,24.9727
N#C[C@@H]1CCCCN1C(=O)[C@@H]([NH3+])CC[NH3+],"CHEMBL320672",384,Done,2.38,-7.71808,"glide_grid_1X70",-8.60278,-0.765839,-0.73357,-0,-2.81211,-16.7195,-26.6852,0.776052,-0.231344,-75.6075,-43.4047,9.40363
N#C[C@@H]1CCCCN1C(=O)[C@@H]([NH3+])CCN,"CHEMBL320672",385,Done,2.27,-4.40576,"glide_grid_1X70",-6.94156,-0.899124,-0.54041,-0,-2.83334,-19.7997,-15.4114,0.782279,-0.149274,-55.595,-35.2111,5.92621
N#C[C@@H]1CCCN1C(=O)C[NH2+]CCOc1ccccc1,"CHEMBL321509",387,Done,7.77,-4.75644,"glide_grid_1X70",-5.58764,-1.51316,-0.549363,-0,-2.15478,-29.0982,-17.3098,2.86284,-0.181803,-63.9639,-46.4079,11.8821
N#Cc1ccc(NCC[N+]2=C(N)[C@@H]3CCCN3C(=O)C2)nc1,"CHEMBL321724",388,Done,1.94,-6.18839,"glide_grid_1X70",-6.18889,-0.304592,-0.502387,-0,-1.59292,-19.5544,-22.1925,0.819767,-0.302153,-62.1903,-41.7469,2.20441
N#Cc1ccc(NCC[NH2+]CC(=O)N2CCC[C@@H]2C#N)nc1,"CHEMBL322903",389,Done,5.29,-5.70055,"glide_grid_1X70",-5.91855,-0.773219,-0.3713,-0,-2.84402,-21.9474,-16.8869,2.00843,-0.308032,-58.0813,-38.8343,7.3407
N#Cc1ccc(NCCNCC(=O)N2CCC[C@@H]2C#N)nc1,"CHEMBL322903",390,Done,6.05,-3.00133,"glide_grid_1X70",-3.69943,-0.456585,-0.417288,-0,-2.17924,-32.6344,-11.972,2.88616,-0.104959,-50.1438,-44.6064,6.11805
CC(C)([NH3+])[C@H](O)NCC(=O)N1CCC[C@H]1C#N,"CHEMBL323129",391,Done,8.41,-6.72526,"glide_grid_1X70",-6.74566,-0.713681,-0.675049,-0,-2.46271,-22.1761,-18.6822,1.18988,-0.172964,-65.2977,-40.8583,2.24924
CC(C)(N)[C@H](O)NCC(=O)N1CCC[C@H]1C#N,"CHEMBL323129",392,Done,8.99,-2.14038,"glide_grid_1X70",-4.14598,-0.613787,-0.379778,-0,-2.05146,-19.761,-7.57713,1.19841,-0.174739,-34.053,-27.3381,6.81074
N#C[C@@H]1CCCN1C(=O)C[NH2+]C1CCCCCC1,"CHEMBL323130",393,Done,12.36,-6.69902,"glide_grid_1X70",-6.84102,-0.920068,-0.421014,-0,-2.42719,-21.9425,-15.3524,0.586552,-0.259321,-59.6673,-37.2949,4.68682
COCCN(C)c1nc(N)c(C[NH3+])c(-c2ccc(Cl)cc2Cl)n1,"CHEMBL324777",395,Done,4.84,-7.1888,"glide_grid_1X70",-7.5059,-1.21697,-0.685378,-0,-1.72366,-29.0689,-17.9043,0.419935,-0.160739,-76.979,-46.9732,2.89443
COCCN(C)c1nc(N)c(CN)c(-c2ccc(Cl)cc2Cl)n1,"CHEMBL324777",396,Done,4.3,-5.01645,"glide_grid_1X70",-5.69095,-1.46607,-0.747679,-0,-1.34388,-25.5603,-9.2082,0.602933,-0.0770099,-47.2199,-34.7685,4.3594
COCCN(C)c1nc(N)c(CN)c(-c2ccc(Cl)cc2Cl)[nH+]1,"CHEMBL324777",397,Done,8.74,-3.48167,"glide_grid_1X70",-5.22337,-1.71033,-0.304,-0,-1.3558,-27.5919,-6.90575,0.599907,-0.0376915,-46.3904,-34.4976,5.67531
COCCN(C)c1nc(-c2ccc(Cl)cc2Cl)c(CN)c(N)[nH+]1,"CHEMBL324777",398,Done,4.61,-2.52177,"glide_grid_1X70",-4.42467,-1.54826,-0.304,-0,-1.34508,-25.7627,-3.43035,0.599907,-0.0245579,-41.2375,-29.193,8.55308
CC(C)(CNc1ccc(C#N)cn1)[NH2+]CC(=O)N1CCC[C@H]1C#N,"CHEMBL327166",399,Done,4.98,-6.02519,"glide_grid_1X70",-6.12179,-0.841715,-0.300863,-0,-2.38023,-34.2481,-12.7189,1.22558,-0.204322,-64.3237,-46.967,10.5753
CC(C)(CNc1ccc(C#N)cn1)NCC(=O)N1CCC[C@H]1C#N,"CHEMBL327166",400,Done,6.34,-2.42746,"glide_grid_1X70",-3.54986,-0.275615,-0.368941,-0,-1.29021,-28.8765,-7.82727,1.23227,-0.229445,-45.1628,-36.7037,4.69741
N#C[C@@H]1CCCN1C(=O)C[NH2+]CCC(c1ccccc1)c1ccccc1,"CHEMBL327264",401,Done,6.14,-7.0557,"glide_grid_1X70",-7.3746,-1.38453,-0.596948,-0,-2.11305,-34.5579,-14.7096,0.87796,-0.223693,-78.0641,-49.2675,6.56372
COc1cccc(C[NH2+]CC[C@H](N)C(=O)N2CCCCC2)c1,"CHEMBL327499",403,Done,10.37,-5.40194,"glide_grid_1X70",-5.83684,-1.04293,-0.342936,-0,-1.99908,-34.1064,-12.1796,1.18037,-0.1,-67.6949,-46.286,5.15142
COc1cccc(C[NH2+]CC[C@H]([NH3+])C(=O)N2CCCCC2)c1,"CHEMBL327499",404,Done,8.24,-8.05444,"glide_grid_1X70",-8.74364,-1.2768,-0.471855,-0,-2.64869,-27.7904,-23.9105,0.821511,-0.191719,-93.7004,-51.7008,8.09166
COc1cccc(CNCC[C@H]([NH3+])C(=O)N2CCCCC2)c1,"CHEMBL327499",405,Done,10.8,-6.92597,"glide_grid_1X70",-8.06767,-1.57339,-0.501015,-0,-2.38049,-33.4492,-17.4379,0.826258,-0.150895,-83.2564,-50.8871,7.74502
COc1cccc(CNCC[C@H](N)C(=O)N2CCCCC2)c1,"CHEMBL327499",406,Done,11.77,-2.87425,"glide_grid_1X70",-4.52215,-1.06797,-0.266975,-0,-1.70339,-33.9183,-6.50068,1.18721,0,-49.4092,-40.419,6.024
N[C@@H](CC[NH2+]C1CC[NH2+]CC1)C(=O)N1CCCCC1,"CHEMBL328197",407,Done,11.33,-7.66069,"glide_grid_1X70",-8.03549,-1.26233,-0.495286,-0,-3.0033,-17.6739,-19.6207,0.684868,-0.132644,-62.2482,-37.2946,11.1261
[NH3+][C@@H](CC[NH2+]C1CC[NH2+]CC1)C(=O)N1CCCCC1,"CHEMBL328197",408,Done,9.88,-8.7849,"glide_grid_1X70",-9.4826,-1.16636,-0.670842,-0,-2.91502,-22.5343,-30.8251,0.680473,-0.284135,-101.446,-53.3594,5.04238
[NH3+][C@@H](CCNC1CC[NH2+]CC1)C(=O)N1CCCCC1,"CHEMBL328197",409,Done,23.55,-7.19695,"glide_grid_1X70",-8.47535,-1.40388,-0.434297,-0,-2.62426,-26.4331,-21.4922,0.684868,-0.152307,-86.1096,-47.9253,1.80391
N[C@@H](CCNC1CC[NH2+]CC1)C(=O)N1CCCCC1,"CHEMBL328197",410,Done,21.88,-3.38196,"glide_grid_1X70",-5.21696,-1.27406,-0.296982,-0,-2.08214,-23.1872,-9.17161,0.984723,-0.0133954,-42.9019,-32.3588,6.7222
O=C(C[NH2+]C12C[C@H]3C[C@@H](C1)C[C@@H](C2)C3)N1CCc2ccccc2C1,"CHEMBL328613",411,Done,6.11,-5.3584,"glide_grid_1X70",-5.431,-1.55809,-0.0762935,-0,-2.00337,-12.6794,-8.77553,0.353852,-0.196797,-36.3797,-21.4549,3.40776
[NH3+]CCCC[C@H]([NH3+])C(=O)N1CCCC1,"CHEMBL328694",413,Done,7,-8.09701,"glide_grid_1X70",-8.36291,-0.935903,-0.505296,-0,-3.22405,-20.699,-24.0175,1.13096,-0.191059,-81.8826,-44.7165,5.3318
N[C@@H](CCCC[NH3+])C(=O)N1CCCC1,"CHEMBL328694",414,Done,8.35,-5.55151,"glide_grid_1X70",-6.15831,-0.830175,-0.664001,-0,-2.81659,-18.7527,-16.3144,1.62924,-0.0919869,-48.8625,-35.0671,10.848
N#C[C@@H]1CCCN1C(=O)C[NH2+]C1CCN(c2nc3ccccc3s2)CC1,"CHEMBL328794",416,Done,5.3,-5.09677,"glide_grid_1X70",-5.79457,-0.819007,-0.423212,-0,-1.59804,-32.3611,-12.425,0.702754,-0.175268,-66.5777,-44.786,3.70644
NC(=O)C[C@H](N)C(=O)N1CCCC1,"CHEMBL328795",417,Done,2.03,-5.47564,"glide_grid_1X70",-5.88464,-0.685567,-0.809011,-0,-2.56078,-21.8899,-9.55588,0.927501,-0.228896,-43.0712,-31.4458,4.35495
NC(=O)C[C@H]([NH3+])C(=O)N1CCCC1,"CHEMBL328795",418,Done,1.9,-8.146,"glide_grid_1X70",-8.5583,-0.697759,-0.863621,-0,-3.08848,-21.2257,-21.0043,0.643463,-0.339963,-75.1255,-42.23,3.9839
N#C[C@@H]1CCCN1C(=O)C[NH2+]C1Cc2ccccc2C1,"CHEMBL328994",419,Done,3.36,-6.82868,"glide_grid_1X70",-7.16888,-1.17102,-0.368543,-0,-2.3402,-27.9503,-15.7308,0.734091,-0.266073,-70.6578,-43.6811,4.32929
N#C[C@@H]1CCCN1C(=O)C[NH2+]CCNc1ncccc1C(F)(F)F,"CHEMBL329282",421,Done,8.45,-6.08718,"glide_grid_1X70",-6.30518,-0.73669,-0.430238,-0,-2.4259,-26.033,-13.4222,0.792774,-0.190135,-60.2566,-39.4552,7.65586
N#C[C@@H]1CCCN1C(=O)CNCCNc1ncccc1C(F)(F)F,"CHEMBL329282",422,Done,10.04,-4.10421,"glide_grid_1X70",-4.80231,-1.19493,-0.479297,-0,-2.2932,-22.8032,-4.61755,1.13847,-0.140571,-38.518,-27.4208,3.24138
N#C[C@@H]1CCCCN1C(=O)[C@@H](N)CC[NH2+]Cc1ccccc1,"CHEMBL329314",423,Done,6.6,-5.84373,"glide_grid_1X70",-6.13613,-1.29228,-0.450595,-0,-2.02785,-28.0804,-13.7574,1.21501,-0.112777,-60.8646,-41.8378,9.76265
N#C[C@@H]1CCCCN1C(=O)[C@@H]([NH3+])CC[NH2+]Cc1ccccc1,"CHEMBL329314",424,Done,7.16,-7.49971,"glide_grid_1X70",-8.44811,-1.36946,-0.698552,-0,-2.30404,-28.2015,-24.565,1.20793,-0.189167,-93.3858,-52.7665,7.44883
N#C[C@@H]1CCCCN1C(=O)[C@@H]([NH3+])CCNCc1ccccc1,"CHEMBL329314",425,Done,10.06,-6.56807,"glide_grid_1X70",-7.91957,-1.17814,-0.737009,-0,-2.43866,-30.4946,-17.2254,0.850507,-0.307724,-74.8308,-47.7201,10.527
N#C[C@@H]1CCCCN1C(=O)[C@@H](N)CCNCc1ccccc1,"CHEMBL329314",426,Done,9.14,-3.23524,"glide_grid_1X70",-4.69144,-1.55217,-0.446797,-0,-1.83695,-25.8386,-4.85609,1.22216,-0.057338,-37.2611,-30.6947,11.3978
C[C@@]([NH3+])(CNCC(=O)N1CCC[C@H]1C#N)C(=O)[O-],"CHEMBL329581",427,Done,10.52,-4.69046,"glide_grid_1X70",-4.93626,-0.675065,-0.473244,-0,-2.35246,-22.9213,-9.97834,1.35976,-0.152433,-44.8576,-32.8997,4.60635
C[C@@](N)(C[NH2+]CC(=O)N1CCC[C@H]1C#N)C(=O)[O-],"CHEMBL329581",428,Done,8.97,-5.89891,"glide_grid_1X70",-6.60741,-0.673263,-0.744053,-0,-2.82026,-21.4232,-13.7762,0.951829,-0.184077,-56.4818,-35.1994,6.75898
C[C@@](N)(CNCC(=O)N1CCC[C@H]1C#N)C(=O)[O-],"CHEMBL329581",429,Done,12.39,-0.946691,"glide_grid_1X70",-3.16169,-0.918151,-0.248523,-0,-1.98666,-22.2395,-1.16247,1.36906,-0.0910759,-23.3021,-23.402,17.4089
C[C@@]([NH3+])(C[NH2+]CC(=O)N1CCC[C@H]1C#N)C(=O)[O-],"CHEMBL329581",430,Done,8.81,-5.48264,"glide_grid_1X70",-8.04054,-0.687941,-0.776513,-0,-3.03715,-19.5495,-21.7238,0.945381,-0.248276,-74.4306,-41.2733,8.33684
N#C[C@@H]1CCCN1C(=O)C[NH2+]CCNc1ncccn1,"CHEMBL329909",431,Done,5.35,-5.31381,"glide_grid_1X70",-5.53181,-0.928189,-0.544737,-0,-1.76067,-31.4964,-16.8084,1.9915,-0.193638,-66.1772,-48.3048,9.30849
N#C[C@@H]1CCCN1C(=O)CNCCNc1ncccn1,"CHEMBL329909",432,Done,6.78,-2.59075,"glide_grid_1X70",-3.28885,-0.531962,-0.576,-0,-1.85665,-27.9841,-10.767,2.86314,-0.173132,-47.3271,-38.751,2.73138
CCC(CC)[NH2+]CC(=O)N1CCC[C@H]1C#N,"CHEMBL330326",433,Done,5.15,-5.33117,"glide_grid_1X70",-5.49067,-0.912986,-0.392384,-0,-2.45056,-22.5535,-11.7607,1.34703,-0.189981,-50.1687,-34.3142,5.97496
N#C[C@@H]1CCCN1C(=O)C[NH2+][C@@H]1C[C@@H]2CC[C@H]1C2,"CHEMBL330373",435,Done,3.1,-5.70304,"glide_grid_1X70",-5.86904,-0.900314,-0.389212,-0,-2.28899,-24.2492,-11.598,0.849621,-0.187997,-54.6324,-35.8471,4.00089
N#C[C@@H]1CCCN1C(=O)C[NH2+]C1CCN(c2ccc(C(F)(F)F)cn2)CC1,"CHEMBL330426",438,Done,7.51,-5.84855,"glide_grid_1X70",-6.46325,-1.29554,-0.388427,-0,-1.39717,-33.2301,-13.426,0.664055,-0.370773,-70.8635,-46.6561,5.78129
N#Cc1cccc(C[NH2+]CC[C@H](N)C(=O)N2CCCCC2)c1,"CHEMBL330600",439,Done,6.78,-5.48728,"glide_grid_1X70",-5.95688,-1.24937,-0.36,-0,-2.33676,-20.669,-13.8681,1.21501,-0.112091,-55.8182,-34.5372,6.63316
N#Cc1cccc(C[NH2+]CC[C@H]([NH3+])C(=O)N2CCCCC2)c1,"CHEMBL330600",440,Done,6.69,-8.8766,"glide_grid_1X70",-9.6006,-1.50057,-0.672659,-0,-2.8532,-30.6411,-24.2511,0.84555,-0.249996,-106.68,-54.8922,7.57997
N#Cc1cccc(CNCC[C@H]([NH3+])C(=O)N2CCCCC2)c1,"CHEMBL330600",441,Done,7.53,-6.83632,"glide_grid_1X70",-7.86132,-1.50555,-0.496427,-0,-2.4797,-30.4092,-16.9892,0.850507,-0.161317,-78.9626,-47.3984,6.305
N#Cc1cccc(CNCC[C@H](N)C(=O)N2CCCCC2)c1,"CHEMBL330600",442,Done,8.67,-2.81542,"glide_grid_1X70",-4.34672,-0.707427,-0.576,-0,-1.88028,-31.7081,-5.23145,1.22216,-0.0350417,-42.7946,-36.9396,8.69602
N#C[C@@H]1CCCN1C(=O)[C@@H]([NH2+]C1CCCCC1)C1CCCCC1,"CHEMBL330623",443,Done,9.37,-5.78983,"glide_grid_1X70",-5.91263,-0.567537,-0.633463,-0,-1.56588,-21.5864,-18.748,0.919151,-0.17338,-57.9843,-40.3344,4.48191
CC[NH2+]CC(=O)N1CCC[C@H]1C#N,"CHEMBL330670",445,Done,1.98,-5.29778,"glide_grid_1X70",-5.52498,-0.594284,-0.476228,-0,-2.59006,-17.5453,-14.953,1.42894,-0.173128,-50.4263,-32.4983,3.20503
N#C[C@@H]1CCCN1C(=O)C[NH2+]CCNc1ccc(C(F)(F)F)cn1,"CHEMBL330717",447,Done,7.83,-5.93675,"glide_grid_1X70",-6.15475,-0.930092,-0.442464,-0,-1.47121,-31.0458,-16.8655,1.13253,-0.361414,-70.7004,-47.9113,7.04904
N#C[C@@H]1CCCN1C(=O)CNCCNc1ccc(C(F)(F)F)cn1,"CHEMBL330717",448,Done,9.12,-5.39529,"glide_grid_1X70",-6.09339,-1.01687,-0.304,-0,-2.55295,-36.2671,-9.51652,1.13847,-0.117206,-57.9734,-45.7836,9.30955
Nc1nc(-c2ccccc2)cc(-c2ccc(Cl)cc2Cl)c1C[NH3+],"CHEMBL331950",449,Done,2.34,-7.56623,"glide_grid_1X70",-7.75143,-1.4323,-0.523778,-0,-1.85413,-27.5005,-17.5549,0.223135,-0.156103,-76.0917,-45.0554,0.611356
NCc1c(-c2ccc(Cl)cc2Cl)cc(-c2ccccc2)nc1N,"CHEMBL331950",450,Done,2.25,-4.53827,"glide_grid_1X70",-5.33087,-1.46744,-0.388127,-0,-1.4277,-28.0771,-6.10674,0.320423,-0.0481611,-44.9743,-34.1838,0.192553
CCCN(C)C(=O)[C@H]([NH3+])[C@H](C)CC,"CHEMBL343650",451,Done,2.89,-6.2252,"glide_grid_1X70",-6.4304,-0.526204,-0.717261,-0,-2.75994,-16.1742,-17.8272,1.2748,-0.218998,-53.1014,-34.0015,6.1543
CCCN(C)C(=O)[C@H](N)[C@H](C)CC,"CHEMBL343650",452,Done,3.2,-1.98749,"glide_grid_1X70",-2.71539,-0.192162,-0.304,-0,-2.13889,-16.8628,-6.71205,1.83744,-0.0678336,-25.9371,-23.5748,5.13965
CC[C@H](C)[C@H]([NH3+])C(=O)N1CCC1,"CHEMBL346877",455,Done,2.29,-6.00988,"glide_grid_1X70",-6.20548,-0.644734,-0.536971,-0,-2.74508,-17.3835,-13.3994,0.738334,-0.137935,-47.7873,-30.7829,6.95512
CC[C@H](C)[C@H](N)C(=O)N1CCC1,"CHEMBL346877",456,Done,2.03,-2.87864,"glide_grid_1X70",-3.63034,-0.411513,-0.513427,-0,-1.73739,-16.3772,-7.41663,1.06496,-0.101618,-25.3787,-23.7938,5.02935
[NH3+]CCCC[C@H]([NH3+])C(=O)N1CCC1,"CHEMBL348246",457,Done,7.8,-7.12128,"glide_grid_1X70",-7.38718,-0.456953,-0.51304,-0,-2.74538,-16.2271,-26.287,1.27502,-0.19242,-72.3326,-42.5141,6.19726
N[C@@H](CCCC[NH3+])C(=O)N1CCC1,"CHEMBL348246",458,Done,8.95,-4.96402,"glide_grid_1X70",-5.57082,-0.751303,-0.4,-0,-2.8428,-19.6373,-15.8674,1.83776,-0.0524956,-50.4533,-35.5047,5.49008
[NH3+][C@H](C(=O)N1CCSC1)[C@H]1CC[C@@H](OC(=O)Nc2ccc(Cl)c(Cl)c2)C1,"CHEMBL352343",459,Done,9.23,-6.43949,"glide_grid_1X70",-6.81199,-0.968149,-0.764951,-0,-0.772445,-38.1136,-17.6558,0.472482,-0.224872,-83.5998,-55.7694,7.4858
N[C@H](C(=O)N1CCSC1)[C@H]1CC[C@@H](OC(=O)Nc2ccc(Cl)c(Cl)c2)C1,"CHEMBL352343",460,Done,9.34,-3.26457,"glide_grid_1X70",-3.71607,-0.962942,-0.304,-0,-0.726127,-35.8097,-3.51532,0.677917,-0.0831328,-42.2588,-39.325,15.5846
COc1ccc(NC(=O)O[C@@H]2CC[C@H]([C@H]([NH3+])C(=O)N3CCSC3)C2)cc1,"CHEMBL352354",461,Done,10.77,-5.78873,"glide_grid_1X70",-6.13513,-0.93229,-0.587645,-0,-0.839603,-32.8411,-17.3713,0.656673,-0.18451,-67.5688,-50.2124,14.9365
COc1ccc(NC(=O)O[C@@H]2CC[C@H]([C@H](N)C(=O)N3CCSC3)C2)cc1,"CHEMBL352354",462,Done,10.69,-4.17493,"glide_grid_1X70",-4.65763,-1.47776,-0.359881,-0,-1.23341,-32.715,-5.70785,0.942574,-0.0372178,-44.491,-38.4228,15.2027
[NH3+][C@H](C(=O)N1CCCC1)[C@@H]1CC[C@@H](OC(=O)Nc2ccc(I)cc2)C1,"CHEMBL352402",463,Done,8.64,-5.58676,"glide_grid_1X70",-5.84466,-1.04826,-0.703816,-0,-0.401447,-32.7023,-15.331,0.402137,-0.158517,-71.7296,-48.0332,5.03806
N[C@H](C(=O)N1CCCC1)[C@@H]1CC[C@@H](OC(=O)Nc2ccc(I)cc2)C1,"CHEMBL352402",464,Done,7.85,-3.82581,"glide_grid_1X70",-4.44291,-1.42149,-0.493558,-0,-0.0828531,-37.3675,-7.35707,0.576789,-0.0498547,-48.7059,-44.7246,14.6794
[NH3+][C@H](C(=O)N1CCSC1)[C@H]1CC[C@H](NC(=O)Nc2cccc3ccccc23)C1,"CHEMBL352520",465,Done,9.21,-6.36448,"glide_grid_1X70",-6.69758,-0.784174,-0.426809,-0,-1.61475,-33.8704,-16.5488,0.515588,-0.211585,-76.0334,-50.4193,14.6265
N[C@H](C(=O)N1CCSC1)[C@H]1CC[C@H](NC(=O)Nc2cccc3ccccc23)C1,"CHEMBL352520",466,Done,10.92,-5.06373,"glide_grid_1X70",-5.56363,-1.52757,-0.51922,-0,-1.13331,-39.0651,-7.47177,0.739911,-0.0494247,-58.2643,-46.5369,10.7505
CS(=O)(=O)NCCS(=O)(=O)N[C@H]1CC[C@H]([C@H]([NH3+])C(=O)N2CCCC2)C1,"CHEMBL352548",467,Done,12.05,-7.27641,"glide_grid_1X70",-7.50471,-0.799227,-0.436448,-0,-1.69778,-28.8261,-23.1531,0.693671,-0.350668,-82.3224,-51.9792,11.7187
CS(=O)(=O)NCCS(=O)(=O)N[C@H]1CC[C@H]([C@H](N)C(=O)N2CCCC2)C1,"CHEMBL352548",468,Done,9.26,-3.22981,"glide_grid_1X70",-3.90541,-0.896164,-0.248323,-0,-1.05937,-29.6673,-6.97322,0.995494,-0.167709,-45.9091,-36.6405,6.31509
CO[C@@H]1CCC[C@H]([C@H]([NH3+])C(=O)N2CCCC2)C1,"CHEMBL352632",469,Done,2.3,-6.70233,"glide_grid_1X70",-6.90713,-0.818,-0.453803,-0,-2.72685,-25.135,-14.1733,0.624509,-0.150235,-63.0485,-39.3083,5.98698
CO[C@@H]1CCC[C@H]([C@H](N)C(=O)N2CCCC2)C1,"CHEMBL352632",470,Done,2.39,-3.34782,"glide_grid_1X70",-4.07672,-0.808272,-0.356201,-0,-2.16993,-24.3629,-2.57401,0.898551,-0.0366148,-34.5693,-26.9369,1.32521
COc1ccc(NC(=O)O[C@H]2CCC[C@H]([C@H]([NH3+])C(=O)N3CCCC3)C2)cc1,"CHEMBL352737",471,Done,7.75,-7.58417,"glide_grid_1X70",-7.78977,-1.72969,-0.638142,-0,-1.73881,-35.5632,-16.1547,0.669262,-0.151027,-80.6837,-51.7179,12.1652
COc1ccc(NC(=O)O[C@H]2CCC[C@H]([C@H](N)C(=O)N3CCCC3)C2)cc1,"CHEMBL352737",472,Done,7.95,-3.66993,"glide_grid_1X70",-4.39693,-1.24977,-0.563372,-0,-0.547506,-38.7151,-6.75514,0.960688,-0.0479377,-54.39,-45.4703,2.64032
COc1ccc(NC(=O)O[C@@H]2CC[C@H]([C@H]([NH3+])C(=O)N3CCCC3)C2)cc1,"CHEMBL353590",473,Done,10.8,-5.90042,"glide_grid_1X70",-6.13872,-0.851283,-0.745292,-0,-1.14205,-29.2968,-16.4888,0.716248,-0.178178,-65.8874,-45.7856,8.12718
COc1ccc(NC(=O)O[C@@H]2CC[C@H]([C@H](N)C(=O)N3CCCC3)C2)cc1,"CHEMBL353590",474,Done,10.75,-3.33402,"glide_grid_1X70",-3.98882,-1.13214,-0.833719,-0,0.175955,-32.949,-10.3152,1.02831,-0.032496,-45.9229,-43.2641,9.22348
[NH3+][C@H](C(=O)N1CCSC1)[C@H]1CC[C@H](NC(=O)c2cccc3ccccc23)C1,"CHEMBL353840",475,Done,12.65,-7.94113,"glide_grid_1X70",-8.28663,-1.41919,-0.714796,-0,-1.70673,-38.1883,-19.3127,0.552323,-0.191906,-93.0147,-57.501,11.3412
N[C@H](C(=O)N1CCSC1)[C@H]1CC[C@H](NC(=O)c2cccc3ccccc23)C1,"CHEMBL353840",476,Done,11.16,-5.10902,"glide_grid_1X70",-5.59292,-1.33499,-0.514897,-0,-1.27675,-37.5563,-8.66439,0.792755,-0.081572,-62.202,-46.2207,1.0382
[NH3+][C@H](C(=O)N1CCCC1)[C@H]1CC[C@@H](NC(=O)Nc2cccc3ccccc23)C1,"CHEMBL354576",477,Done,9.37,-6.37383,"glide_grid_1X70",-6.60223,-0.88459,-1.01647,-0,-0.499033,-37.2492,-19.2574,0.800284,-0.251361,-79.7186,-56.5066,14.6457
N[C@H](C(=O)N1CCCC1)[C@H]1CC[C@@H](NC(=O)Nc2cccc3ccccc23)C1,"CHEMBL354576",478,Done,11.89,-3.72871,"glide_grid_1X70",-4.40401,-0.955662,-0.906657,-0,0.0750561,-35.6582,-8.23798,0.562861,-0.161003,-45.6755,-43.8962,16.7632
CN(C)S(=O)(=O)c1ccc(S(=O)(=O)N[C@H]2CC[C@H]([C@H]([NH3+])C(=O)N3CCCC3)C2)cc1,"CHEMBL354936",479,Done,8.36,-4.78892,"glide_grid_1X70",-5.03212,-0.752825,-0.409805,-0,0.262436,-35.7932,-17.5481,0.466762,-0.176812,-69.9109,-53.3413,6.55385
CN(C)S(=O)(=O)c1ccc(S(=O)(=O)N[C@H]2CC[C@H]([C@H](N)C(=O)N3CCCC3)C2)cc1,"CHEMBL354936",480,Done,8.22,-3.53399,"glide_grid_1X70",-4.17899,-1.15901,-0.304,-0,-0.462232,-36.8436,-6.68076,0.669474,-0.07893,-47.3871,-43.5244,12.4128
[NH3+][C@H](C(=O)N1CCCC1)[C@H]1CCC[C@H](O)C1,"CHEMBL355051",481,Done,3.04,-7.68543,"glide_grid_1X70",-7.91553,-0.923926,-0.828755,-0,-2.81391,-25.1444,-17.5225,0.691456,-0.154814,-73.1301,-42.6669,4.62692
N[C@H](C(=O)N1CCCC1)[C@H]1CCC[C@H](O)C1,"CHEMBL355051",482,Done,2.94,-4.49429,"glide_grid_1X70",-5.16599,-0.788221,-0.580165,-0,-2.27977,-25.4237,-8.09949,0.995259,-0.0269834,-45.3222,-33.5232,0.976744
COc1ccc(NC(=O)O[C@@H]2CCC[C@H]([C@H]([NH3+])C(=O)N3CCCC3)C2)cc1,"CHEMBL355203",483,Done,6.47,-5.59944,"glide_grid_1X70",-5.80504,-0.817403,-0.496778,-0,-1.0007,-31.5107,-16.148,0.669262,-0.161693,-66.2141,-47.6587,10.2255
COc1ccc(NC(=O)O[C@@H]2CCC[C@H]([C@H](N)C(=O)N3CCCC3)C2)cc1,"CHEMBL355203",484,Done,5.87,-3.21425,"glide_grid_1X70",-3.94125,-1.11416,-0.217218,-0,-1.20715,-29.7349,-5.30275,0.960688,-0.0812593,-41.5386,-35.0376,7.8467
[NH3+][C@H](C(=O)N1CCCC1)[C@H]1CC[C@@H](O)C1,"CHEMBL355244",485,Done,3.85,-7.78281,"glide_grid_1X70",-8.01711,-0.913739,-0.674391,-0,-2.89779,-25.4488,-19.0871,0.76992,-0.165612,-75.1146,-44.5358,5.20933
N[C@H](C(=O)N1CCCC1)[C@H]1CC[C@@H](O)C1,"CHEMBL355244",486,Done,3.73,-4.35823,"glide_grid_1X70",-5.02123,-0.790366,-0.405878,-0,-2.43779,-27.8375,-7.23809,1.10867,-0.0182834,-42.8779,-35.0756,6.88817
CS(=O)(=O)c1ccccc1S(=O)(=O)N[C@H]1CC[C@H]([C@H]([NH3+])C(=O)N2CCCC2)C1,"CHEMBL355248",487,Done,12.67,-6.51266,"glide_grid_1X70",-6.76606,-0.811784,-0.413991,-0,-1.41639,-35.6722,-16.4886,0.450443,-0.317429,-81.7273,-52.1609,9.3851
CS(=O)(=O)c1ccccc1S(=O)(=O)N[C@H]1CC[C@H]([C@H](N)C(=O)N2CCCC2)C1,"CHEMBL355248",488,Done,11.67,-3.46123,"glide_grid_1X70",-4.09443,-0.931643,-0.304,-0,-0.534283,-37.0857,-6.75131,0.646228,-0.103753,-45.5604,-43.837,20.3675
[NH3+][C@H](C(=O)N1CCCC1)[C@@H]1CC[C@@H](NC(=O)Nc2cccc3ccccc23)C1,"CHEMBL355479",489,Done,11.95,-7.46816,"glide_grid_1X70",-7.69656,-0.835003,-0.867774,-0,-1.75264,-29.1647,-20.7791,0.560199,-0.226239,-81.723,-49.9438,10.888
N[C@H](C(=O)N1CCCC1)[C@@H]1CC[C@@H](NC(=O)Nc2cccc3ccccc23)C1,"CHEMBL355479",490,Done,11.04,-3.78454,"glide_grid_1X70",-4.45984,-0.953995,-0.413616,-0,-1.18023,-33.5763,-6.39884,0.804088,-0.077448,-47.4632,-39.9752,11.6437
COc1ccc(NC(=O)O[C@H]2CC[C@H]([C@H]([NH3+])C(=O)N3CCCC3)C2)cc1,"CHEMBL355716",491,Done,11.02,-7.58649,"glide_grid_1X70",-7.82479,-1.1502,-0.736945,-0,-1.83751,-36.1282,-19.104,0.716248,-0.14437,-85.431,-55.2322,12.5781
COc1ccc(NC(=O)O[C@H]2CC[C@H]([C@H](N)C(=O)N3CCCC3)C2)cc1,"CHEMBL355716",492,Done,10.39,-2.54189,"glide_grid_1X70",-3.19669,-1.31388,-0.201599,-0,-0.303019,-30.7108,-5.35027,1.02831,-0.0684258,-37.9517,-36.0611,8.10108
N[C@@H](CC[NH3+])C(=O)N1CCSC1,"CHEMBL356207",493,Done,2.09,-7.61769,"glide_grid_1X70",-7.80889,-0.982791,-0.719305,-0,-3.18686,-22.2702,-15.5158,0.620949,-0.1,-64.5027,-37.786,4.61062
[NH3+]CC[C@H]([NH3+])C(=O)N1CCSC1,"CHEMBL356207",494,Done,2.35,-8.61232,"glide_grid_1X70",-9.40912,-0.944004,-0.678847,-0,-3.29243,-20.2578,-25.8708,0.61554,-0.215865,-92.6829,-46.1286,3.43534
NCC[C@H]([NH3+])C(=O)N1CCSC1,"CHEMBL356207",495,Done,2.32,-5.38075,"glide_grid_1X70",-7.86145,-0.935654,-0.590944,-0,-3.07486,-21.3971,-17.7551,0.620949,-0.147811,-69.3085,-39.1522,3.86983
CC[C@H](C)[C@H]([NH3+])C(=O)N1CCSC1,"CHEMBL357606",496,Done,2.17,-7.0692,"glide_grid_1X70",-7.3579,-0.905716,-0.467573,-0,-2.97755,-23.7356,-14.8715,0.55615,-0.145706,-65.7745,-38.6071,1.9286
CC[C@H](C)[C@H](N)C(=O)N1CCSC1,"CHEMBL357606",497,Done,2.35,-3.80001,"glide_grid_1X70",-4.36451,-0.738501,-0.198018,-0,-2.42572,-24.6544,-3.48642,0.80112,-0.0477046,-35.0964,-28.1408,3.04845
N#C[C@@H]1CCCN1C(=O)[C@@H](N)CC(=O)N[C@H](Cc1ccccc1)c1ccccc1,"CHEMBL359759",498,Done,7.71,-4.23299,"glide_grid_1X70",-4.46079,-1.08835,-0.571985,-0,-0.813504,-29.5722,-10.1825,1.15131,-0.132271,-48.1035,-39.7547,7.93315
N#C[C@@H]1CCCN1C(=O)[C@@H]([NH3+])CC(=O)N[C@H](Cc1ccccc1)c1ccccc1,"CHEMBL359759",499,Done,8.13,-7.06513,"glide_grid_1X70",-7.74163,-1.52371,-0.822317,-0,-1.46552,-32.4903,-19.2376,0.802193,-0.22213,-77.7634,-51.7278,12.4895
[NH3+][C@@H](CC(=O)N1CCSC1)Cc1c(F)cccc1F,"CHEMBL360396",500,Done,3.84,-8.08565,"glide_grid_1X70",-8.09715,-0.98239,-0.849783,-0,-2.35886,-24.7652,-19.7726,0.462244,-0.16421,-76.0451,-44.5378,5.03719
N[C@@H](CC(=O)N1CCSC1)Cc1c(F)cccc1F,"CHEMBL360396",501,Done,2.49,-2.43018,"glide_grid_1X70",-4.77068,-0.973079,-0.292268,-0,-1.90358,-30.9779,-4.24979,0.664402,-0.07979,-42.2532,-35.2277,8.30167
CC(C)[C@@H]1C[NH2+]CCN1C(=O)C[C@H]([NH3+])Cc1ccccc1F,"CHEMBL360488",502,Done,3.9,-8.62839,"glide_grid_1X70",-8.68409,-1.09573,-0.528685,-0,-2.57429,-31.1444,-21.6427,0.541504,-0.223267,-92.6177,-52.7871,4.77257
CC(C)[C@@H]1CNCCN1C(=O)C[C@H]([NH3+])Cc1ccccc1F,"CHEMBL360488",503,Done,5.84,-7.16851,"glide_grid_1X70",-8.75011,-1.25741,-0.880134,-0,-2.39829,-28.9095,-20.9918,0.544614,-0.164652,-85.7364,-49.9013,6.54971
CC(C)[C@@H]1C[NH2+]CCN1C(=O)C[C@H](N)Cc1ccccc1F,"CHEMBL360488",504,Done,5.62,-3.72592,"glide_grid_1X70",-6.05842,-1.30998,-0.313218,-0,-2.07569,-33.2668,-9.20051,0.77802,-0.0941348,-59.5467,-42.4673,2.59154
[NH3+][C@H](C(=O)N1CCc2ccccc2C1)C1CCCCC1,"CHEMBL361235",505,Done,4.19,-6.89339,"glide_grid_1X70",-7.13709,-1.83592,-0.367354,-0,-2.28523,-32.7731,-10.5413,0.720001,-0.148724,-67.2409,-43.3144,4.37824
N[C@H](C(=O)N1CCc2ccccc2C1)C1CCCCC1,"CHEMBL361235",506,Done,3.9,-4.29692,"glide_grid_1X70",-4.94092,-1.39219,-0.304,-0,-2.06017,-32.776,-1.30571,0.724622,-0.0745294,-42.3963,-34.0817,4.27215
[NH3+][C@H](C(=O)N1CCCCC1)C1CCCCC1,"CHEMBL361863",507,Done,2.38,-7.03653,"glide_grid_1X70",-7.23423,-1.08577,-0.414871,-0,-2.88669,-26.2089,-13.9237,0.701739,-0.14964,-67.0141,-40.1326,3.15216
N[C@H](C(=O)N1CCCCC1)C1CCCCC1,"CHEMBL361863",508,Done,2.25,-2.76027,"glide_grid_1X70",-3.50667,-0.500791,-0.304,-0,-2.02345,-26.0427,-1.87039,1.01012,-0.105853,-32.7464,-27.913,3.73248
N#C[C@@H]1CCCN1C(=O)[C@@H](N)CC(=O)N1CCN(C(c2ccc(F)cc2)c2ccc(F)cc2)CC1,"CHEMBL362018",509,Done,5.14,-2.54825,"glide_grid_1X70",-3.09955,-0.788871,-0.304,-0,-0.312567,-31.7312,-4.2298,0.69992,-0.173006,-38.6272,-35.961,10.0968
N#C[C@@H]1CCCN1C(=O)[C@@H](N)CC(=O)N1CC[NH+](C(c2ccc(F)cc2)c2ccc(F)cc2)CC1,"CHEMBL362018",510,Done,5.36,-3.44384,"glide_grid_1X70",-4.20134,-0.386201,-0.348989,-0,-0.437568,-29.8114,-12.9054,0.697249,-0.299445,-48.9434,-42.7169,7.73224
N#C[C@@H]1CCCN1C(=O)[C@@H]([NH3+])CC(=O)N1CCN(C(c2ccc(F)cc2)c2ccc(F)cc2)CC1,"CHEMBL362018",511,Done,6.09,-4.73088,"glide_grid_1X70",-5.62258,-0.864785,-0.412118,-0,-0.918709,-31.1833,-13.8882,0.488074,-0.272639,-63.4802,-45.0715,4.48926
N#C[C@@H]1CCCN1C(=O)[C@@H]([NH3+])CC(=O)N1CC[NH+](C(c2ccc(F)cc2)c2ccc(F)cc2)CC1,"CHEMBL362018",512,Done,5.17,-5.45596,"glide_grid_1X70",-6.79036,-0.39735,-0.708473,-0,-1.22033,-26.1638,-22.4329,0.486216,-0.277309,-72.0771,-48.5967,9.96198
[NH3+][C@@H](CC(=O)N1CCSC1)CC1CCCCC1,"CHEMBL362140",513,Done,5.23,-8.19995,"glide_grid_1X70",-8.20275,-1.19805,-0.860539,-0,-2.41213,-23.3712,-19.7245,0.55921,-0.164002,-72.1353,-43.0957,7.70297
[NH3+][C@H](CCc1ccccc1)CC(=O)N1CCSC1,"CHEMBL362364",514,Done,7.79,-8.68797,"glide_grid_1X70",-8.69327,-1.4328,-0.873239,-0,-2.68145,-28.8899,-18.689,0.707405,-0.165347,-79.8323,-47.5789,11.0058
O=C(C[NH2+][C@@H]1C[C@@H]2CCC[C@H]1C2)N1CCC[C@H]1C(O)O,"CHEMBL362922",515,Done,8.42,-4.02187,"glide_grid_1X70",-4.11117,-1.30535,0,-0,-2.13694,2.89033,-10.4026,0.902008,-0.155017,-18.567,-7.51223,4.72911
O=C(CN[C@@H]1C[C@@H]2CCC[C@H]1C2)N1CCC[C@H]1C(O)O,"CHEMBL362922",516,Done,10.4,-1.94075,"glide_grid_1X70",-3.10595,-1.56125,0,-0,-1.2343,-4.90446,-5.39444,0.907613,-0.16362,-7.16331,-10.2989,13.4366
C[C@@H](c1ccccc1)[C@H](N)C(=O)N1CC[C@H](F)C1,"CHEMBL362973",517,Done,2.32,-4.76333,"glide_grid_1X70",-5.15333,-0.815,-0.314591,-0,-2.64207,-28.116,-3.37561,0.558804,-0.0283325,-40.649,-31.4916,2.5982
C[C@@H](c1ccccc1)[C@H]([NH3+])C(=O)N1CC[C@H](F)C1,"CHEMBL362973",518,Done,3.06,-7.11682,"glide_grid_1X70",-7.54892,-0.721682,-0.400184,-0,-3.16111,-26.8758,-14.1547,0.388477,-0.187429,-67.8358,-41.0305,4.55563
C[C@@H](c1ccccc1F)[C@H](N)C(=O)N1CC[C@H](F)C1,"CHEMBL362976",519,Done,2.5,-5.24875,"glide_grid_1X70",-5.63875,-0.80239,-0.237565,-0,-2.5378,-26.9798,-6.81,0.495869,-0.186378,-44.4373,-33.7898,2.69029
C[C@@H](c1ccccc1F)[C@H]([NH3+])C(=O)N1CC[C@H](F)C1,"CHEMBL362976",520,Done,3.12,-6.92008,"glide_grid_1X70",-7.35218,-0.743959,-0.327498,-0,-2.7443,-25.3044,-16.5225,0.492665,-0.285488,-68.7094,-41.827,3.7976
CC(C)(C)[C@H]([NH3+])C(=O)N1CCC[C@H]1C#N,"CHEMBL363250",521,Done,1.83,-5.87069,"glide_grid_1X70",-6.16039,-0.207882,-0.72,-0,-2.17871,-14.7605,-19.2396,0.750912,-0.180754,-55.6019,-34,0.619688
CC(C)(C)[C@H](N)C(=O)N1CCC[C@H]1C#N,"CHEMBL363250",522,Done,1.84,-3.593,"glide_grid_1X70",-4.1558,-0.219017,-0.392584,-0,-1.99682,-16.894,-9.08449,0.756987,-0.0969917,-33.7616,-25.9785,0.963073
[NH3+][C@@H](CC(=O)N1CCSC1)Cc1cc(F)c(F)cc1F,"CHEMBL363319",523,Done,3.99,-9.31141,"glide_grid_1X70",-9.32291,-0.996309,-0.886691,-0,-3.01311,-29.2856,-21.415,0.415702,-0.165971,-90.6772,-50.7006,4.95331
N[C@@H](CC(=O)N1CCSC1)Cc1cc(F)c(F)cc1F,"CHEMBL363319",524,Done,3.26,-2.30423,"glide_grid_1X70",-4.64473,-0.891438,-0.346915,-0,-1.73528,-29.0995,-4.79202,0.597312,-0.094633,-42.805,-33.8915,4.68527
[NH3+][C@@H](CC(=O)N1CCc2sc(C(F)(F)F)nc2C1)Cc1cc(F)ccc1F,"CHEMBL363375",525,Done,4.31,-8.51632,"glide_grid_1X70",-8.52742,-1.33892,-0.520216,-0,-2.38952,-37.8143,-15.6383,0.33334,-0.375646,-87.6154,-53.4526,10.7987
N[C@@H](CC(=O)N1CCc2sc(C(F)(F)F)nc2C1)Cc1cc(F)ccc1F,"CHEMBL363375",526,Done,3.98,-3.53679,"glide_grid_1X70",-5.89979,-1.31706,-0.394438,-0,-1.87536,-38.8904,-4.45701,0.478336,-0.178195,-57.3897,-43.3474,5.72621
C[C@@H](c1ccc(-c2ccc(F)cc2F)cc1)[C@H](N)C(=O)N1CC[C@H](F)C1,"CHEMBL363584",527,Done,3.54,-5.19366,"glide_grid_1X70",-5.58366,-1.26227,-0.239608,-0,-1.75115,-37.4785,-5.71382,0.584849,-0.184475,-58.386,-43.1923,1.79039
C[C@@H](c1ccc(-c2ccc(F)cc2F)cc1)[C@H]([NH3+])C(=O)N1CC[C@H](F)C1,"CHEMBL363584",528,Done,3.48,-6.44186,"glide_grid_1X70",-6.87396,-0.801264,-0.47,-0,-2.32274,-28.2404,-13.9897,0.407371,-0.17686,-64.6207,-42.2301,9.99541
[NH3+][C@@H](CC(=O)N1CCc2noc(C(F)(F)F)c2C1)Cc1cc(F)ccc1F,"CHEMBL363606",529,Done,4.2,-8.52465,"glide_grid_1X70",-8.53555,-1.23242,-0.566515,-0,-2.59429,-33.0455,-17.7257,0.358433,-0.189632,-88.1921,-50.7712,6.79296
N[C@@H](CC(=O)N1CCc2noc(C(F)(F)F)c2C1)Cc1cc(F)ccc1F,"CHEMBL363606",530,Done,4.71,-3.47576,"glide_grid_1X70",-5.84796,-1.31346,-0.246047,-0,-1.7386,-33.2099,-8.09786,0.51443,-0.189111,-50.0912,-41.3078,12.2305
[NH3+][C@@H](CC(=O)N1CCSC1)Cc1ccc(F)cc1,"CHEMBL363879",531,Done,3.57,-8.88222,"glide_grid_1X70",-8.89372,-0.959287,-0.885426,-0,-2.85722,-27.2803,-21.194,0.517136,-0.165809,-85.5873,-48.4743,5.14138
N[C@@H](CC(=O)N1CCSC1)Cc1ccc(F)cc1,"CHEMBL363879",532,Done,3.53,-4.05891,"glide_grid_1X70",-6.39941,-1.16045,-0.567632,-0,-2.50408,-25.7014,-10.401,0.743569,-0.0655991,-46.0212,-36.1024,11.6243
C[C@@H](c1ccc(F)c(Cl)c1)[C@H](N)C(=O)N1CC[C@H](F)C1,"CHEMBL364093",533,Done,3.07,-4.67128,"glide_grid_1X70",-5.06128,-0.784168,-0.304,-0,-2.26105,-27.4959,-4.61361,0.401868,-0.0470938,-41.2115,-32.1095,4.09388
C[C@@H](c1ccc(F)c(Cl)c1)[C@H]([NH3+])C(=O)N1CC[C@H](F)C1,"CHEMBL364093",534,Done,2.81,-7.23473,"glide_grid_1X70",-7.66683,-0.796432,-0.424531,-0,-2.89586,-28.6579,-14.9568,0.279674,-0.153265,-74.095,-43.6147,2.89239
[NH3+][C@@H](CC(=O)N1CCCc2n[nH]c(C(F)(F)F)c21)Cc1cc(F)ccc1F,"CHEMBL364461",535,Done,5.18,-8.17722,"glide_grid_1X70",-8.58792,-1.02781,-0.88104,-0,-2.44789,-31.8207,-18.8497,0.360063,-0.172745,-86.5767,-50.6704,9.12576
[NH3+][C@@H](CC(=O)N1CCCc2[nH]nc(C(F)(F)F)c21)Cc1cc(F)ccc1F,"CHEMBL364461",536,Done,5.67,-8.12802,"glide_grid_1X70",-8.53872,-1.0267,-0.853405,-0,-2.4027,-32.8838,-18.5478,0.360063,-0.189621,-87.0001,-51.4316,8.3127
N#Cc1ccc[n+](N2CCN(C(=O)C[C@H](N)C(=O)N3CCC[C@H]3C#N)CC2)c1,"CHEMBL364922",537,Done,8.56,-3.92375,"glide_grid_1X70",-4.16795,-0.620847,-0.404388,-0,-0.884438,-32.1641,-8.14255,0.796731,-0.225423,-52.6888,-40.3067,3.66807
N#Cc1ccc[n+](N2CCN(C(=O)C[C@H]([NH3+])C(=O)N3CCC[C@H]3C#N)CC2)c1,"CHEMBL364922",538,Done,9.37,-7.86124,"glide_grid_1X70",-8.50424,-0.962879,-0.71598,-0,-1.79458,-29.4826,-25.8183,0.555086,-0.239014,-86.3958,-55.3009,4.54256
CC(C)=CCn1c(N2CCC[C@@H]([NH3+])C2)nc2c1c(=O)n(CC(=O)c1ccccc1)c(=O)n2C,"CHEMBL365000",539,Done,4,-5.52164,"glide_grid_1X70",-5.52414,-0.429988,-0.392587,-0,-1.08359,-29.3213,-17.6221,0.590258,-0.098853,-66.5835,-46.9434,3.51317
N#Cc1ccc(C[C@@H]([NH3+])CC(=O)N2CCSC2)cc1,"CHEMBL365066",540,Done,3.1,-7.80359,"glide_grid_1X70",-7.82319,-0.987904,-0.539962,-0,-2.61887,-29.8196,-17.9897,0.659471,-0.146484,-78.1636,-47.8094,4.8855
N#Cc1ccc(C[C@@H](N)CC(=O)N2CCSC2)cc1,"CHEMBL365066",541,Done,2.64,-2.70289,"glide_grid_1X70",-4.73229,-0.939952,-0.295286,-0,-2.13915,-33.7619,-4.00205,0.948089,-0.0175838,-46.9407,-37.764,6.28418
N#C[C@@H]1CCCN1C(=O)[C@@H](N)CC(=O)NCc1ccccc1,"CHEMBL365113",542,Done,6.1,-2.43091,"glide_grid_1X70",-2.66151,-0.993289,-0.304,-0,-0.163231,-32.2569,-4.59,1.22246,-0.12211,-35.9895,-36.8469,8.49762
N#C[C@@H]1CCCN1C(=O)[C@@H]([NH3+])CC(=O)NCc1ccccc1,"CHEMBL365113",543,Done,6.81,-7.32786,"glide_grid_1X70",-7.99856,-1.52023,-0.844007,-0,-2.13324,-25.622,-21.3132,1.21531,-0.238313,-82.3276,-46.9352,4.47546
CC(C)[C@H]([NH3+])C(=O)N[C@@H](C)B(O)O,"CHEMBL365322",544,Done,3.45,-6.47651,"glide_grid_1X70",-6.70281,-0.126749,-0.86848,-0,-2.67694,-15.806,-21.4628,1.25548,-0.276405,-63.3459,-37.2688,2.93342
CC(C)[C@H](N)C(=O)N[C@@H](C)B(O)O,"CHEMBL365322",545,Done,3.35,-4.4489,"glide_grid_1X70",-5.1288,-1.1333,-0.679668,-0,-2.51635,-12.9109,-12.4867,1.80947,-0.0904136,-32.5854,-25.3976,8.60367
O=C(c1nc2ccccc2s1)[C@@H]1CCN1C(=O)[C@@H]1C[C@@H]2CCCC[C@@H]2[NH2+]1,"CHEMBL365441",546,Done,5.52,-4.56416,"glide_grid_1X70",-4.67866,-0.676389,-0.520862,-0,-0.612902,-30.061,-11.6738,0.562212,-0.1766,-49.7209,-41.7348,14.6487
N[C@H](C(=O)N1CC[C@H](F)C1)[C@@H](CO)c1ccc(-c2ccc(F)cc2)cc1,"CHEMBL365567",548,Done,7.66,-5.65289,"glide_grid_1X70",-5.93459,-1.51608,-0.299345,-0,-1.81899,-36.4372,-8.0028,0.73828,-0.0161794,-55.6962,-44.4399,12.7938
[NH3+][C@H](C(=O)N1CC[C@H](F)C1)[C@@H](CO)c1ccc(-c2ccc(F)cc2)cc1,"CHEMBL365567",549,Done,7.4,-7.20707,"glide_grid_1X70",-7.78277,-1.2409,-0.484545,-0,-1.94872,-31.4976,-18.2998,0.514229,-0.302994,-81.1981,-49.7974,4.75258
C[C@@H](c1ccc(F)cc1)[C@H](N)C(=O)N1CC[C@H](F)C1,"CHEMBL365575",550,Done,2.72,-4.63309,"glide_grid_1X70",-5.02309,-0.907348,-0.305054,-0,-2.33918,-29.2832,-3.05467,0.495869,-0.0450182,-41.1061,-32.3379,3.60024
C[C@@H](c1ccc(F)cc1)[C@H]([NH3+])C(=O)N1CC[C@H](F)C1,"CHEMBL365575",551,Done,3.09,-7.30004,"glide_grid_1X70",-7.73214,-0.775291,-0.445852,-0,-3.18494,-25.0077,-15.0045,0.344866,-0.169864,-69.097,-40.0122,2.50558
COc1ccccc1-c1ccc([C@H](C)[C@H](N)C(=O)N2CC[C@H](F)C2)cc1,"CHEMBL365953",552,Done,4.15,-5.0606,"glide_grid_1X70",-5.4506,-1.28233,-0.407914,-0,-1.788,-37.9508,-4.04726,0.602378,-0.0701057,-51.9151,-41.998,8.0756
COc1ccccc1-c1ccc([C@H](C)[C@H]([NH3+])C(=O)N2CC[C@H](F)C2)cc1,"CHEMBL365953",553,Done,4.65,-5.65957,"glide_grid_1X70",-6.09167,-0.262971,-0.682516,-0,-1.34538,-27.9467,-18.8833,0.599356,-0.170318,-70.7994,-46.83,3.28413
C[C@@H](c1ccc(-c2ccccc2)c(F)c1)[C@H](N)C(=O)N1CC[C@H](F)C1,"CHEMBL365996",554,Done,3.82,-4.88355,"glide_grid_1X70",-5.27355,-1.17786,-0.250485,-0,-1.97526,-36.0063,-4.18998,0.640314,-0.081446,-51.7855,-40.1963,2.67986
C[C@@H](c1ccc(-c2ccccc2)c(F)c1)[C@H]([NH3+])C(=O)N1CC[C@H](F)C1,"CHEMBL365996",555,Done,4.02,-6.01102,"glide_grid_1X70",-6.44312,-1.42245,-0.26681,-0,-1.98887,-19.8507,-14.952,0.637,-0.166668,-57.0812,-34.8027,4.69833
Cn1nc2c(c1C(F)(F)C(F)(F)F)CN(C(=O)C[C@H]([NH3+])Cc1cc(F)ccc1F)CC2,"CHEMBL366166",556,Done,6.86,-7.70939,"glide_grid_1X70",-7.71969,-1.10915,-0.550965,-0,-2.01673,-35.5702,-15.5058,0.341785,-0.280253,-85.0629,-51.076,3.19362
Cn1nc2c(c1C(F)(F)C(F)(F)F)CN(C(=O)C[C@H](N)Cc1cc(F)ccc1F)CC2,"CHEMBL366166",557,Done,6.02,-1.56085,"glide_grid_1X70",-3.96745,-0.795964,-0.554387,-0,-0.509507,-25.7534,-7.93371,0.490246,-0.120113,-39.6467,-33.6871,8.73472
C[C@@H](c1ccc(F)c(F)c1)[C@H](N)C(=O)N1CC[C@H](F)C1,"CHEMBL366173",558,Done,2.82,-4.67599,"glide_grid_1X70",-5.06599,-0.743442,-0.300669,-0,-2.42501,-25.6287,-4.70331,0.443067,-0.0530051,-38.6734,-30.332,3.98379
C[C@@H](c1ccc(F)c(F)c1)[C@H]([NH3+])C(=O)N1CC[C@H](F)C1,"CHEMBL366173",559,Done,3.06,-7.26479,"glide_grid_1X70",-7.69689,-0.939421,-0.411286,-0,-2.70286,-27.2133,-15.2604,0.308254,-0.301846,-71.6613,-42.4737,3.96406
[NH3+][C@@H](CC(=O)N1CCSC1)Cc1ccc(I)cc1,"CHEMBL366278",560,Done,3.66,-8.22501,"glide_grid_1X70",-8.23651,-1.33939,-0.880743,-0,-1.64644,-30.6681,-19.7176,0.285745,-0.16463,-84.69,-50.3857,5.05469
N[C@@H](CC(=O)N1CCSC1)Cc1ccc(I)cc1,"CHEMBL366278",561,Done,3.57,-3.59949,"glide_grid_1X70",-5.93999,-1.50053,-0.567229,-0,-1.36092,-28.6909,-9.50086,0.410167,-0.0618038,-46.7659,-38.1917,12.4937
[NH3+][C@@H](CC(=O)N1CC[NH2+]CC1)Cc1ccc(F)c(F)c1,"CHEMBL366549",562,Done,4.79,-10.0261,"glide_grid_1X70",-10.0966,-1.24172,-0.855478,-0,-3.10104,-28.6661,-25.1433,0.467948,-0.161546,-100.308,-53.8094,6.47464
[NH3+][C@@H](CC(=O)N1CCNCC1)Cc1ccc(F)c(F)c1,"CHEMBL366549",563,Done,5.95,-7.64193,"glide_grid_1X70",-9.06063,-0.991826,-0.886211,-0,-3.08797,-27.5717,-20.1511,0.470838,-0.16421,-84.4762,-47.7228,5.64472
N[C@@H](CC(=O)N1CC[NH2+]CC1)Cc1ccc(F)c(F)c1,"CHEMBL366549",564,Done,4.8,-5.87583,"glide_grid_1X70",-8.20173,-1.13663,-0.499611,-0,-2.63918,-23.9409,-21.5121,0.672626,-0.175078,-65.1954,-45.453,11.1767
[NH3+][C@H](C(=O)N1CCCC1)[C@H]1CC[C@@H](NS(=O)(=O)c2ccc(OC(F)(F)F)cc2)C1,"CHEMBL366751",565,Done,12.58,-6.51645,"glide_grid_1X70",-6.77895,-0.766103,-0.546836,-0,-1.31984,-34.1368,-17.6518,0.512699,-0.304256,-81.205,-51.7886,7.11886
N[C@H](C(=O)N1CCCC1)[C@H]1CC[C@@H](NS(=O)(=O)c2ccc(OC(F)(F)F)cc2)C1,"CHEMBL366751",566,Done,9.93,-3.65711,"glide_grid_1X70",-4.26581,-0.753212,-0.558845,-0,-0.822408,-35.1335,-6.18666,0.735504,-0.182179,-49.8316,-41.3201,8.0168
[NH3+][C@H](C(=O)N1CCCC1)[C@H]1CC[C@H](O)C1,"CHEMBL368156",567,Done,3.93,-7.57981,"glide_grid_1X70",-7.81411,-0.906019,-0.82246,-0,-2.91779,-24.3388,-17.1059,0.76992,-0.154942,-72.6465,-41.4447,2.68457
N[C@H](C(=O)N1CCCC1)[C@H]1CC[C@H](O)C1,"CHEMBL368156",568,Done,3.77,-3.98106,"glide_grid_1X70",-4.64406,-0.714899,-0.383147,-0,-2.37268,-28.9217,-5.21869,1.10867,-0.0531208,-41.275,-34.1404,6.92875
[NH3+][C@@H](CC(=O)N1CC[NH2+]C[C@H]1Cc1ccccc1)Cc1cc(F)ccc1F,"CHEMBL369738",569,Done,6,-8.88056,"glide_grid_1X70",-8.97326,-1.32719,-0.412641,-0,-2.44567,-36.0467,-22.1154,0.576431,-0.244546,-99.6926,-58.1621,7.00886
[NH3+][C@@H](CC(=O)N1CCNC[C@H]1Cc1ccccc1)Cc1cc(F)ccc1F,"CHEMBL369738",570,Done,7.97,-6.05206,"glide_grid_1X70",-7.29456,-1.06849,-0.684903,-0,-1.86265,-29.3285,-17.3842,0.57921,-0.183681,-68.3904,-46.7127,14.6642
N[C@@H](CC(=O)N1CC[NH2+]C[C@H]1Cc1ccccc1)Cc1cc(F)ccc1F,"CHEMBL369738",571,Done,8.26,-4.32435,"glide_grid_1X70",-6.63825,-1.86258,-0.483514,-0,-1.16731,-31.9863,-12.8492,0.57921,-0.177368,-66.9043,-44.8355,8.24903
COc1ccc([C@H](C)[C@H](N)C(=O)N2CC[C@H](F)C2)cc1,"CHEMBL369888",574,Done,3.44,-4.28168,"glide_grid_1X70",-4.67168,-0.744564,-0.29794,-0,-2.3023,-27.0474,-4.0849,0.689344,-0.0511143,-36.8323,-31.1323,7.61782
COc1ccc([C@H](C)[C@H]([NH3+])C(=O)N2CC[C@H](F)C2)cc1,"CHEMBL369888",575,Done,3.26,-6.9842,"glide_grid_1X70",-7.4163,-0.734826,-0.402767,-0,-2.93956,-29.4095,-14.4221,0.479541,-0.184906,-71.8296,-43.8315,3.24816
Cn1nc(C(F)(F)C(F)(F)F)c2c1CCN(C(=O)C[C@H]([NH3+])Cc1cc(F)ccc1F)C2,"CHEMBL369894",576,Done,5.97,-8.61454,"glide_grid_1X70",-8.62504,-1.31699,-0.794504,-0,-2.05184,-36.624,-18.2836,0.341785,-0.229747,-90.2786,-54.9076,7.29133
Cn1nc(C(F)(F)C(F)(F)F)c2c1CCN(C(=O)C[C@H](N)Cc1cc(F)ccc1F)C2,"CHEMBL369894",577,Done,5.97,-2.6425,"glide_grid_1X70",-5.0389,-1.36943,-0.37101,-0,-1.09079,-30.6254,-6.93104,0.490246,-0.126996,-44.7148,-37.5565,11.3115
N#Cc1ccc(N[C@@H]2CN[C@H](C(=O)N3CCC[C@H]3C#N)C2)cc1C#N,"CHEMBL370046",578,Done,5.97,-3.93074,"glide_grid_1X70",-3.93764,-0.840669,-0.198151,-0,-1.47454,-30.3808,-3.0456,0.674726,-0.123124,-40.182,-33.4264,7.75811
N#Cc1ccc(N[C@@H]2C[NH2+][C@H](C(=O)N3CCC[C@H]3C#N)C2)cc1C#N,"CHEMBL370046",579,Done,3.72,-3.84055,"glide_grid_1X70",-6.48225,-0.918716,-0.400957,-0,-2.06266,-34.3152,-12.2486,0.67114,-0.218011,-70.0894,-46.5638,3.46327
C[C@@H](c1ccc(S(C)(=O)=O)cc1)[C@H](N)C(=O)N1CC[C@H](F)C1,"CHEMBL370079",580,Done,3.13,-4.98415,"glide_grid_1X70",-5.37415,-0.91534,-0.276662,-0,-2.06003,-27.1165,-8.04349,0.522429,-0.0821992,-47.7388,-35.16,1.38708
C[C@@H](c1ccc(S(C)(=O)=O)cc1)[C@H]([NH3+])C(=O)N1CC[C@H](F)C1,"CHEMBL370079",581,Done,2.86,-7.14182,"glide_grid_1X70",-7.57392,-0.800899,-0.41925,-0,-2.7442,-28.4467,-16.0119,0.363725,-0.149174,-74.798,-44.4586,2.54574
C[C@@H](c1ccc(-c2ccccc2F)cc1)[C@H](N)C(=O)N1CC[C@H](F)C1,"CHEMBL370240",582,Done,3.78,-4.9584,"glide_grid_1X70",-5.3484,-1.29378,-0.234087,-0,-1.85084,-37.0746,-4.22883,0.640314,-0.121947,-55.0268,-41.3034,1.76514
C[C@@H](c1ccc(-c2ccccc2F)cc1)[C@H]([NH3+])C(=O)N1CC[C@H](F)C1,"CHEMBL370240",583,Done,3.92,-4.14236,"glide_grid_1X70",-4.57446,-0.205222,-0.4,-0,-1.279,-20.1413,-14.0232,0.637,-0.216707,-49.5189,-34.1644,0.30031
[NH3+][C@@H](CC(=O)N1CCc2n[nH]c(C(F)(F)C(F)(F)F)c2C1)Cc1cc(F)ccc1F,"CHEMBL370269",584,Done,7.3,-8.14879,"glide_grid_1X70",-8.56859,-1.42404,-0.504514,-0,-2.18083,-37.4277,-17.5011,0.361869,-0.324536,-92.5454,-54.9288,6.59513
[NH3+][C@@H](CC(=O)N1CCc2[nH]nc(C(F)(F)C(F)(F)F)c2C1)Cc1cc(F)ccc1F,"CHEMBL370269",585,Done,7.1,-7.63087,"glide_grid_1X70",-8.05327,-1.29493,-0.534516,-0,-2.10958,-34.9618,-16.4091,0.361869,-0.266654,-86.2226,-51.3709,4.08598
CN(C)C(=O)[C@@H](c1ccc(-c2ccc(F)cc2)cc1)[C@H](N)C(=O)N1CCC1,"CHEMBL370509",586,Done,4.06,-3.22003,"glide_grid_1X70",-3.48213,-1.50938,-0.171779,-0,-1.15699,-24.7768,-0.169657,0.706363,-0.0860608,-24.9129,-24.9464,14.1165
N#C[C@@H]1CCCN1C(=O)[C@@H]1C[C@H](Nc2ccc([N+](=O)[O-])cc2)CN1,"CHEMBL370540",588,Done,7.27,-3.74126,"glide_grid_1X70",-3.74816,-0.766151,-0.119677,-0,-1.50397,-30.6206,-2.61473,0.693024,-0.128146,-43.3968,-33.2353,0.394985
N#C[C@@H]1CCCN1C(=O)[C@@H]1C[C@H](Nc2ccc([N+](=O)[O-])cc2)C[NH2+]1,"CHEMBL370540",589,Done,5.92,-4.33495,"glide_grid_1X70",-6.97665,-1.24321,-0.385116,-0,-2.18962,-36.062,-10.4412,0.482504,-0.271921,-75.8937,-46.5032,1.76267
C[C@@H](c1ccc(Cl)cc1F)[C@H](N)C(=O)N1CC[C@H](F)C1,"CHEMBL370734",590,Done,2.51,-5.29295,"glide_grid_1X70",-5.68295,-0.853453,-0.235821,-0,-2.29481,-29.0608,-7.07382,0.401868,-0.186624,-48.2162,-36.1346,2.43455
C[C@@H](c1ccc(Cl)cc1F)[C@H]([NH3+])C(=O)N1CC[C@H](F)C1,"CHEMBL370734",591,Done,2.58,-7.16143,"glide_grid_1X70",-7.59353,-0.961584,-0.408572,-0,-2.60577,-29.6142,-14.6568,0.279674,-0.218053,-73.0533,-44.271,4.24177
N#C[C@@H]1CCCN1C(=O)C[NH2+]CCCC(=O)N1CCc2ccccc2C1,"CHEMBL371057",592,Done,6.42,-5.31626,"glide_grid_1X70",-5.70096,-1.46732,-0.393009,-0,-1.43747,-31.1987,-11.4773,1.05934,-0.18097,-63.2169,-42.676,4.28428
O=C(C[NH2+]C1CCCCC1)N1CCC[C@H]1B(O)O,"CHEMBL371130",594,Done,4.75,-6.6905,"glide_grid_1X70",-6.7964,-0.625553,-0.319971,-0,-2.13596,-20.0087,-21.6101,0.757079,-0.230052,-63.5113,-41.6188,10.937
O=C(CNC1CCCCC1)N1CCC[C@H]1B(O)O,"CHEMBL371130",595,Done,3.71,-3.08889,"glide_grid_1X70",-4.16139,-0.929562,-0.0965751,-0,-1.89426,-21.9142,-7.55179,1.08892,-0.101439,-34.5508,-29.466,9.95614
N#Cc1ccc(N[C@@H]2CN[C@H](C(=O)N3CCC[C@H]3C#N)C2)cc1,"CHEMBL371143",596,Done,6.18,-3.00721,"glide_grid_1X70",-3.01411,-0.756228,-0.191989,-0,-1.64301,-16.3785,-1.68323,0.773825,-0.125301,-22.5468,-18.0617,6.30059
N#Cc1ccc(N[C@@H]2C[NH2+][C@H](C(=O)N3CCC[C@H]3C#N)C2)cc1,"CHEMBL371143",597,Done,4.03,-3.82697,"glide_grid_1X70",-6.46867,-1.11547,-0.532651,-0,-1.85295,-34.117,-12.1359,0.769417,-0.210781,-69.6978,-46.2529,8.72788
O=C(C[NH2+]C1CCCC1)N1CCC[C@H]1B(O)O,"CHEMBL371429",598,Done,3.97,-6.75861,"glide_grid_1X70",-6.86011,-0.205029,-0.426812,-0,-2.14261,-16.0496,-25.8577,0.834064,-0.238592,-63.9488,-41.9073,10.1899
O=C(CNC1CCCC1)N1CCC[C@H]1B(O)O,"CHEMBL371429",599,Done,3.87,-3.61179,"glide_grid_1X70",-4.70719,-1.14197,-0.170092,-0,-2.06687,-20.2968,-9.11052,1.20007,-0.146904,-35.6409,-29.4073,10.6842
N#C[C@@H]1CCCN1C(=O)CNCCC(=O)Nc1ccccc1,"CHEMBL371480",600,Done,7.46,-3.0595,"glide_grid_1X70",-3.3524,-0.588262,-0.480149,-0,-1.29371,-27.3958,-5.77982,1.42621,-0.179728,-39.3616,-33.1756,4.0383
N#C[C@@H]1CCCN1C(=O)C[NH2+]CCC(=O)Nc1ccccc1,"CHEMBL371480",601,Done,6.15,-6.27379,"glide_grid_1X70",-6.83159,-0.904038,-0.415433,-0,-2.47858,-31.9586,-14.9218,0.992507,-0.18985,-71.716,-46.8803,8.56053
Cn1nc2c(c1C(F)(F)F)CCN(C(=O)C[C@H]([NH3+])Cc1cc(F)ccc1F)C2,"CHEMBL371521",602,Done,4.28,-8.81686,"glide_grid_1X70",-8.82716,-0.987794,-0.905747,-0,-2.23939,-34.4406,-20.5609,0.337858,-0.225919,-92.5335,-55.0015,6.41194
Cn1nc2c(c1C(F)(F)F)CCN(C(=O)C[C@H](N)Cc1cc(F)ccc1F)C2,"CHEMBL371521",603,Done,3.77,-4.01879,"glide_grid_1X70",-6.42539,-1.04241,-0.886938,-0,-1.58132,-34.2863,-10.0512,0.484834,-0.177559,-57.6623,-44.3375,9.4494
N#C[C@@H]1CCCN1C(=O)[C@@H]1C[C@H](NC(=O)Nc2ccccc2)CN1,"CHEMBL371585",604,Done,7.44,-4.91457,"glide_grid_1X70",-4.92147,-0.650419,-0.575242,-0,-1.24438,-33.6971,-8.91408,0.875523,-0.304992,-54.6545,-42.6112,5.53043
N#C[C@@H]1CCCN1C(=O)[C@@H]1C[C@H](NC(=O)Nc2ccccc2)C[NH2+]1,"CHEMBL371585",605,Done,4.74,-3.17342,"glide_grid_1X70",-5.81512,-0.922599,-0.642507,-0,-0.952773,-36.4333,-14.2608,0.870782,-0.207246,-62.6411,-50.6941,15.3627
C[C@@H](c1ccc(-c2ccncc2)cc1)[C@H](N)C(=O)N1CC[C@H](F)C1,"CHEMBL371846",606,Done,3.86,-3.36489,"glide_grid_1X70",-3.75849,-0.520869,-0.304,-0,-1.82117,-24.7186,-3.36411,0.700362,-0.0722668,-33.7477,-28.0827,6.93173
C[C@@H](c1ccc(-c2ccncc2)cc1)[C@H]([NH3+])C(=O)N1CC[C@H](F)C1,"CHEMBL371846",607,Done,4.11,-7.3357,"glide_grid_1X70",-7.7713,-0.966069,-0.406312,-0,-2.60627,-33.8741,-16.0226,0.487599,-0.183148,-81.6893,-49.8967,3.62452
N#C[C@@H]1CCCN1C(=O)C[NH2+]CC(=O)N1CCc2ccccc2C1,"CHEMBL371907",609,Done,5.51,-5.55254,"glide_grid_1X70",-6.66894,-1.60027,-0.361373,-0,-1.73586,-26.5132,-15.0567,0.875429,-0.262713,-63.0235,-41.5698,5.19785
CS(=O)(=O)c1ccc(-c2nc3c(s2)CN(C(=O)C[C@H]([NH3+])Cc2cc(F)ccc2F)CC3)cc1,"CHEMBL372078",610,Done,3.87,-5.78034,"glide_grid_1X70",-5.79194,-0.348237,-0.489469,-0,-0.627297,-37.933,-15.6438,0.293768,-0.377494,-75.074,-53.5767,8.98176
CC(C)[C@H](NC(=O)CC[NH2+]CC(=O)N1CCC[C@H]1C#N)c1ccccc1,"CHEMBL372391",615,Done,7.93,-5.39739,"glide_grid_1X70",-5.95329,-1.11383,-0.296016,-0,-1.87701,-27.4848,-12.832,0.838981,-0.206369,-61.2495,-40.3168,5.05792
Cc1ccccc1-c1ccc([C@H](C)[C@H](N)C(=O)N2CC[C@H](F)C2)cc1,"CHEMBL372472",616,Done,3.85,-4.66281,"glide_grid_1X70",-5.05281,-1.22438,-0.237762,-0,-1.86347,-37.4715,-2.87915,0.653599,-0.0753554,-52.5836,-40.3506,2.3874
Cc1ccccc1-c1ccc([C@H](C)[C@H]([NH3+])C(=O)N2CC[C@H](F)C2)cc1,"CHEMBL372472",617,Done,4.41,-7.1744,"glide_grid_1X70",-7.6065,-1.20015,-0.401268,-0,-2.44581,-33.2601,-14.4525,0.455127,-0.183503,-77.2537,-47.7126,2.9085
N#C[C@@H]1CCCN1C(=O)C[NH2+]CCC(=O)N1CCN(C(=O)c2cc(F)cc(F)c2)CC1,"CHEMBL372746",619,Done,9.86,-5.03395,"glide_grid_1X70",-5.85135,-0.673479,-0.387418,-0,-1.56984,-29.3444,-14.1951,0.664725,-0.288856,-65.8878,-43.5395,7.88842
[NH3+][C@@H](CC(=O)N1CCc2n[nH]c(-c3ccc(F)cc3)c2C1)Cc1cc(F)ccc1F,"CHEMBL373268",622,Done,3.6,-6.48602,"glide_grid_1X70",-6.90582,-1.41907,-0.486723,-0,-1.55625,-33.8956,-12.7612,0.400464,-0.235279,-71.4601,-46.6569,7.62906
[NH3+][C@@H](CC(=O)N1CCc2[nH]nc(-c3ccc(F)cc3)c2C1)Cc1cc(F)ccc1F,"CHEMBL373268",623,Done,3.9,-6.28228,"glide_grid_1X70",-6.70468,-0.953869,-0.766421,-0,-1.66865,-28.9347,-13.8057,0.400464,-0.198607,-68.5815,-42.7404,11.3258
O=C(C[NH2+]C12C[C@H]3C[C@@H](C1)C[C@@H](C2)C3)N1CCC[C@@H]1B(O)O,"CHEMBL373269",624,Done,4.05,-4.92719,"glide_grid_1X70",-4.99579,-0.557371,-0.339699,-0,-2.01156,-13.7542,-11.6936,0.548347,-0.193762,-35.2908,-25.4478,5.58892
O=C(CNC12C[C@H]3C[C@@H](C1)C[C@@H](C2)C3)N1CCC[C@@H]1B(O)O,"CHEMBL373269",625,Done,4.35,-2.63342,"glide_grid_1X70",-3.94512,-1.14346,-0.0510469,-0,-1.95231,-12.1226,-5.73559,0.787881,-0.119718,-16.9733,-17.8582,10.4967
CCCC[C@@H](NC(=O)[C@@H]([NH3+])CCC[NH3+])B(O)O,"CHEMBL373319",626,Done,49.63,-6.60403,"glide_grid_1X70",-7.01093,-1.29682,-0.571233,-0,-2.98565,-22.4577,-31.2377,3.19837,-0.232706,-85.2216,-53.6955,9.78827
CCCC[C@@H](NC(=O)[C@@H](N)CCC[NH3+])B(O)O,"CHEMBL373319",627,Done,49.67,-3.50993,"glide_grid_1X70",-3.92953,-1.32021,-0.287425,-0,-2.61844,-24.2789,-19.9741,4.60116,-0.0945621,-53.5285,-44.253,10.2827
C[C@H](c1nc(-c2ccc(F)cc2F)no1)[C@H](N)C(=O)N1CCCC1,"CHEMBL374032",628,Done,3.56,-5.67433,"glide_grid_1X70",-5.89653,-1.51808,-0.253189,-0,-2.11072,-30.0106,-6.97494,0.667775,-0.135542,-47.9164,-36.9856,10.2315
C[C@H](c1nc(-c2ccc(F)cc2F)no1)[C@H]([NH3+])C(=O)N1CCCC1,"CHEMBL374032",629,Done,3.61,-7.12062,"glide_grid_1X70",-7.80932,-1.31978,-0.406491,-0,-2.08888,-34.2752,-15.7046,0.464972,-0.389689,-80.1926,-49.9798,9.01942
N#Cc1ccc(N[C@@H]2CN[C@H](C(=O)N3CCSC3)C2)cc1,"CHEMBL374688",630,Done,7.14,-4.43909,"glide_grid_1X70",-4.44759,-0.948681,-0.192387,-0,-1.73045,-36.7629,-2.83175,0.805373,-0.118544,-51.0894,-39.5946,2.86648
N#Cc1ccc(N[C@@H]2C[NH2+][C@H](C(=O)N3CCSC3)C2)cc1,"CHEMBL374688",631,Done,4.99,-5.38903,"glide_grid_1X70",-7.90653,-1.22521,-0.549192,-0,-2.50119,-36.5311,-14.5078,0.560485,-0.188705,-79.846,-51.0389,6.55225
C[C@H](c1nc(-c2ccc(Br)cc2Cl)no1)[C@H](N)C(=O)N1CCCC1,"CHEMBL374703",632,Done,3.46,-3.95694,"glide_grid_1X70",-4.17914,-0.8191,-0.565102,-0,-0.667502,-27.287,-7.53204,0.461145,-0.0944251,-42.9603,-34.819,6.31742
C[C@H](c1nc(-c2ccc(Br)cc2Cl)no1)[C@H]([NH3+])C(=O)N1CCCC1,"CHEMBL374703",633,Done,3.35,-6.79092,"glide_grid_1X70",-7.47962,-1.50802,-0.516187,-0,-1.39709,-30.8297,-17.7245,0.321387,-0.17956,-79.9492,-48.5541,5.98488
C[C@H](c1nc(-c2ccc(S(C)(=O)=O)cc2)no1)[C@H](N)C(=O)N1CCCC1,"CHEMBL374936",634,Done,3.27,-4.80485,"glide_grid_1X70",-5.02705,-1.38905,-0.213144,-0,-1.34057,-28.0767,-7.02728,0.541237,-0.167592,-45.3029,-35.1039,7.32644
C[C@H](c1nc(-c2ccc(S(C)(=O)=O)cc2)no1)[C@H]([NH3+])C(=O)N1CCCC1,"CHEMBL374936",635,Done,3.21,-7.55994,"glide_grid_1X70",-8.24864,-1.04355,-0.433723,-0,-1.76814,-34.2396,-21.2005,0.377065,-0.488233,-88.9388,-55.4401,10.4238
C[C@H](c1nc(-c2ccccc2Cl)no1)[C@H](N)C(=O)N1CCCC1,"CHEMBL375414",636,Done,4.04,-5.31403,"glide_grid_1X70",-5.53623,-1.39995,-0.516682,-0,-1.98161,-18.6528,-8.41379,0.67321,-0.11649,-35.5702,-27.0665,10.0845
C[C@H](c1nc(-c2ccccc2Cl)no1)[C@H]([NH3+])C(=O)N1CCCC1,"CHEMBL375414",637,Done,3.83,-7.58344,"glide_grid_1X70",-8.27214,-1.6736,-0.721922,-0,-2.0756,-29.9813,-17.4267,0.468746,-0.156691,-81.4491,-47.408,5.54063
COc1cc2c(=O)n(Cc3ccccc3C#N)c(N3CCC[C@@H]([NH3+])C3)nc2cc1F,"CHEMBL375508",638,Done,2.72,-6.15512,"glide_grid_1X70",-6.15762,-0.762387,-0.45492,-0,-1.19184,-25.9398,-16.9245,0.247743,-0.160542,-62.9822,-42.8643,5.86077
C[C@H](c1nc(-c2cccc(C(F)(F)F)c2)no1)[C@H](N)C(=O)N1CCCC1,"CHEMBL375875",639,Done,4.08,-5.51021,"glide_grid_1X70",-5.73241,-1.61131,-0.308524,-0,-1.8521,-31.1324,-5.82756,0.568051,-0.0977752,-49.4658,-36.96,4.48439
C[C@H](c1nc(-c2cccc(C(F)(F)F)c2)no1)[C@H]([NH3+])C(=O)N1CCCC1,"CHEMBL375875",640,Done,4.17,-7.19124,"glide_grid_1X70",-7.87994,-1.10561,-0.524287,-0,-2.10577,-26.0087,-19.6013,0.395699,-0.299338,-79.6552,-45.61,3.79786
Cn1c(=O)cc(N2CCC[C@@H]([NH3+])C2)n(Cc2ccccc2C#N)c1=O,"CHEMBL376359",641,Done,2.28,-6.01408,"glide_grid_1X70",-6.02058,-0.178136,-0.80385,-0,-1.77938,-23.2374,-15.4221,0.343202,-0.127236,-60.6185,-38.6595,0.610614
Cn1c(=O)cc(N2CCC[C@@H](N)C2)n(Cc2ccccc2C#N)c1=O,"CHEMBL376359",642,Done,2.46,-2.17974,"glide_grid_1X70",-4.86044,-0.280223,-0.6593,-0,-1.57271,-26.5041,-9.86908,0.492872,-0.0355159,-46.5058,-36.3732,0.733686
O=C(Nc1ccccc1)N[C@@H]1CN[C@H](C(=O)N2CCSC2)C1,"CHEMBL376562",643,Done,9.49,-5.4492,"glide_grid_1X70",-5.4577,-0.582492,-0.751949,-0,-1.47106,-34.5705,-10.2997,0.9094,-0.288111,-57.3784,-44.8703,8.2023
O=C(Nc1ccccc1)N[C@@H]1C[NH2+][C@H](C(=O)N2CCSC2)C1,"CHEMBL376562",644,Done,5.39,-4.18425,"glide_grid_1X70",-6.70175,-1.04773,-0.331443,-0,-2.01129,-32.049,-13.9615,0.633066,-0.24768,-73.413,-46.0106,4.27837
CC1([NH2+]CC(=O)N2[C@H](C#N)CC[C@@H]2C#N)CCCCC1,"CHEMBL377058",645,Done,3.71,-4.65281,"glide_grid_1X70",-4.90451,-0.334865,-0.286635,-0,-1.96158,-23.7352,-10.9231,0.711071,-0.207272,-48.5308,-34.6583,4.51497
CC(C)(C)CC(C)(C)[NH2+]CC(=O)N1[C@H](C#N)CC[C@@H]1C#N,"CHEMBL377320",647,Done,8.33,-4.69153,"glide_grid_1X70",-4.96643,-0.431364,-0.4,-0,-1.73437,-17.7049,-15.8431,1.07398,-0.212954,-47.2227,-33.5481,7.24841
C[C@@H](c1ccc(-c2ccc(=O)n(C)c2)cc1)[C@H](N)C(=O)N1CCSC1,"CHEMBL377724",649,Done,3.38,-3.78564,"glide_grid_1X70",-4.11194,-0.895926,-0.304,-0,-1.33951,-27.1423,-4.97979,0.599269,-0.0676905,-38.684,-32.1221,11.3424
C[C@@H](c1ccc(-c2ccc(=O)n(C)c2)cc1)[C@H]([NH3+])C(=O)N1CCSC1,"CHEMBL377724",650,Done,2.7,-4.20136,"glide_grid_1X70",-4.71046,-0.270555,-0.4,-0,-1.18296,-21.7626,-14.5637,0.596271,-0.180532,-52.1511,-36.3263,0.999304
N#C[C@@H]1CC[C@H](C#N)N1C(=O)C[NH2+]C1(COC2CCCCC2)CCCC1,"CHEMBL377749",652,Done,18.03,-5.32221,"glide_grid_1X70",-6.02291,-1.14947,-0.670333,-0,-1.73746,-27.6092,-12.6898,1.03827,-0.219998,-57.5114,-40.299,12.0932
O=C([C@@H]1C[NH2+][C@H](C(=O)N2CCCC2)C1)N1Cc2cc(Cl)c(Cl)cc2C1,"CHEMBL377776",653,Done,2.97,-6.58752,"glide_grid_1X70",-6.68122,-1.05423,-0.394021,-0,-1.72453,-34.432,-13.1368,0.370327,-0.186643,-72.1595,-47.5689,4.67127
O=C([C@@H]1C[NH2+][C@H](C(=O)N2CC[C@@H](F)C2)C1)N1Cc2ccccc2C1,"CHEMBL378086",655,Done,3.39,-7.1486,"glide_grid_1X70",-7.2648,-1.48307,-0.4,-0,-2.16283,-32.7239,-12.4055,0.477304,-0.199177,-72.3441,-45.1294,4.70742
[NH3+]Cc1cccnc1-c1ccccc1Cl,"CHEMBL378152",657,Done,1.35,-7.42348,"glide_grid_1X70",-7.60818,-1.27469,-0.515075,-0,-2.76832,-22.9257,-13.6534,0.244189,-0.1,-63.3097,-36.579,0.312588
NCc1cccnc1-c1ccccc1Cl,"CHEMBL378152",658,Done,1.28,-3.98089,"glide_grid_1X70",-4.76149,-1.08922,-0.304,-0,-2.19699,-20.2341,-3.40757,0.351557,0,-31.6801,-23.6417,1.01514
C[C@@H](c1ccc(-c2ccc(=O)n(C)c2)cc1)[C@H](N)C(=O)N1CC(F)C1,"CHEMBL378597",659,Done,2.77,-4.4827,"glide_grid_1X70",-4.8453,-1.05948,-0.512812,-0,-1.28154,-26.1925,-8.45627,0.643637,-0.0570413,-45.5985,-34.6488,0.470921
C[C@@H](c1ccc(-c2ccc(=O)n(C)c2)cc1)[C@H]([NH3+])C(=O)N1CC(F)C1,"CHEMBL378597",660,Done,2.97,-7.29371,"glide_grid_1X70",-7.75671,-1.44725,-0.728488,-0,-1.51614,-30.0432,-19.0766,0.448208,-0.149401,-78.4614,-49.1198,1.69174
CC(C)COCC1([NH2+]CC(=O)N2[C@H](C#N)CC[C@@H]2C#N)CCCC1,"CHEMBL378709",662,Done,12.16,-4.8833,"glide_grid_1X70",-5.5664,-0.937232,-0.661081,-0,-1.67993,-26.0423,-13.0367,1.18658,-0.217124,-55.2291,-39.079,13.4075
CC(C)(C)C(=O)CC1([NH2+]CC(=O)N2[C@H](C#N)CC[C@@H]2C#N)CCCC1,"CHEMBL378750",664,Done,10.28,-2.03793,"glide_grid_1X70",-2.50103,-0.727974,-0.272799,-0,0.0260368,-11.105,-11.2374,0.955241,-0.240667,-18.9785,-22.3425,10.2188
COCC1([NH2+]CC(=O)N2[C@H](C#N)CC[C@@H]2C#N)CCCC1,"CHEMBL379086",666,Done,7.78,-4.30967,"glide_grid_1X70",-4.96787,-0.138778,-0.396391,-0,-2.02607,-21.9147,-12.3301,0.751978,-0.213369,-47.9404,-34.2448,7.50953
CC(C)(CO)[NH2+]CC(=O)N1[C@H](C#N)CC[C@@H]1C#N,"CHEMBL379260",667,Done,7.74,-5.3007,"glide_grid_1X70",-5.4021,-0.0380745,-0.827226,-0,-1.99984,-17.9377,-15.8508,0.97129,-0.23374,-49.1325,-33.7885,3.35424
CC(C)(CO)NCC(=O)N1[C@H](C#N)CC[C@@H]1C#N,"CHEMBL379260",668,Done,8.72,-3.213,"glide_grid_1X70",-4.3088,-0.100935,-0.576,-0,-1.69249,-15.5986,-16.3615,1.39715,-0.102367,-35.9587,-31.9602,12.7809
O=C([C@@H]1C[NH2+][C@H](C(=O)N2CCCC2)C1)N1Cc2ccccc2C1,"CHEMBL379261",669,Done,3.47,-5.67091,"glide_grid_1X70",-5.76461,-0.6482,-0.495815,-0,-1.64491,-30.894,-13.4032,0.752175,-0.172678,-66.4035,-44.2972,1.30015
N#C[C@@H]1CC[C@H](C#N)N1C(=O)C[NH2+]C1(CO)CCCC1,"CHEMBL379522",671,Done,9.83,-4.72052,"glide_grid_1X70",-4.87412,-0.0129843,-0.656,-0,-1.73842,-18.0489,-16.5203,1.17054,-0.256749,-49.5144,-34.5692,6.92932
N#C[C@@H]1CC[C@H](C#N)N1C(=O)CNC1(CO)CCCC1,"CHEMBL379522",672,Done,9.6,-3.28339,"glide_grid_1X70",-4.15849,-0.70285,-0.481316,-0,-1.65142,-16.3254,-10.3101,1.17795,-0.138071,-33.2576,-26.6355,8.50956
O=C(Nc1ccccc1)[C@@H]1C[NH2+][C@H](C(=O)N2CCCC2)C1,"CHEMBL380240",673,Done,7.61,-6.51176,"glide_grid_1X70",-6.60546,-0.824812,-0.527893,-0,-2.33979,-29.3738,-13.2769,0.765688,-0.218431,-68.7427,-42.6507,1.15887
N#C[C@@H]1CC[C@H](C#N)N1C(=O)C[NH2+]C1(CO)CCOCC1,"CHEMBL380681",675,Done,8.98,-5.53964,"glide_grid_1X70",-5.91154,-0.450293,-0.665198,-0,-1.75493,-12.5376,-21.532,1.06168,-0.246116,-52.466,-34.0696,5.18076
N#C[C@@H]1CC[C@H](C#N)N1C(=O)CNC1(CO)CCOCC1,"CHEMBL380681",676,Done,8.66,-4.36158,"glide_grid_1X70",-4.81378,-0.380533,-0.686417,-0,-1.5707,-9.98705,-17.3105,1.06808,-0.148282,-38.7953,-27.2975,3.19841
N[C@H](C(=O)N1CC(F)(F)C(F)(F)C1)C1CCCCC1,"CHEMBL380860",677,Done,2.3,-4.53683,"glide_grid_1X70",-4.91123,-0.706373,-0.228703,-0,-2.56131,-22.9921,-5.70859,0.681133,-0.0900829,-35.9041,-28.7007,3.24085
[NH3+][C@H](C(=O)N1CC(F)(F)C(F)(F)C1)C1CCCCC1,"CHEMBL380860",678,Done,2.2,-7.26575,"glide_grid_1X70",-7.71505,-0.707962,-0.447455,-0,-3.05969,-23.944,-17.1401,0.473847,-0.205568,-69.7033,-41.0842,2.91345
CC(C)(CC(=O)N1CCc2cc(F)ccc2C1)[NH2+]CC(=O)N1CCC[C@H]1C#N,"CHEMBL380902",680,Done,6.63,-5.64391,"glide_grid_1X70",-6.11161,-1.2579,-0.4,-0,-1.61623,-30.0148,-12.7933,0.778268,-0.196014,-64.9888,-42.8081,5.24522
CC1([NH2+]CC(=O)N2[C@H](C#N)CC[C@@H]2C#N)CCCC1,"CHEMBL381111",681,Done,4.2,-4.61404,"glide_grid_1X70",-4.88894,-0.00143916,-0.606802,-0,-1.90566,-17.4173,-13.9602,0.778319,-0.188457,-46.3374,-31.3775,2.45959
C[C@@H](c1ccc(-c2ccc(=O)[nH]c2)cc1)[C@H](N)C(=O)N1CC[C@H](F)C1,"CHEMBL381145",683,Done,2.94,-3.70689,"glide_grid_1X70",-4.09689,-0.526178,-0.304,-0,-1.74306,-27.9705,-4.68528,0.643637,-0.0659744,-40.339,-32.6558,5.26958
C[C@@H](c1ccc(-c2ccc(=O)[nH]c2)cc1)[C@H]([NH3+])C(=O)N1CC[C@H](F)C1,"CHEMBL381145",684,Done,3.64,-7.71142,"glide_grid_1X70",-8.14352,-1.23866,-0.572579,-0,-2.44742,-36.0871,-15.8078,0.448208,-0.157536,-85.4778,-51.895,5.12474
O=C(C[NH2+]C1CC1)N1CCC[C@H]1B(O)O,"CHEMBL381200",685,Done,3.69,-4.81118,"glide_grid_1X70",-4.89678,0,-0.4,-0,-2.18016,-17.1369,-18.0862,1.46923,-0.216075,-53.1541,-35.2231,3.83688
O=C(CNC1CC1)N1CCC[C@H]1B(O)O,"CHEMBL381200",686,Done,3.33,-2.74643,"glide_grid_1X70",-3.93503,-0.554002,-0.29515,-0,-2.39619,-17.3507,-8.06366,1.48098,-0.0935908,-30.7892,-25.4143,6.90584
N[C@H](c1ccccc1)[C@H]([NH3+])c1ccccc1,"CHEMBL381340",687,Done,1.76,-5.90154,"glide_grid_1X70",-6.09914,-0.68897,-0.423765,-0,-2.73888,-24.4034,-11.3151,0.769911,-0.1,-51.7765,-35.7185,8.27835
N[C@H](c1ccccc1)[C@H](N)c1ccccc1,"CHEMBL381340",688,Done,1.7,-3.05796,"glide_grid_1X70",-3.81946,-0.787966,-0.290932,-0,-2.24837,-25.3021,-2.2383,1.10866,0,-30.1813,-27.5404,8.48988
C[C@]12CC3(NCC(=O)N4CCC[C@@H]4B(O)O)C[C@](C)(C1)C[C@@](C)(C3)C2,"CHEMBL381444",690,Done,3.57,-2.44691,"glide_grid_1X70",-3.79341,-0.887004,-0.29075,-0,-1.03162,-18.0197,-9.29382,0.784586,-0.0735703,-33.3088,-27.3136,4.78526
N#C[C@@H]1CCCN1C(=O)C[NH2+]CCC(=O)N1Cc2ccccc2C1,"CHEMBL381530",692,Done,3.66,-6.14636,"glide_grid_1X70",-6.98546,-1.47641,-0.460703,-0,-2.17899,-28.7947,-13.2835,0.73536,-0.172453,-66.4321,-42.0782,7.77662
N#C[C@@H]1CCCN1C(=O)[C@@H]1CCC[NH2+]1,"CHEMBL381626",693,Done,1.43,-5.46416,"glide_grid_1X70",-5.63746,-0.669377,-0.4,-0,-2.5806,-22.6474,-10.1184,0.857246,-0.194609,-49.4119,-32.7657,0.761859
[NH3+][C@@H](CC(=O)N1CCc2sc(-c3ccc(C(F)(F)F)cc3)nc2C1)Cc1cc(F)ccc1F,"CHEMBL381665",695,Done,3.67,-4.83726,"glide_grid_1X70",-4.84836,-0.371142,-0.393533,-0,-0.626919,-27.0342,-14.4958,0.30511,-0.2358,-58.2326,-41.53,3.20289
N[C@@H](CC(=O)N1CCc2sc(-c3ccc(C(F)(F)F)cc3)nc2C1)Cc1cc(F)ccc1F,"CHEMBL381665",696,Done,4.59,-0.516758,"glide_grid_1X70",-2.87976,-0.189167,-0.395883,-0,-0.18692,-24.4522,-8.41916,0.437541,-0.059845,-36.2948,-32.8714,6.30298
NC(=O)[C@@H]1Cc2ccccc2CN1C(=O)C[C@H]([NH3+])Cc1ccccc1F,"CHEMBL381806",697,Done,7.76,-8.9418,"glide_grid_1X70",-8.9531,-1.06013,-1.10618,-0,-2.20397,-32.0166,-21.0995,0.421707,-0.238781,-90.2307,-53.1161,12.5381
NC(=O)[C@@H]1Cc2ccccc2CN1C(=O)C[C@H](N)Cc1ccccc1F,"CHEMBL381806",698,Done,7.14,-3.42762,"glide_grid_1X70",-5.78182,-1.46306,-0.286566,-0,-1.73042,-39.1552,-4.99584,0.605484,-0.200123,-58.4901,-44.151,4.59594
N#C[C@@H]1CC[C@H](C#N)N1C(=O)CNC1(CO)Cc2ccccc2C1,"CHEMBL382045",699,Done,9.68,-6.21633,"glide_grid_1X70",-6.46413,-1.32325,-0.935803,-0,-1.67402,-26.6422,-13.1913,0.889886,-0.110129,-52.5739,-39.8335,11.3818
N#C[C@@H]1CC[C@H](C#N)N1C(=O)C[NH2+]C1(CO)Cc2ccccc2C1,"CHEMBL382045",700,Done,10.35,-6.75722,"glide_grid_1X70",-7.39332,-1.43477,-0.527198,-0,-1.96983,-23.1749,-20.6108,0.885027,-0.0961857,-71.1727,-43.7857,5.53693
[NH3+]CC1(c2ccccc2)CCCC1,"CHEMBL382127",701,Done,2.54,-7.12889,"glide_grid_1X70",-7.13129,-1.21287,-0.4,-0,-3.19571,-17.747,-11.25,0.352143,-0.1,-50.588,-28.997,2.63936
[NH3+]C[C@H](c1ccccc1Cl)N1CCOCC1,"CHEMBL382382",702,Done,1.86,-6.26562,"glide_grid_1X70",-6.32362,-1.29985,-0.331511,-0,-2.42687,-21.9599,-11.0703,0.593146,-0.1,-43.9739,-33.0302,22.2702
NC[C@H](c1ccccc1Cl)N1CCOCC1,"CHEMBL382382",703,Done,1.7,-2.46668,"glide_grid_1X70",-3.90768,-0.387875,-0.304,-0,-2.02993,-16.8226,-6.2809,0.597391,0,-25.0739,-23.1035,11.2721
N#C[C@@H]1CCCN1C(=O)CNCCC(=O)NCc1cc(F)cc(F)c1,"CHEMBL382847",704,Done,7.69,-4.45215,"glide_grid_1X70",-4.73855,-0.607139,-0.491693,-0,-1.61688,-27.0042,-11.1421,1.24215,-0.243473,-46.0681,-38.1463,12.3614
N#C[C@@H]1CCCN1C(=O)C[NH2+]CCC(=O)NCc1cc(F)cc(F)c1,"CHEMBL382847",705,Done,7.2,-6.44563,"glide_grid_1X70",-7.01383,-0.966256,-0.431383,-0,-2.13731,-30.4485,-16.8176,0.865076,-0.298875,-75.7678,-47.2662,6.55689
N#C[C@@H]1CCCN1C(=O)CNCCC(=O)NCc1ccccc1,"CHEMBL382907",706,Done,8.94,-5.16506,"glide_grid_1X70",-5.45506,-1.80029,-0.262148,-0,-2.13597,-38.001,-4.60879,1.50452,-0.169807,-55.105,-42.6097,7.41928
N#C[C@@H]1CCCN1C(=O)C[NH2+]CCC(=O)NCc1ccccc1,"CHEMBL382907",707,Done,6.29,-6.45163,"glide_grid_1X70",-7.01403,-1.5721,-0.283548,-0,-2.27819,-38.3723,-14.6498,1.49607,-0.260171,-79.5959,-53.0222,5.5566
O=C(C[NH2+]C1CCCCCCC1)N1CCC[C@H]1B(O)O,"CHEMBL382974",708,Done,3.97,-5.30281,"glide_grid_1X70",-5.39271,-0.378598,-0.375871,-0,-1.84875,-21.8576,-15.8894,0.90307,-0.216276,-52.9915,-37.747,4.16938
O=C(CNC1CCCCCCC1)N1CCC[C@H]1B(O)O,"CHEMBL382974",709,Done,4.21,-4.59403,"glide_grid_1X70",-5.75543,-1.13133,-0.387583,-0,-1.73955,-22.1769,-12.5964,0.63608,-0.134737,-44.3418,-34.7733,6.61999
O=C(CNC1CCC1)N1CCC[C@H]1B(O)O,"CHEMBL382980",710,Done,4.58,-4.09034,"glide_grid_1X70",-4.21474,-0.0163379,-0.144,-0,-1.91744,-13.392,-15.1851,0.930543,-0.120146,-35.869,-28.5771,6.53248
O=C(C[NH2+]C1CCC1)N1CCC[C@H]1B(O)O,"CHEMBL382980",711,Done,3.95,-4.07058,"glide_grid_1X70",-5.05648,0,-0.382922,-0,-2.08517,-17.6184,-18.7442,1.31937,-0.215219,-53.7073,-36.3626,3.83897
N#C[C@@H]1CC[C@H](C#N)N1C(=O)C[NH2+][C@@]12C[C@@H]3C[C@@H](C[C@H]1C3)C2,"CHEMBL383488",712,Done,3.16,-3.98441,"glide_grid_1X70",-4.19771,-0.0826096,-0.375811,-0,-1.61656,-19.9911,-10.3461,0.614683,-0.185938,-42.3328,-30.3373,2.04478
CC(C)[C@H]([NH3+])C(=O)N1CCCC1,"CHEMBL383705",714,Done,1.75,-7.20385,"glide_grid_1X70",-7.38725,-0.819341,-0.49937,-0,-3.16796,-17.8347,-14.8472,0.369167,-0.15093,-57.677,-32.6819,1.31534
CC(C)[C@H](N)C(=O)N1CCCC1,"CHEMBL383705",715,Done,1.76,-3.9345,"glide_grid_1X70",-4.7187,-0.845314,-0.203604,-0,-2.66372,-20.8977,-2.97781,0.532482,-0.0469849,-29.6737,-23.8755,3.14188
N#C[C@@H]1CCCN1C(=O)C[NH2+]CCC(=O)N1CCN(c2nc3ccccc3s2)CC1,"CHEMBL383841",717,Done,7.6,-5.14741,"glide_grid_1X70",-5.93421,-1.20562,-0.462436,-0,-0.954971,-34.4284,-15.0731,0.868993,-0.197796,-70.5627,-49.5015,9.13223
C[C@@H]1C(=O)NCCCN1C(=O)C[C@@H]([NH3+])Cc1cc(F)c(F)cc1F,"CHEMBL384382",718,Done,4.63,-8.68698,"glide_grid_1X70",-8.69698,-1.14788,-0.67064,-0,-2.64761,-26.2734,-20.8308,0.448326,-0.2409,-81.1877,-47.1041,9.0235
C[C@@H]1C(=O)NCCCN1C(=O)C[C@@H](N)Cc1cc(F)c(F)cc1F,"CHEMBL384382",719,Done,4.43,-3.68111,"glide_grid_1X70",-6.10431,-1.41493,-0.353606,-0,-2.14758,-32.1761,-7.47082,0.643807,-0.102575,-52.7253,-39.6469,4.29865
CC(C)(CC(=O)NCCc1cccc(C(F)(F)F)c1)[NH2+]CC(=O)N1CCC[C@H]1C#N,"CHEMBL384493",720,Done,10.02,-3.33084,"glide_grid_1X70",-3.61194,-0.898275,-0.4,-0,-0.337089,-25.2624,-10.9977,1.09586,-0.159659,-36.4487,-36.2601,16.5019
C[C@@H]1C(=O)NCN1C(=O)C[C@H]([NH3+])Cc1cc(F)ccc1F,"CHEMBL384816",722,Done,3.93,-9.73344,"glide_grid_1X70",-9.74484,-0.943202,-1.21457,-0,-2.82882,-28.6126,-24.3726,0.57735,-0.249074,-96.6124,-52.9853,4.79727
C[C@@H]1C(=O)NCN1C(=O)C[C@H](N)Cc1cc(F)ccc1F,"CHEMBL384816",723,Done,3.8,-3.31634,"glide_grid_1X70",-5.66144,-0.775097,-0.697361,-0,-2.15936,-22.0492,-10.5347,0.829681,-0.176639,-44.3347,-32.5839,4.37359
COc1ccc(NC(=O)CC(C)(C)[NH2+]CC(=O)N2CCC[C@H]2C#N)cc1,"CHEMBL384985",724,Done,6.48,-4.79567,"glide_grid_1X70",-5.08247,-1.09582,-0.171635,-0,-1.60718,-32.2137,-10.244,1.18685,-0.247399,-57.5594,-42.4577,9.63767
N#C[C@@H]1C[C@@H]2C[C@@H]2N1C(=O)[C@@H]([NH3+])[C@@]12C[C@@H]3C[C@@H](C[C@@](O)(C3)C1)C2,"CHEMBL385517",728,Done,2.25,-7.04762,"glide_grid_1X70",-7.37142,-0.863525,-0.706264,-0,-2.06257,-30.6413,-16.121,0.390476,-0.179322,-74.1384,-46.7623,7.32158
N#C[C@@H]1C[C@@H]2C[C@@H]2N1C(=O)[C@@H](N)[C@@]12C[C@@H]3C[C@@H](C[C@@](O)(C3)C1)C2,"CHEMBL385517",729,Done,2.19,-3.75999,"glide_grid_1X70",-4.27249,-0.42287,-0.712754,-0,-1.55774,-6.3833,-11.3991,0.560964,-0.111058,-28.0678,-17.7824,0.561402
CC(C)(CC(=O)Nc1ccc(F)cc1)[NH2+]CC(=O)N1CCC[C@H]1C#N,"CHEMBL385637",730,Done,5.75,-5.63861,"glide_grid_1X70",-5.92541,-1.26693,-0.398915,-0,-1.50346,-31.0686,-14.0871,1.10337,-0.192982,-65.4812,-45.1558,4.57149
C[C@@H]1C(=O)NCCCN1C(=O)C[C@H]([NH3+])Cc1cc(F)c(F)cc1F,"CHEMBL385711",732,Done,5.31,-9.50481,"glide_grid_1X70",-9.51481,-1.13462,-1.12212,-0,-2.70782,-28.5811,-22.5226,0.448326,-0.191135,-90.5322,-51.1036,8.11759
C[C@@H]1C(=O)NCCCN1C(=O)C[C@H](N)Cc1cc(F)c(F)cc1F,"CHEMBL385711",733,Done,4.87,-4.74849,"glide_grid_1X70",-7.17169,-1.03184,-1.0366,-0,-2.34814,-28.9749,-12.5575,0.643807,-0.0665513,-56.3489,-41.5324,9.3715
CC(C)(CC(=O)Nc1ccc(F)c(F)c1)[NH2+]CC(=O)N1CCC[C@H]1C#N,"CHEMBL386326",734,Done,5.66,-5.36311,"glide_grid_1X70",-5.64991,-1.32115,-0.4,-0,-1.32005,-28.3693,-13.2003,1.0085,-0.218702,-56.7836,-41.5696,15.0784
[NH3+][C@@H](CC(=O)N1CCCNC(=O)[C@H]1Cc1ccccc1)Cc1cc(F)c(F)cc1F,"CHEMBL386380",736,Done,6.66,-8.91234,"glide_grid_1X70",-8.92264,-1.35357,-0.46947,-0,-2.34104,-39.2928,-20.6243,0.470247,-0.170515,-102.255,-59.9171,6.09101
N[C@@H](CC(=O)N1CCCNC(=O)[C@H]1Cc1ccccc1)Cc1cc(F)c(F)cc1F,"CHEMBL386380",737,Done,6.79,-3.15669,"glide_grid_1X70",-5.56029,-1.61904,-0.39786,-0,-1.617,-33.2281,-5.53208,0.674702,-0.109879,-51.7268,-38.7602,7.87243
Cc1ccc(C(=O)C[NH2+][C@H](C)CCc2ccc(C(N)=O)cc2)cc1,"CHEMBL386895",739,Done,6.9,-6.13983,"glide_grid_1X70",-6.94833,-1.65768,-0.58329,-0,-1.90378,-33.0673,-14.5804,1.23877,-0.201925,-73.51,-47.6477,6.36196
O=C1c2ccccc2CN1CC(=O)N1CCC[C@H]1B(O)O,"CHEMBL387050",740,Done,2.42,-4.82192,"glide_grid_1X70",-4.82192,-0.396023,-0.288,-0,-1.45269,-21.8305,-15.598,0.876438,-0.130425,-47.1115,-37.4285,7.75343
N#Cc1ccccc1Cn1c(N2CCC[C@@H]([NH3+])C2)nc2c(Cl)cccc2c1=O,"CHEMBL387552",741,Done,2.21,-4.87321,"glide_grid_1X70",-4.87571,-0.167417,-0.472092,-0,-1.00008,-26.2026,-14.2102,0.376121,-0.170584,-58.321,-40.4128,0.920596
[NH3+][C@@H](CC(=O)N1CCn2c(nnc2C(F)(F)F)C1)Cc1ccccc1Cl,"CHEMBL388431",742,Done,4.01,-9.22117,"glide_grid_1X70",-9.23337,-1.49397,-0.872627,-0,-1.94528,-36.237,-21.2564,0.360975,-0.282157,-97.0892,-57.4934,10.0799
N[C@@H](CC(=O)N1CCn2c(nnc2C(F)(F)F)C1)Cc1ccccc1Cl,"CHEMBL388431",743,Done,4.34,-3.00884,"glide_grid_1X70",-5.31584,-0.948717,-0.576,-0,-1.1747,-22.5811,-12.3404,0.518087,-0.154399,-45.9184,-34.9214,6.20482
[NH3+][C@@H](CC(=O)N1CCn2c(nnc2C(F)(F)F)C1)Cc1ccc(Cl)c(Cl)c1,"CHEMBL388433",744,Done,3.95,-8.24227,"glide_grid_1X70",-8.25447,-1.02614,-0.525928,-0,-1.84886,-36.7663,-19.971,0.309768,-0.329348,-92.0825,-56.7373,7.2279
N[C@@H](CC(=O)N1CCn2c(nnc2C(F)(F)F)C1)Cc1ccc(Cl)c(Cl)c1,"CHEMBL388433",745,Done,3.9,-2.74885,"glide_grid_1X70",-5.05585,-1.00996,-0.576,-0,-1.12615,-26.8222,-9.03909,0.444439,-0.0912112,-41.6715,-35.8613,12.9264
[NH3+][C@@H](CC(=O)N1CCn2c(nnc2C(F)(F)F)C1)Cc1ccccc1F,"CHEMBL388475",746,Done,4.53,-9.79313,"glide_grid_1X70",-9.80533,-1.26996,-0.80602,-0,-2.4049,-36.3793,-23.6977,0.390057,-0.340894,-102.185,-60.0769,7.15996
N[C@@H](CC(=O)N1CCn2c(nnc2C(F)(F)F)C1)Cc1ccccc1F,"CHEMBL388475",747,Done,3.78,-4.74973,"glide_grid_1X70",-7.05673,-1.14556,-0.764515,-0,-1.85973,-36.0814,-12.5861,0.559932,-0.15488,-65.2457,-48.6675,8.16014
CN(C)C(=O)[C@@H](c1ccc(-c2ccc(F)cc2)cc1)[C@H](N)C(=O)N1CCOCC1,"CHEMBL388900",748,Done,3.88,-4.71217,"glide_grid_1X70",-4.87257,-1.33147,-0.160518,-0,-1.12266,-36.895,-5.82928,0.613995,-0.152775,-49.0958,-42.7242,12.0069
CN(C)C(=O)[C@@H](c1ccc(-c2ccc(F)cc2)cc1)[C@H]([NH3+])C(=O)N1CCOCC1,"CHEMBL388900",749,Done,3.86,-6.65823,"glide_grid_1X70",-7.51063,-1.3429,-0.391926,-0,-1.62467,-33.1492,-17.605,0.427851,-0.280773,-80.458,-50.7542,4.37132
N#Cc1ccccc1Cn1c(N2CCC[C@@H]([NH3+])C2)nc2ccc(Cl)cc2c1=O,"CHEMBL389074",750,Done,2.25,-6.13597,"glide_grid_1X70",-6.13847,-0.371855,-0.611142,-0,-1.24675,-28.7841,-16.5058,0.263285,-0.256942,-67.9058,-45.2898,2.69003
N#C[C@@H]1CCCN1C(=O)[C@@H]1C[C@@H]([C@H]2[C@@H]3C[C@H]4C[C@@H](C3)C[C@@H]2C4)C[NH2+]1,"CHEMBL389138",751,Done,2.69,-6.16465,"glide_grid_1X70",-6.24415,-0.740374,-0.55303,-0,-2.08433,-26.1802,-11.6266,0.365566,-0.178986,-49.0314,-37.8067,6.81713
[NH3+][C@@H](CC(=O)N1CCn2c(nnc2C(F)(F)F)C1)Cc1ccc(F)cc1F,"CHEMBL389151",753,Done,4.05,-9.94708,"glide_grid_1X70",-9.95928,-1.04326,-0.8775,-0,-2.68575,-37.8705,-23.4125,0.358428,-0.305796,-106.231,-61.283,6.1658
N[C@@H](CC(=O)N1CCn2c(nnc2C(F)(F)F)C1)Cc1ccc(F)cc1F,"CHEMBL389151",754,Done,4.18,-5.37856,"glide_grid_1X70",-7.68556,-1.08628,-0.760544,-0,-2.27978,-37.8996,-13.1365,0.514423,-0.207921,-71.1761,-51.0361,7.81358
O=C([C@@H]1C[C@H](N2CCc3ccccc32)C[NH2+]1)N1CCSC1,"CHEMBL389244",755,Done,2.99,-6.85273,"glide_grid_1X70",-6.99663,-0.961103,-0.4,-0,-2.24838,-30.7557,-13.711,0.41788,-0.210589,-70.208,-44.4667,3.76398
[NH3+][C@H]1CN(c2ccc3ccccc3n2)CC[C@@H]1c1cc(F)c(F)cc1F,"CHEMBL389537",759,Done,1.92,-8.47295,"glide_grid_1X70",-8.48105,-1.10475,-0.567531,-0,-2.51081,-34.7668,-17.5024,0.208797,-0.143058,-85.8904,-52.2692,0.493009
[NH3+][C@H]1CN(c2cnc3ccccc3n2)CC[C@@H]1c1cc(F)c(F)cc1F,"CHEMBL389538",760,Done,1.91,-9.17197,"glide_grid_1X70",-9.17967,-1.35928,-0.642983,-0,-2.7512,-37.6428,-17.4324,0.207775,-0.136984,-93.4845,-55.0752,0.0853783
N[C@H]1CN(c2cnc3ccccc3n2)CC[C@@H]1c1cc(F)c(F)cc1F,"CHEMBL389538",761,Done,2,-4.15856,"glide_grid_1X70",-6.73356,-1.35608,-0.500491,-0,-2.19968,-37.7794,-7.00994,0.298311,-0.0351555,-60.1241,-44.7893,0.206086
[NH3+][C@@H](CC(=O)N1CCn2c(nnc2-c2ccc(F)cc2F)C1)Cc1cc(F)ccc1F,"CHEMBL389599",762,Done,5.26,-6.78946,"glide_grid_1X70",-6.80166,-1.02618,-0.72,-0,-1.54804,-28.6348,-16.1477,0.527669,-0.181205,-74.3217,-44.7825,5.99748
N[C@@H](CC(=O)N1CCn2c(nnc2-c2ccc(F)cc2F)C1)Cc1cc(F)ccc1F,"CHEMBL389599",763,Done,4.06,-3.31492,"glide_grid_1X70",-5.62192,-0.874518,-0.506188,-0,-1.36643,-34.1957,-9.76344,0.529896,-0.230372,-56.7762,-43.9592,8.67976
CCOC(=O)c1nnc2n1CCN(C(=O)C[C@H]([NH3+])Cc1cc(F)ccc1F)C2,"CHEMBL389600",764,Done,5.03,-8.42,"glide_grid_1X70",-8.4322,-1.12128,-0.878274,-0,-2.31381,-35.8247,-17.3702,0.527726,-0.249815,-86.143,-53.1948,11.1959
CCOC(=O)c1nnc2n1CCN(C(=O)C[C@H](N)Cc1cc(F)ccc1F)C2,"CHEMBL389600",765,Done,5.52,-2.86136,"glide_grid_1X70",-5.16836,-1.30162,-0.253517,-0,-2.00177,-35.0757,-3.35167,0.75737,-0.112293,-48.8169,-38.4273,5.05068
[NH3+][C@H]1CN(c2cc(C(F)(F)F)ccn2)CC[C@@H]1c1cc(F)c(F)cc1F,"CHEMBL389602",766,Done,2.61,-8.54453,"glide_grid_1X70",-8.55193,-0.983162,-0.568147,-0,-2.72956,-33.0145,-16.9282,0.191355,-0.272452,-85.817,-49.9427,0.54999
CCOC(=O)CN(Cc1ccc(C#N)cc1)[C@@H]1C[NH2+][C@H](C(=O)N2CCSC2)C1,"CHEMBL389624",770,Done,8.85,-4.26727,"glide_grid_1X70",-6.80337,-0.926922,-0.485683,-0,-1.58408,-37.172,-16.2698,0.675264,-0.18288,-76.9981,-53.4417,8.77749
CCc1nnc2ccc(N3CC[C@H](c4cc(F)c(F)cc4F)[C@@H]([NH3+])C3)nn12,"CHEMBL390080",773,Done,2.31,-8.20322,"glide_grid_1X70",-8.21022,-0.764832,-0.560641,-0,-2.41191,-32.9504,-18.7846,0.190387,-0.198011,-86.9489,-51.735,0.733239
[NH3+][C@H]1CN(c2ccccc2)CC[C@@H]1c1cc(F)c(F)cc1F,"CHEMBL390193",775,Done,1.95,-8.65364,"glide_grid_1X70",-8.66064,-1.11154,-0.491976,-0,-3.03199,-30.7422,-17.4321,0.27399,-0.147202,-83.1344,-48.1743,0.0930096
N[C@H]1CN(c2ccccc2)CC[C@@H]1c1cc(F)c(F)cc1F,"CHEMBL390193",776,Done,1.88,-3.10632,"glide_grid_1X70",-5.74002,-1.10448,-0.402342,-0,-2.30403,-30.5394,-5.04085,0.393676,-0.0397396,-47.317,-35.5803,1.45356
[NH3+][C@H]1CN(c2cc[nH+]cc2)CC[C@@H]1c1cc(F)c(F)cc1F,"CHEMBL390194",777,Done,1.9,-9.30881,"glide_grid_1X70",-9.34201,-1.02058,-0.476211,-0,-2.90916,-29.0992,-24.0181,0.270894,-0.149277,-93.3336,-53.1173,0.443091
[NH3+][C@H]1CN(c2ccncc2)CC[C@@H]1c1cc(F)c(F)cc1F,"CHEMBL390194",778,Done,1.87,-6.69199,"glide_grid_1X70",-8.70599,-1.15393,-0.67227,-0,-3.06813,-30.0333,-16.3185,0.272451,-0.134675,-82.6147,-46.3518,0.322578
N[C@H]1CN(c2cc[nH+]cc2)CC[C@@H]1c1cc(F)c(F)cc1F,"CHEMBL390194",779,Done,1.85,-4.3334,"glide_grid_1X70",-6.6188,-1.02867,-0.386646,-0,-2.55515,-29.6754,-10.0478,0.389215,-0.0466085,-57.4868,-39.7233,0.21895
N#C[C@@H]1CCCN1C(=O)[C@@H]1C[C@H](c2ccc(O)cc2)C[NH2+]1,"CHEMBL390221",780,Done,4.37,-5.8634,"glide_grid_1X70",-6.2085,-0.890596,-0.384132,-0,-2.07557,-27.3717,-13.0094,0.664373,-0.202586,-63.4789,-40.381,1.70937
[NH3+][C@@H](CC(=O)N1CCn2c(nnc2C2CC2)C1)Cc1cc(F)c(F)cc1F,"CHEMBL390239",782,Done,4.65,-9.70107,"glide_grid_1X70",-9.71327,-1.11996,-0.865066,-0,-2.50953,-34.4637,-24.8153,0.469263,-0.242497,-103.578,-59.279,8.92261
N[C@@H](CC(=O)N1CCn2c(nnc2C2CC2)C1)Cc1cc(F)c(F)cc1F,"CHEMBL390239",783,Done,3.78,-3.08578,"glide_grid_1X70",-5.39278,-0.957116,-0.527028,-0,-1.9144,-25.5623,-8.46894,0.67357,-0.119348,-46.8864,-34.0312,3.77265
[NH3+][C@@H](CC(=O)N1CCn2c(nnc2C(F)F)C1)Cc1cc(F)c(F)cc1F,"CHEMBL390240",784,Done,3.95,-7.43558,"glide_grid_1X70",-7.44778,-0.950509,-0.388508,-0,-1.7956,-24.8133,-20.1257,0.358428,-0.412074,-68.9365,-44.939,11.5273
N[C@@H](CC(=O)N1CCn2c(nnc2C(F)F)C1)Cc1cc(F)c(F)cc1F,"CHEMBL390240",785,Done,4.26,-3.00812,"glide_grid_1X70",-5.31512,-1.12678,-0.304,-0,-1.89206,-29.0251,-5.62011,0.514423,-0.212428,-43.8058,-34.6453,11.6794
Cn1nc2ccc(N3CC[C@H](c4cc(F)c(F)cc4F)[C@@H]([NH3+])C3)nn2c1=O,"CHEMBL390241",786,Done,1.98,-8.67307,"glide_grid_1X70",-8.68007,-0.954009,-0.538426,-0,-2.55822,-35.4373,-19.0971,0.188617,-0.181607,-90.9292,-54.5344,0.518443
Cn1nc2ccc(N3CC[C@H](c4cc(F)c(F)cc4F)[C@@H](N)C3)nn2c1=O,"CHEMBL390241",787,Done,1.87,-3.30072,"glide_grid_1X70",-5.93442,-0.936682,-0.401127,-0,-1.93329,-35.3027,-7.2589,0.27074,-0.0800884,-55.2639,-42.5616,0.284413
CCc1cc(O)cc(C)c1[C@@H]1C[NH2+][C@H](C(=O)N2CCC[C@H]2C#N)C1,"CHEMBL390418",788,Done,5.38,-6.52152,"glide_grid_1X70",-6.86662,-1.15623,-0.477238,-0,-2.03077,-30.8176,-12.3287,0.36565,-0.177854,-66.2145,-43.1463,6.88632
O=C([C@@H]1C[C@H](N2CCc3cc(Cl)ccc32)C[NH2+]1)N1CCSC1,"CHEMBL390512",790,Done,3.07,-7.41514,"glide_grid_1X70",-7.55904,-1.442,-0.4,-0,-1.97315,-34.3268,-14.4788,0.345941,-0.201663,-78.0319,-48.8056,2.34896
N#Cc1ccc(N[C@@H]2CN[C@H](C(=O)N3CCSC3)C2)nc1,"CHEMBL390513",792,Done,5.35,-4.6379,"glide_grid_1X70",-4.6464,-1.02673,-0.217923,-0,-1.73904,-36.0757,-3.50204,0.800784,-0.134403,-52.8436,-39.5777,1.081
N#Cc1ccc(N[C@@H]2C[NH2+][C@H](C(=O)N3CCSC3)C2)nc1,"CHEMBL390513",793,Done,4.84,-3.66362,"glide_grid_1X70",-6.18112,-0.623085,-0.634503,-0,-1.55194,-31.6502,-15.8799,0.796143,-0.203239,-71.4808,-47.5302,4.1508
N#Cc1ccccc1Cn1c(N2CCC[C@@H]([NH3+])C2)nc2c(Cl)cc(Cl)cc2c1=O,"CHEMBL390529",794,Done,2.15,-5.67285,"glide_grid_1X70",-5.67535,-0.622451,-0.493281,-0,-1.0119,-26.7646,-15.2505,0.226403,-0.148322,-62.2638,-42.0151,2.89653
COc1cccc2c(=O)n(Cc3ccccc3C#N)c(N3CCC[C@@H]([NH3+])C3)nc12,"CHEMBL390776",795,Done,2.7,-6.41816,"glide_grid_1X70",-6.41816,-0.52284,-0.606136,-0,-1.27688,-26.9419,-17.9656,0.268664,-0.23903,-67.7866,-44.9076,3.35531
C[C@@H]1C(=O)NCCCN1C(=O)C[C@H]([NH3+])Cc1cc(F)c(F)cc1F,"CHEMBL390853",796,Done,5.31,-9.50481,"glide_grid_1X70",-9.51481,-1.13462,-1.12212,-0,-2.70782,-28.5811,-22.5226,0.448326,-0.191135,-90.5322,-51.1036,8.11759
C[C@@H]1C(=O)NCCCN1C(=O)C[C@H](N)Cc1cc(F)c(F)cc1F,"CHEMBL390853",797,Done,4.87,-4.74849,"glide_grid_1X70",-7.17169,-1.03184,-1.0366,-0,-2.34814,-28.9749,-12.5575,0.643807,-0.0665513,-56.3489,-41.5324,9.3715
COC(=O)CN1CCCN(C(=O)C[C@H]([NH3+])Cc2cc(F)ccc2F)[C@H](C)C1=O,"CHEMBL390884",798,Done,6.79,-9.25397,"glide_grid_1X70",-9.26417,-0.9723,-1.1616,-0,-2.30011,-36.2052,-22.3034,0.518168,-0.19256,-99.5732,-58.5086,9.98312
COC(=O)CN1CCCN(C(=O)C[C@H](N)Cc2cc(F)ccc2F)[C@H](C)C1=O,"CHEMBL390884",799,Done,6.27,-3.58515,"glide_grid_1X70",-5.99575,-0.806127,-1.0184,-0,-1.46693,-23.0448,-14.2813,0.743621,-0.153472,-50.1269,-37.3261,4.79466
C[C@@H]1C(=O)N(C2CC2)CCCN1C(=O)C[C@H]([NH3+])Cc1cc(F)ccc1F,"CHEMBL390885",800,Done,9.5,-8.43674,"glide_grid_1X70",-8.44664,-0.956959,-0.883552,-0,-2.24328,-31.5877,-20.7994,0.501726,-0.165272,-86.7507,-52.3872,9.02503
C[C@@H]1C(=O)N(C2CC2)CCCN1C(=O)C[C@H](N)Cc1cc(F)ccc1F,"CHEMBL390885",801,Done,8.26,-3.1062,"glide_grid_1X70",-5.5336,-0.947365,-0.576,-0,-1.70245,-28.7888,-9.93784,0.720284,-0.0979503,-45.1049,-38.7266,14.7129
C[C@@H]1C(=O)N(CC(F)(F)F)CCCN1C(=O)C[C@H]([NH3+])Cc1cc(F)c(F)cc1F,"CHEMBL390886",802,Done,6.55,-8.25774,"glide_grid_1X70",-8.26804,-0.97651,-0.861599,-0,-2.18855,-32.7261,-18.417,0.382071,-0.224604,-87.4627,-51.1431,5.4022
C[C@@H]1C(=O)N(CC(F)(F)F)CCCN1C(=O)C[C@H](N)Cc1cc(F)c(F)cc1F,"CHEMBL390886",803,Done,6.58,-4.61555,"glide_grid_1X70",-7.02305,-1.0658,-1.06122,-0,-1.87412,-30.2777,-12.7896,0.548159,-0.137744,-58.1752,-43.0673,9.68397
N#Cc1ccccc1-c1cc(N2C[C@H](c3cc(F)c(F)cc3F)[C@@H]([NH3+])C2)ncn1,"CHEMBL391047",807,Done,2.59,-9.69797,"glide_grid_1X70",-9.71287,-1.33956,-0.53026,-0,-2.5615,-38.8375,-22.9474,0.261483,-0.159042,-105.238,-61.7849,1.00358
N#Cc1ccccc1-c1cc(N2C[C@H](c3cc(F)c(F)cc3F)[C@@H](N)C2)ncn1,"CHEMBL391047",808,Done,2.4,-1.54307,"glide_grid_1X70",-3.73427,-0.516062,-0.296512,-0,-0.882291,-30.7013,-4.65039,0.375261,-0.182038,-42.4554,-35.3517,3.5879
[NH3+][C@H]1CN(c2cc(-c3ccccc3F)ncn2)C[C@@H]1c1cc(F)c(F)cc1F,"CHEMBL391048",809,Done,2.37,-9.78284,"glide_grid_1X70",-9.79774,-1.41751,-0.568834,-0,-2.60064,-38.0416,-22.7578,0.270014,-0.165027,-103.65,-60.7994,0.556381
N[C@H]1CN(c2cc(-c3ccccc3F)ncn2)C[C@@H]1c1cc(F)c(F)cc1F,"CHEMBL391048",810,Done,2.18,-5.59919,"glide_grid_1X70",-7.79039,-1.47872,-0.797123,-0,-2.11051,-32.541,-13.8246,0.387534,-0.0908362,-64.4936,-46.3656,0.393401
COc1cc2c(cc1OC)[C@@H]1C[C@H]([NH3+])[C@@H](c3cccc(C)c3)CN1CC2,"CHEMBL391070",811,Done,2.63,-6.95657,"glide_grid_1X70",-6.98317,-0.952438,-0.505524,-0,-1.87901,-31.7947,-13.7563,0.106991,-0.1,-71.6804,-45.551,4.04822
COc1cc2c(cc1OC)[C@@H]1C[C@H](N)[C@@H](c3cccc(C)c3)CN1CC2,"CHEMBL391070",812,Done,2.41,-2.67079,"glide_grid_1X70",-4.78229,-1.33432,-0.382099,-0,-1.43321,-30.6741,-1.68389,0.153622,0,-42.6152,-32.358,0.36328
CC(C)=CCn1c(N2CCC[C@H]([NH3+])C2)nc2c1c(=O)n(Cc1nccc3ccccc13)c(=O)n2C,"CHEMBL391089",813,Done,5.5,-5.07372,"glide_grid_1X70",-5.13372,-0.178547,-0.357199,-0,-1.27991,-32.57,-12.3711,0.314469,-0.148368,-65.2793,-44.9411,2.93898
CC(C)=CCn1c(N2CCC[C@H]([NH3+])C2)nc2c1c(=O)n(Cc1[nH+]ccc3ccccc13)c(=O)n2C,"CHEMBL391089",814,Done,6.34,-5.09699,"glide_grid_1X70",-6.48349,-0.0978161,-0.678726,-0,-1.24589,-33.3676,-19.5706,0.313253,-0.170333,-79.8148,-52.9382,4.15315
COc1ccc(-c2cc(N3C[C@H](c4cc(F)c(F)cc4F)[C@@H]([NH3+])C3)ncn2)cc1,"CHEMBL391251",815,Done,2.96,-10.2985,"glide_grid_1X70",-10.3134,-1.53806,-0.987167,-0,-2.52145,-32.931,-24.7557,0.255631,-0.162403,-102.451,-57.6867,0.340662
COc1ccc(-c2cc(N3C[C@H](c4cc(F)c(F)cc4F)[C@@H](N)C3)ncn2)cc1,"CHEMBL391251",816,Done,2.54,-1.17733,"glide_grid_1X70",-3.36853,-0.66461,-0.304,-0,-0.67911,-25.8207,-4.09961,0.366844,-0.181677,-35.0579,-29.9203,3.63261
[NH3+][C@H]1CN(c2cc(-c3cccc(CO)c3)ncn2)C[C@@H]1c1cc(F)c(F)cc1F,"CHEMBL391252",817,Done,3.9,-10.5424,"glide_grid_1X70",-10.5573,-1.50505,-0.937511,-0,-2.46383,-37.6324,-26.3762,0.340842,-0.153682,-115.087,-64.0086,0.736927
N[C@H]1CN(c2cc(-c3cccc(CO)c3)ncn2)C[C@@H]1c1cc(F)c(F)cc1F,"CHEMBL391252",818,Done,3.88,-2.44985,"glide_grid_1X70",-4.64105,-0.978948,-0.574721,-0,-0.679112,-30.437,-7.98319,0.489126,-0.17807,-50.1372,-38.4202,1.00306
Cc1nnc(C(=O)[C@@H]2CCCN2C(=O)C[NH2+][C@@]23C[C@@H]4C[C@@H](C[C@@](O)(C4)C2)C3)o1,"CHEMBL391269",819,Done,6.95,-5.53221,"glide_grid_1X70",-5.65601,-0.608791,-0.521559,-0,-1.4147,-25.6435,-14.2061,0.539781,-0.237648,-52.469,-39.8497,8.8174
Cc1nnc(C(=O)[C@@H]2CCCN2C(=O)CN[C@@]23C[C@@H]4C[C@@H](C[C@@](O)(C4)C2)C3)o1,"CHEMBL391269",820,Done,9.03,-3.00602,"glide_grid_1X70",-3.99462,-0.508307,-0.348754,-0,-0.860192,-21.8095,-9.59545,0.542299,-0.289874,-30.4828,-31.4049,18.6728
CC#CCn1c(N2CCC[C@@H]([NH3+])C2)nc2c1c(=O)n(Cc1ccc(OC)cc1)c(=O)n2C,"CHEMBL391307",821,Done,4.06,-5.10436,"glide_grid_1X70",-5.10686,-0.317283,-0.472122,-0,-0.880698,-33.8182,-14.0724,0.520898,-0.155878,-64.5134,-47.8906,7.34504
O=C([C@@H]1C[C@H](N2CCCCC2)C[NH2+]1)N1CCSC1,"CHEMBL391331",823,Done,3.11,-5.7037,"glide_grid_1X70",-7.0069,-0.878795,-0.361791,-0,-2.49534,-31.036,-13.6668,0.513648,-0.182801,-71.9557,-44.7028,0.888135
CN1CC[NH+]([C@@H]2CN[C@H](C(=O)N3CCSC3)C2)CC1,"CHEMBL391332",825,Done,5.48,-5.59171,"glide_grid_1X70",-5.78381,-0.95771,-0.12453,-0,-2.14858,-30.0962,-10.7865,0.668102,-0.098293,-57.7076,-40.8828,0.725224
C[NH+]1CCN([C@@H]2C[NH2+][C@H](C(=O)N3CCSC3)C2)CC1,"CHEMBL391332",826,Done,3.94,-6.37461,"glide_grid_1X70",-7.45011,-0.811178,-0.49528,-0,-2.39009,-25.5343,-18.4042,0.46481,-0.181033,-76.7535,-43.9385,1.94724
CN1CCN([C@@H]2C[NH2+][C@H](C(=O)N3CCSC3)C2)CC1,"CHEMBL391332",828,Done,3.33,-5.05993,"glide_grid_1X70",-6.86063,-1.03146,-0.414487,-0,-2.32945,-28.3074,-13.014,0.467671,-0.185431,-65.7056,-41.3213,0.599889
O=C([C@@H]1C[C@H](N2CC[NH+](Cc3ccccc3)CC2)C[NH2+]1)N1CCSC1,"CHEMBL391433",830,Done,9.42,-7.08183,"glide_grid_1X70",-7.37243,-0.922018,-0.312701,-0,-1.86273,-34.5249,-19.0047,0.511378,-0.209408,-84.1464,-53.5296,6.04143
O=C([C@@H]1C[C@H](N2CCN(Cc3ccccc3)CC2)C[NH2+]1)N1CCSC1,"CHEMBL391433",832,Done,7.49,-5.98069,"glide_grid_1X70",-7.17759,-1.0903,-0.389995,-0,-1.83415,-39.4919,-14.823,0.513924,-0.179021,-83.8909,-54.3149,0.847851
CN(C)C(=O)C[C@@H]1C[NH2+][C@H](C(=O)N2CCC[C@H]2C#N)C1,"CHEMBL391558",834,Done,4.34,-6.58983,"glide_grid_1X70",-6.86973,-0.825919,-0.644527,-0,-1.96123,-29.5026,-18.0702,0.924732,-0.177121,-72.8925,-47.5728,7.06042
CNC(=O)[C@@H]1C[NH2+][C@H](C(=O)N2CCC[C@H]2C#N)C1,"CHEMBL391559",836,Done,2.44,-6.05028,"glide_grid_1X70",-6.22358,-0.472317,-0.738816,-0,-1.92061,-22.83,-17.2978,0.832535,-0.188206,-63.6051,-40.1278,1.09277
CNC(=O)[C@@H]1CN[C@H](C(=O)N2CCC[C@H]2C#N)C1,"CHEMBL391559",837,Done,3.14,-3.25906,"glide_grid_1X70",-4.07186,-0.279436,-0.288294,-0,-1.76222,-24.2118,-8.01508,0.838292,-0.167352,-42.9764,-32.2269,0.461703
O=C([C@@H]1C[C@H](N2CCN(c3cccc(Cl)c3)CC2)C[NH2+]1)N1CCSC1,"CHEMBL391577",839,Done,7.29,-5.46772,"glide_grid_1X70",-6.59562,-0.959396,-0.368947,-0,-1.73717,-36.6287,-12.5989,0.372673,-0.181501,-75.9082,-49.2277,1.46637
N#Cc1ccc(N2CC[NH+]([C@@H]3CN[C@H](C(=O)N4CCSC4)C3)CC2)cc1,"CHEMBL391578",841,Done,5.28,-5.77825,"glide_grid_1X70",-5.87395,-1.05022,-0.0928939,-0,-1.53943,-37.9866,-11.6864,0.556775,-0.0958955,-69.4582,-49.673,0.612707
N#Cc1ccc(N2CCN([C@@H]3C[NH2+][C@H](C(=O)N4CCSC4)C3)CC2)cc1,"CHEMBL391578",842,Done,5.51,-5.24091,"glide_grid_1X70",-6.51231,-0.96904,-0.269588,-0,-1.76106,-36.8794,-12.6571,0.389743,-0.159824,-75.9897,-49.5365,0.843589
CC(C)=CCn1c(N2CCC[C@@H]([NH3+])C2)nc2c1c(=O)n(Cc1ccccc1)c(=O)n2C,"CHEMBL391634",844,Done,5.06,-6.31449,"glide_grid_1X70",-6.31699,-0.68388,-0.4,-0,-0.999254,-32.8891,-20.021,0.552469,-0.138713,-75.6524,-52.9101,4.61505
CC(C)(C)[NH2+]CC(=O)N1C[C@@H](F)C[C@H]1C(=O)c1nnc(C2CCCCC2)o1,"CHEMBL391645",845,Done,6.23,-3.6667,"glide_grid_1X70",-3.7675,-0.509423,-0.399216,-0,-0.985785,-22.2887,-9.06396,0.800383,-0.199432,-40.0627,-31.3527,6.62218
[NH3+]CCCC[C@H]([NH3+])C(=O)N1CCC[C@H]1P(=O)(Oc1ccccc1)Oc1ccccc1,"CHEMBL391721",847,Done,15.71,-6.34091,"glide_grid_1X70",-6.73371,-0.946546,-0.986066,-0,-0.606693,-29.0315,-23.8099,1.05944,-0.230786,-79.3344,-52.8414,11.2908
N[C@@H](CCCC[NH3+])C(=O)N1CCC[C@H]1P(=O)(Oc1ccccc1)Oc1ccccc1,"CHEMBL391721",848,Done,16.73,-5.35955,"glide_grid_1X70",-5.79165,-0.791141,-0.608964,-0,-0.989904,-30.1811,-16.9059,0.744745,-0.101447,-65.2322,-47.087,13.9111
CC(=O)c1ccc(-c2cc(N3C[C@H](c4cc(F)c(F)cc4F)[C@@H]([NH3+])C3)ncn2)cc1,"CHEMBL391837",849,Done,2.99,-9.77106,"glide_grid_1X70",-9.78596,-1.21258,-1.06847,-0,-2.32734,-34.9875,-23.2146,0.242398,-0.188417,-104.117,-58.2021,1.17087
CC(=O)c1ccc(-c2cc(N3C[C@H](c4cc(F)c(F)cc4F)[C@@H](N)C3)ncn2)cc1,"CHEMBL391837",850,Done,2.5,-0.61353,"glide_grid_1X70",-2.80473,-0.168817,-0.261811,-0,-0.59722,-29.2068,-3.80078,0.347812,-0.0942383,-39.129,-33.0076,2.08324
CC(C)(CO)[NH2+]CC(=O)N1C[C@@H](F)C[C@H]1C(=O)c1noc(C(C)(C)C)n1,"CHEMBL391929",851,Done,9.75,-3.72253,"glide_grid_1X70",-3.78463,-0.449977,-0.184772,-0,-1.11024,-23.1588,-11.5371,0.979436,-0.130567,-46.5346,-34.6959,7.67778
CC(C)(CO)NCC(=O)N1C[C@@H](F)C[C@H]1C(=O)c1noc(C(C)(C)C)n1,"CHEMBL391929",852,Done,13.74,-1.96285,"glide_grid_1X70",-3.33045,-0.548773,-0.302629,-0,-1.0727,-22.3647,-7.43363,0.984206,-0.157278,-33.7433,-29.7983,9.63201
COc1cc2c(cc1OC)[C@@H]1C[C@H]([NH3+])[C@@H](c3ccc(C)c(C)c3)CN1CC2,"CHEMBL392085",858,Done,2.33,-7.12372,"glide_grid_1X70",-7.15012,-1.23741,-0.602014,-0,-1.84204,-33.652,-11.9059,0.0998196,-0.1,-69.6886,-45.5579,4.0603
COc1cc2c(cc1OC)[C@@H]1C[C@H](N)[C@@H](c3ccc(C)c(C)c3)CN1CC2,"CHEMBL392085",859,Done,2.38,-2.73784,"glide_grid_1X70",-4.85494,-1.10833,-0.356212,-0,-1.29886,-31.5115,-4.39511,0.143301,0,-42.9542,-35.9066,4.43914
N[C@@H](CC[NH3+])C(=O)N1CCC[C@H]1P(=O)(Oc1ccccc1)Oc1ccccc1,"CHEMBL392139",860,Done,11.48,-5.53278,"glide_grid_1X70",-5.71708,-0.343983,-0.761341,-0,-1.17799,-26.2987,-17.689,0.672558,-0.138036,-60.6458,-43.9877,11.5366
[NH3+]CC[C@H]([NH3+])C(=O)N1CCC[C@H]1P(=O)(Oc1ccccc1)Oc1ccccc1,"CHEMBL392139",861,Done,11.29,-6.8395,"glide_grid_1X70",-7.6509,-0.832108,-0.677081,-0,-1.39379,-24.3529,-31.4518,0.669548,-0.199822,-89.3902,-55.8046,12.1248
NCC[C@H]([NH3+])C(=O)N1CCC[C@H]1P(=O)(Oc1ccccc1)Oc1ccccc1,"CHEMBL392139",862,Done,11.35,-3.78675,"glide_grid_1X70",-6.35435,-0.60773,-0.642228,-0,-1.16285,-34.4025,-17.826,0.672558,-0.220081,-77.8144,-52.2285,8.27095
C[C@@H]([C@H]1CC[C@H](c2ccc(F)cc2)CC1)[C@H]([NH3+])C(=O)N1CC[C@](C)(F)C1,"CHEMBL392524",863,Done,5.85,-6.72171,"glide_grid_1X70",-6.94021,-1.46915,-0.39345,-0,-2.15637,-23.9222,-13.5786,0.504044,-0.192384,-54.476,-37.5009,10.9853
C[C@@H]([C@H]1CC[C@H](c2ccc(F)cc2)CC1)[C@H](N)C(=O)N1CC[C@](C)(F)C1,"CHEMBL392524",864,Done,5.83,-3.93268,"glide_grid_1X70",-4.62968,-1.34439,-0.172179,-0,-1.66067,-28.8857,-3.98278,0.723621,-0.13436,-41.9774,-32.8685,3.07801
CC(C)(C)[NH2+]CC(=O)N1C[C@@H](F)C[C@H]1C(=O)c1noc(C(C)(C)C)n1,"CHEMBL392552",865,Done,8.39,-3.93586,"glide_grid_1X70",-4.05386,-0.215517,-0.282756,-0,-1.24649,-22.045,-11.4764,0.756773,-0.242156,-44.2842,-33.5214,5.82872
N#Cc1cccc(-c2cc(N3C[C@H](c4ccccc4)[C@@H]([NH3+])C3)ncn2)c1,"CHEMBL392696",867,Done,2.39,-9.00974,"glide_grid_1X70",-9.02464,-1.37625,-0.591775,-0,-2.05512,-38.9031,-21.5603,0.339624,-0.16192,-101.43,-60.4634,0.52719
N#Cc1cccc(-c2cc(N3C[C@H](c4ccccc4)[C@@H](N)C3)ncn2)c1,"CHEMBL392696",868,Done,2.27,-4.3326,"glide_grid_1X70",-6.5238,-1.37049,-0.681299,-0,-1.51272,-34.0541,-11.0835,0.487721,-0.0817706,-61.1682,-45.1377,0.946825
[NH3+][C@H]1CN(c2cc(-c3cccc(Cl)c3)ncn2)C[C@@H]1c1ccccc1,"CHEMBL392697",869,Done,2.53,-9.20592,"glide_grid_1X70",-9.22082,-1.50425,-0.654035,-0,-1.9933,-37.3242,-22.433,0.323615,-0.161695,-101.185,-59.7572,0.276574
C[C@@H]([C@H]1CC[C@H](N(C)C(=O)C2CC2)CC1)[C@H]([NH3+])C(=O)N1CC[C@H](F)C1,"CHEMBL392825",871,Done,5.86,-6.8564,"glide_grid_1X70",-7.1003,-0.845789,-0.416495,-0,-2.49705,-29.3737,-15.6165,0.638709,-0.168514,-69.2058,-44.9902,10.3431
C[C@@H]([C@H]1CC[C@H](N(C)C(=O)C2CC2)CC1)[C@H](N)C(=O)N1CC[C@H](F)C1,"CHEMBL392825",872,Done,6.32,-3.98434,"glide_grid_1X70",-4.62794,-0.699871,-0.43265,-0,-1.85666,-32.2071,-5.94033,0.917077,-0.0544345,-44.0085,-38.1474,12.1943
[NH3+][C@H]1C[C@@H]([NH+]2Cc3ccccc3C2)CC[C@@H]1c1cc(F)c(F)cc1F,"CHEMBL392924",873,Done,2.3,-8.81372,"glide_grid_1X70",-8.95962,-1.05778,-0.569397,-0,-2.40072,-34.4027,-21.9628,0.219553,-0.136711,-99.145,-56.3655,0.345202
[NH3+][C@H]1C[C@@H](N2Cc3ccccc3C2)CC[C@@H]1c1cc(F)c(F)cc1F,"CHEMBL392924",874,Done,2.34,-7.24474,"glide_grid_1X70",-8.25604,-1.07928,-0.487474,-0,-2.8418,-28.5293,-16.9447,0.220686,-0.1,-80.1293,-45.474,0.308027
N[C@H]1C[C@@H]([NH+]2Cc3ccccc3C2)CC[C@@H]1c1cc(F)c(F)cc1F,"CHEMBL392924",875,Done,2.01,-2.71503,"glide_grid_1X70",-4.67123,-0.62963,-0.244366,-0,-1.44471,-27.5287,-8.16955,0.315265,-0.0659183,-46.3149,-35.6983,6.87309
CCN(CC)C(=O)[C@@H]1C[NH2+][C@H](C(=O)N2CCC[C@H]2C#N)C1,"CHEMBL393498",876,Done,4.12,-6.49583,"glide_grid_1X70",-6.66913,-0.972141,-0.651929,-0,-1.5644,-27.6776,-17.8807,0.849125,-0.263785,-64.5394,-45.5583,14.2119
COc1ccccc1-c1cc(N2C[C@H](c3cc(F)c(F)cc3F)[C@@H]([NH3+])C2)ncn1,"CHEMBL393611",878,Done,2.66,-10.2616,"glide_grid_1X70",-10.2765,-1.5073,-0.890089,-0,-2.53491,-32.8555,-25.2886,0.255631,-0.163721,-103.206,-58.1441,0.700152
COc1ccccc1-c1cc(N2C[C@H](c3cc(F)c(F)cc3F)[C@@H](N)C2)ncn1,"CHEMBL393611",879,Done,2.99,-1.81702,"glide_grid_1X70",-4.00822,-1.09316,-0.304,-0,-0.679112,-28.6924,-4.49734,0.366844,-0.189568,-40.6536,-33.1897,3.21823
CC(=O)c1cccc(-c2cc(N3C[C@H](c4cc(F)c(F)cc4F)[C@@H]([NH3+])C3)ncn2)c1,"CHEMBL393612",880,Done,3,-10.2864,"glide_grid_1X70",-10.3013,-1.47901,-0.930567,-0,-2.42869,-38.5858,-24.0698,0.242398,-0.165627,-113.017,-62.6555,0.965931
CC(=O)c1cccc(-c2cc(N3C[C@H](c4cc(F)c(F)cc4F)[C@@H](N)C3)ncn2)c1,"CHEMBL393612",881,Done,2.73,-2.49358,"glide_grid_1X70",-4.68478,-0.617283,-0.304,-0,-1.56774,-27.4868,-6.86349,0.347812,-0.139702,-44.7633,-34.3503,3.29502
CC(C)(Cc1ccc(F)cc1)[NH2+]CC(=O)N1C[C@@H](F)C[C@H]1C(=O)c1nnc(C(C)(C)C)o1,"CHEMBL393947",882,Done,8.26,-6.1478,"glide_grid_1X70",-6.4872,-1.4747,-0.328284,-0,-1.58459,-33.3876,-12.7992,0.694292,-0.204656,-67.4908,-46.1868,9.19556
C[C@@H]1[NH2+][C@H](C(=O)N2CCC[C@H]2C#N)C[C@@H]1C(=O)N1CCCC1,"CHEMBL393957",884,Done,4.51,-4.6008,"glide_grid_1X70",-4.7312,-0.714528,-0.327332,-0,-2.08461,-19.7765,-7.99122,0.791562,-0.208788,-39.7973,-27.7677,2.70473
C[C@@H]1[NH2+][C@H](C(=O)N2CCC[C@H]2C#N)C[C@@H]1C(=O)N1CCSCC1,"CHEMBL394165",886,Done,5.58,-4.84995,"glide_grid_1X70",-4.98035,-0.728882,-0.281772,-0,-1.82095,-24.4312,-9.13528,0.663839,-0.220723,-40.3718,-33.5665,18.8938
CCCC[C@H]1CN(c2ccc3ccccc3c2)CC[C@H]1N,"CHEMBL394507",889,Done,3.87,-0.539892,"glide_grid_1X70",-2.88649,-0.112857,-0.304,-0,-1.48348,-20.2377,-4.14117,0.680523,-0.0336181,-27.7571,-24.3789,4.9443
C[C@@H]1C(=O)NCC(C)(C)CN1C(=O)C[C@H]([NH3+])Cc1cc(F)c(F)cc1F,"CHEMBL394594",890,Done,4.44,-8.75884,"glide_grid_1X70",-8.76884,-0.927598,-0.877868,-0,-2.58927,-33.1286,-19.6754,0.389936,-0.156307,-90.9625,-52.804,5.85731
C[C@@H]1C(=O)NCC(C)(C)CN1C(=O)C[C@H](N)Cc1cc(F)c(F)cc1F,"CHEMBL394594",891,Done,4.36,-3.26256,"glide_grid_1X70",-5.68576,-1.16408,-0.304,-0,-2.13898,-33.5169,-5.65424,0.559758,-0.114484,-48.4081,-39.1712,12.451
CCCC[C@H]1CN(c2ccccc2)CC[C@H]1[NH3+],"CHEMBL394662",892,Done,3.5,-5.51045,"glide_grid_1X70",-5.52185,-0.627965,-0.364987,-0,-2.49696,-16.4538,-11.4455,0.661312,-0.153736,-42.1346,-27.8993,2.32837
CCCC[C@H]1CN(c2ccccc2)CC[C@H]1N,"CHEMBL394662",893,Done,3.3,-0.658558,"glide_grid_1X70",-3.00516,-0.699685,-0.29326,-0,-1.82479,-13,-2.90866,0.951707,-0.0528336,-20.0285,-15.9086,2.50965
[NH3+][C@@H](CC(=O)N1CCn2c(nnc2C(F)(F)F)C1)Cc1c(F)ccc(F)c1F,"CHEMBL394833",894,Done,4.62,-8.49486,"glide_grid_1X70",-8.50706,-0.863231,-0.882435,-0,-2.0501,-29.2202,-22.5265,0.330509,-0.201825,-87.8317,-51.7466,5.49254
N[C@@H](CC(=O)N1CCn2c(nnc2C(F)(F)F)C1)Cc1c(F)ccc(F)c1F,"CHEMBL394833",895,Done,4.43,-3.34502,"glide_grid_1X70",-5.65202,-0.850643,-0.576,-0,-1.35634,-27.8962,-10.8866,0.474265,-0.315498,-49.7194,-38.7828,7.66243
[NH3+][C@@H](CC(=O)N1CCn2c(nnc2C(F)(F)F)C1)Cc1c(F)cc(F)cc1F,"CHEMBL394834",896,Done,4.39,-8.93062,"glide_grid_1X70",-8.94282,-1.04004,-0.732316,-0,-1.90177,-27.0603,-26.0831,0.330509,-0.333717,-89.0646,-53.1435,7.34142
N[C@@H](CC(=O)N1CCn2c(nnc2C(F)(F)F)C1)Cc1c(F)cc(F)cc1F,"CHEMBL394834",897,Done,4.17,-2.99726,"glide_grid_1X70",-5.30426,-0.709903,-0.51997,-0,-1.30318,-21.3168,-13.1127,0.474265,-0.212718,-45.2171,-34.4296,4.39795
C[C@@H]1C(=O)N[C@@H](C)CCN1C(=O)C[C@H]([NH3+])Cc1cc(F)c(F)cc1F,"CHEMBL394836",898,Done,2.89,-9.64293,"glide_grid_1X70",-9.65293,-1.04072,-1.11363,-0,-2.4961,-28.4727,-25.3811,0.417597,-0.189277,-94.4566,-53.8538,9.07519
C[C@@H]1C(=O)N[C@@H](C)CCN1C(=O)C[C@H](N)Cc1cc(F)c(F)cc1F,"CHEMBL394836",899,Done,2.86,-4.7218,"glide_grid_1X70",-7.1463,-1.14564,-0.974009,-0,-2.07421,-31.2477,-12.7538,0.599569,-0.0765477,-58.1807,-44.0015,11.0721
Cc1ccccc1C[C@@H]1C(=O)N[C@H](C)CCN1C(=O)C[C@H]([NH3+])Cc1cc(F)c(F)cc1F,"CHEMBL394837",900,Done,5.99,-8.78058,"glide_grid_1X70",-8.79088,-1.24667,-0.564393,-0,-2.11847,-41.805,-20.1642,0.418287,-0.164741,-102.708,-61.9693,7.55886
Cc1ccccc1C[C@@H]1C(=O)N[C@H](C)CCN1C(=O)C[C@H](N)Cc1cc(F)c(F)cc1F,"CHEMBL394837",901,Done,5.24,-3.68356,"glide_grid_1X70",-6.08836,-1.41067,-0.661874,-0,-1.28413,-33.5974,-10.6092,0.600001,-0.0604301,-55.514,-44.2066,11.3971
CCN(C)C(=O)[C@H]1C[C@@H](C(=O)N2CCC[C@H]2C#N)[NH2+][C@H]1C,"CHEMBL394932",902,Done,3.32,-6.22898,"glide_grid_1X70",-6.35938,-0.84952,-0.68565,-0,-1.66561,-25.7308,-16.9818,0.849125,-0.173914,-56.0321,-42.7126,23.2125
C[C@@H]1C(=O)N(CCOCc2ccccc2)CCCN1C(=O)C[C@H]([NH3+])Cc1cc(F)c(F)cc1F,"CHEMBL395004",904,Done,10.49,-8.66745,"glide_grid_1X70",-8.67745,-1.21097,-0.978828,-0,-1.9261,-41.7644,-18.6472,0.495591,-0.171845,-102.948,-60.4116,5.16538
C[C@@H]1C(=O)N(CCOCc2ccccc2)CCCN1C(=O)C[C@H](N)Cc1cc(F)c(F)cc1F,"CHEMBL395004",905,Done,9.6,-4.34122,"glide_grid_1X70",-6.76622,-1.0702,-1.12657,-0,-1.5337,-34.1596,-12.9956,0.71072,-0.0891377,-64.5272,-47.1552,11.2714
CC(C)(C)[NH2+]CC(=O)N1CCC[C@H]1C(=O)c1nnc(C(C)(C)C)o1,"CHEMBL395166",906,Done,8.33,-3.86647,"glide_grid_1X70",-3.94747,-0.45237,-0.4,-0,-1.32149,-22.9159,-8.47571,0.829903,-0.186358,-40.9366,-31.3916,7.03014
[NH3+][C@H](C(=O)N1CC[C@H](F)C1)[C@H]1CC[C@H](NS(=O)(=O)c2ccc(F)cc2F)CC1,"CHEMBL395213",908,Done,4.4,-7.20403,"glide_grid_1X70",-7.46793,-0.830059,-0.748589,-0,-1.22191,-33.3067,-21.3999,0.470201,-0.26224,-83.2656,-54.7067,7.85707
N[C@H](C(=O)N1CC[C@H](F)C1)[C@H]1CC[C@H](NS(=O)(=O)c2ccc(F)cc2F)CC1,"CHEMBL395213",909,Done,4.37,-4.37302,"glide_grid_1X70",-4.97922,-1.22325,-0.19173,-0,-1.3285,-31.0721,-7.86204,0.674636,-0.177461,-51.0647,-38.9342,2.05239
[NH3+][C@@H](CC(=O)N1CCn2nccc21)Cc1cc(F)ccc1F,"CHEMBL395546",910,Done,3.07,-9.08072,"glide_grid_1X70",-9.09492,-1.08645,-0.838927,-0,-3.10791,-32.1736,-18.0715,0.41102,-0.153242,-89.3566,-50.2452,5.47837
N[C@@H](CC(=O)N1CCn2nccc21)Cc1cc(F)ccc1F,"CHEMBL395546",911,Done,2.54,-3.12725,"glide_grid_1X70",-5.34365,-0.849005,-0.559487,-0,-2.0354,-25.8849,-7.17114,0.590564,-0.120406,-44.2476,-33.056,5.06535
O=C([C@@H]1C[C@H](N2CCC(c3ccccc3)CC2)C[NH2+]1)N1CCSC1,"CHEMBL395606",913,Done,7.2,-5.92401,"glide_grid_1X70",-6.85731,-0.968698,-0.398288,-0,-1.91681,-32.7781,-14.567,0.443379,-0.192929,-72.2625,-47.3452,5.01408
COc1ccc(C(=O)N(C)[C@H]2CC[C@H]([C@H](C)[C@H]([NH3+])C(=O)N3CC[C@H](F)C3)CC2)cc1,"CHEMBL395696",915,Done,6.54,-6.96609,"glide_grid_1X70",-7.20159,-0.799392,-0.42386,-0,-1.98731,-34.4584,-16.9151,0.470059,-0.200899,-79.1323,-51.3735,9.16836
COc1ccc(C(=O)N(C)[C@H]2CC[C@H]([C@H](C)[C@H](N)C(=O)N3CC[C@H](F)C3)CC2)cc1,"CHEMBL395696",916,Done,6.09,-3.98318,"glide_grid_1X70",-4.64368,-1.26602,-0.277738,-0,-1.45661,-30.457,-4.76061,0.674433,-0.080798,-44.7179,-35.2176,7.85879
C[C@@H]1CCN(C(=O)C[C@H]([NH3+])Cc2cc(F)c(F)cc2F)[C@H](Cc2ccccc2F)C(=O)N1,"CHEMBL395798",917,Done,6.23,-8.7819,"glide_grid_1X70",-8.7922,-1.27053,-0.621881,-0,-2.09201,-39.4816,-20.1715,0.411648,-0.219617,-92.6219,-59.6531,23.0708
C[C@@H]1CCN(C(=O)C[C@H](N)Cc2cc(F)c(F)cc2F)[C@H](Cc2ccccc2F)C(=O)N1,"CHEMBL395798",918,Done,5.11,-3.93914,"glide_grid_1X70",-6.34394,-1.54087,-0.500616,-0,-1.53826,-39.4412,-8.66353,0.590458,-0.0830688,-61.2073,-48.1047,11.9414
O=C([C@@H]1C[C@H]([NH+]2CCN(c3ccccn3)CC2)CN1)N1CCSC1,"CHEMBL395854",919,Done,7.43,-5.71899,"glide_grid_1X70",-5.76399,-1.01004,-0.0952972,-0,-1.68541,-37.1249,-10.938,0.627031,-0.103329,-67.6906,-48.0629,0.657317
O=C([C@@H]1C[C@H](N2CCN(c3ccccn3)CC2)C[NH2+]1)N1CCSC1,"CHEMBL395854",920,Done,7.55,-4.73743,"glide_grid_1X70",-6.59703,-0.978056,-0.264978,-0,-1.90088,-35.6178,-12.9684,0.438922,-0.165889,-75.4141,-48.5862,1.27785
N#C[C@@H]1CCCN1C(=O)[C@@H]1C[C@H](CCO)C[NH2+]1,"CHEMBL395919",922,Done,9.77,-6.39582,"glide_grid_1X70",-6.53622,-0.548229,-0.862731,-0,-2.00848,-19.1545,-21.2338,1.21557,-0.189558,-64.8696,-40.3883,3.59789
N#C[C@@H]1CCCN1C(=O)[C@@H]1C[C@H](CCO)CN1,"CHEMBL395919",923,Done,8.9,-2.36992,"glide_grid_1X70",-3.29182,-0.420078,-0.186694,-0,-1.97514,-24.9239,-4.02587,1.22438,-0.0842157,-35.0996,-28.9498,5.01684
COc1cc(CNC(=O)[C@@H]2CCCN2C(=O)C[C@H]([NH3+])Cc2ccccc2F)ccc1O,"CHEMBL396195",924,Done,12.26,-8.03629,"glide_grid_1X70",-8.04599,-1.4253,-0.752438,-0,-1.40876,-33.4969,-21.2692,0.600772,-0.195038,-88.2511,-54.7661,16.6539
COc1cc(CNC(=O)[C@@H]2CCCN2C(=O)C[C@H](N)Cc2ccccc2F)ccc1O,"CHEMBL396195",925,Done,11.74,-4.1561,"glide_grid_1X70",-6.5986,-1.73391,-0.61021,-0,-1.10627,-43.0783,-11.6496,0.861897,-0.108755,-73.2823,-54.7279,10.7317
N#C[C@@H]1CCCN1C(=O)[C@@H]1C[C@H](c2ccccc2)C[NH2+]1,"CHEMBL396512",926,Done,3.15,-5.87995,"glide_grid_1X70",-6.22505,-1.01091,-0.304131,-0,-2.17634,-32.2275,-11.0605,0.734091,-0.197309,-63.7997,-43.288,5.75805
Cc1cccc(C)c1[C@@H]1C[NH2+][C@H](C(=O)N2CCC[C@H]2C#N)C1,"CHEMBL396513",928,Done,2.25,-5.02664,"glide_grid_1X70",-5.37174,-0.569281,-0.4,-0,-1.80389,-25.8805,-11.3732,0.618248,-0.216815,-48.8161,-37.2537,14.347
C=CC[C@H](C(=O)N1CCn2c(nnc2C(F)(F)F)C1)[C@H]([NH3+])Cc1cc(F)c(F)cc1F,"CHEMBL396789",930,Done,6.47,-9.10072,"glide_grid_1X70",-9.11292,-1.07374,-0.848639,-0,-2.30009,-35.4657,-21.7074,0.418483,-0.279526,-96.4901,-57.1732,10.0255
C=CC[C@H](C(=O)N1CCn2c(nnc2C(F)(F)F)C1)[C@H](N)Cc1cc(F)c(F)cc1F,"CHEMBL396789",931,Done,5.66,-4.01274,"glide_grid_1X70",-6.31974,-1.17993,-0.576,-0,-1.82011,-36.8259,-9.53411,0.600283,-0.0725769,-60.9459,-46.36,9.5032
CCCC[C@@H]1CN(c2ccc(Oc3ccccc3)cc2)CC[C@H]1[NH3+],"CHEMBL396857",932,Done,5.22,-5.72015,"glide_grid_1X70",-5.73205,-1.17932,-0.32472,-0,-1.53999,-26.7622,-14.0469,0.88463,-0.127512,-59.0493,-40.809,6.89494
CCCC[C@@H]1CN(c2ccc(Oc3ccccc3)cc2)CC[C@H]1N,"CHEMBL396857",933,Done,4.75,-0.858016,"glide_grid_1X70",-3.23312,-0.229037,-0.316357,-0,-1.21686,-25.8781,-7.10964,0.889485,0,-38.9348,-32.9877,2.50183
C[C@@H]1CCNC(=O)CN1C(=O)C[C@H]([NH3+])Cc1cc(F)c(F)cc1F,"CHEMBL397010",934,Done,4.86,-8.8623,"glide_grid_1X70",-8.8721,-0.942233,-0.830294,-0,-2.85577,-31.9825,-19.3353,0.448326,-0.192705,-89.189,-51.3178,5.80897
C[C@@H]1CCNC(=O)CN1C(=O)C[C@H](N)Cc1cc(F)c(F)cc1F,"CHEMBL397010",935,Done,4.22,-4.39939,"glide_grid_1X70",-6.83509,-0.997556,-0.775884,-0,-2.29898,-31.2393,-11.7804,0.643807,-0.0774496,-56.4483,-43.0197,9.91005
CC[C@@H](C)[C@H]([NH3+])C(=O)N1Cc2ccccc2C1,"CHEMBL397070",936,Done,2.05,-6.49772,"glide_grid_1X70",-6.76272,-0.744195,-0.700221,-0,-2.07559,-21.3369,-17.6263,0.630018,-0.16195,-60.4799,-38.9631,3.22198
CC[C@@H](C)[C@H](N)C(=O)N1Cc2ccccc2C1,"CHEMBL397070",937,Done,2.24,-4.37844,"glide_grid_1X70",-4.98264,-1.20798,-0.304,-0,-2.28946,-27.3555,-2.32302,0.634671,-0.0996566,-35.0783,-29.6785,5.66138
CCCC[C@@H]1CN(c2cccc3c2CCCC3)CC[C@H]1[NH3+],"CHEMBL397144",938,Done,2.63,-5.18818,"glide_grid_1X70",-5.20348,-0.266445,-0.40009,-0,-1.97912,-19.8511,-12.7666,0.461927,-0.112214,-48.3415,-32.6177,3.93078
CCCC[C@@H]1CN(c2cccc3c2CCCC3)CC[C@H]1N,"CHEMBL397144",939,Done,2.81,-0.593811,"glide_grid_1X70",-2.99951,-0.671309,-0.378464,-0,-1.6247,-13.9619,-1.73893,0.663945,-0.0300458,-16.3914,-15.7009,8.21755
C[C@@H]1CNC(=O)[C@@H](C)N(C(=O)C[C@H]([NH3+])Cc2cc(F)c(F)cc2F)C1,"CHEMBL397241",940,Done,5.21,-9.50452,"glide_grid_1X70",-9.51432,-1.09484,-1.11675,-0,-2.61356,-30.3571,-22.6485,0.417597,-0.191638,-92.8401,-53.0056,9.82351
C[C@@H]1CNC(=O)[C@@H](C)N(C(=O)C[C@H](N)Cc2cc(F)c(F)cc2F)C1,"CHEMBL397241",941,Done,5.23,-4.56434,"glide_grid_1X70",-7.00124,-1.20326,-0.921165,-0,-2.09597,-30.8897,-11.6157,0.599569,-0.0935641,-55.9083,-42.5054,11.7152
CC[C@@H]1C(=O)NC[C@@H](C)CN1C(=O)C[C@H]([NH3+])Cc1cc(F)c(F)cc1F,"CHEMBL397242",942,Done,5.15,-9.42714,"glide_grid_1X70",-9.43684,-1.11282,-1.11908,-0,-2.47224,-30.5579,-22.687,0.389936,-0.191679,-92.8636,-53.2449,9.99445
CC[C@@H]1C(=O)NC[C@@H](C)CN1C(=O)C[C@H](N)Cc1cc(F)c(F)cc1F,"CHEMBL397242",943,Done,6.2,-3.53372,"glide_grid_1X70",-5.97792,-1.21359,-0.230671,-0,-2.19816,-34.3522,-7.14157,0.559758,-0.106411,-51.2345,-41.4938,10.6458
[NH3+][C@@H](CC(=O)N1CCn2c(nnc2C(F)(F)F)C1)Cc1c(F)c(F)c(F)c(F)c1F,"CHEMBL397743",944,Done,4.4,-9.04813,"glide_grid_1X70",-9.06033,-1.04997,-0.681249,-0,-2.39833,-29.0424,-23.1262,0.283665,-0.293388,-89.5021,-52.1686,6.50537
N[C@@H](CC(=O)N1CCn2c(nnc2C(F)(F)F)C1)Cc1c(F)c(F)c(F)c(F)c1F,"CHEMBL397743",945,Done,4.39,-2.50288,"glide_grid_1X70",-4.80988,-0.780916,-0.299364,-0,-1.97836,-30.2228,-4.05258,0.40691,-0.039127,-43.6034,-34.2754,5.04945
[NH3+][C@@H](CC(=O)N1CCn2c(nnc2C(F)(F)F)C1)Cc1ccccc1C(F)(F)F,"CHEMBL397744",946,Done,8.46,-8.82878,"glide_grid_1X70",-8.84098,-1.18682,-0.848989,-0,-1.7964,-32.1366,-22.5448,0.38869,-0.408917,-89.6643,-54.6813,6.23927
N[C@@H](CC(=O)N1CCn2c(nnc2C(F)(F)F)C1)Cc1ccccc1C(F)(F)F,"CHEMBL397744",947,Done,5.1,-4.365,"glide_grid_1X70",-6.672,-1.51986,-0.615013,-0,-1.31031,-33.3853,-11.7963,0.557676,-0.345787,-56.4615,-45.1815,10.1138
O=C([C@@H]1C[C@H]([NH+]2CCN(c3ccc(F)cc3)CC2)CN1)N1CCSC1,"CHEMBL397893",948,Done,6.05,-5.47713,"glide_grid_1X70",-5.57973,-0.96395,-0.100282,-0,-1.56008,-35.5612,-11.0001,0.576025,-0.103362,-64.3854,-46.5613,2.51464
O=C([C@@H]1C[C@H](N2CCN(c3ccc(F)cc3)CC2)C[NH2+]1)N1CCSC1,"CHEMBL397893",949,Done,6.41,-5.39052,"glide_grid_1X70",-6.62382,-0.940827,-0.314401,-0,-1.89592,-36.4566,-12.4531,0.403217,-0.185098,-75.7497,-48.9097,0.818061
CCn1c(C(F)(F)F)nc2c1CN(C(=O)C[C@H]([NH3+])Cc1cc(F)ccc1F)CC2,"CHEMBL398492",951,Done,4.57,-6.38219,"glide_grid_1X70",-6.39389,-0.318094,-0.488474,-0,-1.37541,-31.2956,-17.0402,0.317653,-0.408753,-70.7305,-48.3359,13.0483
CCn1c(C(F)(F)F)nc2c1CN(C(=O)C[C@H](N)Cc1cc(F)ccc1F)CC2,"CHEMBL398492",952,Done,4.75,-3.69807,"glide_grid_1X70",-6.02847,-1.23437,-0.531365,-0,-2.00339,-31.2327,-7.3467,0.455776,-0.0514751,-53.3138,-38.5794,2.8676
Cn1c(-c2ccc(F)cc2)nc2c1CCN(C(=O)C[C@H]([NH3+])Cc1cc(F)ccc1F)C2,"CHEMBL398661",953,Done,3.4,-6.68482,"glide_grid_1X70",-6.83742,-1.60455,-0.391161,-0,-1.62279,-30.8561,-12.9849,0.538746,-0.267114,-69.4919,-43.8411,5.58572
Cn1c(-c2ccc(F)cc2)[nH+]c2c1CCN(C(=O)C[C@H]([NH3+])Cc1cc(F)ccc1F)C2,"CHEMBL398661",954,Done,3.22,-5.77001,"glide_grid_1X70",-6.69931,-0.0724825,-0.844783,-0,-1.04012,-25.2128,-24.0461,0.375524,-0.249893,-70.7089,-49.2589,10.856
Cn1c(-c2ccc(F)cc2)nc2c1CCN(C(=O)C[C@H](N)Cc1cc(F)ccc1F)C2,"CHEMBL398661",955,Done,3.51,-2.45289,"glide_grid_1X70",-5.02279,-1.05075,-0.501289,-0,-1.187,-31.1982,-7.74604,0.541043,-0.102971,-49.4982,-38.9443,6.34121
COc1ccc([C@@H]2CC(=O)c3c(O)cc(O)cc3O2)cc1O,"CHEMBL399121",956,Done,2.64,-5.17958,"glide_grid_1X70",-5.25078,-0.437041,-0.177335,-0,-1.35803,-20.1451,-16.484,0.20148,0,-49.5308,-36.6291,3.22753
COc1ccc([C@@H]2CC(=O)c3c(O)cc([O-])cc3O2)cc1O,"CHEMBL399121",957,Done,2.25,-0.93332,"glide_grid_1X70",-2.48772,-0.175613,-0.0456966,-0,-1.35497,-21.1476,-0.257547,0.202662,-0.0180891,-26.9572,-21.4051,1.832
COc1ccc([C@@H]2CC(=O)c3c([O-])cc(O)cc3O2)cc1O,"CHEMBL399121",958,Done,2.27,-1.29195,"glide_grid_1X70",-3.18865,-0.592011,-0.0653809,-0,-1.35497,-25.6058,-0.57171,0.202662,-0.0128973,-32.2232,-26.1775,3.96672
[NH3+]CC(=O)N1CCC[C@H]1P(=O)(Oc1ccccc1)Oc1ccccc1,"CHEMBL399189",959,Done,9.1,-7.12948,"glide_grid_1X70",-7.51958,-0.865304,-0.892628,-0,-1.46217,-27.2186,-22.0796,0.617238,-0.243837,-76.6223,-49.2982,10.2405
NCC(=O)N1CCC[C@H]1P(=O)(Oc1ccccc1)Oc1ccccc1,"CHEMBL399189",960,Done,8.25,-3.85952,"glide_grid_1X70",-4.29152,-1.04268,-0.403034,-0,-0.936678,-28.5628,-8.65016,0.886171,-0.0696314,-44.9103,-37.213,5.67395
[NH3+][C@H]1CN(c2cc(-c3cccc([N+](=O)[O-])c3)ncn2)C[C@@H]1c1cc(F)c(F)cc1F,"CHEMBL399207",961,Done,2.93,-9.97085,"glide_grid_1X70",-9.98575,-1.33308,-0.584809,-0,-2.43599,-40.1189,-23.9249,0.239295,-0.276477,-111.346,-64.0438,0.599855
N[C@H]1CN(c2cc(-c3cccc([N+](=O)[O-])c3)ncn2)C[C@@H]1c1cc(F)c(F)cc1F,"CHEMBL399207",962,Done,2.68,-2.19672,"glide_grid_1X70",-4.38792,-0.610274,-0.410155,-0,-1.00705,-33.653,-6.00218,0.343349,-0.120817,-49.1521,-39.6552,3.52344
Cn1c(=O)c2c(nc(N3CCC[C@@H]([NH3+])C3)n2Cc2ccccc2)n(C)c1=O,"CHEMBL399216",963,Done,2.34,-7.46092,"glide_grid_1X70",-7.46342,-1.24908,-0.504707,-0,-1.47868,-31.4515,-19.4012,0.423801,-0.172003,-77.3862,-50.8527,3.7324
[NH3+][C@H]1CN(C(=O)c2ccc3ncsc3c2)C[C@H]1C(=O)N1CCCC1,"CHEMBL399247",964,Done,3.84,-7.81922,"glide_grid_1X70",-7.85392,-1.27597,-0.52451,-0,-1.99804,-42.5177,-14.5193,0.445822,-0.197438,-94.7578,-57.037,1.29176
N[C@H]1CN(C(=O)c2ccc3ncsc3c2)C[C@H]1C(=O)N1CCCC1,"CHEMBL399247",965,Done,3.73,-3.58966,"glide_grid_1X70",-5.28816,-1.23607,-0.412982,-0,-1.45279,-42.0549,-4.18284,0.640201,-0.0963508,-62.057,-46.2377,1.25031
N#Cc1ccnc(N2CC[NH+]([C@@H]3CN[C@H](C(=O)N4CCSC4)C3)CC2)c1,"CHEMBL399405",966,Done,6.03,-5.78509,"glide_grid_1X70",-5.89349,-0.953575,-0.098964,-0,-1.51637,-38.2098,-12.4299,0.554144,-0.103764,-70.5196,-50.6396,1.38891
N#Cc1ccnc(N2CCN([C@@H]3C[NH2+][C@H](C(=O)N4CCSC4)C3)CC2)c1,"CHEMBL399405",967,Done,6.44,-5.67576,"glide_grid_1X70",-6.87956,-0.919506,-0.4182,-0,-1.76855,-36.8433,-14.3281,0.387901,-0.169831,-79.8882,-51.1714,0.877724
CCC(C)(C)c1nnc(C(=O)[C@@H]2C[C@H](F)CN2C(=O)C[NH2+]C(C)(C)C)o1,"CHEMBL399408",969,Done,7.75,-3.67815,"glide_grid_1X70",-3.77895,-0.396032,-0.372759,-0,-1.1341,-23.4649,-9.19158,0.847546,-0.171622,-40.6976,-32.6565,9.09513
[NH3+][C@H]1CN(c2nc3c(cc2F)c(=O)c(C(=O)[O-])cn3C2CC2)C[C@H]1c1ccc(Cl)c(Cl)c1,"CHEMBL399409",971,Done,2.91,-7.23314,"glide_grid_1X70",-7.25814,-1.28241,-0.667451,-0,-1.10932,-36.8995,-15.5967,0.18671,-0.201199,-76.5753,-52.4962,7.30121
[NH3+][C@H]1CN(c2nc3c(cc2F)c(=O)c(C(=O)O)cn3C2CC2)C[C@H]1c1ccc(Cl)c(Cl)c1,"CHEMBL399409",972,Done,4.87,-4.84107,"glide_grid_1X70",-6.99227,-1.18874,-0.48208,-0,-1.24738,-32.5543,-16.6393,0.247989,-0.198459,-74.9909,-49.1936,1.99369
N[C@H]1CN(c2nc3c(cc2F)c(=O)c(C(=O)[O-])cn3C2CC2)C[C@H]1c1ccc(Cl)c(Cl)c1,"CHEMBL399409",973,Done,3.01,-2.14763,"glide_grid_1X70",-4.64073,-1.22811,-0.512626,-0,-0.606373,-29.802,-6.74029,0.26776,-0.0602315,-46.6835,-36.5423,1.72068
[NH3+][C@@H](CC(=O)N1CCn2nc(C(F)(F)F)nc2C1)Cc1cc(F)c(F)cc1F,"CHEMBL399499",974,Done,4.84,-8.80114,"glide_grid_1X70",-8.81334,-1.03112,-0.864638,-0,-2.47161,-31.8635,-20.0084,0.330509,-0.182041,-90.3786,-51.872,4.7637
N[C@@H](CC(=O)N1CCn2nc(C(F)(F)F)nc2C1)Cc1cc(F)c(F)cc1F,"CHEMBL399499",975,Done,5.62,-3.18937,"glide_grid_1X70",-5.49637,-0.953841,-0.531987,-0,-1.72964,-26.9768,-9.14576,0.474265,-0.0344604,-47.7589,-36.1226,4.17849
N#C[C@@H]1CCCN1C(=O)[C@@H]1CN(Cc2ccc(-n3cncn3)cc2)C[C@@H]1[NH3+],"CHEMBL399525",976,Done,6.08,-6.89316,"glide_grid_1X70",-7.03616,-1.0463,-0.647226,-0,-1.77628,-33.3438,-14.3523,0.50169,-0.24801,-69.7116,-47.6961,9.00888
N#C[C@@H]1CCCN1C(=O)[C@@H]1C[N@@H+](Cc2ccc(-n3cncn3)cc2)C[C@@H]1N,"CHEMBL399525",977,Done,6.18,-4.96264,"glide_grid_1X70",-6.09794,-0.827213,-0.862545,-0,-1.54318,-22.6368,-15.4159,0.716699,-0.137481,-49.6252,-38.0527,16.6016
N#C[C@@H]1CCCN1C(=O)[C@@H]1CN(Cc2ccc(-n3cncn3)cc2)C[C@@H]1N,"CHEMBL399525",978,Done,4.63,-2.19738,"glide_grid_1X70",-3.81068,-0.711125,-0.446204,-0,-1.13012,-32.9586,-3.41886,0.720233,-0.0827051,-38.6375,-36.3775,11.5312
O=C([C@@H]1C[C@H]([NH+]2CCN(c3ccc([N+](=O)[O-])cn3)CC2)CN1)N1CCSC1,"CHEMBL399610",979,Done,6.33,-5.51298,"glide_grid_1X70",-5.62138,-1.00187,-0.0919983,-0,-1.40547,-38.2308,-10.8013,0.50469,-0.0949902,-67.6987,-49.0321,2.79264
O=C([C@@H]1C[C@H](N2CCN(c3ccc([N+](=O)[O-])cn3)CC2)C[NH2+]1)N1CCSC1,"CHEMBL399610",980,Done,6.59,-6.06679,"glide_grid_1X70",-7.27059,-0.94288,-0.443631,-0,-1.67269,-36.649,-16.0083,0.353283,-0.330971,-80.7292,-52.6574,2.66723
CC(C)(C)[NH2+]CC(=O)N1CCC[C@H]1C(=O)c1noc(-c2ccc(F)cc2)n1,"CHEMBL399615",982,Done,4.38,-4.27946,"glide_grid_1X70",-4.37456,-0.742125,-0.376735,-0,-1.31702,-25.299,-8.78311,0.823622,-0.179882,-43.928,-34.0821,8.21017
C[C@H](c1ccc([N+](=O)[O-])cc1)N1C[C@H]([NH3+])[C@H](C(=O)N2CCCC2)C1,"CHEMBL399693",984,Done,4.95,-8.0864,"glide_grid_1X70",-8.2054,-1.2157,-0.554065,-0,-2.26892,-36.5995,-17.9004,0.474741,-0.126418,-93.1469,-54.4999,1.80079
Cc1nnc(-c2ccc(CN3C[C@H]([NH3+])[C@H](C(=O)N4CCC[C@H]4C#N)C3)cc2)o1,"CHEMBL399726",987,Done,3.9,-6.94927,"glide_grid_1X70",-7.09637,-1.13045,-0.550261,-0,-1.59393,-33.2744,-15.3592,0.46692,-0.321042,-74.513,-48.6336,3.84108
Cc1nnc(-c2ccc(CN3C[C@H](N)[C@H](C(=O)N4CCC[C@H]4C#N)C3)cc2)o1,"CHEMBL399726",989,Done,3.58,10001.6,"glide_grid_1X70",10000,-0.63459,-0.267438,-0,-1.54167,102.547,-11.4628,0.670199,-0.107542,10000,91.0844,4.83766
Cc1cc(CN2C[C@H]([NH3+])[C@H](C(=O)[C@@H]3CCC[C@H]3C#N)C2)cc(C)c1C#N,"CHEMBL399791",990,Done,6.57,-6.047,"glide_grid_1X70",-6.4743,-0.315771,-0.549887,-0,-2.3733,-25.2367,-15.2607,0.432332,-0.116733,-57.7026,-40.4974,11.621
Cc1cc(C[N@@H+]2C[C@H](N)[C@H](C(=O)[C@@H]3CCC[C@H]3C#N)C2)cc(C)c1C#N,"CHEMBL399791",991,Done,4.01,-5.3998,"glide_grid_1X70",-5.9801,-1.03809,-0.616945,-0,-1.43728,-26.2339,-13.6411,0.617617,-0.147531,-54.3089,-39.8751,3.69022
Cc1cc(CN2C[C@H](N)[C@H](C(=O)[C@@H]3CCC[C@H]3C#N)C2)cc(C)c1C#N,"CHEMBL399791",992,Done,4.84,-3.01903,"glide_grid_1X70",-4.19133,-1.01121,-0.398599,-0,-1.52333,-24.0791,-4.35589,0.620779,-0.0216344,-34.1489,-28.435,11.1423
[NH3+][C@@H](CC(=O)N1CCn2nc(C(F)(F)F)nc2[C@H]1Cn1cncn1)Cc1cc(F)c(F)cc1F,"CHEMBL400068",993,Done,7.67,-9.66066,"glide_grid_1X70",-9.67366,-1.07409,-0.974467,-0,-2.27579,-33.7858,-24.9317,0.356735,-0.276998,-103.846,-58.7175,6.24665
N[C@@H](CC(=O)N1CCn2nc(C(F)(F)F)nc2[C@H]1Cn1cncn1)Cc1cc(F)c(F)cc1F,"CHEMBL400068",994,Done,7.46,-3.61279,"glide_grid_1X70",-5.88099,-0.76146,-0.576,-0,-1.19916,-38.1972,-11.4891,0.511547,-0.222694,-65.972,-49.6863,7.5282
CC(C)Cn1c(C(F)(F)F)nc2c1CCN(C(=O)C[C@H]([NH3+])Cc1cc(F)ccc1F)C2,"CHEMBL400278",995,Done,5.71,-8.97777,"glide_grid_1X70",-8.98947,-1.0995,-0.778529,-0,-2.12127,-29.6176,-24.2664,0.352924,-0.222258,-92.9627,-53.884,5.56003
CC(C)Cn1c(C(F)(F)F)nc2c1CCN(C(=O)C[C@H](N)Cc1cc(F)ccc1F)C2,"CHEMBL400278",996,Done,5.48,-2.88667,"glide_grid_1X70",-5.21707,-1.22866,-0.370156,-0,-1.5953,-31.8912,-5.91006,0.506256,-0.0481347,-49.0718,-37.8013,4.0369
N#C[C@@H]1CCCN1C(=O)[C@@H]1CN(Cc2ccc(-n3nccn3)cc2)C[C@@H]1[NH3+],"CHEMBL400338",997,Done,4.81,-6.20706,"glide_grid_1X70",-6.35966,-0.846864,-0.609569,-0,-1.61281,-34.9306,-12.3679,0.50169,-0.190393,-67.4428,-47.2985,10.4681
N#C[C@@H]1CCCN1C(=O)[C@@H]1C[N@H+](Cc2ccc(-n3nccn3)cc2)C[C@@H]1N,"CHEMBL400338",998,Done,4.27,-3.07452,"glide_grid_1X70",-4.14292,-0.465404,-0.438759,-0,-1.05097,-31.6195,-7.80569,0.716699,-0.152666,-49.4354,-39.4252,5.02344
N#C[C@@H]1CCCN1C(=O)[C@@H]1CN(Cc2ccc(-n3nccn3)cc2)C[C@@H]1N,"CHEMBL400338",999,Done,4.16,-0.937447,"glide_grid_1X70",-2.59845,-0.575806,-0.303544,-0,-1.35726,-4.99106,-5.15299,0.720233,-0.059564,-14.0515,-10.144,4.44122
C[C@H](c1ccc(-n2cncn2)cc1)N1C[C@H]([NH3+])[C@H](C(=O)[C@@H]2CCC[C@H]2C#N)C1,"CHEMBL400532",1001,Done,6.25,-6.68474,"glide_grid_1X70",-7.06304,-0.789916,-0.82852,-0,-1.68991,-29.18,-16.8621,0.471278,-0.237661,-64.1844,-46.0421,14.0117
C[C@H](c1ccc(-n2cncn2)cc1)[N@H+]1C[C@H](N)[C@H](C(=O)[C@@H]2CCC[C@H]2C#N)C1,"CHEMBL400532",1002,Done,6.58,-4.10433,"glide_grid_1X70",-4.75503,-0.550574,-0.396307,-0,-1.71804,-17.3608,-11.9487,0.673255,-0.10302,-38.1969,-29.3095,9.71221
C[C@H](c1ccc(-n2cncn2)cc1)N1C[C@H](N)[C@H](C(=O)[C@@H]2CCC[C@H]2C#N)C1,"CHEMBL400532",1003,Done,6.3,-2.84027,"glide_grid_1X70",-4.01787,-0.640795,-0.474646,-0,-0.997219,-29.1639,-6.85761,0.67647,-0.0948483,-42.0647,-36.0215,7.07784
N#C[C@@H]1CCC[C@H]1C(=O)[C@@H]1CN([C@@H]2CCOc3ccccc32)C[C@@H]1[NH3+],"CHEMBL400533",1004,Done,4.37,-6.9857,"glide_grid_1X70",-7.4169,-1.32354,-0.615022,-0,-2.18192,-29.5914,-13.5695,0.343131,-0.124555,-53.8458,-43.1609,23.0055
N#C[C@@H]1CCC[C@H]1C(=O)[C@@H]1C[N@H+]([C@@H]2CCOc3ccccc32)C[C@@H]1N,"CHEMBL400533",1005,Done,5.4,-5.2178,"glide_grid_1X70",-5.8095,-1.14792,-0.501395,-0,-1.88931,-9.31332,-14.547,0.490187,-0.113343,-35.7459,-23.8603,9.01616
N#C[C@@H]1CCC[C@H]1C(=O)[C@@H]1CN([C@@H]2CCOc3ccccc32)C[C@@H]1N,"CHEMBL400533",1006,Done,4.05,-3.38073,"glide_grid_1X70",-4.50993,-1.0065,-0.443712,-0,-1.51826,-27.1225,-4.39062,0.49277,-0.0195007,-35.7469,-31.5132,8.24434
N#C[C@@H]1CCCN1C(=O)[C@@H]1C[C@H](C(=O)N2CCCCC2)C[NH2+]1,"CHEMBL400613",1007,Done,6.91,-7.15161,"glide_grid_1X70",-7.32491,-1.47044,-0.542025,-0,-2.0955,-27.2853,-16.3337,0.791562,-0.194184,-70.5717,-43.619,6.07527
N#C[C@@H]1CCCN1C(=O)[C@@H]1C[C@H](C(=O)N2CCCCCC2)C[NH2+]1,"CHEMBL400614",1009,Done,7.54,-5.26476,"glide_grid_1X70",-5.43806,-0.726187,-0.4,-0,-1.71937,-31.5395,-10.2201,0.731493,-0.214006,-61.0867,-41.7596,0.206793
N#C[C@@H]1CCCN1C(=O)[C@@H]1C[C@H](C(=O)N2CCSCC2)C[NH2+]1,"CHEMBL400615",1011,Done,5.85,-7.23018,"glide_grid_1X70",-7.40348,-1.44116,-0.512839,-0,-1.93535,-28.3095,-17.4604,0.715571,-0.19517,-74.5042,-45.7699,5.83278
[NH3+][C@H](CC(=O)N1CCn2nc(C(F)(F)F)nc2[C@@H]1[C@H](O)C1CC1)Cc1cc(F)c(F)cc1F,"CHEMBL400722",1015,Done,8.27,-8.17488,"glide_grid_1X70",-8.18708,-0.940375,-0.901304,-0,-1.80734,-31.1704,-20.3875,0.371858,-0.293278,-79.741,-51.5579,20.6048
N[C@H](CC(=O)N1CCn2nc(C(F)(F)F)nc2[C@@H]1[C@H](O)C1CC1)Cc1cc(F)c(F)cc1F,"CHEMBL400722",1016,Done,7.72,-2.35661,"glide_grid_1X70",-4.66441,-0.861537,-0.761411,-0,-0.209713,-31.9236,-10.5981,0.533276,-0.179135,-44.7815,-42.5216,17.6307
[NH3+][C@@H](CC(=O)N1CCn2nc(C(F)(F)F)nc2[C@H]1CC1CC1)Cc1cc(F)c(F)cc1F,"CHEMBL400752",1017,Done,9.35,-8.57423,"glide_grid_1X70",-8.58563,-1.12638,-0.886289,-0,-2.03203,-33.6795,-20.4311,0.395669,-0.187967,-91.6744,-54.1106,7.67977
N[C@@H](CC(=O)N1CCn2nc(C(F)(F)F)nc2[C@H]1CC1CC1)Cc1cc(F)c(F)cc1F,"CHEMBL400752",1018,Done,9,-4.00376,"glide_grid_1X70",-6.35146,-1.35778,-0.769098,-0,-1.63078,-33.5955,-9.2721,0.567493,-0.0907076,-54.2179,-42.8676,13.2709
[NH3+][C@@H](CC(=O)N1CCc2nc(C(F)(F)F)n(Cc3ccc(F)cc3)c2C1)Cc1cc(F)ccc1F,"CHEMBL400761",1019,Done,6.23,-5.8685,"glide_grid_1X70",-5.8802,-0.322598,-0.446614,-0,-0.535056,-29.8252,-20.2812,0.346222,-0.388714,-74.5592,-50.1064,8.08996
N[C@@H](CC(=O)N1CCc2nc(C(F)(F)F)n(Cc3ccc(F)cc3)c2C1)Cc1cc(F)ccc1F,"CHEMBL400761",1020,Done,5.37,-2.75339,"glide_grid_1X70",-5.08379,-1.27216,-0.253406,-0,-1.49193,-31.7269,-6.45145,0.496445,-0.00867467,-47.8677,-38.1783,7.10256
CN(C)C(=O)[C@@H]([C@H]1CC[C@H](c2cccc3ncnn32)CC1)[C@H](N)C(=O)N1CC[C@H](F)C1,"CHEMBL400841",1021,Done,3.4,-3.84199,"glide_grid_1X70",-4.21609,-0.340434,-0.517038,-0,-1.2051,-27.8742,-7.40107,0.536343,-0.18599,-42.233,-35.2752,8.56681
CN(C)C(=O)[C@@H]([C@H]1CC[C@H](c2cccc3ncnn32)CC1)[C@H]([NH3+])C(=O)N1CC[C@H](F)C1,"CHEMBL400841",1022,Done,4.08,-6.61662,"glide_grid_1X70",-7.07692,-0.771711,-0.458821,-0,-1.91524,-33.392,-15.6605,0.373853,-0.28632,-75.8965,-49.0526,7.84874
C[C@@H]1c2[nH+]c(C3CC3)n(C)c2CCN1C(=O)C[C@H]([NH3+])Cc1cc(F)c(F)cc1F,"CHEMBL400911",1023,Done,4.31,-9.08685,"glide_grid_1X70",-9.16855,-1.13784,-0.550936,-0,-2.76634,-36.2426,-20.9412,0.412883,-0.173009,-95.7543,-57.1838,9.9
C[C@@H]1c2nc(C3CC3)n(C)c2CCN1C(=O)C[C@H]([NH3+])Cc1cc(F)c(F)cc1F,"CHEMBL400911",1024,Done,3.97,-6.53749,"glide_grid_1X70",-7.87599,-1.12431,-0.546452,-0,-2.38849,-37.6572,-14.0687,0.414726,-0.238292,-84.8659,-51.726,6.3456
C[C@@H]1c2[nH+]c(C3CC3)n(C)c2CCN1C(=O)C[C@H](N)Cc1cc(F)c(F)cc1F,"CHEMBL400911",1025,Done,4.45,-2.3585,"glide_grid_1X70",-4.6041,-1.01623,-0.289034,-0,-1.51479,-31.3087,-4.80962,0.592466,-0.0896345,-42.6726,-36.1183,12.9996
Cn1cnc2c1CCN(C(=O)C[C@H]([NH3+])Cc1cc(F)c(F)cc1F)[C@H]2C(F)(F)F,"CHEMBL400954",1026,Done,3.54,-8.83991,"glide_grid_1X70",-8.87241,-1.01194,-0.942947,-0,-1.95987,-35.9983,-21.8772,0.312272,-0.188433,-93.53,-57.8755,11.9251
Cn1c[nH+]c2c1CCN(C(=O)C[C@H]([NH3+])Cc1cc(F)c(F)cc1F)[C@H]2C(F)(F)F,"CHEMBL400954",1027,Done,3.85,-5.22523,"glide_grid_1X70",-7.30373,-1.08292,-0.794038,-0,-0.530496,-31.8304,-22.4303,0.310926,-0.251142,-79.2996,-54.2607,11.9031
Cn1cnc2c1CCN(C(=O)C[C@H](N)Cc1cc(F)c(F)cc1F)[C@H]2C(F)(F)F,"CHEMBL400954",1028,Done,3.79,-1.8324,"glide_grid_1X70",-4.0808,-0.156528,-0.475915,-0,-0.738285,-27.9711,-10.4655,0.448039,-0.189728,-37.7727,-38.4367,21.8182
[NH3+][C@@H](CC(=O)N1CCn2nc(-c3ccccc3)nc2C1)Cc1cc(F)c(F)cc1F,"CHEMBL401057",1029,Done,4.58,-8.94363,"glide_grid_1X70",-8.95583,-1.29872,-0.882784,-0,-2.41555,-36.0828,-18.421,0.39875,-0.190231,-95.5576,-54.5038,6.39434
N[C@@H](CC(=O)N1CCn2nc(-c3ccccc3)nc2C1)Cc1cc(F)c(F)cc1F,"CHEMBL401057",1030,Done,4.13,-1.64177,"glide_grid_1X70",-3.94877,-1.02521,-0.259809,-0,-1.01345,-29.3253,-4.7663,0.572141,-0.0412301,-39.8621,-34.0916,9.03219
[NH3+][C@H]1CN(C(=O)c2ccc(-n3cncn3)cc2)C[C@H]1C(=O)N1CCCC1,"CHEMBL401268",1031,Done,6.09,-8.34712,"glide_grid_1X70",-8.38182,-1.16748,-0.650092,-0,-2.33986,-43.2258,-15.9111,0.529777,-0.206212,-100.798,-59.1369,1.05808
N[C@H]1CN(C(=O)c2ccc(-n3cncn3)cc2)C[C@H]1C(=O)N1CCCC1,"CHEMBL401268",1032,Done,6.03,-4.08258,"glide_grid_1X70",-5.78108,-1.32609,-0.287647,-0,-1.92242,-41.4177,-5.58825,0.76066,-0.0964665,-64.198,-47.0059,1.84851
[NH3+][C@H]1CN(C(=O)c2cc3cc(Cl)ccc3o2)C[C@H]1C(=O)N1CCCC1,"CHEMBL401269",1033,Done,4.03,-7.85666,"glide_grid_1X70",-7.88476,-1.22413,-0.529811,-0,-1.88121,-41.6551,-15.9933,0.408506,-0.176377,-94.0395,-57.6483,2.80227
N[C@H]1CN(C(=O)c2cc3cc(Cl)ccc3o2)C[C@H]1C(=O)N1CCCC1,"CHEMBL401269",1034,Done,3.69,-3.42366,"glide_grid_1X70",-5.24296,-1.7238,-0.275919,-0,-1.29354,-39.7608,-2.9064,0.586483,-0.112192,-54.8092,-42.6672,7.04652
Cc1cc(CN2C[C@H]([NH3+])[C@H](C(=O)[C@@H]3CCC[C@H]3C#N)C2)ccc1-n1cncn1,"CHEMBL401378",1035,Done,6.46,-6.4761,"glide_grid_1X70",-6.8083,-0.765643,-0.542259,-0,-2.07759,-27.1491,-17.4505,0.673255,-0.121038,-69.3896,-44.5995,4.51295
Cc1cc(C[N@@H+]2C[C@H](N)[C@H](C(=O)[C@@H]3CCC[C@H]3C#N)C2)ccc1-n1cncn1,"CHEMBL401378",1036,Done,6.05,-4.91429,"glide_grid_1X70",-5.63269,-0.947948,-0.460564,-0,-1.34434,-27.7367,-12.884,0.673255,-0.233663,-51.2,-40.6206,12.1045
Cc1cc(CN2C[C@H](N)[C@H](C(=O)[C@@H]3CCC[C@H]3C#N)C2)ccc1-n1cncn1,"CHEMBL401378",1037,Done,5.43,-2.79891,"glide_grid_1X70",-4.00501,-0.312019,-0.424419,-0,-1.62054,-24.4235,-7.22185,0.67647,-0.0200429,-34.8085,-31.6454,11.8338
CC#CCn1c(N2CCC[C@@H]([NH3+])C2)nc2cnn(CC3=Nc4ccccc4Oc4ccccc43)c(=O)c21,"CHEMBL401502",1038,Done,4.53,-4.85602,"glide_grid_1X70",-4.85852,-0.351271,-0.746772,-0,-0.262039,-32.2603,-14.0243,0.41659,-0.198364,-63.4942,-46.2846,3.82487
[NH3+]Cc1c(-c2ccccc2Cl)ccc2ncn(CCO)c12,"CHEMBL401542",1039,Done,2.79,-8.84824,"glide_grid_1X70",-8.96264,-1.34871,-0.735955,-0,-2.287,-29.3997,-22.5179,0.421885,-0.165201,-90.7857,-51.9175,2.64852
NCc1c(-c2ccccc2Cl)ccc2ncn(CCO)c12,"CHEMBL401542",1040,Done,2.57,-4.76966,"glide_grid_1X70",-5.83756,-1.18236,-0.468715,-0,-1.60803,-23.9117,-12.9654,0.606223,-0.0442818,-52.0706,-36.8771,2.41197
CC#CCn1c(N2CCC[C@@H]([NH3+])C2)nc2cnn(Cc3cccc4ccccc34)c(=O)c21,"CHEMBL401709",1041,Done,3.51,-5.17328,"glide_grid_1X70",-5.17328,-0.543444,-0.4,-0,-0.744709,-24.9715,-17.6887,0.543173,-0.126421,-61.8832,-42.6601,1.32039
CC#CCn1c(N2CC[NH2+]CC2)nc2cnn(Cc3nc(C)c4ccccc4n3)c(=O)c21,"CHEMBL401971",1042,Done,2.82,-5.09165,"glide_grid_1X70",-5.11835,-0.653665,-0.4,-0,-1.00135,-33.2686,-11.963,0.538656,-0.144117,-63.2887,-45.2315,3.39316
CC#CCn1c(C(=O)NCc2cccc3ccccc23)cnc1N1CCC[C@@H]([NH3+])C1,"CHEMBL401972",1044,Done,5.28,-4.73029,"glide_grid_1X70",-4.87409,-0.290234,-0.322937,-0,-0.953179,-25.9087,-17.1649,0.726762,-0.164334,-58.7434,-43.0736,8.06226
CC#CCn1c(C(=O)NCc2cccc3ccccc23)c[nH+]c1N1CCC[C@@H]([NH3+])C1,"CHEMBL401972",1045,Done,3.9,10000.9,"glide_grid_1X70",10000,-1.5649,-0.287821,-0,-1.21276,22.7863,-19.9392,0.723495,-0.416847,10000,2.84705,20.1556
CC#CCn1c(N2CCC[C@@H]([NH3+])C2)nc(Br)c1C(=O)NCc1cccc2ccccc12,"CHEMBL402111",1046,Done,5.59,-3.85985,"glide_grid_1X70",-3.85985,-0.103297,-0.638997,-0,0.772506,-28.791,-17.2179,0.367638,-0.235472,-54.3902,-46.0089,6.2675
[NH3+][C@H](C(=O)N1CC[C@H]1C(=O)c1nc2ccccc2s1)C1CCCCC1,"CHEMBL402151",1047,Done,5.53,-3.76014,"glide_grid_1X70",-4.09464,-1.25837,-0.5869,-0,1.39698,-32.4001,-15.4955,0.521737,-0.223771,-53.4351,-47.8956,5.63388
N[C@H](C(=O)N1CC[C@H]1C(=O)c1nc2ccccc2s1)C1CCCCC1,"CHEMBL402151",1048,Done,5.82,-3.46752,"glide_grid_1X70",-3.96572,-1.09965,-0.546275,-0,-0.523187,-27.964,-6.96921,0.749087,-0.102117,-38.6915,-34.9332,7.11811
[NH3+][C@H](C(=O)N1CC[C@H]1C(=O)c1nccs1)C1CCCCC1,"CHEMBL402236",1049,Done,7.01,-6.35884,"glide_grid_1X70",-6.69334,-1.14372,-0.383144,-0,-1.45357,-35.4271,-16.0958,0.680745,-0.207928,-75.0188,-51.5229,6.24248
N[C@H](C(=O)N1CC[C@H]1C(=O)c1nccs1)C1CCCCC1,"CHEMBL402236",1050,Done,6.25,-3.54053,"glide_grid_1X70",-4.03873,-1.08086,-0.305528,-0,-1.0048,-31.8948,-6.11666,0.978095,-0.113398,-43.2693,-38.0114,5.59777
CCN(CC#N)C(=O)[C@@H]1C[C@H](C(=O)N2CCOCC2)[C@H](C)[NH2+]1,"CHEMBL402466",1051,Done,4.08,-6.14986,"glide_grid_1X70",-6.27916,-0.717952,-0.524411,-0,-2.1471,-21.9973,-14.2452,0.541621,-0.194678,-52.1007,-36.2425,9.24271
[NH3+][C@@H](CC(=O)N1CCc2[nH]c(C(F)(F)F)nc2C1)Cc1cc(F)ccc1F,"CHEMBL402496",1053,Done,4.74,-8.36252,"glide_grid_1X70",-8.77322,-1.01119,-0.910723,-0,-1.88127,-33.3186,-22.731,0.360063,-0.25452,-94.0493,-56.0496,6.97263
[NH3+][C@@H](CC(=O)N1CCc2nc(C(F)(F)F)[nH]c2C1)Cc1cc(F)ccc1F,"CHEMBL402496",1054,Done,4.22,-8.37081,"glide_grid_1X70",-8.78151,-1.2685,-0.491145,-0,-2.47918,-38.036,-17.4776,0.360063,-0.379311,-94.1662,-55.5136,5.86053
CC#CCn1c(N2CCC[C@@H]([NH3+])C2)nc(C#N)c1C(=O)NCc1cccc2ccccc12,"CHEMBL402573",1055,Done,5.38,-5.26799,"glide_grid_1X70",-5.27219,-0.405155,-0.391524,-0,-1.02927,-32.6255,-14.7857,0.651807,-0.248918,-66.2967,-47.4112,6.52569
CC(C)c1nsc(N2CCN(C(=O)[C@@H]3C[NH2+][C@H](C(=O)N4CCCC4)C3)CC2)n1,"CHEMBL402645",1056,Done,6.32,-6.59157,"glide_grid_1X70",-6.68527,-1.06734,-0.545542,-0,-1.54812,-34.2451,-13.2533,0.414539,-0.238559,-72.3185,-47.4984,4.28733
CC#CCn1c(N2CCC[C@@H]([NH3+])C2)nc2c1c(=O)n(Cc1nc(C)cc3ccccc13)c(=O)n2C,"CHEMBL402819",1058,Done,3.26,-5.05731,"glide_grid_1X70",-5.32061,-0.031585,-0.587112,-0,-1.1151,-30.1075,-14.8007,0.316922,-0.178244,-64.0924,-44.9082,3.95741
CC#CCn1c(N2CCC[C@@H]([NH3+])C2)nc2c1c(=O)n(Cc1[nH+]c(C)cc3ccccc13)c(=O)n2C,"CHEMBL402819",1059,Done,3.92,-4.72333,"glide_grid_1X70",-5.33763,-0.170044,-0.56,-0,-0.620349,-29.9485,-18.4353,0.450988,-0.175502,-69.7705,-48.3838,2.52286
[NH3+]Cc1c(-c2ccccc2Cl)ccc2ncn(Cc3ccccc3)c12,"CHEMBL403156",1060,Done,2.58,-7.67753,"glide_grid_1X70",-7.78703,-1.6184,-0.566164,-0,-1.92253,-35.9673,-13.7383,0.328586,-0.149415,-81.197,-49.7056,3.33915
NCc1c(-c2ccccc2Cl)ccc2ncn(Cc3ccccc3)c12,"CHEMBL403156",1061,Done,2.53,-4.39186,"glide_grid_1X70",-5.47126,-1.50228,-0.304,-0,-1.53491,-37.2248,-4.37548,0.471828,-0.0843287,-53.7245,-41.6003,5.14448
O=C(c1ccccn1)[C@@H]1CCCN1C(=O)[C@@H]1C[C@@H]2CCCC[C@@H]2[NH2+]1,"CHEMBL403160",1062,Done,8.81,-4.90437,"glide_grid_1X70",-5.00127,-0.356455,-0.41067,-0,-1.51979,-29.2366,-11.4127,0.696477,-0.237102,-57.7856,-40.6493,3.61603
CC#CCn1c(NC[C@H](C)[NH3+])nc2cnn(Cc3nc(C)c4ccccc4n3)c(=O)c21,"CHEMBL403408",1064,Done,3.26,-5.60585,"glide_grid_1X70",-5.60585,-0.320104,-0.681197,-0,-0.830441,-35.8672,-16.6082,0.680417,-0.169943,-74.0827,-52.4753,7.92902
C[C@H](c1nc(-c2ccc(S(C)(=O)=O)cc2)no1)[C@H](N)C(=O)N1CCCC1,"CHEMBL403415",1065,Done,3.24,-4.80485,"glide_grid_1X70",-5.02705,-1.38905,-0.213144,-0,-1.34057,-28.0767,-7.02728,0.541237,-0.167592,-45.3029,-35.1039,7.32644
C[C@H](c1nc(-c2ccc(S(C)(=O)=O)cc2)no1)[C@H]([NH3+])C(=O)N1CCCC1,"CHEMBL403415",1066,Done,3.18,-7.55994,"glide_grid_1X70",-8.24864,-1.04355,-0.433723,-0,-1.76814,-34.2396,-21.2005,0.377065,-0.488233,-88.9388,-55.4401,10.4238
Cc1nsc(N2CCN(C(=O)[C@@H]3C[NH2+][C@H](C(=O)N4CCSC4)C3)CC2)n1,"CHEMBL403449",1067,Done,5.99,-7.15376,"glide_grid_1X70",-7.29766,-1.18727,-0.375972,-0,-1.70768,-39.4889,-14.9185,0.433535,-0.248052,-84.2229,-54.4074,1.77289
CC#CCn1c(N2CCC[C@@H]([NH3+])C2)nc2cnn(Cc3nc(C)c4ccccc4n3)c(=O)c21,"CHEMBL403553",1069,Done,3.03,-6.34728,"glide_grid_1X70",-6.34978,-0.251475,-1.00024,-0,-1.1526,-29.0067,-17.6761,0.355712,-0.199431,-71.018,-46.6828,2.32715
Cn1cnc2c(C[NH3+])c(-c3ccccc3)ccc21,"CHEMBL403862",1070,Done,1.51,-7.56887,"glide_grid_1X70",-7.71157,-1.34943,-0.569772,-0,-2.71508,-26.1865,-12.3669,0.212723,-0.125664,-66.0613,-38.5533,0.0720833
Cn1cnc2c(CN)c(-c3ccccc3)ccc21,"CHEMBL403862",1071,Done,1.52,-4.2296,"glide_grid_1X70",-5.1692,-1.36064,-0.304,-0,-2.08658,-24.6152,-3.26778,0.306093,-0.00314095,-36.5093,-27.883,1.85165
O=C([C@@H]1CCC[NH2+]1)N1CCCC1,"CHEMBL403882",1072,Done,1.57,-6.5307,"glide_grid_1X70",-6.6244,-0.820408,-0.324798,-0,-3.19344,-23.5808,-11.3029,0.752722,-0.164008,-56.4159,-34.8836,1.04802
O=C([C@@H]1C[NH2+][C@H](C(=O)N2CCCC2)C1)N1CCN(c2ncns2)CC1,"CHEMBL403969",1074,Done,5.69,-6.62147,"glide_grid_1X70",-6.71517,-0.966205,-0.4,-0,-1.96496,-33.3156,-13.6082,0.504058,-0.181061,-69.9018,-46.9237,9.00867
Cc1ncc(N2CCN(C(=O)[C@@H]3C[NH2+][C@H](C(=O)N4CCCC4)C3)CC2)s1,"CHEMBL403970",1076,Done,5.08,-6.84174,"glide_grid_1X70",-6.93544,-1.1685,-0.560022,-0,-1.78311,-32.6453,-13.846,0.473434,-0.188074,-71.6527,-46.4913,4.72467
O=C(c1nc2ccccc2s1)[C@@H]1CCCN1C(=O)[C@@H]1C[C@@H]2CCCC[C@@H]2[NH2+]1,"CHEMBL404030",1078,Done,6.06,-5.09314,"glide_grid_1X70",-5.20224,-0.624585,-0.387783,-0,-1.13738,-35.2741,-10.5252,0.526021,-0.236017,-65.0484,-45.7993,3.54926
Cc1nsc(C2CCN(C(=O)[C@@H]3C[NH2+][C@H](C(=O)N4CCCC4)C3)CC2)n1,"CHEMBL404159",1080,Done,6,-6.82383,"glide_grid_1X70",-6.91753,-1.44911,-0.540148,-0,-1.85594,-34.7548,-10.8387,0.473434,-0.182223,-68.2022,-45.5935,11.3976
[NH3+][C@@H](CC(=O)N1CCn2nc(C(F)(F)F)nc2[C@@H]1[C@H](O)C1CC1)Cc1cc(F)c(F)cc1F,"CHEMBL404210",1082,Done,7.82,-8.7411,"glide_grid_1X70",-8.7533,-1.16633,-0.691905,-0,-1.32956,-35.694,-25.9614,0.371858,-0.258441,-96.5406,-61.6554,17.7627
N[C@@H](CC(=O)N1CCn2nc(C(F)(F)F)nc2[C@@H]1[C@H](O)C1CC1)Cc1cc(F)c(F)cc1F,"CHEMBL404210",1083,Done,8.16,-3.18267,"glide_grid_1X70",-5.49047,-0.926009,-0.294033,-0,-1.56927,-39.2785,-7.05211,0.533276,-0.212692,-58.3007,-46.3306,8.74241
CC#CCn1c(N2CCC[C@@H]([NH3+])C2)nc2cnn(Cc3ccc(C#N)c4ccccc34)c(=O)c21,"CHEMBL404220",1084,Done,3.39,-5.43504,"glide_grid_1X70",-5.43504,-0.348538,-0.419223,-0,-1.04387,-31.4948,-14.8167,0.342949,-0.169113,-66.748,-46.3114,3.52264
CC#CCn1c(N2CCC[C@@H]([NH3+])C2)nc2c1c(=O)n(Cc1cccc3ccccc13)c(=O)n2C,"CHEMBL404326",1085,Done,3.52,-5.35714,"glide_grid_1X70",-5.35964,-0.0128628,-0.599192,-0,-1.28668,-29.9512,-14.1334,0.336137,-0.179474,-64.6408,-44.0846,2.21155
[NH3+]Cc1c(-c2ccc(Cl)cc2Cl)ccc2[nH]cnc12,"CHEMBL404544",1086,Done,1.34,-7.10008,"glide_grid_1X70",-7.57338,-1.42485,-0.473758,-0,-2.19627,-25.9967,-14.6462,0.148786,-0.130525,-68.0739,-40.6429,0.329188
[NH3+]Cc1c(-c2ccc(Cl)cc2Cl)ccc2nc[nH]c12,"CHEMBL404544",1087,Done,1.4,-7.8553,"glide_grid_1X70",-8.4847,-1.43924,-0.549645,-0,-2.29893,-26.3402,-18.9612,0.148786,-0.184464,-79.9748,-45.3015,0.0983704
NCc1c(-c2ccc(Cl)cc2Cl)ccc2[nH]cnc12,"CHEMBL404544",1088,Done,1.25,-3.77192,"glide_grid_1X70",-5.00712,-1.41688,-0.304,-0,-1.73279,-24.7681,-3.48438,0.213833,-0.00622032,-38.1377,-28.2525,2.06062
NCc1c(-c2ccc(Cl)cc2Cl)ccc2nc[nH]c12,"CHEMBL404544",1089,Done,1.34,-3.70706,"glide_grid_1X70",-5.22926,-1.26126,-0.206818,-0,-1.62391,-26.6079,-6.31374,0.213833,-0.0736434,-43.8745,-32.9216,2.00795
N#Cc1cccc(C[C@@H]([NH3+])CC(=O)N2CCSC2)c1,"CHEMBL405786",1090,Done,3.26,-7.5025,"glide_grid_1X70",-7.514,-0.77916,-0.513757,-0,-2.95176,-33.3234,-13.8179,0.659471,-0.189942,-78.1907,-47.1413,2.7018
N#Cc1cccc(C[C@@H](N)CC(=O)N2CCSC2)c1,"CHEMBL405786",1091,Done,3.3,-2.58504,"glide_grid_1X70",-4.92554,-1.01794,-0.304,-0,-2.13339,-32.7167,-5.11091,0.948089,-0.0158291,-48.6053,-37.8276,4.28434
Cn1cnc2ccc(-c3ccc(F)cc3F)c(C[NH3+])c21,"CHEMBL406201",1092,Done,1.57,-8.42638,"glide_grid_1X70",-8.54058,-1.18606,-0.530168,-0,-3.09747,-27.6896,-15.6819,0.167051,-0.157165,-77.4547,-43.3715,0.474973
Cn1cnc2ccc(-c3ccc(F)cc3F)c(CN)c21,"CHEMBL406201",1093,Done,1.52,-4.61727,"glide_grid_1X70",-5.69277,-1.1067,-0.304,-0,-2.3169,-25.5792,-5.59543,0.240172,-0.0870702,-43.1444,-31.1746,1.16749
C[C@@H]1[NH2+][C@H](C(=O)NCC#N)C[C@@H]1C(=O)N(C)C,"CHEMBL407293",1096,Done,2.14,-6.54611,"glide_grid_1X70",-6.68091,-0.495663,-0.532171,-0,-2.49651,-24.7503,-15.4372,0.63369,-0.237174,-65.0702,-40.1874,1.69394
C[C@@H]1N[C@H](C(=O)NCC#N)C[C@@H]1C(=O)N(C)C,"CHEMBL407293",1097,Done,2.44,-2.52789,"glide_grid_1X70",-3.47099,0,-0.299751,-0,-1.74158,-18.4776,-8.25015,0.911809,-0.180059,-34.7582,-26.7278,2.58913
CCN(CC#N)C(=O)[C@@H]1C[C@H](C(=O)N(C)C)[C@H](C)[NH2+]1,"CHEMBL407296",1098,Done,2.9,-5.62849,"glide_grid_1X70",-5.75779,-0.0845331,-0.450153,-0,-2.30465,-17.1156,-17.462,0.748401,-0.191771,-53.5675,-34.5776,4.526
C[C@H]1[NH2+][C@H](C(=O)N2CCC[C@H]2C#N)C[C@H]1C(=O)N(C)C,"CHEMBL409010",1100,Done,3.03,-5.70487,"glide_grid_1X70",-5.83527,-0.527936,-0.34133,-0,-1.72287,-23.9029,-16.9031,0.693549,-0.206074,-59.9216,-40.806,3.22594
[NH3+][C@@H](CC(=O)N1CCN(c2ccc(Cl)cc2)CC1)Cc1ccccc1F,"CHEMBL410187",1102,Done,6.15,-8.47926,"glide_grid_1X70",-8.48816,-1.3219,-0.81534,-0,-1.87474,-35.2638,-19.9047,0.477125,-0.204405,-91.3212,-55.1685,6.7019
N[C@@H](CC(=O)N1CCN(c2ccc(Cl)cc2)CC1)Cc1ccccc1F,"CHEMBL410187",1103,Done,7.11,-2.68947,"glide_grid_1X70",-5.18277,-1.33581,-0.531956,-0,-1.43185,-33.2191,-5.36975,0.684882,-0.101618,-48.0052,-38.5888,8.28031
[NH3+][C@H]1CN(c2cc(-c3ccc(Cl)cc3)ncn2)C[C@@H]1c1cc(F)c(F)cc1F,"CHEMBL412585",1104,Done,2.28,-9.65043,"glide_grid_1X70",-9.66533,-1.3554,-0.789809,-0,-2.33847,-35.4303,-23.3277,0.250639,-0.161628,-101.933,-58.758,0.44336
N[C@H]1CN(c2cc(-c3ccc(Cl)cc3)ncn2)C[C@@H]1c1cc(F)c(F)cc1F,"CHEMBL412585",1105,Done,2.02,-2.71826,"glide_grid_1X70",-4.90946,-0.795671,-0.299096,-0,-1.80996,-27.6002,-6.20855,0.359664,-0.0530994,-43.9737,-33.8088,2.02616
N#C[C@@H]1CCCN1C(=O)[C@@H]1C[C@H](C(=O)N2CCOCC2)C[NH2+]1,"CHEMBL415647",1108,Done,4.68,-6.4196,"glide_grid_1X70",-6.5929,-0.822421,-0.634096,-0,-2.20126,-26.8628,-12.864,0.547871,-0.210259,-60.9985,-39.7268,4.57418
[NH3+][C@H](C(=O)N1C[C@@H](F)[C@H](F)C1)[C@H]1CC[C@H](NC(=O)OCc2ccccc2)CC1,"CHEMBL416008",1110,Done,5.69,-7.44068,"glide_grid_1X70",-7.75368,-0.901839,-0.817873,-0,-2.11443,-30.6849,-18.543,0.609952,-0.213799,-82.4275,-49.2278,4.17328
N#Cc1ccc(NCC[C@H]([NH3+])C(=O)N2CCCCC2)nc1,"CHEMBL418788",1112,Done,5.48,-7.90182,"glide_grid_1X70",-8.12252,-1.56266,-0.508511,-0,-2.7259,-32.8977,-15.1428,0.765673,-0.174817,-82.0427,-48.0405,3.84414
N#Cc1ccc(NCC[C@H](N)C(=O)N2CCCCC2)nc1,"CHEMBL418788",1113,Done,5.65,-4.43823,"glide_grid_1X70",-5.13023,-1.40652,-0.291557,-0,-2.06187,-33.4251,-4.74398,1.10051,-0.0879495,-46.885,-38.1691,7.64521
[NH3+][C@H](C(=O)N1CCC(F)(F)C1)[C@H]1CC[C@H](NS(=O)(=O)c2ccc(OC(F)(F)F)cc2)CC1,"CHEMBL423108",1114,Done,6.34,-7.157,"glide_grid_1X70",-7.4798,-0.911221,-0.56939,-0,-1.5357,-30.9609,-20.5271,0.420773,-0.257148,-86.6502,-51.488,3.88773
N[C@H](C(=O)N1CCC(F)(F)C1)[C@H]1CC[C@H](NS(=O)(=O)c2ccc(OC(F)(F)F)cc2)CC1,"CHEMBL423108",1115,Done,5.57,-4.72131,"glide_grid_1X70",-5.23521,-1.3518,-0.253501,-0,-1.37523,-31.8501,-7.54411,0.60339,-0.133954,-51.9678,-39.3942,2.9569
C[C@@H](c1ccc(-c2cn(C)c(=O)cc2F)cc1)[C@H](N)C(=O)N1CC[C@H](F)C1,"CHEMBL424687",1118,Done,3.6,-5.56217,"glide_grid_1X70",-5.95217,-1.12742,-0.396845,-0,-2.00447,-39.4692,-6.15148,0.549095,-0.0763486,-59.4466,-45.6207,4.98268
C[C@@H](c1ccc(-c2cn(C)c(=O)cc2F)cc1)[C@H]([NH3+])C(=O)N1CC[C@H](F)C1,"CHEMBL424687",1119,Done,3.31,-4.11497,"glide_grid_1X70",-4.54707,-0.183609,-0.4,-0,-1.08289,-22.1421,-13.9788,0.546466,-0.223115,-51.6133,-36.1209,0.973137
COc1cc2c(cc1OC)CN(C(=O)CC[NH2+]CC(=O)N1CCC[C@H]1C#N)CC2,"CHEMBL424854",1121,Done,8.58,-5.4133,"glide_grid_1X70",-6.2232,-1.17009,-0.681484,-0,-1.21636,-32.8456,-14.1015,0.85182,-0.249589,-69.0459,-46.9471,11.7505
Cc1cc(=O)n(C)cc1-c1ccc([C@H](C)[C@H](N)C(=O)N2CC[C@H](F)C2)cc1,"CHEMBL425039",1122,Done,3.18,-5.45514,"glide_grid_1X70",-5.84514,-1.1394,-0.395985,-0,-1.99131,-39.6149,-5.59956,0.55962,-0.0573839,-58.6437,-45.2145,4.46867
Cc1cc(=O)n(C)cc1-c1ccc([C@H](C)[C@H]([NH3+])C(=O)N2CC[C@H](F)C2)cc1,"CHEMBL425039",1123,Done,3.44,-7.31789,"glide_grid_1X70",-7.74999,-0.871188,-0.43097,-0,-2.36386,-31.2881,-18.1234,0.389841,-0.190893,-80.5631,-49.4115,4.68718
CSc1ccc(-c2nc3c(s2)CN(C(=O)C[C@H]([NH3+])Cc2cc(F)ccc2F)CC3)cc1,"CHEMBL425200",1124,Done,2.84,-5.76285,"glide_grid_1X70",-5.77445,-0.420187,-0.486054,-0,-0.764975,-32.6117,-16.4679,0.332111,-0.334572,-72.0067,-49.0796,11.2846
CSc1ccc(-c2nc3c(s2)CN(C(=O)C[C@H](N)Cc2cc(F)ccc2F)CC3)cc1,"CHEMBL425200",1125,Done,3.33,-0.87368,"glide_grid_1X70",-3.21138,-0.2628,-0.345856,-0,-0.267786,-36.6395,-5.80934,0.476341,-0.107901,-46.5334,-42.4489,10.9073
[NH3+][C@@H](CC(=O)N1CCc2nc(C3CC3)oc2C1)Cc1cc(F)ccc1F,"CHEMBL425380",1126,Done,3.03,-7.90081,"glide_grid_1X70",-7.91101,-1.28188,-0.535486,-0,-2.54652,-34.791,-14.0684,0.511731,-0.209053,-80.6771,-48.8594,5.48412
N[C@@H](CC(=O)N1CCc2nc(C3CC3)oc2C1)Cc1cc(F)ccc1F,"CHEMBL425380",1127,Done,2.72,-2.70503,"glide_grid_1X70",-5.11483,-1.55428,-0.302118,-0,-2.10365,-36.0259,-0.200713,0.734685,-0.0580696,-45.1713,-36.2267,7.58785
N#Cc1ccccc1Cn1c(N2CCC[C@@H]([NH3+])C2)nc2ccc(F)cc2c1=O,"CHEMBL425483",1128,Done,2.23,-7.43553,"glide_grid_1X70",-7.43803,-0.743059,-0.845424,-0,-1.57006,-25.5123,-20.4891,0.284182,-0.214704,-73.2143,-46.0013,4.49612
[NH3+][C@@H](CC(=O)N1CCC[C@H]1CNC(=O)c1ccccc1)Cc1ccccc1F,"CHEMBL425584",1129,Done,11.94,-8.99412,"glide_grid_1X70",-9.00312,-1.47738,-0.862867,-0,-2.039,-36.3522,-21.9363,0.644523,-0.160338,-98.6719,-58.2885,9.85741
N[C@@H](CC(=O)N1CCC[C@H]1CNC(=O)c1ccccc1)Cc1ccccc1F,"CHEMBL425584",1130,Done,11.04,-2.43204,"glide_grid_1X70",-4.91504,-1.23539,-0.618754,-0,-1.23094,-30.943,-7.53534,0.925093,-0.0776,-45.98,-38.4783,10.7976
C[C@@H](CC(=O)N1CCc2ccccc2C1)[NH2+]CC(=O)N1CCC[C@H]1C#N,"CHEMBL425585",1132,Done,5.94,-6.0098,"glide_grid_1X70",-6.5876,-1.10895,-0.752368,-0,-1.65011,-28.5481,-15.7569,0.908008,-0.193239,-68.8165,-44.3051,5.57017
CC(C)(CC(=O)N1CCc2cc(F)cc(F)c2C1)[NH2+]CC(=O)N1CCC[C@H]1C#N,"CHEMBL425756",1134,Done,6.44,-5.73683,"glide_grid_1X70",-6.20453,-1.36905,-0.39191,-0,-1.48211,-31.646,-12.6252,0.717265,-0.202641,-68.2227,-44.2712,4.09051
[NH3+][C@@H](CC(=O)N1CCc2c(n[nH]c2C2CC2)C1)Cc1cc(F)ccc1F,"CHEMBL425905",1135,Done,4.34,-8.62804,"glide_grid_1X70",-9.03874,-1.32696,-0.785469,-0,-2.63127,-35.1136,-19.1173,0.51422,-0.185988,-92.1587,-54.2309,8.52602
[NH3+][C@@H](CC(=O)N1CCc2c(C3CC3)n[nH]c2C1)Cc1cc(F)ccc1F,"CHEMBL425905",1136,Done,4.94,-8.00038,"glide_grid_1X70",-8.41108,-1.59024,-0.454242,-0,-2.51976,-35.3956,-15.9677,0.51422,-0.196135,-83.0603,-51.3633,10.429
C[C@H](c1nc(-c2ccccc2OC(F)(F)F)no1)[C@H](N)C(=O)N1CCCC1,"CHEMBL426335",1137,Done,4.78,-4.91722,"glide_grid_1X70",-5.13942,-1.60459,-0.354327,-0,-1.43775,-28.4974,-5.93325,0.658027,-0.0859266,-45.2088,-34.4306,3.9226
C[C@H](c1nc(-c2ccccc2OC(F)(F)F)no1)[C@H]([NH3+])C(=O)N1CCCC1,"CHEMBL426335",1138,Done,6.12,-7.52566,"glide_grid_1X70",-8.21436,-1.60822,-0.757126,-0,-1.9203,-30.6764,-17.9375,0.45846,-0.162725,-82.8693,-48.6139,5.2344
Cc1[nH]nc2c1CN(C(=O)C[C@H]([NH3+])Cc1cc(F)ccc1F)CC2,"CHEMBL426469",1139,Done,3.62,-5.7944,"glide_grid_1X70",-6.2051,-0.803145,-0.264356,-0,-2.18044,-30.5834,-12.3965,0.671181,-0.239695,-70.6806,-42.9799,2.74737
Cc1n[nH]c2c1CN(C(=O)C[C@H]([NH3+])Cc1cc(F)ccc1F)CC2,"CHEMBL426469",1140,Done,3.69,-7.96961,"glide_grid_1X70",-8.38031,-1.07212,-0.884155,-0,-2.11961,-34.6038,-19.1801,0.469827,-0.167038,-87.2406,-53.7839,9.24397
[NH3+][C@@H](CC(=O)N1CCc2nc(C(F)(F)F)sc2C1)Cc1cc(F)ccc1F,"CHEMBL426649",1141,Done,3.87,-8.44743,"glide_grid_1X70",-8.45903,-1.37457,-0.467456,-0,-2.08185,-39.4779,-16.3853,0.33334,-0.436813,-93.1284,-55.8631,5.87632
N[C@@H](CC(=O)N1CCc2nc(C(F)(F)F)sc2C1)Cc1cc(F)ccc1F,"CHEMBL426649",1142,Done,4.32,-3.78117,"glide_grid_1X70",-6.11887,-1.36692,-0.537625,-0,-2.06881,-31.0206,-6.92909,0.478336,-0.0334487,-50.4991,-37.9497,4.76706
O=C(C[NH2+][C@H]1[C@@H]2C[C@H]3C[C@@H](C2)C[C@@H]1C3)N1CCC[C@@H]1B(O)O,"CHEMBL427012",1143,Done,3.47,-5.77414,"glide_grid_1X70",-5.86414,-0.907741,-0.414441,-0,-1.80089,-0.274076,-22.1514,0.783352,-0.188009,-33.6446,-22.4255,9.54893
O=C(CN[C@H]1[C@@H]2C[C@H]3C[C@@H](C2)C[C@@H]1C3)N1CCC[C@@H]1B(O)O,"CHEMBL427012",1144,Done,3.43,-1.67918,"glide_grid_1X70",-2.84008,-0.731225,0,-0,-1.59603,-15.9278,-2.72093,0.787881,-0.096182,-19.4976,-18.6487,6.50563
O=C([C@@H]1C[NH2+][C@H](C(=O)N2CCC(F)(F)C2)C1)N1Cc2ccccc2C1,"CHEMBL427219",1145,Done,3.21,-5.68929,"glide_grid_1X70",-5.83539,-0.632257,-0.501624,-0,-1.48968,-31.6891,-13.6922,0.621014,-0.194564,-68.7984,-45.3813,1.01474
C[C@@H]1C(=O)NCCCN1C(=O)C[C@H]([NH3+])Cc1cc(F)ccc1F,"CHEMBL427257",1147,Done,4.83,-9.40783,"glide_grid_1X70",-9.41783,-1.07771,-1.13073,-0,-2.72945,-28.9469,-22.2215,0.493,-0.192371,-89.5419,-51.1683,9.17754
C[C@@H]1C(=O)NCCCN1C(=O)C[C@H](N)Cc1cc(F)ccc1F,"CHEMBL427257",1148,Done,5.02,-4.42694,"glide_grid_1X70",-6.85014,-1.01435,-1.05712,-0,-2.11042,-28.9203,-12.4235,0.708142,-0.0668411,-54.8337,-41.3438,9.81004
[NH3+][C@H]1CN(c2ncccn2)CC[C@@H]1c1cc(F)c(F)cc1F,"CHEMBL427259",1149,Done,1.75,-8.3388,"glide_grid_1X70",-8.3499,-1.07294,-0.568473,-0,-2.86859,-31.034,-15.9725,0.270925,-0.163243,-80.5756,-47.0065,0.0913626
N[C@H]1CN(c2ncccn2)CC[C@@H]1c1cc(F)c(F)cc1F,"CHEMBL427259",1150,Done,1.6,-3.39409,"glide_grid_1X70",-5.75839,-1.14868,-0.404991,-0,-2.27144,-31.5813,-4.54061,0.389259,-0.0623827,-48.6021,-36.1219,0.197724
[NH3+][C@@H](CC(=O)N1CCn2c(nnc2C(F)(F)F)C1)Cc1cc(Cl)ccc1F,"CHEMBL427261",1151,Done,4.08,-9.63465,"glide_grid_1X70",-9.64685,-1.30311,-0.863751,-0,-1.93428,-38.7908,-24.3549,0.332763,-0.285696,-105.009,-63.1457,7.73015
N[C@@H](CC(=O)N1CCn2c(nnc2C(F)(F)F)C1)Cc1cc(Cl)ccc1F,"CHEMBL427261",1152,Done,3.77,-5.03077,"glide_grid_1X70",-7.33777,-1.45257,-0.77632,-0,-1.39091,-37.9696,-14.0004,0.477506,-0.196936,-70.1355,-51.97,9.41814
COc1ccccc1-c1ccc2ncn(C)c2c1C[NH3+],"CHEMBL428065",1153,Done,1.87,-5.97261,"glide_grid_1X70",-6.08571,-0.106284,-0.451697,-0,-2.10954,-25.5879,-14.3058,0.173519,-0.166445,-60.2923,-39.8936,2.09291
COc1ccccc1-c1ccc2ncn(C)c2c1CN,"CHEMBL428065",1154,Done,1.82,-3.20835,"glide_grid_1X70",-4.28515,-0.375642,-0.412657,-0,-1.73508,-23.7228,-5.47172,0.249502,-0.00437607,-37.2941,-29.1945,2.00698
N#C[C@@H]1CCCN1C(=O)[C@@H]1C[C@H](C(=O)N2CCCC2)C[NH2+]1,"CHEMBL428369",1155,Done,3.88,-7.09788,"glide_grid_1X70",-7.27118,-1.1132,-0.589827,-0,-2.36647,-26.0024,-17.1612,0.859403,-0.186776,-70.5737,-43.1636,4.35757
CC(=O)N(C)[C@H]1CC[C@H]([C@H](C(=O)N(C)C)[C@H](N)C(=O)N2CC[C@H](F)C2)CC1,"CHEMBL428747",1157,Done,5.46,-5.07356,"glide_grid_1X70",-5.44396,-0.784766,-0.705502,-0,-1.71115,-27.9071,-9.27895,0.657611,-0.112948,-44.0867,-37.1861,14.0242
CC(=O)N(C)[C@H]1CC[C@H]([C@H](C(=O)N(C)C)[C@H]([NH3+])C(=O)N2CC[C@H](F)C2)CC1,"CHEMBL428747",1158,Done,5.06,-7.09019,"glide_grid_1X70",-7.54409,-0.880421,-0.42449,-0,-2.24391,-32.7076,-17.3525,0.458171,-0.215178,-75.5366,-50.0601,20.6949
COc1cc2c(cc1OC)[C@@H]1C[C@H]([NH3+])[C@@H](c3ccccc3)CN1CC2,"CHEMBL428894",1159,Done,2.66,-6.94531,"glide_grid_1X70",-6.97301,-1.12463,-0.510172,-0,-1.98278,-30.5143,-12.2979,0.114968,-0.1,-70.3172,-42.8122,0.274808
COc1cc2c(cc1OC)[C@@H]1C[C@H](N)[C@@H](c3ccccc3)CN1CC2,"CHEMBL428894",1160,Done,2.43,-2.73387,"glide_grid_1X70",-4.82107,-1.16122,-0.381807,-0,-1.46013,-31.074,-2.86213,0.165107,0,-42.2043,-33.9361,4.34667
COc1cc2c(cc1OC)[C@@H]1C[C@H](N)[C@@H](c3ccccc3)C[N@H+]1CC2,"CHEMBL428894",1161,Done,2.71,-2.76122,"glide_grid_1X70",-5.47622,-1.14867,-0.38342,-0,-1.45302,-30.1367,-7.56739,0.16424,-0.0134059,-50.9544,-37.7041,4.22859
[NH3+][C@H]1CN(C(=O)c2cnc3ccccc3n2)C([O-])=C1C(=O)N1CCCC1,"CHEMBL428936",1162,Done,4.67,-7.88962,"glide_grid_1X70",-8.20212,-1.45066,-0.793101,-0,-2.23865,-42.07,-12.4059,0.428184,-0.183507,-90.1245,-54.4759,4.43688
N[C@H]1CN(C(=O)c2cnc3ccccc3n2)C([O-])=C1C(=O)N1CCCC1,"CHEMBL428936",1163,Done,2.86,-4.54357,"glide_grid_1X70",-5.07687,-1.27325,-0.560219,-0,-1.32978,-39.6718,-2.98301,0.614808,-0.0973867,-51.7575,-42.6548,8.5274
[NH3+][C@H]1CN(Cc2ccc(F)c(F)c2)C[C@H]1C(=O)N1CCCC1,"CHEMBL428937",1164,Done,3.42,-8.2046,"glide_grid_1X70",-8.3023,-1.1694,-0.548247,-0,-2.30052,-35.1045,-18.9111,0.538627,-0.230866,-91.3584,-54.0156,0.309113
N[C@H]1C[N@@H+](Cc2ccc(F)c(F)c2)C[C@H]1C(=O)N1CCCC1,"CHEMBL428937",1165,Done,3.06,-6.37105,"glide_grid_1X70",-7.70165,-1.0963,-0.656,-0,-2.49938,-31.2054,-16.9419,0.769467,-0.117894,-66.0338,-48.1473,13.3356
N[C@H]1CN(Cc2ccc(F)c(F)c2)C[C@H]1C(=O)N1CCCC1,"CHEMBL428937",1166,Done,3.62,-3.63382,"glide_grid_1X70",-5.47762,-1.08429,-0.409007,-0,-1.80222,-34.6669,-7.42099,0.773875,-0.109484,-56.2464,-42.0879,1.22882
Cc1cc(CN2C[C@H]([NH3+])[C@H](C(=O)[C@@H]3CCC[C@H]3C#N)C2)ccc1C#N,"CHEMBL429115",1167,Done,6.94,-6.11876,"glide_grid_1X70",-6.53996,-0.315906,-0.533144,-0,-2.43498,-24.0713,-16.0384,0.464742,-0.111349,-54.4823,-40.1097,18.2864
Cc1cc(C[N@@H+]2C[C@H](N)[C@H](C(=O)[C@@H]3CCC[C@H]3C#N)C2)ccc1C#N,"CHEMBL429115",1168,Done,4.1,-6.03665,"glide_grid_1X70",-6.62715,-0.758254,-0.63957,-0,-2.03868,-22.119,-17.4637,0.663917,-0.129066,-53.3398,-39.5827,6.91581
Cc1cc(CN2C[C@H](N)[C@H](C(=O)[C@@H]3CCC[C@H]3C#N)C2)ccc1C#N,"CHEMBL429115",1169,Done,6.23,-3.92149,"glide_grid_1X70",-5.08769,-0.709663,-0.583287,-0,-1.938,-21.9655,-9.29765,0.667444,-0.0312674,-38.3642,-31.2631,4.88216
C[C@@H]1[NH2+][C@H](C(=O)N2CCC[C@H]2C#N)C[C@@H]1C(=O)N1CCOCC1,"CHEMBL429258",1170,Done,5.47,-5.75646,"glide_grid_1X70",-5.88686,-0.799523,-0.478116,-0,-2.06364,-22.3483,-12.8842,0.7236,-0.219149,-52.1207,-35.2324,4.24497
CC(C)=CCn1c(N2CCC[C@@H]([NH3+])C2)nc2c1c(=O)n(Cc1nccc3ccccc13)c(=O)n2C,"CHEMBL429450",1172,Done,5.9,-5.31874,"glide_grid_1X70",-5.37874,-0.0848815,-0.572714,-0,-1.12964,-31.4327,-14.3216,0.314469,-0.18611,-66.8852,-45.7542,2.65645
CC(C)=CCn1c(N2CCC[C@@H]([NH3+])C2)nc2c1c(=O)n(Cc1[nH+]ccc3ccccc13)c(=O)n2C,"CHEMBL429450",1173,Done,6.61,-4.55229,"glide_grid_1X70",-5.93879,-0.0665579,-0.569039,-0,-1.16807,-32.1628,-17.8026,0.313253,-0.169837,-75.0575,-49.9655,4.27178
CCc1cc(CN2C[C@H]([NH3+])[C@H](C(=O)[C@@H]3CCC[C@H]3C#N)C2)cc(CC)c1C#N,"CHEMBL429482",1174,Done,8.88,-5.63756,"glide_grid_1X70",-6.06686,-0.865899,-0.474724,-0,-1.58151,-22.7969,-14.7186,0.376952,-0.17404,-61.411,-37.5155,2.22765
CCc1cc(C[N@H+]2C[C@H](N)[C@H](C(=O)[C@@H]3CCC[C@H]3C#N)C2)cc(CC)c1C#N,"CHEMBL429482",1175,Done,9.33,-5.77983,"glide_grid_1X70",-6.35663,-0.989567,-0.840058,-0,-1.3713,-26.482,-14.8088,0.538503,-0.148804,-51.8867,-41.2907,13.5774
CCc1cc(CN2C[C@H](N)[C@H](C(=O)[C@@H]3CCC[C@H]3C#N)C2)cc(CC)c1C#N,"CHEMBL429482",1176,Done,7.79,-2.38024,"glide_grid_1X70",-3.55464,-0.647617,-0.449043,-0,-0.954549,-31.1945,-2.20644,0.541074,-0.153816,-40.3186,-33.4009,4.16685
CC(C)Cn1c(C(F)(F)F)nc2c1CN(C(=O)C[C@H]([NH3+])Cc1cc(F)ccc1F)CC2,"CHEMBL429829",1177,Done,5.37,-8.36699,"glide_grid_1X70",-8.37869,-0.993241,-0.888881,-0,-1.9213,-33.567,-20.458,0.352924,-0.181141,-89.8143,-54.025,8.89341
CC(C)Cn1c(C(F)(F)F)nc2c1CN(C(=O)C[C@H](N)Cc1cc(F)ccc1F)CC2,"CHEMBL429829",1178,Done,4.82,-3.55433,"glide_grid_1X70",-5.88473,-1.26956,-0.532242,-0,-1.98084,-31.5604,-6.69215,0.506256,-0.0265028,-52.4634,-38.2525,2.51193
C[C@@H]1[NH2+][C@H](C(=O)N2CCC[C@H]2C#N)C[C@@H]1CC(=O)N(C)C,"CHEMBL430057",1182,Done,3.54,-5.54357,"glide_grid_1X70",-5.69487,-0.731538,-0.426983,-0,-1.78488,-30.192,-12.6918,0.849125,-0.187216,-63.9015,-42.8838,0.806346
N#C[C@@H]1CCCN1C(=O)C[NH2+]C1CCCCC1,"CHEMBL431425",1184,Done,3.7,-6.52956,"glide_grid_1X70",-6.69556,-0.675242,-0.433532,-0,-2.42573,-19.806,-17.1237,0.647278,-0.249474,-59.3691,-36.9296,3.84108
[NH3+][C@H](C(=O)N1C[C@H](F)[C@@H](F)C1)[C@H]1CC[C@H](NS(=O)(=O)c2ccc(OC(F)(F)F)cc2)CC1,"CHEMBL431885",1186,Done,6.17,-6.28773,"glide_grid_1X70",-6.60563,-0.771501,-0.40459,-0,-1.20492,-31.6905,-17.5007,0.420773,-0.435756,-71.4324,-49.1912,8.58793
N[C@H](C(=O)N1C[C@H](F)[C@@H](F)C1)[C@H]1CC[C@H](NS(=O)(=O)c2ccc(OC(F)(F)F)cc2)CC1,"CHEMBL431885",1187,Done,6.54,0.380112,"glide_grid_1X70",-0.140588,-0.305731,-0.443388,-0,2.91366,-29.1732,-7.42279,0.60339,-0.336443,-14.1243,-36.596,26.6598
N[C@@H](Cc1c[nH]c2ccccc12)C(=O)N1Cc2ccccc2C[C@H]1C(=O)N[C@@H](CO)C(=O)[O-],"CHEMBL432081",1188,Done,11.15,-2.08355,"glide_grid_1X70",-2.36055,-0.841404,-0.625036,-0,-0.475131,-7.93377,-3.7315,0.69439,-0.156957,-16.2885,-11.6653,7.04192
[NH3+][C@@H](Cc1c[nH]c2ccccc12)C(=O)N1Cc2ccccc2C[C@H]1C(=O)N[C@@H](CO)C(=O)[O-],"CHEMBL432081",1189,Done,10.72,-4.93849,"glide_grid_1X70",-5.52209,-1.6754,-0.789609,-0,0.135463,-38.9553,-10.1678,0.484097,-0.2037,-59.914,-49.1231,12.097
COc1ccc(NC(=O)O[C@H]2CCC[C@H]([C@H]([NH3+])C(=O)N3CCSC3)C2)cc1,"CHEMBL433533",1190,Done,8,-7.2493,"glide_grid_1X70",-7.5516,-1.59574,-0.429747,-0,-1.70493,-37.6636,-15.9688,0.615362,-0.158056,-87.6796,-53.6323,2.90167
COc1ccc(NC(=O)O[C@H]2CCC[C@H]([C@H](N)C(=O)N3CCSC3)C2)cc1,"CHEMBL433533",1191,Done,8.27,-3.4123,"glide_grid_1X70",-3.9558,-1.3615,-0.506755,-0,-0.20614,-33.3505,-6.76781,0.88314,-0.0818438,-43.0495,-40.1183,13.2496
[NH3+][C@@H](CC(=O)N1CCSC1)Cc1cc(F)ccc1F,"CHEMBL433572",1192,Done,3.58,-9.12343,"glide_grid_1X70",-9.13493,-1.17984,-0.870521,-0,-2.91078,-30.5202,-19.6271,0.462244,-0.165967,-88.473,-50.1473,5.46898
N[C@@H](CC(=O)N1CCSC1)Cc1cc(F)ccc1F,"CHEMBL433572",1193,Done,3.74,-2.97301,"glide_grid_1X70",-5.31351,-0.819929,-0.265027,-0,-2.29972,-25.5322,-8.52316,0.664402,-0.038159,-44.5066,-34.0553,3.75166
CS(=O)(=O)c1ccc(S(=O)(=O)N[C@H]2CC[C@@H]([C@H]([NH3+])C(=O)N3CCCC3)C2)cc1,"CHEMBL433732",1194,Done,8.21,-6.14531,"glide_grid_1X70",-6.38851,-0.915265,-0.506861,-0,-0.959743,-35.2169,-15.8761,0.450443,-0.314822,-78.7201,-51.093,4.27113
CS(=O)(=O)c1ccc(S(=O)(=O)N[C@H]2CC[C@@H]([C@H](N)C(=O)N3CCCC3)C2)cc1,"CHEMBL433732",1195,Done,9.24,-3.97187,"glide_grid_1X70",-4.61687,-1.02907,-0.237879,-0,-0.816111,-30.655,-9.62107,0.646228,-0.204124,-52.2762,-40.2761,3.90231
CC(C)[C@@H]([NH2+]C1CCCCC1)C(=O)N1CCC[C@H]1B(O)O,"CHEMBL434184",1196,Done,4.19,-4.52713,"glide_grid_1X70",-4.59783,-0.242962,-0.4,-0,-1.69367,-22.2744,-12.1464,0.830068,-0.155592,-47.3732,-34.4208,4.52363
CC(C)[C@@H](NC1CCCCC1)C(=O)N1CCC[C@H]1B(O)O,"CHEMBL434184",1197,Done,4.27,-2.95183,"glide_grid_1X70",-4.24643,-0.135376,-0.14208,-0,-1.50466,-22.074,-14.028,0.835011,-0.0914235,-37.4501,-36.102,15.1693
CC[C@H](C)[C@H]([NH3+])C(=O)N(C)CC,"CHEMBL434886",1198,Done,2.36,-5.66885,"glide_grid_1X70",-5.87565,-0.483959,-0.562972,-0,-2.75763,-16.2369,-14.6729,1.08654,-0.144853,-49.0057,-30.9098,3.67958
CC[C@H](C)[C@H](N)C(=O)N(C)CC,"CHEMBL434886",1199,Done,2.16,-2.94606,"glide_grid_1X70",-3.67006,-0.39055,-0.530761,-0,-2.23445,-18.2003,-7.04297,1.56706,-0.114896,-28.1019,-25.2433,5.05439
CCCNC(=O)[C@@H]1C[NH2+][C@H](C(=O)N2CCC[C@H]2C#N)C1,"CHEMBL434960",1200,Done,8.96,-6.62174,"glide_grid_1X70",-6.79504,-1.08827,-0.693007,-0,-1.80846,-27.4216,-18.7491,1.15591,-0.177772,-70.7575,-46.1707,7.62749
CCCNC(=O)[C@@H]1CN[C@H](C(=O)N2CCC[C@H]2C#N)C1,"CHEMBL434960",1201,Done,8.57,-2.83895,"glide_grid_1X70",-3.65175,-0.29617,-0.544541,-0,-1.50945,-25.6894,-6.53395,1.16319,-0.200225,-40.1078,-32.2233,7.16293
CN(C)C(=O)[C@@H]([C@H]1CC[C@H](c2ccc3ncnn3c2)CC1)[C@H](N)C(=O)N1CCC(F)(F)C1,"CHEMBL437557",1202,Done,4.09,-4.65603,"glide_grid_1X70",-4.96243,-0.693064,-0.336447,-0,-1.37879,-30.5579,-8.82765,0.497944,-0.200029,-46.8451,-39.3855,15.0142
CN(C)C(=O)[C@@H]([C@H]1CC[C@H](c2ccc3ncnn3c2)CC1)[C@H]([NH3+])C(=O)N1CCC(F)(F)C1,"CHEMBL437557",1203,Done,4.91,-7.31174,"glide_grid_1X70",-7.85534,-0.86799,-0.564461,-0,-1.63547,-33.6326,-21.507,0.347141,-0.226884,-86.1517,-55.1396,9.92753
C=C(C)C[C@@H]1C[NH2+][C@H](C(=O)N2CCC[C@H]2C#N)C1,"CHEMBL437570",1204,Done,5.35,-6.53732,"glide_grid_1X70",-6.68232,-0.583094,-0.972889,-0,-2.19372,-18.2984,-19.6497,1.13283,-0.20307,-55.7129,-37.9481,9.33658
CCCc1nsc(N2CCN(C(=O)[C@@H]3C[NH2+][C@H](C(=O)N4CCCC4)C3)CC2)n1,"CHEMBL437592",1206,Done,15.14,-6.73607,"glide_grid_1X70",-6.82977,-1.18369,-0.406791,-0,-1.63443,-36.1136,-13.8537,0.497447,-0.218568,-75.4817,-49.9674,2.95657
COc1ccccc1[C@@H]1CN(c2nc3c(cc2F)c(=O)c(C(=O)[O-])cn3C2CC2)C[C@@H]1[NH3+],"CHEMBL438309",1208,Done,3.62,-6.54704,"glide_grid_1X70",-6.57254,-0.957663,-0.707007,-0,-1.12136,-30.4141,-15.3022,0.21793,-0.188398,-64.4545,-45.7164,7.8726
COc1ccccc1[C@@H]1CN(c2nc3c(cc2F)c(=O)c(C(=O)O)cn3C2CC2)C[C@@H]1[NH3+],"CHEMBL438309",1209,Done,5.1,-3.76872,"glide_grid_1X70",-5.90162,-0.768142,-0.529752,-0,-1.11162,-30.056,-14.0942,0.289365,-0.164545,-64.2108,-44.1502,1.15279
COc1ccccc1[C@@H]1CN(c2nc3c(cc2F)c(=O)c(C(=O)[O-])cn3C2CC2)C[C@@H]1N,"CHEMBL438309",1210,Done,3.98,-0.662449,"glide_grid_1X70",-3.15605,-0.371456,-0.495251,-0,-0.426521,-31.4245,-3.36498,0.312631,-0.0994806,-42.503,-34.7895,3.24798
N#Cc1cc(CN2C[C@H]([NH3+])[C@H](C(=O)N3CCC[C@H]3C#N)C2)ccc1F,"CHEMBL438520",1211,Done,3.36,-6.31787,"glide_grid_1X70",-6.46047,-0.717923,-0.558493,-0,-1.81284,-31.2278,-13.9101,0.452894,-0.1762,-64.5265,-45.1379,10.7161
N#Cc1cc(C[N@@H+]2C[C@H](N)[C@H](C(=O)N3CCC[C@H]3C#N)C2)ccc1F,"CHEMBL438520",1212,Done,2.72,-2.50424,"glide_grid_1X70",-3.64944,-0.327519,-0.281022,-0,-1.21526,-26.3748,-6.77577,0.646991,-0.137524,-42.4702,-33.1505,6.72319
N#Cc1cc(CN2C[C@H](N)[C@H](C(=O)N3CCC[C@H]3C#N)C2)ccc1F,"CHEMBL438520",1213,Done,3.42,-1.37456,"glide_grid_1X70",-2.97046,-0.51788,-0.432782,-0,-1.52453,-3.10344,-6.15479,0.650383,-0.0672569,-13.5565,-9.25824,3.21162
C[C@H](c1nc(-c2ccc(Cl)cc2Cl)no1)[C@H](N)C(=O)N1CCCC1,"CHEMBL438992",1216,Done,3.58,-4.33658,"glide_grid_1X70",-4.55878,-0.817419,-0.567799,-0,-0.964918,-27.8663,-8.52552,0.565603,-0.102101,-44.9983,-36.3919,6.18689
C[C@H](c1nc(-c2ccc(Cl)cc2Cl)no1)[C@H]([NH3+])C(=O)N1CCCC1,"CHEMBL438992",1217,Done,3.41,-5.26331,"glide_grid_1X70",-5.95201,-1.00525,-0.667612,-0,-1.17979,-23.1355,-15.7671,0.562854,-0.140375,-64.4204,-38.9026,2.81617
Cc1cnc(N2CCN(C(=O)[C@@H]3C[NH2+][C@H](C(=O)N4CCCC4)C3)CC2)s1,"CHEMBL439067",1218,Done,6.05,-6.34075,"glide_grid_1X70",-6.44945,-0.933356,-0.389313,-0,-1.72017,-34.2871,-12.8883,0.473434,-0.232439,-70.5981,-47.1755,2.04691
Cc1c[nH+]c(N2CCN(C(=O)[C@@H]3C[NH2+][C@H](C(=O)N4CCCC4)C3)CC2)s1,"CHEMBL439067",1220,Done,5.97,-5.62494,"glide_grid_1X70",-7.77664,-0.929897,-0.525465,-0,-1.85539,-30.2834,-21.3485,0.471184,-0.22063,-79.2857,-51.6319,9.55524
C[C@@H]1C(=O)N[C@H](Cc2ccccc2F)CCN1C(=O)C[C@H]([NH3+])Cc1cc(F)c(F)cc1F,"CHEMBL439394",1221,Done,4.79,-8.89363,"glide_grid_1X70",-8.90373,-1.10185,-0.869054,-0,-2.19827,-34.3831,-21.1692,0.411648,-0.251671,-94.5239,-55.5523,8.68083
C[C@@H]1C(=O)N[C@H](Cc2ccccc2F)CCN1C(=O)C[C@H](N)Cc1cc(F)c(F)cc1F,"CHEMBL439394",1222,Done,5.04,-3.61593,"glide_grid_1X70",-6.03353,-1.09991,-0.569078,-0,-1.12792,-31.0655,-14.2387,0.590458,-0.137997,-51.8052,-45.3041,17.9831
CS(=O)(=O)NCCS(=O)(=O)N[C@@H]1CC[C@@H]([C@H]([NH3+])C(=O)N2CCCC2)C1,"CHEMBL439836",1223,Done,10.75,-6.91739,"glide_grid_1X70",-7.14569,-0.766981,-0.455292,-0,-1.76904,-32.8384,-19.9361,0.693671,-0.215705,-81.1474,-52.7745,9.99765
CS(=O)(=O)NCCS(=O)(=O)N[C@@H]1CC[C@@H]([C@H](N)C(=O)N2CCCC2)C1,"CHEMBL439836",1224,Done,10.76,-3.55769,"glide_grid_1X70",-4.23329,-0.823152,-0.231764,-0,-1.25167,-34.0504,-7.08476,0.995494,-0.156961,-48.7559,-41.1352,9.32152
[NH3+][C@H](C(=O)N1Cc2ccccc2C1)C1CCCCC1,"CHEMBL440021",1225,Done,2.16,-6.57701,"glide_grid_1X70",-6.84611,-0.974982,-0.718745,-0,-1.98482,-24.6493,-17.0304,0.788561,-0.169099,-65.7983,-41.6798,3.10157
N[C@H](C(=O)N1Cc2ccccc2C1)C1CCCCC1,"CHEMBL440021",1226,Done,2.16,-4.32641,"glide_grid_1X70",-4.92351,-1.31484,-0.302813,-0,-2.15497,-31.5609,-1.88352,0.793864,-0.0841763,-41.7746,-33.4444,3.74103
CC(=O)NCC[C@H]([NH3+])C(=O)N1CCCCC1,"CHEMBL440325",1227,Done,4.81,-7.78811,"glide_grid_1X70",-8.15551,-1.13369,-0.749889,-0,-2.93988,-23.0025,-19.4301,0.915189,-0.182597,-73.8414,-42.4326,2.90473
CC(=O)NCC[C@H](N)C(=O)N1CCCCC1,"CHEMBL440325",1228,Done,5.24,-4.70032,"glide_grid_1X70",-5.15772,-1.20267,-0.528152,-0,-2.50165,-20.0766,-7.76073,1.31725,-0.0745557,-36.2405,-27.8373,4.04347
N#Cc1ccc(C(=O)N[C@@H]2CN[C@H](C(=O)N3CCSC3)C2)cc1,"CHEMBL441559",1229,Done,6.82,-3.67113,"glide_grid_1X70",-3.67963,-0.873719,-0.400736,-0,-0.0924174,-37.7121,-7.07402,0.861411,-0.227466,-48.3219,-44.7861,5.68022
N#Cc1ccc(C(=O)N[C@@H]2C[NH2+][C@H](C(=O)N3CCSC3)C2)cc1,"CHEMBL441559",1230,Done,6.2,-4.38073,"glide_grid_1X70",-6.89823,-1.10985,-0.398943,-0,-2.10571,-36.6929,-12.1229,0.599749,-0.230394,-78.8044,-48.8159,2.2716
C[C@@H](c1ccc(-c2ccncc2)cc1)[C@H](N)C(=O)N1CC[C@H](F)C1,"CHEMBL442673",1231,Done,3.84,-3.36489,"glide_grid_1X70",-3.75849,-0.520869,-0.304,-0,-1.82117,-24.7186,-3.36411,0.700362,-0.0722668,-33.7477,-28.0827,6.93173
C[C@@H](c1ccc(-c2ccncc2)cc1)[C@H]([NH3+])C(=O)N1CC[C@H](F)C1,"CHEMBL442673",1232,Done,4.08,-7.3357,"glide_grid_1X70",-7.7713,-0.966069,-0.406312,-0,-2.60627,-33.8741,-16.0226,0.487599,-0.183148,-81.6893,-49.8967,3.62452
CCCC[C@H]([NH3+])C(=O)N1CCCC1,"CHEMBL442952",1233,Done,3.53,-6.72481,"glide_grid_1X70",-6.94351,-1.01057,-0.491783,-0,-3.10867,-20.9782,-14.0781,0.97333,-0.145191,-58.8037,-35.0563,2.65785
CCCC[C@H](N)C(=O)N1CCCC1,"CHEMBL442952",1234,Done,3.66,-3.693,"glide_grid_1X70",-4.3894,-0.789237,-0.570702,-0,-2.30855,-18.8236,-7.15784,1.40303,-0.109087,-31.223,-25.9815,4.70005
[NH3+][C@H](C(=O)N1CC[C@H](F)C1)C1CCCCC1,"CHEMBL443250",1235,Done,2.2,-7.1718,"glide_grid_1X70",-7.4138,-0.767376,-0.48874,-0,-3.02767,-27.0047,-15.3227,0.681308,-0.16268,-69.9741,-42.3274,3.79555
N[C@H](C(=O)N1CC[C@H](F)C1)C1CCCCC1,"CHEMBL443250",1236,Done,2.32,-4.1411,"glide_grid_1X70",-4.7885,-0.731731,-0.208253,-0,-2.82658,-27.1673,-3.83619,0.980596,-0.068741,-38.1708,-31.0035,5.10668
CCCC[C@H]1CN(c2ccc(Cl)c(C(F)(F)F)c2)CC[C@H]1[NH3+],"CHEMBL443316",1237,Done,4.44,-6.4624,"glide_grid_1X70",-6.4743,-0.902153,-0.487095,-0,-1.98109,-21.1469,-15.0292,0.351547,-0.143776,-57.6721,-36.1762,3.69413
CCCC[C@H]1CN(c2ccc(Cl)c(C(F)(F)F)c2)CC[C@H]1N,"CHEMBL443316",1238,Done,4.45,-0.771373,"glide_grid_1X70",-3.09337,-0.232292,-0.304,-0,-1.30973,-21.3757,-4.42896,0.504889,-0.0191056,-30.979,-25.8047,1.1684
NC(=O)C[C@H](N)C(=O)N1CCCC1,"CHEMBL443373",1239,Done,2.03,-5.47564,"glide_grid_1X70",-5.88464,-0.685567,-0.809011,-0,-2.56078,-21.8899,-9.55588,0.927501,-0.228896,-43.0712,-31.4458,4.35495
NC(=O)C[C@H]([NH3+])C(=O)N1CCCC1,"CHEMBL443373",1240,Done,1.9,-8.146,"glide_grid_1X70",-8.5583,-0.697759,-0.863621,-0,-3.08848,-21.2257,-21.0043,0.643463,-0.339963,-75.1255,-42.23,3.9839
C[C@H]([NH3+])C(=O)N1CCCC1,"CHEMBL443622",1241,Done,1.25,-7.25588,"glide_grid_1X70",-7.51938,-0.755675,-0.406561,-0,-3.20064,-20.0193,-13.3173,0,-0.157956,-58.398,-33.3366,2.07538
C[C@H](N)C(=O)N1CCCC1,"CHEMBL443622",1242,Done,1.26,-4.59353,"glide_grid_1X70",-5.20053,-0.773584,-0.311852,-0,-2.59424,-19.6574,-3.39935,0,-0.0280762,-31.2281,-23.0568,0.312247
CC[C@H](C)[C@H]([NH3+])C(=O)N1CC=CCC1,"CHEMBL444537",1243,Done,2.23,-7.24635,"glide_grid_1X70",-7.46245,-1.11247,-0.502019,-0,-3.09373,-23.424,-13.5214,0.584766,-0.13959,-62.8707,-36.9454,2.94223
CC[C@H](C)[C@H](N)C(=O)N1CC=CCC1,"CHEMBL444537",1244,Done,2.46,-4.12674,"glide_grid_1X70",-4.82924,-1.25054,-0.304,-0,-2.49808,-21.3235,-3.25832,0.842526,-0.0642335,-30.9422,-24.5818,3.68124
N#Cc1ccc(N[C@@H]2CN[C@@H](C(=O)N3CCC[C@H]3C#N)C2)cc1Cl,"CHEMBL445437",1245,Done,3.96,-4.44782,"glide_grid_1X70",-4.45472,-0.828249,-0.325383,-0,-1.39571,-29.0638,-6.64116,0.642258,-0.0982787,-44.3695,-35.705,5.63672
N#Cc1ccc(N[C@@H]2C[NH2+][C@@H](C(=O)N3CCC[C@H]3C#N)C2)cc1Cl,"CHEMBL445437",1246,Done,4.93,-3.48442,"glide_grid_1X70",-6.12612,-0.802051,-0.622372,-0,-1.55149,-31.3318,-13.0323,0.63893,-0.267702,-62.9555,-44.3641,5.60823
CC(C)[C@H]([NH3+])Cc1cc(F)c(F)cc1F,"CHEMBL445544",1247,Done,2.16,-8.39031,"glide_grid_1X70",-8.39211,-1.01355,-0.547657,-0,-3.71563,-22.1954,-14.3496,0.246933,-0.1,-66.0094,-36.545,2.88164
CC[C@H](C)[C@H]([NH3+])C(=O)N1CCCCCC1,"CHEMBL446007",1248,Done,4.66,-7.40918,"glide_grid_1X70",-7.60348,-1.31107,-0.428297,-0,-3.07966,-20.878,-14.0171,0.513106,-0.151091,-58.6067,-34.895,3.34588
CC[C@H](C)[C@H](N)C(=O)N1CCCCCC1,"CHEMBL446007",1249,Done,4.28,-4.0203,"glide_grid_1X70",-4.7753,-1.34527,-0.244233,-0,-2.43265,-18.3074,-3.45145,0.738865,-0.0589191,-28.0727,-21.7589,1.92458
CC(C)(CC(=O)N[C@@H]1C[C@H]1c1cccc(Cl)c1)[NH2+]CC(=O)N1C[C@@H](F)C[C@H]1C#N,"CHEMBL447393",1250,Done,7.98,-4.02771,"glide_grid_1X70",-4.36461,-0.943466,-0.38496,-0,-0.28906,-33.5493,-12.3909,1.00134,-0.212363,-56.2102,-45.9402,9.22973
CC(C)(C)[C@H]([NH3+])Cc1cc(F)c(F)cc1F,"CHEMBL450091",1252,Done,1.88,-8.17855,"glide_grid_1X70",-8.18005,-0.954956,-0.492929,-0,-3.65299,-22.4946,-13.8445,0.222226,-0.1,-64.0622,-36.3391,2.98884
[NH3+][C@H](Cc1cc(F)c(F)cc1F)C1CCCCC1,"CHEMBL450211",1253,Done,2.01,-7.78173,"glide_grid_1X70",-7.78383,-0.978125,-0.450945,-0,-3.42845,-24.8052,-14.2798,0.555913,-0.1,-67.1085,-39.085,2.92663
Cc1cc2ccccc2n1C[C@H](C)[NH2+]CC(=O)N1CCC[C@H]1C#N,"CHEMBL451319",1255,Done,5.46,-5.06635,"glide_grid_1X70",-5.71695,-0.782201,-0.463322,-0,-1.59625,-27.2351,-15.9164,1.06178,-0.187737,-63.6787,-43.1515,5.01664
[NH3+][C@H](Cc1cc(F)c(F)cc1F)C1CC[NH2+]CC1,"CHEMBL451619",1256,Done,1.85,-9.48694,"glide_grid_1X70",-9.49644,-0.940992,-0.460455,-0,-3.66825,-23.8842,-24.1528,0.548594,-0.158212,-90.287,-48.0369,5.37618
N[C@H](Cc1cc(F)c(F)cc1F)C1CC[NH2+]CC1,"CHEMBL451619",1257,Done,1.82,-4.18545,"glide_grid_1X70",-6.63675,-1.24947,-0.291107,-0,-3.07151,-23.2211,-10.5106,0.788959,-0.0759744,-49.0716,-33.7316,8.08907
N#C[C@@H]1C[C@H](F)CN1C(=O)C[NH2+][C@H]1[C@@H]2C[C@H]3C[C@@H](C2)C[C@@H]1C3,"CHEMBL451937",1258,Done,2.96,-6.34854,"glide_grid_1X70",-6.52334,-0.847294,-0.4,-0,-2.51267,-25.4458,-12.5887,0.590268,-0.193038,-58.8915,-38.0345,5.67786
N[C@@H](Cc1c[nH]c2ccccc12)C(=O)N1CCCC1,"CHEMBL452029",1260,Done,3.43,-5.75778,"glide_grid_1X70",-6.14418,-1.30396,-0.576,-0,-2.00255,-28.7126,-8.53239,0.532885,-0.0790672,-47.5758,-37.245,5.97738
[NH3+][C@@H](Cc1c[nH]c2ccccc12)C(=O)N1CCCC1,"CHEMBL452029",1261,Done,3.44,-7.62067,"glide_grid_1X70",-8.05667,-1.38524,-0.681774,-0,-2.27222,-24.1849,-18.8774,0.529313,-0.20589,-72.7642,-43.0623,2.83251
NC(=O)c1cccc(-c2ccc([C@H]([NH3+])Cc3cc(F)ccc3F)cc2)c1,"CHEMBL452289",1262,Done,4.14,-9.26027,"glide_grid_1X70",-9.39997,-1.2251,-0.762927,-0,-2.92114,-38.3905,-19.2772,0.428162,-0.107858,-100.134,-57.6677,5.18102
NC(=O)c1cccc(-c2ccc([C@H](N)Cc3cc(F)ccc3F)cc2)c1,"CHEMBL452289",1263,Done,4.18,-3.74772,"glide_grid_1X70",-4.67222,-0.944678,-0.62797,-0,-1.48974,-30.3453,-4.61124,0.614777,-0.0156537,-47.1964,-34.9565,2.9215
C[C@@H](c1ccc(-c2cccc(C(N)=O)c2)cc1)[C@H](N)C(=O)N1CC[C@H](F)C1,"CHEMBL452290",1264,Done,5.57,-5.9574,"glide_grid_1X70",-6.3474,-1.54255,-0.314742,-0,-2.12127,-37.3791,-6.91081,0.56509,-0.0283539,-62.3599,-44.29,1.61836
C[C@@H](c1ccc(-c2cccc(C(N)=O)c2)cc1)[C@H]([NH3+])C(=O)N1CC[C@H](F)C1,"CHEMBL452290",1265,Done,6.27,-8.02931,"glide_grid_1X70",-8.46141,-1.10653,-0.659483,-0,-2.37052,-34.4277,-18.5825,0.393642,-0.209757,-88.0411,-53.0102,3.10105
[NH3+][C@@H](CC(=O)N1CCCNC(=O)[C@H]1CC(F)(F)F)Cc1ccccc1F,"CHEMBL452297",1266,Done,8.29,-8.79399,"glide_grid_1X70",-8.80509,-1.12721,-1.09599,-0,-2.05811,-31.5242,-21.1258,0.478274,-0.256982,-89.5296,-52.65,7.97684
N[C@@H](CC(=O)N1CCCNC(=O)[C@H]1CC(F)(F)F)Cc1ccccc1F,"CHEMBL452297",1267,Done,9.32,-3.10847,"glide_grid_1X70",-5.46837,-1.22913,-0.576,-0,-1.41077,-29.5043,-8.98943,0.686536,-0.11538,-47.0586,-38.4937,9.16257
[NH3+][C@@H](CC(=O)N1N=CC[C@H]1C(=O)Oc1ccccc1)Cc1cc(F)c(F)cc1F,"CHEMBL452327",1268,Done,5.64,-8.51889,"glide_grid_1X70",-8.54229,-1.61863,-0.884739,-0,-1.82774,-36.9673,-18.1317,0.583387,-0.226461,-90.7701,-55.099,13.1445
N[C@@H](CC(=O)N1N=CC[C@H]1C(=O)Oc1ccccc1)Cc1cc(F)c(F)cc1F,"CHEMBL452327",1269,Done,5.17,-1.78129,"glide_grid_1X70",-3.70689,-1.1202,-0.449396,-0,-0.767364,-25.7221,-5.63908,0.837148,-0.0751102,-36.7945,-31.3611,7.93332
CC[C@H](C)[C@H]([NH3+])C(=O)N1CC=CCC1,"CHEMBL452470",1270,Done,2.23,-7.24635,"glide_grid_1X70",-7.46245,-1.11247,-0.502019,-0,-3.09373,-23.424,-13.5214,0.584766,-0.13959,-62.8707,-36.9454,2.94223
CC[C@H](C)[C@H](N)C(=O)N1CC=CCC1,"CHEMBL452470",1271,Done,2.46,-4.12674,"glide_grid_1X70",-4.82924,-1.25054,-0.304,-0,-2.49808,-21.3235,-3.25832,0.842526,-0.0642335,-30.9422,-24.5818,3.68124
C[C@@H]1C(=O)NCCCN1C(=O)C[C@H]([NH3+])Cc1ccccc1F,"CHEMBL452805",1272,Done,4.9,-8.75472,"glide_grid_1X70",-8.76472,-1.02595,-1.10082,-0,-2.17044,-27.1515,-23.0666,0.544748,-0.194705,-84.1841,-50.218,9.42556
C[C@@H]1C(=O)NCCCN1C(=O)C[C@H](N)Cc1ccccc1F,"CHEMBL452805",1273,Done,4.9,-3.44115,"glide_grid_1X70",-5.86435,-1.28748,-0.523211,-0,-2.04673,-31.658,-7.42783,0.782695,-0.0925447,-51.1589,-39.0858,6.45013
[NH3+][C@@H](CC(=O)N1N=CC[C@H]1C(=O)[O-])Cc1cc(F)c(F)cc1F,"CHEMBL452836",1274,Done,3.67,-9.37961,"glide_grid_1X70",-9.39441,-1.06034,-1.02762,-0,-3.00235,-30.009,-20.6809,0.485323,-0.186853,-90.2753,-50.6899,7.37364
N[C@@H](CC(=O)N1N=CC[C@H]1C(=O)[O-])Cc1cc(F)c(F)cc1F,"CHEMBL452836",1275,Done,3.61,-4.76355,"glide_grid_1X70",-6.95575,-1.20845,-0.87825,-0,-2.46622,-30.0941,-10.0478,0.697084,-0.0880378,-53.4124,-40.1419,10.76
N#Cc1cccnc1N1C[C@@H]2[C@H](C1)[C@H]2[NH2+]CC(=O)N1C[C@@H](F)C[C@H]1C#N,"CHEMBL452998",1276,Done,6.02,-7.08433,"glide_grid_1X70",-7.32293,-0.729307,-0.507915,-0,-2.69312,-32.8021,-14.0004,0.529842,-0.182264,-72.7603,-46.8026,11.5251
CC[C@@H](C)[C@H]([NH3+])C(=O)N1CCCC1,"CHEMBL453573",1278,Done,2.34,-7.00638,"glide_grid_1X70",-7.20198,-0.910699,-0.500001,-0,-3.10049,-19.3025,-14.8227,0.648887,-0.151152,-58.8798,-34.1252,1.72935
CC[C@@H](C)[C@H](N)C(=O)N1CCCC1,"CHEMBL453573",1279,Done,2.3,-3.43903,"glide_grid_1X70",-4.19073,-0.774796,-0.194461,-0,-2.56636,-21.6563,-3.07747,0.935356,-0.0460303,-29.807,-24.7338,3.48457
CC(C)C[C@H]([NH3+])C(=O)N1CCCC1,"CHEMBL453574",1280,Done,2.49,-7.00881,"glide_grid_1X70",-7.20441,-0.927197,-0.476533,-0,-3.0919,-20.2762,-14.5915,0.648887,-0.155143,-59.2172,-34.8676,2.82033
CC(C)C[C@H](N)C(=O)N1CCCC1,"CHEMBL453574",1281,Done,2.48,-3.69328,"glide_grid_1X70",-4.44498,-0.859744,-0.304,-0,-2.64215,-20.7459,-3.44461,0.935356,-0.0204545,-30.0867,-24.1905,3.23044
[NH3+][C@@H](Cc1ccccc1)C(=O)N1CCCC1,"CHEMBL453918",1282,Done,2.67,-7.43951,"glide_grid_1X70",-7.82981,-1.06777,-0.628801,-0,-2.78838,-22.994,-16.3557,0.489832,-0.23164,-65.5969,-39.3497,5.98072
N[C@@H](Cc1ccccc1)C(=O)N1CCCC1,"CHEMBL453918",1283,Done,2.58,-4.43388,"glide_grid_1X70",-4.86568,-1.09679,-0.319829,-0,-2.29805,-25.8366,-3.56756,0.705217,-0.0292641,-36.947,-29.4041,3.86912
CO[C@@]12C[C@@H]3C[C@@H](C[C@@]([NH2+]CC(=O)N4C[C@@H](F)C[C@H]4C#N)(C3)C1)C2,"CHEMBL454193",1284,Done,3.29,-5.89083,"glide_grid_1X70",-6.10123,-0.67848,-0.473465,-0,-1.76499,-17.684,-17.1003,0.467227,-0.202274,-52.9605,-34.7843,7.18313
[NH3+]CCCC[C@H]([NH3+])C(=O)N1CCSC1,"CHEMBL455298",1286,Done,7.21,-8.69119,"glide_grid_1X70",-9.07379,-0.937668,-0.634294,-0,-3.13863,-22.8001,-26.9603,0.97932,-0.202505,-89.8752,-49.7605,8.75169
N[C@@H](CCCC[NH3+])C(=O)N1CCSC1,"CHEMBL455298",1287,Done,7.14,-7.30577,"glide_grid_1X70",-7.74907,-1.06147,-0.837335,-0,-3.15853,-22.2557,-16.4394,0.986956,-0.1,-59.8694,-38.6951,9.17188
N#C[C@H]1C[C@@H](F)CN1C(=O)[C@@H](N)C(c1ccc(F)cc1)c1ccc(F)cc1,"CHEMBL456413",1288,Done,4.11,-4.23103,"glide_grid_1X70",-4.39903,-0.975812,-0.296126,-0,-1.68817,-29.8069,-3.87848,0.693095,-0.0599063,-42.5932,-33.6854,5.88948
N#C[C@H]1C[C@@H](F)CN1C(=O)[C@@H]([NH3+])C(c1ccc(F)cc1)c1ccc(F)cc1,"CHEMBL456413",1289,Done,4,-7.14117,"glide_grid_1X70",-7.96977,-1.08451,-0.465558,-0,-2.3969,-33.6159,-16.9974,0.482832,-0.275236,-81.6301,-50.6133,6.70793
CC1([NH2+]CC(=O)N2C[C@H](F)C[C@@H]2C#N)CCN(S(C)(=O)=O)CC1,"CHEMBL456419",1291,Done,4.46,-5.84184,"glide_grid_1X70",-6.94704,-0.840528,-0.4,-0,-2.49134,-21.8732,-16.7994,0.630426,-0.232031,-59.5687,-38.6726,8.04992
N#Cc1ccc(N[C@@H]2CN[C@@H](C(=O)N3CCC[C@H]3C#N)C2)cc1C#N,"CHEMBL456420",1292,Done,4.23,-4.57398,"glide_grid_1X70",-4.58088,-0.671567,-0.349205,-0,-1.47875,-31.2093,-7.22785,0.674726,-0.111442,-46.5126,-38.4371,5.11297
N#Cc1ccc(N[C@@H]2C[NH2+][C@@H](C(=O)N3CCC[C@H]3C#N)C2)cc1C#N,"CHEMBL456420",1293,Done,4.34,-4.47924,"glide_grid_1X70",-7.12094,-0.887634,-0.403238,-0,-2.2926,-33.3414,-14.2652,0.469798,-0.200412,-69.9706,-47.6066,6.20598
N[C@@H](CS)C(=O)N1CCCC1,"CHEMBL459159",1294,Done,1.85,-4.29339,"glide_grid_1X70",-4.58069,-0.810832,-0.358256,-0,-2.63609,-18.1435,-5.35119,1.02522,-0.0908756,-31.0896,-23.4947,1.4615
[NH3+][C@@H](CS)C(=O)N1CCCC1,"CHEMBL459159",1295,Done,1.86,-6.77716,"glide_grid_1X70",-7.45486,-0.846485,-0.535784,-0,-3.08738,-18.2342,-17.1714,0.710913,-0.208713,-62.0242,-35.4055,3.07584
[NH3+][C@@H](C[S-])C(=O)N1CCCC1,"CHEMBL459159",1296,Done,1.56,-5.45052,"glide_grid_1X70",-7.17562,-0.809331,-0.592177,-0,-3.17767,-18.8184,-12.5061,0.358826,-0.13844,-55.4425,-31.3245,1.79932
N[C@@H](C[S-])C(=O)N1CCCC1,"CHEMBL459159",1297,Done,1.61,-2.15206,"glide_grid_1X70",-4.81136,-0.784805,-0.456,-0,-2.6845,-19.9939,-2.54872,0.517493,-0.0215455,-29.7552,-22.5426,0.770165
CN(C)C(=O)[C@@H](c1ccc(C2=CN3N=CN[C@@H]3C=C2)cc1)[C@H]([NH3+])C(=O)N1CC[C@H](F)C1,"CHEMBL459357",1299,Done,3.12,-6.25584,"glide_grid_1X70",-7.13734,-0.936945,-0.677402,-0,-1.44495,-32.0036,-17.9081,0.543233,-0.334879,-74.7393,-49.9118,5.53908
CN(C)C(=O)[C@@H](c1ccc(C2=CN3[NH+]=CN[C@@H]3C=C2)cc1)[C@H](N)C(=O)N1CC[C@H](F)C1,"CHEMBL459357",1300,Done,4.04,-3.36935,"glide_grid_1X70",-4.62225,-0.13738,-0.52385,-0,-0.937518,-20.2197,-14.2846,0.543233,-0.413055,-47.8379,-34.5043,3.31302
CN(C)C(=O)[C@@H](c1ccc(C2=CN3[NH+]=CN[C@@H]3C=C2)cc1)[C@H]([NH3+])C(=O)N1CC[C@H](F)C1,"CHEMBL459357",1302,Done,3.18,-6.09111,"glide_grid_1X70",-7.83071,-0.9217,-0.593261,-0,-1.75284,-30.8458,-20.3814,0.378645,-0.342055,-76.7698,-51.2272,5.64169
CN(C)C(=O)[C@@H](c1ccc(C2=CN3NC=N[C@@H]3C=C2)cc1)[C@H]([NH3+])C(=O)N1CC[C@H](F)C1,"CHEMBL459357",1303,Done,3.12,-5.27173,"glide_grid_1X70",-7.42243,-0.996971,-0.785331,-0,-1.33945,-31.5316,-19.4483,0.543233,-0.350086,-73.659,-50.9799,5.06971
C[C@@H](O)[C@H]([NH3+])C(=O)N1CCCC1,"CHEMBL459438",1304,Done,2.04,-7.66716,"glide_grid_1X70",-7.84586,-0.873068,-0.792562,-0,-3.16437,-20.1921,-17.205,0.724655,-0.15017,-67.5304,-37.3971,2.29438
C[C@@H](O)[C@H](N)C(=O)N1CCCC1,"CHEMBL459438",1305,Done,1.96,-4.11282,"glide_grid_1X70",-4.91002,-0.880662,-0.288,-0,-2.61731,-21.26,-7.18898,1.04514,-0.0278308,-37.9564,-28.449,1.18675
CC(C)=CCN1C([C@@H]2CC[C@H]3[NH2+]CC[C@H]32)=N[C@@H]2[C@H]1C(=O)N(CC(=O)c1ccccc1)C(=O)N2C,"CHEMBL459591",1306,Done,5.47,-4.64137,"glide_grid_1X70",-4.64887,-0.571687,-0.264765,-0,-0.901224,-32.7629,-11.5541,0.560443,-0.100388,-58.3394,-44.3169,6.65045
CC(C)=CCN1C([C@@H]2CC[C@H]3[NH2+]CC[C@H]32)=[NH+][C@@H]2[C@H]1C(=O)N(CC(=O)c1ccccc1)C(=O)N2C,"CHEMBL459591",1307,Done,5.48,-0.505202,"glide_grid_1X70",-3.0977,-0.161846,-0.239534,-0,-0.459629,-17.5564,-11.2897,0.558233,-0.223652,-38.5965,-28.8461,4.3881
[NH3+][C@@H](CO)C(=O)N1CCCC1,"CHEMBL459641",1308,Done,2.04,-7.41083,"glide_grid_1X70",-7.72343,-0.851795,-0.794121,-0,-3.20083,-16.7775,-18.1777,0.831168,-0.142317,-63.1907,-34.9552,2.34598
N[C@@H](CO)C(=O)N1CCCC1,"CHEMBL459641",1309,Done,1.75,-3.98491,"glide_grid_1X70",-4.51331,-0.799042,-0.288,-0,-2.71883,-17.1099,-6.86011,1.19961,-0.0225423,-32.2051,-23.97,0.286977
[NH3+][C@@H](CCCCNC(=O)OCc1ccccc1)C(=O)N1CCCC1,"CHEMBL459642",1310,Done,14.46,-6.25292,"glide_grid_1X70",-6.48642,-1.05056,-0.492327,-0,-1.47142,-32.3863,-18.4123,1.06237,-0.153326,-72.6153,-50.7986,11.9602
N[C@@H](CCCCNC(=O)OCc1ccccc1)C(=O)N1CCCC1,"CHEMBL459642",1311,Done,14.04,-4.10291,"glide_grid_1X70",-4.76751,-1.50024,-0.277015,-0,-1.99198,-33.9541,-4.64664,1.52579,-0.129364,-43.5047,-38.6007,16.0695
[NH3+]CCC[C@H]([NH3+])C(=O)N1CCCC1,"CHEMBL459643",1312,Done,3.67,-8.09946,"glide_grid_1X70",-8.44186,-0.772141,-0.660689,-0,-3.32238,-18.0505,-23.3562,0.956266,-0.236959,-75.1424,-41.4067,9.40412
N[C@@H](CCC[NH3+])C(=O)N1CCCC1,"CHEMBL459643",1313,Done,3.97,-7.37027,"glide_grid_1X70",-7.86507,-1.33184,-0.534441,-0,-3.48427,-20.2284,-15.7862,0.964826,-0.1,-55.6608,-36.0146,10.3997
[NH3+][C@@H](CC(=O)N1N=CC[C@H]1C(=O)Nc1ccccc1)Cc1cc(F)c(F)cc1F,"CHEMBL459883",1314,Done,6.34,-8.72269,"glide_grid_1X70",-8.74039,-1.16267,-0.887271,-0,-2.42719,-34.8149,-19.4613,0.585943,-0.189265,-94.4294,-54.2762,6.63884
N[C@@H](CC(=O)N1N=CC[C@H]1C(=O)Nc1ccccc1)Cc1cc(F)c(F)cc1F,"CHEMBL459883",1315,Done,6.41,-4.95318,"glide_grid_1X70",-7.04178,-1.78854,-0.779577,-0,-2.00352,-36.8388,-9.24339,0.840825,-0.0825196,-62.8606,-46.0822,8.18322
C[C@H](N)/C(F)=C1\CCC[C@@H]1C#N,"CHEMBL460013",1316,Done,1.01,-3.32784,"glide_grid_1X70",-3.58494,-0.103888,-0.304,-0,-2.43879,-13.7212,-3.47499,0.543042,-0.0739976,-22.3635,-17.1961,0.272664
C[C@H]([NH3+])/C(F)=C1\CCC[C@@H]1C#N,"CHEMBL460013",1317,Done,1.06,-6.53392,"glide_grid_1X70",-7.15242,-0.869737,-0.455698,-0,-3.39741,-15.8143,-12.3966,0.376451,-0.155825,-51.227,-28.2109,0.133883
[NH3+][C@@H](CCCNC(=O)OCc1ccccc1)C(=O)N1CCCC1,"CHEMBL460065",1318,Done,12.42,-5.90885,"glide_grid_1X70",-6.16895,-1.1038,-0.637393,-0,-1.9062,-29.7103,-14.7799,1.45507,-0.274119,-65.8476,-44.4902,10.5887
N[C@@H](CCCNC(=O)OCc1ccccc1)C(=O)N1CCCC1,"CHEMBL460065",1319,Done,14.76,-4.04815,"glide_grid_1X70",-4.66115,-1.74357,-0.330485,-0,-0.747025,-39.4947,-7.98906,1.46317,-0.130146,-50.2861,-47.4837,15.8557
O=C(C[NH2+]C12C[C@H]3C[C@@H](C1)C[C@@H](C2)C3)N1CCC[C@H]1B(O)O,"CHEMBL460842",1320,Done,4.56,-5.0101,"glide_grid_1X70",-5.0787,-0.432632,-0.168605,-0,-2.09599,-16.0194,-12.4835,0.548347,-0.256331,-40.9231,-28.5029,7.98793
O=C(CNC12C[C@H]3C[C@@H](C1)C[C@@H](C2)C3)N1CCC[C@H]1B(O)O,"CHEMBL460842",1321,Done,4.83,-1.48836,"glide_grid_1X70",-2.80006,-0.628857,-0.115219,-0,-1.6535,-5.21521,-3.63861,0.551517,-0.147446,-3.63135,-8.85382,16.962
CC[C@H](C)[C@H]([NH3+])C(=O)N1CC[C@H](F)C1,"CHEMBL460886",1322,Done,2.26,-7.42013,"glide_grid_1X70",-7.65843,-0.782135,-0.509584,-0,-3.5064,-20.8225,-14.8596,0.556373,-0.146617,-62.8568,-35.6821,1.73434
CC[C@H](C)[C@H](N)C(=O)N1CC[C@H](F)C1,"CHEMBL460886",1323,Done,2.73,-4.06498,"glide_grid_1X70",-4.71988,-0.733959,-0.258917,-0,-2.89434,-20.8538,-3.39242,0.801444,-0.0825469,-31.8727,-24.2463,1.30302
CC[C@H](C)[C@H]([NH3+])C(=O)N1CC[C@@H](Cl)C1,"CHEMBL460887",1324,Done,2.39,-7.32792,"glide_grid_1X70",-7.58522,-0.91079,-0.510555,-0,-2.95669,-21.2312,-16.5419,0.488222,-0.152554,-63.8941,-37.7731,3.09357
CC[C@H](C)[C@H](N)C(=O)N1CC[C@@H](Cl)C1,"CHEMBL460887",1325,Done,2.35,-4.10083,"glide_grid_1X70",-4.71913,-1.18995,-0.205101,-0,-2.41944,-21.8218,-2.8951,0.702889,-0.0821769,-31.2233,-24.7169,2.90998
[NH3+][C@@H](CCCCNC(=O)OCc1ccccc1)C(=O)N1CCSC1,"CHEMBL461092",1326,Done,13.58,-6.60684,"glide_grid_1X70",-6.94684,-0.878027,-0.508652,-0,-2.12641,-37.1575,-16,0.967807,-0.143686,-83.4601,-53.1575,5.74594
N[C@@H](CCCCNC(=O)OCc1ccccc1)C(=O)N1CCSC1,"CHEMBL461092",1327,Done,11.6,-3.97413,"glide_grid_1X70",-4.46503,-1.00078,-0.539077,-0,-1.40244,-29.9572,-8.22547,1.38964,-0.1807,-47.0613,-38.1827,7.10554
[NH3+][C@@H](CC(=O)N1N=CC[C@H]1C(=O)NCc1ccccn1)Cc1cc(F)c(F)cc1F,"CHEMBL461112",1328,Done,8.66,-10.0527,"glide_grid_1X70",-10.0698,-1.67495,-1.12402,-0,-2.27355,-36.6046,-23.491,0.548715,-0.192134,-109.938,-60.0956,8.24679
N[C@@H](CC(=O)N1N=CC[C@H]1C(=O)NCc1ccccn1)Cc1cc(F)c(F)cc1F,"CHEMBL461112",1329,Done,6.56,-5.19176,"glide_grid_1X70",-7.30006,-1.60203,-1.06148,-0,-1.82359,-36.6414,-11.155,0.787287,-0.0949245,-67.3693,-47.7964,12.0883
CC[C@H](C)[C@H]([NH3+])C(=O)N1C[C@@H](F)C[C@H]1C#N,"CHEMBL461117",1330,Done,2.3,-6.77564,"glide_grid_1X70",-7.18104,-0.752212,-0.487593,-0,-3.25248,-20.9357,-14.3554,0.686519,-0.175185,-58.7964,-35.2911,6.32563
CC[C@H](C)[C@H](N)C(=O)N1C[C@@H](F)C[C@H]1C#N,"CHEMBL461117",1331,Done,2.3,-4.03094,"glide_grid_1X70",-4.44694,-0.652043,-0.354962,-0,-2.63081,-21.6537,-4.31291,0.988124,-0.0676168,-33.8523,-25.9667,3.22074
[NH3+][C@@H](CC(=O)N1N=CC[C@H]1C(=O)NCc1ccccc1)Cc1cc(F)c(F)cc1F,"CHEMBL461129",1332,Done,10.39,-9.83111,"glide_grid_1X70",-9.84841,-1.64058,-1.09449,-0,-2.26516,-38.7775,-21.8324,0.551054,-0.185488,-108.459,-60.61,7.83878
N[C@@H](CC(=O)N1N=CC[C@H]1C(=O)NCc1ccccc1)Cc1cc(F)c(F)cc1F,"CHEMBL461129",1333,Done,7.96,-5.6175,"glide_grid_1X70",-7.721,-1.78681,-1.05764,-0,-1.84624,-36.7861,-12.6068,0.79065,-0.0906327,-70.0797,-49.3929,11.2156
NC(=[NH2+])NCCC[C@H]([NH3+])C(=O)N1CCCC1,"CHEMBL461289",1334,Done,6.93,-5.40088,"glide_grid_1X70",-5.68608,-0.792796,-0.588624,-0,-2.78649,-21.1223,-19.2435,2.72507,-0.300608,-63.2218,-40.3657,7.00583
NC(=[NH2+])NCCC[C@H](N)C(=O)N1CCCC1,"CHEMBL461289",1335,Done,7.13,-1.77355,"glide_grid_1X70",-2.34365,-1.00051,-0.341137,-0,-2.85301,-20.5373,-5.9004,3.92214,-0.159204,-28.9213,-26.4377,8.21764
N/C(NCCC[C@H](NC(=O)OCc1ccccc1)C(=O)N1CCCC1)=[NH+]/C(=O)OCc1ccccc1,"CHEMBL461290",1336,Done,22.17,-4.96796,"glide_grid_1X70",-5.16976,-1.60781,-0.573526,-0,-0.317646,-1.07671,-22.39,1.07511,-0.333549,-36.7658,-23.4667,12.2187
[NH2+]=C(NCCC[C@H](NC(=O)OCc1ccccc1)C(=O)N1CCCC1)NC(=O)OCc1ccccc1,"CHEMBL461290",1337,Done,21.11,-5.38812,"glide_grid_1X70",-6.58002,-2.40036,-0.568614,-0,-0.562694,-42.4139,-11.5447,1.15781,-0.353759,-71.8319,-53.9586,18.8339
N/C(NC(=O)OCc1ccccc1)=[NH+]\CCC[C@H](NC(=O)OCc1ccccc1)C(=O)N1CCCC1,"CHEMBL461290",1338,Done,19.45,-3.99322,"glide_grid_1X70",-5.25142,-1.30539,-0.301241,-0,-0.898191,-34.8154,-11.7258,1.07511,-0.322072,-64.838,-46.5412,10.7657
[H]/N=C(\NCCC[C@H](NC(=O)OCc1ccccc1)C(=O)N1CCCC1)NC(=O)OCc1ccccc1,"CHEMBL461290",1339,Done,20.73,-3.0898,"glide_grid_1X70",-5.5172,-2.02219,-0.456024,-0,-0.563803,-34.3494,-10.793,1.16213,-0.300898,-61.5202,-45.1424,12.1622
[H]/N=C(/NCCC[C@H](NC(=O)OCc1ccccc1)C(=O)N1CCCC1)NC(=O)OCc1ccccc1,"CHEMBL461290",1340,Done,18.57,-4.01861,"glide_grid_1X70",-6.44601,-2.10493,-0.489188,-0,-0.653027,-48.4217,-11.2244,1.16213,-0.256252,-75.4779,-59.6461,20.1483
CC[C@H](C)[C@H]([NH3+])C(=O)N1CC=CC1,"CHEMBL461291",1341,Done,2.02,-6.92241,"glide_grid_1X70",-7.14621,-0.915826,-0.509159,-0,-3.12557,-21.0973,-13.7316,0.660693,-0.141736,-59.6244,-34.8289,1.80187
CC[C@H](C)[C@H](N)C(=O)N1CC=CC1,"CHEMBL461291",1342,Done,2.05,-3.58348,"glide_grid_1X70",-4.26878,-0.866211,-0.198932,-0,-2.5343,-22.8572,-2.85315,0.952456,-0.0509645,-31.2432,-25.7104,3.59835
CC[C@H](C)[C@H]([NH3+])C(=O)N1CCC1,"CHEMBL461496",1343,Done,2.29,-6.00988,"glide_grid_1X70",-6.20548,-0.644734,-0.536971,-0,-2.74508,-17.3835,-13.3994,0.738334,-0.137935,-47.7873,-30.7829,6.95512
CC[C@H](C)[C@H](N)C(=O)N1CCC1,"CHEMBL461496",1344,Done,2.03,-2.87864,"glide_grid_1X70",-3.63034,-0.411513,-0.513427,-0,-1.73739,-16.3772,-7.41663,1.06496,-0.101618,-25.3787,-23.7938,5.02935
[NH3+]CCCC[C@H]([NH3+])C(=O)N1CCCCC1,"CHEMBL461506",1345,Done,7.85,-8.75079,"glide_grid_1X70",-9.01529,-0.955337,-0.673221,-0,-3.39296,-15.9741,-28.3434,1.01026,-0.205329,-81.7415,-44.3175,7.8196
N[C@@H](CCCC[NH3+])C(=O)N1CCCCC1,"CHEMBL461506",1346,Done,8.89,-6.86123,"glide_grid_1X70",-7.47043,-1.21284,-0.83634,-0,-3.53597,-18.9372,-12.378,1.01827,-0.1,-48.0078,-31.3151,10.0379
[NH3+]CCCC[C@H]([NH3+])C(=O)N1CC[C@@H](O)C1,"CHEMBL461911",1347,Done,14.02,-8.077,"glide_grid_1X70",-8.3762,-0.814398,-0.509156,-0,-3.03933,-21.2255,-27.8674,1.24359,-0.195625,-87.0968,-49.0929,7.2784
N[C@@H](CCCC[NH3+])C(=O)N1CC[C@@H](O)C1,"CHEMBL461911",1348,Done,13.82,-4.85415,"glide_grid_1X70",-5.40595,-0.895323,-0.390883,-0,-2.59191,-23.587,-13.526,1.79052,-0.110108,-50.7666,-37.113,9.30119
N#C[C@@H]1CCCN1C(=O)[C@@H](N)CCCC[NH3+],"CHEMBL461912",1349,Done,9.21,-5.56981,"glide_grid_1X70",-5.95031,-0.193744,-0.505761,-0,-2.47362,-16.5218,-19.9968,1.16991,-0.121495,-54.6464,-36.5185,3.50854
N#C[C@@H]1CCCN1C(=O)[C@@H]([NH3+])CCCC[NH3+],"CHEMBL461912",1350,Done,9.44,-7.04587,"glide_grid_1X70",-7.49147,-0.83863,-0.456277,-0,-2.91712,-19.4012,-21.7762,1.16111,-0.204061,-72.016,-41.1774,7.25493
N#C[C@@H]1CCCCN1C(=O)[C@@H](N)CCCC[NH3+],"CHEMBL461913",1351,Done,11.43,-5.20207,"glide_grid_1X70",-5.58647,-0.81247,-0.419923,-0,-2.34095,-23.0991,-14.9017,1.50832,-0.131253,-43.2538,-38.0007,16.9108
N#C[C@@H]1CCCCN1C(=O)[C@@H]([NH3+])CCCC[NH3+],"CHEMBL461913",1352,Done,12.44,-7.92396,"glide_grid_1X70",-8.36526,-0.930257,-0.429516,-0,-3.11775,-18.635,-25.1812,1.04828,-0.227104,-69.2091,-43.8162,17.8729
[NH3+][C@@H](CC(=O)N1N=CC[C@H]1C(=O)NCc1nc2ccccc2[nH]1)Cc1cc(F)c(F)cc1F,"CHEMBL462564",1353,Done,7.98,-10.0864,"glide_grid_1X70",-10.1125,-1.58991,-1.03243,-0,-2.09135,-39.1999,-24.7745,0.46706,-0.189647,-114.484,-63.9745,8.36966
N[C@@H](CC(=O)N1N=CC[C@H]1C(=O)NCc1nc2ccccc2[nH]1)Cc1cc(F)c(F)cc1F,"CHEMBL462564",1354,Done,6.62,-1.71297,"glide_grid_1X70",-3.83027,-1.2616,-0.576,-0,0.308587,-33.4428,-8.29909,0.669902,-0.0541503,-40.5796,-41.7419,17.375
[NH3+][C@@H](CC(=O)N1N=CC[C@H]1C(=O)NCc1[nH]c2ccccc2[nH+]1)Cc1cc(F)c(F)cc1F,"CHEMBL462564",1355,Done,8.64,-7.48582,"glide_grid_1X70",-9.97162,-1.60873,-1.10875,-0,-2.00254,-37.2256,-24.4436,0.465199,-0.188986,-111.604,-61.6692,7.45676
CCOc1cccc([C@H]2C[C@@H]2NC(=O)CC(C)(C)[NH2+]CC(=O)N2C[C@@H](F)C[C@H]2C#N)c1,"CHEMBL462839",1356,Done,7.82,-3.27129,"glide_grid_1X70",-3.60819,-1.46051,-0.4,-0,0.203674,-29.4841,-8.95956,1.06817,-0.20138,-39.7409,-38.4437,23.9153
CC(C)(CC(=O)N[C@H]1C[C@@H]1c1cccc(OC(F)(F)F)c1)[NH2+]CC(=O)N1C[C@@H](F)C[C@H]1C#N,"CHEMBL463230",1358,Done,8.61,-6.31547,"glide_grid_1X70",-6.65237,-1.01986,-0.647987,-0,-1.405,-38.0007,-15.9576,0.90933,-0.195177,-79.808,-53.9583,10.9272
CC(C)(CC(=O)N[C@H]1C[C@@H]1c1cccc(Cl)c1)[NH2+]CC(=O)N1CC(F)(F)C[C@H]1C#N,"CHEMBL463231",1361,Done,6.48,-6.11493,"glide_grid_1X70",-6.53573,-1.35365,-0.463388,-0,-1.46191,-37.0908,-14.1936,0.928389,-0.201602,-76.3944,-51.2843,6.99433
CC(C)(CC(=O)N[C@H]1C[C@@H]1c1cccc(Cl)c1)[NH2+]CC(=O)N1CCC[C@H]1C#N,"CHEMBL463481",1364,Done,7.22,-5.50932,"glide_grid_1X70",-5.78972,-1.06316,-0.465624,-0,-1.22752,-36.3448,-13.8611,1.08328,-0.220292,-70.715,-50.2059,9.974
CC(C)(CC(=O)N[C@H]1C[C@@H]1c1cccc(F)c1)[NH2+]CC(=O)N1C[C@@H](F)C[C@H]1C#N,"CHEMBL464093",1368,Done,6.65,-6.23288,"glide_grid_1X70",-6.56978,-1.18298,-0.39503,-0,-1.78601,-36.4083,-14.8835,1.0759,-0.228725,-77.6642,-51.2917,7.3916
CC[C@H](C)[C@H]([NH3+])C(=O)N1Cc2ccc(F)cc2C1,"CHEMBL466590",1370,Done,2.21,-6.31162,"glide_grid_1X70",-6.57662,-0.635816,-0.714012,-0,-1.97903,-20.6382,-17.3239,0.554966,-0.172237,-58.4984,-37.962,4.1907
CC[C@H](C)[C@H](N)C(=O)N1Cc2ccc(F)cc2C1,"CHEMBL466590",1371,Done,2.08,-4.78712,"glide_grid_1X70",-5.39132,-0.916772,-0.572739,-0,-2.325,-18.037,-7.40878,0.558804,-0.122449,-33.0463,-25.4458,1.89524
[NH3+][C@@H](CC(=O)NC1(c2ccccn2)CCS(=O)(=O)CC1)Cc1ccccc1F,"CHEMBL469325",1372,Done,5.76,-9.63121,"glide_grid_1X70",-9.64141,-1.3821,-0.77147,-0,-1.84249,-35.974,-27.1634,0.499787,-0.346439,-102.61,-63.1374,16.792
N[C@@H](CC(=O)NC1(c2ccccn2)CCS(=O)(=O)CC1)Cc1ccccc1F,"CHEMBL469325",1373,Done,5.29,-3.85125,"glide_grid_1X70",-6.26265,-1.42451,-1.0018,-0,-1.32169,-35.0626,-9.44175,0.717183,-0.0624462,-58.5886,-44.5043,9.09945
CC(C)OCCC[NH2+]CC(=O)N1C[C@@H](F)C[C@H]1C#N,"CHEMBL469452",1374,Done,8,-5.22644,"glide_grid_1X70",-5.61904,-1.13269,-0.459484,-0,-2.08196,-26.7478,-17.999,2.36779,-0.275455,-64.0327,-44.7467,6.64617
[NH3+][C@@H](CC(=O)NC1(c2nc3c(Cl)cccc3s2)CCS(=O)(=O)CC1)Cc1ccccc1F,"CHEMBL469521",1376,Done,5.34,-7.21112,"glide_grid_1X70",-7.22262,-1.05668,-0.72,-0,-0.778264,-30.2988,-21.8642,0.346769,-0.219879,-86.2159,-52.163,5.40836
N[C@@H](CC(=O)NC1(c2nc3c(Cl)cccc3s2)CCS(=O)(=O)CC1)Cc1ccccc1F,"CHEMBL469521",1377,Done,4.95,-3.24975,"glide_grid_1X70",-5.59255,-1.35961,-0.716311,-0,-0.699131,-38.8116,-8.40527,0.497231,-0.113361,-59.8537,-47.2169,8.42134
Cc1ccc2nc(C3(NC(=O)C[C@H]([NH3+])Cc4ccccc4F)CCS(=O)(=O)CC3)sc2c1,"CHEMBL469522",1378,Done,4.41,-8.55613,"glide_grid_1X70",-8.56763,-1.2247,-0.773203,-0,-1.3288,-37.6309,-23.3898,0.374431,-0.225337,-98.1898,-61.0208,8.9384
Cc1ccc2nc(C3(NC(=O)C[C@H](N)Cc4ccccc4F)CCS(=O)(=O)CC3)sc2c1,"CHEMBL469522",1379,Done,4.63,-2.3795,"glide_grid_1X70",-4.7223,-1.44026,-0.29447,-0,-0.888603,-36.9911,-4.66067,0.536973,-0.0872887,-50.1789,-41.6518,11.637
[NH3+][C@@H](CC(=O)NC1(c2nccs2)CCS(=O)(=O)CC1)Cc1ccccc1F,"CHEMBL469538",1380,Done,6.79,-7.06254,"glide_grid_1X70",-7.07404,-1.262,-0.5364,-0,-1.73426,-37.2631,-13.1569,0.48669,-0.191371,-78.7846,-50.42,10.1349
N[C@@H](CC(=O)NC1(c2nccs2)CCS(=O)(=O)CC1)Cc1ccccc1F,"CHEMBL469538",1381,Done,6.91,-3.23763,"glide_grid_1X70",-5.58043,-0.977133,-0.573651,-0,-1.29436,-29.4207,-11.9511,0.698347,-0.169937,-53.8075,-41.3718,3.37699
N#C[C@@H]1C[C@H](F)CN1C(=O)C[NH2+][C@@]12C[C@@H]3C[C@@H](C[C@@](O)(C3)C1)C2,"CHEMBL469659",1382,Done,4.21,-6.04223,"glide_grid_1X70",-6.23013,-0.368869,-0.913082,-0,-2.01104,-12.553,-17.3827,0.503745,-0.20583,-49.3978,-29.9356,10.3744
N#C[C@@H]1C[C@H](F)CN1C(=O)CN[C@@]12C[C@@H]3C[C@@H](C[C@@](O)(C3)C1)C2,"CHEMBL469659",1383,Done,6.4,-2.54834,"glide_grid_1X70",-3.32024,-0.625971,-0.341199,-0,-2.12152,-5.94391,-4.26958,0.723619,-0.0175343,-6.03061,-10.2135,21.0629
N#C[C@@H]1C[C@H](F)CN1C(=O)C[NH2+][C@H]1[C@@H]2C[C@@H]3C[C@H]1C[C@@](O)(C3)C2,"CHEMBL469660",1384,Done,3.6,-6.75619,"glide_grid_1X70",-6.92279,-0.858146,-0.636434,-0,-2.40214,-26.3471,-14.9113,0.719636,-0.191654,-65.641,-41.2584,5.23888
N#C[C@@H]1C[C@H](F)CN1C(=O)CN[C@H]1[C@@H]2C[C@@H]3C[C@H]1C[C@@](O)(C3)C2,"CHEMBL469660",1385,Done,3.48,-4.09971,"glide_grid_1X70",-4.93291,-0.944192,-0.304,-0,-2.60768,-23.7001,-4.10434,0.723619,0,-36.725,-27.8045,3.61225
[NH3+][C@@H](CC(=O)NC1(c2nc3ccc(Cl)cc3s2)CCS(=O)(=O)CC1)Cc1ccccc1F,"CHEMBL469730",1386,Done,4.85,-9.0666,"glide_grid_1X70",-9.0781,-1.58621,-0.80618,-0,-1.24155,-38.9354,-23.9201,0.346769,-0.256136,-103.003,-62.8555,11.2368
N[C@@H](CC(=O)NC1(c2nc3ccc(Cl)cc3s2)CCS(=O)(=O)CC1)Cc1ccccc1F,"CHEMBL469730",1387,Done,4.86,-3.2739,"glide_grid_1X70",-5.6167,-1.67576,-0.586957,-0,-0.753003,-37.7036,-7.13725,0.497231,-0.142447,-56.1568,-44.8409,12.1645
Cc1cccc2sc(C3(NC(=O)C[C@H]([NH3+])Cc4ccccc4F)CCS(=O)(=O)CC3)nc12,"CHEMBL469740",1388,Done,5.73,-9.45523,"glide_grid_1X70",-9.46673,-1.7242,-0.789776,-0,-1.41014,-39.8081,-24.9,0.374431,-0.191628,-106.323,-64.7082,13.3987
Cc1cccc2sc(C3(NC(=O)C[C@H](N)Cc4ccccc4F)CCS(=O)(=O)CC3)nc12,"CHEMBL469740",1389,Done,4.97,-3.50431,"glide_grid_1X70",-5.84711,-1.27018,-0.731198,-0,-0.490557,-39.8241,-11.8207,0.536973,-0.127849,-62.4365,-51.6447,16.9446
CC[C@H](C)[C@H]([NH3+])C(=O)N1Cc2ccccc2C1,"CHEMBL469890",1390,Done,2.11,-6.48211,"glide_grid_1X70",-6.74711,-1.21929,-0.4,-0,-2.46634,-26.0974,-11.9089,0.630018,-0.200285,-58.0231,-38.0063,6.41199
CC[C@H](C)[C@H](N)C(=O)N1Cc2ccccc2C1,"CHEMBL469890",1391,Done,2.17,-4.4362,"glide_grid_1X70",-5.0404,-1.37075,-0.304,-0,-2.36177,-25.6503,-1.76266,0.634671,-0.091631,-34.6466,-27.413,2.12964
[NH3+][C@@H](CC(=O)N1N=CC[C@H]1C(=O)NCc1ccc(C(=O)[O-])cc1)Cc1cc(F)c(F)cc1F,"CHEMBL470118",1392,Done,6.46,-9.87525,"glide_grid_1X70",-9.89255,-1.32373,-1.22273,-0,-2.17925,-38.0294,-24.0595,0.527538,-0.183985,-111.27,-62.0888,10.3315
N[C@@H](CC(=O)N1N=CC[C@H]1C(=O)NCc1ccc(C(=O)[O-])cc1)Cc1cc(F)c(F)cc1F,"CHEMBL470118",1393,Done,7.6,-1.27407,"glide_grid_1X70",-3.37757,-1.061,-0.347414,-0,-0.58311,-33.0165,-2.40799,0.756628,-0.130656,-41.9679,-35.4245,12.914
[NH3+][C@@H](CC(=O)NC1(c2ccccc2)CCOCC1)Cc1ccccc1F,"CHEMBL470170",1394,Done,7.29,-8.50055,"glide_grid_1X70",-8.51085,-1.45692,-0.886083,-0,-2.04359,-33.1265,-19.5537,0.629324,-0.164201,-88.8039,-52.6802,6.70985
N[C@@H](CC(=O)NC1(c2ccccc2)CCOCC1)Cc1ccccc1F,"CHEMBL470170",1395,Done,6.72,-2.80342,"glide_grid_1X70",-5.21062,-1.33966,-0.576,-0,-1.3886,-26.8812,-9.45197,0.903568,-0.0480739,-41.9784,-36.3332,13.3807
[NH3+][C@@H](CC(=O)NC1(c2ccccc2)CCSCC1)Cc1ccccc1F,"CHEMBL470171",1396,Done,7.98,-8.54479,"glide_grid_1X70",-8.55499,-1.56599,-0.858999,-0,-2.04056,-34.0658,-18.7219,0.581818,-0.159674,-90.9513,-52.7878,5.66356
N[C@@H](CC(=O)NC1(c2ccccc2)CCSCC1)Cc1ccccc1F,"CHEMBL470171",1397,Done,7.64,-2.11203,"glide_grid_1X70",-4.52163,-1.16069,-0.290188,-0,-1.27834,-31.5391,-6.72831,0.835196,-0.0414032,-47.1865,-38.2674,5.4892
N#C[C@@H]1C[C@H](F)CN1C(=O)C[NH2+]C1CC1,"CHEMBL470330",1398,Done,2.29,-6.25768,"glide_grid_1X70",-6.42438,-0.721196,-0.4,-0,-3.14011,-21.4222,-13.3635,1.10907,-0.196496,-56.7029,-34.7858,3.22783
N#C[C@@H]1C[C@H](F)CN1C(=O)C[NH2+]C1CCC1,"CHEMBL470476",1401,Done,3.39,-5.14563,"glide_grid_1X70",-6.50703,-0.717375,-0.4,-0,-3.05606,-22.6798,-13.3715,0.995592,-0.189467,-57.9453,-36.0513,4.77419
N#C[C@@H]1C[C@H](F)CN1C(=O)C[NH2+]C1CCCC1,"CHEMBL470477",1402,Done,4.94,-6.23475,"glide_grid_1X70",-6.43015,-0.721022,-0.39583,-0,-2.94923,-23.9042,-12.4921,0.898836,-0.193878,-58.3387,-36.3963,3.44591
N#C[C@@H]1C[C@H](F)CN1C(=O)C[NH2+]C1CCCCCCC1,"CHEMBL470681",1404,Done,14.24,-6.7352,"glide_grid_1X70",-6.9098,-0.89709,-0.413716,-0,-2.17129,-21.0858,-17.382,0.476502,-0.242616,-60.7835,-38.4678,6.66039
CC(C)CN(CC(C)(C)[NH2+]CC(=O)N1C[C@@H](F)C[C@H]1C#N)C(=O)c1ccccc1,"CHEMBL470893",1406,Done,7.49,-4.32521,"glide_grid_1X70",-4.68731,-0.82024,-0.392362,-0,-1.02287,-26.8197,-12.4428,0.964688,-0.209121,-49.6508,-39.2625,14.4142
CC(C)([NH2+]CC(=O)N1C[C@@H](F)C[C@H]1C#N)c1ccco1,"CHEMBL471089",1410,Done,4.12,-6.24887,"glide_grid_1X70",-6.49737,-0.721398,-0.497111,-0,-2.67882,-24.7082,-13.8945,0.919239,-0.199687,-61.9913,-38.6027,3.65956
N#C[C@@H]1CCCN1C(=O)[C@@H]([NH3+])CCCCNC(=O)OCc1ccccc1,"CHEMBL471544",1412,Done,9.49,-6.59415,"glide_grid_1X70",-6.99245,-0.515321,-0.994401,-0,-1.48756,-30.1923,-21.1894,1.03849,-0.345625,-78.4545,-51.3818,9.44261
N#C[C@@H]1CCCN1C(=O)[C@@H](N)CCCCNC(=O)OCc1ccccc1,"CHEMBL471544",1413,Done,8.03,-2.18924,"glide_grid_1X70",-2.61264,-0.665886,-0.304,-0,-1.16165,-31.2179,-1.92817,1.491,-0.121991,-37.1904,-33.146,5.17451
[NH3+][C@@H](CC(=O)NC1(c2ccccc2)CCN(Cc2ccccc2)CC1)Cc1ccccc1F,"CHEMBL471633",1414,Done,7.21,-7.97075,"glide_grid_1X70",-8.09285,-1.87526,-0.64781,-0,-1.31305,-41.9702,-17.0428,0.562085,-0.163889,-94.2414,-59.0129,8.52515
[NH3+][C@@H](CC(=O)NC1(c2ccccc2)CC[NH+](Cc2ccccc2)CC1)Cc1ccccc1F,"CHEMBL471633",1415,Done,6.59,-7.62336,"glide_grid_1X70",-8.67836,-1.40274,-0.841945,-0,-1.34446,-36.8803,-24.1333,0.559787,-0.18498,-101.908,-61.0136,7.42211
N[C@@H](CC(=O)NC1(c2ccccc2)CCN(Cc2ccccc2)CC1)Cc1ccccc1F,"CHEMBL471633",1416,Done,6.73,-1.92753,"glide_grid_1X70",-4.44003,-1.39743,-0.576,-0,-0.741169,-30.5635,-6.11614,0.806282,-0.0861201,-45.154,-36.6796,6.75215
CNC(=O)c1ccc(N2C[C@@H]3[C@H](C2)[C@H]3[NH2+]CC(=O)N2C[C@@H](F)C[C@H]2C#N)cc1,"CHEMBL471784",1417,Done,3.53,-7.88825,"glide_grid_1X70",-8.12455,-1.05166,-0.691938,-0,-2.42493,-37.4105,-16.0829,0.547391,-0.220448,-86.811,-53.4935,10.5542
N#C[C@@H]1C[C@H](F)CN1C(=O)C[NH2+][C@H]1[C@@H]2CN(c3ccc(C(=O)NC4CC4)cc3)C[C@@H]21,"CHEMBL471785",1419,Done,4.07,-6.61497,"glide_grid_1X70",-6.85127,-0.904781,-0.577821,-0,-1.87319,-35.7079,-15.6067,0.927204,-0.296272,-77.6032,-51.3147,5.84851
[NH3+][C@@H](CC(=O)NC1(Cc2ccccc2)CCN(Cc2ccccc2)CC1)Cc1ccccc1F,"CHEMBL471841",1421,Done,10.79,-5.08205,"glide_grid_1X70",-5.43045,-1.35176,-0.4,-0,-0.750492,-38.6104,-11.2896,0.853928,-0.158164,-66.5018,-49.9,14.4033
[NH3+][C@@H](CC(=O)NC1(Cc2ccccc2)CC[NH+](Cc2ccccc2)CC1)Cc1ccccc1F,"CHEMBL471841",1422,Done,8.94,-7.60777,"glide_grid_1X70",-8.11037,-1.10422,-0.87689,-0,-1.27373,-35.919,-23.1519,0.595374,-0.182178,-96.2893,-59.0708,8.07275
C[NH+]1CCC(NC(=O)C[C@H]([NH3+])Cc2ccccc2F)(c2ccccc2)CC1,"CHEMBL471842",1423,Done,7.6,-8.79536,"glide_grid_1X70",-8.86376,-1.41399,-0.752948,-0,-1.96876,-32.6204,-23.3047,0.587479,-0.188817,-96.1124,-55.9251,6.25408
CN1CCC(NC(=O)C[C@H]([NH3+])Cc2ccccc2F)(c2ccccc2)CC1,"CHEMBL471842",1424,Done,7.16,-6.90179,"glide_grid_1X70",-8.33209,-1.42452,-0.805432,-0,-1.91135,-29.3138,-20.9596,0.59034,-0.171516,-86.4801,-50.2734,5.65229
C[NH+]1CCC(NC(=O)C[C@H](N)Cc2ccccc2F)(c2ccccc2)CC1,"CHEMBL471842",1425,Done,7.15,-3.04101,"glide_grid_1X70",-5.42101,-1.2251,-0.318974,-0,-1.90173,-26.1286,-9.25248,0.843342,-0.124251,-49.4143,-35.3811,6.04552
[NH3+][C@H](Cc1cc(F)ccc1F)c1ccc(-c2ccncc2)cc1,"CHEMBL471936",1426,Done,3.22,-8.23628,"glide_grid_1X70",-8.33168,-1.34432,-0.518829,-0,-2.99331,-34.364,-14.6177,0.535633,-0.1,-84.0959,-48.9817,2.6218
N[C@H](Cc1cc(F)ccc1F)c1ccc(-c2ccncc2)cc1,"CHEMBL471936",1427,Done,2.46,-2.93552,"glide_grid_1X70",-4.07222,-0.926472,-0.365964,-0,-1.77574,-28.9283,-2.16411,0.769561,-0.00257173,-38.8453,-31.0924,3.25301
N#C[C@@H]1C[C@H](F)CN1C(=O)C[NH2+][C@H]1[C@@H]2CN(c3ccc(Cl)cn3)C[C@@H]21,"CHEMBL471956",1428,Done,5.02,-7.0246,"glide_grid_1X70",-7.2632,-0.919186,-0.4,-0,-2.26486,-37.2882,-15.6198,0.722375,-0.194139,-80.7784,-52.9081,9.50108
N#Cc1ccccc1N1C[C@@H]2[C@H](C1)[C@H]2[NH2+]CC(=O)N1C[C@@H](F)C[C@H]1C#N,"CHEMBL471960",1430,Done,6.24,-6.80284,"glide_grid_1X70",-7.03914,-0.853454,-0.349894,-0,-2.33293,-31.634,-16.7722,0.760678,-0.166018,-71.8871,-48.4062,12.5377
[NH3+][C@@H](CC(=O)NC1(c2nc3ccccc3s2)CCS(=O)(=O)CC1)Cc1cc(F)c(F)cc1F,"CHEMBL472027",1432,Done,4.97,-9.34867,"glide_grid_1X70",-9.36017,-1.38267,-0.831586,-0,-1.87269,-41.2251,-22.6546,0.344814,-0.15859,-109.248,-63.8797,8.9179
N[C@@H](CC(=O)NC1(c2nc3ccccc3s2)CCS(=O)(=O)CC1)Cc1cc(F)c(F)cc1F,"CHEMBL472027",1433,Done,4.66,-3.83363,"glide_grid_1X70",-6.17643,-1.52892,-0.488603,-0,-1.31459,-38.7492,-8.35556,0.494422,-0.147948,-61.5401,-47.1048,9.60119
CC(C)(CO)[NH2+]CC(=O)N1C[C@@H](F)C[C@H]1C#N,"CHEMBL472096",1434,Done,8.59,-6.82362,"glide_grid_1X70",-6.88972,-0.721732,-0.557985,-0,-2.92402,-22.4053,-18.845,1.45653,-0.195488,-66.1577,-41.2504,7.78193
CC(C)(CO)NCC(=O)N1C[C@@H](F)C[C@H]1C#N,"CHEMBL472096",1435,Done,9.63,-3.41399,"glide_grid_1X70",-4.74619,-0.822743,-0.430788,-0,-2.33327,-21.4611,-9.93226,1.46686,-0.0633451,-38.5559,-31.3934,10.9421
CC(C)([NH2+]CC(=O)N1C[C@@H](F)C[C@H]1C#N)c1cc2ccccc2o1,"CHEMBL472100",1436,Done,3.52,-6.19012,"glide_grid_1X70",-6.43862,-0.855923,-0.374946,-0,-2.28963,-31.6377,-12.1369,0.689236,-0.204936,-65.3485,-43.7746,9.20327
COc1ccc(CC[NH2+]CC(=O)N2C[C@@H](F)C[C@H]2C#N)cc1OC,"CHEMBL472101",1438,Done,5.45,-6.11587,"glide_grid_1X70",-6.52107,-0.897621,-0.4,-0,-2.28946,-32.461,-14.1357,1.00143,-0.192007,-70.9417,-46.5967,4.79759
CC(C)[NH2+]CC(=O)N1C[C@@H](F)C[C@H]1C#N,"CHEMBL472102",1440,Done,2.17,-6.14264,"glide_grid_1X70",-6.30934,-0.695686,-0.4,-0,-3.12217,-22.7577,-12.3635,1.09158,-0.19067,-55.5109,-35.1211,4.50614
[NH3+][C@H](Cc1cc(F)ccc1F)c1ccc(-c2ccncc2Cl)cc1,"CHEMBL472123",1442,Done,3.29,-7.87205,"glide_grid_1X70",-8.01645,-1.08981,-0.560513,-0,-2.4476,-35.0917,-16.7264,0.445014,-0.1,-85.4107,-51.8181,4.2156
N[C@H](Cc1cc(F)ccc1F)c1ccc(-c2ccncc2Cl)cc1,"CHEMBL472123",1443,Done,2.52,-3.13398,"glide_grid_1X70",-4.04128,-0.883329,-0.405809,-0,-1.44226,-29.8558,-3.02001,0.639038,-0.00313687,-40.8956,-32.8758,3.32571
C[C@@H](c1ccc(Br)cc1)[C@H](N)C(=O)N1CC[C@H](F)C1,"CHEMBL472124",1444,Done,2.47,-4.72198,"glide_grid_1X70",-5.11198,-0.846464,-0.241644,-0,-2.11084,-32.184,-3.84689,0.346783,-0.0735808,-46.0035,-36.0309,3.54225
C[C@@H](c1ccc(Br)cc1)[C@H]([NH3+])C(=O)N1CC[C@H](F)C1,"CHEMBL472124",1445,Done,2.61,-7.01929,"glide_grid_1X70",-7.45139,-0.79541,-0.400301,-0,-2.62487,-31.5133,-14.0825,0.24144,-0.18421,-73.5771,-45.5958,4.32842
CC(C)(CC(=O)N[C@H]1C[C@@H]1c1cccnc1)[NH2+]CC(=O)N1C[C@@H](F)C[C@H]1C#N,"CHEMBL472797",1446,Done,7.32,-5.6634,"glide_grid_1X70",-5.9925,-1.02112,-0.380427,-0,-1.44376,-33.4173,-16.0336,1.16208,-0.233363,-66.2357,-49.4509,18.548
CC(C)(CC(=O)N[C@H]1C[C@@H]1c1cc(F)cc(F)c1)[NH2+]CC(=O)N1CCC[C@H]1C#N,"CHEMBL472976",1448,Done,5.87,-5.60943,"glide_grid_1X70",-5.88983,-0.898596,-0.579638,-0,-1.09699,-35.7698,-15.4789,1.0759,-0.280185,-71.0211,-51.2487,6.74699
CC(C)(CC(=O)N[C@H]1C[C@@H]1c1cc(F)cc(F)c1)NCC(=O)N1CCC[C@H]1C#N,"CHEMBL472976",1449,Done,7.93,-4.63671,"glide_grid_1X70",-5.21461,-1.05947,-0.567058,-0,-1.61418,-20.5331,-11.8274,1.08073,-0.253861,-41.1669,-32.3606,12.9848
CC(C)(CC(=O)N[C@H]1C[C@@H]1c1ccc(F)c(F)c1)[NH2+]CC(=O)N1CCC[C@H]1C#N,"CHEMBL472977",1450,Done,6.09,-5.34566,"glide_grid_1X70",-5.62606,-1.0778,-0.40515,-0,-1.16231,-35.8924,-13.398,1.0759,-0.252393,-70.2229,-49.2903,6.40983
CC(C)(CC(=O)N[C@H]1C[C@@H]1c1ccc(F)c(F)c1)NCC(=O)N1CCC[C@H]1C#N,"CHEMBL472977",1451,Done,7.17,10000.6,"glide_grid_1X70",10000,-1.08129,-0.188384,-0,-1.16069,42.4807,-8.28839,1.08073,-0.193795,10000,34.1923,13.3054
O=C([C@@H]1C[C@H]([NH+]2CCN(c3ncccn3)CC2)CN1)N1C[C@@H](F)[C@H](F)C1,"CHEMBL472992",1452,Done,6.65,-5.05568,"glide_grid_1X70",-5.32048,-0.93479,-0.109752,-0,-1.66261,-30.1189,-10.1457,0.570641,-0.156172,-58.0323,-40.2645,1.55545
O=C([C@@H]1C[C@H](N2CCN(c3ncccn3)CC2)C[NH2+]1)N1C[C@@H](F)[C@H](F)C1,"CHEMBL472992",1453,Done,5.62,-6.5558,"glide_grid_1X70",-7.304,-0.793658,-0.447496,-0,-2.68889,-29.4815,-14.0663,0.399448,-0.189393,-67.6359,-43.5478,3.06137
O=C([C@@H]1C[C@H]([NH+]2CCN(c3ncccn3)CC2)CN1)N1CCC1,"CHEMBL472993",1455,Done,7.51,-4.29659,"glide_grid_1X70",-4.62129,-0.60232,-0.0989128,-0,-1.55812,-32.0817,-9.33154,0.739681,-0.0978081,-52.6285,-41.4132,3.88619
O=C([C@@H]1C[C@H](N2CCN(c3ncccn3)CC2)C[NH2+]1)N1CCC1,"CHEMBL472993",1456,Done,7.52,-4.82707,"glide_grid_1X70",-5.43207,-0.599833,-0.281444,-0,-1.65929,-31.6659,-11.1734,0.517777,-0.149974,-61.6778,-42.8393,0.932022
O=C([C@@H]1C[C@@H](N2CCN(c3ncccn3)CC2)C[NH2+]1)N1CCC(F)(F)C1,"CHEMBL472995",1459,Done,5.91,-6.70541,"glide_grid_1X70",-7.45091,-0.816602,-0.456879,-0,-2.21466,-33.4752,-16.6109,0.399448,-0.196822,-80.0928,-50.0861,2.90403
CC(C)(CC(=O)N[C@H]1C[C@@H]1c1ccccc1)NCC(=O)N1CCC[C@H]1C#N,"CHEMBL473166",1462,Done,8.85,-3.51076,"glide_grid_1X70",-4.08866,-1.08224,-0.136054,-0,-1.43154,-23.9669,-8.93179,1.27738,-0.178088,-38.1616,-32.8987,12.8211
CC(C)(CC(=O)N[C@H]1C[C@@H]1c1cccc(F)c1)[NH2+]CC(=O)N1CCC[C@H]1C#N,"CHEMBL473172",1463,Done,6.99,-5.47426,"glide_grid_1X70",-5.75466,-1.03268,-0.417974,-0,-1.28313,-36.7259,-14.3011,1.1674,-0.206826,-73.4418,-51.027,5.42036
CC(C)(CC(=O)N[C@H]1C[C@@H]1c1ccc(C(F)(F)F)cc1)[NH2+]CC(=O)N1CCC[C@H]1C#N,"CHEMBL473176",1465,Done,8.56,-3.07427,"glide_grid_1X70",-3.35467,-0.933054,-0.296173,-0,0.39547,-34.0733,-9.90254,0.937758,-0.269622,-44.3297,-43.9759,15.9638
O=C([C@@H]1C[C@H]([NH+]2CCN(c3ncccn3)CC2)CN1)N1CC(F)C1,"CHEMBL473188",1467,Done,6.97,-4.93858,"glide_grid_1X70",-5.22748,-0.765064,-0.187503,-0,-1.68594,-31.8654,-10.416,0.671081,-0.104392,-55.3716,-42.2814,6.32666
O=C([C@@H]1C[C@H](N2CCN(c3ncccn3)CC2)C[NH2+]1)N1CC(F)C1,"CHEMBL473188",1468,Done,6.44,-5.23686,"glide_grid_1X70",-5.92806,-0.628479,-0.32787,-0,-2.04552,-33.1889,-10.5711,0.469757,-0.150835,-64.6663,-43.76,0.262384
O=C([C@@H]1C[C@H]([NH+]2CCN(c3ncccn3)CC2)CN1)N1CCCC1,"CHEMBL473418",1470,Done,7.06,-5.16656,"glide_grid_1X70",-5.48836,-0.913566,-0.114559,-0,-1.93957,-34.6709,-9.11416,0.685347,-0.105339,-61.5936,-43.785,0.630697
O=C([C@@H]1C[C@H](N2CCN(c3ncccn3)CC2)C[NH2+]1)N1CCCC1,"CHEMBL473418",1471,Done,6.3,-5.70902,"glide_grid_1X70",-6.31802,-0.852354,-0.355024,-0,-2.0658,-33.9713,-11.0049,0.479743,-0.175276,-69.6136,-44.9763,0.538162
O=C([C@@H]1C[C@H]([NH+]2CCN(c3ncccn3)CC2)CN1)N1CC[C@@H](F)C1,"CHEMBL473419",1473,Done,6.66,-5.36041,"glide_grid_1X70",-5.65171,-0.890339,-0.118749,-0,-1.87341,-34.8205,-10.3308,0.624039,-0.102613,-63.0172,-45.1512,0.864192
O=C([C@@H]1C[C@H](N2CCN(c3ncccn3)CC2)C[NH2+]1)N1CC[C@@H](F)C1,"CHEMBL473419",1474,Done,5.68,-6.3205,"glide_grid_1X70",-6.9971,-0.946411,-0.338572,-0,-2.57131,-35.9658,-10.687,0.436827,-0.176298,-74.1811,-46.6528,0.778591
[NH3+][C@@H](CC(=O)N1CCCN(C(=O)c2ccc(C(=O)[O-])o2)CC1)Cc1cc(F)c(F)cc1F,"CHEMBL473830",1476,Done,15.99,-9.02899,"glide_grid_1X70",-9.03849,-1.29697,-0.741314,-0,-2.38368,-37.5085,-19.2036,0.410085,-0.270643,-101.245,-56.7121,7.82647
N[C@@H](CC(=O)N1CCCN(C(=O)c2ccc(C(=O)[O-])o2)CC1)Cc1cc(F)c(F)cc1F,"CHEMBL473830",1477,Done,14.16,-4.39624,"glide_grid_1X70",-6.85284,-1.36308,-0.590766,-0,-1.7914,-39.9339,-10.23,0.588213,-0.164605,-70.7375,-50.1639,5.85126
CC(C)(CC(=O)N[C@H]1C[C@@H]1c1cccc(C(F)(F)F)c1)[NH2+]CC(=O)N1CCC[C@H]1C#N,"CHEMBL473973",1478,Done,9.55,-5.56019,"glide_grid_1X70",-5.84059,-1.12578,-0.448272,-0,-0.979957,-37.0714,-14.5151,0.937758,-0.193499,-74.122,-51.5865,6.86108
CC(C)(CC(=O)N1CCc2ccccc2C1)[C@H](N)C(=O)N1CCC[C@H]1C#N,"CHEMBL474025",1480,Done,5.88,-4.38254,"glide_grid_1X70",-4.71044,-1.64505,-0.483528,-0,-1.14512,-26.2923,-5.05737,0.709654,-0.0731812,-41.0945,-31.3496,5.83736
CC(C)(CC(=O)N1CCc2ccccc2C1)[C@H]([NH3+])C(=O)N1CCC[C@H]1C#N,"CHEMBL474025",1481,Done,5.01,-5.79759,"glide_grid_1X70",-6.30449,-0.153318,-0.545026,-0,-1.43172,-24.0186,-21.2242,0.494339,-0.284209,-67.4907,-45.2427,6.07449
N#C[C@@H]1CCCN1C(=O)[C@@H](N)CCC(=O)N1CCCC1,"CHEMBL474049",1482,Done,6.35,-5.42147,"glide_grid_1X70",-5.67237,-1.14353,-0.570604,-0,-2.34116,-26.8226,-9.15228,1.16319,-0.0662985,-49.092,-35.9749,4.32985
N#C[C@@H]1CCCN1C(=O)[C@@H]([NH3+])CCC(=O)N1CCCC1,"CHEMBL474049",1483,Done,8.05,-7.18538,"glide_grid_1X70",-7.81558,-1.08907,-0.803059,-0,-2.53003,-28.2201,-19.6659,1.15591,-0.188449,-75.0841,-47.886,7.4505
N#C[C@@H]1CCCN1C(=O)[C@@H](N)CCC(=O)N1CCSC1,"CHEMBL474211",1484,Done,8.13,-5.06804,"glide_grid_1X70",-5.30354,-0.876589,-0.443455,-0,-1.90565,-28.4163,-10.1398,1.04268,-0.178745,-50.1127,-38.5561,6.13395
N#C[C@@H]1CCCN1C(=O)[C@@H]([NH3+])CCC(=O)N1CCSC1,"CHEMBL474211",1485,Done,8.06,-7.53791,"glide_grid_1X70",-8.19831,-1.12761,-0.596327,-0,-2.58609,-26.7055,-20.4094,0.725558,-0.217158,-81.2347,-47.1149,8.45728
COC[C@H]1CCCN1C(=O)CC[C@H](N)C(=O)N1CCC[C@H]1C#N,"CHEMBL474394",1486,Done,7.11,-3.80079,"glide_grid_1X70",-4.04729,-1.01335,-0.367774,-0,-1.61454,-24.1792,-6.90139,1.25933,-0.06678,-36.996,-31.0806,6.78295
COC[C@H]1CCCN1C(=O)CC[C@H]([NH3+])C(=O)N1CCC[C@H]1C#N,"CHEMBL474394",1487,Done,7.65,-4.95462,"glide_grid_1X70",-5.59312,-1.13137,-0.400157,-0,-1.75652,-24.6235,-14.2661,1.25241,-0.186385,-53.2057,-38.8897,7.40463
O=C([C@@H]1C[C@H]([NH+]2CCN(c3cnccn3)CC2)CN1)N1CCC(F)(F)C1,"CHEMBL474409",1488,Done,6.34,-3.80137,"glide_grid_1X70",-3.92377,-0.30797,-0.143279,-0,-1.15412,-25.2549,-9.49125,0.570641,-0.202615,-45.4982,-34.7461,4.71305
O=C([C@@H]1C[C@H](N2CCN(c3cnccn3)CC2)C[NH2+]1)N1CCC(F)(F)C1,"CHEMBL474409",1489,Done,6.72,-5.80924,"glide_grid_1X70",-6.94964,-0.810173,-0.348841,-0,-2.43483,-31.2866,-13.4535,0.399448,-0.17289,-72.0018,-44.7401,1.32406
O=C([C@@H]1C[C@H](N2CCN(c3ccc(C(F)(F)F)cn3)CC2)C[NH2+]1)N1CCC(F)(F)C1,"CHEMBL474410",1492,Done,7.27,-6.35655,"glide_grid_1X70",-7.55435,-0.908735,-0.557828,-0,-2.12245,-32.6585,-15.3892,0.295474,-0.319513,-75.673,-48.0476,6.15975
O=C([C@@H]1C[C@H]([NH+]2CCN(c3ncccn3)CC2)CN1)N1C[C@@H](F)[C@@H](F)C1,"CHEMBL474421",1494,Done,6.34,-5.31583,"glide_grid_1X70",-5.58063,-0.80851,-0.107253,-0,-2.03165,-35.1664,-8.89456,0.570641,-0.111355,-63.5425,-44.061,0.787048
O=C([C@@H]1C[C@H](N2CCN(c3ncccn3)CC2)C[NH2+]1)N1C[C@@H](F)[C@@H](F)C1,"CHEMBL474421",1495,Done,5.62,-6.4237,"glide_grid_1X70",-7.1719,-0.783807,-0.388125,-0,-2.62227,-30.2405,-13.8097,0.399448,-0.193672,-70.9021,-44.0502,1.91786
CC(C)(CC(=O)N[C@H]1C[C@@H]1c1cccc(OC(F)(F)F)c1)[NH2+]CC(=O)N1CCC[C@H]1C#N,"CHEMBL474559",1497,Done,8.36,-5.30053,"glide_grid_1X70",-5.58093,-1.12694,-0.435232,-0,-0.884988,-35.7988,-14.0847,0.976134,-0.207262,-70.6312,-49.8835,8.63275
CC(C)(CC(=O)N[C@H]1C[C@@H]1c1cccc(OC(F)(F)F)c1)NCC(=O)N1CCC[C@H]1C#N,"CHEMBL474559",1498,Done,8.98,10000.6,"glide_grid_1X70",10000,-0.589876,-0.113757,-0,0.596276,59.3667,-0.181467,0.980094,-0.277669,10000,59.1852,7.81159
CC(C)(CC(=O)N[C@H]1C[C@@H]1c1ccc(Cl)cc1)[NH2+]CC(=O)N1CCC[C@H]1C#N,"CHEMBL474560",1499,Done,7.41,-5.76974,"glide_grid_1X70",-6.05014,-1.1211,-0.639345,-0,-1.2588,-35.5234,-14.3383,1.08328,-0.187261,-72.436,-49.8617,9.04091
CC(C)(CC(=O)N[C@H]1C[C@@H]1c1ccc(Cl)cc1)NCC(=O)N1CCC[C@H]1C#N,"CHEMBL474560",1500,Done,8.13,10000.6,"glide_grid_1X70",10000,-1.49887,-0.332075,-0,0.12352,71.9779,-1.29932,1.08817,-0.217586,10000,70.6786,20.8183
Cc1ncsc1[C@H]1C[C@@H]1NC(=O)CC(C)(C)[NH2+]CC(=O)N1C[C@@H](F)C[C@H]1C#N,"CHEMBL474767",1501,Done,6.69,-6.41693,"glide_grid_1X70",-6.74513,-1.61714,-0.511375,-0,-1.6994,-34.3842,-13.7482,1.06145,-0.197215,-74.5416,-48.1324,5.103
Cc1ncsc1[C@H]1C[C@@H]1NC(=O)CC(C)(C)NCC(=O)N1C[C@@H](F)C[C@H]1C#N,"CHEMBL474767",1502,Done,7.83,10000.5,"glide_grid_1X70",10000,-1.21233,-0.257287,-0,-0.580019,55.4731,-9.14466,1.06618,-0.146669,10000,46.3285,29.424
CC(C)(CC(=O)N[C@@H]1C[C@H]1c1cccc(Cl)c1)[NH2+]CC(=O)N1CCC[C@H]1C#N,"CHEMBL474768",1503,Done,7.05,10000.3,"glide_grid_1X70",10000,-0.445145,-0.416128,-0,-1.63351,29.3721,-14.0753,1.08328,-0.174053,10000,15.2968,8.22522
NC(=O)c1ccc(C(=O)N2CCCN(C(=O)C[C@H]([NH3+])Cc3cc(F)c(F)cc3F)CC2)cc1,"CHEMBL474794",1505,Done,26.35,-10.2273,"glide_grid_1X70",-10.2369,-1.19538,-1.10218,-0,-2.09297,-41.1939,-26.8675,0.39402,-0.180729,-119.318,-68.0614,10.4165
NC(=O)c1ccc(C(=O)N2CCCN(C(=O)C[C@H](N)Cc3cc(F)c(F)cc3F)CC2)cc1,"CHEMBL474794",1506,Done,25.47,-3.66678,"glide_grid_1X70",-6.11198,-0.9823,-0.886641,-0,-1.32395,-35.0568,-10.5671,0.565123,-0.146309,-60.6576,-45.624,7.19746
N#C[C@@H]1CCCN1C(=O)[C@@H](N)CCC(=O)N1CCCCC1,"CHEMBL474800",1507,Done,6.94,-5.23431,"glide_grid_1X70",-5.48541,-1.04498,-0.639504,-0,-1.9757,-26.5944,-9.87321,1.0678,-0.082321,-48.4861,-36.4676,5.83487
N#C[C@@H]1CCCN1C(=O)[C@@H]([NH3+])CCC(=O)N1CCCCC1,"CHEMBL474800",1508,Done,7.86,-7.52865,"glide_grid_1X70",-8.15835,-1.25481,-0.937272,-0,-2.36425,-26.4602,-21.0384,1.06141,-0.184664,-80.8895,-47.4986,6.19181
CC(C)(CC(=O)N[C@H]1C[C@@H]1c1ccc(Cl)c(Cl)c1)[NH2+]CC(=O)N1CCC[C@H]1C#N,"CHEMBL474959",1509,Done,6.28,-5.95905,"glide_grid_1X70",-6.23945,-0.79414,-0.720545,-0,-1.17769,-32.0906,-16.0125,0.654011,-0.194682,-69.8517,-48.1031,6.51627
N#C[C@@H]1CCCN1C(=O)[C@@H](N)CCC(=O)N1CCN(c2cc[nH+]cc2)CC1,"CHEMBL474982",1513,Done,11.3,-3.5474,"glide_grid_1X70",-3.803,-0.833455,-0.304223,-0,-1.16224,-26.5243,-7.11223,0.979296,-0.0893346,-42.5905,-33.6365,5.0416
N#C[C@@H]1CCCN1C(=O)[C@@H]([NH3+])CCC(=O)N1CCN(c2cc[nH+]cc2)CC1,"CHEMBL474982",1514,Done,11.68,-6.32944,"glide_grid_1X70",-6.97434,-0.843065,-0.704541,-0,-1.74018,-24.8729,-19.2888,0.682194,-0.231785,-70.363,-44.1616,8.00496
N#C[C@@H]1CCCN1C(=O)[C@@H](N)CCC(=O)NC1CCCC1,"CHEMBL474983",1515,Done,13.18,-3.14455,"glide_grid_1X70",-3.45205,-0.336647,-0.515569,-0,-1.91405,-31.6793,-9.88987,2.56272,-0.181063,-47.913,-41.5692,8.09447
N#C[C@@H]1CCCN1C(=O)[C@@H]([NH3+])CCC(=O)NC1CCCC1,"CHEMBL474983",1516,Done,13.95,-5.59477,"glide_grid_1X70",-6.13037,-1.43651,-0.669634,-0,-2.13589,-24.7598,-20.1099,2.54737,-0.181233,-67.1609,-44.8698,4.09808
O=C([C@@H]1C[C@H]([NH+]2CCN(c3noc4ccccc34)CC2)CN1)N1CCC(F)(F)C1,"CHEMBL475246",1517,Done,5.7,-5.56194,"glide_grid_1X70",-5.93564,-0.874663,-0.122263,-0,-1.68269,-33.3139,-13.0265,0.476084,-0.112425,-65.1518,-46.3404,3.26699
O=C([C@@H]1C[C@H](N2CCN(c3noc4ccccc34)CC2)C[NH2+]1)N1CCC(F)(F)C1,"CHEMBL475246",1518,Done,5.96,-6.81154,"glide_grid_1X70",-7.40784,-0.906678,-0.406038,-0,-2.20062,-31.3929,-16.1,0.333259,-0.24312,-76.5623,-47.4928,1.49303
COC[C@@H]1CCCN1C(=O)CC[C@H](N)C(=O)N1CCC[C@H]1C#N,"CHEMBL475465",1520,Done,7.29,-2.40496,"glide_grid_1X70",-2.65146,-0.85249,-0.168004,-0,-0.615254,-28.8156,-4.34912,1.25933,-0.181894,-27.3108,-33.1647,19.3382
COC[C@@H]1CCCN1C(=O)CC[C@H]([NH3+])C(=O)N1CCC[C@H]1C#N,"CHEMBL475465",1521,Done,7.86,-6.05759,"glide_grid_1X70",-6.69609,-1.03047,-0.700726,-0,-2.06145,-26.1688,-15.1819,0.87669,-0.194405,-64.583,-41.3508,5.41293
O=C([C@@H]1C[C@H]([NH+]2CCN(c3nc4ccncc4o3)CC2)CN1)N1CCC(F)(F)C1,"CHEMBL475573",1522,Done,5.72,-6.05797,"glide_grid_1X70",-6.15517,-0.952336,-0.12991,-0,-2.07849,-32.9378,-11.4258,0.474004,-0.107681,-65.0109,-44.3636,0.20266
O=C([C@@H]1C[C@H](N2CCN(c3nc4ccncc4o3)CC2)C[NH2+]1)N1CCC(F)(F)C1,"CHEMBL475573",1523,Done,5.51,-5.13887,"glide_grid_1X70",-6.40407,-0.332298,-0.707455,-0,-1.45962,-26.1761,-18.2409,0.331803,-0.191549,-67.5383,-44.417,4.01234
O=C([C@@H]1C[C@H]([NH+]2CCN(c3nc4cnccc4o3)CC2)CN1)N1CCC(F)(F)C1,"CHEMBL475574",1525,Done,5.72,-6.14186,"glide_grid_1X70",-6.23906,-0.97105,-0.121611,-0,-2.08352,-33.9019,-11.5727,0.474004,-0.105878,-66.2531,-45.4746,1.0863
O=C([C@@H]1C[C@H](N2CCN(c3nc4cnccc4o3)CC2)C[NH2+]1)N1CCC(F)(F)C1,"CHEMBL475574",1526,Done,5.91,-5.2415,"glide_grid_1X70",-6.5067,-0.329026,-0.709227,-0,-1.51107,-26.3376,-18.5206,0.331803,-0.194215,-70.3972,-44.8582,3.2308
O=C([C@@H]1C[C@H]([NH+]2CCN(c3nc4cccnc4o3)CC2)CN1)N1CCC(F)(F)C1,"CHEMBL475586",1528,Done,5.86,-6.03402,"glide_grid_1X70",-6.13122,-0.941779,-0.11699,-0,-2.07521,-33.9957,-11.0996,0.474004,-0.106526,-65.1573,-45.0953,1.05179
O=C([C@@H]1C[C@H](N2CCN(c3nc4cccnc4o3)CC2)C[NH2+]1)N1CCC(F)(F)C1,"CHEMBL475586",1529,Done,5.63,-6.28255,"glide_grid_1X70",-7.54775,-0.832918,-0.72,-0,-2.33305,-28.7681,-15.8586,0.331803,-0.17639,-72.6237,-44.6267,4.60517
N#C[C@@H]1CCCN1C(=O)[C@@H](N)CCC(=O)N1CCOCC1,"CHEMBL475634",1531,Done,6.56,-5.42809,"glide_grid_1X70",-5.66909,-0.789133,-0.62922,-0,-1.90671,-27.8284,-12.7272,1.05534,-0.0988752,-52.2362,-40.5556,6.73902
N#C[C@@H]1CCCN1C(=O)[C@@H]([NH3+])CCC(=O)N1CCOCC1,"CHEMBL475634",1532,Done,8.75,-6.73334,"glide_grid_1X70",-7.38274,-1.11306,-0.72,-0,-2.26163,-29.5958,-17.6477,1.04906,-0.21016,-75.7549,-47.2435,4.19018
[NH3+][C@@H](CC(=O)N1CCCN(C(=O)c2cccc(C(=O)[O-])c2)CC1)Cc1cc(F)c(F)cc1F,"CHEMBL475654",1533,Done,15.34,-10.7129,"glide_grid_1X70",-10.7225,-1.35581,-1.63217,-0,-2.09077,-37.0043,-26.529,0.394056,-0.208198,-121.926,-63.5333,8.5187
N[C@@H](CC(=O)N1CCCN(C(=O)c2cccc(C(=O)[O-])c2)CC1)Cc1cc(F)c(F)cc1F,"CHEMBL475654",1534,Done,16.71,-4.27252,"glide_grid_1X70",-6.71772,-1.46355,-0.51005,-0,-1.73097,-35.4264,-11.0248,0.565175,-0.153285,-61.6117,-46.4512,16.729
CC(C)(CC(=O)N1Cc2ccccc2C1)[C@H](N)C(=O)N1CCC[C@H]1C#N,"CHEMBL475863",1535,Done,2.87,-4.2042,"glide_grid_1X70",-4.5282,-0.536399,-0.518623,-0,-1.00735,-26.5271,-11.3719,0.760508,-0.194196,-47.8442,-37.899,1.48416
CC(C)(CC(=O)N1Cc2ccccc2C1)[C@H]([NH3+])C(=O)N1CCC[C@H]1C#N,"CHEMBL475863",1536,Done,3.8,-5.67393,"glide_grid_1X70",-6.18613,-0.261832,-0.872062,-0,-1.26495,-18.4312,-22.5434,0.756673,-0.24089,-66.0115,-40.9746,1.67541
COC[C@@H]1CCCN1C(=O)CC(C)(C)[C@H](N)C(=O)N1CCC[C@H]1C#N,"CHEMBL475870",1537,Done,7.33,-3.58291,"glide_grid_1X70",-3.91541,-0.183987,-0.520621,-0,-1.04978,-27.0656,-11.4493,1.08637,-0.176718,-45.7571,-38.5149,3.82726
COC[C@@H]1CCCN1C(=O)CC(C)(C)[C@H]([NH3+])C(=O)N1CCC[C@H]1C#N,"CHEMBL475870",1538,Done,6.75,-4.69405,"glide_grid_1X70",-5.19475,-0.626226,-0.416227,-0,-1.12915,-19.4246,-17.6096,0.756587,-0.167068,-43.1619,-37.0342,15.7099
[NH3+][C@@H](CC(=O)N1CCn2cnnc2C1)Cc1cc(F)c(F)cc1F,"CHEMBL479370",1539,Done,4.06,-9.88658,"glide_grid_1X70",-9.89878,-1.12346,-0.891571,-0,-2.88406,-31.5443,-23.455,0.343338,-0.247567,-98.3657,-54.9993,6.9906
N[C@@H](CC(=O)N1CCn2cnnc2C1)Cc1cc(F)c(F)cc1F,"CHEMBL479370",1540,Done,3.04,-3.81768,"glide_grid_1X70",-6.12468,-0.898682,-0.526971,-0,-2.35846,-26.4365,-9.68923,0.493068,-0.0584274,-52.1095,-36.1258,2.28292
N#Cc1ccc(N2C[C@@H]3[C@H](C2)[C@H]3[NH2+]CC(=O)N2C[C@@H](F)C[C@H]2C#N)cc1,"CHEMBL479380",1541,Done,4,-7.68014,"glide_grid_1X70",-7.91644,-0.998282,-0.732025,-0,-2.50974,-34.4387,-15.1788,0.532475,-0.210118,-76.6284,-49.6174,13.4227
N#Cc1ccc(N2C[C@@H]3[C@H](C2)[C@H]3[NH2+]CC(=O)N2C[C@@H](F)C[C@H]2C#N)c(F)c1,"CHEMBL479381",1543,Done,4.24,-7.80091,"glide_grid_1X70",-8.03721,-1.05759,-0.503487,-0,-2.60588,-32.368,-16.8898,0.487452,-0.205842,-76.973,-49.2578,15.6639
N#Cc1c(Cl)cccc1N1C[C@@H]2[C@H](C1)[C@H]2[NH2+]CC(=O)N1C[C@@H](F)C[C@H]1C#N,"CHEMBL479538",1545,Done,5.6,-7.29439,"glide_grid_1X70",-7.53569,-1.04171,-0.362813,-0,-2.2655,-35.1026,-15.6182,0.451112,-0.21891,-80.9642,-50.7208,5.20276
N#Cc1ccc(N2C[C@@H]3[C@H](C2)[C@H]3[NH2+]CC(=O)N2C[C@@H](F)C[C@H]2C#N)cc1F,"CHEMBL479567",1547,Done,4.04,-7.38356,"glide_grid_1X70",-7.62426,-0.987878,-0.546782,-0,-2.218,-37.7431,-16.1042,0.69636,-0.265177,-82.0306,-53.8473,12.2447
N#C[C@@H]1C[C@H](F)CN1C(=O)C[NH2+][C@H]1[C@@H]2CN(c3ccc([N+](=O)[O-])cn3)C[C@@H]21,"CHEMBL479736",1549,Done,4.87,-7.68793,"glide_grid_1X70",-7.92653,-1.02846,-0.528362,-0,-2.43687,-34.463,-15.7668,0.480537,-0.325202,-81.7648,-50.2297,10.8462
N#Cc1c(F)cccc1N1C[C@@H]2[C@H](C1)[C@H]2[NH2+]CC(=O)N1C[C@@H](F)C[C@H]1C#N,"CHEMBL479794",1551,Done,6.01,-6.07175,"glide_grid_1X70",-6.31245,-0.764362,-0.4,-0,-2.06786,-29.362,-13.9891,0.69636,-0.21012,-69.1498,-43.3511,3.15863
N#Cc1cc(F)ccc1N1C[C@@H]2[C@H](C1)[C@H]2[NH2+]CC(=O)N1C[C@@H](F)C[C@H]1C#N,"CHEMBL479803",1553,Done,5.18,-7.3251,"glide_grid_1X70",-7.5627,-0.817934,-0.452927,-0,-2.46842,-31.143,-16.9176,0.487452,-0.216078,-73.0561,-48.0606,13.9966
N#C[C@@H]1C[C@H](F)CN1C(=O)C[NH2+][C@H]1[C@@H]2CN(c3nccs3)C[C@@H]21,"CHEMBL479983",1555,Done,5.65,-7.32676,"glide_grid_1X70",-7.55846,-1.01472,-0.51676,-0,-2.61204,-32.1018,-14.7727,0.584082,-0.178041,-74.9211,-46.8744,10.2366
N#C[C@@H]1C[C@H](F)CN1C(=O)C[NH2+][C@H]1[C@@H]2CN(c3[nH+]ccs3)C[C@@H]21,"CHEMBL479983",1557,Done,6.02,-6.34649,"glide_grid_1X70",-8.50249,-0.984109,-0.469154,-0,-2.59258,-31.4535,-21.5669,0.580995,-0.229925,-84.7491,-53.0204,15.8443
N#C[C@@H]1C[C@H](F)CN1C(=O)CN[C@H]1[C@@H]2CN(c3[nH+]ccs3)C[C@@H]21,"CHEMBL479983",1558,Done,5.76,10002.3,"glide_grid_1X70",10000,-1.31661,-0.140921,-0,-2.52711,76.7465,-6.91981,0.834402,-0.180375,10000,69.8267,13.459
CCOC(=O)c1ccc(N2C[C@@H]3[C@H](C2)[C@H]3[NH2+]CC(=O)N2C[C@@H](F)C[C@H]2C#N)cc1,"CHEMBL480154",1559,Done,3.88,-7.30269,"glide_grid_1X70",-7.53899,-1.08789,-0.759719,-0,-1.98903,-37.21,-16.6065,0.851915,-0.202797,-84.5978,-53.8165,9.90842
N#C[C@@H]1C[C@H](F)CN1C(=O)C[NH2+][C@H]1[C@@H]2CN(c3ccc(C(N)=O)cc3)C[C@@H]21,"CHEMBL480155",1561,Done,5.61,-7.5228,"glide_grid_1X70",-7.7591,-0.998147,-0.695343,-0,-2.21556,-36.1546,-16.7057,0.696277,-0.232744,-84.5523,-52.8603,9.96597
N#C[C@@H]1C[C@H](F)CN1C(=O)CN[C@H]1[C@@H]2CN(c3ccc(C(N)=O)cc3)C[C@@H]21,"CHEMBL480155",1562,Done,5.96,-2.89566,"glide_grid_1X70",-3.55446,-0.0461444,-0.635091,-0,-0.876762,-18.1939,-10.5012,0.699659,-0.211254,-34.3292,-28.6951,8.1913
N#C[C@@H]1C[C@H](F)CN1C(=O)C[NH2+][C@H]1[C@@H]2CN(c3ccc(C(F)(F)F)cn3)C[C@@H]21,"CHEMBL480324",1563,Done,5.94,-6.99061,"glide_grid_1X70",-7.22921,-0.766457,-0.48013,-0,-1.81777,-31.4115,-18.7473,0.616996,-0.39918,-78.1848,-50.1588,8.89746
N#C[C@@H]1C[C@H](F)CN1C(=O)C[NH2+][C@H]1[C@@H]2CN(c3nc4ccccc4s3)C[C@@H]21,"CHEMBL480536",1565,Done,4.46,-7.02576,"glide_grid_1X70",-7.22476,-0.776262,-0.520617,-0,-2.27578,-34.0814,-14.794,0.456108,-0.185027,-76.2654,-48.8755,10.0913
N#C[C@@H]1C[C@H](F)CN1C(=O)C[NH2+][C@H]1[C@@H]2CN(c3nc4ccccc4o3)C[C@@H]21,"CHEMBL480537",1567,Done,4.51,-6.79865,"glide_grid_1X70",-6.97585,-0.781852,-0.474826,-0,-2.16114,-35.7233,-15.2473,0.703066,-0.187841,-77.2542,-50.9706,9.7611
CC(=O)N1CCCN(C(=O)C[C@H]([NH3+])Cc2cc(F)c(F)cc2F)CC1,"CHEMBL480549",1569,Done,11.31,-9.61306,"glide_grid_1X70",-9.62286,-1.08107,-0.885355,-0,-2.82245,-35.1462,-22.2004,0.417597,-0.16422,-100.106,-57.3466,7.89949
CC(=O)N1CCCN(C(=O)C[C@H](N)Cc2cc(F)c(F)cc2F)CC1,"CHEMBL480549",1570,Done,8.62,-3.55547,"glide_grid_1X70",-5.99197,-0.856129,-0.537053,-0,-1.63021,-25.3839,-13.8408,0.599569,-0.222835,-51.2038,-39.2247,7.72762
[NH3+][C@@H](CC(=O)N1CCCN(C(=O)c2ccc3c(c2)OCO3)CC1)Cc1cc(F)c(F)cc1F,"CHEMBL480550",1571,Done,12.38,-9.44752,"glide_grid_1X70",-9.45662,-1.1966,-0.883499,-0,-2.1362,-40.2428,-22.9802,0.392499,-0.173643,-105.505,-63.223,9.84035
N[C@@H](CC(=O)N1CCCN(C(=O)c2ccc3c(c2)OCO3)CC1)Cc1cc(F)c(F)cc1F,"CHEMBL480550",1572,Done,12.72,-2.61031,"glide_grid_1X70",-5.08821,-1.14486,-0.558031,-0,-1.33288,-36.0678,-5.03645,0.562937,-0.0565154,-51.2778,-41.1043,7.06774
N#C[C@@H]1C[C@H](F)CN1C(=O)C[NH2+][C@H]1[C@@H]2CN(c3ncccc3[N+](=O)[O-])C[C@@H]21,"CHEMBL480705",1573,Done,5.19,-6.15849,"glide_grid_1X70",-6.39709,-0.563371,-0.405584,-0,-1.91653,-27.4046,-16.1242,0.480537,-0.203282,-65.3176,-43.5288,7.79618
N#Cc1ccc(N2C[C@@H]3[C@H](C2)[C@H]3[NH2+]CC(=O)N2CC(F)(F)C[C@H]2C#N)nc1,"CHEMBL480712",1575,Done,3.96,-7.25641,"glide_grid_1X70",-7.56021,-1.04896,-0.537773,-0,-2.29809,-37.3237,-15.1932,0.693067,-0.22329,-79.4918,-52.5169,11.0238
N#Cc1cc(C(F)(F)F)ccc1N1C[C@@H]2[C@H](C1)[C@H]2[NH2+]CC(=O)N1C[C@@H](F)C[C@H]1C#N,"CHEMBL480781",1577,Done,6.34,-6.93938,"glide_grid_1X70",-7.17228,-1.02919,-0.39405,-0,-1.73377,-37.5557,-15.3938,0.55515,-0.383563,-78.645,-52.9495,14.6038
N#Cc1ccc(N2C[C@@H]3[C@H](C2)[C@H]3[NH2+]CC(=O)N2C[C@@H](F)C[C@H]2C#N)cc1C(F)(F)F,"CHEMBL480913",1579,Done,5.39,-8.01727,"glide_grid_1X70",-8.25077,-1.06135,-0.687496,-0,-2.13576,-35.3862,-18.068,0.388605,-0.275255,-84.1818,-53.4542,12.2166
CC(=O)c1ccc(N2C[C@@H]3[C@H](C2)[C@H]3[NH2+]CC(=O)N2C[C@@H](F)C[C@H]2C#N)cc1,"CHEMBL480914",1581,Done,3.34,-7.25977,"glide_grid_1X70",-7.49607,-1.07816,-0.67925,-0,-2.25766,-36.1155,-14.4718,0.699592,-0.204043,-76.9944,-50.5873,13.1075
N#Cc1cc(F)cc(N2C[C@@H]3[C@H](C2)[C@H]3[NH2+]CC(=O)N2C[C@@H](F)C[C@H]2C#N)c1,"CHEMBL480942",1583,Done,4.27,-7.3912,"glide_grid_1X70",-7.6319,-1.10684,-0.52023,-0,-2.42925,-33.2461,-14.5372,0.487452,-0.220145,-77.1845,-47.7834,10.5198
N#Cc1ccc(N2C[C@@H]3[C@H](C2)[C@H]3[NH2+]CC(=O)N2C[C@@H](F)C[C@H]2C#N)c2ccccc12,"CHEMBL480943",1585,Done,4.27,-7.28429,"glide_grid_1X70",-7.52059,-0.955038,-0.532696,-0,-2.16175,-35.5764,-15.2584,0.420273,-0.223795,-79.9219,-50.8348,10.315
CC[N@@H+]1CCCN(C(=O)C[C@H]([NH3+])Cc2cc(F)c(F)cc2F)CC1,"CHEMBL481157",1587,Done,6.22,-8.53837,"glide_grid_1X70",-8.56407,-1.16324,-0.54878,-0,-2.66683,-30.4165,-19.155,0.445907,-0.237057,-90.4909,-49.5715,4.03846
CCN1CCCN(C(=O)C[C@H]([NH3+])Cc2cc(F)c(F)cc2F)CC1,"CHEMBL481157",1588,Done,11.14,-7.13262,"glide_grid_1X70",-9.35112,-1.07934,-0.882977,-0,-2.75407,-33.9103,-21.4887,0.448227,-0.164129,-97.2064,-55.399,5.68251
CC[N@@H+]1CCCN(C(=O)C[C@H](N)Cc2cc(F)c(F)cc2F)CC1,"CHEMBL481157",1589,Done,6.87,-4.41821,"glide_grid_1X70",-6.77141,-1.11931,-0.455096,-0,-2.20256,-31.0513,-13.3952,0.640324,-0.0729314,-60.6084,-44.4465,9.36564
[NH3+][C@@H](CC(=O)N1CCCN(c2cnccn2)CC1)Cc1cc(F)c(F)cc1F,"CHEMBL481158",1590,Done,8.31,-8.79583,"glide_grid_1X70",-8.80453,-1.15168,-0.780265,-0,-2.40277,-33.3854,-20.4434,0.439735,-0.173775,-92.7465,-53.8288,4.94587
N[C@@H](CC(=O)N1CCCN(c2cnccn2)CC1)Cc1cc(F)c(F)cc1F,"CHEMBL481158",1591,Done,8.61,-3.71655,"glide_grid_1X70",-6.21905,-1.17021,-0.576,-0,-1.8702,-32.1237,-10.5408,0.631089,-0.0464249,-55.85,-42.6645,7.43104
N#Cc1cccc(F)c1N1C[C@@H]2[C@H](C1)[C@H]2[NH2+]CC(=O)N1C[C@@H](F)C[C@H]1C#N,"CHEMBL481177",1592,Done,6.16,-7.28576,"glide_grid_1X70",-7.52206,-1.06246,-0.530138,-0,-2.37952,-32.8121,-14.5242,0.487452,-0.218146,-74.1032,-47.3363,10.9593
N#Cc1ccc(N2C[C@@H]3[C@H](C2)[C@H]3[NH2+]CC(=O)N2C[C@@H](F)C[C@H]2C#N)c(C(F)(F)F)c1,"CHEMBL481288",1594,Done,5.42,-7.40252,"glide_grid_1X70",-7.63882,-1.00985,-0.537608,-0,-2.03843,-35.2764,-16.0088,0.388605,-0.276393,-79.129,-51.2852,13.42
N#Cc1ccc(N2C[C@@H]3[C@H](C2)[C@H]3[NH2+]CC(=O)N2C[C@@H](F)C[C@H]2C#N)cc1Cl,"CHEMBL481290",1596,Done,3.18,-7.66753,"glide_grid_1X70",-7.90883,-0.994938,-0.735568,-0,-2.26919,-35.5037,-15.8499,0.451112,-0.20758,-78.355,-51.3536,14.4123
[NH3+][C@@H](CC(=O)N1CCCN(C(=O)c2cccnc2)CC1)Cc1cc(F)c(F)cc1F,"CHEMBL481554",1598,Done,17.23,-9.10612,"glide_grid_1X70",-9.11562,-1.13087,-1.143,-0,-1.95532,-35.3816,-22.7076,0.468255,-0.179445,-101.818,-58.0893,7.39345
N[C@@H](CC(=O)N1CCCN(C(=O)c2cccnc2)CC1)Cc1cc(F)c(F)cc1F,"CHEMBL481554",1599,Done,17.43,-3.3333,"glide_grid_1X70",-5.7899,-0.840958,-0.691485,-0,-1.54055,-28.5348,-12.3259,0.671838,-0.11312,-53.3822,-40.8607,6.08319
N#Cc1ccc(N2C[C@@H]3[C@H](C2)[C@H]3[NH2+]CC(=O)N2C[C@@H](F)C[C@H]2C#N)c(Cl)c1,"CHEMBL481669",1600,Done,4.58,-7.71025,"glide_grid_1X70",-7.95315,-0.971339,-0.72211,-0,-2.26657,-33.042,-17.1708,0.451112,-0.216522,-79.9549,-50.2128,11.3527
[NH3+][C@@H](CC(=O)N1CCCN(C(=O)OCc2ccccc2)CC1)Cc1cc(F)c(F)cc1F,"CHEMBL481714",1602,Done,23.05,-8.99036,"glide_grid_1X70",-8.99986,-1.63587,-0.823477,-0,-2.09709,-37.6675,-18.4254,0.484123,-0.280355,-97.1899,-56.0929,8.31145
N[C@@H](CC(=O)N1CCCN(C(=O)OCc2ccccc2)CC1)Cc1cc(F)c(F)cc1F,"CHEMBL481714",1603,Done,26.76,-3.19557,"glide_grid_1X70",-5.65217,-1.3861,-0.274887,-0,-1.55345,-34.5263,-8.67833,0.694427,-0.104096,-53.2339,-43.2047,10.4142
CN1CCN(C(=O)N2CCCN(C(=O)C[C@H]([NH3+])Cc3cc(F)c(F)cc3F)CC2)CC1,"CHEMBL481725",1604,Done,27.06,-8.73522,"glide_grid_1X70",-8.92222,-1.31482,-0.845109,-0,-2.2644,-36.0245,-19.7152,0.428652,-0.168047,-95.849,-55.7397,7.18865
C[NH+]1CCN(C(=O)N2CCCN(C(=O)C[C@H]([NH3+])Cc3cc(F)c(F)cc3F)CC2)CC1,"CHEMBL481725",1605,Done,17.03,-8.52427,"glide_grid_1X70",-9.33387,-1.12576,-1.0196,-0,-1.94167,-29.8639,-28.155,0.426885,-0.180529,-96.746,-58.0189,14.6198
CN1CCN(C(=O)N2CCCN(C(=O)C[C@H](N)Cc3cc(F)c(F)cc3F)CC2)CC1,"CHEMBL481725",1606,Done,25.29,-2.07063,"glide_grid_1X70",-4.71073,-1.29683,-0.280077,-0,-1.40042,-29.0768,-5.82804,0.614901,-0.020254,-33.8657,-34.9048,27.1657
CS(=O)(=O)N1CCCN(C(=O)C[C@H]([NH3+])Cc2cc(F)c(F)cc2F)CC1,"CHEMBL482070",1607,Done,10.29,-9.51342,"glide_grid_1X70",-9.52332,-1.19102,-0.84133,-0,-2.46082,-32.905,-23.2439,0.351757,-0.250072,-99.5904,-56.1489,6.29553
CS(=O)(=O)N1CCCN(C(=O)C[C@H](N)Cc2cc(F)c(F)cc2F)CC1,"CHEMBL482070",1608,Done,10.52,-4.24145,"glide_grid_1X70",-6.66895,-1.32741,-0.304,-0,-1.93694,-36.0454,-10.7115,0.504827,-0.196437,-62.3721,-46.7569,7.84194
N#C[C@@H]1C[C@H](F)CN1C(=O)C[NH2+][C@H]1[C@@H]2CN(c3cnc4ccccc4n3)C[C@@H]21,"CHEMBL482104",1609,Done,4.24,-6.6065,"glide_grid_1X70",-6.8472,-0.724209,-0.486892,-0,-1.89183,-31.5552,-17.511,0.667106,-0.206962,-75.3913,-49.0662,8.32017
[NH3+][C@@H](CC(=O)N1CCCN(C(=O)c2ccc(C(=O)[O-])cc2)CC1)Cc1cc(F)c(F)cc1F,"CHEMBL482154",1611,Done,15.84,-9.83812,"glide_grid_1X70",-9.84772,-1.10327,-1.39074,-0,-1.98424,-35.3832,-25.0567,0.394056,-0.235864,-111.701,-60.4399,11.4521
N[C@@H](CC(=O)N1CCCN(C(=O)c2ccc(C(=O)[O-])cc2)CC1)Cc1cc(F)c(F)cc1F,"CHEMBL482154",1612,Done,15.68,-1.8429,"glide_grid_1X70",-4.2881,-0.449022,-0.704,-0,-0.718681,-30.5682,-8.70727,0.565175,-0.147074,-48.276,-39.2755,12.497
N#C[C@@H]1C[C@H](F)CN1C(=O)C[NH2+][C@H]1[C@@H]2CN(c3ncccn3)C[C@@H]21,"CHEMBL482261",1613,Done,4.69,-6.65328,"glide_grid_1X70",-6.91018,-0.810866,-0.4,-0,-2.57209,-35.038,-13.5739,0.856994,-0.196239,-73.2314,-48.6119,10.5847
N#C[C@@H]1C[C@H](F)CN1C(=O)C[NH2+][C@H]1[C@@H]2CN(c3nccc(C(F)(F)F)n3)C[C@@H]21,"CHEMBL482262",1615,Done,6.24,-7.02468,"glide_grid_1X70",-7.28158,-0.822541,-0.509884,-0,-2.23902,-34.1693,-14.4955,0.429976,-0.257318,-75.5382,-48.6649,11.7379
[NH3+][C@@H](CC(=O)N1CCCN(C(=O)c2ccccc2)CC1)Cc1cc(F)c(F)cc1F,"CHEMBL482338",1617,Done,18.48,-10.0932,"glide_grid_1X70",-10.1028,-1.40996,-1.0966,-0,-2.38206,-37.0829,-24.2899,0.470247,-0.186758,-109.652,-61.3728,7.2913
N[C@@H](CC(=O)N1CCCN(C(=O)c2ccccc2)CC1)Cc1cc(F)c(F)cc1F,"CHEMBL482338",1618,Done,17.85,-2.79181,"glide_grid_1X70",-5.23701,-1.22463,-0.377933,-0,-1.5747,-29.0418,-7.69298,0.674702,-0.12841,-45.2676,-36.7348,12.3197
Cc1cc2ncc(C(=O)N3CCC([C@H]([NH3+])Cc4cc(F)c(F)cc4F)CC3)c(C)n2n1,"CHEMBL484528",1619,Done,4.94,-7.8644,"glide_grid_1X70",-7.8684,-0.999526,-0.581044,-0,-2.22013,-34.0202,-17.4396,0.37239,-0.12313,-85.531,-51.4598,5.02545
Cc1ncc(C)c(C(=O)N2CCC([C@H]([NH3+])Cc3cc(F)c(F)cc3F)CC2)n1,"CHEMBL485123",1620,Done,4.16,-7.92125,"glide_grid_1X70",-7.92565,-1.01057,-0.568065,-0,-2.41225,-32.9708,-17.3077,0.441722,-0.131793,-83.6839,-50.2785,5.40526
Cc1nccnc1C(=O)N1CCC([C@H]([NH3+])Cc2cc(F)c(F)cc2F)CC1,"CHEMBL485124",1621,Done,4.49,-8.80017,"glide_grid_1X70",-8.80417,-1.09365,-0.647376,-0,-2.86853,-35.9853,-18.3404,0.471455,-0.115751,-90.3069,-54.3257,7.61696
[NH3+][C@H](Cc1cc(F)c(F)cc1F)C1CCN(C(=O)c2cnc3ncccn23)CC1,"CHEMBL485125",1622,Done,4.93,-8.97737,"glide_grid_1X70",-8.98167,-1.09232,-0.739246,-0,-2.85921,-37.8673,-18.0186,0.420369,-0.115097,-97.4646,-55.886,4.90104
CC(C)(CNS(=O)(=O)c1ccccc1)NCC(=O)N1C[C@@H](F)C[C@H]1C#N,"CHEMBL485827",1623,Done,6.28,-4.57102,"glide_grid_1X70",-4.93262,-1.61241,-0.285631,-0,-0.832329,-41.487,-5.52255,0.929457,-0.228974,-55.0979,-47.0096,10.7384
CC(C)(CNS(=O)(=O)c1ccccc1)[NH2+]CC(=O)N1C[C@@H](F)C[C@H]1C#N,"CHEMBL485827",1624,Done,5.09,-5.26543,"glide_grid_1X70",-5.72963,-1.39324,-0.498051,-0,-0.825622,-29.8419,-14.0305,0.925081,-0.341136,-62.0921,-43.8724,7.5229
CC(C)(C[NH2+]Cc1ccc(C#N)cc1)NCC(=O)N1C[C@@H](F)C[C@H]1C#N,"CHEMBL485828",1625,Done,7.13,-5.65178,"glide_grid_1X70",-5.78628,-0.507641,-0.385131,-0,-2.07091,-29.2638,-16.2252,1.19281,-0.118435,-65.4301,-45.489,3.40987
CC(C)(CNCc1ccc(C#N)cc1)[NH2+]CC(=O)N1C[C@@H](F)C[C@H]1C#N,"CHEMBL485828",1626,Done,7.1,-5.92568,"glide_grid_1X70",-6.96568,-1.11045,-0.484262,-0,-2.15222,-36.3863,-15.7964,1.19281,-0.222787,-76.1013,-52.1827,13.2717
CC(C)(CNCc1ccc(C#N)cc1)NCC(=O)N1C[C@@H](F)C[C@H]1C#N,"CHEMBL485828",1627,Done,9.05,-2.75914,"glide_grid_1X70",-4.87604,-1.33002,-0.326895,-0,-1.81753,-34.8572,-4.93222,1.19881,-0.117714,-45.3699,-39.7894,15.4912
C[C@H](c1nc(-c2ccc(Cl)cc2Cl)no1)[C@H](N)C(=O)N1CC[C@H](F)C1,"CHEMBL487630",1628,Done,3.84,-4.82024,"glide_grid_1X70",-5.00224,-1.1309,-0.270025,-0,-1.59884,-37.7448,-3.47224,0.519412,-0.113807,-51.93,-41.217,5.01479
C[C@H](c1nc(-c2ccc(Cl)cc2Cl)no1)[C@H]([NH3+])C(=O)N1CC[C@H](F)C1,"CHEMBL487630",1629,Done,3.78,-5.85379,"glide_grid_1X70",-6.64179,-0.629362,-0.57515,-0,-1.29177,-22.0064,-19.9449,0.361896,-0.415351,-68.1626,-41.9513,9.61422
N#C[C@@H]1C[C@H](F)CN1C(=O)C[NH2+]CCNc1ccccn1,"CHEMBL487680",1630,Done,6.39,-5.76123,"glide_grid_1X70",-5.80643,-1.08684,-0.401374,-0,-2.32534,-32.2778,-12.8651,1.79438,-0.243605,-69.0221,-45.1429,4.23468
N#C[C@@H]1C[C@H](F)CN1C(=O)CNCCNc1ccccn1,"CHEMBL487680",1631,Done,7.67,-1.44373,"glide_grid_1X70",-3.07603,-0.769198,-0.304,-0,-1.83164,-31.2478,-6.95187,2.5789,-0.144921,-45.2128,-38.1997,4.24699
CC(C)(CNC(=O)c1ccccn1)[NH2+]CC(=O)N1C[C@@H](F)C[C@H]1C#N,"CHEMBL487681",1632,Done,6.45,-6.58002,"glide_grid_1X70",-6.98272,-0.760704,-0.72,-0,-2.22355,-30.936,-17.102,1.09782,-0.264182,-74.7339,-48.038,8.23988
CC(C)(CNC(=O)c1ccc2[nH]nnc2c1)[NH2+]CC(=O)N1C[C@@H](F)C[C@H]1C#N,"CHEMBL487860",1634,Done,5.86,-6.25439,"glide_grid_1X70",-7.18769,-1.01547,-0.286448,-0,-2.35428,-37.2805,-15.4641,0.904004,-0.25185,-81.2433,-52.7447,9.29932
CC(C)(CNC(=O)c1ccc2[nH]nnc2c1)NCC(=O)N1C[C@@H](F)C[C@H]1C#N,"CHEMBL487860",1635,Done,6.9,-0.828791,"glide_grid_1X70",-1.82089,-0.725928,-0.422067,-0,1.69498,-23.9574,-10.6285,0.635761,-0.211497,-29.2302,-34.5859,12.9738
CC(C)(CNC(=O)c1ccc2nn[nH]c2c1)[NH2+]CC(=O)N1C[C@@H](F)C[C@H]1C#N,"CHEMBL487860",1636,Done,6.9,-5.70034,"glide_grid_1X70",-6.71514,-1.05175,-0.4,-0,-2.05085,-34.6618,-13.9689,0.904004,-0.288131,-78.645,-48.6306,4.71499
CC(C)(CNC(=O)c1ccc2nn[nH]c2c1)NCC(=O)N1C[C@@H](F)C[C@H]1C#N,"CHEMBL487860",1637,Done,8.74,-1.06148,"glide_grid_1X70",-2.12498,-0.598347,-0.337328,-0,0.49761,-25.7537,-7.68379,0.90823,-0.154889,-23.9183,-33.4375,22.802
CC(C)(CNC(=O)c1ccc2[n-]nnc2c1)[NH2+]CC(=O)N1C[C@@H](F)C[C@H]1C#N,"CHEMBL487860",1638,Done,5.9,-4.70996,"glide_grid_1X70",-6.01696,-0.983025,-0.4,-0,-1.84608,-32.2418,-12.4048,0.90823,-0.22327,-68.493,-44.6467,7.85627
CC(C)(CNC(=O)c1ccc2[n-]nnc2c1)NCC(=O)N1C[C@@H](F)C[C@H]1C#N,"CHEMBL487860",1639,Done,6.47,-1.01434,"glide_grid_1X70",-2.49674,-0.532456,-0.284449,-0,0.143974,-33.0675,-5.52795,0.912487,-0.25373,-35.4313,-38.5954,14.4715
CC(C)(CNC(=O)c1ccc2n[nH]nc2c1)[NH2+]CC(=O)N1C[C@@H](F)C[C@H]1C#N,"CHEMBL487860",1640,Done,5.18,-5.74727,"glide_grid_1X70",-7.72817,-0.892498,-0.82722,-0,-1.9942,-37.9736,-18.5538,0.904004,-0.236513,-88.1398,-56.5273,14.035
CC(C)(CNC(=O)c1ccc2n[nH]nc2c1)NCC(=O)N1C[C@@H](F)C[C@H]1C#N,"CHEMBL487860",1641,Done,6.72,0.879952,"glide_grid_1X70",-1.16345,-0.142704,-0.343668,-0,0.671335,-27.5867,-3.86609,0.90823,-0.297393,-27.6472,-31.4528,6.32639
CC(C)(CNC(=O)C(C)(C)C)[NH2+]CC(=O)N1C[C@@H](F)C[C@H]1C#N,"CHEMBL487861",1643,Done,7.06,-5.10488,"glide_grid_1X70",-5.88058,-0.743094,-0.4,-0,-2.3686,-28.5199,-12.8885,1.22549,-0.235114,-63.3663,-41.4084,4.18818
CC(C)(CNC(=O)C1(C)CCCCC1)[NH2+]CC(=O)N1C[C@@H](F)C[C@H]1C#N,"CHEMBL487862",1645,Done,8.08,-4.67207,"glide_grid_1X70",-5.43957,-1.28938,-0.253279,-0,-1.73993,-23.204,-11.3446,0.998308,-0.293402,-54.2338,-34.5485,7.31399
[NH3+][C@@H](CCCCNc1ccc2ccccc2c1)C(=O)N1Cc2ccccc2C1,"CHEMBL487872",1646,Done,6.12,-7.08667,"glide_grid_1X70",-7.37527,-2.15327,-0.397946,-0,-1.65978,-33.3539,-14.0829,0.827241,-0.211388,-73.4302,-47.4368,7.25207
N[C@@H](CCCCNc1ccc2ccccc2c1)C(=O)N1Cc2ccccc2C1,"CHEMBL487872",1647,Done,6.67,-4.68475,"glide_grid_1X70",-5.25385,-2.15182,-0.304,-0,-1.24415,-33.9439,-4.26481,0.831239,-0.0482053,-44.8848,-38.2087,12.1614
CC(C)(CNC(=O)c1ccc2c(c1)CCO2)[NH2+]CC(=O)N1C[C@@H](F)C[C@H]1C#N,"CHEMBL488036",1648,Done,4.51,-6.14224,"glide_grid_1X70",-6.37204,-1.33061,-0.4,-0,-1.87147,-31.7595,-12.5509,0.899739,-0.199097,-67.7527,-44.3104,9.3581
CC(C)(CNC(=O)c1ccc2c(c1)CCO2)NCC(=O)N1C[C@@H](F)C[C@H]1C#N,"CHEMBL488036",1649,Done,4.83,-2.09045,"glide_grid_1X70",-2.76285,-0.498971,-0.282451,-0,-0.278896,-30.5261,-5.84838,0.903935,-0.202904,-30.6965,-36.3745,16.8697
[NH3+][C@@H](CC(=O)N1N=CC[C@H]1C(=O)Nc1ccc(C(=O)[O-])cc1)Cc1cc(F)c(F)cc1F,"CHEMBL488056",1650,Done,6.61,-9.59217,"glide_grid_1X70",-9.60987,-1.37399,-0.991407,-0,-2.15705,-37.3627,-23.3512,0.488211,-0.204813,-108.18,-60.7139,8.91763
N[C@@H](CC(=O)N1N=CC[C@H]1C(=O)Nc1ccc(C(=O)[O-])cc1)Cc1cc(F)c(F)cc1F,"CHEMBL488056",1651,Done,5.99,-5.04934,"glide_grid_1X70",-7.13794,-1.80979,-0.776356,-0,-1.909,-38.7464,-8.7571,0.700303,-0.0922172,-67.9497,-47.5035,9.20272
[NH3+]CCCC[C@H]([NH3+])C(=O)N1Cc2ccccc2C1,"CHEMBL488226",1652,Done,4.57,-8.48959,"glide_grid_1X70",-8.84299,-1.38493,-0.4,-0,-2.82144,-25.8427,-23.2117,0.787496,-0.250235,-79.6033,-49.0544,16.3335
N[C@@H](CCCC[NH3+])C(=O)N1Cc2ccccc2C1,"CHEMBL488226",1653,Done,5.3,-5.89517,"glide_grid_1X70",-6.37257,-1.38663,-0.294669,-0,-2.52592,-25.5833,-12.4082,1.13283,-0.157777,-50.9207,-37.9915,11.845
N[C@@H](CCCCNC(=O)OCc1ccccc1)C(=O)N1Cc2ccccc2C1,"CHEMBL488227",1655,Done,7.88,-5.20319,"glide_grid_1X70",-5.73059,-1.16856,-0.624471,-0,-1.46888,-35.4042,-11.5444,1.20056,-0.167377,-57.3977,-46.9486,11.2678
CC(C)(CNC(=O)c1ccccc1)[NH2+]CC(=O)N1C[C@@H](F)C[C@H]1C#N,"CHEMBL488418",1656,Done,6.61,-5.88576,"glide_grid_1X70",-6.25486,-0.866691,-0.4,-0,-2.28056,-32.7379,-12.9446,1.10337,-0.232391,-69.3916,-45.6826,4.94538
CC(C)(CNC(=O)c1ccccc1)NCC(=O)N1C[C@@H](F)C[C@H]1C#N,"CHEMBL488418",1657,Done,6.81,-2.40619,"glide_grid_1X70",-2.86159,-0.567345,-0.316218,-0,-0.175426,-33.6124,-6.69437,1.10908,-0.226912,-35.9054,-40.3068,17.0735
CC(C)(CNC(=O)c1cccs1)[NH2+]CC(=O)N1C[C@@H](F)C[C@H]1C#N,"CHEMBL488419",1659,Done,5.92,-5.93139,"glide_grid_1X70",-6.36009,-1.33037,-0.57194,-0,-1.59166,-29.7126,-15.0183,1.07013,-0.197867,-69.0064,-44.7309,6.39585
C[C@H](c1nc(-c2ccc(S(C)(=O)=O)cc2Cl)no1)[C@H](N)C(=O)N1CC[C@H](F)C1,"CHEMBL488469",1660,Done,4.19,-5.64199,"glide_grid_1X70",-5.82399,-1.40297,-0.235028,-0,-1.38921,-36.1619,-8.60731,0.42842,-0.12601,-58.8592,-44.7692,6.01609
C[C@H](c1nc(-c2ccc(S(C)(=O)=O)cc2Cl)no1)[C@H]([NH3+])C(=O)N1CC[C@H](F)C1,"CHEMBL488469",1661,Done,4.17,-7.82338,"glide_grid_1X70",-8.61138,-1.43908,-0.58372,-0,-1.75329,-33.0353,-21.5869,0.298627,-0.244104,-94.8876,-54.6222,6.07136
[NH3+][C@@H](CC(=O)N1CCC[C@H]1CO)Cc1cc(F)ccc1F,"CHEMBL488484",1662,Done,12.28,-9.52905,"glide_grid_1X70",-9.53795,-1.05614,-0.905877,-0,-3.19279,-24.95,-24.393,0.717358,-0.194057,-88.8947,-49.3429,11.729
N[C@@H](CC(=O)N1CCC[C@H]1CO)Cc1cc(F)ccc1F,"CHEMBL488484",1663,Done,11.81,-4.39116,"glide_grid_1X70",-6.88436,-1.2142,-0.719924,-0,-2.62671,-31.1911,-9.34363,0.721603,-0.0840316,-55.3597,-40.5348,6.2978
Cc1noc(C(=O)C[C@H](N)C(=O)N2CC[C@H](F)C2)n1,"CHEMBL488637",1664,Done,3.56,-5.31566,"glide_grid_1X70",-5.39586,-0.350582,-0.462286,-0,-2.42467,-33.2385,-8.85153,0.979348,-0.148017,-55.1385,-42.09,1.91829
Cc1noc(C(=O)C[C@H]([NH3+])C(=O)N2CC[C@H](F)C2)n1,"CHEMBL488637",1665,Done,3.01,-7.4175,"glide_grid_1X70",-8.6418,-0.848992,-0.883521,-0,-3.09808,-27.8367,-19.1351,0.681142,-0.230251,-81.4556,-46.9717,3.45104
[NH3+][C@@H](CC(=O)N1CCn2c(nnc2C(F)(F)F)C1)CN1CCCCC1=O,"CHEMBL488678",1666,Done,5.86,-9.19384,"glide_grid_1X70",-9.21294,-0.921994,-0.883272,-0,-2.08129,-37.0348,-23.7292,0.384445,-0.29971,-97.4948,-60.764,12.6566
N[C@@H](CC(=O)N1CCn2c(nnc2C(F)(F)F)C1)CN1CCCCC1=O,"CHEMBL488678",1667,Done,4.96,-3.52467,"glide_grid_1X70",-5.56777,-0.756286,-0.591506,-0,-1.13577,-31.8316,-11.9707,0.551856,-0.24889,-54.4307,-43.8023,9.66596
N#C[C@@H]1CCCN1C(=O)[C@@H](N)CCC(=O)N1CCn2cnnc2C1,"CHEMBL492536",1668,Done,7.42,-6.14106,"glide_grid_1X70",-6.37896,-0.455843,-0.569102,-0,-1.94718,-37.1989,-15.1712,0.856971,-0.128182,-69.5998,-52.3701,10.2718
N#C[C@@H]1CCCN1C(=O)[C@@H]([NH3+])CCC(=O)N1CCn2cnnc2C1,"CHEMBL492536",1669,Done,7.59,-6.87651,"glide_grid_1X70",-7.53201,-0.896118,-0.381765,-0,-2.23694,-35.3804,-17.7485,0.596666,-0.182567,-86.7833,-53.1289,3.22851
N#C[C@@H]1CCCN1C(=O)[C@@H](N)CCC(=O)N1Cc2ccccc2C1,"CHEMBL493543",1670,Done,3.48,-5.86822,"glide_grid_1X70",-6.10802,-1.67241,-0.599304,-0,-1.74151,-27.7358,-10.0637,0.880208,-0.0786637,-51.4554,-37.7995,5.02406
N#C[C@@H]1CCCN1C(=O)[C@@H]([NH3+])CCC(=O)N1Cc2ccccc2C1,"CHEMBL493543",1671,Done,3.85,-6.97799,"glide_grid_1X70",-7.62969,-1.33256,-0.445284,-0,-2.13488,-33.9025,-16.3583,0.6128,-0.18089,-79.5302,-50.2609,6.0036
N#C[C@@H]1CCCN1C(=O)[C@@H](N)CCCC(=O)N1Cc2ccccc2C1,"CHEMBL493544",1672,Done,3.85,-4.63915,"glide_grid_1X70",-4.99405,-0.633239,-0.954783,-0,-1.11173,-20.6253,-14.3118,0.980475,-0.0967415,-46.4008,-34.9371,4.80235
N#C[C@@H]1CCCN1C(=O)[C@@H]([NH3+])CCCC(=O)N1Cc2ccccc2C1,"CHEMBL493544",1673,Done,2.93,-5.91659,"glide_grid_1X70",-6.38889,-0.998465,-0.669986,-0,-2.35605,-6.21268,-16.992,0.682744,-0.18769,-39.2655,-23.2047,7.94709
N[C@@H](CCC(=O)N1Cc2ccccc2C1)C(=O)N1CCSC1,"CHEMBL493760",1674,Done,4.15,-5.68586,"glide_grid_1X70",-5.97056,-1.36143,-0.458805,-0,-1.71954,-38.3304,-7.85755,0.731489,-0.0671157,-58.635,-46.1879,9.6788
[NH3+][C@@H](CCC(=O)N1Cc2ccccc2C1)C(=O)N1CCSC1,"CHEMBL493760",1675,Done,4.01,-6.9485,"glide_grid_1X70",-7.5193,-1.7974,-0.4493,-0,-1.81222,-32.0257,-15.7522,0.72744,-0.223708,-72.7276,-47.7779,5.482
N#C[C@@H]1CCCN1C(=O)[C@@H](N)CCC(=O)N1CCc2ccccc2C1,"CHEMBL494146",1676,Done,5.62,-6.08677,"glide_grid_1X70",-6.32967,-1.55387,-0.633714,-0,-1.5204,-29.8273,-12.1512,0.817062,-0.124701,-54.8544,-41.9785,8.34554
N#C[C@@H]1CCCN1C(=O)[C@@H]([NH3+])CCC(=O)N1CCc2ccccc2C1,"CHEMBL494146",1677,Done,5.75,-6.87911,"glide_grid_1X70",-7.52471,-1.66596,-0.658722,-0,-1.79191,-26.6091,-16.2473,0.568953,-0.209526,-71.7505,-42.8563,4.9652
N#C[C@@H]1CCCN1C(=O)[C@@H](N)CCC(=O)N1CCc2ccsc2C1,"CHEMBL494340",1678,Done,5.9,-6.46359,"glide_grid_1X70",-6.70459,-1.56672,-0.679302,-0,-1.58823,-30.5417,-13.4856,0.792003,-0.112409,-59.0925,-44.0273,6.76998
N#C[C@@H]1CCCN1C(=O)[C@@H]([NH3+])CCC(=O)N1CCc2ccsc2C1,"CHEMBL494340",1679,Done,5.25,-7.68412,"glide_grid_1X70",-8.33342,-1.48057,-0.8015,-0,-1.83823,-30.2484,-21.7423,0.787926,-0.227285,-81.3936,-51.9907,5.11456
[NH3+][C@@H](CCC(=O)[O-])C(=O)N1CCC[C@H]1B(O)O,"CHEMBL494497",1680,Done,4.66,-5.98137,"glide_grid_1X70",-6.17967,-0.263223,-0.67609,-0,-2.3584,-16.1591,-18.8976,1.02123,-0.260604,-55.2018,-35.0566,5.99001
N[C@@H](CCC(=O)[O-])C(=O)N1CCC[C@H]1B(O)O,"CHEMBL494497",1681,Done,3.77,-3.04336,"glide_grid_1X70",-3.78816,-0.324376,-0.254601,-0,-1.75102,-16.3719,-12.7215,1.46926,-0.200608,-32.5001,-29.0934,12.3949
N[P@](=O)([N-]S(=O)(=O)[O-])N1CCCC[C@H]([NH3+])C1=O,"CHEMBL495932",1682,Done,1.83,-6.87056,"glide_grid_1X70",-6.99236,0,-0.534489,-0,-2.04475,-15.6529,-24.236,0.312144,-0.307226,-66.7557,-39.8889,2.02048
N[C@H]1CCCCN([P@@](N)(=O)[N-]S(=O)(=O)[O-])C1=O,"CHEMBL495932",1683,Done,1.79,-2.16448,"glide_grid_1X70",-3.16178,-0.133756,-0.320138,-0,-1.47115,-18.5698,-2.55062,0.448675,-0.374328,-27.53,-21.1204,5.47775
Cc1nc2c(s1)C[C@@H]([C@H]([NH3+])C(=O)N1CC[C@H](F)C1)CC2,"CHEMBL496131",1684,Done,2.42,-6.96075,"glide_grid_1X70",-7.36575,-0.78738,-0.410424,-0,-2.88787,-27.183,-14.691,0.432779,-0.150047,-70.6676,-41.8741,1.71129
Cc1nc2c(s1)C[C@@H]([C@H](N)C(=O)N1CC[C@H](F)C1)CC2,"CHEMBL496131",1685,Done,2.07,-4.81246,"glide_grid_1X70",-5.22886,-1.1534,-0.242855,-0,-2.35254,-26.1913,-4.83254,0.621924,-0.0675457,-41.2284,-31.0238,0.547965
[NH3+][C@H](Cc1cc(F)c(F)cc1F)c1ccncc1,"CHEMBL496691",1686,Done,1.55,-7.5971,"glide_grid_1X70",-7.9264,-0.990975,-0.524662,-0,-3.32928,-27.7391,-14.4644,0.575141,-0.1,-72.4554,-42.2036,3.21402
N[C@H](Cc1cc(F)c(F)cc1F)c1ccncc1,"CHEMBL496691",1687,Done,1.54,-4.92895,"glide_grid_1X70",-5.43395,-0.991199,-0.30868,-0,-2.87302,-27.9379,-4.6095,0.827274,0,-42.5699,-32.5474,1.66481
CC(C)(C)OC(=O)N1CCC([C@H]([NH3+])Cc2cc(F)c(F)cc2F)CC1,"CHEMBL496863",1688,Done,3.44,-7.55082,"glide_grid_1X70",-7.55522,-0.94268,-0.561367,-0,-2.56929,-29.7726,-15.9068,0.519339,-0.126568,-74.7725,-45.6794,5.19175
[NH3+][C@@H](COc1cc(F)cc(F)c1)Cc1cc2ccccc2[nH]1,"CHEMBL496953",1689,Done,7.26,-8.64936,"glide_grid_1X70",-8.70896,-1.64615,-0.604709,-0,-2.32723,-32.7775,-17.6928,0.420551,-0.258618,-85.3087,-50.4703,3.7748
N[C@@H](COc1cc(F)cc(F)c1)Cc1cc2ccccc2[nH]1,"CHEMBL496953",1690,Done,6.73,-4.38729,"glide_grid_1X70",-5.77719,-1.6346,-0.419359,-0,-1.74559,-31.4829,-6.05405,0.6043,-0.0996845,-49.3507,-37.537,4.58662
[NH3+][C@H](Cc1cc(F)c(F)cc1F)C1CCN(C(=O)c2ccc(F)cc2F)CC1,"CHEMBL497735",1691,Done,4.09,-8.47086,"glide_grid_1X70",-8.47486,-1.38754,-0.610146,-0,-2.6236,-35.8667,-15.4069,0.429953,-0.179164,-86.5331,-51.2736,6.50138
N#C[C@@H]1Cc2ccccc2CN1C(=O)[C@@H](N)Cc1cc2ccccc2[nH]1,"CHEMBL497782",1692,Done,3.08,-5.12219,"glide_grid_1X70",-5.31019,-1.78281,-0.372909,-0,-1.28494,-28.6244,-5.07788,0.480207,-0.156836,-42.5798,-33.7023,9.71223
N#C[C@@H]1Cc2ccccc2CN1C(=O)[C@@H]([NH3+])Cc1cc2ccccc2[nH]1,"CHEMBL497782",1693,Done,3.43,-6.07731,"glide_grid_1X70",-6.84881,-1.87935,-0.39667,-0,-1.48318,-34.6068,-10.5331,0.477722,-0.257037,-65.4513,-45.1399,6.29189
NP(N)(=O)N1CC[C@H]([NH3+])C1=O,"CHEMBL497993",1694,Done,1.22,-6.47623,"glide_grid_1X70",-6.63123,0,-0.950627,-0,-2.4127,-19.3814,-13.8751,0,-0.217561,-55.8374,-33.2565,0.0339526
N[C@H]1CCN(P(N)(N)=O)C1=O,"CHEMBL497993",1695,Done,1.2,-4.89094,"glide_grid_1X70",-5.76114,0,-0.629688,-0,-2.19457,-13.4539,-13.2937,0,-0.270127,-38.4112,-26.7476,0.136004
CC(C)Cn1c(C[NH3+])c(-c2ccccc2)c2ccccc2c1=O,"CHEMBL498167",1696,Done,2.74,-7.53384,"glide_grid_1X70",-7.73454,-1.27391,-0.515464,-0,-2.18737,-30.9776,-15.5411,0.273871,-0.151629,-78.2706,-46.5187,0.660095
CC(C)Cn1c(CN)c(-c2ccccc2)c2ccccc2c1=O,"CHEMBL498167",1697,Done,2.48,-4.11404,"glide_grid_1X70",-4.85294,-1.20521,-0.298777,-0,-1.5844,-30.74,-3.98541,0.393505,-0.0232457,-45.7311,-34.7254,1.39638
[NH3+][C@H](Cc1cc(F)c(F)cc1F)C1CCN(C(=O)c2cc3ccccc3cn2)CC1,"CHEMBL498749",1698,Done,3.72,-7.95204,"glide_grid_1X70",-7.95604,-0.905247,-0.651145,-0,-2.2254,-32.6913,-18.7704,0.40219,-0.126308,-84.5001,-51.4617,6.42077
[NH3+][C@@H](CC(=O)[O-])C(=O)N1CCCC1,"CHEMBL499101",1699,Done,1.9,-7.7872,"glide_grid_1X70",-7.8376,-0.931075,-0.670623,-0,-3.07729,-19.8518,-17.3302,0.643595,-0.210087,-62.5661,-37.182,8.86373
N[C@@H](CC(=O)[O-])C(=O)N1CCCC1,"CHEMBL499101",1700,Done,1.77,-3.1528,"glide_grid_1X70",-4.6377,-0.762878,-0.406636,-0,-2.56289,-24.0726,-3.43184,0.927692,-0.114586,-35.1455,-27.5044,2.03956
N#C[C@@H]1C[C@H](F)CN1C(=O)C[NH2+]CCNc1ccc(Cl)cn1,"CHEMBL500008",1701,Done,5.67,-7.27358,"glide_grid_1X70",-7.53808,-1.5575,-0.546243,-0,-2.21682,-32.589,-14.0995,0.737842,-0.210984,-76.5428,-46.6885,7.19401
N#C[C@@H]1C[C@H](F)CN1C(=O)CNCCNc1ccc(Cl)cn1,"CHEMBL500008",1702,Done,6.67,-4.34674,"glide_grid_1X70",-4.95194,-0.936738,-0.304,-0,-1.70735,-34.6083,-7.99613,1.05982,-0.133847,-55.8087,-42.6044,4.43234
[NH3+]CCCC[C@H]([NH3+])C(=O)N1CCCC1,"CHEMBL501126",1703,Done,7.01,-8.09701,"glide_grid_1X70",-8.36291,-0.935903,-0.505296,-0,-3.22405,-20.699,-24.0175,1.13096,-0.191059,-81.8826,-44.7165,5.3318
N[C@@H](CCCC[NH3+])C(=O)N1CCCC1,"CHEMBL501126",1704,Done,8.36,-5.55151,"glide_grid_1X70",-6.15831,-0.830175,-0.664001,-0,-2.81659,-18.7527,-16.3144,1.62924,-0.0919869,-48.8625,-35.0671,10.848
COC(=O)c1ccc([C@H]([NH3+])Cc2cc(F)c(F)cc2F)cc1,"CHEMBL501314",1705,Done,2.54,-7.79077,"glide_grid_1X70",-7.95447,-1.11377,-0.486501,-0,-3.10872,-31.5673,-14.0398,0.538844,-0.1,-76.9283,-45.607,3.25401
COC(=O)c1ccc([C@H](N)Cc2cc(F)c(F)cc2F)cc1,"CHEMBL501314",1706,Done,2.32,-5.21455,"glide_grid_1X70",-6.05665,-1.10613,-0.515731,-0,-2.54421,-32.4425,-6.95097,0.774187,0,-51.3147,-39.3935,5.08731
N[C@@H](Cc1cnc[nH]1)C(=O)N1CCCC1,"CHEMBL501521",1707,Done,2.48,-4.7727,"glide_grid_1X70",-5.572,-0.872788,-0.424358,-0,-2.49797,-25.1453,-7.5366,0.763259,-0.152387,-44.2099,-32.6819,3.83785
[NH3+][C@@H](Cc1c[nH]cn1)C(=O)N1CCCC1,"CHEMBL501521",1708,Done,2.83,-7.03839,"glide_grid_1X70",-7.86959,-0.790165,-0.400341,-0,-2.92223,-28.2139,-17.6512,0.529975,-0.228454,-76.46,-45.8651,3.90945
N[C@@H](Cc1c[nH]cn1)C(=O)N1CCCC1,"CHEMBL501521",1709,Done,3.12,-4.34838,"glide_grid_1X70",-5.26648,-0.904895,-0.304,-0,-2.56248,-24.8498,-6.53611,0.763259,-0.0354528,-40.5829,-31.3859,4.00986
[NH3+][C@@H](Cc1cnc[nH]1)C(=O)N1CCCC1,"CHEMBL501521",1710,Done,2.83,-6.84159,"glide_grid_1X70",-7.82819,-0.783451,-0.575065,-0,-2.88265,-28.0629,-16.029,0.529975,-0.309505,-75.2351,-44.092,3.42586
N[C@@H](Cc1c[nH]c[nH+]1)C(=O)N1CCCC1,"CHEMBL501521",1711,Done,2.79,-4.63237,"glide_grid_1X70",-6.09267,-0.902028,-0.45328,-0,-2.49546,-22.0808,-11.4932,0.757108,-0.17098,-51.2775,-33.574,3.29249
CC[C@H](C)[C@H]([NH3+])C(=O)N1CCCC1,"CHEMBL503274",1712,Done,2.47,-6.99255,"glide_grid_1X70",-7.18815,-0.869578,-0.511529,-0,-3.08925,-19.6222,-14.8906,0.648887,-0.151986,-59.3873,-34.5127,1.46465
CC[C@H](C)[C@H](N)C(=O)N1CCCC1,"CHEMBL503274",1713,Done,2.43,-3.45695,"glide_grid_1X70",-4.20865,-0.740107,-0.288121,-0,-2.51914,-19.3081,-3.70652,0.935356,-0.0752622,-28.7739,-23.0146,2.62882
CC[C@H](C)[C@H]([NH3+])C(=O)N1CC[C@@H](O)C1,"CHEMBL503809",1714,Done,3.04,-6.79331,"glide_grid_1X70",-7.01511,-0.883393,-0.468071,-0,-2.89847,-22.3536,-15.6841,0.848385,-0.143258,-63.2054,-38.0377,2.34611
CC[C@H](C)[C@H](N)C(=O)N1CC[C@@H](O)C1,"CHEMBL503809",1715,Done,2.51,-3.35006,"glide_grid_1X70",-4.03966,-0.933639,-0.197211,-0,-2.3239,-22.0451,-4.12239,1.22217,-0.0864671,-33.5261,-26.1675,1.10296
[NH3+][C@H](Cc1cc(F)ccc1F)c1ccc(Br)cc1,"CHEMBL504506",1716,Done,1.66,-7.35804,"glide_grid_1X70",-7.50774,-0.914605,-0.549629,-0,-2.72362,-28.449,-14.6339,0.397649,-0.1,-71.6399,-43.0829,3.35791
N[C@H](Cc1cc(F)ccc1F)c1ccc(Br)cc1,"CHEMBL504506",1717,Done,1.59,-4.42439,"glide_grid_1X70",-5.31259,-1.14943,-0.304,-0,-2.17292,-30.6234,-4.84243,0.571298,0,-44.5303,-35.4658,3.3623
N[P@](=O)([N-]S(=O)(=O)[O-])N1CCC[C@H]([NH3+])C1=O,"CHEMBL504823",1718,Done,1.9,-6.39263,"glide_grid_1X70",-6.51443,0,-0.755124,-0,-2.08992,-13.7554,-20.9005,0.340692,-0.187239,-61.279,-34.6559,0.45349
N[C@H]1CCCN([P@@](N)(=O)[N-]S(=O)(=O)[O-])C1=O,"CHEMBL504823",1719,Done,1.83,-4.03153,"glide_grid_1X70",-5.02883,-0.576075,-0.658464,-0,-1.70642,-12.4552,-11.2157,0.489849,-0.272607,-34.4394,-23.6709,3.41403
N#C[C@@H]1CCCN1C(=O)[C@H]([NH3+])C1CCCCC1,"CHEMBL507254",1720,Done,2.24,-7.03638,"glide_grid_1X70",-7.38168,-0.57398,-0.723224,-0,-2.46715,-23.3253,-19.1741,0.647278,-0.222228,-67.2359,-42.4994,8.01222
N#C[C@@H]1CCCN1C(=O)[C@H](N)C1CCCCC1,"CHEMBL507254",1721,Done,2.2,-4.62975,"glide_grid_1X70",-5.11395,-0.44701,-0.583222,-0,-2.02128,-27.2681,-9.58966,0.931434,-0.192016,-45.1733,-36.8578,5.16383
Cc1noc(C(=O)C[C@H]([NH3+])Cc2cc(F)ccc2F)n1,"CHEMBL507719",1722,Done,3.61,-8.72419,"glide_grid_1X70",-8.84509,-0.834398,-0.866127,-0,-3.13418,-32.2612,-19.2042,0.63577,-0.152466,-88.3928,-51.4654,6.10637
Cc1noc(C(=O)C[C@H](N)Cc2cc(F)ccc2F)n1,"CHEMBL507719",1723,Done,3.33,-3.7994,"glide_grid_1X70",-4.8005,-0.855778,-0.571255,-0,-2.2073,-23.1564,-5.27047,0.913907,-0.131684,-38.6723,-28.4269,2.71921
C[C@@H]1C(=O)NCCCN1C(=O)C[C@H]([NH3+])CN1CCCCC1=O,"CHEMBL507738",1724,Done,7.4,-8.42641,"glide_grid_1X70",-8.44211,-0.899504,-1.13932,-0,-2.14952,-29.2375,-20.8122,0.535478,-0.205547,-81.0592,-50.0497,14.655
C[C@@H]1C(=O)NCCCN1C(=O)C[C@H](N)CN1CCCCC1=O,"CHEMBL507738",1725,Done,4.71,-3.09721,"glide_grid_1X70",-5.25531,-0.778085,-0.586157,-0,-1.59734,-27.0517,-10.5004,0.769337,-0.13542,-47.9039,-37.5522,4.70065
CC(C)(/C=C/c1ccccc1)[NH2+]CC(=O)N1C[C@@H](F)C[C@H]1C#N,"CHEMBL508845",1729,Done,6.55,-5.28288,"glide_grid_1X70",-5.91658,-0.780043,-0.400266,-0,-2.42375,-26.2198,-11.5348,0.929834,-0.201135,-56.9655,-37.7547,7.39114
N#C[C@@H]1C[C@H](F)CN1C(=O)C[NH2+][C@H]1[C@@H]2CN(c3nccc4ccccc34)C[C@@H]21,"CHEMBL509391",1730,Done,5.46,-6.99627,"glide_grid_1X70",-7.32077,-0.906764,-0.507887,-0,-2.31836,-34.5326,-14.2444,0.46915,-0.193619,-76.4852,-48.777,10.1079
N#C[C@@H]1C[C@H](F)CN1C(=O)C[NH2+][C@H]1[C@@H]2CN(c3[nH+]ccc4ccccc34)C[C@@H]21,"CHEMBL509391",1732,Done,3.7,-5.22999,"glide_grid_1X70",-6.46919,-0.591529,-0.4,-0,-1.68687,-27.0421,-18.9437,0.667044,-0.264181,-70.1715,-45.9858,8.91498
COC(=O)c1ccc([C@H]([NH3+])Cc2cc(F)c(F)cc2F)cc1,"CHEMBL509672",1734,Done,2.55,-7.79077,"glide_grid_1X70",-7.95447,-1.11377,-0.486501,-0,-3.10872,-31.5673,-14.0398,0.538844,-0.1,-76.9283,-45.607,3.25401
COC(=O)c1ccc([C@H](N)Cc2cc(F)c(F)cc2F)cc1,"CHEMBL509672",1735,Done,2.31,-5.21455,"glide_grid_1X70",-6.05665,-1.10613,-0.515731,-0,-2.54421,-32.4425,-6.95097,0.774187,0,-51.3147,-39.3935,5.08731
[NH3+][C@@H](CC(=O)N1CCCNC(=O)[C@H]1CC(F)(F)F)CN1CCCCC1=O,"CHEMBL510073",1738,Done,13.66,-8.42719,"glide_grid_1X70",-8.44469,-1.07913,-1.09533,-0,-1.6707,-30.3028,-22.3461,0.471458,-0.203921,-84.1725,-52.6489,14.7117
N[C@@H](CC(=O)N1CCCNC(=O)[C@H]1CC(F)(F)F)CN1CCCCC1=O,"CHEMBL510073",1739,Done,13.8,-3.76955,"glide_grid_1X70",-5.86495,-0.770302,-0.917339,-0,-1.13731,-28.8172,-14.4829,0.676729,-0.103442,-53.7145,-43.3001,12.0128
CC(C)[C@H]([NH3+])C(=O)N1CSC[C@H]1B(O)O,"CHEMBL510594",1740,Done,2.85,-6.24996,"glide_grid_1X70",-6.56396,-0.0458454,-0.408997,-0,-2.42704,-17.9748,-21.0649,0.662543,-0.286144,-60.8428,-39.0397,5.9695
CC(C)[C@H](N)C(=O)N1CSC[C@H]1B(O)O,"CHEMBL510594",1741,Done,2.19,-2.36721,"glide_grid_1X70",-2.89351,-0.0596643,-0.288886,-0,-1.95828,-17.6311,-3.28334,0.953486,-0.16611,-25.7499,-20.9145,1.98044
[NH3+][C@@H](CC(=O)N1N=CC[C@H]1C(=O)OCc1ccccc1)Cc1cc(F)c(F)cc1F,"CHEMBL510797",1742,Done,8.36,-9.28787,"glide_grid_1X70",-9.30747,-1.24681,-0.924051,-0,-2.06383,-39.38,-23.1985,0.548723,-0.17272,-102.045,-62.5786,15.9579
N[C@@H](CC(=O)N1N=CC[C@H]1C(=O)OCc1ccccc1)Cc1cc(F)c(F)cc1F,"CHEMBL510797",1743,Done,9.47,-3.87662,"glide_grid_1X70",-5.90582,-1.60068,-0.631462,-0,-1.14074,-35.2415,-9.3073,0.787298,-0.162075,-60.8853,-44.5488,5.34891
N#C[C@@H]1C[C@H](F)CN1C(=O)C[NH2+][C@H]1[C@@H]2CN(c3ccccn3)C[C@@H]21,"CHEMBL511125",1744,Done,5.77,-6.92648,"glide_grid_1X70",-7.20118,-0.930282,-0.4,-0,-2.50299,-35.5113,-15.0534,0.86153,-0.195864,-76.954,-50.5647,9.95274
N#C[C@@H]1C[C@H](F)CN1C(=O)C[NH2+][C@H]1[C@@H]2CN(c3cccc[nH+]3)C[C@@H]21,"CHEMBL511125",1746,Done,5.37,-6.89595,"glide_grid_1X70",-8.39565,-1.03878,-0.487128,-0,-2.6486,-32.6729,-19.8816,0.599832,-0.205084,-84.8504,-52.5546,13.0898
N#C[C@@H]1C[C@H](F)CN1C(=O)CN[C@H]1[C@@H]2CN(c3cccc[nH+]3)C[C@@H]21,"CHEMBL511125",1747,Done,5.5,10001.7,"glide_grid_1X70",10000,-1.16307,-0.241457,-0,-2.50014,21.869,-0.0160877,0.86153,-0.169618,10000,21.8529,12.9302
CCN(CC)CC(C)(C)[NH2+]CC(=O)N1C[C@@H](F)C[C@H]1C#N,"CHEMBL511128",1749,Done,9.56,-2.47472,"glide_grid_1X70",-3.88182,-0.644156,-0.60817,-0,-1.59252,-25.5115,-13.2001,2.45849,-0.23987,-47.2523,-38.7116,13.3974
N[C@@H](Cc1ccc(O)cc1)C(=O)N1CCCC1,"CHEMBL511346",1751,Done,2.87,-4.90734,"glide_grid_1X70",-5.22304,-0.945643,-0.578213,-0,-2.20527,-28.2121,-6.6501,0.938419,-0.0242219,-43.4497,-34.8622,5.69604
[NH3+][C@@H](Cc1ccc(O)cc1)C(=O)N1CCCC1,"CHEMBL511346",1752,Done,3.02,-7.30239,"glide_grid_1X70",-7.83729,-0.896034,-0.762908,-0,-2.74306,-25.9325,-17.4637,0.652113,-0.171229,-71.1164,-43.3962,6.31834
N#C[C@@H]1C[C@H](F)CN1C(=O)C[NH2+]C12C[C@H]3C[C@@H](C1)C[C@@H](C2)C3,"CHEMBL511785",1753,Done,2.93,-5.07259,"glide_grid_1X70",-5.20789,-0.355837,-0.607979,-0,-1.71559,-14.5649,-14.064,0.590268,-0.280913,-38.0681,-28.6289,4.90433
NC(=O)[C@@H]1CC=NN1C(=O)C[C@H]([NH3+])Cc1cc(F)c(F)cc1F,"CHEMBL511872",1755,Done,4.99,-10.2229,"glide_grid_1X70",-10.2401,-0.895049,-1.37786,-0,-2.89621,-27.0139,-27.9935,0.485263,-0.205557,-99.0916,-55.0075,12.7036
NC(=O)[C@@H]1CC=NN1C(=O)C[C@H](N)Cc1cc(F)c(F)cc1F,"CHEMBL511872",1756,Done,4.3,-4.20421,"glide_grid_1X70",-6.31071,-0.720984,-0.699242,-0,-2.05639,-27.0153,-13.1958,0.696997,-0.200958,-54.2492,-40.2111,6.72239
[NH3+][C@@H](CC(=O)NC1(c2ccccc2)CCS(=O)(=O)CC1)Cc1ccccc1F,"CHEMBL512145",1757,Done,5.55,-8.53442,"glide_grid_1X70",-8.54632,-1.34512,-0.882417,-0,-1.69504,-33.3681,-21.5817,0.501984,-0.22007,-93.648,-54.9498,5.03471
N[C@@H](CC(=O)NC1(c2ccccc2)CCS(=O)(=O)CC1)Cc1ccccc1F,"CHEMBL512145",1758,Done,5.68,-3.08855,"glide_grid_1X70",-5.41175,-1.25437,-0.304,-0,-1.20992,-33.0175,-10.1008,0.720343,-0.197824,-52.2979,-43.1182,15.279
CC(C)([NH2+]CC(=O)N1C[C@@H](F)C[C@H]1C#N)c1ccccn1,"CHEMBL512694",1760,Done,4.63,-4.08913,"glide_grid_1X70",-6.26023,-0.750696,-0.372321,-0,-2.5916,-28.7908,-11.7525,0.859531,-0.202732,-62.0738,-40.5433,7.13203
COc1ccc2nc(C3(NC(=O)C[C@H]([NH3+])Cc4ccccc4F)CCS(=O)(=O)CC3)sc2c1,"CHEMBL512709",1761,Done,7.17,-8.42157,"glide_grid_1X70",-8.43307,-1.11075,-0.709942,-0,-1.26554,-37.5773,-23.906,0.352489,-0.234573,-99.6913,-61.4832,9.54393
COc1ccc2nc(C3(NC(=O)C[C@H](N)Cc4ccccc4F)CCS(=O)(=O)CC3)sc2c1,"CHEMBL512709",1762,Done,6.95,-2.19054,"glide_grid_1X70",-4.53334,-1.18298,-0.381609,-0,-0.125285,-31.4368,-10.8603,0.505448,-0.148021,-54.4227,-42.2971,4.58852
[NH3+][C@@H](CC(=O)NC1(c2nc3ccccc3s2)CCS(=O)(=O)CC1)Cc1ccccc1F,"CHEMBL512718",1763,Done,5.21,-8.53157,"glide_grid_1X70",-8.54307,-1.42619,-0.81001,-0,-1.40255,-40.8478,-20.6633,0.395403,-0.157842,-99.3311,-61.5112,10.1272
N[C@@H](CC(=O)NC1(c2nc3ccccc3s2)CCS(=O)(=O)CC1)Cc1ccccc1F,"CHEMBL512718",1764,Done,5.09,-3.17211,"glide_grid_1X70",-5.51491,-1.548,-0.531116,-0,-0.83568,-37.9338,-7.50546,0.567111,-0.144716,-57.4761,-45.4392,8.64826
CC(C)(C)[NH2+]CC(=O)N1C[C@@H](F)C[C@H]1C#N,"CHEMBL512726",1765,Done,2.31,-6.22528,"glide_grid_1X70",-6.35058,-0.690979,-0.4,-0,-3.02911,-23.2493,-12.3512,0.980741,-0.196092,-55.4934,-35.6005,5.70428
N[C@@H](CC(=O)N1CCSC1)C(=O)N1CC[C@H](F)C1,"CHEMBL512887",1767,Done,3.7,-5.81384,"glide_grid_1X70",-6.12054,-0.933455,-0.576,-0,-2.02957,-32.0151,-10.3689,0.711185,-0.136608,-58.1195,-42.384,1.5999
[NH3+][C@@H](CC(=O)N1CCSC1)C(=O)N1CC[C@H](F)C1,"CHEMBL512887",1768,Done,3.51,-7.43623,"glide_grid_1X70",-7.97313,-1.01042,-0.72,-0,-2.25622,-29.3929,-19.8998,0.706693,-0.238567,-80.7031,-49.2927,4.16824
CC(C)([NH2+]CC(=O)N1C[C@@H](F)C[C@H]1C#N)c1cccs1,"CHEMBL512890",1770,Done,3.79,-5.16476,"glide_grid_1X70",-6.10726,-0.694095,-0.377435,-0,-2.53194,-28.9513,-11.2329,0.834168,-0.205468,-60.8371,-40.1842,7.29531
C[C@@H](c1ccc(-c2ccncc2Cl)cc1)[C@H](N)C(=O)N1CC[C@H](F)C1,"CHEMBL512895",1771,Done,3.42,-4.94084,"glide_grid_1X70",-5.33084,-1.1374,-0.2364,-0,-1.71958,-37.8201,-5.73642,0.586431,-0.0724258,-56.9171,-43.5565,1.74167
C[C@@H](c1ccc(-c2ccncc2Cl)cc1)[C@H]([NH3+])C(=O)N1CC[C@H](F)C1,"CHEMBL512895",1772,Done,3.79,-7.60527,"glide_grid_1X70",-8.03737,-1.08964,-0.38089,-0,-2.42104,-33.5985,-17.8391,0.40847,-0.198473,-85.1788,-51.4376,3.21182
[NH3+][C@@H](CC(=O)N1CCCCCN1C(=O)c1ccccc1)Cc1cc(F)c(F)cc1F,"CHEMBL513425",1773,Done,7.99,-9.25146,"glide_grid_1X70",-9.26596,-1.12669,-0.997032,-0,-2.18462,-36.3662,-22.8194,0.470247,-0.18665,-99.1149,-59.1856,14.5553
N[C@@H](CC(=O)N1CCCCCN1C(=O)c1ccccc1)Cc1cc(F)c(F)cc1F,"CHEMBL513425",1774,Done,7.66,-3.64685,"glide_grid_1X70",-5.85165,-1.14803,-0.629624,-0,-1.47735,-34.0583,-9.94516,0.674702,-0.0766614,-49.91,-44.0035,20.6371
COc1cccc2sc(C3(NC(=O)C[C@H]([NH3+])Cc4ccccc4F)CCS(=O)(=O)CC3)nc12,"CHEMBL513543",1775,Done,6.66,-9.35685,"glide_grid_1X70",-9.36835,-1.47384,-1.08784,-0,-1.19119,-42.5222,-24.4623,0.352489,-0.172514,-110.754,-66.9845,8.88631
COc1cccc2sc(C3(NC(=O)C[C@H](N)Cc4ccccc4F)CCS(=O)(=O)CC3)nc12,"CHEMBL513543",1776,Done,6.75,-3.70581,"glide_grid_1X70",-6.04861,-1.13147,-0.96,-0,-0.608496,-34.9934,-13.681,0.505448,-0.0522666,-62.0791,-48.6744,9.3419
N#C[C@@H]1C[C@H](F)CN1C(=O)C[NH2+]C1(CO)CCCC1,"CHEMBL513725",1777,Done,11.25,-6.78945,"glide_grid_1X70",-6.89105,-0.682315,-0.548863,-0,-2.733,-24.3061,-18.2366,1.22369,-0.199767,-67.9087,-42.5427,7.53264
N#C[C@@H]1C[C@H](F)CN1C(=O)CNC1(CO)CCCC1,"CHEMBL513725",1778,Done,10.24,-3.35305,"glide_grid_1X70",-4.44795,-0.741637,-0.303456,-0,-2.5119,-26.5945,-4.59762,1.23162,-0.103208,-36.0185,-31.1921,9.80356
CC1(NC(=O)C[C@H]([NH3+])Cc2ccccc2F)CCN(Cc2ccccc2)CC1,"CHEMBL513764",1779,Done,7.05,-7.12044,"glide_grid_1X70",-7.52274,-1.72643,-0.551382,-0,-2.00467,-35.2105,-12.9325,0.644394,-0.184243,-81.5929,-48.143,5.02293
CC1(NC(=O)C[C@H]([NH3+])Cc2ccccc2F)CC[NH+](Cc2ccccc2)CC1,"CHEMBL513764",1780,Done,5.46,-7.97798,"glide_grid_1X70",-8.41658,-1.61659,-0.84686,-0,-1.94298,-34.5953,-18.3931,0.641375,-0.162783,-89.0453,-52.9885,6.18657
CC(C)(CC(=O)N1CCc2ccsc2C1)[C@H](N)C(=O)N1CCC[C@H]1C#N,"CHEMBL514006",1781,Done,6.11,-4.88829,"glide_grid_1X70",-5.21389,-1.44497,-0.629261,-0,-0.310992,-34.3856,-11.241,0.689359,-0.112588,-48.0452,-45.6266,20.3763
CC(C)(CC(=O)N1CCc2ccsc2C1)[C@H]([NH3+])C(=O)N1CCC[C@H]1C#N,"CHEMBL514006",1782,Done,4.83,-6.57743,"glide_grid_1X70",-7.08753,-1.42922,-0.610279,-0,-1.57914,-24.5224,-16.7388,0.480236,-0.212182,-67.6645,-41.2613,3.74898
N#Cc1cccnc1N1CC[NH+]([C@@H]2CN[C@H](C(=O)N3CCC(F)(F)C3)C2)CC1,"CHEMBL514011",1783,Done,5.98,-4.20773,"glide_grid_1X70",-4.31773,-0.226807,-0.197454,-0,-1.06592,-25.6249,-11.8423,0.509441,-0.279411,-50.352,-37.4671,3.20451
N#Cc1cccnc1N1CCN([C@@H]2C[NH2+][C@H](C(=O)N3CCC(F)(F)C3)C2)CC1,"CHEMBL514011",1784,Done,6.65,-5.669,"glide_grid_1X70",-6.8668,-0.831292,-0.380801,-0,-2.00015,-34.8845,-13.8593,0.356609,-0.188041,-76.4384,-48.7438,1.61101
C[C@@H]1CCCN1C(=O)CC(C)(C)[C@H](N)C(=O)N1CCC[C@H]1C#N,"CHEMBL514317",1786,Done,5.74,-3.68474,"glide_grid_1X70",-4.02274,-1.12163,-0.119207,-0,-2.08478,-23.8279,-3.64701,1.09117,-0.0498394,-31.2556,-27.4749,6.5563
C[C@@H]1CCCN1C(=O)CC(C)(C)[C@H]([NH3+])C(=O)N1CCC[C@H]1C#N,"CHEMBL514317",1787,Done,6.24,-5.97558,"glide_grid_1X70",-6.46918,-0.339081,-0.518948,-0,-2.38995,-27.4565,-15.8068,0.7596,-0.236949,-65.9913,-43.2633,5.77697
CC(C)(CC(=O)N[C@H]1C[C@@H]1c1ccc(F)cc1)[NH2+]CC(=O)N1CCC[C@H]1C#N,"CHEMBL514617",1788,Done,6.6,-5.61687,"glide_grid_1X70",-5.89727,-1.00234,-0.514934,-0,-1.30688,-36.5668,-14.6163,1.1674,-0.219727,-74.6074,-51.1831,3.63069
O=C([C@@H]1C[C@H]([NH+]2CCN(c3ncccn3)CC2)CN1)N1CC[C@H](F)C1,"CHEMBL514623",1790,Done,6.48,-5.18669,"glide_grid_1X70",-5.47799,-0.797681,-0.109061,-0,-1.87683,-35.3048,-9.61963,0.624039,-0.110273,-61.9477,-44.9244,1.59652
O=C([C@@H]1C[C@H](N2CCN(c3ncccn3)CC2)C[NH2+]1)N1CC[C@H](F)C1,"CHEMBL514623",1791,Done,5.75,-5.95362,"glide_grid_1X70",-6.63022,-0.800046,-0.368189,-0,-2.28085,-34.6797,-11.3769,0.436827,-0.177443,-71.969,-46.0566,1.21282
O=C([C@@H]1C[C@H]([NH+]2CCN(c3ncccn3)CC2)CN1)N1CC(F)(F)C1,"CHEMBL514935",1793,Done,6.33,-5.26339,"glide_grid_1X70",-5.51129,-0.639206,-0.104915,-0,-2.11302,-32.937,-10.1358,0.611645,-0.0985705,-59.2772,-43.0728,0.807578
O=C([C@@H]1C[C@H](N2CCN(c3ncccn3)CC2)C[NH2+]1)N1CC(F)(F)C1,"CHEMBL514935",1794,Done,6.49,-4.75203,"glide_grid_1X70",-5.56703,-0.720251,-0.39167,-0,-1.61583,-25.0857,-12.1621,0.428151,-0.188828,-53.8553,-37.2478,2.75383
CC(C)(C)[C@H](NC(=O)C[C@@H](N)C(=O)N1CCC[C@H]1C#N)c1ccccc1,"CHEMBL515378",1796,Done,7.01,-4.68053,"glide_grid_1X70",-4.91293,-1.16043,-0.558161,-0,-1.56147,-22.9574,-8.8357,0.903441,-0.063083,-41.8857,-31.7931,3.4831
CC(C)(C)[C@H](NC(=O)C[C@@H]([NH3+])C(=O)N1CCC[C@H]1C#N)c1ccccc1,"CHEMBL515378",1797,Done,7.85,-6.66078,"glide_grid_1X70",-7.32758,-0.614958,-0.785131,-0,-1.66128,-27.6979,-21.6306,0.629236,-0.265964,-73.8711,-49.3285,11.9782
O=C([C@@H]1C[C@H]([NH+]2CCN(c3ncccn3)CC2)CN1)N1CCC(F)(F)C1,"CHEMBL515387",1798,Done,6.25,-5.99137,"glide_grid_1X70",-6.25917,-0.893932,-0.127797,-0,-2.42498,-33.0956,-10.8077,0.570641,-0.107171,-64.2834,-43.9033,1.1085
O=C([C@@H]1C[C@H](N2CCN(c3ncccn3)CC2)C[NH2+]1)N1CCC(F)(F)C1,"CHEMBL515387",1799,Done,5.23,-6.08637,"glide_grid_1X70",-6.83187,-0.903524,-0.275156,-0,-2.3806,-34.6726,-11.8198,0.399448,-0.165436,-73.3075,-46.4924,0.661454
N#C[C@@H]1CCCN1C(=O)[C@@H](N)CCC(=O)Nc1ccccc1,"CHEMBL515435",1801,Done,5.47,-5.25431,"glide_grid_1X70",-5.55551,-1.66145,-0.35836,-0,-1.80686,-27.3371,-9.59143,1.22246,-0.145739,-44.8836,-36.9285,14.7352
N#C[C@@H]1CCCN1C(=O)[C@@H]([NH3+])CCC(=O)Nc1ccccc1,"CHEMBL515435",1802,Done,5.83,-6.8045,"glide_grid_1X70",-7.3496,-1.20775,-0.72,-0,-2.08805,-18.4421,-23.3089,1.21531,-0.130673,-70.3624,-41.751,4.96157
CC(C)(CC(=O)N[C@H]1C[C@@H]1c1ccc(F)cc1F)[NH2+]CC(=O)N1CCC[C@H]1C#N,"CHEMBL515552",1803,Done,6.42,-5.23209,"glide_grid_1X70",-5.51249,-1.2244,-0.400089,-0,-1.10795,-35.3322,-12.3419,1.0759,-0.238053,-66.401,-47.6741,6.54391
O=C([C@@H]1C[C@H]([NH+]2CCN(c3nc4ccccc4o3)CC2)CN1)N1CCC(F)(F)C1,"CHEMBL515597",1805,Done,5.76,-6.19569,"glide_grid_1X70",-6.29289,-0.990782,-0.128437,-0,-1.98974,-33.8181,-12.2305,0.476084,-0.134537,-66.1913,-46.0486,0.521568
O=C([C@@H]1C[C@H](N2CCN(c3nc4ccccc4o3)CC2)C[NH2+]1)N1CCC(F)(F)C1,"CHEMBL515597",1806,Done,5.22,-5.60028,"glide_grid_1X70",-6.86548,-1.57706,-0.395758,-0,-1.37548,-36.9867,-12.7625,0.476084,-0.229565,-70.5725,-49.7491,16.2973
O=C([C@@H]1C[C@H]([NH+]2CCN(c3ncccn3)CC2)CN1)N1CC(F)(F)C(F)(F)C1,"CHEMBL515869",1808,Done,5.75,-6.2551,"glide_grid_1X70",-6.4601,-0.950987,-0.181344,-0,-2.26208,-30.4902,-12.7703,0.482593,-0.108219,-64.5193,-43.2605,0.927808
O=C([C@@H]1C[C@H](N2CCN(c3ncccn3)CC2)C[NH2+]1)N1CC(F)(F)C(F)(F)C1,"CHEMBL515869",1809,Done,4.79,-6.18898,"glide_grid_1X70",-7.15268,-0.817499,-0.4,-0,-2.25664,-29.7621,-15.465,0.337815,-0.208508,-70.7703,-45.227,2.65781
CCOC(=O)N1CCN(C(=O)CC[C@H](N)C(=O)N2CCC[C@H]2C#N)CC1,"CHEMBL516080",1811,Done,11.12,-3.63418,"glide_grid_1X70",-3.87798,-0.860554,-0.605262,-0,-1.21522,-32.6277,-4.23992,1.1524,-0.0819734,-42.8581,-36.8676,5.65635
CCOC(=O)N1CCN(C(=O)CC[C@H]([NH3+])C(=O)N2CCC[C@H]2C#N)CC1,"CHEMBL516080",1812,Done,12.54,-5.45295,"glide_grid_1X70",-6.09685,-0.898316,-0.440948,-0,-1.95072,-30.7982,-12.5568,0.802722,-0.186162,-62.9561,-43.355,4.66367
[NH3+][C@@H](CC(=O)N1CCn2c(nnc2C(F)(F)C(F)(F)F)C1)Cc1cc(F)c(F)cc1F,"CHEMBL517072",1813,Done,5.44,-8.69623,"glide_grid_1X70",-8.70843,-0.930396,-0.87317,-0,-2.09223,-33.2609,-21.3558,0.335094,-0.281301,-94.44,-54.6168,7.26671
N[C@@H](CC(=O)N1CCn2c(nnc2C(F)(F)C(F)(F)F)C1)Cc1cc(F)c(F)cc1F,"CHEMBL517072",1814,Done,5.06,-2.20519,"glide_grid_1X70",-4.51219,-1.12284,-0.332857,-0,-1.57056,-30.3556,-2.15598,0.480628,-0.125384,-41.4339,-32.5115,6.72146
CC(C)(CC(=O)N[C@H]1C[C@@H]1c1cccc(Cl)c1)[NH2+]CC(=O)N1C[C@@H](F)C[C@H]1C#N,"CHEMBL517776",1815,Done,7.41,-5.01334,"glide_grid_1X70",-5.35024,-0.747117,-0.3793,-0,-1.71103,-30.2075,-11.7889,1.00134,-0.23543,-61.4165,-41.9963,9.75515
[NH3+][C@@H](CC(=O)N1CCC[NH2+]CC1)Cc1cc(F)c(F)cc1F,"CHEMBL519139",1819,Done,10.63,-10.0987,"glide_grid_1X70",-10.1217,-1.06254,-0.867139,-0,-2.98627,-29.3796,-26.4199,0.38846,-0.162232,-103.891,-55.7995,5.36176
[NH3+][C@@H](CC(=O)N1CCCNCC1)Cc1cc(F)c(F)cc1F,"CHEMBL519139",1820,Done,16.1,-7.40412,"glide_grid_1X70",-9.73922,-1.20307,-0.926226,-0,-3.05634,-30.8538,-21.592,0.390642,-0.162742,-93.7247,-52.4458,6.03424
N[C@@H](CC(=O)N1CCC[NH2+]CC1)Cc1cc(F)c(F)cc1F,"CHEMBL519139",1821,Done,9.55,-4.18956,"glide_grid_1X70",-6.54866,-1.18539,-0.185402,-0,-2.46494,-30.3673,-10.7456,0.558059,-0.14078,-56.301,-41.113,10.432
N#Cc1ccc(N2C[C@@H]3[C@H](C2)[C@H]3[NH2+]CC(=O)N2C[C@@H](F)C[C@H]2C#N)nc1,"CHEMBL519265",1822,Done,3.97,-7.33867,"glide_grid_1X70",-7.57727,-0.957856,-0.544504,-0,-2.34882,-37.5487,-15.8834,0.756918,-0.223062,-82.106,-53.4321,11.0261
N#C[C@@H]1C[C@H](F)CN1C(=O)C[NH2+][C@H]1[C@@H]2CN(c3ncccc3Cl)C[C@@H]21,"CHEMBL519272",1824,Done,6.47,-6.10677,"glide_grid_1X70",-6.34537,-0.881618,-0.370604,-0,-2.10539,-31.4669,-12.8454,0.722375,-0.209977,-68.9248,-44.3123,4.46345
CC(C)(CNC(=O)c1ccc2[nH]cnc2c1)[NH2+]CC(=O)N1C[C@@H](F)C[C@H]1C#N,"CHEMBL519585",1826,Done,4.52,-6.10048,"glide_grid_1X70",-6.80618,-0.826649,-0.56,-0,-1.94905,-31.2684,-17.17,0.908147,-0.239706,-69.3697,-48.4384,17.9829
CC(C)(CNC(=O)c1ccc2[nH]cnc2c1)NCC(=O)N1C[C@@H](F)C[C@H]1C#N,"CHEMBL519585",1827,Done,5.62,-0.366879,"glide_grid_1X70",-1.18148,-0.390145,-0.437349,-0,1.15315,-28.2898,-3.0147,0.638682,-0.279119,-24.4852,-31.3045,13.1269
CC(C)(CNC(=O)c1ccc2nc[nH]c2c1)[NH2+]CC(=O)N1C[C@@H](F)C[C@H]1C#N,"CHEMBL519585",1828,Done,6.19,-5.74229,"glide_grid_1X70",-6.59309,-0.88112,-0.65892,-0,-1.94235,-31.7612,-14.633,0.908147,-0.235844,-68.9984,-46.3942,17.4676
[NH3+][C@@H](CC(=O)N1CCCN(c2ncccn2)CC1)Cc1cc(F)c(F)cc1F,"CHEMBL519773",1830,Done,8.92,-9.1406,"glide_grid_1X70",-9.1493,-1.2913,-0.835431,-0,-2.54013,-35.6557,-19.7059,0.439735,-0.183498,-94.927,-55.3616,9.78263
N[C@@H](CC(=O)N1CCCN(c2ncccn2)CC1)Cc1cc(F)c(F)cc1F,"CHEMBL519773",1831,Done,8.41,-2.42909,"glide_grid_1X70",-4.93159,-1.21269,-0.295065,-0,-1.70039,-34.9422,-3.79576,0.631089,-0.0380624,-46.5678,-38.738,8.47561
C[C@@H](c1nc(-c2ccc(OC(F)(F)F)cc2)no1)[C@H]([NH3+])Cc1cc(F)ccc1F,"CHEMBL520067",1832,Done,5.62,-8.51861,"glide_grid_1X70",-8.54961,-1.7239,-0.607196,-0,-2.41097,-35.6432,-15.3052,0.402355,-0.131974,-88.6447,-50.9483,3.79223
C[C@@H](c1nc(-c2ccc(OC(F)(F)F)cc2)no1)[C@H](N)Cc1cc(F)ccc1F,"CHEMBL520067",1833,Done,4.89,-2.69758,"glide_grid_1X70",-4.46188,-0.845374,-0.57229,-0,-0.881255,-24.1859,-9.79504,0.577326,-0.0617327,-41.7432,-33.9809,6.38657
[NH3+][C@@H](CC(=O)N1CCC[N@H+](Cc2ccccc2)CC1)Cc1cc(F)c(F)cc1F,"CHEMBL520089",1834,Done,7.38,-8.97574,"glide_grid_1X70",-9.25094,-0.951733,-0.888936,-0,-2.3195,-31.2764,-25.4735,0.497628,-0.203555,-98.4851,-56.7499,12.8248
[NH3+][C@@H](CC(=O)N1CCCN(Cc2ccccc2)CC1)Cc1cc(F)c(F)cc1F,"CHEMBL520089",1835,Done,7.08,-8.47351,"glide_grid_1X70",-9.08811,-1.18612,-0.883998,-0,-2.40559,-34.8255,-21.4062,0.499855,-0.160048,-93.3433,-56.2317,14.3445
N[C@@H](CC(=O)N1CCC[N@H+](Cc2ccccc2)CC1)Cc1cc(F)c(F)cc1F,"CHEMBL520089",1836,Done,6.01,-2.84143,"glide_grid_1X70",-5.47333,-1.15503,-0.298476,-0,-1.92494,-26.3854,-9.48263,0.714078,-0.0673009,-50.2066,-35.8681,5.40862
N#Cc1c(N2C[C@@H]3[C@H](C2)[C@H]3[NH2+]CC(=O)N2C[C@@H](F)C[C@H]2C#N)cccc1C(F)(F)F,"CHEMBL520266",1837,Done,6.61,-6.11737,"glide_grid_1X70",-6.35087,-0.722634,-0.4,-0,-1.94654,-36.3093,-11.6595,0.55515,-0.27245,-72.6068,-47.9688,5.35304
N#Cc1c(F)cc(N2C[C@@H]3[C@H](C2)[C@H]3[NH2+]CC(=O)N2C[C@@H](F)C[C@H]2C#N)cc1F,"CHEMBL520434",1839,Done,3.89,-7.60026,"glide_grid_1X70",-7.84096,-1.03477,-0.703476,-0,-2.32976,-35.0602,-14.9848,0.447929,-0.220153,-77.5563,-50.045,15.0479
N#Cc1c(F)cc(F)cc1N1C[C@@H]2[C@H](C1)[C@H]2[NH2+]CC(=O)N1C[C@@H](F)C[C@H]1C#N,"CHEMBL520921",1843,Done,5.73,-7.23822,"glide_grid_1X70",-7.47892,-1.11515,-0.351911,-0,-2.21986,-35.2631,-14.2905,0.447929,-0.333194,-76.9527,-49.5536,10.7863
N#C[C@@H]1C[C@H](F)CN1C(=O)C[NH2+]CCNc1ccc(C(N)=O)cn1,"CHEMBL521224",1845,Done,7.62,-7.45797,"glide_grid_1X70",-7.72247,-1.05032,-0.464595,-0,-2.51475,-33.4541,-19.854,1.17466,-0.216663,-83.4183,-53.3081,11.876
N#C[C@@H]1C[C@H](F)CN1C(=O)CNCCNc1ccc(C(N)=O)cn1,"CHEMBL521224",1846,Done,9.98,-5.42182,"glide_grid_1X70",-6.02702,-1.24086,-0.718968,-0,-1.76979,-28.3178,-12.7477,1.18093,-0.150299,-55.566,-41.0655,7.79412
[NH3+][C@@H](CC(=O)N1CCCN(C(=O)Nc2ccccc2)CC1)Cc1cc(F)c(F)cc1F,"CHEMBL521267",1847,Done,19.32,-9.50494,"glide_grid_1X70",-9.51434,-1.17132,-1.20291,-0,-1.9659,-35.4104,-24.7136,0.514852,-0.211493,-102.652,-60.124,11.4457
N#C[C@@H]1CCCN1C(=O)[C@@H](N)CC(=O)N1Cc2ccccc2C1,"CHEMBL522002",1849,Done,2.56,-5.22388,"glide_grid_1X70",-5.44478,-1.57464,-0.304,-0,-1.79075,-35.0648,-4.19708,0.760814,-0.153413,-41.7309,-39.2619,22.8521
N#C[C@@H]1CCCN1C(=O)[C@@H]([NH3+])CC(=O)N1Cc2ccccc2C1,"CHEMBL522002",1850,Done,2.76,-7.63979,"glide_grid_1X70",-8.33149,-1.48922,-0.67207,-0,-2.03617,-25.1024,-22.8177,0.756518,-0.212779,-79.495,-47.9201,3.24908
N#C[C@@H]1CCCN1C(=O)N[C@H](C[NH3+])C1CCCCC1,"CHEMBL522911",1852,Done,3.65,-7.13522,"glide_grid_1X70",-7.14052,-1.20107,-0.337969,-0,-2.63102,-21.9478,-15.0955,0.530625,-0.139375,-63.8375,-37.0433,2.19073
N#C[C@@H]1CCCN1C(=O)N[C@@H](C[NH3+])C1CCCCC1,"CHEMBL523066",1853,Done,3.82,-7.63661,"glide_grid_1X70",-7.64191,-0.709038,-0.870821,-0,-2.39529,-17.0371,-21.1846,0.530625,-0.167837,-65.182,-38.2218,4.23909
Nc1nccnc1C(=O)N1CCC([C@H]([NH3+])Cc2cc(F)c(F)cc2F)CC1,"CHEMBL525011",1854,Done,8.11,-9.08629,"glide_grid_1X70",-9.09029,-1.31177,-0.957751,-0,-2.65266,-36.4911,-17.9842,0.469263,-0.115194,-91.9793,-54.4753,8.81616
Nc1nc2ccccc2c(-c2ccc(Cl)cc2Cl)c1C[NH3+],"CHEMBL525183",1855,Done,1.64,-7.81484,"glide_grid_1X70",-8.00424,-1.40092,-0.553475,-0,-2.01038,-26.922,-17.7353,0.128163,-0.161237,-75.6769,-44.6573,0.68911
NCc1c(N)nc2ccccc2c1-c1ccc(Cl)cc1Cl,"CHEMBL525183",1856,Done,1.6,-4.61,"glide_grid_1X70",-5.4183,-1.41139,-0.39333,-0,-1.47869,-27.4911,-5.92974,0.184112,-0.0549937,-43.0764,-33.4208,1.10657
NCc1c(N)[nH+]c2ccccc2c1-c1ccc(Cl)cc1Cl,"CHEMBL525183",1857,Done,1.67,-2.61858,"glide_grid_1X70",-4.99788,-0.809943,-0.351685,-0,-1.41242,-8.33997,-14.179,0.183089,-0.0630775,-30.5881,-22.519,10.2312
N#C[C@@H]1CCCN1C(=O)/C(N)=C/C(=O)N1Cc2ccccc2C1,"CHEMBL527015",1858,Done,2.05,-4.51522,"glide_grid_1X70",-4.92592,-0.815108,-0.410934,-0,-1.39085,-34.3445,-5.85705,0.577139,-0.290387,-43.3509,-40.2016,16.1318
C[C@@H](c1nc(-c2ccc(S(C)(=O)=O)cc2Cl)no1)[C@H]([NH3+])Cc1cc(F)c(F)cc1F,"CHEMBL527198",1860,Done,3.64,-8.51548,"glide_grid_1X70",-8.54648,-1.24061,-0.407094,-0,-1.76723,-36.7456,-21.0154,0.26538,-0.40735,-94.083,-57.761,13.3761
C[C@@H](c1nc(-c2ccc(S(C)(=O)=O)cc2Cl)no1)[C@H](N)Cc1cc(F)c(F)cc1F,"CHEMBL527198",1861,Done,3.69,-2.88639,"glide_grid_1X70",-4.65069,-0.650477,-0.33093,-0,-0.587147,-30.0095,-11.6817,0.38063,-0.21004,-51.1938,-41.6912,5.55897
N[C@@H](CC(=O)N1CCC[C@H]1CO)C(=O)N1CC[C@H](F)C1,"CHEMBL527424",1862,Done,11.12,-6.49708,"glide_grid_1X70",-6.84528,-0.756289,-0.850958,-0,-2.40398,-23.4857,-15.2654,0.770497,-0.140449,-55.2669,-38.7512,4.16378
[NH3+][C@@H](CC(=O)N1CCC[C@H]1CO)C(=O)N1CC[C@H](F)C1,"CHEMBL527424",1863,Done,9.68,-8.66956,"glide_grid_1X70",-9.15006,-0.971964,-1.01883,-0,-2.63442,-24.9175,-25.2837,0.76581,-0.252238,-88.3441,-50.2012,4.94026
O=C([C@@H]1C[C@H](Nc2cccc3ccccc23)CN1)N1Cc2ccccc2C1,"CHEMBL527647",1864,Done,4.54,10000,"glide_grid_1X70",10000,-1.53346,-0.170524,-0,-1.77193,13.6195,-2.83275,0.599337,-0.175131,10000,10.7868,6.2498
O=C([C@@H]1C[C@H](Nc2cccc3ccccc23)C[NH2+]1)N1Cc2ccccc2C1,"CHEMBL527647",1865,Done,3.95,-4.39624,"glide_grid_1X70",-6.85204,-1.67147,-0.4,-0,-1.78923,-34.6172,-11.0298,0.596338,-0.202353,-71.5887,-45.647,0.385164
[NH3+][C@@H](CC(=O)N1CCCN1)Cc1cc(F)c(F)cc1F,"CHEMBL534959",1866,Done,4.75,-9.32641,"glide_grid_1X70",-9.33371,-1.03222,-0.884735,-0,-3.10942,-27.7933,-21.4152,0.459624,-0.16501,-86.8356,-49.2085,8.04493
N[C@@H](CC(=O)N1CCCN1)Cc1cc(F)c(F)cc1F,"CHEMBL534959",1867,Done,4.33,-4.16411,"glide_grid_1X70",-6.76891,-1.07927,-0.773569,-0,-2.58424,-27.7498,-10.2561,0.660624,-0.0665579,-51.2457,-38.0059,8.1428
Cc1ccc(S(=O)(=O)N2CCCN2C(=O)C[C@H]([NH3+])Cc2cc(F)c(F)cc2F)cc1,"CHEMBL534960",1868,Done,6.79,-8.95016,"glide_grid_1X70",-8.96706,-1.33936,-0.866062,-0,-1.54977,-39.1244,-23.2778,0.428692,-0.192674,-101.965,-62.4022,12.7576
Cc1ccc(S(=O)(=O)N2CCCN2C(=O)C[C@H](N)Cc2cc(F)c(F)cc2F)cc1,"CHEMBL534960",1869,Done,7.24,-3.15896,"glide_grid_1X70",-5.27356,-0.823228,-0.551141,-0,-1.27975,-27.362,-11.9225,0.614957,-0.0779296,-51.5213,-39.2844,5.62431
[NH3+][C@@H](CC(=O)N1CCCCN1C(=O)c1ccccc1)Cc1cc(F)c(F)cc1F,"CHEMBL535180",1870,Done,5.63,-8.01566,"glide_grid_1X70",-8.03016,-1.49776,-0.524411,-0,-2.44806,-40.2307,-11.8829,0.49995,-0.265904,-82.6331,-52.1136,15.3591
N[C@@H](CC(=O)N1CCCCN1C(=O)c1ccccc1)Cc1cc(F)c(F)cc1F,"CHEMBL535180",1871,Done,5.5,-2.47949,"glide_grid_1X70",-4.68299,-0.904067,-0.423393,-0,-1.20753,-25.5733,-9.67662,0.717418,-0.135259,-42.6879,-35.2499,10.6757
CC1(C)c2nnc(C(F)(F)F)n2CCN1C(=O)C[C@H]([NH3+])Cc1cc(F)c(F)cc1F,"CHEMBL536088",1872,Done,5.58,-9.48918,"glide_grid_1X70",-9.50058,-1.17155,-0.838038,-0,-2.23138,-37.2137,-22.6169,0.293087,-0.299475,-103.178,-59.8306,7.37125
CC1(C)c2nnc(C(F)(F)F)n2CCN1C(=O)C[C@H](N)Cc1cc(F)c(F)cc1F,"CHEMBL536088",1873,Done,5.64,-2.34008,"glide_grid_1X70",-4.68778,-0.924335,-0.576,-0,-0.790263,-22.064,-10.522,0.420455,-0.136129,-42.6969,-32.586,6.17906
C[C@@H]1c2nnc(C(F)(F)F)n2[C@@H](C)CN1C(=O)C[C@H]([NH3+])Cc1cc(F)c(F)cc1F,"CHEMBL536089",1874,Done,5.01,-8.72171,"glide_grid_1X70",-8.73351,-1.04633,-0.420889,-0,-2.2099,-33.4014,-22.7571,0.293087,-0.265843,-92.1386,-56.1585,7.92892
C[C@@H]1c2nnc(C(F)(F)F)n2[C@@H](C)CN1C(=O)C[C@H](N)Cc1cc(F)c(F)cc1F,"CHEMBL536089",1875,Done,4.78,-2.79144,"glide_grid_1X70",-5.11964,-0.853538,-0.519697,-0,-1.30507,-22.7612,-10.4085,0.420455,-0.162463,-44.4605,-33.1697,4.95668
C[C@@H]1c2nnc(C(F)(F)F)n2[C@H](C)CN1C(=O)C[C@H]([NH3+])Cc1cc(F)c(F)cc1F,"CHEMBL536311",1876,Done,5.18,-8.84489,"glide_grid_1X70",-8.85669,-0.925194,-0.880935,-0,-2.08852,-32.4404,-22.8295,0.293087,-0.208694,-95.6272,-55.2698,5.04016
C[C@@H]1c2nnc(C(F)(F)F)n2[C@H](C)CN1C(=O)C[C@H](N)Cc1cc(F)c(F)cc1F,"CHEMBL536311",1877,Done,4.6,-4.36017,"glide_grid_1X70",-6.68837,-1.04131,-0.77352,-0,-1.79898,-32.5656,-11.8173,0.420455,-0.0941402,-60.4787,-44.3829,7.98888
CC1(C)CN(C(=O)C[C@H]([NH3+])Cc2cc(F)c(F)cc2F)Cc2nnc(C(F)(F)F)n21,"CHEMBL536765",1878,Done,4.36,-8.81928,"glide_grid_1X70",-8.83118,-0.923766,-0.883195,-0,-2.20528,-33.5172,-21.1951,0.293087,-0.256896,-93.5276,-54.7123,7.77159
CC1(C)CN(C(=O)C[C@H](N)Cc2cc(F)c(F)cc2F)Cc2nnc(C(F)(F)F)n21,"CHEMBL536765",1879,Done,4.36,-3.45396,"glide_grid_1X70",-5.77686,-0.889278,-0.576,-0,-1.36201,-30.6915,-11.4858,0.420455,-0.112581,-53.3549,-42.1773,9.96311
C=CC[C@@H]1c2nnc(C(F)(F)F)n2CCN1C(=O)C[C@H]([NH3+])Cc1cc(F)c(F)cc1F,"CHEMBL537000",1880,Done,7.39,-9.49121,"glide_grid_1X70",-9.50341,-1.10212,-0.891782,-0,-2.07436,-36.7019,-24.9455,0.418483,-0.276705,-106.195,-61.6474,8.22584
C=CC[C@@H]1c2nnc(C(F)(F)F)n2CCN1C(=O)C[C@H](N)Cc1cc(F)c(F)cc1F,"CHEMBL537000",1881,Done,7.18,-4.00914,"glide_grid_1X70",-6.31714,-0.901204,-0.536129,-0,-1.46458,-36.6604,-12.8131,0.600283,-0.260534,-67.278,-49.4734,5.22651
[NH3+][C@@H](CC(=O)N1CCn2c(nnc2C(F)(F)F)C1)Cc1cc(F)ccc1F,"CHEMBL537400",1882,Done,4.2,-9.96572,"glide_grid_1X70",-9.97792,-1.0848,-0.879143,-0,-2.60383,-37.251,-24.1383,0.358428,-0.285285,-107.356,-61.3893,6.28309
N[C@@H](CC(=O)N1CCn2c(nnc2C(F)(F)F)C1)Cc1cc(F)ccc1F,"CHEMBL537400",1883,Done,4.28,-5.06486,"glide_grid_1X70",-7.37186,-1.12135,-0.761668,-0,-1.97116,-35.7804,-13.9877,0.514423,-0.144936,-68.1056,-49.768,8.5467
[NH3+][C@@H](CC(=O)N1CCn2cnnc2C1)Cc1ccc(F)c(F)c1,"CHEMBL537625",1885,Done,4.06,-9.14098,"glide_grid_1X70",-9.15318,-0.795444,-0.877643,-0,-2.70522,-32.9259,-22.0613,0.377942,-0.197324,-93.2896,-54.9872,8.07558
N[C@@H](CC(=O)N1CCn2cnnc2C1)Cc1ccc(F)c(F)c1,"CHEMBL537625",1886,Done,4.02,-4.36662,"glide_grid_1X70",-6.67362,-0.957573,-0.576,-0,-2.09566,-26.1901,-14.1164,0.542907,-0.160328,-52.2651,-40.3065,10.5182
CCc1nnc2n1CCN(C(=O)C[C@H]([NH3+])Cc1ccc(F)c(F)c1)C2,"CHEMBL537844",1887,Done,3.87,-10.0772,"glide_grid_1X70",-10.0894,-1.13577,-0.871961,-0,-3.0644,-37.1538,-22.8164,0.434702,-0.171818,-104.926,-59.9702,6.79739
CCc1nnc2n1CCN(C(=O)C[C@H](N)Cc1ccc(F)c(F)c1)C2,"CHEMBL537844",1888,Done,3.83,-3.98264,"glide_grid_1X70",-6.28964,-1.13897,-0.572213,-0,-2.37959,-30.2499,-8.40154,0.624192,-0.050332,-52.3884,-38.6514,4.9799
CN(C)C(=O)[C@@H](c1ccc(-c2ccc3ncnn3c2)cc1)[C@H](N)C(=O)N1CCC(F)(F)C1,"CHEMBL537869",1889,Done,3.03,-6.5702,"glide_grid_1X70",-6.744,-1.1006,-0.578295,-0,-1.61248,-39.4617,-12.4646,0.510377,-0.120238,-67.372,-51.9262,11.9594
CN(C)C(=O)[C@@H](c1ccc(-c2ccc3ncnn3c2)cc1)[C@H]([NH3+])C(=O)N1CCC(F)(F)C1,"CHEMBL537869",1890,Done,3.46,-7.86778,"glide_grid_1X70",-8.67928,-0.900278,-1.06913,-0,-1.42107,-33.92,-24.5834,0.355791,-0.261077,-97.1189,-58.5035,4.68465
[NH3+][C@H]1Cn2c(nc3c(F)cccc32)C[C@@H]1c1cc(F)c(F)cc1F,"CHEMBL537962",1891,Done,1.32,-9.1975,"glide_grid_1X70",-9.2479,-1.1101,-0.451595,-0,-2.6724,-30.3839,-22.3265,0.116879,-0.26252,-90.5705,-52.7104,0.0197269
N[C@H]1Cn2c(nc3c(F)cccc32)C[C@@H]1c1cc(F)c(F)cc1F,"CHEMBL537962",1892,Done,1.4,-4.6832,"glide_grid_1X70",-6.2062,-1.01508,-0.412173,-0,-2.00971,-27.5713,-9.38074,0.16786,-0.151421,-51.3275,-36.9521,0.375147
[NH3+][C@@H](CC(=O)N1CCn2c(nnc2C(F)(F)F)C1)Cc1cc(F)c(F)cc1F,"CHEMBL539077",1893,Done,4.48,-10.0108,"glide_grid_1X70",-10.023,-1.0483,-0.877825,-0,-2.62677,-37.2737,-24.3386,0.330509,-0.286106,-106.505,-61.6123,6.9872
N[C@@H](CC(=O)N1CCn2c(nnc2C(F)(F)F)C1)Cc1cc(F)c(F)cc1F,"CHEMBL539077",1894,Done,4.29,-5.43653,"glide_grid_1X70",-7.74353,-1.08378,-0.764578,-0,-2.21755,-36.9995,-14.1098,0.474265,-0.185433,-70.7068,-51.1094,8.86028
[NH3+][C@@H](CC(=O)N1CCC[C@H]1CNS(=O)(=O)c1ccccc1)Cc1ccccc1F,"CHEMBL539187",1895,Done,8.29,-7.74848,"glide_grid_1X70",-7.75768,-1.23748,-0.723888,-0,-1.65657,-34.484,-18.1272,0.548447,-0.244898,-80.509,-52.6113,16.5701
N[C@@H](CC(=O)N1CCC[C@H]1CNS(=O)(=O)c1ccccc1)Cc1ccccc1F,"CHEMBL539187",1896,Done,8.73,-3.04786,"glide_grid_1X70",-5.52136,-1.35907,-0.767409,-0,-0.763951,-37.5402,-9.82596,0.786902,-0.0669341,-54.1544,-47.3662,16.5548
CCOC(=O)c1cnc(C[NH3+])c2c(OC)c(OC)c(OC)cc12,"CHEMBL539243",1897,Done,4,-5.04024,"glide_grid_1X70",-5.24614,-0.826743,-0.434932,-0,-1.443,-11.8462,-14.3882,0.361892,-0.152821,-31.728,-26.2344,13.1018
CCOC(=O)c1cnc(CN)c2c(OC)c(OC)c(OC)cc12,"CHEMBL539243",1898,Done,3.71,-2.62117,"glide_grid_1X70",-3.36937,-0.459524,-0.236785,-0,-1.38232,-27.1884,-1.96815,0.363901,0,-33.6995,-29.1565,5.40008
CCOC(=O)c1cnc(C[NH3+])c2cc(OC)c(OC)c(OC)c12,"CHEMBL539500",1900,Done,3.76,-6.49348,"glide_grid_1X70",-6.66618,-0.397239,-0.727762,-0,-1.80125,-22.8831,-18.3273,0.253324,-0.1,-64.6952,-41.2105,5.70719
CCOC(=O)c1cnc(CN)c2cc(OC)c(OC)c(OC)c12,"CHEMBL539500",1901,Done,3.73,-2.79362,"glide_grid_1X70",-3.61122,-0.119154,-0.322505,-0,-1.22495,-25.8533,-6.39675,0.363901,-0.0563281,-37.9683,-32.2501,2.92255
[NH3+][C@@H](CC(=O)N1CCCN1C(=O)c1ccccc1)Cc1cc(F)c(F)cc1F,"CHEMBL539610",1902,Done,14.07,-8.82366,"glide_grid_1X70",-8.83866,-0.958675,-0.893511,-0,-2.41759,-32.3368,-22.1074,0.532572,-0.168512,-90.5912,-54.4442,12.4473
N[C@@H](CC(=O)N1CCCN1C(=O)c1ccccc1)Cc1cc(F)c(F)cc1F,"CHEMBL539610",1903,Done,10.97,-4.17183,"glide_grid_1X70",-6.35773,-0.989533,-0.719024,-0,-1.78123,-34.5151,-12.1334,0.764342,-0.0865351,-60.7436,-46.6484,11.5807
[NH3+][C@@H](CC(=O)N1CCCCCN1C(=O)c1ccccc1)Cc1cc(F)c(F)cc1F,"CHEMBL539611",1904,Done,7.98,-9.25146,"glide_grid_1X70",-9.26596,-1.12669,-0.997032,-0,-2.18462,-36.3662,-22.8194,0.470247,-0.18665,-99.1149,-59.1856,14.5553
N[C@@H](CC(=O)N1CCCCCN1C(=O)c1ccccc1)Cc1cc(F)c(F)cc1F,"CHEMBL539611",1905,Done,7.66,-3.64685,"glide_grid_1X70",-5.85165,-1.14803,-0.629624,-0,-1.47735,-34.0583,-9.94516,0.674702,-0.0766614,-49.91,-44.0035,20.6371
N#C[C@@H]1CS[C@H]2C[C@@H](N)C(=O)N12,"CHEMBL539691",1906,Done,0.8,-3.98345,"glide_grid_1X70",-4.17215,-0.0682551,-0.238353,-0,-2.15978,-16.3321,-5.17982,0,-0.112178,-27.8127,-21.5119,0
N#C[C@@H]1CS[C@H]2C[C@@H]([NH3+])C(=O)N12,"CHEMBL539691",1907,Done,0.82,-5.69974,"glide_grid_1X70",-6.46944,-0.020306,-0.411005,-0,-2.71573,-16.0739,-15.6113,0,-0.177018,-52.8993,-31.6852,0
CCCNC(=O)c1cnc(C[NH3+])c2cc(OC)c(OC)cc12,"CHEMBL539758",1908,Done,5.88,-5.7343,"glide_grid_1X70",-5.912,-0.265409,-0.776139,-0,-1.86388,-21.8943,-14.7403,0.418041,-0.118857,-59.1308,-36.6346,1.15872
CCCNC(=O)c1cnc(CN)c2cc(OC)c(OC)cc12,"CHEMBL539758",1909,Done,4.8,-3.09905,"glide_grid_1X70",-3.90555,-0.360471,-0.555874,-0,-1.39021,-24.6572,-6.44543,0.600683,0,-35.4983,-31.1026,9.77367
N#C[C@@H]1CCCN1C(=O)[C@@H]1C[C@H](NC(=O)c2ccccc2)CN1,"CHEMBL539939",1910,Done,8.34,-2.0758,"glide_grid_1X70",-2.0827,-0.752613,-0.240801,-0,0.349267,-29.7737,-2.82618,0.665713,-0.191656,-29.3779,-32.5999,9.24771
N#C[C@@H]1CCCN1C(=O)[C@@H]1C[C@H](NC(=O)c2ccccc2)C[NH2+]1,"CHEMBL539939",1911,Done,8.1,-3.84837,"glide_grid_1X70",-6.49007,-0.768893,-0.471582,-0,-2.18951,-27.3927,-14.2615,0.661953,-0.213175,-64.4086,-41.6543,1.06823
COc1cccc([C@H]2CN3CCc4cc(OC)c(OC)cc4[C@@H]3C[C@@H]2[NH3+])c1,"CHEMBL540711",1912,Done,3.12,-6.95479,"glide_grid_1X70",-6.98249,-1.28714,-0.563122,-0,-1.56026,-35.4956,-11.9737,0.0988694,-0.1,-73.3947,-47.4693,7.65324
COc1cccc([C@H]2CN3CCc4cc(OC)c(OC)cc4[C@@H]3C[C@@H]2N)c1,"CHEMBL540711",1913,Done,2.97,-2.13817,"glide_grid_1X70",-4.22537,-1.00647,-0.334424,-0,-1.04625,-33.4366,-2.05549,0.141933,0,-43.6433,-35.492,4.33269
COc1cccc([C@H]2C[N@H+]3CCc4cc(OC)c(OC)cc4[C@@H]3C[C@@H]2N)c1,"CHEMBL540711",1914,Done,2.67,-2.37589,"glide_grid_1X70",-5.09089,-1.06325,-0.377366,-0,-1.03847,-32.7807,-7.31857,0.141242,-0.0162193,-53.1554,-40.0993,3.91681
NC(=O)c1ccc(OCC2(NCC(=O)c3ccsc3)CCCC2)cc1,"CHEMBL541664",1915,Done,21.04,-3.34031,"glide_grid_1X70",-3.39451,-0.335446,-0.567445,-0,-0.952204,-23.217,-7.19115,0.894509,-0.194403,-34.8701,-30.4081,12.4487
NC(=O)c1ccc(OCC2([NH2+]CC(=O)c3ccsc3)CCCC2)cc1,"CHEMBL541664",1916,Done,14.2,-5.51619,"glide_grid_1X70",-6.96049,-1.04763,-0.699867,-0,-1.72195,-35.9987,-16.2,0.890044,-0.151159,-72.5989,-52.1987,15.8911
COc1cc2c(C=O)cnc(C[NH3+])c2cc1OC,"CHEMBL543057",1917,Done,2.49,-6.55853,"glide_grid_1X70",-6.77953,-0.0903599,-0.727682,-0,-2.30458,-18.3748,-17.5879,0,-0.1,-56.4712,-35.9626,8.62208
COc1cc2c(C=O)cnc(CN)c2cc1OC,"CHEMBL543057",1918,Done,2.37,-3.27714,"glide_grid_1X70",-3.97374,-0.126991,-0.304,-0,-1.73003,-18.5836,-5.76107,0,-0.0193758,-31.2592,-24.3447,1.63871
CCCOc1cc2c(C[NH3+])ncc(C(=O)OCC)c2cc1OC,"CHEMBL543062",1919,Done,8.76,-5.18091,"glide_grid_1X70",-5.37551,-0.57583,-0.406126,-0,-1.76292,-24.513,-12.1144,0.512176,-0.1,-56.3357,-36.6275,1.45692
CCCOc1cc2c(CN)ncc(C(=O)OCC)c2cc1OC,"CHEMBL543062",1920,Done,7.58,-2.9537,"glide_grid_1X70",-3.7118,-0.577214,-0.47441,-0,-1.30272,-27.4319,-4.81085,0.735765,0,-39.2503,-32.2427,2.76419
CCOC(=O)Cc1cnc(C[NH3+])c2cc(OC)c(OC)cc12,"CHEMBL544241",1923,Done,4.66,-5.3326,"glide_grid_1X70",-5.9004,-0.383206,-0.390674,-0,-1.98801,-25.6946,-14.4631,0.415681,-0.1,-62.137,-40.1577,1.71719
CCOC(=O)Cc1cnc(CN)c2cc(OC)c(OC)cc12,"CHEMBL544241",1924,Done,3.91,-3.02025,"glide_grid_1X70",-3.69515,-0.478296,-0.400781,-0,-1.45244,-24.2851,-4.97772,0.597282,0,-36.9005,-29.2628,1.60008
CCOC(=O)Cc1c[nH+]c(CN)c2cc(OC)c(OC)cc12,"CHEMBL544241",1925,Done,4.04,-3.98514,"glide_grid_1X70",-4.70644,-0.112993,-0.329166,-0,-1.59848,-20.4686,-14.4741,0.59383,-0.0650926,-47.4203,-34.9427,8.88594
CCOC(=O)c1cnc(C[NH3+])c2ccc(OC)cc12,"CHEMBL544474",1926,Done,3.1,-6.03156,"glide_grid_1X70",-6.23446,-0.523332,-0.453967,-0,-2.19659,-21.541,-14.9789,0.363327,-0.1,-56.6247,-36.5199,4.53784
CCOC(=O)c1cnc(CN)c2ccc(OC)cc12,"CHEMBL544474",1927,Done,2.63,-3.96528,"glide_grid_1X70",-4.70558,-0.86323,-0.50405,-0,-1.71773,-22.4976,-6.35309,0.522506,-0.0652345,-36.3601,-28.8507,4.16367
CCOC(=O)c1cnc(C[NH3+])c2cc(OC)c(OC)cc12,"CHEMBL544475",1928,Done,3.7,-6.57609,"glide_grid_1X70",-6.76329,-0.432462,-0.728385,-0,-2.02682,-21.9029,-17.8757,0.300875,-0.1,-60.1491,-39.7786,10.7643
CCOC(=O)c1cnc(CN)c2cc(OC)c(OC)cc12,"CHEMBL544475",1929,Done,3.86,-2.55036,"glide_grid_1X70",-3.32866,-0.157266,-0.311561,-0,-1.42956,-23.7042,-4.23126,0.432427,-0.0427937,-34.5116,-27.9355,1.31824
CCOC(=O)c1cnc(C[NH3+])c2cc(O)c(OC)cc12,"CHEMBL544478",1930,Done,3.81,-6.1832,"glide_grid_1X70",-6.4535,-0.417169,-0.459908,-0,-2.04844,-24.2043,-16.9284,0.327845,-0.106359,-66.6569,-41.1327,1.4478
CCOC(=O)c1cnc(CN)c2cc(O)c(OC)cc12,"CHEMBL544478",1931,Done,3.41,-3.45982,"glide_grid_1X70",-4.34622,-0.255058,-0.413889,-0,-1.52531,-18.7653,-11.1383,0.471318,-0.0142666,-37.156,-29.9036,5.01945
CCOC(=O)c1cnc(C[NH3+])c2cc([O-])c(OC)cc12,"CHEMBL544478",1932,Done,3.24,-5.07648,"glide_grid_1X70",-6.23148,-0.20171,-0.770395,-0,-2.42907,-17.2259,-14.6596,0.329923,-0.1,-54.4151,-31.8855,2.09814
CCOC(=O)c1cnc(C[NH3+])c2cc(OC)c(OCC)cc12,"CHEMBL544717",1933,Done,4.97,-5.85542,"glide_grid_1X70",-6.05222,-0.71626,-0.452099,-0,-1.94389,-25.0804,-14.6657,0.59383,-0.0799172,-58.7311,-39.7461,6.61863
CCOC(=O)c1cnc(CN)c2cc(OC)c(OCC)cc12,"CHEMBL544717",1934,Done,4.48,-3.09265,"glide_grid_1X70",-3.84815,-0.177799,-0.457263,-0,-1.33398,-24.6792,-7.83644,0.597282,-0.0669633,-39.5573,-32.5156,2.66379
CCOC(=O)c1cnc(C[NH3+])c2c(OC)ccc(OC)c12,"CHEMBL544950",1935,Done,3.32,-5.76292,"glide_grid_1X70",-5.95552,-0.0781262,-0.641676,-0,-1.9528,-21.6068,-15.6029,0.300875,-0.163015,-58.2806,-37.2097,1.57144
CCOC(=O)c1cnc(CN)c2c(OC)ccc(OC)c12,"CHEMBL544950",1936,Done,3.13,-3.48819,"glide_grid_1X70",-4.25129,-0.0491263,-0.725826,-0,-1.42967,-24.0001,-8.06582,0.432427,-0.0692149,-39.1132,-32.0659,2.30995
[NH3+][C@@H](CC(=O)N1CCC[C@H]1CNc1nccc(C(F)(F)F)n1)Cc1cc(F)c(F)cc1F,"CHEMBL549296",1937,Done,9.23,-6.47691,"glide_grid_1X70",-6.48521,-1.14705,-0.387797,-0,-0.905995,-24.9332,-19.5907,0.659448,-0.518546,-69.3365,-44.5239,5.07137
N[C@@H](CC(=O)N1CCC[C@H]1CNc1nccc(C(F)(F)F)n1)Cc1cc(F)c(F)cc1F,"CHEMBL549296",1938,Done,8.46,-2.24341,"glide_grid_1X70",-4.77861,-1.188,-0.276217,-0,-1.07805,-33.9355,-6.02375,0.662075,-0.298076,-47.2513,-39.9592,10.7449
[NH3+][C@@H](CC(=O)N1CCC[C@H]1CNS(=O)(=O)c1ccc(Cl)cc1)Cc1ccccc1F,"CHEMBL549432",1939,Done,8.66,-7.37528,"glide_grid_1X70",-7.38448,-1.26359,-0.745214,-0,-1.36722,-37.1591,-15.8859,0.475462,-0.243073,-86.733,-53.045,8.46098
N[C@@H](CC(=O)N1CCC[C@H]1CNS(=O)(=O)c1ccc(Cl)cc1)Cc1ccccc1F,"CHEMBL549432",1940,Done,9.46,-2.85727,"glide_grid_1X70",-5.33077,-1.41151,-0.510145,-0,-0.667067,-35.9706,-9.86399,0.681978,-0.145896,-57.5994,-45.8346,10.4372
[NH3+][C@@H](CC(=O)N1CCC[C@H]1CNc1ncc(F)cn1)Cc1cc(F)c(F)cc1F,"CHEMBL549581",1941,Done,6.93,-9.3399,"glide_grid_1X70",-9.3482,-1.30383,-0.884255,-0,-2.52018,-36.3582,-21.4755,0.568101,-0.168804,-99.3799,-57.8336,8.93411
N[C@@H](CC(=O)N1CCC[C@H]1CNc1ncc(F)cn1)Cc1cc(F)c(F)cc1F,"CHEMBL549581",1942,Done,7.43,-3.87462,"glide_grid_1X70",-6.40982,-1.13331,-0.53134,-0,-1.88485,-33.0033,-12.2183,0.815165,-0.19258,-52.9617,-45.2215,17.0015
[NH3+][C@@H](CC(=O)N1CCC[C@H]1CNS(=O)(=O)c1ccccc1F)Cc1ccccc1F,"CHEMBL549842",1943,Done,8.72,-7.28289,"glide_grid_1X70",-7.29209,-1.19467,-0.75346,-0,-1.41767,-35.7037,-16.0465,0.508376,-0.242515,-81.4595,-51.7501,9.95677
N[C@@H](CC(=O)N1CCC[C@H]1CNS(=O)(=O)c1ccccc1F)Cc1ccccc1F,"CHEMBL549842",1944,Done,9.41,-2.83319,"glide_grid_1X70",-5.30669,-1.55786,-0.752953,-0,-0.395074,-35.4715,-9.50546,0.729289,-0.1307,-52.7669,-44.977,12.3446
[NH3+][C@H]1Cn2c(nc3ccccc32)C[C@@H]1c1cc(F)c(F)cc1F,"CHEMBL549913",1945,Done,1.26,-8.24982,"glide_grid_1X70",-8.31452,-0.780772,-0.555643,-0,-2.90126,-30.0696,-16.8873,0.128795,-0.16907,-80.6571,-46.9568,0.027439
N[C@H]1Cn2c(nc3ccccc32)C[C@@H]1c1cc(F)c(F)cc1F,"CHEMBL549913",1946,Done,1.36,-4.19365,"glide_grid_1X70",-5.73095,-0.92083,-0.401374,-0,-2.23894,-30.3096,-5.17933,0.185024,-0.0624556,-48.6241,-35.4889,0.24286
[NH3+][C@H]1Cn2c([nH+]c3ccccc32)C[C@@H]1c1cc(F)c(F)cc1F,"CHEMBL549913",1947,Done,1.38,-6.73165,"glide_grid_1X70",-9.05945,-0.86837,-0.542689,-0,-3.0362,-27.4492,-21.4137,0.12808,-0.155755,-88.3618,-48.8629,3.96422e-05
[NH3+][C@@H](CC(=O)N1CCC[C@H]1COCC1CC1)Cc1cc(F)c(F)cc1F,"CHEMBL549992",1948,Done,12.45,-9.37029,"glide_grid_1X70",-9.37929,-1.72298,-0.883448,-0,-2.48844,-34.5168,-20.5108,0.685638,-0.167598,-94.2767,-55.0276,10.8902
N[C@@H](CC(=O)N1CCC[C@H]1COCC1CC1)Cc1cc(F)c(F)cc1F,"CHEMBL549992",1949,Done,11.55,-3.11156,"glide_grid_1X70",-5.59456,-0.917232,-0.63724,-0,-1.81295,-28.6407,-11.3454,0.984253,-0.0775437,-52.3252,-39.9861,6.22979
[NH3+][C@@H](CC(=O)N1CCC[C@H]1CNC(=O)CC(F)(F)F)Cc1cc(F)c(F)cc1F,"CHEMBL550114",1950,Done,13.45,-9.35152,"glide_grid_1X70",-9.36102,-1.16364,-0.883594,-0,-2.51522,-34.9786,-23.3184,0.611314,-0.163199,-101.993,-58.2969,6.76961
N[C@@H](CC(=O)N1CCC[C@H]1CNC(=O)CC(F)(F)F)Cc1cc(F)c(F)cc1F,"CHEMBL550114",1951,Done,12.16,-2.47845,"glide_grid_1X70",-4.93365,-1.07025,-0.349569,-0,-1.51761,-33.3482,-7.33769,0.877054,-0.105201,-52.3268,-40.6859,4.98988
CN(C[C@@H]1CCCN1C(=O)C[C@H]([NH3+])Cc1cc(F)c(F)cc1F)C(=O)C(C)(C)C,"CHEMBL550321",1952,Done,9.01,-7.89054,"glide_grid_1X70",-7.89984,-1.13518,-0.721835,-0,-2.16508,-31.9723,-17.6884,0.562964,-0.188832,-84.762,-49.6606,6.25005
CN(C[C@@H]1CCCN1C(=O)C[C@H](N)Cc1cc(F)c(F)cc1F)C(=O)C(C)(C)C,"CHEMBL550321",1953,Done,10.15,-2.0118,"glide_grid_1X70",-4.4751,-1.27072,-0.27841,-0,-1.48477,-29.0491,-4.9341,0.807778,-0.0564091,-40.6131,-33.9833,10.0675
COc1ccc2c(c1)nc1n2C[C@H]([NH3+])[C@@H](c2cc(F)c(F)cc2F)C1,"CHEMBL550598",1954,Done,1.71,-9.09116,"glide_grid_1X70",-9.16726,-1.04305,-0.633813,-0,-2.81842,-30.027,-20.4165,0.109812,-0.217956,-84.9188,-50.4436,4.13444
COc1ccc2c(c1)nc1n2C[C@H](N)[C@@H](c2cc(F)c(F)cc2F)C1,"CHEMBL550598",1955,Done,1.9,-4.20358,"glide_grid_1X70",-5.75228,-0.913597,-0.462336,-0,-2.02601,-29.901,-6.32491,0.157683,-0.0642277,-47.4999,-36.2259,3.74853
COc1ccc2c(c1)[nH+]c1n2C[C@H]([NH3+])[C@@H](c2cc(F)c(F)cc2F)C1,"CHEMBL550598",1956,Done,1.96,-6.6785,"glide_grid_1X70",-8.7118,-1.01675,-0.453111,-0,-2.86845,-26.015,-20.2556,0.109249,-0.143632,-84.0226,-46.2707,0.0664728
[NH3+][C@H]1Cn2c(nc3ccc(C(F)(F)F)cc32)C[C@@H]1c1cc(F)c(F)cc1F,"CHEMBL550801",1958,Done,2.04,-8.04128,"glide_grid_1X70",-8.09308,-0.882812,-0.568122,-0,-2.32102,-32.2314,-16.9601,0.0912865,-0.25683,-79.1837,-49.1915,0.17397
N[C@H]1Cn2c(nc3ccc(C(F)(F)F)cc32)C[C@@H]1c1cc(F)c(F)cc1F,"CHEMBL550801",1959,Done,1.98,-3.97329,"glide_grid_1X70",-5.49769,-0.788962,-0.37321,-0,-1.92018,-32.0334,-5.77318,0.131022,-0.0787124,-50.1214,-37.8066,0.318545
[NH3+][C@@H](CC(=O)N1CCC[C@H]1CNC(=O)c1ccccc1F)Cc1ccccc1F,"CHEMBL550862",1960,Done,12.72,-8.14233,"glide_grid_1X70",-8.15133,-1.15908,-0.843873,-0,-1.90459,-33.6794,-19.9715,0.593667,-0.157766,-90.7626,-53.6509,8.08767
N[C@@H](CC(=O)N1CCC[C@H]1CNC(=O)c1ccccc1F)Cc1ccccc1F,"CHEMBL550862",1961,Done,10.22,-3.76936,"glide_grid_1X70",-6.25236,-1.5811,-0.615607,-0,-1.57886,-37.5822,-9.3334,0.851934,-0.0496027,-59.644,-46.9156,10.7153
[NH3+][C@H]1Cn2c(nc3cnccc32)C[C@@H]1c1cc(F)c(F)cc1F,"CHEMBL552068",1962,Done,1.31,-9.57258,"glide_grid_1X70",-9.63508,-1.1272,-0.745208,-0,-3.03048,-28.8838,-21.4853,0.128094,-0.193318,-89.9935,-50.369,0.036897
N[C@H]1Cn2c(nc3cnccc32)C[C@@H]1c1cc(F)c(F)cc1F,"CHEMBL552068",1963,Done,1.34,-5.27411,"glide_grid_1X70",-6.95321,-1.01369,-0.727364,-0,-2.52664,-29.9901,-8.69666,0.184014,-0.0655361,-55.1912,-38.6867,0.0168242
[NH3+][C@H]1Cn2c(nc3c[nH+]ccc32)C[C@@H]1c1cc(F)c(F)cc1F,"CHEMBL552068",1964,Done,1.45,-7.30232,"glide_grid_1X70",-9.33472,-1.03166,-0.4385,-0,-2.86712,-26.9122,-23.8382,0.127385,-0.203493,-92.0997,-50.7503,0.00641493
[NH3+][C@@H](CC(=O)N1CCC[C@H]1CNC(=O)C1(C(F)(F)F)CC1)Cc1cc(F)c(F)cc1F,"CHEMBL552069",1965,Done,11.51,-8.98591,"glide_grid_1X70",-8.99541,-1.32453,-0.888873,-0,-2.00434,-35.6181,-22.4703,0.548976,-0.175203,-97.6492,-58.0884,8.65488
N[C@@H](CC(=O)N1CCC[C@H]1CNC(=O)C1(C(F)(F)F)CC1)Cc1cc(F)c(F)cc1F,"CHEMBL552069",1966,Done,12.48,-3.56574,"glide_grid_1X70",-6.02164,-1.08516,-0.576,-0,-1.69671,-32.3956,-11.681,0.78744,-0.0792777,-57.0043,-44.0767,10.887
[NH3+][C@H]1Cn2c(nc3cc(F)ccc32)C[C@@H]1c1cc(F)c(F)cc1F,"CHEMBL552071",1967,Done,1.38,-9.44488,"glide_grid_1X70",-9.50258,-1.09444,-0.580309,-0,-2.91815,-28.266,-22.3223,0.116879,-0.264923,-89.4317,-50.5883,0.000291262
N[C@H]1Cn2c(nc3cc(F)ccc32)C[C@@H]1c1cc(F)c(F)cc1F,"CHEMBL552071",1968,Done,1.38,-4.69531,"glide_grid_1X70",-6.22561,-0.922135,-0.401932,-0,-2.33754,-31.1026,-7.07477,0.16786,-0.115515,-52.6565,-38.1774,0.245296
[NH3+][C@H]1Cn2c([nH+]c3cc(F)ccc32)C[C@@H]1c1cc(F)c(F)cc1F,"CHEMBL552071",1969,Done,1.36,-7.20106,"glide_grid_1X70",-9.83176,-1.07794,-0.487649,-0,-2.90306,-28.4922,-25.2639,0.116261,-0.265185,-96.9132,-53.756,0.0226669
CN(C[C@@H]1CCCN1C(=O)C[C@H]([NH3+])Cc1cc(F)c(F)cc1F)c1ccc(C#N)cn1,"CHEMBL552127",1970,Done,5.18,-8.60932,"glide_grid_1X70",-8.61772,-1.33796,-0.879697,-0,-1.79884,-34.5042,-21.4251,0.521345,-0.183595,-93.806,-55.9293,7.13532
CN(C[C@@H]1CCCN1C(=O)C[C@H](N)Cc1cc(F)c(F)cc1F)c1ccc(C#N)cn1,"CHEMBL552127",1971,Done,6.18,-1.80139,"glide_grid_1X70",-4.32509,-0.972032,-0.282523,-0,-1.16375,-30.9522,-6.88972,0.747935,-0.0736508,-44.415,-37.8419,12.3007
[NH3+][C@@H](CC(=O)N1CCC[C@H]1CNC(=O)c1cccc(F)c1)Cc1ccccc1F,"CHEMBL552263",1972,Done,12.32,-8.18462,"glide_grid_1X70",-8.19362,-1.46608,-0.884764,-0,-1.58471,-33.3196,-20.0214,0.593667,-0.182535,-86.8082,-53.341,11.5147
N[C@@H](CC(=O)N1CCC[C@H]1CNC(=O)c1cccc(F)c1)Cc1ccccc1F,"CHEMBL552263",1973,Done,10.19,-3.53811,"glide_grid_1X70",-6.02111,-1.04382,-0.909521,-0,-1.135,-30.5336,-14.0493,0.851934,-0.150637,-46.5907,-44.5829,28.2203
[NH3+][C@H]1Cn2c(nc3cc(C(F)(F)F)ccc32)C[C@@H]1c1cc(F)c(F)cc1F,"CHEMBL552479",1975,Done,2.07,-7.9617,"glide_grid_1X70",-8.012,-0.761488,-0.55743,-0,-2.43644,-30.2361,-17.3258,0.0912865,-0.237251,-80.5861,-47.5619,0.230918
N[C@H]1Cn2c(nc3cc(C(F)(F)F)ccc32)C[C@@H]1c1cc(F)c(F)cc1F,"CHEMBL552479",1976,Done,2.04,-4.00032,"glide_grid_1X70",-5.52322,-0.923679,-0.40105,-0,-1.79243,-31.0185,-5.67072,0.131022,-0.135548,-49.9001,-36.6892,0.182083
C[C@H](COc1ccc(C(N)=O)cc1)NCC(=O)c1ccsc1,"CHEMBL553006",1977,Done,10.31,-3.79812,"glide_grid_1X70",-3.85992,-0.371052,-0.482621,-0,-1.11126,-23.6805,-10.9408,1.1035,-0.173344,-41.4885,-34.6213,8.2992
C[C@H](COc1ccc(C(N)=O)cc1)[NH2+]CC(=O)c1ccsc1,"CHEMBL553006",1978,Done,7.48,-6.42237,"glide_grid_1X70",-7.79237,-1.15145,-0.52945,-0,-2.18402,-36.5601,-17.8413,0.768162,-0.191419,-87.6931,-54.4014,4.86693
CCOC(=O)Nc1cnc(C[NH3+])c2cc(OC)c(OC)cc12,"CHEMBL553407",1979,Done,5.13,-5.7073,"glide_grid_1X70",-5.8869,0,-0.618776,-0,-1.84983,-21.6852,-17.5446,0.413332,-0.115672,-57.8104,-39.2298,8.77543
CCOC(=O)Nc1cnc(CN)c2cc(OC)c(OC)cc12,"CHEMBL553407",1980,Done,4.22,-2.89982,"glide_grid_1X70",-3.87142,-0.0620071,-0.492919,-0,-1.32724,-24.0467,-8.63296,0.593897,-0.0858708,-38.8747,-32.6797,5.6754
CCOC(=O)Nc1c[nH+]c(CN)c2cc(OC)c(OC)cc12,"CHEMBL553407",1981,Done,5.05,-4.33701,"glide_grid_1X70",-5.93401,-0.207209,-0.954141,-0,-1.54531,-16.4197,-18.6467,0.590475,-0.19983,-55.3202,-35.0664,3.29408
C[C@@H]1Cn2c(nnc2C(F)(F)F)CN1C(=O)C[C@H]([NH3+])Cc1cc(F)c(F)cc1F,"CHEMBL553787",1982,Done,5.13,-9.01364,"glide_grid_1X70",-9.02534,-0.901504,-0.847484,-0,-2.10938,-33.9369,-23.3562,0.310952,-0.277643,-97.0965,-57.2932,8.39399
C[C@@H]1Cn2c(nnc2C(F)(F)F)CN1C(=O)C[C@H](N)Cc1cc(F)c(F)cc1F,"CHEMBL553787",1983,Done,4.44,-3.3908,"glide_grid_1X70",-5.7208,-1.03192,-0.521631,-0,-1.83082,-27.9488,-8.70976,0.446141,-0.0786613,-50.0384,-36.6586,2.47874
[NH3+][C@@H](CC(=O)N1CCC[C@H]1CNC(=O)c1ccc(F)cc1)Cc1ccccc1F,"CHEMBL553936",1984,Done,11.04,-8.60162,"glide_grid_1X70",-8.61062,-1.51037,-0.849155,-0,-1.9676,-36.7902,-19.2017,0.593667,-0.157401,-92.9643,-55.9918,12.7462
N[C@@H](CC(=O)N1CCC[C@H]1CNC(=O)c1ccc(F)cc1)Cc1ccccc1F,"CHEMBL553936",1985,Done,11.39,-2.00653,"glide_grid_1X70",-4.48953,-1.05871,-0.48634,-0,-1.167,-20.369,-10.4804,0.851934,-0.0389068,-35.9826,-30.8494,16.369
C[C@H](CCc1ccc(C(N)=O)cc1)NCC(=O)c1ccsc1,"CHEMBL554090",1986,Done,10.26,-3.37418,"glide_grid_1X70",-3.54298,-0.439967,-0.5189,-0,-1.26025,-24.6521,-6.89688,1.11564,-0.172365,-38.0724,-31.5489,6.37568
C[C@H](CCc1ccc(C(N)=O)cc1)[NH2+]CC(=O)c1ccsc1,"CHEMBL554090",1987,Done,8.33,-7.19506,"glide_grid_1X70",-8.02146,-1.01289,-0.752724,-0,-2.4679,-33.306,-18.3381,0.776589,-0.148526,-83.5552,-51.6441,9.173
CCOC(=O)c1cnc(C[NH2+]C)c2cc(OC)c(OC)cc12,"CHEMBL554682",1988,Done,5.15,-5.40857,"glide_grid_1X70",-5.53877,-0.212415,-0.481867,-0,-1.85717,-23.5121,-13.87,0.415681,-0.146898,-57.4428,-37.3821,1.83257
CCOC(=O)c1cnc(C[NH3+])c2cc(OCC)c(OC)cc12,"CHEMBL554683",1990,Done,4.77,-5.56274,"glide_grid_1X70",-5.75714,-0.321253,-0.563036,-0,-1.89595,-24.4768,-13.7916,0.415681,-0.1,-58.4941,-38.2684,1.64248
CCOC(=O)c1cnc(CN)c2cc(OCC)c(OC)cc12,"CHEMBL554683",1991,Done,5.03,-2.93275,"glide_grid_1X70",-3.69055,-0.517275,-0.429483,-0,-1.40155,-24.996,-4.5981,0.597282,0,-37.4974,-29.5941,1.22409
COc1cc2c(CO)cnc(C[NH3+])c2cc1OC,"CHEMBL554880",1992,Done,3.15,-6.00805,"glide_grid_1X70",-6.25335,-0.0592673,-0.562964,-0,-2.23942,-17.1343,-17.5463,0.196964,-0.1,-57.078,-34.6806,0.613095
COc1cc2c(CO)cnc(CN)c2cc1OC,"CHEMBL554880",1993,Done,2.78,-2.81013,"glide_grid_1X70",-3.78053,-0.193773,-0.412632,-0,-1.71629,-20.5463,-4.75903,0.283337,0,-32.1334,-25.3054,2.27284
COc1cc2c(CO)c[nH+]c(CN)c2cc1OC,"CHEMBL554880",1994,Done,3.16,-4.67591,"glide_grid_1X70",-5.82161,-0.164968,-0.769278,-0,-1.93442,-19.2106,-14.492,0.281377,-0.1,-50.3779,-33.7026,2.12597
COc1cc2c(C(N)=O)cnc(C[NH3+])c2cc1OC,"CHEMBL554882",1995,Done,2.92,-7.46988,"glide_grid_1X70",-7.64388,-0.832551,-0.911977,-0,-1.84579,-21.1858,-18.7008,0,-0.189164,-59.9342,-39.8865,17.3285
COc1cc2c(C(N)=O)cnc(CN)c2cc1OC,"CHEMBL554882",1996,Done,2.81,-3.59667,"glide_grid_1X70",-4.41337,-0.242003,-0.274053,-0,-1.62766,-20.6461,-7.09624,0,-0.172917,-36.8533,-27.7423,0.268673
[NH3+][C@@H](CC(=O)N1CCC[C@H]1CNC(=O)[C@@H]1CC1(F)F)Cc1cc(F)c(F)cc1F,"CHEMBL554908",1997,Done,9.65,-9.39878,"glide_grid_1X70",-9.40828,-1.20094,-0.885594,-0,-2.55542,-34.3689,-22.8589,0.548742,-0.167789,-98.6105,-57.2277,8.24015
N[C@@H](CC(=O)N1CCC[C@H]1CNC(=O)[C@@H]1CC1(F)F)Cc1cc(F)c(F)cc1F,"CHEMBL554908",1998,Done,10.21,-2.11085,"glide_grid_1X70",-4.56585,-1.14898,-0.462366,-0,-1.20813,-30.4767,-6.31673,0.787326,-0.0623546,-44.4111,-36.7934,9.82183
COc1cc2c(C(=O)[O-])c[nH+]c(CN)c2cc1OC,"CHEMBL554957",1999,Done,2.66,-5.01605,"glide_grid_1X70",-5.26585,-0.0146983,-0.729916,-0,-1.84595,-12.9668,-12.662,0,-0.12765,-39.3289,-25.6288,0.806544
COc1cc2c(C(=O)[O-])cnc(C[NH3+])c2cc1OC,"CHEMBL554957",2000,Done,2.85,-5.03169,"glide_grid_1X70",-6.01039,0,-0.677156,-0,-2.15095,-17.5564,-14.4127,0,-0.142565,-54.4365,-31.9691,1.27224
COc1cc2c(C(=O)[O-])cnc(CN)c2cc1OC,"CHEMBL554957",2001,Done,2.73,-2.51401,"glide_grid_1X70",-3.63211,0,-0.546814,-0,-1.62782,-18.0255,-3.51891,0,-0.0283634,-28.8119,-21.5444,1.07808
CCOC(=O)c1cnc(C[NH3+])c2c(OC)cc(OC)cc12,"CHEMBL555560",2002,Done,3.69,-6.1339,"glide_grid_1X70",-6.3595,-0.710647,-0.410599,-0,-2.01452,-24.9646,-15.6523,0.429821,-0.0574765,-57.9061,-40.617,12.2824
CCOC(=O)c1cnc(CN)c2c(OC)cc(OC)cc12,"CHEMBL555560",2003,Done,3.62,-3.01797,"glide_grid_1X70",-3.73217,-0.112258,-0.4065,-0,-1.4295,-25.6101,-5.89656,0.432427,-0.0513484,-38.065,-31.5067,1.08783
CCOC(=O)c1c[nH+]c(CN)c2c(OC)cc(OC)cc12,"CHEMBL555560",2004,Done,3.59,-2.42626,"glide_grid_1X70",-4.83706,-0.0614038,-0.630701,-0,-1.66573,-21.0577,-11.7077,0.429821,-0.1,-46.9857,-32.7654,3.52844
N#C[C@@H]1CS[C@H]2C[C@](N)(CC3CCCCC3)C(=O)N12,"CHEMBL556219",2005,Done,2.04,-4.94432,"glide_grid_1X70",-5.20552,-1.05672,-0.45494,-0,-1.81352,-29.9842,-4.92927,0.462239,-0.103978,-42.7951,-34.9135,3.78809
N#C[C@@H]1CS[C@H]2C[C@]([NH3+])(CC3CCCCC3)C(=O)N12,"CHEMBL556219",2006,Done,1.97,-5.99902,"glide_grid_1X70",-6.61012,-0.7032,-0.673875,-0,-1.89675,-21.0816,-17.1035,0.459357,-0.176041,-59.4888,-38.1852,3.0386
CC(=O)Nc1ccc2c(c1)nc1n2C[C@H]([NH3+])[C@@H](c2cc(F)c(F)cc2F)C1,"CHEMBL556494",2007,Done,2.31,-8.53499,"glide_grid_1X70",-8.59409,-0.967404,-0.814217,-0,-2.60923,-29.1931,-18.5004,0.192224,-0.160757,-84.3983,-47.6935,0.497769
CC(=O)Nc1ccc2c(c1)nc1n2C[C@H](N)[C@@H](c2cc(F)c(F)cc2F)C1,"CHEMBL556494",2008,Done,2.08,-4.84774,"glide_grid_1X70",-6.37944,-0.970005,-0.713832,-0,-2.15817,-29.2383,-8.5792,0.27593,-0.0645755,-53.1194,-37.8175,2.05898
CC(=O)Nc1ccc2c(c1)[nH+]c1n2C[C@H]([NH3+])[C@@H](c2cc(F)c(F)cc2F)C1,"CHEMBL556494",2009,Done,2.56,-6.82422,"glide_grid_1X70",-9.38332,-1.02079,-0.794593,-0,-2.61237,-28.2505,-23.8407,0.191304,-0.15825,-95.1245,-52.0911,0.702882
CC[C@@H]1c2nnc(C(F)(F)F)n2CCN1C(=O)C[C@H]([NH3+])Cc1cc(F)c(F)cc1F,"CHEMBL556606",2010,Done,6.37,-9.94683,"glide_grid_1X70",-9.95863,-1.07636,-0.864666,-0,-2.43276,-38.2447,-24.5279,0.293087,-0.286518,-105.001,-62.7726,10.3511
CC[C@@H]1c2nnc(C(F)(F)F)n2CCN1C(=O)C[C@H](N)Cc1cc(F)c(F)cc1F,"CHEMBL556606",2011,Done,5.3,-3.09309,"glide_grid_1X70",-5.42129,-1.04819,-0.522367,-0,-1.28983,-28.1843,-9.71604,0.420455,-0.114731,-50.802,-37.9004,3.80968
[NH3+][C@@H](CC(=O)N1CCC[C@H]1CNc1ccc(F)cn1)Cc1cc(F)c(F)cc1F,"CHEMBL556708",2012,Done,8.23,-9.58254,"glide_grid_1X70",-9.59084,-1.55823,-1.03457,-0,-2.55582,-36.146,-20.2786,0.570566,-0.163688,-100.922,-56.4247,6.19205
N[C@@H](CC(=O)N1CCC[C@H]1CNc1ccc(F)cn1)Cc1cc(F)c(F)cc1F,"CHEMBL556708",2013,Done,7.01,-2.79139,"glide_grid_1X70",-5.32659,-1.24382,-0.521558,-0,-1.45294,-30.4323,-8.59424,0.81871,-0.116227,-45.9994,-39.0266,14.5249
[NH3+][C@@H](CC(=O)N1CCn2cnnc2C1)Cc1cc(F)c(F)cc1F,"CHEMBL557187",2014,Done,4,-9.88658,"glide_grid_1X70",-9.89878,-1.12346,-0.891571,-0,-2.88406,-31.5443,-23.455,0.343338,-0.247567,-98.3657,-54.9993,6.9906
N[C@@H](CC(=O)N1CCn2cnnc2C1)Cc1cc(F)c(F)cc1F,"CHEMBL557187",2015,Done,3.02,-3.81768,"glide_grid_1X70",-6.12468,-0.898682,-0.526971,-0,-2.35846,-26.4365,-9.68923,0.493068,-0.0584274,-52.1095,-36.1258,2.28292
C[C@H]1c2nnc(C(F)(F)F)n2[C@@H](C)CN1C(=O)C[C@H]([NH3+])Cc1cc(F)c(F)cc1F,"CHEMBL557219",2016,Done,5.27,-8.90738,"glide_grid_1X70",-8.91918,-1.24639,-0.566991,-0,-2.27373,-38.1698,-19.572,0.293087,-0.280873,-97.9124,-57.7417,7.51245
C[C@H]1c2nnc(C(F)(F)F)n2[C@@H](C)CN1C(=O)C[C@H](N)Cc1cc(F)c(F)cc1F,"CHEMBL557219",2017,Done,4.18,-4.8727,"glide_grid_1X70",-7.2009,-1.29557,-0.60964,-0,-1.83124,-38.1475,-12.009,0.420455,-0.176189,-68.69,-50.1564,7.66696
[NH3+][C@@H](CC(=O)N1CCC[C@H]1COc1ccnc(C(F)(F)F)n1)Cc1cc(F)c(F)cc1F,"CHEMBL557315",2018,Done,7.99,-9.61025,"glide_grid_1X70",-9.61935,-1.39246,-0.779917,-0,-2.63516,-34.5368,-22.3948,0.459827,-0.185578,-101.38,-56.9316,7.69164
N[C@@H](CC(=O)N1CCC[C@H]1COc1ccnc(C(F)(F)F)n1)Cc1cc(F)c(F)cc1F,"CHEMBL557315",2019,Done,7.9,-4.52194,"glide_grid_1X70",-7.00104,-1.50904,-0.771013,-0,-2.03761,-38.0811,-9.1737,0.659508,-0.062771,-63.5185,-47.2548,12.3934
C[C@H]1c2nnc(C(F)(F)F)n2CCN1C(=O)C[C@H]([NH3+])Cc1cc(F)c(F)cc1F,"CHEMBL557542",2020,Done,5.28,-9.81535,"glide_grid_1X70",-9.82715,-1.10353,-0.863759,-0,-2.28388,-36.9512,-24.5759,0.310952,-0.35299,-105.987,-61.5271,7.74556
C[C@H]1c2nnc(C(F)(F)F)n2CCN1C(=O)C[C@H](N)Cc1cc(F)c(F)cc1F,"CHEMBL557542",2021,Done,4.93,-3.6166,"glide_grid_1X70",-5.9413,-1.21913,-0.22394,-0,-1.75644,-33.7168,-8.93238,0.446141,-0.162232,-54.1883,-42.6491,8.96282
[NH3+][C@@H](CC(=O)N1CCC[C@H]1CNC(=O)C1CCCC1)Cc1cc(F)c(F)cc1F,"CHEMBL557723",2022,Done,18.85,-8.85872,"glide_grid_1X70",-8.86802,-1.226,-0.883617,-0,-2.26239,-33.1306,-21.5871,0.567941,-0.169354,-90.3893,-54.7177,12.4969
N[C@@H](CC(=O)N1CCC[C@H]1CNC(=O)C1CCCC1)Cc1cc(F)c(F)cc1F,"CHEMBL557723",2023,Done,19.33,-4.03748,"glide_grid_1X70",-6.50148,-1.35976,-0.773228,-0,-1.72593,-35.006,-10.9139,0.814934,-0.0701244,-55.3951,-45.9198,20.5477
[NH3+][C@@H](CC(=O)N1CCCN1C(=O)Nc1ccccc1)Cc1cc(F)c(F)cc1F,"CHEMBL557776",2024,Done,14.35,-9.76459,"glide_grid_1X70",-9.77829,-1.69085,-0.777494,-0,-2.46604,-35.7298,-23.0759,0.580728,-0.176764,-98.1926,-58.8056,17.698
N[C@@H](CC(=O)N1CCCN1C(=O)Nc1ccccc1)Cc1cc(F)c(F)cc1F,"CHEMBL557776",2025,Done,13.28,-0.717609,"glide_grid_1X70",-2.95731,-1.07849,-0.240333,-0,0.870172,-34.2253,-9.25341,0.833324,-0.242704,-42.756,-43.4787,8.91115
CS(=O)(=O)c1ccc(C(=O)NC[C@@H]2CCCN2C(=O)C[C@H]([NH3+])Cc2ccccc2F)cc1,"CHEMBL557851",2026,Done,8.25,-8.66138,"glide_grid_1X70",-8.67038,-1.53766,-0.846865,-0,-1.65923,-41.0483,-19.62,0.527254,-0.158456,-100.122,-60.6683,12.9209
CS(=O)(=O)c1ccc(C(=O)NC[C@@H]2CCCN2C(=O)C[C@H](N)Cc2ccccc2F)cc1,"CHEMBL557851",2027,Done,8.98,-2.57956,"glide_grid_1X70",-5.06256,-1.42945,-0.416,-0,-0.890504,-33.8419,-9.08613,0.75622,-0.0278104,-47.9185,-42.928,22.3269
CC(F)(F)C(=O)NC[C@@H]1CCCN1C(=O)C[C@H]([NH3+])Cc1cc(F)c(F)cc1F,"CHEMBL557860",2028,Done,10.12,-8.68212,"glide_grid_1X70",-8.69172,-1.14874,-0.884456,-0,-2.27405,-32.9115,-20.9683,0.578226,-0.171865,-90.6741,-53.8798,12.6054
CC(F)(F)C(=O)NC[C@@H]1CCCN1C(=O)C[C@H](N)Cc1cc(F)c(F)cc1F,"CHEMBL557860",2029,Done,9.58,-2.70221,"glide_grid_1X70",-5.15261,-0.786922,-0.327622,-0,-1.83549,-36.9841,-6.27127,0.829726,-0.242403,-51.4259,-43.2554,14.5819
C[C@H]1Cn2c(nnc2C(F)(F)F)CN1C(=O)C[C@H]([NH3+])Cc1cc(F)c(F)cc1F,"CHEMBL557990",2030,Done,5.29,-10.2765,"glide_grid_1X70",-10.2882,-1.18724,-0.805423,-0,-2.71428,-36.6568,-25.1608,0.310952,-0.285257,-110.207,-61.8175,6.16888
C[C@H]1Cn2c(nnc2C(F)(F)F)CN1C(=O)C[C@H](N)Cc1cc(F)c(F)cc1F,"CHEMBL557990",2031,Done,4.68,-3.75697,"glide_grid_1X70",-6.08697,-1.19707,-0.560324,-0,-2.16996,-28.7339,-7.49955,0.446141,-0.0441296,-44.5701,-36.2334,11.4227
[NH3+][C@@H](CC(=O)N1CCn2c(nnc2C(F)(F)F)C1)Cc1ccc(F)c(F)c1,"CHEMBL558196",2032,Done,3.98,-8.91463,"glide_grid_1X70",-8.92683,-0.90465,-0.886081,-0,-2.38888,-30.1048,-22.6457,0.358428,-0.203537,-92.7366,-52.7506,5.06733
N[C@@H](CC(=O)N1CCn2c(nnc2C(F)(F)F)C1)Cc1ccc(F)c(F)c1,"CHEMBL558196",2033,Done,4.02,-3.08532,"glide_grid_1X70",-5.39232,-0.761033,-0.498044,-0,-1.27655,-35.2535,-9.42496,0.514423,-0.194692,-58.416,-44.6784,5.26703
[NH3+][C@H]1Cn2c(nc3c(F)cc(F)cc32)C[C@@H]1c1cc(F)c(F)cc1F,"CHEMBL558253",2034,Done,1.37,-8.32459,"glide_grid_1X70",-8.37309,-0.773178,-0.561264,-0,-2.67483,-29.4513,-18.7243,0.106551,-0.189166,-81.3157,-48.1755,0.0255894
N[C@H]1Cn2c(nc3c(F)cc(F)cc32)C[C@@H]1c1cc(F)c(F)cc1F,"CHEMBL558253",2035,Done,1.38,-4.39561,"glide_grid_1X70",-5.91671,-0.833921,-0.410708,-0,-1.8792,-30.0981,-8.6783,0.152989,-0.139219,-52.1873,-38.7764,0.304102
N#C[C@@H]1CS[C@H]2C[C@](N)(CCc3ccccc3)C(=O)N12,"CHEMBL558313",2036,Done,2.39,-5.13185,"glide_grid_1X70",-5.31755,-1.16186,-0.530325,-0,-1.92412,-29.4217,-5.43541,0.660224,-0.0750795,-42.0312,-34.8571,10.969
N#C[C@@H]1CS[C@H]2C[C@]([NH3+])(CCc3ccccc3)C(=O)N12,"CHEMBL558313",2037,Done,2.47,-5.94825,"glide_grid_1X70",-6.72605,-0.760293,-0.53502,-0,-1.96424,-23.4668,-18.8689,0.656209,-0.119032,-62.9841,-42.3358,8.11761
CC(C)(C)C(=O)NC[C@@H]1CCCN1C(=O)C[C@H]([NH3+])Cc1cc(F)c(F)cc1F,"CHEMBL558322",2038,Done,12.42,-9.22099,"glide_grid_1X70",-9.23029,-1.28313,-0.887573,-0,-2.41697,-33.8299,-22.5633,0.599014,-0.165639,-96.9241,-56.3932,7.91892
CC(C)(C)C(=O)NC[C@@H]1CCCN1C(=O)C[C@H](N)Cc1cc(F)c(F)cc1F,"CHEMBL558322",2039,Done,11.21,-3.41748,"glide_grid_1X70",-5.88078,-1.19415,-0.576,-0,-1.64707,-31.9642,-10.9916,0.859625,-0.0762401,-54.6068,-42.9557,10.9315
CC(C)(F)C(=O)NC[C@@H]1CCCN1C(=O)C[C@H]([NH3+])Cc1cc(F)c(F)cc1F,"CHEMBL558323",2040,Done,10.04,-9.25136,"glide_grid_1X70",-9.26076,-1.0968,-0.864358,-0,-2.7082,-34.576,-21.9316,0.588482,-0.16133,-97.5904,-56.5077,8.88912
CC(C)(F)C(=O)NC[C@@H]1CCCN1C(=O)C[C@H](N)Cc1cc(F)c(F)cc1F,"CHEMBL558323",2041,Done,9.18,-2.48671,"glide_grid_1X70",-4.94351,-1.01644,-0.369033,-0,-2.01804,-24.8693,-6.48767,0.844476,-0.167851,-39.7042,-31.357,9.22224
CN(C[C@@H]1CCCN1C(=O)C[C@H]([NH3+])Cc1cc(F)c(F)cc1F)S(=O)(=O)C(F)(F)F,"CHEMBL558452",2042,Done,8.29,-8.76252,"glide_grid_1X70",-8.77222,-0.963925,-0.88562,-0,-2.15713,-32.4805,-22.9254,0.461578,-0.164291,-94.5889,-55.4059,6.25534
CN(C[C@@H]1CCCN1C(=O)C[C@H](N)Cc1cc(F)c(F)cc1F)S(=O)(=O)C(F)(F)F,"CHEMBL558452",2043,Done,7.28,-4.03255,"glide_grid_1X70",-6.47615,-1.07432,-0.576,-0,-1.89222,-34.8891,-12.0386,0.662025,-0.0453856,-60.8541,-46.9277,10.1652
[NH3+][C@@H](CC(=O)N1CCn2c(nnc2C(F)(F)C(F)(F)F)C1)Cc1cc(F)c(F)cc1F,"CHEMBL558585",2044,Done,5.33,-8.69623,"glide_grid_1X70",-8.70843,-0.930396,-0.87317,-0,-2.09223,-33.2609,-21.3558,0.335094,-0.281301,-94.44,-54.6168,7.26671
N[C@@H](CC(=O)N1CCn2c(nnc2C(F)(F)C(F)(F)F)C1)Cc1cc(F)c(F)cc1F,"CHEMBL558585",2045,Done,4.97,-2.20519,"glide_grid_1X70",-4.51219,-1.12284,-0.332857,-0,-1.57056,-30.3556,-2.15598,0.480628,-0.125384,-41.4339,-32.5115,6.72146
[NH3+][C@@H](CC(=O)N1CCC[C@H]1CN(C1CC1)S(=O)(=O)C(F)(F)F)Cc1cc(F)c(F)cc1F,"CHEMBL558647",2046,Done,11.09,-7.72987,"glide_grid_1X70",-7.73957,-1.14985,-0.638129,-0,-1.90917,-31.5685,-18.2869,0.477303,-0.198259,-81.9256,-49.8553,11.8556
N[C@@H](CC(=O)N1CCC[C@H]1CN(C1CC1)S(=O)(=O)C(F)(F)F)Cc1cc(F)c(F)cc1F,"CHEMBL558647",2047,Done,10.78,-2.72463,"glide_grid_1X70",-5.16823,-1.09355,-0.472163,-0,-1.20682,-32.8357,-8.90331,0.684444,-0.102865,-51.7346,-41.739,9.64966
C[C@@H]1c2nnc(C(F)(F)F)n2CCN1C(=O)C[C@H]([NH3+])Cc1cc(F)c(F)cc1F,"CHEMBL558779",2048,Done,4.64,-9.74924,"glide_grid_1X70",-9.76104,-1.09514,-0.876435,-0,-2.26099,-36.1672,-24.942,0.310952,-0.289762,-105.779,-61.1092,8.16409
C[C@@H]1c2nnc(C(F)(F)F)n2CCN1C(=O)C[C@H](N)Cc1cc(F)c(F)cc1F,"CHEMBL558779",2049,Done,5.44,-3.74096,"glide_grid_1X70",-6.06566,-0.968163,-0.576,-0,-1.72295,-29.833,-11.0167,0.446141,-0.10053,-51.2831,-40.8497,11.6858
N#C[C@@H]1CS[C@H]2C[C@](N)(C3CCCC3)C(=O)N12,"CHEMBL558956",2050,Done,1.46,-3.73901,"glide_grid_1X70",-3.99371,-0.115703,-0.518668,-0,-1.76604,-21.2095,-4.91904,0.277428,-0.0723988,-32.1125,-26.1285,0.235552
N#C[C@@H]1CS[C@H]2C[C@]([NH3+])(C3CCCC3)C(=O)N12,"CHEMBL558956",2051,Done,1.59,-5.19472,"glide_grid_1X70",-5.81772,-0.27388,-0.357431,-0,-2.07043,-20.8892,-14.5141,0.27553,-0.169932,-53.8786,-35.4033,0.541849
[NH3+][C@@H](CC(=O)N1CCn2c(nnc2C(F)(F)C(F)(F)F)C1)Cc1cc(F)ccc1F,"CHEMBL559011",2052,Done,5.23,-9.34729,"glide_grid_1X70",-9.35949,-1.2483,-0.862556,-0,-2.08654,-33.4614,-23.2376,0.360397,-0.363781,-99.1065,-56.6989,8.49732
N[C@@H](CC(=O)N1CCn2c(nnc2C(F)(F)C(F)(F)F)C1)Cc1cc(F)ccc1F,"CHEMBL559011",2053,Done,5.06,-1.73994,"glide_grid_1X70",-4.04694,-1.029,-0.282171,-0,-1.51275,-21.8244,-3.81782,0.516999,-0.0761253,-33.1169,-25.6422,7.58698
CS(=O)(=O)NC[C@@H]1CCCN1C(=O)C[C@H]([NH3+])Cc1cc(F)c(F)cc1F,"CHEMBL559543",2054,Done,12.63,-9.18407,"glide_grid_1X70",-9.19297,-0.97951,-0.884533,-0,-2.53616,-32.0829,-23.6522,0.527636,-0.168417,-97.5572,-55.7352,10.439
CS(=O)(=O)NC[C@@H]1CCCN1C(=O)C[C@H](N)Cc1cc(F)c(F)cc1F,"CHEMBL559543",2055,Done,11.33,-3.7927,"glide_grid_1X70",-6.2838,-1.31813,-0.596603,-0,-1.92821,-32.8624,-9.35595,0.75724,-0.151593,-57.5835,-42.2183,5.68259
CN(C[C@@H]1CCCN1C(=O)C[C@H]([NH3+])Cc1cc(F)c(F)cc1F)C(=O)C(C)(F)F,"CHEMBL559601",2056,Done,8.85,-8.74135,"glide_grid_1X70",-8.75095,-1.10951,-0.886155,-0,-2.27143,-32.9422,-21.3503,0.544016,-0.178214,-92.1213,-54.2925,7.3688
CN(C[C@@H]1CCCN1C(=O)C[C@H](N)Cc1cc(F)c(F)cc1F)C(=O)C(C)(F)F,"CHEMBL559601",2057,Done,8.23,-3.07438,"glide_grid_1X70",-5.52478,-1.26965,-0.537044,-0,-1.67399,-31.2447,-8.04821,0.78053,-0.0551638,-51.037,-39.2929,4.16542
[NH3+][C@@H](CC(=O)N1CCC[C@H]1CNS(=O)(=O)CC(F)(F)F)Cc1cc(F)c(F)cc1F,"CHEMBL559602",2058,Done,10.18,-8.16173,"glide_grid_1X70",-8.17063,-1.21736,-0.822973,-0,-1.95468,-33.8225,-18.3827,0.527518,-0.25461,-87.7167,-52.2051,8.37069
N[C@@H](CC(=O)N1CCC[C@H]1CNS(=O)(=O)CC(F)(F)F)Cc1cc(F)c(F)cc1F,"CHEMBL559602",2059,Done,11.33,-4.58688,"glide_grid_1X70",-7.07798,-1.22684,-1.07744,-0,-1.92088,-35.5751,-11.7727,0.756599,-0.0647646,-64.442,-47.3478,9.76042
[NH3+][C@@H](CC(=O)N1CCC[C@H]1CNC(=O)c1ccccn1)Cc1ccccc1F,"CHEMBL560123",2060,Done,13.45,-8.3261,"glide_grid_1X70",-8.3351,-1.21522,-0.880537,-0,-1.91972,-37.143,-19.6063,0.641563,-0.163088,-93.3028,-56.7492,11.4079
N[C@@H](CC(=O)N1CCC[C@H]1CNC(=O)c1ccccn1)Cc1ccccc1F,"CHEMBL560123",2061,Done,10.97,-3.19974,"glide_grid_1X70",-5.68454,-1.44525,-0.956623,-0,-1.27566,-32.2209,-8.06771,0.920833,-0.10664,-44.474,-40.2886,24.1455
[NH3+][C@@H](CC(=O)N1CCC[C@H]1CNS(=O)(=O)c1cc(Cl)ccc1Cl)Cc1ccccc1F,"CHEMBL560183",2062,Done,9.63,-8.05944,"glide_grid_1X70",-8.06864,-1.60916,-0.86634,-0,-0.710231,-42.9473,-19.8282,0.416169,-0.177486,-98.1716,-62.7755,9.68473
N[C@@H](CC(=O)N1CCC[C@H]1CNS(=O)(=O)c1cc(Cl)ccc1Cl)Cc1ccccc1F,"CHEMBL560183",2063,Done,10.33,-0.452813,"glide_grid_1X70",-2.92631,-1.08588,-0.299111,-0,1.0023,-34.9218,-8.38528,0.596775,-0.136515,-36.6215,-43.3071,23.3646
[NH3+][C@@H](CC(=O)N1CCC[C@H]1CNS(=O)(=O)C1CC1)Cc1cccc(Cl)c1,"CHEMBL560184",2064,Done,10.88,-8.14308,"glide_grid_1X70",-8.15198,-1.13596,-0.889008,-0,-1.60318,-35.1533,-21.3015,0.597708,-0.168649,-92.2401,-56.4548,9.2807
N[C@@H](CC(=O)N1CCC[C@H]1CNS(=O)(=O)C1CC1)Cc1cccc(Cl)c1,"CHEMBL560184",2065,Done,13.08,-2.5623,"glide_grid_1X70",-5.0534,-1.23951,-0.469799,-0,-1.18998,-30.7576,-9.62082,0.857747,-0.030857,-49.7203,-40.3784,6.89161
CC[C@@]1(N)C[C@@H]2SC[C@@H](C#N)N2C1=O,"CHEMBL560583",2066,Done,1.22,-4.4882,"glide_grid_1X70",-4.7096,0,-0.576,-0,-1.98399,-15.8295,-8.42471,0,-0.094424,-32.1908,-24.2542,0.0294206
CC[C@@]1([NH3+])C[C@@H]2SC[C@@H](C#N)N2C1=O,"CHEMBL560583",2067,Done,1.17,-4.87334,"glide_grid_1X70",-5.56384,-0.0739101,-0.4,-0,-2.27105,-18.894,-11.097,0,-0.209629,-46.1347,-29.991,1.07416
[NH3+][C@H]1Cn2c(nc3ccc(F)cc32)C[C@@H]1c1cc(F)c(F)cc1F,"CHEMBL560669",2068,Done,1.3,-7.87717,"glide_grid_1X70",-7.93087,-0.790686,-0.526156,-0,-2.7396,-30.4472,-15.3898,0.116879,-0.160475,-76.9729,-45.837,0.0509716
N[C@H]1Cn2c(nc3ccc(F)cc32)C[C@@H]1c1cc(F)c(F)cc1F,"CHEMBL560669",2069,Done,1.35,-4.164,"glide_grid_1X70",-5.6903,-0.800896,-0.380544,-0,-2.3073,-30.1839,-5.34768,0.16786,-0.0580732,-48.3113,-35.5316,0.0129509
N#C[C@@H]1CS[C@H]2C[C@](N)(C3CCCCC3)C(=O)N12,"CHEMBL560985",2070,Done,1.48,-4.29483,"glide_grid_1X70",-4.54563,-0.726609,-0.443457,-0,-1.76585,-23.4806,-3.98157,0.252677,-0.0911289,-33.248,-27.4621,4.23896
N#C[C@@H]1CS[C@H]2C[C@]([NH3+])(C3CCCCC3)C(=O)N12,"CHEMBL560985",2071,Done,1.76,-5.20123,"glide_grid_1X70",-5.83153,-0.566592,-0.3124,-0,-1.9915,-23.1976,-12.4543,0.251029,-0.184044,-53.0084,-35.6519,4.1269
[NH3+][C@@H](CC(=O)N1CCC[C@H]1CNC(=O)C1CC1)Cc1cccc(Cl)c1,"CHEMBL561120",2072,Done,10.05,-7.67676,"glide_grid_1X70",-7.68606,-1.42237,-0.618176,-0,-1.88861,-35.5179,-16.4257,0.707704,-0.224853,-85.9465,-51.9437,6.3658
N[C@@H](CC(=O)N1CCC[C@H]1CNC(=O)C1CC1)Cc1cccc(Cl)c1,"CHEMBL561120",2073,Done,10.17,-2.64526,"glide_grid_1X70",-5.10916,-1.25505,-0.576,-0,-1.3369,-30.0999,-9.5336,1.01601,-0.0221799,-44.7555,-39.6335,18.0536
CC(C)C[C@@]1(N)C[C@@H]2SC[C@@H](C#N)N2C1=O,"CHEMBL561263",2074,Done,1.64,-3.98859,"glide_grid_1X70",-4.24329,-0.339847,-0.316251,-0,-1.85849,-22.3235,-5.38888,0.301663,-0.105854,-31.3303,-27.7124,5.12893
CC(C)C[C@@]1([NH3+])C[C@@H]2SC[C@@H](C#N)N2C1=O,"CHEMBL561263",2075,Done,1.58,-5.70085,"glide_grid_1X70",-6.32385,-0.233135,-0.660952,-0,-2.07964,-18.5459,-16.8049,0.299508,-0.201598,-52.6203,-35.3508,5.81404
[NH3+][C@@H](CC(=O)N1CCC[C@H]1CNS(=O)(=O)c1ccccc1)Cc1cccc(Cl)c1,"CHEMBL561322",2076,Done,8.65,-7.88415,"glide_grid_1X70",-7.89335,-1.38925,-0.857004,-0,-1.24437,-34.417,-19.9662,0.511622,-0.198568,-90.2878,-54.3832,7.29417
N[C@@H](CC(=O)N1CCC[C@H]1CNS(=O)(=O)c1ccccc1)Cc1cccc(Cl)c1,"CHEMBL561322",2077,Done,9.1,-2.41486,"glide_grid_1X70",-4.88836,-1.14595,-0.498406,-0,-0.683057,-36.5792,-9.04418,0.733957,-0.109308,-56.5123,-45.6234,5.7252
N#C[C@@H]1CS[C@H]2C[C@](N)(Cc3ccccc3)C(=O)N12,"CHEMBL561462",2078,Done,1.76,-3.48732,"glide_grid_1X70",-3.60772,-0.480846,-0.304,-0,-1.54531,-26.2571,-2.34288,0.480119,-0.093402,-34.9225,-28.5999,1.04766
N#C[C@@H]1CS[C@H]2C[C@]([NH3+])(Cc3ccccc3)C(=O)N12,"CHEMBL561462",2079,Done,1.87,-4.89652,"glide_grid_1X70",-5.89992,-0.0493755,-0.656337,-0,-1.76344,-22.5079,-17.3831,0.477067,-0.174975,-60.0639,-39.891,2.97633
N#Cc1cccnc1NC[C@@H]1CCCN1C(=O)C[C@H]([NH3+])Cc1cc(F)c(F)cc1F,"CHEMBL562072",2080,Done,7.33,-9.82047,"glide_grid_1X70",-9.82877,-1.50577,-1.17034,-0,-2.50057,-37.7281,-21.0545,0.5534,-0.160901,-104.378,-58.7826,6.46309
N#Cc1cccnc1NC[C@@H]1CCCN1C(=O)C[C@H](N)Cc1cc(F)c(F)cc1F,"CHEMBL562072",2081,Done,7.7,-2.98201,"glide_grid_1X70",-5.51721,-1.2058,-0.711941,-0,-1.30654,-29.0436,-10.1217,0.794024,-0.116506,-52.4306,-39.1653,4.41295
[NH3+][C@@H](CC(=O)N1CCC[C@H]1CNc1ccc(C(F)(F)F)nc1)Cc1cc(F)c(F)cc1F,"CHEMBL562467",2082,Done,9.63,-9.99736,"glide_grid_1X70",-10.0057,-1.87657,-0.868136,-0,-2.42556,-39.1572,-21.1497,0.463416,-0.168489,-108.255,-60.3069,6.71256
N[C@@H](CC(=O)N1CCC[C@H]1CNc1ccc(C(F)(F)F)nc1)Cc1cc(F)c(F)cc1F,"CHEMBL562467",2083,Done,9.57,-1.41496,"glide_grid_1X70",-3.95016,-0.752695,-0.319086,-0,-0.602501,-25.9299,-9.4443,0.664666,-0.227408,-41.1028,-35.3742,10.1693
[NH3+][C@@H](CC(=O)N1CCC[C@H]1CNC(=O)c1ccccc1)Cc1cccc(Cl)c1,"CHEMBL562525",2084,Done,11.44,-8.37488,"glide_grid_1X70",-8.38388,-1.56524,-0.878835,-0,-1.54767,-36.447,-20.0528,0.597769,-0.159624,-91.0704,-56.4998,14.2152
N[C@@H](CC(=O)N1CCC[C@H]1CNC(=O)c1ccccc1)Cc1cccc(Cl)c1,"CHEMBL562525",2085,Done,11.58,-3.49985,"glide_grid_1X70",-5.98285,-1.80577,-0.644228,-0,-1.0538,-40.5046,-8.20426,0.857834,-0.0810178,-63.9231,-48.7088,5.10944
[NH3+][C@H]1Cn2c(nc3c(F)c(F)c(F)cc32)C[C@@H]1c1cc(F)c(F)cc1F,"CHEMBL562530",2086,Done,1.43,-8.57437,"glide_grid_1X70",-8.62237,-0.83772,-0.569155,-0,-2.42968,-29.4785,-21.2079,0.0975391,-0.228233,-84.9714,-50.6864,0.0341408
N[C@H]1Cn2c(nc3c(F)c(F)c(F)cc32)C[C@@H]1c1cc(F)c(F)cc1F,"CHEMBL562530",2087,Done,1.42,-4.40662,"glide_grid_1X70",-5.92732,-0.808843,-0.397009,-0,-2.0102,-30.8314,-7.94553,0.140019,-0.117885,-52.6292,-38.777,0.0107863
[NH3+][C@@H](CC(=O)N1CCC[C@H]1CNS(=O)(=O)c1cccc(F)c1)Cc1ccccc1F,"CHEMBL562603",2088,Done,9.86,-7.4787,"glide_grid_1X70",-7.4879,-1.30832,-0.876327,-0,-0.964834,-31.071,-20.5761,0.508376,-0.206835,-84.5683,-51.647,6.96158
N[C@@H](CC(=O)N1CCC[C@H]1CNS(=O)(=O)c1cccc(F)c1)Cc1ccccc1F,"CHEMBL562603",2089,Done,11.73,-3.27935,"glide_grid_1X70",-5.75285,-1.37903,-0.576,-0,-0.924393,-32.6383,-12.2958,0.729289,-0.126431,-57.0924,-44.9341,9.64536
Cc1ccc2c(c1)nc1n2C[C@H]([NH3+])[C@@H](c2cc(F)c(F)cc2F)C1,"CHEMBL562953",2090,Done,1.22,-8.94883,"glide_grid_1X70",-9.02093,-1.1546,-0.584939,-0,-2.87012,-29.3832,-18.9657,0.119357,-0.21661,-84.0332,-48.349,0.020017
Cc1ccc2c(c1)nc1n2C[C@H](N)[C@@H](c2cc(F)c(F)cc2F)C1,"CHEMBL562953",2091,Done,1.29,-4.17503,"glide_grid_1X70",-5.71983,-0.865179,-0.367804,-0,-2.39074,-27.9026,-5.46138,0.171429,-0.0531988,-45.9457,-33.364,0.0946343
Cc1ccc2c(c1)[nH+]c1n2C[C@H]([NH3+])[C@@H](c2cc(F)c(F)cc2F)C1,"CHEMBL562953",2092,Done,1.29,-7.45005,"glide_grid_1X70",-9.57015,-1.14781,-0.443266,-0,-2.96986,-27.8375,-23.3199,0.11872,-0.238078,-91.9418,-51.1574,0.116321
Cc1ccc2c(c1)[nH+]c1n2C[C@H](N)[C@@H](c2cc(F)c(F)cc2F)C1,"CHEMBL562953",2093,Done,1.37,-3.92403,"glide_grid_1X70",-6.49863,-0.97112,-0.335356,-0,-2.44907,-25.1636,-10.7469,0.170511,-0.0433697,-55.4186,-35.9105,0.0320139
[NH3+][C@@H](CC(=O)N1CCC[C@H]1CNC(=O)c1ccncc1)Cc1ccccc1F,"CHEMBL562981",2094,Done,10.44,-8.95633,"glide_grid_1X70",-8.96533,-1.77101,-0.866133,-0,-1.95914,-38.3764,-19.5227,0.641563,-0.163383,-97.2577,-57.8991,10.1053
N[C@@H](CC(=O)N1CCC[C@H]1CNC(=O)c1ccncc1)Cc1ccccc1F,"CHEMBL562981",2095,Done,10.72,-2.94072,"glide_grid_1X70",-5.42552,-1.30548,-0.548028,-0,-1.36987,-33.5435,-9.37629,0.920833,-0.0393508,-53.9662,-42.9198,7.84981
CS(=O)(=O)c1ccccc1C(=O)NC[C@@H]1CCCN1C(=O)C[C@H]([NH3+])Cc1ccccc1F,"CHEMBL563108",2096,Done,10.87,-8.50718,"glide_grid_1X70",-8.51618,-1.16061,-0.953841,-0,-1.45001,-38.6843,-22.2102,0.527254,-0.213224,-101.05,-60.8945,7.05478
CS(=O)(=O)c1ccccc1C(=O)NC[C@@H]1CCCN1C(=O)C[C@H](N)Cc1ccccc1F,"CHEMBL563108",2097,Done,9.62,-2.2567,"glide_grid_1X70",-4.7397,-1.58806,-0.512309,-0,-0.531112,-36.8884,-5.91249,0.75622,-0.133147,-53.734,-42.8008,8.241
N#Cc1ccc(NC[C@@H]2CCCN2C(=O)C[C@H]([NH3+])Cc2cc(F)c(F)cc2F)nc1,"CHEMBL563244",2098,Done,5.95,-9.80318,"glide_grid_1X70",-9.81148,-1.56178,-1.01619,-0,-2.56446,-40.2881,-20.3105,0.5534,-0.161464,-108.31,-60.5986,4.9573
N#Cc1ccc(NC[C@@H]2CCCN2C(=O)C[C@H](N)Cc2cc(F)c(F)cc2F)nc1,"CHEMBL563244",2099,Done,6.56,-4.8765,"glide_grid_1X70",-7.4117,-1.69263,-0.862591,-0,-2.18722,-39.4479,-9.49998,0.794024,-0.0658905,-68.5444,-48.9479,8.30286
[NH3+][C@@H](CC(=O)N1CCC[C@H]1CNS(=O)(=O)C1CC1)Cc1cc(F)c(F)cc1F,"CHEMBL563272",2100,Done,13.15,-9.08626,"glide_grid_1X70",-9.09516,-1.54967,-0.868453,-0,-2.21294,-36.1637,-20.2711,0.548568,-0.163804,-95.1454,-56.4348,13.5404
N[C@@H](CC(=O)N1CCC[C@H]1CNS(=O)(=O)C1CC1)Cc1cc(F)c(F)cc1F,"CHEMBL563272",2101,Done,13.43,-4.3644,"glide_grid_1X70",-6.8555,-1.32354,-0.864546,-0,-1.97207,-35.3013,-10.9769,0.787076,-0.0708189,-62.4841,-46.2782,10.0052
[NH3+][C@H]1Cn2c(nc3cc(C(=O)[O-])ccc32)C[C@@H]1c1cc(F)c(F)cc1F,"CHEMBL563383",2102,Done,1.71,-7.69601,"glide_grid_1X70",-7.76201,-0.785828,-0.58423,-0,-2.3055,-31.1762,-16.2389,0.10289,-0.194702,-79.2053,-47.4151,0.813158
N[C@H]1Cn2c(nc3cc(C(=O)[O-])ccc32)C[C@@H]1c1cc(F)c(F)cc1F,"CHEMBL563383",2103,Done,1.77,-3.8546,"glide_grid_1X70",-5.3932,-0.888343,-0.404927,-0,-1.90562,-30.9726,-4.75489,0.14772,-0.0801763,-50.213,-35.7275,1.50578
[NH3+][C@H]1Cn2c([nH+]c3cc(C(=O)[O-])ccc32)C[C@@H]1c1cc(F)c(F)cc1F,"CHEMBL563383",2104,Done,1.78,-6.31848,"glide_grid_1X70",-8.60438,-0.766061,-0.557405,-0,-2.6357,-30.0987,-20.408,0.10238,-0.18146,-87.5811,-50.5067,0.685708
[NH3+][C@@H](CC(=O)N1CCC[C@H]1CNC(=O)C1CC1)Cc1cc(F)c(F)cc1F,"CHEMBL563648",2105,Done,9.81,-9.0978,"glide_grid_1X70",-9.1071,-1.17109,-0.883364,-0,-2.61364,-33.7932,-21.5394,0.644677,-0.163112,-95.7409,-55.3326,6.31186
N[C@@H](CC(=O)N1CCC[C@H]1CNC(=O)C1CC1)Cc1cc(F)c(F)cc1F,"CHEMBL563648",2106,Done,9.11,-3.93273,"glide_grid_1X70",-6.39663,-1.26928,-0.774526,-0,-1.90402,-35.0812,-10.3113,0.925314,-0.073369,-56.3051,-45.3924,16.1669
CC[C@H](C)[C@@]1(N)C[C@@H]2SC[C@@H](C#N)N2C1=O,"CHEMBL563772",2107,Done,1.55,-3.6626,"glide_grid_1X70",-3.9173,-0.239728,-0.490206,-0,-1.92672,-15.9315,-4.55879,0.301663,-0.0819218,-23.3041,-20.4903,5.17138
CC[C@H](C)[C@@]1([NH3+])C[C@@H]2SC[C@@H](C#N)N2C1=O,"CHEMBL563772",2108,Done,1.59,-6.10378,"glide_grid_1X70",-6.72678,-0.755312,-0.531336,-0,-2.5285,-13.3905,-14.9744,0.209655,-0.205604,-44.9792,-28.3648,4.10166
N#Cc1ccc(OC[C@@H]2CCCN2C(=O)C[C@H]([NH3+])Cc2cc(F)c(F)cc2F)nc1,"CHEMBL563849",2109,Done,5.31,-9.3277,"glide_grid_1X70",-9.3368,-1.44915,-0.852348,-0,-2.45215,-40.0759,-19.7766,0.551054,-0.163922,-104.624,-59.8525,5.53372
N#Cc1ccc(OC[C@@H]2CCCN2C(=O)C[C@H](N)Cc2cc(F)c(F)cc2F)nc1,"CHEMBL563849",2110,Done,5.14,-4.58873,"glide_grid_1X70",-7.06783,-1.5422,-0.766237,-0,-1.90776,-39.5182,-10.6726,0.79065,-0.0654782,-68.275,-50.1908,9.96855
[NH3+][C@@H](CC(=O)N1CCC[C@H]1CNC(=O)C1CCC1)Cc1cc(F)c(F)cc1F,"CHEMBL563901",2111,Done,13.79,-8.57936,"glide_grid_1X70",-8.58866,-0.983051,-0.78615,-0,-2.42041,-33.3734,-21.1299,0.604479,-0.165369,-91.5367,-54.5033,9.86766
N[C@@H](CC(=O)N1CCC[C@H]1CNC(=O)C1CCC1)Cc1cc(F)c(F)cc1F,"CHEMBL563901",2112,Done,12.64,-4.40983,"glide_grid_1X70",-6.87383,-1.72788,-0.769515,-0,-1.90447,-36.8935,-9.52437,0.867486,-0.0661149,-61.1706,-46.4179,12.1044
[NH3+][C@@H](CC(=O)N1CCC[C@H]1CNC(=O)c1cccnc1)Cc1ccccc1F,"CHEMBL563911",2113,Done,12.66,-8.44892,"glide_grid_1X70",-8.45792,-1.0416,-0.99914,-0,-1.89313,-35.0693,-21.6639,0.641563,-0.162567,-95.0482,-56.7332,11.4682
N[C@@H](CC(=O)N1CCC[C@H]1CNC(=O)c1cccnc1)Cc1ccccc1F,"CHEMBL563911",2114,Done,10.55,-2.98924,"glide_grid_1X70",-5.47404,-0.784942,-0.935778,-0,-1.44487,-27.707,-11.9185,0.920833,-0.0561616,-45.4381,-39.6255,19.8985
CS(=O)(=O)c1ccccc1C(=O)NC[C@@H]1CCCN1C(=O)C[C@H]([NH3+])Cc1cccc(Cl)c1,"CHEMBL564043",2115,Done,9.63,-8.11992,"glide_grid_1X70",-8.12892,-1.35177,-0.805016,-0,-1.27127,-40.3343,-19.939,0.494674,-0.18796,-99.2069,-60.2734,7.3495
CS(=O)(=O)c1ccccc1C(=O)NC[C@@H]1CCCN1C(=O)C[C@H](N)Cc1cccc(Cl)c1,"CHEMBL564043",2116,Done,9.18,-3.62387,"glide_grid_1X70",-6.10687,-1.45631,-0.79554,-0,-0.768359,-38.9619,-11.6879,0.709402,-0.0947858,-66.3707,-50.6498,9.39742
CN(C[C@@H]1CCCN1C(=O)C[C@H]([NH3+])Cc1cc(F)c(F)cc1F)C(=O)C1CC1,"CHEMBL564105",2117,Done,9.1,-9.0684,"glide_grid_1X70",-9.0777,-1.20979,-0.886768,-0,-2.39564,-33.9575,-22.1753,0.604479,-0.165797,-95.4655,-56.1329,8.24327
CN(C[C@@H]1CCCN1C(=O)C[C@H](N)Cc1cc(F)c(F)cc1F)C(=O)C1CC1,"CHEMBL564105",2118,Done,8.79,-2.88055,"glide_grid_1X70",-5.34445,-1.24558,-0.336901,-0,-1.82696,-36.0716,-5.83875,0.867486,-0.123109,-54.27,-41.9103,5.65089
CS(=O)(=O)c1cccc(C(=O)NC[C@@H]2CCCN2C(=O)C[C@H]([NH3+])Cc2cccc(Cl)c2)c1,"CHEMBL564249",2119,Done,8.19,-8.17573,"glide_grid_1X70",-8.18473,-1.3298,-0.863476,-0,-1.26422,-41.6536,-19.8676,0.494674,-0.159091,-97.9622,-61.5212,13.7554
CS(=O)(=O)c1cccc(C(=O)NC[C@@H]2CCCN2C(=O)C[C@H](N)Cc2cccc(Cl)c2)c1,"CHEMBL564249",2120,Done,8.59,-3.14738,"glide_grid_1X70",-5.63038,-1.62561,-0.576,-0,-0.604503,-34.9095,-10.9594,0.709402,-0.144283,-57.8784,-45.8689,12.6391
[NH3+][C@@H](CC(=O)N1CCC[C@H]1C[N-]S(=O)(=O)C(F)(F)F)Cc1cc(F)c(F)cc1F,"CHEMBL564283",2121,Done,10.42,-8.94336,"glide_grid_1X70",-9.06466,-1.0473,-0.796816,-0,-2.46211,-36.9605,-21.4698,0.490193,-0.18013,-101.593,-58.4303,6.79586
[NH3+][C@@H](CC(=O)N1CCC[C@H]1CNS(=O)(=O)C(F)(F)F)Cc1cc(F)c(F)cc1F,"CHEMBL564283",2122,Done,8.36,-7.73597,"glide_grid_1X70",-8.78297,-1.2692,-0.842624,-0,-2.24452,-30.8914,-20.7463,0.488192,-0.258297,-91.2403,-51.6377,5.96493
N[C@@H](CC(=O)N1CCC[C@H]1C[N-]S(=O)(=O)C(F)(F)F)Cc1cc(F)c(F)cc1F,"CHEMBL564283",2123,Done,8.73,-2.64663,"glide_grid_1X70",-5.28803,-0.946396,-0.576,-0,-1.28544,-30.806,-10.1467,0.703152,-0.121043,-54.844,-40.9526,5.33763
[NH3+][C@@H](CC(=O)N1CCC[C@H]1CNc1ncccn1)Cc1cc(F)c(F)cc1F,"CHEMBL564488",2124,Done,8.45,-9.14669,"glide_grid_1X70",-9.15499,-1.41412,-1.02834,-0,-2.59102,-35.6451,-18.6129,0.615629,-0.162942,-94.7927,-54.258,9.01924
N[C@@H](CC(=O)N1CCC[C@H]1CNc1ncccn1)Cc1cc(F)c(F)cc1F,"CHEMBL564488",2125,Done,8.14,-2.48963,"glide_grid_1X70",-5.02483,-1.22674,-0.304,-0,-1.77318,-35.8336,-5.08338,0.883524,-0.050243,-44.1619,-40.917,19.8283
CC(C)[C@@]1(N)C[C@@H]2SC[C@@H](C#N)N2C1=O,"CHEMBL564854",2127,Done,1.34,-3.90308,"glide_grid_1X70",-4.17378,-0.0214682,-0.514196,-0,-1.94168,-18.9521,-4.50314,0,-0.0733654,-30.3055,-23.4552,0.270624
CC(C)[C@@]1([NH3+])C[C@@H]2SC[C@@H](C#N)N2C1=O,"CHEMBL564854",2128,Done,1.47,-6.12947,"glide_grid_1X70",-6.72377,0,-0.719035,-0,-2.091,-13.3691,-20.7811,0,-0.128108,-54.9414,-34.1502,0.00699349
[NH3+][C@@H](CC(=O)N1CCC[C@H]1CNS(=O)(=O)c1ccc(F)cc1)Cc1ccccc1F,"CHEMBL565056",2129,Done,8.63,-7.47554,"glide_grid_1X70",-7.48474,-1.19146,-0.782944,-0,-1.57108,-35.8531,-16.1029,0.508376,-0.23954,-83.4527,-51.956,9.1181
N[C@@H](CC(=O)N1CCC[C@H]1CNS(=O)(=O)c1ccc(F)cc1)Cc1ccccc1F,"CHEMBL565056",2130,Done,9.15,-3.01445,"glide_grid_1X70",-5.48795,-1.28736,-0.738398,-0,-1.1666,-36.3095,-7.1014,0.729289,-0.144192,-55.7787,-43.4109,7.0209
N#Cc1ccnc(OC[C@@H]2CCCN2C(=O)C[C@H]([NH3+])Cc2cc(F)c(F)cc2F)c1,"CHEMBL565101",2131,Done,6.22,-9.11617,"glide_grid_1X70",-9.12527,-1.46374,-0.810023,-0,-2.36393,-39.4362,-19.3483,0.551054,-0.164579,-101.833,-58.7845,5.50468
N#Cc1ccnc(OC[C@@H]2CCCN2C(=O)C[C@H](N)Cc2cc(F)c(F)cc2F)c1,"CHEMBL565101",2132,Done,5.69,-4.28883,"glide_grid_1X70",-6.76793,-1.55106,-0.774776,-0,-1.91303,-38.1297,-8.97613,0.79065,-0.0668097,-63.0041,-47.1058,9.14094
CC1(c2nc([C@@H]3CCCN3C(=O)C[C@H]([NH3+])Cc3cc(F)c(F)cc3F)no2)COC1,"CHEMBL565600",2133,Done,8.51,-8.93806,"glide_grid_1X70",-8.94896,-1.28165,-0.884821,-0,-2.25515,-35.0592,-20.4408,0.460344,-0.168594,-96.8269,-55.5,5.68322
CC1(c2nc([C@@H]3CCCN3C(=O)C[C@H](N)Cc3cc(F)c(F)cc3F)no2)COC1,"CHEMBL565600",2134,Done,8.18,-2.70634,"glide_grid_1X70",-5.07944,-1.3064,-0.354121,-0,-1.4489,-27.5116,-7.69172,0.660462,-0.101139,-46.7144,-35.2033,3.20204
[NH3+][C@@H](CCN1CCC[C@H]1c1ncn(-c2ccccc2)n1)Cc1ccccc1F,"CHEMBL565613",2135,Done,6.14,-7.55971,"glide_grid_1X70",-7.76761,-1.53719,-0.552892,-0,-2.04834,-37.3296,-14.8372,0.562866,-0.1,-84.4274,-52.1668,4.95813
[NH3+][C@@H](CC[N@@H+]1CCC[C@H]1c1ncn(-c2ccccc2)n1)Cc1ccccc1F,"CHEMBL565613",2136,Done,5.61,-7.95734,"glide_grid_1X70",-8.67874,-1.62203,-0.408333,-0,-2.06776,-34.9701,-21.6414,0.560203,-0.146114,-98.9367,-56.6114,4.03369
CC(C)(C)c1noc([C@@H]2CCCN2C(=O)C[C@H]([NH3+])Cc2cc(F)c(F)cc2F)n1,"CHEMBL565633",2137,Done,7.03,-9.21163,"glide_grid_1X70",-9.22253,-1.36973,-0.887233,-0,-2.40317,-35.2823,-20.2554,0.407503,-0.16747,-97.1387,-55.5377,4.93829
CC(C)(C)c1noc([C@@H]2CCCN2C(=O)C[C@H](N)Cc2cc(F)c(F)cc2F)n1,"CHEMBL565633",2138,Done,4.95,-3.18673,"glide_grid_1X70",-5.55983,-1.19599,-0.56342,-0,-1.59012,-26.6366,-9.03202,0.584729,-0.108394,-47.3495,-35.6687,4.19681
[NH3+][C@@H](CC(=O)N1CCC[C@H]1c1nc(C2(C(F)(F)F)CC2)no1)Cc1cc(F)c(F)cc1F,"CHEMBL565813",2139,Done,7.74,-9.73146,"glide_grid_1X70",-9.74236,-1.26559,-0.884884,-0,-2.64606,-35.4039,-22.6383,0.394138,-0.174019,-101.267,-58.0422,9.5128
N[C@@H](CC(=O)N1CCC[C@H]1c1nc(C2(C(F)(F)F)CC2)no1)Cc1cc(F)c(F)cc1F,"CHEMBL565813",2140,Done,7,-2.91236,"glide_grid_1X70",-5.28546,-1.22531,-0.445185,-0,-1.40028,-28.2189,-8.46029,0.565293,-0.0999821,-48.9792,-36.6792,2.39999
[NH3+][C@@H](CC[N@@H+]1CCC[C@H]1c1ccn(-c2ccccc2)n1)Cc1ccccc1F,"CHEMBL565999",2141,Done,5.22,-8.20521,"glide_grid_1X70",-8.34001,-1.5371,-0.561152,-0,-1.73286,-35.0667,-21.0228,0.562813,-0.164944,-93.139,-56.0896,11.1093
[NH3+][C@@H](CCN1CCC[C@H]1c1ccn(-c2ccccc2)n1)Cc1ccccc1F,"CHEMBL565999",2142,Done,5.94,-6.48995,"glide_grid_1X70",-7.53035,-1.37167,-0.44105,-0,-2.10248,-35.3019,-15.437,0.565494,-0.1,-80.9343,-50.7389,7.6554
N[C@@H](CC[N@@H+]1CCC[C@H]1c1ccn(-c2ccccc2)n1)Cc1ccccc1F,"CHEMBL565999",2143,Done,5.41,-2.48367,"glide_grid_1X70",-4.54727,-0.930267,-0.285267,-0,-1.34221,-26.9057,-9.60044,0.807849,-0.0120183,-48.5768,-36.5062,5.25949
[NH3+][C@@H](CC(=O)N1CCC[C@H]1c1noc(C2CC2)n1)Cc1cc(F)c(F)cc1F,"CHEMBL566419",2144,Done,6.52,-8.8034,"glide_grid_1X70",-8.8143,-1.3874,-0.844435,-0,-2.40404,-34.8435,-18.6395,0.525321,-0.165647,-92.1286,-53.483,6.66526
N[C@@H](CC(=O)N1CCC[C@H]1c1noc(C2CC2)n1)Cc1cc(F)c(F)cc1F,"CHEMBL566419",2145,Done,6.17,-2.84066,"glide_grid_1X70",-5.21376,-1.29454,-0.535921,-0,-1.57282,-24.9899,-8.1424,0.753911,-0.09354,-44.2732,-33.1323,2.91096
CS(=O)(=O)N1CC(c2noc([C@@H]3CCCN3C(=O)C[C@H]([NH3+])Cc3cc(F)c(F)cc3F)n2)C1,"CHEMBL566425",2146,Done,6.13,-7.42395,"glide_grid_1X70",-7.43485,-1.2548,-0.566358,-0,-1.28298,-35.8825,-17.7388,0.357929,-0.233699,-86.4698,-53.6213,12.5817
CS(=O)(=O)N1CC(c2noc([C@@H]3CCCN3C(=O)C[C@H](N)Cc3cc(F)c(F)cc3F)n2)C1,"CHEMBL566425",2147,Done,6.15,-4.8281,"glide_grid_1X70",-7.2012,-1.4278,-0.781645,-0,-1.48649,-40.5815,-12.6877,0.513263,-0.0862853,-72.904,-53.2692,9.41475
[NH3+][C@@H](CCN1CCC[C@H]1c1nc(-c2ccccc2)no1)Cc1ccccc1F,"CHEMBL566460",2148,Done,5.77,-6.72516,"glide_grid_1X70",-6.79066,-1.93177,-0.4,-0,-1.52391,-33.2598,-12.1328,0.800378,-0.252454,-69.3084,-45.3926,12.401
[NH3+][C@@H](CC[N@@H+]1CCC[C@H]1c1nc(-c2ccccc2)no1)Cc1ccccc1F,"CHEMBL566460",2149,Done,5.29,-6.93186,"glide_grid_1X70",-8.29386,-1.62708,-0.571619,-0,-1.76951,-34.2437,-19.9646,0.557621,-0.176391,-90.6594,-54.2083,13.3795
[NH3+][C@@H](CC(=O)N1CCC[C@H]1c1nc(N2CCCC2)no1)Cc1cc(F)c(F)cc1F,"CHEMBL566616",2150,Done,7.5,-9.12049,"glide_grid_1X70",-9.13139,-1.24755,-0.884916,-0,-2.37509,-35.1368,-21.0633,0.462278,-0.169772,-97.8383,-56.2001,5.57939
N[C@@H](CC(=O)N1CCC[C@H]1c1nc(N2CCCC2)no1)Cc1cc(F)c(F)cc1F,"CHEMBL566616",2151,Done,6.47,-3.45461,"glide_grid_1X70",-5.82771,-1.3632,-0.576,-0,-1.75008,-29.8563,-7.98895,0.663244,-0.110508,-50.6396,-37.8452,3.98855
[NH3+][C@@H](CC[N@@H+]1CCC[C@H]1c1nc(-c2ccccc2)co1)Cc1ccccc1F,"CHEMBL566617",2152,Done,4.58,-7.3326,"glide_grid_1X70",-7.4366,-0.904694,-0.545617,-0,-1.87289,-27.4462,-21.1422,0.560212,-0.129971,-75.7734,-48.5884,9.0549
[NH3+][C@@H](CCN1CCC[C@H]1c1nc(-c2ccccc2)co1)Cc1ccccc1F,"CHEMBL566617",2153,Done,5.77,-6.71389,"glide_grid_1X70",-7.92789,-1.9386,-0.536573,-0,-1.86925,-37.7893,-14.3791,0.562874,-0.1,-81.9631,-52.1685,11.8783
N[C@@H](CC[N@@H+]1CCC[C@H]1c1nc(-c2ccccc2)co1)Cc1ccccc1F,"CHEMBL566617",2154,Done,4.96,-2.32542,"glide_grid_1X70",-4.36282,-1.31022,-0.254631,-0,-0.952655,-30.1746,-7.48982,0.804106,-0.017219,-48.4452,-37.6644,4.59474
[NH3+][C@@H](CC(=O)N1CCC[C@H]1c1nc(-c2cnccn2)no1)Cc1cc(F)c(F)cc1F,"CHEMBL566628",2155,Done,5.87,-9.26608,"glide_grid_1X70",-9.27698,-1.11319,-0.857581,-0,-2.27058,-36.2118,-23.2898,0.445103,-0.176679,-103.962,-59.5016,7.61309
N[C@@H](CC(=O)N1CCC[C@H]1c1nc(-c2cnccn2)no1)Cc1cc(F)c(F)cc1F,"CHEMBL566628",2156,Done,4.94,-2.37172,"glide_grid_1X70",-4.74482,-1.17539,-0.340118,-0,-1.72205,-32.2865,-2.88622,0.638551,-0.0985615,-43.2742,-35.1727,9.42535
[NH3+][C@@H](CC(=O)N1CCC[C@H]1c1nc(CC2CC2)no1)Cc1cc(F)c(F)cc1F,"CHEMBL566672",2157,Done,7.09,-9.14189,"glide_grid_1X70",-9.15279,-1.47021,-0.862634,-0,-2.24495,-35.9874,-21.1761,0.575582,-0.174791,-99.0148,-57.1636,5.65207
N[C@@H](CC(=O)N1CCC[C@H]1c1nc(CC2CC2)no1)Cc1cc(F)c(F)cc1F,"CHEMBL566672",2158,Done,7.37,-3.30385,"glide_grid_1X70",-5.67695,-1.48682,-0.551671,-0,-1.64548,-29.1697,-8.57739,0.825923,-0.0738019,-50.56,-37.7471,3.24319
[NH3+][C@@H](CC(=O)N1CCC[C@H]1c1nc(-c2ncc(F)cc2F)no1)Cc1cc(F)c(F)cc1F,"CHEMBL566829",2159,Done,4.84,-9.10157,"glide_grid_1X70",-9.11247,-1.12274,-0.842089,-0,-2.13126,-37.3721,-21.8645,0.386496,-0.254591,-103.267,-59.2366,6.23859
N[C@@H](CC(=O)N1CCC[C@H]1c1nc(-c2ncc(F)cc2F)no1)Cc1cc(F)c(F)cc1F,"CHEMBL566829",2160,Done,4.73,-3.38188,"glide_grid_1X70",-5.75498,-1.53933,-0.402492,-0,-0.975048,-40.4243,-7.89221,0.55431,-0.187375,-61.6094,-48.3165,7.2972
[NH3+][C@@H](CCN1CCC[C@H]1c1cn(-c2ccccc2)nn1)Cc1ccccc1F,"CHEMBL566854",2161,Done,6.21,-6.10835,"glide_grid_1X70",-6.32335,-1.82324,-0.4,-0,-1.38638,-32.1463,-10.7973,0.804094,-0.290903,-59.3156,-42.9437,18.1963
[NH3+][C@@H](CC[N@@H+]1CCC[C@H]1c1cn(-c2ccccc2)nn1)Cc1ccccc1F,"CHEMBL566854",2162,Done,6,-7.846,"glide_grid_1X70",-8.5745,-1.87783,-0.554036,-0,-1.87422,-36.6623,-19.0239,0.560203,-0.141913,-93.9223,-55.6862,14.4973
N[C@@H](CC[N@@H+]1CCC[C@H]1c1cn(-c2ccccc2)nn1)Cc1ccccc1F,"CHEMBL566854",2163,Done,5.52,-2.15219,"glide_grid_1X70",-4.77769,-0.95862,-0.284903,-0,-1.23829,-32.1848,-8.55624,0.804094,-0.2073,-47.9255,-40.741,15.9348
[NH3+][C@@H](CC[N@@H+]1CCC[C@H]1CNC(=O)c1ccccc1)Cc1ccccc1F,"CHEMBL567263",2164,Done,11.1,-8.78878,"glide_grid_1X70",-8.85068,-1.31518,-0.566707,-0,-2.36343,-31.4407,-23.4926,0.685393,-0.194823,-98.2787,-54.9333,11.3388
[NH3+][C@@H](CCN1CCC[C@H]1CNC(=O)c1ccccc1)Cc1ccccc1F,"CHEMBL567263",2165,Done,12.53,-6.23358,"glide_grid_1X70",-7.84788,-1.90658,-0.408119,-0,-1.96907,-36.9825,-15.3581,0.68873,-0.1,-84.1568,-52.3406,8.49913
N[C@@H](CC[N@@H+]1CCC[C@H]1CNC(=O)c1ccccc1)Cc1ccccc1F,"CHEMBL567263",2166,Done,11.65,-4.25581,"glide_grid_1X70",-6.26441,-1.67826,-0.252531,-0,-1.8971,-30.5335,-11.7372,0.983899,-0.13316,-58.8139,-42.2707,10.5918
[NH3+][C@@H](CC(=O)N1CCC[C@H]1c1ncn(-c2ccccn2)n1)Cc1cc(F)c(F)cc1F,"CHEMBL567270",2167,Done,5.65,-9.38501,"glide_grid_1X70",-9.39541,-1.22605,-0.887236,-0,-2.50598,-38.8402,-20.7785,0.448798,-0.16615,-105.897,-59.6187,4.96112
N[C@@H](CC(=O)N1CCC[C@H]1c1ncn(-c2ccccn2)n1)Cc1cc(F)c(F)cc1F,"CHEMBL567270",2168,Done,4.85,-1.12483,"glide_grid_1X70",-3.52773,-0.927156,-0.247563,-0,-0.808872,-33.4046,-3.00733,0.643863,-0.0666725,-42.3106,-36.4119,7.78862
[NH3+][C@@H](CC(=O)N1CCC[C@H]1c1nc(C2CC2)no1)Cc1cc(F)c(F)cc1F,"CHEMBL567278",2169,Done,6.39,-9.00528,"glide_grid_1X70",-9.01618,-1.2796,-0.887933,-0,-2.43121,-34.1058,-20.459,0.525321,-0.168607,-94.8534,-54.5649,5.62405
N[C@@H](CC(=O)N1CCC[C@H]1c1nc(C2CC2)no1)Cc1cc(F)c(F)cc1F,"CHEMBL567278",2170,Done,5.8,-2.72632,"glide_grid_1X70",-5.09942,-1.0757,-0.403498,-0,-1.69036,-25.9315,-8.57462,0.753911,-0.101008,-46.6065,-34.5061,2.90475
CC(=O)N1CC(c2noc([C@@H]3CCCN3C(=O)C[C@H]([NH3+])Cc3cc(F)c(F)cc3F)n2)C1,"CHEMBL567279",2171,Done,8.96,-8.95133,"glide_grid_1X70",-8.96223,-1.33139,-1.0281,-0,-1.45663,-38.8551,-22.9697,0.411672,-0.169579,-104.062,-61.8248,6.8666
CC(=O)N1CC(c2noc([C@@H]3CCCN3C(=O)C[C@H](N)Cc3cc(F)c(F)cc3F)n2)C1,"CHEMBL567279",2172,Done,7.83,-2.7233,"glide_grid_1X70",-5.0964,-1.3053,-0.537655,-0,-0.713928,-32.5627,-9.32516,0.590494,-0.103098,-51.1929,-41.8879,5.80548
[NH3+][C@@H](CC(=O)N1CCC[C@H]1c1nc(-c2ncccn2)no1)Cc1cc(F)c(F)cc1F,"CHEMBL567727",2173,Done,5.58,-9.06248,"glide_grid_1X70",-9.07338,-1.33977,-0.855303,-0,-2.47489,-38.7216,-18.3569,0.445103,-0.158911,-98.4896,-57.0785,7.53606
N[C@@H](CC(=O)N1CCC[C@H]1c1nc(-c2ncccn2)no1)Cc1cc(F)c(F)cc1F,"CHEMBL567727",2174,Done,4.34,-2.32949,"glide_grid_1X70",-4.70259,-1.24471,-0.304,-0,-1.12757,-27.1369,-8.00179,0.638551,-0.10775,-46.1165,-35.1386,3.48046
CC(C)(F)c1nc([C@@H]2CCCN2C(=O)C[C@H]([NH3+])Cc2cc(F)c(F)cc2F)no1,"CHEMBL567728",2175,Done,6.52,-9.0435,"glide_grid_1X70",-9.0544,-1.28057,-0.886223,-0,-2.31723,-34.5274,-20.4957,0.40051,-0.170161,-94.653,-55.0231,6.94772
CC(C)(F)c1nc([C@@H]2CCCN2C(=O)C[C@H](N)Cc2cc(F)c(F)cc2F)no1,"CHEMBL567728",2176,Done,7.24,-3.38943,"glide_grid_1X70",-5.76253,-0.977395,-0.576,-0,-1.50643,-34.7006,-9.64659,0.574673,-0.0953624,-58.7362,-44.3472,4.47029
CC(C)(C)c1nc([C@@H]2CCCN2C(=O)C[C@H]([NH3+])Cc2cc(F)c(F)cc2F)no1,"CHEMBL568111",2177,Done,7.33,-8.9783,"glide_grid_1X70",-8.9892,-1.35822,-0.877463,-0,-2.28589,-34.7115,-19.8208,0.407503,-0.166438,-94.8691,-54.5323,5.80613
CC(C)(C)c1nc([C@@H]2CCCN2C(=O)C[C@H](N)Cc2cc(F)c(F)cc2F)no1,"CHEMBL568111",2178,Done,7.51,-2.75703,"glide_grid_1X70",-5.13013,-1.23116,-0.304,-0,-1.55381,-27.722,-7.58504,0.584729,-0.102036,-46.7945,-35.3071,2.23711
COc1cc([C@@H]2Oc3ccc4ccc(=O)oc4c3O[C@H]2CO)ccc1O,"CHEMBL574038",2179,Done,2.8,-3.79806,"glide_grid_1X70",-3.80066,-0.100225,0,-0,-0.979594,-23.5119,-11.7079,0.210946,0,-43.859,-35.2199,3.3181
COc1cc([C@H]2Oc3ccc4ccc(=O)oc4c3O[C@@H]2CO)cc(OC)c1O,"CHEMBL584162",2180,Done,3.14,-3.30126,"glide_grid_1X70",-3.30386,-0.956924,-0.633892,-0,-0.774872,-28.9206,1.64722,0.260773,0,-28.3887,-27.2734,12.4682
[NH3+][C@@H](CC[N@@H+]1CCC[C@H]1c1nnc(-c2ccccc2)o1)Cc1ccccc1F,"CHEMBL584276",2181,Done,5.74,-8.13331,"glide_grid_1X70",-8.23731,-1.64131,-0.55238,-0,-1.69563,-35.6019,-20.0179,0.557621,-0.122825,-94.334,-55.6198,6.75224
[NH3+][C@@H](CCN1CCC[C@H]1c1nnc(-c2ccccc2)o1)Cc1ccccc1F,"CHEMBL584276",2182,Done,6.61,-5.8347,"glide_grid_1X70",-7.0487,-1.97588,-0.4,-0,-1.62536,-33.9179,-12.9195,0.800378,-0.214017,-74.0901,-46.8374,8.32255
N[C@@H](CC[N@@H+]1CCC[C@H]1c1nnc(-c2ccccc2)o1)Cc1ccccc1F,"CHEMBL584276",2183,Done,5.49,-2.86265,"glide_grid_1X70",-4.90005,-1.03757,-0.264734,-0,-1.44237,-29.5564,-9.64679,0.800378,-0.0309159,-52.2256,-39.2032,6.3401
[NH3+][C@@H](CC(=O)N1CCC[C@H]1c1nc(-c2ccccn2)no1)Cc1cc(F)c(F)cc1F,"CHEMBL584494",2184,Done,5.84,-9.16556,"glide_grid_1X70",-9.17646,-1.42207,-0.88646,-0,-2.18347,-38.7852,-20.1609,0.446948,-0.168022,-104.019,-58.9461,6.78789
N[C@@H](CC(=O)N1CCC[C@H]1c1nc(-c2ccccn2)no1)Cc1cc(F)c(F)cc1F,"CHEMBL584494",2185,Done,4.89,-3.40196,"glide_grid_1X70",-5.77506,-1.44164,-0.576,-0,-1.4791,-31.6936,-8.60139,0.641203,-0.0446351,-48.2283,-40.295,15.0096
[NH3+][C@@H](CC(=O)N1CCC[C@H]1c1noc(C2(C(F)(F)F)CC2)n1)Cc1cc(F)c(F)cc1F,"CHEMBL584692",2186,Done,7.77,-8.6988,"glide_grid_1X70",-8.7097,-1.38373,-0.856066,-0,-2.1665,-34.5543,-18.7394,0.394138,-0.15891,-92.4137,-53.2938,8.28094
N[C@@H](CC(=O)N1CCC[C@H]1c1noc(C2(C(F)(F)F)CC2)n1)Cc1cc(F)c(F)cc1F,"CHEMBL584692",2187,Done,6.93,-2.63456,"glide_grid_1X70",-5.00766,-1.02515,-0.304,-0,-1.51318,-25.2826,-9.02705,0.565293,-0.11244,-46.3344,-34.3096,2.26671
[NH3+][C@@H](CC(=O)N1CCC[C@H]1c1noc(C2(O)CC2)n1)Cc1cc(F)c(F)cc1F,"CHEMBL584698",2188,Done,9.69,-9.28202,"glide_grid_1X70",-9.29292,-1.38283,-0.869261,-0,-2.37147,-35.5566,-21.4537,0.489096,-0.162579,-98.6401,-57.0103,6.03029
N[C@@H](CC(=O)N1CCC[C@H]1c1noc(C2(O)CC2)n1)Cc1cc(F)c(F)cc1F,"CHEMBL584698",2189,Done,8.06,-2.94947,"glide_grid_1X70",-5.32257,-1.29525,-0.526338,-0,-1.27945,-25.8701,-10.2075,0.701807,-0.0987012,-49.2584,-36.0776,4.59787
[NH3+][C@@H](CC(=O)N1CCC[C@H]1c1nc(N2CCOCC2)no1)Cc1cc(F)c(F)cc1F,"CHEMBL585129",2190,Done,7.5,-9.89176,"glide_grid_1X70",-9.90266,-1.45138,-1.16077,-0,-2.34584,-37.6252,-22.2085,0.432297,-0.164424,-106.907,-59.8337,6.19941
N[C@@H](CC(=O)N1CCC[C@H]1c1nc(N2CCOCC2)no1)Cc1cc(F)c(F)cc1F,"CHEMBL585129",2191,Done,6.58,-2.83298,"glide_grid_1X70",-5.20608,-1.21949,-0.439376,-0,-1.4448,-28.0211,-8.17497,0.62014,-0.0952516,-49.0311,-36.1961,2.88876
[NH3+][C@@H](CC(=O)N1CCC[C@H]1c1noc(C2(F)CC2)n1)Cc1cc(F)c(F)cc1F,"CHEMBL585290",2192,Done,6.36,-8.90687,"glide_grid_1X70",-8.91777,-1.33785,-0.88712,-0,-2.40206,-34.1358,-19.3626,0.484852,-0.164426,-93.9062,-53.4983,4.89222
N[C@@H](CC(=O)N1CCC[C@H]1c1noc(C2(F)CC2)n1)Cc1cc(F)c(F)cc1F,"CHEMBL585290",2193,Done,5.36,-2.76526,"glide_grid_1X70",-5.13836,-1.1993,-0.294445,-0,-1.78773,-26.2402,-7.63191,0.695705,-0.0957985,-45.2022,-33.8721,3.44547
[NH3+][C@@H](CCN1CCC[C@H]1c1noc(-c2ccccc2)n1)Cc1ccccc1F,"CHEMBL585663",2194,Done,6.09,-7.46204,"glide_grid_1X70",-7.52754,-1.7575,-0.568109,-0,-1.8839,-36.2491,-12.9668,0.560264,-0.12082,-76.6472,-49.2159,12.4475
[NH3+][C@@H](CC[N@@H+]1CCC[C@H]1c1noc(-c2ccccc2)n1)Cc1ccccc1F,"CHEMBL585663",2195,Done,5.57,-6.4271,"glide_grid_1X70",-7.7891,-1.49228,-0.570781,-0,-1.51624,-32.5686,-19.9218,0.557621,-0.150726,-88.9124,-52.4904,10.2794
COc1cc2c(cc1OC)[C@H]1C[C@@H]([NH3+])[C@@H](N3CCCC[S@]3=O)CN1CC2,"CHEMBL589598",2196,Done,2.48,-5.00158,"glide_grid_1X70",-5.03888,-0.16383,-0.696276,-0,-1.0396,-13.0108,-16.3668,0.133988,-0.167598,-42.0733,-29.3776,3.60218
COc1cc2c(cc1OC)[C@H]1C[C@@H](N)[C@@H](N3CCCC[S@]3=O)CN1CC2,"CHEMBL589598",2197,Done,2.66,-1.67621,"glide_grid_1X70",-3.58891,-0.125287,-0.565389,-0,-0.821469,-17.0747,-8.6675,0.134626,-0.0575296,-29.9529,-25.7422,3.48286
COc1cc2c(cc1OC)[C@H]1C[C@@H](N)[C@@H](N3CCCC[S@]3=O)C[N@@H+]1CC2,"CHEMBL589598",2198,Done,2.81,-1.96628,"glide_grid_1X70",-4.36818,-0.193328,-0.52887,-0,-0.814597,-16.9074,-13.6522,0.133988,-0.07217,-37.5953,-30.5596,7.36395
COc1cc2c(cc1OC)[C@H]1C[C@@H]([NH3+])[C@@H](N3CC[C@@H](C)CC3=O)CN1CC2,"CHEMBL590086",2199,Done,2.8,-4.93267,"glide_grid_1X70",-5.00357,-0.459197,-0.399615,-0,-1.0807,-17.8593,-14.4606,0.137875,-0.139881,-42.4678,-32.3199,7.27529
COc1cc2c(cc1OC)[C@H]1C[C@@H](N)[C@@H](N3CC[C@@H](C)CC3=O)C[N@@H+]1CC2,"CHEMBL590086",2201,Done,2.64,-1.43862,"glide_grid_1X70",-3.97942,-0.285056,-0.374885,-0,-0.855702,-16.1769,-11.5759,0.137875,-0.0564259,-36.3398,-27.7528,1.17574
COc1cc2c(cc1OC)[C@H]1C[C@@H]([NH3+])[C@@H](N3CCCC3=O)CN1CC2,"CHEMBL590326",2202,Done,2.41,-5.21382,"glide_grid_1X70",-5.28742,-0.18575,-0.603452,-0,-1.27197,-19.5688,-14.936,0.158404,-0.165813,-47.9111,-34.5048,4.4557
COc1cc2c(cc1OC)[C@H]1C[C@@H](N)[C@@H](N3CCCC3=O)CN1CC2,"CHEMBL590326",2203,Done,2.74,-2.4168,"glide_grid_1X70",-3.7769,-0.205376,-0.490148,-0,-1.05385,-19.3535,-7.87214,0.159226,-0.0382598,-31.1807,-27.2257,4.66531
COc1cc2c(cc1OC)[C@H]1C[C@@H](N)[C@@H](N3CCCC3=O)C[N@@H+]1CC2,"CHEMBL590326",2204,Done,2.81,-0.89188,"glide_grid_1X70",-3.41858,-0.030822,-0.288179,-0,-1.04697,-22.4911,-6.62205,0.158404,-0.0931506,-33.8704,-29.1131,8.44596
COc1cc2c(cc1OC)[C@H]1C[C@@H]([NH3+])[C@@H](N3C[C@@H](C)CCC3=O)CN1CC2,"CHEMBL590329",2205,Done,2.87,-4.96012,"glide_grid_1X70",-5.03252,-0.0780614,-0.669963,-0,-1.0807,-20.6181,-14.21,0.137875,-0.179261,-43.6302,-34.8281,9.07772
COc1cc2c(cc1OC)[C@H]1C[C@@H](N)[C@@H](N3C[C@@H](C)CCC3=O)CN1CC2,"CHEMBL590329",2206,Done,2.05,-1.99359,"glide_grid_1X70",-3.36519,-0.255122,-0.458845,-0,-0.862574,-17.6786,-6.6813,0.138541,-0.0410673,-28.8903,-24.3599,0.49121
COc1cc2c(cc1OC)[C@H]1C[C@@H](N)[C@@H](N3C[C@@H](C)CCC3=O)C[N@@H+]1CC2,"CHEMBL590329",2207,Done,2.36,-1.50976,"glide_grid_1X70",-4.02886,-0.342477,-0.307088,-0,-0.855702,-18.2558,-11.3625,0.137875,-0.0443059,-37.4281,-29.6182,1.87591
COc1cc2c(cc1OC)[C@H]1C[C@@H]([NH3+])[C@@H](N3CCOC3=O)CN1CC2,"CHEMBL590330",2208,Done,2.65,-4.95663,"glide_grid_1X70",-5.08663,-0.166677,-0.604197,-0,-1.25852,-18.9164,-14.1068,0.156814,-0.152211,-46.6937,-33.0232,4.58103
COc1cc2c(cc1OC)[C@H]1C[C@@H](N)[C@@H](N3CCOC3=O)CN1CC2,"CHEMBL590330",2209,Done,2.49,-2.28248,"glide_grid_1X70",-3.46578,-0.224769,-0.45668,-0,-1.04039,-20.1454,-5.69858,0.157623,-0.0394974,-31.2229,-25.844,0.800869
COc1cc2c(cc1OC)[C@H]1C[C@@H](N)[C@@H](N3CCOC3=O)C[N@@H+]1CC2,"CHEMBL590330",2210,Done,2.7,-2.61196,"glide_grid_1X70",-4.29906,-0.226354,-0.450958,-0,-1.03352,-20.127,-11.2373,0.156814,-0.0530906,-42.9485,-31.3644,1.33107
COc1cc2c(cc1OC)[C@@H]1C[C@H]([NH3+])[C@@H](c3cc(C)ccn3)CN1CC2,"CHEMBL590557",2211,Done,2.55,-7.29894,"glide_grid_1X70",-7.32514,-1.29189,-0.486023,-0,-1.937,-32.8556,-13.1594,0.10646,-0.1,-73.6577,-46.015,5.98557
COc1cc2c(cc1OC)[C@@H]1C[C@H](N)[C@@H](c3cc(C)ccn3)C[N@H+]1CC2,"CHEMBL590557",2212,Done,2.6,-3.21081,"glide_grid_1X70",-5.59471,-1.12891,-0.346723,-0,-1.34564,-31.3518,-8.95456,0.152086,-0.0147481,-52.5139,-40.3063,6.10163
COc1cc2c(cc1OC)[C@@H]1C[C@H]([NH3+])[C@@H](c3cc(C)ccn3)C[N@H+]1CC2,"CHEMBL590557",2213,Done,2.66,-5.44305,"glide_grid_1X70",-7.92745,-1.1974,-0.54203,-0,-1.8589,-32.9095,-17.7957,0.105924,-0.120219,-82.9972,-50.7051,6.07071
COc1cc2c(cc1OC)[C@H]1C[C@@H]([NH3+])[C@@H](N3C[C@@H](C)CC3=O)CN1CC2,"CHEMBL590812",2214,Done,2.52,-4.83666,"glide_grid_1X70",-4.90846,-0.163126,-0.569994,-0,-1.17634,-18.1294,-13.8579,0.147603,-0.161459,-46.1503,-31.9872,0.799095
COc1cc2c(cc1OC)[C@H]1C[C@@H](N)[C@@H](N3C[C@@H](C)CC3=O)CN1CC2,"CHEMBL590812",2215,Done,2.84,-2.11652,"glide_grid_1X70",-3.49162,-0.215215,-0.46688,-0,-0.95821,-18.5581,-6.81523,0.148341,-0.0494657,-30.9323,-25.3733,0.612835
COc1cc2c(cc1OC)[C@H]1C[C@@H](N)[C@@H](N3C[C@@H](C)CC3=O)C[N@@H+]1CC2,"CHEMBL590812",2216,Done,2.62,-1.9663,"glide_grid_1X70",-4.4981,-0.265632,-0.496684,-0,-0.951337,-18.263,-13.0686,0.147603,-0.0586051,-37.7803,-31.3317,5.05559
COc1cc2c(cc1OC)[C@H]1C[C@@H]([NH3+])[C@@H](N3CC[C@@H](C)C3=O)CN1CC2,"CHEMBL591060",2217,Done,1.6,-4.78611,"glide_grid_1X70",-4.85691,-0.304976,-0.469788,-0,-1.17634,-18.3975,-13.2837,0.147603,-0.140983,-44.0915,-31.6812,1.68937
COc1cc2c(cc1OC)[C@H]1C[C@@H](N)[C@@H](N3CC[C@@H](C)C3=O)CN1CC2,"CHEMBL591060",2218,Done,2.68,-2.16429,"glide_grid_1X70",-3.54649,-0.227289,-0.41149,-0,-0.95821,-21.1878,-6.65835,0.148341,-0.0397029,-33.391,-27.8462,0.922341
COc1cc2c(cc1OC)[C@@H]1C[C@H]([NH3+])[C@@H](N3C[C@H](CF)CC3=O)CN1CC2,"CHEMBL591117",2220,Done,2.58,-7.56713,"glide_grid_1X70",-7.64603,-1.02904,-0.542446,-0,-2.24351,-31.9998,-14.6973,0.0947101,-0.121169,-73.1875,-46.697,7.36898
COc1cc2c(cc1OC)[C@@H]1C[C@H](N)[C@@H](N3C[C@H](CF)CC3=O)CN1CC2,"CHEMBL591117",2221,Done,2.5,-3.6625,"glide_grid_1X70",-4.9812,-0.759028,-0.346893,-0,-1.91435,-30.1696,-3.89564,0.135948,-0.00405443,-43.3118,-34.0652,4.70849
COc1cc2c(cc1OC)[C@@H]1C[C@H](N)[C@@H](N3C[C@H](CF)CC3=O)C[N@H+]1CC2,"CHEMBL591117",2222,Done,3.41,-3.23373,"glide_grid_1X70",-5.73253,-0.728585,-0.317148,-0,-1.94428,-29.9025,-9.11551,0.1353,-0.0153662,-52.8941,-39.0181,4.18609
COc1cc2c(cc1OC)[C@@H]1C[C@H]([NH3+])[C@@H](N3C[C@@H](CF)CC3=O)CN1CC2,"CHEMBL591118",2223,Done,2.83,-7.52203,"glide_grid_1X70",-7.60093,-0.866812,-0.518728,-0,-2.36692,-33.7649,-14.2178,0.0947101,-0.122265,-76.0308,-47.9827,7.82395
COc1cc2c(cc1OC)[C@@H]1C[C@H](N)[C@@H](N3C[C@@H](CF)CC3=O)CN1CC2,"CHEMBL591118",2224,Done,2.8,-3.54227,"glide_grid_1X70",-4.86097,-0.671032,-0.311531,-0,-1.92371,-32.04,-3.17445,0.135948,-0.0124748,-44.8926,-35.2145,4.1007
COc1cc2c(cc1OC)[C@@H]1C[C@H](N)[C@@H](N3C[C@@H](CF)CC3=O)C[N@H+]1CC2,"CHEMBL591118",2225,Done,3.33,-2.40263,"glide_grid_1X70",-4.90143,-0.683381,-0.437232,-0,-1.07352,-26.0056,-9.81436,0.1353,-0.0701653,-44.2961,-35.8199,8.64776
COc1cc2c(cc1OC)[C@@H]1C[C@H]([NH3+])[C@@H](N3C[C@@H](C)CC3=O)CN1CC2,"CHEMBL591290",2235,Done,2.48,-6.95083,"glide_grid_1X70",-7.02263,-0.540481,-0.532552,-0,-1.96598,-30.5899,-16.1455,0.103322,-0.13562,-72.0458,-46.7354,7.84137
COc1cc2c(cc1OC)[C@@H]1C[C@H](N)[C@@H](N3C[C@@H](C)CC3=O)CN1CC2,"CHEMBL591290",2236,Done,2.41,-3.14988,"glide_grid_1X70",-4.52498,-0.746367,-0.383183,-0,-1.53814,-31.3892,-2.75307,0.148341,-0.0232108,-42.6737,-34.1423,4.23666
COc1cc2c(cc1OC)[C@@H]1C[C@H](N)[C@@H](N3C[C@@H](C)CC3=O)C[N@H+]1CC2,"CHEMBL591290",2237,Done,2.7,-2.75866,"glide_grid_1X70",-5.29046,-0.574982,-0.361027,-0,-1.5239,-30.6669,-9.34735,0.147603,-0.0427102,-50.2836,-40.0143,7.51178
COc1cc2c(cc1OC)[C@@H]1C[C@H]([NH3+])[C@@H](N3C[C@H](C)CC3=O)CN1CC2,"CHEMBL591291",2238,Done,2.47,-6.77574,"glide_grid_1X70",-6.84754,-0.929509,-0.572938,-0,-1.74708,-31.3838,-13.372,0.103322,-0.126336,-66.1789,-44.7558,7.33366
COc1cc2c(cc1OC)[C@@H]1C[C@H](N)[C@@H](N3C[C@H](C)CC3=O)CN1CC2,"CHEMBL591291",2239,Done,2.49,-3.03688,"glide_grid_1X70",-4.41198,-0.808327,-0.349902,-0,-1.47255,-28.9895,-3.15537,0.148341,-0.00676264,-39.4798,-32.1449,3.77379
COc1cc2c(cc1OC)[C@@H]1C[C@H](N)[C@@H](N3C[C@H](C)CC3=O)C[N@H+]1CC2,"CHEMBL591291",2240,Done,2.79,-2.94733,"glide_grid_1X70",-5.47913,-1.0492,-0.389966,-0,-1.3763,-31.9378,-7.86738,0.147603,-0.0342599,-51.1702,-39.8051,7.38974
COc1cc(-c2[o+]c3cc(O)cc(O)c3cc2O)cc(OC)c1O,"CHEMBL592005",2243,Done,4.09,-5.44421,"glide_grid_1X70",-5.76371,-0.478027,-0.336609,-0,-1.15025,-24.5952,-17.9273,0.120025,0,-56.2061,-42.5225,7.29946
COc1cc(-c2[o+]c3cc(O)cc([O-])c3cc2O)cc(OC)c1O,"CHEMBL592005",2244,Done,3.36,10000.8,"glide_grid_1X70",10000,-0.153422,-0.175806,-0,-1.45712,66.9197,-5.95245,0.17239,0,10000,60.9673,2.08367
COc1cc(-c2[o+]c3cc([O-])cc(O)c3cc2O)cc(OC)c1O,"CHEMBL592005",2245,Done,3.55,-3.06556,"glide_grid_1X70",-4.35146,-0.21522,-0.291662,-0,-1.15712,-23.2025,-11.3315,0.17239,0,-44.4392,-34.534,7.74924
COc1cc(-c2[o+]c3cc(O)cc(O)c3cc2[O-])cc(OC)c1O,"CHEMBL592005",2246,Done,3.3,-2.77237,"glide_grid_1X70",-4.89497,-0.60882,-0.298159,-0,-1.15712,-24.6468,-11.8061,0.17239,0,-48.6882,-36.4529,2.252
COc1cc2c(cc1OC)[C@H]1C[C@@H]([NH3+])[C@@H](N3CCCCCC3=O)CN1CC2,"CHEMBL592547",2247,Done,2.78,-4.89444,"glide_grid_1X70",-4.96744,-0.172507,-0.481071,-0,-1.20092,-24.1255,-12.9331,0.137875,-0.10458,-49.8603,-37.0586,3.96442
COc1cc2c(cc1OC)[C@H]1C[C@@H](N)[C@@H](N3CCCCCC3=O)CN1CC2,"CHEMBL592547",2248,Done,2.07,-2.08978,"glide_grid_1X70",-3.45488,-0.220218,-0.376389,-0,-0.862574,-21.2293,-7.01785,0.138541,-0.0200974,-32.7099,-28.2471,1.77808
COc1cc2c(cc1OC)[C@H]1C[C@@H](N)[C@@H](N3CCCCCC3=O)C[N@@H+]1CC2,"CHEMBL592547",2249,Done,2.73,-0.978273,"glide_grid_1X70",-3.50557,-0.189319,-0.431219,-0,-0.959238,-23.2863,-5.61327,0.137875,-0.0573661,-35.4333,-28.8996,2.45433
COc1cc2c(cc1OC)[C@@H]1C[C@H]([NH3+])[C@@H](N3CCCCC3=O)CN1CC2,"CHEMBL592778",2250,Done,2.99,-7.25112,"glide_grid_1X70",-7.32412,-1.00267,-0.493924,-0,-1.99436,-32.5155,-14.6011,0.103322,-0.12055,-73.3971,-47.1166,6.09164
COc1cc2c(cc1OC)[C@@H]1C[C@H](N)[C@@H](N3CCCCC3=O)CN1CC2,"CHEMBL592778",2251,Done,2.88,-3.32007,"glide_grid_1X70",-4.68517,-0.939922,-0.350373,-0,-1.49922,-31.2455,-3.08426,0.148341,-0.0190768,-43.4484,-34.3298,2.86937
COc1cc2c(cc1OC)[C@@H]1C[C@H](N)[C@@H](N3CCCCC3=O)C[N@H+]1CC2,"CHEMBL592778",2252,Done,3.12,-2.98333,"glide_grid_1X70",-5.51063,-1.03631,-0.386421,-0,-1.40615,-33.3363,-7.54472,0.147603,-0.0308351,-52.5018,-40.881,6.52804
COc1cc2c(cc1OC)[C@H]1C[C@@H]([NH3+])[C@@H](N3CCCCC3=O)CN1CC2,"CHEMBL592779",2253,Done,2.83,-4.98229,"glide_grid_1X70",-5.05529,-0.100778,-0.67926,-0,-1.17634,-14.3353,-15.564,0.147603,-0.195153,-29.0222,-29.8993,29.3469
COc1cc2c(cc1OC)[C@H]1C[C@@H](N)[C@@H](N3CCCCC3=O)CN1CC2,"CHEMBL592779",2254,Done,1.87,-1.99508,"glide_grid_1X70",-3.36018,-0.224821,-0.456632,-0,-0.95821,-17.1959,-6.44092,0.148341,-0.0429274,-27.7228,-23.6368,0.688979
COc1cc2c(cc1OC)[C@H]1C[C@@H](N)[C@@H](N3CCCCC3=O)C[N@@H+]1CC2,"CHEMBL592779",2255,Done,2.75,-1.45715,"glide_grid_1X70",-3.98445,-0.279787,-0.340154,-0,-0.951337,-16.0006,-11.3782,0.147603,-0.0540096,-37.1822,-27.3788,1.57515
COc1cc2c(cc1OC)[C@H]1C[C@@H]([NH3+])[C@H](c3cc(C)ccn3)CN1CC2,"CHEMBL598754",2259,Done,1.87,-7.11217,"glide_grid_1X70",-7.13837,-1.283,-0.472357,-0,-1.98481,-26.2295,-13.9546,0.10646,-0.1,-69.9503,-40.1841,0.087977
COc1cc2c(cc1OC)[C@H]1C[C@@H](N)[C@H](c3cc(C)ccn3)C[N@@H+]1CC2,"CHEMBL598754",2260,Done,2.2,-2.50036,"glide_grid_1X70",-4.88426,-1.01564,-0.043398,-0,-1.49228,-28.441,-6.41989,0.152086,-0.1,-42.4595,-34.8609,13.4361
COc1cc2c(cc1OC)[C@H]1C[C@@H]([NH3+])[C@H](c3cc(C)ccn3)C[N@@H+]1CC2,"CHEMBL598754",2261,Done,2.17,-4.83207,"glide_grid_1X70",-7.31647,-1.20053,-0.581897,-0,-2.01257,-23.4952,-15.5507,0.105924,-0.120038,-61.2709,-39.0459,0.803018
COc1cc2c(cc1OC)[C@H]1C[C@@H]([NH3+])[C@@H](N3CCCOC3=O)CN1CC2,"CHEMBL600045",2265,Done,2.69,-4.56871,"glide_grid_1X70",-4.69081,-0.25607,-0.481927,-0,-1.16289,-16.8188,-13.0194,0.146173,-0.142249,-42.2069,-29.8382,0.97122
COc1cc2c(cc1OC)[C@H]1C[C@@H](N)[C@@H](N3CCCOC3=O)CN1CC2,"CHEMBL600045",2266,Done,2.18,-2.22134,"glide_grid_1X70",-3.43854,-0.217374,-0.453545,-0,-0.944759,-19.5258,-6.42689,0.146901,-0.0294431,-29.1748,-25.9527,4.63927
COc1cc2c(cc1OC)[C@H]1C[C@@H](N)[C@@H](N3CCCOC3=O)C[N@@H+]1CC2,"CHEMBL600045",2267,Done,2.49,-1.28829,"glide_grid_1X70",-3.00939,-0.0356009,-0.372132,-0,-1.02945,-21.8162,-3.84979,0.146173,-0.0500988,-31.2396,-25.666,4.96805
COc1cc2c(cc1OC)[C@H]1C[C@@H]([NH3+])[C@H](N3CCCCC3=O)CN1CC2,"CHEMBL600440",2268,Done,2.2,-6.35227,"glide_grid_1X70",-6.42527,-0.941735,-0.404071,-0,-1.90778,-23.3393,-13.3181,0.103322,-0.11032,-60.888,-36.6574,3.47456
COc1cc2c(cc1OC)[C@H]1C[C@@H](N)[C@H](N3CCCCC3=O)CN1CC2,"CHEMBL600440",2269,Done,2.11,-2.55045,"glide_grid_1X70",-3.91555,-0.799446,-0.303034,-0,-1.44448,-19.8864,-3.38104,0.148341,-0.0154636,-27.2836,-23.2674,10.4234
COc1cc2c(cc1OC)[C@H]1C[C@@H](N)[C@H](N3CCCCC3=O)C[N@@H+]1CC2,"CHEMBL600440",2270,Done,2.39,-0.647484,"glide_grid_1X70",-3.17478,-0.736721,-0.231599,-0,-1.035,-13.5175,-3.82925,0.147603,-0.0688046,-21.8026,-17.3467,8.10925
CC[C@@H]1CC(=O)N([C@@H]2CN3CCc4cc(OC)c(OC)cc4[C@H]3C[C@H]2N)C1,"CHEMBL601074",2272,Done,2.13,-1.3587,"glide_grid_1X70",-2.7301,-0.84252,-0.179156,-0,-1.26305,-9.77815,-0.34536,0.138541,-0.0431994,-12.9842,-10.1235,5.63289
CC[C@@H]1CC(=O)N([C@@H]2C[N@@H+]3CCc4cc(OC)c(OC)cc4[C@H]3C[C@H]2N)C1,"CHEMBL601074",2273,Done,2.73,-1.02684,"glide_grid_1X70",-3.55704,-0.566298,-0.223784,-0,-0.905545,-19.4922,-6.14104,0.137875,-0.10352,-29.6864,-25.6333,11.9861
COc1cc2c(cc1OC)[C@H]1C[C@@H]([NH3+])[C@@H](N3CCC[S@@]3=O)CN1CC2,"CHEMBL605285",2276,Done,2.61,-4.83575,"glide_grid_1X70",-4.87305,-0.27106,-0.452557,-0,-1.13523,-19.2142,-13.7567,0.143299,-0.133286,-45.5895,-32.9709,1.23851
COc1cc2c(cc1OC)[C@H]1C[C@@H](N)[C@@H](N3CCC[S@@]3=O)CN1CC2,"CHEMBL605285",2277,Done,2.8,-2.08705,"glide_grid_1X70",-3.99905,-0.22413,-0.469397,-0,-0.917105,-21.9528,-9.32259,0.144005,-0.036398,-39.9629,-31.2754,0.763363
COc1cc2c(cc1OC)[C@H]1C[C@@H](N)[C@@H](N3CCC[S@@]3=O)C[N@H+]1CC2,"CHEMBL605285",2278,Done,1.96,-3.04111,"glide_grid_1X70",-5.44231,-0.282948,-0.505366,-0,-0.910233,-16.8946,-19.6946,0.143299,-0.0881445,-48.1539,-36.5892,9.33303
N#C[C@@H]1CCCN1C(=O)C[NH2+][C@@H]1C[C@@H]2C[C@H](OC(=O)Nc3ccccc3)C[C@@H]2C1,"CHEMBL1082345",2279,Done,6.88,-7.26869,"glide_grid_1X70",-7.43729,-1.31413,-0.554285,-0,-1.88347,-33.213,-16.5654,0.607086,-0.147034,-72.0825,-49.7785,16.1159
CO[C@@H]1C[C@H]2C[C@@H]([NH2+]CC(=O)N3CCC[C@H]3C#N)C[C@H]2C1,"CHEMBL1082346",2281,Done,8.27,-6.08055,"glide_grid_1X70",-6.24525,-1.00448,-0.370062,-0,-2.03433,-26.6923,-12.6756,0.597897,-0.198318,-56.9771,-39.3679,13.0009
CO[C@@H]1C[C@H]2C[C@H]([NH2+]CC(=O)N3CCC[C@H]3C#N)C[C@H]2C1,"CHEMBL1082347",2283,Done,8.61,-6.85988,"glide_grid_1X70",-7.02458,-1.06644,-0.528319,-0,-2.16063,-28.4257,-14.8464,0.597897,-0.218847,-66.6512,-43.2721,4.7314
CO[C@H]1C[C@H]2C[C@H]([NH2+]CC(=O)N3CCC[C@H]3C#N)C[C@H]2C1,"CHEMBL1082348",2285,Done,9.03,-6.3337,"glide_grid_1X70",-6.4984,-1.00634,-0.630718,-0,-1.87217,-19.3152,-18.1971,0.854139,-0.14799,-58.9999,-37.5122,4.7463
CC(=O)O[C@H]1C[C@H]2C[C@@H]([NH2+]CC(=O)N3CCC[C@H]3C#N)C[C@H]2C1,"CHEMBL1082350",2287,Done,7.85,-5.95149,"glide_grid_1X70",-6.12479,-0.655693,-0.375726,-0,-2.34075,-28.0309,-12.0128,0.636595,-0.185751,-61.0343,-40.0437,4.42223
CC(C)(CC(=O)N1CCCC1)[NH2+]CC(=O)N1C[C@@H](F)C[C@H]1C#N,"CHEMBL1082462",2290,Done,6,-5.46285,"glide_grid_1X70",-5.97535,-0.852936,-0.4,-0,-2.38367,-27.4913,-12.0345,1.06194,-0.220938,-60.7981,-39.5258,4.78792
CC(C)(CC(=O)N1CC[C@@H](O)C1)[NH2+]CC(=O)N1C[C@@H](F)C[C@H]1C#N,"CHEMBL1082463",2292,Done,11.3,-5.51419,"glide_grid_1X70",-6.03269,-0.801317,-0.4,-0,-2.28332,-29.9869,-13.0622,1.13806,-0.22744,-64.9336,-43.0491,6.48809
CC(C)(CC(=O)N1CC[C@H](O)C1)[NH2+]CC(=O)N1C[C@@H](F)C[C@H]1C#N,"CHEMBL1082464",2294,Done,11.26,-5.83826,"glide_grid_1X70",-6.35676,-0.864604,-0.4,-0,-2.25827,-32.6991,-14.0321,1.13806,-0.232179,-70.928,-46.7312,6.84682
CC(C)(CC(=O)N1CC[C@@H](F)C1)[NH2+]CC(=O)N1C[C@@H](F)C[C@H]1C#N,"CHEMBL1082465",2296,Done,6.27,-6.16233,"glide_grid_1X70",-6.70793,-0.935202,-0.4,-0,-2.34795,-32.2045,-14.3465,0.965471,-0.22805,-72.171,-46.551,6.11844
CO[C@H]1C[C@H]2C[C@@H]([NH2+]CC(=O)N3CCC[C@H]3C#N)C[C@H]2C1,"CHEMBL1082653",2297,Done,8.83,-6.84673,"glide_grid_1X70",-7.01143,-1.21196,-0.443538,-0,-2.00691,-23.2333,-17.038,0.597897,-0.229564,-60.5605,-40.2713,12.9298
CCO[C@H]1C[C@H]2C[C@@H]([NH2+]CC(=O)N3CCC[C@H]3C#N)C[C@H]2C1,"CHEMBL1082654",2299,Done,8.94,-6.34273,"glide_grid_1X70",-6.50883,-1.21808,-0.718809,-0,-1.83501,-21.7337,-16.6359,0.98364,-0.138504,-59.1611,-38.3695,4.6701
N#C[C@@H]1CCCN1C(=O)C[NH2+][C@@H]1C[C@@H]2CN(C(=O)N3CCCC3)C[C@@H]2C1,"CHEMBL1082707",2301,Done,16.66,-5.08162,"glide_grid_1X70",-5.28202,-0.662347,-0.393453,-0,-1.6214,-32.9421,-11.1535,0.885602,-0.170294,-61.9,-44.0956,6.79157
N#C[C@@H]1CCCN1C(=O)C[NH2+][C@@H]1C[C@@H]2CN(C(=O)N3CCCCC3)C[C@@H]2C1,"CHEMBL1082708",2303,Done,16.29,-6.06046,"glide_grid_1X70",-6.26376,-0.977279,-0.519593,-0,-1.57096,-31.2219,-15.2465,0.827234,-0.175093,-62.7914,-46.4685,9.69464
N#C[C@@H]1CCCN1C(=O)C[NH2+][C@@H]1C[C@@H]2CN(C(=O)N3CCOCC3)C[C@@H]2C1,"CHEMBL1082716",2305,Done,14.78,-4.76003,"glide_grid_1X70",-4.96543,-0.778491,-0.361151,-0,-1.31066,-27.8924,-11.6506,0.819492,-0.192406,-56.1601,-39.543,3.90891
CN(C)C(=O)O[C@H]1C[C@H]2C[C@@H]([NH2+]CC(=O)N3CCC[C@H]3C#N)C[C@H]2C1,"CHEMBL1082973",2307,Done,7.12,-6.86469,"glide_grid_1X70",-7.05429,-0.873817,-0.67352,-0,-2.04451,-25.3168,-17.7129,0.65517,-0.194842,-58.8412,-43.0298,20.4254
CCN(CC)C(=O)O[C@H]1C[C@H]2C[C@@H]([NH2+]CC(=O)N3CCC[C@H]3C#N)C[C@H]2C1,"CHEMBL1082974",2309,Done,7.33,-5.26941,"glide_grid_1X70",-5.45901,-0.816762,-0.432046,-0,-1.48347,-29.9052,-13.348,0.951419,-0.180697,-62.4836,-43.2531,3.57193
CC(C)(CC(=O)N1CCCC1)[NH2+]CC(=O)N1CCC[C@H]1C#N,"CHEMBL1082997",2313,Done,6.75,-5.40641,"glide_grid_1X70",-5.84221,-0.85426,-0.344939,-0,-2.17323,-27.2609,-13.8722,1.17372,-0.199632,-60.9107,-41.1331,8.09965
COC(=O)N1C[C@H]2C[C@@H]([NH2+]CC(=O)N3CCC[C@H]3C#N)C[C@H]2C1,"CHEMBL1083031",2314,Done,7.68,-6.39475,"glide_grid_1X70",-6.60855,-1.0392,-0.671696,-0,-1.91787,-25.5303,-15.9561,0.904499,-0.214358,-63.9915,-41.4863,5.19552
N#C[C@@H]1CCCN1C(=O)C[NH2+][C@@H]1C[C@@H]2CN(C(=O)CO)C[C@@H]2C1,"CHEMBL1083032",2316,Done,18.71,-6.58169,"glide_grid_1X70",-6.82279,-1.2098,-0.390133,-0,-1.91791,-30.5307,-17.8369,1.0854,-0.188272,-72.0785,-48.3676,8.49683
CN(C)C(=O)N1C[C@@H]2C[C@](C)([NH2+]CC(=O)N3CCC[C@H]3C#N)C[C@@H]2C1,"CHEMBL1083287",2318,Done,6.92,-5.72858,"glide_grid_1X70",-5.92408,-0.963287,-0.4,-0,-1.62936,-27.855,-13.9589,0.783885,-0.228733,-62.7379,-41.8139,4.62964
CN(C)C(=O)N1C[C@@H]2C[C@@](C)([NH2+]CC(=O)N3CCC[C@H]3C#N)C[C@@H]2C1,"CHEMBL1083588",2320,Done,5.49,-6.52283,"glide_grid_1X70",-6.71833,-0.967475,-0.685287,-0,-1.66941,-32.2187,-15.9033,0.783885,-0.183611,-69.0635,-48.122,9.29642
N#C[C@@H]1CCCN1C(=O)C[NH2+][C@H]1C[C@H]2C[C@@H](O)C[C@H]2C1,"CHEMBL1083589",2322,Done,12.29,-6.39782,"glide_grid_1X70",-6.55772,-0.808574,-0.373949,-0,-2.23978,-26.303,-14.9279,0.651306,-0.232382,-66.1007,-41.2309,2.61012
N#C[C@@H]1CCCN1C(=O)CN[C@H]1C[C@H]2C[C@@H](O)C[C@H]2C1,"CHEMBL1083589",2323,Done,10.2,-4.13544,"glide_grid_1X70",-4.98964,-0.60032,-0.500382,-0,-1.74291,-25.1274,-9.81593,0.655419,-0.0726841,-40.8908,-34.9433,9.30573
CC(C)NC(=O)O[C@H]1C[C@H]2C[C@@H]([NH2+]CC(=O)N3CCC[C@H]3C#N)C[C@H]2C1,"CHEMBL1083916",2324,Done,7.73,-5.23831,"glide_grid_1X70",-5.40691,-0.847528,-0.4,-0,-1.56298,-30.5374,-12.6311,1.01804,-0.192905,-57.7634,-43.1684,12.8852
CC(C)(C)NC(=O)O[C@H]1C[C@H]2C[C@@H]([NH2+]CC(=O)N3CCC[C@H]3C#N)C[C@H]2C1,"CHEMBL1084473",2326,Done,7.84,-6.67791,"glide_grid_1X70",-6.84651,-1.14485,-0.358477,-0,-2.05955,-31.4662,-14.8033,0.665993,-0.155827,-66.9745,-46.2695,15.4962
CC(C)(CC(=O)N1[C@H]2CC[C@@H]1CC2)[NH2+]CC(=O)N1C[C@@H](F)C[C@H]1C#N,"CHEMBL1084601",2329,Done,6.11,-5.55195,"glide_grid_1X70",-6.05905,-1.01019,-0.550126,-0,-2.072,-19.4138,-14.1924,0.926549,-0.25373,-54.1127,-33.6063,6.37263
CC(C)(CC(=O)NC1CCCC1)[NH2+]CC(=O)N1C[C@@H](F)C[C@H]1C#N,"CHEMBL1084972",2330,Done,11.91,-5.67915,"glide_grid_1X70",-6.00655,-1.26548,-0.432644,-0,-1.71081,-30.3125,-13.1649,1.14982,-0.257063,-63.253,-43.4774,9.49308
CC(C)(CC(=O)N1CCCCC1)[NH2+]CC(=O)N1C[C@@H](F)C[C@H]1C#N,"CHEMBL1085074",2333,Done,6.04,-4.87978,"glide_grid_1X70",-5.39118,-0.725188,-0.342464,-0,-2.2572,-29.4913,-9.03448,0.985556,-0.222143,-58.0793,-38.5258,4.9875
CC(C)(CC(=O)N1CC=CCC1)[NH2+]CC(=O)N1C[C@@H](F)C[C@H]1C#N,"CHEMBL1085075",2335,Done,6.23,-6.18832,"glide_grid_1X70",-6.71612,-1.00908,-0.4,-0,-2.20724,-33.6361,-14.8294,0.996014,-0.189597,-72.7852,-48.4655,9.46241
CN(C)C(=O)N1C[C@H]2C[C@@H]([NH2+]CC(=O)N3CCC[C@H]3C#N)C[C@H]2C1,"CHEMBL1085269",2336,Done,6.1,-6.0242,"glide_grid_1X70",-6.2275,-0.605599,-0.58073,-0,-1.78979,-31.359,-15.7416,0.843133,-0.165314,-67.0455,-47.1006,6.26881
COc1ccc(NC(=O)CC(C)(C)[NH2+]CC(=O)N2C[C@@H](F)C[C@H]2C#N)cc1OC,"CHEMBL1085305",2338,Done,6.44,-5.14356,"glide_grid_1X70",-5.48776,-0.973703,-0.363595,-0,-1.70894,-31.176,-10.509,0.947918,-0.254297,-61.1088,-41.685,10.6379
CC(C)(CC(=O)Nc1ccccn1)NCC(=O)N1C[C@@H](F)C[C@H]1C#N,"CHEMBL1085306",2340,Done,7.17,-3.73297,"glide_grid_1X70",-4.12227,-0.695063,-0.185744,-0,-1.61763,-35.8671,-4.63502,1.10349,-0.238709,-51.2814,-40.5021,3.39128
CC(C)(CC(=O)Nc1ccccn1)[NH2+]CC(=O)N1C[C@@H](F)C[C@H]1C#N,"CHEMBL1085306",2341,Done,6.3,-6.23864,"glide_grid_1X70",-6.67144,-0.880419,-0.4,-0,-2.22384,-33.3983,-15.7613,1.09782,-0.230898,-74.831,-49.1595,7.68063
CC(C)(CC(=O)N1CCC(=O)CC1)[NH2+]CC(=O)N1C[C@@H](F)C[C@H]1C#N,"CHEMBL1085332",2343,Done,10.16,-5.80233,"glide_grid_1X70",-6.35473,-0.748487,-0.4,-0,-2.33184,-30.2218,-13.626,0.917368,-0.236786,-65.6509,-43.8478,9.00932
CC(C)(CC(=O)N1CCOCC1)[NH2+]CC(=O)N1C[C@@H](F)C[C@H]1C#N,"CHEMBL1085333",2345,Done,6.01,-5.8073,"glide_grid_1X70",-6.362,-0.811715,-0.3925,-0,-2.2669,-30.2661,-14.0567,0.975482,-0.244566,-65.8324,-44.3228,7.86076
CC(C)NC(=O)N1C[C@H]2C[C@@H]([NH2+]CC(=O)N3CCC[C@H]3C#N)C[C@H]2C1,"CHEMBL1085522",2346,Done,11.74,-5.90715,"glide_grid_1X70",-6.10525,-1.05737,-0.393552,-0,-1.68204,-34.326,-13.4006,0.940662,-0.186555,-68.8619,-47.7266,5.46275
COc1ccc(NC(=O)CC(C)(C)[NH2+]CC(=O)N2C[C@@H](F)C[C@H]2C#N)nc1,"CHEMBL1085552",2349,Done,6.2,-6.54098,"glide_grid_1X70",-6.97378,-0.796208,-0.60098,-0,-1.98587,-36.6069,-17.5566,1.08261,-0.209492,-80.6135,-54.1635,10.8635
C[C@@H]1CCCN1C(=O)CC(C)(C)[NH2+]CC(=O)N1C[C@@H](F)C[C@H]1C#N,"CHEMBL1085579",2351,Done,6.42,-5.63647,"glide_grid_1X70",-6.14897,-0.917095,-0.4,-0,-2.25605,-29.2811,-13.5604,1.14982,-0.227524,-63.1918,-42.8415,8.46801
CC(C)(CC(=O)N1CCSC1)[NH2+]CC(=O)N1C[C@@H](F)C[C@H]1C#N,"CHEMBL1085580",2353,Done,6.15,-5.77736,"glide_grid_1X70",-6.35676,-0.785349,-0.4,-0,-2.26887,-30.53,-13.991,0.965226,-0.24262,-68.8423,-44.521,5.06331
CC(C)(CC(=O)N1CCN(S(C)(=O)=O)CC1)[NH2+]CC(=O)N1C[C@@H](F)C[C@H]1C#N,"CHEMBL1085595",2355,Done,5.93,-5.66306,"glide_grid_1X70",-6.20866,-0.82309,-0.4,-0,-1.75549,-31.4891,-14.6451,0.790325,-0.249182,-67.1472,-46.1342,8.58431
C[NH+]1CCN(C(=O)CC(C)(C)[NH2+]CC(=O)N2C[C@@H](F)C[C@H]2C#N)CC1,"CHEMBL1085596",2357,Done,6.01,-5.7562,"glide_grid_1X70",-6.6992,-0.875056,-0.4,-0,-2.17088,-29.0449,-17.4718,1.05936,-0.239604,-70.6557,-46.5167,10.3055
CN1CCN(C(=O)CC(C)(C)[NH2+]CC(=O)N2C[C@@H](F)C[C@H]2C#N)CC1,"CHEMBL1085596",2359,Done,7.3,-5.07972,"glide_grid_1X70",-6.21252,-0.820259,-0.390123,-0,-2.16428,-30.9982,-14.0504,1.06473,-0.245113,-65.3933,-45.0486,10.6012
CCOC(=O)N1CCN(C(=O)CC(C)(C)[NH2+]CC(=O)N2C[C@@H](F)C[C@H]2C#N)CC1,"CHEMBL1085597",2361,Done,13.05,-5.59543,"glide_grid_1X70",-6.13783,-1.15966,-0.386962,-0,-1.9762,-34.5801,-11.4374,1.04311,-0.21352,-69.063,-46.0174,5.9718
CC(C)(CC(=O)N1CCCCCC1)[NH2+]CC(=O)N1C[C@@H](F)C[C@H]1C#N,"CHEMBL1085598",2363,Done,15.77,-5.77557,"glide_grid_1X70",-6.28697,-0.86295,-0.397388,-0,-2.17909,-29.7065,-13.5021,0.917169,-0.254056,-66.1358,-43.2086,5.65533
CC(C)(CC(=O)N1CCC[C@H]1CO)NCC(=O)N1C[C@@H](F)C[C@H]1C#N,"CHEMBL1086039",2364,Done,14.78,-3.31874,"glide_grid_1X70",-3.63324,-0.991804,-0.435383,-0,-1.48372,-16.4221,-7.04657,1.21697,-0.0612248,-26.0369,-23.4686,12.9227
CC(C)(CC(=O)N1CCC[C@H]1CO)[NH2+]CC(=O)N1C[C@@H](F)C[C@H]1C#N,"CHEMBL1086039",2365,Done,11.82,-5.69042,"glide_grid_1X70",-6.21602,-0.748883,-0.713445,-0,-2.17286,-26.4298,-15.0566,1.21084,-0.211693,-63.708,-41.4864,7.98559
CN(C)C(=O)N1C[C@H]2C[C@H]([NH2+]CC(=O)N3CCC[C@H]3C#N)C[C@H]2C1,"CHEMBL1086466",2366,Done,5.55,-5.87257,"glide_grid_1X70",-6.07587,-0.880218,-0.659593,-0,-1.72617,-23.2572,-15.2259,0.843133,-0.206284,-60.9464,-38.4831,4.55411
CC(C)(CC(=O)N1CC[C@@H](O)C1)[NH2+]CC(=O)N1CCC[C@H]1C#N,"CHEMBL1086502",2369,Done,12.02,-5.09709,"glide_grid_1X70",-5.53829,-0.991108,-0.39326,-0,-1.80138,-29.9459,-12.5369,1.25241,-0.227134,-60.7594,-42.4827,7.67231
O=C([C@@H]1CCC[NH2+]1)N1CCC[C@H]1P(=O)(Oc1ccccc1)Oc1ccccc1,"CHEMBL1182947",2370,Done,7.82,-5.41371,"glide_grid_1X70",-5.56231,-0.667468,-0.568008,-0,-0.858948,-33.5106,-16.3414,0.852063,-0.193211,-70.0382,-49.8519,4.7558
CS(=O)(=O)c1ccc(-c2noc([C@@H](CC3CC3)[C@H](N)C(F)=C3CCCC3)n2)c(Cl)c1,"CHEMBL1185242",2372,Done,4.81,-5.11748,"glide_grid_1X70",-5.47598,-1.42105,-0.300387,-0,-0.842457,-38.3489,-9.62613,0.584553,-0.135272,-62.4697,-47.9751,3.92345
CS(=O)(=O)c1ccc(-c2noc([C@@H](CC3CC3)[C@H]([NH3+])C(F)=C3CCCC3)n2)c(Cl)c1,"CHEMBL1185242",2373,Done,5.2,-7.14055,"glide_grid_1X70",-7.60845,-1.23968,-0.404381,-0,-1.21892,-38.7562,-18.6379,0.407539,-0.419508,-89.3604,-57.3941,10.4057
[NH3+][C@@H](CC(=O)N1CCCN(C(=O)c2ccc(C(=O)[O-])cc2)CC1)Cc1cc(F)c(F)cc1F,"CHEMBL1186902",2374,Done,15.81,-9.83812,"glide_grid_1X70",-9.84772,-1.10327,-1.39074,-0,-1.98424,-35.3832,-25.0567,0.394056,-0.235864,-111.701,-60.4399,11.4521
N[C@@H](CC(=O)N1CCCN(C(=O)c2ccc(C(=O)[O-])cc2)CC1)Cc1cc(F)c(F)cc1F,"CHEMBL1186902",2375,Done,15.69,-1.8429,"glide_grid_1X70",-4.2881,-0.449022,-0.704,-0,-0.718681,-30.5682,-8.70727,0.565175,-0.147074,-48.276,-39.2755,12.497
[NH3+][C@H]1Cn2c(nc3cnccc32)C[C@@H]1c1cc(F)c(F)cc1F,"CHEMBL1194345",2376,Done,1.31,-9.57258,"glide_grid_1X70",-9.63508,-1.1272,-0.745208,-0,-3.03048,-28.8838,-21.4853,0.128094,-0.193318,-89.9935,-50.369,0.036897
N[C@H]1Cn2c(nc3cnccc32)C[C@@H]1c1cc(F)c(F)cc1F,"CHEMBL1194345",2377,Done,1.33,-5.27411,"glide_grid_1X70",-6.95321,-1.01369,-0.727364,-0,-2.52664,-29.9901,-8.69666,0.184014,-0.0655361,-55.1912,-38.6867,0.0168242
[NH3+][C@H]1Cn2c(nc3c[nH+]ccc32)C[C@@H]1c1cc(F)c(F)cc1F,"CHEMBL1194345",2378,Done,1.45,-7.30232,"glide_grid_1X70",-9.33472,-1.03166,-0.4385,-0,-2.86712,-26.9122,-23.8382,0.127385,-0.203493,-92.0997,-50.7503,0.00641493
CS(=O)(=O)c1ccc2c(c1)nc1n2C[C@H]([NH3+])[C@@H](c2cc(F)c(F)cc2F)C1,"CHEMBL1197118",2379,Done,1.79,-8.25973,"glide_grid_1X70",-8.30823,-0.788947,-0.524097,-0,-2.30036,-32.3333,-19.5691,0.0871532,-0.229949,-87.3555,-51.9024,0.148417
CS(=O)(=O)c1ccc2c(c1)nc1n2C[C@H](N)[C@@H](c2cc(F)c(F)cc2F)C1,"CHEMBL1197118",2380,Done,1.81,-4.54167,"glide_grid_1X70",-6.06287,-0.927838,-0.400951,-0,-1.72606,-32.2462,-9.26413,0.125076,-0.131162,-56.9932,-41.5103,0.573062
COc1ccc(N2CCN(CC[NH2+]CC(=O)N3CCC[C@@H]3C#N)C2=O)cc1OC,"CHEMBL1202080",2382,Done,5.43,-6.68337,"glide_grid_1X70",-7.18297,-1.10981,-1.02124,-0,-1.81546,-31.1357,-13.7716,0.593641,-0.207582,-70.2491,-44.9074,14.5689
COc1cccc(N2CCN(CC[NH2+]CC(=O)N3CCC[C@@H]3C#N)C2=O)c1,"CHEMBL1202081",2384,Done,6.33,-7.12148,"glide_grid_1X70",-7.62908,-1.10716,-0.848842,-0,-2.17675,-26.2024,-17.7881,0.68227,-0.200258,-72.8669,-43.9905,10.4698
CCCCN1CCN(CC[NH2+]CC(=O)N2CCC[C@@H]2C#N)C1=O,"CHEMBL1202082",2386,Done,6.58,-4.86298,"glide_grid_1X70",-5.35088,-1.28885,-0.380815,-0,-2.05422,-26.2821,-10.4521,1.43905,-0.184133,-57.7,-36.7342,3.6331
N#C[C@H]1CCCN1C(=O)C[NH2+]CCN1CCN(c2ccccc2)C1=O,"CHEMBL1202083",2388,Done,5.1,-4.89256,"glide_grid_1X70",-5.40016,-0.926568,-0.429546,-0,-2.18149,-30.7079,-8.55593,1.13209,-0.175855,-55.1459,-39.2638,5.18859
N#C[C@H]1CCCN1C(=O)C[NH2+]CCN1CCN(c2ccccc2F)C1=O,"CHEMBL1202084",2390,Done,5.23,-5.52785,"glide_grid_1X70",-6.03545,-0.952835,-0.395777,-0,-2.19051,-30.607,-9.74988,0.723485,-0.226989,-61.4755,-40.3568,8.86695
Cc1ccc(N2CCN(CC[NH2+]CC(=O)N3CCC[C@@H]3C#N)C2=O)cc1,"CHEMBL1202086",2392,Done,4.36,-4.77694,"glide_grid_1X70",-5.28084,-0.949898,-0.422609,-0,-2.00343,-31.1982,-8.14773,1.05412,-0.176959,-54.4736,-39.3459,6.28159
N#C[C@H]1CCCN1C(=O)C[NH2+]CCN1CCN(c2ccc(F)cc2)C1=O,"CHEMBL1202087",2394,Done,4.69,-5.1153,"glide_grid_1X70",-5.6243,-0.962867,-0.43014,-0,-1.91955,-30.5626,-10.3387,1.03355,-0.266359,-61.6358,-40.9013,6.42145
N#C[C@H]1CCCN1C(=O)C[NH2+]CCN1CCN(c2cccc(F)c2)C1=O,"CHEMBL1202088",2396,Done,5.47,-5.93036,"glide_grid_1X70",-6.44256,-1.00679,-0.507134,-0,-2.18361,-29.0488,-11.7809,0.723485,-0.24892,-64.4808,-40.8298,7.72572
N#C[C@H]1CCCN1C(=O)C[NH2+]CCN1CCN(c2ccc(Cl)cc2)C1=O,"CHEMBL1202089",2398,Done,4.72,-5.99456,"glide_grid_1X70",-6.50486,-1.03657,-0.503793,-0,-2.10823,-31.9051,-11.5157,0.668022,-0.201676,-69.3592,-43.4208,7.94098
CC(C)(C)N1CCN(CC[NH2+]CC(=O)N2CCC[C@@H]2C#N)C1=O,"CHEMBL1202090",2400,Done,5.93,-5.4933,"glide_grid_1X70",-5.9771,-0.998941,-0.459883,-0,-2.06789,-26.0456,-13.5493,1.07929,-0.194994,-52.5647,-39.595,17.3019
CC(C)N1CCN(CC[NH2+]CC(=O)N2CCC[C@@H]2C#N)C1=O,"CHEMBL1202091",2402,Done,4.73,-6.38551,"glide_grid_1X70",-6.87091,-0.890688,-0.638776,-0,-2.28255,-35.0997,-14.898,1.16713,-0.236337,-70.8387,-49.9977,14.9422
N#C[C@H]1CCCN1C(=O)C[NH2+]CCN1CCN(C2CCCCC2)C1=O,"CHEMBL1202092",2404,Done,6.92,-4.92364,"glide_grid_1X70",-5.41014,-0.856951,-0.427458,-0,-2.0288,-25.4343,-11.6691,1.09744,-0.172288,-57.805,-37.1034,4.42925
COc1ccc(N2CCN(CC[NH2+]CC(=O)N3CCC[C@@H]3C#N)C2=O)cc1,"CHEMBL1202093",2406,Done,4.98,-6.4422,"glide_grid_1X70",-6.9418,-0.417908,-0.764666,-0,-2.00069,-33.0964,-17.3549,0.68227,-0.18276,-75.9066,-50.4513,12.564
COc1cc(OC)cc(N2CCN(CC[NH2+]CC(=O)N3CCC[C@@H]3C#N)C2=O)c1,"CHEMBL1202094",2408,Done,6.54,-6.1145,"glide_grid_1X70",-6.6221,-0.876488,-0.583677,-0,-1.81295,-32.5596,-14.1514,0.593641,-0.191938,-69.0435,-46.7109,16.511
COCC(C)(C)[NH2+]CC(=O)N1C[C@@H](F)C[C@H]1C#N,"CHEMBL1203962",2409,Done,7.23,-5.93108,"glide_grid_1X70",-6.28348,-0.85859,-0.397753,-0,-2.83458,-25.4343,-13.6846,1.32352,-0.191664,-59.5445,-39.1189,7.20087
C[C@@H]1c2[nH+]c(C3CC3)n(C)c2CCN1C(=O)C[C@H]([NH3+])Cc1cc(F)c(F)cc1F,"CHEMBL1204389",2411,Done,4.35,-9.08685,"glide_grid_1X70",-9.16855,-1.13784,-0.550936,-0,-2.76634,-36.2426,-20.9412,0.412883,-0.173009,-95.7543,-57.1838,9.9
C[C@@H]1c2nc(C3CC3)n(C)c2CCN1C(=O)C[C@H]([NH3+])Cc1cc(F)c(F)cc1F,"CHEMBL1204389",2412,Done,4,-6.53749,"glide_grid_1X70",-7.87599,-1.12431,-0.546452,-0,-2.38849,-37.6572,-14.0687,0.414726,-0.238292,-84.8659,-51.726,6.3456
C[C@@H]1c2[nH+]c(C3CC3)n(C)c2CCN1C(=O)C[C@H](N)Cc1cc(F)c(F)cc1F,"CHEMBL1204389",2413,Done,4.5,-2.3585,"glide_grid_1X70",-4.6041,-1.01623,-0.289034,-0,-1.51479,-31.3087,-4.80962,0.592466,-0.0896345,-42.6726,-36.1183,12.9996
CC(C)(CO)[NH2+]CC(=O)N1C[C@@H](F)C[C@H]1[C@@H](O)c1nnc(C(C)(C)C)o1,"CHEMBL1229644",2414,Done,15.65,-5.01278,"glide_grid_1X70",-5.05158,-0.392764,-0.387935,-0,-1.08742,-22.372,-18.8448,0.970001,-0.20815,-59.0731,-41.2168,2.41045
CC(C)(CO)NCC(=O)N1C[C@@H](F)C[C@H]1[C@@H](O)c1nnc(C(C)(C)C)o1,"CHEMBL1229644",2415,Done,21.54,-2.61244,"glide_grid_1X70",-4.24704,-0.182188,-0.261958,-0,-0.932721,-23.0638,-17.3039,0.974702,-0.0960974,-45.5392,-40.3678,12.7092
COc1cc2c(cc1OC)[C@@H]1C[C@H]([NH3+])[C@@H](c3cccc(CF)c3)CN1CC2,"CHEMBL1229820",2416,Done,3.15,-7.81488,"glide_grid_1X70",-7.84148,-1.34398,-0.519949,-0,-2.33009,-31.9061,-13.6672,0.0979242,-0.1,-78.4361,-45.5732,0.586673
COc1cc2c(cc1OC)[C@@H]1C[C@H](N)[C@@H](c3cccc(CF)c3)CN1CC2,"CHEMBL1229820",2417,Done,2.54,-3.37825,"glide_grid_1X70",-5.48975,-1.3693,-0.382677,-0,-1.80907,-32.0295,-3.11871,0.140573,0,-47.7942,-35.1482,0.663713
CC(=O)N(C)[C@H]1CC[C@H]([C@H](C)[C@H]([NH3+])C(=O)N2CC[C@H](F)C2)CC1,"CHEMBL1229855",2418,Done,8.17,-7.35033,"glide_grid_1X70",-7.59433,-0.863972,-0.405413,-0,-2.61469,-28.7056,-17.0699,0.48749,-0.201972,-74.278,-45.7756,6.80473
CC(=O)N(C)[C@H]1CC[C@H]([C@H](C)[C@H](N)C(=O)N2CC[C@H](F)C2)CC1,"CHEMBL1229855",2419,Done,6.43,-4.06166,"glide_grid_1X70",-4.70506,-0.774306,-0.303157,-0,-2.03268,-26.6774,-5.89747,0.700205,-0.0766376,-38.7315,-32.5748,9.3232
CS(=O)(=O)c1ccc([C@H]2NO[C@H]([C@@H](CC3CC3)[C@H](N)C(=O)N3CC[C@H](F)C3)[NH2+]2)c(F)c1,"CHEMBL1230015",2422,Done,10.35,-4.26012,"glide_grid_1X70",-6.76422,-0.847217,-0.519487,-0,-0.677631,-27.3886,-22.5408,0.571712,-0.541045,-73.4138,-49.9294,9.30236
[NH3+][C@H]1CN(C(=O)c2cnc3ccccc3n2)C[C@H]1C(=O)N1CCCC1,"CHEMBL1230044",2423,Done,3.95,-8.39452,"glide_grid_1X70",-8.43222,-1.35971,-0.783836,-0,-2.02498,-42.2832,-16.2208,0.457602,-0.17401,-97.6925,-58.504,4.53138
N[C@H]1CN(C(=O)c2cnc3ccccc3n2)C[C@H]1C(=O)N1CCCC1,"CHEMBL1230044",2424,Done,3.62,-3.47571,"glide_grid_1X70",-5.12631,-1.20944,-0.261483,-0,-1.40651,-39.7481,-5.46005,0.657163,-0.0996264,-56.273,-45.2082,8.20595
Cn1c(=O)c2c(nc(N3CC[NH2+]CC3)n2Cc2ccccc2Cl)n(C)c1=O,"CHEMBL1235760",2426,Done,2.12,-5.57599,"glide_grid_1X70",-5.60269,-0.0467041,-0.512115,-0,-1.70617,-25.0007,-14.8168,0.269406,-0.134547,-58.1937,-39.8176,4.93281
N#Cc1ccccc1Cn1c(N2CCC[C@@H]([NH3+])C2)ncc(Br)c1=O,"CHEMBL1235761",2428,Done,2.17,-6.58505,"glide_grid_1X70",-6.58755,-0.450592,-0.734767,-0,-1.52497,-28.0115,-17.2418,0.270139,-0.16053,-68.2773,-45.2532,3.99397
OCCC(CCO)C(CO)(CO)CO,"CHEMBL1236897",2429,Done,35.92,10000,"glide_grid_1X70",10000,-0.691453,0,-0,-2.1713,11.0617,-9.81712,6.10648,0,10000,1.24458,20.0396
O=C1N[C@H](C(=O)N2CCC[C@H]2B(O)O)C[C@H]1CC(=O)N1Cc2ccccc2C1,"CHEMBL1243184",2430,Done,3.33,-3.40206,"glide_grid_1X70",-3.40206,-0.626288,-0.290814,-0,-1.49161,-6.45153,-8.37029,0.78644,-0.201674,-19.2366,-14.8218,6.21606
N#C[C@@H]1CCCN1C(=O)[C@@H](N)CCCN1Cc2ccccc2C1=O,"CHEMBL1243372",2431,Done,5.15,-3.38908,"glide_grid_1X70",-3.77158,-0.635828,-0.421133,-0,-1.21816,-27.0036,-6.19267,0.880208,-0.09758,-37.7846,-33.1963,7.86494
N#C[C@@H]1CCCN1C(=O)[C@@H]([NH3+])CCCN1Cc2ccccc2C1=O,"CHEMBL1243372",2432,Done,5.54,-7.66835,"glide_grid_1X70",-8.10865,-1.23253,-0.764939,-0,-2.18247,-32.984,-18.149,0.6128,-0.16997,-81.5812,-51.133,10.5291
[NH3+][C@@H](CC(=O)N1CCN2C(=O)OC[C@@H]2C1)Cc1cc(F)c(F)cc1F,"CHEMBL1276590",2433,Done,4.76,-9.07189,"glide_grid_1X70",-9.08209,-0.924049,-0.880472,-0,-2.86367,-35.6711,-18.5315,0.313265,-0.163889,-94.3498,-54.2025,6.95484
N[C@@H](CC(=O)N1CCN2C(=O)OC[C@@H]2C1)Cc1cc(F)c(F)cc1F,"CHEMBL1276590",2434,Done,4.29,-4.58376,"glide_grid_1X70",-6.99336,-0.979383,-0.746655,-0,-2.20199,-34.939,-11.4275,0.449773,-0.0540288,-63.1935,-46.3665,7.81419
[NH3+][C@@H](CC(=O)N1CCN2C(=O)NC[C@H]2C1)Cc1cc(F)c(F)cc1F,"CHEMBL1276591",2435,Done,2.96,-9.63796,"glide_grid_1X70",-9.64786,-0.994618,-0.924306,-0,-2.6476,-34.7213,-23.3802,0.314805,-0.153044,-99.6545,-58.1015,10.1787
N[C@@H](CC(=O)N1CCN2C(=O)NC[C@H]2C1)Cc1cc(F)c(F)cc1F,"CHEMBL1276591",2436,Done,3.81,-3.30985,"glide_grid_1X70",-5.73925,-0.886564,-0.576,-0,-1.84877,-28.3546,-9.07619,0.451989,-0.100745,-47.28,-37.4308,9.52558
CN1C[C@H]2CN(C(=O)C[C@H]([NH3+])Cc3cc(F)c(F)cc3F)CCN2C1=O,"CHEMBL1276619",2437,Done,2.68,-9.64819,"glide_grid_1X70",-9.65819,-1.10201,-0.862793,-0,-2.89767,-37.4074,-21.0454,0.391868,-0.160402,-101.366,-58.4528,6.5891
CN1C[C@H]2CN(C(=O)C[C@H](N)Cc3cc(F)c(F)cc3F)CCN2C1=O,"CHEMBL1276619",2438,Done,2.46,-2.97776,"glide_grid_1X70",-5.39936,-0.847746,-0.489536,-0,-1.76649,-26.6267,-9.23368,0.562538,-0.14173,-46.9022,-35.8604,5.14505
Cn1cnc2cc(N3CCC[C@@](C)([NH3+])C3)n(Cc3cc(F)ccc3Cl)c2c1=O,"CHEMBL1287874",2439,Done,2.21,-5.50063,"glide_grid_1X70",-5.50063,-0.420559,-0.500074,-0,-1.24333,-31.2046,-13.284,0.359548,-0.143373,-63.2818,-44.4886,1.63335
Cn1cnc2cc(N3CCC[C@@](C)([NH3+])C3)n(Cc3cc(F)ccc3C#N)c2c1=O,"CHEMBL1287875",2440,Done,2.54,-6.56461,"glide_grid_1X70",-6.56461,-0.230777,-0.652569,-0,-1.7798,-28.4999,-17.3177,0.262596,-0.141406,-68.4845,-45.8176,2.31727
Cc1ccc(F)cc1Cn1c(N2CCC[C@@](C)([NH3+])C2)cc2ncn(C)c(=O)c21,"CHEMBL1287901",2441,Done,2.42,-5.30284,"glide_grid_1X70",-5.30284,-0.37314,-0.436081,-0,-1.34364,-29.5033,-12.8318,0.3946,-0.144646,-61.3509,-42.3351,0.57869
Cn1cnc2cc(N3CCC[C@@](C)([NH3+])C3)n(Cc3ccccc3C#N)c2c1=O,"CHEMBL1287902",2442,Done,2.52,-5.85628,"glide_grid_1X70",-5.85628,-0.331312,-0.53545,-0,-1.7194,-27.7823,-13.3997,0.285477,-0.156525,-61.1136,-41.1819,2.09604
Cn1c(=O)[nH]c2cc(N3CCC[C@@](C)([NH3+])C3)n(Cc3ccccc3)c2c1=O,"CHEMBL1288231",2443,Done,2.4,-6.23897,"glide_grid_1X70",-6.24917,-0.329292,-0.892535,-0,-1.50985,-30.2459,-15.0182,0.425833,-0.178299,-67.999,-45.2642,1.34359
Cn1c(=O)[n-]c2cc(N3CCC[C@@](C)([NH3+])C3)n(Cc3ccccc3)c2c1=O,"CHEMBL1288231",2444,Done,2.26,-2.25631,"glide_grid_1X70",-4.66831,-0.276897,-0.618302,-0,-1.50246,-28.3158,-7.57301,0.427922,-0.146834,-50.8127,-35.8889,1.25794
Cn1c(=O)c2c(cc(N3CCC[C@@](C)([NH3+])C3)n2Cc2ccccc2C#N)n(C)c1=O,"CHEMBL1288232",2445,Done,2.18,-5.2393,"glide_grid_1X70",-5.2393,-0.602202,-0.380772,-0,-1.15518,-30.0836,-11.9441,0.355423,-0.160776,-58.1089,-42.0277,5.15161
Cn1c(=O)c2c(cc(N3CCC[C@@](C)([NH3+])C3)n2Cc2cc(F)ccc2Cl)n(C)c1=O,"CHEMBL1288260",2446,Done,2.37,-4.87849,"glide_grid_1X70",-4.87849,-0.119826,-0.455114,-0,-1.1083,-27.6321,-13.1815,0.315936,-0.152355,-57.968,-40.8136,1.59576
Cc1ccc(F)cc1Cn1c(N2CCC[C@@](C)([NH3+])C2)cc2c1c(=O)n(C)c(=O)n2C,"CHEMBL1288261",2447,Done,2.52,-5.28502,"glide_grid_1X70",-5.28502,-0.440796,-0.40913,-0,-1.12725,-29.0262,-13.4029,0.344655,-0.190754,-59.695,-42.4291,3.97791
CCn1c(=O)n(C)c(=O)c2c1cc(N1CCC[C@@](C)([NH3+])C1)n2Cc1cc(F)ccc1C#N,"CHEMBL1288288",2448,Done,2.9,-4.82861,"glide_grid_1X70",-4.82861,-0.184401,-0.575132,-0,-0.708165,-23.1325,-15.7974,0.309975,-0.14466,-55.746,-38.9299,2.85612
Cc1ccc(-c2c(C[NH3+])c(CC(C)C)nc(C)c2C(=O)[O-])cc1,"CHEMBL1614729",2449,Done,3.32,-7.7451,"glide_grid_1X70",-7.9523,-1.33688,-0.639048,-0,-2.20309,-30.3172,-15.7858,0.266225,-0.15577,-77.4848,-46.103,3.51839
Cc1ccc(-c2c(CN)c(CC(C)C)nc(C)c2C(=O)[O-])cc1,"CHEMBL1614729",2450,Done,3.27,-3.03595,"glide_grid_1X70",-3.91015,-0.810511,-0.291558,-0,-1.51092,-32.5844,-0.32413,0.382488,-0.00181703,-41.3167,-32.9085,1.65116
Cc1ccc(-c2c(CN)c(CC(C)C)[nH+]c(C)c2C(=O)[O-])cc1,"CHEMBL1614729",2451,Done,3.56,-4.40849,"glide_grid_1X70",-6.02309,-1.30575,-0.587872,-0,-1.63998,-29.1754,-8.97648,0.380322,-0.0645661,-54.2215,-38.1518,2.80848
N#Cc1ccccc1Cn1c(N2CCC[C@@H]([NH3+])C2)nccc1=O,"CHEMBL1650403",2452,Done,1.97,-6.31679,"glide_grid_1X70",-6.31929,-0.369889,-0.655384,-0,-1.82291,-24.08,-16.1505,0.403944,-0.248481,-62.5309,-40.2305,2.87666
N#Cc1ccccc1Cn1c(N2CCC[C@@H]([NH3+])C2)ncc(F)c1=O,"CHEMBL1650404",2453,Done,2.04,-6.03629,"glide_grid_1X70",-6.03879,-0.387574,-0.497908,-0,-1.70025,-24.8012,-15.6469,0.365777,-0.231749,-61.7801,-40.4481,2.66896
N#Cc1ccccc1Cn1c(N2CCC[C@@H]([NH3+])C2)ncc(Cl)c1=O,"CHEMBL1650405",2454,Done,2.1,-7.00101,"glide_grid_1X70",-7.00351,-0.518636,-0.841873,-0,-1.82815,-27.0892,-17.5257,0.335438,-0.166962,-68.7766,-44.6149,4.88169
Cc1nc(N2CCC[C@@H]([NH3+])C2)n(Cc2ccccc2C#N)c(=O)c1Br,"CHEMBL1650406",2455,Done,2.15,-5.86996,"glide_grid_1X70",-5.87246,-0.376474,-0.625207,-0,-1.18934,-25.6709,-16.0098,0.253476,-0.249889,-63.065,-41.6807,2.06786
CC(C)(C)c1nc(N2CCC[C@@H]([NH3+])C2)n(Cc2ccccc2C#N)c(=O)c1Br,"CHEMBL1650407",2456,Done,2.98,-4.52762,"glide_grid_1X70",-4.53012,-0.146103,-0.430727,-0,-0.65577,-26.5782,-14.0251,0.302597,-0.167446,-56.122,-40.6033,2.77606
N#Cc1ccccc1Cn1c(N2CCC[C@@H]([NH3+])C2)ncc(I)c1=O,"CHEMBL1650408",2457,Done,2.11,-6.63662,"glide_grid_1X70",-6.63912,-0.49858,-0.84777,-0,-1.20465,-29.2221,-17.9023,0.219911,-0.16158,-70.4843,-47.1244,3.66778
Cc1nc(N2CCC[C@@H]([NH3+])C2)n(Cc2ccccc2C#N)c(=O)c1C,"CHEMBL1650409",2458,Done,2.25,-6.07971,"glide_grid_1X70",-6.08221,-0.362076,-0.536796,-0,-1.63164,-25.8159,-15.745,0.346756,-0.245904,-63.2354,-41.561,2.81957
CCc1cnc(N2CCC[C@@H]([NH3+])C2)n(Cc2ccccc2C#N)c1=O,"CHEMBL1650410",2459,Done,2.96,-6.17965,"glide_grid_1X70",-6.18215,-0.403073,-0.606667,-0,-1.63164,-21.6472,-17.232,0.346756,-0.220378,-61.1256,-38.8792,2.65182
COc1cnc(N2CCC[C@@H]([NH3+])C2)n(Cc2ccccc2C#N)c1=O,"CHEMBL1650411",2460,Done,2.32,-4.91871,"glide_grid_1X70",-4.92121,-0.00929035,-0.353782,-0,-1.64283,-17.0944,-15.0558,0.343202,-0.145422,-50.4368,-32.1501,1.192
N#Cc1ccccc1Cn1c(N2CCC[C@@H]([NH3+])C2)nc(-c2ccccc2)cc1=O,"CHEMBL1650412",2461,Done,3.82,-6.29661,"glide_grid_1X70",-6.29911,-0.566148,-0.575221,-0,-1.30407,-31.2142,-16.1484,0.364883,-0.235575,-71.5474,-47.3626,3.33285
N#Cc1ccccc1Cn1c(N2CCC[C@@H]([NH3+])C2)nc2c(c1=O)CCCC2,"CHEMBL1650413",2462,Done,2.36,-6.68448,"glide_grid_1X70",-6.68698,-0.435644,-0.808149,-0,-1.73058,-23.2553,-17.793,0.303934,-0.184822,-63.8851,-41.0483,0.666731
N#Cc1ccccc1Cn1c(N2CCC[C@@H]([NH3+])C2)ncc(-c2ccccc2)c1=O,"CHEMBL1650414",2463,Done,3.9,-6.63259,"glide_grid_1X70",-6.63509,-0.585613,-0.891344,-0,-1.30407,-24.2114,-18.2368,0.364883,-0.272846,-64.1925,-42.4483,4.81913
Cc1nc(N2CCC[C@@H]([NH3+])C2)n(Cc2ccccc2C#N)c(=O)c1-c1ccccc1,"CHEMBL1650415",2464,Done,4.11,-5.94178,"glide_grid_1X70",-5.94428,-0.791774,-0.424345,-0,-1.24627,-27.6621,-15.2155,0.342235,-0.158684,-64.9193,-42.8777,3.65285
N#Cc1ccccc1Cn1c(N2CCC[C@@H]([NH3+])C2)ncc(-c2ccccc2F)c1=O,"CHEMBL1650416",2465,Done,3.92,-6.11851,"glide_grid_1X70",-6.12101,-0.423038,-0.717986,-0,-1.25949,-26.3226,-16.6749,0.336219,-0.239359,-65.0659,-42.9975,3.22725
COc1ccccc1-c1cnc(N2CCC[C@@H]([NH3+])C2)n(Cc2ccccc2C#N)c1=O,"CHEMBL1650417",2466,Done,3.92,-5.37024,"glide_grid_1X70",-5.37274,-0.390913,-0.56,-0,-0.794349,-31.0275,-15.519,0.455564,-0.203806,-66.5045,-46.5466,3.71392
N#Cc1ccccc1Cn1c(N2CCC[C@@H]([NH3+])C2)ncc(-c2ccoc2)c1=O,"CHEMBL1650418",2467,Done,3.35,-5.94545,"glide_grid_1X70",-5.94795,-0.473958,-0.642933,-0,-1.37251,-24.3489,-16.2285,0.382505,-0.189333,-62.3208,-40.5774,1.66647
Cc1nc(N2CCC[C@@H]([NH3+])C2)n(Cc2ccccc2C#N)c(=O)c1-c1ccoc1,"CHEMBL1650419",2468,Done,3.8,-6.10341,"glide_grid_1X70",-6.10591,-0.427543,-0.680507,-0,-1.27688,-26.5506,-16.6259,0.358218,-0.257791,-66.1344,-43.1765,1.21971
N#Cc1ccccc1Cn1c(N2CCC[C@@H]([NH3+])C2)ncc(-c2cc[nH]c2)c1=O,"CHEMBL1650420",2469,Done,3.81,-5.92884,"glide_grid_1X70",-5.93134,-0.358284,-0.580303,-0,-1.37923,-24.0701,-17.2158,0.384303,-0.211951,-62.3909,-41.2859,1.12086
N#Cc1ccccc1Cn1c(N2CCC[C@@H]([NH3+])C2)ncc(N2CCCC2)c1=O,"CHEMBL1650421",2470,Done,4.29,-5.93425,"glide_grid_1X70",-5.93425,-0.583114,-0.565408,-0,-1.44355,-24.8051,-15.6146,0.377023,-0.136769,-60.3381,-40.4196,2.82388
C#Cc1cnc(N2CCC[C@@H]([NH3+])C2)n(Cc2ccccc2C#N)c1=O,"CHEMBL1650422",2471,Done,2.3,-6.32101,"glide_grid_1X70",-6.32351,-0.409608,-0.725231,-0,-1.65912,-23.068,-17.3948,0.472258,-0.23918,-61.7728,-40.4628,4.15203
CC#Cc1cnc(N2CCC[C@@H]([NH3+])C2)n(Cc2ccccc2C#N)c1=O,"CHEMBL1650423",2472,Done,2.34,-6.8375,"glide_grid_1X70",-6.84,-0.496914,-0.832041,-0,-1.79998,-26.2079,-17.8717,0.439069,-0.158988,-66.9792,-44.0796,5.0358
N#Cc1ccccc1Cn1c(N2CCC[C@@H]([NH3+])C2)ncc(C#CCO)c1=O,"CHEMBL1650424",2473,Done,3.09,-7.40864,"glide_grid_1X70",-7.41114,-0.501092,-1.08329,-0,-1.68914,-25.3322,-21.4668,0.506663,-0.157656,-72.7923,-46.799,4.45575
CC(C)(C)C#Cc1cnc(N2CCC[C@@H]([NH3+])C2)n(Cc2ccccc2C#N)c1=O,"CHEMBL1650425",2474,Done,2.53,-5.66921,"glide_grid_1X70",-5.67171,-0.42624,-0.565789,-0,-1.27658,-23.9812,-16.154,0.447684,-0.228625,-60.2739,-40.1352,1.80349
C=Cc1cnc(N2CCC[C@@H]([NH3+])C2)n(Cc2ccccc2C#N)c1=O,"CHEMBL1650426",2475,Done,3.96,-6.31326,"glide_grid_1X70",-6.31576,-0.913731,-0.544181,-0,-1.70335,-21.9888,-15.3752,0.46726,-0.216043,-59.807,-37.364,2.85885
N#Cc1ccccc1Cn1c(N2CCC[C@@H]([NH3+])C2)ncc(/C=C/c2ccccc2)c1=O,"CHEMBL1650427",2476,Done,4.43,-6.89314,"glide_grid_1X70",-6.89564,-0.443336,-0.875495,-0,-1.33772,-29.2898,-20.1051,0.405605,-0.164445,-75.2198,-49.3948,5.13834
N#Cc1ccccc1Cn1c(N2CCC[C@@H]([NH3+])C2)ncc(/C=C/c2ccc(F)cc2)c1=O,"CHEMBL1650428",2477,Done,3.95,-6.63806,"glide_grid_1X70",-6.64056,-0.417126,-0.877662,-0,-1.19696,-29.8834,-18.4286,0.375475,-0.265827,-70.9009,-48.312,5.6686
N#Cc1ccccc1Cn1c(N2CCC[C@@H]([NH3+])C2)ncc(/C=C/c2cccnc2)c1=O,"CHEMBL1650429",2478,Done,4.63,-6.99186,"glide_grid_1X70",-6.99436,-0.463118,-1.01655,-0,-1.33328,-29.4454,-19.6549,0.403857,-0.164759,-74.4062,-49.1003,6.07161
N#Cc1ccsc1Cn1c(N2CCC[C@@H]([NH3+])C2)ncc(Br)c1=O,"CHEMBL1650430",2479,Done,2.21,-5.66601,"glide_grid_1X70",-5.66851,-0.24581,-0.66801,-0,-1.24387,-24.5992,-15.7797,0.262781,-0.176682,-58.9212,-40.3789,6.16004
N#Cc1cc(F)ccc1Cn1c(N2CCC[C@@H]([NH3+])C2)ncc(F)c1=O,"CHEMBL1650431",2480,Done,2.02,-6.16322,"glide_grid_1X70",-6.16572,-0.406481,-0.431919,-0,-1.57758,-26.7168,-16.2763,0.332801,-0.305262,-64.0576,-42.9931,4.55344
N#Cc1ccc(F)cc1Cn1c(N2CCC[C@@H]([NH3+])C2)ncc(F)c1=O,"CHEMBL1650432",2481,Done,2.13,-6.30296,"glide_grid_1X70",-6.30546,-0.38735,-0.66087,-0,-1.63049,-23.4352,-16.9852,0.332801,-0.240006,-62.4601,-40.4204,4.36817
N#Cc1ccc(F)cc1Cn1c(N2CCC[C@@H]([NH3+])C2)ncc(Cl)c1=O,"CHEMBL1650433",2482,Done,2.14,-5.97626,"glide_grid_1X70",-5.97876,-0.377015,-0.41955,-0,-1.53522,-22.8474,-17.376,0.306412,-0.204626,-62.7917,-40.2233,1.05851
N#Cc1ccc(F)cc1Cn1c(N2CCC[C@@H]([NH3+])C2)ncc(Br)c1=O,"CHEMBL1650434",2483,Done,2.18,-6.08849,"glide_grid_1X70",-6.09099,-0.383681,-0.678136,-0,-1.24476,-25.8429,-16.5516,0.249048,-0.258578,-64.8277,-42.3945,2.47684
N#Cc1ccccc1Cn1c(N2CCC[C@@H]([NH3+])C2)cc(=O)[nH]c1=O,"CHEMBL1650435",2484,Done,2.48,-7.04152,"glide_grid_1X70",-7.04802,-0.18408,-0.982764,-0,-1.99921,-24.3522,-19.2974,0.369727,-0.139474,-69.4797,-43.6496,1.96723
N#Cc1ccccc1Cn1c(N2CCC[C@@H](N)C2)cc(=O)[nH]c1=O,"CHEMBL1650435",2485,Done,2.56,-2.01895,"glide_grid_1X70",-4.69965,-0.176185,-0.847466,-0,-1.46304,-24.0769,-10.0174,0.531073,-0.0375718,-43.9448,-34.0944,1.2149
Cn1c(=O)c(Cl)c(N2CCC[C@@H]([NH3+])C2)n(Cc2ccccc2C#N)c1=O,"CHEMBL1650436",2486,Done,2.59,-5.78488,"glide_grid_1X70",-5.79138,-0.116853,-0.687456,-0,-1.66428,-26.1972,-14.3825,0.289057,-0.14462,-60.8373,-40.5796,2.25623
Cn1c(=O)c(Cl)c(N2CCC[C@@H](N)C2)n(Cc2ccccc2C#N)c1=O,"CHEMBL1650436",2487,Done,2.38,-0.515082,"glide_grid_1X70",-3.19578,-0.20095,-0.304,-0,-0.956694,-25.9332,-5.34105,0.414932,-0.0512504,-36.9538,-31.2743,3.0968
CCn1c(=O)cc(N2CCC[C@@H]([NH3+])C2)n(Cc2ccccc2C#N)c1=O,"CHEMBL1650437",2488,Done,2.62,-5.69394,"glide_grid_1X70",-5.70044,-0.194444,-0.705176,-0,-1.54184,-21.0762,-15.7338,0.319445,-0.16455,-57.7309,-36.8099,0.935202
CCn1c(=O)cc(N2CCC[C@@H](N)C2)n(Cc2ccccc2C#N)c1=O,"CHEMBL1650437",2489,Done,2.83,-2.44067,"glide_grid_1X70",-5.12137,-0.272801,-0.970943,-0,-1.43993,-26.6014,-10.1573,0.458669,-0.0426982,-47.4163,-36.7587,2.13609
[NH3+][C@@H]1CCCN(c2cc(=O)[nH]c(=O)n2Cc2ccccc2Br)C1,"CHEMBL1650438",2490,Done,2.53,-5.47205,"glide_grid_1X70",-5.47855,-0.235233,-0.750483,-0,-1.34641,-21.8594,-14.7212,0.281727,-0.127,-55.8308,-36.5806,0.715631
N[C@@H]1CCCN(c2cc(=O)[nH]c(=O)n2Cc2ccccc2Br)C1,"CHEMBL1650438",2491,Done,2.6,-0.0902889,"glide_grid_1X70",-2.77099,-0.30081,-0.334959,-0,-0.823284,-23.1523,-3.44007,0.404386,-0.0426967,-30.598,-26.5924,2.56632
Cn1c(=O)cc(N2CCC[C@@H]([NH3+])C2)n(Cc2ccccc2Br)c1=O,"CHEMBL1650439",2492,Done,2.45,-6.65065,"glide_grid_1X70",-6.65715,-0.817796,-0.68692,-0,-1.39717,-23.771,-17.8036,0.263995,-0.160169,-65.6905,-41.5746,1.41003
Cn1c(=O)cc(N2CCC[C@@H](N)C2)n(Cc2ccccc2Br)c1=O,"CHEMBL1650439",2493,Done,2.39,-0.125274,"glide_grid_1X70",-2.80597,-0.164534,-0.304,-0,-0.727648,-22.2558,-5.45488,0.378875,-0.0576451,-31.5886,-27.7107,2.95197
Cn1c(=O)cc(N2CCC[C@@H]([NH3+])C2)n(Cc2cc(F)ccc2Br)c1=O,"CHEMBL1650440",2494,Done,2.32,-5.68202,"glide_grid_1X70",-5.68852,-0.28578,-0.846596,-0,-1.24626,-23.0538,-15.1056,0.243608,-0.134961,-57.7763,-38.1594,2.86742
Cn1c(=O)cc(N2CCC[C@@H](N)C2)n(Cc2cc(F)ccc2Br)c1=O,"CHEMBL1650440",2495,Done,2.43,-1.79304,"glide_grid_1X70",-4.47374,-0.379642,-0.905237,-0,-0.910961,-24.9966,-8.91324,0.349553,-0.0406332,-42.6474,-33.9099,0.644403
Cn1c(=O)cc(N2CCC[C@@H]([NH3+])C2)n(Cc2cc(F)ccc2Cl)c1=O,"CHEMBL1650441",2496,Done,2.32,-6.0273,"glide_grid_1X70",-6.0338,-0.256696,-0.803718,-0,-1.48758,-22.2744,-16.2958,0.298992,-0.226715,-60.4611,-38.5701,0.191279
Cn1c(=O)cc(N2CCC[C@@H](N)C2)n(Cc2cc(F)ccc2Cl)c1=O,"CHEMBL1650441",2497,Done,2.59,-1.18056,"glide_grid_1X70",-3.86126,-0.230809,-0.53924,-0,-0.948739,-22.8081,-8.73422,0.42923,-0.121159,-38.9654,-31.5423,0.836766
Cn1c(=O)cc(N2CCC[C@@H]([NH3+])C2)n(Cc2ccc(F)cc2Cl)c1=O,"CHEMBL1650442",2498,Done,2.35,-6.28978,"glide_grid_1X70",-6.29628,-0.480994,-0.788296,-0,-1.64892,-21.8778,-16.3633,0.298992,-0.128681,-61.5495,-38.2411,1.16213
Cn1c(=O)cc(N2CCC[C@@H](N)C2)n(Cc2ccc(F)cc2Cl)c1=O,"CHEMBL1650442",2499,Done,2.52,-1.1543,"glide_grid_1X70",-3.835,-0.408334,-0.420968,-0,-1.16381,-24.4901,-6.85246,0.42923,-0.0187417,-38.0488,-31.3426,3.13179
Cn1c(=O)cc(N2CCC[C@@H]([NH3+])C2)n(Cc2cc(F)ccc2C#N)c1=O,"CHEMBL1650443",2500,Done,2.4,-7.30566,"glide_grid_1X70",-7.31216,-0.275006,-1.03818,-0,-1.93734,-25.7827,-19.6276,0.31318,-0.141532,-71.6933,-45.4104,2.27539
Cn1c(=O)cc(N2CCC[C@@H](N)C2)n(Cc2cc(F)ccc2C#N)c1=O,"CHEMBL1650443",2501,Done,2.41,-2.27035,"glide_grid_1X70",-4.95105,-0.265079,-0.834563,-0,-1.39122,-26.147,-10.4622,0.449651,-0.0331587,-46.6882,-36.6092,1.27469
Cn1c(=O)cc(N2CCC[C@@H]([NH3+])C2)n(Cc2cc(Cl)ccc2Cl)c1=O,"CHEMBL1650444",2502,Done,2.35,-6.07224,"glide_grid_1X70",-6.07874,-0.57418,-0.621351,-0,-1.43705,-24.1498,-15.7155,0.276466,-0.157815,-60.9716,-39.8653,3.17795
Cn1c(=O)cc(N2CCC[C@@H](N)C2)n(Cc2cc(Cl)ccc2Cl)c1=O,"CHEMBL1650444",2503,Done,2.47,-0.675437,"glide_grid_1X70",-3.35614,-0.252949,-0.402603,-0,-0.828004,-25.3319,-6.57555,0.396816,-0.0164677,-38.48,-31.9075,0.806733
Cn1c(=O)cc(N2CCC[C@@H]([NH3+])C2)n(Cc2c(F)ccc(F)c2Cl)c1=O,"CHEMBL1650445",2504,Done,2.3,-6.88774,"glide_grid_1X70",-6.89424,-0.359595,-1.04965,-0,-1.71316,-24.0665,-18.0079,0.274495,-0.141818,-66.4227,-42.0744,1.95783
Cn1c(=O)cc(N2CCC[C@@H](N)C2)n(Cc2c(F)ccc(F)c2Cl)c1=O,"CHEMBL1650445",2505,Done,2.34,-1.2922,"glide_grid_1X70",-3.9729,-0.309102,-0.559676,-0,-1.03568,-27.5527,-6.95987,0.39398,-0.0408114,-41.4439,-34.5126,2.00139
CCn1c(=O)cc(NCC[NH3+])n(Cc2ccccc2C#N)c1=O,"CHEMBL1650446",2506,Done,3.49,-7.03811,"glide_grid_1X70",-7.03961,-0.278055,-1.03467,-0,-2.07568,-25.7293,-18.2646,0.526639,-0.151691,-71.0562,-43.9939,2.9358
Cn1c(=O)cc(N[C@@H]2CCCC[NH2+]C2)n(Cc2ccccc2C#N)c1=O,"CHEMBL1650447",2507,Done,4.45,-6.04231,"glide_grid_1X70",-6.04621,-0.294811,-0.519347,-0,-1.71131,-32.4403,-14.3517,0.425927,-0.17189,-69.4944,-46.792,3.41822
Cn1c(=O)cc(N2CCCC[C@@H]([NH3+])C2)n(Cc2ccccc2C#N)c1=O,"CHEMBL1650448",2508,Done,3.05,-5.55136,"glide_grid_1X70",-5.55646,-0.0436526,-0.469585,-0,-1.75733,-26.0219,-14.269,0.319445,-0.163887,-59.0832,-40.2909,0.372879
Cn1c(=O)cc(N2CCC[C@@](C)([NH3+])C2)n(Cc2cc(F)ccc2C#N)c1=O,"CHEMBL1650449",2509,Done,2.26,-6.0404,"glide_grid_1X70",-6.0469,-0.242597,-0.804257,-0,-1.47125,-27.9393,-16.1017,0.417766,-0.134345,-66.3637,-44.041,0.810786
Cn1c(=O)cc(N2CCC[C@@](C)(N)C2)n(Cc2cc(F)ccc2C#N)c1=O,"CHEMBL1650449",2510,Done,2.13,-0.449614,"glide_grid_1X70",-3.13031,-0.422485,-0.263099,-0,-1.23976,-27.9309,-0.875854,0.419795,-0.0968474,-33.1294,-28.8067,3.60937
N#Cc1ccccc1Cn1c(N2CCC[C@@H]([NH3+])C2)nc2sccc2c1=O,"CHEMBL1651763",2511,Done,2.27,-6.14323,"glide_grid_1X70",-6.14573,-0.402241,-0.563772,-0,-1.44049,-25.75,-16.8319,0.300983,-0.227922,-63.8237,-42.5819,4.2536
Cc1csc2nc(N3CCC[C@@H]([NH3+])C3)n(Cc3ccccc3C#N)c(=O)c12,"CHEMBL1651764",2512,Done,2.33,-6.26393,"glide_grid_1X70",-6.26643,-0.412442,-0.600104,-0,-1.34486,-28.2796,-17.0175,0.281425,-0.223842,-68.091,-45.2971,2.39888
N#Cc1ccccc1Cn1c(N2CCC[C@@H]([NH3+])C2)nc2scc(C(F)(F)F)c2c1=O,"CHEMBL1651765",2513,Done,2.64,-5.40099,"glide_grid_1X70",-5.40349,-0.762751,-0.379907,-0,-0.894715,-28.6315,-14.1789,0.316537,-0.124238,-62.7259,-42.8104,1.39982
N#Cc1ccccc1Cn1c(N2CCC[C@@H]([NH3+])C2)nc2ccsc2c1=O,"CHEMBL1651766",2514,Done,2.22,-6.29499,"glide_grid_1X70",-6.29749,-0.383656,-0.650323,-0,-1.44049,-26.296,-17.0269,0.300983,-0.255167,-66.4584,-43.3229,2.4052
Cc1csc2c(=O)n(Cc3ccccc3C#N)c(N3CCC[C@@H]([NH3+])C3)nc12,"CHEMBL1651767",2515,Done,2.33,-6.09503,"glide_grid_1X70",-6.09753,-0.351085,-0.542693,-0,-1.34486,-28.2753,-16.6285,0.281425,-0.232273,-67.6392,-44.9038,2.45871
CCc1nc(CC(C)(C)C)c(C[NH3+])c(-c2ccc(C)cc2)c1CC(=O)[O-],"CHEMBL1672127",2516,Done,4.68,-8.01793,"glide_grid_1X70",-8.24373,-1.31093,-0.841248,-0,-1.91117,-31.2255,-18.3224,0.319349,-0.190091,-87.8118,-49.5479,1.14144
CCc1nc(CC(C)(C)C)c(CN)c(-c2ccc(C)cc2)c1CC(=O)[O-],"CHEMBL1672127",2517,Done,4.26,-2.63031,"glide_grid_1X70",-3.59731,-0.545859,-0.304,-0,-1.372,-27.3376,-3.11405,0.458531,0,-38.3248,-30.4517,1.97272
CCc1[nH+]c(CC(C)(C)C)c(CN)c(-c2ccc(C)cc2)c1CC(=O)[O-],"CHEMBL1672127",2518,Done,4.54,-4.6146,"glide_grid_1X70",-5.8732,-1.4165,-0.547223,-0,-1.35048,-27.89,-10.4159,0.456214,-0.0583304,-55.0624,-38.3059,4.2626
[NH3+][C@H](Cc1cc(F)ccc1F)[C@H]1CC[C@H](N2CCn3c(nnc3C(F)(F)F)C2)CC1,"CHEMBL1681802",2519,Done,4,-8.62434,"glide_grid_1X70",-8.67484,-1.30272,-0.514367,-0,-2.32874,-35.0151,-17.6887,0.300455,-0.425409,-89.2671,-52.7038,8.00128
[NH3+][C@H](Cc1cc(F)ccc1F)[C@H]1CC[C@H]([N@H+]2CCn3c(nnc3C(F)(F)F)C2)CC1,"CHEMBL1681802",2520,Done,3.41,-7.21611,"glide_grid_1X70",-8.70011,-0.985392,-0.518173,-0,-2.05174,-34.9023,-22.8154,0.299184,-0.276565,-98.3916,-57.7176,9.44541
[NH3+][C@@H](CC(=O)N1CCS[C@H]1C(=O)NCc1ccccc1)Cc1cc(F)c(F)cc1F,"CHEMBL1681806",2521,Done,11.85,-9.12152,"glide_grid_1X70",-9.13442,-1.66392,-0.820573,-0,-1.93767,-40.3703,-20.1637,0.508428,-0.177622,-103.859,-60.534,7.37778
N[C@@H](CC(=O)N1CCS[C@H]1C(=O)NCc1ccccc1)Cc1cc(F)c(F)cc1F,"CHEMBL1681806",2522,Done,11.32,-3.05305,"glide_grid_1X70",-5.32785,-1.18787,-0.56553,-0,-1.18076,-29.5632,-10.1565,0.729364,-0.121428,-51.3678,-39.7197,7.11811
Cc1nnn2c1CN(C(=O)C[C@H]([NH3+])Cc1cc(F)c(F)cc1F)CC2,"CHEMBL1681811",2523,Done,2.73,-8.4909,"glide_grid_1X70",-8.5046,-1.17531,-0.555104,-0,-2.7887,-32.9141,-16.8261,0.426089,-0.241949,-85.6965,-49.7402,5.17934
Cc1nnn2c1CN(C(=O)C[C@H](N)Cc1cc(F)c(F)cc1F)CC2,"CHEMBL1681811",2524,Done,2.7,-2.91168,"glide_grid_1X70",-5.14948,-0.895507,-0.469548,-0,-1.97035,-26.9606,-7.05571,0.611793,-0.019477,-45.2199,-34.0163,3.37944
[NH3+][C@H](C(=O)N1CCSC1)[C@H]1CC[C@H](NC(=O)c2ccc(OC(F)(F)F)cc2)CC1,"CHEMBL1682974",2525,Done,5.33,-7.22508,"glide_grid_1X70",-7.52938,-0.855551,-0.682743,-0,-1.3696,-40.3245,-18.4137,0.521303,-0.364509,-93.4124,-58.7382,7.69629
N[C@H](C(=O)N1CCSC1)[C@H]1CC[C@H](NC(=O)c2ccc(OC(F)(F)F)cc2)CC1,"CHEMBL1682974",2526,Done,5.43,-4.77835,"glide_grid_1X70",-5.31875,-1.01884,-0.767935,-0,-0.860952,-38.727,-8.67627,0.747874,-0.181104,-59.7736,-47.4033,7.86571
CN([C@H]1CC[C@H]([C@H]([NH3+])Cc2cc(F)ccc2F)CC1)S(=O)(=O)c1ccccc1,"CHEMBL1682975",2527,Done,3.95,-8.41252,"glide_grid_1X70",-8.41502,-1.2943,-0.480186,-0,-2.10578,-35.659,-20.1636,0.493163,-0.220428,-85.499,-55.8226,7.79103
CN([C@H]1CC[C@H]([C@H]([NH3+])Cc2cc(F)ccc2F)CC1)S(=O)(=O)c1ccccc1C(F)(F)F,"CHEMBL1682976",2528,Done,5.7,-7.53043,"glide_grid_1X70",-7.53293,-1.242,-0.455392,-0,-1.11713,-37.6454,-19.6776,0.373138,-0.257645,-84.4616,-57.323,8.72905
CN([C@H]1CC[C@H]([C@H]([NH3+])Cc2cc(F)ccc2F)CC1)S(=O)(=O)c1cccc(C#N)c1,"CHEMBL1682977",2529,Done,4.2,-8.05767,"glide_grid_1X70",-8.06017,-1.24946,-0.49148,-0,-1.73062,-38.3227,-18.8953,0.443032,-0.281205,-87.6605,-57.218,7.14831
CN([C@H]1CC[C@H]([C@H]([NH3+])Cc2cc(F)ccc2F)CC1)S(=O)(=O)c1ccc(C#N)cc1,"CHEMBL1682978",2530,Done,4.26,-7.70571,"glide_grid_1X70",-7.70821,-1.09432,-0.523986,-0,-2.20279,-32.3922,-17.093,0.443032,-0.146587,-80.2953,-49.4851,5.8649
CN([C@H]1CC[C@H]([C@H]([NH3+])Cc2cc(F)ccc2F)CC1)S(=O)(=O)c1ccc(N)cc1,"CHEMBL1682979",2531,Done,4.59,-7.76883,"glide_grid_1X70",-7.77133,-1.07167,-0.507564,-0,-2.3001,-36.8368,-15.8499,0.462103,-0.134784,-80.1188,-52.6866,15.6488
CN([C@H]1CC[C@H]([C@H]([NH3+])Cc2cc(F)ccc2F)CC1)S(=O)(=O)c1ccc(OC(F)(F)F)cc1,"CHEMBL1682980",2532,Done,6.28,-7.37967,"glide_grid_1X70",-7.38217,-0.96726,-0.425504,-0,-1.38751,-32.3207,-21.1947,0.40986,-0.216527,-80.4371,-53.5153,12.2059
CN([C@H]1CC[C@H]([C@H]([NH3+])Cc2cc(F)ccc2F)CC1)S(=O)(=O)c1cccc(C(N)=O)c1,"CHEMBL1682981",2533,Done,6.42,-8.08406,"glide_grid_1X70",-8.08656,-1.20443,-0.63761,-0,-1.49842,-37.4402,-20.0913,0.411525,-0.271928,-88.9543,-57.5315,8.12781
CN([C@H]1CC[C@H]([C@H]([NH3+])Cc2cc(F)ccc2F)CC1)S(=O)(=O)c1ccc(C(N)=O)cc1,"CHEMBL1682982",2534,Done,6.77,-7.66661,"glide_grid_1X70",-7.66911,-1.0438,-0.449018,-0,-1.72893,-31.6983,-20.474,0.411525,-0.202875,-84.1871,-52.1723,4.94369
CN([C@H]1CC[C@H]([C@H]([NH3+])Cc2cc(F)ccc2F)CC1)S(=O)(=O)c1ccc(F)cc1F,"CHEMBL1682983",2535,Done,4.98,-7.50102,"glide_grid_1X70",-7.50352,-1.03039,-0.561511,-0,-1.75062,-33.7439,-17.941,0.42343,-0.206074,-82.6755,-51.685,7.46532
CN([C@H]1CC[C@H]([C@H]([NH3+])Cc2cc(F)ccc2F)CC1)S(=O)(=O)c1ccc(-c2cnco2)cc1,"CHEMBL1682984",2536,Done,5.62,-6.23572,"glide_grid_1X70",-6.23822,-1.05446,-0.620269,-0,-0.806865,-39.086,-13.6973,0.436918,-0.184635,-67.3269,-52.7834,22.9416
CN([C@H]1CC[C@H]([C@H]([NH3+])Cc2cc(F)ccc2F)CC1)S(=O)(=O)c1ccc(-c2csnn2)cc1,"CHEMBL1682985",2537,Done,4.96,-6.83027,"glide_grid_1X70",-6.83277,-1.0231,-0.506524,-0,-1.25633,-39.3583,-14.6475,0.409703,-0.291466,-75.3484,-54.0058,18.5907
Cc1[nH]ncc1S(=O)(=O)N(C)[C@H]1CC[C@H]([C@H]([NH3+])Cc2cc(F)ccc2F)CC1,"CHEMBL1683086",2538,Done,5.07,-7.73353,"glide_grid_1X70",-8.14673,-1.19,-0.520334,-0,-1.92736,-37.4593,-19.1469,0.484605,-0.248645,-87.3726,-56.6062,10.7772
Cc1n[nH]cc1S(=O)(=O)N(C)[C@H]1CC[C@H]([C@H]([NH3+])Cc2cc(F)ccc2F)CC1,"CHEMBL1683086",2539,Done,4.84,-7.0703,"glide_grid_1X70",-7.4835,-1.03014,-0.555429,-0,-1.98989,-34.0318,-16.6712,0.484605,-0.190375,-78.9189,-50.7031,12.477
Cn1cnc(S(=O)(=O)N(C)[C@H]2CC[C@H]([C@H]([NH3+])Cc3cc(F)ccc3F)CC2)c1,"CHEMBL1683087",2540,Done,4.22,-7.58877,"glide_grid_1X70",-7.59127,-1.0206,-0.473757,-0,-2.22025,-35.8278,-16.081,0.484605,-0.157728,-78.3899,-51.9088,16.335
Cc1oncc1S(=O)(=O)N(C)[C@H]1CC[C@H]([C@H]([NH3+])Cc2cc(F)ccc2F)CC1,"CHEMBL1683088",2541,Done,4.49,-7.68688,"glide_grid_1X70",-7.68938,-1.18856,-0.485974,-0,-1.91947,-37.5975,-16.2919,0.482528,-0.254247,-82.8163,-53.8894,10.8594
CC(=O)Nc1nc(C)c(S(=O)(=O)N(C)[C@H]2CC[C@H]([C@H]([NH3+])Cc3cc(F)ccc3F)CC2)s1,"CHEMBL1683089",2542,Done,6.6,-7.58619,"glide_grid_1X70",-7.58619,-0.850883,-0.505748,-0,-1.56329,-34.6287,-20.9411,0.418989,-0.21266,-87.6042,-55.5697,13.4121
CN([C@H]1CC[C@H]([C@H]([NH3+])Cc2cc(F)ccc2F)CC1)S(=O)(=O)c1cccnc1,"CHEMBL1683090",2543,Done,3.86,-7.66873,"glide_grid_1X70",-7.67123,-1.00955,-0.532903,-0,-1.99529,-31.7917,-19.1266,0.491024,-0.165929,-81.7388,-50.9183,7.19232
Cc1noc(C)c1S(=O)(=O)N(C)[C@H]1CC[C@H]([C@H]([NH3+])Cc2cc(F)ccc2F)CC1,"CHEMBL1683091",2544,Done,4.23,-8.19647,"glide_grid_1X70",-8.19897,-1.22186,-0.491629,-0,-2.27391,-38.6481,-16.3856,0.454347,-0.275683,-89.8911,-55.0336,5.69622
CCN([C@H]1CC[C@H]([C@H]([NH3+])Cc2cc(F)ccc2F)CC1)S(=O)(=O)c1c(C)noc1C,"CHEMBL1683092",2545,Done,4.45,-7.55839,"glide_grid_1X70",-7.56089,-1.21504,-0.44357,-0,-1.95971,-37.1642,-15.392,0.428572,-0.204135,-80.8692,-52.5562,13.4357
CCN([C@H]1CC[C@H]([C@H]([NH3+])Cc2cc(F)ccc2F)CC1)S(C)(=O)=O,"CHEMBL1683095",2546,Done,3.75,-8.62819,"glide_grid_1X70",-8.63069,-1.07474,-0.427641,-0,-2.62866,-30.1239,-21.504,0.41125,-0.179106,-84.922,-51.6278,8.07619
CS(=O)(=O)N(Cc1ccccc1)[C@H]1CC[C@H]([C@H]([NH3+])Cc2cc(F)ccc2F)CC1,"CHEMBL1683096",2547,Done,5.71,-7.93261,"glide_grid_1X70",-7.93511,-1.2709,-0.500749,-0,-2.31258,-33.0324,-16.8767,0.464055,-0.131824,-79.6611,-49.9091,7.89239
CS(=O)(=O)N(CCCC(F)(F)F)[C@H]1CC[C@H]([C@H]([NH3+])Cc2cc(F)ccc2F)CC1,"CHEMBL1683097",2548,Done,8.55,-8.12309,"glide_grid_1X70",-8.12559,-1.22837,-0.482327,-0,-2.44549,-33.8532,-17.065,0.498054,-0.215052,-84.5538,-50.9181,7.6411
CC(=O)N(C)[C@H]1CC[C@H]([C@H]([NH3+])Cc2cc(F)ccc2F)CC1,"CHEMBL1683098",2549,Done,5.38,-8.38653,"glide_grid_1X70",-8.38903,-0.87263,-0.847585,-0,-2.78223,-30.178,-18.7545,0.535508,-0.100021,-75.169,-48.9325,17.5635
CC(=O)N(C)[C@H]1CC[C@@H]([C@H]([NH3+])Cc2cc(F)ccc2F)CC1,"CHEMBL1683099",2550,Done,6.46,-7.16434,"glide_grid_1X70",-7.16684,-0.955013,-0.55565,-0,-2.74444,-27.3925,-13.1379,0.535508,-0.106948,-60.2597,-40.5303,16.816
CC(C)C(=O)N(C)[C@H]1CC[C@H]([C@H]([NH3+])Cc2cc(F)ccc2F)CC1,"CHEMBL1683100",2551,Done,4.01,-7.57211,"glide_grid_1X70",-7.57461,-1.00489,-0.560074,-0,-2.47015,-30.2536,-16.5465,0.574863,-0.1197,-71.5285,-46.8001,13.2531
CN(C(=O)C(C)(C)C)[C@H]1CC[C@H]([C@H]([NH3+])Cc2cc(F)ccc2F)CC1,"CHEMBL1683101",2552,Done,4.37,-8.04186,"glide_grid_1X70",-8.04436,-0.872174,-0.875057,-0,-2.43855,-31.0928,-18.1843,0.534975,-0.111274,-75.5646,-49.277,14.3426
CN(C(=O)CC[NH3+])[C@H]1CC[C@H]([C@H]([NH3+])Cc2cc(F)ccc2F)CC1,"CHEMBL1683102",2553,Done,8.72,-9.01336,"glide_grid_1X70",-9.01336,-1.20242,-0.522766,-0,-2.80061,-33.866,-22.062,0.682702,-0.167662,-93.5071,-55.9281,11.7983
CN(C(=O)CCC(=O)[O-])[C@H]1CC[C@H]([C@H]([NH3+])Cc2cc(F)ccc2F)CC1,"CHEMBL1683103",2554,Done,7.22,-8.08145,"glide_grid_1X70",-8.08145,-1.12904,-0.992216,-0,-2.46678,-32.321,-16.1517,0.695645,-0.150247,-84.0612,-48.4727,7.24139
CN(C(=O)c1cccnc1)[C@H]1CC[C@H]([C@H]([NH3+])Cc2cc(F)ccc2F)CC1,"CHEMBL1683104",2555,Done,4.95,-8.30424,"glide_grid_1X70",-8.30664,-1.05942,-0.840801,-0,-2.75561,-34.916,-15.8455,0.57921,-0.107396,-83.0827,-50.7615,10.2507
CN(C(=O)c1csnn1)[C@H]1CC[C@H]([C@H]([NH3+])Cc2cc(F)ccc2F)CC1,"CHEMBL1683105",2556,Done,5.3,-8.05758,"glide_grid_1X70",-8.05998,-1.07749,-0.516144,-0,-2.6088,-37.8772,-15.9539,0.56027,-0.130874,-85.8733,-53.8311,10.2087
CN(C(=O)c1ccno1)[C@H]1CC[C@H]([C@H]([NH3+])Cc2cc(F)ccc2F)CC1,"CHEMBL1683106",2557,Done,5.24,-8.43221,"glide_grid_1X70",-8.43461,-1.06749,-0.517401,-0,-2.7249,-32.6134,-19.3272,0.608029,-0.203094,-83.0297,-51.9406,11.8182
CN(C(=O)c1c[nH]c2ccccc12)[C@H]1CC[C@H]([C@H]([NH3+])Cc2cc(F)ccc2F)CC1,"CHEMBL1683107",2558,Done,5.62,-7.42054,"glide_grid_1X70",-7.42294,-0.990227,-0.483265,-0,-2.11194,-37.9689,-15.3249,0.48675,-0.12707,-83.5742,-53.2938,6.98731
Cc1noc(C)c1C(=O)N(C)[C@H]1CC[C@H]([C@H]([NH3+])Cc2cc(F)ccc2F)CC1,"CHEMBL1683108",2559,Done,4.8,-7.84974,"glide_grid_1X70",-7.85214,-0.918812,-0.518808,-0,-2.23246,-35.7631,-18.421,0.532407,-0.163164,-83.2816,-54.1841,13.0687
Cn1ccc(C(=O)N(C)[C@H]2CC[C@H]([C@H]([NH3+])Cc3cc(F)ccc3F)CC2)n1,"CHEMBL1683109",2560,Done,5.37,-7.95759,"glide_grid_1X70",-7.95999,-1.16981,-0.513528,-0,-2.61712,-36.7337,-15.2384,0.570986,-0.108076,-84.4294,-51.9721,6.1293
CCN(C(C)=O)[C@H]1CC[C@H]([C@H]([NH3+])Cc2cc(F)ccc2F)CC1,"CHEMBL1683110",2561,Done,4.85,-8.35748,"glide_grid_1X70",-8.35998,-0.974513,-0.808975,-0,-2.77161,-27.1909,-18.7923,0.49553,-0.122028,-77.0134,-45.9832,8.16431
CC(=O)N(Cc1ccccc1)[C@H]1CC[C@H]([C@H]([NH3+])Cc2cc(F)ccc2F)CC1,"CHEMBL1683111",2562,Done,6.1,-8.35444,"glide_grid_1X70",-8.35694,-1.18539,-0.863597,-0,-2.56147,-28.9785,-17.9913,0.54475,-0.14361,-74.4806,-46.9699,21.1713
CC(=O)N(CCCC(F)(F)F)[C@H]1CC[C@H]([C@H]([NH3+])Cc2cc(F)ccc2F)CC1,"CHEMBL1683112",2563,Done,9.94,-7.31874,"glide_grid_1X70",-7.32124,-0.880233,-0.558269,-0,-2.27014,-32.8754,-16.2949,0.580646,-0.105246,-79.477,-49.1703,5.47088
[NH3+][C@H](Cc1cc(F)ccc1F)[C@H]1CC[C@@H]([N@H+]2CCC(F)(F)C2)CC1,"CHEMBL1683113",2564,Done,2.87,-6.5556,"glide_grid_1X70",-6.6613,-1.13366,-0.247312,-0,-2.16825,-21.5377,-17.3252,0.633739,-0.0701534,-60.8285,-38.8629,6.74609
[NH3+][C@H](Cc1cc(F)ccc1F)[C@H]1CC[C@@H](N2CCC(F)(F)C2)CC1,"CHEMBL1683113",2565,Done,2.56,-5.72168,"glide_grid_1X70",-6.81228,-1.15305,-0.540601,-0,-2.16106,-21.5675,-14.8341,0.445919,-0.1,-49.1734,-36.4016,19.8157
[NH3+][C@H](Cc1cc(F)ccc1F)[C@H]1CC[C@H]([N@@H+]2CCC(F)(F)C2)CC1,"CHEMBL1683114",2566,Done,2.65,-9.10847,"glide_grid_1X70",-9.21417,-1.30039,-0.517437,-0,-2.88131,-30.9768,-21.746,0.443617,-0.147908,-92.0969,-52.7228,8.99725
[NH3+][C@H](Cc1cc(F)ccc1F)[C@H]1CC[C@H](N2CCC(F)(F)C2)CC1,"CHEMBL1683114",2567,Done,4.59,-6.54807,"glide_grid_1X70",-7.63867,-0.984919,-0.507487,-0,-2.48922,-28.5417,-16.7604,0.445919,-0.161812,-73.9494,-45.3021,5.0018
[NH3+][C@H](Cc1cc(F)ccc1F)[C@H]1CC[C@@H](N2CCn3c(nnc3C(F)(F)F)C2)CC1,"CHEMBL1683115",2568,Done,4.6,-8.3804,"glide_grid_1X70",-8.4309,-1.13825,-0.54544,-0,-2.72549,-35.598,-16.2818,0.300455,-0.1,-88.1978,-51.8798,3.25137
[NH3+][C@H](Cc1cc(F)ccc1F)[C@H]1CC[C@@H]([N@@H+]2CCn3c(nnc3C(F)(F)F)C2)CC1,"CHEMBL1683115",2569,Done,4.02,-6.94687,"glide_grid_1X70",-8.43087,-1.00991,-0.552944,-0,-2.34467,-34.1755,-20.0718,0.299184,-0.10298,-91.2121,-54.2473,5.05096
[NH3+][C@H](Cc1cc(F)ccc1F)[C@H]1CC[C@@H]([NH+]2CCCCC2)CC1,"CHEMBL1683116",2570,Done,2.93,-7.13589,"glide_grid_1X70",-7.13589,-1.36287,-0.307362,-0,-1.99903,-25.3843,-18.7902,0.711619,-0.0905097,-63.3036,-44.1744,13.971
[NH3+][C@H](Cc1cc(F)ccc1F)[C@H]1CC[C@H]([NH+]2CCCCC2)CC1,"CHEMBL1683117",2571,Done,2.92,-8.56137,"glide_grid_1X70",-8.56137,-1.19752,-0.443912,-0,-2.62958,-31.2439,-20.842,0.498134,-0.1,-88.8265,-52.0859,7.15377
NC(=O)[C@@H]1CCC[N@@H+]([C@H]2CC[C@@H]([C@H]([NH3+])Cc3cc(F)ccc3F)CC2)C1,"CHEMBL1683118",2572,Done,5.6,-8.06918,"glide_grid_1X70",-8.06918,-0.973373,-0.602538,-0,-2.4322,-29.635,-19.171,0.399333,-0.103006,-85.3963,-48.806,3.96703
NC(=O)[C@@H]1CCC[N@@H+]([C@H]2CC[C@H]([C@H]([NH3+])Cc3cc(F)ccc3F)CC2)C1,"CHEMBL1683119",2573,Done,3.88,-8.47799,"glide_grid_1X70",-8.47799,-1.26093,-0.448115,-0,-2.41069,-33.7469,-19.6765,0.399333,-0.118772,-89.2914,-53.4234,8.6687
NC(=O)[C@H]1CCC[N@@H+]([C@H]2CC[C@H]([C@H]([NH3+])Cc3cc(F)ccc3F)CC2)C1,"CHEMBL1683120",2574,Done,4.69,-9.69137,"glide_grid_1X70",-9.69137,-1.21102,-0.666523,-0,-2.67276,-32.1499,-25.2753,0.399333,-0.141601,-104.091,-57.4252,5.47888
NC(=O)[C@@H]1CCC[N@@H+]([C@H]2CC[C@H]([C@H]([NH3+])Cc3cc(F)ccc3F)CC2)C1,"CHEMBL1683121",2575,Done,3.87,-8.47799,"glide_grid_1X70",-8.47799,-1.26093,-0.448115,-0,-2.41069,-33.7469,-19.6765,0.399333,-0.118772,-89.2914,-53.4234,8.6687
NC(=O)O[C@@H]1CCC[N@H+]([C@H]2CC[C@H]([C@H]([NH3+])Cc3cc(F)ccc3F)CC2)C1,"CHEMBL1683122",2576,Done,5.39,-8.94347,"glide_grid_1X70",-8.96017,-1.12349,-0.876971,-0,-2.28557,-30.0255,-22.8222,0.46251,-0.212031,-96.2669,-52.8478,9.4829
NC(=O)O[C@@H]1CCCN([C@H]2CC[C@H]([C@H]([NH3+])Cc3cc(F)ccc3F)CC2)C1,"CHEMBL1683122",2577,Done,10.96,-6.06255,"glide_grid_1X70",-8.18395,-1.20888,-0.838467,-0,-2.17375,-30.9496,-18.4292,0.464698,-0.115679,-79.8901,-49.3789,9.5364
[NH3+][C@H](Cc1cc(F)ccc1F)[C@H]1CC[C@H]([N@H+]2CCC[C@@H](O)C2)CC1,"CHEMBL1683123",2578,Done,3.56,-9.08112,"glide_grid_1X70",-9.09252,-1.29366,-0.772164,-0,-2.57213,-32.1895,-21.3505,0.45748,-0.1,-95.4085,-53.54,6.95686
[NH3+][C@H](Cc1cc(F)ccc1F)[C@H]1CC[C@H](N2CCC[C@@H](O)C2)CC1,"CHEMBL1683123",2579,Done,4.09,-3.07348,"glide_grid_1X70",-5.41968,-0.956412,-0.557155,-0,-1.48523,-21.7467,-12.4969,0.656986,-0.116,-49.4054,-34.2436,12.0775
[NH3+][C@H](Cc1cc(F)ccc1F)[C@H]1CC[C@H]([NH2+]CCCC(F)(F)F)CC1,"CHEMBL1683124",2580,Done,7.33,-8.00358,"glide_grid_1X70",-8.00358,-0.916874,-0.559643,-0,-2.39243,-28.6468,-20.7252,0.702461,-0.295975,-85.178,-49.372,8.23478
C[N@@H+](Cc1ccc(C#N)cc1)[C@H]1CC[C@H]([C@H]([NH3+])Cc2cc(F)ccc2F)CC1,"CHEMBL1683125",2581,Done,4.29,-8.51826,"glide_grid_1X70",-8.62766,-1.23018,-0.583061,-0,-2.56301,-33.9868,-19.5527,0.549813,-0.168989,-89.9967,-53.5394,8.69434
CN(Cc1ccc(C#N)cc1)[C@H]1CC[C@H]([C@H]([NH3+])Cc2cc(F)ccc2F)CC1,"CHEMBL1683125",2582,Done,4.05,-6.82464,"glide_grid_1X70",-7.89604,-1.35583,-0.518423,-0,-2.57246,-34.9772,-14.2377,0.552402,-0.1172,-79.3281,-49.215,6.66295
C[N@H+](Cc1cccc(C#N)c1)[C@H]1CC[C@H]([C@H]([NH3+])Cc2cc(F)ccc2F)CC1,"CHEMBL1683126",2583,Done,4.03,-8.77256,"glide_grid_1X70",-8.87846,-1.09996,-0.611298,-0,-2.60855,-35.1719,-21.35,0.549813,-0.147378,-97.6797,-56.5219,7.16261
CN(Cc1cccc(C#N)c1)[C@H]1CC[C@H]([C@H]([NH3+])Cc2cc(F)ccc2F)CC1,"CHEMBL1683126",2584,Done,4.55,-6.65547,"glide_grid_1X70",-7.74517,-1.16784,-0.681027,-0,-2.54458,-33.4516,-14.005,0.552402,-0.130792,-79.1724,-47.4567,3.67952
CC[N@H+](Cc1ccccc1)[C@H]1CC[C@H]([C@H]([NH3+])Cc2cc(F)ccc2F)CC1,"CHEMBL1683127",2585,Done,5.59,-8.82597,"glide_grid_1X70",-8.87457,-1.30727,-0.487568,-0,-2.57138,-33.4217,-22.0817,0.579036,-0.104049,-95.1865,-55.5034,6.38807
CC(=O)N1CCC([C@H]([NH3+])Cc2cc(F)ccc2F)CC1,"CHEMBL1683129",2587,Done,2.47,-8.1771,"glide_grid_1X70",-8.1811,-1.04053,-0.587971,-0,-3.04673,-28.2803,-16.3437,0.473698,-0.114001,-76.8002,-44.624,3.05288
CS(=O)(=O)N1CCC([C@H]([NH3+])Cc2cc(F)ccc2F)CC1,"CHEMBL1683130",2588,Done,2.41,-7.95865,"glide_grid_1X70",-7.96345,-0.94923,-0.548243,-0,-2.63409,-28.4687,-17.6033,0.384098,-0.152052,-76.9347,-46.0719,6.25957
[NH3+][C@H](Cc1cc(F)ccc1F)C1CCN(c2ccccn2)CC1,"CHEMBL1683131",2589,Done,6.73,-6.48994,"glide_grid_1X70",-6.57714,-1.41855,-0.4,-0,-1.87356,-26.8896,-14.842,0.735698,-0.0499458,-62.5422,-41.7316,9.95354
[NH3+][C@H](Cc1cc(F)ccc1F)C1CCN(c2cccc[nH+]2)CC1,"CHEMBL1683131",2590,Done,6.96,-7.48562,"glide_grid_1X70",-8.66412,-1.34331,-0.495811,-0,-2.71276,-32.7821,-19.1884,0.512129,-0.107,-85.9568,-51.9705,3.87069
[NH3+][C@H](Cc1cc(F)ccc1F)C1CCN(c2cccnc2)CC1,"CHEMBL1683132",2591,Done,5.75,-8.61079,"glide_grid_1X70",-8.68989,-1.53858,-0.531275,-0,-3.00407,-34.3719,-15.4006,0.514988,-0.102266,-81.9514,-49.7725,3.60363
[NH3+][C@H](Cc1cc(F)ccc1F)C1CCN(c2ccc[nH+]c2)CC1,"CHEMBL1683132",2592,Done,4.69,-7.5506,"glide_grid_1X70",-8.7829,-1.25815,-0.507572,-0,-2.9144,-32.2774,-19.3112,0.512129,-0.104351,-86.5852,-51.5886,6.41223
[NH3+][C@H](Cc1cc(F)ccc1F)C1CCN(c2cc[nH+]cc2)CC1,"CHEMBL1683133",2593,Done,4.01,-9.01834,"glide_grid_1X70",-9.01834,-1.4126,-0.508226,-0,-2.96309,-32.8873,-19.3257,0.512129,-0.103342,-88.6053,-52.213,5.06528
N#Cc1cncc(N2CCC([C@H]([NH3+])Cc3cc(F)ccc3F)CC2)c1,"CHEMBL1683134",2594,Done,3.65,-8.79166,"glide_grid_1X70",-8.79436,-1.15223,-0.860791,-0,-2.9127,-29.6658,-18.1035,0.450549,-0.120378,-83.6366,-47.7693,3.46036
Cc1ccc(N2CCC([C@H]([NH3+])Cc3cc(F)ccc3F)CC2)c(C)[nH+]1,"CHEMBL1683135",2595,Done,3.62,-8.92669,"glide_grid_1X70",-9.08899,-1.30575,-0.50088,-0,-2.82961,-35.5222,-19.9933,0.441263,-0.118898,-87.3904,-55.5156,14.4319
Cc1ccc(N2CCC([C@H]([NH3+])Cc3cc(F)ccc3F)CC2)c(C)n1,"CHEMBL1683135",2596,Done,3.5,-6.81367,"glide_grid_1X70",-7.66007,-1.00676,-0.548678,-0,-2.52862,-28.4387,-16.5699,0.443546,-0.112144,-74.4153,-45.0086,5.4377
[NH3+][C@H](Cc1cc(F)ccc1F)C1CCN(c2ccc(F)nc2)CC1,"CHEMBL1683136",2597,Done,4.62,-8.30287,"glide_grid_1X70",-8.30287,-1.44375,-0.479664,-0,-2.63127,-35.3705,-15.4941,0.467349,-0.122909,-82.86,-50.8645,5.02206
CCOC(=O)c1cncc(N2CCC([C@H]([NH3+])Cc3cc(F)ccc3F)CC2)c1,"CHEMBL1683137",2598,Done,5.94,-7.46608,"glide_grid_1X70",-7.46608,-1.25714,-0.558712,-0,-2.19657,-32.8214,-14.895,0.537355,-0.115702,-77.122,-47.7164,6.92785
NOC(=O)c1cncc(N2CCC([C@H]([NH3+])Cc3cc(F)ccc3F)CC2)c1,"CHEMBL1683138",2599,Done,6.58,-8.66423,"glide_grid_1X70",-8.66423,-1.31338,-0.827779,-0,-2.59602,-35.4903,-16.4753,0.475919,-0.157163,-87.2656,-51.9656,4.64405
[NH3+][C@H](Cc1cc(F)ccc1F)C1CCN(c2ncccn2)CC1,"CHEMBL1683139",2600,Done,2.96,-7.47683,"glide_grid_1X70",-7.47983,-0.900067,-0.55618,-0,-2.68235,-30.7563,-14.5566,0.512185,-0.132115,-71.3681,-45.3129,8.46944
[NH3+][C@H](Cc1cc(F)ccc1F)C1CCN(c2cncnc2)CC1,"CHEMBL1683140",2601,Done,3.56,-7.75247,"glide_grid_1X70",-7.75547,-0.94487,-0.557555,-0,-2.63625,-29.9389,-16.6968,0.512185,-0.127515,-76.149,-46.6357,5.0869
COc1ncc(N2CCC([C@H]([NH3+])Cc3cc(F)ccc3F)CC2)cn1,"CHEMBL1683141",2602,Done,3.83,-7.40209,"glide_grid_1X70",-7.40509,-0.946853,-0.558583,-0,-2.43114,-29.0663,-15.555,0.43689,-0.118839,-72.6973,-44.6213,5.68012
[NH3+][C@H](Cc1cc(F)ccc1F)C1CCN(c2cnc(=O)[nH]c2)CC1,"CHEMBL1683142",2603,Done,4.08,-8.39534,"glide_grid_1X70",-8.49494,-0.98456,-0.665877,-0,-2.6331,-30.7555,-19.8831,0.469827,-0.160989,-81.6084,-50.6386,10.0434
[NH3+][C@H](Cc1cc(F)ccc1F)C1CCN(c2cnc(O)nc2)CC1,"CHEMBL1683142",2604,Done,4.81,-7.14699,"glide_grid_1X70",-8.25249,-0.869006,-0.777615,-0,-2.50791,-30.9023,-19.1918,0.469827,-0.143902,-80.4769,-50.0941,7.77541
COC(=O)[C@@H]1CCC[C@@H]([NH+]2CCC([C@H]([NH3+])Cc3cc(F)ccc3F)CC2)C1,"CHEMBL1683143",2605,Done,6.76,-9.0627,"glide_grid_1X70",-9.0894,-1.39516,-0.524996,-0,-2.83761,-31.5367,-20.4843,0.464655,-0.146808,-91.0685,-52.021,10.6635
COC(=O)[C@@H]1CCC[C@@H](N2CCC([C@H]([NH3+])Cc3cc(F)ccc3F)CC2)C1,"CHEMBL1683143",2606,Done,7.23,-5.87972,"glide_grid_1X70",-8.02562,-0.980291,-0.583654,-0,-2.45646,-34.7757,-17.5552,0.466858,-0.1,-80.0127,-52.331,13.1872
COC(=O)[C@@H]1CCC[C@@H]([NH+]2CCC([C@H](N)Cc3cc(F)ccc3F)CC2)C1,"CHEMBL1683143",2607,Done,7.94,-2.34312,"glide_grid_1X70",-4.74352,-1.12909,-0.278781,-0,-1.48851,-18.43,-10.4615,0.666939,-0.0233613,-28.1786,-28.8914,29.4071
[NH3+][C@H](Cc1cc(F)ccc1F)C1CC[NH+]([C@@H]2CCC[C@@H](C(=O)[O-])C2)CC1,"CHEMBL1683144",2608,Done,4.31,-9.08121,"glide_grid_1X70",-9.09181,-1.5085,-0.516443,-0,-2.88564,-31.4221,-19.0637,0.399378,-0.149947,-87.045,-50.4858,12.3653
N[C@H](Cc1cc(F)ccc1F)C1CC[NH+]([C@@H]2CCC[C@@H](C(=O)[O-])C2)CC1,"CHEMBL1683144",2609,Done,5.14,-4.28602,"glide_grid_1X70",-6.67692,-1.0415,-0.673145,-0,-2.10522,-27.5632,-13.3972,0.573345,-0.0426538,-58.2237,-40.9605,5.31138
NC(=O)[C@@H]1CCC[C@@H]([NH+]2CCC([C@H]([NH3+])Cc3cc(F)ccc3F)CC2)C1,"CHEMBL1683145",2610,Done,5.23,-8.79166,"glide_grid_1X70",-8.81416,-1.01701,-0.560243,-0,-2.51831,-33.2495,-22.3149,0.399333,-0.108208,-92.8464,-55.5645,10.0538
NC(=O)[C@@H]1CCC[C@@H](N2CCC([C@H]([NH3+])Cc3cc(F)ccc3F)CC2)C1,"CHEMBL1683145",2611,Done,7.5,-6.02224,"glide_grid_1X70",-8.34024,-0.978951,-0.557538,-0,-2.56967,-33.471,-19.0767,0.401296,-0.100328,-83.8624,-52.5477,8.64022
NC(=O)[C@@H]1CCC[C@@H]([NH+]2CCC([C@H](N)Cc3cc(F)ccc3F)CC2)C1,"CHEMBL1683145",2612,Done,6.07,-2.3866,"glide_grid_1X70",-4.7895,-1.12868,-0.31387,-0,-1.43364,-19.1371,-9.86858,0.57328,-0.0494436,-36.2052,-29.0057,13.8669
[NH3+][C@@H](CC(=O)N1CCS[C@H]1C(=O)[O-])Cc1cc(F)c(F)cc1F,"CHEMBL1683476",2613,Done,4.49,-8.69358,"glide_grid_1X70",-8.70498,-0.920011,-0.538101,-0,-2.79647,-29.9789,-21.3632,0.439248,-0.186224,-86.7404,-51.342,11.8223
N[C@@H](CC(=O)N1CCS[C@H]1C(=O)[O-])Cc1cc(F)c(F)cc1F,"CHEMBL1683476",2614,Done,3.22,-2.90367,"glide_grid_1X70",-5.24877,-0.855495,-0.581729,-0,-1.85069,-23.2697,-9.22822,0.630736,-0.043869,-36.9551,-32.4979,15.9886
COC(=O)[C@@H]1SCCN1C(=O)C[C@H]([NH3+])Cc1cc(F)c(F)cc1F,"CHEMBL1683477",2615,Done,8.9,-9.07434,"glide_grid_1X70",-9.08874,-1.04133,-0.884749,-0,-2.62038,-31.6717,-21.9272,0.509265,-0.178882,-94.4294,-53.5989,5.94091
COC(=O)[C@@H]1SCCN1C(=O)C[C@H](N)Cc1cc(F)c(F)cc1F,"CHEMBL1683477",2616,Done,8.27,-4.31033,"glide_grid_1X70",-6.52113,-1.30712,-0.669502,-0,-2.00635,-28.1451,-11.8359,0.731135,-0.0866521,-51.5537,-39.981,10.8645
[NH3+][C@@H](CC(=O)N1CCS[C@H]1C(=O)NCC(=O)[O-])Cc1cc(F)c(F)cc1F,"CHEMBL1683478",2617,Done,11.05,-9.45357,"glide_grid_1X70",-9.46637,-0.987892,-1.28174,-0,-2.48047,-29.0704,-24.2338,0.585945,-0.213622,-100.316,-53.3042,8.54357
N[C@@H](CC(=O)N1CCS[C@H]1C(=O)NCC(=O)[O-])Cc1cc(F)c(F)cc1F,"CHEMBL1683478",2618,Done,9.35,-4.1863,"glide_grid_1X70",-6.467,-1.11776,-0.933996,-0,-1.78295,-32.3578,-11.722,0.840827,-0.0969455,-59.7896,-44.0797,13.1285
CCOC(=O)CNC(=O)[C@@H]1SCCN1C(=O)C[C@H]([NH3+])Cc1cc(F)c(F)cc1F,"CHEMBL1683479",2619,Done,14.49,-8.46425,"glide_grid_1X70",-8.47725,-0.943796,-0.945652,-0,-1.96677,-36.8383,-21.5945,0.664741,-0.204685,-96.9139,-58.4328,12.7842
CCOC(=O)CNC(=O)[C@@H]1SCCN1C(=O)C[C@H](N)Cc1cc(F)c(F)cc1F,"CHEMBL1683479",2620,Done,14.29,-2.60063,"glide_grid_1X70",-4.87033,-0.890773,-0.686964,-0,-1.37777,-31.9197,-7.91255,0.953636,-0.0855925,-48.3791,-39.8322,15.361
CN(C)C(=O)[C@@H]1SCCN1C(=O)C[C@H]([NH3+])Cc1cc(F)c(F)cc1F,"CHEMBL1683480",2621,Done,7.66,-9.24546,"glide_grid_1X70",-9.25826,-1.041,-0.992884,-0,-2.36131,-33.2907,-23.3333,0.478162,-0.176703,-98.0106,-56.624,8.31042
CN(C)C(=O)[C@@H]1SCCN1C(=O)C[C@H](N)Cc1cc(F)c(F)cc1F,"CHEMBL1683480",2622,Done,6.39,-3.02216,"glide_grid_1X70",-5.30176,-1.03261,-0.528962,-0,-1.82079,-27.644,-7.95205,0.686375,-0.0307605,-47.3572,-35.5961,3.90453
[NH3+][C@@H](CC(=O)N1CCS[C@H]1C(=O)N1CCOCC1)Cc1cc(F)c(F)cc1F,"CHEMBL1683481",2623,Done,9.38,-8.93187,"glide_grid_1X70",-8.94507,-1.00746,-0.99322,-0,-2.05541,-35.9921,-22.589,0.474303,-0.175325,-100.592,-58.5811,7.51019
N[C@@H](CC(=O)N1CCS[C@H]1C(=O)N1CCOCC1)Cc1cc(F)c(F)cc1F,"CHEMBL1683481",2624,Done,7.49,-3.48445,"glide_grid_1X70",-5.74605,-0.96398,-0.930974,-0,-1.37143,-31.4711,-10.1796,0.680535,-0.0596986,-47.9854,-41.6507,16.3531
[NH3+][C@@H](CC(=O)N1CCS[C@H]1C(=O)N1CC[NH2+]CC1)Cc1cc(F)c(F)cc1F,"CHEMBL1683482",2625,Done,8.89,-9.5289,"glide_grid_1X70",-9.6731,-1.04841,-0.987358,-0,-2.11049,-36.4665,-28.232,0.474256,-0.177779,-113.665,-64.6985,9.78085
[NH3+][C@@H](CC(=O)N1CCS[C@H]1C(=O)N1CCNCC1)Cc1cc(F)c(F)cc1F,"CHEMBL1683482",2626,Done,16.37,-8.32908,"glide_grid_1X70",-9.30048,-1.15844,-0.883432,-0,-2.11402,-37.3694,-23.8075,0.476327,-0.181331,-103.954,-61.1769,10.6899
N[C@@H](CC(=O)N1CCS[C@H]1C(=O)N1CC[NH2+]CC1)Cc1cc(F)c(F)cc1F,"CHEMBL1683482",2627,Done,8.99,-2.78447,"glide_grid_1X70",-5.17427,-0.422268,-0.63173,-0,-0.799516,-26.5954,-16.1553,0.680467,-0.248151,-58.9308,-42.7507,5.30897
[NH3+][C@@H](CC(=O)N1CCS[C@H]1C(=O)NCc1ccoc1)Cc1cc(F)c(F)cc1F,"CHEMBL1683483",2628,Done,12.03,-9.40279,"glide_grid_1X70",-9.41559,-1.63179,-0.878412,-0,-2.30221,-38.3605,-20.356,0.530223,-0.161969,-104.969,-58.7165,5.86402
N[C@@H](CC(=O)N1CCS[C@H]1C(=O)NCc1ccoc1)Cc1cc(F)c(F)cc1F,"CHEMBL1683483",2629,Done,11.77,-4.81032,"glide_grid_1X70",-7.08992,-1.65087,-0.882097,-0,-1.75127,-37.7026,-10.7736,0.760699,-0.0652134,-69.2426,-48.4762,8.4473
[NH3+][C@@H](CC(=O)N1CCS[C@H]1C(=O)NCc1ccncc1)Cc1cc(F)c(F)cc1F,"CHEMBL1683484",2630,Done,11.45,-8.01843,"glide_grid_1X70",-8.03123,-1.02277,-0.650481,-0,-1.88835,-36.0738,-19.7047,0.506356,-0.216587,-93.4332,-55.7786,8.8469
N[C@@H](CC(=O)N1CCS[C@H]1C(=O)NCc1ccncc1)Cc1cc(F)c(F)cc1F,"CHEMBL1683484",2631,Done,10.75,-2.0995,"glide_grid_1X70",-4.3791,-1.31698,-0.646103,-0,0.148001,-32.3489,-10.9456,0.726385,-0.0311083,-47.4272,-43.2945,10.2263
[NH3+][C@@H](CC(=O)N1CCS[C@H]1C(=O)NCc1ccc(O)cc1)Cc1cc(F)c(F)cc1F,"CHEMBL1683485",2632,Done,10.97,-9.02687,"glide_grid_1X70",-9.03977,-1.13171,-0.930522,-0,-1.82739,-37.8709,-24.1776,0.544429,-0.174392,-106.103,-62.0485,8.95677
N[C@@H](CC(=O)N1CCS[C@H]1C(=O)NCc1ccc(O)cc1)Cc1cc(F)c(F)cc1F,"CHEMBL1683485",2633,Done,8.43,-3.20608,"glide_grid_1X70",-5.48018,-1.62332,-0.385583,-0,-1.38521,-30.1521,-8.50537,0.780905,-0.0835538,-47.5194,-38.6575,17.4126
[NH3+][C@H]1CN(c2cc(-c3cc(F)cc(F)c3F)ncn2)C[C@@H]1c1ccccc1,"CHEMBL1683557",2634,Done,2.5,-8.85066,"glide_grid_1X70",-8.86556,-1.55774,-0.685268,-0,-1.85812,-35.9596,-19.8563,0.293899,-0.281905,-94.1684,-55.8159,0.510971
N[C@H]1CN(c2cc(-c3cc(F)cc(F)c3F)ncn2)C[C@@H]1c1ccccc1,"CHEMBL1683557",2635,Done,2.32,-1.38873,"glide_grid_1X70",-3.57993,-0.647534,-0.291337,-0,-0.933113,-28.6113,-4.36915,0.4219,-0.0439096,-39.9812,-32.9805,2.5255
[NH3+][C@H]1CN(c2cc(-c3cc(F)c(F)cc3F)ncn2)C[C@@H]1N1CCCC1=O,"CHEMBL1683558",2636,Done,2.66,-8.84303,"glide_grid_1X70",-8.86153,-1.26187,-0.683878,-0,-1.71969,-37.4986,-21.8058,0.284251,-0.334537,-96.3499,-59.3044,3.57076
N[C@H]1CN(c2cc(-c3cc(F)c(F)cc3F)ncn2)C[C@@H]1N1CCCC1=O,"CHEMBL1683558",2637,Done,2.95,-2.28411,"glide_grid_1X70",-4.40621,-0.693769,-0.309739,-0,-1.26143,-31.0748,-6.10723,0.408017,-0.0794667,-46.6649,-37.182,3.11214
[NH3+][C@H]1CN(c2cc(-c3cc(F)c(F)cc3F)ncn2)C[C@@H]1N1CCCCC1=O,"CHEMBL1683559",2638,Done,3.18,-9.33698,"glide_grid_1X70",-9.35528,-1.37202,-0.816586,-0,-1.81025,-40.059,-22.1458,0.266282,-0.297891,-100.203,-62.2047,4.66771
N[C@H]1CN(c2cc(-c3cc(F)c(F)cc3F)ncn2)C[C@@H]1N1CCCCC1=O,"CHEMBL1683559",2639,Done,2.96,-3.13295,"glide_grid_1X70",-5.26115,-0.998736,-0.323406,-0,-1.25477,-31.7807,-9.15872,0.382165,-0.103555,-52.545,-40.9395,1.78553
[NH3+][C@H]1CN(c2cc(N3CCc4nocc4C3)ncn2)C[C@@H]1c1ccccc1,"CHEMBL1683560",2640,Done,2.38,-8.85448,"glide_grid_1X70",-8.90568,-1.42801,-0.628439,-0,-1.89933,-37.7616,-20.7192,0.305469,-0.259405,-101.438,-58.4808,0.792753
[NH3+][C@H]1CN(c2cc(N3CCc4nocc4C3)[nH+]cn2)C[C@@H]1c1ccccc1,"CHEMBL1683560",2641,Done,2.44,-7.60209,"glide_grid_1X70",-9.19209,-1.46009,-0.475919,-0,-1.87819,-35.074,-24.436,0.303963,-0.262756,-104.178,-59.5101,1.25949
N[C@H]1CN(c2cc(N3CCc4nocc4C3)ncn2)C[C@@H]1c1ccccc1,"CHEMBL1683560",2642,Done,2.28,-3.97415,"glide_grid_1X70",-6.56315,-1.31505,-0.708874,-0,-1.38815,-34.3454,-11.3691,0.438552,-0.166989,-62.0752,-45.7144,0.684062
[NH3+][C@H]1CN(c2cc(N3CCc4nocc4C3)ncn2)C[C@@H]1N1CCCC1=O,"CHEMBL1683561",2643,Done,2.54,-7.79524,"glide_grid_1X70",-7.85374,-1.4523,-0.770168,-0,-1.77203,-36.2201,-14.5779,0.295248,-0.156811,-81.66,-50.798,6.52918
[NH3+][C@H]1CN(c2cc(N3CCc4nocc4C3)[nH+]cn2)C[C@@H]1N1CCCC1=O,"CHEMBL1683561",2644,Done,2.7,-6.09524,"glide_grid_1X70",-7.70574,-1.22464,-0.413327,-0,-1.83591,-34.8874,-17.5808,0.293817,-0.144196,-81.4682,-52.4682,3.41236
N[C@H]1CN(c2cc(N3CCc4nocc4C3)ncn2)C[C@@H]1N1CCCC1=O,"CHEMBL1683561",2645,Done,3.13,-2.23895,"glide_grid_1X70",-4.41315,-0.188745,-0.467588,-0,-0.97732,-31.6142,-9.70358,0.423841,-0.16709,-49.2651,-41.3178,7.82389
[NH3+][C@H]1CN(c2cc(N3CCc4nocc4C3)ncn2)C[C@@H]1N1CCCCC1=O,"CHEMBL1683562",2646,Done,2.83,-9.00477,"glide_grid_1X70",-9.06317,-1.27893,-0.658565,-0,-1.81966,-41.5816,-21.5954,0.276239,-0.26387,-108.11,-63.177,2.89192
[NH3+][C@H]1CN(c2cc(N3CCc4nocc4C3)[nH+]cn2)C[C@@H]1N1CCCCC1=O,"CHEMBL1683562",2647,Done,4.3,-7.02348,"glide_grid_1X70",-8.63378,-1.59952,-0.518327,-0,-1.9323,-37.7227,-18.43,0.274945,-0.207953,-93.9171,-56.1526,6.18899
N[C@H]1CN(c2cc(N3CCc4nocc4C3)ncn2)C[C@@H]1N1CCCCC1=O,"CHEMBL1683562",2648,Done,3.28,-3.64788,"glide_grid_1X70",-5.82808,-1.54477,-0.364272,-0,-1.30642,-40.4774,-5.82076,0.39649,-0.112123,-59.1655,-46.2981,5.92055
[NH3+][C@H]1CN(c2cc(NC3CC3)ncn2)C[C@@H]1c1ccccc1,"CHEMBL1683563",2649,Done,3.23,-8.18099,"glide_grid_1X70",-8.20349,-1.23779,-0.642285,-0,-2.36587,-33.4482,-18.1869,0.583899,-0.141001,-86.4737,-51.6351,0.536188
N[C@H]1CN(c2cc(NC3CC3)ncn2)C[C@@H]1c1ccccc1,"CHEMBL1683563",2650,Done,3.18,-2.1287,"glide_grid_1X70",-4.3275,-1.11056,-0.304,-0,-1.66222,-27.2149,-4.51902,0.839121,-0.051241,-41.5754,-31.7339,2.66433
[NH3+][C@H]1CN(c2cc(NC3CC3)[nH+]cn2)C[C@@H]1c1ccccc1,"CHEMBL1683563",2651,Done,3.34,-5.32466,"glide_grid_1X70",-7.90606,-1.00896,-0.472111,-0,-2.32521,-31.7162,-19.5071,0.580444,-0.168346,-84.1189,-51.2233,1.63327
[NH3+][C@H]1CN(c2cc(NC3CC3)ncn2)C[C@@H]1N1CCCC1=O,"CHEMBL1683564",2652,Done,3.75,-7.53994,"glide_grid_1X70",-7.57724,-0.600374,-0.843767,-0,-2.34659,-26.3975,-19.0246,0.560552,-0.173501,-76.5175,-45.4221,3.31994
N[C@H]1CN(c2cc(NC3CC3)ncn2)C[C@@H]1N1CCCC1=O,"CHEMBL1683564",2653,Done,5.23,-4.05065,"glide_grid_1X70",-5.84505,-1.09618,-1.00914,-0,-1.87292,-26.748,-8.59597,0.805471,-0.0454919,-46.2183,-35.344,6.23387
[NH3+][C@H]1CN(c2cc(NC3CC3)[nH+]cn2)C[C@@H]1N1CCCC1=O,"CHEMBL1683564",2654,Done,4.03,-5.4248,"glide_grid_1X70",-8.012,-0.839852,-0.477728,-0,-2.14485,-28.3613,-23.4091,0.557303,-0.177436,-85.6495,-51.7704,4.65398
[NH3+][C@H]1CN(c2cc(NC3CC3)ncn2)C[C@@H]1N1CCCCC1=O,"CHEMBL1683565",2655,Done,5.78,-8.18241,"glide_grid_1X70",-8.21941,-1.41652,-0.65298,-0,-2.22958,-34.9196,-16.8859,0.517777,-0.159248,-84.0259,-51.8055,3.82006
N[C@H]1CN(c2cc(NC3CC3)ncn2)C[C@@H]1N1CCCCC1=O,"CHEMBL1683565",2656,Done,5.02,-2.08397,"glide_grid_1X70",-3.88417,-0.451765,-0.411147,-0,-1.44278,-25.7506,-6.50744,0.743833,-0.058666,-39.1998,-32.258,6.30339
[NH3+][C@H]1CN(c2cc(NC3CC3)[nH+]cn2)C[C@@H]1N1CCCCC1=O,"CHEMBL1683565",2657,Done,6.22,-5.35518,"glide_grid_1X70",-7.94208,-1.38707,-0.500047,-0,-2.29097,-32.6795,-16.5939,0.514894,-0.155838,-81.5579,-49.2733,2.01614
COc1ccc(-c2cc(N3C[C@H]([NH3+])[C@@H](N4CCCCC4=O)C3)ncn2)cn1,"CHEMBL1683566",2658,Done,3.66,-9.64414,"glide_grid_1X70",-9.67364,-1.49895,-0.918488,-0,-1.9382,-36.9677,-23.9674,0.29666,-0.17116,-104.069,-60.9351,5.71406
COc1ccc(-c2cc(N3C[C@H](N)[C@@H](N4CCCCC4=O)C3)ncn2)cn1,"CHEMBL1683566",2659,Done,3.22,-5.27575,"glide_grid_1X70",-7.06835,-1.35238,-0.904599,-0,-1.4829,-33.3506,-13.4277,0.425874,-0.0726549,-62.2298,-46.7782,3.44825
[NH3+][C@H]1CN(c2ncnc(-c3ccccc3)n2)C[C@@H]1N1CCCCC1=O,"CHEMBL1683567",2660,Done,2.68,-9.26433,"glide_grid_1X70",-9.28143,-1.33017,-0.823986,-0,-2.20566,-41.2626,-20.0873,0.344969,-0.190368,-100.404,-61.3499,2.74381
N[C@H]1CN(c2ncnc(-c3ccccc3)n2)C[C@@H]1N1CCCCC1=O,"CHEMBL1683567",2661,Done,2.59,-1.87886,"glide_grid_1X70",-3.98916,-0.459722,-0.406056,-0,-1.30822,-25.5894,-6.42481,0.495417,-0.0673882,-36.0376,-32.0142,9.21106
[NH3+][C@H]1CN(c2cc(N3CCC(F)(F)C3)ncn2)C[C@@H]1N1CCCCC1=O,"CHEMBL1683568",2662,Done,4.03,-8.58258,"glide_grid_1X70",-8.62698,-1.27142,-0.602029,-0,-2.14881,-35.9375,-19.5696,0.299586,-0.171996,-90.5514,-55.507,1.49291
[NH3+][C@H]1CN(c2cc(N3CCC(F)(F)C3)[nH+]cn2)C[C@@H]1N1CCCCC1=O,"CHEMBL1683568",2663,Done,4.45,-7.03661,"glide_grid_1X70",-8.88811,-1.11605,-0.483797,-0,-2.24015,-33.9853,-23.1542,0.298124,-0.173832,-94.5079,-57.1395,0.850492
N[C@H]1CN(c2cc(N3CCC(F)(F)C3)ncn2)C[C@@H]1N1CCCCC1=O,"CHEMBL1683568",2664,Done,3.84,-2.8378,"glide_grid_1X70",-5.004,-0.958757,-0.316149,-0,-1.70509,-31.6758,-5.50647,0.430085,-0.0443347,-45.1345,-37.1823,8.62167
[NH3+][C@H]1CN(c2ncnc(N3CCC(F)(F)C3)n2)C[C@@H]1N1CCCCC1=O,"CHEMBL1683569",2665,Done,3.54,-8.45632,"glide_grid_1X70",-8.47342,-1.13121,-0.554025,-0,-2.30569,-36.6853,-18.4461,0.298153,-0.179469,-90.5421,-55.1315,0.324727
N[C@H]1CN(c2ncnc(N3CCC(F)(F)C3)n2)C[C@@H]1N1CCCCC1=O,"CHEMBL1683569",2666,Done,3.07,-2.27967,"glide_grid_1X70",-4.38997,-0.846302,-0.401463,-0,-1.25144,-28.7409,-5.31541,0.428022,-0.0844317,-39.6895,-34.0563,7.51638
[NH3+][C@H]1CN(c2cc(N3CCC(F)(F)C3)ncn2)C[C@@H]1N1CC(F)(F)CCC1=O,"CHEMBL1683570",2667,Done,3.75,-9.73122,"glide_grid_1X70",-9.78452,-1.34747,-0.74196,-0,-2.19874,-39.8884,-23.3517,0.253362,-0.252536,-105.054,-63.2401,4.05863
[NH3+][C@H]1CN(c2cc(N3CCC(F)(F)C3)[nH+]cn2)C[C@@H]1N1CC(F)(F)CCC1=O,"CHEMBL1683570",2668,Done,4.57,-6.91136,"glide_grid_1X70",-8.79166,-1.25972,-0.527637,-0,-2.34254,-33.4893,-20.1716,0.252225,-0.213786,-89.5744,-53.6609,4.14233
N[C@H]1CN(c2cc(N3CCC(F)(F)C3)ncn2)C[C@@H]1N1CC(F)(F)CCC1=O,"CHEMBL1683570",2669,Done,4.07,-2.19151,"glide_grid_1X70",-4.08001,-0.351714,-0.375883,-0,-1.01984,-30.1387,-6.48674,0.36358,-0.216199,-42.2364,-36.6254,7.59648
[NH3+][C@H]1CN(c2ncnc(N3CCC(F)(F)C3)n2)C[C@@H]1N1CC(F)(F)CCC1=O,"CHEMBL1683571",2670,Done,3.62,-9.44816,"glide_grid_1X70",-9.47576,-1.4325,-0.694018,-0,-2.43276,-36.2881,-20.787,0.252247,-0.236272,-92.98,-57.0751,8.2584
N[C@H]1CN(c2ncnc(N3CCC(F)(F)C3)n2)C[C@@H]1N1CC(F)(F)CCC1=O,"CHEMBL1683571",2671,Done,2.87,-2.3027,"glide_grid_1X70",-4.1338,-0.483122,-0.403382,-0,-0.921499,-31.2131,-6.14273,0.361977,-0.205711,-40.7837,-37.3558,11.7669
Cc1nc(N2C[C@H]([NH3+])[C@@H](N3CC(F)(F)CCC3=O)C2)cc(N2CCC(F)(F)C2)n1,"CHEMBL1683572",2672,Done,3.5,-9.45691,"glide_grid_1X70",-9.51361,-1.25699,-0.748642,-0,-2.37016,-24.4986,-26.3972,0.23821,-0.191525,-85.7603,-50.8958,6.04597
Cc1nc(N2C[C@H]([NH3+])[C@@H](N3CC(F)(F)CCC3=O)C2)cc(N2CCC(F)(F)C2)[nH+]1,"CHEMBL1683572",2673,Done,4.14,-6.98558,"glide_grid_1X70",-8.82278,-1.03284,-0.577804,-0,-1.86668,-27.5707,-26.7601,0.237175,-0.204094,-85.4591,-54.3308,8.57199
Cc1nc(N2C[C@H](N)[C@@H](N3CC(F)(F)CCC3=O)C2)cc(N2CCC(F)(F)C2)n1,"CHEMBL1683572",2674,Done,3.72,-4.23617,"glide_grid_1X70",-6.09747,-1.05978,-0.509943,-0,-1.67594,-24.967,-12.2772,0.34179,-0.103658,-46.6035,-37.2442,6.85548
[NH3+][C@@H](CC(=O)N1CCn2nncc2C1)Cc1cc(F)c(F)cc1F,"CHEMBL1683977",2675,Done,2.88,-6.02289,"glide_grid_1X70",-6.03659,-0.734286,-0.36413,-0,-1.22894,-30.5475,-16.2653,0.490482,-0.232552,-67.8767,-46.8128,7.14488
N[C@@H](CC(=O)N1CCn2nncc2C1)Cc1cc(F)c(F)cc1F,"CHEMBL1683977",2676,Done,3.4,-4.3609,"glide_grid_1X70",-6.5987,-1.03905,-0.541281,-0,-2.46347,-27.7711,-10.258,0.493068,-0.120711,-50.1404,-38.0291,10.7983
[NH3+][C@@H](CC(=O)N1CCn2nnc(C(F)F)c2C1)Cc1cc(F)c(F)cc1F,"CHEMBL1683978",2677,Done,3.25,-7.03745,"glide_grid_1X70",-7.05115,-1.11249,-0.553151,-0,-1.73402,-27.6811,-15.5096,0.358428,-0.299428,-68.5159,-43.1906,14.4007
N[C@@H](CC(=O)N1CCn2nnc(C(F)F)c2C1)Cc1cc(F)c(F)cc1F,"CHEMBL1683978",2678,Done,4.01,-2.78674,"glide_grid_1X70",-5.02454,-1.00332,-0.262473,-0,-1.71576,-25.0618,-7.89773,0.514423,-0.119658,-43.8187,-32.9596,5.16395
COC(=O)c1nnn2c1CN(C(=O)C[C@H]([NH3+])Cc1cc(F)c(F)cc1F)CC2,"CHEMBL1683980",2679,Done,3.19,-8.89013,"glide_grid_1X70",-8.90383,-1.45485,-0.521562,-0,-2.57885,-37.4806,-17.4996,0.431932,-0.281523,-93.0957,-54.9802,6.73314
COC(=O)c1nnn2c1CN(C(=O)C[C@H](N)Cc1cc(F)c(F)cc1F)CC2,"CHEMBL1683980",2680,Done,3.88,-2.90192,"glide_grid_1X70",-5.13972,-0.700626,-0.631413,-0,-1.60458,-22.4757,-10.663,0.619865,-0.0997218,-44.6451,-33.1387,4.9253
NC(=O)c1nnn2c1CN(C(=O)C[C@H]([NH3+])Cc1cc(F)c(F)cc1F)CC2,"CHEMBL1683981",2681,Done,3.54,-7.35411,"glide_grid_1X70",-7.36781,-0.828705,-0.820086,-0,-1.52022,-24.597,-21.6759,0.528898,-0.246466,-77.1369,-46.2729,6.90293
NC(=O)c1nnn2c1CN(C(=O)C[C@H](N)Cc1cc(F)c(F)cc1F)CC2,"CHEMBL1683981",2682,Done,4.51,-4.78248,"glide_grid_1X70",-7.02028,-1.11933,-0.61516,-0,-2.15386,-29.3519,-12.8827,0.531401,-0.263338,-56.0814,-42.2346,10.6039
CN(C)C(=O)c1nnn2c1CN(C(=O)C[C@H]([NH3+])Cc1cc(F)c(F)cc1F)CC2,"CHEMBL1683982",2683,Done,4.46,-8.4986,"glide_grid_1X70",-8.5123,-1.13928,-0.558506,-0,-2.37881,-35.7609,-18.8056,0.407574,-0.23439,-92.1957,-54.5665,4.79724
CN(C)C(=O)c1nnn2c1CN(C(=O)C[C@H](N)Cc1cc(F)c(F)cc1F)CC2,"CHEMBL1683982",2684,Done,5.58,-3.65334,"glide_grid_1X70",-5.89114,-0.928738,-0.632095,-0,-1.56875,-31.2066,-11.3815,0.584831,-0.0788294,-55.6932,-42.5881,7.63719
[NH3+][C@@H](CC(=O)N1CCn2nnc(-c3ccc(Cl)cc3)c2C1)Cc1cc(F)c(F)cc1F,"CHEMBL1683985",2685,Done,3.72,-5.80077,"glide_grid_1X70",-5.81447,-0.376967,-0.536287,-0,-0.991328,-23.3924,-18.5671,0.345258,-0.300465,-63.7748,-41.9595,0.32418
N[C@@H](CC(=O)N1CCn2nnc(-c3ccc(Cl)cc3)c2C1)Cc1cc(F)c(F)cc1F,"CHEMBL1683985",2686,Done,4.68,-2.40043,"glide_grid_1X70",-4.63823,-1.18849,-0.298301,-0,-1.14662,-33.0041,-4.85296,0.495237,-0.1219,-47.9246,-37.8571,4.56069
N#Cc1ccc(-c2nnn3c2CN(C(=O)C[C@H]([NH3+])Cc2cc(F)c(F)cc2F)CC3)cc1,"CHEMBL1683987",2687,Done,3.74,-8.17926,"glide_grid_1X70",-8.19296,-1.15683,-0.548104,-0,-1.74351,-38.3833,-19.4323,0.358783,-0.269288,-92.7605,-57.8156,9.20096
N#Cc1ccc(-c2nnn3c2CN(C(=O)C[C@H](N)Cc2cc(F)c(F)cc2F)CC3)cc1,"CHEMBL1683987",2688,Done,4.19,-3.31482,"glide_grid_1X70",-5.55262,-0.956003,-0.72,-0,-1.46663,-27.8908,-9.65411,0.514678,-0.082003,-46.5064,-37.5449,10.6207
NC(=O)c1ccc(-c2nnn3c2CN(C(=O)C[C@H]([NH3+])Cc2cc(F)c(F)cc2F)CC3)cc1,"CHEMBL1683989",2689,Done,5.09,-5.76053,"glide_grid_1X70",-5.77423,-0.329464,-0.546215,-0,-0.93736,-24.2716,-18.6417,0.333614,-0.284973,-68.5622,-42.9133,3.49702
NC(=O)c1ccc(-c2nnn3c2CN(C(=O)C[C@H](N)Cc2cc(F)c(F)cc2F)CC3)cc1,"CHEMBL1683989",2690,Done,7.14,-1.88388,"glide_grid_1X70",-4.12168,-0.655613,-0.304,-0,-0.535717,-27.0148,-10.0575,0.478502,-0.245489,-46.5137,-37.0723,4.777
[NH3+][C@@H](CC(=O)N1CCn2nnc(-c3ccc(C(=O)[O-])cc3)c2C1)Cc1cc(F)c(F)cc1F,"CHEMBL1683992",2691,Done,4.13,-7.44054,"glide_grid_1X70",-7.45424,-1.07834,-0.81696,-0,-1.80653,-30.9767,-15.2705,0.333645,-0.246641,-73.3538,-46.2472,19.8074
N[C@@H](CC(=O)N1CCn2nnc(-c3ccc(C(=O)[O-])cc3)c2C1)Cc1cc(F)c(F)cc1F,"CHEMBL1683992",2692,Done,4.49,-1.96404,"glide_grid_1X70",-4.20184,-1.1753,-0.304,-0,-1.11747,-31.1727,-2.64545,0.478546,-0.128165,-45.8396,-33.8182,3.34049
[NH3+][C@@H](CC(=O)N1CCn2nnc(-c3ccncc3)c2C1)Cc1cc(F)c(F)cc1F,"CHEMBL1683994",2693,Done,3.01,-5.93688,"glide_grid_1X70",-5.95058,-0.313326,-0.541981,-0,-1.21607,-22.5688,-18.9673,0.397046,-0.30272,-67.579,-41.5361,1.09477
N[C@@H](CC(=O)N1CCn2nnc(-c3ccncc3)c2C1)Cc1cc(F)c(F)cc1F,"CHEMBL1683994",2694,Done,3.48,-2.67917,"glide_grid_1X70",-4.91697,-0.958629,-0.470284,-0,-1.55708,-34.5259,-4.98295,0.569692,-0.0269339,-50.5178,-39.5089,3.3167
[NH3+][C@@H](CC(=O)N1CCn2nnc(-c3ccco3)c2C1)Cc1cc(F)c(F)cc1F,"CHEMBL1683996",2695,Done,2.99,-7.84058,"glide_grid_1X70",-7.85428,-1.19509,-0.511668,-0,-2.12309,-37.2813,-15.7584,0.416699,-0.213309,-83.8183,-53.0397,8.43239
N[C@@H](CC(=O)N1CCn2nnc(-c3ccco3)c2C1)Cc1cc(F)c(F)cc1F,"CHEMBL1683996",2696,Done,3.32,-3.12297,"glide_grid_1X70",-5.36077,-0.900743,-0.621396,-0,-1.6255,-32.2306,-7.87263,0.597954,-0.0186593,-53.0482,-40.1032,3.3383
[NH3+][C@@H](CC(=O)N1CCn2nnc(-c3cccs3)c2C1)Cc1cc(F)c(F)cc1F,"CHEMBL1683998",2697,Done,2.89,-7.96157,"glide_grid_1X70",-7.97527,-1.31194,-0.488537,-0,-1.84628,-38.1268,-17.3605,0.388524,-0.206628,-86.6581,-55.4872,8.49723
N[C@@H](CC(=O)N1CCn2nnc(-c3cccs3)c2C1)Cc1cc(F)c(F)cc1F,"CHEMBL1683998",2698,Done,3.17,-3.82113,"glide_grid_1X70",-6.05893,-1.37299,-0.304,-0,-1.73486,-38.9438,-7.37514,0.557436,-0.151065,-61.0942,-46.3189,6.79436
Cc1nc(C(=O)NC2CC2)cc(-c2ccc(F)cc2)c1C[NH3+],"CHEMBL1688415",2699,Done,3.71,-7.75858,"glide_grid_1X70",-7.95028,-1.37796,-0.474255,-0,-2.65428,-28.4759,-16.5371,0.570499,-0.109922,-77.1516,-45.013,0.457803
Cc1nc(C(=O)NC2CC2)cc(-c2ccc(F)cc2)c1CN,"CHEMBL1688415",2700,Done,4,-4.67007,"glide_grid_1X70",-5.43177,-1.53098,-0.345703,-0,-2.10529,-28.4544,-5.49872,0.819807,-0.0220718,-44.0219,-33.9531,7.07222
Cc1nc(C(=O)N2CCCC2)cc(-c2ccc(F)cc2)c1C[NH3+],"CHEMBL1688416",2701,Done,3.77,-6.20437,"glide_grid_1X70",-6.39987,-0.246452,-0.733937,-0,-1.97557,-24.9008,-16.3857,0.394947,-0.135957,-67.4196,-41.2865,1.25118
Cc1nc(C(=O)N2CCCC2)cc(-c2ccc(F)cc2)c1CN,"CHEMBL1688416",2702,Done,3.57,-4.99835,"glide_grid_1X70",-5.75025,-1.4714,-0.416817,-0,-2.00701,-29.0891,-6.34262,0.567404,-0.016583,-46.9945,-35.4317,4.56283
CCOC(=O)C1CCN(C(=O)c2cc(-c3ccc(F)cc3)c(C[NH3+])c(C)n2)CC1,"CHEMBL1688418",2703,Done,9.3,-8.39078,"glide_grid_1X70",-8.58728,-1.69131,-0.552342,-0,-2.12746,-37.5298,-17.766,0.427851,-0.102622,-92.6984,-55.2959,5.13869
CCOC(=O)C1CCN(C(=O)c2cc(-c3ccc(F)cc3)c(CN)c(C)n2)CC1,"CHEMBL1688418",2704,Done,9.49,-3.84799,"glide_grid_1X70",-4.59729,-0.928544,-0.522777,-0,-1.19001,-30.7988,-6.86679,0.613995,0,-49.0246,-37.6656,3.90477
Cc1nc(C(=O)NC2CC2)cc(-c2ccc(F)cc2F)c1C[NH3+],"CHEMBL1688419",2705,Done,4.08,-7.18322,"glide_grid_1X70",-7.37492,-1.40548,-0.570272,-0,-2.39344,-25.4022,-14.2437,0.515111,-0.114184,-69.5269,-39.6458,0.45313
Cc1nc(C(=O)NC2CC2)cc(-c2ccc(F)cc2F)c1CN,"CHEMBL1688419",2706,Done,3.69,-4.49465,"glide_grid_1X70",-5.25635,-1.39673,-0.304,-0,-1.95779,-29.5717,-5.66143,0.739993,-0.0100311,-47.2692,-35.2331,1.96974
Cc1cc(NC(=O)c2cc(-c3ccc(F)cc3F)c(C[NH3+])c(C)n2)no1,"CHEMBL1688423",2707,Done,3.61,-7.42444,"glide_grid_1X70",-7.61904,-1.34103,-0.570062,-0,-2.27122,-28.1396,-15.4033,0.415588,-0.134856,-76.6904,-43.5429,2.30275
Cc1cc(NC(=O)c2cc(-c3ccc(F)cc3F)c(CN)c(C)n2)no1,"CHEMBL1688423",2708,Done,4.07,-3.99446,"glide_grid_1X70",-4.74876,-0.830273,-0.327465,-0,-1.19985,-30.1724,-9.56473,0.596676,-0.0445245,-52.2334,-39.7371,1.39698
Cc1nc(C(N)=O)cc(-c2ccc(Cl)cc2Cl)c1C[NH3+],"CHEMBL1688425",2709,Done,1.91,-7.68291,"glide_grid_1X70",-7.87641,-1.429,-0.467487,-0,-2.14985,-27.2273,-16.6546,0.134031,-0.104544,-74.5498,-43.8819,0.245878
Cc1nc(C(N)=O)cc(-c2ccc(Cl)cc2Cl)c1CN,"CHEMBL1688425",2710,Done,1.88,-4.57757,"glide_grid_1X70",-5.33477,-1.39891,-0.304,-0,-1.63684,-25.1364,-6.2051,0.192567,0,-43.2618,-31.3415,1.61831
CNC(=O)c1cc(-c2ccc(Cl)cc2Cl)c(C[NH3+])c(C)n1,"CHEMBL1688426",2711,Done,2.2,-7.42071,"glide_grid_1X70",-7.61801,-1.4135,-0.503934,-0,-2.03389,-27.3989,-16.2668,0.24804,-0.104759,-72.9719,-43.6657,0.606916
CNC(=O)c1cc(-c2ccc(Cl)cc2Cl)c(CN)c(C)n1,"CHEMBL1688426",2712,Done,2.43,-4.41578,"glide_grid_1X70",-5.16308,-1.45342,-0.304,-0,-1.54583,-25.9469,-6.12512,0.356288,0,-42.7763,-32.0721,1.70118
Cc1nc(C(=O)N2CCCC2)cc(-c2ccc(Cl)cc2Cl)c1C[NH3+],"CHEMBL1688428",2713,Done,3.92,-6.23914,"glide_grid_1X70",-6.43794,-0.410312,-0.731231,-0,-1.44952,-27.5922,-17.5886,0.302728,-0.131712,-72.6468,-45.1808,2.05594
Cc1nc(C(=O)N2CCCC2)cc(-c2ccc(Cl)cc2Cl)c1CN,"CHEMBL1688428",2714,Done,3.58,-4.39161,"glide_grid_1X70",-5.13511,-1.62775,-0.380539,-0,-1.24816,-27.651,-6.13912,0.434607,-0.00984635,-42.7431,-33.7902,2.29688
Cc1nc(C(=O)NCC#N)cc(-c2ccc(Cl)cc2Cl)c1C[NH3+],"CHEMBL1688431",2715,Done,3.12,-7.79678,"glide_grid_1X70",-7.99968,-1.27867,-0.502004,-0,-2.11716,-26.3797,-20.0611,0.326299,-0.1,-78.5555,-46.4408,1.8431
Cc1nc(C(=O)NCC#N)cc(-c2ccc(Cl)cc2Cl)c1CN,"CHEMBL1688431",2716,Done,3.35,-4.84858,"glide_grid_1X70",-5.58208,-1.46724,-0.389207,-0,-1.5516,-28.9229,-7.9761,0.468535,0,-50.7811,-36.899,1.74206
O=C(C[C@H](O)CCc1ccccc1)c1ccc(O)cc1,"CHEMBL1724888",2717,Done,9.18,-4.52324,"glide_grid_1X70",-4.54304,-1.62495,-0.177597,-0,-2.00765,-28.4559,-3.30704,1.22369,-0.037689,-39.6063,-31.763,8.22502
N#Cc1ccc(NCC[NH2+]CC(=O)N2C[C@@H](F)C[C@H]2C#N)nc1,"CHEMBL1744354",2719,Done,5.46,-6.79213,"glide_grid_1X70",-7.05663,-1.134,-0.56,-0,-2.48233,-34.3263,-15.0702,1.29493,-0.198384,-78.6806,-49.3965,5.84283
N#Cc1ccc(NCCNCC(=O)N2C[C@@H](F)C[C@H]2C#N)nc1,"CHEMBL1744354",2720,Done,5.88,-4.88844,"glide_grid_1X70",-5.49364,-0.607509,-0.576,-0,-2.22269,-33.2963,-10.7812,1.3022,-0.107639,-58.1031,-44.0775,6.47875
CC(C)[C@H](NC(=O)[C@@H]1CCCN1C(=O)[C@@H]([NH3+])C1CCCCC1)C(=O)N1CCC[C@H]1B(O)O,"CHEMBL1765234",2721,Done,22.86,-6.22471,"glide_grid_1X70",-6.46041,-0.829537,-0.590049,-0,-1.00806,-30.0186,-19.339,0.620154,-0.251134,-70.3325,-49.3576,10.3991
CC(C)[C@H](NC(=O)[C@@H]1CCCN1C(=O)[C@@H](N)C1CCCCC1)C(=O)N1CCC[C@H]1B(O)O,"CHEMBL1765234",2722,Done,21.15,-3.84063,"glide_grid_1X70",-4.50063,-0.743736,-0.813572,-0,-0.777734,-23.9286,-11.7162,0.889543,-0.101265,-44.513,-35.6448,8.36633
C[C@H](NC(=O)[C@@H]1CCCN1C(=O)[C@@H](N)Cc1ccccc1)C(=O)N1CCC[C@H]1B(O)O,"CHEMBL1765235",2723,Done,19.71,-4.82673,"glide_grid_1X70",-5.19913,-1.81683,-0.666419,-0,-1.30272,-20.9372,-8.21829,0.966285,-0.0998448,-35.8831,-29.1554,10.6763
C[C@H](NC(=O)[C@@H]1CCCN1C(=O)[C@@H]([NH3+])Cc1ccccc1)C(=O)N1CCC[C@H]1B(O)O,"CHEMBL1765235",2724,Done,16.03,-7.01068,"glide_grid_1X70",-7.46228,-1.18733,-0.832889,-0,-1.17443,-32.6408,-20.3949,0.673539,-0.249902,-78.3474,-53.0357,21.7815
COc1cc(O)c(Br)cc1/C=C/C(=O)c1ccc(O)cc1,"CHEMBL1778898",2725,Done,2.68,-2.15544,"glide_grid_1X70",-2.49244,-0.440479,-0.00347014,-0,-1.0586,-23.3423,-1.94271,0.468626,0,-28.079,-25.285,7.38328
CN1CCN(C(=O)C[C@H]([NH3+])Cc2cc(F)c(F)cc2F)CC1=O,"CHEMBL1779688",2731,Done,4.43,-9.26082,"glide_grid_1X70",-9.27152,-1.03677,-0.975326,-0,-3.01934,-32.5998,-19.5292,0.482597,-0.163318,-92.3676,-52.129,5.26357
CN1CCN(C(=O)C[C@H](N)Cc2cc(F)c(F)cc2F)CC1=O,"CHEMBL1779688",2732,Done,4.6,-3.10207,"glide_grid_1X70",-5.48477,-0.964691,-0.543164,-0,-2.23006,-25.5834,-7.50368,0.693159,-0.0352911,-44.9975,-33.087,3.59983
[NH3+][C@@H](CC(=O)N1CCN(c2ccccn2)C(=O)C1)Cc1cc(F)c(F)cc1F,"CHEMBL1779689",2733,Done,6.07,-9.49986,"glide_grid_1X70",-9.51106,-0.976184,-1.17502,-0,-2.17666,-28.1849,-27.3423,0.441809,-0.215752,-96.1936,-55.5273,9.74598
N[C@@H](CC(=O)N1CCN(c2ccccn2)C(=O)C1)Cc1cc(F)c(F)cc1F,"CHEMBL1779689",2734,Done,5.63,-5.15075,"glide_grid_1X70",-7.50905,-1.22239,-1.07833,-0,-2.01461,-33.0137,-13.8689,0.634072,-0.0967758,-65.5036,-46.8826,8.70275
[NH3+][C@@H](CC(=O)N1CCN(Cc2ccc(-c3ccccc3)cc2)C(=O)C1)Cc1cc(F)c(F)cc1F,"CHEMBL1779690",2735,Done,5.71,-7.98098,"glide_grid_1X70",-7.99188,-1.48493,-0.713087,-0,-1.82756,-38.9736,-14.9338,0.427111,-0.204656,-90.941,-53.9074,4.40887
N[C@@H](CC(=O)N1CCN(Cc2ccc(-c3ccccc3)cc2)C(=O)C1)Cc1cc(F)c(F)cc1F,"CHEMBL1779690",2736,Done,5.27,-0.945162,"glide_grid_1X70",-3.32016,-0.901593,-0.304,-0,-0.554629,-34.3556,-2.85532,0.612495,-0.026355,-41.5294,-37.211,9.62074
[NH3+][C@@H](CC(=O)N1CCN(Cn2nnc3ccccc32)C(=O)C1)Cc1cc(F)c(F)cc1F,"CHEMBL1779691",2737,Done,6.09,-9.67904,"glide_grid_1X70",-9.68974,-1.56206,-0.731163,-0,-2.10508,-36.8951,-24.3404,0.420103,-0.215734,-104.26,-61.2355,8.19411
N[C@@H](CC(=O)N1CCN(Cn2nnc3ccccc32)C(=O)C1)Cc1cc(F)c(F)cc1F,"CHEMBL1779691",2738,Done,6.32,-2.96484,"glide_grid_1X70",-5.34754,-1.41901,-0.523468,-0,-1.21594,-29.6921,-8.03719,0.602611,-0.101549,-50.3791,-37.7293,2.85629
[NH3+][C@@H](CC(=O)N1CCN(CCN2CCOCC2)C(=O)C1)Cc1cc(F)c(F)cc1F,"CHEMBL1779692",2739,Done,10.26,-8.53423,"glide_grid_1X70",-8.61733,-0.976711,-1.0828,-0,-1.79385,-31.9543,-23.3701,0.527974,-0.188713,-85.8067,-55.3243,20.3685
[NH3+][C@@H](CC(=O)N1CCN(CC[NH+]2CCOCC2)C(=O)C1)Cc1cc(F)c(F)cc1F,"CHEMBL1779692",2740,Done,6.11,-6.99309,"glide_grid_1X70",-8.28489,-1.16912,-0.610644,-0,-1.9544,-32.719,-21.2014,0.525737,-0.260298,-88.6341,-53.9204,12.8567
N[C@@H](CC(=O)N1CCN(CCN2CCOCC2)C(=O)C1)Cc1cc(F)c(F)cc1F,"CHEMBL1779692",2741,Done,9.31,-0.896525,"glide_grid_1X70",-3.35543,-0.346565,-0.326317,-0,-0.567684,-27.2611,-8.79479,0.757465,-0.190052,-43.6973,-36.0559,5.7051
[NH3+][C@@H](CC(=O)N1CCN(Cc2ccccc2)C(=O)C1)Cc1cc(F)c(F)cc1F,"CHEMBL1779693",2742,Done,6.63,-8.07828,"glide_grid_1X70",-8.08918,-1.00056,-1.13607,-0,-1.63956,-23.7421,-22.9753,0.49995,-0.179547,-79.954,-46.7174,9.24187
N[C@@H](CC(=O)N1CCN(Cc2ccccc2)C(=O)C1)Cc1cc(F)c(F)cc1F,"CHEMBL1779693",2743,Done,5.38,-3.07987,"glide_grid_1X70",-5.45487,-1.2454,-0.304,-0,-2.03235,-37.7153,-4.37225,0.717418,-0.0489328,-51.9681,-42.0876,9.18094
[NH3+][C@@H](CC(=O)N1CCN(Cc2ccc([N+](=O)[O-])cc2)C(=O)C1)Cc1cc(F)c(F)cc1F,"CHEMBL1779694",2744,Done,6.36,-9.80762,"glide_grid_1X70",-9.81852,-1.19968,-1.08079,-0,-2.05959,-34.0204,-25.4013,0.413384,-0.380625,-101.683,-59.4217,6.58365
N[C@@H](CC(=O)N1CCN(Cc2ccc([N+](=O)[O-])cc2)C(=O)C1)Cc1cc(F)c(F)cc1F,"CHEMBL1779694",2745,Done,6.34,-3.03033,"glide_grid_1X70",-5.40533,-1.14141,-0.305102,-0,-1.94392,-37.6551,-3.85211,0.592954,-0.147278,-51.0795,-41.5073,10.7379
[NH3+][C@@H](CC(=O)N1CCN(Cc2ccccc2[N+](=O)[O-])C(=O)C1)Cc1cc(F)c(F)cc1F,"CHEMBL1779695",2746,Done,7.25,-7.97874,"glide_grid_1X70",-7.98964,-1.6234,-0.565894,-0,-2.12923,-35.9404,-14.065,0.413384,-0.17773,-81.9418,-50.0054,9.56042
N[C@@H](CC(=O)N1CCN(Cc2ccccc2[N+](=O)[O-])C(=O)C1)Cc1cc(F)c(F)cc1F,"CHEMBL1779695",2747,Done,7.73,-2.85778,"glide_grid_1X70",-5.23278,-1.25382,-0.502023,-0,-1.37437,-29.9158,-7.26699,0.592954,-0.109687,-47.8168,-37.1828,6.02741
N#Cc1ccccc1CN1CCN(C(=O)C[C@H]([NH3+])Cc2cc(F)c(F)cc2F)CC1=O,"CHEMBL1779696",2748,Done,5.42,-8.53606,"glide_grid_1X70",-8.54696,-1.70859,-0.800654,-0,-2.31534,-37.1016,-14.2883,0.448805,-0.17286,-87.5392,-51.3899,7.32133
N#Cc1ccccc1CN1CCN(C(=O)C[C@H](N)Cc2cc(F)c(F)cc2F)CC1=O,"CHEMBL1779696",2749,Done,6.02,-3.71033,"glide_grid_1X70",-6.08533,-1.38323,-0.807032,-0,-1.5196,-32.4671,-8.98759,0.643872,-0.047845,-52.5345,-41.4547,10.9869
[NH3+][C@@H](CC(=O)N1CCN(Cc2ccccc2C(F)(F)F)C(=O)C1)Cc1cc(F)c(F)cc1F,"CHEMBL1779697",2750,Done,7.46,-7.72058,"glide_grid_1X70",-7.73148,-0.947766,-0.704046,-0,-1.79683,-36.6433,-17.836,0.377593,-0.152874,-87.3898,-54.4793,9.0402
N[C@@H](CC(=O)N1CCN(Cc2ccccc2C(F)(F)F)C(=O)C1)Cc1cc(F)c(F)cc1F,"CHEMBL1779697",2751,Done,7.45,-2.41002,"glide_grid_1X70",-4.78502,-1.41475,-0.297044,-0,-1.09265,-31.0827,-6.1141,0.541517,-0.0508393,-46.6462,-37.1968,5.14394
CCc1ccc(CN2CCN(C(=O)C[C@H]([NH3+])Cc3cc(F)c(F)cc3F)CC2=O)cc1,"CHEMBL1779698",2752,Done,7.46,-8.4603,"glide_grid_1X70",-8.4712,-0.897753,-0.882913,-0,-2.18207,-35.9311,-19.868,0.443123,-0.174834,-93.5334,-55.7991,6.52173
CCc1ccc(CN2CCN(C(=O)C[C@H](N)Cc3cc(F)c(F)cc3F)CC2=O)cc1,"CHEMBL1779698",2753,Done,7.29,-2.16627,"glide_grid_1X70",-4.54127,-1.14834,-0.276076,-0,-1.38179,-26.6655,-6.2896,0.635703,-0.0940535,-42.3156,-32.9551,4.17547
COc1ccc(CN2CCN(C(=O)C[C@H]([NH3+])Cc3cc(F)c(F)cc3F)CC2=O)cc1,"CHEMBL1779699",2754,Done,6.85,-8.41451,"glide_grid_1X70",-8.42541,-0.901824,-0.87348,-0,-2.20237,-35.8834,-19.457,0.439497,-0.174521,-93.3726,-55.3404,6.3263
COc1ccc(CN2CCN(C(=O)C[C@H](N)Cc3cc(F)c(F)cc3F)CC2=O)cc1,"CHEMBL1779699",2755,Done,7.57,-3.15114,"glide_grid_1X70",-5.52614,-1.10855,-0.576,-0,-1.3832,-29.0143,-10.1379,0.630491,-0.117482,-51.4126,-39.1522,4.99076
[NH3+][C@@H](CC(=O)N1CCN(Cc2ccc(F)cc2)C(=O)C1)Cc1cc(F)c(F)cc1F,"CHEMBL1779700",2756,Done,5.73,-9.60679,"glide_grid_1X70",-9.61769,-1.06397,-0.972121,-0,-2.14714,-33.2866,-26.3622,0.462333,-0.278127,-105.363,-59.6488,7.54145
N[C@@H](CC(=O)N1CCN(Cc2ccc(F)cc2)C(=O)C1)Cc1cc(F)c(F)cc1F,"CHEMBL1779700",2757,Done,5.79,-3.04542,"glide_grid_1X70",-5.42042,-1.33437,-0.576,-0,-1.35527,-27.8243,-9.20466,0.663324,-0.0461959,-44.7628,-37.0289,13.088
[NH3+][C@@H](CC(=O)N1CCN(Cc2cccc(Cl)c2)C(=O)C1)Cc1cc(F)c(F)cc1F,"CHEMBL1779702",2758,Done,5.61,-8.33717,"glide_grid_1X70",-8.34807,-1.48401,-0.878712,-0,-2.11878,-35.7941,-15.4343,0.431538,-0.193243,-86.5754,-51.2285,4.47995
N[C@@H](CC(=O)N1CCN(Cc2cccc(Cl)c2)C(=O)C1)Cc1cc(F)c(F)cc1F,"CHEMBL1779702",2759,Done,5.9,-2.89522,"glide_grid_1X70",-5.27022,-1.12372,-0.479782,-0,-1.11648,-31.9451,-10.3683,0.619049,-0.0167934,-53.5143,-42.3133,5.38932
[NH3+][C@@H](CC(=O)N1CCN(Cc2ccccc2Cl)C(=O)C1)Cc1cc(F)c(F)cc1F,"CHEMBL1779703",2760,Done,6.15,-9.62866,"glide_grid_1X70",-9.63956,-1.1823,-0.937662,-0,-2.24665,-35.3988,-24.8656,0.431538,-0.204698,-102.867,-60.2644,10.1271
N[C@@H](CC(=O)N1CCN(Cc2ccccc2Cl)C(=O)C1)Cc1cc(F)c(F)cc1F,"CHEMBL1779703",2761,Done,6.31,-3.42313,"glide_grid_1X70",-5.79813,-0.797262,-0.562567,-0,-1.65607,-36.8203,-10.1044,0.619049,-0.0446038,-56.4417,-46.9247,10.437
[NH3+][C@@H](CC(=O)N1CCNC(=O)[C@H]1CO)Cc1cc(F)c(F)cc1F,"CHEMBL1779705",2762,Done,14.38,-9.84631,"glide_grid_1X70",-9.85771,-1.02511,-1.16086,-0,-2.77013,-31.7527,-24.6904,0.554753,-0.165168,-96.7604,-56.4431,14.6702
N[C@@H](CC(=O)N1CCNC(=O)[C@H]1CO)Cc1cc(F)c(F)cc1F,"CHEMBL1779705",2763,Done,15.11,-3.9677,"glide_grid_1X70",-6.3141,-0.791147,-0.96,-0,-1.98367,-21.5918,-14.1991,0.796616,-0.166444,-49.4342,-35.7909,7.86162
COC[C@@H]1C(=O)NCCN1C(=O)C[C@H]([NH3+])Cc1cc(F)c(F)cc1F,"CHEMBL1779706",2764,Done,12.74,-9.64398,"glide_grid_1X70",-9.65568,-1.03326,-1.17597,-0,-2.63097,-29.946,-24.1601,0.516914,-0.211079,-98.8817,-54.1062,5.37825
COC[C@@H]1C(=O)NCCN1C(=O)C[C@H](N)Cc1cc(F)c(F)cc1F,"CHEMBL1779706",2765,Done,13.27,-3.43072,"glide_grid_1X70",-5.76352,-0.966232,-0.553699,-0,-1.85,-23.0785,-12.8871,0.742145,-0.0487499,-46.8346,-35.9656,8.02716
CCOC[C@@H]1C(=O)NCCN1C(=O)C[C@H]([NH3+])Cc1cc(F)c(F)cc1F,"CHEMBL1779707",2766,Done,13.62,-9.30053,"glide_grid_1X70",-9.31193,-0.917457,-1.16939,-0,-2.18679,-30.1017,-26.2789,0.579403,-0.170771,-98.3268,-56.3806,6.62759
CCOC[C@@H]1C(=O)NCCN1C(=O)C[C@H](N)Cc1cc(F)c(F)cc1F,"CHEMBL1779707",2767,Done,13.66,-3.79557,"glide_grid_1X70",-6.14197,-0.790595,-0.576,-0,-2.02831,-34.2827,-11.9833,0.83172,-0.0671551,-57.8977,-46.266,13.5659
[NH3+][C@@H](CC(=O)N1CCNC(=O)[C@H]1COC1CCCC1)Cc1cc(F)c(F)cc1F,"CHEMBL1779708",2768,Done,19.74,-9.90629,"glide_grid_1X70",-9.91769,-1.39946,-1.15186,-0,-2.3997,-38.9404,-22.4178,0.56307,-0.220037,-90.6662,-61.3582,34.3946
N[C@@H](CC(=O)N1CCNC(=O)[C@H]1COC1CCCC1)Cc1cc(F)c(F)cc1F,"CHEMBL1779708",2769,Done,22.22,-2.62423,"glide_grid_1X70",-4.97133,-1.28126,-0.871081,-0,-1.03919,-11.6292,-12.6252,0.807929,-0.112495,-29.608,-24.2544,16.0348
CC(C)OC[C@@H]1C(=O)NCCN1C(=O)C[C@H]([NH3+])Cc1cc(F)c(F)cc1F,"CHEMBL1779709",2770,Done,13.48,-8.57634,"glide_grid_1X70",-8.58774,-1.2049,-0.842655,-0,-2.35007,-34.6932,-18.7719,0.542439,-0.1821,-89.3959,-53.4651,13.5258
CC(C)OC[C@@H]1C(=O)NCCN1C(=O)C[C@H](N)Cc1cc(F)c(F)cc1F,"CHEMBL1779709",2771,Done,12.74,-3.02127,"glide_grid_1X70",-5.36767,-0.759065,-0.591417,-0,-1.71111,-22.9784,-11.9331,0.778536,-0.14573,-45.4787,-34.9115,5.38359
CC(C)(C)OC[C@@H]1C(=O)NCCN1C(=O)C[C@H]([NH3+])Cc1cc(F)c(F)cc1F,"CHEMBL1779710",2772,Done,14.29,-9.45276,"glide_grid_1X70",-9.46416,-0.942256,-1.17537,-0,-2.26644,-32.6764,-25.2767,0.508917,-0.163679,-99.4373,-57.9532,11.3838
CC(C)(C)OC[C@@H]1C(=O)NCCN1C(=O)C[C@H](N)Cc1cc(F)c(F)cc1F,"CHEMBL1779710",2773,Done,13.76,-5.07339,"glide_grid_1X70",-7.41979,-1.13259,-1.09355,-0,-1.93964,-32.3774,-15.3369,0.730315,-0.0649146,-64.4405,-47.7143,12.1027
CC[N@H+](C)C[C@@H]1C(=O)NCCN1C(=O)C[C@H]([NH3+])Cc1cc(F)c(F)cc1F,"CHEMBL1779711",2774,Done,12.24,-9.97469,"glide_grid_1X70",-10.1494,-1.20295,-0.82924,-0,-2.75472,-32.9658,-30.0588,0.542381,-0.256575,-108.472,-63.0246,20.1514
CCN(C)C[C@@H]1C(=O)NCCN1C(=O)C[C@H]([NH3+])Cc1cc(F)c(F)cc1F,"CHEMBL1779711",2775,Done,19.15,-9.07678,"glide_grid_1X70",-9.93998,-1.1411,-1.17747,-0,-2.45074,-32.7895,-26.0623,0.544917,-0.166765,-101.894,-58.8518,10.3462
CC[N@H+](C)C[C@@H]1C(=O)NCCN1C(=O)C[C@H](N)Cc1cc(F)c(F)cc1F,"CHEMBL1779711",2776,Done,13.19,-3.78499,"glide_grid_1X70",-6.17239,-0.972919,-0.584432,-0,-1.58748,-22.2267,-17.5051,0.778453,-0.0689159,-57.3157,-39.7318,3.2783
CC[NH+](CC)C[C@@H]1C(=O)NCCN1C(=O)C[C@H]([NH3+])Cc1cc(F)c(F)cc1F,"CHEMBL1779712",2777,Done,12.78,-9.85422,"glide_grid_1X70",-10.0289,-1.27735,-0.783112,-0,-2.53988,-34.4948,-26.5087,0.508864,-0.236393,-106.246,-61.0035,21.4951
CCN(CC)C[C@@H]1C(=O)NCCN1C(=O)C[C@H]([NH3+])Cc1cc(F)c(F)cc1F,"CHEMBL1779712",2778,Done,20.13,-9.15326,"glide_grid_1X70",-10.0165,-1.28279,-1.17453,-0,-2.45739,-32.3479,-25.3051,0.511167,-0.199767,-97.1487,-57.653,19.7901
CC[NH+](CC)C[C@@H]1C(=O)NCCN1C(=O)C[C@H](N)Cc1cc(F)c(F)cc1F,"CHEMBL1779712",2779,Done,12.82,-5.12545,"glide_grid_1X70",-7.51285,-1.35575,-0.535318,-0,-1.98081,-36.7251,-16.0123,0.730239,-0.133103,-71.8288,-52.7374,14.5805
[NH3+][C@@H](CC(=O)N1CCNC(=O)[C@H]1CN1CCOCC1)Cc1cc(F)c(F)cc1F,"CHEMBL1779713",2780,Done,11.55,-10.0984,"glide_grid_1X70",-10.1176,-1.32336,-1.06024,-0,-2.38203,-33.0553,-27.5008,0.48056,-0.17976,-107.196,-60.5561,8.08711
N[C@@H](CC(=O)N1CCNC(=O)[C@H]1CN1CCOCC1)Cc1cc(F)c(F)cc1F,"CHEMBL1779713",2781,Done,11.26,-3.15179,"glide_grid_1X70",-5.49949,-1.36732,-0.576,-0,-1.68061,-32.3734,-5.87866,0.689533,-0.0646177,-49.0178,-38.2521,10.7836
[NH3+][C@@H](CC(=O)N1CCNC(=O)[C@H]1C[NH+]1CCOCC1)Cc1cc(F)c(F)cc1F,"CHEMBL1779713",2782,Done,10.03,-6.66151,"glide_grid_1X70",-9.24211,-1.18756,-0.83172,-0,-2.32001,-33.2952,-23.4589,0.478462,-0.197688,-95.9909,-56.7541,18.52
CC(C)(C)SC[C@@H]1C(=O)NCCN1C(=O)C[C@H]([NH3+])Cc1cc(F)c(F)cc1F,"CHEMBL1779714",2783,Done,14.08,-10.1965,"glide_grid_1X70",-10.208,-1.47547,-1.02136,-0,-2.43489,-31.9302,-26.2283,0.474215,-0.219749,-105.712,-58.1585,6.56355
CC(C)(C)SC[C@@H]1C(=O)NCCN1C(=O)C[C@H](N)Cc1cc(F)c(F)cc1F,"CHEMBL1779714",2784,Done,14.1,-3.00449,"glide_grid_1X70",-5.34339,-0.978228,-0.295939,-0,-1.74404,-36.1268,-7.41348,0.680408,-0.0872326,-53.5504,-43.5403,11.4528
C[C@@H](O)[C@H]([NH3+])C(=O)N1CCC[C@H]1B(O)O,"CHEMBL1790478",2785,Done,3.65,-6.0518,"glide_grid_1X70",-6.2607,-0.196539,-0.634307,-0,-2.54983,-17.0371,-18.6467,0.996861,-0.22802,-54.2861,-35.6839,11.1695
C[C@@H](O)[C@H](N)C(=O)N1CCC[C@H]1B(O)O,"CHEMBL1790478",2786,Done,2.8,-3.20876,"glide_grid_1X70",-3.92786,-0.0194534,-0.509537,-0,-1.92837,-14.4758,-14.1313,1.43529,-0.0623073,-36.8385,-28.6071,1.04939
CC[C@H](C)[C@H]([NH3+])C(=O)N1CCC[C@H]1B(O)O,"CHEMBL1790483",2787,Done,3.36,-5.86411,"glide_grid_1X70",-6.09221,-0.34953,-0.704,-0,-2.07176,-13.4227,-22.7072,1.29975,-0.189454,-56.6366,-36.1299,5.22022
CC[C@H](C)[C@H](N)C(=O)N1CCC[C@H]1B(O)O,"CHEMBL1790483",2788,Done,2.64,-2.94775,"glide_grid_1X70",-3.62365,-0.56716,-0.343676,-0,-2.07841,-19.8691,-5.28403,1.3095,-0.157842,-30.7498,-25.1531,3.50208
CC(C)Cc1nc2ccc(OCC(N)=O)cc2c(-c2ccc(F)cc2)c1C[NH3+],"CHEMBL1808463",2789,Done,12.24,-8.38409,"glide_grid_1X70",-8.56769,-1.12452,-0.807154,-0,-2.18707,-35.4988,-19.3625,0.371787,-0.141419,-96.1292,-54.8613,1.55009
CC(C)Cc1nc2ccc(OCC(N)=O)cc2c(-c2ccc(F)cc2)c1CN,"CHEMBL1808463",2790,Done,11.22,-5.05645,"glide_grid_1X70",-5.84285,-1.04004,-0.539159,-0,-1.50963,-35.7786,-9.68301,0.533643,-0.0462885,-62.3035,-45.4616,1.6168
Cc1ccc(-c2c(C[NH3+])c(CC(C)C)nc3ccc(OCC(N)=O)cc23)cc1,"CHEMBL1808464",2791,Done,7.64,-7.97329,"glide_grid_1X70",-8.14529,-1.266,-0.56,-0,-1.56614,-34.8588,-21.6062,0.378793,-0.148068,-93.5073,-56.465,4.25273
Cc1ccc(-c2c(CN)c(CC(C)C)nc3ccc(OCC(N)=O)cc23)cc1,"CHEMBL1808464",2792,Done,8.01,-4.63231,"glide_grid_1X70",-5.46391,-1.45152,-0.516371,-0,-1.08301,-38.6425,-6.60504,0.543724,-0.0338514,-60.2478,-45.2476,2.52279
Cc1ccc(-c2c(C[NH3+])c(CC(C)C)nc3ccc(/C=C/C(N)=O)cc23)cc1,"CHEMBL1808468",2793,Done,4.45,-5.64537,"glide_grid_1X70",-5.82667,-0.753808,-0.544802,-0,-1.46623,-26.4833,-13.4914,0.386046,-0.1,-63.3962,-39.9747,1.37682
Cc1ccc(-c2c(CN)c(CC(C)C)nc3ccc(/C=C/C(N)=O)cc23)cc1,"CHEMBL1808468",2794,Done,4.12,-2.95173,"glide_grid_1X70",-3.74843,-0.800344,-0.299171,-0,-1.1709,-28.8014,-3.94739,0.55416,0,-40.7276,-32.7488,2.6901
Cc1ccc(-c2c(C[NH3+])c(CC(C)C)nc3ccc(N4CCNC(=O)C4)cc23)cc1,"CHEMBL1808473",2795,Done,7.78,-6.57893,"glide_grid_1X70",-6.73803,-0.950213,-0.528154,-0,-1.39902,-31.8762,-16.1336,0.253201,-0.100001,-75.6996,-48.0098,2.34922
Cc1ccc(-c2c(CN)c(CC(C)C)nc3ccc(N4CCNC(=O)C4)cc23)cc1,"CHEMBL1808473",2796,Done,7.68,-4.58778,"glide_grid_1X70",-5.49418,-1.47801,-0.414366,-0,-1.21731,-41.6392,-4.22736,0.363349,-0.0317869,-58.1834,-45.8666,5.22785
Cc1ccc(-c2c(CN)c(CC(C)C)[nH+]c3ccc(N4CCNC(=O)C4)cc23)cc1,"CHEMBL1808473",2797,Done,7.56,-2.52409,"glide_grid_1X70",-4.87609,-1.0221,-0.356756,-0,-0.881646,-31.0086,-9.21135,0.361715,-0.045166,-56.2674,-40.2199,2.45648
Cc1ccc(-c2c(C[NH3+])c(CC(C)C)nc3ccc(N4CCNC(=O)C4=O)cc23)cc1,"CHEMBL1808474",2798,Done,5.4,-6.82579,"glide_grid_1X70",-7.01059,-0.911342,-0.889856,-0,-1.27736,-28.5681,-17.5936,0.238108,-0.102694,-74.9415,-46.1618,3.64931
CC(C)Cn1c(C[NH3+])c(-c2ccccc2)c2cc(OCC(N)=O)ccc2c1=O,"CHEMBL1808475",2800,Done,10.2,-7.40144,"glide_grid_1X70",-7.61484,-1.26114,-0.4869,-0,-1.32705,-38.327,-18.853,0.375282,-0.170736,-90.561,-57.18,5.95501
CC(C)Cn1c(CN)c(-c2ccccc2)c2cc(OCC(N)=O)ccc2c1=O,"CHEMBL1808475",2801,Done,9.06,-4.41758,"glide_grid_1X70",-5.12598,-1.0192,-0.541427,-0,-0.834172,-34.5883,-9.65056,0.538671,-0.092859,-57.1606,-44.2389,4.35887
CC(C)Cc1nc2ccc(OCC(N)=O)cc2c(-c2ccccc2)c1C[NH3+],"CHEMBL1809262",2802,Done,13.37,-7.46532,"glide_grid_1X70",-7.64832,-1.26585,-0.48197,-0,-1.50154,-36.9897,-18.9118,0.405251,-0.117955,-89.3105,-55.9015,4.28007
CC(C)Cc1nc2ccc(OCC(N)=O)cc2c(-c2ccccc2)c1CN,"CHEMBL1809262",2803,Done,10.32,-4.46109,"glide_grid_1X70",-5.25219,-1.03778,-0.749781,-0,-1.20738,-35.7924,-6.77501,0.581798,-0.0331668,-57.4176,-42.5675,1.18506
CC(C)Cc1nc2ccc(OCC(N)=O)cc2c(-c2cccc(F)c2)c1C[NH3+],"CHEMBL1809263",2804,Done,12.45,-8.39299,"glide_grid_1X70",-8.57439,-1.1984,-0.683275,-0,-2.1432,-33.7434,-20.6419,0.371787,-0.137851,-93.444,-54.3853,4.92028
CC(C)Cc1nc2ccc(OCC(N)=O)cc2c(-c2cccc(F)c2)c1CN,"CHEMBL1809263",2805,Done,11.22,-4.87158,"glide_grid_1X70",-5.66608,-0.627087,-1.0342,-0,-1.12652,-28.2928,-12.6484,0.533643,-0.1,-53.2922,-40.9413,10.1811
Cc1cccc(-c2c(C[NH3+])c(CC(C)C)nc3ccc(OCC(N)=O)cc23)c1,"CHEMBL1809264",2806,Done,10.52,-7.42408,"glide_grid_1X70",-7.59798,-1.13744,-0.477758,-0,-1.70118,-38.0743,-17.6039,0.378793,-0.116086,-90.8923,-55.6782,1.88909
Cc1cccc(-c2c(CN)c(CC(C)C)nc3ccc(OCC(N)=O)cc23)c1,"CHEMBL1809264",2807,Done,11.23,-4.50386,"glide_grid_1X70",-5.32686,-1.04494,-0.46342,-0,-1.18467,-33.2462,-9.78629,0.543724,-0.0473001,-56.1548,-43.0325,5.68481
Cn1c(C[NH3+])c(-c2ccccc2)c2cc(Cl)ccc2c1=O,"CHEMBL1812728",2808,Done,1.8,-7.1603,"glide_grid_1X70",-7.4048,-1.04331,-0.549934,-0,-2.20403,-29.3362,-14.2538,0.143105,-0.145751,-70.7421,-43.59,1.02303
Cn1c(CN)c(-c2ccccc2)c2cc(Cl)ccc2c1=O,"CHEMBL1812728",2809,Done,1.62,-4.31349,"glide_grid_1X70",-4.95589,-1.0703,-0.408274,-0,-1.68395,-29.6844,-3.14148,0.205644,-0.0435742,-42.9053,-32.8259,1.26042
Cn1c(CC[NH3+])c(-c2ccccc2)c2cc(Cl)ccc2c1=O,"CHEMBL1812729",2810,Done,1.83,-6.80085,"glide_grid_1X70",-6.81965,-1.15697,-0.37651,-0,-2.12492,-27.6127,-12.7699,0.264149,-0.129264,-63.7223,-40.3827,3.80124
Cn1c(CCN)c(-c2ccccc2)c2cc(Cl)ccc2c1=O,"CHEMBL1812729",2811,Done,2.18,-2.4777,"glide_grid_1X70",-4.5313,-1.11248,-0.299089,-0,-1.57609,-29.1293,-2.89645,0.379495,-0.0322041,-41.1494,-32.0258,1.66813
CCn1c(C[NH3+])c(-c2ccccc2)c2cc(Cl)ccc2c1=O,"CHEMBL1812733",2812,Done,2.29,-7.06203,"glide_grid_1X70",-7.30493,-1.0473,-0.570745,-0,-2.11257,-31.364,-13.2958,0.132074,-0.143815,-73.4233,-44.6599,0.851926
CCn1c(CN)c(-c2ccccc2)c2cc(Cl)ccc2c1=O,"CHEMBL1812733",2813,Done,2.34,-4.28838,"glide_grid_1X70",-4.93398,-1.09342,-0.394303,-0,-1.59357,-31.2502,-2.90798,0.189748,-0.043725,-44.9018,-34.1582,0.634802
CCCn1c(C[NH3+])c(-c2ccccc2)c2cc(Cl)ccc2c1=O,"CHEMBL1812734",2814,Done,2.75,-6.96589,"glide_grid_1X70",-7.20879,-1.05937,-0.560671,-0,-2.01364,-32.8104,-13.5616,0.244557,-0.144906,-75.3813,-46.372,0.823183
CCCn1c(CN)c(-c2ccccc2)c2cc(Cl)ccc2c1=O,"CHEMBL1812734",2815,Done,2.38,-3.1814,"glide_grid_1X70",-3.827,-0.607689,-0.4089,-0,-1.34276,-28.0929,-2.6123,0.351272,-0.0224317,-36.7235,-30.7052,3.14555
CCCCn1c(C[NH3+])c(-c2ccccc2)c2cc(Cl)ccc2c1=O,"CHEMBL1812735",2816,Done,3.61,-6.8682,"glide_grid_1X70",-7.1102,-1.05105,-0.570796,-0,-1.92191,-35.1186,-13.3805,0.340616,-0.14405,-77.2941,-48.4991,1.88713
CCCCn1c(CN)c(-c2ccccc2)c2cc(Cl)ccc2c1=O,"CHEMBL1812735",2817,Done,3.96,-3.87645,"glide_grid_1X70",-4.52385,-1.16661,-0.304,-0,-1.42427,-31.5204,-3.43774,0.48915,-0.026433,-44.8323,-34.9581,2.6019
CC(C)Cn1c(C[NH3+])c(-c2ccccc2)c2cc(Cl)ccc2c1=O,"CHEMBL1812736",2818,Done,2.73,-7.35536,"glide_grid_1X70",-7.59936,-1.29517,-0.502865,-0,-1.9508,-33.0113,-15.161,0.227078,-0.152885,-79.397,-48.1723,0.676249
CC(C)Cn1c(CN)c(-c2ccccc2)c2cc(Cl)ccc2c1=O,"CHEMBL1812736",2819,Done,2.4,-3.83308,"glide_grid_1X70",-4.47648,-1.03509,-0.304,-0,-1.34688,-31.5122,-3.44159,0.3261,-0.0247589,-44.6958,-34.9538,1.5352
CCCCCn1c(C[NH3+])c(-c2ccccc2)c2cc(Cl)ccc2c1=O,"CHEMBL1812737",2820,Done,6.45,-7.23822,"glide_grid_1X70",-7.48012,-1.4149,-0.481419,-0,-1.81601,-34.8101,-15.337,0.422832,-0.149563,-81.6195,-50.1471,1.61884
CCCCCn1c(CN)c(-c2ccccc2)c2cc(Cl)ccc2c1=O,"CHEMBL1812737",2821,Done,5.75,-3.97546,"glide_grid_1X70",-4.62306,-1.21306,-0.4073,-0,-1.30373,-36.0875,-3.05772,0.607104,-0.043041,-49.3418,-39.1452,2.48887
CC(C)(C)Cn1c(C[NH3+])c(-c2ccccc2)c2cc(Cl)ccc2c1=O,"CHEMBL1812738",2822,Done,2.8,-7.11903,"glide_grid_1X70",-7.35553,-1.12586,-0.506494,-0,-1.79349,-33.4933,-15.4411,0.211416,-0.150278,-79.6296,-48.9344,0.890829
CC(C)(C)Cn1c(CN)c(-c2ccccc2)c2cc(Cl)ccc2c1=O,"CHEMBL1812738",2823,Done,2.63,-3.87025,"glide_grid_1X70",-4.52865,-1.1303,-0.304,-0,-1.25327,-30.9715,-3.80591,0.303552,-0.0251684,-43.6628,-34.7774,4.22679
CC(C)Cn1c(C[NH3+])c(-c2ccccc2)c2cc(C(=O)[O-])ccc2c1=O,"CHEMBL1812900",2824,Done,2.88,-6.42327,"glide_grid_1X70",-6.63387,-0.965508,-0.468949,-0,-1.85113,-32.478,-11.9506,0.217324,-0.14913,-70.5716,-44.4285,1.09264
CC(C)Cn1c(CN)c(-c2ccccc2)c2cc(C(=O)[O-])ccc2c1=O,"CHEMBL1812900",2825,Done,2.87,-3.39243,"glide_grid_1X70",-4.10743,-1.0092,-0.304,-0,-1.28704,-31.567,-1.10403,0.312057,-0.0753005,-40.0322,-32.671,3.70255
CC(C)Cn1c(C[NH3+])c(-c2ccccc2)c2cc(C(N)=O)ccc2c1=O,"CHEMBL1812901",2826,Done,3.52,-7.65838,"glide_grid_1X70",-7.89988,-1.08782,-0.726481,-0,-1.85928,-33.866,-17.0118,0.217298,-0.198535,-82.9778,-50.8778,2.776
CC(C)Cn1c(CN)c(-c2ccccc2)c2cc(C(N)=O)ccc2c1=O,"CHEMBL1812901",2827,Done,3.76,-4.40932,"glide_grid_1X70",-5.05772,-1.05016,-0.420376,-0,-1.33428,-32.3807,-5.79939,0.31202,-0.075992,-49.9193,-38.1801,2.33782
CC(C)Cn1c(C[NH3+])c(-c2ccccc2)c2cc(C#N)ccc2c1=O,"CHEMBL1812902",2828,Done,2.83,-7.46908,"glide_grid_1X70",-7.74648,-1.3019,-0.501394,-0,-2.00668,-34.2216,-15.2827,0.238618,-0.17164,-81.7458,-49.5043,0.610176
CC(C)Cn1c(CN)c(-c2ccccc2)c2cc(C#N)ccc2c1=O,"CHEMBL1812902",2829,Done,2.44,-4.09111,"glide_grid_1X70",-4.67411,-1.0819,-0.304,-0,-1.41203,-32.9843,-3.48663,0.342719,-0.0466882,-47.1796,-36.4709,1.03685
CC(C)Cn1c(C[NH3+])c(-c2ccccc2)c2ccc(C(N)=O)cc2c1=O,"CHEMBL1812903",2830,Done,3.65,-7.34531,"glide_grid_1X70",-7.58581,-1.23043,-0.457658,-0,-1.89123,-33.8439,-15.8209,0.217298,-0.158447,-81.7875,-49.6649,0.889385
CC(C)Cn1c(CN)c(-c2ccccc2)c2ccc(C(N)=O)cc2c1=O,"CHEMBL1812903",2831,Done,3.56,-4.2082,"glide_grid_1X70",-4.8586,-1.28403,-0.296848,-0,-1.28842,-32.4129,-4.35921,0.31202,-0.0267899,-49.4514,-36.7722,1.63765
CNC(=O)c1ccc2c(=O)n(CC(C)C)c(C[NH3+])c(-c3ccccc3)c2c1,"CHEMBL1812904",2832,Done,4.93,-6.70217,"glide_grid_1X70",-6.94367,-0.831005,-0.582197,-0,-1.74221,-36.5688,-13.7258,0.303938,-0.204892,-79.3352,-50.2946,1.3346
CNC(=O)c1ccc2c(=O)n(CC(C)C)c(CN)c(-c3ccccc3)c2c1,"CHEMBL1812904",2833,Done,4.28,-4.24845,"glide_grid_1X70",-4.89685,-1.08657,-0.412947,-0,-1.23989,-36.707,-4.39967,0.436349,-0.098488,-51.8628,-41.1067,3.60723
CC(C)Cn1c(C[NH3+])c(-c2ccccc2)c2cc(C(=O)N(C)C)ccc2c1=O,"CHEMBL1812905",2834,Done,5.11,-6.97392,"glide_grid_1X70",-7.21102,-1.05731,-0.559573,-0,-1.66552,-39.508,-13.6164,0.284095,-0.194854,-83.9392,-53.1244,1.69088
CC(C)Cn1c(CN)c(-c2ccccc2)c2cc(C(=O)N(C)C)ccc2c1=O,"CHEMBL1812905",2835,Done,4.62,-4.10906,"glide_grid_1X70",-4.76626,-1.07352,-0.389998,-0,-1.14528,-39.2867,-3.37482,0.407793,-0.094703,-53.8127,-42.6616,3.011
CC(C)Cn1c([O-])c2ccc(=O)cc-2c(-c2ccccc2)c1C[NH3+],"CHEMBL1812906",2836,Done,2.49,-6.21856,"glide_grid_1X70",-6.41076,-0.903387,-0.528998,-0,-2.24543,-28.2159,-9.73122,0.251868,-0.114333,-58.3174,-37.9471,1.16101
CC(C)Cn1c([O-])c2ccc(=O)cc-2c(-c2ccccc2)c1CN,"CHEMBL1812906",2837,Done,2.53,-3.26621,"glide_grid_1X70",-4.27081,-1.2789,-0.323737,-0,-1.51922,-34.0762,1.50651,0.361803,-0.0329244,-39.9358,-32.5697,1.77573
CC(C)Cn1c(C[NH3+])c(-c2ccccc2)c2cc(O)ccc2c1=O,"CHEMBL1812906",2838,Done,3.15,-6.65524,"glide_grid_1X70",-8.29824,-1.26299,-0.889697,-0,-2.06403,-34.0274,-16.5834,0.250485,-0.143136,-86.3832,-50.6108,0.689322
CC(C)Cn1c(CN)c(-c2ccccc2)c2cc(O)ccc2c1=O,"CHEMBL1812906",2839,Done,3.03,-3.74594,"glide_grid_1X70",-5.80354,-1.26692,-0.569439,-0,-1.48931,-30.3497,-8.64114,0.359812,-0.0240188,-53.7702,-38.9909,1.26137
COc1ccc2c(=O)n(CC(C)C)c(C[NH3+])c(-c3ccccc3)c2c1,"CHEMBL1812907",2840,Done,3.63,-6.99818,"glide_grid_1X70",-7.20598,-0.966387,-0.568984,-0,-1.93236,-33.6591,-14.2818,0.232375,-0.145406,-77.567,-47.9408,1.22044
COc1ccc2c(=O)n(CC(C)C)c(CN)c(-c3ccccc3)c2c1,"CHEMBL1812907",2841,Done,3.15,-3.89094,"glide_grid_1X70",-4.61254,-1.1172,-0.261096,-0,-1.42781,-34.852,-2.44621,0.333728,-0.0306265,-47.9698,-37.2982,1.05531
CC(C)Cn1c(C[NH3+])c(-c2ccccc2)c2ccc(OCC(N)=O)cc2c1=O,"CHEMBL1812909",2842,Done,5.79,-5.02145,"glide_grid_1X70",-5.20575,-0.253472,-0.444705,-0,-1.40651,-25.5537,-13.9079,0.375282,-0.112465,-58.0636,-39.4616,11.2844
CC(C)Cn1c(CN)c(-c2ccccc2)c2ccc(OCC(N)=O)cc2c1=O,"CHEMBL1812909",2843,Done,6.69,-3.40035,"glide_grid_1X70",-4.18185,-0.656196,-0.312103,-0,-1.00098,-34.1543,-6.87782,0.538671,-0.0118599,-49.1104,-41.0321,7.43917
CC(C)Cn1c(C[NH3+])c(-c2ccccc2)c2cc(/C=C/C(N)=O)ccc2c1=O,"CHEMBL1812910",2844,Done,3.8,-5.88981,"glide_grid_1X70",-6.11691,-0.595571,-0.479634,-0,-1.5422,-29.5859,-15.1559,0.382433,-0.129252,-67.748,-44.7418,3.76629
CC(C)Cn1c(CN)c(-c2ccccc2)c2cc(/C=C/C(N)=O)ccc2c1=O,"CHEMBL1812910",2845,Done,3.27,-3.23299,"glide_grid_1X70",-3.91099,-0.809374,-0.340367,-0,-1.06655,-24.7991,-6.53664,0.548961,-0.023213,-39.9816,-31.3357,2.18489
CC(C)Cn1c(C[NH3+])c(-c2ccccc2)c2cc(CCC(N)=O)ccc2c1=O,"CHEMBL1812911",2846,Done,4.9,-7.65605,"glide_grid_1X70",-7.85555,-1.11071,-0.651805,-0,-1.66977,-38.137,-18.1417,0.378793,-0.173959,-93.1071,-56.2787,2.60839
CC(C)Cn1c(CN)c(-c2ccccc2)c2cc(CCC(N)=O)ccc2c1=O,"CHEMBL1812911",2847,Done,5,-4.17624,"glide_grid_1X70",-4.91814,-0.906244,-0.74805,-0,-1.16034,-33.3837,-6.52028,0.543724,0,-49.0856,-39.9039,6.40948
O=C([C@@H]1C[C@H](NCc2ccnc3ccccc23)CN1)N1Cc2ccccc2C1,"CHEMBL1814760",2848,Done,7.04,-4.51512,"glide_grid_1X70",-4.74722,-1.4213,-0.272409,-0,-1.59666,-24.2232,-5.73095,0.696122,-0.082172,-41.9879,-29.9542,3.33802
O=C([C@@H]1C[C@H]([NH2+]Cc2ccnc3ccccc23)CN1)N1Cc2ccccc2C1,"CHEMBL1814760",2849,Done,8.3,-5.93592,"glide_grid_1X70",-6.65642,-1.31347,-0.344838,-0,-1.86073,-30.3934,-13.3176,0.484936,-0.104995,-64.7216,-43.7111,8.00197
O=C([C@@H]1C[C@H](NCc2cc[nH+]c3ccccc23)CN1)N1Cc2ccccc2C1,"CHEMBL1814760",2850,Done,8.16,-2.79238,"glide_grid_1X70",-5.21058,-1.54324,-0.238998,-0,-1.65978,-22.293,-8.28985,0.692765,-0.103196,-43.7287,-30.5828,5.09459
O=C([C@@H]1C[C@H](NCc2ccnc3ccccc23)C[NH2+]1)N1Cc2ccccc2C1,"CHEMBL1814760",2851,Done,8.49,-4.09829,"glide_grid_1X70",-6.77609,-1.53259,-0.4,-0,-1.71638,-36.0899,-12.1173,0.692765,-0.197798,-74.121,-48.2072,4.13237
Cn1c(=O)c2c(cc(N3CCC[C@@H]([NH3+])C3)n2Cc2cc(F)ccc2C#N)n(C)c1=O,"CHEMBL1819089",2852,Done,2.31,-5.7666,"glide_grid_1X70",-5.7666,-0.436113,-0.462889,-0,-1.19582,-28.3015,-15.2765,0.244489,-0.209717,-62.949,-43.578,4.84507
Cn1c(=O)c2c(cc(N3CCC[C@@](C)([NH3+])C3)n2Cc2cc(F)ccc2C#N)n(C)c1=O,"CHEMBL1819090",2853,Done,2.3,-4.86853,"glide_grid_1X70",-4.86853,-0.0683022,-0.475345,-0,-0.999304,-30.246,-13.3306,0.328741,-0.142433,-60.0831,-43.5766,2.67833
CC[C@@]1([NH3+])CCCN(c2cc3c(c(=O)n(C)c(=O)n3C)n2Cc2cc(F)ccc2C#N)C1,"CHEMBL1819091",2854,Done,2.63,-4.81266,"glide_grid_1X70",-4.81266,-0.0378368,-0.56,-0,-0.859976,-29.3798,-13.4619,0.309975,-0.176541,-59.0272,-42.8417,3.53217
CC(C)Cn1c(C[NH3+])c(-c2ccccc2)c2cc(C(N)=O)ccc2c1=O,"CHEMBL1852708",2855,Done,3.53,-7.65838,"glide_grid_1X70",-7.89988,-1.08782,-0.726481,-0,-1.85928,-33.866,-17.0118,0.217298,-0.198535,-82.9778,-50.8778,2.776
CC(C)Cn1c(CN)c(-c2ccccc2)c2cc(C(N)=O)ccc2c1=O,"CHEMBL1852708",2856,Done,3.75,-4.40932,"glide_grid_1X70",-5.05772,-1.05016,-0.420376,-0,-1.33428,-32.3807,-5.79939,0.31202,-0.075992,-49.9193,-38.1801,2.33782
Nc1nc(-c2cc(F)cc(F)c2)nc(-c2ccc(Cl)cc2Cl)c1C[NH3+],"CHEMBL1909975",2857,Done,2.01,-6.76158,"glide_grid_1X70",-7.11068,-1.559,-0.31835,-0,-1.88434,-26.0073,-13.8012,0.1861,-0.164539,-69.2923,-39.8085,1.04677
NCc1c(N)nc(-c2cc(F)cc(F)c2)nc1-c1ccc(Cl)cc1Cl,"CHEMBL1909975",2858,Done,2.02,-4.53797,"glide_grid_1X70",-5.01727,-1.48012,-0.304,-0,-1.23922,-29.5668,-5.04537,0.267119,-0.0259051,-46.9052,-34.6122,1.24994
Cc1cc2ncc(C(=O)NCC(C)(C)[NH2+]CC(=O)N3CCC[C@H]3C#N)cn2n1,"CHEMBL1929387",2859,Done,5.36,-5.75538,"glide_grid_1X70",-6.08808,-0.974682,-0.533466,-0,-1.4215,-34.2836,-15.005,1.05234,-0.245836,-72.3737,-49.2887,7.95591
Cc1cc2ncc(C(=O)NCC(C)(C)NCC(=O)N3CCC[C@H]3C#N)cn2n1,"CHEMBL1929387",2860,Done,5.31,-2.1579,"glide_grid_1X70",-2.6584,-0.666719,-0.316651,-0,0.191473,-34.7754,-6.39394,1.05731,-0.225949,-36.0949,-41.1694,16.7376
Cc1cc2ncc(C(=O)NCC(C)(C)[NH2+]CC(=O)N3CCC[C@H]3C#N)c(C)n2n1,"CHEMBL1929388",2861,Done,5,-6.20266,"glide_grid_1X70",-6.53536,-0.952349,-0.5178,-0,-1.44851,-36.1193,-17.1067,0.986729,-0.231465,-77.3902,-53.2259,10.1956
Cc1cc2ncc(C(=O)NCC(C)(C)[NH2+]CC(=O)N3CCC[C@H]3C#N)c(C(F)(F)F)n2n1,"CHEMBL1929389",2863,Done,6.06,-5.58539,"glide_grid_1X70",-5.91809,-0.868048,-0.374851,-0,-1.19224,-35.4418,-14.5935,0.784127,-0.305964,-69.1867,-50.0353,10.4125
Cc1cc2ncc(C(=O)NCC(C)(C)[NH2+]CC(=O)N3CCC[C@H]3C#N)c([O-])n2n1,"CHEMBL1929390",2865,Done,5.54,-5.27737,"glide_grid_1X70",-5.69787,-0.680371,-0.709884,-0,-1.26767,-28.9878,-15.608,0.982444,-0.231804,-64.2206,-44.5958,8.91031
Cc1cc2[nH]cc(C(=O)NCC(C)(C)[NH2+]CC(=O)N3CCC[C@H]3C#N)c(=O)n2n1,"CHEMBL1929390",2867,Done,5.19,-4.69062,"glide_grid_1X70",-6.13862,-0.592135,-0.780264,-0,-1.20528,-30.2532,-18.5383,0.977997,-0.245525,-66.0561,-48.7916,11.2795
Cc1cc2[nH]cc(C(=O)NCC(C)(C)NCC(=O)N3CCC[C@H]3C#N)c(=O)n2n1,"CHEMBL1929390",2868,Done,7.06,-2.84537,"glide_grid_1X70",-4.43197,-0.640966,-0.533435,-0,-1.00167,-28.615,-10.5044,0.982444,-0.231934,-48.899,-39.1194,4.88322
Cc1c(C(=O)NCC(C)(C)[NH2+]CC(=O)N2CCC[C@H]2C#N)cnc2cc(C(C)(C)C)nn12,"CHEMBL1929391",2869,Done,5.57,-5.59576,"glide_grid_1X70",-5.92846,-0.926234,-0.403831,-0,-1.11128,-37.4663,-14.3973,0.823008,-0.277215,-74.2505,-51.8636,10.0318
Cc1c(C(=O)NCC(C)(C)[NH2+]CC(=O)N2CCC[C@H]2C#N)cnc2cc(-c3ccccc3)nn12,"CHEMBL1929392",2871,Done,6.08,-5.99556,"glide_grid_1X70",-6.32826,-0.846659,-0.4,-0,-1.53121,-37.7183,-15.2855,0.854112,-0.225762,-77.9605,-53.0038,4.9284
Cc1nc2cc(C(C)(C)C)nn2c(C)c1C(=O)NCC(C)(C)[NH2+]CC(=O)N1CCC[C@H]1C#N,"CHEMBL1929393",2873,Done,5.62,-5.26475,"glide_grid_1X70",-5.59745,-0.832781,-0.655753,-0,-0.877999,-28.7935,-15.8777,0.77744,-0.187031,-60.0906,-44.6712,14.7118
Cc1cc2nc(C)c(C(=O)NCC(C)(C)[NH2+]CC(=O)N3CCC[C@H]3C#N)c(C)n2n1,"CHEMBL1929395",2875,Done,5.29,-5.79132,"glide_grid_1X70",-6.12402,-1.4828,-0.4,-0,-1.42986,-37.4595,-11.1746,0.92709,-0.189279,-66.5332,-48.6341,14.6185
Cc1cc2ncc(C(=O)NCC(C)(C)[NH2+]CC(=O)N3CCC[C@H]3C#N)cn2n1,"CHEMBL1929396",2877,Done,5.36,-5.75538,"glide_grid_1X70",-6.08808,-0.974682,-0.533466,-0,-1.4215,-34.2836,-15.005,1.05234,-0.245836,-72.3737,-49.2887,7.95591
Cc1cc2ncc(C(=O)NCC(C)(C)NCC(=O)N3CCC[C@H]3C#N)cn2n1,"CHEMBL1929396",2878,Done,5.29,-2.1579,"glide_grid_1X70",-2.6584,-0.666719,-0.316651,-0,0.191473,-34.7754,-6.39394,1.05731,-0.225949,-36.0949,-41.1694,16.7376
Cn1cnc2c(C#N)c(N3CC[NH2+]CC3)n(Cc3ccccc3)c2c1=O,"CHEMBL1951417",2879,Done,2.13,-5.35862,"glide_grid_1X70",-5.38912,-0.38995,-0.56,-0,-1.46271,-25.9665,-13.0506,0.468069,-0.188624,-58.8798,-39.0171,0.378865
COc1cccc(C(=O)Cn2cnc3c(C#N)c(N4CC[NH2+]CC4)n(Cc4ccccc4)c3c2=O)c1,"CHEMBL1951418",2881,Done,5.1,-3.43903,"glide_grid_1X70",-3.46953,-0.215182,-0.289125,-0,-0.379579,-25.13,-11.3643,0.520969,-0.145473,-45.5209,-36.4942,5.2121
CC#CCn1c(N2CC[NH2+]CC2)c(C#N)c2ncn(CC(=O)c3cccc(OC)c3)c(=O)c21,"CHEMBL1951419",2883,Done,4.75,-4.60902,"glide_grid_1X70",-4.63572,-0.153877,-0.61123,-0,-0.901437,-24.0362,-13.4932,0.423432,-0.166821,-52.8294,-37.5294,7.70851
COc1cccc(C(=O)Cn2cnc3c(C#N)c(N4CC[NH2+]CC4)n(CC=C(C)C)c3c2=O)c1,"CHEMBL1951420",2885,Done,4.72,-4.12578,"glide_grid_1X70",-4.15628,-0.62204,-0.341027,-0,-0.506304,-26.4698,-11.9533,0.567197,-0.13762,-49.9451,-38.4231,10.3595
Cn1cnc2c(C#N)c(N3CCC[C@H]([NH3+])C3)n(Cc3ccccc3)c2c1=O,"CHEMBL1951421",2887,Done,2.26,-6.55577,"glide_grid_1X70",-6.55837,-1.16192,-0.49552,-0,-1.50391,-29.2678,-15.052,0.436384,-0.112215,-67.607,-44.3198,0.616404
COc1cccc(C(=O)Cn2cnc3c(C#N)c(N4CCC[C@@H]([NH3+])C4)n(Cc4ccccc4)c3c2=O)c1,"CHEMBL1951422",2888,Done,5.45,-5.41306,"glide_grid_1X70",-5.41566,-0.0471816,-0.873272,-0,-0.626903,-28.1959,-17.2062,0.346079,-0.223652,-67.3597,-45.4022,1.0607
COc1cccc(C(=O)Cn2cnc3c(C#N)c(N4CCC[C@H]([NH3+])C4)n(Cc4ccccc4)c3c2=O)c1,"CHEMBL1951423",2889,Done,5.59,-4.30908,"glide_grid_1X70",-4.31168,-0.0184911,-0.498096,-0,-0.569065,-27.7192,-13.605,0.346079,-0.145403,-58.387,-41.3241,1.36785
N#Cc1c(N2CCC[C@H]([NH3+])C2)n(Cc2ccccc2)c2c(=O)n(Cc3ccnc4ccccc34)cnc12,"CHEMBL1951424",2890,Done,4.47,-5.11173,"glide_grid_1X70",-5.12973,-0.379224,-0.658693,-0,-0.698742,-31.8307,-12.8117,0.29597,-0.175748,-62.3319,-44.6424,5.37743
N#Cc1c(N2CCC[C@H]([NH3+])C2)n(Cc2ccccc2)c2c(=O)n(Cc3cc[nH+]c4ccccc34)cnc12,"CHEMBL1951424",2891,Done,5.2,-3.67981,"glide_grid_1X70",-5.75751,-0.395004,-0.643965,-0,-0.691262,-31.7096,-17.0592,0.29486,-0.177783,-70.2784,-48.7687,6.83356
CC#CCn1c(N2CCC[C@@H]([NH3+])C2)c(C#N)c2ncn(CC(=O)c3cccc(OC)c3)c(=O)c21,"CHEMBL1951425",2892,Done,5.08,-5.17648,"glide_grid_1X70",-5.17898,-0.125662,-0.60023,-0,-0.811331,-32.7596,-14.6348,0.400216,-0.208767,-64.4448,-47.3945,7.87653
CC#CCn1c(N2CCC[C@H]([NH3+])C2)c(C#N)c2ncn(CC(=O)c3cccc(OC)c3)c(=O)c21,"CHEMBL1951426",2893,Done,5.21,-5.23669,"glide_grid_1X70",-5.23919,-0.236423,-0.652776,-0,-0.898408,-30.6437,-14.157,0.400216,-0.196067,-63.157,-44.8007,6.44601
CC#CCn1c(N2CCC[C@H]([NH3+])C2)c(C#N)c2ncn(Cc3ccnc4ccccc34)c(=O)c21,"CHEMBL1951427",2894,Done,3.6,-5.14157,"glide_grid_1X70",-5.15957,-0.291396,-0.64237,-0,-0.9832,-29.3521,-12.9999,0.342949,-0.167965,-59.772,-42.352,5.08332
CC#CCn1c(N2CCC[C@H]([NH3+])C2)c(C#N)c2ncn(Cc3cc[nH+]c4ccccc34)c(=O)c21,"CHEMBL1951427",2895,Done,3.84,-3.95689,"glide_grid_1X70",-6.03459,-0.280473,-0.604969,-0,-1.08443,-30.5388,-18.1111,0.341564,-0.162673,-71.0405,-48.6499,6.40625
CC#CCn1c(N2CCC[C@H]([NH3+])C2)c(C#N)c2ncn(Cc3nccc4ccccc34)c(=O)c21,"CHEMBL1951428",2896,Done,4.62,-5.99907,"glide_grid_1X70",-6.05907,-0.351669,-0.824686,-0,-1.04078,-34.0821,-15.4984,0.342949,-0.156017,-71.0414,-49.5805,6.31589
CC#CCn1c(N2CCC[C@H]([NH3+])C2)c(C#N)c2ncn(Cc3[nH+]ccc4ccccc34)c(=O)c21,"CHEMBL1951428",2897,Done,3.86,-4.78652,"glide_grid_1X70",-6.17302,-0.34442,-0.65128,-0,-1.01352,-31.1091,-18.5406,0.341564,-0.168829,-73.8661,-49.6497,4.025
COc1cccc(C(=O)Cn2cnc3c(C#N)c(N4CCC[C@@H]([NH3+])C4)n(CC=C(C)C)c3c2=O)c1,"CHEMBL1951429",2898,Done,5.29,-5.34291,"glide_grid_1X70",-5.34551,-0.148498,-0.886131,-0,-0.779488,-29.3168,-14.7006,0.375937,-0.236395,-67.16,-44.0174,0.585413
COc1cccc(C(=O)Cn2cnc3c(C#N)c(N4CCC[C@H]([NH3+])C4)n(CC=C(C)C)c3c2=O)c1,"CHEMBL1951430",2899,Done,5.65,-5.55687,"glide_grid_1X70",-5.55947,-0.979435,-0.4,-0,-0.645163,-32.702,-15.7634,0.537053,-0.0723095,-69.7161,-48.4655,5.22847
CC(C)=CCn1c(N2CCC[C@H]([NH3+])C2)c(C#N)c2ncn(Cc3ccnc4ccccc34)c(=O)c21,"CHEMBL1951431",2900,Done,5.6,-6.13962,"glide_grid_1X70",-6.15762,-1.25671,-0.383677,-0,-0.955237,-35.6879,-13.097,0.321862,-0.134913,-70.613,-48.7849,7.25292
CC(C)=CCn1c(N2CCC[C@H]([NH3+])C2)c(C#N)c2ncn(Cc3cc[nH+]c4ccccc34)c(=O)c21,"CHEMBL1951431",2901,Done,6.58,-3.73571,"glide_grid_1X70",-5.81341,-0.351395,-0.628294,-0,-0.818966,-30.7885,-17.4862,0.320603,-0.173002,-71.5401,-48.2747,4.36676
CC(C)=CCn1c(N2CCC[C@H]([NH3+])C2)c(C#N)c2ncn(Cc3nccc4ccccc34)c(=O)c21,"CHEMBL1951432",2902,Done,5.51,-5.29841,"glide_grid_1X70",-5.35841,-0.307077,-0.703378,-0,-0.846319,-29.752,-14.4217,0.321862,-0.172643,-63.1055,-44.1737,4.87065
CC(C)=CCn1c(N2CCC[C@H]([NH3+])C2)c(C#N)c2ncn(Cc3[nH+]ccc4ccccc34)c(=O)c21,"CHEMBL1951432",2903,Done,6.72,-4.6336,"glide_grid_1X70",-6.0201,-0.385096,-0.607738,-0,-0.902921,-30.9243,-18.1875,0.320603,-0.170616,-73.7125,-49.1118,4.72464
CC(C)=CCn1c(N2CCC[C@H]([NH3+])C2)c(C#N)c2ncn(Cc3nc(C)c4ccccc4n3)c(=O)c21,"CHEMBL1951433",2904,Done,4.34,-5.10279,"glide_grid_1X70",-5.10529,-0.351966,-0.659833,-0,-0.759992,-31.8289,-12.4515,0.303845,-0.178178,-63.7656,-44.2804,1.22956
CC(C)=CCn1c(N2CCC[C@H]([NH3+])C2)c(C#N)c2ncn(Cc3ncc4ccccc4n3)c(=O)c21,"CHEMBL1951434",2905,Done,4.54,-6.51399,"glide_grid_1X70",-6.51649,-0.357122,-0.987806,-0,-0.927279,-32.4023,-18.3373,0.320628,-0.194202,-76.1185,-50.7396,4.69397
CC(C)=CCn1c(N2CCC[C@H]([NH3+])C2)c(C#N)c2ncn(C)c(=O)c21,"CHEMBL1951435",2906,Done,2.55,-5.79654,"glide_grid_1X70",-5.79904,-0.733732,-0.4,-0,-1.52343,-24.0038,-15.7266,0.487666,-0.0703672,-59.9535,-39.7304,1.49319
N#Cc1c(N2CCC[NH2+]CC2)n(Cc2ccccc2)c2c(=O)n(Cc3nccc4ccccc34)cnc12,"CHEMBL1951436",2907,Done,5.84,-4.36593,"glide_grid_1X70",-4.44753,-0.131354,-0.316425,-0,-0.687119,-29.6756,-13.1487,0.29597,-0.152519,-58.4103,-42.8242,2.84754
N#Cc1c(N2CCC[NH2+]CC2)n(Cc2ccccc2)c2c(=O)n(Cc3[nH+]ccc4ccccc34)cnc12,"CHEMBL1951436",2908,Done,7.53,-3.97024,"glide_grid_1X70",-5.37834,-0.154996,-0.356821,-0,-0.736076,-30.2795,-18.2637,0.29486,-0.171784,-69.1589,-48.5432,3.49337
CC(C)=CCn1c(N2CCC[NH2+]CC2)c(C#N)c2ncn(Cc3nccc4ccccc34)c(=O)c21,"CHEMBL1951437",2910,Done,5.93,-4.7236,"glide_grid_1X70",-4.8052,-0.204299,-0.509623,-0,-0.773154,-28.5886,-13.8113,0.321862,-0.138863,-56.9438,-42.3999,7.06138
CC(C)=CCn1c(N2CCC[NH2+]CC2)c(C#N)c2ncn(Cc3[nH+]ccc4ccccc34)c(=O)c21,"CHEMBL1951437",2911,Done,7.6,-3.79468,"glide_grid_1X70",-5.20278,-0.182559,-0.376337,-0,-0.911276,-29.779,-16.0243,0.320603,-0.160621,-65.8945,-45.8033,2.90386
CC#CCn1c(N2CCC[NH2+]CC2)c(C#N)c2ncn(Cc3nccc4ccccc34)c(=O)c21,"CHEMBL1951438",2913,Done,5.5,-4.89966,"glide_grid_1X70",-4.98126,-0.587714,-0.119161,-0,-0.95286,-35.644,-11.3179,0.342949,-0.184584,-65.1526,-46.962,2.20057
CC#CCn1c(N2CCC[NH2+]CC2)c(C#N)c2ncn(Cc3[nH+]ccc4ccccc34)c(=O)c21,"CHEMBL1951438",2914,Done,7.05,-3.52902,"glide_grid_1X70",-4.93712,-0.25276,-0.433747,-0,-0.913339,-28.6733,-13.9336,0.341564,-0.155136,-60.4725,-42.6069,3.62571
CC#CCn1c(N2CCC[NH2+]CC2)c(C#N)c2ncn(Cc3nc(C)c4ccccc4n3)c(=O)c21,"CHEMBL1951439",2916,Done,4.39,-4.21981,"glide_grid_1X70",-4.24141,-0.0474345,-0.160459,-0,-0.789545,-27.795,-13.4496,0.323154,-0.159936,-56.9783,-41.2446,1.14228
CC#CCn1c(N2CCC[NH2+]CC2)c(C#N)c2ncn(Cc3ncc4ccccc4n3)c(=O)c21,"CHEMBL1951440",2918,Done,4.31,-4.50948,"glide_grid_1X70",-4.53108,-0.0274382,-0.147571,-0,-0.928723,-29.1098,-14.4054,0.341591,-0.152645,-60.5711,-43.5152,1.51224
Cn1c(=O)c2c(c(C#N)c(N3CCC[C@H]([NH3+])C3)n2Cc2ccccc2)n(C)c1=O,"CHEMBL1951597",2920,Done,2.47,-7.1105,"glide_grid_1X70",-7.113,-1.25576,-0.484981,-0,-1.67419,-30.4192,-15.1161,0.264989,-0.17469,-72.0964,-45.5353,2.68806
CC(C)=CCn1c(N2CCC[C@H]([NH3+])C2)c(C#N)c2c1c(=O)n(Cc1nccc3ccccc13)c(=O)n2C,"CHEMBL1951599",2921,Done,5.39,-6.02212,"glide_grid_1X70",-6.08212,-0.319786,-0.775428,-0,-0.847089,-34.4539,-16.9321,0.287307,-0.164615,-75.1787,-51.386,4.46832
CC(C)=CCn1c(N2CCC[C@H]([NH3+])C2)c(C#N)c2c1c(=O)n(Cc1[nH+]ccc3ccccc13)c(=O)n2C,"CHEMBL1951599",2922,Done,6.47,-5.03173,"glide_grid_1X70",-6.41823,-0.312679,-0.635926,-0,-0.951205,-32.3131,-20.1391,0.286245,-0.168152,-78.5841,-52.4522,4.69327
CC(C)=CCn1c(N2CCC[C@H]([NH3+])C2)c(C#N)c2c1c(=O)n(Cc1cnc3ccccc3n1)c(=O)n2C,"CHEMBL1951601",2923,Done,4.34,-5.8825,"glide_grid_1X70",-5.885,-0.282587,-0.663179,-0,-0.826151,-35.0151,-16.5508,0.286266,-0.16597,-76.1194,-51.566,1.04183
CC(C)=CCn1c(N2CCC[C@H]([NH3+])C2)c(C#N)c2c1c(=O)n(Cc1ncccc1C#N)c(=O)n2C,"CHEMBL1951602",2924,Done,4.55,-6.14512,"glide_grid_1X70",-6.14762,-1.05239,-0.4,-0,-0.762835,-35.16,-17.0307,0.451023,-0.0708124,-76.9703,-52.1907,3.07924
CC#CCn1c(N2CCC[C@H]([NH3+])C2)c(C#N)c2c1c(=O)n(CC(=O)c1cccc(OC)c1)c(=O)n2C,"CHEMBL1951603",2925,Done,5.97,-5.8195,"glide_grid_1X70",-5.822,-0.430016,-0.698762,-0,-1.08774,-35.6012,-13.5348,0.356536,-0.151744,-70.9323,-49.136,5.16879
CC#CCn1c(N2CCC[C@H]([NH3+])C2)c(C#N)c2c1c(=O)n(Cc1nccc3ccccc13)c(=O)n2C,"CHEMBL1951604",2926,Done,3.77,-6.1871,"glide_grid_1X70",-6.2471,-0.304162,-0.795326,-0,-1.15744,-31.9266,-16.9302,0.305033,-0.159341,-74.549,-48.8568,1.71209
CC#CCn1c(N2CCC[C@H]([NH3+])C2)c(C#N)c2c1c(=O)n(Cc1[nH+]ccc3ccccc13)c(=O)n2C,"CHEMBL1951604",2927,Done,4.18,-5.20552,"glide_grid_1X70",-6.59202,-0.311017,-0.663717,-0,-1.11831,-32.6601,-20.012,0.303872,-0.168034,-80.9757,-52.6722,1.36525
CC#CCn1c(N2CCC[C@@H]([NH3+])C2)c(C#N)c2c1c(=O)n(Cc1nc(C)c3ccccc3n1)c(=O)n2C,"CHEMBL1951605",2928,Done,3.36,-5.18397,"glide_grid_1X70",-5.18647,-0.160672,-0.585029,-0,-0.6774,-33.5572,-15.5195,0.411994,-0.16957,-68.9031,-49.0767,1.82028
CC#CCn1c(N2CCC[C@H]([NH3+])C2)c(C#N)c2c1c(=O)n(Cc1nc(C)c3ccccc3n1)c(=O)n2C,"CHEMBL1951606",2929,Done,3.35,-6.74716,"glide_grid_1X70",-6.74966,-0.257741,-0.847235,-0,-0.98363,-34.8128,-20.2334,0.288396,-0.173811,-84.4004,-55.0461,2.54973
CC(C)=CCn1c(N2CCC[NH2+]CC2)c(C#N)c2c1c(=O)n(Cc1nccc3ccccc13)c(=O)n2C,"CHEMBL1951608",2930,Done,5.99,-5.4103,"glide_grid_1X70",-5.4919,-0.327462,-0.848699,-0,-0.68071,-29.7229,-15.1261,0.287307,-0.167268,-64.3767,-44.8491,3.4679
CC(C)=CCn1c(N2CCC[NH2+]CC2)c(C#N)c2c1c(=O)n(Cc1[nH+]ccc3ccccc13)c(=O)n2C,"CHEMBL1951608",2931,Done,7.07,-3.97862,"glide_grid_1X70",-5.38672,-0.256233,-0.27617,-0,-0.811905,-31.5928,-17.295,0.286245,-0.154775,-68.7202,-48.8878,4.58267
CC(C)=CCn1c(N2CCC[NH2+]CC2)c(C#N)c2c1c(=O)n(Cc1cn3ccccc3n1)c(=O)n2C,"CHEMBL1951610",2933,Done,5.01,-4.69139,"glide_grid_1X70",-4.99029,-0.530723,-0.352659,-0,-0.700229,-32.5501,-12.7761,0.299314,-0.162071,-61.9422,-45.3262,3.77979
CC(C)=CCn1c(N2CCC[NH2+]CC2)c(C#N)c2c1c(=O)n(Cc1cn3ccccc3[nH+]1)c(=O)n2C,"CHEMBL1951610",2934,Done,6.37,-4.48769,"glide_grid_1X70",-5.09229,-0.160541,-0.312575,-0,-0.747627,-29.1649,-16.9777,0.298185,-0.164836,-65.7388,-46.1425,2.93433
CC#CCn1c(N2CCC[NH2+]CC2)c(C#N)c2c1c(=O)n(Cc1nccc3ccccc13)c(=O)n2C,"CHEMBL1951612",2937,Done,5.09,-5.19647,"glide_grid_1X70",-5.27807,-0.231196,-0.438246,-0,-0.987335,-33.2494,-14.0515,0.305033,-0.156125,-66.8089,-47.3009,1.53246
CC#CCn1c(N2CCC[NH2+]CC2)c(C#N)c2c1c(=O)n(Cc1[nH+]ccc3ccccc13)c(=O)n2C,"CHEMBL1951612",2938,Done,6.26,-4.37757,"glide_grid_1X70",-5.78567,-0.222131,-0.382783,-0,-0.967226,-34.4334,-17.6042,0.303872,-0.155097,-72.8145,-52.0376,5.71367
CC#CCn1c(N2CCC[NH2+]CC2)c(C#N)c2c1c(=O)n(Cc1nc(C)c3ccccc3n1)c(=O)n2C,"CHEMBL1951613",2940,Done,3.93,-4.77229,"glide_grid_1X70",-4.79389,-0.331952,-0.333856,-0,-0.673621,-29.4482,-14.0629,0.288396,-0.161015,-59.1741,-43.5111,3.37631
O=C(N/N=C/c1cccc2ccccc12)c1[nH]nc2c1CCCC2,"CHEMBL1976036",2942,Done,2.09,-5.6311,"glide_grid_1X70",-6.0418,-1.06429,-0.333483,-0,-1.60457,-30.14,-10.5655,0.367873,-0.315502,-49.8743,-40.7055,11.5248
[NH3+][C@H]1CN(c2ccc(-n3ccc(OCc4ccccc4)cc3=O)cn2)C[C@@H]1c1cc(F)ccc1F,"CHEMBL2011528",2944,Done,3.72,-7.4924,"glide_grid_1X70",-7.5007,-1.24235,-0.519706,-0,-1.76713,-32.0917,-17.311,0.376013,-0.146297,-81.9725,-49.4027,1.88113
[NH3+][C@H]1CN(c2ccc(-n3ccc(OCc4ccccc4)cc3=O)cn2)C[C@@H]1c1cc(F)c(F)cc1F,"CHEMBL2011534",2945,Done,3.82,-7.62285,"glide_grid_1X70",-7.63115,-1.28896,-0.517193,-0,-1.79181,-33.0245,-17.3066,0.351323,-0.137298,-84.3432,-50.3311,1.18194
C[C@@H]1CN(C(=O)C[C@H]([NH3+])Cc2cc(F)c(F)cc2F)Cc2ccc(C(F)(F)F)n21,"CHEMBL2021529",2946,Done,3.31,-8.02335,"glide_grid_1X70",-8.03465,-1.26532,-0.4,-0,-2.29523,-39.1975,-14.5857,0.3136,-0.239975,-86.633,-53.7832,6.9357
C[C@@H]1CN(C(=O)C[C@H](N)Cc2cc(F)c(F)cc2F)Cc2ccc(C(F)(F)F)n21,"CHEMBL2021529",2947,Done,3.58,-2.46191,"glide_grid_1X70",-4.81571,-0.918644,-0.576,-0,-1.10483,-24.1257,-8.82415,0.449949,-0.136282,-43.6692,-32.9498,4.71599
C[C@H]1CN(C(=O)C[C@H]([NH3+])Cc2cc(F)c(F)cc2F)Cc2ccc(C(F)(F)F)n21,"CHEMBL2021541",2948,Done,3.07,-6.20342,"glide_grid_1X70",-6.21472,-0.899325,-0.423264,-0,-1.55799,-30.1957,-13.8553,0.448,-0.194064,-69.8156,-44.051,7.37389
C[C@H]1CN(C(=O)C[C@H](N)Cc2cc(F)c(F)cc2F)Cc2ccc(C(F)(F)F)n21,"CHEMBL2021541",2949,Done,3.62,-3.10372,"glide_grid_1X70",-5.45752,-1.18249,-0.390737,-0,-1.84999,-29.4362,-6.60157,0.449949,-0.0222033,-48.6036,-36.0377,2.81445
Cc1cc2c(=O)n(Cc3ccccc3C#N)c(N3CCC[C@@H]([NH3+])C3)nc2[nH]1,"CHEMBL2022464",2950,Done,2.32,-6.98827,"glide_grid_1X70",-6.99077,-0.513071,-0.937785,-0,-1.58495,-25.3145,-18.8289,0.305469,-0.170372,-69.4235,-44.1434,3.26021
N#Cc1ccccc1Cn1c(N2CCC[C@@H]([NH3+])C2)nc2[nH]c(Br)cc2c1=O,"CHEMBL2022467",2951,Done,2.22,-6.3861,"glide_grid_1X70",-6.3886,-0.432205,-0.660968,-0,-1.01882,-28.2776,-18.0971,0.227377,-0.375539,-70.8369,-46.3747,2.59232
N#Cc1ccccc1Cn1c(N2CCC[C@@H]([NH3+])C2)nc2[nH]c(-c3cccnc3)cc2c1=O,"CHEMBL2023066",2953,Done,2.43,-4.52485,"glide_grid_1X70",-4.52485,-0.0609249,-0.431116,-0,-0.72618,-22.7152,-16.8125,0.436436,-0.0854182,-53.4682,-39.5278,3.52852
N#Cc1ccccc1Cn1c(N2CCC[C@@H]([NH3+])C2)nc2c(Br)c[nH]c2c1=O,"CHEMBL2023067",2954,Done,2.39,-6.04276,"glide_grid_1X70",-6.04526,-0.509857,-0.582741,-0,-1.01882,-28.954,-16.4183,0.227377,-0.250767,-67.4628,-45.3723,2.50279
N#Cc1ccc2oc(N3CC[NH+]([C@@H]4CN[C@H](C(=O)N5CCSC5)C4)CC3)nc2c1,"CHEMBL2058756",2955,Done,4.44,-5.472,"glide_grid_1X70",-5.5677,-1.00294,-0.0991416,-0,-1.22024,-38.0451,-11.3902,0.461506,-0.0960959,-67.7665,-49.4353,1.30142
N#Cc1ccc2oc(N3CCN([C@@H]4C[NH2+][C@H](C(=O)N5CCSC5)C4)CC3)nc2c1,"CHEMBL2058756",2956,Done,4.11,-5.09035,"glide_grid_1X70",-6.36175,-0.984951,-0.268888,-0,-1.45909,-37.8497,-12.7759,0.323054,-0.163014,-77.2452,-50.6255,1.1355
O=C([C@@H]1C[C@H]([NH+]2CCN(c3nc4ccccc4s3)CC2)CN1)N1CCSC1,"CHEMBL2058757",2958,Done,5.93,-5.23857,"glide_grid_1X70",-5.53977,-0.898737,-0.161732,-0,-1.35473,-35.398,-11.5423,0.480067,-0.10339,-64.7762,-46.9403,3.0315
O=C([C@@H]1C[C@H](N2CCN(c3nc4ccccc4s3)CC2)C[NH2+]1)N1CCSC1,"CHEMBL2058757",2959,Done,5.53,-5.81043,"glide_grid_1X70",-6.49943,-0.860265,-0.394124,-0,-1.59671,-31.3818,-15.0157,0.336047,-0.162936,-69.591,-46.3975,6.79135
N#Cc1ccc2sc(N3CCN([C@@H]4C[NH2+][C@H](C(=O)N5CCSC5)C4)CC3)nc2c1,"CHEMBL2058758",2962,Done,4.13,-5.64259,"glide_grid_1X70",-6.33159,-0.950569,-0.342331,-0,-1.43301,-36.9486,-12.5208,0.301537,-0.181668,-76.0289,-49.4693,0.980849
O=C([C@@H]1C[C@H](N2CCN(c3cc[nH+]c4cc(C(F)(F)F)ccc34)CC2)C[NH2+]1)N1CCSC1,"CHEMBL2058759",2965,Done,10.2,-5.61787,"glide_grid_1X70",-6.61067,-0.80749,-0.272241,-0,-1.18604,-38.3348,-16.7875,0.258517,-0.168555,-85.3554,-55.1223,0.906567
O=C([C@@H]1C[C@H]([NH+]2CCN(c3cc[nH+]c4cc(C(F)(F)F)ccc34)CC2)CN1)N1CCSC1,"CHEMBL2058759",2966,Done,9.29,-3.40197,"glide_grid_1X70",-4.53787,-0.433538,-0.261105,-0,-0.537952,-25.3177,-14.9597,0.36931,-0.164745,-53.8811,-40.2774,6.47023
O=C([C@@H]1C[C@H](N2CCN(c3ccnc4cc(C(F)(F)F)ccc34)CC2)C[NH2+]1)N1CCSC1,"CHEMBL2058759",2967,Done,7.97,-4.27352,"glide_grid_1X70",-6.08752,-0.886025,-0.327865,-0,-1.12106,-38.3235,-12.8213,0.259536,-0.172727,-77.3528,-51.1449,1.24316
O=C([C@@H]1C[C@H]([NH+]2CCN(c3nc4ccccc4[nH]3)CC2)CN1)N1CCSC1,"CHEMBL2058760",2970,Done,6.62,-6.07679,"glide_grid_1X70",-6.34719,-0.954222,-0.295663,-0,-1.52319,-37.9467,-13.8481,0.51872,-0.118297,-73.7872,-51.7948,2.09041
O=C([C@@H]1C[C@H](N2CCN(c3[nH]c4ccccc4[nH+]3)CC2)C[NH2+]1)N1CCSC1,"CHEMBL2058760",2971,Done,6.46,-6.11074,"glide_grid_1X70",-7.07724,-0.899447,-0.38701,-0,-1.62786,-32.9549,-17.5932,0.361415,-0.237609,-83.4452,-50.5481,0.0961987
O=C([C@@H]1C[C@H](N2CCN(c3nc4ccccc4[nH]3)CC2)C[NH2+]1)N1CCSC1,"CHEMBL2058760",2972,Done,6.71,-4.56479,"glide_grid_1X70",-6.16819,-0.324388,-0.559922,-0,-1.29278,-27.7772,-18.3056,0.363104,-0.219512,-71.0348,-46.0828,2.29971
O=C([C@@H]1C[C@H]([NH+]2CCN(c3nc4cc(Cl)ccc4[nH]3)CC2)CN1)N1CCSC1,"CHEMBL2058761",2976,Done,6.29,-5.69791,"glide_grid_1X70",-6.20101,-0.992186,-0.304695,-0,-1.23766,-38.1191,-13.9342,0.444941,-0.115324,-73.6931,-52.0533,1.89666
O=C([C@@H]1C[C@H]([NH+]2CCN(c3nc4ccc(Cl)cc4[nH]3)CC2)CN1)N1CCSC1,"CHEMBL2058761",2977,Done,6.29,-5.55108,"glide_grid_1X70",-6.18898,-0.951213,-0.299384,-0,-1.27458,-38.1488,-13.8677,0.444941,-0.121153,-73.831,-52.0164,2.12387
O=C([C@@H]1C[C@H](N2CCN(c3nc4cc(Cl)ccc4[nH]3)CC2)C[NH2+]1)N1CCSC1,"CHEMBL2058761",2978,Done,6.39,-4.45348,"glide_grid_1X70",-6.05328,-0.945119,-0.428059,-0,-1.10695,-31.6604,-15.0671,0.444941,-0.175017,-69.6667,-46.7275,4.59867
O=C([C@@H]1C[C@H](N2CCN(c3[nH]c4ccc(Cl)cc4[nH+]3)CC2)C[NH2+]1)N1CCSC1,"CHEMBL2058761",2979,Done,6.27,-4.86096,"glide_grid_1X70",-6.57346,-0.818248,-0.300851,-0,-1.44024,-36.1503,-15.4933,0.310118,-0.19274,-81.1068,-51.6435,2.5103
O=C([C@@H]1C[C@H](N2CCN(c3nc4ccc(Cl)cc4[nH]3)CC2)C[NH2+]1)N1CCSC1,"CHEMBL2058761",2980,Done,6.3,-4.23312,"glide_grid_1X70",-5.96772,-0.325043,-0.558341,-0,-1.05745,-28.3428,-18.0099,0.311459,-0.219718,-70.102,-46.3528,2.83296
N#Cc1ccc2[nH]c(N3CC[NH+]([C@@H]4CN[C@H](C(=O)N5CCSC5)C4)CC3)nc2c1,"CHEMBL2058762",2984,Done,5.43,-4.64346,"glide_grid_1X70",-5.29716,-0.915729,-0.110149,-0,-1.25278,-35.9574,-10.5487,0.463496,-0.101818,-64.8692,-46.5061,2.21811
N#Cc1ccc2[nH]c(N3CCN([C@@H]4C[NH2+][C@H](C(=O)N5CCSC5)C4)CC3)nc2c1,"CHEMBL2058762",2986,Done,4.55,-5.93954,"glide_grid_1X70",-6.98104,-0.96807,-0.51176,-0,-1.46588,-37.4762,-15.3417,0.324447,-0.184711,-83.4181,-52.8179,1.16899
N#Cc1ccc2nc(N3CCN([C@@H]4C[NH2+][C@H](C(=O)N5CCSC5)C4)CC3)[nH]c2c1,"CHEMBL2058762",2987,Done,4.46,-6.59144,"glide_grid_1X70",-7.79234,-0.891306,-0.708264,-0,-1.52556,-34.6014,-19.9747,0.324447,-0.265386,-88.6522,-54.576,1.41409
N#Cc1ccc2[nH]c(N3CCN([C@@H]4C[NH2+][C@H](C(=O)N5CCSC5)C4)CC3)[nH+]c2c1,"CHEMBL2058762",2990,Done,4.94,-4.68363,"glide_grid_1X70",-6.82533,-0.913153,-0.374205,-0,-1.47375,-34.4624,-16.3067,0.323021,-0.218128,-82.5365,-50.769,0.285334
O=C([C@@H]1C[C@H]([NH+]2CCN(c3nc4ccccc4o3)CC2)CN1)N1CCSC1,"CHEMBL2058967",2991,Done,6.22,-5.6407,"glide_grid_1X70",-5.7364,-0.991168,-0.0981254,-0,-1.47768,-37.6785,-11.3402,0.516362,-0.100834,-67.2725,-49.0186,3.72906
O=C([C@@H]1C[C@H](N2CCN(c3nc4ccccc4o3)CC2)C[NH2+]1)N1CCSC1,"CHEMBL2058967",2992,Done,5.8,-4.57154,"glide_grid_1X70",-5.84294,-0.346629,-0.697983,-0,-0.978987,-28.2975,-18.196,0.516362,-0.191422,-68.6714,-46.4935,3.03704
O=C([C@@H]1C[C@H](N2CCN(c3ccc4ccccc4n3)CC2)C[NH2+]1)N1CCSC1,"CHEMBL2058968",2995,Done,6.17,-5.38017,"glide_grid_1X70",-6.59747,-1.00924,-0.3568,-0,-1.62372,-38.4439,-12.3514,0.345255,-0.178053,-77.8384,-50.7953,1.38417
O=C([C@@H]1C[C@H](N2CCN(c3ccc4ccccc4[nH+]3)CC2)C[NH2+]1)N1CCSC1,"CHEMBL2058968",2997,Done,7.06,-4.81326,"glide_grid_1X70",-7.05936,-0.770205,-0.366082,-0,-1.56946,-35.2986,-18.2571,0.34369,-0.193811,-85.6256,-53.5557,1.46167
O=C([C@@H]1C[C@H]([NH+]2CCN(c3cc[nH+]c4ccccc34)CC2)CN1)N1CCSC1,"CHEMBL2058969",2998,Done,7.68,-5.63447,"glide_grid_1X70",-6.00357,-0.966537,-0.170967,-0,-1.3426,-33.0339,-14.8701,0.490985,-0.132242,-66.908,-47.904,5.17275
O=C([C@@H]1C[C@H](N2CCN(c3cc[nH+]c4ccccc34)CC2)C[NH2+]1)N1CCSC1,"CHEMBL2058969",2999,Done,7.64,-6.5456,"glide_grid_1X70",-7.1449,-0.969932,-0.287289,-0,-1.63115,-40.9912,-15.8931,0.34369,-0.166698,-86.7272,-56.8843,3.89068
Cc1cc(N2CC[NH+]([C@@H]3CN[C@H](C(=O)N4CCSC4)C3)CC2)c2ccccc2[nH+]1,"CHEMBL2058970",3001,Done,7.25,-5.62005,"glide_grid_1X70",-5.98915,-0.830383,-0.275777,-0,-1.20724,-29.6052,-16.7898,0.461379,-0.138396,-65.0034,-46.3951,3.0306
Cc1cc(N2CCN([C@@H]3C[NH2+][C@H](C(=O)N4CCSC4)C3)CC2)c2ccccc2[nH+]1,"CHEMBL2058970",3002,Done,7.04,-6.28491,"glide_grid_1X70",-6.88421,-1.10927,-0.249225,-0,-1.50391,-36.6441,-15.6661,0.322965,-0.162661,-80.3134,-52.3102,3.31616
O=C([C@@H]1C[C@H](N2CCN(c3cc(C(F)(F)F)nc4ccccc34)CC2)C[NH2+]1)N1CCSC1,"CHEMBL2058971",3005,Done,7.04,-5.98917,"glide_grid_1X70",-7.19297,-1.17996,-0.465467,-0,-1.14699,-42.6306,-15.5622,0.259536,-0.194226,-88.161,-58.1929,5.50098
O=C([C@@H]1C[C@H](N2CCN(c3cc[nH+]c4cc(Cl)ccc34)CC2)C[NH2+]1)N1CCSC1,"CHEMBL2058972",3007,Done,7.81,-6.44196,"glide_grid_1X70",-7.01286,-1.05688,-0.374026,-0,-1.33351,-36.892,-16.7505,0.296003,-0.187261,-84.317,-53.6425,1.4769
O=C([C@@H]1C[C@H]([NH+]2CCN(c3cc[nH+]c4cc(Cl)ccc34)CC2)CN1)N1CCSC1,"CHEMBL2058972",3008,Done,7.48,-5.25623,"glide_grid_1X70",-5.97023,-0.977121,-0.120688,-0,-1.02139,-37.613,-15.2074,0.422861,-0.112119,-74.3874,-52.8204,1.09769
O=C([C@@H]1C[C@H]([NH+]2CCN(c3ccnc4cc(Cl)ccc34)CC2)CN1)N1CCSC1,"CHEMBL2058972",3009,Done,6.24,-4.49421,"glide_grid_1X70",-5.44131,-0.981378,-0.127642,-0,-1.02919,-37.8952,-11.4763,0.424647,-0.111542,-67.633,-49.3715,1.11138
O=C([C@@H]1C[C@H](N2CCN(c3ccnc4cc(Cl)ccc34)CC2)C[NH2+]1)N1CCSC1,"CHEMBL2058972",3011,Done,6.32,-4.16704,"glide_grid_1X70",-6.58294,-1.03051,-0.4,-0,-1.38574,-36.1266,-13.7957,0.297253,-0.188246,-75.8259,-49.9224,4.02539
O=C([C@@H]1C[C@H]([NH+]2CCN(c3nccc4ccccc34)CC2)CN1)N1CCSC1,"CHEMBL2058973",3012,Done,6.35,-5.47785,"glide_grid_1X70",-5.53205,-0.930235,-0.127311,-0,-1.26472,-37.1537,-11.565,0.493222,-0.110573,-66.896,-48.7187,0.996586
O=C([C@@H]1C[C@H](N2CCN(c3nccc4ccccc34)CC2)C[NH2+]1)N1CCSC1,"CHEMBL2058973",3013,Done,6.98,-4.49801,"glide_grid_1X70",-6.48031,-0.988359,-0.341331,-0,-1.64638,-37.9496,-11.8099,0.345255,-0.180528,-76.3636,-49.7595,1.6993
O=C([C@@H]1C[C@H](N2CCN(c3[nH+]ccc4ccccc34)CC2)C[NH2+]1)N1CCSC1,"CHEMBL2058973",3014,Done,8.48,-4.97922,"glide_grid_1X70",-7.15852,-0.96689,-0.303756,-0,-1.57306,-36.4448,-17.754,0.34369,-0.17316,-85.4189,-54.1988,1.72555
O=C([C@@H]1C[C@H]([NH+]2CCN(c3ncc(Cl)c4ccccc34)CC2)CN1)N1CCSC1,"CHEMBL2058974",3016,Done,6.29,-5.25208,"glide_grid_1X70",-5.36048,-0.936249,-0.120931,-0,-1.02978,-37.9844,-11.2674,0.424647,-0.108834,-67.1033,-49.2518,1.18109
O=C([C@@H]1C[C@H](N2CCN(c3ncc(Cl)c4ccccc34)CC2)C[NH2+]1)N1CCSC1,"CHEMBL2058974",3017,Done,6.54,-5.13974,"glide_grid_1X70",-6.34354,-1.00157,-0.315217,-0,-1.38298,-38.3537,-12.2278,0.297253,-0.189169,-76.6897,-50.5815,1.44628
N#Cc1cnc(N2CC[NH+]([C@@H]3CN[C@H](C(=O)N4CCSC4)C3)CC2)c2ccccc12,"CHEMBL2058975",3019,Done,5.18,-5.30888,"glide_grid_1X70",-5.41728,-0.932056,-0.116387,-0,-1.09523,-38.1525,-11.3327,0.44193,-0.108007,-67.53,-49.4852,1.02465
N#Cc1cnc(N2CCN([C@@H]3C[NH2+][C@H](C(=O)N4CCSC4)C3)CC2)c2ccccc12,"CHEMBL2058975",3020,Done,5.37,-4.93267,"glide_grid_1X70",-6.13647,-0.962569,-0.269725,-0,-1.41778,-38.4338,-11.4364,0.309351,-0.158608,-75.5308,-49.8702,1.06613
C[C@H]([NH3+])C(=O)N1C[C@@H](O)C[C@H]1B(O)O,"CHEMBL2063024",3022,Done,2.59,-6.80139,"glide_grid_1X70",-7.14319,0,-0.777369,-0,-2.61753,-16.3327,-21.8552,0.557532,-0.21091,-66.1692,-38.1879,1.33928
C[C@H](N)C(=O)N1C[C@@H](O)C[C@H]1B(O)O,"CHEMBL2063024",3023,Done,2.33,-4.82713,"glide_grid_1X70",-5.31583,0,-0.908351,-0,-2.0581,-14.2837,-15.7082,0.80312,-0.0820867,-41.9821,-29.9919,1.02631
C[C@H]([NH3+])C(=O)N1C[C@H](O)C[C@H]1B(O)O,"CHEMBL2063025",3024,Done,2.36,-7.13602,"glide_grid_1X70",-7.47782,0,-0.907249,-0,-2.55381,-18.0833,-23.0071,0.557532,-0.219064,-68.6504,-41.0904,2.14496
C[C@H](N)C(=O)N1C[C@H](O)C[C@H]1B(O)O,"CHEMBL2063025",3025,Done,2.36,-4.18564,"glide_grid_1X70",-4.67434,-0.180128,-0.622317,-0,-2.02024,-15.0098,-12.082,0.80312,-0.0919922,-36.6229,-27.0917,1.86615
C[C@H]([NH3+])C(=O)N1C[C@H](F)C[C@H]1B(O)O,"CHEMBL2063026",3026,Done,1.79,-6.63841,"glide_grid_1X70",-7.00311,0,-0.393365,-0,-2.75475,-12.9098,-23.1493,0.548513,-0.285621,-58.7748,-36.0591,6.58343
C[C@H](N)C(=O)N1C[C@H](F)C[C@H]1B(O)O,"CHEMBL2063026",3027,Done,1.74,-4.28269,"glide_grid_1X70",-4.74319,-0.257751,-0.145433,-0,-2.01636,-18.245,-12.2831,0.553051,-0.121985,-39.7224,-30.5281,3.93994
C[C@H](N)C(=O)N1CC(=O)C[C@H]1B(O)O,"CHEMBL2063027",3028,Done,1.82,-4.01621,"glide_grid_1X70",-4.41561,-0.0719376,-0.175042,-0,-2.04622,-18.447,-12.3808,0.816666,-0.1596,-37.4837,-30.8278,6.99505
C[C@H]([NH3+])C(=O)N1CC(=O)C[C@H]1B(O)O,"CHEMBL2063027",3029,Done,2.11,-6.09999,"glide_grid_1X70",-6.52219,0,-0.4,-0,-2.55868,-20.2151,-18.6859,0.566895,-0.316768,-63.3004,-38.9009,3.10122
C[C@H]([NH3+])C(=O)N1C[C@@H](Cl)C[C@H]1B(O)O,"CHEMBL2063028",3030,Done,1.99,-6.4966,"glide_grid_1X70",-6.8875,-0.594519,-0.541719,-0,-2.56989,-21.6778,-15.6282,0.481771,-0.235021,-60.9695,-37.3061,4.06606
C[C@H](N)C(=O)N1C[C@@H](Cl)C[C@H]1B(O)O,"CHEMBL2063028",3031,Done,1.75,-4.74593,"glide_grid_1X70",-5.17703,-0.77531,-0.14786,-0,-2.17417,-18.3908,-11.6873,0.693566,-0.100611,-39.64,-30.0782,5.56734
[NH3+][C@@H](CCC(=O)[O-])C(=O)N1C[C@@H](O)C[C@H]1B(O)O,"CHEMBL2063029",3032,Done,6.06,-6.26079,"glide_grid_1X70",-6.48559,-0.15582,-0.46855,-0,-2.33979,-19.5143,-21.0252,0.915817,-0.307759,-61.8542,-40.5395,9.9277
N[C@@H](CCC(=O)[O-])C(=O)N1C[C@@H](O)C[C@H]1B(O)O,"CHEMBL2063029",3033,Done,5.5,-3.74395,"glide_grid_1X70",-4.42695,-0.281423,-0.427329,-0,-1.8974,-20.7555,-10.4897,0.921961,-0.131525,-42.1555,-31.2452,4.59443
[NH3+][C@@H](CCC(=O)[O-])C(=O)N1C[C@H](O)C[C@H]1B(O)O,"CHEMBL2063030",3034,Done,5.79,-5.83516,"glide_grid_1X70",-6.05996,-0.293925,-0.698719,-0,-2.16499,-18.252,-17.762,0.915817,-0.241241,-57.2895,-36.014,3.47556
N[C@@H](CCC(=O)[O-])C(=O)N1C[C@H](O)C[C@H]1B(O)O,"CHEMBL2063030",3035,Done,5.22,-3.53782,"glide_grid_1X70",-4.22082,-0.326203,-0.31787,-0,-1.96047,-21.3396,-9.05883,0.921961,-0.112436,-40.9581,-30.3984,3.47573
CC(C)(C)[C@H]([NH3+])C(=O)N1C[C@@H](O)C[C@H]1B(O)O,"CHEMBL2063031",3036,Done,3.2,-4.94162,"glide_grid_1X70",-5.15882,-0.181657,-0.4,-0,-1.95943,-17.5719,-15.8991,0.868936,-0.223201,-53.2277,-33.471,1.93487
CC(C)(C)[C@H](N)C(=O)N1C[C@@H](O)C[C@H]1B(O)O,"CHEMBL2063031",3037,Done,3.59,-3.35675,"glide_grid_1X70",-4.05655,0,-0.426033,-0,-1.7448,-18.7912,-11.246,0.87508,-0.134333,-37.4389,-30.0373,6.52194
CC(C)(C)[C@H]([NH3+])C(=O)N1C[C@H](O)C[C@H]1B(O)O,"CHEMBL2063032",3038,Done,3.4,-5.74336,"glide_grid_1X70",-5.96056,-0.339883,-0.72,-0,-1.96251,-19.3869,-17.2521,0.868936,-0.249947,-56.7129,-36.639,1.97695
CC(C)(C)[C@H](N)C(=O)N1C[C@H](O)C[C@H]1B(O)O,"CHEMBL2063032",3039,Done,3.17,-3.71733,"glide_grid_1X70",-4.41713,0,-0.14699,-0,-1.73913,-16.1915,-14.8165,0.612556,-0.111518,-38.1393,-31.008,4.72597
O=C([C@@H]1CCC[NH2+]1)N1C[C@@H](O)C[C@H]1B(O)O,"CHEMBL2063033",3040,Done,2.5,-5.56118,"glide_grid_1X70",-5.68798,-0.0593816,-0.373893,-0,-2.06289,-16.2309,-18.9443,0.682586,-0.221205,-51.454,-35.1752,7.3042
O=C([C@@H]1CCCN1)N1C[C@@H](O)C[C@H]1B(O)O,"CHEMBL2063033",3041,Done,2.57,-2.97578,"glide_grid_1X70",-3.95138,-0.4702,-0.211158,-0,-1.85418,-26.0261,-6.47114,0.982441,-0.126302,-40.0524,-32.4972,4.25317
O=C([C@@H]1CCC[NH2+]1)N1C[C@H](O)C[C@H]1B(O)O,"CHEMBL2063034",3042,Done,2.36,-5.26222,"glide_grid_1X70",-5.38902,-0.00987141,-0.4,-0,-2.06278,-22.4728,-16.9969,0.975122,-0.218318,-58.5604,-39.4696,2.25649
O=C([C@@H]1CCCN1)N1C[C@H](O)C[C@H]1B(O)O,"CHEMBL2063034",3043,Done,2.68,-3.44808,"glide_grid_1X70",-4.42368,-0.267129,-0.285132,-0,-1.81657,-14.3605,-14.5911,0.982441,-0.130603,-36.3078,-28.9516,6.90516
O=C([C@@H]1C[C@@H](O)C[NH2+]1)N1C[C@@H](O)C[C@H]1B(O)O,"CHEMBL2063035",3044,Done,3.3,-5.75443,"glide_grid_1X70",-5.82133,0,-0.550545,-0,-1.96217,-23.0454,-18.6844,0.869197,-0.222887,-65.2693,-41.7298,2.08474
O=C([C@@H]1C[C@@H](O)CN1)N1C[C@@H](O)C[C@H]1B(O)O,"CHEMBL2063035",3045,Done,2.82,-5.26747,"glide_grid_1X70",-6.59247,-0.186505,-0.96,-0,-1.78378,-15.7809,-22.9159,0.612741,-0.0485076,-53.4231,-38.6968,3.53201
O=C([C@@H]1C[C@@H](O)C[NH2+]1)N1C[C@H](O)C[C@H]1B(O)O,"CHEMBL2063036",3046,Done,3.12,-5.42158,"glide_grid_1X70",-5.48848,-0.416378,-0.394968,-0,-1.93687,-24.1816,-14.2593,0.869197,-0.261494,-59.4936,-38.4409,3.87411
O=C([C@@H]1C[C@@H](O)CN1)N1C[C@H](O)C[C@H]1B(O)O,"CHEMBL2063036",3047,Done,2.97,-4.58192,"glide_grid_1X70",-5.90692,0,-0.64018,-0,-1.84341,-20.9561,-19.7491,0.612741,-0.0259012,-55.329,-40.7052,4.31035
O=C([C@@H]1C[C@H](O)C[NH2+]1)N1C[C@@H](O)C[C@H]1B(O)O,"CHEMBL2063037",3048,Done,3.11,-6.67083,"glide_grid_1X70",-6.73773,-0.29722,-0.964375,-0,-1.90855,-18.9368,-22.0791,0.869197,-0.178068,-62.5908,-41.0159,8.60423
O=C([C@@H]1C[C@H](O)CN1)N1C[C@@H](O)C[C@H]1B(O)O,"CHEMBL2063037",3049,Done,3.03,-3.83108,"glide_grid_1X70",-5.15608,-0.0814744,-0.707979,-0,-1.74054,-21.1546,-13.5737,0.612741,-0.145036,-46.4438,-34.7283,6.69895
O=C([C@@H]1C[C@H](O)C[NH2+]1)N1C[C@H](O)C[C@H]1B(O)O,"CHEMBL2063038",3050,Done,3.38,-6.11509,"glide_grid_1X70",-6.18199,-0.516106,-0.4,-0,-1.90293,-23.8676,-18.7584,0.869197,-0.22501,-62.0542,-42.626,7.88248
O=C([C@@H]1C[C@H](O)CN1)N1C[C@H](O)C[C@H]1B(O)O,"CHEMBL2063038",3051,Done,3.32,-3.76031,"glide_grid_1X70",-5.08531,0,-0.673888,-0,-1.90322,-20.1972,-15.6654,0.875344,-0.0238832,-46.6672,-35.8626,5.66428
[NH3+][C@@H](CCCC(=O)[O-])C(=O)N1C[C@H](O)C[C@H]1B(O)O,"CHEMBL2063039",3052,Done,9.31,-5.36693,"glide_grid_1X70",-5.62833,-0.424332,-0.565732,-0,-2.63422,-21.4466,-18.1634,2.00728,-0.214476,-60.1961,-39.61,8.17638
N[C@@H](CCCC(=O)[O-])C(=O)N1C[C@H](O)C[C@H]1B(O)O,"CHEMBL2063039",3053,Done,9.01,-3.50598,"glide_grid_1X70",-4.11918,-0.403624,-0.664048,-0,-1.99243,-18.0439,-13.8261,2.02013,-0.103088,-37.1608,-31.8701,11.8577
C[C@@H](B(O)O)N1CC[C@@H]([NH3+])C1=O,"CHEMBL2068511",3054,Done,1.63,-6.35729,"glide_grid_1X70",-6.45499,-0.00873796,-0.455359,-0,-2.75956,-13.5758,-20.1433,0.726263,-0.257311,-54.5719,-33.7191,1.03042
C[C@@H](B(O)O)N1CC[C@@H](N)C1=O,"CHEMBL2068511",3055,Done,1.52,-3.26629,"glide_grid_1X70",-4.38209,-0.0373428,-0.472715,-0,-2.28011,-15.2727,-11.8922,1.04747,-0.0919219,-33.8595,-27.1649,4.66361
C[C@@H](B(O)O)N1CC[C@H]([NH3+])C1=O,"CHEMBL2068512",3056,Done,1.57,-6.54264,"glide_grid_1X70",-6.64034,-0.28202,-0.362258,-0,-2.75956,-12.8369,-20.7189,0.726263,-0.213084,-54.4754,-33.5558,1.49819
C[C@@H](B(O)O)N1CC[C@H](N)C1=O,"CHEMBL2068512",3057,Done,1.47,-3.11571,"glide_grid_1X70",-4.23151,-0.394303,0,-0,-2.51717,-19.5513,-8.513,1.04747,-0.112988,-34.9474,-28.0643,3.47998
[NH3+][C@@H](CC(=O)N1CCN(C(=O)c2ccc3cccnc3n2)CC1)Cc1cc(F)c(F)cc1F,"CHEMBL2069308",3058,Done,6.1,-6.59171,"glide_grid_1X70",-6.60161,-1.06373,-0.336717,-0,-1.11107,-31.7942,-19.2344,0.574157,-0.189378,-75.7181,-51.0286,8.07228
N[C@@H](CC(=O)N1CCN(C(=O)c2ccc3cccnc3n2)CC1)Cc1cc(F)c(F)cc1F,"CHEMBL2069308",3059,Done,5.19,-1.07762,"glide_grid_1X70",-3.50582,-0.168548,-0.350236,-0,-0.508953,-32.4221,-8.12508,0.576462,-0.214678,-47.5496,-40.5472,4.75979
[NH3+][C@@H](CC(=O)N1CCN(c2ccc(F)cc2F)CC1)Cc1cc(F)c(F)cc1F,"CHEMBL2069830",3060,Done,5.04,-8.78038,"glide_grid_1X70",-8.78928,-1.34202,-0.581828,-0,-2.30306,-33.6871,-19.7381,0.40228,-0.319579,-87.7669,-53.4252,9.17706
N[C@@H](CC(=O)N1CCN(c2ccc(F)cc2F)CC1)Cc1cc(F)c(F)cc1F,"CHEMBL2069830",3061,Done,4.1,-2.44737,"glide_grid_1X70",-4.94067,-1.39523,-0.281332,-0,-1.66832,-28.2453,-4.38364,0.577218,-0.103187,-44.3204,-32.6289,2.31885
CC(=O)c1ccc(N2CCN(C(=O)C[C@H]([NH3+])Cc3cc(F)c(F)cc3F)CC2)cc1,"CHEMBL2069832",3062,Done,5.35,-9.08416,"glide_grid_1X70",-9.09306,-1.32561,-1.03752,-0,-2.25119,-33.089,-19.7889,0.391872,-0.24783,-89.7909,-52.8779,10.208
CC(=O)c1ccc(N2CCN(C(=O)C[C@H](N)Cc3cc(F)c(F)cc3F)CC2)cc1,"CHEMBL2069832",3063,Done,5.13,-3.4846,"glide_grid_1X70",-5.9779,-1.16837,-0.551196,-0,-1.80674,-36.413,-7.21661,0.562252,-0.110699,-55.1901,-43.6296,10.1751
[NH3+][C@@H](CC(=O)N1CCN(c2ccccc2-c2ccccc2)CC1)Cc1cc(F)c(F)cc1F,"CHEMBL2069833",3064,Done,7.74,-8.06787,"glide_grid_1X70",-8.07677,-1.20885,-0.664572,-0,-1.84765,-35.521,-18.5784,0.408289,-0.201175,-85.7576,-54.0994,10.0656
N[C@@H](CC(=O)N1CCN(c2ccccc2-c2ccccc2)CC1)Cc1cc(F)c(F)cc1F,"CHEMBL2069833",3065,Done,9.12,-0.54799,"glide_grid_1X70",-3.04129,-0.528824,-0.29587,-0,-0.461958,-27.548,-5.77035,0.58563,-0.0973137,-39.3493,-33.3184,1.22241
N#Cc1ccccc1N1CCN(C(=O)C[C@H]([NH3+])Cc2cc(F)c(F)cc2F)CC1,"CHEMBL2069834",3066,Done,6.39,-8.63559,"glide_grid_1X70",-8.64449,-1.14269,-0.845191,-0,-2.33357,-36.0578,-18.3637,0.422226,-0.187805,-92.9672,-54.4215,6.26402
N#Cc1ccccc1N1CCN(C(=O)C[C@H](N)Cc2cc(F)c(F)cc2F)CC1,"CHEMBL2069834",3067,Done,4.67,-3.10826,"glide_grid_1X70",-5.60156,-1.12179,-0.576,-0,-1.55026,-31.6748,-8.54712,0.605904,-0.0936131,-48.0426,-40.2219,13.4548
N#Cc1ccc(N2CCN(C(=O)C[C@H]([NH3+])Cc3cc(F)c(F)cc3F)CC2)cc1,"CHEMBL2069835",3068,Done,5.19,-8.15688,"glide_grid_1X70",-8.16578,-1.2639,-0.670567,-0,-2.39289,-37.2352,-14.279,0.422226,-0.257031,-87.5439,-51.5142,3.24205
N#Cc1ccc(N2CCN(C(=O)C[C@H](N)Cc3cc(F)c(F)cc3F)CC2)cc1,"CHEMBL2069835",3069,Done,4.13,-2.86977,"glide_grid_1X70",-5.36307,-1.16555,-0.359501,-0,-1.69945,-37.4792,-4.68579,0.605904,-0.16765,-52.0702,-42.165,6.27012
COc1cc(C[NH+]2CCN(C(=O)C[C@H]([NH3+])Cc3cc(F)c(F)cc3F)CC2)cc(OC)c1,"CHEMBL2069836",3070,Done,7.04,-9.17006,"glide_grid_1X70",-9.41526,-0.994588,-1.00043,-0,-1.9522,-34.8461,-26.4467,0.409944,-0.168675,-103.786,-61.2928,10.1391
COc1cc(CN2CCN(C(=O)C[C@H]([NH3+])Cc3cc(F)c(F)cc3F)CC2)cc(OC)c1,"CHEMBL2069836",3071,Done,7.01,-6.68803,"glide_grid_1X70",-7.36383,-1.26013,-0.434283,-0,-2.04961,-33.6702,-14.3493,0.411606,-0.195507,-71.1284,-48.0195,17.0242
COc1cc(C[NH+]2CCN(C(=O)C[C@H](N)Cc3cc(F)c(F)cc3F)CC2)cc(OC)c1,"CHEMBL2069836",3072,Done,6.56,-3.4886,"glide_grid_1X70",-5.9827,-0.965841,-0.623968,-0,-1.39724,-29.565,-13.5807,0.588009,-0.0683178,-59.1461,-43.1456,15.968
[NH3+][C@@H](CC(=O)N1CCN(C(=O)c2ccccc2)CC1)Cc1cc(F)c(F)cc1F,"CHEMBL2069838",3073,Done,7.78,-7.43262,"glide_grid_1X70",-7.44282,-1.23863,-0.55291,-0,-2.39815,-32.1212,-12.9333,0.49995,-0.207032,-75.7675,-45.0544,8.22035
N[C@@H](CC(=O)N1CCN(C(=O)c2ccccc2)CC1)Cc1cc(F)c(F)cc1F,"CHEMBL2069838",3074,Done,5.82,-4.39076,"glide_grid_1X70",-6.80276,-1.27414,-0.877575,-0,-1.73644,-33.235,-12.7438,0.717418,-0.0587019,-62.1011,-45.9789,10.006
[NH3+][C@@H](CC(=O)N1CCN(C(=O)c2ccc(F)cc2)CC1)Cc1cc(F)c(F)cc1F,"CHEMBL2069839",3075,Done,7.05,-8.35363,"glide_grid_1X70",-8.36383,-1.18043,-0.811908,-0,-1.333,-30.611,-24.6061,0.462333,-0.279362,-86.8473,-55.2171,8.87524
N[C@@H](CC(=O)N1CCN(C(=O)c2ccc(F)cc2)CC1)Cc1cc(F)c(F)cc1F,"CHEMBL2069839",3076,Done,5.77,-3.3339,"glide_grid_1X70",-5.7459,-1.26008,-0.320851,-0,-1.727,-36.4351,-6.94269,0.663324,-0.238142,-58.9926,-43.3777,4.69566
[NH3+][C@@H](CC(=O)N1CCN(C(=O)c2ccc(O)cc2)CC1)Cc1cc(F)c(F)cc1F,"CHEMBL2069840",3077,Done,8.84,-9.68967,"glide_grid_1X70",-9.74647,-1.55475,-1.34816,-0,-1.70741,-28.7014,-31.779,0.466283,-0.167374,-102.312,-60.4804,7.80186
[NH3+][C@@H](CC(=O)N1CCN(C(=O)c2ccc([O-])cc2)CC1)Cc1cc(F)c(F)cc1F,"CHEMBL2069840",3078,Done,7.7,-6.16072,"glide_grid_1X70",-7.70132,-1.08822,-0.762287,-0,-2.29975,-33.7154,-13.9185,0.468302,-0.24581,-82.7905,-47.6339,7.15345
N[C@@H](CC(=O)N1CCN(C(=O)c2ccc(O)cc2)CC1)Cc1cc(F)c(F)cc1F,"CHEMBL2069840",3079,Done,7.67,-3.71962,"glide_grid_1X70",-6.17442,-1.38943,-0.418466,-0,-1.71829,-34.8176,-9.55933,0.669003,-0.142458,-56.0426,-44.3769,12.1422
[NH3+][C@@H](CC(=O)N1CCN(C(=O)c2ccc(OC(F)(F)F)cc2)CC1)Cc1cc(F)c(F)cc1F,"CHEMBL2069841",3080,Done,8.75,-6.87653,"glide_grid_1X70",-6.88593,-0.852475,-0.850132,-0,-0.823693,-41.5569,-15.6113,0.414605,-0.354699,-85.3998,-57.1682,9.89649
N[C@@H](CC(=O)N1CCN(C(=O)c2ccc(OC(F)(F)F)cc2)CC1)Cc1cc(F)c(F)cc1F,"CHEMBL2069841",3081,Done,7.6,-2.85588,"glide_grid_1X70",-5.31428,-1.02476,-0.304,-0,-1.27395,-44.3854,-5.6614,0.594528,-0.237615,-54.5044,-50.0468,23.8146
[NH3+][C@@H](CC(=O)N1CCN(C(=O)c2ccc(C(F)(F)F)cc2)CC1)Cc1cc(F)c(F)cc1F,"CHEMBL2069842",3082,Done,9.28,-5.43259,"glide_grid_1X70",-5.44279,-0.171859,-0.417143,-0,-0.600764,-25.4098,-19.6092,0.377593,-0.418746,-66.2122,-45.019,7.22186
N[C@@H](CC(=O)N1CCN(C(=O)c2ccc(C(F)(F)F)cc2)CC1)Cc1cc(F)c(F)cc1F,"CHEMBL2069842",3083,Done,11.87,-2.02987,"glide_grid_1X70",-4.44187,-1.00121,-0.21833,-0,-1.30729,-28.4598,-6.23305,0.541517,-0.0986073,-43.0941,-34.6929,5.22034
NS(=O)(=O)c1ccc(C(=O)N2CCN(C(=O)C[C@H]([NH3+])Cc3cc(F)c(F)cc3F)CC2)cc1,"CHEMBL2069843",3084,Done,10.41,-7.60006,"glide_grid_1X70",-7.61026,-0.878046,-0.676187,-0,-1.17185,-37.4894,-19.4465,0.361991,-0.454729,-88.9455,-56.9359,10.7967
N[C@@H](CC(=O)N1CCN(C(=O)c2ccc(S(N)(=O)=O)cc2)CC1)Cc1cc(F)c(F)cc1F,"CHEMBL2069843",3085,Done,11.73,-3.92426,"glide_grid_1X70",-6.33626,-1.1054,-1.07855,-0,-0.914378,-40.6091,-11.1149,0.5191,-0.0593477,-64.6922,-51.7239,12.0887
[NH3+][C@@H](CC(=O)N1CCN(C(=O)c2ccc(C(=O)[O-])cc2)CC1)Cc1cc(F)c(F)cc1F,"CHEMBL2069844",3086,Done,7.81,-8.73482,"glide_grid_1X70",-8.74502,-1.07844,-1.24978,-0,-1.58679,-31.3536,-23.0317,0.416729,-0.224301,-86.5225,-54.3852,21.2863
N[C@@H](CC(=O)N1CCN(C(=O)c2ccc(C(=O)[O-])cc2)CC1)Cc1cc(F)c(F)cc1F,"CHEMBL2069844",3087,Done,5.87,-3.28585,"glide_grid_1X70",-5.69785,-1.05257,-0.670447,-0,-1.69617,-29.9892,-8.38383,0.597761,-0.119394,-49.3215,-38.3731,12.1028
[NH3+][C@@H](CC(=O)N1CCN(C(=O)c2cccc(C(=O)[O-])c2)CC1)Cc1cc(F)c(F)cc1F,"CHEMBL2069845",3088,Done,7.34,-7.89218,"glide_grid_1X70",-7.90238,-1.01618,-0.894058,-0,-2.07218,-35.6873,-15.3456,0.416729,-0.250485,-86.4936,-51.0329,12.4196
N[C@@H](CC(=O)N1CCN(C(=O)c2cccc(C(=O)[O-])c2)CC1)Cc1cc(F)c(F)cc1F,"CHEMBL2069845",3089,Done,6.89,-3.9356,"glide_grid_1X70",-6.3476,-1.09213,-0.92192,-0,-1.64651,-35.5571,-9.5543,0.597761,-0.0737983,-60.8273,-45.1114,12.178
[NH3+][C@@H](CC(=O)N1CCN(C(=O)c2ccco2)CC1)Cc1cc(F)c(F)cc1F,"CHEMBL2069847",3090,Done,7.78,-8.60443,"glide_grid_1X70",-8.61433,-1.0779,-0.915207,-0,-2.2436,-40.4447,-18.1048,0.522977,-0.162657,-96.4236,-58.5494,8.11957
N[C@@H](CC(=O)N1CCN(C(=O)c2ccco2)CC1)Cc1cc(F)c(F)cc1F,"CHEMBL2069847",3091,Done,7.86,-3.52415,"glide_grid_1X70",-5.95235,-1.15696,-0.543863,-0,-1.68643,-35.3788,-10.2064,0.750538,-0.0157373,-50.0212,-45.5852,25.0957
[NH3+][C@@H](CC(=O)N1CCN(C(=O)c2ccc3ccccc3n2)CC1)Cc1cc(F)c(F)cc1F,"CHEMBL2069848",3092,Done,5.8,-6.73012,"glide_grid_1X70",-6.74002,-1.29181,-0.572605,-0,-1.04742,-30.2877,-18.2618,0.576416,-0.150955,-77.694,-48.5495,7.00112
N[C@@H](CC(=O)N1CCN(C(=O)c2ccc3ccccc3n2)CC1)Cc1cc(F)c(F)cc1F,"CHEMBL2069848",3093,Done,5.35,-2.10371,"glide_grid_1X70",-4.53191,-1.16518,-0.234661,-0,-1.39703,-32.9718,-4.15722,0.578736,-0.0415933,-39.7901,-37.129,15.793
COc1cccc2cc(C(=O)N3CCN(C(=O)C[C@H]([NH3+])Cc4cc(F)c(F)cc4F)CC3)oc12,"CHEMBL2069849",3094,Done,6.99,-9.11033,"glide_grid_1X70",-9.12023,-1.5473,-0.850798,-0,-1.93703,-41.4408,-19.5376,0.374633,-0.157043,-101.43,-60.9784,10.5194
COc1cccc2cc(C(=O)N3CCN(C(=O)C[C@H](N)Cc4cc(F)c(F)cc4F)CC3)oc12,"CHEMBL2069849",3095,Done,7.21,-2.19947,"glide_grid_1X70",-4.62767,-1.05323,-0.275167,-0,-1.08812,-35.3544,-6.45811,0.537264,-0.0119806,-51.0012,-41.8125,6.90436
[NH3+][C@@H](CC(=O)N1CCN(C(=O)c2ccccn2)CC1)Cc1cc(F)c(F)cc1F,"CHEMBL2069850",3096,Done,7.88,-9.45935,"glide_grid_1X70",-9.46925,-1.2205,-0.986284,-0,-2.34739,-33.2893,-23.9249,0.497766,-0.159637,-98.0317,-57.2142,8.89831
N[C@@H](CC(=O)N1CCN(C(=O)c2ccccn2)CC1)Cc1cc(F)c(F)cc1F,"CHEMBL2069850",3097,Done,6.68,-2.46636,"glide_grid_1X70",-4.89456,-1.16547,-0.323034,-0,-1.79894,-31.0099,-4.48746,0.714277,-0.0977806,-46.6615,-35.4974,5.34193
[NH3+][C@@H](CC(=O)N1CCN(C(=O)c2cnccn2)CC1)Cc1cc(F)c(F)cc1F,"CHEMBL2069851",3098,Done,7.65,-9.08254,"glide_grid_1X70",-9.09244,-1.23807,-0.959837,-0,-2.26147,-33.4378,-21.7499,0.495597,-0.194279,-97.1588,-55.1877,8.24214
N[C@@H](CC(=O)N1CCN(C(=O)c2cnccn2)CC1)Cc1cc(F)c(F)cc1F,"CHEMBL2069851",3099,Done,6.25,-4.02879,"glide_grid_1X70",-6.45699,-1.09145,-1.11254,-0,-1.46299,-35.3575,-11.1979,0.711158,-0.0536122,-54.5879,-46.5553,21.5475
[NH3+][C@@H](CC(=O)N1CCN(C(=O)c2ccc(=O)[nH]c2)CC1)Cc1cc(F)c(F)cc1F,"CHEMBL2069852",3100,Done,8.48,-7.91207,"glide_grid_1X70",-7.92197,-1.11595,-0.546343,-0,-2.45058,-41.2479,-13.2527,0.464317,-0.22311,-92.0894,-54.5006,6.09805
N[C@@H](CC(=O)N1CCN(C(=O)c2ccc(=O)[nH]c2)CC1)Cc1cc(F)c(F)cc1F,"CHEMBL2069852",3101,Done,6.94,-2.84299,"glide_grid_1X70",-5.27119,-1.03741,-0.503193,-0,-1.50307,-32.7922,-8.26956,0.666175,-0.0136614,-51.5845,-41.0617,7.96448
[NH3+][C@@H](CC(=O)N1CCN(C(=O)c2cc([O-])c3cccc(O)c3n2)CC1)Cc1cc(F)c(F)cc1F,"CHEMBL2069853",3102,Done,8.4,-7.59466,"glide_grid_1X70",-7.72076,-0.924854,-1.0736,-0,-1.04918,-34.644,-20.6808,0.35799,-0.196802,-84.4557,-55.3248,20.8725
[NH3+][C@@H](CC(=O)N1CCN(C(=O)c2cc([O-])c3cccc([O-])c3n2)CC1)Cc1cc(F)c(F)cc1F,"CHEMBL2069853",3103,Done,7.1,-6.77404,"glide_grid_1X70",-8.16754,-1.4443,-0.763059,-0,-1.92293,-38.1351,-15.5089,0.359346,-0.163511,-95.1901,-53.644,9.65423
[NH3+][C@@H](CC(=O)N1CCN(C(=O)c2cc(O)c3cccc(O)c3n2)CC1)Cc1cc(F)c(F)cc1F,"CHEMBL2069853",3104,Done,8.67,-5.00018,"glide_grid_1X70",-6.74228,-1.00806,-0.657375,-0,-0.98554,-25.8011,-20.7941,0.509489,-0.191613,-72.5046,-46.5952,5.24242
[NH3+][C@@H](CC(=O)N1CCN(C(=O)c2cc(O)c3cccc([O-])c3n2)CC1)Cc1cc(F)c(F)cc1F,"CHEMBL2069853",3105,Done,7.16,-3.5541,"glide_grid_1X70",-5.6304,-1.09294,-0.366847,-0,-0.645149,-28.6118,-16.0408,0.511414,-0.200175,-68.4333,-44.6526,9.39536
N[C@@H](CC(=O)N1CCN(C(=O)c2cc([O-])c3cccc(O)c3n2)CC1)Cc1cc(F)c(F)cc1F,"CHEMBL2069853",3106,Done,6.71,-0.570343,"glide_grid_1X70",-3.11474,-0.375673,-0.666698,-0,-0.164648,-31.8583,-4.60742,0.513351,-0.137049,-43.349,-36.4657,3.00806
[NH3+][C@@H](CC(=O)N1CCN(C(=O)c2cc3ccccc3s2)CC1)Cc1cc(F)c(F)cc1F,"CHEMBL2069854",3107,Done,7.42,-5.91217,"glide_grid_1X70",-5.92207,-1.28686,-0.311002,-0,-1.15609,-28.9535,-13.7583,0.565025,-0.221722,-69.2269,-42.7118,7.52116
N[C@@H](CC(=O)N1CCN(C(=O)c2cc3ccccc3s2)CC1)Cc1cc(F)c(F)cc1F,"CHEMBL2069854",3108,Done,4.49,-1.88934,"glide_grid_1X70",-4.31754,-1.23773,-0.297306,-0,-1.02402,-30.0728,-4.54854,0.567276,-0.139843,-43.609,-34.6214,4.39676
Cn1c(C(=O)N2CCN(C(=O)C[C@H]([NH3+])Cc3cc(F)c(F)cc3F)CC2)cc2ccccc21,"CHEMBL2069855",3109,Done,6.16,-8.67583,"glide_grid_1X70",-8.68573,-1.26449,-0.812386,-0,-2.05137,-38.4246,-19.1882,0.400274,-0.158304,-95.9992,-57.6128,8.17424
Cn1c(C(=O)N2CCN(C(=O)C[C@H](N)Cc3cc(F)c(F)cc3F)CC2)cc2ccccc21,"CHEMBL2069855",3110,Done,7.64,-1.26054,"glide_grid_1X70",-3.68874,-0.403038,-0.304,-0,-0.337934,-32.6669,-8.71508,0.574111,-0.277271,-47.8381,-41.382,4.36009
[NH3+][C@@H](CC(=O)N1CCN(C(=O)c2cc3ccccc3o2)CC1)Cc1cc(F)c(F)cc1F,"CHEMBL2069856",3111,Done,6.56,-8.60542,"glide_grid_1X70",-8.61532,-1.06777,-0.74668,-0,-2.13465,-35.4485,-20.7918,0.421799,-0.196822,-91.669,-56.2403,8.75705
N[C@@H](CC(=O)N1CCN(C(=O)c2cc3ccccc3o2)CC1)Cc1cc(F)c(F)cc1F,"CHEMBL2069856",3112,Done,5.72,-0.909975,"glide_grid_1X70",-3.33817,-1.06705,-0.308447,-0,-0.718683,-28.6922,-2.58069,0.60505,-0.0273328,-31.542,-31.2729,16.6487
[NH3+][C@@H](CC(=O)N1CCN(C(=O)c2cc(Cl)ccn2)CC1)Cc1cc(F)c(F)cc1F,"CHEMBL2069857",3113,Done,7.31,-7.94817,"glide_grid_1X70",-7.95807,-1.16494,-0.504507,-0,-2.30955,-40.4213,-14.668,0.429788,-0.187589,-89.3713,-55.0893,7.5176
N[C@@H](CC(=O)N1CCN(C(=O)c2cc(Cl)ccn2)CC1)Cc1cc(F)c(F)cc1F,"CHEMBL2069857",3114,Done,5.89,-2.29004,"glide_grid_1X70",-4.71824,-1.00346,-0.304,-0,-1.33712,-36.6912,-5.19364,0.616533,-0.0765894,-49.5572,-41.8848,11.1493
[NH3+][C@@H](CC(=O)N1CCN(C(=O)c2cccc(F)n2)CC1)Cc1cc(F)c(F)cc1F,"CHEMBL2069859",3115,Done,7.63,-8.47691,"glide_grid_1X70",-8.48681,-1.12862,-0.839862,-0,-2.2718,-35.632,-18.0218,0.460392,-0.222043,-92.2567,-53.6538,6.98801
N[C@@H](CC(=O)N1CCN(C(=O)c2cccc(F)n2)CC1)Cc1cc(F)c(F)cc1F,"CHEMBL2069859",3116,Done,5.92,-4.03337,"glide_grid_1X70",-6.46157,-1.16902,-0.96,-0,-1.68401,-35.9486,-9.67826,0.660532,-0.0599048,-54.264,-45.6269,18.3508
[NH3+][C@@H](CC(=O)N1CCN(C(=O)c2ncc(F)cc2F)CC1)Cc1cc(F)c(F)cc1F,"CHEMBL2069860",3117,Done,6.81,-8.97606,"glide_grid_1X70",-8.98596,-1.35802,-1.03432,-0,-1.91787,-30.1466,-22.7864,0.427088,-0.177531,-90.5726,-52.9331,8.71389
N[C@@H](CC(=O)N1CCN(C(=O)c2ncc(F)cc2F)CC1)Cc1cc(F)c(F)cc1F,"CHEMBL2069860",3118,Done,4.91,-2.75575,"glide_grid_1X70",-5.18395,-1.62248,-0.299114,-0,-1.28836,-30.9239,-6.03783,0.612652,-0.134784,-50.0968,-36.9617,2.46121
NC(=O)[C@@H]1CCCN1C(=O)CCNC(=O)c1ccccc1,"CHEMBL2086587",3119,Done,7.6,-5.85838,"glide_grid_1X70",-5.85838,-1.43249,-0.583043,-0,-1.87978,-31.1148,-8.56107,1.08749,-0.210661,-53.5336,-39.6759,7.34156
COc1ccc(C(=O)NCCC(=O)N2CCC[C@H]2C(N)=O)cc1,"CHEMBL2086588",3120,Done,7.74,-4.82187,"glide_grid_1X70",-4.82187,-0.945809,-0.532177,-0,-1.29311,-25.9333,-10.6459,1.09764,-0.254866,-46.1883,-36.5792,7.55062
NC(=O)[C@@H]1CCCN1C(=O)CCNC(=O)c1ccc(O)cc1,"CHEMBL2086589",3121,Done,10.72,-4.57941,"glide_grid_1X70",-4.59481,-0.454632,-0.701327,-0,-1.39328,-21.809,-12.98,1.18779,-0.195925,-44.0068,-34.7889,8.41625
NC(=O)[C@@H]1CCCN1C(=O)CCNC(=O)c1ccc([O-])cc1,"CHEMBL2086589",3122,Done,6.21,-3.33901,"glide_grid_1X70",-5.51001,-1.36186,-0.577798,-0,-1.68018,-30.9526,-7.44914,0.995583,-0.220758,-51.3349,-38.4018,6.71787
NC(=O)[C@@H]1CCCN1C(=O)CCNC(=O)c1ccc(F)cc1,"CHEMBL2086590",3123,Done,7.73,-6.12947,"glide_grid_1X70",-6.12947,-1.34856,-0.596031,-0,-1.93151,-30.3283,-9.9417,0.978609,-0.224319,-52.4427,-40.27,11.6754
N#Cc1ccc(C(=O)NCCC(=O)N2CCC[C@H]2C(N)=O)cc1,"CHEMBL2086591",3124,Done,6.44,-1.99568,"glide_grid_1X70",-1.99568,-0.190994,-0.140108,-0,-1.37619,-11.1264,-4.16242,1.12866,-0.236364,-18.1953,-15.2889,5.64795
NC(=O)[C@@H]1CCCN1C(=O)CCNC(=O)c1ccc(C(F)(F)F)cc1,"CHEMBL2086592",3125,Done,10.17,-4.13083,"glide_grid_1X70",-4.13083,-0.319395,-0.527008,-0,-0.972738,-22.9564,-11.628,0.899546,-0.319212,-42.9808,-34.5844,7.30429
Cc1ccc(C(=O)NCCC(=O)N2CCC[C@H]2C(N)=O)cc1,"CHEMBL2086593",3126,Done,8.16,-5.7479,"glide_grid_1X70",-5.7479,-1.53232,-0.36667,-0,-1.82272,-31.8283,-9.23249,1.20137,-0.25127,-54.1751,-41.0608,8.41088
NC(=O)[C@@H]1CCCN1C(=O)CCNC(=O)c1ccc(-c2ccccc2)cc1,"CHEMBL2086594",3127,Done,6.55,-5.33725,"glide_grid_1X70",-5.33725,-1.25245,-0.336145,-0,-1.48231,-33.7201,-8.91552,1.00836,-0.251362,-52.8328,-42.6356,8.36711
NC(=O)[C@@H]1CCCN1C(=O)CCCNC(=O)c1ccccc1,"CHEMBL2086595",3128,Done,7.78,-5.89423,"glide_grid_1X70",-5.89423,-1.4295,-0.565215,-0,-1.82535,-32.7371,-9.37311,1.20137,-0.232701,-54.0664,-42.1102,10.3889
COc1ccc(C(=O)NCCCC(=O)N2CCC[C@H]2C(N)=O)cc1,"CHEMBL2086596",3129,Done,7.49,-5.59055,"glide_grid_1X70",-5.59055,-1.74632,-0.705497,-0,-1.35684,-27.8767,-8.7937,1.187,-0.255999,-45.2073,-36.6704,17.2534
NC(=O)[C@@H]1CCCN1C(=O)CCCNC(=O)c1ccc(O)cc1,"CHEMBL2086597",3130,Done,10.71,-5.75917,"glide_grid_1X70",-5.77387,-1.38125,-0.583394,-0,-1.62595,-31.9138,-10.8887,1.28058,-0.234858,-57.5651,-42.8025,6.90373
NC(=O)[C@@H]1CCCN1C(=O)CCCNC(=O)c1ccc([O-])cc1,"CHEMBL2086597",3131,Done,7.32,-3.50571,"glide_grid_1X70",-5.70501,-1.45756,-0.607433,-0,-1.59728,-29.6204,-9.46402,1.10377,-0.245882,-51.1504,-39.0844,9.92535
NC(=O)[C@@H]1CCCN1C(=O)CCCNC(=O)c1ccc(F)cc1,"CHEMBL2086598",3132,Done,7.6,-6.18605,"glide_grid_1X70",-6.18605,-1.35001,-0.579885,-0,-1.9163,-31.4156,-10.7788,1.08569,-0.23793,-55.3023,-42.1945,10.0919
N#Cc1ccc(C(=O)NCCCC(=O)N2CCC[C@H]2C(N)=O)cc1,"CHEMBL2086599",3133,Done,6.28,-5.52162,"glide_grid_1X70",-5.52162,-0.775316,-0.306387,-0,-2.07512,-34.7188,-10.8903,1.21925,-0.214557,-57.22,-45.6091,11.1663
NC(=O)[C@@H]1CCCN1C(=O)CCCNC(=O)c1ccc(C(F)(F)F)cc1,"CHEMBL2086600",3134,Done,8.92,-3.29856,"glide_grid_1X70",-3.29856,-0.0370187,-0.271152,-0,-0.875712,-28.2512,-9.41424,0.97978,-0.269765,-43.3968,-37.6655,7.60351
Cc1ccc(C(=O)NCCCC(=O)N2CCC[C@H]2C(N)=O)cc1,"CHEMBL2086601",3135,Done,8.16,-5.93571,"glide_grid_1X70",-5.93571,-1.42232,-0.476115,-0,-1.60992,-32.8167,-11.992,1.29463,-0.282361,-55.9888,-44.8087,11.9844
COc1ccc(C(=O)Nc2ccc(C(=O)N3CCC[C@H]3C(N)=O)cc2)cc1,"CHEMBL2086604",3138,Done,8.57,-2.21684,"glide_grid_1X70",-2.21684,-0.879215,-0.53568,-0,1.26013,-27.0218,-8.26384,0.713365,-0.184777,-29.6927,-35.2856,8.77443
NC(=O)[C@@H]1CCCN1C(=O)c1ccc(NC(=O)c2ccc(O)cc2)cc1,"CHEMBL2086605",3139,Done,11.5,-5.32259,"glide_grid_1X70",-5.34139,-0.494259,-0.729094,-0,-1.15098,-26.3213,-14.5894,0.764627,-0.227209,-52.1985,-40.9106,12.915
N#Cc1ccc(C(=O)Nc2ccc(C(=O)N3CCC[C@H]3C(N)=O)cc2)cc1,"CHEMBL2086607",3142,Done,7.44,-3.15746,"glide_grid_1X70",-3.15826,-0.7956,-0.20128,-0,-0.627126,-30.0956,-3.2546,0.731086,-0.272366,-38.0836,-33.3502,5.58243
NC(=O)[C@@H]1CCCN1C(=O)c1ccc(NC(=O)c2ccc(C(F)(F)F)cc2)cc1,"CHEMBL2086608",3143,Done,10.99,-4.20035,"glide_grid_1X70",-4.20035,-0.484348,-0.441596,-0,-0.898066,-26.3816,-8.54142,0.597963,-0.374013,-45.4302,-34.9231,4.63989
CS(=O)(=O)n1cc2c(n1)CN([C@H]1CO[C@H](c3cc(F)ccc3F)[C@@H]([NH3+])C1)C2,"CHEMBL2105762",3152,Done,2.46,-8.78333,"glide_grid_1X70",-9.20343,-1.13509,-0.590211,-0,-2.12123,-36.5987,-23.0625,0.171936,-0.239524,-103.72,-59.6613,0.27557
CS(=O)(=O)n1cc2c(n1)C[N@H+]([C@H]1CO[C@H](c3cc(F)ccc3F)[C@@H]([NH3+])C1)C2,"CHEMBL2105762",3153,Done,2.56,-9.08065,"glide_grid_1X70",-9.54645,-1.11233,-0.559017,-0,-2.01473,-35.1765,-28.4479,0.171158,-0.272709,-113.839,-63.6244,0.286399
CS(=O)(=O)n1cc2c(n1)C[N@H+]([C@H]1CO[C@H](c3cc(F)ccc3F)[C@@H](N)C1)C2,"CHEMBL2105762",3154,Done,2.29,-2.30257,"glide_grid_1X70",-4.05137,-0.527928,-0.373307,-0,-0.877591,-18.8226,-9.4859,0.245623,-0.154152,-38.744,-28.3085,4.85099
Cc1ccc(F)cc1Cn1c(N2CCC[C@@H]([NH3+])C2)nc2c3ccc(C(=O)[O-])cc3n(C)c(=O)c21,"CHEMBL2147056",3155,Done,2.48,-6.51041,"glide_grid_1X70",-6.60831,-1.30664,-0.45535,-0,-0.904642,-27.8514,-17.7885,0.281408,-0.162241,-69.4688,-45.6399,4.06916
Cc1ccc(F)cc1Cn1c(N2CCC[C@@H]([NH3+])C2)[nH+]c2c3ccc(C(=O)[O-])cc3n(C)c(=O)c21,"CHEMBL2147056",3156,Done,2.78,-5.37114,"glide_grid_1X70",-6.49904,-1.33334,-0.50162,-0,-0.928163,-29.3114,-15.8948,0.280296,-0.166417,-72.8625,-45.2062,3.42235
[NH3+][C@@H]1CCCN(c2nc3c4ccccc4[nH]c(=O)c3n2Cc2ccccc2Cl)C1,"CHEMBL2147057",3157,Done,3.15,-5.0649,"glide_grid_1X70",-5.3373,-0.620855,-0.434553,-0,-1.15111,-25.6466,-12.5775,0.247246,-0.209078,-57.4614,-38.2241,1.13198
[NH3+][C@@H]1CCCN(c2[nH+]c3c4ccccc4[nH]c(=O)c3n2Cc2ccccc2Cl)C1,"CHEMBL2147057",3158,Done,2.46,-5.70091,"glide_grid_1X70",-6.32331,-0.406608,-0.509908,-0,-1.14424,-25.7948,-20.1781,0.24615,-0.192262,-70.0085,-45.9729,1.89381
[NH3+][C@@H]1CCCN(c2[nH+]c3c4ccccc4[n-]c(=O)c3n2Cc2ccccc2Cl)C1,"CHEMBL2147057",3159,Done,2.3,-3.41428,"glide_grid_1X70",-5.88018,-0.309312,-0.478755,-0,-1.15111,-25.7715,-18.0504,0.247246,-0.192107,-66.0991,-43.8219,1.91463
Cc1ccccc1Cn1c(N2CCC[C@@H]([NH3+])C2)nc2c3cc(C(=O)[O-])ccc3n(C)c(=O)c21,"CHEMBL2147058",3160,Done,2.88,-6.02436,"glide_grid_1X70",-6.13716,-0.938339,-0.490132,-0,-0.906302,-30.879,-16.144,0.302427,-0.139266,-69.9873,-47.023,3.3675
Cc1ccccc1Cn1c(N2CCC[C@@H]([NH3+])C2)[nH+]c2c3cc(C(=O)[O-])ccc3n(C)c(=O)c21,"CHEMBL2147058",3161,Done,2.93,-6.83648,"glide_grid_1X70",-7.88638,-1.57433,-0.64003,-0,-1.42614,-31.5941,-17.9976,0.210832,-0.177365,-81.4272,-49.5917,1.20189
COc1ccccc1Cn1c(N2CCC[C@@H]([NH3+])C2)nc2c3cc(C(=O)[O-])ccc3n(C)c(=O)c21,"CHEMBL2147059",3162,Done,2.98,-4.42613,"glide_grid_1X70",-4.53893,-0.12035,-0.58873,-0,-0.841105,-23.8335,-11.979,0.198537,-0.198759,-51.5075,-35.8125,2.94199
Cn1c(=O)c2c([nH+]c(N3CCC[C@@H]([NH3+])C3)n2Cc2ccccc2F)c2cc(C(=O)[O-])ccc21,"CHEMBL2147060",3164,Done,2.94,-7.62168,"glide_grid_1X70",-7.87628,-1.51865,-0.619041,-0,-1.4862,-34.4603,-16.9306,0.207472,-0.197256,-83.4393,-51.391,2.10316
Cn1c(=O)c2c(nc(N3CCC[C@@H]([NH3+])C3)n2Cc2ccccc2F)c2cc(C(=O)[O-])ccc21,"CHEMBL2147060",3165,Done,2.82,-5.93503,"glide_grid_1X70",-6.58023,-1.39543,-0.559833,-0,-1.08309,-32.8124,-13.5812,0.297598,-0.161681,-70.8854,-46.3936,3.34191
Cn1c(=O)c2c([nH+]c(N3CCC[C@@H](N)C3)n2Cc2ccccc2F)c2cc(C(=O)[O-])ccc21,"CHEMBL2147060",3166,Done,2.81,-3.11598,"glide_grid_1X70",-5.76048,-1.36788,-0.456,-0,-0.955799,-36.8803,-9.12733,0.297598,-0.065288,-59.4271,-46.0076,2.93695
COc1cccc(Cn2c(N3CCC[C@@H]([NH3+])C3)nc3c4cc(C(=O)[O-])ccc4n(C)c(=O)c32)c1,"CHEMBL2147062",3167,Done,3.38,-4.86456,"glide_grid_1X70",-4.97736,-0.206126,-0.394107,-0,-0.684924,-24.2828,-17.7352,0.283624,-0.101404,-62.9054,-42.018,1.65277
COc1cccc(Cn2c(N3CCC[C@@H]([NH3+])C3)[nH+]c3c4cc(C(=O)[O-])ccc4n(C)c(=O)c32)c1,"CHEMBL2147062",3168,Done,3.36,-6.87535,"glide_grid_1X70",-7.92525,-1.754,-0.687354,-0,-1.08246,-33.8566,-18.055,0.197749,-0.198103,-81.5417,-51.9116,9.89042
COc1ccc(Cn2c(N3CCC[C@@H]([NH3+])C3)nc3c4cc(C(=O)[O-])ccc4n(C)c(=O)c32)cc1,"CHEMBL2147063",3169,Done,3.55,-6.69233,"glide_grid_1X70",-6.80513,-1.80742,-0.56,-0,-0.638692,-35.3476,-14.3686,0.283624,-0.159977,-73.164,-49.7162,6.69769
COc1ccc(Cn2c(N3CCC[C@@H]([NH3+])C3)[nH+]c3c4cc(C(=O)[O-])ccc4n(C)c(=O)c32)cc1,"CHEMBL2147063",3170,Done,3.32,-4.53297,"glide_grid_1X70",-5.58287,-0.0906325,-0.806813,-0,-0.785539,-20.8732,-18.991,0.197749,-0.20532,-63.4072,-39.8643,1.01611
Cn1c(=O)c2c([nH+]c(N3CCC[C@@H]([NH3+])C3)n2CC2CCCCC2)c2cc(C(=O)[O-])ccc21,"CHEMBL2147065",3171,Done,3.65,-5.82857,"glide_grid_1X70",-5.94657,-0.558403,-0.400634,-0,-1.11643,-25.656,-17.8622,0.217848,-0.126816,-64.3317,-43.5182,8.06087
Cn1c(=O)c2c(nc(N3CCC[C@@H]([NH3+])C3)n2CC2CCCCC2)c2cc(C(=O)[O-])ccc21,"CHEMBL2147065",3172,Done,3.69,-5.90209,"glide_grid_1X70",-6.96809,-1.43254,-0.461609,-0,-1.49883,-34.1226,-12.6508,0.218759,-0.190123,-71.4716,-46.7734,7.23973
Cn1c(=O)c2c([nH+]c(N3CCC[C@@H](N)C3)n2CC2CCCCC2)c2cc(C(=O)[O-])ccc21,"CHEMBL2147065",3173,Done,3.42,-1.57445,"glide_grid_1X70",-4.08235,-1.13569,-0.182653,-0,-0.857616,-32.8329,-3.45944,0.312513,-0.0583384,-40.7779,-36.2924,10.717
CC(C)=CCn1c(N2CCC[C@@H]([NH3+])C2)nc2c3cc(C(=O)[O-])ccc3n(C)c(=O)c21,"CHEMBL2147066",3174,Done,3.76,-6.10798,"glide_grid_1X70",-6.22078,-0.91246,-0.478412,-0,-1.16156,-27.6425,-16.697,0.35231,-0.133973,-68.8443,-44.3395,3.73843
CC(C)=CCn1c(N2CCC[C@@H]([NH3+])C2)[nH+]c2c3cc(C(=O)[O-])ccc3n(C)c(=O)c21,"CHEMBL2147066",3175,Done,3.49,-5.46858,"glide_grid_1X70",-6.51848,-0.875872,-0.56,-0,-1.18954,-26.3351,-18.5302,0.350751,-0.147523,-69.2676,-44.8654,5.45629
CC#CCn1c(N2CCC[C@@H]([NH3+])C2)nc2c3cc(C(=O)[O-])ccc3n(C)c(=O)c21,"CHEMBL2147067",3176,Done,2.65,-6.44027,"glide_grid_1X70",-6.55307,-1.0171,-0.524865,-0,-1.34075,-29.406,-16.3756,0.378596,-0.122309,-71.2253,-45.7816,3.98753
CC#CCn1c(N2CCC[C@@H]([NH3+])C2)[nH+]c2c3cc(C(=O)[O-])ccc3n(C)c(=O)c21,"CHEMBL2147067",3177,Done,2.62,-5.21669,"glide_grid_1X70",-6.26659,-0.640955,-0.508842,-0,-1.33432,-30.2428,-16.5378,0.376859,-0.16652,-72.4391,-46.7806,1.10502
Cn1c(=O)c2c(nc(N3CCC[C@@H]([NH3+])C3)n2Cc2ccccc2Cl)c2ccc(C#N)cc21,"CHEMBL2147072",3178,Done,2.3,-6.01654,"glide_grid_1X70",-6.05314,-0.483763,-0.55511,-0,-0.949168,-31.7944,-16.3653,0.20962,-0.230213,-69.0474,-48.1597,2.79588
Cn1c(=O)c2c([nH+]c(N3CCC[C@@H]([NH3+])C3)n2Cc2ccccc2Cl)c2ccc(C#N)cc21,"CHEMBL2147072",3179,Done,2.41,-4.28175,"glide_grid_1X70",-5.99535,-0.897583,-0.404587,-0,-0.903233,-24.7179,-17.5026,0.208766,-0.137421,-62.6547,-42.2206,4.34046
COc1ccc2c(c1)c1nc(N3CCC[C@@H]([NH3+])C3)n(Cc3ccccc3Cl)c1c(=O)n2C,"CHEMBL2147075",3180,Done,3.04,-5.11217,"glide_grid_1X70",-5.16357,-0.291142,-0.47513,-0,-0.850095,-23.6522,-16.0367,0.205418,-0.164505,-54.3479,-39.6889,7.60327
COc1ccc2c(c1)c1[nH+]c(N3CCC[C@@H]([NH3+])C3)n(Cc3ccccc3Cl)c1c(=O)n2C,"CHEMBL2147075",3181,Done,3,-4.07947,"glide_grid_1X70",-5.57517,-0.0859217,-0.724916,-0,-0.887743,-21.3685,-19.0819,0.204589,-0.15046,-59.8485,-40.4504,4.15095
Cc1ccc2c(c1)c1nc(N3CCC[C@@H]([NH3+])C3)n(Cc3ccccc3Cl)c1c(=O)n2C,"CHEMBL2147076",3182,Done,2.94,-5.84125,"glide_grid_1X70",-5.96185,-0.575357,-0.534776,-0,-0.95984,-30.2124,-16.0443,0.219284,-0.193888,-66.7835,-46.2568,5.53774
Cc1ccc2c(c1)c1[nH+]c(N3CCC[C@@H]([NH3+])C3)n(Cc3ccccc3Cl)c1c(=O)n2C,"CHEMBL2147076",3183,Done,2.39,-5.01313,"glide_grid_1X70",-6.02663,-0.563722,-0.464232,-0,-0.952968,-26.2338,-18.5211,0.21837,-0.17423,-65.5117,-44.7548,4.95974
Cn1c(=O)c2c(nc(N3CCC[C@@H]([NH3+])C3)n2Cc2ccccc2Cl)c2cc(F)ccc21,"CHEMBL2147077",3184,Done,3.06,-4.79892,"glide_grid_1X70",-4.92562,-0.903065,-0.4,-0,-0.796542,-31.8658,-9.51022,0.308172,-0.114362,-58.5711,-41.376,1.3808
Cn1c(=O)c2c([nH+]c(N3CCC[C@@H]([NH3+])C3)n2Cc2ccccc2Cl)c2cc(F)ccc21,"CHEMBL2147077",3185,Done,2.48,-5.1354,"glide_grid_1X70",-6.131,-0.408382,-0.514361,-0,-0.925941,-26.447,-19.4267,0.214828,-0.260796,-68.8495,-45.8737,1.82402
Cn1c(=O)c2c([nH+]c(N3CCC[C@@H]([NH3+])C3)n2Cc2ccccc2)c2cc(C(=O)[O-])ccc21,"CHEMBL2147086",3186,Done,2.97,-6.89578,"glide_grid_1X70",-7.15038,-1.31073,-0.577033,-0,-1.03312,-29.4968,-19.8987,0.319147,-0.0889878,-77.8813,-49.3955,4.25606
Cn1c(=O)c2c(nc(N3CCC[C@@H]([NH3+])C3)n2Cc2ccccc2)c2cc(C(=O)[O-])ccc21,"CHEMBL2147086",3187,Done,2.93,-7.16406,"glide_grid_1X70",-7.80926,-1.68145,-0.529459,-0,-1.20177,-33.8736,-19.1202,0.320499,-0.155378,-81.7236,-52.9938,5.70293
Cn1c(=O)c2c([nH+]c(N3CCC[C@@H](N)C3)n2Cc2ccccc2)c2cc(C(=O)[O-])ccc21,"CHEMBL2147086",3188,Done,3.09,-0.715754,"glide_grid_1X70",-3.36025,-0.427495,-0.304,-0,-0.467134,-25.2417,-7.94235,0.320499,-0.0286861,-39.5358,-33.1841,4.7512
Cn1c(=O)c2c([nH+]c(N3CCC[C@@H]([NH3+])C3)n2Cc2ccccc2Cl)c2ccccc21,"CHEMBL2147087",3189,Done,2.45,-5.28886,"glide_grid_1X70",-5.60306,-0.223815,-0.4,-0,-1.05058,-21.0381,-19.73,0.231634,-0.148892,-60.9964,-40.7681,2.26198
Cn1c(=O)c2c(nc(N3CCC[C@@H]([NH3+])C3)n2Cc2ccccc2Cl)c2ccccc21,"CHEMBL2147087",3190,Done,3.01,-4.29581,"glide_grid_1X70",-4.83911,-0.826083,-0.4,-0,-0.88052,-31.6319,-9.11987,0.332334,-0.115266,-57.4805,-40.7517,1.52793
Cn1c(=O)c2c([nH+]c(N3CCC[C@@H]([NH3+])C3)n2Cc2ccccc2Cl)c2ccc(CO)cc21,"CHEMBL2147183",3192,Done,3.75,-5.30915,"glide_grid_1X70",-5.63475,-0.0212276,-0.447112,-0,-0.538881,-18.3453,-27.248,0.389693,-0.0999532,-60.6345,-45.5933,13.394
Cn1c(=O)c2c(nc(N3CCC[C@@H]([NH3+])C3)n2Cc2ccccc2Cl)c2ccc(CO)cc21,"CHEMBL2147183",3193,Done,3.46,-5.0378,"glide_grid_1X70",-5.5646,-1.30718,-0.4,-0,-0.78575,-26.2079,-13.2241,0.391272,-0.168924,-57.0828,-39.432,4.64496
Cn1c(=O)c2c([nH+]c(N3CCC[C@@H](N)C3)n2Cc2ccccc2Cl)c2ccc(CO)cc21,"CHEMBL2147183",3194,Done,3.98,-1.42634,"glide_grid_1X70",-4.14174,-0.545902,-0.559169,-0,-0.350994,-23.3856,-12.6453,0.391272,-0.0108699,-41.0094,-36.0309,17.7146
CCn1c(=O)c2c(nc(N3CCC[C@@H]([NH3+])C3)n2Cc2ccccc2Cl)c2ccccc21,"CHEMBL2147184",3195,Done,3.13,-5.52451,"glide_grid_1X70",-5.87891,-0.524144,-0.554775,-0,-0.95984,-28.2762,-16.1036,0.219284,-0.230092,-64.8331,-44.3797,3.67445
CCn1c(=O)c2c([nH+]c(N3CCC[C@@H]([NH3+])C3)n2Cc2ccccc2Cl)c2ccccc21,"CHEMBL2147184",3196,Done,3.12,-5.53386,"glide_grid_1X70",-6.01226,-0.487724,-0.411162,-0,-0.957764,-26.4547,-18.8182,0.21837,-0.228507,-66.3299,-45.273,3.75546
CCCn1c(=O)c2c(nc(N3CCC[C@@H]([NH3+])C3)n2Cc2ccccc2Cl)c2ccccc21,"CHEMBL2147185",3197,Done,4.94,-5.5204,"glide_grid_1X70",-5.8748,-1.24077,-0.440153,-0,-0.766002,-28.2407,-14.9386,0.394391,-0.169436,-63.6729,-43.1794,4.42468
CCCn1c(=O)c2c([nH+]c(N3CCC[C@@H]([NH3+])C3)n2Cc2ccccc2Cl)c2ccccc21,"CHEMBL2147185",3198,Done,3.93,-5.27365,"glide_grid_1X70",-5.75205,-0.586997,-0.403474,-0,-0.857332,-25.2709,-17.8136,0.274955,-0.243618,-63.1406,-43.0845,4.37999
COc1cccc2c3nc(N4CCC[C@@H]([NH3+])C4)n(Cc4ccccc4Cl)c3c(=O)n(C)c12,"CHEMBL2147187",3199,Done,2.92,-4.27798,"glide_grid_1X70",-4.33258,-0.236695,-0.399064,-0,-0.902391,-28.5374,-9.44399,0.205418,-0.15638,-52.9218,-37.9814,1.65676
COc1cccc2c3[nH+]c(N4CCC[C@@H]([NH3+])C4)n(Cc4ccccc4Cl)c3c(=O)n(C)c12,"CHEMBL2147187",3200,Done,2.8,-5.2202,"glide_grid_1X70",-6.6807,-0.935287,-0.527291,-0,-0.843881,-31.996,-18.2979,0.204589,-0.234342,-77.9966,-50.2939,3.06096
Cn1c(=O)c2c(nc(N3CCC[C@@H]([NH3+])C3)n2Cc2ccccc2Cl)c2ccc(F)cc21,"CHEMBL2147190",3201,Done,2.76,-4.54555,"glide_grid_1X70",-4.78835,-0.730943,-0.4,-0,-0.76819,-30.453,-10.2505,0.308172,-0.137164,-57.4922,-40.7035,1.38499
Cn1c(=O)c2c([nH+]c(N3CCC[C@@H]([NH3+])C3)n2Cc2ccccc2Cl)c2ccc(F)cc21,"CHEMBL2147190",3202,Done,2.32,-5.05544,"glide_grid_1X70",-5.71594,-0.282517,-0.540516,-0,-0.925941,-21.7972,-19.5932,0.214828,-0.152959,-62.496,-41.3903,1.80635
Cc1ccc2c3nc(N4CCC[C@@H]([NH3+])C4)n(Cc4ccccc4Cl)c3c(=O)n(C)c2c1,"CHEMBL2147192",3203,Done,2.89,-4.62531,"glide_grid_1X70",-4.75491,-0.782919,-0.4,-0,-0.782566,-32.5226,-9.09454,0.313263,-0.112375,-58.0979,-41.6171,1.47138
Cc1ccc2c3[nH+]c(N4CCC[C@@H]([NH3+])C4)n(Cc4ccccc4Cl)c3c(=O)n(C)c2c1,"CHEMBL2147192",3204,Done,2.44,-4.68554,"glide_grid_1X70",-5.66024,-0.196768,-0.557011,-0,-0.959657,-21.4222,-19.6722,0.21837,-0.143242,-61.7884,-41.0944,1.48845
COc1ccc2c3nc(N4CCC[C@@H]([NH3+])C4)n(Cc4ccccc4Cl)c3c(=O)n(C)c2c1,"CHEMBL2147193",3205,Done,3.2,-5.41379,"glide_grid_1X70",-5.52109,-0.650875,-0.380699,-0,-0.850719,-29.7605,-14.3225,0.205418,-0.207817,-60.538,-44.083,11.1637
COc1ccc2c3[nH+]c(N4CCC[C@@H]([NH3+])C4)n(Cc4ccccc4Cl)c3c(=O)n(C)c2c1,"CHEMBL2147193",3206,Done,2.83,-4.13219,"glide_grid_1X70",-5.20959,-0.140751,-0.4367,-0,-0.831214,-20.8438,-18.7582,0.204589,-0.149589,-61.0009,-39.602,3.24572
O=C([C@@H]1C[C@H](N2CCN(c3nc(-c4ccccc4)cs3)CC2)C[NH2+]1)N1CCSC1,"CHEMBL2147702",3208,Done,5.26,-5.63406,"glide_grid_1X70",-6.32306,-1.04474,-0.354495,-0,-1.37404,-39.6084,-11.7842,0.375294,-0.177038,-77.3078,-51.3925,1.85485
O=C([C@@H]1C[C@H](N2CCN(c3[nH+]ccn3-c3ccccc3)CC2)C[NH2+]1)N1CCSC1,"CHEMBL2147703",3210,Done,8.28,-6.86386,"glide_grid_1X70",-7.14036,-0.875267,-0.276559,-0,-1.44272,-36.5529,-19.3886,0.401971,-0.211855,-88.5984,-55.9414,1.67846
O=C([C@@H]1C[C@H]([NH+]2CCN(c3[nH+]ccn3-c3ccccc3)CC2)CN1)N1CCSC1,"CHEMBL2147703",3211,Done,7.37,-5.15093,"glide_grid_1X70",-6.31233,-1.0352,-0.176742,-0,-1.23451,-37.3729,-16.2994,0.574244,-0.126561,-73.7636,-53.6723,7.55807
O=C([C@@H]1C[C@H](N2CCN(c3nccn3-c3ccccc3)CC2)C[NH2+]1)N1CCSC1,"CHEMBL2147703",3214,Done,6.89,-4.78805,"glide_grid_1X70",-7.50685,-1.20709,-0.398909,-0,-1.47319,-40.337,-17.2017,0.403741,-0.234298,-90.6635,-57.5387,2.766
O=C([C@@H]1C[C@H]([NH+]2CCN(c3nnnn3-c3ccccc3)CC2)CN1)N1CCSC1,"CHEMBL2147704",3215,Done,6.8,-3.65363,"glide_grid_1X70",-4.09303,-0.156288,-0.159113,-0,-1.00641,-25.2144,-12.6925,0.57183,-0.178449,-50.1744,-37.9069,4.46027
O=C([C@@H]1C[C@H](N2CCN(c3nnnn3-c3ccccc3)CC2)C[NH2+]1)N1CCSC1,"CHEMBL2147704",3216,Done,7.27,-6.89528,"glide_grid_1X70",-7.42238,-1.14481,-0.371647,-0,-1.50565,-40.5221,-16.6659,0.400281,-0.274567,-90.2758,-57.188,2.17703
O=C([C@@H]1C[C@H](N2CCC(c3nnnn3-c3ccccc3)CC2)C[NH2+]1)N1CCSC1,"CHEMBL2147705",3218,Done,7.15,-6.01042,"glide_grid_1X70",-6.45052,-0.949225,-0.381979,-0,-1.51416,-37.4104,-13.0131,0.402006,-0.184678,-76.481,-50.4235,1.87858
O=C([C@@H]1C[C@H]([NH+]2CCN(c3nnnn3C3CCCCC3)CC2)CN1)N1CCSC1,"CHEMBL2147706",3221,Done,6.63,-3.57257,"glide_grid_1X70",-4.01197,-0.169555,-0.164451,-0,-0.767608,-25.57,-13.2485,0.557092,-0.201672,-51.7762,-38.8185,2.79697
O=C([C@@H]1C[C@H](N2CCN(c3nnnn3C3CCCCC3)CC2)C[NH2+]1)N1CCSC1,"CHEMBL2147706",3222,Done,6.94,-6.55678,"glide_grid_1X70",-7.08388,-1.00533,-0.4,-0,-1.71642,-39.9617,-14.5871,0.389965,-0.165943,-82.8761,-54.5488,7.26837
O=C([C@@H]1C[C@H]([NH+]2CCN(c3ccnn3-c3ccccc3)CC2)CN1)N1CCSC1,"CHEMBL2147707",3224,Done,6.06,-5.24584,"glide_grid_1X70",-5.40574,-0.982751,-0.157531,-0,-1.24231,-35.4101,-11.4029,0.576774,-0.118985,-63.3667,-46.813,4.21288
O=C([C@@H]1C[C@H](N2CCN(c3ccnn3-c3ccccc3)CC2)C[NH2+]1)N1CCSC1,"CHEMBL2147707",3225,Done,6.36,-6.15721,"glide_grid_1X70",-7.15521,-1.13633,-0.37471,-0,-1.51827,-40.6152,-15.2475,0.403741,-0.211764,-87.2076,-55.8626,1.95399
O=C([C@@H]1C[C@H](N2CCN(c3cc(C(F)(F)F)nn3-c3ccccc3)CC2)C[NH2+]1)N1CCSC1,"CHEMBL2147709",3228,Done,7.64,-4.97525,"glide_grid_1X70",-5.97325,-0.772481,-0.36255,-0,-1.04192,-37.8308,-13.5697,0.30619,-0.175491,-76.8349,-51.4005,3.34129
O=C([C@@H]1C[C@H](N2CCC(c3cc(C(F)(F)F)nn3-c3ccccc3)CC2)C[NH2+]1)N1CCSC1,"CHEMBL2147710",3231,Done,7.67,-5.13178,"glide_grid_1X70",-5.88908,-0.918416,-0.261355,-0,-1.00135,-38.5644,-12.6967,0.307342,-0.182584,-75.4414,-51.2611,2.18995
Cc1cc(N2CCN([C@@H]3C[NH2+][C@H](C(=O)N4CCSC4)C3)CC2)n(-c2ccc(F)cc2)n1,"CHEMBL2147711",3234,Done,6.27,-5.50682,"glide_grid_1X70",-6.50482,-1.17172,-0.35478,-0,-1.29379,-35.9748,-13.3496,0.35274,-0.236088,-75.4662,-49.3244,1.81007
Cc1cc(N2CCN([C@@H]3C[NH2+][C@H](C(=O)N4CCSC4)C3)CC2)n(-c2cccc(F)c2)n1,"CHEMBL2147712",3237,Done,6.49,-5.88114,"glide_grid_1X70",-6.87914,-1.16766,-0.392286,-0,-1.32443,-34.9469,-15.3123,0.35274,-0.303315,-79.0349,-50.2592,1.26826
Cc1cc(N2CC[NH+]([C@@H]3CN[C@H](C(=O)N4CCSC4)C3)CC2)n(-c2ccccc2F)n1,"CHEMBL2147713",3239,Done,5.48,-3.94642,"glide_grid_1X70",-4.10632,-0.309715,-0.224531,-0,-0.678939,-27.1022,-12.5172,0.503914,-0.164364,-48.6036,-39.6194,9.15411
Cc1cc(N2CCN([C@@H]3C[NH2+][C@H](C(=O)N4CCSC4)C3)CC2)n(-c2ccccc2F)n1,"CHEMBL2147713",3240,Done,6.62,-5.82291,"glide_grid_1X70",-6.82091,-1.11172,-0.396586,-0,-1.30343,-36.4997,-15.505,0.35274,-0.211179,-79.1951,-52.0047,3.1941
Cc1cc(N2CCN([C@@H]3C[NH2+][C@H](C(=O)N4CCSC4)C3)CC2)n(-c2ccc(Cl)cc2)n1,"CHEMBL2147714",3243,Done,6.29,-5.3408,"glide_grid_1X70",-6.3388,-1.09796,-0.396561,-0,-1.18389,-36.8658,-12.9836,0.330218,-0.19977,-75.0132,-49.8495,1.39402
Cc1cc(N2CC[NH+]([C@@H]3CN[C@H](C(=O)N4CCSC4)C3)CC2)n(-c2ccc(C#N)cc2)n1,"CHEMBL2147715",3245,Done,4.85,-4.88654,"glide_grid_1X70",-5.04644,-0.848122,-0.11709,-0,-1.00055,-35.542,-11.2848,0.489798,-0.100651,-63.0947,-46.8268,1.71222
Cc1cc(N2CCN([C@@H]3C[NH2+][C@H](C(=O)N4CCSC4)C3)CC2)n(-c2ccc(C#N)cc2)n1,"CHEMBL2147715",3246,Done,5.75,-5.25664,"glide_grid_1X70",-6.25464,-0.93324,-0.334937,-0,-1.3667,-34.4503,-13.7155,0.342858,-0.182792,-73.1728,-48.1657,2.67164
Cc1cc(N2CCN([C@@H]3C[NH2+][C@H](C(=O)N4CCSC4)C3)CC2)n(-c2ccccn2)n1,"CHEMBL2147771",3249,Done,6.53,-5.10556,"glide_grid_1X70",-6.10356,-0.904719,-0.325598,-0,-1.4849,-35.4621,-12.1462,0.37853,-0.171838,-71.9734,-47.6083,1.96312
Cc1cc(N2CC[NH+]([C@@H]3CN[C@H](C(=O)N4CCSC4)C3)CC2)n(-c2ccncc2)n1,"CHEMBL2147772",3251,Done,5.04,-4.95824,"glide_grid_1X70",-5.11814,-0.895004,-0.12978,-0,-1.05387,-36.0535,-11.0809,0.540757,-0.115417,-63.0469,-47.1345,3.85117
Cc1cc(N2CCN([C@@H]3C[NH2+][C@H](C(=O)N4CCSC4)C3)CC2)n(-c2ccncc2)n1,"CHEMBL2147772",3252,Done,6.02,-5.65739,"glide_grid_1X70",-6.65539,-1.05886,-0.374599,-0,-1.42737,-36.2723,-14.34,0.37853,-0.208468,-77.6359,-50.6123,2.31123
Cc1cc(N2CC[NH+]([C@@H]3CN[C@H](C(=O)N4CCSC4)C3)CC2)n(-c2cccnc2)n1,"CHEMBL2147773",3254,Done,5.19,-5.61798,"glide_grid_1X70",-5.77788,-0.911736,-0.381944,-0,-1.11291,-33.2831,-13.996,0.540757,-0.148483,-62.7343,-47.2791,7.5895
Cc1cc(N2CCN([C@@H]3C[NH2+][C@H](C(=O)N4CCSC4)C3)CC2)n(-c2cccnc2)n1,"CHEMBL2147773",3255,Done,5.97,-5.70151,"glide_grid_1X70",-6.69951,-0.997926,-0.396952,-0,-1.37033,-36.5935,-15.1532,0.37853,-0.210173,-80.1913,-51.7468,3.21838
Cc1cc(N2CC[NH+]([C@@H]3CN[C@H](C(=O)N4CCSC4)C3)CC2)n(-c2ccc(C#N)cn2)n1,"CHEMBL2147774",3257,Done,4.49,-4.94212,"glide_grid_1X70",-5.10202,-0.83949,-0.102924,-0,-1.03139,-34.1501,-11.9807,0.487858,-0.111467,-62.3102,-46.1308,2.08119
Cc1cc(N2CCN([C@@H]3C[NH2+][C@H](C(=O)N4CCSC4)C3)CC2)n(-c2ccc(C#N)cn2)n1,"CHEMBL2147774",3258,Done,5.45,-5.59914,"glide_grid_1X70",-6.59714,-0.988524,-0.400994,-0,-1.46465,-34.3186,-14.5761,0.341501,-0.18213,-74.3388,-48.8947,4.25211
Cc1cc(N2CCN([C@H]3C[NH2+][C@H](C(=O)N4CCSC4)C3)CC2)n(-c2ccccc2)n1,"CHEMBL2147775",3261,Done,4.82,-5.95514,"glide_grid_1X70",-6.95314,-1.02425,-0.530208,-0,-1.4386,-35.0737,-15.967,0.380115,-0.191461,-78.8156,-51.0407,4.73756
Cc1cc(N2CC[NH+]([C@@H]3CN[C@H](C(=O)N4CCSC4)C3)CC2)n(-c2ccccc2)n1,"CHEMBL2147777",3263,Done,5.53,-5.4776,"glide_grid_1X70",-5.6375,-1.07668,-0.185187,-0,-1.14609,-35.3677,-12.4135,0.543022,-0.142152,-62.5335,-47.7812,8.2017
Cc1cc(N2CCN([C@@H]3C[NH2+][C@H](C(=O)N4CCSC4)C3)CC2)n(-c2ccccc2)n1,"CHEMBL2147777",3264,Done,6.13,-5.4384,"glide_grid_1X70",-6.4364,-1.08637,-0.35145,-0,-1.41726,-33.7466,-13.8883,0.380115,-0.190863,-73.7928,-47.6349,1.65918
Cn1c(=O)c2c(-c3ccccc3)c(C[NH3+])c(N)nc2n(C)c1=O,"CHEMBL2159175",3266,Done,1.81,-7.54008,"glide_grid_1X70",-7.77798,-0.766607,-0.558005,-0,-2.15052,-27.9296,-18.7735,0.133157,-0.223503,-77.1018,-46.7031,0.777794
Cn1c(=O)c2c(-c3ccccc3)c(CN)c(N)nc2n(C)c1=O,"CHEMBL2159175",3267,Done,1.72,-4.36921,"glide_grid_1X70",-5.02481,-0.858613,-0.304,-0,-1.60912,-29.7596,-6.08756,0.191308,-0.0432731,-45.5833,-35.8471,1.73271
Cn1c(=O)c2c(-c3ccc(F)cc3)c(C[NH3+])c(N)nc2n(C)c1=O,"CHEMBL2159176",3268,Done,1.7,-7.68876,"glide_grid_1X70",-7.92846,-0.988207,-0.54729,-0,-2.43731,-30.9054,-15.655,0.120642,-0.182777,-78.3715,-46.5604,0.260488
Cn1c(=O)c2c(-c3ccc(F)cc3)c(CN)c(N)nc2n(C)c1=O,"CHEMBL2159176",3269,Done,1.66,-4.67588,"glide_grid_1X70",-5.32788,-0.948539,-0.304,-0,-1.85874,-29.931,-5.60613,0.173279,-0.0524143,-46.8782,-35.5371,1.80839
Cn1c(=O)c2c(-c3ccc(Br)cc3)c(C[NH3+])c(N)nc2n(C)c1=O,"CHEMBL2159177",3270,Done,1.71,-7.42018,"glide_grid_1X70",-7.66208,-1.03745,-0.718551,-0,-1.52238,-31.4299,-18.1312,0.0892323,-0.181757,-80.0749,-49.5611,2.8088
Cn1c(=O)c2c(-c3ccc(Br)cc3)c(CN)c(N)nc2n(C)c1=O,"CHEMBL2159177",3271,Done,1.68,-3.76657,"glide_grid_1X70",-4.41427,-0.118116,-0.739407,-0,-1.0655,-26.7925,-7.67619,0.128067,-0.128262,-45.2085,-34.4687,0.219084
COc1cccc(-c2c(C[NH3+])c(N)nc3c2c(=O)n(C)c(=O)n3C)c1,"CHEMBL2159178",3272,Done,2.06,-7.23138,"glide_grid_1X70",-7.46928,-0.956815,-0.543188,-0,-1.49741,-32.4777,-18.5508,0.161763,-0.227118,-79.9359,-51.0286,4.28203
COc1cccc(-c2c(CN)c(N)nc3c2c(=O)n(C)c(=O)n3C)c1,"CHEMBL2159178",3273,Done,2.05,-4.64527,"glide_grid_1X70",-5.30087,-1.13321,-0.304,-0,-1.29522,-34.4906,-6.42421,0.162611,-0.0428858,-50.614,-40.9148,4.78966
COc1ccccc1-c1c(C[NH3+])c(N)nc2c1c(=O)n(C)c(=O)n2C,"CHEMBL2159179",3274,Done,1.81,-6.25799,"glide_grid_1X70",-6.49589,-0.114172,-0.864568,-0,-1.60473,-26.2868,-16.5202,0.113234,-0.233281,-67.5937,-42.807,3.1653
COc1ccccc1-c1c(CN)c(N)nc2c1c(=O)n(C)c(=O)n2C,"CHEMBL2159179",3275,Done,1.96,-3.79386,"glide_grid_1X70",-4.44946,-0.0853232,-0.499763,-0,-1.41457,-30.1725,-6.50887,0.162611,-0.127466,-45.2097,-36.6814,2.03262
Cn1c(=O)c2c(-c3ccccc3C#N)c(C[NH3+])c(N)nc2n(C)c1=O,"CHEMBL2159180",3276,Done,1.78,-6.47169,"glide_grid_1X70",-6.70959,-0.171614,-0.618363,-0,-1.65319,-30.1527,-17.7073,0.166052,-0.268756,-74.1127,-47.86,0.923888
Cn1c(=O)c2c(-c3ccccc3C#N)c(CN)c(N)nc2n(C)c1=O,"CHEMBL2159180",3277,Done,1.73,-4.5492,"glide_grid_1X70",-5.2048,-0.980183,-0.40016,-0,-1.82563,-23.7952,-5.64321,0.166934,-0.129526,-41.3582,-29.4384,0.634447
Cn1c(=O)c2c(-c3ccccc3Cl)c(C[NH3+])c(N)nc2n(C)c1=O,"CHEMBL2159181",3278,Done,1.72,-7.20962,"glide_grid_1X70",-7.45042,-1.24642,-0.570888,-0,-1.92597,-29.6611,-14.324,0.110686,-0.186168,-71.9093,-43.9852,1.77999
Cn1c(=O)c2c(-c3ccccc3Cl)c(CN)c(N)nc2n(C)c1=O,"CHEMBL2159181",3279,Done,1.66,-4.5143,"glide_grid_1X70",-5.1642,-1.27534,-0.41486,-0,-1.39216,-29.2061,-4.41996,0.158942,-0.11748,-44.823,-33.6261,0.4038
Cn1c(=O)c2c(-c3ccccc3Br)c(C[NH3+])c(N)nc2n(C)c1=O,"CHEMBL2159182",3280,Done,1.73,-6.82771,"glide_grid_1X70",-7.06341,-1.20089,-0.571158,-0,-1.63317,-28.0092,-14.3739,0.0892323,-0.190888,-69.9654,-42.3831,1.0558
Cn1c(=O)c2c(-c3ccccc3Br)c(CN)c(N)nc2n(C)c1=O,"CHEMBL2159182",3281,Done,1.68,-4.15956,"glide_grid_1X70",-4.81976,-1.23725,-0.414772,-0,-1.11773,-27.7094,-4.50877,0.128067,-0.116295,-42.6407,-32.2182,0.66448
Cn1c(=O)c2c(-c3cccc(Cl)c3Cl)c(C[NH3+])c(N)nc2n(C)c1=O,"CHEMBL2159183",3282,Done,1.74,-7.18263,"glide_grid_1X70",-7.42343,-0.875393,-0.677233,-0,-1.71561,-28.5566,-17.6217,0.0934786,-0.177596,-74.4847,-46.1783,1.0077
Cn1c(=O)c2c(-c3cccc(Cl)c3Cl)c(CN)c(N)nc2n(C)c1=O,"CHEMBL2159183",3283,Done,1.64,-4.51467,"glide_grid_1X70",-5.16457,-0.899372,-0.575277,-0,-1.19691,-28.4202,-7.51464,0.134176,-0.0789714,-47.0802,-35.9349,0.559414
Cn1c(=O)c2c(-c3ccc(Cl)cc3Cl)c(C[NH3+])c(N)nc2n(C)c1=O,"CHEMBL2159184",3284,Done,1.8,-7.55304,"glide_grid_1X70",-7.79384,-1.36911,-0.609635,-0,-1.62629,-30.2104,-17.1842,0.0934786,-0.194132,-76.7965,-47.3946,2.37472
Cn1c(=O)c2c(-c3ccc(Cl)cc3Cl)c(CN)c(N)nc2n(C)c1=O,"CHEMBL2159184",3285,Done,1.61,-4.51205,"glide_grid_1X70",-5.16195,-1.28967,-0.406736,-0,-1.22833,-29.648,-5.22127,0.134176,-0.105806,-46.4011,-34.8693,0.371126
Cn1c(=O)c2c(-c3cc(Cl)ccc3Cl)c(C[NH3+])c(N)nc2n(C)c1=O,"CHEMBL2159185",3286,Done,1.67,-7.60562,"glide_grid_1X70",-7.84642,-1.58189,-0.549014,-0,-1.72334,-30.7529,-15.4937,0.0934786,-0.223958,-74.9667,-46.2466,1.48867
Cn1c(=O)c2c(-c3cc(Cl)ccc3Cl)c(CN)c(N)nc2n(C)c1=O,"CHEMBL2159185",3287,Done,1.42,-4.89185,"glide_grid_1X70",-5.54175,-1.5992,-0.412707,-0,-1.2228,-30.4769,-5.29014,0.134176,-0.123853,-48.0918,-35.7671,1.51593
COc1ccc(F)cc1-c1c(C[NH3+])c(N)nc2c1c(=O)n(C)c(=O)n2C,"CHEMBL2159186",3288,Done,1.82,-6.00876,"glide_grid_1X70",-6.24506,-0.117933,-0.662559,-0,-1.57507,-28.2183,-16.0391,0.147681,-0.2204,-68.5021,-44.2574,0.535844
COc1ccc(F)cc1-c1c(CN)c(N)nc2c1c(=O)n(C)c(=O)n2C,"CHEMBL2159186",3289,Done,1.78,-3.4475,"glide_grid_1X70",-4.1064,-0.018652,-0.323837,-0,-1.53625,-26.9381,-6.10712,0.148421,-0.113101,-41.9162,-33.0452,0.142096
Cn1c(=O)c2c(-c3cc(F)ccc3Cl)c(C[NH3+])c(N)nc2n(C)c1=O,"CHEMBL2159187",3290,Done,1.73,-7.61395,"glide_grid_1X70",-7.85475,-1.27513,-0.56308,-0,-2.16088,-29.08,-15.216,0.101154,-0.220417,-74.408,-44.296,0.635232
Cn1c(=O)c2c(-c3cc(F)ccc3Cl)c(CN)c(N)nc2n(C)c1=O,"CHEMBL2159187",3291,Done,1.66,-4.92632,"glide_grid_1X70",-5.57622,-1.28326,-0.414788,-0,-1.66404,-29.0491,-5.28747,0.145221,-0.113776,-45.7443,-34.3366,0.715034
Cn1c(=O)c2c(-c3cc(F)ccc3Br)c(C[NH3+])c(N)nc2n(C)c1=O,"CHEMBL2159188",3292,Done,1.76,-7.39027,"glide_grid_1X70",-7.62657,-1.28208,-0.546765,-0,-1.92286,-28.446,-15.409,0.0822957,-0.223522,-72.1315,-43.8549,1.54652
Cn1c(=O)c2c(-c3cc(F)ccc3Br)c(CN)c(N)nc2n(C)c1=O,"CHEMBL2159188",3293,Done,1.69,-4.64219,"glide_grid_1X70",-5.30109,-1.28316,-0.410798,-0,-1.38764,-28.1296,-5.3939,0.118089,-0.122008,-45.4643,-33.5235,1.5645
Cn1c(=O)c2c(-c3cc(F)ccc3Br)c(C[NH3+])c(=O)[nH]c2n(C)c1=O,"CHEMBL2159189",3294,Done,1.74,-5.55668,"glide_grid_1X70",-5.77888,-0.0570933,-0.4,-0,-1.21419,-28.4261,-16.8506,0.0819397,-0.240634,-66.6723,-45.2767,3.12543
Cn1c(=O)c2c(-c3cc(F)ccc3Br)c(CN)c(=O)[nH]c2n(C)c1=O,"CHEMBL2159189",3295,Done,1.84,-2.49648,"glide_grid_1X70",-3.24958,0,-0.304,-0,-0.619024,-26.3501,-6.02863,0.117577,-0.222328,-39.5392,-32.3788,1.7885
Cn1c(=O)c2c(-c3cc(F)ccc3Br)c(C[NH3+])c([O-])nc2n(C)c1=O,"CHEMBL2159189",3296,Done,1.68,-4.98501,"glide_grid_1X70",-7.02011,-1.29872,-0.531891,-0,-1.97039,-27.603,-11.6407,0.0823041,-0.175159,-63.6243,-39.2437,2.18041
CNc1nc2c(c(-c3cc(F)ccc3Br)c1C[NH3+])c(=O)n(C)c(=O)n2C,"CHEMBL2159190",3297,Done,2.15,-7.75858,"glide_grid_1X70",-7.97648,-1.30307,-0.432678,-0,-1.86756,-30.4826,-18.0891,0.0774355,-0.213122,-79.8117,-48.5717,2.80397
CNc1nc2c(c(-c3cc(F)ccc3Br)c1CN)c(=O)n(C)c(=O)n2C,"CHEMBL2159190",3298,Done,1.89,-4.72232,"glide_grid_1X70",-5.42062,-1.3082,-0.412677,-0,-1.32937,-29.5288,-5.85864,0.1111,-0.126229,-47.907,-35.3875,1.74028
CCNc1nc2c(c(-c3cc(F)ccc3Br)c1C[NH3+])c(=O)n(C)c(=O)n2C,"CHEMBL2159191",3299,Done,2.96,-7.45164,"glide_grid_1X70",-7.66984,-1.30654,-0.567998,-0,-1.77525,-31.416,-15.7966,0.14599,-0.225749,-76.8107,-47.2126,2.03665
CCNc1nc2c(c(-c3cc(F)ccc3Br)c1CN)c(=O)n(C)c(=O)n2C,"CHEMBL2159191",3300,Done,2.7,-2.56216,"glide_grid_1X70",-3.25966,-0.225133,-0.304,-0,-0.434467,-29.7892,-5.31947,0.209432,-0.218112,-43.2215,-35.1087,0.257713
CCN(CC)c1nc2c(c(-c3cc(F)ccc3Br)c1C[NH3+])c(=O)n(C)c(=O)n2C,"CHEMBL2159192",3301,Done,3.24,-7.36843,"glide_grid_1X70",-7.59113,-1.42821,-0.598428,-0,-1.55157,-31.459,-15.6387,0.130381,-0.22455,-76.4108,-47.0977,3.91256
CCN(CC)c1nc2c(c(-c3cc(F)ccc3Br)c1CN)c(=O)n(C)c(=O)n2C,"CHEMBL2159192",3302,Done,3.03,-2.73114,"glide_grid_1X70",-3.41884,-0.560292,-0.304,-0,-0.243196,-33.6628,-4.31243,0.186997,-0.168342,-44.321,-37.9752,2.71709
Cn1c(=O)c2c(-c3cc(F)ccc3Br)c(C[NH3+])c(N3CCOCC3)nc2n(C)c1=O,"CHEMBL2159193",3303,Done,2.59,-6.77642,"glide_grid_1X70",-7.03002,-0.701973,-0.458133,-0,-0.970981,-33.3906,-20.0562,0.123522,-0.344497,-80.8229,-53.4468,2.10832
Cn1c(=O)c2c(-c3cc(F)ccc3Br)c(CN)c(N3CCOCC3)nc2n(C)c1=O,"CHEMBL2159193",3304,Done,2.49,-4.40261,"glide_grid_1X70",-5.02761,-1.31494,-0.412191,-0,-0.929924,-34.0811,-5.055,0.177141,-0.0853873,-46.8702,-39.1361,7.07517
Cn1c(=O)c2c(-c3cc(F)ccc3Br)c(C[NH3+])c(N3CC[NH+](C)CC3)nc2n(C)c1=O,"CHEMBL2159194",3305,Done,2.34,-7.74473,"glide_grid_1X70",-8.18483,-0.828374,-0.455484,-0,-2.49876,-32.6647,-17.9527,0.117163,-0.19323,-86.812,-50.6174,4.32997
Cn1c(=O)c2c(-c3cc(F)ccc3Br)c(CN)c(N3CC[NH+](C)CC3)nc2n(C)c1=O,"CHEMBL2159194",3306,Done,2.22,-5.06932,"glide_grid_1X70",-5.94692,-0.81761,-0.304,-0,-1.82312,-30.7837,-9.93998,0.168004,-0.140017,-55.472,-40.7237,10.0395
CN1CCN(c2nc3c(c(-c4cc(F)ccc4Br)c2C[NH3+])c(=O)n(C)c(=O)n3C)CC1,"CHEMBL2159194",3307,Done,2.62,-5.56685,"glide_grid_1X70",-6.50795,-0.853563,-0.42123,-0,-0.58206,-33.793,-18.3192,0.117603,-0.331163,-76.8723,-52.1123,4.29204
CN1CCN(c2nc3c(c(-c4cc(F)ccc4Br)c2CN)c(=O)n(C)c(=O)n3C)CC1,"CHEMBL2159194",3308,Done,2.39,-2.47319,"glide_grid_1X70",-3.88289,-0.877868,-0.304,-0,-0.0589318,-29.6902,-7.61269,0.168636,-0.184317,-42.332,-37.3029,7.44352
[NH3+][C@@H](CC(=O)NC1(c2cccc(-c3ccncc3)c2)CCS(=O)(=O)CC1)Cc1ccccc1F,"CHEMBL2206466",3309,Done,5.24,-7.06851,"glide_grid_1X70",-7.08041,-1.31936,-1.008,-0,-0.402114,-29.9686,-21.4093,0.609987,-0.251095,-76.6347,-51.3779,10.338
[NH3+][C@@H](CC(=O)NC1(c2cccc(-c3nccs3)c2)CCS(=O)(=O)CC1)Cc1ccccc1F,"CHEMBL2206467",3311,Done,5.63,-8.99243,"glide_grid_1X70",-9.00433,-1.60165,-0.782675,-0,-1.24557,-41.1993,-23.3247,0.417404,-0.233166,-109.152,-64.524,6.56133
N[C@@H](CC(=O)NC1(c2cccc(-c3nccs3)c2)CCS(=O)(=O)CC1)Cc1ccccc1F,"CHEMBL2206467",3312,Done,4.92,-2.79609,"glide_grid_1X70",-5.11929,-1.12089,-0.565682,-0,-0.558626,-35.2021,-10.9511,0.598548,-0.0698773,-56.1691,-46.1531,10.9357
[NH3+][C@@H](CC(=O)NC1(c2cccc(-c3cncs3)c2)CCS(=O)(=O)CC1)Cc1ccccc1F,"CHEMBL2206468",3313,Done,5.4,-7.46085,"glide_grid_1X70",-7.47275,-1.22689,-0.5632,-0,-0.989648,-41.6849,-19.0113,0.417404,-0.174472,-91.17,-60.6962,11.6654
N[C@@H](CC(=O)NC1(c2cccc(-c3cncs3)c2)CCS(=O)(=O)CC1)Cc1ccccc1F,"CHEMBL2206468",3314,Done,5.07,-1.80876,"glide_grid_1X70",-4.13196,-1.17457,-0.324012,-0,-0.272946,-36.0114,-6.98472,0.598548,-0.110706,-53.6368,-42.9961,4.06641
[NH3+][C@@H](CC(=O)NC1(c2cccc(-c3cn[nH]c3)c2)CCS(=O)(=O)CC1)Cc1ccccc1F,"CHEMBL2206470",3315,Done,5.66,-8.53682,"glide_grid_1X70",-8.54872,-1.47539,-0.812419,-0,-1.29067,-39.1992,-21.3825,0.445399,-0.248307,-99.3956,-60.5817,10.4133
N[C@@H](CC(=O)NC1(c2cccc(-c3cn[nH]c3)c2)CCS(=O)(=O)CC1)Cc1ccccc1F,"CHEMBL2206470",3316,Done,5.35,-2.26464,"glide_grid_1X70",-4.58784,-1.07586,-0.47173,-0,-0.404288,-33.9938,-9.40501,0.638773,-0.164295,-55.0324,-43.3988,4.55351
Cn1cncc1-c1cccc(C2(NC(=O)C[C@H]([NH3+])Cc3ccccc3F)CCS(=O)(=O)CC2)c1,"CHEMBL2206471",3317,Done,5.38,-8.74296,"glide_grid_1X70",-8.93716,-1.42444,-0.884654,-0,-1.30111,-39.1445,-23.827,0.422173,-0.217859,-106.883,-62.9715,7.32082
Cn1c[nH+]cc1-c1cccc(C2(NC(=O)C[C@H]([NH3+])Cc3ccccc3F)CCS(=O)(=O)CC2)c1,"CHEMBL2206471",3318,Done,5.86,-8.54302,"glide_grid_1X70",-9.34202,-1.21891,-0.843374,-0,-1.54022,-37.8829,-31.0269,0.420575,-0.265947,-114.926,-68.9099,9.93122
Cn1cncc1-c1cccc(C2(NC(=O)C[C@H](N)Cc3ccccc3F)CCS(=O)(=O)CC2)c1,"CHEMBL2206471",3319,Done,5.37,-2.50219,"glide_grid_1X70",-5.00769,-0.980732,-0.620291,-0,-0.713107,-36.8444,-9.11837,0.605401,-0.0889892,-54.6776,-45.9628,13.276
[NH3+][C@@H](CC(=O)NC1(c2nc(-c3ccccc3)cs2)CCS(=O)(=O)CC1)Cc1ccccc1F,"CHEMBL2206474",3320,Done,5.76,-8.62066,"glide_grid_1X70",-8.63216,-1.15931,-0.77086,-0,-1.2465,-37.3187,-25.1417,0.417404,-0.235703,-100.187,-62.4604,12.3056
N[C@@H](CC(=O)NC1(c2nc(-c3ccccc3)cs2)CCS(=O)(=O)CC1)Cc1ccccc1F,"CHEMBL2206474",3321,Done,5.69,-2.48119,"glide_grid_1X70",-4.82399,-1.36952,-0.34078,-0,-0.855311,-43.7121,-3.93023,0.598548,-0.0817918,-57.8644,-47.6423,8.72973
[NH3+][C@@H](CC(=O)NC1(c2ccccc2)CCS(=O)(=O)CC1)Cc1cc(F)c(F)cc1F,"CHEMBL2206488",3322,Done,5.49,-9.22959,"glide_grid_1X70",-9.24149,-1.29657,-0.884068,-0,-2.10273,-34.0185,-23.1241,0.430435,-0.219019,-100.342,-57.1426,5.5884
N[C@@H](CC(=O)NC1(c2ccccc2)CCS(=O)(=O)CC1)Cc1cc(F)c(F)cc1F,"CHEMBL2206488",3323,Done,5.83,-3.83829,"glide_grid_1X70",-6.16149,-1.24672,-0.304,-0,-1.79935,-32.5093,-10.7154,0.617463,-0.196088,-55.2227,-43.2248,12.7801
N#C[C@@H]1C[C@@H]2C[C@@H]2N1C(=O)[C@@H]([NH3+])[C@@]12C[C@@H]3C[C@@H](C[C@@](O)(C3)C1)C2,"CHEMBL2298396",3324,Done,2.26,-7.04762,"glide_grid_1X70",-7.37142,-0.863525,-0.706264,-0,-2.06257,-30.6413,-16.121,0.390476,-0.179322,-74.1384,-46.7623,7.32158
N#C[C@@H]1C[C@@H]2C[C@@H]2N1C(=O)[C@@H](N)[C@@]12C[C@@H]3C[C@@H](C[C@@](O)(C3)C1)C2,"CHEMBL2298396",3325,Done,2.22,-3.75999,"glide_grid_1X70",-4.27249,-0.42287,-0.712754,-0,-1.55774,-6.3833,-11.3991,0.560964,-0.111058,-28.0678,-17.7824,0.561402
O=C(NCC(=O)N1CCC[C@H]1B(O)O)c1cccnc1,"CHEMBL2333023",3326,Done,3.96,-5.6762,"glide_grid_1X70",-5.6762,-0.56279,-0.26822,-0,-1.59561,-24.5646,-19.3087,1.17243,-0.297465,-58.2945,-43.8734,7.18371
O=C(NCC(=O)N1CCC[C@H]1B(O)O)c1ccncc1,"CHEMBL2333025",3327,Done,3.79,-6.01683,"glide_grid_1X70",-6.01683,-0.844358,-0.295126,-0,-1.63195,-28.5782,-18.0017,1.17243,-0.288673,-62.5347,-46.5798,6.2568
CC#CCn1c(N2CCC[C@@H]([NH3+])C2)nc2ccn(C)c2c1=O,"CHEMBL2346919",3328,Done,1.98,-5.94594,"glide_grid_1X70",-5.94844,-0.909766,-0.279939,-0,-1.77148,-23.1672,-15.4262,0.611149,-0.126118,-59.0187,-38.5934,1.23784
CC#CCn1c(N2CCC[C@@H]([NH3+])C2)nc2c(Br)c[nH]c2c1=O,"CHEMBL2346920",3329,Done,2,-5.27286,"glide_grid_1X70",-5.27536,-0.475906,-0.314474,-0,-1.14532,-21.2956,-17.2738,0.432528,-0.116336,-57.9319,-38.5694,1.35646
CC#CCn1c(N2CCC[C@@H]([NH3+])C2)nc2cc[nH]c2c1=O,"CHEMBL2346921",3330,Done,2.03,-7.17114,"glide_grid_1X70",-7.17364,-0.515309,-0.991935,-0,-1.98669,-17.286,-20.9007,0.465052,-0.145365,-63.9861,-38.1866,2.28622
CC#CCn1c(N2CCC[C@@H]([NH3+])C2)nc2ccn(Cc3ncccn3)c2c1=O,"CHEMBL2346922",3331,Done,3.23,-6.19014,"glide_grid_1X70",-6.19264,-0.883131,-0.322509,-0,-1.63331,-28.9047,-14.988,0.473573,-0.133822,-68.5308,-43.8928,2.09095
CC#CCn1c(N2CCC[C@@H]([NH3+])C2)nc2ccn(Cc3c[nH]c4ccccc34)c2c1=O,"CHEMBL2346923",3332,Done,3.28,-5.40438,"glide_grid_1X70",-5.40688,-0.65958,-0.345979,-0,-1.13811,-27.5006,-14.5356,0.400326,-0.108168,-62.7641,-42.0362,1.8751
CC#CCn1c(N2CCC[C@@H]([NH3+])C2)nc2ccn(Cc3nc4ccccc4[nH]3)c2c1=O,"CHEMBL2346924",3333,Done,3.41,-5.66389,"glide_grid_1X70",-5.66389,-0.682273,-0.400019,-0,-1.29507,-27.9809,-14.346,0.398613,-0.134183,-65.5376,-42.3269,2.1093
CC#CCn1c(N2CCC[C@@H]([NH3+])C2)nc2ccn(Cc3ccnc4ccccc34)c2c1=O,"CHEMBL2346925",3334,Done,3.64,-5.98723,"glide_grid_1X70",-5.98723,-0.74259,-0.528457,-0,-1.06501,-28.1808,-16.497,0.380221,-0.147814,-68.1837,-44.6777,2.27036
CC#CCn1c(N2CCC[C@@H]([NH3+])C2)nc2ccn(Cc3ccc4ccccc4n3)c2c1=O,"CHEMBL2346926",3335,Done,3.89,-6.23237,"glide_grid_1X70",-6.23487,-1.01091,-0.39318,-0,-1.19009,-29.0604,-16.0801,0.380221,-0.155874,-70.0485,-45.1405,2.56944
CC#CCn1c(N2CCC[C@@H]([NH3+])C2)nc2ccn(Cc3ccc4cc(Cl)ccc4n3)c2c1=O,"CHEMBL2346928",3336,Done,3.17,-5.60989,"glide_grid_1X70",-5.61239,-0.914516,-0.429177,-0,-0.889913,-30.7686,-13.4679,0.330304,-0.15047,-68.3264,-44.2365,1.17932
CC#CCn1c(N2CCC[C@@H]([NH3+])C2)nc2ccn(Cc3ccc4cc(F)ccc4n3)c2c1=O,"CHEMBL2346929",3337,Done,3.12,-6.68216,"glide_grid_1X70",-6.68466,-0.480395,-1.12717,-0,-1.14529,-26.511,-18.6407,0.352834,-0.162979,-71.5086,-45.1518,5.71076
CC#CCn1c(N2CCC[C@@H]([NH3+])C2)nc2ccn(Cc3ccc4cc(C)ccc4n3)c2c1=O,"CHEMBL2346930",3338,Done,3.54,-5.82382,"glide_grid_1X70",-5.82382,-1.04186,-0.471907,-0,-0.978066,-30.8353,-13.3307,0.358607,-0.149229,-68.117,-44.166,2.45752
CC#CCn1c(N2CCC[C@@H]([NH3+])C2)nc2ccn(Cc3ccc4ccc(Cl)cc4n3)c2c1=O,"CHEMBL2347035",3339,Done,3.3,-6.64377,"glide_grid_1X70",-6.64627,-0.465529,-1.13558,-0,-1.0169,-26.2515,-19.2095,0.330304,-0.164561,-71.5379,-45.461,4.26013
CC#CCn1c(N2CCC[C@@H]([NH3+])C2)nc2ccn(Cc3ccc4ccc(F)cc4n3)c2c1=O,"CHEMBL2347036",3340,Done,3.22,-6.16454,"glide_grid_1X70",-6.16704,-1.13728,-0.509288,-0,-0.901509,-33.232,-13.9447,0.352834,-0.218483,-72.9154,-47.1768,1.71317
CC#CCn1c(N2CCC[C@@H]([NH3+])C2)nc2ccn(Cc3cnc4ccccc4n3)c2c1=O,"CHEMBL2347037",3341,Done,3.25,-6.31636,"glide_grid_1X70",-6.31886,-1.20295,-0.435041,-0,-1.10006,-32.0692,-14.7618,0.378635,-0.141717,-73.0628,-46.831,1.2884
CC#CCn1c(N2CCC[C@@H]([NH3+])C2)nc2ccn(Cc3nc4ccccc4nc3C)c2c1=O,"CHEMBL2347038",3342,Done,3.41,-6.20806,"glide_grid_1X70",-6.21056,-1.06824,-0.485286,-0,-1.07185,-29.8535,-15.2424,0.357155,-0.163313,-69.833,-45.0959,2.58952
CC#CCn1c(N2CCC[C@@H]([NH3+])C2)nc2ccn(Cc3nc(C)c4ccccc4n3)c2c1=O,"CHEMBL2347039",3343,Done,3.16,-5.3742,"glide_grid_1X70",-5.3767,-0.851371,-0.360921,-0,-0.856344,-30.9348,-14.3025,0.510221,-0.126172,-67.479,-45.2373,2.3883
N#C[C@H]1CCCN1C(=O)[C@@H](N)CCC(=O)N1Cc2ccccc2C1,"CHEMBL2364733",3344,Done,3.74,-4.68704,"glide_grid_1X70",-4.92684,-1.20796,-0.318239,-0,-1.75533,-32.9203,-5.4766,0.880208,-0.0580152,-45.7392,-38.3969,8.43097
N#C[C@H]1CCCN1C(=O)[C@@H]([NH3+])CCC(=O)N1Cc2ccccc2C1,"CHEMBL2364733",3345,Done,3.84,-6.41013,"glide_grid_1X70",-7.06183,-1.26639,-0.38307,-0,-2.39995,-31.6031,-12.6787,0.6128,-0.14327,-70.2646,-44.2818,3.9606
CC(C)=CCn1c(OCC(C)(C)C[NH3+])nc2c1c(=O)n(CC(=O)c1ccccc1)c(=O)n2C,"CHEMBL2408638",3346,Done,6.03,-6.33133,"glide_grid_1X70",-6.33323,-0.548292,-0.463998,-0,-1.59949,-33.5423,-16.591,0.544309,-0.1,-77.2892,-50.1332,2.16093
CC(C)=CCn1c(OCC(C)(C)[NH3+])nc2c1c(=O)n(CC(=O)c1ccccc1)c(=O)n2C,"CHEMBL2408639",3347,Done,4.71,-5.4589,"glide_grid_1X70",-5.4792,-0.585075,-0.568622,-0,-0.814427,-26.7773,-16.6826,0.504189,-0.174009,-62.2608,-43.4599,4.38862
CC(C)=CCn1c(OCC(C)(C)N)nc2c1c(=O)n(CC(=O)c1ccccc1)c(=O)n2C,"CHEMBL2408639",3348,Done,3.76,-1.58829,"glide_grid_1X70",-3.59799,-0.453547,-0.429434,-0,-0.857991,-33.5462,-5.92287,0.72327,-0.0145525,-46.6924,-39.469,4.28722
CC(C)=CCn1c(N2CC[C@H]3C[NH2+]C[C@H]32)nc2c1c(=O)n(C)c(=O)n2C,"CHEMBL2408642",3349,Done,2.2,-5.3445,"glide_grid_1X70",-5.3445,-0.119157,-0.541632,-0,-1.48832,-21.9077,-14.6268,0.311542,-0.217527,-54.8198,-36.5345,0.0687878
CC(C)=CCn1c(O[C@H]2CC[NH2+]C2)nc2c1c(=O)n(CC(=O)c1ccccc1)c(=O)n2C,"CHEMBL2408644",3350,Done,4.66,-5.02996,"glide_grid_1X70",-5.02996,-0.0691871,-0.819856,-0,-1.04276,-30.2119,-14.5243,0.726289,-0.135214,-63.7206,-44.7362,2.31488
CC(C)=CCn1c(O[C@@H]2CC[NH2+]C2)nc2c1c(=O)n(CC(=O)c1ccccc1)c(=O)n2C,"CHEMBL2408646",3351,Done,4.86,-4.92218,"glide_grid_1X70",-4.92218,-0.367689,-0.419525,-0,-1.16303,-31.705,-13.3263,0.726289,-0.114022,-62.5782,-45.0314,4.08997
CC(C)=CCn1c(OC[C@@H]2CCC[NH2+]2)nc2c1c(=O)n(CC(=O)c1ccccc1)c(=O)n2C,"CHEMBL2408651",3352,Done,5.01,-5.06554,"glide_grid_1X70",-5.06554,-0.099322,-0.718612,-0,-0.788964,-32.9342,-16.3431,0.783898,-0.14436,-67.9901,-49.2773,3.15312
CC(C)=CCn1c(N2CC[C@H]3C[NH2+]C[C@H]32)nc2c1c(=O)n(CC(=O)c1ccccc1)c(=O)n2C,"CHEMBL2408655",3353,Done,4.04,-4.47042,"glide_grid_1X70",-4.47042,-0.70797,-0.391977,-0,-0.532173,-25.9411,-13.1264,0.56271,-0.134988,-54.5297,-39.0675,4.22255
CC(C)=CCn1c(N2C[C@H]3CCC[NH2+][C@H]3C2)nc2c1c(=O)n(CC(=O)c1ccccc1)c(=O)n2C,"CHEMBL2408771",3354,Done,3.93,-4.07311,"glide_grid_1X70",-4.07311,-0.088479,-0.449115,-0,-0.377873,-31.0084,-12.9527,0.532919,-0.197239,-55.867,-43.9611,6.81438
CC(C)=CCn1c(N2C[C@H]3CC[NH2+][C@H]3C2)nc2c1c(=O)n(CC(=O)c1ccccc1)c(=O)n2C,"CHEMBL2408774",3355,Done,5.54,-5.85823,"glide_grid_1X70",-5.85823,-0.301682,-0.669938,-0,-1.31497,-34.2557,-13.8438,0.393897,-0.17618,-70.5014,-48.0994,1.85251
N#C[C@@H]1CCCN1C(=O)[C@@H](N)Cc1ccc(-c2cn(Cc3cccc(Cl)c3)nn2)cc1,"CHEMBL2417563",3356,Done,4.46,-2.90196,"glide_grid_1X70",-3.15796,-0.629919,-0.304,-0,-0.440323,-36.66,-3.59529,0.737164,-0.148589,-47.0338,-40.2553,3.64102
N#C[C@@H]1CCCN1C(=O)[C@@H]([NH3+])Cc1ccc(-c2cn(Cc3cccc(Cl)c3)nn2)cc1,"CHEMBL2417563",3357,Done,4.44,-6.15443,"glide_grid_1X70",-6.77493,-1.08642,-0.414429,-0,-1.46568,-35.1941,-15.9192,0.513853,-0.174672,-74.8487,-51.1133,7.81798
N#C[C@@H]1CCCN1C(=O)[C@@H](N)Cc1ccc(-c2cn(Cc3ccccc3F)nn2)cc1,"CHEMBL2418624",3358,Done,4.83,-3.67682,"glide_grid_1X70",-3.93282,-1.42262,-0.331918,-0,-0.809483,-31.4455,-3.43992,0.790464,-0.0710054,-44.5728,-34.8854,3.02825
N#C[C@@H]1CCCN1C(=O)[C@@H]([NH3+])Cc1ccc(-c2cn(Cc3ccccc3F)nn2)cc1,"CHEMBL2418624",3359,Done,4.88,-6.15186,"glide_grid_1X70",-6.77236,-1.04555,-0.411175,-0,-1.56034,-34.6615,-15.6908,0.550924,-0.219511,-75.9297,-50.3524,7.56904
N#C[C@@H]1CCCN1C(=O)[C@@H](N)Cc1ccc(-c2cn(Cc3cccc(F)c3)nn2)cc1,"CHEMBL2418625",3360,Done,4.32,-3.487,"glide_grid_1X70",-3.743,-1.02194,-0.304108,-0,-0.972929,-36.8899,-2.1334,0.790464,-0.0699852,-42.902,-39.0233,8.36373
N#C[C@@H]1CCCN1C(=O)[C@@H]([NH3+])Cc1ccc(-c2cn(Cc3cccc(F)c3)nn2)cc1,"CHEMBL2418625",3361,Done,4.49,-5.45466,"glide_grid_1X70",-6.07516,-0.660527,-0.395284,-0,-1.92177,-34.8954,-11.2685,0.550924,-0.213456,-68.1527,-46.1639,5.46185
N#C[C@@H]1CCCN1C(=O)[C@@H](N)Cc1ccc(-c2cn(Cc3ccc(F)cc3)nn2)cc1,"CHEMBL2418626",3362,Done,3.5,-3.51441,"glide_grid_1X70",-3.77041,-0.283022,-0.570748,-0,-0.607573,-24.2841,-11.81,0.790464,-0.113823,-44.4678,-36.0941,1.41202
N#C[C@@H]1CCCN1C(=O)[C@@H]([NH3+])Cc1ccc(-c2cn(Cc3ccc(F)cc3)nn2)cc1,"CHEMBL2418626",3363,Done,4.26,-4.95376,"glide_grid_1X70",-5.57426,-0.697728,-0.366938,-0,-1.20264,-32.368,-13.5026,0.550924,-0.214083,-62.2929,-45.8706,9.04207
N#C[C@@H]1CCCN1C(=O)[C@@H](N)Cc1ccc(-c2cn(Cc3ccccc3Cl)nn2)cc1,"CHEMBL2418627",3364,Done,4.6,-3.10732,"glide_grid_1X70",-3.36332,-0.331772,-0.425961,-0,-0.429737,-29.5188,-8.77041,0.737164,-0.121512,-41.5962,-38.2892,7.71917
N#C[C@@H]1CCCN1C(=O)[C@@H]([NH3+])Cc1ccc(-c2cn(Cc3ccccc3Cl)nn2)cc1,"CHEMBL2418627",3365,Done,4.57,-5.81353,"glide_grid_1X70",-6.43403,-0.933836,-0.433167,-0,-1.45016,-36.7182,-14.0256,0.513853,-0.190978,-72.0229,-50.7437,7.26877
N#C[C@@H]1CCCN1C(=O)[C@@H](N)Cc1ccc(-c2cn(Cc3ccc(Cl)cc3)nn2)cc1,"CHEMBL2418628",3366,Done,3.78,-3.35515,"glide_grid_1X70",-3.61115,-1.0725,-0.304,-0,-0.725154,-39.3278,-1.20236,0.737164,-0.0999139,-47.2324,-40.5302,8.93238
N#C[C@@H]1CCCN1C(=O)[C@@H]([NH3+])Cc1ccc(-c2cn(Cc3ccc(Cl)cc3)nn2)cc1,"CHEMBL2418628",3367,Done,4.58,-4.20114,"glide_grid_1X70",-4.82164,-0.429941,-0.4,-0,-0.652637,-36.17,-13.5575,0.734076,-0.23101,-68.2847,-49.7275,1.75901
COc1ccccc1Cn1cc(-c2ccc(C[C@H](N)C(=O)N3CCC[C@H]3C#N)cc2)nn1,"CHEMBL2418629",3368,Done,5.23,-3.57407,"glide_grid_1X70",-3.83007,-0.741015,-0.293006,-0,-0.684118,-38.8066,-5.1076,0.750934,-0.156395,-50.121,-43.9142,11.2558
COc1ccccc1Cn1cc(-c2ccc(C[C@H]([NH3+])C(=O)N3CCC[C@H]3C#N)cc2)nn1,"CHEMBL2418629",3369,Done,5.57,-6.31923,"glide_grid_1X70",-6.93973,-1.03441,-0.601767,-0,-1.49585,-37.7832,-15.0476,0.523431,-0.184839,-77.5194,-52.8308,9.40647
COc1cccc(Cn2cc(-c3ccc(C[C@H](N)C(=O)N4CCC[C@H]4C#N)cc3)nn2)c1,"CHEMBL2418630",3370,Done,5.99,-2.88724,"glide_grid_1X70",-3.14324,-0.75677,-0.136121,-0,-0.514279,-37.379,-2.99921,0.750934,-0.168171,-43.1208,-40.3782,10.787
COc1cccc(Cn2cc(-c3ccc(C[C@H]([NH3+])C(=O)N4CCC[C@H]4C#N)cc3)nn2)c1,"CHEMBL2418630",3371,Done,4.98,-5.77847,"glide_grid_1X70",-6.39897,-0.649911,-0.718104,-0,-1.21875,-29.809,-17.722,0.523431,-0.186889,-72.9672,-47.531,4.30675
COc1ccc(Cn2cc(-c3ccc(C[C@H](N)C(=O)N4CCC[C@H]4C#N)cc3)nn2)cc1,"CHEMBL2418631",3372,Done,4.61,-3.74357,"glide_grid_1X70",-3.99957,-1.04111,-0.304,-0,-0.782177,-45.276,-1.56316,0.750934,-0.124946,-52.4475,-46.8391,12.8607
COc1ccc(Cn2cc(-c3ccc(C[C@H]([NH3+])C(=O)N4CCC[C@H]4C#N)cc3)nn2)cc1,"CHEMBL2418631",3373,Done,5.4,-4.41876,"glide_grid_1X70",-5.03926,-0.598128,-0.4,-0,-0.766936,-35.15,-13.627,0.747759,-0.220406,-67.4114,-48.777,5.92444
N#C[C@@H]1CCCN1C(=O)[C@@H](N)Cc1ccc(-c2cn(Cc3ccc(F)c(F)c3)nn2)cc1,"CHEMBL2418632",3374,Done,4.01,-3.58087,"glide_grid_1X70",-3.83687,-1.39227,-0.236891,-0,-0.767737,-31.0941,-3.34249,0.732466,-0.11636,-43.3623,-34.4366,1.4808
N#C[C@@H]1CCCN1C(=O)[C@@H]([NH3+])Cc1ccc(-c2cn(Cc3ccc(F)c(F)c3)nn2)cc1,"CHEMBL2418632",3375,Done,4.28,-6.00726,"glide_grid_1X70",-6.62776,-1.05707,-0.413252,-0,-1.43736,-34.2061,-15.5663,0.510585,-0.185412,-73.3615,-49.7724,7.75749
COc1ccc(Cn2cc(-c3ccc(C[C@H](N)C(=O)N4CCC[C@H]4C#N)cc3)nn2)cc1OC,"CHEMBL2418634",3376,Done,5.8,-3.32577,"glide_grid_1X70",-3.58177,-1.06309,-0.296006,-0,-0.625506,-37.7623,-2.07217,0.664371,-0.0625987,-45.4527,-39.8345,9.22593
COc1ccc(Cn2cc(-c3ccc(C[C@H]([NH3+])C(=O)N4CCC[C@H]4C#N)cc3)nn2)cc1OC,"CHEMBL2418634",3377,Done,6.45,-5.32103,"glide_grid_1X70",-5.94153,-0.806568,-0.525474,-0,-0.973741,-34.8392,-14.2011,0.463211,-0.226839,-67.1307,-49.0403,17.3088
Cn1cc(-c2ccc(C[C@H](N)C(=O)N3CCC[C@H]3C#N)cc2)nn1,"CHEMBL2418635",3378,Done,3.01,-3.98868,"glide_grid_1X70",-4.24468,-1.21616,-0.304,-0,-1.48877,-30.8811,-3.33729,0.88987,-0.0809732,-42.6895,-34.2184,0.905004
Cn1cc(-c2ccc(C[C@H]([NH3+])C(=O)N3CCC[C@H]3C#N)cc2)nn1,"CHEMBL2418635",3379,Done,3.37,-5.35652,"glide_grid_1X70",-5.97702,-0.780437,-0.447437,-0,-2.1012,-26.1349,-11.8334,0.619508,-0.185696,-58.3084,-37.9683,3.31501
N#C[C@@H]1CCCN1C(=O)[C@@H](N)Cc1ccc(-c2cn(Cc3ccccc3)nn2)cc1,"CHEMBL2418636",3380,Done,4.18,-3.4663,"glide_grid_1X70",-3.7223,-1.1105,-0.304487,-0,-0.913764,-37.6826,-1.66979,0.855665,-0.114605,-42.8561,-39.3524,11.1514
N#C[C@@H]1CCCN1C(=O)[C@@H]([NH3+])Cc1ccc(-c2cn(Cc3ccccc3)nn2)cc1,"CHEMBL2418636",3381,Done,4.59,-5.15577,"glide_grid_1X70",-5.77627,-0.568815,-0.504672,-0,-1.33945,-28.0034,-15.3436,0.596261,-0.257881,-59.7633,-43.347,11.4913
N#C[C@@H]1CCCN1C(=O)[C@@H](N)Cc1ccc(-c2cn(CCc3ccccc3)nn2)cc1,"CHEMBL2418637",3382,Done,4.3,-3.81332,"glide_grid_1X70",-4.06932,-1.44928,-0.334378,-0,-0.832171,-31.6851,-4.75706,0.919053,-0.0747295,-46.0554,-36.4422,3.0013
N#C[C@@H]1CCCN1C(=O)[C@@H]([NH3+])Cc1ccc(-c2cn(CCc3ccccc3)nn2)cc1,"CHEMBL2418637",3383,Done,4.53,-4.92521,"glide_grid_1X70",-5.54571,-0.285537,-0.567891,-0,-1.21527,-29.2964,-15.7167,0.640522,-0.295218,-65.2642,-45.013,4.08756
N#C[C@@H]1CCCN1C(=O)[C@@H](N)Cc1ccc(-c2cn(Cc3ccncc3)nn2)cc1,"CHEMBL2418638",3384,Done,5.05,-2.85389,"glide_grid_1X70",-3.10989,-0.633279,-0.285609,-0,-0.721022,-34.1184,-3.03123,0.851877,-0.161255,-42.9035,-37.1497,7.02357
N#C[C@@H]1CCCN1C(=O)[C@@H]([NH3+])Cc1ccc(-c2cn(Cc3ccncc3)nn2)cc1,"CHEMBL2418638",3385,Done,5.41,-4.29741,"glide_grid_1X70",-4.91791,-0.433822,-0.4,-0,-0.887474,-35.6446,-13.4816,0.84804,-0.24018,-67.8191,-49.1262,2.2065
N#C[C@@H]1CCCN1C(=O)[C@@H](N)Cc1ccc(-c2cn(Cc3cccs3)nn2)cc1,"CHEMBL2418639",3386,Done,4.74,-3.05379,"glide_grid_1X70",-3.30979,-0.76846,-0.279585,-0,-0.687054,-33.8092,-3.76185,0.832942,-0.1529,-43.5277,-37.571,7.40669
N#C[C@@H]1CCCN1C(=O)[C@@H]([NH3+])Cc1ccc(-c2cn(Cc3cccs3)nn2)cc1,"CHEMBL2418639",3387,Done,4.31,-5.13623,"glide_grid_1X70",-5.75673,-0.825046,-0.450426,-0,-1.48744,-29.4086,-12.8951,0.580462,-0.169596,-64.417,-42.3037,1.18061
CC#CCn1c(N2CCC[C@@H]([NH3+])C2)cc(=O)n(C)c1=O,"CHEMBL2424672",3388,Done,1.83,-5.96205,"glide_grid_1X70",-5.96855,-0.0833512,-0.806031,-0,-2.12963,-18.8086,-15.7949,0.491625,-0.131497,-55.2283,-34.6036,0.27659
CC#CCn1c(N2CCC[C@@H](N)C2)cc(=O)n(C)c1=O,"CHEMBL2424672",3389,Done,1.79,-0.649459,"glide_grid_1X70",-3.33016,-0.174752,-0.376265,-0,-1.56088,-22.0441,-5.23301,0.706771,-0.0378793,-32.5888,-27.2771,2.00533
[NH3+][C@H]1C[C@@H](N2Cc3cnc(C(F)(F)F)nc3C2)CC[C@@H]1c1cc(F)c(F)cc1F,"CHEMBL2425059",3390,Done,2.49,-7.62703,"glide_grid_1X70",-7.94283,-0.958464,-0.565772,-0,-1.93677,-37.5824,-16.9005,0.158843,-0.226469,-89.1319,-54.4828,0.645329
[NH3+][C@H]1C[C@@H]([N@H+]2Cc3cnc(C(F)(F)F)nc3C2)CC[C@@H]1c1cc(F)c(F)cc1F,"CHEMBL2425059",3391,Done,2.52,-8.35459,"glide_grid_1X70",-8.90999,-0.908486,-0.554747,-0,-2.41178,-35.7354,-21.2014,0.158153,-0.22615,-101.763,-56.9368,2.05399
[NH3+][C@H]1C[C@@H](N2Cc3cnc(C(F)(F)F)nc3C2)CO[C@@H]1c1cc(F)c(F)cc1F,"CHEMBL2425060",3393,Done,2.4,-8.34735,"glide_grid_1X70",-8.42455,-1.15125,-0.64145,-0,-1.94273,-37.7407,-18.1607,0.157496,-0.235476,-93.6901,-55.9014,0.498972
[NH3+][C@H]1C[C@@H]([N@H+]2Cc3cnc(C(F)(F)F)nc3C2)CO[C@@H]1c1cc(F)c(F)cc1F,"CHEMBL2425060",3394,Done,2.43,-7.55815,"glide_grid_1X70",-8.94025,-0.978635,-0.48456,-0,-2.39129,-36.703,-21.0777,0.156814,-0.245781,-103.479,-57.7806,0.0804646
N[C@H]1C[C@@H](N2Cc3cnc(C(F)(F)F)nc3C2)CO[C@@H]1c1cc(F)c(F)cc1F,"CHEMBL2425060",3395,Done,2.31,-3.5938,"glide_grid_1X70",-6.0233,-1.0965,-0.492758,-0,-1.40876,-34.4844,-9.1225,0.225974,-0.158656,-59.7305,-43.6069,0.326622
[NH3+][C@H]1C[C@@H](N2Cc3cnc(C4CC4)nc3C2)CO[C@@H]1c1cc(F)c(F)cc1F,"CHEMBL2425061",3396,Done,2.07,-8.26589,"glide_grid_1X70",-8.36569,-1.1553,-0.683022,-0,-2.17363,-38.2678,-17.2201,0.267491,-0.124826,-93.6835,-55.4879,0.366687
[NH3+][C@H]1C[C@@H]([N@H+]2Cc3cnc(C4CC4)nc3C2)CO[C@@H]1c1cc(F)c(F)cc1F,"CHEMBL2425061",3397,Done,2.2,-8.13276,"glide_grid_1X70",-9.35186,-1.15362,-0.483914,-0,-2.71387,-37.9945,-21.6088,0.266258,-0.125676,-107.058,-59.6033,0.84893
N[C@H]1C[C@@H](N2Cc3cnc(C4CC4)nc3C2)CO[C@@H]1c1cc(F)c(F)cc1F,"CHEMBL2425061",3398,Done,1.96,-3.60921,"glide_grid_1X70",-6.06131,-1.18915,-0.512145,-0,-1.65629,-34.9406,-8.69656,0.383904,-0.0361047,-59.8397,-43.6372,0.247513
N[C@H]1C[C@@H]([N@H+]2Cc3cnc(C4CC4)nc3C2)CO[C@@H]1c1cc(F)c(F)cc1F,"CHEMBL2425061",3399,Done,2.17,-4.08403,"glide_grid_1X70",-6.73993,-1.04221,-0.436895,-0,-2.20241,-34.489,-11.2992,0.38213,-0.0212183,-66.9049,-45.7882,0.74043
[NH3+][C@H]1C[C@@H](n2cc3cnc(C4CC4)nc3c2)CO[C@@H]1c1cc(F)c(F)cc1F,"CHEMBL2425062",3400,Done,1.97,-8.23264,"glide_grid_1X70",-8.25254,-1.02441,-0.694347,-0,-2.15833,-37.9336,-17.3436,0.269983,-0.147218,-92.0249,-55.2772,1.39724
N[C@H]1C[C@@H](n2cc3cnc(C4CC4)nc3c2)CO[C@@H]1c1cc(F)c(F)cc1F,"CHEMBL2425062",3401,Done,1.91,-3.93835,"glide_grid_1X70",-5.95825,-1.12694,-0.524575,-0,-1.58548,-34.5634,-8.78258,0.38749,-0.0631959,-58.5945,-43.3459,1.5358
[NH3+][C@H]1C[C@@H](N2CCn3c(nnc3C(F)(F)F)C2)CO[C@@H]1c1cc(F)ccc1F,"CHEMBL2425063",3402,Done,2.59,-8.94059,"glide_grid_1X70",-8.94059,-1.02758,-0.594791,-0,-2.29062,-37.7464,-20.4985,0.168186,-0.233681,-100.251,-58.2449,0.751278
CC1(C)c2nc(C3CC3)ncc2CN1[C@H]1CO[C@H](c2cc(F)ccc2F)[C@@H]([NH3+])C1,"CHEMBL2425064",3403,Done,2.14,-7.4218,"glide_grid_1X70",-7.4602,-0.940311,-0.57637,-0,-1.86692,-39.1792,-15.1152,0.255554,-0.105916,-87.053,-54.2944,1.15906
CC1(C)c2nc(C3CC3)ncc2C[N@@H+]1[C@H]1CO[C@H](c2cc(F)ccc2F)[C@@H]([NH3+])C1,"CHEMBL2425064",3404,Done,2.49,-6.72853,"glide_grid_1X70",-8.44193,-1.01748,-0.545893,-0,-2.06982,-34.4805,-21.3308,0.254402,-0.139492,-96.4189,-55.8113,0.564264
CC1(C)c2cnc(C3CC3)nc2CN1[C@H]1CO[C@H](c2cc(F)ccc2F)[C@@H]([NH3+])C1,"CHEMBL2425065",3405,Done,2.19,-7.60884,"glide_grid_1X70",-7.65434,-1.11282,-0.499251,-0,-2.24348,-39.3866,-13.1559,0.255554,-0.11163,-83.1089,-52.5425,6.8191
CC1(C)c2cnc(C3CC3)nc2C[N@@H+]1[C@H]1CO[C@H](c2cc(F)ccc2F)[C@@H]([NH3+])C1,"CHEMBL2425065",3406,Done,2.5,-7.23442,"glide_grid_1X70",-8.85062,-1.06125,-0.442419,-0,-2.3897,-32.2887,-23.0646,0.254402,-0.137533,-97.9316,-55.3533,1.03753
[NH3+][C@H]1C[C@@H](N2Cc3ccccc3C2=O)CO[C@@H]1c1cc(F)ccc1F,"CHEMBL2425066",3407,Done,2.02,-8.47532,"glide_grid_1X70",-8.48672,-1.13743,-0.668512,-0,-2.33471,-35.5907,-17.7169,0.222999,-0.132009,-86.0773,-53.3075,8.56027
N[C@H]1C[C@@H](N2Cc3ccccc3C2=O)CO[C@@H]1c1cc(F)ccc1F,"CHEMBL2425066",3408,Done,1.98,-3.58062,"glide_grid_1X70",-5.92542,-1.04452,-0.486366,-0,-1.93039,-33.4984,-7.19707,0.320228,-0.0298957,-53.984,-40.6955,3.21609
[NH3+][C@H]1C[C@@H](N2Cc3ccccc3O2)CO[C@@H]1c1cc(F)ccc1F,"CHEMBL2425067",3409,Done,1.77,-8.36108,"glide_grid_1X70",-8.36858,-1.28898,-0.691135,-0,-2.25929,-33.9541,-16.8677,0.237437,-0.138747,-84.7687,-50.8218,1.01308
N[C@H]1C[C@@H](N2Cc3ccccc3O2)CO[C@@H]1c1cc(F)ccc1F,"CHEMBL2425067",3410,Done,1.89,-3.22229,"glide_grid_1X70",-5.81769,-1.28767,-0.511264,-0,-1.70714,-32.7833,-6.48004,0.341018,-0.0414648,-50.9404,-39.2634,2.85397
Cc1nc2c(o1)C[N@@H+]([C@H]1CO[C@H](c3cc(F)ccc3F)[C@@H]([NH3+])C1)C2,"CHEMBL2425068",3411,Done,1.77,-8.40632,"glide_grid_1X70",-8.66192,-1.12831,-0.603779,-0,-2.28725,-30.92,-21.3686,0.232462,-0.123757,-93.2344,-52.2886,0.323167
Cc1nc2c(o1)CN([C@H]1CO[C@H](c3cc(F)ccc3F)[C@@H]([NH3+])C1)C2,"CHEMBL2425068",3412,Done,1.62,-7.37402,"glide_grid_1X70",-8.13542,-1.2527,-0.591621,-0,-2.44758,-31.8686,-15.8919,0.233697,-0.1,-81.2255,-47.7605,0.723816
Cc1nc2c(o1)C[N@@H+]([C@H]1CO[C@H](c3cc(F)ccc3F)[C@@H](N)C1)C2,"CHEMBL2425068",3413,Done,1.66,-3.54954,"glide_grid_1X70",-5.09344,-0.6593,-0.513999,-0,-1.5033,-24.1856,-10.018,0.333853,-0.0387144,-43.36,-34.2036,11.5842
N[C@H]1C[C@@H]([NH+]2Cc3nc(C(F)(F)F)[n-]c3C2)CO[C@@H]1c1cc(F)ccc1F,"CHEMBL2425069",3414,Done,2.53,-5.82265,"glide_grid_1X70",-6.27095,-1.04854,-0.475022,-0,-1.51583,-30.2594,-12.022,0.258388,-0.173674,-61.7422,-42.2814,0.355064
[NH3+][C@H]1C[C@@H]([N@H+]2Cc3nc(C(F)(F)F)[nH]c3C2)CO[C@@H]1c1cc(F)ccc1F,"CHEMBL2425069",3415,Done,2.43,-8.83824,"glide_grid_1X70",-9.28924,-1.07923,-0.5558,-0,-2.17761,-35.4237,-24.3338,0.179197,-0.234546,-107.407,-59.7575,0.505959
N[C@H]1C[C@@H]([N@H+]2Cc3nc(C(F)(F)F)[nH]c3C2)CO[C@@H]1c1cc(F)ccc1F,"CHEMBL2425069",3416,Done,2.55,-4.9417,"glide_grid_1X70",-6.6031,-1.01792,-0.446867,-0,-1.50907,-32.8072,-14.0135,0.257188,-0.14404,-68.1641,-46.8207,0.715235
[NH3+][C@H]1C[C@@H]([N@@H+]2Cc3c[nH]nc3C2)CO[C@@H]1c1cc(F)ccc1F,"CHEMBL2425070",3417,Done,2.09,-8.70932,"glide_grid_1X70",-9.15542,-1.14725,-0.573746,-0,-2.48291,-33.4799,-22.6814,0.251934,-0.127247,-101.117,-56.1613,0.169623
[NH3+][C@H]1C[C@@H]([N@@H+]2Cc3cn[nH]c3C2)CO[C@@H]1c1cc(F)ccc1F,"CHEMBL2425070",3418,Done,2.13,-8.3058,"glide_grid_1X70",-8.7519,-1.06386,-0.656223,-0,-2.32869,-32.9398,-21.1685,0.251934,-0.132797,-96.3748,-54.1083,0.389992
[NH3+][C@H]1C[C@@H](N2Cc3c[nH]nc3C2)CO[C@@H]1c1cc(F)ccc1F,"CHEMBL2425070",3419,Done,1.87,-6.48458,"glide_grid_1X70",-8.58238,-1.08089,-0.845175,-0,-2.62377,-33.0539,-16.8879,0.253329,-0.1,-87.6501,-49.9417,0.0877414
[NH3+][C@H]1C[C@@H](N2Cc3cn[nH]c3C2)CO[C@@H]1c1cc(F)ccc1F,"CHEMBL2425070",3420,Done,1.96,-5.97913,"glide_grid_1X70",-8.07693,-1.15521,-0.662699,-0,-2.41846,-34.2915,-15.1822,0.253329,-0.101978,-83.7728,-49.4738,0.253756
[NH3+][C@H]1C[C@@H]([N@@H+]2Cc3c[nH]nc3C2)CO[C@@H]1c1ccccc1Cl,"CHEMBL2425071",3421,Done,2.05,-8.12521,"glide_grid_1X70",-8.57131,-1.43427,-0.640894,-0,-2.01633,-33.17,-19.6898,0.254064,-0.121897,-92.7451,-52.8599,0.593495
[NH3+][C@H]1C[C@@H]([N@@H+]2Cc3cn[nH]c3C2)CO[C@@H]1c1ccccc1Cl,"CHEMBL2425071",3422,Done,2.07,-7.95766,"glide_grid_1X70",-8.40376,-1.322,-0.540871,-0,-1.97028,-31.8298,-20.683,0.254064,-0.130739,-90.8123,-52.5127,0.617059
[NH3+][C@H]1C[C@@H](N2Cc3c[nH]nc3C2)CO[C@@H]1c1ccccc1Cl,"CHEMBL2425071",3423,Done,1.87,-5.83615,"glide_grid_1X70",-7.93395,-1.35525,-0.818958,-0,-2.08117,-33.0601,-14.5403,0.255477,-0.1,-79.8616,-47.6004,0.475667
[NH3+][C@H]1C[C@@H](N2Cc3cn[nH]c3C2)CO[C@@H]1c1ccccc1Cl,"CHEMBL2425071",3424,Done,1.87,-5.41729,"glide_grid_1X70",-7.51509,-1.43866,-0.648039,-0,-2.02107,-34.0291,-12.4089,0.255477,-0.1,-75.9732,-46.438,0.662169
[NH3+][C@H]1C[C@@H]([N@@H+]2Cc3c[nH]nc3C2)CO[C@@H]1c1ccc(F)cc1F,"CHEMBL2425072",3425,Done,1.99,-8.69446,"glide_grid_1X70",-9.14056,-1.122,-0.62552,-0,-2.37405,-34.0936,-22.9315,0.251934,-0.126511,-103.03,-57.0252,0.037759
[NH3+][C@H]1C[C@@H]([N@@H+]2Cc3cn[nH]c3C2)CO[C@@H]1c1ccc(F)cc1F,"CHEMBL2425072",3426,Done,2.02,-8.44505,"glide_grid_1X70",-8.89115,-1.06476,-0.646864,-0,-2.35216,-34.1984,-21.581,0.251934,-0.132225,-100.004,-55.7795,0.209681
[NH3+][C@H]1C[C@@H](N2Cc3c[nH]nc3C2)CO[C@@H]1c1ccc(F)cc1F,"CHEMBL2425072",3427,Done,1.89,-6.45646,"glide_grid_1X70",-8.55426,-1.23402,-0.637315,-0,-2.49698,-34.9236,-17.2873,0.253329,-0.1,-90.1987,-52.2109,0.125186
[NH3+][C@H]1C[C@@H](N2Cc3cn[nH]c3C2)CO[C@@H]1c1ccc(F)cc1F,"CHEMBL2425072",3428,Done,1.88,-6.2032,"glide_grid_1X70",-8.301,-1.15893,-0.697168,-0,-2.41968,-34.7428,-16.2252,0.253329,-0.107633,-87.2137,-50.968,0.0209643
[NH3+][C@H]1C[C@@H]([N@@H+]2Cc3c[nH]nc3C2)CO[C@@H]1c1cc(F)c(Cl)cc1F,"CHEMBL2425073",3429,Done,2.05,-8.91579,"glide_grid_1X70",-9.36189,-1.32356,-0.629436,-0,-2.17126,-35.7108,-23.5614,0.21045,-0.128336,-106.807,-59.2722,0.243479
[NH3+][C@H]1C[C@@H]([N@@H+]2Cc3cn[nH]c3C2)CO[C@@H]1c1cc(F)c(Cl)cc1F,"CHEMBL2425073",3430,Done,2.18,-8.66511,"glide_grid_1X70",-9.11121,-1.25709,-0.656844,-0,-2.14214,-35.7941,-22.2678,0.21045,-0.135714,-103.696,-58.0619,0.433482
[NH3+][C@H]1C[C@@H](N2Cc3c[nH]nc3C2)CO[C@@H]1c1cc(F)c(Cl)cc1F,"CHEMBL2425073",3431,Done,1.84,-6.62198,"glide_grid_1X70",-8.71978,-1.42466,-0.691806,-0,-2.15831,-36.0513,-18.2571,0.211512,-0.115381,-93.5733,-54.3084,0.0501634
[NH3+][C@H]1C[C@@H](N2Cc3cn[nH]c3C2)CO[C@@H]1c1cc(F)c(Cl)cc1F,"CHEMBL2425073",3432,Done,1.9,-6.40375,"glide_grid_1X70",-8.50155,-1.36787,-0.710489,-0,-2.16005,-36.4465,-16.9012,0.211512,-0.117145,-90.8453,-53.3477,0.163948
[NH3+][C@H]1C[C@@H]([N@@H+]2Cc3c[nH]nc3C2)CO[C@@H]1c1cc(F)ccc1Cl,"CHEMBL2425074",3433,Done,1.98,-8.68086,"glide_grid_1X70",-9.12696,-1.33071,-0.906774,-0,-2.36731,-31.2781,-20.4655,0.230711,-0.119129,-94.6031,-51.7437,0.693398
[NH3+][C@H]1C[C@@H]([N@@H+]2Cc3cn[nH]c3C2)CO[C@@H]1c1cc(F)ccc1Cl,"CHEMBL2425074",3434,Done,2.02,-8.40084,"glide_grid_1X70",-8.84694,-1.39399,-0.551042,-0,-2.34638,-31.8294,-20.4429,0.230711,-0.128332,-93.0012,-52.2723,0.454987
[NH3+][C@H]1C[C@@H](N2Cc3c[nH]nc3C2)CO[C@@H]1c1cc(F)ccc1Cl,"CHEMBL2425074",3435,Done,1.91,-6.29701,"glide_grid_1X70",-8.39481,-1.36683,-0.876926,-0,-2.34766,-31.7757,-15.6436,0.231932,-0.1,-82.0408,-47.4193,0.721206
[NH3+][C@H]1C[C@@H](N2Cc3cn[nH]c3C2)CO[C@@H]1c1cc(F)ccc1Cl,"CHEMBL2425074",3436,Done,1.87,-6.11478,"glide_grid_1X70",-8.21258,-1.42263,-0.487957,-0,-2.37575,-33.3049,-15.9529,0.231932,-0.1,-81.9239,-49.2578,0.232896
[NH3+][C@H]1C[C@@H]([N@@H+]2Cc3c[nH]nc3C2)CO[C@@H]1c1cc(F)c(F)cc1F,"CHEMBL2425075",3437,Done,1.95,-8.9166,"glide_grid_1X70",-9.3627,-1.17217,-0.638398,-0,-2.45285,-33.8577,-23.2657,0.228868,-0.145413,-104.352,-57.1234,0.190839
[NH3+][C@H]1C[C@@H]([N@@H+]2Cc3cn[nH]c3C2)CO[C@@H]1c1cc(F)c(F)cc1F,"CHEMBL2425075",3438,Done,2.01,-8.70708,"glide_grid_1X70",-9.15318,-1.12448,-0.641962,-0,-2.46217,-34.0141,-22.0057,0.228868,-0.151876,-101.635,-56.0197,0.402228
[NH3+][C@H]1C[C@@H](N2Cc3c[nH]nc3C2)CO[C@@H]1c1cc(F)c(F)cc1F,"CHEMBL2425075",3439,Done,1.87,-6.61462,"glide_grid_1X70",-8.71242,-1.2486,-0.645643,-0,-2.57954,-34.5044,-17.6233,0.230074,-0.1,-91.0237,-52.1277,0.116877
[NH3+][C@H]1C[C@@H](N2Cc3cn[nH]c3C2)CO[C@@H]1c1cc(F)c(F)cc1F,"CHEMBL2425075",3440,Done,1.84,-6.35235,"glide_grid_1X70",-8.45015,-1.23068,-0.668892,-0,-2.4604,-34.9144,-16.3407,0.230074,-0.123433,-88.3294,-51.2551,0.0784569
[NH3+][C@H]1C[C@H]([N@@H+]2Cc3c[nH]nc3C2)CO[C@@H]1c1cc(F)ccc1F,"CHEMBL2425076",3441,Done,2.29,-6.14862,"glide_grid_1X70",-6.59472,-0.350468,-0.4,-0,-1.77953,-25.0461,-19.5494,0.359906,-0.23992,-67.9826,-44.5955,5.79197
[NH3+][C@H]1C[C@H]([N@@H+]2Cc3cn[nH]c3C2)CO[C@@H]1c1cc(F)ccc1F,"CHEMBL2425076",3442,Done,2.51,-6.55606,"glide_grid_1X70",-7.00216,-0.228221,-0.806165,-0,-1.53737,-23.6925,-23.3229,0.359906,-0.107249,-71.4833,-47.0154,12.0196
[NH3+][C@H]1C[C@H](N2Cc3c[nH]nc3C2)CO[C@@H]1c1cc(F)ccc1F,"CHEMBL2425076",3443,Done,2.21,-2.95275,"glide_grid_1X70",-5.05055,-0.432937,-0.34822,-0,-1.48012,-24.2667,-12.1952,0.361898,-0.108556,-49.9399,-36.4619,7.77208
[NH3+][C@H]1C[C@H](N2Cc3cn[nH]c3C2)CO[C@@H]1c1cc(F)ccc1F,"CHEMBL2425076",3444,Done,2.3,-3.5622,"glide_grid_1X70",-5.66,-0.469051,-0.4,-0,-1.54098,-26.9797,-13.7525,0.361898,-0.2,-49.8576,-40.7322,22.0204
[NH3+][C@@H]1C[C@H]([N@H+]2Cc3c[nH]nc3C2)CO[C@H]1c1cc(F)ccc1F,"CHEMBL2425077",3445,Done,2.01,-8.10346,"glide_grid_1X70",-8.54956,-0.863887,-0.782271,-0,-2.78718,-25.7809,-19.4082,0.251934,-0.167886,-81.5396,-45.1891,3.29369
[NH3+][C@@H]1C[C@H]([N@H+]2Cc3cn[nH]c3C2)CO[C@H]1c1cc(F)ccc1F,"CHEMBL2425077",3446,Done,2.07,-8.82444,"glide_grid_1X70",-9.27054,-0.908268,-0.804602,-0,-2.83668,-26.4335,-23.1658,0.251934,-0.176382,-89.8293,-49.5993,3.36066
[NH3+][C@@H]1C[C@H](N2Cc3c[nH]nc3C2)CO[C@H]1c1cc(F)ccc1F,"CHEMBL2425077",3447,Done,2,-5.83265,"glide_grid_1X70",-7.93045,-0.949634,-0.779365,-0,-2.60684,-28.5275,-15.257,0.253329,-0.133007,-70.7683,-43.7845,5.67999
[NH3+][C@@H]1C[C@H](N2Cc3cn[nH]c3C2)CO[C@H]1c1cc(F)ccc1F,"CHEMBL2425077",3448,Done,1.92,-4.87644,"glide_grid_1X70",-6.97424,-0.499612,-1.00415,-0,-1.69095,-28.5049,-17.3534,0.361898,-0.113171,-71.8573,-45.8583,3.27995
[NH3+][C@@H]1C[C@@H]([N@@H+]2Cc3c[nH]nc3C2)CO[C@H]1c1cc(F)ccc1F,"CHEMBL2425078",3449,Done,2.52,-6.81552,"glide_grid_1X70",-7.26162,-1.10263,-0.4,-0,-2.06945,-29.7275,-16.4921,0.359906,-0.0892626,-72.9458,-46.2195,8.18292
[NH3+][C@@H]1C[C@@H]([N@@H+]2Cc3cn[nH]c3C2)CO[C@H]1c1cc(F)ccc1F,"CHEMBL2425078",3450,Done,2.47,-6.42048,"glide_grid_1X70",-6.86658,-1.07966,-0.4,-0,-1.73455,-30.0662,-16.2175,0.359906,-0.0763438,-71.9574,-46.2837,6.6975
[NH3+][C@@H]1C[C@@H](N2Cc3c[nH]nc3C2)CO[C@H]1c1cc(F)ccc1F,"CHEMBL2425078",3451,Done,2.11,-3.9668,"glide_grid_1X70",-6.0646,-1.22139,-0.4,-0,-1.51218,-30.5144,-11.1641,0.361898,-0.0926013,-59.909,-41.6785,7.40993
[NH3+][C@@H]1C[C@@H](N2Cc3cn[nH]c3C2)CO[C@H]1c1cc(F)ccc1F,"CHEMBL2425078",3452,Done,2.09,-3.82607,"glide_grid_1X70",-5.92387,-0.223822,-0.686581,-0,-1.5364,-24.7939,-16.6618,0.361898,-0.1,-60.4581,-41.4557,5.03322
[NH3+][C@H]1C[C@@H]([N@H+]2Cc3c[nH]nc3C2)CO[C@H]1c1cc(F)ccc1F,"CHEMBL2425079",3453,Done,2.06,-7.51788,"glide_grid_1X70",-7.96398,-0.787755,-0.413049,-0,-2.61354,-26.3306,-19.0378,0.251934,-0.229369,-66.0723,-45.3684,14.3831
[NH3+][C@H]1C[C@@H]([N@H+]2Cc3cn[nH]c3C2)CO[C@H]1c1cc(F)ccc1F,"CHEMBL2425079",3454,Done,2.19,-7.18716,"glide_grid_1X70",-7.63326,-0.664495,-0.529256,-0,-2.33144,-22.0898,-20.2179,0.251934,-0.222828,-64.7292,-42.3077,14.5886
[NH3+][C@H]1C[C@@H](N2Cc3c[nH]nc3C2)CO[C@H]1c1cc(F)ccc1F,"CHEMBL2425079",3455,Done,2.07,-4.02982,"glide_grid_1X70",-6.12762,-1.15155,-0.547061,-0,-1.4431,-19.446,-14.3962,0.361898,-0.216076,-47.5348,-33.8422,7.14163
[NH3+][C@H]1C[C@@H](N2Cc3cn[nH]c3C2)CO[C@H]1c1cc(F)ccc1F,"CHEMBL2425079",3456,Done,2.06,-4.07104,"glide_grid_1X70",-6.16884,-1.19882,-0.516498,-0,-1.4431,-15.1774,-15.9422,0.361898,-0.222112,-46.5898,-31.1196,4.0356
[NH3+][C@H]1C[C@H]([N@H+]2Cc3c[nH]nc3C2)CO[C@H]1c1cc(F)ccc1F,"CHEMBL2425080",3457,Done,2.09,-8.49833,"glide_grid_1X70",-8.94443,-0.952963,-0.550987,-0,-2.85554,-31.3191,-20.7529,0.251934,-0.157989,-93.9461,-52.072,4.94109
[NH3+][C@H]1C[C@H]([N@H+]2Cc3cn[nH]c3C2)CO[C@H]1c1cc(F)ccc1F,"CHEMBL2425080",3458,Done,2.1,-8.63561,"glide_grid_1X70",-9.08171,-1.08468,-0.563096,-0,-2.81435,-33.1464,-20.5269,0.251934,-0.135158,-95.6071,-53.6734,4.62117
[NH3+][C@H]1C[C@H](N2Cc3c[nH]nc3C2)CO[C@H]1c1cc(F)ccc1F,"CHEMBL2425080",3459,Done,1.96,-6.18022,"glide_grid_1X70",-8.27802,-1.09434,-0.744826,-0,-2.56099,-35.0656,-15.1861,0.253329,-0.1,-81.6523,-50.2517,6.74133
[NH3+][C@H]1C[C@H](N2Cc3cn[nH]c3C2)CO[C@H]1c1cc(F)ccc1F,"CHEMBL2425080",3460,Done,2.08,-5.78407,"glide_grid_1X70",-7.88187,-0.842552,-0.561353,-0,-2.64054,-33.349,-15.3705,0.253329,-0.117726,-80.3195,-48.7195,1.05122
[NH3+][C@@H]1C[C@H]([N@@H+]2Cc3c[nH]nc3C2)CO[C@@H]1c1cc(F)ccc1F,"CHEMBL2425081",3461,Done,1.85,-5.70369,"glide_grid_1X70",-6.14979,-0.236512,-0.800554,-0,-1.43623,-19.3794,-18.9491,0.359906,-0.225064,-57.8562,-38.3285,5.09112
[NH3+][C@@H]1C[C@H]([N@@H+]2Cc3cn[nH]c3C2)CO[C@@H]1c1cc(F)ccc1F,"CHEMBL2425081",3462,Done,1.79,-6.73747,"glide_grid_1X70",-7.18357,-0.0310422,-0.965383,-0,-1.81233,-18.2227,-23.1548,0.251934,-0.24239,-67.5917,-41.3776,1.76946
[NH3+][C@@H]1C[C@H](N2Cc3c[nH]nc3C2)CO[C@@H]1c1cc(F)ccc1F,"CHEMBL2425081",3463,Done,1.85,-4.16651,"glide_grid_1X70",-6.26431,-0.129263,-0.831794,-0,-1.4431,-20.7292,-19.408,0.361898,-0.274385,-56.1254,-40.1372,10.0879
[NH3+][C@@H]1C[C@H](N2Cc3cn[nH]c3C2)CO[C@@H]1c1cc(F)ccc1F,"CHEMBL2425081",3464,Done,1.9,-4.76249,"glide_grid_1X70",-6.86029,-0.00385149,-0.985861,-0,-1.82118,-19.4791,-20.8426,0.253329,-0.202371,-62.2173,-40.3218,3.75116
CC#CCn1c(N2CCC[C@@H]([NH3+])C2)cc(=O)n(CC#CC)c1=O,"CHEMBL2425882",3465,Done,2.52,-5.65478,"glide_grid_1X70",-5.66128,-0.0960054,-0.788406,-0,-1.84011,-20.9348,-16.1018,0.65453,-0.129277,-56.7198,-37.0366,0.533175
CC#CCn1c(N2CCC[C@@H](N)C2)cc(=O)n(CC#CC)c1=O,"CHEMBL2425882",3466,Done,2.44,-0.480501,"glide_grid_1X70",-3.1612,-0.570328,-0.288658,-0,-1.49242,-24.3355,-3.40243,0.940323,-0.0229802,-33.4285,-27.7379,0.227758
CC#CCn1c(N2CCC[C@@H]([NH3+])C2)cc(=O)n(Cc2ccccc2)c1=O,"CHEMBL2425883",3467,Done,3.05,-5.72494,"glide_grid_1X70",-5.73144,-0.61391,-0.406437,-0,-1.59898,-24.8414,-15.109,0.53506,-0.138759,-59.2437,-39.9504,2.85619
CC#CCn1c(N2CCC[C@@H](N)C2)cc(=O)n(Cc2ccccc2)c1=O,"CHEMBL2425883",3468,Done,4.03,-0.864161,"glide_grid_1X70",-3.54486,-0.673021,-0.286337,-0,-1.31414,-28.6722,-3.90817,0.768266,-0.0197973,-38.0908,-32.5803,4.46768
CC#CCn1c(N2CCC[C@@H]([NH3+])C2)cc(=O)n(Cc2ncccn2)c1=O,"CHEMBL2425884",3469,Done,2.93,-7.18443,"glide_grid_1X70",-7.19093,-0.239713,-1.25089,-0,-1.82074,-25.6451,-19.8304,0.529777,-0.152536,-72.6692,-45.4755,1.74287
CC#CCn1c(N2CCC[C@@H](N)C2)cc(=O)n(Cc2ncccn2)c1=O,"CHEMBL2425884",3470,Done,2.95,-0.258548,"glide_grid_1X70",-2.93925,-0.0646647,-0.304,-0,-1.01461,-24.4115,-7.165,0.76066,-0.0213027,-37.5424,-31.5765,1.17176
CC#CCn1c(N2CCC[C@@H]([NH3+])C2)cc(=O)n(Cc2nc3ccccc3[nH]2)c1=O,"CHEMBL2425885",3471,Done,3.42,-6.1562,"glide_grid_1X70",-6.1788,-0.198673,-0.888393,-0,-1.31936,-21.1541,-19.7928,0.441649,-0.187399,-61.0838,-40.9469,6.31937
CC#CCn1c(N2CCC[C@@H]([NH3+])C2)cc(=O)n(Cc2[nH]c3ccccc3[nH+]2)c1=O,"CHEMBL2425885",3472,Done,3.42,-5.18217,"glide_grid_1X70",-7.32557,-0.249854,-0.989623,-0,-1.53694,-25.9105,-23.3758,0.439623,-0.186887,-78.3387,-49.2863,3.71202
CC#CCn1c(N2CCC[C@@H](N)C2)cc(=O)n(Cc2nc3ccccc3[nH]2)c1=O,"CHEMBL2425885",3473,Done,3.24,-0.155731,"glide_grid_1X70",-2.85253,-0.0432825,-0.389647,-0,-0.75603,-25.646,-6.45237,0.633842,-0.0472572,-37.782,-32.0984,1.32229
CC#CCn1c(N2CCC[C@@H]([NH3+])C2)cc(=O)n(Cc2ccc3ccccc3n2)c1=O,"CHEMBL2425886",3474,Done,3.11,-7.08515,"glide_grid_1X70",-7.10035,-0.235579,-1.23868,-0,-1.48133,-26.7925,-20.5492,0.420227,-0.142987,-76.079,-47.3417,1.85512
CC#CCn1c(N2CCC[C@@H]([NH3+])C2)cc(=O)n(Cc2ccc3ccccc3[nH+]2)c1=O,"CHEMBL2425886",3475,Done,3.44,-4.48822,"glide_grid_1X70",-6.99252,-0.236225,-1.02263,-0,-1.4308,-25.0841,-22.0344,0.418346,-0.161851,-77.3706,-47.1185,1.35332
CC#CCn1c(N2CCC[C@@H](N)C2)cc(=O)n(Cc2ccc3ccccc3n2)c1=O,"CHEMBL2425886",3476,Done,3.23,-0.949732,"glide_grid_1X70",-3.63913,-1.05604,-0.304,-0,-0.673088,-31.02,-4.15694,0.603029,-0.0344856,-42.2219,-35.177,2.3343
CC#CCn1c(N2CCC[C@@H]([NH3+])C2)cc(=O)n(Cc2ccc3c(ccc4ccccc43)n2)c1=O,"CHEMBL2425887",3477,Done,3.35,-5.26368,"glide_grid_1X70",-5.27858,-0.141497,-0.632388,-0,-0.858875,-24.5817,-17.4987,0.340191,-0.132108,-61.7009,-42.0805,2.78178
CC#CCn1c(N2CCC[C@@H]([NH3+])C2)cc(=O)n(Cc2ccc3c(ccc4ccccc43)[nH+]2)c1=O,"CHEMBL2425887",3478,Done,3.24,-3.43125,"glide_grid_1X70",-5.95275,-0.172545,-0.883468,-0,-0.838975,-20.8137,-21.3935,0.338823,-0.146876,-64.6998,-42.2072,2.72227
CC#CCn1c(N2CCC[C@@H](N)C2)cc(=O)n(Cc2ccc3c(ccc4ccccc43)n2)c1=O,"CHEMBL2425887",3479,Done,3.22,-0.345563,"glide_grid_1X70",-3.03466,-0.577841,-0.304,-0,-0.513769,-32.9429,-3.04746,0.487954,-0.0227405,-42.2722,-35.9904,2.1803
CC#CCn1c(N2CCC[C@@H]([NH3+])C2)cc(=O)n(Cc2ccc3cc(Br)ccc3n2)c1=O,"CHEMBL2425888",3480,Done,2.89,-6.64364,"glide_grid_1X70",-6.65014,-0.23501,-1.21517,-0,-0.932949,-26.6851,-20.6484,0.304083,-0.139581,-74.6784,-47.3335,1.70717
CC#CCn1c(N2CCC[C@@H](N)C2)cc(=O)n(Cc2ccc3cc(Br)ccc3n2)c1=O,"CHEMBL2425888",3481,Done,2.93,0.255196,"glide_grid_1X70",-2.4255,-0.377313,-0.29482,-0,-0.120184,-27.0926,-4.5316,0.436066,-0.0348793,-35.2704,-31.6242,3.9562
CC#CCn1c(N2CCC[C@@H]([NH3+])C2)cc(=O)n(Cc2ccc3cc(Cl)ccc3n2)c1=O,"CHEMBL2425889",3482,Done,2.87,-6.94448,"glide_grid_1X70",-6.95098,-0.235434,-1.2508,-0,-1.24767,-26.957,-20.5922,0.362499,-0.14289,-76.3207,-47.5492,1.87975
CC#CCn1c(N2CCC[C@@H](N)C2)cc(=O)n(Cc2ccc3cc(Cl)ccc3n2)c1=O,"CHEMBL2425889",3483,Done,2.96,-0.573133,"glide_grid_1X70",-3.25383,-0.709216,-0.304,-0,-0.440276,-34.2792,-3.85842,0.520021,-0.0276373,-44.9051,-38.1376,2.17551
CC#CCn1c(N2CCC[C@@H]([NH3+])C2)cc(=O)n(Cc2ccc3cc(F)ccc3n2)c1=O,"CHEMBL2425890",3484,Done,2.9,-6.91811,"glide_grid_1X70",-6.92461,-0.243317,-1.20011,-0,-1.38547,-26.9015,-19.9878,0.388479,-0.140956,-75.2025,-46.8893,1.72639
CC#CCn1c(N2CCC[C@@H](N)C2)cc(=O)n(Cc2ccc3cc(F)ccc3n2)c1=O,"CHEMBL2425890",3485,Done,3.08,-0.714243,"glide_grid_1X70",-3.39494,-0.827218,-0.304,-0,-0.55166,-31.8438,-4.34498,0.557372,-0.0254977,-42.6223,-36.1888,2.92763
CC#CCn1c(N2CCC[C@@H]([NH3+])C2)cc(=O)n(Cc2ccc3cc(C)ccc3n2)c1=O,"CHEMBL2425891",3486,Done,3.01,-7.03804,"glide_grid_1X70",-7.05744,-0.234083,-1.24664,-0,-1.38572,-26.8946,-20.6573,0.395156,-0.14282,-77.2762,-47.5519,1.99728
CC#CCn1c(N2CCC[C@@H]([NH3+])C2)cc(=O)n(Cc2ccc3cc(C)ccc3[nH+]2)c1=O,"CHEMBL2425891",3487,Done,3.16,-4.75385,"glide_grid_1X70",-7.02615,-0.233394,-1.02468,-0,-1.36773,-26.5429,-22.0793,0.393442,-0.154742,-78.322,-48.6223,1.34327
CC#CCn1c(N2CCC[C@@H](N)C2)cc(=O)n(Cc2ccc3cc(C)ccc3n2)c1=O,"CHEMBL2425891",3488,Done,2.94,-1.96503,"glide_grid_1X70",-4.65863,-0.248137,-1.03483,-0,-0.845364,-27.8008,-11.1437,0.566973,-0.0356844,-50.5411,-38.9444,1.55268
CC#CCn1c(N2CCC[C@@H]([NH3+])C2)cc(=O)n(Cc2ccc3cc(OC)ccc3n2)c1=O,"CHEMBL2425892",3489,Done,3.61,-4.84754,"glide_grid_1X70",-4.85404,-0.101437,-0.416212,-0,-0.960269,-30.0005,-13.6724,0.369213,-0.194449,-61.5456,-43.6729,1.52057
CC#CCn1c(N2CCC[C@@H](N)C2)cc(=O)n(Cc2ccc3cc(OC)ccc3n2)c1=O,"CHEMBL2425892",3490,Done,3.8,0.0375221,"glide_grid_1X70",-2.64318,-0.178907,-0.429884,-0,-0.463301,-25.285,-5.29513,0.529672,-0.0422354,-35.8618,-30.5802,2.34962
CC#CCn1c(N2CCC[C@@H]([NH3+])C2)cc(=O)n(Cc2ccc3ccc(Cl)cc3n2)c1=O,"CHEMBL2425893",3491,Done,3.24,-6.90877,"glide_grid_1X70",-6.91527,-0.230943,-1.22508,-0,-1.24381,-27.0007,-20.5817,0.362499,-0.140649,-75.6596,-47.5824,1.73043
CC#CCn1c(N2CCC[C@@H](N)C2)cc(=O)n(Cc2ccc3ccc(Cl)cc3n2)c1=O,"CHEMBL2425893",3492,Done,3.06,-0.798036,"glide_grid_1X70",-3.47874,-0.74619,-0.268498,-0,-0.72192,-31.4452,-4.46266,0.520021,-0.0204893,-42.557,-35.9079,4.1148
CC#CCn1c(N2CCC[C@@H]([NH3+])C2)cc(=O)n(Cc2ccc3ccc(F)cc3n2)c1=O,"CHEMBL2425894",3493,Done,2.99,-6.94111,"glide_grid_1X70",-6.94761,-0.236699,-1.20111,-0,-1.35903,-26.6501,-20.4414,0.388479,-0.140532,-75.3088,-47.0915,1.4831
CC#CCn1c(N2CCC[C@@H](N)C2)cc(=O)n(Cc2ccc3ccc(F)cc3n2)c1=O,"CHEMBL2425894",3494,Done,3.16,-0.580656,"glide_grid_1X70",-3.26136,-0.683708,-0.304,-0,-0.553667,-31.2865,-4.56113,0.557372,-0.0288598,-42.6071,-35.8476,2.77915
CC#CCn1c(N2CCC[C@@H]([NH3+])C2)cc(=O)n(Cc2cc(Cl)c3ccccc3n2)c1=O,"CHEMBL2425895",3495,Done,2.98,-6.90595,"glide_grid_1X70",-6.91245,-0.231223,-1.3059,-0,-1.20835,-25.5195,-20.7383,0.362499,-0.142769,-74.1175,-46.2577,1.38263
CC#CCn1c(N2CCC[C@@H](N)C2)cc(=O)n(Cc2cc(Cl)c3ccccc3n2)c1=O,"CHEMBL2425895",3496,Done,3.02,-0.0309214,"glide_grid_1X70",-2.71162,-0.150067,-0.321775,-0,-0.440948,-29.0942,-5.52017,0.520021,-0.036116,-40.3492,-34.6144,1.28251
CC[C@@]12C[C@H]3C[C@@H](C1)C[C@]([NH2+]CC(=O)N1CCC[C@H]1C#N)(C3)C2,"CHEMBL3084812",3499,Done,4.06,-6.58063,"glide_grid_1X70",-6.68693,-1.14664,-0.630092,-0,-2.20265,-14.6497,-15.3246,0.520511,-0.196886,-44.9851,-29.9743,14.9214
N#Cc1ccc(N[C@H]2CC[C@H]([NH2+]CC(=O)N3CCC[C@H]3C#N)CC2)nc1,"CHEMBL3084815",3505,Done,4.3,-5.61808,"glide_grid_1X70",-5.78288,-0.683159,-0.575759,-0,-1.67029,-29.4561,-13.95,0.917231,-0.205602,-64.526,-43.4061,6.33343
N#C[C@@H]1CCCN1C(=O)C[NH2+][C@H]1CC[C@H](Nc2ccc(C(F)(F)F)cn2)CC1,"CHEMBL3084816",3507,Done,6.16,-5.36462,"glide_grid_1X70",-5.52942,-0.651884,-0.460675,-0,-1.40003,-26.5495,-15.1733,0.746952,-0.160308,-61.3923,-41.7228,6.09288
N#C[C@@H]1CCCN1C(=O)C[NH2+][C@@]12C[C@H]3C[C@@H](C1)C[C@](OC(=O)NC1CCCCC1)(C3)C2,"CHEMBL3084817",3509,Done,7.46,-4.7566,"glide_grid_1X70",-5.0026,-0.91221,-0.4,-0,-0.967458,-27.1353,-13.0144,0.75387,-0.167879,-57.553,-40.1497,2.70391
N#C[C@@H]1CCCN1C(=O)C[NH2+][C@H]1CC[C@H](NC(=O)C2CCCCC2)CC1,"CHEMBL3084819",3513,Done,8.22,-5.06559,"glide_grid_1X70",-5.26859,-0.654214,-0.571163,-0,-1.7465,-23.0683,-13.3691,1.02797,-0.165911,-53.6463,-36.4374,9.40271
N#C[C@@H]1CCCN1C(=O)C[NH2+][C@H]1CC[C@H](Nc2nc3ccccc3s2)CC1,"CHEMBL3084820",3515,Done,3.97,-5.25958,"glide_grid_1X70",-5.42438,-0.64136,-0.460551,-0,-1.33173,-25.161,-15.6734,0.78902,-0.170707,-60.4838,-40.8344,4.45834
N#C[C@@H]1CCCN1C(=O)C[NH2+][C@H]1CC[C@H](Oc2ccc(Cl)cc2)CC1,"CHEMBL3084821",3517,Done,3.9,-5.12893,"glide_grid_1X70",-5.35103,-0.882366,-0.4,-0,-1.38544,-28.2768,-13.1364,0.875185,-0.174111,-60.6021,-41.4132,4.97596
N#C[C@@H]1CCCN1C(=O)C[NH2+][C@@]12C[C@H]3C[C@@H](C1)C[C@](OC(=O)Nc1ccccc1)(C3)C2,"CHEMBL3084823",3521,Done,5.67,-6.3323,"glide_grid_1X70",-6.5802,-1.46151,-0.469202,-0,-1.19111,-37.9353,-14.3247,0.773468,-0.186378,-72.2327,-52.26,18.4775
N#Cc1cccc(S(=O)(=O)N[C@H]2CC[C@H]([C@H]([NH3+])C(=O)N3CCSC3)CC2)c1,"CHEMBL3084936",3529,Done,4.95,-7.54759,"glide_grid_1X70",-7.86609,-1.15098,-0.605203,-0,-0.928909,-40.6214,-21.7738,0.493089,-0.376955,-96.2931,-62.3952,8.59579
N#Cc1cccc(S(=O)(=O)N[C@H]2CC[C@H]([C@H](N)C(=O)N3CCSC3)CC2)c1,"CHEMBL3084936",3530,Done,4.83,-4.47959,"glide_grid_1X70",-4.99949,-1.04157,-0.346717,-0,-1.07585,-37.3027,-8.25185,0.70755,-0.139989,-59.2651,-45.5546,2.86187
CN(C)C(=O)Nc1ccc(S(=O)(=O)N[C@H]2CC[C@H]([C@H]([NH3+])C(=O)N3CCSC3)CC2)cc1,"CHEMBL3084937",3531,Done,5.86,-6.83015,"glide_grid_1X70",-7.14865,-1.56739,-0.492554,-0,-0.499575,-42.1483,-18.2932,0.510879,-0.248606,-89.3565,-60.4416,12.7503
CN(C)C(=O)Nc1ccc(S(=O)(=O)N[C@H]2CC[C@H]([C@H](N)C(=O)N3CCSC3)CC2)cc1,"CHEMBL3084937",3532,Done,4.52,-3.98244,"glide_grid_1X70",-4.50234,-1.37405,-0.287062,-0,-0.458647,-32.5872,-8.69495,0.732688,-0.181666,-51.8783,-41.2822,2.18769
CN(C)C(=O)Nc1ccc(S(=O)(=O)N[C@H]2CC[C@H]([C@H]([NH3+])C(=O)N3CCCC3)CC2)cc1,"CHEMBL3084938",3533,Done,6.01,-6.03514,"glide_grid_1X70",-6.25264,-1.2969,-0.463353,-0,-0.733965,-34.8026,-15.9688,0.548584,-0.171566,-72.6017,-50.7714,11.7904
[NH3+][C@H](C(=O)N1CCSC1)[C@H]1CC[C@H](NC(=O)Nc2ccc(F)c(F)c2)CC1,"CHEMBL3084939",3535,Done,5.91,-7.69686,"glide_grid_1X70",-8.00636,-0.871222,-0.906022,-0,-1.5634,-35.6676,-21.0498,0.515707,-0.240571,-91.9247,-56.7174,8.15948
N[C@H](C(=O)N1CCSC1)[C@H]1CC[C@H](NC(=O)Nc2ccc(F)c(F)c2)CC1,"CHEMBL3084939",3536,Done,6.16,-4.67967,"glide_grid_1X70",-5.21247,-0.769186,-0.892949,-0,-1.00217,-33.55,-10.0296,0.740082,-0.10631,-55.2474,-43.5796,7.87913
[NH3+][C@H](C(=O)N1CCCC1)[C@H]1CC[C@H](NC(=O)c2cncc3ccccc23)CC1,"CHEMBL3084940",3537,Done,6.78,-7.96805,"glide_grid_1X70",-8.18185,-0.97535,-0.851066,-0,-1.70628,-33.961,-22.1151,0.560199,-0.194026,-90.7054,-56.0762,6.9862
N[C@H](C(=O)N1CCCC1)[C@H]1CC[C@H](NC(=O)c2cncc3ccccc23)CC1,"CHEMBL3084940",3538,Done,6.57,-4.40469,"glide_grid_1X70",-5.11219,-0.920258,-0.815126,-0,-1.11575,-34.1877,-8.49133,0.804088,-0.082057,-56.8954,-42.679,1.45056
[NH3+][C@H](C(=O)N1CCCC1)[C@H]1CC[C@H](NS(=O)(=O)c2ccc(F)c(F)c2F)CC1,"CHEMBL3084941",3539,Done,4.66,-6.37922,"glide_grid_1X70",-6.59672,-0.821077,-0.472767,-0,-1.3808,-32.3456,-16.9167,0.470201,-0.237483,-77.2485,-49.2624,8.09811
N[C@H](C(=O)N1CCCC1)[C@H]1CC[C@H](NS(=O)(=O)c2ccc(F)c(F)c2F)CC1,"CHEMBL3084941",3540,Done,4.49,-3.87901,"glide_grid_1X70",-4.57811,-1.06686,-0.296027,-0,-0.852592,-30.4356,-8.08256,0.674636,-0.303103,-48.9412,-38.5182,5.57942
[NH3+][C@H](C(=O)N1CCSC1)[C@H]1CC[C@H](NS(=O)(=O)c2ccc3ccccc3c2)CC1,"CHEMBL3084942",3541,Done,4.94,-6.85644,"glide_grid_1X70",-7.17494,-0.924007,-0.531163,-0,-1.30693,-34.7926,-19.3314,0.442896,-0.216394,-86.2605,-54.124,3.07489
N[C@H](C(=O)N1CCSC1)[C@H]1CC[C@H](NS(=O)(=O)c2ccc3ccccc3c2)CC1,"CHEMBL3084942",3542,Done,5.29,-2.58032,"glide_grid_1X70",-3.10022,-0.493357,-0.300358,-0,0.26134,-31.2103,-9.55681,0.635377,-0.209184,-43.8604,-40.7671,9.0708
[NH3+][C@H](C(=O)N1CCSC1)[C@H]1CC[C@H](NS(=O)(=O)c2ccc(F)c(F)c2F)CC1,"CHEMBL3084943",3543,Done,5.09,-7.04729,"glide_grid_1X70",-7.36579,-1.34124,-0.451962,-0,-0.655942,-37.4029,-20.4661,0.435755,-0.412348,-90.1614,-57.869,5.0554
N[C@H](C(=O)N1CCSC1)[C@H]1CC[C@H](NS(=O)(=O)c2ccc(F)c(F)c2F)CC1,"CHEMBL3084943",3544,Done,4.76,-4.19874,"glide_grid_1X70",-4.71864,-1.37745,-0.308581,-0,-0.0407881,-37.9835,-9.58107,0.625111,-0.280589,-58.9289,-47.5646,2.54161
[NH3+][C@H](C(=O)N1CCCC1)[C@H]1CC[C@H](NC(=O)c2cccc3ccccc23)CC1,"CHEMBL3084944",3545,Done,6.7,-7.87345,"glide_grid_1X70",-8.08785,-0.997131,-0.85098,-0,-1.71051,-33.8902,-21.3503,0.562809,-0.194984,-89.1646,-55.2405,7.51212
N[C@H](C(=O)N1CCCC1)[C@H]1CC[C@H](NC(=O)c2cccc3ccccc23)CC1,"CHEMBL3084944",3546,Done,6.88,-4.08209,"glide_grid_1X70",-4.78829,-0.802568,-0.579082,-0,-1.16185,-36.5176,-7.69406,0.807842,-0.0726408,-56.9591,-44.2117,1.7298
[NH3+][C@H](C(=O)N1CCSC1)[C@H]1CC[C@H]([NH3+])CC1,"CHEMBL3084945",3547,Done,1.99,-8.20153,"glide_grid_1X70",-8.56893,-1.00045,-0.413592,-0,-2.65633,-28.8663,-23.0662,0.60706,-0.202379,-92.161,-51.9324,3.424
N[C@H](C(=O)N1CCSC1)[C@H]1CC[C@H]([NH3+])CC1,"CHEMBL3084945",3548,Done,1.78,-3.86258,"glide_grid_1X70",-4.32198,-0.221747,-0.278194,-0,-1.74154,-23.583,-11.2708,0.873354,-0.0840803,-47.6396,-34.8538,4.34023
[NH3+][C@H](C(=O)N1CCSC1)[C@H]1CC[C@H](NC(=O)c2ccc(Cl)c(Cl)c2)CC1,"CHEMBL3084946",3549,Done,6.25,-7.46433,"glide_grid_1X70",-7.77863,-0.930843,-0.814649,-0,-1.49148,-38.5374,-19.3002,0.476526,-0.196279,-93.2776,-57.8376,6.92587
N[C@H](C(=O)N1CCSC1)[C@H]1CC[C@H](NC(=O)c2ccc(Cl)c(Cl)c2)CC1,"CHEMBL3084946",3550,Done,6.91,-4.45333,"glide_grid_1X70",-4.97923,-0.874029,-0.617962,-0,-0.980072,-38.1152,-7.93783,0.683731,-0.0944672,-58.139,-46.053,6.12507
[NH3+][C@H](C(=O)N1CCSC1)[C@H]1CC[C@H](NC(=O)c2ccc(I)cc2)CC1,"CHEMBL3084947",3551,Done,6.18,-7.2553,"glide_grid_1X70",-7.5696,-0.96626,-0.884533,-0,-1.1261,-35.4222,-19.9765,0.377649,-0.20276,-89.782,-55.3987,5.09374
N[C@H](C(=O)N1CCSC1)[C@H]1CC[C@H](NC(=O)c2ccc(I)cc2)CC1,"CHEMBL3084947",3552,Done,6.45,-4.27097,"glide_grid_1X70",-4.79687,-0.972674,-0.611958,-0,-0.581725,-37.5606,-8.03523,0.541598,-0.0887948,-56.1109,-45.5959,6.47554
N[C@H](C(=O)N1CCSC1)[C@H]1CC[C@H](NC(=O)c2ccc3ccccc3c2)CC1,"CHEMBL3084948",3554,Done,6.33,-4.52276,"glide_grid_1X70",-5.04866,-0.971704,-0.575608,-0,-1.10624,-37.9106,-7.66873,0.743223,-0.0924884,-57.3361,-45.5793,6.29791
[NH3+][C@H](C(=O)N1CCSC1)[C@H]1CC[C@H](NC(=O)c2cccc3ccccc23)CC1,"CHEMBL3084949",3555,Done,6.81,-7.53107,"glide_grid_1X70",-7.84537,-1.10056,-0.563028,-0,-1.64654,-39.9543,-19.0304,0.517891,-0.200852,-96.4964,-58.9848,4.31411
N[C@H](C(=O)N1CCSC1)[C@H]1CC[C@H](NC(=O)c2cccc3ccccc23)CC1,"CHEMBL3084949",3556,Done,6.69,-4.5774,"glide_grid_1X70",-5.1033,-1.05837,-0.508968,-0,-1.11401,-37.734,-7.7965,0.743223,-0.108998,-56.4641,-45.5305,7.37627
[NH3+][C@H](C(=O)N1CCSC1)[C@H]1CC[C@H](NC(=O)OCc2ccc(Cl)c(Cl)c2)CC1,"CHEMBL3084950",3557,Done,6.06,-6.38123,"glide_grid_1X70",-6.69473,-1.05488,-0.665326,-0,-0.400835,-37.9968,-19.7704,0.490188,-0.198473,-84.8251,-57.7672,9.03768
N[C@H](C(=O)N1CCSC1)[C@H]1CC[C@H](NC(=O)OCc2ccc(Cl)c(Cl)c2)CC1,"CHEMBL3084950",3558,Done,6.16,-3.59706,"glide_grid_1X70",-4.12406,-0.890414,-0.432008,-0,-0.641718,-37.7809,-5.78984,0.703144,-0.105537,-51.221,-43.5708,8.73163
[NH3+][C@H](C(=O)N1CCSC1)[C@H]1CC[C@H](NC(=O)OCc2ccc3ccccc3c2)CC1,"CHEMBL3084951",3559,Done,5.56,-6.88863,"glide_grid_1X70",-7.20213,-1.02982,-0.795424,-0,-0.745051,-35.0018,-21.4631,0.529957,-0.19223,-88.3584,-56.465,9.16111
N[C@H](C(=O)N1CCSC1)[C@H]1CC[C@H](NC(=O)OCc2ccc3ccccc3c2)CC1,"CHEMBL3084951",3560,Done,5.38,-4.29104,"glide_grid_1X70",-4.81804,-1.93469,-0.197472,-0,-0.217548,-43.791,-6.29368,0.760316,-0.0950332,-62.7788,-50.0847,3.32107
[NH3+][C@H](C(=O)N1CCSC1)[C@H]1CC[C@H](NC(=O)OCc2cccc3ccccc23)CC1,"CHEMBL3084952",3561,Done,6.07,-6.43114,"glide_grid_1X70",-6.74464,-0.972707,-0.716402,-0,-0.526446,-37.3578,-19.8741,0.529957,-0.210034,-82.9767,-57.2319,10.4716
N[C@H](C(=O)N1CCSC1)[C@H]1CC[C@H](NC(=O)OCc2cccc3ccccc23)CC1,"CHEMBL3084952",3562,Done,6.75,-3.60389,"glide_grid_1X70",-4.13089,-1.58817,-0.271069,-0,-0.155342,-36.1355,-6.6067,0.760316,-0.0788449,-50.1651,-42.7422,7.53068
[NH3+][C@H](C(=O)N1CCSC1)[C@H]1CC[C@H](NC(=O)Nc2ccc(I)cc2)CC1,"CHEMBL3084953",3563,Done,4.63,-5.51107,"glide_grid_1X70",-5.82057,-0.780626,-0.54667,-0,-0.233345,-34.9474,-17.8635,0.356738,-0.189775,-69.2509,-52.8109,21.4443
N[C@H](C(=O)N1CCSC1)[C@H]1CC[C@H](NC(=O)Nc2ccc(I)cc2)CC1,"CHEMBL3084953",3564,Done,4.74,-3.58012,"glide_grid_1X70",-4.11292,-0.751604,-0.461166,-0,-0.00984121,-36.6018,-8.59095,0.511552,-0.283128,-50.7323,-45.1928,11.2441
[NH3+][C@H](C(=O)N1CCSC1)[C@H]1CC[C@H](NC(=O)Nc2ccc(Cl)c(Cl)c2)CC1,"CHEMBL3084954",3565,Done,4.43,-7.63613,"glide_grid_1X70",-7.94563,-0.882836,-0.949036,-0,-1.36431,-36.5506,-20.9177,0.447006,-0.231278,-90.648,-57.4683,9.87457
N[C@H](C(=O)N1CCSC1)[C@H]1CC[C@H](NC(=O)Nc2ccc(Cl)c(Cl)c2)CC1,"CHEMBL3084954",3566,Done,4.69,-4.17902,"glide_grid_1X70",-4.71182,-1.60899,-0.323556,-0,-0.101623,-42.9104,-7.45254,0.641286,-0.0555283,-53.8849,-50.363,19.5179
[NH3+][C@H](C(=O)N1CCSC1)[C@H]1CC[C@H](NC(=O)Nc2ccc(OC(F)(F)F)cc2)CC1,"CHEMBL3084955",3567,Done,6.63,-6.93165,"glide_grid_1X70",-7.24115,-1.29049,-0.668277,-0,-0.61057,-38.8283,-20.1419,0.559995,-0.269099,-82.5071,-58.9703,21.3142
N[C@H](C(=O)N1CCSC1)[C@H]1CC[C@H](NC(=O)Nc2ccc(OC(F)(F)F)cc2)CC1,"CHEMBL3084955",3568,Done,6.69,-3.32023,"glide_grid_1X70",-3.85303,-0.985226,-0.24609,-0,-0.669494,-39.4896,-3.47172,0.803278,-0.260261,-48.2845,-42.9613,11.2105
[NH3+][C@H](C(=O)N1CCSC1)[C@H]1CC[C@H](NC(=O)c2cnc3ccccc3c2)CC1,"CHEMBL3084956",3569,Done,5.73,-8.33253,"glide_grid_1X70",-8.64603,-0.909029,-1.11314,-0,-1.63144,-37.0912,-23.028,0.515588,-0.199248,-100.339,-60.1193,8.00906
N[C@H](C(=O)N1CCSC1)[C@H]1CC[C@H](NC(=O)c2cnc3ccccc3c2)CC1,"CHEMBL3084956",3570,Done,5.78,-4.64718,"glide_grid_1X70",-5.17418,-1.03383,-0.649447,-0,-1.0879,-38.0348,-7.62871,0.739911,-0.0968553,-57.5575,-45.6635,7.10025
N#C[C@@H]1C[C@H](F)CN1C(=O)[C@@H](N)Cc1ccc(F)c(F)c1F,"CHEMBL3091488",3571,Done,2.6,-5.3866,"glide_grid_1X70",-5.5973,-1.00701,-0.348381,-0,-1.80409,-28.8684,-9.1237,0.561414,-0.187258,-47.6197,-37.9921,8.6469
N#C[C@@H]1C[C@H](F)CN1C(=O)[C@@H]([NH3+])Cc1ccc(F)c(F)c1F,"CHEMBL3091488",3572,Done,3.03,-6.27248,"glide_grid_1X70",-6.98718,-0.94354,-0.515932,-0,-2.35679,-28.3847,-13.5252,0.55827,-0.28118,-68.4681,-41.9099,4.30403
N#C[C@@H]1CCCN1C(=O)[C@@H](N)Cc1ccc(Br)cc1,"CHEMBL3093896",3573,Done,2.11,-4.28902,"glide_grid_1X70",-4.54502,-0.68857,-0.499245,-0,-1.54515,-22.7655,-7.56214,0.54031,-0.0797739,-38.5476,-30.3276,3.82741
N#C[C@@H]1CCCN1C(=O)[C@@H]([NH3+])Cc1ccc(Br)cc1,"CHEMBL3093896",3574,Done,2.33,-5.64805,"glide_grid_1X70",-6.26855,-0.981905,-0.339981,-0,-1.68381,-28.6438,-14.4192,0.537342,-0.205125,-62.3407,-43.0631,6.70492
Cc1ccccc1C[C@H](N)C(=O)N1CCC[C@H]1C#N,"CHEMBL3093897",3575,Done,2.36,-5.33087,"glide_grid_1X70",-5.58687,-1.00633,-0.895802,-0,-1.89345,-19.6682,-11.8102,1.06577,-0.102129,-40.4195,-31.4784,7.61016
Cc1ccccc1C[C@H]([NH3+])C(=O)N1CCC[C@H]1C#N,"CHEMBL3093897",3576,Done,2.51,-6.65037,"glide_grid_1X70",-7.27087,-0.99395,-0.83096,-0,-2.07314,-21.7263,-20.4323,1.05863,-0.280285,-65.4787,-42.1586,11.7747
N#Cc1ccccc1C[C@H](N)C(=O)N1CCC[C@H]1C#N,"CHEMBL3093898",3577,Done,2.19,-3.72649,"glide_grid_1X70",-3.98249,-0.911257,-0.304,-0,-1.85386,-27.9611,-2.66145,0.991666,-0.107759,-34.009,-30.6225,10.7135
N#Cc1ccccc1C[C@H]([NH3+])C(=O)N1CCC[C@H]1C#N,"CHEMBL3093898",3578,Done,2.36,-6.10964,"glide_grid_1X70",-6.73014,-0.806712,-0.750237,-0,-2.27741,-25.0936,-15.7132,0.985258,-0.26938,-64.5919,-40.8068,4.79514
N#C[C@@H]1CCCN1C(=O)[C@@H](N)Cc1ccccc1C(F)(F)F,"CHEMBL3093899",3579,Done,3.53,-4.11718,"glide_grid_1X70",-4.37318,-0.984535,-0.304,-0,-1.5914,-29.5753,-4.4479,0.76539,-0.112695,-39.0126,-34.0232,10.1575
N#C[C@@H]1CCCN1C(=O)[C@@H]([NH3+])Cc1ccccc1C(F)(F)F,"CHEMBL3093899",3580,Done,3.58,-6.51921,"glide_grid_1X70",-7.13971,-0.994673,-0.404892,-0,-2.2818,-26.4589,-15.3019,0.532738,-0.372848,-65.9103,-41.7608,5.83382
N#Cc1cccc(C[C@H](N)C(=O)N2CCC[C@H]2C#N)c1,"CHEMBL3093900",3581,Done,2.47,-4.50089,"glide_grid_1X70",-4.75689,-0.690628,-0.234882,-0,-2.41101,-27.3112,-5.91772,0.991666,-0.158812,-39.6867,-33.2289,6.15157
N#Cc1cccc(C[C@H]([NH3+])C(=O)N2CCC[C@H]2C#N)c1,"CHEMBL3093900",3582,Done,2.56,-6.55501,"glide_grid_1X70",-7.17551,-0.486929,-0.882052,-0,-2.01268,-21.1497,-21.2902,0.689681,-0.232511,-63.1285,-42.4399,10.06
N#C[C@@H]1CCCN1C(=O)[C@@H](N)Cc1cccc(C(F)(F)F)c1,"CHEMBL3093901",3583,Done,3.62,-6.0771,"glide_grid_1X70",-6.3331,-1.06918,-0.426009,-0,-2.90461,-29.3818,-7.57796,0.76539,-0.092901,-49.1606,-36.9598,4.58039
N#C[C@@H]1CCCN1C(=O)[C@@H]([NH3+])Cc1cccc(C(F)(F)F)c1,"CHEMBL3093901",3584,Done,3.33,-6.02708,"glide_grid_1X70",-6.64758,-0.859666,-0.451522,-0,-2.26716,-26.267,-13.1701,0.532738,-0.313114,-66.7226,-39.4371,0.754397
N#C[C@@H]1C[C@H](F)CN1C(=O)[C@@H](N)Cc1ccccc1,"CHEMBL3093902",3585,Done,2.26,-5.05501,"glide_grid_1X70",-5.26571,-0.669074,-0.60514,-0,-2.00607,-24.4659,-9.55172,0.778565,-0.107942,-43.3873,-34.0176,7.70809
N#C[C@@H]1C[C@H](F)CN1C(=O)[C@@H]([NH3+])Cc1ccccc1,"CHEMBL3093902",3586,Done,2.43,-6.50037,"glide_grid_1X70",-7.21507,-0.599687,-0.812204,-0,-2.15658,-23.8421,-19.8325,0.773416,-0.253034,-66.125,-43.6746,10.0327
N#C[C@@H]1C[C@H](F)CN1C(=O)[C@@H](N)Cc1ccc(F)cc1,"CHEMBL3093903",3587,Done,2.46,-5.02773,"glide_grid_1X70",-5.23843,-0.734231,-0.504685,-0,-1.85854,-25.6748,-9.63856,0.693863,-0.10532,-44.9934,-35.3133,5.14325
N#C[C@@H]1C[C@H](F)CN1C(=O)[C@@H]([NH3+])Cc1ccc(F)cc1,"CHEMBL3093903",3588,Done,2.53,-7.07815,"glide_grid_1X70",-7.79285,-0.963501,-0.472941,-0,-2.50295,-24.758,-18.9374,0.482675,-0.257626,-70.6593,-43.6954,5.94635
Cc1ccc(C[C@H](N)C(=O)N2C[C@@H](F)C[C@H]2C#N)cc1,"CHEMBL3093904",3589,Done,2.45,-4.19358,"glide_grid_1X70",-4.40428,-0.765578,-0.304,-0,-2.21513,-28.8276,-3.73951,0.948381,-0.0656467,-38.4537,-32.5671,6.5721
Cc1ccc(C[C@H]([NH3+])C(=O)N2C[C@@H](F)C[C@H]2C#N)cc1,"CHEMBL3093904",3590,Done,2.58,-6.4347,"glide_grid_1X70",-7.1494,-0.848149,-0.416129,-0,-3.02998,-29.2354,-12.4655,0.659674,-0.183219,-65.1325,-41.7009,6.40309
COc1ccc(C[C@H](N)C(=O)N2C[C@@H](F)C[C@H]2C#N)cc1,"CHEMBL3093905",3591,Done,3.85,-4.20547,"glide_grid_1X70",-4.41617,-0.662479,-0.42715,-0,-1.51482,-27.3868,-7.99253,0.85965,-0.103158,-42.6986,-35.3793,4.1259
COc1ccc(C[C@H]([NH3+])C(=O)N2C[C@@H](F)C[C@H]2C#N)cc1,"CHEMBL3093905",3592,Done,2.86,-5.89321,"glide_grid_1X70",-6.60791,-0.92608,-0.321211,-0,-2.21059,-28.5646,-13.948,0.59814,-0.227741,-65.9319,-42.5125,2.79373
N#C[C@@H]1C[C@H](F)CN1C(=O)[C@@H](N)Cc1ccc([N+](=O)[O-])cc1,"CHEMBL3093906",3593,Done,2.61,-4.30762,"glide_grid_1X70",-4.51832,-0.303528,-0.440445,-0,-1.34348,-25.1349,-11.7632,0.787502,-0.197141,-45.107,-36.8981,6.42607
N#C[C@@H]1C[C@H](F)CN1C(=O)[C@@H]([NH3+])Cc1ccc([N+](=O)[O-])cc1,"CHEMBL3093906",3594,Done,2.82,-6.22838,"glide_grid_1X70",-6.94308,-0.68096,-0.333259,-0,-2.65362,-26.6168,-15.0616,0.548083,-0.233245,-68.1843,-41.6784,3.31922
N#Cc1ccc(C[C@H](N)C(=O)N2C[C@@H](F)C[C@H]2C#N)cc1,"CHEMBL3093907",3595,Done,2.24,-4.5175,"glide_grid_1X70",-4.6748,-0.854679,-0.304,-0,-2.19307,-31.529,-3.78311,0.886072,-0.0652011,-42.9741,-35.3121,7.21969
N#Cc1ccc(C[C@H]([NH3+])C(=O)N2C[C@@H](F)C[C@H]2C#N)cc1,"CHEMBL3093907",3596,Done,2.44,-6.87351,"glide_grid_1X70",-7.73611,-0.810521,-0.65031,-0,-2.61039,-28.4762,-17.7142,0.616466,-0.200415,-72.8687,-46.1904,10.0811
N#C[C@@H]1C[C@H](F)CN1C(=O)[C@@H](N)Cc1ccc(C(F)(F)F)cc1,"CHEMBL3093908",3597,Done,3.57,-4.09737,"glide_grid_1X70",-4.30807,-0.248811,-0.435195,-0,-1.18732,-22.0741,-12.4456,0.693251,-0.159449,-43.4285,-34.5197,2.77622
N#C[C@@H]1C[C@H](F)CN1C(=O)[C@@H]([NH3+])Cc1ccc(C(F)(F)F)cc1,"CHEMBL3093908",3598,Done,3.56,-6.43517,"glide_grid_1X70",-7.14987,-1.06594,-0.373395,-0,-2.42646,-27.36,-14.53,0.482662,-0.219238,-68.6539,-41.89,5.98895
CC(C)(C)c1ccc(C[C@H](N)C(=O)N2C[C@@H](F)C[C@H]2C#N)cc1,"CHEMBL3093909",3599,Done,3.88,-3.58203,"glide_grid_1X70",-3.79273,-1.18137,-0.242253,-0,-1.68366,-21.0374,-2.038,0.739715,-0.0675991,-27.9591,-23.0754,6.13127
CC(C)(C)c1ccc(C[C@H]([NH3+])C(=O)N2C[C@@H](F)C[C@H]2C#N)cc1,"CHEMBL3093909",3600,Done,4.03,-4.12237,"glide_grid_1X70",-4.83707,-0.455258,-0.478337,-0,-1.77242,-19.6085,-11.0324,0.735597,-0.231364,-40.795,-30.6409,6.0986
N#C[C@@H]1C[C@H](F)CN1C(=O)[C@@H](N)Cc1ccc(OCc2ccccc2)cc1,"CHEMBL3093910",3601,Done,4.4,-3.60658,"glide_grid_1X70",-3.81728,-0.65279,-0.355412,-0,-1.79222,-27.9619,-3.76364,0.998622,-0.0528285,-39.3583,-31.7256,5.81025
N#C[C@@H]1C[C@H](F)CN1C(=O)[C@@H]([NH3+])Cc1ccc(OCc2ccccc2)cc1,"CHEMBL3093910",3602,Done,4.75,-4.56743,"glide_grid_1X70",-5.28213,-0.132663,-0.105391,-0,-1.42608,-28.0363,-17.6432,0.695623,-0.265322,-66.0295,-45.6795,3.21794
N#Cc1ccccc1C[C@H](N)C(=O)N1C[C@@H](F)C[C@H]1C#N,"CHEMBL3093911",3603,Done,2.35,-4.56485,"glide_grid_1X70",-4.77555,-0.936394,-0.304,-0,-2.19538,-28.7591,-4.81602,0.886072,-0.0654871,-41.4065,-33.5751,7.16365
N#Cc1ccccc1C[C@H]([NH3+])C(=O)N1C[C@@H](F)C[C@H]1C#N,"CHEMBL3093911",3604,Done,2.25,-6.83994,"glide_grid_1X70",-7.55464,-0.992936,-0.553102,-0,-2.59581,-26.979,-16.4218,0.616466,-0.217029,-71.912,-43.4009,3.5406
N#C[C@@H]1C[C@H](F)CN1C(=O)[C@@H](N)Cc1ccccc1C(F)(F)F,"CHEMBL3093912",3605,Done,2.8,-4.8073,"glide_grid_1X70",-5.018,-1.15315,-0.304,-0,-1.61052,-26.9686,-7.13281,0.693251,-0.225227,-42.9667,-34.1014,6.32505
N#C[C@@H]1C[C@H](F)CN1C(=O)[C@@H]([NH3+])Cc1ccccc1C(F)(F)F,"CHEMBL3093912",3606,Done,3.53,-6.1356,"glide_grid_1X70",-6.8503,-0.936369,-0.397526,-0,-2.16138,-24.8595,-14.6387,0.482662,-0.398901,-65.2092,-39.4982,3.28723
N#C[C@@H]1C[C@H](F)CN1C(=O)[C@@H](N)Cc1ccc(F)cc1F,"CHEMBL3093913",3607,Done,2.44,-5.36481,"glide_grid_1X70",-5.57551,-0.959585,-0.289517,-0,-2.23108,-28.3802,-7.45948,0.622352,-0.179753,-47.1217,-35.8397,5.86774
N#C[C@@H]1C[C@H](F)CN1C(=O)[C@@H]([NH3+])Cc1ccc(F)cc1F,"CHEMBL3093913",3608,Done,2.75,-6.75073,"glide_grid_1X70",-7.46543,-0.791266,-0.392661,-0,-2.45515,-26.1769,-17.7506,0.433075,-0.287999,-71.7741,-43.9275,5.49307
N#C[C@@H]1C[C@H](F)CN1C(=O)[C@@H](N)Cc1cc(F)c(F)cc1F,"CHEMBL3093914",3609,Done,2.52,-5.80518,"glide_grid_1X70",-6.01588,-1.01349,-0.300577,-0,-2.43836,-28.49,-8.28708,0.561414,-0.157301,-49.4298,-36.7771,6.01077
N#C[C@@H]1C[C@H](F)CN1C(=O)[C@@H]([NH3+])Cc1cc(F)c(F)cc1F,"CHEMBL3093914",3610,Done,2.87,-7.44272,"glide_grid_1X70",-8.15742,-0.841896,-0.39497,-0,-2.70918,-27.4478,-19.3537,0.390789,-0.326721,-74.9987,-46.8015,13.7617
N#C[C@@H]1C[C@H](F)CN1C(=O)[C@@H](N)Cc1cc(F)cc(F)c1F,"CHEMBL3093915",3611,Done,2.57,-5.87856,"glide_grid_1X70",-6.08926,-0.986057,-0.368062,-0,-2.18402,-29.6531,-9.53328,0.561414,-0.199888,-50.9209,-39.1864,6.11632
N#C[C@@H]1C[C@H](F)CN1C(=O)[C@@H]([NH3+])Cc1cc(F)cc(F)c1F,"CHEMBL3093915",3612,Done,2.82,-6.91931,"glide_grid_1X70",-7.63401,-0.672777,-0.384859,-0,-2.75883,-26.3712,-17.3857,0.390789,-0.281932,-72.5882,-43.7568,6.04596
N#C[C@@H]1CCCN1C(=O)[C@@H](N)Cc1ccccc1F,"CHEMBL3093916",3613,Done,2.68,-5.34407,"glide_grid_1X70",-5.60007,-1.08997,-0.50611,-0,-2.01942,-28.9932,-8.02415,0.778565,-0.109844,-47.3027,-37.0174,6.36303
N#C[C@@H]1CCCN1C(=O)[C@@H]([NH3+])Cc1ccccc1F,"CHEMBL3093916",3614,Done,2.38,-6.81406,"glide_grid_1X70",-7.43456,-0.938252,-0.506384,-0,-2.5237,-25.6376,-15.9234,0.541391,-0.337221,-68.6177,-41.561,4.03743
N#C[C@@H]1CCCN1C(=O)[C@@H](N)Cc1cccc(F)c1,"CHEMBL3093917",3615,Done,2.35,-5.80424,"glide_grid_1X70",-6.06024,-0.962949,-0.481908,-0,-2.55588,-26.6569,-9.2339,0.778565,-0.120139,-46.4479,-35.8908,6.40149
N#C[C@@H]1CCCN1C(=O)[C@@H]([NH3+])Cc1cccc(F)c1,"CHEMBL3093917",3616,Done,2.5,-7.3167,"glide_grid_1X70",-7.9372,-0.929927,-0.383559,-0,-3.14596,-28.4056,-15.4283,0.541391,-0.28463,-72.7315,-43.8339,6.97587
N#C[C@@H]1CCCN1C(=O)[C@@H](N)Cc1ccc(F)cc1,"CHEMBL3093918",3617,Done,2.42,-5.8585,"glide_grid_1X70",-6.1145,-0.826206,-0.72,-0,-2.04367,-23.3334,-13.0338,0.778565,-0.181448,-43.8699,-36.3671,13.6981
N#C[C@@H]1CCCN1C(=O)[C@@H]([NH3+])Cc1ccc(F)cc1,"CHEMBL3093918",3618,Done,2.46,-6.64232,"glide_grid_1X70",-7.26282,-0.878442,-0.548787,-0,-2.57639,-26.9981,-15.8819,0.773416,-0.300426,-67.6063,-42.8801,5.00542
Cc1ccc(C[C@H](N)C(=O)N2CCC[C@H]2C#N)cc1,"CHEMBL3093919",3619,Done,2.49,-3.12717,"glide_grid_1X70",-3.38317,-0.45812,-0.267193,-0,-1.85692,-23.4939,-4.15055,1.06577,-0.0694325,-31.7275,-27.6444,4.63916
Cc1ccc(C[C@H]([NH3+])C(=O)N2CCC[C@H]2C#N)cc1,"CHEMBL3093919",3620,Done,2.51,-5.70388,"glide_grid_1X70",-6.32438,-0.651471,-0.350938,-0,-2.4912,-25.583,-13.6856,0.741038,-0.239823,-60.6054,-39.2686,3.89589
COc1ccc(C[C@H](N)C(=O)N2CCC[C@H]2C#N)cc1,"CHEMBL3093920",3621,Done,3.45,-4.14515,"glide_grid_1X70",-4.40115,-0.883421,-0.41796,-0,-1.65335,-28.5729,-5.9077,0.960385,-0.0920069,-41.4085,-34.4806,4.6515
COc1ccc(C[C@H]([NH3+])C(=O)N2CCC[C@H]2C#N)cc1,"CHEMBL3093920",3622,Done,3.36,-6.50892,"glide_grid_1X70",-7.12942,-1.15285,-0.730812,-0,-2.03306,-24.7526,-18.1787,0.95428,-0.202543,-65.2443,-42.9313,13.0711
N#C[C@@H]1CCCN1C(=O)[C@@H](N)Cc1ccc([N+](=O)[O-])cc1,"CHEMBL3093922",3623,Done,2.9,-4.44834,"glide_grid_1X70",-4.70434,-0.987592,-0.411488,-0,-1.63595,-29.5206,-6.24019,0.875405,-0.132666,-41.1309,-35.7608,10.8717
N#C[C@@H]1CCCN1C(=O)[C@@H]([NH3+])Cc1ccc([N+](=O)[O-])cc1,"CHEMBL3093922",3624,Done,2.86,-6.1729,"glide_grid_1X70",-6.7934,-0.858576,-0.449621,-0,-2.34949,-27.1238,-14.8136,0.609068,-0.16655,-67.6076,-41.9374,1.07063
N#Cc1ccc(C[C@H](N)C(=O)N2CCC[C@H]2C#N)cc1,"CHEMBL3093923",3625,Done,2.39,-3.78412,"glide_grid_1X70",-3.97702,-0.419678,-0.429634,-0,-2.10298,-27.3311,-3.75906,0.991666,-0.0859824,-37.1597,-31.0901,6.47353
N#Cc1ccc(C[C@H]([NH3+])C(=O)N2CCC[C@H]2C#N)cc1,"CHEMBL3093923",3626,Done,2.48,-5.26243,"glide_grid_1X70",-6.02123,-0.385278,-0.414441,-0,-2.37524,-24.7653,-16.0586,0.985258,-0.18448,-63.8744,-40.8239,2.66537
N#C[C@@H]1CCCN1C(=O)[C@@H](N)Cc1ccc(C(F)(F)F)cc1,"CHEMBL3093924",3627,Done,4.12,-4.27832,"glide_grid_1X70",-4.53432,-1.06812,-0.304,-0,-1.85227,-25.1269,-4.96944,0.76539,-0.0735619,-39.4723,-30.0963,0.701704
N#C[C@@H]1CCCN1C(=O)[C@@H]([NH3+])Cc1ccc(C(F)(F)F)cc1,"CHEMBL3093924",3628,Done,4.13,-5.98258,"glide_grid_1X70",-6.60308,-0.84886,-0.338537,-0,-2.65023,-23.5731,-14.1577,0.761055,-0.224195,-60.4713,-37.7308,2.53922
N#C[C@@H]1CCCN1C(=O)[C@@H](N)Cc1ccc(Cl)cc1,"CHEMBL3093925",3629,Done,2.23,-3.95808,"glide_grid_1X70",-4.21408,-0.590842,-0.259553,-0,-1.83281,-25.8585,-5.75186,0.700538,-0.0757108,-38.2105,-31.6103,3.71296
N#C[C@@H]1CCCN1C(=O)[C@@H]([NH3+])Cc1ccc(Cl)cc1,"CHEMBL3093925",3630,Done,2.62,-6.33624,"glide_grid_1X70",-6.95674,-1.15434,-0.595832,-0,-2.00427,-27.1085,-15.1545,0.696147,-0.269836,-64.874,-42.263,6.93532
[NH3+]C[C@]1(c2cccc(Cl)c2)CC[C@H](n2ncccc2=O)CC1,"CHEMBL3112957",3631,Done,2.59,-6.42228,"glide_grid_1X70",-6.42498,-0.222538,-0.599938,-0,-1.81554,-28.3178,-16.853,0.256873,-0.1,-69.5215,-45.1708,1.66369
Cc1ccc(=O)n([C@H]2CC[C@](C[NH3+])(c3cccc(Cl)c3)CC2)n1,"CHEMBL3112958",3632,Done,2.91,-6.04902,"glide_grid_1X70",-6.05172,-0.257681,-0.487091,-0,-1.66968,-26.3268,-16.3656,0.238075,-0.104164,-64.3079,-42.6924,2.32378
[NH3+]C[C@]1(c2cccc(Cl)c2)CC[C@H](n2nc(-c3ccccc3)ccc2=O)CC1,"CHEMBL3112959",3633,Done,3.88,-5.8156,"glide_grid_1X70",-5.8183,-0.732429,-0.325322,-0,-1.42522,-26.2625,-14.558,0.263237,-0.101738,-63.5246,-40.8205,1.71364
[NH3+]C[C@]1(c2cccc(Cl)c2)CC[C@H](n2nc(-c3cccnc3)ccc2=O)CC1,"CHEMBL3112960",3634,Done,4.2,-6.76891,"glide_grid_1X70",-6.76891,-1.01842,-0.55755,-0,-1.48974,-30.9536,-15.4399,0.262057,-0.101595,-70.1104,-46.3934,8.39662
[NH3+]C[C@]1(c2ccccc2)CC[C@H](OC/C=C/c2ccccc2)CC1,"CHEMBL3112961",3635,Done,7.99,-6.15792,"glide_grid_1X70",-6.16102,-0.649082,-0.519326,-0,-1.92381,-24.2712,-15.0587,0.503563,-0.1,-56.0253,-39.33,11.3077
CO[C@H]1CC[C@](C[NH3+])(c2ccccc2)CC1,"CHEMBL3112963",3637,Done,2.34,-6.59597,"glide_grid_1X70",-6.59907,-0.788396,-0.529726,-0,-2.53684,-17.1341,-13.536,0.242991,-0.1,-50.4948,-30.6701,3.11642
CO[C@H]1CC[C@](C[NH3+])(c2cccc(Cl)c2)CC1,"CHEMBL3112964",3638,Done,2.59,-6.39968,"glide_grid_1X70",-6.40278,-0.863988,-0.27683,-0,-2.34365,-19.0108,-13.7167,0.189738,-0.1,-51.2462,-32.7275,3.18586
CO[C@H]1CC[C@](C[NH3+])(c2cc(F)c(F)cc2F)CC1,"CHEMBL3112965",3639,Done,2.35,-7.36698,"glide_grid_1X70",-7.37008,-1.07198,-0.125953,-0,-3.31206,-17.5753,-13.6557,0.167037,-0.1,-55.4099,-31.231,1.01366
[NH3+]C[C@]1(c2cccc(Cl)c2)CC[C@H](N2CCCCC2=O)CC1,"CHEMBL3112966",3640,Done,3.52,-7.30334,"glide_grid_1X70",-7.30674,-1.16485,-0.4,-0,-2.00518,-29.2378,-15.9702,0.252609,-0.131894,-69.9266,-45.208,3.80735
[NH3+]C[C@]1(c2cccc(Cl)c2)CC[C@H](N2CCn3c(nnc3C(F)(F)F)C2=O)CC1,"CHEMBL3112967",3641,Done,3.82,-7.31708,"glide_grid_1X70",-7.32008,-1.03123,-0.471909,-0,-1.29117,-32.8122,-17.8312,0.151231,-0.361721,-74.8353,-50.6433,10.4456
[NH3+]C[C@]1(c2cccc(Cl)c2)CC[C@H](N2CCc3c(nc(C(F)(F)F)nc3C3CC3)C2=O)CC1,"CHEMBL3112968",3642,Done,7.17,-7.29737,"glide_grid_1X70",-7.30037,-1.0274,-0.72,-0,-0.934382,-31.5824,-20.4415,0.184845,-0.158071,-74.2188,-52.024,11.8824
[NH3+]C[C@]1(c2cccc(Cl)c2)CC[C@H]([NH+]2CCCCC2)CC1,"CHEMBL3112969",3643,Done,2.75,-7.41083,"glide_grid_1X70",-7.41083,-1.50595,-0.284253,-0,-2.09607,-27.7199,-16.4251,0.387961,-0.062758,-67.5543,-44.145,8.55901
[NH3+]C[C@]1(c2cccc(Cl)c2)CC[C@H](N2CCn3c(nnc3C(F)(F)F)C2)CC1,"CHEMBL3112970",3644,Done,3.97,-5.00392,"glide_grid_1X70",-5.02452,-0.927583,-0.23925,-0,-1.26894,-24.1233,-9.7983,0.229391,-0.142229,-44.9894,-33.9216,18.659
[NH3+]C[C@]1(c2cccc(Cl)c2)CC[C@H]([N@H+]2CCn3c(nnc3C(F)(F)F)C2)CC1,"CHEMBL3112970",3645,Done,2.94,-5.59859,"glide_grid_1X70",-7.59889,-1.00368,-0.479913,-0,-1.36186,-31.7793,-20.34,0.159872,-0.273358,-85.0136,-52.1193,4.6413
N#C[C@@H]1C[C@H]2C[C@H]2N1C(=O)[C@@H]([NH3+])[C@@]12C[C@@H]3C[C@@H](C[C@@](O)(C3)C1)C2,"CHEMBL3114069",3646,Done,1.92,-5.60786,"glide_grid_1X70",-5.93166,-0.558938,-0.520298,-0,-1.87655,-14.486,-16.1774,0.390476,-0.215452,-49.1281,-30.6634,9.18203
CCOC(=O)c1c(O)cc(O)c2c1O[C@@H](c1ccc(O)cc1)CC2,"CHEMBL3121246",3648,Done,3.5,-4.37778,"glide_grid_1X70",-4.42068,-0.750152,-0.336242,-0,-1.15659,-27.789,-8.38824,0.517051,-0.0470689,-44.9741,-36.1772,5.15891
N#C[C@@H]1CCCN1C(=O)[C@@H](N)Cc1ccoc1,"CHEMBL3127979",3651,Done,2.12,-5.209,"glide_grid_1X70",-5.4713,-0.583348,-0.890739,-0,-1.98661,-18.839,-12.7382,0.945461,-0.103374,-39.7463,-31.5773,5.85458
N#C[C@@H]1CCCN1C(=O)[C@@H]([NH3+])Cc1ccoc1,"CHEMBL3127979",3652,Done,2.43,-6.87918,"glide_grid_1X70",-7.48828,-0.671858,-0.88,-0,-2.15719,-21.302,-22.5478,0.938555,-0.270508,-68.8502,-43.8498,10.9142
N#C[C@@H]1CCCN1C(=O)[C@@H](N)Cc1ccsc1,"CHEMBL3127980",3653,Done,2.32,-5.10227,"glide_grid_1X70",-5.36457,-0.758043,-0.516951,-0,-2.06782,-28.5856,-8.71628,0.843855,-0.128887,-46.6968,-37.3019,5.86788
N#C[C@@H]1CCCN1C(=O)[C@@H]([NH3+])Cc1ccsc1,"CHEMBL3127980",3654,Done,2.45,-6.37917,"glide_grid_1X70",-6.98827,-0.804713,-0.37769,-0,-2.65335,-29.5378,-13.2852,0.586628,-0.26948,-69.3982,-42.823,3.96264
N#C[C@@H]1CCCN1C(=O)[C@@H](N)Cc1csc2ccccc12,"CHEMBL3127981",3655,Done,2.46,-5.406,"glide_grid_1X70",-5.6683,-1.40168,-0.454244,-0,-1.87868,-28.6428,-6.91593,0.614679,-0.0788417,-48.0654,-35.5587,6.65387
N#C[C@@H]1CCCN1C(=O)[C@@H]([NH3+])Cc1csc2ccccc12,"CHEMBL3127981",3656,Done,2.43,-7.1649,"glide_grid_1X70",-7.774,-1.42751,-0.411457,-0,-2.45096,-27.5759,-15.3518,0.427752,-0.230255,-70.5637,-42.9278,5.12064
N#C[C@@H]1CCCN1C(=O)[C@@H](N)Cc1cscn1,"CHEMBL3127982",3657,Done,2.67,-4.69085,"glide_grid_1X70",-4.88215,-0.392515,-0.752855,-0,-1.69372,-18.3953,-12.5318,0.838154,-0.0816709,-39.4309,-30.9271,4.73962
N#C[C@@H]1CCCN1C(=O)[C@@H]([NH3+])Cc1cscn1,"CHEMBL3127982",3658,Done,2.44,-6.15863,"glide_grid_1X70",-6.92153,-0.749065,-0.349907,-0,-2.58342,-30.2343,-13.5592,0.582678,-0.276222,-67.9227,-43.7935,7.54489
N#C[C@@H]1CCCN1C(=O)[C@@H]([NH3+])Cc1ccccn1,"CHEMBL3127983",3659,Done,2.55,-6.75729,"glide_grid_1X70",-7.14429,-0.952858,-0.33569,-0,-2.67232,-29.3479,-13.6087,0.607422,-0.282145,-67.1888,-42.9566,8.13737
N#C[C@@H]1CCCN1C(=O)[C@@H](N)Cc1ccccn1,"CHEMBL3127983",3660,Done,2.57,-5.04915,"glide_grid_1X70",-5.48755,-0.89638,-0.560991,-0,-2.12936,-27.7658,-8.4735,0.873877,-0.115379,-44.6703,-36.2393,7.21875
N#C[C@@H]1C[C@H](F)CN1C(=O)[C@@H](N)Cc1cccs1,"CHEMBL3127984",3661,Done,2.32,-5.36219,"glide_grid_1X70",-5.55989,-1.05747,-0.530581,-0,-1.8696,-22.2873,-10.4604,0.748517,-0.167335,-44.0359,-32.7477,5.7653
N#C[C@@H]1C[C@H](F)CN1C(=O)[C@@H]([NH3+])Cc1cccs1,"CHEMBL3127984",3662,Done,2.29,-6.77149,"glide_grid_1X70",-7.51789,-0.687076,-0.575779,-0,-2.43652,-26.11,-18.487,0.520565,-0.260542,-72.4157,-44.597,6.81469
N#C[C@@H]1C[C@H](F)CN1C(=O)[C@@H](N)Cc1csc2ccccc12,"CHEMBL3127985",3663,Done,2.46,-6.8585,"glide_grid_1X70",-7.0746,-1.47179,-0.72,-0,-1.80095,-29.9412,-13.1158,0.554844,-0.172264,-55.8081,-43.0571,14.5285
N#C[C@@H]1C[C@H](F)CN1C(=O)[C@@H]([NH3+])Cc1csc2ccccc12,"CHEMBL3127985",3664,Done,2.43,-8.16577,"glide_grid_1X70",-8.86817,-1.41154,-0.880095,-0,-2.0516,-29.5081,-22.1893,0.551755,-0.272893,-84.0364,-51.6974,15.4247
N#C[C@@H]1C[C@H](F)CN1C(=O)[C@@H](N)Cc1cscn1,"CHEMBL3127986",3665,Done,2.18,-5.33325,"glide_grid_1X70",-5.48925,-0.721874,-0.562545,-0,-1.85223,-28.3282,-10.2984,0.74376,-0.135201,-48.3673,-38.6266,7.34465
N#C[C@@H]1C[C@H](F)CN1C(=O)[C@@H]([NH3+])Cc1cscn1,"CHEMBL3127986",3666,Done,2.27,-6.55639,"glide_grid_1X70",-7.42339,-0.695327,-0.469705,-0,-2.40133,-26.3492,-18.6403,0.517268,-0.260791,-72.519,-44.9895,8.32586
Cc1nc(C[C@H](N)C(=O)N2C[C@@H](F)C[C@H]2C#N)cs1,"CHEMBL3127987",3667,Done,2.24,-4.80807,"glide_grid_1X70",-4.96407,-0.831516,-0.497873,-0,-1.71921,-28.4556,-8.41798,0.907839,-0.137832,-45.8153,-36.8736,7.45132
Cc1nc(C[C@H]([NH3+])C(=O)N2C[C@@H](F)C[C@H]2C#N)cs1,"CHEMBL3127987",3668,Done,2.33,-5.9485,"glide_grid_1X70",-6.8155,-0.904255,-0.339774,-0,-2.40128,-32.5323,-12.4894,0.631562,-0.301724,-67.9075,-45.0217,9.65571
N#C[C@@H]1C[C@H](F)CN1C(=O)[C@@H](N)Cc1csc(-c2ccccc2)n1,"CHEMBL3127988",3669,Done,3.58,-6.10258,"glide_grid_1X70",-6.25858,-1.82003,-0.558974,-0,-1.54259,-32.7048,-9.28996,0.800354,-0.108605,-55.293,-41.9948,5.92408
N#C[C@@H]1C[C@H](F)CN1C(=O)[C@@H]([NH3+])Cc1csc(-c2ccccc2)n1,"CHEMBL3127988",3670,Done,3.45,-6.12132,"glide_grid_1X70",-6.98832,-0.758356,-0.521791,-0,-2.56794,-27.5307,-14.3059,0.557349,-0.175156,-69.6803,-41.8367,0.826351
N#C[C@@H]1C[C@H](F)CN1C(=O)[C@@H](N)Cc1csc(-c2ccc(Cl)cc2)n1,"CHEMBL3127989",3671,Done,3.2,-5.02874,"glide_grid_1X70",-5.18474,-1.67393,-0.299897,-0,-1.05526,-33.3395,-7.0927,0.67525,-0.100016,-48.7095,-40.4322,9.52178
N#C[C@@H]1C[C@H](F)CN1C(=O)[C@@H]([NH3+])Cc1csc(-c2ccc(Cl)cc2)n1,"CHEMBL3127989",3672,Done,3.31,-6.37687,"glide_grid_1X70",-7.24387,-1.06252,-0.356688,-0,-2.33165,-34.9121,-13.6081,0.470431,-0.176621,-76.378,-48.5201,6.34243
N#C[C@@H]1C[C@H](F)CN1C(=O)[C@@H](N)Cc1csc(-c2ccc(C(F)(F)F)cc2)n1,"CHEMBL3127990",3673,Done,4.53,-4.34186,"glide_grid_1X70",-4.49786,-1.01394,-0.304,-0,-1.28797,-31.2264,-5.47768,0.579693,-0.0886625,-46.9263,-36.7041,1.09031
N#C[C@@H]1C[C@H](F)CN1C(=O)[C@@H]([NH3+])Cc1csc(-c2ccc(C(F)(F)F)cc2)n1,"CHEMBL3127990",3674,Done,4.34,-6.51354,"glide_grid_1X70",-7.38054,-1.16961,-0.718777,-0,-1.67895,-33.2111,-16.6416,0.577144,-0.233546,-78.4978,-49.8527,5.78471
N#C[C@@H]1C[C@H](F)CN1C(=O)[C@@H](N)Cc1csc(-c2cccs2)n1,"CHEMBL3127991",3675,Done,3.09,-4.27764,"glide_grid_1X70",-4.43364,-1.24157,-0.293921,-0,-1.53115,-39.2113,-0.523822,0.776057,-0.103919,-45.9363,-39.7351,9.42418
N#C[C@@H]1C[C@H](F)CN1C(=O)[C@@H]([NH3+])Cc1csc(-c2cccs2)n1,"CHEMBL3127991",3676,Done,3.27,-6.09298,"glide_grid_1X70",-6.95998,-1.11263,-0.594617,-0,-1.74706,-33.6491,-16.126,0.772104,-0.176422,-78.1526,-49.7751,4.89542
N#C[C@@H]1C[C@H](F)CN1C(=O)[C@@H](N)Cc1cc2c(cc1Br)OCO2,"CHEMBL3127992",3677,Done,2.45,-3.75862,"glide_grid_1X70",-3.96932,-0.254521,-0.394763,-0,-0.821793,-21.9861,-11.0425,0.395098,-0.137647,-42.3483,-33.0287,2.64039
N#C[C@@H]1C[C@H](F)CN1C(=O)[C@@H]([NH3+])Cc1cc2c(cc1Br)OCO2,"CHEMBL3127992",3678,Done,2.42,-6.13142,"glide_grid_1X70",-6.84612,-0.748863,-0.410761,-0,-2.37981,-31.4242,-12.188,0.275272,-0.182547,-69.7129,-43.6122,3.62511
Cc1ccc(-c2c(C[NH3+])c(CC(C)C)nc3ccc(N4CC(=O)NCC4=O)cc23)cc1,"CHEMBL3142227",3679,Done,3.61,-5.97103,"glide_grid_1X70",-6.14873,-0.873797,-0.415954,-0,-1.27567,-34.2262,-13.4005,0.238108,-0.100039,-73.3642,-47.6267,1.82031
[NH3+][C@H](CC(=O)N1CCn2c(nnc2C(F)(F)F)C1)Cc1cc(F)c(F)cc1F,"CHEMBL3185489",3681,Done,4.16,-9.59504,"glide_grid_1X70",-9.60724,-0.943989,-0.840964,-0,-2.55664,-33.5674,-23.5796,0.330509,-0.380848,-99.5255,-57.147,7.79635
N[C@H](CC(=O)N1CCn2c(nnc2C(F)(F)F)C1)Cc1cc(F)c(F)cc1F,"CHEMBL3185489",3682,Done,4.16,-4.18074,"glide_grid_1X70",-6.48774,-1.26606,-0.336352,-0,-2.19015,-35.8405,-7.32362,0.474265,-0.278878,-58.0512,-43.1641,12.5889
Cc1ccc(-c2c(CC(=O)[O-])c(C)nc(CC(C)(C)C)c2C[NH3+])cc1,"CHEMBL3215607",3683,Done,3.91,-8.0254,"glide_grid_1X70",-8.252,-1.30152,-0.836927,-0,-2.00766,-30.8329,-18.1217,0.343095,-0.189098,-86.9885,-48.9545,1.94912
Cc1ccc(-c2c(CC(=O)[O-])c(C)nc(CC(C)(C)C)c2CN)cc1,"CHEMBL3215607",3684,Done,3.87,-4.75291,"glide_grid_1X70",-5.71801,-1.29449,-0.74295,-0,-1.48589,-26.891,-8.35692,0.492719,-0.0893084,-50.0453,-35.2479,1.44039
Cc1ccc(-c2c(CC(=O)[O-])c(C)[nH+]c(CC(C)(C)C)c2CN)cc1,"CHEMBL3215607",3685,Done,4.09,-4.58048,"glide_grid_1X70",-5.83718,-1.43426,-0.517871,-0,-1.46438,-28.9314,-9.32479,0.490136,-0.06552,-54.819,-38.2562,4.32293
CNC(=O)COc1ccc2nc(CC(C)C)c(C[NH3+])c(-c3ccc(C)cc3)c2c1,"CHEMBL3215633",3686,Done,11.74,-7.67492,"glide_grid_1X70",-7.84692,-1.40883,-0.61626,-0,-1.39638,-40.373,-18.1126,0.443568,-0.13349,-94.6746,-58.4855,5.32776
CNC(=O)COc1ccc2nc(CC(C)C)c(CN)c(-c3ccc(C)cc3)c2c1,"CHEMBL3215633",3687,Done,14.11,-4.8108,"glide_grid_1X70",-5.6424,-1.42592,-0.553426,-0,-0.964002,-38.6343,-9.05247,0.636603,-0.0460742,-62.434,-47.6867,5.42808
Cc1ccc(-c2c(C[NH3+])c(CC(C)C)nc3ccc(-c4nnn[n-]4)cc23)cc1,"CHEMBL3215634",3688,Done,2.87,-5.70531,"glide_grid_1X70",-5.82951,-0.601955,-0.480092,-0,-1.63384,-29.7438,-12.1167,0.292367,-0.101295,-61.5734,-41.8605,10.4272
Cc1ccc(-c2c(CN)c(CC(C)C)nc3ccc(-c4nnn[n-]4)cc23)cc1,"CHEMBL3215634",3689,Done,3.53,-3.75344,"glide_grid_1X70",-4.76284,-1.33739,-0.4079,-0,-1.26601,-38.2534,-1.2786,0.419695,-0.0667704,-50.0583,-39.532,2.79204
Cc1ccc(-c2c(C[NH3+])c(CC(C)C)nc(C)c2C(=O)[O-])cc1,"CHEMBL3215845",3690,Done,3.32,-7.7451,"glide_grid_1X70",-7.9523,-1.33688,-0.639048,-0,-2.20309,-30.3172,-15.7858,0.266225,-0.15577,-77.4848,-46.103,3.51839
Cc1ccc(-c2c(CN)c(CC(C)C)nc(C)c2C(=O)[O-])cc1,"CHEMBL3215845",3691,Done,3.27,-3.03595,"glide_grid_1X70",-3.91015,-0.810511,-0.291558,-0,-1.51092,-32.5844,-0.32413,0.382488,-0.00181703,-41.3167,-32.9085,1.65116
Cc1ccc(-c2c(CN)c(CC(C)C)[nH+]c(C)c2C(=O)[O-])cc1,"CHEMBL3215845",3692,Done,3.56,-4.40849,"glide_grid_1X70",-6.02309,-1.30575,-0.587872,-0,-1.63998,-29.1754,-8.97648,0.380322,-0.0645661,-54.2215,-38.1518,2.80848
CCCCc1nc(C)c(C(=O)[O-])c(-c2ccc(C)cc2)c1C[NH3+],"CHEMBL3216477",3693,Done,4.6,-7.52514,"glide_grid_1X70",-7.73984,-1.38504,-0.738573,-0,-2.1843,-31.2445,-14.0647,0.399338,-0.159331,-75.1411,-45.3092,4.9458
CCCCc1nc(C)c(C(=O)[O-])c(-c2ccc(C)cc2)c1CN,"CHEMBL3216477",3694,Done,4.57,-4.30088,"glide_grid_1X70",-5.19438,-1.31115,-0.588826,-0,-1.64687,-30.3123,-4.39386,0.573732,-0.0465791,-45.4101,-34.7062,3.80967
CCCCc1[nH+]c(C)c(C(=O)[O-])c(-c2ccc(C)cc2)c1CN,"CHEMBL3216477",3695,Done,4.55,-4.53346,"glide_grid_1X70",-6.01846,-1.46816,-0.611787,-0,-1.66293,-30.0442,-8.47454,0.570483,-0.0726742,-54.14,-38.5187,4.05359
Cc1ccc(-c2c(CC(=O)N3CCC[C@H]3C(=O)[O-])c(C)nc(CC(C)C)c2C[NH3+])cc1,"CHEMBL3216485",3696,Done,6.8,-6.79036,"glide_grid_1X70",-6.95606,-0.991012,-0.644895,-0,-1.56954,-34.8554,-15.297,0.386701,-0.1,-78.9778,-50.1524,3.41071
Cc1ccc(-c2c(CC(=O)N3CCC[C@H]3C(=O)[O-])c(C)nc(CC(C)C)c2CN)cc1,"CHEMBL3216485",3697,Done,5.61,-3.85591,"glide_grid_1X70",-4.74991,-0.836341,-0.50865,-0,-1.10703,-29.5612,-9.16433,0.554816,0,-49.3858,-38.7255,4.83453
Cc1ccc(-c2c(CC(=O)N3CCC[C@H]3C(=O)[O-])c(C)[nH+]c(CC(C)C)c2CN)cc1,"CHEMBL3216485",3698,Done,6.08,-3.20478,"glide_grid_1X70",-5.44298,-0.751022,-0.50206,-0,-1.204,-28.5521,-13.8104,0.55243,-0.0391553,-59.1957,-42.3625,3.04977
Cc1ccc(-c2c(/C=C/C(=O)[O-])c(C)nc(CC(C)C)c2C[NH3+])cc1,"CHEMBL3216718",3699,Done,5.6,-7.30884,"glide_grid_1X70",-7.52824,-1.22259,-0.599691,-0,-2.02037,-32.2301,-15.9539,0.462301,-0.1433,-77.957,-48.184,3.06971
Cc1ccc(-c2c(/C=C/C(=O)[O-])c(C)nc(CC(C)C)c2CN)cc1,"CHEMBL3216718",3700,Done,4.84,-2.6139,"glide_grid_1X70",-3.5526,-0.905973,-0.304895,-0,-1.34644,-32.0476,-0.37896,0.663929,0,-39.6868,-32.4266,1.94062
Cc1ccc(-c2c(/C=C/C(=O)[O-])c(C)[nH+]c(CC(C)C)c2CN)cc1,"CHEMBL3216718",3701,Done,5.66,-3.10399,"glide_grid_1X70",-4.45159,-0.933097,-0.304,-0,-1.31236,-28.54,-7.30458,0.66043,-0.039868,-45.5484,-35.8446,5.68964
Cc1ccc(-c2c(CC(=O)N3CCC[C@H]3C(N)=O)c(C)nc(CC(C)C)c2C[NH3+])cc1,"CHEMBL3216725",3702,Done,8.66,-6.64648,"glide_grid_1X70",-6.81088,-0.829651,-0.521298,-0,-1.57378,-35.2252,-16.077,0.386663,-0.1,-79.8093,-51.3022,4.8884
Cc1ccc(-c2c(CC(=O)N3CCC[C@H]3C(N)=O)c(C)nc(CC(C)C)c2CN)cc1,"CHEMBL3216725",3703,Done,7.27,-3.55879,"glide_grid_1X70",-4.44609,-1.23504,-0.307956,-0,-1.06978,-39.4077,-2.78456,0.554761,0,-51.9728,-42.1923,5.96001
Cc1ccc(-c2c(CC(=O)N3CCC[C@H]3C(N)=O)c(C)[nH+]c(CC(C)C)c2CN)cc1,"CHEMBL3216725",3704,Done,6.88,-3.26064,"glide_grid_1X70",-5.61794,-0.979432,-0.983781,-0,-0.673064,-27.645,-13.3457,0.552375,-0.149927,-58.168,-40.9908,8.4591
Cc1ccc(-c2c(CC(=O)N3CCC[C@@H]3C(=O)[O-])c(C)nc(CC(C)C)c2C[NH3+])cc1,"CHEMBL3216726",3705,Done,6.49,-6.58126,"glide_grid_1X70",-6.74696,-0.963269,-0.434184,-0,-1.75375,-37.9573,-13.2306,0.386701,-0.1,-79.0732,-51.1879,5.43338
Cc1ccc(-c2c(CC(=O)N3CCC[C@@H]3C(=O)[O-])c(C)nc(CC(C)C)c2CN)cc1,"CHEMBL3216726",3706,Done,5.7,-3.31822,"glide_grid_1X70",-4.21222,-0.940235,-0.307338,-0,-1.13334,-38.3301,-3.13078,0.554816,0,-52.7319,-41.4609,1.31843
Cc1ccc(-c2c(CC(=O)N3CCC[C@@H]3C(=O)[O-])c(C)[nH+]c(CC(C)C)c2CN)cc1,"CHEMBL3216726",3707,Done,6.37,-2.34621,"glide_grid_1X70",-4.58441,-0.815027,-0.414642,-0,-0.958383,-32.524,-8.57316,0.55243,-0.0366132,-55.0943,-41.0972,4.03383
CNC(=O)Cc1c(C)nc(CC(C)C)c(C[NH3+])c1-c1ccc(C)cc1,"CHEMBL3216727",3708,Done,5.49,-7.99756,"glide_grid_1X70",-8.16216,-1.3731,-0.674783,-0,-1.87552,-32.0143,-19.3677,0.457405,-0.190287,-86.2224,-51.382,2.05897
CNC(=O)Cc1c(C)nc(CC(C)C)c(CN)c1-c1ccc(C)cc1,"CHEMBL3216727",3709,Done,5.2,-5.18461,"glide_grid_1X70",-6.07281,-1.41095,-0.699593,-0,-1.46116,-28.309,-10.9073,0.656879,-0.10645,-55.6505,-39.2163,2.64608
CNC(=O)Cc1c(C)[nH+]c(CC(C)C)c(CN)c1-c1ccc(C)cc1,"CHEMBL3216727",3710,Done,4.5,-3.83078,"glide_grid_1X70",-6.17228,-1.48048,-0.456,-0,-1.46414,-30.7662,-11.9231,0.653436,-0.0983093,-62.7951,-42.6893,4.29404
Cc1ccc(-c2c(CC(=O)[O-])c(C)nc(CC(C)C)c2C[NH3+])cc1,"CHEMBL3216734",3711,Done,3.88,-8.00205,"glide_grid_1X70",-8.23315,-1.28093,-0.817619,-0,-2.11132,-29.8407,-18.0746,0.369608,-0.18965,-84.6816,-47.9153,2.73498
Cc1ccc(-c2c(CC(=O)[O-])c(C)nc(CC(C)C)c2CN)cc1,"CHEMBL3216734",3712,Done,3.85,-4.82579,"glide_grid_1X70",-5.78129,-1.40916,-0.813833,-0,-1.57953,-29.682,-6.24205,0.530902,-0.0892576,-51.6604,-35.9241,0.776545
Cc1ccc(-c2c(CC(=O)[O-])c(C)[nH+]c(CC(C)C)c2CN)cc1,"CHEMBL3216734",3713,Done,4.13,-4.73553,"glide_grid_1X70",-5.98263,-1.37034,-0.704,-0,-1.53541,-26.0402,-10.101,0.528011,-0.0837276,-55.281,-36.1412,1.40087
Cc1ccc(-c2c(C[NH3+])c(CC(C)C)nc3ccc(C(N)=O)cc23)cc1,"CHEMBL3216749",3714,Done,3.84,-7.82988,"glide_grid_1X70",-8.02208,-1.27909,-0.450491,-0,-1.98947,-34.5024,-17.7538,0.21949,-0.134336,-85.3222,-52.2562,3.47649
Cc1ccc(-c2c(CN)c(CC(C)C)nc3ccc(C(N)=O)cc23)cc1,"CHEMBL3216749",3715,Done,3.6,-4.38193,"glide_grid_1X70",-5.14563,-1.28442,-0.330063,-0,-1.39704,-29.8245,-6.06939,0.315175,-0.0476556,-47.8445,-35.8939,1.94186
CCCc1nc(C)c(C(=O)[O-])c(-c2ccc(C)cc2)c1C[NH3+],"CHEMBL3216937",3716,Done,3.2,-7.69818,"glide_grid_1X70",-7.90738,-1.33182,-0.668957,-0,-2.28135,-29.0183,-15.3539,0.288555,-0.159812,-75.1238,-44.3721,3.08224
CCCc1nc(C)c(C(=O)[O-])c(-c2ccc(C)cc2)c1CN,"CHEMBL3216937",3717,Done,2.94,-4.33454,"glide_grid_1X70",-5.21894,-1.24277,-0.661369,-0,-1.83989,-25.9577,-3.45763,0.414667,-0.0730554,-39.7033,-29.4153,2.33803
CCCc1[nH+]c(C)c(C(=O)[O-])c(-c2ccc(C)cc2)c1CN,"CHEMBL3216937",3718,Done,2.97,-4.4316,"glide_grid_1X70",-5.9924,-1.27603,-0.588259,-0,-1.73423,-27.9043,-8.97576,0.412221,-0.0645204,-52.6351,-36.8801,2.49661
Cc1ccc(-c2c(C[NH3+])c(CC(C)(C)C)nc(C)c2C(=O)[O-])cc1,"CHEMBL3216938",3719,Done,3.42,-7.48656,"glide_grid_1X70",-7.68956,-1.1635,-0.643457,-0,-2.08069,-30.086,-15.9612,0.246405,-0.149849,-77.1839,-46.0472,2.34014
Cc1ccc(-c2c(CN)c(CC(C)(C)C)nc(C)c2C(=O)[O-])cc1,"CHEMBL3216938",3720,Done,3.01,-4.37788,"glide_grid_1X70",-5.26208,-1.27793,-0.605583,-0,-1.57313,-31.1203,-3.64358,0.353934,-0.056812,-45.9063,-34.7639,2.95129
Cc1ccc(-c2c(CN)c(CC(C)(C)C)[nH+]c(C)c2C(=O)[O-])cc1,"CHEMBL3216938",3721,Done,3.35,-4.12778,"glide_grid_1X70",-5.75248,-1.37771,-0.504,-0,-1.54827,-28.8695,-7.76337,0.352008,-0.0665274,-51.2623,-36.6329,4.00442
COC(=O)CNC(=O)Cc1c(C)nc(CC(C)C)c(C[NH3+])c1-c1ccc(C)cc1,"CHEMBL3216942",3722,Done,9.46,-7.38543,"glide_grid_1X70",-7.54913,-1.04321,-0.644405,-0,-1.68816,-36.2122,-19.1134,0.604272,-0.1,-88.5879,-55.3256,4.40177
COC(=O)CNC(=O)Cc1c(C)nc(CC(C)C)c(CN)c1-c1ccc(C)cc1,"CHEMBL3216942",3723,Done,8.4,-3.44897,"glide_grid_1X70",-4.33097,-1.03605,-0.351798,-0,-1.07301,-37.5761,-5.72335,0.867188,0,-55.1475,-43.2994,1.68968
COC(=O)CNC(=O)Cc1c(C)[nH+]c(CC(C)C)c(CN)c1-c1ccc(C)cc1,"CHEMBL3216942",3724,Done,9.55,-2.56885,"glide_grid_1X70",-5.02825,-0.891518,-0.35285,-0,-1.07075,-35.0559,-11.8028,0.863246,-0.0531726,-65.0497,-46.8587,4.11383
Cc1ccc(-c2c(CCC(=O)[O-])c(C)nc(CC(C)C)c2C[NH3+])cc1,"CHEMBL3216954",3725,Done,5.11,-7.78818,"glide_grid_1X70",-7.98598,-1.16702,-0.864694,-0,-1.96465,-26.7948,-19.4015,0.45746,-0.197115,-78.4733,-46.1963,5.39479
Cc1ccc(-c2c(CCC(=O)[O-])c(C)nc(CC(C)C)c2CN)cc1,"CHEMBL3216954",3726,Done,5.1,-4.13013,"glide_grid_1X70",-5.03453,-1.4027,-0.608486,-0,-1.42346,-27.9892,-5.25694,0.656958,-0.0688426,-41.6539,-33.2461,6.78969
Cc1ccc(-c2c(CCC(=O)[O-])c(C)[nH+]c(CC(C)C)c2CN)cc1,"CHEMBL3216954",3727,Done,5.63,-4.14596,"glide_grid_1X70",-5.75956,-1.40964,-0.503272,-0,-1.47318,-25.6534,-11.3836,0.653515,-0.0367735,-50.6466,-37.037,7.56451
Cc1ccc(-c2c(CC(=O)N3CCC[C@@H]3C(N)=O)c(C)nc(CC(C)C)c2C[NH3+])cc1,"CHEMBL3217159",3728,Done,8.5,-6.36492,"glide_grid_1X70",-6.52932,-1.10074,-0.558038,-0,-1.24069,-35.7307,-14.1628,0.386663,-0.105555,-78.3871,-49.8935,1.33698
Cc1ccc(-c2c(CC(=O)N3CCC[C@@H]3C(N)=O)c(C)nc(CC(C)C)c2CN)cc1,"CHEMBL3217159",3729,Done,7.85,-3.32058,"glide_grid_1X70",-4.20788,-1.15399,-0.312759,-0,-0.886733,-39.8531,-2.77669,0.554761,0,-50.9178,-42.6298,6.19929
Cc1ccc(-c2c(CC(=O)N3CCC[C@@H]3C(N)=O)c(C)[nH+]c(CC(C)C)c2CN)cc1,"CHEMBL3217159",3730,Done,8.4,-2.28214,"glide_grid_1X70",-4.63944,-0.729002,-0.411848,-0,-0.61953,-28.7935,-12.9694,0.552375,-0.0463596,-54.0563,-41.7628,9.45421
Cc1ccc(-c2c(CC(=O)NCC(=O)[O-])c(C)nc(CC(C)C)c2C[NH3+])cc1,"CHEMBL3217160",3731,Done,8.14,-7.71755,"glide_grid_1X70",-7.88255,-1.40964,-0.792177,-0,-1.54382,-32.6314,-18.851,0.554991,-0.23269,-88.7916,-51.4823,3.73047
Cc1ccc(-c2c(CC(=O)NCC(=O)[O-])c(C)nc(CC(C)C)c2CN)cc1,"CHEMBL3217160",3732,Done,7.22,-3.39222,"glide_grid_1X70",-4.28242,-0.948195,-0.352787,-0,-1.31675,-36.2172,-4.33616,0.796595,0,-52.4529,-40.5534,1.95716
Cc1ccc(-c2c(CC(=O)NCC(=O)[O-])c(C)[nH+]c(CC(C)C)c2CN)cc1,"CHEMBL3217160",3733,Done,7.76,-2.96269,"glide_grid_1X70",-5.26699,-1.02515,-0.321171,-0,-1.31668,-33.1886,-11.2186,0.792845,-0.054615,-59.9049,-44.4072,6.41451
[NH3+]C[C@H]1CN(c2ccccc2)C(=O)C[C@@H]1c1cc(F)ccc1F,"CHEMBL3236100",3738,Done,2.22,-7.26583,"glide_grid_1X70",-7.27103,-1.41749,-0.329826,-0,-2.06342,-30.4203,-14.517,0.369956,-0.131677,-72.3383,-44.9373,1.71345
N#Cc1ccc(N2C[C@H](C[NH3+])[C@@H](c3cc(F)ccc3F)CC2=O)cc1,"CHEMBL3236101",3739,Done,2.19,-7.60111,"glide_grid_1X70",-7.60631,-1.05767,-0.472977,-0,-2.29257,-30.9924,-15.5439,0.22648,-0.128371,-73.7308,-46.5362,5.71264
[NH3+]C[C@H]1CN(c2ccc(F)cc2)C(=O)C[C@@H]1c1cc(F)ccc1F,"CHEMBL3236102",3740,Done,2.24,-7.53879,"glide_grid_1X70",-7.54399,-1.38463,-0.247898,-0,-2.51355,-29.6066,-13.4061,0.234948,-0.141617,-71.6165,-43.0127,1.7588
[NH3+]C[C@H]1CN(c2ccc(C(F)(F)F)cc2)C(=O)C[C@@H]1c1cc(F)ccc1F,"CHEMBL3236103",3741,Done,2.85,-7.1799,"glide_grid_1X70",-7.1849,-0.990814,-0.484124,-0,-2.00908,-28.2919,-15.4001,0.183393,-0.159658,-69.6316,-43.692,5.12853
COc1ccc(N2C[C@H](C[NH3+])[C@@H](c3cc(F)ccc3F)CC2=O)cc1,"CHEMBL3236104",3742,Done,2.67,-7.3546,"glide_grid_1X70",-7.3595,-1.0543,-0.50354,-0,-2.27987,-25.8081,-15.5457,0.220706,-0.120239,-67.4835,-41.3538,4.83788
CS(=O)(=O)c1ccc(N2C[C@H](C[NH3+])[C@@H](c3cc(F)ccc3F)CC2=O)cc1,"CHEMBL3236105",3743,Done,2.47,-7.96262,"glide_grid_1X70",-7.96782,-1.19114,-0.353642,-0,-2.19142,-26.1429,-19.5517,0.175071,-0.16679,-75.8208,-45.6946,5.70589
[NH3+]C[C@H]1CN(c2cccnc2)C(=O)C[C@@H]1c1cc(F)ccc1F,"CHEMBL3236106",3744,Done,2.15,-7.78031,"glide_grid_1X70",-7.78031,-1.04528,-0.531648,-0,-2.40698,-29.5526,-16.2844,0.257555,-0.133681,-73.6099,-45.8369,5.60768
COc1ccc(N2C[C@H](C[NH3+])[C@@H](c3cc(F)ccc3F)CC2=O)cn1,"CHEMBL3236107",3745,Done,2.52,-7.85297,"glide_grid_1X70",-7.85827,-1.05292,-0.575707,-0,-2.32768,-25.8239,-18.0729,0.219595,-0.119421,-70.6588,-43.8969,8.40662
[NH3+]C[C@H]1CN(c2ccc(C(F)(F)F)nc2)C(=O)C[C@@H]1c1cc(F)ccc1F,"CHEMBL3236108",3746,Done,2.68,-7.40602,"glide_grid_1X70",-7.41132,-1.00142,-0.445739,-0,-2.02383,-27.2981,-17.3466,0.182552,-0.155976,-71.8789,-44.6447,4.68937
N#Cc1ccc(N2C[C@H](C[NH3+])[C@@H](c3cc(F)ccc3F)CC2=O)cn1,"CHEMBL3236109",3747,Done,2.18,-7.91106,"glide_grid_1X70",-7.91636,-1.01745,-0.569576,-0,-2.34598,-27.0476,-18.1479,0.225325,-0.134111,-74.8961,-45.1955,3.98265
[NH3+]C[C@H]1CN(Cc2ccccc2)C(=O)C[C@@H]1c1cc(F)ccc1F,"CHEMBL3236110",3748,Done,2.6,-7.74742,"glide_grid_1X70",-7.75222,-1.46855,-0.522717,-0,-2.34155,-26.1543,-15.1382,0.359915,-0.200865,-68.5698,-41.2926,3.97483
[NH3+]C[C@H]1CN(Cc2ccc(C(F)(F)F)cc2)C(=O)C[C@@H]1c1cc(F)ccc1F,"CHEMBL3236111",3749,Done,3.2,-7.77305,"glide_grid_1X70",-7.77785,-1.4502,-0.48314,-0,-2.28386,-28.9806,-15.0327,0.257972,-0.1147,-70.488,-44.0132,9.91715
[NH3+]C[C@H]1CN(c2ccc3ccccc3n2)C(=O)C[C@@H]1c1cc(F)ccc1F,"CHEMBL3236112",3750,Done,2.41,-7.3465,"glide_grid_1X70",-7.3465,-1.06521,-0.492187,-0,-2.08987,-28.6795,-15.5884,0.198773,-0.125757,-70.9663,-44.268,5.76282
[NH3+]C[C@H]1CN(c2nccn3cnnc23)C(=O)C[C@@H]1c1cc(F)ccc1F,"CHEMBL3236113",3751,Done,2.16,-7.4144,"glide_grid_1X70",-7.4196,-1.07458,-0.520822,-0,-2.26929,-31.2855,-13.667,0.20779,-0.148373,-72.6891,-44.9525,5.56769
Cc1cc(=O)n2nc(N3C[C@H](C[NH3+])[C@@H](c4cc(F)ccc4F)CC3=O)ccc2n1,"CHEMBL3236114",3752,Done,2.46,-7.30697,"glide_grid_1X70",-7.31217,-1.10211,-0.487085,-0,-1.91526,-34.01,-14.2458,0.17119,-0.141526,-76.2153,-48.2558,5.23685
[NH3+]C[C@H]1CN(CCc2ccccc2)C(=O)C[C@@H]1c1cc(F)ccc1F,"CHEMBL3236115",3753,Done,4.3,-7.39291,"glide_grid_1X70",-7.39741,-1.13169,-0.482518,-0,-2.22192,-27.7072,-16.6399,0.4459,-0.125834,-68.5569,-44.3471,9.17616
[NH3+]C[C@H]1CN(CCc2ccncc2)C(=O)C[C@@H]1c1cc(F)ccc1F,"CHEMBL3236116",3754,Done,3.71,-7.25806,"glide_grid_1X70",-7.25806,-1.01482,-0.490985,-0,-2.20967,-27.7931,-16.5148,0.443644,-0.119354,-68.5319,-44.3079,8.61131
Cc1cc2ncc(N3C[C@H](C[NH3+])[C@@H](c4cc(F)ccc4F)CC3=O)c(C)n2n1,"CHEMBL3236117",3755,Done,2.25,-7.87896,"glide_grid_1X70",-7.88416,-1.14599,-0.499463,-0,-2.08278,-29.4592,-18.1299,0.182485,-0.145967,-76.9616,-47.5891,5.66328
Cc1nnc2ccc(N3C[C@H](C[NH3+])[C@@H](c4cc(F)ccc4F)CC3=O)nn12,"CHEMBL3236118",3756,Done,2.29,-7.67817,"glide_grid_1X70",-7.68337,-1.15099,-0.562858,-0,-2.12892,-26.5057,-17.0566,0.194059,-0.150886,-71.3308,-43.5623,6.28675
[NH3+]C[C@H]1CN(c2ccc3nnc(C(F)(F)F)n3n2)C(=O)C[C@@H]1c1cc(F)ccc1F,"CHEMBL3236119",3757,Done,2.65,-7.15892,"glide_grid_1X70",-7.16412,-1.00481,-0.415785,-0,-1.85025,-32.8171,-14.5716,0.152198,-0.218887,-74.8388,-47.3887,4.51926
[NH3+]C[C@H]1CN(c2ccc3nc(C(F)(F)F)nn3n2)C(=O)C[C@@H]1c1cc(F)ccc1F,"CHEMBL3236120",3758,Done,2.79,-6.93919,"glide_grid_1X70",-6.94439,-0.991557,-0.45828,-0,-1.71778,-32.0726,-14.5229,0.152198,-0.146905,-71.4006,-46.5955,6.08578
[NH3+]C[C@H]1CN(CCc2ccc3c(c2)OCO3)C(=O)C[C@@H]1c1cc(F)ccc1F,"CHEMBL3236121",3759,Done,4.71,-7.36013,"glide_grid_1X70",-7.36463,-1.05203,-0.672489,-0,-2.07179,-30.6654,-15.1212,0.359942,-0.126805,-72.4649,-45.7866,7.02762
[NH3+]C[C@H]1CN(CCc2ccncc2)C(=O)C[C@@H]1c1cc(F)c(F)cc1F,"CHEMBL3236122",3760,Done,3.48,-7.63688,"glide_grid_1X70",-7.63688,-0.936957,-0.411165,-0,-2.62758,-27.5915,-17.1244,0.405402,-0.11834,-71.3645,-44.716,7.48191
Cc1cc2ncc(N3C[C@H](C[NH3+])[C@@H](c4cc(F)c(F)cc4F)CC3=O)c(C)n2n1,"CHEMBL3236123",3761,Done,2.2,-8.03937,"glide_grid_1X70",-8.04457,-1.11742,-0.462006,-0,-2.35575,-31.2824,-17.1731,0.168148,-0.137457,-79.4177,-48.4555,5.56897
[NH3+]C[C@H]1CN(c2ccc3nnc(C(F)(F)F)n3n2)C(=O)C[C@@H]1c1cc(F)c(F)cc1F,"CHEMBL3236124",3762,Done,2.56,-7.11003,"glide_grid_1X70",-7.11523,-0.923815,-0.30013,-0,-2.06382,-32.3806,-14.2423,0.141232,-0.213323,-74.5983,-46.6229,4.47748
[NH3+]C[C@H]1CN(c2ccc3nc(C(F)(F)F)nn3n2)C(=O)C[C@@H]1c1cc(F)c(F)cc1F,"CHEMBL3236125",3763,Done,2.62,-7.61852,"glide_grid_1X70",-7.62372,-1.12841,-0.446294,-0,-2.15051,-31.7985,-15.411,0.141232,-0.138172,-76.0625,-47.2094,6.17304
[NH3+]C[C@H]1CN(CCc2ccc3c(c2)OCO3)C(=O)C[C@@H]1c1cc(F)c(F)cc1F,"CHEMBL3236126",3764,Done,4.11,-8.61967,"glide_grid_1X70",-8.62417,-1.49787,-0.737995,-0,-2.08853,-30.6175,-19.679,0.331849,-0.148896,-78.5025,-50.2965,13.57
[NH3+]C[C@H]1CN(CCc2ccncc2)C(=O)C[C@@H]1c1ccc(Cl)cc1Cl,"CHEMBL3236127",3765,Done,3.09,-6.40689,"glide_grid_1X70",-6.40689,-0.717726,-0.50887,-0,-1.56555,-27.1109,-16.8633,0.377336,-0.107035,-64.5685,-43.9742,6.02285
Cc1cc2ncc(N3C[C@H](C[NH3+])[C@@H](c4ccc(Cl)cc4Cl)CC3=O)c(C)n2n1,"CHEMBL3236128",3766,Done,2.27,-7.50381,"glide_grid_1X70",-7.50901,-1.48675,-0.450833,-0,-1.48179,-30.2699,-17.3529,0.157507,-0.130714,-75.4329,-47.6228,5.81449
[NH3+]C[C@H]1CN(c2ccc3nnc(C(F)(F)F)n3n2)C(=O)C[C@@H]1c1ccc(Cl)cc1Cl,"CHEMBL3236129",3767,Done,2.53,-7.26838,"glide_grid_1X70",-7.27358,-1.3385,-0.526344,-0,-1.12965,-32.6828,-16.6157,0.133015,-0.285618,-72.5582,-49.2985,10.9173
[NH3+]C[C@H]1CN(c2ccc3nc(C(F)(F)F)nn3n2)C(=O)C[C@@H]1c1ccc(Cl)cc1Cl,"CHEMBL3236130",3768,Done,2.35,-7.17263,"glide_grid_1X70",-7.17783,-1.41773,-0.467165,-0,-1.19971,-30.2681,-16.9891,0.133015,-0.16446,-73.0846,-47.2573,5.578
[NH3+]C[C@H]1CN(CCc2ccc3c(c2)OCO3)C(=O)C[C@@H]1c1ccc(Cl)cc1Cl,"CHEMBL3236131",3769,Done,3.71,-7.30865,"glide_grid_1X70",-7.31315,-1.60982,-0.517595,-0,-1.36667,-34.1281,-15.4063,0.310984,-0.112692,-72.6411,-49.5344,14.413
Cn1c([O-])c([C@](C)(Nc2ccccc2)[NH2+]N)c(=O)c2ccccc21,"CHEMBL3310986",3770,Done,2.7,-4.92491,"glide_grid_1X70",-4.98851,-1.36773,-0.694453,-0,-1.87383,-11.9987,-5.15767,0.533931,-0.21284,-18.3773,-17.1564,18.6986
Cn1c(=O)c([C@@](C)(NN)Nc2ccccc2)c(O)c2ccccc21,"CHEMBL3310986",3771,Done,3.43,-2.55202,"glide_grid_1X70",-4.52012,-1.49499,-0.587362,-0,-0.842362,-29.5443,-2.86663,0.533931,-0.22213,-37.4342,-32.411,2.16907
Cn1c([O-])c([C@@](C)(NN)Nc2ccccc2)c(=O)c2ccccc21,"CHEMBL3310986",3772,Done,2.82,-3.26643,"glide_grid_1X70",-5.32083,-1.46737,-0.990932,-0,-1.56431,-32.6703,0.373799,0.536871,-0.257646,-37.1547,-32.2965,8.52601
Cn1c(=O)c([C@](C)(Nc2ccccc2)[NH2+]N)c(O)c2ccccc21,"CHEMBL3310986",3773,Done,3.47,-3.74625,"glide_grid_1X70",-5.82785,-1.37265,-0.355256,-0,-1.6295,-28.3378,-9.32127,0.531016,-0.18639,-54.5949,-37.6591,2.71145
CCn1c([O-])c([C@](C)(Nc2ccc(C)cc2)[NH2+]N)c(=O)c2ccccc21,"CHEMBL3310987",3774,Done,3.16,-3.76306,"glide_grid_1X70",-3.85376,-0.939143,-0.220677,-0,-0.764211,-17.8568,-8.60443,0.460959,-0.207185,-26.0562,-26.4612,13.8621
CCn1c(=O)c([C@@](C)(NN)Nc2ccc(C)cc2)c(O)c2ccccc21,"CHEMBL3310987",3775,Done,3.07,-4.16643,"glide_grid_1X70",-5.92763,-1.48575,-1.05537,-0,-1.4222,-30.2216,-4.38868,0.460959,-0.25589,-40.3249,-34.6103,6.06555
CCn1c([O-])c([C@@](C)(NN)Nc2ccc(C)cc2)c(=O)c2ccccc21,"CHEMBL3310987",3776,Done,3.21,-2.30442,"glide_grid_1X70",-4.09522,-1.29267,-0.339668,-0,-1.43877,-32.2114,2.54267,0.463314,-0.25826,-34.0048,-29.6687,5.65583
CCn1c(=O)c([C@](C)(Nc2ccc(C)cc2)[NH2+]N)c(O)c2ccccc21,"CHEMBL3310987",3777,Done,3.66,-3.62248,"glide_grid_1X70",-5.59398,-1.48283,-0.530838,-0,-1.17405,-15.6578,-12.7743,0.458623,-0.165862,-35.3385,-28.4321,10.371
Cc1ccc(N)[n+](Cc2cccc(F)c2)c1,"CHEMBL3310988",3778,Done,1.31,-6.44873,"glide_grid_1X70",-6.44873,-0.984218,-0.400237,-0,-2.53337,-21.1279,-13.5693,0.710876,-0.149998,-52.5976,-34.6972,1.43308
N#Cc1ccccc1Cn1c(=O)oc2nccc(N3CCC[C@@H]([NH3+])C3)c21,"CHEMBL3329624",3779,Done,2.5,-6.14933,"glide_grid_1X70",-6.15193,-0.526013,-0.522128,-0,-1.55004,-23.6617,-16.9853,0.326013,-0.148893,-61.4995,-40.6469,4.41679
CC1(C)C(=O)N(Cc2ccccc2C#N)c2c(N3CCC[C@@H]([NH3+])C3)cc[nH+]c21,"CHEMBL3329625",3780,Done,2.9,-6.96071,"glide_grid_1X70",-7.00131,-0.636821,-0.430236,-0,-1.36535,-21.8614,-23.9425,0.28545,-0.169912,-73.2976,-45.8039,1.67065
CC1(C)C(=O)N(Cc2ccccc2C#N)c2c(N3CCC[C@@H]([NH3+])C3)ccnc21,"CHEMBL3329625",3781,Done,2.34,-3.95929,"glide_grid_1X70",-5.63769,-0.523628,-0.53332,-0,-1.43129,-25.6704,-13.5107,0.28682,-0.126139,-59.0584,-39.1812,1.80375
N#Cc1ccccc1Cn1c(=O)[nH]c2nccc(N3CCC[C@@H]([NH3+])C3)c21,"CHEMBL3329626",3782,Done,2.63,-5.78075,"glide_grid_1X70",-5.78075,-0.275186,-0.466978,-0,-1.64868,-21.5722,-16.3069,0.327648,-0.192912,-58.7608,-37.8792,1.04768
Cn1c(=O)n(Cc2ccccc2C#N)c2c(N3CCC[C@@H]([NH3+])C3)ccnc21,"CHEMBL3329627",3783,Done,2.57,-6.01003,"glide_grid_1X70",-6.01003,-0.41193,-0.471805,-0,-1.55612,-23.4116,-16.8155,0.305469,-0.182731,-62.6019,-40.2272,1.27143
CC(C)n1c(=O)n(Cc2ccccc2C#N)c2c(N3CCC[C@@H]([NH3+])C3)ccnc21,"CHEMBL3329628",3784,Done,2.88,-6.13565,"glide_grid_1X70",-6.13565,-0.760452,-0.409754,-0,-1.36739,-29.5139,-14.7226,0.267394,-0.181364,-67.3824,-44.2366,3.17597
Cn1c(=S)n(Cc2ccccc2C#N)c2c(N3CCC[C@@H]([NH3+])C3)ccnc21,"CHEMBL3329629",3785,Done,2.49,-5.44123,"glide_grid_1X70",-5.44123,-0.125224,-0.558938,-0,-1.47133,-24.3652,-14.8262,0.282735,-0.126286,-58.1171,-39.1914,2.73456
Cn1c(=O)c(=O)n(Cc2ccccc2C#N)c2c(N3CCC[C@@H]([NH3+])C3)ccnc21,"CHEMBL3329630",3786,Done,2.07,-6.02748,"glide_grid_1X70",-6.03008,-0.187656,-0.648682,-0,-1.27014,-20.3483,-19.7045,0.267447,-0.217955,-56.7591,-40.0528,7.43198
Cn1c(=O)n(Cc2ccccc2C#N)c2c(N3CCC[C@@H]([NH3+])C3)c3ccccc3nc21,"CHEMBL3329631",3787,Done,2.72,-6.12023,"glide_grid_1X70",-6.12023,-0.358057,-0.639296,-0,-1.11981,-23.669,-19.0628,0.242314,-0.202513,-61.6671,-42.7318,4.42327
Cn1c(=O)n(Cc2ccccc2C#N)c2c(N3CCC[C@@H]([NH3+])C3)ncnc21,"CHEMBL3329632",3788,Done,2.38,-5.88343,"glide_grid_1X70",-5.88343,-0.102934,-0.598147,-0,-1.71696,-26.5264,-14.8526,0.303993,-0.215183,-59.0773,-41.3789,7.94706
Cn1c(=O)n(Cc2ccccc2C#N)c2c(N3CCC[C@@H]([NH3+])C3)cccc21,"CHEMBL3329633",3789,Done,2.34,-6.18059,"glide_grid_1X70",-6.18309,-0.651533,-0.481283,-0,-1.46816,-23.4486,-16.8766,0.306956,-0.185157,-61.4732,-40.3252,3.56884
Cn1c(=O)n(Cc2cccc(C#N)c2)c2c(N3CCC[C@@H]([NH3+])C3)ccnc21,"CHEMBL3329634",3790,Done,2.46,-6.27439,"glide_grid_1X70",-6.27439,-0.212108,-0.464029,-0,-1.7767,-24.54,-18.1377,0.305469,-0.179369,-65.8018,-42.6777,2.98503
Cn1c(=O)n(Cc2ccccc2Cl)c2c(N3CCC[C@@H]([NH3+])C3)ccnc21,"CHEMBL3329636",3791,Done,2.14,-7.14278,"glide_grid_1X70",-7.14278,-1.50969,-0.4,-0,-1.53272,-27.9281,-16.6425,0.416855,-0.224444,-68.3393,-44.5706,6.01752
Cn1c(=O)n(Cc2ccccc2F)c2c(N3CCC[C@@H]([NH3+])C3)ccnc21,"CHEMBL3329637",3792,Done,2.55,-5.89474,"glide_grid_1X70",-5.89474,-0.413407,-0.460727,-0,-1.53401,-20.827,-17.0371,0.316275,-0.205967,-57.9559,-37.8641,3.01822
Cn1c(=O)n(Cc2ccc(Cl)cc2C#N)c2c(N3CCC[C@@H]([NH3+])C3)ccnc21,"CHEMBL3329638",3793,Done,2.34,-5.69418,"glide_grid_1X70",-5.69418,-0.402325,-0.55338,-0,-1.27515,-26.1636,-15.2371,0.259721,-0.1293,-62.4914,-41.4007,2.93064
Cn1c(=O)n(Cc2ccc3ccccc3c2C#N)c2c(N3CCC[C@@H]([NH3+])C3)ccnc21,"CHEMBL3329639",3794,Done,2.48,-6.37459,"glide_grid_1X70",-6.37459,-0.797671,-0.436387,-0,-1.28038,-28.3319,-16.7406,0.242314,-0.174798,-70.0848,-45.0724,1.88528
Cn1c(=O)n(Cc2ccccc2C#N)c2c(N3CC[C@@H]([NH3+])C3)ccnc21,"CHEMBL3329641",3795,Done,2.16,-6.1721,"glide_grid_1X70",-6.1721,-0.608014,-0.464935,-0,-1.56304,-28.4431,-15.0198,0.327648,-0.188638,-66.3173,-43.4629,1.91432
Cn1c(=O)n(Cc2ccccc2C#N)c2c(N3CCCC[C@@H]([NH3+])C3)ccnc21,"CHEMBL3329688",3796,Done,4.39,-5.68369,"glide_grid_1X70",-5.68369,-0.311557,-0.444645,-0,-1.53321,-22.6041,-15.8268,0.285477,-0.175537,-59.2276,-38.4309,0.282584
Cn1c(=O)n(Cc2ccccc2C#N)c2c(N3CC[NH2+]CC3)ccnc21,"CHEMBL3329689",3797,Done,2.23,-5.46749,"glide_grid_1X70",-5.49799,-0.244285,-0.498317,-0,-1.80871,-27.2214,-11.7567,0.327648,-0.149747,-56.7161,-38.9781,4.19661
Cn1c(=O)n(Cc2ccccc2C#N)c2c(N3CCC[NH2+]CC3)ccnc21,"CHEMBL3329691",3799,Done,3.03,-4.89036,"glide_grid_1X70",-4.91316,-0.200192,-0.4,-0,-1.49012,-24.9985,-12.5941,0.436384,-0.120192,-52.9444,-37.5926,1.87866
C[NH2+][C@@H]1CCCN(c2ccnc3c2n(Cc2ccccc2C#N)c(=O)n3C)C1,"CHEMBL3329692",3801,Done,2.96,-5.59175,"glide_grid_1X70",-5.59775,-0.259273,-0.502319,-0,-1.58534,-26.622,-13.8749,0.285477,-0.123961,-57.6685,-40.4969,6.39263
N#C[C@@H]1C[C@H](F)CN1C(=O)C[C@H]([NH3+])Cc1ccccc1,"CHEMBL3330049",3803,Done,3.86,-9.03572,"glide_grid_1X70",-9.05112,-1.23146,-1.02738,-0,-2.44216,-29.2696,-22.137,0.659674,-0.225758,-89.5189,-51.4066,7.31289
N#C[C@@H]1C[C@H](F)CN1C(=O)C[C@H](N)Cc1ccccc1,"CHEMBL3330049",3804,Done,4.02,-4.24549,"glide_grid_1X70",-6.41749,-1.01932,-0.94517,-0,-1.99755,-23.5793,-14.1113,0.948381,-0.108171,-49.3217,-37.6906,10.3439
N#C[C@@H]1C[C@H](F)CN1C(=O)C[C@H]([NH3+])Cc1ccccc1Cl,"CHEMBL3330050",3805,Done,3.88,-8.61263,"glide_grid_1X70",-8.62803,-1.41234,-0.804976,-0,-2.23383,-28.2432,-20.1087,0.537374,-0.28579,-84.5959,-48.3519,7.5395
N#C[C@@H]1C[C@H](F)CN1C(=O)C[C@H](N)Cc1ccccc1Cl,"CHEMBL3330050",3806,Done,3.79,-3.00694,"glide_grid_1X70",-5.17894,-1.07018,-0.344878,-0,-1.8135,-20.7744,-10.5322,0.772069,-0.103895,-41.3471,-31.3066,4.24636
Cc1ccccc1C[C@@H]([NH3+])CC(=O)N1C[C@@H](F)C[C@H]1C#N,"CHEMBL3330051",3807,Done,4.09,-8.31143,"glide_grid_1X70",-8.32683,-1.32428,-0.797322,-0,-2.32695,-27.8706,-19.718,0.756559,-0.2836,-82.7923,-47.5886,7.64711
Cc1ccccc1C[C@@H](N)CC(=O)N1C[C@@H](F)C[C@H]1C#N,"CHEMBL3330051",3808,Done,4.61,-3.6692,"glide_grid_1X70",-5.8412,-1.00392,-0.896822,-0,-1.84593,-22.9382,-12.7478,1.08737,-0.122827,-42.7373,-35.686,14.0491
N#C[C@@H]1C[C@H](F)CN1C(=O)C[C@H]([NH3+])Cc1cccc(F)c1,"CHEMBL3330052",3809,Done,4.18,-8.94818,"glide_grid_1X70",-8.96358,-1.1341,-0.886967,-0,-2.72986,-29.1421,-20.9495,0.591094,-0.20422,-89.5174,-50.0916,5.72894
N#C[C@@H]1C[C@H](F)CN1C(=O)C[C@H](N)Cc1cccc(F)c1,"CHEMBL3330052",3810,Done,4.09,-1.701,"glide_grid_1X70",-3.873,-0.698721,-0.333581,-0,-1.68401,-22.6394,-5.45851,0.849493,-0.0554426,-36.1021,-28.0979,2.88151
N#C[C@@H]1C[C@H](F)CN1C(=O)C[C@H]([NH3+])Cc1ccc(F)cc1,"CHEMBL3330053",3811,Done,3.62,-9.04502,"glide_grid_1X70",-9.06042,-1.06435,-0.971067,-0,-2.61065,-29.9719,-22.1751,0.591094,-0.180592,-91.312,-52.147,7.55878
N#C[C@@H]1C[C@H](F)CN1C(=O)C[C@H](N)Cc1ccc(F)cc1,"CHEMBL3330053",3812,Done,3.75,-4.99256,"glide_grid_1X70",-7.16456,-1.03245,-0.890546,-0,-2.4487,-25.4055,-15.067,0.849493,-0.112024,-54.6433,-40.4725,10.0524
N#C[C@@H]1C[C@H](F)CN1C(=O)C[C@H]([NH3+])Cc1ccc(I)cc1,"CHEMBL3330054",3813,Done,3.76,-8.23425,"glide_grid_1X70",-8.24965,-1.4811,-0.802257,-0,-1.45943,-31.8586,-20.2103,0.33959,-0.221972,-88.6336,-52.069,4.99737
N#C[C@@H]1C[C@H](F)CN1C(=O)C[C@H](N)Cc1ccc(I)cc1,"CHEMBL3330054",3814,Done,3.95,-4.38028,"glide_grid_1X70",-6.55228,-1.30839,-0.900382,-0,-1.2206,-26.4636,-14.5339,0.487326,-0.106976,-52.5756,-40.9974,10.0362
N#C[C@@H]1C[C@H](F)CN1C(=O)C[C@H]([NH3+])Cc1ccc(C(F)(F)F)cc1,"CHEMBL3330055",3815,Done,5.6,-9.31134,"glide_grid_1X70",-9.32674,-1.32195,-0.997102,-0,-2.57585,-30.7495,-21.9521,0.56048,-0.162041,-90.005,-52.7015,7.9074
N#C[C@@H]1C[C@H](F)CN1C(=O)C[C@H](N)Cc1ccc(C(F)(F)F)cc1,"CHEMBL3330055",3816,Done,5.84,-0.63495,"glide_grid_1X70",-2.80695,-0.0382763,-0.392357,-0,-1.19013,-23.4857,-4.51274,0.804862,-0.139855,-27.9131,-27.9984,13.8819
COc1ccc(C[C@@H]([NH3+])CC(=O)N2C[C@@H](F)C[C@H]2C#N)cc1,"CHEMBL3330056",3817,Done,4.83,-8.69519,"glide_grid_1X70",-8.71059,-1.40063,-0.967301,-0,-2.03326,-33.8257,-20.6916,0.688816,-0.203195,-92.5228,-54.5172,8.82124
COc1ccc(C[C@@H](N)CC(=O)N2C[C@@H](F)C[C@H]2C#N)cc1,"CHEMBL3330056",3818,Done,5.02,-4.21433,"glide_grid_1X70",-6.38633,-1.29953,-0.96,-0,-1.61885,-26.1199,-13.9903,0.989725,-0.0931457,-48.0103,-40.1101,15.341
N#C[C@@H]1C[C@H](F)CN1C(=O)C[C@H]([NH3+])Cc1ccc(Cl)cc1Cl,"CHEMBL3330057",3819,Done,3.71,-9.29015,"glide_grid_1X70",-9.30555,-1.62753,-1.00086,-0,-1.94972,-30.7874,-22.8387,0.44633,-0.20859,-93.4433,-53.6261,7.69971
N#C[C@@H]1C[C@H](F)CN1C(=O)C[C@H](N)Cc1ccc(Cl)cc1Cl,"CHEMBL3330057",3820,Done,3.91,-4.24889,"glide_grid_1X70",-6.42089,-1.37882,-0.918451,-0,-1.61729,-20.7829,-13.2614,0.640933,-0.1189,-44.7939,-34.0443,8.7884
N#C[C@@H]1C[C@H](F)CN1C(=O)C[C@H]([NH3+])Cc1ccc(Cl)c(Cl)c1,"CHEMBL3330058",3821,Done,3.91,-8.23956,"glide_grid_1X70",-8.25496,-1.23799,-0.564806,-0,-1.95,-30.1644,-21.292,0.44633,-0.24647,-84.5836,-51.4565,5.76905
N#C[C@@H]1C[C@H](F)CN1C(=O)C[C@H](N)Cc1ccc(Cl)c(Cl)c1,"CHEMBL3330058",3822,Done,3.8,-2.71118,"glide_grid_1X70",-4.88318,-1.00016,-0.50296,-0,-1.55512,-22.5409,-8.42266,0.640933,-0.0754297,-41.8707,-30.9636,3.84205
N#C[C@@H]1C[C@H](F)CN1C(=O)C[C@H]([NH3+])Cc1cc(F)cc(F)c1,"CHEMBL3330059",3823,Done,3.67,-8.29945,"glide_grid_1X70",-8.31485,-1.17261,-0.852949,-0,-2.41396,-26.626,-19.0483,0.532738,-0.219526,-78.9798,-45.6743,5.48845
N#C[C@@H]1C[C@H](F)CN1C(=O)C[C@H](N)Cc1cc(F)cc(F)c1,"CHEMBL3330059",3824,Done,3.83,-2.09091,"glide_grid_1X70",-4.26291,-0.741685,-0.25497,-0,-2.01677,-24.5018,-4.73727,0.76539,-0.0791954,-38.261,-29.239,3.51065
N#C[C@@H]1C[C@H](F)CN1C(=O)C[C@H]([NH3+])Cc1cc(F)c(F)cc1F,"CHEMBL3330060",3825,Done,3.64,-9.85845,"glide_grid_1X70",-9.87385,-1.19653,-1.00312,-0,-3.04338,-31.9078,-22.0181,0.482662,-0.215373,-98.5904,-53.9259,7.31796
N#C[C@@H]1C[C@H](F)CN1C(=O)C[C@H](N)Cc1cc(F)c(F)cc1F,"CHEMBL3330060",3826,Done,3.45,-5.05181,"glide_grid_1X70",-7.22381,-1.04097,-0.909841,-0,-2.54695,-24.0976,-13.963,0.693251,-0.119966,-50.2173,-38.0606,9.97793
N#C[C@@H]1C[C@H](F)CN1C(=O)C[C@@H]([NH3+])Cc1ccccc1,"CHEMBL3330061",3827,Done,3.95,-7.73526,"glide_grid_1X70",-7.75066,-0.850511,-0.640326,-0,-2.44029,-24.1729,-20.4239,0.659674,-0.206975,-73.0188,-44.5968,6.5582
N#C[C@@H]1C[C@H](F)CN1C(=O)C[C@@H](N)Cc1ccccc1,"CHEMBL3330061",3828,Done,3.22,-3.42356,"glide_grid_1X70",-5.59556,-1.02959,-0.720165,-0,-1.79629,-24.5976,-10.9644,0.948381,-0.123366,-47.015,-35.562,5.94541
N#C[C@@H]1C[C@@H]2CCC[C@@H]2N1C(=O)C[C@H]([NH3+])Cc1ccccc1,"CHEMBL3330062",3829,Done,2.53,-7.87825,"glide_grid_1X70",-7.89125,-1.02928,-0.857702,-0,-2.30705,-28.6203,-17.8928,0.577031,-0.159315,-78.2785,-46.5131,4.90958
N#C[C@@H]1C[C@@H]2CCC[C@@H]2N1C(=O)C[C@H](N)Cc1ccccc1,"CHEMBL3330062",3830,Done,2.77,-3.32869,"glide_grid_1X70",-5.59759,-1.00391,-0.576,-0,-1.84225,-25.4716,-11.0512,0.829222,-0.0733962,-46.6048,-36.5228,9.06232
N#C[C@@H]1C[C@@H]2CCC[C@@H]2N1C(=O)C[C@H]([NH3+])Cc1ccccc1Cl,"CHEMBL3330063",3831,Done,2.65,-8.24261,"glide_grid_1X70",-8.25561,-1.42032,-0.798518,-0,-2.07441,-32.118,-17.3227,0.47615,-0.234217,-83.5885,-49.4407,6.56608
N#C[C@@H]1C[C@@H]2CCC[C@@H]2N1C(=O)C[C@H](N)Cc1ccccc1Cl,"CHEMBL3330063",3832,Done,2.65,-2.97581,"glide_grid_1X70",-5.24471,-1.10912,-0.576,-0,-1.64472,-21.9572,-9.6,0.683873,-0.0608731,-41.2495,-31.5572,3.92359
Cc1ccccc1C[C@@H]([NH3+])CC(=O)N1[C@H](C#N)C[C@@H]2CCC[C@@H]21,"CHEMBL3330064",3833,Done,2.29,-7.94874,"glide_grid_1X70",-7.96174,-1.34974,-0.741602,-0,-2.14151,-32.3538,-16.9461,0.665477,-0.234771,-80.1164,-49.2999,8.02427
Cc1ccccc1C[C@@H](N)CC(=O)N1[C@H](C#N)C[C@@H]2CCC[C@@H]21,"CHEMBL3330064",3834,Done,2.54,-2.7388,"glide_grid_1X70",-5.0077,-1.04841,-0.576,-0,-1.66392,-25.0025,-8.90551,0.956095,-0.0895065,-40.9522,-33.908,10.5742
N#C[C@@H]1C[C@@H]2CCC[C@@H]2N1C(=O)C[C@H]([NH3+])Cc1cccc(F)c1,"CHEMBL3330065",3835,Done,2.58,-8.48192,"glide_grid_1X70",-8.49492,-1.07847,-0.733093,-0,-2.72594,-30.748,-18.0267,0.520707,-0.236719,-82.8858,-48.7747,7.51002
N#C[C@@H]1C[C@@H]2CCC[C@@H]2N1C(=O)C[C@H](N)Cc1cccc(F)c1,"CHEMBL3330065",3836,Done,2.77,-4.09984,"glide_grid_1X70",-6.36874,-1.02172,-0.764405,-0,-2.17918,-24.2325,-12.4106,0.748055,-0.0782831,-46.8155,-36.6431,10.6578
N#C[C@@H]1C[C@@H]2CCC[C@@H]2N1C(=O)C[C@H]([NH3+])Cc1ccc(F)cc1,"CHEMBL3330066",3837,Done,2.71,-8.48438,"glide_grid_1X70",-8.49738,-0.92036,-0.886507,-0,-2.61733,-30.2362,-19.4552,0.520707,-0.163802,-84.6253,-49.6914,5.38257
N#C[C@@H]1C[C@@H]2CCC[C@@H]2N1C(=O)C[C@H](N)Cc1ccc(F)cc1,"CHEMBL3330066",3838,Done,2.72,-4.61439,"glide_grid_1X70",-6.88329,-1.06124,-0.921218,-0,-2.17333,-27.5482,-13.4618,0.748055,-0.0788727,-54.3956,-41.01,9.48749
N#C[C@@H]1C[C@@H]2CCC[C@@H]2N1C(=O)C[C@H]([NH3+])Cc1ccc(I)cc1,"CHEMBL3330067",3839,Done,2.6,-8.27054,"glide_grid_1X70",-8.28354,-1.40244,-0.737621,-0,-1.10944,-29.636,-24.0166,0.30837,-0.258114,-82.6734,-53.6526,11.6722
N#C[C@@H]1C[C@@H]2CCC[C@@H]2N1C(=O)C[C@H](N)Cc1ccc(I)cc1,"CHEMBL3330067",3840,Done,2.41,-2.87459,"glide_grid_1X70",-5.14349,-1.26166,-0.543025,-0,-1.10762,-25.8314,-8.88705,0.442429,-0.0489879,-45.4473,-34.7184,1.65376
N#C[C@@H]1C[C@@H]2CCC[C@@H]2N1C(=O)C[C@H]([NH3+])Cc1ccc(C(F)(F)F)cc1,"CHEMBL3330068",3841,Done,3.09,-8.48715,"glide_grid_1X70",-8.50015,-1.17927,-0.761102,-0,-2.58828,-30.67,-18.5622,0.501786,-0.155453,-81.3706,-49.2322,7.0347
N#C[C@@H]1C[C@@H]2CCC[C@@H]2N1C(=O)C[C@H]([NH3+])Cc1ccc(Cl)cc1Cl,"CHEMBL3330070",3843,Done,2.53,-8.34726,"glide_grid_1X70",-8.36026,-1.4316,-0.879705,-0,-1.83658,-30.5636,-19.4845,0.399691,-0.161221,-83.5918,-50.0481,5.49636
N#C[C@@H]1C[C@@H]2CCC[C@@H]2N1C(=O)C[C@H](N)Cc1ccc(Cl)cc1Cl,"CHEMBL3330070",3844,Done,2.38,-3.11242,"glide_grid_1X70",-5.38132,-1.36502,-0.549326,-0,-1.56812,-26.0735,-7.59399,0.573795,-0.0298657,-44.078,-33.6675,2.35976
N#C[C@@H]1C[C@@H]2CCC[C@@H]2N1C(=O)C[C@H]([NH3+])Cc1ccc(Cl)c(Cl)c1,"CHEMBL3330071",3845,Done,2.58,-7.72722,"glide_grid_1X70",-7.74022,-1.28756,-0.650816,-0,-1.94604,-29.5104,-17.1024,0.399691,-0.214611,-74.2198,-46.6128,6.11475
N#C[C@@H]1C[C@@H]2CCC[C@@H]2N1C(=O)C[C@H](N)Cc1ccc(Cl)c(Cl)c1,"CHEMBL3330071",3846,Done,2.4,-2.43677,"glide_grid_1X70",-4.70567,-1.36995,-0.286198,-0,-1.28149,-33.5096,-4.17637,0.573795,-0.0399029,-45.0183,-37.6859,5.82027
N#C[C@@H]1C[C@@H]2CCC[C@@H]2N1C(=O)C[C@H]([NH3+])Cc1cc(F)cc(F)c1,"CHEMBL3330072",3847,Done,2.46,-7.79216,"glide_grid_1X70",-7.80516,-0.889907,-0.886395,-0,-2.36631,-26.1414,-17.7673,0.472287,-0.162672,-72.074,-43.9086,5.10765
N#C[C@@H]1C[C@@H]2CCC[C@@H]2N1C(=O)C[C@H]([NH3+])Cc1cc(F)c(F)cc1F,"CHEMBL3330073",3849,Done,2.8,-8.88963,"glide_grid_1X70",-8.90263,-0.908704,-0.884037,-0,-2.78321,-30.524,-20.4469,0.430351,-0.163804,-89.4594,-50.9708,4.41426
N#C[C@@H]1C[C@@H]2CCC[C@@H]2N1C(=O)C[C@H](N)Cc1cc(F)c(F)cc1F,"CHEMBL3330073",3850,Done,2.37,-1.58008,"glide_grid_1X70",-3.84898,-0.775945,-0.261248,-0,-1.59536,-20.6804,-5.00067,0.617927,-0.050235,-33.1936,-25.681,4.57282
CC#CC#Cc1ccc(C#C[C@H](O)CO)s1,"CHEMBL3343899",3851,Done,1.45,-3.18489,"glide_grid_1X70",-3.18589,-0.228689,0,-0,-1.83898,-19.5268,-11.6832,1.6106,0,-36.4633,-31.21,3.73195
OCc1ccc(-c2ccc(C#C[C@H](O)CO)s2)s1,"CHEMBL3343900",3852,Done,2.89,-4.3035,"glide_grid_1X70",-4.3045,-0.23961,-0.144,-0,-1.49751,-19.7556,-17.2288,1.14872,0,-46.0988,-36.9843,6.44143
[NH3+][C@@H](CC(=O)N1[C@H](C(=O)Nc2ccccc2)C[C@@H]2CCCC[C@@H]21)Cc1cc(F)c(F)cc1F,"CHEMBL3357763",3853,Done,6.9,-9.31409,"glide_grid_1X70",-9.32359,-1.61228,-0.885688,-0,-1.93678,-40.2184,-21.2138,0.465089,-0.160948,-103.541,-61.4322,10.9379
N[C@@H](CC(=O)N1[C@H](C(=O)Nc2ccccc2)C[C@@H]2CCCC[C@@H]21)Cc1cc(F)c(F)cc1F,"CHEMBL3357763",3854,Done,5.7,-2.15605,"glide_grid_1X70",-4.60835,-1.43789,-0.248558,-0,-0.900652,-28.2608,-7.91952,0.667071,-0.0873479,-36.0545,-36.1803,24.9599
[NH3+][C@@H](CC(=O)N1[C@H](C(=O)NCc2ccccc2)C[C@@H]2CCCC[C@@H]21)Cc1cc(F)c(F)cc1F,"CHEMBL3357764",3855,Done,8.73,-7.98218,"glide_grid_1X70",-7.99148,-1.56459,-0.4,-0,-2.00603,-41.5477,-14.6564,0.440323,-0.185338,-84.2694,-56.2041,19.2742
N[C@@H](CC(=O)N1[C@H](C(=O)NCc2ccccc2)C[C@@H]2CCCC[C@@H]21)Cc1cc(F)c(F)cc1F,"CHEMBL3357764",3856,Done,7.64,-1.15928,"glide_grid_1X70",-3.62618,-1.74555,-0.22066,-0,-0.0678773,-38.9209,-1.53208,0.63148,-0.0477206,-39.3267,-40.453,14.7455
[NH3+][C@@H](CC(=O)N1[C@H](C(=O)NC2CC2)C[C@@H]2CCCC[C@@H]21)Cc1cc(F)c(F)cc1F,"CHEMBL3357765",3857,Done,7.37,-8.92197,"glide_grid_1X70",-8.93107,-1.31897,-0.884722,-0,-2.23905,-36.4406,-20.3001,0.539233,-0.160512,-96.531,-56.7407,6.10632
N[C@@H](CC(=O)N1[C@H](C(=O)NC2CC2)C[C@@H]2CCCC[C@@H]21)Cc1cc(F)c(F)cc1F,"CHEMBL3357765",3858,Done,7.16,-3.80789,"glide_grid_1X70",-6.28389,-1.20722,-0.772804,-0,-1.81499,-34.399,-9.87951,0.773653,-0.0606511,-54.9939,-44.2785,14.9379
[NH3+][C@@H](CC(=O)N1[C@H](C(=O)NCC2CC2)C[C@@H]2CCCC[C@@H]21)Cc1cc(F)c(F)cc1F,"CHEMBL3357766",3859,Done,10.92,-9.11645,"glide_grid_1X70",-9.12565,-1.43016,-0.738689,-0,-2.27618,-35.7562,-21.5381,0.508388,-0.170482,-97.7123,-57.2943,9.17936
N[C@@H](CC(=O)N1[C@H](C(=O)NCC2CC2)C[C@@H]2CCCC[C@@H]21)Cc1cc(F)c(F)cc1F,"CHEMBL3357766",3860,Done,9.43,-3.95996,"glide_grid_1X70",-6.43526,-1.29014,-0.770713,-0,-1.80319,-35.3227,-9.83528,0.729307,-0.0590943,-60.1839,-45.158,9.11267
CCOC(=O)[C@@H]1C[C@@H]2CCCC[C@@H]2N1C(=O)C[C@H]([NH3+])Cc1cc(F)c(F)cc1F,"CHEMBL3357767",3861,Done,6.4,-8.83974,"glide_grid_1X70",-8.84984,-1.33242,-0.848947,-0,-2.39779,-35.0392,-18.9817,0.484716,-0.156184,-91.3616,-54.0209,8.6815
CCOC(=O)[C@@H]1C[C@@H]2CCCC[C@@H]2N1C(=O)C[C@H](N)Cc1cc(F)c(F)cc1F,"CHEMBL3357767",3862,Done,5.98,-2.05947,"glide_grid_1X70",-4.47787,-1.03651,-0.304,-0,-1.47673,-32.1141,-4.57501,0.695508,-0.0641715,-44.0308,-36.6891,7.46576
[NH3+][C@@H](CC(=O)N1[C@H](C(=O)[O-])C[C@@H]2CCCC[C@@H]21)Cc1cc(F)c(F)cc1F,"CHEMBL3357768",3863,Done,3.46,-8.07435,"glide_grid_1X70",-8.08255,-1.32029,-0.796132,-0,-2.52749,-23.4283,-16.5592,0.368427,-0.151768,-71.3253,-39.9875,5.75082
N[C@@H](CC(=O)N1[C@H](C(=O)[O-])C[C@@H]2CCCC[C@@H]21)Cc1cc(F)c(F)cc1F,"CHEMBL3357768",3864,Done,3.83,-1.99965,"glide_grid_1X70",-4.53735,-0.953554,-0.304,-0,-1.96051,-30.9734,-1.64534,0.528808,-0.0526244,-41.0455,-32.6187,6.94243
CC(=O)OC[C@@H]1C[C@@H]2CCCC[C@@H]2N1C(=O)C[C@H]([NH3+])Cc1cc(F)c(F)cc1F,"CHEMBL3357769",3865,Done,6.3,-8.78867,"glide_grid_1X70",-8.79767,-1.13094,-0.885934,-0,-2.3855,-34.5679,-19.8792,0.484716,-0.169736,-89.6253,-54.4471,15.4245
CC(=O)OC[C@@H]1C[C@@H]2CCCC[C@@H]2N1C(=O)C[C@H](N)Cc1cc(F)c(F)cc1F,"CHEMBL3357769",3866,Done,6.58,-3.53571,"glide_grid_1X70",-6.02331,-1.25429,-0.451342,-0,-2.10112,-33.5589,-7.60833,0.695508,-0.0928798,-46.9334,-41.1672,18.1896
[NH3+][C@@H](CC(=O)N1[C@H](COC(=O)C2CC2)C[C@@H]2CCCC[C@@H]21)Cc1cc(F)c(F)cc1F,"CHEMBL3357770",3867,Done,9.08,-8.27096,"glide_grid_1X70",-8.27996,-1.45376,-0.537125,-0,-2.28961,-39.669,-15.5573,0.506323,-0.188743,-87.8362,-55.2263,14.7719
N[C@@H](CC(=O)N1[C@H](COC(=O)C2CC2)C[C@@H]2CCCC[C@@H]21)Cc1cc(F)c(F)cc1F,"CHEMBL3357770",3868,Done,7.55,-2.50601,"glide_grid_1X70",-4.99361,-1.10328,-0.285162,-0,-1.67014,-35.202,-5.67624,0.726338,-0.0498342,-52.2961,-40.8782,6.04188
[NH3+][C@@H](CC(=O)N1[C@H](COC(=O)C2CCC2)C[C@@H]2CCCC[C@@H]21)Cc1cc(F)c(F)cc1F,"CHEMBL3357771",3869,Done,9.56,-7.40805,"glide_grid_1X70",-7.41705,-1.18832,-0.555695,-0,-2.01854,-36.8584,-14.0375,0.47823,-0.184184,-83.0819,-50.8959,4.58331
N[C@@H](CC(=O)N1[C@H](COC(=O)C2CCC2)C[C@@H]2CCCC[C@@H]21)Cc1cc(F)c(F)cc1F,"CHEMBL3357771",3870,Done,8.3,-4.10144,"glide_grid_1X70",-6.58904,-1.36374,-0.747933,-0,-1.72389,-37.2344,-10.1078,0.685956,-0.0615503,-63.0645,-47.3422,9.3893
[NH3+][C@@H](CC(=O)N1[C@H](COC(=O)C2CCCC2)C[C@@H]2CCCC[C@@H]21)Cc1cc(F)c(F)cc1F,"CHEMBL3357772",3871,Done,12.06,-8.59274,"glide_grid_1X70",-8.60174,-1.29817,-0.811683,-0,-2.08637,-36.9835,-18.993,0.452418,-0.159813,-96.3889,-55.9765,7.55499
N[C@@H](CC(=O)N1[C@H](COC(=O)C2CCCC2)C[C@@H]2CCCC[C@@H]21)Cc1cc(F)c(F)cc1F,"CHEMBL3357772",3872,Done,10.5,-2.59708,"glide_grid_1X70",-5.08468,-1.10062,-0.528793,-0,-1.34,-33.931,-6.66918,0.64886,-0.0672032,-47.6934,-40.6002,15.9689
[NH3+][C@@H](CC(=O)N1[C@H](COC(=O)c2ccccc2)C[C@@H]2CCCC[C@@H]21)Cc1cc(F)c(F)cc1F,"CHEMBL3357773",3873,Done,7.36,-8.39905,"glide_grid_1X70",-8.40825,-0.967678,-0.882454,-0,-1.86492,-37.3998,-20.6646,0.43866,-0.162176,-96.7876,-58.0644,8.5334
N[C@@H](CC(=O)N1[C@H](COC(=O)c2ccccc2)C[C@@H]2CCCC[C@@H]21)Cc1cc(F)c(F)cc1F,"CHEMBL3357773",3874,Done,5.3,-3.2041,"glide_grid_1X70",-5.6765,-1.46315,-0.356838,-0,-1.50881,-41.3169,-5.64803,0.629089,-0.0637342,-61.6406,-46.9649,7.31173
[NH3+][C@@H](CC(=O)N1[C@H](CO)C[C@@H]2CCCC[C@@H]21)Cc1cc(F)c(F)cc1F,"CHEMBL3357774",3875,Done,5.85,-8.56395,"glide_grid_1X70",-8.57255,-1.20052,-0.675671,-0,-2.695,-32.0751,-17.9681,0.489741,-0.192134,-85.6499,-50.0432,5.60794
N[C@@H](CC(=O)N1[C@H](CO)C[C@@H]2CCCC[C@@H]21)Cc1cc(F)c(F)cc1F,"CHEMBL3357774",3876,Done,5.38,-4.76033,"glide_grid_1X70",-7.26953,-1.25198,-0.739814,-0,-1.82595,-27.0908,-16.6845,0.492126,-0.0867014,-55.9375,-43.7753,9.01367
CC(=O)NC[C@@H]1C[C@@H]2CCCC[C@@H]2N1C(=O)C[C@H]([NH3+])Cc1cc(F)c(F)cc1F,"CHEMBL3357775",3877,Done,7.31,-8.78609,"glide_grid_1X70",-8.79509,-1.11044,-1.0002,-0,-2.27268,-34.7088,-19.8549,0.486806,-0.184888,-90.0067,-54.5638,11.2815
CC(=O)NC[C@@H]1C[C@@H]2CCCC[C@@H]2N1C(=O)C[C@H](N)Cc1cc(F)c(F)cc1F,"CHEMBL3357775",3878,Done,7.1,-1.03289,"glide_grid_1X70",-3.51959,-0.349953,-0.456,-0,-0.540095,-25.0186,-10.1106,0.698515,-0.104548,-43.4724,-35.1291,1.25205
[NH3+][C@@H](CC(=O)N1[C@H](CNC(=O)C2CC2)C[C@@H]2CCCC[C@@H]21)Cc1cc(F)c(F)cc1F,"CHEMBL3357776",3879,Done,8.25,-6.59455,"glide_grid_1X70",-6.60355,-1.26598,-0.554857,-0,-0.862415,-36.9355,-15.8539,0.508388,-0.203824,-75.7613,-52.7894,10.4324
N[C@@H](CC(=O)N1[C@H](CNC(=O)C2CC2)C[C@@H]2CCCC[C@@H]21)Cc1cc(F)c(F)cc1F,"CHEMBL3357776",3880,Done,7.86,-3.31424,"glide_grid_1X70",-5.80154,-1.29317,-0.485694,-0,-1.73145,-29.0438,-9.8039,0.729307,-0.0977559,-49.4969,-38.8477,11.5002
[NH3+][C@@H](CC(=O)N1[C@H](CNC(=O)C2CCC2)C[C@@H]2CCCC[C@@H]21)Cc1cc(F)c(F)cc1F,"CHEMBL3357777",3881,Done,10.27,-7.59475,"glide_grid_1X70",-7.60375,-1.25544,-0.552736,-0,-2.20126,-37.4184,-13.3864,0.480124,-0.195558,-87.3054,-50.8048,3.61088
N[C@@H](CC(=O)N1[C@H](CNC(=O)C2CCC2)C[C@@H]2CCCC[C@@H]21)Cc1cc(F)c(F)cc1F,"CHEMBL3357777",3882,Done,8.66,-2.90272,"glide_grid_1X70",-5.39012,-1.41565,-0.40626,-0,-1.7012,-32.6512,-5.76696,0.688679,-0.0580931,-47.8231,-38.4182,10.2736
[NH3+][C@@H](CC(=O)N1[C@H](CNC(=O)C2CCCC2)C[C@@H]2CCCC[C@@H]21)Cc1cc(F)c(F)cc1F,"CHEMBL3357778",3883,Done,12.11,-7.69621,"glide_grid_1X70",-7.70521,-1.16478,-0.559738,-0,-2.01411,-36.9307,-15.9056,0.454161,-0.188361,-86.4537,-52.8363,4.55394
N[C@@H](CC(=O)N1[C@H](CNC(=O)C2CCCC2)C[C@@H]2CCCC[C@@H]21)Cc1cc(F)c(F)cc1F,"CHEMBL3357778",3884,Done,11.86,-1.87558,"glide_grid_1X70",-4.36298,-1.31108,-0.342148,-0,-1.16753,-29.7576,-4.22493,0.651365,-0.071964,-42.6525,-33.9826,7.56187
[NH3+][C@@H](CC(=O)N1[C@H](CNC(=O)c2ccccc2)C[C@@H]2CCCC[C@@H]21)Cc1cc(F)c(F)cc1F,"CHEMBL3357779",3885,Done,8.53,-8.55411,"glide_grid_1X70",-8.56291,-1.22962,-0.437577,-0,-2.03607,-39.6228,-20.9594,0.440323,-0.174923,-99.4503,-60.5821,12.0067
N[C@@H](CC(=O)N1[C@H](CNC(=O)c2ccccc2)C[C@@H]2CCCC[C@@H]21)Cc1cc(F)c(F)cc1F,"CHEMBL3357779",3886,Done,7.1,-1.28046,"glide_grid_1X70",-3.77946,-0.872293,-0.304,-0,-0.945264,-33.4058,-3.86098,0.63148,-0.0399439,-42.7415,-37.2668,9.79839
CS(=O)(=O)NC[C@@H]1C[C@@H]2CCCC[C@@H]2N1C(=O)C[C@H]([NH3+])Cc1cc(F)c(F)cc1F,"CHEMBL3357781",3887,Done,8.55,-7.89945,"glide_grid_1X70",-7.90815,-1.14815,-0.528131,-0,-2.00032,-36.1908,-17.6218,0.418249,-0.196997,-86.8409,-53.8126,10.1149
CS(=O)(=O)NC[C@@H]1C[C@@H]2CCCC[C@@H]2N1C(=O)C[C@H](N)Cc1cc(F)c(F)cc1F,"CHEMBL3357781",3888,Done,7.9,-3.86104,"glide_grid_1X70",-6.36814,-1.11312,-0.642686,-0,-1.40048,-35.4269,-12.8116,0.599946,-0.118724,-58.2122,-48.2385,18.5801
[NH3+][C@@H](CC(=O)N1CC[C@@H]2[C@@H](CCc3nnc(C(F)(F)F)n32)C1)Cc1ccccc1,"CHEMBL3425745",3889,Done,3.57,-8.46848,"glide_grid_1X70",-8.47738,-1.08888,-0.829319,-0,-1.68702,-32.6455,-21.9901,0.330335,-0.27172,-88.4064,-54.6356,12.6028
N[C@@H](CC(=O)N1CC[C@@H]2[C@@H](CCc3nnc(C(F)(F)F)n32)C1)Cc1ccccc1,"CHEMBL3425745",3890,Done,3.77,-2.21875,"glide_grid_1X70",-4.70775,-1.17224,-0.416896,-0,-1.21304,-29.7657,-5.73538,0.474015,-0.0309979,-47.7059,-35.5011,2.10104
[NH3+][C@@H](CC(=O)N1CC[C@@H]2[C@H](CCc3nnc(C(F)(F)F)n32)C1)Cc1ccccc1,"CHEMBL3425746",3891,Done,3.48,-7.87289,"glide_grid_1X70",-7.88179,-1.5295,-0.606981,-0,-1.8753,-35.7128,-14.9679,0.330335,-0.169521,-82.5265,-50.6806,6.81823
N[C@@H](CC(=O)N1CC[C@@H]2[C@H](CCc3nnc(C(F)(F)F)n32)C1)Cc1ccccc1,"CHEMBL3425746",3892,Done,3.22,-3.09131,"glide_grid_1X70",-5.58031,-1.61425,-0.474508,-0,-1.36663,-36.1834,-4.86206,0.474015,-0.0604559,-51.2248,-41.0454,8.9257
[NH3+][C@@H](CC(=O)N1CC[C@@H]2[C@@H](CCc3nnc(C(F)(F)F)n32)C1)Cc1cc(F)c(F)cc1F,"CHEMBL3425747",3893,Done,3.44,-8.38618,"glide_grid_1X70",-8.39508,-0.913415,-0.854721,-0,-2.02911,-32.5254,-20.4284,0.263779,-0.171077,-90.1162,-52.9538,6.09473
N[C@@H](CC(=O)N1CC[C@@H]2[C@@H](CCc3nnc(C(F)(F)F)n32)C1)Cc1cc(F)c(F)cc1F,"CHEMBL3425747",3894,Done,3.42,-2.22299,"glide_grid_1X70",-4.71199,-0.855166,-0.297181,-0,-1.42854,-35.0821,-3.92454,0.378329,-0.166649,-49.6378,-39.0067,5.91756
[NH3+][C@@H](CC(=O)N1CC[C@@H]2[C@H](CCc3nnc(C(F)(F)F)n32)C1)Cc1cc(F)c(F)cc1F,"CHEMBL3425748",3895,Done,3.41,-8.65148,"glide_grid_1X70",-8.66038,-1.3726,-0.556299,-0,-2.36645,-36.0419,-17.6669,0.263779,-0.176674,-90.3396,-53.7088,5.86491
N[C@@H](CC(=O)N1CC[C@@H]2[C@H](CCc3nnc(C(F)(F)F)n32)C1)Cc1cc(F)c(F)cc1F,"CHEMBL3425748",3896,Done,3.42,-3.27358,"glide_grid_1X70",-5.76258,-1.26795,-0.304,-0,-1.48159,-34.9487,-7.87282,0.378329,-0.159013,-55.8323,-42.8215,5.6476
CCc1nnc2n1[C@@H]1CCN(C(=O)C[C@H]([NH3+])Cc3cc(F)c(F)cc3F)C[C@@H]1CC2,"CHEMBL3425749",3897,Done,3.31,-8.57404,"glide_grid_1X70",-8.58294,-0.995627,-0.866913,-0,-2.26904,-31.5467,-20.1423,0.310794,-0.163476,-88.782,-51.689,4.99768
CCc1nnc2n1[C@@H]1CCN(C(=O)C[C@H](N)Cc3cc(F)c(F)cc3F)C[C@@H]1CC2,"CHEMBL3425749",3898,Done,3.66,-4.01245,"glide_grid_1X70",-6.50145,-1.06248,-0.773959,-0,-1.84296,-33.1267,-10.2233,0.445913,-0.0781306,-57.5005,-43.35,8.71321
CCc1nnc2n1[C@@H]1CCN(C(=O)C[C@H]([NH3+])Cc3cc(F)c(F)cc3F)C[C@H]1CC2,"CHEMBL3425750",3899,Done,3.71,-8.71524,"glide_grid_1X70",-8.72414,-1.33197,-0.559918,-0,-2.54436,-35.3924,-17.7491,0.310794,-0.166695,-88.3128,-53.1416,7.61851
CCc1nnc2n1[C@@H]1CCN(C(=O)C[C@H](N)Cc3cc(F)c(F)cc3F)C[C@H]1CC2,"CHEMBL3425750",3900,Done,3.28,-3.37507,"glide_grid_1X70",-5.86407,-1.21882,-0.366952,-0,-1.94632,-31.316,-7.31077,0.445913,-0.115483,-51.1068,-38.6267,5.03266
Cc1nnc(C(F)(F)F)n1C1CCN(C(=O)C[C@H](N)Cc2cc(F)c(F)cc2F)CC1,"CHEMBL3425753",3902,Done,5.69,-2.86474,"glide_grid_1X70",-5.34014,-1.21307,-0.304,-0,-1.61468,-29.2714,-7.36761,0.496165,-0.135855,-45.6564,-36.639,8.85511
[NH3+][C@@H](CC(=O)N1CC[C@@H]2[C@@H](Cc3nnc(C(F)(F)F)n32)C1)Cc1cc(F)c(F)cc1F,"CHEMBL3425754",3903,Done,3.54,-6.86001,"glide_grid_1X70",-6.86931,-1.04179,-0.4,-0,-2.16206,-26.6668,-14.6698,0.398555,-0.130214,-73.5414,-41.3365,3.83784
N[C@@H](CC(=O)N1CC[C@@H]2[C@@H](Cc3nnc(C(F)(F)F)n32)C1)Cc1cc(F)c(F)cc1F,"CHEMBL3425754",3904,Done,3.21,-2.63319,"glide_grid_1X70",-5.10059,-0.933317,-0.273081,-0,-1.50543,-28.8803,-8.36293,0.400189,-0.0904933,-47.452,-37.2433,4.58501
[NH3+][C@@H](CC(=O)N1CCn2c(nnc2C(F)(F)F)C1)[C@H]1CCc2cc(F)c(F)cc21,"CHEMBL3580775",3905,Done,3.15,-10.1258,"glide_grid_1X70",-10.1363,-1.12363,-0.875795,-0,-2.62718,-38.3735,-23.6298,0.239303,-0.285898,-105.385,-62.0032,4.87018
N[C@@H](CC(=O)N1CCn2c(nnc2C(F)(F)F)C1)[C@H]1CCc2cc(F)c(F)cc21,"CHEMBL3580775",3906,Done,3.37,-4.55197,"glide_grid_1X70",-6.94597,-1.05705,-0.556553,-0,-2.10338,-31.0497,-11.8689,0.343361,-0.239528,-57.4189,-42.9186,10.4857
[NH3+][C@@H](CC(=O)N1CC(=O)Nc2ccccc2C1)[C@H]1CCc2cc(F)c(F)cc21,"CHEMBL3580776",3907,Done,3.93,-9.82901,"glide_grid_1X70",-9.83871,-1.03491,-1.16615,-0,-2.4251,-35.0345,-22.9249,0.182487,-0.204574,-99.9806,-57.9594,6.0658
N[C@@H](CC(=O)N1CC(=O)Nc2ccccc2C1)[C@H]1CCc2cc(F)c(F)cc21,"CHEMBL3580776",3908,Done,3.7,-3.92489,"glide_grid_1X70",-6.36639,-1.33059,-0.304,-0,-1.88535,-42.3415,-5.5472,0.261921,-0.159213,-63.1392,-47.8888,5.79445
[NH3+][C@@H](CC(=O)N1CC(=O)Nc2cccnc2C1)[C@H]1CCc2cc(F)c(F)cc21,"CHEMBL3580777",3909,Done,3.48,-9.02711,"glide_grid_1X70",-9.03701,-1.08348,-0.812579,-0,-2.39932,-34.2092,-20.0864,0.181653,-0.199861,-91.9445,-54.2956,2.47459
N[C@@H](CC(=O)N1CC(=O)Nc2cccnc2C1)[C@H]1CCc2cc(F)c(F)cc21,"CHEMBL3580777",3910,Done,2.74,-3.71046,"glide_grid_1X70",-6.14146,-1.41483,-0.304,-0,-1.85665,-42.6781,-3.59975,0.26072,-0.152835,-61.3348,-46.2778,3.92069
[NH3+][C@@H](CC(=O)N1CC(=O)Nc2nccnc2C1)[C@H]1CCc2cc(F)c(F)cc21,"CHEMBL3580778",3911,Done,3.54,-9.54698,"glide_grid_1X70",-9.55698,-1.15161,-1.04042,-0,-2.39797,-33.46,-21.8516,0.180824,-0.197063,-93.4451,-55.3116,5.95608
N[C@@H](CC(=O)N1CC(=O)Nc2nccnc2C1)[C@H]1CCc2cc(F)c(F)cc21,"CHEMBL3580778",3912,Done,3.47,-1.26973,"glide_grid_1X70",-3.69233,-0.575706,-0.297309,-0,-0.768205,-22.9275,-7.51423,0.259528,-0.0371263,-36.3355,-30.4418,8.08758
[NH3+][C@@H](CC(=O)N1CC(=O)Nc2cc(F)ccc2C1)[C@H]1CCc2cc(F)c(F)cc21,"CHEMBL3580779",3913,Done,3.81,-9.28566,"glide_grid_1X70",-9.29536,-1.49402,-0.877025,-0,-2.07,-36.486,-20.0197,0.16815,-0.195203,-94.0093,-56.5057,5.5976
N[C@@H](CC(=O)N1CC(=O)Nc2cc(F)ccc2C1)[C@H]1CCc2cc(F)c(F)cc21,"CHEMBL3580779",3914,Done,3.17,-5.11889,"glide_grid_1X70",-7.56039,-1.03244,-1.08156,-0,-1.85401,-35.4316,-13.0598,0.241297,-0.103134,-65.9757,-48.4913,10.6474
COc1ccc2c(c1)NC(=O)CN(C(=O)C[C@H]([NH3+])[C@H]1CCc3cc(F)c(F)cc31)C2,"CHEMBL3580780",3915,Done,3.92,-9.56376,"glide_grid_1X70",-9.57346,-1.18916,-1.04031,-0,-2.2336,-36.0362,-22.3407,0.239227,-0.196705,-101.156,-58.3769,5.1161
COc1ccc2c(c1)NC(=O)CN(C(=O)C[C@H](N)[C@H]1CCc3cc(F)c(F)cc31)C2,"CHEMBL3580780",3916,Done,3.23,-3.31496,"glide_grid_1X70",-5.75646,-1.28056,-0.584732,-0,-1.54672,-35.2082,-5.21866,0.343253,-0.144487,-53.4722,-40.4269,8.22664
[NH3+][C@@H](CC(=O)N1CC(=O)Nc2cc(C(F)(F)F)ccc2C1)[C@H]1CCc2cc(F)c(F)cc21,"CHEMBL3580781",3917,Done,4.77,-8.03888,"glide_grid_1X70",-8.04858,-1.17854,-0.479587,-0,-1.97388,-37.3909,-16.6154,0.204221,-0.258934,-87.0593,-54.0063,6.25975
N[C@@H](CC(=O)N1CC(=O)Nc2cc(C(F)(F)F)ccc2C1)[C@H]1CCc2cc(F)c(F)cc21,"CHEMBL3580781",3918,Done,4.04,-4.45416,"glide_grid_1X70",-6.89566,-1.13683,-1.08266,-0,-1.47451,-34.9909,-10.9825,0.292926,-0.0976636,-62.0735,-45.9734,8.25171
[NH3+][C@@H](CC(=O)N1CC(=O)Nc2cc(Br)ccc2C1)[C@H]1CCc2cc(F)c(F)cc21,"CHEMBL3580782",3919,Done,3.36,-9.60414,"glide_grid_1X70",-9.61384,-1.10275,-1.17584,-0,-1.93757,-37.1096,-23.126,0.130396,-0.203692,-103.051,-60.2356,5.74947
N[C@@H](CC(=O)N1CC(=O)Nc2cc(Br)ccc2C1)[C@H]1CCc2cc(F)c(F)cc21,"CHEMBL3580782",3920,Done,3.33,-4.38046,"glide_grid_1X70",-6.82196,-1.30765,-0.777435,-0,-1.28759,-36.1968,-11.5065,0.187017,-0.100485,-63.7937,-47.7033,8.27956
N#Cc1ccc2c(c1)NC(=O)CN(C(=O)C[C@H]([NH3+])[C@H]1CCc3cc(F)c(F)cc31)C2,"CHEMBL3580783",3921,Done,2.59,-9.88855,"glide_grid_1X70",-9.89875,-1.07919,-1.13716,-0,-2.36099,-37.735,-23.1809,0.24452,-0.20204,-103.886,-60.9159,8.6156
N#Cc1ccc2c(c1)NC(=O)CN(C(=O)C[C@H](N)[C@H]1CCc3cc(F)c(F)cc31)C2,"CHEMBL3580783",3922,Done,2.75,-3.92546,"glide_grid_1X70",-6.33496,-1.32182,-0.306247,-0,-1.69881,-44.2582,-6.46729,0.350863,-0.175942,-65.9567,-50.7255,6.29539
[NH3+][C@@H](CC(=O)N1CC(=O)Nc2cc(F)c(F)cc2C1)[C@H]1CCc2cc(F)c(F)cc21,"CHEMBL3580784",3923,Done,4.3,-8.76784,"glide_grid_1X70",-8.77754,-1.07872,-0.847902,-0,-2.28875,-37.6643,-17.769,0.155444,-0.169049,-93.3676,-55.4333,5.38976
N[C@@H](CC(=O)N1CC(=O)Nc2cc(F)c(F)cc2C1)[C@H]1CCc2cc(F)c(F)cc21,"CHEMBL3580784",3924,Done,3.41,-5.07315,"glide_grid_1X70",-7.51465,-1.07902,-1.08063,-0,-1.74077,-33.7539,-13.6473,0.223025,-0.10247,-64.4372,-47.4012,10.6303
[NH3+][C@@H](CC(=O)N1CCNc2ccccc2C1)[C@H]1CCc2cc(F)c(F)cc21,"CHEMBL3580785",3925,Done,3.18,-8.23115,"glide_grid_1X70",-8.23935,-1.20127,-0.497493,-0,-2.50027,-35.3019,-14.9074,0.194943,-0.234063,-83.5304,-50.2093,2.94188
N[C@@H](CC(=O)N1CCNc2ccccc2C1)[C@H]1CCc2cc(F)c(F)cc21,"CHEMBL3580785",3926,Done,3.2,-3.18941,"glide_grid_1X70",-5.73241,-1.23642,-0.605926,-0,-1.75937,-26.8153,-6.04762,0.279843,-0.162624,-40.0068,-32.8629,13.4391
[NH3+][C@@H](CC(=O)N1CCNc2cc(F)ccc2C1)[C@H]1CCc2cc(F)c(F)cc21,"CHEMBL3580786",3927,Done,3.05,-9.02298,"glide_grid_1X70",-9.03118,-1.05754,-0.885874,-0,-2.4598,-33.8157,-19.6165,0.179139,-0.173851,-91.6329,-53.4321,2.41983
N[C@@H](CC(=O)N1CCNc2cc(F)ccc2C1)[C@H]1CCc2cc(F)c(F)cc21,"CHEMBL3580786",3928,Done,3.05,-0.62686,"glide_grid_1X70",-3.16986,-0.435887,-0.165441,-0,-0.878692,-27.3906,-3.48824,0.257103,-0.0541779,-34.9884,-30.8788,7.0835
[NH3+][C@@H](CC(=O)N1CCNc2cc(C(F)(F)F)ccc2C1)[C@H]1CCc2cc(F)c(F)cc21,"CHEMBL3580787",3929,Done,3.57,-7.35673,"glide_grid_1X70",-7.36493,-1.15834,-0.4,-0,-1.99561,-35.6274,-12.9273,0.216157,-0.306667,-74.8495,-48.5547,6.23273
N[C@@H](CC(=O)N1CCNc2cc(C(F)(F)F)ccc2C1)[C@H]1CCc2cc(F)c(F)cc21,"CHEMBL3580787",3930,Done,3.6,-3.45363,"glide_grid_1X70",-5.99663,-1.27573,-0.688703,-0,-1.35999,-30.4457,-8.80793,0.310083,-0.138818,-49.0323,-39.2537,8.96628
CN1C(=O)CN(C(=O)C[C@H]([NH3+])[C@H]2CCc3cc(F)c(F)cc32)Cc2ccccc21,"CHEMBL3580788",3931,Done,2.58,-9.7635,"glide_grid_1X70",-9.7731,-1.06487,-1.14967,-0,-2.38268,-36.1762,-22.7846,0.256739,-0.206123,-101.684,-58.9608,5.42029
CN1C(=O)CN(C(=O)C[C@H](N)[C@H]2CCc3cc(F)c(F)cc32)Cc2ccccc21,"CHEMBL3580788",3932,Done,2.62,-2.96757,"glide_grid_1X70",-5.41497,-1.26278,-0.402082,-0,-1.71095,-32.4935,-4.51462,0.368438,-0.10573,-48.4033,-37.0081,6.95872
CN1C(=O)CN(C(=O)C[C@H]([NH3+])[C@H]2CCc3cc(F)c(F)cc32)Cc2ccc(F)cc21,"CHEMBL3580789",3933,Done,2.47,-9.82008,"glide_grid_1X70",-9.82978,-1.09355,-1.14793,-0,-2.31502,-36.7589,-23.1038,0.237175,-0.20694,-102.3,-59.8628,7.4238
CN1C(=O)CN(C(=O)C[C@H](N)[C@H]2CCc3cc(F)c(F)cc32)Cc2ccc(F)cc21,"CHEMBL3580789",3934,Done,2.68,-4.93789,"glide_grid_1X70",-7.38169,-1.42921,-0.776714,-0,-1.63884,-35.5896,-12.8479,0.340301,-0.170564,-66.2044,-48.4375,9.42457
CCN1C(=O)CN(C(=O)C[C@H]([NH3+])[C@H]2CCc3cc(F)c(F)cc32)Cc2ccccc21,"CHEMBL3580790",3935,Done,3.45,-8.91973,"glide_grid_1X70",-8.92933,-1.10467,-0.890433,-0,-2.25897,-33.8432,-20.1698,0.241288,-0.198924,-89.4432,-54.013,3.74614
CCN1C(=O)CN(C(=O)C[C@H](N)[C@H]2CCc3cc(F)c(F)cc32)Cc2ccccc21,"CHEMBL3580790",3936,Done,4.29,-1.02,"glide_grid_1X70",-3.4692,-0.722035,-0.454096,-0,-0.964335,-9.16672,-7.56348,0.346216,-0.0820894,-18.619,-16.7302,15.0143
CC(C)N1C(=O)CN(C(=O)C[C@H]([NH3+])[C@H]2CCc3cc(F)c(F)cc32)Cc2ccccc21,"CHEMBL3580791",3937,Done,3.13,-9.58486,"glide_grid_1X70",-9.59436,-1.05235,-1.1281,-0,-2.12302,-35.3877,-23.5728,0.227195,-0.212781,-101.37,-58.9605,3.92298
CC(C)N1C(=O)CN(C(=O)C[C@H](N)[C@H]2CCc3cc(F)c(F)cc32)Cc2ccccc21,"CHEMBL3580791",3938,Done,3.88,-0.729726,"glide_grid_1X70",-3.18133,-0.565605,-0.365466,-0,-0.528407,-26.7127,-4.2509,0.325951,-0.0745324,-34.6102,-30.9636,9.7854
CCOC(=O)CN1C(=O)CN(C(=O)C[C@H]([NH3+])[C@H]2CCc3cc(F)c(F)cc32)Cc2ccccc21,"CHEMBL3580792",3939,Done,7.07,-8.23546,"glide_grid_1X70",-8.24526,-1.45575,-0.523377,-0,-1.82508,-42.0445,-16.464,0.380392,-0.249619,-94.2241,-58.5085,5.73962
CC#CCn1c(N2CC[NH2+]CC2)nc2c1c(=O)n(Cc1nc(C)c3ccccc3n1)c(=O)n2C,"CHEMBL3616890",3941,Done,3.01,-5.28374,"glide_grid_1X70",-5.31044,-0.412164,-0.4,-0,-1.2608,-32.6286,-11.947,0.333509,-0.147498,-63.9411,-44.5756,4.62471
CC#CCn1c(N2CC[NH2+]CC2)nc2c1c(=O)n(Cc1ncc3ccccc3n1)c(=O)n2C,"CHEMBL3616900",3944,Done,2.93,-5.28117,"glide_grid_1X70",-5.30787,-0.63594,-0.4,-0,-1.09612,-33.9903,-12.2524,0.504079,-0.142511,-66.0115,-46.2427,1.91536
CC#CCn1c(N2CC[NH2+]CC2)nc2c1c(=O)n(Cc1ccc3ccccc3n1)c(=O)n2C,"CHEMBL3616902",3946,Done,3.01,-5.60234,"glide_grid_1X70",-5.63784,-0.685394,-0.4,-0,-1.30301,-33.7154,-11.8263,0.354282,-0.144003,-67.553,-45.5418,2.19603
CC#CCn1c(N2CC[NH2+]CC2)nc2c1c(=O)n(Cc1ccc3ccccc3[nH+]1)c(=O)n2C,"CHEMBL3616902",3948,Done,3.12,-3.66329,"glide_grid_1X70",-6.18799,-0.660155,-0.457707,-0,-1.32867,-30.7638,-15.9668,0.352827,-0.16106,-71.361,-46.7307,1.68498
CC#CCn1c(N2CC[NH2+]CC2)nc2c1c(=O)n(Cc1ccc3ccccc3c1)c(=O)n2C,"CHEMBL3616903",3949,Done,3.95,-5.24532,"glide_grid_1X70",-5.27202,-0.672664,-0.4,-0,-1.24179,-32.0356,-10.4378,0.355716,-0.145845,-62.2287,-42.4733,2.65921
CC#CCn1c(N2CC[NH2+]CC2)nc2c1c(=O)n(Cc1ccccc1)c(=O)n2C,"CHEMBL3616904",3951,Done,2.76,-5.19044,"glide_grid_1X70",-5.21714,-0.786007,-0.4,-0,-1.33109,-31.9039,-10.6224,0.630927,-0.142422,-60.6701,-42.5263,1.85034
CC#CCn1c(N2CC[NH2+]CC2)nc2c1c(=O)n(Cc1cccc(C#N)c1)c(=O)n2C,"CHEMBL3616905",3953,Done,3.09,-5.58218,"glide_grid_1X70",-5.60888,-0.647536,-0.455681,-0,-1.57592,-31.4721,-10.6108,0.395224,-0.159752,-63.1496,-42.0828,3.08436
CC#CCn1c(N2CC[NH2+]CC2)nc2c1c(=O)n(Cc1ccc(-c3ccccc3C#N)cc1)c(=O)n2C,"CHEMBL3616906",3955,Done,3.79,-5.30306,"glide_grid_1X70",-5.32976,-0.3595,-0.503011,-0,-0.84795,-28.3957,-16.0745,0.349936,-0.138278,-63.1873,-44.4702,4.47876
CC#CCn1c(N2CC[NH2+]CC2)nc2c1c(=O)n(Cc1ccc(-n3cccn3)cc1)c(=O)n2C,"CHEMBL3616908",3957,Done,3.96,-4.83737,"glide_grid_1X70",-4.86407,-0.0350439,-0.557498,-0,-0.830613,-29.5248,-16.0154,0.57173,-0.134094,-63.5967,-45.5402,3.17693
CC#CCn1c(N2CCC[C@@H]([NH3+])C2)nc2c1c(=O)n(C(C)C)c(=O)n2C,"CHEMBL3616913",3959,Done,2.57,-6.14922,"glide_grid_1X70",-6.15172,-0.441624,-0.38051,-0,-1.78032,-26.1968,-17.2428,0.445061,-0.0980667,-65.6184,-43.4396,0.441991
O=C(Nc1ccc(F)cc1)c1cnn(-c2ccccc2)c1NC(=O)C(F)(F)F,"CHEMBL3618140",3969,Done,3.79,-0.530944,"glide_grid_1X70",-0.530944,-1.35899,-0.265225,-0,2.07284,-11.5401,-3.46468,0.532786,-0.415648,1.93469,-15.0047,20.6404
CC[C@@H](C)[C@H]([NH3+])C(=O)N1CCC[C@H]1C#N,"CHEMBL3632864",3970,Done,2.21,-5.65366,"glide_grid_1X70",-5.99406,-0.307105,-0.713977,-0,-2.24191,-16.5826,-18.9707,1.12637,-0.182696,-56.9248,-35.5534,2.42492
CC[C@@H](C)[C@H](N)C(=O)N1CCC[C@H]1C#N,"CHEMBL3632864",3971,Done,2.3,-3.44289,"glide_grid_1X70",-3.93339,-0.403812,-0.469868,-0,-2.08597,-18.3425,-7.12129,1.13548,-0.123905,-31.0112,-25.4638,2.23511
CC[C@@H](C)[C@H]([NH3+])C(=O)N1C[C@@H](F)C[C@H]1C#N,"CHEMBL3632865",3972,Done,2.28,-6.76696,"glide_grid_1X70",-7.17236,-0.745572,-0.492075,-0,-3.24836,-21.5175,-14.1439,0.686519,-0.175402,-60.2801,-35.6614,4.45534
CC[C@@H](C)[C@H](N)C(=O)N1C[C@@H](F)C[C@H]1C#N,"CHEMBL3632865",3973,Done,2.03,-4.04074,"glide_grid_1X70",-4.45674,-0.632134,-0.34751,-0,-2.65537,-21.1407,-4.6072,0.988124,-0.0617365,-33.387,-25.7479,2.61324
CC[C@@H](C)[C@H]([NH3+])C(=O)N1C[C@H](F)C[C@H]1C#N,"CHEMBL3632866",3974,Done,2.44,-6.50922,"glide_grid_1X70",-6.91462,-0.817634,-0.419106,-0,-3.16518,-20.8056,-13.3302,0.686519,-0.159398,-58.6998,-34.1358,3.38648
CC[C@@H](C)[C@H](N)C(=O)N1C[C@H](F)C[C@H]1C#N,"CHEMBL3632866",3975,Done,2.21,-3.65696,"glide_grid_1X70",-4.07296,-0.230425,-0.54714,-0,-1.91475,-18.9969,-8.16676,0.988124,-0.193903,-32.7369,-27.1636,3.85373
CC[C@@H](C)[C@H](N)C(=O)N1CC(F)(F)C[C@H]1C#N,"CHEMBL3632867",3976,Done,2.15,-3.94447,"glide_grid_1X70",-4.27727,-0.84129,-0.304,-0,-2.37212,-22.1118,-2.97201,0.867935,-0.0764055,-31.6077,-25.0838,2.79906
CC[C@@H](C)[C@H]([NH3+])C(=O)N1CC(F)(F)C[C@H]1C#N,"CHEMBL3632867",3977,Done,2.16,-6.28215,"glide_grid_1X70",-6.78245,-0.832084,-0.468691,-0,-2.8535,-20.1769,-13.6818,0.603307,-0.170361,-57.817,-33.8587,4.51156
[NH3+][C@H]1C[C@@H](N2Cc3cnc(C(F)(F)F)nc3C2)CS[C@H]1c1cc(F)ccc1F,"CHEMBL3639433",3978,Done,2.57,-5.11295,"glide_grid_1X70",-5.26285,-0.13781,-0.4,-0,-0.801819,-24.5654,-17.9437,0.226871,-0.230266,-54.8733,-42.5091,11.4761
[NH3+][C@H]1C[C@@H]([N@H+]2Cc3cnc(C(F)(F)F)nc3C2)CS[C@H]1c1cc(F)ccc1F,"CHEMBL3639433",3979,Done,2.83,-5.63773,"glide_grid_1X70",-7.05193,-0.6895,-0.461108,-0,-0.781171,-30.5505,-22.6275,0.225884,-0.424384,-72.4084,-53.178,23.6118
N[C@H]1C[C@@H](N2Cc3cnc(C(F)(F)F)nc3C2)CS[C@H]1c1cc(F)ccc1F,"CHEMBL3639433",3980,Done,2.59,-1.59096,"glide_grid_1X70",-3.03866,-0.173935,-0.346462,-0,-0.656657,-15.9992,-7.76782,0.227864,-0.124334,-26.1518,-23.7671,8.92507
N[C@H]1C[C@@H]([N@H+]2Cc3cnc(C(F)(F)F)nc3C2)CS[C@H]1c1cc(F)ccc1F,"CHEMBL3639433",3981,Done,2.6,-3.57455,"glide_grid_1X70",-5.41435,-0.660843,-0.478639,-0,-0.563043,-27.5919,-15.0473,0.226871,-0.302001,-56.0365,-42.6392,4.17162
C[C@H](NC(=O)[C@H](C)[NH3+])B(O)O,"CHEMBL3639856",3982,Done,2.67,-6.96554,"glide_grid_1X70",-7.28614,0,-0.753313,-0,-2.78,-12.9983,-27.6632,1.22454,-0.327459,-67.7482,-40.6615,5.85354
C[C@H](NC(=O)[C@H](C)N)B(O)O,"CHEMBL3639856",3983,Done,2.54,-4.04942,"glide_grid_1X70",-4.56632,0,-0.677771,-0,-2.24808,-12.8257,-16.9508,1.7672,-0.223762,-39.262,-29.7765,4.13898
[NH3+][C@H]1C[C@@H]([N@@H+]2Cc3c[nH]nc3C2)CS[C@H]1c1cc(F)ccc1F,"CHEMBL3644451",3984,Done,1.93,-5.71873,"glide_grid_1X70",-6.43323,-0.308532,-0.380234,-0,-1.3413,-26.8087,-21.4292,0.330256,-0.178597,-72.2755,-48.2379,3.11605
[NH3+][C@H]1C[C@@H]([N@@H+]2Cc3cn[nH]c3C2)CS[C@H]1c1cc(F)ccc1F,"CHEMBL3644451",3985,Done,2.2,-6.50974,"glide_grid_1X70",-7.22844,-0.233064,-0.556266,-0,-1.70948,-21.3358,-24.482,0.231179,-0.221719,-74.8792,-45.8178,6.92803
N[C@H]1C[C@@H]([N@@H+]2Cc3cn[nH]c3C2)CS[C@H]1c1cc(F)ccc1F,"CHEMBL3644451",3986,Done,1.76,-4.61631,"glide_grid_1X70",-5.61851,-0.279166,-0.565558,-0,-1.10856,-25.8231,-17.5285,0.332006,-0.0767998,-49.714,-43.3516,22.5811
N[C@H]1C[C@@H]([N@@H+]2Cc3c[nH]nc3C2)CS[C@H]1c1cc(F)ccc1F,"CHEMBL3644451",3987,Done,1.92,-3.25913,"glide_grid_1X70",-4.26553,-0.253906,-0.259421,-0,-1.10856,-23.8577,-11.4447,0.332006,-0.0660614,-37.1671,-35.3024,21.369
[NH3+][C@H]1C[C@@H](N2Cc3c[nH]nc3C2)CS[C@H]1c1cc(F)ccc1F,"CHEMBL3644451",3988,Done,1.86,-3.28039,"glide_grid_1X70",-5.65649,-0.190244,-0.4,-0,-1.54418,-22.7972,-17.5581,0.332006,-0.0804909,-55.574,-40.3553,8.94274
[NH3+][C@H]1C[C@@H](N2Cc3cn[nH]c3C2)CS[C@H]1c1cc(F)ccc1F,"CHEMBL3644451",3989,Done,2.15,-4.59861,"glide_grid_1X70",-6.97891,-0.334943,-0.681426,-0,-1.34511,-25.6105,-23.3046,0.332006,-0.173226,-71.6074,-48.9151,12.0949
[NH3+][C@H]1C[C@@H]([N@@H+]2Cc3c[nH]nc3C2)CS[C@H]1c1cc(F)cc(F)c1F,"CHEMBL3644452",3990,Done,2.09,-6.00417,"glide_grid_1X70",-6.71867,-0.443893,-0.405433,-0,-1.20744,-26.868,-22.8203,0.301225,-0.196684,-75.3951,-49.6883,2.71635
[NH3+][C@H]1C[C@@H]([N@@H+]2Cc3cn[nH]c3C2)CS[C@H]1c1cc(F)cc(F)c1F,"CHEMBL3644452",3991,Done,2.08,-7.20283,"glide_grid_1X70",-7.92153,-0.252179,-0.559014,-0,-2.12982,-19.6672,-26.5203,0.210857,-0.229967,-79.4773,-46.1876,5.82399
N[C@H]1C[C@@H]([N@@H+]2Cc3cn[nH]c3C2)CS[C@H]1c1cc(F)cc(F)c1F,"CHEMBL3644452",3992,Done,1.86,-4.78444,"glide_grid_1X70",-5.78664,-0.247839,-0.560278,-0,-0.988844,-26.7338,-19.2075,0.302748,-0.0746148,-52.6499,-45.9413,22.5383
N[C@H]1C[C@@H]([N@@H+]2Cc3c[nH]nc3C2)CS[C@H]1c1cc(F)cc(F)c1F,"CHEMBL3644452",3993,Done,1.92,-3.99222,"glide_grid_1X70",-4.99862,-0.325056,-0.402739,-0,-1.28861,-16.7896,-15.4941,0.302748,-0.121371,-44.9068,-32.2837,2.60745
[NH3+][C@H]1C[C@@H](N2Cc3c[nH]nc3C2)CS[C@H]1c1cc(F)cc(F)c1F,"CHEMBL3644452",3994,Done,1.94,-4.32352,"glide_grid_1X70",-6.69962,-0.319547,-0.557381,-0,-1.90455,-21.013,-19.1961,0.211923,-0.2,-58.3365,-40.2091,10.353
[NH3+][C@H]1C[C@@H](N2Cc3cn[nH]c3C2)CS[C@H]1c1cc(F)cc(F)c1F,"CHEMBL3644452",3995,Done,1.97,-3.45705,"glide_grid_1X70",-5.83735,-0.174643,-0.340067,-0,-1.41177,-22.2608,-19.2007,0.302748,-0.220475,-56.4501,-41.4615,10.1801
N[C@H]1C[C@@H]([N@@H+]2Cc3cn[nH]c3C2)C[S@@](=O)[C@H]1c1cc(F)cc(F)c1F,"CHEMBL3644453",3996,Done,1.81,-5.42882,"glide_grid_1X70",-6.06872,-0.27452,-0.720482,-0,-1.30956,-16.0259,-20.3991,0.279873,-0.182873,-51.7623,-36.425,5.39427
N[C@H]1C[C@@H]([N@@H+]2Cc3c[nH]nc3C2)C[S@@](=O)[C@H]1c1cc(F)cc(F)c1F,"CHEMBL3644453",3997,Done,1.73,-5.52691,"glide_grid_1X70",-6.17011,-0.310655,-0.734108,-0,-1.21176,-17.0352,-21.0639,0.279873,-0.182123,-50.8358,-38.099,12.5336
[NH3+][C@H]1C[C@@H]([N@@H+]2Cc3c[nH]nc3C2)C[S@@](=O)[C@H]1c1cc(F)cc(F)c1F,"CHEMBL3644453",3998,Done,1.83,-5.73018,"glide_grid_1X70",-6.93878,-0.183854,-0.525165,-0,-1.15395,-23.283,-26.0019,0.27852,-0.289896,-76.2146,-49.2849,2.9959
[NH3+][C@H]1C[C@@H]([N@@H+]2Cc3cn[nH]c3C2)C[S@@](=O)[C@H]1c1cc(F)cc(F)c1F,"CHEMBL3644453",3999,Done,1.82,-5.88414,"glide_grid_1X70",-7.09864,-0.213426,-0.526345,-0,-1.37582,-22.2001,-25.9216,0.27852,-0.26332,-74.1091,-48.1218,4.55958
[NH3+][C@H]1C[C@@H](N2Cc3c[nH]nc3C2)C[S@@](=O)[C@H]1c1cc(F)cc(F)c1F,"CHEMBL3644453",4000,Done,1.72,-3.66278,"glide_grid_1X70",-5.99028,-0.286421,-0.468258,-0,-1.18076,-24.793,-18.8565,0.279873,-0.266597,-64.3526,-43.6495,2.17575
[NH3+][C@H]1C[C@@H](N2Cc3cn[nH]c3C2)C[S@@](=O)[C@H]1c1cc(F)cc(F)c1F,"CHEMBL3644453",4001,Done,1.75,-4.14003,"glide_grid_1X70",-6.47763,-0.278244,-0.620049,-0,-1.40157,-24.1233,-20.4843,0.279873,-0.178831,-66.5105,-44.6076,1.835
N[C@H]1C[C@@H](N2Cc3cn[nH]c3C2)C[S@@](=O)[C@H]1c1cc(F)cc(F)c1F,"CHEMBL3644453",4002,Done,1.6,-2.55709,"glide_grid_1X70",-5.15429,-0.418346,-0.751803,-0,-1.2555,-14.7196,-14.5043,0.281236,-0.0982571,-39.6799,-29.2239,4.1656
N[C@H]1C[C@@H](N2Cc3c[nH]nc3C2)C[S@@](=O)[C@H]1c1cc(F)cc(F)c1F,"CHEMBL3644453",4003,Done,1.73,-2.2656,"glide_grid_1X70",-4.8653,-0.286754,-0.549074,-0,-1.21578,-20.5491,-12.9973,0.281236,-0.117882,-42.6423,-33.5464,3.65717
N[C@H]1C[C@@H]([N@H+]2Cc3c[nH]nc3C2)CS(=O)(=O)[C@H]1c1cc(F)cc(F)c1F,"CHEMBL3644454",4004,Done,1.78,-2.66981,"glide_grid_1X70",-3.12471,-0.219663,-0.0212823,-0,-1.08376,11.1437,-15.7946,0.259507,-0.247506,-13.2438,-4.65088,4.19822
N[C@H]1C[C@@H]([N@H+]2Cc3cn[nH]c3C2)CS(=O)(=O)[C@H]1c1cc(F)cc(F)c1F,"CHEMBL3644454",4005,Done,1.8,-2.49209,"glide_grid_1X70",-2.94699,-0.099657,-0.120647,-0,-1.06317,-18.0613,-5.13985,0.259507,-0.248976,-29.752,-23.2012,5.32041
N[C@H]1C[C@@H](N2Cc3cn[nH]c3C2)CS(=O)(=O)[C@H]1c1cc(F)cc(F)c1F,"CHEMBL3644454",4007,Done,1.77,-1.33559,"glide_grid_1X70",-3.30579,-0.331166,-0.299113,-0,-0.774728,-18.5656,-7.35069,0.260723,-0.130622,-33.0079,-25.9163,2.80867
CC(C)(O)Cn1cc2c(n1)C[N@H+]([C@H]1CS[C@@H](c3cc(F)cc(F)c3F)[C@@H]([NH3+])C1)C2,"CHEMBL3644455",4008,Done,5.91,-5.98155,"glide_grid_1X70",-6.26245,-0.316991,-0.0279968,-0,-1.43355,-22.3011,-22.9517,0.3029,-0.228996,-68.3539,-45.2528,6.68694
CS(=O)(=O)n1cc2c(n1)CN([C@H]1CS[C@@H](c3cc(F)cc(F)c3F)[C@@H]([NH3+])C1)C2,"CHEMBL3644456",4010,Done,2.56,-4.75107,"glide_grid_1X70",-5.15647,-0.0598669,-0.4,-0,-0.679549,-23.3037,-19.3626,0.211877,-0.159354,-60.1172,-42.6663,3.48602
CS(=O)(=O)n1cc2c(n1)C[N@H+]([C@H]1CS[C@@H](c3cc(F)cc(F)c3F)[C@@H]([NH3+])C1)C2,"CHEMBL3644456",4011,Done,2.68,-6.71907,"glide_grid_1X70",-7.40277,-0.286574,-0.557209,-0,-1.40839,-22.0927,-26.4226,0.147691,-0.230265,-76.9999,-48.5153,5.0505
CS(=O)(=O)n1cc2c(n1)C[N@H+]([C@H]1CS[C@@H](c3cc(F)cc(F)c3F)[C@@H](N)C1)C2,"CHEMBL3644456",4012,Done,2.27,-2.65729,"glide_grid_1X70",-3.87969,-0.187722,-0.353514,-0,-0.686625,-14.7712,-13.1122,0.211877,-0.158323,-37.9018,-27.8833,4.78552
CS(=O)(=O)n1cc2c(n1)CN([C@H]1CS[C@@H](c3cc(F)cc(F)c3F)[C@@H](N)C1)C2,"CHEMBL3644456",4013,Done,2.36,-2.48094,"glide_grid_1X70",-4.22004,-0.302419,-0.407137,-0,-0.941158,-21.6402,-10.5746,0.212773,-0.113897,-40.4274,-32.2148,5.14418
CC(C)(F)Cn1cc2c(n1)C[N@H+]([C@H]1CS[C@@H](c3cc(F)cc(F)c3F)[C@@H](N)C1)C2,"CHEMBL3644457",4015,Done,2.86,-4.31686,"glide_grid_1X70",-4.89396,-0.31884,-0.381146,-0,-0.879933,-17.4181,-17.5303,0.323192,-0.136779,-48.0636,-34.9484,4.67703
CS(=O)(=O)n1cc2c(n1)CN([C@H]1CS[C@@H](c3cc(F)ccc3F)[C@@H]([NH3+])C1)C2,"CHEMBL3644458",4016,Done,2.57,-4.95071,"glide_grid_1X70",-5.35611,-0.177286,-0.38738,-0,-0.80148,-26.3132,-17.7096,0.228766,-0.246621,-58.8172,-44.0229,11.0505
CS(=O)(=O)n1cc2c(n1)C[N@H+]([C@H]1CS[C@@H](c3cc(F)ccc3F)[C@@H]([NH3+])C1)C2,"CHEMBL3644458",4017,Done,2.67,-6.06649,"glide_grid_1X70",-6.75019,-0.245985,-0.555596,-0,-1.17004,-23.0731,-23.7272,0.159437,-0.225272,-71.7625,-46.8003,6.02397
CS(=O)(=O)n1cc2c(n1)C[N@H+]([C@H]1CS[C@@H](c3cc(F)ccc3F)[C@@H](N)C1)C2,"CHEMBL3644458",4018,Done,2.26,-3.43194,"glide_grid_1X70",-4.65434,-0.26932,-0.390155,-0,-0.678059,-22.07,-15.4837,0.228766,-0.119525,-50.747,-37.5537,3.53122
CS(=O)(=O)n1cc2c(n1)CN([C@H]1CS[C@@H](c3cc(F)ccc3F)[C@@H](N)C1)C2,"CHEMBL3644458",4019,Done,2.44,-1.97499,"glide_grid_1X70",-3.71409,-0.297396,-0.304,-0,-0.651399,-26.8917,-8.2447,0.229771,-0.109774,-42.1297,-35.1364,3.5952
NC(=O)c1[nH]nc2c1CN([C@H]1CS[C@@H](c3cc(F)ccc3F)[C@@H]([NH3+])C1)C2,"CHEMBL3644459",4020,Done,2.43,-5.56893,"glide_grid_1X70",-6.13183,-0.374458,-0.543087,-0,-1.04021,-30.7915,-17.6849,0.268088,-0.249849,-65.0003,-48.4765,11.6112
NC(=O)c1n[nH]c2c1CN([C@H]1CS[C@@H](c3cc(F)ccc3F)[C@@H]([NH3+])C1)C2,"CHEMBL3644459",4021,Done,2.75,-6.61866,"glide_grid_1X70",-7.26116,-0.229538,-0.998979,-0,-1.04598,-28.3286,-24.2615,0.268088,-0.199091,-75.4092,-52.5901,18.3113
NC(=O)c1n[nH]c2c1C[N@H+]([C@H]1CS[C@@H](c3cc(F)ccc3F)[C@@H]([NH3+])C1)C2,"CHEMBL3644459",4022,Done,2.75,-6.11899,"glide_grid_1X70",-7.55269,-0.195826,-1.00655,-0,-1.04089,-27.3928,-29.7286,0.26682,-0.206604,-80.8119,-57.1214,12.1723
NC(=O)c1[nH]nc2c1C[N@H+]([C@H]1CS[C@@H](c3cc(F)ccc3F)[C@@H]([NH3+])C1)C2,"CHEMBL3644459",4023,Done,2.67,-5.51158,"glide_grid_1X70",-6.96148,-0.209635,-0.558784,-0,-1.56618,-20.2417,-23.8856,0.186774,-0.218728,-67.3633,-44.1273,8.46491
NC(=O)c1n[nH]c2c1C[N@H+]([C@H]1CS[C@@H](c3cc(F)ccc3F)[C@@H](N)C1)C2,"CHEMBL3644459",4024,Done,2.76,-2.20792,"glide_grid_1X70",-4.17582,-0.00135301,-0.291885,-0,-0.815206,-24.9643,-11.9967,0.268088,-0.287743,-49.479,-36.961,1.79683
NC(=O)c1n[nH]c2c1CN([C@H]1CS[C@@H](c3cc(F)ccc3F)[C@@H](N)C1)C2,"CHEMBL3644459",4025,Done,2.39,-1.97402,"glide_grid_1X70",-3.98662,-0.765763,-0.286939,-0,-1.0105,-30.0936,-3.42866,0.269366,-0.17381,-39.7554,-33.5223,8.51515
NC(=O)c1[nH]nc2c1CN([C@H]1CS[C@@H](c3cc(F)ccc3F)[C@@H](N)C1)C2,"CHEMBL3644459",4026,Done,2.2,-3.2259,"glide_grid_1X70",-5.3018,-0.891633,-0.538515,-0,-0.886581,-29.1621,-9.90576,0.269366,-0.310469,-48.4465,-39.0679,11.2068
N#Cc1n[nH]c2c1CN([C@H]1CS[C@@H](c3cc(F)ccc3F)[C@@H]([NH3+])C1)C2,"CHEMBL3644460",4027,Done,2.06,-5.50891,"glide_grid_1X70",-5.60851,-0.170894,-0.319245,-0,-1.21276,-25.1145,-17.8663,0.292378,-0.262311,-56.4661,-42.9808,11.2279
N#Cc1n[nH]c2c1CN([C@H]1CS[C@@H](c3cc(F)ccc3F)[C@@H](N)C1)C2,"CHEMBL3644460",4028,Done,1.67,-3.23265,"glide_grid_1X70",-4.89385,-0.3849,-0.548259,-0,-0.95667,-27.9507,-12.2084,0.293834,-0.0690593,-47.9713,-40.1591,8.24273
N#Cc1[nH]nc2c1CN([C@H]1CS[C@@H](c3cc(F)ccc3F)[C@@H]([NH3+])C1)C2,"CHEMBL3644460",4029,Done,2.06,-3.83362,"glide_grid_1X70",-5.56662,-0.174779,-0.317362,-0,-1.20548,-25.0034,-17.726,0.292378,-0.252298,-57.3103,-42.7295,10.6075
N#Cc1n[nH]c2c1C[N@H+]([C@H]1CS[C@@H](c3cc(F)ccc3F)[C@@H]([NH3+])C1)C2,"CHEMBL3644460",4030,Done,2.14,-5.57085,"glide_grid_1X70",-7.47095,-0.21768,-0.804686,-0,-1.16388,-27.3324,-28.2675,0.290933,-0.209025,-76.4507,-55.5999,15.9101
N[C@H]1C[C@@H]([NH+]2Cc3nc(C(F)(F)F)[n-]c3C2)CS[C@H]1c1cc(F)ccc1F,"CHEMBL3644461",4031,Done,2.39,-2.81639,"glide_grid_1X70",-2.99389,-0.258239,-0.0343945,-0,-0.8512,-11.2172,-9.41798,0.240219,-0.116713,-25.764,-20.6352,6.56273
[NH3+][C@H]1C[C@@H]([N@H+]2Cc3nc(C(F)(F)F)[nH]c3C2)CS[C@H]1c1cc(F)ccc1F,"CHEMBL3644461",4032,Done,3.04,-6.1542,"glide_grid_1X70",-7.2667,-0.238806,-0.557922,-0,-1.70866,-21.57,-24.6984,0.166653,-0.144707,-74.7527,-46.2684,4.08219
N[C@H]1C[C@@H]([N@H+]2Cc3nc(C(F)(F)F)[nH]c3C2)CS[C@H]1c1cc(F)ccc1F,"CHEMBL3644461",4033,Done,2.78,-3.24947,"glide_grid_1X70",-4.58537,-0.256733,-0.406853,-0,-0.811551,-17.9441,-15.4912,0.239143,-0.128501,-45.3312,-33.4352,4.38968
[NH3+][C@H]1C[C@@H]([N@H+]2Cc3nc(-c4ccccc4)[nH]c3C2)CS[C@H]1c1cc(F)ccc1F,"CHEMBL3644462",4034,Done,2.34,-5.87215,"glide_grid_1X70",-6.18155,-0.258409,-0.4,-0,-0.825253,-28.8472,-22.9618,0.344626,-0.15589,-71.1171,-51.809,11.4307
N[C@H]1C[C@@H]([N@H+]2Cc3nc(-c4ccccc4)[nH]c3C2)CS[C@H]1c1cc(F)ccc1F,"CHEMBL3644462",4035,Done,2.16,-4.85592,"glide_grid_1X70",-5.38882,-1.04625,-0.270886,-0,-1.27133,-31.3311,-8.91709,0.346144,-0.242385,-54.5117,-40.2482,5.90113
NC(=O)Cn1cc2c(n1)C[N@H+]([C@H]1CS[C@@H](c3cc(F)cc(F)c3F)[C@@H]([NH3+])C1)C2,"CHEMBL3644463",4036,Done,3.45,-7.26213,"glide_grid_1X70",-7.52363,-0.321567,-0.555463,-0,-1.54827,-22.5421,-26.5566,0.24235,-0.230087,-77.8878,-49.0987,5.81994
NC(=O)Cn1cc2c(n1)C[N@H+]([C@H]1CS[C@@H](c3cc(F)cc(F)c3F)[C@@H](N)C1)C2,"CHEMBL3644463",4037,Done,3.21,-4.05276,"glide_grid_1X70",-4.85296,-0.309969,-0.375838,-0,-1.05963,-18.0712,-16.2597,0.347743,-0.112742,-50.0679,-34.3309,3.87168
NC(=O)Cn1cc2c(n1)CN([C@H]1CS[C@@H](c3cc(F)cc(F)c3F)[C@@H]([NH3+])C1)C2,"CHEMBL3644463",4038,Done,2.94,-5.35785,"glide_grid_1X70",-6.79495,-0.354467,-0.557027,-0,-1.5716,-23.2333,-21.1827,0.24342,-0.216205,-63.1867,-44.416,11.2368
Cc1nc2c([nH]1)C[N@@H+]([C@H]1CS[C@@H](c3cc(F)ccc3F)[C@@H]([NH3+])C1)C2,"CHEMBL3644464",4039,Done,2.44,-7.3026,"glide_grid_1X70",-7.6186,-0.237028,-0.521378,-0,-2.06071,-20.3549,-25.6742,0.215097,-0.145697,-74.4642,-46.0292,6.74573
Cc1nc2c([nH]1)C[N@@H+]([C@H]1CS[C@@H](c3cc(F)ccc3F)[C@@H](N)C1)C2,"CHEMBL3644464",4040,Done,1.93,-4.44962,"glide_grid_1X70",-4.98902,-0.266123,-0.382251,-0,-1.23525,-16.7384,-16.2975,0.308851,-0.132702,-42.8772,-33.0359,8.42576
Cc1[nH]c2c([nH+]1)CN([C@H]1CS[C@@H](c3cc(F)ccc3F)[C@@H]([NH3+])C1)C2,"CHEMBL3644464",4041,Done,2.2,-3.89011,"glide_grid_1X70",-6.56031,-0.232198,-0.524296,-0,-1.78059,-20.4789,-20.2906,0.215097,-0.170795,-59.0446,-40.7694,8.55455
Cc1nc2c(o1)C[N@H+]([C@H]1CS[C@@H](c3cc(F)ccc3F)[C@@H]([NH3+])C1)C2,"CHEMBL3644465",4042,Done,2.07,-7.24556,"glide_grid_1X70",-7.68396,-0.345772,-0.558181,-0,-1.8725,-21.4385,-25.4057,0.214032,-0.238745,-73.3398,-46.8442,7.72001
Cc1nc2c(o1)CN([C@H]1CS[C@@H](c3cc(F)ccc3F)[C@@H]([NH3+])C1)C2,"CHEMBL3644465",4043,Done,1.84,-4.86268,"glide_grid_1X70",-5.57438,-0.0529874,-0.4,-0,-1.23121,-18.9356,-20.2232,0.307317,-0.217238,-51.8744,-39.1589,10.2559
Cc1nc2c(o1)C[N@H+]([C@H]1CS[C@@H](c3cc(F)ccc3F)[C@@H](N)C1)C2,"CHEMBL3644465",4044,Done,1.86,-4.23994,"glide_grid_1X70",-5.22204,-0.296984,-0.392703,-0,-1.44792,-15.6505,-16.4943,0.307317,-0.135089,-46.8651,-32.1447,3.15308
Cc1nc2c(o1)CN([C@H]1CS[C@@H](c3cc(F)ccc3F)[C@@H](N)C1)C2,"CHEMBL3644465",4045,Done,1.69,-1.95421,"glide_grid_1X70",-4.00441,-0.269626,-0.382217,-0,-1.26434,-18.1732,-9.41585,0.308887,-0.0760727,-33.7752,-27.5891,3.17519
CCCc1nc2c(c(C(F)(F)F)n1)CCN(C(=O)C[C@H]([NH3+])CN1C(=O)CCC(F)(F)[C@H]1[O-])C2,"CHEMBL3644784",4046,Done,6.16,-6.3141,"glide_grid_1X70",-6.6455,-0.760855,-0.489717,-0,-1.96377,-40.704,-9.84912,0.308663,-0.227253,-68.6615,-50.5532,12.7359
CCCc1nc2c(c(C(F)(F)F)n1)CCN(C(=O)C[C@H]([NH3+])CN1C(=O)CCC(F)(F)[C@H]1O)C2,"CHEMBL3644784",4047,Done,9.23,-7.51455,"glide_grid_1X70",-8.07885,-0.709453,-0.755524,-0,-1.76068,-33.2221,-21.6355,0.368977,-0.315749,-80.1363,-54.8576,17.5459
CCCc1nc2c(c(C(F)(F)F)n1)CCN(C(=O)C[C@H](N)CN1C(=O)CCC(F)(F)[C@H]1O)C2,"CHEMBL3644784",4048,Done,7.59,-0.439283,"glide_grid_1X70",-2.62698,-0.269359,-0.28873,-0,-0.297843,-24.7599,-5.85859,0.529136,-0.183405,-31.5686,-30.6185,9.32327
CCCc1nc2c(c(C(F)(F)F)n1)CCN(C(=O)C[C@H](N)CN1C(=O)CCC(F)(F)[C@H]1[O-])C2,"CHEMBL3644784",4049,Done,5.84,-1.68053,"glide_grid_1X70",-4.07013,-0.832469,-0.259533,-0,-1.53021,-40.7201,1.80836,0.442646,-0.125817,-39.9348,-38.9117,13.9621
CC(C)(C)c1nc2c(c(C(F)(F)F)n1)CCN(C(=O)C[C@H]([NH3+])CN1C(=O)CCC(F)(F)[C@H]1[O-])C2,"CHEMBL3644785",4050,Done,6.86,-7.6559,"glide_grid_1X70",-7.9873,-0.974886,-0.876487,-0,-1.77935,-39.8065,-15.2274,0.234241,-0.316387,-80.3598,-55.0339,13.0943
CC(C)(C)c1nc2c(c(C(F)(F)F)n1)CCN(C(=O)C[C@H]([NH3+])CN1C(=O)CCC(F)(F)[C@H]1O)C2,"CHEMBL3644785",4051,Done,8.22,-7.31203,"glide_grid_1X70",-7.87633,-0.961379,-0.815893,-0,-1.95305,-35.2585,-16.052,0.291709,-0.266994,-80.2707,-51.3105,12.8413
CC(C)(C)c1nc2c(c(C(F)(F)F)n1)CCN(C(=O)C[C@H](N)CN1C(=O)CCC(F)(F)[C@H]1O)C2,"CHEMBL3644785",4052,Done,8.82,-0.524144,"glide_grid_1X70",-2.71184,-0.17894,-0.572352,-0,-0.375853,-24.687,-3.9512,0.418288,-0.175957,-29.5439,-28.6382,12.8307
CC(C)(C)c1nc2c(c(C(F)(F)F)n1)CCN(C(=O)C[C@H](N)CN1C(=O)CCC(F)(F)[C@H]1[O-])C2,"CHEMBL3644785",4053,Done,5.63,-2.23119,"glide_grid_1X70",-4.62079,-0.862228,-0.30378,-0,-1.48329,-38.2659,-1.55112,0.335886,-0.161411,-44.7224,-39.8171,9.58645
[NH3+][C@@H](CC(=O)N1CCc2c(nc(C3CCC3)nc2C(F)(F)F)C1)CN1C(=O)CCC(F)(F)[C@H]1[O-],"CHEMBL3644786",4054,Done,6.88,-6.2431,"glide_grid_1X70",-6.5745,-0.847187,-0.477727,-0,-1.616,-38.5667,-11.9276,0.295005,-0.211118,-66.8662,-50.4943,12.3851
[NH3+][C@@H](CC(=O)N1CCc2c(nc(C3CCC3)nc2C(F)(F)F)C1)CN1C(=O)CCC(F)(F)[C@H]1O,"CHEMBL3644786",4055,Done,8.81,-6.01522,"glide_grid_1X70",-6.57952,-0.255039,-1.12748,-0,-1.01236,-23.5915,-20.8005,0.35268,-0.237675,-71.3674,-44.3919,2.09112
N[C@@H](CC(=O)N1CCc2c(nc(C3CCC3)nc2C(F)(F)F)C1)CN1C(=O)CCC(F)(F)[C@H]1O,"CHEMBL3644786",4056,Done,8.17,-3.42666,"glide_grid_1X70",-5.61436,-0.960405,-0.560277,-0,-1.51563,-37.4568,-7.26683,0.505722,-0.120902,-52.6477,-44.7236,12.7966
N[C@@H](CC(=O)N1CCc2c(nc(C3CCC3)nc2C(F)(F)F)C1)CN1C(=O)CCC(F)(F)[C@H]1[O-],"CHEMBL3644786",4057,Done,8.26,-0.49413,"glide_grid_1X70",-2.88373,-0.506637,-0.336214,-0,-0.470698,-29.7528,-2.18756,0.423022,-0.177431,-30.3736,-31.9403,18.3385
COCCc1nc2c(c(C(F)(F)F)n1)CCN(C(=O)C[C@H]([NH3+])CN1C(=O)CCC(F)(F)[C@@H]1[O-])C2,"CHEMBL3644790",4058,Done,6.88,-7.2045,"glide_grid_1X70",-7.5359,-0.825827,-0.650946,-0,-2.04835,-36.9232,-15.1361,0.348803,-0.243007,-74.0179,-52.0593,13.6948
COCCc1nc2c(c(C(F)(F)F)n1)CCN(C(=O)C[C@H]([NH3+])CN1C(=O)CCC(F)(F)[C@@H]1O)C2,"CHEMBL3644790",4059,Done,10.65,-7.57174,"glide_grid_1X70",-8.13604,-1.10874,-0.852168,-0,-1.74279,-38.4178,-17.8119,0.405425,-0.2451,-86.3139,-56.2297,11.4484
COCCc1nc2c(c(C(F)(F)F)n1)CCN(C(=O)C[C@H](N)CN1C(=O)CCC(F)(F)[C@@H]1O)C2,"CHEMBL3644790",4060,Done,8.44,-1.67337,"glide_grid_1X70",-3.86107,-0.408547,-0.448164,-0,-0.3129,-29.6753,-9.30519,0.406937,-0.218851,-42.5604,-38.9804,13.5054
COCCc1nc2c(c(C(F)(F)F)n1)CCN(C(=O)C[C@H](N)CN1C(=O)CCC(F)(F)[C@@H]1[O-])C2,"CHEMBL3644790",4061,Done,9.38,0.179321,"glide_grid_1X70",-2.21028,-0.301736,-0.393624,-0,-0.166227,-28.4837,-1.15982,0.500153,-0.250688,-33.0771,-29.6435,4.12216
COCCc1nc2c(c(C(F)(F)F)n1)CCN(C(=O)C[C@H]([NH3+])CN1C(=O)CCC(F)(F)[C@H]1[O-])C2,"CHEMBL3644791",4062,Done,6.62,-6.39242,"glide_grid_1X70",-6.72382,-0.756954,-0.525596,-0,-2.13698,-39.4034,-9.86534,0.348803,-0.203117,-66.5026,-49.2688,13.9414
COCCc1nc2c(c(C(F)(F)F)n1)CCN(C(=O)C[C@H]([NH3+])CN1C(=O)CCC(F)(F)[C@H]1O)C2,"CHEMBL3644791",4063,Done,11.61,-6.04795,"glide_grid_1X70",-6.61225,-0.474282,-1.15879,-0,-0.58802,-27.8216,-21.0816,0.405425,-0.243263,-75.2541,-48.9032,3.51534
COCCc1nc2c(c(C(F)(F)F)n1)CCN(C(=O)C[C@H](N)CN1C(=O)CCC(F)(F)[C@H]1O)C2,"CHEMBL3644791",4064,Done,9.77,-2.97013,"glide_grid_1X70",-5.15783,-0.652141,-0.745539,-0,-0.996326,-26.8324,-12.5062,0.581339,-0.127614,-47.913,-39.3386,13.2484
COCCc1nc2c(c(C(F)(F)F)n1)CCN(C(=O)C[C@H](N)CN1C(=O)CCC(F)(F)[C@H]1[O-])C2,"CHEMBL3644791",4065,Done,7.28,-1.56116,"glide_grid_1X70",-3.95076,-0.461758,-0.950526,-0,-0.305373,-37.0233,-4.22127,0.500153,-0.248902,-47.6538,-41.2446,7.24935
CC(C)(C)c1nc2c(c(C(F)(F)F)n1)CCN(C(=O)C[C@H]([NH3+])CN1C(=O)CC[C@@H](F)[C@H]1O)C2,"CHEMBL3644796",4066,Done,10.39,-6.33998,"glide_grid_1X70",-6.37698,-0.639932,-0.727355,-0,-1.16702,-20.6253,-20.5158,0.445958,-0.179989,-59.6429,-41.1411,4.82369
CC(C)(C)c1nc2c(c(C(F)(F)F)n1)CCN(C(=O)C[C@H](N)CN1C(=O)CC[C@@H](F)[C@H]1O)C2,"CHEMBL3644796",4067,Done,7.04,-4.05862,"glide_grid_1X70",-5.84692,-0.840148,-0.928128,-0,-1.67751,-27.4774,-9.39488,0.447686,-0.065716,-49.1802,-36.8723,4.80664
CC(C)(C)c1nc2c(c(C(F)(F)F)n1)CCN(C(=O)C[C@H]([NH3+])CN1C(=O)CC[C@@H](F)[C@H]1[O-])C2,"CHEMBL3644796",4068,Done,5.78,-4.98055,"glide_grid_1X70",-7.61885,-0.932657,-0.859694,-0,-1.84187,-39.4929,-13.4193,0.250704,-0.247808,-75.804,-52.9121,16.0892
[NH3+][C@@H](CC(=O)N1CCc2c(nc(-c3ccco3)nc2C(F)(F)F)C1)CN1C(=O)CC[C@H](F)[C@H]1O,"CHEMBL3644797",4069,Done,6.9,-6.64025,"glide_grid_1X70",-6.67725,-0.592277,-1.16764,-0,-0.594344,-28.0193,-20.183,0.360714,-0.255302,-71.8848,-48.2022,6.91935
N[C@@H](CC(=O)N1CCc2c(nc(-c3ccco3)nc2C(F)(F)F)C1)CN1C(=O)CC[C@H](F)[C@H]1O,"CHEMBL3644797",4070,Done,5.51,-2.42237,"glide_grid_1X70",-4.21067,-0.338544,-0.604881,-0,-0.381916,-24.7858,-12.9598,0.517264,-0.219332,-42.0727,-37.7456,12.0294
[NH3+][C@@H](CC(=O)N1CCc2c(nc(-c3ccco3)nc2C(F)(F)F)C1)CN1C(=O)CC[C@H](F)[C@H]1[O-],"CHEMBL3644797",4071,Done,5.09,-3.53015,"glide_grid_1X70",-6.16845,-0.823919,-0.685302,-0,-1.39577,-29.8961,-13.5105,0.431054,-0.173118,-63.5211,-43.4066,4.1721
CCCc1nc2c(c(C(F)(F)F)n1)CCN(C(=O)C[C@H]([NH3+])CN1C(=O)CC[C@H](F)[C@H]1O)C2,"CHEMBL3644799",4072,Done,8.07,-7.08632,"glide_grid_1X70",-7.12332,-0.596451,-1.06172,-0,-0.817676,-32.0933,-20.7213,0.395591,-0.330204,-81.4545,-52.8146,4.65105
CCCc1nc2c(c(C(F)(F)F)n1)CCN(C(=O)C[C@H](N)CN1C(=O)CC[C@H](F)[C@H]1O)C2,"CHEMBL3644799",4073,Done,7.5,-0.919642,"glide_grid_1X70",-2.70794,-0.110624,-0.276065,-0,-0.472294,-22.2822,-7.33442,0.567382,-0.202067,-30.1327,-29.6166,11.7903
CCCc1nc2c(c(C(F)(F)F)n1)CCN(C(=O)C[C@H]([NH3+])CN1C(=O)CC[C@H](F)[C@H]1[O-])C2,"CHEMBL3644799",4074,Done,10.29,-3.04472,"glide_grid_1X70",-5.68302,-0.553058,-0.737204,-0,-0.976014,-29.4262,-13.1755,0.330973,-0.300079,-59.6416,-42.6017,8.75941
[NH3+][C@@H](CC(=O)N1CCc2c(nc(-c3ccncc3)nc2C(F)(F)F)C1)CN1C(=O)CC[C@H](F)[C@H]1O,"CHEMBL3644800",4075,Done,6.03,-6.27348,"glide_grid_1X70",-6.31048,-0.256568,-0.927054,-0,-0.776761,-27.4873,-20.8298,0.346209,-0.19746,-73.0609,-48.3172,2.80894
N[C@@H](CC(=O)N1CCc2c(nc(-c3ccncc3)nc2C(F)(F)F)C1)CN1C(=O)CC[C@H](F)[C@H]1O,"CHEMBL3644800",4076,Done,5.55,-2.89813,"glide_grid_1X70",-4.68643,-0.999983,-0.701753,-0,-0.864276,-33.2735,-5.40299,0.496427,-0.142725,-44.6719,-38.6764,11.8074
[NH3+][C@@H](CC(=O)N1CCc2c(nc(-c3ccncc3)nc2C(F)(F)F)C1)CN1C(=O)CC[C@H](F)[C@H]1[O-],"CHEMBL3644800",4077,Done,3.48,-4.44333,"glide_grid_1X70",-7.08163,-0.837204,-0.454201,-0,-1.61633,-38.991,-15.1554,0.289582,-0.240605,-74.9864,-54.1465,9.29065
CS(=O)(=O)n1cc2c(n1)CN([C@H]1CO[C@@H](c3cc(F)ccc3F)[C@@H]([NH3+])C1)C2,"CHEMBL3645490",4078,Done,2.7,-5.53173,"glide_grid_1X70",-5.95183,-0.207859,-0.64405,-0,-0.958013,-25.7912,-18.8977,0.245623,-0.263311,-60.8902,-44.6889,9.08044
CS(=O)(=O)n1cc2c(n1)C[N@H+]([C@H]1CO[C@@H](c3cc(F)ccc3F)[C@@H]([NH3+])C1)C2,"CHEMBL3645490",4079,Done,2.59,-6.13314,"glide_grid_1X70",-6.59894,-0.159,-0.755307,-0,-1.37296,-23.8969,-21.0427,0.171158,-0.131572,-64.4829,-44.9397,16.137
CS(=O)(=O)n1cc2c(n1)C[N@H+]([C@H]1CO[C@@H](c3cc(F)ccc3F)[C@@H](N)C1)C2,"CHEMBL3645490",4080,Done,2.32,-2.95973,"glide_grid_1X70",-4.70853,-0.213223,-0.609426,-0,-1.149,-20.1997,-12.3918,0.245623,-0.113752,-44.5197,-32.5915,4.47531
CS(=O)(=O)n1cc2c(n1)CN([C@H]1CO[C@@H](c3cc(F)c(F)cc3F)[C@@H]([NH3+])C1)C2,"CHEMBL3645491",4081,Done,2.48,-5.36392,"glide_grid_1X70",-5.78382,-0.034413,-0.654254,-0,-1.29824,-24.5458,-16.6511,0.158805,-0.230769,-56.7414,-41.1969,10.1731
CS(=O)(=O)n1cc2c(n1)C[N@H+]([C@H]1CO[C@@H](c3cc(F)c(F)cc3F)[C@@H]([NH3+])C1)C2,"CHEMBL3645491",4082,Done,2.44,-5.26903,"glide_grid_1X70",-5.73463,-0.277685,-0.601827,-0,-0.838644,-25.075,-17.8162,0.225878,-0.316176,-61.6863,-42.8912,11.304
CS(=O)(=O)n1cc2c(n1)C[N@H+]([C@H]1CO[C@@H](c3cc(F)c(F)cc3F)[C@@H](N)C1)C2,"CHEMBL3645491",4083,Done,2.42,-2.20337,"glide_grid_1X70",-3.95447,-0.14774,-0.263439,-0,-0.580354,-22.7986,-12.3492,0.226865,-0.197502,-42.3622,-35.1477,9.28341
[NH3+][C@H]1C[C@@H](N2Cc3cnn(S(=O)(=O)C4CCCC4)c3C2)CO[C@@H]1c1cc(F)ccc1F,"CHEMBL3645492",4084,Done,3.71,-8.11767,"glide_grid_1X70",-8.18207,-1.08071,-0.590191,-0,-1.48968,-37.2551,-21.3861,0.273264,-0.224087,-95.4011,-58.6412,1.13246
[NH3+][C@H]1C[C@@H]([N@@H+]2Cc3cnn(S(=O)(=O)C4CCCC4)c3C2)CO[C@@H]1c1cc(F)ccc1F,"CHEMBL3645492",4085,Done,5.54,-7.37416,"glide_grid_1X70",-8.78716,-0.989615,-0.623084,-0,-1.42128,-35.3297,-28.4046,0.272162,-0.258866,-107.848,-63.7344,1.44628
N[C@H]1C[C@@H]([N@@H+]2Cc3cnn(S(=O)(=O)C4CCCC4)c3C2)CO[C@@H]1c1cc(F)ccc1F,"CHEMBL3645492",4086,Done,6.86,-3.89217,"glide_grid_1X70",-6.57137,-1.05239,-0.4668,-0,-0.907073,-33.6445,-17.9195,0.390377,-0.165329,-72.6086,-51.564,1.62953
[NH3+][C@H]1C[C@@H](N2Cc3cn(S(=O)(=O)C4CCCC4)nc3C2)CO[C@H]1c1cc(F)ccc1F,"CHEMBL3645493",4087,Done,5.47,-5.90347,"glide_grid_1X70",-6.13457,-0.300424,-0.878786,-0,-1.24933,-24.0043,-17.1938,0.273264,-0.2,-60.9919,-41.1981,4.07389
[NH3+][C@H]1C[C@@H]([N@@H+]2Cc3cn(S(=O)(=O)C4CCCC4)nc3C2)CO[C@H]1c1cc(F)ccc1F,"CHEMBL3645493",4088,Done,8.21,-5.82798,"glide_grid_1X70",-6.56188,-0.273954,-0.87797,-0,-1.22423,-23.3875,-20.5028,0.272162,-0.213095,-65.7442,-43.8903,6.97728
N[C@H]1C[C@@H]([N@@H+]2Cc3cn(S(=O)(=O)C4CCCC4)nc3C2)CO[C@H]1c1cc(F)ccc1F,"CHEMBL3645493",4089,Done,6.95,-2.56255,"glide_grid_1X70",-4.57955,-0.316869,-0.769479,-0,-0.687002,-21.6475,-13.3329,0.390377,-0.114272,-43.2329,-34.9804,6.17037
[NH3+][C@H]1C[C@@H](N2Cc3cn(S(=O)(=O)C4CCCC4)nc3C2)CO[C@H]1c1cc(F)c(F)cc1F,"CHEMBL3645494",4090,Done,5.38,-5.11112,"glide_grid_1X70",-5.34212,-0.131341,-0.864517,-0,-0.730424,-26.2618,-15.6662,0.254564,-0.207381,-59.9717,-41.928,3.73448
[NH3+][C@H]1C[C@@H]([N@@H+]2Cc3cn(S(=O)(=O)C4CCCC4)nc3C2)CO[C@H]1c1cc(F)c(F)cc1F,"CHEMBL3645494",4091,Done,8.06,-5.11254,"glide_grid_1X70",-5.84634,-0.0645105,-0.72,-0,-0.626976,-28.0756,-20.8633,0.362248,-0.263821,-67.6814,-48.939,8.73679
N[C@H]1C[C@@H]([N@@H+]2Cc3cn(S(=O)(=O)C4CCCC4)nc3C2)CO[C@H]1c1cc(F)c(F)cc1F,"CHEMBL3645494",4092,Done,6.84,-3.07299,"glide_grid_1X70",-5.09229,-0.214468,-0.618595,-0,-0.48758,-25.2106,-17.4624,0.363663,-0.255422,-50.8431,-42.673,8.8616
[NH3+][C@H]1C[C@@H]([N@H+]2Cc3cn(S(=O)(=O)C4CC4)nc3C2)CO[C@H]1c1cc(F)c(F)cc1F,"CHEMBL3645496",4097,Done,3.72,-3.74932,"glide_grid_1X70",-4.50852,-0.189914,-0.260892,-0,-0.629567,-12.8853,-18.8909,0.404954,-0.355216,-30.3901,-31.7761,33.9146
[NH3+][C@H]1C[C@@H]([N@H+]2Cc3cn(S(=O)(=O)C4CC4)nc3C2)CO[C@H]1c1cc(F)ccc1F,"CHEMBL3645497",4100,Done,3.61,-4.08093,"glide_grid_1X70",-4.84023,-0.155363,-0.351607,-0,-0.746901,-16.2008,-18.9624,0.436458,-0.368421,-34.9626,-35.1632,33.6998
C[n+]1c(=O)n(Cc2cc(F)ccc2C#N)c(N2CCC[C@@H]([NH3+])C2)c2cc[nH]c21,"CHEMBL3650433",4102,Done,2.68,-6.06417,"glide_grid_1X70",-6.06417,-0.336453,-0.392085,-0,-1.5244,-25.6277,-17.5896,0.278862,-0.170263,-64.0865,-43.2173,6.52985
C[n+]1c(=O)n(Cc2ccccc2C#N)c(N2CCC[C@@H]([NH3+])C2)c2[nH]cnc21,"CHEMBL3650434",4103,Done,2.35,-6.8724,"glide_grid_1X70",-6.9445,-0.124267,-0.774703,-0,-1.66773,-24.7915,-20.9227,0.302498,-0.302331,-74.9341,-45.7142,1.07639
C[n+]1c(=O)n(Cc2ccccc2C#N)c(N2CCC[C@@H]([NH3+])C2)c2nc[nH]c21,"CHEMBL3650434",4104,Done,2.38,-5.06196,"glide_grid_1X70",-6.34566,-0.451321,-0.4,-0,-1.5953,-27.8214,-17.5953,0.302498,-0.17117,-67.8429,-45.4167,6.19254
C[n+]1c(=O)n(Cc2cc(F)ccc2F)c(N2CCC[C@@H]([NH3+])C2)c2cc[nH]c21,"CHEMBL3650435",4105,Done,2.32,-6.94297,"glide_grid_1X70",-6.94297,-0.20266,-0.496518,-0,-1.53829,-23.4721,-24.2423,0.28827,-0.183828,-71.0105,-47.7144,5.85533
C[n+]1c(=O)n(Cc2cccc(F)c2)c(N2CCC[C@@H]([NH3+])C2)c2cc[nH]c21,"CHEMBL3650436",4106,Done,2.53,-6.53965,"glide_grid_1X70",-6.53965,-0.1292,-0.529361,-0,-1.60819,-20.8953,-22.4158,0.314688,-0.180445,-66.3121,-43.3111,4.83524
Cn1c2nc(C#N)cc-2c(N2CCC[C@@H]([NH3+])C2)n(Cc2cc(F)ccc2C#N)c1=O,"CHEMBL3650437",4107,Done,2.36,-5.38478,"glide_grid_1X70",-5.38728,-0.176947,-0.381309,-0,-1.36162,-28.6285,-13.9437,0.249959,-0.194384,-63.0409,-42.5722,1.09406
Cn1c2nc(Cl)cc-2c(N2CCC[C@@H]([NH3+])C2)n(Cc2cc(F)ccc2C#N)c1=O,"CHEMBL3650439",4108,Done,2.34,-5.61655,"glide_grid_1X70",-5.64575,-0.319246,-0.408293,-0,-1.26828,-27.961,-15.3724,0.23982,-0.185844,-65.0775,-43.3333,0.713505
C[n+]1c(=O)n(Cc2cc(F)ccc2C#N)c(N2CCC[C@@H]([NH3+])C2)c2cc(Cl)[nH]c21,"CHEMBL3650439",4109,Done,2.49,-4.39661,"glide_grid_1X70",-6.19501,-0.0604337,-0.523128,-0,-1.22202,-21.232,-22.5388,0.238773,-0.185797,-66.3332,-43.7707,4.21822
C[n+]1c(=O)n(Cc2ccccc2C#N)c(N2CCC[C@@H]([NH3+])C2)c2cc[nH]c21,"CHEMBL3650440",4110,Done,2.63,-7.80369,"glide_grid_1X70",-7.80369,-0.618173,-0.543713,-0,-1.60607,-27.7111,-25.3394,0.303963,-0.153236,-80.7461,-53.0505,5.46446
CS(=O)(=O)n1cc2c(n1)C[N@H+]([C@H]1CCO[C@H](c3cc(F)ccc3F)[C@@H]([NH3+])C1)C2,"CHEMBL3654418",4111,Done,2.53,-9.49372,"glide_grid_1X70",-9.84882,-1.17592,-0.612526,-0,-2.1517,-35.6157,-27.8161,0.160857,-0.288747,-110.973,-63.4317,4.76747
CS(=O)(=O)n1cc2c(n1)CN([C@H]1CCO[C@H](c3cc(F)ccc3F)[C@@H]([NH3+])C1)C2,"CHEMBL3654418",4112,Done,3.07,-7.2124,"glide_grid_1X70",-7.7328,-1.2203,-0.488184,-0,-1.98976,-42.0566,-12.6786,0.161565,-0.191513,-88.194,-54.7352,0.415299
CS(=O)(=O)n1cc2c(n1)C[N@H+]([C@H]1CCO[C@H](c3cc(F)ccc3F)[C@@H](N)C1)C2,"CHEMBL3654418",4113,Done,2.61,-5.36116,"glide_grid_1X70",-7.34096,-1.03303,-0.387518,-0,-1.62386,-36.5423,-16.8291,0.230808,-0.175874,-80.9158,-53.3715,0.789951
[NH3+][C@H]1C[C@@H]([N@@H+]2Cc3cnn(-c4ncccn4)c3C2)CCO[C@@H]1c1cc(F)ccc1F,"CHEMBL3654419",4114,Done,3.2,-8.69146,"glide_grid_1X70",-8.78086,-0.888713,-0.60113,-0,-1.92102,-39.3301,-23.3024,0.241305,-0.149439,-105.699,-62.6324,1.88353
[NH3+][C@H]1C[C@@H](N2Cc3cnn(-c4ncccn4)c3C2)CCO[C@@H]1c1cc(F)ccc1F,"CHEMBL3654419",4115,Done,3.45,-6.27723,"glide_grid_1X70",-7.75043,-0.96531,-0.547325,-0,-1.92111,-41.0262,-15.9285,0.242368,-0.118461,-90.3842,-56.9548,2.87246
N[C@H]1C[C@@H]([N@@H+]2Cc3cnn(-c4ncccn4)c3C2)CCO[C@@H]1c1cc(F)ccc1F,"CHEMBL3654419",4116,Done,3.14,-4.3378,"glide_grid_1X70",-6.0364,-0.794188,-0.363818,-0,-1.23518,-34.1713,-14.8151,0.346241,-0.0586202,-66.7545,-48.9864,1.33772
[NH3+][C@H]1C[C@@H]([N@@H+]2Cc3cnn(-c4ccccc4)c3C2)CCO[C@@H]1c1cc(F)ccc1F,"CHEMBL3654420",4117,Done,2.98,-8.45524,"glide_grid_1X70",-8.51034,-0.852201,-0.545956,-0,-1.88608,-38.726,-22.6819,0.243396,-0.130911,-102.36,-61.4079,2.01983
N[C@H]1C[C@@H]([N@@H+]2Cc3cnn(-c4ccccc4)c3C2)CCO[C@@H]1c1cc(F)ccc1F,"CHEMBL3654420",4118,Done,2.91,-4.76162,"glide_grid_1X70",-6.42592,-1.02734,-0.374811,-0,-1.49564,-38.1808,-12.882,0.349248,-0.0360465,-69.8984,-51.0627,2.05398
[NH3+][C@H]1C[C@@H](N2Cc3cnn(-c4ccccc4)c3C2)CCO[C@@H]1c1cc(F)ccc1F,"CHEMBL3654420",4119,Done,2.99,-5.49103,"glide_grid_1X70",-7.59713,-0.969022,-0.530107,-0,-1.94331,-40.6193,-15.1213,0.244473,-0.1,-87.7607,-55.7406,3.1581
N#Cc1n[nH]c2c1CN([C@H]1CCO[C@H](c3cc(F)ccc3F)[C@@H]([NH3+])C1)C2,"CHEMBL3654421",4120,Done,2.9,-9.02216,"glide_grid_1X70",-9.06076,-1.06509,-0.770579,-0,-2.43575,-38.5669,-19.3246,0.206735,-0.169042,-95.0831,-57.8915,14.7213
N#Cc1n[nH]c2c1C[N@@H+]([C@H]1CCO[C@H](c3cc(F)ccc3F)[C@@H]([NH3+])C1)C2,"CHEMBL3654421",4121,Done,2.51,-8.11353,"glide_grid_1X70",-9.75153,-0.975822,-0.514538,-0,-2.74595,-30.9558,-26.534,0.205708,-0.193045,-96.8117,-57.4898,4.39374
NC(=O)c1[nH]nc2c1CN([C@H]1CCO[C@H](c3cc(F)ccc3F)[C@@H]([NH3+])C1)C2,"CHEMBL3654422",4122,Done,3.22,-8.83144,"glide_grid_1X70",-9.40494,-1.03906,-1.02248,-0,-2.50288,-39.0506,-19.2901,0.189478,-0.183955,-100.62,-58.3407,0.674698
NC(=O)c1n[nH]c2c1CN([C@H]1CCO[C@H](c3cc(F)ccc3F)[C@@H]([NH3+])C1)C2,"CHEMBL3654422",4123,Done,3.79,-8.94654,"glide_grid_1X70",-9.61584,-0.9825,-1.08789,-0,-2.27918,-38.7579,-22.1954,0.189478,-0.188534,-97.7882,-60.9534,13.3537
NC(=O)c1n[nH]c2c1C[N@H+]([C@H]1CCO[C@H](c3cc(F)ccc3F)[C@@H]([NH3+])C1)C2,"CHEMBL3654422",4124,Done,3.41,-9.0854,"glide_grid_1X70",-10.1695,-0.955514,-1.02649,-0,-2.34452,-36.8677,-28.0115,0.188578,-0.18817,-122.415,-64.8792,0.471714
NC(=O)c1[nH]nc2c1C[N@H+]([C@H]1CCO[C@H](c3cc(F)ccc3F)[C@@H]([NH3+])C1)C2,"CHEMBL3654422",4125,Done,3.08,-8.22041,"glide_grid_1X70",-9.40031,-0.918306,-0.894182,-0,-2.31364,-36.7593,-23.1011,0.188578,-0.15963,-109.462,-59.8604,1.2004
[NH3+][C@H]1C[C@@H](N2Cc3cn(S(=O)(=O)C4CC4)nc3C2)CCO[C@@H]1c1cc(F)ccc1F,"CHEMBL3654423",4126,Done,5,-8.67295,"glide_grid_1X70",-8.95545,-1.40119,-0.50223,-0,-2.08917,-40.4219,-19.9265,0.289317,-0.242105,-99.8681,-60.3484,2.16019
[NH3+][C@H]1C[C@@H]([N@@H+]2Cc3cn(S(=O)(=O)C4CC4)nc3C2)CCO[C@@H]1c1cc(F)ccc1F,"CHEMBL3654423",4127,Done,5.49,-7.75681,"glide_grid_1X70",-8.36821,-1.19074,-0.597808,-0,-1.8686,-41.9184,-17.8894,0.288116,-0.219849,-97.3154,-59.8078,8.27045
Cc1c2c(nn1S(=O)(=O)C1(C)CC1)C[N@@H+]([C@H]1CCO[C@H](c3cc(F)ccc3F)[C@@H]([NH3+])C1)C2,"CHEMBL3654424",4129,Done,5.16,-8.13241,"glide_grid_1X70",-8.52001,-1.10671,-0.611099,-0,-1.77822,-31.9225,-23.3257,0.257502,-0.186495,-89.8808,-55.2482,4.82953
Cc1c2c(nn1S(=O)(=O)C1(C)CC1)CN([C@H]1CCO[C@H](c3cc(F)ccc3F)[C@@H]([NH3+])C1)C2,"CHEMBL3654424",4130,Done,5.74,-7.80682,"glide_grid_1X70",-8.28442,-1.35064,-0.485039,-0,-1.86995,-37.8684,-18.1067,0.258515,-0.227877,-88.4187,-55.9751,2.59719
Cc1c2c(nn1S(=O)(=O)C1(C)CC1)C[N@@H+]([C@H]1CCO[C@H](c3cc(F)ccc3F)[C@@H](N)C1)C2,"CHEMBL3654424",4131,Done,5.11,-2.32445,"glide_grid_1X70",-4.33675,-0.880007,-0.165996,-0,-0.824381,-23.1532,-10.697,0.369307,-0.0734615,-40.1262,-33.8502,9.07755
CC1(S(=O)(=O)n2cc3c(n2)CN([C@H]2CCO[C@H](c4cc(F)c(F)cc4F)[C@@H]([NH3+])C2)C3)CC1,"CHEMBL3654425",4132,Done,4.98,-8.66695,"glide_grid_1X70",-8.97215,-1.37917,-0.520738,-0,-2.13987,-40.4015,-19.5404,0.254564,-0.235807,-99.6713,-59.9419,2.91209
CC1(S(=O)(=O)n2cc3c(n2)C[N@H+]([C@H]2CCO[C@H](c4cc(F)c(F)cc4F)[C@@H]([NH3+])C2)C3)CC1,"CHEMBL3654425",4133,Done,5.64,-8.74042,"glide_grid_1X70",-9.31652,-1.37692,-0.493167,-0,-2.1957,-43.7178,-20.6782,0.253574,-0.216691,-107.693,-64.3959,3.4676
CC1(S(=O)(=O)n2cc3c(n2)C[N@H+]([C@H]2CCO[C@H](c4cc(F)c(F)cc4F)[C@@H](N)C2)C3)CC1,"CHEMBL3654425",4134,Done,3.86,-2.01748,"glide_grid_1X70",-4.21828,-0.468254,-0.304,-0,-0.541579,-29.7484,-10.8518,0.363663,-0.152922,-43.9545,-40.6001,16.8556
[NH3+][C@H]1C[C@@H](N2Cc3cnc(C4CC4)nc3C2)CCO[C@@H]1c1cc(F)ccc1F,"CHEMBL3654426",4135,Done,3.01,-7.80576,"glide_grid_1X70",-8.03476,-1.15631,-0.535002,-0,-2.21669,-40.7281,-15.0852,0.272425,-0.1,-87.8016,-55.8133,2.70358
[NH3+][C@H]1C[C@@H]([N@H+]2Cc3cnc(C4CC4)nc3C2)CCO[C@@H]1c1cc(F)ccc1F,"CHEMBL3654426",4136,Done,3.31,-8.01055,"glide_grid_1X70",-8.72625,-1.18006,-0.490957,-0,-2.47911,-38.1339,-18.802,0.271158,-0.120288,-97.3572,-56.9358,0.984245
N[C@H]1C[C@@H]([N@H+]2Cc3cnc(C4CC4)nc3C2)CCO[C@@H]1c1cc(F)ccc1F,"CHEMBL3654426",4137,Done,2.89,-3.79613,"glide_grid_1X70",-6.06293,-1.04599,-0.387674,-0,-1.59559,-33.2679,-11.4601,0.389179,-0.0404457,-61.7142,-44.728,1.91638
CS(=O)(=O)n1cc2c(n1)CN([C@H]1CCS[C@H](c3cc(F)ccc3F)[C@@H]([NH3+])C1)C2,"CHEMBL3654427",4138,Done,2.59,-8.01606,"glide_grid_1X70",-8.48826,-1.09409,-0.53551,-0,-1.84516,-37.9684,-20.1402,0.150803,-0.24486,-97.9573,-58.1086,0.370962
CS(=O)(=O)n1cc2c(n1)C[N@@H+]([C@H]1CCS[C@H](c3cc(F)ccc3F)[C@@H]([NH3+])C1)C2,"CHEMBL3654427",4139,Done,2.67,-8.67459,"glide_grid_1X70",-9.22399,-0.919893,-0.55329,-0,-2.02999,-32.1706,-28.6555,0.150164,-0.262455,-108.097,-60.8261,5.29025
CS(=O)(=O)n1cc2c(n1)C[N@@H+]([C@H]1CCS[C@H](c3cc(F)ccc3F)[C@@H](N)C1)C2,"CHEMBL3654427",4140,Done,2.51,-4.81341,"glide_grid_1X70",-6.08741,-0.937473,-0.394245,-0,-1.5004,-40.6012,-8.78712,0.215433,-0.122599,-70.7938,-49.3883,0.965271
CS(=O)(=O)n1cc2c(n1)CN([C@H]1CCS[C@H](c3cc(F)ccc3F)[C@@H](N)C1)C2,"CHEMBL3654427",4141,Done,2.58,-4.13122,"glide_grid_1X70",-6.08142,-1.07363,-0.388072,-0,-1.26485,-38.3802,-10.0724,0.216352,-0.141353,-66.6385,-48.4526,0.110635
CC(C)(O)Cn1cc2c(n1)C[N@@H+]([C@H]1CCO[C@H](c3cc(F)ccc3F)[C@@H]([NH3+])C1)C2,"CHEMBL3654428",4142,Done,7.71,-8.36826,"glide_grid_1X70",-8.40526,-0.7653,-0.482534,-0,-2.2611,-20.5142,-26.2914,0.33027,-0.257177,-77.0881,-46.8056,5.37938
[NH3+][C@H]1C[C@@H]([N@@H+]2Cc3cnn(-c4ccc(C(F)(F)F)cn4)c3C2)CCO[C@@H]1c1cc(F)ccc1F,"CHEMBL3654429",4144,Done,5.08,-8.06993,"glide_grid_1X70",-8.12323,-0.859885,-0.565843,-0,-1.3938,-39.6663,-22.3641,0.183782,-0.149544,-100.552,-62.0305,2.62262
N[C@H]1C[C@@H]([N@@H+]2Cc3cnn(-c4ccc(C(F)(F)F)cn4)c3C2)CCO[C@@H]1c1cc(F)ccc1F,"CHEMBL3654429",4145,Done,4.86,-3.45338,"glide_grid_1X70",-5.11588,-0.582547,-0.361666,-0,-0.833603,-26.6041,-14.1217,0.263553,-0.153163,-53.924,-40.7258,5.61854
[NH3+][C@H]1C[C@@H](N2Cc3cnn(-c4ccc(C(F)(F)F)cn4)c3C2)CCO[C@@H]1c1cc(F)ccc1F,"CHEMBL3654429",4146,Done,5.32,-5.17817,"glide_grid_1X70",-7.35017,-1.01174,-0.614749,-0,-1.47571,-41.0168,-15.0961,0.184487,-0.117201,-87.7054,-56.1129,2.2353
CC1(S(=O)(=O)n2cc3c(n2)CN([C@H]2CCO[C@H](c4cc(F)ccc4F)[C@@H]([NH3+])C2)C3)CC1,"CHEMBL3654430",4147,Done,5.76,-7.90142,"glide_grid_1X70",-8.20662,-1.36056,-0.526989,-0,-2.14337,-44.6075,-13.5533,0.273264,-0.185597,-93.8073,-58.1609,4.33357
CC1(S(=O)(=O)n2cc3c(n2)C[N@H+]([C@H]2CCO[C@H](c4cc(F)ccc4F)[C@@H]([NH3+])C2)C3)CC1,"CHEMBL3654430",4148,Done,5.64,-7.53213,"glide_grid_1X70",-8.10823,-1.13421,-0.541626,-0,-1.75449,-42.3734,-17.4933,0.272162,-0.207389,-94.5835,-59.8667,9.67419
CC1(S(=O)(=O)n2cc3c(n2)C[N@H+]([C@H]2CCO[C@H](c4cc(F)ccc4F)[C@@H](N)C2)C3)CC1,"CHEMBL3654430",4149,Done,4.39,-3.44187,"glide_grid_1X70",-5.64267,-1.56101,-0.199106,-0,-1.71029,-20.7837,-9.51267,0.390377,-0.0965565,-42.3211,-30.2964,11.4811
CC#CCn1c(N2CCC[C@@H]([NH3+])C2)nc2c1c(=O)[n+](Cc1nc(C)c3ccccc3n1)c1n2CCN1,"CHEMBL3675618",4150,Done,4.12,-5.9126,"glide_grid_1X70",-5.9204,-0.276487,-0.434307,-0,-0.698821,-33.3679,-19.3353,0.301565,-0.243658,-77.4867,-52.7032,1.40082
CC#CCn1c(N2CCC[C@@H]([NH3+])C2)nc2c1C(=O)N(Cc1nc(C)c3ccccc3n1)C1=NCCN12,"CHEMBL3675618",4151,Done,3.35,-3.10351,"glide_grid_1X70",-5.66921,-0.337259,-0.499002,-0,-0.736466,-36.2637,-15.5444,0.302713,-0.254365,-74.6359,-51.808,2.33945
[C-]#[N+]c1ccc(C[n+]2c3n(c4nc(N5CCC[C@@H]([NH3+])C5)n(CC#CC)c4c2=O)CCN3)cc1,"CHEMBL3675619",4152,Done,4.41,-6.16159,"glide_grid_1X70",-6.16159,-0.735232,-0.4,-0,-1.1351,-34.6362,-15.6691,0.354248,-0.163329,-74.9318,-50.3053,1.0374
CC#CCn1c(N2CCC[C@@H]([NH3+])C2)nc2c1c(=O)[n+](Cc1nc(C)c3ccccc3n1)c1n2CCCN1,"CHEMBL3675622",4153,Done,3.65,-5.6589,"glide_grid_1X70",-5.6663,-0.376441,-0.411188,-0,-0.592007,-33.0153,-17.9092,0.286242,-0.235756,-73.8181,-50.9245,1.36991
CC#CCn1c(N2CCC[C@@H]([NH3+])C2)nc2c1C(=O)N(Cc1nc(C)c3ccccc3n1)C1=NCCCN12,"CHEMBL3675622",4154,Done,3.45,-2.95414,"glide_grid_1X70",-5.55224,-0.375453,-0.487295,-0,-0.655425,-35.2575,-15.5315,0.287303,-0.228774,-71.2798,-50.789,3.27212
Cc1nc(C[n+]2c3n(c4nc(N5CCC[C@@H]([NH3+])C5)n(C)c4c2=O)CCN3)nc2ccccc12,"CHEMBL3675623",4155,Done,2.73,-5.915,"glide_grid_1X70",-5.915,-0.0999354,-0.485572,-0,-0.95699,-29.2083,-19.1559,0.209964,-0.248673,-72.1528,-48.3641,0.708023
CC(C)=CCn1c(N2CCC[C@@H]([NH3+])C2)nc2c1c(=O)[n+](Cc1nc(C)c3ccccc3n1)c1n2CCN1,"CHEMBL3675624",4156,Done,4.66,-6.10688,"glide_grid_1X70",-6.10688,-0.630311,-0.430911,-0,-0.533531,-33.7741,-19.1099,0.284136,-0.241078,-77.976,-52.884,2.40535
Cc1nc(C[n+]2c3n(c4nc(N5CCC[C@@H]([NH3+])C5)n(CC5CC5)c4c2=O)CCN3)nc2ccccc12,"CHEMBL3675627",4157,Done,4.95,-5.8728,"glide_grid_1X70",-5.8728,-0.33838,-0.42128,-0,-0.670771,-31.8129,-19.3115,0.299288,-0.254296,-74.6279,-51.1244,2.32324
CC#CCn1c(N2CCC[C@@H]([NH3+])C2)nc2c1c(=O)[n+](Cc1ccc(OC)cc1)c1n2CCCN1,"CHEMBL3675628",4158,Done,4.94,-5.89877,"glide_grid_1X70",-5.89877,-0.436528,-0.425795,-0,-0.827526,-31.3926,-18.2102,0.328218,-0.23598,-72.7501,-49.6028,0.863935
CC#CCn1c(N2CCC[C@@H]([NH3+])C2)nc2c1c(=O)nc1n2CCCN1,"CHEMBL3675629",4159,Done,2.08,-6.06983,"glide_grid_1X70",-6.09923,-0.309131,-0.521549,-0,-1.67345,-25.9121,-16.2349,0.339621,-0.203882,-64.491,-42.147,0.110897
CC#CCn1c(N2CCC[C@@H]([NH3+])C2)nc2c1c(=O)[nH+]c1n2CCCN1,"CHEMBL3675629",4160,Done,2.12,-4.64222,"glide_grid_1X70",-6.43542,-0.407657,-0.429836,-0,-1.61434,-24.7453,-18.9485,0.337854,-0.24191,-67.7318,-43.6937,0.132665
CC#CCn1c(N2CCC[C@@H]([NH3+])C2)nc2c1c(=O)[n+](Cc1cccc3ccccc13)c1n2CCCN1,"CHEMBL3675630",4161,Done,4,-5.7908,"glide_grid_1X70",-5.7908,-0.405315,-0.427319,-0,-0.695559,-33.5666,-17.7635,0.303822,-0.223579,-74.5651,-51.3301,0.673914
CC#CCn1c(N2CCC[C@@H]([NH3+])C2)nc2c1c(=O)[n+](Cc1nccc(C#N)n1)c1n2CCN1,"CHEMBL3675631",4162,Done,3.26,-6.12967,"glide_grid_1X70",-6.13747,-0.211529,-0.499845,-0,-0.960324,-31.0297,-20.1382,0.351405,-0.244962,-75.493,-51.1679,2.82182
CC#CCn1c(N2CCC[C@@H]([NH3+])C2)nc2c1C(=O)N(Cc1nccc(C#N)n1)C1=NCCN12,"CHEMBL3675631",4163,Done,2.99,-3.70921,"glide_grid_1X70",-6.27491,-0.918285,-0.4,-0,-1.16503,-37.4719,-13.8768,0.352851,-0.189334,-76.5871,-51.3487,1.91789
CC#CCn1c(N2CCC[C@@H]([NH3+])C2)nc2c1c(=O)[n+](Cc1ccccc1C#N)c1n2CCN1,"CHEMBL3675632",4164,Done,3.73,-6.19897,"glide_grid_1X70",-6.19897,-0.866074,-0.4,-0,-1.12955,-33.3896,-15.5679,0.354248,-0.15294,-72.8414,-48.9575,2.66154
Cc1nc(C[n+]2c3n(c4nc(N5CCC[C@@H]([NH3+])C5)n(CC5CCC5)c4c2=O)CCN3)nc2ccccc12,"CHEMBL3675635",4165,Done,5.46,-6.07836,"glide_grid_1X70",-6.07836,-0.636224,-0.549589,-0,-0.532353,-27.5901,-20.4912,0.284136,-0.191151,-72.1725,-48.0813,1.09187
CC#CCn1c(N2CCC[C@@H]([NH3+])C2)nc2c1c(=O)[n+](Cc1nc(C)c3ccccc3n1)c1n2C[C@H](C)N1,"CHEMBL3675637",4166,Done,3.44,-5.98712,"glide_grid_1X70",-5.98712,-0.34788,-0.417968,-0,-0.596843,-35.1166,-19.4535,0.286242,-0.236807,-80.3304,-54.5701,1.09783
C[C@H]([NH3+])C(=S)N1CCC[C@H]1B(O)O,"CHEMBL3686733",4167,Done,1.82,-6.54869,"glide_grid_1X70",-6.71399,0,-0.552472,-0,-2.77242,-15.5414,-19.426,0.557224,-0.255348,-58.4549,-34.9674,3.8499
C[C@H](N)C(=S)N1CCC[C@H]1B(O)O,"CHEMBL3686733",4168,Done,1.66,-2.35672,"glide_grid_1X70",-3.19382,-0.142109,-0.304,-0,-2.03125,-14.3721,-4.84724,0.802674,-0.0734448,-24.9622,-19.2193,1.74453
CC(C)[C@H]([NH3+])C(=S)N[C@@H](C)B(O)O,"CHEMBL3686734",4169,Done,3.08,-6.06864,"glide_grid_1X70",-6.10684,-0.332675,-0.514829,-0,-2.58552,-19.389,-17.3674,1.0962,-0.195467,-61.3671,-36.7563,5.13967
CC(C)[C@H](N)C(=S)N[C@@H](C)B(O)O,"CHEMBL3686734",4170,Done,3.63,-2.85366,"glide_grid_1X70",-4.49666,-0.87277,-0.354607,-0,-2.31228,-17.7219,-9.94702,1.57896,-0.157813,-36.5158,-27.6689,4.64885
C[C@H](NC(=S)[C@H](C)[NH3+])B(O)O,"CHEMBL3686735",4171,Done,2.07,-7.22472,"glide_grid_1X70",-7.29852,0,-0.590452,-0,-2.73191,-13.0554,-28.3306,1.04886,-0.372247,-70.0038,-41.386,6.33267
C[C@H](NC(=S)[C@H](C)N)B(O)O,"CHEMBL3686735",4172,Done,2.21,-4.06055,"glide_grid_1X70",-5.33125,-0.219716,-0.904679,-0,-2.30792,-16.0145,-16.7512,1.51245,-0.0979717,-46.0401,-32.7657,2.93018
CC(C)[C@H]([NH3+])C(=S)N1CCC[C@H]1B(O)O,"CHEMBL3686736",4173,Done,2.1,-6.47149,"glide_grid_1X70",-6.56029,-0.0371534,-0.383755,-0,-2.43239,-13.1351,-22.8329,0.672179,-0.297474,-53.4452,-35.968,11.4276
CC(C)[C@H](N)C(=S)N1CCC[C@H]1B(O)O,"CHEMBL3686736",4174,Done,2.51,-2.21452,"glide_grid_1X70",-3.38302,-0.215393,0,-0,-1.91006,-17.3651,-8.29245,0.967406,-0.112849,-30.9417,-25.6576,4.80584
[NH3+][C@H](C(=O)N1CCC[C@H]1B(O)O)C1CCCCC1,"CHEMBL3686737",4175,Done,3.88,-6.93639,"glide_grid_1X70",-7.16809,-0.62685,-0.523536,-0,-2.34672,-18.9417,-21.896,0.757079,-0.19657,-66.6398,-40.8378,6.83166
N[C@H](C(=O)N1CCC[C@H]1B(O)O)C1CCCCC1,"CHEMBL3686737",4176,Done,2.65,-4.28074,"glide_grid_1X70",-4.94904,-1.27074,-0.104333,-0,-2.06662,-27.2694,-6.94877,1.08892,-0.190482,-39.5585,-34.2182,9.36446
[NH3+]CC(=S)N1CCC[C@H]1B(O)O,"CHEMBL3686738",4177,Done,1.7,-6.87623,"glide_grid_1X70",-7.04153,-0.00810962,-0.430309,-0,-2.75583,-13.6902,-23.754,0.627609,-0.227289,-63.9113,-37.4441,1.68379
NCC(=S)N1CCC[C@H]1B(O)O,"CHEMBL3686738",4178,Done,1.55,-3.80699,"glide_grid_1X70",-4.64409,-0.250425,-0.271744,-0,-2.12689,-14.4589,-13.298,0.904544,-0.181938,-35.6263,-27.7568,5.36828
O=C(C[NH2+][C@@]12C[C@@H]3C[C@@H](C[C@@](O)(C3)C1)C2)N1CCC[C@H]1B(O)O,"CHEMBL3686739",4179,Done,6.25,-5.7585,"glide_grid_1X70",-5.8558,-0.478089,-0.59638,-0,-1.89991,-13.4543,-19.5372,0.895534,-0.173659,-46.3853,-32.9915,4.10261
O=C(CN[C@@]12C[C@@H]3C[C@@H](C[C@@](O)(C3)C1)C2)N1CCC[C@H]1B(O)O,"CHEMBL3686739",4180,Done,6.22,-3.2993,"glide_grid_1X70",-4.4177,-0.589044,-0.53877,-0,-1.32447,-20.3505,-11.4845,0.90048,-0.1257,-39.1992,-31.835,6.86966
OB(O)[C@@H]1CCCN1C(=S)C[NH2+][C@@]12C[C@@H]3C[C@@H](C[C@@](O)(C3)C1)C2,"CHEMBL3686740",4181,Done,4.37,-5.26855,"glide_grid_1X70",-5.27805,-0.335971,-0.588328,-0,-1.86747,-7.30199,-16.7086,0.575347,-0.190241,-38.1355,-24.0106,3.53718
OB(O)[C@@H]1CCCN1C(=S)CN[C@@]12C[C@@H]3C[C@@H](C[C@@](O)(C3)C1)C2,"CHEMBL3686740",4182,Done,4.35,-2.25588,"glide_grid_1X70",-4.70778,-0.525841,-0.536029,-0,-1.27768,-20.2429,-13.3974,0.826269,-0.172742,-42.3568,-33.6403,6.27063
O=C(CNCc1ccccc1)N1CCC[C@H]1B(O)O,"CHEMBL3686741",4183,Done,5.46,-4.75678,"glide_grid_1X70",-4.81958,-1.25209,-0.14408,-0,-2.11417,-31.4716,-5.92999,1.29064,-0.136807,-47.3456,-37.4016,6.52682
O=C(C[NH2+]Cc1ccccc1)N1CCC[C@H]1B(O)O,"CHEMBL3686741",4184,Done,6.57,-5.00618,"glide_grid_1X70",-6.36708,-0.753247,-0.291997,-0,-2.41954,-22.7031,-15.993,0.897488,-0.265672,-61.8269,-38.6961,7.46562
OB(O)[C@@H]1CCCN1C(=S)CNCc1ccccc1,"CHEMBL3686742",4185,Done,5.42,-4.83616,"glide_grid_1X70",-5.07366,-0.983108,-0.130654,-0,-1.76312,-28.1023,-9.88471,0.815102,-0.124067,-50.6567,-37.987,3.73715
OB(O)[C@@H]1CCCN1C(=S)C[NH2+]Cc1ccccc1,"CHEMBL3686742",4186,Done,5.45,-4.78954,"glide_grid_1X70",-5.44594,-0.0250363,-0.364278,-0,-1.73054,-27.835,-18.7825,1.15714,-0.274108,-69.2194,-46.6175,3.80334
[NH3+][C@@H](CC(=O)[O-])C(=S)N1CCC[C@H]1B(O)O,"CHEMBL3686743",4187,Done,2.46,-6.84759,"glide_grid_1X70",-6.92089,-0.48324,-0.681079,-0,-2.34452,-16.5087,-20.4571,0.80544,-0.323498,-60.7517,-36.9658,5.77514
N[C@@H](CC(=O)[O-])C(=S)N1CCC[C@H]1B(O)O,"CHEMBL3686743",4188,Done,2.3,-1.87166,"glide_grid_1X70",-3.14636,-0.0322616,-0.22258,-0,-1.8623,-17.8323,-6.68675,1.15873,-0.29333,-26.9385,-24.5191,10.2632
[NH3+][C@@H](CCC(=O)[O-])C(=S)N1CCC[C@H]1B(O)O,"CHEMBL3686744",4189,Done,4.13,-5.70259,"glide_grid_1X70",-5.78019,-0.195871,-0.440134,-0,-2.56016,-19.3923,-15.0334,0.915409,-0.274808,-53.2094,-34.4257,8.91187
N[C@@H](CCC(=O)[O-])C(=S)N1CCC[C@H]1B(O)O,"CHEMBL3686744",4190,Done,4.04,-2.52172,"glide_grid_1X70",-3.76452,-0.153454,-0.415705,-0,-1.67643,-19.2771,-8.46376,0.921549,-0.207067,-28.0944,-27.7408,19.1996
CCC[C@H]([NH3+])C(=O)N1CCC[C@H]1B(O)O,"CHEMBL3686745",4191,Done,4.21,-6.19012,"glide_grid_1X70",-6.44442,-0.10007,-0.385046,-0,-2.53876,-15.7167,-22.2913,1.0123,-0.303324,-57.6986,-38.008,9.06318
CCC[C@H](N)C(=O)N1CCC[C@H]1B(O)O,"CHEMBL3686745",4192,Done,2.9,-3.00122,"glide_grid_1X70",-3.62502,-0.118805,-0.571003,-0,-1.97161,-14.9129,-10.7355,1.45762,-0.0652521,-31.4329,-25.6484,3.02697
CCC[C@H]([NH3+])C(=S)N1CCC[C@H]1B(O)O,"CHEMBL3686746",4193,Done,3.17,-6.08535,"glide_grid_1X70",-6.20545,0,-0.554359,-0,-2.57477,-16.8218,-19.1901,0.896239,-0.252952,-57.9395,-36.0119,3.59016
CCC[C@H](N)C(=S)N1CCC[C@H]1B(O)O,"CHEMBL3686746",4194,Done,2.66,-2.86379,"glide_grid_1X70",-3.86849,-0.416194,-0.270559,-0,-1.94529,-16.8748,-9.93097,1.28987,-0.192937,-29.9371,-26.8057,10.9999
N[C@@H](Cc1c[nH]c2ccccc12)C(=O)N1CCC[C@H]1B(O)O,"CHEMBL3686747",4195,Done,4.3,-5.97118,"glide_grid_1X70",-6.30818,-1.3693,-0.623604,-0,-1.73099,-29.4609,-12.1624,0.811222,-0.0981156,-54.4004,-41.6233,5.89707
[NH3+][C@@H](Cc1c[nH]c2ccccc12)C(=O)N1CCC[C@H]1B(O)O,"CHEMBL3686747",4196,Done,5.32,-7.7503,"glide_grid_1X70",-8.2451,-1.26265,-0.668785,-0,-2.35005,-30.154,-18.7008,0.564543,-0.215338,-82.087,-48.8547,5.65092
[NH3+][C@@H](Cc1c[nH]c2ccccc12)C(=S)N1CCC[C@H]1B(O)O,"CHEMBL3686748",4197,Done,3.53,-7.93014,"glide_grid_1X70",-8.31704,-1.26341,-0.673897,-0,-2.18893,-33.1558,-18.2284,0.515447,-0.3142,-82.5871,-51.3842,6.45035
N[C@@H](Cc1c[nH]c2ccccc12)C(=S)N1CCC[C@H]1B(O)O,"CHEMBL3686748",4198,Done,4.02,-5.32765,"glide_grid_1X70",-5.76315,-1.3982,-0.540274,-0,-1.63117,-35.211,-6.63393,0.740478,-0.178343,-54.3704,-41.8449,2.79918
OB(O)[C@@H]1CCCN1C(=S)[C@@H]1CCC[NH2+]1,"CHEMBL3686751",4199,Done,1.8,-5.14492,"glide_grid_1X70",-5.16972,0,-0.277298,-0,-2.07185,-19.9373,-16.684,0.974637,-0.295748,-53.1132,-36.6213,2.14833
OB(O)[C@@H]1CCCN1C(=S)[C@@H]1CCCN1,"CHEMBL3686751",4200,Done,1.7,-1.78563,"glide_grid_1X70",-3.67843,-0.562126,0,-0,-2.02971,-20.4113,-5.84138,0.981951,-0.171773,-32.6376,-26.2527,3.81833
[NH3+][C@@H](CC(=O)[O-])C(=O)N1CCC[C@H]1B(O)O,"CHEMBL3686752",4201,Done,2.78,-7.44334,"glide_grid_1X70",-7.50084,-0.697208,-0.66291,-0,-2.55148,-17.9263,-22.3909,0.903647,-0.237943,-57.7617,-40.3172,19.0395
N[C@@H](CC(=O)[O-])C(=O)N1CCC[C@H]1B(O)O,"CHEMBL3686752",4202,Done,2.33,-1.7933,"glide_grid_1X70",-3.204,-0.102718,-0.101883,-0,-1.82264,-18.3977,-9.6077,1.30058,-0.116298,-31.4657,-28.0054,8.91788
CN1C(=O)Cn2c1nc1nc(N3CCC[C@@H]([NH3+])C3)n(Cc3cc(F)ccc3C(F)(F)F)c1c2=O,"CHEMBL3687977",4203,Done,2.54,-5.24578,"glide_grid_1X70",-5.24998,-0.891899,-0.4,-0,-0.615252,-29.64,-12.5131,0.263568,-0.24743,-60.285,-42.1531,3.3612
CN1C(=O)Cn2c1nc1nc(N3CCC[C@@H]([NH3+])C3)n(Cc3ccccc3C#N)c1c2=O,"CHEMBL3687978",4204,Done,2.03,-6.30209,"glide_grid_1X70",-6.30629,-0.362136,-0.734036,-0,-1.41545,-30.7171,-16.401,0.337322,-0.136,-69.2076,-47.118,2.73432
CN1C(=O)Cn2c1nc1nc(N3CCC[C@@H]([NH3+])C3)n(Cc3cc(F)ccc3F)c1c2=O,"CHEMBL3687979",4205,Done,2.14,-5.68895,"glide_grid_1X70",-5.69315,-0.191995,-0.34264,-0,-1.52704,-27.833,-14.7203,0.225347,-0.257127,-59.0247,-42.5533,9.58746
CC#CCn1c(N2CCC[C@@H]([NH3+])C2)nc2nc3n(c(=O)c21)CC(=O)N3C,"CHEMBL3687980",4206,Done,1.97,-6.40155,"glide_grid_1X70",-6.40405,-0.540979,-0.384805,-0,-1.86935,-27.25,-17.1983,0.451855,-0.118518,-68.4954,-44.4483,0.767706
CCN1C(=O)Cn2c1nc1nc(N3CCC[C@@H]([NH3+])C3)n(Cc3cc(F)ccc3F)c1c2=O,"CHEMBL3687982",4207,Done,2.93,-7.63812,"glide_grid_1X70",-7.64232,-1.24254,-0.454643,-0,-1.94572,-30.3148,-16.4891,0.212613,-0.222918,-73.6916,-46.8039,4.5322
CCN1C(=O)Cn2c1nc1nc(N3CCC[C@@H]([NH3+])C3)n(Cc3cc(F)ccc3C(F)(F)F)c1c2=O,"CHEMBL3687983",4208,Done,2.85,-5.36157,"glide_grid_1X70",-5.36577,-0.772702,-0.450583,-0,-0.79574,-27.1934,-12.1421,0.175034,-0.340801,-57.0251,-39.3355,2.10951
CN1C(=O)Cn2c1nc1nc(N3CCC[C@@H]([NH3+])C3)n(Cc3cc(F)ccc3C#N)c1c2=O,"CHEMBL3687984",4209,Done,2.15,-5.88841,"glide_grid_1X70",-5.89261,-0.385284,-0.556255,-0,-0.892588,-31.7696,-16.329,0.312623,-0.333274,-68.941,-48.0986,3.74806
CS(=O)(=O)n1cc2c(n1)C[N@@H+]([C@H]1CN[C@@H](c3cc(F)ccc3F)[C@@H]([NH3+])C1)C2,"CHEMBL3694421",4210,Done,2.82,-6.43023,"glide_grid_1X70",-6.95643,-0.15355,-0.653846,-0,-1.29488,-24.2925,-23.5306,0.171918,-0.281854,-72.4499,-47.8231,9.45858
CS(=O)(=O)n1cc2c(n1)C[N@@H+]([C@H]1CN[C@@H](c3cc(F)ccc3F)[C@@H](N)C1)C2,"CHEMBL3694421",4211,Done,2.55,-4.79682,"glide_grid_1X70",-5.69692,-0.445502,-0.304,-0,-0.784391,-27.3353,-18.8587,0.246716,-0.21417,-63.34,-46.194,5.97901
CS(=O)(=O)n1cc2c(n1)CN([C@H]1C[NH2+][C@@H](c3cc(F)ccc3F)[C@@H]([NH3+])C1)C2,"CHEMBL3694421",4212,Done,2.27,-5.84685,"glide_grid_1X70",-6.77065,-0.211212,-0.355784,-0,-1.44668,-23.7675,-24.0855,0.245597,-0.20137,-71.5616,-47.853,2.70807
CS(=O)(=O)n1cc2c(n1)CN([C@H]1CN[C@@H](c3cc(F)ccc3F)[C@@H]([NH3+])C1)C2,"CHEMBL3694421",4213,Done,2.77,-4.84422,"glide_grid_1X70",-5.93252,-0.110036,-0.653405,-0,-1.01981,-24.6532,-19.3778,0.246716,-0.256654,-59.9611,-44.0309,11.6658
[NH3+][C@H]1C[C@@H](N2Cc3cn(S(=O)(=O)C4CC4)nc3C2)C[NH2+][C@H]1c1cc(F)c(F)cc1F,"CHEMBL3694422",4214,Done,3.32,-5.44285,"glide_grid_1X70",-6.09305,-0.227586,-0.304789,-0,-0.938443,-26.6972,-23.2722,0.406589,-0.203123,-74.4984,-49.9694,3.9486
[NH3+][C@H]1C[C@@H]([N@H+]2Cc3cn(S(=O)(=O)C4CC4)nc3C2)CN[C@H]1c1cc(F)c(F)cc1F,"CHEMBL3694422",4215,Done,5.5,-6.09912,"glide_grid_1X70",-6.84102,-0.13975,-0.875306,-0,-1.01518,-25.0347,-24.2219,0.284612,-0.210376,-75.6113,-49.2566,5.81701
[NH3+][C@H]1C[C@@H](N2Cc3cn(S(=O)(=O)C4CC4)nc3C2)CN[C@H]1c1cc(F)c(F)cc1F,"CHEMBL3694422",4216,Done,3.79,-5.16704,"glide_grid_1X70",-5.98174,-0.0789228,-0.649722,-0,-1.15238,-23.9875,-19.7865,0.28579,-0.219148,-63.0951,-43.774,6.98688
N[C@H]1C[C@@H]([N@H+]2Cc3cn(S(=O)(=O)C4CC4)nc3C2)CN[C@H]1c1cc(F)c(F)cc1F,"CHEMBL3694422",4217,Done,3.92,-3.54744,"glide_grid_1X70",-4.76754,-0.488529,-0.304,-0,-0.579028,-28.3131,-14.6223,0.408272,-0.195263,-54.965,-42.9354,6.82093
CS(=O)(=O)n1cc2c(n1)CN([C@@H]1C[C@H]([NH3+])[C@@H](c3cc(F)ccc3F)N(CC(N)=O)C1)C2,"CHEMBL3694423",4218,Done,3.14,-7.88274,"glide_grid_1X70",-8.40324,-1.04039,-0.707831,-0,-1.59265,-38.1724,-20.8729,0.203333,-0.226139,-98.063,-59.0453,3.06795
CS(=O)(=O)n1cc2c(n1)C[N@H+]([C@@H]1C[C@H]([NH3+])[C@@H](c3cc(F)ccc3F)N(CC(N)=O)C1)C2,"CHEMBL3694423",4219,Done,3.33,-8.36019,"glide_grid_1X70",-8.94169,-1.07428,-0.568949,-0,-1.4213,-36.1781,-29.87,0.202517,-0.270766,-115.489,-66.0482,2.15886
CS(=O)(=O)n1cc2c(n1)C[N@H+]([C@@H]1C[C@H](N)[C@@H](c3cc(F)ccc3F)N(CC(N)=O)C1)C2,"CHEMBL3694423",4220,Done,3.15,-3.92894,"glide_grid_1X70",-4.98444,-0.653584,-0.640108,-0,-0.402506,-23.6738,-13.8045,0.290476,-0.32435,-49.2272,-37.4783,9.78445
CS(=O)(=O)n1cc2c(n1)CN([C@@H]1C[C@H](N)[C@@H](c3cc(F)ccc3F)N(CC(N)=O)C1)C2,"CHEMBL3694423",4221,Done,3.19,-2.5328,"glide_grid_1X70",-4.4183,-0.36502,-0.450819,-0,-0.682936,-29.7418,-10.2538,0.291649,-0.186012,-47.679,-39.9956,7.281
[NH3+][C@H]1C[C@@H]([N@@H+]2Cc3c[nH]nc3C2)CN(CC(=O)N2CC[C@@H](F)C2)[C@H]1c1cc(F)ccc1F,"CHEMBL3694424",4222,Done,4.6,-6.40381,"glide_grid_1X70",-7.18911,-0.778907,-0.453517,-0,-1.13071,-29.578,-23.1736,0.345765,-0.216801,-79.7785,-52.7516,6.74099
[NH3+][C@H]1C[C@@H]([N@@H+]2Cc3cn[nH]c3C2)CN(CC(=O)N2CC[C@@H](F)C2)[C@H]1c1cc(F)ccc1F,"CHEMBL3694424",4223,Done,5.07,-5.52576,"glide_grid_1X70",-6.31526,-0.370096,-0.433359,-0,-0.734869,-26.8745,-24.6886,0.49395,-0.223879,-76.7191,-51.5631,7.82999
N[C@H]1C[C@@H]([N@@H+]2Cc3cn[nH]c3C2)CN(CC(=O)N2CC[C@@H](F)C2)[C@H]1c1cc(F)ccc1F,"CHEMBL3694424",4224,Done,4.93,-2.91301,"glide_grid_1X70",-3.79571,-0.0585202,-0.187961,-0,-0.804176,-24.1431,-12.3312,0.495966,-0.184184,-46.8164,-36.4743,3.3626
[NH3+][C@H]1C[C@@H](N2Cc3c[nH]nc3C2)CN(CC(=O)N2CC[C@@H](F)C2)[C@H]1c1cc(F)ccc1F,"CHEMBL3694424",4226,Done,4.55,-3.37496,"glide_grid_1X70",-6.06476,-0.800847,-0.554138,-0,-0.750511,-28.0207,-18.6905,0.495966,-0.250619,-56.9842,-46.7112,18.7925
[NH3+][C@H]1C[C@@H](N2Cc3cn[nH]c3C2)CN(CC(=O)N2CC[C@@H](F)C2)[C@H]1c1cc(F)ccc1F,"CHEMBL3694424",4227,Done,3.57,-2.75697,"glide_grid_1X70",-5.45097,-0.574872,-0.370248,-0,-0.741945,-27.7714,-17.7206,0.495966,-0.213205,-58.754,-45.492,18.246
CN1C[C@H]([N@@H+]2Cc3cn(S(C)(=O)=O)nc3C2)C[C@H]([NH3+])[C@H]1c1cc(F)c(F)cc1F,"CHEMBL3697938",4228,Done,2.19,-9.0389,"glide_grid_1X70",-9.5545,-1.18495,-0.597217,-0,-1.88884,-34.775,-30.2194,0.149573,-0.294306,-117.083,-64.9945,0.518311
CN1C[C@H](N2Cc3cn(S(C)(=O)=O)nc3C2)C[C@H]([NH3+])[C@H]1c1cc(F)c(F)cc1F,"CHEMBL3697938",4229,Done,2.21,-8.05438,"glide_grid_1X70",-8.57428,-0.986458,-0.593698,-0,-2.08712,-36.2006,-20.1427,0.150208,-0.225768,-96.1101,-56.3434,0.0309798
CN1C[C@H]([N@@H+]2Cc3cn(S(C)(=O)=O)nc3C2)C[C@H](N)[C@H]1c1cc(F)c(F)cc1F,"CHEMBL3697938",4230,Done,2.01,-2.51991,"glide_grid_1X70",-3.82701,-0.506077,-0.432696,-0,-0.691839,-18.4662,-9.84499,0.214583,-0.0109182,-37.9818,-28.3112,4.0348
C[N@@H+]1C[C@H](N2Cc3cn(S(C)(=O)=O)nc3C2)C[C@H]([NH3+])[C@H]1c1cc(F)c(F)cc1F,"CHEMBL3697938",4231,Done,2.36,-7.04607,"glide_grid_1X70",-9.10547,-1.01663,-0.568175,-0,-2.34077,-36.3039,-21.8288,0.149573,-0.239952,-103.149,-58.1327,0.393419
CN1C[C@H](N2Cc3cn(S(C)(=O)=O)nc3C2)C[C@H](N)[C@H]1c1cc(F)c(F)cc1F,"CHEMBL3697938",4232,Done,2.26,-2.42842,"glide_grid_1X70",-4.63092,-0.458045,-0.471108,-0,-0.8397,-27.3852,-10.0668,0.215496,-0.19829,-45.2123,-37.4519,7.24615
CS(=O)(=O)n1cc2c(n1)C[N@@H+]([C@@H]1C[C@H]([NH3+])[C@@H](c3cc(F)ccc3F)N(C(=O)C(F)(F)F)C1)C2,"CHEMBL3697939",4234,Done,2.67,-6.34156,"glide_grid_1X70",-7.30756,-0.743667,-0.519212,-0,-0.369386,-37.9843,-24.3402,0.174386,-0.299447,-90.5657,-62.3244,10.9473
CS(=O)(=O)n1cc2c(n1)C[N@@H+]([C@@H]1C[C@H](N)[C@@H](c3cc(F)ccc3F)N(C(=O)C(F)(F)F)C1)C2,"CHEMBL3697939",4235,Done,2.76,-4.39969,"glide_grid_1X70",-5.51499,-0.799456,-0.429747,-0,-0.0850563,-37.7231,-15.6475,0.250054,-0.217503,-63.9815,-53.3705,5.97496
CS(=O)(=O)n1cc2c(n1)C[N@H+]([C@@H]1C[C@H]([NH3+])[C@@H](c3cc(F)ccc3F)N(CCO)C1)C2,"CHEMBL3697940",4237,Done,4.24,-8.55696,"glide_grid_1X70",-9.09846,-1.07136,-0.647692,-0,-1.65897,-34.6435,-33.3147,0.284583,-0.272842,-113.969,-67.9583,9.39835
CS(=O)(=O)n1cc2c(n1)CN([C@@H]1C[C@H]([NH3+])[C@@H](c3cc(F)ccc3F)N(CCO)C1)C2,"CHEMBL3697940",4238,Done,3.67,-7.19671,"glide_grid_1X70",-8.13631,-1.05076,-0.597045,-0,-1.72757,-38.3418,-19.5715,0.285761,-0.193878,-94.2475,-57.9133,2.51374
CS(=O)(=O)n1cc2c(n1)C[N@H+]([C@@H]1C[C@H](N)[C@@H](c3cc(F)ccc3F)N(CCO)C1)C2,"CHEMBL3697940",4239,Done,3.9,-2.76027,"glide_grid_1X70",-3.73937,-0.256942,-0.477604,-0,-0.453065,-19.621,-12.4011,0.408231,-0.118766,-31.6891,-32.0221,25.5082
CS(=O)(=O)n1cc2c(n1)CN([C@@H]1C[C@H](N)[C@@H](c3cc(F)ccc3F)[N@H+](CCO)C1)C2,"CHEMBL3697940",4240,Done,3.21,-5.3153,"glide_grid_1X70",-6.4287,-0.959896,-0.530317,-0,-1.33109,-26.6474,-17.1431,0.408231,-0.111806,-53.0842,-43.7904,16.9677
CS(=O)(=O)n1cc2c(n1)C[N@H+]([C@@H]1C[C@H]([NH3+])[C@@H](c3cc(F)ccc3F)N(CC3CC3)C1)C2,"CHEMBL3697941",4243,Done,3.27,-7.66896,"glide_grid_1X70",-8.87766,-1.04984,-0.486147,-0,-1.59634,-34.8439,-30.4412,0.273239,-0.276379,-112.567,-65.2851,0.899576
CS(=O)(=O)n1cc2c(n1)CN([C@@H]1C[C@H]([NH3+])[C@@H](c3cc(F)ccc3F)N(CC3CC3)C1)C2,"CHEMBL3697941",4245,Done,3.12,-6.11009,"glide_grid_1X70",-7.94589,-1.02101,-0.591848,-0,-1.60828,-37.6855,-19.2735,0.274347,-0.223789,-93.1044,-56.959,1.02173
CS(=O)(=O)n1cc2c(n1)CN([C@@H]1C[C@H]([NH3+])[C@@H](c3cc(F)ccc3F)[N@H+](CC3CC3)C1)C2,"CHEMBL3697941",4246,Done,3.4,-5.94852,"glide_grid_1X70",-8.52022,-1.15089,-0.568836,-0,-1.6657,-42.8277,-20.3639,0.273239,-0.212065,-102.744,-63.1916,5.26409
C[C@H](F)CN1C[C@H]([N@@H+]2Cc3cn(S(C)(=O)=O)nc3C2)C[C@H]([NH3+])[C@H]1c1cc(F)ccc1F,"CHEMBL3697942",4247,Done,3.12,-8.58064,"glide_grid_1X70",-9.05824,-1.01102,-0.482488,-0,-1.79159,-31.8991,-32.3717,0.200101,-0.378293,-109.74,-64.2708,9.22874
C[C@H](F)CN1C[C@H](N2Cc3cn(S(C)(=O)=O)nc3C2)C[C@H]([NH3+])[C@H]1c1cc(F)ccc1F,"CHEMBL3697942",4248,Done,3.74,-7.41095,"glide_grid_1X70",-8.24125,-0.979932,-0.581143,-0,-1.56055,-36.7085,-21.0735,0.200902,-0.324079,-92.3961,-57.782,7.98
C[C@H](F)CN1C[C@H](N2Cc3cn(S(C)(=O)=O)nc3C2)C[C@H](N)[C@H]1c1cc(F)ccc1F,"CHEMBL3697942",4250,Done,3.19,-2.34347,"glide_grid_1X70",-4.14757,-0.578242,-0.513282,-0,-0.592389,-27.1856,-8.0096,0.288156,-0.191095,-38.466,-35.1952,13.417
C[C@H](F)C[N@@H+]1C[C@H](N2Cc3cn(S(C)(=O)=O)nc3C2)C[C@H](N)[C@H]1c1cc(F)ccc1F,"CHEMBL3697942",4251,Done,2.79,-1.18309,"glide_grid_1X70",-3.26839,-0.770174,-0.261715,-0,-0.466445,-12.5974,-7.85167,0.287003,-0.249444,-18.0875,-20.449,22.6367
[NH3+][C@H]1C[C@@H]([N@@H+]2Cc3cn[nH]c3C2)CN(CC[N@@H+]2CCC(F)(F)C2)[C@H]1c1cc(F)ccc1F,"CHEMBL3697943",4253,Done,6.59,-6.38847,"glide_grid_1X70",-7.38847,-0.876224,-0.69385,-0,-0.666136,-29.2771,-26.631,0.484102,-0.17786,-80.581,-55.9081,17.4858
[NH3+][C@H]1C[C@@H]([N@@H+]2Cc3c[nH]nc3C2)CN(CCN2CCC(F)(F)C2)[C@H]1c1cc(F)ccc1F,"CHEMBL3697943",4254,Done,6.96,-4.5058,"glide_grid_1X70",-5.7087,-0.870668,-0.261471,-0,-0.624518,-28.3568,-18.889,0.486058,-0.186911,-60.8178,-47.2458,20.0792
[NH3+][C@H]1C[C@@H]([N@@H+]2Cc3cn[nH]c3C2)CN(CCN2CCC(F)(F)C2)[C@H]1c1cc(F)ccc1F,"CHEMBL3697943",4255,Done,8.77,-5.96686,"glide_grid_1X70",-7.17626,-0.742519,-0.744281,-0,-0.584743,-30.2994,-25.8782,0.486058,-0.194079,-81.3812,-56.1776,15.7422
N[C@H]1C[C@@H]([N@@H+]2Cc3cn[nH]c3C2)CN(CC[N@@H+]2CCC(F)(F)C2)[C@H]1c1cc(F)ccc1F,"CHEMBL3697943",4256,Done,5.24,-2.86753,"glide_grid_1X70",-4.12163,-0.608804,-0.268922,-0,-1.0717,-27.5116,-7.18025,0.486058,-0.205653,-47.5915,-34.6918,2.66639
N[C@H]1C[C@@H]([N@@H+]2Cc3cn[nH]c3C2)CN(CCN2CCC(F)(F)C2)[C@H]1c1cc(F)ccc1F,"CHEMBL3697943",4258,Done,7.46,-3.7747,"glide_grid_1X70",-5.4841,-0.850189,-0.526004,-0,-0.414271,-27.8623,-17.9653,0.488025,-0.0937417,-56.0188,-45.8276,15.6812
N[C@H]1C[C@@H]([N@@H+]2Cc3c[nH]nc3C2)CN(CCN2CCC(F)(F)C2)[C@H]1c1cc(F)ccc1F,"CHEMBL3697943",4259,Done,6.78,-2.87659,"glide_grid_1X70",-4.59249,-0.674758,-0.405456,-0,-0.369534,-30.5656,-12.9632,0.488025,-0.158004,-48.4515,-43.5289,17.689
Cn1cc(CCN2C[C@H]([N@@H+]3Cc4c[nH]nc4C3)C[C@H]([NH3+])[C@H]2c2cc(F)ccc2F)cn1,"CHEMBL3697944",4260,Done,4.48,-8.23305,"glide_grid_1X70",-8.91145,-1.05002,-0.487927,-0,-1.7261,-37.9506,-26.6179,0.37704,-0.134227,-110.171,-64.5685,4.00467
Cn1cc(CCN2C[C@H]([N@@H+]3Cc4cn[nH]c4C3)C[C@H]([NH3+])[C@H]2c2cc(F)ccc2F)cn1,"CHEMBL3697944",4261,Done,5.65,-8.09561,"glide_grid_1X70",-8.77821,-1.22241,-0.507739,-0,-1.83907,-36.6652,-24.009,0.37704,-0.151422,-106.455,-60.6742,2.10426
Cn1cc(CCN2C[C@H]([N@@H+]3Cc4cn[nH]c4C3)C[C@H](N)[C@H]2c2cc(F)ccc2F)cn1,"CHEMBL3697944",4262,Done,3.99,-5.17112,"glide_grid_1X70",-6.20112,-1.28507,-0.42136,-0,-1.25984,-32.7046,-13.8859,0.540926,-0.0576696,-68.8901,-46.5905,1.40431
Cn1cc(CCN2C[C@H]([N@@H+]3Cc4c[nH]nc4C3)C[C@H](N)[C@H]2c2cc(F)ccc2F)cn1,"CHEMBL3697944",4263,Done,3.79,-3.09547,"glide_grid_1X70",-4.12967,-0.675553,-0.490367,-0,-0.733613,-26.0436,-8.91972,0.540926,-0.130923,-42.5114,-34.9634,14.2166
[NH3+][C@H]1C[C@@H]([N@@H+]2Cc3c[nH]nc3C2)CN(Cc2cnccn2)[C@H]1c1cc(F)ccc1F,"CHEMBL3697945",4264,Done,2.73,-6.21019,"glide_grid_1X70",-6.92199,-0.78688,-0.427155,-0,-0.814998,-33.776,-23.002,0.461608,-0.215461,-79.2621,-56.778,11.5525
[NH3+][C@H]1C[C@@H]([N@@H+]2Cc3cn[nH]c3C2)CN(Cc2cnccn2)[C@H]1c1cc(F)ccc1F,"CHEMBL3697945",4265,Done,2.78,-6.84764,"glide_grid_1X70",-7.56364,-0.752936,-0.659917,-0,-0.814998,-32.0936,-27.4942,0.461608,-0.19272,-78.4786,-59.5878,30.0023
N[C@H]1C[C@@H]([N@@H+]2Cc3cn[nH]c3C2)CN(Cc2cnccn2)[C@H]1c1cc(F)ccc1F,"CHEMBL3697945",4266,Done,3.04,-4.62386,"glide_grid_1X70",-5.60816,-0.742589,-0.60364,-0,-0.596871,-30.6025,-16.6051,0.463646,-0.107818,-60.3196,-47.2075,7.50515
N[C@H]1C[C@@H]([N@@H+]2Cc3c[nH]nc3C2)CN(Cc2cnccn2)[C@H]1c1cc(F)ccc1F,"CHEMBL3697945",4267,Done,2.9,-4.0955,"glide_grid_1X70",-5.084,-0.74884,-0.28997,-0,-0.596871,-34.8885,-13.5679,0.463646,-0.132359,-58.1781,-48.4564,8.33741
[NH3+][C@H]1C[C@@H](N2Cc3c[nH]nc3C2)CN(Cc2cnccn2)[C@H]1c1cc(F)ccc1F,"CHEMBL3697945",4268,Done,2.31,-3.43509,"glide_grid_1X70",-6.10149,-0.575939,-0.431899,-0,-0.821871,-33.2675,-19.0427,0.463646,-0.215652,-63.6008,-52.3102,22.7216
[NH3+][C@H]1C[C@@H](N2Cc3cn[nH]c3C2)CN(Cc2cnccn2)[C@H]1c1cc(F)ccc1F,"CHEMBL3697945",4269,Done,2.24,-4.33044,"glide_grid_1X70",-7.00104,-0.868606,-0.813596,-0,-0.821871,-30.0906,-21.695,0.463646,-0.201831,-74.1733,-51.7856,12.243
CS(=O)(=O)n1cc2c(n1)CN([C@@H]1C[C@H]([NH3+])[C@@H](c3cc(F)ccc3F)N(Cc3cncnc3)C1)C2,"CHEMBL3697946",4270,Done,3.32,-7.18787,"glide_grid_1X70",-7.70787,-0.953402,-0.566216,-0,-1.22758,-41.9678,-19.1323,0.236801,-0.229231,-89.6881,-61.1001,16.1434
CS(=O)(=O)n1cc2c(n1)C[N@H+]([C@@H]1C[C@H]([NH3+])[C@@H](c3cc(F)ccc3F)N(Cc3cncnc3)C1)C2,"CHEMBL3697946",4271,Done,3.39,-7.83243,"glide_grid_1X70",-8.41063,-0.889088,-0.704501,-0,-1.309,-32.1364,-26.2217,0.235913,-0.203883,-99.6039,-58.3581,12.2375
CS(=O)(=O)n1cc2c(n1)C[N@H+]([C@@H]1C[C@H](N)[C@@H](c3cc(F)ccc3F)N(Cc3cncnc3)C1)C2,"CHEMBL3697946",4272,Done,3.27,-4.09175,"glide_grid_1X70",-5.15365,-0.608733,-0.588752,-0,-0.230726,-36.3937,-12.8317,0.338287,-0.319286,-61.4432,-49.2254,9.74826
CS(=O)(=O)n1cc2c(n1)CN([C@@H]1C[C@H](N)[C@@H](c3cc(F)ccc3F)N(Cc3cncnc3)C1)C2,"CHEMBL3697946",4273,Done,3.2,-2.61845,"glide_grid_1X70",-4.51315,-0.590486,-0.429912,-0,-0.509629,-35.4839,-9.09752,0.339563,-0.183861,-43.2806,-44.5814,27.426
[NH3+][C@H]1C[C@@H]([N@@H+]2Cc3cn[nH]c3C2)CN(Cc2cn[nH]c2)[C@H]1c1cc(F)ccc1F,"CHEMBL3697947",4275,Done,2.75,-6.13916,"glide_grid_1X70",-6.85076,-0.413959,-0.582584,-0,-0.89689,-34.3959,-23.4166,0.486805,-0.211847,-75.454,-57.8125,28.0045
N[C@H]1C[C@@H]([N@@H+]2Cc3cn[nH]c3C2)CN(Cc2cn[nH]c2)[C@H]1c1cc(F)ccc1F,"CHEMBL3697947",4276,Done,3.26,-3.1245,"glide_grid_1X70",-4.1158,-0.488069,-0.307836,-0,-0.903762,-31.0847,-7.60458,0.489013,-0.210221,-50.3678,-38.6893,2.54281
[NH3+][C@H]1C[C@@H](N2Cc3c[nH]nc3C2)CN(Cc2cn[nH]c2)[C@H]1c1cc(F)ccc1F,"CHEMBL3697947",4278,Done,2.13,-3.84782,"glide_grid_1X70",-6.51312,-0.430655,-0.53258,-0,-0.903762,-33.0606,-21.7855,0.489013,-0.21428,-70.1635,-54.8461,21.1326
[NH3+][C@H]1C[C@@H](N2Cc3cn[nH]c3C2)CN(Cc2cn[nH]c2)[C@H]1c1cc(F)ccc1F,"CHEMBL3697947",4279,Done,2.61,-4.31621,"glide_grid_1X70",-6.98571,-0.575793,-0.74948,-0,-0.903762,-33.2562,-22.4614,0.489013,-0.21367,-80.5939,-55.7176,10.132
CS(=O)(=O)N1C[C@@H](N2Cc3cn(S(C)(=O)=O)nc3C2)C[C@H]([NH3+])[C@H]1c1cc(F)ccc1F,"CHEMBL3697948",4280,Done,2.93,-3.37099,"glide_grid_1X70",-3.80719,-0.632292,-0.487642,-0,-0.384934,-1.49397,-12.2803,0.178346,-0.563915,-24.3857,-13.7743,7.98624
CS(=O)(=O)N1C[C@@H]([N@@H+]2Cc3cn(S(C)(=O)=O)nc3C2)C[C@H]([NH3+])[C@H]1c1cc(F)ccc1F,"CHEMBL3697948",4281,Done,2.89,-3.59919,"glide_grid_1X70",-4.49829,-0.400844,-0.511212,-0,-0.378061,7.32237,-21.5576,0.177658,-0.518315,-23.8541,-14.2352,16.0809
CS(=O)(=O)n1cc2c(n1)CN([C@H]1C[C@H](N)[C@@H](c3cc(F)ccc3F)N(Cc3cn[nH]c3)C1)C2,"CHEMBL3697949",4287,Done,3.61,-2.02045,"glide_grid_1X70",-3.71455,-0.495137,-0.346691,-0,-0.153193,-35.8815,-7.76791,0.355343,-0.115612,-43.7192,-43.6494,21.5199
N#C[C@@H]1CCCN1C(=O)C[NH2+]C[C@H](O)COc1ccccc1,"CHEMBL3704833",4289,Done,9.41,-5.69685,"glide_grid_1X70",-5.92185,-1.52997,-0.2,-0,-1.74013,-33.8107,-13.557,1.39347,-0.121146,-65.8708,-47.3676,8.1439
N#C[C@@H]1CCCN1C(=O)CNC[C@H](O)COc1ccccc1,"CHEMBL3704833",4290,Done,12.94,-4.22428,"glide_grid_1X70",-4.90678,-1.48869,-0.152,-0,-2.11837,-33.2307,-5.76382,1.40159,-0.0232064,-45.3813,-38.9945,13.7036
O=C(C[NH2+]C[C@H](O)COc1ccccc1)N1CCCC1,"CHEMBL3704834",4291,Done,14.05,-5.48167,"glide_grid_1X70",-5.60567,-1.55233,-0.195165,-0,-2.3481,-27.4543,-18.631,2.77425,-0.116956,-64.7794,-46.0853,11.3295
O=C(CNC[C@H](O)COc1ccccc1)N1CCCC1,"CHEMBL3704834",4292,Done,22.26,-2.72111,"glide_grid_1X70",-3.70861,-1.46358,-0.141283,-0,-1.95176,-30.9026,-9.24504,2.79172,-0.0118114,-44.245,-40.1477,12.6883
CC(C)[C@H]([NH2+]C[C@H](O)COc1ccccc1)C(=O)N1CCCC1,"CHEMBL3704835",4293,Done,17.57,-5.18711,"glide_grid_1X70",-5.27031,-1.40331,-0.191937,-0,-1.93223,-28.462,-8.55434,1.08516,-0.121746,-51.0167,-37.0164,10.9838
CC(C)[C@H](NC[C@H](O)COc1ccccc1)C(=O)N1CCCC1,"CHEMBL3704835",4294,Done,25.25,-3.5674,"glide_grid_1X70",-4.7714,-1.5711,-0.144869,-0,-1.62945,-32.9907,-5.55041,1.09119,-0.0350739,-44.0937,-38.5411,15.2029
CC[C@H](C)[C@H]([NH2+]C[C@H](O)COc1ccccc1)C(=O)N1CCCC1,"CHEMBL3704836",4295,Done,23.92,-5.34565,"glide_grid_1X70",-5.43495,-1.21548,-0.22472,-0,-1.71024,-27.3195,-13.1809,1.17401,-0.11541,-55.7085,-40.5004,9.29384
CC[C@H](C)[C@H](NC[C@H](O)COc1ccccc1)C(=O)N1CCCC1,"CHEMBL3704836",4296,Done,29.4,-1.94864,"glide_grid_1X70",-3.11394,-1.59408,-0.148432,-0,0.282456,-34.4466,-7.21106,1.18028,-0.0301811,-39.551,-41.6576,11.6427
CS(=O)(=O)[N-]c1n[nH]c2c1C[N@@H+]([C@H]1CO[C@H](c3cc(F)ccc3F)[C@@H]([NH3+])C1)C2,"CHEMBL3734769",4297,Done,3.2,-8.90317,"glide_grid_1X70",-8.98597,-1.18399,-0.4596,-0,-2.30138,-33.3928,-23.2458,0.241306,-0.1258,-101.674,-56.6386,4.46662
CS(=O)(=O)[N-]c1n[nH]c2c1C[N@@H+]([C@H]1CO[C@H](c3cc(F)ccc3F)[C@@H](N)C1)C2,"CHEMBL3734769",4298,Done,2.85,-5.314,"glide_grid_1X70",-6.6631,-0.940036,-0.373262,-0,-1.3435,-30.6681,-17.5255,0.346242,-0.190317,-71.7971,-48.1936,1.72489
CS(=O)(=O)[N-]c1n[nH]c2c1CN([C@H]1CO[C@H](c3cc(F)ccc3F)[C@@H]([NH3+])C1)C2,"CHEMBL3734769",4299,Done,2.9,-6.16104,"glide_grid_1X70",-8.28334,-0.860114,-0.53634,-0,-1.96554,-31.1556,-22.1409,0.242369,-0.284795,-92.1001,-53.2965,3.10913
CCS(=O)(=O)[N-]c1n[nH]c2c1C[N@H+]([C@H]1CO[C@H](c3cc(F)ccc3F)[C@@H]([NH3+])C1)C2,"CHEMBL3734828",4300,Done,4.07,-9.24916,"glide_grid_1X70",-9.33186,-1.04465,-0.81642,-0,-1.78132,-32.6931,-28.0764,0.302949,-0.357766,-110.861,-60.7695,2.28959
CCS(=O)(=O)[N-]c1n[nH]c2c1C[N@H+]([C@H]1CO[C@H](c3cc(F)ccc3F)[C@@H](N)C1)C2,"CHEMBL3734828",4301,Done,3.52,-5.92241,"glide_grid_1X70",-7.27131,-1.06468,-0.635456,-0,-1.27944,-27.6159,-20.9446,0.434633,-0.203889,-73.8797,-48.5605,4.06615
CCS(=O)(=O)[N-]c1n[nH]c2c1CN([C@H]1CO[C@H](c3cc(F)ccc3F)[C@@H]([NH3+])C1)C2,"CHEMBL3734828",4302,Done,3.5,-5.82108,"glide_grid_1X70",-7.94828,-0.90642,-0.536633,-0,-1.91469,-29.1425,-21.0848,0.304243,-0.274941,-86.1233,-50.2273,3.81481
CCCS(=O)(=O)n1cc2c(n1)CN([C@H]1CO[C@H](c3cc(F)ccc3F)[C@@H]([NH3+])C1)C2,"CHEMBL3734912",4303,Done,3.33,-8.46169,"glide_grid_1X70",-8.68109,-1.14128,-0.680602,-0,-1.81608,-32.6033,-23.0329,0.304218,-0.262257,-96.1434,-55.6362,0.673863
CCCS(=O)(=O)n1cc2c(n1)C[N@H+]([C@H]1CO[C@H](c3cc(F)ccc3F)[C@@H]([NH3+])C1)C2,"CHEMBL3734912",4304,Done,3.85,-8.20573,"glide_grid_1X70",-8.96503,-1.08949,-0.613212,-0,-1.70362,-31.5872,-28.9978,0.302923,-0.282265,-105.27,-60.5851,2.13165
[NH3+][C@H]1C[C@@H]([N@H+]2Cc3[nH]nc(NC(=O)C4CC4)c3C2)CO[C@@H]1c1cc(F)ccc1F,"CHEMBL3734964",4306,Done,3.45,-8.01774,"glide_grid_1X70",-8.63544,-0.639415,-1.02733,-0,-1.91431,-31.3025,-24.791,0.418442,-0.189049,-95.3527,-56.0935,11.1623
[NH3+][C@H]1C[C@@H]([N@H+]2Cc3n[nH]c(NC(=O)C4CC4)c3C2)CO[C@@H]1c1cc(F)ccc1F,"CHEMBL3734964",4307,Done,3.53,-8.40055,"glide_grid_1X70",-9.11405,-1.1619,-0.818142,-0,-2.22075,-37.7467,-22.0522,0.418442,-0.136542,-103.534,-59.7989,9.31715
[NH3+][C@H]1C[C@@H](N2Cc3n[nH]c(NC(=O)C4CC4)c3C2)CO[C@@H]1c1cc(F)ccc1F,"CHEMBL3734964",4308,Done,2.75,-7.19791,"glide_grid_1X70",-8.33501,-1.07305,-0.825354,-0,-2.32036,-35.0157,-17.5037,0.420323,-0.160228,-86.9326,-52.5194,4.31392
[NH3+][C@H]1C[C@@H](N2Cc3[nH]nc(NC(=O)C4CC4)c3C2)CO[C@@H]1c1cc(F)ccc1F,"CHEMBL3734964",4309,Done,3.63,-6.87885,"glide_grid_1X70",-8.11175,-0.677308,-0.999699,-0,-1.92319,-34.1967,-20.1177,0.420323,-0.204385,-86.2635,-54.3144,12.0012
N[C@H]1C[C@@H]([N@H+]2Cc3[nH]nc(NC(=O)C4CC4)c3C2)CO[C@@H]1c1cc(F)ccc1F,"CHEMBL3734964",4310,Done,3.19,-3.98699,"glide_grid_1X70",-5.87099,-1.27354,-0.366472,-0,-1.72029,-38.0604,-7.81904,0.600461,-0.0352762,-60.6812,-45.8794,8.94422
N[C@H]1C[C@@H]([N@H+]2Cc3n[nH]c(NC(=O)C4CC4)c3C2)CO[C@@H]1c1cc(F)ccc1F,"CHEMBL3734964",4311,Done,2.95,-4.20297,"glide_grid_1X70",-6.19947,-1.09435,-0.577798,-0,-1.47127,-33.5969,-12.7542,0.600461,-0.0635383,-64.5365,-46.3511,2.43305
[NH3+][C@H]1C[C@@H]([N@H+]2Cc3[nH]nc([N-]S(=O)(=O)C4CC4)c3C2)CO[C@@H]1c1cc(F)ccc1F,"CHEMBL3734999",4312,Done,5.51,-8.66647,"glide_grid_1X70",-8.74917,-0.856859,-0.562885,-0,-1.81959,-31.4119,-28.8039,0.360175,-0.299417,-106.432,-60.2158,2.4777
N[C@H]1C[C@@H]([N@H+]2Cc3[nH]nc([N-]S(=O)(=O)C4CC4)c3C2)CO[C@@H]1c1cc(F)ccc1F,"CHEMBL3734999",4313,Done,6.24,-5.10371,"glide_grid_1X70",-6.45261,-0.965923,-0.370923,-0,-1.18424,-31.5289,-17.8422,0.516679,-0.195426,-71.0057,-49.3711,1.32699
[NH3+][C@H]1C[C@@H](N2Cc3[nH]nc([N-]S(=O)(=O)C4CC4)c3C2)CO[C@@H]1c1cc(F)ccc1F,"CHEMBL3734999",4314,Done,3.86,-5.79882,"glide_grid_1X70",-7.92602,-0.922064,-0.46838,-0,-1.82383,-32.5243,-21.0899,0.361675,-0.28372,-91.9099,-53.6142,1.71505
[NH3+][C@H]1C[C@@H](N2Cc3n[nH]c(NC(=O)c4nccs4)c3C2)CO[C@@H]1c1cc(F)ccc1F,"CHEMBL3735129",4315,Done,2.65,-6.16614,"glide_grid_1X70",-6.83574,-0.883779,-0.52709,-0,-1.49987,-37.9372,-14.9773,0.350016,-0.131569,-82.1712,-52.9145,9.5251
[NH3+][C@H]1C[C@@H](N2Cc3[nH]nc(NC(=O)c4nccs4)c3C2)CO[C@@H]1c1cc(F)ccc1F,"CHEMBL3735129",4316,Done,3.41,-4.82605,"glide_grid_1X70",-5.59145,-1.03224,-0.471715,-0,-1.0488,-24.7084,-14.5453,0.500023,-0.121508,-59.7236,-39.2537,10.2838
[NH3+][C@H]1C[C@@H]([N@H+]2Cc3[nH]nc(NC(=O)c4nccs4)c3C2)CO[C@@H]1c1cc(F)ccc1F,"CHEMBL3735129",4317,Done,3.42,-6.76027,"glide_grid_1X70",-7.66457,-1.03464,-0.877305,-0,-0.225875,-39.0974,-24.8833,0.348587,-0.187962,-90.8278,-63.9807,16.1503
[NH3+][C@H]1C[C@@H]([N@H+]2Cc3n[nH]c(NC(=O)c4nccs4)c3C2)CO[C@@H]1c1cc(F)ccc1F,"CHEMBL3735129",4318,Done,2.82,-6.93645,"glide_grid_1X70",-7.93655,-0.793545,-0.729206,-0,-1.63187,-32.4494,-22.5344,0.348587,-0.127877,-91.7433,-54.9838,3.27264
CCS(=O)(=O)n1cc2c(n1)CN([C@H]1CO[C@H](c3cc(F)ccc3F)[C@@H]([NH3+])C1)C2,"CHEMBL3735281",4319,Done,2.95,-8.65706,"glide_grid_1X70",-8.90436,-1.16657,-0.685516,-0,-1.869,-33.1789,-23.4187,0.242348,-0.253877,-97.2689,-56.5976,1.82042
CCS(=O)(=O)n1cc2c(n1)C[N@H+]([C@H]1CO[C@H](c3cc(F)ccc3F)[C@@H]([NH3+])C1)C2,"CHEMBL3735281",4320,Done,2.76,-8.53453,"glide_grid_1X70",-9.23583,-1.13912,-0.489799,-0,-1.92581,-33.2607,-28.5001,0.241285,-0.25935,-107.71,-61.7607,0.780018
CCS(=O)(=O)n1cc2c(n1)C[N@H+]([C@H]1CO[C@H](c3cc(F)ccc3F)[C@@H](N)C1)C2,"CHEMBL3735281",4321,Done,3.77,-3.68117,"glide_grid_1X70",-5.66547,-1.45452,-0.466771,-0,-1.85775,-17.8565,-7.80417,0.346211,-0.169193,-39.8576,-25.6607,6.59097
[NH3+][C@H]1C[C@@H](N2Cc3cn(S(=O)(=O)C4CC4)nc3C2)CO[C@@H]1c1cc(F)ccc1F,"CHEMBL3735329",4322,Done,2.88,-8.60604,"glide_grid_1X70",-8.82544,-1.13561,-0.609693,-0,-1.88189,-37.549,-22.5816,0.306832,-0.240386,-102.696,-60.1306,0.820807
[NH3+][C@H]1C[C@@H]([N@H+]2Cc3cn(S(=O)(=O)C4CC4)nc3C2)CO[C@@H]1c1cc(F)ccc1F,"CHEMBL3735329",4323,Done,3.22,-8.01036,"glide_grid_1X70",-8.76966,-0.907383,-0.534828,-0,-1.87482,-35.9755,-24.7441,0.305521,-0.247766,-105.412,-60.7196,0.451475
N[C@H]1C[C@@H]([N@H+]2Cc3cn(S(=O)(=O)C4CC4)nc3C2)CO[C@@H]1c1cc(F)ccc1F,"CHEMBL3735329",4324,Done,3.01,-2.45303,"glide_grid_1X70",-4.49533,-0.46274,-0.518083,-0,-0.572777,-24.6221,-12.7218,0.438331,-0.240692,-44.8178,-37.3438,12.9323
[NH3+][C@H]1C[C@@H]([N@H+]2Cc3[nH]nc([N-]S(=O)(=O)Cc4ccncc4)c3C2)CO[C@@H]1c1cc(F)ccc1F,"CHEMBL3735433",4325,Done,5.79,-8.28868,"glide_grid_1X70",-8.37618,-1.1304,-0.504213,-0,-1.65649,-38.8649,-21.5105,0.294916,-0.210177,-98.2928,-60.3753,7.51839
N[C@H]1C[C@@H]([N@H+]2Cc3[nH]nc([N-]S(=O)(=O)Cc4ccncc4)c3C2)CO[C@@H]1c1cc(F)ccc1F,"CHEMBL3735433",4326,Done,6.15,-4.87184,"glide_grid_1X70",-6.24974,-0.998242,-0.395858,-0,-0.869819,-32.3327,-17.2727,0.422896,-0.201185,-71.1125,-49.6054,4.9828
[NH3+][C@H]1C[C@@H](N2Cc3[nH]nc([N-]S(=O)(=O)Cc4ccncc4)c3C2)CO[C@@H]1c1cc(F)ccc1F,"CHEMBL3735433",4327,Done,5.58,-6.10617,"glide_grid_1X70",-8.42647,-0.658387,-0.855664,-0,-1.34201,-30.3071,-27.7344,0.296027,-0.35108,-88.8467,-58.0415,19.5492
[NH3+][C@H]1C[C@@H]([N@H+]2Cc3[nH]nc([N-]S(=O)(=O)Cc4cc[nH+]cc4)c3C2)CO[C@@H]1c1cc(F)ccc1F,"CHEMBL3735433",4328,Done,5.5,-5.695,"glide_grid_1X70",-8.1529,-0.874747,-0.465864,-0,-1.2435,-30.3459,-30.9872,0.293812,-0.345309,-105.234,-61.3331,5.08716
[NH3+][C@H]1C[C@@H]([N@H+]2Cc3[nH]nc([N-]S(=O)(=O)CC(F)(F)F)c3C2)CO[C@@H]1c1cc(F)ccc1F,"CHEMBL3735461",4329,Done,5.97,-8.54755,"glide_grid_1X70",-8.63405,-0.954201,-0.504271,-0,-1.78849,-30.5235,-25.4779,0.305158,-0.344399,-100.443,-56.0014,6.62015
N[C@H]1C[C@@H]([N@H+]2Cc3[nH]nc([N-]S(=O)(=O)CC(F)(F)F)c3C2)CO[C@@H]1c1cc(F)ccc1F,"CHEMBL3735461",4330,Done,5.67,-5.10302,"glide_grid_1X70",-6.45582,-0.987863,-0.393835,-0,-0.96397,-32.654,-17.5129,0.43761,-0.288122,-72.0505,-50.167,3.91372
[NH3+][C@H]1C[C@@H](N2Cc3[nH]nc([N-]S(=O)(=O)CC(F)(F)F)c3C2)CO[C@@H]1c1cc(F)ccc1F,"CHEMBL3735461",4331,Done,4.82,-6.05281,"glide_grid_1X70",-8.05761,-0.996361,-0.52603,-0,-1.65446,-33.3945,-21.003,0.306327,-0.366919,-93.311,-54.3974,4.24274
CC(C)S(=O)(=O)c1[nH]nc2c1CN([C@H]1CO[C@H](c3cc(F)ccc3F)[C@@H]([NH3+])C1)C2,"CHEMBL3735694",4332,Done,2.94,-8.61002,"glide_grid_1X70",-9.02862,-1.20596,-0.875976,-0,-2.14417,-36.9144,-19.6458,0.228163,-0.238079,-94.9436,-56.5603,3.66624
CC(C)S(=O)(=O)c1n[nH]c2c1CN([C@H]1CO[C@H](c3cc(F)ccc3F)[C@@H]([NH3+])C1)C2,"CHEMBL3735694",4333,Done,2.97,-7.4839,"glide_grid_1X70",-7.9025,-1.02029,-0.627223,-0,-2.17966,-35.4019,-15.1952,0.228163,-0.254126,-82.8214,-50.597,4.34232
CC(C)S(=O)(=O)c1n[nH]c2c1C[N@@H+]([C@H]1CO[C@H](c3cc(F)ccc3F)[C@@H]([NH3+])C1)C2,"CHEMBL3735694",4334,Done,3.28,-6.03821,"glide_grid_1X70",-8.59761,-1.07351,-0.534996,-0,-2.04249,-34.8716,-21.0027,0.227193,-0.279808,-96.2881,-55.8744,2.52617
[NH3+][C@H]1C[C@@H](N2Cc3[nH]nc(S(=O)(=O)c4ccccc4)c3C2)CO[C@@H]1c1cc(F)ccc1F,"CHEMBL3735843",4335,Done,2.94,-7.49058,"glide_grid_1X70",-7.72288,-0.90547,-0.593719,-0,-1.82552,-39.8322,-16.3701,0.264724,-0.21577,-87.1082,-56.2023,6.92517
[NH3+][C@H]1C[C@@H](N2Cc3n[nH]c(S(=O)(=O)c4ccccc4)c3C2)CO[C@@H]1c1cc(F)ccc1F,"CHEMBL3735843",4336,Done,3.01,-7.3698,"glide_grid_1X70",-8.0988,-1.05344,-0.665867,-0,-1.55488,-38.8576,-19.7296,0.264724,-0.187013,-90.0744,-58.5872,11.4205
[NH3+][C@H]1C[C@@H]([N@H+]2Cc3[nH]nc(S(=O)(=O)c4ccccc4)c3C2)CO[C@@H]1c1cc(F)ccc1F,"CHEMBL3735843",4337,Done,3.33,-6.29967,"glide_grid_1X70",-8.55617,-0.931719,-0.486579,-0,-1.88668,-36.9622,-23.3446,0.263673,-0.165064,-101.297,-60.3068,3.83946
Cn1cnc(S(=O)(=O)n2ncc3c2CN([C@H]2CO[C@H](c4cc(F)ccc4F)[C@@H]([NH3+])C2)C3)c1,"CHEMBL3735852",4338,Done,3,-8.01972,"glide_grid_1X70",-8.07232,-1.07815,-0.619716,-0,-1.44233,-35.4346,-21.3055,0.260601,-0.225165,-92.1993,-56.7401,1.52796
Cn1cnc(S(=O)(=O)n2ncc3c2C[N@H+]([C@H]2CO[C@H](c4cc(F)ccc4F)[C@@H]([NH3+])C2)C3)c1,"CHEMBL3735852",4339,Done,3.59,-7.4493,"glide_grid_1X70",-8.9764,-1.12479,-0.493562,-0,-1.68412,-33.4505,-28.1719,0.259575,-0.260973,-107.765,-61.6224,1.37364
CC(C)S(=O)(=O)n1cc2c(n1)CN([C@H]1CO[C@H](c3cc(F)ccc3F)[C@@H]([NH3+])C1)C2,"CHEMBL3735865",4340,Done,2.73,-8.74278,"glide_grid_1X70",-8.96218,-1.24052,-0.652742,-0,-1.93263,-34.3934,-22.7617,0.228163,-0.230525,-98.3827,-57.1551,0.886794
CC(C)S(=O)(=O)n1cc2c(n1)C[N@H+]([C@H]1CO[C@H](c3cc(F)ccc3F)[C@@H]([NH3+])C1)C2,"CHEMBL3735865",4341,Done,2.9,-8.81976,"glide_grid_1X70",-9.57906,-1.22041,-0.493962,-0,-2.08355,-35.1854,-28.9036,0.227193,-0.249055,-107.553,-64.089,10.0153
CC(C)S(=O)(=O)n1cc2c(n1)C[N@H+]([C@H]1CO[C@H](c3cc(F)ccc3F)[C@@H](N)C1)C2,"CHEMBL3735865",4342,Done,2.85,-1.88381,"glide_grid_1X70",-3.92611,-0.289711,-0.296225,-0,-0.574902,-19.3461,-12.3547,0.325948,-0.270707,-38.4018,-31.7008,11.9775
CS(=O)(=O)c1[nH]nc2c1CN([C@H]1CO[C@H](c3cc(F)ccc3F)[C@@H]([NH3+])C1)C2,"CHEMBL3735917",4343,Done,2.53,-9.1128,"glide_grid_1X70",-9.5125,-1.1119,-0.845585,-0,-2.29372,-37.824,-21.9409,0.171936,-0.250898,-106.701,-59.7649,0.517194
CS(=O)(=O)c1n[nH]c2c1CN([C@H]1CO[C@H](c3cc(F)ccc3F)[C@@H]([NH3+])C1)C2,"CHEMBL3735917",4344,Done,2.75,-8.1333,"glide_grid_1X70",-8.6288,-1.02325,-0.648492,-0,-2.27242,-37.5255,-18.0116,0.171936,-0.278561,-96.2255,-55.5371,0.873012
CS(=O)(=O)c1n[nH]c2c1C[N@@H+]([C@H]1CO[C@H](c3cc(F)ccc3F)[C@@H]([NH3+])C1)C2,"CHEMBL3735917",4345,Done,2.81,-6.72092,"glide_grid_1X70",-8.77892,-0.812311,-0.567253,-0,-2.22424,-38.1935,-21.9565,0.171158,-0.143121,-104.337,-60.15,2.39382
CS(=O)(=O)c1[nH]nc2c1C[N@@H+]([C@H]1CO[C@H](c3cc(F)ccc3F)[C@@H]([NH3+])C1)C2,"CHEMBL3735917",4346,Done,2.43,-8.00625,"glide_grid_1X70",-10.16,-1.09009,-0.830245,-0,-2.28834,-37.355,-26.5668,0.171158,-0.269761,-118.821,-63.9218,0.46985
[NH3+][C@H]1C[C@@H]([N@H+]2Cc3[nH]nc(NC(=O)c4ccncc4)c3C2)CO[C@@H]1c1cc(F)ccc1F,"CHEMBL3735925",4347,Done,5,-6.50162,"glide_grid_1X70",-7.25222,-1.06747,-0.703031,-0,-1.39242,-23.6869,-20.8237,0.357264,-0.138664,-78.2539,-44.5106,9.7768
[NH3+][C@H]1C[C@@H](N2Cc3n[nH]c(NC(=O)c4ccncc4)c3C2)CO[C@@H]1c1cc(F)ccc1F,"CHEMBL3735925",4348,Done,3.02,-6.72249,"glide_grid_1X70",-7.52379,-1.18122,-0.5265,-0,-2.03712,-37.0558,-14.2639,0.358746,-0.145321,-83.9218,-51.3197,7.35846
[NH3+][C@H]1C[C@@H]([N@H+]2Cc3n[nH]c(NC(=O)c4ccncc4)c3C2)CO[C@@H]1c1cc(F)ccc1F,"CHEMBL3735925",4349,Done,4.07,-6.36498,"glide_grid_1X70",-7.21138,-1.15975,-0.854458,-0,0.177051,-37.97,-24.7148,0.357264,-0.125761,-92.4899,-62.6849,4.26433
[NH3+][C@H]1C[C@@H](N2Cc3[nH]nc(NC(=O)c4ccncc4)c3C2)CO[C@@H]1c1cc(F)ccc1F,"CHEMBL3735925",4350,Done,4.32,-7.19457,"glide_grid_1X70",-8.09167,-0.96807,-0.719181,-0,-1.61124,-36.7082,-20.9782,0.358746,-0.169782,-89.8194,-57.6865,13.4619
[NH3+][C@H]1C[C@@H](N2Cc3cn(S(=O)(=O)C4CCCC4)nc3C2)CO[C@@H]1c1cc(F)ccc1F,"CHEMBL3736085",4351,Done,3.89,-8.757,"glide_grid_1X70",-8.9881,-1.28989,-0.467773,-0,-1.96102,-37.8773,-22.7964,0.273264,-0.229359,-104.27,-60.6737,0.415899
[NH3+][C@H]1C[C@@H]([N@@H+]2Cc3cn(S(=O)(=O)C4CCCC4)nc3C2)CO[C@@H]1c1cc(F)ccc1F,"CHEMBL3736085",4352,Done,4.92,-8.20301,"glide_grid_1X70",-8.93691,-1.05107,-0.59428,-0,-1.51159,-35.2802,-27.7724,0.272162,-0.288116,-108.453,-63.0527,1.74773
N[C@H]1C[C@@H]([N@@H+]2Cc3cn(S(=O)(=O)C4CCCC4)nc3C2)CO[C@@H]1c1cc(F)ccc1F,"CHEMBL3736085",4353,Done,4.78,-1.86705,"glide_grid_1X70",-3.88405,-0.840006,-0.478966,-0,-0.316862,-11.1217,-11.7132,0.390377,-0.325522,-33.777,-22.835,2.51141
CCC(=O)Nc1n[nH]c2c1C[N@@H+]([C@H]1CO[C@H](c3cc(F)ccc3F)[C@@H]([NH3+])C1)C2,"CHEMBL3736135",4354,Done,3.58,-7.15494,"glide_grid_1X70",-7.78524,-0.470648,-0.888815,-0,-1.71145,-29.1029,-23.1129,0.35337,-0.145616,-84.7006,-52.2158,12.0932
CCC(=O)Nc1[nH]nc2c1C[N@@H+]([C@H]1CO[C@H](c3cc(F)ccc3F)[C@@H]([NH3+])C1)C2,"CHEMBL3736135",4355,Done,3.29,-8.09781,"glide_grid_1X70",-8.82391,-1.01363,-0.844906,-0,-2.23408,-31.5726,-22.3986,0.35337,-0.146233,-97.0532,-53.9712,2.5707
CCC(=O)Nc1[nH]nc2c1CN([C@H]1CO[C@H](c3cc(F)ccc3F)[C@@H]([NH3+])C1)C2,"CHEMBL3736135",4356,Done,3.16,-7.11785,"glide_grid_1X70",-8.22245,-1.0526,-0.832047,-0,-2.31931,-32.1749,-17.5865,0.355002,-0.126769,-85.2285,-49.7614,2.89765
CCC(=O)Nc1n[nH]c2c1CN([C@H]1CO[C@H](c3cc(F)ccc3F)[C@@H]([NH3+])C1)C2,"CHEMBL3736135",4357,Done,3.33,-6.82484,"glide_grid_1X70",-8.02524,-0.588935,-0.899948,-0,-2.01097,-30.6705,-21.0218,0.355002,-0.193598,-78.3774,-51.6922,17.3049
CCC(=O)Nc1n[nH]c2c1C[N@@H+]([C@H]1CO[C@H](c3cc(F)ccc3F)[C@@H](N)C1)C2,"CHEMBL3736135",4358,Done,3.62,-4.25093,"glide_grid_1X70",-6.14753,-1.086,-0.559087,-0,-1.66188,-33.0199,-11.0815,0.507146,-0.0344916,-63.4263,-44.1014,3.65571
[NH3+][C@H]1C[C@@H]([N@@H+]2Cc3[nH]nc([N-]S(=O)(=O)c4cnc[nH]4)c3C2)CO[C@@H]1c1cc(F)ccc1F,"CHEMBL3736137",4360,Done,5.2,-8.59972,"glide_grid_1X70",-9.08032,-1.18383,-0.824876,-0,-1.40884,-38.4091,-25.5365,0.324494,-0.236342,-112.244,-63.9456,7.59935
[NH3+][C@H]1C[C@@H]([N@@H+]2Cc3[nH]nc([N-]S(=O)(=O)c4c[nH]cn4)c3C2)CO[C@@H]1c1cc(F)ccc1F,"CHEMBL3736137",4361,Done,3.9,-7.87123,"glide_grid_1X70",-8.43163,-0.923478,-0.593638,-0,-1.27915,-34.6174,-26.975,0.324494,-0.228988,-107.853,-61.5924,4.19123
[NH3+][C@H]1C[C@@H]([N@@H+]2Cc3[nH]nc([N-]S(=O)(=O)c4c[nH+]c[nH]4)c3C2)CO[C@@H]1c1cc(F)ccc1F,"CHEMBL3736137",4362,Done,4.26,-7.52532,"glide_grid_1X70",-8.71492,-1.24467,-0.628441,-0,-1.13146,-34.7979,-33.0012,0.323219,-0.293679,-115.089,-67.7991,7.44602
[NH3+][C@H]1C[C@@H](N2Cc3[nH]nc([N-]S(=O)(=O)c4c[nH]cn4)c3C2)CO[C@@H]1c1cc(F)ccc1F,"CHEMBL3736137",4363,Done,3.81,-5.62455,"glide_grid_1X70",-8.05455,-0.950629,-0.561378,-0,-0.78428,-36.0085,-27.0138,0.325776,-0.283615,-92.7897,-63.0223,12.2348
[NH3+][C@H]1C[C@@H](N2Cc3[nH]nc([N-]S(=O)(=O)c4cnc[nH]4)c3C2)CO[C@@H]1c1cc(F)ccc1F,"CHEMBL3736137",4364,Done,3.51,-5.02662,"glide_grid_1X70",-7.45962,-0.903937,-0.896104,-0,-1.07971,-34.3403,-19.8763,0.325776,-0.207193,-85.3014,-54.2165,9.03791
[NH3+][C@H]1C[C@@H](N2Cc3cn(S(=O)(=O)C(F)(F)F)nc3C2)CO[C@@H]1c1cc(F)ccc1F,"CHEMBL3736188",4365,Done,2.99,-8.16559,"glide_grid_1X70",-8.25469,-1.04049,-0.649386,-0,-1.8932,-32.5465,-20.1477,0.205046,-0.227178,-93.2015,-52.6942,0.523974
[NH3+][C@H]1C[C@@H]([N@H+]2Cc3cn(S(=O)(=O)C(F)(F)F)nc3C2)CO[C@@H]1c1cc(F)ccc1F,"CHEMBL3736188",4366,Done,3.08,-7.67082,"glide_grid_1X70",-8.90152,-0.899485,-0.575901,-0,-1.68945,-35.5117,-25.5091,0.204219,-0.338957,-107.479,-61.0208,1.32578
N[C@H]1C[C@@H]([N@H+]2Cc3cn(S(=O)(=O)C(F)(F)F)nc3C2)CO[C@@H]1c1cc(F)ccc1F,"CHEMBL3736188",4367,Done,2.95,-1.46473,"glide_grid_1X70",-3.97843,-0.155454,-0.615406,-0,-0.367674,-23.5675,-11.8399,0.292923,-0.178454,-44.6882,-35.4074,7.25264
[NH3+][C@H]1C[C@@H](N2Cc3cnn(S(=O)(=O)C4CC4)c3C2)CO[C@@H]1c1cc(F)ccc1F,"CHEMBL3736190",4368,Done,2.92,-8.14762,"glide_grid_1X70",-8.20732,-1.06951,-0.637414,-0,-1.61401,-36.3422,-21.0286,0.306832,-0.221814,-93.4402,-57.3708,1.30842
[NH3+][C@H]1C[C@@H]([N@H+]2Cc3cnn(S(=O)(=O)C4CC4)c3C2)CO[C@@H]1c1cc(F)ccc1F,"CHEMBL3736190",4369,Done,3.2,-7.44248,"glide_grid_1X70",-8.89808,-1.07145,-0.551051,-0,-2.22247,-39.6758,-20.7022,0.305521,-0.269512,-107.847,-60.378,2.68591
N[C@H]1C[C@@H]([N@H+]2Cc3cnn(S(=O)(=O)C4CC4)c3C2)CO[C@@H]1c1cc(F)ccc1F,"CHEMBL3736190",4370,Done,3.08,-2.55518,"glide_grid_1X70",-5.27698,-0.557758,-0.514633,-0,-0.885954,-31.5032,-13.7297,0.438331,-0.122346,-57.6082,-45.2329,9.79548
Cn1cnc(S(=O)(=O)n2cc3c(n2)CN([C@H]2CO[C@H](c4cc(F)ccc4F)[C@@H]([NH3+])C2)C3)c1,"CHEMBL3736423",4371,Done,2.85,-8.47454,"glide_grid_1X70",-8.68304,-1.17077,-0.888805,-0,-1.74421,-38.15,-20.3558,0.260601,-0.178987,-99.7869,-58.5057,2.26796
Cn1cnc(S(=O)(=O)n2cc3c(n2)C[N@H+]([C@H]2CO[C@H](c4cc(F)ccc4F)[C@@H]([NH3+])C2)C3)c1,"CHEMBL3736423",4372,Done,2.99,-8.19812,"glide_grid_1X70",-8.98232,-1.05596,-0.758645,-0,-1.57796,-37.8257,-24.7134,0.259575,-0.251034,-108.777,-62.5391,3.26773
Cn1cnc(S(=O)(=O)n2cc3c(n2)C[N@H+]([C@H]2CO[C@H](c4cc(F)ccc4F)[C@@H](N)C2)C3)c1,"CHEMBL3736423",4373,Done,3.06,-2.56564,"glide_grid_1X70",-4.63294,-0.549146,-0.653625,-0,-0.580913,-30.8244,-9.44234,0.372287,-0.263974,-51.7888,-40.2667,6.42996
[NH3+][C@H]1C[C@@H](N2Cc3cn(S(=O)(=O)c4ccccc4)nc3C2)CO[C@@H]1c1cc(F)ccc1F,"CHEMBL3736511",4374,Done,2.87,-8.01956,"glide_grid_1X70",-8.28196,-1.12226,-0.595228,-0,-1.43165,-37.8489,-21.6126,0.264724,-0.263219,-99.5891,-59.4615,0.736874
[NH3+][C@H]1C[C@@H]([N@H+]2Cc3cn(S(=O)(=O)c4ccccc4)nc3C2)CO[C@@H]1c1cc(F)ccc1F,"CHEMBL3736511",4375,Done,3.27,-7.85225,"glide_grid_1X70",-8.52555,-1.11109,-0.51519,-0,-1.74646,-41.9306,-20.8572,0.263673,-0.191372,-107.268,-62.7878,1.92511
N[C@H]1C[C@@H]([N@H+]2Cc3cn(S(=O)(=O)c4ccccc4)nc3C2)CO[C@@H]1c1cc(F)ccc1F,"CHEMBL3736511",4376,Done,3.18,-2.71742,"glide_grid_1X70",-4.67382,-0.550905,-0.513658,-0,-0.628534,-29.7978,-11.3009,0.378177,-0.173882,-52.9547,-41.0987,6.01697
CC[C@@H](C)[C@H]([NH3+])C(=O)N1CC[C@@H](C)C1,"CHEMBL3798777",4377,Done,2.4,-7.10339,"glide_grid_1X70",-7.28539,-1.13132,-0.489587,-0,-3.12019,-20.6444,-14.7852,0.86243,-0.156724,-61.2126,-35.4296,1.44864
CC[C@@H](C)[C@H](N)C(=O)N1CC[C@@H](C)C1,"CHEMBL3798777",4378,Done,2.27,-3.66903,"glide_grid_1X70",-4.45713,-1.19033,-0.198632,-0,-2.57347,-22.548,-3.49974,1.24249,-0.0848281,-31.6516,-26.0477,3.4861
CC[C@@H](C)[C@H]([NH3+])C(=O)N1C[C@H]2C[C@H]2[C@H]1C#N,"CHEMBL3799074",4379,Done,2.12,-5.66767,"glide_grid_1X70",-5.99257,-0.330747,-0.691843,-0,-2.17628,-17.0501,-18.64,1.02581,-0.170997,-56.5234,-35.6901,2.2823
CC[C@@H](C)[C@H](N)C(=O)N1C[C@H]2C[C@H]2[C@H]1C#N,"CHEMBL3799074",4380,Done,1.99,-3.48049,"glide_grid_1X70",-3.99149,-0.391899,-0.374313,-0,-1.93555,-17.4402,-9.04693,1.03371,-0.0943855,-33.2308,-26.4872,2.94231
CC[C@@H](C)[C@H]([NH3+])C(=O)N1Cc2conc2C1,"CHEMBL3800380",4381,Done,2.52,-7.66726,"glide_grid_1X70",-8.00226,-1.12598,-0.424973,-0,-3.06344,-26.9625,-15.5745,0.471612,-0.175186,-72.2356,-42.5369,4.39245
CC[C@@H](C)[C@H](N)C(=O)N1Cc2conc2C1,"CHEMBL3800380",4382,Done,2.08,-4.90369,"glide_grid_1X70",-5.40119,-1.05705,-0.298737,-0,-2.53862,-26.0423,-5.29737,0.678883,-0.0889431,-42.0321,-31.3396,0.519399
Cc1ccn2nc3c(c2n1)CN([C@@H]1CC[C@H](c2cc(F)c(F)cc2F)[C@@H]([NH3+])C1)C3,"CHEMBL3804854",4383,Done,2.44,-4.87311,"glide_grid_1X70",-5.23801,-0.38009,-0.522566,-0,-1.11435,-22.5152,-14.3164,0.242336,-0.190108,-51.8449,-36.8317,4.76691
Cc1ccn2nc3c(c2n1)C[N@@H+]([C@@H]1CC[C@H](c2cc(F)c(F)cc2F)[C@@H]([NH3+])C1)C3,"CHEMBL3804854",4384,Done,2.35,-5.41525,"glide_grid_1X70",-5.90335,-0.334302,-0.341919,-0,-1.09332,-22.6321,-20.1114,0.241247,-0.226747,-63.4375,-42.7434,7.02402
Cc1ccn2nc3c(c2n1)C[N@@H+]([C@@H]1CC[C@H](c2cc(F)c(F)cc2F)[C@@H](N)C1)C3,"CHEMBL3804854",4385,Done,2.42,-2.22421,"glide_grid_1X70",-4.51191,-0.462742,-0.304,-0,-0.870636,-22.5604,-12.6195,0.242336,-0.0959255,-43.9784,-35.1799,4.05042
Cc1ccn2nc3c(c2n1)CN([C@@H]1CO[C@H](c2cc(F)c(F)cc2F)[C@@H]([NH3+])C1)C3,"CHEMBL3804940",4386,Done,2.25,-7.66646,"glide_grid_1X70",-7.87926,-1.60211,-0.495217,-0,-2.45402,-29.9978,-13.1215,0.240211,-0.1,-68.0766,-43.1193,2.8769
Cc1ccn2nc3c(c2n1)C[N@@H+]([C@@H]1CO[C@H](c2cc(F)c(F)cc2F)[C@@H]([NH3+])C1)C3,"CHEMBL3804940",4387,Done,2.36,-5.22267,"glide_grid_1X70",-5.99677,-0.534838,-0.397935,-0,-1.00093,-19.6371,-20.6841,0.239136,-0.217731,-58.3858,-40.3212,12.1008
Cc1ccn2nc3c(c2n1)C[N@@H+]([C@@H]1CO[C@H](c2cc(F)c(F)cc2F)[C@@H](N)C1)C3,"CHEMBL3804940",4388,Done,2.09,-2.42815,"glide_grid_1X70",-4.48775,-0.392206,-0.304,-0,-0.814783,-21.3752,-13.5626,0.240211,-0.113826,-43.5811,-34.9378,3.72234
Cc1ccnc2c3c(nn12)CN([C@H]1CO[C@H](c2cc(F)ccc2F)[C@@H]([NH3+])C1)C3,"CHEMBL3804950",4389,Done,2.14,-8.62977,"glide_grid_1X70",-8.70667,-1.22574,-0.613586,-0,-2.58134,-36.3637,-16.9907,0.182485,-0.1017,-90.6434,-53.3544,0.670057
Cc1ccnc2c3c(nn12)C[N@H+]([C@H]1CO[C@H](c2cc(F)ccc2F)[C@@H]([NH3+])C1)C3,"CHEMBL3804950",4390,Done,2.34,-7.17145,"glide_grid_1X70",-8.48345,-0.908495,-0.572331,-0,-2.22892,-34.6943,-20.5864,0.181634,-0.132666,-95.8262,-55.2807,0.5331
Cc1ccnc2c3c(nn12)C[N@H+]([C@H]1CO[C@H](c2cc(F)ccc2F)[C@@H](N)C1)C3,"CHEMBL3804950",4391,Done,1.96,-2.0204,"glide_grid_1X70",-4.6154,-0.532292,-0.503997,-0,-1.12261,-25.1852,-9.00614,0.260692,-0.107005,-43.7248,-34.1914,6.44253
Cc1cc2nc3c(cn2n1)CN([C@@H]1CC[C@H](c2cc(F)ccc2F)[C@@H]([NH3+])C1)C3,"CHEMBL3804982",4392,Done,2.02,-4.54413,"glide_grid_1X70",-4.96323,-0.525326,-0.4,-0,-1.1273,-24.8807,-11.5704,0.263097,-0.1941,-48.285,-36.4511,10.4904
Cc1cc2nc3c(cn2n1)C[N@H+]([C@@H]1CC[C@H](c2cc(F)ccc2F)[C@@H]([NH3+])C1)C3,"CHEMBL3804982",4393,Done,2.16,-6.64329,"glide_grid_1X70",-7.07299,-0.4512,-0.478523,-0,-1.311,-23.9745,-24.4981,0.183305,-0.142134,-76.088,-48.4726,9.78957
Cc1cc2nc3c(cn2n1)C[N@H+]([C@@H]1CC[C@H](c2cc(F)ccc2F)[C@@H](N)C1)C3,"CHEMBL3804982",4394,Done,2.19,-3.02191,"glide_grid_1X70",-5.26191,-0.446831,-0.509695,-0,-0.790952,-24.5145,-16.7391,0.263097,-0.0409363,-52.4794,-41.2536,8.31852
Cc1ccnc2c3c(nn12)CN([C@H]1CC[C@H](c2cc(F)c(F)cc2F)[C@@H]([NH3+])C1)C3,"CHEMBL3804994",4395,Done,2.01,-8.45996,"glide_grid_1X70",-8.60296,-1.177,-0.564819,-0,-2.57386,-35.0777,-17.3507,0.169635,-0.100421,-89.1383,-52.4284,0.336767
Cc1ccnc2c3c(nn12)C[N@H+]([C@H]1CC[C@H](c2cc(F)c(F)cc2F)[C@@H]([NH3+])C1)C3,"CHEMBL3804994",4396,Done,2.12,-7.95371,"glide_grid_1X70",-8.89371,-0.926813,-0.555197,-0,-2.53617,-34.5413,-21.2322,0.168873,-0.132507,-99.3784,-55.7735,0.406054
Cc1cc(C(F)(F)F)nc2c3c(nn12)CN([C@H]1CC[C@H](c2cc(F)c(F)cc2F)[C@@H]([NH3+])C1)C3,"CHEMBL3804996",4397,Done,3,-7.4002,"glide_grid_1X70",-7.439,-0.916438,-0.540637,-0,-2.02825,-29.6167,-16.3303,0.127817,-0.151117,-74.837,-45.947,4.27029
Cc1cc(C(F)(F)F)nc2c3c(nn12)C[N@H+]([C@H]1CC[C@H](c2cc(F)c(F)cc2F)[C@@H]([NH3+])C1)C3,"CHEMBL3804996",4398,Done,2.48,-7.30367,"glide_grid_1X70",-8.96617,-0.971719,-0.477606,-0,-2.27623,-28.9896,-24.7775,0.127319,-0.201823,-95.6039,-53.7671,3.07639
Cc1cc([O-])n2nc3c(c2n1)C[N@@H+]([C@H]1CO[C@H](c2cc(F)c(F)cc2F)[C@@H]([NH3+])C1)C3,"CHEMBL3805154",4399,Done,1.97,-7.41905,"glide_grid_1X70",-7.77755,-0.709826,-0.569737,-0,-2.16908,-28.5261,-19.4462,0.156776,-0.142448,-82.772,-47.9723,1.48883
Cc1cc(=O)n2nc3c(c2[nH]1)C[N@@H+]([C@H]1CO[C@H](c2cc(F)c(F)cc2F)[C@@H]([NH3+])C1)C3,"CHEMBL3805154",4400,Done,2.11,-8.83766,"glide_grid_1X70",-9.67496,-1.15411,-0.819708,-0,-2.28341,-35.0244,-24.5278,0.156098,-0.143439,-107.681,-59.5522,0.613908
Cc1cc([O-])n2nc3c(c2n1)CN([C@H]1CO[C@H](c2cc(F)c(F)cc2F)[C@@H]([NH3+])C1)C3,"CHEMBL3805154",4401,Done,2.01,-5.35408,"glide_grid_1X70",-6.98068,-0.828945,-0.566547,-0,-2.22783,-27.0861,-13.7347,0.157457,-0.100305,-67.0671,-40.8209,4.21176
Cc1cc([O-])n2nc3c(c2n1)C[N@@H+]([C@H]1CO[C@H](c2cc(F)c(F)cc2F)[C@@H](N)C1)C3,"CHEMBL3805154",4402,Done,1.94,-4.52879,"glide_grid_1X70",-6.15579,-1.11948,-0.4918,-0,-1.92484,-32.2152,-7.94399,0.224939,-0.0422507,-57.9828,-40.1592,0.680452
Cc1cc(=O)n2nc3c(c2[nH]1)CN([C@H]1CO[C@H](c2cc(F)c(F)cc2F)[C@@H]([NH3+])C1)C3,"CHEMBL3805154",4403,Done,2.2,-6.87776,"glide_grid_1X70",-8.59416,-1.01878,-0.843041,-0,-2.08645,-37.24,-18.5121,0.156776,-0.163864,-90.9845,-55.7521,7.37666
Cc1cc(=O)n2nc3c(c2[nH]1)C[N@@H+]([C@H]1CO[C@H](c2cc(F)c(F)cc2F)[C@@H](N)C1)C3,"CHEMBL3805154",4404,Done,1.88,-3.28354,"glide_grid_1X70",-5.42334,-0.503879,-0.66732,-0,-0.981904,-29.2295,-12.7152,0.223965,-0.125438,-56.5825,-41.9447,4.39388
[NH3+][C@H]1C[C@@H](N2Cc3nn4c(C(F)(F)F)ccnc4c3C2)CC[C@@H]1c1cc(F)c(F)cc1F,"CHEMBL3805179",4405,Done,2.86,-7.72519,"glide_grid_1X70",-7.80899,-0.984024,-0.514757,-0,-2.03558,-39.4606,-15.0366,0.135067,-0.181164,-89.6056,-54.4972,0.146685
[NH3+][C@H]1C[C@@H]([N@H+]2Cc3nn4c(C(F)(F)F)ccnc4c3C2)CC[C@@H]1c1cc(F)c(F)cc1F,"CHEMBL3805179",4406,Done,2.68,-7.43499,"glide_grid_1X70",-8.66319,-0.931053,-0.554256,-0,-2.01444,-37.8554,-21.3835,0.134525,-0.197661,-103.178,-59.2389,0.94792
Cc1cc2nc3c(cn2n1)CN([C@H]1CC[C@H](c2cc(F)ccc2F)[C@@H]([NH3+])C1)C3,"CHEMBL3805226",4407,Done,1.93,-6.96747,"glide_grid_1X70",-7.38657,-0.954176,-0.547275,-0,-2.15281,-28.5945,-15.9117,0.184168,-0.1,-73.1016,-44.5062,1.17728
Cc1cc2nc3c(cn2n1)C[N@H+]([C@H]1CC[C@H](c2cc(F)ccc2F)[C@@H]([NH3+])C1)C3,"CHEMBL3805226",4408,Done,2.14,-8.74587,"glide_grid_1X70",-9.17557,-0.994839,-0.803722,-0,-2.30648,-34.2812,-22.7249,0.183305,-0.131038,-102.212,-57.0061,0.216298
Cc1cc2nc3c(cn2n1)C[N@H+]([C@H]1CC[C@H](c2cc(F)ccc2F)[C@@H](N)C1)C3,"CHEMBL3805226",4409,Done,2.09,-4.11823,"glide_grid_1X70",-6.35823,-0.97057,-0.589344,-0,-1.65858,-34.2119,-11.0608,0.263097,-0.0331135,-64.0481,-45.2727,0.00535709
Cc1ccnc2c3c(nn12)CN([C@@H]1CO[C@H](c2cc(F)c(F)cc2F)[C@@H]([NH3+])C1)C3,"CHEMBL3805235",4410,Done,2.22,-5.19485,"glide_grid_1X70",-5.27175,-0.343869,-0.561697,-0,-1.10531,-22.6065,-14.515,0.240211,-0.193521,-47.7636,-37.1215,14.5385
Cc1ccnc2c3c(nn12)C[N@H+]([C@@H]1CO[C@H](c2cc(F)c(F)cc2F)[C@@H]([NH3+])C1)C3,"CHEMBL3805235",4411,Done,2.22,-6.60816,"glide_grid_1X70",-7.92006,-1.49292,-0.4,-0,-2.50928,-30.9386,-13.9481,0.239136,-0.117846,-70.8826,-44.8867,3.14917
Cc1ccnc2c3c(nn12)C[N@H+]([C@@H]1CO[C@H](c2cc(F)c(F)cc2F)[C@@H](N)C1)C3,"CHEMBL3805235",4412,Done,2.18,-1.81729,"glide_grid_1X70",-4.41469,-0.409424,-0.304,-0,-0.817608,-20.9595,-13.1631,0.240211,-0.101427,-42.4267,-34.1226,3.71422
Cc1cc2ncc3c(n2n1)CN([C@H]1CO[C@H](c2cc(F)ccc2F)[C@@H]([NH3+])C1)C3,"CHEMBL3805294",4413,Done,1.98,-8.02038,"glide_grid_1X70",-8.16948,-1.07304,-0.67544,-0,-1.91934,-34.3751,-19.0274,0.182485,-0.111284,-88.3276,-53.4025,0.169955
Cc1cc2ncc3c(n2n1)C[N@H+]([C@H]1CO[C@H](c2cc(F)ccc2F)[C@@H]([NH3+])C1)C3,"CHEMBL3805294",4414,Done,2.06,-7.93675,"glide_grid_1X70",-8.89045,-0.98213,-0.534722,-0,-1.96577,-33.7573,-25.0643,0.181634,-0.141963,-102.486,-58.8216,0.242416
Cc1cc2ncc3c(n2n1)C[N@H+]([C@H]1CO[C@H](c2cc(F)ccc2F)[C@@H](N)C1)C3,"CHEMBL3805294",4415,Done,1.9,-2.17467,"glide_grid_1X70",-4.42187,-0.441957,-0.528098,-0,-1.14454,-22.5441,-9.10413,0.260692,-0.0751356,-41.4093,-31.6483,6.21726
[NH3+][C@H]1C[C@@H](N2Cc3cnc4nc(C5CC5)nn4c3C2)CC[C@@H]1c1cc(F)c(F)cc1F,"CHEMBL3805346",4416,Done,2.22,-8.38049,"glide_grid_1X70",-8.67719,-1.08304,-0.661598,-0,-2.10043,-38.4405,-20.0279,0.22627,-0.13218,-98.8403,-58.4684,0.438211
[NH3+][C@H]1C[C@@H]([N@@H+]2Cc3cnc4nc(C5CC5)nn4c3C2)CC[C@@H]1c1cc(F)c(F)cc1F,"CHEMBL3805346",4417,Done,2.39,-8.63033,"glide_grid_1X70",-9.20943,-1.04036,-0.659037,-0,-1.87368,-37.7877,-25.2018,0.225311,-0.192012,-113.377,-62.9895,0.469847
N[C@H]1C[C@@H]([N@@H+]2Cc3cnc4nc(C5CC5)nn4c3C2)CC[C@@H]1c1cc(F)c(F)cc1F,"CHEMBL3805346",4418,Done,2.33,-4.66828,"glide_grid_1X70",-7.05768,-1.07193,-0.7495,-0,-1.35355,-34.3957,-15.9555,0.323243,-0.0928335,-74.8343,-50.3512,0.433698
[NH3+][C@H]1C[C@@H](N2Cc3nn4cncnc4c3C2)CO[C@@H]1c1cc(F)ccc1F,"CHEMBL3805353",4419,Done,2.08,-9.26149,"glide_grid_1X70",-9.28719,-1.18486,-0.690023,-0,-2.62234,-39.0994,-19.3389,0.194059,-0.128222,-103.023,-58.4383,0.478481
[NH3+][C@H]1C[C@@H]([N@H+]2Cc3nn4cncnc4c3C2)CO[C@@H]1c1cc(F)ccc1F,"CHEMBL3805353",4420,Done,2.09,-7.81617,"glide_grid_1X70",-9.75267,-1.15474,-0.527715,-0,-2.69342,-38.7141,-23.3509,0.193125,-0.131579,-113.325,-62.065,0.241187
Cc1ccn2nc3c(c2n1)CN([C@H]1CO[C@H](c2cc(F)ccc2F)[C@@H]([NH3+])C1)C3,"CHEMBL3805400",4421,Done,2.09,-8.1609,"glide_grid_1X70",-8.3737,-1.21352,-0.741993,-0,-2.4613,-32.879,-15.8527,0.182485,-0.117526,-83.0498,-48.7316,0.704056
Cc1ccn2nc3c(c2n1)C[N@@H+]([C@H]1CO[C@H](c2cc(F)ccc2F)[C@@H]([NH3+])C1)C3,"CHEMBL3805400",4422,Done,2.1,-7.93167,"glide_grid_1X70",-8.70587,-1.14324,-0.582358,-0,-2.3811,-33.0146,-19.9225,0.181634,-0.141705,-92.6923,-52.9371,0.743459
Cc1ccn2nc3c(c2n1)C[N@@H+]([C@H]1CO[C@H](c2cc(F)ccc2F)[C@@H](N)C1)C3,"CHEMBL3805400",4423,Done,1.9,-3.11141,"glide_grid_1X70",-5.16861,-0.532047,-0.514115,-0,-1.20785,-26.0611,-12.116,0.260692,-0.0548346,-46.023,-38.1771,11.7637
[NH3+][C@H]1C[C@@H](N2Cc3nn4ccc(C(F)(F)F)nc4c3C2)CO[C@@H]1c1cc(F)c(F)cc1F,"CHEMBL3805502",4424,Done,2.7,-7.69736,"glide_grid_1X70",-7.74516,-1.09889,-0.482412,-0,-2.02812,-35.8904,-14.4791,0.13401,-0.303362,-83.9092,-50.3695,1.19405
[NH3+][C@H]1C[C@@H]([N@H+]2Cc3nn4ccc(C(F)(F)F)nc4c3C2)CO[C@@H]1c1cc(F)c(F)cc1F,"CHEMBL3805502",4425,Done,2.54,-6.9065,"glide_grid_1X70",-8.4858,-1.09989,-0.503848,-0,-2.01929,-36.5231,-19.025,0.133475,-0.316341,-96.5231,-55.5481,1.40804
Cc1nc2ncc3c(n2n1)CN([C@H]1CC[C@H](c2cc(F)c(F)cc2F)[C@@H]([NH3+])C1)C3,"CHEMBL3805629",4426,Done,2.2,-9.15772,"glide_grid_1X70",-9.45292,-1.23142,-0.820181,-0,-2.55393,-32.0395,-21.9113,0.168888,-0.1276,-95.5925,-53.9508,0.116393
Cc1nc2ncc3c(n2n1)C[N@H+]([C@H]1CC[C@H](c2cc(F)c(F)cc2F)[C@@H]([NH3+])C1)C3,"CHEMBL3805629",4427,Done,2.21,-8.85537,"glide_grid_1X70",-9.43697,-0.976028,-0.617526,-0,-2.26841,-33.8127,-25.7102,0.16813,-0.195969,-108.65,-59.5229,0.555004
Cc1nc2ncc3c(n2n1)C[N@H+]([C@H]1CC[C@H](c2cc(F)c(F)cc2F)[C@@H](N)C1)C3,"CHEMBL3805629",4428,Done,2.1,-4.8511,"glide_grid_1X70",-7.243,-0.901755,-0.72894,-0,-1.80786,-32.3318,-15.6289,0.241268,-0.0847907,-71.4767,-47.9607,0.0243222
Cc1ccnc2c3c(nn12)CN([C@@H]1CC[C@H](c2cc(F)c(F)cc2F)[C@@H]([NH3+])C1)C3,"CHEMBL3805696",4429,Done,2.17,-5.04582,"glide_grid_1X70",-5.18882,-0.329473,-0.511192,-0,-1.11703,-22.399,-14.4359,0.242336,-0.18813,-52.3037,-36.8349,5.05386
Cc1ccnc2c3c(nn12)C[N@H+]([C@@H]1CC[C@H](c2cc(F)c(F)cc2F)[C@@H]([NH3+])C1)C3,"CHEMBL3805696",4430,Done,2.33,-4.74861,"glide_grid_1X70",-5.68861,-0.153049,-0.52186,-0,-1.36859,-16.6743,-18.2879,0.168873,-0.23709,-50.8561,-34.9622,7.16009
Cc1ccn2nc3c(c2n1)CN([C@H]1CO[C@H](c2cc(F)c(F)cc2F)[C@@H]([NH3+])C1)C3,"CHEMBL3805751",4431,Done,2.16,-8.24622,"glide_grid_1X70",-8.45902,-1.21761,-0.743122,-0,-2.47221,-32.7501,-16.2633,0.168148,-0.117241,-83.9999,-49.0133,0.850991
Cc1ccn2nc3c(c2n1)C[N@@H+]([C@H]1CO[C@H](c2cc(F)c(F)cc2F)[C@@H]([NH3+])C1)C3,"CHEMBL3805751",4432,Done,2.03,-7.84541,"glide_grid_1X70",-8.61951,-1.07294,-0.494466,-0,-2.5362,-32.9074,-19.2449,0.167395,-0.151183,-92.8541,-52.1523,0.74376
Cc1ccn2nc3c(c2n1)C[N@@H+]([C@H]1CO[C@H](c2cc(F)c(F)cc2F)[C@@H](N)C1)C3,"CHEMBL3805751",4433,Done,1.99,-3.88456,"glide_grid_1X70",-5.94416,-0.960466,-0.503813,-0,-1.38504,-24.1545,-13.7695,0.240211,-0.0618898,-49.4639,-37.924,9.78362
[NH3+][C@H]1C[C@@H](N2Cc3nn4ccc(C(F)(F)F)nc4c3C2)CC[C@@H]1c1cc(F)c(F)cc1F,"CHEMBL3805871",4434,Done,2.87,-7.67075,"glide_grid_1X70",-7.76145,-1.0914,-0.493223,-0,-2.10913,-36.8014,-13.5794,0.135067,-0.325789,-83.0478,-50.3808,2.00324
[NH3+][C@H]1C[C@@H]([N@H+]2Cc3nn4ccc(C(F)(F)F)nc4c3C2)CC[C@@H]1c1cc(F)c(F)cc1F,"CHEMBL3805871",4435,Done,2.84,-7.33297,"glide_grid_1X70",-8.51717,-0.957602,-0.515511,-0,-2.13328,-33.0656,-21.6374,0.134525,-0.146413,-95.4781,-54.703,3.00848
[NH3+][C@H]1C[C@@H](N2Cc3nn4c(C(F)(F)F)ccnc4c3C2)CO[C@@H]1c1cc(F)c(F)cc1F,"CHEMBL3805937",4436,Done,2.85,-8.01535,"glide_grid_1X70",-8.05935,-1.04311,-0.550013,-0,-2.0752,-40.0151,-15.6795,0.13401,-0.172351,-92.0403,-55.6946,0.345389
[NH3+][C@H]1C[C@@H]([N@H+]2Cc3nn4c(C(F)(F)F)ccnc4c3C2)CO[C@@H]1c1cc(F)c(F)cc1F,"CHEMBL3805937",4437,Done,2.81,-7.29101,"glide_grid_1X70",-8.91751,-0.964387,-0.518957,-0,-2.08042,-39.0831,-22.2004,0.133475,-0.203005,-105.849,-61.2836,0.806837
Cc1cc2ncc3c(n2n1)C[N@H+]([C@H]1CC[C@H](c2cc(F)c(F)cc2F)[C@@H]([NH3+])C1)C3,"CHEMBL3805966",4438,Done,2.16,-8.83711,"glide_grid_1X70",-9.24721,-0.981385,-0.532698,-0,-2.28706,-33.6694,-25.1161,0.168873,-0.164059,-106.443,-58.7855,0.236381
Cc1cc2ncc3c(n2n1)CN([C@H]1CC[C@H](c2cc(F)c(F)cc2F)[C@@H]([NH3+])C1)C3,"CHEMBL3805966",4439,Done,2.02,-7.63257,"glide_grid_1X70",-8.07247,-0.967085,-0.570286,-0,-2.06334,-34.8309,-18.5718,0.169635,-0.114085,-88.5185,-53.4027,0.329378
Cc1cc2ncc3c(n2n1)C[N@H+]([C@H]1CC[C@H](c2cc(F)c(F)cc2F)[C@@H](N)C1)C3,"CHEMBL3805966",4440,Done,1.98,-4.45052,"glide_grid_1X70",-6.67092,-0.939101,-0.41375,-0,-1.76961,-30.6851,-14.5838,0.242336,-0.068978,-66.5441,-45.2689,0.242652
[NH3+][C@H]1C[C@@H](N2Cc3nn4cccnc4c3C2)CC[C@@H]1c1cc(F)c(F)cc1F,"CHEMBL3806003",4441,Done,2.22,-8.13517,"glide_grid_1X70",-8.43837,-0.964794,-0.610614,-0,-2.67974,-39.6247,-15.2186,0.180809,-0.1,-92.6106,-54.8433,0.300406
[NH3+][C@H]1C[C@@H]([N@H+]2Cc3nn4cccnc4c3C2)CC[C@@H]1c1cc(F)c(F)cc1F,"CHEMBL3806003",4442,Done,2.18,-8.69069,"glide_grid_1X70",-9.26049,-0.970315,-0.574817,-0,-2.66569,-38.0853,-21.3308,0.17997,-0.125748,-105.905,-59.4161,1.07945
N[C@H]1C[C@@H]([N@H+]2Cc3nn4cccnc4c3C2)CC[C@@H]1c1cc(F)c(F)cc1F,"CHEMBL3806003",4443,Done,2.06,-4.01333,"glide_grid_1X70",-6.38273,-1.0219,-0.381713,-0,-1.9255,-38.7155,-8.9995,0.258299,-0.026223,-68.1013,-47.715,0.263852
Cc1ccnc2c3c(nn12)CN([C@H]1CO[C@H](c2cc(F)c(F)cc2F)[C@@H]([NH3+])C1)C3,"CHEMBL3806021",4444,Done,2.13,-8.49256,"glide_grid_1X70",-8.56946,-1.03945,-0.786232,-0,-2.46754,-35.7531,-16.9944,0.168148,-0.107582,-89.9357,-52.7475,0.689612
Cc1ccnc2c3c(nn12)C[N@H+]([C@H]1CO[C@H](c2cc(F)c(F)cc2F)[C@@H]([NH3+])C1)C3,"CHEMBL3806021",4445,Done,2.11,-7.5385,"glide_grid_1X70",-8.8504,-0.915048,-0.621502,-0,-2.36444,-34.8596,-21.6163,0.167395,-0.131382,-99.4483,-56.4758,0.657095
Cc1ccnc2c3c(nn12)C[N@H+]([C@H]1CO[C@H](c2cc(F)c(F)cc2F)[C@@H](N)C1)C3,"CHEMBL3806021",4446,Done,1.95,-2.33502,"glide_grid_1X70",-4.93242,-0.506564,-0.48629,-0,-1.14671,-25.3686,-10.8825,0.240211,-0.132266,-47.3155,-36.251,6.29035
Cc1nnc2ncc3c(n12)CN([C@H]1CC[C@H](c2cc(F)c(F)cc2F)[C@@H]([NH3+])C1)C3,"CHEMBL3806023",4447,Done,2.26,-7.78024,"glide_grid_1X70",-8.14054,-0.831863,-0.570213,-0,-2.33398,-32.2743,-18.2736,0.168888,-0.218615,-82.1593,-50.548,4.23974
Cc1nnc2ncc3c(n12)C[N@H+]([C@H]1CC[C@H](c2cc(F)c(F)cc2F)[C@@H]([NH3+])C1)C3,"CHEMBL3806023",4448,Done,2.23,-8.78177,"glide_grid_1X70",-9.27477,-0.824562,-0.569103,-0,-2.3283,-33.5985,-25.3905,0.16813,-0.232437,-106.147,-58.989,0.883376
Cc1nnc2ncc3c(n12)C[N@H+]([C@H]1CC[C@H](c2cc(F)c(F)cc2F)[C@@H](N)C1)C3,"CHEMBL3806023",4449,Done,2.23,-4.59783,"glide_grid_1X70",-6.90113,-0.876309,-0.406113,-0,-1.86738,-34.0615,-14.3765,0.241268,-0.133043,-70.2752,-48.4381,0.184769
[NH3+][C@H]1C[C@@H](N2Cc3nn4cccnc4c3C2)CC[C@@H]1c1cc(F)ccc1F,"CHEMBL3806026",4450,Done,2.27,-8.23013,"glide_grid_1X70",-8.53103,-1.13006,-0.626698,-0,-2.55985,-38.5007,-15.9082,0.196841,-0.1,-91.9702,-54.4089,0.40518
[NH3+][C@H]1C[C@@H]([N@H+]2Cc3nn4cccnc4c3C2)CC[C@@H]1c1cc(F)ccc1F,"CHEMBL3806026",4451,Done,2.28,-8.75813,"glide_grid_1X70",-9.33133,-1.1464,-0.484281,-0,-2.62045,-38.0643,-21.6566,0.195887,-0.124391,-106.492,-59.7209,0.000692394
N[C@H]1C[C@@H]([N@H+]2Cc3nn4cccnc4c3C2)CC[C@@H]1c1cc(F)ccc1F,"CHEMBL3806026",4452,Done,2.11,-3.73005,"glide_grid_1X70",-6.10285,-1.04673,-0.381918,-0,-1.73523,-38.3416,-8.47508,0.281202,-0.031832,-65.7663,-46.8167,0.224548
Cc1cc2ncc3c(n2n1)CN([C@H]1CO[C@H](c2cc(F)c(F)cc2F)[C@@H]([NH3+])C1)C3,"CHEMBL3806029",4453,Done,1.96,-8.38516,"glide_grid_1X70",-8.53416,-1.13139,-0.655252,-0,-2.06702,-35.4103,-19.6807,0.168148,-0.126021,-93.2555,-55.091,0.149742
Cc1cc2ncc3c(n2n1)C[N@H+]([C@H]1CO[C@H](c2cc(F)c(F)cc2F)[C@@H]([NH3+])C1)C3,"CHEMBL3806029",4454,Done,2.05,-8.33432,"glide_grid_1X70",-9.28802,-1.08154,-0.645972,-0,-2.04716,-34.6385,-25.2312,0.167395,-0.164154,-106.688,-59.8696,0.415594
Cc1cc2ncc3c(n2n1)C[N@H+]([C@H]1CO[C@H](c2cc(F)c(F)cc2F)[C@@H](N)C1)C3,"CHEMBL3806029",4455,Done,1.69,-2.3243,"glide_grid_1X70",-4.5739,-0.442495,-0.528139,-0,-1.07625,-22.3391,-10.3298,0.240211,-0.100806,-43.8011,-32.6689,5.4213
[NH3+][C@H]1C[C@@H](N2Cc3cnc4nnc(C5CC5)n4c3C2)CC[C@@H]1c1cc(F)c(F)cc1F,"CHEMBL3806041",4456,Done,2.99,-7.53339,"glide_grid_1X70",-7.89609,-0.99341,-0.561703,-0,-1.97582,-35.3464,-17.4347,0.22627,-0.208902,-84.8028,-52.7811,5.67088
[NH3+][C@H]1C[C@@H]([N@@H+]2Cc3cnc4nnc(C5CC5)n4c3C2)CC[C@@H]1c1cc(F)c(F)cc1F,"CHEMBL3806041",4457,Done,2.78,-8.91132,"glide_grid_1X70",-9.40142,-0.972842,-0.568194,-0,-2.152,-37.704,-25.3657,0.225311,-0.243639,-112.217,-63.0697,1.45137
N[C@H]1C[C@@H]([N@@H+]2Cc3cnc4nnc(C5CC5)n4c3C2)CC[C@@H]1c1cc(F)c(F)cc1F,"CHEMBL3806041",4458,Done,2.69,-4.53547,"glide_grid_1X70",-6.83587,-0.884395,-0.411329,-0,-1.67187,-38.4214,-14.2793,0.323243,-0.128555,-75.4646,-52.7007,0.385235
[NH3+][C@H]1C[C@@H](N2Cc3nn4nccnc4c3C2)CO[C@@H]1c1cc(F)ccc1F,"CHEMBL3806052",4459,Done,2.04,-8.95564,"glide_grid_1X70",-8.98844,-1.03187,-0.954634,-0,-2.36048,-38.854,-18.6139,0.194059,-0.100731,-99.9483,-57.4679,0.197419
[NH3+][C@H]1C[C@@H]([N@@H+]2Cc3nn4nccnc4c3C2)CO[C@@H]1c1cc(F)ccc1F,"CHEMBL3806052",4460,Done,2.09,-7.42426,"glide_grid_1X70",-9.22026,-0.967336,-0.678273,-0,-2.28356,-30.8481,-25.154,0.193125,-0.168708,-99.7705,-56.0021,2.75898
Cc1cc2ncc3c(n2n1)C[N@H+]([C@H]1CC[C@H](c2cc(F)ccc2F)[C@@H]([NH3+])C1)C3,"CHEMBL3806157",4461,Done,2.13,-8.38345,"glide_grid_1X70",-8.79865,-0.932302,-0.563385,-0,-2.08566,-32.2919,-24.2115,0.183305,-0.154289,-100.225,-56.5034,0.208229
Cc1cc2ncc3c(n2n1)CN([C@H]1CC[C@H](c2cc(F)ccc2F)[C@@H]([NH3+])C1)C3,"CHEMBL3806157",4462,Done,2.1,-8.44254,"glide_grid_1X70",-8.87684,-1.21772,-0.659149,-0,-2.37674,-31.7944,-20.7845,0.184168,-0.1,-89.7294,-52.5789,0.0927351
Cc1cc2ncc3c(n2n1)C[N@H+]([C@H]1CC[C@H](c2cc(F)ccc2F)[C@@H](N)C1)C3,"CHEMBL3806157",4463,Done,2.04,-4.15325,"glide_grid_1X70",-6.37885,-0.98168,-0.402952,-0,-1.57016,-29.4251,-14.3583,0.263097,-0.062161,-63.2816,-43.7833,0.17929
[NH3+][C@H]1C[C@H](N2Cc3nn4cccnc4c3C2)CC[C@@H]1c1cc(F)ccc1F,"CHEMBL3806164",4464,Done,2.49,-4.56007,"glide_grid_1X70",-4.86097,-0.407119,-0.42736,-0,-1.19361,-22.5724,-12.4932,0.281202,-0.111481,-49.2563,-35.0656,4.49212
[NH3+][C@H]1C[C@H]([N@H+]2Cc3nn4cccnc4c3C2)CC[C@@H]1c1cc(F)ccc1F,"CHEMBL3806164",4465,Done,2.71,-5.02,"glide_grid_1X70",-5.5932,-0.365048,-0.404819,-0,-1.14253,-23.1239,-17.4471,0.279839,-0.187383,-61.4058,-40.5711,5.41435
N[C@H]1C[C@H]([N@H+]2Cc3nn4cccnc4c3C2)CC[C@@H]1c1cc(F)ccc1F,"CHEMBL3806164",4466,Done,2.25,-1.66072,"glide_grid_1X70",-4.03352,-0.37149,-0.295791,-0,-0.926586,-24.5637,-9.48293,0.281202,-0.0702297,-41.0227,-34.0467,5.94724
Cc1cc2ncc3c(n2n1)C[N@H+]([C@@H]1CC[C@H](c2cc(F)ccc2F)[C@@H]([NH3+])C1)C3,"CHEMBL3806179",4467,Done,2.37,-5.502,"glide_grid_1X70",-5.9172,-0.467435,-0.39565,-0,-1.00637,-21.0216,-20.2765,0.261864,-0.217061,-59.489,-41.2981,7.91996
Cc1cc2ncc3c(n2n1)CN([C@@H]1CC[C@H](c2cc(F)ccc2F)[C@@H]([NH3+])C1)C3,"CHEMBL3806179",4468,Done,2.22,-4.60754,"glide_grid_1X70",-5.04184,-0.288757,-0.548119,-0,-1.07361,-21.3959,-14.6016,0.263097,-0.134426,-49.9837,-35.9975,6.35584
Cc1cc2ncc3c(n2n1)C[N@H+]([C@@H]1CC[C@H](c2cc(F)ccc2F)[C@@H](N)C1)C3,"CHEMBL3806179",4469,Done,2.37,-1.99615,"glide_grid_1X70",-4.22175,-0.331125,-0.456,-0,-0.789383,-21.1304,-11.8796,0.263097,-0.0698739,-42.1005,-33.01,6.0331
[NH3+][C@H]1C[C@@H](N2Cc3nn4cccnc4c3C2)CO[C@@H]1c1cc(F)ccc1F,"CHEMBL3806216",4470,Done,2.07,-8.57094,"glide_grid_1X70",-8.74404,-1.1867,-0.521498,-0,-2.64302,-39.7791,-16.659,0.194981,-0.1,-96.2859,-56.4381,0.260925
[NH3+][C@H]1C[C@@H]([N@H+]2Cc3nn4cccnc4c3C2)CO[C@@H]1c1cc(F)ccc1F,"CHEMBL3806216",4471,Done,2.17,-8.18952,"glide_grid_1X70",-9.06732,-1.02374,-0.672825,-0,-2.40622,-38.7534,-20.6685,0.19404,-0.12063,-105.128,-59.4219,0.210066
N[C@H]1C[C@@H]([N@H+]2Cc3nn4cccnc4c3C2)CO[C@@H]1c1cc(F)ccc1F,"CHEMBL3806216",4472,Done,2.12,-3.07225,"glide_grid_1X70",-5.23305,-0.629644,-0.523357,-0,-1.23924,-29.9554,-10.1989,0.278544,-0.0917478,-49.8064,-40.1543,11.8182
Cc1ccn2nc3c(c2n1)CN([C@H]1CC[C@H](c2cc(F)c(F)cc2F)[C@@H]([NH3+])C1)C3,"CHEMBL3806239",4473,Done,2.3,-7.56022,"glide_grid_1X70",-7.92512,-1.13959,-0.588288,-0,-2.40353,-32.2248,-14.8526,0.169635,-0.124223,-79.5574,-47.0774,0.640566
Cc1ccn2nc3c(c2n1)C[N@@H+]([C@H]1CC[C@H](c2cc(F)c(F)cc2F)[C@@H]([NH3+])C1)C3,"CHEMBL3806239",4474,Done,2.05,-8.01992,"glide_grid_1X70",-8.50802,-1.08443,-0.504712,-0,-2.45929,-32.3641,-19.042,0.168873,-0.153958,-91.6386,-51.4061,1.49561
Cc1ccn2nc3c(c2n1)C[N@@H+]([C@H]1CC[C@H](c2cc(F)c(F)cc2F)[C@@H](N)C1)C3,"CHEMBL3806239",4475,Done,2.24,-3.82064,"glide_grid_1X70",-6.10834,-1.0877,-0.379601,-0,-1.93015,-32.3867,-8.51033,0.242336,-0.0573369,-57.5847,-40.897,1.42903
Cc1cc(=O)[n-]c2c3c(nn12)C[N@H+]([C@H]1CO[C@H](c2cc(F)c(F)cc2F)[C@@H]([NH3+])C1)C3,"CHEMBL3806310",4476,Done,2.26,-8.84292,"glide_grid_1X70",-9.07612,-0.819462,-0.853667,-0,-2.27645,-29.1047,-24.6027,0.156776,-0.137678,-99.0943,-53.7073,0.812583
Cc1cc(=O)[n-]c2c3c(nn12)CN([C@H]1CO[C@H](c2cc(F)c(F)cc2F)[C@@H]([NH3+])C1)C3,"CHEMBL3806310",4477,Done,2.31,-7.18133,"glide_grid_1X70",-8.00673,-1.22269,-0.479098,-0,-2.41755,-32.5475,-15.4498,0.157457,-0.1,-81.5133,-47.9973,2.53156
Cc1cc(=O)[n-]c2c3c(nn12)C[N@H+]([C@H]1CO[C@H](c2cc(F)c(F)cc2F)[C@@H](N)C1)C3,"CHEMBL3806310",4478,Done,2,-4.73587,"glide_grid_1X70",-6.25457,-0.902886,-0.538437,-0,-1.82868,-35.3335,-9.38018,0.224939,-0.035805,-64.8256,-44.7137,2.08565
CCN1C(=O)Cn2c1nc1nc(N3CCC[C@@H]([NH3+])C3)n(Cc3cc(F)ccc3C#N)c1c2=O,"CHEMBL3813856",4479,Done,2.74,-5.37046,"glide_grid_1X70",-5.37466,-0.588422,-0.483062,-0,-0.945814,-29.0101,-13.4005,0.295206,-0.191989,-59.8725,-42.4106,5.83766
C/C=C/Cn1c(N2CCC[C@@H]([NH3+])C2)nc2c1c(=O)n(CC(=O)c1ccccc1NC(C)=O)c(=O)n2C,"CHEMBL3889902",4480,Done,6.48,-5.36389,"glide_grid_1X70",-5.36639,-0.684115,-0.803957,-0,-0.332405,-35.1911,-14.1925,0.58323,-0.240712,-67.7623,-49.3836,10.5555
[NH3+][C@H]1Cc2c(ccc3cc(N4CCOCC4)ccc23)O[C@@H]1c1cc(F)c(F)cc1F,"CHEMBL3890161",4481,Done,1.75,-8.66851,"glide_grid_1X70",-8.85641,-1.18125,-0.785984,-0,-2.17133,-38.3496,-18.8909,0.160188,-0.126924,-98.3258,-57.2405,0.941417
N[C@H]1Cc2c(ccc3cc(N4CCOCC4)ccc23)O[C@@H]1c1cc(F)c(F)cc1F,"CHEMBL3890161",4482,Done,1.94,-5.20814,"glide_grid_1X70",-5.98014,-1.07511,-0.582686,-0,-1.51871,-37.5898,-7.48886,0.229846,-0.030662,-60.0049,-45.0786,3.19323
COc1ccc2ccc3c(c2c1)C[C@H]([NH3+])[C@@H](c1cccc(F)c1)O3,"CHEMBL3892398",4483,Done,1.83,-7.59572,"glide_grid_1X70",-7.81302,-1.10927,-0.650742,-0,-2.36127,-32.818,-13.8362,0.12459,-0.1,-78.6202,-46.6542,0.0159251
COc1ccc2ccc3c(c2c1)C[C@H](N)[C@@H](c1cccc(F)c1)O3,"CHEMBL3892398",4484,Done,1.89,-4.78133,"glide_grid_1X70",-5.48093,-1.1622,-0.484471,-0,-1.83934,-29.9224,-4.51848,0.178965,0,-47.1917,-34.4409,0.0194296
CS(=O)(=O)n1cc2c(n1)C[N@@H+]([C@@H]1C[C@H]([NH3+])[C@@H](c3cc(F)ccc3F)[C@H]3C[C@@H]31)C2,"CHEMBL3896302",4485,Done,2.4,-8.05489,"glide_grid_1X70",-8.23779,-1.16855,-0.434169,-0,-2.09632,-29.4219,-20.178,0.163689,-0.204643,-79.7667,-49.5999,0.318339
CS(=O)(=O)n1cc2c(n1)CN([C@@H]1C[C@H]([NH3+])[C@@H](c3cc(F)ccc3F)[C@H]3C[C@@H]31)C2,"CHEMBL3896302",4486,Done,2.66,-5.89602,"glide_grid_1X70",-6.77442,-0.680801,-0.500659,-0,-1.16862,-30.4237,-18.0738,0.164416,-0.356504,-69.9306,-48.4975,8.17126
CS(=O)(=O)n1cc2c(n1)C[N@@H+]([C@@H]1C[C@H](N)[C@@H](c3cc(F)ccc3F)[C@H]3C[C@@H]31)C2,"CHEMBL3896302",4487,Done,2.5,-4.00062,"glide_grid_1X70",-5.92932,-1.05529,-0.304,-0,-1.57115,-29.5141,-11.1369,0.234881,-0.0875295,-56.9878,-40.6509,2.10005
CC#CCn1c(N2CCC[C@H]([NH3+])C2)nc2c1c(=O)n(Cc1nc(C)cc3ccccc13)c(=O)n2C,"CHEMBL3898310",4488,Done,3.27,-5.96358,"glide_grid_1X70",-6.22688,-0.152037,-0.67681,-0,-1.33503,-33.6523,-16.9983,0.316922,-0.147573,-75.5922,-50.6506,2.34258
CC#CCn1c(N2CCC[C@H]([NH3+])C2)nc2c1c(=O)n(Cc1[nH+]c(C)cc3ccccc13)c(=O)n2C,"CHEMBL3898310",4489,Done,3.7,-5.56186,"glide_grid_1X70",-6.17616,-0.125047,-0.559905,-0,-1.2542,-33.2005,-18.2002,0.315692,-0.162651,-77.9868,-51.4007,0.943443
COc1ccc2c3c(ccc2c1)O[C@H](c1cc(F)c(F)cc1F)[C@@H]([NH3+])C3,"CHEMBL3901191",4490,Done,1.77,-8.31204,"glide_grid_1X70",-8.49994,-1.23444,-0.632522,-0,-2.32214,-34.2084,-17.1869,0.103384,-0.125773,-86.249,-51.3953,3.52317
COc1ccc2c3c(ccc2c1)O[C@H](c1cc(F)c(F)cc1F)[C@@H](N)C3,"CHEMBL3901191",4491,Done,1.64,-5.32654,"glide_grid_1X70",-6.09854,-1.23957,-0.458597,-0,-1.83024,-34.0811,-6.58918,0.14843,-0.0261316,-53.8388,-40.6703,3.64273
CC#CCn1c(N2CCC[C@@H]([NH3+])C2)nc2c1c(=O)n(Cc1ncc3ccccc3n1)c(=O)n2C,"CHEMBL3903110",4492,Done,3.17,-5.5423,"glide_grid_1X70",-5.5448,-0.116436,-0.617307,-0,-1.23421,-31.9715,-14.2582,0.333509,-0.173048,-68.5416,-46.2297,1.64348
CC#CCn1c(N2CCC[C@@H]([NH3+])C2)nc2c1c(=O)n(Cc1ncc(C)c3ccccc13)c(=O)n2C,"CHEMBL3903787",4493,Done,3.57,-5.51025,"glide_grid_1X70",-5.63435,-0.635997,-0.4,-0,-0.944669,-30.6012,-15.128,0.316922,-0.171356,-67.2207,-45.7291,3.00705
CC#CCn1c(N2CCC[C@@H]([NH3+])C2)nc2c1c(=O)n(Cc1[nH+]cc(C)c3ccccc13)c(=O)n2C,"CHEMBL3903787",4494,Done,4.07,-4.98107,"glide_grid_1X70",-5.98147,-0.00731789,-0.592453,-0,-1.16062,-30.1115,-19.0031,0.315692,-0.180727,-74.8975,-49.1147,2.21616
CC(C)=CCn1c(N2CCC[C@@H]([NH3+])C2)nc2c1c(=O)n(Cc1ccc3ccccc3n1)c(=O)n2C,"CHEMBL3904065",4495,Done,4.24,-5.38788,"glide_grid_1X70",-5.39668,-0.0837188,-0.562991,-0,-1.15213,-31.6162,-14.3062,0.314469,-0.185577,-66.5725,-45.9223,2.95026
CC(C)=CCn1c(N2CCC[C@@H]([NH3+])C2)nc2c1c(=O)n(Cc1ccc3ccccc3[nH+]1)c(=O)n2C,"CHEMBL3904065",4496,Done,4.73,-3.56833,"glide_grid_1X70",-6.06633,-0.0252287,-0.60243,-0,-1.1585,-30.4584,-19.0897,0.313253,-0.207059,-73.831,-49.548,4.28991
CC#CCn1c(N2CCC[C@@H]([NH3+])C2)nc2c1c(=O)n(CC1CCN(C(=O)OC(C)C)CC1)c(=O)n2C,"CHEMBL3911786",4497,Done,5.62,-6.1473,"glide_grid_1X70",-6.1498,-1.29889,-0.286982,-0,-0.515954,-38.0573,-16.8686,0.570382,-0.185213,-73.0936,-54.9258,15.6998
CC#CCn1c(N2CCC[C@@H]([NH3+])C2)nc2c1c(=O)n(Cc1nc(C)cc3ccccc13)c(=O)n2C1CC1,"CHEMBL3911930",4498,Done,4.74,-3.93968,"glide_grid_1X70",-4.20298,-0.359287,-0.384294,-0,-0.23455,-29.3289,-13.8163,0.492526,-0.178487,-57.0732,-43.1452,4.99617
CC#CCn1c(N2CCC[C@@H]([NH3+])C2)nc2c1c(=O)n(Cc1[nH+]c(C)cc3ccccc13)c(=O)n2C1CC1,"CHEMBL3911930",4499,Done,5.41,-4.88045,"glide_grid_1X70",-5.49475,-0.310661,-0.550992,-0,-0.532677,-27.4642,-19.1072,0.343494,-0.204621,-68.4867,-46.5714,2.34181
CC(C)=CCn1c(N2CCC[C@@H]([NH3+])C2)nc2c1c(=O)n(CC(=O)N1CCCCC1)c(=O)n2C,"CHEMBL3912125",4500,Done,5.46,-5.43142,"glide_grid_1X70",-5.43392,0,-0.837059,-0,-1.05003,-24.8626,-16.5552,0.401717,-0.222138,-61.89,-41.4178,0.874802
CC#CCn1c(N2CCC[C@H]([NH3+])C2)nc2c1c(=O)n(Cc1ccc(OC)c3ccccc13)c(=O)n2C,"CHEMBL3912809",4501,Done,3.65,-5.60873,"glide_grid_1X70",-5.61123,-0.139943,-0.667447,-0,-1.18494,-35.1687,-13.3632,0.299317,-0.155306,-71.2653,-48.5318,1.97865
C#CCn1c(=O)n(C)c(=O)c2c1nc(N1CCC[C@@H]([NH3+])C1)n2Cc1ccccc1C#N,"CHEMBL3913618",4502,Done,3.25,-5.75563,"glide_grid_1X70",-5.75813,-0.447404,-0.615674,-0,-1.08588,-29.5168,-14.4937,0.395224,-0.35451,-64.2071,-44.0105,4.05797
Cn1c(=O)c2c(nc(N3CCC[C@@H]([NH3+])C3)n2Cc2ccccc2C#N)n(-c2ccccc2)c1=O,"CHEMBL3913689",4503,Done,3.91,-5.88467,"glide_grid_1X70",-5.88717,-0.392831,-0.583455,-0,-0.92603,-29.8719,-16.7696,0.270013,-0.245833,-68.8781,-46.6414,2.78145
N#Cc1ccc2c3c(ccc2c1)O[C@@H](c1cc(F)c(F)cc1F)[C@H]([NH3+])C3,"CHEMBL3920234",4504,Done,1.37,-8.0597,"glide_grid_1X70",-8.2476,-0.953437,-0.700967,-0,-2.57495,-32.8982,-15.3986,0.105998,-0.169537,-79.6122,-48.2969,0.576301
N#Cc1ccc2c3c(ccc2c1)O[C@@H](c1cc(F)c(F)cc1F)[C@H](N)C3,"CHEMBL3920234",4505,Done,1.38,-5.50936,"glide_grid_1X70",-6.28136,-1.08305,-0.493174,-0,-2.07675,-33.4577,-6.88181,0.152194,-0.0754213,-54.1821,-40.3395,0.234859
CC(C)=CCn1c(N2CCC[C@@H]([NH3+])C2)nc2c1c(=O)n([C@H](C)C(=O)c1ccccc1)c(=O)n2C,"CHEMBL3922613",4506,Done,4.52,-5.62981,"glide_grid_1X70",-5.63231,-0.547354,-0.33679,-0,-1.08411,-29.2547,-17.288,0.558277,-0.166398,-68.6952,-46.5427,2.82547
[NH3+][C@@H]1Cc2c(ccc3ccccc23)O[C@H]1c1cc(F)c(F)cc1F,"CHEMBL3926320",4507,Done,1.28,-7.89161,"glide_grid_1X70",-8.07951,-1.03946,-0.684789,-0,-2.64466,-28.8164,-14.7985,0.12065,-0.170668,-72.7414,-43.6149,0.540887
N[C@@H]1Cc2c(ccc3ccccc23)O[C@H]1c1cc(F)c(F)cc1F,"CHEMBL3926320",4508,Done,1.24,-5.15084,"glide_grid_1X70",-5.92284,-1.07057,-0.441921,-0,-2.09519,-29.8904,-6.10673,0.173291,-0.077922,-48.5967,-35.9972,0.272703
CS(=O)(=O)n1cc2c(n1)C[N@@H+]([C@@H]1C[C@H]([NH3+])[C@@H](c3cc(F)ccc3F)[C@@H]3C[C@@H]31)C2,"CHEMBL3926627",4509,Done,2.25,-8.99213,"glide_grid_1X70",-9.17503,-1.16724,-0.567757,-0,-2.07989,-40.2564,-21.968,0.163689,-0.215824,-109.086,-62.2244,0.492877
CS(=O)(=O)n1cc2c(n1)CN([C@@H]1C[C@H]([NH3+])[C@@H](c3cc(F)ccc3F)[C@@H]3C[C@@H]31)C2,"CHEMBL3926627",4510,Done,2.38,-8.2286,"glide_grid_1X70",-9.107,-1.22192,-0.541848,-0,-2.00658,-38.0316,-22.395,0.164416,-0.240229,-103.76,-60.4266,0.230761
CS(=O)(=O)n1cc2c(n1)C[N@@H+]([C@@H]1C[C@H](N)[C@@H](c3cc(F)ccc3F)[C@@H]3C[C@@H]31)C2,"CHEMBL3926627",4511,Done,2.32,-4.69779,"glide_grid_1X70",-6.62649,-1.15803,-0.409995,-0,-1.50244,-36.5581,-12.3348,0.234881,-0.11278,-72.2268,-48.8929,0.557255
COc1ccc2ccc3c(c2c1)C[C@H]([NH3+])[C@@H](c1cc(F)c(F)cc1F)O3,"CHEMBL3928073",4512,Done,1.6,-7.88115,"glide_grid_1X70",-8.06905,-1.16071,-0.64737,-0,-2.24848,-33.2282,-15.6447,0.103384,-0.107764,-82.8475,-48.8729,0.00647451
COc1ccc2ccc3c(c2c1)C[C@H](N)[C@@H](c1cc(F)c(F)cc1F)O3,"CHEMBL3928073",4513,Done,1.64,-4.97273,"glide_grid_1X70",-5.74473,-1.11853,-0.473131,-0,-1.8687,-32.7534,-5.21009,0.14843,-0.0136156,-52.0221,-37.9635,0.243693
COc1ccc2c3c(ccc2c1)O[C@@H](c1cc(F)c(F)cc1F)[C@H]([NH3+])C3,"CHEMBL3929146",4514,Done,1.76,-7.95514,"glide_grid_1X70",-8.14304,-1.03224,-0.691885,-0,-2.45381,-31.3085,-15.5457,0.103384,-0.171215,-75.2021,-46.8542,3.8403
COc1ccc2c3c(ccc2c1)O[C@@H](c1cc(F)c(F)cc1F)[C@H](N)C3,"CHEMBL3929146",4515,Done,1.78,-5.02588,"glide_grid_1X70",-5.79788,-1.00011,-0.480828,-0,-1.83272,-30.6931,-6.86029,0.14843,-0.0689475,-48.6387,-37.5534,3.5083
Cc1cc(=O)oc2c3c(ccc12)O[C@H](c1cc(F)c(F)cc1F)[C@H]([NH3+])C3,"CHEMBL3929764",4516,Done,1.28,-4.63966,"glide_grid_1X70",-4.75956,-1.13783,-0.4,-0,-1.6607,-5.60455,-8.23249,0.14626,-0.192195,-25.4567,-13.837,2.93895
C[C@]1([N@H+]2Cc3c[nH]nc3C2)CO[C@H](c2cc(F)ccc2F)[C@@H]([NH3+])C1,"CHEMBL3931183",4518,Done,1.99,-8.02839,"glide_grid_1X70",-8.47359,-0.845575,-0.520673,-0,-2.46711,-30.8734,-21.2859,0.233668,-0.137346,-92.1338,-52.1593,0.809369
C[C@]1([N@H+]2Cc3cn[nH]c3C2)CO[C@H](c2cc(F)ccc2F)[C@@H]([NH3+])C1,"CHEMBL3931183",4519,Done,2.08,-8.53133,"glide_grid_1X70",-8.97653,-1.06331,-0.573726,-0,-2.22904,-33.4151,-23.5938,0.233668,-0.1343,-101.063,-57.0089,0.230359
C[C@]1(N2Cc3c[nH]nc3C2)CO[C@H](c2cc(F)ccc2F)[C@@H]([NH3+])C1,"CHEMBL3931183",4520,Done,1.92,-5.77598,"glide_grid_1X70",-7.88728,-0.945526,-0.573894,-0,-2.44658,-32.8265,-16.0945,0.234913,-0.100685,-81.4779,-48.921,0.655947
C[C@]1(N2Cc3cn[nH]c3C2)CO[C@H](c2cc(F)ccc2F)[C@@H]([NH3+])C1,"CHEMBL3931183",4521,Done,1.98,-5.59089,"glide_grid_1X70",-7.70219,-1.02237,-0.568567,-0,-2.28204,-33.9647,-15.106,0.234913,-0.1,-80.2488,-49.0707,0.704668
CS(=O)(=O)c1ccc2c3c(ccc2c1)O[C@H](c1cc(F)c(F)cc1F)[C@@H]([NH3+])C3,"CHEMBL3932825",4522,Done,1.88,-8.24901,"glide_grid_1X70",-8.43691,-0.854791,-0.61416,-0,-2.01751,-35.711,-20.6224,0.0825931,-0.154131,-95.6038,-56.3334,1.12111
CS(=O)(=O)c1ccc2c3c(ccc2c1)O[C@H](c1cc(F)c(F)cc1F)[C@@H](N)C3,"CHEMBL3932825",4523,Done,1.7,-5.65429,"glide_grid_1X70",-6.42629,-1.07983,-0.488254,-0,-1.57158,-35.8401,-10.2756,0.118517,-0.0718094,-64.6584,-46.1156,1.11687
COc1ccc2ccc3c(c2c1)C[C@H]([NH3+])[C@@H](c1cc(F)ccc1F)O3,"CHEMBL3934008",4524,Done,1.9,-7.86239,"glide_grid_1X70",-8.07969,-1.25359,-0.653884,-0,-2.30488,-33.1955,-14.7981,0.113242,-0.1011,-81.0873,-47.9935,0.0830118
COc1ccc2ccc3c(c2c1)C[C@H](N)[C@@H](c1cc(F)ccc1F)O3,"CHEMBL3934008",4525,Done,1.77,-4.93699,"glide_grid_1X70",-5.63659,-1.18447,-0.432083,-0,-1.85387,-33.935,-4.21357,0.162622,0,-51.6292,-38.1486,0.370098
CC(C)=CCn1c(N2CCC[C@@H]([NH3+])C2)nc2c1c(=O)n(Cc1ncnc3ccccc13)c(=O)n2C,"CHEMBL3934913",4526,Done,5.03,-5.184,"glide_grid_1X70",-5.1865,0,-0.582522,-0,-1.18785,-30.455,-13.5401,0.313277,-0.175639,-64.7303,-43.9951,1.96469
[NH3+][C@H]1C[C@@H](N2Cc3cnn(S(=O)(=O)C4CCCC4)c3C2)CO[C@H]1c1cc(F)c(F)cc1F,"CHEMBL3935335",4527,Done,6.56,-5.33545,"glide_grid_1X70",-5.39985,-0.405109,-0.72,-0,-0.621366,-26.8454,-16.3563,0.363663,-0.221315,-57.7768,-43.2017,10.6885
[NH3+][C@H]1C[C@@H]([N@@H+]2Cc3cnn(S(=O)(=O)C4CCCC4)c3C2)CO[C@H]1c1cc(F)c(F)cc1F,"CHEMBL3935335",4528,Done,8.12,-6.12734,"glide_grid_1X70",-7.54024,-0.3844,-0.662243,-0,-0.942328,-30.0932,-27.3753,0.253574,-0.300181,-82.5719,-57.4685,11.3588
N[C@H]1C[C@@H]([N@@H+]2Cc3cnn(S(=O)(=O)C4CCCC4)c3C2)CO[C@H]1c1cc(F)c(F)cc1F,"CHEMBL3935335",4529,Done,8.6,-1.99082,"glide_grid_1X70",-4.67252,-0.14627,-0.618151,-0,-0.471734,-25.4845,-15.7608,0.363663,-0.161683,-50.9075,-41.2453,5.87527
CC#CCn1c(N2CCC[C@@H]([NH3+])C2)nc2c1c(=O)n(Cc1cc(C)c3nccnc3c1)c(=O)n2C,"CHEMBL3938646",4530,Done,3.58,-5.45365,"glide_grid_1X70",-5.45615,-0.434186,-0.636862,-0,-0.925846,-28.8191,-15.6519,0.451023,-0.121533,-66.1363,-44.4711,1.35039
CC#CCn1c(N2CCC[C@@H]([NH3+])C2)nc2c1c(=O)n(CC(=O)c1cccc(OC)c1)c(=O)n2C,"CHEMBL3939916",4531,Done,5.08,-5.53763,"glide_grid_1X70",-5.54013,-0.446161,-0.340933,-0,-0.863435,-33.7956,-17.3476,0.558371,-0.156042,-71.5381,-51.1432,7.57084
C[C@]1(N2Cc3cn(S(C)(=O)=O)nc3C2)CO[C@H](c2cc(F)ccc2F)[C@@H]([NH3+])C1,"CHEMBL3940772",4532,Done,2.57,-7.92238,"glide_grid_1X70",-8.34978,-0.956362,-0.562843,-0,-1.87117,-34.6794,-20.8462,0.161565,-0.260059,-93.5566,-55.5257,0.517554
C[C@]1([N@H+]2Cc3cn(S(C)(=O)=O)nc3C2)CO[C@H](c2cc(F)ccc2F)[C@@H]([NH3+])C1,"CHEMBL3940772",4533,Done,2.35,-8.26306,"glide_grid_1X70",-8.72186,-0.878216,-0.583122,-0,-1.84094,-36.1899,-23.5248,0.160857,-0.242219,-105.071,-59.7147,0.259416
C[C@]1([N@H+]2Cc3cn(S(C)(=O)=O)nc3C2)CO[C@H](c2cc(F)ccc2F)[C@@H](N)C1,"CHEMBL3940772",4534,Done,2.33,-4.52186,"glide_grid_1X70",-6.26366,-0.841757,-0.420368,-0,-1.25886,-32.9097,-14.5294,0.230808,-0.14858,-68.2422,-47.4391,0.51948
COc1cc2ccc3c(c2cc1OC)C[C@H]([NH3+])[C@@H](c1cc(F)c(F)cc1F)O3,"CHEMBL3941804",4535,Done,2.05,-7.66583,"glide_grid_1X70",-7.85373,-0.814671,-0.719688,-0,-2.09507,-34.8566,-16.4043,0.0895885,-0.110418,-82.2133,-51.2609,7.03997
COc1cc2ccc3c(c2cc1OC)C[C@H](N)[C@@H](c1cc(F)c(F)cc1F)O3,"CHEMBL3941804",4536,Done,2,-4.78724,"glide_grid_1X70",-5.55924,-0.878468,-0.503276,-0,-1.69939,-35.1486,-5.59056,0.128579,-0.010667,-52.0111,-40.7392,6.6024
N#Cc1ccc2ccc3c(c2c1)C[C@@H]([NH3+])[C@H](c1cc(F)c(F)cc1F)O3,"CHEMBL3942715",4537,Done,1.32,-6.01709,"glide_grid_1X70",-6.20499,-0.806371,-0.206826,-0,-2.12931,-32.8786,-9.48415,0.105998,-0.101934,-64.0416,-42.3627,3.08217
N#Cc1ccc2ccc3c(c2c1)C[C@@H](N)[C@H](c1cc(F)c(F)cc1F)O3,"CHEMBL3942715",4538,Done,1.39,-4.77726,"glide_grid_1X70",-5.54926,-0.902841,-0.340753,-0,-2.02321,-34.218,-4.27629,0.152194,-0.0823056,-50.3307,-38.4943,0.261079
CC(C)=CCn1c(N2CCC[C@@H]([NH3+])C2)nc2c1c(=O)n(Cc1cc3ccccc3cn1)c(=O)n2C,"CHEMBL3942798",4539,Done,4.36,-5.4431,"glide_grid_1X70",-5.4863,-0.132331,-0.616223,-0,-1.13267,-32.568,-14.1182,0.314469,-0.173405,-69.3838,-46.6863,1.05284
CC(C)=CCn1c(N2CCC[C@@H]([NH3+])C2)nc2c1c(=O)n(Cc1cc3ccccc3c[nH+]1)c(=O)n2C,"CHEMBL3942798",4540,Done,4.75,-3.81514,"glide_grid_1X70",-5.38744,-0.110311,-0.555499,-0,-0.644462,-31.0522,-18.6587,0.447504,-0.173247,-71.5316,-49.711,2.30354
COc1cc2c3c(ccc2cc1NS(C)(=O)=O)O[C@H](c1cc(F)c(F)cc1F)[C@@H]([NH3+])C3,"CHEMBL3942843",4541,Done,2.06,-8.36888,"glide_grid_1X70",-8.64788,-1.24942,-0.999481,-0,-1.68002,-19.8831,-23.8719,0.136671,-0.280682,-81.1116,-43.755,3.19724
COc1cc2c3c(ccc2cc1[N-]S(C)(=O)=O)O[C@H](c1cc(F)c(F)cc1F)[C@@H]([NH3+])C3,"CHEMBL3942843",4543,Done,2.45,-6.12688,"glide_grid_1X70",-7.85228,-0.971197,-0.522903,-0,-2.01621,-34.1307,-17.2608,0.137225,-0.183532,-85.6212,-51.3915,2.73489
COc1cc2c3c(ccc2cc1[N-]S(C)(=O)=O)O[C@H](c1cc(F)c(F)cc1F)[C@@H](N)C3,"CHEMBL3942843",4544,Done,2.62,-3.17608,"glide_grid_1X70",-5.64638,-0.918176,-0.385669,-0,-1.53391,-33.2109,-8.41189,0.196833,-0.0831287,-56.1429,-41.6228,2.67029
COc1cc2c3c(ccc2cc1S(C)(=O)=O)O[C@H](c1cc(F)c(F)cc1F)[C@@H]([NH3+])C3,"CHEMBL3944427",4545,Done,1.97,-7.65357,"glide_grid_1X70",-7.84147,-0.750579,-0.563001,-0,-1.89124,-33.229,-19.3552,0.0726465,-0.144556,-88.012,-52.5843,0.996158
COc1cc2c3c(ccc2cc1S(C)(=O)=O)O[C@H](c1cc(F)c(F)cc1F)[C@@H](N)C3,"CHEMBL3944427",4546,Done,1.91,-4.82169,"glide_grid_1X70",-5.59369,-0.767138,-0.42485,-0,-1.3231,-31.9856,-10.1953,0.104215,-0.0542543,-57.8957,-42.1808,0.94233
COCCn1c(=O)c2c(nc(N3CCC[C@@H]([NH3+])C3)n2Cc2ccccc2C#N)n(C)c1=O,"CHEMBL3945052",4547,Done,4.93,-5.85327,"glide_grid_1X70",-5.85577,-0.675669,-0.420773,-0,-1.16918,-34.1034,-13.5115,0.36314,-0.221382,-69.1971,-47.6149,4.75798
[NH3+][C@H]1Cc2c(ccc3cc(C(=O)[O-])ccc23)O[C@@H]1c1cc(F)c(F)cc1F,"CHEMBL3950517",4548,Done,1.66,-7.91245,"glide_grid_1X70",-8.10035,-0.981063,-0.731235,-0,-2.32997,-34.0531,-15.5861,0.0970548,-0.114579,-87.1732,-49.6391,0.084125
N[C@H]1Cc2c(ccc3cc(C(=O)[O-])ccc23)O[C@@H]1c1cc(F)c(F)cc1F,"CHEMBL3950517",4549,Done,1.6,-5.17032,"glide_grid_1X70",-5.94232,-1.11251,-0.581335,-0,-1.82659,-34.0449,-5.47723,0.139322,-0.037383,-56.1012,-39.5221,0.0534439
COc1ccc2ccc3c(c2c1)C[C@H]([NH3+])[C@@H](c1ccc(F)cc1F)O3,"CHEMBL3952691",4550,Done,1.83,-7.5513,"glide_grid_1X70",-7.7392,-1.10696,-0.641374,-0,-2.22945,-33.2948,-14.0661,0.113242,-0.1,-78.719,-47.3609,0.256297
COc1ccc2ccc3c(c2c1)C[C@H](N)[C@@H](c1ccc(F)cc1F)O3,"CHEMBL3952691",4551,Done,1.76,-4.82588,"glide_grid_1X70",-5.59788,-1.14099,-0.481636,-0,-1.7948,-33.0824,-4.59306,0.162622,0,-51.2696,-37.6754,0.263659
[NH3+][C@@H]1Cc2c(ccc3ccc(=O)oc23)O[C@H]1c1cc(F)c(F)cc1F,"CHEMBL3952716",4552,Done,1.34,-7.52168,"glide_grid_1X70",-7.64158,-1.0172,-0.536346,-0,-2.52917,-32.4122,-12.4392,0.109838,-0.182214,-73.0491,-44.8514,0.748258
N[C@@H]1Cc2c(ccc3ccc(=O)oc23)O[C@H]1c1cc(F)c(F)cc1F,"CHEMBL3952716",4553,Done,1.35,-4.64469,"glide_grid_1X70",-5.65019,-0.847622,-0.626699,-0,-1.9314,-29.4472,-5.73017,0.157721,-0.070312,-46.9023,-35.1774,0.118749
COc1ccc2ccc3c(c2c1)C[C@@H]([NH3+])[C@H](c1cc(F)c(F)cc1F)O3,"CHEMBL3955701",4554,Done,1.57,-7.88168,"glide_grid_1X70",-8.06958,-0.875054,-0.917815,-0,-2.43926,-30.8615,-14.8388,0.103384,-0.171944,-75.9119,-45.7004,1.42479
COc1ccc2ccc3c(c2c1)C[C@@H](N)[C@H](c1cc(F)c(F)cc1F)O3,"CHEMBL3955701",4555,Done,1.87,-4.81696,"glide_grid_1X70",-5.58896,-0.987462,-0.468469,-0,-1.85682,-30.0383,-5.62484,0.14843,-0.0790002,-47.9583,-35.6631,0.406034
CC#CCn1c(N2CCC[C@@H]([NH3+])C2)nc2c1c(=O)n(Cc1ccc(F)c3ccccc13)c(=O)n2C,"CHEMBL3957200",4556,Done,3.7,-5.4197,"glide_grid_1X70",-5.4222,-0.637149,-0.316565,-0,-0.903363,-29.822,-15.7236,0.447587,-0.163073,-66.2924,-45.5456,2.985
C/C=C/Cn1c(N2CCC[C@@H]([NH3+])C2)nc2c1c(=O)n(CC(=O)c1ccccc1)c(=O)n2C,"CHEMBL3958450",4557,Done,3.9,-5.83346,"glide_grid_1X70",-5.83596,-0.0377653,-0.724233,-0,-1.41298,-28.4367,-16.5638,0.437555,-0.192145,-67.3212,-45.0004,2.64489
CS(=O)(=O)Nc1ccc2c3c(ccc2c1)O[C@H](c1cc(F)c(F)cc1F)[C@@H]([NH3+])C3,"CHEMBL3959221",4558,Done,2.24,-8.72431,"glide_grid_1X70",-9.00761,-1.16098,-0.669692,-0,-1.80363,-37.3402,-22.4985,0.154758,-0.286288,-103.663,-59.8387,2.09528
CS(=O)(=O)Nc1ccc2c3c(ccc2c1)O[C@H](c1cc(F)c(F)cc1F)[C@@H](N)C3,"CHEMBL3959221",4559,Done,2.25,-2.61701,"glide_grid_1X70",-3.32361,-0.191336,-0.260211,-0,-0.582124,-29.2849,-5.82357,0.222039,-0.174193,-43.9021,-35.1085,1.75287
CS(=O)(=O)[N-]c1ccc2c3c(ccc2c1)O[C@H](c1cc(F)c(F)cc1F)[C@@H]([NH3+])C3,"CHEMBL3959221",4560,Done,2.29,-7.43434,"glide_grid_1X70",-9.10464,-1.16778,-0.641729,-0,-2.20478,-33.2215,-22.1916,0.155427,-0.255971,-99.6738,-55.4131,1.70143
CS(=O)(=O)[N-]c1ccc2c3c(ccc2c1)O[C@H](c1cc(F)c(F)cc1F)[C@@H](N)C3,"CHEMBL3959221",4561,Done,2.08,-3.59799,"glide_grid_1X70",-6.01329,-1.24662,-0.494443,-0,-1.46511,-37.4139,-6.52991,0.223,-0.179931,-61.701,-43.9438,2.16541
Cc1cc(=O)oc2c3c(ccc12)O[C@H](c1cc(F)c(F)cc1F)[C@@H]([NH3+])C3,"CHEMBL3959577",4562,Done,1.25,-8.302,"glide_grid_1X70",-8.4219,-1.13881,-0.946127,-0,-2.29544,-30.4762,-16.5643,0.102382,-0.135439,-80.1128,-47.0406,0.00260362
Cc1cc(=O)oc2c3c(ccc12)O[C@H](c1cc(F)c(F)cc1F)[C@@H](N)C3,"CHEMBL3959577",4563,Done,1.29,-5.11956,"glide_grid_1X70",-6.12506,-1.12858,-0.815249,-0,-1.767,-27.6465,-7.61613,0.146989,-0.0364721,-49.283,-35.2627,0.00845797
CC#CCn1c(N2CCC[C@H]([NH3+])C2)nc2c1c(=O)n(Cc1ncc(C)c3ccccc13)c(=O)n2C,"CHEMBL3966199",4564,Done,3.49,-5.56628,"glide_grid_1X70",-5.69038,-0.157492,-0.653527,-0,-1.23888,-34.2918,-13.8993,0.316922,-0.157915,-71.3048,-48.1912,2.47066
CC#CCn1c(N2CCC[C@H]([NH3+])C2)nc2c1c(=O)n(Cc1[nH+]cc(C)c3ccccc13)c(=O)n2C,"CHEMBL3966199",4565,Done,3.7,-5.59879,"glide_grid_1X70",-6.59919,-0.150759,-0.680733,-0,-1.28193,-34.6817,-19.3515,0.315692,-0.164646,-82.287,-54.0332,1.74276
Cc1cc(=O)oc2c3c(ccc12)O[C@@H](c1cc(F)c(F)cc1F)[C@@H]([NH3+])C3,"CHEMBL3968332",4566,Done,1.35,-7.56942,"glide_grid_1X70",-7.68932,-0.956704,-0.560919,-0,-2.46034,-32.4712,-13.9345,0.102382,-0.1,-74.0497,-46.4057,0.877909
Cc1cc(=O)oc2c3c(ccc12)O[C@@H](c1cc(F)c(F)cc1F)[C@@H](N)C3,"CHEMBL3968332",4567,Done,1.34,-4.37296,"glide_grid_1X70",-5.37846,-0.944004,-0.344212,-0,-1.96201,-33.5351,-3.98976,0.146989,0,-48.2583,-37.5249,1.01052
Cc1cc(=O)oc2c3c(ccc12)O[C@@H](c1cc(F)c(F)cc1F)[C@H]([NH3+])C3,"CHEMBL3971196",4568,Done,1.21,-7.44006,"glide_grid_1X70",-7.55996,-0.887153,-0.850479,-0,-2.33383,-28.8194,-13.204,0.102382,-0.169312,-69.8915,-42.0234,0.179073
Cc1cc(=O)oc2c3c(ccc12)O[C@@H](c1cc(F)c(F)cc1F)[C@H](N)C3,"CHEMBL3971196",4569,Done,1.36,-3.93072,"glide_grid_1X70",-4.93622,-1.01557,-0.252048,-0,-1.96528,-28.3078,-2.76703,0.146989,-0.0198656,-41.5838,-31.0749,0.944132
COc1ccc2ccc3c(c2c1)C[C@H]([NH3+])[C@@H](c1ccccc1Cl)O3,"CHEMBL3972474",4570,Done,2.11,-7.12944,"glide_grid_1X70",-7.37004,-1.33423,-0.634643,-0,-1.89563,-32.2782,-12.7052,0.114149,-0.1,-72.2349,-44.9833,0.475918
COc1ccc2ccc3c(c2c1)C[C@H](N)[C@@H](c1ccccc1Cl)O3,"CHEMBL3972474",4571,Done,1.99,-4.4759,"glide_grid_1X70",-5.1261,-1.32943,-0.493308,-0,-1.37359,-32.1722,-3.23392,0.163928,0,-46.2744,-35.4061,0.727108
COc1ccc2ccc3c(c2c1)C[C@H]([NH3+])[C@@H](c1ccccc1F)O3,"CHEMBL3981442",4572,Done,2.01,-7.15404,"glide_grid_1X70",-7.33034,-1.11117,-0.642195,-0,-2.04167,-32.2205,-12.9925,0.12459,-0.1,-74.2771,-45.213,0.263997
COc1ccc2ccc3c(c2c1)C[C@H](N)[C@@H](c1ccccc1F)O3,"CHEMBL3981442",4573,Done,1.88,-4.26533,"glide_grid_1X70",-5.06943,-1.11553,-0.485812,-0,-1.51854,-31.8868,-3.56118,0.178965,0,-47.1782,-35.4479,0.169802
CC#CCn1c(N2CCC[C@@H]([NH3+])C2)nc2c1c(=O)n(Cc1ccc(C#N)c3ccccc13)c(=O)n2C,"CHEMBL3981831",4574,Done,3.28,-5.9214,"glide_grid_1X70",-5.9239,-0.237055,-0.78789,-0,-1.11522,-26.9705,-17.0601,0.305033,-0.181234,-67.4868,-44.0306,1.53149
CC#CCn1c(N2CCC[C@@H]([NH3+])C2)nc2c1c(=O)n(Cc1ccnc3ccccc13)c(=O)n2C,"CHEMBL3985360",4575,Done,3.45,-5.44712,"glide_grid_1X70",-5.46512,-0.647997,-0.344647,-0,-0.773984,-29.2326,-17.0397,0.478313,-0.159223,-66.7954,-46.2722,3.63942
CC#CCn1c(N2CCC[C@@H]([NH3+])C2)nc2c1c(=O)n(Cc1cc[nH+]c3ccccc13)c(=O)n2C,"CHEMBL3985360",4576,Done,3.94,-3.46704,"glide_grid_1X70",-5.54474,-0.109951,-0.412483,-0,-0.944232,-26.1313,-19.4958,0.333483,-0.180624,-68.914,-45.6271,3.67324
CC#CCn1c(N2CCC[C@@H]([NH3+])C2)nc2c1c(=O)n(Cc1ccc(OC)c3ccccc13)c(=O)n2C,"CHEMBL3986074",4577,Done,3.77,-5.44829,"glide_grid_1X70",-5.45079,-0.066062,-0.646475,-0,-1.09456,-31.8444,-14.4432,0.299317,-0.184312,-68.1652,-46.2876,1.28104
CC#CCn1c(N2CCC[C@@H]([NH3+])C2)nc2c1c(=O)n(Cc1cc(=O)n(C)c3ccccc13)c(=O)n2C,"CHEMBL3986470",4578,Done,3.42,-4.79631,"glide_grid_1X70",-4.79881,-0.322498,-0.43823,-0,-0.724096,-27.7447,-13.7051,0.298211,-0.169197,-58.7113,-41.4498,5.09875
Cc1nnc2n1[C@@H]1CCN(C(=O)C[C@H]([NH3+])Cc3cc(F)c(F)cc3F)C[C@@H]1CC2,"CHEMBL4063983",4579,Done,2.94,-6.74463,"glide_grid_1X70",-6.75353,-1.13169,-0.333895,-0,-1.82889,-25.2508,-16.4917,0.471908,-0.194665,-71.9581,-41.7425,3.04962
Cc1nnc2n1[C@@H]1CCN(C(=O)C[C@H](N)Cc3cc(F)c(F)cc3F)C[C@@H]1CC2,"CHEMBL4063983",4580,Done,2.67,-2.03077,"glide_grid_1X70",-4.51977,-0.613049,-0.576,-0,-1.08013,-28.6549,-8.23244,0.474015,-0.0569892,-40.3552,-36.8874,14.2463
NC(=O)COc1ccc2nc(Cc3ccccc3)c(C[NH3+])c(-c3ccccc3)c2c1,"CHEMBL4064424",4581,Done,10.27,-8.79358,"glide_grid_1X70",-8.97488,-1.43273,-1.02185,-0,-1.69165,-37.72,-21.8541,0.431704,-0.0962357,-94.9305,-59.5741,12.2781
NCc1c(Cc2ccccc2)nc2ccc(OCC(N)=O)cc2c1-c1ccccc1,"CHEMBL4064424",4582,Done,9.33,-6.2945,"glide_grid_1X70",-7.0843,-1.5841,-0.961342,-0,-1.39286,-40.2924,-11.6727,0.619536,0,-68.3989,-51.9651,12.6598
[NH3+][C@@H](CC(=O)N1CC[C@H]2[C@H](CCc3nnc(C(F)(F)F)n32)C1)Cc1cc(F)c(F)cc1F,"CHEMBL4066703",4583,Done,3.61,-8.96755,"glide_grid_1X70",-8.97645,-1.33152,-0.516304,-0,-2.28979,-36.7779,-19.0001,0.263779,-0.413713,-94.2322,-55.778,5.96917
N[C@@H](CC(=O)N1CC[C@H]2[C@H](CCc3nnc(C(F)(F)F)n32)C1)Cc1cc(F)c(F)cc1F,"CHEMBL4066703",4584,Done,3.7,-3.94051,"glide_grid_1X70",-6.42951,-1.3236,-0.304,-0,-1.62351,-38.0816,-9.02711,0.378329,-0.298579,-63.8253,-47.1087,4.53435
Cc1ccc(-c2c(-c3nc(C(N)=O)cs3)cnc(CC(C)C)c2C[NH3+])cc1,"CHEMBL4068477",4585,Done,5.7,-8.19783,"glide_grid_1X70",-8.38233,-1.37007,-0.632484,-0,-1.66531,-37.3872,-19.7374,0.280068,-0.164571,-92.7338,-57.1246,2.03369
Cc1ccc(-c2c(-c3nc(C(N)=O)cs3)cnc(CC(C)C)c2CN)cc1,"CHEMBL4068477",4586,Done,4.21,-4.42083,"glide_grid_1X70",-5.20183,-0.994327,-0.304,-0,-1.31898,-35.231,-8.1665,0.401998,0,-54.6186,-43.3975,5.31994
Cc1ccc(-c2c(C[NH3+])c(CC(C)C)nc(C)c2C(=O)OCCCC(=O)[O-])cc1,"CHEMBL4071166",4587,Done,9.04,-7.47031,"glide_grid_1X70",-7.64381,-1.37252,-0.71591,-0,-1.58705,-36.0505,-17.1284,0.604335,-0.20087,-86.3124,-53.179,8.64044
Cc1ccc(-c2c(CN)c(CC(C)C)nc(C)c2C(=O)OCCCC(=O)[O-])cc1,"CHEMBL4071166",4588,Done,8.95,-4.007,"glide_grid_1X70",-4.8192,-1.39746,-0.55957,-0,-1.16575,-36.3713,-4.59922,0.867279,-0.0552469,-54.4792,-40.9706,3.28854
CCCCCc1nc2ccc(OCC(N)=O)cc2c(-c2ccccc2)c1C[NH3+],"CHEMBL4072939",4589,Done,11.59,-7.67305,"glide_grid_1X70",-7.85495,-1.16392,-0.572847,-0,-1.60127,-36.4772,-20.7413,0.56819,-0.150047,-93.5145,-57.2185,3.91373
CCCCCc1nc2ccc(OCC(N)=O)cc2c(-c2ccccc2)c1CN,"CHEMBL4072939",4590,Done,9.8,-5.02969,"glide_grid_1X70",-5.82599,-1.08871,-0.939588,-0,-1.20207,-29.5187,-12.9017,0.815585,0,-57.0913,-42.4205,6.45165
[NH3+][C@@H](CC(=O)N1CC[C@H]2[C@@H](CCc3nnc(C(F)(F)F)n32)C1)Cc1cc(F)c(F)cc1F,"CHEMBL4077696",4591,Done,3.75,-7.56764,"glide_grid_1X70",-7.57654,-0.933112,-0.847666,-0,-1.98234,-27.4487,-16.9138,0.263779,-0.167698,-75.5041,-44.3624,8.80889
N[C@@H](CC(=O)N1CC[C@H]2[C@@H](CCc3nnc(C(F)(F)F)n32)C1)Cc1cc(F)c(F)cc1F,"CHEMBL4077696",4592,Done,3.76,-3.19119,"glide_grid_1X70",-5.68019,-1.01572,-0.516759,-0,-1.71105,-28.4414,-8.77775,0.378329,-0.0762614,-50.282,-37.2192,3.01016
CC(C)Cn1c(C[NH3+])c(-c2ccccc2)c2cc(Br)ccc2c1=O,"CHEMBL4079304",4593,Done,2.82,-7.10196,"glide_grid_1X70",-7.34856,-1.28287,-0.424137,-0,-1.63929,-33.6154,-15.6612,0.18258,-0.154887,-79.5848,-49.2766,0.608639
CC(C)Cn1c(CN)c(-c2ccccc2)c2cc(Br)ccc2c1=O,"CHEMBL4079304",4594,Done,2.53,-3.60563,"glide_grid_1X70",-4.24403,-1.03072,-0.304,-0,-1.04367,-31.9709,-3.36199,0.262055,-0.0248518,-44.6513,-35.3329,1.35783
Cc1ccc(-c2c(C[NH3+])c(CC(C)C)nc3ccc(OCCCCC(N)=O)cc23)cc1,"CHEMBL4081741",4595,Done,8.28,-7.25568,"glide_grid_1X70",-7.41958,-0.852978,-0.881781,-0,-1.33618,-35.7852,-19.2102,0.54834,-0.226184,-86.4827,-54.9955,8.46347
Cc1ccc(-c2c(CN)c(CC(C)C)nc3ccc(OCCCCC(N)=O)cc23)cc1,"CHEMBL4081741",4596,Done,10.18,-4.22574,"glide_grid_1X70",-5.10984,-1.03633,-0.67646,-0,-0.893233,-36.4786,-9.77756,0.786749,0,-60.6647,-46.2561,3.07747
Cc1ccc(-c2c(CN)c(CC(C)C)[nH+]c3ccc(OCCCCC(N)=O)cc23)cc1,"CHEMBL4081741",4597,Done,7.95,-3.13501,"glide_grid_1X70",-5.55731,-1.01699,-0.752354,-0,-0.784128,-37.7947,-11.5504,0.783343,-0.164889,-64.729,-49.3451,14.3812
CCCCc1nc2ccc(OCC(N)=O)cc2c(-c2ccccc2)c1C[NH3+],"CHEMBL4083433",4598,Done,25.95,-7.43254,"glide_grid_1X70",-7.61454,-1.02954,-0.712958,-0,-1.66142,-35.1922,-18.7639,0.506564,-0.142992,-87.3893,-53.9561,5.87526
CCCCc1nc2ccc(OCC(N)=O)cc2c(-c2ccccc2)c1CN,"CHEMBL4083433",4599,Done,24.33,-4.08256,"glide_grid_1X70",-4.87866,-1.40906,-0.474844,-0,-0.920345,-38.4908,-5.73436,0.727248,-0.0169588,-55.0165,-44.2251,6.01538
CC(C)c1nnc2n1[C@@H]1CCN(C(=O)C[C@H]([NH3+])Cc3cc(F)c(F)cc3F)C[C@@H]1CC2,"CHEMBL4085550",4600,Done,3.93,-8.40009,"glide_grid_1X70",-8.40899,-1.06351,-0.546889,-0,-2.35494,-36.3374,-17.9471,0.292942,-0.227668,-90.7228,-54.2845,6.77505
CC(C)c1nnc2n1[C@@H]1CCN(C(=O)C[C@H](N)Cc3cc(F)c(F)cc3F)C[C@@H]1CC2,"CHEMBL4085550",4601,Done,3.45,-2.57239,"glide_grid_1X70",-5.06139,-1.26273,-0.304,-0,-1.5268,-29.7417,-5.39266,0.420246,-0.0921181,-44.6793,-35.1344,5.81985
CC(C)(C)Cc1nc2ccc(OCC(N)=O)cc2c(-c2ccccc2)c1C[NH3+],"CHEMBL4085958",4602,Done,11.53,-7.79228,"glide_grid_1X70",-7.96938,-1.12645,-0.749898,-0,-1.69707,-34.5177,-19.4033,0.378793,-0.138386,-90.0966,-53.9209,5.65851
CC(C)(C)Cc1nc2ccc(OCC(N)=O)cc2c(-c2ccccc2)c1CN,"CHEMBL4085958",4603,Done,11.29,-4.09916,"glide_grid_1X70",-4.90686,-1.03779,-0.537865,-0,-1.1249,-36.6224,-5.96996,0.543724,-0.0234248,-56.4198,-42.5923,1.4755
CC(C)Cn1c(C[NH3+])c(-c2ccccc2)c2cc(Br)cnc2c1=O,"CHEMBL4087191",4604,Done,2.81,-7.01919,"glide_grid_1X70",-7.36899,-1.29531,-0.50703,-0,-1.64092,-33.9445,-15.0532,0.181745,-0.152284,-79.6449,-48.9977,0.608379
CC(C)Cn1c(CN)c(-c2ccccc2)c2cc(Br)cnc2c1=O,"CHEMBL4087191",4605,Done,2.6,-3.89854,"glide_grid_1X70",-4.37704,-1.10217,-0.304,-0,-1.05927,-32.7263,-3.39292,0.260853,-0.0271908,-45.7348,-36.1193,1.90484
Cc1ccc(-c2c(C[NH3+])n(CC(C)C)c(=O)c3ccc(OCC(N)=O)cc23)cc1,"CHEMBL4089584",4606,Done,8.25,-7.67327,"glide_grid_1X70",-7.87157,-1.38363,-0.649847,-0,-1.37167,-39.836,-17.6693,0.351671,-0.175907,-94.5386,-57.5053,2.98021
Cc1ccc(-c2c(CN)n(CC(C)C)c(=O)c3ccc(OCC(N)=O)cc23)cc1,"CHEMBL4089584",4607,Done,7.59,-5.06527,"glide_grid_1X70",-5.81007,-1.39681,-0.761089,-0,-1.14033,-38.9619,-6.62222,0.504703,-0.0751114,-63.7907,-45.5842,2.03722
CC(C)Cc1nc2ccc(C(N)=O)cc2c(-c2ccccc2)c1C[NH3+],"CHEMBL4092983",4608,Done,3.91,-7.56144,"glide_grid_1X70",-7.76744,-1.00872,-0.505713,-0,-1.99538,-33.2871,-17.9724,0.236079,-0.133484,-82.2252,-51.2595,3.29833
CC(C)Cc1nc2ccc(C(N)=O)cc2c(-c2ccccc2)c1CN,"CHEMBL4092983",4609,Done,3.58,-3.79094,"glide_grid_1X70",-4.51694,-0.819405,-0.298733,-0,-1.38609,-30.5782,-5.16351,0.339063,-0.0483303,-45.9395,-35.7417,1.73621
CC(C)c1nnc2n1[C@@H]1CCN(C(=O)C[C@H]([NH3+])Cc3cc(F)c(F)cc3F)C[C@H]1CC2,"CHEMBL4098632",4610,Done,3.53,-7.90352,"glide_grid_1X70",-7.91242,-1.26159,-0.410196,-0,-2.13718,-33.8084,-16.0369,0.292942,-0.300444,-81.6597,-49.8452,4.3979
CC(C)c1nnc2n1[C@@H]1CCN(C(=O)C[C@H](N)Cc3cc(F)c(F)cc3F)C[C@H]1CC2,"CHEMBL4098632",4611,Done,3.35,-3.14538,"glide_grid_1X70",-5.63438,-1.31823,-0.576,-0,-1.43507,-30.6481,-7.52702,0.420246,-0.0638658,-46.3281,-38.1752,12.3392
CCCc1nc2ccc(OCC(N)=O)cc2c(-c2ccccc2)c1C[NH3+],"CHEMBL4101425",4612,Done,14.55,-7.38518,"glide_grid_1X70",-7.56748,-0.861167,-0.647295,-0,-1.79102,-34.0365,-18.9639,0.434597,-0.15618,-88.0946,-53.0004,2.02246
CCCc1nc2ccc(OCC(N)=O)cc2c(-c2ccccc2)c1CN,"CHEMBL4101425",4613,Done,12.39,-4.42293,"glide_grid_1X70",-5.21673,-1.12851,-0.522622,-0,-1.37666,-32.935,-7.67378,0.62404,-0.0151616,-52.9736,-40.6088,6.36358
CC(C)Cn1c(C[NH3+])c(-c2ccccc2)c2cc(C(N)=O)cnc2c1=O,"CHEMBL4105034",4614,Done,3.86,-7.34405,"glide_grid_1X70",-7.68715,-0.994465,-0.562338,-0,-1.87838,-34.7388,-17.0142,0.216213,-0.179109,-83.9769,-51.753,1.34635
CC(C)Cn1c(CN)c(-c2ccccc2)c2cc(C(N)=O)cnc2c1=O,"CHEMBL4105034",4615,Done,3.18,-4.47873,"glide_grid_1X70",-4.96563,-0.880367,-0.459746,-0,-1.36799,-29.3257,-6.9572,0.310457,-0.0581117,-47.8818,-36.2829,2.11025
CC#CCn1c(N2CCC[C@@H]([NH3+])C2)nc2c1c(=O)n(Cc1nc3cc(Cl)ccc3s1)c(=O)n2C,"CHEMBL4109453",4616,Done,2.96,-5.73609,"glide_grid_1X70",-5.73859,-0.432093,-0.377163,-0,-0.937113,-31.798,-18.1174,0.409821,-0.0945255,-72.5096,-49.9154,2.89622
CC#CCn1c(N2CCC[C@@H]([NH3+])C2)nc2c1c(=O)n(Cc1nc3ccccc3s1)c(=O)n2C,"CHEMBL4111229",4617,Done,3.11,-5.33181,"glide_grid_1X70",-5.33431,-0.0279674,-0.570632,-0,-1.23241,-30.7805,-14.0936,0.326945,-0.177185,-65.3644,-44.8741,0.838517
CC#CCn1c(N2CCC[C@@H]([NH3+])C2)nc2c1c(=O)n(Cc1nc3cc(F)ccc3s1)c(=O)n2C,"CHEMBL4113723",4618,Done,2.98,-5.4136,"glide_grid_1X70",-5.4161,-0.121449,-0.633054,-0,-1.131,-33.0398,-13.4069,0.305036,-0.172602,-67.6301,-46.4467,2.39302
COc1ccc(Cn2c(=O)cc(N3CCC[C@@H]([NH3+])C3)n(Cc3cc(F)ccc3C#N)c2=O)cc1OC,"CHEMBL4128052",4619,Done,5.79,-6.94129,"glide_grid_1X70",-6.94779,-0.261757,-1.06622,-0,-1.01373,-33.1148,-20.6836,0.291645,-0.139458,-80.5706,-53.7984,8.86274
COc1ccc(Cn2c(=O)cc(N3CCC[C@@H](N)C3)n(Cc3cc(F)ccc3C#N)c2=O)cc1OC,"CHEMBL4128052",4620,Done,6.15,-2.16315,"glide_grid_1X70",-4.84385,-0.266851,-1.10296,-0,-0.466901,-32.4778,-11.7234,0.418196,-0.0429432,-55.681,-44.2012,4.32528
N#Cc1ccc(F)cc1Cn1c(N2CCC[C@@H]([NH3+])C2)cc(=O)n(Cc2cc(F)cc(F)c2)c1=O,"CHEMBL4128601",4621,Done,3.82,-7.00529,"glide_grid_1X70",-7.01179,-0.279577,-1.02944,-0,-1.20265,-30.8372,-20.2667,0.319503,-0.237754,-79.4,-51.1039,3.08552
N#Cc1ccc(F)cc1Cn1c(N2CCC[C@@H](N)C2)cc(=O)n(Cc2cc(F)cc(F)c2)c1=O,"CHEMBL4128601",4622,Done,3.73,-0.945868,"glide_grid_1X70",-3.62657,-0.766492,-0.304,-0,-0.411499,-35.3017,-4.73198,0.458222,-0.127917,-47.6419,-40.0337,2.3213
Cc1cc(C)cc(Cn2c(=O)cc(N3CCC[C@@H]([NH3+])C3)n(Cc3cc(F)ccc3C#N)c2=O)c1,"CHEMBL4129968",4623,Done,4.72,-7.07806,"glide_grid_1X70",-7.08456,-0.295322,-0.988346,-0,-1.26266,-32.2285,-20.7739,0.329559,-0.140277,-82.7,-53.0024,2.76076
Cc1cc(C)cc(Cn2c(=O)cc(N3CCC[C@@H](N)C3)n(Cc3cc(F)ccc3C#N)c2=O)c1,"CHEMBL4129968",4624,Done,4.08,-0.498482,"glide_grid_1X70",-3.17918,-0.801015,-0.31016,-0,-0.361522,-35.15,-2.32083,0.472673,-0.073536,-43.8574,-37.4708,3.43252
N#Cc1ccc(F)cc1Cn1c(N2CCC[C@@H]([NH3+])C2)nc2cc[nH]c2c1=O,"CHEMBL4162340",4625,Done,2.34,-7.3602,"glide_grid_1X70",-7.3627,-0.790123,-0.965014,-0,-1.43409,-20.9862,-21.2613,0.299611,-0.234577,-68.8403,-42.2475,3.93256
CS(=O)(=O)n1ccc2nc(N3CCC[C@@H]([NH3+])C3)n(Cc3cc(F)ccc3C#N)c(=O)c21,"CHEMBL4162532",4626,Done,2.76,-6.21889,"glide_grid_1X70",-6.22139,-0.40848,-0.688391,-0,-0.964453,-27.3439,-18.3452,0.211718,-0.252812,-69.2901,-45.6891,3.36937
N#Cc1ccc(F)cc1Cn1c(N2CCC[C@@H]([NH3+])C2)nc2c(-c3ccc(F)cc3)c[nH]c2c1=O,"CHEMBL4164470",4627,Done,4.02,-6.17651,"glide_grid_1X70",-6.17901,-0.584314,-0.4855,-0,-1.11005,-32.2813,-16.2767,0.264744,-0.208316,-70.8574,-48.558,4.96618
N#Cc1ccc(F)cc1Cn1c(N2CCC[C@@H]([NH3+])C2)nc2c(F)c(F)[nH]c2c1=O,"CHEMBL4164893",4628,Done,2.18,-7.42709,"glide_grid_1X70",-7.42959,-0.746336,-0.95741,-0,-1.46386,-25.168,-20.0423,0.25338,-0.250624,-71.4127,-45.2102,4.44368
N#Cc1ccc(F)cc1Cn1c(N2CCC[C@@H]([NH3+])C2)nc2c(-c3ccsc3)c[nH]c2c1=O,"CHEMBL4165967",4629,Done,3.84,-6.47742,"glide_grid_1X70",-6.47992,-0.533674,-0.518766,-0,-1.17234,-32.2617,-17.9798,0.277705,-0.222789,-75.5983,-50.2415,2.22569
N#Cc1ccc(F)cc1Cn1c(N2CCC[C@@H]([NH3+])C2)nc2c(Br)c[nH]c2c1=O,"CHEMBL4169403",4630,Done,2.37,-6.09228,"glide_grid_1X70",-6.09478,-0.480522,-0.560565,-0,-1.00508,-29.9806,-16.7305,0.211025,-0.251038,-69.8615,-46.7111,2.41812
N#Cc1ccc(F)cc1Cn1c(N2CCC[C@@H]([NH3+])C2)nc2[nH]ccc2c1=O,"CHEMBL4169618",4631,Done,2.37,-6.60133,"glide_grid_1X70",-6.60383,-0.393078,-0.532374,-0,-1.53483,-29.0253,-17.4547,0.299611,-0.373687,-71.8287,-46.48,3.7452
N#Cc1ccc(F)cc1Cn1c(N2CCC[C@@H]([NH3+])C2)nc2c(F)c[nH]c2c1=O,"CHEMBL4172793",4632,Done,2.4,-7.19735,"glide_grid_1X70",-7.19985,-0.787622,-0.901592,-0,-1.41391,-25.3113,-18.998,0.275038,-0.256486,-68.9388,-44.3094,7.52613
N#Cc1ccc(F)cc1Cn1c(N2CCC[C@@H]([NH3+])C2)nc2ccn(Cc3cc(F)ccc3C#N)c2c1=O,"CHEMBL4173215",4633,Done,3.65,-6.63707,"glide_grid_1X70",-6.63957,-1.06389,-0.444697,-0,-0.840315,-38.5954,-16.177,0.285286,-0.219637,-83.7967,-54.7724,2.65841
Cn1cnc2nc(N3CCC[C@@H]([NH3+])C3)n(Cc3cc(F)ccc3C#N)c(=O)c21,"CHEMBL4174924",4634,Done,2.23,-6.6041,"glide_grid_1X70",-6.6066,-0.412967,-0.854672,-0,-1.36937,-24.6585,-17.6399,0.278888,-0.369565,-67.0948,-42.2984,1.72014
CC(C)[C@H]([NH3+])C(=O)N1CCC[C@H]1B(O)O,"CHEMBL4176189",4635,Done,2.43,-5.72504,"glide_grid_1X70",-5.93924,-0.202749,-0.655675,-0,-2.16523,-12.3995,-21.2715,1.08461,-0.189489,-54.432,-33.671,2.37795
CC(C)[C@H](N)C(=O)N1CCC[C@H]1B(O)O,"CHEMBL4176189",4636,Done,2.23,-2.87335,"glide_grid_1X70",-3.58005,-0.231382,0,-0,-1.93575,-16.481,-10.4832,1.09322,-0.109612,-32.2869,-26.9642,3.37759
N#Cc1ccc(F)cc1Cn1c(N2CCC[C@@H]([NH3+])C2)nc2c(-c3cccs3)c[nH]c2c1=O,"CHEMBL4176578",4637,Done,3.28,-5.7642,"glide_grid_1X70",-5.7667,-0.304867,-0.436178,-0,-1.06125,-31.7463,-16.4669,0.277705,-0.184756,-71.6006,-48.2132,1.37076
N#Cc1ccc(F)cc1Cn1c(N2CCC[C@@H]([NH3+])C2)nc2scnc2c1=O,"CHEMBL4177478",4638,Done,2.24,-6.49134,"glide_grid_1X70",-6.49384,-0.408514,-0.728332,-0,-1.35991,-26.3315,-17.9456,0.274976,-0.263656,-69.2617,-44.2771,1.4771
[NH3+][C@@H]1CCCN(c2cc(=O)n3nccc3n2Cc2ccccc2)C1,"CHEMBL4203639",4639,Done,2.06,-5.77555,"glide_grid_1X70",-5.77805,-0.406375,-0.263445,-0,-1.62955,-25.4525,-17.541,0.533864,-0.108767,-64.3128,-42.9935,1.34225
N#Cc1ccccc1Cn1c(N2CC[NH2+]CC2)cc(=O)n2nccc12,"CHEMBL4204176",4640,Done,2.14,-5.89429,"glide_grid_1X70",-5.92099,-0.42104,-0.513636,-0,-1.80136,-26.8854,-13.5111,0.352349,-0.166364,-62.8305,-40.3965,1.16791
[NH3+][C@@H]1CCCN(c2cc(=O)n3nccc3n2Cc2ccc(C(=O)[O-])cc2)C1,"CHEMBL4205100",4642,Done,2.73,-6.29746,"glide_grid_1X70",-6.29746,-0.470384,-0.644413,-0,-1.59673,-23.2614,-17.0014,0.299608,-0.172252,-65.5219,-40.2629,3.40752
N#Cc1ccccc1Cc1c(Cl)nc2ccnn2c1N1CCC[C@@H]([NH3+])C1,"CHEMBL4205581",4643,Done,1.91,-6.00379,"glide_grid_1X70",-6.00629,-0.563569,-0.557403,-0,-1.58066,-25.8354,-14.5158,0.298949,-0.134465,-59.5946,-40.3512,4.05327
Cc1ccc(Cn2c(N3CCC[C@@H]([NH3+])C3)cc(=O)n3nccc23)cc1,"CHEMBL4207996",4644,Done,2.11,-5.68994,"glide_grid_1X70",-5.69244,-0.485314,-0.249379,-0,-1.54734,-24.2665,-17.2238,0.495365,-0.108873,-61.7433,-41.4903,1.71274
O=c1cc(N2CC[NH2+]CC2)n(Cc2ccccc2)c2ccnn12,"CHEMBL4208513",4645,Done,1.57,-5.83249,"glide_grid_1X70",-5.85919,-0.495739,-0.53497,-0,-1.93681,-22.8568,-13.2785,0.403944,-0.160998,-57.2744,-36.1354,1.67894
[NH3+][C@@H]1CCCN(c2cc(=O)n3nccc3n2Cc2ccccc2F)C1,"CHEMBL4210635",4647,Done,1.85,-6.00046,"glide_grid_1X70",-6.00296,-0.40565,-0.404596,-0,-1.60461,-25.6792,-15.6532,0.33967,-0.295829,-63.2773,-41.3324,1.1769
[NH3+][C@@H]1CCCN(c2cc(=O)n3nccc3n2Cc2ccc([N+](=O)[O-])cc2)C1,"CHEMBL4212367",4648,Done,2.61,-6.80143,"glide_grid_1X70",-6.80393,-1.07366,-0.4,-0,-1.67493,-35.3278,-13.9391,0.423889,-0.221978,-75.7417,-49.2669,3.07633
Cc1ccc(Cn2c(N3CC[NH2+]CC3)cc(=O)n3nccc23)cc1,"CHEMBL4212894",4649,Done,1.85,-6.88989,"glide_grid_1X70",-6.91659,-1.72336,-0.303191,-0,-1.85767,-25.8157,-13.1932,0.533864,-0.29647,-61.8031,-39.0089,3.1098
O=c1cc(N2CC[NH2+]CC2)n(Cc2ccccc2[N+](=O)[O-])c2ccnn12,"CHEMBL4213950",4651,Done,2.79,-6.14075,"glide_grid_1X70",-6.16745,-0.263826,-0.673,-0,-1.51934,-21.0218,-17.3231,0.317935,-0.379655,-58.6811,-38.345,2.91597
N#Cc1ccccc1Cn1c(N2CCC[C@@H]([NH3+])C2)cc(=O)n2nccc12,"CHEMBL4215849",4653,Done,2.15,-6.1656,"glide_grid_1X70",-6.1681,-0.203234,-0.865453,-0,-1.70383,-24.7543,-15.7061,0.327648,-0.1296,-61.6613,-40.4604,3.82996
CCOC(=O)c1ccc(Cn2c(N3CCC[C@@H]([NH3+])C3)cc(=O)n3nccc23)cc1,"CHEMBL4216792",4654,Done,4.77,-5.52477,"glide_grid_1X70",-5.52727,-0.176598,-0.590205,-0,-1.40091,-27.9597,-15.1313,0.435657,-0.127534,-64.2401,-43.091,2.85954
O=c1cc(N2CC[NH2+]CC2)n(Cc2ccc([N+](=O)[O-])cc2)c2ccnn12,"CHEMBL4217326",4655,Done,2.42,-5.69847,"glide_grid_1X70",-5.72517,-0.0575326,-0.659892,-0,-1.63632,-22.4717,-16.1812,0.317935,-0.138599,-58.7453,-38.6529,3.24594
CC1(C)[C@H]2CC[C@]1(C)C(=O)[C@H]2[NH2+]CC(=O)N1CCC[C@H]1C#N,"CHEMBL4238169",4658,Done,2.4,-5.19669,"glide_grid_1X70",-6.13759,-0.570617,-0.654527,-0,-1.75171,-25.1037,-16.5296,0.796072,-0.222175,-58.0984,-41.6334,11.3213
CC1(C)[C@H]2CC[C@]1(C)[C@@H](O)[C@H]2[NH2+]CC(=O)N1CCC[C@H]1C#N,"CHEMBL4238607",4659,Done,3.56,-5.5186,"glide_grid_1X70",-5.5931,-0.995513,-0.472052,-0,-1.92807,-25.202,-10.2846,0.786912,-0.181582,-52.1949,-35.4866,4.30914
CC1(C)[C@H]2CC[C@]1(C)[C@@H](O)[C@H]2NCC(=O)N1CCC[C@H]1C#N,"CHEMBL4238607",4660,Done,3.5,-2.68742,"glide_grid_1X70",-3.95282,-0.95494,-0.16,-0,-1.69399,-26.8858,-3.35018,0.791472,-0.0885436,-35.5302,-30.236,4.89929
Cc1cc(-c2cn([C@@H]3C[NH2+][C@H](C(=O)N4CCC(F)(F)C4)C3)nn2)ccc1F,"CHEMBL4240687",4661,Done,3.35,-6.90292,"glide_grid_1X70",-7.04902,-0.857677,-0.375637,-0,-2.41177,-29.7066,-13.6047,0.37541,-0.253313,-69.6928,-43.3113,1.40317
COC(=O)c1cn([C@@H]2C[NH2+][C@H](C(=O)N3CCC(F)(F)C3)C2)nn1,"CHEMBL4241199",4663,Done,4.4,-6.76967,"glide_grid_1X70",-6.91577,-0.726869,-0.366309,-0,-2.36153,-31.2976,-14.0095,0.482636,-0.277408,-71.7098,-45.307,1.35075
CC(C)(C)[C@H]([NH3+])C(=O)N1CCSCC1,"CHEMBL4241283",4665,Done,1.9,-7.65411,"glide_grid_1X70",-7.85941,-0.99636,-0.462931,-0,-3.00912,-21.7379,-16.0243,0.248632,-0.149084,-65.2567,-37.7622,1.81951
CC(C)(C)[C@H](N)C(=O)N1CCSCC1,"CHEMBL4241283",4666,Done,2.23,-3.13838,"glide_grid_1X70",-3.86588,-0.253501,-0.304,-0,-2.07565,-19.4,-3.39058,0.357981,-0.112129,-29.9933,-22.7906,0.291528
CC[C@H](C)[C@H]([NH3+])C(=O)N1CCSCC1,"CHEMBL4241366",4667,Done,2.78,-7.38141,"glide_grid_1X70",-7.62551,-0.992576,-0.471213,-0,-2.99261,-22.7204,-15.8787,0.497264,-0.148546,-67.3081,-38.5991,0.925102
CC[C@H](C)[C@H](N)C(=O)N1CCSCC1,"CHEMBL4241366",4668,Done,2.37,-4.33883,"glide_grid_1X70",-4.98203,-1.05733,-0.304,-0,-2.43739,-23.8161,-4.41165,0.715961,-0.0467153,-33.3268,-28.2278,6.84293
CC1(C)[C@H]2CC[C@]1(C)[C@@H]([NH2+]CC(=O)N1CCC[C@H]1C#N)C2,"CHEMBL4242321",4669,Done,2.55,-5.42397,"glide_grid_1X70",-5.56437,-0.94429,-0.350946,-0,-2.03022,-24.7291,-11.1728,0.864287,-0.190819,-52.4859,-35.9019,4.2547
[NH3+]Cc1c(-c2ccc(Cl)cc2Cl)n(C[SH](=O)=O)c2ccccc12,"CHEMBL4246222",4675,Done,2.08,-6.00767,"glide_grid_1X70",-6.02837,-0.266084,-0.553315,-0,-1.49431,-25.8874,-16.769,0.196979,-0.101935,-66.6132,-42.6563,2.87208
NCc1c(-c2ccc(Cl)cc2Cl)n(C[SH](=O)=O)c2ccccc12,"CHEMBL4246222",4676,Done,2.25,-1.48672,"glide_grid_1X70",-3.48392,-0.071357,-0.304,-0,-1.02593,-26.3389,-6.98975,0.282773,0,-41.3934,-33.3286,0.223673
CC(C)=CCn1c(N2CCC[C@@H]([NH3+])C2)nc2c1c(=O)n(Cc1ccccc1C#N)c(=O)n2C,"CHEMBL4246674",4677,Done,6.6,-5.47819,"glide_grid_1X70",-5.48069,-0.0522802,-0.590676,-0,-1.36372,-29.0304,-14.5537,0.348517,-0.187954,-64.9248,-43.5841,2.99906
CC1(C)[C@@H]2CC[C@@]1(C)[C@H]([NH2+]CC(=O)N1CCC[C@H]1C#N)C2,"CHEMBL4247814",4680,Done,2.71,-5.38117,"glide_grid_1X70",-5.52157,-0.946042,-0.3555,-0,-1.98141,-23.7205,-11.5961,0.864287,-0.177459,-52.1716,-35.3166,4.01634
O=C([C@@H]1C[C@H](n2cc(-c3ccccc3)nn2)C[NH2+]1)N1CCC(F)(F)C1,"CHEMBL4249750",4682,Done,3.94,-6.6487,"glide_grid_1X70",-6.7948,-0.774459,-0.4,-0,-2.17417,-30.3655,-14.1719,0.439183,-0.241289,-70.35,-44.5375,1.5482
[NH3+][C@@H](CCn1cc(-c2ccncc2)nn1)Cc1cc(F)c(F)cc1F,"CHEMBL4250492",4684,Done,4.12,-8.81637,"glide_grid_1X70",-8.83007,-1.3116,-0.582315,-0,-2.78288,-36.3522,-18.4634,0.549049,-0.115197,-95.6363,-54.8157,3.3069
N[C@@H](CCn1cc(-c2ccncc2)nn1)Cc1cc(F)c(F)cc1F,"CHEMBL4250492",4685,Done,4.49,-3.14874,"glide_grid_1X70",-5.38844,-1.29377,-0.309759,-0,-2.37943,-32.7363,-2.93905,0.788404,-0.116212,-45.6006,-35.6753,9.97202
O=C(CNC(=O)[C@@H]1CCCN(S(=O)(=O)c2ccccc2)C1)Nc1ccc(Cl)cc1,"CHEMBL4250558",4686,Done,4.82,-3.60214,"glide_grid_1X70",-3.60214,-0.813123,-0.371152,-0,0.610359,-39.3828,-9.81772,0.734088,-0.32051,-53.7428,-49.2005,5.50425
CC(C)C[C@H]([NH3+])C(=O)N1CCSCC1,"CHEMBL4250956",4687,Done,2.29,-7.43894,"glide_grid_1X70",-7.68304,-1.12165,-0.449912,-0,-2.94566,-24.8021,-15.1333,0.497264,-0.152974,-67.464,-39.9354,2.19229
CC(C)C[C@H](N)C(=O)N1CCSCC1,"CHEMBL4250956",4688,Done,2.34,-4.14246,"glide_grid_1X70",-4.78566,-0.835798,-0.288644,-0,-2.47752,-24.2062,-4.45367,0.715961,-0.0212906,-34.3274,-28.6599,7.0504
O=C(CN[C@@H]1CC[NH2+]C1)N1CCC[C@H]1B(O)O,"CHEMBL4296719",4689,Done,3.65,-6.11105,"glide_grid_1X70",-6.12015,-0.231078,-0.621802,-0,-2.41503,-19.2626,-17.3838,0.82826,-0.109799,-55.1961,-36.6464,4.75283
O=C(C[NH2+][C@@H]1CCNC1)N1CCC[C@H]1B(O)O,"CHEMBL4296719",4690,Done,4.55,-2.80637,"glide_grid_1X70",-5.38407,-0.115258,-0.2,-0,-1.98021,-19.1495,-17.9389,0.82826,-0.268553,-54.3044,-37.0884,6.96556
COC(=O)c1nc(C(F)(F)F)n2c1CN(C(=O)C[C@H]([NH3+])Cc1cc(F)c(F)cc1F)CC2,"CHEMBL4297435",4691,Done,4.94,-8.30903,"glide_grid_1X70",-8.32093,-1.1567,-0.515586,-0,-2.20279,-39.8286,-16.5912,0.325915,-0.291657,-93.5723,-56.4198,5.71011
COC(=O)c1nc(C(F)(F)F)n2c1CN(C(=O)C[C@H](N)Cc1cc(F)c(F)cc1F)CC2,"CHEMBL4297435",4692,Done,5.25,-3.78396,"glide_grid_1X70",-6.10546,-1.18794,-0.301814,-0,-1.73494,-38.9595,-8.11193,0.467436,-0.183437,-58.662,-47.0714,10.8318
CC#CCn1c(N2CCC[C@@H]([NH3+])C2)nc2c1c(=O)n(Cc1ccccc1C(=O)OC)c(=O)n2C,"CHEMBL4435383",4693,Done,3.81,-5.42093,"glide_grid_1X70",-5.42343,-0.0706356,-0.586561,-0,-1.23827,-29.748,-14.896,0.39086,-0.197021,-66.5799,-44.644,1.06886
CC#CCn1c(N2CCC[C@@H]([NH3+])C2)cc(=O)n(Cc2ccccc2C(=O)OC)c1=O,"CHEMBL4436620",4694,Done,5.01,-5.26531,"glide_grid_1X70",-5.27181,-0.070548,-0.743954,-0,-1.13359,-27.4857,-14.994,0.488933,-0.189278,-61.988,-42.4796,4.6897
CC#CCn1c(N2CCC[C@@H](N)C2)cc(=O)n(Cc2ccccc2C(=O)OC)c1=O,"CHEMBL4436620",4695,Done,5.17,-1.29097,"glide_grid_1X70",-3.97167,-0.967785,-0.428569,-0,-0.684324,-31.6999,-5.85058,0.701573,-0.129983,-46.4248,-37.5505,3.67599
CC#CCn1c(N2CCC[C@@H]([NH3+])C2)cc(=O)n(Cc2ccc(F)cc2C(=O)[O-])c1=O,"CHEMBL4438210",4696,Done,3.01,-5.50482,"glide_grid_1X70",-5.51132,-0.590615,-0.612267,-0,-1.12846,-26.9272,-13.7501,0.402213,-0.173326,-61.3991,-40.6772,3.954
CC#CCn1c(N2CCC[C@@H](N)C2)cc(=O)n(Cc2ccc(F)cc2C(=O)[O-])c1=O,"CHEMBL4438210",4697,Done,3.77,-0.830653,"glide_grid_1X70",-3.51135,-0.152066,-0.969774,-0,-0.648892,-29.0352,-5.21372,0.577122,-0.0839242,-43.2653,-34.2489,3.02489
CC#CCn1c(N2CCC[C@@H]([NH3+])C2)nc2c1c(=O)n(Cc1cccc(F)c1C(=O)[O-])c(=O)n2C,"CHEMBL4441220",4698,Done,4,-6.34653,"glide_grid_1X70",-6.34903,-0.920812,-0.38856,-0,-0.89452,-28.843,-19.8797,0.459969,-0.181006,-77.4539,-48.7227,2.3461
Cc1nc(C[n+]2c3n(c4nc(N5CCC[C@@H]([NH3+])C5)n(CC#N)c4c2=O)CCN3)nc2ccccc12,"CHEMBL4443070",4699,Done,3.27,-6.4165,"glide_grid_1X70",-6.4264,-0.359975,-0.67131,-0,-0.41219,-29.8969,-23.1498,0.36222,-0.377838,-77.0835,-53.0467,6.07015
Cc1nc(CN2C(=O)c3c(nc(N4CCC[C@@H]([NH3+])C4)n3CC#N)N3CCN=C23)nc2ccccc12,"CHEMBL4443070",4700,Done,3.08,-3.26347,"glide_grid_1X70",-5.69497,-0.134432,-0.506398,-0,-0.894599,-33.0082,-16.7446,0.254544,-0.251988,-72.7678,-49.7528,1.35142
CC#CCn1c(N2CCC[C@@H]([NH3+])C2)cc(=O)n(Cc2cc(Br)ccc2C(=O)OC)c1=O,"CHEMBL4445783",4701,Done,4.9,-5.84116,"glide_grid_1X70",-5.84766,-1.15228,-0.4,-0,-0.763116,-35.0267,-12.8766,0.35544,-0.20487,-70.1279,-47.9033,5.37696
CC#CCn1c(N2CCC[C@@H](N)C2)cc(=O)n(Cc2cc(Br)ccc2C(=O)OC)c1=O,"CHEMBL4445783",4702,Done,3.74,-0.773227,"glide_grid_1X70",-3.45393,-0.442002,-0.517864,-0,-0.328142,-33.7842,-5.92743,0.509688,-0.0972823,-47.4764,-39.7116,1.35575
CC#CCn1c(N2CCC[C@@H]([NH3+])C2)cc(=O)n(Cc2cccc(F)c2C(=O)[O-])c1=O,"CHEMBL4446618",4703,Done,2.99,-5.3098,"glide_grid_1X70",-5.3163,-0.546164,-0.560434,-0,-1.13313,-26.7695,-13.0443,0.402213,-0.183666,-59.3161,-39.8138,4.15403
CC#CCn1c(N2CCC[C@@H](N)C2)cc(=O)n(Cc2cccc(F)c2C(=O)[O-])c1=O,"CHEMBL4446618",4704,Done,4.02,-1.38729,"glide_grid_1X70",-4.06799,-0.239473,-1.23174,-0,-0.844668,-24.2011,-6.35238,0.577122,-0.166326,-41.3684,-30.5535,2.99413
CC#CCn1c(N2CCC[C@@H]([NH3+])C2)nc2c1c(=O)n(Cc1ccc(Cl)cc1C(=O)[O-])c(=O)n2C,"CHEMBL4448186",4705,Done,3.37,-5.6681,"glide_grid_1X70",-5.6706,-0.468935,-0.509213,-0,-0.960323,-28.5495,-16.863,0.431862,-0.20707,-71.1137,-45.4125,3.96911
CC#CCn1c(N2CCC[C@@H]([NH3+])C2)nc2c1c(=O)n(Cc1ccccc1C(=O)[O-])c(=O)n2C,"CHEMBL4452518",4706,Done,3.48,-5.81693,"glide_grid_1X70",-5.81943,-0.7504,-0.399916,-0,-1.00221,-28.336,-17.2606,0.49397,-0.154981,-71.0679,-45.5966,1.99819
CC#CCn1c(N2CCC[C@@H]([NH3+])C2)cc(=O)n(Cc2cccc(F)c2C(=O)OC)c1=O,"CHEMBL4453917",4707,Done,4.61,-5.98783,"glide_grid_1X70",-5.99433,-1.13123,-0.4,-0,-1.16826,-31.577,-12.8077,0.452534,-0.247366,-66.5481,-44.3847,5.14573
CC#CCn1c(N2CCC[C@@H](N)C2)cc(=O)n(Cc2cccc(F)c2C(=O)OC)c1=O,"CHEMBL4453917",4708,Done,4.5,-0.357654,"glide_grid_1X70",-3.03835,-0.0723747,-0.72082,-0,-0.572105,-24.5303,-7.11076,0.649234,-0.0291603,-38.5164,-31.641,2.79055
O=c1[nH]c(=O)c2c(nc(N3CC[NH2+]CC3)n2Cc2ccccc2)[nH]1,"CHEMBL4456228",4710,Done,2.05,-5.54116,"glide_grid_1X70",-5.68426,-0.248542,-0.517512,-0,-1.76718,-21.8583,-14.8684,0.367759,-0.195617,-57.1494,-36.7267,1.03746
O=c1[nH]c(=O)c2c(nc(N3CCNCC3)n2Cc2ccccc2)[nH]1,"CHEMBL4456228",4711,Done,2.81,-2.08111,"glide_grid_1X70",-3.25971,-0.415652,-0.12236,-0,-1.18396,-28.6381,-1.82419,0.528239,-0.360448,-37.6973,-30.4622,2.21678
O=c1[n-]c2nc(N3CC[NH2+]CC3)n(Cc3ccccc3)c2c(=O)[nH]1,"CHEMBL4456228",4712,Done,2.15,-4.38461,"glide_grid_1X70",-5.89761,-0.111331,-0.808624,-0,-1.87285,-18.941,-15.6845,0.369767,-0.174842,-54.1993,-34.6255,4.489
CC#CCn1c(N2CCC[C@@H]([NH3+])C2)nc2c1c(=O)n(Cc1cc(Cl)ccc1C(=O)OC)c(=O)n2C,"CHEMBL4458152",4713,Done,3.74,-4.84013,"glide_grid_1X70",-4.84263,-0.323604,-0.619524,-0,-0.539929,-33.3869,-12.0609,0.343038,-0.224129,-63.1392,-45.4478,2.18578
O=C(CCCO)N[C@@H](CC(=O)N1CCn2c(nnc2C(F)(F)F)C1)Cc1cc(F)c(F)cc1F,"CHEMBL4458307",4714,Done,16.6,-3.98145,"glide_grid_1X70",-3.98145,-0.629576,-0.472062,-0,-0.0509115,-32.0687,-10.7039,0.753108,-0.372983,-52.9627,-42.7726,5.77476
CC#CCn1c(N2CCC[C@@H]([NH3+])C2)nc2c1c(=O)n(Cc1c(Cl)cccc1C(=O)[O-])c(=O)n2C,"CHEMBL4458949",4715,Done,3.48,-5.08097,"glide_grid_1X70",-5.08347,-0.360066,-0.632521,-0,-0.780648,-27.364,-13.6266,0.302303,-0.200355,-61.3566,-40.9905,5.35154
CC#CCn1c(N2CCC[C@@H]([NH3+])C2)nc2c1c(=O)nc1n2CCCN1Cc1ccc(OC)cc1,"CHEMBL4465057",4716,Done,4.16,-5.20632,"glide_grid_1X70",-5.22972,-0.337773,-0.694911,-0,-0.485606,-26.8837,-18.1143,0.470746,-0.120849,-65.2662,-44.9979,2.24049
CC#CCn1c(N2CCC[C@@H]([NH3+])C2)nc2c1c(=O)[nH+]c1n2CCCN1Cc1ccc(OC)cc1,"CHEMBL4465057",4717,Done,5.32,-4.34054,"glide_grid_1X70",-6.26674,-0.920062,-0.502108,-0,-1.09695,-28.8578,-16.0957,0.328218,-0.218592,-70.4242,-44.9535,1.80197
CC#CCn1c(N2CCC[C@@H]([NH3+])C2)nc2c1c(=O)n(Cc1c(Cl)cccc1C(=O)OC)c(=O)n2C,"CHEMBL4465448",4718,Done,4.19,-5.58944,"glide_grid_1X70",-5.59194,-0.726187,-0.463699,-0,-0.486108,-28.1042,-19.1026,0.490055,-0.135396,-67.1774,-47.2068,4.19695
CC#CCn1c(N2CCC[C@@H]([NH3+])C2)nc2c1c(=O)n(Cc1cc(Cl)ccc1C(=O)[O-])c(=O)n2C,"CHEMBL4465482",4719,Done,3.61,-5.28284,"glide_grid_1X70",-5.28534,-0.468583,-0.426574,-0,-0.678419,-28.7614,-16.8796,0.431862,-0.173626,-68.4397,-45.6409,2.56647
CC#CCn1c(N2CCC[C@@H]([NH3+])C2)cc(=O)n(Cc2ccccc2CC(=O)[O-])c1=O,"CHEMBL4468423",4720,Done,6.04,-5.77937,"glide_grid_1X70",-5.78587,-0.885542,-0.491909,-0,-1.20569,-28.1766,-13.7952,0.491101,-0.215731,-67.377,-41.9718,2.35744
CC#CCn1c(N2CCC[C@@H](N)C2)cc(=O)n(Cc2ccccc2CC(=O)[O-])c1=O,"CHEMBL4468423",4721,Done,6.1,-1.42119,"glide_grid_1X70",-4.10189,-0.89886,-0.442335,-0,-0.726099,-30.9035,-7.0037,0.704691,-0.143557,-49.3555,-37.9072,0.811043
CC#CCn1c(N2CCC[C@@H]([NH3+])C2)nc2c1c(=O)[n+](Cc1cccc(C#N)c1)c1n2CCN1,"CHEMBL4516443",4722,Done,3.98,-6.04714,"glide_grid_1X70",-6.04714,-0.152208,-0.487506,-0,-0.948688,-30.6635,-20.2668,0.354248,-0.239799,-73.9038,-50.9303,2.40385
CC#CCn1c(N2CCC[C@@H]([NH3+])C2)cc(=O)n(Cc2cc(C#N)ccc2C(=O)[O-])c1=O,"CHEMBL4516959",4723,Done,4.31,-6.40573,"glide_grid_1X70",-6.41223,-1.31966,-0.4,-0,-1.45747,-33.1301,-11.7171,0.390191,-0.211215,-69.6199,-44.8471,4.4824
CC#CCn1c(N2CCC[C@@H](N)C2)cc(=O)n(Cc2cc(C#N)ccc2C(=O)[O-])c1=O,"CHEMBL4516959",4724,Done,4.06,-0.782482,"glide_grid_1X70",-3.46318,-0.340876,-0.456,-0,-0.743365,-23.4601,-8.69233,0.559834,-0.00592096,-41.0489,-32.1524,2.77968
O=c1c([N+](=O)[O-])c(NCCO)nc2scnn12,"CHEMBL4525051",4725,Done,2.3,-5.42649,"glide_grid_1X70",-5.59849,-0.22585,-0.558346,-0,-2.0121,-26.4296,-13.7542,0.79988,-0.217459,-53.5446,-40.1839,3.85967
O=[N+]([O-])c1c([O-])n2ncsc2[nH+]/c1=N\CCO,"CHEMBL4525051",4726,Done,1.81,-2.90546,"glide_grid_1X70",-4.04726,0,-0.326109,-0,-1.96988,-15.3492,-9.12037,0.533253,-0.149,-34.3346,-24.4696,2.68928
O=c1c([N+](=O)[O-])c(NCCO)[nH+]c2scnn12,"CHEMBL4525051",4727,Done,2.47,-4.52997,"glide_grid_1X70",-6.03467,-0.204973,-0.646726,-0,-2.01721,-22.2197,-17.5638,0.794516,-0.214723,-59.9387,-39.7835,1.52826
CC#CCn1c(N2CCC[C@@H]([NH3+])C2)cc(=O)n(Cc2ccc(Br)cc2C(=O)[O-])c1=O,"CHEMBL4527363",4729,Done,3.09,-5.47102,"glide_grid_1X70",-5.47752,-0.715949,-0.56,-0,-0.846376,-26.7195,-14.6554,0.313554,-0.134461,-63.3438,-41.3749,2.54546
CC#CCn1c(N2CCC[C@@H](N)C2)cc(=O)n(Cc2ccc(Br)cc2C(=O)[O-])c1=O,"CHEMBL4527363",4730,Done,3.7,-0.731665,"glide_grid_1X70",-3.41237,-0.165478,-1.09667,-0,-0.236898,-30.6255,-4.98596,0.449674,-0.0838229,-44.2017,-35.6114,3.33532
CC#CCn1c(N2CCC[C@@H]([NH3+])C2)nc2c1c(=O)n(Cc1ccc(F)cc1C(=O)[O-])c(=O)n2C,"CHEMBL4528994",4731,Done,3.52,-5.15853,"glide_grid_1X70",-5.16103,-0.606513,-0.539153,-0,-0.550662,-30.062,-14.9342,0.459969,-0.181436,-66.8187,-44.9962,2.94997
CC#CCn1c(N2CCC[C@@H]([NH3+])C2)cc(=O)n(Cc2ccccc2CC(=O)OC)c1=O,"CHEMBL4530011",4733,Done,6.09,-6.07248,"glide_grid_1X70",-6.07898,-1.21684,-0.4,-0,-1.24337,-32.7535,-12.9645,0.536894,-0.173307,-66.8419,-45.7181,4.77223
CC#CCn1c(N2CCC[C@@H](N)C2)cc(=O)n(Cc2ccccc2CC(=O)OC)c1=O,"CHEMBL4530011",4734,Done,6.07,-0.273339,"glide_grid_1X70",-2.95404,-0.232251,-0.359163,-0,-0.522977,-26.4113,-8.44675,0.77029,-0.0223596,-41.851,-34.8581,1.50442
CC(C)Nc1[nH+]c2scnn2c(=O)c1[N+](=O)[O-],"CHEMBL4535561",4736,Done,1.48,-3.79343,"glide_grid_1X70",-5.23123,0,-0.4,-0,-1.88685,-22.5782,-10.9987,0.268355,-0.434027,-46.7593,-33.5769,5.09982
O=C(CO)N[C@@H](CC(=O)N1CCn2c(nnc2C(F)(F)F)C1)Cc1cc(F)c(F)cc1F,"CHEMBL4537702",4738,Done,8.53,-4.18219,"glide_grid_1X70",-4.18219,-0.786555,-0.356822,-0,-0.21349,-31.1891,-10.4899,0.65188,-0.344264,-53.9714,-41.679,5.21821
CC#CCn1c(N2CCC[C@@H]([NH3+])C2)nc2c1c(=O)nc1n2CCCN1Cc1cccc2ccccc12,"CHEMBL4537708",4739,Done,3.71,-5.68333,"glide_grid_1X70",-5.70633,-0.255949,-0.437259,-0,-0.792838,-34.0703,-17.5318,0.304984,-0.191977,-75.1419,-51.6021,1.80718
CC#CCn1c(N2CCC[C@@H]([NH3+])C2)nc2c1c(=O)[nH+]c1n2CCCN1Cc1cccc2ccccc12,"CHEMBL4537708",4740,Done,3.78,-3.42765,"glide_grid_1X70",-5.36345,-0.182442,-0.721519,-0,-0.641764,-27.7803,-16.8039,0.303822,-0.211948,-65.6551,-44.5842,0.408649
CC#CCn1c(N2CCC[C@@H]([NH3+])C2)cc(=O)n(Cc2ccccc2C(=O)[O-])c1=O,"CHEMBL4538597",4741,Done,3.09,-5.22412,"glide_grid_1X70",-5.23062,-0.542431,-0.517153,-0,-1.25978,-27.1815,-12.031,0.435703,-0.183238,-58.8883,-39.2125,3.14951
CC#CCn1c(N2CCC[C@@H](N)C2)cc(=O)n(Cc2ccccc2C(=O)[O-])c1=O,"CHEMBL4538597",4742,Done,3.75,-0.979057,"glide_grid_1X70",-3.65976,-0.153811,-0.990961,-0,-0.793778,-29.3091,-5.38455,0.625289,-0.0733568,-43.9232,-34.6937,3.5455
CC(C)CNc1[nH+]c2scnn2c(=O)c1[N+](=O)[O-],"CHEMBL4554062",4746,Done,1.79,-3.69163,"glide_grid_1X70",-5.15913,0,-0.4,-0,-1.79121,-22.738,-12.5556,0.489583,-0.437257,-50.5004,-35.2936,2.56698
CC#CCn1c(N2CCC[C@@H]([NH3+])C2)nc2c1c(=O)nc1n2CCCN1Cc1nc(C)c2ccccc2n1,"CHEMBL4557196",4748,Done,3.16,-5.93318,"glide_grid_1X70",-5.94778,-0.399358,-0.585708,-0,-0.733861,-34.1317,-17.3767,0.287303,-0.203074,-76.1116,-51.5084,1.43053
CC#CCn1c(N2CCC[C@@H]([NH3+])C2)nc2c1c(=O)[nH+]c1n2CCCN1Cc1nc(C)c2ccccc2n1,"CHEMBL4557196",4749,Done,3.44,-3.959,"glide_grid_1X70",-6.1622,-0.0447337,-0.680295,-0,-0.337648,-32.5718,-24.3434,0.408917,-0.228336,-81.0322,-56.9153,3.92747
CC#CCn1c(N2CCC[C@@H]([NH3+])C2)cc(=O)n(Cc2cc(Br)ccc2C(=O)[O-])c1=O,"CHEMBL4558007",4750,Done,3.13,-5.7144,"glide_grid_1X70",-5.7209,-0.512455,-0.605122,-0,-0.707901,-29.3024,-16.9388,0.313554,-0.203045,-67.597,-46.2411,5.08791
CC#CCn1c(N2CCC[C@@H](N)C2)cc(=O)n(Cc2cc(Br)ccc2C(=O)[O-])c1=O,"CHEMBL4558007",4751,Done,3.56,-1.1552,"glide_grid_1X70",-3.8359,-0.196574,-1.23228,-0,-0.32829,-23.6423,-8.30906,0.449674,-0.0999626,-42.6009,-31.9514,1.71179
CC#CCn1c(N2CCC[C@@H]([NH3+])C2)cc(=O)n(Cc2ccc(Cl)cc2C(=O)[O-])c1=O,"CHEMBL4562685",4752,Done,3.1,-5.60569,"glide_grid_1X70",-5.61219,-0.70305,-0.56,-0,-1.15043,-25.4084,-14.4479,0.374864,-0.135976,-61.8269,-39.8562,2.80939
CC#CCn1c(N2CCC[C@@H](N)C2)cc(=O)n(Cc2ccc(Cl)cc2C(=O)[O-])c1=O,"CHEMBL4562685",4753,Done,3.78,-0.778979,"glide_grid_1X70",-3.45968,-0.147889,-0.96554,-0,-0.546211,-29.466,-5.19954,0.537796,-0.0846026,-42.0229,-34.6656,3.50528
CC#CCn1c(N2CCC[C@@H]([NH3+])C2)nc2c1c(=O)n(Cc1ccc(Cl)cc1C(=O)OC)c(=O)n2C,"CHEMBL4567320",4754,Done,3.97,-6.36044,"glide_grid_1X70",-6.36294,-1.13386,-0.4,-0,-0.92264,-41.5841,-13.4838,0.343038,-0.147703,-80.5452,-55.068,1.28384
CC#CCn1c(N2CCC[C@@H]([NH3+])C2)nc2c1c(=O)[n+](Cc1ccc(C#N)cc1)c1n2CCN1,"CHEMBL4568895",4755,Done,3.17,-5.89151,"glide_grid_1X70",-5.89151,-0.290643,-0.410991,-0,-0.942624,-31.4668,-18.5881,0.354248,-0.239952,-74.2825,-50.0549,0.82298
O=c1c([N+](=O)[O-])c(NCCc2ccc(Cl)cc2)[nH+]c2scnn12,"CHEMBL4571225",4758,Done,2.42,-4.92216,"glide_grid_1X70",-6.51896,-1.44191,-0.315694,-0,-1.43947,-30.7743,-12.8171,0.460154,-0.320759,-63.9586,-43.5914,3.98972
CC#CCn1c(N2CCC[C@@H]([NH3+])C2)cc(=O)n(Cc2cc(OC)ccc2C(=O)[O-])c1=O,"CHEMBL4581959",4760,Done,4.46,-6.41118,"glide_grid_1X70",-6.41768,-1.55333,-0.4,-0,-1.15474,-32.7351,-12.3806,0.381927,-0.197679,-68.0389,-45.1157,7.33124
CC#CCn1c(N2CCC[C@@H](N)C2)cc(=O)n(Cc2cc(OC)ccc2C(=O)[O-])c1=O,"CHEMBL4581959",4761,Done,4.18,-1.8907,"glide_grid_1X70",-4.5714,-1.58648,-0.304,-0,-0.645765,-32.7593,-5.73887,0.547951,-0.0843014,-49.8526,-38.4982,3.42692
CC#CCn1c(N2CCC[C@@H]([NH3+])C2)nc2c1c(=O)n(Cc1cccc(F)c1C(=O)OC)c(=O)n2C,"CHEMBL4590999",4762,Done,4.89,-5.7826,"glide_grid_1X70",-5.7851,-0.696694,-0.354347,-0,-0.611988,-27.9105,-19.9665,0.521021,-0.25259,-67.9116,-47.877,9.37556
CC#CCn1c(N2CCC[C@@H]([NH3+])C2)nc2c1c(=O)nc1n2CCCN1CC(=O)c1ccccc1,"CHEMBL4591675",4763,Done,4.48,-6.21782,"glide_grid_1X70",-6.22752,-0.857959,-0.465679,-0,-1.17897,-37.7536,-13.8022,0.398586,-0.165491,-77.1899,-51.5558,2.12698
CC#CCn1c(N2CCC[C@@H]([NH3+])C2)nc2c1c(=O)[nH+]c1n2CCCN1CC(=O)c1ccccc1,"CHEMBL4591675",4764,Done,4.78,-3.6922,"glide_grid_1X70",-6.135,-0.256845,-0.72,-0,-0.522968,-30.6597,-22.7019,0.567145,-0.264055,-77.9528,-53.3616,3.62781
CCOC(=O)c1nc2c(n1C)C[N@@H+]([C@@H]1C[C@H]([NH3+])[C@@H](c3cc(F)ccc3F)O[C@@H]1C(F)(F)F)C2,"CHEMBL4634272",4765,Done,2.98,-7.72566,"glide_grid_1X70",-7.89066,-0.88768,-1.03432,-0,-1.12134,-28.9121,-22.9734,0.249782,-0.205481,-78.0927,-51.8856,5.42207
CCOC(=O)c1nc2c(n1C)C[N@@H+]([C@@H]1C[C@H](N)[C@@H](c3cc(F)ccc3F)O[C@@H]1C(F)(F)F)C2,"CHEMBL4634272",4766,Done,3.37,-5.6572,"glide_grid_1X70",-6.5166,-1.20373,-0.730306,-0,-1.06849,-37.1624,-12.7873,0.358215,-0.0960636,-59.5966,-49.9498,3.87833
[NH3+][C@H]1C[C@@H](N2CCC(F)(F)C2)[C@@H](C(F)(F)F)O[C@@H]1c1cc(F)ccc1F,"CHEMBL4635433",4767,Done,2.41,-7.4548,"glide_grid_1X70",-7.4687,-1.04424,-0.59583,-0,-2.0924,-30.2021,-15.0761,0.181727,-0.14643,-76.3332,-45.2783,0.837359
N[C@H]1C[C@@H](N2CCC(F)(F)C2)[C@@H](C(F)(F)F)O[C@@H]1c1cc(F)ccc1F,"CHEMBL4635433",4768,Done,2.31,-2.66128,"glide_grid_1X70",-4.89088,-1.05209,-0.398073,-0,-1.67573,-31.7676,-2.43292,0.260826,-0.0724912,-45.8658,-34.2006,0.262116
CC#CCn1c(N2CCC[C@@H]([NH3+])C2)cc(=O)n(Cc2cn(CC(=O)N(C)C)nn2)c1=O,"CHEMBL4636081",4769,Done,4.78,-6.76691,"glide_grid_1X70",-6.77341,-0.242984,-0.951859,-0,-1.33552,-31.2709,-19.7217,0.527886,-0.249135,-79.7235,-50.9926,3.0577
CC#CCn1c(N2CCC[C@@H](N)C2)cc(=O)n(Cc2cn(CC(=O)N(C)C)nn2)c1=O,"CHEMBL4636081",4770,Done,5.27,-1.25019,"glide_grid_1X70",-3.93089,-0.536351,-0.305138,-0,-0.910126,-36.7231,-7.03157,0.757339,-0.045723,-53.1159,-43.7547,3.30746
[NH3+][C@H]1C[C@@H](N2Cc3cn(S(=O)(=O)C4CC4)nc3C2)[C@@H](C(F)(F)F)O[C@@H]1c1cc(F)ccc1F,"CHEMBL4636223",4771,Done,3.61,-7.65372,"glide_grid_1X70",-7.73432,-0.977085,-0.618312,-0,-1.41412,-38.1085,-18.5025,0.23424,-0.278241,-93.0892,-56.611,0.495245
[NH3+][C@H]1C[C@@H]([N@H+]2Cc3cn(S(=O)(=O)C4CC4)nc3C2)[C@@H](C(F)(F)F)O[C@@H]1c1cc(F)ccc1F,"CHEMBL4636223",4772,Done,3.7,-6.86424,"glide_grid_1X70",-8.41354,-0.999551,-0.590602,-0,-1.37826,-37.4475,-23.2927,0.233367,-0.312212,-104.189,-60.7402,0.632888
N[C@H]1C[C@@H]([N@H+]2Cc3cn(S(=O)(=O)C4CC4)nc3C2)[C@@H](C(F)(F)F)O[C@@H]1c1cc(F)ccc1F,"CHEMBL4636223",4774,Done,3.42,-0.593466,"glide_grid_1X70",-3.16457,-0.375243,-0.304,-0,-0.253735,-26.2785,-7.25981,0.334629,-0.163322,-40.0971,-33.5383,6.7252
[NH3+][C@H]1C[C@@H]([N@H+]2Cc3c[nH]nc3C2)[C@@H](C(F)(F)F)O[C@@H]1c1cc(F)ccc1F,"CHEMBL4640183",4776,Done,2.1,-7.6117,"glide_grid_1X70",-8.2506,-1.13763,-0.593446,-0,-1.93556,-35.4585,-18.7812,0.179197,-0.173064,-89.3263,-54.2397,0.452955
[NH3+][C@H]1C[C@@H]([N@H+]2Cc3cn[nH]c3C2)[C@@H](C(F)(F)F)O[C@@H]1c1cc(F)ccc1F,"CHEMBL4640183",4777,Done,2.57,-8.23511,"glide_grid_1X70",-8.87401,-1.16591,-0.61527,-0,-1.85869,-35.0983,-23.1234,0.179197,-0.18992,-98.7264,-58.2217,0.25759
N[C@H]1C[C@@H]([N@H+]2Cc3c[nH]nc3C2)[C@@H](C(F)(F)F)O[C@@H]1c1cc(F)ccc1F,"CHEMBL4640183",4779,Done,2.29,-2.62284,"glide_grid_1X70",-4.02884,-0.181241,-0.546411,-0,-0.813651,-21.1857,-10.3013,0.257188,-0.140251,-35.516,-31.487,13.4999
[NH3+][C@H]1C[C@@H](N2Cc3c[nH]nc3C2)[C@@H](C(F)(F)F)O[C@@H]1c1cc(F)ccc1F,"CHEMBL4640183",4780,Done,2.19,-6.45012,"glide_grid_1X70",-8.06672,-1.18591,-0.622988,-0,-2.08031,-35.8269,-16.1595,0.180031,-0.142286,-88.2697,-51.9864,0.126387
[NH3+][C@H]1C[C@@H](N2Cc3cn[nH]c3C2)[C@@H](C(F)(F)F)O[C@@H]1c1cc(F)ccc1F,"CHEMBL4640183",4781,Done,2.25,-6.12088,"glide_grid_1X70",-7.73748,-1.22212,-0.623765,-0,-1.94851,-36.2492,-14.457,0.180031,-0.142112,-84.4595,-50.7062,0.165424
CS(=O)(=O)n1cc2c(n1)C[N@@H+]([C@H]1CO[C@H](c3cc(F)ccc3F)[C@@H](N)[C@H]1F)C2,"CHEMBL4640418",4782,Done,2.45,-5.88496,"glide_grid_1X70",-6.51166,-1.09637,-0.479598,-0,-1.50625,-37.5498,-10.494,0.226865,-0.204704,-69.6658,-48.0438,1.4446
CS(=O)(=O)n1cc2c(n1)CN([C@H]1CO[C@H](c3cc(F)ccc3F)[C@@H](N)[C@H]1F)C2,"CHEMBL4640418",4783,Done,2.24,-4.24229,"glide_grid_1X70",-4.91229,-0.517761,-0.543796,-0,-0.888306,-29.3001,-9.86793,0.227858,-0.245086,-46.122,-39.1681,11.6203
CS(=O)(=O)n1cc2c(n1)CN([C@H]1CO[C@H](c3cc(F)ccc3F)[C@@H]([NH3+])[C@H]1F)C2,"CHEMBL4640418",4784,Done,2.22,-8.39982,"glide_grid_1X70",-9.18452,-1.1475,-0.675884,-0,-1.93214,-35.4164,-23.1326,0.158805,-0.347086,-101.612,-58.549,0.507403
CS(=O)(=O)n1cc2c(n1)C[N@@H+]([C@H]1CO[C@H](c3cc(F)ccc3F)[C@@H]([NH3+])[C@H]1F)C2,"CHEMBL4640418",4785,Done,2.25,-7.40463,"glide_grid_1X70",-9.03313,-1.13471,-0.6484,-0,-2.01519,-38.676,-21.0693,0.158115,-0.29875,-104.917,-59.7453,0.39505
CS(=O)(=O)n1cc2c(n1)CN([C@@H]1C[C@H]([NH3+])[C@@H](c3cc(F)c(F)cc3F)O[C@@H]1C(F)(F)F)C2,"CHEMBL4641763",4788,Done,2.71,-8.93903,"glide_grid_1X70",-9.09153,-1.19185,-0.623928,-0,-1.69278,-38.6972,-23.1153,0.120698,-0.301506,-107.844,-61.8125,0.228771
CS(=O)(=O)n1cc2c(n1)C[N@@H+]([C@@H]1C[C@H]([NH3+])[C@@H](c3cc(F)c(F)cc3F)O[C@@H]1C(F)(F)F)C2,"CHEMBL4641763",4789,Done,3.29,-7.84789,"glide_grid_1X70",-8.92679,-1.10205,-0.587578,-0,-1.83426,-41.1354,-21.3679,0.120241,-0.261187,-110.406,-62.5033,1.01991
CS(=O)(=O)n1cc2c(n1)CN([C@@H]1C[C@H](N)[C@@H](c3cc(F)c(F)cc3F)O[C@@H]1C(F)(F)F)C2,"CHEMBL4641763",4790,Done,2.59,-4.71708,"glide_grid_1X70",-6.68888,-1.2754,-0.472402,-0,-1.06139,-37.8797,-12.8456,0.173083,-0.231933,-71.9852,-50.7253,0.339055
CS(=O)(=O)n1cc2c(n1)C[N@@H+]([C@@H]1C[C@H](N)[C@@H](c3cc(F)c(F)cc3F)O[C@@H]1C(F)(F)F)C2,"CHEMBL4641763",4791,Done,2.48,-1.82067,"glide_grid_1X70",-3.91407,-0.436039,-0.31417,-0,-0.540867,-14.7575,-13.3002,0.172426,-0.0625087,-33.3143,-28.0577,14.1197
Cn1c(C(N)=O)nc2c1C[N@@H+]([C@@H]1C[C@H]([NH3+])[C@@H](c3cc(F)ccc3F)O[C@@H]1C(F)(F)F)C2,"CHEMBL4644314",4794,Done,2.4,-8.51915,"glide_grid_1X70",-8.68085,-1.01234,-0.713197,-0,-2.02957,-32.7271,-21.5337,0.140052,-0.199374,-78.2585,-54.2608,5.51002
Cn1c(C(N)=O)nc2c1C[N@@H+]([C@@H]1C[C@H](N)[C@@H](c3cc(F)ccc3F)O[C@@H]1C(F)(F)F)C2,"CHEMBL4644314",4795,Done,2.71,-2.76867,"glide_grid_1X70",-3.62477,-0.414545,-0.438879,-0,-0.630176,-21.9944,-7.33572,0.200896,-0.141986,-30.4568,-29.3301,20.2867
CS(=O)(=O)n1cc2c(n1)CN([C@@H]1C[C@H]([NH3+])[C@@H](c3cc(F)ccc3F)O[C@@H]1C(F)(F)F)C2,"CHEMBL4646510",4796,Done,2.58,-8.59097,"glide_grid_1X70",-8.74347,-1.18874,-0.6143,-0,-1.52369,-38.0508,-22.3257,0.129318,-0.294652,-103.337,-60.3766,0.441098
CS(=O)(=O)n1cc2c(n1)C[N@@H+]([C@@H]1C[C@H]([NH3+])[C@@H](c3cc(F)ccc3F)O[C@@H]1C(F)(F)F)C2,"CHEMBL4646510",4797,Done,2.85,-7.58214,"glide_grid_1X70",-8.66104,-1.10138,-0.597126,-0,-1.66449,-40.7383,-20.8861,0.128811,-0.25703,-107.227,-61.6244,0.558549
CS(=O)(=O)n1cc2c(n1)CN([C@@H]1C[C@H](N)[C@@H](c3cc(F)ccc3F)O[C@@H]1C(F)(F)F)C2,"CHEMBL4646510",4798,Done,2.74,-4.3723,"glide_grid_1X70",-6.3441,-1.19986,-0.44371,-0,-0.927457,-34.1357,-13.6505,0.185468,-0.204176,-66.9895,-47.7862,0.385597
CC#CCn1c(N2CCC[C@H]([NH3+])C2)cc(=O)n(Cc2nc(C)c3cc(C)ccc3n2)c1=O,"CHEMBL4647761",4800,Done,3.05,-6.57803,"glide_grid_1X70",-6.58453,-0.204128,-1.16722,-0,-1.22582,-25.2409,-19.6898,0.370735,-0.142572,-71.4377,-44.9307,1.64923
CC#CCn1c(N2CCC[C@H](N)C2)cc(=O)n(Cc2nc(C)c3cc(C)ccc3n2)c1=O,"CHEMBL4647761",4801,Done,3.08,-1.64474,"glide_grid_1X70",-4.32544,-0.146629,-1.06312,-0,-0.6556,-25.0611,-11.3396,0.53186,-0.0379694,-46.5773,-36.4007,1.02933
N#C[C@@H]1CCCN1C(=O)[C@@H](N)Cc1ccc(-c2cn(C3CC3)nn2)cc1,"CHEMBL4647956",4802,Done,3.36,-2.64739,"glide_grid_1X70",-2.90339,-0.458354,-0.304,-0,-1.0196,-31.8706,-1.96426,0.931357,-0.164626,-37.0395,-33.8349,8.75502
N#C[C@@H]1CCCN1C(=O)[C@@H]([NH3+])Cc1ccc(-c2cn(C3CC3)nn2)cc1,"CHEMBL4647956",4803,Done,3.96,-4.29791,"glide_grid_1X70",-4.91841,-0.546606,-0.453545,-0,-1.32014,-26.9243,-12.7005,0.926612,-0.273436,-54.5672,-39.6248,6.16907
CCS(=O)(=O)n1cc2c(n1)CN([C@@H]1C[C@H]([NH3+])[C@@H](c3cc(F)ccc3F)O[C@@H]1C(F)(F)F)C2,"CHEMBL4649110",4804,Done,3.08,-8.54944,"glide_grid_1X70",-8.64274,-1.24912,-0.618989,-0,-1.52008,-36.2965,-22.2551,0.183782,-0.285246,-99.607,-58.5517,0.740721
CCS(=O)(=O)n1cc2c(n1)CN([C@@H]1C[C@H](N)[C@@H](c3cc(F)ccc3F)O[C@@H]1C(F)(F)F)C2,"CHEMBL4649110",4806,Done,3.3,-4.30154,"glide_grid_1X70",-6.21414,-1.26123,-0.433144,-0,-0.944348,-33.0031,-13.3289,0.263554,-0.189483,-64.0143,-46.3319,0.763846
CCS(=O)(=O)n1cc2c(n1)C[N@@H+]([C@@H]1C[C@H](N)[C@@H](c3cc(F)ccc3F)O[C@@H]1C(F)(F)F)C2,"CHEMBL4649110",4807,Done,3.13,-3.58506,"glide_grid_1X70",-6.02746,-1.01498,-0.428391,-0,-0.88417,-33.6545,-13.8948,0.262546,-0.195516,-65.105,-47.5493,1.40803
CC#CCN1C(N2CCC[C@H]([NH3+])C2)=N[C@H]2[C@H]1C(=O)N([C@H](C)c1nc(C)c3ccccc3n1)C(=O)N2C,"CHEMBL4649180",4808,Done,3.38,-4.71576,"glide_grid_1X70",-4.72406,-0.321283,-0.409482,-0,-0.600959,-25.5814,-14.9607,0.297062,-0.166223,-55.0659,-40.5421,4.48783
[NH3+][C@@H]1CCCN(c2cc(NCc3ccccc3)n3nccc3n2)C1,"CHEMBL4743490",4810,Done,5.15,-5.71626,"glide_grid_1X70",-5.71876,-0.407139,-0.400329,-0,-1.79795,-25.0491,-14.7946,0.500953,-0.142651,-59.6358,-39.8437,2.33579
Cc1ccnc(Nc2cc(N3CCC[C@@H]([NH3+])C3)nc3ccnn23)c1,"CHEMBL4743516",4811,Done,3.54,-7.33983,"glide_grid_1X70",-7.37003,-0.653132,-1.03911,-0,-1.73085,-20.3552,-21.0643,0.373698,-0.143235,-66.3337,-41.4195,3.19582
Cc1cc[nH+]c(Nc2cc(N3CCC[C@@H]([NH3+])C3)nc3ccnn23)c1,"CHEMBL4743516",4812,Done,3.16,-4.64641,"glide_grid_1X70",-6.42551,-0.417822,-0.407686,-0,-1.72038,-23.1643,-19.6615,0.371658,-0.143852,-64.7551,-42.8258,4.23311
[NH3+][C@@H](Cc1cn(-c2cccc3ncccc23)nn1)Cc1cc(F)c(F)cc1F,"CHEMBL4745231",4813,Done,3.18,-7.60397,"glide_grid_1X70",-7.62937,-0.901714,-0.4,-0,-2.08408,-36.5159,-18.5551,0.526361,-0.160887,-84.096,-55.071,9.74353
N[C@@H](Cc1cn(-c2cccc3ncccc23)nn1)Cc1cc(F)c(F)cc1F,"CHEMBL4745231",4814,Done,3.02,-3.83453,"glide_grid_1X70",-5.71403,-1.17188,-0.401127,-0,-1.85239,-32.7117,-7.49491,0.528845,-0.0576504,-54.3585,-40.2066,5.68562
[NH3+][C@@H]1CCCN(c2cc(Nc3ccccc3[N+](=O)[O-])n3nccc3n2)C1,"CHEMBL4745889",4815,Done,4.9,-5.50071,"glide_grid_1X70",-5.50321,-0.655771,-0.4,-0,-1.22845,-28.4176,-14.1157,0.456441,-0.137191,-60.735,-42.5333,6.76643
CC#CCn1c(N2CCC[C@@H](N)C2)nc2c1c(=O)n(/C=C1\NC(C)=C3C=CC=C[C@@H]3N1)c(=O)n2C,"CHEMBL4747683",4816,Done,3.35,-2.66369,"glide_grid_1X70",-2.97159,-0.185994,-0.288668,-0,-0.37514,-29.2979,-6.37219,0.35942,-0.0604837,-41.8225,-35.67,2.24529
CC#CCn1c(N2CCC[C@@H]([NH3+])C2)nc2c1c(=O)n(/C=C1\[N-]C(C)=C3C=CC=C[C@@H]3N1)c(=O)n2C,"CHEMBL4747683",4817,Done,3.5,-4.84066,"glide_grid_1X70",-5.37836,-0.390677,-0.740456,-0,-0.703467,-33.6732,-12.4628,0.251594,-0.242272,-66.0844,-46.136,1.60303
Cc1cn(CC[C@H]([NH3+])Cc2cc(F)c(F)cc2F)nn1,"CHEMBL4747721",4818,Done,3.71,-8.28285,"glide_grid_1X70",-8.29655,-1.05729,-0.556974,-0,-3.16708,-30.6999,-16.5738,0.624101,-0.118234,-81.2645,-47.2737,3.46522
Cc1cn(CC[C@H](N)Cc2cc(F)c(F)cc2F)nn1,"CHEMBL4747721",4819,Done,3.51,-2.2215,"glide_grid_1X70",-4.4612,-0.830259,-0.258588,-0,-2.39119,-21.3879,-5.27132,0.897081,-0.0181515,-34.3359,-26.6592,2.74404
O=[N+]([O-])c1ccccc1Nc1cc(N2CC[NH2+]CC2)nc2ccnn12,"CHEMBL4749086",4822,Done,4.66,-5.89759,"glide_grid_1X70",-5.92429,-0.844315,-0.379681,-0,-1.6964,-26.3505,-12.6571,0.343273,-0.131075,-61.205,-39.0076,1.2822
[NH3+][C@@H](CCn1cc(-c2ccccn2)nn1)Cc1cc(F)c(F)cc1F,"CHEMBL4750352",4824,Done,4.24,-8.79214,"glide_grid_1X70",-8.80584,-1.49778,-0.490128,-0,-2.80828,-36.291,-17.353,0.549049,-0.141207,-86.1034,-53.6439,13.7973
N[C@@H](CCn1cc(-c2ccccn2)nn1)Cc1cc(F)c(F)cc1F,"CHEMBL4750352",4825,Done,4.3,-3.07778,"glide_grid_1X70",-5.31748,-1.27544,-0.299287,-0,-1.81219,-31.451,-7.46369,0.788404,-0.0268616,-50.0114,-38.9147,6.92473
[NH3+][C@@H]1CCCN(c2cc(Nc3ccccc3Cl)n3nccc3n2)C1,"CHEMBL4751895",4827,Done,4.01,-6.6301,"glide_grid_1X70",-6.6326,-1.18997,-0.560761,-0,-1.59477,-27.0284,-13.7393,0.337145,-0.211927,-63.4034,-40.7677,4.2534
Cc1ccc(Nc2cc(N3CC[NH2+]CC3)nc3ccnn23)c(C)c1,"CHEMBL4752835",4828,Done,3.14,-5.92682,"glide_grid_1X70",-5.95352,-0.517511,-0.649424,-0,-1.83305,-23.1807,-13.5348,0.375715,-0.139983,-57.0308,-36.7155,1.16155
[NH3+][C@@H]1CCCN(c2cc(Nc3ccc(Cl)cc3Cl)n3nccc3n2)C1,"CHEMBL4753503",4830,Done,3.82,-7.69014,"glide_grid_1X70",-7.69264,-0.867915,-1.06024,-0,-1.40666,-22.7642,-22.3565,0.284376,-0.150526,-70.2741,-45.1207,7.32436
[NH3+][C@@H]1CCCN(c2cc(NCCc3ccc(Cl)cc3Cl)n3nccc3n2)C1,"CHEMBL4754343",4831,Done,5.57,-5.94463,"glide_grid_1X70",-5.94713,-0.986992,-0.409184,-0,-1.1607,-26.4771,-15.1669,0.333433,-0.124799,-60.46,-41.644,4.95875
Cc1ccnc(Nc2cc(N3CC[NH2+]CC3)nc3ccnn23)c1,"CHEMBL4754461",4832,Done,2.79,-6.03549,"glide_grid_1X70",-6.09239,-0.371908,-0.486619,-0,-1.86381,-22.5076,-16.3708,0.403936,-0.192982,-60.4957,-38.8785,2.3381
Cc1cc[nH+]c(Nc2cc(N3CC[NH2+]CC3)nc3ccnn23)c1,"CHEMBL4754461",4833,Done,2.91,-4.66444,"glide_grid_1X70",-6.47024,-0.294127,-0.608162,-0,-1.83741,-18.8716,-19.8859,0.401642,-0.205733,-61.3621,-38.7574,2.00523
[NH3+][C@@H]1CCCN(c2cc(Nc3ccc(F)cc3F)n3nccc3n2)C1,"CHEMBL4760965",4836,Done,3.7,-5.44624,"glide_grid_1X70",-5.44874,-0.484394,-0.4,-0,-1.5386,-25.1927,-13.7775,0.47784,-0.177326,-58.6572,-38.9702,0.949102
[NH3+][C@@H](Cc1cn(-c2ccncc2)nn1)Cc1cc(F)c(F)cc1F,"CHEMBL4763110",4838,Done,2.82,-8.67327,"glide_grid_1X70",-8.69867,-1.48676,-0.509365,-0,-3.00374,-31.0548,-16.5557,0.472448,-0.13516,-83.1276,-47.6105,5.42132
N[C@@H](Cc1cn(-c2ccncc2)nn1)Cc1cc(F)c(F)cc1F,"CHEMBL4763110",4839,Done,2.94,-4.46941,"glide_grid_1X70",-6.34891,-1.25317,-0.331215,-0,-2.25597,-35.0649,-9.08527,0.678542,-0.071051,-57.362,-44.1502,10.0329
[NH3+][C@@H]1CCCN(c2cc(NCc3ccc(O)cc3)n3nccc3n2)C1,"CHEMBL4763718",4840,Done,12.8,-7.03115,"glide_grid_1X70",-7.03115,-0.53905,-1.00886,-0,-1.62488,-27.5931,-18.4683,0.459958,-0.168419,-72.4192,-46.0614,2.49307
Clc1ccc(CCNc2cc(N3CC[NH2+]CC3)nc3ccnn23)c(Cl)c1,"CHEMBL4764120",4841,Done,3.96,-5.42899,"glide_grid_1X70",-5.45569,-1.13184,-0.393873,-0,-1.25228,-28.3705,-9.82886,0.355194,-0.140036,-55.8781,-38.1993,5.22398
Cc1ccc(Nc2cc(N3CC[NH2+]CC3)nc3ccnn23)c(N)c1,"CHEMBL4764894",4843,Done,3.86,-5.35446,"glide_grid_1X70",-5.53036,-0.96153,-0.272458,-0,-1.54745,-25.0748,-12.0966,0.533854,-0.21456,-48.9575,-37.1713,8.2461
Cc1ccc(Nc2cc(N3CC[NH2+]CC3)nc3ccnn23)c([NH3+])c1,"CHEMBL4764894",4844,Done,3.25,-5.87545,"glide_grid_1X70",-6.79215,-0.191237,-0.509277,-0,-1.81107,-21.6478,-22.5481,0.371658,-0.187624,-69.6081,-44.1959,1.17965
Cc1ccc(Nc2cc(N3CCNCC3)nc3ccnn23)c(N)c1,"CHEMBL4764894",4845,Done,5.54,-2.5434,"glide_grid_1X70",-4.5426,-0.981621,-0.304,-0,-1.32906,-35.4875,-3.09847,0.536793,-0.225568,-42.666,-38.586,12.6967
Clc1ccc(Nc2cc(N3CC[NH2+]CC3)nc3ccnn23)c(Cl)c1,"CHEMBL4765147",4846,Done,3.32,-5.49773,"glide_grid_1X70",-5.52443,-0.2976,-0.4,-0,-1.5991,-29.1821,-12.9433,0.30425,-0.13138,-62.1416,-42.1254,2.12781
CN(c1ccccc1)c1cc(N2CC[NH2+]CC2)nc2ccnn12,"CHEMBL4776878",4848,Done,2.51,-4.95049,"glide_grid_1X70",-4.97719,-0.545551,-0.4,-0,-1.07573,-22.4704,-15.0147,0.580292,-0.160481,-52.4662,-37.4851,2.05435
[NH3+][C@@H]1CCCN(c2cc(Nc3cc[nH]n3)n3nccc3n2)C1,"CHEMBL4779718",4851,Done,2.96,-5.70062,"glide_grid_1X70",-5.80452,-0.445545,-0.518129,-0,-1.73182,-23.8646,-15.8218,0.614814,-0.157349,-60.4442,-39.6863,1.53107
[NH3+][C@@H]1CCCN(c2cc(Nc3ccn[nH]3)n3nccc3n2)C1,"CHEMBL4779718",4852,Done,2.96,-6.01316,"glide_grid_1X70",-7.11116,-0.39853,-0.979957,-0,-2.06648,-22.7045,-18.4701,0.43037,-0.190828,-63.5874,-41.1746,7.66003
Clc1ccccc1Nc1cc(N2CC[NH2+]CC2)nc2ccnn12,"CHEMBL4782865",4854,Done,3.55,-5.76985,"glide_grid_1X70",-5.79655,-0.379636,-0.4,-0,-1.82173,-28.8522,-13.2446,0.362954,-0.128849,-63.002,-42.0968,2.02627
Fc1ccc(CNc2cc(N3CC[NH2+]CC3)nc3ccnn23)c(F)c1,"CHEMBL4784434",4856,Done,3.68,-5.23404,"glide_grid_1X70",-5.26074,-0.18091,-0.337245,-0,-1.66484,-22.1162,-14.6936,0.445984,-0.213878,-54.8716,-36.8098,2.46102
[NH3+][C@@H]1CCCN(c2cc(Nc3cc(F)ccn3)n3nccc3n2)C1,"CHEMBL4786137",4858,Done,2.97,-7.70322,"glide_grid_1X70",-7.71522,-0.648003,-1.05987,-0,-1.70316,-22.4501,-22.6102,0.365771,-0.155919,-73.1401,-45.0603,1.82416
[NH3+][C@@H]1CCCN(c2cc(Nc3cc(F)cc[nH+]3)n3nccc3n2)C1,"CHEMBL4786137",4859,Done,2.98,-3.98928,"glide_grid_1X70",-6.30808,-0.300586,-0.400965,-0,-1.83795,-22.5913,-18.9837,0.363795,-0.155263,-63.8985,-41.5749,3.96815
Cc1ccc(Nc2cc(N3CCC[C@@H]([NH3+])C3)nc3ccnn23)c(C)c1,"CHEMBL4787437",4860,Done,3.45,-7.94547,"glide_grid_1X70",-7.94797,-0.992392,-1.06752,-0,-1.66381,-21.5589,-22.3695,0.348551,-0.139437,-68.6331,-43.9284,3.67411
CC(C)(C)c1cn(CC[C@H]([NH3+])Cc2cc(F)c(F)cc2F)nn1,"CHEMBL4789426",4861,Done,4.46,-7.80042,"glide_grid_1X70",-7.81412,-0.93319,-0.530743,-0,-2.96,-30.597,-14.7398,0.490327,-0.139698,-74.1673,-45.3368,7.1131
CC(C)(C)c1cn(CC[C@H](N)Cc2cc(F)c(F)cc2F)nn1,"CHEMBL4789426",4862,Done,4.06,-1.87114,"glide_grid_1X70",-4.11084,-1.151,-0.304,-0,-1.89262,-16.058,-4.06919,0.704292,-0.0542311,-24.1996,-20.1272,9.09245
[NH3+][C@@H](CCn1cc(-c2cccnc2)nn1)Cc1cc(F)c(F)cc1F,"CHEMBL4790735",4864,Done,4.8,-8.99098,"glide_grid_1X70",-9.00468,-1.52109,-0.581717,-0,-2.83056,-36.4041,-17.7383,0.549049,-0.139417,-90.4524,-54.1424,12.5894
N[C@@H](CCn1cc(-c2cccnc2)nn1)Cc1cc(F)c(F)cc1F,"CHEMBL4790735",4865,Done,4.07,-2.73113,"glide_grid_1X70",-4.97083,-1.43504,-0.279779,-0,-1.9664,-28.3853,-4.30287,0.788404,-0.0133161,-43.1306,-32.6882,4.81572
[NH3+][C@@H](Cc1cn(-c2cccnc2)nn1)Cc1cc(F)c(F)cc1F,"CHEMBL4790799",4866,Done,2.85,-8.35338,"glide_grid_1X70",-8.37878,-1.10862,-0.561528,-0,-2.70721,-29.9311,-18.7571,0.472448,-0.163749,-82.3433,-48.6882,7.39859
N[C@@H](Cc1cn(-c2cccnc2)nn1)Cc1cc(F)c(F)cc1F,"CHEMBL4790799",4867,Done,2.86,-4.26303,"glide_grid_1X70",-6.14253,-1.16094,-0.419251,-0,-2.06024,-35.3712,-8.98494,0.678542,-0.0643367,-56.9035,-44.3561,9.56212
[NH3+][C@@H]1CCCN(c2cc(NCc3ccc(Cl)cc3Cl)n3nccc3n2)C1,"CHEMBL4791597",4868,Done,5.94,-5.51009,"glide_grid_1X70",-5.51259,-0.469555,-0.400271,-0,-1.31081,-28.0106,-14.388,0.355194,-0.128413,-63.5175,-42.3987,1.36397
[NH3+][C@@H](CCn1ccnn1)Cc1cc(F)c(F)cc1F,"CHEMBL4792546",4869,Done,3.92,-8.16585,"glide_grid_1X70",-8.17955,-1.07176,-0.557844,-0,-3.1419,-28.9335,-15.6427,0.510878,-0.125849,-77.5286,-44.5762,3.38614
N[C@@H](CCn1ccnn1)Cc1cc(F)c(F)cc1F,"CHEMBL4792546",4870,Done,3.48,-3.0021,"glide_grid_1X70",-5.2418,-0.828322,-0.267103,-0,-2.4445,-22.3803,-7.87224,0.734542,-0.136565,-40.6418,-30.2525,1.56088
[NH3+][C@@H]1CCCN(c2cc(Nc3cc(Cl)ccn3)n3nccc3n2)C1,"CHEMBL4794801",4871,Done,2.9,-7.72843,"glide_grid_1X70",-7.72843,-0.695393,-1.05923,-0,-1.5944,-24.2332,-22.407,0.335432,-0.142134,-74.7419,-46.6401,2.19455
Cc1ccc(Nc2cc(N3CCC[C@@H]([NH3+])C3)nc3ccnn23)c(N)c1,"CHEMBL4798053",4873,Done,4.02,-6.05121,"glide_grid_1X70",-6.20291,-1.11716,-0.363505,-0,-1.42379,-30.0152,-13.7524,0.495357,-0.230194,-60.5884,-43.7676,11.1385
Cc1ccc(Nc2cc(N3CCC[C@@H]([NH3+])C3)nc3ccnn23)c([NH3+])c1,"CHEMBL4798053",4874,Done,3.24,-6.77676,"glide_grid_1X70",-7.66926,-0.723343,-0.347776,-0,-2.03307,-23.4956,-23.2344,0.344927,-0.250053,-78.5153,-46.73,2.34116
[NH3+][C@@H](Cc1cn(-c2ccc3ncccc3c2)nn1)Cc1cc(F)c(F)cc1F,"CHEMBL4798357",4875,Done,2.71,-7.24569,"glide_grid_1X70",-7.27109,-1.09078,-0.452004,-0,-2.06073,-37.056,-14.3575,0.526361,-0.187514,-76.1325,-51.4135,15.7535
Fc1ccc(Nc2cc(N3CC[NH2+]CC3)nc3ccnn23)c(F)c1,"CHEMBL4798418",4877,Done,3.12,-5.62702,"glide_grid_1X70",-5.65372,-0.203094,-0.4,-0,-1.94834,-27.6772,-12.736,0.359985,-0.168013,-60.4726,-40.4132,1.57102
CC#CCn1c(N2CCC[C@@H]([NH3+])C2)cc(=O)n(Cc2ccc(Cl)c(C(=O)OC)c2)c1=O,"CHEMBL4845890",4879,Done,4.57,-5.92638,"glide_grid_1X70",-5.93288,-0.524041,-0.838268,-0,-1.0464,-23.4016,-17.7051,0.422699,-0.121014,-64.0756,-41.1068,0.523756
CC#CCn1c(N2CCC[C@@H](N)C2)cc(=O)n(Cc2ccc(Cl)c(C(=O)OC)c2)c1=O,"CHEMBL4845890",4880,Done,4.69,-2.23782,"glide_grid_1X70",-4.91852,-1.5066,-0.304,-0,-0.776898,-36.265,-6.78223,0.606343,-0.106782,-55.2731,-43.0472,3.45739
CC#CCn1c(N2CCC[C@@H]([NH3+])C2)cc(=O)n(Cc2ccc(F)c(C(=O)OC)c2)c1=O,"CHEMBL4846335",4881,Done,5.09,-6.77485,"glide_grid_1X70",-6.78135,-0.945851,-0.717542,-0,-1.56365,-30.6085,-15.6214,0.452534,-0.133206,-72.5367,-46.2299,1.46436
CC#CCn1c(N2CCC[C@@H](N)C2)cc(=O)n(Cc2ccc(F)c(C(=O)OC)c2)c1=O,"CHEMBL4846335",4882,Done,4.9,-0.696053,"glide_grid_1X70",-3.37675,-0.27869,-0.304,-0,-0.642662,-30.5989,-7.90209,0.649234,-0.0853763,-46.1228,-38.501,2.49414
CC#CCn1c(N2CCC[C@@H]([NH3+])C2)cc(=O)n(Cc2ccc(Br)c(C(=O)OC)c2)c1=O,"CHEMBL4851477",4883,Done,4.74,-5.23978,"glide_grid_1X70",-5.24628,-0.791618,-0.4,-0,-0.635743,-31.3656,-13.3419,0.35544,-0.204799,-64.1688,-44.7075,2.32306
CC#CCn1c(N2CCC[C@@H](N)C2)cc(=O)n(Cc2ccc(Br)c(C(=O)OC)c2)c1=O,"CHEMBL4851477",4884,Done,4.95,-1.98434,"glide_grid_1X70",-4.66504,-1.47077,-0.294062,-0,-0.472368,-37.6966,-6.29862,0.509688,-0.107906,-55.4622,-43.9952,4.34477
CC#CCn1c(N2CCC[C@@H]([NH3+])C2)cc(=O)n(Cc2cccc(C(=O)OC)c2Br)c1=O,"CHEMBL4852700",4885,Done,4.89,-6.2451,"glide_grid_1X70",-6.2516,-0.249135,-1.03897,-0,-0.897152,-28.0165,-18.8385,0.35544,-0.195196,-70.6336,-46.8549,4.97587
CC#CCn1c(N2CCC[C@@H](N)C2)cc(=O)n(Cc2cccc(C(=O)OC)c2Br)c1=O,"CHEMBL4852700",4886,Done,4.71,-0.253536,"glide_grid_1X70",-2.93424,-0.579278,-0.304,-0,-0.194031,-32.0631,-4.70486,0.509688,-0.0577294,-42.9154,-36.768,5.00337
N#Cc1ccccc1Cn1c(N2CCC[C@@H]([NH3+])C2)cc(=O)n(Cc2ccccc2)c1=O,"CHEMBL4853464",4887,Done,4.97,-5.78728,"glide_grid_1X70",-5.79378,-0.848584,-0.407375,-0,-1.10172,-32.9742,-13.4131,0.398618,-0.17405,-67.5975,-46.3873,4.02732
N#Cc1ccccc1Cn1c(N2CCC[C@@H](N)C2)cc(=O)n(Cc2ccccc2)c1=O,"CHEMBL4853464",4888,Done,4.07,-0.654411,"glide_grid_1X70",-3.33511,-0.269791,-0.475497,-0,-0.737101,-27.077,-7.00181,0.571952,-0.0205503,-41.465,-34.0789,0.483219
CC#CCn1c(N2CCC[C@@H]([NH3+])C2)cc(=O)n(Cc2cc(C(=O)OC)ccc2Br)c1=O,"CHEMBL4856255",4889,Done,5.26,-6.31072,"glide_grid_1X70",-6.31722,-1.39268,-0.4,-0,-0.931255,-35.8564,-12.9031,0.35544,-0.220446,-71.9902,-48.7595,5.70768
CC#CCn1c(N2CCC[C@@H](N)C2)cc(=O)n(Cc2cc(C(=O)OC)ccc2Br)c1=O,"CHEMBL4856255",4890,Done,5.1,-0.861368,"glide_grid_1X70",-3.54207,-0.809297,-0.304,-0,-0.155386,-38.3343,-4.80197,0.509688,-0.146062,-51.7398,-43.1363,3.21388
CC#CCn1c(N2CCC[C@@H]([NH3+])C2)cc(=O)n(Cc2ccc(Br)c(C(=O)[O-])c2)c1=O,"CHEMBL4856337",4891,Done,4.05,-5.21755,"glide_grid_1X70",-5.22405,-0.17889,-0.758961,-0,-0.779445,-27.5409,-15.126,0.313554,-0.17437,-65.4867,-42.6669,0.274638
CC#CCn1c(N2CCC[C@@H](N)C2)cc(=O)n(Cc2ccc(Br)c(C(=O)[O-])c2)c1=O,"CHEMBL4856337",4892,Done,3.68,-0.515198,"glide_grid_1X70",-3.1959,-0.454545,-0.403601,-0,-0.397443,-30.3953,-5.60713,0.449674,-0.0291465,-45.0802,-36.0025,1.10955
COC(=O)c1cccc(Cn2c(=O)cc(N3CCC[C@@H]([NH3+])C3)n(Cc3ccccc3C#N)c2=O)c1,"CHEMBL4856604",4893,Done,5.11,-6.04179,"glide_grid_1X70",-6.04829,-0.407073,-0.724432,-0,-0.858543,-35.1937,-16.7584,0.37743,-0.16223,-76.6946,-51.9521,1.67433
COC(=O)c1cccc(Cn2c(=O)cc(N3CCC[C@@H](N)C3)n(Cc3ccccc3C#N)c2=O)c1,"CHEMBL4856604",4894,Done,4.98,-0.361584,"glide_grid_1X70",-3.04228,-0.501735,-0.304,-0,-0.198575,-34.0181,-5.55909,0.541283,-0.0444866,-44.947,-39.5772,5.01692
CC#CCn1c(N2CCC[C@@H]([NH3+])C2)cc(=O)n(Cc2cc(C(=O)[O-])ccc2F)c1=O,"CHEMBL4857729",4895,Done,3.98,-5.53751,"glide_grid_1X70",-5.54401,-0.471395,-0.668209,-0,-0.967296,-24.7261,-17.2154,0.57459,-0.193088,-64.6555,-41.9414,2.07173
CC#CCn1c(N2CCC[C@@H](N)C2)cc(=O)n(Cc2cc(C(=O)[O-])ccc2F)c1=O,"CHEMBL4857729",4896,Done,3.62,-0.769848,"glide_grid_1X70",-3.45055,-0.707078,-0.334921,-0,-0.757766,-29.3735,-4.0307,0.577122,-0.154627,-42.2856,-33.4042,1.50326
CC#CCn1c(N2CCC[C@@H]([NH3+])C2)cc(=O)n(Cc2cccc(C(=O)N[C@@H](C)C(=O)OC)c2)c1=O,"CHEMBL4858093",4897,Done,7.65,-5.57679,"glide_grid_1X70",-5.58329,-0.123385,-0.967575,-0,-0.790772,-31.4658,-16.9286,0.54907,-0.138043,-70.7415,-48.3944,1.88214
CC#CCn1c(N2CCC[C@@H](N)C2)cc(=O)n(Cc2cccc(C(=O)N[C@@H](C)C(=O)OC)c2)c1=O,"CHEMBL4858093",4898,Done,8.34,-0.430292,"glide_grid_1X70",-3.11099,-0.267844,-0.598081,-0,-0.218879,-33.0294,-7.4364,0.78739,-0.0466473,-47.5376,-40.4658,3.90085
CC#CCn1c(N2CCC[C@@H]([NH3+])C2)cc(=O)n(Cc2cccc(C(=O)N[C@@H](C)C(=O)[O-])c2)c1=O,"CHEMBL4858682",4899,Done,7.28,-5.73994,"glide_grid_1X70",-5.74644,-0.233362,-1.24883,-0,-0.776199,-22.9029,-18.0619,0.517103,-0.150718,-67.6421,-40.9647,2.10149
CC#CCn1c(N2CCC[C@@H](N)C2)cc(=O)n(Cc2cccc(C(=O)N[C@@H](C)C(=O)[O-])c2)c1=O,"CHEMBL4858682",4900,Done,7.17,-1.86742,"glide_grid_1X70",-4.54812,-0.208182,-1.45862,-0,-0.315347,-28.6634,-11.8868,0.741632,-0.0914229,-52.7529,-40.5502,3.97899
CC#CCn1c(N2CCC[C@@H]([NH3+])C2)cc(=O)n(Cc2cccc(C(=O)N3CCC[C@H]3C(=O)[O-])c2)c1=O,"CHEMBL4859630",4901,Done,6.1,-4.97818,"glide_grid_1X70",-4.98468,-0.0531813,-1.00086,-0,-0.584396,-24.137,-15.8946,0.409794,-0.16499,-61.8107,-40.0317,1.96508
CC#CCn1c(N2CCC[C@@H](N)C2)cc(=O)n(Cc2cccc(C(=O)N3CCC[C@H]3C(=O)[O-])c2)c1=O,"CHEMBL4859630",4902,Done,5.87,0.248037,"glide_grid_1X70",-2.43266,-0.174376,-0.456,-0,-0.207141,-23.9062,-6.40459,0.587616,-0.0267606,-36.6467,-30.3108,3.01162
CC#CCn1c(N2CCC[C@@H]([NH3+])C2)cc(=O)n(Cc2cc(Br)cc(C(=O)[O-])c2)c1=O,"CHEMBL4860737",4903,Done,4.37,-6.02004,"glide_grid_1X70",-6.02654,-0.201336,-0.973063,-0,-0.818606,-30.8776,-17.136,0.313554,-0.232811,-75.9112,-48.0136,3.76699
CC#CCn1c(N2CCC[C@@H](N)C2)cc(=O)n(Cc2cc(Br)cc(C(=O)[O-])c2)c1=O,"CHEMBL4860737",4904,Done,4.08,-1.05875,"glide_grid_1X70",-3.73945,-0.609397,-0.438276,-0,-0.594577,-31.6786,-6.33451,0.449674,-0.0127702,-48.0385,-38.0131,3.48753
CC#CCn1c(N2CCC[C@@H]([NH3+])C2)cc(=O)n(Cc2ccc(C(=O)OC)cc2)c1=O,"CHEMBL4862579",4905,Done,4.21,-5.26263,"glide_grid_1X70",-5.26913,-0.31869,-0.592439,-0,-1.20728,-26.5619,-14.4243,0.488933,-0.147908,-61.7756,-40.9862,1.15897
CC#CCn1c(N2CCC[C@@H](N)C2)cc(=O)n(Cc2ccc(C(=O)OC)cc2)c1=O,"CHEMBL4862579",4906,Done,4.77,-1.06435,"glide_grid_1X70",-3.74505,-0.620998,-0.304568,-0,-0.70397,-35.2418,-6.02688,0.701573,-0.150961,-49.8029,-41.2687,3.279
CC#CCn1c(N2CCC[C@@H]([NH3+])C2)cc(=O)n(Cc2ccc(F)c(C(=O)[O-])c2)c1=O,"CHEMBL4863102",4907,Done,4.1,-5.80174,"glide_grid_1X70",-5.80824,-0.479911,-0.674841,-0,-1.11651,-23.7668,-18.4048,0.57459,-0.162513,-66.3366,-42.1715,1.75211
CC#CCn1c(N2CCC[C@@H](N)C2)cc(=O)n(Cc2ccc(F)c(C(=O)[O-])c2)c1=O,"CHEMBL4863102",4908,Done,4.02,-1.05686,"glide_grid_1X70",-3.73756,-0.602057,-0.456,-0,-0.824123,-28.3715,-6.59161,0.577122,-0.025187,-45.2856,-34.9631,2.32984
CC#CCn1c(N2CCC[C@@H]([NH3+])C2)cc(=O)n(Cc2cc(Br)cc(C(=O)OC)c2)c1=O,"CHEMBL4863369",4909,Done,5.08,-5.66151,"glide_grid_1X70",-5.66801,-0.717891,-0.494805,-0,-0.823162,-37.2586,-12.5128,0.35544,-0.247747,-73.5027,-49.7714,1.48072
CC#CCn1c(N2CCC[C@@H](N)C2)cc(=O)n(Cc2cc(Br)cc(C(=O)OC)c2)c1=O,"CHEMBL4863369",4910,Done,5.17,-0.125586,"glide_grid_1X70",-2.80629,-0.425422,-0.365325,-0,-0.083219,-29.7291,-5.78535,0.509688,-0.0877493,-42.0742,-35.5145,1.59984
COC(=O)c1ccc(Cn2c(=O)cc(N3CCC[C@@H]([NH3+])C3)n(Cc3ccccc3C#N)c2=O)cc1,"CHEMBL4864734",4911,Done,4.96,-6.85864,"glide_grid_1X70",-6.86514,-0.274155,-1.02995,-0,-1.13135,-31.3163,-20.6164,0.37743,-0.14885,-81.8914,-51.9326,2.35053
COC(=O)c1ccc(Cn2c(=O)cc(N3CCC[C@@H](N)C3)n(Cc3ccccc3C#N)c2=O)cc1,"CHEMBL4864734",4912,Done,4.74,-0.452007,"glide_grid_1X70",-3.13271,-0.498082,-0.32516,-0,-0.390535,-33.2294,-5.14407,0.541283,-0.0271321,-43.002,-38.3735,5.90953
CC#CCn1c(N2CCC[C@@H]([NH3+])C2)cc(=O)n(Cc2ccc(Cl)c(C(=O)[O-])c2)c1=O,"CHEMBL4865204",4913,Done,4.19,-6.14308,"glide_grid_1X70",-6.14958,-0.886053,-0.592112,-0,-1.0174,-26.9999,-16.8057,0.374864,-0.158022,-69.7938,-43.8056,1.6977
CC#CCn1c(N2CCC[C@@H](N)C2)cc(=O)n(Cc2ccc(Cl)c(C(=O)[O-])c2)c1=O,"CHEMBL4865204",4914,Done,3.83,-0.685338,"glide_grid_1X70",-3.36604,-0.223267,-0.798889,-0,-0.488043,-26.1556,-6.94095,0.537796,-0.0447116,-42.356,-33.0966,1.3703
CC#CCn1c(N2CCC[C@@H]([NH3+])C2)cc(=O)n(Cc2cccc(C(=O)NCC(=O)[O-])c2)c1=O,"CHEMBL4869930",4915,Done,7.05,-5.86721,"glide_grid_1X70",-5.87371,-0.194371,-1.26782,-0,-0.884583,-24.7679,-17.6461,0.546607,-0.188225,-72.4002,-42.414,1.47176
CC#CCn1c(N2CCC[C@@H](N)C2)cc(=O)n(Cc2cccc(C(=O)NCC(=O)[O-])c2)c1=O,"CHEMBL4869930",4916,Done,7.09,-0.875734,"glide_grid_1X70",-3.55643,-0.131012,-0.800815,-0,-0.432885,-27.485,-10.257,0.784034,-0.0629541,-48.3248,-37.742,1.91614
CC#CCn1c(N2CCC[C@@H]([NH3+])C2)cc(=O)n(Cc2cccc(C(=O)OC)c2F)c1=O,"CHEMBL4871141",4917,Done,4.84,-5.40436,"glide_grid_1X70",-5.41086,-0.804252,-0.455312,-0,-0.839822,-33.4825,-13.5249,0.646477,-0.25508,-69.0876,-47.0075,1.87508
CC#CCn1c(N2CCC[C@@H](N)C2)cc(=O)n(Cc2cccc(C(=O)OC)c2F)c1=O,"CHEMBL4871141",4918,Done,4.83,-0.830602,"glide_grid_1X70",-3.5113,-0.653572,-0.304,-0,-0.615735,-31.4646,-6.40277,0.649234,-0.0535852,-45.1706,-37.8673,4.26223
CC#CCn1c(N2CCC[C@@H]([NH3+])C2)cc(=O)n(Cc2cccc(C(=O)N3CCC[C@@H]3C(=O)[O-])c2)c1=O,"CHEMBL4871197",4919,Done,6.66,-5.72186,"glide_grid_1X70",-5.72836,-0.381058,-1.18222,-0,-0.589312,-26.8144,-16.338,0.409794,-0.194141,-67.5495,-43.1524,3.97065
CC#CCn1c(N2CCC[C@@H](N)C2)cc(=O)n(Cc2cccc(C(=O)N3CCC[C@@H]3C(=O)[O-])c2)c1=O,"CHEMBL4871197",4920,Done,7.61,-1.52713,"glide_grid_1X70",-4.20783,-0.74646,-0.72,-0,-0.270406,-33.5148,-9.0549,0.587616,-0.0246101,-55.3455,-42.5697,2.59064
CC#CCn1c(N2CCC[C@@H]([NH3+])C2)cc(=O)n(Cc2cc(C(=O)[O-])ccc2Br)c1=O,"CHEMBL4873862",4921,Done,3.9,-5.91092,"glide_grid_1X70",-5.91742,-1.11513,-0.45071,-0,-1.00036,-32.1423,-12.3216,0.313554,-0.209417,-67.1193,-44.4639,3.83068
CC#CCn1c(N2CCC[C@@H](N)C2)cc(=O)n(Cc2cc(C(=O)[O-])ccc2Br)c1=O,"CHEMBL4873862",4922,Done,3.98,-1.05413,"glide_grid_1X70",-3.73483,-0.713267,-0.4443,-0,-0.597519,-31.57,-5.5559,0.449674,-0.0175398,-44.7463,-37.1259,4.48371
CC#CCn1c(N2CCC[C@@H]([NH3+])C2)cc(=O)n(Cc2cccc(C(=O)NCC(=O)OC)c2)c1=O,"CHEMBL4874467",4923,Done,7.37,-6.29317,"glide_grid_1X70",-6.29967,-0.1475,-0.927937,-0,-0.946591,-31.2688,-20.8412,0.57946,-0.167489,-79.9607,-52.11,1.0003
CC#CCn1c(N2CCC[C@@H](N)C2)cc(=O)n(Cc2cccc(C(=O)NCC(=O)OC)c2)c1=O,"CHEMBL4874467",4924,Done,7.85,-0.284147,"glide_grid_1X70",-2.96485,-0.454208,-0.456,-0,-0.448709,-31.2634,-5.61095,0.831058,-0.0321746,-44.7307,-36.8744,1.56969
CC#CCn1c(N2CCC[C@@H]([NH3+])C2)cc(=O)n(Cc2cc(C(=O)OC)ccc2F)c1=O,"CHEMBL4876894",4925,Done,4.71,-5.32034,"glide_grid_1X70",-5.32684,-0.349291,-0.471214,-0,-1.22762,-27.4908,-14.7325,0.452534,-0.146827,-60.6625,-42.2233,2.68026
CC#CCn1c(N2CCC[C@@H](N)C2)cc(=O)n(Cc2cc(C(=O)OC)ccc2F)c1=O,"CHEMBL4876894",4926,Done,4.89,-1.43917,"glide_grid_1X70",-4.11987,-0.280024,-0.845692,-0,-0.859415,-29.0727,-7.99855,0.649234,-0.130558,-46.1717,-37.0712,2.11149
CC(C)CS(=O)(=O)Nc1ccc(OCC[NH2+]C[C@@H]2COc3ccccc3O2)cc1,"CHEMBL5176469",4927,Done,6.85,-5.52972,"glide_grid_1X70",-5.69572,-1.30309,-0.4,-0,-1.30557,-32.5497,-12.3408,0.89155,-0.1,-66.079,-44.8905,6.24532
CC(C)CS(=O)(=O)[N-]c1ccc(OCC[NH2+]C[C@@H]2COc3ccccc3O2)cc1,"CHEMBL5176469",4929,Done,6.2,-2.86844,"glide_grid_1X70",-5.36974,-1.36568,-0.4,-0,-1.34094,-33.8471,-9.10788,0.895418,-0.1,-62.2226,-42.955,9.66518
NS(=O)(=O)c1ccc(OCC[C@@H]([NH3+])[C@@H]2COc3ccccc3O2)cc1,"CHEMBL5177166",4930,Done,9.63,-7.2425,"glide_grid_1X70",-7.3659,-1.43219,-0.690549,-0,-0.994901,-36.7512,-18.4898,0.576206,-0.213441,-78.059,-55.2409,14.9247
N[C@H](CCOc1ccc(S(N)(=O)=O)cc1)[C@@H]1COc2ccccc2O1,"CHEMBL5177166",4931,Done,11.8,-5.0491,"glide_grid_1X70",-6.0392,-1.67152,-0.304,-0,-1.34134,-33.1392,-9.96152,0.579054,-0.150204,-56.3224,-43.1007,7.93657
COc1cc(S(N)(=O)=O)ccc1OCC[C@H]([NH3+])[C@@H]1COc2ccccc2O1,"CHEMBL5193531",4932,Done,8.85,-9.13938,"glide_grid_1X70",-9.25518,-1.54858,-0.965883,-0,-1.64234,-33.3951,-23.6762,0.350131,-0.227326,-88.4875,-57.0713,9.6361
COc1cc(S(N)(=O)=O)ccc1OCC[C@H](N)[C@@H]1COc2ccccc2O1,"CHEMBL5193531",4933,Done,8.98,-4.93152,"glide_grid_1X70",-5.95572,-1.44448,-1.05785,-0,-0.636987,-29.7762,-11.2879,0.502488,-0.136897,-51.0227,-41.0642,11.1389
CS(=O)(=O)Nc1ccc(OCC[NH2+]C[C@@H]2COc3ccccc3O2)cc1,"CHEMBL5194237",4934,Done,5.26,-7.10738,"glide_grid_1X70",-7.27798,-1.43718,-0.4,-0,-1.48778,-33.7654,-18.6213,0.808009,-0.279568,-79.6155,-52.3867,6.33234
CS(=O)(=O)[N-]c1ccc(OCC[NH2+]C[C@@H]2COc3ccccc3O2)cc1,"CHEMBL5194237",4936,Done,5.01,-4.76012,"glide_grid_1X70",-7.05582,-1.57675,-0.4,-0,-1.31126,-32.8605,-17.8711,0.811868,-0.255978,-78.1821,-50.7317,7.02086
COc1cc(S(N)(=O)=O)cc(OC)c1OCC[C@H]([NH3+])[C@@H]1COc2ccccc2O1,"CHEMBL5205289",4937,Done,10.03,-7.68294,"glide_grid_1X70",-7.79874,-1.31587,-0.684653,-0,-1.38608,-32.0863,-19.6858,0.306828,-0.161781,-78.7306,-51.7721,5.43453
COc1cc(S(N)(=O)=O)cc(OC)c1OCC[C@H](N)[C@@H]1COc2ccccc2O1,"CHEMBL5205289",4938,Done,10.73,-4.25755,"glide_grid_1X70",-5.28175,-1.37945,-0.304,-0,-0.918907,-34.1824,-8.70109,0.44021,-0.105315,-48.4057,-42.8835,16.1663
C/C=C/OC(=O)[C@@H]1CCCN1C(=O)[C@@H](N)CCCC[NH3+],"CHEMBL5218500",4939,Done,17.4,-3.31129,"glide_grid_1X70",-3.71369,-0.482705,-0.470847,-0,-1.9668,-19.8845,-14.6079,2.51038,-0.118311,-43.8871,-34.4924,6.20799
C/C=C/OC(=O)[C@@H]1CCCN1C(=O)[C@@H]([NH3+])CCCC[NH3+],"CHEMBL5218500",4940,Done,16.58,-5.42832,"glide_grid_1X70",-5.85042,-0.26472,-0.489673,-0,-2.42749,-19.3603,-26.6234,2.49497,-0.201971,-67.3057,-45.9837,11.1694
C=COC(=O)[C@@H]1CCCN1C(=O)CN,"CHEMBL5219299",4941,Done,2.39,-2.67529,"glide_grid_1X70",-3.07469,-0.484531,-0.439004,-0,-2.19748,-18.2638,-3.85522,1.65785,-0.120048,-23.0168,-22.119,6.36299
C=COC(=O)[C@@H]1CCCN1C(=O)C[NH3+],"CHEMBL5219299",4942,Done,3.03,-5.23016,"glide_grid_1X70",-5.65236,-0.535898,-0.574524,-0,-2.74613,-14.5092,-13.5378,1.15073,-0.19042,-43.2609,-28.047,8.17776
NCC(=O)N1CCC[C@H]1C(=O)O/C=C/c1ccccc1,"CHEMBL5219451",4943,Done,3.3,-4.97714,"glide_grid_1X70",-5.37604,-1.07588,-0.600221,-0,-1.62767,-24.2511,-11.5402,0.954419,-0.0830936,-46.6679,-35.7913,3.29113
[NH3+]CC(=O)N1CCC[C@H]1C(=O)O/C=C/c1ccccc1,"CHEMBL5219451",4944,Done,4.11,-6.81772,"glide_grid_1X70",-7.24042,-0.99888,-0.734316,-0,-2.13073,-21.6268,-18.5073,0.66386,-0.182923,-66.7953,-40.134,3.88758
CCOC(=O)/C=C/OC(=O)[C@@H]1CCCN1C(=O)CN,"CHEMBL5219735",4945,Done,9,-2.15944,"glide_grid_1X70",-2.54784,-0.476281,-0.525899,-0,-1.78844,-20.6943,-10.4951,2.93764,-0.0858761,-36.1339,-31.1894,3.18395
CCOC(=O)/C=C/OC(=O)[C@@H]1CCCN1C(=O)C[NH3+],"CHEMBL5219735",4946,Done,9.73,-4.4336,"glide_grid_1X70",-4.8674,-0.615464,-0.576958,-0,-2.21304,-20.4447,-15.2398,2.04315,-0.196886,-49.9502,-35.6845,7.74021
CC(C)=CCC/C(C)=C/OC(=O)[C@@H]1CCCN1C(=O)[C@@H](N)CCCC[NH3+],"CHEMBL5220348",4950,Done,28.39,-5.50448,"glide_grid_1X70",-5.90918,-0.744231,-0.816902,-0,-1.438,-20.9979,-18.9922,1.1033,-0.114611,-58.4049,-39.9901,7.97978
CC(C)=CCC/C(C)=C/OC(=O)[C@@H]1CCCN1C(=O)[C@@H]([NH3+])CCCC[NH3+],"CHEMBL5220348",4951,Done,25.61,-7.26179,"glide_grid_1X70",-7.68149,-1.01603,-0.681604,-0,-1.65,-24.1473,-27.3115,1.0979,-0.224391,-82.7321,-51.4588,11.0971
C=COC(=O)[C@@H]1CCCN1C(=O)[C@@H](N)CCCC[NH3+],"CHEMBL5220657",4955,Done,17.13,-4.16269,"glide_grid_1X70",-4.56229,-0.120842,-0.664663,-0,-2.42739,-21.5683,-19.2978,2.74063,-0.116952,-51.9467,-40.866,13.8103
C=COC(=O)[C@@H]1CCCN1C(=O)[C@@H]([NH3+])CCCC[NH3+],"CHEMBL5220657",4956,Done,18.43,-5.77653,"glide_grid_1X70",-6.20153,-0.830479,-0.67583,-0,-2.95309,-20.3207,-21.6676,2.72304,-0.198998,-67.6917,-41.9883,6.95714
N[C@@H](CCCC[NH3+])C(=O)N1CCC[C@H]1C(=O)O/C=C/c1ccccc1,"CHEMBL5220750",4957,Done,12.45,-7.44286,"glide_grid_1X70",-7.84186,-1.45666,-1.08004,-0,-1.93904,-27.6418,-18.4736,0.887063,-0.100046,-69.6251,-46.1155,14.3175
[NH3+]CCCC[C@H]([NH3+])C(=O)N1CCC[C@H]1C(=O)O/C=C/c1ccccc1,"CHEMBL5220750",4958,Done,13.72,-7.05964,"glide_grid_1X70",-7.48524,-1.52111,-0.533063,-0,-1.64043,-31.1937,-22.2977,1.26071,-0.146999,-80.8901,-53.4914,9.45732
Cc1ccccc1-c1nc2ccccn2c1C[NH3+],"CHEMBL5265966",4959,Done,1.53,-7.92248,"glide_grid_1X70",-8.10268,-1.34167,-0.46655,-0,-2.7021,-26.6207,-15.4296,0.212723,-0.159619,-72.5341,-42.0503,1.72716
Cc1ccccc1-c1nc2ccccn2c1CN,"CHEMBL5265966",4960,Done,1.47,-4.57644,"glide_grid_1X70",-5.41544,-1.34254,-0.304,-0,-2.16556,-27.2658,-3.33735,0.306093,-0.0455433,-38.3988,-30.6031,6.28845
Cc1ccccc1-c1[nH+]c2ccccn2c1CN,"CHEMBL5265966",4961,Done,1.57,-4.65597,"glide_grid_1X70",-6.98587,-1.62267,-0.21179,-0,-2.24666,-20.9703,-13.8452,0.30389,-0.0833451,-50.7215,-34.8155,7.80038
C[C@@H]1c2nnc(C(F)(F)F)n2CCN1C(=O)C[C@H]([NH3+])Cc1cc(F)c(F)cc1F,"CHEMBL5266197",4962,Done,4.65,-9.74924,"glide_grid_1X70",-9.76104,-1.09514,-0.876435,-0,-2.26099,-36.1672,-24.942,0.310952,-0.289762,-105.779,-61.1092,8.16409
C[C@@H]1c2nnc(C(F)(F)F)n2CCN1C(=O)C[C@H](N)Cc1cc(F)c(F)cc1F,"CHEMBL5266197",4963,Done,5.48,-3.74096,"glide_grid_1X70",-6.06566,-0.968163,-0.576,-0,-1.72295,-29.833,-11.0167,0.446141,-0.10053,-51.2831,-40.8497,11.6858
N#C[C@@H]1C[C@H](c2ccc3c(c2Br)OCO3)CN1C(=O)[C@@H](N)CF,"CHEMBL5266321",4964,Done,2.29,-3.71034,"glide_grid_1X70",-3.76724,-0.280781,-0.255541,-0,-1.20555,-25.7277,-7.07739,0.395098,-0.0724713,-38.1453,-32.8051,7.77679
N#C[C@@H]1C[C@H](c2ccc3c(c2Br)OCO3)CN1C(=O)[C@@H]([NH3+])CF,"CHEMBL5266321",4965,Done,2,-4.85038,"glide_grid_1X70",-6.26698,-0.148532,-0.58766,-0,-1.61798,-19.1397,-20.0395,0.275272,-0.22516,-61.6808,-39.1793,1.68653
Cn1cc(-c2ccc(C[C@H]([NH3+])CC(=O)N3CCC[C@H]3C#N)cc2)nn1,"CHEMBL5266542",4966,Done,4.13,-6.50312,"glide_grid_1X70",-6.51632,-0.849947,-0.433259,-0,-2.00506,-31.6144,-13.8248,0.689938,-0.263555,-69.025,-45.4392,4.82978
Cn1cc(-c2ccc(C[C@H](N)CC(=O)N3CCC[C@H]3C#N)cc2)nn1,"CHEMBL5266542",4967,Done,3.21,-1.41096,"glide_grid_1X70",-3.67136,-0.816598,-0.337928,-0,-1.35683,-36.7397,-1.09387,0.990834,-0.149773,-44.1686,-37.8336,3.63054
CO[C@@H]1CCCN1C(=O)CC(C)(C)[C@H](N)C(=O)N1CCC[C@H]1C#N,"CHEMBL5266987",4968,Done,6.57,-4.29077,"glide_grid_1X70",-4.61567,-0.276188,-0.690509,-0,-1.1642,-21.1365,-14.7358,1.00117,-0.218745,-45.8033,-35.8723,2.51336
CO[C@@H]1CCCN1C(=O)CC(C)(C)[C@H]([NH3+])C(=O)N1CCC[C@H]1C#N,"CHEMBL5266987",4969,Done,6.39,-4.2591,"glide_grid_1X70",-4.7702,-0.394324,-0.4,-0,-1.44298,-28.4798,-12.359,0.995884,-0.250941,-55.8221,-40.8388,6.23923
[NH3+][C@@H](CCn1cc(C2CCCCC2)nn1)Cc1cc(F)c(F)cc1F,"CHEMBL5267229",4970,Done,9.6,-7.24074,"glide_grid_1X70",-7.25444,-0.963584,-0.524735,-0,-2.61736,-30.6729,-13.1228,0.535149,-0.181858,-69.7095,-43.7957,7.31803
N[C@@H](CCn1cc(C2CCCCC2)nn1)Cc1cc(F)c(F)cc1F,"CHEMBL5267229",4971,Done,9.84,-2.43524,"glide_grid_1X70",-4.67494,-1.07751,-0.270728,-0,-1.83829,-28.7838,-5.32985,0.768393,-0.0181323,-41.5565,-34.1137,4.98311
N#C[C@@H]1C[C@H](F)CN1C(=O)[C@@H](N)Cc1ccccc1F,"CHEMBL5267474",4972,Done,2.34,-5.40383,"glide_grid_1X70",-5.61453,-1.0554,-0.509611,-0,-1.89236,-29.3351,-8.50083,0.693863,-0.109143,-49.4844,-37.8359,5.67491
N#C[C@@H]1C[C@H](F)CN1C(=O)[C@@H]([NH3+])Cc1ccccc1F,"CHEMBL5267474",4973,Done,2.67,-6.59832,"glide_grid_1X70",-7.31302,-0.731312,-0.423688,-0,-2.39207,-25.9543,-17.5266,0.482675,-0.321919,-71.1562,-43.4809,3.87209
COc1ccc(-c2cnnn2CC[C@H]([NH3+])Cc2cc(F)c(F)cc2F)cc1,"CHEMBL5267534",4974,Done,7.8,-7.88266,"glide_grid_1X70",-7.89636,-1.23243,-0.550937,-0,-2.31289,-36.0332,-15.3036,0.475975,-0.178868,-84.8367,-51.3369,6.13101
COc1ccc(-c2cnnn2CC[C@H](N)Cc2cc(F)c(F)cc2F)cc1,"CHEMBL5267534",4975,Done,7.82,-1.17095,"glide_grid_1X70",-3.41065,-0.527378,-0.275711,-0,-0.958252,-27.361,-5.63477,0.683227,-0.119269,-40.9554,-32.9957,1.86783
Cn1ccnc1S(=O)(=O)n1ncc2c1CN([C@H]1CO[C@H](c3cc(F)ccc3F)[C@@H]([NH3+])C1)C2,"CHEMBL5267753",4976,Done,2.59,-7.90702,"glide_grid_1X70",-7.97322,-0.974762,-0.753334,-0,-1.38543,-34.8769,-20.8571,0.260601,-0.247883,-90.6206,-55.7339,1.16854
Cn1ccnc1S(=O)(=O)n1ncc2c1C[N@H+]([C@H]1CO[C@H](c3cc(F)ccc3F)[C@@H]([NH3+])C1)C2,"CHEMBL5267753",4977,Done,3.09,-7.36125,"glide_grid_1X70",-8.75855,-0.945333,-0.533971,-0,-1.58598,-33.7736,-28.3459,0.259575,-0.264153,-106.446,-62.1196,1.91795
Cn1ccnc1S(=O)(=O)n1ncc2c1C[N@H+]([C@H]1CO[C@H](c3cc(F)ccc3F)[C@@H](N)C1)C2,"CHEMBL5267753",4978,Done,2.94,-3.75389,"glide_grid_1X70",-6.41749,-1.06354,-0.461724,-0,-0.844848,-33.2667,-17.1948,0.372287,-0.177111,-71.1325,-50.4615,2.06163
N#C[C@@H]1CCCN1C(=O)C[C@@H]([NH3+])Cc1ccc(-c2cn(C3CCCCC3)nn2)cc1,"CHEMBL5268023",4979,Done,4.16,-5.83049,"glide_grid_1X70",-5.84369,-0.835759,-0.442884,-0,-1.32163,-37.3308,-11.327,0.580413,-0.258246,-69.3582,-48.6577,7.81536
N#C[C@@H]1CCCN1C(=O)C[C@@H](N)Cc1ccc(-c2cn(C3CCCCC3)nn2)cc1,"CHEMBL5268023",4980,Done,4.09,-1.15808,"glide_grid_1X70",-3.41848,-0.690485,-0.418378,-0,-0.877827,-33.9461,-3.53968,0.832872,-0.0364044,-40.2034,-37.4857,11.2785
[NH3+][C@H]1C[C@@H](N2Cc3cnn(S(=O)(=O)C(F)(F)F)c3C2)CO[C@@H]1c1cc(F)ccc1F,"CHEMBL5268418",4981,Done,2.62,-8.11505,"glide_grid_1X70",-8.13175,-1.01847,-0.621161,-0,-1.42084,-33.1937,-22.4605,0.205046,-0.247558,-89.905,-55.6542,2.4025
[NH3+][C@H]1C[C@@H]([N@H+]2Cc3cnn(S(=O)(=O)C(F)(F)F)c3C2)CO[C@@H]1c1cc(F)ccc1F,"CHEMBL5268418",4982,Done,3.26,-6.96759,"glide_grid_1X70",-9.15549,-0.88872,-0.587534,-0,-2.01045,-41.0609,-22.924,0.204219,-0.381359,-113.307,-63.9849,1.02676
Cn1c(=O)n(CC(=O)N2CCN(c3ccccn3)CC2)c(=O)c2sc(N)nc21,"CHEMBL5268865",4983,Done,3.21,-3.53456,"glide_grid_1X70",-3.56546,-0.224875,-0.456,-0,-0.692238,-26.1637,-8.34896,0.486832,-0.118645,-42.0999,-34.5127,0.603871
Cn1c(=O)n(CC(=O)N2CCN(c3cccc[nH+]3)CC2)c(=O)c2sc(N)nc21,"CHEMBL5268865",4984,Done,3.24,-1.72401,"glide_grid_1X70",-3.48921,-0.0608913,-0.304,-0,-0.661179,-28.0842,-8.65564,0.484638,-0.245228,-47.2083,-36.7398,1.58651
CC#CCn1c(N2CCC[C@@H]([NH3+])C2)cc(=O)n(Cc2cccc(C(=O)NCC)c2)c1=O,"CHEMBL5268983",4985,Done,6,-6.18365,"glide_grid_1X70",-6.19015,-0.39494,-0.832663,-0,-1.11753,-29.7565,-17.9947,0.53915,-0.197135,-72.9762,-47.7512,1.45201
CC#CCn1c(N2CCC[C@@H](N)C2)cc(=O)n(Cc2cccc(C(=O)NCC)c2)c1=O,"CHEMBL5268983",4986,Done,5.77,-1.11843,"glide_grid_1X70",-3.79913,-0.497283,-0.675523,-0,-0.561908,-30.1146,-8.44178,0.773533,-0.0659566,-47.0084,-38.5563,2.38636
N#C[C@@H]1[C@@H]2CCC[C@@H]2CN1C(=O)[C@@H](N)Cc1cc(F)c(F)cc1F,"CHEMBL5269848",4987,Done,3.06,-3.69392,"glide_grid_1X70",-3.96482,-1.07946,-0.304,-0,-1.59644,-17.3299,-3.57728,0.498197,-0.080032,-27.2474,-20.9071,7.08383
N#C[C@@H]1[C@@H]2CCC[C@@H]2CN1C(=O)[C@@H]([NH3+])Cc1cc(F)c(F)cc1F,"CHEMBL5269848",4988,Done,3.21,-6.5004,"glide_grid_1X70",-7.0944,-1.34436,-0.379209,-0,-2.26763,-20.8619,-13.7868,0.3469,-0.338981,-51.8963,-34.6487,9.83476
Cn1c(=O)n(CC(=O)N2CCN(c3ccc(Cl)cc3)CC2)c(=O)c2sc(N)nc21,"CHEMBL5270627",4990,Done,3.24,-3.73163,"glide_grid_1X70",-3.73163,-0.728,-0.304,-0,-0.443193,-27.5861,-7.45089,0.421272,-0.180766,-41.8437,-35.037,2.22156
N#C[C@@H]1C[C@H](F)CN1C(=O)[C@@H](N)Cc1ccc(Br)cc1,"CHEMBL5272450",4991,Done,2.28,-4.12255,"glide_grid_1X70",-4.33325,-0.378249,-0.42544,-0,-1.08931,-23.0865,-10.7869,0.490822,-0.158715,-42.7187,-33.8733,2.96869
N#C[C@@H]1C[C@H](F)CN1C(=O)[C@@H]([NH3+])Cc1ccc(Br)cc1,"CHEMBL5272450",4992,Done,2.29,-5.82181,"glide_grid_1X70",-6.53651,-0.668115,-0.338008,-0,-2.14518,-25.8345,-14.6963,0.341778,-0.230815,-63.7636,-40.5308,3.22161
CCS(=O)(=O)n1ncc2c1CN([C@H]1CO[C@H](c3cc(F)ccc3F)[C@@H]([NH3+])C1)C2,"CHEMBL5273218",4993,Done,2.53,-7.7233,"glide_grid_1X70",-7.796,-1.04081,-0.484846,-0,-2.19248,-31.1423,-17.5198,0.242348,-0.135124,-78.5414,-48.6621,6.34988
CCS(=O)(=O)n1ncc2c1C[N@H+]([C@H]1CO[C@H](c3cc(F)ccc3F)[C@@H]([NH3+])C1)C2,"CHEMBL5273218",4994,Done,3.21,-7.76347,"glide_grid_1X70",-9.10887,-0.976009,-0.522411,-0,-1.98712,-32.3432,-28.099,0.241285,-0.247453,-104.314,-60.4422,2.13351
CCS(=O)(=O)n1ncc2c1C[N@H+]([C@H]1CO[C@H](c3cc(F)ccc3F)[C@@H](N)C1)C2,"CHEMBL5273218",4995,Done,2.96,-4.2301,"glide_grid_1X70",-6.8417,-0.975365,-0.429186,-0,-1.34076,-26.0601,-19.7703,0.346211,-0.174057,-66.9371,-45.8304,1.79881
N/C(=N\O)c1cnn2c([O-])c([N+](=O)[O-])nnc12,"CHEMBL5273757",4996,Done,1.45,-4.61246,"glide_grid_1X70",-4.61276,0,-0.470259,-0,-1.82092,-18.1544,-10.5497,0.608507,-0.439911,-39.7515,-28.7041,0.265437
CO[C@H]1C[C@H]2C[C@@H]([NH2+]CC(=O)N3CCC[C@H]3C#N)C[C@H]2C1,"CHEMBL5273881",4997,Done,8.7,-6.84673,"glide_grid_1X70",-7.01143,-1.21196,-0.443538,-0,-2.00691,-23.2333,-17.038,0.597897,-0.229564,-60.5605,-40.2713,12.9298
[NH3+][C@@H](CC(=O)N1CCC[C@H]1CNC(=O)c1cccnc1)[C@H]1CCc2cc(F)c(F)cc21,"CHEMBL5274129",5000,Done,8.94,-9.4364,"glide_grid_1X70",-9.4442,-1.73774,-0.854082,-0,-2.03554,-39.339,-20.8847,0.452499,-0.169676,-99.6127,-60.2238,10.33
N[C@@H](CC(=O)N1CCC[C@H]1CNC(=O)c1cccnc1)[C@H]1CCc2cc(F)c(F)cc21,"CHEMBL5274129",5001,Done,6.6,-5.37448,"glide_grid_1X70",-7.94678,-1.57199,-1.0998,-0,-1.82005,-36.1069,-14.8676,0.649184,-0.0686344,-70.8233,-50.9745,9.92566
N#C[C@@H]1C[C@H](F)CN1C(=O)[C@@H](N)Cc1ccc(Cl)cc1,"CHEMBL5274564",5002,Done,2.32,-4.19861,"glide_grid_1X70",-4.40931,-0.292708,-0.440973,-0,-1.39239,-23.8726,-10.3795,0.628013,-0.160697,-43.1563,-34.2521,2.96529
N#C[C@@H]1C[C@H](F)CN1C(=O)[C@@H]([NH3+])Cc1ccc(Cl)cc1,"CHEMBL5274564",5003,Done,2.6,-6.2879,"glide_grid_1X70",-7.0026,-0.823278,-0.327852,-0,-2.3585,-27.0839,-15.6126,0.437003,-0.233889,-69.5079,-42.6965,4.58753
N#C[C@@H]1CCCN1C(=O)C[NH2+][C@@H]1C[C@H]2C[C@@H](O)C[C@H]2C1,"CHEMBL5274894",5005,Done,12.12,-6.64957,"glide_grid_1X70",-6.80947,-0.775558,-0.606534,-0,-2.2303,-25.1872,-15.7676,0.651306,-0.223874,-62.7073,-40.9549,10.0267
Cn1c(=O)n(CC(=O)N2CCC([NH3+])CC2)c(=O)c2sc(N)nc21,"CHEMBL5274971",5007,Done,1.86,-6.35933,"glide_grid_1X70",-6.42283,-0.300208,-0.974788,-0,-1.68252,-20.0937,-17.7745,0.345006,-0.139465,-61.4976,-37.8682,0.265227
Cn1c(=O)n(CC(=O)N2CCC(N)CC2)c(=O)c2sc(N)nc21,"CHEMBL5274971",5008,Done,1.97,-2.65247,"glide_grid_1X70",-4.00757,-0.281047,-0.480414,-0,-1.31216,-28.4224,-6.08637,0.49547,-0.0953444,-42.725,-34.5088,0.804226
CCCS(=O)(=O)n1ncc2c1CN([C@H]1CO[C@H](c3cc(F)ccc3F)[C@@H]([NH3+])C1)C2,"CHEMBL5275162",5009,Done,3.61,-7.95321,"glide_grid_1X70",-8.01291,-0.997178,-0.590299,-0,-1.60842,-33.0784,-21.7016,0.304218,-0.21206,-88.4009,-54.78,1.69905
CCCS(=O)(=O)n1ncc2c1C[N@H+]([C@H]1CO[C@H](c3cc(F)ccc3F)[C@@H]([NH3+])C1)C2,"CHEMBL5275162",5010,Done,3.63,-7.27337,"glide_grid_1X70",-8.72897,-0.892252,-0.551185,-0,-1.81841,-30.0711,-28.3332,0.302923,-0.266491,-99.4766,-58.4043,2.2747
CCCS(=O)(=O)n1ncc2c1C[N@H+]([C@H]1CO[C@H](c3cc(F)ccc3F)[C@@H](N)C1)C2,"CHEMBL5275162",5011,Done,3.38,-3.9605,"glide_grid_1X70",-6.6823,-1.0261,-0.414608,-0,-1.27239,-27.4694,-19.09,0.434597,-0.166821,-67.1148,-46.5594,1.34321
CC#CCn1c(N2CCC[C@@H]([NH3+])C2)cc(=O)n(Cc2ccc(Br)cc2C(=O)OC)c1=O,"CHEMBL5275484",5013,Done,4.89,-4.75247,"glide_grid_1X70",-4.75897,-0.302143,-0.4,-0,-0.623972,-28.9504,-14.6542,0.35544,-0.142643,-61.7753,-43.6046,1.97661
CC#CCn1c(N2CCC[C@@H](N)C2)cc(=O)n(Cc2ccc(Br)cc2C(=O)OC)c1=O,"CHEMBL5275484",5014,Done,4.85,-1.31791,"glide_grid_1X70",-3.99861,-1.37676,-0.304,-0,-0.224793,-34.2662,-5.14769,0.509688,-0.117283,-46.9972,-39.4139,4.91018
N#C[C@@H]1C[C@H](c2cscn2)CN1C(=O)[C@@H](N)CF,"CHEMBL5275487",5015,Done,1.91,-4.93689,"glide_grid_1X70",-4.99319,-1.2095,-0.304,-0,-1.90352,-27.999,-5.33204,0.74376,-0.120173,-44.5472,-33.331,2.63017
N#C[C@@H]1C[C@H](c2cscn2)CN1C(=O)[C@@H]([NH3+])CF,"CHEMBL5275487",5016,Done,1.93,-5.72214,"glide_grid_1X70",-7.14464,-0.84647,-0.353055,-0,-2.46118,-23.1503,-17.614,0.517268,-0.201586,-69.3476,-40.7643,2.46228
N#C[C@@H]1CCCN1C(=O)[C@@H](N)Cc1ccc(-c2cn(Cc3ccc(F)cc3)nn2)cc1,"CHEMBL5276287",5017,Done,3.42,-3.51441,"glide_grid_1X70",-3.77041,-0.283022,-0.570748,-0,-0.607573,-24.2841,-11.81,0.790464,-0.113823,-44.4678,-36.0941,1.41202
N#C[C@@H]1CCCN1C(=O)[C@@H]([NH3+])Cc1ccc(-c2cn(Cc3ccc(F)cc3)nn2)cc1,"CHEMBL5276287",5018,Done,4.15,-4.95376,"glide_grid_1X70",-5.57426,-0.697728,-0.366938,-0,-1.20264,-32.368,-13.5026,0.550924,-0.214083,-62.2929,-45.8706,9.04207
CC(C)S(=O)(=O)n1ncc2c1CN([C@H]1CO[C@H](c3cc(F)ccc3F)[C@@H]([NH3+])C1)C2,"CHEMBL5277064",5020,Done,2.92,-8.03555,"glide_grid_1X70",-8.09525,-0.96814,-0.748899,-0,-1.66755,-32.8195,-20.4306,0.228163,-0.233259,-87.4378,-53.25,0.717057
CC(C)S(=O)(=O)n1ncc2c1C[N@H+]([C@H]1CO[C@H](c3cc(F)ccc3F)[C@@H]([NH3+])C1)C2,"CHEMBL5277064",5021,Done,2.68,-7.53638,"glide_grid_1X70",-8.99198,-1.06949,-0.547128,-0,-1.80233,-31.6723,-26.4918,0.227193,-0.242857,-102.878,-58.164,0.803388
CC(C)S(=O)(=O)n1ncc2c1C[N@H+]([C@H]1CO[C@H](c3cc(F)ccc3F)[C@@H](N)C1)C2,"CHEMBL5277064",5022,Done,2.94,-3.77721,"glide_grid_1X70",-6.49901,-1.0051,-0.454727,-0,-1.08417,-32.0628,-16.7715,0.325948,-0.162094,-69.0863,-48.8343,1.38947
C#CCn1c(N2CCC[C@H]([NH3+])C2)nc2c1c(=O)n(Cc1nc(C)c3ccccc3n1)c(=O)n2C,"CHEMBL5277490",5024,Done,3.03,-6.77078,"glide_grid_1X70",-6.77078,0,-0.947142,-0,-1.36897,-33.8722,-19.4307,0.333509,-0.179965,-83.0399,-53.3028,1.53998
Cn1ccnc1-c1cn(CC[C@H]([NH3+])Cc2cc(F)c(F)cc2F)nn1,"CHEMBL5277626",5025,Done,4.15,-8.71951,"glide_grid_1X70",-8.73321,-1.13384,-0.556277,-0,-2.89406,-37.231,-18.0962,0.540732,-0.113793,-92.5443,-55.3272,8.989
Cn1ccnc1-c1cn(CC[C@H](N)Cc2cc(F)c(F)cc2F)nn1,"CHEMBL5277626",5026,Done,4.47,-2.6204,"glide_grid_1X70",-4.8601,-0.986323,-0.304,-0,-1.52634,-31.5473,-7.8358,0.77643,-0.0671326,-44.9716,-39.3831,14.4978
CC#CCn1c(N2CCC[C@@H]([NH3+])C2)nc2c(C)c(=O)n(Cc3nc(C)c4c(F)cccc4n3)c(=O)n21,"CHEMBL5278252",5027,Done,3.14,-5.25931,"glide_grid_1X70",-5.26181,-0.569317,-0.546235,-0,-0.39335,-29.0765,-16.8435,0.421301,-0.19385,-64.0226,-45.92,6.04749
N#C[C@@H]1C[C@H]2[C@H](CC2(F)F)N1C(=O)[C@@H]([NH3+])[C@@]12C[C@@H]3C[C@@H](C[C@@](O)(C3)C1)C2,"CHEMBL5279548",5029,Done,2.15,-5.90728,"glide_grid_1X70",-6.30008,-0.572201,-0.383497,-0,-1.66374,-18.8456,-18.3602,0.301035,-0.285361,-60.4656,-37.2059,1.19445
N#C[C@@H]1C[C@H]2[C@H](CC2(F)F)N1C(=O)[C@@H](N)[C@@]12C[C@@H]3C[C@@H](C[C@@](O)(C3)C1)C2,"CHEMBL5279548",5030,Done,2.3,-4.17352,"glide_grid_1X70",-4.60262,-0.401463,-0.722521,-0,-1.21045,-8.2424,-13.7143,0.432171,-0.231091,-32.9775,-21.9567,0.640578
N#C[C@@H]1C[C@H](F)CN1C(=O)[C@@H](N)Cc1cccc(F)c1,"CHEMBL5279581",5031,Done,2.42,-6.28843,"glide_grid_1X70",-6.49913,-1.0276,-0.570724,-0,-2.41571,-29.7167,-10.4028,0.693863,-0.132696,-52.9766,-40.1195,6.10554
N#C[C@@H]1C[C@H](F)CN1C(=O)[C@@H]([NH3+])Cc1cccc(F)c1,"CHEMBL5279581",5032,Done,2.87,-6.9814,"glide_grid_1X70",-7.6961,-0.892083,-0.363415,-0,-3.04773,-28.5138,-14.4233,0.482675,-0.28637,-70.6341,-42.937,6.12023
CC#CCn1c(N2CCC[C@@H]([NH3+])C2)cc(=O)n(Cc2ccc(Cl)c(C(=O)N(C)C)c2)c1=O,"CHEMBL5279728",5033,Done,5.33,-5.63463,"glide_grid_1X70",-5.64113,-0.869326,-0.4,-0,-0.88824,-38.2125,-11.3277,0.401105,-0.274892,-71.1605,-49.5401,2.60132
CC#CCn1c(N2CCC[C@@H](N)C2)cc(=O)n(Cc2ccc(Cl)c(C(=O)N(C)C)c2)c1=O,"CHEMBL5279728",5034,Done,4.97,-0.449563,"glide_grid_1X70",-3.13026,-0.451319,-0.433572,-0,-0.285655,-30.0529,-6.28794,0.575306,-0.0891849,-42.0218,-36.3409,3.71196
CS(=O)(=O)n1ncc2c1C[N@H+]([C@H]1CO[C@H](c3cc(F)ccc3F)[C@@H]([NH3+])C1)C2,"CHEMBL5279910",5035,Done,2.49,-9.3055,"glide_grid_1X70",-9.4219,-1.00145,-0.527187,-0,-2.09451,-34.2087,-27.99,0.171158,-0.259478,-108.176,-62.1986,1.89862
CS(=O)(=O)n1ncc2c1C[N@H+]([C@H]1CO[C@H](c3cc(F)ccc3F)[C@@H](N)C1)C2,"CHEMBL5279910",5036,Done,2.31,-2.6833,"glide_grid_1X70",-4.066,-0.410359,-0.244297,-0,-1.09626,-20.9309,-9.84525,0.245623,-0.0373718,-36.6598,-30.7761,14.4743
CS(=O)(=O)n1ncc2c1CN([C@H]1CO[C@H](c3cc(F)ccc3F)[C@@H]([NH3+])C1)C2,"CHEMBL5279910",5037,Done,2.29,-7.02979,"glide_grid_1X70",-8.51579,-1.10018,-0.61953,-0,-1.81421,-35.4471,-21.0403,0.171936,-0.225405,-93.173,-56.4874,0.959749
N#C[C@@H]1C[C@H](F)CN1C(=O)[C@@H](N)Cc1cc(Cl)c(Cl)cc1Cl,"CHEMBL5280469",5038,Done,2.07,-4.20623,"glide_grid_1X70",-4.41693,-0.638192,-0.304,-0,-1.53292,-29.9017,-5.33245,0.43384,-0.0807037,-42.3161,-35.2342,6.18522
N#C[C@@H]1C[C@H](F)CN1C(=O)[C@@H]([NH3+])Cc1cc(Cl)c(Cl)cc1Cl,"CHEMBL5280469",5039,Done,2.46,-6.61091,"glide_grid_1X70",-7.32561,-1.07457,-0.378609,-0,-2.00042,-27.1756,-17.1447,0.302195,-0.243724,-69.0007,-44.3203,3.74395
Cc1ccc(-c2cn(CC[C@H]([NH3+])Cc3cc(F)c(F)cc3F)nn2)cc1,"CHEMBL5282009",5041,Done,3.41,-7.66943,"glide_grid_1X70",-7.68313,-1.31877,-0.42971,-0,-2.55459,-30.9633,-14.7154,0.514283,-0.138887,-77.1545,-45.6786,7.15691
Cc1ccc(-c2cn(CC[C@H](N)Cc3cc(F)c(F)cc3F)nn2)cc1,"CHEMBL5282009",5042,Done,3.65,-2.94493,"glide_grid_1X70",-5.18463,-1.18571,-0.304,-0,-2.09473,-30.5874,-5.33638,0.738358,-0.00871082,-46.7228,-35.9238,4.4549
N#C[C@@H]1CCCN1C(=O)C[C@@H]([NH3+])Cc1ccc(-c2cn(C3CC3)nn2)cc1,"CHEMBL5282739",5043,Done,4.44,-5.34731,"glide_grid_1X70",-5.36051,-0.808682,-0.4,-0,-1.54649,-29.559,-12.5349,1.00823,-0.255373,-62.2374,-42.0939,3.82443
N#C[C@@H]1CCCN1C(=O)C[C@@H](N)Cc1ccc(-c2cn(C3CC3)nn2)cc1,"CHEMBL5282739",5044,Done,4.09,-1.63319,"glide_grid_1X70",-3.89359,-0.721739,-0.309367,-0,-1.3678,-31.3913,-5.19703,1.01321,-0.158777,-45.3346,-36.5883,2.19862
[NH3+][C@@H](CCNC(=O)N1CCn2c(nnc2C(F)(F)F)C1)Cc1cc(F)c(F)cc1F,"CHEMBL5282933",5045,Done,6.96,-9.75948,"glide_grid_1X70",-9.76328,-1.15034,-0.838343,-0,-2.88413,-34.6718,-22.9702,0.43783,-0.149165,-97.6297,-57.6421,14.0232
[NH3+][C@H]1C[C@@H](N2Cc3cnn(S(=O)(=O)c4ccccc4)c3C2)CO[C@@H]1c1cc(F)ccc1F,"CHEMBL5283277",5046,Done,2.8,-8.29579,"glide_grid_1X70",-8.36769,-1.15299,-0.577006,-0,-1.43586,-36.7393,-22.6137,0.264724,-0.23754,-96.2551,-59.353,1.79028
[NH3+][C@H]1C[C@@H]([N@H+]2Cc3cnn(S(=O)(=O)c4ccccc4)c3C2)CO[C@@H]1c1cc(F)ccc1F,"CHEMBL5283277",5047,Done,3.09,-7.18499,"glide_grid_1X70",-8.53629,-0.866381,-0.484377,-0,-1.69886,-33.4162,-25.649,0.263673,-0.232186,-98.9372,-59.0652,5.5621
N[C@H]1C[C@@H]([N@H+]2Cc3cnn(S(=O)(=O)c4ccccc4)c3C2)CO[C@@H]1c1cc(F)ccc1F,"CHEMBL5283277",5048,Done,2.75,-2.56965,"glide_grid_1X70",-5.18715,-0.710343,-0.511798,-0,-0.636405,-35.1221,-12.5253,0.378177,-0.0718756,-57.7945,-47.6474,10.9549
O=C(CNC(=O)[C@@H]1CCCN(S(=O)(=O)c2ccccc2)C1)Nc1ccc(F)cc1,"CHEMBL5283569",5049,Done,5.56,-3.09238,"glide_grid_1X70",-3.09238,-1.18814,-0.374577,-0,1.19976,-38.697,-8.46896,0.787048,-0.311279,-47.5463,-47.166,7.85419
COc1ccc(-c2cn(CC[C@H]([NH3+])Cc3cc(F)c(F)cc3F)nn2)cc1,"CHEMBL5285297",5051,Done,4.92,-8.72125,"glide_grid_1X70",-8.73495,-1.52629,-0.505571,-0,-2.57127,-34.0224,-18.5112,0.475975,-0.129985,-89.719,-52.5336,7.7322
COc1ccc(-c2cn(CC[C@H](N)Cc3cc(F)c(F)cc3F)nn2)cc1,"CHEMBL5285297",5052,Done,4.96,-2.6694,"glide_grid_1X70",-4.9091,-1.21342,-0.469157,-0,-1.50495,-30.4735,-5.02349,0.683227,-0.127588,-45.2216,-35.497,8.04745
N#C[C@@H]1C[C@H](c2cccs2)CN1C(=O)[C@@H](N)CF,"CHEMBL5285902",5055,Done,1.92,-4.84317,"glide_grid_1X70",-4.89827,-1.17875,-0.304,-0,-2.02054,-26.4085,-4.79358,0.748517,-0.104031,-41.5094,-31.2021,1.91513
N#C[C@@H]1C[C@H](c2cccs2)CN1C(=O)[C@@H]([NH3+])CF,"CHEMBL5285902",5056,Done,2.09,-6.09742,"glide_grid_1X70",-7.53192,-1.15815,-0.353988,-0,-2.53871,-23.1283,-17.6304,0.520565,-0.200661,-69.3141,-40.7587,2.10754
CC#CCn1c(N2CCC[C@@H]([NH3+])C2)cc(=O)n(Cc2cccc(C(=O)NC)c2)c1=O,"CHEMBL5286666",5059,Done,5.4,-5.32024,"glide_grid_1X70",-5.32674,-0.481003,-0.409349,-0,-1.15101,-26.9434,-15.1031,0.491051,-0.163793,-62.2224,-42.0465,2.31425
CC#CCn1c(N2CCC[C@@H](N)C2)cc(=O)n(Cc2cccc(C(=O)NC)c2)c1=O,"CHEMBL5286666",5060,Done,5.24,-0.48909,"glide_grid_1X70",-3.16979,-0.379597,-0.344679,-0,-0.655281,-30.2048,-6.07858,0.70462,-0.0728279,-44.1443,-36.2833,0.542846
CC#CCn1c(N2CCC[C@@H]([NH3+])C2)cc(=O)n(Cc2cn(-c3ccccc3)nn2)c1=O,"CHEMBL5287906",5061,Done,2.96,-6.63572,"glide_grid_1X70",-6.64222,-0.2526,-0.991906,-0,-1.36556,-28.4319,-19.0342,0.470167,-0.225587,-74.0555,-47.4661,2.65545
CC#CCn1c(N2CCC[C@@H](N)C2)cc(=O)n(Cc2cn(-c3ccccc3)nn2)c1=O,"CHEMBL5287906",5062,Done,2.98,-0.442473,"glide_grid_1X70",-3.12317,-0.207565,-0.417807,-0,-0.693765,-26.1653,-6.68339,0.674587,-0.167848,-39.1159,-32.8487,1.97769
N#C[C@@H]1C[C@H](F)CN1C(=O)[C@@H](N)Cc1ccc(Cl)cc1Cl,"CHEMBL5288458",5063,Done,2.65,-4.73504,"glide_grid_1X70",-4.94574,-0.873748,-0.33036,-0,-1.84036,-32.5705,-4.65233,0.51746,-0.0923596,-45.2308,-37.2228,9.84535
N#C[C@@H]1C[C@H](F)CN1C(=O)[C@@H]([NH3+])Cc1ccc(Cl)cc1Cl,"CHEMBL5288458",5064,Done,2.36,-5.99548,"glide_grid_1X70",-6.71018,-0.685166,-0.334408,-0,-2.07372,-26.5404,-16.1022,0.360275,-0.234807,-66.3161,-42.6426,2.97012
[NH3+][C@@H](CCn1cc(C(=O)[O-])nn1)Cc1cc(F)c(F)cc1F,"CHEMBL5288509",5065,Done,3.58,-8.01864,"glide_grid_1X70",-8.03234,-1.0424,-0.676006,-0,-2.95365,-30.6495,-14.9038,0.526932,-0.119178,-80.2006,-45.5533,3.24991
N[C@@H](CCn1cc(C(=O)[O-])nn1)Cc1cc(F)c(F)cc1F,"CHEMBL5288509",5066,Done,3.52,-2.4359,"glide_grid_1X70",-4.6756,-0.82739,-0.385702,-0,-2.1085,-21.1641,-5.55878,0.757024,-0.219004,-39.8302,-26.7229,1.63791
[NH3+]Cc1c(-c2ccc(Cl)cc2Cl)nc2ccccn12,"CHEMBL5289049",5067,Done,1.41,-7.79594,"glide_grid_1X70",-7.97034,-1.43384,-0.469366,-0,-2.23166,-25.6498,-16.9283,0.148786,-0.162525,-73.4023,-42.5781,1.17063
NCc1c(-c2ccc(Cl)cc2Cl)nc2ccccn12,"CHEMBL5289049",5068,Done,1.37,-3.7903,"glide_grid_1X70",-4.6234,-0.612415,-0.304,-0,-1.64966,-24.0887,-7.01753,0.213833,-0.0140882,-40.6976,-31.1062,1.20781
CC#CCn1c(N2CCC[C@@H]([NH3+])C2)cc(=O)n(Cc2nc(C)c3cc(C)ccc3n2)c1=O,"CHEMBL5289102",5069,Done,3,-6.94246,"glide_grid_1X70",-6.94896,-0.233432,-1.27615,-0,-1.20372,-24.9114,-21.3685,0.370735,-0.155543,-73.2682,-46.2799,3.11302
CC#CCn1c(N2CCC[C@@H](N)C2)cc(=O)n(Cc2nc(C)c3cc(C)ccc3n2)c1=O,"CHEMBL5289102",5070,Done,2.95,-0.193879,"glide_grid_1X70",-2.87458,-0.180068,-0.440569,-0,-0.47417,-26.3271,-6.34372,0.53186,-0.0437182,-38.3367,-32.6708,2.13247
[NH3+][C@@H](CCn1cc(-c2ccccc2)nn1)Cc1cc(F)c(F)cc1F,"CHEMBL5290009",5073,Done,4.47,-6.56763,"glide_grid_1X70",-6.58133,-1.64705,-0.272388,-0,-1.71954,-25.9426,-14.9878,0.788324,-0.185366,-68.1972,-40.9304,5.07689
N[C@@H](CCn1cc(-c2ccccc2)nn1)Cc1cc(F)c(F)cc1F,"CHEMBL5290009",5074,Done,4.46,-2.72811,"glide_grid_1X70",-4.96781,-1.46944,-0.246594,-0,-1.63546,-25.3795,-7.0227,0.792403,-0.086338,-43.7778,-32.4022,3.56866
[NH3+][C@@H](CCn1cc(CO)nn1)Cc1cc(F)c(F)cc1F,"CHEMBL5290055",5075,Done,7.07,-9.30769,"glide_grid_1X70",-9.32139,-1.04175,-1.1684,-0,-2.94759,-31.2435,-21.249,0.709247,-0.123376,-93.4646,-52.4925,3.37724
N[C@@H](CCn1cc(CO)nn1)Cc1cc(F)c(F)cc1F,"CHEMBL5290055",5076,Done,6.97,-3.15992,"glide_grid_1X70",-5.39962,-0.810244,-0.562968,-0,-2.15808,-24.7141,-10.1715,1.01917,-0.12607,-46.3457,-34.8855,2.26672
NNc1nc(NN)nc(N2C(=O)CSC2=O)n1,"CHEMBL5291433",5077,Done,1.58,-5.06569,"glide_grid_1X70",-5.06569,-0.598024,-0.357498,-0,-2.39815,-31.0407,-1.19205,0.268385,-0.249563,-43.3833,-32.2328,0.730419
COc1cc(O)c(Cl)cc1/C=C/C(=O)c1ccc(O)c(C)c1,"CHEMBL5398811",5080,Done,2.6,-2.92125,"glide_grid_1X70",-3.12565,-0.864411,-0.194704,-0,-1.23579,-21.4572,-2.02039,0.550655,-0.00548135,-27.9557,-23.4776,6.96248
Nc1nc(NC2=NC(c3ccccc3)=C[C@@H](c3cccc(O)c3)O2)nc(N2CCOCC2)n1,"CHEMBL5402568",5084,Done,3.69,-3.94572,"glide_grid_1X70",-3.95332,-1.6926,-0.239055,-0,0.215383,-40.4915,-2.36658,0.504127,-0.361615,-41.5515,-42.8581,19.1466
Nc1nc([N-]C2=NC(c3ccccc3)=C[C@@H](c3cccc(O)c3)O2)nc(N2CCOCC2)n1,"CHEMBL5402568",5085,Done,3.87,-0.923176,"glide_grid_1X70",-3.51048,-0.303282,-0.510842,-0,-0.436798,-37.2827,-3.92781,0.506206,-0.312455,-49.4535,-41.2105,1.5137
Cc1nnc(N2CCC[C@@H]([NH3+])C2)n(Cc2cc(F)ccc2C#N)c1=O,"CHEMBL5408495",5090,Done,2.17,-6.17396,"glide_grid_1X70",-6.17646,-0.361633,-0.425185,-0,-1.68369,-24.4337,-16.1994,0.337938,-0.392293,-62.9808,-40.6331,2.63911
Cc1ccccc1[C@@H]1C=C(c2ccccc2)N=C(Nc2nc(N)nc(N3CCOCC3)n2)O1,"CHEMBL5409066",5093,Done,3.32,-3.83172,"glide_grid_1X70",-3.83932,-1.11038,-0.304,-0,-0.418083,-32.4881,-4.50538,0.508208,-0.214857,-45.6322,-36.9935,2.56038
Cc1ccccc1[C@@H]1C=C(c2ccccc2)N=C([N-]c2nc(N)nc(N3CCOCC3)n2)O1,"CHEMBL5409066",5094,Done,3.32,-1.57909,"glide_grid_1X70",-4.16639,-1.27209,-0.374545,-0,-1.06108,-36.1063,0.517603,0.510312,-0.241317,-45.7216,-35.5887,0.895127
COc1cc(C(=O)/C=C/c2cc(Cl)c(O)cc2OC)ccc1O,"CHEMBL5411710",5095,Done,3.23,-2.53662,"glide_grid_1X70",-2.87362,-0.694636,0,-0,-1.16304,-26.2526,-1.38901,0.50504,0,-30.7741,-27.6416,7.60033
COc1ccc(C(=O)/C=C/c2cc(Cl)c(O)cc2OC)cc1O,"CHEMBL5413637",5101,Done,3.04,-1.29111,"glide_grid_1X70",-1.42151,-0.238704,0,-0,-1.1267,-17.5007,2.18868,0.50504,-0.0144084,-14.5124,-15.312,8.58957
Nc1nc(NC2=NC(c3ccccc3)=C[C@@H](c3cccc(Cl)c3)O2)nc(N2CCOCC2)n1,"CHEMBL5414427",5107,Done,2.87,-3.57256,"glide_grid_1X70",-3.58066,-1.9257,-0.275655,-0,1.30228,-43.5953,-4.06285,0.468249,-0.360632,-39.8714,-47.6582,23.5391
Nc1nc([N-]C2=NC(c3ccccc3)=C[C@@H](c3cccc(Cl)c3)O2)nc(N2CCOCC2)n1,"CHEMBL5414427",5108,Done,3.19,-1.12985,"glide_grid_1X70",-3.67935,-1.31374,-0.356587,-0,-0.682088,-34.6786,1.29294,0.470109,-0.257056,-40.5098,-33.3856,3.71008
Cc1ccc([C@@H]2C=C(c3ccccc3)N=C(Nc3nc(N)nc(N4CCOCC4)n3)O2)cc1,"CHEMBL5414816",5109,Done,2.85,-3.61192,"glide_grid_1X70",-3.61912,-1.77606,-0.361612,-0,1.27974,-41.9557,-5.06322,0.508208,-0.412112,-39.3227,-47.019,23.3961
Cc1ccc([C@@H]2C=C(c3ccccc3)N=C([N-]c3nc(N)nc(N4CCOCC4)n3)O2)cc1,"CHEMBL5414816",5110,Done,3.16,-1.3369,"glide_grid_1X70",-3.9505,-1.68049,-0.304,-0,-0.716479,-35.6467,1.46862,0.510312,-0.197804,-38.032,-34.178,7.45769
COc1cc(O)c(Cl)cc1/C=C/C(=O)c1ccc(O)cc1,"CHEMBL5416545",5111,Done,2.6,-2.36561,"glide_grid_1X70",-2.70261,-0.48263,-0.00357203,-0,-1.36815,-22.5833,-2.10038,0.595964,0,-27.77,-24.6837,7.52548
Cc1cccc([C@@H]2C=C(c3ccccc3)N=C(Nc3nc(N)nc(N4CCOCC4)n3)O2)c1,"CHEMBL5418532",5115,Done,3.12,-3.83764,"glide_grid_1X70",-3.84494,-1.57371,-0.350673,-0,0.804106,-41.6161,-5.35501,0.508208,-0.348811,-42.1134,-46.9712,20.3758
Cc1cccc([C@@H]2C=C(c3ccccc3)N=C([N-]c3nc(N)nc(N4CCOCC4)n3)O2)c1,"CHEMBL5418532",5116,Done,3.04,-1.90857,"glide_grid_1X70",-4.51717,-1.33061,-0.350769,-0,-1.15188,-35.7637,-1.035,0.510312,-0.250788,-47.3171,-36.7987,0.733222
COc1cc(O)c(Cl)cc1/C=C/C(=O)c1cccc(O)c1,"CHEMBL5422010",5117,Done,2.68,10000.1,"glide_grid_1X70",10000,-0.187346,-0.0902083,-0,-1.33142,71.8822,-0.681843,0.595964,-0.0411439,10000,71.2003,10.2313
Nc1nc(NC2=NC(c3ccccc3)=C[C@@H](c3ccc(Cl)cc3)O2)nc(N2CCOCC2)n1,"CHEMBL5424574",5124,Done,2.91,-3.85705,"glide_grid_1X70",-3.86485,-1.88814,-0.248223,-0,1.36137,-47.2645,-5.36895,0.468249,-0.38953,-45.6503,-52.6335,22.433
Nc1nc([N-]C2=NC(c3ccccc3)=C[C@@H](c3ccc(Cl)cc3)O2)nc(N2CCOCC2)n1,"CHEMBL5424574",5125,Done,3.11,-0.935457,"glide_grid_1X70",-3.50306,-1.21897,-0.301266,-0,-0.872531,-31.6802,1.46745,0.470109,-0.216503,-35.3948,-30.2127,4.31493
Nc1nc(NC2=NC(c3ccccc3)=C[C@@H](c3ccccc3Cl)O2)nc(N2CCOCC2)n1,"CHEMBL5424840",5126,Done,3.02,-3.71554,"glide_grid_1X70",-3.72374,-1.63999,-0.285989,-0,1.07083,-42.3294,-5.53762,0.468249,-0.389734,-42.0995,-47.867,21.3182
Nc1nc([N-]C2=NC(c3ccccc3)=C[C@@H](c3ccccc3Cl)O2)nc(N2CCOCC2)n1,"CHEMBL5424840",5127,Done,3.17,-1.56626,"glide_grid_1X70",-4.10426,-1.32431,-0.37597,-0,-0.899053,-32.952,-0.542288,0.470109,-0.246095,-42.9534,-33.4943,0.530294
[NH3+][C@H](C(=O)N1Cc2ccccc2C1)[C@H]1CC[C@H](O)CC1,"CHEMBL5425473",5128,Done,2.43,-8.05944,"glide_grid_1X70",-8.34434,-1.386,-0.702287,-0,-2.67385,-24.7008,-17.6838,0.49776,-0.192347,-72.321,-42.3846,7.07028
N[C@H](C(=O)N1Cc2ccccc2C1)[C@H]1CC[C@H](O)CC1,"CHEMBL5425473",5129,Done,2.74,-5.24071,"glide_grid_1X70",-5.81131,-1.50476,-0.550701,-0,-1.88711,-30.8742,-6.59099,0.71562,-0.0520002,-44.4996,-37.4652,9.241
Cc1ccc2c(c1)CN(C(=O)CC(C)(C)[NH2+]CC(=O)N1CCC[C@H]1C#N)C2,"CHEMBL5430453",5133,Done,4.5,-5.3536,"glide_grid_1X70",-5.8247,-1.50476,-0.384666,-0,-1.39443,-34.2376,-10.7163,0.988678,-0.210185,-64.8224,-44.9539,4.86113
Nc1nc(NC2=NC(c3ccccc3)=C[C@@H](c3ccccc3)O2)nc(N2CCOCC2)n1,"CHEMBL5430588",5134,Done,3.05,-3.72168,"glide_grid_1X70",-3.72928,-1.81032,-0.351235,-0,1.32262,-43.523,-5.70773,0.538708,-0.396738,-41.0646,-49.2307,23.2582
Nc1nc([N-]C2=NC(c3ccccc3)=C[C@@H](c3ccccc3)O2)nc(N2CCOCC2)n1,"CHEMBL5430588",5135,Done,3.13,-0.0814114,"glide_grid_1X70",-2.66871,-0.881727,-0.29565,-0,-0.487729,-33.3226,2.32289,0.541006,-0.226912,-35.7814,-30.9998,1.33895
N#C[C@@H]1CCCN1C(=O)C[NH2+]C12C[C@H]3C[C@@H](C1)C[C@@H](C2)C3,"CHEMBL5432172",5136,Done,3.03,-5.81568,"glide_grid_1X70",-5.92508,-0.855969,-0.4,-0,-2.06664,-25.4195,-12.0439,0.656134,-0.181045,-55.6045,-37.4634,7.42692
Nc1nc(NC2=NC(c3ccccc3)=C[C@@H](c3ccccc3O)O2)nc(N2CCOCC2)n1,"CHEMBL5433150",5138,Done,4.21,-4.12505,"glide_grid_1X70",-4.13265,-1.44162,-0.3673,-0,0.739552,-42.1068,-7.3401,0.504127,-0.361051,-46.7942,-49.4469,20.2104
Nc1nc([N-]C2=NC(c3ccccc3)=C[C@@H](c3ccccc3O)O2)nc(N2CCOCC2)n1,"CHEMBL5433150",5139,Done,4.23,-1.87035,"glide_grid_1X70",-4.45765,-1.66561,-0.242453,-0,-0.898096,-37.6373,-0.299556,0.506206,-0.2309,-47.8369,-37.9369,4.7725
N#Cc1ccc(F)cc1Cn1c(N2CCC[C@@H]([NH3+])C2)nc2cc(-c3cccnc3)sc2c1=O,"CHEMBL5434074",5140,Done,2.34,-4.76416,"glide_grid_1X70",-4.76416,-0.0275664,-0.562651,-0,-0.487258,-23.1191,-18.4631,0.378132,-0.139394,-57.3392,-41.5822,2.59529
Nc1nc(NC2=NC(c3ccccc3)=C[C@@H](c3ccc(O)cc3)O2)nc(N2CCOCC2)n1,"CHEMBL5435542",5141,Done,3.79,-3.32052,"glide_grid_1X70",-3.33012,-1.74404,-0.280807,-0,1.29596,-39.395,-4.8798,0.504127,-0.403637,-36.793,-44.2748,23.2386
Nc1nc([N-]C2=NC(c3ccccc3)=C[C@@H](c3ccc(O)cc3)O2)nc(N2CCOCC2)n1,"CHEMBL5435542",5142,Done,4.27,-1.66346,"glide_grid_1X70",-4.11136,-1.46311,-0.304,-0,-0.689419,-38.4648,-0.255121,0.506206,-0.199528,-46.5533,-38.7199,8.44862
