SMILES,title,i_i_glide_lignum,docking_status,r_glide_cpu_time,r_i_docking_score,s_i_glide_gridfile,r_i_glide_gscore,r_i_glide_lipo,r_i_glide_hbond,r_i_glide_metal,r_i_glide_rewards,r_i_glide_evdw,r_i_glide_ecoul,r_i_glide_erotb,r_i_glide_esite,r_i_glide_emodel,r_i_glide_energy,r_i_glide_einternal
COC(=O)CCNC(=O)c1ccc(OP(=O)(Oc2ccc(C(=O)NCCC(=O)OC)cc2)C2CCCN2C(=O)C2CCCN2)cc1.Cl,"CHEMBL9238",1,"STRUCTURE INCOMPATIBLE WITH FORCE FIELD",0,,,,,,,,,,,,,,
CC(=O)Nc1cccc(OP(=O)(Oc2cccc(NC(C)=O)c2)C2CCCN2C(=O)C2CCCN2)c1.Cl,"CHEMBL9263",2,"STRUCTURE INCOMPATIBLE WITH FORCE FIELD",0.01,,,,,,,,,,,,,,
CCCNC(=O)c1ccc(OP(=O)(Oc2ccc(C(=O)NCCC)cc2)C2CCCN2C(=O)C2CCCN2)cc1.Cl,"CHEMBL9295",3,"STRUCTURE INCOMPATIBLE WITH FORCE FIELD",0,,,,,,,,,,,,,,
COC(=O)c1ccc(OP(=O)(Oc2ccc(C(=O)OC)cc2)C2CCCN2C(=O)C2CCCN2)cc1.Cl,"CHEMBL9408",4,"STRUCTURE INCOMPATIBLE WITH FORCE FIELD",0,,,,,,,,,,,,,,
CS(=O)(=O)Nc1ccc(OP(=O)(Oc2ccc(NS(C)(=O)=O)cc2)C2CCCN2C(=O)C2CCCN2)cc1.Cl,"CHEMBL9433",5,"STRUCTURE INCOMPATIBLE WITH FORCE FIELD",0,,,,,,,,,,,,,,
Cl.NCC(=O)Nc1ccc(OP(=O)(Oc2ccc(NC(=O)CN)cc2)C2CCCN2C(=O)C2CCCN2)cc1,"CHEMBL9512",6,"STRUCTURE INCOMPATIBLE WITH FORCE FIELD",0,,,,,,,,,,,,,,
Cl.O=C(C1CCCN1)N1CCCC1P(=O)(Oc1ccc(NN2CCCC2)cc1)Oc1ccc(NN2CCCC2)cc1,"CHEMBL9527",7,"STRUCTURE INCOMPATIBLE WITH FORCE FIELD",0,,,,,,,,,,,,,,
CCCC[S+](CCCC)Cc1ccc2cc1C(=O)NCC(=O)NCC(=O)NCCCC[C@H](N)C(=O)N1CCC[C@H]1C(=O)N2.O=C(O)C(F)(F)F.O=C([O-])C(F)(F)F,"CHEMBL67679",8,"STRUCTURE INCOMPATIBLE WITH FORCE FIELD",0,,,,,,,,,,,,,,
CCCCCCCC[S+](CCCCCCCC)Cc1ccc2cc1C(=O)NCC(=O)NCC(=O)NCCCC[C@H](N)C(=O)N1CCC[C@H]1C(=O)N2.O=C(O)C(F)(F)F.O=C([O-])C(F)(F)F,"CHEMBL67680",9,"STRUCTURE INCOMPATIBLE WITH FORCE FIELD",0,,,,,,,,,,,,,,
O=Cc1ccc(-c2ccc(-c3cccs3)s2)s1,"CHEMBL91933",10,"STRUCTURE INCOMPATIBLE WITH FORCE FIELD",0,,,,,,,,,,,,,,
CC(C)c1cccc(C(C)C)c1N1C(=O)c2c(F)c(F)c(F)c(F)c2C1=S,"CHEMBL151999",11,"STRUCTURE INCOMPATIBLE WITH FORCE FIELD",0,,,,,,,,,,,,,,
CC(C)c1cccc(C(C)C)c1N1C(=S)c2c(F)c(F)c(F)c(F)c2C1=S,"CHEMBL153037",12,"STRUCTURE INCOMPATIBLE WITH FORCE FIELD",0,,,,,,,,,,,,,,
NC(CC(=O)N1CCC[C@H]1C(=O)NCc1ccc(C(=O)O)cc1)Cc1ccc(F)c(F)c1.O=C(O)C(F)(F)F,"CHEMBL182223",13,"STRUCTURE INCOMPATIBLE WITH FORCE FIELD",0,,,,,,,,,,,,,,
NC(CC(=O)N1CSC[C@H]1C(=O)NCc1ccc(CC(=O)O)cc1)Cc1ccccc1F.O=C(O)C(F)(F)F,"CHEMBL183060",14,"STRUCTURE INCOMPATIBLE WITH FORCE FIELD",0,,,,,,,,,,,,,,
NC(CC(=O)N1CCC[C@H]1C(=O)NCc1ccccc1C(=O)O)Cc1ccccc1.O=C(O)C(F)(F)F,"CHEMBL183098",15,"STRUCTURE INCOMPATIBLE WITH FORCE FIELD",0,,,,,,,,,,,,,,
CS(=O)(=O)Nc1cccc(NC(=O)CN2CCN(C(=O)C[C@H](N)Cc3ccccc3F)[C@H](Cc3ccccc3)C2)c1,"CHEMBL183207",16,"STRUCTURE INCOMPATIBLE WITH FORCE FIELD",0,,,,,,,,,,,,,,
CC(C)[C@@H](Oc1ccc(CNC(=O)[C@@H]2CCCN2C(=O)CC(N)Cc2c(F)c(F)c(F)c(F)c2F)cc1)C(=O)O.O=C(O)C(F)(F)F,"CHEMBL183289",17,"STRUCTURE INCOMPATIBLE WITH FORCE FIELD",0.01,,,,,,,,,,,,,,
CC(C)[C@@H](Oc1ccc(CNC(=O)[C@@H]2CCCN2C(=O)C(N)C2CCCCC2)cc1)C(=O)O.O=C(O)C(F)(F)F,"CHEMBL183418",18,"STRUCTURE INCOMPATIBLE WITH FORCE FIELD",0,,,,,,,,,,,,,,
CC(Oc1ccc(CNC(=O)[C@@H]2CCCN2C(=O)CC(N)Cc2ccccc2F)cc1)C(=O)O.O=C(O)C(F)(F)F,"CHEMBL183736",19,"STRUCTURE INCOMPATIBLE WITH FORCE FIELD",0,,,,,,,,,,,,,,
CS(=O)(=O)Nc1cccc(NC(=O)CN2CCN(C(=O)C[C@H](N)Cc3ccccc3)C(Cc3ccccc3)C2)c1,"CHEMBL184040",20,"STRUCTURE INCOMPATIBLE WITH FORCE FIELD",0,,,,,,,,,,,,,,
CC(C)[C@@H](Oc1ccc(CNC(=O)[C@@H]2CCCN2C(=O)CC(N)Cc2cc(F)c(C(F)(F)F)cc2F)cc1)C(=O)O.O=C(O)C(F)(F)F,"CHEMBL184177",21,"STRUCTURE INCOMPATIBLE WITH FORCE FIELD",0.01,,,,,,,,,,,,,,
NC(CC(=O)N1CCC[C@H]1C(=O)NCCCCc1nn[nH]n1)Cc1ccccc1F.O=C(O)C(F)(F)F,"CHEMBL184346",22,"STRUCTURE INCOMPATIBLE WITH FORCE FIELD",0,,,,,,,,,,,,,,
CC(C)[C@@H](Oc1ccc(CNC(=O)[C@@H]2CCCN2C(=O)CC(N)Cc2cc(Cl)ccc2F)cc1)C(=O)O.O=C(O)C(F)(F)F,"CHEMBL184527",23,"STRUCTURE INCOMPATIBLE WITH FORCE FIELD",0,,,,,,,,,,,,,,
NC(CC(=O)N1CCC[C@H]1C(=O)NCc1cccc(C(=O)O)c1)Cc1ccccc1.O=C(O)C(F)(F)F,"CHEMBL184593",24,"STRUCTURE INCOMPATIBLE WITH FORCE FIELD",0,,,,,,,,,,,,,,
CC(C)[C@@H](Oc1ccc(CNC(=O)[C@@H]2CCCN2C(=O)CC(N)Cc2cc(C(F)(F)F)ccc2F)cc1)C(=O)O.O=C(O)C(F)(F)F,"CHEMBL184630",25,"STRUCTURE INCOMPATIBLE WITH FORCE FIELD",0.01,,,,,,,,,,,,,,
CS(=O)(=O)Nc1cccc(NC(=O)CN2CCN(C(=O)C[C@@H](N)Cc3ccc(F)c(F)c3)C(Cc3ccccc3)C2)c1,"CHEMBL184672",26,"STRUCTURE INCOMPATIBLE WITH FORCE FIELD",0,,,,,,,,,,,,,,
N[C@@H](CC(=O)N1CCC[C@H]1C(=O)NCc1cc(Cl)ccc1OCC(=O)NC1CC1)Cc1ccccc1,"CHEMBL184738",27,"STRUCTURE INCOMPATIBLE WITH FORCE FIELD",0,,,,,,,,,,,,,,
COC(=O)Cc1ccc(CNC(=O)[C@@H]2CCCN2C(=O)CC(N)Cc2ccccc2F)cc1.O=C(O)C(F)(F)F,"CHEMBL185244",28,"STRUCTURE INCOMPATIBLE WITH FORCE FIELD",0,,,,,,,,,,,,,,
CS(=O)(=O)Nc1cccc(NC(=O)CN2CCN(C[C@@H](N)Cc3ccccc3)C(Cc3ccccc3)C2)c1,"CHEMBL186032",29,"STRUCTURE INCOMPATIBLE WITH FORCE FIELD",0,,,,,,,,,,,,,,
COC(=O)Cc1ccc(CNC(=O)[C@@H]2CSCN2C(=O)CC(N)Cc2ccccc2F)cc1.O=C(O)C(F)(F)F,"CHEMBL186482",30,"STRUCTURE INCOMPATIBLE WITH FORCE FIELD",0,,,,,,,,,,,,,,
NC(CC(=O)N1CCC[C@H]1C(=O)NCc1cc(Cl)ccc1OCC(=O)NC1CC1)Cc1ccccc1,"CHEMBL186649",31,"STRUCTURE INCOMPATIBLE WITH FORCE FIELD",0,,,,,,,,,,,,,,
NC(CC(=O)N1CCC[C@H]1C(=O)NCc1ccc(OCC(=O)O)cc1)Cc1ccccc1F.O=C(O)C(F)(F)F,"CHEMBL186787",32,"STRUCTURE INCOMPATIBLE WITH FORCE FIELD",0,,,,,,,,,,,,,,
COc1cc(OC)cc(-c2nc(-c3ccc(Cl)cc3Cl)c(CN(C)C)c(N(C)C)n2)c1,"CHEMBL186877",33,"STRUCTURE INCOMPATIBLE WITH FORCE FIELD",0,,,,,,,,,,,,,,
CS(=O)(=O)Nc1cccc(NC(=O)CN2CCN(C(=O)C[C@H](N)Cc3ccccc3F)C(Cc3ccccc3)C2)c1,"CHEMBL187293",34,"STRUCTURE INCOMPATIBLE WITH FORCE FIELD",0,,,,,,,,,,,,,,
NC(C(=O)N1CCC[C@H]1C(=O)NCc1ccc(C(=O)O)cc1)C1CCCCC1.O=C(O)C(F)(F)F,"CHEMBL187699",35,"STRUCTURE INCOMPATIBLE WITH FORCE FIELD",0,,,,,,,,,,,,,,
C[C@@H](Oc1ccc(CNC(=O)[C@@H]2CCCN2C(=O)CC(N)Cc2ccccc2F)cc1)C(=O)O.O=C(O)C(F)(F)F,"CHEMBL187963",36,"STRUCTURE INCOMPATIBLE WITH FORCE FIELD",0,,,,,,,,,,,,,,
N[C@H](C(=O)N1CC[C@H](F)C1)[C@@H](C(=O)N1CCC1)c1ccc(-c2ccc(F)cc2)cc1.O=C(O)C(F)(F)F,"CHEMBL188043",37,"STRUCTURE INCOMPATIBLE WITH FORCE FIELD",0,,,,,,,,,,,,,,
CN(C)C(=O)[C@@H](c1ccc(-c2ccc(F)cc2F)cc1)[C@H](N)C(=O)N1CC[C@H](F)C1.O=C(O)C(F)(F)F,"CHEMBL188096",38,"STRUCTURE INCOMPATIBLE WITH FORCE FIELD",0,,,,,,,,,,,,,,
N[C@H](C(=O)N1CC[C@H](F)C1)[C@@H](C(=O)Nn1cnnn1)c1ccc(-c2ccc(F)cc2)cc1.O=C(O)C(F)(F)F,"CHEMBL188444",39,"STRUCTURE INCOMPATIBLE WITH FORCE FIELD",0,,,,,,,,,,,,,,
CC(C)NC(=O)[C@@H](c1ccc(-c2ccc(F)cc2)cc1)[C@H](N)C(=O)N1CC[C@H](F)C1.O=C(O)C(F)(F)F,"CHEMBL188643",40,"STRUCTURE INCOMPATIBLE WITH FORCE FIELD",0,,,,,,,,,,,,,,
CN(C)C[C@@H](c1ccc(-c2ccc(F)cc2)cc1)[C@H](N)C(=O)N1CC[C@H](F)C1.O=C(O)C(F)(F)F,"CHEMBL189046",41,"STRUCTURE INCOMPATIBLE WITH FORCE FIELD",0,,,,,,,,,,,,,,
CN(C)C(=O)[C@@H](c1ccc(-c2ccc(F)cc2)cc1)[C@H](N)C(=O)N1CCC[C@H]1C#N.O=C(O)C(F)(F)F,"CHEMBL189055",42,"STRUCTURE INCOMPATIBLE WITH FORCE FIELD",0,,,,,,,,,,,,,,
CCNC(=O)[C@@H](c1ccc(-c2ccc(F)cc2)cc1)[C@H](N)C(=O)N1CC[C@H](F)C1.O=C(O)C(F)(F)F,"CHEMBL189067",43,"STRUCTURE INCOMPATIBLE WITH FORCE FIELD",0,,,,,,,,,,,,,,
N[C@H](C(=O)N1CC[C@H](F)C1)[C@@H](CN1CCCC1)c1ccc(-c2ccc(F)cc2)cc1.O=C(O)C(F)(F)F,"CHEMBL190031",44,"STRUCTURE INCOMPATIBLE WITH FORCE FIELD",0,,,,,,,,,,,,,,
CN(C)C(=O)[C@@H](c1ccc(-c2ccc(F)c(F)c2)cc1)[C@H](N)C(=O)N1CC[C@H](F)C1.O=C(O)C(F)(F)F,"CHEMBL190217",45,"STRUCTURE INCOMPATIBLE WITH FORCE FIELD",0.01,,,,,,,,,,,,,,
CN(C)C(=O)[C@@H](c1ccc(-c2cccc(C#N)c2)cc1)[C@H](N)C(=O)N1CC[C@H](F)C1.O=C(O)C(F)(F)F,"CHEMBL190269",46,"STRUCTURE INCOMPATIBLE WITH FORCE FIELD",0,,,,,,,,,,,,,,
N[C@H](C(=O)N1CC[C@H](F)C1)[C@@H](C(=O)NCCO)c1ccc(-c2ccc(F)cc2)cc1.O=C(O)C(F)(F)F,"CHEMBL190593",47,"STRUCTURE INCOMPATIBLE WITH FORCE FIELD",0,,,,,,,,,,,,,,
CNC(=O)[C@@H](c1ccc(-c2ccc(F)cc2)cc1)[C@H](N)C(=O)N1CC[C@H](F)C1.O=C(O)C(F)(F)F,"CHEMBL190752",48,"STRUCTURE INCOMPATIBLE WITH FORCE FIELD",0,,,,,,,,,,,,,,
N[C@H](C(=O)N1CC[C@H](F)C1)[C@@H](C(=O)NC1CC1)c1ccc(-c2ccc(F)cc2)cc1.O=C(O)C(F)(F)F,"CHEMBL190788",49,"STRUCTURE INCOMPATIBLE WITH FORCE FIELD",0,,,,,,,,,,,,,,
CN(C)C(=O)[C@@H](c1ccc(-c2ccc(F)cc2)cc1)[C@H](N)C(=O)N1CCSC1.O=C(O)C(F)(F)F,"CHEMBL190863",50,"STRUCTURE INCOMPATIBLE WITH FORCE FIELD",0,,,,,,,,,,,,,,
CN(C)C(=O)[C@@H](c1ccc(-c2ccc(F)cc2)cc1)[C@H](N)C(=O)N1CCCCC1.O=C(O)C(F)(F)F,"CHEMBL190923",51,"STRUCTURE INCOMPATIBLE WITH FORCE FIELD",0,,,,,,,,,,,,,,
C[C@@H](c1ccc(-c2cccc(-c3nc[nH]n3)c2)cc1)[C@H](N)C(=O)N1CC[C@H](F)C1.O=C(O)C(F)(F)F,"CHEMBL190979",52,"STRUCTURE INCOMPATIBLE WITH FORCE FIELD",0,,,,,,,,,,,,,,
CN(C)C(=O)[C@@H](c1ccc(-c2ccc(F)cc2)cc1)[C@H](N)C(=O)N1CC[C@H](F)C1.O=C(O)C(F)(F)F,"CHEMBL191067",53,"STRUCTURE INCOMPATIBLE WITH FORCE FIELD",0,,,,,,,,,,,,,,
N[C@H](C(=O)N1CC[C@H](F)C1)[C@@H](C(=O)N1CCCC1)c1ccc(-c2ccc(F)cc2)cc1.O=C(O)C(F)(F)F,"CHEMBL191258",54,"STRUCTURE INCOMPATIBLE WITH FORCE FIELD",0,,,,,,,,,,,,,,
CN(C)C(=O)[C@@H](c1ccc(-c2ccc(F)cc2)cc1)[C@H](N)C(=O)N1CCC(F)(F)C1.O=C(O)C(F)(F)F,"CHEMBL191337",55,"STRUCTURE INCOMPATIBLE WITH FORCE FIELD",0,,,,,,,,,,,,,,
CN(C)C(=O)[C@@H](c1ccc(-c2cccc(-n3cnnn3)c2)cc1)[C@H](N)C(=O)N1CC[C@H](F)C1.O=C(O)C(F)(F)F,"CHEMBL191473",56,"STRUCTURE INCOMPATIBLE WITH FORCE FIELD",0,,,,,,,,,,,,,,
CN(C)C(=O)[C@@H](c1ccc(-c2cc(F)ccc2F)cc1)[C@H](N)C(=O)N1CC[C@H](F)C1.O=C(O)C(F)(F)F,"CHEMBL191486",57,"STRUCTURE INCOMPATIBLE WITH FORCE FIELD",0,,,,,,,,,,,,,,
C[C@@H](c1ccc(-c2cccc(NS(=O)(=O)C(F)(F)F)c2)cc1)[C@H](N)C(=O)N1CC[C@H](F)C1.O=C(O)C(F)(F)F,"CHEMBL192117",58,"STRUCTURE INCOMPATIBLE WITH FORCE FIELD",0,,,,,,,,,,,,,,
CCOC(=O)c1cccc(-c2ccc([C@H](C)[C@H](N)C(=O)N3CC[C@H](F)C3)cc2)c1.O=C(O)C(F)(F)F,"CHEMBL192425",59,"STRUCTURE INCOMPATIBLE WITH FORCE FIELD",0.01,,,,,,,,,,,,,,
C[C@@H](c1ccc(-c2ccc(C(F)(F)F)cc2)cc1)[C@H](N)C(=O)N1CC[C@H](F)C1.O=C(O)C(F)(F)F,"CHEMBL192980",60,"STRUCTURE INCOMPATIBLE WITH FORCE FIELD",0,,,,,,,,,,,,,,
C[C@@H](c1ccc(-c2ccc(NS(C)(=O)=O)cc2)cc1)[C@H](N)C(=O)N1CC[C@H](F)C1.O=C(O)C(F)(F)F,"CHEMBL193887",61,"STRUCTURE INCOMPATIBLE WITH FORCE FIELD",0,,,,,,,,,,,,,,
C[C@@H](c1ccc(-c2ccc(S(C)(=O)=O)cc2)cc1)[C@H](N)C(=O)N1CC[C@H](F)C1.O=C(O)C(F)(F)F,"CHEMBL194437",62,"STRUCTURE INCOMPATIBLE WITH FORCE FIELD",0,,,,,,,,,,,,,,
C[C@@H](c1ccc(-c2cccc(-c3nn[nH]n3)c2)cc1)[C@H](N)C(=O)N1CC[C@H](F)C1.O=C(O)C(F)(F)F,"CHEMBL195378",63,"STRUCTURE INCOMPATIBLE WITH FORCE FIELD",0,,,,,,,,,,,,,,
C[C@@H](c1ccc(-c2cccc(-c3nnco3)c2)cc1)[C@H](N)C(=O)N1CC[C@H](F)C1.O=C(O)C(F)(F)F,"CHEMBL195667",64,"STRUCTURE INCOMPATIBLE WITH FORCE FIELD",0,,,,,,,,,,,,,,
C[C@@H](c1ccc(-c2cccc(-n3cnnn3)c2)cc1)[C@H](N)C(=O)N1CC[C@H](F)C1.O=C(O)C(F)(F)F,"CHEMBL195739",65,"STRUCTURE INCOMPATIBLE WITH FORCE FIELD",0,,,,,,,,,,,,,,
C[C@@H](c1ccc(-c2cccc(-c3n[nH]c(O)n3)c2)cc1)[C@H](N)C(=O)N1CC[C@H](F)C1.O=C(O)C(F)(F)F,"CHEMBL195905",66,"STRUCTURE INCOMPATIBLE WITH FORCE FIELD",0,,,,,,,,,,,,,,
C[C@@H](c1ccc(-c2cn(C)c(=O)cc2CO)cc1)[C@H](N)C(=O)N1CC[C@H](F)C1.O=C(O)C(F)(F)F,"CHEMBL203169",67,"STRUCTURE INCOMPATIBLE WITH FORCE FIELD",0,,,,,,,,,,,,,,
C[C@@H](c1ccc(-c2cn(C)c(=O)c(Cl)c2F)cc1)[C@H](N)C(=O)N1CC[C@H](F)C1.O=C(O)C(F)(F)F,"CHEMBL203267",68,"STRUCTURE INCOMPATIBLE WITH FORCE FIELD",0,,,,,,,,,,,,,,
Cc1c(-c2ccc([C@H](C)[C@H](N)C(=O)N3CC[C@H](F)C3)cc2)cc(Br)c(=O)n1C.O=C(O)C(F)(F)F,"CHEMBL203323",69,"STRUCTURE INCOMPATIBLE WITH FORCE FIELD",0,,,,,,,,,,,,,,
C[C@@H](c1ccc(-c2ccc(=O)n(-c3ccc(F)cc3)c2)cc1)[C@H](N)C(=O)N1CC[C@H](F)C1.O=C(O)C(F)(F)F,"CHEMBL206172",70,"STRUCTURE INCOMPATIBLE WITH FORCE FIELD",0.01,,,,,,,,,,,,,,
CN(C)C(=O)[C@@H](c1ccc(-c2ccc3nncn3c2)cc1)[C@H](N)C(=O)N1CC[C@H](F)C1.O=C(O)C(F)(F)F,"CHEMBL207348",71,"STRUCTURE INCOMPATIBLE WITH FORCE FIELD",0,,,,,,,,,,,,,,
CN(C)C(=O)[C@@H](c1ccc(-c2ccn3nccc3n2)cc1)[C@H](N)C(=O)N1CCC(F)(F)C1.O=C(O)C(F)(F)F,"CHEMBL208957",72,"STRUCTURE INCOMPATIBLE WITH FORCE FIELD",0,,,,,,,,,,,,,,
CN(C)C(=O)[C@@H](c1ccc(-c2ccc3ncnn3c2)cc1)[C@H](N)C(=O)N1CCC(F)(F)C1.O=C(O)C(F)(F)F,"CHEMBL209064",73,"STRUCTURE INCOMPATIBLE WITH FORCE FIELD",0,,,,,,,,,,,,,,
Cc1c(-c2ccc([C@H](C(=O)N(C)C)[C@H](N)C(=O)N3CC[C@H](F)C3)cc2)ccc2ncnn12.O=C(O)C(F)(F)F,"CHEMBL209111",74,"STRUCTURE INCOMPATIBLE WITH FORCE FIELD",0,,,,,,,,,,,,,,
CN(C)C(=O)[C@@H](c1ccc(-c2ccc(=O)n(C)c2)cc1)[C@H](N)C(=O)N1CC[C@H](F)C1.O=C(O)C(F)(F)F,"CHEMBL209162",75,"STRUCTURE INCOMPATIBLE WITH FORCE FIELD",0,,,,,,,,,,,,,,
Cc1nc2ccc(-c3ccc([C@H](C(=O)N(C)C)[C@H](N)C(=O)N4CC[C@H](F)C4)cc3)cn2n1.O=C(O)C(F)(F)F,"CHEMBL209710",76,"STRUCTURE INCOMPATIBLE WITH FORCE FIELD",0.01,,,,,,,,,,,,,,
CN(C)C(=O)[C@@H](c1ccc(-c2ccn3nccc3n2)cc1)[C@H](N)C(=O)N1CC[C@H](F)C1.O=C(O)C(F)(F)F,"CHEMBL210459",77,"STRUCTURE INCOMPATIBLE WITH FORCE FIELD",0,,,,,,,,,,,,,,
Cc1cc(-c2ccc([C@H](C(=O)N(C)C)[C@H](N)C(=O)N3CC[C@H](F)C3)cc2)cn2ncnc12.O=C(O)C(F)(F)F,"CHEMBL210621",78,"STRUCTURE INCOMPATIBLE WITH FORCE FIELD",0,,,,,,,,,,,,,,
CN(C)C(=O)[C@@H](c1ccc(-c2ccn3ncnc3c2)cc1)[C@H](N)C(=O)N1CCC(F)(F)C1.O=C(O)C(F)(F)F,"CHEMBL210829",79,"STRUCTURE INCOMPATIBLE WITH FORCE FIELD",0,,,,,,,,,,,,,,
CN(C)C(=O)[C@@H](c1ccc(-c2ccc3ncnn3c2)cc1)[C@H](N)C(=O)N1CC(F)C1.O=C(O)C(F)(F)F,"CHEMBL210974",80,"STRUCTURE INCOMPATIBLE WITH FORCE FIELD",0,,,,,,,,,,,,,,
CN(C)C(=O)[C@@H](c1ccc(-c2ccn3ncnc3c2)cc1)[C@H](N)C(=O)N1CC[C@H](F)C1.O=C(O)C(F)(F)F,"CHEMBL210999",81,"STRUCTURE INCOMPATIBLE WITH FORCE FIELD",0,,,,,,,,,,,,,,
C[C@H](c1nc(-c2ccc(NS(C)(=O)=O)cc2Cl)no1)[C@H](N)C(=O)N1CC[C@@H](F)C1.O=C(O)C(F)(F)F,"CHEMBL218776",82,"STRUCTURE INCOMPATIBLE WITH FORCE FIELD",0,,,,,,,,,,,,,,
CC(C)C[C@H](c1nc(-c2ccc(S(C)(=O)=O)cc2Cl)no1)[C@H](N)C(=O)N1CC[C@H](F)C1.O=C(O)C(F)(F)F,"CHEMBL219371",83,"STRUCTURE INCOMPATIBLE WITH FORCE FIELD",0,,,,,,,,,,,,,,
Cc1cc(S(C)(=O)=O)ccc1-c1noc([C@@H](CC2CC2)[C@H](N)C(=O)N2CC[C@H](F)C2)n1.O=C(O)C(F)(F)F,"CHEMBL219434",84,"STRUCTURE INCOMPATIBLE WITH FORCE FIELD",0,,,,,,,,,,,,,,
CS(=O)(=O)c1ccc(-c2noc([C@@H](CCO)[C@H](N)C(=O)N3CC[C@H](F)C3)n2)c(Cl)c1.O=C(O)C(F)(F)F,"CHEMBL220357",85,"STRUCTURE INCOMPATIBLE WITH FORCE FIELD",0.01,,,,,,,,,,,,,,
CC[C@H](CC[C@@H](C)[C@H]1CC[C@H]2[C@@H]3CC=C4C[C@@H](O)CC[C@]4(C)[C@H]3CC[C@]12C)C(C)C,"CHEMBL221542",86,"STRUCTURE INCOMPATIBLE WITH FORCE FIELD",0,,,,,,,,,,,,,,
N[C@H]1CN(c2ccc3nnc(C(F)(F)F)n3n2)CC[C@@H]1c1cc(F)c(F)cc1F.O=C(O)C(F)(F)F,"CHEMBL228311",87,"STRUCTURE INCOMPATIBLE WITH FORCE FIELD",0,,,,,,,,,,,,,,
N[C@H]1CN(c2ccc3nnc(-c4ccc(F)cc4)n3n2)CC[C@@H]1c1cc(F)c(F)cc1F.O=C(O)C(F)(F)F,"CHEMBL228312",88,"STRUCTURE INCOMPATIBLE WITH FORCE FIELD",0,,,,,,,,,,,,,,
Cc1ccc(F)cc1C[C@@H](N)CC(=O)N1CCC[C@H]1C(=O)NCc1ccc(O[C@H](C(=O)O)C(C)C)cc1,"CHEMBL230839",89,"STRUCTURE INCOMPATIBLE WITH FORCE FIELD",0,,,,,,,,,,,,,,
N[C@H]1CN(c2ccc3nc(C(F)(F)F)nn3n2)CC[C@@H]1c1cc(F)c(F)cc1F.O=C(O)C(F)(F)F,"CHEMBL231293",90,"STRUCTURE INCOMPATIBLE WITH FORCE FIELD",0,,,,,,,,,,,,,,
N[C@H]1CN(c2ccc3ncnc(C4CC4)c3n2)CC[C@@H]1c1cc(F)c(F)cc1F.O=C(O)C(F)(F)F,"CHEMBL231295",91,"STRUCTURE INCOMPATIBLE WITH FORCE FIELD",0,,,,,,,,,,,,,,
Cc1nc2ccc(N3CC[C@H](c4cc(F)c(F)cc4F)[C@@H](N)C3)nc2c(=O)[nH]1.O=C(O)C(F)(F)F,"CHEMBL231395",92,"STRUCTURE INCOMPATIBLE WITH FORCE FIELD",0,,,,,,,,,,,,,,
Cc1cc(=O)n2nc(N3CC[C@H](c4cc(F)c(F)cc4F)[C@@H](N)C3)ccc2n1.O=C(O)C(F)(F)F,"CHEMBL231397",93,"STRUCTURE INCOMPATIBLE WITH FORCE FIELD",0.01,,,,,,,,,,,,,,
CCCCC1CN(c2cc(C(F)(F)F)cc(C(F)(F)F)c2)CCC1N,"CHEMBL234043",94,"STRUCTURE INCOMPATIBLE WITH FORCE FIELD",0,,,,,,,,,,,,,,
CCOC(=O)CNC(=O)c1ccc(OP(=O)(Oc2ccc(C(=O)NCC(=O)OCC)cc2)C2CCCN2C(=O)C2CCCN2)cc1,"CHEMBL235766",95,"STRUCTURE INCOMPATIBLE WITH FORCE FIELD",0,,,,,,,,,,,,,,
CC(=O)Nc1ccc(OP(=O)(Oc2ccc(NC(C)=O)cc2)C2CCCN2C(=O)[C@@H](N)CCCCN)cc1,"CHEMBL236781",96,"STRUCTURE INCOMPATIBLE WITH FORCE FIELD",0,,,,,,,,,,,,,,
CC#CCn1c(N2CCC[C@@H](N)C2)nc2c1c(=O)n(CC(=O)c1ccccc1OCC(=O)NC)c(=O)n2C,"CHEMBL237289",97,"STRUCTURE INCOMPATIBLE WITH FORCE FIELD",0,,,,,,,,,,,,,,
CC(=O)Nc1ccc(OP(=O)(Oc2ccc(NC(C)=O)cc2)C2CCCN2C(=O)[C@H](CCCCN)NC(=O)OCc2ccccc2)cc1,"CHEMBL238114",98,"STRUCTURE INCOMPATIBLE WITH FORCE FIELD",0,,,,,,,,,,,,,,
CN(C)C(=O)[C@@H](c1ccc(NS(=O)(=O)c2ccccc2)cc1)[C@H](N)C(=O)N1CC[C@H](F)C1.O=C(O)C(F)(F)F,"CHEMBL245772",99,"STRUCTURE INCOMPATIBLE WITH FORCE FIELD",0,,,,,,,,,,,,,,
CN(C)C(=O)[C@@H](c1ccc(N(C)C(=O)c2ccc(F)cc2)cc1)[C@H](N)C(=O)N1CC[C@H](F)C1.O=C(O)C(F)(F)F,"CHEMBL245969",100,"STRUCTURE INCOMPATIBLE WITH FORCE FIELD",0,,,,,,,,,,,,,,
CN(C)C(=O)[C@@H](C1CCC(NS(=O)(=O)c2ccc(F)cc2F)CC1)[C@H](N)C(=O)N1CC[C@H](F)C1.Cl,"CHEMBL246170",101,"STRUCTURE INCOMPATIBLE WITH FORCE FIELD",0,,,,,,,,,,,,,,
C[C@@H](C1CCC(NS(=O)(=O)c2ccc(OC(F)(F)F)cc2)CC1)[C@H](N)C(=O)N1CC[C@H](F)C1.Cl,"CHEMBL246373",102,"STRUCTURE INCOMPATIBLE WITH FORCE FIELD",0,,,,,,,,,,,,,,
CN(C)C(=O)[C@@H](C1CCC(N(C)C(=O)c2cccc(F)c2)CC1)[C@H](N)C(=O)N1CC[C@H](F)C1.Cl,"CHEMBL246374",103,"STRUCTURE INCOMPATIBLE WITH FORCE FIELD",0,,,,,,,,,,,,,,
Cn1c(C(F)(F)F)nc2c1CCN(C(=O)C[C@H](N)Cc1cc(F)c(F)cc1F)C2Cc1ccccc1,"CHEMBL250284",104,"STRUCTURE INCOMPATIBLE WITH FORCE FIELD",0,,,,,,,,,,,,,,
Cn1c(C(F)(F)F)nc2c1CCN(C(=O)C[C@H](N)Cc1cc(F)c(F)cc1F)C2Cc1ccc(F)cc1,"CHEMBL250285",105,"STRUCTURE INCOMPATIBLE WITH FORCE FIELD",0.01,,,,,,,,,,,,,,
N[C@@H](CC(=O)N1CCn2nc(C(F)(F)F)nc2[C@H]1Cc1ccc(C(F)(F)F)cc1)Cc1cc(F)c(F)cc1F,"CHEMBL250999",106,"STRUCTURE INCOMPATIBLE WITH FORCE FIELD",0,,,,,,,,,,,,,,
CC(c1nc(-c2ccc(C(F)(F)F)cc2Cl)no1)[C@H](N)C(F)=C1CCCC1.O=C(O)C(F)(F)F,"CHEMBL255351",107,"STRUCTURE INCOMPATIBLE WITH FORCE FIELD",0,,,,,,,,,,,,,,
CS(=O)(=O)c1ccc(-c2noc([C@H](CCO)[C@H](N)C(F)=C3CCCC3)n2)c(Cl)c1.O=C(O)C(F)(F)F,"CHEMBL255591",108,"STRUCTURE INCOMPATIBLE WITH FORCE FIELD",0,,,,,,,,,,,,,,
CC(c1nc(-c2ccc(NS(C)(=O)=O)cc2Cl)no1)[C@H](N)C(F)=C1CCCC1.O=C(O)C(F)(F)F,"CHEMBL256172",109,"STRUCTURE INCOMPATIBLE WITH FORCE FIELD",0,,,,,,,,,,,,,,
CC(c1nc(-c2ccc(Br)cc2Cl)no1)[C@H](N)C(F)=C1CCCC1.O=C(O)C(F)(F)F,"CHEMBL256603",110,"STRUCTURE INCOMPATIBLE WITH FORCE FIELD",0,,,,,,,,,,,,,,
CC(c1nc(-c2ccc(S(C)(=O)=O)cc2Cl)no1)[C@H](N)C(F)=C1CCCC1.O=C(O)C(F)(F)F,"CHEMBL257023",111,"STRUCTURE INCOMPATIBLE WITH FORCE FIELD",0,,,,,,,,,,,,,,
C[C@@H](c1ccc(-c2cccc(NS(C)(=O)=O)c2)cc1)[C@H](N)C(=O)N1CC[C@H](F)C1.O=C(O)C(F)(F)F,"CHEMBL263326",112,"STRUCTURE INCOMPATIBLE WITH FORCE FIELD",0,,,,,,,,,,,,,,
CS(=O)(=O)Nc1cccc(NC(=O)CN2CCN(C(=O)C[C@H](N)Cc3ccc(F)c(F)c3)C(Cc3ccccc3)C2)c1,"CHEMBL263946",113,"STRUCTURE INCOMPATIBLE WITH FORCE FIELD",0,,,,,,,,,,,,,,
CC(=O)Nc1ccc(OP(=O)(Oc2ccc(NC(C)=O)cc2)C2CCCN2C(=O)C2CCCN2)cc1.Cl,"CHEMBL265344",114,"STRUCTURE INCOMPATIBLE WITH FORCE FIELD",0.01,,,,,,,,,,,,,,
Cl.O=C(C1CCCN1)N1CCCC1P(=O)(OCC(Cl)(Cl)Cl)OCC(Cl)(Cl)Cl,"CHEMBL268012",115,"STRUCTURE INCOMPATIBLE WITH FORCE FIELD",0,,,,,,,,,,,,,,
COC(=O)C(Cc1ccc(OP(=O)(Oc2ccc(CC(NC(C)=O)C(=O)OC)cc2)C2CCCN2C(=O)C2CCCN2)cc1)NC(C)=O.Cl,"CHEMBL268527",116,"STRUCTURE INCOMPATIBLE WITH FORCE FIELD",0,,,,,,,,,,,,,,
C[C@H](N)C(=O)Nc1ccc(OP(=O)(Oc2ccc(NC(=O)[C@@H](C)N)cc2)C2CCCN2C(=O)C2CCCN2)cc1.Cl,"CHEMBL269209",117,"STRUCTURE INCOMPATIBLE WITH FORCE FIELD",0,,,,,,,,,,,,,,
C=C(C)[C@@H]1CC[C@]2(C(=O)O)CC[C@]3(C)[C@H](CC[C@@H]4[C@@]5(C)CC[C@H](O)C(C)(C)[C@@H]5CC[C@]43C)[C@@H]12,"CHEMBL269277",118,"STRUCTURE INCOMPATIBLE WITH FORCE FIELD",0,,,,,,,,,,,,,,
Cl.O=C(CNC(=O)c1ccccc1)Nc1ccc(OP(=O)(Oc2ccc(NC(=O)CNC(=O)c3ccccc3)cc2)C2CCCN2C(=O)C2CCCN2)cc1,"CHEMBL269757",119,"STRUCTURE INCOMPATIBLE WITH FORCE FIELD",0,,,,,,,,,,,,,,
CCOC(=O)CNC(=O)c1ccc(OP(=O)(Oc2ccc(C(=O)NCC(=O)OCC)cc2)C2CCCN2C(=O)C2CCCN2)cc1.Cl,"CHEMBL274829",120,"STRUCTURE INCOMPATIBLE WITH FORCE FIELD",0,,,,,,,,,,,,,,
C[S+](C)Cc1ccc2cc1C(=O)NCC(=O)NCC(=O)NCCCC[C@H](N)C(=O)N1CCC[C@H]1C(=O)N2.O=C(O)C(F)(F)F.O=C([O-])C(F)(F)F,"CHEMBL277390",121,"STRUCTURE INCOMPATIBLE WITH FORCE FIELD",0,,,,,,,,,,,,,,
C[S+](C)Cc1ccc2cc1C(=O)NCC(=O)NCC(=O)NCC(=O)NCC(=O)NCCCC[C@H](N)C(=O)N1CCC[C@H]1C(=O)N2.O=C(O)C(F)(F)F.O=C([O-])C(F)(F)F,"CHEMBL302602",122,"STRUCTURE INCOMPATIBLE WITH FORCE FIELD",0.01,,,,,,,,,,,,,,
N[C@H]1CCCCNC(=O)CNC(=O)CNC(=O)c2cc(ccc2COc2ccccc2)NC(=O)[C@@H]2CCCN2C1=O,"CHEMBL305759",123,"STRUCTURE INCOMPATIBLE WITH FORCE FIELD",0,,,,,,,,,,,,,,
CC(C)c1cccc(C(C)C)c1N1C(=O)c2ccccc2C1=S,"CHEMBL329471",124,"STRUCTURE INCOMPATIBLE WITH FORCE FIELD",0,,,,,,,,,,,,,,
N[C@H](C(=O)N1CC[C@H](F)C1)[C@@H](Cn1cnnn1)c1ccc(-c2ccc(F)cc2)cc1.O=C(O)C(F)(F)F,"CHEMBL359581",125,"STRUCTURE INCOMPATIBLE WITH FORCE FIELD",0,,,,,,,,,,,,,,
CS(=O)(=O)Nc1cccc(NC(=O)CN2CCN(C(=O)C[C@H](N)Cc3ccc(F)c(F)c3)[C@@H](Cc3ccccc3)C2)c1,"CHEMBL360167",126,"STRUCTURE INCOMPATIBLE WITH FORCE FIELD",0.01,,,,,,,,,,,,,,
CS(=O)(=O)Nc1cccc(NC(=O)CN2CCN(C(=O)C[C@H](N)Cc3ccc(F)c(F)c3)[C@H](Cc3ccccc3)C2)c1,"CHEMBL360425",127,"STRUCTURE INCOMPATIBLE WITH FORCE FIELD",0,,,,,,,,,,,,,,
NC(CC(=O)N1CCC[C@H]1C(=O)NCCCCc1c[nH]cn1)Cc1ccccc1F.O=C(O)C(F)(F)F,"CHEMBL361263",128,"STRUCTURE INCOMPATIBLE WITH FORCE FIELD",0,,,,,,,,,,,,,,
CS(=O)(=O)Nc1cccc(NC(=O)CN2CCN(C(=O)C[C@@H](N)Cc3ccccc3F)C(Cc3ccccc3)C2)c1,"CHEMBL362538",129,"STRUCTURE INCOMPATIBLE WITH FORCE FIELD",0,,,,,,,,,,,,,,
CN(C)C(=O)[C@@H](c1ccc(-c2ccc(F)cc2)cc1)[C@H](N)C(=O)N1CC(F)C1.O=C(O)C(F)(F)F,"CHEMBL363115",130,"STRUCTURE INCOMPATIBLE WITH FORCE FIELD",0,,,,,,,,,,,,,,
CCOC(=O)c1ccc(-c2ccc([C@H](C)[C@H](N)C(=O)N3CC[C@H](F)C3)cc2)cc1.O=C(O)C(F)(F)F,"CHEMBL363175",131,"STRUCTURE INCOMPATIBLE WITH FORCE FIELD",0,,,,,,,,,,,,,,
C[C@@H](c1ccc(-c2cccc(-c3c[nH]c(O)n3)c2)cc1)[C@H](N)C(=O)N1CC[C@H](F)C1.O=C(O)C(F)(F)F,"CHEMBL364057",132,"STRUCTURE INCOMPATIBLE WITH FORCE FIELD",0,,,,,,,,,,,,,,
CC(C)[C@H](Oc1ccc(CNC(=O)[C@@H]2CCCN2C(=O)CC(N)Cc2ccccc2F)cc1)C(=O)O.O=C(O)C(F)(F)F,"CHEMBL364100",133,"STRUCTURE INCOMPATIBLE WITH FORCE FIELD",0,,,,,,,,,,,,,,
CC(C)[C@@H](Oc1ccc(CNC(=O)[C@@H]2CCCN2C(=O)CC(N)Cc2ccccc2)cc1)C(=O)O.O=C(O)C(F)(F)F,"CHEMBL364101",134,"STRUCTURE INCOMPATIBLE WITH FORCE FIELD",0,,,,,,,,,,,,,,
CC(C)[C@@H](Oc1ccc(CNC(=O)[C@@H]2CCCN2C(=O)CC(N)Cc2cc(F)ccc2F)cc1)C(=O)O.O=C(O)C(F)(F)F,"CHEMBL364102",135,"STRUCTURE INCOMPATIBLE WITH FORCE FIELD",0,,,,,,,,,,,,,,
CC(C)[C@@H](Oc1ccc(CNC(=O)[C@@H]2CCCN2C(=O)CC(N)Cc2cc(F)c(F)cc2F)cc1)C(=O)O.O=C(O)C(F)(F)F,"CHEMBL364103",136,"STRUCTURE INCOMPATIBLE WITH FORCE FIELD",0,,,,,,,,,,,,,,
CC(C)[C@@H](Oc1ccc(CNC(=O)[C@@H]2CCCN2C(=O)CC(N)Cc2ccc(C(F)(F)F)cc2F)cc1)C(=O)O.O=C(O)C(F)(F)F,"CHEMBL364140",137,"STRUCTURE INCOMPATIBLE WITH FORCE FIELD",0,,,,,,,,,,,,,,
CN(C)C(=O)[C@@H](c1ccc(-c2ccc(F)cc2)cc1)[C@H](N)C(=O)N1CC(F)(F)C1.O=C(O)C(F)(F)F,"CHEMBL364355",138,"STRUCTURE INCOMPATIBLE WITH FORCE FIELD",0,,,,,,,,,,,,,,
CS(=O)(=O)Nc1cccc(NC(=O)CN2CCN(C(=O)C[C@H](N)Cc3ccccc3F)[C@@H](Cc3ccccc3)C2)c1,"CHEMBL364385",139,"STRUCTURE INCOMPATIBLE WITH FORCE FIELD",0,,,,,,,,,,,,,,
CCN(CC)C(=O)[C@@H](c1ccc(-c2ccc(F)cc2)cc1)[C@H](N)C(=O)N1CC[C@H](F)C1.O=C(O)C(F)(F)F,"CHEMBL364939",140,"STRUCTURE INCOMPATIBLE WITH FORCE FIELD",0,,,,,,,,,,,,,,
CCC(Oc1ccc(CNC(=O)[C@@H]2CCCN2C(=O)CC(N)Cc2ccccc2F)cc1)C(=O)O.O=C(O)C(F)(F)F,"CHEMBL365010",141,"STRUCTURE INCOMPATIBLE WITH FORCE FIELD",0,,,,,,,,,,,,,,
CC(C)[C@@H](Oc1ccc(CNC(=O)[C@@H]2CCCN2C(=O)CC(N)Cc2ccccc2F)cc1)C(=O)O.O=C(O)C(F)(F)F,"CHEMBL365231",142,"STRUCTURE INCOMPATIBLE WITH FORCE FIELD",0,,,,,,,,,,,,,,
CC(C)[C@@H](Oc1ccc(CNC(=O)[C@@H]2CCCN2C(=O)CC(N)Cc2cccc(OC(F)(F)F)c2)cc1)C(=O)O.O=C(O)C(F)(F)F,"CHEMBL365280",143,"STRUCTURE INCOMPATIBLE WITH FORCE FIELD",0,,,,,,,,,,,,,,
CS(=O)(=O)Nc1cccc(NC(=O)CN2CCN(C(=O)C[C@@H](N)Cc3ccccc3)C(Cc3ccccc3)C2)c1,"CHEMBL365414",144,"STRUCTURE INCOMPATIBLE WITH FORCE FIELD",0,,,,,,,,,,,,,,
C[C@@H](c1ccc(-c2cccc(S(C)(=O)=O)c2)cc1)[C@H](N)C(=O)N1CC[C@H](F)C1.O=C(O)C(F)(F)F,"CHEMBL365780",145,"STRUCTURE INCOMPATIBLE WITH FORCE FIELD",0,,,,,,,,,,,,,,
NC(C(=O)N1CCC[C@H]1C(=O)NCc1cccc(C(=O)O)c1)C1CCCCC1.O=C(O)C(F)(F)F,"CHEMBL365834",146,"STRUCTURE INCOMPATIBLE WITH FORCE FIELD",0,,,,,,,,,,,,,,
CCCC(Oc1ccc(CNC(=O)[C@@H]2CCCN2C(=O)CC(N)Cc2ccccc2F)cc1)C(=O)O.O=C(O)C(F)(F)F,"CHEMBL365836",147,"STRUCTURE INCOMPATIBLE WITH FORCE FIELD",0,,,,,,,,,,,,,,
CC(C)C(Oc1ccc(CNC(=O)[C@@H]2CCCN2C(=O)CC(N)Cc2ccccc2F)cc1)C(=O)O.O=C(O)C(F)(F)F,"CHEMBL365837",148,"STRUCTURE INCOMPATIBLE WITH FORCE FIELD",0,,,,,,,,,,,,,,
CCCCC(Oc1ccc(CNC(=O)[C@@H]2CCCN2C(=O)CC(N)Cc2ccccc2F)cc1)C(=O)O.O=C(O)C(F)(F)F,"CHEMBL365838",149,"STRUCTURE INCOMPATIBLE WITH FORCE FIELD",0,,,,,,,,,,,,,,
NC(C(=O)N1CCC[C@H]1C(=O)NCc1ccccc1C(=O)O)C1CCCCC1.O=C(O)C(F)(F)F,"CHEMBL365875",150,"STRUCTURE INCOMPATIBLE WITH FORCE FIELD",0,,,,,,,,,,,,,,
CN(C)C(=O)[C@@H](c1ccc(-c2ccc(F)cc2)cc1)[C@H](N)C(=O)N1CCS(=O)(=O)C1.O=C(O)C(F)(F)F,"CHEMBL365967",151,"STRUCTURE INCOMPATIBLE WITH FORCE FIELD",0.01,,,,,,,,,,,,,,
C[C@@H](c1ccc(-c2cccc(S(N)(=O)=O)c2)cc1)[C@H](N)C(=O)N1CC[C@H](F)C1.O=C(O)C(F)(F)F,"CHEMBL366031",152,"STRUCTURE INCOMPATIBLE WITH FORCE FIELD",0,,,,,,,,,,,,,,
Cc1ccc(F)cc1CC(N)CC(=O)N1CCC[C@H]1C(=O)NCc1ccc(O[C@@H](C(=O)O)C(C)C)cc1.O=C(O)C(F)(F)F,"CHEMBL366047",153,"STRUCTURE INCOMPATIBLE WITH FORCE FIELD",0,,,,,,,,,,,,,,
CC(C)[C@@H](Oc1ccc(CNC(=O)[C@@H]2CCCN2C(=O)CC(N)Cc2ccc(F)cc2Cl)cc1)C(=O)O.O=C(O)C(F)(F)F,"CHEMBL366048",154,"STRUCTURE INCOMPATIBLE WITH FORCE FIELD",0,,,,,,,,,,,,,,
NC(CC(=O)N1CCC[C@H]1C(=O)NCc1ccc(C(=O)O)cc1)Cc1ccccc1F.O=C(O)C(F)(F)F,"CHEMBL366049",155,"STRUCTURE INCOMPATIBLE WITH FORCE FIELD",0.01,,,,,,,,,,,,,,
C[C@H](Oc1ccc(CNC(=O)[C@@H]2CCCN2C(=O)CC(N)Cc2ccccc2F)cc1)C(=O)O.O=C(O)C(F)(F)F,"CHEMBL366286",156,"STRUCTURE INCOMPATIBLE WITH FORCE FIELD",0,,,,,,,,,,,,,,
CC(C)[C@H](Oc1ccc(CNC(=O)[C@@H]2CSCN2C(=O)CC(N)Cc2cc(F)ccc2F)cc1)C(=O)O.O=C(O)C(F)(F)F,"CHEMBL366290",157,"STRUCTURE INCOMPATIBLE WITH FORCE FIELD",0,,,,,,,,,,,,,,
C[C@@H](c1ccc(-c2cccc(-c3noc(C4CC4)n3)c2)cc1)[C@H](N)C(=O)N1CC[C@H](F)C1.O=C(O)C(F)(F)F,"CHEMBL370033",158,"STRUCTURE INCOMPATIBLE WITH FORCE FIELD",0,,,,,,,,,,,,,,
C[C@@H](c1ccc(-c2cccc(-c3noc(O)n3)c2)cc1)[C@H](N)C(=O)N1CC[C@H](F)C1.O=C(O)C(F)(F)F,"CHEMBL370072",159,"STRUCTURE INCOMPATIBLE WITH FORCE FIELD",0,,,,,,,,,,,,,,
CN(C)C(=O)[C@@H](c1ccc(-c2cccc(S(C)(=O)=O)c2)cc1)[C@H](N)C(=O)N1CC[C@H](F)C1.O=C(O)C(F)(F)F,"CHEMBL370677",160,"STRUCTURE INCOMPATIBLE WITH FORCE FIELD",0,,,,,,,,,,,,,,
CON(C)C(=O)[C@@H](c1ccc(-c2ccc(F)cc2)cc1)[C@H](N)C(=O)N1CC[C@H](F)C1.O=C(O)C(F)(F)F,"CHEMBL370755",161,"STRUCTURE INCOMPATIBLE WITH FORCE FIELD",0,,,,,,,,,,,,,,
CN(C)C(=O)[C@@H](c1ccc(-c2ccc(F)cc2)cc1)[C@H](N)C(=O)N1CCOCC1.O=C(O)C(F)(F)F,"CHEMBL371347",162,"STRUCTURE INCOMPATIBLE WITH FORCE FIELD",0,,,,,,,,,,,,,,
CN(C)NC(=O)[C@@H](c1ccc(-c2ccc(F)cc2)cc1)[C@H](N)C(=O)N1CC[C@H](F)C1.O=C(O)C(F)(F)F,"CHEMBL371588",163,"STRUCTURE INCOMPATIBLE WITH FORCE FIELD",0,,,,,,,,,,,,,,
COC(=O)[C@@H](c1ccc(-c2ccc(F)cc2)cc1)[C@H](N)C(=O)N1CC[C@H](F)C1.O=C(O)C(F)(F)F,"CHEMBL372004",164,"STRUCTURE INCOMPATIBLE WITH FORCE FIELD",0.01,,,,,,,,,,,,,,
CN(C)C(=O)[C@@H](c1ccc(-c2ccc(F)cc2)cc1)[C@H](N)C(=O)N1CC[C@@H](F)C1.O=C(O)C(F)(F)F,"CHEMBL372486",165,"STRUCTURE INCOMPATIBLE WITH FORCE FIELD",0,,,,,,,,,,,,,,
C[C@H](c1nc(-c2ccc(NS(C)(=O)=O)cc2Cl)no1)[C@H](N)C(=O)N1CCC(F)(F)C1.O=C(O)C(F)(F)F,"CHEMBL375146",166,"STRUCTURE INCOMPATIBLE WITH FORCE FIELD",0,,,,,,,,,,,,,,
CS(=O)(=O)c1ccc(-c2noc([C@@H](CC3CC3)[C@H](N)C(=O)N3CC[C@H](F)C3)n2)cc1.O=C(O)C(F)(F)F,"CHEMBL375442",167,"STRUCTURE INCOMPATIBLE WITH FORCE FIELD",0,,,,,,,,,,,,,,
CS(=O)(=O)c1ccc(-c2noc([C@@H](CC3CC3)[C@H](N)C(=O)N3CC[C@H](F)C3)n2)c(F)c1.O=C(O)C(F)(F)F,"CHEMBL375745",168,"STRUCTURE INCOMPATIBLE WITH FORCE FIELD",0,,,,,,,,,,,,,,
CS(=O)(=O)c1ccc(-c2noc([C@@H](CC3CC3)[C@H](N)C(=O)N3CC[C@H](F)C3)n2)c(Cl)c1.O=C(O)C(F)(F)F,"CHEMBL376498",169,"STRUCTURE INCOMPATIBLE WITH FORCE FIELD",0,,,,,,,,,,,,,,
CN(C)C(=O)[C@@H](c1ccc(-c2ccc3ncnn3c2)cc1)[C@H](N)C(=O)N1CC[C@H](F)C1.O=C(O)C(F)(F)F,"CHEMBL377221",170,"STRUCTURE INCOMPATIBLE WITH FORCE FIELD",0,,,,,,,,,,,,,,
CN(C)C(=O)[C@@H](c1ccc(-c2ccc3ncnn3c2)cc1)[C@H](N)C(=O)N1CCCC1.O=C(O)C(F)(F)F,"CHEMBL378048",171,"STRUCTURE INCOMPATIBLE WITH FORCE FIELD",0,,,,,,,,,,,,,,
CN(C)C(=O)[C@@H](c1ccc(-c2ccc3nccn3c2)cc1)[C@H](N)C(=O)N1CC[C@H](F)C1.O=C(O)C(F)(F)F,"CHEMBL378673",172,"STRUCTURE INCOMPATIBLE WITH FORCE FIELD",0,,,,,,,,,,,,,,
CN(C)C(=O)[C@@H](c1ccc(-c2ccc3nccn3n2)cc1)[C@H](N)C(=O)N1CC[C@H](F)C1.O=C(O)C(F)(F)F,"CHEMBL379702",173,"STRUCTURE INCOMPATIBLE WITH FORCE FIELD",0,,,,,,,,,,,,,,
COc1cc(=O)n(C)cc1-c1ccc([C@H](C)[C@H](N)C(=O)N2CC[C@H](F)C2)cc1.O=C(O)C(F)(F)F,"CHEMBL380496",174,"STRUCTURE INCOMPATIBLE WITH FORCE FIELD",0,,,,,,,,,,,,,,
CCOC(=O)Cn1cc(-c2ccc([C@H](C)[C@H](N)C(=O)N3CC[C@H](F)C3)cc2)ccc1=O.O=C(O)C(F)(F)F,"CHEMBL382674",175,"STRUCTURE INCOMPATIBLE WITH FORCE FIELD",0,,,,,,,,,,,,,,
C[C@@H](c1ccc(-c2ccc(=O)n(CC3CC3)c2)cc1)[C@H](N)C(=O)N1CC[C@H](F)C1.O=C(O)C(F)(F)F,"CHEMBL383323",176,"STRUCTURE INCOMPATIBLE WITH FORCE FIELD",0,,,,,,,,,,,,,,
C[C@@H](c1ccc(-c2cc(Br)c(=O)n(C)c2)cc1)[C@H](N)C(=O)N1CC[C@H](F)C1.O=C(O)C(F)(F)F,"CHEMBL383651",177,"STRUCTURE INCOMPATIBLE WITH FORCE FIELD",0,,,,,,,,,,,,,,
C[C@H](c1nc(-c2ccc(NS(C)(=O)=O)cc2Cl)no1)[C@H](N)C(=O)N1CCCC1.O=C(O)C(F)(F)F,"CHEMBL386812",178,"STRUCTURE INCOMPATIBLE WITH FORCE FIELD",0,,,,,,,,,,,,,,
C[C@H](c1nc(-c2ccc(NS(C)(=O)=O)cc2Cl)no1)[C@H](N)C(=O)N1CC[C@H](F)C1.O=C(O)C(F)(F)F,"CHEMBL387333",179,"STRUCTURE INCOMPATIBLE WITH FORCE FIELD",0,,,,,,,,,,,,,,
N[C@H]1CN(c2ccc3nc(C(F)(F)F)cn3n2)CC[C@@H]1c1cc(F)c(F)cc1F.O=C(O)C(F)(F)F,"CHEMBL389803",180,"STRUCTURE INCOMPATIBLE WITH FORCE FIELD",0,,,,,,,,,,,,,,
Cn1c(C2CC2)nc2ccc(N3CC[C@H](c4cc(F)c(F)cc4F)[C@@H](N)C3)nc21.O=C(O)C(F)(F)F,"CHEMBL389804",181,"STRUCTURE INCOMPATIBLE WITH FORCE FIELD",0,,,,,,,,,,,,,,
N[C@@H](CC(=O)N1CCn2c(nnc2C(F)(F)F)C1)Cc1cc(F)c(F)cc1F.O=P(O)(O)O,"CHEMBL393336",182,"STRUCTURE INCOMPATIBLE WITH FORCE FIELD",0.01,,,,,,,,,,,,,,
CC(C)[C@H](Oc1ccc(CNC(=O)[C@@H]2CCCN2C(=O)C[C@H](N)Cc2cc(F)c(F)cc2F)cc1)C(=O)O,"CHEMBL395762",183,"STRUCTURE INCOMPATIBLE WITH FORCE FIELD",0,,,,,,,,,,,,,,
Cc1ccc(C(=O)N(C)c2ccc([C@H](C(=O)N(C)C)[C@H](N)C(=O)N3CC[C@H](F)C3)cc2)cc1.O=C(O)C(F)(F)F,"CHEMBL396168",184,"STRUCTURE INCOMPATIBLE WITH FORCE FIELD",0,,,,,,,,,,,,,,
CC(C)[C@H](Oc1ccc(CNC(=O)[C@@H]2CCCN2C(=O)C[C@H](N)Cc2cc(F)c(F)c(F)c2F)cc1)C(=O)O,"CHEMBL397716",185,"STRUCTURE INCOMPATIBLE WITH FORCE FIELD",0,,,,,,,,,,,,,,
CN(C)C(=O)[C@@H](C1CCC(NS(=O)(=O)c2ccc(OC(F)(F)F)cc2)CC1)[C@H](N)C(=O)N1CC[C@H](F)C1.Cl,"CHEMBL397854",186,"STRUCTURE INCOMPATIBLE WITH FORCE FIELD",0,,,,,,,,,,,,,,
N[C@@H](CC(=O)N1CCn2nc(C(F)(F)F)nc2[C@H]1Cc1ccc(F)cc1)Cc1cc(F)c(F)cc1F,"CHEMBL401304",187,"STRUCTURE INCOMPATIBLE WITH FORCE FIELD",0,,,,,,,,,,,,,,
CC(c1nc(-c2ccc(S(=O)(=O)C(F)(F)F)cc2)no1)[C@H](N)C(F)=C1CCCC1.O=C(O)C(F)(F)F,"CHEMBL401932",188,"STRUCTURE INCOMPATIBLE WITH FORCE FIELD",0,,,,,,,,,,,,,,
CS(=O)(=O)c1ccc(-c2noc([C@@H](CC3CC3)[C@H](N)C(F)=C3CCCC3)n2)c(Cl)c1.O=C(O)C(F)(F)F,"CHEMBL402163",189,"STRUCTURE INCOMPATIBLE WITH FORCE FIELD",0,,,,,,,,,,,,,,
CS(=O)(=O)c1ccc(-c2noc([C@H](CC3CC3)[C@H](N)C(F)=C3CCCC3)n2)c(Cl)c1.O=C(O)C(F)(F)F,"CHEMBL404079",190,"STRUCTURE INCOMPATIBLE WITH FORCE FIELD",0,,,,,,,,,,,,,,
NC(CC(=O)N1CCC[C@H]1C(=O)NCc1ccc(C(=O)O)cc1)Cc1ccccc1.O=C(O)C(F)(F)F,"CHEMBL425347",191,"STRUCTURE INCOMPATIBLE WITH FORCE FIELD",0,,,,,,,,,,,,,,
C[C@@H](c1ccc(-c2ccccc2C(F)(F)F)cc1)[C@H](N)C(=O)N1CC[C@H](F)C1.O=C(O)C(F)(F)F,"CHEMBL425375",192,"STRUCTURE INCOMPATIBLE WITH FORCE FIELD",0,,,,,,,,,,,,,,
CCN(C)C(=O)[C@@H](c1ccc(-c2ccc(F)cc2)cc1)[C@H](N)C(=O)N1CC[C@H](F)C1.O=C(O)C(F)(F)F,"CHEMBL425558",193,"STRUCTURE INCOMPATIBLE WITH FORCE FIELD",0,,,,,,,,,,,,,,
Cc1ccc(S(=O)(=O)N(C)c2ccc([C@H](C(=O)N(C)C)[C@H](N)C(=O)N3CC[C@H](F)C3)cc2)cc1.O=C(O)C(F)(F)F,"CHEMBL429653",194,"STRUCTURE INCOMPATIBLE WITH FORCE FIELD",0,,,,,,,,,,,,,,
CCS(=O)(=O)c1ccc(-c2noc(C(C)[C@H](N)C(F)=C3CCCC3)n2)c(Cl)c1.O=C(O)C(F)(F)F,"CHEMBL429757",195,"STRUCTURE INCOMPATIBLE WITH FORCE FIELD",0,,,,,,,,,,,,,,
Cl.NC(=O)Nc1cccc(OP(=O)(OC2=CC=CC(NC(N)=O)C2)C2CCCN2C(=O)C2CCCN2)c1,"CHEMBL430281",196,"STRUCTURE INCOMPATIBLE WITH FORCE FIELD",0,,,,,,,,,,,,,,
C[C@H](c1nc(-c2ccc(S(C)(=O)=O)cc2Cl)no1)[C@H](N)C(=O)N1CC[C@H](F)C1.O=C(O)C(F)(F)F,"CHEMBL435320",197,"STRUCTURE INCOMPATIBLE WITH FORCE FIELD",0.01,,,,,,,,,,,,,,
NC(CC(=O)N1CCC[C@H]1C(=O)NCc1ccc(C(F)(F)F)cc1)Cc1ccccc1F.O=C(O)C(F)(F)F,"CHEMBL435882",198,"STRUCTURE INCOMPATIBLE WITH FORCE FIELD",0,,,,,,,,,,,,,,
CC(c1nc(-c2ccc(Cl)cc2Cl)no1)[C@H](N)C(F)=C1CCCC1.O=C(O)C(F)(F)F,"CHEMBL437026",199,"STRUCTURE INCOMPATIBLE WITH FORCE FIELD",0,,,,,,,,,,,,,,
C[C@H](c1nc(-c2ccc(S(C)(=O)=O)cc2Cl)no1)[C@H](N)C(=O)N1CCCC1.O=C(O)C(F)(F)F,"CHEMBL437206",200,"STRUCTURE INCOMPATIBLE WITH FORCE FIELD",0,,,,,,,,,,,,,,
C[C@@H](c1ccc(N(C)C(=O)c2ccc(F)cc2)cc1)[C@H](N)C(=O)N1CC[C@H](F)C1.O=C(O)C(F)(F)F,"CHEMBL437379",201,"STRUCTURE INCOMPATIBLE WITH FORCE FIELD",0,,,,,,,,,,,,,,
CCOC(=O)C(F)(F)n1cc(-c2ccc([C@H](C)[C@H](N)C(=O)N3CC[C@H](F)C3)cc2)ccc1=O.O=C(O)C(F)(F)F,"CHEMBL438258",202,"STRUCTURE INCOMPATIBLE WITH FORCE FIELD",0.01,,,,,,,,,,,,,,
CCOC(=O)Nc1c(-c2ccc([C@H](C)[C@H](N)C(=O)N3CC[C@H](F)C3)cc2)cn(C)c(=O)c1F.O=C(O)C(F)(F)F,"CHEMBL438265",203,"STRUCTURE INCOMPATIBLE WITH FORCE FIELD",0,,,,,,,,,,,,,,
NCCCC[C@H](NC(=O)OCc1ccccc1)C(=O)N1CCCC1P(=O)(Oc1ccccc1)Oc1ccccc1,"CHEMBL439205",204,"STRUCTURE INCOMPATIBLE WITH FORCE FIELD",0,,,,,,,,,,,,,,
CC(=O)Nc1ccc(OP(=O)(Oc2ccc(NC(C)=O)cc2)C2CCCN2C(=O)C2CCCN2)cc1,"CHEMBL439382",205,"STRUCTURE INCOMPATIBLE WITH FORCE FIELD",0,,,,,,,,,,,,,,
CS(=O)(=O)c1ccc(-c2noc([C@@H](CCO)[C@H](N)C(F)=C3CCCC3)n2)c(Cl)c1.O=C(O)C(F)(F)F,"CHEMBL445674",206,"STRUCTURE INCOMPATIBLE WITH FORCE FIELD",0,,,,,,,,,,,,,,
CC(C)[C@H](Oc1ccc(CNC(=O)[C@@H]2CCCN2C(=O)C[C@H](N)Cc2cc(F)ccc2F)cc1)C(=O)O.O=C(O)C(F)(F)F,"CHEMBL445949",207,"STRUCTURE INCOMPATIBLE WITH FORCE FIELD",0,,,,,,,,,,,,,,
NC(CC(=O)N1CSC[C@H]1C(=O)NCc1ccc(CC(=O)O)cc1)Cc1ccccc1.O=C(O)C(F)(F)F,"CHEMBL451492",208,"STRUCTURE INCOMPATIBLE WITH FORCE FIELD",0,,,,,,,,,,,,,,
COC(=O)c1ccc(COC(=O)C2CC=NN2C(=O)C[C@H](N)Cc2cc(F)c(F)cc2F)cc1.Cl,"CHEMBL452326",209,"STRUCTURE INCOMPATIBLE WITH FORCE FIELD",0,,,,,,,,,,,,,,
CCOC(=O)COc1ccc(CNC(=O)C2CC=NN2C(=O)C[C@H](N)Cc2cc(F)c(F)cc2F)cc1.Cl,"CHEMBL456885",210,"STRUCTURE INCOMPATIBLE WITH FORCE FIELD",0,,,,,,,,,,,,,,
COc1ccccc1N1CCc2nc(C)c(CN)c(-c3ccc(Cl)cc3Cl)c2C1=O,"CHEMBL459807",211,"STRUCTURE INCOMPATIBLE WITH FORCE FIELD",0,,,,,,,,,,,,,,
Cl.N[C@@H](CC(=O)N1N=CCC1C(=O)NCc1ccc(S(N)(=O)=O)cc1)Cc1cc(F)c(F)cc1F,"CHEMBL459881",212,"STRUCTURE INCOMPATIBLE WITH FORCE FIELD",0,,,,,,,,,,,,,,
COC(=O)c1ccc(CNC(=O)C2CC=NN2C(=O)C[C@H](N)Cc2cc(F)c(F)cc2F)cc1.Cl,"CHEMBL459882",213,"STRUCTURE INCOMPATIBLE WITH FORCE FIELD",0,,,,,,,,,,,,,,
CCOC(=O)c1ccc(OC(=O)C2CC=NN2C(=O)C[C@H](N)Cc2cc(F)c(F)cc2F)cc1.Cl,"CHEMBL460949",214,"STRUCTURE INCOMPATIBLE WITH FORCE FIELD",0,,,,,,,,,,,,,,
COC(=O)Cc1ccc(OC(=O)C2CC=NN2C(=O)C[C@H](N)Cc2cc(F)c(F)cc2F)cc1.Cl,"CHEMBL460950",215,"STRUCTURE INCOMPATIBLE WITH FORCE FIELD",0,,,,,,,,,,,,,,
CCOC(=O)c1ccc(NC(=O)C2CC=NN2C(=O)C[C@H](N)Cc2cc(F)c(F)cc2F)cc1.Cl,"CHEMBL460951",216,"STRUCTURE INCOMPATIBLE WITH FORCE FIELD",0,,,,,,,,,,,,,,
COCCOc1ccc2nc(C3(NC(=O)C[C@H](N)Cc4cc(Cl)ccc4F)CCOCC3)sc2c1,"CHEMBL469317",217,"STRUCTURE INCOMPATIBLE WITH FORCE FIELD",0,,,,,,,,,,,,,,
COCCOc1ccc2nc(C3(NC(=O)C[C@H](N)Cc4cc(F)c(F)cc4F)CCOCC3)sc2c1,"CHEMBL470164",218,"STRUCTURE INCOMPATIBLE WITH FORCE FIELD",0,,,,,,,,,,,,,,
COc1ccc2nc(C3(NC(=O)C[C@H](N)Cc4cc(F)c(F)cc4F)CCS(=O)(=O)CC3)sc2c1,"CHEMBL470356",219,"STRUCTURE INCOMPATIBLE WITH FORCE FIELD",0,,,,,,,,,,,,,,
COc1ccc2sc(C3(NC(=O)C[C@H](N)Cc4cc(F)c(F)cc4F)CCS(=O)(=O)CC3)nc2c1,"CHEMBL470357",220,"STRUCTURE INCOMPATIBLE WITH FORCE FIELD",0.01,,,,,,,,,,,,,,
Cl.N[C@@H](CC(=O)N1N=CCC1C(=O)Nc1ccc(S(N)(=O)=O)cc1)Cc1cc(F)c(F)cc1F,"CHEMBL471515",221,"STRUCTURE INCOMPATIBLE WITH FORCE FIELD",0,,,,,,,,,,,,,,
COCCOc1ccc2nc(C3(NC(=O)C[C@H](N)Cc4cc(F)c(F)cc4F)CCS(=O)(=O)CC3)sc2c1,"CHEMBL471834",222,"STRUCTURE INCOMPATIBLE WITH FORCE FIELD",0,,,,,,,,,,,,,,
CCOC(=O)COc1ccc(NC(=O)C2CC=NN2C(=O)C[C@H](N)Cc2cc(F)c(F)cc2F)cc1.Cl,"CHEMBL472199",223,"STRUCTURE INCOMPATIBLE WITH FORCE FIELD",0,,,,,,,,,,,,,,
CCOC(=O)COc1cccc(NC(=O)C2CC=NN2C(=O)C[C@H](N)Cc2cc(F)c(F)cc2F)c1.Cl,"CHEMBL472200",224,"STRUCTURE INCOMPATIBLE WITH FORCE FIELD",0,,,,,,,,,,,,,,
Cl.N[C@@H](CC(=O)N1N=CCC1C(=O)Nc1ccc(S(=O)(=O)O)cc1)Cc1cc(F)c(F)cc1F,"CHEMBL472381",225,"STRUCTURE INCOMPATIBLE WITH FORCE FIELD",0,,,,,,,,,,,,,,
CC[C@H](CC(=O)N1CCn2c(nnc2C(F)(F)F)C1)[C@H](N)C(=O)N1CCC[C@H]1C#N.O=C(O)C(F)(F)F,"CHEMBL474002",226,"STRUCTURE INCOMPATIBLE WITH FORCE FIELD",0,,,,,,,,,,,,,,
CC(C)(CC(=O)N1CCn2c(nnc2C(F)(F)F)C1)[C@H](N)C(=O)N1CCC[C@H]1C#N.O=C(O)C(F)(F)F,"CHEMBL474003",227,"STRUCTURE INCOMPATIBLE WITH FORCE FIELD",0,,,,,,,,,,,,,,
N#C[C@@H]1CCCN1C(=O)[C@@H](N)CCC(=O)N1CCn2nc(C(F)(F)F)nc2C1.O=C(O)C(F)(F)F,"CHEMBL474047",228,"STRUCTURE INCOMPATIBLE WITH FORCE FIELD",0,,,,,,,,,,,,,,
N#C[C@@H]1CCCN1C(=O)[C@@H](N)CCC(=O)N1CCn2cc(C(F)(F)F)nc2C1.O=C(O)C(F)(F)F,"CHEMBL474048",229,"STRUCTURE INCOMPATIBLE WITH FORCE FIELD",0.01,,,,,,,,,,,,,,
Cl.N[C@@H](CC(=O)N1CCCN(S(=O)(=O)c2ccc(C(=O)O)cc2)CC1)Cc1cc(F)c(F)cc1F,"CHEMBL474630",230,"STRUCTURE INCOMPATIBLE WITH FORCE FIELD",0,,,,,,,,,,,,,,
Cl.N[C@@H](CC(=O)N1CCCN(C(=O)Nc2ccc(C(=O)O)cc2)CC1)Cc1cc(F)c(F)cc1F,"CHEMBL474631",231,"STRUCTURE INCOMPATIBLE WITH FORCE FIELD",0,,,,,,,,,,,,,,
N#C[C@@H]1CCCN1C(=O)[C@@H](N)CCC(=O)N1CCN(C(=O)C(F)(F)F)CC1.O=C(O)C(F)(F)F,"CHEMBL474808",232,"STRUCTURE INCOMPATIBLE WITH FORCE FIELD",0,,,,,,,,,,,,,,
Cl.N[C@@H](CC(=O)N1CCCN(C(=O)c2ccc(S(N)(=O)=O)cc2)CC1)Cc1cc(F)c(F)cc1F,"CHEMBL474812",233,"STRUCTURE INCOMPATIBLE WITH FORCE FIELD",0,,,,,,,,,,,,,,
Cl.N[C@@H](CC(=O)N1CCCN(C(=O)c2ccc(C(=O)O)nc2)CC1)Cc1cc(F)c(F)cc1F,"CHEMBL474813",234,"STRUCTURE INCOMPATIBLE WITH FORCE FIELD",0.01,,,,,,,,,,,,,,
CC(C)(CC(=O)N1CCn2nc(C(F)(F)F)nc2C1)[C@H](N)C(=O)N1CCC[C@H]1C#N.O=C(O)C(F)(F)F,"CHEMBL475169",235,"STRUCTURE INCOMPATIBLE WITH FORCE FIELD",0,,,,,,,,,,,,,,
Cl.N[C@@H](CC(=O)N1CCCN(C(=O)c2cncc(C(=O)O)c2)CC1)Cc1cc(F)c(F)cc1F,"CHEMBL475655",236,"STRUCTURE INCOMPATIBLE WITH FORCE FIELD",0,,,,,,,,,,,,,,
C[C@H](CC(=O)N1CCn2c(nnc2C(F)(F)F)C1)[C@H](N)C(=O)N1CCC[C@H]1C#N.O=C(O)C(F)(F)F,"CHEMBL475662",237,"STRUCTURE INCOMPATIBLE WITH FORCE FIELD",0,,,,,,,,,,,,,,
CCOC(=O)[C@H](Oc1ccc(NC(=O)C2CC=NN2C(=O)C[C@H](N)Cc2cc(F)c(F)cc2F)cc1)C(C)C.Cl,"CHEMBL479536",238,"STRUCTURE INCOMPATIBLE WITH FORCE FIELD",0,,,,,,,,,,,,,,
Cc1ccc(S(=O)(=O)N2CCCN(C(=O)C[C@H](N)Cc3cc(F)c(F)cc3F)CC2)cc1.Cl,"CHEMBL481897",239,"STRUCTURE INCOMPATIBLE WITH FORCE FIELD",0,,,,,,,,,,,,,,
Cl.N[C@@H](CC(=O)N1CCCN(S(=O)(=O)c2ccc([N+](=O)[O-])cc2)CC1)Cc1cc(F)c(F)cc1F,"CHEMBL482071",240,"STRUCTURE INCOMPATIBLE WITH FORCE FIELD",0,,,,,,,,,,,,,,
Cl.N[C@@H](CC(=O)N1N=CCC1C(=O)Nc1ccc(OCC(=O)O)cc1)Cc1cc(F)c(F)cc1F,"CHEMBL488022",241,"STRUCTURE INCOMPATIBLE WITH FORCE FIELD",0,,,,,,,,,,,,,,
Cl.N[C@@H](CC(=O)N1N=CCC1C(=O)Nc1cccc(OCC(=O)O)c1)Cc1cc(F)c(F)cc1F,"CHEMBL488027",242,"STRUCTURE INCOMPATIBLE WITH FORCE FIELD",0,,,,,,,,,,,,,,
Cl.N[C@@H](CC(=O)N1N=CCC1C(=O)Nc1ccccc1OCC(=O)O)Cc1cc(F)c(F)cc1F,"CHEMBL488713",243,"STRUCTURE INCOMPATIBLE WITH FORCE FIELD",0,,,,,,,,,,,,,,
CC(C)[C@H](Oc1ccc(NC(=O)C2CC=NN2C(=O)C[C@H](N)Cc2cc(F)c(F)cc2F)cc1)C(=O)O.Cl,"CHEMBL488714",244,"STRUCTURE INCOMPATIBLE WITH FORCE FIELD",0,,,,,,,,,,,,,,
CC(C)(CNC(=O)C(c1ccc(Cl)cc1)c1ccc(Cl)cc1)NCC(=O)N1C[C@@H](F)C[C@H]1C#N,"CHEMBL488810",245,"STRUCTURE INCOMPATIBLE WITH FORCE FIELD",0,,,,,,,,,,,,,,
Cl.N[C@@H](CC(=O)N1N=CCC1C(=O)NCc1ccc(OCC(=O)O)cc1)Cc1cc(F)c(F)cc1F,"CHEMBL488908",246,"STRUCTURE INCOMPATIBLE WITH FORCE FIELD",0,,,,,,,,,,,,,,
Cl.N[C@@H](CC(=O)N1N=CCC1C(=O)NCc1cccc(OCC(=O)O)c1)Cc1cc(F)c(F)cc1F,"CHEMBL488909",247,"STRUCTURE INCOMPATIBLE WITH FORCE FIELD",0,,,,,,,,,,,,,,
N#C[C@@H]1CCCN1C(=O)[C@@H](N)CCC(=O)N1CCn2c(nnc2C(F)(F)F)C1.O=C(O)C(F)(F)F,"CHEMBL492733",248,"STRUCTURE INCOMPATIBLE WITH FORCE FIELD",0.01,,,,,,,,,,,,,,
COc1cc2c(cc1OC)C(C(C)C)N(C(=O)CC[C@H](N)C(=O)N1CCC[C@H]1C#N)CC2.O=C(O)C(F)(F)F,"CHEMBL494147",249,"STRUCTURE INCOMPATIBLE WITH FORCE FIELD",0,,,,,,,,,,,,,,
N#C[C@@H]1CCCN1C(=O)[C@@H](N)CCC(=O)N1CCc2nc(-c3ccc(F)cc3)sc2C1.O=C(O)C(F)(F)F,"CHEMBL494339",250,"STRUCTURE INCOMPATIBLE WITH FORCE FIELD",0,,,,,,,,,,,,,,
N[C@H](C(=O)N1CCCC1)[C@H]1CC[C@H](NS(=O)(=O)c2ccc(NS(=O)(=O)CC(F)(F)F)cc2)CC1,"CHEMBL497992",251,"STRUCTURE INCOMPATIBLE WITH FORCE FIELD",0,,,,,,,,,,,,,,
N[C@@H](CC(=O)NC1(c2nc3ccc(OCCN4CCOCC4)cc3s2)CCS(=O)(=O)CC1)Cc1cc(F)c(F)cc1F,"CHEMBL504021",252,"STRUCTURE INCOMPATIBLE WITH FORCE FIELD",0,,,,,,,,,,,,,,
CCOC(=O)COc1ccccc1NC(=O)C1CC=NN1C(=O)C[C@H](N)Cc1cc(F)c(F)cc1F.Cl,"CHEMBL512013",253,"STRUCTURE INCOMPATIBLE WITH FORCE FIELD",0,,,,,,,,,,,,,,
COCCOc1ccc2nc(C3(NC(=O)C[C@H](N)Cc4cc(Cl)ccc4F)CCS(=O)(=O)CC3)sc2c1,"CHEMBL512651",254,"STRUCTURE INCOMPATIBLE WITH FORCE FIELD",0,,,,,,,,,,,,,,
CCOC(=O)[C@@H](Oc1ccc(NC(=O)C2CC=NN2C(=O)C[C@H](N)Cc2cc(F)c(F)cc2F)cc1)C(C)C.Cl,"CHEMBL516747",255,"STRUCTURE INCOMPATIBLE WITH FORCE FIELD",0,,,,,,,,,,,,,,
CCOC(=O)COc1cccc(CNC(=O)C2CC=NN2C(=O)C[C@H](N)Cc2cc(F)c(F)cc2F)c1.Cl,"CHEMBL518296",256,"STRUCTURE INCOMPATIBLE WITH FORCE FIELD",0,,,,,,,,,,,,,,
C[C@@H](c1nc(-c2ccc(Cl)cc2Cl)no1)[C@H](N)Cc1cc(F)c(F)cc1F,"CHEMBL519591",257,"STRUCTURE INCOMPATIBLE WITH FORCE FIELD",0,,,,,,,,,,,,,,
CC(C)[C@@H](Oc1ccc(NC(=O)C2CC=NN2C(=O)C[C@H](N)Cc2cc(F)c(F)cc2F)cc1)C(=O)O.Cl,"CHEMBL528328",258,"STRUCTURE INCOMPATIBLE WITH FORCE FIELD",0,,,,,,,,,,,,,,
Cl.N[C@@H](CC(=O)N1CCn2c(nnc2C(F)(F)F)C1Cc1ccccc1C(F)(F)F)Cc1cc(F)c(F)cc1F,"CHEMBL536090",259,"STRUCTURE INCOMPATIBLE WITH FORCE FIELD",0,,,,,,,,,,,,,,
Cl.N[C@@H](CC(=O)N1CCn2c(nnc2C(F)(F)F)C1Cc1cc(C(F)(F)F)cc(C(F)(F)F)c1)Cc1cc(F)c(F)cc1F,"CHEMBL536312",260,"STRUCTURE INCOMPATIBLE WITH FORCE FIELD",0,,,,,,,,,,,,,,
Cl.N[C@@H](CC(=O)N1CCn2c(nnc2C(F)(F)F)C1C(O)c1ccc(F)cc1)Cc1cc(F)c(F)cc1F,"CHEMBL536536",261,"STRUCTURE INCOMPATIBLE WITH FORCE FIELD",0.01,,,,,,,,,,,,,,
Cl.N[C@@H](CC(=O)N1CCn2c(nnc2C(F)(F)F)C1CC(F)(F)F)Cc1cc(F)c(F)cc1F,"CHEMBL536999",262,"STRUCTURE INCOMPATIBLE WITH FORCE FIELD",0,,,,,,,,,,,,,,
Cl.N[C@@H](CC(=O)N1CCn2c(nnc2C(F)(F)F)C1Cc1ccccc1)Cc1cc(F)c(F)cc1F,"CHEMBL539350",263,"STRUCTURE INCOMPATIBLE WITH FORCE FIELD",0,,,,,,,,,,,,,,
COc1ccc(CC2c3nnc(C(F)(F)F)n3CCN2C(=O)C[C@H](N)Cc2cc(F)c(F)cc2F)cc1.Cl,"CHEMBL539352",264,"STRUCTURE INCOMPATIBLE WITH FORCE FIELD",0,,,,,,,,,,,,,,
Cl.N[C@@H](CC(=O)N1CCn2c(nnc2C(F)(F)F)C1Cc1ccccc1F)Cc1cc(F)c(F)cc1F,"CHEMBL540888",265,"STRUCTURE INCOMPATIBLE WITH FORCE FIELD",0,,,,,,,,,,,,,,
N[C@H]1Cn2c(nc3cnc(C(F)(F)F)cc32)C[C@@H]1c1cc(F)c(F)cc1F.O=C(O)C(F)(F)F.O=C(O)C(F)(F)F,"CHEMBL541438",266,"STRUCTURE INCOMPATIBLE WITH FORCE FIELD",0,,,,,,,,,,,,,,
CN(C)C(=O)[C@@H](c1ccc(-c2cccc(-[n+]3ccccc3)c2)cc1)[C@H](N)C(=O)N1CC[C@H](F)C1.O=C([O-])C(F)(F)F,"CHEMBL541919",267,"STRUCTURE INCOMPATIBLE WITH FORCE FIELD",0,,,,,,,,,,,,,,
N[C@H]1Cn2c(nc3ccncc32)C[C@@H]1c1cc(F)c(F)cc1F.O=C(O)C(F)(F)F.O=C(O)C(F)(F)F,"CHEMBL549502",268,"STRUCTURE INCOMPATIBLE WITH FORCE FIELD",0,,,,,,,,,,,,,,
CS(=O)(=O)c1ccc2nc3n(c2c1)C[C@H](N)[C@@H](c1cc(F)c(F)cc1F)C3.O=C(O)C(F)(F)F,"CHEMBL549645",269,"STRUCTURE INCOMPATIBLE WITH FORCE FIELD",0,,,,,,,,,,,,,,
CN(C)C(=O)[C@@H](c1ccc(-c2ccc(-[n+]3ccccc3)cc2)cc1)[C@H](N)C(=O)N1CC[C@H](F)C1.O=C([O-])C(F)(F)F,"CHEMBL552503",270,"STRUCTURE INCOMPATIBLE WITH FORCE FIELD",0.01,,,,,,,,,,,,,,
CN(C)C(=O)CC1c2nnc(C(F)(F)F)n2CCN1C(=O)C[C@H](N)Cc1cc(F)c(F)cc1F.Cl,"CHEMBL556979",271,"STRUCTURE INCOMPATIBLE WITH FORCE FIELD",0,,,,,,,,,,,,,,
Cl.N[C@@H](CC(=O)N1CCn2c(nnc2C(F)(F)F)C1Cc1ccccn1)Cc1cc(F)c(F)cc1F,"CHEMBL557176",272,"STRUCTURE INCOMPATIBLE WITH FORCE FIELD",0,,,,,,,,,,,,,,
N[C@H]1Cn2c(nc3cnc(Cl)cc32)C[C@@H]1c1cc(F)c(F)cc1F.O=C(O)C(F)(F)F.O=C(O)C(F)(F)F,"CHEMBL557447",273,"STRUCTURE INCOMPATIBLE WITH FORCE FIELD",0,,,,,,,,,,,,,,
Cc1cc2c(cn1)nc1n2C[C@H](N)[C@@H](c2cc(F)c(F)cc2F)C1.O=C(O)C(F)(F)F.O=C(O)C(F)(F)F,"CHEMBL557514",274,"STRUCTURE INCOMPATIBLE WITH FORCE FIELD",0.01,,,,,,,,,,,,,,
Cl.N[C@@H](CC(=O)N1CCn2c(nnc2C(F)(F)F)[C@@H]1Cc1ccc(F)cc1)Cc1cc(F)c(F)cc1F,"CHEMBL559371",275,"STRUCTURE INCOMPATIBLE WITH FORCE FIELD",0,,,,,,,,,,,,,,
N[C@H]1Cn2c(nc3cnc(F)cc32)C[C@@H]1c1cc(F)c(F)cc1F.O=C(O)C(F)(F)F.O=C(O)C(F)(F)F,"CHEMBL559477",276,"STRUCTURE INCOMPATIBLE WITH FORCE FIELD",0,,,,,,,,,,,,,,
CS(=O)(=O)c1ccc2c(c1)nc1n2C[C@H](N)[C@@H](c2cc(F)c(F)cc2F)C1.O=C(O)C(F)(F)F,"CHEMBL559940",277,"STRUCTURE INCOMPATIBLE WITH FORCE FIELD",0,,,,,,,,,,,,,,
CCS(=O)(=O)c1ccc2c(c1)nc1n2C[C@H](N)[C@@H](c2cc(F)c(F)cc2F)C1.O=C(O)C(F)(F)F,"CHEMBL560192",278,"STRUCTURE INCOMPATIBLE WITH FORCE FIELD",0,,,,,,,,,,,,,,
CN(C)C(=O)c1ccc2c(c1)nc1n2C[C@H](N)[C@@H](c2cc(F)c(F)cc2F)C1.O=C(O)C(F)(F)F,"CHEMBL560729",279,"STRUCTURE INCOMPATIBLE WITH FORCE FIELD",0,,,,,,,,,,,,,,
N[C@H]1Cn2c(nc3cccnc32)C[C@@H]1c1cc(F)c(F)cc1F.O=C(O)C(F)(F)F.O=C(O)C(F)(F)F,"CHEMBL560926",280,"STRUCTURE INCOMPATIBLE WITH FORCE FIELD",0,,,,,,,,,,,,,,
CS(=O)(=O)Nc1ccc2c(c1)nc1n2C[C@H](N)[C@@H](c2cc(F)c(F)cc2F)C1.O=C(O)C(F)(F)F,"CHEMBL561793",281,"STRUCTURE INCOMPATIBLE WITH FORCE FIELD",0,,,,,,,,,,,,,,
N[C@H]1Cn2c(nc3cnccc32)C[C@@H]1c1cc(F)c(F)cc1F.O=C(O)C(F)(F)F.O=C(O)C(F)(F)F,"CHEMBL562188",282,"STRUCTURE INCOMPATIBLE WITH FORCE FIELD",0,,,,,,,,,,,,,,
N[C@H]1Cn2c(nc3ncccc32)C[C@@H]1c1cc(F)c(F)cc1F.O=C(O)C(F)(F)F.O=C(O)C(F)(F)F,"CHEMBL562388",283,"STRUCTURE INCOMPATIBLE WITH FORCE FIELD",0,,,,,,,,,,,,,,
N[C@H]1Cn2c(nc3ccc(OC(F)(F)F)cc32)C[C@@H]1c1cc(F)c(F)cc1F.O=C(O)C(F)(F)F,"CHEMBL563155",284,"STRUCTURE INCOMPATIBLE WITH FORCE FIELD",0,,,,,,,,,,,,,,
COC(=O)[C@@H]1CCCN1C(=O)[C@@H](Cc1ccccc1)N(C)C(=O)[C@H](C)NC(=O)[C@@H](NC(=O)C[C@H](O)[C@H](CC(C)C)NC(=O)[C@H](CC(N)=O)NC(=O)[C@H](CC(C)C)NC(=O)[C@H](OC(=O)[C@@H](OC(=O)[C@H](C(C)C)N(C)C)C(C)C)C(C)C)[C@@H](C)O,"CHEMBL567893",285,"STRUCTURE INCOMPATIBLE WITH FORCE FIELD",0,,,,,,,,,,,,,,
O=C(/C=C/c1ccc(O[C@@H]2O[C@H](CO)[C@@H](O)[C@H](O)[C@H]2O)cc1)c1ccc(O)cc1O,"CHEMBL599763",286,"STRUCTURE INCOMPATIBLE WITH FORCE FIELD",0,,,,,,,,,,,,,,
CC(=O)OCc1ccc2cc1C(=O)NCC(=O)NCC(=O)NCCCC[C@H](N)C(=O)N1CCC[C@H]1C(=O)N2.O=C(O)C(F)(F)F,"CHEMBL1160335",287,"STRUCTURE INCOMPATIBLE WITH FORCE FIELD",0,,,,,,,,,,,,,,
CC(Cc1nc(-c2ccc(S(C)(=O)=O)cc2Cl)no1)C(F)=C1CCCC1.O=C(O)C(F)(F)F,"CHEMBL1162974",288,"STRUCTURE INCOMPATIBLE WITH FORCE FIELD",0,,,,,,,,,,,,,,
CC(C)[C@H](Oc1ccc(CNC(=O)[C@@H]2CCCN2C(=O)C[C@H](N)Cc2cc(F)ccc2F)cc1)C(=O)O,"CHEMBL1186023",289,"STRUCTURE INCOMPATIBLE WITH FORCE FIELD",0,,,,,,,,,,,,,,
COc1cc(N2CCN(CCNCC(=O)N3CCC[C@@H]3C#N)C2=O)cc(OC)c1OC.O=C(O)C(=O)O,"CHEMBL1202085",290,"STRUCTURE INCOMPATIBLE WITH FORCE FIELD",0,,,,,,,,,,,,,,
Cl.N[C@@H](CC(=O)N1CCn2c(nnc2C(F)(F)F)[C@H]1Cc1ccc(F)cc1)Cc1cc(F)c(F)cc1F,"CHEMBL1203953",291,"STRUCTURE INCOMPATIBLE WITH FORCE FIELD",0.01,,,,,,,,,,,,,,
COc1ccc(CN2CC3CN(C(=O)C[C@H](N)Cc4cc(F)c(F)cc4F)CCN3C2=O)cc1.O=C(O)/C=C/C(=O)O,"CHEMBL1275851",292,"STRUCTURE INCOMPATIBLE WITH FORCE FIELD",0,,,,,,,,,,,,,,
COc1ccccc1CN1CC2CN(C(=O)C[C@H](N)Cc3cc(F)c(F)cc3F)CCN2C1=O.O=C(O)/C=C/C(=O)O,"CHEMBL1275852",293,"STRUCTURE INCOMPATIBLE WITH FORCE FIELD",0,,,,,,,,,,,,,,
COc1cccc(CN2CC3CN(C(=O)C[C@H](N)Cc4cc(F)c(F)cc4F)CCN3C2=O)c1.O=C(O)/C=C/C(=O)O,"CHEMBL1275853",294,"STRUCTURE INCOMPATIBLE WITH FORCE FIELD",0,,,,,,,,,,,,,,
COc1cc(CN2CC3CN(C(=O)C[C@H](N)Cc4cc(F)c(F)cc4F)CCN3C2=O)cc(OC)c1.O=C(O)/C=C/C(=O)O,"CHEMBL1275854",295,"STRUCTURE INCOMPATIBLE WITH FORCE FIELD",0.01,,,,,,,,,,,,,,
CCN1CC2CN(C(=O)C[C@H](N)Cc3cc(F)c(F)cc3F)CCN2C1=O.O=C(O)/C=C/C(=O)O,"CHEMBL1276620",296,"STRUCTURE INCOMPATIBLE WITH FORCE FIELD",0,,,,,,,,,,,,,,
N[C@@H](CC(=O)N1CCN2C(=O)N(Cc3ccccc3)CC2C1)Cc1cc(F)c(F)cc1F.O=C(O)/C=C/C(=O)O,"CHEMBL1276650",297,"STRUCTURE INCOMPATIBLE WITH FORCE FIELD",0,,,,,,,,,,,,,,
N[C@@H](CC(=O)N1CCN2C(=O)N(Cc3ccc(F)cc3)CC2C1)Cc1cc(F)c(F)cc1F.O=C(O)/C=C/C(=O)O,"CHEMBL1276682",298,"STRUCTURE INCOMPATIBLE WITH FORCE FIELD",0,,,,,,,,,,,,,,
Cl.Cn1c(=O)c2c(cc(N3CCC[C@@](C)(N)C3)n2Cc2cc(F)ccc2Cl)n(CCCO)c1=O,"CHEMBL1287844",299,"STRUCTURE INCOMPATIBLE WITH FORCE FIELD",0.01,,,,,,,,,,,,,,
CCOCCCn1c(=O)n(C)c(=O)c2c1cc(N1CCC[C@@](C)(N)C1)n2Cc1cc(F)ccc1Cl.Cl,"CHEMBL1287845",300,"STRUCTURE INCOMPATIBLE WITH FORCE FIELD",0,,,,,,,,,,,,,,
CN(C)C(=O)Cn1c(=O)n(C)c(=O)c2c1cc(N1CCC[C@@](C)(N)C1)n2Cc1cc(F)ccc1Cl.Cl,"CHEMBL1288289",301,"STRUCTURE INCOMPATIBLE WITH FORCE FIELD",0,,,,,,,,,,,,,,
CC(C)[C@@H](Nc1ccc(CNC(=O)[C@H]2SCCN2C(=O)C[C@H](N)Cc2cc(F)c(F)cc2F)cc1)C(=O)O,"CHEMBL1614845",302,"STRUCTURE INCOMPATIBLE WITH FORCE FIELD",0,,,,,,,,,,,,,,
Cc1ccc(-c2c(CC(=O)Nc3cccc([S+](C)[O-])c3)c(C)nc(CC(C)C)c2CN)cc1.Cl,"CHEMBL1644844",303,"STRUCTURE INCOMPATIBLE WITH FORCE FIELD",0,,,,,,,,,,,,,,
Cc1noc(C)c1S(=O)(=O)N(Cc1ccccc1)[C@H]1CC[C@H]([C@H](N)Cc2cc(F)ccc2F)CC1,"CHEMBL1683093",304,"STRUCTURE INCOMPATIBLE WITH FORCE FIELD",0,,,,,,,,,,,,,,
Cc1noc(C)c1S(=O)(=O)N(CCCC(F)(F)F)[C@H]1CC[C@H]([C@H](N)Cc2cc(F)ccc2F)CC1,"CHEMBL1683094",305,"STRUCTURE INCOMPATIBLE WITH FORCE FIELD",0,,,,,,,,,,,,,,
N[C@H](Cc1cc(F)ccc1F)[C@H]1CC[C@H](N(CCCC(F)(F)F)Cc2ccccc2)CC1,"CHEMBL1683128",306,"STRUCTURE INCOMPATIBLE WITH FORCE FIELD",0,,,,,,,,,,,,,,
Cl.N[C@@H](CC(=O)N1CCSC1C(=O)NCc1ccc(C(=O)O)cc1)Cc1cc(F)c(F)cc1F,"CHEMBL1683486",307,"STRUCTURE INCOMPATIBLE WITH FORCE FIELD",0,,,,,,,,,,,,,,
CCOC(=O)COc1ccc(CNC(=O)C2SCCN2C(=O)C[C@H](N)Cc2cc(F)c(F)cc2F)cc1.Cl,"CHEMBL1683487",308,"STRUCTURE INCOMPATIBLE WITH FORCE FIELD",0.01,,,,,,,,,,,,,,
Cl.N[C@@H](CC(=O)N1CCSC1C(=O)NCc1ccc(OCC(=O)O)cc1)Cc1cc(F)c(F)cc1F,"CHEMBL1683488",309,"STRUCTURE INCOMPATIBLE WITH FORCE FIELD",0,,,,,,,,,,,,,,
CCOC(=O)COc1cccc(CNC(=O)C2SCCN2C(=O)C[C@H](N)Cc2cc(F)c(F)cc2F)c1.Cl,"CHEMBL1683489",310,"STRUCTURE INCOMPATIBLE WITH FORCE FIELD",0,,,,,,,,,,,,,,
Cl.N[C@@H](CC(=O)N1CCSC1C(=O)NCc1cccc(OCC(=O)O)c1)Cc1cc(F)c(F)cc1F,"CHEMBL1683490",311,"STRUCTURE INCOMPATIBLE WITH FORCE FIELD",0,,,,,,,,,,,,,,
CCOC(=O)C1COc2cc(CNC(=O)C3SCCN3C(=O)C[C@H](N)Cc3cc(F)c(F)cc3F)ccc2O1.Cl,"CHEMBL1683491",312,"STRUCTURE INCOMPATIBLE WITH FORCE FIELD",0,,,,,,,,,,,,,,
Cl.N[C@@H](CC(=O)N1CCSC1C(=O)NCc1ccc2c(c1)OCC(C(=O)O)O2)Cc1cc(F)c(F)cc1F,"CHEMBL1683492",313,"STRUCTURE INCOMPATIBLE WITH FORCE FIELD",0,,,,,,,,,,,,,,
CCOC(=O)C1Oc2ccc(CNC(=O)C3SCCN3C(=O)C[C@H](N)Cc3cc(F)c(F)cc3F)cc2O1.Cl,"CHEMBL1683493",314,"STRUCTURE INCOMPATIBLE WITH FORCE FIELD",0,,,,,,,,,,,,,,
Cl.N[C@@H](CC(=O)N1CCSC1C(=O)NCc1ccc2c(c1)OC(C(=O)O)O2)Cc1cc(F)c(F)cc1F,"CHEMBL1683494",315,"STRUCTURE INCOMPATIBLE WITH FORCE FIELD",0,,,,,,,,,,,,,,
CC(Oc1ccc(CNC(=O)C2SCCN2C(=O)C[C@H](N)Cc2cc(F)c(F)cc2F)cc1)C(=O)O.Cl,"CHEMBL1683495",316,"STRUCTURE INCOMPATIBLE WITH FORCE FIELD",0,,,,,,,,,,,,,,
CC(C)(Oc1ccc(CNC(=O)C2SCCN2C(=O)C[C@H](N)Cc2cc(F)c(F)cc2F)cc1)C(=O)O.Cl,"CHEMBL1683496",317,"STRUCTURE INCOMPATIBLE WITH FORCE FIELD",0.01,,,,,,,,,,,,,,
Cl.N[C@@H](CC(=O)N1CCSC1C(=O)NCc1ccc(OC(Cc2ccccc2)C(=O)O)cc1)Cc1cc(F)c(F)cc1F,"CHEMBL1683497",318,"STRUCTURE INCOMPATIBLE WITH FORCE FIELD",0,,,,,,,,,,,,,,
CC(C)C(Oc1ccc(CNC(=O)C2SCCN2C(=O)C[C@H](N)Cc2cc(F)c(F)cc2F)cc1)C(=O)O.Cl,"CHEMBL1683498",319,"STRUCTURE INCOMPATIBLE WITH FORCE FIELD",0,,,,,,,,,,,,,,
CCOC(=O)C(Oc1ccc(CNC(=O)C2SCCN2C(=O)C[C@H](N)Cc2cc(F)c(F)cc2F)cc1)C(C)C.Cl,"CHEMBL1683499",320,"STRUCTURE INCOMPATIBLE WITH FORCE FIELD",0,,,,,,,,,,,,,,
CC(C)(Nc1ccc(CNC(=O)C2SCCN2C(=O)C[C@H](N)Cc2cc(F)c(F)cc2F)cc1)C(=O)O.Cl,"CHEMBL1683502",321,"STRUCTURE INCOMPATIBLE WITH FORCE FIELD",0.01,,,,,,,,,,,,,,
CCOC(=O)C(C)(C)Nc1ccc(CNC(=O)C2SCCN2C(=O)C[C@H](N)Cc2cc(F)c(F)cc2F)cc1.Cl,"CHEMBL1683503",322,"STRUCTURE INCOMPATIBLE WITH FORCE FIELD",0,,,,,,,,,,,,,,
CC(C)C(Nc1ccc(CNC(=O)C2SCCN2C(=O)C[C@H](N)Cc2cc(F)c(F)cc2F)cc1)C(=O)O.Cl,"CHEMBL1683504",323,"STRUCTURE INCOMPATIBLE WITH FORCE FIELD",0,,,,,,,,,,,,,,
CCOC(=O)C(Nc1ccc(CNC(=O)C2SCCN2C(=O)C[C@H](N)Cc2cc(F)c(F)cc2F)cc1)C(C)C.Cl,"CHEMBL1683505",324,"STRUCTURE INCOMPATIBLE WITH FORCE FIELD",0,,,,,,,,,,,,,,
CC(C)[C@@H](Nc1ccc(CNC(=O)[C@@H]2SCCN2C(=O)C[C@H](N)Cc2cc(F)c(F)cc2F)cc1)C(=O)O.Cl,"CHEMBL1683506",325,"STRUCTURE INCOMPATIBLE WITH FORCE FIELD",0,,,,,,,,,,,,,,
CCOC(=O)[C@H](Nc1ccc(CNC(=O)[C@@H]2SCCN2C(=O)C[C@H](N)Cc2cc(F)c(F)cc2F)cc1)C(C)C.Cl,"CHEMBL1683507",326,"STRUCTURE INCOMPATIBLE WITH FORCE FIELD",0,,,,,,,,,,,,,,
CC(C)[C@H](Nc1ccc(CNC(=O)[C@@H]2SCCN2C(=O)C[C@H](N)Cc2cc(F)c(F)cc2F)cc1)C(=O)O,"CHEMBL1683508",327,"STRUCTURE INCOMPATIBLE WITH FORCE FIELD",0,,,,,,,,,,,,,,
CCOC(=O)[C@@H](Nc1ccc(CNC(=O)[C@@H]2SCCN2C(=O)C[C@H](N)Cc2cc(F)c(F)cc2F)cc1)C(C)C,"CHEMBL1683641",328,"STRUCTURE INCOMPATIBLE WITH FORCE FIELD",0,,,,,,,,,,,,,,
CCOC(=O)[C@H](Nc1ccc(CNC(=O)[C@H]2SCCN2C(=O)C[C@H](N)Cc2cc(F)c(F)cc2F)cc1)C(C)C,"CHEMBL1683642",329,"STRUCTURE INCOMPATIBLE WITH FORCE FIELD",0,,,,,,,,,,,,,,
CC(C)[C@H](Nc1ccc(CNC(=O)[C@H]2SCCN2C(=O)C[C@H](N)Cc2cc(F)c(F)cc2F)cc1)C(=O)O,"CHEMBL1683643",330,"STRUCTURE INCOMPATIBLE WITH FORCE FIELD",0,,,,,,,,,,,,,,
CCOC(=O)[C@@H](Nc1ccc(CNC(=O)[C@H]2SCCN2C(=O)C[C@H](N)Cc2cc(F)c(F)cc2F)cc1)C(C)C,"CHEMBL1683644",331,"STRUCTURE INCOMPATIBLE WITH FORCE FIELD",0,,,,,,,,,,,,,,
N[C@@H](CC(=O)N1CCn2nnc(C(F)(F)F)c2C1)Cc1cc(F)c(F)cc1F.O=C(O)/C=C/C(=O)O,"CHEMBL1683979",332,"STRUCTURE INCOMPATIBLE WITH FORCE FIELD",0,,,,,,,,,,,,,,
N[C@@H](CC(=O)N1CCn2nnc(-c3ccccc3)c2C1)Cc1cc(F)c(F)cc1F.O=P(O)(O)O,"CHEMBL1683983",333,"STRUCTURE INCOMPATIBLE WITH FORCE FIELD",0.01,,,,,,,,,,,,,,
N[C@@H](CC(=O)N1CCn2nnc(-c3ccc(F)cc3)c2C1)Cc1cc(F)c(F)cc1F.O=P(O)(O)O,"CHEMBL1683984",334,"STRUCTURE INCOMPATIBLE WITH FORCE FIELD",0,,,,,,,,,,,,,,
Cl.N[C@@H](CC(=O)N1CCn2nnc(-c3ccc(C(F)(F)F)cc3)c2C1)Cc1cc(F)c(F)cc1F,"CHEMBL1683986",335,"STRUCTURE INCOMPATIBLE WITH FORCE FIELD",0,,,,,,,,,,,,,,
COC(=O)c1cccc(-c2nnn3c2CN(C(=O)C[C@H](N)Cc2cc(F)c(F)cc2F)CC3)c1.Cl,"CHEMBL1683988",336,"STRUCTURE INCOMPATIBLE WITH FORCE FIELD",0,,,,,,,,,,,,,,
CN(C)C(=O)c1ccc(-c2nnn3c2CN(C(=O)C[C@H](N)Cc2cc(F)c(F)cc2F)CC3)cc1.Cl,"CHEMBL1683990",337,"STRUCTURE INCOMPATIBLE WITH FORCE FIELD",0.01,,,,,,,,,,,,,,
COC(=O)c1ccc(-c2nnn3c2CN(C(=O)C[C@H](N)Cc2cc(F)c(F)cc2F)CC3)cc1.O=P(O)(O)O,"CHEMBL1683991",338,"STRUCTURE INCOMPATIBLE WITH FORCE FIELD",0,,,,,,,,,,,,,,
CS(=O)(=O)c1ccc(-c2nnn3c2CN(C(=O)C[C@H](N)Cc2cc(F)c(F)cc2F)CC3)cc1.Cl,"CHEMBL1683993",339,"STRUCTURE INCOMPATIBLE WITH FORCE FIELD",0,,,,,,,,,,,,,,
N[C@@H](CC(=O)N1CCn2nnc(-c3ccccn3)c2C1)Cc1cc(F)c(F)cc1F.O=C(O)/C=C/C(=O)O,"CHEMBL1683995",340,"STRUCTURE INCOMPATIBLE WITH FORCE FIELD",0,,,,,,,,,,,,,,
N[C@@H](CC(=O)N1CCn2nnc(-c3ccoc3)c2C1)Cc1cc(F)c(F)cc1F.O=C(O)/C=C/C(=O)O,"CHEMBL1683997",341,"STRUCTURE INCOMPATIBLE WITH FORCE FIELD",0.01,,,,,,,,,,,,,,
N[C@@H](CC(=O)N1CCn2nnc(-c3ccsc3)c2C1)Cc1cc(F)c(F)cc1F.O=C(O)/C=C/C(=O)O,"CHEMBL1683999",342,"STRUCTURE INCOMPATIBLE WITH FORCE FIELD",0,,,,,,,,,,,,,,
N[C@@H](CC(=O)N1CCn2nnc(-c3cnco3)c2C1)Cc1cc(F)c(F)cc1F.O=C(O)/C=C/C(=O)O,"CHEMBL1684000",343,"STRUCTURE INCOMPATIBLE WITH FORCE FIELD",0,,,,,,,,,,,,,,
CC(=O)O[C@H]1CC[C@@]2(C)C(=CC[C@@H]3[C@@H]2CC[C@]2(C)C(C(C)=O)=CC[C@@H]32)C1,"CHEMBL1761683",344,"STRUCTURE INCOMPATIBLE WITH FORCE FIELD",0,,,,,,,,,,,,,,
CC(=O)[C@H]1C(NCc2ccccc2)C[C@H]2[C@@H]3CC=C4C[C@@H](O)CC[C@]4(C)[C@H]3CC[C@]12C,"CHEMBL1761684",345,"STRUCTURE INCOMPATIBLE WITH FORCE FIELD",0,,,,,,,,,,,,,,
COc1ccc(/C=C/C(=O)C2=CC[C@H]3[C@@H]4CC=C5C[C@@H](O)CC[C@]5(C)[C@H]4CC[C@]23C)cc1OC,"CHEMBL1761685",346,"STRUCTURE INCOMPATIBLE WITH FORCE FIELD",0,,,,,,,,,,,,,,
CCCN1C(c2ccc(OC)cc2)CC(=O)[C@H]2C1C[C@H]1[C@@H]3CC=C4C[C@@H](O)CC[C@]4(C)[C@H]3CC[C@]21C,"CHEMBL1761686",347,"STRUCTURE INCOMPATIBLE WITH FORCE FIELD",0,,,,,,,,,,,,,,
CCCN1C(c2ccc(C(C)C)cc2)CC(=O)[C@H]2C1C[C@H]1[C@@H]3CC=C4C[C@@H](O)CC[C@]4(C)[C@H]3CC[C@]21C,"CHEMBL1761687",348,"STRUCTURE INCOMPATIBLE WITH FORCE FIELD",0,,,,,,,,,,,,,,
C[C@H](NC(=O)CCC(=O)O)C(=O)N[C@@H](C)C(=O)N1CCC[C@H]1C(=O)N[C@@H](Cc1ccccc1)C(=O)N[C@@H](C)C(=O)N1CCC[C@H]1B(O)O,"CHEMBL1765236",349,"STRUCTURE INCOMPATIBLE WITH FORCE FIELD",0,,,,,,,,,,,,,,
O=C1c2c(Cl)c(Cl)c(Cl)c(Cl)c2C(=O)N1c1cccc(CCc2cccc(C(F)(F)F)c2)c1,"CHEMBL1771583",350,"STRUCTURE INCOMPATIBLE WITH FORCE FIELD",0,,,,,,,,,,,,,,
O=C1c2c(Cl)c(Cl)c(Cl)c(Cl)c2C(=O)N1c1cccc(CCc2ccccc2C(F)(F)F)c1,"CHEMBL1771584",351,"STRUCTURE INCOMPATIBLE WITH FORCE FIELD",0,,,,,,,,,,,,,,
N[C@@H](CC(=O)N1CCN(Cc2ccc(I)cc2)C(=O)C1)Cc1cc(F)c(F)cc1F,"CHEMBL1779701",352,"STRUCTURE INCOMPATIBLE WITH FORCE FIELD",0,,,,,,,,,,,,,,
COc1cc(CN2CCN(C(=O)C[C@H](N)Cc3cc(F)c(F)cc3F)CC2=O)c([N+](=O)[O-])cc1OC,"CHEMBL1779704",353,"STRUCTURE INCOMPATIBLE WITH FORCE FIELD",0,,,,,,,,,,,,,,
Cc1nc2cc(-c3ccccc3)nn2c(C)c1C(=O)NCC(C)(C)NCC(=O)N1CCC[C@H]1C#N.Cl,"CHEMBL1929394",354,"STRUCTURE INCOMPATIBLE WITH FORCE FIELD",0,,,,,,,,,,,,,,
CC(C)=CCn1c(N2CCCNCC2)c(C#N)c2c1c(=O)n(Cc1c(C#N)cnc3ccccc13)c(=O)n2C,"CHEMBL1949693",355,"STRUCTURE INCOMPATIBLE WITH FORCE FIELD",0,,,,,,,,,,,,,,
CC#CCn1c(N2CCCNCC2)c(C#N)c2c1c(=O)n(Cc1ncc3ccccc3c1C#N)c(=O)n2C,"CHEMBL1951416",356,"STRUCTURE INCOMPATIBLE WITH FORCE FIELD",0,,,,,,,,,,,,,,
COc1cccc(C(=O)Cn2c(=O)c3c(c(C#N)c(N4CCC[C@H](N)C4)n3Cc3ccccc3)n(C)c2=O)c1,"CHEMBL1951595",357,"STRUCTURE INCOMPATIBLE WITH FORCE FIELD",0,,,,,,,,,,,,,,
Cn1c(=O)n(Cc2nccc3ccccc23)c(=O)c2c1c(C#N)c(N1CCC[C@H](N)C1)n2Cc1ccccc1,"CHEMBL1951596",358,"STRUCTURE INCOMPATIBLE WITH FORCE FIELD",0,,,,,,,,,,,,,,
COc1cccc(C(=O)Cn2c(=O)c3c(c(C#N)c(N4CCC[C@H](N)C4)n3CC=C(C)C)n(C)c2=O)c1,"CHEMBL1951598",359,"STRUCTURE INCOMPATIBLE WITH FORCE FIELD",0,,,,,,,,,,,,,,
CC(C)=CCn1c(N2CCC[C@H](N)C2)c(C#N)c2c1c(=O)n(Cc1nc(C)c3ccccc3n1)c(=O)n2C,"CHEMBL1951600",360,"STRUCTURE INCOMPATIBLE WITH FORCE FIELD",0.01,,,,,,,,,,,,,,
COc1cccc(C(=O)Cn2c(=O)c3c(c(C#N)c(N4CCCNCC4)n3CC=C(C)C)n(C)c2=O)c1,"CHEMBL1951607",361,"STRUCTURE INCOMPATIBLE WITH FORCE FIELD",0,,,,,,,,,,,,,,
CC(C)=CCn1c(N2CCCNCC2)c(C#N)c2c1c(=O)n(Cc1nc(C)c3ccccc3n1)c(=O)n2C,"CHEMBL1951609",362,"STRUCTURE INCOMPATIBLE WITH FORCE FIELD",0,,,,,,,,,,,,,,
CC(C)=CCn1c(N2CCCNCC2)c(C#N)c2c1c(=O)n(Cc1ncc3ccccc3c1C#N)c(=O)n2C,"CHEMBL1951611",363,"STRUCTURE INCOMPATIBLE WITH FORCE FIELD",0,,,,,,,,,,,,,,
CC#CCn1c(N2CCCNCC2)c(C#N)c2c1c(=O)n(Cc1c(C#N)cnc3ccccc13)c(=O)n2C,"CHEMBL1951614",364,"STRUCTURE INCOMPATIBLE WITH FORCE FIELD",0,,,,,,,,,,,,,,
N[C@H]1CN(c2ccc(-n3ccc(OCc4ccccc4)cc3=O)cn2)CC[C@@H]1c1cc(F)c(F)cc1F,"CHEMBL2011535",365,"STRUCTURE INCOMPATIBLE WITH FORCE FIELD",0,,,,,,,,,,,,,,
N=C(N)NCCC[C@H](N)C(=O)N1C[C@@H](O)C[C@H]1B(O)O,"CHEMBL2063040",366,"STRUCTURE INCOMPATIBLE WITH FORCE FIELD",0,,,,,,,,,,,,,,
N[C@@H](CC(=O)N1CCN(C(c2ccc(F)cc2)c2ccc(F)cc2)CC1)Cc1cc(F)c(F)cc1F,"CHEMBL2069837",367,"STRUCTURE INCOMPATIBLE WITH FORCE FIELD",0,,,,,,,,,,,,,,
CN1CCN(c2ccc(C(=O)N3CCN(C(=O)C[C@H](N)Cc4cc(F)c(F)cc4F)CC3)cc2)CC1,"CHEMBL2069846",368,"STRUCTURE INCOMPATIBLE WITH FORCE FIELD",0,,,,,,,,,,,,,,
N[C@@H](CC(=O)N1CCN(C(=O)c2cccc(-c3ccc(F)cc3)n2)CC1)Cc1cc(F)c(F)cc1F,"CHEMBL2069858",369,"STRUCTURE INCOMPATIBLE WITH FORCE FIELD",0,,,,,,,,,,,,,,
Cl.Cn1c(=O)c2c(nc(N3CCC[C@@H](N)C3)n2Cc2cccc(Cl)c2)c2cc(C(=O)O)ccc21,"CHEMBL2147049",370,"STRUCTURE INCOMPATIBLE WITH FORCE FIELD",0,,,,,,,,,,,,,,
Cl.Cn1c(=O)c2c(nc(N3CCC[C@@H](N)C3)n2CCc2ccccc2Cl)c2cc(C(=O)O)ccc21,"CHEMBL2147064",371,"STRUCTURE INCOMPATIBLE WITH FORCE FIELD",0,,,,,,,,,,,,,,
Cl.Cn1c(=O)c2c(nc(N3CCC[C@@H](N)C3)n2Cc2cc(Cl)ccc2Cl)c2cc(C(=O)O)ccc21,"CHEMBL2147068",372,"STRUCTURE INCOMPATIBLE WITH FORCE FIELD",0,,,,,,,,,,,,,,
Cl.Cn1c(=O)c2c(nc(N3CCC[C@@H](N)C3)n2Cc2cc(F)ccc2Cl)c2cc(C(=O)O)ccc21,"CHEMBL2147069",373,"STRUCTURE INCOMPATIBLE WITH FORCE FIELD",0,,,,,,,,,,,,,,
Cl.Cn1c(=O)c2c(nc(N3CCC[C@@H](N)C3)n2Cc2cc(F)ccc2Cl)c2ccc(C(=O)O)cc21,"CHEMBL2147070",374,"STRUCTURE INCOMPATIBLE WITH FORCE FIELD",0,,,,,,,,,,,,,,
CN(C)C(=O)c1ccc2c3nc(N4CCC[C@@H](N)C4)n(Cc4ccccc4Cl)c3c(=O)n(C)c2c1.Cl,"CHEMBL2147071",375,"STRUCTURE INCOMPATIBLE WITH FORCE FIELD",0,,,,,,,,,,,,,,
Cl.Cn1c(=O)c2c(nc(N3CCC[C@@H](N)C3)n2Cc2ccccc2Cl)c2ccc(C(=O)O)cc21,"CHEMBL2147073",376,"STRUCTURE INCOMPATIBLE WITH FORCE FIELD",0,,,,,,,,,,,,,,
Cl.Cn1c(=O)c2c(nc(N3CCC[C@@H](N)C3)n2Cc2ccccc2Cl)c2ccc(CC(=O)O)cc21,"CHEMBL2147074",377,"STRUCTURE INCOMPATIBLE WITH FORCE FIELD",0,,,,,,,,,,,,,,
Cl.Cn1c(=O)c2c(nc(N3CCC[C@@H](N)C3)n2Cc2ccccc2Cl)c2cc(OC(F)F)ccc21,"CHEMBL2147078",378,"STRUCTURE INCOMPATIBLE WITH FORCE FIELD",0,,,,,,,,,,,,,,
COC(=O)c1ccc2c(c1)c1nc(N3CCC[C@@H](N)C3)n(Cc3ccccc3Cl)c1c(=O)n2C.Cl,"CHEMBL2147079",379,"STRUCTURE INCOMPATIBLE WITH FORCE FIELD",0.01,,,,,,,,,,,,,,
Cl.Cn1c(=O)c2c(nc(N3CCC[C@@H](N)C3)n2Cc2ccccc2Cl)c2cc(C(N)=O)ccc21,"CHEMBL2147080",380,"STRUCTURE INCOMPATIBLE WITH FORCE FIELD",0,,,,,,,,,,,,,,
CN(C)C(=O)c1ccc2c(c1)c1nc(N3CCC[C@@H](N)C3)n(Cc3ccccc3Cl)c1c(=O)n2C.Cl,"CHEMBL2147081",381,"STRUCTURE INCOMPATIBLE WITH FORCE FIELD",0,,,,,,,,,,,,,,
Cl.Cn1c(=O)c2c(nc(N3CCC[C@@H](N)C3)n2Cc2ccccc2Cl)c2cc(C(=O)O)ccc21,"CHEMBL2147082",382,"STRUCTURE INCOMPATIBLE WITH FORCE FIELD",0,,,,,,,,,,,,,,
Cl.Cn1c(=O)c2c(nc(N3CCC[C@@H](N)C3)n2Cc2ccccc2Cl)c2cc(CC(=O)O)ccc21,"CHEMBL2147083",383,"STRUCTURE INCOMPATIBLE WITH FORCE FIELD",0,,,,,,,,,,,,,,
Cl.Cn1c(=O)c2c(nc(N3CCC[C@@H](N)C3)n2Cc2ccccc2Cl)c2c(C(=O)O)cccc21,"CHEMBL2147084",384,"STRUCTURE INCOMPATIBLE WITH FORCE FIELD",0,,,,,,,,,,,,,,
Cl.Cn1c(=O)c2c(nc(N3CCC[C@@H](N)C3)n2Cc2ccccc2Cl)c2c(CC(=O)O)cccc21,"CHEMBL2147085",385,"STRUCTURE INCOMPATIBLE WITH FORCE FIELD",0,,,,,,,,,,,,,,
COC(=O)c1cccc2c3nc(N4CCC[C@@H](N)C4)n(Cc4ccccc4Cl)c3c(=O)n(C)c12.Cl,"CHEMBL2147188",386,"STRUCTURE INCOMPATIBLE WITH FORCE FIELD",0,,,,,,,,,,,,,,
Cl.Cn1c(=O)c2c(nc(N3CCC[C@@H](N)C3)n2Cc2ccccc2Cl)c2cccc(C(=O)O)c21,"CHEMBL2147189",387,"STRUCTURE INCOMPATIBLE WITH FORCE FIELD",0,,,,,,,,,,,,,,
Cl.Cn1c(=O)c2c(nc(N3CCC[C@@H](N)C3)n2Cc2ccccc2Cl)c2ccc(-c3ccccc3)cc21,"CHEMBL2147191",388,"STRUCTURE INCOMPATIBLE WITH FORCE FIELD",0.01,,,,,,,,,,,,,,
COCc1ccc2c3nc(N4CCC[C@@H](N)C4)n(Cc4ccccc4Cl)c3c(=O)n(C)c2c1.Cl,"CHEMBL2147194",389,"STRUCTURE INCOMPATIBLE WITH FORCE FIELD",0,,,,,,,,,,,,,,
COC(=O)c1ccc2c3nc(N4CCC[C@@H](N)C4)n(Cc4ccccc4Cl)c3c(=O)n(C)c2c1.Cl,"CHEMBL2147195",390,"STRUCTURE INCOMPATIBLE WITH FORCE FIELD",0,,,,,,,,,,,,,,
Cl.Cn1c(=O)c2c(nc(N3CCC[C@@H](N)C3)n2Cc2ccccc2Cl)c2ccc(C(N)=O)cc21,"CHEMBL2147196",391,"STRUCTURE INCOMPATIBLE WITH FORCE FIELD",0,,,,,,,,,,,,,,
CC(=O)Nc1ccc(OP(=O)(Oc2ccc(NC(C)=O)cc2)C2CCCN2C(=O)[C@@H]2CCCN2)cc1,"CHEMBL2153742",392,"STRUCTURE INCOMPATIBLE WITH FORCE FIELD",0,,,,,,,,,,,,,,
COC(=O)c1ccc(OP(=O)(Oc2ccc(C(=O)OC)cc2)C2CCCN2C(=O)[C@@H]2CCCN2)cc1,"CHEMBL2153743",393,"STRUCTURE INCOMPATIBLE WITH FORCE FIELD",0,,,,,,,,,,,,,,
CCOC(=O)CNC(=O)c1ccc(OP(=O)(Oc2ccc(C(=O)NCC(=O)OCC)cc2)C2CCCN2C(=O)[C@@H]2CCCN2)cc1,"CHEMBL2153744",394,"STRUCTURE INCOMPATIBLE WITH FORCE FIELD",0,,,,,,,,,,,,,,
N[C@@H](CC(=O)NC1(c2cccc(-n3ccnc3)c2)CCS(=O)(=O)CC1)Cc1cc(F)c(F)cc1F,"CHEMBL2203319",395,"STRUCTURE INCOMPATIBLE WITH FORCE FIELD",0,,,,,,,,,,,,,,
N[C@@H](CC(=O)NC1(c2cccc(-c3cncs3)c2)CCS(=O)(=O)CC1)Cc1cc(F)c(F)cc1F,"CHEMBL2206469",396,"STRUCTURE INCOMPATIBLE WITH FORCE FIELD",0,,,,,,,,,,,,,,
Cc1ncc(-c2cccc(C3(NC(=O)C[C@H](N)Cc4ccccc4F)CCS(=O)(=O)CC3)c2)s1,"CHEMBL2206472",397,"STRUCTURE INCOMPATIBLE WITH FORCE FIELD",0,,,,,,,,,,,,,,
N[C@@H](CC(=O)NC1(c2cccc(-c3cnc(C4CCCCN4)s3)c2)CCS(=O)(=O)CC1)Cc1ccccc1F,"CHEMBL2206473",398,"STRUCTURE INCOMPATIBLE WITH FORCE FIELD",0.01,,,,,,,,,,,,,,
N[C@@H](CC(=O)NC1(c2nc(-c3ccccc3)cs2)CCS(=O)(=O)CC1)Cc1cc(F)c(F)cc1F,"CHEMBL2206475",399,"STRUCTURE INCOMPATIBLE WITH FORCE FIELD",0,,,,,,,,,,,,,,
COc1cccc(-c2csc(C3(NC(=O)C[C@H](N)Cc4ccccc4F)CCS(=O)(=O)CC3)n2)c1,"CHEMBL2206476",400,"STRUCTURE INCOMPATIBLE WITH FORCE FIELD",0,,,,,,,,,,,,,,
COc1ccc(-c2csc(C3(NC(=O)C[C@H](N)Cc4ccccc4F)CCS(=O)(=O)CC3)n2)cc1,"CHEMBL2206477",401,"STRUCTURE INCOMPATIBLE WITH FORCE FIELD",0,,,,,,,,,,,,,,
COc1ccccc1-c1csc(C2(NC(=O)C[C@H](N)Cc3cc(F)c(F)cc3F)CCS(=O)(=O)CC2)n1,"CHEMBL2206478",402,"STRUCTURE INCOMPATIBLE WITH FORCE FIELD",0.01,,,,,,,,,,,,,,
N[C@@H](CC(=O)NC1(c2nc(-c3ccc(Cl)cc3)cs2)CCS(=O)(=O)CC1)Cc1cc(F)c(F)cc1F,"CHEMBL2206479",403,"STRUCTURE INCOMPATIBLE WITH FORCE FIELD",0,,,,,,,,,,,,,,
N[C@@H](CC(=O)NC1(c2nc(-c3ccc(C(F)(F)F)cc3)cs2)CCS(=O)(=O)CC1)Cc1cc(F)c(F)cc1F,"CHEMBL2206480",404,"STRUCTURE INCOMPATIBLE WITH FORCE FIELD",0,,,,,,,,,,,,,,
N[C@@H](CC(=O)NC1(c2nc(-c3cccc(C(F)(F)F)c3)cs2)CCS(=O)(=O)CC1)Cc1cc(F)c(F)cc1F,"CHEMBL2206481",405,"STRUCTURE INCOMPATIBLE WITH FORCE FIELD",0,,,,,,,,,,,,,,
N[C@@H](CC(=O)NC1(c2nc(-c3ccc(F)cc3)cs2)CCS(=O)(=O)CC1)Cc1ccccc1F,"CHEMBL2206482",406,"STRUCTURE INCOMPATIBLE WITH FORCE FIELD",0,,,,,,,,,,,,,,
N[C@@H](CC(=O)NC1(c2nnc(-c3ccccc3)o2)CCS(=O)(=O)CC1)Cc1cc(F)c(F)cc1F,"CHEMBL2206483",407,"STRUCTURE INCOMPATIBLE WITH FORCE FIELD",0,,,,,,,,,,,,,,
N[C@@H](CC(=O)NC1(c2nnc(-c3cccc(F)c3)o2)CCS(=O)(=O)CC1)Cc1cc(F)c(F)cc1F,"CHEMBL2206484",408,"STRUCTURE INCOMPATIBLE WITH FORCE FIELD",0.01,,,,,,,,,,,,,,
COc1cccc(-c2nnc(C3(NC(=O)C[C@H](N)Cc4cc(F)c(F)cc4F)CCS(=O)(=O)CC3)o2)c1,"CHEMBL2206485",409,"STRUCTURE INCOMPATIBLE WITH FORCE FIELD",0,,,,,,,,,,,,,,
Cn1cc(-c2ccccc2)nc1C1(NC(=O)C[C@H](N)Cc2cc(F)c(F)cc2F)CCS(=O)(=O)CC1,"CHEMBL2206486",410,"STRUCTURE INCOMPATIBLE WITH FORCE FIELD",0,,,,,,,,,,,,,,
Cc1sc(C2(NC(=O)C[C@H](N)Cc3ccccc3F)CCS(=O)(=O)CC2)nc1-c1ccccc1,"CHEMBL2206487",411,"STRUCTURE INCOMPATIBLE WITH FORCE FIELD",0,,,,,,,,,,,,,,
CC#CCn1c(N2CCC[C@@H](N)C2)nc2ccn(Cc3ccc4cc(Br)ccc4n3)c2c1=O,"CHEMBL2346927",412,"STRUCTURE INCOMPATIBLE WITH FORCE FIELD",0.01,,,,,,,,,,,,,,
Cl.N#C[C@@H]1CCCN1C(=O)[C@@H](N)Cc1ccc(-c2cn(Cc3ccc(Cl)c(Cl)c3)nn2)cc1,"CHEMBL2418633",413,"STRUCTURE INCOMPATIBLE WITH FORCE FIELD",0,,,,,,,,,,,,,,
N[C@H](C(=O)N1CCSC1)[C@H]1CC[C@H](NS(=O)(=O)c2ccc(I)cc2)CC1,"CHEMBL3084935",414,"STRUCTURE INCOMPATIBLE WITH FORCE FIELD",0,,,,,,,,,,,,,,
NC[C@]1(c2cccc(Cl)c2)CC[C@H](N2CCc3c(nc(C(F)(F)F)nc3C3CC3)C2)CC1,"CHEMBL3112971",415,"STRUCTURE INCOMPATIBLE WITH FORCE FIELD",0,,,,,,,,,,,,,,
Cc1ccc(-c2c(CN)c(CC(C)(C)C)nc(CC(C)C)c2C(=O)O)cc1.Cl.Cl,"CHEMBL3215606",416,"STRUCTURE INCOMPATIBLE WITH FORCE FIELD",0,,,,,,,,,,,,,,
Cc1ccc(-c2c(CN)c(CC(C)(C)C)nc(C(C)C)c2C(=O)O)cc1.Cl.Cl,"CHEMBL3215608",417,"STRUCTURE INCOMPATIBLE WITH FORCE FIELD",0.01,,,,,,,,,,,,,,
Cc1ccc(-c2c(CC(=O)N3CCC(S(C)(=O)=O)C3)c(C)nc(CC(C)C)c2CN)cc1.Cl.Cl,"CHEMBL3215611",418,"STRUCTURE INCOMPATIBLE WITH FORCE FIELD",0,,,,,,,,,,,,,,
CCCc1nc(CC(C)(C)C)c(CN)c(-c2ccc(C)cc2)c1C(=O)O.Cl.Cl,"CHEMBL3215820",419,"STRUCTURE INCOMPATIBLE WITH FORCE FIELD",0,,,,,,,,,,,,,,
CC(=O)c1cccc(NC(=O)Cc2c(C)nc(CC(C)C)c(CN)c2-c2ccc(C)cc2)c1.Cl.Cl,"CHEMBL3215827",420,"STRUCTURE INCOMPATIBLE WITH FORCE FIELD",0,,,,,,,,,,,,,,
COC(=O)C1CCN(C(=O)Cc2c(C)nc(CC(C)C)c(CN)c2-c2ccc(C)cc2)C1.Cl.Cl,"CHEMBL3215828",421,"STRUCTURE INCOMPATIBLE WITH FORCE FIELD",0,,,,,,,,,,,,,,
Cc1ccc(-c2c(CN)c(CC(C)C)nc3ccc(CCCC(=O)O)cc23)cc1.Cl.Cl,"CHEMBL3215844",422,"STRUCTURE INCOMPATIBLE WITH FORCE FIELD",0.01,,,,,,,,,,,,,,
Cc1ccc(-c2c(CN)c(CC(C)C)nc3ccc(C(=O)O)cc23)cc1.Cl.Cl,"CHEMBL3215858",423,"STRUCTURE INCOMPATIBLE WITH FORCE FIELD",0,,,,,,,,,,,,,,
Cc1ccc(-c2c(CN)c(CC(C)C)nc3ccc(-c4noc(=O)[nH]4)cc23)cc1.Cl.Cl,"CHEMBL3215859",424,"STRUCTURE INCOMPATIBLE WITH FORCE FIELD",0,,,,,,,,,,,,,,
Cc1ccc(-c2c(CN)c(CC(C)(C)C)nc(Cc3ccccc3)c2C(=O)O)cc1.Cl.Cl,"CHEMBL3216060",425,"STRUCTURE INCOMPATIBLE WITH FORCE FIELD",0,,,,,,,,,,,,,,
COC(=O)[C@@H]1CCCN1C(=O)Cc1c(C)nc(CC(C)C)c(CN)c1-c1ccc(C)cc1.Cl.Cl,"CHEMBL3216064",426,"STRUCTURE INCOMPATIBLE WITH FORCE FIELD",0,,,,,,,,,,,,,,
Cc1ccc(-c2c(CC(=O)Nc3cccc(C(N)=O)c3)c(C)nc(CC(C)C)c2CN)cc1.Cl.Cl,"CHEMBL3216270",427,"STRUCTURE INCOMPATIBLE WITH FORCE FIELD",0,,,,,,,,,,,,,,
COC(=O)c1ccccc1NC(=O)Cc1c(C)nc(CC(C)C)c(CN)c1-c1ccc(C)cc1.Cl.Cl,"CHEMBL3216271",428,"STRUCTURE INCOMPATIBLE WITH FORCE FIELD",0,,,,,,,,,,,,,,
Cc1ccc(-c2c(CC(=O)Nc3cscc3C(=O)O)c(C)nc(CC(C)C)c2CN)cc1.Cl.Cl,"CHEMBL3216272",429,"STRUCTURE INCOMPATIBLE WITH FORCE FIELD",0,,,,,,,,,,,,,,
Cc1ccc(-c2c(CN)c(CC(C)C)nc3ccc(CCCCC(=O)O)cc23)cc1.Cl.Cl,"CHEMBL3216279",430,"STRUCTURE INCOMPATIBLE WITH FORCE FIELD",0,,,,,,,,,,,,,,
COC(=O)c1cscc1NC(=O)Cc1c(C)nc(CC(C)C)c(CN)c1-c1ccc(C)cc1.Cl.Cl,"CHEMBL3216483",431,"STRUCTURE INCOMPATIBLE WITH FORCE FIELD",0.01,,,,,,,,,,,,,,
Cc1ccc(-c2c(CN)c(CC(C)C)nc3ccc(CCC(=O)O)cc23)cc1.Cl.Cl,"CHEMBL3216493",432,"STRUCTURE INCOMPATIBLE WITH FORCE FIELD",0,,,,,,,,,,,,,,
Cc1ccc(-c2c(CN)c(CC(C)C)nc3ccc(CCCCCC(=O)O)cc23)cc1.Cl.Cl,"CHEMBL3216495",433,"STRUCTURE INCOMPATIBLE WITH FORCE FIELD",0,,,,,,,,,,,,,,
COC(=O)COc1ccc2nc(CC(C)C)c(CN)c(-c3ccc(C)cc3)c2c1.Cl.Cl,"CHEMBL3216514",434,"STRUCTURE INCOMPATIBLE WITH FORCE FIELD",0,,,,,,,,,,,,,,
CCc1nc(CC(C)(C)C)c(CN)c(-c2ccc(C)cc2)c1C(=O)O.Cl.Cl,"CHEMBL3216719",435,"STRUCTURE INCOMPATIBLE WITH FORCE FIELD",0,,,,,,,,,,,,,,
COC(=O)c1cccc(NC(=O)Cc2c(C)nc(CC(C)C)c(CN)c2-c2ccc(C)cc2)c1.Cl.Cl,"CHEMBL3216724",436,"STRUCTURE INCOMPATIBLE WITH FORCE FIELD",0.01,,,,,,,,,,,,,,
Cc1ccc(-c2c(CN)c(CC(C)C)nc3ccc(CCC(N)=O)cc23)cc1.Cl.Cl,"CHEMBL3216748",437,"STRUCTURE INCOMPATIBLE WITH FORCE FIELD",0,,,,,,,,,,,,,,
Cc1ccc(-c2c(CC(=O)Nc3cccc(C(=O)O)c3)c(C)nc(CC(C)C)c2CN)cc1.Cl.Cl,"CHEMBL3216940",438,"STRUCTURE INCOMPATIBLE WITH FORCE FIELD",0,,,,,,,,,,,,,,
COC(=O)[C@H]1CCCN1C(=O)Cc1c(C)nc(CC(C)C)c(CN)c1-c1ccc(C)cc1.Cl.Cl,"CHEMBL3216941",439,"STRUCTURE INCOMPATIBLE WITH FORCE FIELD",0,,,,,,,,,,,,,,
Cc1ccc(-c2c(CC(=O)Nc3cccc(S(C)(=O)=O)c3)c(C)nc(CC(C)C)c2CN)cc1.Cl.Cl,"CHEMBL3217158",440,"STRUCTURE INCOMPATIBLE WITH FORCE FIELD",0,,,,,,,,,,,,,,
CCCCCCCCCCCCCCCCC(=O)OC[C@H]1O[C@@H](O[C@H]2CC[C@@]3(C)C(=CC[C@H]4[C@@H]5CC[C@H]([C@H](C)/C=C/[C@@H](CC)C(C)C)[C@@]5(C)CC[C@@H]43)C2)[C@H](O)[C@@H](O)[C@@H]1O,"CHEMBL3220153",441,"STRUCTURE INCOMPATIBLE WITH FORCE FIELD",0,,,,,,,,,,,,,,
CC(C)CC(=O)OCCC#Cc1ccc(-c2ccc(COC(=O)CC(C)C)s2)s1,"CHEMBL3343901",442,"STRUCTURE INCOMPATIBLE WITH FORCE FIELD",0,,,,,,,,,,,,,,
COCc1ccc(-c2ccc(-c3cccs3)s2)s1,"CHEMBL3343902",443,"STRUCTURE INCOMPATIBLE WITH FORCE FIELD",0,,,,,,,,,,,,,,
CCOCc1ccc(-c2ccc(-c3cccs3)s2)s1,"CHEMBL3343903",444,"STRUCTURE INCOMPATIBLE WITH FORCE FIELD",0,,,,,,,,,,,,,,
Cc1ccc(S(=O)(=O)NC[C@@H]2C[C@@H]3CCCC[C@@H]3N2C(=O)C[C@H](N)Cc2cc(F)c(F)cc2F)cc1,"CHEMBL3357780",445,"STRUCTURE INCOMPATIBLE WITH FORCE FIELD",0,,,,,,,,,,,,,,
N[C@@H](CC(=O)N1[C@H](CNS(=O)(=O)C(F)(F)F)C[C@@H]2CCCC[C@@H]21)Cc1cc(F)c(F)cc1F,"CHEMBL3357782",446,"STRUCTURE INCOMPATIBLE WITH FORCE FIELD",0,,,,,,,,,,,,,,
Cc1oc(=O)oc1COC(=O)c1ccc2c(c1)c1nc(N3CCC[C@@H](N)C3)n(Cc3ccccc3Cl)c1c(=O)n2C.Cl,"CHEMBL3400963",447,"STRUCTURE INCOMPATIBLE WITH FORCE FIELD",0,,,,,,,,,,,,,,
Cc1oc(=O)oc1COC(=O)c1ccc2c(c1)c1nc(N3CCC[C@@H](N)C3)n(Cc3cc(F)ccc3Cl)c1c(=O)n2C.Cl,"CHEMBL3400964",448,"STRUCTURE INCOMPATIBLE WITH FORCE FIELD",0,,,,,,,,,,,,,,
Cc1oc(=O)oc1COC(=O)c1ccc2c3nc(N4CCC[C@@H](N)C4)n(Cc4ccccc4Cl)c3c(=O)n(C)c2c1.Cl,"CHEMBL3400965",449,"STRUCTURE INCOMPATIBLE WITH FORCE FIELD",0,,,,,,,,,,,,,,
Cc1oc(=O)oc1COC(=O)c1ccc2c3nc(N4CCC[C@@H](N)C4)n(Cc4cc(F)ccc4Cl)c3c(=O)n(C)c2c1.Cl,"CHEMBL3400966",450,"STRUCTURE INCOMPATIBLE WITH FORCE FIELD",0.01,,,,,,,,,,,,,,
Cn1c(=O)n(Cc2cc(C(=O)O)cc(C(=O)O)c2)c(=O)c2c1nc(N1CCC[C@@H](N)C1)n2Cc1ccccc1Cl,"CHEMBL3402118",451,"STRUCTURE INCOMPATIBLE WITH FORCE FIELD",0,,,,,,,,,,,,,,
Cn1c(=O)n(Cc2cccc(C(=O)O)c2)c(=O)c2c1nc(N1CCC[C@@H](N)C1)n2Cc1ccccc1Cl,"CHEMBL3402120",452,"STRUCTURE INCOMPATIBLE WITH FORCE FIELD",0,,,,,,,,,,,,,,
Cn1c(=O)n(Cc2ccc(F)c(C(=O)O)c2)c(=O)c2c1nc(N1CCC[C@@H](N)C1)n2Cc1ccccc1Cl,"CHEMBL3402125",453,"STRUCTURE INCOMPATIBLE WITH FORCE FIELD",0,,,,,,,,,,,,,,
COc1ccc(Cn2c(=O)c3c(nc(N4CCC[C@@H](N)C4)n3Cc3ccccc3Cl)n(C)c2=O)cc1C(=O)O,"CHEMBL3402129",454,"STRUCTURE INCOMPATIBLE WITH FORCE FIELD",0.01,,,,,,,,,,,,,,
N[C@@H](CC(=O)N1CC[C@@H]2[C@@H](CCc3nnc(C(F)(F)C(F)(F)F)n32)C1)Cc1cc(F)c(F)cc1F,"CHEMBL3425751",455,"STRUCTURE INCOMPATIBLE WITH FORCE FIELD",0,,,,,,,,,,,,,,
N[C@@H](CC(=O)N1CC[C@@H]2[C@H](CCc3nnc(C(F)(F)C(F)(F)F)n32)C1)Cc1cc(F)c(F)cc1F,"CHEMBL3425752",456,"STRUCTURE INCOMPATIBLE WITH FORCE FIELD",0,,,,,,,,,,,,,,
CC#CCn1c(N2CCNCC2)nc2c1c(=O)n(Cc1csc(CO)n1)c(=O)n2C,"CHEMBL3616888",457,"STRUCTURE INCOMPATIBLE WITH FORCE FIELD",0,,,,,,,,,,,,,,
CC#CCn1c(N2CCC[C@@H](NC(C)=O)C2)nc2c1c(=O)n(Cc1nc(C)c3ccccc3n1)c(=O)n2C,"CHEMBL3616894",458,"STRUCTURE INCOMPATIBLE WITH FORCE FIELD",0.01,,,,,,,,,,,,,,
CC#CCn1c(N2CC(=O)N[C@H](CO)C2)nc2c1c(=O)n(Cc1nc(C)c3ccccc3n1)c(=O)n2C,"CHEMBL3616896",459,"STRUCTURE INCOMPATIBLE WITH FORCE FIELD",0,,,,,,,,,,,,,,
CC#CCn1c(N2CCNCC2)nc2c1c(=O)n(Cc1nc(OC)c3ccccc3n1)c(=O)n2C,"CHEMBL3616901",460,"STRUCTURE INCOMPATIBLE WITH FORCE FIELD",0,,,,,,,,,,,,,,
CC#CCn1c(N2CCNCC2)nc2c1c(=O)n(Cc1nn(-c3ccccc3)nc1C)c(=O)n2C,"CHEMBL3616907",461,"STRUCTURE INCOMPATIBLE WITH FORCE FIELD",0,,,,,,,,,,,,,,
CC#CCn1c(N2CCNCC2)nc2c1c(=O)n(Cc1ccc(-n3cncn3)cc1)c(=O)n2C,"CHEMBL3616909",462,"STRUCTURE INCOMPATIBLE WITH FORCE FIELD",0.01,,,,,,,,,,,,,,
N[C@@H](CC(=O)N1CCc2c(nc(C(F)(F)F)nc2C(F)(F)F)C1)CN1C(=O)CCC(F)(F)[C@H]1O,"CHEMBL3644782",463,"STRUCTURE INCOMPATIBLE WITH FORCE FIELD",0,,,,,,,,,,,,,,
N[C@@H](CC(=O)N1CCc2c(nc(C(F)(F)F)nc2C(F)(F)F)C1)CN1C(=O)CCC(F)(F)[C@@H]1O,"CHEMBL3644783",464,"STRUCTURE INCOMPATIBLE WITH FORCE FIELD",0,,,,,,,,,,,,,,
N[C@@H](CC(=O)N1CCc2c(nc(-c3ccncc3)nc2C(F)(F)F)C1)CN1C(=O)CCC(F)(F)[C@@H]1O,"CHEMBL3644787",465,"STRUCTURE INCOMPATIBLE WITH FORCE FIELD",0,,,,,,,,,,,,,,
N[C@@H](CC(=O)N1CCc2c(nc(-c3ccco3)nc2C(F)(F)F)C1)CN1C(=O)CCC(F)(F)[C@@H]1O,"CHEMBL3644788",466,"STRUCTURE INCOMPATIBLE WITH FORCE FIELD",0,,,,,,,,,,,,,,
N[C@@H](CC(=O)N1CCc2c(nc(-c3ccco3)nc2C(F)(F)F)C1)CN1C(=O)CCC(F)(F)[C@H]1O,"CHEMBL3644789",467,"STRUCTURE INCOMPATIBLE WITH FORCE FIELD",0,,,,,,,,,,,,,,
N[C@@H](CC(=O)N1CCc2c(nc(-c3cccs3)nc2C(F)(F)F)C1)CN1C(=O)CCC(F)(F)[C@@H]1O,"CHEMBL3644792",468,"STRUCTURE INCOMPATIBLE WITH FORCE FIELD",0,,,,,,,,,,,,,,
N[C@@H](CC(=O)N1CCc2c(nc(-c3cccs3)nc2C(F)(F)F)C1)CN1C(=O)CCC(F)(F)[C@H]1O,"CHEMBL3644793",469,"STRUCTURE INCOMPATIBLE WITH FORCE FIELD",0,,,,,,,,,,,,,,
N[C@@H](CC(=O)N1CCc2c(nc(-c3ccc(F)cc3)nc2C(F)(F)F)C1)CN1C(=O)CCC(F)(F)[C@H]1O,"CHEMBL3644794",470,"STRUCTURE INCOMPATIBLE WITH FORCE FIELD",0,,,,,,,,,,,,,,
N[C@@H](CC(=O)N1CCc2c(nc(C(F)(F)F)nc2C(F)(F)F)C1)CN1C(=O)CCC(F)(F)C1=O,"CHEMBL3644795",471,"STRUCTURE INCOMPATIBLE WITH FORCE FIELD",0.01,,,,,,,,,,,,,,
N[C@@H](CC(=O)N1CCc2c(nc(-c3cccs3)nc2C(F)(F)F)C1)CN1C(=O)CCC(F)C1O,"CHEMBL3644798",472,"STRUCTURE INCOMPATIBLE WITH FORCE FIELD",0,,,,,,,,,,,,,,
N[C@@H](CC(=O)N1CCc2c(nc(-c3ccncc3)nc2C(F)(F)F)C1)CN1C(=O)CCC(F)(F)[C@H]1O,"CHEMBL3644803",473,"STRUCTURE INCOMPATIBLE WITH FORCE FIELD",0,,,,,,,,,,,,,,
Cc1nc(Cn2c3nccc-3c(N3CCCC(N)C3)n(Cc3cc(F)ccc3C#N)c2=O)nc2ccccc12,"CHEMBL3650438",474,"STRUCTURE INCOMPATIBLE WITH FORCE FIELD",0,,,,,,,,,,,,,,
Cc1nc(CN2C(=O)c3c(nc(N4CCC[C@@H](N)C4)n3Cc3cc(F)ccc3F)N3CCN=C23)nc2ccccc12,"CHEMBL3675620",475,"STRUCTURE INCOMPATIBLE WITH FORCE FIELD",0,,,,,,,,,,,,,,
Cc1nc(CN2C(=O)c3c(nc(N4CCC[C@@H](N)C4)n3Cc3cc(F)ccc3C#N)N3CCCN=C23)nc2ccccc12,"CHEMBL3675621",476,"STRUCTURE INCOMPATIBLE WITH FORCE FIELD",0,,,,,,,,,,,,,,
Cc1nc(CN2C(=O)c3c(nc(N4CCC[C@@H](N)C4)n3Cc3cccc(F)c3)N3CCN=C23)nc2ccccc12,"CHEMBL3675625",477,"STRUCTURE INCOMPATIBLE WITH FORCE FIELD",0,,,,,,,,,,,,,,
Cc1nc(CN2C(=O)c3c(nc(N4CCC[C@@H](N)C4)n3Cc3ccccc3)N3CCN=C23)nc2ccccc12,"CHEMBL3675626",478,"STRUCTURE INCOMPATIBLE WITH FORCE FIELD",0,,,,,,,,,,,,,,
Cc1nc(CN2C(=O)c3c(nc(N4CCC[C@@H](N)C4)n3Cc3sccc3F)N3CCN=C23)nc2ccccc12,"CHEMBL3675633",479,"STRUCTURE INCOMPATIBLE WITH FORCE FIELD",0,,,,,,,,,,,,,,
Cc1nc(CN2C(=O)c3c(nc(N4CCC[C@@H](N)C4)n3CC3CC3(F)F)N3CCN=C23)nc2ccccc12,"CHEMBL3675634",480,"STRUCTURE INCOMPATIBLE WITH FORCE FIELD",0,,,,,,,,,,,,,,
Cc1nc(CN2C(=O)c3c(nc(N4CCC[C@@H](N)C4)n3Cc3ccccc3C#N)N3CCN=C23)nc2ccccc12,"CHEMBL3675636",481,"STRUCTURE INCOMPATIBLE WITH FORCE FIELD",0,,,,,,,,,,,,,,
CC#CCn1c(N2CCCC(NC(=O)OC(C)(C)C)C2)nc2c1c(=O)n(Cc1nc(NCc3ccccc3)c3ccccc3n1)c(=O)n2C,"CHEMBL3680628",482,"STRUCTURE INCOMPATIBLE WITH FORCE FIELD",0,,,,,,,,,,,,,,
CC#CCn1c(N2CCC[C@@H](NC(=O)OC(C)(C)C)C2)nc2c1c(=O)n(Cc1cc(C#N)cc3ccccc13)c(=O)n2C,"CHEMBL3680629",483,"STRUCTURE INCOMPATIBLE WITH FORCE FIELD",0,,,,,,,,,,,,,,
CC#CCn1c(N2CCC[C@@H](NC(=O)OC(C)(C)C)C2)nc2c1c(=O)n(Cc1nc(-c3ccccc3)nc3ccccc13)c(=O)n2C,"CHEMBL3680630",484,"STRUCTURE INCOMPATIBLE WITH FORCE FIELD",0.01,,,,,,,,,,,,,,
CC#CCn1c(N2CCC[C@@H](NC(=O)OC(C)(C)C)C2)nc2c1c(=O)n(Cc1cc(C#N)c3ccccc3n1)c(=O)n2C,"CHEMBL3680631",485,"STRUCTURE INCOMPATIBLE WITH FORCE FIELD",0,,,,,,,,,,,,,,
CC#CCn1c(N2CCC[C@@H](NC(=O)OC(C)(C)C)C2)nc2c1c(=O)n(CC(=O)c1cccc(OC3CC3)c1)c(=O)n2C,"CHEMBL3680632",486,"STRUCTURE INCOMPATIBLE WITH FORCE FIELD",0,,,,,,,,,,,,,,
CC#CCn1c(N2CCC[C@@H](NC(=O)OC(C)(C)C)C2)nc2c1c(=O)n(Cc1ccc3nc(C)c(C)nc3c1)c(=O)n2C,"CHEMBL3680633",487,"STRUCTURE INCOMPATIBLE WITH FORCE FIELD",0.01,,,,,,,,,,,,,,
CC#CCn1c(N2CCC[C@@H](NC(=O)OC(C)(C)C)C2)nc2c1c(=O)n(CC(=O)c1ccccc1Br)c(=O)n2C,"CHEMBL3680634",488,"STRUCTURE INCOMPATIBLE WITH FORCE FIELD",0,,,,,,,,,,,,,,
CC#CCn1c(N2CCC[C@@H](NC(=O)OC(C)(C)C)C2)nc2c1c(=O)n(Cc1nc3ccccc3c(C)c1C#N)c(=O)n2C,"CHEMBL3680635",489,"STRUCTURE INCOMPATIBLE WITH FORCE FIELD",0,,,,,,,,,,,,,,
CC#CCn1c(N2CCC[C@@H](NC(=O)OC(C)(C)C)C2)nc2c1c(=O)n(Cc1nccc(-c3ccccc3)n1)c(=O)n2C,"CHEMBL3680636",490,"STRUCTURE INCOMPATIBLE WITH FORCE FIELD",0,,,,,,,,,,,,,,
CC#CCn1c(N2CCC[C@@H](NC(=O)OC(C)(C)C)C2)nc2c1c(=O)n(CC(=O)c1ccccc1[N+](=O)[O-])c(=O)n2C,"CHEMBL3680637",491,"STRUCTURE INCOMPATIBLE WITH FORCE FIELD",0,,,,,,,,,,,,,,
N=C(N)NCCC[C@H](N)C(=O)N1CCC[C@H]1B(O)O,"CHEMBL3686749",492,"STRUCTURE INCOMPATIBLE WITH FORCE FIELD",0,,,,,,,,,,,,,,
N=C(N)NCCC[C@H](N)C(=S)N1CCC[C@H]1B(O)O,"CHEMBL3686750",493,"STRUCTURE INCOMPATIBLE WITH FORCE FIELD",0,,,,,,,,,,,,,,
CCN1C(=O)Cn2c1nc1nc(N3CCC[C@@H](NC(=O)OC(C)(C)C)C3)n(Cc3cc(F)ccc3C#N)c1c2=O,"CHEMBL3687981",494,"STRUCTURE INCOMPATIBLE WITH FORCE FIELD",0,,,,,,,,,,,,,,
CS(=O)(=O)n1cc2c(n1)CN([C@H]1C[C@H](N)C(c3cc(F)ccc3F)N(Cc3cncc4cccnc34)C1)C2,"CHEMBL3697950",495,"STRUCTURE INCOMPATIBLE WITH FORCE FIELD",0,,,,,,,,,,,,,,
N[C@H]1C[C@@H](N2Cc3cn(S(=O)(=O)c4cccc(C(F)(F)F)c4)nc3C2)CO[C@@H]1c1cc(F)ccc1F,"CHEMBL3736067",496,"STRUCTURE INCOMPATIBLE WITH FORCE FIELD",0,,,,,,,,,,,,,,
N#C[C@@H]1[C@@H]2C[C@@H]2CN1C(=O)[C@@H](N)CC(=O)N1CCN(C(c2ccc(F)cc2)c2ccc(F)cc2)CC1.O=C(O)C(F)(F)F,"CHEMBL3797299",497,"STRUCTURE INCOMPATIBLE WITH FORCE FIELD",0,,,,,,,,,,,,,,
C=C1C[C@@H](C#N)N(C(=O)[C@@H](N)CC(=O)N2CCN(C(c3ccc(F)cc3)c3ccc(F)cc3)CC2)C1.O=C(O)C(F)(F)F.O=C(O)C(F)(F)F,"CHEMBL3797842",498,"STRUCTURE INCOMPATIBLE WITH FORCE FIELD",0.01,,,,,,,,,,,,,,
C[C@H]1C[C@@H](C#N)N(C(=O)[C@@H](N)CC(=O)N2CCN(C(c3ccc(F)cc3)c3ccc(F)cc3)CC2)C1.O=C(O)C(F)(F)F.O=C(O)C(F)(F)F,"CHEMBL3798441",499,"STRUCTURE INCOMPATIBLE WITH FORCE FIELD",0,,,,,,,,,,,,,,
CC1CCN(C(=O)[C@@H](N)CC(=O)N2CCN(C(c3ccc(F)cc3)c3ccc(F)cc3)CC2)C1.O=C(O)C(F)(F)F,"CHEMBL3799388",500,"STRUCTURE INCOMPATIBLE WITH FORCE FIELD",0,,,,,,,,,,,,,,
C=C1CCN(C(=O)[C@@H](N)CC(=O)N2CCN(C(c3ccc(F)cc3)c3ccc(F)cc3)CC2)C1.O=C(O)C(F)(F)F.O=C(O)C(F)(F)F,"CHEMBL3800113",501,"STRUCTURE INCOMPATIBLE WITH FORCE FIELD",0,,,,,,,,,,,,,,
N[C@@H]1Cc2c(ccc3cc(Br)ccc23)O[C@H]1c1cc(F)c(F)cc1F,"CHEMBL3892233",502,"STRUCTURE INCOMPATIBLE WITH FORCE FIELD",0,,,,,,,,,,,,,,
CC#CCn1c(N2CCC[C@@H](N)C2)nc2c1c(=O)n(CCCN1CCC(C(=O)OC(C)C)CC1)c(=O)n2C,"CHEMBL3892718",503,"STRUCTURE INCOMPATIBLE WITH FORCE FIELD",0,,,,,,,,,,,,,,
C/C=C/Cn1c(N2CCC[C@H](N)C2)nc2c1c(=O)n(CC(=O)c1ccccc1OCC(=O)NC)c(=O)n2C,"CHEMBL3893759",504,"STRUCTURE INCOMPATIBLE WITH FORCE FIELD",0,,,,,,,,,,,,,,
CC#CCn1c(N2CCC[C@@H](N)C2)nc2c1c(=O)n(CCCN1CCC(C(=O)Nc3ccc(Cl)cc3)CC1)c(=O)n2C,"CHEMBL3896047",505,"STRUCTURE INCOMPATIBLE WITH FORCE FIELD",0,,,,,,,,,,,,,,
CC#CCn1c(N2CCC[C@@H](N)C2)nc2c1c(=O)n(CCCN1CCC(C(=O)N(C)C)CC1)c(=O)n2C,"CHEMBL3897118",506,"STRUCTURE INCOMPATIBLE WITH FORCE FIELD",0,,,,,,,,,,,,,,
CNC(=O)c1cccc(C(=O)Cn2c(=O)c3c(nc(N4CCCC(N)C4)n3CC=C(C)C)n(C)c2=O)c1,"CHEMBL3897624",507,"STRUCTURE INCOMPATIBLE WITH FORCE FIELD",0,,,,,,,,,,,,,,
CC#CCn1c(N2CCC[C@@H](N)C2)nc2c1c(=O)n(CCCN1CCC(C(=O)Nc3ccc(C)cc3)CC1)c(=O)n2C,"CHEMBL3898220",508,"STRUCTURE INCOMPATIBLE WITH FORCE FIELD",0,,,,,,,,,,,,,,
CC#CCn1c(N2CCC[C@@H](N)C2)nc2c1c(=O)n(CCCN1CCC(C(=O)OC3CCCC3)CC1)c(=O)n2C,"CHEMBL3899590",509,"STRUCTURE INCOMPATIBLE WITH FORCE FIELD",0.01,,,,,,,,,,,,,,
CC#CCn1c(N2CCC[C@@H](N)C2)nc2c1c(=O)n(CCCCC1CCN(C(=O)OC(C)C)CC1)c(=O)n2C,"CHEMBL3901674",510,"STRUCTURE INCOMPATIBLE WITH FORCE FIELD",0,,,,,,,,,,,,,,
CC#CCn1c(N2CCC[C@@H](N)C2)nc2c1c(=O)n(CCCC1CCN(C(=O)OC(C)C)CC1)c(=O)n2C,"CHEMBL3902771",511,"STRUCTURE INCOMPATIBLE WITH FORCE FIELD",0,,,,,,,,,,,,,,
CC#CCn1c(N2CCC[C@@H](N)C2)nc2c1c(=O)n(CC(=O)c1ccccc1NC(=O)C(C)C)c(=O)n2C,"CHEMBL3903674",512,"STRUCTURE INCOMPATIBLE WITH FORCE FIELD",0,,,,,,,,,,,,,,
CC#CCn1c(N2CCNCC2)nc2c1c(=O)n(CCCN1CCC(C(=O)OC(C)C)CC1)c(=O)n2C,"CHEMBL3909049",513,"STRUCTURE INCOMPATIBLE WITH FORCE FIELD",0,,,,,,,,,,,,,,
CC#CCn1c(N2CCC[C@@H](N)C2)nc2c1c(=O)n(CCCN1CCC(C(=O)OC)CC1)c(=O)n2C,"CHEMBL3910158",514,"STRUCTURE INCOMPATIBLE WITH FORCE FIELD",0,,,,,,,,,,,,,,
CS(=O)(=O)c1cccc(-c2ccc3ccc4c(c3c2)C[C@@H](N)[C@H](c2cc(F)c(F)cc2F)O4)c1,"CHEMBL3910262",515,"STRUCTURE INCOMPATIBLE WITH FORCE FIELD",0,,,,,,,,,,,,,,
CC#CCn1c(N2CCC[C@@H](N)C2)nc2c1c(=O)n(CCCN1CCC(C(=O)Nc3ccc(F)cc3)CC1)c(=O)n2C,"CHEMBL3915044",516,"STRUCTURE INCOMPATIBLE WITH FORCE FIELD",0.01,,,,,,,,,,,,,,
CC#CCn1c(N2CCC[C@@H](N)C2)nc2c1c(=O)n(Cc1nc(C(F)F)cc3ccccc13)c(=O)n2C,"CHEMBL3917354",517,"STRUCTURE INCOMPATIBLE WITH FORCE FIELD",0,,,,,,,,,,,,,,
N[C@@H]1Cc2c(ccc3ccc(Br)cc23)O[C@H]1c1cc(F)c(F)cc1F,"CHEMBL3919178",518,"STRUCTURE INCOMPATIBLE WITH FORCE FIELD",0,,,,,,,,,,,,,,
CC#CCn1c(N2CCC[C@@H](N)C2)nc2c1c(=O)n(CCCCN1CCC(C(=O)OC(C)C)CC1)c(=O)n2C,"CHEMBL3920718",519,"STRUCTURE INCOMPATIBLE WITH FORCE FIELD",0,,,,,,,,,,,,,,
CC#CCn1c(N2CCC[C@@H](N)C2)nc2c1c(=O)n(CCCN1CCC(C(=O)Nc3ccc(Br)cc3)CC1)c(=O)n2C,"CHEMBL3924059",520,"STRUCTURE INCOMPATIBLE WITH FORCE FIELD",0,,,,,,,,,,,,,,
C/C=C/Cn1c(N2CCC[C@@H](N)C2)nc2c1c(=O)n(CC(=O)c1ccccc1NC(=O)C(C)C)c(=O)n2C,"CHEMBL3926493",521,"STRUCTURE INCOMPATIBLE WITH FORCE FIELD",0,,,,,,,,,,,,,,
CC#CCn1c(N2CCCNCC2)nc2c1c(=O)n(CCCN1CCC(C(=O)OC(C)C)CC1)c(=O)n2C,"CHEMBL3927979",522,"STRUCTURE INCOMPATIBLE WITH FORCE FIELD",0,,,,,,,,,,,,,,
CC#CCn1c(N2CCC[C@@H](N)C2)nc2c1c(=O)n(CCN1CCC(C(=O)OC(C)C)CC1)c(=O)n2C,"CHEMBL3929627",523,"STRUCTURE INCOMPATIBLE WITH FORCE FIELD",0,,,,,,,,,,,,,,
CC#CCn1c(N2CCC[C@@H](N)C2)nc2c1c(=O)n(Cc1nc(C(F)(F)F)cc3ccccc13)c(=O)n2C,"CHEMBL3931178",524,"STRUCTURE INCOMPATIBLE WITH FORCE FIELD",0,,,,,,,,,,,,,,
CC#CCn1c(N2CCC[C@@H](N)C2)nc2c1c(=O)n(CCCN1CCC(C(=O)OCCC)CC1)c(=O)n2C,"CHEMBL3933623",525,"STRUCTURE INCOMPATIBLE WITH FORCE FIELD",0,,,,,,,,,,,,,,
Cc1cc2ccccc2c(Cn2c(=O)c3c(nc(N4CCC[C@@H](N)C4)n3Cc3ccccc3Cl)n(C)c2=O)n1,"CHEMBL3938789",526,"STRUCTURE INCOMPATIBLE WITH FORCE FIELD",0,,,,,,,,,,,,,,
CC#CCn1c(N2CCC[C@@H](N)C2)nc2c1c(=O)n(CCCN1CCC(C(=O)Nc3ccc(C#N)cc3)CC1)c(=O)n2C,"CHEMBL3945617",527,"STRUCTURE INCOMPATIBLE WITH FORCE FIELD",0,,,,,,,,,,,,,,
CC#CCn1c(N2CCC[C@@H](N)C2)nc2c1c(=O)n(CC(=O)c1ccccc1-c1ccccc1)c(=O)n2C,"CHEMBL3948679",528,"STRUCTURE INCOMPATIBLE WITH FORCE FIELD",0,,,,,,,,,,,,,,
C/C=C/Cn1c(N2CCC[C@H](N)C2)nc2c1c(=O)n(CC(=O)c1ccccc1NC(=O)C(C)C)c(=O)n2C,"CHEMBL3950914",529,"STRUCTURE INCOMPATIBLE WITH FORCE FIELD",0,,,,,,,,,,,,,,
CC#CCn1c(N2CCC[C@@H](N)C2)nc2c1c(=O)n(Cc1nc(-c3ccccc3)c3ccccc3n1)c(=O)n2C,"CHEMBL3953094",530,"STRUCTURE INCOMPATIBLE WITH FORCE FIELD",0,,,,,,,,,,,,,,
CC#CCn1c(N2CCC[C@@H](N)C2)nc2c1c(=O)n(CC(=O)c1ccccc1OCC(=O)NCC)c(=O)n2C,"CHEMBL3955534",531,"STRUCTURE INCOMPATIBLE WITH FORCE FIELD",0,,,,,,,,,,,,,,
CC(C)=CCn1c(N2CCCC(N)C2)nc2c1c(=O)n(CC(=O)c1ccccc1C(=O)N1CCOCC1)c(=O)n2C,"CHEMBL3957746",532,"STRUCTURE INCOMPATIBLE WITH FORCE FIELD",0,,,,,,,,,,,,,,
CC#CCn1c(N2CCC[C@@H](N)C2)nc2c1c(=O)n(C/C=C/c1c(F)c(F)c(F)c(F)c1F)c(=O)n2C,"CHEMBL3958670",533,"STRUCTURE INCOMPATIBLE WITH FORCE FIELD",0,,,,,,,,,,,,,,
Cc1cc2ccccc2c(Cn2c(=O)c3c(nc(N4CCC[C@@H](N)C4)n3Cc3ccccc3Br)n(C)c2=O)n1,"CHEMBL3962719",534,"STRUCTURE INCOMPATIBLE WITH FORCE FIELD",0,,,,,,,,,,,,,,
CC(C)=CCn1c(N2CCCC(N)C2)nc2c1c(=O)n(CC(=O)c1cccc(C(=O)O)c1)c(=O)n2C,"CHEMBL3965610",535,"STRUCTURE INCOMPATIBLE WITH FORCE FIELD",0,,,,,,,,,,,,,,
C/C=C/Cn1c(N2CCC[C@@H](N)C2)nc2c1c(=O)n(CC(=O)c1ccccc1OCC(=O)NC)c(=O)n2C,"CHEMBL3965981",536,"STRUCTURE INCOMPATIBLE WITH FORCE FIELD",0.01,,,,,,,,,,,,,,
CC#CCn1c(N2CCC[C@@H](N)C2)nc2c1c(=O)n(CCCN1CCC(C(=O)Oc3ccccc3)CC1)c(=O)n2C,"CHEMBL3968249",537,"STRUCTURE INCOMPATIBLE WITH FORCE FIELD",0,,,,,,,,,,,,,,
C[C@]1(N2Cc3cn(S(=O)(=O)NC(=O)OCc4ccccc4)nc3C2)CO[C@H](c2cc(F)ccc2F)[C@@H](N)C1,"CHEMBL3970322",538,"STRUCTURE INCOMPATIBLE WITH FORCE FIELD",0,,,,,,,,,,,,,,
CC#CCn1c(N2CCC[C@@H](N)C2)nc2c1c(=O)n(CCCN1CCC(C(=O)OC3CCC3)CC1)c(=O)n2C,"CHEMBL3972227",539,"STRUCTURE INCOMPATIBLE WITH FORCE FIELD",0,,,,,,,,,,,,,,
CC#CCn1c(N2CCC[C@@H](N)C2)nc2c1c(=O)n(CCC1CCN(C(=O)OC(C)C)CC1)c(=O)n2C,"CHEMBL3973741",540,"STRUCTURE INCOMPATIBLE WITH FORCE FIELD",0.01,,,,,,,,,,,,,,
COc1cccc(C(=O)Cn2c(=O)c3c(nc(N4CCCC(N)C4)n3CC=C(C)C)n(C)c2=O)c1OC,"CHEMBL3974068",541,"STRUCTURE INCOMPATIBLE WITH FORCE FIELD",0,,,,,,,,,,,,,,
CC#CCn1c(N2CCC[C@@H](N)C2)nc2c1c(=O)n(CC(=O)c1cccc3c1OCCO3)c(=O)n2C,"CHEMBL3974699",542,"STRUCTURE INCOMPATIBLE WITH FORCE FIELD",0,,,,,,,,,,,,,,
CC#CCn1c(N2CCC[C@@H](N)C2)nc2c1c(=O)n(CCCN1CCC(C(=O)Nc3ccccc3)CC1)c(=O)n2C,"CHEMBL3976778",543,"STRUCTURE INCOMPATIBLE WITH FORCE FIELD",0,,,,,,,,,,,,,,
N[C@H]1Cc2c(ccc3cc(Br)ccc23)O[C@@H]1c1cc(F)c(F)cc1F,"CHEMBL3979508",544,"STRUCTURE INCOMPATIBLE WITH FORCE FIELD",0,,,,,,,,,,,,,,
CC#CCn1c(N2CCC[C@@H](N)C2)nc2c1c(=O)n(CC(=O)c1cccc3c1OCO3)c(=O)n2C,"CHEMBL3979864",545,"STRUCTURE INCOMPATIBLE WITH FORCE FIELD",0,,,,,,,,,,,,,,
CC#CCn1c(N2CCC[C@@H](N)C2)nc2c1c(=O)n(CCCN1CCC(C(=O)OC3CCCCC3)CC1)c(=O)n2C,"CHEMBL3979866",546,"STRUCTURE INCOMPATIBLE WITH FORCE FIELD",0.01,,,,,,,,,,,,,,
CC#CCn1c(N2CCC[C@@H](N)C2)nc2c1c(=O)n(CCCN1CCC(C(=O)OCC)CC1)c(=O)n2C,"CHEMBL3980269",547,"STRUCTURE INCOMPATIBLE WITH FORCE FIELD",0,,,,,,,,,,,,,,
CC#CCn1c(N2CCC[C@@H](N)C2)nc2c1c(=O)n(CCCN1CCC(C(=O)Nc3ccc(OC)cc3)CC1)c(=O)n2C,"CHEMBL3984849",548,"STRUCTURE INCOMPATIBLE WITH FORCE FIELD",0,,,,,,,,,,,,,,
C/C=C/Cn1c(N2CCCC(N)C2)nc2c1c(=O)n(CC(=O)c1ccccc1NC(=O)C(C)C)c(=O)n2C,"CHEMBL3987141",549,"STRUCTURE INCOMPATIBLE WITH FORCE FIELD",0.01,,,,,,,,,,,,,,
Cc1ccc(-c2c(CN)c(CC(C)C)nc(C)c2C(=O)OC[C@H]2CC[C@H](C(=O)O)CC2)cc1.Cl.Cl,"CHEMBL4059789",550,"STRUCTURE INCOMPATIBLE WITH FORCE FIELD",0,,,,,,,,,,,,,,
Cc1ccc(-c2c(COCc3ccc(C(=O)O)cc3)c(C)nc(CC(C)C)c2CN)cc1.Cl.Cl,"CHEMBL4059815",551,"STRUCTURE INCOMPATIBLE WITH FORCE FIELD",0,,,,,,,,,,,,,,
Cl.N[C@@H](CC(=O)N1CC[C@@H]2[C@@H](CCc3nnc(-c4ccccn4)n32)C1)Cc1cc(F)c(F)cc1F,"CHEMBL4062977",552,"STRUCTURE INCOMPATIBLE WITH FORCE FIELD",0,,,,,,,,,,,,,,
C[C@H](N[C@@H](CCc1ccccc1)C(=O)O)C(=O)N1C[C@@H](NC(=O)C[C@H](N)Cc2cc(F)c(F)cc2F)C[C@H]1C(=O)O,"CHEMBL4067185",553,"STRUCTURE INCOMPATIBLE WITH FORCE FIELD",0,,,,,,,,,,,,,,
Cc1ccc(-c2c(CN)c(CC(C)C)nc3ccc(-c4nc(C(=O)O)cs4)cc23)cc1.Cl.Cl,"CHEMBL4068446",554,"STRUCTURE INCOMPATIBLE WITH FORCE FIELD",0,,,,,,,,,,,,,,
Cc1nc(-c2nnc3n2[C@@H]2CCN(C(=O)C[C@H](N)Cc4cc(F)c(F)cc4F)C[C@@H]2CC3)cs1.Cl,"CHEMBL4071607",555,"STRUCTURE INCOMPATIBLE WITH FORCE FIELD",0,,,,,,,,,,,,,,
Cc1ccc(-c2c(CN)c(CC(C)C)nc3ccc(OCCCC(=O)O)cc23)cc1.Cl.Cl,"CHEMBL4071958",556,"STRUCTURE INCOMPATIBLE WITH FORCE FIELD",0,,,,,,,,,,,,,,
CC(C)Cc1nc2ccc(Br)cc2c(-c2ccccc2)c1CN,"CHEMBL4072218",557,"STRUCTURE INCOMPATIBLE WITH FORCE FIELD",0,,,,,,,,,,,,,,
Cc1ccc(-c2c(CN)c(CC(C)C)nc3ccc(OCCC(=O)O)cc23)cc1.Cl.Cl,"CHEMBL4075351",558,"STRUCTURE INCOMPATIBLE WITH FORCE FIELD",0,,,,,,,,,,,,,,
Cl.N[C@@H](CC(=O)N1CC[C@@H]2[C@@H](CCc3nnc(Cc4ccccc4)n32)C1)Cc1cc(F)c(F)cc1F,"CHEMBL4077174",559,"STRUCTURE INCOMPATIBLE WITH FORCE FIELD",0,,,,,,,,,,,,,,
Cc1ccc(-c2c(CN)c(CC(C)C)nc3ccc(OCCCCCC(=O)O)cc23)cc1.Cl.Cl,"CHEMBL4078049",560,"STRUCTURE INCOMPATIBLE WITH FORCE FIELD",0,,,,,,,,,,,,,,
CCC[C@H](N[C@@H](CCc1ccccc1)C(=O)O)C(=O)N1C[C@@H](NC(=O)C[C@H](N)Cc2cc(F)c(F)cc2F)C[C@H]1C(=O)O,"CHEMBL4078112",561,"STRUCTURE INCOMPATIBLE WITH FORCE FIELD",0,,,,,,,,,,,,,,
Cc1ccc(-c2c(CN)c(CC(C)C)nc(C)c2C(=O)OCc2ccccc2C(=O)O)cc1.Cl.Cl,"CHEMBL4081713",562,"STRUCTURE INCOMPATIBLE WITH FORCE FIELD",0,,,,,,,,,,,,,,
Cc1ccc(-c2c(CN)c(CC(C)C)nc3ccc(OCC(=O)O)cc23)cc1.Cl.Cl,"CHEMBL4082445",563,"STRUCTURE INCOMPATIBLE WITH FORCE FIELD",0,,,,,,,,,,,,,,
Cc1ccc(-c2c(CN)c(CC(C)C)nc(C)c2C(=O)OCc2cccc(C(=O)O)c2)cc1.Cl.Cl,"CHEMBL4082680",564,"STRUCTURE INCOMPATIBLE WITH FORCE FIELD",0,,,,,,,,,,,,,,
Cc1ccc(-c2c(CN)c(CC(C)C)nc3ccc(-c4ccc(C(=O)O)o4)cc23)cc1.Cl.Cl,"CHEMBL4085490",565,"STRUCTURE INCOMPATIBLE WITH FORCE FIELD",0,,,,,,,,,,,,,,
CC[C@H](N[C@@H](CCc1ccccc1)C(=O)O)C(=O)N1C[C@@H](NC(=O)C[C@H](N)Cc2cc(F)c(F)cc2F)C[C@H]1C(=O)O,"CHEMBL4086264",566,"STRUCTURE INCOMPATIBLE WITH FORCE FIELD",0,,,,,,,,,,,,,,
Cc1ccc(-c2c(CCc3nc(C(N)=O)cs3)c(C)nc(CC(C)C)c2CN)cc1.Cl.Cl,"CHEMBL4089615",567,"STRUCTURE INCOMPATIBLE WITH FORCE FIELD",0,,,,,,,,,,,,,,
CCCC[C@H](N[C@@H](CCc1ccccc1)C(=O)O)C(=O)N1C[C@@H](NC(=O)C[C@H](N)Cc2cc(F)c(F)cc2F)C[C@H]1C(=O)O,"CHEMBL4090635",568,"STRUCTURE INCOMPATIBLE WITH FORCE FIELD",0,,,,,,,,,,,,,,
Cl.N[C@@H](CC(=O)N1CC[C@@H]2[C@@H](CCc3nnc(-c4cnccn4)n32)C1)Cc1cc(F)c(F)cc1F,"CHEMBL4090906",569,"STRUCTURE INCOMPATIBLE WITH FORCE FIELD",0,,,,,,,,,,,,,,
CCOc1cccc(-c2nnc3n2[C@@H]2CCN(C(=O)C[C@H](N)Cc4cc(F)c(F)cc4F)C[C@@H]2CC3)n1.Cl,"CHEMBL4093298",570,"STRUCTURE INCOMPATIBLE WITH FORCE FIELD",0,,,,,,,,,,,,,,
CC(=O)c1csc(-c2cnc(CC(C)C)c(CN)c2-c2ccc(C)cc2)n1.Cl.Cl,"CHEMBL4096274",571,"STRUCTURE INCOMPATIBLE WITH FORCE FIELD",0,,,,,,,,,,,,,,
Cc1ccc(-c2c(/C=C/c3nc(C(=O)O)cs3)c(C)nc(CC(C)C)c2CN)cc1.Cl.Cl,"CHEMBL4097306",572,"STRUCTURE INCOMPATIBLE WITH FORCE FIELD",0,,,,,,,,,,,,,,
Cc1ccc(-c2c(CCc3nc(C(=O)O)cs3)c(C)nc(CC(C)C)c2CN)cc1.Cl.Cl,"CHEMBL4098218",573,"STRUCTURE INCOMPATIBLE WITH FORCE FIELD",0,,,,,,,,,,,,,,
Cc1ccc(-c2c(CN)c(CC(C)C)nc3ccc(OCCCCC(=O)O)cc23)cc1.Cl.Cl,"CHEMBL4098936",574,"STRUCTURE INCOMPATIBLE WITH FORCE FIELD",0,,,,,,,,,,,,,,
Cc1ccc(-c2c(CN)c(CC(C)C)nc(C)c2C(=O)OCc2ccc(C(=O)O)cc2)cc1.Cl.Cl,"CHEMBL4100667",575,"STRUCTURE INCOMPATIBLE WITH FORCE FIELD",0,,,,,,,,,,,,,,
Cc1ccc(S(=O)(=O)N=S(C)(=O)n2cc3c(n2)CN([C@H]2CO[C@H](c4cc(F)ccc4F)[C@@H](N)C2)C3)cc1,"CHEMBL4106669",576,"STRUCTURE INCOMPATIBLE WITH FORCE FIELD",0,,,,,,,,,,,,,,
N#Cc1ccc(F)cc1Cn1c(N2CCC[C@@H](N)C2)nc2c(Br)c(Br)[nH]c2c1=O,"CHEMBL4161474",577,"STRUCTURE INCOMPATIBLE WITH FORCE FIELD",0,,,,,,,,,,,,,,
CS(=O)(=O)c1ccccc1-c1c[nH]c2c(=O)n(Cc3cc(F)ccc3C#N)c(N3CCC[C@@H](N)C3)nc12,"CHEMBL4161924",578,"STRUCTURE INCOMPATIBLE WITH FORCE FIELD",0,,,,,,,,,,,,,,
CS(=O)(=O)c1ccc(-c2c[nH]c3c(=O)n(Cc4cc(F)ccc4C#N)c(N4CCC[C@@H](N)C4)nc23)c(F)c1,"CHEMBL4162971",579,"STRUCTURE INCOMPATIBLE WITH FORCE FIELD",0.01,,,,,,,,,,,,,,
CC(C)S(=O)(=O)c1ccc(-c2c[nH]c3c(=O)n(Cc4cc(F)ccc4C#N)c(N4CCC[C@@H](N)C4)nc23)cc1,"CHEMBL4165359",580,"STRUCTURE INCOMPATIBLE WITH FORCE FIELD",0,,,,,,,,,,,,,,
CS(=O)(=O)c1cccc(-c2c[nH]c3c(=O)n(Cc4cc(F)ccc4C#N)c(N4CCC[C@@H](N)C4)nc23)c1,"CHEMBL4169845",581,"STRUCTURE INCOMPATIBLE WITH FORCE FIELD",0,,,,,,,,,,,,,,
N#Cc1ccc(F)cc1Cn1c(N2CCC[C@@H](N)C2)nc2c(-c3ccc(S(N)(=O)=O)cc3)c[nH]c2c1=O,"CHEMBL4173272",582,"STRUCTURE INCOMPATIBLE WITH FORCE FIELD",0,,,,,,,,,,,,,,
CS(=O)(=O)c1ccc(-c2c[nH]c3c(=O)n(Cc4cc(F)ccc4C#N)c(N4CCC[C@@H](N)C4)nc23)cc1F,"CHEMBL4173673",583,"STRUCTURE INCOMPATIBLE WITH FORCE FIELD",0,,,,,,,,,,,,,,
CS(=O)(=O)c1ccc(-c2c[nH]c3c(=O)n(Cc4cc(F)ccc4C#N)c(N4CCC[C@@H](N)C4)nc23)cc1,"CHEMBL4175111",584,"STRUCTURE INCOMPATIBLE WITH FORCE FIELD",0,,,,,,,,,,,,,,
Cc1csc(NC2c3cc(I)ccc3N=C(c3ccccc3)N2/N=C/c2cccc([N+](=O)[O-])c2)n1,"CHEMBL4238698",585,"STRUCTURE INCOMPATIBLE WITH FORCE FIELD",0.01,,,,,,,,,,,,,,
O=[N+]([O-])c1cccc(/C=N/N2C(c3ccccc3)=Nc3ccc(I)cc3C2Nc2nccs2)c1,"CHEMBL4239107",586,"STRUCTURE INCOMPATIBLE WITH FORCE FIELD",0,,,,,,,,,,,,,,
CC#CCn1c(N2CCC[C@@H](N)C2)cc(=O)n(Cc2cn(CCC(=O)OC)nn2)c1=O,"CHEMBL4242416",587,"STRUCTURE INCOMPATIBLE WITH FORCE FIELD",0,,,,,,,,,,,,,,
COc1ccc(/C=N/N2C(c3ccccc3)=Nc3ccc(I)cc3C2Nc2nccs2)cc1,"CHEMBL4242883",588,"STRUCTURE INCOMPATIBLE WITH FORCE FIELD",0,,,,,,,,,,,,,,
O=[N+]([O-])c1cccc(/C=N/N2C(c3ccccc3)=Nc3ccccc3C2Nc2nccs2)c1,"CHEMBL4249193",589,"STRUCTURE INCOMPATIBLE WITH FORCE FIELD",0,,,,,,,,,,,,,,
O=C(CO[N+](=O)[O-])N[C@@H](CC(=O)N1CCn2c(nnc2C(F)(F)F)C1)Cc1cc(F)c(F)cc1F,"CHEMBL4434648",590,"STRUCTURE INCOMPATIBLE WITH FORCE FIELD",0,,,,,,,,,,,,,,
O=C(CCCO[N+](=O)[O-])N[C@@H](CC(=O)N1CCn2c(nnc2C(F)(F)F)C1)Cc1cc(F)c(F)cc1F,"CHEMBL4437841",591,"STRUCTURE INCOMPATIBLE WITH FORCE FIELD",0,,,,,,,,,,,,,,
CC#CCn1c(N2CCC[C@@H](N)C2)nc2c1c(=O)n(Cc1c(OC)cccc1C(=O)O)c(=O)n2C,"CHEMBL4458832",592,"STRUCTURE INCOMPATIBLE WITH FORCE FIELD",0,,,,,,,,,,,,,,
Cc1cccc(-c2nnc3ccc(N4CCN(C(c5ccccc5)c5ccccc5)CC4)nn23)c1,"CHEMBL4460852",593,"STRUCTURE INCOMPATIBLE WITH FORCE FIELD",0,,,,,,,,,,,,,,
CC#CCn1c(N2CCC[C@@H](N)C2)nc2c1c(=O)n(Cc1ccc(Br)cc1C(=O)O)c(=O)n2C,"CHEMBL4461587",594,"STRUCTURE INCOMPATIBLE WITH FORCE FIELD",0,,,,,,,,,,,,,,
CC#CCn1c(N2CCC[C@@H](N)C2)nc2c1c(=O)n(Cc1cc(C#N)ccc1C(=O)O)c(=O)n2C,"CHEMBL4464069",595,"STRUCTURE INCOMPATIBLE WITH FORCE FIELD",0,,,,,,,,,,,,,,
O=C(CCCCO)N[C@@H](CC(=O)N1CCn2c(nnc2C(F)(F)F)C1)Cc1cc(F)c(F)cc1F,"CHEMBL4464592",596,"STRUCTURE INCOMPATIBLE WITH FORCE FIELD",0.01,,,,,,,,,,,,,,
Cc1nc(CN2C(=O)c3c(nc(N4CCC[C@@H](N)C4)n3CC(=O)C3CC3)N3CCN=C23)nc2ccccc12,"CHEMBL4464819",597,"STRUCTURE INCOMPATIBLE WITH FORCE FIELD",0,,,,,,,,,,,,,,
CC#CCn1c(N2CCC[C@@H](N)C2)nc2c1c(=O)n(Cc1ccc(Br)cc1C(=O)OC)c(=O)n2C,"CHEMBL4465374",598,"STRUCTURE INCOMPATIBLE WITH FORCE FIELD",0,,,,,,,,,,,,,,
CC#CCn1c(N2CCC[C@@H](N)C2)nc2c1c(=O)n(Cc1ccc(Cl)cc1C(=O)OCC)c(=O)n2C,"CHEMBL4468590",599,"STRUCTURE INCOMPATIBLE WITH FORCE FIELD",0,,,,,,,,,,,,,,
O=C(CCCCCO)N[C@@H](CC(=O)N1CCn2c(nnc2C(F)(F)F)C1)Cc1cc(F)c(F)cc1F,"CHEMBL4516388",600,"STRUCTURE INCOMPATIBLE WITH FORCE FIELD",0,,,,,,,,,,,,,,
O=C(CCCCCO[N+](=O)[O-])N[C@@H](CC(=O)N1CCn2c(nnc2C(F)(F)F)C1)Cc1cc(F)c(F)cc1F,"CHEMBL4524414",601,"STRUCTURE INCOMPATIBLE WITH FORCE FIELD",0,,,,,,,,,,,,,,
CC#CCn1c(N2CCC[C@@H](N)C2)nc2c1c(=O)n(Cc1ccc(Br)cc1C(=O)OCC)c(=O)n2C,"CHEMBL4528149",602,"STRUCTURE INCOMPATIBLE WITH FORCE FIELD",0,,,,,,,,,,,,,,
CC[C@H](C)[C@H](NC(=O)[C@H](CC(C)C)NC(=O)[C@@H]1CCCN1C(=O)[C@H](CC(C)C)NC(=O)[C@@H]1CCCN1C(=O)[C@@H](NC(=O)CN)[C@@H](C)CC)C(=O)O,"CHEMBL4535549",603,"STRUCTURE INCOMPATIBLE WITH FORCE FIELD",0,,,,,,,,,,,,,,
CC#CCn1c(N2CCC[C@@H](N)C2)nc2c1c(=O)n(Cc1cc(Br)ccc1C(=O)O)c(=O)n2C,"CHEMBL4536341",604,"STRUCTURE INCOMPATIBLE WITH FORCE FIELD",0,,,,,,,,,,,,,,
CC#CCn1c(N2CCC[C@@H](N)C2)nc2c1c(=O)n(Cc1c(Br)cccc1C(=O)O)c(=O)n2C,"CHEMBL4544024",605,"STRUCTURE INCOMPATIBLE WITH FORCE FIELD",0,,,,,,,,,,,,,,
Cc1nc(CN2C(=O)c3c(nc(N4CCC[C@@H](N)C4)n3Cc3cc(F)cs3)N3CCN=C23)nc2ccccc12,"CHEMBL4563476",606,"STRUCTURE INCOMPATIBLE WITH FORCE FIELD",0,,,,,,,,,,,,,,
O=C(CCCCO[N+](=O)[O-])N[C@@H](CC(=O)N1CCn2c(nnc2C(F)(F)F)C1)Cc1cc(F)c(F)cc1F,"CHEMBL4577865",607,"STRUCTURE INCOMPATIBLE WITH FORCE FIELD",0,,,,,,,,,,,,,,
CC#CCn1c(N2CCC[C@@H](N)C2)nc2c1c(=O)n(Cc1cc(OC)ccc1C(=O)O)c(=O)n2C,"CHEMBL4588692",608,"STRUCTURE INCOMPATIBLE WITH FORCE FIELD",0,,,,,,,,,,,,,,
CCOC(=O)c1c(C(C)C)cc(C(C)C)c(C(=O)OCC)c1-c1cc2ccc(-c3ccc4c(C)cccc4c3)cc2[nH]1,"CHEMBL4632896",609,"STRUCTURE INCOMPATIBLE WITH FORCE FIELD",0.01,,,,,,,,,,,,,,
N[C@H]1C[C@@H](N2Cc3cn(S(=O)(=O)C4CCCC4)nc3C2)[C@@H](C(F)(F)F)O[C@@H]1c1cc(F)ccc1F,"CHEMBL4634474",610,"STRUCTURE INCOMPATIBLE WITH FORCE FIELD",0,,,,,,,,,,,,,,
O=[N+]([O-])c1cccc(/C=N/N2C(c3ccccc3)=Nc3ccc(I)cc3C2NC2NC=CS2)c1,"CHEMBL4638480",611,"STRUCTURE INCOMPATIBLE WITH FORCE FIELD",0,,,,,,,,,,,,,,
CC#CCn1c(N2CCC[C@@H](N)C2)nc2c1c(=O)n(CCCN1CCN(c3nc(-c4ccccc4)cs3)CC1)c(=O)n2C,"CHEMBL4740282",612,"STRUCTURE INCOMPATIBLE WITH FORCE FIELD",0,,,,,,,,,,,,,,
CC#CCn1c(N2CCC[C@@H](N)C2)nc2c1c(=O)n(CCCN1CCN(c3nnc(-c4ccccc4)[nH]3)CC1)c(=O)n2C,"CHEMBL4742337",613,"STRUCTURE INCOMPATIBLE WITH FORCE FIELD",0.01,,,,,,,,,,,,,,
CC#CCn1c(N2CCC[C@@H](N)C2)nc2c1c(=O)n(CCCN1CCC(c3nc(-c4ccccc4)cs3)CC1)c(=O)n2C,"CHEMBL4743350",614,"STRUCTURE INCOMPATIBLE WITH FORCE FIELD",0,,,,,,,,,,,,,,
CC#CCn1c(N2CCC[C@@H](N)C2)nc2c1c(=O)n(CCCN1CCC(c3nc(-c4ccccc4)c[nH]3)CC1)c(=O)n2C,"CHEMBL4744389",615,"STRUCTURE INCOMPATIBLE WITH FORCE FIELD",0,,,,,,,,,,,,,,
CC#CCn1c(N2CCC[C@@H](N)C2)nc2c1c(=O)n(CCCN1CCN(c3ncc(CC)cn3)CC1)c(=O)n2C,"CHEMBL4745258",616,"STRUCTURE INCOMPATIBLE WITH FORCE FIELD",0,,,,,,,,,,,,,,
N[C@H]1C[C@@H](N2Cc3cn(S(=O)(=O)NC(=O)c4ccccc4)nc3C2)CO[C@@H]1c1cc(F)ccc1F,"CHEMBL4746458",617,"STRUCTURE INCOMPATIBLE WITH FORCE FIELD",0,,,,,,,,,,,,,,
CC#CCn1c(N2CCC[C@@H](N)C2)nc2c1c(=O)n(CCCN1CCN(c3ncc(F)cn3)CC1)c(=O)n2C,"CHEMBL4749117",618,"STRUCTURE INCOMPATIBLE WITH FORCE FIELD",0,,,,,,,,,,,,,,
CC#CCn1c(N2CCC[C@@H](N)C2)nc2c1c(=O)n(CCCN1CCC(c3ncc(-c4ccccc4)o3)CC1)c(=O)n2C,"CHEMBL4750433",619,"STRUCTURE INCOMPATIBLE WITH FORCE FIELD",0,,,,,,,,,,,,,,
CC#CCn1c(N2CCC[C@@H](N)C2)nc2c1c(=O)n(CCCN1CCN(c3ncc(C(F)(F)F)cn3)CC1)c(=O)n2C,"CHEMBL4751384",620,"STRUCTURE INCOMPATIBLE WITH FORCE FIELD",0,,,,,,,,,,,,,,
CC#CCn1c(N2CCC[C@@H](N)C2)nc2c1c(=O)n(CCCN1CCC(c3nc(-c4ccccc4)no3)CC1)c(=O)n2C,"CHEMBL4761281",621,"STRUCTURE INCOMPATIBLE WITH FORCE FIELD",0,,,,,,,,,,,,,,
CC#CCn1c(N2CCC[C@@H](N)C2)nc2c1c(=O)n(CCCN1CCC(n3cc(-c4ccccc4)nn3)CC1)c(=O)n2C,"CHEMBL4762199",622,"STRUCTURE INCOMPATIBLE WITH FORCE FIELD",0,,,,,,,,,,,,,,
CC#CCn1c(N2CCC[C@@H](N)C2)nc2c1c(=O)n(CCCN1CCN(c3ncc(OC)cn3)CC1)c(=O)n2C,"CHEMBL4764779",623,"STRUCTURE INCOMPATIBLE WITH FORCE FIELD",0,,,,,,,,,,,,,,
CC#CCn1c(N2CCC[C@@H](N)C2)nc2c1c(=O)n(CCCN1CCN(c3ncc(CCC)cn3)CC1)c(=O)n2C,"CHEMBL4776485",624,"STRUCTURE INCOMPATIBLE WITH FORCE FIELD",0,,,,,,,,,,,,,,
CS(=O)(=NS(=O)(=O)c1ccccc1)n1cc2c(n1)CN([C@H]1CO[C@H](c3cc(F)ccc3F)[C@@H](N)C1)C2,"CHEMBL4776573",625,"STRUCTURE INCOMPATIBLE WITH FORCE FIELD",0,,,,,,,,,,,,,,
CC#CCn1c(N2CCC[C@@H](N)C2)nc2c1c(=O)n(CCCN1CCN(c3noc(-c4ccccc4)n3)CC1)c(=O)n2C,"CHEMBL4782382",626,"STRUCTURE INCOMPATIBLE WITH FORCE FIELD",0,,,,,,,,,,,,,,
CC#CCn1c(N2CCC[C@@H](N)C2)nc2c1c(=O)n(CCCN1CCC(c3cc(-c4ccccc4)on3)CC1)c(=O)n2C,"CHEMBL4783756",627,"STRUCTURE INCOMPATIBLE WITH FORCE FIELD",0,,,,,,,,,,,,,,
CC#CCn1c(N2CCC[C@@H](N)C2)nc2c1c(=O)n(CCCN1CCN(c3nc(-c4ccccc4)no3)CC1)c(=O)n2C,"CHEMBL4784857",628,"STRUCTURE INCOMPATIBLE WITH FORCE FIELD",0.01,,,,,,,,,,,,,,
CC#CCn1c(N2CCC[C@@H](N)C2)nc2c1c(=O)n(CCCN1CCN(c3ncc(C)cn3)CC1)c(=O)n2C,"CHEMBL4785060",629,"STRUCTURE INCOMPATIBLE WITH FORCE FIELD",0,,,,,,,,,,,,,,
CC#CCn1c(N2CCC[C@@H](N)C2)nc2c1c(=O)n(CCCN1CCN(c3nc(-c4ccccc4)ns3)CC1)c(=O)n2C,"CHEMBL4795875",630,"STRUCTURE INCOMPATIBLE WITH FORCE FIELD",0,,,,,,,,,,,,,,
CC#CCn1c(N2CCC[C@@H](N)C2)nc2c1c(=O)n(CCCN1CCC(c3nnnn3-c3ccccc3)CC1)c(=O)n2C,"CHEMBL4796411",631,"STRUCTURE INCOMPATIBLE WITH FORCE FIELD",0,,,,,,,,,,,,,,
CC#CCn1c(N2CCC[C@@H](N)C2)nc2c1c(=O)n(CCCN1CCN(c3cc(C)nn3-c3ccccc3)CC1)c(=O)n2C,"CHEMBL4799779",632,"STRUCTURE INCOMPATIBLE WITH FORCE FIELD",0,,,,,,,,,,,,,,
CC#CCn1c(N2CCC[C@@H](N)C2)cc(=O)n(Cc2cccc(C(=O)N3CCC[C@@H]3C(=O)OC)c2)c1=O,"CHEMBL4867117",633,"STRUCTURE INCOMPATIBLE WITH FORCE FIELD",0,,,,,,,,,,,,,,
CC(C)=CCC/C(C)=C/OC(=O)[C@@H]1CCCN1C(=O)[C@H](CCCCNC(=O)OC(C)(C)C)NC(=O)OC(C)(C)C,"CHEMBL5219532",634,"STRUCTURE INCOMPATIBLE WITH FORCE FIELD",0,,,,,,,,,,,,,,
COC(=O)C(Cc1ccccc1)NC(=O)[C@@H]1CCCN1C(=O)[C@H](Cc1ccccc1)NC(=O)OCc1ccccc1,"CHEMBL5219966",635,"STRUCTURE INCOMPATIBLE WITH FORCE FIELD",0.01,,,,,,,,,,,,,,
CC(C)(C)OC(=O)NCCCC[C@H](NC(=O)OC(C)(C)C)C(=O)N1CCC[C@H]1C(=O)O/C=C/c1ccccc1,"CHEMBL5219996",636,"STRUCTURE INCOMPATIBLE WITH FORCE FIELD",0,,,,,,,,,,,,,,
CCOC(=O)/C=C/OC(=O)[C@@H]1CCCN1C(=O)[C@H](CCCCNC(=O)OC(C)(C)C)NC(=O)OC(C)(C)C,"CHEMBL5220613",637,"STRUCTURE INCOMPATIBLE WITH FORCE FIELD",0,,,,,,,,,,,,,,
N[C@@H](CC(=O)N1CCC[C@H]1CNC(=O)c1ccc(F)c(S(N)(=O)=O)c1)[C@H]1CCc2cc(F)c(F)cc21,"CHEMBL5265910",638,"STRUCTURE INCOMPATIBLE WITH FORCE FIELD",0,,,,,,,,,,,,,,
CC(C)[C@H](Nc1ccc(CNC(=O)[C@@H]2CSCN2C(=O)C[C@H](N)Cc2cc(F)ccc2F)cc1)C(=O)O,"CHEMBL5267798",639,"STRUCTURE INCOMPATIBLE WITH FORCE FIELD",0,,,,,,,,,,,,,,
CC#CCN1C(N2CCC[C@@H](N)C2)=NC2C1C(=O)N(Cc1cccnc1C#N)C(=O)N2Cc1cccnc1C#N,"CHEMBL5269668",640,"STRUCTURE INCOMPATIBLE WITH FORCE FIELD",0,,,,,,,,,,,,,,
N[C@@H](CC(=O)N1CCC[C@H]1CNC(=O)c1cc(S(N)(=O)=O)c(F)cc1F)[C@H]1CCc2cc(F)c(F)cc21,"CHEMBL5269746",641,"STRUCTURE INCOMPATIBLE WITH FORCE FIELD",0,,,,,,,,,,,,,,
CCN(CC)S(=O)(=O)c1cc(C(=O)NC[C@@H]2CCCN2C(=O)C[C@H](N)[C@H]2CCc3cc(F)c(F)cc32)ccc1F,"CHEMBL5269884",642,"STRUCTURE INCOMPATIBLE WITH FORCE FIELD",0,,,,,,,,,,,,,,
Cn1c(=O)n(CC(=O)N2CCN(c3ncccn3)CC2)c(=O)c2sc(N)nc21,"CHEMBL5270959",643,"STRUCTURE INCOMPATIBLE WITH FORCE FIELD",0,,,,,,,,,,,,,,
O=C(CNc1nc(Nc2ccc(S(=O)(=O)Nc3cncs3)cc2)nc(N2CCOCC2)n1)Nc1ccc(F)cc1,"CHEMBL5271401",644,"STRUCTURE INCOMPATIBLE WITH FORCE FIELD",0,,,,,,,,,,,,,,
CS(=O)(=O)c1cccc(C(=O)NC[C@@H]2CCCN2C(=O)C[C@H](N)[C@H]2CCc3cc(F)c(F)cc32)c1,"CHEMBL5272644",645,"STRUCTURE INCOMPATIBLE WITH FORCE FIELD",0,,,,,,,,,,,,,,
CCN(CC)S(=O)(=O)c1cc(C(=O)NC[C@@H]2CCCN2C(=O)C[C@H](N)[C@H]2CCc3cc(F)c(F)cc32)c(F)cc1F,"CHEMBL5273793",646,"STRUCTURE INCOMPATIBLE WITH FORCE FIELD",0,,,,,,,,,,,,,,
CN1CCN(S(=O)(=O)c2cccc(C(=O)NC[C@@H]3CCCN3C(=O)C[C@H](N)[C@H]3CCc4cc(F)c(F)cc43)c2)CC1,"CHEMBL5275046",647,"STRUCTURE INCOMPATIBLE WITH FORCE FIELD",0,,,,,,,,,,,,,,
O=C(CNc1nc(Nc2ccc(S(=O)(=O)Nc3nccs3)cc2)nc(N2CCOCC2)n1)Nc1ccc(F)cc1,"CHEMBL5275453",648,"STRUCTURE INCOMPATIBLE WITH FORCE FIELD",0.01,,,,,,,,,,,,,,
N[C@@H](CC(=O)N1CCC[C@H]1CNC(=O)c1cc(S(=O)(=O)N2CCCCC2)c(F)cc1F)[C@H]1CCc2cc(F)c(F)cc21,"CHEMBL5276298",649,"STRUCTURE INCOMPATIBLE WITH FORCE FIELD",0,,,,,,,,,,,,,,
N[C@@H](CC(=O)N1CCC[C@H]1CNC(=O)c1cccc(S(N)(=O)=O)c1)[C@H]1CCc2cc(F)c(F)cc21,"CHEMBL5276657",650,"STRUCTURE INCOMPATIBLE WITH FORCE FIELD",0,,,,,,,,,,,,,,
N[C@H]1C[C@@H](N2Cc3cnn(S(=O)(=O)c4ccc(C(F)(F)F)cc4)c3C2)CO[C@@H]1c1cc(F)ccc1F,"CHEMBL5276887",651,"STRUCTURE INCOMPATIBLE WITH FORCE FIELD",0,,,,,,,,,,,,,,
CCN(CC)S(=O)(=O)c1cccc(C(=O)NC[C@@H]2CCCN2C(=O)C[C@H](N)[C@H]2CCc3cc(F)c(F)cc32)c1,"CHEMBL5277828",652,"STRUCTURE INCOMPATIBLE WITH FORCE FIELD",0.01,,,,,,,,,,,,,,
CC#CCn1c(N2CCC[C@@H](N)C2)nc2c(C)c(=O)n(Cc3nc(C)c4c(Cl)cccc4n3)c(=O)n21,"CHEMBL5278621",653,"STRUCTURE INCOMPATIBLE WITH FORCE FIELD",0,,,,,,,,,,,,,,
N[C@@H](CC(=O)N1CCC[C@H]1CNC(=O)c1cc(S(=O)(=O)N2CCC2)c(F)cc1F)[C@H]1CCc2cc(F)c(F)cc21,"CHEMBL5279474",654,"STRUCTURE INCOMPATIBLE WITH FORCE FIELD",0,,,,,,,,,,,,,,
CC#CCn1c(N2CCC[C@@H](N)C2)cc(=O)n(Cc2cn(CCC(=O)O)nn2)c1=O,"CHEMBL5283810",655,"STRUCTURE INCOMPATIBLE WITH FORCE FIELD",0,,,,,,,,,,,,,,
C[C@H]1CCN(C(=O)CNc2cc3cc(-c4ccccc4)c(-c4ccccc4)cc3oc2=O)C1,"CHEMBL5285191",656,"STRUCTURE INCOMPATIBLE WITH FORCE FIELD",0,,,,,,,,,,,,,,
CC(C)[C@H](Nc1ccc(CNC(=O)[C@@H]2CCCN2C(=O)C[C@H](N)Cc2cc(F)ccc2F)cc1)C(=O)O,"CHEMBL5287917",657,"STRUCTURE INCOMPATIBLE WITH FORCE FIELD",0,,,,,,,,,,,,,,
N[C@@H](CC(=O)N1CCC[C@H]1CNC(=O)c1cc(S(=O)(=O)N2CCOCC2)c(F)cc1F)[C@H]1CCc2cc(F)c(F)cc21,"CHEMBL5289339",658,"STRUCTURE INCOMPATIBLE WITH FORCE FIELD",0,,,,,,,,,,,,,,
CC#CCn1c(N2CCC[C@@H](N)C2)cc(=O)n(Cc2cn(C/C=C/C(=O)O)nn2)c1=O,"CHEMBL5289984",659,"STRUCTURE INCOMPATIBLE WITH FORCE FIELD",0,,,,,,,,,,,,,,
Nc1nc(NC2=NC(c3ccccc3)=CC(c3cccc([N+](=O)[O-])c3)O2)nc(N2CCOCC2)n1,"CHEMBL5399740",660,"STRUCTURE INCOMPATIBLE WITH FORCE FIELD",0,,,,,,,,,,,,,,
Nc1nc(NC2=NC(c3ccccc3)=CC(c3ccc([N+](=O)[O-])cc3)O2)nc(N2CCOCC2)n1,"CHEMBL5405820",661,"STRUCTURE INCOMPATIBLE WITH FORCE FIELD",0.01,,,,,,,,,,,,,,
CCCCOc1ccc(C(=O)/C=C/c2cc(Cl)c(O)cc2OC)cc1,"CHEMBL5410220",662,"STRUCTURE INCOMPATIBLE WITH FORCE FIELD",0,,,,,,,,,,,,,,
N[C@H]1C[C@@H](N2Cc3nn4c(C(F)(F)F)cc(C(F)(F)F)nc4c3C2)CO[C@@H]1c1cc(F)ccc1F,"CHEMBL5418259",663,"STRUCTURE INCOMPATIBLE WITH FORCE FIELD",0,,,,,,,,,,,,,,
Nc1nc(NC2=NC(c3ccccc3)=CC(c3ccccc3[N+](=O)[O-])O2)nc(N2CCOCC2)n1,"CHEMBL5435689",664,"STRUCTURE INCOMPATIBLE WITH FORCE FIELD",0,,,,,,,,,,,,,,
