SMILES,title,i_i_glide_lignum,docking_status,r_glide_cpu_time,r_i_docking_score,s_i_glide_gridfile,r_i_glide_gscore,r_i_glide_lipo,r_i_glide_hbond,r_i_glide_metal,r_i_glide_rewards,r_i_glide_evdw,r_i_glide_ecoul,r_i_glide_erotb,r_i_glide_esite,r_i_glide_emodel,r_i_glide_energy,r_i_glide_einternal
O=c1cc(-c2ccc(O)cc2)oc2cc(O)cc(O)c12,"CHEMBL28",1,Done,2.82,-5.03732,"glide_grid_1X70",-5.17722,-0.631076,-0.161347,-0,-1.56657,-20.8917,-12.967,0.171411,0,-46.4546,-33.8587,1.05463
O=c1cc(-c2ccc(O)cc2)oc2cc(O)cc([O-])c12,"CHEMBL28",3,Done,1.67,-0.245186,"glide_grid_1X70",-2.26429,-0.501289,-0.00204121,-0,-1.57344,-16.226,2.51549,0.246461,0,-18.4465,-13.7106,1.7988
O=c1c(-c2ccc(O)cc2)coc2cc(O)cc(O)c12,"CHEMBL44",4,Done,2.09,-4.67609,"glide_grid_1X70",-4.78359,-0.227365,-0.333619,-0,-1.56657,-19.9863,-12.6773,0.244873,0,-41.968,-32.6636,4.51567
O=c1c(-c2ccc(O)cc2)coc2cc([O-])cc(O)c12,"CHEMBL44",5,Done,1.74,-1.52082,"glide_grid_1X70",-2.69372,-0.313287,-0.095631,-0,-1.57344,-12.7919,-2.12154,0.246461,0,-20.5427,-14.9134,2.22922
O=c1c(-c2ccc(O)cc2)coc2cc(O)cc([O-])c12,"CHEMBL44",6,Done,1.76,-0.749979,"glide_grid_1X70",-2.87318,-0.0237319,-0.367303,-0,-1.57344,-14.9095,-2.73128,0.246461,0,-22.7921,-17.6408,3.92343
O=c1c(O)c(-c2ccc(O)cc2)oc2cc(O)cc(O)c12,"CHEMBL150",7,Done,2.48,-4.96527,"glide_grid_1X70",-5.09327,-0.635345,-0.38693,-0,-1.45748,-22.9464,-11.252,0.221609,0,-46.6627,-34.1984,1.01592
O=c1c(O)c(-c2ccc(O)cc2)oc2cc([O-])cc(O)c12,"CHEMBL150",8,Done,2.19,-1.83073,"glide_grid_1X70",-2.99573,-0.22406,0,-0,-1.46435,-21.6265,-2.99309,0.222974,0,-30.1017,-24.6196,3.51375
O=c1c([O-])c(-c2ccc(O)cc2)oc2cc(O)cc(O)c12,"CHEMBL150",10,Done,2.12,-2.58993,"glide_grid_1X70",-4.92933,-0.588681,-0.248865,-0,-1.46435,-20.9582,-12.0166,0.222974,0,-43.6788,-32.9748,2.25837
Oc1ccc(/C=C/c2cc(O)cc(O)c2)cc1,"CHEMBL165",11,Done,2.14,-5.53681,"glide_grid_1X70",-5.55471,-0.739316,-0.454451,-0,-1.85289,-18.6312,-13.5622,0.457826,0,-45.3889,-32.1934,1.05032
CO/N=C1\CN(c2nc3c(cc2F)c(=O)c(C(=O)[O-])cn3C2CC2)C[C@H]1C[NH3+],"CHEMBL430",13,Done,2.75,-5.11057,"glide_grid_1X70",-5.12617,-0.773585,-0.315916,-0,-1.21605,-24.9224,-11.2839,0.385714,-0.267625,-55.3099,-36.2063,3.12609
CO/N=C1\CN(c2nc3c(cc2F)c(=O)c(C(=O)O)cn3C2CC2)C[C@H]1C[NH3+],"CHEMBL430",14,Done,3.08,-2.73206,"glide_grid_1X70",-4.89416,-0.108118,-0.444076,-0,-1.21789,-25.0479,-11.7083,0.358332,-0.473763,-51.833,-36.7562,3.77905
Nc1ncnc2c1ncn2[C@@H]1O[C@H](CO)[C@@H](O)[C@@H]1O,"CHEMBL1090",15,Done,2.91,-5.61876,"glide_grid_1X70",-5.61876,0,-0.590869,-0,-1.59923,-19.406,-18.409,0.499276,-0.196285,-50.56,-37.815,4.03838
[NH3+][C@@H](CC(=O)N1CCn2c(nnc2C(F)(F)F)C1)Cc1cc(F)c(F)cc1F,"CHEMBL1422",16,Done,4.61,-10.0108,"glide_grid_1X70",-10.023,-1.0483,-0.877825,-0,-2.62677,-37.2737,-24.3386,0.330509,-0.286106,-106.505,-61.6123,6.9872
N[C@@H](CC(=O)N1CCn2c(nnc2C(F)(F)F)C1)Cc1cc(F)c(F)cc1F,"CHEMBL1422",17,Done,4.39,-5.43653,"glide_grid_1X70",-7.74353,-1.08378,-0.764578,-0,-2.21755,-36.9995,-14.1098,0.474265,-0.185433,-70.7068,-51.1094,8.86028
CN(C)C(=[NH2+])N=C(N)N,"CHEMBL1431",18,Done,1.08,-3.55108,"glide_grid_1X70",-3.72898,0,-0.666008,-0,-2.25,-9.18014,-11.3581,1.63542,-0.285674,-27.9198,-20.5382,3.67984
CN(C)/C(N)=N/C(N)=[NH2+],"CHEMBL1431",19,Done,1.06,-3.8173,"glide_grid_1X70",-4.6212,0,-1.04117,-0,-2.78,-8.40656,-7.54532,1.14479,-0.392701,-27.6546,-15.9519,0.929984
CO[P@@](=O)(Oc1ccccc1-c1ccccc1O)[C@@H]1CCCN1C(=O)[C@@H]1CCC[NH2+]1,"CHEMBL9237",20,Done,8.53,-5.27411,"glide_grid_1X70",-5.41831,-0.628951,-0.609292,-0,-0.689118,-25.1898,-18.0146,0.64112,-0.170393,-54.8328,-43.2044,15.0354
CO[P@@](=O)(Oc1ccccc1-c1ccccc1O)[C@@H]1CCCN1C(=O)[C@@H]1CCCN1,"CHEMBL9237",21,Done,10.81,-2.08256,"glide_grid_1X70",-3.00366,-0.83381,-0.335825,-0,-0.788507,-12.0807,-6.95296,0.643842,-0.0423859,-19.989,-19.0336,13.407
O=C1C[C@@H](c2ccc(O)cc2)Oc2cc(O)cc(O)c21,"CHEMBL9352",22,Done,1.91,-5.00106,"glide_grid_1X70",-5.07276,-0.526398,-0.165373,-0,-1.56988,-19.7928,-13.7548,0.241744,0,-45.6883,-33.5475,1.69365
O=C1C[C@@H](c2ccc(O)cc2)Oc2cc([O-])cc(O)c21,"CHEMBL9352",23,Done,1.71,-0.994361,"glide_grid_1X70",-2.55256,-0.302435,-0.00327063,-0,-1.57062,-16.7629,-0.542616,0.243301,0,-22.0015,-17.3055,2.51014
COc1ccc(OP(=O)(Oc2ccc(OC)cc2)[C@@H]2CCCN2C(=O)[C@@H]2CCC[NH2+]2)cc1,"CHEMBL9561",25,Done,7.65,-4.84484,"glide_grid_1X70",-4.99144,-0.438728,-0.466322,-0,-0.484617,-31.1794,-16.9161,0.661908,-0.167306,-64.8235,-48.0954,8.47021
O=C([C@@H]1CCC[NH2+]1)N1CCC[C@H]1P(=O)(Oc1ccc(O)cc1)Oc1ccc(O)cc1,"CHEMBL9565",27,Done,10.46,-5.20428,"glide_grid_1X70",-5.35288,-0.673809,-0.819568,-0,-0.673642,-31.2814,-14.5777,0.741815,-0.17695,-63.2305,-45.8591,8.83121
O=C([C@@H]1CCCN1)N1CCC[C@H]1P(=O)(Oc1ccc(O)cc1)Oc1ccc(O)cc1,"CHEMBL9565",28,Done,13.07,-2.39122,"glide_grid_1X70",-3.28362,-0.476263,-0.327516,-0,-0.458046,-32.6452,-7.52395,0.744952,-0.00589764,-48.6455,-40.1691,2.78784
O=C([C@@H]1CCC[NH2+]1)N1CCC[C@H]1P1(=O)Oc2ccccc2-c2ccccc2O1,"CHEMBL9724",29,Done,3.2,-3.80334,"glide_grid_1X70",-3.95194,-0.266133,-0.287232,-0,-0.90328,-25.6506,-9.43663,0.368494,-0.165764,-46.9348,-35.0872,3.00913
CC(C)[C@H]([NH3+])C(=O)N1CCCC1,"CHEMBL16709",31,Done,1.8,-7.20385,"glide_grid_1X70",-7.38725,-0.819341,-0.49937,-0,-3.16796,-17.8347,-14.8472,0.369167,-0.15093,-57.677,-32.6819,1.31534
CC(C)[C@H](N)C(=O)N1CCCC1,"CHEMBL16709",32,Done,1.8,-3.9345,"glide_grid_1X70",-4.7187,-0.845314,-0.203604,-0,-2.66372,-20.8977,-2.97781,0.532482,-0.0469849,-29.6737,-23.8755,3.14188
CC[C@H](C)[C@H]([NH3+])C(=O)N1CCCC1,"CHEMBL17041",33,Done,2.49,-6.99255,"glide_grid_1X70",-7.18815,-0.869578,-0.511529,-0,-3.08925,-19.6222,-14.8906,0.648887,-0.151986,-59.3873,-34.5127,1.46465
CC[C@H](C)[C@H](N)C(=O)N1CCCC1,"CHEMBL17041",34,Done,2.45,-3.45695,"glide_grid_1X70",-4.20865,-0.740107,-0.288121,-0,-2.51914,-19.3081,-3.70652,0.935356,-0.0752622,-28.7739,-23.0146,2.62882
[NH3+][C@H](C(=O)N1CCC(F)(F)C1)[C@H]1CC[C@H](NS(=O)(=O)c2ccc(F)cc2F)CC1,"CHEMBL22294",35,Done,4.65,-7.42173,"glide_grid_1X70",-7.74453,-1.4157,-0.388742,-0,-2.12599,-34.5028,-15.5073,0.435843,-0.198706,-86.1408,-50.01,3.13519
N[C@H](C(=O)N1CCC(F)(F)C1)[C@H]1CC[C@H](NS(=O)(=O)c2ccc(F)cc2F)CC1,"CHEMBL22294",36,Done,4.32,-4.34976,"glide_grid_1X70",-4.86366,-1.24501,-0.311686,-0,-0.685394,-36.4354,-8.01105,0.625238,-0.223378,-54.0858,-44.4465,5.12004
[NH3+][C@H](C(=O)N1CC[C@H](F)C1)[C@H]1CC[C@H](NS(=O)(=O)c2ccc(F)cc2F)CC1,"CHEMBL22310",37,Done,4.52,-7.20403,"glide_grid_1X70",-7.46793,-0.830059,-0.748589,-0,-1.22191,-33.3067,-21.3999,0.470201,-0.26224,-83.2656,-54.7067,7.85707
N[C@H](C(=O)N1CC[C@H](F)C1)[C@H]1CC[C@H](NS(=O)(=O)c2ccc(F)cc2F)CC1,"CHEMBL22310",38,Done,4.5,-4.37302,"glide_grid_1X70",-4.97922,-1.22325,-0.19173,-0,-1.3285,-31.0721,-7.86204,0.674636,-0.177461,-51.0647,-38.9342,2.05239
[NH3+][C@H](C(=O)N1CCSC1)[C@H]1CC[C@H](NC(=O)c2ccc(F)c(F)c2)CC1,"CHEMBL22359",39,Done,6.25,-7.75604,"glide_grid_1X70",-8.07034,-0.969704,-0.811079,-0,-1.73028,-37.8624,-19.4575,0.552454,-0.299985,-94.2995,-57.3199,4.80709
N[C@H](C(=O)N1CCSC1)[C@H]1CC[C@H](NC(=O)c2ccc(F)c(F)c2)CC1,"CHEMBL22359",40,Done,6.39,-4.67266,"glide_grid_1X70",-5.19856,-0.870216,-0.635903,-0,-1.20744,-36.6727,-8.34331,0.792945,-0.192818,-57.3029,-45.016,5.66409
[NH3+][C@H](C(=O)N1CC[C@H](F)C1)C1CCCCC1,"CHEMBL22511",41,Done,2.2,-7.1718,"glide_grid_1X70",-7.4138,-0.767376,-0.48874,-0,-3.02767,-27.0047,-15.3227,0.681308,-0.16268,-69.9741,-42.3274,3.79555
N[C@H](C(=O)N1CC[C@H](F)C1)C1CCCCC1,"CHEMBL22511",42,Done,2.33,-4.1411,"glide_grid_1X70",-4.7885,-0.731731,-0.208253,-0,-2.82658,-27.1673,-3.83619,0.980596,-0.068741,-38.1708,-31.0035,5.10668
[NH3+][C@H](C(=O)N1C[C@H](F)[C@@H](F)C1)[C@H]1CC[C@H](NC(=O)OCc2ccccc2)CC1,"CHEMBL22545",43,Done,7.02,-7.37939,"glide_grid_1X70",-7.69239,-0.780249,-0.948582,-0,-2.07446,-31.4851,-17.6663,0.609952,-0.274857,-77.0126,-49.1513,4.50661
N[C@H](C(=O)N1C[C@H](F)[C@@H](F)C1)[C@H]1CC[C@H](NC(=O)OCc2ccccc2)CC1,"CHEMBL22545",44,Done,6.33,-2.98562,"glide_grid_1X70",-3.51342,-0.663064,-0.218082,-0,-1.35562,-30.0837,-3.56702,0.875358,-0.112774,-42.3283,-33.6507,2.78024
[NH3+][C@H](C(=O)N1CCCC1)[C@H]1CC[C@H](NC(=O)OCc2ccccc2)CC1,"CHEMBL22679",45,Done,7.03,-7.38472,"glide_grid_1X70",-7.59852,-0.94553,-0.938974,-0,-1.91442,-32.8513,-17.7506,0.723254,-0.217685,-83.7816,-50.6019,4.02052
N[C@H](C(=O)N1CCCC1)[C@H]1CC[C@H](NC(=O)OCc2ccccc2)CC1,"CHEMBL22679",46,Done,6.94,-3.33128,"glide_grid_1X70",-4.03878,-0.9441,-0.351763,-0,-1.39336,-36.0229,-3.28471,1.03839,-0.0941046,-47.9967,-39.3076,5.67251
[NH3+][C@H](C(=O)N1C[C@@H](F)[C@H](F)C1)[C@H]1CC[C@H](NS(=O)(=O)c2ccc(OC(F)(F)F)cc2)CC1,"CHEMBL23051",47,Done,5.99,-6.87703,"glide_grid_1X70",-7.19493,-1.37872,-0.421259,-0,-1.47943,-32.429,-16.6552,0.420773,-0.216567,-77.5213,-49.0842,3.94162
N[C@H](C(=O)N1C[C@@H](F)[C@H](F)C1)[C@H]1CC[C@H](NS(=O)(=O)c2ccc(OC(F)(F)F)cc2)CC1,"CHEMBL23051",48,Done,6.14,-3.15182,"glide_grid_1X70",-3.67252,-0.870679,-0.304,-0,-0.436421,-33.5752,-5.6677,0.60339,-0.135895,-44.8846,-39.2429,4.60229
[NH3+][C@H](C(=O)N1CCC(F)(F)C1)[C@H]1CC[C@H](NC(=O)c2ccc(F)c(F)c2)CC1,"CHEMBL23110",49,Done,5.15,-7.64702,"glide_grid_1X70",-7.96552,-0.868997,-0.82433,-0,-1.81426,-32.1226,-20.877,0.508974,-0.22923,-87.7449,-52.9996,5.26092
N[C@H](C(=O)N1CCC(F)(F)C1)[C@H]1CC[C@H](NC(=O)c2ccc(F)c(F)c2)CC1,"CHEMBL23110",50,Done,5.3,-5.02476,"glide_grid_1X70",-5.54456,-0.762397,-0.850982,-0,-1.24977,-33.3488,-10.2493,0.730397,-0.206961,-55.8718,-43.5981,6.99304
[NH3+][C@H](C(=O)N1CCSC1)[C@H]1CC[C@H](NC(=O)OCc2ccccc2)CC1,"CHEMBL23176",51,Done,7.01,-6.95065,"glide_grid_1X70",-7.26415,-1.23062,-0.742721,-0,-1.03202,-35.9244,-19.5923,0.662817,-0.186537,-85.3482,-55.5168,5.1356
N[C@H](C(=O)N1CCSC1)[C@H]1CC[C@H](NC(=O)OCc2ccccc2)CC1,"CHEMBL23176",52,Done,5.88,-4.10326,"glide_grid_1X70",-4.63026,-0.809696,-0.622416,-0,-1.17786,-35.7501,-7.34842,0.951414,-0.0819335,-55.6765,-43.0985,2.81537
[NH3+][C@H](C(=O)N1CCSC1)C1CCCCC1,"CHEMBL23223",53,Done,2.27,-7.15357,"glide_grid_1X70",-7.44657,-0.904106,-0.508938,-0,-2.77393,-26.219,-16.4914,0.681062,-0.155991,-73.1477,-42.7105,2.22189
N[C@H](C(=O)N1CCSC1)C1CCCCC1,"CHEMBL23223",54,Done,2.29,-3.92785,"glide_grid_1X70",-4.48555,-0.881886,-0.20748,-0,-2.26562,-29.4513,-3.81768,0.98024,-0.065596,-40.131,-33.269,4.65013
[NH3+][C@H](C(=O)N1CC[C@H](F)C1)[C@H]1CC[C@H](NC(=O)c2ccc(F)c(F)c2)CC1,"CHEMBL23660",55,Done,5.69,-7.87265,"glide_grid_1X70",-8.13295,-0.959035,-0.83228,-0,-1.70013,-32.9724,-21.7617,0.552581,-0.281217,-92.2899,-54.734,3.25131
N[C@H](C(=O)N1CC[C@H](F)C1)[C@H]1CC[C@H](NC(=O)c2ccc(F)c(F)c2)CC1,"CHEMBL23660",56,Done,5.74,-4.81654,"glide_grid_1X70",-5.42924,-0.754542,-0.600719,-0,-1.67141,-33.5667,-9.19131,0.793126,-0.138656,-57.7698,-42.758,2.3715
[NH3+][C@H](C(=O)N1CC[C@@H](F)C1)[C@H]1CC[C@H](NC(=O)c2ccccc2C(F)(F)F)CC1,"CHEMBL23879",57,Done,8.85,-8.01259,"glide_grid_1X70",-8.27289,-0.951853,-0.971543,-0,-1.58197,-33.1146,-22.3278,0.478472,-0.241092,-93.0965,-55.4424,5.99597
N[C@H](C(=O)N1CC[C@@H](F)C1)[C@H]1CC[C@H](NC(=O)c2ccccc2C(F)(F)F)CC1,"CHEMBL23879",58,Done,8.03,-4.7548,"glide_grid_1X70",-5.3675,-0.978422,-0.587745,-0,-1.33604,-33.9981,-8.7788,0.68653,-0.135101,-54.9561,-42.7769,7.42483
[NH3+][C@H](C(=O)N1CC[C@H](F)C1)[C@H]1CC[C@H](NC(=O)c2ccccc2C(F)(F)F)CC1,"CHEMBL23880",59,Done,8.22,-8.15501,"glide_grid_1X70",-8.41531,-0.880439,-0.824622,-0,-2.32318,-35.1809,-19.1303,0.478472,-0.236951,-92.6201,-54.3112,3.66547
N[C@H](C(=O)N1CC[C@H](F)C1)[C@H]1CC[C@H](NC(=O)c2ccccc2C(F)(F)F)CC1,"CHEMBL23880",60,Done,7.64,-4.82673,"glide_grid_1X70",-5.43943,-1.05424,-0.721577,-0,-1.27622,-32.924,-8.67319,0.68653,-0.126742,-53.6208,-41.5972,8.71757
[NH3+][C@H](C(=O)N1CC[C@H](F)C1)[C@H]1CC[C@H](NC(=O)OCc2ccccc2)CC1,"CHEMBL23891",61,Done,7.28,-6.5348,"glide_grid_1X70",-6.7945,-0.980916,-0.661234,-0,-1.24508,-34.0633,-17.8876,0.662971,-0.183945,-76.6471,-51.9509,10.0613
N[C@H](C(=O)N1CC[C@H](F)C1)[C@H]1CC[C@H](NC(=O)OCc2ccccc2)CC1,"CHEMBL23891",62,Done,6.28,-3.42899,"glide_grid_1X70",-4.04289,-1.19458,-0.235409,-0,-0.902264,-33.7456,-5.80305,0.951635,-0.104546,-47.3639,-39.5486,3.42046
[NH3+][C@H](C(=O)N1CC[C@@H](F)C1)[C@H]1CC[C@H](NC(=O)c2ccc(F)c(F)c2)CC1,"CHEMBL23924",63,Done,5.53,-8.14343,"glide_grid_1X70",-8.40373,-0.901624,-0.843672,-0,-2.27522,-33.2355,-20.0669,0.552581,-0.263987,-89.2208,-53.3024,6.51308
N[C@H](C(=O)N1CC[C@@H](F)C1)[C@H]1CC[C@H](NC(=O)c2ccc(F)c(F)c2)CC1,"CHEMBL23924",64,Done,5.44,-4.95015,"glide_grid_1X70",-5.56285,-0.885286,-0.659925,-0,-1.74492,-35.1737,-7.38431,0.793126,-0.199507,-54.7133,-42.5581,6.90753
[NH3+][C@H](C(=O)N1CCCC1)[C@H]1CC[C@H](NS(=O)(=O)c2ccc(OC(F)(F)F)cc2)CC1,"CHEMBL23979",65,Done,7.06,-6.12163,"glide_grid_1X70",-6.33913,-0.871238,-0.440978,-0,-1.17777,-33.6196,-16.0407,0.484079,-0.246138,-77.8954,-49.6602,4.75063
N[C@H](C(=O)N1CCCC1)[C@H]1CC[C@H](NS(=O)(=O)c2ccc(OC(F)(F)F)cc2)CC1,"CHEMBL23979",66,Done,6.41,-2.86474,"glide_grid_1X70",-3.56384,-1.14356,-0.304,-0,-0.29213,-29.7953,-5.84301,0.694363,-0.152295,-41.5714,-35.6383,4.42962
[NH3+][C@H](C(=O)N1CC[C@@H](F)C1)C1CCCCC1,"CHEMBL23981",67,Done,2.26,-7.58088,"glide_grid_1X70",-7.82288,-0.893367,-0.491749,-0,-3.33072,-27.4058,-15.0859,0.681308,-0.155178,-72.4877,-42.4917,3.67704
N[C@H](C(=O)N1CC[C@@H](F)C1)C1CCCCC1,"CHEMBL23981",68,Done,2.31,-4.14724,"glide_grid_1X70",-4.79464,-0.883364,-0.203849,-0,-2.81602,-28.0622,-2.67579,0.980596,-0.0675249,-37.8653,-30.738,4.78024
[NH3+][C@H](C(=O)N1CCSC1)[C@H]1CC[C@H](NS(=O)(=O)c2ccc(OC(F)(F)F)cc2)CC1,"CHEMBL25211",69,Done,7.37,-6.44099,"glide_grid_1X70",-6.75949,-0.356975,-0.974222,-0,-0.647716,-25.7588,-24.2814,0.450673,-0.301109,-81.0427,-50.0401,2.04195
N[C@H](C(=O)N1CCSC1)[C@H]1CC[C@H](NS(=O)(=O)c2ccc(OC(F)(F)F)cc2)CC1,"CHEMBL25211",70,Done,5.77,-4.22366,"glide_grid_1X70",-4.74356,-1.50061,-0.265056,-0,-0.796825,-32.2847,-7.41239,0.646352,-0.10133,-47.2996,-39.6971,9.92617
[NH3+][C@H](C(=O)N1CCCC1)[C@H]1CC[C@H](NS(=O)(=O)c2ccc(F)cc2F)CC1,"CHEMBL25437",71,Done,4.45,-6.32157,"glide_grid_1X70",-6.53907,-1.00666,-0.461157,-0,-0.924521,-34.8783,-17.4937,0.508806,-0.287569,-80.0727,-52.372,2.999
N[C@H](C(=O)N1CCCC1)[C@H]1CC[C@H](NS(=O)(=O)c2ccc(F)cc2F)CC1,"CHEMBL25437",72,Done,4.9,-3.2324,"glide_grid_1X70",-3.9315,-1.15015,-0.206893,-0,-0.481842,-40.0737,-4.65574,0.730155,-0.120722,-49.9657,-44.7294,7.75917
COc1cc(OC)cc(-c2nc(N)c(C[NH3+])c(-c3ccc(Cl)cc3Cl)n2)c1,"CHEMBL34062",73,Done,3.62,-5.61859,"glide_grid_1X70",-5.96909,-0.238635,-0.569841,-0,-1.1689,-29.9818,-16.8705,0.166751,-0.128795,-72.376,-46.8523,1.33393
COc1cc(OC)cc(-c2nc(N)c(CN)c(-c3ccc(Cl)cc3Cl)n2)c1,"CHEMBL34062",74,Done,3.57,-3.20803,"glide_grid_1X70",-3.68573,-0.134521,-0.5474,-0,-0.6453,-33.7521,-5.59464,0.239284,-0.0709919,-44.956,-39.3467,7.50446
Nc1nc(-c2ccccc2)nc(-c2ccc(Cl)cc2)c1C[NH3+],"CHEMBL34603",75,Done,2.09,-7.56859,"glide_grid_1X70",-7.91679,-1.26694,-0.571041,-0,-2.17189,-27.0191,-17.6958,0.267153,-0.168744,-77.2596,-44.7149,1.17978
NCc1c(N)nc(-c2ccccc2)nc1-c1ccc(Cl)cc1,"CHEMBL34603",76,Done,2.06,-4.56793,"glide_grid_1X70",-5.04843,-1.2477,-0.304,-0,-1.62237,-27.2015,-5.79577,0.383824,-0.0287452,-44.3725,-32.9973,1.76078
Nc1nc(-c2ccccc2)nc(-c2ccc(Cl)cc2Cl)c1C[NH3+],"CHEMBL36020",77,Done,2.02,-7.20207,"glide_grid_1X70",-7.55257,-1.1707,-0.626318,-0,-1.79817,-26.9349,-17.829,0.222005,-0.158292,-75.1166,-44.7639,1.61442
NCc1c(N)nc(-c2ccccc2)nc1-c1ccc(Cl)cc1Cl,"CHEMBL36020",78,Done,2.04,-4.5481,"glide_grid_1X70",-5.0258,-1.494,-0.304,-0,-1.39883,-27.7012,-4.94918,0.318797,-0.0203395,-44.3411,-32.6504,0.957321
N[C@@H](Cc1c[nH]c2ccccc12)C(=O)N1Cc2ccccc2C[C@H]1C(=O)[O-],"CHEMBL37260",79,Done,4.05,-4.35905,"glide_grid_1X70",-4.67585,-1.60584,-0.57892,-0,-0.808691,-30.0678,-3.03932,0.438609,-0.161728,-34.6493,-33.1071,16.2349
[NH3+][C@@H](Cc1c[nH]c2ccccc12)C(=O)N1Cc2ccccc2C[C@H]1C(=O)[O-],"CHEMBL37260",80,Done,4.32,-6.75714,"glide_grid_1X70",-7.27944,-1.27506,-0.405596,-0,-1.90855,-32.8572,-14.4114,0.305509,-0.191173,-75.5397,-47.2686,2.43097
Nc1nc(-c2ccccc2)nc(-c2ccc3c(c2)OCO3)c1C[NH3+],"CHEMBL37980",81,Done,2.14,-7.86422,"glide_grid_1X70",-8.21222,-0.915654,-0.522074,-0,-2.78725,-32.5278,-16.3621,0.253318,-0.159846,-83.7282,-48.8899,1.19125
NCc1c(N)nc(-c2ccccc2)nc1-c1ccc2c(c1)OCO2,"CHEMBL37980",82,Done,2.07,-5.3173,"glide_grid_1X70",-5.7981,-1.13662,-0.307807,-0,-2.1913,-33.0544,-5.55295,0.363891,-0.040597,-52.3998,-38.6074,1.77667
CCOC(=O)/C=C/c1cnc(C[NH3+])c2cc(OC)c(OC)cc12,"CHEMBL41114",83,Done,4.06,-6.2159,"glide_grid_1X70",-6.3766,-0.26866,-0.72,-0,-1.88161,-23.6241,-17.4237,0.388439,-0.1,-60.2905,-41.0479,12.1209
CCOC(=O)/C=C/c1cnc(CN)c2cc(OC)c(OC)cc12,"CHEMBL41114",84,Done,3.8,-2.38768,"glide_grid_1X70",-3.28288,-0.273555,-0.308986,-0,-1.2521,-25.563,-4.6576,0.558029,-0.0294772,-36.3951,-30.2206,1.02965
CCOC(=O)/C=C/c1c[nH+]c(CN)c2cc(OC)c(OC)cc12,"CHEMBL41114",85,Done,3.82,-2.17123,"glide_grid_1X70",-4.59223,-0.061702,-0.325308,-0,-1.47027,-19.204,-15.0819,0.554913,-0.0673684,-48.13,-34.2859,2.20527
CC(C)(C)[C@H]([NH3+])C(=O)N1CCC[C@H]1B(O)O,"CHEMBL63406",86,Done,2.93,-5.88737,"glide_grid_1X70",-6.07887,-0.345607,-0.389702,-0,-2.45709,-16.7794,-16.3462,0.682368,-0.277948,-52.6784,-33.1256,3.6187
CC(C)(C)[C@H](N)C(=O)N1CCC[C@H]1B(O)O,"CHEMBL63406",87,Done,2.54,-2.33116,"glide_grid_1X70",-3.09346,-5.61235e-05,-0.145276,-0,-1.85313,-15.8965,-7.32737,0.982127,-0.18319,-25.6659,-23.2239,7.15313
N[C@@H](Cc1ccccc1)C(=O)N1CCC[C@H]1B(O)O,"CHEMBL63652",88,Done,3.86,-5.00156,"glide_grid_1X70",-5.37976,-1.16581,-0.423225,-0,-1.99482,-28.9938,-7.95966,1.03251,-0.184768,-42.8128,-36.9535,14.4434
[NH3+][C@@H](Cc1ccccc1)C(=O)N1CCC[C@H]1B(O)O,"CHEMBL63652",89,Done,3.43,-6.77465,"glide_grid_1X70",-7.21965,-0.841213,-0.407386,-0,-2.5525,-25.2164,-17.6813,0.71799,-0.223523,-68.8022,-42.8977,6.71288
CC(C)C[C@H]([NH3+])C(=O)N1CCC[C@H]1B(O)O,"CHEMBL63698",90,Done,3.82,-5.89317,"glide_grid_1X70",-6.12127,-0.622029,-0.446802,-0,-2.60178,-18.9794,-14.5548,0.909824,-0.2283,-56.0415,-33.5342,3.11967
CC(C)C[C@H](N)C(=O)N1CCC[C@H]1B(O)O,"CHEMBL63698",91,Done,2.99,-3.2024,"glide_grid_1X70",-3.8783,-0.518598,-0.277389,-0,-1.93256,-20.5046,-8.41764,1.3095,-0.171376,-32.761,-28.9223,8.75837
[NH3+]CCCC[C@H]([NH3+])C(=O)N1CCC[C@H]1B(O)O,"CHEMBL63726",92,Done,10.6,-5.08947,"glide_grid_1X70",-5.39667,-0.644594,-0.398725,-0,-2.99833,-19.8131,-17.1536,2.43263,-0.223947,-61.3393,-36.9667,4.76644
N[C@@H](CCCC[NH3+])C(=O)N1CCC[C@H]1B(O)O,"CHEMBL63726",93,Done,9.41,-4.38608,"glide_grid_1X70",-4.92588,-0.290631,-0.67338,-0,-2.47694,-19.1676,-19.0642,2.44983,-0.116746,-48.9245,-38.2318,13.4275
C[C@H]([NH3+])C(=O)N1CCC[C@H]1B(O)O,"CHEMBL63860",94,Done,1.79,-6.64135,"glide_grid_1X70",-6.94605,-0.459997,-0.463748,-0,-2.64069,-17.3437,-19.4434,0.638964,-0.236882,-57.2076,-36.7871,10.073
C[C@H](N)C(=O)N1CCC[C@H]1B(O)O,"CHEMBL63860",95,Done,1.75,-3.87621,"glide_grid_1X70",-4.41611,0,-0.571228,-0,-2.15951,-13.9504,-12.281,0.920986,-0.0666819,-35.3606,-26.2314,1.12635
O=C([C@@H]1CCC[NH2+]1)N1CCC[C@H]1B(O)O,"CHEMBL63895",96,Done,1.81,-4.69673,"glide_grid_1X70",-4.80753,0,-0.4,-0,-2.17953,-20.8401,-13.8765,1.10192,-0.206445,-51.3335,-34.7166,1.54073
O=C([C@@H]1CCCN1)N1CCC[C@H]1B(O)O,"CHEMBL63895",97,Done,2.01,-2.89663,"glide_grid_1X70",-3.94453,0,-0.423217,-0,-1.96286,-18.3899,-11.0651,1.11074,-0.0899212,-36.8596,-29.4551,3.6733
CC(C)[C@@H]([NH3+])C(=O)N1CCC[C@@H]1B(O)O,"CHEMBL65406",98,Done,2.73,-5.72453,"glide_grid_1X70",-5.93873,-0.312244,-0.498507,-0,-2.55536,-18.8657,-14.4339,0.759228,-0.223481,-56.9386,-33.2996,2.08389
CC(C)[C@@H](N)C(=O)N1CCC[C@@H]1B(O)O,"CHEMBL65406",99,Done,2.42,-4.16473,"glide_grid_1X70",-4.87143,-0.113766,-0.550265,-0,-1.92693,-20.0037,-12.5961,0.765251,-0.156121,-41.6381,-32.5998,4.22951
CC[C@H]([NH3+])C(=O)N1CCC[C@H]1B(O)O,"CHEMBL66032",100,Done,2.52,-5.54911,"glide_grid_1X70",-5.81131,-0.232603,-0.639578,-0,-2.29585,-13.2923,-19.9974,1.21434,-0.193393,-53.1211,-33.2897,2.63684
CC[C@H](N)C(=O)N1CCC[C@H]1B(O)O,"CHEMBL66032",101,Done,2.11,-2.6615,"glide_grid_1X70",-3.2708,-0.162773,-0.236249,-0,-2.00955,-19.2431,-6.54326,1.22456,-0.143139,-29.2636,-25.7864,5.7953
CC(C)([NH3+])C(=O)N1CCC[C@H]1B(O)O,"CHEMBL66189",102,Done,1.99,-5.71355,"glide_grid_1X70",-6.01825,0,-0.427842,-0,-2.56529,-17.7122,-16.3314,0.566692,-0.2565,-55.8809,-34.0435,2.12491
CC(C)(N)C(=O)N1CCC[C@H]1B(O)O,"CHEMBL66189",103,Done,1.84,-4.21949,"glide_grid_1X70",-4.75939,-0.219164,-0.64,-0,-2.04412,-12.2466,-13.0682,0.816373,-0.0999097,-34.162,-25.3148,0.312344
[NH3+]CC(=O)N1CCC[C@H]1B(O)O,"CHEMBL67089",105,Done,1.86,-6.01218,"glide_grid_1X70",-6.31688,-0.480425,-0.552305,-0,-2.75548,-15.465,-15.0262,0.726263,-0.227741,-52.2177,-30.4913,3.21766
NCC(=O)N1CCC[C@H]1B(O)O,"CHEMBL67089",106,Done,1.6,-3.78732,"glide_grid_1X70",-4.32722,-0.3279,-0.150258,-0,-2.46308,-15.5318,-10.2134,1.04747,-0.124841,-30.3204,-25.7452,8.80625
CC(C)[C@H]([NH3+])C(=O)N1CCC[C@H]1B(O)O,"CHEMBL67279",107,Done,2.43,-5.72504,"glide_grid_1X70",-5.93924,-0.202749,-0.655675,-0,-2.16523,-12.3995,-21.2715,1.08461,-0.189489,-54.432,-33.671,2.37795
CC(C)[C@H](N)C(=O)N1CCC[C@H]1B(O)O,"CHEMBL67279",108,Done,2.22,-2.87335,"glide_grid_1X70",-3.58005,-0.231382,0,-0,-1.93575,-16.481,-10.4832,1.09322,-0.109612,-32.2869,-26.9642,3.37759
COc1cc(O)c2c(=O)c(O)c(-c3ccc(OC)c(O)c3)oc2c1,"CHEMBL75589",109,Done,3.42,-4.2735,"glide_grid_1X70",-4.3178,-0.314778,-0.00955023,-0,-1.1567,-28.7454,-10.1345,0.120673,0,-46.7704,-38.8799,7.31668
COc1cc(O)c2c(=O)c([O-])c(-c3ccc(OC)c(O)c3)oc2c1,"CHEMBL75589",110,Done,3.08,-0.822867,"glide_grid_1X70",-2.54657,-0.532297,0,-0,-1.16398,-25.9865,1.8381,0.173324,0,-29.843,-24.1484,1.86947
COc1cc([O-])c2c(=O)c(O)c(-c3ccc(OC)c(O)c3)oc2c1,"CHEMBL75589",111,Done,3.07,-1.61618,"glide_grid_1X70",-4.01078,-0.35226,-0.292485,-0,-1.1637,-21.7832,-8.22996,0.121327,0,-37.329,-30.0132,6.29432
N#Cc1ccc(NCC[NH2+]CC(=O)N2CCC[C@H]2C#N)nc1,"CHEMBL77538",112,Done,5.76,-5.89959,"glide_grid_1X70",-6.11759,-0.877457,-0.540979,-0,-2.53874,-31.184,-15.6567,2.00843,-0.261146,-66.8401,-46.8406,13.9516
N#Cc1ccc(NCCNCC(=O)N2CCC[C@H]2C#N)nc1,"CHEMBL77538",113,Done,5.99,-3.07921,"glide_grid_1X70",-3.77731,-0.586179,-0.576,-0,-2.23505,-30.2909,-10.9946,2.88616,-0.102497,-49.5124,-41.2856,3.70554
N#C[C@@H]1CCCN1C(=O)C[NH2+]CCNc1ccc([N+](=O)[O-])cn1,"CHEMBL77539",114,Done,6.09,-6.03999,"glide_grid_1X70",-6.25799,-0.737142,-0.544523,-0,-2.29836,-29.3028,-12.7235,0.896489,-0.200796,-65.2458,-42.0263,6.08301
N#C[C@@H]1CCCN1C(=O)CNCCNc1ccc([N+](=O)[O-])cn1,"CHEMBL77539",115,Done,6.96,-4.58164,"glide_grid_1X70",-5.27974,-1.04835,-0.304,-0,-2.59083,-27.2279,-7.52003,1.28785,-0.135011,-48.4483,-34.7479,4.72177
CC[C@H](C)[C@H]([NH3+])C(=O)N1CCCCC1,"CHEMBL83418",116,Done,2.17,-7.27114,"glide_grid_1X70",-7.46574,-1.05851,-0.511542,-0,-3.08986,-20.0551,-14.8648,0.574953,-0.14831,-60.3621,-34.9199,1.31036
CC[C@H](C)[C@H](N)C(=O)N1CCCCC1,"CHEMBL83418",117,Done,2.4,-3.86967,"glide_grid_1X70",-4.62407,-1.10208,-0.304,-0,-2.52756,-19.3649,-3.3522,0.828326,-0.047683,-27.4334,-22.7171,4.09142
CC(C)c1cccc(C(C)C)c1N1C(=O)c2ccc(N)cc2C1=O,"CHEMBL90558",123,Done,2.35,-4.29801,"glide_grid_1X70",-4.29801,-0.500166,-0.576,-0,-1.2342,-19.8785,-7.15506,0.179906,-0.100369,-34.6833,-27.0336,0.13277
CC(C)[C@H]([NH3+])C(=O)N[C@@H](Cc1c[nH]c2ccccc12)C(=O)[O-],"CHEMBL91777",124,Done,6.21,-7.76363,"glide_grid_1X70",-7.97233,-1.6569,-0.907818,-0,-1.78027,-24.1334,-20.1278,0.800911,-0.202419,-67.2508,-44.2612,9.15445
CC(C)[C@H](N)C(=O)N[C@@H](Cc1c[nH]c2ccccc12)C(=O)[O-],"CHEMBL91777",125,Done,5.38,-2.74286,"glide_grid_1X70",-3.46226,-0.474144,-0.503539,-0,-1.34747,-22.6843,-4.48509,0.805594,-0.135719,-35.1879,-27.1694,2.41547
N#C[C@@H]1CCCN1C(=O)C[NH2+]C1(CO)CCCCC1,"CHEMBL92028",126,Done,11.81,-6.08684,"glide_grid_1X70",-6.16054,-0.739997,-0.55525,-0,-2.18592,-21.7887,-17.7284,1.25534,-0.186017,-60.4339,-39.5171,5.62037
N#C[C@@H]1CCCN1C(=O)CNC1(CO)CCCCC1,"CHEMBL92028",127,Done,10.01,-2.43584,"glide_grid_1X70",-3.70694,-0.522286,-0.326149,-0,-1.77898,-19.4405,-8.84073,1.26358,-0.0449774,-33.435,-28.2812,6.36315
CC[C@H](CO)[NH2+]CC(=O)N1CCC[C@H]1C#N,"CHEMBL92710",128,Done,14.29,-6.07423,"glide_grid_1X70",-6.15953,-0.888857,-0.55473,-0,-2.46407,-22.5022,-17.3742,1.65901,-0.179641,-62.0958,-39.8765,5.95016
CC[C@H](CO)NCC(=O)N1CCC[C@H]1C#N,"CHEMBL92710",129,Done,15.7,-2.86484,"glide_grid_1X70",-4.05554,-0.680317,-0.340217,-0,-2.35704,-21.6128,-8.11493,1.6716,-0.0516894,-33.7331,-29.7277,11.3315
N#C[C@@H]1CCCN1C(=O)C[NH2+]CCNc1ccccn1,"CHEMBL92711",130,Done,6.47,-5.99253,"glide_grid_1X70",-6.02883,-1.14562,-0.43497,-0,-2.41336,-32.2885,-14.8457,2.00395,-0.197543,-65.7795,-47.1342,13.3106
N#C[C@@H]1CCCN1C(=O)CNCCNc1ccccn1,"CHEMBL92711",131,Done,8.27,-0.89082,"glide_grid_1X70",-2.65362,-0.657006,-0.304,-0,-1.77553,-28.4431,-8.28518,2.88109,-0.133244,-39.3289,-36.7283,9.43381
O=C(C[NH2+]C12C[C@H]3C[C@@H](C1)C[C@@H](C2)C3)N1CCCC1,"CHEMBL93034",132,Done,3.41,-6.12279,"glide_grid_1X70",-6.18039,-0.817572,-0.4,-0,-2.24871,-24.9114,-12.1841,0.511918,-0.152846,-56.8798,-37.0955,5.36461
N#C[C@@H]1CCCN1C(=O)C[NH2+]CCNc1ccc(Cl)cn1,"CHEMBL93354",134,Done,5.56,-7.07792,"glide_grid_1X70",-7.29592,-1.4877,-0.369772,-0,-2.37753,-32.2813,-13.7768,0.815194,-0.195533,-66.9333,-46.0581,16.4641
N#C[C@@H]1CCCN1C(=O)CNCCNc1ccc(Cl)cn1,"CHEMBL93354",135,Done,7.34,-4.80463,"glide_grid_1X70",-5.50273,-0.893925,-0.576,-0,-1.7105,-33.1728,-11.4415,1.17127,-0.118704,-58.7308,-44.6142,2.9414
CC[C@H](C)[C@H]([NH3+])C(=O)N1CCCCC1,"CHEMBL93507",136,Done,2.17,-7.27114,"glide_grid_1X70",-7.46574,-1.05851,-0.511542,-0,-3.08986,-20.0551,-14.8648,0.574953,-0.14831,-60.3621,-34.9199,1.31036
CC[C@H](C)[C@H](N)C(=O)N1CCCCC1,"CHEMBL93507",137,Done,2.4,-3.86967,"glide_grid_1X70",-4.62407,-1.10208,-0.304,-0,-2.52756,-19.3649,-3.3522,0.828326,-0.047683,-27.4334,-22.7171,4.09142
[NH3+][C@@H](CC1CCCCC1)C(=O)N1CCCCC1,"CHEMBL93558",138,Done,3.75,-7.65886,"glide_grid_1X70",-7.84826,-1.15037,-0.621374,-0,-2.66278,-18.5685,-17.971,0.422211,-0.211869,-62.6198,-36.5396,2.08336
N[C@@H](CC1CCCCC1)C(=O)N1CCCCC1,"CHEMBL93558",139,Done,3.89,-4.52555,"glide_grid_1X70",-5.29335,-1.16383,-0.495343,-0,-2.13365,-24.2899,-5.39549,0.607513,-0.0842255,-37.4397,-29.6854,4.04373
N#C[C@@H]1CCCN1C(=O)C[NH2+]C1CCCCCCCCCCC1,"CHEMBL93847",140,Done,12.8,-5.62643,"glide_grid_1X70",-5.76733,-0.898625,-0.396591,-0,-1.74875,-26.1408,-11.8994,0.545394,-0.176806,-57.6275,-38.0402,1.99217
[NH3+][C@H](Cc1ccccc1)C(=O)N1CCCC1,"CHEMBL93931",142,Done,2.57,-7.60768,"glide_grid_1X70",-7.99798,-1.08301,-0.659228,-0,-2.79901,-26.0806,-16.0675,0.489832,-0.232408,-71.3682,-42.1481,3.43106
N[C@H](Cc1ccccc1)C(=O)N1CCCC1,"CHEMBL93931",143,Done,2.64,-3.27379,"glide_grid_1X70",-3.70559,-0.906678,-0.202029,-0,-2.22982,-21.3567,0.0676492,0.705217,-0.0145887,-26.6242,-21.2891,3.85364
N#C[C@H]1CCCN1C(=O)CC[NH2+]CCNc1ccc([N+](=O)[O-])cn1,"CHEMBL94046",144,Done,6.4,-6.68952,"glide_grid_1X70",-6.69192,-0.893919,-0.597942,-0,-1.92588,-37.2597,-17.1274,1.35669,-0.198776,-77.8463,-54.3871,5.16278
CCCCCCC[NH2+]CC(=O)N1CCC[C@H]1C#N,"CHEMBL94147",145,Done,8.28,-5.09319,"glide_grid_1X70",-5.29689,-1.44922,-0.518887,-0,-2.5931,-24.617,-15.7103,3.08554,-0.233823,-57.0249,-40.3273,9.47534
N#C[C@@H]1CCCN1C(=O)C[NH2+]C1CCC1,"CHEMBL94312",148,Done,3.52,-4.61892,"glide_grid_1X70",-5.85642,-0.897326,-0.397,-0,-2.58374,-21.1874,-12.538,1.14471,-0.182985,-53.079,-33.7255,2.96558
N#C[C@@H]1CCCN1C(=O)C[NH2+]CCNc1ccccc1,"CHEMBL94597",149,Done,6.19,-5.2928,"glide_grid_1X70",-5.4796,-1.35316,-0.92205,-0,-2.17907,-30.4528,-14.4152,2.88073,-0.22114,-65.9985,-44.8679,3.26605
N#C[C@@H]1CCCN1C(=O)CNCCNc1ccccc1,"CHEMBL94597",150,Done,8.32,-2.54462,"glide_grid_1X70",-3.31962,-0.662193,-0.576,-0,-1.90981,-27.8754,-10.3824,2.89922,-0.119713,-45.9022,-38.2578,4.2285
CC(C)(C)CC(C)(C)[NH2+]CC(=O)N1CCC[C@H]1C#N,"CHEMBL94630",151,Done,8.4,-5.35572,"glide_grid_1X70",-5.50882,-0.897216,-0.4,-0,-2.18666,-25.3657,-12.1924,1.25499,-0.182781,-54.7694,-37.5581,5.9077
CC(C)(C)CC[NH2+]CC(=O)N1CCC[C@H]1C#N,"CHEMBL94647",153,Done,11.35,-6.15285,"glide_grid_1X70",-6.28835,-0.610623,-0.487537,-0,-2.42397,-21.2783,-16.8301,1.0633,-0.241076,-58.6251,-38.1085,7.66291
CCC(C)(C)[NH2+]CC(=O)N1CCC[C@H]1C#N,"CHEMBL94908",155,Done,3.5,-5.34828,"glide_grid_1X70",-5.50138,-0.906384,-0.4,-0,-2.47299,-21.2452,-12.1351,1.34703,-0.186513,-51.3631,-33.3803,3.00096
[NH3+]CCCC[C@H](NC(=O)OCc1ccccc1)C(=O)N1CCCCC1,"CHEMBL94955",157,Done,28.74,-7.27128,"glide_grid_1X70",-7.27268,-1.81334,-0.882431,-0,-1.47468,-25.9879,-19.0492,1.25424,-0.199689,-67.3192,-45.0371,14.4151
N#C[C@@H]1CCCN1C(=O)C[NH2+]C1(CO)CCCC1,"CHEMBL95088",158,Done,11.95,-6.08918,"glide_grid_1X70",-6.17088,-0.905369,-0.553756,-0,-2.28006,-22.3206,-16.7241,1.37787,-0.184925,-61.6083,-39.0447,4.20312
N#C[C@@H]1CCCN1C(=O)CNC1(CO)CCCC1,"CHEMBL95088",159,Done,10.56,-3.3269,"glide_grid_1X70",-4.5413,-0.364731,-0.869294,-0,-1.89565,-16.7418,-12.6269,1.38737,-0.0678733,-34.7332,-29.3687,8.07817
N#C[C@@H]1CCCN1C(=O)C[NH2+]C1CCCC1,"CHEMBL95089",160,Done,5.42,-5.90467,"glide_grid_1X70",-6.06417,-0.198797,-0.467253,-0,-2.50001,-19.5105,-15.9965,0.718065,-0.241178,-54.7409,-35.507,4.87813
CC1(C)[C@@H]2C[C@@H](C[NH2+]CC(=O)N3CCC[C@H]3C#N)C[C@H]1C2,"CHEMBL96071",162,Done,8.21,-5.92057,"glide_grid_1X70",-6.06967,-1.15949,-0.301867,-0,-2.13866,-25.5631,-13.8309,1.08036,-0.197215,-59.257,-39.394,4.03271
N#C[C@@H]1CCCN1C(=O)C[NH2+]C1CC1,"CHEMBL96080",164,Done,2.2,-5.60574,"glide_grid_1X70",-5.74124,-0.893728,-0.4,-0,-2.67008,-20.3034,-12.4521,1.28587,-0.180324,-51.5141,-32.7554,3.30027
CCCCC[NH2+]CC(=O)N1CCC[C@H]1C#N,"CHEMBL96160",166,Done,7.46,-4.65087,"glide_grid_1X70",-4.85567,-0.999324,-0.482294,-0,-2.52976,-21.5356,-15.6933,2.82875,-0.242277,-50.8313,-37.2288,9.43135
O=C(C[NH2+]CCNc1ccc([N+](=O)[O-])cn1)N1CCSC1,"CHEMBL96183",168,Done,6.4,-7.25719,"glide_grid_1X70",-7.43919,-1.16667,-0.350194,-0,-2.41145,-34.9866,-17.7613,1.1412,-0.238543,-82.3104,-52.7479,6.63234
O=C(CNCCNc1ccc([N+](=O)[O-])cn1)N1CCSC1,"CHEMBL96183",169,Done,8.54,-5.05465,"glide_grid_1X70",-5.84265,-1.33067,-0.304,-0,-1.7453,-36.2686,-11.0497,1.1477,-0.139496,-62.9319,-47.3183,6.20954
O=C(C[NH2+]C12C[C@H]3C[C@@H](C1)C[C@@H](C2)C3)N1CCC1,"CHEMBL96229",170,Done,2.61,-4.05356,"glide_grid_1X70",-4.11116,-0.538567,-0.363418,-0,-0.730769,-20.2986,-11.4151,0.393694,-0.144914,-36.4076,-31.7136,7.15306
N#C[C@@H]1CCCN1C(=O)C[NH2+]CCCCCO,"CHEMBL96299",172,Done,12.57,-3.80077,"glide_grid_1X70",-4.01827,-0.926418,-0.392915,-0,-2.38985,-23.091,-15.4296,3.35506,-0.195161,-49.9107,-38.5206,9.30403
N#C[C@@H]1CCCN1C(=O)CNCCCCCO,"CHEMBL96299",173,Done,14.97,-2.30224,"glide_grid_1X70",-3.00134,-0.980085,-0.458169,-0,-2.81174,-20.9326,-7.2261,3.3792,0,-32.9754,-28.1587,6.20549
N#Cc1ccc(NCC[NH2+]CC(=O)N2CCC[C@H]2C(N)=O)nc1,"CHEMBL96395",174,Done,8,-7.41029,"glide_grid_1X70",-7.55219,-1.06109,-1.24756,-0,-1.73249,-24.1339,-22.2347,1.29475,-0.263902,-67.8323,-46.3687,17.5603
N#Cc1ccc(NCCNCC(=O)N2CCC[C@H]2C(N)=O)nc1,"CHEMBL96395",175,Done,10.85,-5.43956,"glide_grid_1X70",-6.35586,-0.549,-0.612596,-0,-2.24736,-36.1925,-15.2748,1.30202,-0.148082,-66.3174,-51.4673,10.1069
N#C[C@@H]1CCCN1C(=O)C[NH2+]Cc1ccccc1,"CHEMBL96453",177,Done,4.02,-5.20201,"glide_grid_1X70",-6.83661,-0.81016,-0.527111,-0,-2.53243,-25.5956,-15.0869,0.815505,-0.239597,-62.6618,-40.6826,9.88704
C[C@@H]1[C@@H]([NH2+]CC(=O)N2CCC[C@H]2C#N)C[C@@H]2C[C@H]1C2(C)C,"CHEMBL96459",178,Done,3.63,-5.26878,"glide_grid_1X70",-5.42288,-0.679074,-0.394768,-0,-1.88256,-25.9567,-12.3533,0.864287,-0.179935,-57.2703,-38.31,1.96573
CCCCCC[NH2+]CC(=O)N1CCC[C@H]1C#N,"CHEMBL96491",180,Done,8.26,-5.14093,"glide_grid_1X70",-5.34463,-1.18132,-0.619475,-0,-2.58348,-23.3595,-16.7692,2.97724,-0.254236,-56.4158,-40.1287,9.73365
N#C[C@@H]1CCCN1C(=O)C[NH2+]Cc1cccc2ccccc12,"CHEMBL96577",183,Done,4.48,-6.09691,"glide_grid_1X70",-7.73151,-1.68477,-0.474432,-0,-2.46006,-24.0008,-15.039,0.590914,-0.247259,-64.7044,-39.0399,6.55343
N#C[C@@H]1CCCN1C(=O)C[NH2+]C1CCCCCCC1,"CHEMBL96593",184,Done,13.07,-6.40966,"glide_grid_1X70",-6.55166,-0.763853,-0.391321,-0,-2.33063,-21.3864,-15.6426,0.534053,-0.184201,-57.3964,-37.029,4.02658
C[C@@]([NH3+])(CO)[C@H](O)NCC(=O)N1CCC[C@H]1C#N,"CHEMBL96607",186,Done,13.17,-4.80868,"glide_grid_1X70",-4.84878,-0.405883,-0.978548,-0,-2.2841,-19.2434,-21.8363,3.19777,-0.140398,-57.8803,-41.0797,4.52794
C[C@@](N)(CO)[C@H](O)NCC(=O)N1CCC[C@H]1C#N,"CHEMBL96607",187,Done,13.89,-1.8834,"glide_grid_1X70",-3.4993,-1.0318,-0.250132,-0,-2.38091,-20.7078,-13.1939,3.21943,-0.0414199,-41.9101,-33.9017,2.60702
CC(C)[C@H]([NH3+])C(=O)N1CCC[C@H]1C#N,"CHEMBL96666",188,Done,1.81,-5.81113,"glide_grid_1X70",-6.13233,-0.192648,-0.674451,-0,-2.32339,-14.3914,-19.27,0.842668,-0.174435,-55.4492,-33.6614,0.771715
CC(C)[C@H](N)C(=O)N1CCC[C@H]1C#N,"CHEMBL96666",189,Done,1.76,-3.50056,"glide_grid_1X70",-4.01666,-0.463978,-0.433279,-0,-2.26915,-20.0168,-3.92993,0.84991,-0.109835,-30.5381,-23.9467,1.39646
CC(C)[NH2+]CC(=O)N1CCC[C@H]1C#N,"CHEMBL96748",190,Done,2.27,-5.74744,"glide_grid_1X70",-5.88294,-0.175698,-0.492969,-0,-2.59844,-16.7956,-16.1522,0.884802,-0.238025,-51.1017,-32.9478,4.4223
O=C(C[NH2+]CCNc1ccc([N+](=O)[O-])cn1)N1CCCC1,"CHEMBL96814",192,Done,6.19,-5.37575,"glide_grid_1X70",-5.49555,-0.828295,-0.349004,-0,-2.44599,-37.436,-15.607,2.53311,-0.192524,-75.058,-53.043,4.33793
O=C(CNCCNc1ccc([N+](=O)[O-])cn1)N1CCCC1,"CHEMBL96814",193,Done,8.46,-3.34923,"glide_grid_1X70",-4.35523,-1.33448,-0.304,-0,-1.98349,-34.8212,-9.37897,2.54833,-0.133679,-52.3103,-44.2001,9.89523
N#C[C@@H]1CCCN1C(=O)C[NH2+]CCCc1ccccc1,"CHEMBL96890",194,Done,7.43,-6.69873,"glide_grid_1X70",-6.96293,-1.78461,-0.481785,-0,-2.5489,-26.0861,-17.8367,2.0292,-0.197011,-70.4991,-43.9228,5.24392
CC(C)C([NH2+]CC(=O)N1CCC[C@H]1C#N)C(C)C,"CHEMBL96891",196,Done,5,-5.42534,"glide_grid_1X70",-5.58484,-0.605639,-0.464299,-0,-2.11736,-22.952,-14.5501,1.10198,-0.169406,-55.5469,-37.5021,4.94197
N#C[C@@H]1CCCN1C(=O)C[NH2+][C@H]1[C@@H]2C[C@H]3C[C@@H](C2)C[C@@H]1C3,"CHEMBL96892",198,Done,3.05,-5.82045,"glide_grid_1X70",-5.96265,-0.992945,-0.398316,-0,-2.0381,-24.7069,-11.7947,0.656134,-0.184884,-55.688,-36.5016,4.53937
CC(C)(Cc1ccccc1)[NH2+]CC(=O)N1CCC[C@H]1C#N,"CHEMBL96908",200,Done,9.02,-5.70395,"glide_grid_1X70",-6.04415,-0.824485,-0.691501,-0,-2.00859,-22.8117,-15.0249,1.107,-0.232249,-56.0331,-37.8366,8.34496
CC(C)(C)[NH2+]CC(=O)N1CCC[C@H]1C#N,"CHEMBL96937",202,Done,2.32,-5.6229,"glide_grid_1X70",-5.724,-0.841638,-0.4,-0,-2.57798,-22.4234,-11.491,1.12637,-0.185937,-50.8345,-33.9144,5.5446
N#C[C@@H]1CCCN1C(=O)C[NH2+]CCc1ccccc1,"CHEMBL96942",204,Done,8.74,-7.01442,"glide_grid_1X70",-7.35462,-1.0611,-0.633928,-0,-2.60499,-27.7297,-16.1371,0.926298,-0.173851,-70.9203,-43.8668,5.00058
[NH3+][C@H](CO)C(=O)N1CCCC1,"CHEMBL97064",206,Done,1.9,-7.26036,"glide_grid_1X70",-7.57296,-0.765914,-0.827931,-0,-3.13367,-15.3448,-18.314,0.831168,-0.162266,-58.9335,-33.6588,2.40515
N[C@H](CO)C(=O)N1CCCC1,"CHEMBL97064",207,Done,1.58,-3.91665,"glide_grid_1X70",-4.44505,-0.926954,-0.368242,-0,-2.60645,-18.754,-4.99271,1.19961,-0.0564116,-31.1654,-23.7467,2.56553
N[C@H](Cc1cnc[nH]1)C(=O)N1CCCCC1,"CHEMBL97180",208,Done,2.34,-4.78881,"glide_grid_1X70",-5.58981,-0.971359,-0.284526,-0,-2.35939,-24.0729,-8.41978,0.683974,-0.191898,-39.7039,-32.4927,8.5253
[NH3+][C@H](Cc1c[nH]cn1)C(=O)N1CCCCC1,"CHEMBL97180",209,Done,3.15,-7.00112,"glide_grid_1X70",-7.83012,-1.16887,-0.37208,-0,-2.85676,-24.511,-16.4567,0.475135,-0.213486,-69.5276,-40.9677,5.58954
N[C@H](Cc1c[nH]cn1)C(=O)N1CCCCC1,"CHEMBL97180",210,Done,2.83,-4.59818,"glide_grid_1X70",-5.51798,-0.837061,-0.379126,-0,-2.49069,-22.669,-8.16448,0.683974,-0.136956,-36.6617,-30.8334,10.2286
[NH3+][C@H](Cc1cnc[nH]1)C(=O)N1CCCCC1,"CHEMBL97180",211,Done,3.36,-6.35379,"glide_grid_1X70",-7.33819,-1.1917,-0.368565,-0,-2.83601,-24.9025,-13.2642,0.475135,-0.182302,-66.2184,-38.1667,2.59746
N[C@H](Cc1c[nH]c[nH+]1)C(=O)N1CCCCC1,"CHEMBL97180",212,Done,2.53,-4.76026,"glide_grid_1X70",-6.22226,-0.933949,-0.348329,-0,-2.88717,-17.7478,-10.8426,0.678764,-0.217789,-45.8353,-28.5904,3.53506
[NH3+]CCCC[C@H]([NH3+])C(=O)N1CCCCC1,"CHEMBL97674",213,Done,7.91,-8.75079,"glide_grid_1X70",-9.01529,-0.955337,-0.673221,-0,-3.39296,-15.9741,-28.3434,1.01026,-0.205329,-81.7415,-44.3175,7.8196
N[C@@H](CCCC[NH3+])C(=O)N1CCCCC1,"CHEMBL97674",214,Done,8.94,-6.86123,"glide_grid_1X70",-7.47043,-1.21284,-0.83634,-0,-3.53597,-18.9372,-12.378,1.01827,-0.1,-48.0078,-31.3151,10.0379
N[C@@H](CC[NH2+]Cc1cccc2ccccc12)C(=O)N1CCCCC1,"CHEMBL97884",215,Done,19.53,-6.70494,"glide_grid_1X70",-7.13254,-1.06036,-0.707383,-0,-2.59929,-25.164,-13.4883,0.615936,-0.1,-53.1245,-38.6523,16.1237
[NH3+][C@@H](CC[NH2+]Cc1cccc2ccccc12)C(=O)N1CCCCC1,"CHEMBL97884",216,Done,17.28,-7.5928,"glide_grid_1X70",-8.2832,-1.07349,-0.479613,-0,-2.50849,-21.0988,-23.8523,0.612592,-0.201424,-73.883,-44.9511,6.80057
[NH3+][C@@H](CCNCc1cccc2ccccc12)C(=O)N1CCCCC1,"CHEMBL97884",217,Done,24.62,-6.76317,"glide_grid_1X70",-7.92097,-1.9738,-0.482137,-0,-2.19478,-28.0045,-15.569,0.615936,-0.150603,-79.3359,-43.5735,1.8759
N[C@@H](CCNCc1cccc2ccccc12)C(=O)N1CCCCC1,"CHEMBL97884",218,Done,27.5,-2.96799,"glide_grid_1X70",-4.62919,-1.22093,-0.386894,-0,-1.61794,-33.3235,-3.86005,0.884725,-0.0429663,-43.0586,-37.1835,11.2424
[NH3+][C@@H](CCN(Cc1ccccc1)Cc1ccccc1)C(=O)N1CCCCC1,"CHEMBL97970",219,Done,19.28,-7.68684,"glide_grid_1X70",-8.19054,-1.81439,-0.466102,-0,-2.05725,-37.1068,-16.4125,0.601794,-0.137369,-85.062,-53.5193,13.3053
N[C@@H](CCN(Cc1ccccc1)Cc1ccccc1)C(=O)N1CCCCC1,"CHEMBL97970",220,Done,18.63,-4.69718,"glide_grid_1X70",-5.52688,-1.4971,-0.312608,-0,-1.47656,-32.6806,-8.8089,0.863944,-0.149181,-51.3981,-41.4895,11.6996
N[C@@H](CC[NH+](Cc1ccccc1)Cc1ccccc1)C(=O)N1CCCCC1,"CHEMBL97970",221,Done,13,-4.76016,"glide_grid_1X70",-5.69256,-1.43856,-0.292246,-0,-1.66769,-30.1582,-10.3521,0.859706,-0.093052,-52.8642,-40.5102,10.7565
[NH3+][C@@H](CC[NH+](Cc1ccccc1)Cc1ccccc1)C(=O)N1CCCCC1,"CHEMBL97970",222,Done,12.49,-7.7847,"glide_grid_1X70",-9.0467,-1.67049,-0.42765,-0,-2.18944,-34.1281,-23.074,0.59885,-0.190472,-102.315,-57.2021,7.25485
N[C@@H](CC[NH2+]CC1CCCCC1)C(=O)N1CCCCC1,"CHEMBL97977",223,Done,23.15,-5.07807,"glide_grid_1X70",-5.35667,-1.24061,-0.114186,-0,-2.1135,-27.6565,-9.83118,1.13405,-0.16493,-51.5277,-37.4877,10.171
[NH3+][C@@H](CC[NH2+]CC1CCCCC1)C(=O)N1CCCCC1,"CHEMBL97977",224,Done,26.1,-8.02548,"glide_grid_1X70",-8.61318,-1.21612,-0.463142,-0,-2.92301,-22.0648,-23.3542,0.788936,-0.193475,-84.7207,-45.419,6.81322
[NH3+][C@@H](CC1CCCCC1)C(=O)N1CCCC1,"CHEMBL98008",225,Done,3.6,-7.66919,"glide_grid_1X70",-7.85969,-1.15063,-0.651208,-0,-2.79202,-19.0969,-17.028,0.467826,-0.224604,-62.1883,-36.1249,2.31241
N[C@@H](CC1CCCCC1)C(=O)N1CCCC1,"CHEMBL98008",226,Done,3.51,-4.8152,"glide_grid_1X70",-5.5802,-1.18183,-0.570126,-0,-2.23188,-22.9075,-6.86159,0.673412,-0.095166,-38.3854,-29.7691,4.03705
N[C@@H](CC[NH2+]Cc1ccc(Cl)cc1)C(=O)N1CCC[C@H](F)C1,"CHEMBL98060",227,Done,17.87,-5.43818,"glide_grid_1X70",-5.83528,-0.698146,-0.502283,-0,-1.74164,-29.3957,-14.3519,0.868708,-0.139355,-62.3795,-43.7475,8.69175
[NH3+][C@@H](CC[NH2+]Cc1ccc(Cl)cc1)C(=O)N1CCC[C@H](F)C1,"CHEMBL98060",228,Done,14.29,-7.81805,"glide_grid_1X70",-8.59215,-1.40112,-0.4,-0,-2.12617,-24.1581,-26.8612,0.864023,-0.320983,-88.1517,-51.0193,7.40872
[NH3+][C@@H](CCNCc1ccc(Cl)cc1)C(=O)N1CCC[C@H](F)C1,"CHEMBL98060",229,Done,21.44,-5.61984,"glide_grid_1X70",-6.77334,-1.49474,-0.317929,-0,-1.84136,-30.844,-15.3226,0.868708,-0.147436,-70.5789,-46.1665,7.80407
N[C@@H](CCNCc1ccc(Cl)cc1)C(=O)N1CCC[C@H](F)C1,"CHEMBL98060",230,Done,22.79,-4.77404,"glide_grid_1X70",-6.30954,-1.44879,-0.576,-0,-1.70685,-28.0038,-12.7189,0.873432,-0.143295,-53.498,-40.7227,8.58119
CC[C@H](C)[C@H]([NH3+])C(=O)N1CCSC1,"CHEMBL98408",231,Done,2.18,-7.0692,"glide_grid_1X70",-7.3579,-0.905716,-0.467573,-0,-2.97755,-23.7356,-14.8715,0.55615,-0.145706,-65.7745,-38.6071,1.9286
CC[C@H](C)[C@H](N)C(=O)N1CCSC1,"CHEMBL98408",232,Done,2.35,-3.80001,"glide_grid_1X70",-4.36451,-0.738501,-0.198018,-0,-2.42572,-24.6544,-3.48642,0.80112,-0.0477046,-35.0964,-28.1408,3.04845
[NH3+][C@@H](CCNc1ccccc1)C(=O)N1CCCCC1,"CHEMBL98415",233,Done,6.29,-7.01067,"glide_grid_1X70",-7.21797,-1.20269,-0.427224,-0,-2.78363,-27.8955,-13.0228,0.721533,-0.177768,-68.3595,-40.9183,2.15371
N[C@@H](CCNc1ccccc1)C(=O)N1CCCCC1,"CHEMBL98415",234,Done,7.03,-4.07917,"glide_grid_1X70",-4.80207,-1.51159,-0.290609,-0,-2.04731,-29.6272,-2.81018,1.03762,-0.0872921,-37.6343,-32.4374,9.59183
N[C@@H](CC[NH2+]Cc1cccs1)C(=O)N1CCCCC1,"CHEMBL98423",235,Done,19.49,-5.30604,"glide_grid_1X70",-5.71064,-1.2358,-0.214251,-0,-2.15407,-26.4937,-12.0034,1.13419,-0.115508,-54.9836,-38.4971,11.2194
[NH3+][C@@H](CC[NH2+]Cc1cccs1)C(=O)N1CCCCC1,"CHEMBL98423",236,Done,16.18,-8.52843,"glide_grid_1X70",-9.27233,-1.45391,-0.697369,-0,-2.85009,-29.9967,-22.1285,0.789027,-0.240883,-96.7671,-52.1252,10.564
[NH3+][C@@H](CCNCc1cccs1)C(=O)N1CCCCC1,"CHEMBL98423",237,Done,21.1,-7.09987,"glide_grid_1X70",-8.21567,-1.57962,-0.655163,-0,-2.64224,-28.9283,-16.9765,0.79393,-0.139685,-77.1564,-45.9048,8.12448
N[C@@H](CCNCc1cccs1)C(=O)N1CCCCC1,"CHEMBL98423",238,Done,23.87,-3.25118,"glide_grid_1X70",-4.94038,-1.4414,-0.414191,-0,-1.99024,-27.2053,-5.41448,1.14126,-0.0633673,-39.8023,-32.6198,7.53524
N[C@@H](CC[NH2+]Cc1ccccc1Cl)C(=O)N1CCCCC1,"CHEMBL98762",239,Done,19.07,-5.44556,"glide_grid_1X70",-5.91066,-1.17701,-0.536665,-0,-1.95197,-22.5794,-12.764,0.959228,-0.160681,-50.2891,-35.3434,13.3513
[NH3+][C@@H](CC[NH2+]Cc1ccccc1Cl)C(=O)N1CCCCC1,"CHEMBL98762",240,Done,16.37,-8.27944,"glide_grid_1X70",-9.00094,-1.31956,-0.472554,-0,-2.56886,-27.8666,-24.7365,0.667651,-0.203806,-92.0498,-52.6032,15.5286
[NH3+][C@@H](CCNCc1ccccc1Cl)C(=O)N1CCCCC1,"CHEMBL98762",241,Done,21.32,-5.55234,"glide_grid_1X70",-6.59044,-1.50891,-0.318671,-0,-2.09541,-29.3354,-13.4854,0.959228,-0.137106,-68.6389,-42.8207,5.36399
N[C@@H](CCNCc1ccccc1Cl)C(=O)N1CCCCC1,"CHEMBL98762",242,Done,24.88,-3.23418,"glide_grid_1X70",-4.77238,-1.28723,-0.506067,-0,-1.7292,-28.4451,-4.89166,0.964715,-0.058585,-40.7584,-33.3367,8.54404
C[N@@H+](CC[C@H](N)C(=O)N1CCCCC1)Cc1ccc(Cl)cc1,"CHEMBL98801",243,Done,14.57,-4.8641,"glide_grid_1X70",-5.4441,-1.33227,-0.286666,-0,-1.72758,-28.6636,-9.79931,0.887512,-0.082012,-51.6728,-38.4629,9.9111
CN(CC[C@H]([NH3+])C(=O)N1CCCCC1)Cc1ccc(Cl)cc1,"CHEMBL98801",244,Done,17.71,-7.1858,"glide_grid_1X70",-7.9886,-1.794,-0.466278,-0,-2.35666,-29.9118,-15.6833,0.621258,-0.144846,-76.4315,-45.595,3.92373
C[N@@H+](CC[C@H]([NH3+])C(=O)N1CCCCC1)Cc1ccc(Cl)cc1,"CHEMBL98801",245,Done,13.23,-8.28417,"glide_grid_1X70",-9.17667,-1.37291,-0.471141,-0,-2.41634,-28.4608,-26.0213,0.617871,-0.207915,-95.0266,-54.4821,13.1849
CN(CC[C@H](N)C(=O)N1CCCCC1)Cc1ccc(Cl)cc1,"CHEMBL98801",246,Done,16.58,-2.25351,"glide_grid_1X70",-3.39931,-0.796366,-0.187268,-0,-1.59287,-20.9369,-3.815,0.892391,-0.096108,-28.5239,-24.7519,6.50544
N[C@@H](CC[NH2+]Cc1ccc2ccccc2c1)C(=O)N1CCCCC1,"CHEMBL98860",247,Done,15.37,-6.91496,"glide_grid_1X70",-7.34616,-1.51011,-0.293854,-0,-2.70951,-32.9221,-11.3501,0.615936,-0.1,-70.4319,-44.2722,8.42354
[NH3+][C@@H](CC[NH2+]Cc1ccc2ccccc2c1)C(=O)N1CCCCC1,"CHEMBL98860",248,Done,14.42,-8.61776,"glide_grid_1X70",-9.30336,-1.57519,-0.666461,-0,-2.56233,-30.7265,-22.2278,0.612592,-0.241471,-98.5481,-52.9543,8.6172
[NH3+][C@@H](CCNCc1ccc2ccccc2c1)C(=O)N1CCCCC1,"CHEMBL98860",249,Done,19.33,-5.02632,"glide_grid_1X70",-6.18212,-1.85417,-0.324862,-0,-2.07661,-20.4178,-11.3058,0.879909,-0.0896243,-55.0209,-31.7236,5.43734
N[C@@H](CCNCc1ccc2ccccc2c1)C(=O)N1CCCCC1,"CHEMBL98860",250,Done,18.56,-3.82322,"glide_grid_1X70",-5.48522,-1.894,-0.488292,-0,-1.73186,-23.6021,-6.98667,0.884725,-0.0276873,-38.3555,-30.5888,9.83997
N[C@@H](CC[NH2+]Cc1ccc(Cl)cc1)C(=O)N1CCCCC1,"CHEMBL98869",251,Done,18.76,-5.13901,"glide_grid_1X70",-5.58431,-0.901067,-0.255967,-0,-1.87659,-30.3429,-12.3328,0.959228,-0.142845,-61.2187,-42.6758,4.2762
[NH3+][C@@H](CC[NH2+]Cc1ccc(Cl)cc1)C(=O)N1CCCCC1,"CHEMBL98869",252,Done,16.14,-7.9335,"glide_grid_1X70",-8.6339,-1.48342,-0.6,-0,-2.26602,-22.6937,-25.9937,0.953788,-0.204503,-85.5064,-48.6874,11.1574
[NH3+][C@@H](CCNCc1ccc(Cl)cc1)C(=O)N1CCCCC1,"CHEMBL98869",253,Done,20.68,-7.59484,"glide_grid_1X70",-8.69804,-1.59698,-0.622263,-0,-2.39924,-29.6136,-20.8094,0.67146,-0.148932,-83.2933,-50.423,11.1251
N[C@@H](CCNCc1ccc(Cl)cc1)C(=O)N1CCCCC1,"CHEMBL98869",254,Done,22.42,-3.85833,"glide_grid_1X70",-5.46533,-1.5356,-0.573693,-0,-1.94115,-31.4619,-5.11059,0.964715,-0.0399252,-41.5965,-36.5725,13.8297
COc1ccc(C[NH2+]CC[C@H](N)C(=O)N2CCCCC2)cc1,"CHEMBL99047",255,Done,9.94,-5.80848,"glide_grid_1X70",-6.22678,-1.28031,-0.696821,-0,-2.46392,-19.3064,-12.6719,1.18037,-0.1,-53.8539,-31.9782,3.76068
COc1ccc(C[NH2+]CC[C@H]([NH3+])C(=O)N2CCCCC2)cc1,"CHEMBL99047",256,Done,9.13,-8.83302,"glide_grid_1X70",-9.50332,-1.52879,-0.67395,-0,-2.62902,-28.0116,-25.6133,0.821511,-0.250497,-98.4112,-53.6249,10.8768
COc1ccc(CNCC[C@H]([NH3+])C(=O)N2CCCCC2)cc1,"CHEMBL99047",257,Done,11.15,-6.84786,"glide_grid_1X70",-8.05966,-1.5261,-0.614036,-0,-2.3958,-29.7847,-18.0633,0.826258,-0.151245,-77.3326,-47.848,11.1897
COc1ccc(CNCC[C@H](N)C(=O)N2CCCCC2)cc1,"CHEMBL99047",258,Done,11.69,-2.88075,"glide_grid_1X70",-4.60585,-1.47321,-0.304,-0,-1.56658,-32.8085,-5.02788,1.18721,-0.0546566,-43.7993,-37.8364,10.3671
N[C@@H](CC[NH2+]Cc1ccncc1)C(=O)N1CCCCC1,"CHEMBL99111",259,Done,18.75,-5.57492,"glide_grid_1X70",-6.20152,-0.933696,-0.691342,-0,-2.24509,-20.8182,-15.4229,1.17022,-0.147271,-54.6191,-36.2411,12.9009
[NH3+][C@@H](CCNCc1ccncc1)C(=O)N1CCCCC1,"CHEMBL99111",260,Done,21.81,-6.90328,"glide_grid_1X70",-7.62418,-1.30749,-0.433247,-0,-2.67632,-30.9431,-15.5751,0.819155,-0.142856,-76.4811,-46.5182,5.34611
[NH3+][C@@H](CC[NH2+]Cc1ccncc1)C(=O)N1CCCCC1,"CHEMBL99111",261,Done,15.9,-7.16863,"glide_grid_1X70",-8.03693,-0.928204,-0.402883,-0,-2.33769,-26.6,-26.8415,1.16288,-0.201034,-91.9095,-53.4415,6.20674
N[C@@H](CCNCc1ccncc1)C(=O)N1CCCCC1,"CHEMBL99111",262,Done,22.52,-4.63995,"glide_grid_1X70",-5.86935,-1.63089,-0.567402,-0,-2.08999,-25.4298,-9.59839,1.17763,-0.0474472,-45.4313,-35.0282,6.04387
[NH3+][C@@H](CC[NH2+]Cc1ccc(OCc2ccccc2)cc1)C(=O)N1CCCCC1,"CHEMBL99247",264,Done,7.9,-8.34542,"glide_grid_1X70",-9.02612,-1.52183,-0.666113,-0,-2.0998,-30.3709,-25.3458,0.832319,-0.250288,-99.3228,-55.7167,14.2495
[NH3+][C@@H](CCNCc1ccc(OCc2ccccc2)cc1)C(=O)N1CCCCC1,"CHEMBL99247",265,Done,8.33,-6.6366,"glide_grid_1X70",-7.8042,-1.63894,-0.596657,-0,-1.88898,-32.0826,-18.4022,0.836256,-0.151419,-80.0149,-50.4848,8.17397
N[C@@H](CCNCc1ccc(OCc2ccccc2)cc1)C(=O)N1CCCCC1,"CHEMBL99247",266,Done,6.66,-0.900015,"glide_grid_1X70",-2.58092,-0.9534,-0.304,-0,-0.798973,-30.1143,-0.993325,1.20031,-0.0701421,-32.6285,-31.1076,9.70581
N[C@@H](CC[NH2+]Cc1ccccc1)C(=O)N1CCCCC1,"CHEMBL99263",267,Done,20.26,-6.56919,"glide_grid_1X70",-7.00039,-0.804191,-0.961609,-0,-2.32879,-24.311,-15.8154,0.824241,-0.142181,-63.1687,-40.1264,7.74259
[NH3+][C@@H](CC[NH2+]Cc1ccccc1)C(=O)N1CCCCC1,"CHEMBL99263",268,Done,16.62,-6.94759,"glide_grid_1X70",-7.63319,-1.23564,-0.695259,-0,-2.27939,-26.2069,-20.732,1.17008,-0.172835,-81.3523,-46.9389,10.233
[NH3+][C@@H](CCNCc1ccccc1)C(=O)N1CCCCC1,"CHEMBL99263",269,Done,22.09,-6.52987,"glide_grid_1X70",-7.68567,-1.43665,-0.432546,-0,-2.60116,-30.208,-15.8514,0.824241,-0.151443,-75.6447,-46.0594,5.73497
N[C@@H](CCNCc1ccccc1)C(=O)N1CCCCC1,"CHEMBL99263",270,Done,24.96,-3.74693,"glide_grid_1X70",-5.40893,-1.58675,-0.580264,-0,-2.10422,-28.3444,-5.76621,1.18497,-0.040511,-39.2196,-34.1106,13.7017
N[C@@H](CC[NH2+]Cc1ccc(Cl)cc1)C(=O)N1CCC(F)CC1,"CHEMBL99506",271,Done,17.88,-6.5354,"glide_grid_1X70",-6.9446,-1.3295,-0.348538,-0,-1.99422,-25.8603,-18.0478,0.868708,-0.140872,-66.3415,-43.9081,8.84488
[NH3+][C@@H](CC[NH2+]Cc1ccc(Cl)cc1)C(=O)N1CCC(F)CC1,"CHEMBL99506",272,Done,15.55,-7.95903,"glide_grid_1X70",-8.70443,-1.33943,-0.491402,-0,-2.48708,-29.4965,-22.181,0.604816,-0.18936,-87.8473,-51.6775,6.41707
[NH3+][C@@H](CCNCc1ccc(Cl)cc1)C(=O)N1CCC(F)CC1,"CHEMBL99506",273,Done,20.53,-7.03356,"glide_grid_1X70",-8.18176,-2.00356,-0.517886,-0,-1.91984,-29.6172,-19.7733,0.868708,-0.162322,-75.2734,-49.3906,7.11343
N[C@@H](CCNCc1ccc(Cl)cc1)C(=O)N1CCC(F)CC1,"CHEMBL99506",274,Done,26.77,-2.20623,"glide_grid_1X70",-3.77723,-1.16408,-0.280948,-0,-1.96049,-15.4923,-2.86637,0.873432,-0.04056,-20.4923,-18.3587,14.9555
N[C@@H](CC[NH2+]Cc1ccc(Cl)cc1)C(=O)N1CC=CCC1,"CHEMBL100370",275,Done,17.31,-7.0121,"glide_grid_1X70",-7.427,-1.43123,-0.626414,-0,-2.05547,-30.7749,-17.2185,0.97025,-0.162604,-74.873,-47.9935,8.98348
[NH3+][C@@H](CC[NH2+]Cc1ccc(Cl)cc1)C(=O)N1CC=CCC1,"CHEMBL100370",276,Done,14.23,-7.80643,"glide_grid_1X70",-8.55003,-1.51851,-0.6,-0,-2.27975,-26.7958,-23.9825,0.964715,-0.179318,-90.6386,-50.7783,10.3558
[NH3+][C@@H](CCNCc1ccc(Cl)cc1)C(=O)N1CC=CCC1,"CHEMBL100370",277,Done,19.99,-6.40469,"glide_grid_1X70",-7.53959,-1.54441,-0.421602,-0,-2.38052,-31.7777,-14.2231,0.679175,-0.14987,-78.4132,-46.0009,4.7994
N[C@@H](CCNCc1ccc(Cl)cc1)C(=O)N1CC=CCC1,"CHEMBL100370",278,Done,19.12,-3.70697,"glide_grid_1X70",-5.27217,-1.84949,-0.419693,-0,-1.93537,-31.5803,-2.85545,0.975833,-0.0361182,-44.0028,-34.4358,7.77689
NC(=[NH2+])NCC[C@H](N)C(=O)N1CCCCC1,"CHEMBL101401",279,Done,5.97,-4.27666,"glide_grid_1X70",-4.65386,-1.1198,-0.642353,-0,-2.46532,-20.7193,-5.50322,1.63423,-0.199174,-34.8884,-26.2225,6.66199
NC(=[NH2+])NCC[C@H]([NH3+])C(=O)N1CCCCC1,"CHEMBL101401",280,Done,5.14,-8.80865,"glide_grid_1X70",-9.25475,-1.0964,-0.859859,-0,-3.47865,-17.6416,-24.8282,1.13544,-0.348981,-82.622,-42.4698,6.54634
COc1cc2c(cc1OC)-c1nc(N)c(C[NH3+])c(-c3ccc(Cl)cc3Cl)c1C2,"CHEMBL122206",281,Done,3.17,-5.69045,"glide_grid_1X70",-5.85815,-0.0860343,-0.587448,-0,-1.09381,-30.3586,-16.7768,0.0794435,-0.135854,-71.9651,-47.1354,0.73294
COc1cc2c(cc1OC)-c1nc(N)c(CN)c(-c3ccc(Cl)cc3Cl)c1C2,"CHEMBL122206",282,Done,2.89,-2.72867,"glide_grid_1X70",-3.56377,-0.133295,-0.376326,-0,-0.570683,-30.7255,-7.0745,0.113988,0,-45.7065,-37.8,1.91678
C=CC(C)(C)c1cc(/C=C/C(=O)c2ccc(O)cc2)c(OC)cc1O,"CHEMBL139702",283,Done,9.76,-2.811,"glide_grid_1X70",-3.0341,-0.872497,-0.0154573,-0,-1.24514,-25.5985,-2.97883,0.825738,0,-32.5737,-28.5774,5.59615
N#C[C@@H]1CCCN1C(=O)C[NH2+][C@@]12C[C@@H]3C[C@@H](C[C@@](O)(C3)C1)C2,"CHEMBL142703",285,Done,4.36,-5.09829,"glide_grid_1X70",-5.25139,-0.656622,-0.4,-0,-1.79365,-23.9566,-12.2388,0.796072,-0.163545,-52.6938,-36.1954,2.92208
[NH3+]CCCC[C@H]([NH3+])C(=O)N1CC[C@@H](O)C1,"CHEMBL144027",287,Done,13.98,-8.077,"glide_grid_1X70",-8.3762,-0.814398,-0.509156,-0,-3.03933,-21.2255,-27.8674,1.24359,-0.195625,-87.0968,-49.0929,7.2784
N[C@@H](CCCC[NH3+])C(=O)N1CC[C@@H](O)C1,"CHEMBL144027",288,Done,13.81,-4.85415,"glide_grid_1X70",-5.40595,-0.895323,-0.390883,-0,-2.59191,-23.587,-13.526,1.79052,-0.110108,-50.7666,-37.113,9.30119
N#C[C@@H]1CCCCN1C(=O)[C@H](N)CCCC[NH3+],"CHEMBL145813",289,Done,10.05,-4.02178,"glide_grid_1X70",-4.40618,-0.508087,-0.473334,-0,-1.67698,-16.7559,-14.7315,1.50832,-0.20858,-28.9678,-31.4874,20.0641
N#C[C@@H]1CCCCN1C(=O)[C@H]([NH3+])CCCC[NH3+],"CHEMBL145813",290,Done,12.31,-6.54152,"glide_grid_1X70",-6.98282,-0.84933,-0.403689,-0,-2.55135,-14.2996,-22.0123,1.04828,-0.209916,-61.6888,-36.3119,11.3293
NC(=[NH2+])NCCC[C@H]([NH3+])C(=O)N1CCCCC1,"CHEMBL145862",291,Done,6.94,-6.05915,"glide_grid_1X70",-6.34285,-1.34763,-0.467052,-0,-2.90898,-21.232,-18.8378,2.46309,-0.195,-67.4439,-40.0698,3.07323
NC(=[NH2+])NCCC[C@H](N)C(=O)N1CCCCC1,"CHEMBL145862",292,Done,6.68,-1.91706,"glide_grid_1X70",-2.48956,-1.20524,-0.35318,-0,-2.38512,-21.35,-5.50877,3.54373,-0.19594,-31.0414,-26.8587,5.37145
CCC[C@H]([NH3+])C(=O)N1CCCCC1,"CHEMBL146190",293,Done,2.23,-7.27456,"glide_grid_1X70",-7.49206,-1.19832,-0.486359,-0,-3.30669,-20.1548,-13.3127,0.648887,-0.144921,-58.5221,-33.4676,2.02602
CCC[C@H](N)C(=O)N1CCCCC1,"CHEMBL146190",294,Done,2.2,-3.99772,"glide_grid_1X70",-4.69682,-1.13112,-0.304,-0,-2.6203,-19.5101,-3.69322,0.935356,-0.0472653,-25.1363,-23.2033,9.46893
N#C[C@@H]1CCCCN1C(=O)[C@H](N)CC[NH3+],"CHEMBL146877",295,Done,2.2,-4.92606,"glide_grid_1X70",-5.08746,-0.391242,-0.456,-0,-2.28219,-16.7467,-13.6331,1.11754,-0.19327,-40.4036,-30.3798,11.9083
N#C[C@@H]1CCCCN1C(=O)[C@H]([NH3+])CC[NH3+],"CHEMBL146877",296,Done,2.19,-7.80683,"glide_grid_1X70",-8.69153,-0.820084,-0.558918,-0,-2.97347,-18.2707,-26.5851,0.776052,-0.213811,-78.9529,-44.8558,6.47617
N#C[C@@H]1CCCCN1C(=O)[C@H]([NH3+])CCN,"CHEMBL146877",297,Done,1.93,-5.02523,"glide_grid_1X70",-7.56103,-0.821998,-0.714099,-0,-2.75836,-19.4839,-19.4186,0.782279,-0.16186,-65.8593,-38.9025,2.64733
[NH3+][C@H](CO)C(=O)N1CCCCC1,"CHEMBL146995",298,Done,2.14,-7.26824,"glide_grid_1X70",-7.57924,-1.1514,-0.420453,-0,-3.23783,-17.408,-16.4901,0.724655,-0.150314,-54.4106,-33.8981,10.0693
N[C@H](CO)C(=O)N1CCCCC1,"CHEMBL146995",299,Done,1.86,-4.06581,"glide_grid_1X70",-4.59641,-1.0446,-0.366077,-0,-2.49894,-18.7549,-4.97378,1.04514,-0.0481162,-30.9851,-23.7287,2.4289
CCCC[C@H]([NH3+])C(=O)N1CCCCC1,"CHEMBL147314",300,Done,3.5,-7.14406,"glide_grid_1X70",-7.36156,-1.29242,-0.488268,-0,-3.21185,-22.0304,-13.2355,0.86243,-0.144604,-60.4909,-35.2659,2.20987
CCCC[C@H](N)C(=O)N1CCCCC1,"CHEMBL147314",301,Done,4.04,-3.69144,"glide_grid_1X70",-4.39054,-0.800144,-0.534668,-0,-2.29811,-20.9064,-5.66433,1.24249,-0.105134,-31.2134,-26.5708,5.34256
CC[C@H](C)[C@H]([NH3+])C(=O)N1CC[C@@H](O)C1,"CHEMBL147691",302,Done,3.02,-6.79331,"glide_grid_1X70",-7.01511,-0.883393,-0.468071,-0,-2.89847,-22.3536,-15.6841,0.848385,-0.143258,-63.2054,-38.0377,2.34611
CC[C@H](C)[C@H](N)C(=O)N1CC[C@@H](O)C1,"CHEMBL147691",303,Done,2.46,-3.35006,"glide_grid_1X70",-4.03966,-0.933639,-0.197211,-0,-2.3239,-22.0451,-4.12239,1.22217,-0.0864671,-33.5261,-26.1675,1.10296
N[C@@H](CC[NH3+])C(=O)N1CCCCC1,"CHEMBL147923",304,Done,2.2,-7.1147,"glide_grid_1X70",-7.3972,-1.20179,-0.558867,-0,-3.23091,-17.0797,-13.8844,0.643217,-0.112194,-51.3987,-30.9641,6.84584
[NH3+]CC[C@H]([NH3+])C(=O)N1CCCCC1,"CHEMBL147923",305,Done,2.15,-8.58517,"glide_grid_1X70",-9.18937,-1.12266,-0.470424,-0,-3.44615,-17.4084,-24.7051,0.637511,-0.211469,-84.8284,-42.1135,3.01876
NCC[C@H]([NH3+])C(=O)N1CCCCC1,"CHEMBL147923",306,Done,2.1,-5.79632,"glide_grid_1X70",-8.15792,-1.12965,-0.583881,-0,-3.19882,-19.9449,-18.2672,0.643217,-0.151469,-65.3329,-38.2121,5.82423
CC[C@H](C)[C@H]([NH3+])C(=O)N(C)C,"CHEMBL148002",307,Done,1.71,-5.7037,"glide_grid_1X70",-5.9189,-0.320543,-0.49301,-0,-2.78,-15.9558,-14.7668,0.830805,-0.143343,-49.8354,-30.7226,1.00532
CC[C@H](C)[C@H](N)C(=O)N(C)C,"CHEMBL148002",308,Done,1.68,-3.09105,"glide_grid_1X70",-3.79555,-0.287528,-0.573938,-0,-2.24979,-14.064,-7.19359,1.19909,-0.101147,-23.4414,-21.2576,6.68086
[NH3+][C@H](C(=O)N1CCCCC1)C1CCCCC1,"CHEMBL148025",309,Done,2.39,-7.03653,"glide_grid_1X70",-7.23423,-1.08577,-0.414871,-0,-2.88669,-26.2089,-13.9237,0.701739,-0.14964,-67.0141,-40.1326,3.15216
N[C@H](C(=O)N1CCCCC1)C1CCCCC1,"CHEMBL148025",310,Done,2.25,-2.76027,"glide_grid_1X70",-3.50667,-0.500791,-0.304,-0,-2.02345,-26.0427,-1.87039,1.01012,-0.105853,-32.7464,-27.913,3.73248
CC[C@H](C)[C@H]([NH3+])C(=O)N1CCCCCC1,"CHEMBL148127",311,Done,4.65,-7.40918,"glide_grid_1X70",-7.60348,-1.31107,-0.428297,-0,-3.07966,-20.878,-14.0171,0.513106,-0.151091,-58.6067,-34.895,3.34588
CC[C@H](C)[C@H](N)C(=O)N1CCCCCC1,"CHEMBL148127",312,Done,4.28,-4.0203,"glide_grid_1X70",-4.7753,-1.34527,-0.244233,-0,-2.43265,-18.3074,-3.45145,0.738865,-0.0589191,-28.0727,-21.7589,1.92458
CC[C@H](C)[C@H]([NH3+])C(=O)N1CC[C@H](F)C1,"CHEMBL148261",313,Done,2.27,-7.42013,"glide_grid_1X70",-7.65843,-0.782135,-0.509584,-0,-3.5064,-20.8225,-14.8596,0.556373,-0.146617,-62.8568,-35.6821,1.73434
CC[C@H](C)[C@H](N)C(=O)N1CC[C@H](F)C1,"CHEMBL148261",314,Done,2.72,-4.06498,"glide_grid_1X70",-4.71988,-0.733959,-0.258917,-0,-2.89434,-20.8538,-3.39242,0.801444,-0.0825469,-31.8727,-24.2463,1.30302
CC[C@H]([NH3+])C(=O)N1CCCCC1,"CHEMBL148285",315,Done,1.71,-7.53894,"glide_grid_1X70",-7.76344,-1.20217,-0.42624,-0,-3.40867,-18.9799,-13.3538,0.369167,-0.143463,-57.6014,-32.3337,1.79232
CC[C@H](N)C(=O)N1CCCCC1,"CHEMBL148285",316,Done,1.63,-4.30406,"glide_grid_1X70",-4.98776,-1.14627,-0.249587,-0,-2.74232,-18.8366,-2.61849,0.532482,-0.0474584,-26.4757,-21.4551,3.28482
N[C@@H](CCC[NH3+])C(=O)N1CCSC1,"CHEMBL148954",317,Done,3.56,-6.18526,"glide_grid_1X70",-6.53846,-0.75295,-0.72,-0,-2.65593,-21.7781,-15.9913,1.18214,-0.10412,-57.9454,-37.7693,7.0804
[NH3+]CCC[C@H]([NH3+])C(=O)N1CCSC1,"CHEMBL148954",318,Done,3.72,-8.28863,"glide_grid_1X70",-8.76963,-0.907779,-0.456959,-0,-3.19732,-22.863,-24.599,0.820714,-0.195295,-87.0139,-47.462,5.00414
[NH3+]CCCC[C@H]([NH3+])C(=O)N1CCSC1,"CHEMBL148955",319,Done,7.18,-8.69119,"glide_grid_1X70",-9.07379,-0.937668,-0.634294,-0,-3.13863,-22.8001,-26.9603,0.97932,-0.202505,-89.8752,-49.7605,8.75169
N[C@@H](CCCC[NH3+])C(=O)N1CCSC1,"CHEMBL148955",320,Done,7.13,-7.30577,"glide_grid_1X70",-7.74907,-1.06147,-0.837335,-0,-3.15853,-22.2557,-16.4394,0.986956,-0.1,-59.8694,-38.6951,9.17188
O=C([C@@H]1CCC[NH2+]1)[C@@H]1CCC[C@H]1B(O)O,"CHEMBL151461",321,Done,2.06,-6.13621,"glide_grid_1X70",-6.50631,-0.202253,-0.571751,-0,-2.18813,-18.2345,-23.6396,1.11056,-0.197077,-64.3351,-41.8741,1.96497
O=C([C@@H]1CCCN1)[C@@H]1CCC[C@H]1B(O)O,"CHEMBL151461",322,Done,2.13,-3.67743,"glide_grid_1X70",-4.13163,-0.159332,-0.0896815,-0,-1.97001,-18.6474,-13.169,1.11948,-0.124375,-40.665,-31.8164,3.12691
[NH3+][C@H](C(=O)N1CCCC1)[C@H]1CC[C@H](NS(=O)(=O)c2ccc(S(=O)(=O)C(F)(F)F)cc2)C1,"CHEMBL168281",325,Done,10.19,-5.89768,"glide_grid_1X70",-6.16598,-0.907254,-0.452549,-0,-0.402839,-38.0242,-16.4688,0.423863,-0.455663,-80.5624,-54.493,4.56753
N[C@H](C(=O)N1CCCC1)[C@H]1CC[C@H](NS(=O)(=O)c2ccc(S(=O)(=O)C(F)(F)F)cc2)C1,"CHEMBL168281",326,Done,9.7,-3.47723,"glide_grid_1X70",-4.08333,-1.19099,-0.252977,-0,-0.48151,-37.3878,-5.22404,0.607829,-0.112686,-47.1302,-42.6119,13.7231
[NH3+][C@H](C(=O)N1CCCC1)[C@@H]1CC[C@@H](NS(=O)(=O)c2ccc(OC(F)(F)F)cc2)C1,"CHEMBL168866",327,Done,12.65,-7.45353,"glide_grid_1X70",-7.71603,-1.49834,-0.420759,-0,-1.9085,-34.8871,-16.2837,0.512699,-0.214219,-86.311,-51.1707,2.54619
N[C@H](C(=O)N1CCCC1)[C@@H]1CC[C@@H](NS(=O)(=O)c2ccc(OC(F)(F)F)cc2)C1,"CHEMBL168866",328,Done,11.51,-4.5525,"glide_grid_1X70",-5.1612,-1.49584,-0.309526,-0,-1.40353,-36.4892,-5.20582,0.735504,-0.0824779,-55.6547,-41.6951,1.01105
CS(=O)(=O)c1ccc(S(=O)(=O)N[C@H]2CC[C@H]([C@H]([NH3+])C(=O)N3CCCC3)C2)cc1,"CHEMBL168986",329,Done,9.33,-6.66308,"glide_grid_1X70",-6.90628,-0.927004,-0.482238,-0,-1.35145,-33.2978,-17.8222,0.450443,-0.25781,-81.2545,-51.12,5.33347
CS(=O)(=O)c1ccc(S(=O)(=O)N[C@H]2CC[C@H]([C@H](N)C(=O)N3CCCC3)C2)cc1,"CHEMBL168986",330,Done,9.3,-3.46807,"glide_grid_1X70",-4.11307,-1.18808,-0.260964,-0,-0.648431,-36.6396,-4.81474,0.646228,-0.107633,-45.7268,-41.4543,13.982
NS(=O)(=O)c1ccc(S(=O)(=O)N[C@@H]2CC[C@@H]([C@H]([NH3+])C(=O)N3CCCC3)C2)cc1,"CHEMBL169179",331,Done,14.78,-6.99951,"glide_grid_1X70",-7.26371,-0.957088,-0.552403,-0,-0.789117,-35.791,-21.3666,0.448576,-0.419141,-89.4397,-57.1576,3.58856
N[C@H](C(=O)N1CCCC1)[C@@H]1CC[C@@H](NS(=O)(=O)c2ccc(S(N)(=O)=O)cc2)C1,"CHEMBL169179",332,Done,14.44,-4.19352,"glide_grid_1X70",-4.79922,-1.02584,-0.236336,-0,-0.693884,-32.4296,-10.4556,0.643544,-0.296883,-56.5683,-42.8852,2.44966
CS(=O)(=O)c1ccc(S(=O)(=O)N[C@@H]2CC[C@@H]([C@H]([NH3+])C(=O)N3CCCC3)C2)cc1,"CHEMBL169204",333,Done,10.12,-6.80879,"glide_grid_1X70",-7.05199,-1.02499,-0.454302,-0,-0.711171,-35.7738,-21.6818,0.450443,-0.271016,-87.4169,-57.4556,5.89693
CS(=O)(=O)c1ccc(S(=O)(=O)N[C@@H]2CC[C@@H]([C@H](N)C(=O)N3CCCC3)C2)cc1,"CHEMBL169204",334,Done,9.56,-4.10264,"glide_grid_1X70",-4.74764,-1.28343,-0.243453,-0,-0.990503,-31.1201,-7.58928,0.646228,-0.182076,-51.5971,-38.7094,1.41832
[NH3+][C@H](C(=O)N1CCCC1)[C@H]1CC[C@@H](OC(=O)Nc2ccc(I)cc2)C1,"CHEMBL169758",335,Done,9.02,-5.90793,"glide_grid_1X70",-6.16583,-1.51271,-0.826719,-0,0.207177,-34.3677,-18.2657,0.574481,-0.149808,-73.891,-52.6334,8.52677
N[C@H](C(=O)N1CCCC1)[C@H]1CC[C@@H](OC(=O)Nc2ccc(I)cc2)C1,"CHEMBL169758",336,Done,8.93,-3.20747,"glide_grid_1X70",-3.82457,-1.05229,-0.233424,-0,-0.657026,-32.2821,-4.89557,0.576789,-0.110172,-47.604,-37.1777,2.05874
[NH3+][C@H](C(=O)N1CCCC1)[C@H]1CC[C@@H](NC(=O)c2cccc3ccccc23)C1,"CHEMBL169812",337,Done,12.1,-7.20519,"glide_grid_1X70",-7.44279,-0.97082,-0.487774,-0,-1.78896,-37.0645,-18.2061,0.601921,-0.213028,-82.7955,-55.2705,14.4013
N[C@H](C(=O)N1CCCC1)[C@H]1CC[C@@H](NC(=O)c2cccc3ccccc23)C1,"CHEMBL169812",338,Done,11.35,-4.40097,"glide_grid_1X70",-5.05717,-1.18677,-0.425503,-0,-1.25587,-41.5423,-5.99857,0.864125,-0.0762573,-57.4038,-47.5409,9.06142
[NH3+][C@H](C(=O)N1CCCC1)[C@@H]1CC[C@@H](NS(=O)(=O)c2ccc(C(=O)[O-])cc2)C1,"CHEMBL169962",339,Done,10.34,-6.10724,"glide_grid_1X70",-6.37144,-0.797972,-0.407094,-0,-1.46792,-33.8689,-15.2558,0.525141,-0.241775,-76.4606,-49.1247,9.07724
N[C@H](C(=O)N1CCCC1)[C@@H]1CC[C@@H](NS(=O)(=O)c2ccc(C(=O)[O-])cc2)C1,"CHEMBL169962",340,Done,10.26,-3.40674,"glide_grid_1X70",-4.01244,-0.749108,-0.67184,-0,-0.594436,-29.5013,-7.36695,0.753652,-0.170599,-46.8605,-36.8682,3.84114
[NH3+][C@H](C(=O)N1CCCC1)[C@H]1CCC[C@H](OC(=O)Nc2ccc(I)cc2)C1,"CHEMBL170051",341,Done,6.33,-6.91718,"glide_grid_1X70",-7.15918,-1.65536,-0.485822,-0,-1.13937,-39.7749,-14.1343,0.380632,-0.150378,-85.5154,-53.9091,5.25082
N[C@H](C(=O)N1CCCC1)[C@H]1CCC[C@H](OC(=O)Nc2ccc(I)cc2)C1,"CHEMBL170051",342,Done,5.35,-1.9972,"glide_grid_1X70",-2.6445,-0.323847,-0.54376,-0,0.818656,-31.7555,-9.62994,0.545885,-0.109165,-39.1559,-41.3854,13.6691
COc1ccc(NC(=O)O[C@@H]2CCC[C@H]([C@H]([NH3+])C(=O)N3CCSC3)C2)cc1,"CHEMBL171033",343,Done,6.31,-5.69306,"glide_grid_1X70",-5.99536,-0.882036,-0.469612,-0,-0.929681,-34.9565,-16.1394,0.615362,-0.160653,-70.5289,-51.0959,13.5433
COc1ccc(NC(=O)O[C@@H]2CCC[C@H]([C@H](N)C(=O)N3CCSC3)C2)cc1,"CHEMBL171033",344,Done,5.78,-2.58591,"glide_grid_1X70",-3.12941,-1.67662,-0.319603,-0,0.978903,-36.3373,-6.70083,0.88314,-0.173235,-40.8973,-43.0382,10.6988
NS(=O)(=O)c1ccc(S(=O)(=O)N[C@H]2CC[C@@H]([C@H]([NH3+])C(=O)N3CCCC3)C2)cc1,"CHEMBL171290",345,Done,15.57,-7.64512,"glide_grid_1X70",-7.90932,-1.03609,-0.797839,-0,-0.924502,-35.0874,-23.4152,0.448576,-0.33281,-94.5111,-58.5027,5.1972
N[C@H](C(=O)N1CCCC1)[C@@H]1CC[C@H](NS(=O)(=O)c2ccc(S(N)(=O)=O)cc2)C1,"CHEMBL171290",346,Done,14.64,-4.37819,"glide_grid_1X70",-4.98389,-1.02362,-0.239821,-0,-0.709426,-31.9296,-11.8307,0.643544,-0.283488,-55.2726,-43.7602,4.44272
NS(=O)(=O)c1ccc(S(=O)(=O)N[C@H]2CC[C@H]([C@H]([NH3+])C(=O)N3CCCC3)C2)cc1,"CHEMBL171342",347,Done,13.12,-6.93053,"glide_grid_1X70",-7.19473,-0.870217,-0.779504,-0,-0.60926,-40.4076,-21.007,0.448576,-0.212889,-93.0243,-61.4146,4.83914
N[C@H](C(=O)N1CCCC1)[C@H]1CC[C@H](NS(=O)(=O)c2ccc(S(N)(=O)=O)cc2)C1,"CHEMBL171342",348,Done,13.56,-3.47179,"glide_grid_1X70",-4.07749,-0.917896,-0.397895,-0,-0.0431127,-41.0303,-8.00642,0.643544,-0.109648,-55.1836,-49.0367,6.34709
[NH3+][C@@H](C(=O)N1CCSC1)[C@H]1CC[C@@H](OC(=O)Nc2cccc3ccccc23)C1,"CHEMBL171430",349,Done,11,-6.57195,"glide_grid_1X70",-6.94445,-1.22977,-0.395964,-0,-1.65551,-34.4231,-15.251,0.513309,-0.167713,-79.9131,-49.6741,3.82949
N[C@@H](C(=O)N1CCSC1)[C@H]1CC[C@@H](OC(=O)Nc2cccc3ccccc23)C1,"CHEMBL171430",350,Done,9.82,-3.78254,"glide_grid_1X70",-4.23404,-0.8546,-0.443132,-0,-0.779066,-36.0731,-6.08375,0.736632,-0.177658,-50.2276,-42.1569,8.75334
[NH3+][C@H](C(=O)N1CCCC1)[C@H]1CC[C@H](NS(=O)(=O)c2ccc(C(=O)[O-])cc2)C1,"CHEMBL171437",351,Done,17.45,-7.1624,"glide_grid_1X70",-7.4266,-0.952216,-0.806936,-0,-1.65801,-36.1631,-16.722,0.525141,-0.218129,-82.532,-52.8851,19.5387
N[C@H](C(=O)N1CCCC1)[C@H]1CC[C@H](NS(=O)(=O)c2ccc(C(=O)[O-])cc2)C1,"CHEMBL171437",352,Done,10.16,-3.47344,"glide_grid_1X70",-4.07914,-0.913933,-0.668518,-0,-0.544209,-32.0587,-6.50078,0.753652,-0.128083,-47.9288,-38.5595,4.6
N[C@H](C(=O)N1CCCC1)[C@@H]1CC[C@H](NC(=O)Nc2cccc3ccccc23)C1,"CHEMBL171609",354,Done,11.4,-2.92026,"glide_grid_1X70",-3.59556,-0.894937,-0.472276,-0,-0.352359,-39.7559,-4.23652,0.804088,-0.0568003,-43.1367,-43.9924,17.2092
[NH3+][C@H](C(=O)N1CCCC1)[C@H]1CCC[C@@H](OC(=O)Nc2ccc(I)cc2)C1,"CHEMBL171733",355,Done,4.95,-5.49933,"glide_grid_1X70",-5.74133,-0.78937,-0.433814,-0,-1.0998,-32.4392,-13.4195,0.380632,-0.164093,-71.1195,-45.8587,2.88563
N[C@H](C(=O)N1CCCC1)[C@H]1CCC[C@@H](OC(=O)Nc2ccc(I)cc2)C1,"CHEMBL171733",356,Done,4.29,-2.73197,"glide_grid_1X70",-3.37927,-1.57631,-0.285366,-0,0.231693,-35.9456,-3.01002,0.545885,-0.0463907,-38.5542,-38.9556,14.4753
[NH3+][C@H](C(=O)N1CCCC1)[C@H]1CC[C@H](OC(=O)Nc2ccc(I)cc2)C1,"CHEMBL172057",357,Done,9.43,-6.90011,"glide_grid_1X70",-7.15801,-1.67981,-0.43565,-0,-1.18616,-39.2668,-14.2207,0.402137,-0.16209,-84.9806,-53.4875,5.60709
N[C@H](C(=O)N1CCCC1)[C@H]1CC[C@H](OC(=O)Nc2ccc(I)cc2)C1,"CHEMBL172057",358,Done,8.42,-4.12273,"glide_grid_1X70",-4.73983,-1.60209,-0.36318,-0,-0.572293,-39.1102,-5.13293,0.576789,-0.0536074,-48.2606,-44.2431,19.5233
[NH3+][C@H](C(=O)N1CCCC1)[C@@H]1CC[C@H](OC(=O)Nc2ccc(I)cc2)C1,"CHEMBL172276",359,Done,8.36,-5.64206,"glide_grid_1X70",-5.89996,-1.02256,-0.531011,-0,-0.495506,-34.0608,-15.6851,0.402137,-0.197221,-67.1841,-49.7459,11.632
N[C@H](C(=O)N1CCCC1)[C@@H]1CC[C@H](OC(=O)Nc2ccc(I)cc2)C1,"CHEMBL172276",360,Done,8.9,-3.67232,"glide_grid_1X70",-4.28942,-1.43182,-0.253682,-0,-0.730186,-33.9465,-4.41242,0.576789,-0.0913369,-49.4799,-38.3589,3.4647
[NH3+][C@@H](C(=O)N1CCSC1)[C@H]1CC[C@@H](OC(=O)Nc2cccc(F)c2)C1,"CHEMBL172624",361,Done,11.77,-5.82141,"glide_grid_1X70",-6.19391,-0.885372,-0.644246,-0,-0.909272,-28.5649,-17.9708,0.596183,-0.227333,-67.1745,-46.5358,7.94586
N[C@@H](C(=O)N1CCSC1)[C@H]1CC[C@@H](OC(=O)Nc2cccc(F)c2)C1,"CHEMBL172624",362,Done,10.48,-2.90394,"glide_grid_1X70",-3.35544,-0.79407,-0.510402,-0,-0.437822,-31.1461,-5.79681,0.855868,-0.0421872,-37.8226,-36.9429,12.964
[NH3+][C@H](C(=O)N1CCSC1)[C@H]1CC[C@@H](OC(=O)Nc2cccc(F)c2)C1,"CHEMBL172631",363,Done,11.01,-6.88436,"glide_grid_1X70",-7.25686,-1.03611,-0.632365,-0,-1.63931,-35.5824,-16.9245,0.596183,-0.227466,-83.7613,-52.5069,3.63242
N[C@H](C(=O)N1CCSC1)[C@H]1CC[C@@H](OC(=O)Nc2cccc(F)c2)C1,"CHEMBL172631",364,Done,10.44,-3.61741,"glide_grid_1X70",-4.06891,-1.4612,-0.304,-0,-0.549648,-36.9374,-4.6938,0.855868,-0.0589857,-47.4067,-41.6312,9.53447
[NH3+][C@H](C(=O)N1CCCC1)[C@H]1CC[C@@H](OC(=O)Nc2ccccc2-c2ccccc2)C1,"CHEMBL172730",365,Done,12.78,-6.96081,"glide_grid_1X70",-7.21871,-1.4919,-0.439713,-0,-1.63647,-36.1548,-15.6088,0.660459,-0.162024,-80.9952,-51.7636,7.20174
N[C@H](C(=O)N1CCCC1)[C@H]1CC[C@@H](OC(=O)Nc2ccccc2-c2ccccc2)C1,"CHEMBL172730",366,Done,10.99,-2.9786,"glide_grid_1X70",-3.5957,-0.837255,-0.234171,-0,-1.05343,-36.1741,-3.63997,0.947725,-0.0638728,-46.4965,-39.814,7.06734
N#C[C@@H]1CCC[C@H]1C(=O)C[NH2+]CCc1ccccc1,"CHEMBL175034",368,Done,13.5,-6.48457,"glide_grid_1X70",-7.38447,-1.04107,-0.840517,-0,-2.33053,-23.4526,-20.5533,1.33204,-0.248765,-69.5936,-44.0058,9.05547
O=C(C[NH2+]Cc1ccccc1)N1CCCC1,"CHEMBL175260",370,Done,4.29,-5.53052,"glide_grid_1X70",-6.79492,-0.813105,-0.467494,-0,-2.85399,-23.3079,-13.8726,0.734748,-0.148797,-59.3947,-37.1805,5.81465
[NH3+][C@@H](CC(=O)N1CC[NH2+]C[C@H]1Cc1ccccc1)Cc1ccccc1F,"CHEMBL175872",371,Done,6.16,-8.3645,"glide_grid_1X70",-8.4572,-1.38606,-0.419772,-0,-2.05782,-35.3951,-21.3645,0.629251,-0.248377,-95.1334,-56.7596,6.89782
[NH3+][C@@H](CC(=O)N1CCNC[C@H]1Cc1ccccc1)Cc1ccccc1F,"CHEMBL175872",372,Done,8.04,-6.98259,"glide_grid_1X70",-8.22509,-1.14584,-0.868274,-0,-2.09638,-26.5516,-21.6375,0.632424,-0.173824,-77.9882,-48.189,14.2255
N[C@@H](CC(=O)N1CC[NH2+]C[C@H]1Cc1ccccc1)Cc1ccccc1F,"CHEMBL175872",373,Done,7.82,-4.17254,"glide_grid_1X70",-6.48644,-2.25954,-0.4,-0,-1.16953,-33.8371,-11.5797,0.903463,-0.13203,-65.2933,-45.4168,8.72521
O=C(C[NH2+]C1CCCCC1)N1CCCC1,"CHEMBL177746",374,Done,4,-6.54345,"glide_grid_1X70",-6.63295,-0.759423,-0.366373,-0,-2.89096,-23.7448,-11.9855,0.521355,-0.152484,-56.3062,-35.7303,5.22683
N#C[C@@H]1CCC/C1=C(/F)C[NH2+]C12C[C@H]3C[C@@H](C1)C[C@@H](C2)C3,"CHEMBL177980",376,Done,2.4,-6.14809,"glide_grid_1X70",-6.19049,-0.80766,-0.397759,-0,-2.08422,-27.7758,-11.6583,0.434784,-0.1981,-59.1062,-39.4341,4.98238
N#C[C@@H]1CCCN1C(=O)[C@@H](N)CC(=O)N1CCc2ccccc2C1,"CHEMBL179289",378,Done,4.3,-4.61949,"glide_grid_1X70",-4.84969,-1.6155,-0.304,-0,-1.1939,-35.0352,-3.5709,0.704167,-0.153068,-44.3583,-38.6061,10.0143
N#C[C@@H]1CCCN1C(=O)[C@@H]([NH3+])CC(=O)N1CCc2ccccc2C1,"CHEMBL179289",379,Done,4.35,-7.54578,"glide_grid_1X70",-8.21718,-1.80204,-0.619135,-0,-2.04233,-23.9244,-20.5628,0.700343,-0.173372,-73.264,-44.4872,2.97524
N#C[C@@H]1CCC[C@H]1C(=O)C[NH2+]Cc1ccc(F)cc1,"CHEMBL179687",381,Done,10.21,-5.44965,"glide_grid_1X70",-6.34105,-0.895552,-0.2381,-0,-2.46719,-30.1341,-14.0203,1.03795,-0.168415,-68.145,-44.1544,3.61475
N#C[C@@H]1CCC[C@H]1C(=O)C[NH2+]C12C[C@H]3C[C@@H](C1)C[C@@H](C2)C3,"CHEMBL179771",382,Done,6.93,-5.57373,"glide_grid_1X70",-5.96403,-0.85273,-0.391182,-0,-2.07441,-27.6002,-11.8075,0.660068,-0.154642,-55.2241,-39.4077,7.05936
N#C[C@@H]1Cc2ccccc2CN1C(=O)[C@@H](N)Cc1c[nH]c2ccccc12,"CHEMBL180000",384,Done,3.49,-4.96456,"glide_grid_1X70",-5.15256,-1.47611,-0.304,-0,-1.34734,-38.402,-3.00333,0.480207,-0.13472,-48.1643,-41.4054,13.6522
N#C[C@@H]1Cc2ccccc2CN1C(=O)[C@@H]([NH3+])Cc1c[nH]c2ccccc12,"CHEMBL180000",385,Done,3.53,-8.19996,"glide_grid_1X70",-8.97146,-1.29196,-1.04899,-0,-2.00273,-32.9545,-20.0129,0.334406,-0.31252,-87.4504,-52.9674,3.68397
N#C[C@@H]1CCC/C1=C(\F)C[NH2+]C12C[C@H]3C[C@@H](C1)C[C@@H](C2)C3,"CHEMBL180514",386,Done,2.06,-5.84478,"glide_grid_1X70",-5.88718,-0.703748,-0.379566,-0,-2.20341,-24.6804,-11.2124,0.434784,-0.119348,-52.861,-35.8928,3.75718
[NH3+][C@@H](CC(=O)N1CCSC1)Cc1ccoc1,"CHEMBL181239",388,Done,3.33,-7.56235,"glide_grid_1X70",-7.57335,-0.555028,-0.843026,-0,-2.65123,-25.0868,-18.1007,0.624593,-0.179218,-70.4628,-43.1875,8.45363
N[C@@H](CC(=O)N1CCSC1)Cc1ccoc1,"CHEMBL181239",389,Done,3.56,-2.37938,"glide_grid_1X70",-4.74738,-0.938664,-0.297092,-0,-2.27977,-28.9858,-4.37044,0.898671,-0.0256761,-42.333,-33.3562,3.48284
[NH3+][C@@H](CC(=O)N1CCSC1)CC1CCCC1,"CHEMBL182168",390,Done,8.4,-7.57921,"glide_grid_1X70",-7.58201,-1.03172,-0.527467,-0,-2.84356,-28.2431,-14.9889,0.615596,-0.134377,-71.989,-43.232,3.054
[NH3+][C@@H](CC(=O)N1CCSC1)Cc1cccc(F)c1,"CHEMBL182544",391,Done,3.68,-8.86855,"glide_grid_1X70",-8.88005,-1.10403,-0.886063,-0,-2.88293,-29.4814,-19.2309,0.517136,-0.165468,-85.1346,-48.7122,5.41837
N[C@@H](CC(=O)N1CCSC1)Cc1cccc(F)c1,"CHEMBL182544",392,Done,3.53,-2.71161,"glide_grid_1X70",-5.05211,-1.01842,-0.325647,-0,-2.16392,-30.8775,-4.86403,0.743569,-0.0142123,-45.7605,-35.7416,4.44571
[NH3+][C@@H](CC(=O)N1CC[NH2+]C[C@H]1c1ccc(F)cc1)Cc1ccccc1F,"CHEMBL182861",393,Done,9.29,-9.15467,"glide_grid_1X70",-9.32287,-1.3375,-0.885783,-0,-1.8892,-31.6334,-26.3345,0.51417,-0.192721,-102.406,-57.9679,8.1403
[NH3+][C@@H](CC(=O)N1CCNC[C@H]1c1ccc(F)cc1)Cc1ccccc1F,"CHEMBL182861",394,Done,10.12,-7.822,"glide_grid_1X70",-8.7044,-1.304,-0.884382,-0,-2.07603,-33.6145,-20.623,0.516737,-0.182542,-91.7225,-54.2375,8.64117
N[C@@H](CC(=O)N1CC[NH2+]C[C@H]1c1ccc(F)cc1)Cc1ccccc1F,"CHEMBL182861",395,Done,8.48,-2.22422,"glide_grid_1X70",-4.59772,-0.750101,-0.43906,-0,-0.760095,-24.5539,-11.3942,0.516737,-0.228371,-45.7262,-35.9481,10.6921
[NH3+][C@@H](CC(=O)N1CCSC1)Cc1ccsc1,"CHEMBL183517",396,Done,3.56,-7.94576,"glide_grid_1X70",-7.95676,-0.830213,-0.888087,-0,-2.35684,-28.8701,-18.8793,0.55928,-0.16549,-79.8513,-47.7494,5.30831
N[C@@H](CC(=O)N1CCSC1)Cc1ccsc1,"CHEMBL183517",397,Done,3.66,-2.60303,"glide_grid_1X70",-4.97103,-1.01728,-0.304,-0,-2.2482,-33.0441,-3.57093,0.804382,-0.0180823,-46.3006,-36.6151,4.48726
[NH3+][C@@H](CC(=O)N1CCSC1)Cc1ccncc1,"CHEMBL183947",398,Done,3.6,-8.17443,"glide_grid_1X70",-8.18233,-0.870604,-0.887168,-0,-2.40162,-28.7563,-19.9864,0.578612,-0.165779,-82.5252,-48.7426,5.10596
N[C@@H](CC(=O)N1CCSC1)Cc1ccncc1,"CHEMBL183947",399,Done,3.54,-2.8601,"glide_grid_1X70",-5.4837,-0.766421,-0.532414,-0,-2.06124,-24.4113,-10.8902,0.832285,-0.101813,-44.0269,-35.3016,9.34199
CN1CCN(C(=O)C[C@H]([NH3+])Cc2ccccc2F)[C@H](Cc2ccccc2)C1,"CHEMBL184071",400,Done,5.17,-6.28869,"glide_grid_1X70",-6.67329,-1.25313,-0.569129,-0,-2.14486,-30.3182,-10.734,0.59034,-0.170498,-61.5089,-41.0522,8.79302
C[N@H+]1CCN(C(=O)C[C@H]([NH3+])Cc2ccccc2F)[C@H](Cc2ccccc2)C1,"CHEMBL184071",401,Done,6.19,-8.49135,"glide_grid_1X70",-8.95315,-1.32017,-0.866924,-0,-1.85369,-32.7929,-24.6237,0.587479,-0.166651,-97.9313,-57.4166,8.52744
C[N@H+]1CCN(C(=O)C[C@H](N)Cc2ccccc2F)[C@H](Cc2ccccc2)C1,"CHEMBL184071",402,Done,5.83,-2.4767,"glide_grid_1X70",-5.1585,-1.36817,-0.304,-0,-1.32541,-34.6412,-8.16107,0.843342,-0.0480441,-55.4647,-42.8022,6.62853
[NH3+][C@@H](CC(=O)N1CCSC1)Cc1ccc(C(F)(F)F)cc1,"CHEMBL184259",403,Done,5.35,-9.00633,"glide_grid_1X70",-9.01783,-1.35673,-0.712605,-0,-2.8171,-31.2051,-19.4804,0.512201,-0.161282,-86.5964,-50.6855,4.53368
N[C@@H](CC(=O)N1CCSC1)Cc1ccc(C(F)(F)F)cc1,"CHEMBL184259",404,Done,5.25,-2.10628,"glide_grid_1X70",-4.44678,-0.755639,-0.293564,-0,-1.69732,-30.0327,-5.47162,0.735801,-0.113673,-43.7174,-35.5043,6.3611
[NH3+][C@@H](CC(=O)N1CCSC1)Cc1ccccc1,"CHEMBL184262",405,Done,3.62,-8.31517,"glide_grid_1X70",-8.32667,-1.1861,-0.864315,-0,-2.53853,-29.1662,-17.9804,0.58252,-0.164888,-80.6615,-47.1466,5.10266
N[C@@H](CC(=O)N1CCSC1)Cc1ccccc1,"CHEMBL184262",406,Done,3.46,-3.35238,"glide_grid_1X70",-5.69288,-1.08481,-0.531986,-0,-2.16706,-24.0068,-9.63909,0.837926,-0.100754,-41.7017,-33.6459,9.89626
[NH3+][C@@H](CC(=O)N1CC[N@H+](Cc2ccccc2)C[C@H]1Cc1ccccc1)Cc1ccccc1F,"CHEMBL184380",407,Done,7.47,-8.27781,"glide_grid_1X70",-8.59531,-1.35912,-0.802824,-0,-1.25449,-32.6899,-26.2486,0.559787,-0.166877,-100.205,-58.9384,5.93973
[NH3+][C@@H](CC(=O)N1CCN(Cc2ccccc2)C[C@H]1Cc1ccccc1)Cc1ccccc1F,"CHEMBL184380",408,Done,7.01,-7.17442,"glide_grid_1X70",-7.72492,-1.58961,-0.559858,-0,-1.54384,-41.1124,-15.5984,0.562085,-0.198313,-86.2574,-56.7109,13.3351
N[C@@H](CC(=O)N1CC[N@H+](Cc2ccccc2)C[C@H]1Cc1ccccc1)Cc1ccccc1F,"CHEMBL184380",409,Done,6.37,-3.34713,"glide_grid_1X70",-5.87903,-1.68614,-0.304,-0,-0.794559,-40.6044,-11.7558,0.802978,-0.103717,-64.2949,-52.3603,13.7874
[NH3+][C@@H](CC(=O)N1CCSC1)Cc1ccc(Cl)cc1,"CHEMBL184442",410,Done,3.57,-8.57098,"glide_grid_1X70",-8.58248,-1.22972,-0.803501,-0,-2.35725,-30.7729,-19.713,0.466579,-0.163,-86.3191,-50.4858,5.13996
N[C@@H](CC(=O)N1CCSC1)Cc1ccc(Cl)cc1,"CHEMBL184442",411,Done,3.22,-3.81764,"glide_grid_1X70",-6.15814,-1.50652,-0.568283,-0,-1.86482,-28.1744,-9.46382,0.670652,-0.060878,-46.5991,-37.6382,13.1423
[NH3+][C@@H](CC(=O)N1CC[NH2+]CC1)Cc1ccccc1F,"CHEMBL184624",412,Done,3.74,-9.06675,"glide_grid_1X70",-9.13725,-1.1292,-0.476075,-0,-2.99732,-24.065,-24.017,0.523898,-0.252744,-84.1885,-48.0821,10.335
[NH3+][C@@H](CC(=O)N1CCNCC1)Cc1ccccc1F,"CHEMBL184624",413,Done,5.38,-7.03674,"glide_grid_1X70",-8.45544,-1.02886,-0.910821,-0,-2.46472,-27.1408,-20.397,0.527327,-0.161772,-80.9895,-47.5378,6.09429
N[C@@H](CC(=O)N1CC[NH2+]CC1)Cc1ccccc1F,"CHEMBL184624",414,Done,3.62,-3.44431,"glide_grid_1X70",-5.77021,-0.831368,-0.443058,-0,-1.83423,-19.8473,-15.1999,0.753325,-0.142519,-50.8033,-35.0472,5.20187
[NH3+][C@@H](CC(=O)N1CC[NH2+]C[C@H]1Cc1ccccc1)Cc1cc(F)c(F)cc1F,"CHEMBL184636",415,Done,5.79,-8.80831,"glide_grid_1X70",-8.90101,-1.38622,-0.485744,-0,-2.60467,-32.1045,-21.0425,0.530018,-0.192807,-90.2938,-53.1469,14.0436
[NH3+][C@@H](CC(=O)N1CCNC[C@H]1Cc1ccccc1)Cc1cc(F)c(F)cc1F,"CHEMBL184636",416,Done,7.14,-7.73873,"glide_grid_1X70",-8.98123,-1.32143,-0.833537,-0,-2.62069,-32.7585,-19.6371,0.532467,-0.154554,-87.3511,-52.3955,13.5095
N[C@@H](CC(=O)N1CC[NH2+]C[C@H]1Cc1ccccc1)Cc1cc(F)c(F)cc1F,"CHEMBL184636",417,Done,7.64,-4.71394,"glide_grid_1X70",-7.02784,-2.3032,-0.507693,-0,-1.1909,-32.1192,-11.8559,0.532467,-0.174172,-66.6755,-43.9751,8.96193
N#Cc1ccc(NCCNCC(=O)N2N=CC[C@H]2C#N)nc1,"CHEMBL184651",418,Done,4.61,-3.05521,"glide_grid_1X70",-3.42501,-0.639993,-0.310618,-0,-2.20893,-29.8964,-10.0284,2.90363,-0.170024,-48.7232,-39.9248,2.04114
N#Cc1ccc(NCC[NH2+]CC(=O)N2N=CC[C@H]2C#N)nc1,"CHEMBL184651",419,Done,4.5,-5.09395,"glide_grid_1X70",-5.54845,-0.444431,-0.680002,-0,-2.70957,-31.3014,-13.0778,2.02055,-0.208264,-68.8039,-44.3792,3.68105
[NH3+][C@@H](CC(=O)N1CC[NH2+]C[C@H]1Cc1cccnc1)Cc1ccccc1F,"CHEMBL184808",420,Done,7.72,-8.97765,"glide_grid_1X70",-9.07905,-1.62598,-0.451506,-0,-2.12676,-35.2333,-23.3026,0.626164,-0.243924,-98.6534,-58.5359,14.2264
[NH3+][C@@H](CC(=O)N1CCNC[C@H]1Cc1cccnc1)Cc1ccccc1F,"CHEMBL184808",421,Done,7.07,-7.11341,"glide_grid_1X70",-8.28851,-1.30965,-0.861328,-0,-2.12982,-34.2877,-18.2279,0.629314,-0.168456,-85.4617,-52.5156,7.76043
N[C@@H](CC(=O)N1CC[NH2+]C[C@H]1Cc1cccnc1)Cc1ccccc1F,"CHEMBL184808",422,Done,7.69,-3.24989,"glide_grid_1X70",-5.57919,-1.36921,-0.4,-0,-0.892752,-29.532,-12.8397,0.629314,-0.143997,-59.2543,-42.3716,5.15354
[NH3+][C@@H](CC(=O)N1CC[NH2+]C[C@H]1Cc1ccc(F)cc1)Cc1ccccc1F,"CHEMBL184902",423,Done,5.29,-8.22778,"glide_grid_1X70",-8.32048,-1.34151,-0.418658,-0,-1.89433,-35.3886,-21.5054,0.576431,-0.247174,-94.5065,-56.8939,6.66686
[NH3+][C@@H](CC(=O)N1CCNC[C@H]1Cc1ccc(F)cc1)Cc1ccccc1F,"CHEMBL184902",424,Done,6.17,-6.74478,"glide_grid_1X70",-7.98728,-1.10475,-0.884558,-0,-1.78808,-32.4348,-19.6814,0.57921,-0.215164,-86.4151,-52.1162,6.04519
N[C@@H](CC(=O)N1CC[NH2+]C[C@H]1Cc1ccc(F)cc1)Cc1ccccc1F,"CHEMBL184902",425,Done,6.98,-4.1309,"glide_grid_1X70",-6.4448,-1.47923,-0.494478,-0,-1.47801,-27.7068,-13.1747,0.57921,-0.210745,-62.8833,-40.8816,5.9103
[NH3+][C@@H](CC(=O)N1CCSC1)Cc1ccc(F)cc1F,"CHEMBL184912",426,Done,3.72,-9.08999,"glide_grid_1X70",-9.10149,-1.12678,-0.886781,-0,-2.81996,-30.4396,-20.2846,0.462244,-0.165541,-89.3396,-50.7241,5.25639
N[C@@H](CC(=O)N1CCSC1)Cc1ccc(F)cc1F,"CHEMBL184912",427,Done,3.41,-3.3631,"glide_grid_1X70",-5.7036,-1.07299,-0.314659,-0,-2.07825,-26.7009,-9.53154,0.664402,-0.137319,-47.7768,-36.2325,3.50775
[NH3+][C@@H](CC(=O)N1CCSC1)Cc1ccc(Cl)c(Cl)c1,"CHEMBL184928",428,Done,3.64,-8.75271,"glide_grid_1X70",-8.76421,-1.4038,-0.815124,-0,-2.18487,-29.0499,-20.8369,0.382269,-0.164652,-85.0747,-49.8868,5.54082
N[C@@H](CC(=O)N1CCSC1)Cc1ccc(Cl)c(Cl)c1,"CHEMBL184928",429,Done,3.55,-2.59733,"glide_grid_1X70",-4.93783,-0.927851,-0.304,-0,-1.71587,-30.156,-6.66745,0.549139,-0.0313317,-46.1564,-36.8235,8.79443
[NH3+][C@@H](CC(=O)N1CCSC1)Cc1ccc([N+](=O)[O-])cc1,"CHEMBL184937",430,Done,3.85,-8.40603,"glide_grid_1X70",-8.41753,-0.863717,-0.860944,-0,-2.45907,-32.6164,-20.269,0.583981,-0.146608,-87.9819,-52.8854,4.86885
N[C@@H](CC(=O)N1CCSC1)Cc1ccc([N+](=O)[O-])cc1,"CHEMBL184937",431,Done,3.57,-2.52799,"glide_grid_1X70",-4.86849,-0.96331,-0.296054,-0,-1.90843,-33.9319,-5.26436,0.839239,-0.0536812,-48.9236,-39.1963,6.19404
[NH3+][C@@H](CC(=O)N1CCSC1)Cc1cccc(F)c1F,"CHEMBL184961",432,Done,3.63,-8.74869,"glide_grid_1X70",-8.76019,-1.04644,-0.887724,-0,-2.77134,-28.1788,-19.6152,0.462244,-0.165705,-83.0681,-47.794,5.65492
N[C@@H](CC(=O)N1CCSC1)Cc1cccc(F)c1F,"CHEMBL184961",433,Done,3.35,-2.19014,"glide_grid_1X70",-4.53064,-0.863711,-0.303512,-0,-1.94531,-29.6851,-3.77635,0.664402,-0.0318079,-42.3563,-33.4614,3.19821
[NH3+][C@@H](CC(=O)N1CCSC1)Cc1ccc(F)c(F)c1,"CHEMBL184986",434,Done,3.49,-9.15743,"glide_grid_1X70",-9.16893,-1.12554,-0.883024,-0,-3.03476,-29.69,-19.5915,0.462244,-0.164622,-87.5818,-49.2815,5.21408
N[C@@H](CC(=O)N1CCSC1)Cc1ccc(F)c(F)c1,"CHEMBL184986",435,Done,3.47,-2.60211,"glide_grid_1X70",-4.94261,-0.933141,-0.31442,-0,-2.01112,-28.2189,-5.58496,0.664402,-0.0996397,-42.9137,-33.8039,6.00154
[NH3+][C@@H](CC(=O)N1CCSC1)Cc1ccccn1,"CHEMBL185020",436,Done,3.43,-8.08875,"glide_grid_1X70",-8.10345,-0.901735,-0.775677,-0,-2.63511,-28.8411,-18.7069,0.578612,-0.12144,-81.3164,-47.548,3.32032
N[C@@H](CC(=O)N1CCSC1)Cc1ccccn1,"CHEMBL185020",437,Done,3.4,-3.59137,"glide_grid_1X70",-5.79067,-0.925655,-0.731834,-0,-2.20091,-28.6853,-8.80339,0.832285,-0.00977804,-50.3913,-37.4887,3.32096
NC(=O)C[N@H+]1CCN(C(=O)C[C@H]([NH3+])Cc2ccccc2F)[C@H](Cc2ccccc2)C1,"CHEMBL185067",438,Done,8.46,-9.58029,"glide_grid_1X70",-9.98519,-1.49367,-1.06693,-0,-1.93673,-35.8018,-35.3646,0.562887,-0.260649,-120.209,-71.1665,9.96941
NC(=O)CN1CCN(C(=O)C[C@H]([NH3+])Cc2ccccc2F)[C@H](Cc2ccccc2)C1,"CHEMBL185067",439,Done,8.97,-7.56544,"glide_grid_1X70",-8.00584,-1.42387,-0.759766,-0,-1.68623,-41.6058,-16.1111,0.565367,-0.204393,-93.5778,-57.7169,10.8169
NC(=O)C[N@H+]1CCN(C(=O)C[C@H](N)Cc2ccccc2F)[C@H](Cc2ccccc2)C1,"CHEMBL185067",440,Done,7.82,-5.72287,"glide_grid_1X70",-8.33447,-1.49552,-1.08328,-0,-1.42397,-40.0537,-20.1211,0.807667,-0.118513,-84.5001,-60.1748,14.6353
N#Cc1ccccc1C[C@@H]([NH3+])CC(=O)N1CCSC1,"CHEMBL185121",441,Done,3.33,-8.43485,"glide_grid_1X70",-8.44635,-0.97943,-0.992756,-0,-2.72612,-25.9023,-19.586,0.659471,-0.174509,-76.8365,-45.4883,8.94793
N#Cc1ccccc1C[C@@H](N)CC(=O)N1CCSC1,"CHEMBL185121",442,Done,3.42,-2.79485,"glide_grid_1X70",-5.13535,-1.01897,-0.419821,-0,-2.12916,-34.0071,-4.9551,0.948089,-0.0718634,-48.3776,-38.9622,5.9086
[NH3+][C@@H](CC(=O)N1CCSC1)Cc1cccnc1,"CHEMBL185332",443,Done,3.72,-8.31257,"glide_grid_1X70",-8.32727,-1.11649,-0.881419,-0,-2.45534,-29.1543,-18.862,0.578612,-0.165635,-82.0963,-48.0162,4.90421
N[C@@H](CC(=O)N1CCSC1)Cc1cccnc1,"CHEMBL185332",444,Done,3.61,-3.53408,"glide_grid_1X70",-5.73338,-1.06414,-0.563605,-0,-2.02865,-25.3722,-10.5118,0.832285,-0.0638895,-43.6116,-35.884,12.1845
Cc1ccccc1C[C@@H]([NH3+])CC(=O)N1CCSC1,"CHEMBL185351",445,Done,3.82,-8.48609,"glide_grid_1X70",-8.49759,-1.36876,-0.795297,-0,-2.50087,-27.2265,-19.9787,0.707405,-0.181934,-81.7408,-47.2052,5.1198
Cc1ccccc1C[C@@H](N)CC(=O)N1CCSC1,"CHEMBL185351",446,Done,3.34,-2.20592,"glide_grid_1X70",-4.54642,-0.883334,-0.304,-0,-1.9952,-31.4754,-5.37618,1.01724,-0.000919134,-44.6105,-36.8516,6.12231
[NH3+][C@@H](CC(=O)N1CC[NH2+]C[C@H]1Cc1cscn1)Cc1ccccc1F,"CHEMBL185482",447,Done,6.81,-9.19878,"glide_grid_1X70",-9.31448,-1.41898,-0.868959,-0,-1.89375,-34.0211,-25.6216,0.607814,-0.196315,-103.835,-59.6426,8.67399
[NH3+][C@@H](CC(=O)N1CCNC[C@H]1Cc1cscn1)Cc1ccccc1F,"CHEMBL185482",448,Done,7.48,-7.20517,"glide_grid_1X70",-8.30567,-1.31397,-0.860027,-0,-2.09163,-34.5514,-18.3606,0.610825,-0.169206,-87.0316,-52.912,8.20596
N[C@@H](CC(=O)N1CC[NH2+]C[C@H]1Cc1cscn1)Cc1ccccc1F,"CHEMBL185482",449,Done,6.29,-4.68149,"glide_grid_1X70",-7.02499,-1.46848,-0.576,-0,-1.15699,-32.8274,-19.5182,0.872608,-0.127024,-67.6478,-52.3456,17.6405
[NH3+][C@@H](CC(=O)N1CCSC1)Cc1cccc(C(F)(F)F)c1,"CHEMBL185538",450,Done,4.69,-8.58482,"glide_grid_1X70",-8.59632,-1.01341,-0.499357,-0,-3.18499,-29.9176,-18.2608,0.512201,-0.175761,-80.1524,-48.1784,9.87547
N[C@@H](CC(=O)N1CCSC1)Cc1cccc(C(F)(F)F)c1,"CHEMBL185538",451,Done,4.97,-2.64608,"glide_grid_1X70",-4.98658,-0.979928,-0.297874,-0,-1.95134,-32.7354,-5.12956,0.735801,-0.0870339,-47.1848,-37.865,6.33963
[NH3+][C@@H](CC(=O)N1CCSC1)Cc1ccccc1C(F)(F)F,"CHEMBL185601",452,Done,4.22,-7.92315,"glide_grid_1X70",-7.93465,-1.01011,-0.861747,-0,-2.25452,-26.1032,-18.0651,0.512201,-0.305552,-73.2327,-44.1683,7.12438
N[C@@H](CC(=O)N1CCSC1)Cc1ccccc1C(F)(F)F,"CHEMBL185601",453,Done,4.01,-2.35729,"glide_grid_1X70",-4.69779,-0.95038,-0.28882,-0,-1.71085,-32.3623,-5.57004,0.735801,-0.029923,-46.0842,-37.9323,6.68354
CC(=O)Nc1ccc2c(=O)n(CC(C)C)c(C[NH3+])c(-c3ccccc3)c2c1,"CHEMBL186308",454,Done,4.77,-8.00564,"glide_grid_1X70",-8.21964,-1.24204,-0.890271,-0,-1.77181,-37.7479,-17.0303,0.303938,-0.177526,-90.7704,-54.7782,3.30493
CC(=O)Nc1ccc2c(=O)n(CC(C)C)c(CN)c(-c3ccccc3)c2c1,"CHEMBL186308",455,Done,4.22,-5.07677,"glide_grid_1X70",-5.78397,-1.2192,-0.769119,-0,-1.26456,-37.2721,-6.85199,0.436349,-0.0760442,-58.4624,-44.1241,3.50931
CCOC(=O)c1cnc(C[NH3+])c2c(OC)cc(OC)cc12,"CHEMBL186406",456,Done,3.68,-6.1339,"glide_grid_1X70",-6.3595,-0.710647,-0.410599,-0,-2.01452,-24.9646,-15.6523,0.429821,-0.0574765,-57.9061,-40.617,12.2824
CCOC(=O)c1cnc(CN)c2c(OC)cc(OC)cc12,"CHEMBL186406",457,Done,3.61,-3.01797,"glide_grid_1X70",-3.73217,-0.112258,-0.4065,-0,-1.4295,-25.6101,-5.89656,0.432427,-0.0513484,-38.065,-31.5067,1.08783
CCOC(=O)c1c[nH+]c(CN)c2c(OC)cc(OC)cc12,"CHEMBL186406",458,Done,3.57,-2.42626,"glide_grid_1X70",-4.83706,-0.0614038,-0.630701,-0,-1.66573,-21.0577,-11.7077,0.429821,-0.1,-46.9857,-32.7654,3.52844
COc1ccc2c(c1)C[NH2+][C@H](C(=O)N1CCC[C@H]1C#N)C2,"CHEMBL186566",460,Done,1.86,-4.28347,"glide_grid_1X70",-5.88087,-1.03979,-0.289077,-0,-1.87583,-27.6579,-10.3895,0.442916,-0.177763,-55.5361,-38.0474,2.69417
[NH3+][C@H](CC(=O)N1CCC[C@H]1C(=O)NCc1ccccc1)Cc1ccccc1F,"CHEMBL186596",461,Done,12.18,-7.81872,"glide_grid_1X70",-7.82842,-1.20947,-0.878658,-0,-1.67599,-31.5544,-19.318,0.644523,-0.233394,-82.4772,-50.8725,9.57393
N[C@H](CC(=O)N1CCC[C@H]1C(=O)NCc1ccccc1)Cc1ccccc1F,"CHEMBL186596",462,Done,12.27,-2.8191,"glide_grid_1X70",-5.2623,-0.92865,-0.821901,-0,-1.29691,-30.8808,-10.1985,0.925093,-0.0661138,-49.4219,-41.0793,13.2915
[NH3+][C@@H](CC(=O)N1CCOC[C@H]1Cc1ccccc1)Cc1ccccc1F,"CHEMBL186610",463,Done,5.73,-8.29203,"glide_grid_1X70",-8.30483,-1.3681,-0.839568,-0,-2.25804,-32.1116,-17.9161,0.629324,-0.175443,-82.5617,-50.0277,10.3573
N[C@@H](CC(=O)N1CCOC[C@H]1Cc1ccccc1)Cc1ccccc1F,"CHEMBL186610",464,Done,4.76,-3.01721,"glide_grid_1X70",-5.29661,-1.36978,-0.482232,-0,-1.4373,-34.9874,-7.56604,0.903568,-0.0265917,-52.3232,-42.5534,9.09352
[NH3+][C@@H](CC(=O)N1CCCC[C@H]1Cc1ccccc1)Cc1ccccc1F,"CHEMBL186611",465,Done,5.87,-7.99531,"glide_grid_1X70",-8.00401,-1.19663,-0.865954,-0,-2.01598,-32.2385,-18.5553,0.635558,-0.165784,-81.9612,-50.7938,8.21161
N[C@@H](CC(=O)N1CCCC[C@H]1Cc1ccccc1)Cc1ccccc1F,"CHEMBL186611",466,Done,5.48,-2.38942,"glide_grid_1X70",-4.89542,-1.07166,-0.566955,-0,-1.32605,-29.9599,-8.5847,0.912541,-0.0576033,-43.5742,-38.5446,11.9288
[NH3+][C@@H](CC(=O)N1CCSC1)Cc1ccccc1F,"CHEMBL187118",467,Done,3.84,-8.64576,"glide_grid_1X70",-8.65726,-1.25042,-0.884147,-0,-2.60231,-29.3046,-18.7236,0.517136,-0.163755,-83.5576,-48.0282,5.09616
N[C@@H](CC(=O)N1CCSC1)Cc1ccccc1F,"CHEMBL187118",468,Done,3.42,-2.4413,"glide_grid_1X70",-4.7818,-1.01506,-0.343536,-0,-2.16087,-27.5573,-3.71196,0.743569,-0.0712517,-41.5405,-31.2693,2.47434
CC(C)(C)[C@H](NC(=O)C[C@H](N)C(=O)N1CCC[C@H]1C#N)c1ccccc1,"CHEMBL189220",469,Done,5.14,-4.38872,"glide_grid_1X70",-4.62112,-1.1414,-0.517311,-0,-1.26857,-23.8103,-8.48426,0.903441,-0.134122,-38.7758,-32.2945,7.58039
CC(C)(C)[C@H](NC(=O)C[C@H]([NH3+])C(=O)N1CCC[C@H]1C#N)c1ccccc1,"CHEMBL189220",470,Done,7.08,-7.25511,"glide_grid_1X70",-7.92191,-1.00267,-0.960605,-0,-1.69171,-24.9525,-22.6751,0.629236,-0.247264,-72.8654,-47.6277,7.54655
CC[C@H](NC(=O)C[C@H](N)C(=O)N1CCC[C@H]1C#N)c1ccccc1,"CHEMBL189258",471,Done,4.96,-5.09438,"glide_grid_1X70",-5.32678,-1.3293,-0.304,-0,-1.60225,-30.5862,-9.84683,1.04483,-0.129724,-53.0832,-40.433,6.42902
CC[C@H](NC(=O)C[C@H]([NH3+])C(=O)N1CCC[C@H]1C#N)c1ccccc1,"CHEMBL189258",472,Done,6.94,-6.77931,"glide_grid_1X70",-7.44611,-1.40263,-0.680032,-0,-1.97433,-25.5566,-17.5076,0.727429,-0.212577,-69.1237,-43.0642,6.2803
N[C@@H](Cc1ccc(-c2ccc(F)cc2)cc1)C(=O)N1CC[C@H](F)C1,"CHEMBL189645",473,Done,3.21,-5.15658,"glide_grid_1X70",-5.52028,-1.06003,-0.234909,-0,-2.06071,-32.3455,-7.22058,0.689254,-0.153534,-52.2409,-39.5661,5.19867
[NH3+][C@@H](Cc1ccc(-c2ccc(F)cc2)cc1)C(=O)N1CC[C@H](F)C1,"CHEMBL189645",474,Done,3.45,-6.55428,"glide_grid_1X70",-7.01598,-1.56293,-0.298372,-0,-1.97791,-26.0165,-16.1355,0.685552,-0.141165,-59.5694,-42.152,9.62621
C[C@@H](c1ccc(-c2ccc(F)cc2)cc1)[C@H](N)C(=O)N1CC[C@H](F)C1,"CHEMBL189881",475,Done,2.91,-3.93083,"glide_grid_1X70",-4.32083,-1.20643,-0.304,-0,-1.70514,-16.8795,-5.52158,0.640314,-0.0733623,-28.5968,-22.4011,11.5128
C[C@@H](c1ccc(-c2ccc(F)cc2)cc1)[C@H]([NH3+])C(=O)N1CC[C@H](F)C1,"CHEMBL189881",476,Done,3.81,-7.45948,"glide_grid_1X70",-7.89158,-1.23367,-0.406731,-0,-2.31427,-30.1024,-17.3729,0.4459,-0.271753,-78.5242,-47.4753,3.93668
N#C[C@@H]1CCCN1C(=O)[C@@H](N)CC(=O)N1CCN(C(=O)c2ccccc2)CC1,"CHEMBL190029",477,Done,11.1,-4.27463,"glide_grid_1X70",-4.50173,-1.09223,-0.375665,-0,-1.07411,-30.6275,-8.04245,0.925157,-0.147137,-44.13,-38.67,9.40827
N#C[C@@H]1CCCN1C(=O)[C@@H]([NH3+])CC(=O)N1CCN(C(=O)c2ccccc2)CC1,"CHEMBL190029",478,Done,12.22,-4.81224,"glide_grid_1X70",-5.49024,-0.673673,-0.4,-0,-1.18273,-34.4827,-13.9436,0.920812,-0.338978,-64.5951,-48.4263,11.659
COc1cc2c(cc1OC)[C@@H](Cc1ccccc1)N(C(=O)C[C@H](N)C(=O)N1CCC[C@H]1C#N)CC2,"CHEMBL190183",479,Done,9.94,-3.65481,"glide_grid_1X70",-3.88231,-1.2112,-0.0657972,-0,-0.563928,-33.3014,-5.54289,0.624151,-0.169028,-45.0047,-38.8443,8.1651
COc1cc2c(cc1OC)[C@@H](Cc1ccccc1)N(C(=O)C[C@H]([NH3+])C(=O)N1CCC[C@H]1C#N)CC2,"CHEMBL190183",480,Done,10.53,-6.32133,"glide_grid_1X70",-6.99863,-1.34172,-0.850803,-0,-0.523653,-35.7832,-18.0575,0.435223,-0.219898,-73.6079,-53.8407,17.7608
C[C@@H](c1ccc(Cl)cc1)[C@H](N)C(=O)N1CC[C@H](F)C1,"CHEMBL190454",481,Done,2.59,-4.84344,"glide_grid_1X70",-5.23344,-0.804751,-0.249118,-0,-2.42713,-31.2399,-3.75779,0.447235,-0.0740091,-45.0332,-34.9977,3.45232
C[C@@H](c1ccc(Cl)cc1)[C@H]([NH3+])C(=O)N1CC[C@H](F)C1,"CHEMBL190454",482,Done,2.54,-7.22984,"glide_grid_1X70",-7.66194,-0.791266,-0.400024,-0,-2.92773,-30.6389,-14.2457,0.311145,-0.185274,-73.1837,-44.8845,4.41964
CN(C)C(=O)[C@@H](c1ccc(-c2ccc(F)cc2)cc1)[C@H](N)C(=O)N1CCCC1,"CHEMBL190466",483,Done,3.15,-4.48279,"glide_grid_1X70",-4.74489,-1.16581,-0.235554,-0,-1.15054,-38.5118,-5.05671,0.66078,-0.169667,-50.8128,-43.5685,11.4012
CN(C)C(=O)[C@@H](c1ccc(-c2ccc(F)cc2)cc1)[C@H]([NH3+])C(=O)N1CCCC1,"CHEMBL190466",484,Done,4.06,-5.47851,"glide_grid_1X70",-6.08791,-0.417384,-0.583099,-0,-1.29512,-26.9047,-17.4288,0.460374,-0.293128,-66.6619,-44.3335,2.84695
NC(=O)[C@@H](c1ccc(-c2ccc(F)cc2)cc1)[C@H](N)C(=O)N1CC[C@H](F)C1,"CHEMBL191208",485,Done,4.04,-5.2621,"glide_grid_1X70",-5.4781,-1.15298,-0.235348,-0,-1.71609,-38.0324,-5.72154,0.55441,-0.16823,-55.1561,-43.754,11.3131
NC(=O)[C@@H](c1ccc(-c2ccc(F)cc2)cc1)[C@H]([NH3+])C(=O)N1CC[C@H](F)C1,"CHEMBL191208",486,Done,4.21,-7.47015,"glide_grid_1X70",-8.17285,-1.18466,-0.398017,-0,-2.31604,-36.8036,-16.7967,0.38622,-0.300658,-87.7224,-53.6003,5.4132
CC(C)[C@H](NC(=O)C[C@H](N)C(=O)N1CCC[C@H]1C#N)c1ccccc1,"CHEMBL191274",487,Done,7.45,-5.17509,"glide_grid_1X70",-5.40749,-0.90443,-1.1664,-0,-1.10853,-22.8082,-12.8637,0.970262,-0.128439,-47.2446,-35.6718,8.94315
CC(C)[C@H](NC(=O)C[C@H]([NH3+])C(=O)N1CCC[C@H]1C#N)c1ccccc1,"CHEMBL191274",488,Done,7.54,-7.21942,"glide_grid_1X70",-7.88622,-0.980929,-0.962654,-0,-1.76374,-24.319,-22.5347,0.675651,-0.258387,-73.5316,-46.8537,8.0485
[NH3+][C@H](C(=O)N1CC[C@H](F)C1)[C@@H](C(=O)[O-])c1ccc(-c2ccc(F)cc2)cc1,"CHEMBL191327",489,Done,3.25,-5.3703,"glide_grid_1X70",-5.4602,-1.48506,-0.241178,-0,-1.84087,-15.5452,-9.98983,0.551804,-0.16916,-38.1553,-25.535,10.535
N[C@H](C(=O)N1CC[C@H](F)C1)[C@@H](C(=O)[O-])c1ccc(-c2ccc(F)cc2)cc1,"CHEMBL191327",490,Done,3.57,-3.89378,"glide_grid_1X70",-5.05558,-1.12719,-0.260012,-0,-1.65734,-36.9713,-3.79218,0.554471,-0.148115,-49.2972,-40.7635,11.583
C[C@@H](c1ccc(Br)cc1)[C@H](N)C(=O)N1CC[C@H](F)C1,"CHEMBL191354",491,Done,2.41,-4.72198,"glide_grid_1X70",-5.11198,-0.846464,-0.241644,-0,-2.11084,-32.184,-3.84689,0.346783,-0.0735808,-46.0035,-36.0309,3.54225
C[C@@H](c1ccc(Br)cc1)[C@H]([NH3+])C(=O)N1CC[C@H](F)C1,"CHEMBL191354",492,Done,2.55,-7.01929,"glide_grid_1X70",-7.45139,-0.79541,-0.400301,-0,-2.62487,-31.5133,-14.0825,0.24144,-0.18421,-73.5771,-45.5958,4.32842
COc1ccc(CCNC(=O)C[C@H](N)C(=O)N2CCC[C@H]2C#N)cc1OC,"CHEMBL191577",495,Done,6.62,-4.38695,"glide_grid_1X70",-4.62725,-0.623292,-0.731422,-0,-1.58906,-10.2637,-14.1065,1.10333,-0.157641,-33.5555,-24.3702,4.97079
C[C@@H](c1ccc(F)cc1C(F)(F)F)[C@H](N)C(=O)N1CC[C@H](F)C1,"CHEMBL191652",497,Done,2.92,-4.0563,"glide_grid_1X70",-4.4463,-0.592493,-0.304,-0,-1.84997,-26.7693,-5.32002,0.500927,-0.064298,-39.5384,-32.0893,4.88389
C[C@@H](c1ccc(F)cc1C(F)(F)F)[C@H]([NH3+])C(=O)N1CC[C@H](F)C1,"CHEMBL191652",498,Done,2.8,-6.92085,"glide_grid_1X70",-7.35295,-0.721366,-0.403833,-0,-2.57114,-29.5029,-14.639,0.348795,-0.33442,-72.7617,-44.1419,4.06478
N#C[C@@H]1CCCN1C(=O)[C@@H]1C[C@H]([NH3+])CN1,"CHEMBL191699",499,Done,1.83,-5.77345,"glide_grid_1X70",-5.79445,0,-0.764996,-0,-2.51226,-17.9946,-13.2717,0.529975,-0.156689,-50.2319,-31.2663,2.296
N#C[C@@H]1CCCN1C(=O)[C@@H]1C[C@H](N)CN1,"CHEMBL191699",500,Done,2.12,-2.08539,"glide_grid_1X70",-4.07389,-0.0776725,-0.586264,-0,-2.00509,-13.8642,-9.60904,0.763259,-0.033564,-33.5015,-23.4732,0.100941
C[C@@H](c1ccc(-c2ccccc2Cl)cc1)[C@H](N)C(=O)N1CC[C@H](F)C1,"CHEMBL191769",501,Done,3.47,-4.87688,"glide_grid_1X70",-5.26688,-1.23315,-0.240738,-0,-1.80839,-36.7668,-4.53385,0.589297,-0.0554863,-53.6373,-41.3006,2.02948
C[C@@H](c1ccc(-c2ccccc2Cl)cc1)[C@H]([NH3+])C(=O)N1CC[C@H](F)C1,"CHEMBL191769",502,Done,3.78,-5.36648,"glide_grid_1X70",-5.79858,-1.54209,-0.309855,-0,-1.95632,-10.9706,-12.6637,0.586373,-0.128594,-39.8413,-23.6344,4.59743
CC[C@@H](C)[C@H]([NH3+])C(=O)N1CCSC1,"CHEMBL191775",503,Done,2.4,-7.23815,"glide_grid_1X70",-7.52685,-0.876634,-0.493092,-0,-2.99412,-23.7199,-15.8762,0.55615,-0.151738,-66.2444,-39.5961,4.11289
CC[C@@H](C)[C@H](N)C(=O)N1CCSC1,"CHEMBL191775",504,Done,2.44,-4.18871,"glide_grid_1X70",-4.75321,-0.896551,-0.188527,-0,-2.42662,-24.9127,-4.77567,0.80112,-0.080649,-37.1292,-29.6883,3.29167
Cn1nc2c(c1C(F)(F)F)CN(C(=O)C[C@H]([NH3+])Cc1cc(F)ccc1F)CC2,"CHEMBL191805",505,Done,4.04,-8.15282,"glide_grid_1X70",-8.16312,-1.31713,-0.552953,-0,-2.45401,-35.1797,-14.4354,0.337858,-0.252595,-83.8913,-49.6151,5.00326
Cn1nc2c(c1C(F)(F)F)CN(C(=O)C[C@H](N)Cc1cc(F)ccc1F)CC2,"CHEMBL191805",506,Done,3.93,-3.13475,"glide_grid_1X70",-5.54135,-1.39534,-0.291439,-0,-1.51336,-39.2407,-4.16896,0.484834,-0.238659,-52.7136,-43.4096,11.2946
C[C@@H](c1ccc(-c2cc(F)cc(F)c2)cc1)[C@H](N)C(=O)N1CC[C@H](F)C1,"CHEMBL191812",507,Done,3.81,-3.10994,"glide_grid_1X70",-3.49994,-0.371946,-0.304,-0,-0.928696,-21.0174,-8.62127,0.584849,-0.136083,-35.7571,-29.6387,4.84808
C[C@@H](c1ccc(-c2cc(F)cc(F)c2)cc1)[C@H]([NH3+])C(=O)N1CC[C@H](F)C1,"CHEMBL191812",508,Done,3.81,-4.19507,"glide_grid_1X70",-4.62717,-0.248309,-0.4,-0,-1.16452,-21.6584,-13.9447,0.581959,-0.221678,-50.4835,-35.6031,1.18208
C[C@@H](c1cccc(F)c1)[C@H](N)C(=O)N1CC[C@H](F)C1,"CHEMBL191823",509,Done,2.94,-4.52515,"glide_grid_1X70",-4.91515,-0.655173,-0.300454,-0,-2.32878,-24.6786,-4.92389,0.495869,-0.154094,-37.5408,-29.6025,4.52147
C[C@@H](c1cccc(F)c1)[C@H]([NH3+])C(=O)N1CC[C@H](F)C1,"CHEMBL191823",510,Done,3.1,-7.32723,"glide_grid_1X70",-7.75933,-0.831948,-0.4,-0,-3.0385,-27.005,-15.3053,0.344866,-0.187701,-70.7638,-42.3103,6.80429
C[C@@H](c1ccc(-c2ccccn2)cc1)[C@H](N)C(=O)N1CC[C@H](F)C1,"CHEMBL191858",511,Done,3.59,-4.96704,"glide_grid_1X70",-5.36014,-1.29013,-0.234257,-0,-1.96582,-37.2319,-4.22616,0.700362,-0.074783,-54.0158,-41.4581,2.33814
C[C@@H](c1ccc(-c2ccccn2)cc1)[C@H]([NH3+])C(=O)N1CC[C@H](F)C1,"CHEMBL191858",512,Done,3.89,-5.62471,"glide_grid_1X70",-6.05981,-1.25161,-0.307562,-0,-2.0574,-22.4351,-12.5811,0.69657,-0.130875,-51.3028,-35.0163,5.18167
COc1ccc2c(c1)[C@@H](C(C)(C)C)N(C(=O)C[C@H](N)C(=O)N1CCC[C@H]1C#N)CC2,"CHEMBL191866",513,Done,5.21,-4.09091,"glide_grid_1X70",-4.32301,-0.612656,-0.768205,-0,-0.768999,-22.269,-10.1523,0.579389,-0.116239,-32.1393,-32.4213,18.1504
C[C@@H](c1ccc(-c2ccc(C(=O)[O-])cc2)cc1)[C@H](N)C(=O)N1CC[C@H](F)C1,"CHEMBL191906",515,Done,3.43,-3.72445,"glide_grid_1X70",-4.11445,-0.341045,-0.561531,-0,-0.890291,-25.1486,-9.7264,0.565153,-0.170346,-45.1927,-34.875,2.16897
C[C@@H](c1ccc(-c2ccc(C(=O)[O-])cc2)cc1)[C@H]([NH3+])C(=O)N1CC[C@H](F)C1,"CHEMBL191906",516,Done,3.8,-7.73856,"glide_grid_1X70",-8.17066,-1.17823,-0.769039,-0,-2.31968,-30.7825,-17.0064,0.393686,-0.207312,-83.6913,-47.7889,4.28602
C[C@@H](c1ccc(-c2ccccc2)cc1)[C@H]([NH3+])C(=O)N1CC[C@H](F)C1,"CHEMBL191933",518,Done,4.01,-5.99143,"glide_grid_1X70",-6.42353,-1.51306,-0.30094,-0,-2.04207,-21.9126,-13.5544,0.700287,-0.138949,-53.3315,-35.467,5.14456
COc1cc2c(cc1OC)[C@@H](C(C)C)N(C(=O)C[C@H](N)C(=O)N1CCC[C@H]1C#N)CC2,"CHEMBL192116",519,Done,8.78,-4.23194,"glide_grid_1X70",-4.46404,-0.852195,-0.576,-0,-0.705714,-37.8387,-5.64322,0.540873,-0.13259,-45.857,-43.4819,16.0207
COc1cc2c(cc1OC)[C@@H](C(C)C)N(C(=O)C[C@H]([NH3+])C(=O)N1CCC[C@H]1C#N)CC2,"CHEMBL192116",520,Done,8.61,-6.77648,"glide_grid_1X70",-7.44408,-0.82778,-1.08736,-0,-1.14947,-27.1799,-21.1839,0.377004,-0.219896,-75.6691,-48.3638,11.5002
N#Cc1ccc(N[C@H]2CN[C@H](C(=O)N3CCC[C@H]3C#N)C2)nc1,"CHEMBL192165",521,Done,4.56,-4.59083,"glide_grid_1X70",-4.59773,-0.18142,-0.45067,-0,-1.3383,-27.7198,-12.5972,0.769504,-0.12128,-51.7774,-40.317,4.21892
N#Cc1ccc(N[C@H]2C[NH2+][C@H](C(=O)N3CCC[C@H]3C#N)C2)nc1,"CHEMBL192165",522,Done,4.64,-3.94002,"glide_grid_1X70",-6.58172,-0.502745,-0.511873,-0,-2.23834,-26.6859,-16.5682,0.765133,-0.274363,-65.8721,-43.2541,3.0304
CSc1ccc([C@H](C)[C@H](N)C(=O)N2CC[C@H](F)C2)cc1,"CHEMBL192365",523,Done,2.87,-4.86787,"glide_grid_1X70",-5.25787,-1.20085,-0.272063,-0,-2.04595,-26.1685,-6.51631,0.625553,-0.0786959,-44.1757,-32.6849,1.30724
CSc1ccc([C@H](C)[C@H]([NH3+])C(=O)N2CC[C@H](F)C2)cc1,"CHEMBL192365",524,Done,2.99,-7.02444,"glide_grid_1X70",-7.45654,-0.835654,-0.440093,-0,-2.8862,-28.7254,-14.2517,0.435296,-0.155861,-71.1434,-42.9772,3.94377
C[C@@H](c1ccc(-c2nccs2)cc1)[C@H](N)C(=O)N1CC[C@H](F)C1,"CHEMBL192396",525,Done,3.04,-4.19439,"glide_grid_1X70",-4.58439,-0.927298,-0.304,-0,-2.02839,-28.7029,-3.45449,0.678133,-0.0495173,-42.7353,-32.1574,3.99396
C[C@@H](c1ccc(-c2nccs2)cc1)[C@H]([NH3+])C(=O)N1CC[C@H](F)C1,"CHEMBL192396",526,Done,3.32,-6.82665,"glide_grid_1X70",-7.25875,-1.23373,-0.390845,-0,-2.4243,-33.2309,-12.4323,0.472164,-0.155652,-72.3052,-45.6632,5.72941
C[C@@H](c1ccc(-c2cccc(C(N)=O)c2)cc1)[C@H](N)C(=O)N1CC[C@H](F)C1,"CHEMBL192421",527,Done,5.57,-5.9574,"glide_grid_1X70",-6.3474,-1.54255,-0.314742,-0,-2.12127,-37.3791,-6.91081,0.56509,-0.0283539,-62.3599,-44.29,1.61836
C[C@@H](c1ccc(-c2cccc(C(N)=O)c2)cc1)[C@H]([NH3+])C(=O)N1CC[C@H](F)C1,"CHEMBL192421",528,Done,6.28,-8.02931,"glide_grid_1X70",-8.46141,-1.10653,-0.659483,-0,-2.37052,-34.4277,-18.5825,0.393642,-0.209757,-88.0411,-53.0102,3.10105
C[C@@H](c1ccc(-c2cncnc2)cc1)[C@H](N)C(=O)N1CC[C@H](F)C1,"CHEMBL192449",529,Done,3.6,-2.70742,"glide_grid_1X70",-3.09742,-0.0673256,-0.289852,-0,-1.38573,-25.3244,-4.72509,0.696644,-0.0761729,-35.29,-30.0495,4.18173
C[C@@H](c1ccc(-c2cncnc2)cc1)[C@H]([NH3+])C(=O)N1CC[C@H](F)C1,"CHEMBL192449",530,Done,3.39,-4.89509,"glide_grid_1X70",-5.32719,-0.33209,-0.552405,-0,-1.38746,-26.5843,-14.913,0.692882,-0.181941,-57.5519,-41.4974,4.4287
COC[C@H](Cc1ccccc1)NC(=O)C[C@H](N)C(=O)N1CCC[C@H]1C#N,"CHEMBL192733",531,Done,8.24,-5.63376,"glide_grid_1X70",-5.86396,-1.21214,-0.553407,-0,-1.78306,-36.2762,-10.162,1.1928,-0.170051,-63.5721,-46.4382,6.38995
COC[C@H](Cc1ccccc1)NC(=O)C[C@H]([NH3+])C(=O)N1CCC[C@H]1C#N,"CHEMBL192733",532,Done,9.39,-7.21821,"glide_grid_1X70",-7.88971,-1.43412,-0.895786,-0,-1.8001,-24.6619,-22.8804,1.18685,-0.281396,-78.1319,-47.5423,7.09751
C[C@@H](c1cccc(Cl)c1)[C@H](N)C(=O)N1CC[C@H](F)C1,"CHEMBL192781",533,Done,2.79,-4.50908,"glide_grid_1X70",-4.89908,-1.05009,-0.304,-0,-1.72973,-28.8036,-4.7745,0.447235,-0.106131,-41.7684,-33.5781,7.96369
C[C@@H](c1cccc(Cl)c1)[C@H]([NH3+])C(=O)N1CC[C@H](F)C1,"CHEMBL192781",534,Done,2.74,-7.25789,"glide_grid_1X70",-7.68999,-0.777133,-0.429869,-0,-2.95729,-27.7668,-15.2075,0.311145,-0.167372,-72.8484,-42.9744,3.03586
N#C[C@@H]1CCCN1C(=O)[C@@H]1C[C@H]([NH2+]C2CCCCC2)CN1,"CHEMBL192882",535,Done,9.29,-5.15144,"glide_grid_1X70",-5.18114,-0.783148,-0.204002,-0,-1.88737,-30.5074,-9.94833,0.859182,-0.148179,-54.2668,-40.4558,10.577
C[C@@H](c1ccccc1)[C@H](N)C(=O)N1CCSC1,"CHEMBL192983",537,Done,2.14,-4.71214,"glide_grid_1X70",-5.03844,-0.899827,-0.234709,-0,-2.1103,-30.2974,-5.06462,0.558617,-0.077664,-44.7506,-35.3621,4.08642
C[C@@H](c1ccccc1)[C@H]([NH3+])C(=O)N1CCSC1,"CHEMBL192983",538,Done,2.69,-6.74555,"glide_grid_1X70",-7.25465,-0.876404,-0.427303,-0,-2.64179,-27.3613,-14.414,0.388347,-0.167326,-69.7205,-41.7753,2.50523
COc1cc2c(cc1OC)[C@@H](CCO)N(C(=O)C[C@H](N)C(=O)N1CCC[C@H]1C#N)CC2,"CHEMBL193105",539,Done,14.85,-3.10462,"glide_grid_1X70",-3.33372,-0.662521,-0.728227,-0,0.147814,-22.1342,-8.71917,0.525664,-0.201866,-31.0553,-30.8534,13.3883
COc1cc2c(cc1OC)[C@@H](CCO)N(C(=O)C[C@H]([NH3+])C(=O)N1CCC[C@H]1C#N)CC2,"CHEMBL193105",540,Done,15.31,-6.23834,"glide_grid_1X70",-6.91214,-0.831174,-1.24266,-0,0.294211,-27.1719,-33.426,0.523442,-0.297367,-75.4548,-60.5979,26.6101
CC(C)[C@H](Cc1ccccc1)NC(=O)C[C@H](N)C(=O)N1CCC[C@H]1C#N,"CHEMBL193106",541,Done,8.68,-3.23455,"glide_grid_1X70",-3.47845,-1.21379,-0.304,-0,-1.56083,-19.4686,-2.10213,1.05401,-0.165097,-25.0689,-21.5708,11.2715
CC(C)[C@H](Cc1ccccc1)NC(=O)C[C@H]([NH3+])C(=O)N1CCC[C@H]1C#N,"CHEMBL193106",542,Done,8.17,-6.46639,"glide_grid_1X70",-7.10999,-1.05967,-0.731127,-0,-1.85797,-27.1786,-17.3055,0.734108,-0.240562,-71.1207,-44.4841,6.53235
N#C[C@@H]1CCCN1C(=O)[C@@H]1C[C@H](NS(=O)(=O)c2ccccc2)CN1,"CHEMBL193168",543,Done,7.71,-2.18562,"glide_grid_1X70",-2.19252,-0.636207,-0.304,-0,-0.387817,-13.8753,-4.30712,0.784054,-0.308718,-18.8693,-18.1824,5.14876
N#C[C@@H]1CCCN1C(=O)[C@@H]1C[C@H](NS(=O)(=O)c2ccccc2)C[NH2+]1,"CHEMBL193168",544,Done,7.89,-4.56489,"glide_grid_1X70",-7.20659,-1.62784,-0.714481,-0,-0.868774,-33.7619,-18.3863,0.780039,-0.329487,-73.322,-52.1483,13.183
COc1ccc2c(c1)CCN(C(=O)C[C@H](N)C(=O)N1CCC[C@H]1C#N)[C@H]2C(C)(C)C,"CHEMBL193202",545,Done,5.13,-2.82441,"glide_grid_1X70",-3.05651,-0.746264,-0.337391,-0,-0.847367,-23.9727,-2.57651,0.579389,-0.119766,-23.9822,-26.5492,9.1684
Cn1nc(-c2ccc(F)cc2)c2c1CCN(C(=O)C[C@H]([NH3+])Cc1cc(F)ccc1F)C2,"CHEMBL193802",547,Done,3.62,-6.24691,"glide_grid_1X70",-6.25741,-1.39268,-0.4,-0,-1.43024,-29.6868,-12.5149,0.538746,-0.211661,-64.0807,-42.2017,4.70041
Cn1nc(-c2ccc(F)cc2)c2c1CCN(C(=O)C[C@H](N)Cc1cc(F)ccc1F)C2,"CHEMBL193802",548,Done,3.74,-2.83139,"glide_grid_1X70",-5.22779,-1.43368,-0.403295,-0,-1.36115,-25.3675,-8.17194,0.541043,-0.0765388,-39.1464,-33.5394,15.5054
Cc1nn(-c2ccc(F)cc2)c2c1CN(C(=O)C[C@H]([NH3+])Cc1cc(F)ccc1F)CC2,"CHEMBL193885",549,Done,3.2,-6.55564,"glide_grid_1X70",-6.56614,-1.43409,-0.4,-0,-1.62709,-31.972,-12.395,0.538746,-0.185855,-66.8555,-44.367,4.67983
Cc1nn(-c2ccc(F)cc2)c2c1CN(C(=O)C[C@H](N)Cc1cc(F)ccc1F)CC2,"CHEMBL193885",550,Done,4.06,-4.34383,"glide_grid_1X70",-6.74023,-2.01537,-0.56472,-0,-1.45742,-32.7282,-10.077,0.541043,-0.0958099,-57.1903,-42.8052,5.66163
CCCC[C@@H](NC(=O)[C@@H]([NH3+])CCCC)B(O)O,"CHEMBL194249",551,Done,39.75,-5.6696,"glide_grid_1X70",-5.9351,-1.35585,-0.483612,-0,-2.68755,-25.032,-21.4484,3.24305,-0.182286,-67.3392,-46.4804,8.32964
CCCC[C@@H](NC(=O)[C@@H](N)CCCC)B(O)O,"CHEMBL194249",552,Done,38.89,-2.31749,"glide_grid_1X70",-2.92099,-1.32329,-0.777226,-0,-2.0778,-21.5402,-14.4343,4.66569,-0.166209,-41.2685,-35.9745,5.94863
CCCC[C@@H](NC(=O)[C@@H]([NH3+])C(C)C)B(O)O,"CHEMBL194250",553,Done,12.65,-6.01154,"glide_grid_1X70",-6.23544,-1.17595,-0.608393,-0,-2.63219,-21.8588,-21.139,2.68919,-0.244314,-66.2864,-42.9977,4.66616
CCCC[C@@H](NC(=O)[C@@H](N)C(C)C)B(O)O,"CHEMBL194250",554,Done,14.33,-2.08334,"glide_grid_1X70",-2.76834,-1.11913,-0.48,-0,-2.12992,-16.4859,-12.9972,3.87031,-0.135729,-34.875,-29.4831,2.61163
N[C@@H](CC[NH3+])C(=O)N1CCC[C@@H]1B(O)O,"CHEMBL194428",555,Done,3.18,-5.57249,"glide_grid_1X70",-5.81549,0,-0.592938,-0,-2.46525,-13.525,-19.3002,1.00452,-0.190546,-44.8648,-32.8252,13.104
[NH3+]CC[C@H]([NH3+])C(=O)N1CCC[C@@H]1B(O)O,"CHEMBL194428",556,Done,4.49,-7.6487,"glide_grid_1X70",-8.3254,-0.581723,-0.54945,-0,-3.09625,-17.4575,-26.797,0.996682,-0.22178,-79.8491,-44.2545,9.88498
NCC[C@H]([NH3+])C(=O)N1CCC[C@@H]1B(O)O,"CHEMBL194428",557,Done,4.34,-3.89153,"glide_grid_1X70",-6.29563,-0.386801,-0.555035,-0,-2.32688,-15.577,-23.2633,1.43504,-0.193615,-61.6385,-38.8402,5.72855
C[C@@H](c1ccc(C(F)(F)F)cc1)[C@H](N)C(=O)N1CC[C@H](F)C1,"CHEMBL194489",558,Done,3.51,-4.46204,"glide_grid_1X70",-4.85204,-0.805965,-0.304,-0,-2.19825,-26.4709,-4.82171,0.552,-0.0490263,-39.4058,-31.2926,4.29987
C[C@@H](c1ccc(C(F)(F)F)cc1)[C@H]([NH3+])C(=O)N1CC[C@H](F)C1,"CHEMBL194489",559,Done,3.58,-7.15895,"glide_grid_1X70",-7.59105,-0.854442,-0.441521,-0,-2.86555,-26.7695,-15.4139,0.384255,-0.163242,-70.6424,-42.1834,2.71345
N#Cc1ccc(N[C@@H]2CN[C@H](C(=O)N3CCC[C@H]3C#N)C2)cc1Cl,"CHEMBL194717",560,Done,6.65,-2.66571,"glide_grid_1X70",-2.67261,-0.937353,-0.103496,-0,-0.81252,-25.0118,-0.602617,0.642258,-0.120518,-27.3665,-25.6145,8.49374
N#Cc1ccc(N[C@@H]2C[NH2+][C@H](C(=O)N3CCC[C@H]3C#N)C2)cc1Cl,"CHEMBL194717",561,Done,4.48,-3.96766,"glide_grid_1X70",-6.60936,-1.18217,-0.503971,-0,-1.70553,-35.8916,-12.3721,0.63893,-0.206234,-73.1788,-48.2637,1.67012
CCCC[C@H]([NH3+])C(=O)N1CCC[C@@H]1B(O)O,"CHEMBL194852",562,Done,8.49,-6.90124,"glide_grid_1X70",-7.15554,-0.64112,-0.534378,-0,-2.59245,-22.6478,-20.9075,1.13728,-0.256362,-70.6371,-43.5553,7.0454
CCCC[C@H](N)C(=O)N1CCC[C@@H]1B(O)O,"CHEMBL194852",563,Done,5.51,-2.51395,"glide_grid_1X70",-3.13775,-0.589232,-0.363385,-0,-1.94847,-19.2094,-5.64183,1.63688,-0.0667977,-32.2287,-24.8512,1.69752
[NH3+][C@@H](CC(=O)N1CCc2nn(CC(F)(F)F)c(C(F)(F)F)c2C1)Cc1cc(F)ccc1F,"CHEMBL194979",564,Done,6.52,-7.55732,"glide_grid_1X70",-7.56762,-1.07445,-0.570701,-0,-1.71287,-34.1929,-16.766,0.31839,-0.303434,-83.5086,-50.959,3.43255
N[C@@H](CC(=O)N1CCc2nn(CC(F)(F)F)c(C(F)(F)F)c2C1)Cc1cc(F)ccc1F,"CHEMBL194979",565,Done,5.15,-2.79887,"glide_grid_1X70",-5.20547,-1.18435,-0.288243,-0,-1.51197,-37.9749,-3.37188,0.456622,-0.273002,-52.2055,-41.3468,8.12921
N#C[C@@H]1CCCN1C(=O)[C@@H]1C[C@H]([NH2+]CCc2ccccc2)CN1,"CHEMBL194993",566,Done,8.96,-6.67672,"glide_grid_1X70",-6.78402,-1.03613,-0.371378,-0,-2.22223,-28.7406,-15.0398,0.661794,-0.123072,-62.6814,-43.7804,15.6543
N#C[C@@H]1CCCN1C(=O)[C@@H]1C[C@H](NCCc2ccccc2)CN1,"CHEMBL194993",567,Done,8.5,-4.16207,"glide_grid_1X70",-5.22717,-1.24539,-0.247251,-0,-1.96045,-32.1918,-7.35461,0.950788,-0.0120821,-51.4265,-39.5465,4.0915
[NH3+][C@@H](CC(=O)N1CCc2sc(-c3ccc(F)cc3)nc2C1)Cc1cc(F)ccc1F,"CHEMBL195030",568,Done,3.04,-8.04939,"glide_grid_1X70",-8.06049,-1.36549,-0.569347,-0,-1.83401,-39.6866,-16.5106,0.372357,-0.203083,-89.501,-56.1972,9.16317
N[C@@H](CC(=O)N1CCc2sc(-c3ccc(F)cc3)nc2C1)Cc1cc(F)ccc1F,"CHEMBL195030",569,Done,3.03,-0.85271,"glide_grid_1X70",-3.21571,-0.226706,-0.372188,-0,-0.575904,-25.4454,-7.60649,0.534192,-0.161862,-34.4942,-33.0519,11.6611
C[C@@H](c1ccc(-c2ccc(F)c(F)c2)cc1)[C@H](N)C(=O)N1CC[C@H](F)C1,"CHEMBL195173",570,Done,3.48,-3.18463,"glide_grid_1X70",-3.57463,-0.587117,-0.304,-0,-1.41725,-22.8024,-4.13772,0.584849,-0.0903346,-34.7343,-26.9401,4.44746
C[C@@H](c1ccc(-c2ccc(F)c(F)c2)cc1)[C@H]([NH3+])C(=O)N1CC[C@H](F)C1,"CHEMBL195173",571,Done,3.78,-7.20207,"glide_grid_1X70",-7.63417,-1.10071,-0.410777,-0,-2.17985,-33.337,-15.9679,0.407371,-0.288169,-79.2744,-49.3049,3.97438
CC(C)[C@H]([NH3+])C(=O)N1CCC[C@@H]1B(O)O,"CHEMBL195189",572,Done,2.75,-6.41967,"glide_grid_1X70",-6.63387,-0.102134,-0.548551,-0,-2.46362,-17.8675,-20.7781,0.759228,-0.268701,-61.855,-38.6456,6.5998
CC(C)[C@H](N)C(=O)N1CCC[C@@H]1B(O)O,"CHEMBL195189",573,Done,2.32,-3.56157,"glide_grid_1X70",-4.26827,-0.134084,-0.164001,-0,-1.94943,-13.4268,-15.3063,1.09322,-0.146696,-33.8058,-28.7331,9.19487
C[C@@H](c1ccc(-c2cccnc2)cc1)[C@H](N)C(=O)N1CC[C@H](F)C1,"CHEMBL195205",574,Done,3.78,-3.00237,"glide_grid_1X70",-3.39437,-0.350181,-0.318593,-0,-1.11737,-22.0325,-7.26721,0.700362,-0.116883,-34.4321,-29.2997,5.29038
C[C@@H](c1ccc(-c2cccnc2)cc1)[C@H]([NH3+])C(=O)N1CC[C@H](F)C1,"CHEMBL195205",575,Done,4.41,-5.12163,"glide_grid_1X70",-5.55563,-1.22457,-0.074343,-0,-2.00663,-25.5072,-10.2039,0.69657,-0.140706,-52.4734,-35.7111,3.6762
C[C@@H](c1cc(F)cc(F)c1)[C@H](N)C(=O)N1CC[C@H](F)C1,"CHEMBL195270",576,Done,2.72,-5.12344,"glide_grid_1X70",-5.51344,-0.914212,-0.314464,-0,-2.38506,-27.6652,-5.37418,0.443067,-0.153384,-43.1913,-33.0394,4.84424
C[C@@H](c1cc(F)cc(F)c1)[C@H]([NH3+])C(=O)N1CC[C@H](F)C1,"CHEMBL195270",577,Done,2.59,-7.2725,"glide_grid_1X70",-7.7046,-0.785369,-0.425719,-0,-2.95518,-26.1495,-15.2883,0.308254,-0.245874,-70.8507,-41.4377,2.7639
CCCC[C@@H](NC(=O)[C@@H]([NH3+])CC)B(O)O,"CHEMBL195271",578,Done,12.59,-5.82116,"glide_grid_1X70",-6.09476,-1.30837,-0.546242,-0,-2.82557,-21.0234,-21.0725,2.98959,-0.192108,-64.5389,-42.0959,3.74939
CCCC[C@@H](NC(=O)[C@@H](N)CC)B(O)O,"CHEMBL195271",579,Done,16.23,-2.3095,"glide_grid_1X70",-2.8988,-0.586725,-0.771802,-0,-2.13818,-17.9296,-17.2308,4.30444,-0.225422,-35.8962,-35.1605,13.4514
N#C[C@@H]1CCCN1C(=O)[C@@H]1C[C@H](Nc2ccccc2)CN1,"CHEMBL195335",580,Done,7.71,-4.08061,"glide_grid_1X70",-4.08811,-0.681731,-0.282383,-0,-0.951844,-34.1095,-8.27286,0.896663,-0.122409,-49.3462,-42.3824,6.8528
N#C[C@@H]1CCCN1C(=O)[C@@H]1C[C@H](Nc2ccccc2)C[NH2+]1,"CHEMBL195335",581,Done,5.03,-4.66583,"glide_grid_1X70",-7.30813,-1.33625,-0.82406,-0,-2.09283,-35.1518,-13.0437,0.891159,-0.232002,-79.0994,-48.1955,5.48662
N#Cc1ccc(N[C@@H]2CN[C@H](C(=O)N3CCC[C@H]3C#N)C2)nc1,"CHEMBL195420",582,Done,6.35,-3.84604,"glide_grid_1X70",-3.85294,-0.835306,-0.192093,-0,-1.5418,-30.8793,-2.55842,0.769504,-0.125515,-39.0088,-33.4377,9.90308
N#Cc1ccc(N[C@@H]2C[NH2+][C@H](C(=O)N3CCC[C@H]3C#N)C2)nc1,"CHEMBL195420",583,Done,3.55,-4.1487,"glide_grid_1X70",-6.7904,-1.15517,-0.541974,-0,-1.90448,-35.0421,-13.2747,0.765133,-0.210597,-74.0628,-48.3169,6.51299
COc1ccc(-c2ccc([C@H](C)[C@H](N)C(=O)N3CC[C@H](F)C3)cc2)cc1,"CHEMBL195443",584,Done,4.12,-5.08947,"glide_grid_1X70",-5.47947,-1.4859,-0.315532,-0,-1.70851,-33.2437,-5.87459,0.602378,-0.0285356,-53.3031,-39.1183,0.561474
COc1ccc(-c2ccc([C@H](C)[C@H]([NH3+])C(=O)N3CC[C@H](F)C3)cc2)cc1,"CHEMBL195443",585,Done,3.84,-4.29647,"glide_grid_1X70",-4.72857,-0.300766,-0.417382,-0,-1.09127,-20.812,-15.0835,0.599356,-0.215373,-50.4522,-35.8955,10.8962
[NH3+][C@@H](CC(=O)N1CCc2nc(-c3ccc(F)cc3)sc2C1)Cc1cc(F)ccc1F,"CHEMBL195547",586,Done,3.27,-7.80513,"glide_grid_1X70",-7.81673,-1.20144,-0.568472,-0,-1.90603,-33.8469,-17.3625,0.372357,-0.216426,-79.6944,-51.2094,8.95351
N[C@@H](CC(=O)N1CCc2nc(-c3ccc(F)cc3)sc2C1)Cc1cc(F)ccc1F,"CHEMBL195547",587,Done,3.18,-2.36629,"glide_grid_1X70",-4.70399,-1.19208,-0.304,-0,-1.24908,-35.1277,-4.10674,0.534192,-0.120626,-45.7791,-39.2345,11.036
Cn1nc(C(F)(F)F)c2c1CCN(C(=O)C[C@H]([NH3+])Cc1cc(F)ccc1F)C2,"CHEMBL195721",588,Done,3.82,-8.15106,"glide_grid_1X70",-8.16156,-1.30589,-0.563072,-0,-2.27269,-35.75,-15.6975,0.337858,-0.215638,-85.0648,-51.4475,4.29128
Cn1nc(C(F)(F)F)c2c1CCN(C(=O)C[C@H](N)Cc1cc(F)ccc1F)C2,"CHEMBL195721",589,Done,3.79,-3.73212,"glide_grid_1X70",-6.12852,-1.20965,-0.561198,-0,-2.21163,-29.228,-7.63323,0.484834,-0.0244807,-47.5494,-36.8613,7.34138
C[C@@H](c1ccc(-c2cccc(C(=O)[O-])c2)cc1)[C@H](N)C(=O)N1CC[C@H](F)C1,"CHEMBL195755",590,Done,3.8,-3.65377,"glide_grid_1X70",-4.04377,-0.865272,-0.456,-0,-1.3738,-23.5248,-4.50912,0.565153,-0.0612396,-35.9624,-28.0339,4.92634
C[C@@H](c1ccc(-c2cccc(C(=O)[O-])c2)cc1)[C@H]([NH3+])C(=O)N1CC[C@H](F)C1,"CHEMBL195755",591,Done,4.57,-6.91008,"glide_grid_1X70",-7.34218,-1.09296,-0.569913,-0,-1.85754,-29.4829,-16.7272,0.393686,-0.232229,-75.3408,-46.2102,5.04157
N#C[C@@H]1CCCN1C(=O)[C@@H]1C[C@H]([NH2+]Cc2ccccc2)CN1,"CHEMBL195804",592,Done,9.07,-5.79331,"glide_grid_1X70",-6.11971,-0.647362,-0.4027,-0,-2.14808,-27.5055,-14.3111,0.71713,-0.116752,-61.7722,-41.8167,6.50199
N#C[C@@H]1CCCN1C(=O)[C@@H]1C[C@H](NCc2ccccc2)CN1,"CHEMBL195804",593,Done,8.59,10000.5,"glide_grid_1X70",10000,-0.745587,-0.403742,-0,-2.16443,28.4777,-4.25022,1.03053,-0.0442895,10000,24.2275,2.01883
C[C@@H](c1ccc(F)cc1Cl)[C@H](N)C(=O)N1CC[C@H](F)C1,"CHEMBL195862",594,Done,3.12,-4.75919,"glide_grid_1X70",-5.14919,-0.729855,-0.263756,-0,-2.42037,-31.2599,-3.28263,0.401868,-0.0816947,-44.7759,-34.5425,3.05065
C[C@@H](c1ccc(F)cc1Cl)[C@H]([NH3+])C(=O)N1CC[C@H](F)C1,"CHEMBL195862",595,Done,2.89,-7.16409,"glide_grid_1X70",-7.59619,-0.736525,-0.40135,-0,-2.84682,-30.4692,-14.5351,0.279674,-0.187448,-73.3557,-45.0043,4.77346
[NH3+][C@@H](CC(=O)N1CCc2c(noc2C(F)(F)F)C1)Cc1cc(F)ccc1F,"CHEMBL195984",596,Done,4.1,-8.98622,"glide_grid_1X70",-8.99812,-1.32937,-0.834843,-0,-2.17146,-35.2223,-19.9853,0.358433,-0.261964,-96.8868,-55.2076,5.37882
N[C@@H](CC(=O)N1CCc2c(noc2C(F)(F)F)C1)Cc1cc(F)ccc1F,"CHEMBL195984",597,Done,4.17,-4.99626,"glide_grid_1X70",-7.31906,-1.32362,-0.766671,-0,-1.94517,-36.4986,-12.0876,0.51443,-0.159962,-67.5754,-48.5862,8.66964
[NH3+][C@@H](CC(=O)N1CCc2c(c(C(F)(F)F)nn2CC(F)(F)F)C1)Cc1cc(F)ccc1F,"CHEMBL196010",598,Done,6.88,-8.55471,"glide_grid_1X70",-8.56521,-1.10417,-0.888823,-0,-1.72427,-31.8521,-21.3618,0.31839,-0.369457,-89.1576,-53.2139,9.45456
N[C@@H](CC(=O)N1CCc2c(c(C(F)(F)F)nn2CC(F)(F)F)C1)Cc1cc(F)ccc1F,"CHEMBL196010",599,Done,6.57,-2.95799,"glide_grid_1X70",-5.35439,-0.988823,-0.314776,-0,-1.07245,-35.7637,-9.15917,0.456622,-0.272892,-56.9946,-44.9229,5.77672
Cc1c2c(nn1-c1ccc(F)cc1)CCN(C(=O)C[C@H]([NH3+])Cc1cc(F)ccc1F)C2,"CHEMBL196114",600,Done,3.34,-7.08483,"glide_grid_1X70",-7.09513,-1.64386,-0.382152,-0,-1.72999,-30.3933,-13.2918,0.377122,-0.202818,-69.5539,-43.6851,5.31994
Cc1c2c(nn1-c1ccc(F)cc1)CCN(C(=O)C[C@H](N)Cc1cc(F)ccc1F)C2,"CHEMBL196114",601,Done,3.77,-1.21985,"glide_grid_1X70",-3.62645,-1.09135,-0.260893,-0,-1.07419,-28.1013,-1.65549,0.541043,-0.0876695,-34.0719,-29.7568,8.92223
C[C@@H]([NH3+])C(=O)N1CCC[C@H]1B(O)O,"CHEMBL196120",602,Done,2,-6.80288,"glide_grid_1X70",-7.10758,-0.569315,-0.5901,-0,-2.53752,-15.3924,-20.5041,0.638964,-0.204377,-58.2939,-35.8965,8.37853
C[C@@H](N)C(=O)N1CCC[C@H]1B(O)O,"CHEMBL196120",603,Done,1.73,-3.96718,"glide_grid_1X70",-4.50708,-0.14181,-0.319971,-0,-2.14034,-18.9448,-11.7099,0.920986,-0.122211,-38.3246,-30.6547,4.80283
CCCC[C@@H](NC(=O)[C@@H]([NH3+])CCC)B(O)O,"CHEMBL196180",604,Done,17.45,-5.4073,"glide_grid_1X70",-5.6728,-1.28939,-0.524191,-0,-2.7938,-22.9354,-19.121,3.13739,-0.187892,-62.9085,-42.0564,4.69323
CCCC[C@@H](NC(=O)[C@@H](N)CCC)B(O)O,"CHEMBL196180",605,Done,17.89,-1.9616,"glide_grid_1X70",-2.5651,-0.808191,-0.480126,-0,-2.08967,-20.7437,-16.3677,4.51536,-0.210127,-40.7661,-37.1114,6.45441
CN(CC(=O)N1CCC[C@@H]1B(O)O)[C@H]1[C@@H]2C[C@H]3C[C@@H](C2)C[C@@H]1C3,"CHEMBL196188",607,Done,2.7,-2.27477,"glide_grid_1X70",-3.80297,-0.897878,-0.119806,-0,-1.22555,-18.8649,-7.93346,0.728225,-0.154699,-31.8573,-26.7984,6.10134
O=C(C[NH2+]C1CCCCCCCCC1)N1CCC[C@H]1B(O)O,"CHEMBL196267",608,Done,4.49,-5.34746,"glide_grid_1X70",-5.43666,-0.555622,-0.238532,-0,-2.02204,-6.2866,-17.1964,0.535937,-0.262621,-37.5436,-23.483,7.94785
O=C(CNC1CCCCCCCCC1)N1CCC[C@H]1B(O)O,"CHEMBL196267",609,Done,4.03,-3.46294,"glide_grid_1X70",-4.62894,-1.15107,-0.127092,-0,-1.61767,-20.6757,-9.13005,0.769999,-0.0998057,-35.5521,-29.8058,7.97686
Cc1nc2c(s1)CN(C(=O)C[C@H]([NH3+])Cc1cc(F)ccc1F)CC2,"CHEMBL196333",610,Done,2.87,-8.82103,"glide_grid_1X70",-8.83263,-1.29096,-0.891929,-0,-2.43046,-34.8646,-18.1563,0.430244,-0.182845,-91.2497,-53.021,7.59552
Cc1nc2c(s1)CN(C(=O)C[C@H](N)Cc1cc(F)ccc1F)CC2,"CHEMBL196333",611,Done,2.3,-3.05783,"glide_grid_1X70",-5.39553,-1.06112,-0.576,-0,-1.67958,-26.8223,-8.34862,0.617774,-0.103207,-46.0596,-35.1709,4.90857
CCCC[C@@H](NC(=O)[C@@H](N)C[NH3+])B(O)O,"CHEMBL196461",612,Done,18.07,-5.7231,"glide_grid_1X70",-5.7586,-0.89903,-0.587063,-0,-2.37584,-13.8525,-26.0882,2.9668,-0.25761,-57.961,-39.9407,8.83448
CCCC[C@@H](NC(=O)[C@@H]([NH3+])CN)B(O)O,"CHEMBL196461",613,Done,13.49,-4.76315,"glide_grid_1X70",-6.88025,-1.31494,-0.695384,-0,-2.83005,-16.3914,-26.7923,2.9668,-0.187103,-70.0831,-43.1837,3.59906
CCCC[C@@H](NC(=O)[C@@H](N)CN)B(O)O,"CHEMBL196461",614,Done,14.5,-0.953708,"glide_grid_1X70",-3.07641,-1.28859,-0.636821,-0,-2.32835,-21.1419,-13.0306,4.27149,-0.0824437,-38.4135,-34.1726,8.20971
CS(=O)(=O)c1ccc(-c2nc3c(s2)CCN(C(=O)C[C@H]([NH3+])Cc2cc(F)ccc2F)C3)cc1,"CHEMBL196881",615,Done,3.41,-5.12851,"glide_grid_1X70",-5.13961,-0.37563,-0.382782,-0,-0.502355,-29.7055,-16.7149,0.293768,-0.1801,-65.6098,-46.4203,3.7539
CS(=O)(=O)c1ccc(-c2nc3c(s2)CCN(C(=O)C[C@H](N)Cc2cc(F)ccc2F)C3)cc1,"CHEMBL196881",616,Done,4.12,-0.460153,"glide_grid_1X70",-2.82315,-0.181748,-0.392602,-0,-0.0840688,-30.6943,-6.1325,0.421245,-0.131388,-37.7453,-36.8268,10.9935
O=C(C[NH2+]C1CCCCCC1)N1CCC[C@H]1B(O)O,"CHEMBL196933",617,Done,4.86,-6.69793,"glide_grid_1X70",-6.78783,-0.892708,-0.2,-0,-2.05398,-17.8357,-21.3345,0.690361,-0.239537,-60.6332,-39.1702,11.1195
O=C(CNC1CCCCCC1)N1CCC[C@H]1B(O)O,"CHEMBL196933",618,Done,3.48,-2.83024,"glide_grid_1X70",-3.99164,-0.957874,0,-0,-1.92466,-17.2007,-7.34689,0.992647,-0.139686,-28.267,-24.5476,9.57275
Cn1nc(C(F)(F)F)c2c1CN(C(=O)C[C@H]([NH3+])Cc1cc(F)ccc1F)CC2,"CHEMBL196938",619,Done,4.06,-8.3888,"glide_grid_1X70",-8.3995,-1.39059,-0.670987,-0,-2.15407,-35.8489,-16.6884,0.337858,-0.22602,-88.4486,-52.5373,5.15957
Cn1nc(C(F)(F)F)c2c1CN(C(=O)C[C@H](N)Cc1cc(F)ccc1F)CC2,"CHEMBL196938",620,Done,4.41,-3.3671,"glide_grid_1X70",-5.7487,-1.20215,-0.527568,-0,-2.05852,-29.135,-6.37226,0.484834,-0.0327006,-49.3439,-35.5072,2.55375
[NH3+][C@@H](CC(=O)N1CCc2oc(C3CC3)nc2C1)Cc1cc(F)ccc1F,"CHEMBL197082",621,Done,3.29,-8.50846,"glide_grid_1X70",-8.51866,-0.993472,-1.03559,-0,-2.38986,-31.6747,-19.1113,0.511731,-0.161045,-85.8506,-50.786,6.96349
N[C@@H](CC(=O)N1CCc2oc(C3CC3)nc2C1)Cc1cc(F)ccc1F,"CHEMBL197082",622,Done,2.97,-1.97132,"glide_grid_1X70",-4.38572,-1.33497,-0.304,-0,-1.73343,-30.5455,-1.25127,0.734685,-0.0330318,-37.9758,-31.7968,8.22417
[NH3+][C@@H](CC(=O)N1CCc2c(n[nH]c2C(F)(F)F)C1)Cc1cc(F)ccc1F,"CHEMBL197300",623,Done,4.25,-9.19195,"glide_grid_1X70",-9.60265,-1.3225,-1.13149,-0,-2.2043,-36.4587,-21.3335,0.360063,-0.281456,-100.601,-57.7922,8.163
[NH3+][C@@H](CC(=O)N1CCc2c(C(F)(F)F)n[nH]c2C1)Cc1cc(F)ccc1F,"CHEMBL197300",624,Done,4.93,-8.64159,"glide_grid_1X70",-9.05229,-0.973143,-0.936272,-0,-2.19358,-32.6996,-22.8108,0.360063,-0.252767,-96.7642,-55.5103,8.08549
Cn1nc2c(c1-c1ccc(F)cc1)CN(C(=O)C[C@H]([NH3+])Cc1cc(F)ccc1F)CC2,"CHEMBL197301",625,Done,4.47,-7.43032,"glide_grid_1X70",-7.44062,-1.15698,-0.549252,-0,-1.40515,-38.1508,-16.7317,0.377122,-0.289053,-80.7285,-54.8826,13.4682
Cn1nc2c(c1-c1ccc(F)cc1)CN(C(=O)C[C@H](N)Cc1cc(F)ccc1F)CC2,"CHEMBL197301",626,Done,3.82,-2.38806,"glide_grid_1X70",-4.79466,-1.29587,-0.287055,-0,-1.32858,-33.4299,-4.1499,0.541043,-0.130215,-48.0646,-37.5798,4.03532
[NH3+][C@@H](CC(=O)N1CCc2nc(-c3ccc(C(F)(F)F)cc3)sc2C1)Cc1cc(F)ccc1F,"CHEMBL197352",627,Done,3.66,-5.43902,"glide_grid_1X70",-5.45062,-0.206531,-0.421143,-0,-0.649207,-28.427,-17.9768,0.30511,-0.360983,-63.7984,-46.4038,6.50118
N[C@@H](CC(=O)N1CCc2nc(-c3ccc(C(F)(F)F)cc3)sc2C1)Cc1cc(F)ccc1F,"CHEMBL197352",628,Done,4.42,-0.484932,"glide_grid_1X70",-2.82263,-0.444054,-0.287261,-0,-0.176048,-32.4995,-3.17679,0.437541,-0.251317,-40.5631,-35.6763,4.19467
[NH3+][C@@H](CC(=O)N1CCc2n[nH]c(C(F)(F)F)c2C1)Cc1cc(F)ccc1F,"CHEMBL197413",629,Done,3.85,-8.3208,"glide_grid_1X70",-8.7315,-1.05202,-0.522238,-0,-2.55318,-31.2826,-20.8448,0.360063,-0.273277,-90.3455,-52.1274,6.24801
[NH3+][C@@H](CC(=O)N1CCc2[nH]nc(C(F)(F)F)c2C1)Cc1cc(F)ccc1F,"CHEMBL197413",630,Done,4.15,-8.58416,"glide_grid_1X70",-8.99486,-1.04024,-0.824568,-0,-2.60487,-31.8779,-20.4965,0.360063,-0.216868,-89.5539,-52.3744,8.86767
N#C[C@@H]1CCCN1C(=O)C[NH2+]CCC(=O)N1CCc2ccccc2C1,"CHEMBL200103",632,Done,5.63,-5.94731,"glide_grid_1X70",-6.76951,-0.684319,-0.682467,-0,-2.1061,-27.8767,-16.1087,0.682744,-0.169231,-66.7944,-43.9854,8.69174
N#C[C@@H]1CCCN1C(=O)[C@@H](N)Cc1ccc(-c2ccccc2)cc1,"CHEMBL200347",633,Done,4.87,-3.85646,"glide_grid_1X70",-4.11246,-1.35116,-0.132816,-0,-1.75087,-21.6712,-3.82401,0.914476,-0.134923,-26.3083,-25.4952,14.7596
N#C[C@@H]1CCCN1C(=O)[C@@H]([NH3+])Cc1ccc(-c2ccccc2)cc1,"CHEMBL200347",634,Done,5.47,-5.4854,"glide_grid_1X70",-6.1059,-1.42161,-0.284136,-0,-2.12761,-12.2113,-16.2768,0.909413,-0.129865,-44.2192,-28.4881,6.90685
CC(C)(NC(=O)CC[NH2+]CC(=O)N1CCC[C@H]1C#N)c1ccccc1,"CHEMBL201158",636,Done,6.74,-6.4998,"glide_grid_1X70",-7.0622,-1.61587,-0.278548,-0,-2.07489,-38.808,-14.5314,1.28695,-0.259744,-75.78,-53.3394,12.7629
N#C[C@@H]1CCCN1C(=O)[C@@H](N)Cc1ccccc1,"CHEMBL201268",637,Done,2.34,-5.52184,"glide_grid_1X70",-5.77784,-0.841291,-0.892836,-0,-1.99527,-20.9874,-11.8388,0.879951,-0.103213,-41.6804,-32.8262,8.28652
N#C[C@@H]1CCCN1C(=O)[C@@H]([NH3+])Cc1ccccc1,"CHEMBL201268",638,Done,2.57,-6.66867,"glide_grid_1X70",-7.28917,-0.969406,-0.348143,-0,-2.75163,-28.1801,-14.1789,0.611629,-0.295782,-68.0647,-42.359,4.34838
CC(C)[C@@H](CC(=O)N1CCc2ccccc2C1)[NH2+]CC(=O)N1CCC[C@H]1C#N,"CHEMBL201398",640,Done,8.63,-5.71279,"glide_grid_1X70",-6.36089,-1.25921,-0.442204,-0,-1.51822,-32.7917,-14.0941,0.792759,-0.180313,-67.9364,-46.8857,9.83037
CC(C)(CC(=O)N1CCc2ccccc2C1)[NH2+]CC(=O)N1CCC[C@H]1C#N,"CHEMBL201424",642,Done,8.06,-5.09092,"glide_grid_1X70",-5.55712,-0.849426,-0.384104,-0,-1.33193,-35.0758,-12.554,0.847438,-0.202218,-64.2322,-47.6298,6.98967
N#C[C@@H]1CCCN1C(=O)CNCCC(=O)NCCc1ccccc1,"CHEMBL201544",643,Done,9.78,-5.07811,"glide_grid_1X70",-5.37691,-1.64256,-0.392788,-0,-1.85052,-37.173,-7.02998,1.56724,-0.145132,-55.4054,-44.203,9.68184
N#C[C@@H]1CCCN1C(=O)C[NH2+]CCC(=O)NCCc1ccccc1,"CHEMBL201544",644,Done,7.64,-4.19864,"glide_grid_1X70",-4.74744,-0.879176,-0.250103,-0,-1.90827,-14.4918,-15.6897,1.55878,-0.190624,-42.4938,-30.1815,9.56572
CC(C)(CC(=O)N1Cc2ccccc2C1)[NH2+]CC(=O)N1CCC[C@H]1C#N,"CHEMBL201644",646,Done,3.78,-5.77204,"glide_grid_1X70",-6.25054,-1.30039,-0.58833,-0,-1.41355,-30.022,-14.1856,0.908008,-0.227326,-65.5298,-44.2077,8.32312
CC[C@H](NC(=O)CCNCC(=O)N1CCC[C@H]1C#N)c1ccccc1,"CHEMBL201695",647,Done,9.86,-4.4385,"glide_grid_1X70",-4.7303,-0.810513,-0.508759,-0,-2.02586,-20.4852,-9.96309,1.29368,-0.160127,-37.6292,-30.4483,15.2506
CC[C@H](NC(=O)CC[NH2+]CC(=O)N1CCC[C@H]1C#N)c1ccccc1,"CHEMBL201695",648,Done,7.33,-5.7504,"glide_grid_1X70",-6.31,-0.783268,-0.393431,-0,-2.20525,-28.092,-14.5619,0.900868,-0.240023,-61.8309,-42.654,11.6728
CC(=O)Nc1ccc(S(=O)(=O)N2CCN(C(=O)CC[NH2+]CC(=O)N3CCC[C@H]3C#N)CC2)cc1,"CHEMBL201753",650,Done,7.44,-4.91595,"glide_grid_1X70",-5.73745,-0.878536,-0.545405,-0,-0.723806,-34.046,-14.8724,0.589724,-0.246266,-72.8557,-48.9184,6.70772
C[C@@H](c1ccc(-c2ccc(=O)n(C)c2)cc1)[C@H]([NH3+])C(=O)N1CCC(F)CC1,"CHEMBL202634",651,Done,3.12,-6.9616,"glide_grid_1X70",-7.3623,-1.18223,-0.430844,-0,-2.41115,-29.5932,-13.9799,0.389841,-0.151283,-71.302,-43.5731,2.77112
C[C@@H](c1ccc(-c2ccc(=O)n(C)c2)cc1)[C@H](N)C(=O)N1CCC(F)CC1,"CHEMBL202634",652,Done,2.85,-5.74312,"glide_grid_1X70",-6.16392,-1.71209,-0.511609,-0,-1.99013,-28.7168,-6.83772,0.55962,-0.048209,-51.8193,-35.5546,0.431197
CC(C)(CC(=O)NC(C)(C)c1ccccc1)[NH2+]CC(=O)N1CCC[C@H]1C#N,"CHEMBL202711",653,Done,7.64,-5.18494,"glide_grid_1X70",-5.47464,-1.39469,-0.390949,-0,-1.44927,-30.6506,-10.7964,1.11898,-0.206727,-59.3187,-41.447,4.98891
N#C[C@@H]1CCCN1C(=O)CNCCC(=O)NCc1ccc([N+](=O)[O-])cc1,"CHEMBL203032",655,Done,9.62,-4.81502,"glide_grid_1X70",-5.09592,-1.45642,-0.228205,-0,-2.02881,-33.7943,-5.52766,1.33562,-0.199239,-52.4954,-39.322,7.16065
N#C[C@@H]1CCCN1C(=O)C[NH2+]CCC(=O)NCc1ccc([N+](=O)[O-])cc1,"CHEMBL203032",656,Done,8.24,-5.51052,"glide_grid_1X70",-6.08762,-0.888802,-0.449032,-0,-1.36999,-31.3942,-17.9976,1.32897,-0.439414,-70.8214,-49.3919,8.16547
N#C[C@@H]1CCCN1C(=O)C[NH2+]CCC(=O)N1CCc2cc(F)ccc2C1,"CHEMBL203084",658,Done,5.28,-6.57259,"glide_grid_1X70",-7.39689,-1.43054,-0.504832,-0,-2.26296,-30.2654,-14.2292,0.623172,-0.174082,-71.4648,-44.4946,7.57645
[NH3+]Cc1c(Cl)cccc1Oc1ccccc1,"CHEMBL203105",659,Done,1.53,-7.46995,"glide_grid_1X70",-7.58435,-1.16179,-0.488078,-0,-2.83886,-24.8497,-14.5985,0.436638,-0.1,-66.4629,-39.4482,3.39379
NCc1c(Cl)cccc1Oc1ccccc1,"CHEMBL203105",660,Done,1.47,-3.42539,"glide_grid_1X70",-4.45589,-0.832446,-0.304,-0,-2.09073,-23.9138,-4.40917,0.628352,0,-35.5055,-28.3229,3.88156
C[C@@H](c1ccc(-c2ccc(=O)n(C)c2)cc1)[C@H]([NH3+])C(=O)N1CCCC1,"CHEMBL203379",661,Done,2.5,-4.26686,"glide_grid_1X70",-4.63086,-0.213726,-0.4,-0,-1.34001,-22.7837,-13.2622,0.653582,-0.20219,-51.035,-36.0458,0.403685
C[C@@H](c1ccc(-c2ccc(=O)n(C)c2)cc1)[C@H](N)C(=O)N1CCCC1,"CHEMBL203379",662,Done,3.29,-5.5252,"glide_grid_1X70",-5.9866,-1.72634,-0.579014,-0,-1.6639,-33.4699,-6.45861,0.657027,-0.032085,-55.524,-39.9285,1.01476
C[C@@H](c1ccc(-c2cc(F)c(=O)n(C)c2)cc1)[C@H](N)C(=O)N1CC[C@H](F)C1,"CHEMBL203736",663,Done,2.96,-3.88437,"glide_grid_1X70",-4.27437,-0.365913,-0.498389,-0,-1.02863,-27.5094,-9.47332,0.549095,-0.134058,-47.3237,-36.9827,1.84922
C[C@@H](c1ccc(-c2cc(F)c(=O)n(C)c2)cc1)[C@H]([NH3+])C(=O)N1CC[C@H](F)C1,"CHEMBL203736",664,Done,3.07,-6.80899,"glide_grid_1X70",-7.24109,-0.916225,-0.426678,-0,-2.38528,-30.0211,-14.9032,0.382526,-0.158898,-71.3819,-44.9243,6.08247
C[C@@H](c1ccc(-c2ccc(=O)n(C)c2F)cc1)[C@H](N)C(=O)N1CC[C@H](F)C1,"CHEMBL205872",665,Done,2.95,-5.90496,"glide_grid_1X70",-6.29496,-1.70816,-0.585199,-0,-1.86435,-34.56,-6.19076,0.549095,-0.0297279,-57.5011,-40.7507,2.0536
C[C@@H](c1ccc(-c2ccc(=O)n(C)c2F)cc1)[C@H]([NH3+])C(=O)N1CC[C@H](F)C1,"CHEMBL205872",666,Done,3.49,-7.4146,"glide_grid_1X70",-7.8467,-1.11692,-0.48753,-0,-2.40756,-30.4023,-16.9633,0.382526,-0.152611,-80.5979,-47.3656,4.08744
Cc1c(-c2ccc([C@H](C)[C@H](N)C(=O)N3CC[C@H](F)C3)cc2)ccc(=O)n1C,"CHEMBL206252",667,Done,3.02,-5.25561,"glide_grid_1X70",-5.64561,-1.07022,-0.392461,-0,-1.82348,-38.6734,-6.03351,0.55962,-0.0803657,-57.3064,-44.7069,6.54471
Cc1c(-c2ccc([C@H](C)[C@H]([NH3+])C(=O)N3CC[C@H](F)C3)cc2)ccc(=O)n1C,"CHEMBL206252",668,Done,3.17,-7.05822,"glide_grid_1X70",-7.49032,-1.20247,-0.385486,-0,-2.455,-31.417,-13.9111,0.389841,-0.179677,-76.7508,-45.3281,4.35745
C[C@@H](c1ccc(-c2ccc(=O)n(C)c2)cc1)[C@H](N)C(=O)N1CC[C@H](F)C1,"CHEMBL206383",669,Done,2.61,-3.91603,"glide_grid_1X70",-4.30603,-0.462344,-0.511723,-0,-1.06873,-26.8944,-9.28297,0.599416,-0.125489,-45.7193,-36.1773,3.03187
C[C@@H](c1ccc(-c2ccc(=O)n(C)c2)cc1)[C@H]([NH3+])C(=O)N1CC[C@H](F)C1,"CHEMBL206383",670,Done,2.41,-4.05445,"glide_grid_1X70",-4.48655,-0.169274,-0.4,-0,-1.20387,-21.8307,-13.3186,0.596416,-0.220502,-50.4825,-35.1493,0.426266
[NH3+]Cc1ccccc1-c1ccccc1Cl,"CHEMBL206496",671,Done,1.32,-7.47924,"glide_grid_1X70",-7.56854,-1.18322,-0.548958,-0,-2.75378,-22.6698,-13.9677,0.246052,-0.1,-63.2287,-36.6375,0.288988
NCc1ccccc1-c1ccccc1Cl,"CHEMBL206496",672,Done,1.25,-4.01808,"glide_grid_1X70",-5.18348,-1.2693,-0.304,-0,-2.21778,-21.3726,-4.52015,0.354251,0,-33.9836,-25.8928,1.64673
C[C@@H](c1ccc(-c2ccc(=O)n(C)c2)cc1)[C@H](N)C(=O)N1CCC(F)(F)C1,"CHEMBL206501",673,Done,2.86,-6.16078,"glide_grid_1X70",-6.48278,-1.67285,-0.576,-0,-1.6911,-32.3613,-9.45159,0.549095,-0.0561174,-58.7309,-41.8129,1.33654
C[C@@H](c1ccc(-c2ccc(=O)n(C)c2)cc1)[C@H]([NH3+])C(=O)N1CCC(F)(F)C1,"CHEMBL206501",674,Done,2.46,-4.21706,"glide_grid_1X70",-4.73216,-0.264853,-0.4,-0,-1.21121,-21.4139,-14.0172,0.546466,-0.229275,-51.3361,-35.4311,0.87583
N[C@@H](c1ccccc1)[C@H]([NH3+])c1ccccc1,"CHEMBL206743",675,Done,1.82,-6.43623,"glide_grid_1X70",-6.63383,-0.67445,-0.489176,-0,-2.70979,-23.7278,-14.9596,0.769911,-0.1,-59.8444,-38.6874,4.98802
N[C@H](c1ccccc1)[C@@H](N)c1ccccc1,"CHEMBL206743",676,Done,2.38,-3.16545,"glide_grid_1X70",-3.92695,-0.773714,-0.289871,-0,-2.27411,-25.9541,-2.66801,1.10866,0,-35.8918,-28.6221,1.10261
CCn1cc(-c2ccc([C@H](C)[C@H](N)C(=O)N3CC[C@H](F)C3)cc2)ccc1=O,"CHEMBL206792",677,Done,3.25,-4.28234,"glide_grid_1X70",-4.67234,-0.888399,-0.240034,-0,-1.76407,-30.525,-4.7718,0.55962,-0.0974438,-46.8775,-35.2968,3.95333
CCn1cc(-c2ccc([C@H](C)[C@H]([NH3+])C(=O)N3CC[C@H](F)C3)cc2)ccc1=O,"CHEMBL206792",678,Done,3.9,-8.60729,"glide_grid_1X70",-9.03939,-1.74805,-0.725841,-0,-2.23833,-33.4937,-19.0835,0.389841,-0.179797,-85.9154,-52.5772,12.0861
C[C@@H]1CC[C@@](C)([NH2+]CC(=O)N2[C@H](C#N)CC[C@@H]2C#N)C1,"CHEMBL207620",679,Done,6.53,-5.79845,"glide_grid_1X70",-6.07335,-0.360573,-0.441667,-0,-2.05207,-17.3377,-18.3866,0.663666,-0.257827,-51.477,-35.7243,9.88067
N#C[C@@H]1CC[C@H](C#N)N1C(=O)C[NH2+][C@@]12C[C@@H]3C[C@@H](C[C@@](O)(C3)C1)C2,"CHEMBL207912",681,Done,3.77,-5.18128,"glide_grid_1X70",-5.45618,-0.335285,-0.810282,-0,-1.70858,-17.3075,-14.6396,0.69279,-0.23351,-43.7028,-31.9471,6.25645
N#C[C@@H]1CC[C@H](C#N)N1C(=O)C[NH2+]C12C[C@H]3C[C@@H](C1)C[C@@H](C2)C3,"CHEMBL207980",683,Done,2.76,-5.08614,"glide_grid_1X70",-5.28794,-0.339087,-0.613831,-0,-1.82028,-17.7582,-12.9656,0.567252,-0.249241,-40.9594,-30.7238,5.13641
CCCOCC1([NH2+]CC(=O)N2[C@H](C#N)CC[C@@H]2C#N)CCCC1,"CHEMBL208657",686,Done,13.38,-4.53777,"glide_grid_1X70",-5.22087,-0.636543,-0.709792,-0,-1.52086,-25.7866,-14.1303,1.28011,-0.224903,-56.0302,-39.917,5.59358
N#C[C@@H]1CC[C@H](C#N)N1C(=O)C[NH2+]C1(c2ccccc2)CCC1,"CHEMBL208673",688,Done,7.52,-3.23237,"glide_grid_1X70",-4.98287,-0.493871,-0.299712,-0,-2.14593,-17.5584,-12.7323,0.967172,-0.222764,-43.9173,-30.2907,6.15186
COCCC1([NH2+]CC(=O)N2[C@H](C#N)CC[C@@H]2C#N)CCCC1,"CHEMBL208756",689,Done,10.83,-4.66971,"glide_grid_1X70",-5.07561,-0.460581,-0.4,-0,-2.19277,-20.1859,-13.146,1.18734,-0.2284,-40.0305,-33.3319,20.9748
CC(C)(C)[NH2+]CC(=O)N1[C@H](C#N)CC[C@@H]1C#N,"CHEMBL208902",691,Done,2.05,-5.9219,"glide_grid_1X70",-6.1095,-0.219795,-0.544172,-0,-2.32986,-15.5697,-17.6113,0.652098,-0.247582,-49.5392,-33.1811,6.15487
N#C[C@@H]1CC[C@H](C#N)N1C(=O)C[NH2+]C1(CO)CCCCC1,"CHEMBL208952",693,Done,10.3,-5.31786,"glide_grid_1X70",-5.45726,-0.727519,-0.391117,-0,-1.81008,-17.2689,-17.5745,1.07425,-0.103178,-49.3425,-34.8434,7.65882
N#C[C@@H]1CC[C@H](C#N)N1C(=O)CNC1(CO)CCCCC1,"CHEMBL208952",694,Done,9,-3.69705,"glide_grid_1X70",-4.62265,-0.682714,-0.420083,-0,-1.66193,-18.9456,-12.6171,1.08077,-0.0988415,-40.0684,-31.5627,4.16975
O=C([C@@H]1C[NH2+][C@H](C(=O)N2CCCC2)C1)N1Cc2ccc(Cl)cc2C1,"CHEMBL208964",695,Done,3.51,-7.1352,"glide_grid_1X70",-7.2289,-1.37332,-0.4,-0,-1.98966,-35.3738,-13.0473,0.438118,-0.17824,-74.6545,-48.4211,4.38332
CC(C)(Cc1ccc(F)cc1)[NH2+]CC(=O)N1[C@H](C#N)CC[C@@H]1C#N,"CHEMBL209058",698,Done,7.81,-5.94219,"glide_grid_1X70",-6.49739,-0.81528,-0.692182,-0,-1.96244,-27.2257,-15.3857,0.866103,-0.224461,-61.7996,-42.6114,8.13422
N#C[C@@H]1CC[C@H](C#N)N1C(=O)C[NH2+]C1(Cc2ccccc2)CCC1,"CHEMBL209127",700,Done,6.8,-3.39794,"glide_grid_1X70",-5.06394,-0.809015,-0.354217,-0,-1.79161,-26.5003,-11.1432,1.07349,-0.186096,-51.2721,-37.6435,6.02305
CCOCC1([NH2+]CC(=O)N2[C@H](C#N)CC[C@@H]2C#N)CCCC1,"CHEMBL209191",702,Done,11.65,-4.19259,"glide_grid_1X70",-4.87569,-0.376036,-0.624466,-0,-1.66016,-23.0356,-13.4076,1.18734,-0.239462,-48.7581,-36.4431,11.0898
Cc1ccc2c(c1)CN(C(=O)[C@@H]1C[NH2+][C@H](C(=O)N3CCCC3)C1)C2,"CHEMBL209981",703,Done,3.35,-6.88636,"glide_grid_1X70",-6.98006,-1.17927,-0.409106,-0,-2.09938,-31.3048,-13.3958,0.487534,-0.205219,-69.4549,-44.7006,3.72776
CCCCOCC1([NH2+]CC(=O)N2[C@H](C#N)CC[C@@H]2C#N)CCCC1,"CHEMBL209994",706,Done,13.06,-4.43319,"glide_grid_1X70",-5.11629,-1.05176,-0.420133,-0,-1.64807,-27.1373,-11.8995,1.35609,-0.210624,-51.6942,-39.0369,10.4856
O=C([C@@H]1C[NH2+][C@H](C(=O)N2CCCC2)C1)N1Cc2ccc(F)cc2C1,"CHEMBL210225",707,Done,3.59,-7.06191,"glide_grid_1X70",-7.15561,-1.22142,-0.4,-0,-2.07053,-33.1586,-13.4941,0.477304,-0.25891,-73.1964,-46.6527,4.83306
CC(C)([NH2+]CC(=O)N1[C@H](C#N)CC[C@@H]1C#N)c1ccccc1,"CHEMBL210259",710,Done,3.53,-3.1009,"glide_grid_1X70",-5.1275,-0.0569886,-0.687433,-0,-1.68899,-25.0571,-13.6878,0.829319,-0.217375,-54.4775,-38.745,4.36646
O=C([C@@H]1C[NH2+][C@H](C(=O)N2CCSC2)C1)N1Cc2ccccc2C1,"CHEMBL210353",711,Done,3.59,-7.10167,"glide_grid_1X70",-7.24557,-1.52273,-0.4,-0,-2.00434,-35.2204,-12.1991,0.477179,-0.204797,-75.7353,-47.4195,4.88606
CC1(C)[NH2+][C@H](C(=O)N2CCC[C@H]2C#N)C[C@@H]1C(=O)N1Cc2ccccc2C1,"CHEMBL210522",713,Done,4.06,-4.45935,"glide_grid_1X70",-4.56295,-0.610603,-0.340099,-0,-1.41792,-17.214,-11.3672,0.570508,-0.199049,-36.8664,-28.5812,12.3708
O=C([C@@H]1C[NH2+][C@H](C(=O)N2CC[C@H](F)C2)C1)N1Cc2ccccc2C1,"CHEMBL210590",715,Done,3.61,-6.93497,"glide_grid_1X70",-7.05117,-0.824515,-0.4,-0,-2.60436,-27.6505,-14.2239,0.477304,-0.183479,-68.3095,-41.8745,3.63596
O=C([C@@H]1C[NH2+][C@H](C(=O)N2CCCC2)C1)N1Cc2ccc(C(F)(F)F)cc2C1,"CHEMBL210718",717,Done,5.17,-7.25374,"glide_grid_1X70",-7.34744,-1.02994,-0.401306,-0,-1.68635,-38.4934,-15.0232,0.371877,-0.423581,-86.1852,-53.5165,2.26718
O=C(NCc1ccccc1)[C@@H]1C[NH2+][C@H](C(=O)N2CCCC2)C1,"CHEMBL210920",719,Done,8.42,-6.92104,"glide_grid_1X70",-7.01474,-1.58829,-0.278287,-0,-2.20412,-38.4034,-11.9953,1.00674,-0.231322,-79.1025,-50.3986,3.71565
O=C(NCc1ccccc1)[C@@H]1CN[C@H](C(=O)N2CCCC2)C1,"CHEMBL210920",720,Done,8.86,-3.22088,"glide_grid_1X70",-4.35998,-1.17267,-0.191515,-0,-1.76235,-35.2578,-2.02144,1.01265,-0.179988,-46.8578,-37.2792,6.43222
O=C(NCCc1ccccc1)[C@@H]1C[NH2+][C@H](C(=O)N2CCCC2)C1,"CHEMBL210941",721,Done,8.53,-6.36903,"glide_grid_1X70",-6.46273,-1.47231,-0.251451,-0,-2.08011,-33.3624,-12.5741,1.11565,-0.22027,-69.414,-45.9366,4.37665
O=C(NCCc1ccccc1)[C@@H]1CN[C@H](C(=O)N2CCCC2)C1,"CHEMBL210941",722,Done,13.03,-3.90321,"glide_grid_1X70",-5.04231,-1.60928,-0.126843,-0,-1.96004,-25.9885,-7.08734,1.12193,-0.105544,-44.8001,-33.0759,5.49765
N#C[C@@H]1CCCN1C(=O)[C@@H]1C[C@H](C(=O)N2Cc3ccccc3C2)C[NH2+]1,"CHEMBL210995",723,Done,3.22,-5.92584,"glide_grid_1X70",-6.09914,-1.10903,-0.4,-0,-1.61029,-36.7748,-10.617,0.657095,-0.20561,-69.2758,-47.3919,2.5566
N#C[C@@H]1CC[C@H](C#N)N1C(=O)C[NH2+][C@H]1C[C@@H]2CC[C@H]1C2,"CHEMBL211024",725,Done,3.2,-5.03492,"glide_grid_1X70",-5.33062,-0.3567,-0.389805,-0,-1.83559,-19.7593,-15.2713,0.720183,-0.190053,-53.0832,-35.0306,3.6088
CC[C@H](C)[C@H]([NH3+])C(=O)N1CCC[C@H]1C(=O)N[C@H](C(=O)[O-])[C@@H](C)CC,"CHEMBL214381",727,Done,13.68,-5.34935,"glide_grid_1X70",-5.57805,-0.188937,-0.966718,-0,-1.20605,-14.7914,-22.8504,1.1378,-0.187011,-57.5838,-37.6418,6.02585
CC[C@H](C)[C@H](N)C(=O)N1CCC[C@H]1C(=O)N[C@H](C(=O)[O-])[C@@H](C)CC,"CHEMBL214381",728,Done,13.39,-3.0031,"glide_grid_1X70",-3.6778,-0.524179,-0.521542,-0,-1.44662,-22.9114,-7.45005,1.14378,-0.0661585,-36.4537,-30.3614,5.44579
CC[C@H](C)[C@@H](C[C@H](N)C(=O)N1CCCCC1)[NH2+]Cc1ccc(Cl)cc1,"CHEMBL214580",729,Done,14.84,-5.92877,"glide_grid_1X70",-6.35997,-1.63267,-0.321466,-0,-1.78669,-33.111,-11.2481,0.857914,-0.134304,-59.5746,-44.3591,13.675
CC[C@H](C)[C@@H](C[C@H]([NH3+])C(=O)N1CCCCC1)[NH2+]Cc1ccc(Cl)cc1,"CHEMBL214580",730,Done,14.04,-7.8149,"glide_grid_1X70",-8.4381,-1.34817,-0.409716,-0,-2.18079,-30.0148,-22.7253,0.597605,-0.187495,-96.023,-52.7401,4.18583
CC[C@H](C)[C@@H](C[C@H]([NH3+])C(=O)N1CCCCC1)NCc1ccc(Cl)cc1,"CHEMBL214580",731,Done,19.24,-6.09907,"glide_grid_1X70",-7.33457,-1.26435,-0.426937,-0,-1.97367,-31.9567,-16.8011,0.60054,-0.15215,-76.7447,-48.7578,8.33082
CC[C@H](C)[C@@H](C[C@H](N)C(=O)N1CCCCC1)NCc1ccc(Cl)cc1,"CHEMBL214580",732,Done,18.4,-4.26553,"glide_grid_1X70",-6.12283,-1.92713,-0.592141,-0,-1.46571,-30.6775,-9.44714,0.862138,-0.0490434,-49.6362,-40.1247,9.22141
C[C@@H](C[C@H](N)C(=O)N1CCCCC1)[NH2+]Cc1ccc(Cl)cc1,"CHEMBL215299",733,Done,17.03,-6.52391,"glide_grid_1X70",-6.93471,-1.34821,-0.607627,-0,-2.20764,-21.993,-16.3264,0.887512,-0.110143,-57.0126,-38.3194,9.50337
C[C@@H](C[C@H]([NH3+])C(=O)N1CCCCC1)[NH2+]Cc1ccc(Cl)cc1,"CHEMBL215299",734,Done,15.72,-8.25643,"glide_grid_1X70",-8.91683,-1.19356,-0.437358,-0,-2.4796,-25.3115,-26.1886,0.617871,-0.230309,-93.6721,-51.5001,11.5879
C[C@@H](C[C@H]([NH3+])C(=O)N1CCCCC1)NCc1ccc(Cl)cc1,"CHEMBL215299",735,Done,21.05,-5.78646,"glide_grid_1X70",-7.03506,-1.4494,-0.425195,-0,-1.85826,-27.2878,-17.798,0.887512,-0.155627,-69.9126,-45.0858,7.2885
C[C@@H](C[C@H](N)C(=O)N1CCCCC1)NCc1ccc(Cl)cc1,"CHEMBL215299",736,Done,22.02,-4.11725,"glide_grid_1X70",-5.88645,-1.81402,-0.540907,-0,-1.73527,-27.9221,-8.27646,0.892391,-0.0510628,-45.1935,-36.1986,9.3282
[NH3+][C@@H](CC(=O)N1CCCNC(=O)[C@H]1Cc1ccccn1)Cc1cc(F)c(F)cc1F,"CHEMBL216178",737,Done,6.57,-9.35759,"glide_grid_1X70",-9.36799,-1.10894,-1.08062,-0,-2.4056,-34.5482,-22.3741,0.468255,-0.15756,-95.8217,-56.9223,11.5135
N[C@@H](CC(=O)N1CCCNC(=O)[C@H]1Cc1ccccn1)Cc1cc(F)c(F)cc1F,"CHEMBL216178",738,Done,7.34,-3.56814,"glide_grid_1X70",-5.96574,-1.21209,-0.604631,-0,-1.50707,-29.5791,-11.2148,0.671838,-0.152614,-51.0122,-40.7939,8.84489
[NH3+][C@@H](CC(=O)N1CCn2c(nnc2C(F)(F)F)C1)Cc1cc(F)ccc1F,"CHEMBL216186",739,Done,4.27,-9.96572,"glide_grid_1X70",-9.97792,-1.0848,-0.879143,-0,-2.60383,-37.251,-24.1383,0.358428,-0.285285,-107.356,-61.3893,6.28309
N[C@@H](CC(=O)N1CCn2c(nnc2C(F)(F)F)C1)Cc1cc(F)ccc1F,"CHEMBL216186",740,Done,4.32,-5.06486,"glide_grid_1X70",-7.37186,-1.12135,-0.761668,-0,-1.97116,-35.7804,-13.9877,0.514423,-0.144936,-68.1056,-49.768,8.5467
C[C@H](CC(=O)NC(C)(C)c1ccccc1)[NH2+]CC(=O)N1CCC[C@H]1C#N,"CHEMBL216203",741,Done,8.43,-5.84048,"glide_grid_1X70",-6.21148,-1.40852,-0.307948,-0,-2.06724,-29.6801,-12.642,1.19854,-0.246021,-63.2623,-42.3221,10.1862
C[C@H](CC(=O)NC(C)(C)c1ccccc1)NCC(=O)N1CCC[C@H]1C#N,"CHEMBL216203",742,Done,8.72,-4.24515,"glide_grid_1X70",-4.69835,-1.40487,-0.210128,-0,-1.75264,-36.5904,-3.43658,1.20459,-0.190296,-47.5961,-40.027,11.5922
C[C@H]1C(=O)NCCCN1C(=O)C[C@@H]([NH3+])Cc1cc(F)c(F)cc1F,"CHEMBL216234",743,Done,5.36,-9.05125,"glide_grid_1X70",-9.06125,-0.943066,-0.865632,-0,-2.63688,-27.4563,-23.3375,0.448326,-0.190563,-81.8819,-50.7938,14.3462
C[C@H]1C(=O)NCCCN1C(=O)C[C@@H](N)Cc1cc(F)c(F)cc1F,"CHEMBL216234",744,Done,4.51,-4.56903,"glide_grid_1X70",-6.99223,-1.32666,-0.755723,-0,-2.22336,-30.3932,-11.4528,0.643807,-0.0927326,-56.4722,-41.8459,6.51652
CN1C(=O)C=C(N2CCC[C@@H]([NH3+])C2)[C@@H](Cc2ccccc2C#N)C1=O,"CHEMBL216253",745,Done,2.26,-4.61795,"glide_grid_1X70",-5.20755,-0.379122,-0.4,-0,-1.49691,-25.4754,-13.4571,0.492821,-0.131999,-58.2508,-38.9326,3.54855
CN1C(=O)CC(N2CCC[C@@H]([NH3+])C2)=C(Cc2ccccc2C#N)C1=O,"CHEMBL216253",746,Done,2.17,-5.05352,"glide_grid_1X70",-5.65302,-0.18319,-0.4,-0,-1.75655,-27.8499,-14.1629,0.344975,-0.141319,-61.8602,-42.0128,2.11908
Cn1c([O-])cc(N2CCC[C@@H]([NH3+])C2)c(Cc2ccccc2C#N)c1=O,"CHEMBL216253",747,Done,2.37,-5.69761,"glide_grid_1X70",-6.51991,-0.365825,-0.886275,-0,-1.95323,-23.3036,-15.7289,0.346798,-0.136863,-60.1462,-39.0325,1.1807
CC(C)(CC(=O)NCc1ccccn1)[NH2+]CC(=O)N1CCC[C@H]1C#N,"CHEMBL216296",748,Done,6.85,-5.16074,"glide_grid_1X70",-5.41934,-0.902228,-0.403036,-0,-1.66557,-27.3629,-14.193,1.28041,-0.231815,-58.2612,-41.5559,6.7802
CC(C)(CC(=O)NCc1ccccn1)NCC(=O)N1CCC[C@H]1C#N,"CHEMBL216296",749,Done,8.6,-1.90381,"glide_grid_1X70",-2.52751,-0.68426,-0.124303,-0,-1.36324,-23.0698,-2.09102,1.28709,-0.175644,-26.1736,-25.1609,10.6554
CC(C)(CC(=O)NCc1ccccc1)[NH2+]CC(=O)N1CCC[C@H]1C#N,"CHEMBL216377",750,Done,7.54,-6.08835,"glide_grid_1X70",-6.37805,-1.62905,-0.135922,-0,-2.0891,-32.6426,-9.95282,0.900868,-0.299793,-63.031,-42.5954,8.48567
CC(C)(CC(=O)NCc1ccccc1)NCC(=O)N1CCC[C@H]1C#N,"CHEMBL216377",751,Done,8.29,-4.28104,"glide_grid_1X70",-4.84394,-1.51002,-0.287423,-0,-1.57479,-32.0168,-6.61863,1.29368,-0.171752,-46.2197,-38.6354,11.7128
CC(C)(CC(=O)Nc1ccccc1)[NH2+]CC(=O)N1CCC[C@H]1C#N,"CHEMBL216383",752,Done,6.31,-5.18802,"glide_grid_1X70",-5.47482,-0.870237,-0.371843,-0,-1.72315,-31.3699,-12.8544,1.21238,-0.22532,-60.7034,-44.2243,8.2154
CC(C)(CC(=O)NCc1ccc(C(F)(F)F)cc1)[NH2+]CC(=O)N1CCC[C@H]1C#N,"CHEMBL216453",754,Done,10.51,-4.20205,"glide_grid_1X70",-4.48885,-0.743807,-0.39063,-0,-1.20705,-26.9421,-10.8782,1.04786,-0.216396,-50.5852,-37.8204,10.0449
[NH3+][C@@H](CC(=O)N1CCCNC(=O)C1)Cc1cc(F)c(F)cc1F,"CHEMBL216643",756,Done,4.6,-9.24853,"glide_grid_1X70",-9.25853,-1.06058,-0.834662,-0,-2.9622,-31.0827,-20.062,0.361948,-0.199606,-90.211,-51.1446,6.41269
N[C@@H](CC(=O)N1CCCNC(=O)C1)Cc1cc(F)c(F)cc1F,"CHEMBL216643",757,Done,5.48,-4.15293,"glide_grid_1X70",-6.57613,-0.98272,-0.693346,-0,-2.30602,-28.4153,-10.8524,0.519869,-0.065285,-48.1931,-39.2678,13.49
C[C@H](c1nc(-c2ccccc2C(F)F)no1)[C@H](N)C(=O)N1CCCC1,"CHEMBL216774",758,Done,4.89,-4.76569,"glide_grid_1X70",-4.98789,-1.05322,-0.304,-0,-1.57154,-36.5432,-3.96888,0.621076,-0.257714,-46.8345,-40.5121,12.125
C[C@H](c1nc(-c2ccccc2C(F)F)no1)[C@H]([NH3+])C(=O)N1CCCC1,"CHEMBL216774",759,Done,4.82,-7.72859,"glide_grid_1X70",-8.41729,-1.64891,-0.714619,-0,-2.05143,-29.7836,-18.5506,0.432538,-0.163084,-84.2969,-48.3343,4.40929
C[C@H](c1nc(-c2ccc(S(C)(=O)=O)cc2Cl)no1)[C@H](N)C(=O)N1CCCC1,"CHEMBL216835",760,Done,3.98,-5.34454,"glide_grid_1X70",-5.56674,-1.42948,-0.218383,-0,-1.27099,-31.9443,-9.05063,0.462769,-0.155853,-53.5271,-40.9949,7.28456
C[C@H](c1nc(-c2ccc(S(C)(=O)=O)cc2Cl)no1)[C@H]([NH3+])C(=O)N1CCCC1,"CHEMBL216835",761,Done,3.96,-5.41993,"glide_grid_1X70",-6.10863,-0.808581,-0.380261,-0,-1.28084,-26.0511,-15.7106,0.322516,-0.302312,-69.4559,-41.7618,3.30572
C[C@H](c1nc(-c2ccccc2)no1)[C@H](N)C(=O)N1CCCC1,"CHEMBL216854",762,Done,3.06,-5.09846,"glide_grid_1X70",-5.32066,-1.57334,-0.353105,-0,-1.79734,-24.3105,-7.27617,0.814975,-0.104906,-42.0973,-31.5867,3.59782
C[C@H](c1nc(-c2ccccc2)no1)[C@H]([NH3+])C(=O)N1CCCC1,"CHEMBL216854",763,Done,2.95,-6.24956,"glide_grid_1X70",-6.93826,-0.999012,-0.441057,-0,-2.27853,-31.5788,-12.7463,0.567147,-0.295921,-68.3995,-44.3251,12.5868
C[C@H](c1nc(-c2ccc(F)cc2Cl)no1)[C@H](N)C(=O)N1CCCC1,"CHEMBL216855",764,Done,3.59,-4.76433,"glide_grid_1X70",-4.98653,-1.33574,-0.387713,-0,-1.28028,-28.5863,-7.15336,0.613495,-0.0939724,-44.288,-35.7396,10.5154
C[C@H](c1nc(-c2ccc(F)cc2Cl)no1)[C@H]([NH3+])C(=O)N1CCCC1,"CHEMBL216855",765,Done,3.13,-7.04851,"glide_grid_1X70",-7.73721,-1.28012,-0.423507,-0,-1.89269,-33.4609,-16.9173,0.427272,-0.357526,-78.7801,-50.3781,10.5775
CC(C)(CC(=O)NCCc1ccccc1C(F)(F)F)[NH2+]CC(=O)N1CCC[C@H]1C#N,"CHEMBL216878",766,Done,11.06,10000.3,"glide_grid_1X70",10000,0,-0.476376,-0,-1.06373,51.4922,-12.7842,0.767099,-0.33959,10000,38.708,9.0288
C[C@H]1C(=O)NCCCN1C(=O)C[C@H]([NH3+])Cc1cc(F)c(F)cc1F,"CHEMBL217005",768,Done,5.64,-9.4933,"glide_grid_1X70",-9.5033,-1.19603,-1.1062,-0,-2.58396,-29.534,-22.6464,0.448326,-0.191772,-93.3497,-52.1805,6.62975
C[C@H]1C(=O)NCCCN1C(=O)C[C@H](N)Cc1cc(F)c(F)cc1F,"CHEMBL217005",769,Done,3.27,-4.25777,"glide_grid_1X70",-6.68097,-0.898328,-0.638341,-0,-2.2397,-30.0727,-13.1401,0.643807,-0.0737607,-57.0038,-43.2128,7.57664
C[C@@H]1C(=O)NCCN1C(=O)C[C@H]([NH3+])Cc1cc(F)ccc1F,"CHEMBL217015",770,Done,7.14,-9.44967,"glide_grid_1X70",-9.46037,-0.927833,-1.17038,-0,-2.67862,-29.2048,-23.9345,0.532664,-0.165784,-95.0109,-53.1393,5.75114
C[C@@H]1C(=O)NCCN1C(=O)C[C@H](N)Cc1cc(F)ccc1F,"CHEMBL217015",771,Done,6.67,-3.05856,"glide_grid_1X70",-5.44126,-1.02899,-0.532437,-0,-1.81244,-17.6721,-12.3417,0.765283,-0.0978276,-34.9041,-30.0138,17.5741
C[C@@H]1C(=O)NCCCN1C(=O)C[C@H]([NH3+])Cc1cc(F)ccc1F,"CHEMBL217016",772,Done,4.92,-9.40783,"glide_grid_1X70",-9.41783,-1.07771,-1.13073,-0,-2.72945,-28.9469,-22.2215,0.493,-0.192371,-89.5419,-51.1683,9.17754
C[C@@H]1C(=O)NCCCN1C(=O)C[C@H](N)Cc1cc(F)ccc1F,"CHEMBL217016",773,Done,5.13,-4.42694,"glide_grid_1X70",-6.85014,-1.01435,-1.05712,-0,-2.11042,-28.9203,-12.4235,0.708142,-0.0668411,-54.8337,-41.3438,9.81004
C[C@H](CCc1ccc(C(N)=O)cc1)NCC(=O)c1ccc(F)c(F)c1,"CHEMBL217017",774,Done,9.05,-4.21244,"glide_grid_1X70",-4.34724,-0.314148,-0.710876,-0,-1.04747,-26.6511,-10.8974,0.950779,-0.258369,-46.7242,-37.5484,6.85478
C[C@H](CCc1ccc(C(N)=O)cc1)[NH2+]CC(=O)c1ccc(F)c(F)c1,"CHEMBL217017",775,Done,6.77,-6.7081,"glide_grid_1X70",-7.6514,-1.27762,-0.72,-0,-2.36755,-29.9136,-17.1491,0.945884,-0.164072,-75.1184,-47.0627,13.0364
C[C@@H]1c2nnc(C(F)(F)F)n2CCN1C(=O)C[C@H]([NH3+])Cc1cc(F)ccc1F,"CHEMBL217051",776,Done,5.22,-9.90165,"glide_grid_1X70",-9.91345,-1.0918,-0.865499,-0,-2.50408,-37.847,-24.0701,0.336372,-0.285565,-107.46,-61.9172,6.1269
C[C@@H]1c2nnc(C(F)(F)F)n2CCN1C(=O)C[C@H](N)Cc1cc(F)ccc1F,"CHEMBL217051",777,Done,5.63,-3.27745,"glide_grid_1X70",-5.60215,-0.922615,-0.576,-0,-1.47091,-28.4996,-10.6511,0.482697,-0.0926762,-47.7721,-39.1507,11.5866
COc1ccc(NC(=O)CC(C)(C)[NH2+]CC(=O)N2CCC[C@H]2C#N)c(OC)c1OC,"CHEMBL217059",778,Done,7.69,-2.63193,"glide_grid_1X70",-2.91873,-0.717058,-0.310057,-0,0.381721,-31.084,-9.18011,0.899391,-0.241511,-42.7106,-40.2642,11.0146
COc1ccc(NC(=O)CC(C)(C)[NH2+]CC(=O)N2CCC[C@H]2C#N)cc1OC,"CHEMBL217198",782,Done,7.53,-1.72644,"glide_grid_1X70",-2.01324,-0.805718,-0.382001,-0,1.54676,-31.6468,-10.5701,1.02816,-0.232577,-35.3673,-42.2169,13.947
CC(C)(Cc1ccccc1)NC(=O)CC(C)(C)[NH2+]CC(=O)N1CCC[C@H]1C#N,"CHEMBL217212",785,Done,7.73,-2.87075,"glide_grid_1X70",-3.59585,-0.499355,-0.611079,-0,-1.45929,-8.19747,-10.4827,1.17801,-0.221859,-27.8033,-18.6802,11.4514
C[C@@H](CC(=O)NC(C)(C)c1ccccc1)[NH2+]CC(=O)N1CCC[C@H]1C#N,"CHEMBL217245",786,Done,7.65,-7.10973,"glide_grid_1X70",-7.48073,-1.70638,-0.336866,-0,-2.06954,-38.4819,-16.0809,1.19854,-0.23026,-76.8265,-54.5628,12.0562
[NH3+][C@@H](CC(=O)N1CCCNC(=O)[C@H]1CC(F)(F)F)Cc1cc(F)c(F)cc1F,"CHEMBL217271",788,Done,8.51,-9.24579,"glide_grid_1X70",-9.25689,-1.06719,-1.08958,-0,-2.21387,-31.5721,-23.1838,0.405883,-0.235956,-94.5279,-54.7559,8.2003
N[C@@H](CC(=O)N1CCCNC(=O)[C@H]1CC(F)(F)F)Cc1cc(F)c(F)cc1F,"CHEMBL217271",789,Done,9.41,-2.88637,"glide_grid_1X70",-5.24627,-1.04636,-0.475097,-0,-1.97058,-28.0234,-5.37288,0.5824,-0.12953,-43.0956,-33.3963,8.47072
Cc1ccc(CCNC(=O)CC(C)(C)[NH2+]CC(=O)N2CCC[C@H]2C#N)cc1,"CHEMBL217339",792,Done,6.46,-4.66293,"glide_grid_1X70",-4.94403,-0.904219,-0.400202,-0,-1.52725,-29.556,-11.844,1.39873,-0.256689,-53.9375,-41.4,10.427
Cc1ccc(CCNC(=O)CC(C)(C)NCC(=O)N2CCC[C@H]2C#N)cc1,"CHEMBL217339",793,Done,8.64,10000.6,"glide_grid_1X70",10000,-1.25763,-0.00164566,-0,-1.50577,68.3963,-3.27731,1.40554,-0.20155,10000,65.119,2.78957
C[C@H](CCc1ccc(C(N)=O)cc1)NCC(=O)c1ccccc1,"CHEMBL217388",794,Done,9.08,-2.78776,"glide_grid_1X70",-2.93256,-0.371055,-0.26259,-0,-1.29279,-22.4685,-5.75101,1.15402,-0.174062,-35.0667,-28.2195,2.90955
C[C@H](CCc1ccc(C(N)=O)cc1)[NH2+]CC(=O)c1ccccc1,"CHEMBL217388",795,Done,7.21,-5.74252,"glide_grid_1X70",-6.64812,-1.2093,-0.396417,-0,-1.91382,-29.852,-17.2516,1.14746,-0.195713,-70.3182,-47.1036,8.43258
C[C@H](CCc1ccc(C(N)=O)cc1)NCC(=O)c1ccccc1F,"CHEMBL217532",796,Done,8.89,-2.90848,"glide_grid_1X70",-3.05328,-0.462756,-0.267634,-0,-1.17013,-25.1393,-5.02912,1.04498,-0.186412,-37.8281,-30.1684,2.36208
C[C@H](CCc1ccc(C(N)=O)cc1)[NH2+]CC(=O)c1ccccc1F,"CHEMBL217532",797,Done,7.59,-6.232,"glide_grid_1X70",-7.1376,-1.42257,-0.640941,-0,-2.12012,-29.9355,-15.4117,1.03934,-0.184775,-72.0135,-45.3472,12.1313
[NH3+][C@@H](CC(=O)N1CCCNC(=O)[C@H]1Cc1cnccn1)Cc1cc(F)c(F)cc1F,"CHEMBL217702",798,Done,7.01,-8.58833,"glide_grid_1X70",-8.59883,-1.21315,-0.878997,-0,-2.27645,-36.132,-18.1045,0.466276,-0.17423,-88.8046,-54.2365,12.5757
N[C@@H](CC(=O)N1CCCNC(=O)[C@H]1Cc1cnccn1)Cc1cc(F)c(F)cc1F,"CHEMBL217702",799,Done,7.85,-3.76166,"glide_grid_1X70",-6.15656,-0.965346,-0.947031,-0,-1.48984,-28.0064,-12.4522,0.668993,-0.155181,-52.6464,-40.4586,7.95646
C[C@H](CCc1ccc(C(N)=O)cc1)NCC(=O)c1ccc(Cl)cc1,"CHEMBL217801",800,Done,8.28,-4.53853,"glide_grid_1X70",-4.66393,-0.924555,-0.637112,-0,-1.17692,-22.5704,-10.5333,0.958313,-0.175156,-43.0482,-33.1036,6.91236
C[C@H](CCc1ccc(C(N)=O)cc1)[NH2+]CC(=O)c1ccc(Cl)cc1,"CHEMBL217801",801,Done,6.43,-6.00793,"glide_grid_1X70",-6.98943,-1.65691,-0.52376,-0,-1.74726,-32.4313,-14.6999,0.953359,-0.18831,-74.7354,-47.1311,6.90206
CC(C)(CC(=O)NCCc1ccccn1)[NH2+]CC(=O)N1CCC[C@H]1C#N,"CHEMBL218026",802,Done,9.83,-5.2379,"glide_grid_1X70",-5.5127,-0.834495,-0.49589,-0,-1.48221,-33.1425,-14.5297,1.34175,-0.205272,-68.9658,-47.6722,6.50509
CC(C)(CC(=O)NCCc1ccccn1)NCC(=O)N1CCC[C@H]1C#N,"CHEMBL218026",803,Done,9.9,-2.56834,"glide_grid_1X70",-3.17654,-0.628467,-0.289399,-0,-1.22617,-30.7616,-4.30901,1.3485,-0.196574,-37.7566,-35.0706,14.1634
C[C@H](c1nc(-c2ccc(Cl)cc2Cl)co1)[C@H]([NH3+])C(=O)N1CCCC1,"CHEMBL218254",804,Done,3.69,-6.41859,"glide_grid_1X70",-6.77619,-1.25402,-0.518278,-0,-1.78508,-34.3392,-11.4805,0.395884,-0.175659,-72.7217,-45.8197,4.23813
C[C@H](c1nc(-c2ccc(Cl)cc2Cl)co1)[C@H](N)C(=O)N1CCCC1,"CHEMBL218254",805,Done,3.54,-4.72273,"glide_grid_1X70",-5.19173,-1.33755,-0.304,-0,-1.34033,-37.1414,-5.99424,0.568317,-0.0219572,-53.0978,-43.1356,8.34748
C[C@H](CCc1ccc(C(N)=O)cc1)NCC(=O)c1ccc(F)cc1,"CHEMBL218289",806,Done,8.3,-2.85103,"glide_grid_1X70",-2.98583,-0.481609,-0.268359,-0,-1.2066,-24.9937,-4.30948,1.04498,-0.178141,-37.2997,-29.3032,2.41936
C[C@H](CCc1ccc(C(N)=O)cc1)[NH2+]CC(=O)c1ccc(F)cc1,"CHEMBL218289",807,Done,6.62,-6.68413,"glide_grid_1X70",-7.62743,-1.42858,-0.547154,-0,-2.39585,-35.3461,-15.5326,1.03934,-0.197984,-79.1872,-50.8787,9.8359
C[C@H](c1nc(-c2ccc(Cl)cc2Cl)n[nH]1)[C@H](N)C(=O)N1CCCC1,"CHEMBL218306",808,Done,4.09,-5.64692,"glide_grid_1X70",-6.10002,-1.26614,-0.402676,-0,-1.85325,-36.7208,-7.46491,0.568308,-0.190484,-58.3196,-44.1858,9.06022
C[C@H](c1nc(-c2ccc(Cl)cc2Cl)n[nH]1)[C@H]([NH3+])C(=O)N1CCCC1,"CHEMBL218306",809,Done,4.24,-5.83283,"glide_grid_1X70",-6.67303,-1.46622,-0.313595,-0,-1.59006,-30.8818,-13.3455,0.565539,-0.322788,-69.229,-44.2273,4.87729
C[C@H](c1n[nH]c(-c2ccc(Cl)cc2Cl)n1)[C@H]([NH3+])C(=O)N1CCCC1,"CHEMBL218306",811,Done,4.06,-4.95795,"glide_grid_1X70",-6.43195,-0.80272,-0.541446,-0,-1.6763,-28.6081,-14.8952,0.565539,-0.312334,-65.6871,-43.5033,3.15468
C[C@H](c1n[n-]c(-c2ccc(Cl)cc2Cl)n1)[C@H]([NH3+])C(=O)N1CCCC1,"CHEMBL218306",812,Done,3.21,-3.7908,"glide_grid_1X70",-5.7634,-1.0173,-0.385177,-0,-1.74804,-32.0815,-7.52854,0.397816,-0.277343,-58.3892,-39.61,2.87351
C[C@H](c1nnc(-c2ccc(Cl)cc2Cl)[nH]1)[C@H](N)C(=O)N1CCCC1,"CHEMBL218306",813,Done,3.56,-4.10478,"glide_grid_1X70",-6.26458,-1.63308,-0.194276,-0,-1.36618,-36.2606,-10.3891,0.568308,-0.26797,-64.6934,-46.6497,2.11445
C[C@H](c1nnc(-c2ccc(Cl)cc2Cl)[nH]1)[C@H]([NH3+])C(=O)N1CCCC1,"CHEMBL218306",814,Done,3.37,-4.99124,"glide_grid_1X70",-7.50444,-1.07184,-0.318104,-0,-1.77932,-31.6112,-18.8046,0.395878,-0.329803,-78.4457,-50.4157,4.4978
CC[C@@H]1C(=O)NCCCN1C(=O)C[C@H]([NH3+])Cc1cc(F)c(F)cc1F,"CHEMBL218459",817,Done,5.47,-9.44597,"glide_grid_1X70",-9.45587,-1.13856,-1.1212,-0,-2.60659,-28.9562,-22.4524,0.417597,-0.191456,-90.5523,-51.4086,8.25469
CC[C@@H]1C(=O)NCCCN1C(=O)C[C@H](N)Cc1cc(F)c(F)cc1F,"CHEMBL218459",818,Done,5.25,-3.50727,"glide_grid_1X70",-5.93777,-0.955649,-0.673187,-0,-1.85331,-28.2294,-10.1168,0.599569,-0.126188,-47.5108,-38.3463,10.9682
C[C@H](c1nc(-c2ccc(S(=O)(=O)C(F)(F)F)cc2)no1)[C@H](N)C(=O)N1CCCC1,"CHEMBL218882",819,Done,4.52,-4.35818,"glide_grid_1X70",-4.58038,-0.353511,-0.354435,-0,-0.772381,-26.3634,-13.9872,0.532082,-0.215884,-49.2573,-40.3506,7.6988
C[C@H](c1nc(-c2ccc(S(=O)(=O)C(F)(F)F)cc2)no1)[C@H]([NH3+])C(=O)N1CCCC1,"CHEMBL218882",820,Done,4.62,-7.47287,"glide_grid_1X70",-8.16157,-1.40478,-0.446628,-0,-1.59147,-34.3888,-20.2907,0.370889,-0.326541,-88.4932,-54.6795,9.13277
C[C@H](c1nc(-c2ccc([N-]S(C)(=O)=O)cc2)no1)[C@H](N)C(=O)N1CCCC1,"CHEMBL218911",821,Done,4.24,-4.07247,"glide_grid_1X70",-4.66587,-0.569601,-0.494755,-0,-0.733203,-29.8771,-11.9245,0.633844,-0.21962,-49.6672,-41.8016,11.2651
C[C@H](c1nc(-c2ccc(NS(C)(=O)=O)cc2)no1)[C@H](N)C(=O)N1CCCC1,"CHEMBL218911",822,Done,4.04,-3.97516,"glide_grid_1X70",-4.65036,-1.08339,-0.217897,-0,-1.07028,-27.2026,-9.47355,0.630929,-0.128557,-46.4737,-36.6762,6.44916
C[C@H](c1nc(-c2ccc([N-]S(C)(=O)=O)cc2)no1)[C@H]([NH3+])C(=O)N1CCCC1,"CHEMBL218911",823,Done,4.2,-6.68029,"glide_grid_1X70",-7.74019,-1.27746,-0.361449,-0,-1.7108,-36.0392,-16.6732,0.44165,-0.529197,-85.8375,-52.7124,11.8891
C[C@H](c1nc(-c2ccc(NS(C)(=O)=O)cc2)no1)[C@H]([NH3+])C(=O)N1CCCC1,"CHEMBL218911",824,Done,4.09,-7.0377,"glide_grid_1X70",-8.1795,-1.03997,-0.4,-0,-1.66289,-36.7839,-21.143,0.439624,-0.505624,-89.6001,-57.9269,13.9977
C[C@H](c1nc(-c2ccc(S(C)(=O)=O)cc2F)no1)[C@H](N)C(=O)N1CCCC1,"CHEMBL219278",825,Done,4.18,-4.75092,"glide_grid_1X70",-4.97312,-1.3439,-0.237693,-0,-1.04247,-31.3148,-6.89439,0.497951,-0.247111,-50.4828,-38.2092,3.83865
C[C@H](c1nc(-c2ccc(S(C)(=O)=O)cc2F)no1)[C@H]([NH3+])C(=O)N1CCCC1,"CHEMBL219278",826,Done,3.8,-7.27128,"glide_grid_1X70",-7.95998,-1.03236,-0.300346,-0,-1.64051,-35.0601,-20.9733,0.346977,-0.434731,-90.2249,-56.0335,8.54503
C[C@H](c1nc(-c2ccccc2F)no1)[C@H](N)C(=O)N1CCCC1,"CHEMBL219369",827,Done,4.4,-4.82725,"glide_grid_1X70",-5.04945,-1.52645,-0.245594,-0,-1.97039,-28.9464,-2.59517,0.735853,-0.206268,-37.8394,-31.5416,11.5413
C[C@H](c1nc(-c2ccccc2F)no1)[C@H]([NH3+])C(=O)N1CCCC1,"CHEMBL219369",828,Done,3.83,-6.67299,"glide_grid_1X70",-7.36169,-1.4948,-0.285178,-0,-2.50648,-25.6638,-13.6946,0.512237,-0.250086,-69.8139,-39.3585,3.39521
C[C@H](c1nc(-c2ccccc2C(F)(F)F)no1)[C@H](N)C(=O)N1CCCC1,"CHEMBL219370",829,Done,4.83,-4.45312,"glide_grid_1X70",-4.67532,-1.07663,-0.281983,-0,-1.27181,-30.786,-5.80106,0.568051,-0.203487,-45.0747,-36.587,5.53378
C[C@H](c1nc(-c2ccccc2C(F)(F)F)no1)[C@H]([NH3+])C(=O)N1CCCC1,"CHEMBL219370",830,Done,4.83,-7.46381,"glide_grid_1X70",-8.15251,-1.45024,-0.423653,-0,-2.25297,-31.0228,-17.5396,0.395699,-0.239282,-82.2586,-48.5624,4.53718
C[C@H](c1nc(-c2cc(Cl)cc(Cl)c2)no1)[C@H](N)C(=O)N1CCCC1,"CHEMBL219382",831,Done,3.09,-4.04693,"glide_grid_1X70",-4.26913,-0.910996,-0.276226,-0,-1.19365,-31.8385,-4.98412,0.565603,-0.114317,-46.605,-36.8226,2.73802
C[C@H](c1nc(-c2ccc(S(N)(=O)=O)cc2)no1)[C@H](N)C(=O)N1CCCC1,"CHEMBL219602",833,Done,4.04,-5.3378,"glide_grid_1X70",-5.5628,-1.18253,-0.209105,-0,-1.22521,-37.7667,-8.22924,0.538715,-0.361952,-55.6166,-45.996,14.5183
C[C@H](c1nc(-c2ccc(S(N)(=O)=O)cc2)no1)[C@H]([NH3+])C(=O)N1CCCC1,"CHEMBL219602",834,Done,3.86,-7.1502,"glide_grid_1X70",-7.8418,-1.24954,-0.420403,-0,-1.50681,-36.7751,-17.9842,0.375312,-0.503971,-84.8672,-54.7592,10.8553
C[C@H](c1nc(-c2ccc(Cl)cc2)no1)[C@H](N)C(=O)N1CCCC1,"CHEMBL220021",835,Done,3.2,-4.87313,"glide_grid_1X70",-5.09533,-1.73796,-0.227758,-0,-1.43671,-30.6157,-4.8195,0.67321,-0.112394,-46.6941,-35.4352,2.74541
C[C@H](c1nc(-c2ccc(Cl)cc2)no1)[C@H]([NH3+])C(=O)N1CCCC1,"CHEMBL220021",836,Done,2.88,-6.58802,"glide_grid_1X70",-7.27672,-1.59216,-0.4,-0,-1.79379,-28.4508,-16.519,0.669637,-0.260026,-71.8948,-44.9698,11.3402
C[C@H](c1nc(-c2ccc(OC(F)(F)F)cc2)no1)[C@H](N)C(=O)N1CCCC1,"CHEMBL220249",837,Done,5.56,-4.89045,"glide_grid_1X70",-5.11265,-1.48339,-0.325553,-0,-1.40041,-28.5039,-6.66142,0.658027,-0.136912,-45.6077,-35.1653,5.143
C[C@H](c1nc(-c2ccc(OC(F)(F)F)cc2)no1)[C@H]([NH3+])C(=O)N1CCCC1,"CHEMBL220249",838,Done,5.54,-6.62847,"glide_grid_1X70",-7.31717,-1.12877,-0.440955,-0,-1.68795,-34.2418,-15.6401,0.45846,-0.459847,-78.9109,-49.8819,9.48544
C[C@H](c1nc(-c2ccc(C(F)(F)F)cc2)no1)[C@H](N)C(=O)N1CCCC1,"CHEMBL220301",839,Done,3.92,-5.15806,"glide_grid_1X70",-5.38026,-1.42808,-0.265664,-0,-1.63902,-29.853,-6.18821,0.568051,-0.194673,-47.6243,-36.0412,4.1609
C[C@H](c1nc(-c2ccc(C(F)(F)F)cc2)no1)[C@H]([NH3+])C(=O)N1CCCC1,"CHEMBL220301",840,Done,4.08,-7.08664,"glide_grid_1X70",-7.77534,-1.1899,-0.428086,-0,-1.83722,-34.6141,-16.4379,0.395699,-0.519449,-80.1254,-51.052,10.1431
C[C@H](c1nnc(-c2ccc(Cl)cc2Cl)o1)[C@H]([NH3+])C(=O)N1CCCC1,"CHEMBL220402",841,Done,3.74,-7.62811,"glide_grid_1X70",-7.98571,-1.62291,-0.421682,-0,-1.84797,-31.7011,-17.8037,0.393998,-0.231546,-83.0537,-49.5048,4.52727
C[C@H](c1nnc(-c2ccc(Cl)cc2Cl)o1)[C@H](N)C(=O)N1CCCC1,"CHEMBL220402",842,Done,3.75,-4.04513,"glide_grid_1X70",-4.51413,-0.832364,-0.576,-0,-0.949429,-22.63,-9.85535,0.565603,-0.112143,-41.7806,-32.4853,4.27638
C[C@H](c1noc(-c2ccc(Cl)cc2Cl)n1)[C@H](N)C(=O)N1CCCC1,"CHEMBL220404",843,Done,3.73,-4.18949,"glide_grid_1X70",-4.41169,-0.880406,-0.570142,-0,-0.88196,-28.7165,-7.40107,0.565603,-0.0988038,-43.9855,-36.1175,6.20867
C[C@H](c1noc(-c2ccc(Cl)cc2Cl)n1)[C@H]([NH3+])C(=O)N1CCCC1,"CHEMBL220404",844,Done,3.51,-7.31385,"glide_grid_1X70",-8.00255,-1.58643,-0.660045,-0,-1.83941,-31.5598,-16.9429,0.393998,-0.191238,-82.2037,-48.5027,4.33891
O=C([C@@H]1C[C@H]([NH2+]Cc2ccccc2)CN1)N1CCSC1,"CHEMBL223060",845,Done,10.74,-5.62317,"glide_grid_1X70",-5.94057,-1.04303,-0.294464,-0,-2.03701,-34.0085,-11.8695,1.06752,-0.152738,-67.4446,-45.878,2.93432
O=C([C@@H]1C[C@H](NCc2ccccc2)CN1)N1CCSC1,"CHEMBL223060",846,Done,9.59,-3.76809,"glide_grid_1X70",-4.28959,-0.889843,-0.236893,-0,-1.78806,-32.4054,-5.03383,1.07397,-0.0734173,-48.3112,-37.4392,1.70683
O=C([C@@H]1C[C@H](Nc2ccccc2)CN1)N1CCSC1,"CHEMBL223114",847,Done,8,-4.38876,"glide_grid_1X70",-4.39796,-0.995698,-0.23835,-0,-1.92832,-32.9525,-2.56921,0.936171,-0.138762,-46.6265,-35.5217,0.863243
O=C([C@@H]1C[C@H](Nc2ccccc2)C[NH2+]1)N1CCSC1,"CHEMBL223114",848,Done,5.37,-4.50584,"glide_grid_1X70",-7.02404,-1.47644,-0.625563,-0,-2.15875,-34.9336,-11.7057,0.930297,-0.191044,-70.9544,-46.6393,7.92542
N#Cc1ccc(C[NH2+][C@@H]2CN[C@H](C(=O)N3CCSC3)C2)cc1,"CHEMBL223497",849,Done,7.96,-5.85213,"glide_grid_1X70",-6.25633,-0.885122,-0.38137,-0,-1.82933,-32.7953,-15.1926,0.924494,-0.166356,-71.092,-47.9878,1.57664
N#Cc1ccc(CN[C@@H]2CN[C@H](C(=O)N3CCSC3)C2)cc1,"CHEMBL223497",850,Done,7.3,-4.2547,"glide_grid_1X70",-4.672,-1.11372,-0.205495,-0,-1.59287,-35.3663,-5.77748,0.929684,-0.0546622,-53.1954,-41.1438,3.00306
O=C([C@@H]1C[C@H](N2CCCc3ccccc32)C[NH2+]1)N1CCSC1,"CHEMBL223865",851,Done,4.93,-7.18611,"glide_grid_1X70",-7.33001,-1.18045,-0.414365,-0,-2.11138,-35.9944,-13.381,0.386084,-0.203039,-76.0231,-49.3753,7.72389
O=C([C@@H]1C[C@H](N2CCc3cc(F)ccc32)C[NH2+]1)N1CCSC1,"CHEMBL223914",853,Done,2.82,-7.53607,"glide_grid_1X70",-7.67997,-1.25659,-0.4,-0,-2.31841,-33.0982,-14.8132,0.377759,-0.205832,-77.3195,-47.9114,2.25363
O=C([C@@H]1C[C@H](Nc2ccc(Cl)cc2)CN1)N1CCSC1,"CHEMBL223915",855,Done,6.26,-4.50794,"glide_grid_1X70",-4.51644,-1.0672,-0.226582,-0,-1.64275,-35.3943,-2.87871,0.763111,-0.141501,-49.3751,-38.273,2.56164
O=C([C@@H]1C[C@H](Nc2ccc(Cl)cc2)C[NH2+]1)N1CCSC1,"CHEMBL223915",856,Done,5.53,-4.32557,"glide_grid_1X70",-6.84307,-0.981727,-0.4,-0,-2.18056,-30.7014,-13.9175,0.531157,-0.189246,-69.6781,-44.6189,4.12406
O=C([C@@H]1C[C@H](N2CCc3cc(Br)ccc32)C[NH2+]1)N1CCSC1,"CHEMBL223916",857,Done,2.98,-7.30883,"glide_grid_1X70",-7.45273,-1.41061,-0.4,-0,-1.68575,-35.8854,-14.8852,0.277699,-0.207021,-79.9691,-50.7705,2.17483
O=C([C@@H]1C[C@H](Nc2ccc([N+](=O)[O-])cc2)CN1)N1CCSC1,"CHEMBL224346",859,Done,8.84,-4.97727,"glide_grid_1X70",-4.98577,-0.897221,-0.292265,-0,-1.37559,-37.9664,-7.51695,0.719691,-0.114519,-57.5291,-45.4833,3.66913
O=C([C@@H]1C[C@H](Nc2ccc([N+](=O)[O-])cc2)C[NH2+]1)N1CCSC1,"CHEMBL224346",860,Done,5.73,-5.07163,"glide_grid_1X70",-7.58913,-1.19111,-0.381894,-0,-2.3451,-38.6049,-13.4196,0.501018,-0.228871,-85.2434,-52.0245,2.17959
N#Cc1ccc(NCC[NH2+]CC(=O)N2CCSC2)nc1,"CHEMBL224419",861,Done,5.08,-6.38366,"glide_grid_1X70",-6.56566,-1.19166,-0.500802,-0,-2.34363,-34.3667,-15.6781,1.79386,-0.253378,-75.5365,-50.0448,7.07167
N#Cc1ccc(NCCNCC(=O)N2CCSC2)nc1,"CHEMBL224419",862,Done,6.87,-3.37249,"glide_grid_1X70",-4.16049,-1.13671,-0.304,-0,-2.30062,-35.5029,-7.48098,2.57814,-0.1,-55.105,-42.9839,1.3743
O=C([C@@H]1CCC[NH2+]1)N1CCSC1,"CHEMBL224435",863,Done,1.45,-6.82775,"glide_grid_1X70",-6.97165,-0.888618,-0.400968,-0,-3.00223,-24.4074,-12.7076,0.637505,-0.190828,-60.4514,-37.115,1.49519
O=C([C@@H]1C[C@H](N2CCc3cc([N+](=O)[O-])ccc32)C[NH2+]1)N1CCSC1,"CHEMBL225493",865,Done,4.02,-7.59045,"glide_grid_1X70",-7.73435,-1.16698,-0.427256,-0,-2.17963,-39.2114,-13.8695,0.327616,-0.247103,-86.4379,-53.0809,1.86542
Nc1nc(Cl)c2nc[nH]c2n1,"CHEMBL226396",867,Done,0.7,-5.27847,"glide_grid_1X70",-5.29607,-0.124801,-0.304,-0,-2.98234,-19.4684,-4.92918,0,-0.172136,-34.3318,-24.3976,0
Nc1nc(Cl)c2nc[n-]c2n1,"CHEMBL226396",868,Done,0.65,-2.70523,"glide_grid_1X70",-5.19453,-0.175116,-0.304,-0,-3.13478,-18.8806,-3.11133,0,-0.169909,-28.8968,-21.9919,0
Nc1nc(Cl)c2[nH]cnc2n1,"CHEMBL226396",869,Done,0.69,-1.97158,"glide_grid_1X70",-4.48868,-0.129311,-0.304,-0,-2.94487,-20.6326,0.607132,0,-0.169941,-26.5219,-20.0255,0
N#Cc1ccc(CN(CCO)[C@@H]2CN[C@H](C(=O)N3CCSC3)C2)cc1,"CHEMBL226771",870,Done,26.31,-4.97867,"glide_grid_1X70",-5.27937,-0.763182,-0.423902,-0,-1.70832,-20.7729,-13.7847,0.723238,-0.000851558,-43.668,-34.5577,12.9466
N#Cc1ccc(C[N@@H+](CCO)[C@@H]2CN[C@H](C(=O)N3CCSC3)C2)cc1,"CHEMBL226771",871,Done,17.01,-4.94793,"glide_grid_1X70",-5.50693,-1.28977,-0.161745,-0,-1.62386,-39.9919,-9.19629,1.02807,-0.0805915,-65.0716,-49.1882,11.4102
COc1cc2nc(N3CCC[C@@H]([NH3+])C3)n(Cc3ccccc3C#N)c(=O)c2cc1OC,"CHEMBL227089",872,Done,3.25,-5.76256,"glide_grid_1X70",-5.76506,-0.219144,-0.764059,-0,-1.07215,-22.4304,-17.8464,0.235087,-0.146313,-53.8852,-40.2768,14.2672
N#Cc1ccccc1Cn1c(N2CCC[C@@H]([NH3+])C2)nc2cc(N3CCOCC3)c(F)cc2c1=O,"CHEMBL227356",873,Done,4.04,-5.30956,"glide_grid_1X70",-5.31206,-0.301115,-0.684527,-0,-0.565972,-29.8259,-16.5631,0.375177,-0.159858,-67.2505,-46.3891,1.79716
N#Cc1ccc(NC(=O)N[C@@H]2CN[C@H](C(=O)N3CCSC3)C2)cc1,"CHEMBL227418",874,Done,9.1,-4.85245,"glide_grid_1X70",-4.86095,-0.383979,-0.326276,-0,-1.5983,-32.4932,-10.599,0.955431,-0.293318,-51.0799,-43.0922,13.3362
N#Cc1ccc(NC(=O)N[C@@H]2C[NH2+][C@H](C(=O)N3CCSC3)C2)cc1,"CHEMBL227418",875,Done,5.31,-4.25876,"glide_grid_1X70",-6.77626,-0.98409,-0.368534,-0,-1.91925,-34.3945,-14.7981,0.66535,-0.23029,-77.4673,-49.1927,4.57412
N#Cc1ccccc1Cn1c(N2CCC[C@@H]([NH3+])C2)nc2cccc(F)c2c1=O,"CHEMBL227464",876,Done,2.35,-7.41399,"glide_grid_1X70",-7.41649,-0.620468,-0.789673,-0,-1.54296,-23.5801,-22.4584,0.284182,-0.199803,-72.9414,-46.0385,4.60402
O=C([C@@H]1C[C@H](N2Cc3ccccc3C2)C[NH2+]1)N1CCSC1,"CHEMBL227615",879,Done,4.28,-6.97456,"glide_grid_1X70",-7.23146,-1.02689,-0.395897,-0,-2.20332,-31.8984,-14.9075,0.41788,-0.192181,-73.1124,-46.806,3.58488
COc1ccc2nc(N3CCC[C@@H]([NH3+])C3)n(Cc3ccccc3C#N)c(=O)c2c1,"CHEMBL227670",882,Done,2.86,-7.19883,"glide_grid_1X70",-7.20133,-0.582505,-1.00109,-0,-1.49317,-22.7236,-20.6408,0.268664,-0.160921,-67.2947,-43.3645,6.27508
N#Cc1ccccc1Cn1c(N2CCC[C@@H]([NH3+])C2)nc2ccc(Br)cc2c1=O,"CHEMBL227676",883,Done,2.24,-5.75101,"glide_grid_1X70",-5.75351,-0.368233,-0.546824,-0,-0.94367,-28.144,-16.436,0.217142,-0.23932,-66.0275,-44.58,2.46528
C[N@H+](Cc1ccc(C#N)cc1)[C@@H]1CN[C@H](C(=O)N2CCSC2)C1,"CHEMBL227737",885,Done,7.1,-5.14332,"glide_grid_1X70",-5.88332,-0.971935,-0.154937,-0,-1.98816,-34.3464,-11.9909,0.856588,-0.108926,-61.3258,-46.3373,7.93119
CN(Cc1ccc(C#N)cc1)[C@@H]1C[NH2+][C@H](C(=O)N2CCSC2)C1,"CHEMBL227737",886,Done,6.92,-4.82497,"glide_grid_1X70",-7.54277,-1.27901,-0.584591,-0,-2.3402,-33.5907,-14.0891,0.599612,-0.145685,-77.0015,-47.6797,8.81424
N#Cc1ccccc1Cn1c(N2CCC[C@@H]([NH3+])C2)nc2ccccc2c1=O,"CHEMBL227954",889,Done,2.4,-7.34609,"glide_grid_1X70",-7.34859,-0.66944,-0.790343,-0,-1.67567,-23.1644,-21.355,0.310024,-0.161699,-71.4912,-44.5194,4.1978
N#Cc1ccccc1Cn1c(N2CCC[C@@H]([NH3+])C2)nc2cc(Cl)ccc2c1=O,"CHEMBL228004",890,Done,2.24,-6.22983,"glide_grid_1X70",-6.23233,-0.43472,-0.621906,-0,-1.24675,-29.8676,-16.3046,0.263285,-0.253168,-70.0128,-46.1722,2.67862
N#Cc1ccc(CN(Cc2ccc(C#N)cc2)[C@@H]2C[NH2+][C@H](C(=O)N3CCSC3)C2)cc1,"CHEMBL228021",893,Done,6.53,-4.64366,"glide_grid_1X70",-7.19046,-1.39383,-0.375985,-0,-1.54914,-42.8164,-13.7908,0.521127,-0.183178,-83.0511,-56.6072,11.7754
N#Cc1ccc(CN(C(=O)c2ccc(C#N)cc2)[C@@H]2C[NH2+][C@H](C(=O)N3CCSC3)C2)cc1,"CHEMBL228032",895,Done,4.69,-4.4275,"glide_grid_1X70",-6.945,-1.37892,-0.616833,-0,-1.20628,-40.0734,-13.3383,0.491892,-0.230445,-83.6849,-53.4117,2.60043
N#Cc1ccc(CN(CC(N)=O)[C@@H]2CN[C@H](C(=O)N3CCSC3)C2)cc1,"CHEMBL228243",896,Done,27.36,-4.41416,"glide_grid_1X70",-4.42556,-0.330303,-0.435974,-0,-1.06378,-31.3694,-10.9328,0.831308,-0.218423,-46.2936,-42.3022,15.8385
N#Cc1ccc(CN(CC(N)=O)[C@@H]2C[NH2+][C@H](C(=O)N3CCSC3)C2)cc1,"CHEMBL228243",897,Done,13.14,-5.17163,"glide_grid_1X70",-7.69203,-1.42313,-0.750939,-0,-1.64726,-35.6289,-18.189,0.827309,-0.18821,-88.5026,-53.8179,4.61616
C=COCC(=O)N1CCN(C(=O)C[C@H]([NH3+])Cc2ccccc2F)CC1,"CHEMBL230095",898,Done,11.05,-7.28524,"glide_grid_1X70",-7.29594,-1.15867,-0.555953,-0,-2.27983,-35.0898,-14.8514,0.86931,-0.188592,-82.7158,-49.9412,6.24563
C=COCC(=O)N1CCN(C(=O)C[C@H](N)Cc2ccccc2F)CC1,"CHEMBL230095",899,Done,9.75,-2.42345,"glide_grid_1X70",-4.80965,-1.4788,-0.381464,-0,-1.73341,-38.2419,-2.81969,1.24825,-0.129169,-51.3942,-41.0616,5.48367
C[C@@H]1C(=O)N(C2CC2)CCCN1C(=O)C[C@H]([NH3+])Cc1cc(F)c(F)cc1F,"CHEMBL230282",900,Done,9.35,-8.59343,"glide_grid_1X70",-8.60333,-0.968002,-0.86515,-0,-2.38109,-31.1631,-20.8583,0.460484,-0.162675,-88.2452,-52.0214,6.52255
C[C@@H]1C(=O)N(C2CC2)CCCN1C(=O)C[C@H](N)Cc1cc(F)c(F)cc1F,"CHEMBL230282",901,Done,7.89,-2.66159,"glide_grid_1X70",-5.08899,-0.808581,-0.576,-0,-1.50554,-26.5937,-9.52569,0.660939,-0.101278,-43.7118,-36.1193,9.53346
C[C@@H]1C(=O)N(C(C)(C)C)CCCN1C(=O)C[C@H]([NH3+])Cc1cc(F)c(F)cc1F,"CHEMBL230283",902,Done,5.87,-8.61714,"glide_grid_1X70",-8.62704,-0.977811,-0.877662,-0,-2.28265,-30.5518,-20.7546,0.342294,-0.190425,-84.5938,-51.3065,11.9961
C[C@@H]1C(=O)N(C(C)(C)C)CCCN1C(=O)C[C@H](N)Cc1cc(F)c(F)cc1F,"CHEMBL230283",903,Done,5.62,-1.92957,"glide_grid_1X70",-4.35827,-0.640846,-0.493634,-0,-0.994091,-23.1656,-10.0508,0.491214,-0.0550087,-41.4046,-33.2164,6.35069
[NH3+][C@H]1CN(c2ccccn2)CC[C@@H]1c1cc(F)c(F)cc1F,"CHEMBL230340",904,Done,1.91,-8.44744,"glide_grid_1X70",-8.46144,-1.07842,-0.569166,-0,-2.84978,-30.6428,-17.0816,0.272451,-0.14214,-82.511,-47.7245,0.210395
[NH3+][C@H]1CN(c2cccc[nH+]2)CC[C@@H]1c1cc(F)c(F)cc1F,"CHEMBL230340",905,Done,1.99,-6.96269,"glide_grid_1X70",-9.42619,-1.18151,-0.499952,-0,-2.87714,-29.2905,-23.5123,0.270894,-0.147118,-95.4951,-52.8028,0.107396
[NH3+][C@H]1CN(c2cccnc2)CC[C@@H]1c1cc(F)c(F)cc1F,"CHEMBL230341",906,Done,1.92,-8.88847,"glide_grid_1X70",-8.91687,-1.08769,-0.711121,-0,-3.03587,-31.4806,-17.6217,0.272451,-0.137355,-86.3962,-49.1023,0.269035
[NH3+][C@H]1CN(c2ccc[nH+]c2)CC[C@@H]1c1cc(F)c(F)cc1F,"CHEMBL230341",907,Done,2.05,-7.47086,"glide_grid_1X70",-9.43826,-1.10036,-0.474689,-0,-2.90881,-29.4243,-23.857,0.270894,-0.175525,-93.7479,-53.2813,0.960623
[NH3+][C@H]1CN(c2cccc(C(F)(F)F)n2)CC[C@@H]1c1cc(F)c(F)cc1F,"CHEMBL230342",908,Done,2.5,-8.13194,"glide_grid_1X70",-8.13934,-1.0687,-0.56785,-0,-2.20728,-31.4368,-17.8638,0.191355,-0.235446,-81.575,-49.3006,0.599366
C[C@H]1CNC(=O)[C@@H](C)N(C(=O)C[C@H]([NH3+])Cc2cc(F)c(F)cc2F)C1,"CHEMBL230387",910,Done,3.43,-9.49431,"glide_grid_1X70",-9.50411,-0.975802,-1.16589,-0,-2.72542,-30.5847,-22.2109,0.417597,-0.193738,-93.996,-52.7956,8.13354
C[C@H]1CNC(=O)[C@@H](C)N(C(=O)C[C@H](N)Cc2cc(F)c(F)cc2F)C1,"CHEMBL230387",911,Done,3.11,-4.60836,"glide_grid_1X70",-7.04526,-1.01301,-1.05264,-0,-2.2329,-30.8148,-11.4078,0.599569,-0.0943655,-57.716,-42.2226,9.40011
CC[C@@H]1C(=O)NC[C@H](C)CN1C(=O)C[C@H]([NH3+])Cc1cc(F)c(F)cc1F,"CHEMBL230388",912,Done,4.02,-9.3425,"glide_grid_1X70",-9.3522,-0.993168,-1.1403,-0,-2.5505,-32.0076,-21.7627,0.389936,-0.193385,-94.8113,-53.7702,7.37211
CC[C@@H]1C(=O)NC[C@H](C)CN1C(=O)C[C@H](N)Cc1cc(F)c(F)cc1F,"CHEMBL230388",913,Done,3.79,-3.4196,"glide_grid_1X70",-5.8638,-0.98327,-0.658704,-0,-1.7406,-30.265,-9.31133,0.559758,-0.131033,-48.993,-39.5764,9.9884
C[C@H]1CNC(=O)[C@@H](CC(F)(F)F)N(C(=O)C[C@H]([NH3+])Cc2cc(F)c(F)cc2F)C1,"CHEMBL230389",914,Done,5.26,-9.37476,"glide_grid_1X70",-9.38566,-1.03798,-1.13506,-0,-2.33605,-32.3698,-22.8955,0.382071,-0.205818,-97.417,-55.2654,7.72582
C[C@H]1CNC(=O)[C@@H](CC(F)(F)F)N(C(=O)C[C@H](N)Cc2cc(F)c(F)cc2F)C1,"CHEMBL230389",915,Done,4.99,-3.10469,"glide_grid_1X70",-5.47829,-1.1024,-0.390137,-0,-2.04908,-28.069,-6.54761,0.548159,-0.0992338,-43.9389,-34.6166,9.29758
[NH3+][C@H]1CN(c2ncccc2C(F)(F)F)CC[C@@H]1c1cc(F)c(F)cc1F,"CHEMBL230449",916,Done,2.07,-8.24397,"glide_grid_1X70",-8.25137,-1.00355,-0.52083,-0,-2.68135,-31.4158,-16.4093,0.191355,-0.204822,-79.8505,-47.8251,0.369908
N[C@H]1CN(c2ncccc2C(F)(F)F)CC[C@@H]1c1cc(F)c(F)cc1F,"CHEMBL230449",917,Done,2.06,-3.28725,"glide_grid_1X70",-5.88955,-1.08568,-0.352342,-0,-2.18311,-32.5424,-5.29666,0.274679,-0.121472,-49.9481,-37.839,0.574203
C[C@@H]1CNC(=O)[C@@H](CC(F)(F)F)N(C(=O)C[C@H]([NH3+])Cc2cc(F)c(F)cc2F)C1,"CHEMBL230495",918,Done,8.07,-9.31727,"glide_grid_1X70",-9.32817,-1.09572,-1.12745,-0,-2.13969,-31.1643,-23.9823,0.382071,-0.191827,-95.2754,-55.1465,10.1338
C[C@@H]1CNC(=O)[C@@H](CC(F)(F)F)N(C(=O)C[C@H](N)Cc2cc(F)c(F)cc2F)C1,"CHEMBL230495",919,Done,8.66,-2.50044,"glide_grid_1X70",-4.87404,-0.86924,-0.444393,-0,-1.51263,-26.7074,-8.09294,0.548159,-0.0466262,-46.1144,-34.8004,3.00347
C[C@@H]1CCN(C(=O)C[C@H]([NH3+])Cc2cc(F)c(F)cc2F)[C@H](C)C(=O)N1,"CHEMBL230496",920,Done,3.78,-9.43334,"glide_grid_1X70",-9.44334,-1.02089,-1.14629,-0,-2.78625,-29.8175,-21.3246,0.417597,-0.217941,-89.1409,-51.1421,10.0679
C[C@@H]1CCN(C(=O)C[C@H](N)Cc2cc(F)c(F)cc2F)[C@H](C)C(=O)N1,"CHEMBL230496",921,Done,3.95,-3.0164,"glide_grid_1X70",-5.4409,-0.724637,-0.497689,-0,-1.81933,-29.3986,-9.24695,0.599569,-0.141838,-49.1029,-38.6456,7.26961
C[C@@H]1CCN(C(=O)C[C@H]([NH3+])Cc2cc(F)c(F)cc2F)[C@H](CC(F)(F)F)C(=O)N1,"CHEMBL230497",922,Done,5.65,-8.17696,"glide_grid_1X70",-8.18806,-1.08172,-0.869302,-0,-1.60414,-32.1596,-21.5492,0.382071,-0.174609,-85.0496,-53.7087,12.329
C[C@@H]1CCN(C(=O)C[C@H](N)Cc2cc(F)c(F)cc2F)[C@H](CC(F)(F)F)C(=O)N1,"CHEMBL230497",923,Done,4.39,-2.84359,"glide_grid_1X70",-5.20479,-0.997064,-0.564729,-0,-1.73164,-29.1321,-6.1443,0.548159,-0.0812644,-46.0328,-35.2764,6.6418
CC[C@@H]1CCN(C(=O)C[C@H]([NH3+])Cc2cc(F)c(F)cc2F)[C@H](C)C(=O)N1,"CHEMBL230601",924,Done,4.48,-8.98708,"glide_grid_1X70",-8.99708,-1.09406,-0.824786,-0,-2.64381,-30.6798,-20.6462,0.389936,-0.193436,-88.6326,-51.326,8.45548
CC[C@@H]1CCN(C(=O)C[C@H](N)Cc2cc(F)c(F)cc2F)[C@H](C)C(=O)N1,"CHEMBL230601",925,Done,4.63,-3.67427,"glide_grid_1X70",-6.09997,-1.08188,-0.490729,-0,-2.04701,-31.3116,-8.98137,0.559758,-0.127323,-48.297,-40.293,13.5248
C[C@@H]1CCN(C(=O)C[C@H]([NH3+])Cc2cc(F)c(F)cc2F)[C@H](Cc2ccccn2)C(=O)N1,"CHEMBL230602",926,Done,5.29,-7.90077,"glide_grid_1X70",-7.91117,-1.64003,-0.351898,-0,-1.78369,-37.8824,-17.8479,0.630431,-0.194682,-88.7075,-55.7302,14.0465
C[C@@H]1CCN(C(=O)C[C@H](N)Cc2cc(F)c(F)cc2F)[C@H](Cc2ccccn2)C(=O)N1,"CHEMBL230602",927,Done,5.8,-2.91203,"glide_grid_1X70",-5.31093,-1.23848,-0.768369,-0,-1.00343,-27.9984,-9.83945,0.633085,-0.057897,-48.5626,-37.8378,12.2341
C[C@@H]1C(=O)N[C@H](C(F)(F)F)CCN1C(=O)C[C@H]([NH3+])Cc1cc(F)c(F)cc1F,"CHEMBL230603",928,Done,4.58,-9.25571,"glide_grid_1X70",-9.26661,-1.08811,-0.737042,-0,-2.51069,-31.0526,-23.2606,0.324707,-0.213763,-93.5544,-54.3131,7.29365
C[C@@H]1C(=O)N[C@H](C(F)(F)F)CCN1C(=O)C[C@H](N)Cc1cc(F)c(F)cc1F,"CHEMBL230603",929,Done,4.79,-3.18861,"glide_grid_1X70",-5.56171,-0.90531,-0.524709,-0,-1.61256,-26.288,-10.9442,0.46592,-0.0290219,-48.0883,-37.2322,5.7655
[NH3+][C@@H](CC(=O)N1CSC[C@H]1C(=O)NCc1ccc(CC(=O)[O-])cc1)Cc1ccccc1F,"CHEMBL230840",930,Done,9.31,-6.04558,"glide_grid_1X70",-6.05868,-1.20316,-0.845424,-0,-0.638812,-27.9665,-17.5674,0.857558,-0.195411,-72.0608,-45.5338,5.62691
N[C@@H](CC(=O)N1CSC[C@H]1C(=O)NCc1ccc(CC(=O)[O-])cc1)Cc1ccccc1F,"CHEMBL230840",931,Done,10.5,-4.18003,"glide_grid_1X70",-6.44453,-1.67086,-0.761997,-0,-0.960421,-41.2136,-11.1245,0.860994,-0.182897,-69.6807,-52.3381,15.8187
N#Cc1ccc(N2CC[C@H](c3cc(F)c(F)cc3F)[C@@H]([NH3+])C2)nc1,"CHEMBL230883",932,Done,1.8,-8.64515,"glide_grid_1X70",-8.65255,-0.864894,-0.567163,-0,-2.90459,-34.3628,-17.9285,0.237465,-0.145953,-86.2375,-52.2913,0.144221
N#Cc1ccc(N2CC[C@H](c3cc(F)c(F)cc3F)[C@@H](N)C2)nc1,"CHEMBL230883",933,Done,1.81,-3.72275,"glide_grid_1X70",-6.32505,-1.02966,-0.502671,-0,-2.42379,-32.5436,-6.93119,0.341057,-0.0431314,-54.753,-39.4748,0.000446332
COC(=O)Cc1ccc(CNC(=O)[C@@H]2CSCN2C(=O)C[C@H]([NH3+])Cc2ccccc2F)cc1,"CHEMBL230937",934,Done,12.94,-7.28475,"glide_grid_1X70",-7.29785,-1.3744,-0.696414,-0,-1.1404,-32.5753,-19.1594,0.628959,-0.212918,-79.2887,-51.7347,16.6356
COC(=O)Cc1ccc(CNC(=O)[C@@H]2CSCN2C(=O)C[C@H](N)Cc2ccccc2F)cc1,"CHEMBL230937",935,Done,14.79,-2.70737,"glide_grid_1X70",-4.97187,-1.01936,-0.525093,-0,-0.650985,-38.4082,-11.154,0.902008,-0.0849355,-55.9767,-49.5621,19.9687
O=C([C@@H]1Cc2ccc(-c3cccc(-c4nnn[n-]4)c3)cc2C[NH2+]1)N1CC[C@H](F)C1,"CHEMBL230938",937,Done,2.78,-4.91289,"glide_grid_1X70",-6.27459,-0.790147,-0.217883,-0,-1.93301,-36.4413,-11.1893,0.507131,-0.340216,-69.1211,-47.6306,14.7916
[NH3+][C@H]1CN(c2ccncn2)CC[C@@H]1c1cc(F)c(F)cc1F,"CHEMBL230984",938,Done,1.88,-8.89376,"glide_grid_1X70",-8.91086,-1.11826,-0.676646,-0,-3.06224,-30.5499,-17.734,0.270925,-0.137041,-86.2542,-48.2839,0.451955
N[C@H]1CN(c2ccncn2)CC[C@@H]1c1cc(F)c(F)cc1F,"CHEMBL230984",939,Done,1.79,-1.77053,"glide_grid_1X70",-4.14083,-0.487944,-0.242973,-0,-1.8999,-23.7438,-4.06639,0.389259,-0.102127,-26.2662,-27.8102,20.8766
[NH3+][C@H]1CN(c2cc[nH+]cn2)CC[C@@H]1c1cc(F)c(F)cc1F,"CHEMBL230984",940,Done,1.87,-6.42063,"glide_grid_1X70",-9.14183,-0.964396,-0.555481,-0,-3.06216,-28.2719,-21.7903,0.269382,-0.147022,-90.6658,-50.0623,0.134764
[NH3+][C@H]1CN(c2cnccn2)CC[C@@H]1c1cc(F)c(F)cc1F,"CHEMBL230985",941,Done,1.86,-8.64297,"glide_grid_1X70",-8.65067,-1.10955,-0.671895,-0,-3.0068,-31.7523,-16.0602,0.270925,-0.136703,-83.4555,-47.8125,0.199571
N[C@H]1CN(c2cnccn2)CC[C@@H]1c1cc(F)c(F)cc1F,"CHEMBL230985",942,Done,1.83,-1.51903,"glide_grid_1X70",-4.09403,-0.837974,-0.229581,-0,-1.30703,-26.6757,-4.78164,0.389259,-0.0576691,-29.543,-31.4574,21.3395
CCN1CCCN(C(=O)C[C@H]([NH3+])Cc2cc(F)ccc2F)[C@H](C)C1=O,"CHEMBL231009",943,Done,5.67,-8.60396,"glide_grid_1X70",-8.61396,-0.965107,-0.867978,-0,-2.33942,-31.2038,-20.9507,0.425951,-0.164618,-88.0744,-52.1545,7.73921
CCN1CCCN(C(=O)C[C@H](N)Cc2cc(F)ccc2F)[C@H](C)C1=O,"CHEMBL231009",944,Done,4.97,-2.59548,"glide_grid_1X70",-5.02048,-0.823884,-0.672956,-0,-1.51858,-23.358,-8.8316,0.611594,-0.124015,-41.2263,-32.1896,5.56833
C[C@@H]1C(=O)N(CC(=O)[O-])CCCN1C(=O)C[C@H]([NH3+])Cc1cc(F)ccc1F,"CHEMBL231010",945,Done,5.46,-9.30028,"glide_grid_1X70",-9.31028,-1.11025,-1.20952,-0,-2.45589,-30.4036,-21.7782,0.462697,-0.210403,-97.3665,-52.1818,5.89636
C[C@@H]1C(=O)N(CC(=O)[O-])CCCN1C(=O)C[C@H](N)Cc1cc(F)ccc1F,"CHEMBL231010",946,Done,4.9,-0.888879,"glide_grid_1X70",-3.31318,-0.346538,-0.308198,-0,-0.959106,-23.9392,-6.92081,0.664122,-0.128379,-39.4934,-30.86,3.56838
C[C@@H]1C(=O)N(C)CCCN1C(=O)C[C@H]([NH3+])Cc1cc(F)c(F)cc1F,"CHEMBL231011",947,Done,3.94,-9.55944,"glide_grid_1X70",-9.56944,-1.06228,-1.12621,-0,-2.83489,-28.9693,-22.1629,0.417597,-0.190745,-92.2172,-51.1322,7.17644
C[C@@H]1C(=O)N(C)CCCN1C(=O)C[C@H](N)Cc1cc(F)c(F)cc1F,"CHEMBL231011",948,Done,4.22,-4.61322,"glide_grid_1X70",-7.03642,-1.05662,-1.06113,-0,-2.27145,-28.7728,-11.4381,0.599569,-0.0924348,-55.0765,-40.2108,8.93528
[NH3+][C@@H](CC(=O)N1CCn2cc(C(F)(F)F)nc2[C@H]1c1ccc(F)cc1)Cc1ccc(F)c(F)c1,"CHEMBL231050",949,Done,4.67,-8.82228,"glide_grid_1X70",-8.83548,-1.12006,-0.864218,-0,-1.89241,-39.0435,-20.5009,0.304027,-0.235502,-99.7668,-59.5444,5.7676
N[C@@H](CC(=O)N1CCn2cc(C(F)(F)F)nc2[C@H]1c1ccc(F)cc1)Cc1ccc(F)c(F)c1,"CHEMBL231050",950,Done,4.61,-3.54184,"glide_grid_1X70",-5.80104,-0.976227,-0.301092,-0,-1.28905,-40.7094,-9.54293,0.435985,-0.203743,-66.5768,-50.2524,4.9727
[NH3+][C@H]1CN(c2cccnn2)CC[C@@H]1c1cc(F)c(F)cc1F,"CHEMBL231090",951,Done,1.87,-8.6531,"glide_grid_1X70",-8.6601,-1.04648,-0.568207,-0,-2.789,-30.9777,-18.8956,0.270925,-0.14411,-86.6636,-49.8733,0.203853
N[C@H]1CN(c2cccnn2)CC[C@@H]1c1cc(F)c(F)cc1F,"CHEMBL231090",952,Done,1.83,-1.58998,"glide_grid_1X70",-4.22368,-0.811651,-0.282666,-0,-1.6884,-16.4251,-6.2248,0.389259,-0.0752444,-26.3284,-22.6499,11.6628
[NH3+][C@H]1CN(c2nccc3ccccc23)CC[C@@H]1c1cc(F)c(F)cc1F,"CHEMBL231091",953,Done,1.96,-8.18754,"glide_grid_1X70",-8.20644,-1.09689,-0.500699,-0,-2.76387,-34.266,-14.7052,0.208797,-0.134693,-82.9929,-48.9712,1.40879
[NH3+][C@H]1CN(c2[nH+]ccc3ccccc23)CC[C@@H]1c1cc(F)c(F)cc1F,"CHEMBL231091",954,Done,2.09,-7.25305,"glide_grid_1X70",-9.46985,-1.4077,-0.505514,-0,-2.75096,-31.8827,-21.8924,0.207755,-0.135437,-96.029,-53.7751,3.2675
[NH3+][C@H]1CN(c2ccc3nccnc3n2)CC[C@@H]1c1cc(F)c(F)cc1F,"CHEMBL231092",955,Done,1.96,-8.56902,"glide_grid_1X70",-8.57642,-1.0794,-0.530537,-0,-2.52675,-35.2787,-18.177,0.206761,-0.156005,-89.2018,-53.4558,0.397818
C[C@@H]1C(=O)N(CCO)CCCN1C(=O)C[C@H]([NH3+])Cc1cc(F)c(F)cc1F,"CHEMBL231117",957,Done,8.66,-9.85111,"glide_grid_1X70",-9.86111,-1.16522,-1.18099,-0,-2.61102,-32.542,-24.1967,0.542439,-0.1897,-101.175,-56.7387,7.37051
C[C@@H]1C(=O)N(CCO)CCCN1C(=O)C[C@H](N)Cc1cc(F)c(F)cc1F,"CHEMBL231117",958,Done,8.92,-5.0901,"glide_grid_1X70",-7.5151,-1.02178,-1.37845,-0,-2.06393,-28.5386,-15.4027,0.778536,-0.0921352,-61.7607,-43.9413,9.25389
CN(C)C(=O)[C@H](c1ccc(-c2ccc(F)cc2)cc1)[C@@H]([NH3+])C(=O)N1CC[C@H](F)C1,"CHEMBL231151",960,Done,3.75,-5.66819,"glide_grid_1X70",-6.37089,-1.46909,-0.577786,-0,-1.89724,-9.2422,-15.6731,0.605782,-0.219478,-42.6946,-24.9153,2.85884
[NH3+][C@H]1CN(c2cnc3cccnc3n2)CC[C@@H]1c1cc(F)c(F)cc1F,"CHEMBL231194",961,Done,2.03,-8.76077,"glide_grid_1X70",-8.76847,-1.17369,-0.665503,-0,-2.7646,-37.5381,-15.7254,0.206761,-0.135727,-89.6858,-53.2636,0.118843
N[C@H]1CN(c2cnc3cccnc3n2)CC[C@@H]1c1cc(F)c(F)cc1F,"CHEMBL231194",962,Done,1.92,-3.7298,"glide_grid_1X70",-6.3048,-1.19613,-0.507767,-0,-2.15371,-37.7492,-5.47796,0.296851,-0.0348981,-57.4173,-43.2272,0.245859
[NH3+][C@H]1CN(c2cnc3cncnc3n2)CC[C@@H]1c1cc(F)c(F)cc1F,"CHEMBL231195",963,Done,1.95,-8.51727,"glide_grid_1X70",-8.52497,-0.981193,-0.567078,-0,-2.41403,-35.1328,-18.9484,0.205754,-0.169522,-90.0621,-54.0812,0.336134
N[C@H]1CN(c2cnc3cncnc3n2)CC[C@@H]1c1cc(F)c(F)cc1F,"CHEMBL231195",964,Done,1.96,-3.93823,"glide_grid_1X70",-6.51323,-1.03919,-0.501267,-0,-2.47438,-38.5233,-5.54426,0.295401,-0.0359933,-59.1797,-44.0675,0.319656
[NH3+][C@H]1CN(c2cnc3nccnc3n2)CC[C@@H]1c1cc(F)c(F)cc1F,"CHEMBL231196",965,Done,1.98,-8.9002,"glide_grid_1X70",-8.9079,-1.19983,-0.65436,-0,-2.71815,-38.3059,-16.5996,0.205754,-0.136064,-92.9525,-54.9056,0.129873
[NH3+][C@H]1CN(c2ccn3cnnc3n2)CC[C@@H]1c1cc(F)c(F)cc1F,"CHEMBL231294",967,Done,1.78,-9.43333,"glide_grid_1X70",-9.44033,-0.977802,-0.538936,-0,-2.92141,-34.7282,-21.8769,0.218517,-0.202755,-95.8787,-56.6052,0.544783
N[C@H]1CN(c2ccn3cnnc3n2)CC[C@@H]1c1cc(F)c(F)cc1F,"CHEMBL231294",968,Done,1.76,-3.74311,"glide_grid_1X70",-6.37681,-0.927721,-0.398837,-0,-2.14338,-34.6035,-9.31391,0.313774,-0.0933868,-57.1458,-43.9174,1.52574
[NH3+][C@H]1CN(c2ccc3nc(=O)ccn3n2)CC[C@@H]1c1cc(F)c(F)cc1F,"CHEMBL231396",969,Done,2.09,-8.74344,"glide_grid_1X70",-8.75044,-1.16353,-0.561204,-0,-2.73987,-39.9037,-15.6208,0.191322,-0.138859,-92.5496,-55.5245,0.132444
[NH3+][C@H]1CN(c2ccc3nncn3n2)CC[C@@H]1c1cc(F)c(F)cc1F,"CHEMBL231496",971,Done,1.87,-8.81482,"glide_grid_1X70",-8.82182,-0.962024,-0.53306,-0,-2.75403,-34.312,-19.1549,0.218517,-0.202398,-90.5978,-53.4669,1.34187
N[C@H]1CN(c2ccc3nncn3n2)CC[C@@H]1c1cc(F)c(F)cc1F,"CHEMBL231496",972,Done,1.82,-3.44977,"glide_grid_1X70",-6.08347,-0.92603,-0.401218,-0,-2.16739,-34.7077,-7.12842,0.313774,-0.0979528,-56.2855,-41.8362,0.487365
Cc1nnc2ccc(N3CC[C@H](c4cc(F)c(F)cc4F)[C@@H]([NH3+])C3)nn12,"CHEMBL231497",973,Done,1.91,-8.64374,"glide_grid_1X70",-8.65074,-0.947617,-0.493189,-0,-2.68003,-33.0146,-19.2882,0.203722,-0.189672,-88.9275,-52.3028,0.745609
Cc1nnc2ccc(N3CC[C@H](c4cc(F)c(F)cc4F)[C@@H](N)C3)nn12,"CHEMBL231497",974,Done,1.84,-3.30472,"glide_grid_1X70",-5.93842,-0.915074,-0.413626,-0,-2.12671,-32.13,-7.09401,0.292477,-0.104876,-53.1703,-39.2241,0.277579
[NH3+][C@@H](CC(=O)N1CCC[C@H]1C(=O)NCc1ccccc1)Cc1ccccc1F,"CHEMBL231551",975,Done,11.94,-8.87451,"glide_grid_1X70",-8.88421,-1.71429,-0.862659,-0,-1.97618,-37.8771,-19.4701,0.644523,-0.161241,-97.6536,-57.3472,6.82614
N[C@@H](CC(=O)N1CCC[C@H]1C(=O)NCc1ccccc1)Cc1ccccc1F,"CHEMBL231551",976,Done,11.02,-1.90908,"glide_grid_1X70",-4.35228,-1.32594,-0.346617,-0,-1.37821,-31.4057,-3.50746,0.925093,-0.13021,-43.3621,-34.9132,6.74282
[NH3+][C@@H](CC(=O)N1CCC[C@H]1C(=O)NCc1ccc(C(F)(F)F)cc1)Cc1ccccc1F,"CHEMBL231552",977,Done,13.07,-8.75738,"glide_grid_1X70",-8.76708,-1.58478,-0.74476,-0,-1.59087,-40.8198,-19.2233,0.548863,-0.471048,-96.6522,-60.0431,17.4482
N[C@@H](CC(=O)N1CCC[C@H]1C(=O)NCc1ccc(C(F)(F)F)cc1)Cc1ccccc1F,"CHEMBL231552",978,Done,10.69,-1.75239,"glide_grid_1X70",-4.19559,-1.89893,-0.304,-0,-0.928024,-39.898,1.30309,0.787277,-0.0524791,-46.7287,-38.5949,11.8097
CSc1cc(F)c(C[C@@H]([NH3+])CC(=O)N2CCn3c(nnc3C(F)(F)F)C2)cc1F,"CHEMBL231653",979,Done,6.62,-9.1801,"glide_grid_1X70",-9.1923,-1.50626,-0.548033,-0,-2.15993,-40.0094,-20.1069,0.366284,-0.327844,-102.481,-60.1164,9.91902
CSc1cc(F)c(C[C@@H](N)CC(=O)N2CCn3c(nnc3C(F)(F)F)C2)cc1F,"CHEMBL231653",980,Done,5.72,-4.02651,"glide_grid_1X70",-6.33351,-1.478,-0.374049,-0,-1.38593,-38.9516,-9.84497,0.525461,-0.196666,-62.9293,-48.7966,9.53257
N[C@H](C(=O)N1CCC(F)(F)C1)[C@@H]1CCN(S(=O)(=O)c2ccc(OC(F)(F)F)cc2)C1,"CHEMBL231654",981,Done,9.38,-1.69837,"glide_grid_1X70",-1.98777,-0.491724,-0.304,-0,0.77106,-27.597,-6.47887,0.576535,-0.187956,-30.1416,-34.0759,11.328
[NH3+][C@H](C(=O)N1CCC(F)(F)C1)[C@@H]1CCN(S(=O)(=O)c2ccc(OC(F)(F)F)cc2)C1,"CHEMBL231654",982,Done,10.23,-6.18301,"glide_grid_1X70",-6.74631,-1.51464,-0.410799,-0,-0.525085,-35.186,-18.1401,0.40196,-0.217436,-78.2859,-53.3261,5.88224
CC(C)(CO)[NH2+]CC(=O)N1CCC[C@H]1C(=O)c1noc(C(C)(C)C)n1,"CHEMBL231697",983,Done,10.16,-4.47684,"glide_grid_1X70",-4.52644,-0.511379,-0.495059,-0,-1.2482,-24.5104,-13.3524,1.07013,-0.11356,-50.9101,-37.8627,5.61925
CC(C)(CO)NCC(=O)N1CCC[C@H]1C(=O)c1noc(C(C)(C)C)n1,"CHEMBL231697",984,Done,14.56,-1.3574,"glide_grid_1X70",-2.8519,-0.339157,-0.393247,-0,-1.05021,-20.6311,-7.27361,1.07558,-0.0222763,-32.5925,-27.9047,3.99615
Cc1nc(C(=O)[C@@H]2CCCN2C(=O)C[NH2+]C(C)(C)C(=O)[O-])no1,"CHEMBL231698",986,Done,6.68,-3.78176,"glide_grid_1X70",-4.55976,-0.123668,-0.551321,-0,-1.4728,-22.7086,-13.8755,1.06812,-0.263348,-49.3125,-36.584,8.48949
CN(C)C(=O)[C@@H]1C[NH2+][C@H](C(=O)N2CCC[C@H]2C#N)C1,"CHEMBL232103",987,Done,2.33,-6.25265,"glide_grid_1X70",-6.42595,-0.594393,-0.64658,-0,-1.85322,-26.418,-17.2342,0.758249,-0.183979,-68.4123,-43.6522,1.42078
Cc1nnc(C(=O)[C@@H]2CSCN2C(=O)C[NH2+]C23C[C@H]4C[C@@H](C2)C[C@@H](C3)C4)o1,"CHEMBL232111",989,Done,6.06,-5.09651,"glide_grid_1X70",-5.23051,-0.599144,-0.340823,-0,-1.38121,-26.7947,-12.3325,0.636595,-0.356327,-51.6619,-39.1272,6.66298
CC(C)(Cc1ccc(F)cc1)[NH2+]CC(=O)N1CCC[C@H]1C(=O)c1ncon1,"CHEMBL232153",991,Done,7.1,-5.35133,"glide_grid_1X70",-5.67463,-0.721121,-0.610847,-0,-1.6849,-27.8286,-13.6877,0.960893,-0.174069,-57.1611,-41.5163,10.3886
CC(C)(CO)[NH2+]CC(=O)N1C[C@@H](F)C[C@H]1C(=O)c1nnc(C(C)(C)C)o1,"CHEMBL232185",993,Done,9.72,-4.61586,"glide_grid_1X70",-4.66856,-0.477098,-0.36225,-0,-1.15847,-24.4492,-14.8528,0.979436,-0.199797,-53.1647,-39.302,5.96486
CC(C)(CO)NCC(=O)N1C[C@@H](F)C[C@H]1C(=O)c1nnc(C(C)(C)C)o1,"CHEMBL232185",994,Done,13.98,-1.53483,"glide_grid_1X70",-2.99503,-0.335492,-0.297215,-0,-0.882029,-19.3179,-9.04668,0.984206,-0.141595,-34.274,-28.3646,4.8299
[NH3+][C@H]1C[C@H](N2CCn3c(nnc3C(F)(F)F)C2)CC[C@H]1c1cc(F)c(F)cc1F,"CHEMBL232191",995,Done,2.87,-8.8096,"glide_grid_1X70",-8.8096,-1.04537,-0.536396,-0,-2.5302,-35.8535,-18.7937,0.156798,-0.242692,-86.9124,-54.6473,12.6453
[NH3+][C@@H](CC(=O)N1CCn2c(nnc2C(F)(F)F)C1)Cc1cccc(F)c1,"CHEMBL232262",996,Done,4.24,-8.79362,"glide_grid_1X70",-8.80582,-0.964522,-0.864617,-0,-2.36813,-30.2826,-21.8937,0.390057,-0.200416,-89.8113,-52.1763,5.35693
N[C@@H](CC(=O)N1CCn2c(nnc2C(F)(F)F)C1)Cc1cccc(F)c1,"CHEMBL232262",997,Done,4.6,-2.88547,"glide_grid_1X70",-5.19247,-1.09134,-0.282401,-0,-2.35975,-29.6308,-3.26775,0.559932,-0.0472144,-44.5297,-32.8986,4.38111
CN(C)C(=O)CC[C@@H]1C[NH2+][C@H](C(=O)N2CCC[C@H]2C#N)C1,"CHEMBL232311",998,Done,6.92,-6.85341,"glide_grid_1X70",-6.98461,-0.916114,-0.761098,-0,-1.94219,-29.1811,-18.5633,1.06141,-0.183067,-73.8359,-47.7444,2.59309
N#C[C@@H]1CCCN1C(=O)[C@@H]1C[C@H](C(N)=O)C[NH2+]1,"CHEMBL232315",1000,Done,2.37,-6.11133,"glide_grid_1X70",-6.28463,-0.773842,-0.400343,-0,-2.31677,-26.5151,-12.5438,0.61228,-0.198619,-62.0092,-39.059,2.2266
N#C[C@@H]1CCCN1C(=O)[C@@H]1C[C@H](C(N)=O)CN1,"CHEMBL232315",1001,Done,2.56,-3.89849,"glide_grid_1X70",-4.71129,-0.327246,-0.402111,-0,-1.82411,-25.6988,-8.87418,0.616735,-0.158499,-42.8366,-34.5729,4.24432
CCNC(=O)[C@@H]1C[NH2+][C@H](C(=O)N2CCC[C@H]2C#N)C1,"CHEMBL232316",1002,Done,4.35,-6.86126,"glide_grid_1X70",-7.03456,-0.80185,-0.891457,-0,-1.81851,-25.1668,-20.4432,1.011,-0.208922,-71.9918,-45.61,7.59791
CCNC(=O)[C@@H]1CN[C@H](C(=O)N2CCC[C@H]2C#N)C1,"CHEMBL232316",1003,Done,4.78,-3.60723,"glide_grid_1X70",-4.42003,-0.525199,-0.282002,-0,-1.62194,-26.0094,-10.2107,1.01766,-0.176467,-48.6947,-36.2201,0.470984
Cc1cc(C)c(-c2nnc(C(=O)[C@@H]3CCCN3C(=O)C[NH2+]C(C)(C)C)o2)c(C)c1,"CHEMBL232570",1004,Done,3.98,-4.43573,"glide_grid_1X70",-4.51673,-0.784676,-0.302214,-0,-1.29148,-15.5347,-11.5782,0.736635,-0.361525,-38.1533,-27.1129,7.88054
CC(C)(C)[NH2+]CC(=O)N1CCC[C@H]1C(=O)c1nnc(C2(C)CCCCC2)o1,"CHEMBL232571",1006,Done,7.7,-4.01936,"glide_grid_1X70",-4.10036,-0.233279,-0.4,-0,-1.04634,-18.9635,-13.6604,0.815502,-0.239005,-40.803,-32.6239,11.819
Cc1nnc(C(=O)[C@@H]2CCCN2C(=O)C[NH2+]C(C)(C)CO)o1,"CHEMBL232572",1008,Done,10.56,-5.11322,"glide_grid_1X70",-5.15522,-0.415362,-0.643471,-0,-1.51115,-21.1136,-18.0691,1.33902,-0.158221,-57.514,-39.1826,5.63601
Cc1nnc(C(=O)[C@@H]2CCCN2C(=O)CNC(C)(C)CO)o1,"CHEMBL232572",1009,Done,13.19,-1.28961,"glide_grid_1X70",-2.87851,-0.257948,-0.355699,-0,-1.29129,-23.5432,-7.15925,1.34667,-0.0691976,-34.1962,-30.7024,8.05436
CC(C)(C)[NH2+]CC(=O)N1CCC[C@H]1C(=O)c1noc(C2(C)CCCCC2)n1,"CHEMBL232586",1010,Done,7.17,-4.71971,"glide_grid_1X70",-4.81481,-0.40092,-0.279633,-0,-1.36525,-22.7972,-13.5378,0.570851,-0.169322,-49.9903,-36.3351,5.23033
COc1cc2c(cc1OC)[C@@H]1C[C@H]([NH3+])[C@@H](c3cccc(Cl)c3)CN1CC2,"CHEMBL232595",1012,Done,2.61,-7.38474,"glide_grid_1X70",-7.41444,-1.39131,-0.456818,-0,-1.79698,-32.2377,-14.3616,0.0967899,-0.1,-75.6184,-46.5993,4.22391
COc1cc2c(cc1OC)[C@@H]1C[C@H](N)[C@@H](c3cccc(Cl)c3)CN1CC2,"CHEMBL232595",1013,Done,2.12,-2.48374,"glide_grid_1X70",-4.52824,-1.09272,-0.334532,-0,-1.21834,-32.322,-2.70321,0.138941,0,-45.4343,-35.0252,0.542426
COc1cc2c(cc1OC)[C@@H]1C[C@H](N)[C@@H](c3cccc(Cl)c3)C[N@H+]1CC2,"CHEMBL232595",1014,Done,2.47,-2.63587,"glide_grid_1X70",-5.26737,-1.09354,-0.335713,-0,-1.21073,-31.7949,-7.74659,0.138271,-0.0139279,-53.9899,-39.5415,0.894455
[NH3+][C@@H](CC(=O)N1CCn2c(nnc2C(F)(F)F)C1)Cc1cc(Cl)ccc1Cl,"CHEMBL232648",1015,Done,4.13,-9.7731,"glide_grid_1X70",-9.7853,-1.55011,-0.881669,-0,-1.91874,-35.4118,-24.4157,0.309768,-0.311611,-97.6497,-59.8274,10.149
N[C@@H](CC(=O)N1CCn2c(nnc2C(F)(F)F)C1)Cc1cc(Cl)ccc1Cl,"CHEMBL232648",1016,Done,4.08,-3.06215,"glide_grid_1X70",-5.36915,-1.21294,-0.576,-0,-0.685349,-21.9271,-13.8787,0.444439,-0.161127,-46.0682,-35.8059,5.03909
N#C[C@@H]1CCCN1C(=O)[C@@H]1C[C@H](C(=O)N2CCCCCCC2)C[NH2+]1,"CHEMBL232716",1017,Done,7.54,-5.3888,"glide_grid_1X70",-5.5621,-0.712177,-0.386258,-0,-1.69347,-30.3885,-11.3441,0.678047,-0.227206,-63.6922,-41.7326,3.1735
Cc1nnc(C(=O)[C@@H]2CCCN2C(=O)C[NH2+]C23C[C@H]4C[C@@H](C2)C[C@@H](C3)C4)o1,"CHEMBL232725",1019,Done,6.81,-5.0101,"glide_grid_1X70",-5.0979,-0.426866,-0.4,-0,-1.28758,-22.5879,-14.6039,0.692771,-0.356243,-43.2715,-37.1918,15.2899
CC(C)(CO)[NH2+]CC(=O)N1CCC[C@H]1C(=O)c1nnc(C(C)(C)C)o1,"CHEMBL232759",1021,Done,10.29,-5.33748,"glide_grid_1X70",-5.37948,-0.718908,-0.4224,-0,-1.49253,-22.713,-16.0995,1.07013,-0.265195,-49.8006,-38.8125,15.9232
CC(C)(CO)NCC(=O)N1CCC[C@H]1C(=O)c1nnc(C(C)(C)C)o1,"CHEMBL232759",1022,Done,14.12,-1.902,"glide_grid_1X70",-3.4909,-0.454424,-0.696253,-0,-1.00559,-22.3293,-8.02816,1.07558,-0.0895226,-33.5038,-30.3575,12.3192
[NH3+][C@@H](CC(=O)N1CCn2c(nnc2C(F)(F)F)C1)Cc1cc(F)c(Cl)cc1F,"CHEMBL232845",1023,Done,4.25,-9.49169,"glide_grid_1X70",-9.50389,-1.15618,-0.864755,-0,-2.09837,-37.6663,-23.5365,0.307745,-0.278544,-103.063,-61.2028,6.23371
N[C@@H](CC(=O)N1CCn2c(nnc2C(F)(F)F)C1)Cc1cc(F)c(Cl)cc1F,"CHEMBL232845",1024,Done,3.79,-4.83597,"glide_grid_1X70",-7.14297,-1.18978,-0.77274,-0,-1.56913,-35.7211,-13.8076,0.441529,-0.195655,-65.9297,-49.5288,9.75503
C[C@@H]1[NH2+][C@H](C(=O)N2CCC[C@H]2C#N)C[C@@H]1C(=O)N(C)C,"CHEMBL232914",1025,Done,2.3,-5.01588,"glide_grid_1X70",-5.14628,-0.682738,-0.277832,-0,-2.26126,-20.3326,-9.2622,0.693549,-0.212039,-43.0629,-29.5948,3.558
C[C@@H]1[NH2+][C@H](C(=O)N2CCC[C@H]2C#N)C[C@@H]1C(=O)N1CCC1,"CHEMBL232919",1027,Done,5.65,-4.62455,"glide_grid_1X70",-4.75495,-0.752679,-0.202927,-0,-1.82532,-24.4586,-9.4398,0.859403,-0.194527,-44.076,-33.8984,6.20134
C[C@@H]1[NH2+][C@H](C(=O)N2CCC[C@H]2C#N)C[C@@H]1C(=O)N1CCCCC1,"CHEMBL232920",1029,Done,3.97,-5.0054,"glide_grid_1X70",-5.1358,-0.870182,-0.31429,-0,-2.03811,-22.7324,-8.62631,0.731493,-0.214142,-43.5663,-31.3587,4.10161
[NH3+][C@@H](CC(=O)N1CCn2c(nnc2C(F)(F)F)C1)Cc1cc(F)c(F)cc1Cl,"CHEMBL233058",1031,Done,4.07,-9.93195,"glide_grid_1X70",-9.94415,-1.23255,-0.890368,-0,-2.28599,-35.7748,-25.0629,0.307745,-0.294811,-103.721,-60.8377,9.52641
N[C@@H](CC(=O)N1CCn2c(nnc2C(F)(F)F)C1)Cc1cc(F)c(F)cc1Cl,"CHEMBL233058",1032,Done,4.23,-3.50311,"glide_grid_1X70",-5.81011,-0.999541,-0.534898,-0,-1.89098,-25.2328,-10.0101,0.441529,-0.0630594,-48.6651,-35.2429,3.5001
C[C@@H]1[NH2+][C@H](C(=O)N2CCC[C@H]2C#N)C[C@@H]1C(=O)N1Cc2ccccc2C1,"CHEMBL233127",1033,Done,3.65,-5.2403,"glide_grid_1X70",-5.3707,-0.833792,-0.221003,-0,-1.77698,-28.0509,-10.3616,0.611498,-0.193638,-53.2899,-38.4125,4.60723
Cc1nnc(C(=O)[C@@H]2C[C@H](F)CN2C(=O)C[NH2+]C23C[C@H]4C[C@@H](C2)C[C@@H](C3)C4)o1,"CHEMBL233136",1035,Done,7.59,-2.7659,"glide_grid_1X70",-2.875,-0.734261,-0.243317,-0,-1.14287,-9.93814,-4.64282,0.636738,-0.197961,-22.3217,-14.581,1.91657
Cc1nnc(C(=O)[C@@H]2CC(F)(F)CN2C(=O)C[NH2+]C23C[C@H]4C[C@@H](C2)C[C@@H](C3)C4)o1,"CHEMBL233337",1037,Done,5.87,-5.03376,"glide_grid_1X70",-5.16996,-0.687202,-0.344101,-0,-1.3658,-20.1138,-12.7428,0.411085,-0.266839,-40.5023,-32.8566,15.4701
[NH3+][C@H]1C[C@@H](N2CCn3c(nnc3C(F)(F)F)C2)CC[C@@H]1c1cc(F)c(F)cc1F,"CHEMBL233360",1039,Done,2.52,-9.45592,"glide_grid_1X70",-9.45592,-1.24191,-0.462032,-0,-2.63307,-36.9176,-21.5318,0.156798,-0.200056,-101.493,-58.4494,1.46933
[NH3+][C@@H](CC(=O)N1CCn2c(nnc2-c2ccc(F)cc2)C1)Cc1cc(F)ccc1F,"CHEMBL233472",1040,Done,4.83,-9.2203,"glide_grid_1X70",-9.2325,-1.21082,-0.876458,-0,-2.0778,-34.3121,-22.7457,0.39875,-0.338702,-98.8537,-57.0578,7.86303
N[C@@H](CC(=O)N1CCn2c(nnc2-c2ccc(F)cc2)C1)Cc1cc(F)ccc1F,"CHEMBL233472",1041,Done,5.25,-3.48504,"glide_grid_1X70",-5.79204,-1.44273,-0.523684,-0,-1.58469,-30.9778,-7.36669,0.572141,-0.159188,-50.762,-38.3445,5.2323
[NH3+][C@@H](CC(=O)N1CCn2c(nnc2-c2ccncc2)C1)Cc1cc(F)ccc1F,"CHEMBL233474",1042,Done,5.16,-9.79466,"glide_grid_1X70",-9.80686,-1.21846,-0.965873,-0,-2.44594,-36.0599,-23.612,0.429877,-0.261677,-106.14,-59.6719,7.88579
N[C@@H](CC(=O)N1CCn2c(nnc2-c2ccncc2)C1)Cc1cc(F)ccc1F,"CHEMBL233474",1043,Done,5.98,-2.94891,"glide_grid_1X70",-5.25591,-1.02249,-0.543152,-0,-1.69045,-29.7279,-7.34438,0.616908,-0.028666,-50.8271,-37.0723,3.1528
[NH3+][C@H]1C[C@@H](N2Cc3cnc(C4CC4)nc3C2)CC[C@@H]1c1cc(F)c(F)cc1F,"CHEMBL233563",1044,Done,2.02,-7.41445,"glide_grid_1X70",-7.81405,-0.979148,-0.565174,-0,-2.13736,-38.4037,-15.818,0.26993,-0.109411,-88.6497,-54.2218,0.433468
[NH3+][C@H]1C[C@@H]([N@H+]2Cc3cnc(C4CC4)nc3C2)CC[C@@H]1c1cc(F)c(F)cc1F,"CHEMBL233563",1045,Done,2.25,-8.95259,"glide_grid_1X70",-9.40629,-1.23435,-0.46909,-0,-2.7015,-37.1995,-21.8939,0.26868,-0.12598,-106.406,-59.0934,0.640371
N[C@H]1C[C@@H]([N@H+]2Cc3cnc(C4CC4)nc3C2)CC[C@@H]1c1cc(F)c(F)cc1F,"CHEMBL233563",1046,Done,2.49,-4.07658,"glide_grid_1X70",-6.24868,-1.0207,-0.383382,-0,-1.9571,-37.2379,-9.27341,0.385614,-0.0202056,-65.6813,-46.5113,0.583447
[NH3+][C@H]1C[C@@H](N2Cc3cncnc3C2)CC[C@@H]1c1cc(F)c(F)cc1F,"CHEMBL233564",1047,Done,1.92,-7.88707,"glide_grid_1X70",-8.26697,-1.01113,-0.569509,-0,-2.43166,-36.0254,-17.113,0.218473,-0.10494,-89.679,-53.1384,0.306875
[NH3+][C@H]1C[C@@H]([N@H+]2Cc3cncnc3C2)CC[C@@H]1c1cc(F)c(F)cc1F,"CHEMBL233564",1048,Done,2.07,-8.64754,"glide_grid_1X70",-9.12244,-1.04266,-0.568766,-0,-2.59409,-34.9388,-21.621,0.217357,-0.144187,-102.777,-56.5598,0.0446871
[NH3+][C@@H](CC(=O)N1CCn2c(CO)nnc2C1)Cc1cc(F)ccc1F,"CHEMBL233684",1050,Done,5.76,-10.8426,"glide_grid_1X70",-10.8548,-1.14917,-1.24041,-0,-2.9537,-37.7099,-28.0722,0.537979,-0.164019,-118.095,-65.7821,6.47223
N[C@@H](CC(=O)N1CCn2c(CO)nnc2C1)Cc1cc(F)ccc1F,"CHEMBL233684",1051,Done,6.3,-2.8017,"glide_grid_1X70",-5.1087,-1.12877,-0.258584,-0,-2.10269,-30.335,-5.0816,0.772467,-0.112132,-45.8908,-35.4166,4.78808
CCc1nnc2n1CCN(C(=O)C[C@H]([NH3+])Cc1cc(F)c(F)cc1F)C2,"CHEMBL233685",1052,Done,4.14,-9.95106,"glide_grid_1X70",-9.96326,-1.1464,-0.858794,-0,-2.74815,-34.9854,-24.3965,0.397591,-0.198762,-103.004,-59.3819,8.25243
CCc1nnc2n1CCN(C(=O)C[C@H](N)Cc1cc(F)c(F)cc1F)C2,"CHEMBL233685",1053,Done,3.87,-3.73535,"glide_grid_1X70",-6.04235,-1.00669,-0.525406,-0,-2.13046,-27.5615,-10.0985,0.570774,-0.057716,-51.9789,-37.66,3.4244
CCOC(=O)c1nnc2n1CCN(C(=O)C[C@H]([NH3+])Cc1cc(F)c(F)cc1F)C2,"CHEMBL233686",1054,Done,4.87,-7.27804,"glide_grid_1X70",-7.29024,-1.01606,-0.516393,-0,-2.27312,-34.0809,-13.9877,0.486983,-0.169449,-79.0503,-48.0686,5.33597
CCOC(=O)c1nnc2n1CCN(C(=O)C[C@H](N)Cc1cc(F)c(F)cc1F)C2,"CHEMBL233686",1055,Done,5.48,-3.62945,"glide_grid_1X70",-5.93645,-1.01621,-0.576,-0,-2.1219,-35.3094,-7.30516,0.698769,-0.0598629,-55.4808,-42.6146,6.34723
CC(C)(C)NC(=O)c1nnc2n1CCN(C(=O)C[C@H]([NH3+])Cc1cc(F)c(F)cc1F)C2,"CHEMBL233891",1056,Done,5.24,-8.37657,"glide_grid_1X70",-8.38877,-0.995456,-0.877446,-0,-2.26434,-36.3831,-17.395,0.434057,-0.257166,-91.9485,-53.7782,5.98592
CC(C)(C)NC(=O)c1nnc2n1CCN(C(=O)C[C@H](N)Cc1cc(F)c(F)cc1F)C2,"CHEMBL233891",1057,Done,5.82,-3.39133,"glide_grid_1X70",-5.69833,-1.02875,-0.530859,-0,-1.63014,-30.1189,-9.97556,0.62267,-0.12897,-52.8832,-40.0945,4.9904
Cc1nc(C(=O)[C@@H]2CCCN2C(=O)C[NH2+]C23C[C@H]4C[C@@H](C2)C[C@@H](C3)C4)no1,"CHEMBL233996",1058,Done,7.12,-2.965,"glide_grid_1X70",-3.0679,-0.45557,-0.344134,-0,-1.15653,-10.3043,-7.41088,0.692771,-0.177586,-22.4978,-17.7152,7.9623
CCCC[C@H]1CN(c2cc(OC)cc(C(F)(F)F)c2)CC[C@H]1[NH3+],"CHEMBL234045",1060,Done,6.57,-5.70074,"glide_grid_1X70",-5.71164,-0.454795,-0.458413,-0,-1.94318,-22.653,-12.9469,0.359883,-0.140442,-55.8987,-35.5999,0.516962
CCCC[C@H]1CN(c2cc(OC)cc(C(F)(F)F)c2)CC[C@H]1N,"CHEMBL234045",1061,Done,6.12,-1.48204,"glide_grid_1X70",-3.85524,-0.903383,-0.297096,-0,-1.45624,-23.154,-3.66432,0.516895,-0.00806278,-32.6558,-26.8183,2.37316
COc1cc2c(cc1OC)[C@@H]1C[C@H]([NH3+])[C@@H](c3ccccn3)CN1CC2,"CHEMBL234047",1065,Done,2.36,-6.85004,"glide_grid_1X70",-6.91564,-1.00109,-0.459326,-0,-1.88654,-30.8323,-13.6096,0.114377,-0.1,-69.5675,-44.4419,5.88834
COc1cc2c(cc1OC)[C@@H]1C[C@H](N)[C@@H](c3ccccn3)C[N@H+]1CC2,"CHEMBL234047",1066,Done,2.58,-3.61524,"glide_grid_1X70",-5.08874,-0.973986,-0.367526,-0,-1.40041,-30.1396,-6.59254,0.163396,-0.0143569,-49.711,-36.7321,2.05617
COc1cc2c(cc1OC)[C@@H]1C[C@H](N)[C@@H](c3ccccn3)CN1CC2,"CHEMBL234047",1067,Done,2.35,-1.94561,"glide_grid_1X70",-4.26191,-0.86764,-0.372713,-0,-1.34635,-30.1247,-2.22155,0.164257,0,-40.899,-32.3462,2.0329
COc1cc2c(cc1OC)[C@@H]1C[C@H]([NH3+])[C@@H](c3ccc(C)cc3)CN1CC2,"CHEMBL234048",1068,Done,2.48,-7.313,"glide_grid_1X70",-7.3394,-1.18109,-0.528808,-0,-1.90554,-33.0969,-13.8407,0.106991,-0.1,-73.8975,-46.9376,4.25188
COc1cc2c(cc1OC)[C@@H]1C[C@H](N)[C@@H](c3ccc(C)cc3)CN1CC2,"CHEMBL234048",1069,Done,2.62,-2.61112,"glide_grid_1X70",-4.72822,-1.14596,-0.375334,-0,-1.40412,-32.3398,-2.26296,0.153622,0,-44.9285,-34.6028,0.171534
N#C[C@@H]1CCCN1C(=O)[C@@H]1C[C@H](CC(=O)[O-])C[NH2+]1,"CHEMBL234158",1070,Done,2.87,-6.06514,"glide_grid_1X70",-6.13974,-0.779093,-0.582175,-0,-2.31733,-24.9987,-12.3514,0.832666,-0.191173,-58.0961,-37.35,1.64513
CCN(C)C(=O)[C@@H]1C[NH2+][C@H](C(=O)N2CCC[C@H]2C#N)C1,"CHEMBL234163",1072,Done,3.99,-6.7072,"glide_grid_1X70",-6.8805,-0.955212,-0.794273,-0,-1.70193,-28.1204,-18.3641,0.924732,-0.193184,-74.223,-46.4845,3.18585
CCCC[C@@H]1CN(c2cc(OC)cc(C(F)(F)F)c2)CC[C@H]1[NH3+],"CHEMBL234233",1074,Done,5.51,-7.62084,"glide_grid_1X70",-7.63174,-1.30739,-0.564791,-0,-2.37922,-23.2348,-16.4368,0.359883,-0.112961,-65.0088,-39.6716,3.13891
CCCC[C@@H]1CN(c2cc(OC)cc(C(F)(F)F)c2)CC[C@H]1N,"CHEMBL234233",1075,Done,5.68,-0.600319,"glide_grid_1X70",-2.97352,-0.179904,-0.238389,-0,-1.40418,-23.7682,-2.78776,0.516895,-0.0613679,-31.7473,-26.556,1.40051
N#C[C@@H]1CCCN1C(=O)[C@@H]1C[C@H](CO)C[NH2+]1,"CHEMBL234356",1078,Done,3.48,-6.16963,"glide_grid_1X70",-6.36603,-0.819978,-0.4,-0,-2.73522,-22.5717,-12.0565,0.707418,-0.181181,-56.6832,-34.6283,0.697504
N#C[C@@H]1CCCN1C(=O)[C@@H]1C[C@H](CO)CN1,"CHEMBL234356",1079,Done,4.93,-4.54105,"glide_grid_1X70",-5.29085,-0.304729,-0.53561,-0,-1.88154,-13.4641,-16.6581,0.712827,-0.109872,-40.6607,-30.1222,3.10263
N#C[C@@H]1CCCN1C(=O)[C@@H]1C[C@H](C(=O)N2CCC2)C[NH2+]1,"CHEMBL234373",1080,Done,6.1,-5.76849,"glide_grid_1X70",-5.94179,-0.70555,-0.446529,-0,-2.02446,-29.9794,-13.5856,0.936429,-0.164872,-65.2038,-43.565,4.34137
CCCC[C@H]1CN2CCc3cc(OC)c(OC)cc3[C@@H]2C[C@@H]1[NH3+],"CHEMBL234412",1082,Done,3.56,-6.7746,"glide_grid_1X70",-6.786,-0.960184,-0.478709,-0,-2.01094,-27.2621,-14.1935,0.255967,-0.1,-64.1153,-41.4556,7.50847
CCCC[C@@H]1C[N@H+](C2CCCCC2)CC[C@H]1[NH3+],"CHEMBL234413",1083,Done,3.56,-6.07183,"glide_grid_1X70",-6.27843,-0.578173,-0.528644,-0,-2.37181,-13.5934,-17.4323,0.628601,-0.13389,-47.8023,-31.0257,10.0714
CCCC[C@@H]1C[N@H+](C2CCCCC2)CC[C@H]1N,"CHEMBL234413",1084,Done,3.7,-4.22296,"glide_grid_1X70",-5.18106,-1.2814,-0.264383,-0,-2.50768,-15.4285,-8.1092,0.90446,-0.044245,-28.589,-23.5377,16.169
CCCC[C@@H]1CN(C2CCCCC2)CC[C@H]1[NH3+],"CHEMBL234413",1085,Done,2.06,-3.73673,"glide_grid_1X70",-5.12583,-0.357567,-0.404769,-0,-2.43045,-13.0179,-12.1018,0.633122,-0.1,-34.4487,-25.1197,6.32569
CCCC[C@@H]1CN(C(c2ccccc2)c2ccccc2)CC[C@H]1[NH3+],"CHEMBL234414",1086,Done,6.99,-6.79473,"glide_grid_1X70",-6.79553,-1.4745,-0.338587,-0,-1.94369,-27.4232,-14.6234,0.625919,-0.1,-64.5766,-42.0466,6.21309
CCCC[C@@H]1CN(c2ccc(Cl)c(C(F)(F)F)c2)CC[C@H]1[NH3+],"CHEMBL234426",1087,Done,4.17,-5.39921,"glide_grid_1X70",-5.41111,-0.17863,-0.507128,-0,-1.68665,-18.0155,-15.7363,0.351547,-0.129033,-51.9344,-33.7518,1.19293
CCCC[C@@H]1CN(c2ccc(Cl)c(C(F)(F)F)c2)CC[C@H]1N,"CHEMBL234426",1088,Done,4.05,-2.19892,"glide_grid_1X70",-4.52092,-1.41768,-0.223053,-0,-1.71042,-21.8689,-3.75231,0.504889,-0.0183729,-32.2762,-25.6212,3.25754
CCCC[C@@H]1CN(c2ccccc2)CC[C@H]1[NH3+],"CHEMBL234610",1094,Done,2.75,-5.67612,"glide_grid_1X70",-5.68752,-1.22038,-0.4,-0,-2.48758,-15.0266,-11.0722,0.944731,-0.112126,-38.6019,-26.0988,5.19734
CCCC[C@H]1CN(c2ccc(Oc3ccccc3)cc2)CC[C@H]1N,"CHEMBL234611",1097,Done,7.86,-0.675355,"glide_grid_1X70",-3.05045,-0.867149,-0.312375,-0,-1.19686,-24.4407,-2.09946,0.889485,-0.0265961,-32.7225,-26.5402,1.93011
CCCC[C@H]1CN(c2ccc(Cl)c(Cl)c2)CC[C@H]1[NH3+],"CHEMBL234613",1098,Done,3.57,-5.51771,"glide_grid_1X70",-5.52961,-0.43294,-0.450189,-0,-1.87821,-21.4808,-13.1799,0.423149,-0.140386,-54.2131,-34.6607,0.409891
CCCC[C@H]1CN(c2ccc(Cl)c(Cl)c2)CC[C@H]1N,"CHEMBL234613",1099,Done,3.44,-0.61161,"glide_grid_1X70",-2.93361,-0.406012,-0.304,-0,-1.35509,-20.8018,-2.80294,0.608044,-0.0160254,-28.9353,-23.6048,0.429091
CCCC[C@@H]1CN(c2ccc3ccccc3c2)CC[C@H]1[NH3+],"CHEMBL234614",1100,Done,3.37,-7.19235,"glide_grid_1X70",-7.20375,-1.60486,-0.311903,-0,-2.25661,-24.1789,-14.3999,0.473424,-0.134878,-61.4897,-38.5788,4.79215
CCCC[C@@H]1CN(c2ccc3ccccc3c2)CC[C@H]1N,"CHEMBL234614",1101,Done,3.2,-1.78012,"glide_grid_1X70",-4.12672,-1.31697,-0.249844,-0,-1.60157,-14.3744,-5.81835,0.680523,-0.0473938,-25.8921,-20.1927,5.11707
CCCC[C@@H]1CN(c2cccc3ccccc23)CC[C@H]1[NH3+],"CHEMBL234615",1102,Done,2.92,-5.99337,"glide_grid_1X70",-6.00477,-1.34995,-0.292178,-0,-1.83345,-23.3047,-12.8416,0.676321,-0.114053,-54.4172,-36.1462,1.10467
CCCC[C@@H]1CN(c2cccc3ccccc23)CC[C@H]1N,"CHEMBL234615",1103,Done,2.91,-0.975792,"glide_grid_1X70",-3.32239,-0.754035,-0.307217,-0,-1.64454,-16.9378,-2.85173,0.680523,-0.0224771,-21.0234,-19.7895,8.63462
[NH3+][C@H]1C[C@@H](N2CCn3c(C(F)(F)F)cnc3C2)CC[C@H]1c1cc(F)c(F)cc1F,"CHEMBL234635",1104,Done,2.85,-4.93458,"glide_grid_1X70",-5.01218,-0.0212774,-0.598272,-0,-0.942704,-22.1715,-15.8216,0.224952,-0.193052,-54.1365,-37.9932,1.58548
[NH3+][C@H]1C[C@@H](N2CCn3c(C(F)(F)F)c[nH+]c3C2)CC[C@H]1c1cc(F)c(F)cc1F,"CHEMBL234635",1105,Done,2.86,-4.54203,"glide_grid_1X70",-5.78453,-0.279425,-0.555797,-0,-1.18812,-23.7884,-16.634,0.156784,-0.233452,-58.3025,-40.4224,3.01798
Cc1nc(C(=O)[C@@H]2CCCN2C(=O)C[NH2+]C(C)(C)CO)no1,"CHEMBL234911",1106,Done,10.96,-5.35682,"glide_grid_1X70",-5.40642,-0.409474,-0.293485,-0,-1.6787,-16.3362,-17.7337,0.937314,-0.485212,-51.6809,-34.0699,8.72303
Cc1nc(C(=O)[C@@H]2CCCN2C(=O)CNC(C)(C)CO)no1,"CHEMBL234911",1107,Done,12.84,-1.28687,"glide_grid_1X70",-2.78137,-0.197278,-0.361129,-0,-1.32528,-20.7058,-6.91485,1.34667,-0.171839,-31.7459,-27.6206,6.46749
COc1cc([C@H]2CC[C@@H]([C@H](C(=O)N(C)C)[C@H](N)C(=O)N3CCC(F)(F)C3)CC2)nc(OC)n1,"CHEMBL235004",1108,Done,5.18,-2.4677,"glide_grid_1X70",-2.7733,-0.311442,-0.295967,-0,-0.519553,-18.6447,-6.37869,0.458104,-0.215403,-16.3251,-25.0234,29.4542
COc1cc([C@H]2CC[C@@H]([C@H](C(=O)N(C)C)[C@H]([NH3+])C(=O)N3CCC(F)(F)C3)CC2)nc(OC)n1,"CHEMBL235004",1109,Done,8.29,-6.64894,"glide_grid_1X70",-7.18744,-1.25116,-0.419061,-0,-1.44912,-37.2705,-14.6773,0.319421,-0.3224,-72.8062,-51.9478,14.133
[NH3+][C@@H](CC(=O)N1CCn2c(nnc2C(F)(F)F)C1)Cc1ccc(Cl)cc1Cl,"CHEMBL235120",1110,Done,4.13,-9.44618,"glide_grid_1X70",-9.45838,-1.48782,-0.867124,-0,-1.80698,-36.8582,-23.2354,0.309768,-0.278009,-100.574,-60.0936,6.02931
N[C@@H](CC(=O)N1CCn2c(nnc2C(F)(F)F)C1)Cc1ccc(Cl)cc1Cl,"CHEMBL235120",1111,Done,4.11,-3.58767,"glide_grid_1X70",-5.89467,-1.28692,-0.557906,-0,-1.76717,-31.1049,-7.47833,0.444439,-0.0501231,-50.1326,-38.5832,4.58895
Cn1c(=O)[nH]c(=O)c2c1nc(N1CC[NH2+]CC1)n2Cc1ccccc1,"CHEMBL235133",1112,Done,2.24,-5.67397,"glide_grid_1X70",-5.70067,-0.0766164,-0.56125,-0,-1.96146,-20.7838,-15.1286,0.341442,-0.134307,-55.9361,-35.9123,1.00482
Cn1c(=O)c2c(nc(N3CC[NH2+]CC3)n2Cc2ccccc2)n(C)c1=O,"CHEMBL235134",1114,Done,2.2,-5.69871,"glide_grid_1X70",-5.72541,-0.298491,-0.409547,-0,-1.74932,-24.8335,-15.5605,0.454094,-0.146396,-60.8357,-40.394,2.62333
CN(C)C(=O)[C@@H]([C@H]1CC[C@@H]([C@@H]2CCc3ncnn3C2)CC1)[C@H]([NH3+])C(=O)N1CCC(F)(F)C1,"CHEMBL235198",1117,Done,4.67,-8.09301,"glide_grid_1X70",-8.61721,-1.28408,-0.797846,-0,-1.79945,-35.2279,-20.2523,0.34155,-0.278138,-87.7204,-55.4802,14.3005
CN(C)C(=O)[C@@H]([C@H]1CC[C@H]([C@@H]2CCc3ncnn3C2)CC1)[C@H]([NH3+])C(=O)N1CCC(F)(F)C1,"CHEMBL235199",1119,Done,5.09,-6.96891,"glide_grid_1X70",-7.49311,-0.998645,-0.664646,-0,-1.3597,-29.373,-21.5629,0.487928,-0.25496,-77.4839,-50.9359,9.11454
COc1ccc(-c2cc(N3C[C@H](c4ccccc4)[C@@H]([NH3+])C3)ncn2)cc1,"CHEMBL235201",1120,Done,2.83,-9.27834,"glide_grid_1X70",-9.29324,-1.61803,-0.903485,-0,-2.01767,-33.7214,-21.5582,0.330967,-0.165221,-95.4174,-55.2797,0.473494
COc1ccc(-c2cc(N3C[C@H](c4ccccc4)[C@@H](N)C3)ncn2)cc1,"CHEMBL235201",1121,Done,2.68,-0.598821,"glide_grid_1X70",-2.79002,-0.167203,-0.259774,-0,-1.04709,-26.5432,-2.95975,0.475257,-0.0200852,-32.5211,-29.503,5.59711
COc1cc([C@H]2CC[C@H]([C@H](C(=O)N(C)C)[C@H](N)C(=O)N3CCC(F)(F)C3)CC2)nc(OC)n1,"CHEMBL235223",1122,Done,4.08,-4.85677,"glide_grid_1X70",-5.16237,-1.14272,-0.315986,-0,-1.32409,-39.0558,-4.96185,0.458104,-0.140607,-41.8931,-44.0177,28.2641
COc1cc([C@H]2CC[C@H]([C@H](C(=O)N(C)C)[C@H]([NH3+])C(=O)N3CCC(F)(F)C3)CC2)nc(OC)n1,"CHEMBL235223",1123,Done,4.87,-4.5765,"glide_grid_1X70",-5.115,-0.30738,-0.411799,-0,-0.491666,-23.8828,-19.3861,0.456315,-0.258415,-60.2955,-43.2689,5.02808
CC(C)=CCn1c(N2CC[NH2+]CC2)nc2c1c(=O)n(C)c(=O)n2C,"CHEMBL235352",1124,Done,2.3,-5.66856,"glide_grid_1X70",-5.69526,-0.286204,-0.422429,-0,-1.912,-24.3316,-14.8155,0.508643,-0.144366,-58.9587,-39.1471,1.86046
CC#CCn1c(N2CC[NH2+]CC2)nc2c1c(=O)n(C)c(=O)n2C,"CHEMBL235792",1126,Done,1.88,-5.96674,"glide_grid_1X70",-5.99344,-0.488052,-0.437747,-0,-2.06011,-26.1805,-14.0786,0.554893,-0.141603,-60.8565,-40.2592,2.32571
[NH3+][C@H]1CN(c2cc(-c3cccc(C(F)(F)F)c3)ncn2)C[C@@H]1c1cc(F)c(F)cc1F,"CHEMBL236084",1128,Done,3.38,-9.70603,"glide_grid_1X70",-9.72093,-1.38832,-0.57612,-0,-2.16502,-38.6754,-24.0923,0.217098,-0.260961,-107.985,-62.7676,0.42776
N[C@H]1CN(c2cc(-c3cccc(C(F)(F)F)c3)ncn2)C[C@@H]1c1cc(F)c(F)cc1F,"CHEMBL236084",1129,Done,3.46,-1.81207,"glide_grid_1X70",-4.00327,-0.472807,-0.367626,-0,-0.963953,-32.6003,-4.312,0.311435,-0.233502,-46.1558,-36.9123,1.6888
[NH3+][C@H]1CN(c2cc(-c3cccc(OC(F)(F)F)c3)ncn2)C[C@@H]1c1cc(F)c(F)cc1F,"CHEMBL236085",1130,Done,4.54,-9.44261,"glide_grid_1X70",-9.45751,-2.01557,-0.516621,-0,-2.70642,-39.2858,-15.9544,0.271248,-0.132701,-97.9827,-55.2402,4.26982
N[C@H]1CN(c2cc(-c3cccc(OC(F)(F)F)c3)ncn2)C[C@@H]1c1cc(F)c(F)cc1F,"CHEMBL236085",1131,Done,4.13,-2.13642,"glide_grid_1X70",-4.32762,-0.434852,-0.304,-0,-1.14197,-27.7731,-8.44616,0.389063,-0.180272,-45.924,-36.2193,2.24669
[NH3+][C@H]1CN(c2nc3c(cc2F)c(=O)c(C(=O)[O-])cn3C2CC2)C[C@H]1c1ccc(F)cc1,"CHEMBL236507",1132,Done,3.52,-7.50801,"glide_grid_1X70",-7.53301,-1.05102,-0.578994,-0,-1.52001,-34.8087,-17.8196,0.229204,-0.198817,-80.4909,-52.6282,2.17691
[NH3+][C@H]1CN(c2nc3c(cc2F)c(=O)c(C(=O)O)cn3C2CC2)C[C@H]1c1ccc(F)cc1,"CHEMBL236507",1133,Done,5.45,-4.90558,"glide_grid_1X70",-7.05658,-0.979254,-0.425128,-0,-1.52853,-34.309,-16.6706,0.304302,-0.211929,-75.2306,-50.9796,2.90785
N[C@H]1CN(c2nc3c(cc2F)c(=O)c(C(=O)[O-])cn3C2CC2)C[C@H]1c1ccc(F)cc1,"CHEMBL236507",1134,Done,3.18,-1.01748,"glide_grid_1X70",-3.51058,-1.03163,-0.397859,-0,-0.979798,-20.2333,-2.44508,0.32884,-0.0517064,-29.9936,-22.6784,5.50323
[NH3+][C@H]1CN(c2cc(-c3cccc(C(=O)[O-])c3)ncn2)C[C@@H]1c1cc(F)c(F)cc1F,"CHEMBL236508",1135,Done,2.94,-10.051,"glide_grid_1X70",-10.0659,-1.17353,-1.1535,-0,-2.47216,-37.7313,-23.08,0.24138,-0.159515,-109.606,-60.8114,0.57637
N[C@H]1CN(c2cc(-c3cccc(C(=O)[O-])c3)ncn2)C[C@@H]1c1cc(F)c(F)cc1F,"CHEMBL236508",1136,Done,2.84,-2.0836,"glide_grid_1X70",-4.2748,-0.784058,-0.527811,-0,-0.742282,-31.3722,-5.38755,0.346348,-0.190259,-48.8784,-36.7598,2.7897
CC(C)[C@H]([NH3+])C(=O)N1CCC[C@H]1P(=O)(Oc1ccccc1)Oc1ccccc1,"CHEMBL236586",1137,Done,8.22,-5.53047,"glide_grid_1X70",-5.81027,-0.564233,-0.659464,-0,-0.882446,-24.5534,-21.0872,0.84441,-0.157787,-64.6898,-45.6406,10.1806
CC(C)[C@H](N)C(=O)N1CCC[C@H]1P(=O)(Oc1ccccc1)Oc1ccccc1,"CHEMBL236586",1138,Done,8.01,-4.08817,"glide_grid_1X70",-4.66717,-0.884324,-0.57313,-0,-0.664305,-29.3814,-12.1885,0.848223,-0.09629,-49.5632,-41.5699,10.2283
N[C@@H](Cc1cnc[nH]1)C(=O)N1CCC[C@H]1P(=O)(Oc1ccccc1)Oc1ccccc1,"CHEMBL236602",1139,Done,10.1,-4.87165,"glide_grid_1X70",-5.55405,-0.925816,-0.96,-0,-0.449367,-28.7388,-16.4119,0.823448,-0.143597,-56.6715,-45.1506,11.911
N[C@@H](Cc1c[nH]cn1)C(=O)N1CCC[C@H]1P(=O)(Oc1ccccc1)Oc1ccccc1,"CHEMBL236602",1140,Done,8.46,-2.83115,"glide_grid_1X70",-3.63855,-0.488852,-0.319789,-0,-0.851609,-37.2541,-5.81549,0.823448,-0.0667226,-50.9258,-43.0696,6.5302
[NH3+][C@@H](Cc1c[nH]cn1)C(=O)N1CCC[C@H]1P(=O)(Oc1ccccc1)Oc1ccccc1,"CHEMBL236602",1141,Done,10.47,-6.32286,"glide_grid_1X70",-7.34706,-0.339683,-1.18429,-0,-1.11448,-38.4214,-20.9452,0.574027,-0.219781,-90.9869,-59.3666,8.07903
[NH3+][C@@H](Cc1cnc[nH]1)C(=O)N1CCC[C@H]1P(=O)(Oc1ccccc1)Oc1ccccc1,"CHEMBL236602",1142,Done,10.09,-5.33307,"glide_grid_1X70",-6.50227,-0.452712,-0.516532,-0,-1.2902,-39.408,-17.5126,0.574027,-0.219569,-81.4042,-56.9205,10.4992
N[C@@H](Cc1c[nH+]c[nH]1)C(=O)N1CCC[C@H]1P(=O)(Oc1ccccc1)Oc1ccccc1,"CHEMBL236602",1143,Done,10.06,-2.92172,"glide_grid_1X70",-4.25442,-0.311651,-0.355844,-0,-0.453409,-31.0621,-14.7629,0.820038,-0.186008,-55.3192,-45.825,15.6986
[NH3+][C@H]1CN(c2cc(-c3ccccc3)ncn2)C[C@@H]1c1cc(F)c(F)cc1F,"CHEMBL236705",1144,Done,2.3,-9.84339,"glide_grid_1X70",-9.85829,-1.48032,-0.634048,-0,-2.63858,-37.6825,-22.4504,0.293899,-0.147558,-103.2,-60.1329,0.336103
N[C@H]1CN(c2cc(-c3ccccc3)ncn2)C[C@@H]1c1cc(F)c(F)cc1F,"CHEMBL236705",1145,Done,1.93,-2.0212,"glide_grid_1X70",-4.2124,-0.886163,-0.272234,-0,-1.80989,-18.4618,-4.32791,0.4219,-0.0937437,-28.5124,-22.7897,8.55744
[NH3+][C@H]1CN(c2cc(-c3ccccc3Cl)ncn2)C[C@@H]1c1cc(F)c(F)cc1F,"CHEMBL236706",1146,Done,2.43,-9.86698,"glide_grid_1X70",-9.88188,-1.51772,-0.699914,-0,-2.43527,-36.7663,-23.3202,0.250639,-0.143262,-103.645,-60.0865,1.09037
N[C@H]1CN(c2cc(-c3ccccc3Cl)ncn2)C[C@@H]1c1cc(F)c(F)cc1F,"CHEMBL236706",1147,Done,2.32,-5.00604,"glide_grid_1X70",-7.19724,-1.39377,-0.5969,-0,-1.80842,-33.6444,-13.4259,0.359664,-0.0617061,-64.2463,-47.0702,0.588497
CC(=O)c1ccccc1-c1cc(N2C[C@H](c3cc(F)c(F)cc3F)[C@@H]([NH3+])C2)ncn1,"CHEMBL236707",1148,Done,3.36,-9.2513,"glide_grid_1X70",-9.2662,-1.16814,-0.820491,-0,-2.34003,-33.4951,-22.2254,0.242398,-0.171382,-97.6758,-55.7205,2.33258
CC(=O)c1ccccc1-c1cc(N2C[C@H](c3cc(F)c(F)cc3F)[C@@H](N)C2)ncn1,"CHEMBL236707",1149,Done,3.41,-1.51649,"glide_grid_1X70",-3.70769,-0.813442,-0.304,-0,-0.59722,-28.2476,-4.96412,0.347812,-0.183843,-40.8482,-33.2117,3.11064
COc1cccc(-c2cc(N3C[C@H](c4cc(F)c(F)cc4F)[C@@H]([NH3+])C3)ncn2)c1,"CHEMBL236714",1150,Done,2.66,-9.79995,"glide_grid_1X70",-9.81485,-1.51683,-0.686207,-0,-2.40169,-34.854,-23.7077,0.255631,-0.166899,-103.004,-58.5616,0.352524
COc1cccc(-c2cc(N3C[C@H](c4cc(F)c(F)cc4F)[C@@H](N)C3)ncn2)c1,"CHEMBL236714",1151,Done,3.3,-3.01091,"glide_grid_1X70",-5.20211,-0.931825,-0.304,-0,-1.80757,-28.6481,-6.78491,0.366844,-0.0754157,-45.4211,-35.4331,4.12983
CC(=O)Nc1cccc(-c2cc(N3C[C@H](c4cc(F)c(F)cc4F)[C@@H]([NH3+])C3)ncn2)c1,"CHEMBL236719",1152,Done,4.12,-10.2035,"glide_grid_1X70",-10.2184,-1.39542,-1.12172,-0,-1.92339,-37.955,-26.7954,0.30301,-0.183105,-112.662,-64.7504,3.36373
CC(=O)Nc1cccc(-c2cc(N3C[C@H](c4cc(F)c(F)cc4F)[C@@H](N)C3)ncn2)c1,"CHEMBL236719",1153,Done,4.07,-3.1477,"glide_grid_1X70",-5.3389,-0.902749,-0.336133,-0,-1.78774,-31.6522,-7.49274,0.434721,-0.0404845,-51.1173,-39.145,3.59564
N#Cc1ccc(-c2cc(N3C[C@H](c4cc(F)c(F)cc4F)[C@@H]([NH3+])C3)ncn2)cc1,"CHEMBL236922",1154,Done,2.44,-10.1444,"glide_grid_1X70",-10.1593,-1.40252,-1.0359,-0,-2.39874,-35.2744,-24.1381,0.261483,-0.199177,-106.437,-59.4125,0.381948
N#Cc1ccc(-c2cc(N3C[C@H](c4cc(F)c(F)cc4F)[C@@H](N)C3)ncn2)cc1,"CHEMBL236922",1155,Done,2.31,-4.96404,"glide_grid_1X70",-7.15524,-1.32523,-0.72785,-0,-1.93812,-31.6841,-12.4346,0.375261,-0.0899023,-62.1896,-44.1187,0.389499
[NH3+][C@H]1CN(c2cc(-c3ccc(F)cc3)ncn2)C[C@@H]1c1cc(F)c(F)cc1F,"CHEMBL236923",1156,Done,2.31,-9.96289,"glide_grid_1X70",-9.97779,-1.56224,-0.642949,-0,-2.49528,-36.4243,-23.2105,0.270014,-0.244549,-103.495,-59.6348,0.314167
N[C@H]1CN(c2cc(-c3ccc(F)cc3)ncn2)C[C@@H]1c1cc(F)c(F)cc1F,"CHEMBL236923",1157,Done,2.06,-2.43945,"glide_grid_1X70",-4.63065,-0.811948,-0.304,-0,-1.50206,-27.3366,-5.89991,0.387534,-0.148363,-42.809,-33.2366,2.4093
CC(C)=CCn1c(N2CCC[C@H]([NH3+])C2)nc2c1c(=O)n(CC(=O)c1ccccc1)c(=O)n2C,"CHEMBL237067",1158,Done,4.12,-6.21452,"glide_grid_1X70",-6.21702,-0.11437,-0.93866,-0,-1.38545,-31.1045,-16.4149,0.41318,-0.174263,-72.5134,-47.5194,1.82819
CN(C)C(=O)[C@@H](c1ccc(-c2ccc(F)cc2)cc1)[C@H]([NH3+])C(=O)N1CC[C@H](F)C1,"CHEMBL237119",1160,Done,3.84,-5.53467,"glide_grid_1X70",-6.23737,-0.457093,-0.572247,-0,-1.19468,-29.9694,-16.8419,0.424048,-0.412644,-70.0678,-46.8113,3.1692
C[C@@H]([C@H]1CC[C@H](c2cccnc2)CC1)[C@H]([NH3+])C(=O)N1CCC(F)(F)C1,"CHEMBL237151",1161,Done,4.91,-8.3437,"glide_grid_1X70",-8.6406,-1.40783,-0.487882,-0,-2.65671,-31.0079,-18.4393,0.430203,-0.202084,-85.0924,-49.4472,3.7596
C[C@@H]([C@H]1CC[C@H](c2cccnc2)CC1)[C@H](N)C(=O)N1CCC(F)(F)C1,"CHEMBL237151",1162,Done,5.06,-4.89808,"glide_grid_1X70",-5.47528,-1.10217,-0.173623,-0,-2.2213,-31.983,-6.00022,0.617715,-0.0967256,-50.6514,-37.9832,2.2107
C[C@@H]([C@H]1CC[C@H](c2cccc3ncnn32)CC1)[C@H]([NH3+])C(=O)N1CCC(F)(F)C1,"CHEMBL237152",1163,Done,4.75,-8.81376,"glide_grid_1X70",-9.11376,-1.25502,-0.732858,-0,-2.46105,-34.3753,-20.5259,0.354933,-0.22211,-93.8712,-54.9012,3.85569
C[C@@H]([C@H]1CC[C@H](c2cccc3ncnn32)CC1)[C@H](N)C(=O)N1CCC(F)(F)C1,"CHEMBL237152",1164,Done,3.49,-5.58335,"glide_grid_1X70",-6.14265,-1.20707,-0.471376,-0,-1.71208,-33.0439,-9.99663,0.509395,-0.109826,-58.3193,-43.0405,2.92422
CC(C)=CCn1c(N2CCC[C@@H]([NH3+])C2)nc2c1c(=O)n(C)c(=O)n2C,"CHEMBL237279",1165,Done,2.56,-6.64203,"glide_grid_1X70",-6.64453,-0.665574,-0.514551,-0,-1.5312,-25.5501,-19.8808,0.472806,-0.146387,-67.8142,-45.4309,2.11954
CC#CCn1c(N2CCC[C@@H]([NH3+])C2)nc2c1c(=O)n(C)c(=O)n2C,"CHEMBL237280",1166,Done,2.12,-6.26424,"glide_grid_1X70",-6.26674,-0.55998,-0.38036,-0,-2.00415,-24.9764,-16.4094,0.514128,-0.126146,-63.7292,-41.3858,0.83867
CC(C)=CCn1c(N2CCC[C@@H]([NH3+])C2)nc2c1c(=O)n(CCc1ccccc1)c(=O)n2C,"CHEMBL237281",1167,Done,4.52,-5.77223,"glide_grid_1X70",-5.77473,-0.380381,-0.548974,-0,-1.53968,-24.2982,-16.0153,0.437477,-0.125972,-61.0258,-40.3135,5.36964
CC#CCn1c(N2CCC[C@@H]([NH3+])C2)nc2c1c(=O)n(CC(=O)c1ccccc1)c(=O)n2C,"CHEMBL237287",1168,Done,3.89,-5.83845,"glide_grid_1X70",-5.84095,-0.0298014,-0.730932,-0,-1.43845,-27.7551,-16.7185,0.441235,-0.187464,-65.5334,-44.4736,2.96986
CC#CCn1c(N2CCC[C@H]([NH3+])C2)nc2c1c(=O)n(CC(=O)c1ccccc1)c(=O)n2C,"CHEMBL237288",1169,Done,4.14,-6.44557,"glide_grid_1X70",-6.44807,-0.129247,-0.960378,-0,-1.48713,-31.429,-17.1222,0.441235,-0.172769,-74.2708,-48.5512,1.73259
C[C@@H](c1ccc(-c2ccc(F)cc2)cc1)[C@H](N)C(=O)N1CC[C@H](F)C1,"CHEMBL237336",1170,Done,2.91,-3.93083,"glide_grid_1X70",-4.32083,-1.20643,-0.304,-0,-1.70514,-16.8795,-5.52158,0.640314,-0.0733623,-28.5968,-22.4011,11.5128
C[C@@H](c1ccc(-c2ccc(F)cc2)cc1)[C@H]([NH3+])C(=O)N1CC[C@H](F)C1,"CHEMBL237336",1171,Done,3.81,-7.45948,"glide_grid_1X70",-7.89158,-1.23367,-0.406731,-0,-2.31427,-30.1024,-17.3729,0.4459,-0.271753,-78.5242,-47.4753,3.93668
CN(C)C(=O)[C@@H](c1ccc(-c2ccc3ncnn3c2)cc1)[C@H]([NH3+])C(=O)N1CC[C@H](F)C1,"CHEMBL237337",1173,Done,3.54,-6.16625,"glide_grid_1X70",-6.86895,-0.408425,-0.574018,-0,-1.39623,-37.11,-17.5999,0.383531,-0.378318,-84.6399,-54.7099,3.47982
[NH3+][C@H]1CN(c2cc(-c3cccc(Cl)c3)ncn2)C[C@@H]1c1cc(F)c(F)cc1F,"CHEMBL237341",1174,Done,2.25,-9.44156,"glide_grid_1X70",-9.45646,-1.30165,-0.548249,-0,-2.42059,-38.7022,-22.3762,0.250639,-0.145058,-104.033,-61.0784,0.287595
N[C@H]1CN(c2cc(-c3cccc(Cl)c3)ncn2)C[C@@H]1c1cc(F)c(F)cc1F,"CHEMBL237341",1175,Done,1.8,-2.0359,"glide_grid_1X70",-4.2271,-1.14046,-0.296882,-0,-0.771165,-31.3699,-4.23917,0.359664,-0.173884,-45.0107,-35.6091,1.6905
N#Cc1cccc(-c2cc(N3C[C@H](c4cc(F)c(F)cc4F)[C@@H]([NH3+])C3)ncn2)c1,"CHEMBL237342",1176,Done,2.34,-9.87491,"glide_grid_1X70",-9.88981,-1.44662,-0.642446,-0,-2.46044,-38.2713,-23.4593,0.261483,-0.169331,-107.412,-61.7306,0.566731
N#Cc1cccc(-c2cc(N3C[C@H](c4cc(F)c(F)cc4F)[C@@H](N)C3)ncn2)c1,"CHEMBL237342",1177,Done,2.27,-2.29637,"glide_grid_1X70",-4.48757,-0.75534,-0.522022,-0,-0.91888,-32.6995,-5.60179,0.375261,-0.19134,-48.2993,-38.3013,2.30303
[NH3+][C@H]1CN(c2cc(-c3cccc(F)c3)ncn2)C[C@@H]1c1cc(F)c(F)cc1F,"CHEMBL237343",1178,Done,2.41,-9.97433,"glide_grid_1X70",-9.98923,-1.53821,-0.593102,-0,-2.63899,-38.1051,-22.5607,0.270014,-0.199587,-104.593,-60.6658,0.382466
N[C@H]1CN(c2cc(-c3cccc(F)c3)ncn2)C[C@@H]1c1cc(F)c(F)cc1F,"CHEMBL237343",1179,Done,1.88,-1.96805,"glide_grid_1X70",-4.15925,-1.00813,-0.298459,-0,-0.850451,-28.9039,-5.10233,0.387534,-0.179197,-43.0051,-34.0063,1.51198
CC(C)=CCn1c(N2CCC[C@@H]([NH3+])C2)nc2c1c(=O)n(CC(=O)c1ccccc1)c(=O)n2C,"CHEMBL237488",1180,Done,4,-5.52164,"glide_grid_1X70",-5.52414,-0.429988,-0.392587,-0,-1.08359,-29.3213,-17.6221,0.590258,-0.098853,-66.5835,-46.9434,3.51317
CC#CCn1c(N2CCC[C@@H]([NH3+])C2)nc2c1c(=O)n(Cc1nc(C)cc3ccccc13)c(=O)n2C,"CHEMBL237499",1181,Done,3.25,-5.05731,"glide_grid_1X70",-5.32061,-0.031585,-0.587112,-0,-1.1151,-30.1075,-14.8007,0.316922,-0.178244,-64.0924,-44.9082,3.95741
CC#CCn1c(N2CCC[C@@H]([NH3+])C2)nc2c1c(=O)n(Cc1[nH+]c(C)cc3ccccc13)c(=O)n2C,"CHEMBL237499",1182,Done,3.92,-4.72333,"glide_grid_1X70",-5.33763,-0.170044,-0.56,-0,-0.620349,-29.9485,-18.4353,0.450988,-0.175502,-69.7705,-48.3838,2.52286
CC#CCn1c(N2CCC[C@@H]([NH3+])C2)nc2c1c(=O)n(Cc1nc(C)c3ccccc3n1)c(=O)n2C,"CHEMBL237500",1183,Done,3.25,-5.42382,"glide_grid_1X70",-5.42632,-0.238092,-0.611432,-0,-0.898798,-28.1288,-16.0916,0.315716,-0.173534,-63.0535,-44.2204,6.48355
CC(=O)N[C@H]1CC[C@H]([C@H](C)[C@H]([NH3+])C(=O)N2CC[C@H](F)C2)CC1,"CHEMBL237547",1184,Done,6.13,-8.38749,"glide_grid_1X70",-8.63149,-0.965302,-0.728815,-0,-2.90651,-30.2313,-18.9711,0.526473,-0.200107,-85.6858,-49.2024,3.59387
CC(=O)N[C@H]1CC[C@H]([C@H](C)[C@H](N)C(=O)N2CC[C@H](F)C2)CC1,"CHEMBL237547",1185,Done,6.32,-4.85123,"glide_grid_1X70",-5.49463,-0.933913,-0.444484,-0,-2.24737,-29.0855,-7.29376,0.756363,-0.0768907,-48.7653,-36.3792,3.8984
CN(C)C(=O)[C@@H]([C@H]1CC[C@@H](c2cccc3ncnn32)CC1)[C@H](N)C(=O)N1CC[C@H](F)C1,"CHEMBL237566",1186,Done,4.42,-3.22439,"glide_grid_1X70",-3.59849,-0.165397,-0.505215,-0,-1.22767,-25.8672,-4.99625,0.536343,-0.193758,-35.9806,-30.8635,7.99234
CN(C)C(=O)[C@@H]([C@H]1CC[C@@H](c2cccc3ncnn32)CC1)[C@H]([NH3+])C(=O)N1CC[C@H](F)C1,"CHEMBL237566",1187,Done,5.89,-7.17996,"glide_grid_1X70",-7.64026,-0.853431,-0.423458,-0,-2.19149,-38.0615,-16.1041,0.373853,-0.227045,-73.9624,-54.1656,19.4908
COc1ccccc1[C@H]1CN(c2nc3c(cc2F)c(=O)c(C(=O)[O-])cn3C2CC2)C[C@@H]1[NH3+],"CHEMBL237567",1188,Done,3.38,-5.93736,"glide_grid_1X70",-5.96286,-0.412516,-0.761583,-0,-0.949649,-31.2116,-14.8044,0.21793,-0.2758,-70.3686,-46.0161,4.63072
COc1ccccc1[C@H]1CN(c2nc3c(cc2F)c(=O)c(C(=O)O)cn3C2CC2)C[C@@H]1[NH3+],"CHEMBL237567",1189,Done,5.29,-4.02369,"glide_grid_1X70",-6.15659,-0.418358,-0.725063,-0,-0.942776,-32.3185,-16.559,0.289365,-0.259985,-74.9753,-48.8775,3.5478
COc1ccccc1[C@H]1CN(c2nc3c(cc2F)c(=O)c(C(=O)[O-])cn3C2CC2)C[C@@H]1N,"CHEMBL237567",1190,Done,3.89,0.255495,"glide_grid_1X70",-2.2381,-0.373166,-0.396207,-0,-0.636602,-22.9893,0.248255,0.312631,-0.032533,-27.5388,-22.7411,2.67763
[NH3+][C@H]1CN(c2nc3c(cc2F)c(=O)c(C(=O)[O-])cn3C2CC2)C[C@H]1c1ccccc1,"CHEMBL237568",1191,Done,3.44,-7.13588,"glide_grid_1X70",-7.16088,-1.01139,-0.670427,-0,-1.47245,-34.8393,-15.5567,0.247768,-0.178903,-78.3064,-50.3961,1.43975
[NH3+][C@H]1CN(c2nc3c(cc2F)c(=O)c(C(=O)O)cn3C2CC2)C[C@H]1c1ccccc1,"CHEMBL237568",1192,Done,5.69,-4.76805,"glide_grid_1X70",-6.91895,-0.988227,-0.426859,-0,-1.50015,-33.9627,-16.1653,0.328892,-0.20969,-75.3964,-50.128,3.13093
N[C@H]1CN(c2nc3c(cc2F)c(=O)c(C(=O)[O-])cn3C2CC2)C[C@H]1c1ccccc1,"CHEMBL237568",1193,Done,3.45,-0.65935,"glide_grid_1X70",-3.15245,-0.322985,-0.505937,-0,-0.631244,-31.2729,-2.61938,0.355535,-0.0912663,-41.9021,-33.8923,0.975319
[NH3+][C@H]1CN(c2cc(-c3cccc(O)c3)ncn2)C[C@@H]1c1cc(F)c(F)cc1F,"CHEMBL237569",1194,Done,3.03,-10.5098,"glide_grid_1X70",-10.5337,-1.53768,-0.957599,-0,-2.57135,-39.1226,-24.239,0.272511,-0.147577,-111.263,-63.3616,0.510478
N[C@H]1CN(c2cc(-c3cccc(O)c3)ncn2)C[C@@H]1c1cc(F)c(F)cc1F,"CHEMBL237569",1195,Done,2.98,-2.24659,"glide_grid_1X70",-4.44679,-0.783981,-0.52648,-0,-0.800212,-29.0273,-7.35872,0.391126,-0.172069,-46.9877,-36.386,0.610663
[NH3+][C@H]1CN(c2cc(-c3cccc([O-])c3)ncn2)C[C@@H]1c1cc(F)c(F)cc1F,"CHEMBL237569",1196,Done,2.52,-7.54517,"glide_grid_1X70",-10.0287,-1.44442,-1.05746,-0,-2.58391,-33.3554,-22.5444,0.273788,-0.167242,-103.433,-55.8998,0.212309
N[C@@H](Cc1ccccc1)C(=O)N1CCC[C@H]1P(=O)(Oc1ccccc1)Oc1ccccc1,"CHEMBL237658",1197,Done,7.22,-4.57756,"glide_grid_1X70",-4.87236,-1.73019,-0.264084,-0,-0.732577,-45.0746,-3.83232,0.790428,-0.107366,-58.7672,-48.9069,8.79607
[NH3+][C@@H](Cc1ccccc1)C(=O)N1CCC[C@H]1P(=O)(Oc1ccccc1)Oc1ccccc1,"CHEMBL237658",1198,Done,7.76,-5.21575,"glide_grid_1X70",-5.77065,-1.12234,-0.096266,-0,-1.13283,-37.1508,-12.5814,0.551055,-0.225522,-71.3928,-49.7322,6.09303
N[C@@H](CO)C(=O)N1CCC[C@H]1P(=O)(Oc1ccccc1)Oc1ccccc1,"CHEMBL237673",1199,Done,10.62,-2.27298,"glide_grid_1X70",-2.64228,-0.448989,-0.369673,-0,-0.680754,-23.6276,-5.68403,1.0239,-0.132774,-32.1066,-29.3116,6.11026
[NH3+][C@@H](CO)C(=O)N1CCC[C@H]1P(=O)(Oc1ccccc1)Oc1ccccc1,"CHEMBL237673",1200,Done,10.42,-6.11029,"glide_grid_1X70",-6.56539,-0.829501,-0.748698,-0,-1.27024,-29.8486,-18.246,0.713415,-0.201041,-75.0858,-48.0946,6.52318
[NH3+][C@H]1CN(c2cc(-c3ccccc3)ncn2)C[C@@H]1c1ccccc1,"CHEMBL237758",1201,Done,2.41,-8.76647,"glide_grid_1X70",-8.78137,-1.4372,-0.594958,-0,-2.1851,-36.7297,-19.8128,0.388336,-0.144038,-94.2183,-56.5425,0.299815
N[C@H]1CN(c2cc(-c3ccccc3)ncn2)C[C@@H]1c1ccccc1,"CHEMBL237758",1202,Done,2.33,-3.85536,"glide_grid_1X70",-6.04656,-1.32168,-0.767201,-0,-1.65023,-34.2635,-7.42447,0.55788,-0.0384837,-54.663,-41.6879,0.935951
CN(C)C(=O)[C@@H]([C@H]1CC[C@@H](c2cccc3ncnn32)CC1)[C@H](N)C(=O)N1CCC(F)(F)C1,"CHEMBL237783",1203,Done,4.52,-5.79974,"glide_grid_1X70",-6.10854,-1.32416,-0.48795,-0,-1.51346,-26.1494,-11.7709,0.497944,-0.2078,-46.4427,-37.9203,15.948
CN(C)C(=O)[C@@H]([C@H]1CC[C@@H](c2cccc3ncnn32)CC1)[C@H]([NH3+])C(=O)N1CCC(F)(F)C1,"CHEMBL237783",1204,Done,6.71,-8.24791,"glide_grid_1X70",-8.79391,-1.32862,-0.71446,-0,-2.09756,-36.4486,-19.1726,0.347141,-0.302097,-90.741,-55.6211,6.56867
[NH3+][C@H]1CN(c2cc(-c3cccnc3)ncn2)C[C@@H]1c1cc(F)c(F)cc1F,"CHEMBL237785",1205,Done,2.4,-10.1127,"glide_grid_1X70",-10.1276,-1.59084,-0.633367,-0,-2.60381,-37.0389,-23.8735,0.292506,-0.15915,-105.264,-60.9124,0.260847
N[C@H]1CN(c2cc(-c3cccnc3)ncn2)C[C@@H]1c1cc(F)c(F)cc1F,"CHEMBL237785",1206,Done,2.11,-1.72657,"glide_grid_1X70",-3.91777,-0.702234,-0.304321,-0,-1.05183,-29.6176,-4.0203,0.419896,-0.195357,-41.1737,-33.6379,5.68921
COc1ccc(-c2cc(N3C[C@H](c4cc(F)c(F)cc4F)[C@@H]([NH3+])C3)ncn2)cn1,"CHEMBL237786",1207,Done,2.55,-10.7421,"glide_grid_1X70",-10.757,-1.63095,-0.983771,-0,-2.5616,-33.477,-26.7361,0.254502,-0.161379,-107.662,-60.2131,0.422015
COc1ccc(-c2cc(N3C[C@H](c4cc(F)c(F)cc4F)[C@@H](N)C3)ncn2)cn1,"CHEMBL237786",1208,Done,2.3,-1.73769,"glide_grid_1X70",-3.92889,-0.787939,-0.268157,-0,-1.50491,-19.6426,-3.85066,0.36522,-0.173378,-25.9705,-23.4932,11.2167
CN(C)C(=O)[C@@H]([C@H]1CC[C@@H](c2ccc(F)cc2)CC1)[C@H](N)C(=O)N1CCC(F)(F)C1,"CHEMBL237972",1209,Done,5.57,-5.49924,"glide_grid_1X70",-5.80934,-0.967241,-0.57028,-0,-1.49087,-26.271,-12.5146,0.547881,-0.138086,-45.3451,-38.7856,14.7905
CN(C)C(=O)[C@@H]([C@H]1CC[C@@H](c2ccc(F)cc2)CC1)[C@H]([NH3+])C(=O)N1CCC(F)(F)C1,"CHEMBL237972",1210,Done,5.99,-5.15653,"glide_grid_1X70",-5.68833,-0.447264,-0.562362,-0,-1.29946,2.60872,-24.1436,0.381878,-0.270014,-37.7018,-21.5349,13.3021
CN(C)C(=O)[C@@H]([C@H]1CC[C@H](c2cccc3ncnn32)CC1)[C@H]([NH3+])C(=O)N1CCC(F)(F)C1,"CHEMBL237997",1212,Done,4.1,-4.91009,"glide_grid_1X70",-5.45609,-0.305207,-0.577541,-0,-0.861597,-27.4624,-15.7024,0.347141,-0.330408,-56.0366,-43.1648,22.9046
CN(C)C(=O)[C@@H]([C@H]1CC[C@H](c2ccc(F)cc2)CC1)[C@H](N)C(=O)N1CCC(F)(F)C1,"CHEMBL238190",1213,Done,3.99,-2.89113,"glide_grid_1X70",-3.20123,-1.52659,-0.181599,-0,-1.03578,-13.4756,-1.63353,0.547881,-0.0863396,1.93295,-15.1091,47.6982
CN(C)C(=O)[C@@H]([C@H]1CC[C@H](c2ccc(F)cc2)CC1)[C@H]([NH3+])C(=O)N1CCC(F)(F)C1,"CHEMBL238190",1214,Done,6.01,-5.23962,"glide_grid_1X70",-5.77142,-1.40696,-0.311599,-0,-1.64049,-20.8105,-11.3343,0.54554,-0.217228,-41.2016,-32.1448,17.4965
CN(C)C(=O)[C@@H]([C@H]1CC[C@@H](c2ccc3ncnn3c2)CC1)[C@H](N)C(=O)N1CCC(F)(F)C1,"CHEMBL238191",1215,Done,5.32,-5.04259,"glide_grid_1X70",-5.34899,-0.823736,-1.01462,-0,-0.869707,-21.4922,-12.7518,0.497944,-0.151505,-35.9911,-34.2439,21.8122
CN(C)C(=O)[C@@H]([C@H]1CC[C@@H](c2ccc3ncnn3c2)CC1)[C@H]([NH3+])C(=O)N1CCC(F)(F)C1,"CHEMBL238191",1216,Done,5.35,-8.43162,"glide_grid_1X70",-8.97522,-1.34466,-1.07136,-0,-1.71826,-23.7224,-25.0135,0.347141,-0.249942,-75.5765,-48.7359,10.4843
O=C([C@@H]1C[C@H](N2CCN(c3ccc(Cl)cc3)CC2)C[NH2+]1)N1CCSC1,"CHEMBL238507",1218,Done,6.98,-5.39071,"glide_grid_1X70",-6.58631,-0.98172,-0.305437,-0,-1.74427,-37.2174,-12.6227,0.372673,-0.173287,-76.3558,-49.8401,1.29166
N#Cc1ccc(N2CC[NH+]([C@@H]3CN[C@H](C(=O)N4CCSC4)C3)CC2)cc1C#N,"CHEMBL238515",1220,Done,5.17,-5.70131,"glide_grid_1X70",-5.79701,-1.0339,-0.101632,-0,-1.36005,-38.9791,-11.622,0.495519,-0.104693,-70.0467,-50.6011,1.15418
N#Cc1ccc(N2CCN([C@@H]3C[NH2+][C@H](C(=O)N4CCSC4)C3)CC2)cc1C#N,"CHEMBL238515",1221,Done,5.35,-5.57251,"glide_grid_1X70",-6.84391,-0.949417,-0.642667,-0,-1.58331,-36.4707,-13.3182,0.346863,-0.194109,-78.1946,-49.7889,0.924484
O=C([C@@H]1C[C@H](N2CCC(c3ccc([N+](=O)[O-])cc3)CC2)C[NH2+]1)N1CCSC1,"CHEMBL238516",1224,Done,6.18,-5.43573,"glide_grid_1X70",-6.36903,-0.8316,-0.339013,-0,-1.62723,-34.5982,-13.5469,0.356493,-0.165738,-73.0162,-48.1451,1.6761
O=C([C@@H]1C[C@H]([NH+]2CCN(c3cc[nH+]cc3)CC2)CN1)N1CCSC1,"CHEMBL239564",1226,Done,7.33,-6.13203,"glide_grid_1X70",-6.50113,-1.03144,-0.094555,-0,-1.70683,-36.9194,-15.6659,0.623821,-0.0962628,-75.6798,-52.5854,1.51902
O=C([C@@H]1C[C@H](N2CCN(c3cc[nH+]cc3)CC2)C[NH2+]1)N1CCSC1,"CHEMBL239564",1227,Done,7.91,-6.46666,"glide_grid_1X70",-7.06596,-1.00857,-0.4,-0,-1.94238,-32.8606,-15.4488,0.436675,-0.191345,-75.0988,-48.3093,4.25511
O=C([C@@H]1C[C@H]([NH+]2CCN(c3ccc(Cl)cn3)CC2)CN1)N1CCSC1,"CHEMBL239565",1229,Done,6.86,-5.60773,"glide_grid_1X70",-5.71613,-0.928743,-0.155779,-0,-1.42339,-35.8473,-12.2446,0.52993,-0.109085,-68.234,-48.0919,0.853725
O=C([C@@H]1C[C@H](N2CCN(c3ccc(Cl)cn3)CC2)C[NH2+]1)N1CCSC1,"CHEMBL239565",1230,Done,7,-5.47457,"glide_grid_1X70",-6.67837,-0.951647,-0.339412,-0,-1.73626,-35.6525,-13.6561,0.370951,-0.190953,-76.8674,-49.3086,0.834898
O=C([C@@H]1C[C@H](N2CCN(c3ccccc3Cl)CC2)C[NH2+]1)N1CCSC1,"CHEMBL239983",1233,Done,7.52,-5.31221,"glide_grid_1X70",-6.39791,-0.918302,-0.268003,-0,-1.69078,-37.0466,-12.5473,0.372673,-0.159057,-75.7885,-49.594,1.11215
O=C([C@@H]1C[C@H](N2CCN(c3ccc(Br)cc3)CC2)C[NH2+]1)N1CCSC1,"CHEMBL239984",1236,Done,6.74,-5.38415,"glide_grid_1X70",-6.58605,-1.0379,-0.400266,-0,-1.41876,-35.4258,-13.8241,0.305633,-0.189853,-74.9663,-49.2499,2.86814
O=C([C@@H]1C[C@H]([NH+]2CCN(c3ccccc3)CC2)CN1)N1CCSC1,"CHEMBL240601",1238,Done,7.55,-5.58174,"glide_grid_1X70",-5.67744,-0.98537,-0.0949907,-0,-1.68346,-35.591,-11.0798,0.630202,-0.102295,-64.9842,-46.6709,2.2131
O=C([C@@H]1C[C@H](N2CCN(c3ccccc3)CC2)C[NH2+]1)N1CCSC1,"CHEMBL240601",1239,Done,7.57,-5.51155,"glide_grid_1X70",-6.78295,-1.18071,-0.4,-0,-1.96595,-33.0229,-12.2928,0.441142,-0.182367,-68.5107,-45.3157,4.37156
O=C([C@@H]1C[C@H](N2CC[NH+](C(c3ccccc3)c3ccccc3)CC2)C[NH2+]1)N1CCSC1,"CHEMBL240602",1242,Done,6.53,-5.83516,"glide_grid_1X70",-6.98886,-0.939609,-0.364569,-0,-1.30397,-35.8544,-18.8333,0.435539,-0.198524,-74.549,-54.6877,25.7107
O=C([C@@H]1C[C@H](N2CCN(c3ccc(C(F)(F)F)cc3)CC2)C[NH2+]1)N1CCSC1,"CHEMBL241245",1247,Done,9.08,-5.03701,"glide_grid_1X70",-6.41201,-0.987184,-0.268185,-0,-1.50491,-37.5594,-12.8529,0.32028,-0.166112,-77.0094,-50.4123,0.784778
O=C([C@@H]1C[C@H]([NH+]2CCN(c3ccc(Cl)c(Cl)c3)CC2)CN1)N1CCSC1,"CHEMBL241246",1249,Done,6.87,-5.44016,"glide_grid_1X70",-5.55016,-0.993431,-0.101503,-0,-1.21458,-37.8111,-11.3438,0.455775,-0.104282,-67.6769,-49.155,0.993089
O=C([C@@H]1C[C@H](N2CCN(c3ccc(Cl)c(Cl)c3)CC2)C[NH2+]1)N1CCSC1,"CHEMBL241246",1250,Done,7.03,-5.2217,"glide_grid_1X70",-6.4173,-0.935831,-0.324554,-0,-1.55212,-37.8298,-12.3171,0.319042,-0.184785,-76.024,-50.1469,1.3141
O=C([C@@H]1C[C@H](N2CCN(c3ccc(C(F)(F)F)cn3)CC2)C[NH2+]1)N1CCSC1,"CHEMBL241252",1253,Done,8.6,-5.98855,"glide_grid_1X70",-7.19235,-0.946017,-0.618522,-0,-1.50767,-36.5208,-15.3579,0.318909,-0.309329,-77.2713,-51.8787,7.22128
N#Cc1ccc(N2CC[NH+]([C@@H]3CN[C@H](C(=O)N4CCSC4)C3)CC2)nc1,"CHEMBL241253",1255,Done,5.62,-5.76215,"glide_grid_1X70",-5.87055,-0.980007,-0.0981302,-0,-1.49533,-37.6942,-12.4119,0.554144,-0.104726,-69.2642,-50.1062,1.51271
N#Cc1ccc(N2CCN([C@@H]3C[NH2+][C@H](C(=O)N4CCSC4)C3)CC2)nc1,"CHEMBL241253",1256,Done,5.59,-5.49639,"glide_grid_1X70",-6.70019,-0.957376,-0.310456,-0,-1.78634,-37.3995,-13.2881,0.387901,-0.170738,-77.9285,-50.6876,1.29867
N#Cc1cccnc1N1CC[NH+]([C@@H]2CN[C@H](C(=O)N3CCSC3)C2)CC1,"CHEMBL241464",1258,Done,7,-5.61626,"glide_grid_1X70",-5.72466,-0.964316,-0.12882,-0,-1.44329,-37.3841,-11.6948,0.554144,-0.118953,-67.9315,-49.0789,1.803
N#Cc1cccnc1N1CCN([C@@H]2C[NH2+][C@H](C(=O)N3CCSC3)C2)CC1,"CHEMBL241464",1259,Done,7.59,-5.26456,"glide_grid_1X70",-6.46836,-0.926652,-0.302072,-0,-1.75011,-37.1498,-12.2478,0.387901,-0.182764,-75.7859,-49.3976,1.95861
O=C([C@@H]1C[C@H](N2CCCC2)C[NH2+]1)N1CCSC1,"CHEMBL241673",1262,Done,4.05,-4.61007,"glide_grid_1X70",-6.85577,-0.767169,-0.362418,-0,-2.54177,-29.4094,-14.0092,0.563071,-0.175628,-69.8171,-43.4187,0.942117
O=C([C@@H]1C[C@H](N2CCOCC2)C[NH2+]1)N1CCSC1,"CHEMBL241674",1263,Done,3.65,-6.93558,"glide_grid_1X70",-7.08468,-0.893344,-0.452773,-0,-2.43269,-30.1941,-14.122,0.507226,-0.185094,-72.0003,-44.3161,0.766733
N#C[C@@H]1CCCN1C(=O)[C@@H]1C[C@H](C2CCCCC2)C[NH2+]1,"CHEMBL242492",1265,Done,3.86,-6.21724,"glide_grid_1X70",-6.30474,-0.718601,-0.40028,-0,-2.54528,-26.0567,-10.9153,0.494545,-0.194991,-53.746,-36.972,6.33218
[NH3+][C@@H](CC(=O)N1CCn2c(nnc2C(F)(F)F)C1)Cc1ccc(F)cc1,"CHEMBL242811",1267,Done,4.01,-9.74087,"glide_grid_1X70",-9.75307,-1.07524,-0.866624,-0,-2.51429,-37.3461,-23.5925,0.390057,-0.280797,-103.658,-60.9386,8.4801
N[C@@H](CC(=O)N1CCn2c(nnc2C(F)(F)F)C1)Cc1ccc(F)cc1,"CHEMBL242811",1268,Done,3.59,-3.76091,"glide_grid_1X70",-6.06791,-1.04993,-0.48566,-0,-1.85808,-30.4302,-10.285,0.559932,-0.169919,-52.722,-40.7152,10.4684
[NH3+][C@@H](CC(=O)N1CCn2c(nnc2C(F)(F)F)C1)Cc1ccc(F)c(F)c1,"CHEMBL242813",1269,Done,4.03,-8.91463,"glide_grid_1X70",-8.92683,-0.90465,-0.886081,-0,-2.38888,-30.1048,-22.6457,0.358428,-0.203537,-92.7366,-52.7506,5.06733
N[C@@H](CC(=O)N1CCn2c(nnc2C(F)(F)F)C1)Cc1ccc(F)c(F)c1,"CHEMBL242813",1270,Done,4.07,-3.08532,"glide_grid_1X70",-5.39232,-0.761033,-0.498044,-0,-1.27655,-35.2535,-9.42496,0.514423,-0.194692,-58.416,-44.6784,5.26703
CCC[C@@H]1C[NH2+][C@H](C(=O)N2CCC[C@H]2C#N)C1,"CHEMBL242985",1271,Done,4.3,-7.08468,"glide_grid_1X70",-7.19578,-0.865258,-0.913461,-0,-2.23934,-19.4625,-19.5971,0.924682,-0.18971,-63.3111,-39.0596,5.38409
CC(C)C[C@@H]1C[NH2+][C@H](C(=O)N2CCC[C@H]2C#N)C1,"CHEMBL242987",1273,Done,3.68,-6.6533,"glide_grid_1X70",-6.7587,-0.700661,-0.683546,-0,-2.22515,-22.6397,-17.8494,0.837931,-0.177875,-63.9459,-40.4891,5.83072
[NH3+][C@@H](CC(=O)N1CCn2c(nnc2C(F)(F)F)C1)Cc1cccc(C(F)(F)F)c1,"CHEMBL243227",1275,Done,6.4,-9.5799,"glide_grid_1X70",-9.5921,-1.00155,-0.820907,-0,-2.76146,-36.5477,-21.8796,0.38869,-0.287534,-101.144,-58.4273,8.30165
N[C@@H](CC(=O)N1CCn2c(nnc2C(F)(F)F)C1)Cc1cccc(C(F)(F)F)c1,"CHEMBL243227",1276,Done,6.25,-3.23132,"glide_grid_1X70",-5.53832,-1.07674,-0.555054,-0,-2.09298,-23.3261,-7.46998,0.557676,-0.0844188,-43.6154,-30.7961,4.16965
[NH3+][C@@H](CC(=O)N1CCn2c(nnc2C(F)(F)F)C1)Cc1cccc(Cl)c1,"CHEMBL243230",1277,Done,4.4,-9.5499,"glide_grid_1X70",-9.5621,-1.24906,-0.863199,-0,-2.09094,-38.699,-23.1631,0.360975,-0.310459,-105.01,-61.8621,8.34459
N[C@@H](CC(=O)N1CCn2c(nnc2C(F)(F)F)C1)Cc1cccc(Cl)c1,"CHEMBL243230",1278,Done,4.08,-2.73217,"glide_grid_1X70",-5.03917,-1.35876,-0.278899,-0,-1.74919,-31.3534,-3.70688,0.518087,-0.0467117,-46.942,-35.0603,3.11876
[NH3+][C@@H](CC(=O)N1CCn2c(nnc2C(F)(F)F)C1)Cc1ccc(Cl)cc1,"CHEMBL243231",1279,Done,4.28,-9.34369,"glide_grid_1X70",-9.35589,-1.20405,-0.889053,-0,-1.95118,-37.4286,-23.486,0.360975,-0.27825,-103.973,-60.9146,5.49948
N[C@@H](CC(=O)N1CCn2c(nnc2C(F)(F)F)C1)Cc1ccc(Cl)cc1,"CHEMBL243231",1280,Done,3.77,-3.80564,"glide_grid_1X70",-6.11264,-1.31914,-0.576,-0,-1.08154,-31.1172,-12.9332,0.518087,-0.158218,-55.6531,-44.0504,9.28503
N#C[C@@H]1CCCN1C(=O)[C@@H]1C[C@H](c2cccc(O)c2)CN1,"CHEMBL243798",1281,Done,7.29,10000.4,"glide_grid_1X70",10000,-0.597089,-0.259284,-0,-1.88895,66.8825,-2.77536,0.668464,-0.0798554,10000,64.1071,7.0867
N#C[C@@H]1CCCN1C(=O)[C@@H]1C[C@H](c2cccc(O)c2)C[NH2+]1,"CHEMBL243798",1282,Done,5.89,-7.53331,"glide_grid_1X70",-7.98981,-1.27174,-0.884904,-0,-1.97676,-21.9171,-21.6026,0.664373,-0.184535,-76.4064,-43.5197,2.587
