,molecule_chembl_id,smiles,Mol,IC50,pIC50,molLogP,tpsa,MolWT,NumRotatableBonds,NumHDonors,NumHAcceptors,ro5_fulfilled
37,CHEMBL265344,CC(=O)Nc1ccc(OP(=O)(Oc2ccc(NC(C)=O)cc2)C2CCCN2C(=O)C2CCCN2)cc1.Cl,<rdkit.Chem.rdchem.Mol object at 0x7f65256cb3e0>,400.0,5.3979400086720375,4.376600000000003,126.07,550.9800000000016,10,3,7,False
41,CHEMBL9238,COC(=O)CCNC(=O)c1ccc(OP(=O)(Oc2ccc(C(=O)NCCC(=O)OC)cc2)C2CCCN2C(=O)C2CCCN2)cc1.Cl,<rdkit.Chem.rdchem.Mol object at 0x7f65256cb1b0>,36.0,6.443697499232713,3.0456000000000016,178.67,695.1060000000017,16,3,11,False
42,CHEMBL9512,Cl.NCC(=O)Nc1ccc(OP(=O)(Oc2ccc(NC(=O)CN)cc2)C2CCCN2C(=O)C2CCCN2)cc1,<rdkit.Chem.rdchem.Mol object at 0x7f65256cb300>,500.0,5.301029995663981,2.2542,178.11000000000004,581.0100000000016,12,5,9,False
43,CHEMBL269209,C[C@H](N)C(=O)Nc1ccc(OP(=O)(Oc2ccc(NC(=O)[C@@H](C)N)cc2)C2CCCN2C(=O)C2CCCN2)cc1.Cl,<rdkit.Chem.rdchem.Mol object at 0x7f65256cb220>,600.0,5.221848749616356,3.0312000000000006,178.11000000000004,609.0640000000017,14,5,9,False
45,CHEMBL268012,Cl.O=C(C1CCCN1)N1CCCC1P(=O)(OCC(Cl)(Cl)Cl)OCC(Cl)(Cl)Cl,<rdkit.Chem.rdchem.Mol object at 0x7f65256cb0d0>,1800000.0,1.7447274948966938,5.075400000000003,67.87,547.4580000000007,6,1,5,False
46,CHEMBL9295,CCCNC(=O)c1ccc(OP(=O)(Oc2ccc(C(=O)NCCC)cc2)C2CCCN2C(=O)C2CCCN2)cc1.Cl,<rdkit.Chem.rdchem.Mol object at 0x7f65256c9e70>,30.0,6.522878745280337,4.739400000000005,126.07,607.0880000000018,14,3,7,False
47,CHEMBL269757,Cl.O=C(CNC(=O)c1ccccc1)Nc1ccc(OP(=O)(Oc2ccc(NC(=O)CNC(=O)c3ccccc3)cc2)C2CCCN2C(=O)C2CCCN2)cc1,<rdkit.Chem.rdchem.Mol object at 0x7f65256ca880>,700.0,5.154901959985743,5.196800000000004,184.27,789.2260000000014,14,5,9,False
48,CHEMBL9263,CC(=O)Nc1cccc(OP(=O)(Oc2cccc(NC(C)=O)c2)C2CCCN2C(=O)C2CCCN2)c1.Cl,<rdkit.Chem.rdchem.Mol object at 0x7f65256ca030>,800.0,5.096910013008056,4.3766000000000025,126.07,550.9800000000015,10,3,7,False
49,CHEMBL9433,CS(=O)(=O)Nc1ccc(OP(=O)(Oc2ccc(NS(C)(=O)=O)cc2)C2CCCN2C(=O)C2CCCN2)cc1.Cl,<rdkit.Chem.rdchem.Mol object at 0x7f65256c9e00>,400.0,5.3979400086720375,3.202800000000001,160.21,623.0900000000014,12,3,9,False
51,CHEMBL268527,COC(=O)C(Cc1ccc(OP(=O)(Oc2ccc(CC(NC(C)=O)C(=O)OC)cc2)C2CCCN2C(=O)C2CCCN2)cc1)NC(C)=O.Cl,<rdkit.Chem.rdchem.Mol object at 0x7f65256c9d20>,1400.0,4.853871964321762,2.900200000000001,178.67,723.1600000000017,18,3,11,False
52,CHEMBL9408,COC(=O)c1ccc(OP(=O)(Oc2ccc(C(=O)OC)cc2)C2CCCN2C(=O)C2CCCN2)cc1.Cl,<rdkit.Chem.rdchem.Mol object at 0x7f65256c9b60>,16.0,6.795880017344075,4.033000000000003,120.47,552.9480000000015,10,1,9,False
53,CHEMBL430281,Cl.NC(=O)Nc1cccc(OP(=O)(OC2=CC=CC(NC(N)=O)C2)C2CCCN2C(=O)C2CCCN2)c1,<rdkit.Chem.rdchem.Mol object at 0x7f65256c9ee0>,2300.0,4.638272163982407,2.7687,178.11,554.9720000000016,8,5,7,False
54,CHEMBL274829,CCOC(=O)CNC(=O)c1ccc(OP(=O)(Oc2ccc(C(=O)NCC(=O)OCC)cc2)C2CCCN2C(=O)C2CCCN2)cc1.Cl,<rdkit.Chem.rdchem.Mol object at 0x7f65256c9a10>,23.0,6.638272163982407,3.0456000000000016,178.67,695.1060000000017,16,3,11,False
55,CHEMBL9527,Cl.O=C(C1CCCN1)N1CCCC1P(=O)(Oc1ccc(NN2CCCC2)cc1)Oc1ccc(NN2CCCC2)cc1,<rdkit.Chem.rdchem.Mol object at 0x7f65256c9d90>,5000.0,4.301029995663981,5.305200000000005,98.41,605.1200000000018,10,3,9,False
65,CHEMBL3084935,N[C@H](C(=O)N1CCSC1)[C@H]1CC[C@H](NS(=O)(=O)c2ccc(I)cc2)CC1,<rdkit.Chem.rdchem.Mol object at 0x7f65256cace0>,23.0,6.638272163982407,1.9884999999999995,92.5,509.4349999999997,6,2,5,False
84,CHEMBL497992,N[C@H](C(=O)N1CCCC1)[C@H]1CC[C@H](NS(=O)(=O)c2ccc(NS(=O)(=O)CC(F)(F)F)cc2)CC1,<rdkit.Chem.rdchem.Mol object at 0x7f65256c8ba0>,2.6,7.585026652029182,1.7773999999999994,138.67,526.6030000000005,9,3,6,False
116,CHEMBL151999,CC(C)c1cccc(C(C)C)c1N1C(=O)c2c(F)c(F)c(F)c(F)c2C1=S,<rdkit.Chem.rdchem.Mol object at 0x7f65256c9850>,30400.0,3.517126416391246,5.825700000000003,20.310000000000002,395.4209999999997,7,0,2,False
123,CHEMBL329471,CC(C)c1cccc(C(C)C)c1N1C(=O)c2ccccc2C1=S,<rdkit.Chem.rdchem.Mol object at 0x7f65256c9930>,57800.0,3.238072161579471,5.269300000000005,20.310000000000002,323.4609999999996,7,0,2,False
127,CHEMBL153037,CC(C)c1cccc(C(C)C)c1N1C(=S)c2c(F)c(F)c(F)c(F)c2C1=S,<rdkit.Chem.rdchem.Mol object at 0x7f6526a56340>,36700.0,3.4353339357479107,6.361000000000003,3.24,411.48899999999975,7,0,2,False
205,CHEMBL277390,C[S+](C)Cc1ccc2cc1C(=O)NCC(=O)NCC(=O)NCCCC[C@H](N)C(=O)N1CCC[C@H]1C(=O)N2.O=C(O)C(F)(F)F.O=C([O-])C(F)(F)F,<rdkit.Chem.rdchem.Mol object at 0x7f6525824350>,999.9999999999998,5.0,-0.6006999999999889,240.16,760.711000000002,5,6,10,False
207,CHEMBL67680,CCCCCCCC[S+](CCCCCCCC)Cc1ccc2cc1C(=O)NCC(=O)NCC(=O)NCCCC[C@H](N)C(=O)N1CCC[C@H]1C(=O)N2.O=C(O)C(F)(F)F.O=C([O-])C(F)(F)F,<rdkit.Chem.rdchem.Mol object at 0x7f6525824510>,630.0000000000001,5.200659450546418,4.860700000000007,240.16,957.0890000000028,19,6,10,False
216,CHEMBL1160335,CC(=O)OCc1ccc2cc1C(=O)NCC(=O)NCC(=O)NCCCC[C@H](N)C(=O)N1CCC[C@H]1C(=O)N2.O=C(O)C(F)(F)F,<rdkit.Chem.rdchem.Mol object at 0x7f6525824900>,3499.9999999999995,4.455931955649724,-0.21409999999999202,226.32999999999998,644.6040000000017,4,6,10,False
217,CHEMBL305759,N[C@H]1CCCCNC(=O)CNC(=O)CNC(=O)c2cc(ccc2COc2ccccc2)NC(=O)[C@@H]2CCCN2C1=O,<rdkit.Chem.rdchem.Mol object at 0x7f6525824970>,25000.0,3.6020599913279625,0.6685000000000028,171.95999999999998,564.6430000000017,4,5,7,False
219,CHEMBL302602,C[S+](C)Cc1ccc2cc1C(=O)NCC(=O)NCC(=O)NCC(=O)NCC(=O)NCCCC[C@H](N)C(=O)N1CCC[C@H]1C(=O)N2.O=C(O)C(F)(F)F.O=C([O-])C(F)(F)F,<rdkit.Chem.rdchem.Mol object at 0x7f6525824a50>,610.0000000000002,5.214670164989233,-2.3682999999999996,298.36,874.815000000002,5,8,12,False
228,CHEMBL67679,CCCC[S+](CCCC)Cc1ccc2cc1C(=O)NCC(=O)NCC(=O)NCCCC[C@H](N)C(=O)N1CCC[C@H]1C(=O)N2.O=C(O)C(F)(F)F.O=C([O-])C(F)(F)F,<rdkit.Chem.rdchem.Mol object at 0x7f6525824f20>,570.0000000000002,5.2441251443275085,1.7399000000000087,240.16,844.8730000000023,11,6,10,False
384,CHEMBL186877,COc1cc(OC)cc(-c2nc(-c3ccc(Cl)cc3Cl)c(CN(C)C)c(N(C)C)n2)c1,<rdkit.Chem.rdchem.Mol object at 0x7f6527ee8b30>,0.1,9.0,5.262200000000005,50.720000000000006,461.39299999999974,13,0,6,False
385,CHEMBL184738,N[C@@H](CC(=O)N1CCC[C@H]1C(=O)NCc1cc(Cl)ccc1OCC(=O)NC1CC1)Cc1ccccc1,<rdkit.Chem.rdchem.Mol object at 0x7f6527ee89e0>,1900.0000000000005,4.721246399047171,2.5647,113.76000000000002,513.0379999999998,12,3,5,False
406,CHEMBL186032,CS(=O)(=O)Nc1cccc(NC(=O)CN2CCN(C[C@@H](N)Cc3ccccc3)C(Cc3ccccc3)C2)c1,<rdkit.Chem.rdchem.Mol object at 0x7f6527ee9230>,10999.999999999998,3.958607314841775,2.7955000000000023,107.77,535.7140000000011,13,3,6,False
407,CHEMBL184040,CS(=O)(=O)Nc1cccc(NC(=O)CN2CCN(C(=O)C[C@H](N)Cc3ccccc3)C(Cc3ccccc3)C2)c1,<rdkit.Chem.rdchem.Mol object at 0x7f6527ee93f0>,133.99999999999997,5.872895201635193,2.712200000000003,124.83999999999999,563.7240000000019,13,3,6,False
408,CHEMBL263946,CS(=O)(=O)Nc1cccc(NC(=O)CN2CCN(C(=O)C[C@H](N)Cc3ccc(F)c(F)c3)C(Cc3ccccc3)C2)c1,<rdkit.Chem.rdchem.Mol object at 0x7f6527ee9310>,44.0,6.356547323513812,2.990400000000002,124.83999999999999,599.7040000000015,13,3,6,False
409,CHEMBL187293,CS(=O)(=O)Nc1cccc(NC(=O)CN2CCN(C(=O)C[C@H](N)Cc3ccccc3F)C(Cc3ccccc3)C2)c1,<rdkit.Chem.rdchem.Mol object at 0x7f6527ee9150>,34.0,6.468521082957745,2.851300000000003,124.83999999999999,581.7140000000018,13,3,6,False
410,CHEMBL365414,CS(=O)(=O)Nc1cccc(NC(=O)CN2CCN(C(=O)C[C@@H](N)Cc3ccccc3)C(Cc3ccccc3)C2)c1,<rdkit.Chem.rdchem.Mol object at 0x7f6527ee92a0>,35000.0,3.4559319556497243,2.712200000000003,124.83999999999999,563.7240000000019,13,3,6,False
411,CHEMBL184672,CS(=O)(=O)Nc1cccc(NC(=O)CN2CCN(C(=O)C[C@@H](N)Cc3ccc(F)c(F)c3)C(Cc3ccccc3)C2)c1,<rdkit.Chem.rdchem.Mol object at 0x7f6527ee90e0>,36000.0,3.4436974992327127,2.990400000000002,124.83999999999999,599.7040000000015,13,3,6,False
412,CHEMBL362538,CS(=O)(=O)Nc1cccc(NC(=O)CN2CCN(C(=O)C[C@@H](N)Cc3ccccc3F)C(Cc3ccccc3)C2)c1,<rdkit.Chem.rdchem.Mol object at 0x7f6527ee8190>,19000.0,3.721246399047171,2.851300000000003,124.83999999999999,581.7140000000018,13,3,6,False
413,CHEMBL360425,CS(=O)(=O)Nc1cccc(NC(=O)CN2CCN(C(=O)C[C@H](N)Cc3ccc(F)c(F)c3)[C@H](Cc3ccccc3)C2)c1,<rdkit.Chem.rdchem.Mol object at 0x7f6527ee9070>,30.0,6.522878745280337,2.990400000000002,124.83999999999999,599.7040000000015,13,3,6,False
414,CHEMBL183207,CS(=O)(=O)Nc1cccc(NC(=O)CN2CCN(C(=O)C[C@H](N)Cc3ccccc3F)[C@H](Cc3ccccc3)C2)c1,<rdkit.Chem.rdchem.Mol object at 0x7f6527ee8f90>,13.999999999999996,6.853871964321762,2.851300000000003,124.83999999999999,581.7140000000018,13,3,6,False
415,CHEMBL360167,CS(=O)(=O)Nc1cccc(NC(=O)CN2CCN(C(=O)C[C@H](N)Cc3ccc(F)c(F)c3)[C@@H](Cc3ccccc3)C2)c1,<rdkit.Chem.rdchem.Mol object at 0x7f6527ee8c10>,1100.0,4.958607314841775,2.990400000000002,124.83999999999999,599.7040000000015,13,3,6,False
416,CHEMBL364385,CS(=O)(=O)Nc1cccc(NC(=O)CN2CCN(C(=O)C[C@H](N)Cc3ccccc3F)[C@@H](Cc3ccccc3)C2)c1,<rdkit.Chem.rdchem.Mol object at 0x7f6527ee9bd0>,690.0,5.161150909262744,2.851300000000003,124.83999999999999,581.7140000000018,13,3,6,False
421,CHEMBL366290,CC(C)[C@H](Oc1ccc(CNC(=O)[C@@H]2CSCN2C(=O)CC(N)Cc2cc(F)ccc2F)cc1)C(=O)O.O=C(O)C(F)(F)F,<rdkit.Chem.rdchem.Mol object at 0x7f6527ee9cb0>,0.3,8.522878745280337,3.563900000000001,159.26,649.6350000000016,14,4,9,False
422,CHEMBL183418,CC(C)[C@@H](Oc1ccc(CNC(=O)[C@@H]2CCCN2C(=O)C(N)C2CCCCC2)cc1)C(=O)O.O=C(O)C(F)(F)F,<rdkit.Chem.rdchem.Mol object at 0x7f6527ee9d90>,7200.0,4.142667503568732,3.3227,159.26,573.6090000000019,12,4,8,False
423,CHEMBL186649,NC(CC(=O)N1CCC[C@H]1C(=O)NCc1cc(Cl)ccc1OCC(=O)NC1CC1)Cc1ccccc1,<rdkit.Chem.rdchem.Mol object at 0x7f6527ee9e70>,1900.0,4.721246399047171,2.5647,113.76000000000002,513.0379999999998,12,3,5,False
424,CHEMBL365875,NC(C(=O)N1CCC[C@H]1C(=O)NCc1ccccc1C(=O)O)C1CCCCC1.O=C(O)C(F)(F)F,<rdkit.Chem.rdchem.Mol object at 0x7f6527ee98c0>,3600.0,4.443697499232712,2.5328999999999997,150.03,501.5019999999996,7,4,7,False
425,CHEMBL365834,NC(C(=O)N1CCC[C@H]1C(=O)NCc1cccc(C(=O)O)c1)C1CCCCC1.O=C(O)C(F)(F)F,<rdkit.Chem.rdchem.Mol object at 0x7f6527ee8f20>,3300.0,4.481486060122112,2.5328999999999997,150.03,501.50199999999967,7,4,7,False
426,CHEMBL187699,NC(C(=O)N1CCC[C@H]1C(=O)NCc1ccc(C(=O)O)cc1)C1CCCCC1.O=C(O)C(F)(F)F,<rdkit.Chem.rdchem.Mol object at 0x7f6527ee9c40>,4200.0,4.376750709602099,2.5328999999999997,150.03,501.50199999999967,7,4,7,False
427,CHEMBL183098,NC(CC(=O)N1CCC[C@H]1C(=O)NCc1ccccc1C(=O)O)Cc1ccccc1.O=C(O)C(F)(F)F,<rdkit.Chem.rdchem.Mol object at 0x7f6527ee8dd0>,1200.0,4.920818753952375,2.5854,150.03,523.5080000000004,9,4,7,False
428,CHEMBL184593,NC(CC(=O)N1CCC[C@H]1C(=O)NCc1cccc(C(=O)O)c1)Cc1ccccc1.O=C(O)C(F)(F)F,<rdkit.Chem.rdchem.Mol object at 0x7f6527ee9770>,1200.0,4.920818753952375,2.5854,150.03,523.5080000000004,9,4,7,False
429,CHEMBL425347,NC(CC(=O)N1CCC[C@H]1C(=O)NCc1ccc(C(=O)O)cc1)Cc1ccccc1.O=C(O)C(F)(F)F,<rdkit.Chem.rdchem.Mol object at 0x7f6527ee9a80>,510.0,5.292429823902063,2.5854,150.03,523.5080000000004,9,4,7,False
430,CHEMBL182223,NC(CC(=O)N1CCC[C@H]1C(=O)NCc1ccc(C(=O)O)cc1)Cc1ccc(F)c(F)c1.O=C(O)C(F)(F)F,<rdkit.Chem.rdchem.Mol object at 0x7f6527ee8820>,75.0,6.1249387366083,2.863600000000001,150.03,559.4880000000013,9,4,7,False
431,CHEMBL366049,NC(CC(=O)N1CCC[C@H]1C(=O)NCc1ccc(C(=O)O)cc1)Cc1ccccc1F.O=C(O)C(F)(F)F,<rdkit.Chem.rdchem.Mol object at 0x7f6527ee9850>,54.0,6.267606240177032,2.724500000000001,150.03,541.4980000000013,9,4,7,False
433,CHEMBL435882,NC(CC(=O)N1CCC[C@H]1C(=O)NCc1ccc(C(F)(F)F)cc1)Cc1ccccc1F.O=C(O)C(F)(F)F,<rdkit.Chem.rdchem.Mol object at 0x7f6527ee8430>,721.0,5.142064735280571,4.045100000000002,112.73,565.4860000000012,8,3,5,False
434,CHEMBL185244,COC(=O)Cc1ccc(CNC(=O)[C@@H]2CCCN2C(=O)CC(N)Cc2ccccc2F)cc1.O=C(O)C(F)(F)F,<rdkit.Chem.rdchem.Mol object at 0x7f6527ee8ac0>,170.0,5.769551078621726,2.7418000000000005,139.03,569.5520000000016,11,3,7,False
435,CHEMBL184346,NC(CC(=O)N1CCC[C@H]1C(=O)NCCCCc1nn[nH]n1)Cc1ccccc1F.O=C(O)C(F)(F)F,<rdkit.Chem.rdchem.Mol object at 0x7f6527ee8a50>,39.0,6.4089353929735005,1.3621000000000003,167.18999999999997,531.5110000000008,11,4,8,False
436,CHEMBL361263,NC(CC(=O)N1CCC[C@H]1C(=O)NCCCCc1c[nH]cn1)Cc1ccccc1F.O=C(O)C(F)(F)F,<rdkit.Chem.rdchem.Mol object at 0x7f6527ee86d0>,1640.0,4.785156151952302,2.5721,141.41,529.5350000000007,11,4,6,False
437,CHEMBL186787,NC(CC(=O)N1CCC[C@H]1C(=O)NCc1ccc(OCC(=O)O)cc1)Cc1ccccc1F.O=C(O)C(F)(F)F,<rdkit.Chem.rdchem.Mol object at 0x7f6527ee83c0>,118.0,5.928117992693875,2.489700000000001,159.26000000000002,571.5240000000015,11,4,8,False
438,CHEMBL183736,CC(Oc1ccc(CNC(=O)[C@@H]2CCCN2C(=O)CC(N)Cc2ccccc2F)cc1)C(=O)O.O=C(O)C(F)(F)F,<rdkit.Chem.rdchem.Mol object at 0x7f6527ee8510>,18.0,6.7447274948966935,2.8781999999999996,159.26,585.5510000000016,12,4,8,False
439,CHEMBL365010,CCC(Oc1ccc(CNC(=O)[C@@H]2CCCN2C(=O)CC(N)Cc2ccccc2F)cc1)C(=O)O.O=C(O)C(F)(F)F,<rdkit.Chem.rdchem.Mol object at 0x7f6527ee8900>,7.1,7.1487416512809245,3.268300000000001,159.26,599.5780000000018,13,4,8,False
440,CHEMBL365836,CCCC(Oc1ccc(CNC(=O)[C@@H]2CCCN2C(=O)CC(N)Cc2ccccc2F)cc1)C(=O)O.O=C(O)C(F)(F)F,<rdkit.Chem.rdchem.Mol object at 0x7f6527ee8580>,10.0,7.0,3.658400000000001,159.26,613.6050000000018,14,4,8,False
441,CHEMBL365837,CC(C)C(Oc1ccc(CNC(=O)[C@@H]2CCCN2C(=O)CC(N)Cc2ccccc2F)cc1)C(=O)O.O=C(O)C(F)(F)F,<rdkit.Chem.rdchem.Mol object at 0x7f6527ee84a0>,3.7,7.431798275933005,3.5143000000000013,159.26,613.6050000000018,14,4,8,False
442,CHEMBL365838,CCCCC(Oc1ccc(CNC(=O)[C@@H]2CCCN2C(=O)CC(N)Cc2ccccc2F)cc1)C(=O)O.O=C(O)C(F)(F)F,<rdkit.Chem.rdchem.Mol object at 0x7f6527ee8cf0>,5.1,7.292429823902063,4.048500000000001,159.26,627.6320000000019,15,4,8,False
443,CHEMBL187963,C[C@@H](Oc1ccc(CNC(=O)[C@@H]2CCCN2C(=O)CC(N)Cc2ccccc2F)cc1)C(=O)O.O=C(O)C(F)(F)F,<rdkit.Chem.rdchem.Mol object at 0x7f6527ee8970>,82.0,6.086186147616283,2.8781999999999996,159.26,585.5510000000016,12,4,8,False
444,CHEMBL366286,C[C@H](Oc1ccc(CNC(=O)[C@@H]2CCCN2C(=O)CC(N)Cc2ccccc2F)cc1)C(=O)O.O=C(O)C(F)(F)F,<rdkit.Chem.rdchem.Mol object at 0x7f65276467a0>,12.0,6.920818753952375,2.8781999999999996,159.26,585.5510000000016,12,4,8,False
445,CHEMBL365231,CC(C)[C@@H](Oc1ccc(CNC(=O)[C@@H]2CCCN2C(=O)CC(N)Cc2ccccc2F)cc1)C(=O)O.O=C(O)C(F)(F)F,<rdkit.Chem.rdchem.Mol object at 0x7f65276468f0>,13.0,6.886056647693163,3.5143000000000013,159.26,613.6050000000018,14,4,8,False
446,CHEMBL364100,CC(C)[C@H](Oc1ccc(CNC(=O)[C@@H]2CCCN2C(=O)CC(N)Cc2ccccc2F)cc1)C(=O)O.O=C(O)C(F)(F)F,<rdkit.Chem.rdchem.Mol object at 0x7f65276465e0>,1.8,7.744727494896693,3.5143000000000013,159.26,613.6050000000018,14,4,8,False
447,CHEMBL364101,CC(C)[C@@H](Oc1ccc(CNC(=O)[C@@H]2CCCN2C(=O)CC(N)Cc2ccccc2)cc1)C(=O)O.O=C(O)C(F)(F)F,<rdkit.Chem.rdchem.Mol object at 0x7f6527646810>,18.0,6.7447274948966935,3.3752000000000004,159.26,595.6150000000018,14,4,8,False
448,CHEMBL364102,CC(C)[C@@H](Oc1ccc(CNC(=O)[C@@H]2CCCN2C(=O)CC(N)Cc2cc(F)ccc2F)cc1)C(=O)O.O=C(O)C(F)(F)F,<rdkit.Chem.rdchem.Mol object at 0x7f65276466c0>,0.48,8.318758762624412,3.6534000000000004,159.26,631.5950000000017,14,4,8,False
449,CHEMBL364103,CC(C)[C@@H](Oc1ccc(CNC(=O)[C@@H]2CCCN2C(=O)CC(N)Cc2cc(F)c(F)cc2F)cc1)C(=O)O.O=C(O)C(F)(F)F,<rdkit.Chem.rdchem.Mol object at 0x7f6527644c10>,1.6,7.795880017344075,3.7925000000000013,159.26,649.5850000000016,14,4,8,False
450,CHEMBL183289,CC(C)[C@@H](Oc1ccc(CNC(=O)[C@@H]2CCCN2C(=O)CC(N)Cc2c(F)c(F)c(F)c(F)c2F)cc1)C(=O)O.O=C(O)C(F)(F)F,<rdkit.Chem.rdchem.Mol object at 0x7f6527646730>,8.2,7.086186147616283,4.070700000000001,159.26,685.5650000000015,14,4,8,False
451,CHEMBL364140,CC(C)[C@@H](Oc1ccc(CNC(=O)[C@@H]2CCCN2C(=O)CC(N)Cc2ccc(C(F)(F)F)cc2F)cc1)C(=O)O.O=C(O)C(F)(F)F,<rdkit.Chem.rdchem.Mol object at 0x7f6527644cf0>,0.83,8.080921907623926,4.533100000000003,159.26,681.6020000000017,14,4,8,False
452,CHEMBL184177,CC(C)[C@@H](Oc1ccc(CNC(=O)[C@@H]2CCCN2C(=O)CC(N)Cc2cc(F)c(C(F)(F)F)cc2F)cc1)C(=O)O.O=C(O)C(F)(F)F,<rdkit.Chem.rdchem.Mol object at 0x7f6527645230>,9.5,7.022276394711152,4.672200000000003,159.26,699.5920000000016,14,4,8,False
453,CHEMBL366047,Cc1ccc(F)cc1CC(N)CC(=O)N1CCC[C@H]1C(=O)NCc1ccc(O[C@@H](C(=O)O)C(C)C)cc1.O=C(O)C(F)(F)F,<rdkit.Chem.rdchem.Mol object at 0x7f6527644d60>,33.0,6.481486060122113,3.8227200000000012,159.26000000000002,627.6320000000019,15,4,8,False
454,CHEMBL366048,CC(C)[C@@H](Oc1ccc(CNC(=O)[C@@H]2CCCN2C(=O)CC(N)Cc2ccc(F)cc2Cl)cc1)C(=O)O.O=C(O)C(F)(F)F,<rdkit.Chem.rdchem.Mol object at 0x7f65276452a0>,1.7,7.769551078621726,4.167700000000002,159.26,648.0500000000017,14,4,8,False
455,CHEMBL184527,CC(C)[C@@H](Oc1ccc(CNC(=O)[C@@H]2CCCN2C(=O)CC(N)Cc2cc(Cl)ccc2F)cc1)C(=O)O.O=C(O)C(F)(F)F,<rdkit.Chem.rdchem.Mol object at 0x7f6527646ab0>,1.6,7.795880017344075,4.167700000000002,159.26,648.0500000000017,14,4,8,False
456,CHEMBL184630,CC(C)[C@@H](Oc1ccc(CNC(=O)[C@@H]2CCCN2C(=O)CC(N)Cc2cc(C(F)(F)F)ccc2F)cc1)C(=O)O.O=C(O)C(F)(F)F,<rdkit.Chem.rdchem.Mol object at 0x7f65276453f0>,12.0,6.920818753952375,4.533100000000003,159.26,681.6020000000017,14,4,8,False
457,CHEMBL365280,CC(C)[C@@H](Oc1ccc(CNC(=O)[C@@H]2CCCN2C(=O)CC(N)Cc2cccc(OC(F)(F)F)c2)cc1)C(=O)O.O=C(O)C(F)(F)F,<rdkit.Chem.rdchem.Mol object at 0x7f6527646b20>,295.0,5.530177984021837,4.273800000000002,168.48999999999998,679.6110000000017,15,4,9,False
458,CHEMBL451492,NC(CC(=O)N1CSC[C@H]1C(=O)NCc1ccc(CC(=O)O)cc1)Cc1ccccc1.O=C(O)C(F)(F)F,<rdkit.Chem.rdchem.Mol object at 0x7f6527646c70>,161.0,5.79317412396815,2.424800000000001,150.03,555.5750000000014,10,4,8,False
459,CHEMBL186482,COC(=O)Cc1ccc(CNC(=O)[C@@H]2CSCN2C(=O)CC(N)Cc2ccccc2F)cc1.O=C(O)C(F)(F)F,<rdkit.Chem.rdchem.Mol object at 0x7f6527646c00>,87.0,6.060480747381382,2.652300000000001,139.03,587.5920000000016,11,3,8,False
460,CHEMBL183060,NC(CC(=O)N1CSC[C@H]1C(=O)NCc1ccc(CC(=O)O)cc1)Cc1ccccc1F.O=C(O)C(F)(F)F,<rdkit.Chem.rdchem.Mol object at 0x7f6527646ce0>,37.0,6.431798275933005,2.563900000000001,150.03,573.5650000000014,10,4,8,False
469,CHEMBL189046,CN(C)C[C@@H](c1ccc(-c2ccc(F)cc2)cc1)[C@H](N)C(=O)N1CC[C@H](F)C1.O=C(O)C(F)(F)F,<rdkit.Chem.rdchem.Mol object at 0x7f65276470d0>,1600.0,4.795880017344075,3.6689000000000007,86.87,501.4959999999996,9,2,5,False
470,CHEMBL190031,N[C@H](C(=O)N1CC[C@H](F)C1)[C@@H](CN1CCCC1)c1ccc(-c2ccc(F)cc2)cc1.O=C(O)C(F)(F)F,<rdkit.Chem.rdchem.Mol object at 0x7f6527646ff0>,3500.0,4.455931955649724,4.203100000000003,86.87000000000002,527.5340000000006,7,2,5,False
472,CHEMBL372004,COC(=O)[C@@H](c1ccc(-c2ccc(F)cc2)cc1)[C@H](N)C(=O)N1CC[C@H](F)C1.O=C(O)C(F)(F)F,<rdkit.Chem.rdchem.Mol object at 0x7f6527646500>,220.0,5.657577319177793,3.2803000000000013,109.92999999999999,502.4359999999997,7,2,6,False
474,CHEMBL190752,CNC(=O)[C@@H](c1ccc(-c2ccc(F)cc2)cc1)[C@H](N)C(=O)N1CC[C@H](F)C1.O=C(O)C(F)(F)F,<rdkit.Chem.rdchem.Mol object at 0x7f6527647060>,37.0,6.431798275933005,2.853300000000001,112.73,501.4519999999997,7,3,5,False
475,CHEMBL191067,CN(C)C(=O)[C@@H](c1ccc(-c2ccc(F)cc2)cc1)[C@H](N)C(=O)N1CC[C@H](F)C1.O=C(O)C(F)(F)F,<rdkit.Chem.rdchem.Mol object at 0x7f6527646420>,66.47619389451899,6.177333854114553,3.195500000000002,103.94000000000001,515.4789999999998,8,2,5,False
476,CHEMBL359581,N[C@H](C(=O)N1CC[C@H](F)C1)[C@@H](Cn1cnnn1)c1ccc(-c2ccc(F)cc2)cc1.O=C(O)C(F)(F)F,<rdkit.Chem.rdchem.Mol object at 0x7f6527646340>,192.0,5.71669877129645,2.7940000000000005,127.23,526.4660000000007,7,2,8,False
477,CHEMBL189067,CCNC(=O)[C@@H](c1ccc(-c2ccc(F)cc2)cc1)[C@H](N)C(=O)N1CC[C@H](F)C1.O=C(O)C(F)(F)F,<rdkit.Chem.rdchem.Mol object at 0x7f65276463b0>,110.0,5.958607314841775,3.243400000000001,112.73,515.4789999999998,8,3,5,False
478,CHEMBL188643,CC(C)NC(=O)[C@@H](c1ccc(-c2ccc(F)cc2)cc1)[C@H](N)C(=O)N1CC[C@H](F)C1.O=C(O)C(F)(F)F,<rdkit.Chem.rdchem.Mol object at 0x7f6527646260>,99.0,6.00436480540245,3.631900000000001,112.73,529.5060000000007,9,3,5,False
479,CHEMBL190788,N[C@H](C(=O)N1CC[C@H](F)C1)[C@@H](C(=O)NC1CC1)c1ccc(-c2ccc(F)cc2)cc1.O=C(O)C(F)(F)F,<rdkit.Chem.rdchem.Mol object at 0x7f6527646110>,71.0,6.1487416512809245,3.3859000000000012,112.73,527.4900000000007,7,3,5,False
480,CHEMBL190593,N[C@H](C(=O)N1CC[C@H](F)C1)[C@@H](C(=O)NCCO)c1ccc(-c2ccc(F)cc2)cc1.O=C(O)C(F)(F)F,<rdkit.Chem.rdchem.Mol object at 0x7f6527646570>,94.0,6.026872146400302,2.2157999999999993,132.96,531.4780000000009,9,4,6,False
481,CHEMBL188444,N[C@H](C(=O)N1CC[C@H](F)C1)[C@@H](C(=O)Nn1cnnn1)c1ccc(-c2ccc(F)cc2)cc1.O=C(O)C(F)(F)F,<rdkit.Chem.rdchem.Mol object at 0x7f65276461f0>,11.0,6.958607314841775,1.8640999999999996,156.33,555.4640000000013,7,3,9,False
482,CHEMBL425558,CCN(C)C(=O)[C@@H](c1ccc(-c2ccc(F)cc2)cc1)[C@H](N)C(=O)N1CC[C@H](F)C1.O=C(O)C(F)(F)F,<rdkit.Chem.rdchem.Mol object at 0x7f6527645f50>,20.0,6.698970004336019,3.5856000000000012,103.94000000000001,529.5060000000007,9,2,5,False
483,CHEMBL364939,CCN(CC)C(=O)[C@@H](c1ccc(-c2ccc(F)cc2)cc1)[C@H](N)C(=O)N1CC[C@H](F)C1.O=C(O)C(F)(F)F,<rdkit.Chem.rdchem.Mol object at 0x7f6527646180>,59.0,6.229147988357856,3.9757000000000016,103.94000000000001,543.5330000000014,10,2,5,False
484,CHEMBL188043,N[C@H](C(=O)N1CC[C@H](F)C1)[C@@H](C(=O)N1CCC1)c1ccc(-c2ccc(F)cc2)cc1.O=C(O)C(F)(F)F,<rdkit.Chem.rdchem.Mol object at 0x7f65276460a0>,44.0,6.356547323513812,3.339600000000001,103.94000000000001,527.4900000000007,6,2,5,False
485,CHEMBL191258,N[C@H](C(=O)N1CC[C@H](F)C1)[C@@H](C(=O)N1CCCC1)c1ccc(-c2ccc(F)cc2)cc1.O=C(O)C(F)(F)F,<rdkit.Chem.rdchem.Mol object at 0x7f65276462d0>,9.2,7.036212172654444,3.729700000000002,103.94000000000001,541.5170000000014,6,2,5,False
486,CHEMBL370755,CON(C)C(=O)[C@@H](c1ccc(-c2ccc(F)cc2)cc1)[C@H](N)C(=O)N1CC[C@H](F)C1.O=C(O)C(F)(F)F,<rdkit.Chem.rdchem.Mol object at 0x7f6527645ee0>,45.0,6.346787486224656,3.1271000000000013,113.17,531.4780000000007,9,2,6,False
487,CHEMBL371588,CN(C)NC(=O)[C@@H](c1ccc(-c2ccc(F)cc2)cc1)[C@H](N)C(=O)N1CC[C@H](F)C1.O=C(O)C(F)(F)F,<rdkit.Chem.rdchem.Mol object at 0x7f6527645fc0>,67.0,6.173925197299173,2.7001,115.97000000000001,530.4940000000007,9,3,6,False
489,CHEMBL363115,CN(C)C(=O)[C@@H](c1ccc(-c2ccc(F)cc2)cc1)[C@H](N)C(=O)N1CC(F)C1.O=C(O)C(F)(F)F,<rdkit.Chem.rdchem.Mol object at 0x7f6527645d20>,17.0,6.769551078621726,2.8054000000000006,103.94000000000001,501.45199999999966,8,2,5,False
490,CHEMBL364355,CN(C)C(=O)[C@@H](c1ccc(-c2ccc(F)cc2)cc1)[C@H](N)C(=O)N1CC(F)(F)C1.O=C(O)C(F)(F)F,<rdkit.Chem.rdchem.Mol object at 0x7f6527645e70>,29.0,6.537602002101044,3.1026000000000007,103.94000000000001,519.4420000000001,8,2,5,False
492,CHEMBL372486,CN(C)C(=O)[C@@H](c1ccc(-c2ccc(F)cc2)cc1)[C@H](N)C(=O)N1CC[C@@H](F)C1.O=C(O)C(F)(F)F,<rdkit.Chem.rdchem.Mol object at 0x7f6527645e00>,30.0,6.522878745280337,3.195500000000002,103.94000000000001,515.4789999999998,8,2,5,False
493,CHEMBL191337,CN(C)C(=O)[C@@H](c1ccc(-c2ccc(F)cc2)cc1)[C@H](N)C(=O)N1CCC(F)(F)C1.O=C(O)C(F)(F)F,<rdkit.Chem.rdchem.Mol object at 0x7f6527645d90>,27.0,6.568636235841013,3.492700000000001,103.94000000000001,533.4690000000008,8,2,5,False
494,CHEMBL190863,CN(C)C(=O)[C@@H](c1ccc(-c2ccc(F)cc2)cc1)[C@H](N)C(=O)N1CCSC1.O=C(O)C(F)(F)F,<rdkit.Chem.rdchem.Mol object at 0x7f6527645b60>,9.1,7.040958607678906,3.1580000000000013,103.94000000000001,515.5289999999999,8,2,6,False
495,CHEMBL365967,CN(C)C(=O)[C@@H](c1ccc(-c2ccc(F)cc2)cc1)[C@H](N)C(=O)N1CCS(=O)(=O)C1.O=C(O)C(F)(F)F,<rdkit.Chem.rdchem.Mol object at 0x7f6527645c40>,230.0,5.638272163982407,1.8396,138.07999999999998,547.5270000000012,8,2,7,False
496,CHEMBL189055,CN(C)C(=O)[C@@H](c1ccc(-c2ccc(F)cc2)cc1)[C@H](N)C(=O)N1CCC[C@H]1C#N.O=C(O)C(F)(F)F,<rdkit.Chem.rdchem.Mol object at 0x7f6527645bd0>,3.3,7.481486060122113,3.139680000000001,127.73,522.4990000000003,8,2,6,False
497,CHEMBL190923,CN(C)C(=O)[C@@H](c1ccc(-c2ccc(F)cc2)cc1)[C@H](N)C(=O)N1CCCCC1.O=C(O)C(F)(F)F,<rdkit.Chem.rdchem.Mol object at 0x7f6527645a80>,550.0,5.259637310505756,3.6376000000000017,103.94000000000001,511.5159999999996,8,2,5,False
498,CHEMBL371347,CN(C)C(=O)[C@@H](c1ccc(-c2ccc(F)cc2)cc1)[C@H](N)C(=O)N1CCOCC1.O=C(O)C(F)(F)F,<rdkit.Chem.rdchem.Mol object at 0x7f6527645af0>,520.0,5.2839966563652006,2.4838999999999993,113.17,513.4879999999997,8,2,6,False
499,CHEMBL188096,CN(C)C(=O)[C@@H](c1ccc(-c2ccc(F)cc2F)cc1)[C@H](N)C(=O)N1CC[C@H](F)C1.O=C(O)C(F)(F)F,<rdkit.Chem.rdchem.Mol object at 0x7f65276459a0>,13.0,6.886056647693163,3.334600000000001,103.94000000000001,533.469000000001,8,2,5,False
500,CHEMBL190217,CN(C)C(=O)[C@@H](c1ccc(-c2ccc(F)c(F)c2)cc1)[C@H](N)C(=O)N1CC[C@H](F)C1.O=C(O)C(F)(F)F,<rdkit.Chem.rdchem.Mol object at 0x7f65276458c0>,21.0,6.6777807052660805,3.334600000000001,103.94000000000001,533.469000000001,8,2,5,False
501,CHEMBL191486,CN(C)C(=O)[C@@H](c1ccc(-c2cc(F)ccc2F)cc1)[C@H](N)C(=O)N1CC[C@H](F)C1.O=C(O)C(F)(F)F,<rdkit.Chem.rdchem.Mol object at 0x7f6527645a10>,56.0,6.251811972993799,3.334600000000001,103.94000000000001,533.469000000001,8,2,5,False
502,CHEMBL190269,CN(C)C(=O)[C@@H](c1ccc(-c2cccc(C#N)c2)cc1)[C@H](N)C(=O)N1CC[C@H](F)C1.O=C(O)C(F)(F)F,<rdkit.Chem.rdchem.Mol object at 0x7f6527645930>,43.0,6.366531544420414,2.9280800000000005,127.73,522.4990000000003,8,2,6,False
503,CHEMBL191473,CN(C)C(=O)[C@@H](c1ccc(-c2cccc(-n3cnnn3)c2)cc1)[C@H](N)C(=O)N1CC[C@H](F)C1.O=C(O)C(F)(F)F,<rdkit.Chem.rdchem.Mol object at 0x7f65276457e0>,2.2,7.657577319177793,2.0320999999999994,147.54,565.5280000000014,9,2,9,False
504,CHEMBL370677,CN(C)C(=O)[C@@H](c1ccc(-c2cccc(S(C)(=O)=O)c2)cc1)[C@H](N)C(=O)N1CC[C@H](F)C1.O=C(O)C(F)(F)F,<rdkit.Chem.rdchem.Mol object at 0x7f6527645700>,21.0,6.6777807052660805,2.4599,138.07999999999998,575.5810000000015,10,2,7,False
505,CHEMBL541919,CN(C)C(=O)[C@@H](c1ccc(-c2cccc(-[n+]3ccccc3)c2)cc1)[C@H](N)C(=O)N1CC[C@H](F)C1.O=C([O-])C(F)(F)F,<rdkit.Chem.rdchem.Mol object at 0x7f6527645850>,19.0,6.721246399047171,1.9983999999999997,110.65,574.5750000000015,9,1,5,False
506,CHEMBL552503,CN(C)C(=O)[C@@H](c1ccc(-c2ccc(-[n+]3ccccc3)cc2)cc1)[C@H](N)C(=O)N1CC[C@H](F)C1.O=C([O-])C(F)(F)F,<rdkit.Chem.rdchem.Mol object at 0x7f6527645620>,20.0,6.698970004336019,1.9983999999999997,110.65,574.5750000000015,9,1,5,False
562,CHEMBL425375,C[C@@H](c1ccc(-c2ccccc2C(F)(F)F)cc1)[C@H](N)C(=O)N1CC[C@H](F)C1.O=C(O)C(F)(F)F,<rdkit.Chem.rdchem.Mol object at 0x7f6525870740>,130.0,5.886056647693163,5.006900000000004,83.63000000000001,508.4339999999997,6,2,4,False
564,CHEMBL192425,CCOC(=O)c1cccc(-c2ccc([C@H](C)[C@H](N)C(=O)N3CC[C@H](F)C3)cc2)c1.O=C(O)C(F)(F)F,<rdkit.Chem.rdchem.Mol object at 0x7f6525870820>,75.0,6.1249387366083,4.164800000000002,109.92999999999999,512.4999999999997,9,2,6,False
565,CHEMBL263326,C[C@@H](c1ccc(-c2cccc(NS(C)(=O)=O)c2)cc1)[C@H](N)C(=O)N1CC[C@H](F)C1.O=C(O)C(F)(F)F,<rdkit.Chem.rdchem.Mol object at 0x7f6525870660>,150.0,5.823908740944319,3.3596000000000013,129.79999999999998,533.5440000000009,9,3,6,False
567,CHEMBL365780,C[C@@H](c1ccc(-c2cccc(S(C)(=O)=O)c2)cc1)[C@H](N)C(=O)N1CC[C@H](F)C1.O=C(O)C(F)(F)F,<rdkit.Chem.rdchem.Mol object at 0x7f65258706d0>,110.0,5.958607314841775,3.3916000000000013,117.77,518.5290000000001,8,2,6,False
568,CHEMBL366031,C[C@@H](c1ccc(-c2cccc(S(N)(=O)=O)c2)cc1)[C@H](N)C(=O)N1CC[C@H](F)C1.O=C(O)C(F)(F)F,<rdkit.Chem.rdchem.Mol object at 0x7f6525870510>,140.0,5.853871964321762,2.6355000000000004,143.79,519.5170000000002,8,3,6,False
569,CHEMBL192117,C[C@@H](c1ccc(-c2cccc(NS(=O)(=O)C(F)(F)F)c2)cc1)[C@H](N)C(=O)N1CC[C@H](F)C1.O=C(O)C(F)(F)F,<rdkit.Chem.rdchem.Mol object at 0x7f6525871fc0>,27.0,6.568636235841013,4.249600000000003,129.79999999999998,587.5140000000014,8,3,6,False
571,CHEMBL192980,C[C@@H](c1ccc(-c2ccc(C(F)(F)F)cc2)cc1)[C@H](N)C(=O)N1CC[C@H](F)C1.O=C(O)C(F)(F)F,<rdkit.Chem.rdchem.Mol object at 0x7f65258705f0>,510.0,5.292429823902063,5.006900000000004,83.63000000000001,508.4339999999997,6,2,4,False
582,CHEMBL195905,C[C@@H](c1ccc(-c2cccc(-c3n[nH]c(O)n3)c2)cc1)[C@H](N)C(=O)N1CC[C@H](F)C1.O=C(O)C(F)(F)F,<rdkit.Chem.rdchem.Mol object at 0x7f6525870040>,95.0,6.022276394711152,3.4788000000000006,145.42999999999998,523.4870000000004,8,4,7,False
583,CHEMBL364057,C[C@@H](c1ccc(-c2cccc(-c3c[nH]c(O)n3)c2)cc1)[C@H](N)C(=O)N1CC[C@H](F)C1.O=C(O)C(F)(F)F,<rdkit.Chem.rdchem.Mol object at 0x7f6525870350>,110.0,5.958607314841775,4.083800000000002,132.54,522.4990000000003,8,4,6,False
584,CHEMBL190979,C[C@@H](c1ccc(-c2cccc(-c3nc[nH]n3)c2)cc1)[C@H](N)C(=O)N1CC[C@H](F)C1.O=C(O)C(F)(F)F,<rdkit.Chem.rdchem.Mol object at 0x7f6525870200>,98.0,6.008773924307505,3.773200000000001,125.2,507.4879999999997,7,3,6,False
585,CHEMBL370033,C[C@@H](c1ccc(-c2cccc(-c3noc(C4CC4)n3)c2)cc1)[C@H](N)C(=O)N1CC[C@H](F)C1.O=C(O)C(F)(F)F,<rdkit.Chem.rdchem.Mol object at 0x7f65258711c0>,140.0,5.853871964321762,4.915500000000004,122.55,548.5370000000013,8,2,7,False
586,CHEMBL195378,C[C@@H](c1ccc(-c2cccc(-c3nn[nH]n3)c2)cc1)[C@H](N)C(=O)N1CC[C@H](F)C1.O=C(O)C(F)(F)F,<rdkit.Chem.rdchem.Mol object at 0x7f65258710e0>,6.0,7.221848749616356,3.1682000000000006,138.09,508.4759999999997,7,3,7,False
587,CHEMBL370072,C[C@@H](c1ccc(-c2cccc(-c3noc(O)n3)c2)cc1)[C@H](N)C(=O)N1CC[C@H](F)C1.O=C(O)C(F)(F)F,<rdkit.Chem.rdchem.Mol object at 0x7f6525871000>,3.0,7.522878745280337,3.7437000000000014,142.78,524.4710000000005,8,3,8,False
590,CHEMBL193887,C[C@@H](c1ccc(-c2ccc(NS(C)(=O)=O)cc2)cc1)[C@H](N)C(=O)N1CC[C@H](F)C1.O=C(O)C(F)(F)F,<rdkit.Chem.rdchem.Mol object at 0x7f6525871540>,710.0,5.1487416512809245,3.3596000000000013,129.79999999999998,533.5440000000009,9,3,6,False
591,CHEMBL363175,CCOC(=O)c1ccc(-c2ccc([C@H](C)[C@H](N)C(=O)N3CC[C@H](F)C3)cc2)cc1.O=C(O)C(F)(F)F,<rdkit.Chem.rdchem.Mol object at 0x7f6525871380>,440.0,5.356547323513812,4.164800000000002,109.92999999999999,512.4999999999997,9,2,6,False
593,CHEMBL194437,C[C@@H](c1ccc(-c2ccc(S(C)(=O)=O)cc2)cc1)[C@H](N)C(=O)N1CC[C@H](F)C1.O=C(O)C(F)(F)F,<rdkit.Chem.rdchem.Mol object at 0x7f6525871310>,420.0,5.376750709602099,3.3916000000000013,117.77,518.529,8,2,6,False
598,CHEMBL195739,C[C@@H](c1ccc(-c2cccc(-n3cnnn3)c2)cc1)[C@H](N)C(=O)N1CC[C@H](F)C1.O=C(O)C(F)(F)F,<rdkit.Chem.rdchem.Mol object at 0x7f65258702e0>,140.0,5.853871964321762,2.9638,127.23,508.4759999999997,7,2,8,False
599,CHEMBL195667,C[C@@H](c1ccc(-c2cccc(-c3nnco3)c2)cc1)[C@H](N)C(=O)N1CC[C@H](F)C1.O=C(O)C(F)(F)F,<rdkit.Chem.rdchem.Mol object at 0x7f65258715b0>,69.0,6.161150909262744,4.038100000000002,122.55,508.4719999999997,7,2,7,False
688,CHEMBL438265,CCOC(=O)Nc1c(-c2ccc([C@H](C)[C@H](N)C(=O)N3CC[C@H](F)C3)cc2)cn(C)c(=O)c1F.O=C(O)C(F)(F)F,<rdkit.Chem.rdchem.Mol object at 0x7f6527650820>,120.0,5.920818753952375,3.394300000000001,143.95999999999995,576.5190000000015,10,3,8,False
689,CHEMBL203267,C[C@@H](c1ccc(-c2cn(C)c(=O)c(Cl)c2F)cc1)[C@H](N)C(=O)N1CC[C@H](F)C1.O=C(O)C(F)(F)F,<rdkit.Chem.rdchem.Mol object at 0x7f6527650b30>,37.0,6.431798275933005,3.479300000000001,105.63000000000001,523.8860000000004,7,2,6,False
690,CHEMBL380496,COc1cc(=O)n(C)cc1-c1ccc([C@H](C)[C@H](N)C(=O)N2CC[C@H](F)C2)cc1.O=C(O)C(F)(F)F,<rdkit.Chem.rdchem.Mol object at 0x7f65276509e0>,67.0,6.173925197299173,2.6954000000000002,114.86,501.4769999999997,9,2,7,False
691,CHEMBL203169,C[C@@H](c1ccc(-c2cn(C)c(=O)cc2CO)cc1)[C@H](N)C(=O)N1CC[C@H](F)C1.O=C(O)C(F)(F)F,<rdkit.Chem.rdchem.Mol object at 0x7f6527650970>,38.0,6.42021640338319,2.179099999999999,125.86,501.47699999999963,9,3,7,False
694,CHEMBL383651,C[C@@H](c1ccc(-c2cc(Br)c(=O)n(C)c2)cc1)[C@H](N)C(=O)N1CC[C@H](F)C1.O=C(O)C(F)(F)F,<rdkit.Chem.rdchem.Mol object at 0x7f6527650a50>,69.0,6.161150909262744,3.449300000000001,105.63000000000001,550.3470000000012,7,2,6,False
696,CHEMBL203323,Cc1c(-c2ccc([C@H](C)[C@H](N)C(=O)N3CC[C@H](F)C3)cc2)cc(Br)c(=O)n1C.O=C(O)C(F)(F)F,<rdkit.Chem.rdchem.Mol object at 0x7f6527650c10>,570.0,5.2441251443275085,3.7577200000000026,105.63000000000001,564.3740000000012,8,2,6,False
699,CHEMBL206172,C[C@@H](c1ccc(-c2ccc(=O)n(-c3ccc(F)cc3)c2)cc1)[C@H](N)C(=O)N1CC[C@H](F)C1.O=C(O)C(F)(F)F,<rdkit.Chem.rdchem.Mol object at 0x7f6527f280b0>,229.0,5.640164517660112,4.278100000000003,105.63000000000001,551.5120000000012,7,2,6,False
700,CHEMBL438258,CCOC(=O)C(F)(F)n1cc(-c2ccc([C@H](C)[C@H](N)C(=O)N3CC[C@H](F)C3)cc2)ccc1=O.O=C(O)C(F)(F)F,<rdkit.Chem.rdchem.Mol object at 0x7f6527f28190>,92.0,6.036212172654444,3.2622000000000018,131.92999999999998,579.4940000000015,10,2,8,False
701,CHEMBL382674,CCOC(=O)Cn1cc(-c2ccc([C@H](C)[C@H](N)C(=O)N3CC[C@H](F)C3)cc2)ccc1=O.O=C(O)C(F)(F)F,<rdkit.Chem.rdchem.Mol object at 0x7f6527f28040>,90.0,6.045757490560675,2.7129000000000003,131.92999999999998,543.5140000000014,10,2,8,False
702,CHEMBL383323,C[C@@H](c1ccc(-c2ccc(=O)n(CC3CC3)c2)cc1)[C@H](N)C(=O)N1CC[C@H](F)C1.O=C(O)C(F)(F)F,<rdkit.Chem.rdchem.Mol object at 0x7f6527f28120>,117.0,5.931814138253839,3.559800000000001,105.63000000000001,511.5159999999996,8,2,6,False
740,CHEMBL208957,CN(C)C(=O)[C@@H](c1ccc(-c2ccn3nccc3n2)cc1)[C@H](N)C(=O)N1CCC(F)(F)C1.O=C(O)C(F)(F)F,<rdkit.Chem.rdchem.Mol object at 0x7f6527f2bd10>,57.00000000000001,6.2441251443275085,2.396299999999999,134.13,556.4920000000012,8,2,8,False
741,CHEMBL210829,CN(C)C(=O)[C@@H](c1ccc(-c2ccn3ncnc3c2)cc1)[C@H](N)C(=O)N1CCC(F)(F)C1.O=C(O)C(F)(F)F,<rdkit.Chem.rdchem.Mol object at 0x7f6527f28eb0>,34.00000000000001,6.468521082957745,2.3962999999999997,134.13,556.4920000000012,8,2,8,False
743,CHEMBL209064,CN(C)C(=O)[C@@H](c1ccc(-c2ccc3ncnn3c2)cc1)[C@H](N)C(=O)N1CCC(F)(F)C1.O=C(O)C(F)(F)F,<rdkit.Chem.rdchem.Mol object at 0x7f6527f290e0>,71.0,6.1487416512809245,2.3962999999999997,134.13,556.4920000000012,8,2,8,False
744,CHEMBL378048,CN(C)C(=O)[C@@H](c1ccc(-c2ccc3ncnn3c2)cc1)[C@H](N)C(=O)N1CCCC1.O=C(O)C(F)(F)F,<rdkit.Chem.rdchem.Mol object at 0x7f6527f291c0>,62.99999999999999,6.200659450546419,2.1511,134.13,520.5120000000002,8,2,8,False
745,CHEMBL210974,CN(C)C(=O)[C@@H](c1ccc(-c2ccc3ncnn3c2)cc1)[C@H](N)C(=O)N1CC(F)C1.O=C(O)C(F)(F)F,<rdkit.Chem.rdchem.Mol object at 0x7f6527f29460>,41.00000000000001,6.3872161432802645,1.7089999999999999,134.13,524.4750000000005,8,2,8,False
746,CHEMBL210621,Cc1cc(-c2ccc([C@H](C(=O)N(C)C)[C@H](N)C(=O)N3CC[C@H](F)C3)cc2)cn2ncnc12.O=C(O)C(F)(F)F,<rdkit.Chem.rdchem.Mol object at 0x7f6527f29230>,639.9999999999999,5.1938200260161125,2.407519999999999,134.13,552.5290000000014,9,2,8,False
747,CHEMBL209111,Cc1c(-c2ccc([C@H](C(=O)N(C)C)[C@H](N)C(=O)N3CC[C@H](F)C3)cc2)ccc2ncnn12.O=C(O)C(F)(F)F,<rdkit.Chem.rdchem.Mol object at 0x7f6527f293f0>,61.00000000000001,6.214670164989233,2.407519999999999,134.13,552.5290000000012,9,2,8,False
748,CHEMBL209710,Cc1nc2ccc(-c3ccc([C@H](C(=O)N(C)C)[C@H](N)C(=O)N4CC[C@H](F)C4)cc3)cn2n1.O=C(O)C(F)(F)F,<rdkit.Chem.rdchem.Mol object at 0x7f6527f292a0>,223.00000000000003,5.651695136951839,2.407519999999999,134.12999999999997,552.5290000000012,9,2,8,False
749,CHEMBL379702,CN(C)C(=O)[C@@H](c1ccc(-c2ccc3nccn3n2)cc1)[C@H](N)C(=O)N1CC[C@H](F)C1.O=C(O)C(F)(F)F,<rdkit.Chem.rdchem.Mol object at 0x7f6527f295b0>,176.99999999999994,5.752026733638194,2.0990999999999995,134.13,538.5020000000012,8,2,8,False
750,CHEMBL210459,CN(C)C(=O)[C@@H](c1ccc(-c2ccn3nccc3n2)cc1)[C@H](N)C(=O)N1CC[C@H](F)C1.O=C(O)C(F)(F)F,<rdkit.Chem.rdchem.Mol object at 0x7f6527f29310>,53.00000000000001,6.275724130399211,2.0990999999999995,134.13,538.5020000000012,8,2,8,False
751,CHEMBL210999,CN(C)C(=O)[C@@H](c1ccc(-c2ccn3ncnc3c2)cc1)[C@H](N)C(=O)N1CC[C@H](F)C1.O=C(O)C(F)(F)F,<rdkit.Chem.rdchem.Mol object at 0x7f6527f29540>,34.99999999999999,6.455931955649724,2.0990999999999995,134.13,538.5020000000012,8,2,8,False
752,CHEMBL377221,CN(C)C(=O)[C@@H](c1ccc(-c2ccc3ncnn3c2)cc1)[C@H](N)C(=O)N1CC[C@H](F)C1.O=C(O)C(F)(F)F,<rdkit.Chem.rdchem.Mol object at 0x7f6527f294d0>,13.266499161421596,6.877243666092925,2.0990999999999995,134.13,538.5020000000012,8,2,8,False
753,CHEMBL207348,CN(C)C(=O)[C@@H](c1ccc(-c2ccc3nncn3c2)cc1)[C@H](N)C(=O)N1CC[C@H](F)C1.O=C(O)C(F)(F)F,<rdkit.Chem.rdchem.Mol object at 0x7f6527f29380>,15.999999999999998,6.795880017344075,2.0990999999999995,134.13,538.5020000000012,8,2,8,False
754,CHEMBL378673,CN(C)C(=O)[C@@H](c1ccc(-c2ccc3nccn3c2)cc1)[C@H](N)C(=O)N1CC[C@H](F)C1.O=C(O)C(F)(F)F,<rdkit.Chem.rdchem.Mol object at 0x7f6527f29690>,133.0,5.876148359032914,2.7041000000000004,121.24,537.5140000000011,8,2,7,False
755,CHEMBL209162,CN(C)C(=O)[C@@H](c1ccc(-c2ccc(=O)n(C)c2)cc1)[C@H](N)C(=O)N1CC[C@H](F)C1.O=C(O)C(F)(F)F,<rdkit.Chem.rdchem.Mol object at 0x7f6527f29700>,79.0,6.102372908709558,1.7550999999999999,125.94000000000001,528.5030000000006,9,2,7,False
836,CHEMBL386812,C[C@H](c1nc(-c2ccc(NS(C)(=O)=O)cc2Cl)no1)[C@H](N)C(=O)N1CCCC1.O=C(O)C(F)(F)F,<rdkit.Chem.rdchem.Mol object at 0x7f65256b2110>,8.0,7.096910013008056,2.4480000000000004,168.72,541.9360000000012,9,3,9,False
843,CHEMBL375146,C[C@H](c1nc(-c2ccc(NS(C)(=O)=O)cc2Cl)no1)[C@H](N)C(=O)N1CCC(F)(F)C1.O=C(O)C(F)(F)F,<rdkit.Chem.rdchem.Mol object at 0x7f65256b2570>,19.0,6.721246399047171,2.6932,168.72,577.9160000000012,9,3,9,False
844,CHEMBL218776,C[C@H](c1nc(-c2ccc(NS(C)(=O)=O)cc2Cl)no1)[C@H](N)C(=O)N1CC[C@@H](F)C1.O=C(O)C(F)(F)F,<rdkit.Chem.rdchem.Mol object at 0x7f65256b2490>,19.0,6.721246399047171,2.396,168.72,559.9260000000012,9,3,9,False
845,CHEMBL387333,C[C@H](c1nc(-c2ccc(NS(C)(=O)=O)cc2Cl)no1)[C@H](N)C(=O)N1CC[C@H](F)C1.O=C(O)C(F)(F)F,<rdkit.Chem.rdchem.Mol object at 0x7f65256b23b0>,19.0,6.721246399047171,2.396,168.72,559.9260000000012,9,3,9,False
850,CHEMBL375745,CS(=O)(=O)c1ccc(-c2noc([C@@H](CC3CC3)[C@H](N)C(=O)N3CC[C@H](F)C3)n2)c(F)c1.O=C(O)C(F)(F)F,<rdkit.Chem.rdchem.Mol object at 0x7f65256b2730>,19.0,6.721246399047171,2.6939,156.68999999999997,568.5210000000012,9,2,9,False
851,CHEMBL219434,Cc1cc(S(C)(=O)=O)ccc1-c1noc([C@@H](CC2CC2)[C@H](N)C(=O)N2CC[C@H](F)C2)n1.O=C(O)C(F)(F)F,<rdkit.Chem.rdchem.Mol object at 0x7f65256b2650>,31.0,6.508638306165727,2.863220000000001,156.68999999999997,564.5580000000014,10,2,9,False
852,CHEMBL375442,CS(=O)(=O)c1ccc(-c2noc([C@@H](CC3CC3)[C@H](N)C(=O)N3CC[C@H](F)C3)n2)cc1.O=C(O)C(F)(F)F,<rdkit.Chem.rdchem.Mol object at 0x7f65256b2880>,52.0,6.2839966563652006,2.5548,156.68999999999997,550.5310000000012,9,2,9,False
853,CHEMBL220357,CS(=O)(=O)c1ccc(-c2noc([C@@H](CCO)[C@H](N)C(=O)N3CC[C@H](F)C3)n2)c(Cl)c1.O=C(O)C(F)(F)F,<rdkit.Chem.rdchem.Mol object at 0x7f65256b27a0>,70.00000000000003,6.154901959985743,1.7904999999999998,176.92,574.9370000000013,10,3,10,False
854,CHEMBL219371,CC(C)C[C@H](c1nc(-c2ccc(S(C)(=O)=O)cc2Cl)no1)[C@H](N)C(=O)N1CC[C@H](F)C1.O=C(O)C(F)(F)F,<rdkit.Chem.rdchem.Mol object at 0x7f65256b28f0>,13.0,6.886056647693163,3.454200000000001,156.69,586.9920000000014,11,2,9,False
855,CHEMBL376498,CS(=O)(=O)c1ccc(-c2noc([C@@H](CC3CC3)[C@H](N)C(=O)N3CC[C@H](F)C3)n2)c(Cl)c1.O=C(O)C(F)(F)F,<rdkit.Chem.rdchem.Mol object at 0x7f65256b2a40>,13.0,6.886056647693163,3.2082000000000015,156.68999999999997,584.9760000000012,9,2,9,False
856,CHEMBL435320,C[C@H](c1nc(-c2ccc(S(C)(=O)=O)cc2Cl)no1)[C@H](N)C(=O)N1CC[C@H](F)C1.O=C(O)C(F)(F)F,<rdkit.Chem.rdchem.Mol object at 0x7f65256b2960>,40.0,6.3979400086720375,2.428,156.69,544.9110000000011,8,2,9,False
934,CHEMBL395762,CC(C)[C@H](Oc1ccc(CNC(=O)[C@@H]2CCCN2C(=O)C[C@H](N)Cc2cc(F)c(F)cc2F)cc1)C(=O)O,<rdkit.Chem.rdchem.Mol object at 0x7f65257fbbc0>,2.0,7.698970004336019,3.159200000000001,121.96,535.563000000001,14,3,6,False
947,CHEMBL230839,Cc1ccc(F)cc1C[C@@H](N)CC(=O)N1CCC[C@H]1C(=O)NCc1ccc(O[C@H](C(=O)O)C(C)C)cc1,<rdkit.Chem.rdchem.Mol object at 0x7f65257fbc30>,33.0,6.481486060122113,3.189420000000001,121.96000000000002,513.6099999999998,15,3,6,False
949,CHEMBL397716,CC(C)[C@H](Oc1ccc(CNC(=O)[C@@H]2CCCN2C(=O)C[C@H](N)Cc2cc(F)c(F)c(F)c2F)cc1)C(=O)O,<rdkit.Chem.rdchem.Mol object at 0x7f65257f8740>,8.0,7.096910013008056,3.298300000000001,121.96,553.5530000000014,14,3,6,False
951,CHEMBL228312,N[C@H]1CN(c2ccc3nnc(-c4ccc(F)cc4)n3n2)CC[C@@H]1c1cc(F)c(F)cc1F.O=C(O)C(F)(F)F,<rdkit.Chem.rdchem.Mol object at 0x7f65257f8660>,16.0,6.795880017344075,4.302200000000003,109.64,556.442000000001,4,2,8,False
952,CHEMBL228311,N[C@H]1CN(c2ccc3nnc(C(F)(F)F)n3n2)CC[C@@H]1c1cc(F)c(F)cc1F.O=C(O)C(F)(F)F,<rdkit.Chem.rdchem.Mol object at 0x7f65257f8820>,9.0,7.045757490560675,3.5149000000000017,109.64,530.3510000000008,3,2,8,False
957,CHEMBL231397,Cc1cc(=O)n2nc(N3CC[C@H](c4cc(F)c(F)cc4F)[C@@H](N)C3)ccc2n1.O=C(O)C(F)(F)F,<rdkit.Chem.rdchem.Mol object at 0x7f65257f8a50>,8.0,7.096910013008056,2.7697200000000004,113.82000000000001,503.4029999999998,4,2,8,False
959,CHEMBL231395,Cc1nc2ccc(N3CC[C@H](c4cc(F)c(F)cc4F)[C@@H](N)C3)nc2c(=O)[nH]1.O=C(O)C(F)(F)F,<rdkit.Chem.rdchem.Mol object at 0x7f65257f8970>,7.0,7.154901959985743,2.9983200000000005,125.2,503.4029999999998,4,3,7,False
960,CHEMBL231295,N[C@H]1CN(c2ccc3ncnc(C4CC4)c3n2)CC[C@@H]1c1cc(F)c(F)cc1F.O=C(O)C(F)(F)F,<rdkit.Chem.rdchem.Mol object at 0x7f65257f8c80>,8.0,7.096910013008056,4.274000000000004,105.23,513.4419999999998,4,2,7,False
961,CHEMBL389804,Cn1c(C2CC2)nc2ccc(N3CC[C@H](c4cc(F)c(F)cc4F)[C@@H](N)C3)nc21.O=C(O)C(F)(F)F,<rdkit.Chem.rdchem.Mol object at 0x7f65257f8d60>,2.0,7.698970004336019,4.217500000000003,97.27,515.4579999999999,5,2,7,False
963,CHEMBL231293,N[C@H]1CN(c2ccc3nc(C(F)(F)F)nn3n2)CC[C@@H]1c1cc(F)c(F)cc1F.O=C(O)C(F)(F)F,<rdkit.Chem.rdchem.Mol object at 0x7f65257f8cf0>,5.0,7.301029995663981,3.5149000000000017,109.64,530.3510000000008,3,2,8,False
964,CHEMBL389803,N[C@H]1CN(c2ccc3nc(C(F)(F)F)cn3n2)CC[C@@H]1c1cc(F)c(F)cc1F.O=C(O)C(F)(F)F,<rdkit.Chem.rdchem.Mol object at 0x7f65257f8e40>,22.0,6.657577319177793,4.119900000000003,96.75000000000001,529.3630000000009,3,2,7,False
1100,CHEMBL234043,CCCCC1CN(c2cc(C(F)(F)F)cc(C(F)(F)F)c2)CCC1N,<rdkit.Chem.rdchem.Mol object at 0x7f65258a77d0>,13400.0,3.872895201635192,5.068000000000005,29.259999999999998,368.3649999999996,6,1,2,False
1188,CHEMBL238114,CC(=O)Nc1ccc(OP(=O)(Oc2ccc(NC(C)=O)cc2)C2CCCN2C(=O)[C@H](CCCCN)NC(=O)OCc2ccccc2)cc1,<rdkit.Chem.rdchem.Mol object at 0x7f65257fd070>,4200.0,4.376750709602099,5.626800000000005,178.39,679.7110000000017,18,4,9,False
1189,CHEMBL236781,CC(=O)Nc1ccc(OP(=O)(Oc2ccc(NC(C)=O)cc2)C2CCCN2C(=O)[C@@H](N)CCCCN)cc1,<rdkit.Chem.rdchem.Mol object at 0x7f65257fd150>,8000.0,4.096910013008056,3.6591000000000014,166.08,545.5770000000016,16,4,8,False
1192,CHEMBL439205,NCCCC[C@H](NC(=O)OCc1ccccc1)C(=O)N1CCCC1P(=O)(Oc1ccccc1)Oc1ccccc1,<rdkit.Chem.rdchem.Mol object at 0x7f65257fd380>,4800.0,4.318758762624412,5.710000000000005,120.19,565.6070000000017,14,2,7,False
1198,CHEMBL235766,CCOC(=O)CNC(=O)c1ccc(OP(=O)(Oc2ccc(C(=O)NCC(=O)OCC)cc2)C2CCCN2C(=O)C2CCCN2)cc1,<rdkit.Chem.rdchem.Mol object at 0x7f65257fd620>,14.0,6.853871964321762,2.6238,178.67,658.6450000000017,16,3,11,False
1199,CHEMBL439382,CC(=O)Nc1ccc(OP(=O)(Oc2ccc(NC(C)=O)cc2)C2CCCN2C(=O)C2CCCN2)cc1,<rdkit.Chem.rdchem.Mol object at 0x7f65257fd700>,5600.0,4.251811972993799,3.9548000000000023,126.07,514.5189999999999,10,3,7,False
1203,CHEMBL237289,CC#CCn1c(N2CCC[C@@H](N)C2)nc2c1c(=O)n(CC(=O)c1ccccc1OCC(=O)NC)c(=O)n2C,<rdkit.Chem.rdchem.Mol object at 0x7f65257fd7e0>,1.0,8.0,-0.14479999999999693,146.48000000000002,521.5780000000003,11,2,11,False
1254,CHEMBL393336,N[C@@H](CC(=O)N1CCn2c(nnc2C(F)(F)F)C1)Cc1cc(F)c(F)cc1F.O=P(O)(O)O,<rdkit.Chem.rdchem.Mol object at 0x7f65257ff060>,22.56131424364184,6.646635605391844,1.0878999999999996,154.8,505.31199999999984,8,4,9,False
1261,CHEMBL246374,CN(C)C(=O)[C@@H](C1CCC(N(C)C(=O)c2cccc(F)c2)CC1)[C@H](N)C(=O)N1CC[C@H](F)C1.Cl,<rdkit.Chem.rdchem.Mol object at 0x7f65257fed50>,199.99999999999991,5.698970004336019,2.480400000000001,86.95,501.0179999999995,10,1,4,False
1262,CHEMBL246373,C[C@@H](C1CCC(NS(=O)(=O)c2ccc(OC(F)(F)F)cc2)CC1)[C@H](N)C(=O)N1CC[C@H](F)C1.Cl,<rdkit.Chem.rdchem.Mol object at 0x7f65257fece0>,3470.000000000001,4.459670525209126,3.3779000000000017,101.73,532.0000000000008,9,2,5,False
1263,CHEMBL397854,CN(C)C(=O)[C@@H](C1CCC(NS(=O)(=O)c2ccc(OC(F)(F)F)cc2)CC1)[C@H](N)C(=O)N1CC[C@H](F)C1.Cl,<rdkit.Chem.rdchem.Mol object at 0x7f6525744040>,1280.0,4.892790030352131,2.4462000000000006,122.04,589.0520000000014,11,2,6,False
1265,CHEMBL246170,CN(C)C(=O)[C@@H](C1CCC(NS(=O)(=O)c2ccc(F)cc2F)CC1)[C@H](N)C(=O)N1CC[C@H](F)C1.Cl,<rdkit.Chem.rdchem.Mol object at 0x7f6525744120>,509.9999999999999,5.292429823902064,1.8257999999999996,112.80999999999999,541.0360000000012,10,2,5,False
1271,CHEMBL437379,C[C@@H](c1ccc(N(C)C(=O)c2ccc(F)cc2)cc1)[C@H](N)C(=O)N1CC[C@H](F)C1.O=C(O)C(F)(F)F,<rdkit.Chem.rdchem.Mol object at 0x7f65257443c0>,300.0,5.522878745280337,3.7368000000000015,103.94000000000001,515.4789999999998,8,2,5,False
1272,CHEMBL245969,CN(C)C(=O)[C@@H](c1ccc(N(C)C(=O)c2ccc(F)cc2)cc1)[C@H](N)C(=O)N1CC[C@H](F)C1.O=C(O)C(F)(F)F,<rdkit.Chem.rdchem.Mol object at 0x7f6525744430>,159.99999999999994,5.795880017344075,2.8051000000000004,124.25000000000001,572.5310000000014,10,2,6,False
1273,CHEMBL396168,Cc1ccc(C(=O)N(C)c2ccc([C@H](C(=O)N(C)C)[C@H](N)C(=O)N3CC[C@H](F)C3)cc2)cc1.O=C(O)C(F)(F)F,<rdkit.Chem.rdchem.Mol object at 0x7f65257444a0>,25.0,6.6020599913279625,2.9744200000000003,124.25000000000001,568.5680000000016,11,2,6,False
1274,CHEMBL429653,Cc1ccc(S(=O)(=O)N(C)c2ccc([C@H](C(=O)N(C)C)[C@H](N)C(=O)N3CC[C@H](F)C3)cc2)cc1.O=C(O)C(F)(F)F,<rdkit.Chem.rdchem.Mol object at 0x7f6525744510>,430.0,5.366531544420414,2.52292,141.32,604.6230000000016,12,2,7,False
1275,CHEMBL245772,CN(C)C(=O)[C@@H](c1ccc(NS(=O)(=O)c2ccccc2)cc1)[C@H](N)C(=O)N1CC[C@H](F)C1.O=C(O)C(F)(F)F,<rdkit.Chem.rdchem.Mol object at 0x7f6525744580>,870.0,5.060480747381382,2.1901999999999995,150.10999999999999,576.5690000000014,10,3,7,False
1285,CHEMBL250999,N[C@@H](CC(=O)N1CCn2nc(C(F)(F)F)nc2[C@H]1Cc1ccc(C(F)(F)F)cc1)Cc1cc(F)c(F)cc1F,<rdkit.Chem.rdchem.Mol object at 0x7f65257449e0>,4.0,7.397940008672037,4.819100000000003,77.04,565.440000000001,7,1,5,False
1286,CHEMBL401304,N[C@@H](CC(=O)N1CCn2nc(C(F)(F)F)nc2[C@H]1Cc1ccc(F)cc1)Cc1cc(F)c(F)cc1F,<rdkit.Chem.rdchem.Mol object at 0x7f6525744a50>,4.0,7.397940008672037,3.9394000000000027,77.04,515.4330000000001,7,1,5,False
1293,CHEMBL250285,Cn1c(C(F)(F)F)nc2c1CCN(C(=O)C[C@H](N)Cc1cc(F)c(F)cc1F)C2Cc1ccc(F)cc1,<rdkit.Chem.rdchem.Mol object at 0x7f6525744d60>,780.0000000000001,5.107905397309519,4.6239000000000035,64.15,528.4720000000008,8,1,4,False
1294,CHEMBL250284,Cn1c(C(F)(F)F)nc2c1CCN(C(=O)C[C@H](N)Cc1cc(F)c(F)cc1F)C2Cc1ccccc1,<rdkit.Chem.rdchem.Mol object at 0x7f6525744dd0>,570.0000000000002,5.2441251443275085,4.4848000000000035,64.15,510.48199999999986,8,1,4,False
1353,CHEMBL557176,Cl.N[C@@H](CC(=O)N1CCn2c(nnc2C(F)(F)F)C1Cc1ccccn1)Cc1cc(F)c(F)cc1F,<rdkit.Chem.rdchem.Mol object at 0x7f65257467a0>,131.99999999999997,5.87942606879415,3.6171000000000024,89.93,534.8920000000011,7,1,6,False
1354,CHEMBL536312,Cl.N[C@@H](CC(=O)N1CCn2c(nnc2C(F)(F)F)C1Cc1cc(C(F)(F)F)cc(C(F)(F)F)c1)Cc1cc(F)c(F)cc1F,<rdkit.Chem.rdchem.Mol object at 0x7f6525746810>,587.0000000000002,5.231361898752385,6.259700000000004,77.04,669.8980000000008,7,1,5,False
1355,CHEMBL536536,Cl.N[C@@H](CC(=O)N1CCn2c(nnc2C(F)(F)F)C1C(O)c1ccc(F)cc1)Cc1cc(F)c(F)cc1F,<rdkit.Chem.rdchem.Mol object at 0x7f6525746880>,23.13593103863102,6.635713018887061,3.8521000000000027,97.27000000000001,567.893000000001,8,2,6,False
1356,CHEMBL1203953,Cl.N[C@@H](CC(=O)N1CCn2c(nnc2C(F)(F)F)[C@H]1Cc1ccc(F)cc1)Cc1cc(F)c(F)cc1F,<rdkit.Chem.rdchem.Mol object at 0x7f65257468f0>,0.18,8.744727494896694,4.361200000000004,77.04,551.8940000000011,7,1,5,False
1357,CHEMBL559371,Cl.N[C@@H](CC(=O)N1CCn2c(nnc2C(F)(F)F)[C@@H]1Cc1ccc(F)cc1)Cc1cc(F)c(F)cc1F,<rdkit.Chem.rdchem.Mol object at 0x7f6525746960>,116.0,5.935542010773082,4.361200000000004,77.04,551.8940000000011,7,1,5,False
1358,CHEMBL540888,Cl.N[C@@H](CC(=O)N1CCn2c(nnc2C(F)(F)F)C1Cc1ccccc1F)Cc1cc(F)c(F)cc1F,<rdkit.Chem.rdchem.Mol object at 0x7f65257469d0>,130.99999999999994,5.882728704344236,4.361200000000004,77.04,551.8940000000011,7,1,5,False
1359,CHEMBL536090,Cl.N[C@@H](CC(=O)N1CCn2c(nnc2C(F)(F)F)C1Cc1ccccc1C(F)(F)F)Cc1cc(F)c(F)cc1F,<rdkit.Chem.rdchem.Mol object at 0x7f6525746a40>,438.0000000000001,5.3585258894959,5.2409000000000034,77.04,601.9010000000011,7,1,5,False
1360,CHEMBL539352,COc1ccc(CC2c3nnc(C(F)(F)F)n3CCN2C(=O)C[C@H](N)Cc2cc(F)c(F)cc2F)cc1.Cl,<rdkit.Chem.rdchem.Mol object at 0x7f6525746ab0>,319.99999999999994,5.494850021680094,4.230700000000004,86.27000000000001,563.9300000000012,9,1,6,False
1361,CHEMBL539350,Cl.N[C@@H](CC(=O)N1CCn2c(nnc2C(F)(F)F)C1Cc1ccccc1)Cc1cc(F)c(F)cc1F,<rdkit.Chem.rdchem.Mol object at 0x7f6525746b20>,139.99999999999994,5.853871964321762,4.222100000000004,77.04,533.9040000000011,7,1,5,False
1362,CHEMBL556979,CN(C)C(=O)CC1c2nnc(C(F)(F)F)n2CCN1C(=O)C[C@H](N)Cc1cc(F)c(F)cc1F.Cl,<rdkit.Chem.rdchem.Mol object at 0x7f6525746b90>,377.00000000000006,5.423658649794207,2.4577000000000004,97.35000000000001,528.8850000000007,9,1,6,False
1364,CHEMBL536999,Cl.N[C@@H](CC(=O)N1CCn2c(nnc2C(F)(F)F)C1CC(F)(F)F)Cc1cc(F)c(F)cc1F,<rdkit.Chem.rdchem.Mol object at 0x7f6525746c70>,122.99999999999994,5.910094888560602,3.9318000000000026,77.04,525.8030000000006,6,1,5,False
1407,CHEMBL404079,CS(=O)(=O)c1ccc(-c2noc([C@H](CC3CC3)[C@H](N)C(F)=C3CCCC3)n2)c(Cl)c1.O=C(O)C(F)(F)F,<rdkit.Chem.rdchem.Mol object at 0x7f6525747f40>,12.0,6.920818753952375,5.435400000000005,136.38,567.9890000000013,9,2,8,False
1408,CHEMBL402163,CS(=O)(=O)c1ccc(-c2noc([C@@H](CC3CC3)[C@H](N)C(F)=C3CCCC3)n2)c(Cl)c1.O=C(O)C(F)(F)F,<rdkit.Chem.rdchem.Mol object at 0x7f65256f0040>,0.21,8.67778070526608,5.435400000000005,136.38,567.9890000000013,9,2,8,False
1409,CHEMBL255591,CS(=O)(=O)c1ccc(-c2noc([C@H](CCO)[C@H](N)C(F)=C3CCCC3)n2)c(Cl)c1.O=C(O)C(F)(F)F,<rdkit.Chem.rdchem.Mol object at 0x7f65256f00b0>,93.0,6.031517051446065,4.017700000000002,156.60999999999999,557.9500000000013,10,3,9,False
1410,CHEMBL445674,CS(=O)(=O)c1ccc(-c2noc([C@@H](CCO)[C@H](N)C(F)=C3CCCC3)n2)c(Cl)c1.O=C(O)C(F)(F)F,<rdkit.Chem.rdchem.Mol object at 0x7f65256f0120>,3.2,7.494850021680094,4.017700000000002,156.60999999999999,557.9500000000013,10,3,9,False
1411,CHEMBL1162974,CC(Cc1nc(-c2ccc(S(C)(=O)=O)cc2Cl)no1)C(F)=C1CCCC1.O=C(O)C(F)(F)F,<rdkit.Chem.rdchem.Mol object at 0x7f65256f0190>,21.0,6.6777807052660805,5.403000000000004,110.36,512.9089999999998,7,1,7,False
1412,CHEMBL429757,CCS(=O)(=O)c1ccc(-c2noc(C(C)[C@H](N)C(F)=C3CCCC3)n2)c(Cl)c1.O=C(O)C(F)(F)F,<rdkit.Chem.rdchem.Mol object at 0x7f65256f0200>,50.0,6.301029995663981,5.045300000000004,136.38,541.9510000000012,9,2,8,False
1413,CHEMBL257023,CC(c1nc(-c2ccc(S(C)(=O)=O)cc2Cl)no1)[C@H](N)C(F)=C1CCCC1.O=C(O)C(F)(F)F,<rdkit.Chem.rdchem.Mol object at 0x7f65256f0270>,7.5,7.1249387366083,4.6552000000000024,136.38,527.9240000000007,8,2,8,False
1414,CHEMBL256172,CC(c1nc(-c2ccc(NS(C)(=O)=O)cc2Cl)no1)[C@H](N)C(F)=C1CCCC1.O=C(O)C(F)(F)F,<rdkit.Chem.rdchem.Mol object at 0x7f65256f02e0>,57.0,6.2441251443275085,4.623200000000002,148.41,542.9390000000011,9,3,8,False
1415,CHEMBL401932,CC(c1nc(-c2ccc(S(=O)(=O)C(F)(F)F)cc2)no1)[C@H](N)C(F)=C1CCCC1.O=C(O)C(F)(F)F,<rdkit.Chem.rdchem.Mol object at 0x7f65256f0350>,1490.0,4.826813731587726,4.891800000000003,136.38,547.449000000001,7,2,8,False
1417,CHEMBL256603,CC(c1nc(-c2ccc(Br)cc2Cl)no1)[C@H](N)C(F)=C1CCCC1.O=C(O)C(F)(F)F,<rdkit.Chem.rdchem.Mol object at 0x7f65256f0430>,645.0,5.1904402853647325,6.014200000000002,102.24,528.7280000000007,6,2,6,False
1418,CHEMBL255351,CC(c1nc(-c2ccc(C(F)(F)F)cc2Cl)no1)[C@H](N)C(F)=C1CCCC1.O=C(O)C(F)(F)F,<rdkit.Chem.rdchem.Mol object at 0x7f65256f04a0>,525.0,5.279840696594043,6.270500000000003,102.24,517.8290000000002,6,2,6,False
1419,CHEMBL437026,CC(c1nc(-c2ccc(Cl)cc2Cl)no1)[C@H](N)C(F)=C1CCCC1.O=C(O)C(F)(F)F,<rdkit.Chem.rdchem.Mol object at 0x7f65256f0510>,1165.0,4.933674074637962,5.905100000000003,102.24,484.2769999999998,6,2,6,False
1420,CHEMBL437206,C[C@H](c1nc(-c2ccc(S(C)(=O)=O)cc2Cl)no1)[C@H](N)C(=O)N1CCCC1.O=C(O)C(F)(F)F,<rdkit.Chem.rdchem.Mol object at 0x7f65256f0580>,17.0,6.769551078621726,2.4800000000000004,156.69,526.9210000000006,8,2,9,False
1519,CHEMBL488810,CC(C)(CNC(=O)C(c1ccc(Cl)cc1)c1ccc(Cl)cc1)NCC(=O)N1C[C@@H](F)C[C@H]1C#N,<rdkit.Chem.rdchem.Mol object at 0x7f65256f30d0>,109.0,5.962573502059376,4.072280000000004,85.23,505.4209999999997,10,2,4,False
1532,CHEMBL488022,Cl.N[C@@H](CC(=O)N1N=CCC1C(=O)Nc1ccc(OCC(=O)O)cc1)Cc1cc(F)c(F)cc1F,<rdkit.Chem.rdchem.Mol object at 0x7f65256f3680>,510.0,5.292429823902063,2.4744,134.32,514.888,10,3,7,False
1533,CHEMBL488027,Cl.N[C@@H](CC(=O)N1N=CCC1C(=O)Nc1cccc(OCC(=O)O)c1)Cc1cc(F)c(F)cc1F,<rdkit.Chem.rdchem.Mol object at 0x7f65256f36f0>,4300.0,4.366531544420414,2.4744,134.32,514.888,10,3,7,False
1534,CHEMBL488713,Cl.N[C@@H](CC(=O)N1N=CCC1C(=O)Nc1ccccc1OCC(=O)O)Cc1cc(F)c(F)cc1F,<rdkit.Chem.rdchem.Mol object at 0x7f65256f3760>,8500.0,4.070581074285707,2.4744,134.32,514.888,10,3,7,False
1535,CHEMBL488714,CC(C)[C@H](Oc1ccc(NC(=O)C2CC=NN2C(=O)C[C@H](N)Cc2cc(F)c(F)cc2F)cc1)C(=O)O.Cl,<rdkit.Chem.rdchem.Mol object at 0x7f65256f37d0>,2700.0,4.568636235841013,3.499000000000002,134.32,556.9690000000013,13,3,7,False
1536,CHEMBL528328,CC(C)[C@@H](Oc1ccc(NC(=O)C2CC=NN2C(=O)C[C@H](N)Cc2cc(F)c(F)cc2F)cc1)C(=O)O.Cl,<rdkit.Chem.rdchem.Mol object at 0x7f65256f3840>,2200.0,4.657577319177793,3.499000000000002,134.32,556.9690000000013,13,3,7,False
1538,CHEMBL488909,Cl.N[C@@H](CC(=O)N1N=CCC1C(=O)NCc1cccc(OCC(=O)O)c1)Cc1cc(F)c(F)cc1F,<rdkit.Chem.rdchem.Mol object at 0x7f65256f3920>,2800.0,4.552841968657781,2.1521,134.32,528.9150000000008,11,3,7,False
1539,CHEMBL488908,Cl.N[C@@H](CC(=O)N1N=CCC1C(=O)NCc1ccc(OCC(=O)O)cc1)Cc1cc(F)c(F)cc1F,<rdkit.Chem.rdchem.Mol object at 0x7f65256f3990>,2500.0,4.6020599913279625,2.1521,134.32,528.9150000000008,11,3,7,False
1542,CHEMBL479536,CCOC(=O)[C@H](Oc1ccc(NC(=O)C2CC=NN2C(=O)C[C@H](N)Cc2cc(F)c(F)cc2F)cc1)C(C)C.Cl,<rdkit.Chem.rdchem.Mol object at 0x7f65256f3ae0>,3600.0,4.443697499232712,3.977500000000003,123.31999999999998,585.0230000000015,15,2,7,False
1543,CHEMBL516747,CCOC(=O)[C@@H](Oc1ccc(NC(=O)C2CC=NN2C(=O)C[C@H](N)Cc2cc(F)c(F)cc2F)cc1)C(C)C.Cl,<rdkit.Chem.rdchem.Mol object at 0x7f65256f3b50>,2600.0,4.585026652029182,3.977500000000003,123.31999999999998,585.0230000000015,15,2,7,False
1544,CHEMBL512013,CCOC(=O)COc1ccccc1NC(=O)C1CC=NN1C(=O)C[C@H](N)Cc1cc(F)c(F)cc1F.Cl,<rdkit.Chem.rdchem.Mol object at 0x7f65256f3bc0>,4800.0,4.318758762624412,2.9529,123.31999999999998,542.9420000000011,12,2,7,False
1545,CHEMBL472200,CCOC(=O)COc1cccc(NC(=O)C2CC=NN2C(=O)C[C@H](N)Cc2cc(F)c(F)cc2F)c1.Cl,<rdkit.Chem.rdchem.Mol object at 0x7f65256f3c30>,1900.0,4.721246399047171,2.952900000000001,123.31999999999998,542.9420000000013,12,2,7,False
1546,CHEMBL472199,CCOC(=O)COc1ccc(NC(=O)C2CC=NN2C(=O)C[C@H](N)Cc2cc(F)c(F)cc2F)cc1.Cl,<rdkit.Chem.rdchem.Mol object at 0x7f65256f3ca0>,690.0,5.161150909262744,2.952900000000001,123.31999999999998,542.9420000000013,12,2,7,False
1547,CHEMBL472381,Cl.N[C@@H](CC(=O)N1N=CCC1C(=O)Nc1ccc(S(=O)(=O)O)cc1)Cc1cc(F)c(F)cc1F,<rdkit.Chem.rdchem.Mol object at 0x7f65256f3d10>,8900.0,4.050609993355087,2.2577000000000007,142.16,520.9170000000004,9,3,7,False
1548,CHEMBL471515,Cl.N[C@@H](CC(=O)N1N=CCC1C(=O)Nc1ccc(S(N)(=O)=O)cc1)Cc1cc(F)c(F)cc1F,<rdkit.Chem.rdchem.Mol object at 0x7f65256f3d80>,9100.0,4.040958607678906,1.6584000000000003,147.95,519.9330000000002,9,3,6,False
1549,CHEMBL471343,Cl.N[C@@H](CC(=O)N1N=CCC1C(=O)Nc1ccc(N2CCOCC2)cc1)Cc1cc(F)c(F)cc1F,<rdkit.Chem.rdchem.Mol object at 0x7f65256f3df0>,1600.0,4.795880017344075,2.8476000000000017,100.26,525.9590000000005,8,2,6,False
1550,CHEMBL518296,CCOC(=O)COc1cccc(CNC(=O)C2CC=NN2C(=O)C[C@H](N)Cc2cc(F)c(F)cc2F)c1.Cl,<rdkit.Chem.rdchem.Mol object at 0x7f65256f3e60>,2000.0,4.698970004336019,2.6306000000000007,123.31999999999998,556.9690000000013,13,2,7,False
1551,CHEMBL456885,CCOC(=O)COc1ccc(CNC(=O)C2CC=NN2C(=O)C[C@H](N)Cc2cc(F)c(F)cc2F)cc1.Cl,<rdkit.Chem.rdchem.Mol object at 0x7f65256f3ed0>,2100.0,4.6777807052660805,2.6306000000000007,123.31999999999998,556.9690000000013,13,2,7,False
1552,CHEMBL459881,Cl.N[C@@H](CC(=O)N1N=CCC1C(=O)NCc1ccc(S(N)(=O)=O)cc1)Cc1cc(F)c(F)cc1F,<rdkit.Chem.rdchem.Mol object at 0x7f65256f3f40>,3100.0,4.508638306165727,1.3361000000000005,147.95,533.9600000000011,10,3,6,False
1556,CHEMBL460951,CCOC(=O)c1ccc(NC(=O)C2CC=NN2C(=O)C[C@H](N)Cc2cc(F)c(F)cc2F)cc1.Cl,<rdkit.Chem.rdchem.Mol object at 0x7f65256d0190>,770.0,5.113509274827518,3.187700000000001,114.08999999999999,512.9159999999997,10,2,6,False
1558,CHEMBL459882,COC(=O)c1ccc(CNC(=O)C2CC=NN2C(=O)C[C@H](N)Cc2cc(F)c(F)cc2F)cc1.Cl,<rdkit.Chem.rdchem.Mol object at 0x7f65256d0270>,3000.0,4.522878745280337,2.4753000000000003,114.08999999999999,512.9159999999997,10,2,6,False
1561,CHEMBL460950,COC(=O)Cc1ccc(OC(=O)C2CC=NN2C(=O)C[C@H](N)Cc2cc(F)c(F)cc2F)cc1.Cl,<rdkit.Chem.rdchem.Mol object at 0x7f65256d03c0>,1900.0,4.721246399047171,2.693400000000001,111.29,513.8999999999999,10,1,7,False
1562,CHEMBL460949,CCOC(=O)c1ccc(OC(=O)C2CC=NN2C(=O)C[C@H](N)Cc2cc(F)c(F)cc2F)cc1.Cl,<rdkit.Chem.rdchem.Mol object at 0x7f65256d0430>,1600.0,4.795880017344075,3.1546000000000016,111.29,513.8999999999999,10,1,7,False
1564,CHEMBL452326,COC(=O)c1ccc(COC(=O)C2CC=NN2C(=O)C[C@H](N)Cc2cc(F)c(F)cc2F)cc1.Cl,<rdkit.Chem.rdchem.Mol object at 0x7f65256d0510>,2700.0,4.568636235841013,2.9023000000000008,111.29,513.8999999999999,10,1,7,False
1597,CHEMBL470356,COc1ccc2nc(C3(NC(=O)C[C@H](N)Cc4cc(F)c(F)cc4F)CCS(=O)(=O)CC3)sc2c1,<rdkit.Chem.rdchem.Mol object at 0x7f65256d1380>,2.7,7.568636235841012,3.2024000000000017,111.38,527.5900000000006,9,2,7,False
1598,CHEMBL470357,COc1ccc2sc(C3(NC(=O)C[C@H](N)Cc4cc(F)c(F)cc4F)CCS(=O)(=O)CC3)nc2c1,<rdkit.Chem.rdchem.Mol object at 0x7f65256d13f0>,3.3,7.481486060122113,3.2024000000000017,111.37999999999998,527.5900000000006,9,2,7,False
1604,CHEMBL471834,COCCOc1ccc2nc(C3(NC(=O)C[C@H](N)Cc4cc(F)c(F)cc4F)CCS(=O)(=O)CC3)sc2c1,<rdkit.Chem.rdchem.Mol object at 0x7f65256d1690>,1.0,8.0,3.219000000000001,120.60999999999999,571.6430000000012,12,2,8,False
1605,CHEMBL470164,COCCOc1ccc2nc(C3(NC(=O)C[C@H](N)Cc4cc(F)c(F)cc4F)CCOCC3)sc2c1,<rdkit.Chem.rdchem.Mol object at 0x7f65256d1700>,3.6,7.443697499232712,3.820800000000002,95.7,523.5770000000003,12,2,7,False
1606,CHEMBL512651,COCCOc1ccc2nc(C3(NC(=O)C[C@H](N)Cc4cc(Cl)ccc4F)CCS(=O)(=O)CC3)sc2c1,<rdkit.Chem.rdchem.Mol object at 0x7f65256d1770>,0.64,8.193820026016112,3.5942000000000025,120.60999999999999,570.1080000000013,12,2,8,False
1607,CHEMBL469317,COCCOc1ccc2nc(C3(NC(=O)C[C@H](N)Cc4cc(Cl)ccc4F)CCOCC3)sc2c1,<rdkit.Chem.rdchem.Mol object at 0x7f65256d17e0>,1.9,7.721246399047171,4.196000000000002,95.7,522.0420000000003,12,2,7,False
1608,CHEMBL504021,N[C@@H](CC(=O)NC1(c2nc3ccc(OCCN4CCOCC4)cc3s2)CCS(=O)(=O)CC1)Cc1cc(F)c(F)cc1F,<rdkit.Chem.rdchem.Mol object at 0x7f65256d1850>,0.79,8.102372908709558,2.9048000000000016,123.85,626.7230000000015,11,2,9,False
1612,CHEMBL475662,C[C@H](CC(=O)N1CCn2c(nnc2C(F)(F)F)C1)[C@H](N)C(=O)N1CCC[C@H]1C#N.O=C(O)C(F)(F)F,<rdkit.Chem.rdchem.Mol object at 0x7f65256d1a10>,7.999999999999998,7.096910013008056,1.1404800000000006,158.44,527.4260000000007,6,2,9,False
1613,CHEMBL474002,CC[C@H](CC(=O)N1CCn2c(nnc2C(F)(F)F)C1)[C@H](N)C(=O)N1CCC[C@H]1C#N.O=C(O)C(F)(F)F,<rdkit.Chem.rdchem.Mol object at 0x7f65256d1a80>,31.0,6.508638306165727,1.5305800000000007,158.44,541.4530000000012,7,2,9,False
1614,CHEMBL474003,CC(C)(CC(=O)N1CCn2c(nnc2C(F)(F)F)C1)[C@H](N)C(=O)N1CCC[C@H]1C#N.O=C(O)C(F)(F)F,<rdkit.Chem.rdchem.Mol object at 0x7f65256d1af0>,12.0,6.920818753952375,1.5305800000000007,158.44,541.4530000000012,7,2,9,False
1615,CHEMBL475169,CC(C)(CC(=O)N1CCn2nc(C(F)(F)F)nc2C1)[C@H](N)C(=O)N1CCC[C@H]1C#N.O=C(O)C(F)(F)F,<rdkit.Chem.rdchem.Mol object at 0x7f65256d1b60>,31.0,6.508638306165727,1.5305800000000007,158.44,541.4530000000012,7,2,9,False
1624,CHEMBL494147,COc1cc2c(cc1OC)C(C(C)C)N(C(=O)CC[C@H](N)C(=O)N1CCC[C@H]1C#N)CC2.O=C(O)C(F)(F)F,<rdkit.Chem.rdchem.Mol object at 0x7f65256d1f50>,35.0,6.455931955649724,3.040980000000001,146.19,556.5820000000016,12,2,8,False
1625,CHEMBL494339,N#C[C@@H]1CCCN1C(=O)[C@@H](N)CCC(=O)N1CCc2nc(-c3ccc(F)cc3)sc2C1.O=C(O)C(F)(F)F,<rdkit.Chem.rdchem.Mol object at 0x7f65256d1fc0>,40.0,6.3979400086720375,3.0892800000000014,140.61999999999998,555.5540000000012,6,2,8,False
1628,CHEMBL492733,N#C[C@@H]1CCCN1C(=O)[C@@H](N)CCC(=O)N1CCn2c(nnc2C(F)(F)F)C1.O=C(O)C(F)(F)F,<rdkit.Chem.rdchem.Mol object at 0x7f65256d2110>,5.0,7.301029995663981,0.8944799999999988,158.43999999999997,513.3989999999998,5,2,9,False
1629,CHEMBL474047,N#C[C@@H]1CCCN1C(=O)[C@@H](N)CCC(=O)N1CCn2nc(C(F)(F)F)nc2C1.O=C(O)C(F)(F)F,<rdkit.Chem.rdchem.Mol object at 0x7f65256d2180>,9.0,7.045757490560675,0.8944799999999988,158.43999999999997,513.3989999999998,5,2,9,False
1630,CHEMBL474048,N#C[C@@H]1CCCN1C(=O)[C@@H](N)CCC(=O)N1CCn2cc(C(F)(F)F)nc2C1.O=C(O)C(F)(F)F,<rdkit.Chem.rdchem.Mol object at 0x7f65256d21f0>,6.0,7.221848749616356,1.499479999999999,145.54999999999998,512.4109999999997,5,2,8,False
1638,CHEMBL474808,N#C[C@@H]1CCCN1C(=O)[C@@H](N)CCC(=O)N1CCN(C(=O)C(F)(F)F)CC1.O=C(O)C(F)(F)F,<rdkit.Chem.rdchem.Mol object at 0x7f65256d2570>,8.0,7.096910013008056,0.4748799999999999,148.03999999999996,503.3999999999997,5,2,7,False
1664,CHEMBL518144,N#C[C@@H]1C[C@H](N=[N+]=[N-])CN1C(=O)[C@@H](N)CCCCN(c1cccc2ccccc12)c1cccc2ccccc12,<rdkit.Chem.rdchem.Mol object at 0x7f65256d30d0>,2500.0,4.6020599913279625,6.432080000000005,122.11999999999998,517.6370000000002,10,1,5,False
1718,CHEMBL519591,C[C@@H](c1nc(-c2ccc(Cl)cc2Cl)no1)[C@H](N)Cc1cc(F)c(F)cc1F,<rdkit.Chem.rdchem.Mol object at 0x7f6525720900>,600.0,5.221848749616356,5.1342000000000025,64.94,416.22999999999985,7,1,4,False
1734,CHEMBL481897,Cc1ccc(S(=O)(=O)N2CCCN(C(=O)C[C@H](N)Cc3cc(F)c(F)cc3F)CC2)cc1.Cl,<rdkit.Chem.rdchem.Mol object at 0x7f6525721000>,350.0,5.455931955649724,3.0172200000000022,83.71000000000001,505.9899999999997,8,1,4,False
1736,CHEMBL482071,Cl.N[C@@H](CC(=O)N1CCCN(S(=O)(=O)c2ccc([N+](=O)[O-])cc2)CC1)Cc1cc(F)c(F)cc1F,<rdkit.Chem.rdchem.Mol object at 0x7f65257210e0>,405.0,5.392544976785332,2.617000000000001,126.85000000000002,536.9600000000013,8,1,6,False
1742,CHEMBL474630,Cl.N[C@@H](CC(=O)N1CCCN(S(=O)(=O)c2ccc(C(=O)O)cc2)CC1)Cc1cc(F)c(F)cc1F,<rdkit.Chem.rdchem.Mol object at 0x7f6525721380>,239.0,5.621602099051862,2.407000000000001,121.01,535.9720000000012,8,2,6,False
1743,CHEMBL474631,Cl.N[C@@H](CC(=O)N1CCCN(C(=O)Nc2ccc(C(=O)O)cc2)CC1)Cc1cc(F)c(F)cc1F,<rdkit.Chem.rdchem.Mol object at 0x7f65257213f0>,788.0,5.103473782510445,3.250200000000002,115.97000000000001,514.9319999999999,7,3,5,False
1745,CHEMBL474812,Cl.N[C@@H](CC(=O)N1CCCN(C(=O)c2ccc(S(N)(=O)=O)cc2)CC1)Cc1cc(F)c(F)cc1F,<rdkit.Chem.rdchem.Mol object at 0x7f65257214d0>,288.0,5.540607512240769,1.8077,126.80000000000001,534.9880000000011,8,2,5,False
1746,CHEMBL474813,Cl.N[C@@H](CC(=O)N1CCCN(C(=O)c2ccc(C(=O)O)nc2)CC1)Cc1cc(F)c(F)cc1F,<rdkit.Chem.rdchem.Mol object at 0x7f6525721540>,150.0,5.823908740944319,2.2535,116.83000000000001,500.90499999999975,7,2,6,False
1748,CHEMBL475655,Cl.N[C@@H](CC(=O)N1CCCN(C(=O)c2cncc(C(=O)O)c2)CC1)Cc1cc(F)c(F)cc1F,<rdkit.Chem.rdchem.Mol object at 0x7f6525721620>,67.0,6.173925197299173,2.2535,116.83000000000003,500.9049999999998,7,2,6,False
1773,CHEMBL226335,C[C@@H]1O[C@@H](OC[C@H]2O[C@@H](Oc3c(-c4ccc(O)c(O)c4)oc4cc(O)cc(O)c4c3=O)[C@H](O)[C@@H](O)[C@@H]2O)[C@H](O)[C@H](O)[C@H]1O,<rdkit.Chem.rdchem.Mol object at 0x7f6525722110>,145000.0,2.838631997765025,-1.6871000000000003,269.42999999999995,610.5210000000015,17,10,16,False
1774,CHEMBL485818,O=C(O)[C@H]1O[C@@H](Oc2cc3oc(-c4ccccc4)cc(=O)c3c(O)c2O)[C@H](O)[C@@H](O)[C@@H]1O,<rdkit.Chem.rdchem.Mol object at 0x7f6525722180>,225000.0,2.6478174818886373,0.14219999999999955,187.11999999999998,446.3639999999999,9,6,11,False
1823,CHEMBL445949,CC(C)[C@H](Oc1ccc(CNC(=O)[C@@H]2CCCN2C(=O)C[C@H](N)Cc2cc(F)ccc2F)cc1)C(=O)O.O=C(O)C(F)(F)F,<rdkit.Chem.rdchem.Mol object at 0x7f65257236f0>,0.48,8.318758762624412,3.6534000000000004,159.26,631.5950000000017,14,4,8,False
1825,CHEMBL459807,COc1ccccc1N1CCc2nc(C)c(CN)c(-c3ccc(Cl)cc3Cl)c2C1=O,<rdkit.Chem.rdchem.Mol object at 0x7f65257237d0>,2.28,7.642065152999546,5.034020000000004,68.44999999999999,442.3459999999997,7,1,4,False
1887,CHEMBL562388,N[C@H]1Cn2c(nc3ncccc32)C[C@@H]1c1cc(F)c(F)cc1F.O=C(O)C(F)(F)F.O=C(O)C(F)(F)F,<rdkit.Chem.rdchem.Mol object at 0x7f6525705380>,24.000000000000004,6.619788758288394,3.7824000000000018,131.33,546.3460000000008,2,3,8,False
1888,CHEMBL541438,N[C@H]1Cn2c(nc3cnc(C(F)(F)F)cc32)C[C@@H]1c1cc(F)c(F)cc1F.O=C(O)C(F)(F)F.O=C(O)C(F)(F)F,<rdkit.Chem.rdchem.Mol object at 0x7f65257053f0>,32.0,6.494850021680094,4.8012000000000015,131.33,614.3430000000008,2,3,8,False
1889,CHEMBL557514,Cc1cc2c(cn1)nc1n2C[C@H](N)[C@@H](c2cc(F)c(F)cc2F)C1.O=C(O)C(F)(F)F.O=C(O)C(F)(F)F,<rdkit.Chem.rdchem.Mol object at 0x7f6525705460>,23.0,6.638272163982407,4.090820000000002,131.33,560.373000000001,3,3,8,False
1890,CHEMBL557447,N[C@H]1Cn2c(nc3cnc(Cl)cc32)C[C@@H]1c1cc(F)c(F)cc1F.O=C(O)C(F)(F)F.O=C(O)C(F)(F)F,<rdkit.Chem.rdchem.Mol object at 0x7f65257054d0>,15.0,6.823908740944319,4.435800000000001,131.33,580.7910000000008,2,3,8,False
1891,CHEMBL559477,N[C@H]1Cn2c(nc3cnc(F)cc32)C[C@@H]1c1cc(F)c(F)cc1F.O=C(O)C(F)(F)F.O=C(O)C(F)(F)F,<rdkit.Chem.rdchem.Mol object at 0x7f6525705540>,23.0,6.638272163982407,3.9215000000000018,131.33,564.3360000000008,2,3,8,False
1893,CHEMBL562188,N[C@H]1Cn2c(nc3cnccc32)C[C@@H]1c1cc(F)c(F)cc1F.O=C(O)C(F)(F)F.O=C(O)C(F)(F)F,<rdkit.Chem.rdchem.Mol object at 0x7f6525705620>,15.999999999999998,6.795880017344075,3.7824000000000018,131.33,546.3460000000008,2,3,8,False
1894,CHEMBL549502,N[C@H]1Cn2c(nc3ccncc32)C[C@@H]1c1cc(F)c(F)cc1F.O=C(O)C(F)(F)F.O=C(O)C(F)(F)F,<rdkit.Chem.rdchem.Mol object at 0x7f6525705690>,51.0,6.292429823902063,3.7824000000000018,131.33,546.3460000000008,2,3,8,False
1895,CHEMBL560926,N[C@H]1Cn2c(nc3cccnc32)C[C@@H]1c1cc(F)c(F)cc1F.O=C(O)C(F)(F)F.O=C(O)C(F)(F)F,<rdkit.Chem.rdchem.Mol object at 0x7f6525705700>,329.0,5.482804102050026,3.7824000000000018,131.33,546.3460000000008,2,3,8,False
1897,CHEMBL561793,CS(=O)(=O)Nc1ccc2c(c1)nc1n2C[C@H](N)[C@@H](c2cc(F)c(F)cc2F)C1.O=C(O)C(F)(F)F,<rdkit.Chem.rdchem.Mol object at 0x7f65257057e0>,7.1,7.1487416512809245,3.1256000000000013,127.31000000000002,524.4430000000006,5,3,7,False
1898,CHEMBL560729,CN(C)C(=O)c1ccc2c(c1)nc1n2C[C@H](N)[C@@H](c2cc(F)c(F)cc2F)C1.O=C(O)C(F)(F)F,<rdkit.Chem.rdchem.Mol object at 0x7f6525705850>,52.0,6.2839966563652006,3.4559000000000006,101.45,502.41499999999974,5,2,6,False
1900,CHEMBL549645,CS(=O)(=O)c1ccc2nc3n(c2c1)C[C@H](N)[C@@H](c1cc(F)c(F)cc1F)C3.O=C(O)C(F)(F)F,<rdkit.Chem.rdchem.Mol object at 0x7f6525705930>,56.0,6.251811972993799,3.1576000000000013,115.28000000000002,509.4279999999998,4,2,7,False
1901,CHEMBL560192,CCS(=O)(=O)c1ccc2c(c1)nc1n2C[C@H](N)[C@@H](c2cc(F)c(F)cc2F)C1.O=C(O)C(F)(F)F,<rdkit.Chem.rdchem.Mol object at 0x7f65257059a0>,8.0,7.096910013008056,3.5477000000000016,115.28000000000002,523.4550000000005,5,2,7,False
1902,CHEMBL559940,CS(=O)(=O)c1ccc2c(c1)nc1n2C[C@H](N)[C@@H](c2cc(F)c(F)cc2F)C1.O=C(O)C(F)(F)F,<rdkit.Chem.rdchem.Mol object at 0x7f6525705a10>,11.000000000000002,6.958607314841775,3.1576000000000013,115.28000000000002,509.4279999999998,4,2,7,False
1906,CHEMBL563155,N[C@H]1Cn2c(nc3ccc(OC(F)(F)F)cc32)C[C@@H]1c1cc(F)c(F)cc1F.O=C(O)C(F)(F)F,<rdkit.Chem.rdchem.Mol object at 0x7f6525705bd0>,53.0,6.275724130399211,4.652700000000002,90.37000000000002,515.3320000000001,3,2,6,False
1956,CHEMBL1202085,COc1cc(N2CCN(CCNCC(=O)N3CCC[C@@H]3C#N)C2=O)cc(OC)c1OC.O=C(O)C(=O)O,<rdkit.Chem.rdchem.Mol object at 0x7f65257071b0>,165.6,5.780939667551139,0.2141800000000028,181.96999999999997,521.5270000000004,12,3,11,False
1986,CHEMBL567893,COC(=O)[C@@H]1CCCN1C(=O)[C@@H](Cc1ccccc1)N(C)C(=O)[C@H](C)NC(=O)[C@@H](NC(=O)C[C@H](O)[C@H](CC(C)C)NC(=O)[C@H](CC(N)=O)NC(=O)[C@H](CC(C)C)NC(=O)[C@H](OC(=O)[C@@H](OC(=O)[C@H](C(C)C)N(C)C)C(C)C)C(C)C)[C@@H](C)O,<rdkit.Chem.rdchem.Mol object at 0x7f6525707ed0>,10000.0,4.0,0.48519999999999347,351.81,1174.4450000000031,51,8,17,False
2065,CHEMBL1276682,N[C@@H](CC(=O)N1CCN2C(=O)N(Cc3ccc(F)cc3)CC2C1)Cc1cc(F)c(F)cc1F.O=C(O)/C=C/C(=O)O,<rdkit.Chem.rdchem.Mol object at 0x7f65256e61f0>,1236.0,4.907981529247203,2.3633,144.48000000000002,580.5350000000014,9,3,7,False
2067,CHEMBL1276620,CCN1CC2CN(C(=O)C[C@H](N)Cc3cc(F)c(F)cc3F)CCN2C1=O.O=C(O)/C=C/C(=O)O,<rdkit.Chem.rdchem.Mol object at 0x7f65256e62d0>,460.0,5.337242168318426,1.0439000000000014,144.48,500.47399999999976,9,3,7,False
2068,CHEMBL1275851,COc1ccc(CN2CC3CN(C(=O)C[C@H](N)Cc4cc(F)c(F)cc4F)CCN3C2=O)cc1.O=C(O)/C=C/C(=O)O,<rdkit.Chem.rdchem.Mol object at 0x7f65256e6340>,360.0,5.443697499232712,2.2327999999999992,153.71,592.5710000000015,11,3,8,False
2069,CHEMBL1276650,N[C@@H](CC(=O)N1CCN2C(=O)N(Cc3ccccc3)CC2C1)Cc1cc(F)c(F)cc1F.O=C(O)/C=C/C(=O)O,<rdkit.Chem.rdchem.Mol object at 0x7f65256e63b0>,300.0,5.522878745280337,2.2242,144.48000000000002,562.5450000000014,9,3,7,False
2070,CHEMBL1275853,COc1cccc(CN2CC3CN(C(=O)C[C@H](N)Cc4cc(F)c(F)cc4F)CCN3C2=O)c1.O=C(O)/C=C/C(=O)O,<rdkit.Chem.rdchem.Mol object at 0x7f65256e6420>,124.0,5.906578314837765,2.2327999999999997,153.71,592.5710000000015,11,3,8,False
2071,CHEMBL1275854,COc1cc(CN2CC3CN(C(=O)C[C@H](N)Cc4cc(F)c(F)cc4F)CCN3C2=O)cc(OC)c1.O=C(O)/C=C/C(=O)O,<rdkit.Chem.rdchem.Mol object at 0x7f65256e6490>,114.0,5.943095148663527,2.2414000000000005,162.94,622.5970000000015,13,3,9,False
2072,CHEMBL1275852,COc1ccccc1CN1CC2CN(C(=O)C[C@H](N)Cc3cc(F)c(F)cc3F)CCN2C1=O.O=C(O)/C=C/C(=O)O,<rdkit.Chem.rdchem.Mol object at 0x7f65256e6500>,101.0,5.995678626217358,2.2328,153.71,592.5710000000015,11,3,8,False
2078,CHEMBL1288289,CN(C)C(=O)Cn1c(=O)n(C)c(=O)c2c1cc(N1CCC[C@@](C)(N)C1)n2Cc1cc(F)ccc1Cl.Cl,<rdkit.Chem.rdchem.Mol object at 0x7f65256e67a0>,13.0,6.886056647693163,2.170100000000001,98.5,541.4550000000013,10,1,8,False
2079,CHEMBL1287844,Cl.Cn1c(=O)c2c(cc(N3CCC[C@@](C)(N)C3)n2Cc2cc(F)ccc2Cl)n(CCCO)c1=O,<rdkit.Chem.rdchem.Mol object at 0x7f65256e6810>,23.0,6.638272163982407,2.464300000000001,98.42000000000002,514.4289999999999,10,2,8,False
2080,CHEMBL1287845,CCOCCCn1c(=O)n(C)c(=O)c2c1cc(N1CCC[C@@](C)(N)C1)n2Cc1cc(F)ccc1Cl.Cl,<rdkit.Chem.rdchem.Mol object at 0x7f65256e6880>,122.0,5.913640169325252,3.508500000000002,87.41999999999999,542.4830000000013,12,1,8,False
2085,CHEMBL3216724,COC(=O)c1cccc(NC(=O)Cc2c(C)nc(CC(C)C)c(CN)c2-c2ccc(C)cc2)c1.Cl.Cl,<rdkit.Chem.rdchem.Mol object at 0x7f65256e6ab0>,3.7,7.431798275933005,5.834040000000007,94.30999999999999,532.5120000000009,14,2,5,False
2086,CHEMBL3216940,Cc1ccc(-c2c(CC(=O)Nc3cccc(C(=O)O)c3)c(C)nc(CC(C)C)c2CN)cc1.Cl.Cl,<rdkit.Chem.rdchem.Mol object at 0x7f65256e6b20>,19.0,6.721246399047171,5.745640000000007,105.31,518.4849999999999,13,3,5,False
2087,CHEMBL3216270,Cc1ccc(-c2c(CC(=O)Nc3cccc(C(N)=O)c3)c(C)nc(CC(C)C)c2CN)cc1.Cl.Cl,<rdkit.Chem.rdchem.Mol object at 0x7f65256e6b90>,8.1,7.091514981121351,5.146340000000006,111.1,517.5009999999999,13,3,4,False
2088,CHEMBL3215827,CC(=O)c1cccc(NC(=O)Cc2c(C)nc(CC(C)C)c(CN)c2-c2ccc(C)cc2)c1.Cl.Cl,<rdkit.Chem.rdchem.Mol object at 0x7f65256e6c00>,1.8,7.744727494896693,6.250040000000007,85.08,516.5129999999998,14,2,4,False
2089,CHEMBL3216271,COC(=O)c1ccccc1NC(=O)Cc1c(C)nc(CC(C)C)c(CN)c1-c1ccc(C)cc1.Cl.Cl,<rdkit.Chem.rdchem.Mol object at 0x7f65256e6c70>,19.0,6.721246399047171,5.834040000000007,94.30999999999999,532.5120000000009,14,2,5,False
2090,CHEMBL3216483,COC(=O)c1cscc1NC(=O)Cc1c(C)nc(CC(C)C)c(CN)c1-c1ccc(C)cc1.Cl.Cl,<rdkit.Chem.rdchem.Mol object at 0x7f65256e6ce0>,23.0,6.638272163982407,5.895540000000007,94.30999999999999,538.5410000000012,14,2,6,False
2091,CHEMBL3216272,Cc1ccc(-c2c(CC(=O)Nc3cscc3C(=O)O)c(C)nc(CC(C)C)c2CN)cc1.Cl.Cl,<rdkit.Chem.rdchem.Mol object at 0x7f65256e6d50>,30.0,6.522878745280337,5.807140000000006,105.31,524.5140000000004,13,3,6,False
2092,CHEMBL1644844,Cc1ccc(-c2c(CC(=O)Nc3cccc([S+](C)[O-])c3)c(C)nc(CC(C)C)c2CN)cc1.Cl,<rdkit.Chem.rdchem.Mol object at 0x7f65256e6dc0>,2.8,7.552841968657781,5.363040000000005,91.07,500.1079999999996,14,2,4,False
2093,CHEMBL3217158,Cc1ccc(-c2c(CC(=O)Nc3cccc(S(C)(=O)=O)c3)c(C)nc(CC(C)C)c2CN)cc1.Cl.Cl,<rdkit.Chem.rdchem.Mol object at 0x7f65256e6e30>,8.2,7.086186147616283,5.450940000000007,102.14999999999999,552.5680000000016,14,2,5,False
2094,CHEMBL3215828,COC(=O)C1CCN(C(=O)Cc2c(C)nc(CC(C)C)c(CN)c2-c2ccc(C)cc2)C1.Cl.Cl,<rdkit.Chem.rdchem.Mol object at 0x7f65256e6ea0>,11.0,6.958607314841775,4.430240000000005,85.52,510.5059999999996,13,1,5,False
2095,CHEMBL3215611,Cc1ccc(-c2c(CC(=O)N3CCC(S(C)(=O)=O)C3)c(C)nc(CC(C)C)c2CN)cc1.Cl.Cl,<rdkit.Chem.rdchem.Mol object at 0x7f65256e6f10>,53.0,6.275724130399211,4.0542400000000045,93.36,530.5620000000006,13,1,5,False
2096,CHEMBL3216064,COC(=O)[C@@H]1CCCN1C(=O)Cc1c(C)nc(CC(C)C)c(CN)c1-c1ccc(C)cc1.Cl.Cl,<rdkit.Chem.rdchem.Mol object at 0x7f65256e6f80>,1.1,7.958607314841775,4.572740000000005,85.52,510.5059999999996,13,1,5,False
2099,CHEMBL3216941,COC(=O)[C@H]1CCCN1C(=O)Cc1c(C)nc(CC(C)C)c(CN)c1-c1ccc(C)cc1.Cl.Cl,<rdkit.Chem.rdchem.Mol object at 0x7f65256e70d0>,23.0,6.638272163982407,4.572740000000005,85.52,510.5059999999996,13,1,5,False
2160,CHEMBL3216493,Cc1ccc(-c2c(CN)c(CC(C)C)nc3ccc(CCC(=O)O)cc23)cc1.Cl.Cl,<rdkit.Chem.rdchem.Mol object at 0x7f65256d8c10>,23.0,6.638272163982407,5.7282200000000065,76.21,449.42199999999957,11,2,4,False
2161,CHEMBL3215844,Cc1ccc(-c2c(CN)c(CC(C)C)nc3ccc(CCCC(=O)O)cc23)cc1.Cl.Cl,<rdkit.Chem.rdchem.Mol object at 0x7f65256d8c80>,8.7,7.060480747381382,6.118320000000007,76.21,463.4489999999995,12,2,4,False
2162,CHEMBL3216279,Cc1ccc(-c2c(CN)c(CC(C)C)nc3ccc(CCCCC(=O)O)cc23)cc1.Cl.Cl,<rdkit.Chem.rdchem.Mol object at 0x7f65256d8cf0>,9.6,7.017728766960432,6.508420000000007,76.21,477.47599999999954,13,2,4,False
2163,CHEMBL3216495,Cc1ccc(-c2c(CN)c(CC(C)C)nc3ccc(CCCCCC(=O)O)cc23)cc1.Cl.Cl,<rdkit.Chem.rdchem.Mol object at 0x7f65256d8d60>,6.6,7.180456064458132,6.8985200000000075,76.21,491.5029999999995,14,2,4,False
2172,CHEMBL3216719,CCc1nc(CC(C)(C)C)c(CN)c(-c2ccc(C)cc2)c1C(=O)O.Cl.Cl,<rdkit.Chem.rdchem.Mol object at 0x7f65256d9150>,5.7,7.244125144327507,5.208520000000006,76.21,413.38899999999944,8,2,4,False
2173,CHEMBL3215820,CCCc1nc(CC(C)(C)C)c(CN)c(-c2ccc(C)cc2)c1C(=O)O.Cl.Cl,<rdkit.Chem.rdchem.Mol object at 0x7f65256d91c0>,4.4,7.356547323513812,5.598620000000007,76.21,427.4159999999995,9,2,4,False
2174,CHEMBL3215608,Cc1ccc(-c2c(CN)c(CC(C)(C)C)nc(C(C)C)c2C(=O)O)cc1.Cl.Cl,<rdkit.Chem.rdchem.Mol object at 0x7f65256d9230>,19.0,6.721246399047171,5.769520000000007,76.21,427.4159999999995,9,2,4,False
2175,CHEMBL3215606,Cc1ccc(-c2c(CN)c(CC(C)(C)C)nc(CC(C)C)c2C(=O)O)cc1.Cl.Cl,<rdkit.Chem.rdchem.Mol object at 0x7f65256d92a0>,4.6,7.337242168318426,5.844620000000007,76.21,441.4429999999994,10,2,4,False
2176,CHEMBL3216060,Cc1ccc(-c2c(CN)c(CC(C)(C)C)nc(Cc3ccccc3)c2C(=O)O)cc1.Cl.Cl,<rdkit.Chem.rdchem.Mol object at 0x7f65256d9310>,2.5,7.602059991327962,6.236920000000007,76.21,475.4599999999996,8,2,4,False
2190,CHEMBL1683486,Cl.N[C@@H](CC(=O)N1CCSC1C(=O)NCc1ccc(C(=O)O)cc1)Cc1cc(F)c(F)cc1F,<rdkit.Chem.rdchem.Mol object at 0x7f65256d9930>,229.0,5.640164517660112,2.7017000000000007,112.73,517.9570000000002,9,3,6,False
2191,CHEMBL1683487,CCOC(=O)COc1ccc(CNC(=O)C2SCCN2C(=O)C[C@H](N)Cc2cc(F)c(F)cc2F)cc1.Cl,<rdkit.Chem.rdchem.Mol object at 0x7f65256d99a0>,41.0,6.3872161432802645,2.9454000000000016,110.96,576.0370000000014,13,2,7,False
2192,CHEMBL1683488,Cl.N[C@@H](CC(=O)N1CCSC1C(=O)NCc1ccc(OCC(=O)O)cc1)Cc1cc(F)c(F)cc1F,<rdkit.Chem.rdchem.Mol object at 0x7f65256d9a10>,51.0,6.292429823902063,2.4669000000000008,121.96000000000002,547.9830000000013,11,3,7,False
2193,CHEMBL1683489,CCOC(=O)COc1cccc(CNC(=O)C2SCCN2C(=O)C[C@H](N)Cc2cc(F)c(F)cc2F)c1.Cl,<rdkit.Chem.rdchem.Mol object at 0x7f65256d9a80>,95.0,6.022276394711152,2.9454000000000007,110.96,576.0370000000014,13,2,7,False
2194,CHEMBL1683490,Cl.N[C@@H](CC(=O)N1CCSC1C(=O)NCc1cccc(OCC(=O)O)c1)Cc1cc(F)c(F)cc1F,<rdkit.Chem.rdchem.Mol object at 0x7f65256d9af0>,102.0,5.991399828238082,2.4669000000000008,121.96000000000002,547.9830000000013,11,3,7,False
2195,CHEMBL1683491,CCOC(=O)C1COc2cc(CNC(=O)C3SCCN3C(=O)C[C@H](N)Cc3cc(F)c(F)cc3F)ccc2O1.Cl,<rdkit.Chem.rdchem.Mol object at 0x7f65256d9b60>,112.0,5.950781977329818,2.7064000000000017,120.19,604.0470000000014,11,2,8,False
2196,CHEMBL1683492,Cl.N[C@@H](CC(=O)N1CCSC1C(=O)NCc1ccc2c(c1)OCC(C(=O)O)O2)Cc1cc(F)c(F)cc1F,<rdkit.Chem.rdchem.Mol object at 0x7f65256d9bd0>,192.0,5.71669877129645,2.2279,131.19000000000003,575.9930000000013,9,3,8,False
2197,CHEMBL1683493,CCOC(=O)C1Oc2ccc(CNC(=O)C3SCCN3C(=O)C[C@H](N)Cc3cc(F)c(F)cc3F)cc2O1.Cl,<rdkit.Chem.rdchem.Mol object at 0x7f65256d9c40>,64.0,6.1938200260161125,2.6639000000000004,120.19,590.0200000000012,11,2,8,False
2198,CHEMBL1683494,Cl.N[C@@H](CC(=O)N1CCSC1C(=O)NCc1ccc2c(c1)OC(C(=O)O)O2)Cc1cc(F)c(F)cc1F,<rdkit.Chem.rdchem.Mol object at 0x7f65256d9cb0>,64.0,6.1938200260161125,2.1853999999999996,131.19000000000003,561.9660000000013,9,3,8,False
2199,CHEMBL1683495,CC(Oc1ccc(CNC(=O)C2SCCN2C(=O)C[C@H](N)Cc2cc(F)c(F)cc2F)cc1)C(=O)O.Cl,<rdkit.Chem.rdchem.Mol object at 0x7f65256d9d20>,216.0,5.665546248849069,2.855400000000001,121.96,562.0100000000014,12,3,7,False
2200,CHEMBL1683496,CC(C)(Oc1ccc(CNC(=O)C2SCCN2C(=O)C[C@H](N)Cc2cc(F)c(F)cc2F)cc1)C(=O)O.Cl,<rdkit.Chem.rdchem.Mol object at 0x7f65256d9d90>,56.0,6.251811972993799,3.245500000000001,121.96,576.0370000000014,13,3,7,False
2201,CHEMBL1683497,Cl.N[C@@H](CC(=O)N1CCSC1C(=O)NCc1ccc(OC(Cc2ccccc2)C(=O)O)cc1)Cc1cc(F)c(F)cc1F,<rdkit.Chem.rdchem.Mol object at 0x7f65256d9e00>,28.0,6.552841968657781,4.0782000000000025,121.96000000000002,638.1080000000017,13,3,7,False
2202,CHEMBL1683498,CC(C)C(Oc1ccc(CNC(=O)C2SCCN2C(=O)C[C@H](N)Cc2cc(F)c(F)cc2F)cc1)C(=O)O.Cl,<rdkit.Chem.rdchem.Mol object at 0x7f65256d9e70>,6.0,7.221848749616356,3.4915000000000016,121.96,590.0640000000014,14,3,7,False
2203,CHEMBL1683499,CCOC(=O)C(Oc1ccc(CNC(=O)C2SCCN2C(=O)C[C@H](N)Cc2cc(F)c(F)cc2F)cc1)C(C)C.Cl,<rdkit.Chem.rdchem.Mol object at 0x7f65256d9ee0>,77.0,6.113509274827518,3.970000000000003,110.96,618.1180000000015,16,2,7,False
2204,CHEMBL1683500,CC(C)C(C(=O)O)N(C)c1ccc(CNC(=O)C2SCCN2C(=O)C[C@H](N)Cc2cc(F)c(F)cc2F)cc1.Cl,<rdkit.Chem.rdchem.Mol object at 0x7f65256d9f50>,80.0,6.096910013008056,3.548900000000002,115.96999999999998,603.1070000000014,15,3,7,False
2205,CHEMBL1683501,CCOC(=O)C(C(C)C)N(C)c1ccc(CNC(=O)C2SCCN2C(=O)C[C@H](N)Cc2cc(F)c(F)cc2F)cc1.Cl,<rdkit.Chem.rdchem.Mol object at 0x7f65256d9fc0>,80.0,6.096910013008056,4.027400000000004,104.97,631.1610000000016,17,2,7,False
2206,CHEMBL1683502,CC(C)(Nc1ccc(CNC(=O)C2SCCN2C(=O)C[C@H](N)Cc2cc(F)c(F)cc2F)cc1)C(=O)O.Cl,<rdkit.Chem.rdchem.Mol object at 0x7f65256da030>,13.0,6.886056647693163,3.2786000000000013,124.76,575.0530000000015,13,4,7,False
2207,CHEMBL1683503,CCOC(=O)C(C)(C)Nc1ccc(CNC(=O)C2SCCN2C(=O)C[C@H](N)Cc2cc(F)c(F)cc2F)cc1.Cl,<rdkit.Chem.rdchem.Mol object at 0x7f65256da0a0>,68.0,6.167491087293763,3.7571000000000017,113.76,603.1070000000014,15,3,7,False
2208,CHEMBL1683504,CC(C)C(Nc1ccc(CNC(=O)C2SCCN2C(=O)C[C@H](N)Cc2cc(F)c(F)cc2F)cc1)C(=O)O.Cl,<rdkit.Chem.rdchem.Mol object at 0x7f65256da110>,3.0,7.522878745280337,3.5246000000000017,124.76,589.0800000000015,14,4,7,False
2209,CHEMBL1683505,CCOC(=O)C(Nc1ccc(CNC(=O)C2SCCN2C(=O)C[C@H](N)Cc2cc(F)c(F)cc2F)cc1)C(C)C.Cl,<rdkit.Chem.rdchem.Mol object at 0x7f65256da180>,50.0,6.301029995663981,4.0031000000000025,113.76,617.1340000000016,16,3,7,False
2210,CHEMBL1683506,CC(C)[C@@H](Nc1ccc(CNC(=O)[C@@H]2SCCN2C(=O)C[C@H](N)Cc2cc(F)c(F)cc2F)cc1)C(=O)O.Cl,<rdkit.Chem.rdchem.Mol object at 0x7f65256da1f0>,1.0,8.0,3.5246000000000017,124.76,589.0800000000015,14,4,7,False
2211,CHEMBL1683507,CCOC(=O)[C@H](Nc1ccc(CNC(=O)[C@@H]2SCCN2C(=O)C[C@H](N)Cc2cc(F)c(F)cc2F)cc1)C(C)C.Cl,<rdkit.Chem.rdchem.Mol object at 0x7f65256da260>,17.0,6.769551078621726,4.0031000000000025,113.76,617.1340000000016,16,3,7,False
2212,CHEMBL1683508,CC(C)[C@H](Nc1ccc(CNC(=O)[C@@H]2SCCN2C(=O)C[C@H](N)Cc2cc(F)c(F)cc2F)cc1)C(=O)O,<rdkit.Chem.rdchem.Mol object at 0x7f65256da2d0>,1.2,7.920818753952375,3.102800000000001,124.76,552.6190000000015,14,4,7,False
2213,CHEMBL1683641,CCOC(=O)[C@@H](Nc1ccc(CNC(=O)[C@@H]2SCCN2C(=O)C[C@H](N)Cc2cc(F)c(F)cc2F)cc1)C(C)C,<rdkit.Chem.rdchem.Mol object at 0x7f65256da340>,25.0,6.6020599913279625,3.5813000000000024,113.76,580.6730000000016,16,3,7,False
2214,CHEMBL1614845,CC(C)[C@@H](Nc1ccc(CNC(=O)[C@H]2SCCN2C(=O)C[C@H](N)Cc2cc(F)c(F)cc2F)cc1)C(=O)O,<rdkit.Chem.rdchem.Mol object at 0x7f65256da3b0>,10.0,7.0,3.102800000000001,124.76,552.6190000000015,14,4,7,False
2215,CHEMBL1683642,CCOC(=O)[C@H](Nc1ccc(CNC(=O)[C@H]2SCCN2C(=O)C[C@H](N)Cc2cc(F)c(F)cc2F)cc1)C(C)C,<rdkit.Chem.rdchem.Mol object at 0x7f65256da420>,175.0,5.756961951313706,3.5813000000000024,113.76,580.6730000000016,16,3,7,False
2216,CHEMBL1683643,CC(C)[C@H](Nc1ccc(CNC(=O)[C@H]2SCCN2C(=O)C[C@H](N)Cc2cc(F)c(F)cc2F)cc1)C(=O)O,<rdkit.Chem.rdchem.Mol object at 0x7f65256da490>,13.0,6.886056647693163,3.102800000000001,124.76,552.6190000000015,14,4,7,False
2217,CHEMBL1683644,CCOC(=O)[C@@H](Nc1ccc(CNC(=O)[C@H]2SCCN2C(=O)C[C@H](N)Cc2cc(F)c(F)cc2F)cc1)C(C)C,<rdkit.Chem.rdchem.Mol object at 0x7f65256da500>,309.0,5.510041520575165,3.5813000000000024,113.76,580.6730000000016,16,3,7,False
2236,CHEMBL1683093,Cc1noc(C)c1S(=O)(=O)N(Cc1ccccc1)[C@H]1CC[C@H]([C@H](N)Cc2cc(F)ccc2F)CC1,<rdkit.Chem.rdchem.Mol object at 0x7f65256dad50>,670.0,5.173925197299173,4.889340000000004,89.43,503.61499999999967,11,1,5,False
2237,CHEMBL1683094,Cc1noc(C)c1S(=O)(=O)N(CCCC(F)(F)F)[C@H]1CC[C@H]([C@H](N)Cc2cc(F)ccc2F)CC1,<rdkit.Chem.rdchem.Mol object at 0x7f65256dadc0>,570.0,5.2441251443275085,5.031640000000005,89.43,523.5680000000003,12,1,5,False
2272,CHEMBL1683128,N[C@H](Cc1cc(F)ccc1F)[C@H]1CC[C@H](N(CCCC(F)(F)F)Cc2ccccc2)CC1,<rdkit.Chem.rdchem.Mol object at 0x7f65256dbd10>,690.0,5.161150909262744,6.2381000000000055,29.259999999999998,454.5269999999996,10,1,2,False
2306,CHEMBL1684000,N[C@@H](CC(=O)N1CCn2nnc(-c3cnco3)c2C1)Cc1cc(F)c(F)cc1F.O=C(O)/C=C/C(=O)O,<rdkit.Chem.rdchem.Mol object at 0x7f6525734c80>,17.83,6.748848656824645,1.3644999999999998,177.67,522.4400000000005,8,3,11,False
2307,CHEMBL1683999,N[C@@H](CC(=O)N1CCn2nnc(-c3ccsc3)c2C1)Cc1cc(F)c(F)cc1F.O=C(O)/C=C/C(=O)O,<rdkit.Chem.rdchem.Mol object at 0x7f6525734cf0>,47.27,6.325414397697086,2.4379999999999997,151.64000000000001,537.5200000000011,8,3,10,False
2309,CHEMBL1683997,N[C@@H](CC(=O)N1CCn2nnc(-c3ccoc3)c2C1)Cc1cc(F)c(F)cc1F.O=C(O)/C=C/C(=O)O,<rdkit.Chem.rdchem.Mol object at 0x7f6525734dd0>,26.17,6.582196277360119,1.9695,164.78,521.4520000000005,8,3,10,False
2311,CHEMBL1683995,N[C@@H](CC(=O)N1CCn2nnc(-c3ccccn3)c2C1)Cc1cc(F)c(F)cc1F.O=C(O)/C=C/C(=O)O,<rdkit.Chem.rdchem.Mol object at 0x7f6525734eb0>,33.25,6.478208350360877,1.7714999999999999,164.53,532.4790000000011,8,3,10,False
2313,CHEMBL1683993,CS(=O)(=O)c1ccc(-c2nnn3c2CN(C(=O)C[C@H](N)Cc2cc(F)c(F)cc2F)CC3)cc1.Cl,<rdkit.Chem.rdchem.Mol object at 0x7f6525734f90>,33.17,6.479254528480517,2.4900000000000007,111.17999999999999,529.9720000000008,8,1,7,False
2315,CHEMBL1683991,COC(=O)c1ccc(-c2nnn3c2CN(C(=O)C[C@H](N)Cc2cc(F)c(F)cc2F)CC3)cc1.O=P(O)(O)O,<rdkit.Chem.rdchem.Mol object at 0x7f6525735070>,12.4,6.906578314837765,1.5227,181.09999999999997,571.4490000000012,11,4,11,False
2316,CHEMBL1683990,CN(C)C(=O)c1ccc(-c2nnn3c2CN(C(=O)C[C@H](N)Cc2cc(F)c(F)cc2F)CC3)cc1.Cl,<rdkit.Chem.rdchem.Mol object at 0x7f65257350e0>,26.64,6.574465779501737,2.7883000000000018,97.35000000000001,522.9590000000003,9,1,6,False
2318,CHEMBL1683988,COC(=O)c1cccc(-c2nnn3c2CN(C(=O)C[C@H](N)Cc2cc(F)c(F)cc2F)CC3)c1.Cl,<rdkit.Chem.rdchem.Mol object at 0x7f65257351c0>,46.61,6.331520897067414,2.8731000000000013,103.33999999999999,509.91599999999977,8,1,7,False
2320,CHEMBL1683986,Cl.N[C@@H](CC(=O)N1CCn2nnc(-c3ccc(C(F)(F)F)cc3)c2C1)Cc1cc(F)c(F)cc1F,<rdkit.Chem.rdchem.Mol object at 0x7f65257352a0>,75.35,6.122916743349349,4.105300000000003,77.04,519.8770000000003,6,1,5,False
2322,CHEMBL1683984,N[C@@H](CC(=O)N1CCn2nnc(-c3ccc(F)cc3)c2C1)Cc1cc(F)c(F)cc1F.O=P(O)(O)O,<rdkit.Chem.rdchem.Mol object at 0x7f6525735380>,45.2,6.3448615651886175,1.8752000000000009,154.8,531.4030000000009,9,4,9,False
2323,CHEMBL1683983,N[C@@H](CC(=O)N1CCn2nnc(-c3ccccc3)c2C1)Cc1cc(F)c(F)cc1F.O=P(O)(O)O,<rdkit.Chem.rdchem.Mol object at 0x7f65257353f0>,37.54,6.425505731714672,1.7361000000000009,154.8,513.4129999999998,9,4,9,False
2327,CHEMBL1683979,N[C@@H](CC(=O)N1CCn2nnc(C(F)(F)F)c2C1)Cc1cc(F)c(F)cc1F.O=C(O)/C=C/C(=O)O,<rdkit.Chem.rdchem.Mol object at 0x7f65257355b0>,50.66,6.295334814545471,1.7282999999999997,151.64000000000001,523.3900000000006,7,3,9,False
2341,CHEMBL1761683,CC(=O)O[C@H]1CC[C@@]2(C)C(=CC[C@@H]3[C@@H]2CC[C@]2(C)C(C(C)=O)=CC[C@@H]32)C1,<rdkit.Chem.rdchem.Mol object at 0x7f6525735bd0>,35600.0,3.4485500020271247,5.006200000000005,43.370000000000005,356.50599999999946,6,0,3,False
2342,CHEMBL1761684,CC(=O)[C@H]1C(NCc2ccccc2)C[C@H]2[C@@H]3CC=C4C[C@@H](O)CC[C@]4(C)[C@H]3CC[C@]12C,<rdkit.Chem.rdchem.Mol object at 0x7f6525735c40>,21300.0,3.6716203965612624,5.283600000000005,49.33,421.6249999999995,8,2,3,False
2343,CHEMBL1761685,COc1ccc(/C=C/C(=O)C2=CC[C@H]3[C@@H]4CC=C5C[C@@H](O)CC[C@]5(C)[C@H]4CC[C@]23C)cc1OC,<rdkit.Chem.rdchem.Mol object at 0x7f6525735cb0>,26200.0,3.5816987086802543,6.146100000000007,55.760000000000005,462.62999999999954,10,1,4,False
2344,CHEMBL1761686,CCCN1C(c2ccc(OC)cc2)CC(=O)[C@H]2C1C[C@H]1[C@@H]3CC=C4C[C@@H](O)CC[C@]4(C)[C@H]3CC[C@]21C,<rdkit.Chem.rdchem.Mol object at 0x7f6525735d20>,32700.0,3.485452247339714,6.339500000000009,49.769999999999996,491.7159999999995,9,1,4,False
2345,CHEMBL1761687,CCCN1C(c2ccc(C(C)C)cc2)CC(=O)[C@H]2C1C[C@H]1[C@@H]3CC=C4C[C@@H](O)CC[C@]4(C)[C@H]3CC[C@]21C,<rdkit.Chem.rdchem.Mol object at 0x7f6525735d90>,29100.0,3.5361070110140926,7.45430000000001,40.540000000000006,503.77099999999945,10,1,3,False
2346,CHEMBL1765236,C[C@H](NC(=O)CCC(=O)O)C(=O)N[C@@H](C)C(=O)N1CCC[C@H]1C(=O)N[C@@H](Cc1ccccc1)C(=O)N[C@@H](C)C(=O)N1CCC[C@H]1B(O)O,<rdkit.Chem.rdchem.Mol object at 0x7f6525735e00>,0.7,8.154901959985743,-1.9131999999999896,234.77999999999997,672.545000000002,20,7,10,False
2349,CHEMBL1771583,O=C1c2c(Cl)c(Cl)c(Cl)c(Cl)c2C(=O)N1c1cccc(CCc2cccc(C(F)(F)F)c2)c1,<rdkit.Chem.rdchem.Mol object at 0x7f6525735f50>,3100.0,4.508638306165727,7.904800000000005,37.38,533.1600000000008,4,0,2,False
2350,CHEMBL1771584,O=C1c2c(Cl)c(Cl)c(Cl)c(Cl)c2C(=O)N1c1cccc(CCc2ccccc2C(F)(F)F)c1,<rdkit.Chem.rdchem.Mol object at 0x7f6525735fc0>,4000.0,4.3979400086720375,7.904800000000005,37.38,533.1600000000008,4,0,2,False
2364,CHEMBL1779701,N[C@@H](CC(=O)N1CCN(Cc2ccc(I)cc2)C(=O)C1)Cc1cc(F)c(F)cc1F,<rdkit.Chem.rdchem.Mol object at 0x7f65257365e0>,30.8,6.511449283499556,2.8394000000000013,66.64000000000001,531.3160000000009,7,1,3,False
2367,CHEMBL1779704,COc1cc(CN2CCN(C(=O)C[C@H](N)Cc3cc(F)c(F)cc3F)CC2=O)c([N+](=O)[O-])cc1OC,<rdkit.Chem.rdchem.Mol object at 0x7f6525736730>,7.4,7.130768280269024,2.1601999999999997,128.24,510.46899999999977,12,1,7,False
2383,CHEMBL3216514,COC(=O)COc1ccc2nc(CC(C)C)c(CN)c(-c3ccc(C)cc3)c2c1.Cl.Cl,<rdkit.Chem.rdchem.Mol object at 0x7f6525736e30>,84.0,6.075720713938118,5.262820000000007,74.44,465.4209999999996,12,1,5,False
2385,CHEMBL3216748,Cc1ccc(-c2c(CN)c(CC(C)C)nc3ccc(CCC(N)=O)cc23)cc1.Cl.Cl,<rdkit.Chem.rdchem.Mol object at 0x7f6525736f10>,7.5,7.1249387366083,5.128920000000005,82.0,448.4379999999995,11,2,3,False
2388,CHEMBL3215858,Cc1ccc(-c2c(CN)c(CC(C)C)nc3ccc(C(=O)O)cc23)cc1.Cl.Cl,<rdkit.Chem.rdchem.Mol object at 0x7f6525737060>,100.0,6.0,5.409220000000006,76.21,421.3679999999996,9,2,4,False
2390,CHEMBL3215859,Cc1ccc(-c2c(CN)c(CC(C)C)nc3ccc(-c4noc(=O)[nH]4)cc23)cc1.Cl.Cl,<rdkit.Chem.rdchem.Mol object at 0x7f6525737140>,11.0,6.958607314841775,5.054320000000005,97.79999999999998,461.3929999999996,9,2,5,False
2431,CHEMBL1929394,Cc1nc2cc(-c3ccccc3)nn2c(C)c1C(=O)NCC(C)(C)NCC(=O)N1CCC[C@H]1C#N.Cl,<rdkit.Chem.rdchem.Mol object at 0x7f652571c3c0>,28.0,6.552841968657781,3.047520000000001,115.42000000000002,510.0419999999997,11,2,7,False
2457,CHEMBL1951595,COc1cccc(C(=O)Cn2c(=O)c3c(c(C#N)c(N4CCC[C@H](N)C4)n3Cc3ccccc3)n(C)c2=O)c1,<rdkit.Chem.rdchem.Mol object at 0x7f652571cf20>,1.5,7.823908740944319,2.2406800000000002,128.28,526.5970000000007,10,1,10,False
2458,CHEMBL1951596,Cn1c(=O)n(Cc2nccc3ccccc23)c(=O)c2c1c(C#N)c(N1CCC[C@H](N)C1)n2Cc1ccccc1,<rdkit.Chem.rdchem.Mol object at 0x7f652571cf90>,4.0,7.397940008672037,2.9456800000000003,114.87,519.6090000000002,7,1,9,False
2460,CHEMBL1951598,COc1cccc(C(=O)Cn2c(=O)c3c(c(C#N)c(N4CCC[C@H](N)C4)n3CC=C(C)C)n(C)c2=O)c1,<rdkit.Chem.rdchem.Mol object at 0x7f652571d070>,0.5,8.301029995663981,2.158579999999999,128.28,504.5909999999997,12,1,10,False
2462,CHEMBL1951600,CC(C)=CCn1c(N2CCC[C@H](N)C2)c(C#N)c2c1c(=O)n(Cc1nc(C)c3ccccc3n1)c(=O)n2C,<rdkit.Chem.rdchem.Mol object at 0x7f652571d150>,2.0,7.698970004336019,2.567000000000001,127.75999999999999,512.6179999999997,10,1,10,False
2469,CHEMBL1951607,COc1cccc(C(=O)Cn2c(=O)c3c(c(C#N)c(N4CCCNCC4)n3CC=C(C)C)n(C)c2=O)c1,<rdkit.Chem.rdchem.Mol object at 0x7f652571d460>,2.0,7.698970004336019,2.030779999999999,114.28999999999999,504.5909999999997,11,1,10,False
2471,CHEMBL1951609,CC(C)=CCn1c(N2CCCNCC2)c(C#N)c2c1c(=O)n(Cc1nc(C)c3ccccc3n1)c(=O)n2C,<rdkit.Chem.rdchem.Mol object at 0x7f652571d540>,2.0,7.698970004336019,2.4392000000000005,113.77000000000001,512.6179999999997,9,1,10,False
2473,CHEMBL1951611,CC(C)=CCn1c(N2CCCNCC2)c(C#N)c2c1c(=O)n(Cc1ncc3ccccc3c1C#N)c(=O)n2C,<rdkit.Chem.rdchem.Mol object at 0x7f652571d620>,1.0,8.0,2.6074600000000006,124.66999999999999,522.6130000000004,8,1,10,False
2474,CHEMBL1949693,CC(C)=CCn1c(N2CCCNCC2)c(C#N)c2c1c(=O)n(Cc1c(C#N)cnc3ccccc13)c(=O)n2C,<rdkit.Chem.rdchem.Mol object at 0x7f652571d690>,5.5,7.259637310505756,2.6074600000000006,124.67000000000002,522.6130000000004,8,1,10,False
2477,CHEMBL1951416,CC#CCn1c(N2CCCNCC2)c(C#N)c2c1c(=O)n(Cc1ncc3ccccc3c1C#N)c(=O)n2C,<rdkit.Chem.rdchem.Mol object at 0x7f652571d7e0>,1.0,8.0,1.664559999999999,124.66999999999999,506.5699999999998,5,1,10,False
2478,CHEMBL1951614,CC#CCn1c(N2CCCNCC2)c(C#N)c2c1c(=O)n(Cc1c(C#N)cnc3ccccc13)c(=O)n2C,<rdkit.Chem.rdchem.Mol object at 0x7f652571d850>,2.0,7.698970004336019,1.6645599999999994,124.67000000000002,506.5699999999998,5,1,10,False
2481,CHEMBL2011535,N[C@H]1CN(c2ccc(-n3ccc(OCc4ccccc4)cc3=O)cn2)CC[C@@H]1c1cc(F)c(F)cc1F,<rdkit.Chem.rdchem.Mol object at 0x7f652571d9a0>,350.0,5.455931955649724,4.550000000000004,73.38,506.52799999999974,7,1,6,False
2519,CHEMBL2063040,N=C(N)NCCC[C@H](N)C(=O)N1C[C@@H](O)C[C@H]1B(O)O,<rdkit.Chem.rdchem.Mol object at 0x7f652571ea40>,0.3,8.522878745280337,-3.4492299999999974,168.92,287.12899999999956,10,7,6,False
2529,CHEMBL2069837,N[C@@H](CC(=O)N1CCN(C(c2ccc(F)cc2)c2ccc(F)cc2)CC1)Cc1cc(F)c(F)cc1F,<rdkit.Chem.rdchem.Mol object at 0x7f652571eea0>,212.0,5.673664139071248,4.5758000000000045,49.57000000000001,503.5149999999997,8,1,3,False
2538,CHEMBL2069846,CN1CCN(c2ccc(C(=O)N3CCN(C(=O)C[C@H](N)Cc4cc(F)c(F)cc4F)CC3)cc2)CC1,<rdkit.Chem.rdchem.Mol object at 0x7f652571f290>,47.7,6.321481620959886,2.1002,73.12,503.5689999999996,8,1,5,False
2551,CHEMBL2069858,N[C@@H](CC(=O)N1CCN(C(=O)c2cccc(-c3ccc(F)cc3)n2)CC1)Cc1cc(F)c(F)cc1F,<rdkit.Chem.rdchem.Mol object at 0x7f652571f840>,30.5,6.515700160653214,3.5495000000000028,79.53000000000002,500.49599999999975,7,1,4,False
2603,CHEMBL2147070,Cl.Cn1c(=O)c2c(nc(N3CCC[C@@H](N)C3)n2Cc2cc(F)ccc2Cl)c2ccc(C(=O)O)cc21,<rdkit.Chem.rdchem.Mol object at 0x7f6525740f90>,0.48,8.318758762624412,3.776500000000002,106.38000000000001,520.3920000000004,6,2,8,False
2609,CHEMBL2147188,COC(=O)c1cccc2c3nc(N4CCC[C@@H](N)C4)n(Cc4ccccc4Cl)c3c(=O)n(C)c12.Cl,<rdkit.Chem.rdchem.Mol object at 0x7f6525741230>,271.0,5.567030709125595,3.7258000000000018,95.38,516.4290000000001,7,1,8,False
2610,CHEMBL2147189,Cl.Cn1c(=O)c2c(nc(N3CCC[C@@H](N)C3)n2Cc2ccccc2Cl)c2cccc(C(=O)O)c21,<rdkit.Chem.rdchem.Mol object at 0x7f65257412a0>,72.0,6.142667503568732,3.6374000000000013,106.38000000000001,502.4019999999998,6,2,8,False
2612,CHEMBL2147191,Cl.Cn1c(=O)c2c(nc(N3CCC[C@@H](N)C3)n2Cc2ccccc2Cl)c2ccc(-c3ccccc3)cc21,<rdkit.Chem.rdchem.Mol object at 0x7f6525741380>,72.0,6.142667503568732,5.606200000000005,69.08000000000001,534.4910000000011,6,1,6,False
2615,CHEMBL2147194,COCc1ccc2c3nc(N4CCC[C@@H](N)C4)n(Cc4ccccc4Cl)c3c(=O)n(C)c2c1.Cl,<rdkit.Chem.rdchem.Mol object at 0x7f65257414d0>,17.0,6.769551078621726,4.085600000000003,78.31,502.44599999999963,8,1,7,False
2617,CHEMBL2147195,COC(=O)c1ccc2c3nc(N4CCC[C@@H](N)C4)n(Cc4ccccc4Cl)c3c(=O)n(C)c2c1.Cl,<rdkit.Chem.rdchem.Mol object at 0x7f65257415b0>,16.0,6.795880017344075,3.7258000000000018,95.38,516.4290000000001,7,1,8,False
2618,CHEMBL2147196,Cl.Cn1c(=O)c2c(nc(N3CCC[C@@H](N)C3)n2Cc2ccccc2Cl)c2ccc(C(N)=O)cc21,<rdkit.Chem.rdchem.Mol object at 0x7f6525741620>,12.0,6.920818753952375,3.0381,112.17000000000002,501.4179999999998,6,2,7,False
2619,CHEMBL2147071,CN(C)C(=O)c1ccc2c3nc(N4CCC[C@@H](N)C4)n(Cc4ccccc4Cl)c3c(=O)n(C)c2c1.Cl,<rdkit.Chem.rdchem.Mol object at 0x7f6525741690>,10.0,7.0,3.6410000000000013,89.39000000000001,529.4720000000007,8,1,7,False
2621,CHEMBL2147073,Cl.Cn1c(=O)c2c(nc(N3CCC[C@@H](N)C3)n2Cc2ccccc2Cl)c2ccc(C(=O)O)cc21,<rdkit.Chem.rdchem.Mol object at 0x7f6525741770>,1.6,7.795880017344075,3.6374000000000013,106.38000000000001,502.4019999999998,6,2,8,False
2622,CHEMBL2147074,Cl.Cn1c(=O)c2c(nc(N3CCC[C@@H](N)C3)n2Cc2ccccc2Cl)c2ccc(CC(=O)O)cc21,<rdkit.Chem.rdchem.Mol object at 0x7f65257417e0>,3.8,7.42021640338319,3.566300000000002,106.38000000000001,516.4290000000001,7,2,8,False
2626,CHEMBL2147078,Cl.Cn1c(=O)c2c(nc(N3CCC[C@@H](N)C3)n2Cc2ccccc2Cl)c2cc(OC(F)F)ccc21,<rdkit.Chem.rdchem.Mol object at 0x7f65257419a0>,60.0,6.221848749616356,4.540600000000003,78.31000000000002,524.3990000000005,7,1,7,False
2627,CHEMBL2147079,COC(=O)c1ccc2c(c1)c1nc(N3CCC[C@@H](N)C3)n(Cc3ccccc3Cl)c1c(=O)n2C.Cl,<rdkit.Chem.rdchem.Mol object at 0x7f6525741a10>,21.0,6.6777807052660805,3.7258000000000018,95.38,516.429,7,1,8,False
2628,CHEMBL2147080,Cl.Cn1c(=O)c2c(nc(N3CCC[C@@H](N)C3)n2Cc2ccccc2Cl)c2cc(C(N)=O)ccc21,<rdkit.Chem.rdchem.Mol object at 0x7f6525741a80>,14.0,6.853871964321762,3.0381,112.17000000000002,501.4179999999998,6,2,7,False
2629,CHEMBL2147081,CN(C)C(=O)c1ccc2c(c1)c1nc(N3CCC[C@@H](N)C3)n(Cc3ccccc3Cl)c1c(=O)n2C.Cl,<rdkit.Chem.rdchem.Mol object at 0x7f6525741af0>,13.0,6.886056647693163,3.6410000000000022,89.39000000000001,529.4720000000007,8,1,7,False
2630,CHEMBL2147082,Cl.Cn1c(=O)c2c(nc(N3CCC[C@@H](N)C3)n2Cc2ccccc2Cl)c2cc(C(=O)O)ccc21,<rdkit.Chem.rdchem.Mol object at 0x7f6525741b60>,5.8,7.236572006437063,3.6374000000000013,106.38000000000001,502.4019999999998,6,2,8,False
2631,CHEMBL2147083,Cl.Cn1c(=O)c2c(nc(N3CCC[C@@H](N)C3)n2Cc2ccccc2Cl)c2cc(CC(=O)O)ccc21,<rdkit.Chem.rdchem.Mol object at 0x7f6525741bd0>,3.5,7.455931955649724,3.566300000000002,106.38000000000001,516.4290000000001,7,2,8,False
2632,CHEMBL2147084,Cl.Cn1c(=O)c2c(nc(N3CCC[C@@H](N)C3)n2Cc2ccccc2Cl)c2c(C(=O)O)cccc21,<rdkit.Chem.rdchem.Mol object at 0x7f6525741c40>,54.0,6.267606240177032,3.6374000000000013,106.38000000000001,502.4019999999998,6,2,8,False
2633,CHEMBL2147085,Cl.Cn1c(=O)c2c(nc(N3CCC[C@@H](N)C3)n2Cc2ccccc2Cl)c2c(CC(=O)O)cccc21,<rdkit.Chem.rdchem.Mol object at 0x7f6525741cb0>,17.0,6.769551078621726,3.566300000000002,106.38000000000001,516.4290000000001,7,2,8,False
2638,CHEMBL2147049,Cl.Cn1c(=O)c2c(nc(N3CCC[C@@H](N)C3)n2Cc2cccc(Cl)c2)c2cc(C(=O)O)ccc21,<rdkit.Chem.rdchem.Mol object at 0x7f6525741ee0>,110.0,5.958607314841775,3.6374000000000013,106.38000000000001,502.4019999999999,6,2,8,False
2641,CHEMBL2147064,Cl.Cn1c(=O)c2c(nc(N3CCC[C@@H](N)C3)n2CCc2ccccc2Cl)c2cc(C(=O)O)ccc21,<rdkit.Chem.rdchem.Mol object at 0x7f6525742030>,3500.0,4.455931955649724,3.831800000000002,106.38000000000001,516.4290000000001,7,2,8,False
2645,CHEMBL2147068,Cl.Cn1c(=O)c2c(nc(N3CCC[C@@H](N)C3)n2Cc2cc(Cl)ccc2Cl)c2cc(C(=O)O)ccc21,<rdkit.Chem.rdchem.Mol object at 0x7f65257421f0>,25.0,6.6020599913279625,4.290800000000002,106.38000000000001,536.8470000000012,6,2,8,False
2646,CHEMBL2147069,Cl.Cn1c(=O)c2c(nc(N3CCC[C@@H](N)C3)n2Cc2cc(F)ccc2Cl)c2cc(C(=O)O)ccc21,<rdkit.Chem.rdchem.Mol object at 0x7f6525742260>,4.8,7.318758762624412,3.776500000000002,106.38000000000001,520.3920000000004,6,2,8,False
2648,CHEMBL2153742,CC(=O)Nc1ccc(OP(=O)(Oc2ccc(NC(C)=O)cc2)C2CCCN2C(=O)[C@@H]2CCCN2)cc1,<rdkit.Chem.rdchem.Mol object at 0x7f6525742340>,400.0,5.3979400086720375,3.9548000000000023,126.07,514.5189999999999,10,3,7,False
2649,CHEMBL2153743,COC(=O)c1ccc(OP(=O)(Oc2ccc(C(=O)OC)cc2)C2CCCN2C(=O)[C@@H]2CCCN2)cc1,<rdkit.Chem.rdchem.Mol object at 0x7f65257423b0>,16.0,6.795880017344075,3.611200000000002,120.47,516.4870000000001,10,1,9,False
2650,CHEMBL2153744,CCOC(=O)CNC(=O)c1ccc(OP(=O)(Oc2ccc(C(=O)NCC(=O)OCC)cc2)C2CCCN2C(=O)[C@@H]2CCCN2)cc1,<rdkit.Chem.rdchem.Mol object at 0x7f6525742420>,23.0,6.638272163982407,2.6238,178.67,658.6450000000017,16,3,11,False
2671,CHEMBL2206479,N[C@@H](CC(=O)NC1(c2nc(-c3ccc(Cl)cc3)cs2)CCS(=O)(=O)CC1)Cc1cc(F)c(F)cc1F,<rdkit.Chem.rdchem.Mol object at 0x7f6525742d50>,1100.0,4.958607314841775,4.361000000000004,102.15,558.0470000000012,8,2,6,False
2672,CHEMBL2206477,COc1ccc(-c2csc(C3(NC(=O)C[C@H](N)Cc4ccccc4F)CCS(=O)(=O)CC3)n2)cc1,<rdkit.Chem.rdchem.Mol object at 0x7f6525742dc0>,670.0,5.173925197299173,3.4380000000000024,111.37999999999998,517.648,10,2,7,False
2676,CHEMBL2206472,Cc1ncc(-c2cccc(C3(NC(=O)C[C@H](N)Cc4ccccc4F)CCS(=O)(=O)CC3)c2)s1,<rdkit.Chem.rdchem.Mol object at 0x7f6525742f80>,280.0,5.552841968657781,3.737820000000003,102.15,501.64899999999966,9,2,6,False
2677,CHEMBL2206473,N[C@@H](CC(=O)NC1(c2cccc(-c3cnc(C4CCCCN4)s3)c2)CCS(=O)(=O)CC1)Cc1ccccc1F,<rdkit.Chem.rdchem.Mol object at 0x7f6525742ff0>,250.0,5.6020599913279625,4.244000000000003,114.18,570.7560000000017,9,3,7,False
2678,CHEMBL2206481,N[C@@H](CC(=O)NC1(c2nc(-c3cccc(C(F)(F)F)c3)cs2)CCS(=O)(=O)CC1)Cc1cc(F)c(F)cc1F,<rdkit.Chem.rdchem.Mol object at 0x7f6525743060>,190.0,5.721246399047171,4.726400000000004,102.15,591.5990000000012,8,2,6,False
2679,CHEMBL2206486,Cn1cc(-c2ccccc2)nc1C1(NC(=O)C[C@H](N)Cc2cc(F)c(F)cc2F)CCS(=O)(=O)CC1,<rdkit.Chem.rdchem.Mol object at 0x7f65257430d0>,160.0,5.795880017344075,2.9846000000000013,107.07999999999998,520.5770000000002,9,2,6,False
2680,CHEMBL2206480,N[C@@H](CC(=O)NC1(c2nc(-c3ccc(C(F)(F)F)cc3)cs2)CCS(=O)(=O)CC1)Cc1cc(F)c(F)cc1F,<rdkit.Chem.rdchem.Mol object at 0x7f6525743140>,110.0,5.958607314841775,4.726400000000004,102.15,591.5990000000012,8,2,6,False
2681,CHEMBL2206482,N[C@@H](CC(=O)NC1(c2nc(-c3ccc(F)cc3)cs2)CCS(=O)(=O)CC1)Cc1ccccc1F,<rdkit.Chem.rdchem.Mol object at 0x7f65257431b0>,100.0,6.0,3.568500000000002,102.15,505.6119999999998,8,2,6,False
2682,CHEMBL2206483,N[C@@H](CC(=O)NC1(c2nnc(-c3ccccc3)o2)CCS(=O)(=O)CC1)Cc1cc(F)c(F)cc1F,<rdkit.Chem.rdchem.Mol object at 0x7f6525743220>,94.0,6.026872146400302,2.634100000000001,128.18,508.52199999999976,8,2,7,False
2685,CHEMBL2206487,Cc1sc(C2(NC(=O)C[C@H](N)Cc3ccccc3F)CCS(=O)(=O)CC2)nc1-c1ccccc1,<rdkit.Chem.rdchem.Mol object at 0x7f6525743370>,72.0,6.142667503568732,3.737820000000003,102.14999999999999,501.6489999999998,9,2,6,False
2687,CHEMBL2206478,COc1ccccc1-c1csc(C2(NC(=O)C[C@H](N)Cc3cc(F)c(F)cc3F)CCS(=O)(=O)CC2)n1,<rdkit.Chem.rdchem.Mol object at 0x7f6525743450>,59.0,6.229147988357856,3.7162000000000024,111.37999999999998,553.6280000000012,10,2,7,False
2688,CHEMBL2206484,N[C@@H](CC(=O)NC1(c2nnc(-c3cccc(F)c3)o2)CCS(=O)(=O)CC1)Cc1cc(F)c(F)cc1F,<rdkit.Chem.rdchem.Mol object at 0x7f65257434c0>,55.0,6.259637310505756,2.773200000000001,128.18,526.5120000000006,8,2,7,False
2689,CHEMBL2206485,COc1cccc(-c2nnc(C3(NC(=O)C[C@H](N)Cc4cc(F)c(F)cc4F)CCS(=O)(=O)CC3)o2)c1,<rdkit.Chem.rdchem.Mol object at 0x7f6525743530>,50.0,6.301029995663981,2.6427000000000014,137.41000000000003,538.5480000000011,10,2,8,False
2691,CHEMBL2206476,COc1cccc(-c2csc(C3(NC(=O)C[C@H](N)Cc4ccccc4F)CCS(=O)(=O)CC3)n2)c1,<rdkit.Chem.rdchem.Mol object at 0x7f6525743610>,24.0,6.619788758288394,3.4380000000000024,111.37999999999998,517.648,10,2,7,False
2692,CHEMBL2206475,N[C@@H](CC(=O)NC1(c2nc(-c3ccccc3)cs2)CCS(=O)(=O)CC1)Cc1cc(F)c(F)cc1F,<rdkit.Chem.rdchem.Mol object at 0x7f6525743680>,16.0,6.795880017344075,3.707600000000002,102.15,523.6020000000004,8,2,6,False
2693,CHEMBL2203319,N[C@@H](CC(=O)NC1(c2cccc(-n3ccnc3)c2)CCS(=O)(=O)CC1)Cc1cc(F)c(F)cc1F,<rdkit.Chem.rdchem.Mol object at 0x7f65257436f0>,12.0,6.920818753952375,2.769800000000001,107.07999999999998,506.5499999999997,8,2,6,False
2694,CHEMBL2206469,N[C@@H](CC(=O)NC1(c2cccc(-c3cncs3)c2)CCS(=O)(=O)CC1)Cc1cc(F)c(F)cc1F,<rdkit.Chem.rdchem.Mol object at 0x7f6525743760>,7.8,7.107905397309519,3.707600000000003,102.15,523.6020000000004,8,2,6,False
2719,CHEMBL2346927,CC#CCn1c(N2CCC[C@@H](N)C2)nc2ccn(Cc3ccc4cc(Br)ccc4n3)c2c1=O,<rdkit.Chem.rdchem.Mol object at 0x7f652573c2e0>,139.2,5.856360764725457,3.5078000000000014,81.97,505.4199999999998,5,1,7,False
2737,CHEMBL2418633,Cl.N#C[C@@H]1CCCN1C(=O)[C@@H](N)Cc1ccc(-c2cn(Cc3ccc(Cl)c(Cl)c3)nn2)cc1,<rdkit.Chem.rdchem.Mol object at 0x7f652573cac0>,10.02,6.999132278468773,4.106380000000002,100.83000000000001,505.83699999999976,7,1,6,False
2833,CHEMBL3112971,NC[C@]1(c2cccc(Cl)c2)CC[C@H](N2CCc3c(nc(C(F)(F)F)nc3C3CC3)C2)CC1,<rdkit.Chem.rdchem.Mol object at 0x7f652573f4c0>,9.0,7.045757490560675,5.223600000000006,55.04,464.9629999999996,5,1,4,False
2855,CHEMBL599763,O=C(/C=C/c1ccc(O[C@@H]2O[C@H](CO)[C@@H](O)[C@H](O)[C@H]2O)cc1)c1ccc(O)cc1O,<rdkit.Chem.rdchem.Mol object at 0x7f652573fe60>,26920.0,3.569924944448061,0.17259999999999942,156.91,418.3979999999998,12,6,9,False
2857,CHEMBL164,O=c1c(O)c(-c2cc(O)c(O)c(O)c2)oc2cc(O)cc(O)c12,<rdkit.Chem.rdchem.Mol object at 0x7f652573ff40>,37150.0,3.430041181903406,1.6935999999999998,151.59,318.23699999999985,7,6,8,False
2864,CHEMBL269277,C=C(C)[C@@H]1CC[C@]2(C(=O)O)CC[C@]3(C)[C@H](CC[C@@H]4[C@@]5(C)CC[C@H](O)C(C)(C)[C@@H]5CC[C@]43C)[C@@H]12,<rdkit.Chem.rdchem.Mol object at 0x7f65257302e0>,55820.0,3.253210167847388,7.089500000000009,57.53,456.71099999999933,9,2,3,False
2867,CHEMBL3220153,CCCCCCCCCCCCCCCCC(=O)OC[C@H]1O[C@@H](O[C@H]2CC[C@@]3(C)C(=CC[C@H]4[C@@H]5CC[C@H]([C@H](C)/C=C/[C@@H](CC)C(C)C)[C@@]5(C)CC[C@@H]43)C2)[C@H](O)[C@@H](O)[C@@H]1O,<rdkit.Chem.rdchem.Mol object at 0x7f6525730430>,16580.0,3.7804154737857454,12.047299999999984,105.45000000000002,827.2850000000035,34,3,7,False
2868,CHEMBL221542,CC[C@H](CC[C@@H](C)[C@H]1CC[C@H]2[C@@H]3CC=C4C[C@@H](O)CC[C@]4(C)[C@H]3CC[C@]12C)C(C)C,<rdkit.Chem.rdchem.Mol object at 0x7f65257304a0>,28840.0,3.540004743952609,8.02480000000001,20.23,414.7179999999992,13,1,1,False
2904,CHEMBL91933,O=Cc1ccc(-c2ccc(-c3cccs3)s2)s1,<rdkit.Chem.rdchem.Mol object at 0x7f6525731460>,890.0,5.050609993355088,5.017600000000002,17.07,276.4069999999998,3,0,4,False
2905,CHEMBL3343903,CCOCc1ccc(-c2ccc(-c3cccs3)s2)s1,<rdkit.Chem.rdchem.Mol object at 0x7f65257314d0>,510.0,5.292429823902063,5.741600000000003,9.23,306.4769999999997,6,0,4,False
2906,CHEMBL3343902,COCc1ccc(-c2ccc(-c3cccs3)s2)s1,<rdkit.Chem.rdchem.Mol object at 0x7f6525731540>,2390.0,4.621602099051862,5.351500000000002,9.23,292.44999999999976,5,0,4,False
2908,CHEMBL3343901,CC(C)CC(=O)OCCC#Cc1ccc(-c2ccc(COC(=O)CC(C)C)s2)s1,<rdkit.Chem.rdchem.Mol object at 0x7f6525731620>,750.0,5.1249387366083,5.896800000000005,52.6,432.6069999999996,13,0,6,False
2911,CHEMBL3357782,N[C@@H](CC(=O)N1[C@H](CNS(=O)(=O)C(F)(F)F)C[C@@H]2CCCC[C@@H]21)Cc1cc(F)c(F)cc1F,<rdkit.Chem.rdchem.Mol object at 0x7f6525731770>,170.0,5.769551078621726,2.9627000000000008,92.5,501.49299999999977,8,2,4,False
2913,CHEMBL3357780,Cc1ccc(S(=O)(=O)NC[C@@H]2C[C@@H]3CCCC[C@@H]3N2C(=O)C[C@H](N)Cc2cc(F)c(F)cc2F)cc1,<rdkit.Chem.rdchem.Mol object at 0x7f6525731850>,140.0,5.853871964321762,3.8104200000000024,92.5,523.6210000000003,10,2,4,False
2978,CHEMBL3400963,Cc1oc(=O)oc1COC(=O)c1ccc2c(c1)c1nc(N3CCC[C@@H](N)C3)n(Cc3ccccc3Cl)c1c(=O)n2C.Cl,<rdkit.Chem.rdchem.Mol object at 0x7f65257334c0>,6.0,7.221848749616356,4.150820000000003,138.73,614.4860000000014,9,1,11,False
2979,CHEMBL3400964,Cc1oc(=O)oc1COC(=O)c1ccc2c(c1)c1nc(N3CCC[C@@H](N)C3)n(Cc3cc(F)ccc3Cl)c1c(=O)n2C.Cl,<rdkit.Chem.rdchem.Mol object at 0x7f6525733530>,4.7,7.327902142064283,4.289920000000004,138.73,632.4760000000011,9,1,11,False
2980,CHEMBL3400965,Cc1oc(=O)oc1COC(=O)c1ccc2c3nc(N4CCC[C@@H](N)C4)n(Cc4ccccc4Cl)c3c(=O)n(C)c2c1.Cl,<rdkit.Chem.rdchem.Mol object at 0x7f65257335a0>,1.4,7.853871964321762,4.150820000000004,138.73,614.4860000000012,9,1,11,False
2981,CHEMBL3400966,Cc1oc(=O)oc1COC(=O)c1ccc2c3nc(N4CCC[C@@H](N)C4)n(Cc4cc(F)ccc4Cl)c3c(=O)n(C)c2c1.Cl,<rdkit.Chem.rdchem.Mol object at 0x7f6525733610>,3.4,7.468521082957745,4.289920000000004,138.73,632.4760000000012,9,1,11,False
2982,CHEMBL3402118,Cn1c(=O)n(Cc2cc(C(=O)O)cc(C(=O)O)c2)c(=O)c2c1nc(N1CCC[C@@H](N)C1)n2Cc1ccccc1Cl,<rdkit.Chem.rdchem.Mol object at 0x7f6525733680>,500.0,5.301029995663981,1.9705999999999997,165.68000000000004,567.0020000000013,9,3,12,False
2983,CHEMBL3402120,Cn1c(=O)n(Cc2cccc(C(=O)O)c2)c(=O)c2c1nc(N1CCC[C@@H](N)C1)n2Cc1ccccc1Cl,<rdkit.Chem.rdchem.Mol object at 0x7f65257336f0>,230.0,5.638272163982407,2.2724,128.38,522.9930000000004,8,2,10,False
2984,CHEMBL3402125,Cn1c(=O)n(Cc2ccc(F)c(C(=O)O)c2)c(=O)c2c1nc(N1CCC[C@@H](N)C1)n2Cc1ccccc1Cl,<rdkit.Chem.rdchem.Mol object at 0x7f6525733760>,640.0,5.1938200260161125,2.411500000000001,128.38,540.9830000000013,8,2,10,False
2985,CHEMBL3402129,COc1ccc(Cn2c(=O)c3c(nc(N4CCC[C@@H](N)C4)n3Cc3ccccc3Cl)n(C)c2=O)cc1C(=O)O,<rdkit.Chem.rdchem.Mol object at 0x7f65257337d0>,36.0,6.443697499232713,2.281,137.60999999999999,553.0190000000015,10,2,11,False
2992,CHEMBL3425751,N[C@@H](CC(=O)N1CC[C@@H]2[C@@H](CCc3nnc(C(F)(F)C(F)(F)F)n32)C1)Cc1cc(F)c(F)cc1F,<rdkit.Chem.rdchem.Mol object at 0x7f6525733ae0>,67.0,6.173925197299173,3.645400000000002,77.04000000000002,511.4169999999997,6,1,5,False
2993,CHEMBL3425752,N[C@@H](CC(=O)N1CC[C@@H]2[C@H](CCc3nnc(C(F)(F)C(F)(F)F)n32)C1)Cc1cc(F)c(F)cc1F,<rdkit.Chem.rdchem.Mol object at 0x7f6525733b50>,258.0,5.58838029403677,3.645400000000002,77.04000000000002,511.4169999999997,6,1,5,False
3017,CHEMBL3616894,CC#CCn1c(N2CCC[C@@H](NC(C)=O)C2)nc2c1c(=O)n(Cc1nc(C)c3ccccc3n1)c(=O)n2C,<rdkit.Chem.rdchem.Mol object at 0x7f6525728660>,12200.0,3.913640169325252,1.3248200000000003,119.94,514.5899999999999,8,1,10,False
3018,CHEMBL3616896,CC#CCn1c(N2CC(=O)N[C@H](CO)C2)nc2c1c(=O)n(Cc1nc(C)c3ccccc3n1)c(=O)n2C,<rdkit.Chem.rdchem.Mol object at 0x7f65257286d0>,18100.0,3.742321425130816,-0.48297999999999797,140.17000000000002,502.53499999999985,8,2,11,False
3020,CHEMBL3616901,CC#CCn1c(N2CCNCC2)nc2c1c(=O)n(Cc1nc(OC)c3ccccc3n1)c(=O)n2C,<rdkit.Chem.rdchem.Mol object at 0x7f65257287b0>,25.0,6.6020599913279625,0.3297000000000003,112.10000000000002,474.5249999999998,7,1,11,False
3023,CHEMBL3616888,CC#CCn1c(N2CCNCC2)nc2c1c(=O)n(Cc1csc(CO)n1)c(=O)n2C,<rdkit.Chem.rdchem.Mol object at 0x7f6525728900>,650.0,5.187086643357144,-0.6732999999999989,110.21000000000001,429.50599999999974,7,2,11,False
3027,CHEMBL3616907,CC#CCn1c(N2CCNCC2)nc2c1c(=O)n(Cc1nn(-c3ccccc3)nc1C)c(=O)n2C,<rdkit.Chem.rdchem.Mol object at 0x7f6525728ac0>,180.0,5.7447274948966935,0.26702000000000203,107.80000000000001,473.54099999999977,7,1,11,False
3029,CHEMBL3616909,CC#CCn1c(N2CCNCC2)nc2c1c(=O)n(Cc1ccc(-n3cncn3)cc1)c(=O)n2C,<rdkit.Chem.rdchem.Mol object at 0x7f6525728ba0>,220.0,5.657577319177793,-0.04139999999999833,107.80000000000001,459.5139999999998,6,1,11,False
3044,CHEMBL3644788,N[C@@H](CC(=O)N1CCc2c(nc(-c3ccco3)nc2C(F)(F)F)C1)CN1C(=O)CCC(F)(F)[C@@H]1O,<rdkit.Chem.rdchem.Mol object at 0x7f6525729230>,6.0,7.221848749616356,1.9335999999999998,125.79,503.4279999999997,7,2,7,False
3046,CHEMBL3644783,N[C@@H](CC(=O)N1CCc2c(nc(C(F)(F)F)nc2C(F)(F)F)C1)CN1C(=O)CCC(F)(F)[C@@H]1O,<rdkit.Chem.rdchem.Mol object at 0x7f6525729310>,5.0,7.301029995663981,1.6924,112.65000000000002,505.36599999999976,6,2,6,False
3047,CHEMBL3644787,N[C@@H](CC(=O)N1CCc2c(nc(-c3ccncc3)nc2C(F)(F)F)C1)CN1C(=O)CCC(F)(F)[C@@H]1O,<rdkit.Chem.rdchem.Mol object at 0x7f6525729380>,10.0,7.0,1.7355999999999994,125.54,514.4549999999998,7,2,7,False
3049,CHEMBL3644782,N[C@@H](CC(=O)N1CCc2c(nc(C(F)(F)F)nc2C(F)(F)F)C1)CN1C(=O)CCC(F)(F)[C@H]1O,<rdkit.Chem.rdchem.Mol object at 0x7f6525729460>,36.0,6.443697499232713,1.6924,112.65000000000002,505.36599999999976,6,2,6,False
3051,CHEMBL3644793,N[C@@H](CC(=O)N1CCc2c(nc(-c3cccs3)nc2C(F)(F)F)C1)CN1C(=O)CCC(F)(F)[C@H]1O,<rdkit.Chem.rdchem.Mol object at 0x7f6525729540>,195.0,5.709965388637482,2.4021000000000012,112.65000000000002,519.4960000000002,7,2,7,False
3054,CHEMBL3644794,N[C@@H](CC(=O)N1CCc2c(nc(-c3ccc(F)cc3)nc2C(F)(F)F)C1)CN1C(=O)CCC(F)(F)[C@H]1O,<rdkit.Chem.rdchem.Mol object at 0x7f6525729690>,57.0,6.2441251443275085,2.4797000000000016,112.65000000000002,531.4570000000008,7,2,6,False
3055,CHEMBL3644798,N[C@@H](CC(=O)N1CCc2c(nc(-c3cccs3)nc2C(F)(F)F)C1)CN1C(=O)CCC(F)C1O,<rdkit.Chem.rdchem.Mol object at 0x7f6525729700>,159.0,5.798602875679548,2.1049,112.65000000000002,501.50599999999974,7,2,7,False
3056,CHEMBL3644803,N[C@@H](CC(=O)N1CCc2c(nc(-c3ccncc3)nc2C(F)(F)F)C1)CN1C(=O)CCC(F)(F)[C@H]1O,<rdkit.Chem.rdchem.Mol object at 0x7f6525729770>,63.0,6.200659450546418,1.7355999999999994,125.54,514.4549999999998,7,2,7,False
3057,CHEMBL3644789,N[C@@H](CC(=O)N1CCc2c(nc(-c3ccco3)nc2C(F)(F)F)C1)CN1C(=O)CCC(F)(F)[C@H]1O,<rdkit.Chem.rdchem.Mol object at 0x7f65257297e0>,93.0,6.031517051446065,1.9335999999999998,125.79,503.4279999999997,7,2,7,False
3058,CHEMBL3644792,N[C@@H](CC(=O)N1CCc2c(nc(-c3cccs3)nc2C(F)(F)F)C1)CN1C(=O)CCC(F)(F)[C@@H]1O,<rdkit.Chem.rdchem.Mol object at 0x7f6525729850>,10.0,7.0,2.4021000000000012,112.65000000000002,519.4960000000002,7,2,7,False
3063,CHEMBL3644795,N[C@@H](CC(=O)N1CCc2c(nc(C(F)(F)F)nc2C(F)(F)F)C1)CN1C(=O)CCC(F)(F)C1=O,<rdkit.Chem.rdchem.Mol object at 0x7f6525729a80>,2500.0,4.6020599913279625,1.9006,109.49000000000001,503.3499999999998,5,1,6,False
3087,CHEMBL3736067,N[C@H]1C[C@@H](N2Cc3cn(S(=O)(=O)c4cccc(C(F)(F)F)c4)nc3C2)CO[C@@H]1c1cc(F)ccc1F,<rdkit.Chem.rdchem.Mol object at 0x7f652572a500>,1.9,7.721246399047171,3.590200000000002,90.45,528.5030000000007,5,1,7,False
3089,CHEMBL3798441,C[C@H]1C[C@@H](C#N)N(C(=O)[C@@H](N)CC(=O)N2CCN(C(c3ccc(F)cc3)c3ccc(F)cc3)CC2)C1.O=C(O)C(F)(F)F.O=C(O)C(F)(F)F,<rdkit.Chem.rdchem.Mol object at 0x7f652572a5e0>,2600.0,4.585026652029182,3.942980000000002,168.26999999999995,723.6180000000019,8,3,9,False
3090,CHEMBL3799388,CC1CCN(C(=O)[C@@H](N)CC(=O)N2CCN(C(c3ccc(F)cc3)c3ccc(F)cc3)CC2)C1.O=C(O)C(F)(F)F,<rdkit.Chem.rdchem.Mol object at 0x7f652572a650>,19400.0,3.712198270069774,3.4175000000000013,107.17999999999999,584.5860000000017,8,2,6,False
3092,CHEMBL3797842,C=C1C[C@@H](C#N)N(C(=O)[C@@H](N)CC(=O)N2CCN(C(c3ccc(F)cc3)c3ccc(F)cc3)CC2)C1.O=C(O)C(F)(F)F.O=C(O)C(F)(F)F,<rdkit.Chem.rdchem.Mol object at 0x7f652572a730>,680.0,5.167491087293763,3.863080000000002,168.26999999999995,721.6020000000018,7,3,9,False
3093,CHEMBL3800113,C=C1CCN(C(=O)[C@@H](N)CC(=O)N2CCN(C(c3ccc(F)cc3)c3ccc(F)cc3)CC2)C1.O=C(O)C(F)(F)F.O=C(O)C(F)(F)F,<rdkit.Chem.rdchem.Mol object at 0x7f652572a7a0>,34000.0,3.4685210829577446,3.970900000000003,144.48,696.5920000000018,7,3,8,False
3095,CHEMBL3797299,N#C[C@@H]1[C@@H]2C[C@@H]2CN1C(=O)[C@@H](N)CC(=O)N1CCN(C(c2ccc(F)cc2)c2ccc(F)cc2)CC1.O=C(O)C(F)(F)F,<rdkit.Chem.rdchem.Mol object at 0x7f652572a880>,790.0,5.102372908709558,2.9195800000000007,130.96999999999997,607.5800000000016,7,2,7,False
3143,CHEMBL3919178,N[C@@H]1Cc2c(ccc3ccc(Br)cc23)O[C@H]1c1cc(F)c(F)cc1F,<rdkit.Chem.rdchem.Mol object at 0x7f652572bd80>,216.2,5.665144310382709,5.023100000000002,35.25,408.2169999999998,2,1,2,False
3145,CHEMBL3910262,CS(=O)(=O)c1cccc(-c2ccc3ccc4c(c3c2)C[C@@H](N)[C@H](c2cc(F)c(F)cc2F)O4)c1,<rdkit.Chem.rdchem.Mol object at 0x7f652572be60>,14.6,6.835647144215563,5.331100000000005,69.39,483.51099999999985,5,1,4,False
3147,CHEMBL3892233,N[C@@H]1Cc2c(ccc3cc(Br)ccc23)O[C@H]1c1cc(F)c(F)cc1F,<rdkit.Chem.rdchem.Mol object at 0x7f652572bf40>,39.2,6.406713932979542,5.023100000000002,35.25,408.2169999999998,2,1,2,False
3160,CHEMBL3979508,N[C@H]1Cc2c(ccc3cc(Br)ccc23)O[C@@H]1c1cc(F)c(F)cc1F,<rdkit.Chem.rdchem.Mol object at 0x7f652572c580>,5.17,7.286509456906058,5.023100000000002,35.25,408.2169999999998,2,1,2,False
3168,CHEMBL3945617,CC#CCn1c(N2CCC[C@@H](N)C2)nc2c1c(=O)n(CCCN1CCC(C(=O)Nc3ccc(C#N)cc3)CC1)c(=O)n2C,<rdkit.Chem.rdchem.Mol object at 0x7f652572c900>,800.0,5.096910013008056,1.4599800000000025,147.21,585.7130000000018,10,2,11,False
3169,CHEMBL3924059,CC#CCn1c(N2CCC[C@@H](N)C2)nc2c1c(=O)n(CCCN1CCC(C(=O)Nc3ccc(Br)cc3)CC1)c(=O)n2C,<rdkit.Chem.rdchem.Mol object at 0x7f652572c970>,770.0,5.113509274827518,2.3508000000000013,123.42000000000002,639.5990000000016,10,2,10,False
3170,CHEMBL3896047,CC#CCn1c(N2CCC[C@@H](N)C2)nc2c1c(=O)n(CCCN1CCC(C(=O)Nc3ccc(Cl)cc3)CC1)c(=O)n2C,<rdkit.Chem.rdchem.Mol object at 0x7f652572c9e0>,360.0,5.443697499232712,2.2417000000000016,123.42000000000002,595.1480000000017,10,2,10,False
3171,CHEMBL3915044,CC#CCn1c(N2CCC[C@@H](N)C2)nc2c1c(=O)n(CCCN1CCC(C(=O)Nc3ccc(F)cc3)CC1)c(=O)n2C,<rdkit.Chem.rdchem.Mol object at 0x7f652572ca50>,510.0,5.292429823902063,1.7274000000000016,123.42000000000002,578.6930000000018,10,2,10,False
3172,CHEMBL3984849,CC#CCn1c(N2CCC[C@@H](N)C2)nc2c1c(=O)n(CCCN1CCC(C(=O)Nc3ccc(OC)cc3)CC1)c(=O)n2C,<rdkit.Chem.rdchem.Mol object at 0x7f652572cac0>,120.0,5.920818753952375,1.5969000000000027,132.65000000000003,590.729000000002,12,2,11,False
3173,CHEMBL3898220,CC#CCn1c(N2CCC[C@@H](N)C2)nc2c1c(=O)n(CCCN1CCC(C(=O)Nc3ccc(C)cc3)CC1)c(=O)n2C,<rdkit.Chem.rdchem.Mol object at 0x7f652572cb30>,300.0,5.522878745280337,1.8967200000000022,123.42000000000002,574.730000000002,11,2,10,False
3174,CHEMBL3976778,CC#CCn1c(N2CCC[C@@H](N)C2)nc2c1c(=O)n(CCCN1CCC(C(=O)Nc3ccccc3)CC1)c(=O)n2C,<rdkit.Chem.rdchem.Mol object at 0x7f652572cba0>,220.0,5.657577319177793,1.5883000000000027,123.42000000000002,560.7030000000019,10,2,10,False
3175,CHEMBL3897118,CC#CCn1c(N2CCC[C@@H](N)C2)nc2c1c(=O)n(CCCN1CCC(C(=O)N(C)C)CC1)c(=O)n2C,<rdkit.Chem.rdchem.Mol object at 0x7f652572cc10>,260.0,5.585026652029182,0.03780000000000405,114.63000000000002,512.6589999999997,11,1,10,False
3176,CHEMBL3968249,CC#CCn1c(N2CCC[C@@H](N)C2)nc2c1c(=O)n(CCCN1CCC(C(=O)Oc3ccccc3)CC1)c(=O)n2C,<rdkit.Chem.rdchem.Mol object at 0x7f652572cc80>,280.0,5.552841968657781,1.5552000000000024,120.62000000000003,561.687000000002,10,1,11,False
3177,CHEMBL3979866,CC#CCn1c(N2CCC[C@@H](N)C2)nc2c1c(=O)n(CCCN1CCC(C(=O)OC3CCCCC3)CC1)c(=O)n2C,<rdkit.Chem.rdchem.Mol object at 0x7f652572ccf0>,360.0,5.443697499232712,1.825500000000002,120.62000000000003,567.7350000000022,10,1,11,False
3178,CHEMBL3899590,CC#CCn1c(N2CCC[C@@H](N)C2)nc2c1c(=O)n(CCCN1CCC(C(=O)OC3CCCC3)CC1)c(=O)n2C,<rdkit.Chem.rdchem.Mol object at 0x7f652572cd60>,890.0,5.050609993355088,1.4354000000000022,120.62000000000003,553.708000000002,10,1,11,False
3179,CHEMBL3972227,CC#CCn1c(N2CCC[C@@H](N)C2)nc2c1c(=O)n(CCCN1CCC(C(=O)OC3CCC3)CC1)c(=O)n2C,<rdkit.Chem.rdchem.Mol object at 0x7f652572cdd0>,610.0,5.214670164989233,1.0453000000000026,120.62000000000003,539.6810000000012,10,1,11,False
3180,CHEMBL3933623,CC#CCn1c(N2CCC[C@@H](N)C2)nc2c1c(=O)n(CCCN1CCC(C(=O)OCCC)CC1)c(=O)n2C,<rdkit.Chem.rdchem.Mol object at 0x7f652572ce40>,500.0,5.301029995663981,0.9028000000000027,120.62000000000003,527.6700000000005,12,1,11,False
3181,CHEMBL3980269,CC#CCn1c(N2CCC[C@@H](N)C2)nc2c1c(=O)n(CCCN1CCC(C(=O)OCC)CC1)c(=O)n2C,<rdkit.Chem.rdchem.Mol object at 0x7f652572ceb0>,140.0,5.853871964321762,0.512700000000003,120.62000000000003,513.6429999999997,11,1,11,False
3182,CHEMBL3910158,CC#CCn1c(N2CCC[C@@H](N)C2)nc2c1c(=O)n(CCCN1CCC(C(=O)OC)CC1)c(=O)n2C,<rdkit.Chem.rdchem.Mol object at 0x7f652572cf20>,250.0,5.6020599913279625,0.12260000000000337,120.62000000000003,499.61599999999964,10,1,11,False
3183,CHEMBL3927979,CC#CCn1c(N2CCCNCC2)nc2c1c(=O)n(CCCN1CCC(C(=O)OC(C)C)CC1)c(=O)n2C,<rdkit.Chem.rdchem.Mol object at 0x7f652572cf90>,2600.0,4.585026652029182,0.7734000000000034,106.63000000000002,527.6700000000004,11,1,11,False
3184,CHEMBL3909049,CC#CCn1c(N2CCNCC2)nc2c1c(=O)n(CCCN1CCC(C(=O)OC(C)C)CC1)c(=O)n2C,<rdkit.Chem.rdchem.Mol object at 0x7f652572d000>,5400.0,4.267606240177032,0.38330000000000286,106.63000000000002,513.6429999999997,11,1,11,False
3185,CHEMBL3920718,CC#CCn1c(N2CCC[C@@H](N)C2)nc2c1c(=O)n(CCCCN1CCC(C(=O)OC(C)C)CC1)c(=O)n2C,<rdkit.Chem.rdchem.Mol object at 0x7f652572d070>,400.0,5.3979400086720375,1.2913000000000026,120.62000000000003,541.6970000000013,13,1,11,False
3186,CHEMBL3892718,CC#CCn1c(N2CCC[C@@H](N)C2)nc2c1c(=O)n(CCCN1CCC(C(=O)OC(C)C)CC1)c(=O)n2C,<rdkit.Chem.rdchem.Mol object at 0x7f652572d0e0>,140.0,5.853871964321762,0.9012000000000029,120.62000000000003,527.6700000000005,12,1,11,False
3187,CHEMBL3929627,CC#CCn1c(N2CCC[C@@H](N)C2)nc2c1c(=O)n(CCN1CCC(C(=O)OC(C)C)CC1)c(=O)n2C,<rdkit.Chem.rdchem.Mol object at 0x7f652572d150>,760.0,5.119186407719209,0.5111000000000032,120.62000000000003,513.6429999999997,11,1,11,False
3188,CHEMBL3901674,CC#CCn1c(N2CCC[C@@H](N)C2)nc2c1c(=O)n(CCCCC1CCN(C(=O)OC(C)C)CC1)c(=O)n2C,<rdkit.Chem.rdchem.Mol object at 0x7f652572d1c0>,250.0,5.6020599913279625,2.274800000000001,120.62000000000003,541.6970000000013,12,1,10,False
3189,CHEMBL3902771,CC#CCn1c(N2CCC[C@@H](N)C2)nc2c1c(=O)n(CCCC1CCN(C(=O)OC(C)C)CC1)c(=O)n2C,<rdkit.Chem.rdchem.Mol object at 0x7f652572d230>,73.0,6.136677139879544,1.8847000000000012,120.62000000000003,527.6700000000005,11,1,10,False
3190,CHEMBL3973741,CC#CCn1c(N2CCC[C@@H](N)C2)nc2c1c(=O)n(CCC1CCN(C(=O)OC(C)C)CC1)c(=O)n2C,<rdkit.Chem.rdchem.Mol object at 0x7f652572d2a0>,950.0,5.022276394711152,1.4946000000000017,120.62000000000003,513.6429999999997,10,1,10,False
3202,CHEMBL3675620,Cc1nc(CN2C(=O)c3c(nc(N4CCC[C@@H](N)C4)n3Cc3cc(F)ccc3F)N3CCN=C23)nc2ccccc12,<rdkit.Chem.rdchem.Mol object at 0x7f652572d7e0>,43.49999999999999,6.361510743045363,3.220720000000002,108.77,557.6090000000014,7,1,9,False
3203,CHEMBL3675621,Cc1nc(CN2C(=O)c3c(nc(N4CCC[C@@H](N)C4)n3Cc3cc(F)ccc3C#N)N3CCCN=C23)nc2ccccc12,<rdkit.Chem.rdchem.Mol object at 0x7f652572d850>,99.0,6.00436480540245,3.3434000000000017,132.56,578.6560000000014,7,1,10,False
3207,CHEMBL3675625,Cc1nc(CN2C(=O)c3c(nc(N4CCC[C@@H](N)C4)n3Cc3cccc(F)c3)N3CCN=C23)nc2ccccc12,<rdkit.Chem.rdchem.Mol object at 0x7f652572da10>,19.3,6.714442690992226,3.081620000000001,108.77,539.6190000000014,7,1,9,False
3208,CHEMBL3675626,Cc1nc(CN2C(=O)c3c(nc(N4CCC[C@@H](N)C4)n3Cc3ccccc3)N3CCN=C23)nc2ccccc12,<rdkit.Chem.rdchem.Mol object at 0x7f652572da80>,32.0,6.494850021680094,2.94252,108.77,521.6290000000004,7,1,9,False
3215,CHEMBL3675633,Cc1nc(CN2C(=O)c3c(nc(N4CCC[C@@H](N)C4)n3Cc3sccc3F)N3CCN=C23)nc2ccccc12,<rdkit.Chem.rdchem.Mol object at 0x7f652572dd90>,29.0,6.537602002101044,3.1431200000000015,108.77,545.6480000000014,7,1,10,False
3216,CHEMBL3675634,Cc1nc(CN2C(=O)c3c(nc(N4CCC[C@@H](N)C4)n3CC3CC3(F)F)N3CCN=C23)nc2ccccc12,<rdkit.Chem.rdchem.Mol object at 0x7f652572de00>,14.1,6.85078088734462,2.5494200000000005,108.77,521.5760000000002,7,1,9,False
3218,CHEMBL3675636,Cc1nc(CN2C(=O)c3c(nc(N4CCC[C@@H](N)C4)n3Cc3ccccc3C#N)N3CCN=C23)nc2ccccc12,<rdkit.Chem.rdchem.Mol object at 0x7f652572dee0>,82.20000000000003,6.0851281824599495,2.8142000000000005,132.56,546.6390000000015,7,1,10,False
3220,CHEMBL3680628,CC#CCn1c(N2CCCC(NC(=O)OC(C)(C)C)C2)nc2c1c(=O)n(Cc1nc(NCc3ccccc3)c3ccccc3n1)c(=O)n2C,<rdkit.Chem.rdchem.Mol object at 0x7f652572dfc0>,6.0,7.221848749616356,4.017100000000002,141.20000000000002,663.7830000000017,9,2,12,False
3221,CHEMBL3680629,CC#CCn1c(N2CCC[C@@H](NC(=O)OC(C)(C)C)C2)nc2c1c(=O)n(Cc1cc(C#N)cc3ccccc13)c(=O)n2C,<rdkit.Chem.rdchem.Mol object at 0x7f652572e030>,6.0,7.221848749616356,3.4866800000000024,127.18,581.6770000000016,6,1,10,False
3222,CHEMBL3680630,CC#CCn1c(N2CCC[C@@H](NC(=O)OC(C)(C)C)C2)nc2c1c(=O)n(Cc1nc(-c3ccccc3)nc3ccccc13)c(=O)n2C,<rdkit.Chem.rdchem.Mol object at 0x7f652572e0a0>,9.0,7.045757490560675,4.072000000000003,129.17000000000002,634.7410000000017,7,1,11,False
3223,CHEMBL3680631,CC#CCn1c(N2CCC[C@@H](NC(=O)OC(C)(C)C)C2)nc2c1c(=O)n(Cc1cc(C#N)c3ccccc3n1)c(=O)n2C,<rdkit.Chem.rdchem.Mol object at 0x7f652572e110>,2.0,7.698970004336019,2.881680000000001,140.07000000000002,582.6650000000016,6,1,11,False
3224,CHEMBL3680632,CC#CCn1c(N2CCC[C@@H](NC(=O)OC(C)(C)C)C2)nc2c1c(=O)n(CC(=O)c1cccc(OC3CC3)c1)c(=O)n2C,<rdkit.Chem.rdchem.Mol object at 0x7f652572e180>,5.0,7.301029995663981,2.8376,129.69000000000003,590.6810000000017,9,1,11,False
3225,CHEMBL3680633,CC#CCn1c(N2CCC[C@@H](NC(=O)OC(C)(C)C)C2)nc2c1c(=O)n(Cc1ccc3nc(C)c(C)nc3c1)c(=O)n2C,<rdkit.Chem.rdchem.Mol object at 0x7f652572e1f0>,2.0,7.698970004336019,3.021840000000001,129.17000000000002,586.6970000000017,8,1,11,False
3226,CHEMBL3680634,CC#CCn1c(N2CCC[C@@H](NC(=O)OC(C)(C)C)C2)nc2c1c(=O)n(CC(=O)c1ccccc1Br)c(=O)n2C,<rdkit.Chem.rdchem.Mol object at 0x7f652572e260>,2.0,7.698970004336019,3.0589000000000004,120.46000000000001,613.5130000000014,7,1,10,False
3227,CHEMBL3680635,CC#CCn1c(N2CCC[C@@H](NC(=O)OC(C)(C)C)C2)nc2c1c(=O)n(Cc1nc3ccccc3c(C)c1C#N)c(=O)n2C,<rdkit.Chem.rdchem.Mol object at 0x7f652572e2d0>,2.0,7.698970004336019,3.190100000000001,140.07000000000002,596.6920000000017,7,1,11,False
3228,CHEMBL3680636,CC#CCn1c(N2CCC[C@@H](NC(=O)OC(C)(C)C)C2)nc2c1c(=O)n(Cc1nccc(-c3ccccc3)n1)c(=O)n2C,<rdkit.Chem.rdchem.Mol object at 0x7f652572e340>,2.0,7.698970004336019,2.918800000000001,129.17000000000002,584.6810000000016,7,1,11,False
3229,CHEMBL3680637,CC#CCn1c(N2CCC[C@@H](NC(=O)OC(C)(C)C)C2)nc2c1c(=O)n(CC(=O)c1ccccc1[N+](=O)[O-])c(=O)n2C,<rdkit.Chem.rdchem.Mol object at 0x7f652572e3b0>,3.0,7.522878745280337,2.2045999999999992,163.60000000000002,579.6140000000015,8,1,12,False
3246,CHEMBL3697950,CS(=O)(=O)n1cc2c(n1)CN([C@H]1C[C@H](N)C(c3cc(F)ccc3F)N(Cc3cncc4cccnc34)C1)C2,<rdkit.Chem.rdchem.Mol object at 0x7f652572eb20>,24.6,6.609064892896621,2.5709,110.24,539.6120000000013,7,1,9,False
3270,CHEMBL3650438,Cc1nc(Cn2c3nccc-3c(N3CCCC(N)C3)n(Cc3cc(F)ccc3C#N)c2=O)nc2ccccc12,<rdkit.Chem.rdchem.Mol object at 0x7f652572f5a0>,104.0,5.982966660701219,3.4361000000000024,118.64999999999999,522.5880000000004,7,1,9,False
3290,CHEMBL3686749,N=C(N)NCCC[C@H](N)C(=O)N1CCC[C@H]1B(O)O,<rdkit.Chem.rdchem.Mol object at 0x7f652572fe60>,7099.999999999997,4.1487416512809245,-2.420029999999997,148.69,271.12999999999977,9,6,5,False
3291,CHEMBL3686750,N=C(N)NCCC[C@H](N)C(=S)N1CCC[C@H]1B(O)O,<rdkit.Chem.rdchem.Mol object at 0x7f652572fed0>,1.2,7.920818753952375,-1.619229999999998,131.62,287.1979999999996,9,6,5,False
3306,CHEMBL3687981,CCN1C(=O)Cn2c1nc1nc(N3CCC[C@@H](NC(=O)OC(C)(C)C)C3)n(Cc3cc(F)ccc3C#N)c1c2=O,<rdkit.Chem.rdchem.Mol object at 0x7f652570c5f0>,13.5,6.8696662315049934,2.51208,138.38,550.5950000000015,6,1,10,False
3312,CHEMBL4106669,Cc1ccc(S(=O)(=O)N=S(C)(=O)n2cc3c(n2)CN([C@H]2CO[C@H](c4cc(F)ccc4F)[C@@H](N)C2)C3)cc1,<rdkit.Chem.rdchem.Mol object at 0x7f652570c890>,18.5,6.732828271596986,2.8926200000000017,119.88,551.6410000000013,8,1,8,False
3315,CHEMBL3970322,C[C@]1(N2Cc3cn(S(=O)(=O)NC(=O)OCc4ccccc4)nc3C2)CO[C@H](c2cc(F)ccc2F)[C@@H](N)C1,<rdkit.Chem.rdchem.Mol object at 0x7f652570c9e0>,8.8,7.055517327849832,2.7437999999999994,128.78,547.5840000000013,8,2,9,False
3329,CHEMBL3965610,CC(C)=CCn1c(N2CCCC(N)C2)nc2c1c(=O)n(CC(=O)c1cccc(C(=O)O)c1)c(=O)n2C,<rdkit.Chem.rdchem.Mol object at 0x7f652570d000>,5.0,7.301029995663981,1.3715000000000006,145.45000000000002,494.5519999999998,11,2,11,False
3330,CHEMBL3897624,CNC(=O)c1cccc(C(=O)Cn2c(=O)c3c(nc(N4CCCC(N)C4)n3CC=C(C)C)n(C)c2=O)c1,<rdkit.Chem.rdchem.Mol object at 0x7f652570d070>,5.0,7.301029995663981,1.032900000000001,137.25,507.5949999999997,12,2,10,False
3331,CHEMBL3957746,CC(C)=CCn1c(N2CCCC(N)C2)nc2c1c(=O)n(CC(=O)c1ccccc1C(=O)N1CCOCC1)c(=O)n2C,<rdkit.Chem.rdchem.Mol object at 0x7f652570d0e0>,6.0,7.221848749616356,1.1457000000000017,137.69,563.6590000000018,11,1,11,False
3335,CHEMBL3974068,COc1cccc(C(=O)Cn2c(=O)c3c(nc(N4CCCC(N)C4)n3CC=C(C)C)n(C)c2=O)c1OC,<rdkit.Chem.rdchem.Mol object at 0x7f652570d2a0>,22.0,6.657577319177793,1.6905000000000003,126.61,510.5949999999997,14,1,11,False
3337,CHEMBL3955534,CC#CCn1c(N2CCC[C@@H](N)C2)nc2c1c(=O)n(CC(=O)c1ccccc1OCC(=O)NCC)c(=O)n2C,<rdkit.Chem.rdchem.Mol object at 0x7f652570d380>,2.0,7.698970004336019,0.24530000000000274,146.48000000000002,535.6050000000012,12,2,11,False
3339,CHEMBL3987141,C/C=C/Cn1c(N2CCCC(N)C2)nc2c1c(=O)n(CC(=O)c1ccccc1NC(=O)C(C)C)c(=O)n2C,<rdkit.Chem.rdchem.Mol object at 0x7f652570d460>,3.0,7.522878745280337,1.8777000000000001,137.25,521.6220000000003,13,2,10,False
3344,CHEMBL3974699,CC#CCn1c(N2CCC[C@@H](N)C2)nc2c1c(=O)n(CC(=O)c1cccc3c1OCCO3)c(=O)n2C,<rdkit.Chem.rdchem.Mol object at 0x7f652570d690>,3.0,7.522878745280337,0.5016000000000023,126.61000000000001,492.53599999999983,7,1,11,False
3347,CHEMBL3979864,CC#CCn1c(N2CCC[C@@H](N)C2)nc2c1c(=O)n(CC(=O)c1cccc3c1OCO3)c(=O)n2C,<rdkit.Chem.rdchem.Mol object at 0x7f652570d7e0>,4.0,7.397940008672037,0.45910000000000184,126.61000000000001,478.50899999999984,7,1,11,False
3348,CHEMBL3950914,C/C=C/Cn1c(N2CCC[C@H](N)C2)nc2c1c(=O)n(CC(=O)c1ccccc1NC(=O)C(C)C)c(=O)n2C,<rdkit.Chem.rdchem.Mol object at 0x7f652570d850>,4.0,7.397940008672037,1.8777000000000001,137.25,521.6220000000003,13,2,10,False
3349,CHEMBL3965981,C/C=C/Cn1c(N2CCC[C@@H](N)C2)nc2c1c(=O)n(CC(=O)c1ccccc1OCC(=O)NC)c(=O)n2C,<rdkit.Chem.rdchem.Mol object at 0x7f652570d8c0>,1.0,8.0,0.4080000000000022,146.48000000000002,523.5940000000004,13,2,11,False
3350,CHEMBL3893759,C/C=C/Cn1c(N2CCC[C@H](N)C2)nc2c1c(=O)n(CC(=O)c1ccccc1OCC(=O)NC)c(=O)n2C,<rdkit.Chem.rdchem.Mol object at 0x7f652570d930>,1.0,8.0,0.4080000000000022,146.48000000000002,523.5940000000004,13,2,11,False
3351,CHEMBL3903674,CC#CCn1c(N2CCC[C@@H](N)C2)nc2c1c(=O)n(CC(=O)c1ccccc1NC(=O)C(C)C)c(=O)n2C,<rdkit.Chem.rdchem.Mol object at 0x7f652570d9a0>,3.0,7.522878745280337,1.3249000000000009,137.25,519.6060000000002,11,2,10,False
3352,CHEMBL3926493,C/C=C/Cn1c(N2CCC[C@@H](N)C2)nc2c1c(=O)n(CC(=O)c1ccccc1NC(=O)C(C)C)c(=O)n2C,<rdkit.Chem.rdchem.Mol object at 0x7f652570da10>,4.0,7.397940008672037,1.8777000000000001,137.25,521.6220000000003,13,2,10,False
3354,CHEMBL3953094,CC#CCn1c(N2CCC[C@@H](N)C2)nc2c1c(=O)n(Cc1nc(-c3ccccc3)c3ccccc3n1)c(=O)n2C,<rdkit.Chem.rdchem.Mol object at 0x7f652570daf0>,4.0,7.397940008672037,2.5060000000000002,116.86000000000001,534.6240000000012,7,1,10,False
3357,CHEMBL3958670,CC#CCn1c(N2CCC[C@@H](N)C2)nc2c1c(=O)n(C/C=C/c1c(F)c(F)c(F)c(F)c1F)c(=O)n2C,<rdkit.Chem.rdchem.Mol object at 0x7f652570dc40>,8.0,7.096910013008056,2.2564,91.08000000000001,522.4780000000004,7,1,8,False
3358,CHEMBL3931178,CC#CCn1c(N2CCC[C@@H](N)C2)nc2c1c(=O)n(Cc1nc(C(F)(F)F)cc3ccccc13)c(=O)n2C,<rdkit.Chem.rdchem.Mol object at 0x7f652570dcb0>,13.0,6.886056647693163,2.4628000000000005,103.97000000000003,525.5350000000005,6,1,9,False
3359,CHEMBL3917354,CC#CCn1c(N2CCC[C@@H](N)C2)nc2c1c(=O)n(Cc1nc(C(F)F)cc3ccccc13)c(=O)n2C,<rdkit.Chem.rdchem.Mol object at 0x7f652570dd20>,6.0,7.221848749616356,2.3816000000000006,103.97000000000003,507.5449999999998,7,1,9,False
3360,CHEMBL3948679,CC#CCn1c(N2CCC[C@@H](N)C2)nc2c1c(=O)n(CC(=O)c1ccccc1-c1ccccc1)c(=O)n2C,<rdkit.Chem.rdchem.Mol object at 0x7f652570dd90>,6.0,7.221848749616356,2.397400000000001,108.15,510.59799999999984,8,1,9,False
3363,CHEMBL3938789,Cc1cc2ccccc2c(Cn2c(=O)c3c(nc(N4CCC[C@@H](N)C4)n3Cc3ccccc3Cl)n(C)c2=O)n1,<rdkit.Chem.rdchem.Mol object at 0x7f652570dee0>,11.0,6.958607314841775,3.4308200000000024,103.97000000000001,544.0590000000014,8,1,9,False
3364,CHEMBL3962719,Cc1cc2ccccc2c(Cn2c(=O)c3c(nc(N4CCC[C@@H](N)C4)n3Cc3ccccc3Br)n(C)c2=O)n1,<rdkit.Chem.rdchem.Mol object at 0x7f652570df50>,14.0,6.853871964321762,3.539920000000002,103.97000000000001,588.5100000000014,8,1,9,False
3365,CHEMBL4067185,C[C@H](N[C@@H](CCc1ccccc1)C(=O)O)C(=O)N1C[C@@H](NC(=O)C[C@H](N)Cc2cc(F)c(F)cc2F)C[C@H]1C(=O)O,<rdkit.Chem.rdchem.Mol object at 0x7f652570dfc0>,255.0,5.5934598195660445,1.5982000000000023,162.06,578.5880000000016,15,5,8,False
3366,CHEMBL4086264,CC[C@H](N[C@@H](CCc1ccccc1)C(=O)O)C(=O)N1C[C@@H](NC(=O)C[C@H](N)Cc2cc(F)c(F)cc2F)C[C@H]1C(=O)O,<rdkit.Chem.rdchem.Mol object at 0x7f652570e030>,57.0,6.2441251443275085,1.988300000000002,162.06,592.6150000000016,16,5,8,False
3367,CHEMBL4078112,CCC[C@H](N[C@@H](CCc1ccccc1)C(=O)O)C(=O)N1C[C@@H](NC(=O)C[C@H](N)Cc2cc(F)c(F)cc2F)C[C@H]1C(=O)O,<rdkit.Chem.rdchem.Mol object at 0x7f652570e0a0>,67.0,6.173925197299173,2.378400000000002,162.06,606.6420000000016,17,5,8,False
3368,CHEMBL4090635,CCCC[C@H](N[C@@H](CCc1ccccc1)C(=O)O)C(=O)N1C[C@@H](NC(=O)C[C@H](N)Cc2cc(F)c(F)cc2F)C[C@H]1C(=O)O,<rdkit.Chem.rdchem.Mol object at 0x7f652570e110>,102.0,5.991399828238082,2.768500000000002,162.06,620.6690000000017,18,5,8,False
3369,CHEMBL4081713,Cc1ccc(-c2c(CN)c(CC(C)C)nc(C)c2C(=O)OCc2ccccc2C(=O)O)cc1.Cl.Cl,<rdkit.Chem.rdchem.Mol object at 0x7f652570e180>,29.0,6.537602002101044,5.921440000000007,102.51,519.469,13,2,6,False
3370,CHEMBL4059789,Cc1ccc(-c2c(CN)c(CC(C)C)nc(C)c2C(=O)OC[C@H]2CC[C@H](C(=O)O)CC2)cc1.Cl.Cl,<rdkit.Chem.rdchem.Mol object at 0x7f652570e1f0>,80.0,6.096910013008056,5.914040000000007,102.51,525.5170000000003,13,2,6,False
3372,CHEMBL4098218,Cc1ccc(-c2c(CCc3nc(C(=O)O)cs3)c(C)nc(CC(C)C)c2CN)cc1.Cl.Cl,<rdkit.Chem.rdchem.Mol object at 0x7f652570e2d0>,2.6,7.585026652029182,5.806140000000006,89.1,496.5039999999996,13,2,6,False
3373,CHEMBL4097306,Cc1ccc(-c2c(/C=C/c3nc(C(=O)O)cs3)c(C)nc(CC(C)C)c2CN)cc1.Cl.Cl,<rdkit.Chem.rdchem.Mol object at 0x7f652570e340>,5.5,7.259637310505756,6.1913400000000065,89.1,494.48799999999966,12,2,6,False
3375,CHEMBL4068446,Cc1ccc(-c2c(CN)c(CC(C)C)nc3ccc(-c4nc(C(=O)O)cs4)cc23)cc1.Cl.Cl,<rdkit.Chem.rdchem.Mol object at 0x7f652570e420>,0.38,8.42021640338319,6.532720000000006,89.10000000000001,504.48299999999966,10,2,6,False
3376,CHEMBL4085490,Cc1ccc(-c2c(CN)c(CC(C)C)nc3ccc(-c4ccc(C(=O)O)o4)cc23)cc1.Cl.Cl,<rdkit.Chem.rdchem.Mol object at 0x7f652570e490>,28.0,6.552841968657781,6.669220000000006,89.35,487.4269999999997,10,2,5,False
3377,CHEMBL4078049,Cc1ccc(-c2c(CN)c(CC(C)C)nc3ccc(OCCCCCC(=O)O)cc23)cc1.Cl.Cl,<rdkit.Chem.rdchem.Mol object at 0x7f652570e500>,6.8,7.167491087293763,6.734820000000007,85.44000000000001,507.5019999999995,15,2,5,False
3378,CHEMBL4098936,Cc1ccc(-c2c(CN)c(CC(C)C)nc3ccc(OCCCCC(=O)O)cc23)cc1.Cl.Cl,<rdkit.Chem.rdchem.Mol object at 0x7f652570e570>,4.6,7.337242168318426,6.344720000000007,85.44000000000001,493.47499999999957,14,2,5,False
3379,CHEMBL4071958,Cc1ccc(-c2c(CN)c(CC(C)C)nc3ccc(OCCCC(=O)O)cc23)cc1.Cl.Cl,<rdkit.Chem.rdchem.Mol object at 0x7f652570e5e0>,17.0,6.769551078621726,5.9546200000000065,85.44000000000001,479.4479999999995,13,2,5,False
3380,CHEMBL4075351,Cc1ccc(-c2c(CN)c(CC(C)C)nc3ccc(OCCC(=O)O)cc23)cc1.Cl.Cl,<rdkit.Chem.rdchem.Mol object at 0x7f652570e650>,29.0,6.537602002101044,5.564520000000006,85.44000000000001,465.4209999999996,12,2,5,False
3381,CHEMBL4082445,Cc1ccc(-c2c(CN)c(CC(C)C)nc3ccc(OCC(=O)O)cc23)cc1.Cl.Cl,<rdkit.Chem.rdchem.Mol object at 0x7f652570e6c0>,140.0,5.853871964321762,5.174420000000006,85.44000000000001,451.39399999999955,11,2,5,False
3388,CHEMBL4072218,CC(C)Cc1nc2ccc(Br)cc2c(-c2ccccc2)c1CN,<rdkit.Chem.rdchem.Mol object at 0x7f652570e9d0>,630.0,5.200659450546418,5.321500000000005,38.91,369.30599999999976,7,1,2,False
3393,CHEMBL4089615,Cc1ccc(-c2c(CCc3nc(C(N)=O)cs3)c(C)nc(CC(C)C)c2CN)cc1.Cl.Cl,<rdkit.Chem.rdchem.Mol object at 0x7f652570ec00>,8.5,7.070581074285707,5.206840000000006,94.89,495.5199999999995,13,2,5,False
3396,CHEMBL4059815,Cc1ccc(-c2c(COCc3ccc(C(=O)O)cc3)c(C)nc(CC(C)C)c2CN)cc1.Cl.Cl,<rdkit.Chem.rdchem.Mol object at 0x7f652570ed50>,7.2,7.142667503568731,6.281240000000007,85.44,505.48599999999954,14,2,5,False
3397,CHEMBL4100667,Cc1ccc(-c2c(CN)c(CC(C)C)nc(C)c2C(=O)OCc2ccc(C(=O)O)cc2)cc1.Cl.Cl,<rdkit.Chem.rdchem.Mol object at 0x7f652570edc0>,17.0,6.769551078621726,5.921440000000007,102.51,519.469,13,2,6,False
3398,CHEMBL4082680,Cc1ccc(-c2c(CN)c(CC(C)C)nc(C)c2C(=O)OCc2cccc(C(=O)O)c2)cc1.Cl.Cl,<rdkit.Chem.rdchem.Mol object at 0x7f652570ee30>,87.0,6.060480747381382,5.921440000000007,102.51,519.469,13,2,6,False
3399,CHEMBL4096274,CC(=O)c1csc(-c2cnc(CC(C)C)c(CN)c2-c2ccc(C)cc2)n1.Cl.Cl,<rdkit.Chem.rdchem.Mol object at 0x7f652570eea0>,8.7,7.060480747381382,5.883920000000005,68.87,452.4509999999996,11,1,5,False
3404,CHEMBL4077174,Cl.N[C@@H](CC(=O)N1CC[C@@H]2[C@@H](CCc3nnc(Cc4ccccc4)n32)C1)Cc1cc(F)c(F)cc1F,<rdkit.Chem.rdchem.Mol object at 0x7f652570f0d0>,123.3,5.909036923404268,4.003900000000003,77.04000000000002,519.9990000000001,7,1,5,False
3405,CHEMBL4093298,CCOc1cccc(-c2nnc3n2[C@@H]2CCN(C(=O)C[C@H](N)Cc4cc(F)c(F)cc4F)C[C@@H]2CC3)n1.Cl,<rdkit.Chem.rdchem.Mol object at 0x7f652570f140>,139.0,5.856985199745905,3.8738000000000024,99.16000000000001,551.0130000000014,9,1,7,False
3406,CHEMBL4062977,Cl.N[C@@H](CC(=O)N1CC[C@@H]2[C@@H](CCc3nnc(-c4ccccn4)n32)C1)Cc1cc(F)c(F)cc1F,<rdkit.Chem.rdchem.Mol object at 0x7f652570f1b0>,43.4,6.36251027048749,3.475100000000002,89.93,506.95999999999975,6,1,6,False
3407,CHEMBL4090906,Cl.N[C@@H](CC(=O)N1CC[C@@H]2[C@@H](CCc3nnc(-c4cnccn4)n32)C1)Cc1cc(F)c(F)cc1F,<rdkit.Chem.rdchem.Mol object at 0x7f652570f220>,60.0,6.221848749616356,2.8701000000000008,102.82000000000002,507.94799999999975,6,1,7,False
3408,CHEMBL4071607,Cc1nc(-c2nnc3n2[C@@H]2CCN(C(=O)C[C@H](N)Cc4cc(F)c(F)cc4F)C[C@@H]2CC3)cs1.Cl,<rdkit.Chem.rdchem.Mol object at 0x7f652570f290>,50.2,6.29929628285498,3.845020000000003,89.93,527.0160000000005,7,1,7,False
3419,CHEMBL4161474,N#Cc1ccc(F)cc1Cn1c(N2CCC[C@@H](N)C2)nc2c(Br)c(Br)[nH]c2c1=O,<rdkit.Chem.rdchem.Mol object at 0x7f652570f760>,1.67,7.777283528852417,3.23618,103.72999999999999,524.1920000000005,4,2,6,False
3427,CHEMBL4175111,CS(=O)(=O)c1ccc(-c2c[nH]c3c(=O)n(Cc4cc(F)ccc4C#N)c(N4CCC[C@@H](N)C4)nc23)cc1,<rdkit.Chem.rdchem.Mol object at 0x7f652570fae0>,0.72,8.142667503568731,2.7816800000000006,137.87,520.5900000000004,7,2,8,False
3428,CHEMBL4161924,CS(=O)(=O)c1ccccc1-c1c[nH]c2c(=O)n(Cc3cc(F)ccc3C#N)c(N3CCC[C@@H](N)C3)nc12,<rdkit.Chem.rdchem.Mol object at 0x7f652570fb50>,1.58,7.801342913045577,2.7816800000000006,137.87,520.5900000000004,7,2,8,False
3429,CHEMBL4169845,CS(=O)(=O)c1cccc(-c2c[nH]c3c(=O)n(Cc4cc(F)ccc4C#N)c(N4CCC[C@@H](N)C4)nc23)c1,<rdkit.Chem.rdchem.Mol object at 0x7f652570fbc0>,0.61,8.214670164989233,2.7816800000000006,137.87,520.5900000000004,7,2,8,False
3430,CHEMBL4165359,CC(C)S(=O)(=O)c1ccc(-c2c[nH]c3c(=O)n(Cc4cc(F)ccc4C#N)c(N4CCC[C@@H](N)C4)nc23)cc1,<rdkit.Chem.rdchem.Mol object at 0x7f652570fc30>,1.69,7.772113295386326,3.5602800000000014,137.87,548.6440000000014,9,2,8,False
3431,CHEMBL4173272,N#Cc1ccc(F)cc1Cn1c(N2CCC[C@@H](N)C2)nc2c(-c3ccc(S(N)(=O)=O)cc3)c[nH]c2c1=O,<rdkit.Chem.rdchem.Mol object at 0x7f652570fca0>,1.61,7.79317412396815,2.0255799999999997,163.89,521.5780000000004,7,3,8,False
3432,CHEMBL4173673,CS(=O)(=O)c1ccc(-c2c[nH]c3c(=O)n(Cc4cc(F)ccc4C#N)c(N4CCC[C@@H](N)C4)nc23)cc1F,<rdkit.Chem.rdchem.Mol object at 0x7f652570fd10>,1.45,7.838631997765025,2.9207800000000006,137.87,538.5800000000013,7,2,8,False
3433,CHEMBL4162971,CS(=O)(=O)c1ccc(-c2c[nH]c3c(=O)n(Cc4cc(F)ccc4C#N)c(N4CCC[C@@H](N)C4)nc23)c(F)c1,<rdkit.Chem.rdchem.Mol object at 0x7f652570fd80>,0.77,8.113509274827518,2.9207800000000006,137.87,538.5800000000012,7,2,8,False
3449,CHEMBL297453,O=C(O[C@@H]1Cc2c(O)cc(O)cc2O[C@@H]1c1cc(O)c(O)c(O)c1)c1cc(O)c(O)c(O)c1,<rdkit.Chem.rdchem.Mol object at 0x7f6525718510>,10210.0,3.9909742579130896,2.233199999999999,197.36999999999998,458.37499999999994,11,8,11,False
3450,CHEMBL257839,OC[C@H]1O[C@@H](Oc2cc3c(O)cc(O)cc3[o+]c2-c2ccc(O)c(O)c2)[C@H](O)[C@@H](O)[C@@H]1O,<rdkit.Chem.rdchem.Mol object at 0x7f6525718580>,420.0,5.376750709602099,0.38199999999999973,191.59999999999997,449.38799999999986,12,8,10,False
3451,CHEMBL2165586,C[C@@H]1O[C@@H](OC[C@H]2O[C@@H](Oc3cc(O)c4c(c3)O[C@H](c3ccc(O)c(O)c3)CC4=O)[C@H](O)[C@@H](O)[C@@H]2O)[C@H](O)[C@H](O)[C@H]1O,<rdkit.Chem.rdchem.Mol object at 0x7f65257185f0>,10360.0,3.9846402445907856,-1.4596000000000007,245.28999999999996,596.5380000000016,16,9,15,False
3464,CHEMBL4238698,Cc1csc(NC2c3cc(I)ccc3N=C(c3ccccc3)N2/N=C/c2cccc([N+](=O)[O-])c2)n1,<rdkit.Chem.rdchem.Mol object at 0x7f6525718ba0>,1.22,7.913640169325252,6.5030200000000065,96.02,594.438000000001,7,1,8,False
3465,CHEMBL4242883,COc1ccc(/C=N/N2C(c3ccccc3)=Nc3ccc(I)cc3C2Nc2nccs2)cc1,<rdkit.Chem.rdchem.Mol object at 0x7f6525718c10>,1.62,7.790484985457369,6.295000000000004,62.11,565.4400000000009,7,1,7,False
3466,CHEMBL4249193,O=[N+]([O-])c1cccc(/C=N/N2C(c3ccccc3)=Nc3ccccc3C2Nc2nccs2)c1,<rdkit.Chem.rdchem.Mol object at 0x7f6525718c80>,1.33,7.876148359032914,5.590000000000003,96.02,454.5149999999999,6,1,8,False
3467,CHEMBL4239107,O=[N+]([O-])c1cccc(/C=N/N2C(c3ccccc3)=Nc3ccc(I)cc3C2Nc2nccs2)c1,<rdkit.Chem.rdchem.Mol object at 0x7f6525718cf0>,0.76,8.119186407719209,6.194600000000003,96.02,580.4110000000007,6,1,8,False
3489,CHEMBL4516388,O=C(CCCCCO)N[C@@H](CC(=O)N1CCn2c(nnc2C(F)(F)F)C1)Cc1cc(F)c(F)cc1F,<rdkit.Chem.rdchem.Mol object at 0x7f6525719690>,223.0,5.651695136951839,2.726700000000001,100.35,521.4620000000002,11,2,6,False
3490,CHEMBL4464592,O=C(CCCCO)N[C@@H](CC(=O)N1CCn2c(nnc2C(F)(F)F)C1)Cc1cc(F)c(F)cc1F,<rdkit.Chem.rdchem.Mol object at 0x7f6525719700>,226.0,5.645891560852599,2.3366,100.35,507.4349999999997,10,2,6,False
3493,CHEMBL4524414,O=C(CCCCCO[N+](=O)[O-])N[C@@H](CC(=O)N1CCn2c(nnc2C(F)(F)F)C1)Cc1cc(F)c(F)cc1F,<rdkit.Chem.rdchem.Mol object at 0x7f6525719850>,60.0,6.221848749616356,2.942700000000001,132.48999999999998,566.4590000000011,12,1,8,False
3494,CHEMBL4577865,O=C(CCCCO[N+](=O)[O-])N[C@@H](CC(=O)N1CCn2c(nnc2C(F)(F)F)C1)Cc1cc(F)c(F)cc1F,<rdkit.Chem.rdchem.Mol object at 0x7f65257198c0>,170.0,5.769551078621726,2.552600000000001,132.48999999999998,552.432000000001,11,1,8,False
3495,CHEMBL4437841,O=C(CCCO[N+](=O)[O-])N[C@@H](CC(=O)N1CCn2c(nnc2C(F)(F)F)C1)Cc1cc(F)c(F)cc1F,<rdkit.Chem.rdchem.Mol object at 0x7f6525719930>,197.0,5.705533773838407,2.1624999999999996,132.48999999999998,538.405000000001,10,1,8,False
3496,CHEMBL4434648,O=C(CO[N+](=O)[O-])N[C@@H](CC(=O)N1CCn2c(nnc2C(F)(F)F)C1)Cc1cc(F)c(F)cc1F,<rdkit.Chem.rdchem.Mol object at 0x7f65257199a0>,190.0,5.721246399047171,1.3822999999999992,132.48999999999998,510.3509999999999,8,1,8,False
3497,CHEMBL4535549,CC[C@H](C)[C@H](NC(=O)[C@H](CC(C)C)NC(=O)[C@@H]1CCCN1C(=O)[C@H](CC(C)C)NC(=O)[C@@H]1CCCN1C(=O)[C@@H](NC(=O)CN)[C@@H](C)CC)C(=O)O,<rdkit.Chem.rdchem.Mol object at 0x7f6525719a10>,3830000.0,1.4168012260313771,1.1353000000000084,220.34,721.9410000000025,28,6,9,False
3505,CHEMBL4544024,CC#CCn1c(N2CCC[C@@H](N)C2)nc2c1c(=O)n(Cc1c(Br)cccc1C(=O)O)c(=O)n2C,<rdkit.Chem.rdchem.Mol object at 0x7f6525719d90>,1.05,7.978810700930062,1.3565000000000005,128.38000000000002,529.3950000000008,7,2,10,False
3506,CHEMBL4536341,CC#CCn1c(N2CCC[C@@H](N)C2)nc2c1c(=O)n(Cc1cc(Br)ccc1C(=O)O)c(=O)n2C,<rdkit.Chem.rdchem.Mol object at 0x7f6525719e00>,0.72,8.142667503568731,1.3565000000000005,128.38000000000002,529.3950000000008,7,2,10,False
3507,CHEMBL4461587,CC#CCn1c(N2CCC[C@@H](N)C2)nc2c1c(=O)n(Cc1ccc(Br)cc1C(=O)O)c(=O)n2C,<rdkit.Chem.rdchem.Mol object at 0x7f6525719e70>,0.22,8.657577319177793,1.3565,128.38000000000002,529.3950000000008,7,2,10,False
3508,CHEMBL4458832,CC#CCn1c(N2CCC[C@@H](N)C2)nc2c1c(=O)n(Cc1c(OC)cccc1C(=O)O)c(=O)n2C,<rdkit.Chem.rdchem.Mol object at 0x7f6525719ee0>,5.99,7.222573177610688,0.6026000000000016,137.61000000000004,480.5249999999998,9,2,11,False
3509,CHEMBL4588692,CC#CCn1c(N2CCC[C@@H](N)C2)nc2c1c(=O)n(Cc1cc(OC)ccc1C(=O)O)c(=O)n2C,<rdkit.Chem.rdchem.Mol object at 0x7f6525719f50>,0.44,8.356547323513812,0.6026000000000016,137.61000000000004,480.5249999999998,9,2,11,False
3510,CHEMBL4464069,CC#CCn1c(N2CCC[C@@H](N)C2)nc2c1c(=O)n(Cc1cc(C#N)ccc1C(=O)O)c(=O)n2C,<rdkit.Chem.rdchem.Mol object at 0x7f6525719fc0>,2.43,7.614393726401688,0.4656800000000009,152.17,475.50899999999984,7,2,11,False
3516,CHEMBL4468590,CC#CCn1c(N2CCC[C@@H](N)C2)nc2c1c(=O)n(Cc1ccc(Cl)cc1C(=O)OCC)c(=O)n2C,<rdkit.Chem.rdchem.Mol object at 0x7f652571a260>,74.43,6.128251981008129,1.7259,117.38000000000002,512.9979999999998,9,1,10,False
3517,CHEMBL4465374,CC#CCn1c(N2CCC[C@@H](N)C2)nc2c1c(=O)n(Cc1ccc(Br)cc1C(=O)OC)c(=O)n2C,<rdkit.Chem.rdchem.Mol object at 0x7f652571a2d0>,22.09,6.655804284128565,1.4449000000000003,117.38000000000002,543.4220000000013,8,1,10,False
3518,CHEMBL4528149,CC#CCn1c(N2CCC[C@@H](N)C2)nc2c1c(=O)n(Cc1ccc(Br)cc1C(=O)OCC)c(=O)n2C,<rdkit.Chem.rdchem.Mol object at 0x7f652571a340>,85.48,6.068135486507968,1.835,117.38000000000002,557.4490000000013,9,1,10,False
3522,CHEMBL4460852,Cc1cccc(-c2nnc3ccc(N4CCN(C(c5ccccc5)c5ccccc5)CC4)nn23)c1,<rdkit.Chem.rdchem.Mol object at 0x7f652571a500>,1.75,7.756961951313706,5.011320000000005,49.56,460.58499999999975,6,0,6,False
3540,CHEMBL4464819,Cc1nc(CN2C(=O)c3c(nc(N4CCC[C@@H](N)C4)n3CC(=O)C3CC3)N3CCN=C23)nc2ccccc12,<rdkit.Chem.rdchem.Mol object at 0x7f652571ace0>,4.41,7.355561410532162,1.8733200000000003,125.83999999999999,513.6059999999999,8,1,10,False
3541,CHEMBL4563476,Cc1nc(CN2C(=O)c3c(nc(N4CCC[C@@H](N)C4)n3Cc3cc(F)cs3)N3CCN=C23)nc2ccccc12,<rdkit.Chem.rdchem.Mol object at 0x7f652571ad50>,28.7,6.542118103266008,3.1431200000000015,108.77,545.6480000000014,7,1,10,False
3550,CHEMBL4634474,N[C@H]1C[C@@H](N2Cc3cn(S(=O)(=O)C4CCCC4)nc3C2)[C@@H](C(F)(F)F)O[C@@H]1c1cc(F)ccc1F,<rdkit.Chem.rdchem.Mol object at 0x7f652571b140>,26.5,6.576754126063192,3.3858000000000024,90.45,520.5240000000002,5,1,7,False
3560,CHEMBL4632896,CCOC(=O)c1c(C(C)C)cc(C(C)C)c(C(=O)OCC)c1-c1cc2ccc(-c3ccc4c(C)cccc4c3)cc2[nH]1,<rdkit.Chem.rdchem.Mol object at 0x7f652571b5a0>,2.72,7.565431095965801,9.56372,68.39000000000001,561.7220000000019,15,1,4,False
3561,CHEMBL4638480,O=[N+]([O-])c1cccc(/C=N/N2C(c3ccccc3)=Nc3ccc(I)cc3C2NC2NC=CS2)c1,<rdkit.Chem.rdchem.Mol object at 0x7f652571b610>,0.76,8.119186407719209,5.3068000000000035,95.16,582.4270000000008,6,2,8,False
3564,CHEMBL4761281,CC#CCn1c(N2CCC[C@@H](N)C2)nc2c1c(=O)n(CCCN1CCC(c3nc(-c4ccccc4)no3)CC1)c(=O)n2C,<rdkit.Chem.rdchem.Mol object at 0x7f652571b760>,230.0,5.638272163982407,2.1672000000000002,133.24,585.7130000000018,10,1,12,False
3565,CHEMBL4762199,CC#CCn1c(N2CCC[C@@H](N)C2)nc2c1c(=O)n(CCCN1CCC(n3cc(-c4ccccc4)nn3)CC1)c(=O)n2C,<rdkit.Chem.rdchem.Mol object at 0x7f652571b7d0>,47.0,6.327902142064283,1.8332000000000015,125.03,584.7290000000019,10,1,12,False
3566,CHEMBL4743350,CC#CCn1c(N2CCC[C@@H](N)C2)nc2c1c(=O)n(CCCN1CCC(c3nc(-c4ccccc4)cs3)CC1)c(=O)n2C,<rdkit.Chem.rdchem.Mol object at 0x7f652571b840>,190.0,5.721246399047171,3.240700000000002,107.21000000000001,600.7930000000018,10,1,11,False
3567,CHEMBL4744389,CC#CCn1c(N2CCC[C@@H](N)C2)nc2c1c(=O)n(CCCN1CCC(c3nc(-c4ccccc4)c[nH]3)CC1)c(=O)n2C,<rdkit.Chem.rdchem.Mol object at 0x7f652571b8b0>,44.0,6.356547323513812,2.5073000000000016,123.0,583.7410000000019,10,2,10,False
3568,CHEMBL4750433,CC#CCn1c(N2CCC[C@@H](N)C2)nc2c1c(=O)n(CCCN1CCC(c3ncc(-c4ccccc4)o3)CC1)c(=O)n2C,<rdkit.Chem.rdchem.Mol object at 0x7f652571b920>,120.0,5.920818753952375,2.7722000000000007,120.35000000000002,584.7250000000018,10,1,11,False
3569,CHEMBL4783756,CC#CCn1c(N2CCC[C@@H](N)C2)nc2c1c(=O)n(CCCN1CCC(c3cc(-c4ccccc4)on3)CC1)c(=O)n2C,<rdkit.Chem.rdchem.Mol object at 0x7f652571b990>,190.0,5.721246399047171,2.7722000000000016,120.35000000000002,584.7250000000018,10,1,11,False
3570,CHEMBL4796411,CC#CCn1c(N2CCC[C@@H](N)C2)nc2c1c(=O)n(CCCN1CCC(c3nnnn3-c3ccccc3)CC1)c(=O)n2C,<rdkit.Chem.rdchem.Mol object at 0x7f652571ba00>,270.0,5.568636235841013,1.0929000000000026,137.92000000000002,585.7170000000018,10,1,13,False
3571,CHEMBL4784857,CC#CCn1c(N2CCC[C@@H](N)C2)nc2c1c(=O)n(CCCN1CCN(c3nc(-c4ccccc4)no3)CC1)c(=O)n2C,<rdkit.Chem.rdchem.Mol object at 0x7f652571ba70>,40.0,6.3979400086720375,1.1098000000000026,136.48000000000002,586.7010000000017,10,1,13,False
3572,CHEMBL4795875,CC#CCn1c(N2CCC[C@@H](N)C2)nc2c1c(=O)n(CCCN1CCN(c3nc(-c4ccccc4)ns3)CC1)c(=O)n2C,<rdkit.Chem.rdchem.Mol object at 0x7f652571bae0>,360.0,5.443697499232712,1.5783000000000018,123.34,602.7690000000017,10,1,13,False
3573,CHEMBL4742337,CC#CCn1c(N2CCC[C@@H](N)C2)nc2c1c(=O)n(CCCN1CCN(c3nnc(-c4ccccc4)[nH]3)CC1)c(=O)n2C,<rdkit.Chem.rdchem.Mol object at 0x7f652571bb50>,76.0,6.119186407719209,0.8449000000000031,139.13,585.7170000000018,10,2,12,False
3574,CHEMBL4799779,CC#CCn1c(N2CCC[C@@H](N)C2)nc2c1c(=O)n(CCCN1CCN(c3cc(C)nn3-c3ccccc3)CC1)c(=O)n2C,<rdkit.Chem.rdchem.Mol object at 0x7f652571bbc0>,83.0,6.080921907623926,1.5539200000000024,115.38,598.7560000000019,11,1,12,False
3575,CHEMBL4740282,CC#CCn1c(N2CCC[C@@H](N)C2)nc2c1c(=O)n(CCCN1CCN(c3nc(-c4ccccc4)cs3)CC1)c(=O)n2C,<rdkit.Chem.rdchem.Mol object at 0x7f652571bc30>,59.0,6.229147988357856,2.183300000000001,110.45000000000002,601.7810000000018,10,1,12,False
3576,CHEMBL4782382,CC#CCn1c(N2CCC[C@@H](N)C2)nc2c1c(=O)n(CCCN1CCN(c3noc(-c4ccccc4)n3)CC1)c(=O)n2C,<rdkit.Chem.rdchem.Mol object at 0x7f652571bca0>,680.0,5.167491087293763,1.1098000000000026,136.48000000000002,586.7010000000017,10,1,13,False
3577,CHEMBL4785060,CC#CCn1c(N2CCC[C@@H](N)C2)nc2c1c(=O)n(CCCN1CCN(c3ncc(C)cn3)CC1)c(=O)n2C,<rdkit.Chem.rdchem.Mol object at 0x7f652571bd10>,660.0,5.180456064458132,0.15822000000000314,123.34,534.6690000000009,10,1,12,False
3578,CHEMBL4745258,CC#CCn1c(N2CCC[C@@H](N)C2)nc2c1c(=O)n(CCCN1CCN(c3ncc(CC)cn3)CC1)c(=O)n2C,<rdkit.Chem.rdchem.Mol object at 0x7f652571bd80>,610.0,5.214670164989233,0.412200000000003,123.34,548.6960000000017,11,1,12,False
3579,CHEMBL4776485,CC#CCn1c(N2CCC[C@@H](N)C2)nc2c1c(=O)n(CCCN1CCN(c3ncc(CCC)cn3)CC1)c(=O)n2C,<rdkit.Chem.rdchem.Mol object at 0x7f652571bdf0>,590.0,5.229147988357856,0.8023000000000027,123.34,562.723000000002,12,1,12,False
3580,CHEMBL4764779,CC#CCn1c(N2CCC[C@@H](N)C2)nc2c1c(=O)n(CCCN1CCN(c3ncc(OC)cn3)CC1)c(=O)n2C,<rdkit.Chem.rdchem.Mol object at 0x7f652571be60>,430.0,5.366531544420414,-0.14159999999999595,132.57000000000002,550.6680000000018,11,1,13,False
3581,CHEMBL4749117,CC#CCn1c(N2CCC[C@@H](N)C2)nc2c1c(=O)n(CCCN1CCN(c3ncc(F)cn3)CC1)c(=O)n2C,<rdkit.Chem.rdchem.Mol object at 0x7f652571bed0>,350.0,5.455931955649724,-0.011099999999996557,123.34,538.6320000000012,9,1,12,False
3582,CHEMBL4751384,CC#CCn1c(N2CCC[C@@H](N)C2)nc2c1c(=O)n(CCCN1CCN(c3ncc(C(F)(F)F)cn3)CC1)c(=O)n2C,<rdkit.Chem.rdchem.Mol object at 0x7f652571bf40>,740.0,5.130768280269024,0.8686000000000023,123.34,588.6390000000015,9,1,12,False
3592,CHEMBL4746458,N[C@H]1C[C@@H](N2Cc3cn(S(=O)(=O)NC(=O)c4ccccc4)nc3C2)CO[C@@H]1c1cc(F)ccc1F,<rdkit.Chem.rdchem.Mol object at 0x7f65256f8430>,8.8,7.055517327849832,1.8573,119.55000000000001,503.5309999999999,6,2,8,False
3593,CHEMBL4776573,CS(=O)(=NS(=O)(=O)c1ccccc1)n1cc2c(n1)CN([C@H]1CO[C@H](c3cc(F)ccc3F)[C@@H](N)C1)C2,<rdkit.Chem.rdchem.Mol object at 0x7f65256f84a0>,18.0,6.7447274948966935,2.584200000000001,119.88,537.6140000000013,7,1,8,False
3634,CHEMBL4867117,CC#CCn1c(N2CCC[C@@H](N)C2)cc(=O)n(Cc2cccc(C(=O)N3CCC[C@@H]3C(=O)OC)c2)c1=O,<rdkit.Chem.rdchem.Mol object at 0x7f65256f9690>,47.6,6.3223930472795065,0.7867000000000024,119.87,507.5909999999997,8,1,9,False
3664,CHEMBL5219996,CC(C)(C)OC(=O)NCCCC[C@H](NC(=O)OC(C)(C)C)C(=O)N1CCC[C@H]1C(=O)O/C=C/c1ccccc1,<rdkit.Chem.rdchem.Mol object at 0x7f65256fa3b0>,171.0,5.767003889607846,4.779800000000004,123.27000000000002,545.6770000000015,10,2,7,False
3665,CHEMBL5219532,CC(C)=CCC/C(C)=C/OC(=O)[C@@H]1CCCN1C(=O)[C@H](CCCCNC(=O)OC(C)(C)C)NC(=O)OC(C)(C)C,<rdkit.Chem.rdchem.Mol object at 0x7f65256fa420>,0.37,8.431798275933005,5.759100000000005,123.27000000000002,565.7520000000023,15,2,7,False
3667,CHEMBL5220613,CCOC(=O)/C=C/OC(=O)[C@@H]1CCCN1C(=O)[C@H](CCCCNC(=O)OC(C)(C)C)NC(=O)OC(C)(C)C,<rdkit.Chem.rdchem.Mol object at 0x7f65256fa500>,0.14,8.853871964321762,3.1856999999999998,149.57,541.6420000000012,12,2,9,False
3679,CHEMBL5219966,COC(=O)C(Cc1ccccc1)NC(=O)[C@@H]1CCCN1C(=O)[C@H](Cc1ccccc1)NC(=O)OCc1ccccc1,<rdkit.Chem.rdchem.Mol object at 0x7f65256faa40>,10.2,6.991399828238082,3.4156000000000013,114.04,557.6470000000018,12,2,6,False
3681,CHEMBL5267798,CC(C)[C@H](Nc1ccc(CNC(=O)[C@@H]2CSCN2C(=O)C[C@H](N)Cc2cc(F)ccc2F)cc1)C(=O)O,<rdkit.Chem.rdchem.Mol object at 0x7f65256fab20>,0.3,8.522878745280337,2.963700000000001,124.76,534.629000000001,14,4,7,False
3682,CHEMBL5287917,CC(C)[C@H](Nc1ccc(CNC(=O)[C@@H]2CCCN2C(=O)C[C@H](N)Cc2cc(F)ccc2F)cc1)C(=O)O,<rdkit.Chem.rdchem.Mol object at 0x7f65256fab90>,0.48,8.318758762624412,3.0532000000000012,124.76,516.5889999999998,14,4,6,False
3689,CHEMBL5275453,O=C(CNc1nc(Nc2ccc(S(=O)(=O)Nc3nccs3)cc2)nc(N2CCOCC2)n1)Nc1ccc(F)cc1,<rdkit.Chem.rdchem.Mol object at 0x7f65256faea0>,2.32,7.634512015109101,2.8988000000000005,163.35999999999999,585.6470000000012,10,4,12,False
3692,CHEMBL5278621,CC#CCn1c(N2CCC[C@@H](N)C2)nc2c(C)c(=O)n(Cc3nc(C)c4c(Cl)cccc4n3)c(=O)n21,<rdkit.Chem.rdchem.Mol object at 0x7f65256faff0>,0.7,8.154901959985743,1.8702399999999997,116.34,506.9979999999998,7,1,10,False
3694,CHEMBL5269668,CC#CCN1C(N2CCC[C@@H](N)C2)=NC2C1C(=O)N(Cc1cccnc1C#N)C(=O)N2Cc1cccnc1C#N,<rdkit.Chem.rdchem.Mol object at 0x7f65256fb0d0>,0.09,9.045757490560677,0.9970600000000036,158.83999999999997,536.6000000000013,6,1,10,False
3695,CHEMBL1186023,CC(C)[C@H](Oc1ccc(CNC(=O)[C@@H]2CCCN2C(=O)C[C@H](N)Cc2cc(F)ccc2F)cc1)C(=O)O,<rdkit.Chem.rdchem.Mol object at 0x7f65256fb140>,0.48,8.318758762624412,3.0201000000000002,121.96,517.573,14,3,6,False
3733,CHEMBL5276887,N[C@H]1C[C@@H](N2Cc3cnn(S(=O)(=O)c4ccc(C(F)(F)F)cc4)c3C2)CO[C@@H]1c1cc(F)ccc1F,<rdkit.Chem.rdchem.Mol object at 0x7f65256fc270>,0.7,8.154901959985743,3.590200000000003,90.45,528.5030000000008,5,1,7,False
3737,CHEMBL5270959,Cn1c(=O)n(CC(=O)N2CCN(c3ncccn3)CC2)c(=O)c2sc(N)nc21,<rdkit.Chem.rdchem.Mol object at 0x7f65256fc430>,320.0,5.494850021680094,-1.1222999999999983,132.24,402.43999999999977,5,1,11,False
3744,CHEMBL5271401,O=C(CNc1nc(Nc2ccc(S(=O)(=O)Nc3cncs3)cc2)nc(N2CCOCC2)n1)Nc1ccc(F)cc1,<rdkit.Chem.rdchem.Mol object at 0x7f65256fc740>,2.32,7.634512015109101,2.8988000000000005,163.35999999999999,585.6470000000012,10,4,12,False
3750,CHEMBL5272644,CS(=O)(=O)c1cccc(C(=O)NC[C@@H]2CCCN2C(=O)C[C@H](N)[C@H]2CCc3cc(F)c(F)cc32)c1,<rdkit.Chem.rdchem.Mol object at 0x7f65256fc9e0>,1.06,7.97469413473523,2.5365,109.57000000000001,505.58699999999976,9,2,5,False
3751,CHEMBL5276657,N[C@@H](CC(=O)N1CCC[C@H]1CNC(=O)c1cccc(S(N)(=O)=O)c1)[C@H]1CCc2cc(F)c(F)cc21,<rdkit.Chem.rdchem.Mol object at 0x7f65256fca50>,0.87,8.060480747381382,1.7804000000000002,135.59,506.5749999999997,9,3,5,False
3752,CHEMBL5265910,N[C@@H](CC(=O)N1CCC[C@H]1CNC(=O)c1ccc(F)c(S(N)(=O)=O)c1)[C@H]1CCc2cc(F)c(F)cc21,<rdkit.Chem.rdchem.Mol object at 0x7f65256fcac0>,0.87,8.060480747381382,1.9194999999999998,135.59,524.5650000000004,9,3,5,False
3753,CHEMBL5269746,N[C@@H](CC(=O)N1CCC[C@H]1CNC(=O)c1cc(S(N)(=O)=O)c(F)cc1F)[C@H]1CCc2cc(F)c(F)cc21,<rdkit.Chem.rdchem.Mol object at 0x7f65256fcb30>,0.87,8.060480747381382,2.0585999999999993,135.59,542.5550000000012,9,3,5,False
3754,CHEMBL5277828,CCN(CC)S(=O)(=O)c1cccc(C(=O)NC[C@@H]2CCCN2C(=O)C[C@H](N)[C@H]2CCc3cc(F)c(F)cc32)c1,<rdkit.Chem.rdchem.Mol object at 0x7f65256fcba0>,0.87,8.060480747381382,3.163500000000001,112.80999999999999,562.6830000000016,13,2,5,False
3755,CHEMBL5269884,CCN(CC)S(=O)(=O)c1cc(C(=O)NC[C@@H]2CCCN2C(=O)C[C@H](N)[C@H]2CCc3cc(F)c(F)cc32)ccc1F,<rdkit.Chem.rdchem.Mol object at 0x7f65256fcc10>,0.87,8.060480747381382,3.3026000000000026,112.80999999999999,580.6730000000016,13,2,5,False
3756,CHEMBL5273793,CCN(CC)S(=O)(=O)c1cc(C(=O)NC[C@@H]2CCCN2C(=O)C[C@H](N)[C@H]2CCc3cc(F)c(F)cc32)c(F)cc1F,<rdkit.Chem.rdchem.Mol object at 0x7f65256fcc80>,0.87,8.060480747381382,3.4417000000000026,112.80999999999999,598.6630000000016,13,2,5,False
3757,CHEMBL5275046,CN1CCN(S(=O)(=O)c2cccc(C(=O)NC[C@@H]3CCCN3C(=O)C[C@H](N)[C@H]3CCc4cc(F)c(F)cc43)c2)CC1,<rdkit.Chem.rdchem.Mol object at 0x7f65256fccf0>,1.1,7.958607314841775,2.0691000000000015,116.05,589.7090000000017,10,2,6,False
3758,CHEMBL5276298,N[C@@H](CC(=O)N1CCC[C@H]1CNC(=O)c1cc(S(=O)(=O)N2CCCCC2)c(F)cc1F)[C@H]1CCc2cc(F)c(F)cc21,<rdkit.Chem.rdchem.Mol object at 0x7f65256fcd60>,0.87,8.060480747381382,3.5858000000000017,112.80999999999999,610.6740000000016,9,2,5,False
3759,CHEMBL5289339,N[C@@H](CC(=O)N1CCC[C@H]1CNC(=O)c1cc(S(=O)(=O)N2CCOCC2)c(F)cc1F)[C@H]1CCc2cc(F)c(F)cc21,<rdkit.Chem.rdchem.Mol object at 0x7f65256fcdd0>,0.87,8.060480747381382,2.4321,122.03999999999999,612.6460000000015,9,2,6,False
3760,CHEMBL5279474,N[C@@H](CC(=O)N1CCC[C@H]1CNC(=O)c1cc(S(=O)(=O)N2CCC2)c(F)cc1F)[C@H]1CCc2cc(F)c(F)cc21,<rdkit.Chem.rdchem.Mol object at 0x7f65256fce40>,0.87,8.060480747381382,2.805600000000001,112.80999999999999,582.6200000000014,9,2,5,False
3761,CHEMBL4242416,CC#CCn1c(N2CCC[C@@H](N)C2)cc(=O)n(Cc2cn(CCC(=O)OC)nn2)c1=O,<rdkit.Chem.rdchem.Mol object at 0x7f65256fceb0>,64.0,6.1938200260161125,-0.8362999999999974,130.27,429.48099999999965,9,1,11,False
3763,CHEMBL5283810,CC#CCn1c(N2CCC[C@@H](N)C2)cc(=O)n(Cc2cn(CCC(=O)O)nn2)c1=O,<rdkit.Chem.rdchem.Mol object at 0x7f65256fcf90>,12.45,6.904830648568245,-0.9246999999999967,141.27,415.45399999999967,8,2,11,False
3764,CHEMBL5289984,CC#CCn1c(N2CCC[C@@H](N)C2)cc(=O)n(Cc2cn(C/C=C/C(=O)O)nn2)c1=O,<rdkit.Chem.rdchem.Mol object at 0x7f65256fd000>,9.56,7.0195421077239,-0.7585999999999968,141.27,427.4649999999997,8,2,11,False
3769,CHEMBL5285191,C[C@H]1CCN(C(=O)CNc2cc3cc(-c4ccccc4)c(-c4ccccc4)cc3oc2=O)C1,<rdkit.Chem.rdchem.Mol object at 0x7f65256fd230>,3160.0,4.500312917381596,5.4073000000000055,62.550000000000004,438.52699999999976,6,1,4,False
3775,CHEMBL5435689,Nc1nc(NC2=NC(c3ccccc3)=CC(c3ccccc3[N+](=O)[O-])O2)nc(N2CCOCC2)n1,<rdkit.Chem.rdchem.Mol object at 0x7f65256fd4d0>,8.3,7.080921907623926,2.7791000000000006,153.92000000000002,474.4809999999998,6,2,11,False
3776,CHEMBL5399740,Nc1nc(NC2=NC(c3ccccc3)=CC(c3cccc([N+](=O)[O-])c3)O2)nc(N2CCOCC2)n1,<rdkit.Chem.rdchem.Mol object at 0x7f65256fd540>,4.2,7.376750709602099,2.7791000000000006,153.92000000000002,474.4809999999998,6,2,11,False
3777,CHEMBL5405820,Nc1nc(NC2=NC(c3ccccc3)=CC(c3ccc([N+](=O)[O-])cc3)O2)nc(N2CCOCC2)n1,<rdkit.Chem.rdchem.Mol object at 0x7f65256fd5b0>,4.9,7.309803919971486,2.7791000000000006,153.92000000000002,474.4809999999998,6,2,11,False
3793,CHEMBL5410220,CCCCOc1ccc(C(=O)/C=C/c2cc(Cl)c(O)cc2OC)cc1,<rdkit.Chem.rdchem.Mol object at 0x7f65256fdcb0>,42940.0,3.36713795989977,5.129200000000004,55.760000000000005,360.8369999999997,11,1,4,False
3811,CHEMBL5418259,N[C@H]1C[C@@H](N2Cc3nn4c(C(F)(F)F)cc(C(F)(F)F)nc4c3C2)CO[C@@H]1c1cc(F)ccc1F,<rdkit.Chem.rdchem.Mol object at 0x7f65256fe490>,2.5,7.602059991327962,4.218200000000003,68.68,507.3849999999999,3,1,6,False
