,molecule_chembl_id,smiles,IC50,pIC50,molLogP,tpsa,MolWT,NumRotatableBonds,NumHDonors,NumHAcceptors,ro5_fulfilled
0,CHEMBL93558,N[C@@H](CC1CCCCC1)C(=O)N1CCCCC1,217000.0,2.6635402661514704,2.2966000000000006,46.330000000000005,238.3750000000002,4,1,2,True
1,CHEMBL443622,C[C@H](N)C(=O)N1CCCC1,41000.00000000003,3.387216143280264,-0.04400000000000004,46.330000000000005,142.2020000000001,3,1,2,True
2,CHEMBL403882,O=C([C@@H]1CCCN1)N1CCCC1,12971.337244495911,3.887015249207464,0.3608,32.34,168.24000000000015,1,1,2,True
3,CHEMBL328795,NC(=O)CC(N)C(=O)N1CCCC1,188000.0000000001,2.72584215073632,-1.1885000000000001,89.42,185.22700000000015,4,2,3,True
4,CHEMBL97674,NCCCCC(N)C(=O)N1CCCCC1,247000.0,2.607303046740334,0.45520000000000027,72.35,213.3250000000002,7,2,3,True
5,CHEMBL317126,NC(Cc1ccc(O)cc1)C(=O)N1CCCC1,14000.0,3.853871964321762,0.8843999999999999,66.56,234.29900000000012,5,2,3,True
6,CHEMBL383705,CC(C)[C@H](N)C(=O)N1CCCC1,4325.06054544256,4.364007808576609,0.5920999999999998,46.330000000000005,170.25600000000017,5,1,2,True
7,CHEMBL94955,NCCCCC(NC(=O)OCc1ccccc1)C(=O)N1CCCCC1,134900.0,2.869988050328096,2.4229000000000003,84.65999999999998,347.4589999999995,9,2,4,True
8,CHEMBL97180,NC(Cc1c[nH]cn1)C(=O)N1CCCCC1,213000.00000000003,2.6716203965612624,0.29199999999999915,75.01,222.29200000000014,4,2,3,True
9,CHEMBL98008,N[C@@H](CC1CCCCC1)C(=O)N1CCCC1,17000.00000000001,3.769551078621726,1.9064999999999999,46.330000000000005,224.34800000000018,4,1,2,True
10,CHEMBL317944,NC(Cc1c[nH]cn1)C(=O)N1CCCC1,23100.000000000004,3.636388020107856,-0.09810000000000074,75.01,208.26500000000013,4,2,3,True
11,CHEMBL93507,CCC(C)C(N)C(=O)N1CCCCC1,67000.00000000001,3.1739251972991736,1.3722999999999999,46.330000000000005,198.3100000000002,6,1,2,True
12,CHEMBL93931,NC(Cc1ccccc1)C(=O)N1CCCC1,20999.999999999985,3.677780705266081,1.1787999999999998,46.330000000000005,218.30000000000013,4,1,2,True
13,CHEMBL97064,NC(CO)C(=O)N1CCCC1,190000.0000000001,2.7212463990471707,-1.0716,66.56,158.20100000000014,4,2,3,True
14,CHEMBL503274,CC[C@H](C)[C@H](N)C(=O)N1CCCC1,4000.0,4.3979400086720375,0.9821999999999999,46.330000000000005,184.2830000000002,6,1,2,True
15,CHEMBL499101,N[C@@H](CC(=O)O)C(=O)N1CCCC1,122000.0000000001,2.913640169325252,-0.5892000000000004,83.63000000000001,186.2110000000001,4,2,4,True
16,CHEMBL328694,NCCCCC(N)C(=O)N1CCCC1,39000.00000000002,3.4089353929735005,0.0651000000000006,72.35,199.29800000000017,7,2,3,True
17,CHEMBL305170,CC(C)[C@@H](N)C(=O)N1CCC[C@H]1B(O)O,26.2678510731274,6.580575454631372,-1.0272999999999988,86.79,214.07400000000018,8,3,4,True
18,CHEMBL1790478,C[C@@H](O)[C@H](N)C(=O)N1CCC[C@H]1B(O)O,190.0,5.721246399047171,-2.302499999999998,107.02000000000001,216.04600000000016,8,4,5,True
19,CHEMBL66032,CC[C@H](N)C(=O)N1CCC[C@H]1B(O)O,11.0,6.958607314841775,-1.2732999999999988,86.79,200.04700000000017,7,3,4,True
20,CHEMBL63726,NCCCC[C@H](N)C(=O)N1CCC[C@H]1B(O)O,95.0,6.022276394711152,-1.5542999999999976,112.81,243.11600000000018,10,4,5,True
21,CHEMBL303131,N[C@@H](Cc1c[nH]cn1)C(=O)N1CCC[C@H]1B(O)O,17000.0,3.769551078621726,-1.7174999999999991,115.47000000000001,252.08300000000014,7,4,5,True
22,CHEMBL292342,O=C([C@@H]1CCN1)N1CCC[C@H]1B(O)O,250.0,5.6020599913279625,-1.6486999999999996,72.80000000000001,198.03100000000015,4,3,4,True
23,CHEMBL63698,CC(C)C[C@H](N)C(=O)N1CCC[C@H]1B(O)O,44.0,6.356547323513812,-0.637199999999999,86.79,228.1010000000002,9,3,4,True
24,CHEMBL291428,N[C@H](C(=O)N1CCC[C@H]1B(O)O)c1ccccc1,63.0,6.200659450546418,-0.31059999999999977,86.79,248.09100000000012,6,3,4,True
25,CHEMBL66189,CC(C)(N)C(=O)N1CCC[C@H]1B(O)O,30000.0,3.5228787452803374,-1.2732999999999988,86.79,200.04700000000017,7,3,4,True
26,CHEMBL1790483,CC[C@H](C)[C@H](N)C(=O)N1CCC[C@H]1B(O)O,25.0,6.6020599913279625,-0.637199999999999,86.79,228.1010000000002,9,3,4,True
27,CHEMBL67279,CC(C)[C@H](N)C(=O)N1CCC[C@H]1B(O)O,15.351640295542447,6.813845214112292,-1.0272999999999988,86.79,214.07400000000018,8,3,4,True
28,CHEMBL63860,C[C@H](N)C(=O)N1CCC[C@H]1B(O)O,40.39439702613039,6.393678870270246,-1.663399999999999,86.79,186.02000000000012,6,3,4,True
29,CHEMBL67089,NCC(=O)N1CCC[C@H]1B(O)O,44.97941445275414,6.346986202559635,-2.051899999999999,86.79,171.9930000000001,5,3,4,True
30,CHEMBL65406,CC(C)[C@@H](N)C(=O)N1CCC[C@@H]1B(O)O,4000.0,4.3979400086720375,-1.0272999999999988,86.79,214.07400000000018,8,3,4,True
31,CHEMBL304007,N[C@@H](Cc1ccc(O)cc1)C(=O)N1CCC[C@H]1B(O)O,32.0,6.494850021680094,-0.7350000000000002,107.02000000000001,278.1169999999996,8,4,5,True
32,CHEMBL63652,N[C@@H](Cc1ccccc1)C(=O)N1CCC[C@H]1B(O)O,70.0,6.154901959985743,-0.4406,86.79,262.11799999999994,7,3,4,True
33,CHEMBL63406,CC(C)(C)[C@H](N)C(=O)N1CCC[C@H]1B(O)O,60.0,6.221848749616356,-0.637199999999999,86.79,228.1010000000002,5,3,4,True
34,CHEMBL63895,O=C([C@@H]1CCCN1)N1CCC[C@H]1B(O)O,159.05973720586871,5.798439739412091,-1.2585999999999988,72.80000000000001,212.05800000000016,4,3,4,True
35,CHEMBL276884,Cl.O=C(C1CCCN1)N1CCCC1P(=O)(OCC(F)(F)F)OCC(F)(F)F,9100000.0,1.0409586076789064,3.4596000000000027,67.87,448.7279999999996,6,1,5,True
36,CHEMBL1182947,O=C([C@@H]1CCCN1)N1CCCC1P(=O)(Oc1ccccc1)Oc1ccccc1,28722.813232690107,3.541773025725038,4.038000000000003,67.87,400.41499999999974,6,1,5,True
37,CHEMBL9237,COP(=O)(Oc1ccccc1-c1ccccc1O)C1CCCN1C(=O)[C@@H]1CCCN1.Cl,47000.0,3.3279021420642825,4.3998000000000035,88.10000000000001,466.9019999999997,8,2,6,True
38,CHEMBL9724,Cl.O=C([C@@H]1CCCN1)N1CCCC1P1(=O)Oc2ccccc2-c2ccccc2O1,31000.0,3.508638306165728,4.4402000000000035,67.87,434.8599999999998,2,1,5,True
39,CHEMBL9561,COc1ccc(OP(=O)(Oc2ccc(OC)cc2)C2CCCN2C(=O)C2CCCN2)cc1.Cl,22000.0,3.657577319177794,4.477000000000004,86.33000000000001,496.92799999999966,10,1,7,True
40,CHEMBL273851,Cl.O=C([C@H]1CCCN1)N1CCCC1P(=O)(Oc1ccccc1)Oc1ccccc1,5000.0,4.301029995663981,4.459800000000003,67.87,436.87599999999975,6,1,5,True
41,CHEMBL9565,Cl.O=C(C1CCCN1)N1CCCC1P(=O)(Oc1ccc(O)cc1)Oc1ccc(O)cc1,190000.0,2.721246399047171,3.871000000000002,108.33000000000001,468.8739999999998,8,3,7,True
42,CHEMBL278393,N[C@H](C(=O)N1CCCC1)C1CCCCC1,1158.2901260966703,4.936182645805998,1.516399999999999,46.330000000000005,210.32100000000017,3,1,2,True
43,CHEMBL98408,CC[C@H](C)[C@H](N)C(=O)N1CCSC1,1128.5778615914614,4.947468473189641,0.8927000000000002,46.330000000000005,202.32300000000018,6,1,3,True
44,CHEMBL1682974,N[C@H](C(=O)N1CCSC1)[C@H]1CC[C@H](NC(=O)c2ccc(OC(F)(F)F)cc2)CC1,33.0,6.481486060122113,2.7340000000000018,84.66000000000001,431.4799999999997,6,2,5,True
45,CHEMBL22359,N[C@H](C(=O)N1CCSC1)[C@H]1CC[C@H](NC(=O)c2ccc(F)c(F)c2)CC1,53.00000000000001,6.275724130399211,2.1136,75.43,383.46399999999966,5,2,4,True
46,CHEMBL22679,N[C@H](C(=O)N1CCCC1)[C@H]1CC[C@H](NC(=O)OCc2ccccc2)CC1,94.0,6.026872146400302,2.4213000000000005,84.66000000000001,359.4699999999996,6,2,4,True
47,CHEMBL3084936,N#Cc1cccc(S(=O)(=O)N[C@H]2CC[C@H]([C@H](N)C(=O)N3CCSC3)CC2)c1,24.0,6.619788758288394,1.2555799999999997,116.28999999999998,408.5489999999997,6,2,6,True
48,CHEMBL3084942,N[C@H](C(=O)N1CCSC1)[C@H]1CC[C@H](NS(=O)(=O)c2ccc3ccccc3c2)CC1,18.0,6.7447274948966935,2.5371000000000006,92.5,433.59899999999976,6,2,5,True
49,CHEMBL3084949,N[C@H](C(=O)N1CCSC1)[C@H]1CC[C@H](NC(=O)c2cccc3ccccc23)CC1,15.0,6.823908740944319,2.9886000000000017,75.43,397.5439999999997,5,2,4,True
50,CHEMBL3084939,N[C@H](C(=O)N1CCSC1)[C@H]1CC[C@H](NC(=O)Nc2ccc(F)c(F)c2)CC1,35.0,6.455931955649724,2.5053,87.46000000000001,398.47899999999964,5,3,4,True
51,CHEMBL3084943,N[C@H](C(=O)N1CCSC1)[C@H]1CC[C@H](NS(=O)(=O)c2ccc(F)c(F)c2F)CC1,24.0,6.619788758288394,1.8011999999999995,92.5,437.50899999999973,6,2,5,True
52,CHEMBL3084954,N[C@H](C(=O)N1CCSC1)[C@H]1CC[C@H](NC(=O)Nc2ccc(Cl)c(Cl)c2)CC1,17.0,6.769551078621726,3.533900000000002,87.46000000000001,431.3889999999997,5,3,4,True
53,CHEMBL3084937,CN(C)C(=O)Nc1ccc(S(=O)(=O)N[C@H]2CC[C@H]([C@H](N)C(=O)N3CCSC3)CC2)cc1,7.5,7.1249387366083,1.477400000000001,124.83999999999999,469.63299999999964,9,3,6,True
54,CHEMBL3084938,CN(C)C(=O)Nc1ccc(S(=O)(=O)N[C@H]2CC[C@H]([C@H](N)C(=O)N3CCCC3)CC2)cc1,26.0,6.585026652029182,1.5669000000000008,124.83999999999999,451.5929999999996,9,3,5,True
55,CHEMBL25437,N[C@H](C(=O)N1CCCC1)[C@H]1CC[C@H](NS(=O)(=O)c2ccc(F)cc2F)CC1,88.00000000000003,6.055517327849831,1.7515999999999994,92.5,401.47899999999964,6,2,4,True
56,CHEMBL278558,N[C@H](C(=O)N1CCCC1)[C@H]1CC[C@H](NC(=O)c2ccc(F)c(F)c2)CC1,190.0,5.721246399047171,2.2031,75.43,365.4239999999996,5,2,3,True
57,CHEMBL23176,N[C@H](C(=O)N1CCSC1)[C@H]1CC[C@H](NC(=O)OCc2ccccc2)CC1,25.0,6.6020599913279625,2.3318000000000003,84.66000000000001,377.50999999999965,6,2,5,True
58,CHEMBL3084940,N[C@H](C(=O)N1CCCC1)[C@H]1CC[C@H](NC(=O)c2cncc3ccccc23)CC1,64.0,6.1938200260161125,2.4731000000000005,88.32000000000001,380.4919999999996,5,2,4,True
59,CHEMBL3084946,N[C@H](C(=O)N1CCSC1)[C@H]1CC[C@H](NC(=O)c2ccc(Cl)c(Cl)c2)CC1,38.0,6.42021640338319,3.1422000000000017,75.43,416.3739999999997,5,2,4,True
60,CHEMBL142703,N#C[C@@H]1CCCN1C(=O)CNC12CC3CC(CC(O)(C3)C1)C2,30.79079196149416,6.511579140584184,1.1742799999999989,76.36,303.4059999999995,4,2,4,True
61,CHEMBL3084947,N[C@H](C(=O)N1CCSC1)[C@H]1CC[C@H](NC(=O)c2ccc(I)cc2)CC1,33.0,6.481486060122113,2.4400000000000004,75.43,473.37999999999965,5,2,4,True
62,CHEMBL77538,N#Cc1ccc(NCCNCC(=O)N2CCC[C@H]2C#N)nc1,13.833013997543786,6.859083183600729,0.46935999999999933,104.83999999999999,298.3499999999996,6,2,6,True
63,CHEMBL3084952,N[C@H](C(=O)N1CCSC1)[C@H]1CC[C@H](NC(=O)OCc2cccc3ccccc23)CC1,17.0,6.769551078621726,3.485000000000002,84.66000000000001,427.5699999999997,6,2,5,True
64,CHEMBL3084956,N[C@H](C(=O)N1CCSC1)[C@H]1CC[C@H](NC(=O)c2cnc3ccccc3c2)CC1,9.0,7.045757490560675,2.3836000000000004,88.32000000000001,398.5319999999997,5,2,5,True
65,CHEMBL23979,N[C@H](C(=O)N1CCCC1)[C@H]1CC[C@H](NS(=O)(=O)c2ccc(OC(F)(F)F)cc2)CC1,88.99999999999999,6.050609993355088,2.372,101.73,449.49499999999966,7,2,5,True
66,CHEMBL3084948,N[C@H](C(=O)N1CCSC1)[C@H]1CC[C@H](NC(=O)c2ccc3ccccc3c2)CC1,21.0,6.6777807052660805,2.9886000000000017,75.43,397.5439999999997,5,2,4,True
67,CHEMBL3084955,N[C@H](C(=O)N1CCSC1)[C@H]1CC[C@H](NC(=O)Nc2ccc(OC(F)(F)F)cc2)CC1,55.0,6.259637310505756,3.125700000000001,96.69000000000001,446.49499999999966,6,3,5,True
68,CHEMBL3084941,N[C@H](C(=O)N1CCCC1)[C@H]1CC[C@H](NS(=O)(=O)c2ccc(F)c(F)c2F)CC1,98.0,6.008773924307505,1.8906999999999992,92.5,419.46899999999965,6,2,4,True
69,CHEMBL3084953,N[C@H](C(=O)N1CCSC1)[C@H]1CC[C@H](NC(=O)Nc2ccc(I)cc2)CC1,10.0,7.0,2.8317000000000014,87.46000000000001,488.39499999999964,5,3,4,True
70,CHEMBL3084944,N[C@H](C(=O)N1CCCC1)[C@H]1CC[C@H](NC(=O)c2cccc3ccccc23)CC1,46.0,6.337242168318426,3.078100000000002,75.43,379.50399999999956,5,2,3,True
71,CHEMBL25211,N[C@H](C(=O)N1CCSC1)[C@H]1CC[C@H](NS(=O)(=O)c2ccc(OC(F)(F)F)cc2)CC1,22.000000000000004,6.657577319177793,2.2824999999999998,101.73,467.53499999999974,7,2,6,True
72,CHEMBL3084951,N[C@H](C(=O)N1CCSC1)[C@H]1CC[C@H](NC(=O)OCc2ccc3ccccc3c2)CC1,20.0,6.698970004336019,3.485000000000002,84.66000000000001,427.5699999999997,6,2,5,True
73,CHEMBL3084945,N[C@H](C(=O)N1CCSC1)[C@H]1CC[C@H](N)CC1,2700.0,4.568636235841013,0.36409999999999976,72.35000000000001,243.37600000000018,4,2,4,True
74,CHEMBL3084950,N[C@H](C(=O)N1CCSC1)[C@H]1CC[C@H](NC(=O)OCc2ccc(Cl)c(Cl)c2)CC1,29.0,6.537602002101044,3.638600000000003,84.66000000000001,446.39999999999975,6,2,5,True
75,CHEMBL544475,CCOC(=O)c1cnc(CN)c2cc(OC)c(OC)cc12.Cl,3400.0,4.468521082957745,2.309200000000001,83.67,326.7799999999997,9,1,6,True
76,CHEMBL543539,CCOC(=O)c1cnc(CN(C)C)c2cc(OC)c(OC)cc12.Cl,948000.0,2.023191662661933,2.912100000000002,60.89,354.83399999999966,11,0,6,True
77,CHEMBL543057,COc1cc2c(C=O)cnc(CN)c2cc1OC.Cl,277000.0,2.557520230935552,1.9449999999999998,74.44,282.7269999999997,7,1,5,True
78,CHEMBL554880,COc1cc2c(CO)cnc(CN)c2cc1OC.Cl,31800.0,3.4975728800155674,1.6247999999999998,77.60000000000001,284.74299999999965,8,2,5,True
79,CHEMBL539758,CCCNC(=O)c1cnc(CN)c2cc(OC)c(OC)cc12.Cl,51400.0,3.289036881004724,2.2723,86.47000000000001,339.82299999999964,10,2,5,True
80,CHEMBL553407,CCOC(=O)Nc1cnc(CN)c2cc(OC)c(OC)cc12.Cl,2300.0,4.638272163982407,2.700900000000001,95.7,341.7949999999996,9,2,6,True
81,CHEMBL544474,CCOC(=O)c1cnc(CN)c2ccc(OC)cc12.Cl,207000.0,2.684029654543082,2.3006000000000006,74.44,296.7539999999996,7,1,5,True
82,CHEMBL544717,CCOC(=O)c1cnc(CN)c2cc(OC)c(OCC)cc12.Cl,4700.0,4.327902142064283,2.6993000000000014,83.67,340.8069999999996,10,1,6,True
83,CHEMBL307636,N#C[C@@H]1CCCN1C(=O)[C@@H](N)C1CCCCC1,4.9188810799989735,7.308133676917094,1.408579999999999,70.12,235.33100000000016,3,1,3,True
84,CHEMBL543062,CCCOc1cc2c(CN)ncc(C(=O)OCC)c2cc1OC.Cl,8400.0,4.075720713938118,3.0894000000000017,83.67000000000002,354.83399999999966,11,1,6,True
85,CHEMBL554957,COc1cc2c(C(=O)O)cnc(CN)c2cc1OC.Cl,103000.0,2.987162775294828,1.8306999999999998,94.67,298.7259999999997,7,2,6,True
86,CHEMBL289580,CCOC(=O)c1cnc(CCN)c2cc(OC)c(OC)cc12.O=C(O)C(F)(F)F,746000.0,2.1272611725273314,2.5632,120.97000000000001,418.3679999999997,10,2,8,True
87,CHEMBL544950,CCOC(=O)c1cnc(CN)c2c(OC)ccc(OC)c12.Cl,2400.0,4.619788758288394,2.309200000000001,83.67,326.7799999999997,9,1,6,True
88,CHEMBL288207,CCOC(=O)CCc1cnc(CN)c2cc(OC)c(OC)cc12.O=C(O)C(F)(F)F,52600.0,3.2790142558462607,2.8397000000000006,120.97000000000001,432.39499999999964,11,2,8,True
89,CHEMBL554683,CCOC(=O)c1cnc(CN)c2cc(OCC)c(OC)cc12.Cl,6700.0,4.173925197299173,2.6993000000000014,83.67,340.8069999999996,10,1,6,True
90,CHEMBL554882,COc1cc2c(C(N)=O)cnc(CN)c2cc1OC.Cl,170000.0,2.769551078621726,1.2314,100.46000000000001,297.7419999999997,7,2,5,True
91,CHEMBL41114,CCOC(=O)/C=C/c1cnc(CN)c2cc(OC)c(OC)cc12.O=C(O)C(F)(F)F,18000.0,3.744727494896694,2.920300000000001,120.97000000000001,430.3789999999997,10,2,8,True
92,CHEMBL554682,CCOC(=O)c1cnc(CNC)c2cc(OC)c(OC)cc12.Cl,731000.0,2.13608262304214,2.569900000000001,69.68,340.8069999999996,10,1,6,True
93,CHEMBL544478,CCOC(=O)c1cnc(CN)c2cc(O)c(OC)cc12.Cl,14000.0,3.853871964321762,2.0062,94.67,312.75299999999964,8,2,6,True
94,CHEMBL544241,CCOC(=O)Cc1cnc(CN)c2cc(OC)c(OC)cc12.Cl,17000.0,3.769551078621726,2.2381000000000006,83.67,340.8069999999996,10,1,6,True
95,CHEMBL539500,CCOC(=O)c1cnc(CN)c2cc(OC)c(OC)c(OC)c12.Cl,18000.0,3.744727494896694,2.3178000000000005,92.9,356.80599999999964,11,1,7,True
96,CHEMBL555560,CCOC(=O)c1cnc(CN)c2c(OC)cc(OC)cc12.Cl,320.0,5.494850021680094,2.309200000000001,83.67,326.7799999999997,9,1,6,True
97,CHEMBL77539,N#C[C@@H]1CCCN1C(=O)CNCCNc1ccc([N+](=O)[O-])cn1,8.469826116072875,7.0721255055612895,0.5058799999999997,124.19000000000001,318.3369999999997,7,2,7,True
98,CHEMBL539243,CCOC(=O)c1cnc(CN)c2c(OC)c(OC)c(OC)cc12.Cl,1100.0,4.958607314841775,2.3178000000000005,92.9,356.80599999999964,11,1,7,True
99,CHEMBL283880,Cc1cccc(C)c1N1C(=O)c2ccc(N)cc2C1=O,87900.0,3.0560111249262283,2.6862400000000006,63.4,266.2999999999998,4,1,3,True
100,CHEMBL313952,CC(C)c1cccc(C(C)C)c1N1C(=O)c2ccc(O)cc2C1=O,65900.0,3.1811145854059903,4.439600000000004,57.61000000000001,323.39199999999965,8,1,3,True
101,CHEMBL315471,Cc1cccc(C)c1N1C(=O)c2cccc(N)c2C1=O,60100.0,3.2211255279972604,2.6862399999999997,63.4,266.2999999999998,4,1,3,True
102,CHEMBL88474,CC(C)c1cccc(C(C)C)c1N1C(=O)c2cccc(O)c2C1=O,43600.0,3.360513510731414,4.439600000000004,57.61000000000001,323.39199999999965,8,1,3,True
103,CHEMBL90558,CC(C)c1cccc(C(C)C)c1N1C(=O)c2ccc(N)cc2C1=O,251200.0,2.5999803649348414,4.316200000000003,63.4,322.4079999999996,8,1,3,True
104,CHEMBL345319,CSc1ccccc1N1C(=O)c2cccc(O)c2C1=O,225700.0,2.646468440922238,2.914700000000002,57.61000000000001,285.3239999999998,4,1,4,True
105,CHEMBL88953,CCc1cccc(CC)c1N1C(=O)c2ccc(O)cc2C1=O,43300.0,3.3635121036466344,3.3176000000000014,57.61000000000001,295.3379999999996,6,1,3,True
106,CHEMBL151461,O=C(C1CCC[C@H]1B(O)O)[C@@H]1CCCN1,88200.0,3.05453141486818,-0.04940000000000028,69.56,211.07000000000014,5,3,4,True
107,CHEMBL153096,CCc1cccc(CC)c1N1C(=O)c2cccc(O)c2C1=O,43300.0,3.3635121036466344,3.3176000000000028,57.61000000000001,295.3379999999996,6,1,3,True
108,CHEMBL424612,Cc1cccc(C)c1N1C(=O)c2ccc(O)cc2C1=O,74100.0,3.130181792020672,2.809640000000001,57.61000000000001,267.28399999999976,4,1,3,True
109,CHEMBL169758,N[C@H](C(=O)N1CCCC1)[C@H]1CC[C@@H](OC(=O)Nc2ccc(I)cc2)C1,660.0,5.180456064458132,2.958100000000001,84.66,457.3119999999996,5,2,4,True
110,CHEMBL168986,CS(=O)(=O)c1ccc(S(=O)(=O)N[C@H]2CC[C@H]([C@H](N)C(=O)N3CCCC3)C2)cc1,130.0,5.886056647693163,0.48680000000000123,126.64,429.5639999999997,8,2,6,True
111,CHEMBL366751,N[C@H](C(=O)N1CCCC1)[C@H]1CC[C@@H](NS(=O)(=O)c2ccc(OC(F)(F)F)cc2)C1,550.0,5.259637310505756,1.9818999999999993,101.73,435.4679999999997,7,2,5,True
112,CHEMBL172276,N[C@H](C(=O)N1CCCC1)[C@@H]1CC[C@H](OC(=O)Nc2ccc(I)cc2)C1,670.0,5.173925197299173,2.958100000000001,84.66,457.3119999999996,5,2,4,True
113,CHEMBL171033,COc1ccc(NC(=O)O[C@@H]2CCC[C@H]([C@H](N)C(=O)N3CCSC3)C2)cc1,83.0,6.080921907623926,2.6627,93.89,393.5089999999996,7,2,6,True
114,CHEMBL439836,CS(=O)(=O)NCCS(=O)(=O)N[C@@H]1CC[C@@H]([C@H](N)C(=O)N2CCCC2)C1,71.0,6.1487416512809245,-1.4265999999999954,138.67000000000002,396.5349999999996,10,3,6,True
115,CHEMBL352343,N[C@H](C(=O)N1CCSC1)[C@H]1CC[C@@H](OC(=O)Nc2ccc(Cl)c(Cl)c2)C1,280.0,5.552841968657781,3.570800000000002,84.66,418.3459999999997,5,2,5,True
116,CHEMBL169962,N[C@H](C(=O)N1CCCC1)[C@@H]1CC[C@@H](NS(=O)(=O)c2ccc(C(=O)O)cc2)C1,110.0,5.958607314841775,0.7815000000000005,129.79999999999998,395.4809999999997,7,3,6,True
117,CHEMBL352737,COc1ccc(NC(=O)O[C@H]2CCC[C@H]([C@H](N)C(=O)N3CCCC3)C2)cc1,480.0,5.318758762624412,2.7522,93.89,375.4689999999996,7,2,5,True
118,CHEMBL368156,N[C@H](C(=O)N1CCCC1)[C@H]1CC[C@H](O)C1,840.0,5.075720713938118,0.09709999999999958,66.56,212.29300000000015,4,2,3,True
119,CHEMBL171437,N[C@H](C(=O)N1CCCC1)[C@H]1CC[C@H](NS(=O)(=O)c2ccc(C(=O)O)cc2)C1,72.0,6.142667503568732,0.7815000000000005,129.79999999999998,395.4809999999997,7,3,6,True
120,CHEMBL433732,CS(=O)(=O)c1ccc(S(=O)(=O)N[C@H]2CC[C@@H]([C@H](N)C(=O)N3CCCC3)C2)cc1,420.0,5.376750709602099,0.48680000000000123,126.64,429.5639999999997,8,2,6,True
121,CHEMBL354576,N[C@H](C(=O)N1CCCC1)[C@H]1CC[C@@H](NC(=O)Nc2cccc3ccccc23)C1,110.0,5.958607314841775,3.0797000000000008,87.46000000000001,380.4919999999996,5,3,3,True
122,CHEMBL168866,N[C@H](C(=O)N1CCCC1)[C@@H]1CC[C@@H](NS(=O)(=O)c2ccc(OC(F)(F)F)cc2)C1,170.0,5.769551078621726,1.9818999999999993,101.73,435.4679999999997,7,2,5,True
123,CHEMBL172631,N[C@H](C(=O)N1CCSC1)[C@H]1CC[C@@H](OC(=O)Nc2cccc(F)c2)C1,210.0,5.6777807052660805,2.4031000000000002,84.66,367.4459999999997,5,2,5,True
124,CHEMBL171430,N[C@@H](C(=O)N1CCSC1)[C@H]1CC[C@@H](OC(=O)Nc2cccc3ccccc23)C1,1700.0,4.769551078621726,3.417200000000001,84.66,399.51599999999974,5,2,5,True
125,CHEMBL169204,CS(=O)(=O)c1ccc(S(=O)(=O)N[C@@H]2CC[C@@H]([C@H](N)C(=O)N3CCCC3)C2)cc1,13.0,6.886056647693163,0.48680000000000123,126.64,429.5639999999997,8,2,6,True
126,CHEMBL355203,COc1ccc(NC(=O)O[C@@H]2CCC[C@H]([C@H](N)C(=O)N3CCCC3)C2)cc1,180.0,5.7447274948966935,2.7522,93.89,375.4689999999996,7,2,5,True
127,CHEMBL171342,N[C@H](C(=O)N1CCCC1)[C@H]1CC[C@H](NS(=O)(=O)c2ccc(S(N)(=O)=O)cc2)C1,83.0,6.080921907623926,-0.2692999999999979,152.66,430.5519999999997,8,3,6,True
128,CHEMBL354936,CN(C)S(=O)(=O)c1ccc(S(=O)(=O)N[C@H]2CC[C@H]([C@H](N)C(=O)N3CCCC3)C2)cc1,110.0,5.958607314841775,0.33360000000000234,129.88000000000002,458.6059999999997,10,2,6,True
129,CHEMBL169812,N[C@H](C(=O)N1CCCC1)[C@H]1CC[C@@H](NC(=O)c2cccc3ccccc23)C1,230.0,5.638272163982407,2.6880000000000006,75.43,365.4769999999996,5,2,3,True
130,CHEMBL172624,N[C@@H](C(=O)N1CCSC1)[C@H]1CC[C@@H](OC(=O)Nc2cccc(F)c2)C1,1200.0,4.920818753952375,2.4031000000000002,84.66,367.4459999999997,5,2,5,True
131,CHEMBL355716,COc1ccc(NC(=O)O[C@H]2CC[C@H]([C@H](N)C(=O)N3CCCC3)C2)cc1,270.0,5.568636235841013,2.3621,93.89,361.4419999999996,7,2,5,True
132,CHEMBL353840,N[C@H](C(=O)N1CCSC1)[C@H]1CC[C@H](NC(=O)c2cccc3ccccc23)C1,47.0,6.327902142064283,2.5985000000000005,75.43,383.5169999999997,5,2,4,True
133,CHEMBL169179,N[C@H](C(=O)N1CCCC1)[C@@H]1CC[C@@H](NS(=O)(=O)c2ccc(S(N)(=O)=O)cc2)C1,46.0,6.337242168318426,-0.2692999999999979,152.66,430.5519999999997,8,3,6,True
134,CHEMBL172730,N[C@H](C(=O)N1CCCC1)[C@H]1CC[C@@H](OC(=O)Nc2ccccc2-c2ccccc2)C1,3900.0,4.4089353929735005,4.020500000000002,84.66,407.51399999999967,6,2,4,True
135,CHEMBL168281,N[C@H](C(=O)N1CCCC1)[C@H]1CC[C@H](NS(=O)(=O)c2ccc(S(=O)(=O)C(F)(F)F)cc2)C1,220.0,5.657577319177793,1.3767999999999996,126.63999999999999,483.5339999999997,7,2,6,True
136,CHEMBL171609,N[C@H](C(=O)N1CCCC1)[C@@H]1CC[C@H](NC(=O)Nc2cccc3ccccc23)C1,440.0,5.356547323513812,3.0797000000000008,87.46000000000001,380.4919999999996,5,3,3,True
137,CHEMBL352632,CO[C@@H]1CCC[C@H]([C@H](N)C(=O)N2CCCC2)C1,870.0,5.060480747381382,1.1413,55.56,240.3470000000002,5,1,3,True
138,CHEMBL355248,CS(=O)(=O)c1ccccc1S(=O)(=O)N[C@H]1CC[C@H]([C@H](N)C(=O)N2CCCC2)C1,150.0,5.823908740944319,0.48680000000000123,126.64,429.56399999999974,8,2,6,True
139,CHEMBL170051,N[C@H](C(=O)N1CCCC1)[C@H]1CCC[C@H](OC(=O)Nc2ccc(I)cc2)C1,330.0,5.481486060122113,3.348200000000001,84.66,471.3389999999996,5,2,4,True
140,CHEMBL171733,N[C@H](C(=O)N1CCCC1)[C@H]1CCC[C@@H](OC(=O)Nc2ccc(I)cc2)C1,110.0,5.958607314841775,3.348200000000001,84.66,471.3389999999996,5,2,4,True
141,CHEMBL355051,N[C@H](C(=O)N1CCCC1)[C@H]1CCC[C@H](O)C1,290.0,5.537602002101044,0.487199999999999,66.56,226.32000000000016,4,2,3,True
142,CHEMBL433533,COc1ccc(NC(=O)O[C@H]2CCC[C@H]([C@H](N)C(=O)N3CCSC3)C2)cc1,420.0,5.376750709602099,2.6627,93.89,393.5089999999996,7,2,6,True
143,CHEMBL171290,N[C@H](C(=O)N1CCCC1)[C@@H]1CC[C@H](NS(=O)(=O)c2ccc(S(N)(=O)=O)cc2)C1,250.0,5.6020599913279625,-0.2692999999999979,152.66,430.5519999999997,8,3,6,True
144,CHEMBL355244,N[C@H](C(=O)N1CCCC1)[C@H]1CC[C@@H](O)C1,4600.0,4.337242168318426,0.09709999999999958,66.56,212.29300000000015,4,2,3,True
145,CHEMBL352354,COc1ccc(NC(=O)O[C@@H]2CC[C@H]([C@H](N)C(=O)N3CCSC3)C2)cc1,240.0,5.619788758288394,2.2725999999999997,93.89,379.48199999999963,7,2,6,True
146,CHEMBL352402,N[C@H](C(=O)N1CCCC1)[C@@H]1CC[C@@H](OC(=O)Nc2ccc(I)cc2)C1,110.0,5.958607314841775,2.958100000000001,84.66,457.3119999999996,5,2,4,True
147,CHEMBL352520,N[C@H](C(=O)N1CCSC1)[C@H]1CC[C@H](NC(=O)Nc2cccc3ccccc23)C1,43.0,6.366531544420414,2.9902000000000006,87.46000000000001,398.5319999999997,5,3,4,True
148,CHEMBL172057,N[C@H](C(=O)N1CCCC1)[C@H]1CC[C@H](OC(=O)Nc2ccc(I)cc2)C1,180.0,5.7447274948966935,2.958100000000001,84.66,457.3119999999996,5,2,4,True
149,CHEMBL353590,COc1ccc(NC(=O)O[C@@H]2CC[C@H]([C@H](N)C(=O)N3CCCC3)C2)cc1,1100.0,4.958607314841775,2.3621,93.89,361.4419999999996,7,2,5,True
150,CHEMBL355479,N[C@H](C(=O)N1CCCC1)[C@@H]1CC[C@@H](NC(=O)Nc2cccc3ccccc23)C1,94.0,6.026872146400302,3.0797000000000008,87.46000000000001,380.4919999999996,5,3,3,True
151,CHEMBL352548,CS(=O)(=O)NCCS(=O)(=O)N[C@H]1CC[C@H]([C@H](N)C(=O)N2CCCC2)C1,95.0,6.022276394711152,-1.4265999999999954,138.67000000000002,396.5349999999996,10,3,6,True
152,CHEMBL22310,N[C@H](C(=O)N1CC[C@H](F)C1)[C@H]1CC[C@H](NS(=O)(=O)c2ccc(F)cc2F)CC1,48.00000000000001,6.318758762624412,1.6995999999999991,92.5,419.4689999999997,6,2,4,True
153,CHEMBL22545,N[C@H](C(=O)N1C[C@H](F)[C@@H](F)C1)[C@H]1CC[C@H](NC(=O)OCc2ccccc2)CC1,830.0,5.080921907623926,2.3173000000000004,84.66000000000001,395.4499999999997,6,2,4,True
154,CHEMBL23223,N[C@H](C(=O)N1CCSC1)C1CCCCC1,89.0,6.050609993355087,1.4268999999999994,46.330000000000005,228.36100000000016,3,1,3,True
155,CHEMBL23051,N[C@H](C(=O)N1C[C@@H](F)[C@H](F)C1)[C@H]1CC[C@H](NS(=O)(=O)c2ccc(OC(F)(F)F)cc2)CC1,270.0,5.568636235841013,2.268,101.73,485.4749999999998,7,2,5,True
156,CHEMBL23880,N[C@H](C(=O)N1CC[C@H](F)C1)[C@H]1CC[C@H](NC(=O)c2ccccc2C(F)(F)F)CC1,210.0,5.6777807052660805,2.891700000000002,75.43,415.43099999999964,5,2,3,True
157,CHEMBL416008,N[C@H](C(=O)N1C[C@@H](F)[C@H](F)C1)[C@H]1CC[C@H](NC(=O)OCc2ccccc2)CC1,360.0,5.443697499232712,2.3173000000000004,84.66000000000001,395.4499999999997,6,2,4,True
158,CHEMBL281561,N[C@H](C(=O)N1CC[C@@H](F)C1)[C@H]1CC[C@H](NS(=O)(=O)c2ccc(OC(F)(F)F)cc2)CC1,75.0,6.1249387366083,2.3199999999999994,101.73,467.48499999999973,7,2,5,True
159,CHEMBL283309,N[C@H](C(=O)N1CC[C@@H](F)C1)[C@H]1CC[C@H](NS(=O)(=O)c2ccc(F)cc2F)CC1,58.0,6.236572006437063,1.6995999999999991,92.5,419.4689999999997,6,2,4,True
160,CHEMBL280658,N[C@H](C(=O)N1CCC(F)(F)C1)C1CCCCC1,72.99999999999999,6.136677139879544,1.7615999999999994,46.330000000000005,246.30100000000016,3,1,2,True
161,CHEMBL283368,N[C@H](C(=O)N1CCSC1)[C@H]1CC[C@H](NC(=O)c2ccccc2C(F)(F)F)CC1,67.0,6.173925197299173,2.8542000000000014,75.43,415.48099999999965,5,2,4,True
162,CHEMBL277693,N[C@H](C(=O)N1CC[C@@H](F)C1)[C@H]1CC[C@H](NC(=O)OCc2ccccc2)CC1,88.0,6.055517327849832,2.3693,84.66000000000001,377.45999999999964,6,2,4,True
163,CHEMBL281178,N[C@H](C(=O)N1CC[C@H](F)C1)[C@H]1CC[C@H](NS(=O)(=O)c2ccc(OC(F)(F)F)cc2)CC1,35.0,6.455931955649724,2.3199999999999994,101.73,467.48499999999973,7,2,5,True
164,CHEMBL23110,N[C@H](C(=O)N1CCC(F)(F)C1)[C@H]1CC[C@H](NC(=O)c2ccc(F)c(F)c2)CC1,55.0,6.259637310505756,2.4483000000000006,75.43,401.4039999999997,5,2,3,True
165,CHEMBL23879,N[C@H](C(=O)N1CC[C@@H](F)C1)[C@H]1CC[C@H](NC(=O)c2ccccc2C(F)(F)F)CC1,250.0,5.6020599913279625,2.891700000000002,75.43,415.43099999999964,5,2,3,True
166,CHEMBL277193,N[C@H](C(=O)N1C[C@@H](F)[C@H](F)C1)[C@H]1CC[C@H](NS(=O)(=O)c2ccc(F)cc2F)CC1,250.0,5.6020599913279625,1.6475999999999997,92.5,437.4589999999998,6,2,4,True
167,CHEMBL23981,N[C@H](C(=O)N1CC[C@@H](F)C1)C1CCCCC1,340.0,5.468521082957745,1.4643999999999993,46.330000000000005,228.31100000000018,3,1,2,True
168,CHEMBL279944,N[C@H](C(=O)N1CCC(F)(F)C1)[C@H]1CC[C@H](NC(=O)OCc2ccccc2)CC1,27.0,6.568636235841013,2.6665,84.66000000000001,395.4499999999997,6,2,4,True
169,CHEMBL431885,N[C@H](C(=O)N1C[C@H](F)[C@@H](F)C1)[C@H]1CC[C@H](NS(=O)(=O)c2ccc(OC(F)(F)F)cc2)CC1,870.0,5.060480747381382,2.268,101.73,485.4749999999998,7,2,5,True
170,CHEMBL23660,N[C@H](C(=O)N1CC[C@H](F)C1)[C@H]1CC[C@H](NC(=O)c2ccc(F)c(F)c2)CC1,54.0,6.267606240177032,2.1510999999999996,75.43,383.41399999999965,5,2,3,True
171,CHEMBL23924,N[C@H](C(=O)N1CC[C@@H](F)C1)[C@H]1CC[C@H](NC(=O)c2ccc(F)c(F)c2)CC1,110.0,5.958607314841775,2.1510999999999996,75.43,383.41399999999965,5,2,3,True
172,CHEMBL423108,N[C@H](C(=O)N1CCC(F)(F)C1)[C@H]1CC[C@H](NS(=O)(=O)c2ccc(OC(F)(F)F)cc2)CC1,23.0,6.638272163982407,2.6172000000000004,101.73,485.4749999999998,7,2,5,True
173,CHEMBL277635,N[C@H](C(=O)N1CCC(F)(F)C1)[C@H]1CC[C@H](NC(=O)c2ccccc2C(F)(F)F)CC1,70.0,6.154901959985743,3.188900000000001,75.43,433.4209999999997,5,2,3,True
174,CHEMBL22294,N[C@H](C(=O)N1CCC(F)(F)C1)[C@H]1CC[C@H](NS(=O)(=O)c2ccc(F)cc2F)CC1,21.0,6.6777807052660805,1.9967999999999995,92.5,437.4589999999998,6,2,4,True
175,CHEMBL23891,N[C@H](C(=O)N1CC[C@H](F)C1)[C@H]1CC[C@H](NC(=O)OCc2ccccc2)CC1,56.0,6.251811972993799,2.3693,84.66000000000001,377.45999999999964,6,2,4,True
176,CHEMBL22511,N[C@H](C(=O)N1CC[C@H](F)C1)C1CCCCC1,170.0,5.769551078621726,1.4643999999999993,46.330000000000005,228.31100000000018,3,1,2,True
177,CHEMBL357606,CCC(C)C(N)C(=O)N1CCSC1,1700.0,4.769551078621726,0.8927000000000002,46.330000000000005,202.32300000000018,6,1,3,True
178,CHEMBL147314,CCCCC(N)C(=O)N1CCCCC1,250000.0,2.6020599913279625,1.5163999999999995,46.330000000000005,198.3100000000002,6,1,2,True
179,CHEMBL148261,CCC(C)C(N)C(=O)N1CCC(F)C1,3500.0,4.455931955649724,0.9302,46.330000000000005,202.27300000000017,6,1,2,True
180,CHEMBL148955,NCCCCC(N)C(=O)N1CCSC1,317999.99999999994,2.4975728800155674,-0.02439999999999931,72.35,217.33800000000016,7,2,4,True
181,CHEMBL146995,NC(CO)C(=O)N1CCCCC1,67000.0,3.1739251972991736,-0.6815000000000004,66.56,172.22800000000015,4,2,3,True
182,CHEMBL146877,N#C[C@@H]1CCCCN1C(=O)C(N)CCN,151000.0,2.8210230527068307,-0.43281999999999815,96.14,210.28100000000015,5,2,4,True
183,CHEMBL434886,CCC(C)C(N)C(=O)N(C)CC,167000.0,2.7772835288524167,0.8381,46.330000000000005,172.2720000000002,9,1,2,True
184,CHEMBL319514,C[C@H](N)C(=O)N1CCC[C@H]1C#N,200.0,5.698970004336019,-0.15182000000000007,70.12,167.2120000000001,3,1,3,True
185,CHEMBL461912,N#C[C@@H]1CCCN1C(=O)[C@@H](N)CCCCN,319.99999999999994,5.494850021680094,-0.042719999999999314,96.14,224.30800000000016,7,2,4,True
186,CHEMBL148127,CCC(C)C(N)C(=O)N1CCCCCC1,374000.0,2.42712839779952,1.7623999999999995,46.330000000000005,212.33700000000022,6,1,2,True
187,CHEMBL356207,NCCC(N)C(=O)N1CCSC1,289000.0,2.539102157243452,-0.8045999999999995,72.35,189.28400000000013,5,2,4,True
188,CHEMBL148025,NC(C(=O)N1CCCCC1)C1CCCCC1,217000.0,2.6635402661514704,1.906499999999999,46.330000000000005,224.34800000000018,3,1,2,True
189,CHEMBL346877,CCC(C)C(N)C(=O)N1CCC1,50400.0,3.2975694635544746,0.5921,46.330000000000005,170.25600000000017,6,1,2,True
190,CHEMBL147923,NCCC(N)C(=O)N1CCCCC1,500000.0,2.3010299956639813,-0.32499999999999996,72.35,185.27100000000016,5,2,3,True
191,CHEMBL146190,CCCC(N)C(=O)N1CCCCC1,229000.0,2.640164517660112,1.1262999999999999,46.330000000000005,184.2830000000002,5,1,2,True
192,CHEMBL148002,CCC(C)C(N)C(=O)N(C)C,360000.0,2.4436974992327127,0.448,46.330000000000005,158.24500000000018,8,1,2,True
193,CHEMBL145813,N#CC1CCCCN1C(=O)C(N)CCCCN,51000.0,3.292429823902064,0.347380000000001,96.14,238.33500000000018,7,2,4,True
194,CHEMBL343650,CCCN(C)C(=O)C(N)C(C)CC,377000.0,2.423658649794207,1.2281999999999995,46.33,186.2990000000002,10,1,2,True
195,CHEMBL148285,CCC(N)C(=O)N1CCCCC1,250000.0,2.6020599913279625,0.7361999999999997,46.330000000000005,170.25600000000017,4,1,2,True
196,CHEMBL348246,NCCCCC(N)C(=O)N1CCC1,500000.0,2.3010299956639813,-0.32499999999999907,72.35,185.27100000000016,7,2,3,True
197,CHEMBL147691,CCC(C)C(N)C(=O)N1CCC(O)C1,93000.0,3.0315170514460648,-0.046999999999999875,66.56,200.28200000000018,7,2,3,True
198,CHEMBL144027,NCCCCC(N)C(=O)N1CCC(O)C1,500000.0,2.3010299956639813,-0.964099999999998,92.58,215.29700000000017,8,3,4,True
199,CHEMBL461506,NCCCC[C@H](N)C(=O)N1CCCCC1,182538.48909202652,2.738645548534216,0.45520000000000027,72.35,213.3250000000002,7,2,3,True
200,CHEMBL444537,CCC(C)C(N)C(=O)N1CC=CCC1,52000.0,3.283996656365201,1.1483,46.330000000000005,196.29400000000018,6,1,2,True
201,CHEMBL145862,NC(N)=NCCCC(N)C(=O)N1CCCCC1,18100.0,3.742321425130816,-0.6201999999999992,110.73,241.3390000000002,6,3,3,True
202,CHEMBL148954,NCCCC(N)C(=O)N1CCSC1,81000.0,3.09151498112135,-0.414499999999999,72.35,203.31100000000015,6,2,4,True
203,CHEMBL329909,N#C[C@@H]1CCCN1C(=O)CNCCNc1ncccn1,163.0,5.787812395596042,-0.0073199999999992715,93.94,274.32799999999963,6,2,6,True
204,CHEMBL96229,O=C(CNC12C[C@H]3C[C@@H](C1)C[C@@H](C2)C3)N1CCC1,24200.0,3.616184634019569,1.7770999999999997,32.34,248.3700000000002,3,1,2,True
205,CHEMBL3084822,CC(=O)O[C@@]12C[C@@H]3C[C@@H](C[C@](NCC(=O)N4CCC[C@H]4C#N)(C3)C1)C2,70.0,6.154901959985743,1.7450799999999997,82.43,345.4429999999996,5,1,5,True
206,CHEMBL316832,N#C[C@@H]1CCCN1C(=O)CNCC12C[C@H]3C[C@@H](C1)C[C@@H](C2)C3,598.0,5.223298816011589,2.3069799999999994,56.13,301.43399999999946,4,1,3,True
207,CHEMBL94597,N#C[C@@H]1CCCN1C(=O)CNCCNc1ccccc1,298.0,5.525783735923745,1.2026799999999997,68.16,272.3519999999997,6,2,4,True
208,CHEMBL330670,CCNCC(=O)N1CCC[C@H]1C#N,444.0,5.35261702988538,0.11047999999999991,56.13,181.23900000000012,4,1,3,True
209,CHEMBL94147,CCCCCCCNCC(=O)N1CCC[C@H]1C#N,291.0,5.536107011014093,2.06098,56.13,251.37400000000022,9,1,3,True
210,CHEMBL94908,CCC(C)(C)NCC(=O)N1CCC[C@H]1C#N,105.0,5.978810700930062,1.2791799999999998,56.13,223.32000000000016,7,1,3,True
211,CHEMBL327264,N#C[C@@H]1CCCN1C(=O)CNCCC(c1ccccc1)c1ccccc1,377.0,5.423658649794207,3.312780000000002,56.13,347.4619999999996,7,1,3,True
212,CHEMBL94046,N#C[C@H]1CCCN1C(=O)CCNCCNc1ccc([N+](=O)[O-])cn1,18700.0,3.728158393463501,0.8959799999999997,124.19000000000001,332.36399999999963,8,2,7,True
213,CHEMBL93847,N#C[C@@H]1CCCN1C(=O)CNC1CCCCCCCCCCC1,338.0,5.471083299722345,3.763880000000002,56.13,319.49299999999937,3,1,3,True
214,CHEMBL96607,CC(N)(CO)C(O)NCC(=O)N1CCC[C@H]1C#N,372.0,5.429457060118103,-1.881319999999999,122.61000000000001,256.30600000000015,9,4,6,True
215,CHEMBL96942,N#C[C@@H]1CCCN1C(=O)CNCCc1ccccc1,305.0,5.515700160653214,1.3332799999999996,56.13,257.3370000000001,5,1,3,True
216,CHEMBL3084816,N#C[C@@H]1CCCN1C(=O)CN[C@H]1CC[C@H](Nc2ccc(C(F)(F)F)cn2)CC1,7.0,7.154901959985743,2.9276800000000014,81.05,395.4289999999996,5,2,5,True
217,CHEMBL328613,O=C(CNC12C[C@H]3C[C@@H](C1)C[C@@H](C2)C3)N1CCc2ccccc2C1,26100.0,3.583359492661719,3.1297000000000015,32.34,324.4679999999995,3,1,2,True
218,CHEMBL313423,CN[C@H](C(=O)N1CCC[C@H]1C#N)C(C)C,9610.0,4.017276612331455,0.7449799999999995,56.13,209.29300000000015,6,1,3,True
219,CHEMBL3084814,C[C@]12C[C@@H]3C[C@](C)(C1)C[C@](NCC(=O)N1CCC[C@H]1C#N)(C3)C2,17.0,6.769551078621726,2.8395800000000007,56.13,315.46099999999944,5,1,3,True
220,CHEMBL96748,CC(C)NCC(=O)N1CCC[C@H]1C#N,192.0,5.71669877129645,0.49897999999999954,56.13,195.26600000000016,5,1,3,True
221,CHEMBL96160,CCCCCNCC(=O)N1CCC[C@H]1C#N,266.0,5.575118363368933,1.2807799999999996,56.13,223.32000000000016,7,1,3,True
222,CHEMBL96299,N#C[C@@H]1CCCN1C(=O)CNCCCCCO,346.0,5.460923901207224,0.2531799999999998,76.36,239.31900000000016,8,2,4,True
223,CHEMBL328994,N#C[C@@H]1CCCN1C(=O)CNC1Cc2ccccc2C1,133.0,5.876148359032914,1.2579799999999994,56.13,269.34799999999973,3,1,3,True
224,CHEMBL93354,N#C[C@@H]1CCCN1C(=O)CNCCNc1ccc(Cl)cn1,36.0,6.443697499232713,1.2510799999999997,81.05,307.7849999999996,6,2,5,True
225,CHEMBL96071,CC1(C)C2CC(CNCC(=O)N3CCC[C@H]3C#N)CC1C2,242.0,5.616184634019569,2.1628799999999995,56.13,289.4229999999995,6,1,3,True
226,CHEMBL328794,N#C[C@@H]1CCCN1C(=O)CNC1CCN(c2nc3ccccc3s2)CC1,228.0,5.642065152999546,2.36928,72.26,369.49399999999963,4,1,6,True
227,CHEMBL96395,N#Cc1ccc(NCCNCC(=O)N2CCC[C@H]2C(N)=O)nc1,434000.0,2.362510270487489,-0.5689199999999996,124.14,316.3649999999996,7,3,6,True
228,CHEMBL330373,N#C[C@@H]1CCCN1C(=O)CNC1CC2CCC1C2,15.0,6.823908740944319,1.2791799999999993,56.13,247.34200000000016,3,1,3,True
229,CHEMBL318511,O=C(CNC12C[C@H]3C[C@@H](C1)C[C@@H](C2)C3)N1CCCCC1,52600.0,3.2790142558462607,2.5573000000000006,32.34,276.42399999999964,3,1,2,True
230,CHEMBL321509,N#C[C@@H]1CCCN1C(=O)CNCCOc1ccccc1,635.0,5.197226274708024,1.1695799999999996,65.36,273.3359999999996,6,1,4,True
231,CHEMBL96666,CC(C)[C@H](N)C(=O)N1CCC[C@H]1C#N,2.0,7.698970004336019,0.4842799999999999,70.12,195.26600000000016,5,1,3,True
232,CHEMBL95088,N#C[C@@H]1CCCN1C(=O)CNC1(CO)CCCC1,26.0,6.585026652029182,0.39567999999999937,76.36,251.33000000000015,5,2,4,True
233,CHEMBL3084820,N#C[C@@H]1CCCN1C(=O)CN[C@H]1CC[C@H](Nc2nc3ccccc3s2)CC1,10.0,7.0,3.1235800000000014,81.05,383.5209999999996,5,2,6,True
234,CHEMBL3084826,O=C(O)[C@@H]1CCCN1C(=O)CN[C@]12C[C@@H]3C[C@@H](C[C@@](O)(C3)C1)C2,477000.0,2.321481620959886,0.7352999999999994,89.87,322.4049999999996,5,3,5,True
235,CHEMBL329282,N#C[C@@H]1CCCN1C(=O)CNCCNc1ncccc1C(F)(F)F,989.0,5.004803708402821,1.6164800000000004,81.05,341.3369999999996,6,2,5,True
236,CHEMBL96891,CC(C)C(NCC(=O)N1CCC[C@H]1C#N)C(C)C,109000.0,2.962573502059376,1.7711799999999993,56.13,251.37400000000022,9,1,3,True
237,CHEMBL319798,N#C[C@@H]1CCCN1C(=O)CNC1CCN(C(=O)C2CCCCC2)CC1,23.0,6.638272163982407,1.6618799999999994,76.44,346.4749999999995,4,1,4,True
238,CHEMBL96892,N#C[C@@H]1CCCN1C(=O)CNC1[C@H]2C[C@@H]3C[C@@H](C[C@H]1C3)C2,13.0,6.886056647693163,1.9152799999999992,56.13,287.40699999999947,3,1,3,True
239,CHEMBL92028,N#C[C@@H]1CCCN1C(=O)CNC1(CO)CCCCC1,104.0,5.982966660701219,0.7857799999999994,76.36,265.3569999999999,5,2,4,True
240,CHEMBL96453,N#C[C@@H]1CCCN1C(=O)CNCc1ccccc1,988.0,5.005243055412372,1.2907799999999994,56.13,243.31000000000012,4,1,3,True
241,CHEMBL3084819,N#C[C@@H]1CCCN1C(=O)CN[C@H]1CC[C@H](NC(=O)C2CCCCC2)CC1,18.0,6.7447274948966935,2.098279999999999,85.22999999999999,360.5019999999995,5,2,4,True
242,CHEMBL330623,N#C[C@@H]1CCCN1C(=O)[C@@H](NC1CCCCC1)C1CCCCC1,18600.0,3.730487055782084,3.372180000000002,56.13,317.4769999999994,4,1,3,True
243,CHEMBL96593,N#C[C@@H]1CCCN1C(=O)CNC1CCCCCCC1,53.0,6.275724130399211,2.203479999999999,56.13,263.385,3,1,3,True
244,CHEMBL96491,CCCCCCNCC(=O)N1CCC[C@H]1C#N,282.0,5.549750891680639,1.67088,56.13,237.34700000000018,8,1,3,True
245,CHEMBL3084821,N#C[C@@H]1CCCN1C(=O)CN[C@H]1CC[C@H](Oc2ccc(Cl)cc2)CC1,14.0,6.853871964321762,3.1341800000000015,65.36,361.8729999999996,5,1,4,True
246,CHEMBL92710,CCC(CO)NCC(=O)N1CCC[C@H]1C#N,256.0,5.59176003468815,-0.1385200000000002,76.36,225.29200000000014,7,2,4,True
247,CHEMBL3084817,N#C[C@@H]1CCCN1C(=O)CN[C@]12C[C@H]3C[C@@H](C1)C[C@](OC(=O)NC1CCCCC1)(C3)C2,64.0,6.1938200260161125,3.2408800000000006,94.46000000000001,428.5769999999995,5,2,5,True
248,CHEMBL94312,N#C[C@@H]1CCCN1C(=O)CNC1CCC1,80.0,6.096910013008056,0.6430799999999994,56.13,207.27700000000013,3,1,3,True
249,CHEMBL319080,N#C[C@@H]1CCCN1C(=O)CNC12C[C@H]3C[C@@H](C1)C[C@@H](C2)C3,3.0,7.522878745280337,2.059379999999999,56.13,287.40699999999947,3,1,3,True
250,CHEMBL3084824,COc1ccc(NC(=O)O[C@@]23C[C@@H]4C[C@@H](C[C@](NCC(=O)N5CCC[C@H]5C#N)(C4)C2)C3)cc1,149.0,5.826813731587726,3.439280000000002,103.69,452.55499999999967,7,2,6,True
251,CHEMBL3084818,CC(C)N(C(=O)O[C@@]12C[C@@H]3C[C@@H](C[C@](NCC(=O)N4CCC[C@H]4C#N)(C3)C1)C2)C(C)C,183.0,5.73754891026957,3.437380000000002,85.67,430.5929999999995,10,1,5,True
252,CHEMBL330426,N#C[C@@H]1CCCN1C(=O)CNC1CCN(c2ccc(C(F)(F)F)cn2)CC1,296.0,5.528708288941061,2.17338,72.26,381.4019999999996,4,1,5,True
253,CHEMBL96890,N#C[C@@H]1CCCN1C(=O)CNCCCc1ccccc1,491.0,5.308918507877031,1.7233799999999997,56.13,271.3639999999997,6,1,3,True
254,CHEMBL323130,N#C[C@@H]1CCCN1C(=O)CNC1CCCCCC1,63.0,6.200659450546418,1.813379999999999,56.13,249.35800000000017,3,1,3,True
255,CHEMBL3084811,N#C[C@@H]1CCCN1C(=O)CN[C@]12C[C@@H]3C[C@@H](C[C@@](O)(C3)C1)C2,2.7,7.568636235841012,1.1742799999999989,76.36,303.4059999999995,4,2,4,True
256,CHEMBL93034,O=C(CNC12C[C@H]3C[C@@H](C1)C[C@@H](C2)C3)N1CCCC1,7000.0,4.154901959985743,2.1672000000000002,32.34,262.39700000000005,3,1,2,True
257,CHEMBL330326,CCC(CC)NCC(=O)N1CCC[C@H]1C#N,398.0,5.400116927926312,1.2791799999999998,56.13,223.32000000000016,7,1,3,True
258,CHEMBL96908,CC(C)(Cc1ccccc1)NCC(=O)N1CCC[C@H]1C#N,24.0,6.619788758288394,2.11188,56.13,285.3909999999995,7,1,3,True
259,CHEMBL327166,CC(C)(CNc1ccc(C#N)cn1)NCC(=O)N1CCC[C@H]1C#N,29.0,6.537602002101044,1.2479599999999995,104.84,326.4039999999996,8,2,6,True
260,CHEMBL96459,CC1C(NCC(=O)N2CCC[C@H]2C#N)CC2CC1C2(C)C,16.0,6.795880017344075,2.1612799999999996,56.13,289.4229999999995,6,1,3,True
261,CHEMBL330717,N#C[C@@H]1CCCN1C(=O)CNCCNc1ccc(C(F)(F)F)cn1,83.0,6.080921907623926,1.6164799999999997,81.05,341.33699999999965,6,2,5,True
262,CHEMBL431425,N#C[C@@H]1CCCN1C(=O)CNC1CCCCC1,64.0,6.1938200260161125,1.4232799999999992,56.13,235.33100000000016,3,1,3,True
263,CHEMBL96080,N#C[C@@H]1CCCN1C(=O)CNC1CC1,612.0,5.213248577854439,0.2529799999999996,56.13,193.2500000000001,3,1,3,True
264,CHEMBL317787,CCCCNCC(=O)N1CCC[C@H]1C#N,261.0,5.583359492661719,0.8906799999999997,56.13,209.29300000000018,6,1,3,True
265,CHEMBL94647,CC(C)(C)CCNCC(=O)N1CCC[C@H]1C#N,466.0,5.33161408331,1.5267799999999996,56.13,237.34700000000018,4,1,3,True
266,CHEMBL323129,CC(C)(N)C(O)NCC(=O)N1CCC[C@H]1C#N,218.0,5.661543506395395,-0.8537199999999989,102.38,240.3070000000002,8,3,5,True
267,CHEMBL322903,N#Cc1ccc(NCCNCC(=O)N2CCC[C@@H]2C#N)nc1,1170.0,4.931814138253839,0.46935999999999933,104.83999999999999,298.3499999999996,6,2,6,True
268,CHEMBL318612,CN(CC(=O)N1CCC[C@H]1C#N)C1CCCCC1,103000.0,2.987162775294828,1.7654799999999995,47.34,249.35800000000017,4,0,3,True
269,CHEMBL3084823,N#C[C@@H]1CCCN1C(=O)CN[C@]12C[C@H]3C[C@@H](C1)C[C@](OC(=O)Nc1ccccc1)(C3)C2,62.0,6.2076083105017466,3.4306800000000006,94.46000000000001,422.5289999999996,5,2,5,True
270,CHEMBL3084815,N#Cc1ccc(N[C@H]2CC[C@H](NCC(=O)N3CCC[C@H]3C#N)CC2)nc1,5.0,7.301029995663981,1.7805599999999993,104.83999999999999,352.4419999999996,5,2,6,True
271,CHEMBL3084813,NC(=O)[C@@H]1CCCN1C(=O)CN[C@]12C[C@@H]3C[C@@H](C[C@@](O)(C3)C1)C2,931000.0,2.0310503190186573,0.13600000000000012,95.66000000000001,321.42099999999954,5,3,4,True
272,CHEMBL3084825,CC(C)(C)NC(=O)O[C@@]12C[C@@H]3C[C@@H](C[C@](NCC(=O)N4CCC[C@H]4C#N)(C3)C1)C2,22.0,6.657577319177793,2.7066800000000013,94.46000000000001,402.53899999999953,4,2,5,True
273,CHEMBL92711,N#C[C@@H]1CCCN1C(=O)CNCCNc1ccccn1,33.0,6.481486060122113,0.5976799999999995,81.05,273.33999999999963,6,2,5,True
274,CHEMBL96183,O=C(CNCCNc1ccc([N+](=O)[O-])cn1)N1CCSC1,3000.0,4.522878745280337,0.5241999999999998,100.39999999999999,311.3669999999997,7,2,7,True
275,CHEMBL95089,N#C[C@@H]1CCCN1C(=O)CNC1CCCC1,54.0,6.267606240177032,1.0331799999999993,56.13,221.30400000000014,3,1,3,True
276,CHEMBL94630,CC(C)(C)CC(C)(C)NCC(=O)N1CCC[C@H]1C#N,123.0,5.910094888560602,2.3053800000000004,56.13,265.40099999999995,6,1,3,True
277,CHEMBL318775,N#Cc1ccc(NCCCNCC(=O)N2CCC[C@H]2C#N)nc1,102.0,5.991399828238082,0.8594599999999992,104.83999999999999,312.3769999999996,7,2,6,True
278,CHEMBL321724,N#Cc1ccc(NCCN2CC(=O)N3CCC[C@H]3C2=N)nc1,1540.0,4.8124792791635365,0.6490499999999997,96.11,298.3499999999996,4,2,5,True
279,CHEMBL96577,N#C[C@@H]1CCCN1C(=O)CNCc1cccc2ccccc12,436.0,5.360513510731414,2.44398,56.13,293.3699999999996,4,1,3,True
280,CHEMBL96814,O=C(CNCCNc1ccc([N+](=O)[O-])cn1)N1CCCC1,7400.0,4.130768280269024,0.6136999999999995,100.39999999999999,293.32699999999966,7,2,6,True
281,CHEMBL320143,CCCNCC(=O)N1CCC[C@H]1C#N,475.0,5.323306390375134,0.5005799999999998,56.13,195.26600000000016,5,1,3,True
282,CHEMBL96937,CC(C)(C)NCC(=O)N1CCC[C@H]1C#N,35.0,6.455931955649724,0.8890799999999999,56.13,209.29300000000018,2,1,3,True
283,CHEMBL329581,CC(N)(CNCC(=O)N1CCC[C@H]1C#N)C(=O)O,109000.0,2.962573502059376,-1.1074199999999987,119.45,254.29000000000013,7,3,6,True
284,CHEMBL3084812,CC[C@@]12C[C@H]3C[C@@H](C1)C[C@@](NCC(=O)N1CCC[C@H]1C#N)(C3)C2,7.0,7.154901959985743,2.8395800000000007,56.13,315.46099999999944,5,1,3,True
285,CHEMBL330600,N#Cc1cccc(CNCC[C@H](N)C(=O)N2CCCCC2)c1,132000.0,2.87942606879415,1.3777799999999998,82.14999999999999,300.40599999999955,7,2,4,True
286,CHEMBL98801,CN(CC[C@H](N)C(=O)N1CCCCC1)Cc1ccc(Cl)cc1,196000.0,2.707743928643524,2.5017000000000005,49.57,323.8679999999995,8,1,3,True
287,CHEMBL98415,N[C@@H](CCNc1ccccc1)C(=O)N1CCCCC1,250000.0,2.6020599913279625,1.8283999999999994,58.36,261.369,6,2,3,True
288,CHEMBL440325,CC(=O)NCC[C@H](N)C(=O)N1CCCCC1,518000.0,2.285670240254767,-0.14759999999999973,75.42999999999999,227.3080000000002,6,2,3,True
289,CHEMBL98423,N[C@@H](CCNCc1cccs1)C(=O)N1CCCCC1,278000.0,2.555955204081924,1.5675999999999992,58.36,281.42499999999956,7,2,4,True
290,CHEMBL98860,N[C@@H](CCNCc1ccc2ccccc2c1)C(=O)N1CCCCC1,179000.0,2.7471469690201067,2.659300000000001,58.36,325.4559999999995,7,2,3,True
291,CHEMBL99506,N[C@@H](CCNCc1ccc(Cl)cc1)C(=O)N1CCC(F)CC1,70000.0,3.154901959985743,2.1074999999999995,58.36,327.83099999999956,7,2,3,True
292,CHEMBL99111,N[C@@H](CCNCc1ccncc1)C(=O)N1CCCCC1,125000.0,2.903089986991944,0.9010999999999993,71.24999999999999,276.3839999999996,7,2,4,True
293,CHEMBL319350,N#CC1CCCCN1C(=O)[C@@H](N)CCNCc1ccc(Cl)cc1,13000.0,3.886056647693163,2.05168,82.15,334.8509999999996,7,2,4,True
294,CHEMBL100370,N[C@@H](CCNCc1ccc(Cl)cc1)C(=O)N1CC=CCC1,148000.0,2.8297382846050425,1.9354999999999998,58.36,307.8249999999996,7,2,3,True
295,CHEMBL99047,COc1ccc(CNCC[C@H](N)C(=O)N2CCCCC2)cc1,417000.0,2.3798639450262424,1.5146999999999995,67.58999999999999,305.4219999999995,9,2,4,True
296,CHEMBL97970,N[C@@H](CCN(Cc1ccccc1)Cc1ccccc1)C(=O)N1CCCCC1,266000.0,2.575118363368933,3.418700000000002,49.57,365.5209999999995,9,1,3,True
297,CHEMBL328197,N[C@@H](CCNC1CCNCC1)C(=O)N1CCCCC1,64000.0,3.193820026016113,0.05790000000000117,70.39,268.40499999999986,6,3,4,True
298,CHEMBL320672,N#C[C@@H]1CCCCN1C(=O)[C@@H](N)CCN,151000.0,2.8210230527068307,-0.43281999999999815,96.14,210.28100000000015,5,2,4,True
299,CHEMBL316487,N[C@@H](CCNc1ncccc1[N+](=O)[O-])C(=O)N1CCCCC1,56000.0,3.2518119729937998,1.1315999999999988,114.39,307.35399999999964,7,2,6,True
300,CHEMBL418788,N#Cc1ccc(NCC[C@H](N)C(=O)N2CCCCC2)nc1,205000.0,2.688246138944246,1.0950799999999994,95.03999999999999,287.36699999999956,6,2,5,True
301,CHEMBL99263,N[C@@H](CCNCc1ccccc1)C(=O)N1CCCCC1,247000.0,2.607303046740334,1.506099999999999,58.36,275.3959999999996,7,2,3,True
302,CHEMBL98060,N[C@@H](CCNCc1ccc(Cl)cc1)C(=O)N1CCCC(F)C1,500000.0,2.3010299956639813,2.1074999999999995,58.36,327.83099999999956,7,2,3,True
303,CHEMBL97884,N[C@@H](CCNCc1cccc2ccccc12)C(=O)N1CCCCC1,301000.0,2.5214335044061564,2.6593,58.36,325.4559999999995,7,2,3,True
304,CHEMBL98762,N[C@@H](CCNCc1ccccc1Cl)C(=O)N1CCCCC1,345000.0,2.462180904926726,2.1594999999999995,58.36,309.84099999999955,7,2,3,True
305,CHEMBL97977,N[C@@H](CCNCC1CCCCC1)C(=O)N1CCCCC1,496000.0,2.3045183235098023,1.8861999999999988,58.36,281.4439999999995,7,2,3,True
306,CHEMBL99247,N[C@@H](CCNCc1ccc(OCc2ccccc2)cc1)C(=O)N1CCCCC1,192000.0,2.7166987712964503,3.0851000000000006,67.58999999999999,381.5199999999995,10,2,4,True
307,CHEMBL98869,N[C@@H](CCNCc1ccc(Cl)cc1)C(=O)N1CCCCC1,172257.0383372376,2.7638230240004504,2.1594999999999995,58.36,309.84099999999955,7,2,3,True
308,CHEMBL329314,N#CC1CCCCN1C(=O)[C@@H](N)CCNCc1ccccc1,68000.0,3.167491087293764,1.3982800000000002,82.15,300.40599999999955,7,2,4,True
309,CHEMBL318670,N[C@@H](CCNC(=O)c1ccccc1)C(=O)N1CCCCC1,418000.0,2.378823718224965,1.1462999999999992,75.42999999999999,289.3789999999995,6,2,3,True
310,CHEMBL317312,N[C@@H](CCNCCc1ccccc1)C(=O)N1CCCCC1,188000.0,2.72584215073632,1.5485999999999986,58.36,289.42299999999943,8,2,3,True
311,CHEMBL327499,COc1cccc(CNCC[C@H](N)C(=O)N2CCCCC2)c1,250000.0,2.6020599913279625,1.5146999999999995,67.58999999999999,305.4219999999995,9,2,4,True
312,CHEMBL101401,NC(N)=NCC[C@H](N)C(=O)N1CCCCC1,545000.0,2.263603497723357,-1.0102999999999993,110.73,227.31200000000018,5,3,3,True
313,CHEMBL317949,N[C@@H](CCNCc1cccc(Cl)c1)C(=O)N1CCCCC1,186000.0,2.7304870557820835,2.1594999999999995,58.36,309.84099999999955,7,2,3,True
314,CHEMBL37260,N[C@@H](Cc1c[nH]c2ccccc12)C(=O)N1Cc2ccccc2C[C@H]1C(=O)O,5700.0,4.2441251443275085,2.0758,99.42,363.4169999999997,5,3,4,True
315,CHEMBL290598,N[C@@H](Cc1c[nH]c2ccccc12)C(=O)N1Cc2ccccc2C[C@H]1C(=O)N[C@@H](CCC(=O)O)C(=O)O,7000.0,4.154901959985743,1.4253999999999998,165.81999999999996,492.53199999999975,10,5,7,True
316,CHEMBL432081,N[C@@H](Cc1c[nH]c2ccccc12)C(=O)N1Cc2ccccc2C[C@H]1C(=O)N[C@@H](CO)C(=O)O,7900.0,4.102372908709558,0.5529000000000002,148.75,450.4949999999997,9,5,6,True
317,CHEMBL177746,O=C(CNC1CCCCC1)N1CCCC1,148000.0,2.8297382846050425,1.5310999999999997,32.34,210.32100000000017,3,1,2,True
318,CHEMBL175260,O=C(CNCc1ccccc1)N1CCCC1,1000000.0,2.0,1.3986,32.34,218.30000000000015,4,1,2,True
319,CHEMBL177980,N#CC1CCC/C1=C(/F)CNC12CC3CC(CC(C3)C1)C2,12000.0,3.9208187539523753,4.092080000000003,35.82,288.4099999999995,3,1,2,True
320,CHEMBL180514,N#CC1CCC/C1=C(\F)CNC12CC3CC(CC(C3)C1)C2,15000.0,3.823908740944319,4.092080000000003,35.82,288.4099999999995,3,1,2,True
321,CHEMBL175034,N#C[C@@H]1CCCC1C(=O)CNCCc1ccccc1,2130.0,4.671620396561262,2.327680000000001,52.89,256.3490000000001,6,1,3,True
322,CHEMBL179771,N#C[C@@H]1CCCC1C(=O)CNC12CC3CC(CC(C3)C1)C2,350.0,5.455931955649724,3.0537800000000015,52.89,286.41899999999947,4,1,3,True
323,CHEMBL179687,N#C[C@@H]1CCCC1C(=O)CNCc1ccc(F)cc1,3700.0,4.431798275933005,2.4242800000000004,52.89,260.31199999999995,5,1,3,True
324,CHEMBL537625,Cl.N[C@@H](CC(=O)N1CCn2cnnc2C1)Cc1ccc(F)c(F)c1,455.0,5.341988603342887,1.2803999999999995,77.04,357.7919999999997,5,1,5,True
325,CHEMBL537844,CCc1nnc2n1CCN(C(=O)C[C@H](N)Cc1ccc(F)c(F)c1)C2.Cl,231.0,5.636388020107856,1.8428,77.04,385.84599999999966,7,1,5,True
326,CHEMBL558196,Cl.N[C@@H](CC(=O)N1CCn2c(nnc2C(F)(F)F)C1)Cc1ccc(F)c(F)c1,128.0,5.892790030352131,2.299200000000001,77.04,425.7889999999998,5,1,5,True
327,CHEMBL537400,Cl.N[C@@H](CC(=O)N1CCn2c(nnc2C(F)(F)F)C1)Cc1cc(F)ccc1F,27.0,6.568636235841013,2.2992,77.04,425.7889999999998,5,1,5,True
328,CHEMBL539077,Cl.N[C@@H](CC(=O)N1CCn2c(nnc2C(F)(F)F)C1)Cc1cc(F)c(F)cc1F,17.999999999999996,6.744727494896694,2.438300000000001,77.04,443.7789999999998,5,1,5,True
329,CHEMBL557187,Cl.N[C@@H](CC(=O)N1CCn2cnnc2C1)Cc1cc(F)c(F)cc1F,68.0,6.167491087293763,1.4194999999999998,77.04,375.7819999999997,5,1,5,True
330,CHEMBL558585,Cl.N[C@@H](CC(=O)N1CCn2c(nnc2C(F)(F)C(F)(F)F)C1)Cc1cc(F)c(F)cc1F,71.0,6.1487416512809245,3.0736000000000017,77.04,493.78599999999983,6,1,5,True
331,CHEMBL559011,Cl.N[C@@H](CC(=O)N1CCn2c(nnc2C(F)(F)C(F)(F)F)C1)Cc1cc(F)ccc1F,103.0,5.987162775294828,2.9345000000000017,77.04,475.7959999999998,6,1,5,True
332,CHEMBL175872,N[C@@H](CC(=O)N1CCNC[C@H]1Cc1ccccc1)Cc1ccccc1F,138.99999999999997,5.856985199745905,2.1287000000000003,58.36000000000001,355.45699999999954,7,2,3,True
333,CHEMBL366549,N[C@@H](CC(=O)N1CCNCC1)Cc1ccc(F)c(F)c1,3100.0,4.508638306165727,0.6564999999999996,58.36000000000001,283.3219999999996,5,2,3,True
334,CHEMBL440021,N[C@H](C(=O)N1Cc2ccccc2C1)C1CCCCC1,15000.0,3.823908740944319,2.4364,46.330000000000005,258.36500000000007,3,1,2,True
335,CHEMBL179289,N#C[C@@H]1CCCN1C(=O)[C@@H](N)CC(=O)N1CCc2ccccc2C1,99.0,6.00436480540245,0.80328,90.42999999999999,326.39999999999964,4,1,4,True
336,CHEMBL362018,N#C[C@@H]1CCCN1C(=O)[C@@H](N)CC(=O)N1CCN(C(c2ccc(F)cc2)c2ccc(F)cc2)CC1,227.00000000000009,5.6439741428068775,2.4303800000000004,93.66999999999999,481.54699999999974,7,1,5,True
337,CHEMBL180000,N#C[C@@H]1Cc2ccccc2CN1C(=O)[C@@H](N)Cc1c[nH]c2ccccc12,13000.0,3.886056647693163,2.514780000000001,85.91,344.4179999999997,4,2,3,True
338,CHEMBL361863,N[C@H](C(=O)N1CCCCC1)C1CCCCC1,31000.0,3.508638306165728,1.906499999999999,46.330000000000005,224.34800000000018,3,1,2,True
339,CHEMBL184262,N[C@@H](CC(=O)N1CCSC1)Cc1ccccc1,2999.9999999999977,4.522878745280338,1.4793999999999996,46.330000000000005,250.36700000000013,5,1,3,True
340,CHEMBL362364,N[C@H](CCc1ccccc1)CC(=O)N1CCSC1,16480.0,3.783042792638903,1.8695,46.330000000000005,264.3939999999999,6,1,3,True
341,CHEMBL185020,N[C@@H](CC(=O)N1CCSC1)Cc1ccccn1,39640.0,3.401866354186762,0.8743999999999994,59.220000000000006,251.35500000000013,5,1,4,True
342,CHEMBL185332,N[C@@H](CC(=O)N1CCSC1)Cc1cccnc1,44860.0,3.348140730753051,0.8743999999999994,59.220000000000006,251.35500000000013,5,1,4,True
343,CHEMBL183947,N[C@@H](CC(=O)N1CCSC1)Cc1ccncc1,51000.0,3.292429823902064,0.8743999999999994,59.220000000000006,251.35500000000013,5,1,4,True
344,CHEMBL183517,N[C@@H](CC(=O)N1CCSC1)Cc1ccsc1,5700.0,4.2441251443275085,1.5408999999999997,46.330000000000005,256.39600000000013,5,1,4,True
345,CHEMBL181239,N[C@@H](CC(=O)N1CCSC1)Cc1ccoc1,46910.0,3.328734567052841,1.0723999999999996,59.470000000000006,240.32800000000012,5,1,4,True
346,CHEMBL182168,N[C@@H](CC(=O)N1CCSC1)CC1CCCC1,27470.0,3.561141340579438,1.8169999999999993,46.330000000000005,242.38800000000018,5,1,3,True
347,CHEMBL362140,N[C@@H](CC(=O)N1CCSC1)CC1CCCCC1,33000.0,3.4814860601221125,2.2070999999999996,46.330000000000005,256.4150000000002,5,1,3,True
348,CHEMBL186611,N[C@@H](CC(=O)N1CCCC[C@H]1Cc1ccccc1)Cc1ccccc1F,1040.0,4.982966660701219,3.7094000000000014,46.330000000000005,354.46899999999954,7,1,2,True
349,CHEMBL184624,N[C@@H](CC(=O)N1CCNCC1)Cc1ccccc1F,3700.0,4.431798275933005,0.5174000000000001,58.36000000000001,265.3319999999999,5,2,3,True
350,CHEMBL264551,C[C@@H]1CNCCN1C(=O)C[C@H](N)Cc1ccccc1F,1600.0,4.795880017344075,0.9059000000000003,58.36,279.3589999999996,6,2,3,True
351,CHEMBL360488,CC(C)[C@@H]1CNCCN1C(=O)C[C@H](N)Cc1ccccc1F,922.0,5.035269078946371,1.5420000000000011,58.36,307.4129999999995,8,2,3,True
352,CHEMBL182861,N[C@@H](CC(=O)N1CCNC[C@H]1c1ccc(F)cc1)Cc1ccccc1F,610.0,5.214670164989233,2.3978,58.36000000000001,359.4199999999996,6,2,3,True
353,CHEMBL185482,N[C@@H](CC(=O)N1CCNC[C@H]1Cc1cscn1)Cc1ccccc1F,143.0,5.844663962534939,1.5852000000000004,71.25,362.47399999999965,7,2,5,True
354,CHEMBL184808,N[C@@H](CC(=O)N1CCNC[C@H]1Cc1cccnc1)Cc1ccccc1F,155.0,5.809668301829708,1.5237000000000007,71.25,356.4449999999996,7,2,4,True
355,CHEMBL184902,N[C@@H](CC(=O)N1CCNC[C@H]1Cc1ccc(F)cc1)Cc1ccccc1F,166.0,5.779891911959945,2.2678000000000003,58.36000000000001,373.4469999999996,7,2,3,True
356,CHEMBL369738,N[C@@H](CC(=O)N1CCNC[C@H]1Cc1ccccc1)Cc1cc(F)ccc1F,51.0,6.292429823902063,2.2678000000000003,58.36000000000001,373.44699999999955,7,2,3,True
357,CHEMBL184636,N[C@@H](CC(=O)N1CCNC[C@H]1Cc1ccccc1)Cc1cc(F)c(F)cc1F,19.0,6.721246399047171,2.406900000000001,58.36000000000001,391.43699999999956,7,2,3,True
358,CHEMBL187118,N[C@@H](CC(=O)N1CCSC1)Cc1ccccc1F,931.0,5.031050319018657,1.6184999999999996,46.330000000000005,268.35699999999974,5,1,3,True
359,CHEMBL185351,Cc1ccccc1C[C@@H](N)CC(=O)N1CCSC1,981.0,5.008330992620051,1.7878200000000002,46.330000000000005,264.39399999999995,6,1,3,True
360,CHEMBL185121,N#Cc1ccccc1C[C@@H](N)CC(=O)N1CCSC1,2519.0,4.598771832501887,1.35108,70.11999999999999,275.37699999999967,5,1,4,True
361,CHEMBL185601,N[C@@H](CC(=O)N1CCSC1)Cc1ccccc1C(F)(F)F,2263.0,4.645315446045271,2.4982000000000006,46.330000000000005,318.36399999999963,5,1,3,True
362,CHEMBL182544,N[C@@H](CC(=O)N1CCSC1)Cc1cccc(F)c1,2026.0,4.693360558975739,1.6184999999999998,46.330000000000005,268.35699999999974,5,1,3,True
363,CHEMBL405786,N#Cc1cccc(C[C@@H](N)CC(=O)N2CCSC2)c1,8951.0,4.048128442871636,1.3510800000000003,70.11999999999999,275.37699999999967,5,1,4,True
364,CHEMBL185538,N[C@@H](CC(=O)N1CCSC1)Cc1cccc(C(F)(F)F)c1,3611.0,4.442372511573174,2.4982000000000006,46.330000000000005,318.36399999999963,5,1,3,True
365,CHEMBL363879,N[C@@H](CC(=O)N1CCSC1)Cc1ccc(F)cc1,3279.0,4.484258583330635,1.6184999999999998,46.330000000000005,268.35699999999974,5,1,3,True
366,CHEMBL184442,N[C@@H](CC(=O)N1CCSC1)Cc1ccc(Cl)cc1,3028.0,4.518844129171965,2.1327999999999996,46.330000000000005,284.81199999999967,5,1,3,True
367,CHEMBL366278,N[C@@H](CC(=O)N1CCSC1)Cc1ccc(I)cc1,10700.0,3.9706162223147903,2.0839999999999996,46.330000000000005,376.2629999999997,5,1,3,True
368,CHEMBL184259,N[C@@H](CC(=O)N1CCSC1)Cc1ccc(C(F)(F)F)cc1,7688.0,4.114186625339511,2.4982000000000006,46.330000000000005,318.3639999999997,5,1,3,True
369,CHEMBL365066,N#Cc1ccc(C[C@@H](N)CC(=O)N2CCSC2)cc1,14860.0,3.827981190575444,1.35108,70.11999999999999,275.37699999999967,5,1,4,True
370,CHEMBL184937,N[C@@H](CC(=O)N1CCSC1)Cc1ccc([N+](=O)[O-])cc1,1552.0,4.809108283077831,1.3876,89.47,295.3639999999997,6,1,5,True
371,CHEMBL184986,N[C@@H](CC(=O)N1CCSC1)Cc1ccc(F)c(F)c1,1700.0,4.769551078621726,1.7575999999999998,46.330000000000005,286.3469999999997,5,1,3,True
372,CHEMBL184961,N[C@@H](CC(=O)N1CCSC1)Cc1cccc(F)c1F,9400.0,4.026872146400302,1.7575999999999996,46.330000000000005,286.34699999999964,5,1,3,True
373,CHEMBL184912,N[C@@H](CC(=O)N1CCSC1)Cc1ccc(F)cc1F,589.0,5.229884705212898,1.7575999999999998,46.330000000000005,286.34699999999964,5,1,3,True
374,CHEMBL433572,N[C@@H](CC(=O)N1CCSC1)Cc1cc(F)ccc1F,270.00000000000006,5.568636235841012,1.7576,46.330000000000005,286.34699999999964,5,1,3,True
375,CHEMBL360396,N[C@@H](CC(=O)N1CCSC1)Cc1c(F)cccc1F,8476.0,4.071809051961243,1.7575999999999998,46.330000000000005,286.34699999999964,5,1,3,True
376,CHEMBL184928,N[C@@H](CC(=O)N1CCSC1)Cc1ccc(Cl)c(Cl)c1,2026.0,4.693360558975739,2.786200000000001,46.330000000000005,319.25699999999966,5,1,3,True
377,CHEMBL363319,N[C@@H](CC(=O)N1CCSC1)Cc1cc(F)c(F)cc1F,119.00000000000004,5.924453038607469,1.8967,46.330000000000005,304.3369999999997,5,1,3,True
378,CHEMBL184380,N[C@@H](CC(=O)N1CCN(Cc2ccccc2)C[C@H]1Cc1ccccc1)Cc1ccccc1F,405.0,5.392544976785332,4.041300000000003,49.57000000000001,445.5819999999996,9,1,3,True
379,CHEMBL185067,NC(=O)CN1CCN(C(=O)C[C@H](N)Cc2ccccc2F)[C@H](Cc2ccccc2)C1,114.0,5.943095148663527,1.3264000000000022,92.66000000000001,412.5089999999997,9,2,4,True
380,CHEMBL184071,CN1CCN(C(=O)C[C@H](N)Cc2ccccc2F)[C@H](Cc2ccccc2)C1,225.0,5.647817481888637,2.4709000000000003,49.57,369.4839999999996,8,1,3,True
381,CHEMBL186610,N[C@@H](CC(=O)N1CCOC[C@H]1Cc1ccccc1)Cc1ccccc1F,108.0,5.966576244513051,2.5557000000000007,55.56,356.4409999999996,7,1,3,True
382,CHEMBL186596,NC(CC(=O)N1CCC[C@H]1C(=O)NCc1ccccc1)Cc1ccccc1F.O=C(O)C(F)(F)F,539.0,5.268411234813262,3.026300000000001,112.73,497.48899999999963,8,3,5,True
383,CHEMBL186566,COc1ccc2c(c1)CN[C@H](C(=O)N1CCC[C@H]1C#N)C2,4.0,7.397940008672037,1.2240799999999996,65.36,285.34699999999964,3,1,4,True
384,CHEMBL365000,CC(C)=CCn1c(N2CCCC(N)C2)nc2c1c(=O)n(CC(=O)c1ccccc1)c(=O)n2C,4.999999999999999,7.301029995663981,1.6732999999999996,108.15,450.5429999999997,10,1,9,True
385,CHEMBL186406,CCOC(=O)c1cnc(CN)c2c(OC)cc(OC)cc12,319.99999999999994,5.494850021680094,1.8874,83.67,290.3189999999997,9,1,6,True
386,CHEMBL186308,CC(=O)Nc1ccc2c(=O)n(CC(C)C)c(CN)c(-c3ccccc3)c2c1,250.0,5.6020599913279625,3.741600000000002,77.12,363.4609999999997,9,2,4,True
387,CHEMBL363250,CC(C)(C)[C@H](N)C(=O)N1CCC[C@H]1C#N,7.0,7.154901959985743,0.8743799999999998,70.12,209.29300000000018,2,1,3,True
388,CHEMBL189645,N[C@@H](Cc1ccc(-c2ccc(F)cc2)cc1)C(=O)N1CC[C@H](F)C1.O=C(O)C(F)(F)F,980.0,5.008773924307505,3.566200000000002,83.63000000000001,444.39999999999964,5,2,4,True
389,CHEMBL189881,C[C@@H](c1ccc(-c2ccc(F)cc2)cc1)[C@H](N)C(=O)N1CC[C@H](F)C1.O=C(O)C(F)(F)F,63.99999999999998,6.193820026016113,4.127200000000003,83.63000000000001,458.4269999999997,6,2,4,True
390,CHEMBL365567,N[C@H](C(=O)N1CC[C@H](F)C1)[C@@H](CO)c1ccc(-c2ccc(F)cc2)cc1.O=C(O)C(F)(F)F,390.0,5.4089353929735005,3.0996000000000015,103.86,474.4259999999997,7,3,5,True
391,CHEMBL191327,N[C@H](C(=O)N1CC[C@H](F)C1)[C@@H](C(=O)O)c1ccc(-c2ccc(F)cc2)cc1.O=C(O)C(F)(F)F,6.6,7.180456064458132,3.191900000000002,120.93000000000002,488.40899999999976,6,3,6,True
392,CHEMBL191208,NC(=O)[C@@H](c1ccc(-c2ccc(F)cc2)cc1)[C@H](N)C(=O)N1CC[C@H](F)C1.O=C(O)C(F)(F)F,110.0,5.958607314841775,2.5926,126.72000000000001,487.4249999999997,6,3,5,True
393,CHEMBL370509,CN(C)C(=O)[C@@H](c1ccc(-c2ccc(F)cc2)cc1)[C@H](N)C(=O)N1CCC1.O=C(O)C(F)(F)F,100.0,6.0,2.857400000000001,103.94000000000001,483.46199999999965,8,2,5,True
394,CHEMBL190466,CN(C)C(=O)[C@@H](c1ccc(-c2ccc(F)cc2)cc1)[C@H](N)C(=O)N1CCCC1.O=C(O)C(F)(F)F,7.5,7.1249387366083,3.2475000000000014,103.94000000000001,497.48899999999963,8,2,5,True
395,CHEMBL369883,COc1cc2c(cc1OC)CN(C(=O)C[C@H](N)C(=O)N1CCC[C@H]1C#N)CC2,63.0,6.200659450546418,0.8204800000000008,108.89000000000001,386.45199999999966,8,1,6,True
396,CHEMBL193105,COc1cc2c(cc1OC)C(CCO)N(C(=O)C[C@H](N)C(=O)N1CCC[C@H]1C#N)CC2,45.0,6.346787486224656,0.7439800000000014,129.12,430.5049999999996,11,2,7,True
397,CHEMBL192116,COc1cc2c(cc1OC)C(C(C)C)N(C(=O)C[C@H](N)C(=O)N1CCC[C@H]1C#N)CC2,47.0,6.327902142064283,2.0175799999999997,108.89000000000001,428.53299999999956,11,1,6,True
398,CHEMBL373148,COc1cc2c(cc1OC)C(C(C)(C)C)N(C(=O)C[C@H](N)C(=O)N1CCC[C@H]1C#N)CC2,73.0,6.136677139879544,2.40768,108.89000000000001,442.55999999999955,8,1,6,True
399,CHEMBL193202,COc1ccc2c(c1)CCN(C(=O)C[C@H](N)C(=O)N1CCC[C@H]1C#N)C2C(C)(C)C,72.0,6.142667503568732,2.3990800000000005,99.66,412.5339999999996,6,1,5,True
400,CHEMBL191866,COc1ccc2c(c1)C(C(C)(C)C)N(C(=O)C[C@H](N)C(=O)N1CCC[C@H]1C#N)CC2,195.0,5.709965388637482,2.3990800000000005,99.66,412.53399999999954,6,1,5,True
401,CHEMBL364922,N#Cc1ccc[n+](N2CCN(C(=O)C[C@H](N)C(=O)N3CCC[C@H]3C#N)CC2)c1,87.0,6.060480747381382,-1.1420399999999968,121.34,382.4479999999997,5,1,6,True
402,CHEMBL190029,N#C[C@@H]1CCCN1C(=O)[C@@H](N)CC(=O)N1CCN(C(=O)c2ccccc2)CC1,123.0,5.910094888560602,0.20298000000000216,110.73999999999998,383.4519999999997,5,1,5,True
403,CHEMBL365113,N#C[C@@H]1CCCN1C(=O)[C@@H](N)CC(=O)NCc1ccccc1,238.0,5.623423042943488,0.5347800000000005,99.22,300.3619999999996,6,2,4,True
404,CHEMBL190183,COc1cc2c(cc1OC)C(Cc1ccccc1)N(C(=O)C[C@H](N)C(=O)N1CCC[C@H]1C#N)CC2,97.0,6.013228265733755,2.60428,108.89000000000001,476.57699999999966,10,1,6,True
405,CHEMBL191274,CC(C)C(NC(=O)C[C@H](N)C(=O)N1CCC[C@H]1C#N)c1ccccc1,212.0,5.673664139071248,1.7318800000000005,99.22,342.4429999999996,9,2,4,True
406,CHEMBL189220,CC(C)(C)C(NC(=O)C[C@H](N)C(=O)N1CCC[C@H]1C#N)c1ccccc1,251.0,5.600326278518962,2.1219800000000006,99.22,356.4699999999996,6,2,4,True
407,CHEMBL191577,COc1ccc(CCNC(=O)C[C@H](N)C(=O)N2CCC[C@H]2C#N)cc1OC,116.0,5.935542010773082,0.5944800000000017,117.67999999999999,374.44099999999963,11,2,6,True
408,CHEMBL359759,N#C[C@@H]1CCCN1C(=O)[C@@H](N)CC(=O)NC(Cc1ccccc1)c1ccccc1,252.0,5.598599459218456,2.3185800000000008,99.22,390.4869999999997,8,2,4,True
409,CHEMBL192733,COCC(Cc1ccccc1)NC(=O)C[C@H](N)C(=O)N1CCC[C@H]1C#N,182.0,5.739928612014925,0.5922800000000016,108.44999999999999,358.4419999999996,10,2,5,True
410,CHEMBL193106,CC(C)C(Cc1ccccc1)NC(=O)C[C@H](N)C(=O)N1CCC[C@H]1C#N,305.0,5.515700160653214,1.6018800000000004,99.22,356.4699999999996,10,2,4,True
411,CHEMBL189258,CCC(NC(=O)C[C@H](N)C(=O)N1CCC[C@H]1C#N)c1ccccc1,140.0,5.853871964321762,1.4858800000000005,99.22,328.41599999999966,8,2,4,True
412,CHEMBL193168,N#C[C@@H]1CCCN1C(=O)[C@@H]1C[C@H](NS(=O)(=O)c2ccccc2)CN1,6.7,7.173925197299173,0.2099800000000001,102.30000000000001,348.4279999999997,4,2,5,True
413,CHEMBL371143,N#Cc1ccc(N[C@@H]2CN[C@H](C(=O)N3CCC[C@H]3C#N)C2)cc1,0.19,8.721246399047171,1.2152599999999991,91.94999999999999,309.37299999999965,3,2,5,True
414,CHEMBL370540,N#C[C@@H]1CCCN1C(=O)[C@@H]1C[C@H](Nc2ccc([N+](=O)[O-])cc2)CN1,0.18,8.744727494896694,1.2517799999999994,111.30000000000001,329.3599999999997,4,2,6,True
415,CHEMBL370046,N#Cc1ccc(N[C@@H]2CN[C@H](C(=O)N3CCC[C@H]3C#N)C2)cc1C#N,0.13,8.886056647693163,1.0869399999999991,115.73999999999998,334.3829999999997,3,2,6,True
416,CHEMBL194717,N#Cc1ccc(N[C@@H]2CN[C@H](C(=O)N3CCC[C@H]3C#N)C2)cc1Cl,0.13,8.886056647693163,1.868659999999999,91.94999999999999,343.81799999999964,3,2,5,True
417,CHEMBL191775,CC[C@@H](C)[C@H](N)C(=O)N1CCSC1,460.0,5.337242168318426,0.8927000000000002,46.330000000000005,202.32300000000018,6,1,3,True
418,CHEMBL192983,C[C@@H](c1ccccc1)[C@H](N)C(=O)N1CCSC1,968.0,5.014124642691606,1.6502999999999999,46.330000000000005,250.36700000000016,5,1,3,True
419,CHEMBL362973,C[C@@H](c1ccccc1)[C@H](N)C(=O)N1CC[C@H](F)C1.O=C(O)C(F)(F)F,1400.0,4.853871964321762,2.3211,83.63000000000001,364.3389999999996,5,2,4,True
420,CHEMBL362976,C[C@@H](c1ccccc1F)[C@H](N)C(=O)N1CC[C@H](F)C1.O=C(O)C(F)(F)F,1100.0,4.958607314841775,2.4602000000000004,83.63000000000001,382.32899999999967,5,2,4,True
421,CHEMBL370734,C[C@@H](c1ccc(Cl)cc1F)[C@H](N)C(=O)N1CC[C@H](F)C1.O=C(O)C(F)(F)F,480.0,5.318758762624412,3.1136000000000017,83.63000000000001,416.7739999999997,5,2,4,True
422,CHEMBL195862,C[C@@H](c1ccc(F)cc1Cl)[C@H](N)C(=O)N1CC[C@H](F)C1.O=C(O)C(F)(F)F,4200.0,4.376750709602099,3.1136000000000017,83.63000000000001,416.7739999999997,5,2,4,True
423,CHEMBL191652,C[C@@H](c1ccc(F)cc1C(F)(F)F)[C@H](N)C(=O)N1CC[C@H](F)C1.O=C(O)C(F)(F)F,54000.0,3.2676062401770314,3.479000000000002,83.63000000000001,450.32599999999974,5,2,4,True
424,CHEMBL191823,C[C@@H](c1cccc(F)c1)[C@H](N)C(=O)N1CC[C@H](F)C1.O=C(O)C(F)(F)F,3700.0,4.431798275933005,2.4602000000000004,83.63000000000001,382.32899999999967,5,2,4,True
425,CHEMBL192781,C[C@@H](c1cccc(Cl)c1)[C@H](N)C(=O)N1CC[C@H](F)C1.O=C(O)C(F)(F)F,1100.0,4.958607314841775,2.974500000000001,83.63000000000001,398.7839999999997,5,2,4,True
426,CHEMBL195270,C[C@@H](c1cc(F)cc(F)c1)[C@H](N)C(=O)N1CC[C@H](F)C1.O=C(O)C(F)(F)F,3700.0,4.431798275933005,2.5993000000000004,83.63000000000001,400.31899999999973,5,2,4,True
427,CHEMBL366173,C[C@@H](c1ccc(F)c(F)c1)[C@H](N)C(=O)N1CC[C@H](F)C1.O=C(O)C(F)(F)F,1100.0,4.958607314841775,2.5993000000000004,83.63000000000001,400.31899999999973,5,2,4,True
428,CHEMBL364093,C[C@@H](c1ccc(F)c(Cl)c1)[C@H](N)C(=O)N1CC[C@H](F)C1.O=C(O)C(F)(F)F,2800.0,4.552841968657781,3.1136000000000026,83.63000000000001,416.7739999999997,5,2,4,True
429,CHEMBL365575,C[C@@H](c1ccc(F)cc1)[C@H](N)C(=O)N1CC[C@H](F)C1.O=C(O)C(F)(F)F,280.0,5.552841968657781,2.4602000000000004,83.63000000000001,382.32899999999967,5,2,4,True
430,CHEMBL191354,C[C@@H](c1ccc(Br)cc1)[C@H](N)C(=O)N1CC[C@H](F)C1.O=C(O)C(F)(F)F,250.0,5.6020599913279625,3.0836000000000015,83.63000000000001,443.23499999999973,5,2,4,True
431,CHEMBL190454,C[C@@H](c1ccc(Cl)cc1)[C@H](N)C(=O)N1CC[C@H](F)C1.O=C(O)C(F)(F)F,170.0,5.769551078621726,2.974500000000001,83.63000000000001,398.7839999999997,5,2,4,True
432,CHEMBL192365,CSc1ccc([C@H](C)[C@H](N)C(=O)N2CC[C@H](F)C2)cc1.O=C(O)C(F)(F)F,360.0,5.443697499232712,3.043000000000001,83.63000000000001,410.43299999999965,7,2,5,True
433,CHEMBL194489,C[C@@H](c1ccc(C(F)(F)F)cc1)[C@H](N)C(=O)N1CC[C@H](F)C1.O=C(O)C(F)(F)F,600.0,5.221848749616356,3.339900000000002,83.63000000000001,432.33599999999973,5,2,4,True
434,CHEMBL370079,C[C@@H](c1ccc(S(C)(=O)=O)cc1)[C@H](N)C(=O)N1CC[C@H](F)C1.O=C(O)C(F)(F)F,3600.0,4.443697499232712,1.7246000000000004,117.77,442.43099999999964,7,2,6,True
435,CHEMBL369888,COc1ccc([C@H](C)[C@H](N)C(=O)N2CC[C@H](F)C2)cc1.O=C(O)C(F)(F)F,770.0,5.113509274827518,2.3297,92.86,394.3649999999996,7,2,5,True
436,CHEMBL191933,C[C@@H](c1ccc(-c2ccccc2)cc1)[C@H](N)C(=O)N1CC[C@H](F)C1.O=C(O)C(F)(F)F,120.0,5.920818753952375,3.988100000000002,83.63000000000001,440.4369999999996,6,2,4,True
437,CHEMBL365996,C[C@@H](c1ccc(-c2ccccc2)c(F)c1)[C@H](N)C(=O)N1CC[C@H](F)C1.O=C(O)C(F)(F)F,2000.0,4.698970004336019,4.127200000000002,83.63000000000001,458.4269999999997,6,2,4,True
438,CHEMBL192396,C[C@@H](c1ccc(-c2nccs2)cc1)[C@H](N)C(=O)N1CC[C@H](F)C1.O=C(O)C(F)(F)F,1500.0,4.823908740944319,3.444600000000001,96.52,447.4539999999997,6,2,6,True
439,CHEMBL191858,C[C@@H](c1ccc(-c2ccccn2)cc1)[C@H](N)C(=O)N1CC[C@H](F)C1.O=C(O)C(F)(F)F,240.0,5.619788758288394,3.3831000000000007,96.52,441.42499999999967,6,2,5,True
440,CHEMBL195205,C[C@@H](c1ccc(-c2cccnc2)cc1)[C@H](N)C(=O)N1CC[C@H](F)C1.O=C(O)C(F)(F)F,110.0,5.958607314841775,3.3831000000000007,96.52,441.4249999999996,6,2,5,True
441,CHEMBL371846,C[C@@H](c1ccc(-c2ccncc2)cc1)[C@H](N)C(=O)N1CC[C@H](F)C1.O=C(O)C(F)(F)F,110.0,5.958607314841775,3.3831000000000007,96.52,441.42499999999967,6,2,5,True
442,CHEMBL192449,C[C@@H](c1ccc(-c2cncnc2)cc1)[C@H](N)C(=O)N1CC[C@H](F)C1.O=C(O)C(F)(F)F,580.0,5.236572006437063,2.7781000000000002,109.41000000000001,442.41299999999967,6,2,6,True
443,CHEMBL370240,C[C@@H](c1ccc(-c2ccccc2F)cc1)[C@H](N)C(=O)N1CC[C@H](F)C1.O=C(O)C(F)(F)F,100.0,6.0,4.127200000000002,83.63000000000001,458.4269999999997,6,2,4,True
444,CHEMBL191769,C[C@@H](c1ccc(-c2ccccc2Cl)cc1)[C@H](N)C(=O)N1CC[C@H](F)C1.O=C(O)C(F)(F)F,86.0,6.0655015487564325,4.641500000000003,83.63000000000001,474.8819999999997,6,2,4,True
445,CHEMBL365953,COc1ccccc1-c1ccc([C@H](C)[C@H](N)C(=O)N2CC[C@H](F)C2)cc1.O=C(O)C(F)(F)F,110.0,5.958607314841775,3.9967000000000015,92.86,470.4629999999996,8,2,5,True
446,CHEMBL372472,Cc1ccccc1-c1ccc([C@H](C)[C@H](N)C(=O)N2CC[C@H](F)C2)cc1.O=C(O)C(F)(F)F,150.0,5.823908740944319,4.296520000000002,83.63000000000001,454.4639999999996,7,2,4,True
447,CHEMBL195755,C[C@@H](c1ccc(-c2cccc(C(=O)O)c2)cc1)[C@H](N)C(=O)N1CC[C@H](F)C1.O=C(O)C(F)(F)F,56.0,6.251811972993799,3.686300000000001,120.92999999999999,484.4459999999997,7,3,6,True
448,CHEMBL192421,C[C@@H](c1ccc(-c2cccc(C(N)=O)c2)cc1)[C@H](N)C(=O)N1CC[C@H](F)C1.O=C(O)C(F)(F)F,100.0,6.0,3.0870000000000006,126.72000000000001,483.46199999999965,7,3,5,True
449,CHEMBL195420,N#Cc1ccc(N[C@@H]2CN[C@H](C(=O)N3CCC[C@H]3C#N)C2)nc1,0.25,8.602059991327963,0.6102599999999991,104.83999999999999,310.36099999999965,3,2,6,True
450,CHEMBL192165,N#Cc1ccc(N[C@H]2CN[C@H](C(=O)N3CCC[C@H]3C#N)C2)nc1,6.599999999999999,7.180456064458132,0.6102599999999991,104.83999999999999,310.36099999999965,3,2,6,True
451,CHEMBL381626,N#C[C@@H]1CCCN1C(=O)[C@@H]1CCCN1,10.5071757449858,6.978514003591028,0.2529799999999998,56.13,193.2500000000001,1,1,3,True
452,CHEMBL191699,N#C[C@@H]1CCCN1C(=O)[C@@H]1C[C@H](N)CN1,9.7,7.013228265733755,-0.8098199999999987,82.15,208.26500000000013,2,2,4,True
453,CHEMBL192882,N#C[C@@H]1CCCN1C(=O)[C@@H]1C[C@H](NC2CCCCC2)CN1,3.0,7.522878745280337,1.1537799999999996,68.16,290.41099999999943,3,2,4,True
454,CHEMBL195335,N#C[C@@H]1CCCN1C(=O)[C@@H]1C[C@H](Nc2ccccc2)CN1,0.53,8.275724130399212,1.3435799999999996,68.16,284.36299999999954,3,2,4,True
455,CHEMBL195804,N#C[C@@H]1CCCN1C(=O)[C@@H]1C[C@H](NCc2ccccc2)CN1,4.6,7.337242168318426,1.0212799999999995,68.16,298.38999999999953,4,2,4,True
456,CHEMBL194993,N#C[C@@H]1CCCN1C(=O)[C@@H]1C[C@H](NCCc2ccccc2)CN1,1.9,7.721246399047171,1.063779999999999,68.16,312.4169999999995,5,2,4,True
457,CHEMBL539939,N#C[C@@H]1CCCN1C(=O)[C@@H]1C[C@H](NC(=O)c2ccccc2)CN1,5.5,7.259637310505756,0.6614799999999995,85.23,312.3729999999996,3,2,4,True
458,CHEMBL371585,N#C[C@@H]1CCCN1C(=O)[C@@H]1C[C@H](NC(=O)Nc2ccccc2)CN1,1.5,7.823908740944319,1.05318,97.26,327.38799999999964,3,3,4,True
459,CHEMBL195443,COc1ccc(-c2ccc([C@H](C)[C@H](N)C(=O)N3CC[C@H](F)C3)cc2)cc1.O=C(O)C(F)(F)F,130.0,5.886056647693163,3.9967000000000024,92.86,470.4629999999997,8,2,5,True
460,CHEMBL191514,Cc1ccc(-c2ccc([C@H](C)[C@H](N)C(=O)N3CC[C@H](F)C3)cc2)cc1.O=C(O)C(F)(F)F,390.0,5.4089353929735005,4.296520000000003,83.63000000000001,454.46399999999966,7,2,4,True
461,CHEMBL191906,C[C@@H](c1ccc(-c2ccc(C(=O)O)cc2)cc1)[C@H](N)C(=O)N1CC[C@H](F)C1.O=C(O)C(F)(F)F,370.0,5.431798275933005,3.686300000000001,120.92999999999999,484.4459999999997,7,3,6,True
462,CHEMBL191812,C[C@@H](c1ccc(-c2cc(F)cc(F)c2)cc1)[C@H](N)C(=O)N1CC[C@H](F)C1.O=C(O)C(F)(F)F,240.0,5.619788758288394,4.266300000000004,83.63000000000001,476.4169999999997,6,2,4,True
463,CHEMBL278729,C[C@@H](c1ccc(-c2cc(F)ccc2F)cc1)[C@H](N)C(=O)N1CC[C@H](F)C1.O=C(O)C(F)(F)F,150.0,5.823908740944319,4.266300000000003,83.63000000000001,476.4169999999997,6,2,4,True
464,CHEMBL195173,C[C@@H](c1ccc(-c2ccc(F)c(F)c2)cc1)[C@H](N)C(=O)N1CC[C@H](F)C1.O=C(O)C(F)(F)F,60.0,6.221848749616356,4.266300000000003,83.63000000000001,476.4169999999997,6,2,4,True
465,CHEMBL363584,C[C@@H](c1ccc(-c2ccc(F)cc2F)cc1)[C@H](N)C(=O)N1CC[C@H](F)C1.O=C(O)C(F)(F)F,37.0,6.431798275933005,4.266300000000003,83.63000000000001,476.4169999999997,6,2,4,True
466,CHEMBL426469,Cc1[nH]nc2c1CN(C(=O)C[C@H](N)Cc1cc(F)ccc1F)CC2,249.9999999999999,5.6020599913279625,1.8411199999999999,75.01,334.36999999999966,6,2,3,True
467,CHEMBL197413,N[C@@H](CC(=O)N1CCc2n[nH]c(C(F)(F)F)c2C1)Cc1cc(F)ccc1F,110.00000000000004,5.958607314841775,2.5515000000000008,75.01,388.33999999999975,5,2,3,True
468,CHEMBL195721,Cn1nc(C(F)(F)F)c2c1CCN(C(=O)C[C@H](N)Cc1cc(F)ccc1F)C2,130.0,5.886056647693163,2.5619000000000014,64.15,402.3669999999998,6,1,4,True
469,CHEMBL191805,Cn1nc2c(c1C(F)(F)F)CN(C(=O)C[C@H](N)Cc1cc(F)ccc1F)CC2,150.0,5.823908740944319,2.5619000000000014,64.15,402.3669999999998,6,1,4,True
470,CHEMBL196010,N[C@@H](CC(=O)N1CCc2c(c(C(F)(F)F)nn2CC(F)(F)F)C1)Cc1cc(F)ccc1F,180.0,5.7447274948966935,3.587200000000003,64.15,470.36399999999975,6,1,4,True
471,CHEMBL194979,N[C@@H](CC(=O)N1CCc2nn(CC(F)(F)F)c(C(F)(F)F)c2C1)Cc1cc(F)ccc1F,150.0,5.823908740944319,3.587200000000002,64.15,470.3639999999998,6,1,4,True
472,CHEMBL193885,Cc1nn(-c2ccc(F)cc2)c2c1CN(C(=O)C[C@H](N)Cc1cc(F)ccc1F)CC2,350.0,5.455931955649724,3.442820000000002,64.15,428.45799999999974,7,1,4,True
473,CHEMBL196114,Cc1c2c(nn1-c1ccc(F)cc1)CCN(C(=O)C[C@H](N)Cc1cc(F)ccc1F)C2,160.0,5.795880017344075,3.442820000000001,64.15,428.4579999999997,7,1,4,True
474,CHEMBL370269,N[C@@H](CC(=O)N1CCc2n[nH]c(C(F)(F)C(F)(F)F)c2C1)Cc1cc(F)ccc1F,159.99999999999994,5.795880017344075,3.1868000000000016,75.01,438.3469999999998,6,2,3,True
475,CHEMBL369894,Cn1nc(C(F)(F)C(F)(F)F)c2c1CCN(C(=O)C[C@H](N)Cc1cc(F)ccc1F)C2,220.0,5.657577319177793,3.1972000000000023,64.15,452.37399999999985,7,1,4,True
476,CHEMBL366166,Cn1nc2c(c1C(F)(F)C(F)(F)F)CN(C(=O)C[C@H](N)Cc1cc(F)ccc1F)CC2,300.0,5.522878745280337,3.1972000000000023,64.15,452.37399999999985,7,1,4,True
477,CHEMBL373268,N[C@@H](CC(=O)N1CCc2n[nH]c(-c3ccc(F)cc3)c2C1)Cc1cc(F)ccc1F,270.00000000000006,5.568636235841012,3.3388000000000018,75.01,414.43099999999976,6,2,3,True
478,CHEMBL193802,Cn1nc(-c2ccc(F)cc2)c2c1CCN(C(=O)C[C@H](N)Cc1cc(F)ccc1F)C2,780.0,5.107905397309519,3.3492000000000015,64.15,428.45799999999974,7,1,4,True
479,CHEMBL197301,Cn1nc2c(c1-c1ccc(F)cc1)CN(C(=O)C[C@H](N)Cc1cc(F)ccc1F)CC2,150.0,5.823908740944319,3.3492000000000015,64.15,428.4579999999997,7,1,4,True
480,CHEMBL363606,N[C@@H](CC(=O)N1CCc2noc(C(F)(F)F)c2C1)Cc1cc(F)ccc1F,130.0,5.886056647693163,2.8164000000000016,72.36000000000001,389.3239999999998,5,1,4,True
481,CHEMBL197300,N[C@@H](CC(=O)N1CCc2c(n[nH]c2C(F)(F)F)C1)Cc1cc(F)ccc1F,38.99999999999999,6.4089353929735005,2.5515000000000008,75.01,388.33999999999975,5,2,3,True
482,CHEMBL196938,Cn1nc(C(F)(F)F)c2c1CN(C(=O)C[C@H](N)Cc1cc(F)ccc1F)CC2,72.0,6.142667503568732,2.5619000000000014,64.15,402.3669999999998,6,1,4,True
483,CHEMBL371521,Cn1nc2c(c1C(F)(F)F)CCN(C(=O)C[C@H](N)Cc1cc(F)ccc1F)C2,130.0,5.886056647693163,2.5619000000000014,64.15,402.3669999999998,6,1,4,True
484,CHEMBL425905,N[C@@H](CC(=O)N1CCc2c(C3CC3)n[nH]c2C1)Cc1cc(F)ccc1F,159.99999999999994,5.795880017344075,2.4101,75.01,360.4079999999996,6,2,3,True
485,CHEMBL195984,N[C@@H](CC(=O)N1CCc2c(noc2C(F)(F)F)C1)Cc1cc(F)ccc1F,85.0,6.070581074285707,2.8164000000000007,72.36000000000001,389.3239999999998,5,1,4,True
486,CHEMBL364461,N[C@@H](CC(=O)N1CCCc2n[nH]c(C(F)(F)F)c21)Cc1cc(F)ccc1F,590.0,5.229147988357856,2.9460000000000006,75.01,388.33999999999975,5,2,3,True
487,CHEMBL196333,Cc1nc2c(s1)CN(C(=O)C[C@H](N)Cc1cc(F)ccc1F)CC2,480.0,5.318758762624412,2.5745200000000006,59.22,351.4219999999997,6,1,4,True
488,CHEMBL426649,N[C@@H](CC(=O)N1CCc2nc(C(F)(F)F)sc2C1)Cc1cc(F)ccc1F,310.0,5.508638306165727,3.284900000000002,59.220000000000006,405.3919999999998,5,1,4,True
489,CHEMBL195547,N[C@@H](CC(=O)N1CCc2nc(-c3ccc(F)cc3)sc2C1)Cc1cc(F)ccc1F,360.0,5.443697499232712,4.072200000000003,59.220000000000006,431.4829999999998,6,1,4,True
490,CHEMBL197352,N[C@@H](CC(=O)N1CCc2nc(-c3ccc(C(F)(F)F)cc3)sc2C1)Cc1cc(F)ccc1F,260.0,5.585026652029182,4.951900000000004,59.220000000000006,481.48999999999984,6,1,4,True
491,CHEMBL425200,CSc1ccc(-c2nc3c(s2)CN(C(=O)C[C@H](N)Cc2cc(F)ccc2F)CC3)cc1,380.0,5.42021640338319,4.655000000000003,59.22,459.58699999999976,8,1,5,True
492,CHEMBL372078,CS(=O)(=O)c1ccc(-c2nc3c(s2)CN(C(=O)C[C@H](N)Cc2cc(F)ccc2F)CC3)cc1,130.0,5.886056647693163,3.3366000000000025,93.36,491.58499999999987,8,1,6,True
493,CHEMBL425380,N[C@@H](CC(=O)N1CCc2nc(C3CC3)oc2C1)Cc1cc(F)ccc1F,290.0,5.537602002101044,2.6750000000000007,72.36000000000001,361.3919999999996,6,1,4,True
494,CHEMBL363375,N[C@@H](CC(=O)N1CCc2sc(C(F)(F)F)nc2C1)Cc1cc(F)ccc1F,95000.0,3.0222763947111524,3.284900000000002,59.220000000000006,405.3919999999998,5,1,4,True
495,CHEMBL195030,N[C@@H](CC(=O)N1CCc2sc(-c3ccc(F)cc3)nc2C1)Cc1cc(F)ccc1F,26.0,6.585026652029182,4.072200000000003,59.220000000000006,431.4829999999998,6,1,4,True
496,CHEMBL381665,N[C@@H](CC(=O)N1CCc2sc(-c3ccc(C(F)(F)F)cc3)nc2C1)Cc1cc(F)ccc1F,13.0,6.886056647693163,4.951900000000003,59.220000000000006,481.48999999999984,6,1,4,True
497,CHEMBL196881,CS(=O)(=O)c1ccc(-c2nc3c(s2)CCN(C(=O)C[C@H](N)Cc2cc(F)ccc2F)C3)cc1,1.4,7.853871964321762,3.3366000000000016,93.36,491.58499999999987,8,1,6,True
498,CHEMBL197082,N[C@@H](CC(=O)N1CCc2oc(C3CC3)nc2C1)Cc1cc(F)ccc1F,180.0,5.7447274948966935,2.6750000000000007,72.36000000000001,361.3919999999996,6,1,4,True
499,CHEMBL381200,O=C(CNC1CC1)N1CCC[C@H]1B(O)O,130.0,5.886056647693163,-1.2585999999999993,72.80000000000001,212.05800000000016,6,3,4,True
500,CHEMBL382980,O=C(CNC1CCC1)N1CCC[C@H]1B(O)O,75.0,6.1249387366083,-0.8684999999999996,72.80000000000001,226.08500000000018,6,3,4,True
501,CHEMBL371429,O=C(CNC1CCCC1)N1CCC[C@H]1B(O)O,25.0,6.6020599913279625,-0.4783999999999996,72.80000000000001,240.11200000000017,6,3,4,True
502,CHEMBL371130,O=C(CNC1CCCCC1)N1CCC[C@H]1B(O)O,27.0,6.568636235841013,-0.08829999999999993,72.80000000000001,254.13900000000018,6,3,4,True
503,CHEMBL382974,O=C(CNC1CCCCCCC1)N1CCC[C@H]1B(O)O,27.0,6.568636235841013,0.6919,72.80000000000001,282.19299999999953,6,3,4,True
504,CHEMBL196267,O=C(CNC1CCCCCCCCC1)N1CCC[C@H]1B(O)O,58.0,6.236572006437063,1.4720999999999997,72.80000000000001,310.24699999999945,6,3,4,True
505,CHEMBL373269,O=C(CNC12CC3CC(CC(C3)C1)C2)N1CCC[C@@H]1B(O)O,8.0,7.096910013008056,0.5477999999999996,72.80000000000001,306.2149999999995,6,3,4,True
506,CHEMBL372180,CCCCCC12CCC(NCC(=O)N3CCC[C@H]3B(O)O)(CC1)CC2,61.0,6.214670164989233,2.2523,72.80000000000001,350.31199999999944,11,3,4,True
507,CHEMBL434184,CC(C)[C@@H](NC1CCCCC1)C(=O)N1CCC[C@H]1B(O)O,16000.0,3.795880017344075,0.9362999999999997,72.80000000000001,296.21999999999946,9,3,4,True
508,CHEMBL196120,C[C@@H](N)C(=O)N1CCC[C@H]1B(O)O,20999.999999999985,3.677780705266081,-1.663399999999999,86.79,186.02000000000012,6,3,4,True
509,CHEMBL427012,O=C(CNC1C2CC3CC(C2)CC1C3)N1CCC[C@@H]1B(O)O,12.0,6.920818753952375,0.4037,72.80000000000001,306.2149999999995,6,3,4,True
510,CHEMBL381444,CC12CC3(C)CC(C)(C1)CC(NCC(=O)N1CCC[C@@H]1B(O)O)(C2)C3,560.0,5.251811972993799,1.7180999999999997,72.80000000000001,348.2959999999994,9,3,4,True
511,CHEMBL196188,CN(CC(=O)N1CCC[C@@H]1B(O)O)C1C2CC3CC(C2)CC1C3,1600.0,4.795880017344075,0.7458999999999996,64.01,320.24199999999945,7,2,4,True
512,CHEMBL196933,O=C(CNC1CCCCCC1)N1CCC[C@H]1B(O)O,7.8,7.107905397309519,0.3017999999999997,72.80000000000001,268.1659999999999,6,3,4,True
513,CHEMBL195271,CCCC[C@@H](NC(=O)[C@@H](N)CC)B(O)O,32000.0,3.494850021680094,-0.5892999999999994,95.58000000000001,216.09000000000017,12,4,4,True
514,CHEMBL196180,CCCC[C@@H](NC(=O)[C@@H](N)CCC)B(O)O,810.0,5.091514981121351,-0.1991999999999997,95.58000000000001,230.1170000000002,13,4,4,True
515,CHEMBL194249,CCCC[C@@H](NC(=O)[C@@H](N)CCCC)B(O)O,370.0,5.431798275933005,0.19089999999999996,95.58000000000001,244.1440000000002,14,4,4,True
516,CHEMBL194250,CCCC[C@@H](NC(=O)[C@@H](N)C(C)C)B(O)O,17000.0,3.769551078621726,-0.3432999999999994,95.58000000000001,230.1170000000002,13,4,4,True
517,CHEMBL196461,CCCC[C@@H](NC(=O)[C@@H](N)CN)B(O)O,2000.0,4.698970004336019,-2.040599999999997,121.60000000000001,217.07800000000017,12,5,5,True
518,CHEMBL373319,CCCC[C@@H](NC(=O)[C@@H](N)CCCN)B(O)O,1200.0,4.920818753952375,-1.2603999999999975,121.60000000000001,245.1320000000002,14,5,5,True
519,CHEMBL194852,CCCC[C@H](N)C(=O)N1CCC[C@@H]1B(O)O,4.5,7.346787486224656,-0.49309999999999954,86.79,228.1010000000002,9,3,4,True
520,CHEMBL194428,NCC[C@H](N)C(=O)N1CCC[C@@H]1B(O)O,15.0,6.823908740944319,-2.334499999999998,112.81,215.06200000000015,8,4,5,True
521,CHEMBL195189,CC(C)[C@H](N)C(=O)N1CCC[C@@H]1B(O)O,0.3,8.522878745280337,-1.0272999999999988,86.79,214.07400000000018,8,3,4,True
522,CHEMBL365322,CC(C)[C@H](N)C(=O)N[C@@H](C)B(O)O,5.612486080160913,7.2508447231052,-1.5135999999999985,95.58000000000001,188.03600000000017,10,4,4,True
523,CHEMBL362922,O=C(CNC1CC2CCCC1C2)N1CCC[C@H]1C(O)O,25.0,6.6020599913279625,0.45639999999999975,72.80000000000001,282.3839999999995,6,3,4,True
524,CHEMBL202711,CC(C)(CC(=O)NC(C)(C)c1ccccc1)NCC(=O)N1CCC[C@H]1C#N,1108.0000000000002,4.955460239607589,2.3107800000000003,85.23,370.4969999999995,11,2,4,True
525,CHEMBL201644,CC(C)(CC(=O)N1Cc2ccccc2C1)NCC(=O)N1CCC[C@H]1C#N,15.0,6.823908740944319,1.80168,76.44,354.4539999999996,7,1,4,True
526,CHEMBL425756,CC(C)(CC(=O)N1CCc2cc(F)cc(F)c2C1)NCC(=O)N1CCC[C@H]1C#N,22.0,6.657577319177793,2.12238,76.44,404.4609999999997,7,1,4,True
527,CHEMBL380902,CC(C)(CC(=O)N1CCc2cc(F)ccc2C1)NCC(=O)N1CCC[C@H]1C#N,30.0,6.522878745280337,1.9832799999999997,76.44,386.4709999999996,7,1,4,True
528,CHEMBL201424,CC(C)(CC(=O)N1CCc2ccccc2C1)NCC(=O)N1CCC[C@H]1C#N,49.0,6.309803919971486,1.84418,76.44,368.48099999999954,7,1,4,True
529,CHEMBL201398,CC(C)[C@@H](CC(=O)N1CCc2ccccc2C1)NCC(=O)N1CCC[C@H]1C#N,811.0,5.090979145788844,2.09018,76.44,382.5079999999995,8,1,4,True
530,CHEMBL425585,C[C@@H](CC(=O)N1CCc2ccccc2C1)NCC(=O)N1CCC[C@H]1C#N,54.0,6.267606240177032,1.4540799999999996,76.44,354.4539999999996,6,1,4,True
531,CHEMBL371057,N#C[C@@H]1CCCN1C(=O)CNCCCC(=O)N1CCc2ccccc2C1,428.0,5.368556230986828,1.4556800000000003,76.44,354.4539999999996,6,1,4,True
532,CHEMBL371480,N#C[C@@H]1CCCN1C(=O)CNCCC(=O)Nc1ccccc1,298.00000000000006,5.525783735923745,1.1193799999999992,85.23,300.3619999999996,6,2,4,True
533,CHEMBL201544,N#C[C@@H]1CCCN1C(=O)CNCCC(=O)NCCc1ccccc1,564.0000000000002,5.248720896016658,0.8395800000000007,85.23,328.4159999999996,8,2,4,True
534,CHEMBL201158,CC(C)(NC(=O)CCNCC(=O)N1CCC[C@H]1C#N)c1ccccc1,119.00000000000004,5.924453038607469,1.5321800000000005,85.23,342.44299999999964,9,2,4,True
535,CHEMBL372391,CC(C)C(NC(=O)CCNCC(=O)N1CCC[C@H]1C#N)c1ccccc1,784.0,5.105683937315561,1.9941800000000005,85.23,356.4699999999996,10,2,4,True
536,CHEMBL382847,N#C[C@@H]1CCCN1C(=O)CNCCC(=O)NCc1cc(F)cc(F)c1,369.0,5.432973633840939,1.0752799999999998,85.23,350.36899999999963,7,2,4,True
537,CHEMBL201695,CCC(NC(=O)CCNCC(=O)N1CCC[C@H]1C#N)c1ccccc1,447.0,5.349692476868063,1.7481800000000003,85.23,342.44299999999964,9,2,4,True
538,CHEMBL203032,N#C[C@@H]1CCCN1C(=O)CNCCC(=O)NCc1ccc([N+](=O)[O-])cc1,317.0,5.498940737782249,0.7052800000000004,128.37,359.3859999999997,8,2,6,True
539,CHEMBL382907,N#C[C@@H]1CCCN1C(=O)CNCCC(=O)NCc1ccccc1,452.00000000000017,5.3448615651886175,0.7970800000000002,85.23,314.3889999999996,7,2,4,True
540,CHEMBL383841,N#C[C@@H]1CCCN1C(=O)CNCCC(=O)N1CCN(c2nc3ccccc3s2)CC1,527.0,5.278189384787454,1.4391799999999997,92.57,426.5459999999997,6,1,7,True
541,CHEMBL201753,CC(=O)Nc1ccc(S(=O)(=O)N2CCN(C(=O)CCNCC(=O)N3CCC[C@H]3C#N)CC2)cc1,1418.0,4.848323769152953,-0.027819999999996403,142.92,490.58599999999973,9,2,7,True
542,CHEMBL372746,N#C[C@@H]1CCCN1C(=O)CNCCC(=O)N1CCN(C(=O)c2cc(F)cc(F)c2)CC1,676.0,5.170053304058364,0.7434800000000006,96.75,433.4589999999997,6,1,5,True
543,CHEMBL381530,N#C[C@@H]1CCCN1C(=O)CNCCC(=O)N1Cc2ccccc2C1,132.0,5.87942606879415,1.0230799999999995,76.44,326.39999999999964,5,1,4,True
544,CHEMBL203084,N#C[C@@H]1CCCN1C(=O)CNCCC(=O)N1CCc2cc(F)ccc2C1,83.0,6.080921907623926,1.2046799999999993,76.44,358.41699999999963,5,1,4,True
545,CHEMBL424854,COc1cc2c(cc1OC)CN(C(=O)CCNCC(=O)N1CCC[C@H]1C#N)CC2,651.0,5.186419011431808,1.0827800000000005,94.9,400.47899999999964,9,1,6,True
546,CHEMBL200103,N#C[C@@H]1CCCN1C(=O)CNCCC(=O)N1CCc2ccccc2C1,116.0,5.935542010773082,1.06558,76.44,340.4269999999996,5,1,4,True
547,CHEMBL371907,N#C[C@@H]1CCCN1C(=O)CNCC(=O)N1CCc2ccccc2C1,3300.0,4.481486060122112,0.6754800000000001,76.44,326.39999999999964,4,1,4,True
548,CHEMBL381145,C[C@@H](c1ccc(-c2ccc(O)nc2)cc1)[C@H](N)C(=O)N1CC[C@H](F)C1.O=C(O)C(F)(F)F,25.0,6.6020599913279625,3.088700000000001,116.75000000000001,457.4239999999997,7,3,6,True
549,CHEMBL202634,C[C@@H](c1ccc(-c2ccc(=O)n(C)c2)cc1)[C@H](N)C(=O)N1CCC(F)CC1.O=C(O)C(F)(F)F,1100.0,4.958607314841775,3.0769,105.63000000000001,485.4779999999996,7,2,6,True
550,CHEMBL378597,C[C@@H](c1ccc(-c2ccc(=O)n(C)c2)cc1)[C@H](N)C(=O)N1CC(F)C1.O=C(O)C(F)(F)F,31.0,6.508638306165727,2.2966999999999995,105.63000000000001,457.42399999999964,7,2,6,True
551,CHEMBL377724,C[C@@H](c1ccc(-c2ccc(=O)n(C)c2)cc1)[C@H](N)C(=O)N1CCSC1.O=C(O)C(F)(F)F,26.0,6.585026652029182,2.6493,105.63000000000001,471.50099999999964,7,2,7,True
552,CHEMBL203379,C[C@@H](c1ccc(-c2ccc(=O)n(C)c2)cc1)[C@H](N)C(=O)N1CCCC1.O=C(O)C(F)(F)F,48.0,6.318758762624412,2.7388000000000003,105.63000000000001,453.4609999999996,7,2,6,True
553,CHEMBL206501,C[C@@H](c1ccc(-c2ccc(=O)n(C)c2)cc1)[C@H](N)C(=O)N1CCC(F)(F)C1.O=C(O)C(F)(F)F,26.0,6.585026652029182,2.984000000000001,105.63000000000001,489.44099999999963,7,2,6,True
554,CHEMBL425039,Cc1cc(=O)n(C)cc1-c1ccc([C@H](C)[C@H](N)C(=O)N2CC[C@H](F)C2)cc1.O=C(O)C(F)(F)F,52.0,6.2839966563652006,2.9952200000000007,105.63000000000001,485.47799999999967,8,2,6,True
555,CHEMBL424687,C[C@@H](c1ccc(-c2cn(C)c(=O)cc2F)cc1)[C@H](N)C(=O)N1CC[C@H](F)C1.O=C(O)C(F)(F)F,61.0,6.214670164989233,2.8259000000000007,105.63000000000001,489.4409999999997,7,2,6,True
556,CHEMBL203736,C[C@@H](c1ccc(-c2cc(F)c(=O)n(C)c2)cc1)[C@H](N)C(=O)N1CC[C@H](F)C1.O=C(O)C(F)(F)F,49.0,6.309803919971486,2.8259000000000007,105.63000000000001,489.4409999999997,7,2,6,True
557,CHEMBL206252,Cc1c(-c2ccc([C@H](C)[C@H](N)C(=O)N3CC[C@H](F)C3)cc2)ccc(=O)n1C.O=C(O)C(F)(F)F,320.0,5.494850021680094,2.9952200000000007,105.63000000000001,485.4779999999996,8,2,6,True
558,CHEMBL205872,C[C@@H](c1ccc(-c2ccc(=O)n(C)c2F)cc1)[C@H](N)C(=O)N1CC[C@H](F)C1.O=C(O)C(F)(F)F,29.0,6.537602002101044,2.8259000000000007,105.63000000000001,489.4409999999997,7,2,6,True
559,CHEMBL206792,CCn1cc(-c2ccc([C@H](C)[C@H](N)C(=O)N3CC[C@H](F)C3)cc2)ccc1=O.O=C(O)C(F)(F)F,74.0,6.130768280269024,3.1697000000000015,105.63000000000001,485.47799999999967,8,2,6,True
560,CHEMBL206383,C[C@@H](c1ccc(-c2ccc(=O)n(C)c2)cc1)[C@H](N)C(=O)N1CC[C@H](F)C1.O=C(O)C(F)(F)F,34.0,6.468521082957745,2.6868,105.63000000000001,471.4509999999996,7,2,6,True
561,CHEMBL382127,NCC1(c2ccccc2)CCCC1,36331.80424916991,3.4397130343970748,2.4571000000000005,26.02,175.27500000000012,3,1,1,True
562,CHEMBL382382,NCC(c1ccccc1Cl)N1CCOCC1,32999.99999999998,3.481486060122113,1.6720000000000002,38.489999999999995,240.73400000000012,4,1,3,True
563,CHEMBL378152,NCc1cccnc1-c1ccccc1Cl,3300.0,4.481486060122112,2.8607000000000014,38.91,218.68700000000007,3,1,2,True
564,CHEMBL206496,NCc1ccccc1-c1ccccc1Cl,2300.0,4.638272163982407,3.465700000000002,26.02,217.69900000000007,3,1,1,True
565,CHEMBL203105,NCc1c(Cl)cccc1Oc1ccccc1,37000.0,3.431798275933005,3.591000000000002,35.25,233.69800000000006,4,1,2,True
566,CHEMBL206743,N[C@H](c1ccccc1)[C@@H](N)c1ccccc1,75000.0,3.1249387366083,2.386400000000001,52.04,212.2960000000001,5,2,2,True
567,CHEMBL381340,N[C@H](c1ccccc1)[C@H](N)c1ccccc1,45000.0,3.3467874862246565,2.386400000000001,52.04,212.2960000000001,5,2,2,True
568,CHEMBL425584,N[C@@H](CC(=O)N1CCC[C@H]1CNC(=O)c1ccccc1)Cc1ccccc1F,90.0,6.045757490560675,2.5066000000000006,75.43,383.4669999999996,8,2,3,True
569,CHEMBL381806,NC(=O)[C@@H]1Cc2ccccc2CN1C(=O)C[C@H](N)Cc1ccccc1F,23.0,6.638272163982407,1.5244,89.42,355.41299999999967,6,2,3,True
570,CHEMBL383488,N#C[C@@H]1CC[C@H](C#N)N1C(=O)CNC12CC3CC(CC1C3)C2,72.0,6.142667503568732,1.5614599999999992,79.92,298.3899999999996,3,1,4,True
571,CHEMBL382045,N#C[C@@H]1CC[C@H](C#N)N1C(=O)CNC1(CO)Cc2ccccc2C1,875.0,5.057991946977687,0.51266,100.15,324.3839999999997,5,2,5,True
572,CHEMBL207620,CC1CCC(C)(NCC(=O)N2[C@H](C#N)CC[C@@H]2C#N)C1,771.0,5.112945621949043,1.5614599999999996,79.92,274.36799999999965,5,1,4,True
573,CHEMBL378750,CC(C)(C)C(=O)CC1(NCC(=O)N2[C@H](C#N)CC[C@@H]2C#N)CCCC1,1860.0,4.730487055782084,2.30086,96.99000000000001,344.45899999999955,5,1,5,True
574,CHEMBL208756,COCCC1(NCC(=O)N2[C@H](C#N)CC[C@@H]2C#N)CCCC1,955.0,5.019996628416254,1.33206,89.15,304.39399999999955,7,1,5,True
575,CHEMBL377749,N#C[C@@H]1CC[C@H](C#N)N1C(=O)CNC1(COC2CCCCC2)CCCC1,702.0,5.153662887870195,2.6448599999999995,89.15,358.48599999999954,6,1,5,True
576,CHEMBL378709,CC(C)COCC1(NCC(=O)N2[C@H](C#N)CC[C@@H]2C#N)CCCC1,454.0,5.342944147142896,1.96816,89.15,332.4479999999995,9,1,5,True
577,CHEMBL381111,CC1(NCC(=O)N2[C@H](C#N)CC[C@@H]2C#N)CCCC1,201.0,5.696803942579511,1.3154599999999992,79.92,260.341,4,1,4,True
578,CHEMBL208657,CCCOCC1(NCC(=O)N2[C@H](C#N)CC[C@@H]2C#N)CCCC1,123.0,5.910094888560602,1.72216,89.15,318.4209999999996,8,1,5,True
579,CHEMBL209994,CCCCOCC1(NCC(=O)N2[C@H](C#N)CC[C@@H]2C#N)CCCC1,91.0,6.040958607678906,2.11226,89.15,332.4479999999995,9,1,5,True
580,CHEMBL379086,COCC1(NCC(=O)N2[C@H](C#N)CC[C@@H]2C#N)CCCC1,84.0,6.075720713938118,0.9419600000000006,89.15,290.3669999999996,6,1,5,True
581,CHEMBL209191,CCOCC1(NCC(=O)N2[C@H](C#N)CC[C@@H]2C#N)CCCC1,64.0,6.1938200260161125,1.33206,89.15,304.39399999999955,7,1,5,True
582,CHEMBL380681,N#C[C@@H]1CC[C@H](C#N)N1C(=O)CNC1(CO)CCOCC1,1220.0,4.913640169325252,-0.47573999999999983,109.38000000000001,292.3389999999996,5,2,6,True
583,CHEMBL209127,N#C[C@@H]1CC[C@H](C#N)N1C(=O)CNC1(Cc2ccccc2)CCC1,1160.0,4.935542010773082,2.14816,79.92,322.41199999999964,5,1,4,True
584,CHEMBL379260,CC(C)(CO)NCC(=O)N1[C@H](C#N)CC[C@@H]1C#N,1110.0,4.954677021213342,-0.24633999999999934,100.15,250.30200000000013,7,2,5,True
585,CHEMBL377058,CC1(NCC(=O)N2[C@H](C#N)CC[C@@H]2C#N)CCCCC1,689.0,5.161780778092374,1.705559999999999,79.92,274.36799999999965,4,1,4,True
586,CHEMBL208952,N#C[C@@H]1CC[C@H](C#N)N1C(=O)CNC1(CO)CCCCC1,687.0,5.16304326294045,0.6779599999999992,100.15,290.36699999999956,5,2,5,True
587,CHEMBL208902,CC(C)(C)NCC(=O)N1[C@H](C#N)CC[C@@H]1C#N,663.0,5.178486471595227,0.7812599999999998,79.92,234.30300000000017,2,1,4,True
588,CHEMBL209058,CC(C)(Cc1ccc(F)cc1)NCC(=O)N1[C@H](C#N)CC[C@@H]1C#N,651.0,5.186419011431808,2.14316,79.92,328.3909999999997,7,1,4,True
589,CHEMBL210259,CC(C)(NCC(=O)N1[C@H](C#N)CC[C@@H]1C#N)c1ccccc1,261.0,5.583359492661719,1.9180599999999997,79.92,296.3739999999996,6,1,4,True
590,CHEMBL211024,N#C[C@@H]1CC[C@H](C#N)N1C(=O)CN[C@H]1C[C@@H]2CC[C@H]1C2,237.0,5.6252516539898965,1.1713599999999993,79.92,272.3519999999997,3,1,4,True
591,CHEMBL377320,CC(C)(C)CC(C)(C)NCC(=O)N1[C@H](C#N)CC[C@@H]1C#N,208.0,5.681936665037238,2.19756,79.92,290.4109999999995,6,1,4,True
592,CHEMBL208673,N#C[C@@H]1CC[C@H](C#N)N1C(=O)CNC1(c2ccccc2)CCC1,164.0,5.785156151952302,2.0621599999999995,79.92,308.38499999999965,4,1,4,True
593,CHEMBL207980,N#C[C@@H]1CC[C@H](C#N)N1C(=O)CNC12CC3CC(CC(C3)C1)C2,106.0,5.97469413473523,1.951559999999999,79.92,312.4169999999996,3,1,4,True
594,CHEMBL379522,N#C[C@@H]1CC[C@H](C#N)N1C(=O)CNC1(CO)CCCC1,88.44795688927576,6.053312194658855,0.28785999999999934,100.15,276.3399999999996,5,2,5,True
595,CHEMBL207912,N#C[C@@H]1CC[C@H](C#N)N1C(=O)CNC12CC3CC(CC(O)(C3)C1)C2,74.0,6.130768280269024,1.0664599999999989,100.15,328.4159999999996,4,2,5,True
596,CHEMBL537869,CN(C)C(=O)[C@@H](c1ccc(-c2ccc3ncnn3c2)cc1)[C@H](N)C(=O)N1CCC(F)(F)C1.Cl,55.000000000000014,6.259637310505756,2.1848000000000005,96.83,478.93099999999964,8,1,6,True
597,CHEMBL379261,O=C([C@@H]1CN[C@H](C(=O)N2CCCC2)C1)N1Cc2ccccc2C1,109.0,5.962573502059376,1.1292999999999997,52.650000000000006,313.4009999999996,2,1,3,True
598,CHEMBL210522,CC1(C)N[C@H](C(=O)N2CCC[C@H]2C#N)C[C@@H]1C(=O)N1Cc2ccccc2C1,984.0,5.007004901568658,1.8000799999999992,76.44,366.4649999999997,4,1,4,True
599,CHEMBL210995,N#C[C@@H]1CCCN1C(=O)[C@@H]1C[C@H](C(=O)N2Cc3ccccc3C2)CN1,1.7,7.769551078621726,1.0214799999999995,76.44,338.4109999999996,2,1,4,True
600,CHEMBL427219,O=C([C@@H]1CN[C@H](C(=O)N2CCC(F)(F)C2)C1)N1Cc2ccccc2C1,129.0,5.889410289700751,1.3744999999999994,52.650000000000006,349.38099999999974,2,1,3,True
601,CHEMBL378086,O=C([C@@H]1CN[C@H](C(=O)N2CC[C@@H](F)C2)C1)N1Cc2ccccc2C1,228.0,5.642065152999546,1.0772999999999995,52.650000000000006,331.3909999999997,2,1,3,True
602,CHEMBL210590,O=C([C@@H]1CN[C@H](C(=O)N2CC[C@H](F)C2)C1)N1Cc2ccccc2C1,245.0,5.610833915635467,1.0772999999999995,52.650000000000006,331.3909999999997,2,1,3,True
603,CHEMBL210353,O=C([C@@H]1CN[C@H](C(=O)N2CCSC2)C1)N1Cc2ccccc2C1,84.0,6.075720713938118,1.0398,52.650000000000006,331.4409999999997,2,1,4,True
604,CHEMBL210941,O=C(NCCc1ccccc1)[C@@H]1CN[C@H](C(=O)N2CCCC2)C1,2587.0,4.587203571283457,0.9457999999999995,61.440000000000005,315.4169999999995,5,2,3,True
605,CHEMBL210920,O=C(NCc1ccccc1)[C@@H]1CN[C@H](C(=O)N2CCCC2)C1,1957.0,4.708409174341999,0.9032999999999995,61.440000000000005,301.38999999999953,4,2,3,True
606,CHEMBL380240,O=C(Nc1ccccc1)[C@@H]1CN[C@H](C(=O)N2CCCC2)C1,4130.0,4.384049948343599,1.2255999999999994,61.440000000000005,287.36299999999954,3,2,3,True
607,CHEMBL377776,O=C([C@@H]1CN[C@H](C(=O)N2CCCC2)C1)N1Cc2cc(Cl)c(Cl)cc2C1,144.0,5.841637507904751,2.4361000000000006,52.650000000000006,382.2909999999997,2,1,3,True
608,CHEMBL209981,Cc1ccc2c(c1)CN(C(=O)[C@@H]1CN[C@H](C(=O)N3CCCC3)C1)C2,72.0,6.142667503568732,1.4377199999999997,52.650000000000006,327.4279999999996,3,1,3,True
609,CHEMBL210718,O=C([C@@H]1CN[C@H](C(=O)N2CCCC2)C1)N1Cc2ccc(C(F)(F)F)cc2C1,73.0,6.136677139879544,2.1481000000000003,52.650000000000006,381.3979999999996,2,1,3,True
610,CHEMBL208964,O=C([C@@H]1CN[C@H](C(=O)N2CCCC2)C1)N1Cc2ccc(Cl)cc2C1,50.0,6.301029995663981,1.7827,52.650000000000006,347.8459999999996,2,1,3,True
611,CHEMBL210225,O=C([C@@H]1CN[C@H](C(=O)N2CCCC2)C1)N1Cc2ccc(F)cc2C1,73.0,6.136677139879544,1.2683999999999995,52.650000000000006,331.3909999999996,2,1,3,True
612,CHEMBL215299,C[C@@H](C[C@H](N)C(=O)N1CCCCC1)NCc1ccc(Cl)cc1,325000.0,2.4881166390211256,2.548000000000001,58.36000000000001,323.86799999999954,8,2,3,True
613,CHEMBL214580,CCC(C)[C@@H](C[C@H](N)C(=O)N1CCCCC1)NCc1ccc(Cl)cc1,234000.0,2.630784142589857,3.574200000000002,58.36000000000001,365.9489999999994,11,2,3,True
614,CHEMBL216253,CN1C(=O)C=C(N2CCC[C@@H](N)C2)C(Cc2ccccc2C#N)C1=O,4.0,7.397940008672037,1.0225799999999996,90.43,338.41099999999966,5,1,5,True
615,CHEMBL1422,N[C@@H](CC(=O)N1CCn2c(nnc2C(F)(F)F)C1)Cc1cc(F)c(F)cc1F,20.17217404599474,6.695247293393678,2.0164999999999997,77.04,407.3179999999998,5,1,5,True
616,CHEMBL216186,N[C@@H](CC(=O)N1CCn2c(nnc2C(F)(F)F)C1)Cc1cc(F)ccc1F,27.0,6.568636235841013,1.8773999999999997,77.04,389.3279999999998,5,1,5,True
617,CHEMBL217051,C[C@@H]1c2nnc(C(F)(F)F)n2CCN1C(=O)C[C@H](N)Cc1cc(F)ccc1F,7.2,7.142667503568731,2.4384000000000006,77.04,403.3549999999998,6,1,5,True
618,CHEMBL384816,C[C@@H]1C(=O)NCN1C(=O)C[C@H](N)Cc1cc(F)ccc1F,160.0,5.795880017344075,0.5291000000000007,75.43,297.30499999999967,6,2,3,True
619,CHEMBL217015,C[C@@H]1C(=O)NCCN1C(=O)C[C@H](N)Cc1cc(F)ccc1F,89.0,6.050609993355087,0.5716000000000007,75.43,311.33199999999965,6,2,3,True
620,CHEMBL217016,C[C@@H]1C(=O)NCCCN1C(=O)C[C@H](N)Cc1cc(F)ccc1F,14.0,6.853871964321762,0.9617000000000006,75.43,325.35899999999964,6,2,3,True
621,CHEMBL385711,C[C@@H]1C(=O)NCCCN1C(=O)C[C@H](N)Cc1cc(F)c(F)cc1F,6.6,7.180456064458132,1.1008000000000004,75.43,343.34899999999965,6,2,3,True
622,CHEMBL217005,C[C@H]1C(=O)NCCCN1C(=O)C[C@H](N)Cc1cc(F)c(F)cc1F,150.0,5.823908740944319,1.1008000000000004,75.43,343.34899999999965,6,2,3,True
623,CHEMBL216234,C[C@H]1C(=O)NCCCN1C(=O)C[C@@H](N)Cc1cc(F)c(F)cc1F,2300.0,4.638272163982407,1.1008000000000004,75.43,343.34899999999965,6,2,3,True
624,CHEMBL384382,C[C@@H]1C(=O)NCCCN1C(=O)C[C@@H](N)Cc1cc(F)c(F)cc1F,67000.0,3.1739251972991736,1.1008000000000004,75.43,343.34899999999965,6,2,3,True
625,CHEMBL216643,N[C@@H](CC(=O)N1CCCNC(=O)C1)Cc1cc(F)c(F)cc1F,142.00000000000003,5.847711655616943,0.7122999999999997,75.43,329.32199999999966,5,2,3,True
626,CHEMBL218459,CC[C@@H]1C(=O)NCCCN1C(=O)C[C@H](N)Cc1cc(F)c(F)cc1F,16.0,6.795880017344075,1.4909000000000001,75.43,357.3759999999996,7,2,3,True
627,CHEMBL386380,N[C@@H](CC(=O)N1CCCNC(=O)[C@H]1Cc1ccccc1)Cc1cc(F)c(F)cc1F,0.91,8.040958607678906,2.3236000000000008,75.43,419.4469999999996,7,2,3,True
628,CHEMBL216178,N[C@@H](CC(=O)N1CCCNC(=O)[C@H]1Cc1ccccn1)Cc1cc(F)c(F)cc1F,0.49,8.309803919971486,1.7186000000000003,88.32000000000001,420.43499999999966,7,2,4,True
629,CHEMBL217702,N[C@@H](CC(=O)N1CCCNC(=O)[C@H]1Cc1cnccn1)Cc1cc(F)c(F)cc1F,0.29,8.537602002101044,1.1136000000000001,101.21000000000001,421.42299999999966,7,2,5,True
630,CHEMBL217271,N[C@@H](CC(=O)N1CCCNC(=O)[C@H]1CC(F)(F)F)Cc1cc(F)c(F)cc1F,2.6,7.585026652029182,2.0332999999999997,75.43,411.3459999999997,6,2,3,True
631,CHEMBL216383,CC(C)(CC(=O)Nc1ccccc1)NCC(=O)N1CCC[C@H]1C#N,207.0,5.684029654543083,1.8979799999999996,85.23,328.4159999999996,8,2,4,True
632,CHEMBL385637,CC(C)(CC(=O)Nc1ccc(F)cc1)NCC(=O)N1CCC[C@H]1C#N,197.0,5.705533773838407,2.0370799999999996,85.23,346.40599999999966,8,2,4,True
633,CHEMBL384985,COc1ccc(NC(=O)CC(C)(C)NCC(=O)N2CCC[C@H]2C#N)cc1,253.0,5.596879478824183,1.9065799999999995,94.46000000000001,358.4419999999996,10,2,5,True
634,CHEMBL386326,CC(C)(CC(=O)Nc1ccc(F)c(F)c1)NCC(=O)N1CCC[C@H]1C#N,225.0,5.647817481888637,2.1761799999999996,85.23,364.3959999999997,8,2,4,True
635,CHEMBL385394,Cc1ccc(NC(=O)CC(C)(C)NCC(=O)N2CCC[C@H]2C#N)cc1C,174.0,5.7594507517174005,2.5148200000000003,85.23,356.4699999999996,10,2,4,True
636,CHEMBL217198,COc1ccc(NC(=O)CC(C)(C)NCC(=O)N2CCC[C@H]2C#N)cc1OC,116.0,5.935542010773082,1.9151799999999997,103.69000000000001,388.4679999999996,12,2,6,True
637,CHEMBL217059,COc1ccc(NC(=O)CC(C)(C)NCC(=O)N2CCC[C@H]2C#N)c(OC)c1OC,127.0,5.896196279044043,1.9237799999999996,112.92000000000002,418.49399999999963,14,2,7,True
638,CHEMBL217060,CC(C)(CC(=O)Nc1ccc(-c2ccccc2)cc1)NCC(=O)N1CCC[C@H]1C#N,269.0,5.570247719997592,3.564980000000001,85.23,404.5139999999996,9,2,4,True
639,CHEMBL216377,CC(C)(CC(=O)NCc1ccccc1)NCC(=O)N1CCC[C@H]1C#N,239.0,5.621602099051862,1.5756799999999997,85.23,342.4429999999996,9,2,4,True
640,CHEMBL216453,CC(C)(CC(=O)NCc1ccc(C(F)(F)F)cc1)NCC(=O)N1CCC[C@H]1C#N,190.0,5.721246399047171,2.594480000000001,85.23,410.43999999999966,9,2,4,True
641,CHEMBL216296,CC(C)(CC(=O)NCc1ccccn1)NCC(=O)N1CCC[C@H]1C#N,433.0,5.363512103646634,0.9706800000000004,98.12,343.43099999999964,9,2,5,True
642,CHEMBL216203,C[C@H](CC(=O)NC(C)(C)c1ccccc1)NCC(=O)N1CCC[C@H]1C#N,911.0,5.040481623027001,1.92068,85.23,356.4699999999996,10,2,4,True
643,CHEMBL217245,C[C@@H](CC(=O)NC(C)(C)c1ccccc1)NCC(=O)N1CCC[C@H]1C#N,42.0,6.376750709602099,1.92068,85.23,356.4699999999996,10,2,4,True
644,CHEMBL274770,CC(C)(CC(=O)NCCc1ccccc1)NCC(=O)N1CCC[C@H]1C#N,144.0,5.841637507904751,1.6181800000000002,85.23,356.4699999999996,10,2,4,True
645,CHEMBL217212,CC(C)(CC(=O)NC(C)(C)Cc1ccccc1)NCC(=O)N1CCC[C@H]1C#N,1300.0,4.886056647693163,2.3967800000000006,85.23,384.5239999999995,12,2,4,True
646,CHEMBL217339,Cc1ccc(CCNC(=O)CC(C)(C)NCC(=O)N2CCC[C@H]2C#N)cc1,252.0,5.598599459218456,1.9265999999999999,85.23,370.49699999999956,11,2,4,True
647,CHEMBL274103,CC(C)(CC(=O)NCCc1ccc(C(F)(F)F)cc1)NCC(=O)N1CCC[C@H]1C#N,236.0,5.627087997029894,2.636980000000001,85.23,424.46699999999964,10,2,4,True
648,CHEMBL384493,CC(C)(CC(=O)NCCc1cccc(C(F)(F)F)c1)NCC(=O)N1CCC[C@H]1C#N,247.0,5.607303046740334,2.636980000000001,85.23,424.46699999999964,10,2,4,True
649,CHEMBL216878,CC(C)(CC(=O)NCCc1ccccc1C(F)(F)F)NCC(=O)N1CCC[C@H]1C#N,320.0,5.494850021680094,2.636980000000001,85.23,424.46699999999964,10,2,4,True
650,CHEMBL217290,COc1ccc(CCNC(=O)CC(C)(C)NCC(=O)N2CCC[C@H]2C#N)cc1OC,232.0,5.634512015109101,1.6353800000000007,103.69000000000001,416.5219999999996,14,2,6,True
651,CHEMBL218393,CC(C)(CC(=O)NCCc1ccc(Cl)c(Cl)c1)NCC(=O)N1CCC[C@H]1C#N,181.0,5.742321425130816,2.9249800000000015,85.23,425.35999999999973,10,2,4,True
652,CHEMBL218026,CC(C)(CC(=O)NCCc1ccccn1)NCC(=O)N1CCC[C@H]1C#N,118.0,5.928117992693875,1.0131800000000006,98.12,357.4579999999996,10,2,5,True
653,CHEMBL218289,C[C@H](CCc1ccc(C(N)=O)cc1)NCC(=O)c1ccc(F)cc1,83.99999999999999,6.075720713938118,2.7182000000000013,72.19,328.3869999999996,9,2,3,True
654,CHEMBL217388,C[C@H](CCc1ccc(C(N)=O)cc1)NCC(=O)c1ccccc1,280.0,5.552841968657781,2.5791000000000004,72.19,310.3969999999996,9,2,3,True
655,CHEMBL217017,C[C@H](CCc1ccc(C(N)=O)cc1)NCC(=O)c1ccc(F)c(F)c1,39.0,6.4089353929735005,2.8573000000000013,72.19,346.3769999999996,9,2,3,True
656,CHEMBL217532,C[C@H](CCc1ccc(C(N)=O)cc1)NCC(=O)c1ccccc1F,3800.0,4.42021640338319,2.7182000000000013,72.19,328.3869999999996,9,2,3,True
657,CHEMBL217801,C[C@H](CCc1ccc(C(N)=O)cc1)NCC(=O)c1ccc(Cl)cc1,820.0,5.086186147616283,3.2325000000000017,72.19,344.8419999999996,9,2,3,True
658,CHEMBL386895,Cc1ccc(C(=O)CN[C@H](C)CCc2ccc(C(N)=O)cc2)cc1,21000.0,3.677780705266081,2.8875200000000003,72.19,324.4239999999996,10,2,3,True
659,CHEMBL554090,C[C@H](CCc1ccc(C(N)=O)cc1)NCC(=O)c1ccsc1,110.0,5.958607314841775,2.640600000000001,72.19,316.4259999999996,9,2,4,True
660,CHEMBL553006,C[C@H](COc1ccc(C(N)=O)cc1)NCC(=O)c1ccsc1,340.0,5.468521082957745,2.0868,81.41999999999999,318.3979999999997,9,2,5,True
661,CHEMBL541664,NC(=O)c1ccc(OCC2(NCC(=O)c3ccsc3)CCCC2)cc1,5.0,7.301029995663981,3.0111000000000008,81.42000000000002,358.46299999999974,8,2,5,True
662,CHEMBL216854,C[C@H](c1nc(-c2ccccc2)no1)[C@H](N)C(=O)N1CCCC1,19700.0,3.705533773838407,1.7897999999999996,85.24999999999999,300.3619999999997,6,1,5,True
663,CHEMBL374936,C[C@H](c1nc(-c2ccc(S(C)(=O)=O)cc2)no1)[C@H](N)C(=O)N1CCCC1,122.0,5.913640169325252,1.1933,119.39,378.45399999999967,8,1,7,True
664,CHEMBL219602,C[C@H](c1nc(-c2ccc(S(N)(=O)=O)cc2)no1)[C@H](N)C(=O)N1CCCC1,190.0,5.721246399047171,0.4372000000000005,145.41,379.4419999999997,8,2,7,True
665,CHEMBL218882,C[C@H](c1nc(-c2ccc(S(=O)(=O)C(F)(F)F)cc2)no1)[C@H](N)C(=O)N1CCCC1,330.0,5.481486060122113,2.0833,119.39,432.4239999999998,7,1,7,True
666,CHEMBL220301,C[C@H](c1nc(-c2ccc(C(F)(F)F)cc2)no1)[C@H](N)C(=O)N1CCCC1,1610.0,4.79317412396815,2.808600000000002,85.24999999999999,368.35899999999975,6,1,5,True
667,CHEMBL220249,C[C@H](c1nc(-c2ccc(OC(F)(F)F)cc2)no1)[C@H](N)C(=O)N1CCCC1,1800.0000000000005,4.7447274948966935,2.6884000000000006,94.48,384.3579999999998,7,1,6,True
668,CHEMBL220021,C[C@H](c1nc(-c2ccc(Cl)cc2)no1)[C@H](N)C(=O)N1CCCC1,3820.0,4.417936637088292,2.443200000000001,85.24999999999999,334.80699999999973,6,1,5,True
669,CHEMBL375875,C[C@H](c1nc(-c2cccc(C(F)(F)F)c2)no1)[C@H](N)C(=O)N1CCCC1,15600.0,3.8068754016455375,2.808600000000002,85.24999999999999,368.35899999999975,6,1,5,True
670,CHEMBL375414,C[C@H](c1nc(-c2ccccc2Cl)no1)[C@H](N)C(=O)N1CCCC1,990.0,5.00436480540245,2.4432,85.24999999999999,334.80699999999973,6,1,5,True
671,CHEMBL219370,C[C@H](c1nc(-c2ccccc2C(F)(F)F)no1)[C@H](N)C(=O)N1CCCC1,4820.0,4.31695296176115,2.808600000000001,85.24999999999999,368.35899999999975,6,1,5,True
672,CHEMBL219369,C[C@H](c1nc(-c2ccccc2F)no1)[C@H](N)C(=O)N1CCCC1,4790.0,4.319664486585436,1.9289,85.24999999999999,318.3519999999997,6,1,5,True
673,CHEMBL426335,C[C@H](c1nc(-c2ccccc2OC(F)(F)F)no1)[C@H](N)C(=O)N1CCCC1,12400.0,3.906578314837765,2.6884000000000006,94.48,384.3579999999998,7,1,6,True
674,CHEMBL216774,C[C@H](c1nc(-c2ccccc2C(F)F)no1)[C@H](N)C(=O)N1CCCC1,1820.0,4.739928612014925,2.7274000000000003,85.24999999999999,350.3689999999997,7,1,5,True
675,CHEMBL219278,C[C@H](c1nc(-c2ccc(S(C)(=O)=O)cc2F)no1)[C@H](N)C(=O)N1CCCC1,43.0,6.366531544420414,1.3323999999999998,119.39,396.44399999999973,8,1,7,True
676,CHEMBL216835,C[C@H](c1nc(-c2ccc(S(C)(=O)=O)cc2Cl)no1)[C@H](N)C(=O)N1CCCC1,17.0,6.769551078621726,1.8466999999999998,119.39,412.8989999999998,8,1,7,True
677,CHEMBL216855,C[C@H](c1nc(-c2ccc(F)cc2Cl)no1)[C@H](N)C(=O)N1CCCC1,830.0,5.080921907623926,2.5823,85.24999999999999,352.7969999999998,6,1,5,True
678,CHEMBL374703,C[C@H](c1nc(-c2ccc(Br)cc2Cl)no1)[C@H](N)C(=O)N1CCCC1,160.0,5.795880017344075,3.205700000000001,85.24999999999999,413.7029999999998,6,1,5,True
679,CHEMBL438992,C[C@H](c1nc(-c2ccc(Cl)cc2Cl)no1)[C@H](N)C(=O)N1CCCC1.O=C(O)C(F)(F)F,203.0,5.692503962086787,3.7299000000000015,122.55,483.27399999999983,6,2,7,True
680,CHEMBL374032,C[C@H](c1nc(-c2ccc(F)cc2F)no1)[C@H](N)C(=O)N1CCCC1,4590.0,4.338187314462739,2.0679999999999996,85.24999999999999,336.34199999999976,6,1,5,True
681,CHEMBL219382,C[C@H](c1nc(-c2cc(Cl)cc(Cl)c2)no1)[C@H](N)C(=O)N1CCCC1,7360.0,4.133122185662502,3.0966000000000014,85.24999999999999,369.2519999999998,6,1,5,True
682,CHEMBL218911,C[C@H](c1nc(-c2ccc(NS(C)(=O)=O)cc2)no1)[C@H](N)C(=O)N1CCCC1,520.0,5.2839966563652006,1.1613,131.42000000000002,393.4689999999997,9,2,7,True
683,CHEMBL218306,C[C@H](c1n[nH]c(-c2ccc(Cl)cc2Cl)n1)[C@H](N)C(=O)N1CCCC1.O=C(O)C(F)(F)F,3050.0,4.515700160653214,3.4650000000000016,125.2,482.2899999999998,6,3,6,True
684,CHEMBL218254,C[C@H](c1nc(-c2ccc(Cl)cc2Cl)co1)[C@H](N)C(=O)N1CCCC1.O=C(O)C(F)(F)F,1830.0,4.73754891026957,4.334900000000002,109.66000000000001,482.28599999999983,6,2,6,True
685,CHEMBL220404,C[C@H](c1noc(-c2ccc(Cl)cc2Cl)n1)[C@H](N)C(=O)N1CCCC1.O=C(O)C(F)(F)F,1210.0,4.91721462968355,3.7299000000000015,122.55,483.27399999999983,6,2,7,True
686,CHEMBL220402,C[C@H](c1nnc(-c2ccc(Cl)cc2Cl)o1)[C@H](N)C(=O)N1CCCC1.O=C(O)C(F)(F)F,560.0,5.251811972993799,3.7299000000000015,122.55,483.27399999999983,6,2,7,True
687,CHEMBL223114,O=C([C@@H]1C[C@H](Nc2ccccc2)CN1)N1CCSC1,147.0,5.832682665251824,1.3618999999999999,44.370000000000005,277.39299999999963,3,2,4,True
688,CHEMBL223916,O=C([C@@H]1C[C@H](N2CCc3cc(Br)ccc32)CN1)N1CCSC1,6.5,7.187086643357144,2.0749999999999993,35.580000000000005,382.3269999999997,2,1,4,True
689,CHEMBL223915,O=C([C@@H]1C[C@H](Nc2ccc(Cl)cc2)CN1)N1CCSC1,45.4,6.342944147142896,2.0153,44.370000000000005,311.8379999999996,3,2,4,True
690,CHEMBL390512,O=C([C@@H]1C[C@H](N2CCc3cc(Cl)ccc32)CN1)N1CCSC1,7.0,7.154901959985743,1.9658999999999995,35.580000000000005,337.8759999999997,2,1,4,True
691,CHEMBL223914,O=C([C@@H]1C[C@H](N2CCc3cc(F)ccc32)CN1)N1CCSC1,5.8,7.236572006437063,1.4515999999999998,35.580000000000005,321.42099999999965,2,1,4,True
692,CHEMBL224346,O=C([C@@H]1C[C@H](Nc2ccc([N+](=O)[O-])cc2)CN1)N1CCSC1,19.2,6.716698771296451,1.2700999999999998,87.50999999999999,322.38999999999965,4,2,6,True
693,CHEMBL225493,O=C([C@@H]1C[C@H](N2CCc3cc([N+](=O)[O-])ccc32)CN1)N1CCSC1,7.9,7.102372908709558,1.2206999999999992,78.72,348.42799999999966,3,1,6,True
694,CHEMBL389244,O=C([C@@H]1C[C@H](N2CCc3ccccc32)CN1)N1CCSC1,11.0,6.958607314841775,1.3124999999999996,35.580000000000005,303.4309999999996,2,1,4,True
695,CHEMBL223865,O=C([C@@H]1C[C@H](N2CCCc3ccccc32)CN1)N1CCSC1,112.0,5.950781977329818,1.7026,35.580000000000005,317.4579999999996,2,1,4,True
696,CHEMBL227615,O=C([C@@H]1C[C@H](N2Cc3ccccc3C2)CN1)N1CCSC1,26.4,6.578396073130169,1.2655999999999996,35.580000000000005,303.4309999999996,2,1,4,True
697,CHEMBL228032,N#Cc1ccc(CN(C(=O)c2ccc(C#N)cc2)[C@@H]2CN[C@H](C(=O)N3CCSC3)C2)cc1,228.0,5.642065152999546,2.3357600000000005,100.23,445.5479999999997,5,1,6,True
698,CHEMBL226771,N#Cc1ccc(CN(CCO)[C@@H]2CN[C@H](C(=O)N3CCSC3)C2)cc1,17.0,6.769551078621726,0.6159799999999995,79.60000000000001,360.4829999999996,7,2,6,True
699,CHEMBL227482,N#Cc1ccc(CN(CC(=O)O)[C@@H]2CN[C@H](C(=O)N3CCSC3)C2)cc1,16.8,6.774690718274137,0.7082800000000007,96.67,374.46599999999967,6,2,7,True
700,CHEMBL228243,N#Cc1ccc(CN(CC(N)=O)[C@@H]2CN[C@H](C(=O)N3CCSC3)C2)cc1,13.9,6.856985199745905,0.10898000000000119,102.46,373.4819999999997,6,2,6,True
701,CHEMBL389624,CCOC(=O)CN(Cc1ccc(C#N)cc1)[C@@H]1CN[C@H](C(=O)N2CCSC2)C1,13.6,6.866461091629782,1.1867799999999995,85.67,402.51999999999964,8,1,7,True
702,CHEMBL228021,N#Cc1ccc(CN(Cc2ccc(C#N)cc2)[C@@H]2CN[C@H](C(=O)N3CCSC3)C2)cc1,6.4,7.1938200260161125,2.6955600000000013,83.16,431.5649999999997,6,1,6,True
703,CHEMBL389848,CCCCN(Cc1ccc(C#N)cc1)[C@@H]1CN[C@H](C(=O)N2CCSC2)C1,9.1,7.040958607678906,2.42378,59.370000000000005,372.53799999999956,8,1,5,True
704,CHEMBL227800,CC(C)N(Cc1ccc(C#N)cc1)[C@@H]1CN[C@H](C(=O)N2CCSC2)C1,7.1,7.1487416512809245,2.0320799999999997,59.370000000000005,358.51099999999957,7,1,5,True
705,CHEMBL227737,CN(Cc1ccc(C#N)cc1)[C@@H]1CN[C@H](C(=O)N2CCSC2)C1,9.6,7.017728766960432,1.25348,59.370000000000005,330.4569999999996,5,1,5,True
706,CHEMBL227418,N#Cc1ccc(NC(=O)N[C@@H]2CN[C@H](C(=O)N3CCSC3)C2)cc1,85.9,6.066006836168758,0.9431799999999995,97.26,345.4279999999997,3,3,5,True
707,CHEMBL376562,O=C(Nc1ccccc1)N[C@@H]1CN[C@H](C(=O)N2CCSC2)C1,154.0,5.8124792791635365,1.0714999999999997,73.47,320.4179999999996,3,3,4,True
708,CHEMBL441559,N#Cc1ccc(C(=O)N[C@@H]2CN[C@H](C(=O)N3CCSC3)C2)cc1,37.2,6.429457060118103,0.5514799999999995,85.23,330.4129999999997,3,2,5,True
709,CHEMBL223497,N#Cc1ccc(CN[C@@H]2CN[C@H](C(=O)N3CCSC3)C2)cc1,34.0,6.468521082957745,0.9112799999999996,68.16,316.42999999999967,4,2,5,True
710,CHEMBL223060,O=C([C@@H]1C[C@H](NCc2ccccc2)CN1)N1CCSC1,181.0,5.742321425130816,1.0395999999999999,44.370000000000005,291.4199999999996,4,2,4,True
711,CHEMBL374688,N#Cc1ccc(N[C@@H]2CN[C@H](C(=O)N3CCSC3)C2)cc1,25.2,6.598599459218456,1.2335799999999995,68.16,302.4029999999997,3,2,5,True
712,CHEMBL390513,N#Cc1ccc(N[C@@H]2CN[C@H](C(=O)N3CCSC3)C2)nc1,25.399999999999995,6.595166283380062,0.6285799999999995,81.05,303.3909999999997,3,2,6,True
713,CHEMBL224435,O=C([C@@H]1CCCN1)N1CCSC1,538.0,5.269217724333611,0.27129999999999993,32.34,186.28000000000014,1,1,3,True
714,CHEMBL224419,N#Cc1ccc(NCCNCC(=O)N2CCSC2)nc1,270.0,5.568636235841013,0.48767999999999967,81.05,291.37999999999965,6,2,6,True
715,CHEMBL2068511,C[C@@H](B(O)O)N1CC[C@@H](N)C1=O,4.2,7.376750709602099,-2.0534999999999988,86.78999999999999,171.9930000000001,6,3,4,True
716,CHEMBL2068512,C[C@@H](B(O)O)N1CC[C@H](N)C1=O,460.0000000000001,5.337242168318426,-2.0534999999999988,86.78999999999999,171.9930000000001,6,3,4,True
717,CHEMBL227954,N#Cc1ccccc1Cn1c(N2CCC[C@@H](N)C2)nc2ccccc2c1=O,13.0,6.886056647693163,2.2439799999999996,87.94,359.4329999999997,4,1,6,True
718,CHEMBL227356,N#Cc1ccccc1Cn1c(N2CCC[C@@H](N)C2)nc2cc(N3CCOCC3)c(F)cc2c1=O,18.0,6.7447274948966935,2.2196799999999994,100.41,462.5289999999997,5,1,8,True
719,CHEMBL390776,COc1cccc2c(=O)n(Cc3ccccc3C#N)c(N3CCCC(N)C3)nc12,30.0,6.522878745280337,2.25258,97.17,389.45899999999966,6,1,7,True
720,CHEMBL227089,COc1cc2nc(N3CCC[C@@H](N)C3)n(Cc3ccccc3C#N)c(=O)c2cc1OC,19.0,6.721246399047171,2.2611799999999995,106.39999999999999,419.48499999999973,8,1,8,True
721,CHEMBL375508,COc1cc2c(=O)n(Cc3ccccc3C#N)c(N3CCC[C@@H](N)C3)nc2cc1F,4.0,7.397940008672037,2.39168,97.17,407.4489999999997,6,1,7,True
722,CHEMBL227670,COc1ccc2nc(N3CCC[C@@H](N)C3)n(Cc3ccccc3C#N)c(=O)c2c1,8.0,7.096910013008056,2.25258,97.16999999999999,389.4589999999997,6,1,7,True
723,CHEMBL227676,N#Cc1ccccc1Cn1c(N2CCC[C@@H](N)C2)nc2ccc(Br)cc2c1=O,5.0,7.301029995663981,3.0064800000000007,87.94,438.3289999999997,4,1,6,True
724,CHEMBL390529,N#Cc1ccccc1Cn1c(N2CCC[C@@H](N)C2)nc2c(Cl)cc(Cl)cc2c1=O,13.0,6.886056647693163,3.5507800000000014,87.94,428.32299999999975,4,1,6,True
725,CHEMBL387552,N#Cc1ccccc1Cn1c(N2CCCC(N)C2)nc2c(Cl)cccc2c1=O,29.0,6.537602002101044,2.897380000000001,87.94,393.87799999999976,4,1,6,True
726,CHEMBL228004,N#Cc1ccccc1Cn1c(N2CCC[C@@H](N)C2)nc2cc(Cl)ccc2c1=O,15.0,6.823908740944319,2.897380000000001,87.94,393.8779999999997,4,1,6,True
727,CHEMBL389074,N#Cc1ccccc1Cn1c(N2CCC[C@@H](N)C2)nc2ccc(Cl)cc2c1=O,5.0,7.301029995663981,2.897380000000001,87.94,393.87799999999976,4,1,6,True
728,CHEMBL425483,N#Cc1ccccc1Cn1c(N2CCC[C@@H](N)C2)nc2ccc(F)cc2c1=O,4.0,7.397940008672037,2.3830800000000005,87.94,377.4229999999997,4,1,6,True
729,CHEMBL227464,N#Cc1ccccc1Cn1c(N2CCC[C@@H](N)C2)nc2cccc(F)c2c1=O,5.0,7.301029995663981,2.3830800000000005,87.94,377.4229999999997,4,1,6,True
730,CHEMBL427257,CC1C(=O)NCCCN1C(=O)C[C@H](N)Cc1cc(F)ccc1F,11.5,6.939302159646388,0.9617000000000006,75.43,325.35899999999964,6,2,3,True
731,CHEMBL439394,C[C@@H]1C(=O)N[C@H](Cc2ccccc2F)CCN1C(=O)C[C@H](N)Cc1cc(F)c(F)cc1F,126.0,5.8996294548824375,2.8512000000000004,75.43,451.46399999999966,8,2,3,True
732,CHEMBL230601,CC[C@@H]1CCN(C(=O)C[C@H](N)Cc2cc(F)c(F)cc2F)[C@H](C)C(=O)N1,29.6,6.528708288941061,1.8794000000000002,75.42999999999999,371.40299999999957,8,2,3,True
733,CHEMBL230603,C[C@@H]1C(=O)N[C@H](C(F)(F)F)CCN1C(=O)C[C@H](N)Cc1cc(F)c(F)cc1F,139.0,5.856985199745905,2.0317,75.43,411.3459999999997,6,2,3,True
734,CHEMBL230602,C[C@@H]1CCN(C(=O)C[C@H](N)Cc2cc(F)c(F)cc2F)[C@H](Cc2ccccn2)C(=O)N1,11.0,6.958607314841775,2.1071000000000004,88.32,434.4619999999997,8,2,4,True
735,CHEMBL395798,C[C@@H]1CCN(C(=O)C[C@H](N)Cc2cc(F)c(F)cc2F)[C@H](Cc2ccccc2F)C(=O)N1,2.77,7.557520230935552,2.8512000000000013,75.42999999999999,451.4639999999997,8,2,3,True
736,CHEMBL394837,Cc1ccccc1C[C@@H]1C(=O)N[C@H](C)CCN1C(=O)C[C@H](N)Cc1cc(F)c(F)cc1F,1.49,7.826813731587726,3.0205200000000003,75.43,447.5009999999996,9,2,3,True
737,CHEMBL230497,C[C@@H]1CCN(C(=O)C[C@H](N)Cc2cc(F)c(F)cc2F)[C@H](CC(F)(F)F)C(=O)N1,34.3,6.464705879957229,2.4218,75.42999999999999,425.37299999999965,7,2,3,True
738,CHEMBL394836,C[C@@H]1C(=O)N[C@@H](C)CCN1C(=O)C[C@H](N)Cc1cc(F)c(F)cc1F,397.0,5.401209493236885,1.4892999999999994,75.43,357.3759999999996,7,2,3,True
739,CHEMBL230496,C[C@@H]1CCN(C(=O)C[C@H](N)Cc2cc(F)c(F)cc2F)[C@H](C)C(=O)N1,15.1,6.82102305270683,1.4893,75.42999999999999,357.37599999999964,7,2,3,True
740,CHEMBL394594,C[C@@H]1C(=O)NCC(C)(C)CN1C(=O)C[C@H](N)Cc1cc(F)c(F)cc1F,142.0,5.847711655616943,1.7369,75.43,371.40299999999957,8,2,3,True
741,CHEMBL230495,C[C@@H]1CNC(=O)[C@@H](CC(F)(F)F)N(C(=O)C[C@H](N)Cc2cc(F)c(F)cc2F)C1,143.0,5.844663962534939,2.279300000000001,75.43,425.3729999999997,7,2,3,True
742,CHEMBL230389,C[C@H]1CNC(=O)[C@@H](CC(F)(F)F)N(C(=O)C[C@H](N)Cc2cc(F)c(F)cc2F)C1,24.6,6.609064892896621,2.279300000000001,75.43,425.3729999999997,7,2,3,True
743,CHEMBL397242,CC[C@@H]1C(=O)NC[C@@H](C)CN1C(=O)C[C@H](N)Cc1cc(F)c(F)cc1F,60.3,6.219682687859849,1.7369,75.43,371.40299999999957,8,2,3,True
744,CHEMBL230388,CC[C@@H]1C(=O)NC[C@H](C)CN1C(=O)C[C@H](N)Cc1cc(F)c(F)cc1F,37.3,6.428291168191312,1.7369,75.43,371.40299999999957,8,2,3,True
745,CHEMBL397241,C[C@@H]1CNC(=O)[C@@H](C)N(C(=O)C[C@H](N)Cc2cc(F)c(F)cc2F)C1,33.0,6.481486060122113,1.3468000000000004,75.43,357.37599999999964,7,2,3,True
746,CHEMBL230387,C[C@H]1CNC(=O)[C@@H](C)N(C(=O)C[C@H](N)Cc2cc(F)c(F)cc2F)C1,9.7,7.013228265733755,1.3468000000000004,75.43,357.37599999999964,7,2,3,True
747,CHEMBL397010,CC1CCNC(=O)CN1C(=O)C[C@H](N)Cc1cc(F)c(F)cc1F,765.0,5.116338564846382,1.1008000000000004,75.43,343.34899999999965,6,2,3,True
748,CHEMBL230283,C[C@@H]1C(=O)N(C(C)(C)C)CCCN1C(=O)C[C@H](N)Cc1cc(F)c(F)cc1F,9.6,7.017728766960432,2.611700000000001,66.64,399.45699999999954,6,1,3,True
749,CHEMBL230282,C[C@@H]1C(=O)N(C2CC2)CCCN1C(=O)C[C@H](N)Cc1cc(F)c(F)cc1F,8.0,7.096910013008056,1.9756,66.64,383.4139999999996,7,1,3,True
750,CHEMBL390886,C[C@@H]1C(=O)N(CC(F)(F)F)CCCN1C(=O)C[C@H](N)Cc1cc(F)c(F)cc1F,19.2,6.716698771296451,2.3755000000000006,66.64,425.3729999999997,7,1,3,True
751,CHEMBL395004,C[C@@H]1C(=O)N(CCOCc2ccccc2)CCCN1C(=O)C[C@H](N)Cc1cc(F)c(F)cc1F,10.5,6.978810700930062,3.0300000000000002,75.87,477.5269999999996,11,1,4,True
752,CHEMBL231117,C[C@@H]1C(=O)N(CCO)CCCN1C(=O)C[C@H](N)Cc1cc(F)c(F)cc1F,15.1,6.82102305270683,0.8055000000000007,86.87,387.4019999999996,9,2,4,True
753,CHEMBL231011,C[C@@H]1C(=O)N(C)CCCN1C(=O)C[C@H](N)Cc1cc(F)c(F)cc1F,11.5,6.939302159646388,1.4429999999999996,66.64,357.3759999999996,7,1,3,True
754,CHEMBL390885,C[C@@H]1C(=O)N(C2CC2)CCCN1C(=O)C[C@H](N)Cc1cc(F)ccc1F,9.0,7.045757490560675,1.8364999999999998,66.64,365.4239999999996,7,1,3,True
755,CHEMBL231010,C[C@@H]1C(=O)N(CC(=O)O)CCCN1C(=O)C[C@H](N)Cc1cc(F)ccc1F,69.9,6.155522824254319,0.7587000000000009,103.94,383.39499999999964,8,2,5,True
756,CHEMBL390884,COC(=O)CN1CCCN(C(=O)C[C@H](N)Cc2cc(F)ccc2F)[C@H](C)C1=O,11.6,6.935542010773082,0.8471000000000003,92.94,397.4219999999997,9,1,5,True
757,CHEMBL231009,CCN1CCCN(C(=O)C[C@H](N)Cc2cc(F)ccc2F)[C@H](C)C1=O,20.7,6.684029654543083,1.6939999999999997,66.64,353.41299999999956,8,1,3,True
758,CHEMBL390853,CC1C(=O)NCCCN1C(=O)C[C@H](N)Cc1cc(F)c(F)cc1F,6.6,7.180456064458132,1.1008000000000004,75.43,343.34899999999965,6,2,3,True
759,CHEMBL231151,CN(C)C(=O)[C@H](c1ccc(-c2ccc(F)cc2)cc1)[C@@H](N)C(=O)N1CC[C@H](F)C1,1460.0,4.835647144215563,2.5622000000000007,66.64,401.4569999999996,8,1,3,True
760,CHEMBL396789,C=CCC(C(=O)N1CCn2c(nnc2C(F)(F)F)C1)[C@H](N)Cc1cc(F)c(F)cc1F,1995.0,4.700057099977233,2.8187000000000006,77.04,447.38299999999975,7,1,5,True
761,CHEMBL230095,C=COCC(=O)N1CCN(C(=O)C[C@H](N)Cc2ccccc2F)CC1,2209.0,4.655804284128565,0.9164999999999999,75.87,349.4059999999996,8,1,4,True
762,CHEMBL231050,N[C@@H](CC(=O)N1CCn2cc(C(F)(F)F)nc2C1c1ccc(F)cc1)Cc1ccc(F)c(F)c1,1397.0,4.854803593885818,4.210900000000003,64.15,482.4279999999998,6,1,4,True
763,CHEMBL395546,N[C@@H](CC(=O)N1CCn2nccc21)Cc1cc(F)ccc1F,1325.0,4.877784121727173,1.4679999999999997,64.15,306.3159999999997,5,1,4,True
764,CHEMBL410187,N[C@@H](CC(=O)N1CCN(c2ccc(Cl)cc2)CC1)Cc1ccccc1F,1247.0,4.904133546521457,3.0878000000000014,49.57000000000001,375.87499999999966,6,1,3,True
765,CHEMBL231654,N[C@H](C(=O)N1CCC(F)(F)C1)[C@@H]1CCN(S(=O)(=O)c2ccc(OC(F)(F)F)cc2)C1,995.0,5.002176919254275,1.7907000000000002,92.94000000000001,457.4209999999998,6,1,5,True
766,CHEMBL396195,COc1cc(CNC(=O)[C@@H]2CCCN2C(=O)C[C@H](N)Cc2ccccc2F)ccc1O,864.0,5.063486257521107,2.107200000000001,104.89,429.4919999999997,11,3,5,True
767,CHEMBL231653,CSc1cc(F)c(C[C@@H](N)CC(=O)N2CCn3c(nnc3C(F)(F)F)C2)cc1F,780.0,5.107905397309519,2.5993000000000013,77.04,435.42199999999974,7,1,6,True
768,CHEMBL231552,N[C@@H](CC(=O)N1CCC[C@H]1C(=O)NCc1ccc(C(F)(F)F)cc1)Cc1ccccc1F,731.0,5.13608262304214,3.411800000000002,75.43,451.46399999999966,8,2,3,True
769,CHEMBL231551,N[C@@H](CC(=O)N1CCC[C@H]1C(=O)NCc1ccccc1)Cc1ccccc1F,539.0,5.268411234813262,2.393,75.43,383.4669999999996,8,2,3,True
770,CHEMBL388900,CN(C)C(=O)[C@@H](c1ccc(-c2ccc(F)cc2)cc1)[C@H](N)C(=O)N1CCOCC1,520.0,5.2839966563652006,1.8505999999999996,75.87,399.4659999999996,8,1,4,True
771,CHEMBL230938,O=C([C@@H]1Cc2ccc(-c3cccc(-c4nnn[nH]4)c3)cc2CN1)N1CC[C@H](F)C1,310.0,5.508638306165727,2.1184,86.8,392.4379999999997,3,2,5,True
772,CHEMBL230937,COC(=O)Cc1ccc(CNC(=O)[C@@H]2CSCN2C(=O)C[C@H](N)Cc2ccccc2F)cc1,170.0,5.769551078621726,2.019,101.73,473.56999999999977,11,2,6,True
773,CHEMBL230840,N[C@@H](CC(=O)N1CSC[C@H]1C(=O)NCc1ccc(CC(=O)O)cc1)Cc1ccccc1F,37.0,6.431798275933005,1.930600000000001,112.73,459.5429999999998,10,3,6,True
774,CHEMBL427261,N[C@@H](CC(=O)N1CCn2c(nnc2C(F)(F)F)C1)Cc1cc(Cl)ccc1F,21.0,6.6777807052660805,2.3917,77.04,405.7829999999998,5,1,5,True
775,CHEMBL390193,N[C@H]1CN(c2ccccc2)CC[C@@H]1c1cc(F)c(F)cc1F.O=C(O)C(F)(F)F,210.0,5.6777807052660805,4.0584000000000024,66.56,420.35299999999967,3,2,4,True
776,CHEMBL390080,CCc1nnc2ccc(N3CC[C@H](c4cc(F)c(F)cc4F)[C@@H](N)C3)nn12.O=C(O)C(F)(F)F,6.0,7.221848749616356,3.0585000000000004,109.64,490.40799999999973,5,2,8,True
777,CHEMBL231497,Cc1nnc2ccc(N3CC[C@H](c4cc(F)c(F)cc4F)[C@@H](N)C3)nn12.O=C(O)C(F)(F)F,6.0,7.221848749616356,2.80452,109.64,476.38099999999974,4,2,8,True
778,CHEMBL231496,N[C@H]1CN(c2ccc3nncn3n2)CC[C@@H]1c1cc(F)c(F)cc1F.O=C(O)C(F)(F)F,31.0,6.508638306165727,2.4961,109.64,462.3539999999998,3,2,8,True
779,CHEMBL390241,Cn1nc2ccc(N3CC[C@H](c4cc(F)c(F)cc4F)[C@@H](N)C3)nn2c1=O.O=C(O)C(F)(F)F,5.0,7.301029995663981,1.7997999999999998,118.74999999999999,492.37999999999977,4,2,9,True
780,CHEMBL231396,N[C@H]1CN(c2ccc3nc(=O)ccn3n2)CC[C@@H]1c1cc(F)c(F)cc1F.O=C(O)C(F)(F)F,1.2,7.920818753952375,2.4612999999999996,113.82000000000001,489.37599999999975,3,2,8,True
781,CHEMBL231294,N[C@H]1CN(c2ccn3cnnc3n2)CC[C@@H]1c1cc(F)c(F)cc1F.O=C(O)C(F)(F)F,26.0,6.585026652029182,2.4961,109.64,462.3539999999998,3,2,8,True
782,CHEMBL231196,N[C@H]1CN(c2cnc3nccnc3n2)CC[C@@H]1c1cc(F)c(F)cc1F.O=C(O)C(F)(F)F,13.0,6.886056647693163,2.7916000000000007,118.12000000000002,474.3649999999998,3,2,8,True
783,CHEMBL231195,N[C@H]1CN(c2cnc3cncnc3n2)CC[C@@H]1c1cc(F)c(F)cc1F.O=C(O)C(F)(F)F,43.0,6.366531544420414,2.7916000000000007,118.12000000000002,474.3649999999998,3,2,8,True
784,CHEMBL231194,N[C@H]1CN(c2cnc3cccnc3n2)CC[C@@H]1c1cc(F)c(F)cc1F.O=C(O)C(F)(F)F,130.0,5.886056647693163,3.396600000000001,105.23,473.3769999999998,3,2,7,True
785,CHEMBL389538,N[C@H]1CN(c2cnc3ccccc3n2)CC[C@@H]1c1cc(F)c(F)cc1F.O=C(O)C(F)(F)F,12.0,6.920818753952375,4.0016000000000025,92.34,472.3889999999997,3,2,6,True
786,CHEMBL231092,N[C@H]1CN(c2ccc3nccnc3n2)CC[C@@H]1c1cc(F)c(F)cc1F.O=C(O)C(F)(F)F,7.0,7.154901959985743,3.396600000000001,105.23,473.3769999999998,3,2,7,True
787,CHEMBL231091,N[C@H]1CN(c2nccc3ccccc23)CC[C@@H]1c1cc(F)c(F)cc1F.O=C(O)C(F)(F)F,3700.0,4.431798275933005,4.606600000000003,79.45,471.4009999999997,3,2,5,True
788,CHEMBL389537,N[C@H]1CN(c2ccc3ccccc3n2)CC[C@@H]1c1cc(F)c(F)cc1F.O=C(O)C(F)(F)F,54.0,6.267606240177032,4.606600000000003,79.45,471.4009999999997,3,2,5,True
789,CHEMBL231090,N[C@H]1CN(c2cccnn2)CC[C@@H]1c1cc(F)c(F)cc1F.O=C(O)C(F)(F)F,63.0,6.200659450546418,2.8484000000000007,92.34,422.3289999999997,3,2,6,True
790,CHEMBL230985,N[C@H]1CN(c2cnccn2)CC[C@@H]1c1cc(F)c(F)cc1F.O=C(O)C(F)(F)F,82.0,6.086186147616283,2.8484000000000007,92.34,422.3289999999997,3,2,6,True
791,CHEMBL427259,N[C@H]1CN(c2ncccn2)CC[C@@H]1c1cc(F)c(F)cc1F.O=C(O)C(F)(F)F,90.0,6.045757490560675,2.8484000000000007,92.34,422.3289999999997,3,2,6,True
792,CHEMBL230984,N[C@H]1CN(c2ccncn2)CC[C@@H]1c1cc(F)c(F)cc1F.O=C(O)C(F)(F)F,37.0,6.431798275933005,2.8484000000000007,92.34,422.3289999999997,3,2,6,True
793,CHEMBL230883,N#Cc1ccc(N2CC[C@H](c3cc(F)c(F)cc3F)[C@@H](N)C2)nc1.O=C(O)C(F)(F)F,14.0,6.853871964321762,3.3250800000000007,103.24,446.3509999999998,3,2,6,True
794,CHEMBL230449,N[C@H]1CN(c2ncccc2C(F)(F)F)CC[C@@H]1c1cc(F)c(F)cc1F.O=C(O)C(F)(F)F,650.0,5.187086643357144,4.472200000000002,79.45,489.33799999999974,3,2,5,True
795,CHEMBL389602,N[C@H]1CN(c2cc(C(F)(F)F)ccn2)CC[C@@H]1c1cc(F)c(F)cc1F.O=C(O)C(F)(F)F,463.0,5.334419008982047,4.472200000000003,79.45,489.3379999999998,3,2,5,True
796,CHEMBL274740,N[C@H]1CN(c2ccc(C(F)(F)F)cn2)CC[C@@H]1c1cc(F)c(F)cc1F.O=C(O)C(F)(F)F,67.0,6.173925197299173,4.472200000000003,79.45,489.33799999999974,3,2,5,True
797,CHEMBL230342,N[C@H]1CN(c2cccc(C(F)(F)F)n2)CC[C@@H]1c1cc(F)c(F)cc1F.O=C(O)C(F)(F)F,111.0,5.954677021213342,4.472200000000003,79.45,489.33799999999974,3,2,5,True
798,CHEMBL390194,N[C@H]1CN(c2ccncc2)CC[C@@H]1c1cc(F)c(F)cc1F.O=C(O)C(F)(F)F,125.0,5.903089986991944,3.453400000000002,79.45,421.3409999999997,3,2,5,True
799,CHEMBL230341,N[C@H]1CN(c2cccnc2)CC[C@@H]1c1cc(F)c(F)cc1F.O=C(O)C(F)(F)F,144.0,5.841637507904751,3.453400000000002,79.45,421.3409999999997,3,2,5,True
800,CHEMBL230340,N[C@H]1CN(c2ccccn2)CC[C@@H]1c1cc(F)c(F)cc1F.O=C(O)C(F)(F)F,58.0,6.236572006437063,3.453400000000002,79.45,421.3409999999997,3,2,5,True
801,CHEMBL233127,C[C@@H]1N[C@H](C(=O)N2CCC[C@H]2C#N)C[C@@H]1C(=O)N1Cc2ccccc2C1,5.6,7.251811972993799,1.4099799999999998,76.44,352.43799999999965,3,1,4,True
802,CHEMBL389324,Cc1cc(C)c([C@@H]2CN[C@H](C(=O)N3CCC[C@H]3C#N)C2)c(C)c1O,5.3,7.275724130399211,2.2775400000000006,76.36,327.4279999999996,6,2,4,True
803,CHEMBL244010,COc1c(O)ccc(C)c1[C@@H]1CN[C@H](C(=O)N2CCC[C@H]2C#N)C1,7.1,7.1487416512809245,1.6693,85.59,329.39999999999964,6,2,5,True
804,CHEMBL413797,Cc1ccc(O)c(C)c1[C@@H]1CN[C@H](C(=O)N2CCC[C@H]2C#N)C1,4.9,7.309803919971486,1.96912,76.36,313.40099999999956,5,2,4,True
805,CHEMBL244009,CCOc1cc(O)cc(OCC)c1[C@@H]1CN[C@H](C(=O)N2CCC[C@H]2C#N)C1,22.0,6.657577319177793,2.14968,94.82,373.4529999999996,9,2,6,True
806,CHEMBL390418,CCc1cc(O)cc(C)c1[C@@H]1CN[C@H](C(=O)N2CCC[C@H]2C#N)C1,8.9,7.050609993355087,2.2230999999999996,76.36,327.42799999999954,6,2,4,True
807,CHEMBL244008,COc1cc(O)cc(OC)c1[C@@H]1CN[C@H](C(=O)N2CCC[C@H]2C#N)C1,23.0,6.638272163982407,1.3694799999999996,94.82,345.39899999999966,7,2,6,True
808,CHEMBL243800,COc1cc(O)cc(C)c1[C@@H]1CN[C@H](C(=O)N2CCC[C@H]2C#N)C1,8.3,7.080921907623926,1.6693,85.59,329.39999999999964,6,2,5,True
809,CHEMBL243799,Cc1cc(O)cc(C)c1[C@@H]1CN[C@H](C(=O)N2CCC[C@H]2C#N)C1,3.3,7.481486060122113,1.96912,76.36,313.40099999999956,5,2,4,True
810,CHEMBL390221,N#C[C@@H]1CCCN1C(=O)[C@@H]1C[C@H](c2ccc(O)cc2)CN1,2.5,7.602059991327962,1.3522799999999997,76.36,285.3469999999996,3,2,4,True
811,CHEMBL243798,N#C[C@@H]1CCCN1C(=O)[C@@H]1C[C@H](c2cccc(O)c2)CN1,3.9,7.4089353929735005,1.3522799999999997,76.36,285.3469999999996,3,2,4,True
812,CHEMBL245059,N#C[C@@H]1CCCN1C(=O)[C@@H]1C[C@H](c2ccccc2O)CN1,9.1,7.040958607678906,1.3522799999999997,76.36,285.3469999999996,3,2,4,True
813,CHEMBL396513,Cc1cccc(C)c1[C@@H]1CN[C@H](C(=O)N2CCC[C@H]2C#N)C1,6.1,7.214670164989233,2.2635200000000006,56.13,297.40199999999953,4,1,3,True
814,CHEMBL244843,N#C[C@@H]1CCCN1C(=O)[C@@H]1C[C@@H](c2ccccc2)CN1,16.0,6.795880017344075,1.6466799999999997,56.13,269.34799999999973,2,1,3,True
815,CHEMBL396512,N#C[C@@H]1CCCN1C(=O)[C@@H]1C[C@H](c2ccccc2)CN1,3.5,7.455931955649724,1.6466799999999997,56.13,269.34799999999973,2,1,3,True
816,CHEMBL389138,N#C[C@@H]1CCCN1C(=O)[C@@H]1CC(C2C3CC4CC(C3)CC2C4)CN1,7.8,7.107905397309519,2.55138,56.13,327.47199999999947,2,1,3,True
817,CHEMBL242492,N#C[C@@H]1CCCN1C(=O)[C@@H]1C[C@H](C2CCCCC2)CN1,2.4,7.619788758288394,2.05938,56.13,275.3959999999996,2,1,3,True
818,CHEMBL242987,CC(C)C[C@@H]1CN[C@H](C(=O)N2CCC[C@H]2C#N)C1,2.9,7.537602002101044,1.5251799999999998,56.13,249.35800000000017,5,1,3,True
819,CHEMBL437570,C=C(C)C[C@@H]1CN[C@H](C(=O)N2CCC[C@H]2C#N)C1,5.7,7.244125144327507,1.4452799999999995,56.13,247.34200000000016,4,1,3,True
820,CHEMBL242985,CCC[C@@H]1CN[C@H](C(=O)N2CCC[C@H]2C#N)C1,3.4,7.468521082957745,1.2791799999999998,56.13,235.33100000000016,4,1,3,True
821,CHEMBL245069,C=CC[C@@H]1CN[C@H](C(=O)N2CCC[C@H]2C#N)C1,3.5,7.455931955649724,1.0551799999999996,56.13,233.31500000000014,3,1,3,True
822,CHEMBL394165,C[C@@H]1N[C@H](C(=O)N2CCC[C@H]2C#N)C[C@@H]1C(=O)N1CCSCC1,6.2,7.207608310501746,0.4429800000000006,76.44,336.46099999999956,3,1,5,True
823,CHEMBL232315,N#C[C@@H]1CCCN1C(=O)[C@@H]1C[C@H](C(N)=O)CN1,7.7,7.113509274827518,-1.0356199999999987,99.22,236.27500000000012,2,2,4,True
824,CHEMBL232311,CN(C)C(=O)CC[C@@H]1CN[C@H](C(=O)N2CCC[C@H]2C#N)C1,2.4,7.619788758288394,0.34748000000000046,76.44,292.3829999999995,6,1,4,True
825,CHEMBL391558,CN(C)C(=O)C[C@@H]1CN[C@H](C(=O)N2CCC[C@H]2C#N)C1,4.5,7.346787486224656,-0.042619999999999214,76.44,278.35599999999954,5,1,4,True
826,CHEMBL232103,CN(C)C(=O)[C@@H]1CN[C@H](C(=O)N2CCC[C@H]2C#N)C1,1.8,7.744727494896693,-0.4327199999999989,76.44,264.3289999999999,4,1,4,True
827,CHEMBL234158,N#C[C@@H]1CCCN1C(=O)[C@@H]1C[C@H](CC(=O)O)CN1,16.0,6.795880017344075,-0.04621999999999987,93.43,251.28600000000012,3,2,5,True
828,CHEMBL395919,N#C[C@@H]1CCCN1C(=O)[C@@H]1C[C@H](CCO)CN1,3.8,7.42021640338319,-0.13852000000000014,76.36,237.30300000000014,4,2,4,True
829,CHEMBL234356,N#C[C@@H]1CCCN1C(=O)[C@@H]1C[C@H](CO)CN1,6.3,7.200659450546418,-0.5286199999999999,76.36,223.27600000000012,3,2,4,True
830,CHEMBL429258,C[C@@H]1N[C@H](C(=O)N2CCC[C@H]2C#N)C[C@@H]1C(=O)N1CCOCC1,20.0,6.698970004336019,-0.2736199999999991,85.67,320.3929999999996,3,1,5,True
831,CHEMBL232920,C[C@@H]1N[C@H](C(=O)N2CCC[C@H]2C#N)C[C@@H]1C(=O)N1CCCCC1,13.0,6.886056647693163,0.88008,76.44,318.42099999999954,3,1,4,True
832,CHEMBL393957,C[C@@H]1N[C@H](C(=O)N2CCC[C@H]2C#N)C[C@@H]1C(=O)N1CCCC1,6.5,7.187086643357144,0.4899800000000003,76.44,304.39399999999955,3,1,4,True
833,CHEMBL232919,C[C@@H]1N[C@H](C(=O)N2CCC[C@H]2C#N)C[C@@H]1C(=O)N1CCC1,13.0,6.886056647693163,0.09988000000000041,76.44,290.36699999999956,3,1,4,True
834,CHEMBL394932,CCN(C)C(=O)[C@H]1C[C@@H](C(=O)N2CCC[C@H]2C#N)N[C@H]1C,15.0,6.823908740944319,0.3458800000000007,76.44,292.3829999999995,6,1,4,True
835,CHEMBL232914,C[C@@H]1N[C@H](C(=O)N2CCC[C@H]2C#N)C[C@@H]1C(=O)N(C)C,10.000000000000002,7.0,-0.04421999999999926,76.44,278.35599999999954,5,1,4,True
836,CHEMBL400615,N#C[C@@H]1CCCN1C(=O)[C@@H]1C[C@H](C(=O)N2CCSCC2)CN1,4.8,7.318758762624412,0.05448000000000103,76.44,322.4339999999996,2,1,5,True
837,CHEMBL415647,N#C[C@@H]1CCCN1C(=O)[C@@H]1C[C@H](C(=O)N2CCOCC2)CN1,4.3,7.366531544420414,-0.6621199999999976,85.67,306.3659999999996,2,1,5,True
838,CHEMBL232716,N#C[C@@H]1CCCN1C(=O)[C@@H]1C[C@H](C(=O)N2CCCCCCC2)CN1,11.0,6.958607314841775,1.2717799999999995,76.44,332.44799999999947,2,1,4,True
839,CHEMBL400614,N#C[C@@H]1CCCN1C(=O)[C@@H]1C[C@H](C(=O)N2CCCCCC2)CN1,8.3,7.080921907623926,0.8816799999999998,76.44,318.4209999999995,2,1,4,True
840,CHEMBL400613,N#C[C@@H]1CCCN1C(=O)[C@@H]1C[C@H](C(=O)N2CCCCC2)CN1,4.9,7.309803919971486,0.4915800000000002,76.44,304.3939999999995,2,1,4,True
841,CHEMBL428369,N#C[C@@H]1CCCN1C(=O)[C@@H]1C[C@H](C(=O)N2CCCC2)CN1,5.6,7.251811972993799,0.10148000000000051,76.44,290.3669999999995,2,1,4,True
842,CHEMBL234373,N#C[C@@H]1CCCN1C(=O)[C@@H]1C[C@H](C(=O)N2CCC2)CN1,4.0,7.397940008672037,-0.28861999999999916,76.44,276.3399999999996,2,1,4,True
843,CHEMBL393498,CCN(CC)C(=O)[C@@H]1CN[C@H](C(=O)N2CCC[C@H]2C#N)C1,6.0,7.221848749616356,0.34748000000000046,76.44,292.3829999999995,6,1,4,True
844,CHEMBL234163,CCN(C)C(=O)[C@@H]1CN[C@H](C(=O)N2CCC[C@H]2C#N)C1,4.9,7.309803919971486,-0.042619999999999214,76.44,278.35599999999954,5,1,4,True
845,CHEMBL434960,CCCNC(=O)[C@@H]1CN[C@H](C(=O)N2CCC[C@H]2C#N)C1,5.7,7.244125144327507,0.0052800000000006175,85.23,278.3559999999996,5,2,4,True
846,CHEMBL232316,CCNC(=O)[C@@H]1CN[C@H](C(=O)N2CCC[C@H]2C#N)C1,4.4,7.356547323513812,-0.3848199999999995,85.23,264.3289999999999,4,2,4,True
847,CHEMBL391559,CNC(=O)[C@@H]1CN[C@H](C(=O)N2CCC[C@H]2C#N)C1,3.5,7.455931955649724,-0.7749199999999994,85.23,250.30200000000016,3,2,4,True
848,CHEMBL388475,N[C@@H](CC(=O)N1CCn2c(nnc2C(F)(F)F)C1)Cc1ccccc1F,98.00000000000004,6.008773924307505,1.7382999999999993,77.04,371.3379999999998,5,1,5,True
849,CHEMBL233891,CC(C)(C)NC(=O)c1nnc2n1CCN(C(=O)C[C@H](N)Cc1cc(F)c(F)cc1F)C2,234.0,5.6307841425898575,1.5259999999999998,106.14,438.45399999999967,6,2,6,True
850,CHEMBL233686,CCOC(=O)c1nnc2n1CCN(C(=O)C[C@H](N)Cc1cc(F)c(F)cc1F)C2,219.0,5.6595558851598815,1.1744000000000006,103.33999999999999,411.38399999999973,8,1,7,True
851,CHEMBL390240,N[C@@H](CC(=O)N1CCn2c(nnc2C(F)F)C1)Cc1cc(F)c(F)cc1F,29.0,6.537602002101044,1.9352999999999996,77.04,389.32799999999975,6,1,5,True
852,CHEMBL390239,N[C@@H](CC(=O)N1CCn2c(nnc2C2CC2)C1)Cc1cc(F)c(F)cc1F,30.0,6.522878745280337,1.8750999999999993,77.04,379.3859999999996,6,1,5,True
853,CHEMBL233685,CCc1nnc2n1CCN(C(=O)C[C@H](N)Cc1cc(F)c(F)cc1F)C2,36.99999999999999,6.431798275933005,1.5600999999999998,77.04,367.37499999999966,7,1,5,True
854,CHEMBL233684,N[C@@H](CC(=O)N1CCn2c(CO)nnc2C1)Cc1cc(F)ccc1F,69.0,6.161150909262744,0.35089999999999977,97.27000000000001,351.3569999999997,7,2,6,True
855,CHEMBL389600,CCOC(=O)c1nnc2n1CCN(C(=O)C[C@H](N)Cc1cc(F)ccc1F)C2,190.0,5.721246399047171,1.0353000000000008,103.33999999999999,393.3939999999997,8,1,7,True
856,CHEMBL233474,N[C@@H](CC(=O)N1CCn2c(nnc2-c2ccncc2)C1)Cc1cc(F)ccc1F,65.0,6.187086643357144,1.9206,89.93,398.41699999999975,6,1,6,True
857,CHEMBL389599,N[C@@H](CC(=O)N1CCn2c(nnc2-c2ccc(F)cc2F)C1)Cc1cc(F)ccc1F,30.0,6.522878745280337,2.8038000000000016,77.04,433.40899999999976,6,1,5,True
858,CHEMBL233472,N[C@@H](CC(=O)N1CCn2c(nnc2-c2ccc(F)cc2)C1)Cc1cc(F)ccc1F,60.0,6.221848749616356,2.6647000000000007,77.04,415.41899999999976,6,1,5,True
859,CHEMBL233058,N[C@@H](CC(=O)N1CCn2c(nnc2C(F)(F)F)C1)Cc1cc(F)c(F)cc1Cl,84.0,6.075720713938118,2.5308,77.04,423.77299999999985,5,1,5,True
860,CHEMBL232845,N[C@@H](CC(=O)N1CCn2c(nnc2C(F)(F)F)C1)Cc1cc(F)c(Cl)cc1F,76.0,6.119186407719209,2.5308,77.04,423.7729999999998,5,1,5,True
861,CHEMBL232648,N[C@@H](CC(=O)N1CCn2c(nnc2C(F)(F)F)C1)Cc1cc(Cl)ccc1Cl,180.0,5.7447274948966935,2.9060000000000006,77.04,422.23799999999983,5,1,5,True
862,CHEMBL235120,N[C@@H](CC(=O)N1CCn2c(nnc2C(F)(F)F)C1)Cc1ccc(Cl)cc1Cl,23.0,6.638272163982407,2.9060000000000006,77.04,422.23799999999983,5,1,5,True
863,CHEMBL388433,N[C@@H](CC(=O)N1CCn2c(nnc2C(F)(F)F)C1)Cc1ccc(Cl)c(Cl)c1,1580.0,4.801342913045577,2.9060000000000006,77.04,422.2379999999999,5,1,5,True
864,CHEMBL243231,N[C@@H](CC(=O)N1CCn2c(nnc2C(F)(F)F)C1)Cc1ccc(Cl)cc1,264.0,5.578396073130169,2.2526,77.04,387.79299999999984,5,1,5,True
865,CHEMBL243230,N[C@@H](CC(=O)N1CCn2c(nnc2C(F)(F)F)C1)Cc1cccc(Cl)c1,59.0,6.229147988357856,2.2525999999999993,77.04,387.7929999999998,5,1,5,True
866,CHEMBL388431,N[C@@H](CC(=O)N1CCn2c(nnc2C(F)(F)F)C1)Cc1ccccc1Cl,145.0,5.838631997765025,2.2525999999999993,77.04,387.79299999999984,5,1,5,True
867,CHEMBL245181,N[C@@H](CC(=O)N1CCn2c(nnc2C(F)(F)F)C1)Cc1ccc(C(F)(F)F)cc1,511.0,5.291579099865287,2.6180000000000003,77.04,421.3449999999998,5,1,5,True
868,CHEMBL243227,N[C@@H](CC(=O)N1CCn2c(nnc2C(F)(F)F)C1)Cc1cccc(C(F)(F)F)c1,366.0,5.436518914605589,2.6180000000000003,77.04,421.3449999999998,5,1,5,True
869,CHEMBL397744,N[C@@H](CC(=O)N1CCn2c(nnc2C(F)(F)F)C1)Cc1ccccc1C(F)(F)F,486.0,5.313363730737707,2.6180000000000003,77.04,421.3449999999998,5,1,5,True
870,CHEMBL397743,N[C@@H](CC(=O)N1CCn2c(nnc2C(F)(F)F)C1)Cc1c(F)c(F)c(F)c(F)c1F,1018.0,4.99225222199926,2.2946999999999997,77.04,443.29799999999983,5,1,5,True
871,CHEMBL394834,N[C@@H](CC(=O)N1CCn2c(nnc2C(F)(F)F)C1)Cc1c(F)cc(F)cc1F,87.0,6.060480747381382,2.0164999999999997,77.04,407.3179999999998,5,1,5,True
872,CHEMBL394833,N[C@@H](CC(=O)N1CCn2c(nnc2C(F)(F)F)C1)Cc1c(F)ccc(F)c1F,151.0,5.82102305270683,2.0164999999999997,77.04,407.3179999999998,5,1,5,True
873,CHEMBL243872,N[C@@H](CC(=O)N1CCn2c(nnc2C(F)(F)F)C1)Cc1cc(F)cc(F)c1F,805.0000000000002,5.094204119632131,2.0164999999999997,77.04,407.3179999999998,5,1,5,True
874,CHEMBL389151,N[C@@H](CC(=O)N1CCn2c(nnc2C(F)(F)F)C1)Cc1ccc(F)cc1F,82.0,6.086186147616283,1.8773999999999995,77.04,389.3279999999998,5,1,5,True
875,CHEMBL242813,N[C@@H](CC(=O)N1CCn2c(nnc2C(F)(F)F)C1)Cc1ccc(F)c(F)c1,127.99999999999996,5.892790030352131,1.8773999999999995,77.04,389.3279999999998,5,1,5,True
876,CHEMBL242811,N[C@@H](CC(=O)N1CCn2c(nnc2C(F)(F)F)C1)Cc1ccc(F)cc1,272.0,5.565431095965801,1.7382999999999995,77.04,371.3379999999998,5,1,5,True
877,CHEMBL232262,N[C@@H](CC(=O)N1CCn2c(nnc2C(F)(F)F)C1)Cc1cccc(F)c1,135.0,5.8696662315049934,1.7382999999999993,77.04,371.3379999999998,5,1,5,True
878,CHEMBL232191,N[C@H]1C[C@H](N2CCn3c(nnc3C(F)(F)F)C2)CCC1c1cc(F)c(F)cc1F,140.0,5.853871964321762,3.1934000000000013,59.97,419.37299999999976,3,1,5,True
879,CHEMBL234635,N[C@H]1C[C@@H](N2CCn3c(C(F)(F)F)cnc3C2)CCC1c1cc(F)c(F)cc1F,21.0,6.6777807052660805,3.7984000000000027,47.08,418.3849999999997,3,1,4,True
880,CHEMBL400624,COc1cc2c(cc1OC)[C@@H]1CC(N)[C@@H](c3cccc(C)c3)CN1CC2,13.0,6.886056647693163,3.4262200000000025,47.720000000000006,352.47799999999955,7,1,4,True
881,CHEMBL234412,CCCC[C@H]1CN2CCc3cc(OC)c(OC)cc3[C@@H]2C[C@@H]1N,710.0000000000002,5.1487416512809245,3.1404000000000005,47.72,318.46099999999944,9,1,4,True
882,CHEMBL232595,COc1cc2c(cc1OC)[C@@H]1C[C@H](N)[C@@H](c3cccc(Cl)c3)CN1CC2,4.0,7.397940008672037,3.771200000000002,47.720000000000006,372.8959999999996,6,1,4,True
883,CHEMBL429982,COc1cc2c(cc1OC)[C@@H]1C[C@@H](N)[C@@H](c3cccc(Cl)c3)CN1CC2,50.0,6.301029995663981,3.771200000000002,47.720000000000006,372.8959999999996,6,1,4,True
884,CHEMBL391070,COc1cc2c(cc1OC)[C@@H]1C[C@H](N)[C@@H](c3cccc(C)c3)CN1CC2,4.0,7.397940008672037,3.4262200000000025,47.720000000000006,352.47799999999955,7,1,4,True
885,CHEMBL234431,COc1cc2c(cc1OC)[C@@H]1C[C@@H](N)[C@@H](c3cccc(C)c3)CN1CC2,32.0,6.494850021680094,3.4262200000000025,47.720000000000006,352.47799999999955,7,1,4,True
886,CHEMBL234430,COc1cccc([C@H]2CN3CCc4cc(OC)c(OC)cc4[C@@H]3C[C@H]2N)c1,650.0,5.187086643357144,3.1264000000000003,56.95,368.4769999999996,8,1,5,True
887,CHEMBL540711,COc1cccc([C@H]2CN3CCc4cc(OC)c(OC)cc4[C@@H]3C[C@@H]2N)c1,5130.0,4.289882634888183,3.1264000000000003,56.95,368.4769999999996,8,1,5,True
888,CHEMBL392085,COc1cc2c(cc1OC)[C@@H]1C[C@H](N)[C@@H](c3ccc(C)c(C)c3)CN1CC2,3730.0,4.428291168191312,3.7346400000000033,47.720000000000006,366.50499999999954,8,1,4,True
889,CHEMBL234238,COc1cc2c(cc1OC)[C@@H]1C[C@@H](N)[C@@H](c3ccc(C)c(C)c3)CN1CC2,9380.0,4.027797161620936,3.7346400000000033,47.720000000000006,366.50499999999954,8,1,4,True
890,CHEMBL234048,COc1cc2c(cc1OC)[C@@H]1C[C@H](N)[C@@H](c3ccc(C)cc3)CN1CC2,370.0,5.431798275933005,3.4262200000000025,47.720000000000006,352.47799999999955,7,1,4,True
891,CHEMBL392084,COc1cc2c(cc1OC)[C@@H]1C[C@@H](N)[C@@H](c3ccc(C)cc3)CN1CC2,10590.0,3.975104039892515,3.4262200000000025,47.720000000000006,352.47799999999955,7,1,4,True
892,CHEMBL234047,COc1cc2c(cc1OC)[C@@H]1C[C@H](N)[C@@H](c3ccccn3)CN1CC2,1520.0,4.818156412055227,2.5128000000000004,60.61000000000001,339.43899999999957,6,1,5,True
893,CHEMBL392083,COc1cc2c(cc1OC)[C@@H]1C[C@@H](N)[C@@H](c3ccccn3)CN1CC2,990.0,5.00436480540245,2.5128000000000004,60.61000000000001,339.43899999999957,6,1,5,True
894,CHEMBL234046,COc1cc2c(cc1OC)[C@@H]1CC(N)[C@@H](c3ccccc3)CN1CC2,220.0,5.657577319177793,3.1178000000000017,47.720000000000006,338.45099999999957,6,1,4,True
895,CHEMBL428894,COc1cc2c(cc1OC)[C@@H]1C[C@H](N)[C@@H](c3ccccc3)CN1CC2,200.0,5.698970004336019,3.1178000000000017,47.720000000000006,338.45099999999957,6,1,4,True
896,CHEMBL391037,COc1cc2c(cc1OC)[C@@H]1C[C@@H](N)[C@@H](c3ccccc3)CN1CC2,270.0,5.568636235841013,3.1178000000000017,47.720000000000006,338.45099999999957,6,1,4,True
897,CHEMBL234615,CCCCC1CN(c2cccc3ccccc23)CCC1N,5300.0,4.275724130399211,4.183600000000002,29.259999999999998,282.4309999999995,6,1,2,True
898,CHEMBL397144,CCCCC1CN(c2cccc3c2CCCC3)CCC1N,13600.0,3.866461091629783,3.909200000000002,29.259999999999998,286.4629999999994,6,1,2,True
899,CHEMBL234614,CCCC[C@@H]1CN(c2ccc3ccccc3c2)CC[C@H]1N,9400.0,4.026872146400302,4.183600000000003,29.259999999999998,282.4309999999995,6,1,2,True
900,CHEMBL394507,CCCC[C@H]1CN(c2ccc3ccccc3c2)CC[C@H]1N,1500.0,4.823908740944319,4.183600000000003,29.259999999999998,282.4309999999995,6,1,2,True
901,CHEMBL234613,CCCC[C@H]1CN(c2ccc(Cl)c(Cl)c2)CC[C@H]1N,3300.0,4.481486060122112,4.337200000000004,29.259999999999998,301.26099999999957,6,1,2,True
902,CHEMBL234426,CCCCC1CN(c2ccc(Cl)c(C(F)(F)F)c2)CCC1N,2600.0,4.585026652029182,4.702600000000004,29.259999999999998,334.81299999999965,6,1,2,True
903,CHEMBL443316,CCCC[C@H]1CN(c2ccc(Cl)c(C(F)(F)F)c2)CC[C@H]1N,2800.0,4.552841968657781,4.702600000000004,29.259999999999998,334.81299999999965,6,1,2,True
904,CHEMBL234233,CCCCC1CN(c2cc(OC)cc(C(F)(F)F)c2)CCC1N,8400.0,4.075720713938118,4.057800000000002,38.49,330.39399999999955,8,1,3,True
905,CHEMBL234045,CCCC[C@H]1CN(c2cc(OC)cc(C(F)(F)F)c2)CC[C@H]1N,2100.0,4.6777807052660805,4.057800000000002,38.49,330.39399999999955,8,1,3,True
906,CHEMBL396857,CCCC[C@@H]1CN(c2ccc(Oc3ccccc3)cc2)CC[C@H]1N,15000.0,3.823908740944319,4.822700000000004,38.49,324.4679999999995,8,1,3,True
907,CHEMBL234611,CCCC[C@H]1CN(c2ccc(Oc3ccccc3)cc2)CC[C@H]1N,6300.0,4.200659450546418,4.822700000000004,38.49,324.4679999999995,8,1,3,True
908,CHEMBL234610,CCCC[C@@H]1CN(c2ccccc2)CC[C@H]1N,35700.0,3.447331783887807,3.0304,29.259999999999998,232.3710000000002,6,1,2,True
909,CHEMBL394662,CCCC[C@H]1CN(c2ccccc2)CC[C@H]1N,3500.0,4.455931955649724,3.0304,29.259999999999998,232.3710000000002,6,1,2,True
910,CHEMBL234414,CCCCC1CN(C(c2ccccc2)c2ccccc2)CCC1N,18600.0,3.730487055782084,4.615400000000004,29.259999999999998,322.4959999999994,8,1,2,True
911,CHEMBL234413,CCCCC1CN(C2CCCCC2)CCC1N,45200.0,3.344861565188618,3.158500000000001,29.259999999999998,238.41900000000027,6,1,2,True
912,CHEMBL233564,N[C@H]1C[C@@H](N2Cc3cncnc3C2)CC[C@@H]1c1cc(F)c(F)cc1F,0.67,8.173925197299173,2.873100000000001,55.04,348.3719999999996,3,1,4,True
913,CHEMBL233563,N[C@H]1C[C@@H](N2Cc3cnc(C4CC4)nc3C2)CC[C@@H]1c1cc(F)c(F)cc1F,5.3,7.275724130399211,3.7505000000000024,55.04,388.4369999999996,4,1,4,True
914,CHEMBL392924,N[C@H]1C[C@@H](N2Cc3ccccc3C2)CC[C@@H]1c1cc(F)c(F)cc1F,6.6,7.180456064458132,4.0831000000000035,29.259999999999998,346.39599999999956,3,1,2,True
915,CHEMBL233360,N[C@H]1C[C@@H](N2CCn3c(nnc3C(F)(F)F)C2)CC[C@@H]1c1cc(F)c(F)cc1F,21.0,6.6777807052660805,3.1934000000000013,59.97,419.37299999999976,3,1,5,True
916,CHEMBL234911,Cc1nc(C(=O)[C@@H]2CCCN2C(=O)CNC(C)(C)CO)no1,77.0,6.113509274827518,-0.08777999999999903,108.56,310.3539999999996,10,2,7,True
917,CHEMBL393947,CC(C)(Cc1ccc(F)cc1)NCC(=O)N1C[C@@H](F)C[C@H]1C(=O)c1nnc(C(C)(C)C)o1,25.0,6.6020599913279625,3.238800000000002,88.33,448.51399999999967,9,1,6,True
918,CHEMBL232185,CC(C)(CO)NCC(=O)N1C[C@@H](F)C[C@H]1C(=O)c1nnc(C(C)(C)C)o1,22.0,6.657577319177793,0.8492999999999999,108.56,370.42499999999956,9,2,7,True
919,CHEMBL232759,CC(C)(CO)NCC(=O)N1CCC[C@H]1C(=O)c1nnc(C(C)(C)C)o1,47.0,6.327902142064283,0.9013000000000002,108.56,352.43499999999955,9,2,7,True
920,CHEMBL232572,Cc1nnc(C(=O)[C@@H]2CCCN2C(=O)CNC(C)(C)CO)o1,255.0,5.5934598195660445,-0.08777999999999903,108.56,310.3539999999996,10,2,7,True
921,CHEMBL232571,CC(C)(C)NCC(=O)N1CCC[C@H]1C(=O)c1nnc(C2(C)CCCCC2)o1,10.0,7.0,2.8532,88.33,376.5009999999996,6,1,6,True
922,CHEMBL391645,CC(C)(C)NCC(=O)N1C[C@@H](F)C[C@H]1C(=O)c1nnc(C2CCCCC2)o1,30.0,6.522878745280337,2.6270999999999995,88.33,380.4639999999996,5,1,6,True
923,CHEMBL232570,Cc1cc(C)c(-c2nnc(C(=O)[C@@H]3CCCN3C(=O)CNC(C)(C)C)o2)c(C)c1,17.0,6.769551078621726,3.2236600000000015,88.33,398.5069999999996,8,1,6,True
924,CHEMBL395166,CC(C)(C)NCC(=O)N1CCC[C@H]1C(=O)c1nnc(C(C)(C)C)o1,56.0,6.251811972993799,1.9288999999999996,88.33,336.4359999999996,4,1,6,True
925,CHEMBL399408,CCC(C)(C)c1nnc(C(=O)[C@@H]2C[C@H](F)CN2C(=O)CNC(C)(C)C)o1,20.0,6.698970004336019,2.2670000000000003,88.33,368.4529999999996,9,1,6,True
926,CHEMBL391269,Cc1nnc(C(=O)[C@@H]2CCCN2C(=O)CNC23CC4CC(CC(O)(C4)C2)C3)o1,339.0,5.4698003017969175,1.2250199999999996,108.56,388.4679999999996,7,2,7,True
927,CHEMBL233337,Cc1nnc(C(=O)[C@@H]2CC(F)(F)CN2C(=O)CNC23CC4CC(CC(C4)C2)C3)o1,680.0,5.167491087293763,2.35532,88.33,408.4489999999997,6,1,6,True
928,CHEMBL233136,Cc1nnc(C(=O)[C@@H]2C[C@H](F)CN2C(=O)CNC23CC4CC(CC(C4)C2)C3)o1,53.0,6.275724130399211,2.0581199999999997,88.33,390.45899999999966,6,1,6,True
929,CHEMBL232725,Cc1nnc(C(=O)[C@@H]2CCCN2C(=O)CNC23CC4CC(CC(C4)C2)C3)o1,84.0,6.075720713938118,2.1101199999999993,88.33,372.4689999999996,6,1,6,True
930,CHEMBL232111,Cc1nnc(C(=O)[C@@H]2CSCN2C(=O)CNC23CC4CC(CC(C4)C2)C3)o1,224.0,5.649751981665837,2.020619999999999,88.33,390.5089999999997,6,1,7,True
931,CHEMBL233996,Cc1nc(C(=O)[C@@H]2CCCN2C(=O)CNC23CC4CC(CC(C4)C2)C3)no1,210.0,5.6777807052660805,2.1101199999999993,88.33,372.46899999999954,6,1,6,True
932,CHEMBL232586,CC(C)(C)NCC(=O)N1CCC[C@H]1C(=O)c1noc(C2(C)CCCCC2)n1,95.0,6.022276394711152,2.8532,88.33,376.5009999999995,6,1,6,True
933,CHEMBL399615,CC(C)(C)NCC(=O)N1CCC[C@H]1C(=O)c1noc(-c2ccc(F)cc2)n1,15.0,6.823908740944319,2.4375,88.33,374.41599999999966,5,1,6,True
934,CHEMBL392552,CC(C)(C)NCC(=O)N1C[C@@H](F)C[C@H]1C(=O)c1noc(C(C)(C)C)n1,63.0,6.200659450546418,1.8768999999999991,88.33,354.4259999999996,4,1,6,True
935,CHEMBL232153,CC(C)(Cc1ccc(F)cc1)NCC(=O)N1CCC[C@H]1C(=O)c1ncon1,35.0,6.455931955649724,1.9933,88.33,374.41599999999966,9,1,6,True
936,CHEMBL231698,Cc1nc(C(=O)[C@@H]2CCCN2C(=O)CNC(C)(C)C(=O)O)no1,7939.0,4.100234198055614,0.004520000000000912,125.63000000000001,324.33699999999965,9,2,8,True
937,CHEMBL231697,CC(C)(CO)NCC(=O)N1CCC[C@H]1C(=O)c1noc(C(C)(C)C)n1,223.0,5.651695136951839,0.9012999999999993,108.56,352.43499999999955,9,2,7,True
938,CHEMBL391929,CC(C)(CO)NCC(=O)N1C[C@@H](F)C[C@H]1C(=O)c1noc(C(C)(C)C)n1,67.0,6.173925197299173,0.8492999999999991,108.56,370.42499999999956,9,2,7,True
939,CHEMBL438309,COc1ccccc1[C@@H]1CN(c2nc3c(cc2F)c(=O)c(C(=O)O)cn3C2CC2)C[C@@H]1N,200.0,5.698970004336019,2.5084,110.67999999999999,438.4589999999998,7,2,8,True
940,CHEMBL236507,N[C@H]1CN(c2nc3c(cc2F)c(=O)c(C(=O)O)cn3C2CC2)C[C@H]1c1ccc(F)cc1,140.0,5.853871964321762,2.6389000000000005,101.44999999999999,426.42299999999983,5,2,7,True
941,CHEMBL237568,N[C@H]1CN(c2nc3c(cc2F)c(=O)c(C(=O)O)cn3C2CC2)C[C@H]1c1ccccc1,150.0,5.823908740944319,2.4998000000000005,101.44999999999999,408.4329999999998,5,2,7,True
942,CHEMBL237567,COc1ccccc1[C@H]1CN(c2nc3c(cc2F)c(=O)c(C(=O)O)cn3C2CC2)C[C@@H]1N,2000.0,4.698970004336019,2.5084,110.67999999999999,438.4589999999998,7,2,8,True
943,CHEMBL399409,N[C@H]1CN(c2nc3c(cc2F)c(=O)c(C(=O)O)cn3C2CC2)C[C@H]1c1ccc(Cl)c(Cl)c1,1000.0,5.0,3.806600000000002,101.44999999999999,477.32299999999987,5,2,7,True
944,CHEMBL237758,N[C@H]1CN(c2cc(-c3ccccc3)ncn2)C[C@@H]1c1ccccc1,790.0,5.102372908709558,3.0747000000000018,55.04,316.4079999999997,4,1,4,True
945,CHEMBL392697,N[C@H]1CN(c2cc(-c3cccc(Cl)c3)ncn2)C[C@@H]1c1ccccc1,2900.0,4.537602002101044,3.728100000000003,55.04,350.8529999999998,4,1,4,True
946,CHEMBL235201,COc1ccc(-c2cc(N3C[C@H](c4ccccc4)[C@@H](N)C3)ncn2)cc1,2300.0,4.638272163982407,3.0833000000000004,64.27000000000001,346.4339999999996,6,1,5,True
947,CHEMBL392696,N#Cc1cccc(-c2cc(N3C[C@H](c4ccccc4)[C@@H](N)C3)ncn2)c1,1400.0,4.853871964321762,2.9463800000000004,78.83,341.41799999999967,4,1,5,True
948,CHEMBL236705,N[C@H]1CN(c2cc(-c3ccccc3)ncn2)C[C@@H]1c1cc(F)c(F)cc1F,13.0,6.886056647693163,3.4920000000000027,55.04,370.3779999999997,4,1,4,True
949,CHEMBL237786,COc1ccc(-c2cc(N3C[C@H](c4cc(F)c(F)cc4F)[C@@H](N)C3)ncn2)cn1,6.4,7.1938200260161125,2.895600000000001,77.16000000000001,401.3919999999997,6,1,6,True
950,CHEMBL237785,N[C@H]1CN(c2cc(-c3cccnc3)ncn2)C[C@@H]1c1cc(F)c(F)cc1F,31.0,6.508638306165727,2.8870000000000013,67.93,371.3659999999997,4,1,5,True
951,CHEMBL237569,N[C@H]1CN(c2cc(-c3cccc(O)c3)ncn2)C[C@@H]1c1cc(F)c(F)cc1F,70.0,6.154901959985743,3.1976000000000013,75.27,386.3769999999997,5,2,5,True
952,CHEMBL399207,N[C@H]1CN(c2cc(-c3cccc([N+](=O)[O-])c3)ncn2)C[C@@H]1c1cc(F)c(F)cc1F,120.0,5.920818753952375,3.4002000000000026,98.17999999999999,415.37499999999983,5,1,6,True
953,CHEMBL236719,CC(=O)Nc1cccc(-c2cc(N3C[C@H](c4cc(F)c(F)cc4F)[C@@H](N)C3)ncn2)c1,14.0,6.853871964321762,3.450400000000001,84.14,427.4299999999997,6,2,5,True
954,CHEMBL236508,N[C@H]1CN(c2cc(-c3cccc(C(=O)O)c3)ncn2)C[C@@H]1c1cc(F)c(F)cc1F,5.0,7.301029995663981,3.1902000000000017,92.34,414.3869999999998,5,2,6,True
955,CHEMBL391252,N[C@H]1CN(c2cc(-c3cccc(CO)c3)ncn2)C[C@@H]1c1cc(F)c(F)cc1F,32.0,6.494850021680094,2.984300000000001,75.27,400.4039999999997,6,2,5,True
956,CHEMBL236085,N[C@H]1CN(c2cc(-c3cccc(OC(F)(F)F)c3)ncn2)C[C@@H]1c1cc(F)c(F)cc1F,1300.0,4.886056647693163,4.390600000000003,64.27,454.3739999999998,5,1,5,True
957,CHEMBL236084,N[C@H]1CN(c2cc(-c3cccc(C(F)(F)F)c3)ncn2)C[C@@H]1c1cc(F)c(F)cc1F,71.0,6.1487416512809245,4.510800000000002,55.04,438.3749999999998,4,1,4,True
958,CHEMBL391251,COc1ccc(-c2cc(N3C[C@H](c4cc(F)c(F)cc4F)[C@@H](N)C3)ncn2)cc1,120.0,5.920818753952375,3.500600000000002,64.27000000000001,400.4039999999997,6,1,5,True
959,CHEMBL236923,N[C@H]1CN(c2cc(-c3ccc(F)cc3)ncn2)C[C@@H]1c1cc(F)c(F)cc1F,51.0,6.292429823902063,3.6311000000000027,55.04,388.3679999999997,4,1,4,True
960,CHEMBL391837,CC(=O)c1ccc(-c2cc(N3C[C@H](c4cc(F)c(F)cc4F)[C@@H](N)C3)ncn2)cc1,160.0,5.795880017344075,3.694600000000002,72.11,412.41499999999974,6,1,5,True
961,CHEMBL236922,N#Cc1ccc(-c2cc(N3C[C@H](c4cc(F)c(F)cc4F)[C@@H](N)C3)ncn2)cc1,130.0,5.886056647693163,3.3636800000000013,78.83,395.38799999999975,4,1,5,True
962,CHEMBL412585,N[C@H]1CN(c2cc(-c3ccc(Cl)cc3)ncn2)C[C@@H]1c1cc(F)c(F)cc1F,470.0,5.327902142064283,4.145400000000003,55.04,404.8229999999998,4,1,4,True
963,CHEMBL236714,COc1cccc(-c2cc(N3C[C@H](c4cc(F)c(F)cc4F)[C@@H](N)C3)ncn2)c1,47.0,6.327902142064283,3.5006000000000013,64.27000000000001,400.4039999999997,6,1,5,True
964,CHEMBL237343,N[C@H]1CN(c2cc(-c3cccc(F)c3)ncn2)C[C@@H]1c1cc(F)c(F)cc1F,13.999999999999996,6.853871964321762,3.6311000000000027,55.04,388.3679999999997,4,1,4,True
965,CHEMBL393612,CC(=O)c1cccc(-c2cc(N3C[C@H](c4cc(F)c(F)cc4F)[C@@H](N)C3)ncn2)c1,19.0,6.721246399047171,3.694600000000002,72.11,412.41499999999974,6,1,5,True
966,CHEMBL237342,N#Cc1cccc(-c2cc(N3C[C@H](c4cc(F)c(F)cc4F)[C@@H](N)C3)ncn2)c1,37.0,6.431798275933005,3.3636800000000013,78.83,395.38799999999975,4,1,5,True
967,CHEMBL237341,N[C@H]1CN(c2cc(-c3cccc(Cl)c3)ncn2)C[C@@H]1c1cc(F)c(F)cc1F,190.0,5.721246399047171,4.145400000000003,55.04,404.8229999999998,4,1,4,True
968,CHEMBL393611,COc1ccccc1-c1cc(N2C[C@H](c3cc(F)c(F)cc3F)[C@@H](N)C2)ncn1,180.0,5.7447274948966935,3.5006000000000013,64.27000000000001,400.4039999999997,6,1,5,True
969,CHEMBL391048,N[C@H]1CN(c2cc(-c3ccccc3F)ncn2)C[C@@H]1c1cc(F)c(F)cc1F,57.0,6.2441251443275085,3.6311000000000027,55.04,388.3679999999997,4,1,4,True
970,CHEMBL236707,CC(=O)c1ccccc1-c1cc(N2C[C@H](c3cc(F)c(F)cc3F)[C@@H](N)C2)ncn1,230.0,5.638272163982407,3.694600000000002,72.11,412.41499999999974,6,1,5,True
971,CHEMBL391047,N#Cc1ccccc1-c1cc(N2C[C@H](c3cc(F)c(F)cc3F)[C@@H](N)C2)ncn1,93.0,6.031517051446065,3.3636800000000013,78.83,395.38799999999975,4,1,5,True
972,CHEMBL236706,N[C@H]1CN(c2cc(-c3ccccc3Cl)ncn2)C[C@@H]1c1cc(F)c(F)cc1F,260.0,5.585026652029182,4.145400000000002,55.04,404.8229999999998,4,1,4,True
973,CHEMBL237119,CN(C)C(=O)[C@@H](c1ccc(-c2ccc(F)cc2)cc1)[C@H](N)C(=O)N1CC[C@H](F)C1,0.0119999999999999,9.920818753952377,2.5622000000000007,66.64,401.4569999999996,8,1,3,True
974,CHEMBL237547,CC(=O)N[C@H]1CC[C@H]([C@H](C)[C@H](N)C(=O)N2CC[C@H](F)C2)CC1,16.0,6.795880017344075,1.2151000000000003,75.42999999999999,313.4169999999995,7,2,3,True
975,CHEMBL237337,CN(C)C(=O)[C@@H](c1ccc(-c2ccc3ncnn3c2)cc1)[C@H](N)C(=O)N1CC[C@H](F)C1,4.3,7.366531544420414,1.4658,96.83,424.4799999999997,8,1,6,True
976,CHEMBL237336,C[C@@H](c1ccc(-c2ccc(F)cc2)cc1)[C@H](N)C(=O)N1CC[C@H](F)C1,0.0639999999999999,9.193820026016112,3.493900000000002,46.330000000000005,344.40499999999963,6,1,2,True
977,CHEMBL237152,C[C@@H](C1CCC(c2cccc3ncnn23)CC1)[C@H](N)C(=O)N1CCC(F)(F)C1,28.0,6.552841968657781,2.8341000000000003,76.52,391.46599999999955,6,1,5,True
978,CHEMBL237151,C[C@@H](C1CCC(c2cccnc2)CC1)[C@H](N)C(=O)N1CCC(F)(F)C1,149.99999999999997,5.823908740944319,3.186400000000001,59.22,351.44099999999946,6,1,3,True
979,CHEMBL392524,C[C@@H](C1CCC(c2ccc(F)cc2)CC1)[C@H](N)C(=O)N1CC[C@](C)(F)C1,390.00000000000006,5.4089353929735005,4.023400000000002,46.330000000000005,364.4799999999995,7,1,2,True
980,CHEMBL237997,CN(C)C(=O)[C@@H]([C@H]1CC[C@H](c2cccc3ncnn32)CC1)[C@H](N)C(=O)N1CCC(F)(F)C1,10.50714042925096,6.97851546330341,1.9023999999999992,96.83,448.5179999999996,8,1,6,True
981,CHEMBL237783,CN(C)C(=O)[C@@H]([C@H]1CC[C@@H](c2cccc3ncnn32)CC1)[C@H](N)C(=O)N1CCC(F)(F)C1,669.9999999999999,5.173925197299174,1.9023999999999992,96.83,448.5179999999996,8,1,6,True
982,CHEMBL400841,CN(C)C(=O)[C@@H]([C@H]1CC[C@H](c2cccc3ncnn32)CC1)[C@H](N)C(=O)N1CC[C@H](F)C1,7.733045971672483,7.111649408005794,1.6051999999999995,96.83,430.52799999999957,8,1,6,True
983,CHEMBL237566,CN(C)C(=O)[C@@H]([C@H]1CC[C@@H](c2cccc3ncnn32)CC1)[C@H](N)C(=O)N1CC[C@H](F)C1,819.9999999999997,5.086186147616283,1.6051999999999995,96.83,430.52799999999957,8,1,6,True
984,CHEMBL235199,CN(C)C(=O)[C@@H]([C@H]1CC[C@H](C2CCc3ncnn3C2)CC1)[C@H](N)C(=O)N1CCC(F)(F)C1,119.99999999999996,5.920818753952375,1.5462000000000002,97.35000000000001,452.5499999999995,8,1,6,True
985,CHEMBL235198,CN(C)C(=O)[C@@H]([C@H]1CC[C@@H](C2CCc3ncnn3C2)CC1)[C@H](N)C(=O)N1CCC(F)(F)C1,450.00000000000006,5.346787486224656,1.5462000000000002,97.35000000000001,452.5499999999995,8,1,6,True
986,CHEMBL437557,CN(C)C(=O)[C@@H]([C@H]1CC[C@H](c2ccc3ncnn3c2)CC1)[C@H](N)C(=O)N1CCC(F)(F)C1,129.99999999999997,5.886056647693163,1.9024,96.83,448.5179999999996,8,1,6,True
987,CHEMBL238191,CN(C)C(=O)[C@@H]([C@H]1CC[C@@H](c2ccc3ncnn3c2)CC1)[C@H](N)C(=O)N1CCC(F)(F)C1,129.99999999999997,5.886056647693163,1.9024,96.83,448.5179999999996,8,1,6,True
988,CHEMBL238190,CN(C)C(=O)[C@@H]([C@H]1CC[C@H](c2ccc(F)cc2)CC1)[C@H](N)C(=O)N1CCC(F)(F)C1,289.99999999999994,5.537602002101044,2.998800000000001,66.64,425.4949999999995,8,1,3,True
989,CHEMBL237972,CN(C)C(=O)[C@@H]([C@H]1CC[C@@H](c2ccc(F)cc2)CC1)[C@H](N)C(=O)N1CCC(F)(F)C1,1500.0,4.823908740944319,2.998800000000001,66.64,425.4949999999995,8,1,3,True
990,CHEMBL235223,COc1cc([C@H]2CC[C@H]([C@H](C(=O)N(C)C)[C@H](N)C(=O)N3CCC(F)(F)C3)CC2)nc(OC)n1,1900.0000000000005,4.721246399047171,1.6669000000000003,110.88,469.53299999999956,12,1,7,True
991,CHEMBL235004,COc1cc([C@H]2CC[C@@H]([C@H](C(=O)N(C)C)[C@H](N)C(=O)N3CCC(F)(F)C3)CC2)nc(OC)n1,2699.999999999999,4.568636235841013,1.6669000000000003,110.88,469.53299999999956,12,1,7,True
992,CHEMBL397070,CC[C@@H](C)[C@H](N)C(=O)N1Cc2ccccc2C1,89999.99999999997,3.0457574905606752,1.9022,46.330000000000005,232.32700000000017,6,1,2,True
993,CHEMBL392139,NCC[C@H](N)C(=O)N1CCCC1P(=O)(Oc1ccccc1)Oc1ccccc1,261000.0,2.583359492661719,2.9621000000000013,107.88,403.4189999999997,10,2,6,True
994,CHEMBL236602,N[C@@H](Cc1cnc[nH]1)C(=O)N1CCCC1P(=O)(Oc1ccccc1)Oc1ccccc1,326000.0,2.486782399932061,3.5791000000000013,110.53999999999999,440.43999999999977,9,2,6,True
995,CHEMBL391721,NCCCC[C@H](N)C(=O)N1CCCC1P(=O)(Oc1ccccc1)Oc1ccccc1,117000.0,2.9318141382538383,3.742300000000003,107.88,431.4729999999997,12,2,6,True
996,CHEMBL237673,N[C@@H](CO)C(=O)N1CCCC1P(=O)(Oc1ccccc1)Oc1ccccc1,503000.0,2.2984320149440727,2.6056,102.09,390.37599999999975,9,2,6,True
997,CHEMBL237658,N[C@@H](Cc1ccccc1)C(=O)N1CCCC1P(=O)(Oc1ccccc1)Oc1ccccc1,142000.0,2.8477116556169437,4.856000000000004,81.86000000000001,450.47499999999974,9,1,5,True
998,CHEMBL236586,CC(C)[C@H](N)C(=O)N1CCCC1P(=O)(Oc1ccccc1)Oc1ccccc1,89000.0,3.050609993355087,4.269300000000003,81.86000000000001,402.4309999999997,10,1,5,True
999,CHEMBL399189,NCC(=O)N1CCCC1P(=O)(Oc1ccccc1)Oc1ccccc1,16000.0,3.795880017344075,3.2447000000000026,81.86000000000001,360.3499999999997,7,1,5,True
1000,CHEMBL237500,CC#CCn1c(N2CCC[C@@H](N)C2)nc2c1c(=O)n(Cc1nc(C)c3ccccc3n1)c(=O)n2C,0.816056789942242,8.088279617348656,1.1474199999999997,116.86000000000001,472.55299999999977,7,1,10,True
1001,CHEMBL235133,Cn1c(=O)[nH]c(=O)c2c1nc(N1CCNCC1)n2Cc1ccccc1,3899.9999999999977,4.408935392973501,-0.1187999999999989,87.94999999999999,340.3869999999997,4,2,7,True
1002,CHEMBL237499,CC#CCn1c(N2CCC[C@@H](N)C2)nc2c1c(=O)n(Cc1nc(C)cc3ccccc13)c(=O)n2C,3.0000000000000004,7.522878745280337,1.7524199999999999,103.97000000000003,471.56499999999977,7,1,9,True
1003,CHEMBL391307,CC#CCn1c(N2CCC[C@@H](N)C2)nc2c1c(=O)n(Cc1ccc(OC)cc1)c(=O)n2C,8.0,7.096910013008056,0.9044000000000005,100.31000000000003,436.51599999999974,8,1,9,True
1004,CHEMBL237288,CC#CCn1c(N2CCC[C@H](N)C2)nc2c1c(=O)n(CC(=O)c1ccccc1)c(=O)n2C,9.0,7.045757490560675,0.7304000000000006,108.15,434.4999999999998,7,1,9,True
1005,CHEMBL237287,CC#CCn1c(N2CCC[C@@H](N)C2)nc2c1c(=O)n(CC(=O)c1ccccc1)c(=O)n2C,4.0,7.397940008672037,0.7304000000000006,108.15,434.4999999999998,7,1,9,True
1006,CHEMBL391089,CC(C)=CCn1c(N2CCC[C@H](N)C2)nc2c1c(=O)n(Cc1nccc3ccccc13)c(=O)n2C,2.0,7.698970004336019,2.3869,103.97000000000003,473.58099999999973,9,1,9,True
1007,CHEMBL429450,CC(C)=CCn1c(N2CCC[C@@H](N)C2)nc2c1c(=O)n(Cc1nccc3ccccc13)c(=O)n2C,4.0,7.397940008672037,2.3869,103.97000000000003,473.58099999999973,9,1,9,True
1008,CHEMBL237067,CC(C)=CCn1c(N2CCC[C@H](N)C2)nc2c1c(=O)n(CC(=O)c1ccccc1)c(=O)n2C,4.999999999999999,7.301029995663981,1.6732999999999996,108.15,450.5429999999997,10,1,9,True
1009,CHEMBL237488,CC(C)=CCn1c(N2CCC[C@@H](N)C2)nc2c1c(=O)n(CC(=O)c1ccccc1)c(=O)n2C,1.0488088481701516,7.979303657420887,1.6732999999999996,108.15,450.5429999999997,10,1,9,True
1010,CHEMBL237281,CC(C)=CCn1c(N2CCCC(N)C2)nc2c1c(=O)n(CCc1ccccc1)c(=O)n2C,56.0,6.251811972993799,2.0330999999999997,91.08000000000001,436.55999999999966,10,1,8,True
1011,CHEMBL391634,CC(C)=CCn1c(N2CCCC(N)C2)nc2c1c(=O)n(Cc1ccccc1)c(=O)n2C,284.0,5.546681659952962,1.8386999999999998,91.08000000000001,422.5329999999997,9,1,8,True
1012,CHEMBL237280,CC#CCn1c(N2CCCC(N)C2)nc2c1c(=O)n(C)c(=O)n2C,88.0,6.055517327849832,-0.6154999999999982,91.08000000000001,330.39199999999965,5,1,8,True
1013,CHEMBL237279,CC(C)=CCn1c(N2CCCC(N)C2)nc2c1c(=O)n(C)c(=O)n2C,35.0,6.455931955649724,0.3274000000000017,91.08000000000001,346.4349999999996,8,1,8,True
1014,CHEMBL399216,Cn1c(=O)c2c(nc(N3CCCC(N)C3)n2Cc2ccccc2)n(C)c1=O,82.00000000000001,6.086186147616283,0.4095000000000002,91.08000000000001,368.4409999999997,6,1,8,True
1015,CHEMBL235792,CC#CCn1c(N2CCNCC2)nc2c1c(=O)n(C)c(=O)n2C,200.0,5.698970004336019,-1.1333999999999982,77.09,316.36499999999967,4,1,8,True
1016,CHEMBL235352,CC(C)=CCn1c(N2CCNCC2)nc2c1c(=O)n(C)c(=O)n2C,580.0,5.236572006437063,-0.19049999999999856,77.09,332.40799999999956,7,1,8,True
1017,CHEMBL235134,Cn1c(=O)c2c(nc(N3CCNCC3)n2Cc2ccccc2)n(C)c1=O,2800.0,4.552841968657781,-0.10839999999999916,77.09,354.4139999999997,5,1,8,True
1018,CHEMBL241464,N#Cc1cccnc1N1CCN([C@@H]2CN[C@H](C(=O)N3CCSC3)C2)CC1,1.2,7.920818753952375,0.33868000000000054,75.5,372.49799999999965,3,1,7,True
1019,CHEMBL241253,N#Cc1ccc(N2CCN([C@@H]3CN[C@H](C(=O)N4CCSC4)C3)CC2)nc1,1.6,7.795880017344075,0.33868000000000054,75.5,372.49799999999965,3,1,7,True
1020,CHEMBL241252,O=C([C@@H]1C[C@H](N2CCN(c3ccc(C(F)(F)F)cn3)CC2)CN1)N1CCSC1,1.5,7.823908740944319,1.4858,51.71000000000001,415.4849999999997,3,1,6,True
1021,CHEMBL399610,O=C([C@@H]1C[C@H](N2CCN(c3ccc([N+](=O)[O-])cn3)CC2)CN1)N1CCSC1,0.92,8.036212172654444,0.3752000000000009,94.85,392.4849999999997,4,1,8,True
1022,CHEMBL399405,N#Cc1ccnc(N2CCN([C@@H]3CN[C@H](C(=O)N4CCSC4)C3)CC2)c1,1.6,7.795880017344075,0.33868000000000054,75.5,372.49799999999965,3,1,7,True
1023,CHEMBL239565,O=C([C@@H]1C[C@H](N2CCN(c3ccc(Cl)cn3)CC2)CN1)N1CCSC1,2.5,7.602059991327962,1.1203999999999998,51.71000000000001,381.93299999999965,3,1,6,True
1024,CHEMBL239564,O=C([C@@H]1C[C@H](N2CCN(c3ccncc3)CC2)CN1)N1CCSC1,3.1,7.508638306165727,0.4670000000000008,51.71000000000001,347.4879999999996,3,1,6,True
1025,CHEMBL395854,O=C([C@@H]1C[C@H](N2CCN(c3ccccn3)CC2)CN1)N1CCSC1,2.7,7.568636235841012,0.4670000000000008,51.71000000000001,347.4879999999996,3,1,6,True
1026,CHEMBL238516,O=C([C@@H]1C[C@H](N2CCC(c3ccc([N+](=O)[O-])cc3)CC2)CN1)N1CCSC1,2.3,7.638272163982407,2.0376000000000003,78.72,390.5089999999996,4,1,6,True
1027,CHEMBL395606,O=C([C@@H]1C[C@H](N2CCC(c3ccccc3)CC2)CN1)N1CCSC1,5.6,7.251811972993799,2.1294000000000004,35.580000000000005,345.51199999999955,3,1,4,True
1028,CHEMBL238515,N#Cc1ccc(N2CCN([C@@H]3CN[C@H](C(=O)N4CCSC4)C3)CC2)cc1C#N,1.3,7.886056647693163,0.8153599999999996,86.4,396.5199999999997,3,1,7,True
1029,CHEMBL241246,O=C([C@@H]1C[C@H](N2CCN(c3ccc(Cl)c(Cl)c3)CC2)CN1)N1CCSC1,3.0,7.522878745280337,2.3788,38.82000000000001,415.3899999999997,3,1,5,True
1030,CHEMBL241245,O=C([C@@H]1C[C@H](N2CCN(c3ccc(C(F)(F)F)cc3)CC2)CN1)N1CCSC1,6.8,7.167491087293763,2.0907999999999998,38.82000000000001,414.4969999999997,3,1,5,True
1031,CHEMBL391578,N#Cc1ccc(N2CCN([C@@H]3CN[C@H](C(=O)N4CCSC4)C3)CC2)cc1,4.3,7.366531544420414,0.9436799999999999,62.61000000000001,371.50999999999965,3,1,6,True
1032,CHEMBL239984,O=C([C@@H]1C[C@H](N2CCN(c3ccc(Br)cc3)CC2)CN1)N1CCSC1,8.2,7.086186147616283,1.8344999999999994,38.82000000000001,425.39599999999973,3,1,5,True
1033,CHEMBL239983,O=C([C@@H]1C[C@H](N2CCN(c3ccccc3Cl)CC2)CN1)N1CCSC1,10.8,6.966576244513051,1.7253999999999996,38.82000000000001,380.9449999999996,3,1,5,True
1034,CHEMBL391577,O=C([C@@H]1C[C@H](N2CCN(c3cccc(Cl)c3)CC2)CN1)N1CCSC1,4.1,7.387216143280264,1.7253999999999996,38.82000000000001,380.9449999999996,3,1,5,True
1035,CHEMBL238507,O=C([C@@H]1C[C@H](N2CCN(c3ccc(Cl)cc3)CC2)CN1)N1CCSC1,8.7,7.060480747381382,1.7253999999999996,38.82000000000001,380.9449999999996,3,1,5,True
1036,CHEMBL397893,O=C([C@@H]1C[C@H](N2CCN(c3ccc(F)cc3)CC2)CN1)N1CCSC1,12.2,6.913640169325252,1.2111,38.82000000000001,364.48999999999955,3,1,5,True
1037,CHEMBL240602,O=C([C@@H]1C[C@H](N2CCN(C(c3ccccc3)c3ccccc3)CC2)CN1)N1CCSC1,21.0,6.6777807052660805,2.657000000000001,38.82000000000001,436.62499999999955,5,1,5,True
1038,CHEMBL391433,O=C([C@@H]1C[C@H](N2CCN(Cc3ccccc3)CC2)CN1)N1CCSC1,30.5,6.515700160653214,1.0676000000000005,38.82000000000001,360.52699999999953,4,1,5,True
1039,CHEMBL240601,O=C([C@@H]1C[C@H](N2CCN(c3ccccc3)CC2)CN1)N1CCSC1,10.9,6.962573502059376,1.072,38.82000000000001,346.49999999999955,3,1,5,True
1040,CHEMBL391332,CN1CCN([C@@H]2CN[C@H](C(=O)N3CCSC3)C2)CC1,57.5,6.2403321553103694,-0.5027999999999981,38.82,284.4289999999995,3,1,5,True
1041,CHEMBL241674,O=C([C@@H]1C[C@H](N2CCOCC2)CN1)N1CCSC1,13.9,6.856985199745905,-0.4179999999999984,44.81,271.38599999999974,2,1,5,True
1042,CHEMBL391331,O=C([C@@H]1C[C@H](N2CCCCC2)CN1)N1CCSC1,47.6,6.3223930472795065,0.7357000000000002,35.580000000000005,269.4139999999998,2,1,4,True
1043,CHEMBL241673,O=C([C@@H]1C[C@H](N2CCCC2)CN1)N1CCSC1,127.0,5.896196279044043,0.34560000000000063,35.580000000000005,255.3870000000002,2,1,4,True
1044,CHEMBL534959,Cl.N[C@@H](CC(=O)N1CCCN1)Cc1cc(F)c(F)cc1F,3850.0,4.414539270491499,1.5224999999999997,58.36000000000001,323.7459999999997,5,2,3,True
1045,CHEMBL539611,Cl.N[C@@H](CC(=O)N1CCCCCN1C(=O)c1ccccc1)Cc1cc(F)c(F)cc1F,70.0,6.154901959985743,3.855500000000003,66.64000000000001,455.9079999999997,6,1,3,True
1046,CHEMBL535180,Cl.N[C@@H](CC(=O)N1CCCCN1C(=O)c1ccccc1)Cc1cc(F)c(F)cc1F,50.0,6.301029995663981,3.4654000000000016,66.64000000000001,441.8809999999997,6,1,3,True
1047,CHEMBL539610,Cl.N[C@@H](CC(=O)N1CCCN1C(=O)c1ccccc1)Cc1cc(F)c(F)cc1F,350.0,5.455931955649724,3.0753000000000013,66.64000000000001,427.8539999999997,6,1,3,True
1048,CHEMBL534960,Cc1ccc(S(=O)(=O)N2CCCN2C(=O)C[C@H](N)Cc2cc(F)c(F)cc2F)cc1.Cl,500.0,5.301029995663981,2.9322200000000014,83.71000000000001,477.93599999999975,8,1,4,True
1049,CHEMBL557776,Cl.N[C@@H](CC(=O)N1CCCN1C(=O)Nc1ccccc1)Cc1cc(F)c(F)cc1F,990.0,5.00436480540245,3.4670000000000023,78.67000000000002,442.86899999999974,6,2,3,True
1050,CHEMBL392825,C[C@@H](C1CCC(N(C)C(=O)C2CC2)CC1)[C@H](N)C(=O)N1CC[C@H](F)C1.Cl,46.99999999999999,6.327902142064283,2.3692000000000006,66.64,389.9429999999995,8,1,3,True
1051,CHEMBL245545,CC(=O)N(C)C1CCC([C@H](C)[C@H](N)C(=O)N2CC[C@H](F)C2)CC1.Cl,40.0,6.3979400086720375,1.9790999999999994,66.64,363.90499999999946,8,1,3,True
1052,CHEMBL428747,CC(=O)N(C)C1CCC([C@H](C(=O)N(C)C)[C@H](N)C(=O)N2CC[C@H](F)C2)CC1.Cl,190.0,5.721246399047171,1.047400000000001,86.95,420.9569999999994,10,1,4,True
1053,CHEMBL395696,COc1ccc(C(=O)N(C)C2CCC([C@H](C)[C@H](N)C(=O)N3CC[C@H](F)C3)CC2)cc1.Cl,97.0,6.013228265733755,3.2816000000000023,75.86999999999999,456.00199999999955,10,1,4,True
1054,CHEMBL245380,COc1ccc(C(=O)NC2CCC([C@H](C)[C@H](N)C(=O)N3CC[C@H](F)C3)CC2)cc1.Cl,209.99999999999997,5.6777807052660805,2.9394000000000013,84.65999999999998,441.9749999999995,9,2,4,True
1055,CHEMBL245379,C[C@@H](C1CCC(N(C)C(=O)c2cccc(F)c2)CC1)[C@H](N)C(=O)N1CC[C@H](F)C1.Cl,92.0,6.036212172654444,3.412100000000002,66.64,443.96599999999944,8,1,3,True
1056,CHEMBL246372,C[C@@H](C1CCC(NS(=O)(=O)c2ccc(F)cc2F)CC1)[C@H](N)C(=O)N1CC[C@H](F)C1.Cl,1490.0000000000005,4.826813731587726,2.7575000000000016,92.49999999999999,483.98399999999964,8,2,4,True
1057,CHEMBL395213,Cl.N[C@H](C(=O)N1CC[C@H](F)C1)C1CCC(NS(=O)(=O)c2ccc(F)cc2F)CC1,48.0,6.318758762624412,2.1214,92.5,455.9299999999997,6,2,4,True
1058,CHEMBL246169,CC(=O)N(C)c1ccc([C@H](C)[C@H](N)C(=O)N2CC[C@H](F)C2)cc1.O=C(O)C(F)(F)F,210.0,5.6777807052660805,2.3037999999999994,103.94000000000001,435.41799999999967,8,2,5,True
1059,CHEMBL246168,CC(=O)N(C)c1ccc([C@H](C(=O)N(C)C)[C@H](N)C(=O)N2CC[C@H](F)C2)cc1.O=C(O)C(F)(F)F,150.0,5.823908740944319,1.3721,124.25000000000001,492.46999999999963,10,2,6,True
1060,CHEMBL245971,CC(=O)Nc1ccc([C@H](C)[C@H](N)C(=O)N2CC[C@H](F)C2)cc1.O=C(O)C(F)(F)F,600.0,5.221848749616356,2.2794999999999996,112.73,421.3909999999997,7,3,5,True
1061,CHEMBL245970,CC(=O)Nc1ccc([C@H](C(=O)N(C)C)[C@H](N)C(=O)N2CC[C@H](F)C2)cc1.O=C(O)C(F)(F)F,160.0,5.795880017344075,1.3478000000000003,133.04,478.4429999999997,9,3,6,True
1062,CHEMBL399499,N[C@@H](CC(=O)N1CCn2nc(C(F)(F)F)nc2C1)Cc1cc(F)c(F)cc1F,59.0,6.229147988357856,2.0164999999999997,77.04,407.3179999999998,5,1,5,True
1063,CHEMBL400068,N[C@@H](CC(=O)N1CCn2nc(C(F)(F)F)nc2[C@H]1Cn1cncn1)Cc1cc(F)c(F)cc1F,2.0,7.698970004336019,1.8492999999999995,107.75,488.39599999999984,7,1,8,True
1064,CHEMBL250353,N[C@@H](CC(=O)N1CCn2nc(C(F)(F)F)nc2C1Cn1cncn1)Cc1cc(F)c(F)cc1F,5.0,7.301029995663981,1.8492999999999995,107.75,488.39599999999984,7,1,8,True
1065,CHEMBL250351,N[C@@H](CC(=O)N1CCn2nc(C(F)(F)F)nc2C1Cn1cccn1)Cc1cc(F)c(F)cc1F,4.0,7.397940008672037,2.4543,94.86,487.40799999999984,7,1,7,True
1066,CHEMBL250147,N[C@@H](CC(=O)N1CCn2nc(C(F)(F)F)nc2C1Cn1ccnc1)Cc1cc(F)c(F)cc1F,2.0,7.698970004336019,2.4543,94.86,487.40799999999984,7,1,7,True
1067,CHEMBL249945,N[C@@H](CC(=O)N1CCn2nc(C(F)(F)F)nc2[C@@H]1C(F)C1CC1)Cc1cc(F)c(F)cc1F,17.999999999999996,6.744727494896694,3.3057000000000016,77.04,479.3999999999998,7,1,5,True
1068,CHEMBL404210,N[C@@H](CC(=O)N1CCn2nc(C(F)(F)F)nc2[C@@H]1C(O)C1CC1)Cc1cc(F)c(F)cc1F,14.0,6.853871964321762,2.3285,97.27000000000001,477.4089999999998,8,2,6,True
1069,CHEMBL400722,NC(CC(=O)N1CCn2nc(C(F)(F)F)nc2[C@@H]1C(O)C1CC1)Cc1cc(F)c(F)cc1F,12.0,6.920818753952375,2.3285,97.27000000000001,477.4089999999998,8,2,6,True
1070,CHEMBL400752,N[C@@H](CC(=O)N1CCn2nc(C(F)(F)F)nc2[C@H]1CC1CC1)Cc1cc(F)c(F)cc1F,7.0,7.154901959985743,3.3577000000000012,77.04,461.4099999999998,7,1,5,True
1071,CHEMBL250787,C[C@@H]1c2nc(C(F)(F)F)nn2CCN1C(=O)C[C@H](N)Cc1cc(F)c(F)cc1F,25.0,6.6020599913279625,2.5775000000000006,77.04,421.3449999999998,6,1,5,True
1072,CHEMBL251376,C[C@H]1c2nc(C(F)(F)F)nn2CCN1C(=O)C[C@H](N)Cc1cc(F)c(F)cc1F,274.0,5.562249437179612,2.5775000000000006,77.04,421.3449999999998,6,1,5,True
1073,CHEMBL401057,N[C@@H](CC(=O)N1CCn2nc(-c3ccccc3)nc2C1)Cc1cc(F)c(F)cc1F,68.0,6.167491087293763,2.6647000000000007,77.04,415.4189999999997,6,1,5,True
1074,CHEMBL248936,N[C@@H](CC(=O)N1CCn2nc(C3CC3)nc2C1)Cc1cc(F)c(F)cc1F,71.0,6.1487416512809245,1.8750999999999993,77.04,379.3859999999996,6,1,5,True
1075,CHEMBL248743,N[C@@H](CC(=O)N1CCn2ncnc2C1)Cc1cc(F)c(F)cc1F,100.0,6.0,0.9976999999999996,77.04,339.3209999999997,5,1,5,True
1076,CHEMBL402496,N[C@@H](CC(=O)N1CCc2[nH]c(C(F)(F)F)nc2C1)Cc1cc(F)ccc1F,140.0,5.853871964321762,2.5515000000000008,75.01,388.33999999999975,5,2,3,True
1077,CHEMBL250283,CC1c2nc(C(C)(C)C)n(C)c2CCN1C(=O)C[C@H](N)Cc1cc(F)c(F)cc1F,630.0000000000001,5.200659450546418,3.540700000000002,64.15,422.49499999999955,7,1,4,True
1078,CHEMBL1204389,CC1c2nc(C3CC3)n(C)c2CCN1C(=O)C[C@H](N)Cc1cc(F)c(F)cc1F.Cl,250.0,5.6020599913279625,3.542400000000002,64.15,442.91299999999956,8,1,4,True
1079,CHEMBL400911,CC1c2nc(C3CC3)n(C)c2CCN1C(=O)C[C@H](N)Cc1cc(F)c(F)cc1F,490.0,5.309803919971486,3.1206000000000005,64.15,406.4519999999996,8,1,4,True
1080,CHEMBL248810,Cn1c(C(F)(F)F)nc2c1CCN(C(=O)C[C@H](N)Cc1cc(F)c(F)cc1F)C2C1CC1,340.0000000000001,5.468521082957745,3.6521000000000026,64.15,460.4219999999998,7,1,4,True
1081,CHEMBL400954,Cn1cnc2c1CCN(C(=O)C[C@H](N)Cc1cc(F)c(F)cc1F)C2C(F)(F)F,380.00000000000006,5.42021640338319,2.7856000000000005,64.15,420.3569999999997,6,1,4,True
1082,CHEMBL248615,Cn1c(C(F)(F)F)nc2c1CCN(C(=O)C[C@H](N)Cc1cc(F)c(F)cc1F)C2(C)C,570.0,5.2441251443275085,3.4361000000000024,64.15,448.4109999999998,8,1,4,True
1083,CHEMBL250204,CCC1c2nc(C(F)(F)F)n(C)c2CCN1C(=O)C[C@H](N)Cc1cc(F)c(F)cc1F,610.0000000000002,5.214670164989233,3.6521000000000017,64.15,448.4109999999998,8,1,4,True
1084,CHEMBL250202,CC1c2nc(C(F)(F)F)n(C)c2CCN1C(=O)C[C@H](N)Cc1cc(F)c(F)cc1F,45.0,6.346787486224656,3.2620000000000013,64.15,434.3839999999998,7,1,4,True
1085,CHEMBL250006,CC1c2nc(C(F)(F)F)n(C)c2CCN1C(=O)C[C@H](N)Cc1cc(F)ccc1F,190.0,5.721246399047171,3.1229000000000013,64.15,416.3939999999998,7,1,4,True
1086,CHEMBL398661,Cn1c(-c2ccc(F)cc2)nc2c1CCN(C(=O)C[C@H](N)Cc1cc(F)ccc1F)C2,280.0,5.552841968657781,3.3492000000000015,64.15,428.45799999999974,7,1,4,True
1087,CHEMBL248997,N[C@@H](CC(=O)N1CCc2[nH]c(-c3ccccc3)nc2C1)Cc1cc(F)ccc1F,130.0,5.886056647693163,3.1997000000000018,75.01,396.4409999999997,6,2,3,True
1088,CHEMBL400761,N[C@@H](CC(=O)N1CCc2nc(C(F)(F)F)n(Cc3ccc(F)cc3)c2C1)Cc1cc(F)ccc1F,250.0,5.6020599913279625,4.2123000000000035,64.15,496.4549999999998,7,1,4,True
1089,CHEMBL248788,N[C@@H](CC(=O)N1CCc2c(nc(C(F)(F)F)n2Cc2ccc(F)cc2)C1)Cc1cc(F)ccc1F,250.0,5.6020599913279625,4.2123000000000035,64.15,496.4549999999998,7,1,4,True
1090,CHEMBL429829,CC(C)Cn1c(C(F)(F)F)nc2c1CN(C(=O)C[C@H](N)Cc1cc(F)ccc1F)CC2,260.0,5.585026652029182,3.680900000000002,64.15,444.44799999999975,9,1,4,True
1091,CHEMBL400278,CC(C)Cn1c(C(F)(F)F)nc2c1CCN(C(=O)C[C@H](N)Cc1cc(F)ccc1F)C2,220.0,5.657577319177793,3.680900000000002,64.15,444.44799999999975,9,1,4,True
1092,CHEMBL398492,CCn1c(C(F)(F)F)nc2c1CN(C(=O)C[C@H](N)Cc1cc(F)ccc1F)CC2,230.0,5.638272163982407,3.044800000000002,64.15,416.3939999999998,7,1,4,True
1093,CHEMBL251405,CCn1c(C(F)(F)F)nc2c1CCN(C(=O)C[C@H](N)Cc1cc(F)ccc1F)C2,180.0,5.7447274948966935,3.0448000000000013,64.15,416.3939999999997,7,1,4,True
1094,CHEMBL251404,Cn1c(C(F)(F)F)nc2c1CN(C(=O)C[C@H](N)Cc1cc(F)ccc1F)CC2,130.0,5.886056647693163,2.5619000000000014,64.15,402.3669999999998,6,1,4,True
1095,CHEMBL251205,Cn1c(C(F)(F)F)nc2c1CCN(C(=O)C[C@H](N)Cc1cc(F)ccc1F)C2,150.0,5.823908740944319,2.5619000000000014,64.15,402.3669999999998,6,1,4,True
1096,CHEMBL249427,N[C@H]1CN(C(=O)c2ccc(-n3cnnn3)cc2)C[C@H]1C(=O)N1CCCC1,30.0,6.522878745280337,-0.3159999999999994,110.24,355.4019999999997,4,1,7,True
1097,CHEMBL401269,N[C@H]1CN(C(=O)c2cc3cc(Cl)ccc3o2)C[C@H]1C(=O)N1CCCC1,86.0,6.0655015487564325,2.1079,79.77999999999999,361.8289999999997,3,1,4,True
1098,CHEMBL401378,Cc1cc(CN2C[C@H](N)[C@H](C(=O)C3CCC[C@H]3C#N)C2)ccc1-n1cncn1,46.0,6.337242168318426,1.8437999999999994,100.83000000000001,378.4799999999996,7,1,7,True
1099,CHEMBL428936,N[C@H]1CN(C(=O)c2cnc3ccccc3n2)C(=O)[C@H]1C(=O)N1CCCC1,65.0,6.187086643357144,0.1780999999999986,109.49,353.3819999999997,3,1,6,True
1100,CHEMBL250620,Cc1cc(-n2cncn2)ccc1CN1C[C@H](N)[C@H](C(=O)C2CCC[C@H]2C#N)C1,3.8,7.42021640338319,1.8437999999999999,100.82999999999998,378.4799999999997,7,1,7,True
1101,CHEMBL248838,N[C@H]1CN(C(=O)c2ccc3ccccc3c2)C[C@H]1C(=O)N1CCCC1,79.0,6.102372908709558,1.8615,66.64,337.4229999999996,3,1,3,True
1102,CHEMBL248837,N[C@H]1CN(C(=O)c2cc3ccccc3s2)C[C@H]1C(=O)N1CCCC1,62.0,6.2076083105017466,1.9229999999999994,66.64,343.45199999999966,3,1,4,True
1103,CHEMBL249826,N[C@H]1CN(C(=O)c2cnc3ccccc3c2)C[C@H]1C(=O)N1CCCC1,49.0,6.309803919971486,1.256499999999999,79.52999999999999,338.4109999999996,3,1,4,True
1104,CHEMBL249825,N[C@H]1CN(C(=O)c2cc3ccccc3cn2)C[C@H]1C(=O)N1CCCC1,47.0,6.327902142064283,1.256499999999999,79.52999999999999,338.4109999999996,3,1,4,True
1105,CHEMBL399247,N[C@H]1CN(C(=O)c2ccc3ncsc3c2)C[C@H]1C(=O)N1CCCC1,42.0,6.376750709602099,1.3179999999999996,79.52999999999999,344.4399999999997,3,1,5,True
1106,CHEMBL401268,N[C@H]1CN(C(=O)c2ccc(-n3cncn3)cc2)C[C@H]1C(=O)N1CCCC1,40.0,6.3979400086720375,0.28899999999999904,97.35000000000001,354.41399999999965,4,1,6,True
1107,CHEMBL249620,N[C@H]1CN(C(=O)c2ccc3ncccc3c2)C[C@H]1C(=O)N1CCCC1,38.0,6.42021640338319,1.256499999999999,79.52999999999999,338.4109999999996,3,1,4,True
1108,CHEMBL250611,N[C@H]1CN(Cc2ccc(-c3csnn3)cc2)C[C@H]1C(=O)N1CCCC1,91.0,6.040958607678906,1.5865999999999996,75.35,357.48299999999966,5,1,6,True
1109,CHEMBL399693,CC(c1ccc([N+](=O)[O-])cc1)N1C[C@H](N)[C@H](C(=O)N2CCCC2)C1,83.0,6.080921907623926,1.5372999999999997,92.71,332.40399999999966,6,1,5,True
1110,CHEMBL250400,N#Cc1ccc(CN2C[C@H](N)[C@H](C(=O)N3CCCC3)C2)cc1,81.0,6.091514981121351,0.9397799999999996,73.36,298.3899999999996,4,1,4,True
1111,CHEMBL428937,N[C@H]1CN(Cc2ccc(F)c(F)c2)C[C@H]1C(=O)N1CCCC1,80.0,6.096910013008056,1.3462999999999996,49.57,309.3599999999996,4,1,3,True
1112,CHEMBL250399,N#Cc1cc(CN2C[C@H](N)[C@H](C(=O)N3CCCC3)C2)ccc1F,78.0,6.107905397309519,1.0788799999999996,73.36,316.3799999999996,4,1,4,True
1113,CHEMBL249174,N[C@H]1CN(Cc2ccc(-n3cncn3)cc2)C[C@H]1C(=O)N1CCCC1,69.0,6.161150909262744,0.6487999999999992,80.27999999999999,340.4309999999996,5,1,6,True
1114,CHEMBL250393,N[C@H]1CN(Cc2ccc(-n3cnnn3)cc2)C[C@H]1C(=O)N1CCCC1,50.0,6.301029995663981,0.04379999999999984,93.17,341.41899999999964,5,1,7,True
1115,CHEMBL250852,N[C@H]1CN(Cc2cnc3ccccc3c2)C[C@H]1C(=O)N1CCCC1,27.0,6.568636235841013,1.616299999999999,62.46,324.4279999999996,4,1,4,True
1116,CHEMBL248795,N#C[C@@H]1CCCN1C(=O)[C@@H]1CN(Cc2cnc3ccccc3c2)C[C@@H]1N,6.2,7.207608310501746,1.5084799999999996,86.25,349.43799999999965,4,1,5,True
1117,CHEMBL400338,N#C[C@@H]1CCCN1C(=O)[C@@H]1CN(Cc2ccc(-n3nccn3)cc2)C[C@@H]1N,5.4,7.267606240177032,0.5409799999999999,104.07,365.44099999999963,5,1,7,True
1118,CHEMBL248794,Cc1ncn(-c2ccc(CN3C[C@H](N)[C@H](C(=O)N4CCC[C@H]4C#N)C3)cc2)n1,5.3,7.275724130399211,0.8494000000000002,104.07000000000001,379.4679999999996,6,1,7,True
1119,CHEMBL438520,N#Cc1cc(CN2C[C@H](N)[C@H](C(=O)N3CCC[C@H]3C#N)C2)ccc1F,3.6,7.443697499232712,0.97106,97.15,341.38999999999965,4,1,5,True
1120,CHEMBL248793,Cn1nccc1-c1ccc(CN2C[C@H](N)[C@H](C(=O)N3CCC[C@H]3C#N)C2)cc1,3.3,7.481486060122113,1.3607800000000005,91.18,378.4799999999996,6,1,6,True
1121,CHEMBL399525,N#C[C@@H]1CCCN1C(=O)[C@@H]1CN(Cc2ccc(-n3cncn3)cc2)C[C@@H]1N,3.2,7.494850021680094,0.5409799999999999,104.07,365.44099999999963,5,1,7,True
1122,CHEMBL248599,N#Cc1ccc(CN2C[C@H](N)[C@H](C(=O)N3CCC[C@H]3C#N)C2)cc1,2.4,7.619788758288394,0.83196,97.15,323.39999999999964,4,1,5,True
1123,CHEMBL249407,N#C[C@@H]1CCCN1C(=O)[C@@H]1CN(Cc2ccc(-c3csnn3)cc2)C[C@@H]1N,10.0,7.0,1.4787799999999998,99.14,382.49299999999965,5,1,7,True
1124,CHEMBL249406,Cn1cc(-c2ccc(CN3C[C@H](N)[C@H](C(=O)N4CCC[C@H]4C#N)C3)cc2)cn1,10.0,7.0,1.3607799999999997,91.17999999999999,378.4799999999996,6,1,6,True
1125,CHEMBL399726,Cc1nnc(-c2ccc(CN3C[C@H](N)[C@H](C(=O)N4CCC[C@H]4C#N)C3)cc2)o1,8.5,7.070581074285707,1.3187000000000002,112.28000000000002,380.45199999999966,6,1,7,True
1126,CHEMBL249203,N#C[C@@H]1CCCN1C(=O)[C@@H]1CN(Cc2ccc(-c3ccn[nH]3)cc2)C[C@@H]1N,6.7,7.173925197299173,1.3503799999999997,102.04,364.4529999999996,5,2,5,True
1127,CHEMBL249602,Cc1nnc(-c2ccc(CN3C[C@H](N)[C@H](C(=O)C4[C@H](C#N)CC[C@@H]4F)C3)cc2)o1,5.3,7.275724130399211,2.2611,109.04,397.45399999999967,7,1,7,True
1128,CHEMBL249601,CC(c1ccc(C#N)cc1)N1C[C@H](N)[C@H](C(=O)N2CCC[C@H]2C#N)C1,5.5,7.259637310505756,1.3929599999999998,97.15,337.4269999999996,5,1,5,True
1129,CHEMBL400533,N#C[C@@H]1CCCC1C(=O)[C@@H]1CN(C2CCOc3ccccc32)C[C@@H]1N,3.5,7.455931955649724,2.27828,79.35,339.43899999999957,4,1,5,True
1130,CHEMBL249408,N#Cc1ccc2c(c1)CCC2N1C[C@H](N)[C@H](C(=O)C2CCC[C@H]2C#N)C1,3.4,7.468521082957745,2.3136600000000005,93.91,348.4499999999996,4,1,5,True
1131,CHEMBL400532,CC(c1ccc(-n2cncn2)cc1)N1C[C@H](N)[C@H](C(=O)C2CCC[C@H]2C#N)C1,3.0,7.522878745280337,2.09638,100.82999999999998,378.4799999999996,7,1,7,True
1132,CHEMBL429482,CCc1cc(CN2C[C@H](N)[C@H](C(=O)C3CCC[C@H]3C#N)C2)cc(CC)c1C#N,4.7,7.327902142064283,2.9511600000000007,93.91,378.5199999999996,9,1,5,True
1133,CHEMBL399791,Cc1cc(CN2C[C@H](N)[C@H](C(=O)C3CCC[C@H]3C#N)C2)cc(C)c1C#N,1.1,7.958607314841775,2.4432,93.91,350.4659999999996,7,1,5,True
1134,CHEMBL429115,Cc1cc(CN2C[C@H](N)[C@H](C(=O)C3CCC[C@H]3C#N)C2)ccc1C#N,1.3,7.886056647693163,2.1347799999999992,93.91,336.4389999999996,6,1,5,True
1135,CHEMBL537000,C=CCC1c2nnc(C(F)(F)F)n2CCN1C(=O)C[C@H](N)Cc1cc(F)c(F)cc1F.Cl,1.5,7.823908740944319,3.5555000000000025,77.04,483.8439999999998,7,1,5,True
1136,CHEMBL556606,CCC1c2nnc(C(F)(F)F)n2CCN1C(=O)C[C@H](N)Cc1cc(F)c(F)cc1F.Cl,113.00000000000004,5.94692155651658,3.3894000000000024,77.04,471.83299999999974,7,1,5,True
1137,CHEMBL536089,CC1c2nnc(C(F)(F)F)n2C(C)CN1C(=O)C[C@H](N)Cc1cc(F)c(F)cc1F.Cl,100.00000000000004,6.0,3.560300000000002,77.04,471.83299999999974,7,1,5,True
1138,CHEMBL536311,C[C@@H]1c2nnc(C(F)(F)F)n2[C@H](C)CN1C(=O)C[C@H](N)Cc1cc(F)c(F)cc1F.Cl,12.0,6.920818753952375,3.560300000000002,77.04,471.83299999999974,7,1,5,True
1139,CHEMBL557219,C[C@H]1c2nnc(C(F)(F)F)n2[C@@H](C)CN1C(=O)C[C@H](N)Cc1cc(F)c(F)cc1F.Cl,209.0,5.679853713888946,3.560300000000002,77.04,471.83299999999974,7,1,5,True
1140,CHEMBL536088,CC1(C)c2nnc(C(F)(F)F)n2CCN1C(=O)C[C@H](N)Cc1cc(F)c(F)cc1F.Cl,175.0,5.756961951313706,3.1734000000000013,77.04,471.83299999999974,7,1,5,True
1141,CHEMBL536765,CC1(C)CN(C(=O)C[C@H](N)Cc2cc(F)c(F)cc2F)Cc2nnc(C(F)(F)F)n21.Cl,92.0,6.036212172654444,3.1734000000000013,77.03999999999999,471.83299999999963,7,1,5,True
1142,CHEMBL558779,C[C@@H]1c2nnc(C(F)(F)F)n2CCN1C(=O)C[C@H](N)Cc1cc(F)c(F)cc1F.Cl,4.3,7.366531544420414,2.999300000000001,77.04,457.8059999999998,6,1,5,True
1143,CHEMBL557542,C[C@H]1c2nnc(C(F)(F)F)n2CCN1C(=O)C[C@H](N)Cc1cc(F)c(F)cc1F.Cl,88.0,6.055517327849832,2.999300000000001,77.04,457.8059999999998,6,1,5,True
1144,CHEMBL553787,C[C@@H]1Cn2c(nnc2C(F)(F)F)CN1C(=O)C[C@H](N)Cc1cc(F)c(F)cc1F.Cl,42.0,6.376750709602099,2.826800000000001,77.04,457.8059999999998,6,1,5,True
1145,CHEMBL557990,C[C@H]1Cn2c(nnc2C(F)(F)F)CN1C(=O)C[C@H](N)Cc1cc(F)c(F)cc1F.Cl,91.0,6.040958607678906,2.826800000000001,77.04,457.8059999999998,6,1,5,True
1146,CHEMBL2021529,C[C@@H]1CN(C(=O)C[C@H](N)Cc2cc(F)c(F)cc2F)Cc2ccc(C(F)(F)F)n21.Cl,14.0,6.853871964321762,4.209300000000003,51.26,455.8299999999997,6,1,3,True
1147,CHEMBL2021541,C[C@H]1CN(C(=O)C[C@H](N)Cc2cc(F)c(F)cc2F)Cc2ccc(C(F)(F)F)n21.Cl,23.0,6.638272163982407,4.209300000000003,51.26,455.8299999999997,6,1,3,True
1148,CHEMBL1431,CN(C)C(=N)NC(=N)N,29000.0,3.537602002101044,-1.034159999999999,88.99000000000001,129.16699999999997,2,4,2,True
1149,CHEMBL269952,Cc1nsc(N2CCN(C(=O)[C@H]3C[C@@H](C(=O)N4CCSC4)N[C@H]3C)CC2)n1,41.00000000000001,6.3872161432802645,0.3946200000000011,81.67,410.5689999999996,5,1,8,True
1150,CHEMBL269953,Cc1nsc(N2CCN(C(=O)[C@H]3C[C@@H](C(=O)N4CCCC4)N[C@H]3C)CC2)n1,34.99999999999999,6.455931955649724,0.48412000000000105,81.67,392.5289999999996,5,1,7,True
1151,CHEMBL403449,Cc1nsc(N2CCN(C(=O)[C@@H]3CN[C@H](C(=O)N4CCSC4)C3)CC2)n1,43.99999999999999,6.356547323513813,0.0061200000000012356,81.67,396.5419999999997,4,1,8,True
1152,CHEMBL270163,O=C([C@@H]1CN[C@H](C(=O)N2CCCC2)C1)N1CCN(c2nc(C(F)(F)F)ns2)CC1,77.00000000000001,6.113509274827518,0.8059999999999992,81.67,432.47199999999964,3,1,7,True
1153,CHEMBL269965,COCc1nsc(N2CCN(C(=O)[C@@H]3CN[C@H](C(=O)N4CCCC4)C3)CC2)n1,40.0,6.3979400086720375,-0.0663999999999978,90.9,408.5279999999996,6,1,8,True
1154,CHEMBL402645,CC(C)c1nsc(N2CCN(C(=O)[C@@H]3CN[C@H](C(=O)N4CCCC4)C3)CC2)n1,149.99999999999997,5.823908740944319,0.910600000000001,81.67,406.5559999999996,6,1,7,True
1155,CHEMBL437592,CCCc1nsc(N2CCN(C(=O)[C@@H]3CN[C@H](C(=O)N4CCCC4)C3)CC2)n1,85.99999999999997,6.0655015487564325,0.7397000000000016,81.67,406.5559999999996,6,1,7,True
1156,CHEMBL271444,CCc1nsc(N2CCN(C(=O)[C@@H]3CN[C@H](C(=O)N4CCCC4)C3)CC2)n1,92.0,6.036212172654444,0.349600000000001,81.67,392.5289999999996,5,1,7,True
1157,CHEMBL403969,O=C([C@@H]1CN[C@H](C(=O)N2CCCC2)C1)N1CCN(c2ncns2)CC1,57.99999999999999,6.236572006437063,-0.21279999999999943,81.67,364.4749999999996,3,1,7,True
1158,CHEMBL270395,Cc1nc(N2CCN(C(=O)[C@@H]3CN[C@H](C(=O)N4CCCC4)C3)CC2)no1,1300.0,4.886056647693163,-0.3728799999999981,94.81,362.4339999999996,4,1,7,True
1159,CHEMBL403970,Cc1ncc(N2CCN(C(=O)[C@@H]3CN[C@H](C(=O)N4CCCC4)C3)CC2)s1,620.0000000000002,5.207608310501746,0.7006199999999996,68.78,377.5139999999996,4,1,6,True
1160,CHEMBL271870,Cc1nc(N2CCN(C(=O)[C@@H]3CN[C@H](C(=O)N4CCCC4)C3)CC2)sc1C,1900.0000000000005,4.721246399047171,1.0090400000000008,68.78,391.5409999999996,5,1,6,True
1161,CHEMBL439067,Cc1cnc(N2CCN(C(=O)[C@@H]3CN[C@H](C(=O)N4CCCC4)C3)CC2)s1,1099.9999999999995,4.958607314841775,0.7006199999999996,68.78,377.5139999999996,4,1,6,True
1162,CHEMBL272079,Cc1cc(N2CCN(C(=O)[C@@H]3CN[C@H](C(=O)N4CCCC4)C3)CC2)sn1,209.99999999999997,5.6777807052660805,0.7006199999999996,68.78,377.5139999999996,4,1,6,True
1163,CHEMBL273206,Cc1csc(N2CCN(C(=O)[C@@H]3CN[C@H](C(=O)N4CCCC4)C3)CC2)n1,149.99999999999997,5.823908740944319,0.7006200000000005,68.78,377.5139999999996,4,1,6,True
1164,CHEMBL404159,Cc1nsc(C2CCN(C(=O)[C@@H]3CN[C@H](C(=O)N4CCCC4)C3)CC2)n1,970.0000000000002,5.013228265733755,1.1530199999999997,78.43,377.5139999999996,4,1,6,True
1165,CHEMBL257742,Cc1nsc(N2CCCN(C(=O)[C@@H]3CN[C@H](C(=O)N4CCCC4)C3)CC2)n1,970.0000000000002,5.013228265733755,0.4857200000000008,81.67,392.5289999999996,4,1,7,True
1166,CHEMBL256691,Cc1nsc(N2CCN(C(=O)[C@@H]3CN[C@H](C(=O)N4CCCC4)C3)CC2)n1,79.99999999999997,6.096910013008056,0.09562000000000115,81.67,378.50199999999967,4,1,7,True
1167,CHEMBL258101,O=C([C@@H]1CN[C@H](C(=O)N2CCCC2)C1)N1CCN(c2nc(-c3ccccc3)ns2)CC1,420.0,5.376750709602099,1.4542,81.67,440.5729999999997,4,1,7,True
1168,CHEMBL271062,CN(C)C(=O)[C@@H]1CN[C@H](C(=O)N2CCCC2)C1,670.0,5.173925197299173,-0.32489999999999863,52.650000000000006,239.31900000000016,4,1,3,True
1169,CHEMBL258288,O=C(c1nccs1)[C@@H]1CCCN1C(=O)[C@@H]1C[C@@H]2CCCC[C@@H]2N1,44.0,6.356547323513812,2.2375,62.300000000000004,333.4569999999996,3,1,5,True
1170,CHEMBL402236,N[C@H](C(=O)N1CC[C@H]1C(=O)c1nccs1)C1CCCCC1,30.0,6.522878745280337,1.8342999999999998,76.29,307.41899999999964,5,1,5,True
1171,CHEMBL256871,N[C@H](C(=O)N1CCC[C@H]1C(=O)c1nccs1)C1CCCCC1,42.0,6.376750709602099,2.2244,76.29,321.44599999999963,5,1,5,True
1172,CHEMBL402151,N[C@H](C(=O)N1CC[C@H]1C(=O)c1nc2ccccc2s1)C1CCCCC1,42.0,6.376750709602099,2.9875000000000016,76.29,357.47899999999964,5,1,5,True
1173,CHEMBL271694,N[C@H](C(=O)N1CCC[C@H]1C(=O)c1nc2ccccc2s1)C1CCCCC1,50.0,6.301029995663981,3.377600000000002,76.29,371.50599999999963,5,1,5,True
1174,CHEMBL269926,O=C(c1cccs1)[C@@H]1CCCN1C(=O)[C@@H]1C[C@@H]2CCCC[C@@H]2N1,50000.0,3.3010299956639813,2.842500000000001,49.410000000000004,332.4689999999996,3,1,4,True
1175,CHEMBL403160,O=C(c1ccccn1)[C@@H]1CCCN1C(=O)[C@@H]1C[C@@H]2CCCC[C@@H]2N1,2000.0,4.698970004336019,2.176,62.300000000000004,327.42799999999954,3,1,4,True
1176,CHEMBL365441,O=C(c1nc2ccccc2s1)[C@@H]1CCN1C(=O)[C@@H]1C[C@@H]2CCCC[C@@H]2N1,80.0,6.096910013008056,3.0006000000000013,62.300000000000004,369.48999999999967,3,1,5,True
1177,CHEMBL404030,O=C(c1nc2ccccc2s1)[C@@H]1CCCN1C(=O)[C@@H]1C[C@@H]2CCCC[C@@H]2N1,30.0,6.522878745280337,3.3907000000000016,62.300000000000004,383.51699999999965,3,1,5,True
1178,CHEMBL257709,CC(c1nc(-c2ccc(S(C)(=O)=O)cc2)no1)[C@H](N)C(F)=C1CCCC1.O=C(O)C(F)(F)F,90.0,6.045757490560675,4.001800000000002,136.38,493.4789999999997,8,2,8,True
1179,CHEMBL403415,C[C@H](c1nc(-c2ccc(S(C)(=O)=O)cc2)no1)[C@H](N)C(=O)N1CCCC1.O=C(O)C(F)(F)F,122.0,5.913640169325252,1.8265999999999996,156.69,492.4759999999997,8,2,9,True
1180,CHEMBL257036,NCc1ccccc1-c1ccccc1,30000.000000000007,3.5228787452803374,2.8123000000000014,26.02,183.25400000000008,3,1,1,True
1181,CHEMBL273209,Cn1cnc2cc(C(N)=O)c(-c3ccccc3Cl)c(CN)c21,32.0,6.494850021680094,2.4513,86.93,314.7759999999997,5,2,4,True
1182,CHEMBL272114,Cn1cnc2cc(C#N)c(-c3ccccc3Cl)c(CN)c21,7.999999999999998,7.096910013008056,3.2240800000000016,67.63,296.76099999999974,4,1,4,True
1183,CHEMBL257653,Cn1cnc2cc(Br)c(-c3ccccc3Cl)c(CN)c21,50.0,6.301029995663981,4.114900000000002,43.84,350.64699999999976,4,1,3,True
1184,CHEMBL257852,Cn1c(=O)[nH]c2ccc(-c3ccccc3Cl)c(CN)c21,52.0,6.2839966563652006,2.6456999999999997,63.81,287.7499999999997,4,2,3,True
1185,CHEMBL256266,Cn1nnc2ccc(-c3ccccc3Cl)c(CN)c21,61.0,6.214670164989233,2.7474,56.730000000000004,272.73899999999975,4,1,4,True
1186,CHEMBL261246,Cn1c(-c2cccnc2)nc2ccc(-c3ccccc3Cl)c(CN)c21,11.0,6.958607314841775,4.414400000000002,56.730000000000004,348.8369999999997,5,1,4,True
1187,CHEMBL263137,COCc1nc2ccc(-c3ccccc3Cl)c(CN)c2n1C,66.0,6.180456064458132,3.498800000000001,53.07,315.8039999999997,7,1,4,True
1188,CHEMBL263139,CCc1nc2ccc(-c3ccccc3Cl)c(CN)c2n1C,97.0,6.013228265733755,3.9148000000000023,43.839999999999996,299.80499999999967,6,1,3,True
1189,CHEMBL257636,Cc1nc2ccc(-c3ccccc3Cl)c(CN)c2n1C,160.0,5.795880017344075,3.660820000000002,43.839999999999996,285.7779999999997,5,1,3,True
1190,CHEMBL403156,NCc1c(-c2ccccc2Cl)ccc2ncn(Cc3ccccc3)c12,102.0,5.991399828238082,4.863700000000002,43.839999999999996,347.84899999999976,5,1,3,True
1191,CHEMBL401542,NCc1c(-c2ccccc2Cl)ccc2ncn(CCO)c12,96.0,6.017728766960431,2.807700000000001,64.07,301.7769999999997,6,2,4,True
1192,CHEMBL257308,CCn1cnc2ccc(-c3ccc(Cl)cc3Cl)c(CN)c21,66.0,6.180456064458132,4.488700000000002,43.84,320.22299999999973,5,1,3,True
1193,CHEMBL404544,NCc1c(-c2ccc(Cl)cc2Cl)ccc2nc[nH]c12,630.0,5.200659450546418,3.995400000000002,54.699999999999996,292.16899999999976,3,2,2,True
1194,CHEMBL406201,Cn1cnc2ccc(-c3ccc(F)cc3F)c(CN)c21,790.0,5.102372908709558,2.9772000000000007,43.84,273.2859999999997,4,1,3,True
1195,CHEMBL272771,Cn1cnc2ccc(-c3cc(F)ccc3Cl)c(CN)c21,320.0,5.494850021680094,3.491500000000001,43.84,289.7409999999997,4,1,3,True
1196,CHEMBL255552,Cn1cnc2ccc(-c3ccc(Cl)cc3Cl)c(CN)c21,62.0,6.2076083105017466,4.0058000000000025,43.84,306.19599999999974,4,1,3,True
1197,CHEMBL256625,Cc1ccccc1-c1ccc2ncn(C)c2c1CN,98.0,6.008773924307505,3.0074199999999998,43.84,251.33300000000014,5,1,3,True
1198,CHEMBL256624,Cn1cnc2ccc(-c3ccccc3O)c(CN)c21,1600.0,4.795880017344075,2.4046,64.07,253.3050000000001,5,2,4,True
1199,CHEMBL428065,COc1ccccc1-c1ccc2ncn(C)c2c1CN,2000.0,4.698970004336019,2.7075999999999993,53.07,267.3319999999998,6,1,4,True
1200,CHEMBL256826,Cn1cnc2ccc(-c3ccccc3C(N)=O)c(CN)c21,4000.0,4.3979400086720375,1.7978999999999998,86.93,280.3309999999997,5,2,4,True
1201,CHEMBL270365,Cn1cnc2ccc(-c3ccccc3Cl)c(CN)c21,63.0,6.200659450546418,3.352400000000001,43.84,271.7509999999997,4,1,3,True
1202,CHEMBL256252,Cn1cnc2ccc(-c3ccccc3CO)c(CN)c21,400.0,5.3979400086720375,2.1912999999999996,64.07,267.33199999999977,6,2,4,True
1203,CHEMBL403862,Cn1cnc2c(CN)c(-c3ccccc3)ccc21,40000.0,3.397940008672037,2.6990000000000007,43.84,237.3060000000001,4,1,3,True
1204,CHEMBL255769,Cn1cnc2ccc(-c3ccccc3)c(CN)c21,1000.0,5.0,2.699,43.84,237.3060000000001,4,1,3,True
1205,CHEMBL255554,NCc1c(-c2ccccc2)ccc2nc[nH]c12,12000.0,3.9208187539523753,2.6886,54.699999999999996,223.27900000000008,3,2,2,True
1206,CHEMBL406219,CCN(CC#N)C(=O)[C@@H]1C[C@H](C(=O)NCc2ccccc2)[C@H](C)N1,51.0,6.292429823902063,1.0414799999999995,85.23,328.41599999999954,8,2,4,True
1207,CHEMBL438547,CCN(CC#N)C(=O)[C@@H]1C[C@H](C(=O)N2Cc3ccccc3C2)[C@H](C)N1,11.0,6.958607314841775,1.2674799999999997,76.44,340.42699999999957,6,1,4,True
1208,CHEMBL402466,CCN(CC#N)C(=O)[C@@H]1C[C@H](C(=O)N2CCOCC2)[C@H](C)N1,24.0,6.619788758288394,-0.41611999999999755,85.67,308.38199999999955,6,1,5,True
1209,CHEMBL260509,CCN(CC#N)C(=O)[C@@H]1C[C@H](C(=O)N2CCCCC2)[C@H](C)N1,17.0,6.769551078621726,0.7375800000000001,76.44,306.40999999999946,6,1,4,True
1210,CHEMBL260702,CCN(CC#N)C(=O)[C@@H]1C[C@H](C(=O)N2CCCC2)[C@H](C)N1,16.0,6.795880017344075,0.3474800000000005,76.44,292.38299999999947,6,1,4,True
1211,CHEMBL260701,C#CCN(CC#N)C(=O)[C@@H]1C[C@H](C(=O)N(C)C)[C@H](C)N1,60.0,6.221848749616356,-0.5734199999999983,76.44,276.3399999999996,7,1,4,True
1212,CHEMBL261460,C[C@@H]1N[C@H](C(=O)N(CC#N)C2CC2)C[C@@H]1C(=O)N(C)C,56.0,6.251811972993799,-0.04421999999999926,76.44,278.35599999999954,7,1,4,True
1213,CHEMBL261462,C=CCN(CC#N)C(=O)[C@@H]1C[C@H](C(=O)N(C)C)[C@H](C)N1,41.0,6.3872161432802645,-0.020619999999998917,76.44,278.35599999999954,8,1,4,True
1214,CHEMBL261463,CCCN(CC#N)C(=O)[C@@H]1C[C@H](C(=O)N(C)C)[C@H](C)N1,600.0,5.221848749616356,0.20338000000000084,76.44,280.3719999999995,9,1,4,True
1215,CHEMBL407296,CCN(CC#N)C(=O)[C@@H]1C[C@H](C(=O)N(C)C)[C@H](C)N1,24.0,6.619788758288394,-0.18671999999999883,76.44,266.34499999999986,8,1,4,True
1216,CHEMBL259198,C[C@@H]1N[C@H](C(=O)N(C)CC#N)C[C@@H]1C(=O)N(C)C,25.0,6.6020599913279625,-0.5768199999999988,76.44,252.31800000000015,7,1,4,True
1217,CHEMBL407293,C[C@@H]1N[C@H](C(=O)NCC#N)C[C@@H]1C(=O)N(C)C,13000.0,3.886056647693163,-0.9190199999999991,85.23,238.29100000000014,6,2,4,True
1218,CHEMBL430057,C[C@@H]1N[C@H](C(=O)N2CCC[C@H]2C#N)C[C@@H]1CC(=O)N(C)C,5.6,7.251811972993799,0.3458800000000004,76.44,292.3829999999995,6,1,4,True
1219,CHEMBL409010,C[C@H]1N[C@H](C(=O)N2CCC[C@H]2C#N)C[C@H]1C(=O)N(C)C,110.0,5.958607314841775,-0.04421999999999926,76.44,278.35599999999954,5,1,4,True
1220,CHEMBL260543,C[C@H]1N[C@H](C(=O)N2CCC[C@H]2C#N)C[C@@H]1C(=O)N(C)C,70.0,6.154901959985743,-0.04421999999999926,76.44,278.35599999999954,5,1,4,True
1221,CHEMBL260198,C[C@@H]1N[C@H](C(=O)N2CCC[C@H]2C#N)C[C@H]1C(=O)N(C)C,1100.0,4.958607314841775,-0.04421999999999926,76.44,278.35599999999954,5,1,4,True
1222,CHEMBL260197,CC[C@@H]1N[C@H](C(=O)N2CCC[C@H]2C#N)C[C@@H]1C(=O)N(C)C,16.0,6.795880017344075,0.34588000000000063,76.44,292.3829999999996,6,1,4,True
1223,CHEMBL403553,CC#CCn1c(N2CCC[C@@H](N)C2)nc2cnn(Cc3nc(C)c4ccccc4n3)c(=O)c21,1.0,8.0,1.8437199999999994,107.75,442.52699999999976,6,1,9,True
1224,CHEMBL403408,CC#CCn1c(NC[C@H](C)N)nc2cnn(Cc3nc(C)c4ccccc4n3)c(=O)c21,2.0,7.698970004336019,1.6753199999999995,116.53999999999999,416.48899999999975,9,2,9,True
1225,CHEMBL257376,CC#CCn1c(NCCN)nc2cnn(Cc3nc(C)c4ccccc4n3)c(=O)c21,1.0,8.0,1.2868199999999996,116.53999999999999,402.46199999999976,8,2,9,True
1226,CHEMBL257999,CC#CCn1c(N2CCCNCC2)nc2cnn(Cc3nc(C)c4ccccc4n3)c(=O)c21,3.0,7.522878745280337,1.7159199999999994,93.75999999999999,442.52699999999976,5,1,9,True
1227,CHEMBL401971,CC#CCn1c(N2CCNCC2)nc2cnn(Cc3nc(C)c4ccccc4n3)c(=O)c21,5.0,7.301029995663981,1.3258199999999996,93.75999999999999,428.49999999999983,5,1,9,True
1228,CHEMBL256969,CC#CCn1c(N2CCCC(N)C2)nc2cnn(Cc3nc4ccccc4o3)c(=O)c21,4.0,7.397940008672037,1.7332999999999996,108.0,417.4729999999998,5,1,9,True
1229,CHEMBL404220,CC#CCn1c(N2CCCC(N)C2)nc2cnn(Cc3ccc(C#N)c4ccccc34)c(=O)c21,4.0,7.397940008672037,2.6169800000000008,105.75999999999999,451.5339999999998,5,1,8,True
1230,CHEMBL256928,CC#CCn1c(N2CCCC(N)C2)nc2cnn(CC(=O)c3ccccc3)c(=O)c21,26.0,6.585026652029182,1.4266999999999996,99.03999999999999,404.47399999999976,6,1,8,True
1231,CHEMBL401502,CC#CCn1c(N2CCC[C@@H](N)C2)nc2cnn(CC3=Nc4ccccc4Oc4ccccc43)c(=O)c21,3.0,7.522878745280337,3.470500000000002,103.56,493.57099999999986,5,1,9,True
1232,CHEMBL256929,CC#CCn1c(N2CCC[C@H](N)C2)nc2cnn(CC3=Nc4ccccc4Oc4ccccc43)c(=O)c21,25.0,6.6020599913279625,3.470500000000002,103.56,493.57099999999986,5,1,9,True
1233,CHEMBL256729,CC#CCn1c(N2CCCC(N)C2)nc2cnn(CC3=Nc4ccccc4Oc4ccccc43)c(=O)c21,14.0,6.853871964321762,3.470500000000002,103.56,493.57099999999986,5,1,9,True
1234,CHEMBL256121,CC#CCn1c(N2CCC[C@@H](N)C2)nc2c(C)nn(Cc3nc(C)c4ccccc4n3)c(=O)c21,1.0,8.0,2.1521399999999993,107.75,456.55399999999975,7,1,9,True
1235,CHEMBL255517,CC#CCn1c(C(=O)NCc2nc(C)cc3ccccc23)nnc1N1CCCC(N)C1,24.0,6.619788758288394,2.0155199999999995,101.96,417.51699999999965,7,2,7,True
1236,CHEMBL402111,CC#CCn1c(N2CCCC(N)C2)nc(Br)c1C(=O)NCc1cccc2ccccc12,559.0,5.252588192113577,3.6796000000000015,76.18,480.40999999999985,6,2,5,True
1237,CHEMBL402573,CC#CCn1c(N2CCCC(N)C2)nc(C#N)c1C(=O)NCc1cccc2ccccc12,582.0,5.235077015350112,2.788780000000001,99.97,426.5239999999998,6,2,6,True
1238,CHEMBL257589,CC#CCn1c(C(=O)N(C)Cc2cccc3ccccc23)cnc1N1CCCC(N)C1,3059.0,4.514420523015321,3.2593000000000005,67.39,415.5409999999996,7,1,5,True
1239,CHEMBL257795,CC#CCn1c(C(=O)NCc2nc(C)cc3ccccc23)cnc1N1CCCC(N)C1,99.0,6.00436480540245,2.62052,89.07000000000001,416.52899999999966,7,2,6,True
1240,CHEMBL401972,CC#CCn1c(C(=O)NCc2cccc3ccccc23)cnc1N1CCCC(N)C1,107.0,5.97061622231479,2.9171000000000005,76.18,401.5139999999996,6,2,5,True
1241,CHEMBL255862,CC#CCn1c(N2CCCC(N)C2)nc2c(OC)nn(Cc3nc(C)cc4ccccc34)c(=O)c21,19.0,6.721246399047171,2.45732,104.09,471.56499999999977,8,1,9,True
1242,CHEMBL255864,CC#CCn1c(N2CCCC(N)C2)nc2c(OC)nn(Cc3cccc4ccccc34)c(=O)c21,52.0,6.2839966563652006,2.7539000000000007,91.19999999999999,456.5499999999998,7,1,8,True
1243,CHEMBL255492,CC#CCn1c(N2CCCC(N)C2)nc2ccn(Cc3nc(C)cc4ccccc34)c(=O)c21,21.0,6.6777807052660805,3.053720000000001,81.97,440.55099999999976,6,1,7,True
1244,CHEMBL255491,CC#CCn1c(N2CCCC(N)C2)nc2ccn(Cc3cccc4ccccc34)c(=O)c21,89.0,6.050609993355087,3.3503000000000016,69.08,425.5359999999998,5,1,6,True
1245,CHEMBL255709,CC#CCn1c(N2CCCC(N)C2)nc2c(C)nn(Cc3nc(C)cc4ccccc34)c(=O)c21,7.0,7.154901959985743,2.7571400000000006,94.86000000000001,455.56599999999975,7,1,8,True
1246,CHEMBL256521,CC#CCn1c(N2CCCC(N)C2)nc2cnn(Cc3nc(C)cc4ccccc34)c(=O)c21,5.0,7.301029995663981,2.44872,94.86000000000001,441.53899999999976,6,1,8,True
1247,CHEMBL401709,CC#CCn1c(N2CCCC(N)C2)nc2cnn(Cc3cccc4ccccc34)c(=O)c21,13.0,6.886056647693163,2.7453000000000003,81.97,426.5239999999998,5,1,7,True
1248,CHEMBL402819,CC#CCn1c(N2CCCC(N)C2)nc2c1c(=O)n(Cc1nc(C)cc3ccccc13)c(=O)n2C,2.0,7.698970004336019,1.7524199999999999,103.97000000000003,471.56499999999977,7,1,9,True
1249,CHEMBL404326,CC#CCn1c(N2CCCC(N)C2)nc2c1c(=O)n(Cc1cccc3ccccc13)c(=O)n2C,15.0,6.823908740944319,2.049,91.08000000000001,456.5499999999998,6,1,8,True
1250,CHEMBL469660,N#C[C@@H]1C[C@H](F)CN1C(=O)CNC1C2CC3CC1CC(O)(C3)C2,5.3,7.275724130399211,0.9781799999999992,76.36,321.3959999999996,4,2,4,True
1251,CHEMBL454193,COC12CC3CC(CC(NCC(=O)N4C[C@@H](F)C[C@H]4C#N)(C3)C1)C2,8.3,7.080921907623926,1.7763799999999994,65.36,335.42299999999955,5,1,4,True
1252,CHEMBL469659,N#C[C@@H]1C[C@H](F)CN1C(=O)CNC12CC3CC(CC(O)(C3)C1)C2,3.1,7.508638306165727,1.122279999999999,76.36,321.3959999999996,4,2,4,True
1253,CHEMBL451937,N#C[C@@H]1C[C@H](F)CN1C(=O)CNC1C2CC3CC(C2)CC1C3,3.1,7.508638306165727,1.8632799999999994,56.13,305.3969999999996,3,1,3,True
1254,CHEMBL511785,N#C[C@@H]1C[C@H](F)CN1C(=O)CNC12CC3CC(CC(C3)C1)C2,4.1,7.387216143280264,2.0073799999999995,56.13,305.3969999999996,3,1,3,True
1255,CHEMBL470681,N#C[C@@H]1C[C@H](F)CN1C(=O)CNC1CCCCCCC1,3.3,7.481486060122113,2.1514799999999994,56.13,281.37499999999955,3,1,3,True
1256,CHEMBL513725,N#C[C@@H]1C[C@H](F)CN1C(=O)CNC1(CO)CCCC1,3.3,7.481486060122113,0.34367999999999954,76.36,269.31999999999977,5,2,4,True
1257,CHEMBL470477,N#C[C@@H]1C[C@H](F)CN1C(=O)CNC1CCCC1,2.6,7.585026652029182,0.9811799999999995,56.13,239.29400000000015,3,1,3,True
1258,CHEMBL470476,N#C[C@@H]1C[C@H](F)CN1C(=O)CNC1CCC1,3.1,7.508638306165727,0.5910799999999996,56.13,225.26700000000014,3,1,3,True
1259,CHEMBL470330,N#C[C@@H]1C[C@H](F)CN1C(=O)CNC1CC1,33.0,6.481486060122113,0.20097999999999977,56.13,211.24000000000012,3,1,3,True
1260,CHEMBL472096,CC(C)(CO)NCC(=O)N1C[C@@H](F)C[C@H]1C#N,4.6,7.337242168318426,-0.1905199999999998,76.36,243.28200000000012,7,2,4,True
1261,CHEMBL1203962,COCC(C)(C)NCC(=O)N1C[C@@H](F)C[C@H]1C#N.Cl,13.0,6.886056647693163,0.8853800000000005,65.36,293.7699999999996,8,1,4,True
1262,CHEMBL469452,CC(C)OCCCNCC(=O)N1C[C@@H](F)C[C@H]1C#N,8.7,7.060480747381382,0.85368,65.36,271.33599999999973,9,1,4,True
1263,CHEMBL472102,CC(C)NCC(=O)N1C[C@@H](F)C[C@H]1C#N,7.8,7.107905397309519,0.4469799999999997,56.13,213.25600000000014,5,1,3,True
1264,CHEMBL512726,CC(C)(C)NCC(=O)N1C[C@@H](F)C[C@H]1C#N,2.9,7.537602002101044,0.8370799999999996,56.13,227.28300000000016,2,1,3,True
1265,CHEMBL472101,COc1ccc(CCNCC(=O)N2C[C@@H](F)C[C@H]2C#N)cc1OC,27.0,6.568636235841013,1.2984799999999994,74.59,335.3789999999996,9,1,5,True
1266,CHEMBL508845,CC(C)(/C=C/c1ccccc1)NCC(=O)N1C[C@@H](F)C[C@H]1C#N,16.0,6.795880017344075,2.5305800000000005,56.13,315.3919999999996,7,1,3,True
1267,CHEMBL472100,CC(C)(NCC(=O)N1C[C@@H](F)C[C@H]1C#N)c1cc2ccccc2o1,88.0,6.055517327849832,2.720080000000001,69.27000000000001,329.3749999999997,6,1,4,True
1268,CHEMBL512890,CC(C)(NCC(=O)N1C[C@@H](F)C[C@H]1C#N)c1cccs1,12.0,6.920818753952375,2.03538,56.13,295.38299999999964,6,1,4,True
1269,CHEMBL471089,CC(C)(NCC(=O)N1C[C@@H](F)C[C@H]1C#N)c1ccco1,8.6,7.0655015487564325,1.5668799999999998,69.27000000000001,279.31499999999966,6,1,4,True
1270,CHEMBL512694,CC(C)(NCC(=O)N1C[C@@H](F)C[C@H]1C#N)c1ccccn1,22.0,6.657577319177793,1.3688799999999997,69.02000000000001,290.34199999999964,6,1,4,True
1271,CHEMBL471088,CC(C)(CN(Cc1ccc(C#N)cc1)C(=O)c1ccccc1)NCC(=O)N1C[C@@H](F)C[C@H]1C#N,6.2,7.207608310501746,3.031460000000002,100.22999999999999,461.54099999999966,10,1,5,True
1272,CHEMBL470893,CC(C)CN(CC(C)(C)NCC(=O)N1C[C@@H](F)C[C@H]1C#N)C(=O)c1ccccc1,7.3,7.136677139879544,2.6155800000000005,76.44,402.5139999999996,12,1,4,True
1273,CHEMBL511128,CCN(CC)CC(C)(C)NCC(=O)N1C[C@@H](F)C[C@H]1C#N,252.0,5.598599459218456,1.1589800000000006,59.370000000000005,298.40599999999944,11,1,4,True
1274,CHEMBL485828,CC(C)(CNCc1ccc(C#N)cc1)NCC(=O)N1C[C@@H](F)C[C@H]1C#N,39.0,6.4089353929735005,1.4786599999999999,91.94999999999999,357.4329999999996,9,2,5,True
1275,CHEMBL520854,CN(CC(C)(C)NCC(=O)N1C[C@@H](F)C[C@H]1C#N)S(=O)(=O)c1ccccc1,31.0,6.508638306165727,1.137880000000001,93.50999999999999,396.48799999999966,10,1,5,True
1276,CHEMBL485827,CC(C)(CNS(=O)(=O)c1ccccc1)NCC(=O)N1C[C@@H](F)C[C@H]1C#N,75.0,6.1249387366083,0.7956799999999999,102.30000000000001,382.4609999999996,9,2,5,True
1277,CHEMBL487862,CC(C)(CNC(=O)C1(C)CCCCC1)NCC(=O)N1C[C@@H](F)C[C@H]1C#N,13.0,6.886056647693163,1.90378,85.23,366.4809999999995,9,2,4,True
1278,CHEMBL487861,CC(C)(CNC(=O)C(C)(C)C)NCC(=O)N1C[C@@H](F)C[C@H]1C#N,5.8,7.236572006437063,0.9794800000000012,85.23,326.41599999999954,7,2,4,True
1279,CHEMBL487860,CC(C)(CNC(=O)c1ccc2[nH]nnc2c1)NCC(=O)N1C[C@@H](F)C[C@H]1C#N,1.5,7.823908740944319,0.5184800000000012,126.80000000000001,387.4189999999997,8,3,6,True
1280,CHEMBL519585,CC(C)(CNC(=O)c1ccc2[nH]cnc2c1)NCC(=O)N1C[C@@H](F)C[C@H]1C#N,5.7,7.244125144327507,1.12348,113.91,386.4309999999997,8,3,5,True
1281,CHEMBL488036,CC(C)(CNC(=O)c1ccc2c(c1)CCO2)NCC(=O)N1C[C@@H](F)C[C@H]1C#N,2.9,7.537602002101044,1.1820800000000002,94.46000000000001,388.44299999999964,8,2,5,True
1282,CHEMBL488419,CC(C)(CNC(=O)c1cccs1)NCC(=O)N1C[C@@H](F)C[C@H]1C#N,5.4,7.267606240177032,1.3086800000000003,85.23,352.43499999999966,8,2,5,True
1283,CHEMBL488418,CC(C)(CNC(=O)c1ccccc1)NCC(=O)N1C[C@@H](F)C[C@H]1C#N,4.5,7.346787486224656,1.24718,85.23,346.4059999999996,8,2,4,True
1284,CHEMBL487681,CC(C)(CNC(=O)c1ccccn1)NCC(=O)N1C[C@@H](F)C[C@H]1C#N,8.2,7.086186147616283,0.6421800000000002,98.12,347.39399999999966,8,2,5,True
1285,CHEMBL521224,N#C[C@@H]1C[C@H](F)CN1C(=O)CNCCNc1ccc(C(N)=O)cn1,2.4,7.619788758288394,-0.35541999999999846,124.14,334.3549999999997,7,3,6,True
1286,CHEMBL500008,N#C[C@@H]1C[C@H](F)CN1C(=O)CNCCNc1ccc(Cl)cn1,2.7,7.568636235841012,1.19908,81.05,325.7749999999997,6,2,5,True
1287,CHEMBL487680,N#C[C@@H]1C[C@H](F)CN1C(=O)CNCCNc1ccccn1,2.8,7.552841968657781,0.5456799999999997,81.05,291.32999999999964,6,2,5,True
1288,CHEMBL1744354,N#Cc1ccc(NCCNCC(=O)N2C[C@@H](F)C[C@H]2C#N)nc1.O=C(O)/C=C\C(=O)O,1.1,7.958607314841775,0.12916000000000072,179.43999999999997,432.4119999999998,8,4,10,True
1289,CHEMBL452836,Cl.N[C@@H](CC(=O)N1N=CCC1C(=O)O)Cc1cc(F)c(F)cc1F,1400.0,4.853871964321762,1.4569,95.99000000000001,365.73899999999975,6,2,5,True
1290,CHEMBL488056,Cl.N[C@@H](CC(=O)N1N=CCC1C(=O)Nc1ccc(C(=O)O)cc1)Cc1cc(F)c(F)cc1F,5900.0,4.229147988357856,2.7092,125.09000000000002,484.86199999999985,8,3,6,True
1291,CHEMBL470118,Cl.N[C@@H](CC(=O)N1N=CCC1C(=O)NCc1ccc(C(=O)O)cc1)Cc1cc(F)c(F)cc1F,1400.0,4.853871964321762,2.3869000000000007,125.09000000000002,498.88899999999984,9,3,6,True
1292,CHEMBL462564,Cl.N[C@@H](CC(=O)N1N=CCC1C(=O)NCc1nc2ccccc2[nH]1)Cc1cc(F)c(F)cc1F,3700.0,4.431798275933005,2.5650000000000004,116.47,494.90499999999986,8,3,5,True
1293,CHEMBL461112,Cl.N[C@@H](CC(=O)N1N=CCC1C(=O)NCc1ccccn1)Cc1cc(F)c(F)cc1F,7400.0,4.130768280269024,2.0837000000000003,100.68,455.86799999999977,8,2,5,True
1294,CHEMBL459883,Cl.N[C@@H](CC(=O)N1N=CCC1C(=O)Nc1ccccc1)Cc1cc(F)c(F)cc1F,1600.0,4.795880017344075,3.011000000000001,87.79,440.8529999999998,7,2,4,True
1295,CHEMBL461129,Cl.N[C@@H](CC(=O)N1N=CCC1C(=O)NCc1ccccc1)Cc1cc(F)c(F)cc1F,1600.0,4.795880017344075,2.6887000000000008,87.79,454.87999999999977,8,2,4,True
1296,CHEMBL511872,Cl.NC(=O)C1CC=NN1C(=O)C[C@H](N)Cc1cc(F)c(F)cc1F,5600.0,4.251811972993799,0.8576,101.78,364.7549999999997,6,2,4,True
1297,CHEMBL452327,Cl.N[C@@H](CC(=O)N1N=CCC1C(=O)Oc1ccccc1)Cc1cc(F)c(F)cc1F,2200.0,4.657577319177793,2.977900000000001,84.99000000000001,441.8369999999998,7,1,5,True
1298,CHEMBL510797,Cl.N[C@@H](CC(=O)N1N=CCC1C(=O)OCc1ccccc1)Cc1cc(F)c(F)cc1F,710.0,5.1487416512809245,3.1157000000000012,84.99000000000001,455.8639999999998,8,1,5,True
1299,CHEMBL525183,NCc1c(N)nc2ccccc2c1-c1ccc(Cl)cc1Cl,370.0,5.431798275933005,4.249500000000001,64.93,318.2069999999997,4,2,3,True
1300,CHEMBL498167,CC(C)Cn1c(CN)c(-c2ccccc2)c2ccccc2c1=O,250.0,5.6020599913279625,3.7832000000000026,48.019999999999996,306.4089999999996,7,1,3,True
1301,CHEMBL443250,N[C@H](C(=O)N1CCC(F)C1)C1CCCCC1,170.0,5.769551078621726,1.4643999999999993,46.330000000000005,228.31100000000018,3,1,2,True
1302,CHEMBL380860,N[C@H](C(=O)N1CC(F)(F)C(F)(F)C1)C1CCCCC1,110.0,5.958607314841775,2.0068,46.330000000000005,282.2809999999996,3,1,2,True
1303,CHEMBL451319,Cc1cc2ccccc2n1C[C@H](C)NCC(=O)N1CCC[C@H]1C#N,69.0,6.161150909262744,2.4424,61.06,324.4279999999996,7,1,4,True
1304,CHEMBL496131,Cc1nc2c(s1)CC([C@H](N)C(=O)N1CC[C@H](F)C1)CC2,43.0,6.366531544420414,1.4541199999999999,59.22,297.3989999999996,4,1,4,True
1305,CHEMBL495932,N[C@H]1CCCCN(P(N)(=O)NS(=O)(=O)O)C1=O,25.0,6.6020599913279625,-1.214599999999999,155.81999999999996,286.2499999999997,6,4,6,True
1306,CHEMBL504823,N[C@H]1CCCN([P@@](N)(=O)NS(=O)(=O)O)C1=O,21.0,6.6777807052660805,-1.6046999999999993,155.81999999999996,272.2229999999998,6,4,6,True
1307,CHEMBL507254,N#CC1CCCN1C(=O)C(N)C1CCCCC1,46.0,6.337242168318426,1.408579999999999,70.12,235.33100000000016,3,1,3,True
1308,CHEMBL497993,N[C@H]1CCN(P(N)(N)=O)C1=O,11.0,6.958607314841775,-1.4284999999999997,115.44,178.13200000000012,4,3,3,True
1309,CHEMBL324777,COCCN(C)c1nc(N)c(CN)c(-c2ccc(Cl)cc2Cl)n1,9.0,7.045757490560675,2.573900000000001,90.28999999999999,356.2569999999996,10,2,6,True
1310,CHEMBL509777,N#C[C@@H]1CCCN1C(=O)CN1CCc2ccccc2C1,390000.0,2.408935392973501,1.5592799999999998,47.34,269.34799999999973,2,0,3,True
1311,CHEMBL361235,N[C@H](C(=O)N1CCc2ccccc2C1)C1CCCCC1,230000.0,2.638272163982407,2.4789000000000003,46.330000000000005,272.3919999999997,3,1,2,True
1312,CHEMBL523066,N#C[C@@H]1CCCN1C(=O)N[C@@H](CN)C1CCCCC1,180000.0,2.744727494896694,1.5915799999999996,82.15,264.37299999999993,4,2,3,True
1313,CHEMBL496953,N[C@@H](COc1cc(F)cc(F)c1)Cc1cc2ccccc2[nH]1,50000.0,3.3010299956639813,3.3949000000000016,51.04,302.32399999999967,6,2,2,True
1314,CHEMBL497782,N#C[C@@H]1Cc2ccccc2CN1C(=O)[C@@H](N)Cc1cc2ccccc2[nH]1,13000.0,3.886056647693163,2.51478,85.91,344.41799999999967,4,2,3,True
1315,CHEMBL522911,N#C[C@@H]1CCCN1C(=O)N[C@H](CN)C1CCCCC1,12000.0,3.9208187539523753,1.5915799999999996,82.15,264.37299999999993,4,2,3,True
1316,CHEMBL527015,N#C[C@@H]1CCCN1C(=O)/C(N)=C/C(=O)N1Cc2ccccc2C1,45.0,6.346787486224656,0.8859799999999997,90.42999999999999,310.3569999999997,3,1,4,True
1317,CHEMBL522909,C=CCN(CC=C)C(=O)n1cnc(S(=O)(=O)C2CC3CCC2C3)n1,21.0,6.6777807052660805,1.8824999999999998,85.16000000000001,350.4439999999997,6,0,6,True
1318,CHEMBL513764,CC1(NC(=O)C[C@H](N)Cc2ccccc2F)CCN(Cc2ccccc2)CC1,7800.0,4.107905397309519,3.2565000000000017,58.36000000000001,383.51099999999957,9,2,3,True
1319,CHEMBL471633,N[C@@H](CC(=O)NC1(c2ccccc2)CCN(Cc2ccccc2)CC1)Cc1ccccc1F,1000.0,5.0,4.3933000000000035,58.36000000000001,445.5819999999996,9,2,3,True
1320,CHEMBL471841,N[C@@H](CC(=O)NC1(Cc2ccccc2)CCN(Cc2ccccc2)CC1)Cc1ccccc1F,2200.0,4.657577319177793,4.479300000000004,58.36000000000001,459.6089999999996,10,2,3,True
1321,CHEMBL471842,CN1CCC(NC(=O)C[C@H](N)Cc2ccccc2F)(c2ccccc2)CC1,870.0,5.060480747381382,2.8229000000000015,58.36,369.4839999999996,8,2,3,True
1322,CHEMBL470170,N[C@@H](CC(=O)NC1(c2ccccc2)CCOCC1)Cc1ccccc1F,2500.0,4.6020599913279625,2.907700000000001,64.35000000000001,356.4409999999996,7,2,3,True
1323,CHEMBL470171,N[C@@H](CC(=O)NC1(c2ccccc2)CCSCC1)Cc1ccccc1F,3300.0,4.481486060122112,3.6243000000000025,55.120000000000005,372.5089999999996,7,2,3,True
1324,CHEMBL512145,N[C@@H](CC(=O)NC1(c2ccccc2)CCS(=O)(=O)CC1)Cc1ccccc1F,570.0000000000002,5.2441251443275085,2.3058999999999994,89.25999999999999,404.50699999999966,7,2,4,True
1325,CHEMBL469325,N[C@@H](CC(=O)NC1(c2ccccn2)CCS(=O)(=O)CC1)Cc1ccccc1F,470.0,5.327902142064283,1.7009,102.15,405.4949999999997,7,2,5,True
1326,CHEMBL469538,N[C@@H](CC(=O)NC1(c2nccs2)CCS(=O)(=O)CC1)Cc1ccccc1F,190.0,5.721246399047171,1.7623999999999997,102.15,411.5239999999998,7,2,6,True
1327,CHEMBL512718,N[C@@H](CC(=O)NC1(c2nc3ccccc3s2)CCS(=O)(=O)CC1)Cc1ccccc1F,64.0,6.1938200260161125,2.9156000000000013,102.15,461.5839999999998,7,2,6,True
1328,CHEMBL472027,N[C@@H](CC(=O)NC1(c2nc3ccccc3s2)CCS(=O)(=O)CC1)Cc1cc(F)c(F)cc1F,13.0,6.886056647693163,3.1938000000000013,102.15,497.5639999999998,7,2,6,True
1329,CHEMBL512709,COc1ccc2nc(C3(NC(=O)C[C@H](N)Cc4ccccc4F)CCS(=O)(=O)CC3)sc2c1,12.0,6.920818753952375,2.9242000000000017,111.38,491.6099999999997,9,2,7,True
1330,CHEMBL513543,COc1cccc2sc(C3(NC(=O)C[C@H](N)Cc4ccccc4F)CCS(=O)(=O)CC3)nc12,270.0,5.568636235841013,2.9242000000000017,111.37999999999998,491.60999999999973,9,2,7,True
1331,CHEMBL469730,N[C@@H](CC(=O)NC1(c2nc3ccc(Cl)cc3s2)CCS(=O)(=O)CC1)Cc1ccccc1F,35.0,6.455931955649724,3.5690000000000026,102.15,496.0289999999998,7,2,6,True
1332,CHEMBL469521,N[C@@H](CC(=O)NC1(c2nc3c(Cl)cccc3s2)CCS(=O)(=O)CC1)Cc1ccccc1F,130.0,5.886056647693163,3.5690000000000026,102.15,496.0289999999998,7,2,6,True
1333,CHEMBL469522,Cc1ccc2nc(C3(NC(=O)C[C@H](N)Cc4ccccc4F)CCS(=O)(=O)CC3)sc2c1,70.0,6.154901959985743,3.224020000000001,102.15,475.6109999999997,8,2,6,True
1334,CHEMBL469740,Cc1cccc2sc(C3(NC(=O)C[C@H](N)Cc4ccccc4F)CCS(=O)(=O)CC3)nc12,350.0,5.455931955649724,3.224020000000002,102.14999999999999,475.6109999999997,8,2,6,True
1335,CHEMBL522002,N#C[C@@H]1CCCN1C(=O)[C@@H](N)CC(=O)N1Cc2ccccc2C1,298.00000000000006,5.525783735923745,0.7607799999999996,90.42999999999999,312.37299999999965,4,1,4,True
1336,CHEMBL493544,N#C[C@@H]1CCCN1C(=O)[C@@H](N)CCCC(=O)N1Cc2ccccc2C1,10.0,7.0,1.540979999999999,90.42999999999999,340.4269999999996,6,1,4,True
1337,CHEMBL493760,N[C@@H](CCC(=O)N1Cc2ccccc2C1)C(=O)N1CCSC1,1600.0,4.795880017344075,1.1691999999999998,66.64,319.42999999999955,5,1,4,True
1338,CHEMBL475863,CC(C)(CC(=O)N1Cc2ccccc2C1)[C@H](N)C(=O)N1CCC[C@H]1C#N.O=C(O)C(F)(F)F,12.0,6.920818753952375,2.4202799999999995,127.73,468.47599999999966,7,2,6,True
1339,CHEMBL474025,CC(C)(CC(=O)N1CCc2ccccc2C1)[C@H](N)C(=O)N1CCC[C@H]1C#N.O=C(O)C(F)(F)F,16.0,6.795880017344075,2.4627799999999995,127.73,482.5029999999996,7,2,6,True
1340,CHEMBL514006,CC(C)(CC(=O)N1CCc2ccsc2C1)[C@H](N)C(=O)N1CCC[C@H]1C#N.O=C(O)C(F)(F)F,25.0,6.6020599913279625,2.52428,127.73,488.5319999999997,7,2,7,True
1341,CHEMBL475870,COC[C@@H]1CCCN1C(=O)CC(C)(C)[C@H](N)C(=O)N1CCC[C@H]1C#N.O=C(O)C(F)(F)F,14.0,6.853871964321762,1.5152800000000008,136.95999999999998,464.48499999999956,10,2,7,True
1342,CHEMBL514317,C[C@@H]1CCCN1C(=O)CC(C)(C)[C@H](N)C(=O)N1CCC[C@H]1C#N.O=C(O)C(F)(F)F,13.0,6.886056647693163,1.8887800000000006,127.73,434.45899999999955,8,2,6,True
1343,CHEMBL493543,N#C[C@@H]1CCCN1C(=O)[C@@H](N)CCC(=O)N1Cc2ccccc2C1,2.0,7.698970004336019,1.1508799999999995,90.42999999999999,326.39999999999964,5,1,4,True
1344,CHEMBL2364733,N#C[C@H]1CCCN1C(=O)[C@@H](N)CCC(=O)N1Cc2ccccc2C1.O=C(O)C(F)(F)F,2.0,7.698970004336019,1.7841799999999999,127.73,440.4219999999997,5,2,6,True
1345,CHEMBL494146,N#C[C@@H]1CCCN1C(=O)[C@@H](N)CCC(=O)N1CCc2ccccc2C1.O=C(O)C(F)(F)F,5.0,7.301029995663981,1.8266799999999996,127.73,454.44899999999967,5,2,6,True
1346,CHEMBL494340,N#C[C@@H]1CCCN1C(=O)[C@@H](N)CCC(=O)N1CCc2ccsc2C1.O=C(O)C(F)(F)F,6.0,7.221848749616356,1.8881799999999997,127.73,460.47799999999967,5,2,7,True
1347,CHEMBL492536,N#C[C@@H]1CCCN1C(=O)[C@@H](N)CCC(=O)N1CCn2cnnc2C1.O=C(O)C(F)(F)F,7.0,7.154901959985743,-0.12431999999999893,158.43999999999997,445.4019999999997,5,2,9,True
1348,CHEMBL474049,N#C[C@@H]1CCCN1C(=O)[C@@H](N)CCC(=O)N1CCCC1.O=C(O)C(F)(F)F,7.0,7.154901959985743,0.8641799999999988,127.73,392.3779999999996,5,2,6,True
1349,CHEMBL474211,N#C[C@@H]1CCCN1C(=O)[C@@H](N)CCC(=O)N1CCSC1.O=C(O)C(F)(F)F,10.0,7.0,0.7746799999999989,127.73,410.41799999999967,5,2,7,True
1350,CHEMBL474394,COC[C@H]1CCCN1C(=O)CC[C@H](N)C(=O)N1CCC[C@H]1C#N.O=C(O)C(F)(F)F,22.0,6.657577319177793,0.8791800000000012,136.95999999999998,436.4309999999996,8,2,7,True
1351,CHEMBL475465,COC[C@@H]1CCCN1C(=O)CC[C@H](N)C(=O)N1CCC[C@H]1C#N.O=C(O)C(F)(F)F,7.0,7.154901959985743,0.8791800000000012,136.95999999999998,436.4309999999996,8,2,7,True
1352,CHEMBL474800,N#C[C@@H]1CCCN1C(=O)[C@@H](N)CCC(=O)N1CCCCC1.O=C(O)C(F)(F)F,15.0,6.823908740944319,1.2542799999999985,127.73,406.4049999999996,5,2,6,True
1353,CHEMBL475634,N#C[C@@H]1CCCN1C(=O)[C@@H](N)CCC(=O)N1CCOCC1.O=C(O)C(F)(F)F,17.0,6.769551078621726,0.10058000000000072,136.95999999999998,408.3769999999996,5,2,7,True
1354,CHEMBL516080,CCOC(=O)N1CCN(C(=O)CC[C@H](N)C(=O)N2CCC[C@H]2C#N)CC1.O=C(O)C(F)(F)F,31.0,6.508638306165727,0.5424800000000023,157.26999999999998,479.4559999999997,7,2,8,True
1355,CHEMBL474982,N#C[C@@H]1CCCN1C(=O)[C@@H](N)CCC(=O)N1CCN(c2ccncc2)CC1.O=C(O)C(F)(F)F,19.0,6.721246399047171,0.9855799999999999,143.85999999999999,484.4789999999997,6,2,8,True
1356,CHEMBL515435,N#C[C@@H]1CCCN1C(=O)[C@@H](N)CCC(=O)Nc1ccccc1.O=C(O)C(F)(F)F,37.0,6.431798275933005,1.880479999999999,136.51999999999998,414.3839999999997,6,3,6,True
1357,CHEMBL474983,N#C[C@@H]1CCCN1C(=O)[C@@H](N)CCC(=O)NC1CCCC1.O=C(O)C(F)(F)F,11.0,6.958607314841775,1.3005799999999992,136.51999999999998,406.4049999999996,6,3,6,True
1358,CHEMBL445544,CC(C)[C@H](N)Cc1cc(F)c(F)cc1F,1930.0,4.714442690992226,2.6297000000000006,26.02,217.2340000000001,6,1,1,True
1359,CHEMBL450211,N[C@H](Cc1cc(F)c(F)cc1F)C1CCCCC1,3580.0,4.446116973356125,3.554000000000002,26.02,257.2990000000001,4,1,1,True
1360,CHEMBL450091,CC(C)(C)[C@H](N)Cc1cc(F)c(F)cc1F,25900.0,3.586700235918748,3.019800000000001,26.02,231.2610000000001,3,1,1,True
1361,CHEMBL501314,COC(=O)c1ccc(C(N)Cc2cc(F)c(F)cc2F)cc1,3250.0,4.488116639021126,3.133000000000001,52.32,309.28699999999975,6,1,3,True
1362,CHEMBL509672,COC(=O)c1ccc([C@H](N)Cc2cc(F)c(F)cc2F)cc1,1420.0,4.847711655616943,3.133000000000001,52.32,309.28699999999975,6,1,3,True
1363,CHEMBL496691,N[C@H](Cc1cc(F)c(F)cc1F)c1ccncc1,1970.0,4.705533773838407,2.7414000000000005,38.91,252.23900000000006,4,1,2,True
1364,CHEMBL451619,N[C@H](Cc1cc(F)c(F)cc1F)C1CCNCC1,272.0,5.565431095965801,1.9733,38.05,258.28700000000003,4,2,2,True
1365,CHEMBL496863,CC(C)(C)OC(=O)N1CCC([C@H](N)Cc2cc(F)c(F)cc2F)CC1,270.0,5.568636235841013,3.620800000000002,55.56,358.4039999999996,4,1,3,True
1366,CHEMBL497735,N[C@H](Cc1cc(F)c(F)cc1F)C1CCN(C(=O)c2ccc(F)cc2F)CC1,35.0,6.455931955649724,3.804300000000003,46.33,398.3749999999998,5,1,2,True
1367,CHEMBL498749,N[C@H](Cc1cc(F)c(F)cc1F)C1CCN(C(=O)c2cc3ccccc3cn2)CC1,26.0,6.585026652029182,4.074300000000004,59.22,413.4429999999998,5,1,3,True
1368,CHEMBL525011,Nc1nccnc1C(=O)N1CCC([C@H](N)Cc2cc(F)c(F)cc2F)CC1,19.0,6.721246399047171,1.8982999999999997,98.13,379.3859999999997,6,2,5,True
1369,CHEMBL485123,Cc1ncc(C)c(C(=O)N2CCC([C@H](N)Cc3cc(F)c(F)cc3F)CC2)n1,18.0,6.7447274948966935,2.932940000000001,72.11,392.4249999999996,7,1,4,True
1370,CHEMBL485124,Cc1nccnc1C(=O)N1CCC([C@H](N)Cc2cc(F)c(F)cc2F)CC1,22.0,6.657577319177793,2.6245200000000013,72.11,378.3979999999997,6,1,4,True
1371,CHEMBL485125,N[C@H](Cc1cc(F)c(F)cc1F)C1CCN(C(=O)c2cnc3ncccn23)CC1,27.0,6.568636235841013,2.5688000000000004,76.52,403.4079999999998,5,1,5,True
1372,CHEMBL484528,Cc1cc2ncc(C(=O)N3CCC([C@H](N)Cc4cc(F)c(F)cc4F)CC3)c(C)n2n1,4.0,7.397940008672037,3.185640000000002,76.52,431.46199999999965,7,1,5,True
1373,CHEMBL527647,O=C([C@@H]1C[C@H](Nc2cccc3ccccc23)CN1)N1Cc2ccccc2C1,4970.0,4.303643611266668,3.524600000000002,44.370000000000005,357.4569999999997,3,2,3,True
1374,CHEMBL487872,N[C@@H](CCCCNc1ccc2ccccc2c1)C(=O)N1Cc2ccccc2C1,178000.0,2.749579997691106,4.291700000000003,58.36,373.4999999999996,8,2,3,True
1375,CHEMBL488227,N[C@@H](CCCCNC(=O)OCc1ccccc1)C(=O)N1Cc2ccccc2C1,244999.99999999985,2.610833915635468,2.9528000000000008,84.65999999999998,381.4759999999996,9,2,4,True
1376,CHEMBL488226,NCCCC[C@H](N)C(=O)N1Cc2ccccc2C1,160999.99999999997,2.7931741239681505,0.9851000000000009,72.35,247.34200000000016,7,2,3,True
1377,CHEMBL466590,CC[C@H](C)[C@H](N)C(=O)N1Cc2ccc(F)cc2C1,80100.0,3.0963674839157624,2.0412999999999997,46.330000000000005,250.31700000000015,6,1,2,True
1378,CHEMBL469890,CC[C@H](C)[C@H](N)C(=O)N1Cc2ccccc2C1,115000.00000000007,2.939302159646388,1.9022,46.330000000000005,232.32700000000017,6,1,2,True
1379,CHEMBL471544,N#C[C@@H]1CCCN1C(=O)[C@@H](N)CCCCNC(=O)OCc1ccccc1,35.0,6.455931955649724,1.9249799999999995,108.45,358.4419999999996,9,2,5,True
1380,CHEMBL461092,N[C@@H](CCCCNC(=O)OCc1ccccc1)C(=O)N1CCSC1,3700.0,4.431798275933005,1.9432999999999994,84.65999999999998,351.4719999999995,9,2,5,True
1381,CHEMBL461913,N#C[C@@H]1CCCCN1C(=O)[C@@H](N)CCCCN,51000.0,3.292429823902064,0.347380000000001,96.14,238.33500000000018,7,2,4,True
1382,CHEMBL461911,NCCCC[C@H](N)C(=O)N1CCC(O)C1,500000.0,2.3010299956639813,-0.964099999999998,92.58,215.29700000000017,8,3,4,True
1383,CHEMBL455298,NCCCC[C@H](N)C(=O)N1CCSC1,23000.0,3.638272163982407,-0.02439999999999931,72.35,217.33800000000016,7,2,4,True
1384,CHEMBL460887,CC[C@H](C)[C@H](N)C(=O)N1CCC(Cl)C1,94000.0,3.026872146400301,1.1994999999999998,46.330000000000005,218.72800000000018,6,1,2,True
1385,CHEMBL460886,CC[C@H](C)[C@H](N)C(=O)N1CCC(F)C1,3500.0,4.455931955649724,0.9302,46.330000000000005,202.27300000000017,6,1,2,True
1386,CHEMBL503809,CC[C@H](C)[C@H](N)C(=O)N1CCC(O)C1,93000.0,3.0315170514460648,-0.046999999999999875,66.56,200.28200000000018,7,2,3,True
1387,CHEMBL452470,CC[C@H](C)[C@H](N)C(=O)N1CC=CCC1,52000.0,3.283996656365201,1.1483,46.330000000000005,196.29400000000018,6,1,2,True
1388,CHEMBL461291,CC[C@H](C)[C@H](N)C(=O)N1CC=CC1,15000.0,3.823908740944319,0.7582000000000001,46.330000000000005,182.26700000000017,6,1,2,True
1389,CHEMBL446007,CC[C@H](C)[C@H](N)C(=O)N1CCCCCC1,374000.0,2.42712839779952,1.7623999999999995,46.330000000000005,212.33700000000022,6,1,2,True
1390,CHEMBL83418,CC[C@H](C)[C@H](N)C(=O)N1CCCCC1,67000.0,3.1739251972991736,1.3722999999999999,46.330000000000005,198.3100000000002,6,1,2,True
1391,CHEMBL461496,CC[C@H](C)[C@H](N)C(=O)N1CCC1,50400.0,3.2975694635544746,0.5921,46.330000000000005,170.25600000000017,6,1,2,True
1392,CHEMBL442952,CCCC[C@H](N)C(=O)N1CCCC1,15000.0,3.823908740944319,1.1262999999999999,46.330000000000005,184.2830000000002,6,1,2,True
1393,CHEMBL501521,N[C@@H](Cc1c[nH]cn1)C(=O)N1CCCC1,23100.0,3.636388020107856,-0.09810000000000074,75.01,208.26500000000013,4,2,3,True
1394,CHEMBL461290,N=C(NCCC[C@H](NC(=O)OCc1ccccc1)C(=O)N1CCCC1)NC(=O)OCc1ccccc1,16800.0,3.774690718274137,3.1347699999999996,132.85,495.5799999999997,10,4,6,True
1395,CHEMBL461289,N=C(N)NCCC[C@H](N)C(=O)N1CCCC1,12700.0,3.896196279044043,-0.8006299999999991,108.23,227.31200000000018,6,4,3,True
1396,CHEMBL460065,N[C@@H](CCCNC(=O)OCc1ccccc1)C(=O)N1CCCC1,9700.0,4.013228265733755,1.6426999999999992,84.65999999999998,319.4049999999996,8,2,4,True
1397,CHEMBL459643,NCCC[C@H](N)C(=O)N1CCCC1,118000.0,2.9281179926938745,-0.32499999999999907,72.35,185.27100000000016,6,2,3,True
1398,CHEMBL459642,N[C@@H](CCCCNC(=O)OCc1ccccc1)C(=O)N1CCCC1,15600.0,3.8068754016455375,2.032799999999999,84.65999999999998,333.4319999999995,9,2,4,True
1399,CHEMBL501126,NCCCC[C@H](N)C(=O)N1CCCC1,39000.0,3.408935392973501,0.0651000000000006,72.35,199.29800000000017,7,2,3,True
1400,CHEMBL511346,N[C@@H](Cc1ccc(O)cc1)C(=O)N1CCCC1,43500.0,3.3615107430453626,0.8843999999999999,66.56,234.29900000000012,5,2,3,True
1401,CHEMBL459641,N[C@@H](CO)C(=O)N1CCCC1,190000.0,2.721246399047171,-1.0716,66.56,158.20100000000014,4,2,3,True
1402,CHEMBL459159,N[C@@H](CS)C(=O)N1CCCC1,37000.0,3.431798275933005,-0.13410000000000033,46.330000000000005,174.26900000000012,4,2,3,True
1403,CHEMBL459438,C[C@@H](O)[C@H](N)C(=O)N1CCCC1,98000.0,3.0087739243075053,-0.6830999999999996,66.56,172.22800000000015,5,2,3,True
1404,CHEMBL443373,NC(=O)C[C@H](N)C(=O)N1CCCC1,188000.0,2.72584215073632,-1.1885000000000001,89.42,185.22700000000015,4,2,3,True
1405,CHEMBL453918,N[C@@H](Cc1ccccc1)C(=O)N1CCCC1,21000.0,3.677780705266081,1.1787999999999998,46.330000000000005,218.30000000000013,4,1,2,True
1406,CHEMBL452029,N[C@@H](Cc1c[nH]c2ccccc12)C(=O)N1CCCC1,286000.0,2.543633966870957,1.6601000000000001,62.120000000000005,257.3370000000001,4,2,2,True
1407,CHEMBL453574,CC(C)C[C@H](N)C(=O)N1CCCC1,24000.0,3.619788758288394,0.9821999999999999,46.330000000000005,184.2830000000002,6,1,2,True
1408,CHEMBL453573,CC[C@@H](C)[C@H](N)C(=O)N1CCCC1,3900.0,4.4089353929735005,0.9821999999999999,46.330000000000005,184.2830000000002,6,1,2,True
1409,CHEMBL510594,CC(C)[C@H](N)C(=O)N1CSC[C@H]1B(O)O,22.0,6.657577319177793,-1.1167999999999998,86.79,232.11400000000015,8,3,5,True
1410,CHEMBL512887,N[C@@H](CC(=O)N1CCSC1)C(=O)N1CC[C@H](F)C1,9800.0,4.008773924307505,-0.19290000000000052,66.64,275.34899999999965,4,1,4,True
1411,CHEMBL452290,C[C@@H](c1ccc(-c2cccc(C(N)=O)c2)cc1)[C@H](N)C(=O)N1CC[C@H](F)C1,100.0,6.0,2.4537000000000004,89.42,369.4399999999996,7,2,3,True
1412,CHEMBL452289,NC(=O)c1cccc(-c2ccc([C@H](N)Cc3cc(F)ccc3F)cc2)c1,32.0,6.494850021680094,3.973200000000002,69.11,352.38399999999973,6,2,2,True
1413,CHEMBL512895,C[C@@H](c1ccc(-c2ccncc2Cl)cc1)[C@H](N)C(=O)N1CC[C@H](F)C1,71.0,6.1487416512809245,3.403200000000002,59.22,361.8479999999997,6,1,3,True
1414,CHEMBL472123,N[C@H](Cc1cc(F)ccc1F)c1ccc(-c2ccncc2Cl)cc1,107.0,5.97061622231479,4.9227000000000025,38.91,344.79199999999975,5,1,2,True
1415,CHEMBL442673,C[C@@H](c1ccc(-c2ccncc2)cc1)[C@H](N)C(=O)N1CC[C@H](F)C1,110.0,5.958607314841775,2.7498000000000005,59.22,327.4029999999996,6,1,3,True
1416,CHEMBL471936,N[C@H](Cc1cc(F)ccc1F)c1ccc(-c2ccncc2)cc1,253.0,5.596879478824183,4.269300000000002,38.91,310.34699999999975,5,1,2,True
1417,CHEMBL472124,C[C@@H](c1ccc(Br)cc1)[C@H](N)C(=O)N1CC[C@H](F)C1,245.0,5.610833915635467,2.4503000000000004,46.330000000000005,329.2129999999997,5,1,2,True
1418,CHEMBL504506,N[C@H](Cc1cc(F)ccc1F)c1ccc(Br)cc1,1300.0,4.886056647693163,3.969800000000002,26.02,312.1569999999998,4,1,1,True
1419,CHEMBL488678,N[C@@H](CC(=O)N1CCn2c(nnc2C(F)(F)F)C1)CN1CCCCC1=O,120.0,5.920818753952375,0.36899999999999955,97.35,374.36699999999973,5,1,6,True
1420,CHEMBL452297,N[C@@H](CC(=O)N1CCCNC(=O)[C@H]1CC(F)(F)F)Cc1ccccc1F,85.0,6.070581074285707,1.7550999999999992,75.43,375.3659999999997,6,2,3,True
1421,CHEMBL510073,N[C@@H](CC(=O)N1CCCNC(=O)[C@H]1CC(F)(F)F)CN1CCCCC1=O,120.0,5.920818753952375,0.38580000000000014,95.74000000000001,378.39499999999964,6,2,4,True
1422,CHEMBL452805,C[C@@H]1C(=O)NCCCN1C(=O)C[C@H](N)Cc1ccccc1F,40.0,6.3979400086720375,0.822600000000001,75.43,307.3689999999996,6,2,3,True
1423,CHEMBL507738,C[C@@H]1C(=O)NCCCN1C(=O)C[C@H](N)CN1CCCCC1=O,20.0,6.698970004336019,-0.5466999999999964,95.74000000000001,310.39799999999957,6,2,4,True
1424,CHEMBL527198,C[C@@H](c1nc(-c2ccc(S(C)(=O)=O)cc2Cl)no1)[C@H](N)Cc1cc(F)c(F)cc1F,46.0,6.337242168318426,3.8843000000000023,99.08,459.87699999999984,9,1,6,True
1425,CHEMBL488469,C[C@H](c1nc(-c2ccc(S(C)(=O)=O)cc2Cl)no1)[C@H](N)C(=O)N1CC[C@H](F)C1,40.0,6.3979400086720375,1.7947,119.39,430.8889999999998,8,1,7,True
1426,CHEMBL487630,C[C@H](c1nc(-c2ccc(Cl)cc2Cl)no1)[C@H](N)C(=O)N1CC[C@H](F)C1,615.0,5.211124884224583,3.0446000000000017,85.24999999999999,387.2419999999998,6,1,5,True
1427,CHEMBL520067,C[C@@H](c1nc(-c2ccc(OC(F)(F)F)cc2)no1)[C@H](N)Cc1cc(F)ccc1F,4400.0,4.356547323513813,4.586900000000003,74.17,413.34599999999983,8,1,5,True
1428,CHEMBL507719,Cc1noc(C(=O)C[C@H](N)Cc2cc(F)ccc2F)n1,55.0,6.259637310505756,1.7990199999999998,82.01,281.26199999999966,7,1,5,True
1429,CHEMBL488637,Cc1noc(C(=O)C[C@H](N)C(=O)N2CC[C@H](F)C2)n1,8800.0,4.055517327849832,-0.15148000000000028,102.32,270.26399999999967,6,1,6,True
1430,CHEMBL488484,N[C@@H](CC(=O)N1CCC[C@H]1CO)Cc1cc(F)ccc1F,200.0,5.698970004336019,1.2079999999999995,66.56,298.3329999999996,7,2,3,True
1431,CHEMBL527424,N[C@@H](CC(=O)N1CCC[C@H]1CO)C(=O)N1CC[C@H](F)C1,9200.0,4.036212172654444,-0.7424999999999995,86.86999999999999,287.3349999999995,6,2,4,True
1432,CHEMBL513425,N[C@@H](CC(=O)N1CCCCCN1C(=O)c1ccccc1)Cc1cc(F)c(F)cc1F,70.00000000000003,6.154901959985743,3.4337000000000018,66.64000000000001,419.4469999999996,6,1,3,True
1433,CHEMBL519139,Cl.N[C@@H](CC(=O)N1CCCNCC1)Cc1cc(F)c(F)cc1F,1440.0,4.841637507904751,1.6074999999999997,58.36000000000001,351.7999999999996,5,2,3,True
1434,CHEMBL482338,Cl.N[C@@H](CC(=O)N1CCCN(C(=O)c2ccccc2)CC1)Cc1cc(F)c(F)cc1F,510.0,5.292429823902063,3.160300000000001,66.64000000000001,455.9079999999997,6,1,3,True
1435,CHEMBL480549,CC(=O)N1CCCN(C(=O)C[C@H](N)Cc2cc(F)c(F)cc2F)CC1.Cl,3400.0,4.468521082957745,1.8664,66.64,393.8369999999996,6,1,3,True
1436,CHEMBL480550,Cl.N[C@@H](CC(=O)N1CCCN(C(=O)c2ccc3c(c2)OCO3)CC1)Cc1cc(F)c(F)cc1F,490.0,5.309803919971486,2.889000000000001,85.10000000000002,499.91699999999975,6,1,5,True
1437,CHEMBL481554,Cl.N[C@@H](CC(=O)N1CCCN(C(=O)c2cccnc2)CC1)Cc1cc(F)c(F)cc1F,410.0,5.3872161432802645,2.5553,79.53000000000002,456.89599999999973,6,1,4,True
1438,CHEMBL481714,Cl.N[C@@H](CC(=O)N1CCCN(C(=O)OCc2ccccc2)CC1)Cc1cc(F)c(F)cc1F,490.0,5.309803919971486,3.6567000000000025,75.87000000000002,485.93399999999974,7,1,4,True
1439,CHEMBL521267,Cl.N[C@@H](CC(=O)N1CCCN(C(=O)Nc2ccccc2)CC1)Cc1cc(F)c(F)cc1F,1392.0,4.856360764725457,3.5520000000000023,78.67000000000002,470.9229999999997,6,2,3,True
1440,CHEMBL481725,CN1CCN(C(=O)N2CCCN(C(=O)C[C@H](N)Cc3cc(F)c(F)cc3F)CC2)CC1.Cl,1500.0,4.823908740944319,1.6873000000000002,73.12,477.95899999999955,6,1,4,True
1441,CHEMBL482070,CS(=O)(=O)N1CCCN(C(=O)C[C@H](N)Cc2cc(F)c(F)cc2F)CC1.Cl,3100.0,4.508638306165727,1.2795000000000005,83.71000000000001,429.89199999999965,7,1,4,True
1442,CHEMBL520089,Cl.N[C@@H](CC(=O)N1CCCN(Cc2ccccc2)CC1)Cc1cc(F)c(F)cc1F,387.0,5.412289034981089,3.520100000000002,49.57000000000001,441.9249999999996,7,1,3,True
1443,CHEMBL481157,CCN1CCCN(C(=O)C[C@H](N)Cc2cc(F)c(F)cc2F)CC1.Cl,6400.0,4.1938200260161125,2.3398000000000008,49.57,379.85399999999953,7,1,3,True
1444,CHEMBL519773,Cl.N[C@@H](CC(=O)N1CCCN(c2ncccn2)CC1)Cc1cc(F)c(F)cc1F,597.0,5.224025668870631,2.3145,75.35000000000001,429.8739999999997,6,1,5,True
1445,CHEMBL481158,Cl.N[C@@H](CC(=O)N1CCCN(c2cnccn2)CC1)Cc1cc(F)c(F)cc1F,423.0,5.373659632624958,2.3145,75.35000000000001,429.8739999999997,6,1,5,True
1446,CHEMBL482154,Cl.N[C@@H](CC(=O)N1CCCN(C(=O)c2ccc(C(=O)O)cc2)CC1)Cc1cc(F)c(F)cc1F,223.0,5.651695136951839,2.858500000000001,103.94000000000001,499.91699999999975,7,2,5,True
1447,CHEMBL474794,Cl.NC(=O)c1ccc(C(=O)N2CCCN(C(=O)C[C@H](N)Cc3cc(F)c(F)cc3F)CC2)cc1,180.0,5.7447274948966935,2.2592,109.73,498.93299999999977,7,2,4,True
1448,CHEMBL475654,Cl.N[C@@H](CC(=O)N1CCCN(C(=O)c2cccc(C(=O)O)c2)CC1)Cc1cc(F)c(F)cc1F,50.0,6.301029995663981,2.8585000000000003,103.94000000000001,499.91699999999975,7,2,5,True
1449,CHEMBL473830,Cl.N[C@@H](CC(=O)N1CCCN(C(=O)c2ccc(C(=O)O)o2)CC1)Cc1cc(F)c(F)cc1F,260.0,5.585026652029182,2.451500000000001,117.08000000000001,489.87799999999976,7,2,6,True
1450,CHEMBL515387,O=C([C@@H]1C[C@H](N2CCN(c3ncccn3)CC2)CN1)N1CCC(F)(F)C1,12.07352475460253,6.918165923108665,0.19670000000000054,64.60000000000001,366.4159999999996,3,1,6,True
1451,CHEMBL475246,O=C([C@@H]1C[C@H](N2CCN(c3noc4ccccc34)CC2)CN1)N1CCC(F)(F)C1,8.7,7.060480747381382,1.5478999999999994,64.85000000000001,405.4489999999996,3,1,6,True
1452,CHEMBL515597,O=C([C@@H]1C[C@H](N2CCN(c3nc4ccccc4o3)CC2)CN1)N1CCC(F)(F)C1,8.2,7.086186147616283,1.5478999999999998,64.85000000000001,405.4489999999996,3,1,6,True
1453,CHEMBL475574,O=C([C@@H]1C[C@H](N2CCN(c3nc4cnccc4o3)CC2)CN1)N1CCC(F)(F)C1,5.8,7.236572006437063,0.9428999999999992,77.74,406.43699999999967,3,1,7,True
1454,CHEMBL475573,O=C([C@@H]1C[C@H](N2CCN(c3nc4ccncc4o3)CC2)CN1)N1CCC(F)(F)C1,7.4,7.130768280269024,0.9428999999999992,77.74,406.43699999999967,3,1,7,True
1455,CHEMBL474409,O=C([C@@H]1C[C@H](N2CCN(c3cnccn3)CC2)CN1)N1CCC(F)(F)C1,5.6,7.251811972993799,0.19670000000000054,64.60000000000001,366.4159999999996,3,1,6,True
1456,CHEMBL514011,N#Cc1cccnc1N1CCN([C@@H]2CN[C@H](C(=O)N3CCC(F)(F)C3)C2)CC1,4.8,7.318758762624412,0.6733799999999999,75.5,390.43799999999965,3,1,6,True
1457,CHEMBL474410,O=C([C@@H]1C[C@H](N2CCN(c3ccc(C(F)(F)F)cn3)CC2)CN1)N1CCC(F)(F)C1,5.2,7.2839966563652,1.8204999999999998,51.71000000000001,433.42499999999967,3,1,5,True
1458,CHEMBL475586,O=C([C@@H]1C[C@H](N2CCN(c3nc4cccnc4o3)CC2)CN1)N1CCC(F)(F)C1,5.2,7.2839966563652,0.9429000000000001,77.74,406.43699999999967,3,1,7,True
1459,CHEMBL473419,O=C([C@@H]1C[C@H](N2CCN(c3ncccn3)CC2)CN1)N1CC[C@@H](F)C1,51.0,6.292429823902063,-0.10049999999999892,64.60000000000001,348.4259999999996,3,1,6,True
1460,CHEMBL473418,O=C([C@@H]1C[C@H](N2CCN(c3ncccn3)CC2)CN1)N1CCCC1,31.0,6.508638306165727,-0.048499999999998655,64.60000000000001,330.4359999999996,3,1,6,True
1461,CHEMBL514623,O=C([C@@H]1C[C@H](N2CCN(c3ncccn3)CC2)CN1)N1CC[C@H](F)C1,31.0,6.508638306165727,-0.10049999999999892,64.60000000000001,348.4259999999996,3,1,6,True
1462,CHEMBL474421,O=C([C@@H]1C[C@H](N2CCN(c3ncccn3)CC2)CN1)N1C[C@@H](F)[C@@H](F)C1,13.0,6.886056647693163,-0.15249999999999853,64.60000000000001,366.4159999999996,3,1,6,True
1463,CHEMBL472992,O=C([C@@H]1C[C@H](N2CCN(c3ncccn3)CC2)CN1)N1C[C@@H](F)[C@H](F)C1,309.0,5.510041520575165,-0.15249999999999853,64.60000000000001,366.4159999999996,3,1,6,True
1464,CHEMBL515869,O=C([C@@H]1C[C@H](N2CCN(c3ncccn3)CC2)CN1)N1CC(F)(F)C(F)(F)C1,25.0,6.6020599913279625,0.4418999999999998,64.60000000000001,402.3959999999996,3,1,6,True
1465,CHEMBL472993,O=C([C@@H]1C[C@H](N2CCN(c3ncccn3)CC2)CN1)N1CCC1,309.0,5.510041520575165,-0.4385999999999981,64.60000000000001,316.4089999999996,3,1,6,True
1466,CHEMBL473188,O=C([C@@H]1C[C@H](N2CCN(c3ncccn3)CC2)CN1)N1CC(F)C1,41.0,6.3872161432802645,-0.4905999999999986,64.60000000000001,334.3989999999996,3,1,6,True
1467,CHEMBL514935,O=C([C@@H]1C[C@H](N2CCN(c3ncccn3)CC2)CN1)N1CC(F)(F)C1,134.0,5.872895201635193,-0.1933999999999989,64.60000000000001,352.3889999999996,3,1,6,True
1468,CHEMBL472995,O=C([C@@H]1C[C@@H](N2CCN(c3ncccn3)CC2)CN1)N1CCC(F)(F)C1,338.0,5.471083299722345,0.19670000000000054,64.60000000000001,366.4159999999996,3,1,6,True
1469,CHEMBL517072,N[C@@H](CC(=O)N1CCn2c(nnc2C(F)(F)C(F)(F)F)C1)Cc1cc(F)c(F)cc1F,71.0,6.1487416512809245,2.6518000000000006,77.04,457.3249999999998,6,1,5,True
1470,CHEMBL479370,N[C@@H](CC(=O)N1CCn2cnnc2C1)Cc1cc(F)c(F)cc1F,68.0,6.167491087293763,0.9976999999999996,77.04,339.3209999999997,5,1,5,True
1471,CHEMBL150,O=c1c(O)c(-c2ccc(O)cc2)oc2cc(O)cc(O)c12,1807.8440198202936,4.742839043027469,2.2824000000000004,111.13000000000001,286.2389999999998,5,4,6,True
1472,CHEMBL479380,N#Cc1ccc(N2C[C@@H]3[C@H](C2)[C@H]3NCC(=O)N2C[C@@H](F)C[C@H]2C#N)cc1,165.0,5.782516055786093,1.0450599999999997,83.16,353.4009999999997,4,1,5,True
1473,CHEMBL480712,N#Cc1ccc(N2C[C@@H]3[C@H](C2)[C@H]3NCC(=O)N2CC(F)(F)C[C@H]2C#N)nc1,93.0,6.031517051446065,0.7372599999999996,96.05,372.37899999999973,4,1,6,True
1474,CHEMBL519272,N#C[C@@H]1C[C@H](F)CN1C(=O)CN[C@H]1[C@@H]2CN(c3ncccc3Cl)C[C@@H]21,1300.0,4.886056647693163,1.22178,72.26,363.8239999999998,4,1,5,True
1475,CHEMBL452998,N#Cc1cccnc1N1C[C@@H]2[C@H](C1)[C@H]2NCC(=O)N1C[C@@H](F)C[C@H]1C#N,91.0,6.040958607678906,0.4400600000000001,96.05000000000001,354.38899999999967,4,1,6,True
1476,CHEMBL480705,N#C[C@@H]1C[C@H](F)CN1C(=O)CN[C@H]1[C@@H]2CN(c3ncccc3[N+](=O)[O-])C[C@@H]21,78.0,6.107905397309519,0.4765800000000002,115.4,374.3759999999998,5,1,7,True
1477,CHEMBL519265,N#Cc1ccc(N2C[C@@H]3[C@H](C2)[C@H]3NCC(=O)N2C[C@@H](F)C[C@H]2C#N)nc1,147.0,5.832682665251824,0.4400599999999997,96.05,354.3889999999997,4,1,6,True
1478,CHEMBL480324,N#C[C@@H]1C[C@H](F)CN1C(=O)CN[C@H]1[C@@H]2CN(c3ccc(C(F)(F)F)cn3)C[C@@H]21,123.0,5.910094888560602,1.5871800000000003,72.26,397.3759999999997,4,1,5,True
1479,CHEMBL479736,N#C[C@@H]1C[C@H](F)CN1C(=O)CN[C@H]1[C@@H]2CN(c3ccc([N+](=O)[O-])cn3)C[C@@H]21,85.0,6.070581074285707,0.47658,115.4,374.37599999999975,5,1,7,True
1480,CHEMBL471956,N#C[C@@H]1C[C@H](F)CN1C(=O)CN[C@H]1[C@@H]2CN(c3ccc(Cl)cn3)C[C@@H]21,49.0,6.309803919971486,1.22178,72.26,363.82399999999967,4,1,5,True
1481,CHEMBL511125,N#C[C@@H]1C[C@H](F)CN1C(=O)CN[C@H]1[C@@H]2CN(c3ccccn3)C[C@@H]21,27.0,6.568636235841013,0.5683799999999997,72.26,329.3789999999997,4,1,5,True
1482,CHEMBL509391,N#C[C@@H]1C[C@H](F)CN1C(=O)CN[C@H]1[C@@H]2CN(c3nccc4ccccc34)C[C@@H]21,3670.0,4.435333935747911,1.72158,72.26,379.4389999999998,4,1,5,True
1483,CHEMBL480537,N#C[C@@H]1C[C@H](F)CN1C(=O)CN[C@H]1[C@@H]2CN(c3nc4ccccc4o3)C[C@@H]21,221.0,5.655607726314889,1.3145799999999999,85.4,369.3999999999998,4,1,6,True
1484,CHEMBL480536,N#C[C@@H]1C[C@H](F)CN1C(=O)CN[C@H]1[C@@H]2CN(c3nc4ccccc4s3)C[C@@H]21,186.0,5.730487055782084,1.78308,72.26,385.4679999999998,4,1,6,True
1485,CHEMBL482104,N#C[C@@H]1C[C@H](F)CN1C(=O)CN[C@H]1[C@@H]2CN(c3cnc4ccccc4n3)C[C@@H]21,186.0,5.730487055782084,1.11658,85.15,380.4269999999998,4,1,6,True
1486,CHEMBL479983,N#C[C@@H]1C[C@H](F)CN1C(=O)CN[C@H]1[C@@H]2CN(c3nccs3)C[C@@H]21,146.0,5.835647144215563,0.6298800000000002,72.26,335.40799999999973,4,1,6,True
1487,CHEMBL482262,N#C[C@@H]1C[C@H](F)CN1C(=O)CN[C@H]1[C@@H]2CN(c3nccc(C(F)(F)F)n3)C[C@@H]21,181.0,5.742321425130816,0.9821800000000005,85.15,398.36399999999975,4,1,6,True
1488,CHEMBL482261,N#C[C@@H]1C[C@H](F)CN1C(=O)CN[C@H]1[C@@H]2CN(c3ncccn3)C[C@@H]21,84.0,6.075720713938118,-0.03661999999999899,85.15,330.36699999999973,4,1,6,True
1489,CHEMBL480943,N#Cc1ccc(N2C[C@@H]3[C@H](C2)[C@H]3NCC(=O)N2C[C@@H](F)C[C@H]2C#N)c2ccccc12,1715.0,4.7657358756212105,2.1982599999999994,83.16,403.4609999999998,4,1,5,True
1490,CHEMBL480942,N#Cc1cc(F)cc(N2C[C@@H]3[C@H](C2)[C@H]3NCC(=O)N2C[C@@H](F)C[C@H]2C#N)c1,118.0,5.928117992693875,1.1841599999999997,83.16,371.39099999999974,4,1,5,True
1491,CHEMBL520921,N#Cc1c(F)cc(F)cc1N1C[C@@H]2[C@H](C1)[C@H]2NCC(=O)N1C[C@@H](F)C[C@H]1C#N,630.0,5.200659450546418,1.3232599999999997,83.16,389.38099999999974,4,1,5,True
1492,CHEMBL479803,N#Cc1cc(F)ccc1N1C[C@@H]2[C@H](C1)[C@H]2NCC(=O)N1C[C@@H](F)C[C@H]1C#N,422.0,5.374687549038326,1.1841599999999999,83.16,371.3909999999997,4,1,5,True
1493,CHEMBL480781,N#Cc1cc(C(F)(F)F)ccc1N1C[C@@H]2[C@H](C1)[C@H]2NCC(=O)N1C[C@@H](F)C[C@H]1C#N,141.0,5.85078088734462,2.06386,83.16,421.3979999999998,4,1,5,True
1494,CHEMBL479794,N#Cc1c(F)cccc1N1C[C@@H]2[C@H](C1)[C@H]2NCC(=O)N1C[C@@H](F)C[C@H]1C#N,92.0,6.036212172654444,1.1841599999999999,83.16,371.3909999999997,4,1,5,True
1495,CHEMBL481177,N#Cc1cccc(F)c1N1C[C@@H]2[C@H](C1)[C@H]2NCC(=O)N1C[C@@H](F)C[C@H]1C#N,63.0,6.200659450546418,1.1841599999999999,83.16,371.3909999999997,4,1,5,True
1496,CHEMBL520266,N#Cc1c(N2C[C@@H]3[C@H](C2)[C@H]3NCC(=O)N2C[C@@H](F)C[C@H]2C#N)cccc1C(F)(F)F,42.0,6.376750709602099,2.06386,83.16,421.39799999999974,4,1,5,True
1497,CHEMBL479538,N#Cc1c(Cl)cccc1N1C[C@@H]2[C@H](C1)[C@H]2NCC(=O)N1C[C@@H](F)C[C@H]1C#N,31.0,6.508638306165727,1.6984599999999996,83.16,387.8459999999997,4,1,5,True
1498,CHEMBL471960,N#Cc1ccccc1N1C[C@@H]2[C@H](C1)[C@H]2NCC(=O)N1C[C@@H](F)C[C@H]1C#N,51.0,6.292429823902063,1.0450599999999997,83.16,353.40099999999967,4,1,5,True
1499,CHEMBL471785,N#C[C@@H]1C[C@H](F)CN1C(=O)CN[C@H]1[C@@H]2CN(c3ccc(C(=O)NC4CC4)cc3)C[C@@H]21,3740.0,4.42712839779952,1.0655800000000002,88.47,411.4809999999997,6,2,5,True
1500,CHEMBL471784,CNC(=O)c1ccc(N2C[C@@H]3[C@H](C2)[C@H]3NCC(=O)N2C[C@@H](F)C[C@H]2C#N)cc1,3430.0,4.464705879957229,0.5329800000000013,88.47,385.4429999999997,6,2,5,True
1501,CHEMBL480155,N#C[C@@H]1C[C@H](F)CN1C(=O)CN[C@H]1[C@@H]2CN(c3ccc(C(N)=O)cc3)C[C@@H]21,95.0,6.022276394711152,0.2722800000000017,102.46000000000001,371.4159999999997,5,2,5,True
1502,CHEMBL480154,CCOC(=O)c1ccc(N2C[C@@H]3[C@H](C2)[C@H]3NCC(=O)N2C[C@@H](F)C[C@H]2C#N)cc1,229.0,5.640164517660112,1.3500800000000002,85.67,400.4539999999996,7,1,6,True
1503,CHEMBL480914,CC(=O)c1ccc(N2C[C@@H]3[C@H](C2)[C@H]3NCC(=O)N2C[C@@H](F)C[C@H]2C#N)cc1,109.0,5.962573502059376,1.3759799999999998,76.44,370.42799999999966,6,1,5,True
1504,CHEMBL480913,N#Cc1ccc(N2C[C@@H]3[C@H](C2)[C@H]3NCC(=O)N2C[C@@H](F)C[C@H]2C#N)cc1C(F)(F)F,2540.0,4.5951662833800615,2.06386,83.16,421.39799999999974,4,1,5,True
1505,CHEMBL481288,N#Cc1ccc(N2C[C@@H]3[C@H](C2)[C@H]3NCC(=O)N2C[C@@H](F)C[C@H]2C#N)c(C(F)(F)F)c1,59.0,6.229147988357856,2.06386,83.16,421.39799999999974,4,1,5,True
1506,CHEMBL481290,N#Cc1ccc(N2C[C@@H]3[C@H](C2)[C@H]3NCC(=O)N2C[C@@H](F)C[C@H]2C#N)cc1Cl,152.0,5.818156412055227,1.6984599999999996,83.16,387.8459999999997,4,1,5,True
1507,CHEMBL481669,N#Cc1ccc(N2C[C@@H]3[C@H](C2)[C@H]3NCC(=O)N2C[C@@H](F)C[C@H]2C#N)c(Cl)c1,95.0,6.022276394711152,1.69846,83.16,387.8459999999998,4,1,5,True
1508,CHEMBL520434,N#Cc1c(F)cc(N2C[C@@H]3[C@H](C2)[C@H]3NCC(=O)N2C[C@@H](F)C[C@H]2C#N)cc1F,38.0,6.42021640338319,1.3232599999999997,83.16,389.38099999999974,4,1,5,True
1509,CHEMBL479567,N#Cc1ccc(N2C[C@@H]3[C@H](C2)[C@H]3NCC(=O)N2C[C@@H](F)C[C@H]2C#N)cc1F,110.0,5.958607314841775,1.1841599999999999,83.16,371.39099999999974,4,1,5,True
1510,CHEMBL479381,N#Cc1ccc(N2C[C@@H]3[C@H](C2)[C@H]3NCC(=O)N2C[C@@H](F)C[C@H]2C#N)c(F)c1,153.0,5.815308569182402,1.1841599999999997,83.16,371.39099999999974,4,1,5,True
1511,CHEMBL184651,N#Cc1ccc(NCCNCC(=O)N2N=CCC2C#N)nc1,140.0,5.853871964321762,0.06505999999999945,117.2,297.3219999999997,6,2,7,True
1512,CHEMBL515378,CC(C)(C)C(NC(=O)C[C@@H](N)C(=O)N1CCC[C@H]1C#N)c1ccccc1,251.0,5.600326278518962,2.1219800000000006,99.22,356.4699999999996,6,2,4,True
1513,CHEMBL461117,CC[C@H](C)[C@H](N)C(=O)N1C[C@@H](F)C[C@H]1C#N,0.6,8.221848749616356,0.82238,70.12,227.28300000000016,6,1,3,True
1514,CHEMBL456413,N#C[C@H]1C[C@@H](F)CN1C(=O)[C@@H](N)C(c1ccc(F)cc1)c1ccc(F)cc1,22.0,6.657577319177793,2.8865800000000013,70.12,373.37799999999976,5,1,3,True
1515,CHEMBL456419,CC1(NCC(=O)N2C[C@H](F)C[C@@H]2C#N)CCN(S(C)(=O)=O)CC1,6.2,7.207608310501746,-0.14731999999999967,93.50999999999999,346.42799999999966,6,1,5,True
1516,CHEMBL456420,N#Cc1ccc(N[C@@H]2CNC(C(=O)N3CCC[C@H]3C#N)C2)cc1C#N,0.13,8.886056647693163,1.0869399999999991,115.73999999999998,334.3829999999997,3,2,6,True
1517,CHEMBL445437,N#Cc1ccc(N[C@@H]2CNC(C(=O)N3CCC[C@H]3C#N)C2)cc1Cl,0.15,8.823908740944319,1.868659999999999,91.94999999999999,343.81799999999964,3,2,5,True
1518,CHEMBL459357,CN(C)C(=O)[C@@H](c1ccc(C2=CN3N=CNC3C=C2)cc1)[C@H](N)C(=O)N1CC[C@H](F)C1,4.3,7.366531544420414,0.8414000000000007,94.27,426.49599999999964,8,2,6,True
1519,CHEMBL460842,O=C(CNC12CC3CC(CC(C3)C1)C2)N1CCC[C@H]1B(O)O,8.0,7.096910013008056,0.5477999999999996,72.80000000000001,306.2149999999995,6,3,4,True
1520,CHEMBL459591,CC(C)=CCN1C(C2CC[C@H]3NCC[C@@H]23)=NC2C1C(=O)N(CC(=O)c1ccccc1)C(=O)N2C,18.0,6.7447274948966935,2.5263999999999998,85.32000000000001,463.58199999999965,9,1,6,True
1521,CHEMBL460013,CC(N)/C(F)=C1\CCC[C@@H]1C#N.Cl,6030.000000000003,4.219682687859849,2.302680000000001,49.81,204.67600000000013,3,1,2,True
1522,CHEMBL473166,CC(C)(CC(=O)N[C@H]1C[C@@H]1c1ccccc1)NCC(=O)N1CCC[C@H]1C#N,85.0,6.070581074285707,1.9315799999999994,85.23,368.48099999999954,9,2,4,True
1523,CHEMBL514617,CC(C)(CC(=O)N[C@H]1C[C@@H]1c1ccc(F)cc1)NCC(=O)N1CCC[C@H]1C#N,54.0,6.267606240177032,2.0706799999999994,85.23,386.4709999999996,9,2,4,True
1524,CHEMBL473172,CC(C)(CC(=O)N[C@H]1C[C@@H]1c1cccc(F)c1)NCC(=O)N1CCC[C@H]1C#N,64.0,6.1938200260161125,2.0706799999999994,85.23,386.4709999999996,9,2,4,True
1525,CHEMBL515552,CC(C)(CC(=O)N[C@H]1C[C@@H]1c1ccc(F)cc1F)NCC(=O)N1CCC[C@H]1C#N,84.0,6.075720713938118,2.2097800000000003,85.23,404.4609999999997,9,2,4,True
1526,CHEMBL472976,CC(C)(CC(=O)N[C@H]1C[C@@H]1c1cc(F)cc(F)c1)NCC(=O)N1CCC[C@H]1C#N,75.0,6.1249387366083,2.2097800000000003,85.23,404.4609999999997,9,2,4,True
1527,CHEMBL472977,CC(C)(CC(=O)N[C@H]1C[C@@H]1c1ccc(F)c(F)c1)NCC(=O)N1CCC[C@H]1C#N,62.0,6.2076083105017466,2.2097800000000003,85.23,404.4609999999997,9,2,4,True
1528,CHEMBL473176,CC(C)(CC(=O)N[C@H]1C[C@@H]1c1ccc(C(F)(F)F)cc1)NCC(=O)N1CCC[C@H]1C#N,85.0,6.070581074285707,2.950380000000001,85.23,436.47799999999967,9,2,4,True
1529,CHEMBL473973,CC(C)(CC(=O)N[C@H]1C[C@@H]1c1cccc(C(F)(F)F)c1)NCC(=O)N1CCC[C@H]1C#N,60.0,6.221848749616356,2.950380000000002,85.23,436.47799999999967,9,2,4,True
1530,CHEMBL474559,CC(C)(CC(=O)N[C@H]1C[C@@H]1c1cccc(OC(F)(F)F)c1)NCC(=O)N1CCC[C@H]1C#N,73.0,6.136677139879544,2.8301800000000013,94.46000000000001,452.4769999999997,10,2,5,True
1531,CHEMBL474560,CC(C)(CC(=O)N[C@H]1C[C@@H]1c1ccc(Cl)cc1)NCC(=O)N1CCC[C@H]1C#N,86.0,6.0655015487564325,2.5849800000000007,85.23,402.92599999999965,9,2,4,True
1532,CHEMBL463481,CC(C)(CC(=O)N[C@H]1C[C@@H]1c1cccc(Cl)c1)NCC(=O)N1CCC[C@H]1C#N,46.99999999999999,6.327902142064283,2.5849800000000007,85.23,402.92599999999965,9,2,4,True
1533,CHEMBL474959,CC(C)(CC(=O)N[C@H]1C[C@@H]1c1ccc(Cl)c(Cl)c1)NCC(=O)N1CCC[C@H]1C#N,68.0,6.167491087293763,3.238380000000002,85.23,437.3709999999997,9,2,4,True
1534,CHEMBL474960,COc1ccc([C@H]2C[C@@H]2NC(=O)CC(C)(C)NCC(=O)N2CCC[C@H]2C#N)cc1OC,101.0,5.995678626217358,1.94878,103.69000000000001,428.5329999999996,13,2,6,True
1535,CHEMBL472797,CC(C)(CC(=O)N[C@H]1C[C@@H]1c1cccnc1)NCC(=O)N1C[C@@H](F)C[C@H]1C#N,24.0,6.619788758288394,1.2745800000000003,98.12,387.4589999999996,9,2,5,True
1536,CHEMBL474767,Cc1ncsc1[C@H]1C[C@@H]1NC(=O)CC(C)(C)NCC(=O)N1C[C@@H](F)C[C@H]1C#N,12.247448713915889,6.911954370472159,1.6444999999999994,98.12,407.51499999999965,10,2,6,True
1537,CHEMBL474768,CC(C)(CC(=O)N[C@@H]1C[C@H]1c1cccc(Cl)c1)NCC(=O)N1CCC[C@H]1C#N,56.0,6.251811972993799,2.5849800000000007,85.23,402.92599999999965,9,2,4,True
1538,CHEMBL447393,CC(C)(CC(=O)N[C@@H]1C[C@H]1c1cccc(Cl)c1)NCC(=O)N1C[C@@H](F)C[C@H]1C#N,27.0,6.568636235841013,2.5329800000000002,85.23,420.91599999999966,9,2,4,True
1539,CHEMBL464092,CC(C)(CC(=O)N[C@H]1C[C@@H]1c1ccccc1)NCC(=O)N1C[C@@H](F)C[C@H]1C#N,19.0,6.721246399047171,1.8795799999999996,85.23,386.47099999999955,9,2,4,True
1540,CHEMBL517776,CC(C)(CC(=O)N[C@H]1C[C@@H]1c1cccc(Cl)c1)NCC(=O)N1C[C@@H](F)C[C@H]1C#N,15.0,6.823908740944319,2.5329800000000002,85.23,420.91599999999966,9,2,4,True
1541,CHEMBL464093,CC(C)(CC(=O)N[C@H]1C[C@@H]1c1cccc(F)c1)NCC(=O)N1C[C@@H](F)C[C@H]1C#N,21.0,6.6777807052660805,2.01868,85.23,404.4609999999996,9,2,4,True
1542,CHEMBL463277,COc1ccc([C@H]2C[C@@H]2NC(=O)CC(C)(C)NCC(=O)N2C[C@@H](F)C[C@H]2C#N)cc1,22.0,6.657577319177793,1.8881800000000002,94.46000000000001,416.4969999999996,11,2,5,True
1543,CHEMBL518831,COc1cccc([C@H]2C[C@@H]2NC(=O)CC(C)(C)NCC(=O)N2C[C@@H](F)C[C@H]2C#N)c1,26.0,6.585026652029182,1.8881800000000002,94.46000000000001,416.49699999999956,11,2,5,True
1544,CHEMBL462839,CCOc1cccc([C@H]2C[C@@H]2NC(=O)CC(C)(C)NCC(=O)N2C[C@@H](F)C[C@H]2C#N)c1,17.0,6.769551078621726,2.2782799999999996,94.46000000000001,430.52399999999955,12,2,5,True
1545,CHEMBL463230,CC(C)(CC(=O)N[C@H]1C[C@@H]1c1cccc(OC(F)(F)F)c1)NCC(=O)N1C[C@@H](F)C[C@H]1C#N,20.0,6.698970004336019,2.7781800000000008,94.46000000000001,470.4669999999997,10,2,5,True
1546,CHEMBL463231,CC(C)(CC(=O)N[C@H]1C[C@@H]1c1cccc(Cl)c1)NCC(=O)N1CC(F)(F)C[C@H]1C#N,26.0,6.585026652029182,2.8301800000000013,85.23,438.90599999999966,9,2,4,True
1547,CHEMBL562525,N[C@@H](CC(=O)N1CCC[C@H]1CNC(=O)c1ccccc1)Cc1cccc(Cl)c1,27.0,6.568636235841013,3.020900000000002,75.43,399.9219999999996,8,2,3,True
1548,CHEMBL550862,N[C@@H](CC(=O)N1CCC[C@H]1CNC(=O)c1ccccc1F)Cc1ccccc1F,49.0,6.309803919971486,2.6457000000000006,75.43,401.45699999999965,8,2,3,True
1549,CHEMBL552263,N[C@@H](CC(=O)N1CCC[C@H]1CNC(=O)c1cccc(F)c1)Cc1ccccc1F,92.0,6.036212172654444,2.6457000000000006,75.43,401.45699999999965,8,2,3,True
1550,CHEMBL553936,N[C@@H](CC(=O)N1CCC[C@H]1CNC(=O)c1ccc(F)cc1)Cc1ccccc1F,92.0,6.036212172654444,2.6457000000000006,75.43,401.45699999999965,8,2,3,True
1551,CHEMBL560123,N[C@@H](CC(=O)N1CCC[C@H]1CNC(=O)c1ccccn1)Cc1ccccc1F,47.0,6.327902142064283,1.9016000000000006,88.32000000000001,384.45499999999964,8,2,4,True
1552,CHEMBL563911,N[C@@H](CC(=O)N1CCC[C@H]1CNC(=O)c1cccnc1)Cc1ccccc1F,87.0,6.060480747381382,1.9016000000000006,88.32000000000001,384.45499999999964,8,2,4,True
1553,CHEMBL562981,N[C@@H](CC(=O)N1CCC[C@H]1CNC(=O)c1ccncc1)Cc1ccccc1F,66.0,6.180456064458132,1.9016000000000006,88.32000000000001,384.45499999999964,8,2,4,True
1554,CHEMBL557851,CS(=O)(=O)c1ccc(C(=O)NC[C@@H]2CCCN2C(=O)C[C@H](N)Cc2ccccc2F)cc1,77.0,6.113509274827518,1.9101000000000001,109.57000000000001,461.55899999999974,10,2,5,True
1555,CHEMBL563108,CS(=O)(=O)c1ccccc1C(=O)NC[C@@H]1CCCN1C(=O)C[C@H](N)Cc1ccccc1F,27.0,6.568636235841013,1.9101000000000006,109.57000000000001,461.5589999999997,10,2,5,True
1556,CHEMBL564043,CS(=O)(=O)c1ccccc1C(=O)NC[C@@H]1CCCN1C(=O)C[C@H](N)Cc1cccc(Cl)c1,14.0,6.853871964321762,2.424400000000001,109.57000000000001,478.0139999999997,10,2,5,True
1557,CHEMBL564249,CS(=O)(=O)c1cccc(C(=O)NC[C@@H]2CCCN2C(=O)C[C@H](N)Cc2cccc(Cl)c2)c1,0.38,8.42021640338319,2.424400000000001,109.57000000000001,478.0139999999998,10,2,5,True
1558,CHEMBL561120,N[C@@H](CC(=O)N1CCC[C@H]1CNC(=O)C1CC1)Cc1cccc(Cl)c1,12.0,6.920818753952375,2.1170999999999998,75.43,363.8889999999995,8,2,3,True
1559,CHEMBL563648,N[C@@H](CC(=O)N1CCC[C@H]1CNC(=O)C1CC1)Cc1cc(F)c(F)cc1F,9.000000000000002,7.045757490560675,1.8809999999999996,75.43,383.41399999999953,8,2,3,True
1560,CHEMBL539187,N[C@@H](CC(=O)N1CCC[C@H]1CNS(=O)(=O)c1ccccc1)Cc1ccccc1F,34.0,6.468521082957745,2.0551000000000004,92.5,419.5219999999997,9,2,4,True
1561,CHEMBL561322,N[C@@H](CC(=O)N1CCC[C@H]1CNS(=O)(=O)c1ccccc1)Cc1cccc(Cl)c1,8.0,7.096910013008056,2.569400000000001,92.5,435.9769999999997,9,2,4,True
1562,CHEMBL549842,N[C@@H](CC(=O)N1CCC[C@H]1CNS(=O)(=O)c1ccccc1F)Cc1ccccc1F,53.0,6.275724130399211,2.1942000000000004,92.5,437.5119999999997,9,2,4,True
1563,CHEMBL562603,N[C@@H](CC(=O)N1CCC[C@H]1CNS(=O)(=O)c1cccc(F)c1)Cc1ccccc1F,94.0,6.026872146400302,2.1942000000000004,92.5,437.5119999999997,9,2,4,True
1564,CHEMBL565056,N[C@@H](CC(=O)N1CCC[C@H]1CNS(=O)(=O)c1ccc(F)cc1)Cc1ccccc1F,27.0,6.568636235841013,2.1942000000000004,92.5,437.5119999999997,9,2,4,True
1565,CHEMBL549432,N[C@@H](CC(=O)N1CCC[C@H]1CNS(=O)(=O)c1ccc(Cl)cc1)Cc1ccccc1F,20.0,6.698970004336019,2.7085,92.5,453.9669999999997,9,2,4,True
1566,CHEMBL560183,N[C@@H](CC(=O)N1CCC[C@H]1CNS(=O)(=O)c1cc(Cl)ccc1Cl)Cc1ccccc1F,24.0,6.619788758288394,3.361900000000001,92.5,488.4119999999998,9,2,4,True
1567,CHEMBL560184,N[C@@H](CC(=O)N1CCC[C@H]1CNS(=O)(=O)C1CC1)Cc1cccc(Cl)c1,30.0,6.522878745280337,1.6727,92.5,399.9439999999997,9,2,4,True
1568,CHEMBL563272,N[C@@H](CC(=O)N1CCC[C@H]1CNS(=O)(=O)C1CC1)Cc1cc(F)c(F)cc1F,7.999999999999998,7.096910013008056,1.4365999999999997,92.5,419.46899999999965,9,2,4,True
1569,CHEMBL385517,N#C[C@@H]1C[C@@H]2C[C@@H]2N1C(=O)[C@@H](N)C12CC3CC(CC(O)(C3)C1)C2,7.296059359109779,7.136911641342338,1.157979999999999,90.35000000000001,315.4169999999995,4,2,4,True
1570,CHEMBL539691,Cl.N#C[C@@H]1CS[C@H]2C[C@@H](N)C(=O)N12,105.0,5.978810700930062,-0.06711999999999996,70.11999999999999,219.6970000000001,1,1,4,True
1571,CHEMBL564670,Cl.N#C[C@@H]1CS[C@H]2C[C@](N)(c3ccccc3)C(=O)N12,26.0,6.585026652029182,1.45978,70.11999999999999,295.79499999999973,2,1,4,True
1572,CHEMBL560583,CC[C@@]1(N)C[C@@H]2SC[C@@H](C#N)N2C1=O.Cl,56.0,6.251811972993799,0.7130800000000002,70.12,247.75100000000012,3,1,4,True
1573,CHEMBL564854,CC(C)[C@@]1(N)C[C@@H]2SC[C@@H](C#N)N2C1=O.Cl,33.0,6.481486060122113,0.9590799999999999,70.12,261.77799999999996,4,1,4,True
1574,CHEMBL561263,CC(C)C[C@@]1(N)C[C@@H]2SC[C@@H](C#N)N2C1=O.Cl,63.0,6.200659450546418,1.34918,70.12,275.8049999999996,5,1,4,True
1575,CHEMBL563772,CC[C@H](C)[C@@]1(N)C[C@@H]2SC[C@@H](C#N)N2C1=O.Cl,53.0,6.275724130399211,1.34918,70.12,275.8049999999996,5,1,4,True
1576,CHEMBL561462,Cl.N#C[C@@H]1CS[C@H]2C[C@](N)(Cc3ccccc3)C(=O)N12,109.0,5.962573502059376,1.5457800000000002,70.11999999999999,309.8219999999997,3,1,4,True
1577,CHEMBL558956,Cl.N#C[C@@H]1CS[C@H]2C[C@](N)(C3CCCC3)C(=O)N12,89.0,6.050609993355087,1.49328,70.11999999999999,287.81599999999963,2,1,4,True
1578,CHEMBL560985,Cl.N#C[C@@H]1CS[C@H]2C[C@](N)(C3CCCCC3)C(=O)N12,59.0,6.229147988357856,1.88338,70.11999999999999,301.8429999999996,2,1,4,True
1579,CHEMBL558313,Cl.N#C[C@@H]1CS[C@H]2C[C@](N)(CCc3ccccc3)C(=O)N12,205.0,5.688246138944246,1.93588,70.11999999999999,323.8489999999997,4,1,4,True
1580,CHEMBL556219,Cl.N#C[C@@H]1CS[C@H]2C[C@](N)(CC3CCCCC3)C(=O)N12,118.0,5.928117992693875,2.27348,70.11999999999999,315.8699999999996,3,1,4,True
1581,CHEMBL552403,Cl.N#C[C@@H]1CS[C@H]2C[C@](N)(c3ccc(F)cc3)C(=O)N12,152.0,5.818156412055227,1.5988799999999999,70.11999999999999,313.7849999999998,2,1,4,True
1582,CHEMBL552068,Cl.N[C@H]1Cn2c(nc3cnccc32)C[C@@H]1c1cc(F)c(F)cc1F,17.0,6.769551078621726,2.9376000000000015,56.730000000000004,354.76299999999975,2,1,4,True
1583,CHEMBL556494,CC(=O)Nc1ccc2c(c1)nc1n2C[C@H](N)[C@@H](c2cc(F)c(F)cc2F)C1.O=C(O)C(F)(F)F,8.6,7.0655015487564325,3.7125000000000012,110.24,488.38799999999975,4,3,6,True
1584,CHEMBL563383,N[C@H]1Cn2c(nc3cc(C(=O)O)ccc32)C[C@@H]1c1cc(F)c(F)cc1F.O=C(O)C(F)(F)F,13.0,6.886056647693163,3.452300000000001,118.44000000000001,475.3449999999998,3,3,7,True
1585,CHEMBL550801,N[C@H]1Cn2c(nc3ccc(C(F)(F)F)cc32)C[C@@H]1c1cc(F)c(F)cc1F.O=C(O)C(F)(F)F,47.0,6.327902142064283,4.772900000000002,81.14,499.3329999999998,2,2,5,True
1586,CHEMBL552479,N[C@H]1Cn2c(nc3cc(C(F)(F)F)ccc32)C[C@@H]1c1cc(F)c(F)cc1F.O=C(O)C(F)(F)F,14.0,6.853871964321762,4.772900000000002,81.14,499.3329999999998,2,2,5,True
1587,CHEMBL562953,Cc1ccc2c(c1)nc1n2C[C@H](N)[C@@H](c2cc(F)c(F)cc2F)C1.O=C(O)C(F)(F)F,18.0,6.7447274948966935,4.062520000000002,81.14,445.3629999999998,3,2,5,True
1588,CHEMBL550598,COc1ccc2c(c1)nc1n2C[C@H](N)[C@@H](c2cc(F)c(F)cc2F)C1.O=C(O)C(F)(F)F,28.0,6.552841968657781,3.7627000000000015,90.37,461.36199999999974,4,2,6,True
1589,CHEMBL562530,N[C@H]1Cn2c(nc3c(F)c(F)c(F)cc32)C[C@@H]1c1cc(F)c(F)cc1F.O=C(O)C(F)(F)F,22.0,6.657577319177793,4.171400000000001,81.14,485.30599999999987,2,2,5,True
1590,CHEMBL558253,N[C@H]1Cn2c(nc3c(F)cc(F)cc32)C[C@@H]1c1cc(F)c(F)cc1F.O=C(O)C(F)(F)F,47.0,6.327902142064283,4.032300000000002,81.14,467.31599999999986,2,2,5,True
1591,CHEMBL560669,N[C@H]1Cn2c(nc3ccc(F)cc32)C[C@@H]1c1cc(F)c(F)cc1F.O=C(O)C(F)(F)F,17.0,6.769551078621726,3.893200000000002,81.14,449.3259999999998,2,2,5,True
1592,CHEMBL552071,N[C@H]1Cn2c(nc3cc(F)ccc32)C[C@@H]1c1cc(F)c(F)cc1F.O=C(O)C(F)(F)F,77.0,6.113509274827518,3.893200000000002,81.14,449.3259999999998,2,2,5,True
1593,CHEMBL537962,N[C@H]1Cn2c(nc3c(F)cccc32)C[C@@H]1c1cc(F)c(F)cc1F.O=C(O)C(F)(F)F,30.0,6.522878745280337,3.893200000000002,81.14,449.3259999999998,2,2,5,True
1594,CHEMBL549913,N[C@H]1Cn2c(nc3ccccc32)C[C@@H]1c1cc(F)c(F)cc1F.O=C(O)C(F)(F)F,68.0,6.167491087293763,3.754100000000002,81.14,431.3359999999998,2,2,5,True
1595,CHEMBL558647,N[C@@H](CC(=O)N1CCC[C@H]1CN(C1CC1)S(=O)(=O)C(F)(F)F)Cc1cc(F)c(F)cc1F,2.7,7.568636235841012,2.668800000000001,83.71000000000001,487.46599999999967,9,1,4,True
1596,CHEMBL558452,CN(C[C@@H]1CCCN1C(=O)C[C@H](N)Cc1cc(F)c(F)cc1F)S(=O)(=O)C(F)(F)F,1.5,7.823908740944319,2.1361999999999997,83.71000000000001,461.42799999999966,9,1,4,True
1597,CHEMBL559602,N[C@@H](CC(=O)N1CCC[C@H]1CNS(=O)(=O)CC(F)(F)F)Cc1cc(F)c(F)cc1F,5.6,7.251811972993799,1.8364999999999996,92.5,461.4279999999997,9,2,4,True
1598,CHEMBL564283,N[C@@H](CC(=O)N1CCC[C@H]1CNS(=O)(=O)C(F)(F)F)Cc1cc(F)c(F)cc1F,12.0,6.920818753952375,1.7939999999999996,92.5,447.4009999999997,8,2,4,True
1599,CHEMBL559543,CS(=O)(=O)NC[C@@H]1CCCN1C(=O)C[C@H](N)Cc1cc(F)c(F)cc1F,27.0,6.568636235841013,0.9040000000000002,92.5,393.43099999999964,9,2,4,True
1600,CHEMBL559601,CN(C[C@@H]1CCCN1C(=O)C[C@H](N)Cc1cc(F)c(F)cc1F)C(=O)C(C)(F)F,7.8,7.107905397309519,2.4684,66.64,421.4099999999996,10,1,3,True
1601,CHEMBL550321,CN(C[C@@H]1CCCN1C(=O)C[C@H](N)Cc1cc(F)c(F)cc1F)C(=O)C(C)(C)C,6.8,7.167491087293763,2.859300000000001,66.64,413.4839999999996,8,1,3,True
1602,CHEMBL564105,CN(C[C@@H]1CCCN1C(=O)C[C@H](N)Cc1cc(F)c(F)cc1F)C(=O)C1CC1,1.1,7.958607314841775,2.2232000000000003,66.64,397.44099999999963,9,1,3,True
1603,CHEMBL550114,N[C@@H](CC(=O)N1CCC[C@H]1CNC(=O)CC(F)(F)F)Cc1cc(F)c(F)cc1F,3.5,7.455931955649724,2.4234,75.43,425.3729999999997,8,2,3,True
1604,CHEMBL557860,CC(F)(F)C(=O)NC[C@@H]1CCCN1C(=O)C[C@H](N)Cc1cc(F)c(F)cc1F,5.9,7.229147988357855,2.1262,75.43,407.3829999999997,9,2,3,True
1605,CHEMBL558323,CC(C)(F)C(=O)NC[C@@H]1CCCN1C(=O)C[C@H](N)Cc1cc(F)c(F)cc1F,6.3,7.200659450546418,2.2191,75.43,403.4199999999996,10,2,3,True
1606,CHEMBL558322,CC(C)(C)C(=O)NC[C@@H]1CCCN1C(=O)C[C@H](N)Cc1cc(F)c(F)cc1F,3.7,7.431798275933005,2.517100000000001,75.43,399.45699999999954,7,2,3,True
1607,CHEMBL557723,N[C@@H](CC(=O)N1CCC[C@H]1CNC(=O)C1CCCC1)Cc1cc(F)c(F)cc1F,4.8,7.318758762624412,2.6612,75.43,411.4679999999995,8,2,3,True
1608,CHEMBL563901,N[C@@H](CC(=O)N1CCC[C@H]1CNC(=O)C1CCC1)Cc1cc(F)c(F)cc1F,2.2,7.657577319177793,2.2710999999999997,75.43,397.4409999999995,8,2,3,True
1609,CHEMBL554908,N[C@@H](CC(=O)N1CCC[C@H]1CNC(=O)C1CC1(F)F)Cc1cc(F)c(F)cc1F,1.3,7.886056647693163,2.1262,75.43,419.39399999999966,8,2,3,True
1610,CHEMBL552069,N[C@@H](CC(=O)N1CCC[C@H]1CNC(=O)C1(C(F)(F)F)CC1)Cc1cc(F)c(F)cc1F,2.7,7.568636235841012,2.8135000000000012,75.43,451.4109999999997,8,2,3,True
1611,CHEMBL549992,N[C@@H](CC(=O)N1CCC[C@H]1COCC1CC1)Cc1cc(F)c(F)cc1F,10.0,7.0,2.7814000000000005,55.56,370.4149999999995,9,1,3,True
1612,CHEMBL557315,N[C@@H](CC(=O)N1CCC[C@H]1COc1ccnc(C(F)(F)F)n1)Cc1cc(F)c(F)cc1F,6.1,7.214670164989233,3.2426000000000013,81.34,462.3939999999997,8,1,5,True
1613,CHEMBL565101,N#Cc1ccnc(OC[C@@H]2CCCN2C(=O)C[C@H](N)Cc2cc(F)c(F)cc2F)c1,2.3,7.638272163982407,2.7004800000000007,92.24,418.4189999999997,8,1,5,True
1614,CHEMBL563849,N#Cc1ccc(OC[C@@H]2CCCN2C(=O)C[C@H](N)Cc2cc(F)c(F)cc2F)nc1,2.0,7.698970004336019,2.7004800000000007,92.24,418.41899999999964,8,1,5,True
1615,CHEMBL549296,N[C@@H](CC(=O)N1CCC[C@H]1CNc1nccc(C(F)(F)F)n1)Cc1cc(F)c(F)cc1F,3.9,7.4089353929735005,3.2757000000000014,84.14,461.4099999999997,8,2,5,True
1616,CHEMBL549581,N[C@@H](CC(=O)N1CCC[C@H]1CNc1ncc(F)cn1)Cc1cc(F)c(F)cc1F,7.1,7.1487416512809245,2.396,84.14,411.4029999999997,8,2,5,True
1617,CHEMBL564488,N[C@@H](CC(=O)N1CCC[C@H]1CNc1ncccn1)Cc1cc(F)c(F)cc1F,5.4,7.267606240177032,2.2569,84.14,393.4129999999996,8,2,5,True
1618,CHEMBL562467,N[C@@H](CC(=O)N1CCC[C@H]1CNc1ccc(C(F)(F)F)nc1)Cc1cc(F)c(F)cc1F,15.0,6.823908740944319,3.8807000000000027,71.25,460.4219999999997,8,2,4,True
1619,CHEMBL556708,N[C@@H](CC(=O)N1CCC[C@H]1CNc1ccc(F)cn1)Cc1cc(F)c(F)cc1F,6.3,7.200659450546418,3.0010000000000012,71.25,410.4149999999997,8,2,4,True
1620,CHEMBL562072,N#Cc1cccnc1NC[C@@H]1CCCN1C(=O)C[C@H](N)Cc1cc(F)c(F)cc1F,3.2,7.494850021680094,2.733580000000001,95.04,417.43499999999966,8,2,5,True
1621,CHEMBL552127,CN(C[C@@H]1CCCN1C(=O)C[C@H](N)Cc1cc(F)c(F)cc1F)c1ccc(C#N)cn1,4.0,7.397940008672037,2.757880000000001,86.25,431.4619999999997,9,1,5,True
1622,CHEMBL563244,N#Cc1ccc(NC[C@@H]2CCCN2C(=O)C[C@H](N)Cc2cc(F)c(F)cc2F)nc1,3.5,7.455931955649724,2.733580000000001,95.04,417.43499999999966,8,2,5,True
1623,CHEMBL1202082,CCCCN1CCN(CCNCC(=O)N2CCC[C@@H]2C#N)C1=O.O=C(O)C(=O)O,53.5,6.271646217978772,-0.21611999999999681,154.28,411.4589999999996,9,3,8,True
1624,CHEMBL1202090,CC(C)(C)N1CCN(CCNCC(=O)N2CCC[C@@H]2C#N)C1=O.O=C(O)C(=O)O,68.1,6.166852888087215,-0.21771999999999664,154.28,411.4589999999996,5,3,8,True
1625,CHEMBL1202091,CC(C)N1CCN(CCNCC(=O)N2CCC[C@@H]2C#N)C1=O.O=C(O)C(=O)O,47.8,6.320572103387881,-0.6078199999999956,154.28,397.4319999999997,8,3,8,True
1626,CHEMBL1202092,N#C[C@H]1CCCN1C(=O)CNCCN1CCN(C2CCCCC2)C1=O.O=C(O)C(=O)O,68.6,6.163675884293248,0.3164800000000024,154.28,437.4969999999996,6,3,8,True
1627,CHEMBL1202083,N#C[C@H]1CCCN1C(=O)CNCCN1CCN(c2ccccc2)C1=O.O=C(O)C(=O)O,34.8,6.458420756053419,0.18838000000000277,154.28,431.4489999999997,6,3,8,True
1628,CHEMBL1202086,Cc1ccc(N2CCN(CCNCC(=O)N3CCC[C@@H]3C#N)C2=O)cc1.O=C(O)C(=O)O,29.3,6.533132379645891,0.4968000000000016,154.28,445.4759999999997,7,3,8,True
1629,CHEMBL1202093,COc1ccc(N2CCN(CCNCC(=O)N3CCC[C@@H]3C#N)C2=O)cc1.O=C(O)C(=O)O,82.4,6.084072788302884,0.1969800000000016,163.51,461.47499999999974,8,3,9,True
1630,CHEMBL1202081,COc1cccc(N2CCN(CCNCC(=O)N3CCC[C@@H]3C#N)C2=O)c1.O=C(O)C(=O)O,65.1,6.186419011431808,0.1969800000000025,163.51,461.47499999999974,8,3,9,True
1631,CHEMBL1202089,N#C[C@H]1CCCN1C(=O)CNCCN1CCN(c2ccc(Cl)cc2)C1=O.O=C(O)C(=O)O,25.8,6.58838029403677,0.8417800000000006,154.28,465.8939999999997,6,3,8,True
1632,CHEMBL1202087,N#C[C@H]1CCCN1C(=O)CNCCN1CCN(c2ccc(F)cc2)C1=O.O=C(O)C(=O)O,44.5,6.351639989019068,0.327480000000001,154.28,449.43899999999974,6,3,8,True
1633,CHEMBL1202088,N#C[C@H]1CCCN1C(=O)CNCCN1CCN(c2cccc(F)c2)C1=O.O=C(O)C(=O)O,60.1,6.221125527997261,0.327480000000001,154.28,449.43899999999974,6,3,8,True
1634,CHEMBL1202084,N#C[C@H]1CCCN1C(=O)CNCCN1CCN(c2ccccc2F)C1=O.O=C(O)C(=O)O,133.6,5.874193541860473,0.327480000000001,154.28,449.43899999999974,6,3,8,True
1635,CHEMBL1202094,COc1cc(OC)cc(N2CCN(CCNCC(=O)N3CCC[C@@H]3C#N)C2=O)c1.O=C(O)C(=O)O,20.4,6.690369832574102,0.20558000000000198,172.73999999999998,491.50099999999975,10,3,10,True
1636,CHEMBL1202080,COc1ccc(N2CCN(CCNCC(=O)N3CCC[C@@H]3C#N)C2=O)cc1OC.O=C(O)C(=O)O,2.0,7.698970004336019,0.20558000000000176,172.73999999999998,491.50099999999975,10,3,10,True
1637,CHEMBL567263,N[C@@H](CCN1CCC[C@H]1CNC(=O)c1ccccc1)Cc1ccccc1F,90.0,6.045757490560675,2.9800000000000013,58.36,369.4839999999995,9,2,3,True
1638,CHEMBL566460,N[C@@H](CCN1CCC[C@H]1c1nc(-c2ccccc2)no1)Cc1ccccc1F,31.0,6.508638306165727,3.9727000000000032,68.18,380.46699999999964,8,1,5,True
1639,CHEMBL585663,N[C@@H](CCN1CCC[C@H]1c1noc(-c2ccccc2)n1)Cc1ccccc1F,90.0,6.045757490560675,3.9727000000000032,68.18,380.46699999999964,8,1,5,True
1640,CHEMBL565613,N[C@@H](CCN1CCC[C@H]1c1ncn(-c2ccccc2)n1)Cc1ccccc1F,62.0,6.2076083105017466,3.503400000000002,59.97,379.4829999999996,8,1,5,True
1641,CHEMBL584276,N[C@@H](CCN1CCC[C@H]1c1nnc(-c2ccccc2)o1)Cc1ccccc1F,120.0,5.920818753952375,3.9727000000000032,68.18,380.46699999999964,8,1,5,True
1642,CHEMBL566617,N[C@@H](CCN1CCC[C@H]1c1nc(-c2ccccc2)co1)Cc1ccccc1F,76.0,6.119186407719209,4.5777000000000045,55.29,379.4789999999996,8,1,4,True
1643,CHEMBL565999,N[C@@H](CCN1CCC[C@H]1c1ccn(-c2ccccc2)n1)Cc1ccccc1F,180.0,5.7447274948966935,4.108400000000003,47.08,378.4949999999996,8,1,4,True
1644,CHEMBL566854,N[C@@H](CCN1CCC[C@H]1c1cn(-c2ccccc2)nn1)Cc1ccccc1F,130.0,5.886056647693163,3.503400000000002,59.97,379.4829999999996,8,1,5,True
1645,CHEMBL1090,Nc1ncnc2c1ncn2[C@@H]1O[C@H](CO)[C@@H](O)[C@@H]1O,62.0,6.2076083105017466,-1.9800000000000006,139.54000000000002,267.2449999999998,6,4,9,True
1646,CHEMBL567278,N[C@@H](CC(=O)N1CCC[C@H]1c1nc(C2CC2)no1)Cc1cc(F)c(F)cc1F,7.0,7.154901959985743,2.9879000000000007,85.25000000000001,394.39699999999965,7,1,5,True
1647,CHEMBL565633,CC(C)(C)c1noc([C@@H]2CCCN2C(=O)C[C@H](N)Cc2cc(F)c(F)cc2F)n1,2.0,7.698970004336019,3.4080000000000013,85.25,410.4399999999996,6,1,5,True
1648,CHEMBL566672,N[C@@H](CC(=O)N1CCC[C@H]1c1nc(CC2CC2)no1)Cc1cc(F)c(F)cc1F,3.0,7.522878745280337,3.0630000000000006,85.25000000000001,408.42399999999964,8,1,5,True
1649,CHEMBL565813,N[C@@H](CC(=O)N1CCC[C@H]1c1nc(C2(C(F)(F)F)CC2)no1)Cc1cc(F)c(F)cc1F,2.0,7.698970004336019,3.7044000000000024,85.25000000000001,462.3939999999998,7,1,5,True
1650,CHEMBL585129,N[C@@H](CC(=O)N1CCC[C@H]1c1nc(N2CCOCC2)no1)Cc1cc(F)c(F)cc1F,4.0,7.397940008672037,1.9470999999999994,97.72000000000001,439.43799999999965,7,1,7,True
1651,CHEMBL566616,N[C@@H](CC(=O)N1CCC[C@H]1c1nc(N2CCCC2)no1)Cc1cc(F)c(F)cc1F,4.0,7.397940008672037,2.710700000000001,88.49000000000001,423.4389999999997,7,1,6,True
1652,CHEMBL566425,CS(=O)(=O)N1CC(c2noc([C@@H]3CCCN3C(=O)C[C@H](N)Cc3cc(F)c(F)cc3F)n2)C1,1.0,8.0,1.4692999999999996,122.63,487.50399999999973,9,1,7,True
1653,CHEMBL567279,CC(=O)N1CC(c2noc([C@@H]3CCCN3C(=O)C[C@H](N)Cc3cc(F)c(F)cc3F)n2)C1,5.0,7.301029995663981,2.0562,105.56,451.44899999999967,8,1,6,True
1654,CHEMBL584494,N[C@@H](CC(=O)N1CCC[C@H]1c1nc(-c2ccccn2)no1)Cc1cc(F)c(F)cc1F,10.0,7.0,3.172500000000001,98.14000000000001,431.4179999999997,7,1,6,True
1655,CHEMBL566628,N[C@@H](CC(=O)N1CCC[C@H]1c1nc(-c2cnccn2)no1)Cc1cc(F)c(F)cc1F,2.0,7.698970004336019,2.5675,111.03000000000002,432.4059999999998,7,1,7,True
1656,CHEMBL567727,N[C@@H](CC(=O)N1CCC[C@H]1c1nc(-c2ncccn2)no1)Cc1cc(F)c(F)cc1F,4.0,7.397940008672037,2.5675,111.03000000000002,432.4059999999998,7,1,7,True
1657,CHEMBL566829,N[C@@H](CC(=O)N1CCC[C@H]1c1nc(-c2ncc(F)cc2F)no1)Cc1cc(F)c(F)cc1F,3.0,7.522878745280337,3.450700000000002,98.14000000000001,467.3979999999998,7,1,6,True
1658,CHEMBL566419,N[C@@H](CC(=O)N1CCC[C@H]1c1noc(C2CC2)n1)Cc1cc(F)c(F)cc1F,17.0,6.769551078621726,2.9879000000000007,85.25000000000001,394.39699999999965,7,1,5,True
1659,CHEMBL584692,N[C@@H](CC(=O)N1CCC[C@H]1c1noc(C2(C(F)(F)F)CC2)n1)Cc1cc(F)c(F)cc1F,11.0,6.958607314841775,3.7044000000000024,85.25000000000001,462.3939999999998,7,1,5,True
1660,CHEMBL584698,N[C@@H](CC(=O)N1CCC[C@H]1c1noc(C2(O)CC2)n1)Cc1cc(F)c(F)cc1F,17.0,6.769551078621726,2.091899999999999,105.48000000000002,410.3959999999997,8,2,6,True
1661,CHEMBL585290,N[C@@H](CC(=O)N1CCC[C@H]1c1noc(C2(F)CC2)n1)Cc1cc(F)c(F)cc1F,22.0,6.657577319177793,3.0691000000000015,85.25000000000001,412.3869999999997,7,1,5,True
1662,CHEMBL567728,CC(C)(F)c1nc([C@@H]2CCCN2C(=O)C[C@H](N)Cc2cc(F)c(F)cc2F)no1,16.0,6.795880017344075,3.315100000000001,85.25,414.4029999999997,9,1,5,True
1663,CHEMBL565600,CC1(c2nc([C@@H]3CCCN3C(=O)C[C@H](N)Cc3cc(F)c(F)cc3F)no2)COC1,2.0,7.698970004336019,2.3984000000000005,94.48,424.4229999999997,8,1,6,True
1664,CHEMBL567270,N[C@@H](CC(=O)N1CCC[C@H]1c1ncn(-c2ccccn2)n1)Cc1cc(F)c(F)cc1F,28.0,6.552841968657781,2.7032,89.93,430.4339999999997,7,1,6,True
1665,CHEMBL568111,CC(C)(C)c1nc([C@@H]2CCCN2C(=O)C[C@H](N)Cc2cc(F)c(F)cc2F)no1,32.0,6.494850021680094,3.4080000000000013,85.25,410.4399999999996,6,1,5,True
1666,CHEMBL590326,COc1cc2c(cc1OC)C1CC(N)C(N3CCCC3=O)CN1CC2,510.0,5.292429823902063,1.3250000000000002,68.03,345.44299999999953,6,1,5,True
1667,CHEMBL592779,COc1cc2c(cc1OC)C1CC(N)C(N3CCCCC3=O)CN1CC2,30.0,6.522878745280337,1.7150999999999998,68.03,359.4699999999995,6,1,5,True
1668,CHEMBL592778,COc1cc2c(cc1OC)[C@@H]1C[C@H](N)[C@@H](N3CCCCC3=O)CN1CC2,22.0,6.657577319177793,1.7150999999999998,68.03,359.4699999999995,6,1,5,True
1669,CHEMBL600440,COc1cc2c(cc1OC)[C@H]1C[C@@H](N)[C@H](N3CCCCC3=O)CN1CC2,7800.0,4.107905397309519,1.7150999999999998,68.03,359.4699999999995,6,1,5,True
1670,CHEMBL592547,COc1cc2c(cc1OC)C1CC(N)C(N3CCCCCC3=O)CN1CC2,430.0,5.366531544420414,2.1052,68.03,373.4969999999995,6,1,5,True
1671,CHEMBL605285,COc1cc2c(cc1OC)C1CC(N)C(N3CCC[S+]3[O-])CN1CC2,1330.0,4.876148359032914,1.0719999999999996,74.02,365.49899999999957,6,1,6,True
1672,CHEMBL589598,COc1cc2c(cc1OC)C1CC(N)C(N3CCCC[S+]3[O-])CN1CC2,142.0,5.847711655616943,1.4621000000000002,74.02,379.5259999999995,6,1,6,True
1673,CHEMBL590330,COc1cc2c(cc1OC)C1CC(N)C(N3CCOC3=O)CN1CC2,1150.0,4.939302159646388,1.1548,77.26,347.4149999999996,6,1,6,True
1674,CHEMBL600045,COc1cc2c(cc1OC)C1CC(N)C(N3CCCOC3=O)CN1CC2,142.0,5.847711655616943,1.5448999999999997,77.26,361.4419999999996,6,1,6,True
1675,CHEMBL590086,COc1cc2c(cc1OC)C1CC(N)C(N3CCC(C)CC3=O)CN1CC2,19.0,6.721246399047171,1.9610999999999998,68.03,373.4969999999995,7,1,5,True
1676,CHEMBL590329,COc1cc2c(cc1OC)C1CC(N)C(N3CC(C)CCC3=O)CN1CC2,3.7,7.431798275933005,1.9610999999999998,68.03,373.4969999999995,7,1,5,True
1677,CHEMBL590812,COc1cc2c(cc1OC)C1CC(N)C(N3CC(C)CC3=O)CN1CC2,9.3,7.031517051446065,1.5710000000000002,68.03,359.4699999999995,7,1,5,True
1678,CHEMBL601074,CCC1CC(=O)N(C2CN3CCc4cc(OC)c(OC)cc4C3CC2N)C1,13.0,6.886056647693163,1.9610999999999998,68.03,373.4969999999995,8,1,5,True
1679,CHEMBL591060,COc1cc2c(cc1OC)C1CC(N)C(N3CCC(C)C3=O)CN1CC2,10000.0,4.0,1.5710000000000002,68.03,359.4699999999995,7,1,5,True
1680,CHEMBL591289,COc1cc2c(cc1OC)C1CC(N)C(N3C(=O)CCC3C)CN1CC2,2200.0,4.657577319177793,1.7135,68.03,359.4699999999996,7,1,5,True
1681,CHEMBL591290,COc1cc2c(cc1OC)[C@@H]1C[C@H](N)[C@@H](N3C[C@@H](C)CC3=O)CN1CC2,13.0,6.886056647693163,1.5710000000000002,68.03,359.4699999999995,7,1,5,True
1682,CHEMBL591291,COc1cc2c(cc1OC)[C@@H]1C[C@H](N)[C@@H](N3C[C@H](C)CC3=O)CN1CC2,2.6,7.585026652029182,1.5710000000000002,68.03,359.4699999999995,7,1,5,True
1683,CHEMBL591118,COc1cc2c(cc1OC)[C@@H]1C[C@H](N)[C@@H](N3C[C@@H](CF)CC3=O)CN1CC2,6.800000000000001,7.167491087293763,1.5206,68.03,377.4599999999996,7,1,5,True
1684,CHEMBL591117,COc1cc2c(cc1OC)[C@@H]1C[C@H](N)[C@@H](N3C[C@H](CF)CC3=O)CN1CC2,3.6,7.443697499232712,1.5206,68.03,377.4599999999996,7,1,5,True
1685,CHEMBL591982,CCc1cccc([C@H]2CN3CCc4cc(OC)c(OC)cc4[C@@H]3CC2N)c1,61.0,6.214670164989233,3.680200000000002,47.72,366.50499999999954,8,1,4,True
1686,CHEMBL591277,COc1cc2c(cc1OC)[C@@H]1CC(N)[C@@H](c3cccc(C4CC4)c3)CN1CC2,38.0,6.42021640338319,3.995200000000003,47.720000000000006,378.51599999999956,7,1,4,True
1687,CHEMBL591278,COc1cc2c(cc1OC)[C@@H]1CC(N)[C@@H](c3cccc(C(C)C)c3)CN1CC2,5500.0,4.259637310505756,4.241200000000004,47.720000000000006,380.5319999999995,9,1,4,True
1688,CHEMBL591279,COc1cc2c(cc1OC)[C@@H]1CC(N)[C@@H](c3cccc(CF)c3)CN1CC2,0.5,8.301029995663981,3.5873000000000026,47.720000000000006,370.46799999999956,7,1,4,True
1689,CHEMBL601937,COc1cc2c(cc1OC)[C@@H]1CC(N)[C@@H](c3cc(C)ccc3C)CN1CC2,1.7,7.769551078621726,3.7346400000000033,47.720000000000006,366.50499999999954,8,1,4,True
1690,CHEMBL598470,COc1cc2c(cc1OC)[C@@H]1CC(N)[C@@H](c3cc(CF)ccn3)CN1CC2,1.2,7.920818753952375,2.9823000000000013,60.61000000000001,371.4559999999996,7,1,5,True
1691,CHEMBL590557,COc1cc2c(cc1OC)[C@@H]1C[C@H](N)[C@@H](c3cc(C)ccn3)CN1CC2,11.0,6.958607314841775,2.821220000000001,60.61000000000001,353.46599999999955,7,1,5,True
1692,CHEMBL598754,COc1cc2c(cc1OC)[C@H]1C[C@@H](N)[C@H](c3cc(C)ccn3)CN1CC2,53000.0,3.275724130399211,2.821220000000001,60.61000000000001,353.46599999999955,7,1,5,True
1693,CHEMBL598755,COc1cc2c(cc1OC)[C@@H]1CC(N)[C@@H](c3cc(C)ccn3)CN1CC2,19.0,6.721246399047171,2.821220000000001,60.61000000000001,353.46599999999955,7,1,5,True
1694,CHEMBL1083589,Cl.N#C[C@@H]1CCCN1C(=O)CN[C@H]1C[C@H]2C[C@@H](O)C[C@H]2C1,12.0,6.920818753952375,1.0618799999999997,76.36,313.82899999999955,4,2,4,True
1695,CHEMBL1082653,CO[C@H]1C[C@H]2C[C@@H](NCC(=O)N3CCC[C@H]3C#N)C[C@H]2C1.Cl,8.0,7.096910013008056,1.7159799999999998,65.36,327.85599999999954,5,1,4,True
1696,CHEMBL1082654,CCO[C@H]1C[C@H]2C[C@@H](NCC(=O)N3CCC[C@H]3C#N)C[C@H]2C1.Cl,59.0,6.229147988357856,2.10608,65.36,341.88299999999947,6,1,4,True
1697,CHEMBL1082973,CN(C)C(=O)O[C@H]1C[C@H]2C[C@@H](NCC(=O)N3CCC[C@H]3C#N)C[C@H]2C1.Cl,65.0,6.187086643357144,1.7677799999999997,85.67,384.9079999999995,6,1,5,True
1698,CHEMBL1082974,CCN(CC)C(=O)O[C@H]1C[C@H]2C[C@@H](NCC(=O)N3CCC[C@H]3C#N)C[C@H]2C1.Cl,80.0,6.096910013008056,2.5479800000000004,85.67,412.9619999999995,8,1,5,True
1699,CHEMBL1083916,CC(C)NC(=O)O[C@H]1C[C@H]2C[C@@H](NCC(=O)N3CCC[C@H]3C#N)C[C@H]2C1.Cl,204.0,5.690369832574101,2.2041799999999996,94.46000000000001,398.93499999999955,7,2,5,True
1700,CHEMBL1084473,CC(C)(C)NC(=O)O[C@H]1C[C@H]2C[C@@H](NCC(=O)N3CCC[C@H]3C#N)C[C@H]2C1.Cl,326.0,5.486782399932061,2.594280000000001,94.46000000000001,412.9619999999995,4,2,5,True
1701,CHEMBL1082345,Cl.N#C[C@@H]1CCCN1C(=O)CN[C@@H]1C[C@@H]2C[C@H](OC(=O)Nc3ccccc3)C[C@@H]2C1,121.0,5.91721462968355,3.3182800000000023,94.46000000000001,432.95199999999966,5,2,5,True
1702,CHEMBL1082346,CO[C@@H]1C[C@H]2C[C@@H](NCC(=O)N3CCC[C@H]3C#N)C[C@H]2C1.Cl,27.0,6.568636235841013,1.7159799999999998,65.36,327.85599999999954,5,1,4,True
1703,CHEMBL1082347,CO[C@@H]1C[C@H]2C[C@H](NCC(=O)N3CCC[C@H]3C#N)C[C@H]2C1.Cl,27.0,6.568636235841013,1.7159799999999998,65.36,327.85599999999954,5,1,4,True
1704,CHEMBL1082348,CO[C@H]1C[C@H]2C[C@H](NCC(=O)N3CCC[C@H]3C#N)C[C@H]2C1.Cl,47.0,6.327902142064283,1.7159799999999998,65.36,327.85599999999954,5,1,4,True
1705,CHEMBL1082350,CC(=O)O[C@H]1C[C@H]2C[C@@H](NCC(=O)N3CCC[C@H]3C#N)C[C@H]2C1.Cl,32.0,6.494850021680094,1.63268,82.43,355.86599999999953,5,1,5,True
1706,CHEMBL1085552,COc1ccc(NC(=O)CC(C)(C)NCC(=O)N2C[C@@H](F)C[C@H]2C#N)nc1,17.999999999999996,6.744727494896694,1.2495799999999992,107.35000000000001,377.4199999999996,10,2,6,True
1707,CHEMBL1085306,CC(C)(CC(=O)Nc1ccccn1)NCC(=O)N1C[C@@H](F)C[C@H]1C#N,21.354156504062612,6.670517578667782,1.2409799999999997,98.12,347.39399999999966,8,2,5,True
1708,CHEMBL1085305,COc1ccc(NC(=O)CC(C)(C)NCC(=O)N2C[C@@H](F)C[C@H]2C#N)cc1OC,27.0,6.568636235841013,1.8631799999999994,103.69000000000001,406.45799999999963,12,2,6,True
1709,CHEMBL1084972,CC(C)(CC(=O)NC1CCCC1)NCC(=O)N1C[C@@H](F)C[C@H]1C#N,29.0,6.537602002101044,1.2660800000000005,85.23,338.42699999999957,8,2,4,True
1710,CHEMBL1084601,CC(C)(CC(=O)N1C2CCC1CC2)NCC(=O)N1C[C@@H](F)C[C@H]1C#N,66.0,6.180456064458132,1.36068,76.44,350.43799999999953,7,1,4,True
1711,CHEMBL1085598,CC(C)(CC(=O)N1CCCCCC1)NCC(=O)N1C[C@@H](F)C[C@H]1C#N,160.0,5.795880017344075,1.6098800000000004,76.44,352.4539999999995,7,1,4,True
1712,CHEMBL1085597,CCOC(=O)N1CCN(C(=O)CC(C)(C)NCC(=O)N2C[C@@H](F)C[C@H]2C#N)CC1,63.0,6.200659450546418,0.5079800000000019,105.97999999999999,411.47799999999955,9,1,6,True
1713,CHEMBL1085596,CN1CCN(C(=O)CC(C)(C)NCC(=O)N2C[C@@H](F)C[C@H]2C#N)CC1,93.0,6.031517051446065,-0.018719999999997183,79.68,353.44199999999955,8,1,5,True
1714,CHEMBL1085595,CC(C)(CC(=O)N1CCN(S(C)(=O)=O)CC1)NCC(=O)N1C[C@@H](F)C[C@H]1C#N,15.0,6.823908740944319,-0.6889199999999962,113.82,417.5069999999996,9,1,6,True
1715,CHEMBL1085333,CC(C)(CC(=O)N1CCOCC1)NCC(=O)N1C[C@@H](F)C[C@H]1C#N,13.49073756323204,6.869964306007462,0.06608000000000214,85.67,340.3989999999996,7,1,5,True
1716,CHEMBL1085332,CC(C)(CC(=O)N1CCC(=O)CC1)NCC(=O)N1C[C@@H](F)C[C@H]1C#N,26.0,6.585026652029182,0.3987800000000017,93.50999999999999,352.40999999999957,7,1,5,True
1717,CHEMBL1085075,CC(C)(CC(=O)N1CC=CCC1)NCC(=O)N1C[C@@H](F)C[C@H]1C#N,18.0,6.7447274948966935,0.9957800000000001,76.44,336.4109999999996,7,1,4,True
1718,CHEMBL1085074,CC(C)(CC(=O)N1CCCCC1)NCC(=O)N1C[C@@H](F)C[C@H]1C#N,13.999999999999996,6.853871964321762,1.2197799999999999,76.44,338.42699999999957,7,1,4,True
1719,CHEMBL1085580,CC(C)(CC(=O)N1CCSC1)NCC(=O)N1C[C@@H](F)C[C@H]1C#N,27.0,6.568636235841013,0.7401800000000003,76.44,342.4399999999996,7,1,5,True
1720,CHEMBL1085579,C[C@@H]1CCCN1C(=O)CC(C)(C)NCC(=O)N1C[C@@H](F)C[C@H]1C#N,32.0,6.494850021680094,1.21818,76.44,338.42699999999957,8,1,4,True
1721,CHEMBL1086039,CC(C)(CC(=O)N1CCC[C@H]1CO)NCC(=O)N1C[C@@H](F)C[C@H]1C#N,24.0,6.619788758288394,0.1905800000000013,96.67000000000002,354.42599999999953,9,2,5,True
1722,CHEMBL1082465,CC(C)(CC(=O)N1CC[C@@H](F)C1)NCC(=O)N1C[C@@H](F)C[C@H]1C#N,39.0,6.4089353929735005,0.7776800000000008,76.44,342.3899999999996,7,1,4,True
1723,CHEMBL1082464,CC(C)(CC(=O)N1CC[C@H](O)C1)NCC(=O)N1C[C@@H](F)C[C@H]1C#N,50.0,6.301029995663981,-0.19951999999999837,96.67000000000002,340.3989999999996,8,2,5,True
1724,CHEMBL1082463,CC(C)(CC(=O)N1CC[C@@H](O)C1)NCC(=O)N1C[C@@H](F)C[C@H]1C#N,21.977260975835907,6.658026434624244,-0.19951999999999837,96.67000000000002,340.3989999999996,8,2,5,True
1725,CHEMBL1082462,CC(C)(CC(=O)N1CCCC1)NCC(=O)N1C[C@@H](F)C[C@H]1C#N,7.071067811865476,7.150514997831991,0.8296800000000002,76.44,324.3999999999996,7,1,4,True
1726,CHEMBL1086502,CC(C)(CC(=O)N1CC[C@@H](O)C1)NCC(=O)N1CCC[C@H]1C#N,180.0,5.7447274948966935,-0.14751999999999876,96.67000000000002,322.40899999999954,8,2,5,True
1727,CHEMBL1082997,CC(C)(CC(=O)N1CCCC1)NCC(=O)N1CCC[C@H]1C#N,71.0,6.1487416512809245,0.8816800000000007,76.44,306.4099999999995,7,1,4,True
1728,CHEMBL1082996,C#C[C@@H]1C[C@H](F)CN1C(=O)CC(C)(C)CC(=O)N[C@H]1C[C@@H]1c1cccc(Cl)c1,421.74636927897774,5.374948647467687,3.6907000000000023,49.410000000000004,404.9129999999996,8,1,2,True
1729,CHEMBL1085269,CN(C)C(=O)N1C[C@H]2C[C@@H](NCC(=O)N3CCC[C@H]3C#N)C[C@H]2C1,9.000000000000002,7.045757490560675,0.4825800000000007,79.68,333.4359999999995,5,1,4,True
1730,CHEMBL1085522,CC(C)NC(=O)N1C[C@H]2C[C@@H](NCC(=O)N3CCC[C@H]3C#N)C[C@H]2C1,120.0,5.920818753952375,0.918980000000001,88.47,347.46299999999957,6,2,4,True
1731,CHEMBL1082707,N#C[C@@H]1CCCN1C(=O)CN[C@@H]1C[C@@H]2CN(C(=O)N3CCCC3)C[C@@H]2C1,39.0,6.4089353929735005,1.016780000000001,79.67999999999999,359.4739999999996,3,1,4,True
1732,CHEMBL1082708,N#C[C@@H]1CCCN1C(=O)CN[C@@H]1C[C@@H]2CN(C(=O)N3CCCCC3)C[C@@H]2C1,69.0,6.161150909262744,1.4068800000000006,79.67999999999999,373.5009999999996,3,1,4,True
1733,CHEMBL1082716,N#C[C@@H]1CCCN1C(=O)CN[C@@H]1C[C@@H]2CN(C(=O)N3CCOCC3)C[C@@H]2C1,50.0,6.301029995663981,0.2531800000000015,88.91,375.4729999999996,3,1,5,True
1734,CHEMBL1083031,COC(=O)N1C[C@H]2C[C@@H](NCC(=O)N3CCC[C@H]3C#N)C[C@H]2C1,24.0,6.619788758288394,0.56738,85.67,320.3929999999996,4,1,5,True
1735,CHEMBL1083032,N#C[C@@H]1CCCN1C(=O)CN[C@@H]1C[C@@H]2CN(C(=O)CO)C[C@@H]2C1,14.0,6.853871964321762,-0.6801199999999985,96.67,320.3929999999996,5,2,5,True
1736,CHEMBL1086466,CN(C)C(=O)N1C[C@H]2C[C@H](NCC(=O)N3CCC[C@H]3C#N)C[C@H]2C1,83.0,6.080921907623926,0.4825800000000007,79.68,333.4359999999995,5,1,4,True
1737,CHEMBL1083287,CN(C)C(=O)N1C[C@@H]2C[C@](C)(NCC(=O)N3CCC[C@H]3C#N)C[C@@H]2C1,13.0,6.886056647693163,0.8726800000000003,79.68,347.4629999999995,6,1,4,True
1738,CHEMBL1083588,CN(C)C(=O)N1C[C@@H]2C[C@@](C)(NCC(=O)N3CCC[C@H]3C#N)C[C@@H]2C1,13.0,6.886056647693163,0.8726800000000003,79.68,347.4629999999995,6,1,4,True
1739,CHEMBL387050,O=C1c2ccccc2CN1CC(=O)N1CCC[C@H]1B(O)O,8000.0,4.096910013008056,-0.3545999999999997,81.08000000000001,288.1119999999997,5,2,4,True
1740,CHEMBL1243372,N#C[C@@H]1CCCN1C(=O)[C@@H](N)CCCN1Cc2ccccc2C1=O,10.0,7.0,1.2644799999999994,90.43,326.39999999999964,6,1,4,True
1741,CHEMBL1243184,O=C1N[C@H](C(=O)N2CCC[C@H]2B(O)O)C[C@H]1CC(=O)N1Cc2ccccc2C1,570.0,5.2441251443275085,-0.5733999999999986,110.17999999999999,385.2289999999997,6,3,5,True
1742,CHEMBL1276590,N[C@@H](CC(=O)N1CCN2C(=O)OCC2C1)Cc1cc(F)c(F)cc1F.O=C(O)/C=C/C(=O)O,2300.0,4.638272163982407,0.7385999999999998,150.47000000000003,473.40399999999977,7,3,8,True
1743,CHEMBL1276619,CN1CC2CN(C(=O)C[C@H](N)Cc3cc(F)c(F)cc3F)CCN2C1=O.O=C(O)/C=C/C(=O)O,1240.0,4.906578314837765,0.6538000000000007,144.48,486.4469999999998,8,3,7,True
1744,CHEMBL1276591,N[C@@H](CC(=O)N1CCN2C(=O)NCC2C1)Cc1cc(F)c(F)cc1F.O=C(O)/C=C/C(=O)O,1060.0,4.97469413473523,0.3116000000000009,153.27,472.4199999999998,7,4,7,True
1745,CHEMBL1288231,Cl.Cn1c(=O)[nH]c2cc(N3CCC[C@@](C)(N)C3)n(Cc3ccccc3)c2c1=O,1.8,7.744727494896693,1.8159999999999994,89.04999999999998,403.9139999999997,6,2,6,True
1746,CHEMBL1288232,Cl.Cn1c(=O)c2c(cc(N3CCC[C@@](C)(N)C3)n2Cc2ccccc2C#N)n(C)c1=O,36.0,6.443697499232713,1.6980800000000003,101.97999999999999,442.95099999999974,7,1,8,True
1747,CHEMBL1288260,Cl.Cn1c(=O)c2c(cc(N3CCC[C@@](C)(N)C3)n2Cc2cc(F)ccc2Cl)n(C)c1=O,28.0,6.552841968657781,2.618900000000001,78.19,470.3759999999997,7,1,7,True
1748,CHEMBL1288261,Cc1ccc(F)cc1Cn1c(N2CCC[C@@](C)(N)C2)cc2c1c(=O)n(C)c(=O)n2C.Cl,27.0,6.568636235841013,2.27392,78.19,449.9579999999996,8,1,7,True
1749,CHEMBL1288288,CCn1c(=O)n(C)c(=O)c2c1cc(N1CCC[C@@](C)(N)C1)n2Cc1cc(F)ccc1C#N.Cl,12.0,6.920818753952375,2.3200800000000004,101.97999999999999,474.9679999999996,8,1,8,True
1750,CHEMBL1287874,Cl.Cn1cnc2cc(N3CCC[C@@](C)(N)C3)n(Cc3cc(F)ccc3Cl)c2c1=O,103.0,5.987162775294828,3.3152000000000017,69.08,440.3499999999997,6,1,6,True
1751,CHEMBL1287875,Cl.Cn1cnc2cc(N3CCC[C@@](C)(N)C3)n(Cc3cc(F)ccc3C#N)c2c1=O,87.0,6.060480747381382,2.533480000000001,92.87,430.91499999999974,6,1,7,True
1752,CHEMBL1287901,Cc1ccc(F)cc1Cn1c(N2CCC[C@@](C)(N)C2)cc2ncn(C)c(=O)c21.Cl,23.0,6.638272163982407,2.9702200000000016,69.08,419.9319999999996,7,1,6,True
1753,CHEMBL1287902,Cl.Cn1cnc2cc(N3CCC[C@@](C)(N)C3)n(Cc3ccccc3C#N)c2c1=O,151.0,5.82102305270683,2.39438,92.87,412.9249999999997,6,1,7,True
1754,CHEMBL3216485,Cc1ccc(-c2c(CC(=O)N3CCC[C@H]3C(=O)O)c(C)nc(CC(C)C)c2CN)cc1.Cl.Cl,2.9,7.537602002101044,4.484340000000005,96.52,496.4789999999994,12,2,5,True
1755,CHEMBL3216725,Cc1ccc(-c2c(CC(=O)N3CCC[C@H]3C(N)=O)c(C)nc(CC(C)C)c2CN)cc1.Cl.Cl,1.1,7.958607314841775,3.885040000000003,102.30999999999999,495.49499999999944,12,2,4,True
1756,CHEMBL3216726,Cc1ccc(-c2c(CC(=O)N3CCC[C@@H]3C(=O)O)c(C)nc(CC(C)C)c2CN)cc1.Cl.Cl,7.8,7.107905397309519,4.484340000000005,96.52,496.4789999999994,12,2,5,True
1757,CHEMBL3217159,Cc1ccc(-c2c(CC(=O)N3CCC[C@@H]3C(N)=O)c(C)nc(CC(C)C)c2CN)cc1.Cl.Cl,12.0,6.920818753952375,3.885040000000003,102.30999999999999,495.49499999999944,12,2,4,True
1758,CHEMBL3216727,CNC(=O)Cc1c(C)nc(CC(C)C)c(CN)c1-c1ccc(C)cc1.Cl.Cl,69.0,6.161150909262744,4.154740000000005,68.01,412.40499999999946,12,2,3,True
1759,CHEMBL3216942,COC(=O)CNC(=O)Cc1c(C)nc(CC(C)C)c(CN)c1-c1ccc(C)cc1.Cl.Cl,17.0,6.769551078621726,3.697940000000002,94.30999999999999,470.4409999999995,14,2,5,True
1760,CHEMBL3217160,Cc1ccc(-c2c(CC(=O)NCC(=O)O)c(C)nc(CC(C)C)c2CN)cc1.Cl.Cl,73.0,6.136677139879544,3.6095400000000026,105.31,456.4139999999995,13,3,5,True
1761,CHEMBL1614729,Cc1ccc(-c2c(CN)c(CC(C)C)nc(C)c2C(=O)O)cc1,22.000000000000004,6.657577319177793,3.7208400000000026,76.21,312.41299999999956,10,2,4,True
1762,CHEMBL1651763,N#Cc1ccccc1Cn1c(N2CCC[C@@H](N)C2)nc2sccc2c1=O,0.87,8.060480747381382,2.30548,87.94,365.4619999999997,4,1,7,True
1763,CHEMBL1651764,Cc1csc2nc(N3CCC[C@@H](N)C3)n(Cc3ccccc3C#N)c(=O)c12,1.32,7.87942606879415,2.613900000000001,87.94,379.48899999999975,5,1,7,True
1764,CHEMBL1651765,N#Cc1ccccc1Cn1c(N2CCC[C@@H](N)C2)nc2scc(C(F)(F)F)c2c1=O,88.82,6.051489231162343,3.3242800000000017,87.94,433.4589999999997,4,1,7,True
1765,CHEMBL1651766,N#Cc1ccccc1Cn1c(N2CCC[C@@H](N)C2)nc2ccsc2c1=O,0.33,8.481486060122112,2.30548,87.94,365.4619999999997,4,1,7,True
1766,CHEMBL1651767,Cc1csc2c(=O)n(Cc3ccccc3C#N)c(N3CCC[C@@H](N)C3)nc12,1.72,7.764471553092451,2.6139,87.94,379.4889999999997,5,1,7,True
1767,CHEMBL376359,Cn1c(=O)cc(N2CCC[C@@H](N)C2)n(Cc2ccccc2C#N)c1=O,6.702517673436424,7.173762032180473,0.3944800000000006,97.05000000000001,339.39899999999966,5,1,7,True
1768,CHEMBL1650449,Cn1c(=O)cc(N2CCC[C@@](C)(N)C2)n(Cc2cc(F)ccc2C#N)c1=O,10.0,7.0,0.9236800000000004,97.05000000000001,371.4159999999997,6,1,7,True
1769,CHEMBL1650448,Cn1c(=O)cc(N2CCCCC(N)C2)n(Cc2ccccc2C#N)c1=O,3800.0,4.42021640338319,0.7845800000000002,97.05000000000001,353.42599999999965,5,1,7,True
1770,CHEMBL1650447,Cn1c(=O)cc(NC2CCCCNC2)n(Cc2ccccc2C#N)c1=O,590.0,5.229147988357856,1.0209799999999998,91.85,353.42599999999965,5,2,7,True
1771,CHEMBL1650446,CCn1c(=O)cc(NCCN)n(Cc2ccccc2C#N)c1=O,17000.0,3.769551078621726,0.3204800000000004,105.83999999999997,313.36099999999965,8,2,7,True
1772,CHEMBL1650445,Cn1c(=O)cc(N2CCC[C@@H](N)C2)n(Cc2c(F)ccc(F)c2Cl)c1=O,830.0,5.080921907623926,1.4544,73.26,384.81399999999974,5,1,6,True
1773,CHEMBL1650444,Cn1c(=O)cc(N2CCC[C@@H](N)C2)n(Cc2cc(Cl)ccc2Cl)c1=O,27.0,6.568636235841013,1.8296000000000001,73.26,383.2789999999997,5,1,6,True
1774,CHEMBL1650443,Cn1c(=O)cc(N2CCC[C@@H](N)C2)n(Cc2cc(F)ccc2C#N)c1=O,1.9006586456267565,7.721095874524574,0.5335800000000002,97.05000000000001,357.3889999999997,5,1,7,True
1775,CHEMBL1650442,Cn1c(=O)cc(N2CCC[C@@H](N)C2)n(Cc2ccc(F)cc2Cl)c1=O,890.0,5.050609993355088,1.3153000000000001,73.26,366.82399999999967,5,1,6,True
1776,CHEMBL1650441,Cn1c(=O)cc(N2CCC[C@@H](N)C2)n(Cc2cc(F)ccc2Cl)c1=O,14.0,6.853871964321762,1.3153000000000001,73.26,366.82399999999967,5,1,6,True
1777,CHEMBL1650440,Cn1c(=O)cc(N2CCC[C@@H](N)C2)n(Cc2cc(F)ccc2Br)c1=O,8.0,7.096910013008056,1.4244,73.26,411.2749999999997,5,1,6,True
1778,CHEMBL1650439,Cn1c(=O)cc(N2CCC[C@@H](N)C2)n(Cc2ccccc2Br)c1=O,12.0,6.920818753952375,1.2853000000000003,73.26,393.2849999999996,5,1,6,True
1779,CHEMBL1650438,N[C@@H]1CCCN(c2cc(=O)[nH]c(=O)n2Cc2ccccc2Br)C1,36.0,6.443697499232713,1.2749000000000006,84.12,379.25799999999964,4,2,5,True
1780,CHEMBL1650437,CCn1c(=O)cc(N2CCC[C@@H](N)C2)n(Cc2ccccc2C#N)c1=O,68.0,6.167491087293763,0.8773799999999997,97.05000000000001,353.42599999999965,6,1,7,True
1781,CHEMBL1650436,Cn1c(=O)c(Cl)c(N2CCC[C@@H](N)C2)n(Cc2ccccc2C#N)c1=O,57.0,6.2441251443275085,1.0478799999999997,97.05000000000001,373.84399999999977,5,1,7,True
1782,CHEMBL1650435,N#Cc1ccccc1Cn1c(N2CCC[C@@H](N)C2)cc(=O)[nH]c1=O,4.0,7.397940008672037,0.38408000000000037,107.91,325.3719999999997,4,2,6,True
1783,CHEMBL1650434,N#Cc1ccc(F)cc1Cn1c(N2CCC[C@@H](N)C2)ncc(Br)c1=O,6.0,7.221848749616356,1.9923799999999996,87.94,406.25899999999973,4,1,6,True
1784,CHEMBL1650433,N#Cc1ccc(F)cc1Cn1c(N2CCC[C@@H](N)C2)ncc(Cl)c1=O,8.0,7.096910013008056,1.8832799999999994,87.94,361.80799999999977,4,1,6,True
1785,CHEMBL1650432,N#Cc1ccc(F)cc1Cn1c(N2CCC[C@@H](N)C2)ncc(F)c1=O,8.0,7.096910013008056,1.3689799999999996,87.94,345.3529999999997,4,1,6,True
1786,CHEMBL1650431,N#Cc1cc(F)ccc1Cn1c(N2CCC[C@@H](N)C2)ncc(F)c1=O,430.0,5.366531544420414,1.3689799999999996,87.94,345.3529999999997,4,1,6,True
1787,CHEMBL1650430,N#Cc1ccsc1Cn1c(N2CCC[C@@H](N)C2)ncc(Br)c1=O,3.0,7.522878745280337,1.91478,87.94,394.2979999999998,4,1,7,True
1788,CHEMBL1650429,N#Cc1ccccc1Cn1c(N2CCC[C@@H](N)C2)ncc(/C=C/c2cccnc2)c1=O,6.0,7.221848749616356,2.656180000000001,100.83000000000001,412.49699999999973,6,1,7,True
1789,CHEMBL1650428,N#Cc1ccccc1Cn1c(N2CCC[C@@H](N)C2)ncc(/C=C/c2ccc(F)cc2)c1=O,21.0,6.6777807052660805,3.400280000000002,87.94,429.49899999999974,6,1,6,True
1790,CHEMBL1650427,N#Cc1ccccc1Cn1c(N2CCC[C@@H](N)C2)ncc(/C=C/c2ccccc2)c1=O,22.0,6.657577319177793,3.261180000000002,87.94,411.50899999999973,6,1,6,True
1791,CHEMBL1650426,C=Cc1cnc(N2CCC[C@@H](N)C2)n(Cc2ccccc2C#N)c1=O,8.0,7.096910013008056,1.7337799999999999,87.94,335.41099999999966,5,1,6,True
1792,CHEMBL1650425,CC(C)(C)C#Cc1cnc(N2CCC[C@@H](N)C2)n(Cc2ccccc2C#N)c1=O,570.0,5.2441251443275085,2.4883800000000003,87.94,389.50299999999964,4,1,6,True
1793,CHEMBL1650424,N#Cc1ccccc1Cn1c(N2CCC[C@@H](N)C2)ncc(C#CCO)c1=O,20.0,6.698970004336019,0.4345799999999999,108.17000000000002,363.4209999999997,5,2,7,True
1794,CHEMBL1650423,CC#Cc1cnc(N2CCC[C@@H](N)C2)n(Cc2ccccc2C#N)c1=O,5.0,7.301029995663981,1.4621799999999998,87.94,347.4219999999997,4,1,6,True
1795,CHEMBL1650422,C#Cc1cnc(N2CCC[C@@H](N)C2)n(Cc2ccccc2C#N)c1=O,5.0,7.301029995663981,1.0720799999999997,87.94,333.3949999999997,4,1,6,True
1796,CHEMBL1650421,N#Cc1ccccc1Cn1c(N2CCC[C@@H](N)C2)ncc(N2CCCC2)c1=O,200.0,5.698970004336019,1.69098,91.18,378.4799999999996,5,1,7,True
1797,CHEMBL1650420,N#Cc1ccccc1Cn1c(N2CCC[C@@H](N)C2)ncc(-c2cc[nH]c2)c1=O,5.0,7.301029995663981,2.0858799999999995,103.72999999999999,374.4479999999997,5,2,6,True
1798,CHEMBL1650419,Cc1nc(N2CCC[C@@H](N)C2)n(Cc2ccccc2C#N)c(=O)c1-c1ccoc1,77.0,6.113509274827518,2.6592000000000002,101.08,389.4589999999997,6,1,7,True
1799,CHEMBL1650418,N#Cc1ccccc1Cn1c(N2CCC[C@@H](N)C2)ncc(-c2ccoc2)c1=O,12.0,6.920818753952375,2.3507800000000003,101.08000000000001,375.43199999999973,5,1,7,True
1800,CHEMBL1650417,COc1ccccc1-c1cnc(N2CCC[C@@H](N)C2)n(Cc2ccccc2C#N)c1=O,990.0,5.00436480540245,2.7663800000000007,97.16999999999999,415.49699999999973,7,1,7,True
1801,CHEMBL1650416,N#Cc1ccccc1Cn1c(N2CCC[C@@H](N)C2)ncc(-c2ccccc2F)c1=O,240.0,5.619788758288394,2.8968800000000012,87.94,403.46099999999973,5,1,6,True
1802,CHEMBL1650415,Cc1nc(N2CCC[C@@H](N)C2)n(Cc2ccccc2C#N)c(=O)c1-c1ccccc1,540.0,5.267606240177032,3.066200000000001,87.94,399.4979999999997,6,1,6,True
1803,CHEMBL1650414,N#Cc1ccccc1Cn1c(N2CCC[C@@H](N)C2)ncc(-c2ccccc2)c1=O,23.0,6.638272163982407,2.7577800000000012,87.94,385.4709999999997,5,1,6,True
1804,CHEMBL1650413,N#Cc1ccccc1Cn1c(N2CCC[C@@H](N)C2)nc2c(c1=O)CCCC2,13.0,6.886056647693163,1.9695799999999994,87.94,363.46499999999963,4,1,6,True
1805,CHEMBL1650412,N#Cc1ccccc1Cn1c(N2CCC[C@@H](N)C2)nc(-c2ccccc2)cc1=O,23.0,6.638272163982407,2.7577800000000012,87.94,385.4709999999997,5,1,6,True
1806,CHEMBL1650411,COc1cnc(N2CCC[C@@H](N)C2)n(Cc2ccccc2C#N)c1=O,4.0,7.397940008672037,1.09938,97.16999999999999,339.39899999999966,6,1,7,True
1807,CHEMBL1650410,CCc1cnc(N2CCC[C@@H](N)C2)n(Cc2ccccc2C#N)c1=O,17.0,6.769551078621726,1.6531799999999996,87.94,337.4269999999996,6,1,6,True
1808,CHEMBL1650409,Cc1nc(N2CCC[C@@H](N)C2)n(Cc2ccccc2C#N)c(=O)c1C,10.0,7.0,1.7076199999999992,87.94,337.4269999999996,6,1,6,True
1809,CHEMBL1650408,N#Cc1ccccc1Cn1c(N2CCC[C@@H](N)C2)ncc(I)c1=O,6.0,7.221848749616356,1.6953799999999999,87.94,435.26899999999966,4,1,6,True
1810,CHEMBL1650407,CC(C)(C)c1nc(N2CCC[C@@H](N)C2)n(Cc2ccccc2C#N)c(=O)c1Br,7400.0,4.130768280269024,3.150780000000001,87.94,444.3769999999996,4,1,6,True
1811,CHEMBL1650406,Cc1nc(N2CCC[C@@H](N)C2)n(Cc2ccccc2C#N)c(=O)c1Br,8.0,7.096910013008056,2.1616999999999997,87.94,402.29599999999965,5,1,6,True
1812,CHEMBL1235761,N#Cc1ccccc1Cn1c(N2CCC[C@@H](N)C2)ncc(Br)c1=O,5.0,7.301029995663981,1.8532799999999998,87.94,388.26899999999966,4,1,6,True
1813,CHEMBL1650405,N#Cc1ccccc1Cn1c(N2CCC[C@@H](N)C2)ncc(Cl)c1=O,7.0,7.154901959985743,1.7441799999999998,87.94,343.8179999999997,4,1,6,True
1814,CHEMBL1650403,N#Cc1ccccc1Cn1c(N2CCC[C@@H](N)C2)nccc1=O,14.0,6.853871964321762,1.09078,87.94,309.37299999999965,4,1,6,True
1815,CHEMBL1650404,N#Cc1ccccc1Cn1c(N2CCC[C@@H](N)C2)ncc(F)c1=O,6.0,7.221848749616356,1.2298799999999999,87.94,327.36299999999966,4,1,6,True
1816,CHEMBL3142227,Cc1ccc(-c2c(CN)c(CC(C)C)nc3ccc(N4CC(=O)NCC4=O)cc23)cc1.Cl.Cl,1.3,7.886056647693163,4.1738200000000045,88.32,489.44699999999966,9,2,4,True
1817,CHEMBL3215845,Cc1ccc(-c2c(CN)c(CC(C)C)nc(C)c2C(=O)O)cc1.Cl.Cl,18.0,6.7447274948966935,4.564440000000005,76.21,385.33499999999947,10,2,4,True
1818,CHEMBL3216734,Cc1ccc(-c2c(CC(=O)O)c(C)nc(CC(C)C)c2CN)cc1.Cl.Cl,20.0,6.698970004336019,4.493340000000004,76.21,399.3619999999995,11,2,4,True
1819,CHEMBL3216954,Cc1ccc(-c2c(CCC(=O)O)c(C)nc(CC(C)C)c2CN)cc1.Cl.Cl,39.0,6.4089353929735005,4.8834400000000056,76.21,413.38899999999944,12,2,4,True
1820,CHEMBL3216718,Cc1ccc(-c2c(/C=C/C(=O)O)c(C)nc(CC(C)C)c2CN)cc1.Cl.Cl,66.0,6.180456064458132,4.964040000000006,76.21,411.3729999999995,11,2,4,True
1821,CHEMBL3216937,CCCc1nc(C)c(C(=O)O)c(-c2ccc(C)cc2)c1CN.Cl.Cl,57.0,6.2441251443275085,4.318440000000004,76.21,371.30799999999954,9,2,4,True
1822,CHEMBL3216477,CCCCc1nc(C)c(C(=O)O)c(-c2ccc(C)cc2)c1CN.Cl.Cl,58.0,6.236572006437063,4.708540000000005,76.21,385.33499999999947,10,2,4,True
1823,CHEMBL3216938,Cc1ccc(-c2c(CN)c(CC(C)(C)C)nc(C)c2C(=O)O)cc1.Cl.Cl,18.0,6.7447274948966935,4.954540000000006,76.21,399.3619999999995,7,2,4,True
1824,CHEMBL3215607,Cc1ccc(-c2c(CC(=O)O)c(C)nc(CC(C)(C)C)c2CN)cc1.Cl.Cl,10.0,7.0,4.8834400000000056,76.21,413.38899999999944,8,2,4,True
1825,CHEMBL1672127,CCc1nc(CC(C)(C)C)c(CN)c(-c2ccc(C)cc2)c1CC(=O)O.O,5.3,7.275724130399211,3.469120000000002,107.71,372.5089999999995,9,2,4,True
1826,CHEMBL1683476,Cl.N[C@@H](CC(=O)N1CCSC1C(=O)O)Cc1cc(F)c(F)cc1F,601.0,5.221125527997261,1.7717000000000003,83.63000000000001,384.80699999999973,6,2,5,True
1827,CHEMBL1683477,COC(=O)C1SCCN1C(=O)C[C@H](N)Cc1cc(F)c(F)cc1F.Cl,204.0,5.690369832574101,1.8600999999999996,72.63,398.8339999999997,7,1,5,True
1828,CHEMBL1683478,Cl.N[C@@H](CC(=O)N1CCSC1C(=O)NCC(=O)O)Cc1cc(F)c(F)cc1F,212.0,5.673664139071248,0.8878999999999997,112.73,441.8589999999998,8,3,6,True
1829,CHEMBL1683479,CCOC(=O)CNC(=O)C1SCCN1C(=O)C[C@H](N)Cc1cc(F)c(F)cc1F.Cl,101.0,5.995678626217358,1.3664000000000005,101.73,469.9129999999997,10,2,6,True
1830,CHEMBL1683480,CN(C)C(=O)C1SCCN1C(=O)C[C@H](N)Cc1cc(F)c(F)cc1F.Cl,1700.0,4.769551078621726,1.7753,66.64,411.87699999999967,8,1,4,True
1831,CHEMBL1683481,Cl.N[C@@H](CC(=O)N1CCSC1C(=O)N1CCOCC1)Cc1cc(F)c(F)cc1F,807.0,5.09312646527793,1.5459,75.87,453.91399999999976,6,1,5,True
1832,CHEMBL1683482,Cl.N[C@@H](CC(=O)N1CCSC1C(=O)N1CCNCC1)Cc1cc(F)c(F)cc1F,680.0,5.167491087293763,1.1189,78.67,452.9299999999997,6,2,5,True
1833,CHEMBL1683483,Cl.N[C@@H](CC(=O)N1CCSC1C(=O)NCc1ccoc1)Cc1cc(F)c(F)cc1F,88.0,6.055517327849832,2.5965000000000007,88.57000000000001,463.9089999999998,8,2,5,True
1834,CHEMBL1681806,Cl.N[C@@H](CC(=O)N1CCSC1C(=O)NCc1ccccc1)Cc1cc(F)c(F)cc1F,77.0,6.113509274827518,3.0035000000000016,75.43,473.9479999999998,8,2,4,True
1835,CHEMBL1683484,Cl.N[C@@H](CC(=O)N1CCSC1C(=O)NCc1ccncc1)Cc1cc(F)c(F)cc1F,357.0,5.447331783887806,2.3985000000000003,88.32000000000001,474.9359999999998,8,2,5,True
1836,CHEMBL1683485,Cl.N[C@@H](CC(=O)N1CCSC1C(=O)NCc1ccc(O)cc1)Cc1cc(F)c(F)cc1F,328.0,5.484126156288321,2.709100000000001,95.66000000000001,489.94699999999983,9,3,5,True
1837,CHEMBL1682975,CN([C@H]1CC[C@H]([C@H](N)Cc2cc(F)ccc2F)CC1)S(=O)(=O)c1ccccc1,140.0,5.853871964321762,3.714100000000003,63.4,408.5139999999996,8,1,3,True
1838,CHEMBL1682976,CN([C@H]1CC[C@H]([C@H](N)Cc2cc(F)ccc2F)CC1)S(=O)(=O)c1ccccc1C(F)(F)F,110.0,5.958607314841775,4.732900000000003,63.4,476.5109999999996,8,1,3,True
1839,CHEMBL1682977,CN([C@H]1CC[C@H]([C@H](N)Cc2cc(F)ccc2F)CC1)S(=O)(=O)c1cccc(C#N)c1,85.0,6.070581074285707,3.5857800000000024,87.19,433.52399999999966,8,1,4,True
1840,CHEMBL1682978,CN([C@H]1CC[C@H]([C@H](N)Cc2cc(F)ccc2F)CC1)S(=O)(=O)c1ccc(C#N)cc1,180.0,5.7447274948966935,3.5857800000000024,87.19,433.52399999999966,8,1,4,True
1841,CHEMBL1682979,CN([C@H]1CC[C@H]([C@H](N)Cc2cc(F)ccc2F)CC1)S(=O)(=O)c1ccc(N)cc1,140.0,5.853871964321762,3.2963000000000013,89.42,423.5289999999996,9,2,4,True
1842,CHEMBL1682980,CN([C@H]1CC[C@H]([C@H](N)Cc2cc(F)ccc2F)CC1)S(=O)(=O)c1ccc(OC(F)(F)F)cc1,400.0,5.3979400086720375,4.612700000000003,72.63,492.50999999999965,9,1,4,True
1843,CHEMBL1682981,CN([C@H]1CC[C@H]([C@H](N)Cc2cc(F)ccc2F)CC1)S(=O)(=O)c1cccc(C(N)=O)c1,99.0,6.00436480540245,2.8130000000000006,106.49000000000001,451.53899999999965,9,2,4,True
1844,CHEMBL1682982,CN([C@H]1CC[C@H]([C@H](N)Cc2cc(F)ccc2F)CC1)S(=O)(=O)c1ccc(C(N)=O)cc1,84.0,6.075720713938118,2.8130000000000006,106.49000000000001,451.53899999999965,9,2,4,True
1845,CHEMBL1682983,CN([C@H]1CC[C@H]([C@H](N)Cc2cc(F)ccc2F)CC1)S(=O)(=O)c1ccc(F)cc1F,150.0,5.823908740944319,3.992300000000002,63.4,444.49399999999963,8,1,3,True
1846,CHEMBL1682984,CN([C@H]1CC[C@H]([C@H](N)Cc2cc(F)ccc2F)CC1)S(=O)(=O)c1ccc(-c2cnco2)cc1,130.0,5.886056647693163,4.369100000000003,89.42999999999999,475.5609999999997,9,1,5,True
1847,CHEMBL1682985,CN([C@H]1CC[C@H]([C@H](N)Cc2cc(F)ccc2F)CC1)S(=O)(=O)c1ccc(-c2csnn2)cc1,94.0,6.026872146400302,4.232600000000002,89.17999999999999,492.6169999999997,9,1,6,True
1848,CHEMBL1683086,Cc1[nH]ncc1S(=O)(=O)N(C)[C@H]1CC[C@H]([C@H](N)Cc2cc(F)ccc2F)CC1,280.0,5.552841968657781,2.7456200000000006,92.08,412.50599999999963,9,2,4,True
1849,CHEMBL1683087,Cn1cnc(S(=O)(=O)N(C)[C@H]2CC[C@H]([C@H](N)Cc3cc(F)ccc3F)CC2)c1,500.0,5.301029995663981,2.4475999999999996,81.22,412.50599999999963,9,1,5,True
1850,CHEMBL1683088,Cc1oncc1S(=O)(=O)N(C)[C@H]1CC[C@H]([C@H](N)Cc2cc(F)ccc2F)CC1,170.0,5.769551078621726,3.0105200000000014,89.43,413.48999999999967,9,1,5,True
1851,CHEMBL1683089,CC(=O)Nc1nc(C)c(S(=O)(=O)N(C)[C@H]2CC[C@H]([C@H](N)Cc3cc(F)ccc3F)CC2)s1,100.0,6.0,3.4374200000000013,105.38999999999999,486.6099999999997,11,2,6,True
1852,CHEMBL1683090,CN([C@H]1CC[C@H]([C@H](N)Cc2cc(F)ccc2F)CC1)S(=O)(=O)c1cccnc1,110.0,5.958607314841775,3.1091000000000015,76.28999999999999,409.5019999999996,8,1,4,True
1853,CHEMBL1683091,Cc1noc(C)c1S(=O)(=O)N(C)[C@H]1CC[C@H]([C@H](N)Cc2cc(F)ccc2F)CC1,55.0,6.259637310505756,3.3189400000000013,89.43,427.51699999999965,10,1,5,True
1854,CHEMBL1683092,CCN([C@H]1CC[C@H]([C@H](N)Cc2cc(F)ccc2F)CC1)S(=O)(=O)c1c(C)noc1C,38.0,6.42021640338319,3.7090400000000026,89.42999999999999,441.5439999999996,11,1,5,True
1855,CHEMBL1683095,CCN([C@H]1CC[C@H]([C@H](N)Cc2cc(F)ccc2F)CC1)S(C)(=O)=O,260.0,5.585026652029182,2.674900000000001,63.4,360.4699999999995,9,1,3,True
1856,CHEMBL1683096,CS(=O)(=O)N(Cc1ccccc1)[C@H]1CC[C@H]([C@H](N)Cc2cc(F)ccc2F)CC1,1300.0,4.886056647693163,3.8552000000000026,63.400000000000006,422.54099999999966,9,1,3,True
1857,CHEMBL1683097,CS(=O)(=O)N(CCCC(F)(F)F)[C@H]1CC[C@H]([C@H](N)Cc2cc(F)ccc2F)CC1,2400.0,4.619788758288394,3.9975000000000023,63.400000000000006,442.49399999999963,10,1,3,True
1858,CHEMBL1683098,CC(=O)N(C)[C@H]1CC[C@H]([C@H](N)Cc2cc(F)ccc2F)CC1,120.0,5.920818753952375,2.8717000000000015,46.33,310.3879999999995,7,1,2,True
1859,CHEMBL1683099,CC(=O)N(C)[C@H]1CC[C@@H]([C@H](N)Cc2cc(F)ccc2F)CC1,990.0,5.00436480540245,2.8717000000000015,46.33,310.3879999999995,7,1,2,True
1860,CHEMBL1683100,CC(C)C(=O)N(C)[C@H]1CC[C@H]([C@H](N)Cc2cc(F)ccc2F)CC1,130.0,5.886056647693163,3.5078000000000022,46.33,338.4419999999995,9,1,2,True
1861,CHEMBL1683101,CN(C(=O)C(C)(C)C)[C@H]1CC[C@H]([C@H](N)Cc2cc(F)ccc2F)CC1,110.0,5.958607314841775,3.8979000000000026,46.33,352.4689999999995,6,1,2,True
1862,CHEMBL1683102,CN(C(=O)CCN)[C@H]1CC[C@H]([C@H](N)Cc2cc(F)ccc2F)CC1,730.0,5.136677139879544,2.2006000000000006,72.35,339.42999999999955,9,2,3,True
1863,CHEMBL1683103,CN(C(=O)CCC(=O)O)[C@H]1CC[C@H]([C@H](N)Cc2cc(F)ccc2F)CC1,140.0,5.853871964321762,2.7166000000000006,83.63,368.4239999999996,9,2,4,True
1864,CHEMBL1683104,CN(C(=O)c1cccnc1)[C@H]1CC[C@H]([C@H](N)Cc2cc(F)ccc2F)CC1,140.0,5.853871964321762,3.5606000000000018,59.22,373.4469999999996,7,1,3,True
1865,CHEMBL1683105,CN(C(=O)c1csnn1)[C@H]1CC[C@H]([C@H](N)Cc2cc(F)ccc2F)CC1,120.0,5.920818753952375,3.017100000000001,72.11,380.46399999999966,7,1,5,True
1866,CHEMBL1683106,CN(C(=O)c1ccno1)[C@H]1CC[C@H]([C@H](N)Cc2cc(F)ccc2F)CC1,120.0,5.920818753952375,3.1536000000000017,72.36,363.4079999999997,7,1,4,True
1867,CHEMBL1683107,CN(C(=O)c1c[nH]c2ccccc12)[C@H]1CC[C@H]([C@H](N)Cc2cc(F)ccc2F)CC1,110.0,5.958607314841775,4.646900000000004,62.120000000000005,411.49599999999964,7,2,2,True
1868,CHEMBL1683108,Cc1noc(C)c1C(=O)N(C)[C@H]1CC[C@H]([C@H](N)Cc2cc(F)ccc2F)CC1,140.0,5.853871964321762,3.7704400000000025,72.36,391.46199999999953,9,1,4,True
1869,CHEMBL1683109,Cn1ccc(C(=O)N(C)[C@H]2CC[C@H]([C@H](N)Cc3cc(F)ccc3F)CC2)n1,140.0,5.853871964321762,2.8991000000000016,64.15,376.45099999999957,8,1,4,True
1870,CHEMBL1683110,CCN(C(C)=O)[C@H]1CC[C@H]([C@H](N)Cc2cc(F)ccc2F)CC1,260.0,5.585026652029182,3.261800000000002,46.33,324.4149999999995,8,1,2,True
1871,CHEMBL1683111,CC(=O)N(Cc1ccccc1)[C@H]1CC[C@H]([C@H](N)Cc2cc(F)ccc2F)CC1,110.0,5.958607314841775,4.4421000000000035,46.33,386.48599999999954,8,1,2,True
1872,CHEMBL1683112,CC(=O)N(CCCC(F)(F)F)[C@H]1CC[C@H]([C@H](N)Cc2cc(F)ccc2F)CC1,100.0,6.0,4.584400000000004,46.33,406.4389999999996,9,1,2,True
1873,CHEMBL1683113,N[C@H](Cc1cc(F)ccc1F)[C@H]1CC[C@@H](N2CCC(F)(F)C2)CC1,1000.0,5.0,3.7344000000000035,29.259999999999998,344.39599999999956,5,1,2,True
1874,CHEMBL1683114,N[C@H](Cc1cc(F)ccc1F)[C@H]1CC[C@H](N2CCC(F)(F)C2)CC1,850.0,5.070581074285707,3.7344000000000035,29.259999999999998,344.39599999999956,5,1,2,True
1875,CHEMBL1683115,N[C@H](Cc1cc(F)ccc1F)[C@H]1CC[C@@H](N2CCn3c(nnc3C(F)(F)F)C2)CC1,280.0,5.552841968657781,3.5195000000000025,59.97,429.4369999999996,5,1,5,True
1876,CHEMBL1681802,N[C@H](Cc1cc(F)ccc1F)[C@H]1CC[C@H](N2CCn3c(nnc3C(F)(F)F)C2)CC1,330.0,5.481486060122113,3.5195000000000025,59.97,429.4369999999996,5,1,5,True
1877,CHEMBL1683116,N[C@H](Cc1cc(F)ccc1F)[C@H]1CC[C@@H](N2CCCCC2)CC1,1800.0,4.7447274948966935,3.8793000000000033,29.259999999999998,322.44299999999953,5,1,2,True
1878,CHEMBL1683117,N[C@H](Cc1cc(F)ccc1F)[C@H]1CC[C@H](N2CCCCC2)CC1,330.0,5.481486060122113,3.8793000000000033,29.259999999999998,322.44299999999953,5,1,2,True
1879,CHEMBL1683118,NC(=O)C1CCCN([C@H]2CC[C@@H]([C@H](N)Cc3cc(F)ccc3F)CC2)C1,1300.0,4.886056647693163,2.5907,72.35000000000001,365.46799999999956,6,2,3,True
1880,CHEMBL1683119,NC(=O)C1CCCN([C@H]2CC[C@H]([C@H](N)Cc3cc(F)ccc3F)CC2)C1,57.0,6.2441251443275085,2.5907,72.35000000000001,365.46799999999956,6,2,3,True
1881,CHEMBL1683120,NC(=O)[C@H]1CCCN([C@H]2CC[C@H]([C@H](N)Cc3cc(F)ccc3F)CC2)C1,200.0,5.698970004336019,2.5907,72.35000000000001,365.46799999999956,6,2,3,True
1882,CHEMBL1683121,NC(=O)[C@@H]1CCCN([C@H]2CC[C@H]([C@H](N)Cc3cc(F)ccc3F)CC2)C1,70.0,6.154901959985743,2.5907,72.35000000000001,365.46799999999956,6,2,3,True
1883,CHEMBL1683122,NC(=O)O[C@@H]1CCCN([C@H]2CC[C@H]([C@H](N)Cc3cc(F)ccc3F)CC2)C1,310.0,5.508638306165727,2.953100000000001,81.58000000000001,381.4669999999996,6,2,4,True
1884,CHEMBL1683123,N[C@H](Cc1cc(F)ccc1F)[C@H]1CC[C@H](N2CCC[C@@H](O)C2)CC1,270.0,5.568636235841013,2.850100000000001,49.489999999999995,338.44199999999955,6,2,3,True
1885,CHEMBL1683124,N[C@H](Cc1cc(F)ccc1F)[C@H]1CC[C@H](NCCCC(F)(F)F)CC1,910.0,5.040958607678906,4.3255000000000035,38.05,364.40199999999953,8,2,2,True
1886,CHEMBL1683125,CN(Cc1ccc(C#N)cc1)[C@H]1CC[C@H]([C@H](N)Cc2cc(F)ccc2F)CC1,290.0,5.537602002101044,4.397080000000003,53.05,383.48599999999954,8,1,3,True
1887,CHEMBL1683126,CN(Cc1cccc(C#N)c1)[C@H]1CC[C@H]([C@H](N)Cc2cc(F)ccc2F)CC1,220.0,5.657577319177793,4.397080000000003,53.05,383.48599999999954,8,1,3,True
1888,CHEMBL1683127,CCN(Cc1ccccc1)[C@H]1CC[C@H]([C@H](N)Cc2cc(F)ccc2F)CC1,710.0,5.1487416512809245,4.915500000000004,29.259999999999998,372.5029999999995,9,1,2,True
1889,CHEMBL1683129,CC(=O)N1CCC([C@H](N)Cc2cc(F)ccc2F)CC1,450.0,5.346787486224656,2.0931,46.33,282.3339999999996,5,1,2,True
1890,CHEMBL1683130,CS(=O)(=O)N1CCC([C@H](N)Cc2cc(F)ccc2F)CC1,130.0,5.886056647693163,1.5062000000000002,63.400000000000006,318.38899999999967,6,1,3,True
1891,CHEMBL1683131,N[C@H](Cc1cc(F)ccc1F)C1CCN(c2ccccn2)CC1,450.0,5.346787486224656,3.146200000000002,42.15,317.38299999999964,5,1,3,True
1892,CHEMBL1683132,N[C@H](Cc1cc(F)ccc1F)C1CCN(c2cccnc2)CC1,110.0,5.958607314841775,3.146200000000002,42.15,317.38299999999964,5,1,3,True
1893,CHEMBL1683133,N[C@H](Cc1cc(F)ccc1F)C1CCN(c2ccncc2)CC1,430.0,5.366531544420414,3.146200000000002,42.15,317.38299999999964,5,1,3,True
1894,CHEMBL1683134,N#Cc1cncc(N2CCC([C@H](N)Cc3cc(F)ccc3F)CC2)c1,77.0,6.113509274827518,3.0178800000000017,65.94,342.39299999999963,5,1,4,True
1895,CHEMBL1683135,Cc1ccc(N2CCC([C@H](N)Cc3cc(F)ccc3F)CC2)c(C)n1,71.0,6.1487416512809245,3.763040000000003,42.15,345.43699999999956,7,1,3,True
1896,CHEMBL1683136,N[C@H](Cc1cc(F)ccc1F)C1CCN(c2ccc(F)nc2)CC1,110.0,5.958607314841775,3.285300000000002,42.15,335.37299999999965,5,1,3,True
1897,CHEMBL1683137,CCOC(=O)c1cncc(N2CCC([C@H](N)Cc3cc(F)ccc3F)CC2)c1,82.0,6.086186147616283,3.3229000000000015,68.45,389.44599999999963,8,1,5,True
1898,CHEMBL1683138,NOC(=O)c1cncc(N2CCC([C@H](N)Cc3cc(F)ccc3F)CC2)c1,18.0,6.7447274948966935,2.1766999999999994,94.47,376.4069999999997,7,2,6,True
1899,CHEMBL1683139,N[C@H](Cc1cc(F)ccc1F)C1CCN(c2ncccn2)CC1,670.0,5.173925197299173,2.541200000000001,55.04,318.37099999999964,5,1,4,True
1900,CHEMBL1683140,N[C@H](Cc1cc(F)ccc1F)C1CCN(c2cncnc2)CC1,75.0,6.1249387366083,2.541200000000001,55.04,318.37099999999964,5,1,4,True
1901,CHEMBL1683141,COc1ncc(N2CCC([C@H](N)Cc3cc(F)ccc3F)CC2)cn1,78.0,6.107905397309519,2.5498000000000003,64.27,348.39699999999965,7,1,5,True
1902,CHEMBL1683142,N[C@H](Cc1cc(F)ccc1F)C1CCN(c2cnc(O)nc2)CC1,72.0,6.142667503568732,2.2468000000000004,75.27,334.36999999999966,6,2,5,True
1903,CHEMBL1683143,COC(=O)C1CCCC(N2CCC([C@H](N)Cc3cc(F)ccc3F)CC2)C1,54.0,6.267606240177032,3.278400000000002,55.56,380.47899999999953,7,1,4,True
1904,CHEMBL1683144,N[C@H](Cc1cc(F)ccc1F)C1CCN(C2CCCC(C(=O)O)C2)CC1,51.0,6.292429823902063,3.1900000000000013,66.56,366.4519999999996,6,2,4,True
1905,CHEMBL1683145,NC(=O)C1CCCC(N2CCC([C@H](N)Cc3cc(F)ccc3F)CC2)C1,21.0,6.6777807052660805,2.5907,72.35000000000001,365.46799999999956,6,2,3,True
1906,CHEMBL1683557,N[C@H]1CN(c2cc(-c3cc(F)cc(F)c3F)ncn2)C[C@@H]1c1ccccc1,13.0,6.886056647693163,3.4920000000000027,55.04,370.3779999999998,4,1,4,True
1907,CHEMBL1683558,N[C@H]1CN(c2cc(-c3cc(F)c(F)cc3F)ncn2)C[C@@H]1N1CCCC1=O,488.0,5.311580177997289,1.6992,75.35,377.3699999999998,4,1,5,True
1908,CHEMBL1683559,N[C@H]1CN(c2cc(-c3cc(F)c(F)cc3F)ncn2)C[C@@H]1N1CCCCC1=O,47.0,6.327902142064283,2.0893,75.35,391.39699999999976,4,1,5,True
1909,CHEMBL1683560,N[C@H]1CN(c2cc(N3CCc4nocc4C3)ncn2)C[C@@H]1c1ccccc1,1.6,7.795880017344075,1.9583999999999988,84.31,362.4369999999997,4,1,7,True
1910,CHEMBL1683561,N[C@H]1CN(c2cc(N3CCc4nocc4C3)ncn2)C[C@@H]1N1CCCC1=O,153.0,5.815308569182402,0.16559999999999908,104.62,369.4289999999997,4,1,8,True
1911,CHEMBL1683562,N[C@H]1CN(c2cc(N3CCc4nocc4C3)ncn2)C[C@@H]1N1CCCCC1=O,12.0,6.920818753952375,0.5556999999999988,104.62,383.4559999999997,4,1,8,True
1912,CHEMBL1683563,N[C@H]1CN(c2cc(NC3CC3)ncn2)C[C@@H]1c1ccccc1,19.0,6.721246399047171,1.981999999999999,67.07,295.3899999999996,5,2,5,True
1913,CHEMBL1683564,N[C@H]1CN(c2cc(NC3CC3)ncn2)C[C@@H]1N1CCCC1=O,1400.0,4.853871964321762,0.18919999999999937,87.38,302.3819999999996,5,2,6,True
1914,CHEMBL1683565,N[C@H]1CN(c2cc(NC3CC3)ncn2)C[C@@H]1N1CCCCC1=O,74.0,6.130768280269024,0.579299999999999,87.38,316.4089999999996,5,2,6,True
1915,CHEMBL1683566,COc1ccc(-c2cc(N3C[C@H](N)[C@@H](N4CCCCC4=O)C3)ncn2)cn1,39.0,6.4089353929735005,1.0755999999999992,97.47,368.44099999999963,6,1,7,True
1916,CHEMBL1683567,N[C@H]1CN(c2ncnc(-c3ccccc3)n2)C[C@@H]1N1CCCCC1=O,59.0,6.229147988357856,1.0669999999999995,88.24000000000001,338.4149999999997,4,1,6,True
1917,CHEMBL1683568,N[C@H]1CN(c2cc(N3CCC(F)(F)C3)ncn2)C[C@@H]1N1CCCCC1=O,26.0,6.585026652029182,0.8503999999999996,78.59,366.41599999999966,4,1,6,True
1918,CHEMBL1683569,N[C@H]1CN(c2ncnc(N3CCC(F)(F)C3)n2)C[C@@H]1N1CCCCC1=O,37.0,6.431798275933005,0.2453999999999994,91.47999999999999,367.40399999999966,4,1,7,True
1919,CHEMBL1683570,N[C@H]1CN(c2cc(N3CCC(F)(F)C3)ncn2)C[C@@H]1N1CC(F)(F)CCC1=O,8.4,7.075720713938118,1.0955999999999995,78.59,402.3959999999997,4,1,6,True
1920,CHEMBL1683571,N[C@H]1CN(c2ncnc(N3CCC(F)(F)C3)n2)C[C@@H]1N1CC(F)(F)CCC1=O,23.0,6.638272163982407,0.4905999999999995,91.47999999999999,403.3839999999997,4,1,7,True
1921,CHEMBL1683572,Cc1nc(N2C[C@H](N)[C@@H](N3CC(F)(F)CCC3=O)C2)cc(N2CCC(F)(F)C2)n1,13.0,6.886056647693163,1.4040199999999992,78.59,416.4229999999996,5,1,6,True
1922,CHEMBL1683998,Cl.N[C@@H](CC(=O)N1CCn2nnc(-c3cccs3)c2C1)Cc1cc(F)c(F)cc1F,22.76,6.642827742276967,3.1480000000000015,77.04,457.9089999999998,6,1,6,True
1923,CHEMBL1683996,Cl.N[C@@H](CC(=O)N1CCn2nnc(-c3ccco3)c2C1)Cc1cc(F)c(F)cc1F,15.8,6.801342913045577,2.679500000000001,90.18,441.84099999999984,6,1,6,True
1924,CHEMBL1683994,Cl.N[C@@H](CC(=O)N1CCn2nnc(-c3ccncc3)c2C1)Cc1cc(F)c(F)cc1F,28.6,6.543633966870956,2.4815000000000005,89.93,452.8679999999998,6,1,6,True
1925,CHEMBL1683992,Cl.N[C@@H](CC(=O)N1CCn2nnc(-c3ccc(C(=O)O)cc3)c2C1)Cc1cc(F)c(F)cc1F,33.78,6.47134035476501,2.784700000000001,114.34000000000002,495.88899999999984,7,2,7,True
1926,CHEMBL1683989,Cl.NC(=O)c1ccc(-c2nnn3c2CN(C(=O)C[C@H](N)Cc2cc(F)c(F)cc2F)CC3)cc1,36.43,6.438540828758084,2.1854000000000005,120.13000000000001,494.90499999999986,7,2,6,True
1927,CHEMBL1683987,Cl.N#Cc1ccc(-c2nnn3c2CN(C(=O)C[C@H](N)Cc2cc(F)c(F)cc2F)CC3)cc1,30.03,6.522444667801019,2.9581800000000014,100.83,476.8899999999998,6,1,6,True
1928,CHEMBL1683985,Cl.N[C@@H](CC(=O)N1CCn2nnc(-c3ccc(Cl)cc3)c2C1)Cc1cc(F)c(F)cc1F,46.89,6.328919767261151,3.739900000000003,77.04,486.3249999999998,6,1,5,True
1929,CHEMBL1683982,CN(C)C(=O)c1nnn2c1CN(C(=O)C[C@H](N)Cc1cc(F)c(F)cc1F)CC2.Cl,52.34,6.281166281696137,1.1212999999999995,97.35000000000001,446.86099999999965,8,1,6,True
1930,CHEMBL1683981,Cl.NC(=O)c1nnn2c1CN(C(=O)C[C@H](N)Cc1cc(F)c(F)cc1F)CC2,29.92,6.524038410807576,0.5183999999999995,120.13000000000001,418.8069999999998,6,2,6,True
1931,CHEMBL1683980,COC(=O)c1nnn2c1CN(C(=O)C[C@H](N)Cc1cc(F)c(F)cc1F)CC2.Cl,15.09,6.82131076022441,1.2060999999999995,103.33999999999999,433.8179999999997,7,1,7,True
1932,CHEMBL1683978,Cl.N[C@@H](CC(=O)N1CCn2nnc(C(F)F)c2C1)Cc1cc(F)c(F)cc1F,22.53,6.647238808276169,2.3571,77.04,425.7889999999998,6,1,5,True
1933,CHEMBL1681811,Cc1nnn2c1CN(C(=O)C[C@H](N)Cc1cc(F)c(F)cc1F)CC2.Cl,77.06,6.113170995323018,1.7279199999999995,77.04,389.8089999999997,6,1,5,True
1934,CHEMBL1683977,N[C@@H](CC(=O)N1CCn2nncc2C1)Cc1cc(F)c(F)cc1F.O=C(O)/C=C/C(=O)O,89.5,6.048176964684088,0.7094999999999992,151.64000000000001,455.3929999999998,7,3,9,True
1935,CHEMBL1688415,Cc1nc(C(=O)NC2CC2)cc(-c2ccc(F)cc2)c1CN,80.0,6.096910013008056,2.54702,68.01,299.3489999999996,6,2,3,True
1936,CHEMBL1688416,Cc1nc(C(=O)N2CCCC2)cc(-c2ccc(F)cc2)c1CN,686.0,5.163675884293248,2.8908200000000006,59.22,313.3759999999996,5,1,3,True
1937,CHEMBL1688418,CCOC(=O)C1CCN(C(=O)c2cc(-c3ccc(F)cc3)c(CN)c(C)n2)CC1,937.0,5.028260409112222,3.070120000000001,85.52,399.46599999999967,8,1,5,True
1938,CHEMBL1688419,Cc1nc(C(=O)NC2CC2)cc(-c2ccc(F)cc2F)c1CN,674.0,5.17134010346468,2.6861200000000007,68.01,317.33899999999966,6,2,3,True
1939,CHEMBL1688423,Cc1cc(NC(=O)c2cc(-c3ccc(F)cc3F)c(CN)c(C)n2)no1,674.0,5.17134010346468,3.342640000000001,94.04,358.34799999999973,7,2,5,True
1940,CHEMBL1688425,Cc1nc(C(N)=O)cc(-c2ccc(Cl)cc2Cl)c1CN,16.0,6.795880017344075,2.9214200000000003,82.0,310.18399999999974,5,2,3,True
1941,CHEMBL1688426,CNC(=O)c1cc(-c2ccc(Cl)cc2Cl)c(CN)c(C)n1,6.0,7.221848749616356,3.1821200000000003,68.01,324.2109999999998,6,2,3,True
1942,CHEMBL1688428,Cc1nc(C(=O)N2CCCC2)cc(-c2ccc(Cl)cc2Cl)c1CN,44.0,6.356547323513812,4.058520000000003,59.22,364.2759999999997,5,1,3,True
1943,CHEMBL1688431,Cc1nc(C(=O)NCC#N)cc(-c2ccc(Cl)cc2Cl)c1CN,10.0,7.0,3.0759000000000007,91.8,349.2209999999997,6,2,4,True
1944,CHEMBL214381,CC[C@H](C)[C@H](N)C(=O)N1CCC[C@H]1C(=O)N[C@H](C(=O)O)[C@@H](C)CC,3263.6329450475923,4.486298691494256,0.966300000000001,112.73,341.4519999999995,13,3,5,True
1945,CHEMBL1765235,C[C@H](NC(=O)[C@@H]1CCCN1C(=O)[C@@H](N)Cc1ccccc1)C(=O)N1CCC[C@H]1B(O)O,8.3,7.080921907623926,-0.9448999999999972,136.2,430.31399999999957,11,4,6,True
1946,CHEMBL1765234,CC(C)[C@H](NC(=O)[C@@H]1CCCN1C(=O)[C@@H](N)C1CCCCC1)C(=O)N1CCC[C@H]1B(O)O,20.0,6.698970004336019,0.028800000000002712,136.2,450.3889999999995,12,4,6,True
1947,CHEMBL1779688,CN1CCN(C(=O)C[C@H](N)Cc2cc(F)c(F)cc2F)CC1=O,92.6,6.033389013318065,0.6644,66.64,329.32199999999966,6,1,3,True
1948,CHEMBL1779689,N[C@@H](CC(=O)N1CCN(c2ccccn2)C(=O)C1)Cc1cc(F)c(F)cc1F,311.0,5.507239610973163,1.6341999999999992,79.53,392.3809999999997,6,1,4,True
1949,CHEMBL1779690,N[C@@H](CC(=O)N1CCN(Cc2ccc(-c3ccccc3)cc2)C(=O)C1)Cc1cc(F)c(F)cc1F,44.8,6.348721986001856,3.9018000000000033,66.64000000000001,481.5179999999997,8,1,3,True
1950,CHEMBL1779691,N[C@@H](CC(=O)N1CCN(Cn2nnc3ccccc32)C(=O)C1)Cc1cc(F)c(F)cc1F,42.7,6.369572124974976,1.437,97.35000000000002,446.43299999999977,7,1,6,True
1951,CHEMBL1779692,N[C@@H](CC(=O)N1CCN(CCN2CCOCC2)C(=O)C1)Cc1cc(F)c(F)cc1F,116.0,5.935542010773082,0.3668000000000031,79.11000000000001,428.4549999999996,8,1,5,True
1952,CHEMBL1779693,N[C@@H](CC(=O)N1CCN(Cc2ccccc2)C(=O)C1)Cc1cc(F)c(F)cc1F,54.1,6.266802734893431,2.2348,66.64000000000001,405.4199999999996,7,1,3,True
1953,CHEMBL1779694,N[C@@H](CC(=O)N1CCN(Cc2ccc([N+](=O)[O-])cc2)C(=O)C1)Cc1cc(F)c(F)cc1F,38.5,6.414539270491499,2.1430000000000007,109.78,450.41699999999975,8,1,5,True
1954,CHEMBL1779695,N[C@@H](CC(=O)N1CCN(Cc2ccccc2[N+](=O)[O-])C(=O)C1)Cc1cc(F)c(F)cc1F,13.7,6.863279432843593,2.1430000000000007,109.78,450.41699999999975,8,1,5,True
1955,CHEMBL1779696,N#Cc1ccccc1CN1CCN(C(=O)C[C@H](N)Cc2cc(F)c(F)cc2F)CC1=O,48.9,6.310691140876379,2.1064800000000004,90.43,430.4299999999997,7,1,4,True
1956,CHEMBL1779697,N[C@@H](CC(=O)N1CCN(Cc2ccccc2C(F)(F)F)C(=O)C1)Cc1cc(F)c(F)cc1F,50.7,6.294992040666664,3.2536000000000023,66.64000000000001,473.41699999999975,7,1,3,True
1957,CHEMBL1779698,CCc1ccc(CN2CCN(C(=O)C[C@H](N)Cc3cc(F)c(F)cc3F)CC2=O)cc1,38.9,6.410050398674292,2.797200000000001,66.64,433.47399999999965,9,1,3,True
1958,CHEMBL1779699,COc1ccc(CN2CCN(C(=O)C[C@H](N)Cc3cc(F)c(F)cc3F)CC2=O)cc1,33.9,6.4698003017969175,2.2434000000000003,75.87,435.4459999999997,9,1,4,True
1959,CHEMBL1779700,N[C@@H](CC(=O)N1CCN(Cc2ccc(F)cc2)C(=O)C1)Cc1cc(F)c(F)cc1F,33.8,6.471083299722345,2.373900000000001,66.64000000000001,423.4099999999997,7,1,3,True
1960,CHEMBL1779702,N[C@@H](CC(=O)N1CCN(Cc2cccc(Cl)c2)C(=O)C1)Cc1cc(F)c(F)cc1F,26.7,6.573488738635425,2.888200000000001,66.64000000000001,439.8649999999997,7,1,3,True
1961,CHEMBL1779703,N[C@@H](CC(=O)N1CCN(Cc2ccccc2Cl)C(=O)C1)Cc1cc(F)c(F)cc1F,29.0,6.537602002101044,2.888200000000001,66.64000000000001,439.8649999999997,7,1,3,True
1962,CHEMBL1779705,N[C@@H](CC(=O)N1CCNC(=O)[C@H]1CO)Cc1cc(F)c(F)cc1F,12.0,6.920818753952375,-0.31689999999999996,95.66000000000001,345.32099999999963,7,3,4,True
1963,CHEMBL1779706,COC[C@@H]1C(=O)NCCN1C(=O)C[C@H](N)Cc1cc(F)c(F)cc1F,7.4,7.130768280269024,0.3372000000000016,84.66,359.3479999999996,8,2,4,True
1964,CHEMBL1779707,CCOC[C@@H]1C(=O)NCCN1C(=O)C[C@H](N)Cc1cc(F)c(F)cc1F,4.3,7.366531544420414,0.7273000000000013,84.66,373.3749999999996,9,2,4,True
1965,CHEMBL1779708,N[C@@H](CC(=O)N1CCNC(=O)[C@H]1COC1CCCC1)Cc1cc(F)c(F)cc1F,1.7,7.769551078621726,1.6499999999999997,84.66000000000001,413.4399999999996,8,2,4,True
1966,CHEMBL1779709,CC(C)OC[C@@H]1C(=O)NCCN1C(=O)C[C@H](N)Cc1cc(F)c(F)cc1F,2.2,7.657577319177793,1.1158000000000001,84.66,387.4019999999996,10,2,4,True
1967,CHEMBL1779710,CC(C)(C)OC[C@@H]1C(=O)NCCN1C(=O)C[C@H](N)Cc1cc(F)c(F)cc1F,0.9,8.045757490560675,1.5058999999999998,84.66,401.4289999999996,7,2,4,True
1968,CHEMBL1779711,CCN(C)C[C@@H]1C(=O)NCCN1C(=O)C[C@H](N)Cc1cc(F)c(F)cc1F,17.0,6.769551078621726,0.6425000000000017,78.67,386.41799999999955,10,2,4,True
1969,CHEMBL1779712,CCN(CC)C[C@@H]1C(=O)NCCN1C(=O)C[C@H](N)Cc1cc(F)c(F)cc1F,11.0,6.958607314841775,1.0326000000000013,78.67,400.44499999999954,11,2,4,True
1970,CHEMBL1779713,N[C@@H](CC(=O)N1CCNC(=O)[C@H]1CN1CCOCC1)Cc1cc(F)c(F)cc1F,5.2,7.2839966563652,0.023000000000002574,87.9,414.4279999999996,7,2,5,True
1971,CHEMBL1779714,CC(C)(C)SC[C@@H]1C(=O)NCCN1C(=O)C[C@H](N)Cc1cc(F)c(F)cc1F,1.3,7.886056647693163,2.2225,75.43,417.4969999999996,7,2,4,True
1972,CHEMBL1809262,CC(C)Cc1nc2ccc(OCC(N)=O)cc2c(-c2ccccc2)c1CN,270.00000000000006,5.568636235841012,3.4231000000000016,91.23,363.4609999999996,10,2,4,True
1973,CHEMBL1809263,CC(C)Cc1nc2ccc(OCC(N)=O)cc2c(-c2cccc(F)c2)c1CN,49.0,6.309803919971486,3.5622000000000007,91.23,381.4509999999996,10,2,4,True
1974,CHEMBL1809264,Cc1cccc(-c2c(CN)c(CC(C)C)nc3ccc(OCC(N)=O)cc23)c1,57.0,6.2441251443275085,3.7315200000000024,91.22999999999999,377.4879999999996,11,2,4,True
1975,CHEMBL1808463,CC(C)Cc1nc2ccc(OCC(N)=O)cc2c(-c2ccc(F)cc2)c1CN,26.0,6.585026652029182,3.5622000000000007,91.23,381.4509999999996,10,2,4,True
1976,CHEMBL1808464,Cc1ccc(-c2c(CN)c(CC(C)C)nc3ccc(OCC(N)=O)cc23)cc1,4.2,7.376750709602099,3.7315200000000024,91.22999999999999,377.4879999999996,11,2,4,True
1977,CHEMBL3215633,CNC(=O)COc1ccc2nc(CC(C)C)c(CN)c(-c3ccc(C)cc3)c2c1.Cl.Cl,52.0,6.2839966563652006,4.835820000000005,77.24,464.4369999999996,12,2,4,True
1978,CHEMBL1808468,Cc1ccc(-c2c(CN)c(CC(C)C)nc3ccc(/C=C/C(N)=O)cc23)cc1,1.8,7.744727494896693,4.365920000000004,82.0,373.4999999999996,10,2,3,True
1979,CHEMBL3216749,Cc1ccc(-c2c(CN)c(CC(C)C)nc3ccc(C(N)=O)cc23)cc1.Cl.Cl,55.0,6.259637310505756,4.809920000000005,82.0,420.3839999999995,9,2,3,True
1980,CHEMBL3215634,Cc1ccc(-c2c(CN)c(CC(C)C)nc3ccc(-c4nn[nH]n4)cc23)cc1.Cl.Cl,9.2,7.036212172654444,4.891120000000005,93.36999999999999,445.39799999999957,9,2,5,True
1981,CHEMBL1808473,Cc1ccc(-c2c(CN)c(CC(C)C)nc3ccc(N4CCNC(=O)C4)cc23)cc1,2.2,7.657577319177793,3.803620000000002,71.25,402.54199999999963,9,2,4,True
1982,CHEMBL1808474,Cc1ccc(-c2c(CN)c(CC(C)C)nc3ccc(N4CCNC(=O)C4=O)cc23)cc1,2.7,7.568636235841012,3.3302200000000015,88.32,416.5249999999997,9,2,4,True
1983,CHEMBL1808475,CC(C)Cn1c(CN)c(-c2ccccc2)c2cc(OCC(N)=O)ccc2c1=O.Cl,240.0,5.619788758288394,3.069100000000001,100.34,415.9209999999996,10,2,5,True
1984,CHEMBL1814760,Cl.O=C([C@@H]1C[C@H](NCc2ccnc3ccccc23)CN1)N1Cc2ccccc2C1,17700.0,3.7520267336381936,3.0191000000000017,57.260000000000005,408.9329999999997,4,2,4,True
1985,CHEMBL1812728,Cn1c(CN)c(-c2ccccc2)c2cc(Cl)ccc2c1=O,16000.0,3.795880017344075,3.3176000000000014,48.019999999999996,298.7729999999997,4,1,3,True
1986,CHEMBL1812729,Cl.Cn1c(CCN)c(-c2ccccc2)c2cc(Cl)ccc2c1=O,87000.0,3.0604807473813813,3.781900000000003,48.019999999999996,349.26099999999974,5,1,3,True
1987,CHEMBL1812733,CCn1c(CN)c(-c2ccccc2)c2cc(Cl)ccc2c1=O,8300.0,4.080921907623926,3.800500000000002,48.019999999999996,312.79999999999967,5,1,3,True
1988,CHEMBL1812734,CCCn1c(CN)c(-c2ccccc2)c2cc(Cl)ccc2c1=O,2400.0,4.619788758288394,4.190600000000003,48.019999999999996,326.8269999999997,6,1,3,True
1989,CHEMBL1812735,CCCCn1c(CN)c(-c2ccccc2)c2cc(Cl)ccc2c1=O,2400.0,4.619788758288394,4.580700000000004,48.019999999999996,340.8539999999997,7,1,3,True
1990,CHEMBL1812736,CC(C)Cn1c(CN)c(-c2ccccc2)c2cc(Cl)ccc2c1=O,1600.0,4.795880017344075,4.436600000000004,48.019999999999996,340.8539999999997,7,1,3,True
1991,CHEMBL1812737,CCCCCn1c(CN)c(-c2ccccc2)c2cc(Cl)ccc2c1=O,3800.0,4.42021640338319,4.970800000000004,48.019999999999996,354.8809999999997,8,1,3,True
1992,CHEMBL1812738,CC(C)(C)Cn1c(CN)c(-c2ccccc2)c2cc(Cl)ccc2c1=O,1900.0,4.721246399047171,4.826700000000004,48.019999999999996,354.8809999999997,4,1,3,True
1993,CHEMBL1812900,CC(C)Cn1c(CN)c(-c2ccccc2)c2cc(C(=O)O)ccc2c1=O.Cl,980.0,5.008773924307505,3.9032000000000022,85.32,386.8789999999996,8,2,5,True
1994,CHEMBL1812901,CC(C)Cn1c(CN)c(-c2ccccc2)c2cc(C(N)=O)ccc2c1=O.Cl,360.0,5.443697499232712,3.303900000000002,91.10999999999999,385.89499999999964,8,2,4,True
1995,CHEMBL1812902,CC(C)Cn1c(CN)c(-c2ccccc2)c2cc(C#N)ccc2c1=O.Cl,1100.0,4.958607314841775,4.076680000000003,71.81,367.87999999999965,7,1,4,True
1996,CHEMBL1812903,CC(C)Cn1c(CN)c(-c2ccccc2)c2ccc(C(N)=O)cc2c1=O.Cl,2400.0,4.619788758288394,3.303900000000002,91.10999999999999,385.89499999999964,8,2,4,True
1997,CHEMBL1812904,CNC(=O)c1ccc2c(=O)n(CC(C)C)c(CN)c(-c3ccccc3)c2c1.Cl,1900.0,4.721246399047171,3.5646000000000018,77.12,399.9219999999997,9,2,4,True
1998,CHEMBL1812905,CC(C)Cn1c(CN)c(-c2ccccc2)c2cc(C(=O)N(C)C)ccc2c1=O.Cl,4000.0,4.3979400086720375,3.9068000000000027,68.33,413.9489999999996,10,1,4,True
1999,CHEMBL1812906,CC(C)Cn1c(CN)c(-c2ccccc2)c2cc(O)ccc2c1=O.Cl,790.0,5.102372908709558,3.9106000000000027,68.25,358.86899999999963,8,2,4,True
2000,CHEMBL1812907,COc1ccc2c(=O)n(CC(C)C)c(CN)c(-c3ccccc3)c2c1,870.0,5.060480747381382,3.791800000000002,57.25,336.4349999999996,9,1,4,True
2001,CHEMBL1812909,CC(C)Cn1c(CN)c(-c2ccccc2)c2ccc(OCC(N)=O)cc2c1=O.Cl,1100.0,4.958607314841775,3.069100000000001,100.34,415.9209999999996,10,2,5,True
2002,CHEMBL1812910,CC(C)Cn1c(CN)c(-c2ccccc2)c2cc(/C=C/C(N)=O)ccc2c1=O.Cl,280.0,5.552841968657781,3.7035000000000022,91.10999999999999,411.93299999999965,9,2,4,True
2003,CHEMBL1812911,CC(C)Cn1c(CN)c(-c2ccccc2)c2cc(CCC(N)=O)ccc2c1=O.Cl,1500.0,4.823908740944319,3.6229000000000027,91.10999999999999,413.9489999999996,10,2,4,True
2004,CHEMBL1819089,Cl.Cn1c(=O)c2c(cc(N3CCC[C@@H](N)C3)n2Cc2cc(F)ccc2C#N)n(C)c1=O,0.34,8.468521082957745,1.44708,101.97999999999999,446.91399999999976,6,1,8,True
2005,CHEMBL1819091,CC[C@@]1(N)CCCN(c2cc3c(c(=O)n(C)c(=O)n3C)n2Cc2cc(F)ccc2C#N)C1,26.0,6.585026652029182,1.8054799999999998,101.97999999999999,438.5069999999997,8,1,8,True
2006,CHEMBL1819090,Cn1c(=O)c2c(cc(N3CCC[C@@](C)(N)C3)n2Cc2cc(F)ccc2C#N)n(C)c1=O,1.1,7.958607314841775,1.4153799999999996,101.97999999999999,424.4799999999997,7,1,8,True
2007,CHEMBL34603,NCc1c(N)nc(-c2ccccc2)nc1-c1ccc(Cl)cc1,1400.0,4.853871964321762,3.504900000000002,77.82000000000001,310.7879999999997,5,2,4,True
2008,CHEMBL289562,NCc1c(N)nc(-c2ccccc2)nc1-c1ccccc1,42000.0,3.3767507096021,2.8515000000000015,77.82000000000001,276.3429999999997,5,2,4,True
2009,CHEMBL36020,NCc1c(N)nc(-c2ccccc2)nc1-c1ccc(Cl)cc1Cl,10.0,7.0,4.158300000000002,77.82000000000001,345.2329999999997,5,2,4,True
2010,CHEMBL34062,COc1cc(OC)cc(-c2nc(N)c(CN)c(-c3ccc(Cl)cc3Cl)n2)c1,0.1,9.0,4.175500000000001,96.28,405.28499999999974,9,2,6,True
2011,CHEMBL1909975,NCc1c(N)nc(-c2cc(F)cc(F)c2)nc1-c1ccc(Cl)cc1Cl,3.0,7.522878745280337,4.436500000000001,77.82000000000001,381.21299999999974,5,2,4,True
2012,CHEMBL122206,COc1cc2c(cc1OC)-c1nc(N)c(CN)c(-c3ccc(Cl)cc3Cl)c1C2,7.0,7.154901959985743,4.684700000000003,83.39,416.3079999999997,8,2,5,True
2013,CHEMBL331950,NCc1c(-c2ccc(Cl)cc2Cl)cc(-c2ccccc2)nc1N,920.0,5.036212172654444,4.763300000000003,64.92999999999999,344.2449999999998,5,2,3,True
2014,CHEMBL1929387,Cc1cc2ncc(C(=O)NCC(C)(C)NCC(=O)N3CCC[C@H]3C#N)cn2n1.Cl,3.8,7.42021640338319,1.0720999999999998,115.42,419.9169999999996,9,2,7,True
2015,CHEMBL1929388,Cc1cc2ncc(C(=O)NCC(C)(C)NCC(=O)N3CCC[C@H]3C#N)c(C)n2n1.Cl,13.0,6.886056647693163,1.3805199999999997,115.42,433.9439999999996,10,2,7,True
2016,CHEMBL1929389,Cc1cc2ncc(C(=O)NCC(C)(C)NCC(=O)N3CCC[C@H]3C#N)c(C(F)(F)F)n2n1.Cl,32.0,6.494850021680094,2.0909,115.42,487.9139999999996,9,2,7,True
2017,CHEMBL1929390,Cc1cc2ncc(C(=O)NCC(C)(C)NCC(=O)N3CCC[C@H]3C#N)c(O)n2n1.Cl,1.8,7.744727494896693,0.7776999999999996,135.65,435.9159999999996,10,3,8,True
2018,CHEMBL1929391,Cc1c(C(=O)NCC(C)(C)NCC(=O)N2CCC[C@H]2C#N)cnc2cc(C(C)(C)C)nn12.Cl,15.0,6.823908740944319,2.3696000000000006,115.42,476.0249999999995,9,2,7,True
2019,CHEMBL1929392,Cc1c(C(=O)NCC(C)(C)NCC(=O)N2CCC[C@H]2C#N)cnc2cc(-c3ccccc3)nn12.Cl,11.0,6.958607314841775,2.739100000000001,115.42,496.01499999999965,10,2,7,True
2020,CHEMBL1929393,Cc1nc2cc(C(C)(C)C)nn2c(C)c1C(=O)NCC(C)(C)NCC(=O)N1CCC[C@H]1C#N.Cl,80.0,6.096910013008056,2.6780200000000014,115.42000000000002,490.05199999999957,10,2,7,True
2021,CHEMBL1929395,Cc1cc2nc(C)c(C(=O)NCC(C)(C)NCC(=O)N3CCC[C@H]3C#N)c(C)n2n1.Cl,110.0,5.958607314841775,1.6889399999999997,115.42,447.97099999999955,11,2,7,True
2022,CHEMBL1951417,Cn1cnc2c(C#N)c(N3CCNCC3)n(Cc3ccccc3)c2c1=O,2100.0,4.6777807052660805,1.0645799999999994,78.88,348.40999999999974,4,1,7,True
2023,CHEMBL1951418,COc1cccc(C(=O)Cn2cnc3c(C#N)c(N4CCNCC4)n(Cc4ccccc4)c3c2=O)c1,400.0,5.3979400086720375,2.41908,105.17999999999998,482.54399999999987,8,1,9,True
2024,CHEMBL1951419,CC#CCn1c(N2CCNCC2)c(C#N)c2ncn(CC(=O)c3cccc(OC)c3)c(=O)c21,23.0,6.638272163982407,1.3940799999999987,105.18,444.49499999999983,7,1,9,True
2025,CHEMBL1951420,COc1cccc(C(=O)Cn2cnc3c(C#N)c(N4CCNCC4)n(CC=C(C)C)c3c2=O)c1,10.0,7.0,2.3369799999999996,105.17999999999998,460.5379999999998,10,1,9,True
2026,CHEMBL1951421,Cn1cnc2c(C#N)c(N3CCC[C@H](N)C3)n(Cc3ccccc3)c2c1=O,20.0,6.698970004336019,1.5824799999999994,92.87,362.4369999999997,5,1,7,True
2027,CHEMBL1951422,COc1cccc(C(=O)Cn2cnc3c(C#N)c(N4CCC[C@@H](N)C4)n(Cc4ccccc4)c3c2=O)c1,25.0,6.6020599913279625,2.936980000000001,119.16999999999999,496.57099999999986,9,1,9,True
2028,CHEMBL1951423,COc1cccc(C(=O)Cn2cnc3c(C#N)c(N4CCC[C@H](N)C4)n(Cc4ccccc4)c3c2=O)c1,4.0,7.397940008672037,2.936980000000001,119.16999999999999,496.57099999999986,9,1,9,True
2029,CHEMBL1951424,N#Cc1c(N2CCC[C@H](N)C2)n(Cc2ccccc2)c2c(=O)n(Cc3ccnc4ccccc34)cnc12,17.0,6.769551078621726,3.641980000000002,105.75999999999999,489.5829999999998,6,1,8,True
2030,CHEMBL1951425,CC#CCn1c(N2CCC[C@@H](N)C2)c(C#N)c2ncn(CC(=O)c3cccc(OC)c3)c(=O)c21,60.0,6.221848749616356,1.9119799999999991,119.17000000000002,458.5219999999998,8,1,9,True
2031,CHEMBL1951426,CC#CCn1c(N2CCC[C@H](N)C2)c(C#N)c2ncn(CC(=O)c3cccc(OC)c3)c(=O)c21,15.0,6.823908740944319,1.9119799999999991,119.17000000000002,458.5219999999998,8,1,9,True
2032,CHEMBL1951427,CC#CCn1c(N2CCC[C@H](N)C2)c(C#N)c2ncn(Cc3ccnc4ccccc34)c(=O)c21,10.0,7.0,2.61698,105.76000000000002,451.5339999999998,5,1,8,True
2033,CHEMBL1951428,CC#CCn1c(N2CCC[C@H](N)C2)c(C#N)c2ncn(Cc3nccc4ccccc34)c(=O)c21,5.0,7.301029995663981,2.61698,105.76000000000002,451.5339999999998,5,1,8,True
2034,CHEMBL1951429,COc1cccc(C(=O)Cn2cnc3c(C#N)c(N4CCC[C@@H](N)C4)n(CC=C(C)C)c3c2=O)c1,4.0,7.397940008672037,2.8548800000000005,119.16999999999999,474.56499999999977,11,1,9,True
2035,CHEMBL1951430,COc1cccc(C(=O)Cn2cnc3c(C#N)c(N4CCC[C@H](N)C4)n(CC=C(C)C)c3c2=O)c1,1.0,8.0,2.8548800000000005,119.16999999999999,474.56499999999977,11,1,9,True
2036,CHEMBL1951431,CC(C)=CCn1c(N2CCC[C@H](N)C2)c(C#N)c2ncn(Cc3ccnc4ccccc34)c(=O)c21,4.0,7.397940008672037,3.5598800000000024,105.76000000000002,467.57699999999977,8,1,8,True
2037,CHEMBL1951432,CC(C)=CCn1c(N2CCC[C@H](N)C2)c(C#N)c2ncn(Cc3nccc4ccccc34)c(=O)c21,0.5,8.301029995663981,3.5598800000000024,105.76000000000002,467.57699999999977,8,1,8,True
2038,CHEMBL1951433,CC(C)=CCn1c(N2CCC[C@H](N)C2)c(C#N)c2ncn(Cc3nc(C)c4ccccc4n3)c(=O)c21,3.0,7.522878745280337,3.263300000000002,118.65,482.59199999999976,9,1,9,True
2039,CHEMBL1951434,CC(C)=CCn1c(N2CCC[C@H](N)C2)c(C#N)c2ncn(Cc3ncc4ccccc4n3)c(=O)c21,8.0,7.096910013008056,2.954880000000001,118.65,468.56499999999977,8,1,9,True
2040,CHEMBL1951435,CC(C)=CCn1c(N2CCC[C@H](N)C2)c(C#N)c2ncn(C)c(=O)c21,9.0,7.045757490560675,1.5003799999999998,92.87,340.43099999999964,7,1,7,True
2041,CHEMBL1951436,N#Cc1c(N2CCCNCC2)n(Cc2ccccc2)c2c(=O)n(Cc3nccc4ccccc34)cnc12,60.0,6.221848749616356,3.5141800000000014,91.77000000000001,489.5829999999998,5,1,8,True
2042,CHEMBL1951437,CC(C)=CCn1c(N2CCCNCC2)c(C#N)c2ncn(Cc3nccc4ccccc34)c(=O)c21,7.0,7.154901959985743,3.432080000000002,91.76999999999998,467.57699999999977,7,1,8,True
2043,CHEMBL1951438,CC#CCn1c(N2CCCNCC2)c(C#N)c2ncn(Cc3nccc4ccccc34)c(=O)c21,6.0,7.221848749616356,2.4891799999999993,91.76999999999998,451.5339999999998,4,1,8,True
2044,CHEMBL1951439,CC#CCn1c(N2CCCNCC2)c(C#N)c2ncn(Cc3nc(C)c4ccccc4n3)c(=O)c21,9.0,7.045757490560675,2.1925999999999997,104.66,466.5489999999998,5,1,9,True
2045,CHEMBL1951440,CC#CCn1c(N2CCCNCC2)c(C#N)c2ncn(Cc3ncc4ccccc4n3)c(=O)c21,45.0,6.346787486224656,1.884179999999999,104.66,452.5219999999998,4,1,9,True
2046,CHEMBL1951597,Cn1c(=O)c2c(c(C#N)c(N3CCC[C@H](N)C3)n2Cc2ccccc2)n(C)c1=O,10.0,7.0,0.8861799999999995,101.97999999999999,392.46299999999974,6,1,8,True
2047,CHEMBL1951599,CC(C)=CCn1c(N2CCC[C@H](N)C2)c(C#N)c2c1c(=O)n(Cc1nccc3ccccc13)c(=O)n2C,1.0,8.0,2.8635800000000007,114.87,497.6029999999997,9,1,9,True
2048,CHEMBL1951601,CC(C)=CCn1c(N2CCC[C@H](N)C2)c(C#N)c2c1c(=O)n(Cc1cnc3ccccc3n1)c(=O)n2C,9.0,7.045757490560675,2.2585800000000003,127.75999999999999,498.5909999999997,9,1,10,True
2049,CHEMBL1951602,CC(C)=CCn1c(N2CCC[C@H](N)C2)c(C#N)c2c1c(=O)n(Cc1ncccc1C#N)c(=O)n2C,25.0,6.6020599913279625,1.5820599999999998,138.66,472.5529999999997,9,1,10,True
2050,CHEMBL1951603,CC#CCn1c(N2CCC[C@H](N)C2)c(C#N)c2c1c(=O)n(CC(=O)c1cccc(OC)c1)c(=O)n2C,2.0,7.698970004336019,1.2156799999999992,128.28,488.5479999999998,9,1,10,True
2051,CHEMBL1951604,CC#CCn1c(N2CCC[C@H](N)C2)c(C#N)c2c1c(=O)n(Cc1nccc3ccccc13)c(=O)n2C,4.0,7.397940008672037,1.9206799999999993,114.87,481.5599999999998,6,1,9,True
2052,CHEMBL1951605,CC#CCn1c(N2CCC[C@@H](N)C2)c(C#N)c2c1c(=O)n(Cc1nc(C)c3ccccc3n1)c(=O)n2C,20.0,6.698970004336019,1.6240999999999997,127.75999999999999,496.57499999999976,7,1,10,True
2053,CHEMBL1951606,CC#CCn1c(N2CCC[C@H](N)C2)c(C#N)c2c1c(=O)n(Cc1nc(C)c3ccccc3n1)c(=O)n2C,250.0,5.6020599913279625,1.6240999999999997,127.75999999999999,496.57499999999976,7,1,10,True
2054,CHEMBL1951608,CC(C)=CCn1c(N2CCCNCC2)c(C#N)c2c1c(=O)n(Cc1nccc3ccccc13)c(=O)n2C,3.0,7.522878745280337,2.735780000000001,100.88,497.6029999999997,8,1,9,True
2055,CHEMBL1951610,CC(C)=CCn1c(N2CCCNCC2)c(C#N)c2c1c(=O)n(Cc1cn3ccccc3n1)c(=O)n2C,10.0,7.0,1.8352799999999996,105.28999999999999,486.5799999999997,8,1,10,True
2056,CHEMBL1951612,CC#CCn1c(N2CCCNCC2)c(C#N)c2c1c(=O)n(Cc1nccc3ccccc13)c(=O)n2C,5.0,7.301029995663981,1.7928799999999991,100.88,481.5599999999998,5,1,9,True
2057,CHEMBL1951613,CC#CCn1c(N2CCCNCC2)c(C#N)c2c1c(=O)n(Cc1nc(C)c3ccccc3n1)c(=O)n2C,7.5,7.1249387366083,1.4962999999999995,113.77000000000001,496.57499999999976,6,1,10,True
2058,CHEMBL2011528,N[C@H]1CN(c2ccc(-n3ccc(OCc4ccccc4)cc3=O)cn2)C[C@@H]1c1cc(F)ccc1F,1650.0,4.782516055786093,4.020800000000003,73.38,474.51099999999974,7,1,6,True
2059,CHEMBL2011534,N[C@H]1CN(c2ccc(-n3ccc(OCc4ccccc4)cc3=O)cn2)C[C@@H]1c1cc(F)c(F)cc1F,1100.0,4.958607314841775,4.159900000000003,73.38,492.50099999999975,7,1,6,True
2060,CHEMBL2022512,N#C[C@@H]1CCCN1C(=O)CNC(=O)c1ccc(-c2cccs2)cc1,13100.0,3.882728704344236,2.6594800000000003,73.2,339.4199999999997,4,1,4,True
2061,CHEMBL2023067,N#Cc1ccccc1Cn1c(N2CCC[C@@H](N)C2)nc2c(Br)c[nH]c2c1=O,43.99999999999999,6.356547323513813,2.33458,103.72999999999999,427.3059999999997,4,2,6,True
2062,CHEMBL2023066,N#Cc1ccccc1Cn1c(N2CCC[C@@H](N)C2)nc2[nH]c(-c3cccnc3)cc2c1=O,2.34,7.6307841425898575,2.634080000000001,116.62,425.49599999999975,5,2,7,True
2063,CHEMBL2022464,Cc1cc2c(=O)n(Cc3ccccc3C#N)c(N3CCC[C@@H](N)C3)nc2[nH]1,13.78,6.860750782428393,1.8804999999999998,103.72999999999999,362.43699999999967,5,2,6,True
2064,CHEMBL2022467,N#Cc1ccccc1Cn1c(N2CCC[C@@H](N)C2)nc2[nH]c(Br)cc2c1=O,2.64,7.578396073130169,2.33458,103.72999999999999,427.3059999999997,4,2,6,True
2065,CHEMBL2058973,O=C([C@@H]1C[C@H](N2CCN(c3nccc4ccccc34)CC2)CN1)N1CCSC1,0.61,8.214670164989233,1.6202,51.71000000000001,397.5479999999996,3,1,6,True
2066,CHEMBL2058974,O=C([C@@H]1C[C@H](N2CCN(c3ncc(Cl)c4ccccc34)CC2)CN1)N1CCSC1,0.73,8.136677139879543,2.2736,51.71000000000001,431.9929999999997,3,1,6,True
2067,CHEMBL2058975,N#Cc1cnc(N2CCN([C@@H]3CN[C@H](C(=O)N4CCSC4)C3)CC2)c2ccccc12,0.51,8.292429823902063,1.4918799999999999,75.5,422.5579999999997,3,1,7,True
2068,CHEMBL2058968,O=C([C@@H]1C[C@H](N2CCN(c3ccc4ccccc4n3)CC2)CN1)N1CCSC1,2.2,7.657577319177793,1.6202,51.71000000000001,397.5479999999996,3,1,6,True
2069,CHEMBL2058969,O=C([C@@H]1C[C@H](N2CCN(c3ccnc4ccccc34)CC2)CN1)N1CCSC1,0.95,8.022276394711152,1.6202,51.71000000000001,397.5479999999996,3,1,6,True
2070,CHEMBL2058970,Cc1cc(N2CCN([C@@H]3CN[C@H](C(=O)N4CCSC4)C3)CC2)c2ccccc2n1,0.56,8.2518119729938,1.92862,51.71,411.57499999999965,4,1,6,True
2071,CHEMBL2058971,O=C([C@@H]1C[C@H](N2CCN(c3cc(C(F)(F)F)nc4ccccc34)CC2)CN1)N1CCSC1,0.37,8.431798275933005,2.6390000000000002,51.71000000000001,465.54499999999973,3,1,6,True
2072,CHEMBL2058972,O=C([C@@H]1C[C@H](N2CCN(c3ccnc4cc(Cl)ccc34)CC2)CN1)N1CCSC1,0.61,8.214670164989233,2.2736,51.71000000000001,431.9929999999997,3,1,6,True
2073,CHEMBL2058759,O=C([C@@H]1C[C@H](N2CCN(c3ccnc4cc(C(F)(F)F)ccc34)CC2)CN1)N1CCSC1,1.6,7.795880017344075,2.6390000000000002,51.71000000000001,465.54499999999973,3,1,6,True
2074,CHEMBL2058760,O=C([C@@H]1C[C@H](N2CCN(c3nc4ccccc4[nH]3)CC2)CN1)N1CCSC1,0.8,8.096910013008056,0.9483000000000004,67.5,386.5249999999996,3,2,6,True
2075,CHEMBL2058761,O=C([C@@H]1C[C@H](N2CCN(c3nc4cc(Cl)ccc4[nH]3)CC2)CN1)N1CCSC1,0.59,8.229147988357855,1.6017,67.5,420.9699999999997,3,2,6,True
2076,CHEMBL2058762,N#Cc1ccc2[nH]c(N3CCN([C@@H]4CN[C@H](C(=O)N5CCSC5)C4)CC3)nc2c1,0.39,8.4089353929735,0.8199799999999999,91.28999999999999,411.5349999999997,3,2,7,True
2077,CHEMBL2058967,O=C([C@@H]1C[C@H](N2CCN(c3nc4ccccc4o3)CC2)CN1)N1CCSC1,1.2,7.920818753952375,1.2132,64.85000000000001,387.5089999999996,3,1,7,True
2078,CHEMBL2058756,N#Cc1ccc2oc(N3CCN([C@@H]4CN[C@H](C(=O)N5CCSC5)C4)CC3)nc2c1,0.5,8.301029995663981,1.08488,88.64,412.5189999999997,3,1,8,True
2079,CHEMBL2058757,O=C([C@@H]1C[C@H](N2CCN(c3nc4ccccc4s3)CC2)CN1)N1CCSC1,0.55,8.259637310505756,1.6816999999999998,51.71000000000001,403.57699999999966,3,1,7,True
2080,CHEMBL2058758,N#Cc1ccc2sc(N3CCN([C@@H]4CN[C@H](C(=O)N5CCSC5)C4)CC3)nc2c1,0.42,8.3767507096021,1.5533799999999998,75.5,428.5869999999997,3,1,8,True
2081,CHEMBL2063024,C[C@H](N)C(=O)N1C[C@@H](O)C[C@H]1B(O)O,2.3,7.638272163982407,-2.692599999999998,107.02000000000001,202.01900000000012,7,4,5,True
2082,CHEMBL2063025,C[C@H](N)C(=O)N1C[C@H](O)C[C@H]1B(O)O,23.0,6.638272163982407,-2.692599999999998,107.02000000000001,202.01900000000012,7,4,5,True
2083,CHEMBL2063026,C[C@H](N)C(=O)N1C[C@H](F)C[C@H]1B(O)O,2.1,7.67778070526608,-1.7153999999999994,86.79,204.01000000000013,6,3,4,True
2084,CHEMBL2063027,C[C@H](N)C(=O)N1CC(=O)C[C@H]1B(O)O,200.0,5.698970004336019,-2.484399999999998,103.86000000000001,200.0030000000001,6,3,5,True
2085,CHEMBL2063028,C[C@H](N)C(=O)N1C[C@@H](Cl)C[C@H]1B(O)O,18000.0,3.744727494896694,-1.446099999999999,86.79,220.46500000000012,6,3,4,True
2086,CHEMBL2063029,N[C@@H](CCC(=O)O)C(=O)N1C[C@@H](O)C[C@H]1B(O)O,29.0,6.537602002101044,-2.847699999999997,144.32000000000002,260.055,9,5,7,True
2087,CHEMBL2063030,N[C@@H](CCC(=O)O)C(=O)N1C[C@H](O)C[C@H]1B(O)O,17.0,6.769551078621726,-2.847699999999997,144.32000000000002,260.055,9,5,7,True
2088,CHEMBL2063031,CC(C)(C)[C@H](N)C(=O)N1C[C@@H](O)C[C@H]1B(O)O,53.0,6.275724130399211,-1.6663999999999977,107.02000000000001,244.1000000000002,6,4,5,True
2089,CHEMBL2063032,CC(C)(C)[C@H](N)C(=O)N1C[C@H](O)C[C@H]1B(O)O,59.0,6.229147988357856,-1.6663999999999977,107.02000000000001,244.1000000000002,6,4,5,True
2090,CHEMBL2063033,O=C([C@@H]1CCCN1)N1C[C@@H](O)C[C@H]1B(O)O,6.2,7.207608310501746,-2.2877999999999976,93.03000000000002,228.05700000000016,5,4,5,True
2091,CHEMBL2063034,O=C([C@@H]1CCCN1)N1C[C@H](O)C[C@H]1B(O)O,6.5,7.187086643357144,-2.2877999999999976,93.03000000000002,228.05700000000016,5,4,5,True
2092,CHEMBL2063035,O=C([C@@H]1C[C@@H](O)CN1)N1C[C@@H](O)C[C@H]1B(O)O,20.0,6.698970004336019,-3.3169999999999975,113.26,244.05600000000015,6,5,6,True
2093,CHEMBL2063036,O=C([C@@H]1C[C@@H](O)CN1)N1C[C@H](O)C[C@H]1B(O)O,48.0,6.318758762624412,-3.3169999999999975,113.26,244.05600000000015,6,5,6,True
2094,CHEMBL2063037,O=C([C@@H]1C[C@H](O)CN1)N1C[C@@H](O)C[C@H]1B(O)O,15.0,6.823908740944319,-3.3169999999999975,113.26,244.05600000000015,6,5,6,True
2095,CHEMBL2063038,O=C([C@@H]1C[C@H](O)CN1)N1C[C@H](O)C[C@H]1B(O)O,16.0,6.795880017344075,-3.3169999999999975,113.26,244.05600000000015,6,5,6,True
2096,CHEMBL2063039,N[C@@H](CCCC(=O)O)C(=O)N1C[C@H](O)C[C@H]1B(O)O,17.0,6.769551078621726,-2.4575999999999976,144.32000000000002,274.08199999999965,10,5,7,True
2097,CHEMBL2069830,N[C@@H](CC(=O)N1CCN(c2ccc(F)cc2F)CC1)Cc1cc(F)c(F)cc1F,291.0,5.536107011014093,2.990800000000001,49.57000000000001,413.3899999999997,6,1,3,True
2098,CHEMBL2069832,CC(=O)c1ccc(N2CCN(C(=O)C[C@H](N)Cc3cc(F)c(F)cc3F)CC2)cc1,99.7,6.001304841688344,2.9152000000000013,66.64,419.44699999999966,8,1,4,True
2099,CHEMBL2069833,N[C@@H](CC(=O)N1CCN(c2ccccc2-c2ccccc2)CC1)Cc1cc(F)c(F)cc1F,569.0,5.244887733604929,4.3796000000000035,49.57000000000001,453.50799999999964,7,1,3,True
2100,CHEMBL2069834,N#Cc1ccccc1N1CCN(C(=O)C[C@H](N)Cc2cc(F)c(F)cc2F)CC1,50.4,6.297569463554475,2.5842800000000006,73.36,402.4199999999997,6,1,4,True
2101,CHEMBL2069835,N#Cc1ccc(N2CCN(C(=O)C[C@H](N)Cc3cc(F)c(F)cc3F)CC2)cc1,101.0,5.995678626217358,2.5842800000000006,73.36,402.41999999999973,6,1,4,True
2102,CHEMBL2069836,COc1cc(CN2CCN(C(=O)C[C@H](N)Cc3cc(F)c(F)cc3F)CC2)cc(OC)c1,103.0,5.987162775294828,2.7254000000000005,68.03,451.48899999999963,11,1,5,True
2103,CHEMBL2069838,N[C@@H](CC(=O)N1CCN(C(=O)c2ccccc2)CC1)Cc1cc(F)c(F)cc1F,52.6,6.279014255846261,2.3484000000000007,66.64000000000001,405.4199999999996,6,1,3,True
2104,CHEMBL2069839,N[C@@H](CC(=O)N1CCN(C(=O)c2ccc(F)cc2)CC1)Cc1cc(F)c(F)cc1F,45.3,6.343901797987169,2.4875000000000007,66.64000000000001,423.4099999999997,6,1,3,True
2105,CHEMBL2069840,N[C@@H](CC(=O)N1CCN(C(=O)c2ccc(O)cc2)CC1)Cc1cc(F)c(F)cc1F,39.0,6.4089353929735005,2.0540000000000003,86.87000000000002,421.4189999999997,7,2,4,True
2106,CHEMBL2069841,N[C@@H](CC(=O)N1CCN(C(=O)c2ccc(OC(F)(F)F)cc2)CC1)Cc1cc(F)c(F)cc1F,64.6,6.189767482004916,3.2470000000000026,75.87000000000002,489.41599999999977,7,1,4,True
2107,CHEMBL2069842,N[C@@H](CC(=O)N1CCN(C(=O)c2ccc(C(F)(F)F)cc2)CC1)Cc1cc(F)c(F)cc1F,56.4,6.248720896016658,3.367200000000003,66.64000000000001,473.4169999999998,6,1,3,True
2108,CHEMBL2069843,N[C@@H](CC(=O)N1CCN(C(=O)c2ccc(S(N)(=O)=O)cc2)CC1)Cc1cc(F)c(F)cc1F,45.3,6.343901797987169,0.9958000000000004,126.80000000000001,484.49999999999983,8,2,5,True
2109,CHEMBL2069844,N[C@@H](CC(=O)N1CCN(C(=O)c2ccc(C(=O)O)cc2)CC1)Cc1cc(F)c(F)cc1F,53.4,6.272458742971444,2.0466000000000006,103.94000000000001,449.42899999999975,7,2,5,True
2110,CHEMBL2069845,N[C@@H](CC(=O)N1CCN(C(=O)c2cccc(C(=O)O)c2)CC1)Cc1cc(F)c(F)cc1F,56.9,6.244887733604929,2.0466000000000006,103.94000000000001,449.42899999999975,7,2,5,True
2111,CHEMBL2069847,N[C@@H](CC(=O)N1CCN(C(=O)c2ccco2)CC1)Cc1cc(F)c(F)cc1F,67.7,6.169411331314856,1.9414000000000007,79.78000000000002,395.3809999999997,6,1,4,True
2112,CHEMBL2069848,N[C@@H](CC(=O)N1CCN(C(=O)c2ccc3ccccc3n2)CC1)Cc1cc(F)c(F)cc1F,24.9,6.603800652904264,2.896600000000002,79.53000000000002,456.4679999999997,6,1,4,True
2113,CHEMBL2069849,COc1cccc2cc(C(=O)N3CCN(C(=O)C[C@H](N)Cc4cc(F)c(F)cc4F)CC3)oc12,65.4,6.184422251675732,3.103200000000002,89.01,475.46699999999976,8,1,5,True
2114,CHEMBL2069850,N[C@@H](CC(=O)N1CCN(C(=O)c2ccccn2)CC1)Cc1cc(F)c(F)cc1F,57.6,6.239577516576788,1.7434000000000005,79.53000000000002,406.4079999999997,6,1,4,True
2115,CHEMBL2069851,N[C@@H](CC(=O)N1CCN(C(=O)c2cnccn2)CC1)Cc1cc(F)c(F)cc1F,74.4,6.128427064454121,1.1384000000000003,92.42000000000002,407.39599999999973,6,1,5,True
2116,CHEMBL2069852,N[C@@H](CC(=O)N1CCN(C(=O)c2ccc(O)nc2)CC1)Cc1cc(F)c(F)cc1F,91.5,6.038578905933552,1.4490000000000003,99.76000000000002,422.4069999999997,7,2,5,True
2117,CHEMBL2069853,N[C@@H](CC(=O)N1CCN(C(=O)c2cc(O)c3cccc(O)c3n2)CC1)Cc1cc(F)c(F)cc1F,31.2,6.505845405981558,2.3078000000000003,119.99000000000002,488.4659999999998,8,3,6,True
2118,CHEMBL2069854,N[C@@H](CC(=O)N1CCN(C(=O)c2cc3ccccc3s2)CC1)Cc1cc(F)c(F)cc1F,50.6,6.295849483160201,3.563100000000003,66.64000000000001,461.50899999999973,6,1,4,True
2119,CHEMBL2069855,Cn1c(C(=O)N2CCN(C(=O)C[C@H](N)Cc3cc(F)c(F)cc3F)CC2)cc2ccccc21,33.9,6.4698003017969175,2.8401000000000005,71.57000000000001,458.48399999999975,7,1,4,True
2120,CHEMBL2069856,N[C@@H](CC(=O)N1CCN(C(=O)c2cc3ccccc3o2)CC1)Cc1cc(F)c(F)cc1F,76.2,6.1180450286604,3.0946000000000016,79.78000000000002,445.44099999999975,6,1,4,True
2121,CHEMBL2069308,N[C@@H](CC(=O)N1CCN(C(=O)c2ccc3cccnc3n2)CC1)Cc1cc(F)c(F)cc1F,36.7,6.43533393574791,2.2916,92.42000000000002,457.45599999999973,6,1,5,True
2122,CHEMBL2069857,N[C@@H](CC(=O)N1CCN(C(=O)c2cc(Cl)ccn2)CC1)Cc1cc(F)c(F)cc1F,42.2,6.374687549038326,2.3968000000000007,79.53000000000002,440.8529999999998,6,1,4,True
2123,CHEMBL2069859,N[C@@H](CC(=O)N1CCN(C(=O)c2cccc(F)n2)CC1)Cc1cc(F)c(F)cc1F,113.9,5.9434762759209,1.8825000000000003,79.53000000000002,424.39799999999974,6,1,4,True
2124,CHEMBL2069860,N[C@@H](CC(=O)N1CCN(C(=O)c2ncc(F)cc2F)CC1)Cc1cc(F)c(F)cc1F,57.4,6.241088107602026,2.0216000000000003,79.53000000000002,442.3879999999998,6,1,4,True
2125,CHEMBL2086587,NC(=O)[C@@H]1CCCN1C(=O)CCNC(=O)c1ccccc1,320.0,5.494850021680094,0.2828,92.5,289.33499999999964,5,2,3,True
2126,CHEMBL2086588,COc1ccc(C(=O)NCCC(=O)N2CCC[C@H]2C(N)=O)cc1,890.0,5.050609993355088,0.2914000000000009,101.72999999999999,319.36099999999965,7,2,4,True
2127,CHEMBL2086589,NC(=O)[C@@H]1CCCN1C(=O)CCNC(=O)c1ccc(O)cc1,863.0,5.06398920428479,-0.011600000000000166,112.73,305.33399999999966,6,3,4,True
2128,CHEMBL2086590,NC(=O)[C@@H]1CCCN1C(=O)CCNC(=O)c1ccc(F)cc1,93.0,6.031517051446065,0.4218999999999998,92.5,307.3249999999997,5,2,3,True
2129,CHEMBL2086591,N#Cc1ccc(C(=O)NCCC(=O)N2CCC[C@H]2C(N)=O)cc1,31.0,6.508638306165727,0.15448000000000028,116.28999999999999,314.3449999999997,5,2,4,True
2130,CHEMBL2086592,NC(=O)[C@@H]1CCCN1C(=O)CCNC(=O)c1ccc(C(F)(F)F)cc1,28.0,6.552841968657781,1.3015999999999994,92.5,357.33199999999965,5,2,3,True
2131,CHEMBL2086593,Cc1ccc(C(=O)NCCC(=O)N2CCC[C@H]2C(N)=O)cc1,715.0,5.145693958198919,0.5912200000000009,92.5,303.3619999999996,6,2,3,True
2132,CHEMBL2086594,NC(=O)[C@@H]1CCCN1C(=O)CCNC(=O)c1ccc(-c2ccccc2)cc1,107.0,5.97061622231479,1.9497999999999993,92.5,365.4329999999997,6,2,3,True
2133,CHEMBL2086595,NC(=O)[C@@H]1CCCN1C(=O)CCCNC(=O)c1ccccc1,298.0,5.525783735923745,0.6728999999999998,92.5,303.3619999999996,6,2,3,True
2134,CHEMBL2086596,COc1ccc(C(=O)NCCCC(=O)N2CCC[C@H]2C(N)=O)cc1,869.0,5.060980223551334,0.6815000000000005,101.72999999999999,333.38799999999964,8,2,4,True
2135,CHEMBL2086597,NC(=O)[C@@H]1CCCN1C(=O)CCCNC(=O)c1ccc(O)cc1,843.0,5.074172425375258,0.3784999999999997,112.73,319.36099999999965,7,3,4,True
2136,CHEMBL2086598,NC(=O)[C@@H]1CCCN1C(=O)CCCNC(=O)c1ccc(F)cc1,74.0,6.130768280269024,0.8119999999999994,92.5,321.35199999999963,6,2,3,True
2137,CHEMBL2086599,N#Cc1ccc(C(=O)NCCCC(=O)N2CCC[C@H]2C(N)=O)cc1,26.000000000000004,6.585026652029182,0.54458,116.28999999999999,328.3719999999996,6,2,4,True
2138,CHEMBL2086600,NC(=O)[C@@H]1CCCN1C(=O)CCCNC(=O)c1ccc(C(F)(F)F)cc1,19.0,6.721246399047171,1.6916999999999993,92.5,371.35899999999964,6,2,3,True
2139,CHEMBL2086601,Cc1ccc(C(=O)NCCCC(=O)N2CCC[C@H]2C(N)=O)cc1,694.0,5.158640529545145,0.9813199999999997,92.5,317.3889999999996,7,2,3,True
2140,CHEMBL2086602,NC(=O)[C@@H]1CCCN1C(=O)CCCNC(=O)c1ccc(-c2ccccc2)cc1,104.0,5.982966660701219,2.339899999999999,92.5,379.4599999999997,7,2,3,True
2141,CHEMBL2086603,NC(=O)[C@@H]1CCCN1C(=O)c1ccc(NC(=O)c2ccccc2)cc1,311.0,5.507239610973163,2.0287999999999995,92.5,337.37899999999973,4,2,3,True
2142,CHEMBL2086604,COc1ccc(C(=O)Nc2ccc(C(=O)N3CCC[C@H]3C(N)=O)cc2)cc1,879.0,5.056011124926228,2.0374,101.72999999999999,367.40499999999975,6,2,4,True
2143,CHEMBL2086605,NC(=O)[C@@H]1CCCN1C(=O)c1ccc(NC(=O)c2ccc(O)cc2)cc1,863.0,5.06398920428479,1.7343999999999995,112.73,353.37799999999976,5,3,4,True
2144,CHEMBL2086606,NC(=O)[C@@H]1CCCN1C(=O)c1ccc(NC(=O)c2ccc(F)cc2)cc1,100.0,6.0,2.1678999999999995,92.5,355.36899999999974,4,2,3,True
2145,CHEMBL2086607,N#Cc1ccc(C(=O)Nc2ccc(C(=O)N3CCC[C@H]3C(N)=O)cc2)cc1,34.00000000000001,6.468521082957745,1.90048,116.28999999999999,362.3889999999997,4,2,4,True
2146,CHEMBL2086608,NC(=O)[C@@H]1CCCN1C(=O)c1ccc(NC(=O)c2ccc(C(F)(F)F)cc2)cc1,31.0,6.508638306165727,3.047600000000001,92.5,405.37599999999975,4,2,3,True
2147,CHEMBL2086609,Cc1ccc(C(=O)Nc2ccc(C(=O)N3CCC[C@H]3C(N)=O)cc2)cc1,723.0,5.140861702705469,2.3372200000000003,92.5,351.40599999999966,5,2,3,True
2148,CHEMBL2086610,NC(=O)[C@@H]1CCCN1C(=O)c1ccc(NC(=O)c2ccc(-c3ccccc3)cc2)cc1,116.0,5.935542010773082,3.695800000000002,92.5,413.4769999999998,5,2,3,True
2149,CHEMBL2086611,N#Cc1ccc(C(=O)NCCC(=O)N2CCC[C@H]2C#N)cc1,10.3,6.987162775294828,1.19276,96.99000000000001,296.3299999999997,4,1,4,True
2150,CHEMBL2086612,N#C[C@@H]1CCCN1C(=O)CCNC(=O)c1ccc(C(F)(F)F)cc1,13.2,6.87942606879415,2.33988,73.2,339.31699999999967,4,1,3,True
2151,CHEMBL2086613,N#Cc1ccc(C(=O)NCCCC(=O)N2CCC[C@H]2C#N)cc1,2.3,7.638272163982407,1.58286,96.99000000000001,310.35699999999963,5,1,4,True
2152,CHEMBL2086614,N#C[C@@H]1CCCN1C(=O)CCCNC(=O)c1ccc(C(F)(F)F)cc1,3.8,7.42021640338319,2.7299800000000003,73.2,353.34399999999965,5,1,3,True
2153,CHEMBL2086615,N#Cc1ccc(C(=O)Nc2ccc(C(=O)N3CCC[C@H]3C#N)cc2)cc1,11.6,6.935542010773082,2.938760000000001,96.99000000000001,344.37399999999974,3,1,4,True
2154,CHEMBL2086616,N#C[C@@H]1CCCN1C(=O)c1ccc(NC(=O)c2ccc(C(F)(F)F)cc2)cc1,14.3,6.844663962534938,4.085880000000003,73.2,387.3609999999997,3,1,3,True
2155,CHEMBL2147702,O=C([C@@H]1C[C@H](N2CCN(c3nc(-c4ccccc4)cs3)CC2)CN1)N1CCSC1,4.5,7.346787486224656,2.1955,51.71000000000001,429.6149999999996,4,1,7,True
2156,CHEMBL2147703,O=C([C@@H]1C[C@H](N2CCN(c3nccn3-c3ccccc3)CC2)CN1)N1CCSC1,0.26,8.585026652029182,1.2576999999999996,56.64000000000001,412.5629999999996,4,1,7,True
2157,CHEMBL2147704,O=C([C@@H]1C[C@H](N2CCN(c3nnnn3-c3ccccc3)CC2)CN1)N1CCSC1,0.2,8.698970004336019,0.04770000000000185,82.42,414.5389999999997,4,1,9,True
2158,CHEMBL2147705,O=C([C@@H]1C[C@H](N2CCC(c3nnnn3-c3ccccc3)CC2)CN1)N1CCSC1,4.0,7.397940008672037,1.1051000000000002,79.17999999999999,413.5509999999996,4,1,8,True
2159,CHEMBL2147706,O=C([C@@H]1C[C@H](N2CCN(c3nnnn3C3CCCCC3)CC2)CN1)N1CCSC1,4.3,7.366531544420414,0.5637000000000016,82.42,420.5869999999996,4,1,9,True
2160,CHEMBL2147707,O=C([C@@H]1C[C@H](N2CCN(c3ccnn3-c3ccccc3)CC2)CN1)N1CCSC1,0.94,8.0268721464003,1.2576999999999996,56.64000000000001,412.5629999999996,4,1,7,True
2161,CHEMBL2147709,O=C([C@@H]1C[C@H](N2CCN(c3cc(C(F)(F)F)nn3-c3ccccc3)CC2)CN1)N1CCSC1,0.32,8.494850021680094,2.2765000000000004,56.64000000000001,480.5599999999998,4,1,7,True
2162,CHEMBL2147710,O=C([C@@H]1C[C@H](N2CCC(c3cc(C(F)(F)F)nn3-c3ccccc3)CC2)CN1)N1CCSC1,5.6,7.251811972993799,3.3339000000000016,53.400000000000006,479.5719999999997,4,1,6,True
2163,CHEMBL2147711,Cc1cc(N2CCN([C@@H]3CN[C@H](C(=O)N4CCSC4)C3)CC2)n(-c2ccc(F)cc2)n1,2.9,7.537602002101044,1.7052199999999997,56.64,444.57999999999964,5,1,7,True
2164,CHEMBL2147712,Cc1cc(N2CCN([C@@H]3CN[C@H](C(=O)N4CCSC4)C3)CC2)n(-c2cccc(F)c2)n1,0.3,8.522878745280337,1.70522,56.64,444.57999999999964,5,1,7,True
2165,CHEMBL2147713,Cc1cc(N2CCN([C@@H]3CN[C@H](C(=O)N4CCSC4)C3)CC2)n(-c2ccccc2F)n1,0.85,8.070581074285707,1.7052200000000002,56.64,444.57999999999964,5,1,7,True
2166,CHEMBL2147714,Cc1cc(N2CCN([C@@H]3CN[C@H](C(=O)N4CCSC4)C3)CC2)n(-c2ccc(Cl)cc2)n1,3.4,7.468521082957745,2.21952,56.64,461.0349999999996,5,1,7,True
2167,CHEMBL2147715,Cc1cc(N2CCN([C@@H]3CN[C@H](C(=O)N4CCSC4)C3)CC2)n(-c2ccc(C#N)cc2)n1,12.0,6.920818753952375,1.4378000000000004,80.42999999999999,451.5999999999997,5,1,8,True
2168,CHEMBL2147772,Cc1cc(N2CCN([C@@H]3CN[C@H](C(=O)N4CCSC4)C3)CC2)n(-c2ccncc2)n1,5.0,7.301029995663981,0.9611200000000013,69.53,427.57799999999963,5,1,8,True
2169,CHEMBL2147773,Cc1cc(N2CCN([C@@H]3CN[C@H](C(=O)N4CCSC4)C3)CC2)n(-c2cccnc2)n1,0.62,8.207608310501746,0.9611200000000013,69.53,427.57799999999963,5,1,8,True
2170,CHEMBL2147771,Cc1cc(N2CCN([C@@H]3CN[C@H](C(=O)N4CCSC4)C3)CC2)n(-c2ccccn2)n1,0.63,8.200659450546418,0.9611200000000013,69.53,427.57799999999963,5,1,8,True
2171,CHEMBL2147774,Cc1cc(N2CCN([C@@H]3CN[C@H](C(=O)N4CCSC4)C3)CC2)n(-c2ccc(C#N)cn2)n1,15.0,6.823908740944319,0.8328000000000011,93.32,452.5879999999997,5,1,9,True
2172,CHEMBL2147775,Cc1cc(N2CCN([C@H]3CN[C@H](C(=O)N4CCSC4)C3)CC2)n(-c2ccccc2)n1,6.3,7.200659450546418,1.5661200000000006,56.64,426.58999999999963,5,1,7,True
2173,CHEMBL2147777,Cc1cc(N2CCN([C@@H]3CN[C@H](C(=O)N4CCSC4)C3)CC2)n(-c2ccccc2)n1,0.37,8.431798275933005,1.5661200000000006,56.64,426.58999999999963,5,1,7,True
2174,CHEMBL2147057,Cl.N[C@@H]1CCCN(c2nc3c4ccccc4[nH]c(=O)c3n2Cc2ccccc2Cl)C1,418.0,5.3788237182249645,3.9288000000000025,79.94,444.36599999999976,4,2,5,True
2175,CHEMBL2147087,Cl.Cn1c(=O)c2c(nc(N3CCC[C@@H](N)C3)n2Cc2ccccc2Cl)c2ccccc21,103.0,5.987162775294828,3.9392000000000023,69.08000000000001,458.39299999999974,5,1,6,True
2176,CHEMBL2147184,CCn1c(=O)c2c(nc(N3CCC[C@@H](N)C3)n2Cc2ccccc2Cl)c2ccccc21.Cl,400.0,5.3979400086720375,4.422100000000004,69.08000000000001,472.4199999999997,6,1,6,True
2177,CHEMBL2147185,CCCn1c(=O)c2c(nc(N3CCC[C@@H](N)C3)n2Cc2ccccc2Cl)c2ccccc21.Cl,3400.0,4.468521082957745,4.812200000000004,69.08000000000001,486.4469999999997,7,1,6,True
2178,CHEMBL2147187,COc1cccc2c3nc(N4CCC[C@@H](N)C4)n(Cc4ccccc4Cl)c3c(=O)n(C)c12.Cl,660.0,5.180456064458132,3.947800000000002,78.31,488.4189999999997,7,1,7,True
2179,CHEMBL2147190,Cl.Cn1c(=O)c2c(nc(N3CCC[C@@H](N)C3)n2Cc2ccccc2Cl)c2ccc(F)cc21,66.0,6.180456064458132,4.078300000000002,69.08000000000001,476.38299999999975,5,1,6,True
2180,CHEMBL2147192,Cc1ccc2c3nc(N4CCC[C@@H](N)C4)n(Cc4ccccc4Cl)c3c(=O)n(C)c2c1,340.0,5.468521082957745,3.825820000000002,69.08000000000001,435.9589999999997,6,1,6,True
2181,CHEMBL2147193,COc1ccc2c3nc(N4CCC[C@@H](N)C4)n(Cc4ccccc4Cl)c3c(=O)n(C)c2c1.Cl,66.0,6.180456064458132,3.947800000000003,78.31,488.4189999999997,7,1,7,True
2182,CHEMBL2147183,Cn1c(=O)c2c(nc(N3CCC[C@@H](N)C3)n2Cc2ccccc2Cl)c2ccc(CO)cc21,22.0,6.657577319177793,3.0097000000000014,89.31000000000002,451.9579999999998,7,2,7,True
2183,CHEMBL2147072,Cn1c(=O)c2c(nc(N3CCC[C@@H](N)C3)n2Cc2ccccc2Cl)c2ccc(C#N)cc21,6.3,7.200659450546418,3.3890800000000016,92.87,446.94199999999984,5,1,7,True
2184,CHEMBL2147075,COc1ccc2c(c1)c1nc(N3CCC[C@@H](N)C3)n(Cc3ccccc3Cl)c1c(=O)n2C.Cl,90.0,6.045757490560675,3.947800000000002,78.31,488.4189999999997,7,1,7,True
2185,CHEMBL2147076,Cc1ccc2c(c1)c1nc(N3CCC[C@@H](N)C3)n(Cc3ccccc3Cl)c1c(=O)n2C.Cl,94.0,6.026872146400302,4.247620000000003,69.08000000000001,472.4199999999997,6,1,6,True
2186,CHEMBL2147077,Cl.Cn1c(=O)c2c(nc(N3CCC[C@@H](N)C3)n2Cc2ccccc2Cl)c2cc(F)ccc21,56.0,6.251811972993799,4.078300000000002,69.08000000000001,476.38299999999975,5,1,6,True
2187,CHEMBL2147086,Cl.Cn1c(=O)c2c(nc(N3CCC[C@@H](N)C3)n2Cc2ccccc2)c2cc(C(=O)O)ccc21,64.0,6.1938200260161125,2.984000000000001,106.38000000000001,467.9569999999998,6,2,8,True
2188,CHEMBL2147058,Cc1ccccc1Cn1c(N2CCC[C@@H](N)C2)nc2c3cc(C(=O)O)ccc3n(C)c(=O)c21.Cl,11.0,6.958607314841775,3.2924200000000012,106.38,481.9839999999997,7,2,8,True
2189,CHEMBL2147059,COc1ccccc1Cn1c(N2CCC[C@@H](N)C2)nc2c3cc(C(=O)O)ccc3n(C)c(=O)c21.Cl,38.0,6.42021640338319,2.992600000000001,115.60999999999999,497.9829999999997,8,2,9,True
2190,CHEMBL2147060,Cl.Cn1c(=O)c2c(nc(N3CCC[C@@H](N)C3)n2Cc2ccccc2F)c2cc(C(=O)O)ccc21,160.0,5.795880017344075,3.123100000000001,106.38000000000001,485.94699999999983,6,2,8,True
2191,CHEMBL2147062,COc1cccc(Cn2c(N3CCC[C@@H](N)C3)nc3c4cc(C(=O)O)ccc4n(C)c(=O)c32)c1.Cl,150.0,5.823908740944319,2.9926000000000017,115.60999999999999,497.9829999999997,8,2,9,True
2192,CHEMBL2147063,COc1ccc(Cn2c(N3CCC[C@@H](N)C3)nc3c4cc(C(=O)O)ccc4n(C)c(=O)c32)cc1.Cl,6900.0,4.161150909262744,2.992600000000001,115.60999999999999,497.9829999999997,8,2,9,True
2193,CHEMBL2147065,Cl.Cn1c(=O)c2c(nc(N3CCC[C@@H](N)C3)n2CC2CCCCC2)c2cc(C(=O)O)ccc21,8900.0,4.050609993355087,3.516000000000001,106.38000000000001,474.0049999999997,6,2,8,True
2194,CHEMBL2147066,CC(C)=CCn1c(N2CCC[C@@H](N)C2)nc2c3cc(C(=O)O)ccc3n(C)c(=O)c21.Cl,51.0,6.292429823902063,2.9019000000000017,106.38,445.9509999999997,8,2,8,True
2195,CHEMBL2147067,CC#CCn1c(N2CCC[C@@H](N)C2)nc2c3cc(C(=O)O)ccc3n(C)c(=O)c21.Cl,90.0,6.045757490560675,1.9589999999999992,106.38,429.9079999999997,5,2,8,True
2196,CHEMBL2147056,Cc1ccc(F)cc1Cn1c(N2CCC[C@@H](N)C2)nc2c3ccc(C(=O)O)cc3n(C)c(=O)c21.Cl,0.55,8.259637310505756,3.4315200000000012,106.38,499.97399999999976,7,2,8,True
2197,CHEMBL2159175,Cn1c(=O)c2c(-c3ccccc3)c(CN)c(N)nc2n(C)c1=O,257.0,5.590066876668706,0.34009999999999957,108.92999999999998,311.34499999999974,6,2,7,True
2198,CHEMBL2159176,Cn1c(=O)c2c(-c3ccc(F)cc3)c(CN)c(N)nc2n(C)c1=O,1070.0,4.97061622231479,0.4792,108.92999999999998,329.33499999999975,6,2,7,True
2199,CHEMBL2159177,Cn1c(=O)c2c(-c3ccc(Br)cc3)c(CN)c(N)nc2n(C)c1=O,128.0,5.892790030352131,1.1025999999999998,108.92999999999998,390.2409999999998,6,2,7,True
2200,CHEMBL2159178,COc1cccc(-c2c(CN)c(N)nc3c2c(=O)n(C)c(=O)n3C)c1,2800.0,4.552841968657781,0.3486999999999998,118.16,341.3709999999997,8,2,8,True
2201,CHEMBL2159179,COc1ccccc1-c1c(CN)c(N)nc2c1c(=O)n(C)c(=O)n2C,57.0,6.2441251443275085,0.34869999999999984,118.16,341.3709999999997,8,2,8,True
2202,CHEMBL2159180,Cn1c(=O)c2c(-c3ccccc3C#N)c(CN)c(N)nc2n(C)c1=O,69.0,6.161150909262744,0.21177999999999975,132.72,336.3549999999998,6,2,8,True
2203,CHEMBL2159181,Cn1c(=O)c2c(-c3ccccc3Cl)c(CN)c(N)nc2n(C)c1=O,33.0,6.481486060122113,0.9935,108.92999999999998,345.7899999999998,6,2,7,True
2204,CHEMBL2159182,Cn1c(=O)c2c(-c3ccccc3Br)c(CN)c(N)nc2n(C)c1=O,17.0,6.769551078621726,1.1025999999999998,108.92999999999998,390.2409999999998,6,2,7,True
2205,CHEMBL2159183,Cn1c(=O)c2c(-c3cccc(Cl)c3Cl)c(CN)c(N)nc2n(C)c1=O,371.0,5.430626090384954,1.6468999999999996,108.92999999999998,380.23499999999984,6,2,7,True
2206,CHEMBL2159184,Cn1c(=O)c2c(-c3ccc(Cl)cc3Cl)c(CN)c(N)nc2n(C)c1=O,24.0,6.619788758288394,1.6468999999999996,108.92999999999998,380.2349999999998,6,2,7,True
2207,CHEMBL2159185,Cn1c(=O)c2c(-c3cc(Cl)ccc3Cl)c(CN)c(N)nc2n(C)c1=O,29.0,6.537602002101044,1.6468999999999996,108.92999999999998,380.23499999999984,6,2,7,True
2208,CHEMBL2159186,COc1ccc(F)cc1-c1c(CN)c(N)nc2c1c(=O)n(C)c(=O)n2C,20.0,6.698970004336019,0.4878000000000001,118.16,359.36099999999976,8,2,8,True
2209,CHEMBL2159187,Cn1c(=O)c2c(-c3cc(F)ccc3Cl)c(CN)c(N)nc2n(C)c1=O,7.6,7.119186407719209,1.1325999999999998,108.92999999999998,363.7799999999998,6,2,7,True
2210,CHEMBL2159188,Cn1c(=O)c2c(-c3cc(F)ccc3Br)c(CN)c(N)nc2n(C)c1=O,4.8,7.318758762624412,1.2416999999999998,108.92999999999998,408.2309999999999,6,2,7,True
2211,CHEMBL2159189,Cn1c(=O)c2c(-c3cc(F)ccc3Br)c(CN)c(O)nc2n(C)c1=O,260.0,5.585026652029182,1.3651,103.13999999999999,409.2149999999999,6,2,7,True
2212,CHEMBL2159190,CNc1nc2c(c(-c3cc(F)ccc3Br)c1CN)c(=O)n(C)c(=O)n2C,2.8,7.552841968657781,1.7011999999999996,94.94,422.2579999999998,7,2,7,True
2213,CHEMBL2159191,CCNc1nc2c(c(-c3cc(F)ccc3Br)c1CN)c(=O)n(C)c(=O)n2C,6.9,7.161150909262744,2.0912999999999995,94.94,436.2849999999998,8,2,7,True
2214,CHEMBL2159192,CCN(CC)c1nc2c(c(-c3cc(F)ccc3Br)c1CN)c(=O)n(C)c(=O)n2C,2.8,7.552841968657781,2.505700000000001,86.15,464.3389999999997,10,1,7,True
2215,CHEMBL2159193,Cn1c(=O)c2c(-c3cc(F)ccc3Br)c(CN)c(N3CCOCC3)nc2n(C)c1=O,4.6,7.337242168318426,1.4960999999999998,95.38,478.3219999999999,6,1,8,True
2216,CHEMBL2159194,CN1CCN(c2nc3c(c(-c4cc(F)ccc4Br)c2CN)c(=O)n(C)c(=O)n3C)CC1,9.9,7.00436480540245,1.4112999999999996,89.39000000000001,491.3649999999997,7,1,8,True
2217,CHEMBL2206466,N[C@@H](CC(=O)NC1(c2cccc(-c3ccncc3)c2)CCS(=O)(=O)CC1)Cc1ccccc1F,490.0,5.309803919971486,3.3679000000000023,102.15,481.5929999999997,8,2,5,True
2218,CHEMBL2206467,N[C@@H](CC(=O)NC1(c2cccc(-c3nccs3)c2)CCS(=O)(=O)CC1)Cc1ccccc1F,390.0,5.4089353929735005,3.429400000000002,102.15,487.6219999999998,8,2,6,True
2219,CHEMBL2206470,N[C@@H](CC(=O)NC1(c2cccc(-c3cn[nH]c3)c2)CCS(=O)(=O)CC1)Cc1ccccc1F,330.0,5.481486060122113,2.6960000000000006,117.94,470.5699999999997,8,3,5,True
2220,CHEMBL2206471,Cn1cncc1-c1cccc(C2(NC(=O)C[C@H](N)Cc3ccccc3F)CCS(=O)(=O)CC2)c1,84.0,6.075720713938118,2.7064000000000004,107.07999999999998,484.5969999999997,9,2,6,True
2221,CHEMBL2206488,N[C@@H](CC(=O)NC1(c2ccccc2)CCS(=O)(=O)CC1)Cc1cc(F)c(F)cc1F,83.0,6.080921907623926,2.5841000000000003,89.25999999999999,440.4869999999997,7,2,4,True
2222,CHEMBL2206474,N[C@@H](CC(=O)NC1(c2nc(-c3ccccc3)cs2)CCS(=O)(=O)CC1)Cc1ccccc1F,60.0,6.221848749616356,3.429400000000002,102.15,487.6219999999998,8,2,6,True
2223,CHEMBL2206468,N[C@@H](CC(=O)NC1(c2cccc(-c3cncs3)c2)CCS(=O)(=O)CC1)Cc1ccccc1F,41.0,6.3872161432802645,3.429400000000002,102.15,487.6219999999998,8,2,6,True
2224,CHEMBL1229855,CC(=O)N(C)[C@H]1CC[C@H]([C@H](C)[C@H](N)C(=O)N2CC[C@H](F)C2)CC1,16.0,6.795880017344075,1.5572999999999992,66.64,327.4439999999995,8,1,3,True
2225,CHEMBL1229644,CC(C)(CO)NCC(=O)N1C[C@@H](F)C[C@H]1[C@@H](O)c1nnc(C(C)(C)C)o1,22.0,6.657577319177793,0.7,111.72,372.4409999999995,10,3,7,True
2226,CHEMBL1230044,N[C@H]1CN(C(=O)c2cnc3ccccc3n2)C[C@H]1C(=O)N1CCCC1,65.0,6.187086643357144,0.6514999999999989,92.42,339.39899999999966,3,1,5,True
2227,CHEMBL1185242,CS(=O)(=O)c1ccc(-c2noc([C@@H](CC3CC3)[C@H](N)C(F)=C3CCCC3)n2)c(Cl)c1,12.0,6.920818753952375,4.802100000000004,99.08,453.96699999999964,9,1,6,True
2228,CHEMBL1230015,CS(=O)(=O)c1ccc([C@H]2NO[C@H]([C@@H](CC3CC3)[C@H](N)C(=O)N3CC[C@H](F)C3)N2)c(F)c1,19.0,6.721246399047171,0.9923000000000017,113.76,458.5309999999996,9,3,7,True
2229,CHEMBL2298396,N#C[C@@H]1C[C@@H]2C[C@@H]2N1C(=O)[C@@H](N)C12C[C@H]3C[C@@H](C1)C[C@](O)(C3)C2,23.0,6.638272163982407,1.157979999999999,90.35000000000001,315.4169999999995,4,2,4,True
2230,CHEMBL1186902,N[C@@H](CC(=O)N1CCCN(C(=O)c2ccc(C(=O)O)cc2)CC1)Cc1cc(F)c(F)cc1F,223.0,5.651695136951839,2.436700000000001,103.94000000000001,463.45599999999973,7,2,5,True
2231,CHEMBL1194345,N[C@H]1Cn2c(nc3cnccc32)C[C@@H]1c1cc(F)c(F)cc1F,67.0,6.173925197299173,2.5158000000000005,56.730000000000004,318.30199999999974,2,1,4,True
2232,CHEMBL1197118,CS(=O)(=O)c1ccc2c(c1)nc1n2C[C@H](N)[C@@H](c2cc(F)c(F)cc2F)C1,42.0,6.376750709602099,2.524300000000001,77.98,395.4059999999998,4,1,5,True
2233,CHEMBL1229820,COc1cc2c(cc1OC)[C@@H]1C[C@H](N)[C@@H](c3cccc(CF)c3)CN1CC2,0.5,8.301029995663981,3.5873000000000026,47.720000000000006,370.46799999999956,7,1,4,True
2234,CHEMBL226396,Nc1nc(Cl)c2nc[nH]c2n1,5.0,7.301029995663981,0.5884999999999998,80.48,169.57500000000005,1,2,4,True
2235,CHEMBL1236897,OCCC(CCO)C(CO)(CO)CO,2000.0,4.698970004336019,-1.6692999999999998,101.15,208.25400000000016,13,5,5,True
2236,CHEMBL1233461,O=C(O)c1c(Cl)ccc(Cl)c1O,7.0,7.154901959985743,2.3972,57.53,207.01200000000003,2,2,3,True
2237,CHEMBL2333023,O=C(NCC(=O)N1CCC[C@H]1B(O)O)c1cccnc1,1800.0,4.7447274948966935,-1.1855999999999998,102.76,277.08899999999966,6,3,5,True
2238,CHEMBL2333025,O=C(NCC(=O)N1CCC[C@H]1B(O)O)c1ccncc1,2800.0,4.552841968657781,-1.1855999999999998,102.76,277.08899999999966,6,3,5,True
2239,CHEMBL2346919,CC#CCn1c(N2CCC[C@@H](N)C2)nc2ccn(C)c2c1=O,211.9,5.673869043289206,0.6857999999999994,69.08,299.37799999999964,4,1,6,True
2240,CHEMBL2347039,CC#CCn1c(N2CCC[C@@H](N)C2)nc2ccn(Cc3nc(C)c4ccccc4n3)c2c1=O,1.55,7.809668301829708,2.44872,94.86000000000001,441.53899999999976,6,1,8,True
2241,CHEMBL2347038,CC#CCn1c(N2CCC[C@@H](N)C2)nc2ccn(Cc3nc4ccccc4nc3C)c2c1=O,15.5,6.809668301829708,2.44872,94.86000000000001,441.53899999999976,6,1,8,True
2242,CHEMBL2347037,CC#CCn1c(N2CCC[C@@H](N)C2)nc2ccn(Cc3cnc4ccccc4n3)c2c1=O,5.93,7.226945306635737,2.140299999999999,94.86000000000001,427.5119999999998,5,1,8,True
2243,CHEMBL2347036,CC#CCn1c(N2CCC[C@@H](N)C2)nc2ccn(Cc3ccc4ccc(F)cc4n3)c2c1=O,4.67,7.330683119433888,2.8844000000000003,81.97,444.5139999999998,5,1,7,True
2244,CHEMBL2347035,CC#CCn1c(N2CCC[C@@H](N)C2)nc2ccn(Cc3ccc4ccc(Cl)cc4n3)c2c1=O,11.4,6.943095148663527,3.3987000000000016,81.97,460.9689999999998,5,1,7,True
2245,CHEMBL2346930,CC#CCn1c(N2CCC[C@@H](N)C2)nc2ccn(Cc3ccc4cc(C)ccc4n3)c2c1=O,52.6,6.279014255846261,3.053720000000001,81.97,440.55099999999976,6,1,7,True
2246,CHEMBL2346929,CC#CCn1c(N2CCC[C@@H](N)C2)nc2ccn(Cc3ccc4cc(F)ccc4n3)c2c1=O,14.5,6.838631997765025,2.8844000000000003,81.97,444.5139999999998,5,1,7,True
2247,CHEMBL2346928,CC#CCn1c(N2CCC[C@@H](N)C2)nc2ccn(Cc3ccc4cc(Cl)ccc4n3)c2c1=O,60.1,6.221125527997261,3.3987000000000016,81.97,460.96899999999977,5,1,7,True
2248,CHEMBL2346926,CC#CCn1c(N2CCC[C@@H](N)C2)nc2ccn(Cc3ccc4ccccc4n3)c2c1=O,7.05,7.151810883008602,2.7453000000000003,81.97,426.5239999999998,5,1,7,True
2249,CHEMBL2346925,CC#CCn1c(N2CCC[C@@H](N)C2)nc2ccn(Cc3ccnc4ccccc34)c2c1=O,48.2,6.31695296176115,2.7453000000000003,81.97,426.5239999999998,5,1,7,True
2250,CHEMBL2346924,CC#CCn1c(N2CCC[C@@H](N)C2)nc2ccn(Cc3nc4ccccc4[nH]3)c2c1=O,27.6,6.559090917934782,2.0733999999999995,97.75999999999999,415.50099999999975,5,2,7,True
2251,CHEMBL2346923,CC#CCn1c(N2CCC[C@@H](N)C2)nc2ccn(Cc3c[nH]c4ccccc34)c2c1=O,44.1,6.355561410532162,2.6784,84.87,414.51299999999975,5,2,6,True
2252,CHEMBL2346922,CC#CCn1c(N2CCC[C@@H](N)C2)nc2ccn(Cc3ncccn3)c2c1=O,44.0,6.356547323513812,0.9870999999999989,94.86000000000001,377.4519999999997,5,1,8,True
2253,CHEMBL2346921,CC#CCn1c(N2CCC[C@@H](N)C2)nc2cc[nH]c2c1=O,460.0,5.337242168318426,0.6753999999999998,79.94,285.35099999999966,3,2,5,True
2254,CHEMBL2346920,CC#CCn1c(N2CCC[C@@H](N)C2)nc2c(Br)c[nH]c2c1=O,860.0,5.0655015487564325,1.4378999999999995,79.94,364.24699999999973,3,2,5,True
2255,CHEMBL2408638,CC(C)=CCn1c(OCC(C)(C)CN)nc2c1c(=O)n(CC(=O)c1ccccc1)c(=O)n2C,72.99999999999999,6.136677139879544,2.1094999999999993,114.13999999999999,453.54299999999967,15,1,9,True
2256,CHEMBL2408655,CC(C)=CCn1c(N2CCC3CNCC32)nc2c1c(=O)n(CC(=O)c1ccccc1)c(=O)n2C,11.000000000000002,6.958607314841775,1.5438999999999998,94.16,462.5539999999997,9,1,9,True
2257,CHEMBL2408639,CC(C)=CCn1c(OCC(C)(C)N)nc2c1c(=O)n(CC(=O)c1ccccc1)c(=O)n2C,2500.0,4.6020599913279625,1.8618999999999997,114.13999999999999,439.51599999999974,14,1,9,True
2258,CHEMBL2408651,CC(C)=CCn1c(OC[C@@H]2CCCN2)nc2c1c(=O)n(CC(=O)c1ccccc1)c(=O)n2C,290.0,5.537602002101044,1.8765999999999996,100.15,451.5269999999997,11,1,9,True
2259,CHEMBL2408646,CC(C)=CCn1c(O[C@@H]2CCNC2)nc2c1c(=O)n(CC(=O)c1ccccc1)c(=O)n2C,910.0,5.040958607678906,1.4864999999999993,100.15,437.4999999999998,10,1,9,True
2260,CHEMBL2408644,CC(C)=CCn1c(O[C@H]2CCNC2)nc2c1c(=O)n(CC(=O)c1ccccc1)c(=O)n2C,715.0,5.145693958198919,1.4864999999999993,100.15,437.4999999999998,10,1,9,True
2261,CHEMBL2408642,CC(C)=CCn1c(N2CCC3CNCC32)nc2c1c(=O)n(C)c(=O)n2C,100.0,6.0,0.19800000000000106,77.09,358.4459999999996,7,1,8,True
2262,CHEMBL2408774,CC(C)=CCn1c(N2CC3CCNC3C2)nc2c1c(=O)n(CC(=O)c1ccccc1)c(=O)n2C,645.0,5.1904402853647325,1.5438999999999998,94.16,462.5539999999997,9,1,9,True
2263,CHEMBL2408771,CC(C)=CCn1c(N2CC3CCCNC3C2)nc2c1c(=O)n(CC(=O)c1ccccc1)c(=O)n2C,1.6,7.795880017344075,1.9339999999999995,94.16,476.5809999999997,9,1,9,True
2264,CHEMBL2418634,COc1ccc(Cn2cc(-c3ccc(C[C@H](N)C(=O)N4CCC[C@H]4C#N)cc3)nn2)cc1OC.Cl,15.7,6.804100347590766,2.816780000000001,119.29,496.99899999999974,11,1,8,True
2265,CHEMBL2418632,Cl.N#C[C@@H]1CCCN1C(=O)[C@@H](N)Cc1ccc(-c2cn(Cc3ccc(F)c(F)c3)nn2)cc1,8.57,7.0670191780768015,3.0777800000000015,100.83000000000001,472.92699999999974,7,1,6,True
2266,CHEMBL2418631,COc1ccc(Cn2cc(-c3ccc(C[C@H](N)C(=O)N4CCC[C@H]4C#N)cc3)nn2)cc1.Cl,4.35,7.361510743045363,2.8081800000000015,110.06,466.9729999999997,9,1,7,True
2267,CHEMBL2418630,COc1cccc(Cn2cc(-c3ccc(C[C@H](N)C(=O)N4CCC[C@H]4C#N)cc3)nn2)c1.Cl,7.5,7.1249387366083,2.8081800000000015,110.06,466.9729999999997,9,1,7,True
2268,CHEMBL2418629,COc1ccccc1Cn1cc(-c2ccc(C[C@H](N)C(=O)N3CCC[C@H]3C#N)cc2)nn1.Cl,20.84,6.681102285372513,2.8081800000000015,110.06,466.9729999999997,9,1,7,True
2269,CHEMBL2418628,Cl.N#C[C@@H]1CCCN1C(=O)[C@@H](N)Cc1ccc(-c2cn(Cc3ccc(Cl)cc3)nn2)cc1,6.05,7.218244625347531,3.452980000000002,100.83000000000001,471.3919999999997,7,1,6,True
2270,CHEMBL2417563,Cl.N#C[C@@H]1CCCN1C(=O)[C@@H](N)Cc1ccc(-c2cn(Cc3cccc(Cl)c3)nn2)cc1,10.45,6.980883709552927,3.452980000000002,100.83000000000001,471.39199999999977,7,1,6,True
2271,CHEMBL2418627,Cl.N#C[C@@H]1CCCN1C(=O)[C@@H](N)Cc1ccc(-c2cn(Cc3ccccc3Cl)nn2)cc1,15.24,6.8170150329964185,3.452980000000002,100.83000000000001,471.3919999999997,7,1,6,True
2272,CHEMBL2418626,Cl.N#C[C@@H]1CCCN1C(=O)[C@@H](N)Cc1ccc(-c2cn(Cc3ccc(F)cc3)nn2)cc1,3.79,7.421360790031928,2.9386800000000015,100.83000000000001,454.9369999999997,7,1,6,True
2273,CHEMBL2418625,Cl.N#C[C@@H]1CCCN1C(=O)[C@@H](N)Cc1ccc(-c2cn(Cc3cccc(F)c3)nn2)cc1,7.56,7.121478204498794,2.9386800000000015,100.83000000000001,454.9369999999997,7,1,6,True
2274,CHEMBL2418624,Cl.N#C[C@@H]1CCCN1C(=O)[C@@H](N)Cc1ccc(-c2cn(Cc3ccccc3F)nn2)cc1,19.54,6.709075440617246,2.9386800000000015,100.83000000000001,454.9369999999997,7,1,6,True
2275,CHEMBL2418639,Cl.N#C[C@@H]1CCCN1C(=O)[C@@H](N)Cc1ccc(-c2cn(Cc3cccs3)nn2)cc1,8.28,7.08196966321512,2.861080000000001,100.83000000000001,442.9759999999997,7,1,7,True
2276,CHEMBL2418638,Cl.N#C[C@@H]1CCCN1C(=O)[C@@H](N)Cc1ccc(-c2cn(Cc3ccncc3)nn2)cc1,17.61,6.754240644032723,2.1945799999999993,113.72000000000001,437.9349999999997,7,1,7,True
2277,CHEMBL2418637,Cl.N#C[C@@H]1CCCN1C(=O)[C@@H](N)Cc1ccc(-c2cn(CCc3ccccc3)nn2)cc1,25.5,6.5934598195660445,2.9939800000000014,100.83000000000001,450.9739999999997,8,1,6,True
2278,CHEMBL2418636,Cl.N#C[C@@H]1CCCN1C(=O)[C@@H](N)Cc1ccc(-c2cn(Cc3ccccc3)nn2)cc1,9.39,7.027334407733889,2.7995800000000006,100.83000000000001,436.9469999999997,7,1,6,True
2279,CHEMBL2418635,Cl.Cn1cc(-c2ccc(C[C@H](N)C(=O)N3CCC[C@H]3C#N)cc2)nn1,265.0,5.576754126063192,1.2882799999999994,100.83,360.84899999999965,6,1,6,True
2280,CHEMBL2425882,CC#CCn1c(N2CCC[C@@H](N)C2)cc(=O)n(CC#CC)c1=O,2177.5,4.6620418363203,-0.01589999999999958,73.25999999999999,314.3889999999996,4,1,6,True
2281,CHEMBL2424672,CC#CCn1c(N2CCC[C@@H](N)C2)cc(=O)n(C)c1=O,198.0,5.703334809738469,-0.5021999999999986,73.25999999999999,276.33999999999963,4,1,6,True
2282,CHEMBL2425887,CC#CCn1c(N2CCC[C@@H](N)C2)cc(=O)n(Cc2ccc3c(ccc4ccccc43)n2)c1=O,31.3,6.504455662453552,2.7105000000000006,86.15,453.54599999999976,5,1,7,True
2283,CHEMBL2425885,CC#CCn1c(N2CCC[C@@H](N)C2)cc(=O)n(Cc2nc3ccccc3[nH]2)c1=O,22.0,6.657577319177793,0.8853999999999991,101.94,392.46299999999974,5,2,7,True
2284,CHEMBL2425888,CC#CCn1c(N2CCC[C@@H](N)C2)cc(=O)n(Cc2ccc3cc(Br)ccc3n2)c1=O,10.8,6.966576244513051,2.3198,86.15,482.3819999999997,5,1,7,True
2285,CHEMBL2425891,CC#CCn1c(N2CCC[C@@H](N)C2)cc(=O)n(Cc2ccc3cc(C)ccc3n2)c1=O,9.1,7.040958607678906,1.8657199999999994,86.15,417.5129999999997,6,1,7,True
2286,CHEMBL2425889,CC#CCn1c(N2CCC[C@@H](N)C2)cc(=O)n(Cc2ccc3cc(Cl)ccc3n2)c1=O,6.6,7.180456064458132,2.210699999999999,86.15,437.93099999999976,5,1,7,True
2287,CHEMBL2425884,CC#CCn1c(N2CCC[C@@H](N)C2)cc(=O)n(Cc2ncccn2)c1=O,3.4,7.468521082957745,-0.20089999999999897,99.03999999999999,354.4139999999997,5,1,8,True
2288,CHEMBL2425886,CC#CCn1c(N2CCC[C@@H](N)C2)cc(=O)n(Cc2ccc3ccccc3n2)c1=O,3.1,7.508638306165727,1.5572999999999992,86.15,403.4859999999997,5,1,7,True
2289,CHEMBL2425890,CC#CCn1c(N2CCC[C@@H](N)C2)cc(=O)n(Cc2ccc3cc(F)ccc3n2)c1=O,2.0,7.698970004336019,1.6964,86.15,421.4759999999997,5,1,7,True
2290,CHEMBL2425892,CC#CCn1c(N2CCC[C@@H](N)C2)cc(=O)n(Cc2ccc3cc(OC)ccc3n2)c1=O,1.9,7.721246399047171,1.5658999999999992,95.38,433.5119999999997,7,1,8,True
2291,CHEMBL2425895,CC#CCn1c(N2CCC[C@@H](N)C2)cc(=O)n(Cc2cc(Cl)c3ccccc3n2)c1=O,1.2,7.920818753952375,2.2107,86.15,437.9309999999997,5,1,7,True
2292,CHEMBL2425894,CC#CCn1c(N2CCC[C@@H](N)C2)cc(=O)n(Cc2ccc3ccc(F)cc3n2)c1=O,0.7,8.154901959985743,1.6963999999999995,86.15,421.4759999999997,5,1,7,True
2293,CHEMBL2425893,CC#CCn1c(N2CCC[C@@H](N)C2)cc(=O)n(Cc2ccc3ccc(Cl)cc3n2)c1=O,0.4,8.397940008672037,2.210699999999999,86.15,437.9309999999997,5,1,7,True
2294,CHEMBL2425078,N[C@@H]1C[C@@H](N2Cc3cn[nH]c3C2)CO[C@H]1c1cc(F)ccc1F,38000.0,3.42021640338319,1.8609999999999998,67.17,320.3429999999997,3,2,4,True
2295,CHEMBL2425080,N[C@H]1C[C@H](N2Cc3cn[nH]c3C2)CO[C@H]1c1cc(F)ccc1F,26600.0,3.575118363368933,1.8609999999999998,67.17,320.3429999999997,3,2,4,True
2296,CHEMBL2425077,N[C@@H]1C[C@H](N2Cc3cn[nH]c3C2)CO[C@H]1c1cc(F)ccc1F,24400.0,3.612610173661271,1.8609999999999998,67.17,320.3429999999997,3,2,4,True
2297,CHEMBL2425081,N[C@@H]1C[C@H](N2Cc3cn[nH]c3C2)CO[C@@H]1c1cc(F)ccc1F,13100.0,3.882728704344236,1.8609999999999998,67.17,320.3429999999997,3,2,4,True
2298,CHEMBL2425065,CC1(C)c2cnc(C3CC3)nc2CN1[C@H]1CO[C@H](c2cc(F)ccc2F)[C@@H](N)C1,12600.0,3.899629454882437,3.5404000000000018,64.27,400.47299999999956,6,1,5,True
2299,CHEMBL2425079,N[C@H]1C[C@@H](N2Cc3cn[nH]c3C2)CO[C@H]1c1cc(F)ccc1F,2800.0,4.552841968657781,1.8609999999999998,67.17,320.3429999999997,3,2,4,True
2300,CHEMBL2425066,N[C@H]1C[C@@H](N2Cc3ccccc3C2=O)CO[C@@H]1c1cc(F)ccc1F,720.0,5.142667503568732,2.778100000000001,55.56,344.36099999999965,3,1,3,True
2301,CHEMBL2425062,N[C@H]1C[C@@H](n2cc3cnc(C4CC4)nc3c2)CO[C@@H]1c1cc(F)c(F)cc1F,140.0,5.853871964321762,3.756000000000003,65.96000000000001,388.3929999999997,4,1,5,True
2302,CHEMBL2425067,N[C@H]1C[C@@H](N2Cc3ccccc3O2)CO[C@@H]1c1cc(F)ccc1F,125.0,5.903089986991944,2.931700000000001,47.72,332.3499999999997,3,1,4,True
2303,CHEMBL2425071,N[C@H]1C[C@@H](N2Cc3cn[nH]c3C2)CO[C@@H]1c1ccccc1Cl,64.0,6.1938200260161125,2.2362,67.17,318.8079999999996,3,2,4,True
2304,CHEMBL2425076,N[C@H]1C[C@H](N2Cc3cn[nH]c3C2)CO[C@@H]1c1cc(F)ccc1F,56.0,6.251811972993799,1.8609999999999998,67.17,320.3429999999997,3,2,4,True
2305,CHEMBL2425073,N[C@H]1C[C@@H](N2Cc3cn[nH]c3C2)CO[C@@H]1c1cc(F)c(Cl)cc1F,48.0,6.318758762624412,2.514400000000001,67.17,354.78799999999967,3,2,4,True
2306,CHEMBL2425074,N[C@H]1C[C@@H](N2Cc3cn[nH]c3C2)CO[C@@H]1c1cc(F)ccc1Cl,37.0,6.431798275933005,2.3753,67.17,336.79799999999966,3,2,4,True
2307,CHEMBL2425063,N[C@H]1C[C@@H](N2CCn3c(nnc3C(F)(F)F)C2)CO[C@@H]1c1cc(F)ccc1F,37.0,6.431798275933005,2.2481999999999998,69.2,403.3549999999998,3,1,6,True
2308,CHEMBL2425072,N[C@H]1C[C@@H](N2Cc3cn[nH]c3C2)CO[C@@H]1c1ccc(F)cc1F,27.0,6.568636235841013,1.8609999999999995,67.17,320.3429999999997,3,2,4,True
2309,CHEMBL2425064,CC1(C)c2nc(C3CC3)ncc2CN1[C@H]1CO[C@H](c2cc(F)ccc2F)[C@@H](N)C1,27.0,6.568636235841013,3.5404000000000018,64.27,400.4729999999996,6,1,5,True
2310,CHEMBL2425068,Cc1nc2c(o1)CN([C@H]1CO[C@H](c3cc(F)ccc3F)[C@@H](N)C1)C2,11.0,6.958607314841775,2.4343200000000005,64.52,335.35399999999964,4,1,5,True
2311,CHEMBL2425069,N[C@H]1C[C@@H](N2Cc3nc(C(F)(F)F)[nH]c3C2)CO[C@@H]1c1cc(F)ccc1F,1.6,7.795880017344075,2.8798000000000012,67.17,388.33999999999975,3,2,4,True
2312,CHEMBL2425070,N[C@H]1C[C@@H](N2Cc3cn[nH]c3C2)CO[C@@H]1c1cc(F)ccc1F,1.4,7.853871964321762,1.8609999999999998,67.17,320.3429999999997,3,2,4,True
2313,CHEMBL2425060,N[C@H]1C[C@@H](N2Cc3cnc(C(F)(F)F)nc3C2)CO[C@@H]1c1cc(F)c(F)cc1F,1.3,7.886056647693163,3.0858000000000017,64.27,418.3409999999998,3,1,5,True
2314,CHEMBL2425075,N[C@H]1C[C@@H](N2Cc3cn[nH]c3C2)CO[C@@H]1c1cc(F)c(F)cc1F,1.0,8.0,2.0000999999999998,67.17,338.3329999999997,3,2,4,True
2315,CHEMBL2425061,N[C@H]1C[C@@H](N2Cc3cnc(C4CC4)nc3C2)CO[C@@H]1c1cc(F)c(F)cc1F,0.66,8.18045606445813,2.944400000000001,64.27,390.40899999999965,4,1,5,True
2316,CHEMBL2425059,N[C@H]1C[C@@H](N2Cc3cnc(C(F)(F)F)nc3C2)CC[C@@H]1c1cc(F)c(F)cc1F,0.5,8.301029995663981,3.8919000000000032,55.04,416.36899999999974,3,1,4,True
2317,CHEMBL3093901,N#C[C@@H]1CCCN1C(=O)[C@@H](N)Cc1cccc(C(F)(F)F)c1,209.0,5.679853713888946,2.0897799999999993,70.12,311.3069999999997,4,1,3,True
2318,CHEMBL3093900,N#Cc1cccc(C[C@H](N)C(=O)N2CCC[C@H]2C#N)c1,63.0,6.200659450546418,0.9426599999999999,93.91,268.31999999999977,4,1,4,True
2319,CHEMBL3093899,N#C[C@@H]1CCCN1C(=O)[C@@H](N)Cc1ccccc1C(F)(F)F,46.0,6.337242168318426,2.0897799999999993,70.12,311.3069999999996,4,1,3,True
2320,CHEMBL3093898,N#Cc1ccccc1C[C@H](N)C(=O)N1CCC[C@H]1C#N,27.0,6.568636235841013,0.9426599999999997,93.91,268.31999999999977,4,1,4,True
2321,CHEMBL3093897,Cc1ccccc1C[C@H](N)C(=O)N1CCC[C@H]1C#N,42.0,6.376750709602099,1.3794000000000002,70.12,257.3370000000001,5,1,3,True
2322,CHEMBL200347,N#C[C@@H]1CCCN1C(=O)[C@@H](N)Cc1ccc(-c2ccccc2)cc1,145.0,5.838631997765025,2.7379800000000003,70.12,319.4079999999996,5,1,3,True
2323,CHEMBL3093896,N#C[C@@H]1CCCN1C(=O)[C@@H](N)Cc1ccc(Br)cc1,4.0,7.397940008672037,1.8334799999999996,70.12,322.2059999999997,4,1,3,True
2324,CHEMBL3093925,N#C[C@@H]1CCCN1C(=O)[C@@H](N)Cc1ccc(Cl)cc1,4.0,7.397940008672037,1.7243799999999996,70.12,277.75499999999965,4,1,3,True
2325,CHEMBL3093924,N#C[C@@H]1CCCN1C(=O)[C@@H](N)Cc1ccc(C(F)(F)F)cc1,31.0,6.508638306165727,2.0897799999999997,70.12,311.3069999999997,4,1,3,True
2326,CHEMBL3093923,N#Cc1ccc(C[C@H](N)C(=O)N2CCC[C@H]2C#N)cc1,21.0,6.6777807052660805,0.9426599999999997,93.91,268.31999999999977,4,1,4,True
2327,CHEMBL3093922,N#C[C@@H]1CCCN1C(=O)[C@@H](N)Cc1ccc([N+](=O)[O-])cc1,20.0,6.698970004336019,0.9791799999999996,113.26000000000002,288.3069999999997,5,1,5,True
2328,CHEMBL3093920,COc1ccc(C[C@H](N)C(=O)N2CCC[C@H]2C#N)cc1,17.0,6.769551078621726,1.07958,79.35,273.3359999999997,6,1,4,True
2329,CHEMBL3093919,Cc1ccc(C[C@H](N)C(=O)N2CCC[C@H]2C#N)cc1,17.0,6.769551078621726,1.3793999999999997,70.12,257.3370000000001,5,1,3,True
2330,CHEMBL3093918,N#C[C@@H]1CCCN1C(=O)[C@@H](N)Cc1ccc(F)cc1,11.000000000000002,6.958607314841775,1.2100799999999994,70.12,261.29999999999995,4,1,3,True
2331,CHEMBL3093917,N#C[C@@H]1CCCN1C(=O)[C@@H](N)Cc1cccc(F)c1,248.0,5.605548319173784,1.2100799999999996,70.12,261.29999999999995,4,1,3,True
2332,CHEMBL3093916,N#C[C@@H]1CCCN1C(=O)[C@@H](N)Cc1ccccc1F,17.999999999999996,6.744727494896694,1.2100799999999994,70.12,261.29999999999995,4,1,3,True
2333,CHEMBL201268,N#C[C@@H]1CCCN1C(=O)[C@@H](N)Cc1ccccc1,27.0,6.568636235841013,1.0709799999999992,70.12,243.31000000000012,4,1,3,True
2334,CHEMBL3093915,N#C[C@@H]1C[C@H](F)CN1C(=O)[C@@H](N)Cc1cc(F)cc(F)c1F,60.0,6.221848749616356,1.4362800000000002,70.12,315.26999999999975,4,1,3,True
2335,CHEMBL3091488,N#C[C@@H]1C[C@H](F)CN1C(=O)[C@@H](N)Cc1ccc(F)c(F)c1F,23.0,6.638272163982407,1.43628,70.12,315.26999999999975,4,1,3,True
2336,CHEMBL3093914,N#C[C@@H]1C[C@H](F)CN1C(=O)[C@@H](N)Cc1cc(F)c(F)cc1F,17.0,6.769551078621726,1.4362800000000004,70.12,315.26999999999975,4,1,3,True
2337,CHEMBL3093913,N#C[C@@H]1C[C@H](F)CN1C(=O)[C@@H](N)Cc1ccc(F)cc1F,6.0,7.221848749616356,1.29718,70.12,297.2799999999997,4,1,3,True
2338,CHEMBL3093912,N#C[C@@H]1C[C@H](F)CN1C(=O)[C@@H](N)Cc1ccccc1C(F)(F)F,20.0,6.698970004336019,2.03778,70.12,329.2969999999997,4,1,3,True
2339,CHEMBL3093911,N#Cc1ccccc1C[C@H](N)C(=O)N1C[C@@H](F)C[C@H]1C#N,22.0,6.657577319177793,0.8906600000000001,93.91,286.30999999999966,4,1,4,True
2340,CHEMBL3093910,N#C[C@@H]1C[C@H](F)CN1C(=O)[C@@H](N)Cc1ccc(OCc2ccccc2)cc1,94.0,6.026872146400302,2.5979800000000006,79.35000000000001,367.42399999999975,7,1,4,True
2341,CHEMBL3093909,CC(C)(C)c1ccc(C[C@H](N)C(=O)N2C[C@@H](F)C[C@H]2C#N)cc1,125.0,5.903089986991944,2.3164800000000003,70.12,317.4079999999995,4,1,3,True
2342,CHEMBL3093908,N#C[C@@H]1C[C@H](F)CN1C(=O)[C@@H](N)Cc1ccc(C(F)(F)F)cc1,6.0,7.221848749616356,2.0377800000000006,70.12,329.29699999999974,4,1,3,True
2343,CHEMBL3093907,N#Cc1ccc(C[C@H](N)C(=O)N2C[C@@H](F)C[C@H]2C#N)cc1,5.0,7.301029995663981,0.8906599999999995,93.91,286.3099999999997,4,1,4,True
2344,CHEMBL3093906,N#C[C@@H]1C[C@H](F)CN1C(=O)[C@@H](N)Cc1ccc([N+](=O)[O-])cc1,292.0,5.534617148551582,0.9271800000000002,113.26000000000002,306.29699999999974,5,1,5,True
2345,CHEMBL3093905,COc1ccc(C[C@H](N)C(=O)N2C[C@@H](F)C[C@H]2C#N)cc1,4.999999999999999,7.301029995663981,1.0275799999999995,79.35,291.3259999999997,6,1,4,True
2346,CHEMBL3093904,Cc1ccc(C[C@H](N)C(=O)N2C[C@@H](F)C[C@H]2C#N)cc1,4.0,7.397940008672037,1.3273999999999995,70.12,275.3269999999996,5,1,3,True
2347,CHEMBL3093903,N#C[C@@H]1C[C@H](F)CN1C(=O)[C@@H](N)Cc1ccc(F)cc1,4.999999999999999,7.301029995663981,1.15808,70.12,279.2899999999997,4,1,3,True
2348,CHEMBL3093902,N#C[C@@H]1C[C@H](F)CN1C(=O)[C@@H](N)Cc1ccccc1,17.0,6.769551078621726,1.01898,70.12,261.29999999999995,4,1,3,True
2349,CHEMBL3112963,CO[C@H]1CC[C@](CN)(c2ccccc2)CC1,60000.0,3.221848749616356,2.4721,35.25,219.32800000000017,5,1,2,True
2350,CHEMBL3112962,NC[C@]1(c2ccccc2)CC[C@H](OCc2ccccc2)CC1,19900.0,3.701146923590293,4.042500000000003,35.25,295.4259999999995,6,1,2,True
2351,CHEMBL3112965,CO[C@H]1CC[C@](CN)(c2cc(F)c(F)cc2F)CC1,15700.0,3.8041003475907664,2.889400000000001,35.25,273.2979999999996,5,1,2,True
2352,CHEMBL3112961,NC[C@]1(c2ccccc2)CC[C@H](OC/C=C/c2ccccc2)CC1,11900.0,3.924453038607469,4.555700000000004,35.25,321.4639999999995,7,1,2,True
2353,CHEMBL3112964,CO[C@H]1CC[C@](CN)(c2cccc(Cl)c2)CC1,4200.0,4.376750709602099,3.1255000000000015,35.25,253.77300000000017,5,1,2,True
2354,CHEMBL3112969,NC[C@]1(c2cccc(Cl)c2)CC[C@H](N2CCCCC2)CC1,250.0,5.6020599913279625,3.9650000000000034,29.259999999999998,306.88099999999946,4,1,2,True
2355,CHEMBL3112957,NC[C@]1(c2cccc(Cl)c2)CC[C@H](n2ncccc2=O)CC1,200.0,5.698970004336019,2.908500000000002,60.910000000000004,317.81999999999965,4,1,4,True
2356,CHEMBL3112958,Cc1ccc(=O)n([C@H]2CC[C@](CN)(c3cccc(Cl)c3)CC2)n1,40.0,6.3979400086720375,3.216920000000002,60.91,331.84699999999964,5,1,4,True
2357,CHEMBL3112970,NC[C@]1(c2cccc(Cl)c2)CC[C@H](N2CCn3c(nnc3C(F)(F)F)C2)CC1,40.0,6.3979400086720375,3.6052000000000026,59.97,413.8749999999996,4,1,5,True
2358,CHEMBL3112966,NC[C@]1(c2cccc(Cl)c2)CC[C@H](N2CCCCC2=O)CC1,20.0,6.698970004336019,3.4916000000000027,46.33,320.8639999999995,4,1,2,True
2359,CHEMBL3112967,NC[C@]1(c2cccc(Cl)c2)CC[C@H](N2CCn3c(nnc3C(F)(F)F)C2=O)CC1,7.0,7.154901959985743,3.245400000000002,77.03999999999999,427.85799999999966,4,1,5,True
2360,CHEMBL3112960,NC[C@]1(c2cccc(Cl)c2)CC[C@H](n2nc(-c3cccnc3)ccc2=O)CC1,4.0,7.397940008672037,3.970500000000003,73.80000000000001,394.9059999999997,5,1,5,True
2361,CHEMBL3112959,NC[C@]1(c2cccc(Cl)c2)CC[C@H](n2nc(-c3ccccc3)ccc2=O)CC1,3.0,7.522878745280337,4.5755000000000035,60.910000000000004,393.9179999999997,5,1,4,True
2362,CHEMBL3112968,NC[C@]1(c2cccc(Cl)c2)CC[C@H](N2CCc3c(nc(C(F)(F)F)nc3C3CC3)C2=O)CC1,2.0,7.698970004336019,4.863800000000005,72.11,478.9459999999997,5,1,4,True
2363,CHEMBL3114069,N#C[C@@H]1C[C@H]2C[C@H]2N1C(=O)[C@@H](N)C12CC3CC(CC(O)(C3)C1)C2,4364.0,4.360115258083695,1.157979999999999,90.35000000000001,315.4169999999995,4,2,4,True
2364,CHEMBL3127979,N#C[C@@H]1CCCN1C(=O)[C@@H](N)Cc1ccoc1,113600.0,2.944621668625,0.6639799999999995,83.26,233.2710000000001,4,1,4,True
2365,CHEMBL3127983,N#C[C@@H]1CCCN1C(=O)[C@@H](N)Cc1ccccn1,520.0,5.2839966563652006,0.4659799999999993,83.01,244.29800000000012,4,1,4,True
2366,CHEMBL3127988,N#C[C@@H]1C[C@H](F)CN1C(=O)[C@@H](N)Cc1csc(-c2ccccc2)n1,390.0,5.4089353929735005,2.142480000000001,83.01,344.4149999999998,5,1,5,True
2367,CHEMBL3127982,N#C[C@@H]1CCCN1C(=O)[C@@H](N)Cc1cscn1,330.0,5.481486060122113,0.5274799999999996,83.01,250.3270000000001,4,1,5,True
2368,CHEMBL3127980,N#C[C@@H]1CCCN1C(=O)[C@@H](N)Cc1ccsc1,170.0,5.769551078621726,1.1324799999999995,70.12,249.3390000000001,4,1,4,True
2369,CHEMBL3127991,N#C[C@@H]1C[C@H](F)CN1C(=O)[C@@H](N)Cc1csc(-c2cccs2)n1,120.0,5.920818753952375,2.2039800000000005,83.01,350.4439999999998,5,1,6,True
2370,CHEMBL3127990,N#C[C@@H]1C[C@H](F)CN1C(=O)[C@@H](N)Cc1csc(-c2ccc(C(F)(F)F)cc2)n1,50.0,6.301029995663981,3.1612800000000014,83.01,412.4119999999998,5,1,5,True
2371,CHEMBL3127989,N#C[C@@H]1C[C@H](F)CN1C(=O)[C@@H](N)Cc1csc(-c2ccc(Cl)cc2)n1,50.0,6.301029995663981,2.7958800000000013,83.01,378.85999999999984,5,1,5,True
2372,CHEMBL3127985,N#C[C@@H]1C[C@H](F)CN1C(=O)[C@@H](N)Cc1csc2ccccc12,50.0,6.301029995663981,2.2336800000000006,70.12,317.3889999999998,4,1,4,True
2373,CHEMBL3127987,Cc1nc(C[C@H](N)C(=O)N2C[C@@H](F)C[C@H]2C#N)cs1,40.0,6.3979400086720375,0.7839000000000004,83.00999999999999,282.34399999999965,5,1,5,True
2374,CHEMBL3127981,N#C[C@@H]1CCCN1C(=O)[C@@H](N)Cc1csc2ccccc12,30.0,6.522878745280337,2.28568,70.12,299.3989999999997,4,1,4,True
2375,CHEMBL3127992,N#C[C@@H]1C[C@H](F)CN1C(=O)[C@@H](N)Cc1cc2c(cc1Br)OCO2,10.0,7.0,1.5101800000000003,88.58000000000001,384.20499999999976,4,1,5,True
2376,CHEMBL3127984,N#C[C@@H]1C[C@H](F)CN1C(=O)[C@@H](N)Cc1cccs1,5.0,7.301029995663981,1.08048,70.12,267.3289999999998,4,1,4,True
2377,CHEMBL3127986,N#C[C@@H]1C[C@H](F)CN1C(=O)[C@@H](N)Cc1cscn1,4.0,7.397940008672037,0.47548000000000046,83.01,268.3169999999998,4,1,5,True
2378,CHEMBL3121246,CCOC(=O)c1c(O)cc(O)c2c1OC(c1ccc(O)cc1)CC2,113760.0,2.944010416614309,3.046400000000001,96.22000000000001,330.33599999999973,7,3,6,True
2379,CHEMBL251958,COc1cc(O)c(C(=O)/C=C/c2ccc(O)cc2)c(OC)c1,33110.0,3.4800408192479315,3.0111000000000008,75.99000000000001,300.3099999999997,9,2,5,True
2380,CHEMBL75589,COc1cc(O)c2c(=O)c(O)c(-c3ccc(OC)c(O)c3)oc2c1,41690.0,3.3799681048737025,2.594000000000002,109.36000000000001,330.2919999999998,8,3,7,True
2381,CHEMBL1724888,O=C(CC(O)CCc1ccccc1)c1ccc(O)cc1,38430.0,3.415329615535651,2.958700000000001,57.53,270.3279999999997,8,2,3,True
2382,CHEMBL3220151,O=C(CCCCc1ccccc1)c1ccc(O)cc1,22390.0,3.6499459064209696,3.9879000000000033,37.3,254.32900000000012,7,1,2,True
2383,CHEMBL66879,O=C(O)/C=C/c1ccc(O)cc1,83180.0,3.0799810839710853,1.49,57.53,164.16000000000005,3,2,3,True
2384,CHEMBL508494,COc1cc2cc(Oc3ccc4ccc(=O)oc4c3)c(=O)oc2cc1O,87100.0,3.0599818449923366,3.405900000000002,99.11000000000001,352.2979999999999,5,1,7,True
2385,CHEMBL400359,COc1ccc2c(c1OC)CN(C)c1c-2ccc2cc3c(cc12)OCO3,56230.0,3.250031916490597,4.202500000000004,40.160000000000004,349.38599999999974,5,0,5,True
2386,CHEMBL3220152,COc1ccc2c(c1OC)C(O)N(C)c1c-2ccc2cc3c(cc12)OCO3,32360.0,3.4899914870597653,3.6934000000000022,60.39,365.38499999999976,6,1,6,True
2387,CHEMBL574038,COc1cc([C@@H]2Oc3ccc4ccc(=O)oc4c3O[C@H]2CO)ccc1O,14130.0,3.849857838151441,2.3806000000000007,98.36000000000001,356.3299999999998,6,2,7,True
2388,CHEMBL3236100,NC[C@H]1CN(c2ccccc2)C(=O)C[C@@H]1c1cc(F)ccc1F,1436.0,4.842845560093719,3.060200000000002,46.33,316.3509999999996,4,1,2,True
2389,CHEMBL3236101,N#Cc1ccc(N2C[C@H](CN)[C@@H](c3cc(F)ccc3F)CC2=O)cc1,378.0,5.422508200162775,2.9318800000000014,70.12,341.36099999999976,4,1,3,True
2390,CHEMBL3236102,NC[C@H]1CN(c2ccc(F)cc2)C(=O)C[C@@H]1c1cc(F)ccc1F,382.0,5.417936637088292,3.199300000000002,46.33,334.34099999999967,4,1,2,True
2391,CHEMBL3236103,NC[C@H]1CN(c2ccc(C(F)(F)F)cc2)C(=O)C[C@@H]1c1cc(F)ccc1F,342.0,5.465973893943865,4.079000000000003,46.33,384.34799999999973,4,1,2,True
2392,CHEMBL3236104,COc1ccc(N2C[C@H](CN)[C@@H](c3cc(F)ccc3F)CC2=O)cc1,217.0,5.663540266151471,3.0688000000000013,55.56,346.37699999999967,6,1,3,True
2393,CHEMBL3236105,CS(=O)(=O)c1ccc(N2C[C@H](CN)[C@@H](c3cc(F)ccc3F)CC2=O)cc1,193.0,5.714442690992226,2.463700000000001,80.47,394.44299999999976,6,1,4,True
2394,CHEMBL3236106,NC[C@H]1CN(c2cccnc2)C(=O)C[C@@H]1c1cc(F)ccc1F,1388.0,4.857610533881164,2.4552000000000005,59.22,317.33899999999966,4,1,3,True
2395,CHEMBL3236107,COc1ccc(N2C[C@H](CN)[C@@H](c3cc(F)ccc3F)CC2=O)cn1,452.0,5.3448615651886175,2.4638,68.45,347.36499999999967,6,1,4,True
2396,CHEMBL3236108,NC[C@H]1CN(c2ccc(C(F)(F)F)nc2)C(=O)C[C@@H]1c1cc(F)ccc1F,443.0,5.3535962737769305,3.474000000000002,59.22,385.3359999999998,4,1,3,True
2397,CHEMBL3236109,N#Cc1ccc(N2C[C@H](CN)[C@@H](c3cc(F)ccc3F)CC2=O)cn1,404.0,5.393618634889395,2.32688,83.01,342.34899999999976,4,1,4,True
2398,CHEMBL3236110,NC[C@H]1CN(Cc2ccccc2)C(=O)C[C@@H]1c1cc(F)ccc1F,885.0,5.053056729302175,3.0558000000000014,46.33,330.3779999999996,5,1,2,True
2399,CHEMBL3236111,NC[C@H]1CN(Cc2ccc(C(F)(F)F)cc2)C(=O)C[C@@H]1c1cc(F)ccc1F,910.0,5.040958607678906,4.074600000000004,46.33,398.3749999999997,5,1,2,True
2400,CHEMBL3236112,NC[C@H]1CN(c2ccc3ccccc3n2)C(=O)C[C@@H]1c1cc(F)ccc1F,1034.0,4.985479461242076,3.6084000000000023,59.22,367.39899999999966,4,1,3,True
2401,CHEMBL3236113,NC[C@H]1CN(c2nccn3cnnc23)C(=O)C[C@@H]1c1cc(F)ccc1F,1023.0,4.99012436628784,1.4978999999999993,89.41,358.35199999999975,4,1,6,True
2402,CHEMBL3236114,Cc1cc(=O)n2nc(N3C[C@H](CN)[C@@H](c4cc(F)ccc4F)CC3=O)ccc2n1,997.0,5.001304841688344,1.7715199999999998,93.59000000000002,399.4009999999998,5,1,6,True
2403,CHEMBL3236115,NC[C@H]1CN(CCc2ccccc2)C(=O)C[C@@H]1c1cc(F)ccc1F,119.0,5.924453038607469,3.098300000000001,46.33,344.4049999999996,6,1,2,True
2404,CHEMBL3236116,NC[C@H]1CN(CCc2ccncc2)C(=O)C[C@@H]1c1cc(F)ccc1F,84.0,6.075720713938118,2.4933000000000005,59.22,345.39299999999963,6,1,3,True
2405,CHEMBL3236117,Cc1cc2ncc(N3C[C@H](CN)[C@@H](c4cc(F)ccc4F)CC3=O)c(C)n2n1,77.6,6.110138278741812,2.7197400000000007,76.52000000000001,385.4179999999997,6,1,5,True
2406,CHEMBL3236118,Cc1nnc2ccc(N3C[C@H](CN)[C@@H](c4cc(F)ccc4F)CC3=O)nn12,122.0,5.913640169325252,1.80632,89.41000000000001,372.3789999999997,5,1,6,True
2407,CHEMBL3236119,NC[C@H]1CN(c2ccc3nnc(C(F)(F)F)n3n2)C(=O)C[C@@H]1c1cc(F)ccc1F,79.0,6.102372908709558,2.5167,89.41,426.3489999999999,4,1,6,True
2408,CHEMBL3236120,NC[C@H]1CN(c2ccc3nc(C(F)(F)F)nn3n2)C(=O)C[C@@H]1c1cc(F)ccc1F,74.0,6.130768280269024,2.5167,89.41,426.3489999999999,4,1,6,True
2409,CHEMBL3236121,NC[C@H]1CN(CCc2ccc3c(c2)OCO3)C(=O)C[C@@H]1c1cc(F)ccc1F,8.5,7.070581074285707,2.827000000000001,64.78999999999999,388.41399999999965,6,1,4,True
2410,CHEMBL3236122,NC[C@H]1CN(CCc2ccncc2)C(=O)C[C@@H]1c1cc(F)c(F)cc1F,157.0,5.804100347590766,2.6324000000000005,59.22,363.38299999999964,6,1,3,True
2411,CHEMBL3236123,Cc1cc2ncc(N3C[C@H](CN)[C@@H](c4cc(F)c(F)cc4F)CC3=O)c(C)n2n1,119.0,5.924453038607469,2.8588400000000007,76.52000000000001,403.40799999999973,6,1,5,True
2412,CHEMBL3236124,NC[C@H]1CN(c2ccc3nnc(C(F)(F)F)n3n2)C(=O)C[C@@H]1c1cc(F)c(F)cc1F,125.0,5.903089986991944,2.655800000000001,89.41,444.3389999999999,4,1,6,True
2413,CHEMBL3236125,NC[C@H]1CN(c2ccc3nc(C(F)(F)F)nn3n2)C(=O)C[C@@H]1c1cc(F)c(F)cc1F,111.0,5.954677021213342,2.655800000000001,89.41,444.3389999999999,4,1,6,True
2414,CHEMBL3236126,NC[C@H]1CN(CCc2ccc3c(c2)OCO3)C(=O)C[C@@H]1c1cc(F)c(F)cc1F,19.0,6.721246399047171,2.966100000000001,64.78999999999999,406.40399999999966,6,1,4,True
2415,CHEMBL3236127,NC[C@H]1CN(CCc2ccncc2)C(=O)C[C@@H]1c1ccc(Cl)cc1Cl,197.0,5.705533773838407,3.5219000000000023,59.22,378.3029999999996,6,1,3,True
2416,CHEMBL3236128,Cc1cc2ncc(N3C[C@H](CN)[C@@H](c4ccc(Cl)cc4Cl)CC3=O)c(C)n2n1,148.0,5.8297382846050425,3.7483400000000016,76.52000000000001,418.3279999999998,6,1,5,True
2417,CHEMBL3236129,NC[C@H]1CN(c2ccc3nnc(C(F)(F)F)n3n2)C(=O)C[C@@H]1c1ccc(Cl)cc1Cl,134.0,5.872895201635193,3.545300000000002,89.41,459.25899999999984,4,1,6,True
2418,CHEMBL3236130,NC[C@H]1CN(c2ccc3nc(C(F)(F)F)nn3n2)C(=O)C[C@@H]1c1ccc(Cl)cc1Cl,137.0,5.863279432843593,3.545300000000002,89.41,459.25899999999984,4,1,6,True
2419,CHEMBL3236131,NC[C@H]1CN(CCc2ccc3c(c2)OCO3)C(=O)C[C@@H]1c1ccc(Cl)cc1Cl,43.0,6.366531544420414,3.8556000000000026,64.78999999999999,421.3239999999996,6,1,4,True
2420,CHEMBL3233843,COc1ccc2nccc(C(=O)NCC(=O)N3CC(F)(F)C[C@H]3C#N)c2c1,18999.999999999996,3.721246399047171,1.7329799999999997,95.32,374.3469999999998,5,1,5,True
2421,CHEMBL2105762,CS(=O)(=O)n1cc2c(n1)CN([C@H]1CO[C@H](c3cc(F)ccc3F)[C@@H](N)C1)C2,2.1487485484423328,7.667814403686484,1.1421,90.45,398.4349999999997,5,1,7,True
2422,CHEMBL90170,OCc1ccc(-c2ccc(-c3cccs3)s2)s1,3350.0,4.474955192963154,4.697400000000002,20.23,278.4229999999998,4,1,4,True
2423,CHEMBL3343900,OCc1ccc(-c2ccc(C#CC(O)CO)s2)s1,2810.0,4.55129368009492,1.6736,60.69,280.3699999999997,6,3,5,True
2424,CHEMBL3343899,CC#CC#Cc1ccc(C#CC(O)CO)s1,2740.0,4.562249437179612,0.8275999999999999,40.46,230.28800000000007,3,2,3,True
2425,CHEMBL3357781,CS(=O)(=O)NC[C@@H]1C[C@@H]2CCCC[C@@H]2N1C(=O)C[C@H](N)Cc1cc(F)c(F)cc1F,430.0,5.366531544420414,2.0727,92.5,447.5229999999996,9,2,4,True
2426,CHEMBL3357779,N[C@@H](CC(=O)N1[C@H](CNC(=O)c2ccccc2)C[C@@H]2CCCC[C@@H]21)Cc1cc(F)c(F)cc1F,610.0,5.214670164989233,3.9535000000000036,75.43,473.5389999999996,8,2,3,True
2427,CHEMBL3357778,N[C@@H](CC(=O)N1[C@H](CNC(=O)C2CCCC2)C[C@@H]2CCCC[C@@H]21)Cc1cc(F)c(F)cc1F,430.0,5.366531544420414,3.829900000000002,75.43,465.5599999999995,8,2,3,True
2428,CHEMBL3357777,N[C@@H](CC(=O)N1[C@H](CNC(=O)C2CCC2)C[C@@H]2CCCC[C@@H]21)Cc1cc(F)c(F)cc1F,330.0,5.481486060122113,3.4398000000000017,75.43,451.5329999999995,8,2,3,True
2429,CHEMBL3357776,N[C@@H](CC(=O)N1[C@H](CNC(=O)C2CC2)C[C@@H]2CCCC[C@@H]21)Cc1cc(F)c(F)cc1F,540.0,5.267606240177032,3.0497000000000014,75.43,437.5059999999995,8,2,3,True
2430,CHEMBL3357775,CC(=O)NC[C@@H]1C[C@@H]2CCCC[C@@H]2N1C(=O)C[C@H](N)Cc1cc(F)c(F)cc1F,290.0,5.537602002101044,2.659600000000001,75.43,411.46799999999956,8,2,3,True
2431,CHEMBL3357774,N[C@@H](CC(=O)N1[C@H](CO)C[C@@H]2CCCC[C@@H]21)Cc1cc(F)c(F)cc1F,510.0,5.292429823902063,2.5158000000000005,66.56,370.4149999999995,7,2,3,True
2432,CHEMBL3357773,N[C@@H](CC(=O)N1[C@H](COC(=O)c2ccccc2)C[C@@H]2CCCC[C@@H]21)Cc1cc(F)c(F)cc1F,320.0,5.494850021680094,4.380500000000003,72.63,474.5229999999996,8,1,4,True
2433,CHEMBL3357772,N[C@@H](CC(=O)N1[C@H](COC(=O)C2CCCC2)C[C@@H]2CCCC[C@@H]21)Cc1cc(F)c(F)cc1F,180.0,5.7447274948966935,4.256900000000003,72.63,466.5439999999995,8,1,4,True
2434,CHEMBL3357771,N[C@@H](CC(=O)N1[C@H](COC(=O)C2CCC2)C[C@@H]2CCCC[C@@H]21)Cc1cc(F)c(F)cc1F,70.0,6.154901959985743,3.8668000000000022,72.63,452.51699999999954,8,1,4,True
2435,CHEMBL3357770,N[C@@H](CC(=O)N1[C@H](COC(=O)C2CC2)C[C@@H]2CCCC[C@@H]21)Cc1cc(F)c(F)cc1F,80.0,6.096910013008056,3.476700000000001,72.63,438.48999999999955,8,1,4,True
2436,CHEMBL3357769,CC(=O)OC[C@@H]1C[C@@H]2CCCC[C@@H]2N1C(=O)C[C@H](N)Cc1cc(F)c(F)cc1F,70.0,6.154901959985743,3.0866000000000007,72.63,412.4519999999996,8,1,4,True
2437,CHEMBL3357768,N[C@@H](CC(=O)N1[C@H](C(=O)O)C[C@@H]2CCCC[C@@H]21)Cc1cc(F)c(F)cc1F,3660.0,4.436518914605589,2.6081000000000003,83.63000000000001,384.39799999999957,6,2,4,True
2438,CHEMBL3357767,CCOC(=O)[C@@H]1C[C@@H]2CCCC[C@@H]2N1C(=O)C[C@H](N)Cc1cc(F)c(F)cc1F,70.0,6.154901959985743,3.0866000000000007,72.63,412.4519999999996,8,1,4,True
2439,CHEMBL3357766,N[C@@H](CC(=O)N1[C@H](C(=O)NCC2CC2)C[C@@H]2CCCC[C@@H]21)Cc1cc(F)c(F)cc1F,760.0,5.119186407719209,3.0497000000000014,75.43,437.5059999999995,8,2,3,True
2440,CHEMBL3357765,N[C@@H](CC(=O)N1[C@H](C(=O)NC2CC2)C[C@@H]2CCCC[C@@H]21)Cc1cc(F)c(F)cc1F,380.0,5.42021640338319,2.802100000000001,75.43,423.47899999999953,7,2,3,True
2441,CHEMBL3357764,N[C@@H](CC(=O)N1[C@H](C(=O)NCc2ccccc2)C[C@@H]2CCCC[C@@H]21)Cc1cc(F)c(F)cc1F,340.0,5.468521082957745,3.8399000000000028,75.43,473.5389999999996,8,2,3,True
2442,CHEMBL3357763,N[C@@H](CC(=O)N1[C@H](C(=O)Nc2ccccc2)C[C@@H]2CCCC[C@@H]21)Cc1cc(F)c(F)cc1F,5810.0,4.235823867609669,4.162200000000003,75.43,459.5119999999996,7,2,3,True
2443,CHEMBL3310986,Cn1c(=O)c(C(C)(NN)Nc2ccccc2)c(O)c2ccccc21,730.0,5.136677139879544,1.9922000000000004,92.31,324.3839999999997,8,4,6,True
2444,CHEMBL3310987,CCn1c(=O)c(C(C)(NN)Nc2ccc(C)cc2)c(O)c2ccccc21,2950.0,4.530177984021837,2.783520000000001,92.31,352.43799999999965,10,4,6,True
2445,CHEMBL3310988,Br.Cc1ccc(=N)n(Cc2cccc(F)c2)c1,34650.0,3.4602967610521747,3.041290000000001,28.78,297.17099999999976,3,1,2,True
2446,CHEMBL3329692,CN[C@@H]1CCCN(c2ccnc3c2n(Cc2ccccc2C#N)c(=O)n3C)C1,430.0,5.366531544420414,1.8431799999999998,78.88,376.46399999999966,6,1,7,True
2447,CHEMBL3329691,Cn1c(=O)n(Cc2ccccc2C#N)c2c(N3CCCNCC3)ccnc21,5200.0,4.2839966563652006,1.454679999999999,78.88,362.43699999999967,4,1,7,True
2448,CHEMBL3329624,N#Cc1ccccc1Cn1c(=O)oc2nccc(N3CCC[C@@H](N)C3)c21,100.0,6.0,1.8369799999999998,101.07999999999998,349.3939999999997,4,1,7,True
2449,CHEMBL3329625,CC1(C)C(=O)N(Cc2ccccc2C#N)c2c(N3CCC[C@@H](N)C3)ccnc21,3400.0,4.468521082957745,2.7051800000000004,86.25,375.47599999999966,6,1,5,True
2450,CHEMBL3329626,N#Cc1ccccc1Cn1c(=O)[nH]c2nccc(N3CCC[C@@H](N)C3)c21,45.0,6.346787486224656,1.57208,103.72999999999999,348.4099999999997,4,2,6,True
2451,CHEMBL3329627,Cn1c(=O)n(Cc2ccccc2C#N)c2c(N3CCC[C@@H](N)C3)ccnc21,13.0,6.886056647693163,1.582479999999999,92.87,362.43699999999967,5,1,7,True
2452,CHEMBL3329628,CC(C)n1c(=O)n(Cc2ccccc2C#N)c2c(N3CCC[C@@H](N)C3)ccnc21,480.0,5.318758762624412,2.626380000000001,92.87,390.49099999999964,7,1,7,True
2453,CHEMBL3329629,Cn1c(=S)n(Cc2ccccc2C#N)c2c(N3CCC[C@@H](N)C3)ccnc21,38000.0,3.42021640338319,2.9517700000000007,75.8,378.5049999999997,5,1,7,True
2454,CHEMBL3329630,Cn1c(=O)c(=O)n(Cc2ccccc2C#N)c2c(N3CCC[C@@H](N)C3)ccnc21,55000.0,3.2596373105057563,0.9426799999999999,109.93999999999998,390.4469999999998,5,1,8,True
2455,CHEMBL3329631,Cn1c(=O)n(Cc2ccccc2C#N)c2c(N3CCC[C@@H](N)C3)c3ccccc3nc21,1100.0,4.958607314841775,2.7356800000000003,92.87,412.49699999999973,5,1,7,True
2456,CHEMBL3329632,Cn1c(=O)n(Cc2ccccc2C#N)c2c(N3CCC[C@@H](N)C3)ncnc21,10.0,7.0,0.9774799999999993,105.76,363.42499999999967,5,1,8,True
2457,CHEMBL3329633,Cn1c(=O)n(Cc2ccccc2C#N)c2c(N3CCC[C@@H](N)C3)cccc21,45.0,6.346787486224656,2.187479999999999,79.98,361.44899999999967,5,1,6,True
2458,CHEMBL3329634,Cn1c(=O)n(Cc2cccc(C#N)c2)c2c(N3CCC[C@@H](N)C3)ccnc21,88000.0,3.0555173278498318,1.582479999999999,92.87,362.43699999999967,5,1,7,True
2459,CHEMBL3329636,Cn1c(=O)n(Cc2ccccc2Cl)c2c(N3CCC[C@@H](N)C3)ccnc21,110.0,5.958607314841775,2.3641999999999994,69.08,371.8719999999997,5,1,6,True
2460,CHEMBL3329637,Cn1c(=O)n(Cc2ccccc2F)c2c(N3CCC[C@@H](N)C3)ccnc21,2500.0,4.6020599913279625,1.849899999999999,69.08,355.41699999999963,5,1,6,True
2461,CHEMBL3329638,Cn1c(=O)n(Cc2ccc(Cl)cc2C#N)c2c(N3CCC[C@@H](N)C3)ccnc21,16000.0,3.795880017344075,2.23588,92.87,396.8819999999998,5,1,7,True
2462,CHEMBL3329639,Cn1c(=O)n(Cc2ccc3ccccc3c2C#N)c2c(N3CCC[C@@H](N)C3)ccnc21,20000.0,3.6989700043360183,2.7356800000000003,92.87,412.4969999999997,5,1,7,True
2463,CHEMBL3329641,Cn1c(=O)n(Cc2ccccc2C#N)c2c(N3CC[C@@H](N)C3)ccnc21,22.0,6.657577319177793,1.1923799999999993,92.87,348.4099999999997,5,1,7,True
2464,CHEMBL3329688,Cn1c(=O)n(Cc2ccccc2C#N)c2c(N3CCCCC(N)C3)ccnc21,530.0,5.275724130399211,1.9725799999999993,92.87,376.46399999999966,5,1,7,True
2465,CHEMBL3329689,Cn1c(=O)n(Cc2ccccc2C#N)c2c(N3CCNCC3)ccnc21,23000.0,3.638272163982407,1.0645799999999992,78.88,348.4099999999997,4,1,7,True
2466,CHEMBL3330055,N#C[C@@H]1C[C@H](F)CN1C(=O)C[C@H](N)Cc1ccc(C(F)(F)F)cc1,640.0,5.1938200260161125,2.427880000000001,70.12,343.32399999999967,5,1,3,True
2467,CHEMBL3330054,N#C[C@@H]1C[C@H](F)CN1C(=O)C[C@H](N)Cc1ccc(I)cc1,430.0,5.366531544420414,2.01368,70.12,401.2229999999997,5,1,3,True
2468,CHEMBL3330053,N#C[C@@H]1C[C@H](F)CN1C(=O)C[C@H](N)Cc1ccc(F)cc1,320.0,5.494850021680094,1.54818,70.12,293.31699999999967,5,1,3,True
2469,CHEMBL3330052,N#C[C@@H]1C[C@H](F)CN1C(=O)C[C@H](N)Cc1cccc(F)c1,220.0,5.657577319177793,1.54818,70.12,293.31699999999967,5,1,3,True
2470,CHEMBL3330051,Cc1ccccc1C[C@@H](N)CC(=O)N1C[C@@H](F)C[C@H]1C#N,160.0,5.795880017344075,1.7175,70.12,289.3539999999996,6,1,3,True
2471,CHEMBL3330050,N#C[C@@H]1C[C@H](F)CN1C(=O)C[C@H](N)Cc1ccccc1Cl,220.0,5.657577319177793,2.06248,70.12,309.77199999999965,5,1,3,True
2472,CHEMBL3330049,N#C[C@@H]1C[C@H](F)CN1C(=O)C[C@H](N)Cc1ccccc1,450.0,5.346787486224656,1.4090799999999999,70.12,275.32699999999966,5,1,3,True
2473,CHEMBL3330073,N#C[C@@H]1C[C@@H]2CCC[C@@H]2N1C(=O)C[C@H](N)Cc1cc(F)c(F)cc1F,10.0,7.0,2.656980000000001,70.12,351.3719999999996,5,1,3,True
2474,CHEMBL3330072,N#C[C@@H]1C[C@@H]2CCC[C@@H]2N1C(=O)C[C@H](N)Cc1cc(F)cc(F)c1,9650.0,4.015472686656207,2.517880000000001,70.12,333.3819999999996,5,1,3,True
2475,CHEMBL3330071,N#C[C@@H]1C[C@@H]2CCC[C@@H]2N1C(=O)C[C@H](N)Cc1ccc(Cl)c(Cl)c1,47440.0,3.3238553196437937,3.5464800000000016,70.12,366.2919999999996,5,1,3,True
2476,CHEMBL3330070,N#C[C@@H]1C[C@@H]2CCC[C@@H]2N1C(=O)C[C@H](N)Cc1ccc(Cl)cc1Cl,70.0,6.154901959985743,3.5464800000000016,70.12,366.29199999999963,5,1,3,True
2477,CHEMBL3330068,N#C[C@@H]1C[C@@H]2CCC[C@@H]2N1C(=O)C[C@H](N)Cc1ccc(C(F)(F)F)cc1,1980.0,4.703334809738469,3.2584800000000014,70.12,365.39899999999955,5,1,3,True
2478,CHEMBL3330067,N#C[C@@H]1C[C@@H]2CCC[C@@H]2N1C(=O)C[C@H](N)Cc1ccc(I)cc1,8800.0,4.055517327849832,2.8442800000000013,70.12,423.29799999999955,5,1,3,True
2479,CHEMBL3330066,N#C[C@@H]1C[C@@H]2CCC[C@@H]2N1C(=O)C[C@H](N)Cc1ccc(F)cc1,270.0,5.568636235841013,2.37878,70.12,315.3919999999996,5,1,3,True
2480,CHEMBL3330065,N#C[C@@H]1C[C@@H]2CCC[C@@H]2N1C(=O)C[C@H](N)Cc1cccc(F)c1,130.0,5.886056647693163,2.37878,70.12,315.39199999999954,5,1,3,True
2481,CHEMBL3330064,Cc1ccccc1C[C@@H](N)CC(=O)N1[C@H](C#N)C[C@@H]2CCC[C@@H]21,360.0,5.443697499232712,2.5481000000000007,70.12,311.4289999999996,6,1,3,True
2482,CHEMBL3330063,N#C[C@@H]1C[C@@H]2CCC[C@@H]2N1C(=O)C[C@H](N)Cc1ccccc1Cl,70.0,6.154901959985743,2.893080000000001,70.12,331.8469999999995,5,1,3,True
2483,CHEMBL3330062,N#C[C@@H]1C[C@@H]2CCC[C@@H]2N1C(=O)C[C@H](N)Cc1ccccc1,440.0,5.356547323513812,2.23968,70.12,297.40199999999953,5,1,3,True
2484,CHEMBL3330061,N#C[C@@H]1C[C@H](F)CN1C(=O)C[C@@H](N)Cc1ccccc1,1940.0,4.7121982700697735,1.4090799999999999,70.12,275.32699999999966,5,1,3,True
2485,CHEMBL3330060,N#C[C@@H]1C[C@H](F)CN1C(=O)C[C@H](N)Cc1cc(F)c(F)cc1F,50.0,6.301029995663981,1.8263800000000003,70.12,329.29699999999974,5,1,3,True
2486,CHEMBL3330059,N#C[C@@H]1C[C@H](F)CN1C(=O)C[C@H](N)Cc1cc(F)cc(F)c1,1580.0,4.801342913045577,1.6872800000000001,70.12,311.3069999999997,5,1,3,True
2487,CHEMBL3330058,N#C[C@@H]1C[C@H](F)CN1C(=O)C[C@H](N)Cc1ccc(Cl)c(Cl)c1,530.0,5.275724130399211,2.715880000000001,70.12,344.2169999999997,5,1,3,True
2488,CHEMBL3330057,N#C[C@@H]1C[C@H](F)CN1C(=O)C[C@H](N)Cc1ccc(Cl)cc1Cl,40.0,6.3979400086720375,2.715880000000001,70.12,344.21699999999976,5,1,3,True
2489,CHEMBL3330056,COc1ccc(C[C@@H](N)CC(=O)N2C[C@@H](F)C[C@H]2C#N)cc1,770.0,5.113509274827518,1.4176799999999996,79.35,305.3529999999996,7,1,4,True
2490,CHEMBL3425745,N[C@@H](CC(=O)N1CC[C@@H]2[C@@H](CCc3nnc(C(F)(F)F)n32)C1)Cc1ccccc1,695.0,5.158015195409886,2.5928000000000004,77.04000000000002,407.4399999999997,5,1,5,True
2491,CHEMBL3425746,N[C@@H](CC(=O)N1CC[C@@H]2[C@H](CCc3nnc(C(F)(F)F)n32)C1)Cc1ccccc1,2801.0,4.552686891176432,2.5928000000000004,77.04000000000002,407.4399999999997,5,1,5,True
2492,CHEMBL3425747,N[C@@H](CC(=O)N1CC[C@@H]2[C@@H](CCc3nnc(C(F)(F)F)n32)C1)Cc1cc(F)c(F)cc1F,44.27188724235731,6.353871964321762,3.0101000000000013,77.04000000000002,461.40999999999974,5,1,5,True
2493,CHEMBL3425748,N[C@@H](CC(=O)N1CC[C@@H]2[C@H](CCc3nnc(C(F)(F)F)n32)C1)Cc1cc(F)c(F)cc1F,279.0430074379218,5.554328856032734,3.0101000000000013,77.04000000000002,461.40999999999974,5,1,5,True
2494,CHEMBL3425749,CCc1nnc2n1[C@@H]1CCN(C(=O)C[C@H](N)Cc3cc(F)c(F)cc3F)C[C@@H]1CC2,85.0,6.070581074285707,2.553700000000001,77.04,421.46699999999964,7,1,5,True
2495,CHEMBL3425750,CCc1nnc2n1[C@@H]1CCN(C(=O)C[C@H](N)Cc3cc(F)c(F)cc3F)C[C@H]1CC2,108.0,5.966576244513051,2.553700000000001,77.04,421.46699999999964,7,1,5,True
2496,CHEMBL3425753,Cc1nnc(C(F)(F)F)n1C1CCN(C(=O)C[C@H](N)Cc2cc(F)c(F)cc2F)CC1.Cl,100.0,6.0,3.568020000000002,77.04,485.8599999999998,7,1,5,True
2497,CHEMBL3425754,Cl.N[C@@H](CC(=O)N1CC[C@@H]2[C@@H](Cc3nnc(C(F)(F)F)n32)C1)Cc1cc(F)c(F)cc1F,94.0,6.026872146400302,3.041800000000002,77.04000000000002,483.84399999999977,5,1,5,True
2498,CHEMBL3580781,N[C@@H](CC(=O)N1CC(=O)Nc2cc(C(F)(F)F)ccc2C1)[C@H]1CCc2cc(F)c(F)cc21,19.2,6.716698771296451,3.711700000000002,75.43,453.41099999999983,4,2,3,True
2499,CHEMBL3580780,COc1ccc2c(c1)NC(=O)CN(C(=O)C[C@H](N)[C@H]1CCc3cc(F)c(F)cc31)C2,20.0,6.698970004336019,2.701500000000001,84.66,415.4399999999997,6,2,4,True
2500,CHEMBL3580779,N[C@@H](CC(=O)N1CC(=O)Nc2cc(F)ccc2C1)[C@H]1CCc2cc(F)c(F)cc21,3.8,7.42021640338319,2.8320000000000007,75.43,403.4039999999997,4,2,3,True
2501,CHEMBL3580778,N[C@@H](CC(=O)N1CC(=O)Nc2nccnc2C1)[C@H]1CCc2cc(F)c(F)cc21,89.6,6.047691990337875,1.4828999999999994,101.21000000000001,387.38999999999976,4,2,5,True
2502,CHEMBL3580777,N[C@@H](CC(=O)N1CC(=O)Nc2cccnc2C1)[C@H]1CCc2cc(F)c(F)cc21,148.0,5.8297382846050425,2.0879000000000003,88.32000000000001,386.4019999999997,4,2,4,True
2503,CHEMBL3580782,N[C@@H](CC(=O)N1CC(=O)Nc2cc(Br)ccc2C1)[C@H]1CCc2cc(F)c(F)cc21,15.4,6.812479279163537,3.455400000000002,75.43,464.3099999999999,4,2,3,True
2504,CHEMBL3580776,N[C@@H](CC(=O)N1CC(=O)Nc2ccccc2C1)[C@H]1CCc2cc(F)c(F)cc21,4.9,7.309803919971486,2.6929000000000007,75.43,385.41399999999965,4,2,3,True
2505,CHEMBL3580775,N[C@@H](CC(=O)N1CCn2c(nnc2C(F)(F)F)C1)[C@H]1CCc2cc(F)c(F)cc21,10.8,6.966576244513051,2.3647,77.04,415.3659999999998,4,1,5,True
2506,CHEMBL3580783,N#Cc1ccc2c(c1)NC(=O)CN(C(=O)C[C@H](N)[C@H]1CCc3cc(F)c(F)cc31)C2,18.6,6.730487055782084,2.5645800000000003,99.22,410.42399999999975,4,2,4,True
2507,CHEMBL3580784,N[C@@H](CC(=O)N1CC(=O)Nc2cc(F)c(F)cc2C1)[C@H]1CCc2cc(F)c(F)cc21,19.8,6.703334809738469,2.9711000000000007,75.43,421.3939999999998,4,2,3,True
2508,CHEMBL3580785,N[C@@H](CC(=O)N1CCNc2ccccc2C1)[C@H]1CCc2cc(F)c(F)cc21,299.0,5.52432881167557,3.1663000000000006,58.36000000000001,371.4309999999996,4,2,3,True
2509,CHEMBL3580786,N[C@@H](CC(=O)N1CCNc2cc(F)ccc2C1)[C@H]1CCc2cc(F)c(F)cc21,346.0,5.460923901207224,3.3054000000000014,58.36000000000001,389.42099999999965,4,2,3,True
2510,CHEMBL3580787,N[C@@H](CC(=O)N1CCNc2cc(C(F)(F)F)ccc2C1)[C@H]1CCc2cc(F)c(F)cc21,2290.0,4.640164517660112,4.185100000000004,58.36000000000001,439.42799999999977,4,2,3,True
2511,CHEMBL3580788,CN1C(=O)CN(C(=O)C[C@H](N)[C@H]2CCc3cc(F)c(F)cc32)Cc2ccccc21,3.0,7.522878745280337,2.717200000000001,66.64,399.44099999999975,5,1,3,True
2512,CHEMBL3580789,CN1C(=O)CN(C(=O)C[C@H](N)[C@H]2CCc3cc(F)c(F)cc32)Cc2ccc(F)cc21,3.4,7.468521082957745,2.856300000000001,66.64,417.43099999999976,5,1,3,True
2513,CHEMBL3580790,CCN1C(=O)CN(C(=O)C[C@H](N)[C@H]2CCc3cc(F)c(F)cc32)Cc2ccccc21,2.9,7.537602002101044,3.1073000000000013,66.64,413.4679999999997,6,1,3,True
2514,CHEMBL3580791,CC(C)N1C(=O)CN(C(=O)C[C@H](N)[C@H]2CCc3cc(F)c(F)cc32)Cc2ccccc21,6.4,7.1938200260161125,3.495800000000002,66.64,427.4949999999997,7,1,3,True
2515,CHEMBL3580792,CCOC(=O)CN1C(=O)CN(C(=O)C[C@H](N)[C@H]2CCc3cc(F)c(F)cc32)Cc2ccccc21,3.4,7.468521082957745,2.650500000000001,92.94,471.50399999999973,8,1,5,True
2516,CHEMBL537586,CC(C)N(C)C(=O)n1cnc(S(=O)(=O)C2CC3CCC2C3)n1,9.0,7.045757490560675,1.5487,85.16000000000001,326.4219999999996,6,0,6,True
2517,CHEMBL3616890,CC#CCn1c(N2CCNCC2)nc2c1c(=O)n(Cc1nc(C)c3ccccc3n1)c(=O)n2C,19.4,6.7121982700697735,0.6295200000000003,102.87,458.5259999999998,6,1,10,True
2518,CHEMBL3616891,CC#CCn1c(N2CCN3CCC[C@H]3C2)nc2c1c(=O)n(Cc1nc(C)c3ccccc3n1)c(=O)n2C,13900.0,3.856985199745905,1.5043199999999997,94.08000000000001,498.5909999999997,6,0,10,True
2519,CHEMBL3616900,CC#CCn1c(N2CCNCC2)nc2c1c(=O)n(Cc1ncc3ccccc3n1)c(=O)n2C,5.8,7.236572006437063,0.32109999999999994,102.87,444.4989999999998,5,1,10,True
2520,CHEMBL3616902,CC#CCn1c(N2CCNCC2)nc2c1c(=O)n(Cc1ccc3ccccc3n1)c(=O)n2C,29.0,6.537602002101044,0.9261000000000001,89.98000000000002,443.5109999999998,5,1,9,True
2521,CHEMBL3616903,CC#CCn1c(N2CCNCC2)nc2c1c(=O)n(Cc1ccc3ccccc3c1)c(=O)n2C,180.0,5.7447274948966935,1.5310999999999997,77.09,442.5229999999998,5,1,8,True
2522,CHEMBL3616904,CC#CCn1c(N2CCNCC2)nc2c1c(=O)n(Cc1ccccc1)c(=O)n2C,1230.0,4.910094888560602,0.3779000000000008,77.09,392.46299999999974,5,1,8,True
2523,CHEMBL3616905,CC#CCn1c(N2CCNCC2)nc2c1c(=O)n(Cc1cccc(C#N)c1)c(=O)n2C,340.0,5.468521082957745,0.24958000000000058,100.88,417.4729999999998,5,1,9,True
2524,CHEMBL3616906,CC#CCn1c(N2CCNCC2)nc2c1c(=O)n(Cc1ccc(-c3ccccc3C#N)cc1)c(=O)n2C,1800.0,4.7447274948966935,1.91658,100.88,493.57099999999986,6,1,9,True
2525,CHEMBL3616908,CC#CCn1c(N2CCNCC2)nc2c1c(=O)n(Cc1ccc(-n3cccn3)cc1)c(=O)n2C,1440.0,4.841637507904751,0.5636000000000001,94.91,458.5259999999998,6,1,10,True
2526,CHEMBL3616913,CC#CCn1c(N2CCC[C@@H](N)C2)nc2c1c(=O)n(C(C)C)c(=O)n2C,980.0,5.008773924307505,0.42840000000000056,91.08000000000001,358.44599999999963,7,1,8,True
2527,CHEMBL4296719,O=C(CN[C@@H]1CCNC1)N1CCC[C@H]1B(O)O,25.0,6.6020599913279625,-2.0590999999999973,84.83000000000001,241.10000000000016,6,4,5,True
2528,CHEMBL3618140,O=C(Nc1ccc(F)cc1)c1cnn(-c2ccccc2)c1NC(=O)C(F)(F)F,1250.0,4.903089986991944,3.764500000000001,76.02000000000001,392.31199999999984,4,2,4,True
2529,CHEMBL3618137,COc1ccc(-n2ncc3c(=O)n(-c4nc(-c5ccc(Cl)cc5)cs4)c(C)nc32)cc1,100000.0,3.0,4.665320000000003,74.83000000000001,449.92299999999994,6,0,8,True
2530,CHEMBL3618134,COc1ccc(-n2ncc3c(=O)n(-c4cc(C)ccn4)c(C)nc32)cc1,2230.0,4.651695136951839,2.5918400000000004,74.83000000000001,347.37799999999976,6,0,7,True
2531,CHEMBL3618039,Cc1nc2c(cnn2-c2ccccc2)c(=O)n1-c1ccc(Br)cn1,11000.0,3.958607314841775,3.037320000000001,65.6,382.2209999999998,3,0,6,True
2532,CHEMBL3618038,Cc1ccnc(-n2c(C)nc3c(cnn3-c3ccccc3)c2=O)c1,1060.0,4.97469413473523,2.583240000000001,65.6,317.3519999999998,4,0,6,True
2533,CHEMBL3618037,Cc1nc2c(cnn2-c2ccccc2)c(=O)n1-c1ncccn1,24000.0,3.619788758288394,1.6698199999999999,78.49,304.31299999999976,3,0,7,True
2534,CHEMBL3618036,Cc1nc2c(cnn2-c2ccccc2)c(=O)n1-c1ccccn1,4000.0,4.3979400086720375,2.27482,65.6,303.32499999999976,3,0,6,True
2535,CHEMBL3618032,Cc1cc(C)c(-n2c(C)nc3c(cnn3-c3ccccc3)c2=O)c(C)c1,1320.0,4.87942606879415,3.805080000000002,52.71,344.4179999999997,6,0,5,True
2536,CHEMBL3632867,CC[C@@H](C)[C@H](N)C(=O)N1CC(F)(F)C[C@H]1C#N,0.8,8.096910013008056,1.11958,70.12,245.27300000000014,6,1,3,True
2537,CHEMBL3632866,CC[C@@H](C)[C@H](N)C(=O)N1C[C@H](F)C[C@H]1C#N,290.0,5.537602002101044,0.82238,70.12,227.28300000000016,6,1,3,True
2538,CHEMBL3632865,CC[C@@H](C)[C@H](N)C(=O)N1C[C@@H](F)C[C@H]1C#N,0.6,8.221848749616356,0.82238,70.12,227.28300000000016,6,1,3,True
2539,CHEMBL3632864,CC[C@@H](C)[C@H](N)C(=O)N1CCC[C@H]1C#N,1.5,7.823908740944319,0.8743799999999998,70.12,209.29300000000018,6,1,3,True
2540,CHEMBL3644790,COCCc1nc2c(c(C(F)(F)F)n1)CCN(C(=O)C[C@H](N)CN1C(=O)CCC(F)(F)[C@@H]1O)C2,14.0,6.853871964321762,0.8625,121.88000000000001,495.4489999999997,10,2,7,True
2541,CHEMBL3644799,CCCc1nc2c(c(C(F)(F)F)n1)CCN(C(=O)C[C@H](N)CN1C(=O)CCC(F)C1O)C2,409.0,5.388276691992658,1.3288999999999995,112.64999999999999,461.4599999999997,9,2,6,True
2542,CHEMBL3644785,CC(C)(C)c1nc2c(c(C(F)(F)F)n1)CCN(C(=O)C[C@H](N)CN1C(=O)CCC(F)(F)C1O)C2,39.0,6.4089353929735005,1.9711,112.64999999999999,493.4769999999997,6,2,6,True
2543,CHEMBL3644786,N[C@@H](CC(=O)N1CCc2c(nc(C3CCC3)nc2C(F)(F)F)C1)CN1C(=O)CCC(F)(F)C1O,17.0,6.769551078621726,1.9410999999999992,112.65000000000002,491.4609999999997,7,2,6,True
2544,CHEMBL3644791,COCCc1nc2c(c(C(F)(F)F)n1)CCN(C(=O)C[C@H](N)CN1C(=O)CCC(F)(F)[C@H]1O)C2,160.0,5.795880017344075,0.8625,121.88000000000001,495.4489999999997,10,2,7,True
2545,CHEMBL3644796,CC(C)(C)c1nc2c(c(C(F)(F)F)n1)CCN(C(=O)C[C@H](N)CN1C(=O)CCC(F)C1O)C2,197.0,5.705533773838407,1.6739,112.64999999999999,475.4869999999997,6,2,6,True
2546,CHEMBL3644784,CCCc1nc2c(c(C(F)(F)F)n1)CCN(C(=O)C[C@H](N)CN1C(=O)CCC(F)(F)C1O)C2,20.0,6.698970004336019,1.6260999999999999,112.64999999999999,479.4499999999997,9,2,6,True
2547,CHEMBL3644797,N[C@@H](CC(=O)N1CCc2c(nc(-c3ccco3)nc2C(F)(F)F)C1)CN1C(=O)CCC(F)C1O,81.0,6.091514981121351,1.6363999999999999,125.79,485.4379999999997,7,2,7,True
2548,CHEMBL3644800,N[C@@H](CC(=O)N1CCc2c(nc(-c3ccncc3)nc2C(F)(F)F)C1)CN1C(=O)CCC(F)C1O,206.0,5.686132779630847,1.4383999999999995,125.54,496.4649999999997,7,2,7,True
2549,CHEMBL3734964,N[C@H]1C[C@@H](N2Cc3[nH]nc(NC(=O)C4CC4)c3C2)CO[C@@H]1c1cc(F)ccc1F,1.6,7.795880017344075,2.2094999999999994,96.27,403.4329999999997,5,3,5,True
2550,CHEMBL3735129,N[C@H]1C[C@@H](N2Cc3[nH]nc(NC(=O)c4nccs4)c3C2)CO[C@@H]1c1cc(F)ccc1F,4.3,7.366531544420414,2.5698,109.16,446.48299999999983,5,3,7,True
2551,CHEMBL3735925,N[C@H]1C[C@@H](N2Cc3[nH]nc(NC(=O)c4ccncc4)c3C2)CO[C@@H]1c1cc(F)ccc1F,3.7,7.431798275933005,2.5083,109.16,440.4539999999998,5,3,6,True
2552,CHEMBL3734769,CS(=O)(=O)Nc1n[nH]c2c1CN([C@H]1CO[C@H](c3cc(F)ccc3F)[C@@H](N)C1)C2,3.2,7.494850021680094,1.2324999999999997,113.33999999999999,413.44999999999976,6,3,6,True
2553,CHEMBL3734828,CCS(=O)(=O)Nc1n[nH]c2c1CN([C@H]1CO[C@H](c3cc(F)ccc3F)[C@@H](N)C1)C2,1.1,7.958607314841775,1.6225999999999996,113.33999999999999,427.47699999999975,7,3,6,True
2554,CHEMBL3735461,N[C@H]1C[C@@H](N2Cc3[nH]nc(NS(=O)(=O)CC(F)(F)F)c3C2)CO[C@@H]1c1cc(F)ccc1F,1.3,7.886056647693163,2.164999999999999,113.33999999999999,481.44699999999983,6,3,6,True
2555,CHEMBL3734999,N[C@H]1C[C@@H](N2Cc3[nH]nc(NS(=O)(=O)C4CC4)c3C2)CO[C@@H]1c1cc(F)ccc1F,1.8,7.744727494896693,1.7651,113.33999999999999,439.4879999999998,6,3,6,True
2556,CHEMBL3735433,N[C@H]1C[C@@H](N2Cc3[nH]nc(NS(=O)(=O)Cc4ccncc4)c3C2)CO[C@@H]1c1cc(F)ccc1F,1.8,7.744727494896693,2.1978999999999997,126.22999999999999,490.53599999999983,7,3,7,True
2557,CHEMBL3736137,N[C@H]1C[C@@H](N2Cc3[nH]nc(NS(=O)(=O)c4c[nH]cn4)c3C2)CO[C@@H]1c1cc(F)ccc1F,0.3,8.522878745280337,1.3848999999999998,142.01999999999995,465.4859999999999,6,4,7,True
2558,CHEMBL3735917,CS(=O)(=O)c1n[nH]c2c1CN([C@H]1CO[C@H](c3cc(F)ccc3F)[C@@H](N)C1)C2,1.7,7.769551078621726,1.2644999999999997,101.31,398.4349999999998,5,2,6,True
2559,CHEMBL3735694,CC(C)S(=O)(=O)c1n[nH]c2c1CN([C@H]1CO[C@H](c3cc(F)ccc3F)[C@@H](N)C1)C2,1.7,7.769551078621726,2.0431,101.31,426.4889999999997,7,2,6,True
2560,CHEMBL3735843,N[C@H]1C[C@@H](N2Cc3[nH]nc(S(=O)(=O)c4ccccc4)c3C2)CO[C@@H]1c1cc(F)ccc1F,0.4,8.397940008672037,2.6938000000000004,101.30999999999999,460.5059999999998,5,2,6,True
2561,CHEMBL3736188,N[C@H]1C[C@@H](N2Cc3cn(S(=O)(=O)C(F)(F)F)nc3C2)CO[C@@H]1c1cc(F)ccc1F,2.3,7.638272163982407,2.0321,90.45,452.40499999999986,4,1,7,True
2562,CHEMBL3735281,CCS(=O)(=O)n1cc2c(n1)CN([C@H]1CO[C@H](c3cc(F)ccc3F)[C@@H](N)C1)C2,1.8,7.744727494896693,1.5322,90.45,412.4619999999997,6,1,7,True
2563,CHEMBL3734912,CCCS(=O)(=O)n1cc2c(n1)CN([C@H]1CO[C@H](c3cc(F)ccc3F)[C@@H](N)C1)C2,5.7,7.244125144327507,1.9223,90.45,426.4889999999997,7,1,7,True
2564,CHEMBL3735865,CC(C)S(=O)(=O)n1cc2c(n1)CN([C@H]1CO[C@H](c3cc(F)ccc3F)[C@@H](N)C1)C2,0.7,8.154901959985743,1.9206999999999996,90.45,426.4889999999997,7,1,7,True
2565,CHEMBL3736190,N[C@H]1C[C@@H](N2Cc3cnn(S(=O)(=O)C4CC4)c3C2)CO[C@@H]1c1cc(F)ccc1F,0.7,8.154901959985743,1.6746999999999996,90.45,424.47299999999973,5,1,7,True
2566,CHEMBL3735329,N[C@H]1C[C@@H](N2Cc3cn(S(=O)(=O)C4CC4)nc3C2)CO[C@@H]1c1cc(F)ccc1F,0.7,8.154901959985743,1.6746999999999996,90.45,424.47299999999973,5,1,7,True
2567,CHEMBL3645492,N[C@H]1C[C@@H](N2Cc3cnn(S(=O)(=O)C4CCCC4)c3C2)CO[C@@H]1c1cc(F)ccc1F,1.349073756323204,7.869964306007462,2.4549000000000003,90.45,452.5269999999997,5,1,7,True
2568,CHEMBL3736085,N[C@H]1C[C@@H](N2Cc3cn(S(=O)(=O)C4CCCC4)nc3C2)CO[C@@H]1c1cc(F)ccc1F,0.7,8.154901959985743,2.4549000000000003,90.45,452.5269999999997,5,1,7,True
2569,CHEMBL3735852,Cn1cnc(S(=O)(=O)n2ncc3c2CN([C@H]2CO[C@H](c4cc(F)ccc4F)[C@@H](N)C2)C3)c1,4.9,7.309803919971486,1.3048999999999995,108.27,464.4979999999998,6,1,9,True
2570,CHEMBL3736423,Cn1cnc(S(=O)(=O)n2cc3c(n2)CN([C@H]2CO[C@H](c4cc(F)ccc4F)[C@@H](N)C2)C3)c1,0.7,8.154901959985743,1.3048999999999995,108.27,464.4979999999998,6,1,9,True
2571,CHEMBL3736511,N[C@H]1C[C@@H](N2Cc3cn(S(=O)(=O)c4ccccc4)nc3C2)CO[C@@H]1c1cc(F)ccc1F,2.3,7.638272163982407,2.5714000000000006,90.45,460.5059999999998,5,1,7,True
2572,CHEMBL3736135,CCC(=O)Nc1n[nH]c2c1CN([C@H]1CO[C@H](c3cc(F)ccc3F)[C@@H](N)C1)C2,1.4,7.853871964321762,2.2095000000000002,96.27,391.4219999999997,6,3,5,True
2573,CHEMBL3798777,CC[C@@H](C)[C@H](N)C(=O)N1CCC(C)C1.O=C(O)C(F)(F)F,16200.0,3.790484985457369,1.8615,83.63000000000001,312.33199999999954,7,2,4,True
2574,CHEMBL3800380,CC[C@@H](C)[C@H](N)C(=O)N1Cc2conc2C1.O=C(O)C(F)(F)F,56000.0,3.2518119729937998,1.5234999999999996,109.66000000000001,337.2979999999996,6,2,6,True
2575,CHEMBL3799074,CC[C@@H](C)[C@H](N)C(=O)N1C[C@H]2C[C@H]2[C@H]1C#N.O=C(O)C(F)(F)F,4000.0,4.3979400086720375,1.3635800000000002,107.42,335.32599999999957,6,2,5,True
2576,CHEMBL3804940,Cc1ccn2nc3c(c2n1)CN([C@@H]1CO[C@H](c2cc(F)c(F)cc2F)[C@@H](N)C1)C3,8.6,7.0655015487564325,2.628120000000001,68.67999999999999,403.40799999999973,4,1,6,True
2577,CHEMBL3805696,Cc1ccnc2c3c(nn12)CN([C@@H]1CC[C@H](c2cc(F)c(F)cc2F)[C@@H](N)C1)C3,289.0,5.539102157243452,3.4342200000000016,59.45,401.4359999999997,4,1,5,True
2578,CHEMBL3805235,Cc1ccnc2c3c(nn12)CN([C@@H]1CO[C@H](c2cc(F)c(F)cc2F)[C@@H](N)C1)C3,44.0,6.356547323513812,2.628120000000001,68.67999999999999,403.40799999999973,4,1,6,True
2579,CHEMBL3804854,Cc1ccn2nc3c(c2n1)CN([C@@H]1CC[C@H](c2cc(F)c(F)cc2F)[C@@H](N)C1)C3,699.0,5.155522824254319,3.4342200000000016,59.45,401.43599999999964,4,1,5,True
2580,CHEMBL3806164,N[C@H]1C[C@H](N2Cc3nn4cccnc4c3C2)CC[C@@H]1c1cc(F)ccc1F,1170.0,4.931814138253839,2.9867000000000017,59.45,369.41899999999964,3,1,5,True
2581,CHEMBL3806052,N[C@H]1C[C@@H](N2Cc3nn4nccnc4c3C2)CO[C@@H]1c1cc(F)ccc1F,0.12,8.920818753952375,1.5756,81.57000000000001,372.37899999999973,3,1,7,True
2582,CHEMBL3805353,N[C@H]1C[C@@H](N2Cc3nn4cncnc4c3C2)CO[C@@H]1c1cc(F)ccc1F,3.5,7.455931955649724,1.5756,81.57000000000001,372.37899999999973,3,1,7,True
2583,CHEMBL3806310,Cc1cc(O)nc2c3c(nn12)CN([C@H]1CO[C@H](c2cc(F)c(F)cc2F)[C@@H](N)C1)C3,0.6,8.221848749616356,2.3337200000000005,88.91,419.4069999999997,5,2,7,True
2584,CHEMBL3805154,Cc1cc(O)n2nc3c(c2n1)CN([C@H]1CO[C@H](c2cc(F)c(F)cc2F)[C@@H](N)C1)C3,0.5,8.301029995663981,2.3337200000000005,88.91,419.40699999999975,5,2,7,True
2585,CHEMBL3804996,Cc1cc(C(F)(F)F)nc2c3c(nn12)CN([C@H]1CC[C@H](c2cc(F)c(F)cc2F)[C@@H](N)C1)C3,1.9,7.721246399047171,4.453020000000003,59.45,469.4329999999998,4,1,5,True
2586,CHEMBL3805937,N[C@H]1C[C@@H](N2Cc3nn4c(C(F)(F)F)ccnc4c3C2)CO[C@@H]1c1cc(F)c(F)cc1F,1.4,7.853871964321762,3.3385000000000025,68.68,457.3779999999999,3,1,6,True
2587,CHEMBL3805179,N[C@H]1C[C@@H](N2Cc3nn4c(C(F)(F)F)ccnc4c3C2)CC[C@@H]1c1cc(F)c(F)cc1F,1.1,7.958607314841775,4.144600000000003,59.45,455.40599999999984,3,1,5,True
2588,CHEMBL3804950,Cc1ccnc2c3c(nn12)CN([C@H]1CO[C@H](c2cc(F)ccc2F)[C@@H](N)C1)C3,2.9,7.537602002101044,2.48902,68.67999999999999,385.4179999999997,4,1,6,True
2589,CHEMBL3806021,Cc1ccnc2c3c(nn12)CN([C@H]1CO[C@H](c2cc(F)c(F)cc2F)[C@@H](N)C1)C3,0.6,8.221848749616356,2.628120000000001,68.67999999999999,403.40799999999973,4,1,6,True
2590,CHEMBL3804994,Cc1ccnc2c3c(nn12)CN([C@H]1CC[C@H](c2cc(F)c(F)cc2F)[C@@H](N)C1)C3,54.0,6.267606240177032,3.4342200000000016,59.45,401.4359999999997,4,1,5,True
2591,CHEMBL3805502,N[C@H]1C[C@@H](N2Cc3nn4ccc(C(F)(F)F)nc4c3C2)CO[C@@H]1c1cc(F)c(F)cc1F,1.5,7.823908740944319,3.3385000000000016,68.68,457.3779999999999,3,1,6,True
2592,CHEMBL3805871,N[C@H]1C[C@@H](N2Cc3nn4ccc(C(F)(F)F)nc4c3C2)CC[C@@H]1c1cc(F)c(F)cc1F,1.1,7.958607314841775,4.144600000000003,59.45,455.40599999999984,3,1,5,True
2593,CHEMBL3805400,Cc1ccn2nc3c(c2n1)CN([C@H]1CO[C@H](c2cc(F)ccc2F)[C@@H](N)C1)C3,1.5,7.823908740944319,2.489020000000001,68.67999999999999,385.4179999999997,4,1,6,True
2594,CHEMBL3805751,Cc1ccn2nc3c(c2n1)CN([C@H]1CO[C@H](c2cc(F)c(F)cc2F)[C@@H](N)C1)C3,0.5,8.301029995663981,2.628120000000001,68.67999999999999,403.40799999999973,4,1,6,True
2595,CHEMBL3806239,Cc1ccn2nc3c(c2n1)CN([C@H]1CC[C@H](c2cc(F)c(F)cc2F)[C@@H](N)C1)C3,155.0,5.809668301829708,3.4342200000000016,59.45,401.43599999999964,4,1,5,True
2596,CHEMBL3806216,N[C@H]1C[C@@H](N2Cc3nn4cccnc4c3C2)CO[C@@H]1c1cc(F)ccc1F,0.7,8.154901959985743,2.1806,68.68,371.3909999999997,3,1,6,True
2597,CHEMBL3806003,N[C@H]1C[C@@H](N2Cc3nn4cccnc4c3C2)CC[C@@H]1c1cc(F)c(F)cc1F,3.7,7.431798275933005,3.1258000000000017,59.45,387.40899999999965,3,1,5,True
2598,CHEMBL3806026,N[C@H]1C[C@@H](N2Cc3nn4cccnc4c3C2)CC[C@@H]1c1cc(F)ccc1F,7.3,7.136677139879544,2.9867000000000017,59.45,369.41899999999964,3,1,5,True
2599,CHEMBL3805346,N[C@H]1C[C@@H](N2Cc3cnc4nc(C5CC5)nn4c3C2)CC[C@@H]1c1cc(F)c(F)cc1F,1.7,7.769551078621726,3.398200000000001,72.34,428.4619999999997,4,1,6,True
2600,CHEMBL3806041,N[C@H]1C[C@@H](N2Cc3cnc4nnc(C5CC5)n4c3C2)CC[C@@H]1c1cc(F)c(F)cc1F,0.24,8.619788758288394,3.398200000000001,72.34,428.4619999999997,4,1,6,True
2601,CHEMBL3805629,Cc1nc2ncc3c(n2n1)CN([C@H]1CC[C@H](c2cc(F)c(F)cc2F)[C@@H](N)C1)C3,0.23,8.638272163982407,2.8292200000000003,72.34,402.4239999999997,4,1,6,True
2602,CHEMBL3806023,Cc1nnc2ncc3c(n12)CN([C@H]1CC[C@H](c2cc(F)c(F)cc2F)[C@@H](N)C1)C3,0.56,8.2518119729938,2.8292200000000003,72.34,402.4239999999997,4,1,6,True
2603,CHEMBL3806029,Cc1cc2ncc3c(n2n1)CN([C@H]1CO[C@H](c2cc(F)c(F)cc2F)[C@@H](N)C1)C3,0.7,8.154901959985743,2.628120000000001,68.67999999999999,403.40799999999973,4,1,6,True
2604,CHEMBL3805966,Cc1cc2ncc3c(n2n1)CN([C@H]1CC[C@H](c2cc(F)c(F)cc2F)[C@@H](N)C1)C3,0.14,8.853871964321762,3.4342200000000016,59.45,401.4359999999997,4,1,5,True
2605,CHEMBL3806179,Cc1cc2ncc3c(n2n1)CN([C@@H]1CC[C@H](c2cc(F)ccc2F)[C@@H](N)C1)C3,16.0,6.795880017344075,3.2951200000000016,59.45,383.4459999999997,4,1,5,True
2606,CHEMBL3805294,Cc1cc2ncc3c(n2n1)CN([C@H]1CO[C@H](c2cc(F)ccc2F)[C@@H](N)C1)C3,0.7,8.154901959985743,2.48902,68.67999999999999,385.4179999999997,4,1,6,True
2607,CHEMBL3806157,Cc1cc2ncc3c(n2n1)CN([C@H]1CC[C@H](c2cc(F)ccc2F)[C@@H](N)C1)C3,0.6,8.221848749616356,3.2951200000000016,59.45,383.4459999999997,4,1,5,True
2608,CHEMBL3804982,Cc1cc2nc3c(cn2n1)CN([C@@H]1CC[C@H](c2cc(F)ccc2F)[C@@H](N)C1)C3,26.0,6.585026652029182,3.2951200000000016,59.45,383.4459999999997,4,1,5,True
2609,CHEMBL3805226,Cc1cc2nc3c(cn2n1)CN([C@H]1CC[C@H](c2cc(F)ccc2F)[C@@H](N)C1)C3,1.1,7.958607314841775,3.2951200000000016,59.45,383.4459999999997,4,1,5,True
2610,CHEMBL3687982,CCN1C(=O)Cn2c1nc1nc(N3CCC[C@@H](N)C3)n(Cc3cc(F)ccc3F)c1c2=O,624.9999999999998,5.204119982655925,1.2135000000000005,102.28,443.45799999999974,6,1,8,True
2611,CHEMBL3687983,CCN1C(=O)Cn2c1nc1nc(N3CCC[C@@H](N)C3)n(Cc3cc(F)ccc3C(F)(F)F)c1c2=O,11.199999999999998,6.950781977329818,2.0932,102.28,493.46499999999975,6,1,8,True
2612,CHEMBL3813856,CCN1C(=O)Cn2c1nc1nc(N3CCC[C@@H](N)C3)n(Cc3cc(F)ccc3C#N)c1c2=O,13.5,6.8696662315049934,0.9460799999999997,126.07,450.4779999999998,6,1,9,True
2613,CHEMBL3687979,CN1C(=O)Cn2c1nc1nc(N3CCC[C@@H](N)C3)n(Cc3cc(F)ccc3F)c1c2=O,156.0,5.806875401645538,0.8234,102.28,429.4309999999998,5,1,8,True
2614,CHEMBL3687977,CN1C(=O)Cn2c1nc1nc(N3CCC[C@@H](N)C3)n(Cc3cc(F)ccc3C(F)(F)F)c1c2=O,27.4,6.562249437179612,1.7031,102.28,479.4379999999998,5,1,8,True
2615,CHEMBL3687984,CN1C(=O)Cn2c1nc1nc(N3CCC[C@@H](N)C3)n(Cc3cc(F)ccc3C#N)c1c2=O,1.7,7.769551078621726,0.5559799999999995,126.07,436.45099999999985,5,1,9,True
2616,CHEMBL3687978,CN1C(=O)Cn2c1nc1nc(N3CCC[C@@H](N)C3)n(Cc3ccccc3C#N)c1c2=O,10.6,6.97469413473523,0.4168800000000006,126.07,418.46099999999984,5,1,9,True
2617,CHEMBL3687980,CC#CCn1c(N2CCC[C@@H](N)C2)nc2nc3n(c(=O)c21)CC(=O)N3C,122.99999999999994,5.910094888560602,-0.47979999999999845,102.27999999999999,355.40199999999976,4,1,8,True
2618,CHEMBL584162,COc1cc([C@H]2Oc3ccc4ccc(=O)oc4c3O[C@@H]2CO)cc(OC)c1O,14130.0,3.849857838151441,2.3892,107.59000000000002,386.3559999999998,8,2,8,True
2619,CHEMBL3952716,N[C@@H]1Cc2c(ccc3ccc(=O)oc23)O[C@H]1c1cc(F)c(F)cc1F,206.71,5.684638513020665,3.2138000000000018,65.46000000000001,347.29199999999975,2,1,4,True
2620,CHEMBL3926320,N[C@@H]1Cc2c(ccc3ccccc23)O[C@H]1c1cc(F)c(F)cc1F,110.09999999999997,5.9582126810282485,4.260600000000002,35.25,329.3209999999997,2,1,2,True
2621,CHEMBL3928073,COc1ccc2ccc3c(c2c1)C[C@H](N)[C@@H](c1cc(F)c(F)cc1F)O3,14.95,6.825358807339551,4.269200000000003,44.480000000000004,359.3469999999997,4,1,3,True
2622,CHEMBL3942715,N#Cc1ccc2ccc3c(c2c1)C[C@@H](N)[C@H](c1cc(F)c(F)cc1F)O3,205.2,5.687822643560222,4.132280000000002,59.040000000000006,354.33099999999973,2,1,3,True
2623,CHEMBL3929146,COc1ccc2c3c(ccc2c1)O[C@@H](c1cc(F)c(F)cc1F)[C@H](N)C3,813.4400000000002,5.089674475462105,4.269200000000002,44.480000000000004,359.34699999999975,4,1,3,True
2624,CHEMBL3920234,N#Cc1ccc2c3c(ccc2c1)O[C@@H](c1cc(F)c(F)cc1F)[C@H](N)C3,8.42,7.074687908500351,4.1322800000000015,59.03999999999999,354.3309999999998,2,1,3,True
2625,CHEMBL3950517,N[C@H]1Cc2c(ccc3cc(C(=O)O)ccc23)O[C@@H]1c1cc(F)c(F)cc1F,17.65,6.753255290276159,3.958800000000002,72.55000000000001,373.3299999999997,3,2,4,True
2626,CHEMBL3890161,N[C@H]1Cc2c(ccc3cc(N4CCOCC4)ccc23)O[C@@H]1c1cc(F)c(F)cc1F,70.42,6.1523039792658345,4.0972000000000035,47.72,414.4269999999997,3,1,4,True
2627,CHEMBL3959221,CS(=O)(=O)Nc1ccc2c3c(ccc2c1)O[C@H](c1cc(F)c(F)cc1F)[C@@H](N)C3,8.91,7.050122295963125,3.632100000000001,81.42,422.42799999999977,5,2,4,True
2628,CHEMBL3932825,CS(=O)(=O)c1ccc2c3c(ccc2c1)O[C@H](c1cc(F)c(F)cc1F)[C@@H](N)C3,5.8,7.236572006437063,3.664100000000002,69.39,407.4129999999998,4,1,4,True
2629,CHEMBL3952691,COc1ccc2ccc3c(c2c1)C[C@H](N)[C@@H](c1ccc(F)cc1F)O3,78.33,6.1060718734573936,4.130100000000003,44.480000000000004,341.3569999999997,4,1,3,True
2630,CHEMBL3981442,COc1ccc2ccc3c(c2c1)C[C@H](N)[C@@H](c1ccccc1F)O3,563.9,5.248797905411647,3.9910000000000023,44.480000000000004,323.3669999999997,4,1,3,True
2631,CHEMBL3934008,COc1ccc2ccc3c(c2c1)C[C@H](N)[C@@H](c1cc(F)ccc1F)O3,32.64,6.486249849918177,4.130100000000002,44.480000000000004,341.3569999999997,4,1,3,True
2632,CHEMBL3892398,COc1ccc2ccc3c(c2c1)C[C@H](N)[C@@H](c1cccc(F)c1)O3,121.56,5.915209308592095,3.9910000000000023,44.480000000000004,323.3669999999997,4,1,3,True
2633,CHEMBL3972474,COc1ccc2ccc3c(c2c1)C[C@H](N)[C@@H](c1ccccc1Cl)O3,337.8,5.47134035476501,4.505300000000003,44.480000000000004,339.82199999999966,4,1,3,True
2634,CHEMBL3955701,COc1ccc2ccc3c(c2c1)C[C@@H](N)[C@H](c1cc(F)c(F)cc1F)O3,2930.0,4.533132379645891,4.269200000000003,44.480000000000004,359.3469999999997,4,1,3,True
2635,CHEMBL3901191,COc1ccc2c3c(ccc2c1)O[C@H](c1cc(F)c(F)cc1F)[C@@H](N)C3,19.64,6.706858516549069,4.269200000000002,44.480000000000004,359.34699999999975,4,1,3,True
2636,CHEMBL3941804,COc1cc2ccc3c(c2cc1OC)C[C@H](N)[C@@H](c1cc(F)c(F)cc1F)O3,2.06,7.686132779630847,4.277800000000003,53.71000000000001,389.3729999999997,6,1,4,True
2637,CHEMBL3942843,COc1cc2c3c(ccc2cc1NS(C)(=O)=O)O[C@H](c1cc(F)c(F)cc1F)[C@@H](N)C3,6.13,7.212539525481585,3.6407000000000007,90.64999999999999,452.4539999999998,7,2,5,True
2638,CHEMBL3944427,COc1cc2c3c(ccc2cc1S(C)(=O)=O)O[C@H](c1cc(F)c(F)cc1F)[C@@H](N)C3,1.9,7.721246399047171,3.6727000000000016,78.62,437.4389999999998,6,1,5,True
2639,CHEMBL3968332,Cc1cc(=O)oc2c3c(ccc12)O[C@@H](c1cc(F)c(F)cc1F)[C@@H](N)C3,50860.0,3.2936236441603097,3.5222200000000017,65.46,361.3189999999998,3,1,4,True
2640,CHEMBL3929764,Cc1cc(=O)oc2c3c(ccc12)O[C@H](c1cc(F)c(F)cc1F)[C@H](N)C3,21520.0,3.6671577330056486,3.5222200000000017,65.46,361.3189999999998,3,1,4,True
2641,CHEMBL3959577,Cc1cc(=O)oc2c3c(ccc12)O[C@H](c1cc(F)c(F)cc1F)[C@@H](N)C3,159.92185591719482,5.796092178807901,3.5222200000000017,65.46,361.3189999999998,3,1,4,True
2642,CHEMBL3971196,Cc1cc(=O)oc2c3c(ccc12)O[C@@H](c1cc(F)c(F)cc1F)[C@H](N)C3,13070.0,3.883724412419456,3.5222200000000017,65.46,361.3189999999998,3,1,4,True
2643,CHEMBL3911786,CC#CCn1c(N2CCC[C@@H](N)C2)nc2c1c(=O)n(CC1CCN(C(=O)OC(C)C)CC1)c(=O)n2C,5000.0,4.301029995663981,1.1045000000000018,120.62000000000003,499.61599999999964,9,1,10,True
2644,CHEMBL3704833,N#CC1CCCN1C(=O)CNCC(O)COc1ccccc1,1.0,8.0,0.5304799999999997,85.59,303.3619999999996,8,2,5,True
2645,CHEMBL3645490,CS(=O)(=O)n1cc2c(n1)CN([C@H]1COC(c3cc(F)ccc3F)[C@@H](N)C1)C2,2.5,7.602059991327962,1.1421,90.45,398.4349999999997,5,1,7,True
2646,CHEMBL3645491,CS(=O)(=O)n1cc2c(n1)CN([C@H]1COC(c3cc(F)c(F)cc3F)[C@@H](N)C1)C2,2.2,7.657577319177793,1.2812,90.45,416.4249999999997,5,1,7,True
2647,CHEMBL3645496,N[C@H]1C[C@@H](N2Cc3cn(S(=O)(=O)C4CC4)nc3C2)COC1c1cc(F)c(F)cc1F,1.9,7.721246399047171,1.8137999999999999,90.45,442.46299999999974,5,1,7,True
2648,CHEMBL3645493,N[C@H]1C[C@@H](N2Cc3cn(S(=O)(=O)C4CCCC4)nc3C2)COC1c1cc(F)ccc1F,1.6,7.795880017344075,2.4549000000000003,90.45,452.5269999999997,5,1,7,True
2649,CHEMBL3645497,N[C@H]1C[C@@H](N2Cc3cn(S(=O)(=O)C4CC4)nc3C2)COC1c1cc(F)ccc1F,1.0,8.0,1.6746999999999996,90.45,424.47299999999973,5,1,7,True
2650,CHEMBL3645494,N[C@H]1C[C@@H](N2Cc3cn(S(=O)(=O)C4CCCC4)nc3C2)COC1c1cc(F)c(F)cc1F,1.3,7.886056647693163,2.5940000000000003,90.45,470.5169999999997,5,1,7,True
2651,CHEMBL3645495,N[C@H]1C[C@@H](N2Cc3cnn(S(=O)(=O)C4CC4)c3C2)COC1c1cc(F)ccc1F,1.6,7.795880017344075,1.6746999999999996,90.45,424.47299999999973,5,1,7,True
2652,CHEMBL3675618,CC#CCn1c(N2CCC[C@@H](N)C2)nc2c1C(=O)N(Cc1nc(C)c3ccccc3n1)C1=NCCN12,0.42,8.3767507096021,1.9175199999999994,108.77,483.57999999999976,6,1,9,True
2653,CHEMBL3675619,[C-]#[N+]c1ccc(CN2C(=O)c3c(nc(N4CCC[C@@H](N)C4)n3CC#CC)N3CCN=C23)cc1,10.0,7.0,2.21669,87.35,442.5269999999997,5,1,7,True
2654,CHEMBL3675622,CC#CCn1c(N2CCC[C@@H](N)C2)nc2c1C(=O)N(Cc1nc(C)c3ccccc3n1)C1=NCCCN12,1.28,7.892790030352131,2.307619999999999,108.77,497.60699999999974,6,1,9,True
2655,CHEMBL3675623,Cc1nc(CN2C(=O)c3c(nc(N4CCC[C@@H](N)C4)n3C)N3CCN=C23)nc2ccccc12,539.0000000000002,5.268411234813261,1.4312200000000013,108.77,445.5309999999997,6,1,9,True
2656,CHEMBL3675624,CC(C)=CCn1c(N2CCC[C@@H](N)C2)nc2c1C(=O)N(Cc1nc(C)c3ccccc3n1)C1=NCCN12,1.61,7.79317412396815,2.8604200000000013,108.77,499.6229999999997,9,1,9,True
2657,CHEMBL3675627,Cc1nc(CN2C(=O)c3c(nc(N4CCC[C@@H](N)C4)n3CC3CC3)N3CCN=C23)nc2ccccc12,8.15,7.088842391260023,2.304220000000001,108.77,485.5959999999997,7,1,9,True
2658,CHEMBL3675628,CC#CCn1c(N2CCC[C@@H](N)C2)nc2c1C(=O)N(Cc1ccc(OC)cc1)C1=NCCCN12,38.6,6.413412695328245,2.064599999999999,92.22,461.5699999999997,7,1,8,True
2659,CHEMBL3675629,CC#CCn1c(N2CCC[C@@H](N)C2)nc2c1C(=O)NC1=NCCCN12,6112.999999999998,4.21374560421022,0.1434000000000013,91.78,341.41899999999964,3,2,7,True
2660,CHEMBL3675630,CC#CCn1c(N2CCC[C@@H](N)C2)nc2c1C(=O)N(Cc1cccc3ccccc13)C1=NCCCN12,44.29999999999999,6.3535962737769305,3.209200000000001,82.99,481.60399999999976,5,1,7,True
2661,CHEMBL3675631,CC#CCn1c(N2CCC[C@@H](N)C2)nc2c1C(=O)N(Cc1nccc(C#N)n1)C1=NCCN12,11.0,6.958607314841775,0.3275800000000011,132.56,444.50299999999976,5,1,10,True
2662,CHEMBL3675632,CC#CCn1c(N2CCC[C@@H](N)C2)nc2c1C(=O)N(Cc1ccccc1C#N)C1=NCCN12,9.31,7.031050319018657,1.5375799999999993,106.78,442.52699999999976,5,1,8,True
2663,CHEMBL3675635,Cc1nc(CN2C(=O)c3c(nc(N4CCC[C@@H](N)C4)n3CC3CCC3)N3CCN=C23)nc2ccccc12,29.199999999999992,6.534617148551582,2.694320000000001,108.77,499.6229999999997,7,1,9,True
2664,CHEMBL3675637,CC#CCn1c(N2CCC[C@@H](N)C2)nc2c1C(=O)N(Cc1nc(C)c3ccccc3n1)C1=N[C@@H](C)CN12,1.0,8.0,2.3060199999999993,108.77,497.60699999999974,7,1,9,True
2665,CHEMBL3694421,CS(=O)(=O)n1cc2c(n1)CN([C@H]1CNC(c3cc(F)ccc3F)[C@@H](N)C1)C2,6.8,7.167491087293763,0.7150999999999995,93.25,397.45099999999974,5,2,7,True
2666,CHEMBL3694422,N[C@H]1C[C@@H](N2Cc3cn(S(=O)(=O)C4CC4)nc3C2)CNC1c1cc(F)c(F)cc1F,0.7,8.154901959985743,1.3867999999999998,93.25,441.4789999999997,5,2,7,True
2667,CHEMBL3694423,CS(=O)(=O)n1cc2c(n1)CN([C@@H]1C[C@H](N)C(c3cc(F)ccc3F)N(CC(N)=O)C1)C2,4.3,7.366531544420414,-0.08719999999999883,127.54999999999998,454.5029999999997,7,2,8,True
2668,CHEMBL3694424,N[C@H]1C[C@@H](N2Cc3cn[nH]c3C2)CN(CC(=O)N2CC[C@@H](F)C2)C1c1cc(F)ccc1F,1.0,8.0,1.7167999999999997,81.49,448.49299999999965,5,2,5,True
2669,CHEMBL3697938,CN1C[C@H](N2Cc3cn(S(C)(=O)=O)nc3C2)C[C@H](N)C1c1cc(F)c(F)cc1F,0.9,8.045757490560675,1.1964000000000001,84.46,429.4679999999997,6,1,7,True
2670,CHEMBL3697939,CS(=O)(=O)n1cc2c(n1)CN([C@@H]1C[C@H](N)C(c3cc(F)ccc3F)N(C(=O)C(F)(F)F)C1)C2,14.5,6.838631997765025,1.5163999999999995,101.53,493.45799999999974,5,1,7,True
2671,CHEMBL3697940,CS(=O)(=O)n1cc2c(n1)CN([C@@H]1C[C@H](N)C(c3cc(F)ccc3F)N(CCO)C1)C2,1.7,7.769551078621726,0.41979999999999934,104.69,441.5039999999997,8,2,8,True
2672,CHEMBL3697941,CS(=O)(=O)n1cc2c(n1)CN([C@@H]1C[C@H](N)C(c3cc(F)ccc3F)N(CC3CC3)C1)C2,1.6,7.795880017344075,1.8374999999999995,84.46,451.54299999999967,7,1,7,True
2673,CHEMBL3697942,C[C@H](F)CN1C[C@H](N2Cc3cn(S(C)(=O)=O)nc3C2)C[C@H](N)C1c1cc(F)ccc1F,0.4,8.397940008672037,1.7855000000000008,84.46,457.52199999999976,8,1,7,True
2674,CHEMBL3697943,N[C@H]1C[C@@H](N2Cc3cn[nH]c3C2)CN(CCN2CCC(F)(F)C2)C1c1cc(F)ccc1F,25.4,6.595166283380062,2.4874,64.42,452.4999999999996,6,2,5,True
2675,CHEMBL3697944,Cn1cc(CCN2C[C@H](N3Cc4cn[nH]c4C3)C[C@H](N)C2c2cc(F)ccc2F)cn1,7.1,7.1487416512809245,2.1225999999999985,79.0,427.50299999999964,7,2,6,True
2676,CHEMBL3697945,N[C@H]1C[C@@H](N2Cc3cn[nH]c3C2)CN(Cc2cnccn2)C1c1cc(F)ccc1F,12.9,6.889410289700751,2.1365999999999996,86.96,411.4599999999997,5,2,6,True
2677,CHEMBL3697946,CS(=O)(=O)n1cc2c(n1)CN([C@@H]1C[C@H](N)C(c3cc(F)ccc3F)N(Cc3cncnc3)C1)C2,3.0,7.522878745280337,1.4176999999999988,110.24,489.55199999999974,7,1,9,True
2678,CHEMBL3697947,N[C@H]1C[C@@H](N2Cc3cn[nH]c3C2)CN(Cc2cn[nH]c2)C1c1cc(F)ccc1F,2.9,7.537602002101044,2.069699999999999,89.85999999999999,399.44899999999967,5,3,5,True
2679,CHEMBL3697948,CS(=O)(=O)N1C[C@@H](N2Cc3cn(S(C)(=O)=O)nc3C2)C[C@H](N)C1c1cc(F)ccc1F,53.3,6.273272790973428,0.3871000000000012,118.6,475.5429999999998,7,1,8,True
2680,CHEMBL3697949,CS(=O)(=O)n1cc2c(n1)CN([C@H]1C[C@H](N)C(c3cc(F)ccc3F)N(Cc3cn[nH]c3)C1)C2,3.9,7.4089353929735005,1.3507999999999987,113.13999999999999,477.5409999999997,7,2,8,True
2681,CHEMBL3644451,N[C@H]1C[C@@H](N2Cc3c[nH]nc3C2)CSC1c1cc(F)ccc1F,2.3,7.638272163982407,2.5776000000000012,57.94,336.4109999999997,3,2,4,True
2682,CHEMBL3644452,N[C@H]1C[C@@H](N2Cc3c[nH]nc3C2)CSC1c1cc(F)cc(F)c1F,3.4,7.468521082957745,2.7167000000000012,57.94,354.4009999999997,3,2,4,True
2683,CHEMBL3644453,N[C@H]1C[C@@H](N2Cc3c[nH]nc3C2)C[S+]([O-])C1c1cc(F)cc(F)c1F,48.99999999999999,6.309803919971486,1.7322,81.0,370.3999999999997,3,2,4,True
2684,CHEMBL3644454,N[C@H]1C[C@@H](N2Cc3c[nH]nc3C2)CS(=O)(=O)C1c1cc(F)cc(F)c1F,119.0,5.924453038607469,1.3983,92.07999999999998,386.3989999999997,3,2,5,True
2685,CHEMBL3644455,CC(C)(O)Cn1cc2c(n1)CN([C@H]1CSC(c3cc(F)cc(F)c3F)[C@@H](N)C1)C2,2.6,7.585026652029182,2.961000000000001,67.31,426.50799999999964,8,2,6,True
2686,CHEMBL3644456,CS(=O)(=O)n1cc2c(n1)CN([C@H]1CSC(c3cc(F)cc(F)c3F)[C@@H](N)C1)C2,0.5,8.301029995663981,1.9977999999999998,81.22,432.49299999999977,5,1,7,True
2687,CHEMBL3644457,CC(C)(F)Cn1cc2c(n1)CN([C@H]1CSC(c3cc(F)cc(F)c3F)[C@@H](N)C1)C2,1.6,7.795880017344075,3.938200000000003,47.08,428.4989999999997,7,1,5,True
2688,CHEMBL3644458,CS(=O)(=O)n1cc2c(n1)CN([C@H]1CSC(c3cc(F)ccc3F)[C@@H](N)C1)C2,0.6,8.221848749616356,1.8586999999999998,81.22,414.50299999999976,5,1,7,True
2689,CHEMBL3644459,NC(=O)c1[nH]nc2c1CN([C@H]1CSC(c3cc(F)ccc3F)[C@@H](N)C1)C2,0.17,8.769551078621726,1.6764999999999999,101.03,379.43599999999975,4,3,5,True
2690,CHEMBL3644460,N#Cc1[nH]nc2c1CN([C@H]1CSC(c3cc(F)ccc3F)[C@@H](N)C1)C2,0.46,8.337242168318426,2.449280000000001,81.73,361.42099999999976,3,2,5,True
2691,CHEMBL3644461,N[C@H]1C[C@@H](N2Cc3nc(C(F)(F)F)[nH]c3C2)CSC1c1cc(F)ccc1F,1.1,7.958607314841775,3.5964000000000027,57.94,404.4079999999998,3,2,4,True
2692,CHEMBL3639433,N[C@H]1C[C@@H](N2Cc3cnc(C(F)(F)F)nc3C2)CSC1c1cc(F)ccc1F,0.7,8.154901959985743,3.663300000000002,55.04,416.41899999999976,3,1,5,True
2693,CHEMBL3644462,N[C@H]1C[C@@H](N2Cc3nc(-c4ccccc4)[nH]c3C2)CSC1c1cc(F)ccc1F,0.7,8.154901959985743,4.244600000000004,57.94,412.5089999999997,4,2,4,True
2694,CHEMBL3644463,NC(=O)Cn1cc2c(n1)CN([C@H]1CSC(c3cc(F)cc(F)c3F)[C@@H](N)C1)C2,1.7,7.769551078621726,1.6754000000000002,90.17,411.45299999999975,5,2,6,True
2695,CHEMBL3644464,Cc1nc2c([nH]1)CN([C@H]1CSC(c3cc(F)ccc3F)[C@@H](N)C1)C2,1.5,7.823908740944319,2.8860200000000003,57.94,350.43799999999965,4,2,4,True
2696,CHEMBL3644465,Cc1nc2c(o1)CN([C@H]1CSC(c3cc(F)ccc3F)[C@@H](N)C1)C2,8.1,7.091514981121351,3.150920000000001,55.290000000000006,351.4219999999997,4,1,5,True
2697,CHEMBL3650433,Cn1c2nccc-2c(N2CCC[C@@H](N)C2)n(Cc2cc(F)ccc2C#N)c1=O,5.7,7.244125144327507,1.6731799999999997,92.87,380.42699999999974,5,1,7,True
2698,CHEMBL3650440,Cn1c2nccc-2c(N2CCC[C@@H](N)C2)n(Cc2ccccc2C#N)c1=O,34.0,6.468521082957745,1.5340799999999994,92.87,362.43699999999967,5,1,7,True
2699,CHEMBL3650435,Cn1c2nccc-2c(N2CCC[C@@H](N)C2)n(Cc2cc(F)ccc2F)c1=O,1343.0,4.871923987331285,1.9405999999999997,69.08,373.4069999999997,5,1,6,True
2700,CHEMBL3650436,Cn1c2nccc-2c(N2CCC[C@@H](N)C2)n(Cc2cccc(F)c2)c1=O,1590.0,4.798602875679548,1.8014999999999994,69.08,355.41699999999963,5,1,6,True
2701,CHEMBL3650439,Cn1c2nc(Cl)cc-2c(N2CCC[C@@H](N)C2)n(Cc2cc(F)ccc2C#N)c1=O,5.6,7.251811972993799,2.32658,92.87,414.8719999999998,5,1,7,True
2702,CHEMBL3650434,Cn1c2ncnc-2c(N2CCC[C@@H](N)C2)n(Cc2ccccc2C#N)c1=O,106.0,5.97469413473523,0.9290799999999996,105.75999999999999,363.4249999999997,5,1,8,True
2703,CHEMBL3650437,Cn1c2nc(C#N)cc-2c(N2CCC[C@@H](N)C2)n(Cc2cc(F)ccc2C#N)c1=O,14.0,6.853871964321762,1.5448599999999995,116.66,405.4369999999998,5,1,8,True
2704,CHEMBL3686733,C[C@H](N)C(=S)N1CCC[C@H]1B(O)O,19999.99999999998,3.698970004336019,-0.8626000000000003,69.72,202.08800000000014,6,3,4,True
2705,CHEMBL3686734,CC(C)[C@H](N)C(=S)N[C@@H](C)B(O)O,220.00000000000009,5.657577319177793,-0.7128,78.51,204.10400000000016,10,4,4,True
2706,CHEMBL3639856,C[C@H](NC(=O)[C@H](C)N)B(O)O,439.99999999999983,5.356547323513813,-2.1496999999999984,95.58000000000001,159.9820000000001,8,4,4,True
2707,CHEMBL3686735,C[C@H](NC(=S)[C@H](C)N)B(O)O,7700.000000000005,4.113509274827518,-1.3488999999999998,78.51,176.05000000000013,8,4,4,True
2708,CHEMBL3686736,CC(C)[C@H](N)C(=S)N1CCC[C@H]1B(O)O,5899.999999999999,4.229147988357856,-0.2264999999999998,69.72,230.14200000000017,8,3,4,True
2709,CHEMBL3686737,N[C@H](C(=O)N1CCC[C@H]1B(O)O)C1CCCCC1,239.1637562860698,5.621304634205301,-0.10300000000000042,86.79,254.13900000000018,6,3,4,True
2710,CHEMBL3686738,NCC(=S)N1CCC[C@H]1B(O)O,1900.0000000000005,4.721246399047171,-1.2511000000000003,69.72,188.06100000000012,5,3,4,True
2711,CHEMBL3686739,O=C(CNC12CC3CC(CC(O)(C3)C1)C2)N1CCC[C@H]1B(O)O,72.0,6.142667503568732,-0.3373000000000005,93.03,322.2139999999995,7,4,5,True
2712,CHEMBL3686740,OB(O)[C@@H]1CCCN1C(=S)CNC12CC3CC(CC(O)(C3)C1)C2,39999.99999999997,3.397940008672038,0.4634999999999992,75.96000000000001,338.2819999999996,7,4,5,True
2713,CHEMBL3686741,O=C(CNCc1ccccc1)N1CCC[C@H]1B(O)O,68999.99999999994,3.161150909262745,-0.2208,72.80000000000001,262.118,7,3,4,True
2714,CHEMBL3686742,OB(O)[C@@H]1CCCN1C(=S)CNCc1ccccc1,170.00000000000006,5.769551078621726,0.5799999999999994,55.730000000000004,278.18599999999964,7,3,4,True
2715,CHEMBL3686752,N[C@@H](CC(=O)O)C(=O)N1CCC[C@H]1B(O)O,200.0,5.698970004336019,-2.2085999999999983,124.09000000000002,230.0290000000001,7,4,6,True
2716,CHEMBL3686743,N[C@@H](CC(=O)O)C(=S)N1CCC[C@H]1B(O)O,28000.000000000004,3.552841968657781,-1.4077999999999997,107.02000000000001,246.09700000000012,7,4,6,True
2717,CHEMBL494497,N[C@@H](CCC(=O)O)C(=O)N1CCC[C@H]1B(O)O,2999.9999999999977,4.522878745280338,-1.818499999999998,124.09000000000002,244.05600000000013,8,4,6,True
2718,CHEMBL3686744,N[C@@H](CCC(=O)O)C(=S)N1CCC[C@H]1B(O)O,890.0,5.050609993355088,-1.0177,107.02000000000001,260.124,8,4,6,True
2719,CHEMBL3686745,CCC[C@H](N)C(=O)N1CCC[C@H]1B(O)O,7400.0,4.130768280269024,-0.8831999999999991,86.79,214.07400000000018,8,3,4,True
2720,CHEMBL3686746,CCC[C@H](N)C(=S)N1CCC[C@H]1B(O)O,18999.999999999996,3.721246399047171,-0.08239999999999986,69.72,230.14200000000017,8,3,4,True
2721,CHEMBL3686747,N[C@@H](Cc1c[nH]c2ccccc12)C(=O)N1CCC[C@H]1B(O)O,2999.9999999999977,4.522878745280338,0.04070000000000007,102.58000000000001,301.15499999999963,7,4,4,True
2722,CHEMBL3686748,N[C@@H](Cc1c[nH]c2ccccc12)C(=S)N1CCC[C@H]1B(O)O,699.9999999999998,5.154901959985743,0.8415000000000001,85.51,317.2229999999996,7,4,4,True
2723,CHEMBL3686751,OB(O)[C@@H]1CCCN1C(=S)[C@@H]1CCCN1,6999.999999999999,4.154901959985743,-0.4577999999999995,55.730000000000004,228.12600000000015,4,3,4,True
2724,CHEMBL3654418,CS(=O)(=O)n1cc2c(n1)CN([C@H]1CCO[C@H](c3cc(F)ccc3F)[C@@H](N)C1)C2,2.3,7.638272163982407,1.5321999999999996,90.45,412.4619999999997,5,1,7,True
2725,CHEMBL3654419,N[C@H]1C[C@@H](N2Cc3cnn(-c4ncccn4)c3C2)CCO[C@@H]1c1cc(F)ccc1F,2.2,7.657577319177793,2.5037000000000003,82.09,412.44399999999973,4,1,7,True
2726,CHEMBL3654420,N[C@H]1C[C@@H](N2Cc3cnn(-c4ccccc4)c3C2)CCO[C@@H]1c1cc(F)ccc1F,3.0,7.522878745280337,3.713700000000002,56.31,410.4679999999997,4,1,5,True
2727,CHEMBL3654421,N#Cc1n[nH]c2c1CN([C@H]1CCO[C@H](c3cc(F)ccc3F)[C@@H](N)C1)C2,8.5,7.070581074285707,2.1227799999999997,90.96,359.3799999999997,3,2,5,True
2728,CHEMBL3654422,NC(=O)c1n[nH]c2c1CN([C@H]1CCO[C@H](c3cc(F)ccc3F)[C@@H](N)C1)C2,2.6,7.585026652029182,1.3499999999999996,110.26,377.3949999999997,4,3,5,True
2729,CHEMBL3654423,N[C@H]1C[C@@H](N2Cc3cn(S(=O)(=O)C4CC4)nc3C2)CCO[C@@H]1c1cc(F)ccc1F,5.8,7.236572006437063,2.0647999999999995,90.45,438.4999999999997,5,1,7,True
2730,CHEMBL3654424,Cc1c2c(nn1S(=O)(=O)C1(C)CC1)CN([C@H]1CCO[C@H](c3cc(F)ccc3F)[C@@H](N)C1)C2,0.5,8.301029995663981,2.763320000000001,90.45,466.5539999999997,7,1,7,True
2731,CHEMBL3654425,CC1(S(=O)(=O)n2cc3c(n2)CN([C@H]2CCO[C@H](c4cc(F)c(F)cc4F)[C@@H](N)C2)C3)CC1,12.599999999999996,6.8996294548824375,2.594000000000001,90.45,470.5169999999997,6,1,7,True
2732,CHEMBL3654426,N[C@H]1C[C@@H](N2Cc3cnc(C4CC4)nc3C2)CCO[C@@H]1c1cc(F)ccc1F,4.1,7.387216143280264,3.195400000000001,64.27,386.44599999999963,4,1,5,True
2733,CHEMBL3654427,CS(=O)(=O)n1cc2c(n1)CN([C@H]1CCS[C@H](c3cc(F)ccc3F)[C@@H](N)C1)C2,14.3,6.844663962534938,2.2488,81.22,428.52999999999975,5,1,7,True
2734,CHEMBL3654428,CC(C)(O)Cn1cc2c(n1)CN([C@H]1CCO[C@H](c3cc(F)ccc3F)[C@@H](N)C1)C2,21.1,6.675717544702307,2.495400000000001,76.53999999999999,406.4769999999996,8,2,6,True
2735,CHEMBL3654429,N[C@H]1C[C@@H](N2Cc3cnn(-c4ccc(C(F)(F)F)cn4)c3C2)CCO[C@@H]1c1cc(F)ccc1F,5.9,7.229147988357855,4.127500000000004,69.2,479.4529999999998,4,1,6,True
2736,CHEMBL3654430,CC1(S(=O)(=O)n2cc3c(n2)CN([C@H]2CCO[C@H](c4cc(F)ccc4F)[C@@H](N)C2)C3)CC1,8.1,7.091514981121351,2.4549000000000003,90.45,452.5269999999997,6,1,7,True
2737,CHEMBL16709,CC(C)C(N)C(=O)N1CCCC1,548.0,5.261219441515631,0.5920999999999998,46.330000000000005,170.25600000000017,5,1,2,True
2738,CHEMBL17041,CCC(C)C(N)C(=O)N1CCCC1,2000.0,4.698970004336019,0.9821999999999999,46.330000000000005,184.2830000000002,6,1,2,True
2739,CHEMBL3704834,O=C(CNCC(O)COc1ccccc1)N1CCCC1,12000.0,3.9208187539523753,0.6382999999999988,61.800000000000004,278.3519999999996,8,2,4,True
2740,CHEMBL3704835,CC(C)C(NCC(O)COc1ccccc1)C(=O)N1CCCC1,8500.0,4.070581074285707,1.6628999999999998,61.8,320.43299999999954,11,2,4,True
2741,CHEMBL3704836,CCC(C)C(NCC(O)COc1ccccc1)C(=O)N1CCCC1,33000.0,3.4814860601221125,2.053,61.8,334.45999999999947,12,2,4,True
2742,CHEMBL3931183,C[C@]1(N2Cc3c[nH]nc3C2)CO[C@H](c2cc(F)ccc2F)[C@@H](N)C1,34.00000000000001,6.468521082957745,2.2511,67.17,334.3699999999996,4,2,4,True
2743,CHEMBL3940772,C[C@]1(N2Cc3cn(S(C)(=O)=O)nc3C2)CO[C@H](c2cc(F)ccc2F)[C@@H](N)C1,36.99999999999999,6.431798275933005,1.5322,90.45,412.4619999999997,6,1,7,True
2744,CHEMBL4113723,CC#CCn1c(N2CCC[C@@H](N)C2)nc2c1c(=O)n(Cc1nc3cc(F)ccc3s1)c(=O)n2C,0.3346640106136302,8.475390988664909,1.6445999999999998,103.97000000000003,481.5569999999998,6,1,10,True
2745,CHEMBL4111229,CC#CCn1c(N2CCC[C@@H](N)C2)nc2c1c(=O)n(Cc1nc3ccccc3s1)c(=O)n2C,0.15,8.823908740944319,1.5054999999999996,103.97000000000003,463.5669999999998,6,1,10,True
2746,CHEMBL4109453,CC#CCn1c(N2CCC[C@@H](N)C2)nc2c1c(=O)n(Cc1nc3cc(Cl)ccc3s1)c(=O)n2C,0.2,8.698970004336019,2.158900000000001,103.97000000000003,498.01199999999983,6,1,10,True
2747,CHEMBL3935335,N[C@H]1C[C@@H](N2Cc3cnn(S(=O)(=O)C4CCCC4)c3C2)COC1c1cc(F)c(F)cc1F,2.6,7.585026652029182,2.5940000000000003,90.45,470.5169999999997,5,1,7,True
2748,CHEMBL3896302,CS(=O)(=O)n1cc2c(n1)CN([C@@H]1C[C@H](N)[C@@H](c3cc(F)ccc3F)[C@H]3CC13)C2,9.0,7.045757490560675,1.8040999999999991,81.22,408.4739999999997,5,1,6,True
2749,CHEMBL3926627,CS(=O)(=O)n1cc2c(n1)CN([C@@H]1C[C@H](N)[C@@H](c3cc(F)ccc3F)[C@@H]3C[C@@H]31)C2,5.4,7.267606240177032,1.8040999999999991,81.22,408.4739999999997,5,1,6,True
2750,CHEMBL3922613,CC(C)=CCn1c(N2CCCC(N)C2)nc2c1c(=O)n(C(C)C(=O)c1ccccc1)c(=O)n2C,2160.0,4.665546248849069,2.2343,108.15,464.5699999999997,11,1,9,True
2751,CHEMBL3945052,COCCn1c(=O)c2c(nc(N3CCCC(N)C3)n2Cc2ccccc2C#N)n(C)c1=O,264.0,5.578396073130169,0.3905800000000026,124.1,437.50399999999973,9,1,10,True
2752,CHEMBL3913618,C#CCn1c(=O)n(C)c(=O)c2c1nc(N1CCCC(N)C1)n2Cc1ccccc1C#N,16.0,6.795880017344075,0.3773800000000014,114.87,417.4729999999998,6,1,9,True
2753,CHEMBL3913689,Cn1c(=O)c2c(nc(N3CCCC(N)C3)n2Cc2ccccc2C#N)n(-c2ccccc2)c1=O,32.0,6.494850021680094,1.7333799999999997,114.87,455.5219999999998,6,1,9,True
2754,CHEMBL3904065,CC(C)=CCn1c(N2CCCC(N)C2)nc2c1c(=O)n(Cc1ccc3ccccc3n1)c(=O)n2C,12.0,6.920818753952375,2.3869000000000007,103.97000000000003,473.58099999999973,9,1,9,True
2755,CHEMBL3934913,CC(C)=CCn1c(N2CCCC(N)C2)nc2c1c(=O)n(Cc1ncnc3ccccc13)c(=O)n2C,4.0,7.397940008672037,1.7818999999999998,116.86000000000001,474.56899999999973,9,1,10,True
2756,CHEMBL3942798,CC(C)=CCn1c(N2CCCC(N)C2)nc2c1c(=O)n(Cc1cc3ccccc3cn1)c(=O)n2C,9.0,7.045757490560675,2.3869,103.97000000000003,473.58099999999973,9,1,9,True
2757,CHEMBL3986470,CC#CCn1c(N2CCCC(N)C2)nc2c1c(=O)n(Cc1cc(=O)n(C)c3ccccc13)c(=O)n2C,6.0,7.221848749616356,0.747700000000002,113.08000000000001,487.5639999999998,7,1,10,True
2758,CHEMBL3985360,CC#CCn1c(N2CCCC(N)C2)nc2c1c(=O)n(Cc1ccnc3ccccc13)c(=O)n2C,9.0,7.045757490560675,1.4440000000000002,103.97000000000003,457.5379999999998,6,1,9,True
2759,CHEMBL3912125,CC(C)=CCn1c(N2CCCC(N)C2)nc2c1c(=O)n(CC(=O)N1CCCCC1)c(=O)n2C,250.0,5.6020599913279625,0.802900000000002,111.39000000000001,457.5789999999996,9,1,9,True
2760,CHEMBL3903110,CC#CCn1c(N2CCC[C@@H](N)C2)nc2c1c(=O)n(Cc1ncc3ccccc3n1)c(=O)n2C,1.0,8.0,0.8390000000000004,116.86000000000001,458.5259999999998,6,1,10,True
2761,CHEMBL3889902,C/C=C/Cn1c(N2CCCC(N)C2)nc2c1c(=O)n(CC(=O)c1ccccc1NC(C)=O)c(=O)n2C,2.0,7.698970004336019,1.2416000000000005,137.25,493.56799999999976,11,2,10,True
2762,CHEMBL3958450,C/C=C/Cn1c(N2CCC[C@@H](N)C2)nc2c1c(=O)n(CC(=O)c1ccccc1)c(=O)n2C,3.0,7.522878745280337,1.2832,108.15,436.51599999999974,9,1,9,True
2763,CHEMBL3898310,CC#CCn1c(N2CCC[C@H](N)C2)nc2c1c(=O)n(Cc1nc(C)cc3ccccc13)c(=O)n2C,3.0,7.522878745280337,1.7524199999999999,103.97000000000003,471.56499999999977,7,1,9,True
2764,CHEMBL3966199,CC#CCn1c(N2CCC[C@H](N)C2)nc2c1c(=O)n(Cc1ncc(C)c3ccccc13)c(=O)n2C,3.0,7.522878745280337,1.7524199999999999,103.97000000000003,471.56499999999977,7,1,9,True
2765,CHEMBL3903787,CC#CCn1c(N2CCC[C@@H](N)C2)nc2c1c(=O)n(Cc1ncc(C)c3ccccc13)c(=O)n2C,1.0,8.0,1.7524199999999999,103.97000000000003,471.56499999999977,7,1,9,True
2766,CHEMBL3912809,CC#CCn1c(N2CCC[C@H](N)C2)nc2c1c(=O)n(Cc1ccc(OC)c3ccccc13)c(=O)n2C,13.0,6.886056647693163,2.0576,100.31000000000003,486.5759999999998,8,1,9,True
2767,CHEMBL3986074,CC#CCn1c(N2CCC[C@@H](N)C2)nc2c1c(=O)n(Cc1ccc(OC)c3ccccc13)c(=O)n2C,8.0,7.096910013008056,2.0576,100.31000000000003,486.5759999999998,8,1,9,True
2768,CHEMBL3981831,CC#CCn1c(N2CCC[C@@H](N)C2)nc2c1c(=O)n(Cc1ccc(C#N)c3ccccc13)c(=O)n2C,3.0,7.522878745280337,1.9206799999999997,114.87,481.55999999999983,6,1,9,True
2769,CHEMBL3938646,CC#CCn1c(N2CCC[C@@H](N)C2)nc2c1c(=O)n(Cc1cc(C)c3nccnc3c1)c(=O)n2C,2.0,7.698970004336019,1.1474200000000006,116.86000000000001,472.55299999999977,7,1,10,True
2770,CHEMBL3957200,CC#CCn1c(N2CCC[C@@H](N)C2)nc2c1c(=O)n(Cc1ccc(F)c3ccccc13)c(=O)n2C,12.0,6.920818753952375,2.1881000000000004,91.08000000000001,474.5399999999998,6,1,8,True
2771,CHEMBL3911930,CC#CCn1c(N2CCC[C@@H](N)C2)nc2c1c(=O)n(Cc1nc(C)cc3ccccc13)c(=O)n2C1CC1,5.0,7.301029995663981,2.550320000000001,103.97000000000003,497.6029999999998,7,1,9,True
2772,CHEMBL3939916,CC#CCn1c(N2CCC[C@@H](N)C2)nc2c1c(=O)n(CC(=O)c1cccc(OC)c1)c(=O)n2C,3.0,7.522878745280337,0.739000000000001,117.38000000000002,464.5259999999998,9,1,10,True
2773,CHEMBL4071166,Cc1ccc(-c2c(CN)c(CC(C)C)nc(C)c2C(=O)OCCCC(=O)O)cc1.Cl.Cl,470.0,5.327902142064283,4.887840000000005,102.51,471.4249999999995,14,2,6,True
2774,CHEMBL4089584,Cc1ccc(-c2c(CN)n(CC(C)C)c(=O)c3ccc(OCC(N)=O)cc23)cc1,220.0,5.657577319177793,2.9557200000000003,100.34,393.4869999999996,11,2,5,True
2775,CHEMBL4064424,NCc1c(Cc2ccccc2)nc2ccc(OCC(N)=O)cc2c1-c1ccccc1,720.0,5.142667503568732,3.815400000000002,91.22999999999999,397.4779999999997,8,2,4,True
2776,CHEMBL4085958,CC(C)(C)Cc1nc2ccc(OCC(N)=O)cc2c(-c2ccccc2)c1CN,250.0,5.6020599913279625,3.813200000000001,91.23,377.4879999999996,7,2,4,True
2777,CHEMBL4072939,CCCCCc1nc2ccc(OCC(N)=O)cc2c(-c2ccccc2)c1CN,540.0,5.267606240177032,3.957300000000002,91.23,377.4879999999996,11,2,4,True
2778,CHEMBL4083433,CCCCc1nc2ccc(OCC(N)=O)cc2c(-c2ccccc2)c1CN,620.0,5.2076083105017466,3.5672000000000015,91.23,363.4609999999996,10,2,4,True
2779,CHEMBL4101425,CCCc1nc2ccc(OCC(N)=O)cc2c(-c2ccccc2)c1CN,510.0,5.292429823902063,3.177100000000001,91.23,349.4339999999996,9,2,4,True
2780,CHEMBL4092983,CC(C)Cc1nc2ccc(C(N)=O)cc2c(-c2ccccc2)c1CN,170.0,5.769551078621726,3.6579000000000015,82.0,333.4349999999996,8,2,3,True
2781,CHEMBL4105034,CC(C)Cn1c(CN)c(-c2ccccc2)c2cc(C(N)=O)cnc2c1=O.Cl.Cl,470.0,5.327902142064283,3.120700000000001,104.0,423.3439999999996,8,2,5,True
2782,CHEMBL4087191,CC(C)Cn1c(CN)c(-c2ccccc2)c2cc(Br)cnc2c1=O,1200.0,4.920818753952375,3.9407000000000023,60.910000000000004,386.29299999999967,7,1,4,True
2783,CHEMBL1852708,CC(C)Cn1c(CN)c(-c2ccccc2)c2cc(C(N)=O)ccc2c1=O,360.0,5.443697499232712,2.8821000000000003,91.10999999999999,349.4339999999997,8,2,4,True
2784,CHEMBL4079304,CC(C)Cn1c(CN)c(-c2ccccc2)c2cc(Br)ccc2c1=O,1200.0,4.920818753952375,4.545700000000004,48.019999999999996,385.30499999999967,7,1,3,True
2785,CHEMBL4068477,Cc1ccc(-c2c(-c3nc(C(N)=O)cs3)cnc(CC(C)C)c2CN)cc1.Cl.Cl,2.1,7.67778070526608,4.780220000000005,94.89,453.4389999999996,10,2,5,True
2786,CHEMBL4081741,Cc1ccc(-c2c(CN)c(CC(C)C)nc3ccc(OCCCCC(N)=O)cc23)cc1,13.0,6.886056647693163,4.901820000000004,91.22999999999999,419.56899999999956,14,2,4,True
2787,CHEMBL4066703,N[C@@H](CC(=O)N1CC[C@H]2[C@H](CCc3nnc(C(F)(F)F)n32)C1)Cc1cc(F)c(F)cc1F,70.0,6.154901959985743,3.0101000000000013,77.04000000000002,461.40999999999974,5,1,5,True
2788,CHEMBL4077696,N[C@@H](CC(=O)N1CC[C@H]2[C@@H](CCc3nnc(C(F)(F)F)n32)C1)Cc1cc(F)c(F)cc1F,537.0,5.270025714300444,3.0101000000000013,77.04000000000002,461.40999999999974,5,1,5,True
2789,CHEMBL4063983,Cc1nnc2n1[C@@H]1CCN(C(=O)C[C@H](N)Cc3cc(F)c(F)cc3F)C[C@@H]1CC2.Cl,28.0,6.552841968657781,2.7215200000000013,77.04,443.90099999999967,6,1,5,True
2790,CHEMBL4085550,CC(C)c1nnc2n1[C@@H]1CCN(C(=O)C[C@H](N)Cc3cc(F)c(F)cc3F)C[C@@H]1CC2.Cl,31.8,6.497572880015567,3.5365000000000024,77.04,471.95499999999953,8,1,5,True
2791,CHEMBL4098632,CC(C)c1nnc2n1[C@@H]1CCN(C(=O)C[C@H](N)Cc3cc(F)c(F)cc3F)C[C@H]1CC2.Cl,151.7,5.81901441921327,3.5365000000000024,77.04,471.95499999999953,8,1,5,True
2792,CHEMBL4128601,N#Cc1ccc(F)cc1Cn1c(N2CCC[C@@H](N)C2)cc(=O)n(Cc2cc(F)cc(F)c2)c1=O,65.36,6.184687956475641,2.32308,97.05000000000001,469.4669999999998,6,1,7,True
2793,CHEMBL4129968,Cc1cc(C)cc(Cn2c(=O)cc(N3CCC[C@@H](N)C3)n(Cc3cc(F)ccc3C#N)c2=O)c1,188.7,5.724228099835068,2.6617200000000008,97.05000000000001,461.5409999999997,8,1,7,True
2794,CHEMBL4128052,COc1ccc(Cn2c(=O)cc(N3CCC[C@@H](N)C3)n(Cc3cc(F)ccc3C#N)c2=O)cc1OC,64.47,6.190642329788894,2.06208,115.50999999999998,493.53899999999976,10,1,9,True
2795,CHEMBL4176189,CC(C)[C@H](N)C(=O)N1CCCC1B(O)O,22.0,6.657577319177793,-1.0272999999999988,86.79,214.07400000000018,8,3,4,True
2796,CHEMBL4162340,N#Cc1ccc(F)cc1Cn1c(N2CCC[C@@H](N)C2)nc2cc[nH]c2c1=O,2.3,7.638272163982407,1.7111799999999995,103.72999999999999,366.39999999999975,4,2,6,True
2797,CHEMBL4169618,N#Cc1ccc(F)cc1Cn1c(N2CCC[C@@H](N)C2)nc2[nH]ccc2c1=O,2.4,7.619788758288394,1.7111799999999995,103.72999999999999,366.39999999999975,4,2,6,True
2798,CHEMBL4177478,N#Cc1ccc(F)cc1Cn1c(N2CCC[C@@H](N)C2)nc2scnc2c1=O,6.8,7.167491087293763,1.8395799999999995,100.83000000000001,384.43999999999977,4,1,8,True
2799,CHEMBL4174924,Cn1cnc2nc(N3CCC[C@@H](N)C3)n(Cc3cc(F)ccc3C#N)c(=O)c21,15.3,6.815308569182402,1.11658,105.75999999999999,381.4149999999998,5,1,8,True
2800,CHEMBL4169403,N#Cc1ccc(F)cc1Cn1c(N2CCC[C@@H](N)C2)nc2c(Br)c[nH]c2c1=O,0.79,8.102372908709558,2.47368,103.72999999999999,445.29599999999976,4,2,6,True
2801,CHEMBL4172793,N#Cc1ccc(F)cc1Cn1c(N2CCC[C@@H](N)C2)nc2c(F)c[nH]c2c1=O,0.77,8.113509274827518,1.8502799999999995,103.72999999999999,384.38999999999976,4,2,6,True
2802,CHEMBL4164893,N#Cc1ccc(F)cc1Cn1c(N2CCC[C@@H](N)C2)nc2c(F)c(F)[nH]c2c1=O,1.25,7.903089986991944,1.9893799999999993,103.72999999999999,402.37999999999977,4,2,6,True
2803,CHEMBL4162532,CS(=O)(=O)n1ccc2nc(N3CCC[C@@H](N)C3)n(Cc3cc(F)ccc3C#N)c(=O)c21,18.0,6.7447274948966935,0.9922799999999999,127.00999999999999,444.49199999999985,6,1,9,True
2804,CHEMBL4173215,N#Cc1ccc(F)cc1Cn1c(N2CCC[C@@H](N)C2)nc2ccn(Cc3cc(F)ccc3C#N)c2c1=O,26.6,6.575118363368933,3.243660000000001,116.66,499.52499999999986,6,1,8,True
2805,CHEMBL4165967,N#Cc1ccc(F)cc1Cn1c(N2CCC[C@@H](N)C2)nc2c(-c3ccsc3)c[nH]c2c1=O,0.76,8.119186407719209,3.43968,103.72999999999999,448.5269999999998,5,2,7,True
2806,CHEMBL4176578,N#Cc1ccc(F)cc1Cn1c(N2CCC[C@@H](N)C2)nc2c(-c3cccs3)c[nH]c2c1=O,0.54,8.267606240177031,3.43968,103.72999999999999,448.5269999999998,5,2,7,True
2807,CHEMBL4164470,N#Cc1ccc(F)cc1Cn1c(N2CCC[C@@H](N)C2)nc2c(-c3ccc(F)cc3)c[nH]c2c1=O,0.54,8.267606240177031,3.5172800000000004,103.72999999999999,460.48799999999983,5,2,6,True
2808,CHEMBL4205581,N#Cc1ccccc1Cc1c(Cl)nc2ccnn2c1N1CCC[C@@H](N)C1,49.0,6.309803919971486,2.7726800000000003,83.24000000000001,366.85599999999977,4,1,6,True
2809,CHEMBL4216792,CCOC(=O)c1ccc(Cn2c(N3CCC[C@@H](N)C3)cc(=O)n3nccc23)cc1,10400.0,3.98296666070122,1.6485,94.86,395.4629999999997,7,1,8,True
2810,CHEMBL4217326,O=c1cc(N2CCNCC2)n(Cc2ccc([N+](=O)[O-])cc2)c2ccnn12,17200.0,3.7644715530924513,0.8620999999999999,97.71,354.3699999999998,4,1,8,True
2811,CHEMBL4212367,N[C@@H]1CCCN(c2cc(=O)n3nccc3n2Cc2ccc([N+](=O)[O-])cc2)C1,11500.0,3.939302159646388,1.38,111.70000000000002,368.3969999999997,5,1,8,True
2812,CHEMBL4212894,Cc1ccc(Cn2c(N3CCNCC3)cc(=O)n3nccc23)cc1,400.0,5.3979400086720375,1.2623199999999999,54.56999999999999,323.3999999999997,4,1,6,True
2813,CHEMBL4207996,Cc1ccc(Cn2c(N3CCC[C@@H](N)C3)cc(=O)n3nccc23)cc1,2000.0,4.698970004336019,1.7802199999999997,68.56,337.4269999999997,5,1,6,True
2814,CHEMBL4208513,O=c1cc(N2CCNCC2)n(Cc2ccccc2)c2ccnn12,2500.0,4.6020599913279625,0.9538999999999997,54.57000000000001,309.37299999999965,3,1,6,True
2815,CHEMBL4203639,N[C@@H]1CCCN(c2cc(=O)n3nccc3n2Cc2ccccc2)C1,46500.0,3.332547047110046,1.4717999999999996,68.56,323.39999999999964,4,1,6,True
2816,CHEMBL4204176,N#Cc1ccccc1Cn1c(N2CCNCC2)cc(=O)n2nccc12,79.99999999999997,6.096910013008056,0.8255799999999998,78.36,334.3829999999997,3,1,7,True
2817,CHEMBL4213950,O=c1cc(N2CCNCC2)n(Cc2ccccc2[N+](=O)[O-])c2ccnn12,1200.0,4.920818753952375,0.8620999999999999,97.71,354.3699999999998,4,1,8,True
2818,CHEMBL4210635,N[C@@H]1CCCN(c2cc(=O)n3nccc3n2Cc2ccccc2F)C1,21500.0,3.6675615400843946,1.6108999999999998,68.56,341.38999999999965,4,1,6,True
2819,CHEMBL4205100,N[C@@H]1CCCN(c2cc(=O)n3nccc3n2Cc2ccc(C(=O)O)cc2)C1,59900.0,3.2225731776106885,1.17,105.86,367.4089999999997,5,2,8,True
2820,CHEMBL4215849,N#Cc1ccccc1Cn1c(N2CCC[C@@H](N)C2)cc(=O)n2nccc12,1300.0,4.886056647693163,1.3434799999999996,92.35000000000001,348.4099999999997,4,1,7,True
2821,CHEMBL91777,CC(C)[C@H](N)C(=O)N[C@@H](Cc1c[nH]c2ccccc12)C(=O)O,65690.0,3.1825007381322417,1.2631,108.21,303.3619999999996,9,4,4,True
2822,CHEMBL592005,COc1cc(-c2[o+]c3cc(O)cc(O)c3cc2O)cc(OC)c1O.[Cl-],1410.0,4.85078088734462,0.22450000000000037,110.68000000000002,366.75299999999976,9,4,6,True
2823,CHEMBL165,Oc1ccc(/C=C/c2cc(O)cc(O)c2)cc1,0.6,8.221848749616356,2.9738000000000016,60.69,228.24700000000007,5,3,3,True
2824,CHEMBL44,O=c1c(-c2ccc(O)cc2)coc2cc(O)cc(O)c12,480.0,5.318758762624412,2.576800000000001,90.9,270.2399999999998,4,3,5,True
2825,CHEMBL9352,O=C1C[C@@H](c2ccc(O)cc2)Oc2cc(O)cc(O)c21,240.0,5.619788758288394,2.5099000000000014,86.99000000000001,272.25599999999974,4,3,5,True
2826,CHEMBL399121,COc1ccc([C@@H]2CC(=O)c3c(O)cc(O)cc3O2)cc1O,280.0,5.552841968657781,2.518500000000001,96.22000000000001,302.28199999999975,6,3,6,True
2827,CHEMBL275638,O=c1cc(-c2ccccc2)oc2ccccc12,170.0,5.769551078621726,3.4600000000000017,30.21,222.24300000000005,1,0,2,True
2828,CHEMBL28,O=c1cc(-c2ccc(O)cc2)oc2cc(O)cc(O)c12,140.0,5.853871964321762,2.576800000000001,90.9,270.2399999999998,4,3,5,True
2829,CHEMBL4246951,Brc1nc2n(n1)CC(c1cc3ccccc3o1)=NN2,28274.10476036332,3.548611137199655,2.6166,68.24,318.13399999999984,1,1,6,True
2830,CHEMBL4250492,N[C@@H](CCn1cc(-c2ccncc2)nn1)Cc1cc(F)c(F)cc1F,13.999999999999996,6.853871964321762,2.7175000000000002,69.62,347.3439999999997,7,1,5,True
2831,CHEMBL4246674,CC(C)=CCn1c(N2CCCC(N)C2)nc2c1c(=O)n(Cc1ccccc1C#N)c(=O)n2C,19.6,6.707743928643524,1.7103799999999996,114.87,447.5429999999997,9,1,9,True
2832,CHEMBL4246222,NCc1c(-c2ccc(Cl)cc2Cl)n(C[SH](=O)=O)c2ccccc12,232.8,5.633017024022149,3.6427000000000014,65.09,369.2729999999999,5,2,4,True
2833,CHEMBL4241283,CC(C)(C)[C@H](N)C(=O)N1CCSCC1,3.4,7.468521082957745,0.9352000000000001,46.330000000000005,216.3500000000002,2,1,3,True
2834,CHEMBL4250956,CC(C)C[C@H](N)C(=O)N1CCSCC1,6.29,7.201349354554731,0.9352000000000001,46.330000000000005,216.3500000000002,6,1,3,True
2835,CHEMBL4241366,CCC(C)[C@H](N)C(=O)N1CCSCC1,6.93,7.159266765388193,0.9352000000000001,46.330000000000005,216.3500000000002,6,1,3,True
2836,CHEMBL1976036,O=C(N/N=C/c1cccc2ccccc12)c1[nH]nc2c1CCCC2,3440.0,4.46344155742847,3.2056000000000013,70.14,318.3799999999997,3,2,3,True
2837,CHEMBL4250558,O=C(CNC(=O)C1CCCN(S(=O)(=O)c2ccccc2)C1)Nc1ccc(Cl)cc1,94.82,6.023100049017062,2.4956000000000005,95.58000000000001,435.93299999999977,6,2,4,True
2838,CHEMBL4245414,O=C(CN1CCN(c2ccnc3cc(Cl)ccc23)CC1)N1CCCC1,3730.0,4.428291168191312,2.632600000000001,39.68000000000001,358.8729999999997,3,0,4,True
2839,CHEMBL4241199,COC(=O)c1cn([C@@H]2CN[C@H](C(=O)N3CCC(F)(F)C3)C2)nn1,720.0,5.142667503568732,-0.1647000000000003,89.35000000000001,329.30699999999973,4,1,7,True
2840,CHEMBL4249750,O=C([C@@H]1C[C@H](n2cc(-c3ccccc3)nn2)CN1)N1CCC(F)(F)C1,660.0,5.180456064458132,1.7156999999999996,63.050000000000004,347.3689999999997,3,1,5,True
2841,CHEMBL4240687,Cc1cc(-c2cn([C@@H]3CN[C@H](C(=O)N4CCC(F)(F)C4)C3)nn2)ccc1F,1320.0,4.87942606879415,2.16322,63.050000000000004,379.3859999999997,4,1,5,True
2842,CHEMBL4247814,CC1(C)[C@@H]2CC[C@@]1(C)[C@H](NCC(=O)N1CCC[C@H]1C#N)C2,1270.0,4.896196279044043,2.3053799999999995,56.13,289.4229999999995,6,1,3,True
2843,CHEMBL4242321,CC1(C)[C@H]2CC[C@]1(C)[C@@H](NCC(=O)N1CCC[C@H]1C#N)C2,1780.0,4.749579997691106,2.3053799999999995,56.13,289.4229999999995,6,1,3,True
2844,CHEMBL4238169,CC1(C)[C@H]2CC[C@]1(C)C(=O)[C@H]2NCC(=O)N1CCC[C@H]1C#N,15780.0,3.801893001126599,1.4843799999999998,73.2,303.4059999999995,6,1,4,True
2845,CHEMBL4238607,CC1(C)[C@H]2CC[C@]1(C)[C@@H](O)[C@H]2NCC(=O)N1CCC[C@H]1C#N,7580.0,4.120330794367947,1.27618,76.36,305.42199999999946,7,2,4,True
2846,CHEMBL4554062,CC(C)CNc1nc2scnn2c(=O)c1[N+](=O)[O-],68510.0,3.1642460324806168,1.1270999999999998,102.43,269.2859999999998,6,1,8,True
2847,CHEMBL4535561,CC(C)Nc1nc2scnn2c(=O)c1[N+](=O)[O-],76170.0,3.118216044406615,0.8794999999999997,102.43,255.25900000000007,5,1,8,True
2848,CHEMBL4525051,O=c1c([N+](=O)[O-])c(NCCO)nc2scnn12,121300.0,2.916139199133427,-0.5366000000000006,122.66,257.23100000000005,5,2,9,True
2849,CHEMBL4571225,O=c1c([N+](=O)[O-])c(NCCc2ccc(Cl)cc2)nc2scnn12,55870.0,3.252821328639836,2.3671999999999995,102.42999999999999,351.77499999999986,5,1,8,True
2850,CHEMBL4458307,O=C(CCCO)N[C@@H](CC(=O)N1CCn2c(nnc2C(F)(F)F)C1)Cc1cc(F)c(F)cc1F,208.0,5.681936665037238,1.9465,100.35,493.40799999999973,9,2,6,True
2851,CHEMBL4537702,O=C(CO)N[C@@H](CC(=O)N1CCn2c(nnc2C(F)(F)F)C1)Cc1cc(F)c(F)cc1F,217.0,5.663540266151471,1.1662999999999994,100.35,465.3539999999998,7,2,6,True
2852,CHEMBL4446618,CC#CCn1c(N2CCC[C@@H](N)C2)cc(=O)n(Cc2cccc(F)c2C(=O)O)c1=O,1.7,7.769551078621726,0.8463999999999996,110.56,414.4369999999997,6,2,8,True
2853,CHEMBL4452518,CC#CCn1c(N2CCC[C@@H](N)C2)nc2c1c(=O)n(Cc1ccccc1C(=O)O)c(=O)n2C,1.98,7.703334809738469,0.5940000000000012,128.38000000000002,450.4989999999998,7,2,10,True
2854,CHEMBL4441220,CC#CCn1c(N2CCC[C@@H](N)C2)nc2c1c(=O)n(Cc1cccc(F)c1C(=O)O)c(=O)n2C,10.21,6.99097425791309,0.733100000000001,128.38000000000002,468.4889999999998,7,2,10,True
2855,CHEMBL4528994,CC#CCn1c(N2CCC[C@@H](N)C2)nc2c1c(=O)n(Cc1ccc(F)cc1C(=O)O)c(=O)n2C,2.35,7.628932137728263,0.733100000000001,128.38000000000002,468.4889999999998,7,2,10,True
2856,CHEMBL4458949,CC#CCn1c(N2CCC[C@@H](N)C2)nc2c1c(=O)n(Cc1c(Cl)cccc1C(=O)O)c(=O)n2C,3.9,7.4089353929735005,1.2474000000000005,128.38000000000002,484.9439999999998,7,2,10,True
2857,CHEMBL4465482,CC#CCn1c(N2CCC[C@@H](N)C2)nc2c1c(=O)n(Cc1cc(Cl)ccc1C(=O)O)c(=O)n2C,0.18,8.744727494896694,1.2474000000000005,128.38000000000002,484.94399999999985,7,2,10,True
2858,CHEMBL4448186,CC#CCn1c(N2CCC[C@@H](N)C2)nc2c1c(=O)n(Cc1ccc(Cl)cc1C(=O)O)c(=O)n2C,0.1,9.0,1.2474000000000005,128.38000000000002,484.9439999999998,7,2,10,True
2859,CHEMBL4435383,CC#CCn1c(N2CCC[C@@H](N)C2)nc2c1c(=O)n(Cc1ccccc1C(=O)OC)c(=O)n2C,2.91,7.536107011014093,0.6824000000000006,117.38000000000002,464.5259999999998,8,1,10,True
2860,CHEMBL4590999,CC#CCn1c(N2CCC[C@@H](N)C2)nc2c1c(=O)n(Cc1cccc(F)c1C(=O)OC)c(=O)n2C,5.06,7.295849483160201,0.8215000000000003,117.38000000000002,482.5159999999998,8,1,10,True
2861,CHEMBL4465448,CC#CCn1c(N2CCC[C@@H](N)C2)nc2c1c(=O)n(Cc1c(Cl)cccc1C(=O)OC)c(=O)n2C,50.9,6.293282217663242,1.3357999999999999,117.38000000000002,498.9709999999998,8,1,10,True
2862,CHEMBL4458152,CC#CCn1c(N2CCC[C@@H](N)C2)nc2c1c(=O)n(Cc1cc(Cl)ccc1C(=O)OC)c(=O)n2C,5.61,7.251037138743839,1.3358000000000008,117.38000000000002,498.97099999999983,8,1,10,True
2863,CHEMBL4567320,CC#CCn1c(N2CCC[C@@H](N)C2)nc2c1c(=O)n(Cc1ccc(Cl)cc1C(=O)OC)c(=O)n2C,20.48,6.688670047696207,1.3357999999999999,117.38000000000002,498.9709999999998,8,1,10,True
2864,CHEMBL4454091,CCOC(=O)N1CCN(c2ccc3nnc(-c4cccc(C)c4)n3n2)CC1,0.75,8.1249387366083,2.3782200000000007,75.86,366.4249999999997,5,0,7,True
2865,CHEMBL4529301,Cc1cccc(-c2nnc3ccc(N4CCN(C(=O)c5ccccc5)CC4)nn23)c1,2.25,7.647817481888637,3.062120000000001,66.63000000000001,398.46999999999974,4,0,6,True
2866,CHEMBL4547171,Cc1cccc(-c2nnc3ccc(N4CCN(Cc5ccc(F)cc5)CC4)nn23)c1,2.0,7.698970004336019,3.561020000000002,49.56,402.4769999999997,5,0,6,True
2867,CHEMBL4436620,CC#CCn1c(N2CCC[C@@H](N)C2)cc(=O)n(Cc2ccccc2C(=O)OC)c1=O,74.6,6.127261172527331,0.7957000000000001,99.56,410.4739999999997,7,1,8,True
2868,CHEMBL4530011,CC#CCn1c(N2CCC[C@@H](N)C2)cc(=O)n(Cc2ccccc2CC(=O)OC)c1=O,56.6,6.247183568811728,0.7246000000000008,99.56,424.5009999999997,8,1,8,True
2869,CHEMBL4538597,CC#CCn1c(N2CCC[C@@H](N)C2)cc(=O)n(Cc2ccccc2C(=O)O)c1=O,7.499999999999999,7.1249387366083,0.7072999999999998,110.56,396.4469999999997,6,2,8,True
2870,CHEMBL4468423,CC#CCn1c(N2CCC[C@@H](N)C2)cc(=O)n(Cc2ccccc2CC(=O)O)c1=O,89.8,6.046723663332696,0.6362000000000005,110.56,410.4739999999997,7,2,8,True
2871,CHEMBL4438210,CC#CCn1c(N2CCC[C@@H](N)C2)cc(=O)n(Cc2ccc(F)cc2C(=O)O)c1=O,7.6,7.119186407719209,0.8463999999999996,110.56,414.4369999999997,6,2,8,True
2872,CHEMBL4562685,CC#CCn1c(N2CCC[C@@H](N)C2)cc(=O)n(Cc2ccc(Cl)cc2C(=O)O)c1=O,3.9,7.4089353929735005,1.3607,110.56,430.89199999999977,6,2,8,True
2873,CHEMBL4527363,CC#CCn1c(N2CCC[C@@H](N)C2)cc(=O)n(Cc2ccc(Br)cc2C(=O)O)c1=O,4.6,7.337242168318426,1.4698,110.56,475.34299999999973,6,2,8,True
2874,CHEMBL4558007,CC#CCn1c(N2CCC[C@@H](N)C2)cc(=O)n(Cc2cc(Br)ccc2C(=O)O)c1=O,2.5,7.602059991327962,1.4698,110.56,475.34299999999973,6,2,8,True
2875,CHEMBL4581959,CC#CCn1c(N2CCC[C@@H](N)C2)cc(=O)n(Cc2cc(OC)ccc2C(=O)O)c1=O,4.0,7.397940008672037,0.7159000000000011,119.79000000000002,426.47299999999973,8,2,9,True
2876,CHEMBL4516959,CC#CCn1c(N2CCC[C@@H](N)C2)cc(=O)n(Cc2cc(C#N)ccc2C(=O)O)c1=O,3.5,7.455931955649724,0.5789800000000005,134.35,421.45699999999977,6,2,9,True
2877,CHEMBL4453917,CC#CCn1c(N2CCC[C@@H](N)C2)cc(=O)n(Cc2cccc(F)c2C(=O)OC)c1=O,93.20000000000005,6.030584087646019,0.9347999999999999,99.56,428.4639999999997,7,1,8,True
2878,CHEMBL4445783,CC#CCn1c(N2CCC[C@@H](N)C2)cc(=O)n(Cc2cc(Br)ccc2C(=O)OC)c1=O,395.0,5.403402904373539,1.5582000000000003,99.56,489.3699999999997,7,1,8,True
2879,CHEMBL4557196,CC#CCn1c(N2CCC[C@@H](N)C2)nc2c1c(=O)nc1n2CCCN1Cc1nc(C)c2ccccc2n1,4376.0,4.358922686674625,2.2057199999999995,110.99,497.60699999999974,6,1,10,True
2880,CHEMBL4465057,CC#CCn1c(N2CCC[C@@H](N)C2)nc2c1c(=O)nc1n2CCCN1Cc1ccc(OC)cc1,790.0,5.102372908709558,1.9626999999999997,94.44,461.5699999999997,7,1,9,True
2881,CHEMBL4537708,CC#CCn1c(N2CCC[C@@H](N)C2)nc2c1c(=O)nc1n2CCCN1Cc1cccc2ccccc12,483.0,5.316052869248487,3.1073000000000013,85.21,481.60399999999976,5,1,8,True
2882,CHEMBL4591675,CC#CCn1c(N2CCC[C@@H](N)C2)nc2c1c(=O)nc1n2CCCN1CC(=O)c1ccccc1,421.0,5.375717904164332,1.6368000000000003,102.28,459.55399999999975,6,1,9,True
2883,CHEMBL4443070,Cc1nc(CN2C(=O)c3c(nc(N4CCC[C@@H](N)C4)n3CC#N)N3CCN=C23)nc2ccccc12,538.0,5.269217724333611,1.4178000000000008,132.56,470.54099999999977,6,1,10,True
2884,CHEMBL4516443,CC#CCn1c(N2CCC[C@@H](N)C2)nc2c1C(=O)N(Cc1cccc(C#N)c1)C1=NCCN12,11.2,6.950781977329818,1.5375799999999993,106.78,442.52699999999976,5,1,8,True
2885,CHEMBL4568895,CC#CCn1c(N2CCC[C@@H](N)C2)nc2c1C(=O)N(Cc1ccc(C#N)cc1)C1=NCCN12,10.0,7.0,1.5375799999999993,106.78,442.52699999999976,5,1,8,True
2886,CHEMBL4456228,O=c1[nH]c(=O)c2c(nc(N3CCNCC3)n2Cc2ccccc2)[nH]1,3900.0,4.4089353929735005,-0.12919999999999904,98.81,326.35999999999973,3,3,6,True
2887,CHEMBL4635433,N[C@H]1C[C@@H](N2CCC(F)(F)C2)[C@@H](C(F)(F)F)O[C@@H]1c1cc(F)ccc1F,48.9,6.310691140876379,3.394000000000002,38.489999999999995,386.31099999999975,3,1,3,True
2888,CHEMBL4640183,N[C@H]1C[C@@H](N2Cc3c[nH]nc3C2)[C@@H](C(F)(F)F)O[C@@H]1c1cc(F)ccc1F,18.2,6.739928612014925,2.791900000000001,67.17,388.33999999999975,3,2,4,True
2889,CHEMBL4634272,CCOC(=O)c1nc2c(n1C)CN([C@@H]1C[C@H](N)[C@@H](c3cc(F)ccc3F)O[C@@H]1C(F)(F)F)C2,20.6,6.686132779630847,2.979000000000002,82.61,474.42999999999967,7,1,7,True
2890,CHEMBL4644314,Cn1c(C(N)=O)nc2c1CN([C@@H]1C[C@H](N)[C@@H](c3cc(F)ccc3F)O[C@@H]1C(F)(F)F)C2,7.1,7.1487416512809245,1.9011999999999998,99.39999999999999,445.3919999999997,5,2,6,True
2891,CHEMBL4641763,CS(=O)(=O)n1cc2c(n1)CN([C@@H]1C[C@H](N)[C@@H](c3cc(F)c(F)cc3F)O[C@@H]1C(F)(F)F)C2,3.9,7.4089353929735005,2.2120999999999995,90.45,484.42199999999974,5,1,7,True
2892,CHEMBL4636223,N[C@H]1C[C@@H](N2Cc3cn(S(=O)(=O)C4CC4)nc3C2)[C@@H](C(F)(F)F)O[C@@H]1c1cc(F)ccc1F,11.7,6.931814138253839,2.605600000000001,90.45,492.46999999999974,5,1,7,True
2893,CHEMBL4649110,CCS(=O)(=O)n1cc2c(n1)CN([C@@H]1C[C@H](N)[C@@H](c3cc(F)ccc3F)O[C@@H]1C(F)(F)F)C2,60.0,6.221848749616356,2.4631000000000007,90.45,480.4589999999997,6,1,7,True
2894,CHEMBL4646510,CS(=O)(=O)n1cc2c(n1)CN([C@@H]1C[C@H](N)[C@@H](c3cc(F)ccc3F)O[C@@H]1C(F)(F)F)C2,4.2,7.376750709602099,2.0729999999999995,90.45,466.43199999999973,5,1,7,True
2895,CHEMBL4640418,CS(=O)(=O)n1cc2c(n1)CN([C@H]1CO[C@H](c3cc(F)ccc3F)[C@@H](N)[C@H]1F)C2,22.1,6.655607726314889,1.0900999999999998,90.45,416.4249999999997,5,1,7,True
2896,CHEMBL4641140,Cc1ccc(NS(=O)(=O)c2ccc3c(c2)CCCC3)cc1,2.8,7.552841968657781,3.6746200000000027,46.17,301.41099999999966,4,1,2,True
2897,CHEMBL4636081,CC#CCn1c(N2CCC[C@@H](N)C2)cc(=O)n(Cc2cn(CC(=O)N(C)C)nn2)c1=O,28.619999999999997,6.543330370576243,-1.3111999999999964,124.28,428.4969999999996,9,1,10,True
2898,CHEMBL4647761,CC#CCn1c(N2CCC[C@H](N)C2)cc(=O)n(Cc2nc(C)c3cc(C)ccc3n2)c1=O,5.78,7.2380721615794705,1.569139999999999,99.03999999999999,432.52799999999974,7,1,8,True
2899,CHEMBL4642801,N[C@@H]1CN(c2ncc(Oc3c[nH]nc3C3=CCC(F)(F)CC3)cn2)C[C@@H]1c1cc(F)c(F)cc1F,6.0,7.221848749616356,4.543000000000003,92.94999999999999,492.4519999999998,6,2,6,True
2900,CHEMBL4649180,CC#CCN1C(N2CCC[C@H](N)C2)=NC2C1C(=O)N(C(C)c1nc(C)c3ccccc3n1)C(=O)N2C,2.07,7.684029654543083,1.7059200000000019,111.26,488.5959999999997,7,1,8,True
2901,CHEMBL4647956,Cl.N#C[C@@H]1CCCN1C(=O)[C@@H](N)Cc1ccc(-c2cn(C3CC3)nn2)cc1,247.0,5.607303046740334,2.0861799999999997,100.83000000000001,386.88699999999966,6,1,6,True
2902,CHEMBL4638352,N#C[C@@H]1CCCN1C(=O)CN(C(=O)CCCCCl)C12CC3CC(CC(O)(C3)C1)C2,12.0,6.920818753952375,2.8223800000000008,84.64,421.9689999999996,8,1,4,True
2903,CHEMBL4750352,N[C@@H](CCn1cc(-c2ccccn2)nn1)Cc1cc(F)c(F)cc1F,143.0,5.844663962534939,2.7175000000000002,69.62,347.3439999999997,7,1,5,True
2904,CHEMBL4790735,N[C@@H](CCn1cc(-c2cccnc2)nn1)Cc1cc(F)c(F)cc1F,28.0,6.552841968657781,2.7175000000000002,69.62,347.3439999999997,7,1,5,True
2905,CHEMBL4792546,N[C@@H](CCn1ccnn1)Cc1cc(F)c(F)cc1F,254.0,5.5951662833800615,1.6554999999999995,56.730000000000004,270.2579999999997,6,1,4,True
2906,CHEMBL4747721,Cc1cn(CC[C@H](N)Cc2cc(F)c(F)cc2F)nn1,133.0,5.876148359032914,1.9639199999999999,56.730000000000004,284.2849999999997,7,1,4,True
2907,CHEMBL4789426,CC(C)(C)c1cn(CC[C@H](N)Cc2cc(F)c(F)cc2F)nn1,121.0,5.91721462968355,2.953000000000001,56.730000000000004,326.36599999999953,6,1,4,True
2908,CHEMBL4790799,N[C@@H](Cc1cn(-c2cccnc2)nn1)Cc1cc(F)c(F)cc1F,305.0,5.515700160653214,2.1921,69.62,333.3169999999997,6,1,5,True
2909,CHEMBL4763110,N[C@@H](Cc1cn(-c2ccncc2)nn1)Cc1cc(F)c(F)cc1F,427.0,5.369572124974976,2.1921,69.62,333.3169999999997,6,1,5,True
2910,CHEMBL4745231,N[C@@H](Cc1cn(-c2cccc3ncccc23)nn1)Cc1cc(F)c(F)cc1F,265.0,5.576754126063192,3.3453000000000026,69.62,383.3769999999997,6,1,5,True
2911,CHEMBL4798357,N[C@@H](Cc1cn(-c2ccc3ncccc3c2)nn1)Cc1cc(F)c(F)cc1F,780.0,5.107905397309519,3.3453000000000026,69.62,383.3769999999997,6,1,5,True
2912,CHEMBL4798053,Cc1ccc(Nc2cc(N3CCC[C@@H](N)C3)nc3ccnn23)c(N)c1,1200.0,4.920818753952375,2.2910199999999996,97.49999999999999,337.4309999999996,6,3,7,True
2913,CHEMBL4787437,Cc1ccc(Nc2cc(N3CCC[C@@H](N)C3)nc3ccnn23)c(C)c1,9100.0,4.040958607678906,3.017240000000001,71.47999999999999,336.4429999999996,6,2,6,True
2914,CHEMBL4751895,N[C@@H]1CCCN(c2cc(Nc3ccccc3Cl)n3nccc3n2)C1,25300.0,3.596879478824182,3.0538000000000016,71.48,342.8339999999997,4,2,6,True
2915,CHEMBL4760965,N[C@@H]1CCCN(c2cc(Nc3ccc(F)cc3F)n3nccc3n2)C1,17700.0,3.7520267336381936,2.678600000000001,71.48,344.3689999999997,4,2,6,True
2916,CHEMBL4753503,N[C@@H]1CCCN(c2cc(Nc3ccc(Cl)cc3Cl)n3nccc3n2)C1,22200.0,3.653647025549361,3.707200000000002,71.48,377.2789999999997,4,2,6,True
2917,CHEMBL4745889,N[C@@H]1CCCN(c2cc(Nc3ccccc3[N+](=O)[O-])n3nccc3n2)C1,11700.0,3.9318141382538383,2.3086,114.61999999999999,353.3859999999997,5,2,8,True
2918,CHEMBL4743490,N[C@@H]1CCCN(c2cc(NCc3ccccc3)n3nccc3n2)C1,300.0,5.522878745280337,2.2689000000000004,71.48,322.4159999999996,5,2,6,True
2919,CHEMBL4763718,N[C@@H]1CCCN(c2cc(NCc3ccc(O)cc3)n3nccc3n2)C1,7900.0,4.102372908709558,1.9745,91.71,338.4149999999996,6,3,7,True
2920,CHEMBL4791597,N[C@@H]1CCCN(c2cc(NCc3ccc(Cl)cc3Cl)n3nccc3n2)C1,5700.0,4.2441251443275085,3.575700000000002,71.48,391.3059999999997,5,2,6,True
2921,CHEMBL4754343,N[C@@H]1CCCN(c2cc(NCCc3ccc(Cl)cc3Cl)n3nccc3n2)C1,1100.0,4.958607314841775,3.6182000000000016,71.48,405.3329999999997,6,2,6,True
2922,CHEMBL4743516,Cc1ccnc(Nc2cc(N3CCC[C@@H](N)C3)nc3ccnn23)c1,8100.0,4.091514981121351,2.10382,84.37,323.4039999999996,5,2,7,True
2923,CHEMBL4786137,N[C@@H]1CCCN(c2cc(Nc3cc(F)ccn3)n3nccc3n2)C1,14400.0,3.8416375079047502,1.9344999999999999,84.37,327.36699999999973,4,2,7,True
2924,CHEMBL4794801,N[C@@H]1CCCN(c2cc(Nc3cc(Cl)ccn3)n3nccc3n2)C1,2400.0,4.619788758288394,2.4488000000000003,84.37,343.8219999999997,4,2,7,True
2925,CHEMBL4779718,N[C@@H]1CCCN(c2cc(Nc3cc[nH]n3)n3nccc3n2)C1,31800.0,3.4975728800155674,1.1234999999999993,100.16,298.35399999999964,4,3,7,True
2926,CHEMBL4764894,Cc1ccc(Nc2cc(N3CCNCC3)nc3ccnn23)c(N)c1,800.0,5.096910013008056,1.7731199999999996,83.50999999999999,323.40399999999966,5,3,7,True
2927,CHEMBL4752835,Cc1ccc(Nc2cc(N3CCNCC3)nc3ccnn23)c(C)c1,1600.0,4.795880017344075,2.49934,57.489999999999995,322.41599999999966,5,2,6,True
2928,CHEMBL4782865,Clc1ccccc1Nc1cc(N2CCNCC2)nc2ccnn12,23600.0,3.627087997029893,2.5359,57.489999999999995,328.80699999999973,3,2,6,True
2929,CHEMBL4798418,Fc1ccc(Nc2cc(N3CCNCC3)nc3ccnn23)c(F)c1,400.0,5.3979400086720375,2.1606999999999994,57.489999999999995,330.3419999999997,3,2,6,True
2930,CHEMBL4749086,O=[N+]([O-])c1ccccc1Nc1cc(N2CCNCC2)nc2ccnn12,3500.0,4.455931955649724,1.7906999999999995,100.63,339.3589999999997,4,2,8,True
2931,CHEMBL4776878,CN(c1ccccc1)c1cc(N2CCNCC2)nc2ccnn12,80500.0,3.0942041196321317,1.9067999999999996,48.7,308.3889999999996,4,1,6,True
2932,CHEMBL4765147,Clc1ccc(Nc2cc(N3CCNCC3)nc3ccnn23)c(Cl)c1,470.0,5.327902142064283,3.189300000000001,57.489999999999995,363.2519999999998,3,2,6,True
2933,CHEMBL4764120,Clc1ccc(CCNc2cc(N3CCNCC3)nc3ccnn23)c(Cl)c1,89.0,6.050609993355087,3.1003000000000007,57.489999999999995,391.30599999999976,5,2,6,True
2934,CHEMBL4784434,Fc1ccc(CNc2cc(N3CCNCC3)nc3ccnn23)c(F)c1,2.0,7.698970004336019,2.0292,57.489999999999995,344.3689999999997,4,2,6,True
2935,CHEMBL4754461,Cc1ccnc(Nc2cc(N3CCNCC3)nc3ccnn23)c1,2800.0,4.552841968657781,1.5859199999999998,70.38,309.3769999999996,4,2,7,True
2936,CHEMBL4747683,CC#CCn1c(N2CCC[C@@H](N)C2)nc2c1c(=O)n(CC1=NC3C=CC=CC3C(C)=N1)c(=O)n2C,2.0,7.698970004336019,0.8313000000000024,115.80000000000001,474.56899999999973,7,1,10,True
2937,CHEMBL4751873,N#C[C@@H]1CC(F)(F)CN1C(=O)CNC(=O)c1csc(Cc2ccccc2Br)n1,200.0,5.698970004336019,2.9859800000000014,86.09,469.31099999999986,5,1,5,True
2938,CHEMBL4755802,N#C[C@@H]1CC(F)(F)CN1C(=O)CNC(=O)c1csc(Cc2cccc(Br)c2)n1,52020.0,3.283829652140146,2.9859800000000014,86.09,469.31099999999986,5,1,5,True
2939,CHEMBL4779526,Cc1ccc(Cc2nc(C(=O)NCC(=O)N3CC(F)(F)C[C@H]3C#N)cs2)cc1,68850.0,3.1620960554070576,2.531900000000001,86.09,404.4419999999998,6,1,5,True
2940,CHEMBL4748662,C[S+]([O-])c1ccc(Cc2nc(C(=O)NCC(=O)N3CC(F)(F)C[C@H]3C#N)cs2)cc1,4120.0,4.3851027839668655,1.96088,109.15,452.5079999999998,7,1,6,True
2941,CHEMBL4797479,CS(=O)(=O)c1ccc(Cc2nc(C(=O)NCC(=O)N3CC(F)(F)C[C@H]3C#N)cs2)cc1,10110.0,3.995248844408999,1.6269799999999996,120.22999999999999,468.50699999999983,7,1,7,True
2942,CHEMBL4761499,N#C[C@@H]1CC(F)(F)CN1C(=O)CNC(=O)c1csc(Cc2ccc(-n3cncn3)cc2)n1,18710.0,3.72792621249999,1.8041800000000001,116.8,457.4659999999999,6,1,8,True
2943,CHEMBL4781018,N#Cc1ccc(CCCc2nc(C(=O)NCC(=O)N3CC(F)(F)C[C@H]3C#N)cs2)cc1,82530.0,3.083388154890654,2.679660000000001,109.88,443.47899999999976,7,1,6,True
2944,CHEMBL4748680,N#Cc1ccc(SCc2nc(C(=O)NCC(=O)N3CC(F)(F)C[C@H]3C#N)cs2)cc1,44560.0,3.351054817834328,2.796660000000001,109.88,447.49199999999985,6,1,7,True
2945,CHEMBL4789965,N#Cc1ccc(S(=O)(=O)Cc2nc(C(=O)NCC(=O)N3CC(F)(F)C[C@H]3C#N)cs2)cc1,76790.0,3.114695332411032,1.47826,144.01999999999998,479.4899999999999,6,1,8,True
2946,CHEMBL2425883,CC#CCn1c(N2CCC[C@@H](N)C2)cc(=O)n(Cc2ccccc2)c1=O,106.3,5.973466735476704,1.0090999999999992,73.25999999999999,352.43799999999965,5,1,6,True
2947,CHEMBL4853464,N#Cc1ccccc1Cn1c(N2CCC[C@@H](N)C2)cc(=O)n(Cc2ccccc2)c1=O,18.2,6.739928612014925,1.9057799999999998,97.05000000000001,415.49699999999973,6,1,7,True
2948,CHEMBL4862579,CC#CCn1c(N2CCC[C@@H](N)C2)cc(=O)n(Cc2ccc(C(=O)OC)cc2)c1=O,9.2,7.036212172654444,0.795700000000001,99.56,410.4739999999997,7,1,8,True
2949,CHEMBL4856604,COC(=O)c1cccc(Cn2c(=O)cc(N3CCC[C@@H](N)C3)n(Cc3ccccc3C#N)c2=O)c1,15.0,6.823908740944319,1.6923799999999998,123.35,473.5329999999998,8,1,9,True
2950,CHEMBL4864734,COC(=O)c1ccc(Cn2c(=O)cc(N3CCC[C@@H](N)C3)n(Cc3ccccc3C#N)c2=O)cc1,20.2,6.694648630553377,1.6923799999999993,123.35,473.5329999999998,8,1,9,True
2951,CHEMBL4874467,CC#CCn1c(N2CCC[C@@H](N)C2)cc(=O)n(Cc2cccc(C(=O)NCC(=O)OC)c2)c1=O,9.1,7.040958607678906,-0.08809999999999762,128.66,467.5259999999997,9,2,9,True
2952,CHEMBL4858093,CC#CCn1c(N2CCC[C@@H](N)C2)cc(=O)n(Cc2cccc(C(=O)N[C@@H](C)C(=O)OC)c2)c1=O,23.7,6.6252516539898965,0.30040000000000244,128.66,481.5529999999997,10,2,9,True
2953,CHEMBL4869930,CC#CCn1c(N2CCC[C@@H](N)C2)cc(=O)n(Cc2cccc(C(=O)NCC(=O)O)c2)c1=O,6.9,7.161150909262744,-0.17649999999999794,139.66,453.49899999999974,8,3,9,True
2954,CHEMBL4859630,CC#CCn1c(N2CCC[C@@H](N)C2)cc(=O)n(Cc2cccc(C(=O)N3CCC[C@H]3C(=O)O)c2)c1=O,34.6,6.460923901207224,0.6983000000000021,130.87,493.56399999999974,7,2,9,True
2955,CHEMBL4871197,CC#CCn1c(N2CCC[C@@H](N)C2)cc(=O)n(Cc2cccc(C(=O)N3CCC[C@@H]3C(=O)O)c2)c1=O,19.1,6.718966632752273,0.6983000000000021,130.87,493.56399999999974,7,2,9,True
2956,CHEMBL4858682,CC#CCn1c(N2CCC[C@@H](N)C2)cc(=O)n(Cc2cccc(C(=O)N[C@@H](C)C(=O)O)c2)c1=O,9.1,7.040958607678906,0.21200000000000213,139.66,467.5259999999997,9,3,9,True
2957,CHEMBL4863102,CC#CCn1c(N2CCC[C@@H](N)C2)cc(=O)n(Cc2ccc(F)c(C(=O)O)c2)c1=O,1.0,8.0,0.8464000000000005,110.56,414.4369999999997,6,2,8,True
2958,CHEMBL4857729,CC#CCn1c(N2CCC[C@@H](N)C2)cc(=O)n(Cc2cc(C(=O)O)ccc2F)c1=O,2.8,7.552841968657781,0.8463999999999996,110.56,414.4369999999997,6,2,8,True
2959,CHEMBL4856337,CC#CCn1c(N2CCC[C@@H](N)C2)cc(=O)n(Cc2ccc(Br)c(C(=O)O)c2)c1=O,0.8,8.096910013008056,1.4698,110.56,475.34299999999973,6,2,8,True
2960,CHEMBL4860737,CC#CCn1c(N2CCC[C@@H](N)C2)cc(=O)n(Cc2cc(Br)cc(C(=O)O)c2)c1=O,4.9,7.309803919971486,1.4698,110.56,475.34299999999973,6,2,8,True
2961,CHEMBL4873862,CC#CCn1c(N2CCC[C@@H](N)C2)cc(=O)n(Cc2cc(C(=O)O)ccc2Br)c1=O,13.0,6.886056647693163,1.4698,110.56,475.34299999999973,6,2,8,True
2962,CHEMBL4865204,CC#CCn1c(N2CCC[C@@H](N)C2)cc(=O)n(Cc2ccc(Cl)c(C(=O)O)c2)c1=O,1.0,8.0,1.3606999999999998,110.56,430.89199999999977,6,2,8,True
2963,CHEMBL4871141,CC#CCn1c(N2CCC[C@@H](N)C2)cc(=O)n(Cc2cccc(C(=O)OC)c2F)c1=O,7.0,7.154901959985743,0.9347999999999999,99.56,428.4639999999997,7,1,8,True
2964,CHEMBL4846335,CC#CCn1c(N2CCC[C@@H](N)C2)cc(=O)n(Cc2ccc(F)c(C(=O)OC)c2)c1=O,1.6,7.795880017344075,0.9347999999999999,99.56,428.4639999999997,7,1,8,True
2965,CHEMBL4876894,CC#CCn1c(N2CCC[C@@H](N)C2)cc(=O)n(Cc2cc(C(=O)OC)ccc2F)c1=O,4.3,7.366531544420414,0.9347999999999999,99.56,428.4639999999997,7,1,8,True
2966,CHEMBL4852700,CC#CCn1c(N2CCC[C@@H](N)C2)cc(=O)n(Cc2cccc(C(=O)OC)c2Br)c1=O,4.5,7.346787486224656,1.5581999999999998,99.56,489.3699999999997,7,1,8,True
2967,CHEMBL4851477,CC#CCn1c(N2CCC[C@@H](N)C2)cc(=O)n(Cc2ccc(Br)c(C(=O)OC)c2)c1=O,1.3,7.886056647693163,1.5581999999999998,99.56,489.3699999999997,7,1,8,True
2968,CHEMBL4863369,CC#CCn1c(N2CCC[C@@H](N)C2)cc(=O)n(Cc2cc(Br)cc(C(=O)OC)c2)c1=O,1.3,7.886056647693163,1.5581999999999998,99.56,489.3699999999997,7,1,8,True
2969,CHEMBL4856255,CC#CCn1c(N2CCC[C@@H](N)C2)cc(=O)n(Cc2cc(C(=O)OC)ccc2Br)c1=O,2.6,7.585026652029182,1.5581999999999998,99.56,489.3699999999997,7,1,8,True
2970,CHEMBL4845890,CC#CCn1c(N2CCC[C@@H](N)C2)cc(=O)n(Cc2ccc(Cl)c(C(=O)OC)c2)c1=O,1.1,7.958607314841775,1.4490999999999998,99.56,444.91899999999976,7,1,8,True
2971,CHEMBL5194237,CS(=O)(=O)Nc1ccc(OCCNCC2COc3ccccc3O2)cc1.Cl,300200.0,2.5225893120927485,2.2883,85.89000000000001,414.9109999999998,9,2,6,True
2972,CHEMBL5176469,CC(C)CS(=O)(=O)Nc1ccc(OCCNCC2COc3ccccc3O2)cc1.Cl,326600.0,2.4859838195993507,3.314500000000002,85.89000000000001,456.9919999999997,12,2,6,True
2973,CHEMBL5177166,NC(CCOc1ccc(S(N)(=O)=O)cc1)C1COc2ccccc2O1,49.0,6.309803919971486,1.2702000000000009,113.87,364.4229999999998,8,2,6,True
2974,CHEMBL5193531,COc1cc(S(N)(=O)=O)ccc1OCCC(N)C1COc2ccccc2O1,57440.0,3.240785568765756,1.2788000000000004,123.10000000000001,394.4489999999998,10,2,7,True
2975,CHEMBL5205289,COc1cc(S(N)(=O)=O)cc(OC)c1OCCC(N)C1COc2ccccc2O1,28.3,6.548213564475709,1.2873999999999999,132.33,424.47499999999974,12,2,8,True
2976,CHEMBL1929396,Cc1cc2ncc(C(=O)NCC(C)(C)NCC(=O)N3CCC[C@H]3C#N)cn2n1,3.3,7.481486060122113,0.6503000000000008,115.42,383.4559999999996,9,2,7,True
2977,CHEMBL5220594,C=COC(=O)[C@@H]1CCCN1C(=O)[C@H](CCCCNC(=O)OC(C)(C)C)NC(=O)OC(C)(C)C,0.16,8.795880017344075,3.2524000000000006,123.27000000000002,469.5789999999995,9,2,7,True
2978,CHEMBL5219761,C/C=C/OC(=O)[C@@H]1CCCN1C(=O)[C@H](CCCCNC(=O)OC(C)(C)C)NC(=O)OC(C)(C)C,6.39,7.1944991418416,3.642500000000001,123.27000000000002,483.60599999999954,10,2,7,True
2979,CHEMBL5220657,C=COC(=O)[C@@H]1CCCN1C(=O)[C@@H](N)CCCCN,0.13,8.886056647693163,0.12040000000000128,98.64999999999999,269.3449999999998,9,2,5,True
2980,CHEMBL5220750,NCCCC[C@H](N)C(=O)N1CCC[C@H]1C(=O)O/C=C/c1ccccc1,0.27,8.568636235841012,1.6478000000000013,98.64999999999999,345.4429999999996,10,2,5,True
2981,CHEMBL5220348,CC(C)=CCC/C(C)=C/OC(=O)[C@@H]1CCCN1C(=O)[C@@H](N)CCCCN,15.3,6.815308569182402,2.6270999999999995,98.64999999999999,365.5179999999994,15,2,5,True
2982,CHEMBL5218500,C/C=C/OC(=O)[C@@H]1CCCN1C(=O)[C@@H](N)CCCCN,0.75,8.1249387366083,0.510500000000001,98.64999999999999,283.3719999999995,10,2,5,True
2983,CHEMBL5220053,C=COC(=O)[C@@H]1CCCN1C(=O)CNC(=O)OC(C)(C)C,24.7,6.607303046740334,1.1887999999999999,84.94000000000001,298.33899999999954,4,1,5,True
2984,CHEMBL5219939,CC(C)(C)OC(=O)NCC(=O)N1CCC[C@H]1C(=O)O/C=C/c1ccccc1,0.26,8.585026652029182,2.7162000000000006,84.94000000000001,374.43699999999967,5,1,5,True
2985,CHEMBL5220415,CCOC(=O)/C=C/OC(=O)[C@@H]1CCCN1C(=O)CNC(=O)OC(C)(C)C,5.9,7.229147988357855,1.1220999999999997,111.24,370.40199999999965,7,1,7,True
2986,CHEMBL5219299,C=COC(=O)[C@@H]1CCCN1C(=O)CN,0.28,8.55284196865778,-0.3771999999999997,72.63,198.2220000000001,4,1,4,True
2987,CHEMBL5219451,NCC(=O)N1CCC[C@H]1C(=O)O/C=C/c1ccccc1,0.28,8.55284196865778,1.1501999999999997,72.63000000000001,274.3199999999996,5,1,4,True
2988,CHEMBL5219735,CCOC(=O)/C=C/OC(=O)[C@@H]1CCCN1C(=O)CN,1.17,7.931814138253839,-0.4438999999999988,98.92999999999999,270.28499999999974,7,1,6,True
2989,CHEMBL5220474,COC(=O)[C@@H]1CCCN1C(=O)[C@H](Cc1ccccc1)NC(=O)OCc1ccccc1,0.46,8.337242168318426,2.6881000000000004,84.94000000000001,410.4699999999997,8,1,5,True
2990,CHEMBL3185489,NC(CC(=O)N1CCn2c(nnc2C(F)(F)F)C1)Cc1cc(F)c(F)cc1F,17.999999999999996,6.744727494896694,2.0164999999999997,77.04,407.3179999999998,5,1,5,True
2991,CHEMBL5280972,CCOC(=O)c1n[nH]c2c(C(=O)OCC)cnn2c1=O.[NaH],53960.0,3.267928059000133,-0.8775000000000004,115.65,304.2379999999998,6,1,8,True
2992,CHEMBL5285907,CCOC(=O)c1cnn2c(=O)c(C(=O)NC(C)(C)C)n[nH]c12.[NaH],48130.0,3.317584138322641,-0.5258999999999993,118.44999999999999,331.30799999999965,4,2,7,True
2993,CHEMBL5284943,N#Cc1cnn2c(=O)c([N+](=O)[O-])n[nH]c12.[NaH],61090.0,3.2140298748679905,-1.4510200000000006,129.98000000000002,230.11900000000003,1,1,7,True
2994,CHEMBL5273757,N/C(=N\O)c1cnn2c(=O)c([N+](=O)[O-])n[nH]c12.[NaH],63560.0,3.196816111464658,-2.2282000000000006,164.79999999999998,263.1489999999999,3,3,8,True
2995,CHEMBL5285955,CCOC(=O)c1cnn2c(=O)c([N+](=O)[O-])n[nH]c12.[NaH],620000.0,2.207608310501746,-1.1460000000000001,132.49,277.17199999999985,4,1,8,True
2996,CHEMBL5291433,NNc1nc(NN)nc(N2C(=O)CSC2=O)n1,6250.0,4.204119982655925,-1.3574000000000006,152.14999999999998,256.25100000000003,5,4,10,True
2997,CHEMBL5270313,CC#CCN1C(N2CCC[C@@H](NC(=O)OC(C)(C)C)C2)=NC2N=C3N(C)C(=O)CN3C(=O)C21,1.7,7.769551078621726,0.035300000000001885,110.15,457.5349999999996,3,1,8,True
2998,CHEMBL5278252,CC#CCn1c(N2CCC[C@@H](N)C2)nc2c(C)c(=O)n(Cc3nc(C)c4c(F)cccc4n3)c(=O)n21,0.5,8.301029995663981,1.3559399999999995,116.34,490.5429999999998,7,1,10,True
2999,CHEMBL5289102,CC#CCn1c(N2CCC[C@@H](N)C2)cc(=O)n(Cc2nc(C)c3cc(C)ccc3n2)c1=O,5.78,7.2380721615794705,1.569139999999999,99.03999999999999,432.52799999999974,7,1,8,True
3000,CHEMBL5267474,N#C[C@@H]1C[C@H](F)CN1C(=O)[C@@H](N)Cc1ccccc1F,3.0,7.522878745280337,1.15808,70.12,279.2899999999997,4,1,3,True
3001,CHEMBL5279581,N#C[C@@H]1C[C@H](F)CN1C(=O)[C@@H](N)Cc1cccc(F)c1,4.0,7.397940008672037,1.1580800000000002,70.12,279.2899999999997,4,1,3,True
3002,CHEMBL5274564,N#C[C@@H]1C[C@H](F)CN1C(=O)[C@@H](N)Cc1ccc(Cl)cc1,6.0,7.221848749616356,1.6723800000000002,70.12,295.7449999999997,4,1,3,True
3003,CHEMBL5272450,N#C[C@@H]1C[C@H](F)CN1C(=O)[C@@H](N)Cc1ccc(Br)cc1,17.0,6.769551078621726,1.7814800000000002,70.12,340.19599999999974,4,1,3,True
3004,CHEMBL5288458,N#C[C@@H]1C[C@H](F)CN1C(=O)[C@@H](N)Cc1ccc(Cl)cc1Cl,40.0,6.3979400086720375,2.325780000000001,70.12,330.1899999999997,4,1,3,True
3005,CHEMBL5280469,N#C[C@@H]1C[C@H](F)CN1C(=O)[C@@H](N)Cc1cc(Cl)c(Cl)cc1Cl,50.0,6.301029995663981,2.9791800000000013,70.12,364.6349999999998,4,1,3,True
3006,CHEMBL5269848,N#C[C@@H]1[C@@H]2CCC[C@@H]2CN1C(=O)[C@@H](N)Cc1cc(F)c(F)cc1F,10.0,7.0,2.1243800000000004,70.12,337.34499999999963,4,1,3,True
3007,CHEMBL5285902,N#C[C@@H]1C[C@H](c2cccs2)CN1C(=O)[C@@H](N)CF,5.0,7.301029995663981,1.2529800000000002,70.12,267.3289999999998,4,1,4,True
3008,CHEMBL5275487,N#C[C@@H]1C[C@H](c2cscn2)CN1C(=O)[C@@H](N)CF,4.0,7.397940008672037,0.6479799999999999,83.01,268.3169999999997,4,1,5,True
3009,CHEMBL5266321,N#C[C@@H]1C[C@H](c2ccc3c(c2Br)OCO3)CN1C(=O)[C@@H](N)CF,10.0,7.0,1.68268,88.58,384.2049999999998,4,1,5,True
3010,CHEMBL5282739,N#C[C@@H]1CCCN1C(=O)C[C@@H](N)Cc1ccc(-c2cn(C3CC3)nn2)cc1,247.0,5.607303046740334,2.0544799999999994,100.83000000000001,364.45299999999963,7,1,6,True
3011,CHEMBL5268023,N#C[C@@H]1CCCN1C(=O)C[C@@H](N)Cc1ccc(-c2cn(C3CCCCC3)nn2)cc1,863.0,5.06398920428479,3.2247800000000018,100.83000000000001,406.5339999999996,7,1,6,True
3012,CHEMBL5266542,Cn1cc(-c2ccc(C[C@H](N)CC(=O)N3CCC[C@H]3C#N)cc2)nn1,265.0,5.576754126063192,1.25658,100.83,338.41499999999957,7,1,6,True
3013,CHEMBL5276287,N#CC1CCCN1C(=O)[C@@H](N)Cc1ccc(-c2cn(Cc3ccc(F)cc3)nn2)cc1,3.79,7.421360790031928,2.5168800000000005,100.83000000000001,418.4759999999997,7,1,6,True
3014,CHEMBL5283569,O=C(CNC(=O)C1CCCN(S(=O)(=O)c2ccccc2)C1)Nc1ccc(F)cc1,90.0,6.045757490560675,1.9812999999999998,95.58000000000001,419.4779999999998,6,2,4,True
3015,CHEMBL5266987,CO[C@@H]1CCCN1C(=O)CC(C)(C)[C@H](N)C(=O)N1CCC[C@H]1C#N.O=C(O)C(F)(F)F,14.0,6.853871964321762,1.4727800000000004,136.95999999999998,450.4579999999996,9,2,7,True
3016,CHEMBL5279548,N#C[C@@H]1C[C@H]2[C@H](CC2(F)F)N1C(=O)[C@@H](N)C12CC3CC(CC(O)(C3)C1)C2,27.0,6.568636235841013,1.7932799999999993,90.35000000000001,365.42399999999964,4,2,4,True
3017,CHEMBL5274894,N#C[C@@H]1CCCN1C(=O)CNC1C[C@H]2CC(O)C[C@H]2C1,12.0,6.920818753952375,0.6400799999999991,76.36,277.36799999999954,4,2,4,True
3018,CHEMBL5273881,COC1C[C@@H]2C[C@H](NCC(=O)N3CCC[C@H]3C#N)C[C@@H]2C1,8.0,7.096910013008056,1.2941799999999999,65.36,291.3949999999995,5,1,4,True
3019,CHEMBL5266197,CC1c2nnc(C(F)(F)F)n2CCN1C(=O)C[C@H](N)Cc1cc(F)c(F)cc1F.Cl,4.3,7.366531544420414,2.999300000000001,77.04,457.8059999999998,6,1,5,True
3020,CHEMBL5285297,COc1ccc(-c2cn(CC[C@H](N)Cc3cc(F)c(F)cc3F)nn2)cc1,150.0,5.823908740944319,3.331100000000001,65.96000000000001,376.3819999999997,9,1,5,True
3021,CHEMBL5290009,N[C@@H](CCn1cc(-c2ccccc2)nn1)Cc1cc(F)c(F)cc1F,150.0,5.823908740944319,3.3225000000000016,56.730000000000004,346.35599999999965,7,1,4,True
3022,CHEMBL5290055,N[C@@H](CCn1cc(CO)nn1)Cc1cc(F)c(F)cc1F,150.0,5.823908740944319,1.1477999999999995,76.96,300.28399999999965,8,2,5,True
3023,CHEMBL5282009,Cc1ccc(-c2cn(CC[C@H](N)Cc3cc(F)c(F)cc3F)nn2)cc1,150.0,5.823908740944319,3.6309200000000015,56.730000000000004,360.3829999999997,8,1,4,True
3024,CHEMBL5277626,Cn1ccnc1-c1cn(CC[C@H](N)Cc2cc(F)c(F)cc2F)nn1,150.0,5.823908740944319,2.0559999999999996,74.55,350.3479999999997,8,1,6,True
3025,CHEMBL5267229,N[C@@H](CCn1cc(C2CCCCC2)nn1)Cc1cc(F)c(F)cc1F,150.0,5.823908740944319,3.7032000000000025,56.730000000000004,352.40399999999954,7,1,4,True
3026,CHEMBL5288509,N[C@@H](CCn1cc(C(=O)O)nn1)Cc1cc(F)c(F)cc1F,150.0,5.823908740944319,1.3536999999999995,94.03,314.26699999999977,7,2,6,True
3027,CHEMBL5267534,COc1ccc(-c2cnnn2CC[C@H](N)Cc2cc(F)c(F)cc2F)cc1,150.0,5.823908740944319,3.331100000000001,65.96000000000001,376.3819999999997,9,1,5,True
3028,CHEMBL5282933,N[C@@H](CCNC(=O)N1CCn2c(nnc2C(F)(F)F)C1)Cc1cc(F)c(F)cc1F,31.0,6.508638306165727,2.1995000000000005,89.07000000000001,436.3599999999998,6,2,5,True
3029,CHEMBL5279910,CS(=O)(=O)n1ncc2c1CN([C@H]1CO[C@H](c3cc(F)ccc3F)[C@@H](N)C1)C2,0.7,8.154901959985743,1.1421,90.45,398.4349999999998,5,1,7,True
3030,CHEMBL5268418,N[C@H]1C[C@@H](N2Cc3cnn(S(=O)(=O)C(F)(F)F)c3C2)CO[C@@H]1c1cc(F)ccc1F,0.7,8.154901959985743,2.0321,90.45,452.4049999999999,4,1,7,True
3031,CHEMBL5273218,CCS(=O)(=O)n1ncc2c1CN([C@H]1CO[C@H](c3cc(F)ccc3F)[C@@H](N)C1)C2,0.7,8.154901959985743,1.5322,90.45,412.4619999999997,6,1,7,True
3032,CHEMBL5275162,CCCS(=O)(=O)n1ncc2c1CN([C@H]1CO[C@H](c3cc(F)ccc3F)[C@@H](N)C1)C2,0.7,8.154901959985743,1.9222999999999995,90.45,426.4889999999997,7,1,7,True
3033,CHEMBL5277064,CC(C)S(=O)(=O)n1ncc2c1CN([C@H]1CO[C@H](c3cc(F)ccc3F)[C@@H](N)C1)C2,0.7,8.154901959985743,1.9206999999999996,90.45,426.4889999999997,7,1,7,True
3034,CHEMBL5267753,Cn1ccnc1S(=O)(=O)n1ncc2c1CN([C@H]1CO[C@H](c3cc(F)ccc3F)[C@@H](N)C1)C2,0.7,8.154901959985743,1.3049,108.27,464.4979999999998,6,1,9,True
3035,CHEMBL5283277,N[C@H]1C[C@@H](N2Cc3cnn(S(=O)(=O)c4ccccc4)c3C2)CO[C@@H]1c1cc(F)ccc1F,0.7,8.154901959985743,2.5714000000000006,90.45,460.5059999999998,5,1,7,True
3036,CHEMBL5274971,Cn1c(=O)n(CC(=O)N2CCC(N)CC2)c(=O)c2sc(N)nc21,320.0,5.494850021680094,-1.3113999999999988,129.24,338.3929999999997,5,2,9,True
3037,CHEMBL5270627,Cn1c(=O)n(CC(=O)N2CCN(c3ccc(Cl)cc3)CC2)c(=O)c2sc(N)nc21,489.0,5.31069114087638,0.7411000000000001,106.46000000000001,434.9089999999998,5,1,9,True
3038,CHEMBL5268865,Cn1c(=O)n(CC(=O)N2CCN(c3ccccn3)CC2)c(=O)c2sc(N)nc21,329.0,5.482804102050026,-0.517299999999999,119.35,401.45199999999977,5,1,10,True
3039,CHEMBL5277490,C#CCn1c(N2CCC[C@H](N)C2)nc2c1c(=O)n(Cc1nc(C)c3ccccc3n1)c(=O)n2C,1.33,7.876148359032914,0.7573200000000002,116.86000000000001,458.5259999999997,7,1,10,True
3040,CHEMBL5289336,O=C(O)Cc1ccccc1C(=O)Nc1ccc(S(=O)(=O)Nc2ncccn2)cc1,33500.0,3.474955192963155,2.1567999999999996,138.35,412.42699999999985,7,3,7,True
3041,CHEMBL430,CO/N=C1\CN(c2nc3c(cc2F)c(=O)c(C(=O)O)cn3C2CC2)CC1CN,2700.0,4.568636235841013,0.966,123.04,389.3869999999998,7,2,9,True
3042,CHEMBL5277115,Cc1c(C(=O)CS(=O)(=O)c2ccccc2)c(=O)n(-c2ccccc2)n1C,10100.0,3.995678626217357,2.14102,78.14000000000001,370.4299999999998,7,0,6,True
3043,CHEMBL5274711,Cc1c(-c2c(S(=O)(=O)c3ccccc3)cnc3ncnn23)c(=O)n(-c2ccccc2)n1C,112.0,5.950781977329818,2.42192,104.15,446.49199999999985,6,0,9,True
3044,CHEMBL5275234,Cc1c(-c2c(S(=O)(=O)c3ccccc3)cnc3nnnn23)c(=O)n(-c2ccccc2)n1C,14.0,6.853871964321762,1.8169199999999994,117.04000000000002,447.47999999999985,6,0,10,True
3045,CHEMBL5276961,COc1ccc(S(=O)(=O)Nc2nc(N3CCOCC3)nc(N3CCOCC3)n2)cc1,1100000000.0,-1.041392685158225,0.35420000000000096,119.01,436.49399999999974,7,1,10,True
3046,CHEMBL5285764,O=C([C@H]1CC[C@@H](n2cc(-c3ccccc3O)nn2)C1)N1CCC(F)(F)C1,620.0,5.2076083105017466,2.8595000000000015,71.25,362.37999999999965,4,1,5,True
3047,CHEMBL5278390,O=C([C@H]1CC[C@@H](n2cc(-c3ccc(-c4ccccc4)cc3)nn2)C1)N1CCC(F)(F)C1,660.0,5.180456064458132,4.820900000000004,51.02,422.47899999999964,4,0,4,True
3048,CHEMBL5274068,COC(=O)c1cn([C@@H]2CC[C@H](C(=O)N3CCC(F)(F)C3)C2)nn1,720.0,5.142667503568732,1.2735,77.32000000000001,328.3189999999997,4,0,6,True
3049,CHEMBL5274129,N[C@@H](CC(=O)N1CCC[C@H]1CNC(=O)c1cccnc1)[C@H]1CCc2cc(F)c(F)cc21,0.87,8.060480747381382,2.5280000000000005,88.32000000000001,428.48299999999966,7,2,4,True
3050,CHEMBL5287906,CC#CCn1c(N2CCC[C@@H](N)C2)cc(=O)n(Cc2cn(-c3ccccc3)nn2)c1=O,185.0,5.732828271596986,0.5897999999999999,103.97,419.4889999999997,6,1,9,True
3051,CHEMBL5275484,CC#CCn1c(N2CCC[C@@H](N)C2)cc(=O)n(Cc2ccc(Br)cc2C(=O)OC)c1=O,395.0,5.403402904373539,1.5581999999999998,99.56,489.3699999999997,7,1,8,True
3052,CHEMBL5286666,CC#CCn1c(N2CCC[C@@H](N)C2)cc(=O)n(Cc2cccc(C(=O)NC)c2)c1=O,3.6,7.443697499232712,0.36870000000000164,102.35999999999999,409.48999999999967,7,2,7,True
3053,CHEMBL5268983,CC#CCn1c(N2CCC[C@@H](N)C2)cc(=O)n(Cc2cccc(C(=O)NCC)c2)c1=O,4.6,7.337242168318426,0.7588000000000013,102.35999999999999,423.51699999999965,8,2,7,True
3054,CHEMBL5279728,CC#CCn1c(N2CCC[C@@H](N)C2)cc(=O)n(Cc2ccc(Cl)c(C(=O)N(C)C)c2)c1=O,1.6,7.795880017344075,1.3643,93.57,457.9619999999997,8,1,7,True
3055,CHEMBL5289049,NCc1c(-c2ccc(Cl)cc2Cl)nc2ccccn12,130.0,5.886056647693163,3.7668000000000017,43.31999999999999,292.16899999999976,3,1,3,True
3056,CHEMBL5265966,Cc1ccccc1-c1nc2ccccn2c1CN,290.0,5.537602002101044,2.76842,43.32,237.30600000000013,4,1,3,True
3057,CHEMBL5414025,CCOC(=O)C1=C(C)NC(C)=C(C(=O)OCC)C1c1cccc2c1OCO2,280320.0,2.552345915512013,2.776300000000001,83.09,373.4049999999997,9,1,7,True
3058,CHEMBL5430588,Nc1nc(NC2=NC(c3ccccc3)=CC(c3ccccc3)O2)nc(N2CCOCC2)n1,260.5,5.584192272364457,2.8709000000000007,110.78,429.48399999999975,5,2,9,True
3059,CHEMBL5433150,Nc1nc(NC2=NC(c3ccccc3)=CC(c3ccccc3O)O2)nc(N2CCOCC2)n1,23.8,6.623423042943488,2.5765000000000002,131.01,445.4829999999998,6,3,10,True
3060,CHEMBL5402568,Nc1nc(NC2=NC(c3ccccc3)=CC(c3cccc(O)c3)O2)nc(N2CCOCC2)n1,22.1,6.655607726314889,2.5765000000000002,131.01,445.4829999999998,6,3,10,True
3061,CHEMBL5435542,Nc1nc(NC2=NC(c3ccccc3)=CC(c3ccc(O)cc3)O2)nc(N2CCOCC2)n1,22.4,6.649751981665837,2.5765000000000002,131.01,445.4829999999998,6,3,10,True
3062,CHEMBL5424840,Nc1nc(NC2=NC(c3ccccc3)=CC(c3ccccc3Cl)O2)nc(N2CCOCC2)n1,52.1,6.283162276700476,3.524300000000001,110.78,463.92899999999975,5,2,9,True
3063,CHEMBL5414427,Nc1nc(NC2=NC(c3ccccc3)=CC(c3cccc(Cl)c3)O2)nc(N2CCOCC2)n1,32.3,6.490797477668897,3.524300000000002,110.78,463.9289999999998,5,2,9,True
3064,CHEMBL5424574,Nc1nc(NC2=NC(c3ccccc3)=CC(c3ccc(Cl)cc3)O2)nc(N2CCOCC2)n1,34.5,6.462180904926726,3.524300000000002,110.78,463.92899999999975,5,2,9,True
3065,CHEMBL5409066,Cc1ccccc1C1C=C(c2ccccc2)N=C(Nc2nc(N)nc(N3CCOCC3)n2)O1,132.5,5.877784121727173,3.1793200000000015,110.78,443.5109999999997,6,2,9,True
3066,CHEMBL5418532,Cc1cccc(C2C=C(c3ccccc3)N=C(Nc3nc(N)nc(N4CCOCC4)n3)O2)c1,78.2,6.106793246940152,3.1793200000000015,110.78,443.51099999999974,6,2,9,True
3067,CHEMBL5414816,Cc1ccc(C2C=C(c3ccccc3)N=C(Nc3nc(N)nc(N4CCOCC4)n3)O2)cc1,90.4,6.043831569524636,3.1793200000000015,110.78,443.51099999999974,6,2,9,True
3068,CHEMBL139702,C=CC(C)(C)c1cc(/C=C/C(=O)c2ccc(O)cc2)c(OC)cc1O,30390.0,3.517269299920057,4.466100000000004,66.76,338.4029999999996,11,2,4,True
3069,CHEMBL5416545,COc1cc(O)c(Cl)cc1/C=C/C(=O)c1ccc(O)cc1,7160.0,4.145086977692144,3.6559000000000017,66.76,304.72899999999976,7,2,4,True
3070,CHEMBL1778898,COc1cc(O)c(Br)cc1/C=C/C(=O)c1ccc(O)cc1,16390.0,3.785421046429501,3.7650000000000015,66.76,349.1799999999999,7,2,4,True
3071,CHEMBL5397277,COc1ccc(C(=O)/C=C/c2cc(Cl)c(O)cc2OC)cc1,11040.0,3.95703092660682,3.9589000000000025,55.760000000000005,318.75599999999974,8,1,4,True
3072,CHEMBL5405870,CCOc1ccc(C(=O)/C=C/c2cc(Cl)c(O)cc2OC)cc1,21170.0,3.674279141980588,4.349000000000004,55.760000000000005,332.78299999999973,9,1,4,True
3073,CHEMBL5424118,CCCOc1ccc(C(=O)/C=C/c2cc(Cl)c(O)cc2OC)cc1,11380.0,3.9438577379409474,4.739100000000004,55.760000000000005,346.8099999999997,10,1,4,True
3074,CHEMBL1778899,COc1ccc(C(=O)/C=C/c2cc(Br)c(O)cc2OC)cc1,34000.0,3.4685210829577446,4.068000000000003,55.760000000000005,363.2069999999999,8,1,4,True
3075,CHEMBL5408749,CCOc1ccc(C(=O)/C=C/c2cc(Br)c(O)cc2OC)cc1,34950.0,3.4565528199183,4.4581000000000035,55.760000000000005,377.23399999999987,9,1,4,True
3076,CHEMBL5412386,CCCOc1ccc(C(=O)/C=C/c2cc(Br)c(O)cc2OC)cc1,26460.0,3.577410160148518,4.848200000000005,55.760000000000005,391.2609999999998,10,1,4,True
3077,CHEMBL5429047,COc1cc(O)c(Cl)cc1/C=C/C(=O)c1ccc(Br)cc1,9870.0,4.005682847330363,4.712800000000002,46.53,367.62599999999975,6,1,3,True
3078,CHEMBL5414115,COc1cc(O)c(Cl)cc1/C=C/C(=O)c1ccc(C(F)(F)F)cc1,12580.0,3.9003193588907497,4.969100000000003,46.53,356.72699999999975,6,1,3,True
3079,CHEMBL5423189,COc1cc(OC)c(/C=C/C(=O)c2ccc(O)cc2)cc1Cl,49220.0,3.3078583906332164,3.9589000000000025,55.760000000000005,318.7559999999997,8,1,4,True
3080,CHEMBL5422010,COc1cc(O)c(Cl)cc1/C=C/C(=O)c1cccc(O)c1,6430.0,4.191789027075778,3.6559000000000017,66.76,304.72899999999976,7,2,4,True
3081,CHEMBL5413637,COc1ccc(C(=O)/C=C/c2cc(Cl)c(O)cc2OC)cc1O,9090.0,4.041436116778033,3.6645000000000016,75.99000000000001,334.75499999999977,9,2,5,True
3082,CHEMBL5411710,COc1cc(C(=O)/C=C/c2cc(Cl)c(O)cc2OC)ccc1O,31950.0,3.495529137505581,3.6645000000000025,75.99000000000001,334.75499999999977,9,2,5,True
3083,CHEMBL5398811,COc1cc(O)c(Cl)cc1/C=C/C(=O)c1ccc(O)c(C)c1,15120.0,3.820448208834813,3.9643200000000016,66.76,318.75599999999974,8,2,4,True
3084,CHEMBL5407794,COc1cc(O)c(Cl)cc1/C=C/C(=O)c1ccc(O)c([N+](=O)[O-])c1,4869.999999999996,4.312471038785366,3.5641000000000016,109.9,349.72599999999983,8,2,6,True
3085,CHEMBL1235760,Cn1c(=O)c2c(nc(N3CCNCC3)n2Cc2ccccc2Cl)n(C)c1=O,2000.0,4.698970004336019,0.5450000000000002,77.09,388.8589999999997,5,1,8,True
3086,CHEMBL37980,NCc1c(N)nc(-c2ccccc2)nc1-c1ccc2c(c1)OCO2,10000.0,4.0,2.5802000000000005,96.28000000000002,320.35199999999975,5,2,6,True
3087,CHEMBL5432172,N#C[C@@H]1CCCN1C(=O)CNC12CC3CC(CC(C3)C1)C2,4.0,7.397940008672037,2.059379999999999,56.13,287.40699999999947,3,1,3,True
3088,CHEMBL5408495,Cc1nnc(N2CCC[C@@H](N)C2)n(Cc2cc(F)ccc2C#N)c1=O,2.2,7.657577319177793,0.9333000000000001,100.83000000000001,342.3779999999997,5,1,7,True
3089,CHEMBL4297435,COC(=O)c1nc(C(F)(F)F)n2c1CN(C(=O)C[C@H](N)Cc1cc(F)c(F)cc1F)CC2,12.0,6.920818753952375,2.4081,90.45,464.3659999999999,7,1,6,True
3090,CHEMBL5430453,Cc1ccc2c(c1)CN(C(=O)CC(C)(C)NCC(=O)N1CCC[C@H]1C#N)C2,3.4,7.468521082957745,2.1101,76.44,368.4809999999996,8,1,4,True
3091,CHEMBL5434074,N#Cc1ccc(F)cc1Cn1c(N2CCC[C@@H](N)C2)nc2cc(-c3cccnc3)sc2c1=O,0.22,8.657577319177793,3.5065800000000014,100.83000000000001,460.53799999999984,5,1,8,True
3092,CHEMBL5425473,N[C@H](C(=O)N1Cc2ccccc2C1)C1CCC(O)CC1,3500.0,4.455931955649724,1.4071999999999993,66.56,274.36399999999963,4,2,3,True
