--------------------------------------------------------------------------------
JobId          : aq92-0-681c6c19
Name           : sitemap_cognate_ligand
Program        : SiteMap
Version        : 2024-1 build 135
Host           : aq92
Dir            : /media/TC_Lehre/storage/meinschad_lukas_ff_pr/2025/Day_3/docking_my_protein/sitemap_cognate_ligand
HostEntry      : localhost
JobHost        : aq92
JobDir         : /scratch/praktikum/sitemap_cognate_ligand
JobSchrodinger : /usr/local/schrodinger2024-1
Commandline    : /usr/local/schrodinger2024-1/sitemap sitemap_cognate_ligand.in -HOST localhost:1 -PROJ /media/TC_Lehre/storage/meinschad_lukas_ff_pr/2025/Day_3/docking_my_protein/dipeptidyl_peptidase_4_docking.prj -DISP append -VIEWNAME sitemap_gui.SiteMapUI -TMPLAUNCHDIR
StartTime      : 2025-05-08-10:32:26
--------------------------------------------------------------------------------

== Begin input keywords ==
ADDPHIL  -8.0
ADDPHOB  -0.5
ADDSP  True
COMPRESS  True
CUTOFF  20.0
D2THRESH  3.1
DTHRESH  6.5
DVSCALE  2.5
ENCLOSURE  0.5
EXTEND  3
FAKE  False
FFIELD  OPLS_2005
GRID  0.7
KEEPELEC  False
KEEPVDW  False
KEEPVOLPTS  False
KMAX  3
KMAX2  5
MAPDIST  4.0
MARGIN  6.0
MAXDIST  8.0
MAXSITES  5
MAXVDW  1.1
MINGROUP  3
MODBALANCE  False
MODCHARGES  True
MODPHOBIC  3
NEARRES  3.5
NTHRESH  3
PROT  sitemap_cognate_ligand.mae
R2THRESH  4.1
REPORTSIZE  15
ROUND  False
RTHRESH  5.0
SITEBOX  6.0
VERBOSITY  0
WRITEGRIDS  False
WRITEPOT  False
WRITESTRUCTS  True
WRITEVIS  True
== End input keywords ==

== Begin single-receptor SiteMap calculation ==
[running at reduced cpu priority]

-- Begin site search --
 Parameters for this calculation:
 sitecut =  0.500000000000000     
 sitescmin =   1.10000000000000     
 afactor =   1.00000000000000     
 bfactor =   1.00000000000000     
 imaxsite =           8
 ithresh =           3
 mingroup =           3
 kmax =           3
 kmax2 =           5
 r2thresh =   4.10000000000000     
 dvscale =   2.50000000000000     
 dvscnorm =   2.50000000000000     
 dvscbig =   2.50000000000000     
 border =   2.00000000000000     
 dthresh =   6.50000000000000     
 rthresh =   5.00000000000000     
 maxgroup =         100
 r2thresh =   4.10000000000000     
 nthresh =           3
 ndir =         110
 use_vdw = T
 repname = none
 repsize =          15
 maxrep =           5
 sitelis = sites.lis
 profile = none
 sitelig = none
 siteasl = none
 use_sitelig =  T
 sitebox =   6.00000000000000     
 writepdb =  F
 number of protein atoms =       11659
Starting findsites:  Thursday, May 08 2025, at 10:32:31 CEST
ptypes obtained:  Thursday, May 08 2025, at 10:32:31 CEST
lj parameters obtained:  Thursday, May 08 2025, at 10:32:31 CEST
Basic parameters obtained:  Thursday, May 08 2025, at 10:32:31 CEST
Receptor parameterization completed:  Thursday, May 08 2025, at 10:32:31 CEST
 scaled value of sitecut =   55.0000000000000     
 sphere directions set up         110
Thursday, May 08 2025, at 10:32:31 CEST
 FINDSITES using entire protein
 boundaries   5.83242200000000        82.7181110000000     
   17.4470970000000        97.8480890000000        5.18368000000000     
   82.9662240000000     
 box          77          80          78
 maximum number of atoms in a sitebox =           8
Site points found:  Thursday, May 08 2025, at 10:32:32 CEST
 boxes, patoms in boxes, empty boxes =       21141       11659       16935
 total, outside sites =      480480      344313
Site points pruned:  Thursday, May 08 2025, at 10:32:34 CEST
final goodsites =      1312
       302 sites will be removed
      1010 good sites remain
Number of site groups found =    56

  Group  index  size  score     x       y       z     stdev
    1     11     91    1.52   41.98   46.27   56.86    4.57
    2     14     90    1.47   56.99   40.49   25.77    5.60
    3     13     65    1.44   39.32   50.76   35.70    4.84
    4      7     58    1.52   35.45   67.26   28.15    3.23
    5      9     50    1.54   53.79   48.87   34.23    3.01
    6      3     43    1.54   53.78   34.58   44.69    2.47
    7     29     38    1.41   48.92   78.67   50.35    2.21
    8     21     36    1.59   34.93   58.89   38.81    1.98
    9      6     34    1.70   43.14   39.92   23.59    1.74
   10     19     33    1.51   59.63   74.44   15.28    3.00
   11     34     30    1.45   43.93   27.12   39.82    2.37
   12      8     28    1.86   22.44   31.19   45.09    2.50
   13     17     25    1.46   54.79   91.03   37.08    3.03
   14     40     23    1.38   58.55   72.01   41.91    2.54
   15     18     23    1.48   48.72   72.82   39.32    1.85
   16     41     21    1.38   29.38   64.27   37.00    2.30
   17     37     21    1.34   68.53   38.18   40.39    2.11
   18     15     20    1.60   51.30   82.50   17.59    1.58
   19     20     17    1.84   42.08   54.63   15.84    1.99
   20     16     17    1.52   35.40   48.16   49.28    2.95
   21     10     17    1.67   18.71   51.06   40.58    1.52
   22     49     15    1.31   74.39   55.91   45.89    1.60
   23     33     14    1.53   44.47   61.89   64.70    1.63
   24      5     14    1.84   37.29   59.57   14.47    1.17
   25     26     13    1.45   49.14   41.11   58.01    1.20
   26     36     11    1.49   22.30   56.08   31.51    1.16
   27     27     11    1.50   49.00   58.99   13.44    1.19
   28     45      9    1.41   66.34   59.99   39.87    1.15
   29     22      9    1.50   14.82   39.96   48.66    1.45
   30      2      9    2.40   58.60   47.82   24.03    1.64
   31     46      8    1.41   47.92   71.58   15.18    1.12
   32     43      7    1.42   51.85   59.73   30.85    1.96
   33     42      7    1.49   58.72   54.81   12.18    1.25
   34     39      7    1.41   47.55   88.82   47.57    1.00
   35     28      7    1.45   65.56   46.07   16.23    1.02
   36     44      6    1.42   19.89   58.69   34.50    1.01
   37     38      6    1.51   23.04   30.62   53.34    1.03
   38     32      6    1.54   52.67   60.98   51.25    1.04
   39     12      6    1.60   43.25   62.55   14.18    1.08
   40      4      6    1.94   59.93   53.03   58.10    1.41
   41     55      5    1.22   51.28   69.04   51.44    1.79
   42     47      5    1.41   43.83   46.28   14.79    0.89
   43     35      5    1.63   40.20   57.86   58.63    0.85
   44     30      5    1.58   18.29   48.51   53.79    0.96
   45     24      5    1.63   62.67   75.86   44.42    1.10
   46     23      5    1.64   46.93   85.23   28.03    0.84
   47      1      5    2.36   40.04   37.22   41.61    1.20
   48     56      4    1.21   60.34   37.93   27.18    0.71
   49     51      4    1.32   53.33   50.16   45.97    0.79
   50     25      4    1.47   30.26   63.10   43.42    0.81
   51     50      3    1.40   47.21   46.74   46.48    0.81
   52     54      2    1.27   68.83   58.90   34.73    0.70
   53     52      2    1.29   44.83   49.45   65.62    0.50
   54     48      2    1.38   64.25   76.45   30.18    0.49
   55     31      2    1.91   41.83   84.45   35.69    0.50
   56     53      1    1.40   35.83   78.45   36.18    0.00

Inter-group relationships
     g1     g2     n1     n2    dmin    davg   spread  ratio     x1      y1      z1      x2      y2      z2
      1      2     91     90   23.37   35.00   10.17    3.44   41.98   46.27   56.86   56.99   40.49   25.77
      1      3     91     65   11.58   21.79    9.42    2.31   41.98   46.27   56.86   39.32   50.76   35.70
      1      4     91     58   26.55   36.16    7.80    4.63   41.98   46.27   56.86   35.45   67.26   28.15
      1      5     91     50   14.18   25.66    7.58    3.38   41.98   46.27   56.86   53.79   48.87   34.23
      1      6     91     43   15.07   20.59    7.05    2.92   41.98   46.27   56.86   53.78   34.58   44.69
      1      7     91     38   27.00   33.77    6.78    4.98   41.98   46.27   56.86   48.92   78.67   50.35
      1      8     91     36   13.42   23.13    6.56    3.53   41.98   46.27   56.86   34.93   58.89   38.81
      1      9     91     34   25.00   33.90    6.31    5.37   41.98   46.27   56.86   43.14   39.92   23.59
      1     10     91     33   44.60   53.23    7.57    7.03   41.98   46.27   56.86   59.63   74.44   15.28
      1     11     91     30   19.72   25.71    6.95    3.70   41.98   46.27   56.86   43.93   27.12   39.82
      1     12     91     28   19.39   27.35    7.07    3.87   41.98   46.27   56.86   22.44   31.19   45.09
      1     13     91     25   44.96   50.58    7.60    6.65   41.98   46.27   56.86   54.79   91.03   37.08
      1     14     91     23   28.43   34.07    7.11    4.79   41.98   46.27   56.86   58.55   72.01   41.91
      1     15     91     23   26.00   32.53    6.42    5.07   41.98   46.27   56.86   48.72   72.82   39.32
      1     16     91     21   21.77   29.62    6.87    4.31   41.98   46.27   56.86   29.38   64.27   37.00
      1     17     91     21   25.96   32.27    6.68    4.83   41.98   46.27   56.86   68.53   38.18   40.39
      1     18     91     20   46.59   54.24    6.15    8.81   41.98   46.27   56.86   51.30   82.50   17.59
      1     19     91     17   32.57   41.86    6.56    6.38   41.98   46.27   56.86   42.08   54.63   15.84
      1     20     91     17    2.83   10.22    7.52    1.36   41.98   46.27   56.86   35.40   48.16   49.28
 groups           1          20  will be considered for merger
site groups connected   37.83   47.45   52.18  26    3.00   5   4   2
                        36.83   48.45   51.18
 successful merge of groups           1          20
Number of site groups found =    55

  Group  index  size  score     x       y       z     stdev
    1     11    108    1.52   40.95   46.57   55.67    5.73
    2     14     90    1.47   56.99   40.49   25.77    5.60
    3     13     65    1.44   39.32   50.76   35.70    4.84
    4      7     58    1.52   35.45   67.26   28.15    3.23
    5      9     50    1.54   53.79   48.87   34.23    3.01
    6      3     43    1.54   53.78   34.58   44.69    2.47
    7     28     38    1.41   48.92   78.67   50.35    2.21
    8     20     36    1.59   34.93   58.89   38.81    1.98
    9      6     34    1.70   43.14   39.92   23.59    1.74
   10     18     33    1.51   59.63   74.44   15.28    3.00
   11     33     30    1.45   43.93   27.12   39.82    2.37
   12      8     28    1.86   22.44   31.19   45.09    2.50
   13     16     25    1.46   54.79   91.03   37.08    3.03
   14     39     23    1.38   58.55   72.01   41.91    2.54
   15     17     23    1.48   48.72   72.82   39.32    1.85
   16     40     21    1.38   29.38   64.27   37.00    2.30
   17     36     21    1.34   68.53   38.18   40.39    2.11
   18     15     20    1.60   51.30   82.50   17.59    1.58
   19     19     17    1.84   42.08   54.63   15.84    1.99
   20     10     17    1.67   18.71   51.06   40.58    1.52
   21     48     15    1.31   74.39   55.91   45.89    1.60
   22     32     14    1.53   44.47   61.89   64.70    1.63
   23      5     14    1.84   37.29   59.57   14.47    1.17
   24     25     13    1.45   49.14   41.11   58.01    1.20
   25     35     11    1.49   22.30   56.08   31.51    1.16
   26     26     11    1.50   49.00   58.99   13.44    1.19
   27     44      9    1.41   66.34   59.99   39.87    1.15
   28     21      9    1.50   14.82   39.96   48.66    1.45
   29      2      9    2.40   58.60   47.82   24.03    1.64
   30     45      8    1.41   47.92   71.58   15.18    1.12
   31     42      7    1.42   51.85   59.73   30.85    1.96
   32     41      7    1.49   58.72   54.81   12.18    1.25
   33     38      7    1.41   47.55   88.82   47.57    1.00
   34     27      7    1.45   65.56   46.07   16.23    1.02
   35     43      6    1.42   19.89   58.69   34.50    1.01
   36     37      6    1.51   23.04   30.62   53.34    1.03
   37     31      6    1.54   52.67   60.98   51.25    1.04
   38     12      6    1.60   43.25   62.55   14.18    1.08
   39      4      6    1.94   59.93   53.03   58.10    1.41
   40     54      5    1.22   51.28   69.04   51.44    1.79
   41     46      5    1.41   43.83   46.28   14.79    0.89
   42     34      5    1.63   40.20   57.86   58.63    0.85
   43     29      5    1.58   18.29   48.51   53.79    0.96
   44     23      5    1.63   62.67   75.86   44.42    1.10
   45     22      5    1.64   46.93   85.23   28.03    0.84
   46      1      5    2.36   40.04   37.22   41.61    1.20
   47     55      4    1.21   60.34   37.93   27.18    0.71
   48     50      4    1.32   53.33   50.16   45.97    0.79
   49     24      4    1.47   30.26   63.10   43.42    0.81
   50     49      3    1.40   47.21   46.74   46.48    0.81
   51     53      2    1.27   68.83   58.90   34.73    0.70
   52     51      2    1.29   44.83   49.45   65.62    0.50
   53     47      2    1.38   64.25   76.45   30.18    0.49
   54     30      2    1.91   41.83   84.45   35.69    0.50
   55     52      1    1.40   35.83   78.45   36.18    0.00

Inter-group relationships
     g1     g2     n1     n2    dmin    davg   spread  ratio     x1      y1      z1      x2      y2      z2
      1      2    108     90   23.37   34.47   11.33    3.04   40.95   46.57   55.67   56.99   40.49   25.77
      1      3    108     65    7.35   20.47   10.57    1.94   40.95   46.57   55.67   39.32   50.76   35.70
      1      4    108     58   23.43   34.86    8.96    3.89   40.95   46.57   55.67   35.45   67.26   28.15
      1      5    108     50   14.18   25.10    8.74    2.87   40.95   46.57   55.67   53.79   48.87   34.23
      1      6    108     43   15.07   20.71    8.20    2.52   40.95   46.57   55.67   53.78   34.58   44.69
      1      7    108     38   26.57   33.50    7.94    4.22   40.95   46.57   55.67   48.92   78.67   50.35
      1      8    108     36    9.43   21.73    7.71    2.82   40.95   46.57   55.67   34.93   58.89   38.81
      1      9    108     34   22.93   32.84    7.47    4.40   40.95   46.57   55.67   43.14   39.92   23.59
      1     10    108     33   44.60   52.51    8.73    6.02   40.95   46.57   55.67   59.63   74.44   15.28
      1     11    108     30   19.72   25.26    8.10    3.12   40.95   46.57   55.67   43.93   27.12   39.82
      1     12    108     28   17.23   26.28    8.23    3.19   40.95   46.57   55.67   22.44   31.19   45.09
      1     13    108     25   44.96   50.14    8.76    5.72   40.95   46.57   55.67   54.79   91.03   37.08
      1     14    108     23   28.43   33.86    8.26    4.10   40.95   46.57   55.67   58.55   72.01   41.91
      1     15    108     23   26.00   31.89    7.58    4.21   40.95   46.57   55.67   48.72   72.82   39.32
      1     16    108     21   17.94   28.21    8.03    3.51   40.95   46.57   55.67   29.38   64.27   37.00
      1     17    108     21   25.96   32.62    7.84    4.16   40.95   46.57   55.67   68.53   38.18   40.39
      1     18    108     20   45.79   53.37    7.31    7.30   40.95   46.57   55.67   51.30   82.50   17.59
      1     19    108     17   29.85   40.65    7.72    5.27   40.95   46.57   55.67   42.08   54.63   15.84
      1     20    108     17   15.36   27.24    7.25    3.76   40.95   46.57   55.67   18.71   51.06   40.58
      1     21    108     15   31.29   36.07    7.33    4.92   40.95   46.57   55.67   74.39   55.91   45.89
      1     22    108     14   14.04   18.13    7.35    2.47   40.95   46.57   55.67   44.47   61.89   64.70
      1     23    108     14   32.59   43.36    6.90    6.29   40.95   46.57   55.67   37.29   59.57   14.47
      1     24    108     13    4.24   10.12    6.93    1.46   40.95   46.57   55.67   49.14   41.11   58.01
 groups           1          24  will be considered for merger
site groups connected   46.83   44.45   61.18  35    3.00   3   6   6
                        47.83   43.45   60.18
 successful merge of groups           1          24
Number of site groups found =    54

  Group  index  size  score     x       y       z     stdev
    1     11    121    1.52   41.79   46.00   55.91    6.25
    2     14     90    1.47   56.99   40.49   25.77    5.60
    3     13     65    1.44   39.32   50.76   35.70    4.84
    4      7     58    1.52   35.45   67.26   28.15    3.23
    5      9     50    1.54   53.79   48.87   34.23    3.01
    6      3     43    1.54   53.78   34.58   44.69    2.47
    7     27     38    1.41   48.92   78.67   50.35    2.21
    8     20     36    1.59   34.93   58.89   38.81    1.98
    9      6     34    1.70   43.14   39.92   23.59    1.74
   10     18     33    1.51   59.63   74.44   15.28    3.00
   11     32     30    1.45   43.93   27.12   39.82    2.37
   12      8     28    1.86   22.44   31.19   45.09    2.50
   13     16     25    1.46   54.79   91.03   37.08    3.03
   14     38     23    1.38   58.55   72.01   41.91    2.54
   15     17     23    1.48   48.72   72.82   39.32    1.85
   16     39     21    1.38   29.38   64.27   37.00    2.30
   17     35     21    1.34   68.53   38.18   40.39    2.11
   18     15     20    1.60   51.30   82.50   17.59    1.58
   19     19     17    1.84   42.08   54.63   15.84    1.99
   20     10     17    1.67   18.71   51.06   40.58    1.52
   21     47     15    1.31   74.39   55.91   45.89    1.60
   22     31     14    1.53   44.47   61.89   64.70    1.63
   23      5     14    1.84   37.29   59.57   14.47    1.17
   24     34     11    1.49   22.30   56.08   31.51    1.16
   25     25     11    1.50   49.00   58.99   13.44    1.19
   26     43      9    1.41   66.34   59.99   39.87    1.15
   27     21      9    1.50   14.82   39.96   48.66    1.45
   28      2      9    2.40   58.60   47.82   24.03    1.64
   29     44      8    1.41   47.92   71.58   15.18    1.12
   30     41      7    1.42   51.85   59.73   30.85    1.96
   31     40      7    1.49   58.72   54.81   12.18    1.25
   32     37      7    1.41   47.55   88.82   47.57    1.00
   33     26      7    1.45   65.56   46.07   16.23    1.02
   34     42      6    1.42   19.89   58.69   34.50    1.01
   35     36      6    1.51   23.04   30.62   53.34    1.03
   36     30      6    1.54   52.67   60.98   51.25    1.04
   37     12      6    1.60   43.25   62.55   14.18    1.08
   38      4      6    1.94   59.93   53.03   58.10    1.41
   39     53      5    1.22   51.28   69.04   51.44    1.79
   40     45      5    1.41   43.83   46.28   14.79    0.89
   41     33      5    1.63   40.20   57.86   58.63    0.85
   42     28      5    1.58   18.29   48.51   53.79    0.96
   43     23      5    1.63   62.67   75.86   44.42    1.10
   44     22      5    1.64   46.93   85.23   28.03    0.84
   45      1      5    2.36   40.04   37.22   41.61    1.20
   46     54      4    1.21   60.34   37.93   27.18    0.71
   47     49      4    1.32   53.33   50.16   45.97    0.79
   48     24      4    1.47   30.26   63.10   43.42    0.81
   49     48      3    1.40   47.21   46.74   46.48    0.81
   50     52      2    1.27   68.83   58.90   34.73    0.70
   51     50      2    1.29   44.83   49.45   65.62    0.50
   52     46      2    1.38   64.25   76.45   30.18    0.49
   53     29      2    1.91   41.83   84.45   35.69    0.50
   54     51      1    1.40   35.83   78.45   36.18    0.00

Inter-group relationships
     g1     g2     n1     n2    dmin    davg   spread  ratio     x1      y1      z1      x2      y2      z2
      1      2    121     90   23.37   34.20   11.85    2.89   41.79   46.00   55.91   56.99   40.49   25.77
      1      3    121     65    7.35   20.91   11.09    1.88   41.79   46.00   55.91   39.32   50.76   35.70
      1      4    121     58   23.43   35.53    9.48    3.75   41.79   46.00   55.91   35.45   67.26   28.15
      1      5    121     50   14.18   24.94    9.26    2.69   41.79   46.00   55.91   53.79   48.87   34.23
      1      6    121     43   12.88   20.01    8.72    2.29   41.79   46.00   55.91   53.78   34.58   44.69
      1      7    121     38   26.57   33.89    8.46    4.01   41.79   46.00   55.91   48.92   78.67   50.35
      1      8    121     36    9.43   22.49    8.23    2.73   41.79   46.00   55.91   34.93   58.89   38.81
      1      9    121     34   22.93   32.92    7.99    4.12   41.79   46.00   55.91   43.14   39.92   23.59
      1     10    121     33   44.60   52.70    9.25    5.70   41.79   46.00   55.91   59.63   74.44   15.28
      1     11    121     30   19.72   24.90    8.62    2.89   41.79   46.00   55.91   43.93   27.12   39.82
      1     12    121     28   17.23   26.66    8.75    3.05   41.79   46.00   55.91   22.44   31.19   45.09
      1     13    121     25   44.96   50.51    9.28    5.44   41.79   46.00   55.91   54.79   91.03   37.08
      1     14    121     23   28.43   33.96    8.78    3.87   41.79   46.00   55.91   58.55   72.01   41.91
      1     15    121     23   26.00   32.29    8.10    3.99   41.79   46.00   55.91   48.72   72.82   39.32
      1     16    121     21   17.94   29.07    8.55    3.40   41.79   46.00   55.91   29.38   64.27   37.00
      1     17    121     21   22.02   31.89    8.36    3.81   41.79   46.00   55.91   68.53   38.18   40.39
      1     18    121     20   45.79   53.77    7.83    6.87   41.79   46.00   55.91   51.30   82.50   17.59
      1     19    121     17   29.85   40.99    8.24    4.98   41.79   46.00   55.91   42.08   54.63   15.84
      1     20    121     17   15.36   28.16    7.77    3.63   41.79   46.00   55.91   18.71   51.06   40.58
      1     21    121     15   29.43   35.51    7.85    4.52   41.79   46.00   55.91   74.39   55.91   45.89
      1     22    121     14   14.04   18.35    7.87    2.33   41.79   46.00   55.91   44.47   61.89   64.70
      1     23    121     14   32.59   43.84    7.42    5.91   41.79   46.00   55.91   37.29   59.57   14.47
      1     24    121     11   20.10   32.81    7.41    4.43   41.79   46.00   55.91   22.30   56.08   31.51
      1     25    121     11   36.19   44.99    7.44    6.05   41.79   46.00   55.91   49.00   58.99   13.44
      1     26    121      9   27.46   32.49    7.40    4.39   41.79   46.00   55.91   66.34   59.99   39.87
      1     27    121      9   19.75   28.58    7.70    3.71   41.79   46.00   55.91   14.82   39.96   48.66
      1     28    121      9   29.17   36.09    7.89    4.58   41.79   46.00   55.91   58.60   47.82   24.03
      1     29    121      8   39.86   48.48    7.37    6.58   41.79   46.00   55.91   47.92   71.58   15.18
      1     30    121      7   23.79   30.30    8.21    3.69   41.79   46.00   55.91   51.85   59.73   30.85
      1     31    121      7   40.91   47.71    7.50    6.36   41.79   46.00   55.91   58.72   54.81   12.18
      1     32    121      7   39.87   44.00    7.25    6.07   41.79   46.00   55.91   47.55   88.82   47.57
      1     33    121      7   40.00   46.25    7.27    6.36   41.79   46.00   55.91   65.56   46.07   16.23
      1     34    121      6   21.66   33.16    7.26    4.57   41.79   46.00   55.91   19.89   58.69   34.50
      1     35    121      6   19.87   24.39    7.28    3.35   41.79   46.00   55.91   23.04   30.62   53.34
      1     36    121      6   16.52   19.09    7.29    2.62   41.79   46.00   55.91   52.67   60.98   51.25
      1     37    121      6   34.94   44.92    7.33    6.13   41.79   46.00   55.91   43.25   62.55   14.18
      1     38    121      6   14.56   19.58    7.66    2.56   41.79   46.00   55.91   59.93   53.03   58.10
      1     39    121      5   22.91   25.31    8.04    3.15   41.79   46.00   55.91   51.28   69.04   51.44
      1     40    121      5   31.78   41.17    7.14    5.76   41.79   46.00   55.91   43.83   46.28   14.79
      1     41    121      5   10.00   12.26    7.10    1.73   41.79   46.00   55.91   40.20   57.86   58.63
      1     42    121      5   16.00   23.73    7.21    3.29   41.79   46.00   55.91   18.29   48.51   53.79
      1     43    121      5   34.77   38.20    7.35    5.20   41.79   46.00   55.91   62.67   75.86   44.42
      1     44    121      5   41.73   48.40    7.09    6.82   41.79   46.00   55.91   46.93   85.23   28.03
      1     45    121      5   10.25   16.88    7.45    2.27   41.79   46.00   55.91   40.04   37.22   41.61
      1     46    121      4   29.44   35.13    6.96    5.05   41.79   46.00   55.91   60.34   37.93   27.18
      1     47    121      4   11.49   15.79    7.04    2.24   41.79   46.00   55.91   53.33   50.16   45.97
      1     48    121      4   14.80   24.11    7.05    3.42   41.79   46.00   55.91   30.26   63.10   43.42
      2      3     90     65   12.25   22.72   10.44    2.18   56.99   40.49   25.77   39.32   50.76   35.70
      2      4     90     58   27.20   34.44    8.83    3.90   56.99   40.49   25.77   35.45   67.26   28.15
      2      5     90     50    4.24   12.33    8.61    1.43   56.99   40.49   25.77   53.79   48.87   34.23
 groups           2           5  will be considered for merger
      2      6     90     43   12.08   20.08    8.07    2.49   56.99   40.49   25.77   53.78   34.58   44.69
      2      7     90     38   38.38   46.11    7.81    5.91   56.99   40.49   25.77   48.92   78.67   50.35
      2      8     90     36   25.02   31.54    7.58    4.16   56.99   40.49   25.77   34.93   58.89   38.81
      2      9     90     34    8.77   14.03    7.34    1.91   56.99   40.49   25.77   43.14   39.92   23.59
      2     10     90     33   27.00   35.63    8.60    4.15   56.99   40.49   25.77   59.63   74.44   15.28
      2     11     90     30   11.36   23.38    7.97    2.93   56.99   40.49   25.77   43.93   27.12   39.82
      2     12     90     28   32.66   40.66    8.10    5.02   56.99   40.49   25.77   22.44   31.19   45.09
      2     13     90     25   45.22   51.83    8.63    6.01   56.99   40.49   25.77   54.79   91.03   37.08
      2     14     90     23   30.15   35.43    8.13    4.36   56.99   40.49   25.77   58.55   72.01   41.91
      2     15     90     23   30.15   36.01    7.45    4.84   56.99   40.49   25.77   48.72   72.82   39.32
      2     16     90     21   31.45   38.13    7.90    4.83   56.99   40.49   25.77   29.38   64.27   37.00
      2     17     90     21   14.87   18.76    7.71    2.43   56.99   40.49   25.77   68.53   38.18   40.39
      2     18     90     20   37.11   43.17    7.18    6.01   56.99   40.49   25.77   51.30   82.50   17.59
      2     19     90     17   19.70   22.82    7.59    3.01   56.99   40.49   25.77   42.08   54.63   15.84
      2     20     90     17   35.34   42.38    7.12    5.96   56.99   40.49   25.77   18.71   51.06   40.58
      2     21     90     15   26.44   30.74    7.20    4.27   56.99   40.49   25.77   74.39   55.91   45.89
      2     22     90     14   40.44   46.15    7.22    6.39   56.99   40.49   25.77   44.47   61.89   64.70
      2     23     90     14   26.10   29.66    6.77    4.38   56.99   40.49   25.77   37.29   59.57   14.47
      2     24     90     11   32.79   38.46    6.76    5.69   56.99   40.49   25.77   22.30   56.08   31.51
      2     25     90     11   18.55   23.62    6.79    3.48   56.99   40.49   25.77   49.00   58.99   13.44
      2     26     90      9   22.16   25.81    6.75    3.82   56.99   40.49   25.77   66.34   59.99   39.87
      2     27     90      9   41.59   47.98    7.05    6.81   56.99   40.49   25.77   14.82   39.96   48.66
      2     28     90      9    3.16    7.70    7.24    1.06   56.99   40.49   25.77   58.60   47.82   24.03
 groups           2          28  will be considered for merger
site groups connected   59.83   43.45   25.18  11    4.00   3   3   4
                        59.83   45.45   25.18
 successful merge of groups           2          28
Number of site groups found =    53

  Group  index  size  score     x       y       z     stdev
    1     11    121    1.52   41.79   46.00   55.91    6.25
    2      2     99    1.55   57.22   41.52   25.53    5.87
    3     13     65    1.44   39.32   50.76   35.70    4.84
    4      7     58    1.52   35.45   67.26   28.15    3.23
    5      9     50    1.54   53.79   48.87   34.23    3.01
    6      3     43    1.54   53.78   34.58   44.69    2.47
    7     26     38    1.41   48.92   78.67   50.35    2.21
    8     19     36    1.59   34.93   58.89   38.81    1.98
    9      6     34    1.70   43.14   39.92   23.59    1.74
   10     17     33    1.51   59.63   74.44   15.28    3.00
   11     31     30    1.45   43.93   27.12   39.82    2.37
   12      8     28    1.86   22.44   31.19   45.09    2.50
   13     15     25    1.46   54.79   91.03   37.08    3.03
   14     37     23    1.38   58.55   72.01   41.91    2.54
   15     16     23    1.48   48.72   72.82   39.32    1.85
   16     38     21    1.38   29.38   64.27   37.00    2.30
   17     34     21    1.34   68.53   38.18   40.39    2.11
   18     14     20    1.60   51.30   82.50   17.59    1.58
   19     18     17    1.84   42.08   54.63   15.84    1.99
   20     10     17    1.67   18.71   51.06   40.58    1.52
   21     46     15    1.31   74.39   55.91   45.89    1.60
   22     30     14    1.53   44.47   61.89   64.70    1.63
   23      5     14    1.84   37.29   59.57   14.47    1.17
   24     33     11    1.49   22.30   56.08   31.51    1.16
   25     24     11    1.50   49.00   58.99   13.44    1.19
   26     42      9    1.41   66.34   59.99   39.87    1.15
   27     20      9    1.50   14.82   39.96   48.66    1.45
   28     43      8    1.41   47.92   71.58   15.18    1.12
   29     40      7    1.42   51.85   59.73   30.85    1.96
   30     39      7    1.49   58.72   54.81   12.18    1.25
   31     36      7    1.41   47.55   88.82   47.57    1.00
   32     25      7    1.45   65.56   46.07   16.23    1.02
   33     41      6    1.42   19.89   58.69   34.50    1.01
   34     35      6    1.51   23.04   30.62   53.34    1.03
   35     29      6    1.54   52.67   60.98   51.25    1.04
   36     12      6    1.60   43.25   62.55   14.18    1.08
   37      4      6    1.94   59.93   53.03   58.10    1.41
   38     52      5    1.22   51.28   69.04   51.44    1.79
   39     44      5    1.41   43.83   46.28   14.79    0.89
   40     32      5    1.63   40.20   57.86   58.63    0.85
   41     27      5    1.58   18.29   48.51   53.79    0.96
   42     22      5    1.63   62.67   75.86   44.42    1.10
   43     21      5    1.64   46.93   85.23   28.03    0.84
   44      1      5    2.36   40.04   37.22   41.61    1.20
   45     53      4    1.21   60.34   37.93   27.18    0.71
   46     48      4    1.32   53.33   50.16   45.97    0.79
   47     23      4    1.47   30.26   63.10   43.42    0.81
   48     47      3    1.40   47.21   46.74   46.48    0.81
   49     51      2    1.27   68.83   58.90   34.73    0.70
   50     49      2    1.29   44.83   49.45   65.62    0.50
   51     45      2    1.38   64.25   76.45   30.18    0.49
   52     28      2    1.91   41.83   84.45   35.69    0.50
   53     50      1    1.40   35.83   78.45   36.18    0.00

Inter-group relationships
     g1     g2     n1     n2    dmin    davg   spread  ratio     x1      y1      z1      x2      y2      z2
      1      2    121     99   23.37   34.37   12.12    2.84   41.79   46.00   55.91   57.22   41.52   25.53
      1      3    121     65    7.35   20.91   11.09    1.88   41.79   46.00   55.91   39.32   50.76   35.70
      1      4    121     58   23.43   35.53    9.48    3.75   41.79   46.00   55.91   35.45   67.26   28.15
      1      5    121     50   14.18   24.94    9.26    2.69   41.79   46.00   55.91   53.79   48.87   34.23
      1      6    121     43   12.88   20.01    8.72    2.29   41.79   46.00   55.91   53.78   34.58   44.69
      1      7    121     38   26.57   33.89    8.46    4.01   41.79   46.00   55.91   48.92   78.67   50.35
      1      8    121     36    9.43   22.49    8.23    2.73   41.79   46.00   55.91   34.93   58.89   38.81
      1      9    121     34   22.93   32.92    7.99    4.12   41.79   46.00   55.91   43.14   39.92   23.59
      1     10    121     33   44.60   52.70    9.25    5.70   41.79   46.00   55.91   59.63   74.44   15.28
      1     11    121     30   19.72   24.90    8.62    2.89   41.79   46.00   55.91   43.93   27.12   39.82
      1     12    121     28   17.23   26.66    8.75    3.05   41.79   46.00   55.91   22.44   31.19   45.09
      1     13    121     25   44.96   50.51    9.28    5.44   41.79   46.00   55.91   54.79   91.03   37.08
      1     14    121     23   28.43   33.96    8.78    3.87   41.79   46.00   55.91   58.55   72.01   41.91
      1     15    121     23   26.00   32.29    8.10    3.99   41.79   46.00   55.91   48.72   72.82   39.32
      1     16    121     21   17.94   29.07    8.55    3.40   41.79   46.00   55.91   29.38   64.27   37.00
      1     17    121     21   22.02   31.89    8.36    3.81   41.79   46.00   55.91   68.53   38.18   40.39
      1     18    121     20   45.79   53.77    7.83    6.87   41.79   46.00   55.91   51.30   82.50   17.59
      1     19    121     17   29.85   40.99    8.24    4.98   41.79   46.00   55.91   42.08   54.63   15.84
      1     20    121     17   15.36   28.16    7.77    3.63   41.79   46.00   55.91   18.71   51.06   40.58
      1     21    121     15   29.43   35.51    7.85    4.52   41.79   46.00   55.91   74.39   55.91   45.89
      1     22    121     14   14.04   18.35    7.87    2.33   41.79   46.00   55.91   44.47   61.89   64.70
      1     23    121     14   32.59   43.84    7.42    5.91   41.79   46.00   55.91   37.29   59.57   14.47
      1     24    121     11   20.10   32.81    7.41    4.43   41.79   46.00   55.91   22.30   56.08   31.51
      1     25    121     11   36.19   44.99    7.44    6.05   41.79   46.00   55.91   49.00   58.99   13.44
      1     26    121      9   27.46   32.49    7.40    4.39   41.79   46.00   55.91   66.34   59.99   39.87
      1     27    121      9   19.75   28.58    7.70    3.71   41.79   46.00   55.91   14.82   39.96   48.66
      1     28    121      8   39.86   48.48    7.37    6.58   41.79   46.00   55.91   47.92   71.58   15.18
      1     29    121      7   23.79   30.30    8.21    3.69   41.79   46.00   55.91   51.85   59.73   30.85
      1     30    121      7   40.91   47.71    7.50    6.36   41.79   46.00   55.91   58.72   54.81   12.18
      1     31    121      7   39.87   44.00    7.25    6.07   41.79   46.00   55.91   47.55   88.82   47.57
      1     32    121      7   40.00   46.25    7.27    6.36   41.79   46.00   55.91   65.56   46.07   16.23
      1     33    121      6   21.66   33.16    7.26    4.57   41.79   46.00   55.91   19.89   58.69   34.50
      1     34    121      6   19.87   24.39    7.28    3.35   41.79   46.00   55.91   23.04   30.62   53.34
      1     35    121      6   16.52   19.09    7.29    2.62   41.79   46.00   55.91   52.67   60.98   51.25
      1     36    121      6   34.94   44.92    7.33    6.13   41.79   46.00   55.91   43.25   62.55   14.18
      1     37    121      6   14.56   19.58    7.66    2.56   41.79   46.00   55.91   59.93   53.03   58.10
      1     38    121      5   22.91   25.31    8.04    3.15   41.79   46.00   55.91   51.28   69.04   51.44
      1     39    121      5   31.78   41.17    7.14    5.76   41.79   46.00   55.91   43.83   46.28   14.79
      1     40    121      5   10.00   12.26    7.10    1.73   41.79   46.00   55.91   40.20   57.86   58.63
      1     41    121      5   16.00   23.73    7.21    3.29   41.79   46.00   55.91   18.29   48.51   53.79
      1     42    121      5   34.77   38.20    7.35    5.20   41.79   46.00   55.91   62.67   75.86   44.42
      1     43    121      5   41.73   48.40    7.09    6.82   41.79   46.00   55.91   46.93   85.23   28.03
      1     44    121      5   10.25   16.88    7.45    2.27   41.79   46.00   55.91   40.04   37.22   41.61
      1     45    121      4   29.44   35.13    6.96    5.05   41.79   46.00   55.91   60.34   37.93   27.18
      1     46    121      4   11.49   15.79    7.04    2.24   41.79   46.00   55.91   53.33   50.16   45.97
      1     47    121      4   14.80   24.11    7.05    3.42   41.79   46.00   55.91   30.26   63.10   43.42
      2      3     99     65   12.25   22.56   10.72    2.11   57.22   41.52   25.53   39.32   50.76   35.70
      2      4     99     58   25.34   33.81    9.10    3.72   57.22   41.52   25.53   35.45   67.26   28.15
      2      5     99     50    4.24   11.90    8.88    1.34   57.22   41.52   25.53   53.79   48.87   34.23
 groups           2           5  will be considered for merger
      2      6     99     43   12.08   20.67    8.34    2.48   57.22   41.52   25.53   53.78   34.58   44.69
      2      7     99     38   37.43   45.44    8.08    5.62   57.22   41.52   25.53   48.92   78.67   50.35
      2      8     99     36   25.02   31.22    7.86    3.97   57.22   41.52   25.53   34.93   58.89   38.81
      2      9     99     34    8.77   14.30    7.61    1.88   57.22   41.52   25.53   43.14   39.92   23.59
      2     10     99     33   24.23   34.56    8.87    3.90   57.22   41.52   25.53   59.63   74.44   15.28
      2     11     99     30   11.36   24.25    8.25    2.94   57.22   41.52   25.53   43.93   27.12   39.82
      2     12     99     28   32.66   41.22    8.37    4.92   57.22   41.52   25.53   22.44   31.19   45.09
      2     13     99     25   40.52   50.89    8.90    5.72   57.22   41.52   25.53   54.79   91.03   37.08
      2     14     99     23   26.65   34.63    8.41    4.12   57.22   41.52   25.53   58.55   72.01   41.91
      2     15     99     23   26.89   35.24    7.72    4.57   57.22   41.52   25.53   48.72   72.82   39.32
      2     16     99     21   31.45   37.74    8.17    4.62   57.22   41.52   25.53   29.38   64.27   37.00
      2     17     99     21   14.87   18.97    7.98    2.38   57.22   41.52   25.53   68.53   38.18   40.39
      2     18     99     20   32.63   42.16    7.45    5.66   57.22   41.52   25.53   51.30   82.50   17.59
      2     19     99     17   15.94   22.25    7.86    2.83   57.22   41.52   25.53   42.08   54.63   15.84
      2     20     99     17   35.34   42.43    7.39    5.74   57.22   41.52   25.53   18.71   51.06   40.58
      2     21     99     15   24.72   30.27    7.47    4.05   57.22   41.52   25.53   74.39   55.91   45.89
      2     22     99     14   40.44   45.95    7.50    6.13   57.22   41.52   25.53   44.47   61.89   64.70
      2     23     99     14   22.91   29.07    7.04    4.13   57.22   41.52   25.53   37.29   59.57   14.47
      2     24     99     11   32.79   38.30    7.03    5.45   57.22   41.52   25.53   22.30   56.08   31.51
      2     25     99     11   15.17   22.78    7.06    3.23   57.22   41.52   25.53   49.00   58.99   13.44
      2     26     99      9   19.39   25.10    7.02    3.57   57.22   41.52   25.53   66.34   59.99   39.87
      2     27     99      9   41.59   48.32    7.32    6.60   57.22   41.52   25.53   14.82   39.96   48.66
      2     28     99      8   24.74   33.12    6.99    4.74   57.22   41.52   25.53   47.92   71.58   15.18
      2     29     99      7   12.04   19.71    7.83    2.52   57.22   41.52   25.53   51.85   59.73   30.85
      2     30     99      7   10.05   18.90    7.12    2.65   57.22   41.52   25.53   58.72   54.81   12.18
      2     31     99      7   46.83   53.07    6.87    7.73   57.22   41.52   25.53   47.55   88.82   47.57
      2     32     99      7    2.45   13.29    6.89    1.93   57.22   41.52   25.53   65.56   46.07   16.23
 groups           2          32  will be considered for merger
site groups connected   62.83   45.45   16.18   2    4.00   3   4   3
                        64.83   45.45   16.18
 successful merge of groups           2          32
Number of site groups found =    52

  Group  index  size  score     x       y       z     stdev
    1     11    121    1.52   41.79   46.00   55.91    6.25
    2      2    106    1.55   57.73   41.80   24.96    6.53
    3     13     65    1.44   39.32   50.76   35.70    4.84
    4      7     58    1.52   35.45   67.26   28.15    3.23
    5      9     50    1.54   53.79   48.87   34.23    3.01
    6      3     43    1.54   53.78   34.58   44.69    2.47
    7     25     38    1.41   48.92   78.67   50.35    2.21
    8     19     36    1.59   34.93   58.89   38.81    1.98
    9      6     34    1.70   43.14   39.92   23.59    1.74
   10     17     33    1.51   59.63   74.44   15.28    3.00
   11     30     30    1.45   43.93   27.12   39.82    2.37
   12      8     28    1.86   22.44   31.19   45.09    2.50
   13     15     25    1.46   54.79   91.03   37.08    3.03
   14     36     23    1.38   58.55   72.01   41.91    2.54
   15     16     23    1.48   48.72   72.82   39.32    1.85
   16     37     21    1.38   29.38   64.27   37.00    2.30
   17     33     21    1.34   68.53   38.18   40.39    2.11
   18     14     20    1.60   51.30   82.50   17.59    1.58
   19     18     17    1.84   42.08   54.63   15.84    1.99
   20     10     17    1.67   18.71   51.06   40.58    1.52
   21     45     15    1.31   74.39   55.91   45.89    1.60
   22     29     14    1.53   44.47   61.89   64.70    1.63
   23      5     14    1.84   37.29   59.57   14.47    1.17
   24     32     11    1.49   22.30   56.08   31.51    1.16
   25     24     11    1.50   49.00   58.99   13.44    1.19
   26     41      9    1.41   66.34   59.99   39.87    1.15
   27     20      9    1.50   14.82   39.96   48.66    1.45
   28     42      8    1.41   47.92   71.58   15.18    1.12
   29     39      7    1.42   51.85   59.73   30.85    1.96
   30     38      7    1.49   58.72   54.81   12.18    1.25
   31     35      7    1.41   47.55   88.82   47.57    1.00
   32     40      6    1.42   19.89   58.69   34.50    1.01
   33     34      6    1.51   23.04   30.62   53.34    1.03
   34     28      6    1.54   52.67   60.98   51.25    1.04
   35     12      6    1.60   43.25   62.55   14.18    1.08
   36      4      6    1.94   59.93   53.03   58.10    1.41
   37     51      5    1.22   51.28   69.04   51.44    1.79
   38     43      5    1.41   43.83   46.28   14.79    0.89
   39     31      5    1.63   40.20   57.86   58.63    0.85
   40     26      5    1.58   18.29   48.51   53.79    0.96
   41     22      5    1.63   62.67   75.86   44.42    1.10
   42     21      5    1.64   46.93   85.23   28.03    0.84
   43      1      5    2.36   40.04   37.22   41.61    1.20
   44     52      4    1.21   60.34   37.93   27.18    0.71
   45     47      4    1.32   53.33   50.16   45.97    0.79
   46     23      4    1.47   30.26   63.10   43.42    0.81
   47     46      3    1.40   47.21   46.74   46.48    0.81
   48     50      2    1.27   68.83   58.90   34.73    0.70
   49     48      2    1.29   44.83   49.45   65.62    0.50
   50     44      2    1.38   64.25   76.45   30.18    0.49
   51     27      2    1.91   41.83   84.45   35.69    0.50
   52     49      1    1.40   35.83   78.45   36.18    0.00

Inter-group relationships
     g1     g2     n1     n2    dmin    davg   spread  ratio     x1      y1      z1      x2      y2      z2
      1      2    121    106   23.37   35.07   12.78    2.74   41.79   46.00   55.91   57.73   41.80   24.96
      1      3    121     65    7.35   20.91   11.09    1.88   41.79   46.00   55.91   39.32   50.76   35.70
      1      4    121     58   23.43   35.53    9.48    3.75   41.79   46.00   55.91   35.45   67.26   28.15
      1      5    121     50   14.18   24.94    9.26    2.69   41.79   46.00   55.91   53.79   48.87   34.23
      1      6    121     43   12.88   20.01    8.72    2.29   41.79   46.00   55.91   53.78   34.58   44.69
      1      7    121     38   26.57   33.89    8.46    4.01   41.79   46.00   55.91   48.92   78.67   50.35
      1      8    121     36    9.43   22.49    8.23    2.73   41.79   46.00   55.91   34.93   58.89   38.81
      1      9    121     34   22.93   32.92    7.99    4.12   41.79   46.00   55.91   43.14   39.92   23.59
      1     10    121     33   44.60   52.70    9.25    5.70   41.79   46.00   55.91   59.63   74.44   15.28
      1     11    121     30   19.72   24.90    8.62    2.89   41.79   46.00   55.91   43.93   27.12   39.82
      1     12    121     28   17.23   26.66    8.75    3.05   41.79   46.00   55.91   22.44   31.19   45.09
      1     13    121     25   44.96   50.51    9.28    5.44   41.79   46.00   55.91   54.79   91.03   37.08
      1     14    121     23   28.43   33.96    8.78    3.87   41.79   46.00   55.91   58.55   72.01   41.91
      1     15    121     23   26.00   32.29    8.10    3.99   41.79   46.00   55.91   48.72   72.82   39.32
      1     16    121     21   17.94   29.07    8.55    3.40   41.79   46.00   55.91   29.38   64.27   37.00
      1     17    121     21   22.02   31.89    8.36    3.81   41.79   46.00   55.91   68.53   38.18   40.39
      1     18    121     20   45.79   53.77    7.83    6.87   41.79   46.00   55.91   51.30   82.50   17.59
      1     19    121     17   29.85   40.99    8.24    4.98   41.79   46.00   55.91   42.08   54.63   15.84
      1     20    121     17   15.36   28.16    7.77    3.63   41.79   46.00   55.91   18.71   51.06   40.58
      1     21    121     15   29.43   35.51    7.85    4.52   41.79   46.00   55.91   74.39   55.91   45.89
      1     22    121     14   14.04   18.35    7.87    2.33   41.79   46.00   55.91   44.47   61.89   64.70
      1     23    121     14   32.59   43.84    7.42    5.91   41.79   46.00   55.91   37.29   59.57   14.47
      1     24    121     11   20.10   32.81    7.41    4.43   41.79   46.00   55.91   22.30   56.08   31.51
      1     25    121     11   36.19   44.99    7.44    6.05   41.79   46.00   55.91   49.00   58.99   13.44
      1     26    121      9   27.46   32.49    7.40    4.39   41.79   46.00   55.91   66.34   59.99   39.87
      1     27    121      9   19.75   28.58    7.70    3.71   41.79   46.00   55.91   14.82   39.96   48.66
      1     28    121      8   39.86   48.48    7.37    6.58   41.79   46.00   55.91   47.92   71.58   15.18
      1     29    121      7   23.79   30.30    8.21    3.69   41.79   46.00   55.91   51.85   59.73   30.85
      1     30    121      7   40.91   47.71    7.50    6.36   41.79   46.00   55.91   58.72   54.81   12.18
      1     31    121      7   39.87   44.00    7.25    6.07   41.79   46.00   55.91   47.55   88.82   47.57
      1     32    121      6   21.66   33.16    7.26    4.57   41.79   46.00   55.91   19.89   58.69   34.50
      1     33    121      6   19.87   24.39    7.28    3.35   41.79   46.00   55.91   23.04   30.62   53.34
      1     34    121      6   16.52   19.09    7.29    2.62   41.79   46.00   55.91   52.67   60.98   51.25
      1     35    121      6   34.94   44.92    7.33    6.13   41.79   46.00   55.91   43.25   62.55   14.18
      1     36    121      6   14.56   19.58    7.66    2.56   41.79   46.00   55.91   59.93   53.03   58.10
      1     37    121      5   22.91   25.31    8.04    3.15   41.79   46.00   55.91   51.28   69.04   51.44
      1     38    121      5   31.78   41.17    7.14    5.76   41.79   46.00   55.91   43.83   46.28   14.79
      1     39    121      5   10.00   12.26    7.10    1.73   41.79   46.00   55.91   40.20   57.86   58.63
      1     40    121      5   16.00   23.73    7.21    3.29   41.79   46.00   55.91   18.29   48.51   53.79
      1     41    121      5   34.77   38.20    7.35    5.20   41.79   46.00   55.91   62.67   75.86   44.42
      1     42    121      5   41.73   48.40    7.09    6.82   41.79   46.00   55.91   46.93   85.23   28.03
      1     43    121      5   10.25   16.88    7.45    2.27   41.79   46.00   55.91   40.04   37.22   41.61
      1     44    121      4   29.44   35.13    6.96    5.05   41.79   46.00   55.91   60.34   37.93   27.18
      1     45    121      4   11.49   15.79    7.04    2.24   41.79   46.00   55.91   53.33   50.16   45.97
      1     46    121      4   14.80   24.11    7.05    3.42   41.79   46.00   55.91   30.26   63.10   43.42
      2      3    106     65   12.25   23.12   11.37    2.03   57.73   41.80   24.96   39.32   50.76   35.70
      2      4    106     58   25.34   33.98    9.76    3.48   57.73   41.80   24.96   35.45   67.26   28.15
      2      5    106     50    4.24   12.31    9.54    1.29   57.73   41.80   24.96   53.79   48.87   34.23
 groups           2           5  will be considered for merger
      2      6    106     43   12.08   21.39    9.00    2.38   57.73   41.80   24.96   53.78   34.58   44.69
      2      7    106     38   37.43   45.62    8.74    5.22   57.73   41.80   24.96   48.92   78.67   50.35
      2      8    106     36   25.02   31.68    8.51    3.72   57.73   41.80   24.96   34.93   58.89   38.81
      2      9    106     34    8.77   14.77    8.27    1.79   57.73   41.80   24.96   43.14   39.92   23.59
      2     10    106     33   24.23   34.10    9.53    3.58   57.73   41.80   24.96   59.63   74.44   15.28
      2     11    106     30   11.36   25.04    8.90    2.81   57.73   41.80   24.96   43.93   27.12   39.82
      2     12    106     28   32.66   41.99    9.03    4.65   57.73   41.80   24.96   22.44   31.19   45.09
      2     13    106     25   40.52   50.78    9.56    5.31   57.73   41.80   24.96   54.79   91.03   37.08
      2     14    106     23   26.65   34.64    9.06    3.82   57.73   41.80   24.96   58.55   72.01   41.91
      2     15    106     23   26.89   35.35    8.38    4.22   57.73   41.80   24.96   48.72   72.82   39.32
      2     16    106     21   31.45   38.13    8.83    4.32   57.73   41.80   24.96   29.38   64.27   37.00
      2     17    106     21   14.87   19.18    8.64    2.22   57.73   41.80   24.96   68.53   38.18   40.39
      2     18    106     20   32.63   41.86    8.11    5.16   57.73   41.80   24.96   51.30   82.50   17.59
      2     19    106     17   15.94   22.20    8.52    2.61   57.73   41.80   24.96   42.08   54.63   15.84
      2     20    106     17   35.34   43.04    8.05    5.35   57.73   41.80   24.96   18.71   51.06   40.58
      2     21    106     15   24.72   30.24    8.13    3.72   57.73   41.80   24.96   74.39   55.91   45.89
      2     22    106     14   40.44   46.46    8.15    5.70   57.73   41.80   24.96   44.47   61.89   64.70
      2     23    106     14   22.91   29.05    7.70    3.77   57.73   41.80   24.96   37.29   59.57   14.47
      2     24    106     11   32.79   38.76    7.69    5.04   57.73   41.80   24.96   22.30   56.08   31.51
      2     25    106     11   15.17   22.46    7.72    2.91   57.73   41.80   24.96   49.00   58.99   13.44
      2     26    106      9   19.39   25.05    7.68    3.26   57.73   41.80   24.96   66.34   59.99   39.87
      2     27    106      9   41.59   49.05    7.98    6.15   57.73   41.80   24.96   14.82   39.96   48.66
      2     28    106      8   24.74   32.84    7.65    4.29   57.73   41.80   24.96   47.92   71.58   15.18
      2     29    106      7   12.04   19.77    8.49    2.33   57.73   41.80   24.96   51.85   59.73   30.85
      2     30    106      7    9.11   18.26    7.78    2.35   57.73   41.80   24.96   58.72   54.81   12.18
      2     31    106      7   46.83   53.16    7.53    7.06   57.73   41.80   24.96   47.55   88.82   47.57
      2     32    106      6   37.01   42.53    7.54    5.64   57.73   41.80   24.96   19.89   58.69   34.50
      2     33    106      6   37.92   46.20    7.56    6.11   57.73   41.80   24.96   23.04   30.62   53.34
      2     34    106      6   28.34   32.94    7.57    4.35   57.73   41.80   24.96   52.67   60.98   51.25
      2     35    106      6   20.47   27.50    7.61    3.61   57.73   41.80   24.96   43.25   62.55   14.18
      2     36    106      6   30.23   35.06    7.94    4.42   57.73   41.80   24.96   59.93   53.03   58.10
      2     37    106      5   32.40   38.53    8.32    4.63   57.73   41.80   24.96   51.28   69.04   51.44
      2     38    106      5   15.13   17.79    7.42    2.40   57.73   41.80   24.96   43.83   46.28   14.79
      2     39    106      5   35.14   41.22    7.38    5.59   57.73   41.80   24.96   40.20   57.86   58.63
      2     40    106      5   42.20   49.32    7.49    6.59   57.73   41.80   24.96   18.29   48.51   53.79
      2     41    106      5   33.66   39.54    7.63    5.18   57.73   41.80   24.96   62.67   75.86   44.42
      2     42    106      5   37.58   44.85    7.37    6.08   57.73   41.80   24.96   46.93   85.23   28.03
      2     43    106      5   17.09   24.73    7.73    3.20   57.73   41.80   24.96   40.04   37.22   41.61
      2     44    106      4    2.83    5.17    7.24    0.71   57.73   41.80   24.96   60.34   37.93   27.18
 groups           2          44  will be considered for merger
site groups connected   57.83   38.45   27.18   2    4.00   3   3   3
                        59.83   38.45   27.18
 successful merge of groups           2          44
Number of site groups found =    51

  Group  index  size  score     x       y       z     stdev
    1     11    121    1.52   41.79   46.00   55.91    6.25
    2      2    110    1.54   57.81   41.69   25.02    6.49
    3     13     65    1.44   39.32   50.76   35.70    4.84
    4      7     58    1.52   35.45   67.26   28.15    3.23
    5      9     50    1.54   53.79   48.87   34.23    3.01
    6      3     43    1.54   53.78   34.58   44.69    2.47
    7     25     38    1.41   48.92   78.67   50.35    2.21
    8     19     36    1.59   34.93   58.89   38.81    1.98
    9      6     34    1.70   43.14   39.92   23.59    1.74
   10     17     33    1.51   59.63   74.44   15.28    3.00
   11     30     30    1.45   43.93   27.12   39.82    2.37
   12      8     28    1.86   22.44   31.19   45.09    2.50
   13     15     25    1.46   54.79   91.03   37.08    3.03
   14     36     23    1.38   58.55   72.01   41.91    2.54
   15     16     23    1.48   48.72   72.82   39.32    1.85
   16     37     21    1.38   29.38   64.27   37.00    2.30
   17     33     21    1.34   68.53   38.18   40.39    2.11
   18     14     20    1.60   51.30   82.50   17.59    1.58
   19     18     17    1.84   42.08   54.63   15.84    1.99
   20     10     17    1.67   18.71   51.06   40.58    1.52
   21     45     15    1.31   74.39   55.91   45.89    1.60
   22     29     14    1.53   44.47   61.89   64.70    1.63
   23      5     14    1.84   37.29   59.57   14.47    1.17
   24     32     11    1.49   22.30   56.08   31.51    1.16
   25     24     11    1.50   49.00   58.99   13.44    1.19
   26     41      9    1.41   66.34   59.99   39.87    1.15
   27     20      9    1.50   14.82   39.96   48.66    1.45
   28     42      8    1.41   47.92   71.58   15.18    1.12
   29     39      7    1.42   51.85   59.73   30.85    1.96
   30     38      7    1.49   58.72   54.81   12.18    1.25
   31     35      7    1.41   47.55   88.82   47.57    1.00
   32     40      6    1.42   19.89   58.69   34.50    1.01
   33     34      6    1.51   23.04   30.62   53.34    1.03
   34     28      6    1.54   52.67   60.98   51.25    1.04
   35     12      6    1.60   43.25   62.55   14.18    1.08
   36      4      6    1.94   59.93   53.03   58.10    1.41
   37     51      5    1.22   51.28   69.04   51.44    1.79
   38     43      5    1.41   43.83   46.28   14.79    0.89
   39     31      5    1.63   40.20   57.86   58.63    0.85
   40     26      5    1.58   18.29   48.51   53.79    0.96
   41     22      5    1.63   62.67   75.86   44.42    1.10
   42     21      5    1.64   46.93   85.23   28.03    0.84
   43      1      5    2.36   40.04   37.22   41.61    1.20
   44     47      4    1.32   53.33   50.16   45.97    0.79
   45     23      4    1.47   30.26   63.10   43.42    0.81
   46     46      3    1.40   47.21   46.74   46.48    0.81
   47     50      2    1.27   68.83   58.90   34.73    0.70
   48     48      2    1.29   44.83   49.45   65.62    0.50
   49     44      2    1.38   64.25   76.45   30.18    0.49
   50     27      2    1.91   41.83   84.45   35.69    0.50
   51     49      1    1.40   35.83   78.45   36.18    0.00

Inter-group relationships
     g1     g2     n1     n2    dmin    davg   spread  ratio     x1      y1      z1      x2      y2      z2
      1      2    121    110   23.37   35.06   12.74    2.75   41.79   46.00   55.91   57.81   41.69   25.02
      1      3    121     65    7.35   20.91   11.09    1.88   41.79   46.00   55.91   39.32   50.76   35.70
      1      4    121     58   23.43   35.53    9.48    3.75   41.79   46.00   55.91   35.45   67.26   28.15
      1      5    121     50   14.18   24.94    9.26    2.69   41.79   46.00   55.91   53.79   48.87   34.23
      1      6    121     43   12.88   20.01    8.72    2.29   41.79   46.00   55.91   53.78   34.58   44.69
      1      7    121     38   26.57   33.89    8.46    4.01   41.79   46.00   55.91   48.92   78.67   50.35
      1      8    121     36    9.43   22.49    8.23    2.73   41.79   46.00   55.91   34.93   58.89   38.81
      1      9    121     34   22.93   32.92    7.99    4.12   41.79   46.00   55.91   43.14   39.92   23.59
      1     10    121     33   44.60   52.70    9.25    5.70   41.79   46.00   55.91   59.63   74.44   15.28
      1     11    121     30   19.72   24.90    8.62    2.89   41.79   46.00   55.91   43.93   27.12   39.82
      1     12    121     28   17.23   26.66    8.75    3.05   41.79   46.00   55.91   22.44   31.19   45.09
      1     13    121     25   44.96   50.51    9.28    5.44   41.79   46.00   55.91   54.79   91.03   37.08
      1     14    121     23   28.43   33.96    8.78    3.87   41.79   46.00   55.91   58.55   72.01   41.91
      1     15    121     23   26.00   32.29    8.10    3.99   41.79   46.00   55.91   48.72   72.82   39.32
      1     16    121     21   17.94   29.07    8.55    3.40   41.79   46.00   55.91   29.38   64.27   37.00
      1     17    121     21   22.02   31.89    8.36    3.81   41.79   46.00   55.91   68.53   38.18   40.39
      1     18    121     20   45.79   53.77    7.83    6.87   41.79   46.00   55.91   51.30   82.50   17.59
      1     19    121     17   29.85   40.99    8.24    4.98   41.79   46.00   55.91   42.08   54.63   15.84
      1     20    121     17   15.36   28.16    7.77    3.63   41.79   46.00   55.91   18.71   51.06   40.58
      1     21    121     15   29.43   35.51    7.85    4.52   41.79   46.00   55.91   74.39   55.91   45.89
      1     22    121     14   14.04   18.35    7.87    2.33   41.79   46.00   55.91   44.47   61.89   64.70
      1     23    121     14   32.59   43.84    7.42    5.91   41.79   46.00   55.91   37.29   59.57   14.47
      1     24    121     11   20.10   32.81    7.41    4.43   41.79   46.00   55.91   22.30   56.08   31.51
      1     25    121     11   36.19   44.99    7.44    6.05   41.79   46.00   55.91   49.00   58.99   13.44
      1     26    121      9   27.46   32.49    7.40    4.39   41.79   46.00   55.91   66.34   59.99   39.87
      1     27    121      9   19.75   28.58    7.70    3.71   41.79   46.00   55.91   14.82   39.96   48.66
      1     28    121      8   39.86   48.48    7.37    6.58   41.79   46.00   55.91   47.92   71.58   15.18
      1     29    121      7   23.79   30.30    8.21    3.69   41.79   46.00   55.91   51.85   59.73   30.85
      1     30    121      7   40.91   47.71    7.50    6.36   41.79   46.00   55.91   58.72   54.81   12.18
      1     31    121      7   39.87   44.00    7.25    6.07   41.79   46.00   55.91   47.55   88.82   47.57
      1     32    121      6   21.66   33.16    7.26    4.57   41.79   46.00   55.91   19.89   58.69   34.50
      1     33    121      6   19.87   24.39    7.28    3.35   41.79   46.00   55.91   23.04   30.62   53.34
      1     34    121      6   16.52   19.09    7.29    2.62   41.79   46.00   55.91   52.67   60.98   51.25
      1     35    121      6   34.94   44.92    7.33    6.13   41.79   46.00   55.91   43.25   62.55   14.18
      1     36    121      6   14.56   19.58    7.66    2.56   41.79   46.00   55.91   59.93   53.03   58.10
      1     37    121      5   22.91   25.31    8.04    3.15   41.79   46.00   55.91   51.28   69.04   51.44
      1     38    121      5   31.78   41.17    7.14    5.76   41.79   46.00   55.91   43.83   46.28   14.79
      1     39    121      5   10.00   12.26    7.10    1.73   41.79   46.00   55.91   40.20   57.86   58.63
      1     40    121      5   16.00   23.73    7.21    3.29   41.79   46.00   55.91   18.29   48.51   53.79
      1     41    121      5   34.77   38.20    7.35    5.20   41.79   46.00   55.91   62.67   75.86   44.42
      1     42    121      5   41.73   48.40    7.09    6.82   41.79   46.00   55.91   46.93   85.23   28.03
      1     43    121      5   10.25   16.88    7.45    2.27   41.79   46.00   55.91   40.04   37.22   41.61
      1     44    121      4   11.49   15.79    7.04    2.24   41.79   46.00   55.91   53.33   50.16   45.97
      1     45    121      4   14.80   24.11    7.05    3.42   41.79   46.00   55.91   30.26   63.10   43.42
      2      3    110     65   12.25   23.19   11.34    2.05   57.81   41.69   25.02   39.32   50.76   35.70
      2      4    110     58   25.34   34.11    9.72    3.51   57.81   41.69   25.02   35.45   67.26   28.15
      2      5    110     50    4.24   12.35    9.51    1.30   57.81   41.69   25.02   53.79   48.87   34.23
 groups           2           5  will be considered for merger
      2      6    110     43   12.08   21.30    8.97    2.38   57.81   41.69   25.02   53.78   34.58   44.69
      2      7    110     38   37.43   45.69    8.70    5.25   57.81   41.69   25.02   48.92   78.67   50.35
      2      8    110     36   25.02   31.77    8.48    3.75   57.81   41.69   25.02   34.93   58.89   38.81
      2      9    110     34    8.77   14.84    8.23    1.80   57.81   41.69   25.02   43.14   39.92   23.59
      2     10    110     33   24.23   34.22    9.49    3.61   57.81   41.69   25.02   59.63   74.44   15.28
      2     11    110     30   11.36   24.98    8.87    2.82   57.81   41.69   25.02   43.93   27.12   39.82
      2     12    110     28   32.66   42.00    8.99    4.67   57.81   41.69   25.02   22.44   31.19   45.09
      2     13    110     25   40.52   50.88    9.53    5.34   57.81   41.69   25.02   54.79   91.03   37.08
      2     14    110     23   26.65   34.71    9.03    3.84   57.81   41.69   25.02   58.55   72.01   41.91
      2     15    110     23   26.89   35.44    8.34    4.25   57.81   41.69   25.02   48.72   72.82   39.32
      2     16    110     21   31.45   38.23    8.79    4.35   57.81   41.69   25.02   29.38   64.27   37.00
      2     17    110     21   13.45   19.07    8.61    2.22   57.81   41.69   25.02   68.53   38.18   40.39
      2     18    110     20   32.63   41.99    8.07    5.20   57.81   41.69   25.02   51.30   82.50   17.59
      2     19    110     17   15.94   22.34    8.48    2.63   57.81   41.69   25.02   42.08   54.63   15.84
      2     20    110     17   35.34   43.11    8.01    5.38   57.81   41.69   25.02   18.71   51.06   40.58
      2     21    110     15   24.72   30.21    8.10    3.73   57.81   41.69   25.02   74.39   55.91   45.89
      2     22    110     14   40.44   46.48    8.12    5.73   57.81   41.69   25.02   44.47   61.89   64.70
      2     23    110     14   22.91   29.19    7.66    3.81   57.81   41.69   25.02   37.29   59.57   14.47
      2     24    110     11   32.79   38.86    7.66    5.08   57.81   41.69   25.02   22.30   56.08   31.51
      2     25    110     11   15.17   22.61    7.69    2.94   57.81   41.69   25.02   49.00   58.99   13.44
      2     26    110      9   19.39   25.06    7.64    3.28   57.81   41.69   25.02   66.34   59.99   39.87
      2     27    110      9   41.59   49.08    7.94    6.18   57.81   41.69   25.02   14.82   39.96   48.66
      2     28    110      8   24.74   32.98    7.62    4.33   57.81   41.69   25.02   47.92   71.58   15.18
      2     29    110      7   12.04   19.87    8.45    2.35   57.81   41.69   25.02   51.85   59.73   30.85
      2     30    110      7    9.11   18.38    7.74    2.37   57.81   41.69   25.02   58.72   54.81   12.18
      2     31    110      7   46.83   53.25    7.49    7.11   57.81   41.69   25.02   47.55   88.82   47.57
      2     32    110      6   37.01   42.63    7.50    5.68   57.81   41.69   25.02   19.89   58.69   34.50
      2     33    110      6   37.92   46.19    7.53    6.14   57.81   41.69   25.02   23.04   30.62   53.34
      2     34    110      6   28.34   32.96    7.53    4.38   57.81   41.69   25.02   52.67   60.98   51.25
      2     35    110      6   20.47   27.65    7.58    3.65   57.81   41.69   25.02   43.25   62.55   14.18
      2     36    110      6   30.23   35.03    7.90    4.43   57.81   41.69   25.02   59.93   53.03   58.10
      2     37    110      5   32.40   38.58    8.28    4.66   57.81   41.69   25.02   51.28   69.04   51.44
      2     38    110      5   15.13   17.91    7.39    2.43   57.81   41.69   25.02   43.83   46.28   14.79
      2     39    110      5   35.14   41.24    7.34    5.62   57.81   41.69   25.02   40.20   57.86   58.63
      2     40    110      5   42.20   49.36    7.45    6.62   57.81   41.69   25.02   18.29   48.51   53.79
      2     41    110      5   33.66   39.59    7.59    5.21   57.81   41.69   25.02   62.67   75.86   44.42
      2     42    110      5   37.58   44.97    7.34    6.13   57.81   41.69   25.02   46.93   85.23   28.03
      2     43    110      5   17.09   24.72    7.69    3.21   57.81   41.69   25.02   40.04   37.22   41.61
      2     44    110      4   17.89   23.04    7.28    3.16   57.81   41.69   25.02   53.33   50.16   45.97
      2     45    110      4   34.12   39.44    7.30    5.40   57.81   41.69   25.02   30.26   63.10   43.42
      3      4     65     58   13.38   18.55    8.07    2.30   39.32   50.76   35.70   35.45   67.26   28.15
      3      5     65     50    3.32   14.66    7.86    1.87   39.32   50.76   35.70   53.79   48.87   34.23
 groups           3           5  will be considered for merger
site groups connected   48.83   52.45   34.18  52    4.00   3   4   4
                        50.83   52.45   34.18
 successful merge of groups           3           5
Number of site groups found =    50

  Group  index  size  score     x       y       z     stdev
    1     11    121    1.52   41.79   46.00   55.91    6.25
    2      9    115    1.48   45.83   49.91   35.04    8.38
    3      2    110    1.54   57.81   41.69   25.02    6.49
    4      7     58    1.52   35.45   67.26   28.15    3.23
    5      3     43    1.54   53.78   34.58   44.69    2.47
    6     24     38    1.41   48.92   78.67   50.35    2.21
    7     18     36    1.59   34.93   58.89   38.81    1.98
    8      6     34    1.70   43.14   39.92   23.59    1.74
    9     16     33    1.51   59.63   74.44   15.28    3.00
   10     29     30    1.45   43.93   27.12   39.82    2.37
   11      8     28    1.86   22.44   31.19   45.09    2.50
   12     14     25    1.46   54.79   91.03   37.08    3.03
   13     35     23    1.38   58.55   72.01   41.91    2.54
   14     15     23    1.48   48.72   72.82   39.32    1.85
   15     36     21    1.38   29.38   64.27   37.00    2.30
   16     32     21    1.34   68.53   38.18   40.39    2.11
   17     13     20    1.60   51.30   82.50   17.59    1.58
   18     17     17    1.84   42.08   54.63   15.84    1.99
   19     10     17    1.67   18.71   51.06   40.58    1.52
   20     44     15    1.31   74.39   55.91   45.89    1.60
   21     28     14    1.53   44.47   61.89   64.70    1.63
   22      5     14    1.84   37.29   59.57   14.47    1.17
   23     31     11    1.49   22.30   56.08   31.51    1.16
   24     23     11    1.50   49.00   58.99   13.44    1.19
   25     40      9    1.41   66.34   59.99   39.87    1.15
   26     19      9    1.50   14.82   39.96   48.66    1.45
   27     41      8    1.41   47.92   71.58   15.18    1.12
   28     38      7    1.42   51.85   59.73   30.85    1.96
   29     37      7    1.49   58.72   54.81   12.18    1.25
   30     34      7    1.41   47.55   88.82   47.57    1.00
   31     39      6    1.42   19.89   58.69   34.50    1.01
   32     33      6    1.51   23.04   30.62   53.34    1.03
   33     27      6    1.54   52.67   60.98   51.25    1.04
   34     12      6    1.60   43.25   62.55   14.18    1.08
   35      4      6    1.94   59.93   53.03   58.10    1.41
   36     50      5    1.22   51.28   69.04   51.44    1.79
   37     42      5    1.41   43.83   46.28   14.79    0.89
   38     30      5    1.63   40.20   57.86   58.63    0.85
   39     25      5    1.58   18.29   48.51   53.79    0.96
   40     21      5    1.63   62.67   75.86   44.42    1.10
   41     20      5    1.64   46.93   85.23   28.03    0.84
   42      1      5    2.36   40.04   37.22   41.61    1.20
   43     46      4    1.32   53.33   50.16   45.97    0.79
   44     22      4    1.47   30.26   63.10   43.42    0.81
   45     45      3    1.40   47.21   46.74   46.48    0.81
   46     49      2    1.27   68.83   58.90   34.73    0.70
   47     47      2    1.29   44.83   49.45   65.62    0.50
   48     43      2    1.38   64.25   76.45   30.18    0.49
   49     26      2    1.91   41.83   84.45   35.69    0.50
   50     48      1    1.40   35.83   78.45   36.18    0.00

Inter-group relationships
     g1     g2     n1     n2    dmin    davg   spread  ratio     x1      y1      z1      x2      y2      z2
      1      2    121    115    7.35   21.61   14.63    1.48   41.79   46.00   55.91   45.83   49.91   35.04
      1      3    121    110   23.37   35.06   12.74    2.75   41.79   46.00   55.91   57.81   41.69   25.02
      1      4    121     58   23.43   35.53    9.48    3.75   41.79   46.00   55.91   35.45   67.26   28.15
      1      5    121     43   12.88   20.01    8.72    2.29   41.79   46.00   55.91   53.78   34.58   44.69
      1      6    121     38   26.57   33.89    8.46    4.01   41.79   46.00   55.91   48.92   78.67   50.35
      1      7    121     36    9.43   22.49    8.23    2.73   41.79   46.00   55.91   34.93   58.89   38.81
      1      8    121     34   22.93   32.92    7.99    4.12   41.79   46.00   55.91   43.14   39.92   23.59
      1      9    121     33   44.60   52.70    9.25    5.70   41.79   46.00   55.91   59.63   74.44   15.28
      1     10    121     30   19.72   24.90    8.62    2.89   41.79   46.00   55.91   43.93   27.12   39.82
      1     11    121     28   17.23   26.66    8.75    3.05   41.79   46.00   55.91   22.44   31.19   45.09
      1     12    121     25   44.96   50.51    9.28    5.44   41.79   46.00   55.91   54.79   91.03   37.08
      1     13    121     23   28.43   33.96    8.78    3.87   41.79   46.00   55.91   58.55   72.01   41.91
      1     14    121     23   26.00   32.29    8.10    3.99   41.79   46.00   55.91   48.72   72.82   39.32
      1     15    121     21   17.94   29.07    8.55    3.40   41.79   46.00   55.91   29.38   64.27   37.00
      1     16    121     21   22.02   31.89    8.36    3.81   41.79   46.00   55.91   68.53   38.18   40.39
      1     17    121     20   45.79   53.77    7.83    6.87   41.79   46.00   55.91   51.30   82.50   17.59
      1     18    121     17   29.85   40.99    8.24    4.98   41.79   46.00   55.91   42.08   54.63   15.84
      1     19    121     17   15.36   28.16    7.77    3.63   41.79   46.00   55.91   18.71   51.06   40.58
      1     20    121     15   29.43   35.51    7.85    4.52   41.79   46.00   55.91   74.39   55.91   45.89
      1     21    121     14   14.04   18.35    7.87    2.33   41.79   46.00   55.91   44.47   61.89   64.70
      1     22    121     14   32.59   43.84    7.42    5.91   41.79   46.00   55.91   37.29   59.57   14.47
      1     23    121     11   20.10   32.81    7.41    4.43   41.79   46.00   55.91   22.30   56.08   31.51
      1     24    121     11   36.19   44.99    7.44    6.05   41.79   46.00   55.91   49.00   58.99   13.44
      1     25    121      9   27.46   32.49    7.40    4.39   41.79   46.00   55.91   66.34   59.99   39.87
      1     26    121      9   19.75   28.58    7.70    3.71   41.79   46.00   55.91   14.82   39.96   48.66
      1     27    121      8   39.86   48.48    7.37    6.58   41.79   46.00   55.91   47.92   71.58   15.18
      1     28    121      7   23.79   30.30    8.21    3.69   41.79   46.00   55.91   51.85   59.73   30.85
      1     29    121      7   40.91   47.71    7.50    6.36   41.79   46.00   55.91   58.72   54.81   12.18
      1     30    121      7   39.87   44.00    7.25    6.07   41.79   46.00   55.91   47.55   88.82   47.57
      1     31    121      6   21.66   33.16    7.26    4.57   41.79   46.00   55.91   19.89   58.69   34.50
      1     32    121      6   19.87   24.39    7.28    3.35   41.79   46.00   55.91   23.04   30.62   53.34
      1     33    121      6   16.52   19.09    7.29    2.62   41.79   46.00   55.91   52.67   60.98   51.25
      1     34    121      6   34.94   44.92    7.33    6.13   41.79   46.00   55.91   43.25   62.55   14.18
      1     35    121      6   14.56   19.58    7.66    2.56   41.79   46.00   55.91   59.93   53.03   58.10
      1     36    121      5   22.91   25.31    8.04    3.15   41.79   46.00   55.91   51.28   69.04   51.44
      1     37    121      5   31.78   41.17    7.14    5.76   41.79   46.00   55.91   43.83   46.28   14.79
      1     38    121      5   10.00   12.26    7.10    1.73   41.79   46.00   55.91   40.20   57.86   58.63
      1     39    121      5   16.00   23.73    7.21    3.29   41.79   46.00   55.91   18.29   48.51   53.79
      1     40    121      5   34.77   38.20    7.35    5.20   41.79   46.00   55.91   62.67   75.86   44.42
      1     41    121      5   41.73   48.40    7.09    6.82   41.79   46.00   55.91   46.93   85.23   28.03
      1     42    121      5   10.25   16.88    7.45    2.27   41.79   46.00   55.91   40.04   37.22   41.61
      1     43    121      4   11.49   15.79    7.04    2.24   41.79   46.00   55.91   53.33   50.16   45.97
      1     44    121      4   14.80   24.11    7.05    3.42   41.79   46.00   55.91   30.26   63.10   43.42
      2      3    115    110    4.24   17.65   14.87    1.19   45.83   49.91   35.04   57.81   41.69   25.02
      2      4    115     58   13.38   21.36   11.61    1.84   45.83   49.91   35.04   35.45   67.26   28.15
      2      5    115     43   12.45   19.79   10.85    1.82   45.83   49.91   35.04   53.78   34.58   44.69
      2      6    115     38   25.42   32.72   10.59    3.09   45.83   49.91   35.04   48.92   78.67   50.35
      2      7    115     36    5.00   14.61   10.36    1.41   45.83   49.91   35.04   34.93   58.89   38.81
 groups           2           7  will be considered for merger
site groups connected   36.83   51.45   40.18  56    2.00   4   2   6
                        36.83   52.45   41.18
 successful merge of groups           2           7
Number of site groups found =    49

  Group  index  size  score     x       y       z     stdev
    1      9    151    1.51   43.10   52.16   35.99    9.68
    2     11    121    1.52   41.79   46.00   55.91    6.25
    3      2    110    1.54   57.81   41.69   25.02    6.49
    4      7     58    1.52   35.45   67.26   28.15    3.23
    5      3     43    1.54   53.78   34.58   44.69    2.47
    6     23     38    1.41   48.92   78.67   50.35    2.21
    7      6     34    1.70   43.14   39.92   23.59    1.74
    8     16     33    1.51   59.63   74.44   15.28    3.00
    9     28     30    1.45   43.93   27.12   39.82    2.37
   10      8     28    1.86   22.44   31.19   45.09    2.50
   11     14     25    1.46   54.79   91.03   37.08    3.03
   12     34     23    1.38   58.55   72.01   41.91    2.54
   13     15     23    1.48   48.72   72.82   39.32    1.85
   14     35     21    1.38   29.38   64.27   37.00    2.30
   15     31     21    1.34   68.53   38.18   40.39    2.11
   16     13     20    1.60   51.30   82.50   17.59    1.58
   17     17     17    1.84   42.08   54.63   15.84    1.99
   18     10     17    1.67   18.71   51.06   40.58    1.52
   19     43     15    1.31   74.39   55.91   45.89    1.60
   20     27     14    1.53   44.47   61.89   64.70    1.63
   21      5     14    1.84   37.29   59.57   14.47    1.17
   22     30     11    1.49   22.30   56.08   31.51    1.16
   23     22     11    1.50   49.00   58.99   13.44    1.19
   24     39      9    1.41   66.34   59.99   39.87    1.15
   25     18      9    1.50   14.82   39.96   48.66    1.45
   26     40      8    1.41   47.92   71.58   15.18    1.12
   27     37      7    1.42   51.85   59.73   30.85    1.96
   28     36      7    1.49   58.72   54.81   12.18    1.25
   29     33      7    1.41   47.55   88.82   47.57    1.00
   30     38      6    1.42   19.89   58.69   34.50    1.01
   31     32      6    1.51   23.04   30.62   53.34    1.03
   32     26      6    1.54   52.67   60.98   51.25    1.04
   33     12      6    1.60   43.25   62.55   14.18    1.08
   34      4      6    1.94   59.93   53.03   58.10    1.41
   35     49      5    1.22   51.28   69.04   51.44    1.79
   36     41      5    1.41   43.83   46.28   14.79    0.89
   37     29      5    1.63   40.20   57.86   58.63    0.85
   38     24      5    1.58   18.29   48.51   53.79    0.96
   39     20      5    1.63   62.67   75.86   44.42    1.10
   40     19      5    1.64   46.93   85.23   28.03    0.84
   41      1      5    2.36   40.04   37.22   41.61    1.20
   42     45      4    1.32   53.33   50.16   45.97    0.79
   43     21      4    1.47   30.26   63.10   43.42    0.81
   44     44      3    1.40   47.21   46.74   46.48    0.81
   45     48      2    1.27   68.83   58.90   34.73    0.70
   46     46      2    1.29   44.83   49.45   65.62    0.50
   47     42      2    1.38   64.25   76.45   30.18    0.49
   48     25      2    1.91   41.83   84.45   35.69    0.50
   49     47      1    1.40   35.83   78.45   36.18    0.00

Inter-group relationships
     g1     g2     n1     n2    dmin    davg   spread  ratio     x1      y1      z1      x2      y2      z2
      1      2    151    121    7.35   20.90   15.93    1.31   43.10   52.16   35.99   41.79   46.00   55.91
      1      3    151    110    4.24   21.12   16.17    1.31   43.10   52.16   35.99   57.81   41.69   25.02
      1      4    151     58    9.00   18.65   12.91    1.44   43.10   52.16   35.99   35.45   67.26   28.15
      1      5    151     43   12.45   22.34   12.15    1.84   43.10   52.16   35.99   53.78   34.58   44.69
      1      6    151     38   19.95   30.70   11.89    2.58   43.10   52.16   35.99   48.92   78.67   50.35
      1      7    151     34   13.34   17.42   11.42    1.53   43.10   52.16   35.99   43.14   39.92   23.59
      1      8    151     33   24.19   34.62   12.68    2.73   43.10   52.16   35.99   59.63   74.44   15.28
      1      9    151     30   18.14   25.35   12.05    2.10   43.10   52.16   35.99   43.93   27.12   39.82
      1     10    151     28   19.67   30.81   12.18    2.53   43.10   52.16   35.99   22.44   31.19   45.09
      1     11    151     25   34.26   40.60   12.71    3.19   43.10   52.16   35.99   54.79   91.03   37.08
      1     12    151     23   19.39   25.84   12.22    2.12   43.10   52.16   35.99   58.55   72.01   41.91
      1     13    151     23   16.31   21.67   11.53    1.88   43.10   52.16   35.99   48.72   72.82   39.32
      1     14    151     21    3.61   18.33   11.98    1.53   43.10   52.16   35.99   29.38   64.27   37.00
 groups           1          14  will be considered for merger
      1     15    151     21   15.30   29.35   11.79    2.49   43.10   52.16   35.99   68.53   38.18   40.39
      1     16    151     20   29.98   36.41   11.26    3.23   43.10   52.16   35.99   51.30   82.50   17.59
      1     17    151     17   16.52   20.32   11.67    1.74   43.10   52.16   35.99   42.08   54.63   15.84
      1     18    151     17   14.07   24.84   11.20    2.22   43.10   52.16   35.99   18.71   51.06   40.58
      1     19    151     15   19.72   33.03   11.28    2.93   43.10   52.16   35.99   74.39   55.91   45.89
      1     20    151     14   24.43   30.35   11.30    2.68   43.10   52.16   35.99   44.47   61.89   64.70
      1     21    151     14   20.32   23.49   10.85    2.16   43.10   52.16   35.99   37.29   59.57   14.47
      1     22    151     11   11.36   21.63   10.84    1.99   43.10   52.16   35.99   22.30   56.08   31.51
      1     23    151     11   18.17   24.28   10.87    2.23   43.10   52.16   35.99   49.00   58.99   13.44
      1     24    151      9   12.41   24.83   10.83    2.29   43.10   52.16   35.99   66.34   59.99   39.87
      1     25    151      9   22.74   33.30   11.13    2.99   43.10   52.16   35.99   14.82   39.96   48.66
      1     26    151      8   23.87   28.86   10.80    2.67   43.10   52.16   35.99   47.92   71.58   15.18
      1     27    151      7    5.10   12.66   11.64    1.09   43.10   52.16   35.99   51.85   59.73   30.85
 groups           1          27  will be considered for merger
site groups connected   53.83   54.45   33.18  43    4.00   4   4   5
                        53.83   56.45   33.18
 successful merge of groups           1          27
Number of site groups found =    48

  Group  index  size  score     x       y       z     stdev
    1      9    158    1.50   43.46   52.48   35.77    9.82
    2     11    121    1.52   41.79   46.00   55.91    6.25
    3      2    110    1.54   57.81   41.69   25.02    6.49
    4      7     58    1.52   35.45   67.26   28.15    3.23
    5      3     43    1.54   53.78   34.58   44.69    2.47
    6     23     38    1.41   48.92   78.67   50.35    2.21
    7      6     34    1.70   43.14   39.92   23.59    1.74
    8     16     33    1.51   59.63   74.44   15.28    3.00
    9     28     30    1.45   43.93   27.12   39.82    2.37
   10      8     28    1.86   22.44   31.19   45.09    2.50
   11     14     25    1.46   54.79   91.03   37.08    3.03
   12     34     23    1.38   58.55   72.01   41.91    2.54
   13     15     23    1.48   48.72   72.82   39.32    1.85
   14     35     21    1.38   29.38   64.27   37.00    2.30
   15     31     21    1.34   68.53   38.18   40.39    2.11
   16     13     20    1.60   51.30   82.50   17.59    1.58
   17     17     17    1.84   42.08   54.63   15.84    1.99
   18     10     17    1.67   18.71   51.06   40.58    1.52
   19     42     15    1.31   74.39   55.91   45.89    1.60
   20     27     14    1.53   44.47   61.89   64.70    1.63
   21      5     14    1.84   37.29   59.57   14.47    1.17
   22     30     11    1.49   22.30   56.08   31.51    1.16
   23     22     11    1.50   49.00   58.99   13.44    1.19
   24     38      9    1.41   66.34   59.99   39.87    1.15
   25     18      9    1.50   14.82   39.96   48.66    1.45
   26     39      8    1.41   47.92   71.58   15.18    1.12
   27     36      7    1.49   58.72   54.81   12.18    1.25
   28     33      7    1.41   47.55   88.82   47.57    1.00
   29     37      6    1.42   19.89   58.69   34.50    1.01
   30     32      6    1.51   23.04   30.62   53.34    1.03
   31     26      6    1.54   52.67   60.98   51.25    1.04
   32     12      6    1.60   43.25   62.55   14.18    1.08
   33      4      6    1.94   59.93   53.03   58.10    1.41
   34     48      5    1.22   51.28   69.04   51.44    1.79
   35     40      5    1.41   43.83   46.28   14.79    0.89
   36     29      5    1.63   40.20   57.86   58.63    0.85
   37     24      5    1.58   18.29   48.51   53.79    0.96
   38     20      5    1.63   62.67   75.86   44.42    1.10
   39     19      5    1.64   46.93   85.23   28.03    0.84
   40      1      5    2.36   40.04   37.22   41.61    1.20
   41     44      4    1.32   53.33   50.16   45.97    0.79
   42     21      4    1.47   30.26   63.10   43.42    0.81
   43     43      3    1.40   47.21   46.74   46.48    0.81
   44     47      2    1.27   68.83   58.90   34.73    0.70
   45     45      2    1.29   44.83   49.45   65.62    0.50
   46     41      2    1.38   64.25   76.45   30.18    0.49
   47     25      2    1.91   41.83   84.45   35.69    0.50
   48     46      1    1.40   35.83   78.45   36.18    0.00

Inter-group relationships
     g1     g2     n1     n2    dmin    davg   spread  ratio     x1      y1      z1      x2      y2      z2
      1      2    158    121    7.35   21.22   16.07    1.32   43.46   52.48   35.77   41.79   46.00   55.91
      1      3    158    110    4.24   20.92   16.31    1.28   43.46   52.48   35.77   57.81   41.69   25.02
      1      4    158     58    9.00   18.46   13.05    1.41   43.46   52.48   35.77   35.45   67.26   28.15
      1      5    158     43   12.45   22.51   12.29    1.83   43.46   52.48   35.77   53.78   34.58   44.69
      1      6    158     38   19.95   30.46   12.03    2.53   43.46   52.48   35.77   48.92   78.67   50.35
      1      7    158     34   13.34   17.50   11.56    1.51   43.46   52.48   35.77   43.14   39.92   23.59
      1      8    158     33   20.02   34.11   12.81    2.66   43.46   52.48   35.77   59.63   74.44   15.28
      1      9    158     30   18.14   25.68   12.19    2.11   43.46   52.48   35.77   43.93   27.12   39.82
      1     10    158     28   19.67   31.34   12.32    2.54   43.46   52.48   35.77   22.44   31.19   45.09
      1     11    158     25   26.98   40.20   12.85    3.13   43.46   52.48   35.77   54.79   91.03   37.08
      1     12    158     23   14.07   25.43   12.35    2.06   43.46   52.48   35.77   58.55   72.01   41.91
      1     13    158     23   11.66   21.31   11.66    1.83   43.46   52.48   35.77   48.72   72.82   39.32
      1     14    158     21    3.61   18.41   12.12    1.52   43.46   52.48   35.77   29.38   64.27   37.00
 groups           1          14  will be considered for merger
      1     15    158     21   15.30   29.22   11.93    2.45   43.46   52.48   35.77   68.53   38.18   40.39
      1     16    158     20   23.11   35.96   11.40    3.16   43.46   52.48   35.77   51.30   82.50   17.59
      1     17    158     17   16.52   20.09   11.80    1.70   43.46   52.48   35.77   42.08   54.63   15.84
      1     18    158     17   14.07   25.25   11.33    2.23   43.46   52.48   35.77   18.71   51.06   40.58
      1     19    158     15   19.72   32.72   11.42    2.87   43.46   52.48   35.77   74.39   55.91   45.89
      1     20    158     14   24.43   30.44   11.44    2.66   43.46   52.48   35.77   44.47   61.89   64.70
      1     21    158     14   20.10   23.29   10.99    2.12   43.46   52.48   35.77   37.29   59.57   14.47
      1     22    158     11   11.36   21.88   10.98    1.99   43.46   52.48   35.77   22.30   56.08   31.51
      1     23    158     11   16.28   23.91   11.01    2.17   43.46   52.48   35.77   49.00   58.99   13.44
      1     24    158      9   12.41   24.42   10.97    2.23   43.46   52.48   35.77   66.34   59.99   39.87
      1     25    158      9   22.74   33.81   11.27    3.00   43.46   52.48   35.77   14.82   39.96   48.66
      1     26    158      8   18.38   28.43   10.94    2.60   43.46   52.48   35.77   47.92   71.58   15.18
      1     27    158      7   18.55   28.19   11.06    2.55   43.46   52.48   35.77   58.72   54.81   12.18
      1     28    158      7   30.89   38.43   10.82    3.55   43.46   52.48   35.77   47.55   88.82   47.57
      1     29    158      6   13.34   24.42   10.82    2.26   43.46   52.48   35.77   19.89   58.69   34.50
      1     30    158      6   25.81   34.70   10.85    3.20   43.46   52.48   35.77   23.04   30.62   53.34
      1     31    158      6   16.67   19.92   10.86    1.83   43.46   52.48   35.77   52.67   60.98   51.25
      1     32    158      6   17.12   23.83   10.90    2.19   43.46   52.48   35.77   43.25   62.55   14.18
      1     33    158      6   19.95   27.75   11.22    2.47   43.46   52.48   35.77   59.93   53.03   58.10
      1     34    158      5   19.34   24.10   11.60    2.08   43.46   52.48   35.77   51.28   69.04   51.44
      1     35    158      5   19.08   21.88   10.71    2.04   43.46   52.48   35.77   43.83   46.28   14.79
      1     36    158      5   17.46   23.71   10.67    2.22   43.46   52.48   35.77   40.20   57.86   58.63
      1     37    158      5   21.93   31.22   10.78    2.90   43.46   52.48   35.77   18.29   48.51   53.79
      1     38    158      5   22.05   31.47   10.92    2.88   43.46   52.48   35.77   62.67   75.86   44.42
      1     39    158      5   23.39   33.83   10.66    3.17   43.46   52.48   35.77   46.93   85.23   28.03
      1     40    158      5   11.87   16.69   11.01    1.52   43.46   52.48   35.77   40.04   37.22   41.61
      1     41    158      4    6.63   14.38   10.60    1.36   43.46   52.48   35.77   53.33   50.16   45.97
      1     42    158      4    5.39   18.59   10.62    1.75   43.46   52.48   35.77   30.26   63.10   43.42
 groups           1          42  will be considered for merger
site groups connected   34.83   59.45   42.18  80    3.00   7   2   4
                        33.83   60.45   43.18
 successful merge of groups           1          42
Number of site groups found =    47

  Group  index  size  score     x       y       z     stdev
    1      9    162    1.50   43.14   52.73   35.96   10.11
    2     11    121    1.52   41.79   46.00   55.91    6.25
    3      2    110    1.54   57.81   41.69   25.02    6.49
    4      7     58    1.52   35.45   67.26   28.15    3.23
    5      3     43    1.54   53.78   34.58   44.69    2.47
    6     22     38    1.41   48.92   78.67   50.35    2.21
    7      6     34    1.70   43.14   39.92   23.59    1.74
    8     16     33    1.51   59.63   74.44   15.28    3.00
    9     27     30    1.45   43.93   27.12   39.82    2.37
   10      8     28    1.86   22.44   31.19   45.09    2.50
   11     14     25    1.46   54.79   91.03   37.08    3.03
   12     33     23    1.38   58.55   72.01   41.91    2.54
   13     15     23    1.48   48.72   72.82   39.32    1.85
   14     34     21    1.38   29.38   64.27   37.00    2.30
   15     30     21    1.34   68.53   38.18   40.39    2.11
   16     13     20    1.60   51.30   82.50   17.59    1.58
   17     17     17    1.84   42.08   54.63   15.84    1.99
   18     10     17    1.67   18.71   51.06   40.58    1.52
   19     41     15    1.31   74.39   55.91   45.89    1.60
   20     26     14    1.53   44.47   61.89   64.70    1.63
   21      5     14    1.84   37.29   59.57   14.47    1.17
   22     29     11    1.49   22.30   56.08   31.51    1.16
   23     21     11    1.50   49.00   58.99   13.44    1.19
   24     37      9    1.41   66.34   59.99   39.87    1.15
   25     18      9    1.50   14.82   39.96   48.66    1.45
   26     38      8    1.41   47.92   71.58   15.18    1.12
   27     35      7    1.49   58.72   54.81   12.18    1.25
   28     32      7    1.41   47.55   88.82   47.57    1.00
   29     36      6    1.42   19.89   58.69   34.50    1.01
   30     31      6    1.51   23.04   30.62   53.34    1.03
   31     25      6    1.54   52.67   60.98   51.25    1.04
   32     12      6    1.60   43.25   62.55   14.18    1.08
   33      4      6    1.94   59.93   53.03   58.10    1.41
   34     47      5    1.22   51.28   69.04   51.44    1.79
   35     39      5    1.41   43.83   46.28   14.79    0.89
   36     28      5    1.63   40.20   57.86   58.63    0.85
   37     23      5    1.58   18.29   48.51   53.79    0.96
   38     20      5    1.63   62.67   75.86   44.42    1.10
   39     19      5    1.64   46.93   85.23   28.03    0.84
   40      1      5    2.36   40.04   37.22   41.61    1.20
   41     43      4    1.32   53.33   50.16   45.97    0.79
   42     42      3    1.40   47.21   46.74   46.48    0.81
   43     46      2    1.27   68.83   58.90   34.73    0.70
   44     44      2    1.29   44.83   49.45   65.62    0.50
   45     40      2    1.38   64.25   76.45   30.18    0.49
   46     24      2    1.91   41.83   84.45   35.69    0.50
   47     45      1    1.40   35.83   78.45   36.18    0.00

Inter-group relationships
     g1     g2     n1     n2    dmin    davg   spread  ratio     x1      y1      z1      x2      y2      z2
      1      2    162    121    7.35   21.10   16.36    1.29   43.14   52.73   35.96   41.79   46.00   55.91
      1      3    162    110    4.24   21.37   16.60    1.29   43.14   52.73   35.96   57.81   41.69   25.02
      1      4    162     58    9.00   18.19   13.34    1.36   43.14   52.73   35.96   35.45   67.26   28.15
      1      5    162     43   12.45   22.79   12.58    1.81   43.14   52.73   35.96   53.78   34.58   44.69
      1      6    162     38   19.95   30.21   12.32    2.45   43.14   52.73   35.96   48.92   78.67   50.35
      1      7    162     34   13.34   17.81   11.85    1.50   43.14   52.73   35.96   43.14   39.92   23.59
      1      8    162     33   20.02   34.21   13.11    2.61   43.14   52.73   35.96   59.63   74.44   15.28
      1      9    162     30   18.14   25.92   12.48    2.08   43.14   52.73   35.96   43.93   27.12   39.82
      1     10    162     28   19.67   31.24   12.61    2.48   43.14   52.73   35.96   22.44   31.19   45.09
      1     11    162     25   26.98   40.04   13.14    3.05   43.14   52.73   35.96   54.79   91.03   37.08
      1     12    162     23   14.07   25.38   12.65    2.01   43.14   52.73   35.96   58.55   72.01   41.91
      1     13    162     23   11.66   21.12   11.96    1.77   43.14   52.73   35.96   48.72   72.82   39.32
      1     14    162     21    3.61   17.99   12.41    1.45   43.14   52.73   35.96   29.38   64.27   37.00
 groups           1          14  will be considered for merger
      1     15    162     21   15.30   29.59   12.22    2.42   43.14   52.73   35.96   68.53   38.18   40.39
      1     16    162     20   23.11   35.91   11.69    3.07   43.14   52.73   35.96   51.30   82.50   17.59
      1     17    162     17   16.52   20.23   12.10    1.67   43.14   52.73   35.96   42.08   54.63   15.84
      1     18    162     17   14.07   24.92   11.63    2.14   43.14   52.73   35.96   18.71   51.06   40.58
      1     19    162     15   19.72   32.94   11.71    2.81   43.14   52.73   35.96   74.39   55.91   45.89
      1     20    162     14   23.35   30.19   11.73    2.57   43.14   52.73   35.96   44.47   61.89   64.70
      1     21    162     14   20.10   23.30   11.28    2.07   43.14   52.73   35.96   37.29   59.57   14.47
      1     22    162     11   11.36   21.57   11.27    1.91   43.14   52.73   35.96   22.30   56.08   31.51
      1     23    162     11   16.28   24.09   11.30    2.13   43.14   52.73   35.96   49.00   58.99   13.44
      1     24    162      9   12.41   24.62   11.26    2.19   43.14   52.73   35.96   66.34   59.99   39.87
      1     25    162      9   22.74   33.57   11.56    2.90   43.14   52.73   35.96   14.82   39.96   48.66
      1     26    162      8   18.38   28.45   11.23    2.53   43.14   52.73   35.96   47.92   71.58   15.18
      1     27    162      7   18.55   28.50   11.36    2.51   43.14   52.73   35.96   58.72   54.81   12.18
      1     28    162      7   29.83   38.17   11.11    3.44   43.14   52.73   35.96   47.55   88.82   47.57
      1     29    162      6   13.08   24.05   11.12    2.16   43.14   52.73   35.96   19.89   58.69   34.50
      1     30    162      6   25.81   34.58   11.14    3.10   43.14   52.73   35.96   23.04   30.62   53.34
      1     31    162      6   16.67   19.81   11.15    1.78   43.14   52.73   35.96   52.67   60.98   51.25
      1     32    162      6   17.12   23.89   11.19    2.13   43.14   52.73   35.96   43.25   62.55   14.18
      1     33    162      6   19.95   27.79   11.52    2.41   43.14   52.73   35.96   59.93   53.03   58.10
      1     34    162      5   19.34   23.91   11.90    2.01   43.14   52.73   35.96   51.28   69.04   51.44
      1     35    162      5   19.08   22.14   11.00    2.01   43.14   52.73   35.96   43.83   46.28   14.79
      1     36    162      5   17.46   23.43   10.96    2.14   43.14   52.73   35.96   40.20   57.86   58.63
      1     37    162      5   20.27   30.89   11.07    2.79   43.14   52.73   35.96   18.29   48.51   53.79
      1     38    162      5   22.05   31.43   11.21    2.80   43.14   52.73   35.96   62.67   75.86   44.42
      1     39    162      5   23.39   33.66   10.95    3.07   43.14   52.73   35.96   46.93   85.23   28.03
      1     40    162      5   11.87   16.80   11.31    1.49   43.14   52.73   35.96   40.04   37.22   41.61
      1     41    162      4    6.63   14.51   10.90    1.33   43.14   52.73   35.96   53.33   50.16   45.97
      2      3    121    110   23.37   35.06   12.74    2.75   41.79   46.00   55.91   57.81   41.69   25.02
      2      4    121     58   23.43   35.53    9.48    3.75   41.79   46.00   55.91   35.45   67.26   28.15
      2      5    121     43   12.88   20.01    8.72    2.29   41.79   46.00   55.91   53.78   34.58   44.69
      2      6    121     38   26.57   33.89    8.46    4.01   41.79   46.00   55.91   48.92   78.67   50.35
      2      7    121     34   22.93   32.92    7.99    4.12   41.79   46.00   55.91   43.14   39.92   23.59
      2      8    121     33   44.60   52.70    9.25    5.70   41.79   46.00   55.91   59.63   74.44   15.28
      2      9    121     30   19.72   24.90    8.62    2.89   41.79   46.00   55.91   43.93   27.12   39.82
      2     10    121     28   17.23   26.66    8.75    3.05   41.79   46.00   55.91   22.44   31.19   45.09
      2     11    121     25   44.96   50.51    9.28    5.44   41.79   46.00   55.91   54.79   91.03   37.08
      2     12    121     23   28.43   33.96    8.78    3.87   41.79   46.00   55.91   58.55   72.01   41.91
      2     13    121     23   26.00   32.29    8.10    3.99   41.79   46.00   55.91   48.72   72.82   39.32
      2     14    121     21   17.94   29.07    8.55    3.40   41.79   46.00   55.91   29.38   64.27   37.00
      2     15    121     21   22.02   31.89    8.36    3.81   41.79   46.00   55.91   68.53   38.18   40.39
      2     16    121     20   45.79   53.77    7.83    6.87   41.79   46.00   55.91   51.30   82.50   17.59
      2     17    121     17   29.85   40.99    8.24    4.98   41.79   46.00   55.91   42.08   54.63   15.84
      2     18    121     17   15.36   28.16    7.77    3.63   41.79   46.00   55.91   18.71   51.06   40.58
      2     19    121     15   29.43   35.51    7.85    4.52   41.79   46.00   55.91   74.39   55.91   45.89
      2     20    121     14   14.04   18.35    7.87    2.33   41.79   46.00   55.91   44.47   61.89   64.70
      2     21    121     14   32.59   43.84    7.42    5.91   41.79   46.00   55.91   37.29   59.57   14.47
      2     22    121     11   20.10   32.81    7.41    4.43   41.79   46.00   55.91   22.30   56.08   31.51
      2     23    121     11   36.19   44.99    7.44    6.05   41.79   46.00   55.91   49.00   58.99   13.44
      2     24    121      9   27.46   32.49    7.40    4.39   41.79   46.00   55.91   66.34   59.99   39.87
      2     25    121      9   19.75   28.58    7.70    3.71   41.79   46.00   55.91   14.82   39.96   48.66
      2     26    121      8   39.86   48.48    7.37    6.58   41.79   46.00   55.91   47.92   71.58   15.18
      2     27    121      7   40.91   47.71    7.50    6.36   41.79   46.00   55.91   58.72   54.81   12.18
      2     28    121      7   39.87   44.00    7.25    6.07   41.79   46.00   55.91   47.55   88.82   47.57
      2     29    121      6   21.66   33.16    7.26    4.57   41.79   46.00   55.91   19.89   58.69   34.50
      2     30    121      6   19.87   24.39    7.28    3.35   41.79   46.00   55.91   23.04   30.62   53.34
      2     31    121      6   16.52   19.09    7.29    2.62   41.79   46.00   55.91   52.67   60.98   51.25
      2     32    121      6   34.94   44.92    7.33    6.13   41.79   46.00   55.91   43.25   62.55   14.18
      2     33    121      6   14.56   19.58    7.66    2.56   41.79   46.00   55.91   59.93   53.03   58.10
      2     34    121      5   22.91   25.31    8.04    3.15   41.79   46.00   55.91   51.28   69.04   51.44
      2     35    121      5   31.78   41.17    7.14    5.76   41.79   46.00   55.91   43.83   46.28   14.79
      2     36    121      5   10.00   12.26    7.10    1.73   41.79   46.00   55.91   40.20   57.86   58.63
      2     37    121      5   16.00   23.73    7.21    3.29   41.79   46.00   55.91   18.29   48.51   53.79
      2     38    121      5   34.77   38.20    7.35    5.20   41.79   46.00   55.91   62.67   75.86   44.42
      2     39    121      5   41.73   48.40    7.09    6.82   41.79   46.00   55.91   46.93   85.23   28.03
      2     40    121      5   10.25   16.88    7.45    2.27   41.79   46.00   55.91   40.04   37.22   41.61
      2     41    121      4   11.49   15.79    7.04    2.24   41.79   46.00   55.91   53.33   50.16   45.97
      3      4    110     58   25.34   34.11    9.72    3.51   57.81   41.69   25.02   35.45   67.26   28.15
      3      5    110     43   12.08   21.30    8.97    2.38   57.81   41.69   25.02   53.78   34.58   44.69
      3      6    110     38   37.43   45.69    8.70    5.25   57.81   41.69   25.02   48.92   78.67   50.35
      3      7    110     34    8.77   14.84    8.23    1.80   57.81   41.69   25.02   43.14   39.92   23.59
      3      8    110     33   24.23   34.22    9.49    3.61   57.81   41.69   25.02   59.63   74.44   15.28
      3      9    110     30   11.36   24.98    8.87    2.82   57.81   41.69   25.02   43.93   27.12   39.82
      3     10    110     28   32.66   42.00    8.99    4.67   57.81   41.69   25.02   22.44   31.19   45.09
      3     11    110     25   40.52   50.88    9.53    5.34   57.81   41.69   25.02   54.79   91.03   37.08
      3     12    110     23   26.65   34.71    9.03    3.84   57.81   41.69   25.02   58.55   72.01   41.91
      3     13    110     23   26.89   35.44    8.34    4.25   57.81   41.69   25.02   48.72   72.82   39.32
      3     14    110     21   31.45   38.23    8.79    4.35   57.81   41.69   25.02   29.38   64.27   37.00
      3     15    110     21   13.45   19.07    8.61    2.22   57.81   41.69   25.02   68.53   38.18   40.39
      3     16    110     20   32.63   41.99    8.07    5.20   57.81   41.69   25.02   51.30   82.50   17.59
      3     17    110     17   15.94   22.34    8.48    2.63   57.81   41.69   25.02   42.08   54.63   15.84
      3     18    110     17   35.34   43.11    8.01    5.38   57.81   41.69   25.02   18.71   51.06   40.58
      3     19    110     15   24.72   30.21    8.10    3.73   57.81   41.69   25.02   74.39   55.91   45.89
      3     20    110     14   40.44   46.48    8.12    5.73   57.81   41.69   25.02   44.47   61.89   64.70
      3     21    110     14   22.91   29.19    7.66    3.81   57.81   41.69   25.02   37.29   59.57   14.47
      3     22    110     11   32.79   38.86    7.66    5.08   57.81   41.69   25.02   22.30   56.08   31.51
      3     23    110     11   15.17   22.61    7.69    2.94   57.81   41.69   25.02   49.00   58.99   13.44
      3     24    110      9   19.39   25.06    7.64    3.28   57.81   41.69   25.02   66.34   59.99   39.87
      3     25    110      9   41.59   49.08    7.94    6.18   57.81   41.69   25.02   14.82   39.96   48.66
      3     26    110      8   24.74   32.98    7.62    4.33   57.81   41.69   25.02   47.92   71.58   15.18
      3     27    110      7    9.11   18.38    7.74    2.37   57.81   41.69   25.02   58.72   54.81   12.18
      3     28    110      7   46.83   53.25    7.49    7.11   57.81   41.69   25.02   47.55   88.82   47.57
      3     29    110      6   37.01   42.63    7.50    5.68   57.81   41.69   25.02   19.89   58.69   34.50
      3     30    110      6   37.92   46.19    7.53    6.14   57.81   41.69   25.02   23.04   30.62   53.34
      3     31    110      6   28.34   32.96    7.53    4.38   57.81   41.69   25.02   52.67   60.98   51.25
      3     32    110      6   20.47   27.65    7.58    3.65   57.81   41.69   25.02   43.25   62.55   14.18
      3     33    110      6   30.23   35.03    7.90    4.43   57.81   41.69   25.02   59.93   53.03   58.10
      3     34    110      5   32.40   38.58    8.28    4.66   57.81   41.69   25.02   51.28   69.04   51.44
      3     35    110      5   15.13   17.91    7.39    2.43   57.81   41.69   25.02   43.83   46.28   14.79
      3     36    110      5   35.14   41.24    7.34    5.62   57.81   41.69   25.02   40.20   57.86   58.63
      3     37    110      5   42.20   49.36    7.45    6.62   57.81   41.69   25.02   18.29   48.51   53.79
      3     38    110      5   33.66   39.59    7.59    5.21   57.81   41.69   25.02   62.67   75.86   44.42
      3     39    110      5   37.58   44.97    7.34    6.13   57.81   41.69   25.02   46.93   85.23   28.03
      3     40    110      5   17.09   24.72    7.69    3.21   57.81   41.69   25.02   40.04   37.22   41.61
      3     41    110      4   17.89   23.04    7.28    3.16   57.81   41.69   25.02   53.33   50.16   45.97
      4      5     58     43   35.26   40.96    5.70    7.18   35.45   67.26   28.15   53.78   34.58   44.69
      4      6     58     38   20.07   28.36    5.44    5.21   35.45   67.26   28.15   48.92   78.67   50.35
      4      7     58     34   23.43   28.77    4.97    5.79   35.45   67.26   28.15   43.14   39.92   23.59
      4      8     58     33   23.87   28.32    6.23    4.55   35.45   67.26   28.15   59.63   74.44   15.28
      4      9     58     30   36.57   42.65    5.60    7.61   35.45   67.26   28.15   43.93   27.12   39.82
      4     10     58     28   37.03   41.91    5.73    7.31   35.45   67.26   28.15   22.44   31.19   45.09
      4     11     58     25   26.55   31.92    6.26    5.10   35.45   67.26   28.15   54.79   91.03   37.08
      4     12     58     23   22.16   27.31    5.77    4.74   35.45   67.26   28.15   58.55   72.01   41.91
      4     13     58     23   13.08   18.22    5.08    3.59   35.45   67.26   28.15   48.72   72.82   39.32
      4     14     58     21    6.78   11.14    5.53    2.01   35.45   67.26   28.15   29.38   64.27   37.00
      4     15     58     21   40.44   45.71    5.34    8.56   35.45   67.26   28.15   68.53   38.18   40.39
      4     16     58     20   19.42   24.40    4.81    5.07   35.45   67.26   28.15   51.30   82.50   17.59
      4     17     58     17   14.73   18.84    5.22    3.61   35.45   67.26   28.15   42.08   54.63   15.84
      4     18     58     17   22.56   26.40    4.75    5.56   35.45   67.26   28.15   18.71   51.06   40.58
      4     19     58     15   39.81   44.27    4.83    9.16   35.45   67.26   28.15   74.39   55.91   45.89
      4     20     58     14   32.33   38.02    4.85    7.83   35.45   67.26   28.15   44.47   61.89   64.70
      4     21     58     14   12.53   15.80    4.40    3.59   35.45   67.26   28.15   37.29   59.57   14.47
      4     22     58     11   13.34   17.58    4.39    4.00   35.45   67.26   28.15   22.30   56.08   31.51
      4     23     58     11   18.79   21.64    4.42    4.89   35.45   67.26   28.15   49.00   58.99   13.44
      4     24     58      9   29.43   33.83    4.38    7.72   35.45   67.26   28.15   66.34   59.99   39.87
      4     25     58      9   36.14   39.89    4.68    8.52   35.45   67.26   28.15   14.82   39.96   48.66
      4     26     58      8   15.17   18.51    4.35    4.25   35.45   67.26   28.15   47.92   71.58   15.18
      4     27     58      7   27.15   30.85    4.48    6.89   35.45   67.26   28.15   58.72   54.81   12.18
      4     28     58      7   25.04   31.44    4.23    7.44   35.45   67.26   28.15   47.55   88.82   47.57
      4     29     58      6   14.35   18.86    4.24    4.45   35.45   67.26   28.15   19.89   58.69   34.50
      4     30     58      6   42.64   46.16    4.26   10.83   35.45   67.26   28.15   23.04   30.62   53.34
      4     31     58      6   25.98   29.49    4.27    6.91   35.45   67.26   28.15   52.67   60.98   51.25
      4     32     58      6   13.96   16.68    4.31    3.87   35.45   67.26   28.15   43.25   62.55   14.18
      4     33     58      6   36.69   41.21    4.64    8.89   35.45   67.26   28.15   59.93   53.03   58.10
      4     34     58      5   23.43   28.22    5.02    5.62   35.45   67.26   28.15   51.28   69.04   51.44
      4     35     58      5   22.29   26.25    4.12    6.37   35.45   67.26   28.15   43.83   46.28   14.79
      4     36     58      5   27.73   32.24    4.08    7.90   35.45   67.26   28.15   40.20   57.86   58.63
      4     37     58      5   32.65   36.10    4.19    8.62   35.45   67.26   28.15   18.29   48.51   53.79
      4     38     58      5   28.62   32.86    4.33    7.59   35.45   67.26   28.15   62.67   75.86   44.42
      4     39     58      5   17.15   21.32    4.07    5.24   35.45   67.26   28.15   46.93   85.23   28.03
      4     40     58      5   29.09   33.23    4.43    7.50   35.45   67.26   28.15   40.04   37.22   41.61
      4     41     58      4   26.61   30.48    4.02    7.59   35.45   67.26   28.15   53.33   50.16   45.97
      5      6     43     38   38.07   44.72    4.68    9.55   53.78   34.58   44.69   48.92   78.67   50.35
      5      7     43     34   20.54   24.23    4.21    5.75   53.78   34.58   44.69   43.14   39.92   23.59
      5      8     43     33   44.33   49.88    5.47    9.12   53.78   34.58   44.69   59.63   74.44   15.28
      5      9     43     30    6.00   13.28    4.85    2.74   53.78   34.58   44.69   43.93   27.12   39.82
 groups           5           9  will be considered for merger
      5     10     43     28   26.02   31.53    4.97    6.34   53.78   34.58   44.69   22.44   31.19   45.09
      5     11     43     25   50.84   56.97    5.51   10.35   53.78   34.58   44.69   54.79   91.03   37.08
      5     12     43     23   33.78   37.83    5.01    7.55   53.78   34.58   44.69   58.55   72.01   41.91
      5     13     43     23   34.84   38.95    4.32    9.01   53.78   34.58   44.69   48.72   72.82   39.32
      5     14     43     21   35.41   39.20    4.77    8.21   53.78   34.58   44.69   29.38   64.27   37.00
      5     15     43     21   11.36   15.77    4.59    3.44   53.78   34.58   44.69   68.53   38.18   40.39
      5     16     43     20   50.29   55.11    4.06   13.59   53.78   34.58   44.69   51.30   82.50   17.59
      5     17     43     17   34.37   37.03    4.46    8.30   53.78   34.58   44.69   42.08   54.63   15.84
      5     18     43     17   34.71   38.96    3.99    9.76   53.78   34.58   44.69   18.71   51.06   40.58
      5     19     43     15   24.76   29.68    4.08    7.28   53.78   34.58   44.69   74.39   55.91   45.89
      5     20     43     14   31.32   35.11    4.10    8.56   53.78   34.58   44.69   44.47   61.89   64.70
      5     21     43     14   39.64   42.55    3.64   11.67   53.78   34.58   44.69   37.29   59.57   14.47
      5     22     43     11   37.78   40.34    3.64   11.09   53.78   34.58   44.69   22.30   56.08   31.51
      5     23     43     11   36.96   39.95    3.67   10.89   53.78   34.58   44.69   49.00   58.99   13.44
      5     24     43      9   24.49   28.76    3.63    7.93   53.78   34.58   44.69   66.34   59.99   39.87
      5     25     43      9   35.82   39.53    3.92   10.07   53.78   34.58   44.69   14.82   39.96   48.66
      5     26     43      8   44.34   47.69    3.60   13.25   53.78   34.58   44.69   47.92   71.58   15.18
      5     27     43      7   36.12   38.61    3.72   10.37   53.78   34.58   44.69   58.72   54.81   12.18
      5     28     43      7   51.39   54.68    3.47   15.74   53.78   34.58   44.69   47.55   88.82   47.57
      5     29     43      6   40.72   42.83    3.48   12.30   53.78   34.58   44.69   19.89   58.69   34.50
      5     30     43      6   28.32   32.18    3.51    9.18   53.78   34.58   44.69   23.04   30.62   53.34
      5     31     43      6   23.62   27.23    3.52    7.75   53.78   34.58   44.69   52.67   60.98   51.25
      5     32     43      6   39.84   42.72    3.56   12.01   53.78   34.58   44.69   43.25   62.55   14.18
      5     33     43      6   19.62   23.63    3.88    6.09   53.78   34.58   44.69   59.93   53.03   58.10
      5     34     43      5   31.40   35.20    4.26    8.26   53.78   34.58   44.69   51.28   69.04   51.44
      5     35     43      5   31.29   33.62    3.37    9.98   53.78   34.58   44.69   43.83   46.28   14.79
      5     36     43      5   27.66   30.34    3.32    9.13   53.78   34.58   44.69   40.20   57.86   58.63
      5     37     43      5   36.24   39.20    3.43   11.42   53.78   34.58   44.69   18.29   48.51   53.79
      5     38     43      5   38.52   42.23    3.58   11.81   53.78   34.58   44.69   62.67   75.86   44.42
      5     39     43      5   50.29   53.76    3.32   16.21   53.78   34.58   44.69   46.93   85.23   28.03
      5     40     43      5   11.49   14.33    3.67    3.90   53.78   34.58   44.69   40.04   37.22   41.61
      5     41     43      4   12.21   15.65    3.26    4.80   53.78   34.58   44.69   53.33   50.16   45.97
      6      7     38     34   41.45   47.44    3.95   12.01   48.92   78.67   50.35   43.14   39.92   23.59
      6      8     38     33   33.00   36.90    5.21    7.09   48.92   78.67   50.35   59.63   74.44   15.28
      6      9     38     30   46.10   52.85    4.58   11.53   48.92   78.67   50.35   43.93   27.12   39.82
      6     10     38     28   47.51   54.61    4.71   11.60   48.92   78.67   50.35   22.44   31.19   45.09
      6     11     38     25   15.52   19.06    5.24    3.64   48.92   78.67   50.35   54.79   91.03   37.08
      6     12     38     23    9.38   14.44    4.74    3.04   48.92   78.67   50.35   58.55   72.01   41.91
      6     13     38     23    8.12   12.48    4.06    3.08   48.92   78.67   50.35   48.72   72.82   39.32
      6     14     38     21   19.67   27.70    4.51    6.14   48.92   78.67   50.35   29.38   64.27   37.00
      6     15     38     21   40.91   46.07    4.32   10.66   48.92   78.67   50.35   68.53   38.18   40.39
      6     16     38     20   29.44   33.06    3.79    8.72   48.92   78.67   50.35   51.30   82.50   17.59
      6     17     38     17   38.07   42.61    4.20   10.15   48.92   78.67   50.35   42.08   54.63   15.84
      6     18     38     17   36.28   42.07    3.73   11.29   48.92   78.67   50.35   18.71   51.06   40.58
      6     19     38     15   30.87   34.44    3.81    9.04   48.92   78.67   50.35   74.39   55.91   45.89
      6     20     38     14   19.21   22.53    3.83    5.87   48.92   78.67   50.35   44.47   61.89   64.70
      6     21     38     14   38.11   42.27    3.38   12.51   48.92   78.67   50.35   37.29   59.57   14.47
      6     22     38     11   33.79   39.67    3.37   11.76   48.92   78.67   50.35   22.30   56.08   31.51
      6     23     38     11   38.13   41.82    3.40   12.29   48.92   78.67   50.35   49.00   58.99   13.44
      6     24     38      9   24.52   27.60    3.36    8.21   48.92   78.67   50.35   66.34   59.99   39.87
      6     25     38      9   45.28   51.62    3.66   14.11   48.92   78.67   50.35   14.82   39.96   48.66
      6     26     38      8   33.54   35.88    3.33   10.77   48.92   78.67   50.35   47.92   71.58   15.18
      6     27     38      7   42.59   46.06    3.46   13.32   48.92   78.67   50.35   58.72   54.81   12.18
      6     28     38      7    8.54   10.62    3.21    3.31   48.92   78.67   50.35   47.55   88.82   47.57
      6     29     38      6   33.56   38.64    3.22   12.02   48.92   78.67   50.35   19.89   58.69   34.50
      6     30     38      6   49.41   54.66    3.24   16.87   48.92   78.67   50.35   23.04   30.62   53.34
      6     31     38      6   14.25   18.10    3.25    5.57   48.92   78.67   50.35   52.67   60.98   51.25
      6     32     38      6   36.18   40.00    3.29   12.15   48.92   78.67   50.35   43.25   62.55   14.18
      6     33     38      6   25.48   28.95    3.62    8.01   48.92   78.67   50.35   59.93   53.03   58.10
      6     34     38      5    7.00    9.97    4.00    2.50   48.92   78.67   50.35   51.28   69.04   51.44
      6     35     38      5   44.15   48.36    3.10   15.59   48.92   78.67   50.35   43.83   46.28   14.79
      6     36     38      5   19.31   24.03    3.06    7.86   48.92   78.67   50.35   40.20   57.86   58.63
      6     37     38      5   37.87   43.13    3.17   13.61   48.92   78.67   50.35   18.29   48.51   53.79
      6     38     38      5   12.45   15.23    3.31    4.60   48.92   78.67   50.35   62.67   75.86   44.42
      6     39     38      5   20.71   23.35    3.05    7.65   48.92   78.67   50.35   46.93   85.23   28.03
      6     40     38      5   37.16   43.28    3.41   12.70   48.92   78.67   50.35   40.04   37.22   41.61
      6     41     38      4   24.92   29.17    3.00    9.73   48.92   78.67   50.35   53.33   50.16   45.97
      7      8     34     33   34.26   39.15    4.74    8.26   43.14   39.92   23.59   59.63   74.44   15.28
      7      9     34     30   15.84   20.69    4.11    5.03   43.14   39.92   23.59   43.93   27.12   39.82
      7     10     34     28   27.17   31.10    4.24    7.33   43.14   39.92   23.59   22.44   31.19   45.09
      7     11     34     25   48.80   54.13    4.77   11.34   43.14   39.92   23.59   54.79   91.03   37.08
      7     12     34     23   35.57   40.03    4.28    9.36   43.14   39.92   23.59   58.55   72.01   41.91
      7     13     34     23   33.24   36.90    3.59   10.28   43.14   39.92   23.59   48.72   72.82   39.32
      7     14     34     21   27.46   31.02    4.04    7.68   43.14   39.92   23.59   29.38   64.27   37.00
      7     15     34     21   27.80   30.49    3.85    7.92   43.14   39.92   23.59   68.53   38.18   40.39
      7     16     34     20   40.12   43.77    3.32   13.18   43.14   39.92   23.59   51.30   82.50   17.59
      7     17     34     17   13.56   16.66    3.73    4.47   43.14   39.92   23.59   42.08   54.63   15.84
      7     18     34     17   28.60   31.77    3.26    9.75   43.14   39.92   23.59   18.71   51.06   40.58
      7     19     34     15   38.29   41.59    3.34   12.44   43.14   39.92   23.59   74.39   55.91   45.89
      7     20     34     14   44.72   46.63    3.36   13.86   43.14   39.92   23.59   44.47   61.89   64.70
      7     21     34     14   19.44   22.44    2.91    7.71   43.14   39.92   23.59   37.29   59.57   14.47
      7     22     34     11   25.20   27.54    2.90    9.49   43.14   39.92   23.59   22.30   56.08   31.51
      7     23     34     11   19.82   22.39    2.93    7.64   43.14   39.92   23.59   49.00   58.99   13.44
      7     24     34      9   31.30   34.73    2.89   12.01   43.14   39.92   23.59   66.34   59.99   39.87
      7     25     34      9   34.73   37.82    3.19   11.86   43.14   39.92   23.59   14.82   39.96   48.66
      7     26     34      8   30.23   33.10    2.86   11.56   43.14   39.92   23.59   47.92   71.58   15.18
      7     27     34      7   21.42   24.39    2.99    8.16   43.14   39.92   23.59   58.72   54.81   12.18
      7     28     34      7   52.36   54.65    2.74   19.96   43.14   39.92   23.59   47.55   88.82   47.57
      7     29     34      6   29.55   31.82    2.75   11.59   43.14   39.92   23.59   19.89   58.69   34.50
      7     30     34      6   34.48   37.09    2.77   13.39   43.14   39.92   23.59   23.04   30.62   53.34
      7     31     34      6   33.75   36.05    2.78   12.97   43.14   39.92   23.59   52.67   60.98   51.25
      7     32     34      6   21.93   24.51    2.82    8.69   43.14   39.92   23.59   43.25   62.55   14.18
      7     33     34      6   37.80   40.56    3.15   12.89   43.14   39.92   23.59   59.93   53.03   58.10
      7     34     34      5   37.46   41.11    3.53   11.65   43.14   39.92   23.59   51.28   69.04   51.44
      7     35     34      5    8.72   10.88    2.63    4.13   43.14   39.92   23.59   43.83   46.28   14.79
      7     36     34      5   37.60   39.47    2.59   15.24   43.14   39.92   23.59   40.20   57.86   58.63
      7     37     34      5   37.34   40.05    2.70   14.84   43.14   39.92   23.59   18.29   48.51   53.79
      7     38     34      5   42.95   45.90    2.84   16.16   43.14   39.92   23.59   62.67   75.86   44.42
      7     39     34      5   43.23   45.68    2.58   17.69   43.14   39.92   23.59   46.93   85.23   28.03
      7     40     34      5   16.16   18.49    2.94    6.29   43.14   39.92   23.59   40.04   37.22   41.61
      7     41     34      4   24.56   26.64    2.53   10.54   43.14   39.92   23.59   53.33   50.16   45.97
      8      9     33     30   49.00   55.57    5.37   10.34   59.63   74.44   15.28   43.93   27.12   39.82
      8     10     33     28   59.89   64.36    5.50   11.70   59.63   74.44   15.28   22.44   31.19   45.09
      8     11     33     25   21.49   27.81    6.03    4.61   59.63   74.44   15.28   54.79   91.03   37.08
      8     12     33     23   22.09   26.75    5.53    4.83   59.63   74.44   15.28   58.55   72.01   41.91
      8     13     33     23   22.20   26.44    4.85    5.46   59.63   74.44   15.28   48.72   72.82   39.32
      8     14     33     21   35.51   38.60    5.30    7.29   59.63   74.44   15.28   29.38   64.27   37.00
      8     15     33     21   40.46   45.00    5.11    8.80   59.63   74.44   15.28   68.53   38.18   40.39
      8     16     33     20    5.39   11.81    4.58    2.58   59.63   74.44   15.28   51.30   82.50   17.59
 groups           8          16  will be considered for merger
      8     17     33     17   21.24   26.48    4.99    5.31   59.63   74.44   15.28   42.08   54.63   15.84
      8     18     33     17   50.75   53.48    4.52   11.84   59.63   74.44   15.28   18.71   51.06   40.58
      8     19     33     15   33.96   38.71    4.60    8.41   59.63   74.44   15.28   74.39   55.91   45.89
      8     20     33     14   50.72   53.19    4.62   11.50   59.63   74.44   15.28   44.47   61.89   64.70
      8     21     33     14   24.68   26.85    4.17    6.44   59.63   74.44   15.28   37.29   59.57   14.47
      8     22     33     11   42.07   44.65    4.16   10.73   59.63   74.44   15.28   22.30   56.08   31.51
      8     23     33     11   15.75   18.84    4.19    4.50   59.63   74.44   15.28   49.00   58.99   13.44
      8     24     33      9   25.98   29.29    4.15    7.06   59.63   74.44   15.28   66.34   59.99   39.87
      8     25     33      9   62.62   65.65    4.45   14.76   59.63   74.44   15.28   14.82   39.96   48.66
      8     26     33      8    9.54   12.05    4.12    2.92   59.63   74.44   15.28   47.92   71.58   15.18
      8     27     33      7   15.59   19.89    4.25    4.69   59.63   74.44   15.28   58.72   54.81   12.18
      8     28     33      7   34.10   37.35    4.00    9.34   59.63   74.44   15.28   47.55   88.82   47.57
      8     29     33      6   44.15   46.87    4.01   11.70   59.63   74.44   15.28   19.89   58.69   34.50
      8     30     33      6   65.86   68.61    4.03   17.03   59.63   74.44   15.28   23.04   30.62   53.34
      8     31     33      6   36.12   39.03    4.04    9.66   59.63   74.44   15.28   52.67   60.98   51.25
      8     32     33      6   18.38   20.27    4.08    4.97   59.63   74.44   15.28   43.25   62.55   14.18
      8     33     33      6   44.78   47.87    4.41   10.87   59.63   74.44   15.28   59.93   53.03   58.10
      8     34     33      5   34.09   37.50    4.79    7.84   59.63   74.44   15.28   51.28   69.04   51.44
      8     35     33      5   29.22   32.30    3.89    8.30   59.63   74.44   15.28   43.83   46.28   14.79
      8     36     33      5   47.90   50.31    3.85   13.07   59.63   74.44   15.28   40.20   57.86   58.63
      8     37     33      5   59.82   62.17    3.96   15.71   59.63   74.44   15.28   18.29   48.51   53.79
      8     38     33      5   28.16   29.33    4.10    7.15   59.63   74.44   15.28   62.67   75.86   44.42
      8     39     33      5   17.46   20.97    3.84    5.46   59.63   74.44   15.28   46.93   85.23   28.03
      8     40     33      5   46.11   49.62    4.20   11.82   59.63   74.44   15.28   40.04   37.22   41.61
      8     41     33      4   36.30   39.63    3.79   10.47   59.63   74.44   15.28   53.33   50.16   45.97
      9     10     30     28   16.97   22.50    4.88    4.62   43.93   27.12   39.82   22.44   31.19   45.09
      9     11     30     25   58.99   64.88    5.41   12.00   43.93   27.12   39.82   54.79   91.03   37.08
      9     12     30     23   43.14   47.25    4.91    9.62   43.93   27.12   39.82   58.55   72.01   41.91
      9     13     30     23   42.02   45.96    4.22   10.88   43.93   27.12   39.82   48.72   72.82   39.32
      9     14     30     21   36.69   40.00    4.67    8.56   43.93   27.12   39.82   29.38   64.27   37.00
      9     15     30     21   21.63   26.97    4.49    6.01   43.93   27.12   39.82   68.53   38.18   40.39
      9     16     30     20   54.87   60.13    3.96   15.20   43.93   27.12   39.82   51.30   82.50   17.59
      9     17     30     17   31.64   36.54    4.36    8.38   43.93   27.12   39.82   42.08   54.63   15.84
      9     18     30     17   30.48   34.78    3.89    8.93   43.93   27.12   39.82   18.71   51.06   40.58
      9     19     30     15   37.46   42.34    3.98   10.65   43.93   27.12   39.82   74.39   55.91   45.89
      9     20     30     14   40.61   42.76    4.00   10.69   43.93   27.12   39.82   44.47   61.89   64.70
      9     21     30     14   37.27   41.71    3.54   11.77   43.93   27.12   39.82   37.29   59.57   14.47
      9     22     30     11   34.76   37.09    3.54   10.48   43.93   27.12   39.82   22.30   56.08   31.51
      9     23     30     11   37.23   41.68    3.57   11.68   43.93   27.12   39.82   49.00   58.99   13.44
      9     24     30      9   35.00   39.78    3.53   11.28   43.93   27.12   39.82   66.34   59.99   39.87
      9     25     30      9   28.72   33.02    3.82    8.63   43.93   27.12   39.82   14.82   39.96   48.66
      9     26     30      8   46.57   50.98    3.50   14.57   43.93   27.12   39.82   47.92   71.58   15.18
      9     27     30      7   37.34   41.83    3.62   11.55   43.93   27.12   39.82   58.72   54.81   12.18
      9     28     30      7   59.54   62.29    3.37   18.46   43.93   27.12   39.82   47.55   88.82   47.57
      9     29     30      6   37.28   40.04    3.38   11.84   43.93   27.12   39.82   19.89   58.69   34.50
      9     30     30      6   20.90   25.13    3.41    7.38   43.93   27.12   39.82   23.04   30.62   53.34
      9     31     30      6   33.62   36.79    3.42   10.77   43.93   27.12   39.82   52.67   60.98   51.25
      9     32     30      6   39.46   43.74    3.46   12.65   43.93   27.12   39.82   43.25   62.55   14.18
      9     33     30      6   32.31   35.52    3.78    9.39   43.93   27.12   39.82   59.93   53.03   58.10
      9     34     30      5   40.57   44.11    4.16   10.60   43.93   27.12   39.82   51.28   69.04   51.44
      9     35     30      5   27.28   31.52    3.27    9.64   43.93   27.12   39.82   43.83   46.28   14.79
      9     36     30      5   34.37   36.23    3.22   11.23   43.93   27.12   39.82   40.20   57.86   58.63
      9     37     30      5   32.70   36.20    3.33   10.86   43.93   27.12   39.82   18.29   48.51   53.79
      9     38     30      5   48.64   52.42    3.48   15.08   43.93   27.12   39.82   62.67   75.86   44.42
      9     39     30      5   55.74   59.37    3.22   18.45   43.93   27.12   39.82   46.93   85.23   28.03
      9     40     30      5    9.06   10.97    3.57    3.07   43.93   27.12   39.82   40.04   37.22   41.61
      9     41     30      4   22.02   25.63    3.16    8.11   43.93   27.12   39.82   53.33   50.16   45.97
     10     11     28     25   64.41   68.49    5.53   12.38   22.44   31.19   45.09   54.79   91.03   37.08
     10     12     28     23   49.86   54.59    5.04   10.84   22.44   31.19   45.09   58.55   72.01   41.91
     10     13     28     23   45.45   49.57    4.35   11.40   22.44   31.19   45.09   48.72   72.82   39.32
     10     14     28     21   31.72   34.75    4.80    7.24   22.44   31.19   45.09   29.38   64.27   37.00
     10     15     28     21   42.40   46.85    4.61   10.16   22.44   31.19   45.09   68.53   38.18   40.39
     10     16     28     20   61.73   64.97    4.08   15.92   22.44   31.19   45.09   51.30   82.50   17.59
     10     17     28     17   38.48   42.31    4.49    9.43   22.44   31.19   45.09   42.08   54.63   15.84
     10     18     28     17   18.28   20.71    4.02    5.15   22.44   31.19   45.09   18.71   51.06   40.58
     10     19     28     15   53.71   57.53    4.10   14.02   22.44   31.19   45.09   74.39   55.91   45.89
     10     20     28     14   39.06   42.57    4.13   10.32   22.44   31.19   45.09   44.47   61.89   64.70
     10     21     28     14   41.39   44.31    3.67   12.07   22.44   31.19   45.09   37.29   59.57   14.47
     10     22     28     11   25.94   28.35    3.66    7.74   22.44   31.19   45.09   22.30   56.08   31.51
     10     23     28     11   46.73   49.80    3.69   13.49   22.44   31.19   45.09   49.00   58.99   13.44
     10     24     28      9   48.52   52.76    3.65   14.45   22.44   31.19   45.09   66.34   59.99   39.87
     10     25     28      9    9.00   12.15    3.95    3.08   22.44   31.19   45.09   14.82   39.96   48.66
     10     26     28      8   53.60   56.34    3.62   15.55   22.44   31.19   45.09   47.92   71.58   15.18
     10     27     28      7   51.59   54.38    3.75   14.51   22.44   31.19   45.09   58.72   54.81   12.18
     10     28     28      7   60.17   62.91    3.50   17.98   22.44   31.19   45.09   47.55   88.82   47.57
     10     29     28      6   27.00   29.58    3.51    8.43   22.44   31.19   45.09   19.89   58.69   34.50
     10     30     28      6    6.00    8.30    3.53    2.35   22.44   31.19   45.09   23.04   30.62   53.34
 groups          10          30  will be considered for merger
site groups connected   21.83   31.45   48.18  45    2.00   2   3   4
                        20.83   30.45   48.18
 successful merge of groups          10          30
Number of site groups found =    46

  Group  index  size  score     x       y       z     stdev
    1      9    162    1.50   43.14   52.73   35.96   10.11
    2     11    121    1.52   41.79   46.00   55.91    6.25
    3      2    110    1.54   57.81   41.69   25.02    6.49
    4      7     58    1.52   35.45   67.26   28.15    3.23
    5      3     43    1.54   53.78   34.58   44.69    2.47
    6     22     38    1.41   48.92   78.67   50.35    2.21
    7      8     34    1.80   22.53   31.11   46.31    3.76
    8      6     34    1.70   43.14   39.92   23.59    1.74
    9     16     33    1.51   59.63   74.44   15.28    3.00
   10     27     30    1.45   43.93   27.12   39.82    2.37
   11     14     25    1.46   54.79   91.03   37.08    3.03
   12     32     23    1.38   58.55   72.01   41.91    2.54
   13     15     23    1.48   48.72   72.82   39.32    1.85
   14     33     21    1.38   29.38   64.27   37.00    2.30
   15     30     21    1.34   68.53   38.18   40.39    2.11
   16     13     20    1.60   51.30   82.50   17.59    1.58
   17     17     17    1.84   42.08   54.63   15.84    1.99
   18     10     17    1.67   18.71   51.06   40.58    1.52
   19     40     15    1.31   74.39   55.91   45.89    1.60
   20     26     14    1.53   44.47   61.89   64.70    1.63
   21      5     14    1.84   37.29   59.57   14.47    1.17
   22     29     11    1.49   22.30   56.08   31.51    1.16
   23     21     11    1.50   49.00   58.99   13.44    1.19
   24     36      9    1.41   66.34   59.99   39.87    1.15
   25     18      9    1.50   14.82   39.96   48.66    1.45
   26     37      8    1.41   47.92   71.58   15.18    1.12
   27     34      7    1.49   58.72   54.81   12.18    1.25
   28     31      7    1.41   47.55   88.82   47.57    1.00
   29     35      6    1.42   19.89   58.69   34.50    1.01
   30     25      6    1.54   52.67   60.98   51.25    1.04
   31     12      6    1.60   43.25   62.55   14.18    1.08
   32      4      6    1.94   59.93   53.03   58.10    1.41
   33     46      5    1.22   51.28   69.04   51.44    1.79
   34     38      5    1.41   43.83   46.28   14.79    0.89
   35     28      5    1.63   40.20   57.86   58.63    0.85
   36     23      5    1.58   18.29   48.51   53.79    0.96
   37     20      5    1.63   62.67   75.86   44.42    1.10
   38     19      5    1.64   46.93   85.23   28.03    0.84
   39      1      5    2.36   40.04   37.22   41.61    1.20
   40     42      4    1.32   53.33   50.16   45.97    0.79
   41     41      3    1.40   47.21   46.74   46.48    0.81
   42     45      2    1.27   68.83   58.90   34.73    0.70
   43     43      2    1.29   44.83   49.45   65.62    0.50
   44     39      2    1.38   64.25   76.45   30.18    0.49
   45     24      2    1.91   41.83   84.45   35.69    0.50
   46     44      1    1.40   35.83   78.45   36.18    0.00

Inter-group relationships
     g1     g2     n1     n2    dmin    davg   spread  ratio     x1      y1      z1      x2      y2      z2
      1      2    162    121    7.35   21.10   16.36    1.29   43.14   52.73   35.96   41.79   46.00   55.91
      1      3    162    110    4.24   21.37   16.60    1.29   43.14   52.73   35.96   57.81   41.69   25.02
      1      4    162     58    9.00   18.19   13.34    1.36   43.14   52.73   35.96   35.45   67.26   28.15
      1      5    162     43   12.45   22.79   12.58    1.81   43.14   52.73   35.96   53.78   34.58   44.69
      1      6    162     38   19.95   30.21   12.32    2.45   43.14   52.73   35.96   48.92   78.67   50.35
      1      7    162     34   19.67   31.62   13.87    2.28   43.14   52.73   35.96   22.53   31.11   46.31
      1      8    162     34   13.34   17.81   11.85    1.50   43.14   52.73   35.96   43.14   39.92   23.59
      1      9    162     33   20.02   34.21   13.11    2.61   43.14   52.73   35.96   59.63   74.44   15.28
      1     10    162     30   18.14   25.92   12.48    2.08   43.14   52.73   35.96   43.93   27.12   39.82
      1     11    162     25   26.98   40.04   13.14    3.05   43.14   52.73   35.96   54.79   91.03   37.08
      1     12    162     23   14.07   25.38   12.65    2.01   43.14   52.73   35.96   58.55   72.01   41.91
      1     13    162     23   11.66   21.12   11.96    1.77   43.14   52.73   35.96   48.72   72.82   39.32
      1     14    162     21    3.61   17.99   12.41    1.45   43.14   52.73   35.96   29.38   64.27   37.00
 groups           1          14  will be considered for merger
      1     15    162     21   15.30   29.59   12.22    2.42   43.14   52.73   35.96   68.53   38.18   40.39
      1     16    162     20   23.11   35.91   11.69    3.07   43.14   52.73   35.96   51.30   82.50   17.59
      1     17    162     17   16.52   20.23   12.10    1.67   43.14   52.73   35.96   42.08   54.63   15.84
      1     18    162     17   14.07   24.92   11.63    2.14   43.14   52.73   35.96   18.71   51.06   40.58
      1     19    162     15   19.72   32.94   11.71    2.81   43.14   52.73   35.96   74.39   55.91   45.89
      1     20    162     14   23.35   30.19   11.73    2.57   43.14   52.73   35.96   44.47   61.89   64.70
      1     21    162     14   20.10   23.30   11.28    2.07   43.14   52.73   35.96   37.29   59.57   14.47
      1     22    162     11   11.36   21.57   11.27    1.91   43.14   52.73   35.96   22.30   56.08   31.51
      1     23    162     11   16.28   24.09   11.30    2.13   43.14   52.73   35.96   49.00   58.99   13.44
      1     24    162      9   12.41   24.62   11.26    2.19   43.14   52.73   35.96   66.34   59.99   39.87
      1     25    162      9   22.74   33.57   11.56    2.90   43.14   52.73   35.96   14.82   39.96   48.66
      1     26    162      8   18.38   28.45   11.23    2.53   43.14   52.73   35.96   47.92   71.58   15.18
      1     27    162      7   18.55   28.50   11.36    2.51   43.14   52.73   35.96   58.72   54.81   12.18
      1     28    162      7   29.83   38.17   11.11    3.44   43.14   52.73   35.96   47.55   88.82   47.57
      1     29    162      6   13.08   24.05   11.12    2.16   43.14   52.73   35.96   19.89   58.69   34.50
      1     30    162      6   16.67   19.81   11.15    1.78   43.14   52.73   35.96   52.67   60.98   51.25
      1     31    162      6   17.12   23.89   11.19    2.13   43.14   52.73   35.96   43.25   62.55   14.18
      1     32    162      6   19.95   27.79   11.52    2.41   43.14   52.73   35.96   59.93   53.03   58.10
      1     33    162      5   19.34   23.91   11.90    2.01   43.14   52.73   35.96   51.28   69.04   51.44
      1     34    162      5   19.08   22.14   11.00    2.01   43.14   52.73   35.96   43.83   46.28   14.79
      1     35    162      5   17.46   23.43   10.96    2.14   43.14   52.73   35.96   40.20   57.86   58.63
      1     36    162      5   20.27   30.89   11.07    2.79   43.14   52.73   35.96   18.29   48.51   53.79
      1     37    162      5   22.05   31.43   11.21    2.80   43.14   52.73   35.96   62.67   75.86   44.42
      1     38    162      5   23.39   33.66   10.95    3.07   43.14   52.73   35.96   46.93   85.23   28.03
      1     39    162      5   11.87   16.80   11.31    1.49   43.14   52.73   35.96   40.04   37.22   41.61
      1     40    162      4    6.63   14.51   10.90    1.33   43.14   52.73   35.96   53.33   50.16   45.97
      2      3    121    110   23.37   35.06   12.74    2.75   41.79   46.00   55.91   57.81   41.69   25.02
      2      4    121     58   23.43   35.53    9.48    3.75   41.79   46.00   55.91   35.45   67.26   28.15
      2      5    121     43   12.88   20.01    8.72    2.29   41.79   46.00   55.91   53.78   34.58   44.69
      2      6    121     38   26.57   33.89    8.46    4.01   41.79   46.00   55.91   48.92   78.67   50.35
      2      7    121     34   17.23   26.18   10.01    2.61   41.79   46.00   55.91   22.53   31.11   46.31
      2      8    121     34   22.93   32.92    7.99    4.12   41.79   46.00   55.91   43.14   39.92   23.59
      2      9    121     33   44.60   52.70    9.25    5.70   41.79   46.00   55.91   59.63   74.44   15.28
      2     10    121     30   19.72   24.90    8.62    2.89   41.79   46.00   55.91   43.93   27.12   39.82
      2     11    121     25   44.96   50.51    9.28    5.44   41.79   46.00   55.91   54.79   91.03   37.08
      2     12    121     23   28.43   33.96    8.78    3.87   41.79   46.00   55.91   58.55   72.01   41.91
      2     13    121     23   26.00   32.29    8.10    3.99   41.79   46.00   55.91   48.72   72.82   39.32
      2     14    121     21   17.94   29.07    8.55    3.40   41.79   46.00   55.91   29.38   64.27   37.00
      2     15    121     21   22.02   31.89    8.36    3.81   41.79   46.00   55.91   68.53   38.18   40.39
      2     16    121     20   45.79   53.77    7.83    6.87   41.79   46.00   55.91   51.30   82.50   17.59
      2     17    121     17   29.85   40.99    8.24    4.98   41.79   46.00   55.91   42.08   54.63   15.84
      2     18    121     17   15.36   28.16    7.77    3.63   41.79   46.00   55.91   18.71   51.06   40.58
      2     19    121     15   29.43   35.51    7.85    4.52   41.79   46.00   55.91   74.39   55.91   45.89
      2     20    121     14   14.04   18.35    7.87    2.33   41.79   46.00   55.91   44.47   61.89   64.70
      2     21    121     14   32.59   43.84    7.42    5.91   41.79   46.00   55.91   37.29   59.57   14.47
      2     22    121     11   20.10   32.81    7.41    4.43   41.79   46.00   55.91   22.30   56.08   31.51
      2     23    121     11   36.19   44.99    7.44    6.05   41.79   46.00   55.91   49.00   58.99   13.44
      2     24    121      9   27.46   32.49    7.40    4.39   41.79   46.00   55.91   66.34   59.99   39.87
      2     25    121      9   19.75   28.58    7.70    3.71   41.79   46.00   55.91   14.82   39.96   48.66
      2     26    121      8   39.86   48.48    7.37    6.58   41.79   46.00   55.91   47.92   71.58   15.18
      2     27    121      7   40.91   47.71    7.50    6.36   41.79   46.00   55.91   58.72   54.81   12.18
      2     28    121      7   39.87   44.00    7.25    6.07   41.79   46.00   55.91   47.55   88.82   47.57
      2     29    121      6   21.66   33.16    7.26    4.57   41.79   46.00   55.91   19.89   58.69   34.50
      2     30    121      6   16.52   19.09    7.29    2.62   41.79   46.00   55.91   52.67   60.98   51.25
      2     31    121      6   34.94   44.92    7.33    6.13   41.79   46.00   55.91   43.25   62.55   14.18
      2     32    121      6   14.56   19.58    7.66    2.56   41.79   46.00   55.91   59.93   53.03   58.10
      2     33    121      5   22.91   25.31    8.04    3.15   41.79   46.00   55.91   51.28   69.04   51.44
      2     34    121      5   31.78   41.17    7.14    5.76   41.79   46.00   55.91   43.83   46.28   14.79
      2     35    121      5   10.00   12.26    7.10    1.73   41.79   46.00   55.91   40.20   57.86   58.63
      2     36    121      5   16.00   23.73    7.21    3.29   41.79   46.00   55.91   18.29   48.51   53.79
      2     37    121      5   34.77   38.20    7.35    5.20   41.79   46.00   55.91   62.67   75.86   44.42
      2     38    121      5   41.73   48.40    7.09    6.82   41.79   46.00   55.91   46.93   85.23   28.03
      2     39    121      5   10.25   16.88    7.45    2.27   41.79   46.00   55.91   40.04   37.22   41.61
      2     40    121      4   11.49   15.79    7.04    2.24   41.79   46.00   55.91   53.33   50.16   45.97
      3      4    110     58   25.34   34.11    9.72    3.51   57.81   41.69   25.02   35.45   67.26   28.15
      3      5    110     43   12.08   21.30    8.97    2.38   57.81   41.69   25.02   53.78   34.58   44.69
      3      6    110     38   37.43   45.69    8.70    5.25   57.81   41.69   25.02   48.92   78.67   50.35
      3      7    110     34   32.66   42.54   10.25    4.15   57.81   41.69   25.02   22.53   31.11   46.31
      3      8    110     34    8.77   14.84    8.23    1.80   57.81   41.69   25.02   43.14   39.92   23.59
      3      9    110     33   24.23   34.22    9.49    3.61   57.81   41.69   25.02   59.63   74.44   15.28
      3     10    110     30   11.36   24.98    8.87    2.82   57.81   41.69   25.02   43.93   27.12   39.82
      3     11    110     25   40.52   50.88    9.53    5.34   57.81   41.69   25.02   54.79   91.03   37.08
      3     12    110     23   26.65   34.71    9.03    3.84   57.81   41.69   25.02   58.55   72.01   41.91
      3     13    110     23   26.89   35.44    8.34    4.25   57.81   41.69   25.02   48.72   72.82   39.32
      3     14    110     21   31.45   38.23    8.79    4.35   57.81   41.69   25.02   29.38   64.27   37.00
      3     15    110     21   13.45   19.07    8.61    2.22   57.81   41.69   25.02   68.53   38.18   40.39
      3     16    110     20   32.63   41.99    8.07    5.20   57.81   41.69   25.02   51.30   82.50   17.59
      3     17    110     17   15.94   22.34    8.48    2.63   57.81   41.69   25.02   42.08   54.63   15.84
      3     18    110     17   35.34   43.11    8.01    5.38   57.81   41.69   25.02   18.71   51.06   40.58
      3     19    110     15   24.72   30.21    8.10    3.73   57.81   41.69   25.02   74.39   55.91   45.89
      3     20    110     14   40.44   46.48    8.12    5.73   57.81   41.69   25.02   44.47   61.89   64.70
      3     21    110     14   22.91   29.19    7.66    3.81   57.81   41.69   25.02   37.29   59.57   14.47
      3     22    110     11   32.79   38.86    7.66    5.08   57.81   41.69   25.02   22.30   56.08   31.51
      3     23    110     11   15.17   22.61    7.69    2.94   57.81   41.69   25.02   49.00   58.99   13.44
      3     24    110      9   19.39   25.06    7.64    3.28   57.81   41.69   25.02   66.34   59.99   39.87
      3     25    110      9   41.59   49.08    7.94    6.18   57.81   41.69   25.02   14.82   39.96   48.66
      3     26    110      8   24.74   32.98    7.62    4.33   57.81   41.69   25.02   47.92   71.58   15.18
      3     27    110      7    9.11   18.38    7.74    2.37   57.81   41.69   25.02   58.72   54.81   12.18
      3     28    110      7   46.83   53.25    7.49    7.11   57.81   41.69   25.02   47.55   88.82   47.57
      3     29    110      6   37.01   42.63    7.50    5.68   57.81   41.69   25.02   19.89   58.69   34.50
      3     30    110      6   28.34   32.96    7.53    4.38   57.81   41.69   25.02   52.67   60.98   51.25
      3     31    110      6   20.47   27.65    7.58    3.65   57.81   41.69   25.02   43.25   62.55   14.18
      3     32    110      6   30.23   35.03    7.90    4.43   57.81   41.69   25.02   59.93   53.03   58.10
      3     33    110      5   32.40   38.58    8.28    4.66   57.81   41.69   25.02   51.28   69.04   51.44
      3     34    110      5   15.13   17.91    7.39    2.43   57.81   41.69   25.02   43.83   46.28   14.79
      3     35    110      5   35.14   41.24    7.34    5.62   57.81   41.69   25.02   40.20   57.86   58.63
      3     36    110      5   42.20   49.36    7.45    6.62   57.81   41.69   25.02   18.29   48.51   53.79
      3     37    110      5   33.66   39.59    7.59    5.21   57.81   41.69   25.02   62.67   75.86   44.42
      3     38    110      5   37.58   44.97    7.34    6.13   57.81   41.69   25.02   46.93   85.23   28.03
      3     39    110      5   17.09   24.72    7.69    3.21   57.81   41.69   25.02   40.04   37.22   41.61
      3     40    110      4   17.89   23.04    7.28    3.16   57.81   41.69   25.02   53.33   50.16   45.97
      4      5     58     43   35.26   40.96    5.70    7.18   35.45   67.26   28.15   53.78   34.58   44.69
      4      6     58     38   20.07   28.36    5.44    5.21   35.45   67.26   28.15   48.92   78.67   50.35
      4      7     58     34   37.03   42.46    6.99    6.07   35.45   67.26   28.15   22.53   31.11   46.31
      4      8     58     34   23.43   28.77    4.97    5.79   35.45   67.26   28.15   43.14   39.92   23.59
      4      9     58     33   23.87   28.32    6.23    4.55   35.45   67.26   28.15   59.63   74.44   15.28
      4     10     58     30   36.57   42.65    5.60    7.61   35.45   67.26   28.15   43.93   27.12   39.82
      4     11     58     25   26.55   31.92    6.26    5.10   35.45   67.26   28.15   54.79   91.03   37.08
      4     12     58     23   22.16   27.31    5.77    4.74   35.45   67.26   28.15   58.55   72.01   41.91
      4     13     58     23   13.08   18.22    5.08    3.59   35.45   67.26   28.15   48.72   72.82   39.32
      4     14     58     21    6.78   11.14    5.53    2.01   35.45   67.26   28.15   29.38   64.27   37.00
      4     15     58     21   40.44   45.71    5.34    8.56   35.45   67.26   28.15   68.53   38.18   40.39
      4     16     58     20   19.42   24.40    4.81    5.07   35.45   67.26   28.15   51.30   82.50   17.59
      4     17     58     17   14.73   18.84    5.22    3.61   35.45   67.26   28.15   42.08   54.63   15.84
      4     18     58     17   22.56   26.40    4.75    5.56   35.45   67.26   28.15   18.71   51.06   40.58
      4     19     58     15   39.81   44.27    4.83    9.16   35.45   67.26   28.15   74.39   55.91   45.89
      4     20     58     14   32.33   38.02    4.85    7.83   35.45   67.26   28.15   44.47   61.89   64.70
      4     21     58     14   12.53   15.80    4.40    3.59   35.45   67.26   28.15   37.29   59.57   14.47
      4     22     58     11   13.34   17.58    4.39    4.00   35.45   67.26   28.15   22.30   56.08   31.51
      4     23     58     11   18.79   21.64    4.42    4.89   35.45   67.26   28.15   49.00   58.99   13.44
      4     24     58      9   29.43   33.83    4.38    7.72   35.45   67.26   28.15   66.34   59.99   39.87
      4     25     58      9   36.14   39.89    4.68    8.52   35.45   67.26   28.15   14.82   39.96   48.66
      4     26     58      8   15.17   18.51    4.35    4.25   35.45   67.26   28.15   47.92   71.58   15.18
      4     27     58      7   27.15   30.85    4.48    6.89   35.45   67.26   28.15   58.72   54.81   12.18
      4     28     58      7   25.04   31.44    4.23    7.44   35.45   67.26   28.15   47.55   88.82   47.57
      4     29     58      6   14.35   18.86    4.24    4.45   35.45   67.26   28.15   19.89   58.69   34.50
      4     30     58      6   25.98   29.49    4.27    6.91   35.45   67.26   28.15   52.67   60.98   51.25
      4     31     58      6   13.96   16.68    4.31    3.87   35.45   67.26   28.15   43.25   62.55   14.18
      4     32     58      6   36.69   41.21    4.64    8.89   35.45   67.26   28.15   59.93   53.03   58.10
      4     33     58      5   23.43   28.22    5.02    5.62   35.45   67.26   28.15   51.28   69.04   51.44
      4     34     58      5   22.29   26.25    4.12    6.37   35.45   67.26   28.15   43.83   46.28   14.79
      4     35     58      5   27.73   32.24    4.08    7.90   35.45   67.26   28.15   40.20   57.86   58.63
      4     36     58      5   32.65   36.10    4.19    8.62   35.45   67.26   28.15   18.29   48.51   53.79
      4     37     58      5   28.62   32.86    4.33    7.59   35.45   67.26   28.15   62.67   75.86   44.42
      4     38     58      5   17.15   21.32    4.07    5.24   35.45   67.26   28.15   46.93   85.23   28.03
      4     39     58      5   29.09   33.23    4.43    7.50   35.45   67.26   28.15   40.04   37.22   41.61
      4     40     58      4   26.61   30.48    4.02    7.59   35.45   67.26   28.15   53.33   50.16   45.97
      5      6     43     38   38.07   44.72    4.68    9.55   53.78   34.58   44.69   48.92   78.67   50.35
      5      7     43     34   26.02   31.49    6.24    5.05   53.78   34.58   44.69   22.53   31.11   46.31
      5      8     43     34   20.54   24.23    4.21    5.75   53.78   34.58   44.69   43.14   39.92   23.59
      5      9     43     33   44.33   49.88    5.47    9.12   53.78   34.58   44.69   59.63   74.44   15.28
      5     10     43     30    6.00   13.28    4.85    2.74   53.78   34.58   44.69   43.93   27.12   39.82
 groups           5          10  will be considered for merger
      5     11     43     25   50.84   56.97    5.51   10.35   53.78   34.58   44.69   54.79   91.03   37.08
      5     12     43     23   33.78   37.83    5.01    7.55   53.78   34.58   44.69   58.55   72.01   41.91
      5     13     43     23   34.84   38.95    4.32    9.01   53.78   34.58   44.69   48.72   72.82   39.32
      5     14     43     21   35.41   39.20    4.77    8.21   53.78   34.58   44.69   29.38   64.27   37.00
      5     15     43     21   11.36   15.77    4.59    3.44   53.78   34.58   44.69   68.53   38.18   40.39
      5     16     43     20   50.29   55.11    4.06   13.59   53.78   34.58   44.69   51.30   82.50   17.59
      5     17     43     17   34.37   37.03    4.46    8.30   53.78   34.58   44.69   42.08   54.63   15.84
      5     18     43     17   34.71   38.96    3.99    9.76   53.78   34.58   44.69   18.71   51.06   40.58
      5     19     43     15   24.76   29.68    4.08    7.28   53.78   34.58   44.69   74.39   55.91   45.89
      5     20     43     14   31.32   35.11    4.10    8.56   53.78   34.58   44.69   44.47   61.89   64.70
      5     21     43     14   39.64   42.55    3.64   11.67   53.78   34.58   44.69   37.29   59.57   14.47
      5     22     43     11   37.78   40.34    3.64   11.09   53.78   34.58   44.69   22.30   56.08   31.51
      5     23     43     11   36.96   39.95    3.67   10.89   53.78   34.58   44.69   49.00   58.99   13.44
      5     24     43      9   24.49   28.76    3.63    7.93   53.78   34.58   44.69   66.34   59.99   39.87
      5     25     43      9   35.82   39.53    3.92   10.07   53.78   34.58   44.69   14.82   39.96   48.66
      5     26     43      8   44.34   47.69    3.60   13.25   53.78   34.58   44.69   47.92   71.58   15.18
      5     27     43      7   36.12   38.61    3.72   10.37   53.78   34.58   44.69   58.72   54.81   12.18
      5     28     43      7   51.39   54.68    3.47   15.74   53.78   34.58   44.69   47.55   88.82   47.57
      5     29     43      6   40.72   42.83    3.48   12.30   53.78   34.58   44.69   19.89   58.69   34.50
      5     30     43      6   23.62   27.23    3.52    7.75   53.78   34.58   44.69   52.67   60.98   51.25
      5     31     43      6   39.84   42.72    3.56   12.01   53.78   34.58   44.69   43.25   62.55   14.18
      5     32     43      6   19.62   23.63    3.88    6.09   53.78   34.58   44.69   59.93   53.03   58.10
      5     33     43      5   31.40   35.20    4.26    8.26   53.78   34.58   44.69   51.28   69.04   51.44
      5     34     43      5   31.29   33.62    3.37    9.98   53.78   34.58   44.69   43.83   46.28   14.79
      5     35     43      5   27.66   30.34    3.32    9.13   53.78   34.58   44.69   40.20   57.86   58.63
      5     36     43      5   36.24   39.20    3.43   11.42   53.78   34.58   44.69   18.29   48.51   53.79
      5     37     43      5   38.52   42.23    3.58   11.81   53.78   34.58   44.69   62.67   75.86   44.42
      5     38     43      5   50.29   53.76    3.32   16.21   53.78   34.58   44.69   46.93   85.23   28.03
      5     39     43      5   11.49   14.33    3.67    3.90   53.78   34.58   44.69   40.04   37.22   41.61
      5     40     43      4   12.21   15.65    3.26    4.80   53.78   34.58   44.69   53.33   50.16   45.97
      6      7     38     34   47.51   54.54    5.97    9.14   48.92   78.67   50.35   22.53   31.11   46.31
      6      8     38     34   41.45   47.44    3.95   12.01   48.92   78.67   50.35   43.14   39.92   23.59
      6      9     38     33   33.00   36.90    5.21    7.09   48.92   78.67   50.35   59.63   74.44   15.28
      6     10     38     30   46.10   52.85    4.58   11.53   48.92   78.67   50.35   43.93   27.12   39.82
      6     11     38     25   15.52   19.06    5.24    3.64   48.92   78.67   50.35   54.79   91.03   37.08
      6     12     38     23    9.38   14.44    4.74    3.04   48.92   78.67   50.35   58.55   72.01   41.91
      6     13     38     23    8.12   12.48    4.06    3.08   48.92   78.67   50.35   48.72   72.82   39.32
      6     14     38     21   19.67   27.70    4.51    6.14   48.92   78.67   50.35   29.38   64.27   37.00
      6     15     38     21   40.91   46.07    4.32   10.66   48.92   78.67   50.35   68.53   38.18   40.39
      6     16     38     20   29.44   33.06    3.79    8.72   48.92   78.67   50.35   51.30   82.50   17.59
      6     17     38     17   38.07   42.61    4.20   10.15   48.92   78.67   50.35   42.08   54.63   15.84
      6     18     38     17   36.28   42.07    3.73   11.29   48.92   78.67   50.35   18.71   51.06   40.58
      6     19     38     15   30.87   34.44    3.81    9.04   48.92   78.67   50.35   74.39   55.91   45.89
      6     20     38     14   19.21   22.53    3.83    5.87   48.92   78.67   50.35   44.47   61.89   64.70
      6     21     38     14   38.11   42.27    3.38   12.51   48.92   78.67   50.35   37.29   59.57   14.47
      6     22     38     11   33.79   39.67    3.37   11.76   48.92   78.67   50.35   22.30   56.08   31.51
      6     23     38     11   38.13   41.82    3.40   12.29   48.92   78.67   50.35   49.00   58.99   13.44
      6     24     38      9   24.52   27.60    3.36    8.21   48.92   78.67   50.35   66.34   59.99   39.87
      6     25     38      9   45.28   51.62    3.66   14.11   48.92   78.67   50.35   14.82   39.96   48.66
      6     26     38      8   33.54   35.88    3.33   10.77   48.92   78.67   50.35   47.92   71.58   15.18
      6     27     38      7   42.59   46.06    3.46   13.32   48.92   78.67   50.35   58.72   54.81   12.18
      6     28     38      7    8.54   10.62    3.21    3.31   48.92   78.67   50.35   47.55   88.82   47.57
      6     29     38      6   33.56   38.64    3.22   12.02   48.92   78.67   50.35   19.89   58.69   34.50
      6     30     38      6   14.25   18.10    3.25    5.57   48.92   78.67   50.35   52.67   60.98   51.25
      6     31     38      6   36.18   40.00    3.29   12.15   48.92   78.67   50.35   43.25   62.55   14.18
      6     32     38      6   25.48   28.95    3.62    8.01   48.92   78.67   50.35   59.93   53.03   58.10
      6     33     38      5    7.00    9.97    4.00    2.50   48.92   78.67   50.35   51.28   69.04   51.44
      6     34     38      5   44.15   48.36    3.10   15.59   48.92   78.67   50.35   43.83   46.28   14.79
      6     35     38      5   19.31   24.03    3.06    7.86   48.92   78.67   50.35   40.20   57.86   58.63
      6     36     38      5   37.87   43.13    3.17   13.61   48.92   78.67   50.35   18.29   48.51   53.79
      6     37     38      5   12.45   15.23    3.31    4.60   48.92   78.67   50.35   62.67   75.86   44.42
      6     38     38      5   20.71   23.35    3.05    7.65   48.92   78.67   50.35   46.93   85.23   28.03
      6     39     38      5   37.16   43.28    3.41   12.70   48.92   78.67   50.35   40.04   37.22   41.61
      6     40     38      4   24.92   29.17    3.00    9.73   48.92   78.67   50.35   53.33   50.16   45.97
      7      8     34     34   27.17   31.92    5.50    5.80   22.53   31.11   46.31   43.14   39.92   23.59
      7      9     34     33   59.89   64.94    6.76    9.61   22.53   31.11   46.31   59.63   74.44   15.28
      7     10     34     30   16.97   22.72    6.14    3.70   22.53   31.11   46.31   43.93   27.12   39.82
      7     11     34     25   64.41   68.68    6.79   10.11   22.53   31.11   46.31   54.79   91.03   37.08
      7     12     34     23   49.86   54.68    6.30    8.68   22.53   31.11   46.31   58.55   72.01   41.91
      7     13     34     23   45.45   49.75    5.61    8.87   22.53   31.11   46.31   48.72   72.82   39.32
      7     14     34     21   31.72   35.12    6.06    5.79   22.53   31.11   46.31   29.38   64.27   37.00
      7     15     34     21   42.40   46.91    5.87    7.99   22.53   31.11   46.31   68.53   38.18   40.39
      7     16     34     20   61.73   65.53    5.34   12.27   22.53   31.11   46.31   51.30   82.50   17.59
      7     17     34     17   38.48   43.17    5.75    7.51   22.53   31.11   46.31   42.08   54.63   15.84
      7     18     34     17   18.28   21.10    5.28    4.00   22.53   31.11   46.31   18.71   51.06   40.58
      7     19     34     15   53.71   57.48    5.36   10.72   22.53   31.11   46.31   74.39   55.91   45.89
      7     20     34     14   38.00   42.03    5.39    7.80   22.53   31.11   46.31   44.47   61.89   64.70
      7     21     34     14   41.39   45.19    4.93    9.16   22.53   31.11   46.31   37.29   59.57   14.47
      7     22     34     11   25.94   29.03    4.92    5.90   22.53   31.11   46.31   22.30   56.08   31.51
      7     23     34     11   46.73   50.58    4.95   10.21   22.53   31.11   46.31   49.00   58.99   13.44
      7     24     34      9   48.52   52.87    4.91   10.76   22.53   31.11   46.31   66.34   59.99   39.87
      7     25     34      9    9.00   11.97    5.21    2.30   22.53   31.11   46.31   14.82   39.96   48.66
      7     26     34      8   53.60   57.02    4.88   11.67   22.53   31.11   46.31   47.92   71.58   15.18
      7     27     34      7   51.59   55.10    5.01   11.00   22.53   31.11   46.31   58.72   54.81   12.18
      7     28     34      7   60.17   62.92    4.76   13.22   22.53   31.11   46.31   47.55   88.82   47.57
      7     29     34      6   27.00   30.12    4.77    6.32   22.53   31.11   46.31   19.89   58.69   34.50
      7     30     34      6   39.22   42.72    4.80    8.90   22.53   31.11   46.31   52.67   60.98   51.25
      7     31     34      6   46.49   49.50    4.84   10.22   22.53   31.11   46.31   43.25   62.55   14.18
      7     32     34      6   41.45   44.93    5.17    8.69   22.53   31.11   46.31   59.93   53.03   58.10
      7     33     34      5   44.96   47.87    5.55    8.63   22.53   31.11   46.31   51.28   69.04   51.44
      7     34     34      5   37.68   40.95    4.65    8.80   22.53   31.11   46.31   43.83   46.28   14.79
      7     35     34      5   31.46   34.35    4.61    7.45   22.53   31.11   46.31   40.20   57.86   58.63
      7     36     34      5   16.52   19.41    4.72    4.11   22.53   31.11   46.31   18.29   48.51   53.79
      7     37     34      5   56.74   60.15    4.86   12.37   22.53   31.11   46.31   62.67   75.86   44.42
      7     38     34      5   58.97   62.12    4.60   13.49   22.53   31.11   46.31   46.93   85.23   28.03
      7     39     34      5   14.87   19.13    4.96    3.86   22.53   31.11   46.31   40.04   37.22   41.61
      7     40     34      4   32.76   36.22    4.55    7.96   22.53   31.11   46.31   53.33   50.16   45.97
      8      9     34     33   34.26   39.15    4.74    8.26   43.14   39.92   23.59   59.63   74.44   15.28
      8     10     34     30   15.84   20.69    4.11    5.03   43.14   39.92   23.59   43.93   27.12   39.82
      8     11     34     25   48.80   54.13    4.77   11.34   43.14   39.92   23.59   54.79   91.03   37.08
      8     12     34     23   35.57   40.03    4.28    9.36   43.14   39.92   23.59   58.55   72.01   41.91
      8     13     34     23   33.24   36.90    3.59   10.28   43.14   39.92   23.59   48.72   72.82   39.32
      8     14     34     21   27.46   31.02    4.04    7.68   43.14   39.92   23.59   29.38   64.27   37.00
      8     15     34     21   27.80   30.49    3.85    7.92   43.14   39.92   23.59   68.53   38.18   40.39
      8     16     34     20   40.12   43.77    3.32   13.18   43.14   39.92   23.59   51.30   82.50   17.59
      8     17     34     17   13.56   16.66    3.73    4.47   43.14   39.92   23.59   42.08   54.63   15.84
      8     18     34     17   28.60   31.77    3.26    9.75   43.14   39.92   23.59   18.71   51.06   40.58
      8     19     34     15   38.29   41.59    3.34   12.44   43.14   39.92   23.59   74.39   55.91   45.89
      8     20     34     14   44.72   46.63    3.36   13.86   43.14   39.92   23.59   44.47   61.89   64.70
      8     21     34     14   19.44   22.44    2.91    7.71   43.14   39.92   23.59   37.29   59.57   14.47
      8     22     34     11   25.20   27.54    2.90    9.49   43.14   39.92   23.59   22.30   56.08   31.51
      8     23     34     11   19.82   22.39    2.93    7.64   43.14   39.92   23.59   49.00   58.99   13.44
      8     24     34      9   31.30   34.73    2.89   12.01   43.14   39.92   23.59   66.34   59.99   39.87
      8     25     34      9   34.73   37.82    3.19   11.86   43.14   39.92   23.59   14.82   39.96   48.66
      8     26     34      8   30.23   33.10    2.86   11.56   43.14   39.92   23.59   47.92   71.58   15.18
      8     27     34      7   21.42   24.39    2.99    8.16   43.14   39.92   23.59   58.72   54.81   12.18
      8     28     34      7   52.36   54.65    2.74   19.96   43.14   39.92   23.59   47.55   88.82   47.57
      8     29     34      6   29.55   31.82    2.75   11.59   43.14   39.92   23.59   19.89   58.69   34.50
      8     30     34      6   33.75   36.05    2.78   12.97   43.14   39.92   23.59   52.67   60.98   51.25
      8     31     34      6   21.93   24.51    2.82    8.69   43.14   39.92   23.59   43.25   62.55   14.18
      8     32     34      6   37.80   40.56    3.15   12.89   43.14   39.92   23.59   59.93   53.03   58.10
      8     33     34      5   37.46   41.11    3.53   11.65   43.14   39.92   23.59   51.28   69.04   51.44
      8     34     34      5    8.72   10.88    2.63    4.13   43.14   39.92   23.59   43.83   46.28   14.79
      8     35     34      5   37.60   39.47    2.59   15.24   43.14   39.92   23.59   40.20   57.86   58.63
      8     36     34      5   37.34   40.05    2.70   14.84   43.14   39.92   23.59   18.29   48.51   53.79
      8     37     34      5   42.95   45.90    2.84   16.16   43.14   39.92   23.59   62.67   75.86   44.42
      8     38     34      5   43.23   45.68    2.58   17.69   43.14   39.92   23.59   46.93   85.23   28.03
      8     39     34      5   16.16   18.49    2.94    6.29   43.14   39.92   23.59   40.04   37.22   41.61
      8     40     34      4   24.56   26.64    2.53   10.54   43.14   39.92   23.59   53.33   50.16   45.97
      9     10     33     30   49.00   55.57    5.37   10.34   59.63   74.44   15.28   43.93   27.12   39.82
      9     11     33     25   21.49   27.81    6.03    4.61   59.63   74.44   15.28   54.79   91.03   37.08
      9     12     33     23   22.09   26.75    5.53    4.83   59.63   74.44   15.28   58.55   72.01   41.91
      9     13     33     23   22.20   26.44    4.85    5.46   59.63   74.44   15.28   48.72   72.82   39.32
      9     14     33     21   35.51   38.60    5.30    7.29   59.63   74.44   15.28   29.38   64.27   37.00
      9     15     33     21   40.46   45.00    5.11    8.80   59.63   74.44   15.28   68.53   38.18   40.39
      9     16     33     20    5.39   11.81    4.58    2.58   59.63   74.44   15.28   51.30   82.50   17.59
 groups           9          16  will be considered for merger
      9     17     33     17   21.24   26.48    4.99    5.31   59.63   74.44   15.28   42.08   54.63   15.84
      9     18     33     17   50.75   53.48    4.52   11.84   59.63   74.44   15.28   18.71   51.06   40.58
      9     19     33     15   33.96   38.71    4.60    8.41   59.63   74.44   15.28   74.39   55.91   45.89
      9     20     33     14   50.72   53.19    4.62   11.50   59.63   74.44   15.28   44.47   61.89   64.70
      9     21     33     14   24.68   26.85    4.17    6.44   59.63   74.44   15.28   37.29   59.57   14.47
      9     22     33     11   42.07   44.65    4.16   10.73   59.63   74.44   15.28   22.30   56.08   31.51
      9     23     33     11   15.75   18.84    4.19    4.50   59.63   74.44   15.28   49.00   58.99   13.44
      9     24     33      9   25.98   29.29    4.15    7.06   59.63   74.44   15.28   66.34   59.99   39.87
      9     25     33      9   62.62   65.65    4.45   14.76   59.63   74.44   15.28   14.82   39.96   48.66
      9     26     33      8    9.54   12.05    4.12    2.92   59.63   74.44   15.28   47.92   71.58   15.18
      9     27     33      7   15.59   19.89    4.25    4.69   59.63   74.44   15.28   58.72   54.81   12.18
      9     28     33      7   34.10   37.35    4.00    9.34   59.63   74.44   15.28   47.55   88.82   47.57
      9     29     33      6   44.15   46.87    4.01   11.70   59.63   74.44   15.28   19.89   58.69   34.50
      9     30     33      6   36.12   39.03    4.04    9.66   59.63   74.44   15.28   52.67   60.98   51.25
      9     31     33      6   18.38   20.27    4.08    4.97   59.63   74.44   15.28   43.25   62.55   14.18
      9     32     33      6   44.78   47.87    4.41   10.87   59.63   74.44   15.28   59.93   53.03   58.10
      9     33     33      5   34.09   37.50    4.79    7.84   59.63   74.44   15.28   51.28   69.04   51.44
      9     34     33      5   29.22   32.30    3.89    8.30   59.63   74.44   15.28   43.83   46.28   14.79
      9     35     33      5   47.90   50.31    3.85   13.07   59.63   74.44   15.28   40.20   57.86   58.63
      9     36     33      5   59.82   62.17    3.96   15.71   59.63   74.44   15.28   18.29   48.51   53.79
      9     37     33      5   28.16   29.33    4.10    7.15   59.63   74.44   15.28   62.67   75.86   44.42
      9     38     33      5   17.46   20.97    3.84    5.46   59.63   74.44   15.28   46.93   85.23   28.03
      9     39     33      5   46.11   49.62    4.20   11.82   59.63   74.44   15.28   40.04   37.22   41.61
      9     40     33      4   36.30   39.63    3.79   10.47   59.63   74.44   15.28   53.33   50.16   45.97
     10     11     30     25   58.99   64.88    5.41   12.00   43.93   27.12   39.82   54.79   91.03   37.08
     10     12     30     23   43.14   47.25    4.91    9.62   43.93   27.12   39.82   58.55   72.01   41.91
     10     13     30     23   42.02   45.96    4.22   10.88   43.93   27.12   39.82   48.72   72.82   39.32
     10     14     30     21   36.69   40.00    4.67    8.56   43.93   27.12   39.82   29.38   64.27   37.00
     10     15     30     21   21.63   26.97    4.49    6.01   43.93   27.12   39.82   68.53   38.18   40.39
     10     16     30     20   54.87   60.13    3.96   15.20   43.93   27.12   39.82   51.30   82.50   17.59
     10     17     30     17   31.64   36.54    4.36    8.38   43.93   27.12   39.82   42.08   54.63   15.84
     10     18     30     17   30.48   34.78    3.89    8.93   43.93   27.12   39.82   18.71   51.06   40.58
     10     19     30     15   37.46   42.34    3.98   10.65   43.93   27.12   39.82   74.39   55.91   45.89
     10     20     30     14   40.61   42.76    4.00   10.69   43.93   27.12   39.82   44.47   61.89   64.70
     10     21     30     14   37.27   41.71    3.54   11.77   43.93   27.12   39.82   37.29   59.57   14.47
     10     22     30     11   34.76   37.09    3.54   10.48   43.93   27.12   39.82   22.30   56.08   31.51
     10     23     30     11   37.23   41.68    3.57   11.68   43.93   27.12   39.82   49.00   58.99   13.44
     10     24     30      9   35.00   39.78    3.53   11.28   43.93   27.12   39.82   66.34   59.99   39.87
     10     25     30      9   28.72   33.02    3.82    8.63   43.93   27.12   39.82   14.82   39.96   48.66
     10     26     30      8   46.57   50.98    3.50   14.57   43.93   27.12   39.82   47.92   71.58   15.18
     10     27     30      7   37.34   41.83    3.62   11.55   43.93   27.12   39.82   58.72   54.81   12.18
     10     28     30      7   59.54   62.29    3.37   18.46   43.93   27.12   39.82   47.55   88.82   47.57
     10     29     30      6   37.28   40.04    3.38   11.84   43.93   27.12   39.82   19.89   58.69   34.50
     10     30     30      6   33.62   36.79    3.42   10.77   43.93   27.12   39.82   52.67   60.98   51.25
     10     31     30      6   39.46   43.74    3.46   12.65   43.93   27.12   39.82   43.25   62.55   14.18
     10     32     30      6   32.31   35.52    3.78    9.39   43.93   27.12   39.82   59.93   53.03   58.10
     10     33     30      5   40.57   44.11    4.16   10.60   43.93   27.12   39.82   51.28   69.04   51.44
     10     34     30      5   27.28   31.52    3.27    9.64   43.93   27.12   39.82   43.83   46.28   14.79
     10     35     30      5   34.37   36.23    3.22   11.23   43.93   27.12   39.82   40.20   57.86   58.63
     10     36     30      5   32.70   36.20    3.33   10.86   43.93   27.12   39.82   18.29   48.51   53.79
     10     37     30      5   48.64   52.42    3.48   15.08   43.93   27.12   39.82   62.67   75.86   44.42
     10     38     30      5   55.74   59.37    3.22   18.45   43.93   27.12   39.82   46.93   85.23   28.03
     10     39     30      5    9.06   10.97    3.57    3.07   43.93   27.12   39.82   40.04   37.22   41.61
     10     40     30      4   22.02   25.63    3.16    8.11   43.93   27.12   39.82   53.33   50.16   45.97
     11     12     25     23   15.56   19.98    5.57    3.59   54.79   91.03   37.08   58.55   72.01   41.91
     11     13     25     23   15.94   19.32    4.88    3.96   54.79   91.03   37.08   48.72   72.82   39.32
     11     14     25     21   33.54   36.90    5.33    6.92   54.79   91.03   37.08   29.38   64.27   37.00
     11     15     25     21   49.53   54.70    5.14   10.63   54.79   91.03   37.08   68.53   38.18   40.39
     11     16     25     20   17.35   21.55    4.61    4.67   54.79   91.03   37.08   51.30   82.50   17.59
     11     17     25     17   38.79   44.02    5.02    8.77   54.79   91.03   37.08   42.08   54.63   15.84
     11     18     25     17   51.87   53.96    4.55   11.86   54.79   91.03   37.08   18.71   51.06   40.58
     11     19     25     15   35.30   41.17    4.63    8.88   54.79   91.03   37.08   74.39   55.91   45.89
     11     20     25     14   39.12   41.46    4.66    8.90   54.79   91.03   37.08   44.47   61.89   64.70
     11     21     25     14   39.10   42.51    4.20   10.12   54.79   91.03   37.08   37.29   59.57   14.47
     11     22     25     11   45.38   48.04    4.20   11.45   54.79   91.03   37.08   22.30   56.08   31.51
     11     23     25     11   35.69   40.23    4.22    9.52   54.79   91.03   37.08   49.00   58.99   13.44
     11     24     25      9   28.60   33.23    4.18    7.94   54.79   91.03   37.08   66.34   59.99   39.87
     11     25     25      9   63.19   65.88    4.48   14.70   54.79   91.03   37.08   14.82   39.96   48.66
     11     26     25      8   26.25   30.08    4.16    7.24   54.79   91.03   37.08   47.92   71.58   15.18
     11     27     25      7   38.61   44.12    4.28   10.31   54.79   91.03   37.08   58.72   54.81   12.18
     11     28     25      7    9.80   12.94    4.03    3.21   54.79   91.03   37.08   47.55   88.82   47.57
     11     29     25      6   45.45   47.65    4.04   11.80   54.79   91.03   37.08   19.89   58.69   34.50
     11     30     25      6   30.28   33.29    4.07    8.17   54.79   91.03   37.08   52.67   60.98   51.25
     11     31     25      6   34.55   38.32    4.11    9.31   54.79   91.03   37.08   43.25   62.55   14.18
     11     32     25      6   40.55   43.73    4.44    9.85   54.79   91.03   37.08   59.93   53.03   58.10
     11     33     25      5   23.96   26.50    4.82    5.50   54.79   91.03   37.08   51.28   69.04   51.44
     11     34     25      5   47.43   51.18    3.93   13.04   54.79   91.03   37.08   43.83   46.28   14.79
     11     35     25      5   40.24   42.16    3.88   10.86   54.79   91.03   37.08   40.20   57.86   58.63
     11     36     25      5   56.52   58.48    3.99   14.65   54.79   91.03   37.08   18.29   48.51   53.79
     11     37     25      5   15.52   18.60    4.13    4.50   54.79   91.03   37.08   62.67   75.86   44.42
     11     38     25      5   11.58   13.32    3.87    3.44   54.79   91.03   37.08   46.93   85.23   28.03
     11     39     25      5   52.02   55.98    4.23   13.23   54.79   91.03   37.08   40.04   37.22   41.61
     11     40     25      4   38.44   41.85    3.82   10.95   54.79   91.03   37.08   53.33   50.16   45.97
     12     13     23     23    6.08   10.20    4.38    2.33   58.55   72.01   41.91   48.72   72.82   39.32
 groups          12          13  will be considered for merger
site groups connected   56.83   70.45   38.18  79    4.00   8   2   4
                        54.83   70.45   38.18
 successful merge of groups          12          13
Number of site groups found =    45

  Group  index  size  score     x       y       z     stdev
    1      9    162    1.50   43.14   52.73   35.96   10.11
    2     11    121    1.52   41.79   46.00   55.91    6.25
    3      2    110    1.54   57.81   41.69   25.02    6.49
    4      7     58    1.52   35.45   67.26   28.15    3.23
    5     15     46    1.43   53.48   72.43   40.57    5.55
    6      3     43    1.54   53.78   34.58   44.69    2.47
    7     22     38    1.41   48.92   78.67   50.35    2.21
    8      8     34    1.80   22.53   31.11   46.31    3.76
    9      6     34    1.70   43.14   39.92   23.59    1.74
   10     16     33    1.51   59.63   74.44   15.28    3.00
   11     27     30    1.45   43.93   27.12   39.82    2.37
   12     14     25    1.46   54.79   91.03   37.08    3.03
   13     32     21    1.38   29.38   64.27   37.00    2.30
   14     30     21    1.34   68.53   38.18   40.39    2.11
   15     13     20    1.60   51.30   82.50   17.59    1.58
   16     17     17    1.84   42.08   54.63   15.84    1.99
   17     10     17    1.67   18.71   51.06   40.58    1.52
   18     39     15    1.31   74.39   55.91   45.89    1.60
   19     26     14    1.53   44.47   61.89   64.70    1.63
   20      5     14    1.84   37.29   59.57   14.47    1.17
   21     29     11    1.49   22.30   56.08   31.51    1.16
   22     21     11    1.50   49.00   58.99   13.44    1.19
   23     35      9    1.41   66.34   59.99   39.87    1.15
   24     18      9    1.50   14.82   39.96   48.66    1.45
   25     36      8    1.41   47.92   71.58   15.18    1.12
   26     33      7    1.49   58.72   54.81   12.18    1.25
   27     31      7    1.41   47.55   88.82   47.57    1.00
   28     34      6    1.42   19.89   58.69   34.50    1.01
   29     25      6    1.54   52.67   60.98   51.25    1.04
   30     12      6    1.60   43.25   62.55   14.18    1.08
   31      4      6    1.94   59.93   53.03   58.10    1.41
   32     45      5    1.22   51.28   69.04   51.44    1.79
   33     37      5    1.41   43.83   46.28   14.79    0.89
   34     28      5    1.63   40.20   57.86   58.63    0.85
   35     23      5    1.58   18.29   48.51   53.79    0.96
   36     20      5    1.63   62.67   75.86   44.42    1.10
   37     19      5    1.64   46.93   85.23   28.03    0.84
   38      1      5    2.36   40.04   37.22   41.61    1.20
   39     41      4    1.32   53.33   50.16   45.97    0.79
   40     40      3    1.40   47.21   46.74   46.48    0.81
   41     44      2    1.27   68.83   58.90   34.73    0.70
   42     42      2    1.29   44.83   49.45   65.62    0.50
   43     38      2    1.38   64.25   76.45   30.18    0.49
   44     24      2    1.91   41.83   84.45   35.69    0.50
   45     43      1    1.40   35.83   78.45   36.18    0.00

Inter-group relationships
     g1     g2     n1     n2    dmin    davg   spread  ratio     x1      y1      z1      x2      y2      z2
      1      2    162    121    7.35   21.10   16.36    1.29   43.14   52.73   35.96   41.79   46.00   55.91
      1      3    162    110    4.24   21.37   16.60    1.29   43.14   52.73   35.96   57.81   41.69   25.02
      1      4    162     58    9.00   18.19   13.34    1.36   43.14   52.73   35.96   35.45   67.26   28.15
      1      5    162     46   11.66   22.71   15.66    1.45   43.14   52.73   35.96   53.48   72.43   40.57
      1      6    162     43   12.45   22.79   12.58    1.81   43.14   52.73   35.96   53.78   34.58   44.69
      1      7    162     38   19.95   30.21   12.32    2.45   43.14   52.73   35.96   48.92   78.67   50.35
      1      8    162     34   19.67   31.62   13.87    2.28   43.14   52.73   35.96   22.53   31.11   46.31
      1      9    162     34   13.34   17.81   11.85    1.50   43.14   52.73   35.96   43.14   39.92   23.59
      1     10    162     33   20.02   34.21   13.11    2.61   43.14   52.73   35.96   59.63   74.44   15.28
      1     11    162     30   18.14   25.92   12.48    2.08   43.14   52.73   35.96   43.93   27.12   39.82
      1     12    162     25   26.98   40.04   13.14    3.05   43.14   52.73   35.96   54.79   91.03   37.08
      1     13    162     21    3.61   17.99   12.41    1.45   43.14   52.73   35.96   29.38   64.27   37.00
 groups           1          13  will be considered for merger
      1     14    162     21   15.30   29.59   12.22    2.42   43.14   52.73   35.96   68.53   38.18   40.39
      1     15    162     20   23.11   35.91   11.69    3.07   43.14   52.73   35.96   51.30   82.50   17.59
      1     16    162     17   16.52   20.23   12.10    1.67   43.14   52.73   35.96   42.08   54.63   15.84
      1     17    162     17   14.07   24.92   11.63    2.14   43.14   52.73   35.96   18.71   51.06   40.58
      1     18    162     15   19.72   32.94   11.71    2.81   43.14   52.73   35.96   74.39   55.91   45.89
      1     19    162     14   23.35   30.19   11.73    2.57   43.14   52.73   35.96   44.47   61.89   64.70
      1     20    162     14   20.10   23.30   11.28    2.07   43.14   52.73   35.96   37.29   59.57   14.47
      1     21    162     11   11.36   21.57   11.27    1.91   43.14   52.73   35.96   22.30   56.08   31.51
      1     22    162     11   16.28   24.09   11.30    2.13   43.14   52.73   35.96   49.00   58.99   13.44
      1     23    162      9   12.41   24.62   11.26    2.19   43.14   52.73   35.96   66.34   59.99   39.87
      1     24    162      9   22.74   33.57   11.56    2.90   43.14   52.73   35.96   14.82   39.96   48.66
      1     25    162      8   18.38   28.45   11.23    2.53   43.14   52.73   35.96   47.92   71.58   15.18
      1     26    162      7   18.55   28.50   11.36    2.51   43.14   52.73   35.96   58.72   54.81   12.18
      1     27    162      7   29.83   38.17   11.11    3.44   43.14   52.73   35.96   47.55   88.82   47.57
      1     28    162      6   13.08   24.05   11.12    2.16   43.14   52.73   35.96   19.89   58.69   34.50
      1     29    162      6   16.67   19.81   11.15    1.78   43.14   52.73   35.96   52.67   60.98   51.25
      1     30    162      6   17.12   23.89   11.19    2.13   43.14   52.73   35.96   43.25   62.55   14.18
      1     31    162      6   19.95   27.79   11.52    2.41   43.14   52.73   35.96   59.93   53.03   58.10
      1     32    162      5   19.34   23.91   11.90    2.01   43.14   52.73   35.96   51.28   69.04   51.44
      1     33    162      5   19.08   22.14   11.00    2.01   43.14   52.73   35.96   43.83   46.28   14.79
      1     34    162      5   17.46   23.43   10.96    2.14   43.14   52.73   35.96   40.20   57.86   58.63
      1     35    162      5   20.27   30.89   11.07    2.79   43.14   52.73   35.96   18.29   48.51   53.79
      1     36    162      5   22.05   31.43   11.21    2.80   43.14   52.73   35.96   62.67   75.86   44.42
      1     37    162      5   23.39   33.66   10.95    3.07   43.14   52.73   35.96   46.93   85.23   28.03
      1     38    162      5   11.87   16.80   11.31    1.49   43.14   52.73   35.96   40.04   37.22   41.61
      1     39    162      4    6.63   14.51   10.90    1.33   43.14   52.73   35.96   53.33   50.16   45.97
      2      3    121    110   23.37   35.06   12.74    2.75   41.79   46.00   55.91   57.81   41.69   25.02
      2      4    121     58   23.43   35.53    9.48    3.75   41.79   46.00   55.91   35.45   67.26   28.15
      2      5    121     46   26.00   32.71   11.80    2.77   41.79   46.00   55.91   53.48   72.43   40.57
      2      6    121     43   12.88   20.01    8.72    2.29   41.79   46.00   55.91   53.78   34.58   44.69
      2      7    121     38   26.57   33.89    8.46    4.01   41.79   46.00   55.91   48.92   78.67   50.35
      2      8    121     34   17.23   26.18   10.01    2.61   41.79   46.00   55.91   22.53   31.11   46.31
      2      9    121     34   22.93   32.92    7.99    4.12   41.79   46.00   55.91   43.14   39.92   23.59
      2     10    121     33   44.60   52.70    9.25    5.70   41.79   46.00   55.91   59.63   74.44   15.28
      2     11    121     30   19.72   24.90    8.62    2.89   41.79   46.00   55.91   43.93   27.12   39.82
      2     12    121     25   44.96   50.51    9.28    5.44   41.79   46.00   55.91   54.79   91.03   37.08
      2     13    121     21   17.94   29.07    8.55    3.40   41.79   46.00   55.91   29.38   64.27   37.00
      2     14    121     21   22.02   31.89    8.36    3.81   41.79   46.00   55.91   68.53   38.18   40.39
      2     15    121     20   45.79   53.77    7.83    6.87   41.79   46.00   55.91   51.30   82.50   17.59
      2     16    121     17   29.85   40.99    8.24    4.98   41.79   46.00   55.91   42.08   54.63   15.84
      2     17    121     17   15.36   28.16    7.77    3.63   41.79   46.00   55.91   18.71   51.06   40.58
      2     18    121     15   29.43   35.51    7.85    4.52   41.79   46.00   55.91   74.39   55.91   45.89
      2     19    121     14   14.04   18.35    7.87    2.33   41.79   46.00   55.91   44.47   61.89   64.70
      2     20    121     14   32.59   43.84    7.42    5.91   41.79   46.00   55.91   37.29   59.57   14.47
      2     21    121     11   20.10   32.81    7.41    4.43   41.79   46.00   55.91   22.30   56.08   31.51
      2     22    121     11   36.19   44.99    7.44    6.05   41.79   46.00   55.91   49.00   58.99   13.44
      2     23    121      9   27.46   32.49    7.40    4.39   41.79   46.00   55.91   66.34   59.99   39.87
      2     24    121      9   19.75   28.58    7.70    3.71   41.79   46.00   55.91   14.82   39.96   48.66
      2     25    121      8   39.86   48.48    7.37    6.58   41.79   46.00   55.91   47.92   71.58   15.18
      2     26    121      7   40.91   47.71    7.50    6.36   41.79   46.00   55.91   58.72   54.81   12.18
      2     27    121      7   39.87   44.00    7.25    6.07   41.79   46.00   55.91   47.55   88.82   47.57
      2     28    121      6   21.66   33.16    7.26    4.57   41.79   46.00   55.91   19.89   58.69   34.50
      2     29    121      6   16.52   19.09    7.29    2.62   41.79   46.00   55.91   52.67   60.98   51.25
      2     30    121      6   34.94   44.92    7.33    6.13   41.79   46.00   55.91   43.25   62.55   14.18
      2     31    121      6   14.56   19.58    7.66    2.56   41.79   46.00   55.91   59.93   53.03   58.10
      2     32    121      5   22.91   25.31    8.04    3.15   41.79   46.00   55.91   51.28   69.04   51.44
      2     33    121      5   31.78   41.17    7.14    5.76   41.79   46.00   55.91   43.83   46.28   14.79
      2     34    121      5   10.00   12.26    7.10    1.73   41.79   46.00   55.91   40.20   57.86   58.63
      2     35    121      5   16.00   23.73    7.21    3.29   41.79   46.00   55.91   18.29   48.51   53.79
      2     36    121      5   34.77   38.20    7.35    5.20   41.79   46.00   55.91   62.67   75.86   44.42
      2     37    121      5   41.73   48.40    7.09    6.82   41.79   46.00   55.91   46.93   85.23   28.03
      2     38    121      5   10.25   16.88    7.45    2.27   41.79   46.00   55.91   40.04   37.22   41.61
      2     39    121      4   11.49   15.79    7.04    2.24   41.79   46.00   55.91   53.33   50.16   45.97
      3      4    110     58   25.34   34.11    9.72    3.51   57.81   41.69   25.02   35.45   67.26   28.15
      3      5    110     46   26.65   34.72   12.05    2.88   57.81   41.69   25.02   53.48   72.43   40.57
      3      6    110     43   12.08   21.30    8.97    2.38   57.81   41.69   25.02   53.78   34.58   44.69
      3      7    110     38   37.43   45.69    8.70    5.25   57.81   41.69   25.02   48.92   78.67   50.35
      3      8    110     34   32.66   42.54   10.25    4.15   57.81   41.69   25.02   22.53   31.11   46.31
      3      9    110     34    8.77   14.84    8.23    1.80   57.81   41.69   25.02   43.14   39.92   23.59
      3     10    110     33   24.23   34.22    9.49    3.61   57.81   41.69   25.02   59.63   74.44   15.28
      3     11    110     30   11.36   24.98    8.87    2.82   57.81   41.69   25.02   43.93   27.12   39.82
      3     12    110     25   40.52   50.88    9.53    5.34   57.81   41.69   25.02   54.79   91.03   37.08
      3     13    110     21   31.45   38.23    8.79    4.35   57.81   41.69   25.02   29.38   64.27   37.00
      3     14    110     21   13.45   19.07    8.61    2.22   57.81   41.69   25.02   68.53   38.18   40.39
      3     15    110     20   32.63   41.99    8.07    5.20   57.81   41.69   25.02   51.30   82.50   17.59
      3     16    110     17   15.94   22.34    8.48    2.63   57.81   41.69   25.02   42.08   54.63   15.84
      3     17    110     17   35.34   43.11    8.01    5.38   57.81   41.69   25.02   18.71   51.06   40.58
      3     18    110     15   24.72   30.21    8.10    3.73   57.81   41.69   25.02   74.39   55.91   45.89
      3     19    110     14   40.44   46.48    8.12    5.73   57.81   41.69   25.02   44.47   61.89   64.70
      3     20    110     14   22.91   29.19    7.66    3.81   57.81   41.69   25.02   37.29   59.57   14.47
      3     21    110     11   32.79   38.86    7.66    5.08   57.81   41.69   25.02   22.30   56.08   31.51
      3     22    110     11   15.17   22.61    7.69    2.94   57.81   41.69   25.02   49.00   58.99   13.44
      3     23    110      9   19.39   25.06    7.64    3.28   57.81   41.69   25.02   66.34   59.99   39.87
      3     24    110      9   41.59   49.08    7.94    6.18   57.81   41.69   25.02   14.82   39.96   48.66
      3     25    110      8   24.74   32.98    7.62    4.33   57.81   41.69   25.02   47.92   71.58   15.18
      3     26    110      7    9.11   18.38    7.74    2.37   57.81   41.69   25.02   58.72   54.81   12.18
      3     27    110      7   46.83   53.25    7.49    7.11   57.81   41.69   25.02   47.55   88.82   47.57
      3     28    110      6   37.01   42.63    7.50    5.68   57.81   41.69   25.02   19.89   58.69   34.50
      3     29    110      6   28.34   32.96    7.53    4.38   57.81   41.69   25.02   52.67   60.98   51.25
      3     30    110      6   20.47   27.65    7.58    3.65   57.81   41.69   25.02   43.25   62.55   14.18
      3     31    110      6   30.23   35.03    7.90    4.43   57.81   41.69   25.02   59.93   53.03   58.10
      3     32    110      5   32.40   38.58    8.28    4.66   57.81   41.69   25.02   51.28   69.04   51.44
      3     33    110      5   15.13   17.91    7.39    2.43   57.81   41.69   25.02   43.83   46.28   14.79
      3     34    110      5   35.14   41.24    7.34    5.62   57.81   41.69   25.02   40.20   57.86   58.63
      3     35    110      5   42.20   49.36    7.45    6.62   57.81   41.69   25.02   18.29   48.51   53.79
      3     36    110      5   33.66   39.59    7.59    5.21   57.81   41.69   25.02   62.67   75.86   44.42
      3     37    110      5   37.58   44.97    7.34    6.13   57.81   41.69   25.02   46.93   85.23   28.03
      3     38    110      5   17.09   24.72    7.69    3.21   57.81   41.69   25.02   40.04   37.22   41.61
      3     39    110      4   17.89   23.04    7.28    3.16   57.81   41.69   25.02   53.33   50.16   45.97
      4      5     58     46   13.08   22.50    8.78    2.56   35.45   67.26   28.15   53.48   72.43   40.57
      4      6     58     43   35.26   40.96    5.70    7.18   35.45   67.26   28.15   53.78   34.58   44.69
      4      7     58     38   20.07   28.36    5.44    5.21   35.45   67.26   28.15   48.92   78.67   50.35
      4      8     58     34   37.03   42.46    6.99    6.07   35.45   67.26   28.15   22.53   31.11   46.31
      4      9     58     34   23.43   28.77    4.97    5.79   35.45   67.26   28.15   43.14   39.92   23.59
      4     10     58     33   23.87   28.32    6.23    4.55   35.45   67.26   28.15   59.63   74.44   15.28
      4     11     58     30   36.57   42.65    5.60    7.61   35.45   67.26   28.15   43.93   27.12   39.82
      4     12     58     25   26.55   31.92    6.26    5.10   35.45   67.26   28.15   54.79   91.03   37.08
      4     13     58     21    6.78   11.14    5.53    2.01   35.45   67.26   28.15   29.38   64.27   37.00
      4     14     58     21   40.44   45.71    5.34    8.56   35.45   67.26   28.15   68.53   38.18   40.39
      4     15     58     20   19.42   24.40    4.81    5.07   35.45   67.26   28.15   51.30   82.50   17.59
      4     16     58     17   14.73   18.84    5.22    3.61   35.45   67.26   28.15   42.08   54.63   15.84
      4     17     58     17   22.56   26.40    4.75    5.56   35.45   67.26   28.15   18.71   51.06   40.58
      4     18     58     15   39.81   44.27    4.83    9.16   35.45   67.26   28.15   74.39   55.91   45.89
      4     19     58     14   32.33   38.02    4.85    7.83   35.45   67.26   28.15   44.47   61.89   64.70
      4     20     58     14   12.53   15.80    4.40    3.59   35.45   67.26   28.15   37.29   59.57   14.47
      4     21     58     11   13.34   17.58    4.39    4.00   35.45   67.26   28.15   22.30   56.08   31.51
      4     22     58     11   18.79   21.64    4.42    4.89   35.45   67.26   28.15   49.00   58.99   13.44
      4     23     58      9   29.43   33.83    4.38    7.72   35.45   67.26   28.15   66.34   59.99   39.87
      4     24     58      9   36.14   39.89    4.68    8.52   35.45   67.26   28.15   14.82   39.96   48.66
      4     25     58      8   15.17   18.51    4.35    4.25   35.45   67.26   28.15   47.92   71.58   15.18
      4     26     58      7   27.15   30.85    4.48    6.89   35.45   67.26   28.15   58.72   54.81   12.18
      4     27     58      7   25.04   31.44    4.23    7.44   35.45   67.26   28.15   47.55   88.82   47.57
      4     28     58      6   14.35   18.86    4.24    4.45   35.45   67.26   28.15   19.89   58.69   34.50
      4     29     58      6   25.98   29.49    4.27    6.91   35.45   67.26   28.15   52.67   60.98   51.25
      4     30     58      6   13.96   16.68    4.31    3.87   35.45   67.26   28.15   43.25   62.55   14.18
      4     31     58      6   36.69   41.21    4.64    8.89   35.45   67.26   28.15   59.93   53.03   58.10
      4     32     58      5   23.43   28.22    5.02    5.62   35.45   67.26   28.15   51.28   69.04   51.44
      4     33     58      5   22.29   26.25    4.12    6.37   35.45   67.26   28.15   43.83   46.28   14.79
      4     34     58      5   27.73   32.24    4.08    7.90   35.45   67.26   28.15   40.20   57.86   58.63
      4     35     58      5   32.65   36.10    4.19    8.62   35.45   67.26   28.15   18.29   48.51   53.79
      4     36     58      5   28.62   32.86    4.33    7.59   35.45   67.26   28.15   62.67   75.86   44.42
      4     37     58      5   17.15   21.32    4.07    5.24   35.45   67.26   28.15   46.93   85.23   28.03
      4     38     58      5   29.09   33.23    4.43    7.50   35.45   67.26   28.15   40.04   37.22   41.61
      4     39     58      4   26.61   30.48    4.02    7.59   35.45   67.26   28.15   53.33   50.16   45.97
      5      6     46     43   33.78   38.08    8.03    4.74   53.48   72.43   40.57   53.78   34.58   44.69
      5      7     46     38    8.12   12.46    7.76    1.60   53.48   72.43   40.57   48.92   78.67   50.35
      5      8     46     34   45.45   51.94    9.32    5.58   53.48   72.43   40.57   22.53   31.11   46.31
      5      9     46     34   33.24   38.11    7.29    5.22   53.48   72.43   40.57   43.14   39.92   23.59
      5     10     46     33   22.09   26.10    8.55    3.05   53.48   72.43   40.57   59.63   74.44   15.28
      5     11     46     30   42.02   46.31    7.93    5.84   53.48   72.43   40.57   43.93   27.12   39.82
      5     12     46     25   15.56   18.97    8.59    2.21   53.48   72.43   40.57   54.79   91.03   37.08
      5     13     46     21   17.12   25.70    7.85    3.27   53.48   72.43   40.57   29.38   64.27   37.00
      5     14     46     21   31.64   37.41    7.67    4.88   53.48   72.43   40.57   68.53   38.18   40.39
      5     15     46     20   21.05   25.18    7.14    3.53   53.48   72.43   40.57   51.30   82.50   17.59
      5     16     46     17   27.29   32.53    7.54    4.31   53.48   72.43   40.57   42.08   54.63   15.84
      5     17     46     17   34.21   40.81    7.07    5.77   53.48   72.43   40.57   18.71   51.06   40.58
      5     18     46     15   18.68   27.17    7.16    3.80   53.48   72.43   40.57   74.39   55.91   45.89
      5     19     46     14   24.49   27.83    7.18    3.88   53.48   72.43   40.57   44.47   61.89   64.70
      5     20     46     14   27.77   33.30    6.72    4.95   53.48   72.43   40.57   37.29   59.57   14.47
      5     21     46     11   28.93   36.35    6.72    5.41   53.48   72.43   40.57   22.30   56.08   31.51
      5     22     46     11   25.96   30.60    6.75    4.54   53.48   72.43   40.57   49.00   58.99   13.44
      5     23     46      9   10.77   17.90    6.71    2.67   53.48   72.43   40.57   66.34   59.99   39.87
      5     24     46      9   44.59   51.13    7.00    7.30   53.48   72.43   40.57   14.82   39.96   48.66
      5     25     46      8   22.09   26.00    6.68    3.89   53.48   72.43   40.57   47.92   71.58   15.18
      5     26     46      7   29.77   33.82    6.80    4.97   53.48   72.43   40.57   58.72   54.81   12.18
      5     27     46      7   15.65   18.79    6.55    2.87   53.48   72.43   40.57   47.55   88.82   47.57
      5     28     46      6   29.82   36.80    6.56    5.61   53.48   72.43   40.57   19.89   58.69   34.50
      5     29     46      6   12.57   15.68    6.60    2.38   53.48   72.43   40.57   52.67   60.98   51.25
      5     30     46      6   24.78   29.98    6.64    4.52   53.48   72.43   40.57   43.25   62.55   14.18
      5     31     46      6   22.83   26.93    6.96    3.87   53.48   72.43   40.57   59.93   53.03   58.10
      5     32     46      5    7.55   11.60    7.34    1.58   53.48   72.43   40.57   51.28   69.04   51.44
      5     33     46      5   34.03   37.96    6.45    5.89   53.48   72.43   40.57   43.83   46.28   14.79
      5     34     46      5   22.52   26.73    6.40    4.17   53.48   72.43   40.57   40.20   57.86   58.63
      5     35     46      5   38.65   44.56    6.51    6.84   53.48   72.43   40.57   18.29   48.51   53.79
      5     36     46      5    3.74   10.54    6.66    1.58   53.48   72.43   40.57   62.67   75.86   44.42
 groups           5          36  will be considered for merger
site groups connected   59.83   73.45   42.18   6    3.00   4   3   2
                        60.83   74.45   43.18
 successful merge of groups           5          36
Number of site groups found =    44

  Group  index  size  score     x       y       z     stdev
    1      9    162    1.50   43.14   52.73   35.96   10.11
    2     11    121    1.52   41.79   46.00   55.91    6.25
    3      2    110    1.54   57.81   41.69   25.02    6.49
    4      7     58    1.52   35.45   67.26   28.15    3.23
    5     15     51    1.45   54.49   72.81   41.00    6.20
    6      3     43    1.54   53.78   34.58   44.69    2.47
    7     21     38    1.41   48.92   78.67   50.35    2.21
    8      8     34    1.80   22.53   31.11   46.31    3.76
    9      6     34    1.70   43.14   39.92   23.59    1.74
   10     16     33    1.51   59.63   74.44   15.28    3.00
   11     26     30    1.45   43.93   27.12   39.82    2.37
   12     14     25    1.46   54.79   91.03   37.08    3.03
   13     31     21    1.38   29.38   64.27   37.00    2.30
   14     29     21    1.34   68.53   38.18   40.39    2.11
   15     13     20    1.60   51.30   82.50   17.59    1.58
   16     17     17    1.84   42.08   54.63   15.84    1.99
   17     10     17    1.67   18.71   51.06   40.58    1.52
   18     38     15    1.31   74.39   55.91   45.89    1.60
   19     25     14    1.53   44.47   61.89   64.70    1.63
   20      5     14    1.84   37.29   59.57   14.47    1.17
   21     28     11    1.49   22.30   56.08   31.51    1.16
   22     20     11    1.50   49.00   58.99   13.44    1.19
   23     34      9    1.41   66.34   59.99   39.87    1.15
   24     18      9    1.50   14.82   39.96   48.66    1.45
   25     35      8    1.41   47.92   71.58   15.18    1.12
   26     32      7    1.49   58.72   54.81   12.18    1.25
   27     30      7    1.41   47.55   88.82   47.57    1.00
   28     33      6    1.42   19.89   58.69   34.50    1.01
   29     24      6    1.54   52.67   60.98   51.25    1.04
   30     12      6    1.60   43.25   62.55   14.18    1.08
   31      4      6    1.94   59.93   53.03   58.10    1.41
   32     44      5    1.22   51.28   69.04   51.44    1.79
   33     36      5    1.41   43.83   46.28   14.79    0.89
   34     27      5    1.63   40.20   57.86   58.63    0.85
   35     22      5    1.58   18.29   48.51   53.79    0.96
   36     19      5    1.64   46.93   85.23   28.03    0.84
   37      1      5    2.36   40.04   37.22   41.61    1.20
   38     40      4    1.32   53.33   50.16   45.97    0.79
   39     39      3    1.40   47.21   46.74   46.48    0.81
   40     43      2    1.27   68.83   58.90   34.73    0.70
   41     41      2    1.29   44.83   49.45   65.62    0.50
   42     37      2    1.38   64.25   76.45   30.18    0.49
   43     23      2    1.91   41.83   84.45   35.69    0.50
   44     42      1    1.40   35.83   78.45   36.18    0.00

Inter-group relationships
     g1     g2     n1     n2    dmin    davg   spread  ratio     x1      y1      z1      x2      y2      z2
      1      2    162    121    7.35   21.10   16.36    1.29   43.14   52.73   35.96   41.79   46.00   55.91
      1      3    162    110    4.24   21.37   16.60    1.29   43.14   52.73   35.96   57.81   41.69   25.02
      1      4    162     58    9.00   18.19   13.34    1.36   43.14   52.73   35.96   35.45   67.26   28.15
      1      5    162     51   11.66   23.60   16.31    1.45   43.14   52.73   35.96   54.49   72.81   41.00
      1      6    162     43   12.45   22.79   12.58    1.81   43.14   52.73   35.96   53.78   34.58   44.69
      1      7    162     38   19.95   30.21   12.32    2.45   43.14   52.73   35.96   48.92   78.67   50.35
      1      8    162     34   19.67   31.62   13.87    2.28   43.14   52.73   35.96   22.53   31.11   46.31
      1      9    162     34   13.34   17.81   11.85    1.50   43.14   52.73   35.96   43.14   39.92   23.59
      1     10    162     33   20.02   34.21   13.11    2.61   43.14   52.73   35.96   59.63   74.44   15.28
      1     11    162     30   18.14   25.92   12.48    2.08   43.14   52.73   35.96   43.93   27.12   39.82
      1     12    162     25   26.98   40.04   13.14    3.05   43.14   52.73   35.96   54.79   91.03   37.08
      1     13    162     21    3.61   17.99   12.41    1.45   43.14   52.73   35.96   29.38   64.27   37.00
 groups           1          13  will be considered for merger
      1     14    162     21   15.30   29.59   12.22    2.42   43.14   52.73   35.96   68.53   38.18   40.39
      1     15    162     20   23.11   35.91   11.69    3.07   43.14   52.73   35.96   51.30   82.50   17.59
      1     16    162     17   16.52   20.23   12.10    1.67   43.14   52.73   35.96   42.08   54.63   15.84
      1     17    162     17   14.07   24.92   11.63    2.14   43.14   52.73   35.96   18.71   51.06   40.58
      1     18    162     15   19.72   32.94   11.71    2.81   43.14   52.73   35.96   74.39   55.91   45.89
      1     19    162     14   23.35   30.19   11.73    2.57   43.14   52.73   35.96   44.47   61.89   64.70
      1     20    162     14   20.10   23.30   11.28    2.07   43.14   52.73   35.96   37.29   59.57   14.47
      1     21    162     11   11.36   21.57   11.27    1.91   43.14   52.73   35.96   22.30   56.08   31.51
      1     22    162     11   16.28   24.09   11.30    2.13   43.14   52.73   35.96   49.00   58.99   13.44
      1     23    162      9   12.41   24.62   11.26    2.19   43.14   52.73   35.96   66.34   59.99   39.87
      1     24    162      9   22.74   33.57   11.56    2.90   43.14   52.73   35.96   14.82   39.96   48.66
      1     25    162      8   18.38   28.45   11.23    2.53   43.14   52.73   35.96   47.92   71.58   15.18
      1     26    162      7   18.55   28.50   11.36    2.51   43.14   52.73   35.96   58.72   54.81   12.18
      1     27    162      7   29.83   38.17   11.11    3.44   43.14   52.73   35.96   47.55   88.82   47.57
      1     28    162      6   13.08   24.05   11.12    2.16   43.14   52.73   35.96   19.89   58.69   34.50
      1     29    162      6   16.67   19.81   11.15    1.78   43.14   52.73   35.96   52.67   60.98   51.25
      1     30    162      6   17.12   23.89   11.19    2.13   43.14   52.73   35.96   43.25   62.55   14.18
      1     31    162      6   19.95   27.79   11.52    2.41   43.14   52.73   35.96   59.93   53.03   58.10
      1     32    162      5   19.34   23.91   11.90    2.01   43.14   52.73   35.96   51.28   69.04   51.44
      1     33    162      5   19.08   22.14   11.00    2.01   43.14   52.73   35.96   43.83   46.28   14.79
      1     34    162      5   17.46   23.43   10.96    2.14   43.14   52.73   35.96   40.20   57.86   58.63
      1     35    162      5   20.27   30.89   11.07    2.79   43.14   52.73   35.96   18.29   48.51   53.79
      1     36    162      5   23.39   33.66   10.95    3.07   43.14   52.73   35.96   46.93   85.23   28.03
      1     37    162      5   11.87   16.80   11.31    1.49   43.14   52.73   35.96   40.04   37.22   41.61
      1     38    162      4    6.63   14.51   10.90    1.33   43.14   52.73   35.96   53.33   50.16   45.97
      2      3    121    110   23.37   35.06   12.74    2.75   41.79   46.00   55.91   57.81   41.69   25.02
      2      4    121     58   23.43   35.53    9.48    3.75   41.79   46.00   55.91   35.45   67.26   28.15
      2      5    121     51   26.00   33.20   12.45    2.67   41.79   46.00   55.91   54.49   72.81   41.00
      2      6    121     43   12.88   20.01    8.72    2.29   41.79   46.00   55.91   53.78   34.58   44.69
      2      7    121     38   26.57   33.89    8.46    4.01   41.79   46.00   55.91   48.92   78.67   50.35
      2      8    121     34   17.23   26.18   10.01    2.61   41.79   46.00   55.91   22.53   31.11   46.31
      2      9    121     34   22.93   32.92    7.99    4.12   41.79   46.00   55.91   43.14   39.92   23.59
      2     10    121     33   44.60   52.70    9.25    5.70   41.79   46.00   55.91   59.63   74.44   15.28
      2     11    121     30   19.72   24.90    8.62    2.89   41.79   46.00   55.91   43.93   27.12   39.82
      2     12    121     25   44.96   50.51    9.28    5.44   41.79   46.00   55.91   54.79   91.03   37.08
      2     13    121     21   17.94   29.07    8.55    3.40   41.79   46.00   55.91   29.38   64.27   37.00
      2     14    121     21   22.02   31.89    8.36    3.81   41.79   46.00   55.91   68.53   38.18   40.39
      2     15    121     20   45.79   53.77    7.83    6.87   41.79   46.00   55.91   51.30   82.50   17.59
      2     16    121     17   29.85   40.99    8.24    4.98   41.79   46.00   55.91   42.08   54.63   15.84
      2     17    121     17   15.36   28.16    7.77    3.63   41.79   46.00   55.91   18.71   51.06   40.58
      2     18    121     15   29.43   35.51    7.85    4.52   41.79   46.00   55.91   74.39   55.91   45.89
      2     19    121     14   14.04   18.35    7.87    2.33   41.79   46.00   55.91   44.47   61.89   64.70
      2     20    121     14   32.59   43.84    7.42    5.91   41.79   46.00   55.91   37.29   59.57   14.47
      2     21    121     11   20.10   32.81    7.41    4.43   41.79   46.00   55.91   22.30   56.08   31.51
      2     22    121     11   36.19   44.99    7.44    6.05   41.79   46.00   55.91   49.00   58.99   13.44
      2     23    121      9   27.46   32.49    7.40    4.39   41.79   46.00   55.91   66.34   59.99   39.87
      2     24    121      9   19.75   28.58    7.70    3.71   41.79   46.00   55.91   14.82   39.96   48.66
      2     25    121      8   39.86   48.48    7.37    6.58   41.79   46.00   55.91   47.92   71.58   15.18
      2     26    121      7   40.91   47.71    7.50    6.36   41.79   46.00   55.91   58.72   54.81   12.18
      2     27    121      7   39.87   44.00    7.25    6.07   41.79   46.00   55.91   47.55   88.82   47.57
      2     28    121      6   21.66   33.16    7.26    4.57   41.79   46.00   55.91   19.89   58.69   34.50
      2     29    121      6   16.52   19.09    7.29    2.62   41.79   46.00   55.91   52.67   60.98   51.25
      2     30    121      6   34.94   44.92    7.33    6.13   41.79   46.00   55.91   43.25   62.55   14.18
      2     31    121      6   14.56   19.58    7.66    2.56   41.79   46.00   55.91   59.93   53.03   58.10
      2     32    121      5   22.91   25.31    8.04    3.15   41.79   46.00   55.91   51.28   69.04   51.44
      2     33    121      5   31.78   41.17    7.14    5.76   41.79   46.00   55.91   43.83   46.28   14.79
      2     34    121      5   10.00   12.26    7.10    1.73   41.79   46.00   55.91   40.20   57.86   58.63
      2     35    121      5   16.00   23.73    7.21    3.29   41.79   46.00   55.91   18.29   48.51   53.79
      2     36    121      5   41.73   48.40    7.09    6.82   41.79   46.00   55.91   46.93   85.23   28.03
      2     37    121      5   10.25   16.88    7.45    2.27   41.79   46.00   55.91   40.04   37.22   41.61
      2     38    121      4   11.49   15.79    7.04    2.24   41.79   46.00   55.91   53.33   50.16   45.97
      3      4    110     58   25.34   34.11    9.72    3.51   57.81   41.69   25.02   35.45   67.26   28.15
      3      5    110     51   26.65   35.13   12.70    2.77   57.81   41.69   25.02   54.49   72.81   41.00
      3      6    110     43   12.08   21.30    8.97    2.38   57.81   41.69   25.02   53.78   34.58   44.69
      3      7    110     38   37.43   45.69    8.70    5.25   57.81   41.69   25.02   48.92   78.67   50.35
      3      8    110     34   32.66   42.54   10.25    4.15   57.81   41.69   25.02   22.53   31.11   46.31
      3      9    110     34    8.77   14.84    8.23    1.80   57.81   41.69   25.02   43.14   39.92   23.59
      3     10    110     33   24.23   34.22    9.49    3.61   57.81   41.69   25.02   59.63   74.44   15.28
      3     11    110     30   11.36   24.98    8.87    2.82   57.81   41.69   25.02   43.93   27.12   39.82
      3     12    110     25   40.52   50.88    9.53    5.34   57.81   41.69   25.02   54.79   91.03   37.08
      3     13    110     21   31.45   38.23    8.79    4.35   57.81   41.69   25.02   29.38   64.27   37.00
      3     14    110     21   13.45   19.07    8.61    2.22   57.81   41.69   25.02   68.53   38.18   40.39
      3     15    110     20   32.63   41.99    8.07    5.20   57.81   41.69   25.02   51.30   82.50   17.59
      3     16    110     17   15.94   22.34    8.48    2.63   57.81   41.69   25.02   42.08   54.63   15.84
      3     17    110     17   35.34   43.11    8.01    5.38   57.81   41.69   25.02   18.71   51.06   40.58
      3     18    110     15   24.72   30.21    8.10    3.73   57.81   41.69   25.02   74.39   55.91   45.89
      3     19    110     14   40.44   46.48    8.12    5.73   57.81   41.69   25.02   44.47   61.89   64.70
      3     20    110     14   22.91   29.19    7.66    3.81   57.81   41.69   25.02   37.29   59.57   14.47
      3     21    110     11   32.79   38.86    7.66    5.08   57.81   41.69   25.02   22.30   56.08   31.51
      3     22    110     11   15.17   22.61    7.69    2.94   57.81   41.69   25.02   49.00   58.99   13.44
      3     23    110      9   19.39   25.06    7.64    3.28   57.81   41.69   25.02   66.34   59.99   39.87
      3     24    110      9   41.59   49.08    7.94    6.18   57.81   41.69   25.02   14.82   39.96   48.66
      3     25    110      8   24.74   32.98    7.62    4.33   57.81   41.69   25.02   47.92   71.58   15.18
      3     26    110      7    9.11   18.38    7.74    2.37   57.81   41.69   25.02   58.72   54.81   12.18
      3     27    110      7   46.83   53.25    7.49    7.11   57.81   41.69   25.02   47.55   88.82   47.57
      3     28    110      6   37.01   42.63    7.50    5.68   57.81   41.69   25.02   19.89   58.69   34.50
      3     29    110      6   28.34   32.96    7.53    4.38   57.81   41.69   25.02   52.67   60.98   51.25
      3     30    110      6   20.47   27.65    7.58    3.65   57.81   41.69   25.02   43.25   62.55   14.18
      3     31    110      6   30.23   35.03    7.90    4.43   57.81   41.69   25.02   59.93   53.03   58.10
      3     32    110      5   32.40   38.58    8.28    4.66   57.81   41.69   25.02   51.28   69.04   51.44
      3     33    110      5   15.13   17.91    7.39    2.43   57.81   41.69   25.02   43.83   46.28   14.79
      3     34    110      5   35.14   41.24    7.34    5.62   57.81   41.69   25.02   40.20   57.86   58.63
      3     35    110      5   42.20   49.36    7.45    6.62   57.81   41.69   25.02   18.29   48.51   53.79
      3     36    110      5   37.58   44.97    7.34    6.13   57.81   41.69   25.02   46.93   85.23   28.03
      3     37    110      5   17.09   24.72    7.69    3.21   57.81   41.69   25.02   40.04   37.22   41.61
      3     38    110      4   17.89   23.04    7.28    3.16   57.81   41.69   25.02   53.33   50.16   45.97
      4      5     58     51   13.08   23.63    9.43    2.51   35.45   67.26   28.15   54.49   72.81   41.00
      4      6     58     43   35.26   40.96    5.70    7.18   35.45   67.26   28.15   53.78   34.58   44.69
      4      7     58     38   20.07   28.36    5.44    5.21   35.45   67.26   28.15   48.92   78.67   50.35
      4      8     58     34   37.03   42.46    6.99    6.07   35.45   67.26   28.15   22.53   31.11   46.31
      4      9     58     34   23.43   28.77    4.97    5.79   35.45   67.26   28.15   43.14   39.92   23.59
      4     10     58     33   23.87   28.32    6.23    4.55   35.45   67.26   28.15   59.63   74.44   15.28
      4     11     58     30   36.57   42.65    5.60    7.61   35.45   67.26   28.15   43.93   27.12   39.82
      4     12     58     25   26.55   31.92    6.26    5.10   35.45   67.26   28.15   54.79   91.03   37.08
      4     13     58     21    6.78   11.14    5.53    2.01   35.45   67.26   28.15   29.38   64.27   37.00
      4     14     58     21   40.44   45.71    5.34    8.56   35.45   67.26   28.15   68.53   38.18   40.39
      4     15     58     20   19.42   24.40    4.81    5.07   35.45   67.26   28.15   51.30   82.50   17.59
      4     16     58     17   14.73   18.84    5.22    3.61   35.45   67.26   28.15   42.08   54.63   15.84
      4     17     58     17   22.56   26.40    4.75    5.56   35.45   67.26   28.15   18.71   51.06   40.58
      4     18     58     15   39.81   44.27    4.83    9.16   35.45   67.26   28.15   74.39   55.91   45.89
      4     19     58     14   32.33   38.02    4.85    7.83   35.45   67.26   28.15   44.47   61.89   64.70
      4     20     58     14   12.53   15.80    4.40    3.59   35.45   67.26   28.15   37.29   59.57   14.47
      4     21     58     11   13.34   17.58    4.39    4.00   35.45   67.26   28.15   22.30   56.08   31.51
      4     22     58     11   18.79   21.64    4.42    4.89   35.45   67.26   28.15   49.00   58.99   13.44
      4     23     58      9   29.43   33.83    4.38    7.72   35.45   67.26   28.15   66.34   59.99   39.87
      4     24     58      9   36.14   39.89    4.68    8.52   35.45   67.26   28.15   14.82   39.96   48.66
      4     25     58      8   15.17   18.51    4.35    4.25   35.45   67.26   28.15   47.92   71.58   15.18
      4     26     58      7   27.15   30.85    4.48    6.89   35.45   67.26   28.15   58.72   54.81   12.18
      4     27     58      7   25.04   31.44    4.23    7.44   35.45   67.26   28.15   47.55   88.82   47.57
      4     28     58      6   14.35   18.86    4.24    4.45   35.45   67.26   28.15   19.89   58.69   34.50
      4     29     58      6   25.98   29.49    4.27    6.91   35.45   67.26   28.15   52.67   60.98   51.25
      4     30     58      6   13.96   16.68    4.31    3.87   35.45   67.26   28.15   43.25   62.55   14.18
      4     31     58      6   36.69   41.21    4.64    8.89   35.45   67.26   28.15   59.93   53.03   58.10
      4     32     58      5   23.43   28.22    5.02    5.62   35.45   67.26   28.15   51.28   69.04   51.44
      4     33     58      5   22.29   26.25    4.12    6.37   35.45   67.26   28.15   43.83   46.28   14.79
      4     34     58      5   27.73   32.24    4.08    7.90   35.45   67.26   28.15   40.20   57.86   58.63
      4     35     58      5   32.65   36.10    4.19    8.62   35.45   67.26   28.15   18.29   48.51   53.79
      4     36     58      5   17.15   21.32    4.07    5.24   35.45   67.26   28.15   46.93   85.23   28.03
      4     37     58      5   29.09   33.23    4.43    7.50   35.45   67.26   28.15   40.04   37.22   41.61
      4     38     58      4   26.61   30.48    4.02    7.59   35.45   67.26   28.15   53.33   50.16   45.97
      5      6     51     43   33.78   38.41    8.68    4.43   54.49   72.81   41.00   53.78   34.58   44.69
      5      7     51     38    8.12   12.36    8.41    1.47   54.49   72.81   41.00   48.92   78.67   50.35
      5      8     51     34   45.45   52.81    9.96    5.30   54.49   72.81   41.00   22.53   31.11   46.31
      5      9     51     34   33.24   38.90    7.94    4.90   54.49   72.81   41.00   43.14   39.92   23.59
      5     10     51     33   22.09   26.27    9.20    2.85   54.49   72.81   41.00   59.63   74.44   15.28
      5     11     51     30   42.02   46.90    8.58    5.47   54.49   72.81   41.00   43.93   27.12   39.82
      5     12     51     25   15.52   18.64    9.24    2.02   54.49   72.81   41.00   54.79   91.03   37.08
      5     13     51     21   17.12   26.83    8.50    3.16   54.49   72.81   41.00   29.38   64.27   37.00
      5     14     51     21   31.64   37.37    8.32    4.49   54.49   72.81   41.00   68.53   38.18   40.39
      5     15     51     20   21.05   25.53    7.78    3.28   54.49   72.81   41.00   51.30   82.50   17.59
      5     16     51     17   27.29   33.43    8.19    4.08   54.49   72.81   41.00   42.08   54.63   15.84
      5     17     51     17   34.21   41.87    7.72    5.42   54.49   72.81   41.00   18.71   51.06   40.58
      5     18     51     15   18.68   26.55    7.81    3.40   54.49   72.81   41.00   74.39   55.91   45.89
      5     19     51     14   24.49   27.96    7.83    3.57   54.49   72.81   41.00   44.47   61.89   64.70
      5     20     51     14   27.77   34.27    7.37    4.65   54.49   72.81   41.00   37.29   59.57   14.47
      5     21     51     11   28.93   37.50    7.37    5.09   54.49   72.81   41.00   22.30   56.08   31.51
      5     22     51     11   25.96   31.31    7.40    4.23   54.49   72.81   41.00   49.00   58.99   13.44
      5     23     51      9   10.77   17.49    7.35    2.38   54.49   72.81   41.00   66.34   59.99   39.87
      5     24     51      9   44.59   52.07    7.65    6.80   54.49   72.81   41.00   14.82   39.96   48.66
      5     25     51      8   22.09   26.66    7.33    3.64   54.49   72.81   41.00   47.92   71.58   15.18
      5     26     51      7   29.77   34.23    7.45    4.59   54.49   72.81   41.00   58.72   54.81   12.18
      5     27     51      7   15.65   18.65    7.20    2.59   54.49   72.81   41.00   47.55   88.82   47.57
      5     28     51      6   29.82   37.94    7.21    5.26   54.49   72.81   41.00   19.89   58.69   34.50
      5     29     51      6   12.57   15.76    7.24    2.18   54.49   72.81   41.00   52.67   60.98   51.25
      5     30     51      6   24.78   30.83    7.29    4.23   54.49   72.81   41.00   43.25   62.55   14.18
      5     31     51      6   22.83   26.70    7.61    3.51   54.49   72.81   41.00   59.93   53.03   58.10
      5     32     51      5    7.55   11.56    7.99    1.45   54.49   72.81   41.00   51.28   69.04   51.44
      5     33     51      5   34.03   38.78    7.10    5.46   54.49   72.81   41.00   43.83   46.28   14.79
      5     34     51      5   22.52   27.18    7.05    3.85   54.49   72.81   41.00   40.20   57.86   58.63
      5     35     51      5   38.65   45.44    7.16    6.34   54.49   72.81   41.00   18.29   48.51   53.79
      5     36     51      5   14.90   19.49    7.05    2.77   54.49   72.81   41.00   46.93   85.23   28.03
      5     37     51      5   33.75   38.42    7.40    5.19   54.49   72.81   41.00   40.04   37.22   41.61
      5     38     51      4   21.19   23.21    6.99    3.32   54.49   72.81   41.00   53.33   50.16   45.97
      6      7     43     38   38.07   44.72    4.68    9.55   53.78   34.58   44.69   48.92   78.67   50.35
      6      8     43     34   26.02   31.49    6.24    5.05   53.78   34.58   44.69   22.53   31.11   46.31
      6      9     43     34   20.54   24.23    4.21    5.75   53.78   34.58   44.69   43.14   39.92   23.59
      6     10     43     33   44.33   49.88    5.47    9.12   53.78   34.58   44.69   59.63   74.44   15.28
      6     11     43     30    6.00   13.28    4.85    2.74   53.78   34.58   44.69   43.93   27.12   39.82
 groups           6          11  will be considered for merger
      6     12     43     25   50.84   56.97    5.51   10.35   53.78   34.58   44.69   54.79   91.03   37.08
      6     13     43     21   35.41   39.20    4.77    8.21   53.78   34.58   44.69   29.38   64.27   37.00
      6     14     43     21   11.36   15.77    4.59    3.44   53.78   34.58   44.69   68.53   38.18   40.39
      6     15     43     20   50.29   55.11    4.06   13.59   53.78   34.58   44.69   51.30   82.50   17.59
      6     16     43     17   34.37   37.03    4.46    8.30   53.78   34.58   44.69   42.08   54.63   15.84
      6     17     43     17   34.71   38.96    3.99    9.76   53.78   34.58   44.69   18.71   51.06   40.58
      6     18     43     15   24.76   29.68    4.08    7.28   53.78   34.58   44.69   74.39   55.91   45.89
      6     19     43     14   31.32   35.11    4.10    8.56   53.78   34.58   44.69   44.47   61.89   64.70
      6     20     43     14   39.64   42.55    3.64   11.67   53.78   34.58   44.69   37.29   59.57   14.47
      6     21     43     11   37.78   40.34    3.64   11.09   53.78   34.58   44.69   22.30   56.08   31.51
      6     22     43     11   36.96   39.95    3.67   10.89   53.78   34.58   44.69   49.00   58.99   13.44
      6     23     43      9   24.49   28.76    3.63    7.93   53.78   34.58   44.69   66.34   59.99   39.87
      6     24     43      9   35.82   39.53    3.92   10.07   53.78   34.58   44.69   14.82   39.96   48.66
      6     25     43      8   44.34   47.69    3.60   13.25   53.78   34.58   44.69   47.92   71.58   15.18
      6     26     43      7   36.12   38.61    3.72   10.37   53.78   34.58   44.69   58.72   54.81   12.18
      6     27     43      7   51.39   54.68    3.47   15.74   53.78   34.58   44.69   47.55   88.82   47.57
      6     28     43      6   40.72   42.83    3.48   12.30   53.78   34.58   44.69   19.89   58.69   34.50
      6     29     43      6   23.62   27.23    3.52    7.75   53.78   34.58   44.69   52.67   60.98   51.25
      6     30     43      6   39.84   42.72    3.56   12.01   53.78   34.58   44.69   43.25   62.55   14.18
      6     31     43      6   19.62   23.63    3.88    6.09   53.78   34.58   44.69   59.93   53.03   58.10
      6     32     43      5   31.40   35.20    4.26    8.26   53.78   34.58   44.69   51.28   69.04   51.44
      6     33     43      5   31.29   33.62    3.37    9.98   53.78   34.58   44.69   43.83   46.28   14.79
      6     34     43      5   27.66   30.34    3.32    9.13   53.78   34.58   44.69   40.20   57.86   58.63
      6     35     43      5   36.24   39.20    3.43   11.42   53.78   34.58   44.69   18.29   48.51   53.79
      6     36     43      5   50.29   53.76    3.32   16.21   53.78   34.58   44.69   46.93   85.23   28.03
      6     37     43      5   11.49   14.33    3.67    3.90   53.78   34.58   44.69   40.04   37.22   41.61
      6     38     43      4   12.21   15.65    3.26    4.80   53.78   34.58   44.69   53.33   50.16   45.97
      7      8     38     34   47.51   54.54    5.97    9.14   48.92   78.67   50.35   22.53   31.11   46.31
      7      9     38     34   41.45   47.44    3.95   12.01   48.92   78.67   50.35   43.14   39.92   23.59
      7     10     38     33   33.00   36.90    5.21    7.09   48.92   78.67   50.35   59.63   74.44   15.28
      7     11     38     30   46.10   52.85    4.58   11.53   48.92   78.67   50.35   43.93   27.12   39.82
      7     12     38     25   15.52   19.06    5.24    3.64   48.92   78.67   50.35   54.79   91.03   37.08
      7     13     38     21   19.67   27.70    4.51    6.14   48.92   78.67   50.35   29.38   64.27   37.00
      7     14     38     21   40.91   46.07    4.32   10.66   48.92   78.67   50.35   68.53   38.18   40.39
      7     15     38     20   29.44   33.06    3.79    8.72   48.92   78.67   50.35   51.30   82.50   17.59
      7     16     38     17   38.07   42.61    4.20   10.15   48.92   78.67   50.35   42.08   54.63   15.84
      7     17     38     17   36.28   42.07    3.73   11.29   48.92   78.67   50.35   18.71   51.06   40.58
      7     18     38     15   30.87   34.44    3.81    9.04   48.92   78.67   50.35   74.39   55.91   45.89
      7     19     38     14   19.21   22.53    3.83    5.87   48.92   78.67   50.35   44.47   61.89   64.70
      7     20     38     14   38.11   42.27    3.38   12.51   48.92   78.67   50.35   37.29   59.57   14.47
      7     21     38     11   33.79   39.67    3.37   11.76   48.92   78.67   50.35   22.30   56.08   31.51
      7     22     38     11   38.13   41.82    3.40   12.29   48.92   78.67   50.35   49.00   58.99   13.44
      7     23     38      9   24.52   27.60    3.36    8.21   48.92   78.67   50.35   66.34   59.99   39.87
      7     24     38      9   45.28   51.62    3.66   14.11   48.92   78.67   50.35   14.82   39.96   48.66
      7     25     38      8   33.54   35.88    3.33   10.77   48.92   78.67   50.35   47.92   71.58   15.18
      7     26     38      7   42.59   46.06    3.46   13.32   48.92   78.67   50.35   58.72   54.81   12.18
      7     27     38      7    8.54   10.62    3.21    3.31   48.92   78.67   50.35   47.55   88.82   47.57
      7     28     38      6   33.56   38.64    3.22   12.02   48.92   78.67   50.35   19.89   58.69   34.50
      7     29     38      6   14.25   18.10    3.25    5.57   48.92   78.67   50.35   52.67   60.98   51.25
      7     30     38      6   36.18   40.00    3.29   12.15   48.92   78.67   50.35   43.25   62.55   14.18
      7     31     38      6   25.48   28.95    3.62    8.01   48.92   78.67   50.35   59.93   53.03   58.10
      7     32     38      5    7.00    9.97    4.00    2.50   48.92   78.67   50.35   51.28   69.04   51.44
      7     33     38      5   44.15   48.36    3.10   15.59   48.92   78.67   50.35   43.83   46.28   14.79
      7     34     38      5   19.31   24.03    3.06    7.86   48.92   78.67   50.35   40.20   57.86   58.63
      7     35     38      5   37.87   43.13    3.17   13.61   48.92   78.67   50.35   18.29   48.51   53.79
      7     36     38      5   20.71   23.35    3.05    7.65   48.92   78.67   50.35   46.93   85.23   28.03
      7     37     38      5   37.16   43.28    3.41   12.70   48.92   78.67   50.35   40.04   37.22   41.61
      7     38     38      4   24.92   29.17    3.00    9.73   48.92   78.67   50.35   53.33   50.16   45.97
      8      9     34     34   27.17   31.92    5.50    5.80   22.53   31.11   46.31   43.14   39.92   23.59
      8     10     34     33   59.89   64.94    6.76    9.61   22.53   31.11   46.31   59.63   74.44   15.28
      8     11     34     30   16.97   22.72    6.14    3.70   22.53   31.11   46.31   43.93   27.12   39.82
      8     12     34     25   64.41   68.68    6.79   10.11   22.53   31.11   46.31   54.79   91.03   37.08
      8     13     34     21   31.72   35.12    6.06    5.79   22.53   31.11   46.31   29.38   64.27   37.00
      8     14     34     21   42.40   46.91    5.87    7.99   22.53   31.11   46.31   68.53   38.18   40.39
      8     15     34     20   61.73   65.53    5.34   12.27   22.53   31.11   46.31   51.30   82.50   17.59
      8     16     34     17   38.48   43.17    5.75    7.51   22.53   31.11   46.31   42.08   54.63   15.84
      8     17     34     17   18.28   21.10    5.28    4.00   22.53   31.11   46.31   18.71   51.06   40.58
      8     18     34     15   53.71   57.48    5.36   10.72   22.53   31.11   46.31   74.39   55.91   45.89
      8     19     34     14   38.00   42.03    5.39    7.80   22.53   31.11   46.31   44.47   61.89   64.70
      8     20     34     14   41.39   45.19    4.93    9.16   22.53   31.11   46.31   37.29   59.57   14.47
      8     21     34     11   25.94   29.03    4.92    5.90   22.53   31.11   46.31   22.30   56.08   31.51
      8     22     34     11   46.73   50.58    4.95   10.21   22.53   31.11   46.31   49.00   58.99   13.44
      8     23     34      9   48.52   52.87    4.91   10.76   22.53   31.11   46.31   66.34   59.99   39.87
      8     24     34      9    9.00   11.97    5.21    2.30   22.53   31.11   46.31   14.82   39.96   48.66
      8     25     34      8   53.60   57.02    4.88   11.67   22.53   31.11   46.31   47.92   71.58   15.18
      8     26     34      7   51.59   55.10    5.01   11.00   22.53   31.11   46.31   58.72   54.81   12.18
      8     27     34      7   60.17   62.92    4.76   13.22   22.53   31.11   46.31   47.55   88.82   47.57
      8     28     34      6   27.00   30.12    4.77    6.32   22.53   31.11   46.31   19.89   58.69   34.50
      8     29     34      6   39.22   42.72    4.80    8.90   22.53   31.11   46.31   52.67   60.98   51.25
      8     30     34      6   46.49   49.50    4.84   10.22   22.53   31.11   46.31   43.25   62.55   14.18
      8     31     34      6   41.45   44.93    5.17    8.69   22.53   31.11   46.31   59.93   53.03   58.10
      8     32     34      5   44.96   47.87    5.55    8.63   22.53   31.11   46.31   51.28   69.04   51.44
      8     33     34      5   37.68   40.95    4.65    8.80   22.53   31.11   46.31   43.83   46.28   14.79
      8     34     34      5   31.46   34.35    4.61    7.45   22.53   31.11   46.31   40.20   57.86   58.63
      8     35     34      5   16.52   19.41    4.72    4.11   22.53   31.11   46.31   18.29   48.51   53.79
      8     36     34      5   58.97   62.12    4.60   13.49   22.53   31.11   46.31   46.93   85.23   28.03
      8     37     34      5   14.87   19.13    4.96    3.86   22.53   31.11   46.31   40.04   37.22   41.61
      8     38     34      4   32.76   36.22    4.55    7.96   22.53   31.11   46.31   53.33   50.16   45.97
      9     10     34     33   34.26   39.15    4.74    8.26   43.14   39.92   23.59   59.63   74.44   15.28
      9     11     34     30   15.84   20.69    4.11    5.03   43.14   39.92   23.59   43.93   27.12   39.82
      9     12     34     25   48.80   54.13    4.77   11.34   43.14   39.92   23.59   54.79   91.03   37.08
      9     13     34     21   27.46   31.02    4.04    7.68   43.14   39.92   23.59   29.38   64.27   37.00
      9     14     34     21   27.80   30.49    3.85    7.92   43.14   39.92   23.59   68.53   38.18   40.39
      9     15     34     20   40.12   43.77    3.32   13.18   43.14   39.92   23.59   51.30   82.50   17.59
      9     16     34     17   13.56   16.66    3.73    4.47   43.14   39.92   23.59   42.08   54.63   15.84
      9     17     34     17   28.60   31.77    3.26    9.75   43.14   39.92   23.59   18.71   51.06   40.58
      9     18     34     15   38.29   41.59    3.34   12.44   43.14   39.92   23.59   74.39   55.91   45.89
      9     19     34     14   44.72   46.63    3.36   13.86   43.14   39.92   23.59   44.47   61.89   64.70
      9     20     34     14   19.44   22.44    2.91    7.71   43.14   39.92   23.59   37.29   59.57   14.47
      9     21     34     11   25.20   27.54    2.90    9.49   43.14   39.92   23.59   22.30   56.08   31.51
      9     22     34     11   19.82   22.39    2.93    7.64   43.14   39.92   23.59   49.00   58.99   13.44
      9     23     34      9   31.30   34.73    2.89   12.01   43.14   39.92   23.59   66.34   59.99   39.87
      9     24     34      9   34.73   37.82    3.19   11.86   43.14   39.92   23.59   14.82   39.96   48.66
      9     25     34      8   30.23   33.10    2.86   11.56   43.14   39.92   23.59   47.92   71.58   15.18
      9     26     34      7   21.42   24.39    2.99    8.16   43.14   39.92   23.59   58.72   54.81   12.18
      9     27     34      7   52.36   54.65    2.74   19.96   43.14   39.92   23.59   47.55   88.82   47.57
      9     28     34      6   29.55   31.82    2.75   11.59   43.14   39.92   23.59   19.89   58.69   34.50
      9     29     34      6   33.75   36.05    2.78   12.97   43.14   39.92   23.59   52.67   60.98   51.25
      9     30     34      6   21.93   24.51    2.82    8.69   43.14   39.92   23.59   43.25   62.55   14.18
      9     31     34      6   37.80   40.56    3.15   12.89   43.14   39.92   23.59   59.93   53.03   58.10
      9     32     34      5   37.46   41.11    3.53   11.65   43.14   39.92   23.59   51.28   69.04   51.44
      9     33     34      5    8.72   10.88    2.63    4.13   43.14   39.92   23.59   43.83   46.28   14.79
      9     34     34      5   37.60   39.47    2.59   15.24   43.14   39.92   23.59   40.20   57.86   58.63
      9     35     34      5   37.34   40.05    2.70   14.84   43.14   39.92   23.59   18.29   48.51   53.79
      9     36     34      5   43.23   45.68    2.58   17.69   43.14   39.92   23.59   46.93   85.23   28.03
      9     37     34      5   16.16   18.49    2.94    6.29   43.14   39.92   23.59   40.04   37.22   41.61
      9     38     34      4   24.56   26.64    2.53   10.54   43.14   39.92   23.59   53.33   50.16   45.97
     10     11     33     30   49.00   55.57    5.37   10.34   59.63   74.44   15.28   43.93   27.12   39.82
     10     12     33     25   21.49   27.81    6.03    4.61   59.63   74.44   15.28   54.79   91.03   37.08
     10     13     33     21   35.51   38.60    5.30    7.29   59.63   74.44   15.28   29.38   64.27   37.00
     10     14     33     21   40.46   45.00    5.11    8.80   59.63   74.44   15.28   68.53   38.18   40.39
     10     15     33     20    5.39   11.81    4.58    2.58   59.63   74.44   15.28   51.30   82.50   17.59
 groups          10          15  will be considered for merger
     10     16     33     17   21.24   26.48    4.99    5.31   59.63   74.44   15.28   42.08   54.63   15.84
     10     17     33     17   50.75   53.48    4.52   11.84   59.63   74.44   15.28   18.71   51.06   40.58
     10     18     33     15   33.96   38.71    4.60    8.41   59.63   74.44   15.28   74.39   55.91   45.89
     10     19     33     14   50.72   53.19    4.62   11.50   59.63   74.44   15.28   44.47   61.89   64.70
     10     20     33     14   24.68   26.85    4.17    6.44   59.63   74.44   15.28   37.29   59.57   14.47
     10     21     33     11   42.07   44.65    4.16   10.73   59.63   74.44   15.28   22.30   56.08   31.51
     10     22     33     11   15.75   18.84    4.19    4.50   59.63   74.44   15.28   49.00   58.99   13.44
     10     23     33      9   25.98   29.29    4.15    7.06   59.63   74.44   15.28   66.34   59.99   39.87
     10     24     33      9   62.62   65.65    4.45   14.76   59.63   74.44   15.28   14.82   39.96   48.66
     10     25     33      8    9.54   12.05    4.12    2.92   59.63   74.44   15.28   47.92   71.58   15.18
     10     26     33      7   15.59   19.89    4.25    4.69   59.63   74.44   15.28   58.72   54.81   12.18
     10     27     33      7   34.10   37.35    4.00    9.34   59.63   74.44   15.28   47.55   88.82   47.57
     10     28     33      6   44.15   46.87    4.01   11.70   59.63   74.44   15.28   19.89   58.69   34.50
     10     29     33      6   36.12   39.03    4.04    9.66   59.63   74.44   15.28   52.67   60.98   51.25
     10     30     33      6   18.38   20.27    4.08    4.97   59.63   74.44   15.28   43.25   62.55   14.18
     10     31     33      6   44.78   47.87    4.41   10.87   59.63   74.44   15.28   59.93   53.03   58.10
     10     32     33      5   34.09   37.50    4.79    7.84   59.63   74.44   15.28   51.28   69.04   51.44
     10     33     33      5   29.22   32.30    3.89    8.30   59.63   74.44   15.28   43.83   46.28   14.79
     10     34     33      5   47.90   50.31    3.85   13.07   59.63   74.44   15.28   40.20   57.86   58.63
     10     35     33      5   59.82   62.17    3.96   15.71   59.63   74.44   15.28   18.29   48.51   53.79
     10     36     33      5   17.46   20.97    3.84    5.46   59.63   74.44   15.28   46.93   85.23   28.03
     10     37     33      5   46.11   49.62    4.20   11.82   59.63   74.44   15.28   40.04   37.22   41.61
     10     38     33      4   36.30   39.63    3.79   10.47   59.63   74.44   15.28   53.33   50.16   45.97
     11     12     30     25   58.99   64.88    5.41   12.00   43.93   27.12   39.82   54.79   91.03   37.08
     11     13     30     21   36.69   40.00    4.67    8.56   43.93   27.12   39.82   29.38   64.27   37.00
     11     14     30     21   21.63   26.97    4.49    6.01   43.93   27.12   39.82   68.53   38.18   40.39
     11     15     30     20   54.87   60.13    3.96   15.20   43.93   27.12   39.82   51.30   82.50   17.59
     11     16     30     17   31.64   36.54    4.36    8.38   43.93   27.12   39.82   42.08   54.63   15.84
     11     17     30     17   30.48   34.78    3.89    8.93   43.93   27.12   39.82   18.71   51.06   40.58
     11     18     30     15   37.46   42.34    3.98   10.65   43.93   27.12   39.82   74.39   55.91   45.89
     11     19     30     14   40.61   42.76    4.00   10.69   43.93   27.12   39.82   44.47   61.89   64.70
     11     20     30     14   37.27   41.71    3.54   11.77   43.93   27.12   39.82   37.29   59.57   14.47
     11     21     30     11   34.76   37.09    3.54   10.48   43.93   27.12   39.82   22.30   56.08   31.51
     11     22     30     11   37.23   41.68    3.57   11.68   43.93   27.12   39.82   49.00   58.99   13.44
     11     23     30      9   35.00   39.78    3.53   11.28   43.93   27.12   39.82   66.34   59.99   39.87
     11     24     30      9   28.72   33.02    3.82    8.63   43.93   27.12   39.82   14.82   39.96   48.66
     11     25     30      8   46.57   50.98    3.50   14.57   43.93   27.12   39.82   47.92   71.58   15.18
     11     26     30      7   37.34   41.83    3.62   11.55   43.93   27.12   39.82   58.72   54.81   12.18
     11     27     30      7   59.54   62.29    3.37   18.46   43.93   27.12   39.82   47.55   88.82   47.57
     11     28     30      6   37.28   40.04    3.38   11.84   43.93   27.12   39.82   19.89   58.69   34.50
     11     29     30      6   33.62   36.79    3.42   10.77   43.93   27.12   39.82   52.67   60.98   51.25
     11     30     30      6   39.46   43.74    3.46   12.65   43.93   27.12   39.82   43.25   62.55   14.18
     11     31     30      6   32.31   35.52    3.78    9.39   43.93   27.12   39.82   59.93   53.03   58.10
     11     32     30      5   40.57   44.11    4.16   10.60   43.93   27.12   39.82   51.28   69.04   51.44
     11     33     30      5   27.28   31.52    3.27    9.64   43.93   27.12   39.82   43.83   46.28   14.79
     11     34     30      5   34.37   36.23    3.22   11.23   43.93   27.12   39.82   40.20   57.86   58.63
     11     35     30      5   32.70   36.20    3.33   10.86   43.93   27.12   39.82   18.29   48.51   53.79
     11     36     30      5   55.74   59.37    3.22   18.45   43.93   27.12   39.82   46.93   85.23   28.03
     11     37     30      5    9.06   10.97    3.57    3.07   43.93   27.12   39.82   40.04   37.22   41.61
     11     38     30      4   22.02   25.63    3.16    8.11   43.93   27.12   39.82   53.33   50.16   45.97
     12     13     25     21   33.54   36.90    5.33    6.92   54.79   91.03   37.08   29.38   64.27   37.00
     12     14     25     21   49.53   54.70    5.14   10.63   54.79   91.03   37.08   68.53   38.18   40.39
     12     15     25     20   17.35   21.55    4.61    4.67   54.79   91.03   37.08   51.30   82.50   17.59
     12     16     25     17   38.79   44.02    5.02    8.77   54.79   91.03   37.08   42.08   54.63   15.84
     12     17     25     17   51.87   53.96    4.55   11.86   54.79   91.03   37.08   18.71   51.06   40.58
     12     18     25     15   35.30   41.17    4.63    8.88   54.79   91.03   37.08   74.39   55.91   45.89
     12     19     25     14   39.12   41.46    4.66    8.90   54.79   91.03   37.08   44.47   61.89   64.70
     12     20     25     14   39.10   42.51    4.20   10.12   54.79   91.03   37.08   37.29   59.57   14.47
     12     21     25     11   45.38   48.04    4.20   11.45   54.79   91.03   37.08   22.30   56.08   31.51
     12     22     25     11   35.69   40.23    4.22    9.52   54.79   91.03   37.08   49.00   58.99   13.44
     12     23     25      9   28.60   33.23    4.18    7.94   54.79   91.03   37.08   66.34   59.99   39.87
     12     24     25      9   63.19   65.88    4.48   14.70   54.79   91.03   37.08   14.82   39.96   48.66
     12     25     25      8   26.25   30.08    4.16    7.24   54.79   91.03   37.08   47.92   71.58   15.18
     12     26     25      7   38.61   44.12    4.28   10.31   54.79   91.03   37.08   58.72   54.81   12.18
     12     27     25      7    9.80   12.94    4.03    3.21   54.79   91.03   37.08   47.55   88.82   47.57
     12     28     25      6   45.45   47.65    4.04   11.80   54.79   91.03   37.08   19.89   58.69   34.50
     12     29     25      6   30.28   33.29    4.07    8.17   54.79   91.03   37.08   52.67   60.98   51.25
     12     30     25      6   34.55   38.32    4.11    9.31   54.79   91.03   37.08   43.25   62.55   14.18
     12     31     25      6   40.55   43.73    4.44    9.85   54.79   91.03   37.08   59.93   53.03   58.10
     12     32     25      5   23.96   26.50    4.82    5.50   54.79   91.03   37.08   51.28   69.04   51.44
     12     33     25      5   47.43   51.18    3.93   13.04   54.79   91.03   37.08   43.83   46.28   14.79
     12     34     25      5   40.24   42.16    3.88   10.86   54.79   91.03   37.08   40.20   57.86   58.63
     12     35     25      5   56.52   58.48    3.99   14.65   54.79   91.03   37.08   18.29   48.51   53.79
     12     36     25      5   11.58   13.32    3.87    3.44   54.79   91.03   37.08   46.93   85.23   28.03
     12     37     25      5   52.02   55.98    4.23   13.23   54.79   91.03   37.08   40.04   37.22   41.61
     12     38     25      4   38.44   41.85    3.82   10.95   54.79   91.03   37.08   53.33   50.16   45.97
     13     14     21     21   42.73   47.17    4.41   10.69   29.38   64.27   37.00   68.53   38.18   40.39
     13     15     21     20   31.40   34.49    3.88    8.89   29.38   64.27   37.00   51.30   82.50   17.59
     13     16     21     17   23.37   26.50    4.29    6.18   29.38   64.27   37.00   42.08   54.63   15.84
     13     17     21     17   14.46   17.35    3.82    4.55   29.38   64.27   37.00   18.71   51.06   40.58
     13     18     21     15   43.00   46.63    3.90   11.95   29.38   64.27   37.00   74.39   55.91   45.89
     13     19     21     14   26.57   31.63    3.92    8.06   29.38   64.27   37.00   44.47   61.89   64.70
     13     20     21     14   21.21   24.34    3.47    7.02   29.38   64.27   37.00   37.29   59.57   14.47
     13     21     21     11    9.38   12.13    3.46    3.50   29.38   64.27   37.00   22.30   56.08   31.51
     13     22     21     11   28.53   31.11    3.49    8.91   29.38   64.27   37.00   49.00   58.99   13.44
     13     23     21      9   33.27   37.32    3.45   10.81   29.38   64.27   37.00   66.34   59.99   39.87
     13     24     21      9   26.98   30.64    3.75    8.17   29.38   64.27   37.00   14.82   39.96   48.66
     13     25     21      8   26.85   29.55    3.42    8.63   29.38   64.27   37.00   47.92   71.58   15.18
     13     26     21      7   36.74   39.58    3.55   11.16   29.38   64.27   37.00   58.72   54.81   12.18
     13     27     21      7   28.34   32.32    3.30    9.80   29.38   64.27   37.00   47.55   88.82   47.57
     13     28     21      6    8.83   11.29    3.31    3.41   29.38   64.27   37.00   19.89   58.69   34.50
     13     29     21      6   23.37   27.50    3.34    8.23   29.38   64.27   37.00   52.67   60.98   51.25
     13     30     21      6   24.39   26.76    3.38    7.92   29.38   64.27   37.00   43.25   62.55   14.18
     13     31     21      6   34.09   38.79    3.71   10.47   29.38   64.27   37.00   59.93   53.03   58.10
     13     32     21      5   22.14   26.66    4.09    6.52   29.38   64.27   37.00   51.28   69.04   51.44
     13     33     21      5   29.43   32.03    3.19   10.03   29.38   64.27   37.00   43.83   46.28   14.79
     13     34     21      5   21.26   25.02    3.15    7.95   29.38   64.27   37.00   40.20   57.86   58.63
     13     35     21      5   22.41   25.56    3.26    7.84   29.38   64.27   37.00   18.29   48.51   53.79
     13     36     21      5   26.59   28.77    3.14    9.16   29.38   64.27   37.00   46.93   85.23   28.03
     13     37     21      5   27.04   29.44    3.50    8.42   29.38   64.27   37.00   40.04   37.22   41.61
     13     38     21      4   26.29   29.21    3.09    9.46   29.38   64.27   37.00   53.33   50.16   45.97
     14     15     21     20   49.35   52.73    3.69   14.28   68.53   38.18   40.39   51.30   82.50   17.59
     14     16     21     17   37.50   39.66    4.10    9.67   68.53   38.18   40.39   42.08   54.63   15.84
     14     17     21     17   47.31   51.45    3.63   14.17   68.53   38.18   40.39   18.71   51.06   40.58
     14     18     21     15   16.91   19.47    3.71    5.24   68.53   38.18   40.39   74.39   55.91   45.89
     14     19     21     14   36.99   41.61    3.74   11.13   68.53   38.18   40.39   44.47   61.89   64.70
     14     20     21     14   43.78   45.88    3.28   13.98   68.53   38.18   40.39   37.29   59.57   14.47
     14     21     21     11   47.31   50.36    3.28   15.37   68.53   38.18   40.39   22.30   56.08   31.51
     14     22     21     11   37.01   39.25    3.30   11.88   68.53   38.18   40.39   49.00   58.99   13.44
     14     23     21      9   20.05   21.93    3.26    6.72   68.53   38.18   40.39   66.34   59.99   39.87
     14     24     21      9   51.28   54.36    3.56   15.26   68.53   38.18   40.39   14.82   39.96   48.66
     14     25     21      8   44.65   46.64    3.24   14.41   68.53   38.18   40.39   47.92   71.58   15.18
     14     26     21      7   31.32   34.19    3.36   10.17   68.53   38.18   40.39   58.72   54.81   12.18
     14     27     21      7   52.44   55.28    3.11   17.77   68.53   38.18   40.39   47.55   88.82   47.57
     14     28     21      6   50.79   53.11    3.12   17.03   68.53   38.18   40.39   19.89   58.69   34.50
     14     29     21      6   26.29   29.82    3.15    9.46   68.53   38.18   40.39   52.67   60.98   51.25
     14     30     21      6   42.15   43.82    3.19   13.72   68.53   38.18   40.39   43.25   62.55   14.18
     14     31     21      6   21.68   24.66    3.52    7.01   68.53   38.18   40.39   59.93   53.03   58.10
     14     32     21      5   33.39   37.04    3.90    9.50   68.53   38.18   40.39   51.28   69.04   51.44
     14     33     21      5   34.99   36.48    3.01   12.14   68.53   38.18   40.39   43.83   46.28   14.79
     14     34     21      5   35.44   39.01    2.96   13.17   68.53   38.18   40.39   40.20   57.86   58.63
     14     35     21      5   50.04   53.01    3.07   17.26   68.53   38.18   40.39   18.29   48.51   53.79
     14     36     21      5   51.20   53.22    2.95   18.01   68.53   38.18   40.39   46.93   85.23   28.03
     14     37     21      5   26.00   28.53    3.31    8.62   68.53   38.18   40.39   40.04   37.22   41.61
     14     38     21      4   17.29   20.14    2.90    6.94   68.53   38.18   40.39   53.33   50.16   45.97
     15     16     20     17   25.48   29.41    3.57    8.24   51.30   82.50   17.59   42.08   54.63   15.84
     15     17     20     17   48.26   50.78    3.10   16.39   51.30   82.50   17.59   18.71   51.06   40.58
     15     18     20     15   41.15   45.17    3.18   14.19   51.30   82.50   17.59   74.39   55.91   45.89
     15     19     20     14   49.89   51.87    3.21   16.18   51.30   82.50   17.59   44.47   61.89   64.70
     15     20     20     14   24.37   27.05    2.75    9.83   51.30   82.50   17.59   37.29   59.57   14.47
     15     21     20     11   39.06   41.63    2.74   15.17   51.30   82.50   17.59   22.30   56.08   31.51
     15     22     20     11   21.59   23.98    2.77    8.65   51.30   82.50   17.59   49.00   58.99   13.44
     15     23     20      9   32.06   35.05    2.73   12.83   51.30   82.50   17.59   66.34   59.99   39.87
     15     24     20      9   61.48   64.08    3.03   21.14   51.30   82.50   17.59   14.82   39.96   48.66
     15     25     20      8    9.27   11.69    2.70    4.32   51.30   82.50   17.59   47.92   71.58   15.18
     15     26     20      7   25.24   29.17    2.83   10.31   51.30   82.50   17.59   58.72   54.81   12.18
     15     27     20      7   28.35   30.86    2.58   11.96   51.30   82.50   17.59   47.55   88.82   47.57
     15     28     20      6   40.17   42.89    2.59   16.57   51.30   82.50   17.59   19.89   58.69   34.50
     15     29     20      6   37.22   39.97    2.62   15.25   51.30   82.50   17.59   52.67   60.98   51.25
     15     30     20      6   19.54   21.78    2.66    8.18   51.30   82.50   17.59   43.25   62.55   14.18
     15     31     20      6   47.81   50.83    2.99   17.01   51.30   82.50   17.59   59.93   53.03   58.10
     15     32     20      5   33.26   36.43    3.37   10.81   51.30   82.50   17.59   51.28   69.04   51.44
     15     33     20      5   35.16   37.09    2.47   14.99   51.30   82.50   17.59   43.83   46.28   14.79
     15     34     20      5   47.20   49.14    2.43   20.21   51.30   82.50   17.59   40.20   57.86   58.63
     15     35     20      5   57.84   59.63    2.54   23.47   51.30   82.50   17.59   18.29   48.51   53.79
     15     36     20      5    9.00   11.64    2.42    4.80   51.30   82.50   17.59   46.93   85.23   28.03
     15     37     20      5   49.84   52.48    2.78   18.88   51.30   82.50   17.59   40.04   37.22   41.61
     15     38     20      4   40.37   43.07    2.37   18.18   51.30   82.50   17.59   53.33   50.16   45.97
     16     17     17     17   31.21   34.21    3.51    9.76   42.08   54.63   15.84   18.71   51.06   40.58
     16     18     17     15   41.01   44.14    3.59   12.30   42.08   54.63   15.84   74.39   55.91   45.89
     16     19     17     14   47.56   49.45    3.61   13.69   42.08   54.63   15.84   44.47   61.89   64.70
     16     20     17     14    4.12    7.02    3.16    2.22   42.08   54.63   15.84   37.29   59.57   14.47
 groups          16          20  will be considered for merger
site groups connected   37.83   54.45   14.18  16    4.00   3   3   2
                        37.83   56.45   14.18
 successful merge of groups          16          20
Number of site groups found =    43

  Group  index  size  score     x       y       z     stdev
    1      9    162    1.50   43.14   52.73   35.96   10.11
    2     11    121    1.52   41.79   46.00   55.91    6.25
    3      2    110    1.54   57.81   41.69   25.02    6.49
    4      7     58    1.52   35.45   67.26   28.15    3.23
    5     15     51    1.45   54.49   72.81   41.00    6.20
    6      3     43    1.54   53.78   34.58   44.69    2.47
    7     20     38    1.41   48.92   78.67   50.35    2.21
    8      8     34    1.80   22.53   31.11   46.31    3.76
    9      6     34    1.70   43.14   39.92   23.59    1.74
   10     16     33    1.51   59.63   74.44   15.28    3.00
   11      5     31    1.84   39.91   56.86   15.22    3.87
   12     25     30    1.45   43.93   27.12   39.82    2.37
   13     14     25    1.46   54.79   91.03   37.08    3.03
   14     30     21    1.38   29.38   64.27   37.00    2.30
   15     28     21    1.34   68.53   38.18   40.39    2.11
   16     13     20    1.60   51.30   82.50   17.59    1.58
   17     10     17    1.67   18.71   51.06   40.58    1.52
   18     37     15    1.31   74.39   55.91   45.89    1.60
   19     24     14    1.53   44.47   61.89   64.70    1.63
   20     27     11    1.49   22.30   56.08   31.51    1.16
   21     19     11    1.50   49.00   58.99   13.44    1.19
   22     33      9    1.41   66.34   59.99   39.87    1.15
   23     17      9    1.50   14.82   39.96   48.66    1.45
   24     34      8    1.41   47.92   71.58   15.18    1.12
   25     31      7    1.49   58.72   54.81   12.18    1.25
   26     29      7    1.41   47.55   88.82   47.57    1.00
   27     32      6    1.42   19.89   58.69   34.50    1.01
   28     23      6    1.54   52.67   60.98   51.25    1.04
   29     12      6    1.60   43.25   62.55   14.18    1.08
   30      4      6    1.94   59.93   53.03   58.10    1.41
   31     43      5    1.22   51.28   69.04   51.44    1.79
   32     35      5    1.41   43.83   46.28   14.79    0.89
   33     26      5    1.63   40.20   57.86   58.63    0.85
   34     21      5    1.58   18.29   48.51   53.79    0.96
   35     18      5    1.64   46.93   85.23   28.03    0.84
   36      1      5    2.36   40.04   37.22   41.61    1.20
   37     39      4    1.32   53.33   50.16   45.97    0.79
   38     38      3    1.40   47.21   46.74   46.48    0.81
   39     42      2    1.27   68.83   58.90   34.73    0.70
   40     40      2    1.29   44.83   49.45   65.62    0.50
   41     36      2    1.38   64.25   76.45   30.18    0.49
   42     22      2    1.91   41.83   84.45   35.69    0.50
   43     41      1    1.40   35.83   78.45   36.18    0.00

Inter-group relationships
     g1     g2     n1     n2    dmin    davg   spread  ratio     x1      y1      z1      x2      y2      z2
      1      2    162    121    7.35   21.10   16.36    1.29   43.14   52.73   35.96   41.79   46.00   55.91
      1      3    162    110    4.24   21.37   16.60    1.29   43.14   52.73   35.96   57.81   41.69   25.02
      1      4    162     58    9.00   18.19   13.34    1.36   43.14   52.73   35.96   35.45   67.26   28.15
      1      5    162     51   11.66   23.60   16.31    1.45   43.14   52.73   35.96   54.49   72.81   41.00
      1      6    162     43   12.45   22.79   12.58    1.81   43.14   52.73   35.96   53.78   34.58   44.69
      1      7    162     38   19.95   30.21   12.32    2.45   43.14   52.73   35.96   48.92   78.67   50.35
      1      8    162     34   19.67   31.62   13.87    2.28   43.14   52.73   35.96   22.53   31.11   46.31
      1      9    162     34   13.34   17.81   11.85    1.50   43.14   52.73   35.96   43.14   39.92   23.59
      1     10    162     33   20.02   34.21   13.11    2.61   43.14   52.73   35.96   59.63   74.44   15.28
      1     11    162     31   16.52   21.39   13.98    1.53   43.14   52.73   35.96   39.91   56.86   15.22
      1     12    162     30   18.14   25.92   12.48    2.08   43.14   52.73   35.96   43.93   27.12   39.82
      1     13    162     25   26.98   40.04   13.14    3.05   43.14   52.73   35.96   54.79   91.03   37.08
      1     14    162     21    3.61   17.99   12.41    1.45   43.14   52.73   35.96   29.38   64.27   37.00
 groups           1          14  will be considered for merger
      1     15    162     21   15.30   29.59   12.22    2.42   43.14   52.73   35.96   68.53   38.18   40.39
      1     16    162     20   23.11   35.91   11.69    3.07   43.14   52.73   35.96   51.30   82.50   17.59
      1     17    162     17   14.07   24.92   11.63    2.14   43.14   52.73   35.96   18.71   51.06   40.58
      1     18    162     15   19.72   32.94   11.71    2.81   43.14   52.73   35.96   74.39   55.91   45.89
      1     19    162     14   23.35   30.19   11.73    2.57   43.14   52.73   35.96   44.47   61.89   64.70
      1     20    162     11   11.36   21.57   11.27    1.91   43.14   52.73   35.96   22.30   56.08   31.51
      1     21    162     11   16.28   24.09   11.30    2.13   43.14   52.73   35.96   49.00   58.99   13.44
      1     22    162      9   12.41   24.62   11.26    2.19   43.14   52.73   35.96   66.34   59.99   39.87
      1     23    162      9   22.74   33.57   11.56    2.90   43.14   52.73   35.96   14.82   39.96   48.66
      1     24    162      8   18.38   28.45   11.23    2.53   43.14   52.73   35.96   47.92   71.58   15.18
      1     25    162      7   18.55   28.50   11.36    2.51   43.14   52.73   35.96   58.72   54.81   12.18
      1     26    162      7   29.83   38.17   11.11    3.44   43.14   52.73   35.96   47.55   88.82   47.57
      1     27    162      6   13.08   24.05   11.12    2.16   43.14   52.73   35.96   19.89   58.69   34.50
      1     28    162      6   16.67   19.81   11.15    1.78   43.14   52.73   35.96   52.67   60.98   51.25
      1     29    162      6   17.12   23.89   11.19    2.13   43.14   52.73   35.96   43.25   62.55   14.18
      1     30    162      6   19.95   27.79   11.52    2.41   43.14   52.73   35.96   59.93   53.03   58.10
      1     31    162      5   19.34   23.91   11.90    2.01   43.14   52.73   35.96   51.28   69.04   51.44
      1     32    162      5   19.08   22.14   11.00    2.01   43.14   52.73   35.96   43.83   46.28   14.79
      1     33    162      5   17.46   23.43   10.96    2.14   43.14   52.73   35.96   40.20   57.86   58.63
      1     34    162      5   20.27   30.89   11.07    2.79   43.14   52.73   35.96   18.29   48.51   53.79
      1     35    162      5   23.39   33.66   10.95    3.07   43.14   52.73   35.96   46.93   85.23   28.03
      1     36    162      5   11.87   16.80   11.31    1.49   43.14   52.73   35.96   40.04   37.22   41.61
      1     37    162      4    6.63   14.51   10.90    1.33   43.14   52.73   35.96   53.33   50.16   45.97
      2      3    121    110   23.37   35.06   12.74    2.75   41.79   46.00   55.91   57.81   41.69   25.02
      2      4    121     58   23.43   35.53    9.48    3.75   41.79   46.00   55.91   35.45   67.26   28.15
      2      5    121     51   26.00   33.20   12.45    2.67   41.79   46.00   55.91   54.49   72.81   41.00
      2      6    121     43   12.88   20.01    8.72    2.29   41.79   46.00   55.91   53.78   34.58   44.69
      2      7    121     38   26.57   33.89    8.46    4.01   41.79   46.00   55.91   48.92   78.67   50.35
      2      8    121     34   17.23   26.18   10.01    2.61   41.79   46.00   55.91   22.53   31.11   46.31
      2      9    121     34   22.93   32.92    7.99    4.12   41.79   46.00   55.91   43.14   39.92   23.59
      2     10    121     33   44.60   52.70    9.25    5.70   41.79   46.00   55.91   59.63   74.44   15.28
      2     11    121     31   29.85   42.16   10.12    4.17   41.79   46.00   55.91   39.91   56.86   15.22
      2     12    121     30   19.72   24.90    8.62    2.89   41.79   46.00   55.91   43.93   27.12   39.82
      2     13    121     25   44.96   50.51    9.28    5.44   41.79   46.00   55.91   54.79   91.03   37.08
      2     14    121     21   17.94   29.07    8.55    3.40   41.79   46.00   55.91   29.38   64.27   37.00
      2     15    121     21   22.02   31.89    8.36    3.81   41.79   46.00   55.91   68.53   38.18   40.39
      2     16    121     20   45.79   53.77    7.83    6.87   41.79   46.00   55.91   51.30   82.50   17.59
      2     17    121     17   15.36   28.16    7.77    3.63   41.79   46.00   55.91   18.71   51.06   40.58
      2     18    121     15   29.43   35.51    7.85    4.52   41.79   46.00   55.91   74.39   55.91   45.89
      2     19    121     14   14.04   18.35    7.87    2.33   41.79   46.00   55.91   44.47   61.89   64.70
      2     20    121     11   20.10   32.81    7.41    4.43   41.79   46.00   55.91   22.30   56.08   31.51
      2     21    121     11   36.19   44.99    7.44    6.05   41.79   46.00   55.91   49.00   58.99   13.44
      2     22    121      9   27.46   32.49    7.40    4.39   41.79   46.00   55.91   66.34   59.99   39.87
      2     23    121      9   19.75   28.58    7.70    3.71   41.79   46.00   55.91   14.82   39.96   48.66
      2     24    121      8   39.86   48.48    7.37    6.58   41.79   46.00   55.91   47.92   71.58   15.18
      2     25    121      7   40.91   47.71    7.50    6.36   41.79   46.00   55.91   58.72   54.81   12.18
      2     26    121      7   39.87   44.00    7.25    6.07   41.79   46.00   55.91   47.55   88.82   47.57
      2     27    121      6   21.66   33.16    7.26    4.57   41.79   46.00   55.91   19.89   58.69   34.50
      2     28    121      6   16.52   19.09    7.29    2.62   41.79   46.00   55.91   52.67   60.98   51.25
      2     29    121      6   34.94   44.92    7.33    6.13   41.79   46.00   55.91   43.25   62.55   14.18
      2     30    121      6   14.56   19.58    7.66    2.56   41.79   46.00   55.91   59.93   53.03   58.10
      2     31    121      5   22.91   25.31    8.04    3.15   41.79   46.00   55.91   51.28   69.04   51.44
      2     32    121      5   31.78   41.17    7.14    5.76   41.79   46.00   55.91   43.83   46.28   14.79
      2     33    121      5   10.00   12.26    7.10    1.73   41.79   46.00   55.91   40.20   57.86   58.63
      2     34    121      5   16.00   23.73    7.21    3.29   41.79   46.00   55.91   18.29   48.51   53.79
      2     35    121      5   41.73   48.40    7.09    6.82   41.79   46.00   55.91   46.93   85.23   28.03
      2     36    121      5   10.25   16.88    7.45    2.27   41.79   46.00   55.91   40.04   37.22   41.61
      2     37    121      4   11.49   15.79    7.04    2.24   41.79   46.00   55.91   53.33   50.16   45.97
      3      4    110     58   25.34   34.11    9.72    3.51   57.81   41.69   25.02   35.45   67.26   28.15
      3      5    110     51   26.65   35.13   12.70    2.77   57.81   41.69   25.02   54.49   72.81   41.00
      3      6    110     43   12.08   21.30    8.97    2.38   57.81   41.69   25.02   53.78   34.58   44.69
      3      7    110     38   37.43   45.69    8.70    5.25   57.81   41.69   25.02   48.92   78.67   50.35
      3      8    110     34   32.66   42.54   10.25    4.15   57.81   41.69   25.02   22.53   31.11   46.31
      3      9    110     34    8.77   14.84    8.23    1.80   57.81   41.69   25.02   43.14   39.92   23.59
      3     10    110     33   24.23   34.22    9.49    3.61   57.81   41.69   25.02   59.63   74.44   15.28
      3     11    110     31   15.94   25.42   10.36    2.45   57.81   41.69   25.02   39.91   56.86   15.22
      3     12    110     30   11.36   24.98    8.87    2.82   57.81   41.69   25.02   43.93   27.12   39.82
      3     13    110     25   40.52   50.88    9.53    5.34   57.81   41.69   25.02   54.79   91.03   37.08
      3     14    110     21   31.45   38.23    8.79    4.35   57.81   41.69   25.02   29.38   64.27   37.00
      3     15    110     21   13.45   19.07    8.61    2.22   57.81   41.69   25.02   68.53   38.18   40.39
      3     16    110     20   32.63   41.99    8.07    5.20   57.81   41.69   25.02   51.30   82.50   17.59
      3     17    110     17   35.34   43.11    8.01    5.38   57.81   41.69   25.02   18.71   51.06   40.58
      3     18    110     15   24.72   30.21    8.10    3.73   57.81   41.69   25.02   74.39   55.91   45.89
      3     19    110     14   40.44   46.48    8.12    5.73   57.81   41.69   25.02   44.47   61.89   64.70
      3     20    110     11   32.79   38.86    7.66    5.08   57.81   41.69   25.02   22.30   56.08   31.51
      3     21    110     11   15.17   22.61    7.69    2.94   57.81   41.69   25.02   49.00   58.99   13.44
      3     22    110      9   19.39   25.06    7.64    3.28   57.81   41.69   25.02   66.34   59.99   39.87
      3     23    110      9   41.59   49.08    7.94    6.18   57.81   41.69   25.02   14.82   39.96   48.66
      3     24    110      8   24.74   32.98    7.62    4.33   57.81   41.69   25.02   47.92   71.58   15.18
      3     25    110      7    9.11   18.38    7.74    2.37   57.81   41.69   25.02   58.72   54.81   12.18
      3     26    110      7   46.83   53.25    7.49    7.11   57.81   41.69   25.02   47.55   88.82   47.57
      3     27    110      6   37.01   42.63    7.50    5.68   57.81   41.69   25.02   19.89   58.69   34.50
      3     28    110      6   28.34   32.96    7.53    4.38   57.81   41.69   25.02   52.67   60.98   51.25
      3     29    110      6   20.47   27.65    7.58    3.65   57.81   41.69   25.02   43.25   62.55   14.18
      3     30    110      6   30.23   35.03    7.90    4.43   57.81   41.69   25.02   59.93   53.03   58.10
      3     31    110      5   32.40   38.58    8.28    4.66   57.81   41.69   25.02   51.28   69.04   51.44
      3     32    110      5   15.13   17.91    7.39    2.43   57.81   41.69   25.02   43.83   46.28   14.79
      3     33    110      5   35.14   41.24    7.34    5.62   57.81   41.69   25.02   40.20   57.86   58.63
      3     34    110      5   42.20   49.36    7.45    6.62   57.81   41.69   25.02   18.29   48.51   53.79
      3     35    110      5   37.58   44.97    7.34    6.13   57.81   41.69   25.02   46.93   85.23   28.03
      3     36    110      5   17.09   24.72    7.69    3.21   57.81   41.69   25.02   40.04   37.22   41.61
      3     37    110      4   17.89   23.04    7.28    3.16   57.81   41.69   25.02   53.33   50.16   45.97
      4      5     58     51   13.08   23.63    9.43    2.51   35.45   67.26   28.15   54.49   72.81   41.00
      4      6     58     43   35.26   40.96    5.70    7.18   35.45   67.26   28.15   53.78   34.58   44.69
      4      7     58     38   20.07   28.36    5.44    5.21   35.45   67.26   28.15   48.92   78.67   50.35
      4      8     58     34   37.03   42.46    6.99    6.07   35.45   67.26   28.15   22.53   31.11   46.31
      4      9     58     34   23.43   28.77    4.97    5.79   35.45   67.26   28.15   43.14   39.92   23.59
      4     10     58     33   23.87   28.32    6.23    4.55   35.45   67.26   28.15   59.63   74.44   15.28
      4     11     58     31   12.53   17.18    7.10    2.42   35.45   67.26   28.15   39.91   56.86   15.22
      4     12     58     30   36.57   42.65    5.60    7.61   35.45   67.26   28.15   43.93   27.12   39.82
      4     13     58     25   26.55   31.92    6.26    5.10   35.45   67.26   28.15   54.79   91.03   37.08
      4     14     58     21    6.78   11.14    5.53    2.01   35.45   67.26   28.15   29.38   64.27   37.00
      4     15     58     21   40.44   45.71    5.34    8.56   35.45   67.26   28.15   68.53   38.18   40.39
      4     16     58     20   19.42   24.40    4.81    5.07   35.45   67.26   28.15   51.30   82.50   17.59
      4     17     58     17   22.56   26.40    4.75    5.56   35.45   67.26   28.15   18.71   51.06   40.58
      4     18     58     15   39.81   44.27    4.83    9.16   35.45   67.26   28.15   74.39   55.91   45.89
      4     19     58     14   32.33   38.02    4.85    7.83   35.45   67.26   28.15   44.47   61.89   64.70
      4     20     58     11   13.34   17.58    4.39    4.00   35.45   67.26   28.15   22.30   56.08   31.51
      4     21     58     11   18.79   21.64    4.42    4.89   35.45   67.26   28.15   49.00   58.99   13.44
      4     22     58      9   29.43   33.83    4.38    7.72   35.45   67.26   28.15   66.34   59.99   39.87
      4     23     58      9   36.14   39.89    4.68    8.52   35.45   67.26   28.15   14.82   39.96   48.66
      4     24     58      8   15.17   18.51    4.35    4.25   35.45   67.26   28.15   47.92   71.58   15.18
      4     25     58      7   27.15   30.85    4.48    6.89   35.45   67.26   28.15   58.72   54.81   12.18
      4     26     58      7   25.04   31.44    4.23    7.44   35.45   67.26   28.15   47.55   88.82   47.57
      4     27     58      6   14.35   18.86    4.24    4.45   35.45   67.26   28.15   19.89   58.69   34.50
      4     28     58      6   25.98   29.49    4.27    6.91   35.45   67.26   28.15   52.67   60.98   51.25
      4     29     58      6   13.96   16.68    4.31    3.87   35.45   67.26   28.15   43.25   62.55   14.18
      4     30     58      6   36.69   41.21    4.64    8.89   35.45   67.26   28.15   59.93   53.03   58.10
      4     31     58      5   23.43   28.22    5.02    5.62   35.45   67.26   28.15   51.28   69.04   51.44
      4     32     58      5   22.29   26.25    4.12    6.37   35.45   67.26   28.15   43.83   46.28   14.79
      4     33     58      5   27.73   32.24    4.08    7.90   35.45   67.26   28.15   40.20   57.86   58.63
      4     34     58      5   32.65   36.10    4.19    8.62   35.45   67.26   28.15   18.29   48.51   53.79
      4     35     58      5   17.15   21.32    4.07    5.24   35.45   67.26   28.15   46.93   85.23   28.03
      4     36     58      5   29.09   33.23    4.43    7.50   35.45   67.26   28.15   40.04   37.22   41.61
      4     37     58      4   26.61   30.48    4.02    7.59   35.45   67.26   28.15   53.33   50.16   45.97
      5      6     51     43   33.78   38.41    8.68    4.43   54.49   72.81   41.00   53.78   34.58   44.69
      5      7     51     38    8.12   12.36    8.41    1.47   54.49   72.81   41.00   48.92   78.67   50.35
      5      8     51     34   45.45   52.81    9.96    5.30   54.49   72.81   41.00   22.53   31.11   46.31
      5      9     51     34   33.24   38.90    7.94    4.90   54.49   72.81   41.00   43.14   39.92   23.59
      5     10     51     33   22.09   26.27    9.20    2.85   54.49   72.81   41.00   59.63   74.44   15.28
      5     11     51     31   27.29   33.63   10.07    3.34   54.49   72.81   41.00   39.91   56.86   15.22
      5     12     51     30   42.02   46.90    8.58    5.47   54.49   72.81   41.00   43.93   27.12   39.82
      5     13     51     25   15.52   18.64    9.24    2.02   54.49   72.81   41.00   54.79   91.03   37.08
      5     14     51     21   17.12   26.83    8.50    3.16   54.49   72.81   41.00   29.38   64.27   37.00
      5     15     51     21   31.64   37.37    8.32    4.49   54.49   72.81   41.00   68.53   38.18   40.39
      5     16     51     20   21.05   25.53    7.78    3.28   54.49   72.81   41.00   51.30   82.50   17.59
      5     17     51     17   34.21   41.87    7.72    5.42   54.49   72.81   41.00   18.71   51.06   40.58
      5     18     51     15   18.68   26.55    7.81    3.40   54.49   72.81   41.00   74.39   55.91   45.89
      5     19     51     14   24.49   27.96    7.83    3.57   54.49   72.81   41.00   44.47   61.89   64.70
      5     20     51     11   28.93   37.50    7.37    5.09   54.49   72.81   41.00   22.30   56.08   31.51
      5     21     51     11   25.96   31.31    7.40    4.23   54.49   72.81   41.00   49.00   58.99   13.44
      5     22     51      9   10.77   17.49    7.35    2.38   54.49   72.81   41.00   66.34   59.99   39.87
      5     23     51      9   44.59   52.07    7.65    6.80   54.49   72.81   41.00   14.82   39.96   48.66
      5     24     51      8   22.09   26.66    7.33    3.64   54.49   72.81   41.00   47.92   71.58   15.18
      5     25     51      7   29.77   34.23    7.45    4.59   54.49   72.81   41.00   58.72   54.81   12.18
      5     26     51      7   15.65   18.65    7.20    2.59   54.49   72.81   41.00   47.55   88.82   47.57
      5     27     51      6   29.82   37.94    7.21    5.26   54.49   72.81   41.00   19.89   58.69   34.50
      5     28     51      6   12.57   15.76    7.24    2.18   54.49   72.81   41.00   52.67   60.98   51.25
      5     29     51      6   24.78   30.83    7.29    4.23   54.49   72.81   41.00   43.25   62.55   14.18
      5     30     51      6   22.83   26.70    7.61    3.51   54.49   72.81   41.00   59.93   53.03   58.10
      5     31     51      5    7.55   11.56    7.99    1.45   54.49   72.81   41.00   51.28   69.04   51.44
      5     32     51      5   34.03   38.78    7.10    5.46   54.49   72.81   41.00   43.83   46.28   14.79
      5     33     51      5   22.52   27.18    7.05    3.85   54.49   72.81   41.00   40.20   57.86   58.63
      5     34     51      5   38.65   45.44    7.16    6.34   54.49   72.81   41.00   18.29   48.51   53.79
      5     35     51      5   14.90   19.49    7.05    2.77   54.49   72.81   41.00   46.93   85.23   28.03
      5     36     51      5   33.75   38.42    7.40    5.19   54.49   72.81   41.00   40.04   37.22   41.61
      5     37     51      4   21.19   23.21    6.99    3.32   54.49   72.81   41.00   53.33   50.16   45.97
      6      7     43     38   38.07   44.72    4.68    9.55   53.78   34.58   44.69   48.92   78.67   50.35
      6      8     43     34   26.02   31.49    6.24    5.05   53.78   34.58   44.69   22.53   31.11   46.31
      6      9     43     34   20.54   24.23    4.21    5.75   53.78   34.58   44.69   43.14   39.92   23.59
      6     10     43     33   44.33   49.88    5.47    9.12   53.78   34.58   44.69   59.63   74.44   15.28
      6     11     43     31   34.37   39.47    6.35    6.22   53.78   34.58   44.69   39.91   56.86   15.22
      6     12     43     30    6.00   13.28    4.85    2.74   53.78   34.58   44.69   43.93   27.12   39.82
 groups           6          12  will be considered for merger
      6     13     43     25   50.84   56.97    5.51   10.35   53.78   34.58   44.69   54.79   91.03   37.08
      6     14     43     21   35.41   39.20    4.77    8.21   53.78   34.58   44.69   29.38   64.27   37.00
      6     15     43     21   11.36   15.77    4.59    3.44   53.78   34.58   44.69   68.53   38.18   40.39
      6     16     43     20   50.29   55.11    4.06   13.59   53.78   34.58   44.69   51.30   82.50   17.59
      6     17     43     17   34.71   38.96    3.99    9.76   53.78   34.58   44.69   18.71   51.06   40.58
      6     18     43     15   24.76   29.68    4.08    7.28   53.78   34.58   44.69   74.39   55.91   45.89
      6     19     43     14   31.32   35.11    4.10    8.56   53.78   34.58   44.69   44.47   61.89   64.70
      6     20     43     11   37.78   40.34    3.64   11.09   53.78   34.58   44.69   22.30   56.08   31.51
      6     21     43     11   36.96   39.95    3.67   10.89   53.78   34.58   44.69   49.00   58.99   13.44
      6     22     43      9   24.49   28.76    3.63    7.93   53.78   34.58   44.69   66.34   59.99   39.87
      6     23     43      9   35.82   39.53    3.92   10.07   53.78   34.58   44.69   14.82   39.96   48.66
      6     24     43      8   44.34   47.69    3.60   13.25   53.78   34.58   44.69   47.92   71.58   15.18
      6     25     43      7   36.12   38.61    3.72   10.37   53.78   34.58   44.69   58.72   54.81   12.18
      6     26     43      7   51.39   54.68    3.47   15.74   53.78   34.58   44.69   47.55   88.82   47.57
      6     27     43      6   40.72   42.83    3.48   12.30   53.78   34.58   44.69   19.89   58.69   34.50
      6     28     43      6   23.62   27.23    3.52    7.75   53.78   34.58   44.69   52.67   60.98   51.25
      6     29     43      6   39.84   42.72    3.56   12.01   53.78   34.58   44.69   43.25   62.55   14.18
      6     30     43      6   19.62   23.63    3.88    6.09   53.78   34.58   44.69   59.93   53.03   58.10
      6     31     43      5   31.40   35.20    4.26    8.26   53.78   34.58   44.69   51.28   69.04   51.44
      6     32     43      5   31.29   33.62    3.37    9.98   53.78   34.58   44.69   43.83   46.28   14.79
      6     33     43      5   27.66   30.34    3.32    9.13   53.78   34.58   44.69   40.20   57.86   58.63
      6     34     43      5   36.24   39.20    3.43   11.42   53.78   34.58   44.69   18.29   48.51   53.79
      6     35     43      5   50.29   53.76    3.32   16.21   53.78   34.58   44.69   46.93   85.23   28.03
      6     36     43      5   11.49   14.33    3.67    3.90   53.78   34.58   44.69   40.04   37.22   41.61
      6     37     43      4   12.21   15.65    3.26    4.80   53.78   34.58   44.69   53.33   50.16   45.97
      7      8     38     34   47.51   54.54    5.97    9.14   48.92   78.67   50.35   22.53   31.11   46.31
      7      9     38     34   41.45   47.44    3.95   12.01   48.92   78.67   50.35   43.14   39.92   23.59
      7     10     38     33   33.00   36.90    5.21    7.09   48.92   78.67   50.35   59.63   74.44   15.28
      7     11     38     31   38.07   42.31    6.08    6.96   48.92   78.67   50.35   39.91   56.86   15.22
      7     12     38     30   46.10   52.85    4.58   11.53   48.92   78.67   50.35   43.93   27.12   39.82
      7     13     38     25   15.52   19.06    5.24    3.64   48.92   78.67   50.35   54.79   91.03   37.08
      7     14     38     21   19.67   27.70    4.51    6.14   48.92   78.67   50.35   29.38   64.27   37.00
      7     15     38     21   40.91   46.07    4.32   10.66   48.92   78.67   50.35   68.53   38.18   40.39
      7     16     38     20   29.44   33.06    3.79    8.72   48.92   78.67   50.35   51.30   82.50   17.59
      7     17     38     17   36.28   42.07    3.73   11.29   48.92   78.67   50.35   18.71   51.06   40.58
      7     18     38     15   30.87   34.44    3.81    9.04   48.92   78.67   50.35   74.39   55.91   45.89
      7     19     38     14   19.21   22.53    3.83    5.87   48.92   78.67   50.35   44.47   61.89   64.70
      7     20     38     11   33.79   39.67    3.37   11.76   48.92   78.67   50.35   22.30   56.08   31.51
      7     21     38     11   38.13   41.82    3.40   12.29   48.92   78.67   50.35   49.00   58.99   13.44
      7     22     38      9   24.52   27.60    3.36    8.21   48.92   78.67   50.35   66.34   59.99   39.87
      7     23     38      9   45.28   51.62    3.66   14.11   48.92   78.67   50.35   14.82   39.96   48.66
      7     24     38      8   33.54   35.88    3.33   10.77   48.92   78.67   50.35   47.92   71.58   15.18
      7     25     38      7   42.59   46.06    3.46   13.32   48.92   78.67   50.35   58.72   54.81   12.18
      7     26     38      7    8.54   10.62    3.21    3.31   48.92   78.67   50.35   47.55   88.82   47.57
      7     27     38      6   33.56   38.64    3.22   12.02   48.92   78.67   50.35   19.89   58.69   34.50
      7     28     38      6   14.25   18.10    3.25    5.57   48.92   78.67   50.35   52.67   60.98   51.25
      7     29     38      6   36.18   40.00    3.29   12.15   48.92   78.67   50.35   43.25   62.55   14.18
      7     30     38      6   25.48   28.95    3.62    8.01   48.92   78.67   50.35   59.93   53.03   58.10
      7     31     38      5    7.00    9.97    4.00    2.50   48.92   78.67   50.35   51.28   69.04   51.44
      7     32     38      5   44.15   48.36    3.10   15.59   48.92   78.67   50.35   43.83   46.28   14.79
      7     33     38      5   19.31   24.03    3.06    7.86   48.92   78.67   50.35   40.20   57.86   58.63
      7     34     38      5   37.87   43.13    3.17   13.61   48.92   78.67   50.35   18.29   48.51   53.79
      7     35     38      5   20.71   23.35    3.05    7.65   48.92   78.67   50.35   46.93   85.23   28.03
      7     36     38      5   37.16   43.28    3.41   12.70   48.92   78.67   50.35   40.04   37.22   41.61
      7     37     38      4   24.92   29.17    3.00    9.73   48.92   78.67   50.35   53.33   50.16   45.97
      8      9     34     34   27.17   31.92    5.50    5.80   22.53   31.11   46.31   43.14   39.92   23.59
      8     10     34     33   59.89   64.94    6.76    9.61   22.53   31.11   46.31   59.63   74.44   15.28
      8     11     34     31   38.48   43.96    7.63    5.76   22.53   31.11   46.31   39.91   56.86   15.22
      8     12     34     30   16.97   22.72    6.14    3.70   22.53   31.11   46.31   43.93   27.12   39.82
      8     13     34     25   64.41   68.68    6.79   10.11   22.53   31.11   46.31   54.79   91.03   37.08
      8     14     34     21   31.72   35.12    6.06    5.79   22.53   31.11   46.31   29.38   64.27   37.00
      8     15     34     21   42.40   46.91    5.87    7.99   22.53   31.11   46.31   68.53   38.18   40.39
      8     16     34     20   61.73   65.53    5.34   12.27   22.53   31.11   46.31   51.30   82.50   17.59
      8     17     34     17   18.28   21.10    5.28    4.00   22.53   31.11   46.31   18.71   51.06   40.58
      8     18     34     15   53.71   57.48    5.36   10.72   22.53   31.11   46.31   74.39   55.91   45.89
      8     19     34     14   38.00   42.03    5.39    7.80   22.53   31.11   46.31   44.47   61.89   64.70
      8     20     34     11   25.94   29.03    4.92    5.90   22.53   31.11   46.31   22.30   56.08   31.51
      8     21     34     11   46.73   50.58    4.95   10.21   22.53   31.11   46.31   49.00   58.99   13.44
      8     22     34      9   48.52   52.87    4.91   10.76   22.53   31.11   46.31   66.34   59.99   39.87
      8     23     34      9    9.00   11.97    5.21    2.30   22.53   31.11   46.31   14.82   39.96   48.66
      8     24     34      8   53.60   57.02    4.88   11.67   22.53   31.11   46.31   47.92   71.58   15.18
      8     25     34      7   51.59   55.10    5.01   11.00   22.53   31.11   46.31   58.72   54.81   12.18
      8     26     34      7   60.17   62.92    4.76   13.22   22.53   31.11   46.31   47.55   88.82   47.57
      8     27     34      6   27.00   30.12    4.77    6.32   22.53   31.11   46.31   19.89   58.69   34.50
      8     28     34      6   39.22   42.72    4.80    8.90   22.53   31.11   46.31   52.67   60.98   51.25
      8     29     34      6   46.49   49.50    4.84   10.22   22.53   31.11   46.31   43.25   62.55   14.18
      8     30     34      6   41.45   44.93    5.17    8.69   22.53   31.11   46.31   59.93   53.03   58.10
      8     31     34      5   44.96   47.87    5.55    8.63   22.53   31.11   46.31   51.28   69.04   51.44
      8     32     34      5   37.68   40.95    4.65    8.80   22.53   31.11   46.31   43.83   46.28   14.79
      8     33     34      5   31.46   34.35    4.61    7.45   22.53   31.11   46.31   40.20   57.86   58.63
      8     34     34      5   16.52   19.41    4.72    4.11   22.53   31.11   46.31   18.29   48.51   53.79
      8     35     34      5   58.97   62.12    4.60   13.49   22.53   31.11   46.31   46.93   85.23   28.03
      8     36     34      5   14.87   19.13    4.96    3.86   22.53   31.11   46.31   40.04   37.22   41.61
      8     37     34      4   32.76   36.22    4.55    7.96   22.53   31.11   46.31   53.33   50.16   45.97
      9     10     34     33   34.26   39.15    4.74    8.26   43.14   39.92   23.59   59.63   74.44   15.28
      9     11     34     31   13.56   19.17    5.61    3.42   43.14   39.92   23.59   39.91   56.86   15.22
      9     12     34     30   15.84   20.69    4.11    5.03   43.14   39.92   23.59   43.93   27.12   39.82
      9     13     34     25   48.80   54.13    4.77   11.34   43.14   39.92   23.59   54.79   91.03   37.08
      9     14     34     21   27.46   31.02    4.04    7.68   43.14   39.92   23.59   29.38   64.27   37.00
      9     15     34     21   27.80   30.49    3.85    7.92   43.14   39.92   23.59   68.53   38.18   40.39
      9     16     34     20   40.12   43.77    3.32   13.18   43.14   39.92   23.59   51.30   82.50   17.59
      9     17     34     17   28.60   31.77    3.26    9.75   43.14   39.92   23.59   18.71   51.06   40.58
      9     18     34     15   38.29   41.59    3.34   12.44   43.14   39.92   23.59   74.39   55.91   45.89
      9     19     34     14   44.72   46.63    3.36   13.86   43.14   39.92   23.59   44.47   61.89   64.70
      9     20     34     11   25.20   27.54    2.90    9.49   43.14   39.92   23.59   22.30   56.08   31.51
      9     21     34     11   19.82   22.39    2.93    7.64   43.14   39.92   23.59   49.00   58.99   13.44
      9     22     34      9   31.30   34.73    2.89   12.01   43.14   39.92   23.59   66.34   59.99   39.87
      9     23     34      9   34.73   37.82    3.19   11.86   43.14   39.92   23.59   14.82   39.96   48.66
      9     24     34      8   30.23   33.10    2.86   11.56   43.14   39.92   23.59   47.92   71.58   15.18
      9     25     34      7   21.42   24.39    2.99    8.16   43.14   39.92   23.59   58.72   54.81   12.18
      9     26     34      7   52.36   54.65    2.74   19.96   43.14   39.92   23.59   47.55   88.82   47.57
      9     27     34      6   29.55   31.82    2.75   11.59   43.14   39.92   23.59   19.89   58.69   34.50
      9     28     34      6   33.75   36.05    2.78   12.97   43.14   39.92   23.59   52.67   60.98   51.25
      9     29     34      6   21.93   24.51    2.82    8.69   43.14   39.92   23.59   43.25   62.55   14.18
      9     30     34      6   37.80   40.56    3.15   12.89   43.14   39.92   23.59   59.93   53.03   58.10
      9     31     34      5   37.46   41.11    3.53   11.65   43.14   39.92   23.59   51.28   69.04   51.44
      9     32     34      5    8.72   10.88    2.63    4.13   43.14   39.92   23.59   43.83   46.28   14.79
      9     33     34      5   37.60   39.47    2.59   15.24   43.14   39.92   23.59   40.20   57.86   58.63
      9     34     34      5   37.34   40.05    2.70   14.84   43.14   39.92   23.59   18.29   48.51   53.79
      9     35     34      5   43.23   45.68    2.58   17.69   43.14   39.92   23.59   46.93   85.23   28.03
      9     36     34      5   16.16   18.49    2.94    6.29   43.14   39.92   23.59   40.04   37.22   41.61
      9     37     34      4   24.56   26.64    2.53   10.54   43.14   39.92   23.59   53.33   50.16   45.97
     10     11     33     31   21.24   26.41    6.87    3.85   59.63   74.44   15.28   39.91   56.86   15.22
     10     12     33     30   49.00   55.57    5.37   10.34   59.63   74.44   15.28   43.93   27.12   39.82
     10     13     33     25   21.49   27.81    6.03    4.61   59.63   74.44   15.28   54.79   91.03   37.08
     10     14     33     21   35.51   38.60    5.30    7.29   59.63   74.44   15.28   29.38   64.27   37.00
     10     15     33     21   40.46   45.00    5.11    8.80   59.63   74.44   15.28   68.53   38.18   40.39
     10     16     33     20    5.39   11.81    4.58    2.58   59.63   74.44   15.28   51.30   82.50   17.59
 groups          10          16  will be considered for merger
     10     17     33     17   50.75   53.48    4.52   11.84   59.63   74.44   15.28   18.71   51.06   40.58
     10     18     33     15   33.96   38.71    4.60    8.41   59.63   74.44   15.28   74.39   55.91   45.89
     10     19     33     14   50.72   53.19    4.62   11.50   59.63   74.44   15.28   44.47   61.89   64.70
     10     20     33     11   42.07   44.65    4.16   10.73   59.63   74.44   15.28   22.30   56.08   31.51
     10     21     33     11   15.75   18.84    4.19    4.50   59.63   74.44   15.28   49.00   58.99   13.44
     10     22     33      9   25.98   29.29    4.15    7.06   59.63   74.44   15.28   66.34   59.99   39.87
     10     23     33      9   62.62   65.65    4.45   14.76   59.63   74.44   15.28   14.82   39.96   48.66
     10     24     33      8    9.54   12.05    4.12    2.92   59.63   74.44   15.28   47.92   71.58   15.18
     10     25     33      7   15.59   19.89    4.25    4.69   59.63   74.44   15.28   58.72   54.81   12.18
     10     26     33      7   34.10   37.35    4.00    9.34   59.63   74.44   15.28   47.55   88.82   47.57
     10     27     33      6   44.15   46.87    4.01   11.70   59.63   74.44   15.28   19.89   58.69   34.50
     10     28     33      6   36.12   39.03    4.04    9.66   59.63   74.44   15.28   52.67   60.98   51.25
     10     29     33      6   18.38   20.27    4.08    4.97   59.63   74.44   15.28   43.25   62.55   14.18
     10     30     33      6   44.78   47.87    4.41   10.87   59.63   74.44   15.28   59.93   53.03   58.10
     10     31     33      5   34.09   37.50    4.79    7.84   59.63   74.44   15.28   51.28   69.04   51.44
     10     32     33      5   29.22   32.30    3.89    8.30   59.63   74.44   15.28   43.83   46.28   14.79
     10     33     33      5   47.90   50.31    3.85   13.07   59.63   74.44   15.28   40.20   57.86   58.63
     10     34     33      5   59.82   62.17    3.96   15.71   59.63   74.44   15.28   18.29   48.51   53.79
     10     35     33      5   17.46   20.97    3.84    5.46   59.63   74.44   15.28   46.93   85.23   28.03
     10     36     33      5   46.11   49.62    4.20   11.82   59.63   74.44   15.28   40.04   37.22   41.61
     10     37     33      4   36.30   39.63    3.79   10.47   59.63   74.44   15.28   53.33   50.16   45.97
     11     12     31     30   31.64   38.80    6.25    6.21   39.91   56.86   15.22   43.93   27.12   39.82
     11     13     31     25   38.79   43.20    6.90    6.26   39.91   56.86   15.22   54.79   91.03   37.08
     11     14     31     21   21.21   25.30    6.17    4.10   39.91   56.86   15.22   29.38   64.27   37.00
     11     15     31     21   37.50   42.44    5.98    7.09   39.91   56.86   15.22   68.53   38.18   40.39
     11     16     31     20   24.37   28.15    5.45    5.16   39.91   56.86   15.22   51.30   82.50   17.59
     11     17     31     17   31.03   33.56    5.39    6.23   39.91   56.86   15.22   18.71   51.06   40.58
     11     18     31     15   41.01   46.15    5.47    8.43   39.91   56.86   15.22   74.39   55.91   45.89
     11     19     31     14   47.56   49.94    5.50    9.09   39.91   56.86   15.22   44.47   61.89   64.70
     11     20     31     11   21.31   24.00    5.03    4.77   39.91   56.86   15.22   22.30   56.08   31.51
     11     21     31     11    3.46    9.50    5.06    1.88   39.91   56.86   15.22   49.00   58.99   13.44
 groups          11          21  will be considered for merger
site groups connected   44.83   56.45   15.18  15    3.00   3   3   5
                        45.83   57.45   14.18
 successful merge of groups          11          21
Number of site groups found =    42

  Group  index  size  score     x       y       z     stdev
    1      9    162    1.50   43.14   52.73   35.96   10.11
    2     11    121    1.52   41.79   46.00   55.91    6.25
    3      2    110    1.54   57.81   41.69   25.02    6.49
    4      7     58    1.52   35.45   67.26   28.15    3.23
    5     15     51    1.45   54.49   72.81   41.00    6.20
    6      3     43    1.54   53.78   34.58   44.69    2.47
    7      5     42    1.75   41.95   57.34   14.82    5.26
    8     19     38    1.41   48.92   78.67   50.35    2.21
    9      8     34    1.80   22.53   31.11   46.31    3.76
   10      6     34    1.70   43.14   39.92   23.59    1.74
   11     16     33    1.51   59.63   74.44   15.28    3.00
   12     24     30    1.45   43.93   27.12   39.82    2.37
   13     14     25    1.46   54.79   91.03   37.08    3.03
   14     29     21    1.38   29.38   64.27   37.00    2.30
   15     27     21    1.34   68.53   38.18   40.39    2.11
   16     13     20    1.60   51.30   82.50   17.59    1.58
   17     10     17    1.67   18.71   51.06   40.58    1.52
   18     36     15    1.31   74.39   55.91   45.89    1.60
   19     23     14    1.53   44.47   61.89   64.70    1.63
   20     26     11    1.49   22.30   56.08   31.51    1.16
   21     32      9    1.41   66.34   59.99   39.87    1.15
   22     17      9    1.50   14.82   39.96   48.66    1.45
   23     33      8    1.41   47.92   71.58   15.18    1.12
   24     30      7    1.49   58.72   54.81   12.18    1.25
   25     28      7    1.41   47.55   88.82   47.57    1.00
   26     31      6    1.42   19.89   58.69   34.50    1.01
   27     22      6    1.54   52.67   60.98   51.25    1.04
   28     12      6    1.60   43.25   62.55   14.18    1.08
   29      4      6    1.94   59.93   53.03   58.10    1.41
   30     42      5    1.22   51.28   69.04   51.44    1.79
   31     34      5    1.41   43.83   46.28   14.79    0.89
   32     25      5    1.63   40.20   57.86   58.63    0.85
   33     20      5    1.58   18.29   48.51   53.79    0.96
   34     18      5    1.64   46.93   85.23   28.03    0.84
   35      1      5    2.36   40.04   37.22   41.61    1.20
   36     38      4    1.32   53.33   50.16   45.97    0.79
   37     37      3    1.40   47.21   46.74   46.48    0.81
   38     41      2    1.27   68.83   58.90   34.73    0.70
   39     39      2    1.29   44.83   49.45   65.62    0.50
   40     35      2    1.38   64.25   76.45   30.18    0.49
   41     21      2    1.91   41.83   84.45   35.69    0.50
   42     40      1    1.40   35.83   78.45   36.18    0.00

Inter-group relationships
     g1     g2     n1     n2    dmin    davg   spread  ratio     x1      y1      z1      x2      y2      z2
      1      2    162    121    7.35   21.10   16.36    1.29   43.14   52.73   35.96   41.79   46.00   55.91
      1      3    162    110    4.24   21.37   16.60    1.29   43.14   52.73   35.96   57.81   41.69   25.02
      1      4    162     58    9.00   18.19   13.34    1.36   43.14   52.73   35.96   35.45   67.26   28.15
      1      5    162     51   11.66   23.60   16.31    1.45   43.14   52.73   35.96   54.49   72.81   41.00
      1      6    162     43   12.45   22.79   12.58    1.81   43.14   52.73   35.96   53.78   34.58   44.69
      1      7    162     42   16.28   21.66   15.37    1.41   43.14   52.73   35.96   41.95   57.34   14.82
      1      8    162     38   19.95   30.21   12.32    2.45   43.14   52.73   35.96   48.92   78.67   50.35
      1      9    162     34   19.67   31.62   13.87    2.28   43.14   52.73   35.96   22.53   31.11   46.31
      1     10    162     34   13.34   17.81   11.85    1.50   43.14   52.73   35.96   43.14   39.92   23.59
      1     11    162     33   20.02   34.21   13.11    2.61   43.14   52.73   35.96   59.63   74.44   15.28
      1     12    162     30   18.14   25.92   12.48    2.08   43.14   52.73   35.96   43.93   27.12   39.82
      1     13    162     25   26.98   40.04   13.14    3.05   43.14   52.73   35.96   54.79   91.03   37.08
      1     14    162     21    3.61   17.99   12.41    1.45   43.14   52.73   35.96   29.38   64.27   37.00
 groups           1          14  will be considered for merger
      1     15    162     21   15.30   29.59   12.22    2.42   43.14   52.73   35.96   68.53   38.18   40.39
      1     16    162     20   23.11   35.91   11.69    3.07   43.14   52.73   35.96   51.30   82.50   17.59
      1     17    162     17   14.07   24.92   11.63    2.14   43.14   52.73   35.96   18.71   51.06   40.58
      1     18    162     15   19.72   32.94   11.71    2.81   43.14   52.73   35.96   74.39   55.91   45.89
      1     19    162     14   23.35   30.19   11.73    2.57   43.14   52.73   35.96   44.47   61.89   64.70
      1     20    162     11   11.36   21.57   11.27    1.91   43.14   52.73   35.96   22.30   56.08   31.51
      1     21    162      9   12.41   24.62   11.26    2.19   43.14   52.73   35.96   66.34   59.99   39.87
      1     22    162      9   22.74   33.57   11.56    2.90   43.14   52.73   35.96   14.82   39.96   48.66
      1     23    162      8   18.38   28.45   11.23    2.53   43.14   52.73   35.96   47.92   71.58   15.18
      1     24    162      7   18.55   28.50   11.36    2.51   43.14   52.73   35.96   58.72   54.81   12.18
      1     25    162      7   29.83   38.17   11.11    3.44   43.14   52.73   35.96   47.55   88.82   47.57
      1     26    162      6   13.08   24.05   11.12    2.16   43.14   52.73   35.96   19.89   58.69   34.50
      1     27    162      6   16.67   19.81   11.15    1.78   43.14   52.73   35.96   52.67   60.98   51.25
      1     28    162      6   17.12   23.89   11.19    2.13   43.14   52.73   35.96   43.25   62.55   14.18
      1     29    162      6   19.95   27.79   11.52    2.41   43.14   52.73   35.96   59.93   53.03   58.10
      1     30    162      5   19.34   23.91   11.90    2.01   43.14   52.73   35.96   51.28   69.04   51.44
      1     31    162      5   19.08   22.14   11.00    2.01   43.14   52.73   35.96   43.83   46.28   14.79
      1     32    162      5   17.46   23.43   10.96    2.14   43.14   52.73   35.96   40.20   57.86   58.63
      1     33    162      5   20.27   30.89   11.07    2.79   43.14   52.73   35.96   18.29   48.51   53.79
      1     34    162      5   23.39   33.66   10.95    3.07   43.14   52.73   35.96   46.93   85.23   28.03
      1     35    162      5   11.87   16.80   11.31    1.49   43.14   52.73   35.96   40.04   37.22   41.61
      1     36    162      4    6.63   14.51   10.90    1.33   43.14   52.73   35.96   53.33   50.16   45.97
      2      3    121    110   23.37   35.06   12.74    2.75   41.79   46.00   55.91   57.81   41.69   25.02
      2      4    121     58   23.43   35.53    9.48    3.75   41.79   46.00   55.91   35.45   67.26   28.15
      2      5    121     51   26.00   33.20   12.45    2.67   41.79   46.00   55.91   54.49   72.81   41.00
      2      6    121     43   12.88   20.01    8.72    2.29   41.79   46.00   55.91   53.78   34.58   44.69
      2      7    121     42   29.85   42.63   11.51    3.70   41.79   46.00   55.91   41.95   57.34   14.82
      2      8    121     38   26.57   33.89    8.46    4.01   41.79   46.00   55.91   48.92   78.67   50.35
      2      9    121     34   17.23   26.18   10.01    2.61   41.79   46.00   55.91   22.53   31.11   46.31
      2     10    121     34   22.93   32.92    7.99    4.12   41.79   46.00   55.91   43.14   39.92   23.59
      2     11    121     33   44.60   52.70    9.25    5.70   41.79   46.00   55.91   59.63   74.44   15.28
      2     12    121     30   19.72   24.90    8.62    2.89   41.79   46.00   55.91   43.93   27.12   39.82
      2     13    121     25   44.96   50.51    9.28    5.44   41.79   46.00   55.91   54.79   91.03   37.08
      2     14    121     21   17.94   29.07    8.55    3.40   41.79   46.00   55.91   29.38   64.27   37.00
      2     15    121     21   22.02   31.89    8.36    3.81   41.79   46.00   55.91   68.53   38.18   40.39
      2     16    121     20   45.79   53.77    7.83    6.87   41.79   46.00   55.91   51.30   82.50   17.59
      2     17    121     17   15.36   28.16    7.77    3.63   41.79   46.00   55.91   18.71   51.06   40.58
      2     18    121     15   29.43   35.51    7.85    4.52   41.79   46.00   55.91   74.39   55.91   45.89
      2     19    121     14   14.04   18.35    7.87    2.33   41.79   46.00   55.91   44.47   61.89   64.70
      2     20    121     11   20.10   32.81    7.41    4.43   41.79   46.00   55.91   22.30   56.08   31.51
      2     21    121      9   27.46   32.49    7.40    4.39   41.79   46.00   55.91   66.34   59.99   39.87
      2     22    121      9   19.75   28.58    7.70    3.71   41.79   46.00   55.91   14.82   39.96   48.66
      2     23    121      8   39.86   48.48    7.37    6.58   41.79   46.00   55.91   47.92   71.58   15.18
      2     24    121      7   40.91   47.71    7.50    6.36   41.79   46.00   55.91   58.72   54.81   12.18
      2     25    121      7   39.87   44.00    7.25    6.07   41.79   46.00   55.91   47.55   88.82   47.57
      2     26    121      6   21.66   33.16    7.26    4.57   41.79   46.00   55.91   19.89   58.69   34.50
      2     27    121      6   16.52   19.09    7.29    2.62   41.79   46.00   55.91   52.67   60.98   51.25
      2     28    121      6   34.94   44.92    7.33    6.13   41.79   46.00   55.91   43.25   62.55   14.18
      2     29    121      6   14.56   19.58    7.66    2.56   41.79   46.00   55.91   59.93   53.03   58.10
      2     30    121      5   22.91   25.31    8.04    3.15   41.79   46.00   55.91   51.28   69.04   51.44
      2     31    121      5   31.78   41.17    7.14    5.76   41.79   46.00   55.91   43.83   46.28   14.79
      2     32    121      5   10.00   12.26    7.10    1.73   41.79   46.00   55.91   40.20   57.86   58.63
      2     33    121      5   16.00   23.73    7.21    3.29   41.79   46.00   55.91   18.29   48.51   53.79
      2     34    121      5   41.73   48.40    7.09    6.82   41.79   46.00   55.91   46.93   85.23   28.03
      2     35    121      5   10.25   16.88    7.45    2.27   41.79   46.00   55.91   40.04   37.22   41.61
      2     36    121      4   11.49   15.79    7.04    2.24   41.79   46.00   55.91   53.33   50.16   45.97
      3      4    110     58   25.34   34.11    9.72    3.51   57.81   41.69   25.02   35.45   67.26   28.15
      3      5    110     51   26.65   35.13   12.70    2.77   57.81   41.69   25.02   54.49   72.81   41.00
      3      6    110     43   12.08   21.30    8.97    2.38   57.81   41.69   25.02   53.78   34.58   44.69
      3      7    110     42   15.17   24.50   11.75    2.08   57.81   41.69   25.02   41.95   57.34   14.82
      3      8    110     38   37.43   45.69    8.70    5.25   57.81   41.69   25.02   48.92   78.67   50.35
      3      9    110     34   32.66   42.54   10.25    4.15   57.81   41.69   25.02   22.53   31.11   46.31
      3     10    110     34    8.77   14.84    8.23    1.80   57.81   41.69   25.02   43.14   39.92   23.59
      3     11    110     33   24.23   34.22    9.49    3.61   57.81   41.69   25.02   59.63   74.44   15.28
      3     12    110     30   11.36   24.98    8.87    2.82   57.81   41.69   25.02   43.93   27.12   39.82
      3     13    110     25   40.52   50.88    9.53    5.34   57.81   41.69   25.02   54.79   91.03   37.08
      3     14    110     21   31.45   38.23    8.79    4.35   57.81   41.69   25.02   29.38   64.27   37.00
      3     15    110     21   13.45   19.07    8.61    2.22   57.81   41.69   25.02   68.53   38.18   40.39
      3     16    110     20   32.63   41.99    8.07    5.20   57.81   41.69   25.02   51.30   82.50   17.59
      3     17    110     17   35.34   43.11    8.01    5.38   57.81   41.69   25.02   18.71   51.06   40.58
      3     18    110     15   24.72   30.21    8.10    3.73   57.81   41.69   25.02   74.39   55.91   45.89
      3     19    110     14   40.44   46.48    8.12    5.73   57.81   41.69   25.02   44.47   61.89   64.70
      3     20    110     11   32.79   38.86    7.66    5.08   57.81   41.69   25.02   22.30   56.08   31.51
      3     21    110      9   19.39   25.06    7.64    3.28   57.81   41.69   25.02   66.34   59.99   39.87
      3     22    110      9   41.59   49.08    7.94    6.18   57.81   41.69   25.02   14.82   39.96   48.66
      3     23    110      8   24.74   32.98    7.62    4.33   57.81   41.69   25.02   47.92   71.58   15.18
      3     24    110      7    9.11   18.38    7.74    2.37   57.81   41.69   25.02   58.72   54.81   12.18
      3     25    110      7   46.83   53.25    7.49    7.11   57.81   41.69   25.02   47.55   88.82   47.57
      3     26    110      6   37.01   42.63    7.50    5.68   57.81   41.69   25.02   19.89   58.69   34.50
      3     27    110      6   28.34   32.96    7.53    4.38   57.81   41.69   25.02   52.67   60.98   51.25
      3     28    110      6   20.47   27.65    7.58    3.65   57.81   41.69   25.02   43.25   62.55   14.18
      3     29    110      6   30.23   35.03    7.90    4.43   57.81   41.69   25.02   59.93   53.03   58.10
      3     30    110      5   32.40   38.58    8.28    4.66   57.81   41.69   25.02   51.28   69.04   51.44
      3     31    110      5   15.13   17.91    7.39    2.43   57.81   41.69   25.02   43.83   46.28   14.79
      3     32    110      5   35.14   41.24    7.34    5.62   57.81   41.69   25.02   40.20   57.86   58.63
      3     33    110      5   42.20   49.36    7.45    6.62   57.81   41.69   25.02   18.29   48.51   53.79
      3     34    110      5   37.58   44.97    7.34    6.13   57.81   41.69   25.02   46.93   85.23   28.03
      3     35    110      5   17.09   24.72    7.69    3.21   57.81   41.69   25.02   40.04   37.22   41.61
      3     36    110      4   17.89   23.04    7.28    3.16   57.81   41.69   25.02   53.33   50.16   45.97
      4      5     58     51   13.08   23.63    9.43    2.51   35.45   67.26   28.15   54.49   72.81   41.00
      4      6     58     43   35.26   40.96    5.70    7.18   35.45   67.26   28.15   53.78   34.58   44.69
      4      7     58     42   12.53   17.85    8.49    2.10   35.45   67.26   28.15   41.95   57.34   14.82
      4      8     58     38   20.07   28.36    5.44    5.21   35.45   67.26   28.15   48.92   78.67   50.35
      4      9     58     34   37.03   42.46    6.99    6.07   35.45   67.26   28.15   22.53   31.11   46.31
      4     10     58     34   23.43   28.77    4.97    5.79   35.45   67.26   28.15   43.14   39.92   23.59
      4     11     58     33   23.87   28.32    6.23    4.55   35.45   67.26   28.15   59.63   74.44   15.28
      4     12     58     30   36.57   42.65    5.60    7.61   35.45   67.26   28.15   43.93   27.12   39.82
      4     13     58     25   26.55   31.92    6.26    5.10   35.45   67.26   28.15   54.79   91.03   37.08
      4     14     58     21    6.78   11.14    5.53    2.01   35.45   67.26   28.15   29.38   64.27   37.00
      4     15     58     21   40.44   45.71    5.34    8.56   35.45   67.26   28.15   68.53   38.18   40.39
      4     16     58     20   19.42   24.40    4.81    5.07   35.45   67.26   28.15   51.30   82.50   17.59
      4     17     58     17   22.56   26.40    4.75    5.56   35.45   67.26   28.15   18.71   51.06   40.58
      4     18     58     15   39.81   44.27    4.83    9.16   35.45   67.26   28.15   74.39   55.91   45.89
      4     19     58     14   32.33   38.02    4.85    7.83   35.45   67.26   28.15   44.47   61.89   64.70
      4     20     58     11   13.34   17.58    4.39    4.00   35.45   67.26   28.15   22.30   56.08   31.51
      4     21     58      9   29.43   33.83    4.38    7.72   35.45   67.26   28.15   66.34   59.99   39.87
      4     22     58      9   36.14   39.89    4.68    8.52   35.45   67.26   28.15   14.82   39.96   48.66
      4     23     58      8   15.17   18.51    4.35    4.25   35.45   67.26   28.15   47.92   71.58   15.18
      4     24     58      7   27.15   30.85    4.48    6.89   35.45   67.26   28.15   58.72   54.81   12.18
      4     25     58      7   25.04   31.44    4.23    7.44   35.45   67.26   28.15   47.55   88.82   47.57
      4     26     58      6   14.35   18.86    4.24    4.45   35.45   67.26   28.15   19.89   58.69   34.50
      4     27     58      6   25.98   29.49    4.27    6.91   35.45   67.26   28.15   52.67   60.98   51.25
      4     28     58      6   13.96   16.68    4.31    3.87   35.45   67.26   28.15   43.25   62.55   14.18
      4     29     58      6   36.69   41.21    4.64    8.89   35.45   67.26   28.15   59.93   53.03   58.10
      4     30     58      5   23.43   28.22    5.02    5.62   35.45   67.26   28.15   51.28   69.04   51.44
      4     31     58      5   22.29   26.25    4.12    6.37   35.45   67.26   28.15   43.83   46.28   14.79
      4     32     58      5   27.73   32.24    4.08    7.90   35.45   67.26   28.15   40.20   57.86   58.63
      4     33     58      5   32.65   36.10    4.19    8.62   35.45   67.26   28.15   18.29   48.51   53.79
      4     34     58      5   17.15   21.32    4.07    5.24   35.45   67.26   28.15   46.93   85.23   28.03
      4     35     58      5   29.09   33.23    4.43    7.50   35.45   67.26   28.15   40.04   37.22   41.61
      4     36     58      4   26.61   30.48    4.02    7.59   35.45   67.26   28.15   53.33   50.16   45.97
      5      6     51     43   33.78   38.41    8.68    4.43   54.49   72.81   41.00   53.78   34.58   44.69
      5      7     51     42   25.96   32.89   11.46    2.87   54.49   72.81   41.00   41.95   57.34   14.82
      5      8     51     38    8.12   12.36    8.41    1.47   54.49   72.81   41.00   48.92   78.67   50.35
      5      9     51     34   45.45   52.81    9.96    5.30   54.49   72.81   41.00   22.53   31.11   46.31
      5     10     51     34   33.24   38.90    7.94    4.90   54.49   72.81   41.00   43.14   39.92   23.59
      5     11     51     33   22.09   26.27    9.20    2.85   54.49   72.81   41.00   59.63   74.44   15.28
      5     12     51     30   42.02   46.90    8.58    5.47   54.49   72.81   41.00   43.93   27.12   39.82
      5     13     51     25   15.52   18.64    9.24    2.02   54.49   72.81   41.00   54.79   91.03   37.08
      5     14     51     21   17.12   26.83    8.50    3.16   54.49   72.81   41.00   29.38   64.27   37.00
      5     15     51     21   31.64   37.37    8.32    4.49   54.49   72.81   41.00   68.53   38.18   40.39
      5     16     51     20   21.05   25.53    7.78    3.28   54.49   72.81   41.00   51.30   82.50   17.59
      5     17     51     17   34.21   41.87    7.72    5.42   54.49   72.81   41.00   18.71   51.06   40.58
      5     18     51     15   18.68   26.55    7.81    3.40   54.49   72.81   41.00   74.39   55.91   45.89
      5     19     51     14   24.49   27.96    7.83    3.57   54.49   72.81   41.00   44.47   61.89   64.70
      5     20     51     11   28.93   37.50    7.37    5.09   54.49   72.81   41.00   22.30   56.08   31.51
      5     21     51      9   10.77   17.49    7.35    2.38   54.49   72.81   41.00   66.34   59.99   39.87
      5     22     51      9   44.59   52.07    7.65    6.80   54.49   72.81   41.00   14.82   39.96   48.66
      5     23     51      8   22.09   26.66    7.33    3.64   54.49   72.81   41.00   47.92   71.58   15.18
      5     24     51      7   29.77   34.23    7.45    4.59   54.49   72.81   41.00   58.72   54.81   12.18
      5     25     51      7   15.65   18.65    7.20    2.59   54.49   72.81   41.00   47.55   88.82   47.57
      5     26     51      6   29.82   37.94    7.21    5.26   54.49   72.81   41.00   19.89   58.69   34.50
      5     27     51      6   12.57   15.76    7.24    2.18   54.49   72.81   41.00   52.67   60.98   51.25
      5     28     51      6   24.78   30.83    7.29    4.23   54.49   72.81   41.00   43.25   62.55   14.18
      5     29     51      6   22.83   26.70    7.61    3.51   54.49   72.81   41.00   59.93   53.03   58.10
      5     30     51      5    7.55   11.56    7.99    1.45   54.49   72.81   41.00   51.28   69.04   51.44
      5     31     51      5   34.03   38.78    7.10    5.46   54.49   72.81   41.00   43.83   46.28   14.79
      5     32     51      5   22.52   27.18    7.05    3.85   54.49   72.81   41.00   40.20   57.86   58.63
      5     33     51      5   38.65   45.44    7.16    6.34   54.49   72.81   41.00   18.29   48.51   53.79
      5     34     51      5   14.90   19.49    7.05    2.77   54.49   72.81   41.00   46.93   85.23   28.03
      5     35     51      5   33.75   38.42    7.40    5.19   54.49   72.81   41.00   40.04   37.22   41.61
      5     36     51      4   21.19   23.21    6.99    3.32   54.49   72.81   41.00   53.33   50.16   45.97
      6      7     43     42   34.37   39.38    7.73    5.09   53.78   34.58   44.69   41.95   57.34   14.82
      6      8     43     38   38.07   44.72    4.68    9.55   53.78   34.58   44.69   48.92   78.67   50.35
      6      9     43     34   26.02   31.49    6.24    5.05   53.78   34.58   44.69   22.53   31.11   46.31
      6     10     43     34   20.54   24.23    4.21    5.75   53.78   34.58   44.69   43.14   39.92   23.59
      6     11     43     33   44.33   49.88    5.47    9.12   53.78   34.58   44.69   59.63   74.44   15.28
      6     12     43     30    6.00   13.28    4.85    2.74   53.78   34.58   44.69   43.93   27.12   39.82
 groups           6          12  will be considered for merger
      6     13     43     25   50.84   56.97    5.51   10.35   53.78   34.58   44.69   54.79   91.03   37.08
      6     14     43     21   35.41   39.20    4.77    8.21   53.78   34.58   44.69   29.38   64.27   37.00
      6     15     43     21   11.36   15.77    4.59    3.44   53.78   34.58   44.69   68.53   38.18   40.39
      6     16     43     20   50.29   55.11    4.06   13.59   53.78   34.58   44.69   51.30   82.50   17.59
      6     17     43     17   34.71   38.96    3.99    9.76   53.78   34.58   44.69   18.71   51.06   40.58
      6     18     43     15   24.76   29.68    4.08    7.28   53.78   34.58   44.69   74.39   55.91   45.89
      6     19     43     14   31.32   35.11    4.10    8.56   53.78   34.58   44.69   44.47   61.89   64.70
      6     20     43     11   37.78   40.34    3.64   11.09   53.78   34.58   44.69   22.30   56.08   31.51
      6     21     43      9   24.49   28.76    3.63    7.93   53.78   34.58   44.69   66.34   59.99   39.87
      6     22     43      9   35.82   39.53    3.92   10.07   53.78   34.58   44.69   14.82   39.96   48.66
      6     23     43      8   44.34   47.69    3.60   13.25   53.78   34.58   44.69   47.92   71.58   15.18
      6     24     43      7   36.12   38.61    3.72   10.37   53.78   34.58   44.69   58.72   54.81   12.18
      6     25     43      7   51.39   54.68    3.47   15.74   53.78   34.58   44.69   47.55   88.82   47.57
      6     26     43      6   40.72   42.83    3.48   12.30   53.78   34.58   44.69   19.89   58.69   34.50
      6     27     43      6   23.62   27.23    3.52    7.75   53.78   34.58   44.69   52.67   60.98   51.25
      6     28     43      6   39.84   42.72    3.56   12.01   53.78   34.58   44.69   43.25   62.55   14.18
      6     29     43      6   19.62   23.63    3.88    6.09   53.78   34.58   44.69   59.93   53.03   58.10
      6     30     43      5   31.40   35.20    4.26    8.26   53.78   34.58   44.69   51.28   69.04   51.44
      6     31     43      5   31.29   33.62    3.37    9.98   53.78   34.58   44.69   43.83   46.28   14.79
      6     32     43      5   27.66   30.34    3.32    9.13   53.78   34.58   44.69   40.20   57.86   58.63
      6     33     43      5   36.24   39.20    3.43   11.42   53.78   34.58   44.69   18.29   48.51   53.79
      6     34     43      5   50.29   53.76    3.32   16.21   53.78   34.58   44.69   46.93   85.23   28.03
      6     35     43      5   11.49   14.33    3.67    3.90   53.78   34.58   44.69   40.04   37.22   41.61
      6     36     43      4   12.21   15.65    3.26    4.80   53.78   34.58   44.69   53.33   50.16   45.97
      7      8     42     38   38.07   42.02    7.47    5.63   41.95   57.34   14.82   48.92   78.67   50.35
      7      9     42     34   38.48   45.35    9.02    5.03   41.95   57.34   14.82   22.53   31.11   46.31
      7     10     42     34   13.56   19.54    7.00    2.79   41.95   57.34   14.82   43.14   39.92   23.59
      7     11     42     33   15.75   24.60    8.26    2.98   41.95   57.34   14.82   59.63   74.44   15.28
      7     12     42     30   31.64   39.27    7.63    5.14   41.95   57.34   14.82   43.93   27.12   39.82
      7     13     42     25   35.69   42.37    8.29    5.11   41.95   57.34   14.82   54.79   91.03   37.08
      7     14     42     21   21.21   26.42    7.56    3.50   41.95   57.34   14.82   29.38   64.27   37.00
      7     15     42     21   37.01   41.56    7.37    5.64   41.95   57.34   14.82   68.53   38.18   40.39
      7     16     42     20   21.59   26.98    6.84    3.95   41.95   57.34   14.82   51.30   82.50   17.59
      7     17     42     17   31.03   35.26    6.78    5.20   41.95   57.34   14.82   18.71   51.06   40.58
      7     18     42     15   38.47   44.94    6.86    6.55   41.95   57.34   14.82   74.39   55.91   45.89
      7     19     42     14   47.56   50.15    6.88    7.29   41.95   57.34   14.82   44.47   61.89   64.70
      7     20     42     11   21.31   25.81    6.42    4.02   41.95   57.34   14.82   22.30   56.08   31.51
      7     21     42      9   30.02   35.06    6.41    5.47   41.95   57.34   14.82   66.34   59.99   39.87
      7     22     42      9   41.89   46.72    6.71    6.97   41.95   57.34   14.82   14.82   39.96   48.66
      7     23     42      8   11.05   15.44    6.38    2.42   41.95   57.34   14.82   47.92   71.58   15.18
      7     24     42      7    8.31   17.16    6.51    2.64   41.95   57.34   14.82   58.72   54.81   12.18
      7     25     42      7   43.68   45.77    6.26    7.31   41.95   57.34   14.82   47.55   88.82   47.57
      7     26     42      6   24.84   29.60    6.26    4.72   41.95   57.34   14.82   19.89   58.69   34.50
      7     27     42      6   35.48   38.15    6.30    6.06   41.95   57.34   14.82   52.67   60.98   51.25
      7     28     42      6    4.36    5.41    6.34    0.85   41.95   57.34   14.82   43.25   62.55   14.18
 groups           7          28  will be considered for merger
site groups connected   45.83   59.45   13.18  19    2.00   5   4   3
                        44.83   60.45   13.18
 successful merge of groups           7          28
Number of site groups found =    41

  Group  index  size  score     x       y       z     stdev
    1      9    162    1.50   43.14   52.73   35.96   10.11
    2     11    121    1.52   41.79   46.00   55.91    6.25
    3      2    110    1.54   57.81   41.69   25.02    6.49
    4      7     58    1.52   35.45   67.26   28.15    3.23
    5     14     51    1.45   54.49   72.81   41.00    6.20
    6      5     48    1.73   42.10   57.94   14.75    5.25
    7      3     43    1.54   53.78   34.58   44.69    2.47
    8     18     38    1.41   48.92   78.67   50.35    2.21
    9      8     34    1.80   22.53   31.11   46.31    3.76
   10      6     34    1.70   43.14   39.92   23.59    1.74
   11     15     33    1.51   59.63   74.44   15.28    3.00
   12     23     30    1.45   43.93   27.12   39.82    2.37
   13     13     25    1.46   54.79   91.03   37.08    3.03
   14     28     21    1.38   29.38   64.27   37.00    2.30
   15     26     21    1.34   68.53   38.18   40.39    2.11
   16     12     20    1.60   51.30   82.50   17.59    1.58
   17     10     17    1.67   18.71   51.06   40.58    1.52
   18     35     15    1.31   74.39   55.91   45.89    1.60
   19     22     14    1.53   44.47   61.89   64.70    1.63
   20     25     11    1.49   22.30   56.08   31.51    1.16
   21     31      9    1.41   66.34   59.99   39.87    1.15
   22     16      9    1.50   14.82   39.96   48.66    1.45
   23     32      8    1.41   47.92   71.58   15.18    1.12
   24     29      7    1.49   58.72   54.81   12.18    1.25
   25     27      7    1.41   47.55   88.82   47.57    1.00
   26     30      6    1.42   19.89   58.69   34.50    1.01
   27     21      6    1.54   52.67   60.98   51.25    1.04
   28      4      6    1.94   59.93   53.03   58.10    1.41
   29     41      5    1.22   51.28   69.04   51.44    1.79
   30     33      5    1.41   43.83   46.28   14.79    0.89
   31     24      5    1.63   40.20   57.86   58.63    0.85
   32     19      5    1.58   18.29   48.51   53.79    0.96
   33     17      5    1.64   46.93   85.23   28.03    0.84
   34      1      5    2.36   40.04   37.22   41.61    1.20
   35     37      4    1.32   53.33   50.16   45.97    0.79
   36     36      3    1.40   47.21   46.74   46.48    0.81
   37     40      2    1.27   68.83   58.90   34.73    0.70
   38     38      2    1.29   44.83   49.45   65.62    0.50
   39     34      2    1.38   64.25   76.45   30.18    0.49
   40     20      2    1.91   41.83   84.45   35.69    0.50
   41     39      1    1.40   35.83   78.45   36.18    0.00

Inter-group relationships
     g1     g2     n1     n2    dmin    davg   spread  ratio     x1      y1      z1      x2      y2      z2
      1      2    162    121    7.35   21.10   16.36    1.29   43.14   52.73   35.96   41.79   46.00   55.91
      1      3    162    110    4.24   21.37   16.60    1.29   43.14   52.73   35.96   57.81   41.69   25.02
      1      4    162     58    9.00   18.19   13.34    1.36   43.14   52.73   35.96   35.45   67.26   28.15
      1      5    162     51   11.66   23.60   16.31    1.45   43.14   52.73   35.96   54.49   72.81   41.00
      1      6    162     48   16.28   21.86   15.36    1.42   43.14   52.73   35.96   42.10   57.94   14.75
      1      7    162     43   12.45   22.79   12.58    1.81   43.14   52.73   35.96   53.78   34.58   44.69
      1      8    162     38   19.95   30.21   12.32    2.45   43.14   52.73   35.96   48.92   78.67   50.35
      1      9    162     34   19.67   31.62   13.87    2.28   43.14   52.73   35.96   22.53   31.11   46.31
      1     10    162     34   13.34   17.81   11.85    1.50   43.14   52.73   35.96   43.14   39.92   23.59
      1     11    162     33   20.02   34.21   13.11    2.61   43.14   52.73   35.96   59.63   74.44   15.28
      1     12    162     30   18.14   25.92   12.48    2.08   43.14   52.73   35.96   43.93   27.12   39.82
      1     13    162     25   26.98   40.04   13.14    3.05   43.14   52.73   35.96   54.79   91.03   37.08
      1     14    162     21    3.61   17.99   12.41    1.45   43.14   52.73   35.96   29.38   64.27   37.00
 groups           1          14  will be considered for merger
      1     15    162     21   15.30   29.59   12.22    2.42   43.14   52.73   35.96   68.53   38.18   40.39
      1     16    162     20   23.11   35.91   11.69    3.07   43.14   52.73   35.96   51.30   82.50   17.59
      1     17    162     17   14.07   24.92   11.63    2.14   43.14   52.73   35.96   18.71   51.06   40.58
      1     18    162     15   19.72   32.94   11.71    2.81   43.14   52.73   35.96   74.39   55.91   45.89
      1     19    162     14   23.35   30.19   11.73    2.57   43.14   52.73   35.96   44.47   61.89   64.70
      1     20    162     11   11.36   21.57   11.27    1.91   43.14   52.73   35.96   22.30   56.08   31.51
      1     21    162      9   12.41   24.62   11.26    2.19   43.14   52.73   35.96   66.34   59.99   39.87
      1     22    162      9   22.74   33.57   11.56    2.90   43.14   52.73   35.96   14.82   39.96   48.66
      1     23    162      8   18.38   28.45   11.23    2.53   43.14   52.73   35.96   47.92   71.58   15.18
      1     24    162      7   18.55   28.50   11.36    2.51   43.14   52.73   35.96   58.72   54.81   12.18
      1     25    162      7   29.83   38.17   11.11    3.44   43.14   52.73   35.96   47.55   88.82   47.57
      1     26    162      6   13.08   24.05   11.12    2.16   43.14   52.73   35.96   19.89   58.69   34.50
      1     27    162      6   16.67   19.81   11.15    1.78   43.14   52.73   35.96   52.67   60.98   51.25
      1     28    162      6   19.95   27.79   11.52    2.41   43.14   52.73   35.96   59.93   53.03   58.10
      1     29    162      5   19.34   23.91   11.90    2.01   43.14   52.73   35.96   51.28   69.04   51.44
      1     30    162      5   19.08   22.14   11.00    2.01   43.14   52.73   35.96   43.83   46.28   14.79
      1     31    162      5   17.46   23.43   10.96    2.14   43.14   52.73   35.96   40.20   57.86   58.63
      1     32    162      5   20.27   30.89   11.07    2.79   43.14   52.73   35.96   18.29   48.51   53.79
      1     33    162      5   23.39   33.66   10.95    3.07   43.14   52.73   35.96   46.93   85.23   28.03
      1     34    162      5   11.87   16.80   11.31    1.49   43.14   52.73   35.96   40.04   37.22   41.61
      1     35    162      4    6.63   14.51   10.90    1.33   43.14   52.73   35.96   53.33   50.16   45.97
      2      3    121    110   23.37   35.06   12.74    2.75   41.79   46.00   55.91   57.81   41.69   25.02
      2      4    121     58   23.43   35.53    9.48    3.75   41.79   46.00   55.91   35.45   67.26   28.15
      2      5    121     51   26.00   33.20   12.45    2.67   41.79   46.00   55.91   54.49   72.81   41.00
      2      6    121     48   29.85   42.86   11.50    3.73   41.79   46.00   55.91   42.10   57.94   14.75
      2      7    121     43   12.88   20.01    8.72    2.29   41.79   46.00   55.91   53.78   34.58   44.69
      2      8    121     38   26.57   33.89    8.46    4.01   41.79   46.00   55.91   48.92   78.67   50.35
      2      9    121     34   17.23   26.18   10.01    2.61   41.79   46.00   55.91   22.53   31.11   46.31
      2     10    121     34   22.93   32.92    7.99    4.12   41.79   46.00   55.91   43.14   39.92   23.59
      2     11    121     33   44.60   52.70    9.25    5.70   41.79   46.00   55.91   59.63   74.44   15.28
      2     12    121     30   19.72   24.90    8.62    2.89   41.79   46.00   55.91   43.93   27.12   39.82
      2     13    121     25   44.96   50.51    9.28    5.44   41.79   46.00   55.91   54.79   91.03   37.08
      2     14    121     21   17.94   29.07    8.55    3.40   41.79   46.00   55.91   29.38   64.27   37.00
      2     15    121     21   22.02   31.89    8.36    3.81   41.79   46.00   55.91   68.53   38.18   40.39
      2     16    121     20   45.79   53.77    7.83    6.87   41.79   46.00   55.91   51.30   82.50   17.59
      2     17    121     17   15.36   28.16    7.77    3.63   41.79   46.00   55.91   18.71   51.06   40.58
      2     18    121     15   29.43   35.51    7.85    4.52   41.79   46.00   55.91   74.39   55.91   45.89
      2     19    121     14   14.04   18.35    7.87    2.33   41.79   46.00   55.91   44.47   61.89   64.70
      2     20    121     11   20.10   32.81    7.41    4.43   41.79   46.00   55.91   22.30   56.08   31.51
      2     21    121      9   27.46   32.49    7.40    4.39   41.79   46.00   55.91   66.34   59.99   39.87
      2     22    121      9   19.75   28.58    7.70    3.71   41.79   46.00   55.91   14.82   39.96   48.66
      2     23    121      8   39.86   48.48    7.37    6.58   41.79   46.00   55.91   47.92   71.58   15.18
      2     24    121      7   40.91   47.71    7.50    6.36   41.79   46.00   55.91   58.72   54.81   12.18
      2     25    121      7   39.87   44.00    7.25    6.07   41.79   46.00   55.91   47.55   88.82   47.57
      2     26    121      6   21.66   33.16    7.26    4.57   41.79   46.00   55.91   19.89   58.69   34.50
      2     27    121      6   16.52   19.09    7.29    2.62   41.79   46.00   55.91   52.67   60.98   51.25
      2     28    121      6   14.56   19.58    7.66    2.56   41.79   46.00   55.91   59.93   53.03   58.10
      2     29    121      5   22.91   25.31    8.04    3.15   41.79   46.00   55.91   51.28   69.04   51.44
      2     30    121      5   31.78   41.17    7.14    5.76   41.79   46.00   55.91   43.83   46.28   14.79
      2     31    121      5   10.00   12.26    7.10    1.73   41.79   46.00   55.91   40.20   57.86   58.63
      2     32    121      5   16.00   23.73    7.21    3.29   41.79   46.00   55.91   18.29   48.51   53.79
      2     33    121      5   41.73   48.40    7.09    6.82   41.79   46.00   55.91   46.93   85.23   28.03
      2     34    121      5   10.25   16.88    7.45    2.27   41.79   46.00   55.91   40.04   37.22   41.61
      2     35    121      4   11.49   15.79    7.04    2.24   41.79   46.00   55.91   53.33   50.16   45.97
      3      4    110     58   25.34   34.11    9.72    3.51   57.81   41.69   25.02   35.45   67.26   28.15
      3      5    110     51   26.65   35.13   12.70    2.77   57.81   41.69   25.02   54.49   72.81   41.00
      3      6    110     48   15.17   24.82   11.74    2.11   57.81   41.69   25.02   42.10   57.94   14.75
      3      7    110     43   12.08   21.30    8.97    2.38   57.81   41.69   25.02   53.78   34.58   44.69
      3      8    110     38   37.43   45.69    8.70    5.25   57.81   41.69   25.02   48.92   78.67   50.35
      3      9    110     34   32.66   42.54   10.25    4.15   57.81   41.69   25.02   22.53   31.11   46.31
      3     10    110     34    8.77   14.84    8.23    1.80   57.81   41.69   25.02   43.14   39.92   23.59
      3     11    110     33   24.23   34.22    9.49    3.61   57.81   41.69   25.02   59.63   74.44   15.28
      3     12    110     30   11.36   24.98    8.87    2.82   57.81   41.69   25.02   43.93   27.12   39.82
      3     13    110     25   40.52   50.88    9.53    5.34   57.81   41.69   25.02   54.79   91.03   37.08
      3     14    110     21   31.45   38.23    8.79    4.35   57.81   41.69   25.02   29.38   64.27   37.00
      3     15    110     21   13.45   19.07    8.61    2.22   57.81   41.69   25.02   68.53   38.18   40.39
      3     16    110     20   32.63   41.99    8.07    5.20   57.81   41.69   25.02   51.30   82.50   17.59
      3     17    110     17   35.34   43.11    8.01    5.38   57.81   41.69   25.02   18.71   51.06   40.58
      3     18    110     15   24.72   30.21    8.10    3.73   57.81   41.69   25.02   74.39   55.91   45.89
      3     19    110     14   40.44   46.48    8.12    5.73   57.81   41.69   25.02   44.47   61.89   64.70
      3     20    110     11   32.79   38.86    7.66    5.08   57.81   41.69   25.02   22.30   56.08   31.51
      3     21    110      9   19.39   25.06    7.64    3.28   57.81   41.69   25.02   66.34   59.99   39.87
      3     22    110      9   41.59   49.08    7.94    6.18   57.81   41.69   25.02   14.82   39.96   48.66
      3     23    110      8   24.74   32.98    7.62    4.33   57.81   41.69   25.02   47.92   71.58   15.18
      3     24    110      7    9.11   18.38    7.74    2.37   57.81   41.69   25.02   58.72   54.81   12.18
      3     25    110      7   46.83   53.25    7.49    7.11   57.81   41.69   25.02   47.55   88.82   47.57
      3     26    110      6   37.01   42.63    7.50    5.68   57.81   41.69   25.02   19.89   58.69   34.50
      3     27    110      6   28.34   32.96    7.53    4.38   57.81   41.69   25.02   52.67   60.98   51.25
      3     28    110      6   30.23   35.03    7.90    4.43   57.81   41.69   25.02   59.93   53.03   58.10
      3     29    110      5   32.40   38.58    8.28    4.66   57.81   41.69   25.02   51.28   69.04   51.44
      3     30    110      5   15.13   17.91    7.39    2.43   57.81   41.69   25.02   43.83   46.28   14.79
      3     31    110      5   35.14   41.24    7.34    5.62   57.81   41.69   25.02   40.20   57.86   58.63
      3     32    110      5   42.20   49.36    7.45    6.62   57.81   41.69   25.02   18.29   48.51   53.79
      3     33    110      5   37.58   44.97    7.34    6.13   57.81   41.69   25.02   46.93   85.23   28.03
      3     34    110      5   17.09   24.72    7.69    3.21   57.81   41.69   25.02   40.04   37.22   41.61
      3     35    110      4   17.89   23.04    7.28    3.16   57.81   41.69   25.02   53.33   50.16   45.97
      4      5     58     51   13.08   23.63    9.43    2.51   35.45   67.26   28.15   54.49   72.81   41.00
      4      6     58     48   12.53   17.63    8.48    2.08   35.45   67.26   28.15   42.10   57.94   14.75
      4      7     58     43   35.26   40.96    5.70    7.18   35.45   67.26   28.15   53.78   34.58   44.69
      4      8     58     38   20.07   28.36    5.44    5.21   35.45   67.26   28.15   48.92   78.67   50.35
      4      9     58     34   37.03   42.46    6.99    6.07   35.45   67.26   28.15   22.53   31.11   46.31
      4     10     58     34   23.43   28.77    4.97    5.79   35.45   67.26   28.15   43.14   39.92   23.59
      4     11     58     33   23.87   28.32    6.23    4.55   35.45   67.26   28.15   59.63   74.44   15.28
      4     12     58     30   36.57   42.65    5.60    7.61   35.45   67.26   28.15   43.93   27.12   39.82
      4     13     58     25   26.55   31.92    6.26    5.10   35.45   67.26   28.15   54.79   91.03   37.08
      4     14     58     21    6.78   11.14    5.53    2.01   35.45   67.26   28.15   29.38   64.27   37.00
      4     15     58     21   40.44   45.71    5.34    8.56   35.45   67.26   28.15   68.53   38.18   40.39
      4     16     58     20   19.42   24.40    4.81    5.07   35.45   67.26   28.15   51.30   82.50   17.59
      4     17     58     17   22.56   26.40    4.75    5.56   35.45   67.26   28.15   18.71   51.06   40.58
      4     18     58     15   39.81   44.27    4.83    9.16   35.45   67.26   28.15   74.39   55.91   45.89
      4     19     58     14   32.33   38.02    4.85    7.83   35.45   67.26   28.15   44.47   61.89   64.70
      4     20     58     11   13.34   17.58    4.39    4.00   35.45   67.26   28.15   22.30   56.08   31.51
      4     21     58      9   29.43   33.83    4.38    7.72   35.45   67.26   28.15   66.34   59.99   39.87
      4     22     58      9   36.14   39.89    4.68    8.52   35.45   67.26   28.15   14.82   39.96   48.66
      4     23     58      8   15.17   18.51    4.35    4.25   35.45   67.26   28.15   47.92   71.58   15.18
      4     24     58      7   27.15   30.85    4.48    6.89   35.45   67.26   28.15   58.72   54.81   12.18
      4     25     58      7   25.04   31.44    4.23    7.44   35.45   67.26   28.15   47.55   88.82   47.57
      4     26     58      6   14.35   18.86    4.24    4.45   35.45   67.26   28.15   19.89   58.69   34.50
      4     27     58      6   25.98   29.49    4.27    6.91   35.45   67.26   28.15   52.67   60.98   51.25
      4     28     58      6   36.69   41.21    4.64    8.89   35.45   67.26   28.15   59.93   53.03   58.10
      4     29     58      5   23.43   28.22    5.02    5.62   35.45   67.26   28.15   51.28   69.04   51.44
      4     30     58      5   22.29   26.25    4.12    6.37   35.45   67.26   28.15   43.83   46.28   14.79
      4     31     58      5   27.73   32.24    4.08    7.90   35.45   67.26   28.15   40.20   57.86   58.63
      4     32     58      5   32.65   36.10    4.19    8.62   35.45   67.26   28.15   18.29   48.51   53.79
      4     33     58      5   17.15   21.32    4.07    5.24   35.45   67.26   28.15   46.93   85.23   28.03
      4     34     58      5   29.09   33.23    4.43    7.50   35.45   67.26   28.15   40.04   37.22   41.61
      4     35     58      4   26.61   30.48    4.02    7.59   35.45   67.26   28.15   53.33   50.16   45.97
      5      6     51     48   24.78   32.61   11.45    2.85   54.49   72.81   41.00   42.10   57.94   14.75
      5      7     51     43   33.78   38.41    8.68    4.43   54.49   72.81   41.00   53.78   34.58   44.69
      5      8     51     38    8.12   12.36    8.41    1.47   54.49   72.81   41.00   48.92   78.67   50.35
      5      9     51     34   45.45   52.81    9.96    5.30   54.49   72.81   41.00   22.53   31.11   46.31
      5     10     51     34   33.24   38.90    7.94    4.90   54.49   72.81   41.00   43.14   39.92   23.59
      5     11     51     33   22.09   26.27    9.20    2.85   54.49   72.81   41.00   59.63   74.44   15.28
      5     12     51     30   42.02   46.90    8.58    5.47   54.49   72.81   41.00   43.93   27.12   39.82
      5     13     51     25   15.52   18.64    9.24    2.02   54.49   72.81   41.00   54.79   91.03   37.08
      5     14     51     21   17.12   26.83    8.50    3.16   54.49   72.81   41.00   29.38   64.27   37.00
      5     15     51     21   31.64   37.37    8.32    4.49   54.49   72.81   41.00   68.53   38.18   40.39
      5     16     51     20   21.05   25.53    7.78    3.28   54.49   72.81   41.00   51.30   82.50   17.59
      5     17     51     17   34.21   41.87    7.72    5.42   54.49   72.81   41.00   18.71   51.06   40.58
      5     18     51     15   18.68   26.55    7.81    3.40   54.49   72.81   41.00   74.39   55.91   45.89
      5     19     51     14   24.49   27.96    7.83    3.57   54.49   72.81   41.00   44.47   61.89   64.70
      5     20     51     11   28.93   37.50    7.37    5.09   54.49   72.81   41.00   22.30   56.08   31.51
      5     21     51      9   10.77   17.49    7.35    2.38   54.49   72.81   41.00   66.34   59.99   39.87
      5     22     51      9   44.59   52.07    7.65    6.80   54.49   72.81   41.00   14.82   39.96   48.66
      5     23     51      8   22.09   26.66    7.33    3.64   54.49   72.81   41.00   47.92   71.58   15.18
      5     24     51      7   29.77   34.23    7.45    4.59   54.49   72.81   41.00   58.72   54.81   12.18
      5     25     51      7   15.65   18.65    7.20    2.59   54.49   72.81   41.00   47.55   88.82   47.57
      5     26     51      6   29.82   37.94    7.21    5.26   54.49   72.81   41.00   19.89   58.69   34.50
      5     27     51      6   12.57   15.76    7.24    2.18   54.49   72.81   41.00   52.67   60.98   51.25
      5     28     51      6   22.83   26.70    7.61    3.51   54.49   72.81   41.00   59.93   53.03   58.10
      5     29     51      5    7.55   11.56    7.99    1.45   54.49   72.81   41.00   51.28   69.04   51.44
      5     30     51      5   34.03   38.78    7.10    5.46   54.49   72.81   41.00   43.83   46.28   14.79
      5     31     51      5   22.52   27.18    7.05    3.85   54.49   72.81   41.00   40.20   57.86   58.63
      5     32     51      5   38.65   45.44    7.16    6.34   54.49   72.81   41.00   18.29   48.51   53.79
      5     33     51      5   14.90   19.49    7.05    2.77   54.49   72.81   41.00   46.93   85.23   28.03
      5     34     51      5   33.75   38.42    7.40    5.19   54.49   72.81   41.00   40.04   37.22   41.61
      5     35     51      4   21.19   23.21    6.99    3.32   54.49   72.81   41.00   53.33   50.16   45.97
      6      7     48     43   34.37   39.74    7.73    5.14   42.10   57.94   14.75   53.78   34.58   44.69
      6      8     48     38   36.18   41.75    7.46    5.60   42.10   57.94   14.75   48.92   78.67   50.35
      6      9     48     34   38.48   45.82    9.01    5.08   42.10   57.94   14.75   22.53   31.11   46.31
      6     10     48     34   13.56   20.10    6.99    2.88   42.10   57.94   14.75   43.14   39.92   23.59
      6     11     48     33   15.75   24.08    8.25    2.92   42.10   57.94   14.75   59.63   74.44   15.28
      6     12     48     30   31.64   39.77    7.63    5.22   42.10   57.94   14.75   43.93   27.12   39.82
      6     13     48     25   34.55   41.88    8.28    5.06   42.10   57.94   14.75   54.79   91.03   37.08
      6     14     48     21   21.21   26.41    7.55    3.50   42.10   57.94   14.75   29.38   64.27   37.00
      6     15     48     21   37.01   41.79    7.36    5.67   42.10   57.94   14.75   68.53   38.18   40.39
      6     16     48     20   19.54   26.38    6.83    3.86   42.10   57.94   14.75   51.30   82.50   17.59
      6     17     48     17   31.03   35.52    6.77    5.25   42.10   57.94   14.75   18.71   51.06   40.58
      6     18     48     15   38.47   44.90    6.85    6.55   42.10   57.94   14.75   74.39   55.91   45.89
      6     19     48     14   47.56   50.16    6.88    7.29   42.10   57.94   14.75   44.47   61.89   64.70
      6     20     48     11   21.31   26.01    6.41    4.05   42.10   57.94   14.75   22.30   56.08   31.51
      6     21     48      9   30.02   34.96    6.40    5.46   42.10   57.94   14.75   66.34   59.99   39.87
      6     22     48      9   41.89   47.09    6.70    7.03   42.10   57.94   14.75   14.82   39.96   48.66
      6     23     48      8    8.66   14.83    6.37    2.33   42.10   57.94   14.75   47.92   71.58   15.18
      6     24     48      7    8.31   17.10    6.50    2.63   42.10   57.94   14.75   58.72   54.81   12.18
      6     25     48      7   41.34   45.39    6.25    7.26   42.10   57.94   14.75   47.55   88.82   47.57
      6     26     48      6   24.84   29.74    6.26    4.75   42.10   57.94   14.75   19.89   58.69   34.50
      6     27     48      6   35.48   38.12    6.29    6.06   42.10   57.94   14.75   52.67   60.98   51.25
      6     28     48      6   43.47   47.13    6.66    7.08   42.10   57.94   14.75   59.93   53.03   58.10
      6     29     48      5   35.44   39.42    7.04    5.60   42.10   57.94   14.75   51.28   69.04   51.44
      6     30     48      5    7.55   11.79    6.14    1.92   42.10   57.94   14.75   43.83   46.28   14.79
      6     31     48      5   41.11   43.92    6.10    7.20   42.10   57.94   14.75   40.20   57.86   58.63
      6     32     48      5   42.49   46.70    6.21    7.52   42.10   57.94   14.75   18.29   48.51   53.79
      6     33     48      5   25.55   30.72    6.09    5.04   42.10   57.94   14.75   46.93   85.23   28.03
      6     34     48      5   28.84   33.99    6.45    5.27   42.10   57.94   14.75   40.04   37.22   41.61
      6     35     48      4   30.72   34.08    6.04    5.64   42.10   57.94   14.75   53.33   50.16   45.97
      7      8     43     38   38.07   44.72    4.68    9.55   53.78   34.58   44.69   48.92   78.67   50.35
      7      9     43     34   26.02   31.49    6.24    5.05   53.78   34.58   44.69   22.53   31.11   46.31
      7     10     43     34   20.54   24.23    4.21    5.75   53.78   34.58   44.69   43.14   39.92   23.59
      7     11     43     33   44.33   49.88    5.47    9.12   53.78   34.58   44.69   59.63   74.44   15.28
      7     12     43     30    6.00   13.28    4.85    2.74   53.78   34.58   44.69   43.93   27.12   39.82
 groups           7          12  will be considered for merger
      7     13     43     25   50.84   56.97    5.51   10.35   53.78   34.58   44.69   54.79   91.03   37.08
      7     14     43     21   35.41   39.20    4.77    8.21   53.78   34.58   44.69   29.38   64.27   37.00
      7     15     43     21   11.36   15.77    4.59    3.44   53.78   34.58   44.69   68.53   38.18   40.39
      7     16     43     20   50.29   55.11    4.06   13.59   53.78   34.58   44.69   51.30   82.50   17.59
      7     17     43     17   34.71   38.96    3.99    9.76   53.78   34.58   44.69   18.71   51.06   40.58
      7     18     43     15   24.76   29.68    4.08    7.28   53.78   34.58   44.69   74.39   55.91   45.89
      7     19     43     14   31.32   35.11    4.10    8.56   53.78   34.58   44.69   44.47   61.89   64.70
      7     20     43     11   37.78   40.34    3.64   11.09   53.78   34.58   44.69   22.30   56.08   31.51
      7     21     43      9   24.49   28.76    3.63    7.93   53.78   34.58   44.69   66.34   59.99   39.87
      7     22     43      9   35.82   39.53    3.92   10.07   53.78   34.58   44.69   14.82   39.96   48.66
      7     23     43      8   44.34   47.69    3.60   13.25   53.78   34.58   44.69   47.92   71.58   15.18
      7     24     43      7   36.12   38.61    3.72   10.37   53.78   34.58   44.69   58.72   54.81   12.18
      7     25     43      7   51.39   54.68    3.47   15.74   53.78   34.58   44.69   47.55   88.82   47.57
      7     26     43      6   40.72   42.83    3.48   12.30   53.78   34.58   44.69   19.89   58.69   34.50
      7     27     43      6   23.62   27.23    3.52    7.75   53.78   34.58   44.69   52.67   60.98   51.25
      7     28     43      6   19.62   23.63    3.88    6.09   53.78   34.58   44.69   59.93   53.03   58.10
      7     29     43      5   31.40   35.20    4.26    8.26   53.78   34.58   44.69   51.28   69.04   51.44
      7     30     43      5   31.29   33.62    3.37    9.98   53.78   34.58   44.69   43.83   46.28   14.79
      7     31     43      5   27.66   30.34    3.32    9.13   53.78   34.58   44.69   40.20   57.86   58.63
      7     32     43      5   36.24   39.20    3.43   11.42   53.78   34.58   44.69   18.29   48.51   53.79
      7     33     43      5   50.29   53.76    3.32   16.21   53.78   34.58   44.69   46.93   85.23   28.03
      7     34     43      5   11.49   14.33    3.67    3.90   53.78   34.58   44.69   40.04   37.22   41.61
      7     35     43      4   12.21   15.65    3.26    4.80   53.78   34.58   44.69   53.33   50.16   45.97
      8      9     38     34   47.51   54.54    5.97    9.14   48.92   78.67   50.35   22.53   31.11   46.31
      8     10     38     34   41.45   47.44    3.95   12.01   48.92   78.67   50.35   43.14   39.92   23.59
      8     11     38     33   33.00   36.90    5.21    7.09   48.92   78.67   50.35   59.63   74.44   15.28
      8     12     38     30   46.10   52.85    4.58   11.53   48.92   78.67   50.35   43.93   27.12   39.82
      8     13     38     25   15.52   19.06    5.24    3.64   48.92   78.67   50.35   54.79   91.03   37.08
      8     14     38     21   19.67   27.70    4.51    6.14   48.92   78.67   50.35   29.38   64.27   37.00
      8     15     38     21   40.91   46.07    4.32   10.66   48.92   78.67   50.35   68.53   38.18   40.39
      8     16     38     20   29.44   33.06    3.79    8.72   48.92   78.67   50.35   51.30   82.50   17.59
      8     17     38     17   36.28   42.07    3.73   11.29   48.92   78.67   50.35   18.71   51.06   40.58
      8     18     38     15   30.87   34.44    3.81    9.04   48.92   78.67   50.35   74.39   55.91   45.89
      8     19     38     14   19.21   22.53    3.83    5.87   48.92   78.67   50.35   44.47   61.89   64.70
      8     20     38     11   33.79   39.67    3.37   11.76   48.92   78.67   50.35   22.30   56.08   31.51
      8     21     38      9   24.52   27.60    3.36    8.21   48.92   78.67   50.35   66.34   59.99   39.87
      8     22     38      9   45.28   51.62    3.66   14.11   48.92   78.67   50.35   14.82   39.96   48.66
      8     23     38      8   33.54   35.88    3.33   10.77   48.92   78.67   50.35   47.92   71.58   15.18
      8     24     38      7   42.59   46.06    3.46   13.32   48.92   78.67   50.35   58.72   54.81   12.18
      8     25     38      7    8.54   10.62    3.21    3.31   48.92   78.67   50.35   47.55   88.82   47.57
      8     26     38      6   33.56   38.64    3.22   12.02   48.92   78.67   50.35   19.89   58.69   34.50
      8     27     38      6   14.25   18.10    3.25    5.57   48.92   78.67   50.35   52.67   60.98   51.25
      8     28     38      6   25.48   28.95    3.62    8.01   48.92   78.67   50.35   59.93   53.03   58.10
      8     29     38      5    7.00    9.97    4.00    2.50   48.92   78.67   50.35   51.28   69.04   51.44
      8     30     38      5   44.15   48.36    3.10   15.59   48.92   78.67   50.35   43.83   46.28   14.79
      8     31     38      5   19.31   24.03    3.06    7.86   48.92   78.67   50.35   40.20   57.86   58.63
      8     32     38      5   37.87   43.13    3.17   13.61   48.92   78.67   50.35   18.29   48.51   53.79
      8     33     38      5   20.71   23.35    3.05    7.65   48.92   78.67   50.35   46.93   85.23   28.03
      8     34     38      5   37.16   43.28    3.41   12.70   48.92   78.67   50.35   40.04   37.22   41.61
      8     35     38      4   24.92   29.17    3.00    9.73   48.92   78.67   50.35   53.33   50.16   45.97
      9     10     34     34   27.17   31.92    5.50    5.80   22.53   31.11   46.31   43.14   39.92   23.59
      9     11     34     33   59.89   64.94    6.76    9.61   22.53   31.11   46.31   59.63   74.44   15.28
      9     12     34     30   16.97   22.72    6.14    3.70   22.53   31.11   46.31   43.93   27.12   39.82
      9     13     34     25   64.41   68.68    6.79   10.11   22.53   31.11   46.31   54.79   91.03   37.08
      9     14     34     21   31.72   35.12    6.06    5.79   22.53   31.11   46.31   29.38   64.27   37.00
      9     15     34     21   42.40   46.91    5.87    7.99   22.53   31.11   46.31   68.53   38.18   40.39
      9     16     34     20   61.73   65.53    5.34   12.27   22.53   31.11   46.31   51.30   82.50   17.59
      9     17     34     17   18.28   21.10    5.28    4.00   22.53   31.11   46.31   18.71   51.06   40.58
      9     18     34     15   53.71   57.48    5.36   10.72   22.53   31.11   46.31   74.39   55.91   45.89
      9     19     34     14   38.00   42.03    5.39    7.80   22.53   31.11   46.31   44.47   61.89   64.70
      9     20     34     11   25.94   29.03    4.92    5.90   22.53   31.11   46.31   22.30   56.08   31.51
      9     21     34      9   48.52   52.87    4.91   10.76   22.53   31.11   46.31   66.34   59.99   39.87
      9     22     34      9    9.00   11.97    5.21    2.30   22.53   31.11   46.31   14.82   39.96   48.66
      9     23     34      8   53.60   57.02    4.88   11.67   22.53   31.11   46.31   47.92   71.58   15.18
      9     24     34      7   51.59   55.10    5.01   11.00   22.53   31.11   46.31   58.72   54.81   12.18
      9     25     34      7   60.17   62.92    4.76   13.22   22.53   31.11   46.31   47.55   88.82   47.57
      9     26     34      6   27.00   30.12    4.77    6.32   22.53   31.11   46.31   19.89   58.69   34.50
      9     27     34      6   39.22   42.72    4.80    8.90   22.53   31.11   46.31   52.67   60.98   51.25
      9     28     34      6   41.45   44.93    5.17    8.69   22.53   31.11   46.31   59.93   53.03   58.10
      9     29     34      5   44.96   47.87    5.55    8.63   22.53   31.11   46.31   51.28   69.04   51.44
      9     30     34      5   37.68   40.95    4.65    8.80   22.53   31.11   46.31   43.83   46.28   14.79
      9     31     34      5   31.46   34.35    4.61    7.45   22.53   31.11   46.31   40.20   57.86   58.63
      9     32     34      5   16.52   19.41    4.72    4.11   22.53   31.11   46.31   18.29   48.51   53.79
      9     33     34      5   58.97   62.12    4.60   13.49   22.53   31.11   46.31   46.93   85.23   28.03
      9     34     34      5   14.87   19.13    4.96    3.86   22.53   31.11   46.31   40.04   37.22   41.61
      9     35     34      4   32.76   36.22    4.55    7.96   22.53   31.11   46.31   53.33   50.16   45.97
     10     11     34     33   34.26   39.15    4.74    8.26   43.14   39.92   23.59   59.63   74.44   15.28
     10     12     34     30   15.84   20.69    4.11    5.03   43.14   39.92   23.59   43.93   27.12   39.82
     10     13     34     25   48.80   54.13    4.77   11.34   43.14   39.92   23.59   54.79   91.03   37.08
     10     14     34     21   27.46   31.02    4.04    7.68   43.14   39.92   23.59   29.38   64.27   37.00
     10     15     34     21   27.80   30.49    3.85    7.92   43.14   39.92   23.59   68.53   38.18   40.39
     10     16     34     20   40.12   43.77    3.32   13.18   43.14   39.92   23.59   51.30   82.50   17.59
     10     17     34     17   28.60   31.77    3.26    9.75   43.14   39.92   23.59   18.71   51.06   40.58
     10     18     34     15   38.29   41.59    3.34   12.44   43.14   39.92   23.59   74.39   55.91   45.89
     10     19     34     14   44.72   46.63    3.36   13.86   43.14   39.92   23.59   44.47   61.89   64.70
     10     20     34     11   25.20   27.54    2.90    9.49   43.14   39.92   23.59   22.30   56.08   31.51
     10     21     34      9   31.30   34.73    2.89   12.01   43.14   39.92   23.59   66.34   59.99   39.87
     10     22     34      9   34.73   37.82    3.19   11.86   43.14   39.92   23.59   14.82   39.96   48.66
     10     23     34      8   30.23   33.10    2.86   11.56   43.14   39.92   23.59   47.92   71.58   15.18
     10     24     34      7   21.42   24.39    2.99    8.16   43.14   39.92   23.59   58.72   54.81   12.18
     10     25     34      7   52.36   54.65    2.74   19.96   43.14   39.92   23.59   47.55   88.82   47.57
     10     26     34      6   29.55   31.82    2.75   11.59   43.14   39.92   23.59   19.89   58.69   34.50
     10     27     34      6   33.75   36.05    2.78   12.97   43.14   39.92   23.59   52.67   60.98   51.25
     10     28     34      6   37.80   40.56    3.15   12.89   43.14   39.92   23.59   59.93   53.03   58.10
     10     29     34      5   37.46   41.11    3.53   11.65   43.14   39.92   23.59   51.28   69.04   51.44
     10     30     34      5    8.72   10.88    2.63    4.13   43.14   39.92   23.59   43.83   46.28   14.79
     10     31     34      5   37.60   39.47    2.59   15.24   43.14   39.92   23.59   40.20   57.86   58.63
     10     32     34      5   37.34   40.05    2.70   14.84   43.14   39.92   23.59   18.29   48.51   53.79
     10     33     34      5   43.23   45.68    2.58   17.69   43.14   39.92   23.59   46.93   85.23   28.03
     10     34     34      5   16.16   18.49    2.94    6.29   43.14   39.92   23.59   40.04   37.22   41.61
     10     35     34      4   24.56   26.64    2.53   10.54   43.14   39.92   23.59   53.33   50.16   45.97
     11     12     33     30   49.00   55.57    5.37   10.34   59.63   74.44   15.28   43.93   27.12   39.82
     11     13     33     25   21.49   27.81    6.03    4.61   59.63   74.44   15.28   54.79   91.03   37.08
     11     14     33     21   35.51   38.60    5.30    7.29   59.63   74.44   15.28   29.38   64.27   37.00
     11     15     33     21   40.46   45.00    5.11    8.80   59.63   74.44   15.28   68.53   38.18   40.39
     11     16     33     20    5.39   11.81    4.58    2.58   59.63   74.44   15.28   51.30   82.50   17.59
 groups          11          16  will be considered for merger
     11     17     33     17   50.75   53.48    4.52   11.84   59.63   74.44   15.28   18.71   51.06   40.58
     11     18     33     15   33.96   38.71    4.60    8.41   59.63   74.44   15.28   74.39   55.91   45.89
     11     19     33     14   50.72   53.19    4.62   11.50   59.63   74.44   15.28   44.47   61.89   64.70
     11     20     33     11   42.07   44.65    4.16   10.73   59.63   74.44   15.28   22.30   56.08   31.51
     11     21     33      9   25.98   29.29    4.15    7.06   59.63   74.44   15.28   66.34   59.99   39.87
     11     22     33      9   62.62   65.65    4.45   14.76   59.63   74.44   15.28   14.82   39.96   48.66
     11     23     33      8    9.54   12.05    4.12    2.92   59.63   74.44   15.28   47.92   71.58   15.18
     11     24     33      7   15.59   19.89    4.25    4.69   59.63   74.44   15.28   58.72   54.81   12.18
     11     25     33      7   34.10   37.35    4.00    9.34   59.63   74.44   15.28   47.55   88.82   47.57
     11     26     33      6   44.15   46.87    4.01   11.70   59.63   74.44   15.28   19.89   58.69   34.50
     11     27     33      6   36.12   39.03    4.04    9.66   59.63   74.44   15.28   52.67   60.98   51.25
     11     28     33      6   44.78   47.87    4.41   10.87   59.63   74.44   15.28   59.93   53.03   58.10
     11     29     33      5   34.09   37.50    4.79    7.84   59.63   74.44   15.28   51.28   69.04   51.44
     11     30     33      5   29.22   32.30    3.89    8.30   59.63   74.44   15.28   43.83   46.28   14.79
     11     31     33      5   47.90   50.31    3.85   13.07   59.63   74.44   15.28   40.20   57.86   58.63
     11     32     33      5   59.82   62.17    3.96   15.71   59.63   74.44   15.28   18.29   48.51   53.79
     11     33     33      5   17.46   20.97    3.84    5.46   59.63   74.44   15.28   46.93   85.23   28.03
     11     34     33      5   46.11   49.62    4.20   11.82   59.63   74.44   15.28   40.04   37.22   41.61
     11     35     33      4   36.30   39.63    3.79   10.47   59.63   74.44   15.28   53.33   50.16   45.97
     12     13     30     25   58.99   64.88    5.41   12.00   43.93   27.12   39.82   54.79   91.03   37.08
     12     14     30     21   36.69   40.00    4.67    8.56   43.93   27.12   39.82   29.38   64.27   37.00
     12     15     30     21   21.63   26.97    4.49    6.01   43.93   27.12   39.82   68.53   38.18   40.39
     12     16     30     20   54.87   60.13    3.96   15.20   43.93   27.12   39.82   51.30   82.50   17.59
     12     17     30     17   30.48   34.78    3.89    8.93   43.93   27.12   39.82   18.71   51.06   40.58
     12     18     30     15   37.46   42.34    3.98   10.65   43.93   27.12   39.82   74.39   55.91   45.89
     12     19     30     14   40.61   42.76    4.00   10.69   43.93   27.12   39.82   44.47   61.89   64.70
     12     20     30     11   34.76   37.09    3.54   10.48   43.93   27.12   39.82   22.30   56.08   31.51
     12     21     30      9   35.00   39.78    3.53   11.28   43.93   27.12   39.82   66.34   59.99   39.87
     12     22     30      9   28.72   33.02    3.82    8.63   43.93   27.12   39.82   14.82   39.96   48.66
     12     23     30      8   46.57   50.98    3.50   14.57   43.93   27.12   39.82   47.92   71.58   15.18
     12     24     30      7   37.34   41.83    3.62   11.55   43.93   27.12   39.82   58.72   54.81   12.18
     12     25     30      7   59.54   62.29    3.37   18.46   43.93   27.12   39.82   47.55   88.82   47.57
     12     26     30      6   37.28   40.04    3.38   11.84   43.93   27.12   39.82   19.89   58.69   34.50
     12     27     30      6   33.62   36.79    3.42   10.77   43.93   27.12   39.82   52.67   60.98   51.25
     12     28     30      6   32.31   35.52    3.78    9.39   43.93   27.12   39.82   59.93   53.03   58.10
     12     29     30      5   40.57   44.11    4.16   10.60   43.93   27.12   39.82   51.28   69.04   51.44
     12     30     30      5   27.28   31.52    3.27    9.64   43.93   27.12   39.82   43.83   46.28   14.79
     12     31     30      5   34.37   36.23    3.22   11.23   43.93   27.12   39.82   40.20   57.86   58.63
     12     32     30      5   32.70   36.20    3.33   10.86   43.93   27.12   39.82   18.29   48.51   53.79
     12     33     30      5   55.74   59.37    3.22   18.45   43.93   27.12   39.82   46.93   85.23   28.03
     12     34     30      5    9.06   10.97    3.57    3.07   43.93   27.12   39.82   40.04   37.22   41.61
     12     35     30      4   22.02   25.63    3.16    8.11   43.93   27.12   39.82   53.33   50.16   45.97
     13     14     25     21   33.54   36.90    5.33    6.92   54.79   91.03   37.08   29.38   64.27   37.00
     13     15     25     21   49.53   54.70    5.14   10.63   54.79   91.03   37.08   68.53   38.18   40.39
     13     16     25     20   17.35   21.55    4.61    4.67   54.79   91.03   37.08   51.30   82.50   17.59
     13     17     25     17   51.87   53.96    4.55   11.86   54.79   91.03   37.08   18.71   51.06   40.58
     13     18     25     15   35.30   41.17    4.63    8.88   54.79   91.03   37.08   74.39   55.91   45.89
     13     19     25     14   39.12   41.46    4.66    8.90   54.79   91.03   37.08   44.47   61.89   64.70
     13     20     25     11   45.38   48.04    4.20   11.45   54.79   91.03   37.08   22.30   56.08   31.51
     13     21     25      9   28.60   33.23    4.18    7.94   54.79   91.03   37.08   66.34   59.99   39.87
     13     22     25      9   63.19   65.88    4.48   14.70   54.79   91.03   37.08   14.82   39.96   48.66
     13     23     25      8   26.25   30.08    4.16    7.24   54.79   91.03   37.08   47.92   71.58   15.18
     13     24     25      7   38.61   44.12    4.28   10.31   54.79   91.03   37.08   58.72   54.81   12.18
     13     25     25      7    9.80   12.94    4.03    3.21   54.79   91.03   37.08   47.55   88.82   47.57
     13     26     25      6   45.45   47.65    4.04   11.80   54.79   91.03   37.08   19.89   58.69   34.50
     13     27     25      6   30.28   33.29    4.07    8.17   54.79   91.03   37.08   52.67   60.98   51.25
     13     28     25      6   40.55   43.73    4.44    9.85   54.79   91.03   37.08   59.93   53.03   58.10
     13     29     25      5   23.96   26.50    4.82    5.50   54.79   91.03   37.08   51.28   69.04   51.44
     13     30     25      5   47.43   51.18    3.93   13.04   54.79   91.03   37.08   43.83   46.28   14.79
     13     31     25      5   40.24   42.16    3.88   10.86   54.79   91.03   37.08   40.20   57.86   58.63
     13     32     25      5   56.52   58.48    3.99   14.65   54.79   91.03   37.08   18.29   48.51   53.79
     13     33     25      5   11.58   13.32    3.87    3.44   54.79   91.03   37.08   46.93   85.23   28.03
     13     34     25      5   52.02   55.98    4.23   13.23   54.79   91.03   37.08   40.04   37.22   41.61
     13     35     25      4   38.44   41.85    3.82   10.95   54.79   91.03   37.08   53.33   50.16   45.97
     14     15     21     21   42.73   47.17    4.41   10.69   29.38   64.27   37.00   68.53   38.18   40.39
     14     16     21     20   31.40   34.49    3.88    8.89   29.38   64.27   37.00   51.30   82.50   17.59
     14     17     21     17   14.46   17.35    3.82    4.55   29.38   64.27   37.00   18.71   51.06   40.58
     14     18     21     15   43.00   46.63    3.90   11.95   29.38   64.27   37.00   74.39   55.91   45.89
     14     19     21     14   26.57   31.63    3.92    8.06   29.38   64.27   37.00   44.47   61.89   64.70
     14     20     21     11    9.38   12.13    3.46    3.50   29.38   64.27   37.00   22.30   56.08   31.51
     14     21     21      9   33.27   37.32    3.45   10.81   29.38   64.27   37.00   66.34   59.99   39.87
     14     22     21      9   26.98   30.64    3.75    8.17   29.38   64.27   37.00   14.82   39.96   48.66
     14     23     21      8   26.85   29.55    3.42    8.63   29.38   64.27   37.00   47.92   71.58   15.18
     14     24     21      7   36.74   39.58    3.55   11.16   29.38   64.27   37.00   58.72   54.81   12.18
     14     25     21      7   28.34   32.32    3.30    9.80   29.38   64.27   37.00   47.55   88.82   47.57
     14     26     21      6    8.83   11.29    3.31    3.41   29.38   64.27   37.00   19.89   58.69   34.50
     14     27     21      6   23.37   27.50    3.34    8.23   29.38   64.27   37.00   52.67   60.98   51.25
     14     28     21      6   34.09   38.79    3.71   10.47   29.38   64.27   37.00   59.93   53.03   58.10
     14     29     21      5   22.14   26.66    4.09    6.52   29.38   64.27   37.00   51.28   69.04   51.44
     14     30     21      5   29.43   32.03    3.19   10.03   29.38   64.27   37.00   43.83   46.28   14.79
     14     31     21      5   21.26   25.02    3.15    7.95   29.38   64.27   37.00   40.20   57.86   58.63
     14     32     21      5   22.41   25.56    3.26    7.84   29.38   64.27   37.00   18.29   48.51   53.79
     14     33     21      5   26.59   28.77    3.14    9.16   29.38   64.27   37.00   46.93   85.23   28.03
     14     34     21      5   27.04   29.44    3.50    8.42   29.38   64.27   37.00   40.04   37.22   41.61
     14     35     21      4   26.29   29.21    3.09    9.46   29.38   64.27   37.00   53.33   50.16   45.97
     15     16     21     20   49.35   52.73    3.69   14.28   68.53   38.18   40.39   51.30   82.50   17.59
     15     17     21     17   47.31   51.45    3.63   14.17   68.53   38.18   40.39   18.71   51.06   40.58
     15     18     21     15   16.91   19.47    3.71    5.24   68.53   38.18   40.39   74.39   55.91   45.89
     15     19     21     14   36.99   41.61    3.74   11.13   68.53   38.18   40.39   44.47   61.89   64.70
     15     20     21     11   47.31   50.36    3.28   15.37   68.53   38.18   40.39   22.30   56.08   31.51
     15     21     21      9   20.05   21.93    3.26    6.72   68.53   38.18   40.39   66.34   59.99   39.87
     15     22     21      9   51.28   54.36    3.56   15.26   68.53   38.18   40.39   14.82   39.96   48.66
     15     23     21      8   44.65   46.64    3.24   14.41   68.53   38.18   40.39   47.92   71.58   15.18
     15     24     21      7   31.32   34.19    3.36   10.17   68.53   38.18   40.39   58.72   54.81   12.18
     15     25     21      7   52.44   55.28    3.11   17.77   68.53   38.18   40.39   47.55   88.82   47.57
     15     26     21      6   50.79   53.11    3.12   17.03   68.53   38.18   40.39   19.89   58.69   34.50
     15     27     21      6   26.29   29.82    3.15    9.46   68.53   38.18   40.39   52.67   60.98   51.25
     15     28     21      6   21.68   24.66    3.52    7.01   68.53   38.18   40.39   59.93   53.03   58.10
     15     29     21      5   33.39   37.04    3.90    9.50   68.53   38.18   40.39   51.28   69.04   51.44
     15     30     21      5   34.99   36.48    3.01   12.14   68.53   38.18   40.39   43.83   46.28   14.79
     15     31     21      5   35.44   39.01    2.96   13.17   68.53   38.18   40.39   40.20   57.86   58.63
     15     32     21      5   50.04   53.01    3.07   17.26   68.53   38.18   40.39   18.29   48.51   53.79
     15     33     21      5   51.20   53.22    2.95   18.01   68.53   38.18   40.39   46.93   85.23   28.03
     15     34     21      5   26.00   28.53    3.31    8.62   68.53   38.18   40.39   40.04   37.22   41.61
     15     35     21      4   17.29   20.14    2.90    6.94   68.53   38.18   40.39   53.33   50.16   45.97
     16     17     20     17   48.26   50.78    3.10   16.39   51.30   82.50   17.59   18.71   51.06   40.58
     16     18     20     15   41.15   45.17    3.18   14.19   51.30   82.50   17.59   74.39   55.91   45.89
     16     19     20     14   49.89   51.87    3.21   16.18   51.30   82.50   17.59   44.47   61.89   64.70
     16     20     20     11   39.06   41.63    2.74   15.17   51.30   82.50   17.59   22.30   56.08   31.51
     16     21     20      9   32.06   35.05    2.73   12.83   51.30   82.50   17.59   66.34   59.99   39.87
     16     22     20      9   61.48   64.08    3.03   21.14   51.30   82.50   17.59   14.82   39.96   48.66
     16     23     20      8    9.27   11.69    2.70    4.32   51.30   82.50   17.59   47.92   71.58   15.18
     16     24     20      7   25.24   29.17    2.83   10.31   51.30   82.50   17.59   58.72   54.81   12.18
     16     25     20      7   28.35   30.86    2.58   11.96   51.30   82.50   17.59   47.55   88.82   47.57
     16     26     20      6   40.17   42.89    2.59   16.57   51.30   82.50   17.59   19.89   58.69   34.50
     16     27     20      6   37.22   39.97    2.62   15.25   51.30   82.50   17.59   52.67   60.98   51.25
     16     28     20      6   47.81   50.83    2.99   17.01   51.30   82.50   17.59   59.93   53.03   58.10
     16     29     20      5   33.26   36.43    3.37   10.81   51.30   82.50   17.59   51.28   69.04   51.44
     16     30     20      5   35.16   37.09    2.47   14.99   51.30   82.50   17.59   43.83   46.28   14.79
     16     31     20      5   47.20   49.14    2.43   20.21   51.30   82.50   17.59   40.20   57.86   58.63
     16     32     20      5   57.84   59.63    2.54   23.47   51.30   82.50   17.59   18.29   48.51   53.79
     16     33     20      5    9.00   11.64    2.42    4.80   51.30   82.50   17.59   46.93   85.23   28.03
     16     34     20      5   49.84   52.48    2.78   18.88   51.30   82.50   17.59   40.04   37.22   41.61
     16     35     20      4   40.37   43.07    2.37   18.18   51.30   82.50   17.59   53.33   50.16   45.97
     17     18     17     15   53.39   56.13    3.12   17.99   18.71   51.06   40.58   74.39   55.91   45.89
     17     19     17     14   34.01   36.91    3.14   11.74   18.71   51.06   40.58   44.47   61.89   64.70
     17     20     17     11    9.11   10.97    2.68    4.09   18.71   51.06   40.58   22.30   56.08   31.51
     17     21     17      9   44.92   48.46    2.67   18.15   18.71   51.06   40.58   66.34   59.99   39.87
     17     22     17      9   12.41   14.27    2.97    4.81   18.71   51.06   40.58   14.82   39.96   48.66
     17     23     17      8   41.88   43.80    2.64   16.58   18.71   51.06   40.58   47.92   71.58   15.18
     17     24     17      7   47.18   49.20    2.77   17.79   18.71   51.06   40.58   58.72   54.81   12.18
     17     25     17      7   46.20   48.03    2.52   19.08   18.71   51.06   40.58   47.55   88.82   47.57
     17     26     17      6    8.49    9.83    2.52    3.89   18.71   51.06   40.58   19.89   58.69   34.50
     17     27     17      6   34.07   36.95    2.56   14.44   18.71   51.06   40.58   52.67   60.98   51.25
     17     28     17      6   41.34   44.83    2.93   15.32   18.71   51.06   40.58   59.93   53.03   58.10
     17     29     17      5   36.73   38.75    3.31   11.72   18.71   51.06   40.58   51.28   69.04   51.44
     17     30     17      5   34.18   36.31    2.41   15.06   18.71   51.06   40.58   43.83   46.28   14.79
     17     31     17      5   26.44   28.87    2.37   12.19   18.71   51.06   40.58   40.20   57.86   58.63
     17     32     17      5   12.17   13.46    2.48    5.43   18.71   51.06   40.58   18.29   48.51   53.79
     17     33     17      5   44.29   46.06    2.36   19.51   18.71   51.06   40.58   46.93   85.23   28.03
     17     34     17      5   22.83   25.44    2.72    9.36   18.71   51.06   40.58   40.04   37.22   41.61
     17     35     17      4   32.39   35.04    2.31   15.20   18.71   51.06   40.58   53.33   50.16   45.97
     18     19     15     14   32.59   35.84    3.23   11.11   74.39   55.91   45.89   44.47   61.89   64.70
     18     20     15     11   51.42   54.03    2.77   19.54   74.39   55.91   45.89   22.30   56.08   31.51
     18     21     15      9    8.60   10.85    2.75    3.94   74.39   55.91   45.89   66.34   59.99   39.87
     18     22     15      9   59.51   61.72    3.05   20.23   74.39   55.91   45.89   14.82   39.96   48.66
     18     23     15      8   40.77   43.46    2.73   15.95   74.39   55.91   45.89   47.92   71.58   15.18
     18     24     15      7   34.99   37.19    2.85   13.05   74.39   55.91   45.89   58.72   54.81   12.18
     18     25     15      7   39.06   42.50    2.60   16.34   74.39   55.91   45.89   47.55   88.82   47.57
     18     26     15      6   54.02   55.75    2.61   21.37   74.39   55.91   45.89   19.89   58.69   34.50
     18     27     15      6   20.71   22.93    2.64    8.68   74.39   55.91   45.89   52.67   60.98   51.25
     18     28     15      6   17.83   19.14    3.01    6.36   74.39   55.91   45.89   59.93   53.03   58.10
     18     29     15      5   24.35   27.15    3.39    8.01   74.39   55.91   45.89   51.28   69.04   51.44
     18     30     15      5   42.91   44.65    2.50   17.89   74.39   55.91   45.89   43.83   46.28   14.79
     18     31     15      5   35.11   36.53    2.45   14.90   74.39   55.91   45.89   40.20   57.86   58.63
     18     32     15      5   55.77   57.13    2.56   22.30   74.39   55.91   45.89   18.29   48.51   53.79
     18     33     15      5   41.58   43.96    2.44   17.98   74.39   55.91   45.89   46.93   85.23   28.03
     18     34     15      5   36.89   39.34    2.80   14.05   74.39   55.91   45.89   40.04   37.22   41.61
     18     35     15      4   20.40   21.83    2.39    9.13   74.39   55.91   45.89   53.33   50.16   45.97
     19     20     14     11   37.70   40.33    2.79   14.47   44.47   61.89   64.70   22.30   56.08   31.51
     19     21     14      9   30.02   33.15    2.78   11.94   44.47   61.89   64.70   66.34   59.99   39.87
     19     22     14      9   37.05   40.21    3.07   13.08   44.47   61.89   64.70   14.82   39.96   48.66
     19     23     14      8   49.69   50.57    2.75   18.40   44.47   61.89   64.70   47.92   71.58   15.18
     19     24     14      7   53.39   54.87    2.87   19.10   44.47   61.89   64.70   58.72   54.81   12.18
     19     25     14      7   30.59   32.07    2.62   12.22   44.47   61.89   64.70   47.55   88.82   47.57
     19     26     14      6   37.23   39.07    2.63   14.85   44.47   61.89   64.70   19.89   58.69   34.50
     19     27     14      6   13.00   15.78    2.67    5.92   44.47   61.89   64.70   52.67   60.98   51.25
     19     28     14      6   16.03   19.00    3.03    6.27   44.47   61.89   64.70   59.93   53.03   58.10
     19     29     14      5   13.49   16.53    3.41    4.84   44.47   61.89   64.70   51.28   69.04   51.44
     19     30     14      5   51.24   52.29    2.52   20.77   44.47   61.89   64.70   43.83   46.28   14.79
     19     31     14      5    7.07    8.44    2.47    3.41   44.47   61.89   64.70   40.20   57.86   58.63
     19     32     14      5   28.62   31.36    2.58   12.13   44.47   61.89   64.70   18.29   48.51   53.79
     19     33     14      5   42.20   43.54    2.47   17.64   44.47   61.89   64.70   46.93   85.23   28.03
     19     34     14      5   31.97   34.08    2.82   12.07   44.47   61.89   64.70   40.04   37.22   41.61
     19     35     14      4   21.93   23.81    2.41    9.87   44.47   61.89   64.70   53.33   50.16   45.97
     20     21     11      9   41.88   44.99    2.31   19.44   22.30   56.08   31.51   66.34   59.99   39.87
     20     22     11      9   22.74   24.70    2.61    9.45   22.30   56.08   31.51   14.82   39.96   48.66
     20     23     11      8   32.30   34.10    2.29   14.92   22.30   56.08   31.51   47.92   71.58   15.18
     20     24     11      7   39.45   41.25    2.41   17.11   22.30   56.08   31.51   58.72   54.81   12.18
     20     25     11      7   42.17   44.35    2.16   20.52   22.30   56.08   31.51   47.55   88.82   47.57
     20     26     11      6    2.45    4.65    2.17    2.14   22.30   56.08   31.51   19.89   58.69   34.50
 groups          20          26  will be considered for merger
site groups connected   19.83   57.45   32.18   3    4.00   3   4   3
                        19.83   57.45   34.18
 successful merge of groups          20          26
Number of site groups found =    40

  Group  index  size  score     x       y       z     stdev
    1      9    162    1.50   43.14   52.73   35.96   10.11
    2     11    121    1.52   41.79   46.00   55.91    6.25
    3      2    110    1.54   57.81   41.69   25.02    6.49
    4      7     58    1.52   35.45   67.26   28.15    3.23
    5     14     51    1.45   54.49   72.81   41.00    6.20
    6      5     48    1.73   42.10   57.94   14.75    5.25
    7      3     43    1.54   53.78   34.58   44.69    2.47
    8     18     38    1.41   48.92   78.67   50.35    2.21
    9      8     34    1.80   22.53   31.11   46.31    3.76
   10      6     34    1.70   43.14   39.92   23.59    1.74
   11     15     33    1.51   59.63   74.44   15.28    3.00
   12     23     30    1.45   43.93   27.12   39.82    2.37
   13     13     25    1.46   54.79   91.03   37.08    3.03
   14     28     21    1.38   29.38   64.27   37.00    2.30
   15     26     21    1.34   68.53   38.18   40.39    2.11
   16     12     20    1.60   51.30   82.50   17.59    1.58
   17     25     17    1.47   21.48   56.97   32.53    2.47
   18     10     17    1.67   18.71   51.06   40.58    1.52
   19     34     15    1.31   74.39   55.91   45.89    1.60
   20     22     14    1.53   44.47   61.89   64.70    1.63
   21     30      9    1.41   66.34   59.99   39.87    1.15
   22     16      9    1.50   14.82   39.96   48.66    1.45
   23     31      8    1.41   47.92   71.58   15.18    1.12
   24     29      7    1.49   58.72   54.81   12.18    1.25
   25     27      7    1.41   47.55   88.82   47.57    1.00
   26     21      6    1.54   52.67   60.98   51.25    1.04
   27      4      6    1.94   59.93   53.03   58.10    1.41
   28     40      5    1.22   51.28   69.04   51.44    1.79
   29     32      5    1.41   43.83   46.28   14.79    0.89
   30     24      5    1.63   40.20   57.86   58.63    0.85
   31     19      5    1.58   18.29   48.51   53.79    0.96
   32     17      5    1.64   46.93   85.23   28.03    0.84
   33      1      5    2.36   40.04   37.22   41.61    1.20
   34     36      4    1.32   53.33   50.16   45.97    0.79
   35     35      3    1.40   47.21   46.74   46.48    0.81
   36     39      2    1.27   68.83   58.90   34.73    0.70
   37     37      2    1.29   44.83   49.45   65.62    0.50
   38     33      2    1.38   64.25   76.45   30.18    0.49
   39     20      2    1.91   41.83   84.45   35.69    0.50
   40     38      1    1.40   35.83   78.45   36.18    0.00

Inter-group relationships
     g1     g2     n1     n2    dmin    davg   spread  ratio     x1      y1      z1      x2      y2      z2
      1      2    162    121    7.35   21.10   16.36    1.29   43.14   52.73   35.96   41.79   46.00   55.91
      1      3    162    110    4.24   21.37   16.60    1.29   43.14   52.73   35.96   57.81   41.69   25.02
      1      4    162     58    9.00   18.19   13.34    1.36   43.14   52.73   35.96   35.45   67.26   28.15
      1      5    162     51   11.66   23.60   16.31    1.45   43.14   52.73   35.96   54.49   72.81   41.00
      1      6    162     48   16.28   21.86   15.36    1.42   43.14   52.73   35.96   42.10   57.94   14.75
      1      7    162     43   12.45   22.79   12.58    1.81   43.14   52.73   35.96   53.78   34.58   44.69
      1      8    162     38   19.95   30.21   12.32    2.45   43.14   52.73   35.96   48.92   78.67   50.35
      1      9    162     34   19.67   31.62   13.87    2.28   43.14   52.73   35.96   22.53   31.11   46.31
      1     10    162     34   13.34   17.81   11.85    1.50   43.14   52.73   35.96   43.14   39.92   23.59
      1     11    162     33   20.02   34.21   13.11    2.61   43.14   52.73   35.96   59.63   74.44   15.28
      1     12    162     30   18.14   25.92   12.48    2.08   43.14   52.73   35.96   43.93   27.12   39.82
      1     13    162     25   26.98   40.04   13.14    3.05   43.14   52.73   35.96   54.79   91.03   37.08
      1     14    162     21    3.61   17.99   12.41    1.45   43.14   52.73   35.96   29.38   64.27   37.00
 groups           1          14  will be considered for merger
      1     15    162     21   15.30   29.59   12.22    2.42   43.14   52.73   35.96   68.53   38.18   40.39
      1     16    162     20   23.11   35.91   11.69    3.07   43.14   52.73   35.96   51.30   82.50   17.59
      1     17    162     17   11.36   22.34   12.58    1.78   43.14   52.73   35.96   21.48   56.97   32.53
      1     18    162     17   14.07   24.92   11.63    2.14   43.14   52.73   35.96   18.71   51.06   40.58
      1     19    162     15   19.72   32.94   11.71    2.81   43.14   52.73   35.96   74.39   55.91   45.89
      1     20    162     14   23.35   30.19   11.73    2.57   43.14   52.73   35.96   44.47   61.89   64.70
      1     21    162      9   12.41   24.62   11.26    2.19   43.14   52.73   35.96   66.34   59.99   39.87
      1     22    162      9   22.74   33.57   11.56    2.90   43.14   52.73   35.96   14.82   39.96   48.66
      1     23    162      8   18.38   28.45   11.23    2.53   43.14   52.73   35.96   47.92   71.58   15.18
      1     24    162      7   18.55   28.50   11.36    2.51   43.14   52.73   35.96   58.72   54.81   12.18
      1     25    162      7   29.83   38.17   11.11    3.44   43.14   52.73   35.96   47.55   88.82   47.57
      1     26    162      6   16.67   19.81   11.15    1.78   43.14   52.73   35.96   52.67   60.98   51.25
      1     27    162      6   19.95   27.79   11.52    2.41   43.14   52.73   35.96   59.93   53.03   58.10
      1     28    162      5   19.34   23.91   11.90    2.01   43.14   52.73   35.96   51.28   69.04   51.44
      1     29    162      5   19.08   22.14   11.00    2.01   43.14   52.73   35.96   43.83   46.28   14.79
      1     30    162      5   17.46   23.43   10.96    2.14   43.14   52.73   35.96   40.20   57.86   58.63
      1     31    162      5   20.27   30.89   11.07    2.79   43.14   52.73   35.96   18.29   48.51   53.79
      1     32    162      5   23.39   33.66   10.95    3.07   43.14   52.73   35.96   46.93   85.23   28.03
      1     33    162      5   11.87   16.80   11.31    1.49   43.14   52.73   35.96   40.04   37.22   41.61
      1     34    162      4    6.63   14.51   10.90    1.33   43.14   52.73   35.96   53.33   50.16   45.97
      2      3    121    110   23.37   35.06   12.74    2.75   41.79   46.00   55.91   57.81   41.69   25.02
      2      4    121     58   23.43   35.53    9.48    3.75   41.79   46.00   55.91   35.45   67.26   28.15
      2      5    121     51   26.00   33.20   12.45    2.67   41.79   46.00   55.91   54.49   72.81   41.00
      2      6    121     48   29.85   42.86   11.50    3.73   41.79   46.00   55.91   42.10   57.94   14.75
      2      7    121     43   12.88   20.01    8.72    2.29   41.79   46.00   55.91   53.78   34.58   44.69
      2      8    121     38   26.57   33.89    8.46    4.01   41.79   46.00   55.91   48.92   78.67   50.35
      2      9    121     34   17.23   26.18   10.01    2.61   41.79   46.00   55.91   22.53   31.11   46.31
      2     10    121     34   22.93   32.92    7.99    4.12   41.79   46.00   55.91   43.14   39.92   23.59
      2     11    121     33   44.60   52.70    9.25    5.70   41.79   46.00   55.91   59.63   74.44   15.28
      2     12    121     30   19.72   24.90    8.62    2.89   41.79   46.00   55.91   43.93   27.12   39.82
      2     13    121     25   44.96   50.51    9.28    5.44   41.79   46.00   55.91   54.79   91.03   37.08
      2     14    121     21   17.94   29.07    8.55    3.40   41.79   46.00   55.91   29.38   64.27   37.00
      2     15    121     21   22.02   31.89    8.36    3.81   41.79   46.00   55.91   68.53   38.18   40.39
      2     16    121     20   45.79   53.77    7.83    6.87   41.79   46.00   55.91   51.30   82.50   17.59
      2     17    121     17   20.10   32.86    8.72    3.77   41.79   46.00   55.91   21.48   56.97   32.53
      2     18    121     17   15.36   28.16    7.77    3.63   41.79   46.00   55.91   18.71   51.06   40.58
      2     19    121     15   29.43   35.51    7.85    4.52   41.79   46.00   55.91   74.39   55.91   45.89
      2     20    121     14   14.04   18.35    7.87    2.33   41.79   46.00   55.91   44.47   61.89   64.70
      2     21    121      9   27.46   32.49    7.40    4.39   41.79   46.00   55.91   66.34   59.99   39.87
      2     22    121      9   19.75   28.58    7.70    3.71   41.79   46.00   55.91   14.82   39.96   48.66
      2     23    121      8   39.86   48.48    7.37    6.58   41.79   46.00   55.91   47.92   71.58   15.18
      2     24    121      7   40.91   47.71    7.50    6.36   41.79   46.00   55.91   58.72   54.81   12.18
      2     25    121      7   39.87   44.00    7.25    6.07   41.79   46.00   55.91   47.55   88.82   47.57
      2     26    121      6   16.52   19.09    7.29    2.62   41.79   46.00   55.91   52.67   60.98   51.25
      2     27    121      6   14.56   19.58    7.66    2.56   41.79   46.00   55.91   59.93   53.03   58.10
      2     28    121      5   22.91   25.31    8.04    3.15   41.79   46.00   55.91   51.28   69.04   51.44
      2     29    121      5   31.78   41.17    7.14    5.76   41.79   46.00   55.91   43.83   46.28   14.79
      2     30    121      5   10.00   12.26    7.10    1.73   41.79   46.00   55.91   40.20   57.86   58.63
      2     31    121      5   16.00   23.73    7.21    3.29   41.79   46.00   55.91   18.29   48.51   53.79
      2     32    121      5   41.73   48.40    7.09    6.82   41.79   46.00   55.91   46.93   85.23   28.03
      2     33    121      5   10.25   16.88    7.45    2.27   41.79   46.00   55.91   40.04   37.22   41.61
      2     34    121      4   11.49   15.79    7.04    2.24   41.79   46.00   55.91   53.33   50.16   45.97
      3      4    110     58   25.34   34.11    9.72    3.51   57.81   41.69   25.02   35.45   67.26   28.15
      3      5    110     51   26.65   35.13   12.70    2.77   57.81   41.69   25.02   54.49   72.81   41.00
      3      6    110     48   15.17   24.82   11.74    2.11   57.81   41.69   25.02   42.10   57.94   14.75
      3      7    110     43   12.08   21.30    8.97    2.38   57.81   41.69   25.02   53.78   34.58   44.69
      3      8    110     38   37.43   45.69    8.70    5.25   57.81   41.69   25.02   48.92   78.67   50.35
      3      9    110     34   32.66   42.54   10.25    4.15   57.81   41.69   25.02   22.53   31.11   46.31
      3     10    110     34    8.77   14.84    8.23    1.80   57.81   41.69   25.02   43.14   39.92   23.59
      3     11    110     33   24.23   34.22    9.49    3.61   57.81   41.69   25.02   59.63   74.44   15.28
      3     12    110     30   11.36   24.98    8.87    2.82   57.81   41.69   25.02   43.93   27.12   39.82
      3     13    110     25   40.52   50.88    9.53    5.34   57.81   41.69   25.02   54.79   91.03   37.08
      3     14    110     21   31.45   38.23    8.79    4.35   57.81   41.69   25.02   29.38   64.27   37.00
      3     15    110     21   13.45   19.07    8.61    2.22   57.81   41.69   25.02   68.53   38.18   40.39
      3     16    110     20   32.63   41.99    8.07    5.20   57.81   41.69   25.02   51.30   82.50   17.59
      3     17    110     17   32.79   40.13    8.96    4.48   57.81   41.69   25.02   21.48   56.97   32.53
      3     18    110     17   35.34   43.11    8.01    5.38   57.81   41.69   25.02   18.71   51.06   40.58
      3     19    110     15   24.72   30.21    8.10    3.73   57.81   41.69   25.02   74.39   55.91   45.89
      3     20    110     14   40.44   46.48    8.12    5.73   57.81   41.69   25.02   44.47   61.89   64.70
      3     21    110      9   19.39   25.06    7.64    3.28   57.81   41.69   25.02   66.34   59.99   39.87
      3     22    110      9   41.59   49.08    7.94    6.18   57.81   41.69   25.02   14.82   39.96   48.66
      3     23    110      8   24.74   32.98    7.62    4.33   57.81   41.69   25.02   47.92   71.58   15.18
      3     24    110      7    9.11   18.38    7.74    2.37   57.81   41.69   25.02   58.72   54.81   12.18
      3     25    110      7   46.83   53.25    7.49    7.11   57.81   41.69   25.02   47.55   88.82   47.57
      3     26    110      6   28.34   32.96    7.53    4.38   57.81   41.69   25.02   52.67   60.98   51.25
      3     27    110      6   30.23   35.03    7.90    4.43   57.81   41.69   25.02   59.93   53.03   58.10
      3     28    110      5   32.40   38.58    8.28    4.66   57.81   41.69   25.02   51.28   69.04   51.44
      3     29    110      5   15.13   17.91    7.39    2.43   57.81   41.69   25.02   43.83   46.28   14.79
      3     30    110      5   35.14   41.24    7.34    5.62   57.81   41.69   25.02   40.20   57.86   58.63
      3     31    110      5   42.20   49.36    7.45    6.62   57.81   41.69   25.02   18.29   48.51   53.79
      3     32    110      5   37.58   44.97    7.34    6.13   57.81   41.69   25.02   46.93   85.23   28.03
      3     33    110      5   17.09   24.72    7.69    3.21   57.81   41.69   25.02   40.04   37.22   41.61
      3     34    110      4   17.89   23.04    7.28    3.16   57.81   41.69   25.02   53.33   50.16   45.97
      4      5     58     51   13.08   23.63    9.43    2.51   35.45   67.26   28.15   54.49   72.81   41.00
      4      6     58     48   12.53   17.63    8.48    2.08   35.45   67.26   28.15   42.10   57.94   14.75
      4      7     58     43   35.26   40.96    5.70    7.18   35.45   67.26   28.15   53.78   34.58   44.69
      4      8     58     38   20.07   28.36    5.44    5.21   35.45   67.26   28.15   48.92   78.67   50.35
      4      9     58     34   37.03   42.46    6.99    6.07   35.45   67.26   28.15   22.53   31.11   46.31
      4     10     58     34   23.43   28.77    4.97    5.79   35.45   67.26   28.15   43.14   39.92   23.59
      4     11     58     33   23.87   28.32    6.23    4.55   35.45   67.26   28.15   59.63   74.44   15.28
      4     12     58     30   36.57   42.65    5.60    7.61   35.45   67.26   28.15   43.93   27.12   39.82
      4     13     58     25   26.55   31.92    6.26    5.10   35.45   67.26   28.15   54.79   91.03   37.08
      4     14     58     21    6.78   11.14    5.53    2.01   35.45   67.26   28.15   29.38   64.27   37.00
      4     15     58     21   40.44   45.71    5.34    8.56   35.45   67.26   28.15   68.53   38.18   40.39
      4     16     58     20   19.42   24.40    4.81    5.07   35.45   67.26   28.15   51.30   82.50   17.59
      4     17     58     17   13.34   17.89    5.70    3.14   35.45   67.26   28.15   21.48   56.97   32.53
      4     18     58     17   22.56   26.40    4.75    5.56   35.45   67.26   28.15   18.71   51.06   40.58
      4     19     58     15   39.81   44.27    4.83    9.16   35.45   67.26   28.15   74.39   55.91   45.89
      4     20     58     14   32.33   38.02    4.85    7.83   35.45   67.26   28.15   44.47   61.89   64.70
      4     21     58      9   29.43   33.83    4.38    7.72   35.45   67.26   28.15   66.34   59.99   39.87
      4     22     58      9   36.14   39.89    4.68    8.52   35.45   67.26   28.15   14.82   39.96   48.66
      4     23     58      8   15.17   18.51    4.35    4.25   35.45   67.26   28.15   47.92   71.58   15.18
      4     24     58      7   27.15   30.85    4.48    6.89   35.45   67.26   28.15   58.72   54.81   12.18
      4     25     58      7   25.04   31.44    4.23    7.44   35.45   67.26   28.15   47.55   88.82   47.57
      4     26     58      6   25.98   29.49    4.27    6.91   35.45   67.26   28.15   52.67   60.98   51.25
      4     27     58      6   36.69   41.21    4.64    8.89   35.45   67.26   28.15   59.93   53.03   58.10
      4     28     58      5   23.43   28.22    5.02    5.62   35.45   67.26   28.15   51.28   69.04   51.44
      4     29     58      5   22.29   26.25    4.12    6.37   35.45   67.26   28.15   43.83   46.28   14.79
      4     30     58      5   27.73   32.24    4.08    7.90   35.45   67.26   28.15   40.20   57.86   58.63
      4     31     58      5   32.65   36.10    4.19    8.62   35.45   67.26   28.15   18.29   48.51   53.79
      4     32     58      5   17.15   21.32    4.07    5.24   35.45   67.26   28.15   46.93   85.23   28.03
      4     33     58      5   29.09   33.23    4.43    7.50   35.45   67.26   28.15   40.04   37.22   41.61
      4     34     58      4   26.61   30.48    4.02    7.59   35.45   67.26   28.15   53.33   50.16   45.97
      5      6     51     48   24.78   32.61   11.45    2.85   54.49   72.81   41.00   42.10   57.94   14.75
      5      7     51     43   33.78   38.41    8.68    4.43   54.49   72.81   41.00   53.78   34.58   44.69
      5      8     51     38    8.12   12.36    8.41    1.47   54.49   72.81   41.00   48.92   78.67   50.35
      5      9     51     34   45.45   52.81    9.96    5.30   54.49   72.81   41.00   22.53   31.11   46.31
      5     10     51     34   33.24   38.90    7.94    4.90   54.49   72.81   41.00   43.14   39.92   23.59
      5     11     51     33   22.09   26.27    9.20    2.85   54.49   72.81   41.00   59.63   74.44   15.28
      5     12     51     30   42.02   46.90    8.58    5.47   54.49   72.81   41.00   43.93   27.12   39.82
      5     13     51     25   15.52   18.64    9.24    2.02   54.49   72.81   41.00   54.79   91.03   37.08
      5     14     51     21   17.12   26.83    8.50    3.16   54.49   72.81   41.00   29.38   64.27   37.00
      5     15     51     21   31.64   37.37    8.32    4.49   54.49   72.81   41.00   68.53   38.18   40.39
      5     16     51     20   21.05   25.53    7.78    3.28   54.49   72.81   41.00   51.30   82.50   17.59
      5     17     51     17   28.93   37.58    8.67    4.33   54.49   72.81   41.00   21.48   56.97   32.53
      5     18     51     17   34.21   41.87    7.72    5.42   54.49   72.81   41.00   18.71   51.06   40.58
      5     19     51     15   18.68   26.55    7.81    3.40   54.49   72.81   41.00   74.39   55.91   45.89
      5     20     51     14   24.49   27.96    7.83    3.57   54.49   72.81   41.00   44.47   61.89   64.70
      5     21     51      9   10.77   17.49    7.35    2.38   54.49   72.81   41.00   66.34   59.99   39.87
      5     22     51      9   44.59   52.07    7.65    6.80   54.49   72.81   41.00   14.82   39.96   48.66
      5     23     51      8   22.09   26.66    7.33    3.64   54.49   72.81   41.00   47.92   71.58   15.18
      5     24     51      7   29.77   34.23    7.45    4.59   54.49   72.81   41.00   58.72   54.81   12.18
      5     25     51      7   15.65   18.65    7.20    2.59   54.49   72.81   41.00   47.55   88.82   47.57
      5     26     51      6   12.57   15.76    7.24    2.18   54.49   72.81   41.00   52.67   60.98   51.25
      5     27     51      6   22.83   26.70    7.61    3.51   54.49   72.81   41.00   59.93   53.03   58.10
      5     28     51      5    7.55   11.56    7.99    1.45   54.49   72.81   41.00   51.28   69.04   51.44
      5     29     51      5   34.03   38.78    7.10    5.46   54.49   72.81   41.00   43.83   46.28   14.79
      5     30     51      5   22.52   27.18    7.05    3.85   54.49   72.81   41.00   40.20   57.86   58.63
      5     31     51      5   38.65   45.44    7.16    6.34   54.49   72.81   41.00   18.29   48.51   53.79
      5     32     51      5   14.90   19.49    7.05    2.77   54.49   72.81   41.00   46.93   85.23   28.03
      5     33     51      5   33.75   38.42    7.40    5.19   54.49   72.81   41.00   40.04   37.22   41.61
      5     34     51      4   21.19   23.21    6.99    3.32   54.49   72.81   41.00   53.33   50.16   45.97
      6      7     48     43   34.37   39.74    7.73    5.14   42.10   57.94   14.75   53.78   34.58   44.69
      6      8     48     38   36.18   41.75    7.46    5.60   42.10   57.94   14.75   48.92   78.67   50.35
      6      9     48     34   38.48   45.82    9.01    5.08   42.10   57.94   14.75   22.53   31.11   46.31
      6     10     48     34   13.56   20.10    6.99    2.88   42.10   57.94   14.75   43.14   39.92   23.59
      6     11     48     33   15.75   24.08    8.25    2.92   42.10   57.94   14.75   59.63   74.44   15.28
      6     12     48     30   31.64   39.77    7.63    5.22   42.10   57.94   14.75   43.93   27.12   39.82
      6     13     48     25   34.55   41.88    8.28    5.06   42.10   57.94   14.75   54.79   91.03   37.08
      6     14     48     21   21.21   26.41    7.55    3.50   42.10   57.94   14.75   29.38   64.27   37.00
      6     15     48     21   37.01   41.79    7.36    5.67   42.10   57.94   14.75   68.53   38.18   40.39
      6     16     48     20   19.54   26.38    6.83    3.86   42.10   57.94   14.75   51.30   82.50   17.59
      6     17     48     17   21.31   27.25    7.72    3.53   42.10   57.94   14.75   21.48   56.97   32.53
      6     18     48     17   31.03   35.52    6.77    5.25   42.10   57.94   14.75   18.71   51.06   40.58
      6     19     48     15   38.47   44.90    6.85    6.55   42.10   57.94   14.75   74.39   55.91   45.89
      6     20     48     14   47.56   50.16    6.88    7.29   42.10   57.94   14.75   44.47   61.89   64.70
      6     21     48      9   30.02   34.96    6.40    5.46   42.10   57.94   14.75   66.34   59.99   39.87
      6     22     48      9   41.89   47.09    6.70    7.03   42.10   57.94   14.75   14.82   39.96   48.66
      6     23     48      8    8.66   14.83    6.37    2.33   42.10   57.94   14.75   47.92   71.58   15.18
      6     24     48      7    8.31   17.10    6.50    2.63   42.10   57.94   14.75   58.72   54.81   12.18
      6     25     48      7   41.34   45.39    6.25    7.26   42.10   57.94   14.75   47.55   88.82   47.57
      6     26     48      6   35.48   38.12    6.29    6.06   42.10   57.94   14.75   52.67   60.98   51.25
      6     27     48      6   43.47   47.13    6.66    7.08   42.10   57.94   14.75   59.93   53.03   58.10
      6     28     48      5   35.44   39.42    7.04    5.60   42.10   57.94   14.75   51.28   69.04   51.44
      6     29     48      5    7.55   11.79    6.14    1.92   42.10   57.94   14.75   43.83   46.28   14.79
      6     30     48      5   41.11   43.92    6.10    7.20   42.10   57.94   14.75   40.20   57.86   58.63
      6     31     48      5   42.49   46.70    6.21    7.52   42.10   57.94   14.75   18.29   48.51   53.79
      6     32     48      5   25.55   30.72    6.09    5.04   42.10   57.94   14.75   46.93   85.23   28.03
      6     33     48      5   28.84   33.99    6.45    5.27   42.10   57.94   14.75   40.04   37.22   41.61
      6     34     48      4   30.72   34.08    6.04    5.64   42.10   57.94   14.75   53.33   50.16   45.97
      7      8     43     38   38.07   44.72    4.68    9.55   53.78   34.58   44.69   48.92   78.67   50.35
      7      9     43     34   26.02   31.49    6.24    5.05   53.78   34.58   44.69   22.53   31.11   46.31
      7     10     43     34   20.54   24.23    4.21    5.75   53.78   34.58   44.69   43.14   39.92   23.59
      7     11     43     33   44.33   49.88    5.47    9.12   53.78   34.58   44.69   59.63   74.44   15.28
      7     12     43     30    6.00   13.28    4.85    2.74   53.78   34.58   44.69   43.93   27.12   39.82
 groups           7          12  will be considered for merger
      7     13     43     25   50.84   56.97    5.51   10.35   53.78   34.58   44.69   54.79   91.03   37.08
      7     14     43     21   35.41   39.20    4.77    8.21   53.78   34.58   44.69   29.38   64.27   37.00
      7     15     43     21   11.36   15.77    4.59    3.44   53.78   34.58   44.69   68.53   38.18   40.39
      7     16     43     20   50.29   55.11    4.06   13.59   53.78   34.58   44.69   51.30   82.50   17.59
      7     17     43     17   37.78   41.15    4.94    8.32   53.78   34.58   44.69   21.48   56.97   32.53
      7     18     43     17   34.71   38.96    3.99    9.76   53.78   34.58   44.69   18.71   51.06   40.58
      7     19     43     15   24.76   29.68    4.08    7.28   53.78   34.58   44.69   74.39   55.91   45.89
      7     20     43     14   31.32   35.11    4.10    8.56   53.78   34.58   44.69   44.47   61.89   64.70
      7     21     43      9   24.49   28.76    3.63    7.93   53.78   34.58   44.69   66.34   59.99   39.87
      7     22     43      9   35.82   39.53    3.92   10.07   53.78   34.58   44.69   14.82   39.96   48.66
      7     23     43      8   44.34   47.69    3.60   13.25   53.78   34.58   44.69   47.92   71.58   15.18
      7     24     43      7   36.12   38.61    3.72   10.37   53.78   34.58   44.69   58.72   54.81   12.18
      7     25     43      7   51.39   54.68    3.47   15.74   53.78   34.58   44.69   47.55   88.82   47.57
      7     26     43      6   23.62   27.23    3.52    7.75   53.78   34.58   44.69   52.67   60.98   51.25
      7     27     43      6   19.62   23.63    3.88    6.09   53.78   34.58   44.69   59.93   53.03   58.10
      7     28     43      5   31.40   35.20    4.26    8.26   53.78   34.58   44.69   51.28   69.04   51.44
      7     29     43      5   31.29   33.62    3.37    9.98   53.78   34.58   44.69   43.83   46.28   14.79
      7     30     43      5   27.66   30.34    3.32    9.13   53.78   34.58   44.69   40.20   57.86   58.63
      7     31     43      5   36.24   39.20    3.43   11.42   53.78   34.58   44.69   18.29   48.51   53.79
      7     32     43      5   50.29   53.76    3.32   16.21   53.78   34.58   44.69   46.93   85.23   28.03
      7     33     43      5   11.49   14.33    3.67    3.90   53.78   34.58   44.69   40.04   37.22   41.61
      7     34     43      4   12.21   15.65    3.26    4.80   53.78   34.58   44.69   53.33   50.16   45.97
      8      9     38     34   47.51   54.54    5.97    9.14   48.92   78.67   50.35   22.53   31.11   46.31
      8     10     38     34   41.45   47.44    3.95   12.01   48.92   78.67   50.35   43.14   39.92   23.59
      8     11     38     33   33.00   36.90    5.21    7.09   48.92   78.67   50.35   59.63   74.44   15.28
      8     12     38     30   46.10   52.85    4.58   11.53   48.92   78.67   50.35   43.93   27.12   39.82
      8     13     38     25   15.52   19.06    5.24    3.64   48.92   78.67   50.35   54.79   91.03   37.08
      8     14     38     21   19.67   27.70    4.51    6.14   48.92   78.67   50.35   29.38   64.27   37.00
      8     15     38     21   40.91   46.07    4.32   10.66   48.92   78.67   50.35   68.53   38.18   40.39
      8     16     38     20   29.44   33.06    3.79    8.72   48.92   78.67   50.35   51.30   82.50   17.59
      8     17     38     17   33.56   39.26    4.68    8.39   48.92   78.67   50.35   21.48   56.97   32.53
      8     18     38     17   36.28   42.07    3.73   11.29   48.92   78.67   50.35   18.71   51.06   40.58
      8     19     38     15   30.87   34.44    3.81    9.04   48.92   78.67   50.35   74.39   55.91   45.89
      8     20     38     14   19.21   22.53    3.83    5.87   48.92   78.67   50.35   44.47   61.89   64.70
      8     21     38      9   24.52   27.60    3.36    8.21   48.92   78.67   50.35   66.34   59.99   39.87
      8     22     38      9   45.28   51.62    3.66   14.11   48.92   78.67   50.35   14.82   39.96   48.66
      8     23     38      8   33.54   35.88    3.33   10.77   48.92   78.67   50.35   47.92   71.58   15.18
      8     24     38      7   42.59   46.06    3.46   13.32   48.92   78.67   50.35   58.72   54.81   12.18
      8     25     38      7    8.54   10.62    3.21    3.31   48.92   78.67   50.35   47.55   88.82   47.57
      8     26     38      6   14.25   18.10    3.25    5.57   48.92   78.67   50.35   52.67   60.98   51.25
      8     27     38      6   25.48   28.95    3.62    8.01   48.92   78.67   50.35   59.93   53.03   58.10
      8     28     38      5    7.00    9.97    4.00    2.50   48.92   78.67   50.35   51.28   69.04   51.44
      8     29     38      5   44.15   48.36    3.10   15.59   48.92   78.67   50.35   43.83   46.28   14.79
      8     30     38      5   19.31   24.03    3.06    7.86   48.92   78.67   50.35   40.20   57.86   58.63
      8     31     38      5   37.87   43.13    3.17   13.61   48.92   78.67   50.35   18.29   48.51   53.79
      8     32     38      5   20.71   23.35    3.05    7.65   48.92   78.67   50.35   46.93   85.23   28.03
      8     33     38      5   37.16   43.28    3.41   12.70   48.92   78.67   50.35   40.04   37.22   41.61
      8     34     38      4   24.92   29.17    3.00    9.73   48.92   78.67   50.35   53.33   50.16   45.97
      9     10     34     34   27.17   31.92    5.50    5.80   22.53   31.11   46.31   43.14   39.92   23.59
      9     11     34     33   59.89   64.94    6.76    9.61   22.53   31.11   46.31   59.63   74.44   15.28
      9     12     34     30   16.97   22.72    6.14    3.70   22.53   31.11   46.31   43.93   27.12   39.82
      9     13     34     25   64.41   68.68    6.79   10.11   22.53   31.11   46.31   54.79   91.03   37.08
      9     14     34     21   31.72   35.12    6.06    5.79   22.53   31.11   46.31   29.38   64.27   37.00
      9     15     34     21   42.40   46.91    5.87    7.99   22.53   31.11   46.31   68.53   38.18   40.39
      9     16     34     20   61.73   65.53    5.34   12.27   22.53   31.11   46.31   51.30   82.50   17.59
      9     17     34     17   25.94   29.33    6.23    4.71   22.53   31.11   46.31   21.48   56.97   32.53
      9     18     34     17   18.28   21.10    5.28    4.00   22.53   31.11   46.31   18.71   51.06   40.58
      9     19     34     15   53.71   57.48    5.36   10.72   22.53   31.11   46.31   74.39   55.91   45.89
      9     20     34     14   38.00   42.03    5.39    7.80   22.53   31.11   46.31   44.47   61.89   64.70
      9     21     34      9   48.52   52.87    4.91   10.76   22.53   31.11   46.31   66.34   59.99   39.87
      9     22     34      9    9.00   11.97    5.21    2.30   22.53   31.11   46.31   14.82   39.96   48.66
      9     23     34      8   53.60   57.02    4.88   11.67   22.53   31.11   46.31   47.92   71.58   15.18
      9     24     34      7   51.59   55.10    5.01   11.00   22.53   31.11   46.31   58.72   54.81   12.18
      9     25     34      7   60.17   62.92    4.76   13.22   22.53   31.11   46.31   47.55   88.82   47.57
      9     26     34      6   39.22   42.72    4.80    8.90   22.53   31.11   46.31   52.67   60.98   51.25
      9     27     34      6   41.45   44.93    5.17    8.69   22.53   31.11   46.31   59.93   53.03   58.10
      9     28     34      5   44.96   47.87    5.55    8.63   22.53   31.11   46.31   51.28   69.04   51.44
      9     29     34      5   37.68   40.95    4.65    8.80   22.53   31.11   46.31   43.83   46.28   14.79
      9     30     34      5   31.46   34.35    4.61    7.45   22.53   31.11   46.31   40.20   57.86   58.63
      9     31     34      5   16.52   19.41    4.72    4.11   22.53   31.11   46.31   18.29   48.51   53.79
      9     32     34      5   58.97   62.12    4.60   13.49   22.53   31.11   46.31   46.93   85.23   28.03
      9     33     34      5   14.87   19.13    4.96    3.86   22.53   31.11   46.31   40.04   37.22   41.61
      9     34     34      4   32.76   36.22    4.55    7.96   22.53   31.11   46.31   53.33   50.16   45.97
     10     11     34     33   34.26   39.15    4.74    8.26   43.14   39.92   23.59   59.63   74.44   15.28
     10     12     34     30   15.84   20.69    4.11    5.03   43.14   39.92   23.59   43.93   27.12   39.82
     10     13     34     25   48.80   54.13    4.77   11.34   43.14   39.92   23.59   54.79   91.03   37.08
     10     14     34     21   27.46   31.02    4.04    7.68   43.14   39.92   23.59   29.38   64.27   37.00
     10     15     34     21   27.80   30.49    3.85    7.92   43.14   39.92   23.59   68.53   38.18   40.39
     10     16     34     20   40.12   43.77    3.32   13.18   43.14   39.92   23.59   51.30   82.50   17.59
     10     17     34     17   25.20   28.99    4.21    6.89   43.14   39.92   23.59   21.48   56.97   32.53
     10     18     34     17   28.60   31.77    3.26    9.75   43.14   39.92   23.59   18.71   51.06   40.58
     10     19     34     15   38.29   41.59    3.34   12.44   43.14   39.92   23.59   74.39   55.91   45.89
     10     20     34     14   44.72   46.63    3.36   13.86   43.14   39.92   23.59   44.47   61.89   64.70
     10     21     34      9   31.30   34.73    2.89   12.01   43.14   39.92   23.59   66.34   59.99   39.87
     10     22     34      9   34.73   37.82    3.19   11.86   43.14   39.92   23.59   14.82   39.96   48.66
     10     23     34      8   30.23   33.10    2.86   11.56   43.14   39.92   23.59   47.92   71.58   15.18
     10     24     34      7   21.42   24.39    2.99    8.16   43.14   39.92   23.59   58.72   54.81   12.18
     10     25     34      7   52.36   54.65    2.74   19.96   43.14   39.92   23.59   47.55   88.82   47.57
     10     26     34      6   33.75   36.05    2.78   12.97   43.14   39.92   23.59   52.67   60.98   51.25
     10     27     34      6   37.80   40.56    3.15   12.89   43.14   39.92   23.59   59.93   53.03   58.10
     10     28     34      5   37.46   41.11    3.53   11.65   43.14   39.92   23.59   51.28   69.04   51.44
     10     29     34      5    8.72   10.88    2.63    4.13   43.14   39.92   23.59   43.83   46.28   14.79
     10     30     34      5   37.60   39.47    2.59   15.24   43.14   39.92   23.59   40.20   57.86   58.63
     10     31     34      5   37.34   40.05    2.70   14.84   43.14   39.92   23.59   18.29   48.51   53.79
     10     32     34      5   43.23   45.68    2.58   17.69   43.14   39.92   23.59   46.93   85.23   28.03
     10     33     34      5   16.16   18.49    2.94    6.29   43.14   39.92   23.59   40.04   37.22   41.61
     10     34     34      4   24.56   26.64    2.53   10.54   43.14   39.92   23.59   53.33   50.16   45.97
     11     12     33     30   49.00   55.57    5.37   10.34   59.63   74.44   15.28   43.93   27.12   39.82
     11     13     33     25   21.49   27.81    6.03    4.61   59.63   74.44   15.28   54.79   91.03   37.08
     11     14     33     21   35.51   38.60    5.30    7.29   59.63   74.44   15.28   29.38   64.27   37.00
     11     15     33     21   40.46   45.00    5.11    8.80   59.63   74.44   15.28   68.53   38.18   40.39
     11     16     33     20    5.39   11.81    4.58    2.58   59.63   74.44   15.28   51.30   82.50   17.59
 groups          11          16  will be considered for merger
     11     17     33     17   42.07   45.37    5.47    8.30   59.63   74.44   15.28   21.48   56.97   32.53
     11     18     33     17   50.75   53.48    4.52   11.84   59.63   74.44   15.28   18.71   51.06   40.58
     11     19     33     15   33.96   38.71    4.60    8.41   59.63   74.44   15.28   74.39   55.91   45.89
     11     20     33     14   50.72   53.19    4.62   11.50   59.63   74.44   15.28   44.47   61.89   64.70
     11     21     33      9   25.98   29.29    4.15    7.06   59.63   74.44   15.28   66.34   59.99   39.87
     11     22     33      9   62.62   65.65    4.45   14.76   59.63   74.44   15.28   14.82   39.96   48.66
     11     23     33      8    9.54   12.05    4.12    2.92   59.63   74.44   15.28   47.92   71.58   15.18
     11     24     33      7   15.59   19.89    4.25    4.69   59.63   74.44   15.28   58.72   54.81   12.18
     11     25     33      7   34.10   37.35    4.00    9.34   59.63   74.44   15.28   47.55   88.82   47.57
     11     26     33      6   36.12   39.03    4.04    9.66   59.63   74.44   15.28   52.67   60.98   51.25
     11     27     33      6   44.78   47.87    4.41   10.87   59.63   74.44   15.28   59.93   53.03   58.10
     11     28     33      5   34.09   37.50    4.79    7.84   59.63   74.44   15.28   51.28   69.04   51.44
     11     29     33      5   29.22   32.30    3.89    8.30   59.63   74.44   15.28   43.83   46.28   14.79
     11     30     33      5   47.90   50.31    3.85   13.07   59.63   74.44   15.28   40.20   57.86   58.63
     11     31     33      5   59.82   62.17    3.96   15.71   59.63   74.44   15.28   18.29   48.51   53.79
     11     32     33      5   17.46   20.97    3.84    5.46   59.63   74.44   15.28   46.93   85.23   28.03
     11     33     33      5   46.11   49.62    4.20   11.82   59.63   74.44   15.28   40.04   37.22   41.61
     11     34     33      4   36.30   39.63    3.79   10.47   59.63   74.44   15.28   53.33   50.16   45.97
     12     13     30     25   58.99   64.88    5.41   12.00   43.93   27.12   39.82   54.79   91.03   37.08
     12     14     30     21   36.69   40.00    4.67    8.56   43.93   27.12   39.82   29.38   64.27   37.00
     12     15     30     21   21.63   26.97    4.49    6.01   43.93   27.12   39.82   68.53   38.18   40.39
     12     16     30     20   54.87   60.13    3.96   15.20   43.93   27.12   39.82   51.30   82.50   17.59
     12     17     30     17   34.76   38.06    4.84    7.86   43.93   27.12   39.82   21.48   56.97   32.53
     12     18     30     17   30.48   34.78    3.89    8.93   43.93   27.12   39.82   18.71   51.06   40.58
     12     19     30     15   37.46   42.34    3.98   10.65   43.93   27.12   39.82   74.39   55.91   45.89
     12     20     30     14   40.61   42.76    4.00   10.69   43.93   27.12   39.82   44.47   61.89   64.70
     12     21     30      9   35.00   39.78    3.53   11.28   43.93   27.12   39.82   66.34   59.99   39.87
     12     22     30      9   28.72   33.02    3.82    8.63   43.93   27.12   39.82   14.82   39.96   48.66
     12     23     30      8   46.57   50.98    3.50   14.57   43.93   27.12   39.82   47.92   71.58   15.18
     12     24     30      7   37.34   41.83    3.62   11.55   43.93   27.12   39.82   58.72   54.81   12.18
     12     25     30      7   59.54   62.29    3.37   18.46   43.93   27.12   39.82   47.55   88.82   47.57
     12     26     30      6   33.62   36.79    3.42   10.77   43.93   27.12   39.82   52.67   60.98   51.25
     12     27     30      6   32.31   35.52    3.78    9.39   43.93   27.12   39.82   59.93   53.03   58.10
     12     28     30      5   40.57   44.11    4.16   10.60   43.93   27.12   39.82   51.28   69.04   51.44
     12     29     30      5   27.28   31.52    3.27    9.64   43.93   27.12   39.82   43.83   46.28   14.79
     12     30     30      5   34.37   36.23    3.22   11.23   43.93   27.12   39.82   40.20   57.86   58.63
     12     31     30      5   32.70   36.20    3.33   10.86   43.93   27.12   39.82   18.29   48.51   53.79
     12     32     30      5   55.74   59.37    3.22   18.45   43.93   27.12   39.82   46.93   85.23   28.03
     12     33     30      5    9.06   10.97    3.57    3.07   43.93   27.12   39.82   40.04   37.22   41.61
     12     34     30      4   22.02   25.63    3.16    8.11   43.93   27.12   39.82   53.33   50.16   45.97
     13     14     25     21   33.54   36.90    5.33    6.92   54.79   91.03   37.08   29.38   64.27   37.00
     13     15     25     21   49.53   54.70    5.14   10.63   54.79   91.03   37.08   68.53   38.18   40.39
     13     16     25     20   17.35   21.55    4.61    4.67   54.79   91.03   37.08   51.30   82.50   17.59
     13     17     25     17   45.38   47.86    5.50    8.70   54.79   91.03   37.08   21.48   56.97   32.53
     13     18     25     17   51.87   53.96    4.55   11.86   54.79   91.03   37.08   18.71   51.06   40.58
     13     19     25     15   35.30   41.17    4.63    8.88   54.79   91.03   37.08   74.39   55.91   45.89
     13     20     25     14   39.12   41.46    4.66    8.90   54.79   91.03   37.08   44.47   61.89   64.70
     13     21     25      9   28.60   33.23    4.18    7.94   54.79   91.03   37.08   66.34   59.99   39.87
     13     22     25      9   63.19   65.88    4.48   14.70   54.79   91.03   37.08   14.82   39.96   48.66
     13     23     25      8   26.25   30.08    4.16    7.24   54.79   91.03   37.08   47.92   71.58   15.18
     13     24     25      7   38.61   44.12    4.28   10.31   54.79   91.03   37.08   58.72   54.81   12.18
     13     25     25      7    9.80   12.94    4.03    3.21   54.79   91.03   37.08   47.55   88.82   47.57
     13     26     25      6   30.28   33.29    4.07    8.17   54.79   91.03   37.08   52.67   60.98   51.25
     13     27     25      6   40.55   43.73    4.44    9.85   54.79   91.03   37.08   59.93   53.03   58.10
     13     28     25      5   23.96   26.50    4.82    5.50   54.79   91.03   37.08   51.28   69.04   51.44
     13     29     25      5   47.43   51.18    3.93   13.04   54.79   91.03   37.08   43.83   46.28   14.79
     13     30     25      5   40.24   42.16    3.88   10.86   54.79   91.03   37.08   40.20   57.86   58.63
     13     31     25      5   56.52   58.48    3.99   14.65   54.79   91.03   37.08   18.29   48.51   53.79
     13     32     25      5   11.58   13.32    3.87    3.44   54.79   91.03   37.08   46.93   85.23   28.03
     13     33     25      5   52.02   55.98    4.23   13.23   54.79   91.03   37.08   40.04   37.22   41.61
     13     34     25      4   38.44   41.85    3.82   10.95   54.79   91.03   37.08   53.33   50.16   45.97
     14     15     21     21   42.73   47.17    4.41   10.69   29.38   64.27   37.00   68.53   38.18   40.39
     14     16     21     20   31.40   34.49    3.88    8.89   29.38   64.27   37.00   51.30   82.50   17.59
     14     17     21     17    8.83   11.65    4.77    2.44   29.38   64.27   37.00   21.48   56.97   32.53
     14     18     21     17   14.46   17.35    3.82    4.55   29.38   64.27   37.00   18.71   51.06   40.58
     14     19     21     15   43.00   46.63    3.90   11.95   29.38   64.27   37.00   74.39   55.91   45.89
     14     20     21     14   26.57   31.63    3.92    8.06   29.38   64.27   37.00   44.47   61.89   64.70
     14     21     21      9   33.27   37.32    3.45   10.81   29.38   64.27   37.00   66.34   59.99   39.87
     14     22     21      9   26.98   30.64    3.75    8.17   29.38   64.27   37.00   14.82   39.96   48.66
     14     23     21      8   26.85   29.55    3.42    8.63   29.38   64.27   37.00   47.92   71.58   15.18
     14     24     21      7   36.74   39.58    3.55   11.16   29.38   64.27   37.00   58.72   54.81   12.18
     14     25     21      7   28.34   32.32    3.30    9.80   29.38   64.27   37.00   47.55   88.82   47.57
     14     26     21      6   23.37   27.50    3.34    8.23   29.38   64.27   37.00   52.67   60.98   51.25
     14     27     21      6   34.09   38.79    3.71   10.47   29.38   64.27   37.00   59.93   53.03   58.10
     14     28     21      5   22.14   26.66    4.09    6.52   29.38   64.27   37.00   51.28   69.04   51.44
     14     29     21      5   29.43   32.03    3.19   10.03   29.38   64.27   37.00   43.83   46.28   14.79
     14     30     21      5   21.26   25.02    3.15    7.95   29.38   64.27   37.00   40.20   57.86   58.63
     14     31     21      5   22.41   25.56    3.26    7.84   29.38   64.27   37.00   18.29   48.51   53.79
     14     32     21      5   26.59   28.77    3.14    9.16   29.38   64.27   37.00   46.93   85.23   28.03
     14     33     21      5   27.04   29.44    3.50    8.42   29.38   64.27   37.00   40.04   37.22   41.61
     14     34     21      4   26.29   29.21    3.09    9.46   29.38   64.27   37.00   53.33   50.16   45.97
     15     16     21     20   49.35   52.73    3.69   14.28   68.53   38.18   40.39   51.30   82.50   17.59
     15     17     21     17   47.31   51.27    4.58   11.19   68.53   38.18   40.39   21.48   56.97   32.53
     15     18     21     17   47.31   51.45    3.63   14.17   68.53   38.18   40.39   18.71   51.06   40.58
     15     19     21     15   16.91   19.47    3.71    5.24   68.53   38.18   40.39   74.39   55.91   45.89
     15     20     21     14   36.99   41.61    3.74   11.13   68.53   38.18   40.39   44.47   61.89   64.70
     15     21     21      9   20.05   21.93    3.26    6.72   68.53   38.18   40.39   66.34   59.99   39.87
     15     22     21      9   51.28   54.36    3.56   15.26   68.53   38.18   40.39   14.82   39.96   48.66
     15     23     21      8   44.65   46.64    3.24   14.41   68.53   38.18   40.39   47.92   71.58   15.18
     15     24     21      7   31.32   34.19    3.36   10.17   68.53   38.18   40.39   58.72   54.81   12.18
     15     25     21      7   52.44   55.28    3.11   17.77   68.53   38.18   40.39   47.55   88.82   47.57
     15     26     21      6   26.29   29.82    3.15    9.46   68.53   38.18   40.39   52.67   60.98   51.25
     15     27     21      6   21.68   24.66    3.52    7.01   68.53   38.18   40.39   59.93   53.03   58.10
     15     28     21      5   33.39   37.04    3.90    9.50   68.53   38.18   40.39   51.28   69.04   51.44
     15     29     21      5   34.99   36.48    3.01   12.14   68.53   38.18   40.39   43.83   46.28   14.79
     15     30     21      5   35.44   39.01    2.96   13.17   68.53   38.18   40.39   40.20   57.86   58.63
     15     31     21      5   50.04   53.01    3.07   17.26   68.53   38.18   40.39   18.29   48.51   53.79
     15     32     21      5   51.20   53.22    2.95   18.01   68.53   38.18   40.39   46.93   85.23   28.03
     15     33     21      5   26.00   28.53    3.31    8.62   68.53   38.18   40.39   40.04   37.22   41.61
     15     34     21      4   17.29   20.14    2.90    6.94   68.53   38.18   40.39   53.33   50.16   45.97
     16     17     20     17   39.06   42.01    4.05   10.37   51.30   82.50   17.59   21.48   56.97   32.53
     16     18     20     17   48.26   50.78    3.10   16.39   51.30   82.50   17.59   18.71   51.06   40.58
     16     19     20     15   41.15   45.17    3.18   14.19   51.30   82.50   17.59   74.39   55.91   45.89
     16     20     20     14   49.89   51.87    3.21   16.18   51.30   82.50   17.59   44.47   61.89   64.70
     16     21     20      9   32.06   35.05    2.73   12.83   51.30   82.50   17.59   66.34   59.99   39.87
     16     22     20      9   61.48   64.08    3.03   21.14   51.30   82.50   17.59   14.82   39.96   48.66
     16     23     20      8    9.27   11.69    2.70    4.32   51.30   82.50   17.59   47.92   71.58   15.18
     16     24     20      7   25.24   29.17    2.83   10.31   51.30   82.50   17.59   58.72   54.81   12.18
     16     25     20      7   28.35   30.86    2.58   11.96   51.30   82.50   17.59   47.55   88.82   47.57
     16     26     20      6   37.22   39.97    2.62   15.25   51.30   82.50   17.59   52.67   60.98   51.25
     16     27     20      6   47.81   50.83    2.99   17.01   51.30   82.50   17.59   59.93   53.03   58.10
     16     28     20      5   33.26   36.43    3.37   10.81   51.30   82.50   17.59   51.28   69.04   51.44
     16     29     20      5   35.16   37.09    2.47   14.99   51.30   82.50   17.59   43.83   46.28   14.79
     16     30     20      5   47.20   49.14    2.43   20.21   51.30   82.50   17.59   40.20   57.86   58.63
     16     31     20      5   57.84   59.63    2.54   23.47   51.30   82.50   17.59   18.29   48.51   53.79
     16     32     20      5    9.00   11.64    2.42    4.80   51.30   82.50   17.59   46.93   85.23   28.03
     16     33     20      5   49.84   52.48    2.78   18.88   51.30   82.50   17.59   40.04   37.22   41.61
     16     34     20      4   40.37   43.07    2.37   18.18   51.30   82.50   17.59   53.33   50.16   45.97
     17     18     17     17    8.49   10.36    3.99    2.60   21.48   56.97   32.53   18.71   51.06   40.58
     17     19     17     15   51.42   54.58    4.07   13.41   21.48   56.97   32.53   74.39   55.91   45.89
     17     20     17     14   37.23   39.84    4.09    9.73   21.48   56.97   32.53   44.47   61.89   64.70
     17     21     17      9   41.88   45.56    3.62   12.58   21.48   56.97   32.53   66.34   59.99   39.87
     17     22     17      9   22.23   24.37    3.92    6.22   21.48   56.97   32.53   14.82   39.96   48.66
     17     23     17      8   32.30   34.83    3.59    9.70   21.48   56.97   32.53   47.92   71.58   15.18
     17     24     17      7   39.45   42.50    3.72   11.43   21.48   56.97   32.53   58.72   54.81   12.18
     17     25     17      7   41.06   43.82    3.47   12.64   21.48   56.97   32.53   47.55   88.82   47.57
     17     26     17      6   34.07   36.60    3.51   10.43   21.48   56.97   32.53   52.67   60.98   51.25
     17     27     17      6   43.12   46.34    3.88   11.96   21.48   56.97   32.53   59.93   53.03   58.10
     17     28     17      5   34.89   37.30    4.26    8.76   21.48   56.97   32.53   51.28   69.04   51.44
     17     29     17      5   27.15   30.48    3.36    9.07   21.48   56.97   32.53   43.83   46.28   14.79
     17     30     17      5   30.50   32.13    3.32    9.68   21.48   56.97   32.53   40.20   57.86   58.63
     17     31     17      5   20.59   23.10    3.43    6.74   21.48   56.97   32.53   18.29   48.51   53.79
     17     32     17      5   36.46   38.29    3.31   11.57   21.48   56.97   32.53   46.93   85.23   28.03
     17     33     17      5   26.42   28.59    3.67    7.79   21.48   56.97   32.53   40.04   37.22   41.61
     17     34     17      4   32.76   35.23    3.26   10.82   21.48   56.97   32.53   53.33   50.16   45.97
     18     19     17     15   53.39   56.13    3.12   17.99   18.71   51.06   40.58   74.39   55.91   45.89
     18     20     17     14   34.01   36.91    3.14   11.74   18.71   51.06   40.58   44.47   61.89   64.70
     18     21     17      9   44.92   48.46    2.67   18.15   18.71   51.06   40.58   66.34   59.99   39.87
     18     22     17      9   12.41   14.27    2.97    4.81   18.71   51.06   40.58   14.82   39.96   48.66
     18     23     17      8   41.88   43.80    2.64   16.58   18.71   51.06   40.58   47.92   71.58   15.18
     18     24     17      7   47.18   49.20    2.77   17.79   18.71   51.06   40.58   58.72   54.81   12.18
     18     25     17      7   46.20   48.03    2.52   19.08   18.71   51.06   40.58   47.55   88.82   47.57
     18     26     17      6   34.07   36.95    2.56   14.44   18.71   51.06   40.58   52.67   60.98   51.25
     18     27     17      6   41.34   44.83    2.93   15.32   18.71   51.06   40.58   59.93   53.03   58.10
     18     28     17      5   36.73   38.75    3.31   11.72   18.71   51.06   40.58   51.28   69.04   51.44
     18     29     17      5   34.18   36.31    2.41   15.06   18.71   51.06   40.58   43.83   46.28   14.79
     18     30     17      5   26.44   28.87    2.37   12.19   18.71   51.06   40.58   40.20   57.86   58.63
     18     31     17      5   12.17   13.46    2.48    5.43   18.71   51.06   40.58   18.29   48.51   53.79
     18     32     17      5   44.29   46.06    2.36   19.51   18.71   51.06   40.58   46.93   85.23   28.03
     18     33     17      5   22.83   25.44    2.72    9.36   18.71   51.06   40.58   40.04   37.22   41.61
     18     34     17      4   32.39   35.04    2.31   15.20   18.71   51.06   40.58   53.33   50.16   45.97
     19     20     15     14   32.59   35.84    3.23   11.11   74.39   55.91   45.89   44.47   61.89   64.70
     19     21     15      9    8.60   10.85    2.75    3.94   74.39   55.91   45.89   66.34   59.99   39.87
     19     22     15      9   59.51   61.72    3.05   20.23   74.39   55.91   45.89   14.82   39.96   48.66
     19     23     15      8   40.77   43.46    2.73   15.95   74.39   55.91   45.89   47.92   71.58   15.18
     19     24     15      7   34.99   37.19    2.85   13.05   74.39   55.91   45.89   58.72   54.81   12.18
     19     25     15      7   39.06   42.50    2.60   16.34   74.39   55.91   45.89   47.55   88.82   47.57
     19     26     15      6   20.71   22.93    2.64    8.68   74.39   55.91   45.89   52.67   60.98   51.25
     19     27     15      6   17.83   19.14    3.01    6.36   74.39   55.91   45.89   59.93   53.03   58.10
     19     28     15      5   24.35   27.15    3.39    8.01   74.39   55.91   45.89   51.28   69.04   51.44
     19     29     15      5   42.91   44.65    2.50   17.89   74.39   55.91   45.89   43.83   46.28   14.79
     19     30     15      5   35.11   36.53    2.45   14.90   74.39   55.91   45.89   40.20   57.86   58.63
     19     31     15      5   55.77   57.13    2.56   22.30   74.39   55.91   45.89   18.29   48.51   53.79
     19     32     15      5   41.58   43.96    2.44   17.98   74.39   55.91   45.89   46.93   85.23   28.03
     19     33     15      5   36.89   39.34    2.80   14.05   74.39   55.91   45.89   40.04   37.22   41.61
     19     34     15      4   20.40   21.83    2.39    9.13   74.39   55.91   45.89   53.33   50.16   45.97
     20     21     14      9   30.02   33.15    2.78   11.94   44.47   61.89   64.70   66.34   59.99   39.87
     20     22     14      9   37.05   40.21    3.07   13.08   44.47   61.89   64.70   14.82   39.96   48.66
     20     23     14      8   49.69   50.57    2.75   18.40   44.47   61.89   64.70   47.92   71.58   15.18
     20     24     14      7   53.39   54.87    2.87   19.10   44.47   61.89   64.70   58.72   54.81   12.18
     20     25     14      7   30.59   32.07    2.62   12.22   44.47   61.89   64.70   47.55   88.82   47.57
     20     26     14      6   13.00   15.78    2.67    5.92   44.47   61.89   64.70   52.67   60.98   51.25
     20     27     14      6   16.03   19.00    3.03    6.27   44.47   61.89   64.70   59.93   53.03   58.10
     20     28     14      5   13.49   16.53    3.41    4.84   44.47   61.89   64.70   51.28   69.04   51.44
     20     29     14      5   51.24   52.29    2.52   20.77   44.47   61.89   64.70   43.83   46.28   14.79
     20     30     14      5    7.07    8.44    2.47    3.41   44.47   61.89   64.70   40.20   57.86   58.63
     20     31     14      5   28.62   31.36    2.58   12.13   44.47   61.89   64.70   18.29   48.51   53.79
     20     32     14      5   42.20   43.54    2.47   17.64   44.47   61.89   64.70   46.93   85.23   28.03
     20     33     14      5   31.97   34.08    2.82   12.07   44.47   61.89   64.70   40.04   37.22   41.61
     20     34     14      4   21.93   23.81    2.41    9.87   44.47   61.89   64.70   53.33   50.16   45.97
     21     22      9      9   52.97   55.97    2.60   21.52   66.34   59.99   39.87   14.82   39.96   48.66
     21     23      9      8   31.32   32.91    2.27   14.47   66.34   59.99   39.87   47.92   71.58   15.18
     21     24      9      7   28.34   29.18    2.40   12.16   66.34   59.99   39.87   58.72   54.81   12.18
     21     25      9      7   33.00   35.26    2.15   16.40   66.34   59.99   39.87   47.55   88.82   47.57
     21     26      9      6   15.56   17.82    2.19    8.13   66.34   59.99   39.87   52.67   60.98   51.25
     21     27      9      6   18.71   20.54    2.56    8.03   66.34   59.99   39.87   59.93   53.03   58.10
     21     28      9      5   17.72   21.04    2.94    7.16   66.34   59.99   39.87   51.28   69.04   51.44
     21     29      9      5   35.14   36.38    2.04   17.79   66.34   59.99   39.87   43.83   46.28   14.79
     21     30      9      5   30.02   32.24    2.00   16.11   66.34   59.99   39.87   40.20   57.86   58.63
     21     31      9      5   49.05   51.33    2.11   24.32   66.34   59.99   39.87   18.29   48.51   53.79
     21     32      9      5   32.31   33.97    1.99   17.03   66.34   59.99   39.87   46.93   85.23   28.03
     21     33      9      5   31.95   34.84    2.35   14.82   66.34   59.99   39.87   40.04   37.22   41.61
     21     34      9      4   15.07   17.41    1.94    8.98   66.34   59.99   39.87   53.33   50.16   45.97
     22     23      9      8   54.87   56.71    2.57   22.04   14.82   39.96   48.66   47.92   71.58   15.18
     22     24      9      7   57.06   58.97    2.70   21.86   14.82   39.96   48.66   58.72   54.81   12.18
     22     25      9      7   56.34   58.82    2.45   24.03   14.82   39.96   48.66   47.55   88.82   47.57
     22     26      9      6   40.76   43.37    2.49   17.42   14.82   39.96   48.66   52.67   60.98   51.25
     22     27      9      6   45.35   47.90    2.86   16.77   14.82   39.96   48.66   59.93   53.03   58.10
     22     28      9      5   44.38   46.72    3.24   14.43   14.82   39.96   48.66   51.28   69.04   51.44
     22     29      9      5   43.06   45.04    2.34   19.22   14.82   39.96   48.66   43.83   46.28   14.79
     22     30      9      5   30.22   32.62    2.30   14.19   14.82   39.96   48.66   40.20   57.86   58.63
     22     31      9      5    8.06   10.56    2.41    4.38   14.82   39.96   48.66   18.29   48.51   53.79
     22     32      9      5   57.02   59.21    2.29   25.83   14.82   39.96   48.66   46.93   85.23   28.03
     22     33      9      5   24.10   26.32    2.65    9.94   14.82   39.96   48.66   40.04   37.22   41.61
     22     34      9      4   37.97   39.92    2.24   17.85   14.82   39.96   48.66   53.33   50.16   45.97
     23     24      8      7   16.91   20.17    2.37    8.50   47.92   71.58   15.18   58.72   54.81   12.18
     23     25      8      7   35.78   36.69    2.12   17.29   47.92   71.58   15.18   47.55   88.82   47.57
     23     26      8      6   36.36   37.89    2.16   17.51   47.92   71.58   15.18   52.67   60.98   51.25
     23     27      8      6   46.40   48.27    2.53   19.07   47.92   71.58   15.18   59.93   53.03   58.10
     23     28      8      5   34.19   36.50    2.91   12.54   47.92   71.58   15.18   51.28   69.04   51.44
     23     29      8      5   24.21   25.63    2.02   12.71   47.92   71.58   15.18   43.83   46.28   14.79
     23     30      8      5   45.19   46.21    1.97   23.42   47.92   71.58   15.18   40.20   57.86   58.63
     23     31      8      5   52.51   53.86    2.08   25.86   47.92   71.58   15.18   18.29   48.51   53.79
     23     32      8      5   17.69   18.77    1.97    9.55   47.92   71.58   15.18   46.93   85.23   28.03
     23     33      8      5   42.45   44.06    2.32   18.97   47.92   71.58   15.18   40.04   37.22   41.61
     23     34      8      4   36.40   37.89    1.91   19.83   47.92   71.58   15.18   53.33   50.16   45.97
     24     25      7      7   48.27   50.33    2.25   22.40   58.72   54.81   12.18   47.55   88.82   47.57
     24     26      7      6   38.65   40.01    2.29   17.48   58.72   54.81   12.18   52.67   60.98   51.25
     24     27      7      6   45.00   45.97    2.66   17.31   58.72   54.81   12.18   59.93   53.03   58.10
     24     28      7      5   39.36   42.41    3.04   13.97   58.72   54.81   12.18   51.28   69.04   51.44
     24     29      7      5   15.39   17.36    2.14    8.11   58.72   54.81   12.18   43.83   46.28   14.79
     24     30      7      5   49.05   50.09    2.10   23.88   58.72   54.81   12.18   40.20   57.86   58.63
     24     31      7      5   56.90   58.36    2.21   26.44   58.72   54.81   12.18   18.29   48.51   53.79
     24     32      7      5   34.07   36.26    2.09   17.35   58.72   54.81   12.18   46.93   85.23   28.03
     24     33      7      5   37.67   39.05    2.45   15.96   58.72   54.81   12.18   40.04   37.22   41.61
     24     34      7      4   33.48   34.53    2.04   16.96   58.72   54.81   12.18   53.33   50.16   45.97
     25     26      7      6   27.46   28.55    2.04   14.00   47.55   88.82   47.57   52.67   60.98   51.25
     25     27      7      6   37.75   39.31    2.41   16.34   47.55   88.82   47.57   59.93   53.03   58.10
     25     28      7      5   19.47   20.50    2.79    7.36   47.55   88.82   47.57   51.28   69.04   51.44
     25     29      7      5   52.89   53.83    1.89   28.45   47.55   88.82   47.57   43.83   46.28   14.79
     25     30      7      5   32.39   33.69    1.85   18.23   47.55   88.82   47.57   40.20   57.86   58.63
     25     31      7      5   48.52   50.20    1.96   25.64   47.55   88.82   47.57   18.29   48.51   53.79
     25     32      7      5   19.24   19.88    1.84   10.80   47.55   88.82   47.57   46.93   85.23   28.03
     25     33      7      5   50.61   52.49    2.20   23.89   47.55   88.82   47.57   40.04   37.22   41.61
     25     34      7      4   38.22   39.12    1.79   21.90   47.55   88.82   47.57   53.33   50.16   45.97
     26     27      6      6   10.49   12.76    2.45    5.21   52.67   60.98   51.25   59.93   53.03   58.10
     26     28      6      5    7.14    8.18    2.83    2.89   52.67   60.98   51.25   51.28   69.04   51.44
     26     29      6      5   39.13   40.29    1.93   20.84   52.67   60.98   51.25   43.83   46.28   14.79
     26     30      6      5   12.88   14.82    1.89    7.84   52.67   60.98   51.25   40.20   57.86   58.63
     26     31      6      5   34.91   36.66    2.00   18.33   52.67   60.98   51.25   18.29   48.51   53.79
     26     32      6      5   32.39   34.06    1.88   18.09   52.67   60.98   51.25   46.93   85.23   28.03
     26     33      6      5   26.19   28.59    2.24   12.77   52.67   60.98   51.25   40.04   37.22   41.61
     26     34      6      4   11.18   12.05    1.83    6.59   52.67   60.98   51.25   53.33   50.16   45.97
     27     28      6      5   17.46   19.37    3.20    6.06   59.93   53.03   58.10   51.28   69.04   51.44
     27     29      6      5   45.14   46.69    2.30   20.30   59.93   53.03   58.10   43.83   46.28   14.79
     27     30      6      5   18.47   20.31    2.26    9.00   59.93   53.03   58.10   40.20   57.86   58.63
     27     31      6      5   40.31   42.11    2.37   17.79   59.93   53.03   58.10   18.29   48.51   53.79
     27     32      6      5   44.11   45.93    2.25   20.42   59.93   53.03   58.10   46.93   85.23   28.03
     27     33      6      5   27.82   30.29    2.61   11.63   59.93   53.03   58.10   40.04   37.22   41.61
     27     34      6      4   12.45   14.11    2.19    6.43   59.93   53.03   58.10   53.33   50.16   45.97
     28     29      5      5   41.28   43.78    2.68   16.33   51.28   69.04   51.44   43.83   46.28   14.79
     28     30      5      5   15.00   17.30    2.64    6.56   51.28   69.04   51.44   40.20   57.86   58.63
     28     31      5      5   37.23   38.93    2.75   14.17   51.28   69.04   51.44   18.29   48.51   53.79
     28     32      5      5   26.87   28.80    2.63   10.95   51.28   69.04   51.44   46.93   85.23   28.03
     28     33      5      5   32.71   35.15    2.99   11.77   51.28   69.04   51.44   40.04   37.22   41.61
     28     34      5      4   18.28   19.76    2.58    7.67   51.28   69.04   51.44   53.33   50.16   45.97
     29     30      5      5   44.43   45.48    1.74   26.10   43.83   46.28   14.79   40.20   57.86   58.63
     29     31      5      5   44.99   46.68    1.85   25.20   43.83   46.28   14.79   18.29   48.51   53.79
     29     32      5      5   40.27   41.25    1.74   23.77   43.83   46.28   14.79   46.93   85.23   28.03
     29     33      5      5   27.37   28.56    2.09   13.65   43.83   46.28   14.79   40.04   37.22   41.61
     29     34      5      4   31.87   32.82    1.68   19.53   43.83   46.28   14.79   53.33   50.16   45.97
     30     31      5      5   22.83   24.31    1.81   13.44   40.20   57.86   58.63   18.29   48.51   53.79
     30     32      5      5   40.15   41.60    1.69   24.58   40.20   57.86   58.63   46.93   85.23   28.03
     30     33      5      5   24.84   26.75    2.05   13.06   40.20   57.86   58.63   40.04   37.22   41.61
     30     34      5      4   18.36   19.79    1.64   12.08   40.20   57.86   58.63   53.33   50.16   45.97
     31     32      5      5   51.82   53.22    1.80   29.54   18.29   48.51   53.79   46.93   85.23   28.03
     31     33      5      5   25.79   27.37    2.16   12.68   18.29   48.51   53.79   40.04   37.22   41.61
     31     34      5      4   34.73   35.94    1.75   20.57   18.29   48.51   53.79   53.33   50.16   45.97
     32     33      5      5   48.46   50.37    2.04   24.68   46.93   85.23   28.03   40.04   37.22   41.61
     32     34      5      4   38.65   39.90    1.63   24.48   46.93   85.23   28.03   53.33   50.16   45.97
     33     34      5      4   16.76   19.06    1.99    9.60   40.04   37.22   41.61   53.33   50.16   45.97
Sites linked and merged:  Thursday, May 08 2025, at 10:32:34 CEST
 Storing receptor data

Site-finding complete.
Number of sites to map/eval:  5

-- Mapping site  1 --
jobname: sitemap_cognate_ligand_site_1
all SiteMap grid files will be generated
 philic map specified
 phobic map specified
 donor map specified
 acceptor map specified
 metal-ligation map specified
 surface-display map specified
grid margin:     6.00
grid spacing:     0.70
non-bonded cutoff:    20.00
ligand/sitepoints file: 
protein coordinates/parameters file: 
output map/grid files will be written to the current directory
vis files will be written
protein charges will be modified to reduce formal charges and adjust donor/acceptor potentials
protein radii will be modified to allow closer approach to donor and acceptor heteroatoms
phobic areas will be modified to emphasize enclosed regions and to deemphasize exposed regions using alternative method
all input instructions read
 Getting site data
ligand xcm,ycm,zcm,xrange,yrange,zrange 43.332 54.447 37.184 27.000 18.000 14.000

 Reusing receptor data from site-finding stage.

Sitemap: electrostatic+vdw interaction energy
Map field of *enzyme* in region of *inhibitor*

computing site maps ...
grid lim (orig)  23.832  62.832  39.447  69.447  24.184  50.184
grid lim (adj)   23.732  62.932  39.397  69.497  23.884  50.484
grid point counts   57   44   39
total grid points   97812

11659 receptor atoms read
grid: adjdip
number of grid points within emin, emax limits =    82980
 maximum grid value before cutoff =               -0.050
 minimum grid value before cutoff =   -628.494

philic and phobic grids formed
grid: surf
number of grid points within emin, emax limits =    13151
 maximum grid value before cutoff =         49114153.272
 minimum grid value before cutoff =     -3.996

grid: phil
number of grid points within emin, emax limits =    29439
 maximum grid value before cutoff =         49114103.272
 minimum grid value before cutoff =    -29.011

grid: phob
number of grid points within emin, emax limits =     9939
 maximum grid value before cutoff =         49114168.272
 minimum grid value before cutoff =     -2.374

mod_phobic: phobthresh, philthresh =  -0.250  -3.000
 maximum number of atoms in a sitebox =           8
 boxes, patoms in boxes, empty boxes =       19683       11659       15477
Average phobic potential changed from  -0.694 to  -0.369 for 1008 grid points

number of phobic points =  2758   average phobic score =   0.47
number of philic points = 26681   average philic score =  -3.86

number of qualifying surf grid points =     2178

number of qualifying phil grid points =     3813

number of qualifying phob grid points =       73

number of qualifying accptr grid points =     1654

number of qualifying donor grid points =     2078

number of qualifying metal grid points =        0

visgrd volume surf                                                                            
visgrd author sitemap                                                                         
visgrd property name surf                                                                            
visgrd qualifying points  26006
visgrd default map values       1       1.00      2
visgrd number of dims    3
visgrd dimensions         57        44        39
visgrd axis scales      0.700     0.700     0.700

visgrd volume hydrophil                                                                       
visgrd author sitemap                                                                         
visgrd property name phil                                                                            
visgrd qualifying points   3813
visgrd default map values       1      -8.00     10
visgrd number of dims    3
visgrd dimensions         57        44        39
visgrd axis scales      0.700     0.700     0.700

visgrd volume hydrophob                                                                       
visgrd author sitemap                                                                         
visgrd property name phob                                                                            
visgrd qualifying points    186
visgrd default map values       1      -0.50     13
visgrd number of dims    3
visgrd dimensions         57        44        39
visgrd axis scales      0.700     0.700     0.700

visgrd volume hbacceptor                                                                      
visgrd author sitemap                                                                         
visgrd property name accptr                                                                          
visgrd qualifying points   1654
visgrd default map values       1      -8.00     16
visgrd number of dims    3
visgrd dimensions         57        44        39
visgrd axis scales      0.700     0.700     0.700

visgrd volume hbdonor                                                                         
visgrd author sitemap                                                                         
visgrd property name donor                                                                           
visgrd qualifying points   2078
visgrd default map values       1      -8.00      5
visgrd number of dims    3
visgrd dimensions         57        44        39
visgrd axis scales      0.700     0.700     0.700

-- Evaluating site  1 --
Ligand/site-points file: 
Protein coordinates/parameters file: 
extend =   3
 Verbosity flags: F F F F F
all SiteMap grid files will be read
the protein charges will be modified to reduce formal charges and adjust donor/acceptor potentials
protein radii will be modified to allow closer approach to donor and acceptor heteroatoms
phobic areas emphasize enclosed regions and deemphasize exposed regions using alternative method
site-point set will be augmented by including significant nearby points
  threshold for adding phobic points:  -0.500
  threshold for adding philic points:  -8.000
base name for SiteMap grid files: 
 Reusing grid data
reusing site data
Number of protein atoms:   11659
 
phobic grid file reshaped
philic grid file reshaped
donor grid file reshaped
acceptor grid file reshaped
metal grid file reshaped
surf grid file reshaped
 maximum number of atoms in a sitebox =           8


Number of site points  162  first shell  116  higher shells  184   dirscore   0.736
1 vdw  -1.262   phob  -0.100   phil  -5.478   donor  -2.062   acceptor  -3.415   metal   0.000
2               phob  -0.032   phil  -5.148   donor  -2.804   acceptor  -2.344   metal   0.000

SiteScore size   Dscore  volume  exposure enclosure contact  phobic   philic   balance  don/acc
  1.025   226    0.905   632.15    0.570    0.736    0.974    0.224    1.463    0.153    0.604

-- Done with site  1 --

-- Mapping site  2 --
jobname: sitemap_cognate_ligand_site_2
all SiteMap grid files will be generated
 philic map specified
 phobic map specified
 donor map specified
 acceptor map specified
 metal-ligation map specified
 surface-display map specified
grid margin:     6.00
grid spacing:     0.70
non-bonded cutoff:    20.00
ligand/sitepoints file: 
protein coordinates/parameters file: 
output map/grid files will be written to the current directory
vis files will be written
protein charges will be modified to reduce formal charges and adjust donor/acceptor potentials
protein radii will be modified to allow closer approach to donor and acceptor heteroatoms
phobic areas will be modified to emphasize enclosed regions and to deemphasize exposed regions using alternative method
all input instructions read
 Getting site data
ligand xcm,ycm,zcm,xrange,yrange,zrange 42.832 45.447 54.684 16.000 10.000 17.000

 Reusing receptor data from site-finding stage.

Sitemap: electrostatic+vdw interaction energy
Map field of *enzyme* in region of *inhibitor*

computing site maps ...
grid lim (orig)  28.832  56.832  34.447  56.447  40.184  69.184
grid lim (adj)   28.482  57.182  34.247  56.647  39.984  69.384
grid point counts   42   33   43
total grid points   59598

11659 receptor atoms read
grid: adjdip
number of grid points within emin, emax limits =    50906
 maximum grid value before cutoff =               -0.054
 minimum grid value before cutoff =   -704.144

philic and phobic grids formed
grid: surf
number of grid points within emin, emax limits =     8103
 maximum grid value before cutoff =         54406536.009
 minimum grid value before cutoff =     -3.215

grid: phil
number of grid points within emin, emax limits =    16050
 maximum grid value before cutoff =         54406501.461
 minimum grid value before cutoff =    -21.893

grid: phob
number of grid points within emin, emax limits =     6076
 maximum grid value before cutoff =         54406546.374
 minimum grid value before cutoff =     -2.203

mod_phobic: phobthresh, philthresh =  -0.250  -3.000
 maximum number of atoms in a sitebox =           8
 boxes, patoms in boxes, empty boxes =       19683       11659       15477
Average phobic potential changed from  -0.721 to  -0.393 for  873 grid points

number of phobic points =  1880   average phobic score =   0.53
number of philic points = 14170   average philic score =  -3.68

number of qualifying surf grid points =     1319

number of qualifying phil grid points =     1886

number of qualifying phob grid points =       90

number of qualifying accptr grid points =      810

number of qualifying donor grid points =      986

number of qualifying metal grid points =        0

visgrd volume surf                                                                            
visgrd author sitemap                                                                         
visgrd property name surf                                                                            
visgrd qualifying points  14175
visgrd default map values       1       1.00      2
visgrd number of dims    3
visgrd dimensions         42        33        43
visgrd axis scales      0.700     0.700     0.700

visgrd volume hydrophil                                                                       
visgrd author sitemap                                                                         
visgrd property name phil                                                                            
visgrd qualifying points   1886
visgrd default map values       1      -8.00     10
visgrd number of dims    3
visgrd dimensions         42        33        43
visgrd axis scales      0.700     0.700     0.700

visgrd volume hydrophob                                                                       
visgrd author sitemap                                                                         
visgrd property name phob                                                                            
visgrd qualifying points    211
visgrd default map values       1      -0.50     13
visgrd number of dims    3
visgrd dimensions         42        33        43
visgrd axis scales      0.700     0.700     0.700

visgrd volume hbacceptor                                                                      
visgrd author sitemap                                                                         
visgrd property name accptr                                                                          
visgrd qualifying points    810
visgrd default map values       1      -8.00     16
visgrd number of dims    3
visgrd dimensions         42        33        43
visgrd axis scales      0.700     0.700     0.700

visgrd volume hbdonor                                                                         
visgrd author sitemap                                                                         
visgrd property name donor                                                                           
visgrd qualifying points    986
visgrd default map values       1      -8.00      5
visgrd number of dims    3
visgrd dimensions         42        33        43
visgrd axis scales      0.700     0.700     0.700

-- Evaluating site  2 --
Ligand/site-points file: 
Protein coordinates/parameters file: 
extend =   3
 Verbosity flags: F F F F F
all SiteMap grid files will be read
the protein charges will be modified to reduce formal charges and adjust donor/acceptor potentials
protein radii will be modified to allow closer approach to donor and acceptor heteroatoms
phobic areas emphasize enclosed regions and deemphasize exposed regions using alternative method
site-point set will be augmented by including significant nearby points
  threshold for adding phobic points:  -0.500
  threshold for adding philic points:  -8.000
base name for SiteMap grid files: 
 Reusing grid data
reusing site data
Number of protein atoms:   11659
 
phobic grid file reshaped
philic grid file reshaped
donor grid file reshaped
acceptor grid file reshaped
metal grid file reshaped
surf grid file reshaped
 maximum number of atoms in a sitebox =           8


Number of site points  121  first shell   75  higher shells  166   dirscore   0.713
1 vdw  -1.117   phob  -0.190   phil  -3.911   donor  -1.604   acceptor  -2.307   metal   0.000
2               phob  -0.065   phil  -3.702   donor  -2.088   acceptor  -1.615   metal   0.000

SiteScore size   Dscore  volume  exposure enclosure contact  phobic   philic   balance  don/acc
  1.010   152    1.027   365.30    0.613    0.713    0.862    0.455    1.044    0.435    0.695

-- Done with site  2 --

-- Mapping site  3 --
jobname: sitemap_cognate_ligand_site_3
all SiteMap grid files will be generated
 philic map specified
 phobic map specified
 donor map specified
 acceptor map specified
 metal-ligation map specified
 surface-display map specified
grid margin:     6.00
grid spacing:     0.70
non-bonded cutoff:    20.00
ligand/sitepoints file: 
protein coordinates/parameters file: 
output map/grid files will be written to the current directory
vis files will be written
protein charges will be modified to reduce formal charges and adjust donor/acceptor potentials
protein radii will be modified to allow closer approach to donor and acceptor heteroatoms
phobic areas will be modified to emphasize enclosed regions and to deemphasize exposed regions using alternative method
all input instructions read
 Getting site data
ligand xcm,ycm,zcm,xrange,yrange,zrange 59.832 40.947 22.684 14.000 15.000 15.000

 Reusing receptor data from site-finding stage.

Sitemap: electrostatic+vdw interaction energy
Map field of *enzyme* in region of *inhibitor*

computing site maps ...
grid lim (orig)  46.832  72.832  27.447  54.447   9.184  36.184
grid lim (adj)   46.532  73.132  27.297  54.597   9.034  36.334
grid point counts   39   40   40
total grid points   62400

11659 receptor atoms read
grid: adjdip
number of grid points within emin, emax limits =    55495
 maximum grid value before cutoff =               -0.007
 minimum grid value before cutoff =   -634.487

philic and phobic grids formed
grid: surf
number of grid points within emin, emax limits =     7580
 maximum grid value before cutoff =         44755155.189
 minimum grid value before cutoff =     -3.634

grid: phil
number of grid points within emin, emax limits =    29598
 maximum grid value before cutoff =         44755105.189
 minimum grid value before cutoff =    -28.044

grid: phob
number of grid points within emin, emax limits =     5318
 maximum grid value before cutoff =         44755170.189
 minimum grid value before cutoff =     -2.542

mod_phobic: phobthresh, philthresh =  -0.250  -3.000
 maximum number of atoms in a sitebox =           8
 boxes, patoms in boxes, empty boxes =       19683       11659       15477
Average phobic potential changed from  -0.733 to  -0.413 for  428 grid points

number of phobic points =  1356   average phobic score =   0.44
number of philic points = 28242   average philic score =  -2.35

number of qualifying surf grid points =     1458

number of qualifying phil grid points =     2174

number of qualifying phob grid points =       46

number of qualifying accptr grid points =      723

number of qualifying donor grid points =     1384

number of qualifying metal grid points =        0

visgrd volume surf                                                                            
visgrd author sitemap                                                                         
visgrd property name surf                                                                            
visgrd qualifying points  27638
visgrd default map values       1       1.00      2
visgrd number of dims    3
visgrd dimensions         39        40        40
visgrd axis scales      0.700     0.700     0.700

visgrd volume hydrophil                                                                       
visgrd author sitemap                                                                         
visgrd property name phil                                                                            
visgrd qualifying points   2174
visgrd default map values       1      -8.00     10
visgrd number of dims    3
visgrd dimensions         39        40        40
visgrd axis scales      0.700     0.700     0.700

visgrd volume hydrophob                                                                       
visgrd author sitemap                                                                         
visgrd property name phob                                                                            
visgrd qualifying points     88
visgrd default map values       1      -0.50     13
visgrd number of dims    3
visgrd dimensions         39        40        40
visgrd axis scales      0.700     0.700     0.700

visgrd volume hbacceptor                                                                      
visgrd author sitemap                                                                         
visgrd property name accptr                                                                          
visgrd qualifying points    723
visgrd default map values       1      -8.00     16
visgrd number of dims    3
visgrd dimensions         39        40        40
visgrd axis scales      0.700     0.700     0.700

visgrd volume hbdonor                                                                         
visgrd author sitemap                                                                         
visgrd property name donor                                                                           
visgrd qualifying points   1384
visgrd default map values       1      -8.00      5
visgrd number of dims    3
visgrd dimensions         39        40        40
visgrd axis scales      0.700     0.700     0.700

-- Evaluating site  3 --
Ligand/site-points file: 
Protein coordinates/parameters file: 
extend =   3
 Verbosity flags: F F F F F
all SiteMap grid files will be read
the protein charges will be modified to reduce formal charges and adjust donor/acceptor potentials
protein radii will be modified to allow closer approach to donor and acceptor heteroatoms
phobic areas emphasize enclosed regions and deemphasize exposed regions using alternative method
site-point set will be augmented by including significant nearby points
  threshold for adding phobic points:  -0.500
  threshold for adding philic points:  -8.000
base name for SiteMap grid files: 
 Reusing grid data
reusing site data
Number of protein atoms:   11659
 
phobic grid file reshaped
philic grid file reshaped
donor grid file reshaped
acceptor grid file reshaped
metal grid file reshaped
surf grid file reshaped
 maximum number of atoms in a sitebox =           8


Number of site points  110  first shell   92  higher shells  149   dirscore   0.663
1 vdw  -1.149   phob  -0.162   phil  -4.361   donor  -2.206   acceptor  -2.155   metal   0.000
2               phob  -0.061   phil  -4.179   donor  -1.944   acceptor  -2.235   metal   0.000

SiteScore size   Dscore  volume  exposure enclosure contact  phobic   philic   balance  don/acc
  0.976   135    0.958   392.39    0.641    0.663    0.887    0.425    1.165    0.365    1.024

-- Done with site  3 --

-- Mapping site  4 --
jobname: sitemap_cognate_ligand_site_4
all SiteMap grid files will be generated
 philic map specified
 phobic map specified
 donor map specified
 acceptor map specified
 metal-ligation map specified
 surface-display map specified
grid margin:     6.00
grid spacing:     0.70
non-bonded cutoff:    20.00
ligand/sitepoints file: 
protein coordinates/parameters file: 
output map/grid files will be written to the current directory
vis files will be written
protein charges will be modified to reduce formal charges and adjust donor/acceptor potentials
protein radii will be modified to allow closer approach to donor and acceptor heteroatoms
phobic areas will be modified to emphasize enclosed regions and to deemphasize exposed regions using alternative method
all input instructions read
 Getting site data
ligand xcm,ycm,zcm,xrange,yrange,zrange 34.832 67.447 29.684  6.000  8.000  9.000

 Reusing receptor data from site-finding stage.

Sitemap: electrostatic+vdw interaction energy
Map field of *enzyme* in region of *inhibitor*

computing site maps ...
grid lim (orig)  25.832  43.832  57.447  77.447  19.184  40.184
grid lim (adj)   25.732  43.932  57.297  77.597  18.834  40.534
grid point counts   27   30   32
total grid points   25920

11659 receptor atoms read
grid: adjdip
number of grid points within emin, emax limits =    21856
 maximum grid value before cutoff =               -0.099
 minimum grid value before cutoff =   -589.994

philic and phobic grids formed
grid: surf
number of grid points within emin, emax limits =     3895
 maximum grid value before cutoff =         45215432.109
 minimum grid value before cutoff =     -3.397

grid: phil
number of grid points within emin, emax limits =     7759
 maximum grid value before cutoff =         45215382.109
 minimum grid value before cutoff =    -23.474

grid: phob
number of grid points within emin, emax limits =     2118
 maximum grid value before cutoff =         45215447.109
 minimum grid value before cutoff =     -2.558

mod_phobic: phobthresh, philthresh =  -0.250  -3.000
 maximum number of atoms in a sitebox =           8
 boxes, patoms in boxes, empty boxes =       19683       11659       15477
Average phobic potential changed from  -0.680 to  -0.353 for  284 grid points

number of phobic points =   673   average phobic score =   0.54
number of philic points =  7086   average philic score =  -4.26

number of qualifying surf grid points =      710

number of qualifying phil grid points =     1140

number of qualifying phob grid points =       13

number of qualifying accptr grid points =      423

number of qualifying donor grid points =      709

number of qualifying metal grid points =        0

visgrd volume surf                                                                            
visgrd author sitemap                                                                         
visgrd property name surf                                                                            
visgrd qualifying points   6782
visgrd default map values       1       1.00      2
visgrd number of dims    3
visgrd dimensions         27        30        32
visgrd axis scales      0.700     0.700     0.700

visgrd volume hydrophil                                                                       
visgrd author sitemap                                                                         
visgrd property name phil                                                                            
visgrd qualifying points   1140
visgrd default map values       1      -8.00     10
visgrd number of dims    3
visgrd dimensions         27        30        32
visgrd axis scales      0.700     0.700     0.700

visgrd volume hydrophob                                                                       
visgrd author sitemap                                                                         
visgrd property name phob                                                                            
visgrd qualifying points     56
visgrd default map values       1      -0.50     13
visgrd number of dims    3
visgrd dimensions         27        30        32
visgrd axis scales      0.700     0.700     0.700

visgrd volume hbacceptor                                                                      
visgrd author sitemap                                                                         
visgrd property name accptr                                                                          
visgrd qualifying points    423
visgrd default map values       1      -8.00     16
visgrd number of dims    3
visgrd dimensions         27        30        32
visgrd axis scales      0.700     0.700     0.700

visgrd volume hbdonor                                                                         
visgrd author sitemap                                                                         
visgrd property name donor                                                                           
visgrd qualifying points    709
visgrd default map values       1      -8.00      5
visgrd number of dims    3
visgrd dimensions         27        30        32
visgrd axis scales      0.700     0.700     0.700

-- Evaluating site  4 --
Ligand/site-points file: 
Protein coordinates/parameters file: 
extend =   3
 Verbosity flags: F F F F F
all SiteMap grid files will be read
the protein charges will be modified to reduce formal charges and adjust donor/acceptor potentials
protein radii will be modified to allow closer approach to donor and acceptor heteroatoms
phobic areas emphasize enclosed regions and deemphasize exposed regions using alternative method
site-point set will be augmented by including significant nearby points
  threshold for adding phobic points:  -0.500
  threshold for adding philic points:  -8.000
base name for SiteMap grid files: 
 Reusing grid data
reusing site data
Number of protein atoms:   11659
 
phobic grid file reshaped
philic grid file reshaped
donor grid file reshaped
acceptor grid file reshaped
metal grid file reshaped
surf grid file reshaped
 maximum number of atoms in a sitebox =           8


Number of site points   58  first shell   34  higher shells   84   dirscore   0.711
1 vdw  -1.094   phob  -0.101   phil  -4.783   donor  -2.064   acceptor  -2.719   metal   0.000
2               phob  -0.012   phil  -4.608   donor  -2.453   acceptor  -2.155   metal   0.000

SiteScore size   Dscore  volume  exposure enclosure contact  phobic   philic   balance  don/acc
  0.893    71    0.802   213.35    0.624    0.711    0.844    0.081    1.277    0.063    0.759

-- Done with site  4 --

-- Mapping site  5 --
jobname: sitemap_cognate_ligand_site_5
all SiteMap grid files will be generated
 philic map specified
 phobic map specified
 donor map specified
 acceptor map specified
 metal-ligation map specified
 surface-display map specified
grid margin:     6.00
grid spacing:     0.70
non-bonded cutoff:    20.00
ligand/sitepoints file: 
protein coordinates/parameters file: 
output map/grid files will be written to the current directory
vis files will be written
protein charges will be modified to reduce formal charges and adjust donor/acceptor potentials
protein radii will be modified to allow closer approach to donor and acceptor heteroatoms
phobic areas will be modified to emphasize enclosed regions and to deemphasize exposed regions using alternative method
all input instructions read
 Getting site data
ligand xcm,ycm,zcm,xrange,yrange,zrange 55.832 73.447 41.184 16.000  6.000  8.000

 Reusing receptor data from site-finding stage.

Sitemap: electrostatic+vdw interaction energy
Map field of *enzyme* in region of *inhibitor*

computing site maps ...
grid lim (orig)  41.832  69.832  64.447  82.447  31.184  51.184
grid lim (adj)   41.482  70.182  64.347  82.547  31.034  51.334
grid point counts   42   27   30
total grid points   34020

11659 receptor atoms read
grid: adjdip
number of grid points within emin, emax limits =    30009
 maximum grid value before cutoff =               -0.024
 minimum grid value before cutoff =   -561.489

philic and phobic grids formed
grid: surf
number of grid points within emin, emax limits =     4831
 maximum grid value before cutoff =         44918463.637
 minimum grid value before cutoff =     -4.023

grid: phil
number of grid points within emin, emax limits =    12341
 maximum grid value before cutoff =         44918413.637
 minimum grid value before cutoff =    -23.367

grid: phob
number of grid points within emin, emax limits =     5249
 maximum grid value before cutoff =         44918478.637
 minimum grid value before cutoff =     -2.835

mod_phobic: phobthresh, philthresh =  -0.250  -3.000
 maximum number of atoms in a sitebox =           8
 boxes, patoms in boxes, empty boxes =       19683       11659       15477
Average phobic potential changed from  -0.699 to  -0.388 for  771 grid points

number of phobic points =  1780   average phobic score =   0.48
number of philic points = 10561   average philic score =  -3.51

number of qualifying surf grid points =      984

number of qualifying phil grid points =     1164

number of qualifying phob grid points =       87

number of qualifying accptr grid points =      361

number of qualifying donor grid points =      773

number of qualifying metal grid points =        0

visgrd volume surf                                                                            
visgrd author sitemap                                                                         
visgrd property name surf                                                                            
visgrd qualifying points  11182
visgrd default map values       1       1.00      2
visgrd number of dims    3
visgrd dimensions         42        27        30
visgrd axis scales      0.700     0.700     0.700

visgrd volume hydrophil                                                                       
visgrd author sitemap                                                                         
visgrd property name phil                                                                            
visgrd qualifying points   1164
visgrd default map values       1      -8.00     10
visgrd number of dims    3
visgrd dimensions         42        27        30
visgrd axis scales      0.700     0.700     0.700

visgrd volume hydrophob                                                                       
visgrd author sitemap                                                                         
visgrd property name phob                                                                            
visgrd qualifying points    175
visgrd default map values       1      -0.50     13
visgrd number of dims    3
visgrd dimensions         42        27        30
visgrd axis scales      0.700     0.700     0.700

visgrd volume hbacceptor                                                                      
visgrd author sitemap                                                                         
visgrd property name accptr                                                                          
visgrd qualifying points    361
visgrd default map values       1      -8.00     16
visgrd number of dims    3
visgrd dimensions         42        27        30
visgrd axis scales      0.700     0.700     0.700

visgrd volume hbdonor                                                                         
visgrd author sitemap                                                                         
visgrd property name donor                                                                           
visgrd qualifying points    773
visgrd default map values       1      -8.00      5
visgrd number of dims    3
visgrd dimensions         42        27        30
visgrd axis scales      0.700     0.700     0.700

-- Evaluating site  5 --
Ligand/site-points file: 
Protein coordinates/parameters file: 
extend =   3
 Verbosity flags: F F F F F
all SiteMap grid files will be read
the protein charges will be modified to reduce formal charges and adjust donor/acceptor potentials
protein radii will be modified to allow closer approach to donor and acceptor heteroatoms
phobic areas emphasize enclosed regions and deemphasize exposed regions using alternative method
site-point set will be augmented by including significant nearby points
  threshold for adding phobic points:  -0.500
  threshold for adding philic points:  -8.000
base name for SiteMap grid files: 
 Reusing grid data
reusing site data
Number of protein atoms:   11659
 
phobic grid file reshaped
philic grid file reshaped
donor grid file reshaped
acceptor grid file reshaped
metal grid file reshaped
surf grid file reshaped
 maximum number of atoms in a sitebox =           8


Number of site points   51  first shell   77  higher shells  136   dirscore   0.662
1 vdw  -1.029   phob  -0.161   phil  -2.927   donor  -1.592   acceptor  -1.335   metal   0.000
2               phob  -0.050   phil  -2.719   donor  -1.134   acceptor  -1.584   metal   0.000

SiteScore size   Dscore  volume  exposure enclosure contact  phobic   philic   balance  don/acc
  0.879    64    0.894   261.71    0.769    0.662    0.794    0.346    0.781    0.443    1.192

-- Done with site  5 --

== End SiteMap calculation ==

Wrote 5 sites to "sitemap_cognate_ligand_out.maegz".

Current time: Thu May  8 10:32:50 2025
Elapsed time: 0:00:22.81
SiteMap successfully completed.

