######## begin of glide_dock_ligands_r05violated_3-0001.log #########
Glide version 102135 (mmshare version 65135)
mmshare         e304c7da19
glide-src       0ca00f32ab
psp-src         e85839dc34
macromodel-src  9753ab8ec4
epik-src        71ce3f965c

Copyright (c) Schrodinger, LLC.
All Rights Reserved.

--------------------------------------------------------------------------------
JobId          : aq92-0-681b6f41
Name           : glide_dock_ligands_r05violated_3-0001
Program        : Glide
Version        : 2024-1 build 135
Host           : aq92
Dir            : /scratch/praktikum/glide_dock_ligands_r05violated_3
HostEntry      : localhost
JobHost        : aq92
JobDir         : /scratch/praktikum/glide_dock_ligands_r05violated_3-0001
JobSchrodinger : /usr/local/schrodinger2024-1
Commandline    : /usr/local/schrodinger2024-1/glide -serial glide_dock_ligands_r05violated_3-0001.inp -RESTART -HOST localhost
StartTime      : 2025-05-07-16:33:37
--------------------------------------------------------------------------------

[running at reduced cpu priority]
 VdW radii of ligand atoms scaled by   0.800000000000000     
 Charge cutoff for polarity   0.150000000000000     

GLIDE CONSTRAINTS APPLIED
-------------------------
  2 out of   2 constraints used from file /media/TC_Lehre/storage/meinschad_lukas_ff_pr/2025/Day_3/docking_my_protein/glide_grid_1X70/glide_grid_1X70.cons
Labels and receptor types of constraints used are:
A:GLU:205:OE2(hbond) (H-bond Acceptor)
A:GLU:206:OE2(hbond) (H-bond Acceptor)

All docked poses must satisfy the specified number of
constraints in ALL of the following  1 groups.
Group   1: At least  2 of (A:GLU:205:OE2(hbond), A:GLU:206:OE2(hbond))


 After readscreen, (nx, ny, nz) = (          34 ,           26 ,           25 ).
  Receptor setup: (nsites, nx, ny, nz, bsize)=(         180 ,           34 , 
          26 ,           25 ,    1.00000000000000      ).
 Screening setup finished.
 DOCKMAIN: getting receptor.
  DOCKMAIN after grid: (nx, ny, nz) = (          88 ,           72 , 
          72 ).
 DOCKMAIN: Grid setup finished
Glide: WARNING mmlewis warning: Wrong Lewis structure in structure input file
mmlewis warning: with title: CHEMBL9238
mmlewis warning: Problems were identified with the following atoms:
mmlewis warning:  1 5 6 7 11 12 19 20 24 25 26 30 31 32 33 34 35 36 40 41 42 43 44 45 46 
mmlewis warning: Now attempting to fix the lewis structure.
Glide: FATAL mmlewis error: Problems remain with the following atoms:
mmlewis error:  1 30 36 43
Glide: FATAL mmlewis_apply(): Unable to handle mol 1
Glide: FATAL mmlewis_apply(): Error in handling of full CT
run_mmlewis: Failed to generate a valid lewis structure.
GLIDE WARNING: Structure unsuitable for OPLS-AA force field: glide_dock_ligands_r05violated_3-0001_in.maegz
SKIP LIG        1 (CHEMBL9238): STRUCTURE INCOMPATIBLE WITH FORCE FIELD
GLIDE WARNING: Will skip atomtyping, docking.

GlideScore version SP5.0 will be used

  
 Buried polar penalty      0.000
 Coulomb vdW cutoff        0.000
 H bond cutoff             0.000
 Metal-ligand cutoff      10.000
Assigning GlideScore SP5.0 parameters
Glide: WARNING mmlewis warning: Wrong Lewis structure in structure input file
mmlewis warning: with title: CHEMBL9263
mmlewis warning: Problems were identified with the following atoms:
mmlewis warning:  1 4 6 7 8 15 16 17 19 21 23 24 25 26 27 31 32 33 34 35 36 
mmlewis warning: Now attempting to fix the lewis structure.
Glide: FATAL mmlewis error: Problems remain with the following atoms:
mmlewis error:  1 8 17 21 23 27 34 36
Glide: FATAL mmlewis_apply(): Unable to handle mol 1
Glide: FATAL mmlewis_apply(): Error in handling of full CT
run_mmlewis: Failed to generate a valid lewis structure.
GLIDE WARNING: Structure unsuitable for OPLS-AA force field: glide_dock_ligands_r05violated_3-0001_in.maegz
SKIP LIG        2 (CHEMBL9263): STRUCTURE INCOMPATIBLE WITH FORCE FIELD
GLIDE WARNING: Will skip atomtyping, docking.
Glide: WARNING mmlewis warning: Wrong Lewis structure in structure input file
mmlewis warning: with title: CHEMBL9295
mmlewis warning: Problems were identified with the following atoms:
mmlewis warning:  1 2 3 4 8 9 16 17 21 22 23 24 25 26 27 28 29 30 34 35 36 37 38 39 40 
mmlewis warning: Now attempting to fix the lewis structure.
Glide: FATAL mmlewis error: Problems remain with the following atoms:
mmlewis error:  1 3 24 30 37
Glide: FATAL mmlewis_apply(): Unable to handle mol 1
Glide: FATAL mmlewis_apply(): Error in handling of full CT
run_mmlewis: Failed to generate a valid lewis structure.
GLIDE WARNING: Structure unsuitable for OPLS-AA force field: glide_dock_ligands_r05violated_3-0001_in.maegz
SKIP LIG        3 (CHEMBL9295): STRUCTURE INCOMPATIBLE WITH FORCE FIELD
GLIDE WARNING: Will skip atomtyping, docking.
Glide: WARNING mmlewis warning: Wrong Lewis structure in structure input file
mmlewis warning: with title: CHEMBL9408
mmlewis warning: Problems were identified with the following atoms:
mmlewis warning:  1 6 7 14 15 20 21 22 23 24 25 26 30 31 32 33 34 35 36 
mmlewis warning: Now attempting to fix the lewis structure.
Glide: FATAL mmlewis error: Problems remain with the following atoms:
mmlewis error:  1 20 26 33
Glide: FATAL mmlewis_apply(): Unable to handle mol 1
Glide: FATAL mmlewis_apply(): Error in handling of full CT
run_mmlewis: Failed to generate a valid lewis structure.
GLIDE WARNING: Structure unsuitable for OPLS-AA force field: glide_dock_ligands_r05violated_3-0001_in.maegz
SKIP LIG        4 (CHEMBL9408): STRUCTURE INCOMPATIBLE WITH FORCE FIELD
GLIDE WARNING: Will skip atomtyping, docking.
Glide: WARNING mmlewis warning: Wrong Lewis structure in structure input file
mmlewis warning: with title: CHEMBL9433
mmlewis warning: Problems were identified with the following atoms:
mmlewis warning:  1 5 7 8 15 16 18 20 23 24 25 26 27 28 32 33 34 35 36 37 38 
mmlewis warning: Now attempting to fix the lewis structure.
Glide: FATAL mmlewis error: Problems remain with the following atoms:
mmlewis error:  1 20 28 35
Glide: FATAL mmlewis_apply(): Unable to handle mol 1
Glide: FATAL mmlewis_apply(): Error in handling of full CT
run_mmlewis: Failed to generate a valid lewis structure.
GLIDE WARNING: Structure unsuitable for OPLS-AA force field: glide_dock_ligands_r05violated_3-0001_in.maegz
SKIP LIG        5 (CHEMBL9433): STRUCTURE INCOMPATIBLE WITH FORCE FIELD
GLIDE WARNING: Will skip atomtyping, docking.
Glide: WARNING mmlewis warning: Wrong Lewis structure in structure input file
mmlewis warning: with title: CHEMBL9512
mmlewis warning: Problems were identified with the following atoms:
mmlewis warning:  2 3 6 8 9 16 17 19 22 23 24 25 26 27 28 29 33 34 35 36 37 38 39 
mmlewis warning: Now attempting to fix the lewis structure.
Glide: FATAL mmlewis error: Problems remain with the following atoms:
mmlewis error:  29 36 39
Glide: FATAL mmlewis_apply(): Unable to handle mol 2
Glide: FATAL mmlewis_apply(): Error in handling of full CT
run_mmlewis: Failed to generate a valid lewis structure.
GLIDE WARNING: Structure unsuitable for OPLS-AA force field: glide_dock_ligands_r05violated_3-0001_in.maegz
SKIP LIG        6 (CHEMBL9512): STRUCTURE INCOMPATIBLE WITH FORCE FIELD
GLIDE WARNING: Will skip atomtyping, docking.
Glide: WARNING mmlewis warning: Wrong Lewis structure in structure input file
mmlewis warning: with title: CHEMBL9527
mmlewis warning: Problems were identified with the following atoms:
mmlewis warning:  4 5 6 7 8 10 11 12 13 18 19 21 23 24 25 26 27 28 31 32 34 36 37 38 39 40 41 
mmlewis warning: Now attempting to fix the lewis structure.
Glide: FATAL mmlewis error: Problems remain with the following atoms:
mmlewis error:  7 12 27 40
Glide: FATAL mmlewis_apply(): Unable to handle mol 2
Glide: FATAL mmlewis_apply(): Error in handling of full CT
run_mmlewis: Failed to generate a valid lewis structure.
GLIDE WARNING: Structure unsuitable for OPLS-AA force field: glide_dock_ligands_r05violated_3-0001_in.maegz
SKIP LIG        7 (CHEMBL9527): STRUCTURE INCOMPATIBLE WITH FORCE FIELD
GLIDE WARNING: Will skip atomtyping, docking.
Glide: WARNING mmlewis warning: Wrong Lewis structure in structure input file
mmlewis warning: with title: CHEMBL67679
mmlewis warning: Problems were identified with the following atoms:
mmlewis warning:  1 2 3 4 6 7 8 9 10 12 13 15 19 20 23 24 27 28 29 30 31 32 33 37 38 39 40 43 
mmlewis warning: Now attempting to fix the lewis structure.
Glide: FATAL mmlewis error: Problems remain with the following atoms:
mmlewis error:  1 9 15 33 39
Glide: FATAL mmlewis_apply(): Unable to handle mol 1
Glide: WARNING mmlewis warning: Wrong Lewis structure in structure input file
mmlewis warning: with title: CHEMBL67679
mmlewis warning: Problems were identified with the following atoms:
mmlewis warning:  46 
mmlewis warning: Now attempting to fix the lewis structure.
Glide: WARNING mmlewis warning: A valid lewis structure was successfully generated.
Glide: FATAL mmlewis_apply(): Error in handling of full CT
run_mmlewis: Failed to generate a valid lewis structure.
GLIDE WARNING: Structure unsuitable for OPLS-AA force field: glide_dock_ligands_r05violated_3-0001_in.maegz
SKIP LIG        8 (CHEMBL67679): STRUCTURE INCOMPATIBLE WITH FORCE FIELD
GLIDE WARNING: Will skip atomtyping, docking.
Glide: WARNING mmlewis warning: Wrong Lewis structure in structure input file
mmlewis warning: with title: CHEMBL67680
mmlewis warning: Problems were identified with the following atoms:
mmlewis warning:  1 2 3 4 5 6 7 8 10 11 12 13 14 15 16 17 18 20 21 23 27 28 31 32 35 36 37 38 39 40 41 45 46 47 48 51 
mmlewis warning: Now attempting to fix the lewis structure.
Glide: FATAL mmlewis error: Problems remain with the following atoms:
mmlewis error:  1 17 23 41 47
Glide: FATAL mmlewis_apply(): Unable to handle mol 1
Glide: WARNING mmlewis warning: Wrong Lewis structure in structure input file
mmlewis warning: with title: CHEMBL67680
mmlewis warning: Problems were identified with the following atoms:
mmlewis warning:  54 
mmlewis warning: Now attempting to fix the lewis structure.
Glide: WARNING mmlewis warning: A valid lewis structure was successfully generated.
Glide: FATAL mmlewis_apply(): Error in handling of full CT
run_mmlewis: Failed to generate a valid lewis structure.
GLIDE WARNING: Structure unsuitable for OPLS-AA force field: glide_dock_ligands_r05violated_3-0001_in.maegz
SKIP LIG        9 (CHEMBL67680): STRUCTURE INCOMPATIBLE WITH FORCE FIELD
GLIDE WARNING: Will skip atomtyping, docking.
Glide: WARNING mmlewis warning: Wrong Lewis structure in structure input file
mmlewis warning: with title: CHEMBL91933
mmlewis warning: Problems were identified with the following atoms:
mmlewis warning:  2 4 5 8 9 12 13 14 
mmlewis warning: Now attempting to fix the lewis structure.
Glide: FATAL mmlewis error: Problems remain with the following atoms:
mmlewis error:  14
run_mmlewis: Failed to generate a valid lewis structure.
GLIDE WARNING: Structure unsuitable for OPLS-AA force field: glide_dock_ligands_r05violated_3-0001_in.maegz
SKIP LIG       10 (CHEMBL91933): STRUCTURE INCOMPATIBLE WITH FORCE FIELD
GLIDE WARNING: Will skip atomtyping, docking.
Glide: WARNING mmlewis warning: Wrong Lewis structure in structure input file
mmlewis warning: with title: CHEMBL151999
mmlewis warning: Problems were identified with the following atoms:
mmlewis warning:  1 2 3 5 6 7 9 10 11 
mmlewis warning: Now attempting to fix the lewis structure.
Glide: FATAL mmlewis error: Problems remain with the following atoms:
mmlewis error:  1 3 7 10 11
run_mmlewis: Failed to generate a valid lewis structure.
GLIDE WARNING: Structure unsuitable for OPLS-AA force field: glide_dock_ligands_r05violated_3-0001_in.maegz
SKIP LIG       11 (CHEMBL151999): STRUCTURE INCOMPATIBLE WITH FORCE FIELD
GLIDE WARNING: Will skip atomtyping, docking.
Glide: WARNING mmlewis warning: Wrong Lewis structure in structure input file
mmlewis warning: with title: CHEMBL153037
mmlewis warning: Problems were identified with the following atoms:
mmlewis warning:  1 2 3 5 6 7 9 10 11 
mmlewis warning: Now attempting to fix the lewis structure.
Glide: FATAL mmlewis error: Problems remain with the following atoms:
mmlewis error:  1 3 7 10 11
run_mmlewis: Failed to generate a valid lewis structure.
GLIDE WARNING: Structure unsuitable for OPLS-AA force field: glide_dock_ligands_r05violated_3-0001_in.maegz
SKIP LIG       12 (CHEMBL153037): STRUCTURE INCOMPATIBLE WITH FORCE FIELD
GLIDE WARNING: Will skip atomtyping, docking.
Glide: WARNING mmlewis warning: Wrong Lewis structure in structure input file
mmlewis warning: with title: CHEMBL182223
mmlewis warning: Problems were identified with the following atoms:
mmlewis warning:  1 2 3 7 8 9 10 13 14 16 17 21 22 23 24 26 27 32 
mmlewis warning: Now attempting to fix the lewis structure.
Glide: FATAL mmlewis error: Problems remain with the following atoms:
mmlewis error:  1 3 9 24 32
Glide: FATAL mmlewis_apply(): Unable to handle mol 1
Glide: WARNING mmlewis warning: Wrong Lewis structure in structure input file
mmlewis warning: with title: CHEMBL182223
mmlewis warning: Problems were identified with the following atoms:
mmlewis warning:  35 
mmlewis warning: Now attempting to fix the lewis structure.
Glide: WARNING mmlewis warning: A valid lewis structure was successfully generated.
Glide: FATAL mmlewis_apply(): Error in handling of full CT
run_mmlewis: Failed to generate a valid lewis structure.
GLIDE WARNING: Structure unsuitable for OPLS-AA force field: glide_dock_ligands_r05violated_3-0001_in.maegz
SKIP LIG       13 (CHEMBL182223): STRUCTURE INCOMPATIBLE WITH FORCE FIELD
GLIDE WARNING: Will skip atomtyping, docking.
Glide: WARNING mmlewis warning: Wrong Lewis structure in structure input file
mmlewis warning: with title: CHEMBL183060
mmlewis warning: Problems were identified with the following atoms:
mmlewis warning:  1 2 3 7 9 10 13 14 16 17 19 22 23 24 25 27 28 29 30 
mmlewis warning: Now attempting to fix the lewis structure.
Glide: FATAL mmlewis error: Problems remain with the following atoms:
mmlewis error:  1 3 7 9 25 31
Glide: FATAL mmlewis_apply(): Unable to handle mol 1
Glide: WARNING mmlewis warning: Wrong Lewis structure in structure input file
mmlewis warning: with title: CHEMBL183060
mmlewis warning: Problems were identified with the following atoms:
mmlewis warning:  35 
mmlewis warning: Now attempting to fix the lewis structure.
Glide: WARNING mmlewis warning: A valid lewis structure was successfully generated.
Glide: FATAL mmlewis_apply(): Error in handling of full CT
run_mmlewis: Failed to generate a valid lewis structure.
GLIDE WARNING: Structure unsuitable for OPLS-AA force field: glide_dock_ligands_r05violated_3-0001_in.maegz
SKIP LIG       14 (CHEMBL183060): STRUCTURE INCOMPATIBLE WITH FORCE FIELD
GLIDE WARNING: Will skip atomtyping, docking.
Glide: WARNING mmlewis warning: Wrong Lewis structure in structure input file
mmlewis warning: with title: CHEMBL183098
mmlewis warning: Problems were identified with the following atoms:
mmlewis warning:  1 2 3 7 8 9 10 13 14 16 17 18 19 23 24 26 27 28 29 30 
mmlewis warning: Now attempting to fix the lewis structure.
Glide: FATAL mmlewis error: Problems remain with the following atoms:
mmlewis error:  1 3 9 24 30
Glide: FATAL mmlewis_apply(): Unable to handle mol 1
Glide: WARNING mmlewis warning: Wrong Lewis structure in structure input file
mmlewis warning: with title: CHEMBL183098
mmlewis warning: Problems were identified with the following atoms:
mmlewis warning:  33 
mmlewis warning: Now attempting to fix the lewis structure.
Glide: WARNING mmlewis warning: A valid lewis structure was successfully generated.
Glide: FATAL mmlewis_apply(): Error in handling of full CT
run_mmlewis: Failed to generate a valid lewis structure.
GLIDE WARNING: Structure unsuitable for OPLS-AA force field: glide_dock_ligands_r05violated_3-0001_in.maegz
SKIP LIG       15 (CHEMBL183098): STRUCTURE INCOMPATIBLE WITH FORCE FIELD
GLIDE WARNING: Will skip atomtyping, docking.
Glide: WARNING mmlewis warning: Wrong Lewis structure in structure input file
mmlewis warning: with title: CHEMBL183207
mmlewis warning: Problems were identified with the following atoms:
mmlewis warning:  1 5 7 8 9 11 14 16 17 21 22 23 24 26 27 28 29 32 33 35 36 37 38 39 40 41 
mmlewis warning: Now attempting to fix the lewis structure.
Glide: FATAL mmlewis error: Problems remain with the following atoms:
mmlewis error:  1 9 14 21 23 24 30 39 40 41
run_mmlewis: Failed to generate a valid lewis structure.
GLIDE WARNING: Structure unsuitable for OPLS-AA force field: glide_dock_ligands_r05violated_3-0001_in.maegz
SKIP LIG       16 (CHEMBL183207): STRUCTURE INCOMPATIBLE WITH FORCE FIELD
GLIDE WARNING: Will skip atomtyping, docking.
Glide: WARNING mmlewis warning: Wrong Lewis structure in structure input file
mmlewis warning: with title: CHEMBL183289
mmlewis warning: Problems were identified with the following atoms:
mmlewis warning:  1 2 3 4 7 8 10 11 14 15 16 17 21 22 23 24 36 37 40 
mmlewis warning: Now attempting to fix the lewis structure.
Glide: FATAL mmlewis error: Problems remain with the following atoms:
mmlewis error:  1 3 17 21 23 24 34 36
Glide: FATAL mmlewis_apply(): Unable to handle mol 1
Glide: WARNING mmlewis warning: Wrong Lewis structure in structure input file
mmlewis warning: with title: CHEMBL183289
mmlewis warning: Problems were identified with the following atoms:
mmlewis warning:  43 
mmlewis warning: Now attempting to fix the lewis structure.
Glide: WARNING mmlewis warning: A valid lewis structure was successfully generated.
Glide: FATAL mmlewis_apply(): Error in handling of full CT
run_mmlewis: Failed to generate a valid lewis structure.
GLIDE WARNING: Structure unsuitable for OPLS-AA force field: glide_dock_ligands_r05violated_3-0001_in.maegz
SKIP LIG       17 (CHEMBL183289): STRUCTURE INCOMPATIBLE WITH FORCE FIELD
GLIDE WARNING: Will skip atomtyping, docking.
Glide: WARNING mmlewis warning: Wrong Lewis structure in structure input file
mmlewis warning: with title: CHEMBL183418
mmlewis warning: Problems were identified with the following atoms:
mmlewis warning:  1 2 3 4 7 8 10 11 14 15 16 17 21 22 23 24 25 26 27 28 29 30 33 
mmlewis warning: Now attempting to fix the lewis structure.
Glide: FATAL mmlewis error: Problems remain with the following atoms:
mmlewis error:  1 3 17 22 28 29
Glide: FATAL mmlewis_apply(): Unable to handle mol 1
Glide: WARNING mmlewis warning: Wrong Lewis structure in structure input file
mmlewis warning: with title: CHEMBL183418
mmlewis warning: Problems were identified with the following atoms:
mmlewis warning:  36 
mmlewis warning: Now attempting to fix the lewis structure.
Glide: WARNING mmlewis warning: A valid lewis structure was successfully generated.
Glide: FATAL mmlewis_apply(): Error in handling of full CT
run_mmlewis: Failed to generate a valid lewis structure.
GLIDE WARNING: Structure unsuitable for OPLS-AA force field: glide_dock_ligands_r05violated_3-0001_in.maegz
SKIP LIG       18 (CHEMBL183418): STRUCTURE INCOMPATIBLE WITH FORCE FIELD
GLIDE WARNING: Will skip atomtyping, docking.
Glide: WARNING mmlewis warning: Wrong Lewis structure in structure input file
mmlewis warning: with title: CHEMBL183736
mmlewis warning: Problems were identified with the following atoms:
mmlewis warning:  1 2 5 6 8 9 12 13 14 15 19 20 21 22 24 25 26 27 30 31 34 
mmlewis warning: Now attempting to fix the lewis structure.
Glide: FATAL mmlewis error: Problems remain with the following atoms:
mmlewis error:  1 15 19 21 22 28 30
Glide: FATAL mmlewis_apply(): Unable to handle mol 1
Glide: WARNING mmlewis warning: Wrong Lewis structure in structure input file
mmlewis warning: with title: CHEMBL183736
mmlewis warning: Problems were identified with the following atoms:
mmlewis warning:  37 
mmlewis warning: Now attempting to fix the lewis structure.
Glide: WARNING mmlewis warning: A valid lewis structure was successfully generated.
Glide: FATAL mmlewis_apply(): Error in handling of full CT
run_mmlewis: Failed to generate a valid lewis structure.
GLIDE WARNING: Structure unsuitable for OPLS-AA force field: glide_dock_ligands_r05violated_3-0001_in.maegz
SKIP LIG       19 (CHEMBL183736): STRUCTURE INCOMPATIBLE WITH FORCE FIELD
GLIDE WARNING: Will skip atomtyping, docking.
Glide: WARNING mmlewis warning: Wrong Lewis structure in structure input file
mmlewis warning: with title: CHEMBL184040
mmlewis warning: Problems were identified with the following atoms:
mmlewis warning:  1 5 7 8 9 11 14 16 17 21 22 23 24 26 27 28 29 30 31 32 34 35 36 37 38 39 40 
mmlewis warning: Now attempting to fix the lewis structure.
Glide: FATAL mmlewis error: Problems remain with the following atoms:
mmlewis error:  1 9 14 21 23 24 30 38 39 40
run_mmlewis: Failed to generate a valid lewis structure.
GLIDE WARNING: Structure unsuitable for OPLS-AA force field: glide_dock_ligands_r05violated_3-0001_in.maegz
SKIP LIG       20 (CHEMBL184040): STRUCTURE INCOMPATIBLE WITH FORCE FIELD
GLIDE WARNING: Will skip atomtyping, docking.
Glide: WARNING mmlewis warning: Wrong Lewis structure in structure input file
mmlewis warning: with title: CHEMBL184177
mmlewis warning: Problems were identified with the following atoms:
mmlewis warning:  1 2 3 4 7 8 10 11 14 15 16 17 21 22 23 24 26 34 37 38 41 
mmlewis warning: Now attempting to fix the lewis structure.
Glide: FATAL mmlewis error: Problems remain with the following atoms:
mmlewis error:  1 3 17 21 23 24 26 37
Glide: FATAL mmlewis_apply(): Unable to handle mol 1
Glide: WARNING mmlewis warning: Wrong Lewis structure in structure input file
mmlewis warning: with title: CHEMBL184177
mmlewis warning: Problems were identified with the following atoms:
mmlewis warning:  44 
mmlewis warning: Now attempting to fix the lewis structure.
Glide: WARNING mmlewis warning: A valid lewis structure was successfully generated.
Glide: FATAL mmlewis_apply(): Error in handling of full CT
run_mmlewis: Failed to generate a valid lewis structure.
GLIDE WARNING: Structure unsuitable for OPLS-AA force field: glide_dock_ligands_r05violated_3-0001_in.maegz
SKIP LIG       21 (CHEMBL184177): STRUCTURE INCOMPATIBLE WITH FORCE FIELD
GLIDE WARNING: Will skip atomtyping, docking.
Glide: WARNING mmlewis warning: Wrong Lewis structure in structure input file
mmlewis warning: with title: CHEMBL184346
mmlewis warning: Problems were identified with the following atoms:
mmlewis warning:  1 2 3 7 8 9 10 13 14 15 16 17 21 23 25 26 27 28 
mmlewis warning: Now attempting to fix the lewis structure.
Glide: FATAL mmlewis error: Problems remain with the following atoms:
mmlewis error:  1 3 9 22 23 29
Glide: FATAL mmlewis_apply(): Unable to handle mol 1
Glide: WARNING mmlewis warning: Wrong Lewis structure in structure input file
mmlewis warning: with title: CHEMBL184346
mmlewis warning: Problems were identified with the following atoms:
mmlewis warning:  33 
mmlewis warning: Now attempting to fix the lewis structure.
Glide: WARNING mmlewis warning: A valid lewis structure was successfully generated.
Glide: FATAL mmlewis_apply(): Error in handling of full CT
run_mmlewis: Failed to generate a valid lewis structure.
GLIDE WARNING: Structure unsuitable for OPLS-AA force field: glide_dock_ligands_r05violated_3-0001_in.maegz
SKIP LIG       22 (CHEMBL184346): STRUCTURE INCOMPATIBLE WITH FORCE FIELD
GLIDE WARNING: Will skip atomtyping, docking.
Glide: WARNING mmlewis warning: Wrong Lewis structure in structure input file
mmlewis warning: with title: CHEMBL184527
mmlewis warning: Problems were identified with the following atoms:
mmlewis warning:  1 2 3 4 7 8 10 11 14 15 16 17 21 22 23 24 26 29 30 33 34 37 
mmlewis warning: Now attempting to fix the lewis structure.
Glide: FATAL mmlewis error: Problems remain with the following atoms:
mmlewis error:  1 3 17 21 23 24 26 31 33
Glide: FATAL mmlewis_apply(): Unable to handle mol 1
Glide: WARNING mmlewis warning: Wrong Lewis structure in structure input file
mmlewis warning: with title: CHEMBL184527
mmlewis warning: Problems were identified with the following atoms:
mmlewis warning:  40 
mmlewis warning: Now attempting to fix the lewis structure.
Glide: WARNING mmlewis warning: A valid lewis structure was successfully generated.
Glide: FATAL mmlewis_apply(): Error in handling of full CT
run_mmlewis: Failed to generate a valid lewis structure.
GLIDE WARNING: Structure unsuitable for OPLS-AA force field: glide_dock_ligands_r05violated_3-0001_in.maegz
SKIP LIG       23 (CHEMBL184527): STRUCTURE INCOMPATIBLE WITH FORCE FIELD
GLIDE WARNING: Will skip atomtyping, docking.
Glide: WARNING mmlewis warning: Wrong Lewis structure in structure input file
mmlewis warning: with title: CHEMBL184593
mmlewis warning: Problems were identified with the following atoms:
mmlewis warning:  1 2 3 7 8 9 10 13 14 16 17 18 22 23 24 26 27 28 29 30 
mmlewis warning: Now attempting to fix the lewis structure.
Glide: FATAL mmlewis error: Problems remain with the following atoms:
mmlewis error:  1 3 9 18 23 24 30
Glide: FATAL mmlewis_apply(): Unable to handle mol 1
Glide: WARNING mmlewis warning: Wrong Lewis structure in structure input file
mmlewis warning: with title: CHEMBL184593
mmlewis warning: Problems were identified with the following atoms:
mmlewis warning:  33 
mmlewis warning: Now attempting to fix the lewis structure.
Glide: WARNING mmlewis warning: A valid lewis structure was successfully generated.
Glide: FATAL mmlewis_apply(): Error in handling of full CT
run_mmlewis: Failed to generate a valid lewis structure.
GLIDE WARNING: Structure unsuitable for OPLS-AA force field: glide_dock_ligands_r05violated_3-0001_in.maegz
SKIP LIG       24 (CHEMBL184593): STRUCTURE INCOMPATIBLE WITH FORCE FIELD
GLIDE WARNING: Will skip atomtyping, docking.
Glide: WARNING mmlewis warning: Wrong Lewis structure in structure input file
mmlewis warning: with title: CHEMBL184630
mmlewis warning: Problems were identified with the following atoms:
mmlewis warning:  1 2 3 4 7 8 10 11 14 15 16 17 21 22 23 24 26 32 33 36 37 40 
mmlewis warning: Now attempting to fix the lewis structure.
Glide: FATAL mmlewis error: Problems remain with the following atoms:
mmlewis error:  1 3 17 21 23 24 26 34 36
Glide: FATAL mmlewis_apply(): Unable to handle mol 1
Glide: WARNING mmlewis warning: Wrong Lewis structure in structure input file
mmlewis warning: with title: CHEMBL184630
mmlewis warning: Problems were identified with the following atoms:
mmlewis warning:  43 
mmlewis warning: Now attempting to fix the lewis structure.
Glide: WARNING mmlewis warning: A valid lewis structure was successfully generated.
Glide: FATAL mmlewis_apply(): Error in handling of full CT
run_mmlewis: Failed to generate a valid lewis structure.
GLIDE WARNING: Structure unsuitable for OPLS-AA force field: glide_dock_ligands_r05violated_3-0001_in.maegz
SKIP LIG       25 (CHEMBL184630): STRUCTURE INCOMPATIBLE WITH FORCE FIELD
GLIDE WARNING: Will skip atomtyping, docking.
Glide: WARNING mmlewis warning: Wrong Lewis structure in structure input file
mmlewis warning: with title: CHEMBL184672
mmlewis warning: Problems were identified with the following atoms:
mmlewis warning:  1 5 7 8 9 11 14 16 17 21 22 23 24 26 27 32 33 34 36 37 38 39 40 41 42 
mmlewis warning: Now attempting to fix the lewis structure.
Glide: FATAL mmlewis error: Problems remain with the following atoms:
mmlewis error:  1 9 14 21 23 24 32 40 41 42
run_mmlewis: Failed to generate a valid lewis structure.
GLIDE WARNING: Structure unsuitable for OPLS-AA force field: glide_dock_ligands_r05violated_3-0001_in.maegz
SKIP LIG       26 (CHEMBL184672): STRUCTURE INCOMPATIBLE WITH FORCE FIELD
GLIDE WARNING: Will skip atomtyping, docking.
Glide: WARNING mmlewis warning: Wrong Lewis structure in structure input file
mmlewis warning: with title: CHEMBL184738
mmlewis warning: Problems were identified with the following atoms:
mmlewis warning:  1 2 3 7 8 9 10 13 14 16 19 20 23 26 27 28 29 30 32 33 34 35 36 
mmlewis warning: Now attempting to fix the lewis structure.
Glide: FATAL mmlewis error: Problems remain with the following atoms:
mmlewis error:  1 3 9 16 21 23 30 36
run_mmlewis: Failed to generate a valid lewis structure.
GLIDE WARNING: Structure unsuitable for OPLS-AA force field: glide_dock_ligands_r05violated_3-0001_in.maegz
SKIP LIG       27 (CHEMBL184738): STRUCTURE INCOMPATIBLE WITH FORCE FIELD
GLIDE WARNING: Will skip atomtyping, docking.
Glide: WARNING mmlewis warning: Wrong Lewis structure in structure input file
mmlewis warning: with title: CHEMBL185244
mmlewis warning: Problems were identified with the following atoms:
mmlewis warning:  1 5 7 8 10 11 14 15 16 17 21 22 23 24 26 27 28 29 32 33 
mmlewis warning: Now attempting to fix the lewis structure.
Glide: FATAL mmlewis error: Problems remain with the following atoms:
mmlewis error:  1 5 17 21 23 24 30
Glide: FATAL mmlewis_apply(): Unable to handle mol 1
Glide: WARNING mmlewis warning: Wrong Lewis structure in structure input file
mmlewis warning: with title: CHEMBL185244
mmlewis warning: Problems were identified with the following atoms:
mmlewis warning:  36 
mmlewis warning: Now attempting to fix the lewis structure.
Glide: WARNING mmlewis warning: A valid lewis structure was successfully generated.
Glide: FATAL mmlewis_apply(): Error in handling of full CT
run_mmlewis: Failed to generate a valid lewis structure.
GLIDE WARNING: Structure unsuitable for OPLS-AA force field: glide_dock_ligands_r05violated_3-0001_in.maegz
SKIP LIG       28 (CHEMBL185244): STRUCTURE INCOMPATIBLE WITH FORCE FIELD
GLIDE WARNING: Will skip atomtyping, docking.
Glide: WARNING mmlewis warning: Wrong Lewis structure in structure input file
mmlewis warning: with title: CHEMBL186032
mmlewis warning: Problems were identified with the following atoms:
mmlewis warning:  1 5 7 8 9 11 14 16 17 19 20 21 22 24 25 26 27 28 29 30 32 33 34 35 36 37 38 
mmlewis warning: Now attempting to fix the lewis structure.
Glide: FATAL mmlewis error: Problems remain with the following atoms:
mmlewis error:  1 9 14 19 21 22 28 36 37 38
run_mmlewis: Failed to generate a valid lewis structure.
GLIDE WARNING: Structure unsuitable for OPLS-AA force field: glide_dock_ligands_r05violated_3-0001_in.maegz
SKIP LIG       29 (CHEMBL186032): STRUCTURE INCOMPATIBLE WITH FORCE FIELD
GLIDE WARNING: Will skip atomtyping, docking.
Glide: WARNING mmlewis warning: Wrong Lewis structure in structure input file
mmlewis warning: with title: CHEMBL186482
mmlewis warning: Problems were identified with the following atoms:
mmlewis warning:  1 5 7 8 10 11 14 15 17 21 22 23 24 26 27 28 29 32 33 
mmlewis warning: Now attempting to fix the lewis structure.
Glide: FATAL mmlewis error: Problems remain with the following atoms:
mmlewis error:  1 5 15 17 21 23 24 30
Glide: FATAL mmlewis_apply(): Unable to handle mol 1
Glide: WARNING mmlewis warning: Wrong Lewis structure in structure input file
mmlewis warning: with title: CHEMBL186482
mmlewis warning: Problems were identified with the following atoms:
mmlewis warning:  36 
mmlewis warning: Now attempting to fix the lewis structure.
Glide: WARNING mmlewis warning: A valid lewis structure was successfully generated.
Glide: FATAL mmlewis_apply(): Error in handling of full CT
run_mmlewis: Failed to generate a valid lewis structure.
GLIDE WARNING: Structure unsuitable for OPLS-AA force field: glide_dock_ligands_r05violated_3-0001_in.maegz
SKIP LIG       30 (CHEMBL186482): STRUCTURE INCOMPATIBLE WITH FORCE FIELD
GLIDE WARNING: Will skip atomtyping, docking.
Glide: WARNING mmlewis warning: Wrong Lewis structure in structure input file
mmlewis warning: with title: CHEMBL186649
mmlewis warning: Problems were identified with the following atoms:
mmlewis warning:  1 2 3 7 8 9 10 13 14 16 19 20 23 26 27 28 29 30 32 33 34 35 36 
mmlewis warning: Now attempting to fix the lewis structure.
Glide: FATAL mmlewis error: Problems remain with the following atoms:
mmlewis error:  1 3 9 16 21 23 30 36
run_mmlewis: Failed to generate a valid lewis structure.
GLIDE WARNING: Structure unsuitable for OPLS-AA force field: glide_dock_ligands_r05violated_3-0001_in.maegz
SKIP LIG       31 (CHEMBL186649): STRUCTURE INCOMPATIBLE WITH FORCE FIELD
GLIDE WARNING: Will skip atomtyping, docking.
Glide: WARNING mmlewis warning: Wrong Lewis structure in structure input file
mmlewis warning: with title: CHEMBL186787
mmlewis warning: Problems were identified with the following atoms:
mmlewis warning:  1 2 3 7 8 9 10 13 14 16 17 20 23 24 25 26 28 29 30 31 
mmlewis warning: Now attempting to fix the lewis structure.
Glide: FATAL mmlewis error: Problems remain with the following atoms:
mmlewis error:  1 3 9 20 25 26 32
Glide: FATAL mmlewis_apply(): Unable to handle mol 1
Glide: WARNING mmlewis warning: Wrong Lewis structure in structure input file
mmlewis warning: with title: CHEMBL186787
mmlewis warning: Problems were identified with the following atoms:
mmlewis warning:  36 
mmlewis warning: Now attempting to fix the lewis structure.
Glide: WARNING mmlewis warning: A valid lewis structure was successfully generated.
Glide: FATAL mmlewis_apply(): Error in handling of full CT
run_mmlewis: Failed to generate a valid lewis structure.
GLIDE WARNING: Structure unsuitable for OPLS-AA force field: glide_dock_ligands_r05violated_3-0001_in.maegz
SKIP LIG       32 (CHEMBL186787): STRUCTURE INCOMPATIBLE WITH FORCE FIELD
GLIDE WARNING: Will skip atomtyping, docking.
Glide: WARNING mmlewis warning: Wrong Lewis structure in structure input file
mmlewis warning: with title: CHEMBL186877
mmlewis warning: Problems were identified with the following atoms:
mmlewis warning:  1 4 7 8 14 15 18 22 24 25 28 29 31 
mmlewis warning: Now attempting to fix the lewis structure.
Glide: FATAL mmlewis error: Problems remain with the following atoms:
mmlewis error:  1 7 8 22 24 25 28 29 31
run_mmlewis: Failed to generate a valid lewis structure.
GLIDE WARNING: Structure unsuitable for OPLS-AA force field: glide_dock_ligands_r05violated_3-0001_in.maegz
SKIP LIG       33 (CHEMBL186877): STRUCTURE INCOMPATIBLE WITH FORCE FIELD
GLIDE WARNING: Will skip atomtyping, docking.
Glide: WARNING mmlewis warning: Wrong Lewis structure in structure input file
mmlewis warning: with title: CHEMBL187293
mmlewis warning: Problems were identified with the following atoms:
mmlewis warning:  1 5 7 8 9 11 14 16 17 21 22 23 24 26 27 28 29 32 33 35 36 37 38 39 40 41 
mmlewis warning: Now attempting to fix the lewis structure.
Glide: FATAL mmlewis error: Problems remain with the following atoms:
mmlewis error:  1 9 14 21 23 24 30 39 40 41
run_mmlewis: Failed to generate a valid lewis structure.
GLIDE WARNING: Structure unsuitable for OPLS-AA force field: glide_dock_ligands_r05violated_3-0001_in.maegz
SKIP LIG       34 (CHEMBL187293): STRUCTURE INCOMPATIBLE WITH FORCE FIELD
GLIDE WARNING: Will skip atomtyping, docking.
Glide: WARNING mmlewis warning: Wrong Lewis structure in structure input file
mmlewis warning: with title: CHEMBL187699
mmlewis warning: Problems were identified with the following atoms:
mmlewis warning:  1 2 6 7 8 9 12 13 15 16 20 21 22 23 24 25 26 27 28 
mmlewis warning: Now attempting to fix the lewis structure.
Glide: FATAL mmlewis error: Problems remain with the following atoms:
mmlewis error:  1 8 28
Glide: FATAL mmlewis_apply(): Unable to handle mol 1
Glide: WARNING mmlewis warning: Wrong Lewis structure in structure input file
mmlewis warning: with title: CHEMBL187699
mmlewis warning: Problems were identified with the following atoms:
mmlewis warning:  31 
mmlewis warning: Now attempting to fix the lewis structure.
Glide: WARNING mmlewis warning: A valid lewis structure was successfully generated.
Glide: FATAL mmlewis_apply(): Error in handling of full CT
run_mmlewis: Failed to generate a valid lewis structure.
GLIDE WARNING: Structure unsuitable for OPLS-AA force field: glide_dock_ligands_r05violated_3-0001_in.maegz
SKIP LIG       35 (CHEMBL187699): STRUCTURE INCOMPATIBLE WITH FORCE FIELD
GLIDE WARNING: Will skip atomtyping, docking.
Glide: WARNING mmlewis warning: Wrong Lewis structure in structure input file
mmlewis warning: with title: CHEMBL187963
mmlewis warning: Problems were identified with the following atoms:
mmlewis warning:  1 2 5 6 8 9 12 13 14 15 19 20 21 22 24 25 26 27 30 31 34 
mmlewis warning: Now attempting to fix the lewis structure.
Glide: FATAL mmlewis error: Problems remain with the following atoms:
mmlewis error:  1 15 19 21 22 28 30
Glide: FATAL mmlewis_apply(): Unable to handle mol 1
Glide: WARNING mmlewis warning: Wrong Lewis structure in structure input file
mmlewis warning: with title: CHEMBL187963
mmlewis warning: Problems were identified with the following atoms:
mmlewis warning:  37 
mmlewis warning: Now attempting to fix the lewis structure.
Glide: WARNING mmlewis warning: A valid lewis structure was successfully generated.
Glide: FATAL mmlewis_apply(): Error in handling of full CT
run_mmlewis: Failed to generate a valid lewis structure.
GLIDE WARNING: Structure unsuitable for OPLS-AA force field: glide_dock_ligands_r05violated_3-0001_in.maegz
SKIP LIG       36 (CHEMBL187963): STRUCTURE INCOMPATIBLE WITH FORCE FIELD
GLIDE WARNING: Will skip atomtyping, docking.
Glide: WARNING mmlewis warning: Wrong Lewis structure in structure input file
mmlewis warning: with title: CHEMBL188043
mmlewis warning: Problems were identified with the following atoms:
mmlewis warning:  1 2 6 7 8 10 11 15 16 17 19 20 23 24 27 28 29 30 
mmlewis warning: Now attempting to fix the lewis structure.
Glide: FATAL mmlewis error: Problems remain with the following atoms:
mmlewis error:  1 10 17 28 29
Glide: FATAL mmlewis_apply(): Unable to handle mol 1
Glide: WARNING mmlewis warning: Wrong Lewis structure in structure input file
mmlewis warning: with title: CHEMBL188043
mmlewis warning: Problems were identified with the following atoms:
mmlewis warning:  33 
mmlewis warning: Now attempting to fix the lewis structure.
Glide: WARNING mmlewis warning: A valid lewis structure was successfully generated.
Glide: FATAL mmlewis_apply(): Error in handling of full CT
run_mmlewis: Failed to generate a valid lewis structure.
GLIDE WARNING: Structure unsuitable for OPLS-AA force field: glide_dock_ligands_r05violated_3-0001_in.maegz
SKIP LIG       37 (CHEMBL188043): STRUCTURE INCOMPATIBLE WITH FORCE FIELD
GLIDE WARNING: Will skip atomtyping, docking.
Glide: WARNING mmlewis warning: Wrong Lewis structure in structure input file
mmlewis warning: with title: CHEMBL188096
mmlewis warning: Problems were identified with the following atoms:
mmlewis warning:  1 3 6 8 9 12 13 16 19 20 21 22 26 27 28 30 
mmlewis warning: Now attempting to fix the lewis structure.
Glide: FATAL mmlewis error: Problems remain with the following atoms:
mmlewis error:  1 3 22 30
Glide: FATAL mmlewis_apply(): Unable to handle mol 1
Glide: WARNING mmlewis warning: Wrong Lewis structure in structure input file
mmlewis warning: with title: CHEMBL188096
mmlewis warning: Problems were identified with the following atoms:
mmlewis warning:  33 
mmlewis warning: Now attempting to fix the lewis structure.
Glide: WARNING mmlewis warning: A valid lewis structure was successfully generated.
Glide: FATAL mmlewis_apply(): Error in handling of full CT
run_mmlewis: Failed to generate a valid lewis structure.
GLIDE WARNING: Structure unsuitable for OPLS-AA force field: glide_dock_ligands_r05violated_3-0001_in.maegz
SKIP LIG       38 (CHEMBL188096): STRUCTURE INCOMPATIBLE WITH FORCE FIELD
GLIDE WARNING: Will skip atomtyping, docking.
Glide: WARNING mmlewis warning: Wrong Lewis structure in structure input file
mmlewis warning: with title: CHEMBL188444
mmlewis warning: Problems were identified with the following atoms:
mmlewis warning:  1 2 6 7 8 10 11 14 16 21 22 25 26 29 30 31 32 
mmlewis warning: Now attempting to fix the lewis structure.
Glide: FATAL mmlewis error: Problems remain with the following atoms:
mmlewis error:  1 10 16 30 31
Glide: FATAL mmlewis_apply(): Unable to handle mol 1
Glide: WARNING mmlewis warning: Wrong Lewis structure in structure input file
mmlewis warning: with title: CHEMBL188444
mmlewis warning: Problems were identified with the following atoms:
mmlewis warning:  35 
mmlewis warning: Now attempting to fix the lewis structure.
Glide: WARNING mmlewis warning: A valid lewis structure was successfully generated.
Glide: FATAL mmlewis_apply(): Error in handling of full CT
run_mmlewis: Failed to generate a valid lewis structure.
GLIDE WARNING: Structure unsuitable for OPLS-AA force field: glide_dock_ligands_r05violated_3-0001_in.maegz
SKIP LIG       39 (CHEMBL188444): STRUCTURE INCOMPATIBLE WITH FORCE FIELD
GLIDE WARNING: Will skip atomtyping, docking.
Glide: WARNING mmlewis warning: Wrong Lewis structure in structure input file
mmlewis warning: with title: CHEMBL188643
mmlewis warning: Problems were identified with the following atoms:
mmlewis warning:  1 2 3 4 7 9 10 13 14 17 18 19 20 21 22 26 27 28 30 
mmlewis warning: Now attempting to fix the lewis structure.
Glide: FATAL mmlewis error: Problems remain with the following atoms:
mmlewis error:  1 3 18 22 30
Glide: FATAL mmlewis_apply(): Unable to handle mol 1
Glide: WARNING mmlewis warning: Wrong Lewis structure in structure input file
mmlewis warning: with title: CHEMBL188643
mmlewis warning: Problems were identified with the following atoms:
mmlewis warning:  33 
mmlewis warning: Now attempting to fix the lewis structure.
Glide: WARNING mmlewis warning: A valid lewis structure was successfully generated.
Glide: FATAL mmlewis_apply(): Error in handling of full CT
run_mmlewis: Failed to generate a valid lewis structure.
GLIDE WARNING: Structure unsuitable for OPLS-AA force field: glide_dock_ligands_r05violated_3-0001_in.maegz
SKIP LIG       40 (CHEMBL188643): STRUCTURE INCOMPATIBLE WITH FORCE FIELD
GLIDE WARNING: Will skip atomtyping, docking.
Glide: WARNING mmlewis warning: Wrong Lewis structure in structure input file
mmlewis warning: with title: CHEMBL189046
mmlewis warning: Problems were identified with the following atoms:
mmlewis warning:  1 3 4 5 7 8 11 12 15 16 17 18 19 20 24 25 26 28 
mmlewis warning: Now attempting to fix the lewis structure.
Glide: FATAL mmlewis error: Problems remain with the following atoms:
mmlewis error:  1 3 4 20 28
Glide: FATAL mmlewis_apply(): Unable to handle mol 1
Glide: WARNING mmlewis warning: Wrong Lewis structure in structure input file
mmlewis warning: with title: CHEMBL189046
mmlewis warning: Problems were identified with the following atoms:
mmlewis warning:  31 
mmlewis warning: Now attempting to fix the lewis structure.
Glide: WARNING mmlewis warning: A valid lewis structure was successfully generated.
Glide: FATAL mmlewis_apply(): Error in handling of full CT
run_mmlewis: Failed to generate a valid lewis structure.
GLIDE WARNING: Structure unsuitable for OPLS-AA force field: glide_dock_ligands_r05violated_3-0001_in.maegz
SKIP LIG       41 (CHEMBL189046): STRUCTURE INCOMPATIBLE WITH FORCE FIELD
GLIDE WARNING: Will skip atomtyping, docking.
Glide: WARNING mmlewis warning: Wrong Lewis structure in structure input file
mmlewis warning: with title: CHEMBL189055
mmlewis warning: Problems were identified with the following atoms:
mmlewis warning:  1 3 6 8 9 12 13 16 17 18 19 20 21 25 26 27 28 
mmlewis warning: Now attempting to fix the lewis structure.
Glide: FATAL mmlewis error: Problems remain with the following atoms:
mmlewis error:  1 3 10 21 27
Glide: FATAL mmlewis_apply(): Unable to handle mol 1
Glide: WARNING mmlewis warning: Wrong Lewis structure in structure input file
mmlewis warning: with title: CHEMBL189055
mmlewis warning: Problems were identified with the following atoms:
mmlewis warning:  33 
mmlewis warning: Now attempting to fix the lewis structure.
Glide: WARNING mmlewis warning: A valid lewis structure was successfully generated.
Glide: FATAL mmlewis_apply(): Error in handling of full CT
run_mmlewis: Failed to generate a valid lewis structure.
GLIDE WARNING: Structure unsuitable for OPLS-AA force field: glide_dock_ligands_r05violated_3-0001_in.maegz
SKIP LIG       42 (CHEMBL189055): STRUCTURE INCOMPATIBLE WITH FORCE FIELD
GLIDE WARNING: Will skip atomtyping, docking.
Glide: WARNING mmlewis warning: Wrong Lewis structure in structure input file
mmlewis warning: with title: CHEMBL189067
mmlewis warning: Problems were identified with the following atoms:
mmlewis warning:  1 2 3 6 8 9 12 13 16 17 18 19 20 21 25 26 27 29 
mmlewis warning: Now attempting to fix the lewis structure.
Glide: FATAL mmlewis error: Problems remain with the following atoms:
mmlewis error:  1 17 21 29
Glide: FATAL mmlewis_apply(): Unable to handle mol 1
Glide: WARNING mmlewis warning: Wrong Lewis structure in structure input file
mmlewis warning: with title: CHEMBL189067
mmlewis warning: Problems were identified with the following atoms:
mmlewis warning:  32 
mmlewis warning: Now attempting to fix the lewis structure.
Glide: WARNING mmlewis warning: A valid lewis structure was successfully generated.
Glide: FATAL mmlewis_apply(): Error in handling of full CT
run_mmlewis: Failed to generate a valid lewis structure.
GLIDE WARNING: Structure unsuitable for OPLS-AA force field: glide_dock_ligands_r05violated_3-0001_in.maegz
SKIP LIG       43 (CHEMBL189067): STRUCTURE INCOMPATIBLE WITH FORCE FIELD
GLIDE WARNING: Will skip atomtyping, docking.
Glide: WARNING mmlewis warning: Wrong Lewis structure in structure input file
mmlewis warning: with title: CHEMBL190031
mmlewis warning: Problems were identified with the following atoms:
mmlewis warning:  1 2 6 7 8 10 11 12 14 15 16 17 19 20 23 24 27 28 29 30 
mmlewis warning: Now attempting to fix the lewis structure.
Glide: FATAL mmlewis error: Problems remain with the following atoms:
mmlewis error:  1 10 12
Glide: FATAL mmlewis_apply(): Unable to handle mol 1
Glide: WARNING mmlewis warning: Wrong Lewis structure in structure input file
mmlewis warning: with title: CHEMBL190031
mmlewis warning: Problems were identified with the following atoms:
mmlewis warning:  33 
mmlewis warning: Now attempting to fix the lewis structure.
Glide: WARNING mmlewis warning: A valid lewis structure was successfully generated.
Glide: FATAL mmlewis_apply(): Error in handling of full CT
run_mmlewis: Failed to generate a valid lewis structure.
GLIDE WARNING: Structure unsuitable for OPLS-AA force field: glide_dock_ligands_r05violated_3-0001_in.maegz
SKIP LIG       44 (CHEMBL190031): STRUCTURE INCOMPATIBLE WITH FORCE FIELD
GLIDE WARNING: Will skip atomtyping, docking.
Glide: WARNING mmlewis warning: Wrong Lewis structure in structure input file
mmlewis warning: with title: CHEMBL190217
mmlewis warning: Problems were identified with the following atoms:
mmlewis warning:  1 3 6 8 9 12 13 18 19 20 21 22 26 27 28 30 
mmlewis warning: Now attempting to fix the lewis structure.
Glide: FATAL mmlewis error: Problems remain with the following atoms:
mmlewis error:  1 3 10 18 22 30
Glide: FATAL mmlewis_apply(): Unable to handle mol 1
Glide: WARNING mmlewis warning: Wrong Lewis structure in structure input file
mmlewis warning: with title: CHEMBL190217
mmlewis warning: Problems were identified with the following atoms:
mmlewis warning:  33 
mmlewis warning: Now attempting to fix the lewis structure.
Glide: WARNING mmlewis warning: A valid lewis structure was successfully generated.
Glide: FATAL mmlewis_apply(): Error in handling of full CT
run_mmlewis: Failed to generate a valid lewis structure.
GLIDE WARNING: Structure unsuitable for OPLS-AA force field: glide_dock_ligands_r05violated_3-0001_in.maegz
SKIP LIG       45 (CHEMBL190217): STRUCTURE INCOMPATIBLE WITH FORCE FIELD
GLIDE WARNING: Will skip atomtyping, docking.
Glide: WARNING mmlewis warning: Wrong Lewis structure in structure input file
mmlewis warning: with title: CHEMBL190269
mmlewis warning: Problems were identified with the following atoms:
mmlewis warning:  1 3 6 8 9 12 13 14 18 19 20 21 22 26 27 28 30 
mmlewis warning: Now attempting to fix the lewis structure.
Glide: FATAL mmlewis error: Problems remain with the following atoms:
mmlewis error:  1 3 10 14 18 22 30
Glide: FATAL mmlewis_apply(): Unable to handle mol 1
Glide: WARNING mmlewis warning: Wrong Lewis structure in structure input file
mmlewis warning: with title: CHEMBL190269
mmlewis warning: Problems were identified with the following atoms:
mmlewis warning:  33 
mmlewis warning: Now attempting to fix the lewis structure.
Glide: WARNING mmlewis warning: A valid lewis structure was successfully generated.
Glide: FATAL mmlewis_apply(): Error in handling of full CT
run_mmlewis: Failed to generate a valid lewis structure.
GLIDE WARNING: Structure unsuitable for OPLS-AA force field: glide_dock_ligands_r05violated_3-0001_in.maegz
SKIP LIG       46 (CHEMBL190269): STRUCTURE INCOMPATIBLE WITH FORCE FIELD
GLIDE WARNING: Will skip atomtyping, docking.
Glide: WARNING mmlewis warning: Wrong Lewis structure in structure input file
mmlewis warning: with title: CHEMBL190593
mmlewis warning: Problems were identified with the following atoms:
mmlewis warning:  1 2 6 7 8 10 11 14 15 16 17 19 20 23 24 27 28 29 30 
mmlewis warning: Now attempting to fix the lewis structure.
Glide: FATAL mmlewis error: Problems remain with the following atoms:
mmlewis error:  1 10 28 29
Glide: FATAL mmlewis_apply(): Unable to handle mol 1
Glide: WARNING mmlewis warning: Wrong Lewis structure in structure input file
mmlewis warning: with title: CHEMBL190593
mmlewis warning: Problems were identified with the following atoms:
mmlewis warning:  33 
mmlewis warning: Now attempting to fix the lewis structure.
Glide: WARNING mmlewis warning: A valid lewis structure was successfully generated.
Glide: FATAL mmlewis_apply(): Error in handling of full CT
run_mmlewis: Failed to generate a valid lewis structure.
GLIDE WARNING: Structure unsuitable for OPLS-AA force field: glide_dock_ligands_r05violated_3-0001_in.maegz
SKIP LIG       47 (CHEMBL190593): STRUCTURE INCOMPATIBLE WITH FORCE FIELD
GLIDE WARNING: Will skip atomtyping, docking.
Glide: WARNING mmlewis warning: Wrong Lewis structure in structure input file
mmlewis warning: with title: CHEMBL190752
mmlewis warning: Problems were identified with the following atoms:
mmlewis warning:  1 2 5 7 8 11 12 15 16 17 18 19 20 24 25 26 28 
mmlewis warning: Now attempting to fix the lewis structure.
Glide: FATAL mmlewis error: Problems remain with the following atoms:
mmlewis error:  1 9 20 28
Glide: FATAL mmlewis_apply(): Unable to handle mol 1
Glide: WARNING mmlewis warning: Wrong Lewis structure in structure input file
mmlewis warning: with title: CHEMBL190752
mmlewis warning: Problems were identified with the following atoms:
mmlewis warning:  31 
mmlewis warning: Now attempting to fix the lewis structure.
Glide: WARNING mmlewis warning: A valid lewis structure was successfully generated.
Glide: FATAL mmlewis_apply(): Error in handling of full CT
run_mmlewis: Failed to generate a valid lewis structure.
GLIDE WARNING: Structure unsuitable for OPLS-AA force field: glide_dock_ligands_r05violated_3-0001_in.maegz
SKIP LIG       48 (CHEMBL190752): STRUCTURE INCOMPATIBLE WITH FORCE FIELD
GLIDE WARNING: Will skip atomtyping, docking.
Glide: WARNING mmlewis warning: Wrong Lewis structure in structure input file
mmlewis warning: with title: CHEMBL190788
mmlewis warning: Problems were identified with the following atoms:
mmlewis warning:  1 2 6 7 8 10 11 14 15 16 17 19 20 23 24 27 28 29 30 
mmlewis warning: Now attempting to fix the lewis structure.
Glide: FATAL mmlewis error: Problems remain with the following atoms:
mmlewis error:  1 10 28 29
Glide: FATAL mmlewis_apply(): Unable to handle mol 1
Glide: WARNING mmlewis warning: Wrong Lewis structure in structure input file
mmlewis warning: with title: CHEMBL190788
mmlewis warning: Problems were identified with the following atoms:
mmlewis warning:  33 
mmlewis warning: Now attempting to fix the lewis structure.
Glide: WARNING mmlewis warning: A valid lewis structure was successfully generated.
Glide: FATAL mmlewis_apply(): Error in handling of full CT
run_mmlewis: Failed to generate a valid lewis structure.
GLIDE WARNING: Structure unsuitable for OPLS-AA force field: glide_dock_ligands_r05violated_3-0001_in.maegz
SKIP LIG       49 (CHEMBL190788): STRUCTURE INCOMPATIBLE WITH FORCE FIELD
GLIDE WARNING: Will skip atomtyping, docking.
Glide: WARNING mmlewis warning: Wrong Lewis structure in structure input file
mmlewis warning: with title: CHEMBL190863
mmlewis warning: Problems were identified with the following atoms:
mmlewis warning:  1 3 6 8 9 12 13 16 17 18 19 20 21 25 26 28 
mmlewis warning: Now attempting to fix the lewis structure.
Glide: FATAL mmlewis error: Problems remain with the following atoms:
mmlewis error:  1 3 10 21 28
Glide: FATAL mmlewis_apply(): Unable to handle mol 1
Glide: WARNING mmlewis warning: Wrong Lewis structure in structure input file
mmlewis warning: with title: CHEMBL190863
mmlewis warning: Problems were identified with the following atoms:
mmlewis warning:  31 
mmlewis warning: Now attempting to fix the lewis structure.
Glide: WARNING mmlewis warning: A valid lewis structure was successfully generated.
Glide: FATAL mmlewis_apply(): Error in handling of full CT
run_mmlewis: Failed to generate a valid lewis structure.
GLIDE WARNING: Structure unsuitable for OPLS-AA force field: glide_dock_ligands_r05violated_3-0001_in.maegz
SKIP LIG       50 (CHEMBL190863): STRUCTURE INCOMPATIBLE WITH FORCE FIELD
GLIDE WARNING: Will skip atomtyping, docking.
Glide: WARNING mmlewis warning: Wrong Lewis structure in structure input file
mmlewis warning: with title: CHEMBL190923
mmlewis warning: Problems were identified with the following atoms:
mmlewis warning:  1 3 6 8 9 12 13 16 17 18 19 20 21 25 26 27 28 29 
mmlewis warning: Now attempting to fix the lewis structure.
Glide: FATAL mmlewis error: Problems remain with the following atoms:
mmlewis error:  1 3 10 21 29
Glide: FATAL mmlewis_apply(): Unable to handle mol 1
Glide: WARNING mmlewis warning: Wrong Lewis structure in structure input file
mmlewis warning: with title: CHEMBL190923
mmlewis warning: Problems were identified with the following atoms:
mmlewis warning:  32 
mmlewis warning: Now attempting to fix the lewis structure.
Glide: WARNING mmlewis warning: A valid lewis structure was successfully generated.
Glide: FATAL mmlewis_apply(): Error in handling of full CT
run_mmlewis: Failed to generate a valid lewis structure.
GLIDE WARNING: Structure unsuitable for OPLS-AA force field: glide_dock_ligands_r05violated_3-0001_in.maegz
SKIP LIG       51 (CHEMBL190923): STRUCTURE INCOMPATIBLE WITH FORCE FIELD
GLIDE WARNING: Will skip atomtyping, docking.
Glide: WARNING mmlewis warning: Wrong Lewis structure in structure input file
mmlewis warning: with title: CHEMBL190979
mmlewis warning: Problems were identified with the following atoms:
mmlewis warning:  1 2 4 5 8 9 10 14 15 17 18 19 20 21 25 26 27 29 
mmlewis warning: Now attempting to fix the lewis structure.
Glide: FATAL mmlewis error: Problems remain with the following atoms:
mmlewis error:  1 6 10 17 18 21 29
Glide: FATAL mmlewis_apply(): Unable to handle mol 1
Glide: WARNING mmlewis warning: Wrong Lewis structure in structure input file
mmlewis warning: with title: CHEMBL190979
mmlewis warning: Problems were identified with the following atoms:
mmlewis warning:  32 
mmlewis warning: Now attempting to fix the lewis structure.
Glide: WARNING mmlewis warning: A valid lewis structure was successfully generated.
Glide: FATAL mmlewis_apply(): Error in handling of full CT
run_mmlewis: Failed to generate a valid lewis structure.
GLIDE WARNING: Structure unsuitable for OPLS-AA force field: glide_dock_ligands_r05violated_3-0001_in.maegz
SKIP LIG       52 (CHEMBL190979): STRUCTURE INCOMPATIBLE WITH FORCE FIELD
GLIDE WARNING: Will skip atomtyping, docking.
Glide: WARNING mmlewis warning: Wrong Lewis structure in structure input file
mmlewis warning: with title: CHEMBL191067
mmlewis warning: Problems were identified with the following atoms:
mmlewis warning:  1 3 6 8 9 12 13 16 17 18 19 20 21 25 26 27 29 
mmlewis warning: Now attempting to fix the lewis structure.
Glide: FATAL mmlewis error: Problems remain with the following atoms:
mmlewis error:  1 3 10 21 29
Glide: FATAL mmlewis_apply(): Unable to handle mol 1
Glide: WARNING mmlewis warning: Wrong Lewis structure in structure input file
mmlewis warning: with title: CHEMBL191067
mmlewis warning: Problems were identified with the following atoms:
mmlewis warning:  32 
mmlewis warning: Now attempting to fix the lewis structure.
Glide: WARNING mmlewis warning: A valid lewis structure was successfully generated.
Glide: FATAL mmlewis_apply(): Error in handling of full CT
run_mmlewis: Failed to generate a valid lewis structure.
GLIDE WARNING: Structure unsuitable for OPLS-AA force field: glide_dock_ligands_r05violated_3-0001_in.maegz
SKIP LIG       53 (CHEMBL191067): STRUCTURE INCOMPATIBLE WITH FORCE FIELD
GLIDE WARNING: Will skip atomtyping, docking.
Glide: WARNING mmlewis warning: Wrong Lewis structure in structure input file
mmlewis warning: with title: CHEMBL191258
mmlewis warning: Problems were identified with the following atoms:
mmlewis warning:  1 2 6 7 8 10 11 15 16 17 18 20 21 24 25 28 29 30 31 
mmlewis warning: Now attempting to fix the lewis structure.
Glide: FATAL mmlewis error: Problems remain with the following atoms:
mmlewis error:  1 10 29 30
Glide: FATAL mmlewis_apply(): Unable to handle mol 1
Glide: WARNING mmlewis warning: Wrong Lewis structure in structure input file
mmlewis warning: with title: CHEMBL191258
mmlewis warning: Problems were identified with the following atoms:
mmlewis warning:  34 
mmlewis warning: Now attempting to fix the lewis structure.
Glide: WARNING mmlewis warning: A valid lewis structure was successfully generated.
Glide: FATAL mmlewis_apply(): Error in handling of full CT
run_mmlewis: Failed to generate a valid lewis structure.
GLIDE WARNING: Structure unsuitable for OPLS-AA force field: glide_dock_ligands_r05violated_3-0001_in.maegz
SKIP LIG       54 (CHEMBL191258): STRUCTURE INCOMPATIBLE WITH FORCE FIELD
GLIDE WARNING: Will skip atomtyping, docking.
Glide: WARNING mmlewis warning: Wrong Lewis structure in structure input file
mmlewis warning: with title: CHEMBL191337
mmlewis warning: Problems were identified with the following atoms:
mmlewis warning:  1 3 6 8 9 12 13 16 17 18 19 20 21 25 26 30 
mmlewis warning: Now attempting to fix the lewis structure.
Glide: FATAL mmlewis error: Problems remain with the following atoms:
mmlewis error:  1 3 10 21 30
Glide: FATAL mmlewis_apply(): Unable to handle mol 1
Glide: WARNING mmlewis warning: Wrong Lewis structure in structure input file
mmlewis warning: with title: CHEMBL191337
mmlewis warning: Problems were identified with the following atoms:
mmlewis warning:  33 
mmlewis warning: Now attempting to fix the lewis structure.
Glide: WARNING mmlewis warning: A valid lewis structure was successfully generated.
Glide: FATAL mmlewis_apply(): Error in handling of full CT
run_mmlewis: Failed to generate a valid lewis structure.
GLIDE WARNING: Structure unsuitable for OPLS-AA force field: glide_dock_ligands_r05violated_3-0001_in.maegz
SKIP LIG       55 (CHEMBL191337): STRUCTURE INCOMPATIBLE WITH FORCE FIELD
GLIDE WARNING: Will skip atomtyping, docking.
Glide: WARNING mmlewis warning: Wrong Lewis structure in structure input file
mmlewis warning: with title: CHEMBL191473
mmlewis warning: Problems were identified with the following atoms:
mmlewis warning:  1 3 6 8 9 12 13 14 17 21 22 23 24 25 29 30 31 33 
mmlewis warning: Now attempting to fix the lewis structure.
Glide: FATAL mmlewis error: Problems remain with the following atoms:
mmlewis error:  1 3 10 14 17 21 25 33
Glide: FATAL mmlewis_apply(): Unable to handle mol 1
Glide: WARNING mmlewis warning: Wrong Lewis structure in structure input file
mmlewis warning: with title: CHEMBL191473
mmlewis warning: Problems were identified with the following atoms:
mmlewis warning:  36 
mmlewis warning: Now attempting to fix the lewis structure.
Glide: WARNING mmlewis warning: A valid lewis structure was successfully generated.
Glide: FATAL mmlewis_apply(): Error in handling of full CT
run_mmlewis: Failed to generate a valid lewis structure.
GLIDE WARNING: Structure unsuitable for OPLS-AA force field: glide_dock_ligands_r05violated_3-0001_in.maegz
SKIP LIG       56 (CHEMBL191473): STRUCTURE INCOMPATIBLE WITH FORCE FIELD
GLIDE WARNING: Will skip atomtyping, docking.
Glide: WARNING mmlewis warning: Wrong Lewis structure in structure input file
mmlewis warning: with title: CHEMBL191486
mmlewis warning: Problems were identified with the following atoms:
mmlewis warning:  1 3 6 8 9 12 15 16 19 20 21 22 26 27 28 30 
mmlewis warning: Now attempting to fix the lewis structure.
Glide: FATAL mmlewis error: Problems remain with the following atoms:
mmlewis error:  1 3 12 17 22 30
Glide: FATAL mmlewis_apply(): Unable to handle mol 1
Glide: WARNING mmlewis warning: Wrong Lewis structure in structure input file
mmlewis warning: with title: CHEMBL191486
mmlewis warning: Problems were identified with the following atoms:
mmlewis warning:  33 
mmlewis warning: Now attempting to fix the lewis structure.
Glide: WARNING mmlewis warning: A valid lewis structure was successfully generated.
Glide: FATAL mmlewis_apply(): Error in handling of full CT
run_mmlewis: Failed to generate a valid lewis structure.
GLIDE WARNING: Structure unsuitable for OPLS-AA force field: glide_dock_ligands_r05violated_3-0001_in.maegz
SKIP LIG       57 (CHEMBL191486): STRUCTURE INCOMPATIBLE WITH FORCE FIELD
GLIDE WARNING: Will skip atomtyping, docking.
Glide: WARNING mmlewis warning: Wrong Lewis structure in structure input file
mmlewis warning: with title: CHEMBL192117
mmlewis warning: Problems were identified with the following atoms:
mmlewis warning:  1 2 4 5 8 9 10 12 20 21 22 23 24 28 29 30 32 
mmlewis warning: Now attempting to fix the lewis structure.
Glide: FATAL mmlewis error: Problems remain with the following atoms:
mmlewis error:  1 6 10 20 21 24 32
Glide: FATAL mmlewis_apply(): Unable to handle mol 1
Glide: WARNING mmlewis warning: Wrong Lewis structure in structure input file
mmlewis warning: with title: CHEMBL192117
mmlewis warning: Problems were identified with the following atoms:
mmlewis warning:  35 
mmlewis warning: Now attempting to fix the lewis structure.
Glide: WARNING mmlewis warning: A valid lewis structure was successfully generated.
Glide: FATAL mmlewis_apply(): Error in handling of full CT
run_mmlewis: Failed to generate a valid lewis structure.
GLIDE WARNING: Structure unsuitable for OPLS-AA force field: glide_dock_ligands_r05violated_3-0001_in.maegz
SKIP LIG       58 (CHEMBL192117): STRUCTURE INCOMPATIBLE WITH FORCE FIELD
GLIDE WARNING: Will skip atomtyping, docking.
Glide: WARNING mmlewis warning: Wrong Lewis structure in structure input file
mmlewis warning: with title: CHEMBL192425
mmlewis warning: Problems were identified with the following atoms:
mmlewis warning:  1 2 7 8 9 12 13 15 16 17 18 22 23 24 26 27 28 29 
mmlewis warning: Now attempting to fix the lewis structure.
Glide: FATAL mmlewis error: Problems remain with the following atoms:
mmlewis error:  1 9 16 18 26 29
Glide: FATAL mmlewis_apply(): Unable to handle mol 1
Glide: WARNING mmlewis warning: Wrong Lewis structure in structure input file
mmlewis warning: with title: CHEMBL192425
mmlewis warning: Problems were identified with the following atoms:
mmlewis warning:  32 
mmlewis warning: Now attempting to fix the lewis structure.
Glide: WARNING mmlewis warning: A valid lewis structure was successfully generated.
Glide: FATAL mmlewis_apply(): Error in handling of full CT
run_mmlewis: Failed to generate a valid lewis structure.
GLIDE WARNING: Structure unsuitable for OPLS-AA force field: glide_dock_ligands_r05violated_3-0001_in.maegz
SKIP LIG       59 (CHEMBL192425): STRUCTURE INCOMPATIBLE WITH FORCE FIELD
GLIDE WARNING: Will skip atomtyping, docking.
Glide: WARNING mmlewis warning: Wrong Lewis structure in structure input file
mmlewis warning: with title: CHEMBL192980
mmlewis warning: Problems were identified with the following atoms:
mmlewis warning:  1 2 4 5 8 9 15 16 17 18 19 20 24 25 26 28 
mmlewis warning: Now attempting to fix the lewis structure.
Glide: FATAL mmlewis error: Problems remain with the following atoms:
mmlewis error:  1 20 28
Glide: FATAL mmlewis_apply(): Unable to handle mol 1
Glide: WARNING mmlewis warning: Wrong Lewis structure in structure input file
mmlewis warning: with title: CHEMBL192980
mmlewis warning: Problems were identified with the following atoms:
mmlewis warning:  31 
mmlewis warning: Now attempting to fix the lewis structure.
Glide: WARNING mmlewis warning: A valid lewis structure was successfully generated.
Glide: FATAL mmlewis_apply(): Error in handling of full CT
run_mmlewis: Failed to generate a valid lewis structure.
GLIDE WARNING: Structure unsuitable for OPLS-AA force field: glide_dock_ligands_r05violated_3-0001_in.maegz
SKIP LIG       60 (CHEMBL192980): STRUCTURE INCOMPATIBLE WITH FORCE FIELD
GLIDE WARNING: Will skip atomtyping, docking.
Glide: WARNING mmlewis warning: Wrong Lewis structure in structure input file
mmlewis warning: with title: CHEMBL193887
mmlewis warning: Problems were identified with the following atoms:
mmlewis warning:  1 2 4 5 8 9 11 13 16 17 18 19 20 21 25 26 27 29 
mmlewis warning: Now attempting to fix the lewis structure.
Glide: FATAL mmlewis error: Problems remain with the following atoms:
mmlewis error:  1 13 21 29
Glide: FATAL mmlewis_apply(): Unable to handle mol 1
Glide: WARNING mmlewis warning: Wrong Lewis structure in structure input file
mmlewis warning: with title: CHEMBL193887
mmlewis warning: Problems were identified with the following atoms:
mmlewis warning:  32 
mmlewis warning: Now attempting to fix the lewis structure.
Glide: WARNING mmlewis warning: A valid lewis structure was successfully generated.
Glide: FATAL mmlewis_apply(): Error in handling of full CT
run_mmlewis: Failed to generate a valid lewis structure.
GLIDE WARNING: Structure unsuitable for OPLS-AA force field: glide_dock_ligands_r05violated_3-0001_in.maegz
SKIP LIG       61 (CHEMBL193887): STRUCTURE INCOMPATIBLE WITH FORCE FIELD
GLIDE WARNING: Will skip atomtyping, docking.
Glide: WARNING mmlewis warning: Wrong Lewis structure in structure input file
mmlewis warning: with title: CHEMBL194437
mmlewis warning: Problems were identified with the following atoms:
mmlewis warning:  1 2 4 5 8 9 12 15 16 17 18 19 20 24 25 26 28 
mmlewis warning: Now attempting to fix the lewis structure.
Glide: FATAL mmlewis error: Problems remain with the following atoms:
mmlewis error:  1 7 12 20 28
Glide: FATAL mmlewis_apply(): Unable to handle mol 1
Glide: WARNING mmlewis warning: Wrong Lewis structure in structure input file
mmlewis warning: with title: CHEMBL194437
mmlewis warning: Problems were identified with the following atoms:
mmlewis warning:  31 
mmlewis warning: Now attempting to fix the lewis structure.
Glide: WARNING mmlewis warning: A valid lewis structure was successfully generated.
Glide: FATAL mmlewis_apply(): Error in handling of full CT
run_mmlewis: Failed to generate a valid lewis structure.
GLIDE WARNING: Structure unsuitable for OPLS-AA force field: glide_dock_ligands_r05violated_3-0001_in.maegz
SKIP LIG       62 (CHEMBL194437): STRUCTURE INCOMPATIBLE WITH FORCE FIELD
GLIDE WARNING: Will skip atomtyping, docking.
Glide: WARNING mmlewis warning: Wrong Lewis structure in structure input file
mmlewis warning: with title: CHEMBL195378
mmlewis warning: Problems were identified with the following atoms:
mmlewis warning:  1 2 4 5 8 9 10 15 17 18 19 20 21 25 26 27 29 
mmlewis warning: Now attempting to fix the lewis structure.
Glide: FATAL mmlewis error: Problems remain with the following atoms:
mmlewis error:  1 6 10 17 18 21 29
Glide: FATAL mmlewis_apply(): Unable to handle mol 1
Glide: WARNING mmlewis warning: Wrong Lewis structure in structure input file
mmlewis warning: with title: CHEMBL195378
mmlewis warning: Problems were identified with the following atoms:
mmlewis warning:  32 
mmlewis warning: Now attempting to fix the lewis structure.
Glide: WARNING mmlewis warning: A valid lewis structure was successfully generated.
Glide: FATAL mmlewis_apply(): Error in handling of full CT
run_mmlewis: Failed to generate a valid lewis structure.
GLIDE WARNING: Structure unsuitable for OPLS-AA force field: glide_dock_ligands_r05violated_3-0001_in.maegz
SKIP LIG       63 (CHEMBL195378): STRUCTURE INCOMPATIBLE WITH FORCE FIELD
GLIDE WARNING: Will skip atomtyping, docking.
Glide: WARNING mmlewis warning: Wrong Lewis structure in structure input file
mmlewis warning: with title: CHEMBL195667
mmlewis warning: Problems were identified with the following atoms:
mmlewis warning:  1 2 4 5 8 9 10 15 17 18 19 20 21 25 26 27 29 
mmlewis warning: Now attempting to fix the lewis structure.
Glide: FATAL mmlewis error: Problems remain with the following atoms:
mmlewis error:  1 6 10 15 17 18 21 29
Glide: FATAL mmlewis_apply(): Unable to handle mol 1
Glide: WARNING mmlewis warning: Wrong Lewis structure in structure input file
mmlewis warning: with title: CHEMBL195667
mmlewis warning: Problems were identified with the following atoms:
mmlewis warning:  32 
mmlewis warning: Now attempting to fix the lewis structure.
Glide: WARNING mmlewis warning: A valid lewis structure was successfully generated.
Glide: FATAL mmlewis_apply(): Error in handling of full CT
run_mmlewis: Failed to generate a valid lewis structure.
GLIDE WARNING: Structure unsuitable for OPLS-AA force field: glide_dock_ligands_r05violated_3-0001_in.maegz
SKIP LIG       64 (CHEMBL195667): STRUCTURE INCOMPATIBLE WITH FORCE FIELD
GLIDE WARNING: Will skip atomtyping, docking.
Glide: WARNING mmlewis warning: Wrong Lewis structure in structure input file
mmlewis warning: with title: CHEMBL195739
mmlewis warning: Problems were identified with the following atoms:
mmlewis warning:  1 2 4 5 8 9 10 13 17 18 19 20 21 25 26 27 29 
mmlewis warning: Now attempting to fix the lewis structure.
Glide: FATAL mmlewis error: Problems remain with the following atoms:
mmlewis error:  1 6 10 13 17 18 21 29
Glide: FATAL mmlewis_apply(): Unable to handle mol 1
Glide: WARNING mmlewis warning: Wrong Lewis structure in structure input file
mmlewis warning: with title: CHEMBL195739
mmlewis warning: Problems were identified with the following atoms:
mmlewis warning:  32 
mmlewis warning: Now attempting to fix the lewis structure.
Glide: WARNING mmlewis warning: A valid lewis structure was successfully generated.
Glide: FATAL mmlewis_apply(): Error in handling of full CT
run_mmlewis: Failed to generate a valid lewis structure.
GLIDE WARNING: Structure unsuitable for OPLS-AA force field: glide_dock_ligands_r05violated_3-0001_in.maegz
SKIP LIG       65 (CHEMBL195739): STRUCTURE INCOMPATIBLE WITH FORCE FIELD
GLIDE WARNING: Will skip atomtyping, docking.
Glide: WARNING mmlewis warning: Wrong Lewis structure in structure input file
mmlewis warning: with title: CHEMBL195905
mmlewis warning: Problems were identified with the following atoms:
mmlewis warning:  1 2 4 5 8 9 10 14 16 18 19 20 21 22 26 27 28 30 
mmlewis warning: Now attempting to fix the lewis structure.
Glide: FATAL mmlewis error: Problems remain with the following atoms:
mmlewis error:  1 6 10 18 19 22 30
Glide: FATAL mmlewis_apply(): Unable to handle mol 1
Glide: WARNING mmlewis warning: Wrong Lewis structure in structure input file
mmlewis warning: with title: CHEMBL195905
mmlewis warning: Problems were identified with the following atoms:
mmlewis warning:  33 
mmlewis warning: Now attempting to fix the lewis structure.
Glide: WARNING mmlewis warning: A valid lewis structure was successfully generated.
Glide: FATAL mmlewis_apply(): Error in handling of full CT
run_mmlewis: Failed to generate a valid lewis structure.
GLIDE WARNING: Structure unsuitable for OPLS-AA force field: glide_dock_ligands_r05violated_3-0001_in.maegz
SKIP LIG       66 (CHEMBL195905): STRUCTURE INCOMPATIBLE WITH FORCE FIELD
GLIDE WARNING: Will skip atomtyping, docking.
Glide: WARNING mmlewis warning: Wrong Lewis structure in structure input file
mmlewis warning: with title: CHEMBL203169
mmlewis warning: Problems were identified with the following atoms:
mmlewis warning:  1 2 4 5 8 10 13 15 16 17 18 19 20 24 25 26 28 
mmlewis warning: Now attempting to fix the lewis structure.
Glide: FATAL mmlewis error: Problems remain with the following atoms:
mmlewis error:  1 8 10 15 20 28
Glide: FATAL mmlewis_apply(): Unable to handle mol 1
Glide: WARNING mmlewis warning: Wrong Lewis structure in structure input file
mmlewis warning: with title: CHEMBL203169
mmlewis warning: Problems were identified with the following atoms:
mmlewis warning:  31 
mmlewis warning: Now attempting to fix the lewis structure.
Glide: WARNING mmlewis warning: A valid lewis structure was successfully generated.
Glide: FATAL mmlewis_apply(): Error in handling of full CT
run_mmlewis: Failed to generate a valid lewis structure.
GLIDE WARNING: Structure unsuitable for OPLS-AA force field: glide_dock_ligands_r05violated_3-0001_in.maegz
SKIP LIG       67 (CHEMBL203169): STRUCTURE INCOMPATIBLE WITH FORCE FIELD
GLIDE WARNING: Will skip atomtyping, docking.
Glide: WARNING mmlewis warning: Wrong Lewis structure in structure input file
mmlewis warning: with title: CHEMBL203267
mmlewis warning: Problems were identified with the following atoms:
mmlewis warning:  1 2 4 5 8 10 17 18 19 20 24 25 26 28 
mmlewis warning: Now attempting to fix the lewis structure.
Glide: FATAL mmlewis error: Problems remain with the following atoms:
mmlewis error:  1 8 10 20 28
Glide: FATAL mmlewis_apply(): Unable to handle mol 1
Glide: WARNING mmlewis warning: Wrong Lewis structure in structure input file
mmlewis warning: with title: CHEMBL203267
mmlewis warning: Problems were identified with the following atoms:
mmlewis warning:  31 
mmlewis warning: Now attempting to fix the lewis structure.
Glide: WARNING mmlewis warning: A valid lewis structure was successfully generated.
Glide: FATAL mmlewis_apply(): Error in handling of full CT
run_mmlewis: Failed to generate a valid lewis structure.
GLIDE WARNING: Structure unsuitable for OPLS-AA force field: glide_dock_ligands_r05violated_3-0001_in.maegz
SKIP LIG       68 (CHEMBL203267): STRUCTURE INCOMPATIBLE WITH FORCE FIELD
GLIDE WARNING: Will skip atomtyping, docking.
Glide: WARNING mmlewis warning: Wrong Lewis structure in structure input file
mmlewis warning: with title: CHEMBL203323
mmlewis warning: Problems were identified with the following atoms:
mmlewis warning:  1 5 6 8 9 10 11 15 16 17 19 20 21 22 28 
mmlewis warning: Now attempting to fix the lewis structure.
Glide: FATAL mmlewis error: Problems remain with the following atoms:
mmlewis error:  1 7 9 11 19 22 28
Glide: FATAL mmlewis_apply(): Unable to handle mol 1
Glide: WARNING mmlewis warning: Wrong Lewis structure in structure input file
mmlewis warning: with title: CHEMBL203323
mmlewis warning: Problems were identified with the following atoms:
mmlewis warning:  31 
mmlewis warning: Now attempting to fix the lewis structure.
Glide: WARNING mmlewis warning: A valid lewis structure was successfully generated.
Glide: FATAL mmlewis_apply(): Error in handling of full CT
run_mmlewis: Failed to generate a valid lewis structure.
GLIDE WARNING: Structure unsuitable for OPLS-AA force field: glide_dock_ligands_r05violated_3-0001_in.maegz
SKIP LIG       69 (CHEMBL203323): STRUCTURE INCOMPATIBLE WITH FORCE FIELD
GLIDE WARNING: Will skip atomtyping, docking.
Glide: WARNING mmlewis warning: Wrong Lewis structure in structure input file
mmlewis warning: with title: CHEMBL206172
mmlewis warning: Problems were identified with the following atoms:
mmlewis warning:  1 2 4 5 8 9 14 15 18 19 20 21 22 23 24 28 29 30 32 
mmlewis warning: Now attempting to fix the lewis structure.
Glide: FATAL mmlewis error: Problems remain with the following atoms:
mmlewis error:  1 20 24 32
Glide: FATAL mmlewis_apply(): Unable to handle mol 1
Glide: WARNING mmlewis warning: Wrong Lewis structure in structure input file
mmlewis warning: with title: CHEMBL206172
mmlewis warning: Problems were identified with the following atoms:
mmlewis warning:  35 
mmlewis warning: Now attempting to fix the lewis structure.
Glide: WARNING mmlewis warning: A valid lewis structure was successfully generated.
Glide: FATAL mmlewis_apply(): Error in handling of full CT
run_mmlewis: Failed to generate a valid lewis structure.
GLIDE WARNING: Structure unsuitable for OPLS-AA force field: glide_dock_ligands_r05violated_3-0001_in.maegz
SKIP LIG       70 (CHEMBL206172): STRUCTURE INCOMPATIBLE WITH FORCE FIELD
GLIDE WARNING: Will skip atomtyping, docking.
Glide: WARNING mmlewis warning: Wrong Lewis structure in structure input file
mmlewis warning: with title: CHEMBL207348
mmlewis warning: Problems were identified with the following atoms:
mmlewis warning:  1 3 6 8 9 12 13 17 19 20 21 22 23 27 28 29 31 
mmlewis warning: Now attempting to fix the lewis structure.
Glide: FATAL mmlewis error: Problems remain with the following atoms:
mmlewis error:  1 3 10 17 19 23 31
Glide: FATAL mmlewis_apply(): Unable to handle mol 1
Glide: WARNING mmlewis warning: Wrong Lewis structure in structure input file
mmlewis warning: with title: CHEMBL207348
mmlewis warning: Problems were identified with the following atoms:
mmlewis warning:  34 
mmlewis warning: Now attempting to fix the lewis structure.
Glide: WARNING mmlewis warning: A valid lewis structure was successfully generated.
Glide: FATAL mmlewis_apply(): Error in handling of full CT
run_mmlewis: Failed to generate a valid lewis structure.
GLIDE WARNING: Structure unsuitable for OPLS-AA force field: glide_dock_ligands_r05violated_3-0001_in.maegz
SKIP LIG       71 (CHEMBL207348): STRUCTURE INCOMPATIBLE WITH FORCE FIELD
GLIDE WARNING: Will skip atomtyping, docking.
Glide: WARNING mmlewis warning: Wrong Lewis structure in structure input file
mmlewis warning: with title: CHEMBL208957
mmlewis warning: Problems were identified with the following atoms:
mmlewis warning:  1 3 6 8 9 12 13 16 17 20 21 22 23 27 28 32 
mmlewis warning: Now attempting to fix the lewis structure.
Glide: FATAL mmlewis error: Problems remain with the following atoms:
mmlewis error:  1 3 23 32
Glide: FATAL mmlewis_apply(): Unable to handle mol 1
Glide: WARNING mmlewis warning: Wrong Lewis structure in structure input file
mmlewis warning: with title: CHEMBL208957
mmlewis warning: Problems were identified with the following atoms:
mmlewis warning:  35 
mmlewis warning: Now attempting to fix the lewis structure.
Glide: WARNING mmlewis warning: A valid lewis structure was successfully generated.
Glide: FATAL mmlewis_apply(): Error in handling of full CT
run_mmlewis: Failed to generate a valid lewis structure.
GLIDE WARNING: Structure unsuitable for OPLS-AA force field: glide_dock_ligands_r05violated_3-0001_in.maegz
SKIP LIG       72 (CHEMBL208957): STRUCTURE INCOMPATIBLE WITH FORCE FIELD
GLIDE WARNING: Will skip atomtyping, docking.
Glide: WARNING mmlewis warning: Wrong Lewis structure in structure input file
mmlewis warning: with title: CHEMBL209064
mmlewis warning: Problems were identified with the following atoms:
mmlewis warning:  1 3 6 8 9 12 13 16 19 20 21 22 23 27 28 32 
mmlewis warning: Now attempting to fix the lewis structure.
Glide: FATAL mmlewis error: Problems remain with the following atoms:
mmlewis error:  1 3 19 23 32
Glide: FATAL mmlewis_apply(): Unable to handle mol 1
Glide: WARNING mmlewis warning: Wrong Lewis structure in structure input file
mmlewis warning: with title: CHEMBL209064
mmlewis warning: Problems were identified with the following atoms:
mmlewis warning:  35 
mmlewis warning: Now attempting to fix the lewis structure.
Glide: WARNING mmlewis warning: A valid lewis structure was successfully generated.
Glide: FATAL mmlewis_apply(): Error in handling of full CT
run_mmlewis: Failed to generate a valid lewis structure.
GLIDE WARNING: Structure unsuitable for OPLS-AA force field: glide_dock_ligands_r05violated_3-0001_in.maegz
SKIP LIG       73 (CHEMBL209064): STRUCTURE INCOMPATIBLE WITH FORCE FIELD
GLIDE WARNING: Will skip atomtyping, docking.
Glide: WARNING mmlewis warning: Wrong Lewis structure in structure input file
mmlewis warning: with title: CHEMBL209111
mmlewis warning: Problems were identified with the following atoms:
mmlewis warning:  1 5 6 8 12 13 14 15 19 20 21 23 24 25 26 27 30 
mmlewis warning: Now attempting to fix the lewis structure.
Glide: FATAL mmlewis error: Problems remain with the following atoms:
mmlewis error:  1 12 13 15 23
Glide: FATAL mmlewis_apply(): Unable to handle mol 1
Glide: WARNING mmlewis warning: Wrong Lewis structure in structure input file
mmlewis warning: with title: CHEMBL209111
mmlewis warning: Problems were identified with the following atoms:
mmlewis warning:  35 
mmlewis warning: Now attempting to fix the lewis structure.
Glide: WARNING mmlewis warning: A valid lewis structure was successfully generated.
Glide: FATAL mmlewis_apply(): Error in handling of full CT
run_mmlewis: Failed to generate a valid lewis structure.
GLIDE WARNING: Structure unsuitable for OPLS-AA force field: glide_dock_ligands_r05violated_3-0001_in.maegz
SKIP LIG       74 (CHEMBL209111): STRUCTURE INCOMPATIBLE WITH FORCE FIELD
GLIDE WARNING: Will skip atomtyping, docking.
Glide: WARNING mmlewis warning: Wrong Lewis structure in structure input file
mmlewis warning: with title: CHEMBL209162
mmlewis warning: Problems were identified with the following atoms:
mmlewis warning:  1 3 6 8 9 12 13 17 18 19 20 21 22 26 27 28 30 
mmlewis warning: Now attempting to fix the lewis structure.
Glide: FATAL mmlewis error: Problems remain with the following atoms:
mmlewis error:  1 3 10 17 18 22 30
Glide: FATAL mmlewis_apply(): Unable to handle mol 1
Glide: WARNING mmlewis warning: Wrong Lewis structure in structure input file
mmlewis warning: with title: CHEMBL209162
mmlewis warning: Problems were identified with the following atoms:
mmlewis warning:  33 
mmlewis warning: Now attempting to fix the lewis structure.
Glide: WARNING mmlewis warning: A valid lewis structure was successfully generated.
Glide: FATAL mmlewis_apply(): Error in handling of full CT
run_mmlewis: Failed to generate a valid lewis structure.
GLIDE WARNING: Structure unsuitable for OPLS-AA force field: glide_dock_ligands_r05violated_3-0001_in.maegz
SKIP LIG       75 (CHEMBL209162): STRUCTURE INCOMPATIBLE WITH FORCE FIELD
GLIDE WARNING: Will skip atomtyping, docking.
Glide: WARNING mmlewis warning: Wrong Lewis structure in structure input file
mmlewis warning: with title: CHEMBL209710
mmlewis warning: Problems were identified with the following atoms:
mmlewis warning:  1 5 6 9 10 12 16 17 18 19 23 24 25 27 28 29 30 
mmlewis warning: Now attempting to fix the lewis structure.
Glide: FATAL mmlewis error: Problems remain with the following atoms:
mmlewis error:  1 16 17 19 27 30
Glide: FATAL mmlewis_apply(): Unable to handle mol 1
Glide: WARNING mmlewis warning: Wrong Lewis structure in structure input file
mmlewis warning: with title: CHEMBL209710
mmlewis warning: Problems were identified with the following atoms:
mmlewis warning:  35 
mmlewis warning: Now attempting to fix the lewis structure.
Glide: WARNING mmlewis warning: A valid lewis structure was successfully generated.
Glide: FATAL mmlewis_apply(): Error in handling of full CT
run_mmlewis: Failed to generate a valid lewis structure.
GLIDE WARNING: Structure unsuitable for OPLS-AA force field: glide_dock_ligands_r05violated_3-0001_in.maegz
SKIP LIG       76 (CHEMBL209710): STRUCTURE INCOMPATIBLE WITH FORCE FIELD
GLIDE WARNING: Will skip atomtyping, docking.
Glide: WARNING mmlewis warning: Wrong Lewis structure in structure input file
mmlewis warning: with title: CHEMBL210459
mmlewis warning: Problems were identified with the following atoms:
mmlewis warning:  1 3 6 8 9 12 13 16 17 20 21 22 23 27 28 29 31 
mmlewis warning: Now attempting to fix the lewis structure.
Glide: FATAL mmlewis error: Problems remain with the following atoms:
mmlewis error:  1 3 23 31
Glide: FATAL mmlewis_apply(): Unable to handle mol 1
Glide: WARNING mmlewis warning: Wrong Lewis structure in structure input file
mmlewis warning: with title: CHEMBL210459
mmlewis warning: Problems were identified with the following atoms:
mmlewis warning:  34 
mmlewis warning: Now attempting to fix the lewis structure.
Glide: WARNING mmlewis warning: A valid lewis structure was successfully generated.
Glide: FATAL mmlewis_apply(): Error in handling of full CT
run_mmlewis: Failed to generate a valid lewis structure.
GLIDE WARNING: Structure unsuitable for OPLS-AA force field: glide_dock_ligands_r05violated_3-0001_in.maegz
SKIP LIG       77 (CHEMBL210459): STRUCTURE INCOMPATIBLE WITH FORCE FIELD
GLIDE WARNING: Will skip atomtyping, docking.
Glide: WARNING mmlewis warning: Wrong Lewis structure in structure input file
mmlewis warning: with title: CHEMBL210621
mmlewis warning: Problems were identified with the following atoms:
mmlewis warning:  1 3 6 7 9 13 14 15 16 20 21 22 24 25 26 27 30 
mmlewis warning: Now attempting to fix the lewis structure.
Glide: FATAL mmlewis error: Problems remain with the following atoms:
mmlewis error:  1 3 13 14 16 24 25 27
Glide: FATAL mmlewis_apply(): Unable to handle mol 1
Glide: WARNING mmlewis warning: Wrong Lewis structure in structure input file
mmlewis warning: with title: CHEMBL210621
mmlewis warning: Problems were identified with the following atoms:
mmlewis warning:  35 
mmlewis warning: Now attempting to fix the lewis structure.
Glide: WARNING mmlewis warning: A valid lewis structure was successfully generated.
Glide: FATAL mmlewis_apply(): Error in handling of full CT
run_mmlewis: Failed to generate a valid lewis structure.
GLIDE WARNING: Structure unsuitable for OPLS-AA force field: glide_dock_ligands_r05violated_3-0001_in.maegz
SKIP LIG       78 (CHEMBL210621): STRUCTURE INCOMPATIBLE WITH FORCE FIELD
GLIDE WARNING: Will skip atomtyping, docking.
Glide: WARNING mmlewis warning: Wrong Lewis structure in structure input file
mmlewis warning: with title: CHEMBL210829
mmlewis warning: Problems were identified with the following atoms:
mmlewis warning:  1 3 6 8 9 12 13 16 19 20 21 22 23 27 28 32 
mmlewis warning: Now attempting to fix the lewis structure.
Glide: FATAL mmlewis error: Problems remain with the following atoms:
mmlewis error:  1 3 10 23 32
Glide: FATAL mmlewis_apply(): Unable to handle mol 1
Glide: WARNING mmlewis warning: Wrong Lewis structure in structure input file
mmlewis warning: with title: CHEMBL210829
mmlewis warning: Problems were identified with the following atoms:
mmlewis warning:  35 
mmlewis warning: Now attempting to fix the lewis structure.
Glide: WARNING mmlewis warning: A valid lewis structure was successfully generated.
Glide: FATAL mmlewis_apply(): Error in handling of full CT
run_mmlewis: Failed to generate a valid lewis structure.
GLIDE WARNING: Structure unsuitable for OPLS-AA force field: glide_dock_ligands_r05violated_3-0001_in.maegz
SKIP LIG       79 (CHEMBL210829): STRUCTURE INCOMPATIBLE WITH FORCE FIELD
GLIDE WARNING: Will skip atomtyping, docking.
Glide: WARNING mmlewis warning: Wrong Lewis structure in structure input file
mmlewis warning: with title: CHEMBL210974
mmlewis warning: Problems were identified with the following atoms:
mmlewis warning:  1 3 6 8 9 12 13 16 19 20 21 22 23 27 28 30 
mmlewis warning: Now attempting to fix the lewis structure.
Glide: FATAL mmlewis error: Problems remain with the following atoms:
mmlewis error:  1 3 19 23 27 30
Glide: FATAL mmlewis_apply(): Unable to handle mol 1
Glide: WARNING mmlewis warning: Wrong Lewis structure in structure input file
mmlewis warning: with title: CHEMBL210974
mmlewis warning: Problems were identified with the following atoms:
mmlewis warning:  33 
mmlewis warning: Now attempting to fix the lewis structure.
Glide: WARNING mmlewis warning: A valid lewis structure was successfully generated.
Glide: FATAL mmlewis_apply(): Error in handling of full CT
run_mmlewis: Failed to generate a valid lewis structure.
GLIDE WARNING: Structure unsuitable for OPLS-AA force field: glide_dock_ligands_r05violated_3-0001_in.maegz
SKIP LIG       80 (CHEMBL210974): STRUCTURE INCOMPATIBLE WITH FORCE FIELD
GLIDE WARNING: Will skip atomtyping, docking.
Glide: WARNING mmlewis warning: Wrong Lewis structure in structure input file
mmlewis warning: with title: CHEMBL210999
mmlewis warning: Problems were identified with the following atoms:
mmlewis warning:  1 3 6 8 9 12 13 16 19 20 21 22 23 27 28 29 31 
mmlewis warning: Now attempting to fix the lewis structure.
Glide: FATAL mmlewis error: Problems remain with the following atoms:
mmlewis error:  1 3 10 23 31
Glide: FATAL mmlewis_apply(): Unable to handle mol 1
Glide: WARNING mmlewis warning: Wrong Lewis structure in structure input file
mmlewis warning: with title: CHEMBL210999
mmlewis warning: Problems were identified with the following atoms:
mmlewis warning:  34 
mmlewis warning: Now attempting to fix the lewis structure.
Glide: WARNING mmlewis warning: A valid lewis structure was successfully generated.
Glide: FATAL mmlewis_apply(): Error in handling of full CT
run_mmlewis: Failed to generate a valid lewis structure.
GLIDE WARNING: Structure unsuitable for OPLS-AA force field: glide_dock_ligands_r05violated_3-0001_in.maegz
SKIP LIG       81 (CHEMBL210999): STRUCTURE INCOMPATIBLE WITH FORCE FIELD
GLIDE WARNING: Will skip atomtyping, docking.
Glide: WARNING mmlewis warning: Wrong Lewis structure in structure input file
mmlewis warning: with title: CHEMBL218776
mmlewis warning: Problems were identified with the following atoms:
mmlewis warning:  1 2 7 8 10 12 15 20 21 25 26 27 29 
mmlewis warning: Now attempting to fix the lewis structure.
Glide: FATAL mmlewis error: Problems remain with the following atoms:
mmlewis error:  1 12 21 29
Glide: FATAL mmlewis_apply(): Unable to handle mol 1
Glide: WARNING mmlewis warning: Wrong Lewis structure in structure input file
mmlewis warning: with title: CHEMBL218776
mmlewis warning: Problems were identified with the following atoms:
mmlewis warning:  32 
mmlewis warning: Now attempting to fix the lewis structure.
Glide: WARNING mmlewis warning: A valid lewis structure was successfully generated.
Glide: FATAL mmlewis_apply(): Error in handling of full CT
run_mmlewis: Failed to generate a valid lewis structure.
GLIDE WARNING: Structure unsuitable for OPLS-AA force field: glide_dock_ligands_r05violated_3-0001_in.maegz
SKIP LIG       82 (CHEMBL218776): STRUCTURE INCOMPATIBLE WITH FORCE FIELD
GLIDE WARNING: Will skip atomtyping, docking.
Glide: WARNING mmlewis warning: Wrong Lewis structure in structure input file
mmlewis warning: with title: CHEMBL219371
mmlewis warning: Problems were identified with the following atoms:
mmlewis warning:  1 2 3 4 5 10 11 14 17 22 23 27 28 29 31 
mmlewis warning: Now attempting to fix the lewis structure.
Glide: FATAL mmlewis error: Problems remain with the following atoms:
mmlewis error:  1 3 4 14 17 23 31
Glide: FATAL mmlewis_apply(): Unable to handle mol 1
Glide: WARNING mmlewis warning: Wrong Lewis structure in structure input file
mmlewis warning: with title: CHEMBL219371
mmlewis warning: Problems were identified with the following atoms:
mmlewis warning:  34 
mmlewis warning: Now attempting to fix the lewis structure.
Glide: WARNING mmlewis warning: A valid lewis structure was successfully generated.
Glide: FATAL mmlewis_apply(): Error in handling of full CT
run_mmlewis: Failed to generate a valid lewis structure.
GLIDE WARNING: Structure unsuitable for OPLS-AA force field: glide_dock_ligands_r05violated_3-0001_in.maegz
SKIP LIG       83 (CHEMBL219371): STRUCTURE INCOMPATIBLE WITH FORCE FIELD
GLIDE WARNING: Will skip atomtyping, docking.
Glide: WARNING mmlewis warning: Wrong Lewis structure in structure input file
mmlewis warning: with title: CHEMBL219434
mmlewis warning: Problems were identified with the following atoms:
mmlewis warning:  1 3 6 9 10 16 17 18 19 20 21 22 26 27 28 30 
mmlewis warning: Now attempting to fix the lewis structure.
Glide: FATAL mmlewis error: Problems remain with the following atoms:
mmlewis error:  1 3 6 17 22 30
Glide: FATAL mmlewis_apply(): Unable to handle mol 1
Glide: WARNING mmlewis warning: Wrong Lewis structure in structure input file
mmlewis warning: with title: CHEMBL219434
mmlewis warning: Problems were identified with the following atoms:
mmlewis warning:  34 
mmlewis warning: Now attempting to fix the lewis structure.
Glide: WARNING mmlewis warning: A valid lewis structure was successfully generated.
Glide: FATAL mmlewis_apply(): Error in handling of full CT
run_mmlewis: Failed to generate a valid lewis structure.
GLIDE WARNING: Structure unsuitable for OPLS-AA force field: glide_dock_ligands_r05violated_3-0001_in.maegz
SKIP LIG       84 (CHEMBL219434): STRUCTURE INCOMPATIBLE WITH FORCE FIELD
GLIDE WARNING: Will skip atomtyping, docking.
Glide: WARNING mmlewis warning: Wrong Lewis structure in structure input file
mmlewis warning: with title: CHEMBL220357
mmlewis warning: Problems were identified with the following atoms:
mmlewis warning:  1 6 7 13 14 15 16 17 18 22 23 24 26 30 
mmlewis warning: Now attempting to fix the lewis structure.
Glide: FATAL mmlewis error: Problems remain with the following atoms:
mmlewis error:  1 13 18 26 30
Glide: FATAL mmlewis_apply(): Unable to handle mol 1
Glide: WARNING mmlewis warning: Wrong Lewis structure in structure input file
mmlewis warning: with title: CHEMBL220357
mmlewis warning: Problems were identified with the following atoms:
mmlewis warning:  33 
mmlewis warning: Now attempting to fix the lewis structure.
Glide: WARNING mmlewis warning: A valid lewis structure was successfully generated.
Glide: FATAL mmlewis_apply(): Error in handling of full CT
run_mmlewis: Failed to generate a valid lewis structure.
GLIDE WARNING: Structure unsuitable for OPLS-AA force field: glide_dock_ligands_r05violated_3-0001_in.maegz
SKIP LIG       85 (CHEMBL220357): STRUCTURE INCOMPATIBLE WITH FORCE FIELD
GLIDE WARNING: Will skip atomtyping, docking.
Glide: WARNING mmlewis warning: Wrong Lewis structure in structure input file
mmlewis warning: with title: CHEMBL221542
mmlewis warning: Problems were identified with the following atoms:
mmlewis warning:  1 2 3 4 5 6 7 8 9 10 11 12 13 14 16 17 18 19 20 22 23 24 25 27 28 29 30 
mmlewis warning: Now attempting to fix the lewis structure.
Glide: FATAL mmlewis error: Problems remain with the following atoms:
mmlewis error:  1 7 22 27 29 30
run_mmlewis: Failed to generate a valid lewis structure.
GLIDE WARNING: Structure unsuitable for OPLS-AA force field: glide_dock_ligands_r05violated_3-0001_in.maegz
SKIP LIG       86 (CHEMBL221542): STRUCTURE INCOMPATIBLE WITH FORCE FIELD
GLIDE WARNING: Will skip atomtyping, docking.
Glide: WARNING mmlewis warning: Wrong Lewis structure in structure input file
mmlewis warning: with title: CHEMBL228311
mmlewis warning: Problems were identified with the following atoms:
mmlewis warning:  1 2 3 6 7 18 19 20 22 27 
mmlewis warning: Now attempting to fix the lewis structure.
Glide: FATAL mmlewis error: Problems remain with the following atoms:
mmlewis error:  1 3 20
Glide: FATAL mmlewis_apply(): Unable to handle mol 1
Glide: WARNING mmlewis warning: Wrong Lewis structure in structure input file
mmlewis warning: with title: CHEMBL228311
mmlewis warning: Problems were identified with the following atoms:
mmlewis warning:  32 
mmlewis warning: Now attempting to fix the lewis structure.
Glide: WARNING mmlewis warning: A valid lewis structure was successfully generated.
Glide: FATAL mmlewis_apply(): Error in handling of full CT
run_mmlewis: Failed to generate a valid lewis structure.
GLIDE WARNING: Structure unsuitable for OPLS-AA force field: glide_dock_ligands_r05violated_3-0001_in.maegz
SKIP LIG       87 (CHEMBL228311): STRUCTURE INCOMPATIBLE WITH FORCE FIELD
GLIDE WARNING: Will skip atomtyping, docking.
Glide: WARNING mmlewis warning: Wrong Lewis structure in structure input file
mmlewis warning: with title: CHEMBL228312
mmlewis warning: Problems were identified with the following atoms:
mmlewis warning:  1 2 3 6 7 13 14 17 18 21 22 23 25 30 
mmlewis warning: Now attempting to fix the lewis structure.
Glide: FATAL mmlewis error: Problems remain with the following atoms:
mmlewis error:  1 3 23
Glide: FATAL mmlewis_apply(): Unable to handle mol 1
Glide: WARNING mmlewis warning: Wrong Lewis structure in structure input file
mmlewis warning: with title: CHEMBL228312
mmlewis warning: Problems were identified with the following atoms:
mmlewis warning:  35 
mmlewis warning: Now attempting to fix the lewis structure.
Glide: WARNING mmlewis warning: A valid lewis structure was successfully generated.
Glide: FATAL mmlewis_apply(): Error in handling of full CT
run_mmlewis: Failed to generate a valid lewis structure.
GLIDE WARNING: Structure unsuitable for OPLS-AA force field: glide_dock_ligands_r05violated_3-0001_in.maegz
SKIP LIG       88 (CHEMBL228312): STRUCTURE INCOMPATIBLE WITH FORCE FIELD
GLIDE WARNING: Will skip atomtyping, docking.
Glide: WARNING mmlewis warning: Wrong Lewis structure in structure input file
mmlewis warning: with title: CHEMBL230839
mmlewis warning: Problems were identified with the following atoms:
mmlewis warning:  1 3 4 7 9 10 11 12 16 17 18 19 22 23 25 26 29 32 33 34 35 36 37 
mmlewis warning: Now attempting to fix the lewis structure.
Glide: FATAL mmlewis error: Problems remain with the following atoms:
mmlewis error:  1 9 11 12 18 34 35 37
run_mmlewis: Failed to generate a valid lewis structure.
GLIDE WARNING: Structure unsuitable for OPLS-AA force field: glide_dock_ligands_r05violated_3-0001_in.maegz
SKIP LIG       89 (CHEMBL230839): STRUCTURE INCOMPATIBLE WITH FORCE FIELD
GLIDE WARNING: Will skip atomtyping, docking.
Glide: WARNING mmlewis warning: Wrong Lewis structure in structure input file
mmlewis warning: with title: CHEMBL231293
mmlewis warning: Problems were identified with the following atoms:
mmlewis warning:  1 2 3 6 7 18 19 20 22 27 
mmlewis warning: Now attempting to fix the lewis structure.
Glide: FATAL mmlewis error: Problems remain with the following atoms:
mmlewis error:  1 3 20
Glide: FATAL mmlewis_apply(): Unable to handle mol 1
Glide: WARNING mmlewis warning: Wrong Lewis structure in structure input file
mmlewis warning: with title: CHEMBL231293
mmlewis warning: Problems were identified with the following atoms:
mmlewis warning:  32 
mmlewis warning: Now attempting to fix the lewis structure.
Glide: WARNING mmlewis warning: A valid lewis structure was successfully generated.
Glide: FATAL mmlewis_apply(): Error in handling of full CT
run_mmlewis: Failed to generate a valid lewis structure.
GLIDE WARNING: Structure unsuitable for OPLS-AA force field: glide_dock_ligands_r05violated_3-0001_in.maegz
SKIP LIG       90 (CHEMBL231293): STRUCTURE INCOMPATIBLE WITH FORCE FIELD
GLIDE WARNING: Will skip atomtyping, docking.
Glide: WARNING mmlewis warning: Wrong Lewis structure in structure input file
mmlewis warning: with title: CHEMBL231295
mmlewis warning: Problems were identified with the following atoms:
mmlewis warning:  1 2 3 6 7 10 13 14 15 18 19 20 22 27 
mmlewis warning: Now attempting to fix the lewis structure.
Glide: FATAL mmlewis error: Problems remain with the following atoms:
mmlewis error:  1 3 20
Glide: FATAL mmlewis_apply(): Unable to handle mol 1
Glide: WARNING mmlewis warning: Wrong Lewis structure in structure input file
mmlewis warning: with title: CHEMBL231295
mmlewis warning: Problems were identified with the following atoms:
mmlewis warning:  32 
mmlewis warning: Now attempting to fix the lewis structure.
Glide: WARNING mmlewis warning: A valid lewis structure was successfully generated.
Glide: FATAL mmlewis_apply(): Error in handling of full CT
run_mmlewis: Failed to generate a valid lewis structure.
GLIDE WARNING: Structure unsuitable for OPLS-AA force field: glide_dock_ligands_r05violated_3-0001_in.maegz
SKIP LIG       91 (CHEMBL231295): STRUCTURE INCOMPATIBLE WITH FORCE FIELD
GLIDE WARNING: Will skip atomtyping, docking.
Glide: WARNING mmlewis warning: Wrong Lewis structure in structure input file
mmlewis warning: with title: CHEMBL231395
mmlewis warning: Problems were identified with the following atoms:
mmlewis warning:  1 5 6 9 10 11 13 18 21 22 23 28 
mmlewis warning: Now attempting to fix the lewis structure.
Glide: FATAL mmlewis error: Problems remain with the following atoms:
mmlewis error:  1 13 22 23
Glide: FATAL mmlewis_apply(): Unable to handle mol 1
Glide: WARNING mmlewis warning: Wrong Lewis structure in structure input file
mmlewis warning: with title: CHEMBL231395
mmlewis warning: Problems were identified with the following atoms:
mmlewis warning:  31 
mmlewis warning: Now attempting to fix the lewis structure.
Glide: WARNING mmlewis warning: A valid lewis structure was successfully generated.
Glide: FATAL mmlewis_apply(): Error in handling of full CT
run_mmlewis: Failed to generate a valid lewis structure.
GLIDE WARNING: Structure unsuitable for OPLS-AA force field: glide_dock_ligands_r05violated_3-0001_in.maegz
SKIP LIG       92 (CHEMBL231395): STRUCTURE INCOMPATIBLE WITH FORCE FIELD
GLIDE WARNING: Will skip atomtyping, docking.
Glide: WARNING mmlewis warning: Wrong Lewis structure in structure input file
mmlewis warning: with title: CHEMBL231397
mmlewis warning: Problems were identified with the following atoms:
mmlewis warning:  1 3 10 11 12 14 19 22 23 24 25 26 
mmlewis warning: Now attempting to fix the lewis structure.
Glide: FATAL mmlewis error: Problems remain with the following atoms:
mmlewis error:  1 3 14 23 24
Glide: FATAL mmlewis_apply(): Unable to handle mol 1
Glide: WARNING mmlewis warning: Wrong Lewis structure in structure input file
mmlewis warning: with title: CHEMBL231397
mmlewis warning: Problems were identified with the following atoms:
mmlewis warning:  31 
mmlewis warning: Now attempting to fix the lewis structure.
Glide: WARNING mmlewis warning: A valid lewis structure was successfully generated.
Glide: FATAL mmlewis_apply(): Error in handling of full CT
run_mmlewis: Failed to generate a valid lewis structure.
GLIDE WARNING: Structure unsuitable for OPLS-AA force field: glide_dock_ligands_r05violated_3-0001_in.maegz
SKIP LIG       93 (CHEMBL231397): STRUCTURE INCOMPATIBLE WITH FORCE FIELD
GLIDE WARNING: Will skip atomtyping, docking.
Glide: WARNING mmlewis warning: Wrong Lewis structure in structure input file
mmlewis warning: with title: CHEMBL234043
mmlewis warning: Problems were identified with the following atoms:
mmlewis warning:  1 2 3 4 5 6 9 15 21 22 23 24 25 
mmlewis warning: Now attempting to fix the lewis structure.
Glide: FATAL mmlewis error: Problems remain with the following atoms:
mmlewis error:  1 6 15 21 25
run_mmlewis: Failed to generate a valid lewis structure.
GLIDE WARNING: Structure unsuitable for OPLS-AA force field: glide_dock_ligands_r05violated_3-0001_in.maegz
SKIP LIG       94 (CHEMBL234043): STRUCTURE INCOMPATIBLE WITH FORCE FIELD
GLIDE WARNING: Will skip atomtyping, docking.
Glide: WARNING mmlewis warning: Wrong Lewis structure in structure input file
mmlewis warning: with title: CHEMBL235766
mmlewis warning: Problems were identified with the following atoms:
mmlewis warning:  1 2 6 7 11 12 19 20 24 25 29 30 31 32 33 34 35 36 40 41 42 43 44 45 46 
mmlewis warning: Now attempting to fix the lewis structure.
Glide: FATAL mmlewis error: Problems remain with the following atoms:
mmlewis error:  1 6 30 36 43
run_mmlewis: Failed to generate a valid lewis structure.
GLIDE WARNING: Structure unsuitable for OPLS-AA force field: glide_dock_ligands_r05violated_3-0001_in.maegz
SKIP LIG       95 (CHEMBL235766): STRUCTURE INCOMPATIBLE WITH FORCE FIELD
GLIDE WARNING: Will skip atomtyping, docking.
Glide: WARNING mmlewis warning: Wrong Lewis structure in structure input file
mmlewis warning: with title: CHEMBL236781
mmlewis warning: Problems were identified with the following atoms:
mmlewis warning:  1 4 6 7 14 15 17 19 21 22 23 24 25 26 30 31 32 33 34 35 36 37 38 
mmlewis warning: Now attempting to fix the lewis structure.
Glide: FATAL mmlewis error: Problems remain with the following atoms:
mmlewis error:  1 19 21 26 31 36 38
run_mmlewis: Failed to generate a valid lewis structure.
GLIDE WARNING: Structure unsuitable for OPLS-AA force field: glide_dock_ligands_r05violated_3-0001_in.maegz
SKIP LIG       96 (CHEMBL236781): STRUCTURE INCOMPATIBLE WITH FORCE FIELD
GLIDE WARNING: Will skip atomtyping, docking.
Glide: WARNING mmlewis warning: Wrong Lewis structure in structure input file
mmlewis warning: with title: CHEMBL237289
mmlewis warning: Problems were identified with the following atoms:
mmlewis warning:  1 4 8 9 10 11 12 13 20 24 25 26 27 30 33 34 38 
mmlewis warning: Now attempting to fix the lewis structure.
Glide: FATAL mmlewis error: Problems remain with the following atoms:
mmlewis error:  1 10 12 13 20 30 34 38
run_mmlewis: Failed to generate a valid lewis structure.
GLIDE WARNING: Structure unsuitable for OPLS-AA force field: glide_dock_ligands_r05violated_3-0001_in.maegz
SKIP LIG       97 (CHEMBL237289): STRUCTURE INCOMPATIBLE WITH FORCE FIELD
GLIDE WARNING: Will skip atomtyping, docking.
Glide: WARNING mmlewis warning: Wrong Lewis structure in structure input file
mmlewis warning: with title: CHEMBL238114
mmlewis warning: Problems were identified with the following atoms:
mmlewis warning:  1 4 6 7 14 15 17 19 21 22 23 24 25 26 30 31 32 33 34 35 36 40 42 43 44 45 46 47 48 
mmlewis warning: Now attempting to fix the lewis structure.
Glide: FATAL mmlewis error: Problems remain with the following atoms:
mmlewis error:  1 19 21 26 35 40 46 48
run_mmlewis: Failed to generate a valid lewis structure.
GLIDE WARNING: Structure unsuitable for OPLS-AA force field: glide_dock_ligands_r05violated_3-0001_in.maegz
SKIP LIG       98 (CHEMBL238114): STRUCTURE INCOMPATIBLE WITH FORCE FIELD
GLIDE WARNING: Will skip atomtyping, docking.
Glide: WARNING mmlewis warning: Wrong Lewis structure in structure input file
mmlewis warning: with title: CHEMBL245772
mmlewis warning: Problems were identified with the following atoms:
mmlewis warning:  1 3 6 8 9 11 16 17 18 19 20 21 22 23 24 28 29 30 32 
mmlewis warning: Now attempting to fix the lewis structure.
Glide: FATAL mmlewis error: Problems remain with the following atoms:
mmlewis error:  1 3 20 24 32
Glide: FATAL mmlewis_apply(): Unable to handle mol 1
Glide: WARNING mmlewis warning: Wrong Lewis structure in structure input file
mmlewis warning: with title: CHEMBL245772
mmlewis warning: Problems were identified with the following atoms:
mmlewis warning:  35 
mmlewis warning: Now attempting to fix the lewis structure.
Glide: WARNING mmlewis warning: A valid lewis structure was successfully generated.
Glide: FATAL mmlewis_apply(): Error in handling of full CT
run_mmlewis: Failed to generate a valid lewis structure.
GLIDE WARNING: Structure unsuitable for OPLS-AA force field: glide_dock_ligands_r05violated_3-0001_in.maegz
SKIP LIG       99 (CHEMBL245772): STRUCTURE INCOMPATIBLE WITH FORCE FIELD
GLIDE WARNING: Will skip atomtyping, docking.
Glide: WARNING mmlewis warning: Wrong Lewis structure in structure input file
mmlewis warning: with title: CHEMBL245969
mmlewis warning: Problems were identified with the following atoms:
mmlewis warning:  1 3 6 8 9 12 16 17 20 21 22 23 24 25 29 30 31 33 
mmlewis warning: Now attempting to fix the lewis structure.
Glide: FATAL mmlewis error: Problems remain with the following atoms:
mmlewis error:  1 3 12 25 33
Glide: FATAL mmlewis_apply(): Unable to handle mol 1
Glide: WARNING mmlewis warning: Wrong Lewis structure in structure input file
mmlewis warning: with title: CHEMBL245969
mmlewis warning: Problems were identified with the following atoms:
mmlewis warning:  36 
mmlewis warning: Now attempting to fix the lewis structure.
Glide: WARNING mmlewis warning: A valid lewis structure was successfully generated.
Glide: FATAL mmlewis_apply(): Error in handling of full CT
run_mmlewis: Failed to generate a valid lewis structure.
GLIDE WARNING: Structure unsuitable for OPLS-AA force field: glide_dock_ligands_r05violated_3-0001_in.maegz
SKIP LIG      100 (CHEMBL245969): STRUCTURE INCOMPATIBLE WITH FORCE FIELD
GLIDE WARNING: Will skip atomtyping, docking.
Glide: WARNING mmlewis warning: Wrong Lewis structure in structure input file
mmlewis warning: with title: CHEMBL246170
mmlewis warning: Problems were identified with the following atoms:
mmlewis warning:  1 3 6 7 8 9 10 11 16 17 20 23 24 25 26 30 31 32 34 
mmlewis warning: Now attempting to fix the lewis structure.
Glide: FATAL mmlewis error: Problems remain with the following atoms:
mmlewis error:  1 3 20 26 34
Glide: FATAL mmlewis_apply(): Unable to handle mol 1
Glide: FATAL mmlewis_apply(): Error in handling of full CT
run_mmlewis: Failed to generate a valid lewis structure.
GLIDE WARNING: Structure unsuitable for OPLS-AA force field: glide_dock_ligands_r05violated_3-0001_in.maegz
SKIP LIG      101 (CHEMBL246170): STRUCTURE INCOMPATIBLE WITH FORCE FIELD
GLIDE WARNING: Will skip atomtyping, docking.
Glide: WARNING mmlewis warning: Wrong Lewis structure in structure input file
mmlewis warning: with title: CHEMBL246373
mmlewis warning: Problems were identified with the following atoms:
mmlewis warning:  1 2 3 4 5 6 7 12 13 20 21 22 23 24 25 29 30 31 33 
mmlewis warning: Now attempting to fix the lewis structure.
Glide: FATAL mmlewis error: Problems remain with the following atoms:
mmlewis error:  1 25 33
Glide: FATAL mmlewis_apply(): Unable to handle mol 1
Glide: FATAL mmlewis_apply(): Error in handling of full CT
run_mmlewis: Failed to generate a valid lewis structure.
GLIDE WARNING: Structure unsuitable for OPLS-AA force field: glide_dock_ligands_r05violated_3-0001_in.maegz
SKIP LIG      102 (CHEMBL246373): STRUCTURE INCOMPATIBLE WITH FORCE FIELD
GLIDE WARNING: Will skip atomtyping, docking.
Glide: WARNING mmlewis warning: Wrong Lewis structure in structure input file
mmlewis warning: with title: CHEMBL246374
mmlewis warning: Problems were identified with the following atoms:
mmlewis warning:  1 3 6 7 8 9 10 12 16 17 18 21 22 23 24 25 29 30 31 33 
mmlewis warning: Now attempting to fix the lewis structure.
Glide: FATAL mmlewis error: Problems remain with the following atoms:
mmlewis error:  1 3 12 18 21 25 33
Glide: FATAL mmlewis_apply(): Unable to handle mol 1
Glide: FATAL mmlewis_apply(): Error in handling of full CT
run_mmlewis: Failed to generate a valid lewis structure.
GLIDE WARNING: Structure unsuitable for OPLS-AA force field: glide_dock_ligands_r05violated_3-0001_in.maegz
SKIP LIG      103 (CHEMBL246374): STRUCTURE INCOMPATIBLE WITH FORCE FIELD
GLIDE WARNING: Will skip atomtyping, docking.
Glide: WARNING mmlewis warning: Wrong Lewis structure in structure input file
mmlewis warning: with title: CHEMBL250284
mmlewis warning: Problems were identified with the following atoms:
mmlewis warning:  1 11 12 16 17 18 19 21 26 29 30 32 33 34 35 36 
mmlewis warning: Now attempting to fix the lewis structure.
Glide: FATAL mmlewis error: Problems remain with the following atoms:
mmlewis error:  1 12 18 19 21 30 36
run_mmlewis: Failed to generate a valid lewis structure.
GLIDE WARNING: Structure unsuitable for OPLS-AA force field: glide_dock_ligands_r05violated_3-0001_in.maegz
SKIP LIG      104 (CHEMBL250284): STRUCTURE INCOMPATIBLE WITH FORCE FIELD
GLIDE WARNING: Will skip atomtyping, docking.
Glide: WARNING mmlewis warning: Wrong Lewis structure in structure input file
mmlewis warning: with title: CHEMBL250285
mmlewis warning: Problems were identified with the following atoms:
mmlewis warning:  1 11 12 16 17 18 19 21 26 29 30 32 33 36 37 
mmlewis warning: Now attempting to fix the lewis structure.
Glide: FATAL mmlewis error: Problems remain with the following atoms:
mmlewis error:  1 12 18 19 21 30 37
run_mmlewis: Failed to generate a valid lewis structure.
GLIDE WARNING: Structure unsuitable for OPLS-AA force field: glide_dock_ligands_r05violated_3-0001_in.maegz
SKIP LIG      105 (CHEMBL250285): STRUCTURE INCOMPATIBLE WITH FORCE FIELD
GLIDE WARNING: Will skip atomtyping, docking.
Glide: WARNING mmlewis warning: Wrong Lewis structure in structure input file
mmlewis warning: with title: CHEMBL250999
mmlewis warning: Problems were identified with the following atoms:
mmlewis warning:  1 2 3 7 8 18 19 21 22 28 29 30 32 37 
mmlewis warning: Now attempting to fix the lewis structure.
Glide: FATAL mmlewis error: Problems remain with the following atoms:
mmlewis error:  1 3 29 30 32
run_mmlewis: Failed to generate a valid lewis structure.
GLIDE WARNING: Structure unsuitable for OPLS-AA force field: glide_dock_ligands_r05violated_3-0001_in.maegz
SKIP LIG      106 (CHEMBL250999): STRUCTURE INCOMPATIBLE WITH FORCE FIELD
GLIDE WARNING: Will skip atomtyping, docking.
Glide: WARNING mmlewis warning: Wrong Lewis structure in structure input file
mmlewis warning: with title: CHEMBL255351
mmlewis warning: Problems were identified with the following atoms:
mmlewis warning:  1 2 7 8 14 19 20 24 25 26 27 
mmlewis warning: Now attempting to fix the lewis structure.
Glide: FATAL mmlewis error: Problems remain with the following atoms:
mmlewis error:  1 20
Glide: FATAL mmlewis_apply(): Unable to handle mol 1
Glide: WARNING mmlewis warning: Wrong Lewis structure in structure input file
mmlewis warning: with title: CHEMBL255351
mmlewis warning: Problems were identified with the following atoms:
mmlewis warning:  30 
mmlewis warning: Now attempting to fix the lewis structure.
Glide: WARNING mmlewis warning: A valid lewis structure was successfully generated.
Glide: FATAL mmlewis_apply(): Error in handling of full CT
run_mmlewis: Failed to generate a valid lewis structure.
GLIDE WARNING: Structure unsuitable for OPLS-AA force field: glide_dock_ligands_r05violated_3-0001_in.maegz
SKIP LIG      107 (CHEMBL255351): STRUCTURE INCOMPATIBLE WITH FORCE FIELD
GLIDE WARNING: Will skip atomtyping, docking.
Glide: WARNING mmlewis warning: Wrong Lewis structure in structure input file
mmlewis warning: with title: CHEMBL255591
mmlewis warning: Problems were identified with the following atoms:
mmlewis warning:  1 6 7 13 14 15 16 17 18 22 23 24 25 29 
mmlewis warning: Now attempting to fix the lewis structure.
Glide: FATAL mmlewis error: Problems remain with the following atoms:
mmlewis error:  1 13 18 29
Glide: FATAL mmlewis_apply(): Unable to handle mol 1
Glide: WARNING mmlewis warning: Wrong Lewis structure in structure input file
mmlewis warning: with title: CHEMBL255591
mmlewis warning: Problems were identified with the following atoms:
mmlewis warning:  32 
mmlewis warning: Now attempting to fix the lewis structure.
Glide: WARNING mmlewis warning: A valid lewis structure was successfully generated.
Glide: FATAL mmlewis_apply(): Error in handling of full CT
run_mmlewis: Failed to generate a valid lewis structure.
GLIDE WARNING: Structure unsuitable for OPLS-AA force field: glide_dock_ligands_r05violated_3-0001_in.maegz
SKIP LIG      108 (CHEMBL255591): STRUCTURE INCOMPATIBLE WITH FORCE FIELD
GLIDE WARNING: Will skip atomtyping, docking.
Glide: WARNING mmlewis warning: Wrong Lewis structure in structure input file
mmlewis warning: with title: CHEMBL256172
mmlewis warning: Problems were identified with the following atoms:
mmlewis warning:  1 2 7 8 10 12 15 20 21 25 26 27 28 
mmlewis warning: Now attempting to fix the lewis structure.
Glide: FATAL mmlewis error: Problems remain with the following atoms:
mmlewis error:  1 12 21
Glide: FATAL mmlewis_apply(): Unable to handle mol 1
Glide: WARNING mmlewis warning: Wrong Lewis structure in structure input file
mmlewis warning: with title: CHEMBL256172
mmlewis warning: Problems were identified with the following atoms:
mmlewis warning:  31 
mmlewis warning: Now attempting to fix the lewis structure.
Glide: WARNING mmlewis warning: A valid lewis structure was successfully generated.
Glide: FATAL mmlewis_apply(): Error in handling of full CT
run_mmlewis: Failed to generate a valid lewis structure.
GLIDE WARNING: Structure unsuitable for OPLS-AA force field: glide_dock_ligands_r05violated_3-0001_in.maegz
SKIP LIG      109 (CHEMBL256172): STRUCTURE INCOMPATIBLE WITH FORCE FIELD
GLIDE WARNING: Will skip atomtyping, docking.
Glide: WARNING mmlewis warning: Wrong Lewis structure in structure input file
mmlewis warning: with title: CHEMBL256603
mmlewis warning: Problems were identified with the following atoms:
mmlewis warning:  1 2 7 8 11 16 17 21 22 23 24 
mmlewis warning: Now attempting to fix the lewis structure.
Glide: FATAL mmlewis error: Problems remain with the following atoms:
mmlewis error:  1 17
Glide: FATAL mmlewis_apply(): Unable to handle mol 1
Glide: WARNING mmlewis warning: Wrong Lewis structure in structure input file
mmlewis warning: with title: CHEMBL256603
mmlewis warning: Problems were identified with the following atoms:
mmlewis warning:  27 
mmlewis warning: Now attempting to fix the lewis structure.
Glide: WARNING mmlewis warning: A valid lewis structure was successfully generated.
Glide: FATAL mmlewis_apply(): Error in handling of full CT
run_mmlewis: Failed to generate a valid lewis structure.
GLIDE WARNING: Structure unsuitable for OPLS-AA force field: glide_dock_ligands_r05violated_3-0001_in.maegz
SKIP LIG      110 (CHEMBL256603): STRUCTURE INCOMPATIBLE WITH FORCE FIELD
GLIDE WARNING: Will skip atomtyping, docking.
Glide: WARNING mmlewis warning: Wrong Lewis structure in structure input file
mmlewis warning: with title: CHEMBL257023
mmlewis warning: Problems were identified with the following atoms:
mmlewis warning:  1 2 7 8 11 14 19 20 24 25 26 27 
mmlewis warning: Now attempting to fix the lewis structure.
Glide: FATAL mmlewis error: Problems remain with the following atoms:
mmlewis error:  1 3 11 14 20
Glide: FATAL mmlewis_apply(): Unable to handle mol 1
Glide: WARNING mmlewis warning: Wrong Lewis structure in structure input file
mmlewis warning: with title: CHEMBL257023
mmlewis warning: Problems were identified with the following atoms:
mmlewis warning:  30 
mmlewis warning: Now attempting to fix the lewis structure.
Glide: WARNING mmlewis warning: A valid lewis structure was successfully generated.
Glide: FATAL mmlewis_apply(): Error in handling of full CT
run_mmlewis: Failed to generate a valid lewis structure.
GLIDE WARNING: Structure unsuitable for OPLS-AA force field: glide_dock_ligands_r05violated_3-0001_in.maegz
SKIP LIG      111 (CHEMBL257023): STRUCTURE INCOMPATIBLE WITH FORCE FIELD
GLIDE WARNING: Will skip atomtyping, docking.
Glide: WARNING mmlewis warning: Wrong Lewis structure in structure input file
mmlewis warning: with title: CHEMBL263326
mmlewis warning: Problems were identified with the following atoms:
mmlewis warning:  1 2 4 5 8 9 10 12 14 17 18 19 20 21 25 26 27 29 
mmlewis warning: Now attempting to fix the lewis structure.
Glide: FATAL mmlewis error: Problems remain with the following atoms:
mmlewis error:  1 6 10 14 17 18 21 29
Glide: FATAL mmlewis_apply(): Unable to handle mol 1
Glide: WARNING mmlewis warning: Wrong Lewis structure in structure input file
mmlewis warning: with title: CHEMBL263326
mmlewis warning: Problems were identified with the following atoms:
mmlewis warning:  32 
mmlewis warning: Now attempting to fix the lewis structure.
Glide: WARNING mmlewis warning: A valid lewis structure was successfully generated.
Glide: FATAL mmlewis_apply(): Error in handling of full CT
run_mmlewis: Failed to generate a valid lewis structure.
GLIDE WARNING: Structure unsuitable for OPLS-AA force field: glide_dock_ligands_r05violated_3-0001_in.maegz
SKIP LIG      112 (CHEMBL263326): STRUCTURE INCOMPATIBLE WITH FORCE FIELD
GLIDE WARNING: Will skip atomtyping, docking.
Glide: WARNING mmlewis warning: Wrong Lewis structure in structure input file
mmlewis warning: with title: CHEMBL263946
mmlewis warning: Problems were identified with the following atoms:
mmlewis warning:  1 5 7 8 9 11 14 16 17 21 22 23 24 26 27 32 33 34 36 37 38 39 40 41 42 
mmlewis warning: Now attempting to fix the lewis structure.
Glide: FATAL mmlewis error: Problems remain with the following atoms:
mmlewis error:  1 9 14 21 23 24 32 40 41 42
run_mmlewis: Failed to generate a valid lewis structure.
GLIDE WARNING: Structure unsuitable for OPLS-AA force field: glide_dock_ligands_r05violated_3-0001_in.maegz
SKIP LIG      113 (CHEMBL263946): STRUCTURE INCOMPATIBLE WITH FORCE FIELD
GLIDE WARNING: Will skip atomtyping, docking.
Glide: WARNING mmlewis warning: Wrong Lewis structure in structure input file
mmlewis warning: with title: CHEMBL265344
mmlewis warning: Problems were identified with the following atoms:
mmlewis warning:  1 4 6 7 14 15 17 19 21 22 23 24 25 26 30 31 32 33 34 35 36 
mmlewis warning: Now attempting to fix the lewis structure.
Glide: FATAL mmlewis error: Problems remain with the following atoms:
mmlewis error:  1 19 21 26 33 36
Glide: FATAL mmlewis_apply(): Unable to handle mol 1
Glide: FATAL mmlewis_apply(): Error in handling of full CT
run_mmlewis: Failed to generate a valid lewis structure.
GLIDE WARNING: Structure unsuitable for OPLS-AA force field: glide_dock_ligands_r05violated_3-0001_in.maegz
SKIP LIG      114 (CHEMBL265344): STRUCTURE INCOMPATIBLE WITH FORCE FIELD
GLIDE WARNING: Will skip atomtyping, docking.
Glide: WARNING mmlewis warning: Wrong Lewis structure in structure input file
mmlewis warning: with title: CHEMBL268012
mmlewis warning: Problems were identified with the following atoms:
mmlewis warning:  4 5 6 7 8 10 11 12 13 17 23 
mmlewis warning: Now attempting to fix the lewis structure.
Glide: FATAL mmlewis error: Problems remain with the following atoms:
mmlewis error:  7 12 17 23
Glide: FATAL mmlewis_apply(): Unable to handle mol 2
Glide: FATAL mmlewis_apply(): Error in handling of full CT
run_mmlewis: Failed to generate a valid lewis structure.
GLIDE WARNING: Structure unsuitable for OPLS-AA force field: glide_dock_ligands_r05violated_3-0001_in.maegz
SKIP LIG      115 (CHEMBL268012): STRUCTURE INCOMPATIBLE WITH FORCE FIELD
GLIDE WARNING: Will skip atomtyping, docking.
Glide: WARNING mmlewis warning: Wrong Lewis structure in structure input file
mmlewis warning: with title: CHEMBL268527
mmlewis warning: Problems were identified with the following atoms:
mmlewis warning:  1 5 6 8 9 16 17 19 20 21 23 28 29 30 31 32 33 34 38 39 40 41 42 43 44 45 47 
mmlewis warning: Now attempting to fix the lewis structure.
Glide: FATAL mmlewis error: Problems remain with the following atoms:
mmlewis error:  1 23 28 29 34 41 44 47
Glide: FATAL mmlewis_apply(): Unable to handle mol 1
Glide: FATAL mmlewis_apply(): Error in handling of full CT
run_mmlewis: Failed to generate a valid lewis structure.
GLIDE WARNING: Structure unsuitable for OPLS-AA force field: glide_dock_ligands_r05violated_3-0001_in.maegz
SKIP LIG      116 (CHEMBL268527): STRUCTURE INCOMPATIBLE WITH FORCE FIELD
GLIDE WARNING: Will skip atomtyping, docking.
Glide: WARNING mmlewis warning: Wrong Lewis structure in structure input file
mmlewis warning: with title: CHEMBL269209
mmlewis warning: Problems were identified with the following atoms:
mmlewis warning:  1 2 3 6 8 9 16 17 19 22 23 24 25 26 27 28 29 30 34 35 36 37 38 39 40 
mmlewis warning: Now attempting to fix the lewis structure.
Glide: FATAL mmlewis error: Problems remain with the following atoms:
mmlewis error:  1 3 23 24 30 37 40
Glide: FATAL mmlewis_apply(): Unable to handle mol 1
Glide: FATAL mmlewis_apply(): Error in handling of full CT
run_mmlewis: Failed to generate a valid lewis structure.
GLIDE WARNING: Structure unsuitable for OPLS-AA force field: glide_dock_ligands_r05violated_3-0001_in.maegz
SKIP LIG      117 (CHEMBL269209): STRUCTURE INCOMPATIBLE WITH FORCE FIELD
GLIDE WARNING: Will skip atomtyping, docking.
Glide: WARNING mmlewis warning: Wrong Lewis structure in structure input file
mmlewis warning: with title: CHEMBL269277
mmlewis warning: Problems were identified with the following atoms:
mmlewis warning:  1 3 4 5 6 10 11 12 14 15 16 17 18 20 21 22 23 24 26 27 28 29 30 32 33 
mmlewis warning: Now attempting to fix the lewis structure.
Glide: FATAL mmlewis error: Problems remain with the following atoms:
mmlewis error:  1 3 14 20 26 27 30 32
run_mmlewis: Failed to generate a valid lewis structure.
GLIDE WARNING: Structure unsuitable for OPLS-AA force field: glide_dock_ligands_r05violated_3-0001_in.maegz
SKIP LIG      118 (CHEMBL269277): STRUCTURE INCOMPATIBLE WITH FORCE FIELD
GLIDE WARNING: Will skip atomtyping, docking.
Glide: WARNING mmlewis warning: Wrong Lewis structure in structure input file
mmlewis warning: with title: CHEMBL269757
mmlewis warning: Problems were identified with the following atoms:
mmlewis warning:  4 5 9 10 11 12 13 14 16 17 24 25 27 30 31 35 36 37 38 39 40 41 42 43 44 45 49 50 51 52 53 54 55 
mmlewis warning: Now attempting to fix the lewis structure.
Glide: FATAL mmlewis error: Problems remain with the following atoms:
mmlewis error:  13 30 39 40 45 52 55
Glide: FATAL mmlewis_apply(): Unable to handle mol 2
Glide: FATAL mmlewis_apply(): Error in handling of full CT
run_mmlewis: Failed to generate a valid lewis structure.
GLIDE WARNING: Structure unsuitable for OPLS-AA force field: glide_dock_ligands_r05violated_3-0001_in.maegz
SKIP LIG      119 (CHEMBL269757): STRUCTURE INCOMPATIBLE WITH FORCE FIELD
GLIDE WARNING: Will skip atomtyping, docking.
Glide: WARNING mmlewis warning: Wrong Lewis structure in structure input file
mmlewis warning: with title: CHEMBL274829
mmlewis warning: Problems were identified with the following atoms:
mmlewis warning:  1 2 6 7 11 12 19 20 24 25 29 30 31 32 33 34 35 36 40 41 42 43 44 45 46 
mmlewis warning: Now attempting to fix the lewis structure.
Glide: FATAL mmlewis error: Problems remain with the following atoms:
mmlewis error:  1 6 30 36 43
Glide: FATAL mmlewis_apply(): Unable to handle mol 1
Glide: FATAL mmlewis_apply(): Error in handling of full CT
run_mmlewis: Failed to generate a valid lewis structure.
GLIDE WARNING: Structure unsuitable for OPLS-AA force field: glide_dock_ligands_r05violated_3-0001_in.maegz
SKIP LIG      120 (CHEMBL274829): STRUCTURE INCOMPATIBLE WITH FORCE FIELD
GLIDE WARNING: Will skip atomtyping, docking.
Glide: WARNING mmlewis warning: Wrong Lewis structure in structure input file
mmlewis warning: with title: CHEMBL277390
mmlewis warning: Problems were identified with the following atoms:
mmlewis warning:  1 3 4 6 7 9 13 14 17 18 21 22 23 24 25 26 27 31 32 33 34 37 
mmlewis warning: Now attempting to fix the lewis structure.
Glide: FATAL mmlewis error: Problems remain with the following atoms:
mmlewis error:  1 3 4 9 27 33
Glide: FATAL mmlewis_apply(): Unable to handle mol 1
Glide: WARNING mmlewis warning: Wrong Lewis structure in structure input file
mmlewis warning: with title: CHEMBL277390
mmlewis warning: Problems were identified with the following atoms:
mmlewis warning:  40 
mmlewis warning: Now attempting to fix the lewis structure.
Glide: WARNING mmlewis warning: A valid lewis structure was successfully generated.
Glide: FATAL mmlewis_apply(): Error in handling of full CT
run_mmlewis: Failed to generate a valid lewis structure.
GLIDE WARNING: Structure unsuitable for OPLS-AA force field: glide_dock_ligands_r05violated_3-0001_in.maegz
SKIP LIG      121 (CHEMBL277390): STRUCTURE INCOMPATIBLE WITH FORCE FIELD
GLIDE WARNING: Will skip atomtyping, docking.
Glide: WARNING mmlewis warning: Wrong Lewis structure in structure input file
mmlewis warning: with title: CHEMBL302602
mmlewis warning: Problems were identified with the following atoms:
mmlewis warning:  1 3 4 6 7 9 13 14 17 18 21 22 25 26 29 30 31 32 33 34 35 39 40 41 42 45 
mmlewis warning: Now attempting to fix the lewis structure.
Glide: FATAL mmlewis error: Problems remain with the following atoms:
mmlewis error:  1 3 4 9 35 41
Glide: FATAL mmlewis_apply(): Unable to handle mol 1
Glide: WARNING mmlewis warning: Wrong Lewis structure in structure input file
mmlewis warning: with title: CHEMBL302602
mmlewis warning: Problems were identified with the following atoms:
mmlewis warning:  48 
mmlewis warning: Now attempting to fix the lewis structure.
Glide: WARNING mmlewis warning: A valid lewis structure was successfully generated.
Glide: FATAL mmlewis_apply(): Error in handling of full CT
run_mmlewis: Failed to generate a valid lewis structure.
GLIDE WARNING: Structure unsuitable for OPLS-AA force field: glide_dock_ligands_r05violated_3-0001_in.maegz
SKIP LIG      122 (CHEMBL302602): STRUCTURE INCOMPATIBLE WITH FORCE FIELD
GLIDE WARNING: Will skip atomtyping, docking.
Glide: WARNING mmlewis warning: Wrong Lewis structure in structure input file
mmlewis warning: with title: CHEMBL305759
mmlewis warning: Problems were identified with the following atoms:
mmlewis warning:  1 2 3 4 5 6 7 10 11 14 15 19 21 22 24 27 28 29 30 31 32 35 36 37 38 
mmlewis warning: Now attempting to fix the lewis structure.
Glide: FATAL mmlewis error: Problems remain with the following atoms:
mmlewis error:  1 10 14 24 31 38
run_mmlewis: Failed to generate a valid lewis structure.
GLIDE WARNING: Structure unsuitable for OPLS-AA force field: glide_dock_ligands_r05violated_3-0001_in.maegz
SKIP LIG      123 (CHEMBL305759): STRUCTURE INCOMPATIBLE WITH FORCE FIELD
GLIDE WARNING: Will skip atomtyping, docking.
Glide: WARNING mmlewis warning: Wrong Lewis structure in structure input file
mmlewis warning: with title: CHEMBL329471
mmlewis warning: Problems were identified with the following atoms:
mmlewis warning:  1 2 3 5 6 7 9 10 11 17 18 19 20 
mmlewis warning: Now attempting to fix the lewis structure.
Glide: FATAL mmlewis error: Problems remain with the following atoms:
mmlewis error:  1 3 7 10 11
run_mmlewis: Failed to generate a valid lewis structure.
GLIDE WARNING: Structure unsuitable for OPLS-AA force field: glide_dock_ligands_r05violated_3-0001_in.maegz
SKIP LIG      124 (CHEMBL329471): STRUCTURE INCOMPATIBLE WITH FORCE FIELD
GLIDE WARNING: Will skip atomtyping, docking.
Glide: WARNING mmlewis warning: Wrong Lewis structure in structure input file
mmlewis warning: with title: CHEMBL359581
mmlewis warning: Problems were identified with the following atoms:
mmlewis warning:  1 2 6 7 8 10 11 12 14 19 20 23 24 27 28 29 30 
mmlewis warning: Now attempting to fix the lewis structure.
Glide: FATAL mmlewis error: Problems remain with the following atoms:
mmlewis error:  1 10 12 14
Glide: FATAL mmlewis_apply(): Unable to handle mol 1
Glide: WARNING mmlewis warning: Wrong Lewis structure in structure input file
mmlewis warning: with title: CHEMBL359581
mmlewis warning: Problems were identified with the following atoms:
mmlewis warning:  33 
mmlewis warning: Now attempting to fix the lewis structure.
Glide: WARNING mmlewis warning: A valid lewis structure was successfully generated.
Glide: FATAL mmlewis_apply(): Error in handling of full CT
run_mmlewis: Failed to generate a valid lewis structure.
GLIDE WARNING: Structure unsuitable for OPLS-AA force field: glide_dock_ligands_r05violated_3-0001_in.maegz
SKIP LIG      125 (CHEMBL359581): STRUCTURE INCOMPATIBLE WITH FORCE FIELD
GLIDE WARNING: Will skip atomtyping, docking.
Glide: WARNING mmlewis warning: Wrong Lewis structure in structure input file
mmlewis warning: with title: CHEMBL360167
mmlewis warning: Problems were identified with the following atoms:
mmlewis warning:  1 5 7 8 9 11 14 16 17 21 22 23 24 26 27 32 33 34 36 37 38 39 40 41 42 
mmlewis warning: Now attempting to fix the lewis structure.
Glide: FATAL mmlewis error: Problems remain with the following atoms:
mmlewis error:  1 9 14 21 23 24 32 40 41 42
run_mmlewis: Failed to generate a valid lewis structure.
GLIDE WARNING: Structure unsuitable for OPLS-AA force field: glide_dock_ligands_r05violated_3-0001_in.maegz
SKIP LIG      126 (CHEMBL360167): STRUCTURE INCOMPATIBLE WITH FORCE FIELD
GLIDE WARNING: Will skip atomtyping, docking.
Glide: WARNING mmlewis warning: Wrong Lewis structure in structure input file
mmlewis warning: with title: CHEMBL360425
mmlewis warning: Problems were identified with the following atoms:
mmlewis warning:  1 5 7 8 9 11 14 16 17 21 22 23 24 26 27 32 33 34 36 37 38 39 40 41 42 
mmlewis warning: Now attempting to fix the lewis structure.
Glide: FATAL mmlewis error: Problems remain with the following atoms:
mmlewis error:  1 9 14 21 23 24 32 40 41 42
run_mmlewis: Failed to generate a valid lewis structure.
GLIDE WARNING: Structure unsuitable for OPLS-AA force field: glide_dock_ligands_r05violated_3-0001_in.maegz
SKIP LIG      127 (CHEMBL360425): STRUCTURE INCOMPATIBLE WITH FORCE FIELD
GLIDE WARNING: Will skip atomtyping, docking.
Glide: WARNING mmlewis warning: Wrong Lewis structure in structure input file
mmlewis warning: with title: CHEMBL361263
mmlewis warning: Problems were identified with the following atoms:
mmlewis warning:  1 2 3 7 8 9 10 13 14 15 16 17 19 20 21 23 25 26 27 28 
mmlewis warning: Now attempting to fix the lewis structure.
Glide: FATAL mmlewis error: Problems remain with the following atoms:
mmlewis error:  1 3 9 19 21 23 29
Glide: FATAL mmlewis_apply(): Unable to handle mol 1
Glide: WARNING mmlewis warning: Wrong Lewis structure in structure input file
mmlewis warning: with title: CHEMBL361263
mmlewis warning: Problems were identified with the following atoms:
mmlewis warning:  33 
mmlewis warning: Now attempting to fix the lewis structure.
Glide: WARNING mmlewis warning: A valid lewis structure was successfully generated.
Glide: FATAL mmlewis_apply(): Error in handling of full CT
run_mmlewis: Failed to generate a valid lewis structure.
GLIDE WARNING: Structure unsuitable for OPLS-AA force field: glide_dock_ligands_r05violated_3-0001_in.maegz
SKIP LIG      128 (CHEMBL361263): STRUCTURE INCOMPATIBLE WITH FORCE FIELD
GLIDE WARNING: Will skip atomtyping, docking.
Glide: WARNING mmlewis warning: Wrong Lewis structure in structure input file
mmlewis warning: with title: CHEMBL362538
mmlewis warning: Problems were identified with the following atoms:
mmlewis warning:  1 5 7 8 9 11 14 16 17 21 22 23 24 26 27 28 29 32 33 35 36 37 38 39 40 41 
mmlewis warning: Now attempting to fix the lewis structure.
Glide: FATAL mmlewis error: Problems remain with the following atoms:
mmlewis error:  1 9 14 21 23 24 30 39 40 41
run_mmlewis: Failed to generate a valid lewis structure.
GLIDE WARNING: Structure unsuitable for OPLS-AA force field: glide_dock_ligands_r05violated_3-0001_in.maegz
SKIP LIG      129 (CHEMBL362538): STRUCTURE INCOMPATIBLE WITH FORCE FIELD
GLIDE WARNING: Will skip atomtyping, docking.
Glide: WARNING mmlewis warning: Wrong Lewis structure in structure input file
mmlewis warning: with title: CHEMBL363115
mmlewis warning: Problems were identified with the following atoms:
mmlewis warning:  1 3 6 8 9 12 13 16 17 18 19 20 21 25 26 28 
mmlewis warning: Now attempting to fix the lewis structure.
Glide: FATAL mmlewis error: Problems remain with the following atoms:
mmlewis error:  1 3 10 21 25 28
Glide: FATAL mmlewis_apply(): Unable to handle mol 1
Glide: WARNING mmlewis warning: Wrong Lewis structure in structure input file
mmlewis warning: with title: CHEMBL363115
mmlewis warning: Problems were identified with the following atoms:
mmlewis warning:  31 
mmlewis warning: Now attempting to fix the lewis structure.
Glide: WARNING mmlewis warning: A valid lewis structure was successfully generated.
Glide: FATAL mmlewis_apply(): Error in handling of full CT
run_mmlewis: Failed to generate a valid lewis structure.
GLIDE WARNING: Structure unsuitable for OPLS-AA force field: glide_dock_ligands_r05violated_3-0001_in.maegz
SKIP LIG      130 (CHEMBL363115): STRUCTURE INCOMPATIBLE WITH FORCE FIELD
GLIDE WARNING: Will skip atomtyping, docking.
Glide: WARNING mmlewis warning: Wrong Lewis structure in structure input file
mmlewis warning: with title: CHEMBL363175
mmlewis warning: Problems were identified with the following atoms:
mmlewis warning:  1 2 7 8 11 12 14 15 16 17 21 22 23 25 26 27 28 29 
mmlewis warning: Now attempting to fix the lewis structure.
Glide: FATAL mmlewis error: Problems remain with the following atoms:
mmlewis error:  1 13 15 17 25 28
Glide: FATAL mmlewis_apply(): Unable to handle mol 1
Glide: WARNING mmlewis warning: Wrong Lewis structure in structure input file
mmlewis warning: with title: CHEMBL363175
mmlewis warning: Problems were identified with the following atoms:
mmlewis warning:  32 
mmlewis warning: Now attempting to fix the lewis structure.
Glide: WARNING mmlewis warning: A valid lewis structure was successfully generated.
Glide: FATAL mmlewis_apply(): Error in handling of full CT
run_mmlewis: Failed to generate a valid lewis structure.
GLIDE WARNING: Structure unsuitable for OPLS-AA force field: glide_dock_ligands_r05violated_3-0001_in.maegz
SKIP LIG      131 (CHEMBL363175): STRUCTURE INCOMPATIBLE WITH FORCE FIELD
GLIDE WARNING: Will skip atomtyping, docking.
Glide: WARNING mmlewis warning: Wrong Lewis structure in structure input file
mmlewis warning: with title: CHEMBL364057
mmlewis warning: Problems were identified with the following atoms:
mmlewis warning:  1 2 4 5 8 9 10 13 14 16 18 19 20 21 22 26 27 28 30 
mmlewis warning: Now attempting to fix the lewis structure.
Glide: FATAL mmlewis error: Problems remain with the following atoms:
mmlewis error:  1 10 18 19 22 30
Glide: FATAL mmlewis_apply(): Unable to handle mol 1
Glide: WARNING mmlewis warning: Wrong Lewis structure in structure input file
mmlewis warning: with title: CHEMBL364057
mmlewis warning: Problems were identified with the following atoms:
mmlewis warning:  33 
mmlewis warning: Now attempting to fix the lewis structure.
Glide: WARNING mmlewis warning: A valid lewis structure was successfully generated.
Glide: FATAL mmlewis_apply(): Error in handling of full CT
run_mmlewis: Failed to generate a valid lewis structure.
GLIDE WARNING: Structure unsuitable for OPLS-AA force field: glide_dock_ligands_r05violated_3-0001_in.maegz
SKIP LIG      132 (CHEMBL364057): STRUCTURE INCOMPATIBLE WITH FORCE FIELD
GLIDE WARNING: Will skip atomtyping, docking.
Glide: WARNING mmlewis warning: Wrong Lewis structure in structure input file
mmlewis warning: with title: CHEMBL364100
mmlewis warning: Problems were identified with the following atoms:
mmlewis warning:  1 2 3 4 7 8 10 11 14 15 16 17 21 22 23 24 26 27 28 29 32 33 36 
mmlewis warning: Now attempting to fix the lewis structure.
Glide: FATAL mmlewis error: Problems remain with the following atoms:
mmlewis error:  1 3 17 21 23 24 30 32
Glide: FATAL mmlewis_apply(): Unable to handle mol 1
Glide: WARNING mmlewis warning: Wrong Lewis structure in structure input file
mmlewis warning: with title: CHEMBL364100
mmlewis warning: Problems were identified with the following atoms:
mmlewis warning:  39 
mmlewis warning: Now attempting to fix the lewis structure.
Glide: WARNING mmlewis warning: A valid lewis structure was successfully generated.
Glide: FATAL mmlewis_apply(): Error in handling of full CT
run_mmlewis: Failed to generate a valid lewis structure.
GLIDE WARNING: Structure unsuitable for OPLS-AA force field: glide_dock_ligands_r05violated_3-0001_in.maegz
SKIP LIG      133 (CHEMBL364100): STRUCTURE INCOMPATIBLE WITH FORCE FIELD
GLIDE WARNING: Will skip atomtyping, docking.
Glide: WARNING mmlewis warning: Wrong Lewis structure in structure input file
mmlewis warning: with title: CHEMBL364101
mmlewis warning: Problems were identified with the following atoms:
mmlewis warning:  1 2 3 4 7 8 10 11 14 15 16 17 21 22 23 24 26 27 28 29 30 31 32 35 
mmlewis warning: Now attempting to fix the lewis structure.
Glide: FATAL mmlewis error: Problems remain with the following atoms:
mmlewis error:  1 3 17 21 23 24 30 31
Glide: FATAL mmlewis_apply(): Unable to handle mol 1
Glide: WARNING mmlewis warning: Wrong Lewis structure in structure input file
mmlewis warning: with title: CHEMBL364101
mmlewis warning: Problems were identified with the following atoms:
mmlewis warning:  38 
mmlewis warning: Now attempting to fix the lewis structure.
Glide: WARNING mmlewis warning: A valid lewis structure was successfully generated.
Glide: FATAL mmlewis_apply(): Error in handling of full CT
run_mmlewis: Failed to generate a valid lewis structure.
GLIDE WARNING: Structure unsuitable for OPLS-AA force field: glide_dock_ligands_r05violated_3-0001_in.maegz
SKIP LIG      134 (CHEMBL364101): STRUCTURE INCOMPATIBLE WITH FORCE FIELD
GLIDE WARNING: Will skip atomtyping, docking.
Glide: WARNING mmlewis warning: Wrong Lewis structure in structure input file
mmlewis warning: with title: CHEMBL364102
mmlewis warning: Problems were identified with the following atoms:
mmlewis warning:  1 2 3 4 7 8 10 11 14 15 16 17 21 22 23 24 26 29 30 33 34 37 
mmlewis warning: Now attempting to fix the lewis structure.
Glide: FATAL mmlewis error: Problems remain with the following atoms:
mmlewis error:  1 3 17 21 23 24 26 31 33
Glide: FATAL mmlewis_apply(): Unable to handle mol 1
Glide: WARNING mmlewis warning: Wrong Lewis structure in structure input file
mmlewis warning: with title: CHEMBL364102
mmlewis warning: Problems were identified with the following atoms:
mmlewis warning:  40 
mmlewis warning: Now attempting to fix the lewis structure.
Glide: WARNING mmlewis warning: A valid lewis structure was successfully generated.
Glide: FATAL mmlewis_apply(): Error in handling of full CT
run_mmlewis: Failed to generate a valid lewis structure.
GLIDE WARNING: Structure unsuitable for OPLS-AA force field: glide_dock_ligands_r05violated_3-0001_in.maegz
SKIP LIG      135 (CHEMBL364102): STRUCTURE INCOMPATIBLE WITH FORCE FIELD
GLIDE WARNING: Will skip atomtyping, docking.
Glide: WARNING mmlewis warning: Wrong Lewis structure in structure input file
mmlewis warning: with title: CHEMBL364103
mmlewis warning: Problems were identified with the following atoms:
mmlewis warning:  1 2 3 4 7 8 10 11 14 15 16 17 21 22 23 24 26 31 34 35 38 
mmlewis warning: Now attempting to fix the lewis structure.
Glide: FATAL mmlewis error: Problems remain with the following atoms:
mmlewis error:  1 3 17 21 23 24 26 34
Glide: FATAL mmlewis_apply(): Unable to handle mol 1
Glide: WARNING mmlewis warning: Wrong Lewis structure in structure input file
mmlewis warning: with title: CHEMBL364103
mmlewis warning: Problems were identified with the following atoms:
mmlewis warning:  41 
mmlewis warning: Now attempting to fix the lewis structure.
Glide: WARNING mmlewis warning: A valid lewis structure was successfully generated.
Glide: FATAL mmlewis_apply(): Error in handling of full CT
run_mmlewis: Failed to generate a valid lewis structure.
GLIDE WARNING: Structure unsuitable for OPLS-AA force field: glide_dock_ligands_r05violated_3-0001_in.maegz
SKIP LIG      136 (CHEMBL364103): STRUCTURE INCOMPATIBLE WITH FORCE FIELD
GLIDE WARNING: Will skip atomtyping, docking.
Glide: WARNING mmlewis warning: Wrong Lewis structure in structure input file
mmlewis warning: with title: CHEMBL364140
mmlewis warning: Problems were identified with the following atoms:
mmlewis warning:  1 2 3 4 7 8 10 11 14 15 16 17 21 22 23 24 26 27 33 36 37 40 
mmlewis warning: Now attempting to fix the lewis structure.
Glide: FATAL mmlewis error: Problems remain with the following atoms:
mmlewis error:  1 3 17 21 23 24 36
Glide: FATAL mmlewis_apply(): Unable to handle mol 1
Glide: WARNING mmlewis warning: Wrong Lewis structure in structure input file
mmlewis warning: with title: CHEMBL364140
mmlewis warning: Problems were identified with the following atoms:
mmlewis warning:  43 
mmlewis warning: Now attempting to fix the lewis structure.
Glide: WARNING mmlewis warning: A valid lewis structure was successfully generated.
Glide: FATAL mmlewis_apply(): Error in handling of full CT
run_mmlewis: Failed to generate a valid lewis structure.
GLIDE WARNING: Structure unsuitable for OPLS-AA force field: glide_dock_ligands_r05violated_3-0001_in.maegz
SKIP LIG      137 (CHEMBL364140): STRUCTURE INCOMPATIBLE WITH FORCE FIELD
GLIDE WARNING: Will skip atomtyping, docking.
Glide: WARNING mmlewis warning: Wrong Lewis structure in structure input file
mmlewis warning: with title: CHEMBL364355
mmlewis warning: Problems were identified with the following atoms:
mmlewis warning:  1 3 6 8 9 12 13 16 17 18 19 20 21 25 29 
mmlewis warning: Now attempting to fix the lewis structure.
Glide: FATAL mmlewis error: Problems remain with the following atoms:
mmlewis error:  1 3 10 21 25 29
Glide: FATAL mmlewis_apply(): Unable to handle mol 1
Glide: WARNING mmlewis warning: Wrong Lewis structure in structure input file
mmlewis warning: with title: CHEMBL364355
mmlewis warning: Problems were identified with the following atoms:
mmlewis warning:  32 
mmlewis warning: Now attempting to fix the lewis structure.
Glide: WARNING mmlewis warning: A valid lewis structure was successfully generated.
Glide: FATAL mmlewis_apply(): Error in handling of full CT
run_mmlewis: Failed to generate a valid lewis structure.
GLIDE WARNING: Structure unsuitable for OPLS-AA force field: glide_dock_ligands_r05violated_3-0001_in.maegz
SKIP LIG      138 (CHEMBL364355): STRUCTURE INCOMPATIBLE WITH FORCE FIELD
GLIDE WARNING: Will skip atomtyping, docking.
Glide: WARNING mmlewis warning: Wrong Lewis structure in structure input file
mmlewis warning: with title: CHEMBL364385
mmlewis warning: Problems were identified with the following atoms:
mmlewis warning:  1 5 7 8 9 11 14 16 17 21 22 23 24 26 27 28 29 32 33 35 36 37 38 39 40 41 
mmlewis warning: Now attempting to fix the lewis structure.
Glide: FATAL mmlewis error: Problems remain with the following atoms:
mmlewis error:  1 9 14 21 23 24 30 39 40 41
run_mmlewis: Failed to generate a valid lewis structure.
GLIDE WARNING: Structure unsuitable for OPLS-AA force field: glide_dock_ligands_r05violated_3-0001_in.maegz
SKIP LIG      139 (CHEMBL364385): STRUCTURE INCOMPATIBLE WITH FORCE FIELD
GLIDE WARNING: Will skip atomtyping, docking.
Glide: WARNING mmlewis warning: Wrong Lewis structure in structure input file
mmlewis warning: with title: CHEMBL364939
mmlewis warning: Problems were identified with the following atoms:
mmlewis warning:  1 2 4 5 8 10 11 14 15 18 19 20 21 22 23 27 28 29 31 
mmlewis warning: Now attempting to fix the lewis structure.
Glide: FATAL mmlewis error: Problems remain with the following atoms:
mmlewis error:  1 5 12 23 31
Glide: FATAL mmlewis_apply(): Unable to handle mol 1
Glide: WARNING mmlewis warning: Wrong Lewis structure in structure input file
mmlewis warning: with title: CHEMBL364939
mmlewis warning: Problems were identified with the following atoms:
mmlewis warning:  34 
mmlewis warning: Now attempting to fix the lewis structure.
Glide: WARNING mmlewis warning: A valid lewis structure was successfully generated.
Glide: FATAL mmlewis_apply(): Error in handling of full CT
run_mmlewis: Failed to generate a valid lewis structure.
GLIDE WARNING: Structure unsuitable for OPLS-AA force field: glide_dock_ligands_r05violated_3-0001_in.maegz
SKIP LIG      140 (CHEMBL364939): STRUCTURE INCOMPATIBLE WITH FORCE FIELD
GLIDE WARNING: Will skip atomtyping, docking.
Glide: WARNING mmlewis warning: Wrong Lewis structure in structure input file
mmlewis warning: with title: CHEMBL365010
mmlewis warning: Problems were identified with the following atoms:
mmlewis warning:  1 2 3 6 7 9 10 13 14 15 16 20 21 22 23 25 26 27 28 31 32 35 
mmlewis warning: Now attempting to fix the lewis structure.
Glide: FATAL mmlewis error: Problems remain with the following atoms:
mmlewis error:  1 16 20 22 23 29 31
Glide: FATAL mmlewis_apply(): Unable to handle mol 1
Glide: WARNING mmlewis warning: Wrong Lewis structure in structure input file
mmlewis warning: with title: CHEMBL365010
mmlewis warning: Problems were identified with the following atoms:
mmlewis warning:  38 
mmlewis warning: Now attempting to fix the lewis structure.
Glide: WARNING mmlewis warning: A valid lewis structure was successfully generated.
Glide: FATAL mmlewis_apply(): Error in handling of full CT
run_mmlewis: Failed to generate a valid lewis structure.
GLIDE WARNING: Structure unsuitable for OPLS-AA force field: glide_dock_ligands_r05violated_3-0001_in.maegz
SKIP LIG      141 (CHEMBL365010): STRUCTURE INCOMPATIBLE WITH FORCE FIELD
GLIDE WARNING: Will skip atomtyping, docking.
Glide: WARNING mmlewis warning: Wrong Lewis structure in structure input file
mmlewis warning: with title: CHEMBL365231
mmlewis warning: Problems were identified with the following atoms:
mmlewis warning:  1 2 3 4 7 8 10 11 14 15 16 17 21 22 23 24 26 27 28 29 32 33 36 
mmlewis warning: Now attempting to fix the lewis structure.
Glide: FATAL mmlewis error: Problems remain with the following atoms:
mmlewis error:  1 3 17 21 23 24 30 32
Glide: FATAL mmlewis_apply(): Unable to handle mol 1
Glide: WARNING mmlewis warning: Wrong Lewis structure in structure input file
mmlewis warning: with title: CHEMBL365231
mmlewis warning: Problems were identified with the following atoms:
mmlewis warning:  39 
mmlewis warning: Now attempting to fix the lewis structure.
Glide: WARNING mmlewis warning: A valid lewis structure was successfully generated.
Glide: FATAL mmlewis_apply(): Error in handling of full CT
run_mmlewis: Failed to generate a valid lewis structure.
GLIDE WARNING: Structure unsuitable for OPLS-AA force field: glide_dock_ligands_r05violated_3-0001_in.maegz
SKIP LIG      142 (CHEMBL365231): STRUCTURE INCOMPATIBLE WITH FORCE FIELD
GLIDE WARNING: Will skip atomtyping, docking.
Glide: WARNING mmlewis warning: Wrong Lewis structure in structure input file
mmlewis warning: with title: CHEMBL365280
mmlewis warning: Problems were identified with the following atoms:
mmlewis warning:  1 2 3 4 7 8 10 11 14 15 16 17 21 22 23 24 26 27 28 35 36 37 40 
mmlewis warning: Now attempting to fix the lewis structure.
Glide: FATAL mmlewis error: Problems remain with the following atoms:
mmlewis error:  1 3 17 21 23 24 28 35 36
Glide: FATAL mmlewis_apply(): Unable to handle mol 1
Glide: WARNING mmlewis warning: Wrong Lewis structure in structure input file
mmlewis warning: with title: CHEMBL365280
mmlewis warning: Problems were identified with the following atoms:
mmlewis warning:  43 
mmlewis warning: Now attempting to fix the lewis structure.
Glide: WARNING mmlewis warning: A valid lewis structure was successfully generated.
Glide: FATAL mmlewis_apply(): Error in handling of full CT
run_mmlewis: Failed to generate a valid lewis structure.
GLIDE WARNING: Structure unsuitable for OPLS-AA force field: glide_dock_ligands_r05violated_3-0001_in.maegz
SKIP LIG      143 (CHEMBL365280): STRUCTURE INCOMPATIBLE WITH FORCE FIELD
GLIDE WARNING: Will skip atomtyping, docking.
Glide: WARNING mmlewis warning: Wrong Lewis structure in structure input file
mmlewis warning: with title: CHEMBL365414
mmlewis warning: Problems were identified with the following atoms:
mmlewis warning:  1 5 7 8 9 11 14 16 17 21 22 23 24 26 27 28 29 30 31 32 34 35 36 37 38 39 40 
mmlewis warning: Now attempting to fix the lewis structure.
Glide: FATAL mmlewis error: Problems remain with the following atoms:
mmlewis error:  1 9 14 21 23 24 30 38 39 40
run_mmlewis: Failed to generate a valid lewis structure.
GLIDE WARNING: Structure unsuitable for OPLS-AA force field: glide_dock_ligands_r05violated_3-0001_in.maegz
SKIP LIG      144 (CHEMBL365414): STRUCTURE INCOMPATIBLE WITH FORCE FIELD
GLIDE WARNING: Will skip atomtyping, docking.
Glide: WARNING mmlewis warning: Wrong Lewis structure in structure input file
mmlewis warning: with title: CHEMBL365780
mmlewis warning: Problems were identified with the following atoms:
mmlewis warning:  1 2 4 5 8 9 10 13 16 17 18 19 20 24 25 26 28 
mmlewis warning: Now attempting to fix the lewis structure.
Glide: FATAL mmlewis error: Problems remain with the following atoms:
mmlewis error:  1 6 10 13 16 17 20 28
Glide: FATAL mmlewis_apply(): Unable to handle mol 1
Glide: WARNING mmlewis warning: Wrong Lewis structure in structure input file
mmlewis warning: with title: CHEMBL365780
mmlewis warning: Problems were identified with the following atoms:
mmlewis warning:  31 
mmlewis warning: Now attempting to fix the lewis structure.
Glide: WARNING mmlewis warning: A valid lewis structure was successfully generated.
Glide: FATAL mmlewis_apply(): Error in handling of full CT
run_mmlewis: Failed to generate a valid lewis structure.
GLIDE WARNING: Structure unsuitable for OPLS-AA force field: glide_dock_ligands_r05violated_3-0001_in.maegz
SKIP LIG      145 (CHEMBL365780): STRUCTURE INCOMPATIBLE WITH FORCE FIELD
GLIDE WARNING: Will skip atomtyping, docking.
Glide: WARNING mmlewis warning: Wrong Lewis structure in structure input file
mmlewis warning: with title: CHEMBL365834
mmlewis warning: Problems were identified with the following atoms:
mmlewis warning:  1 2 6 7 8 9 12 13 15 16 17 21 22 23 24 25 26 27 28 
mmlewis warning: Now attempting to fix the lewis structure.
Glide: FATAL mmlewis error: Problems remain with the following atoms:
mmlewis error:  1 8 17 22 28
Glide: FATAL mmlewis_apply(): Unable to handle mol 1
Glide: WARNING mmlewis warning: Wrong Lewis structure in structure input file
mmlewis warning: with title: CHEMBL365834
mmlewis warning: Problems were identified with the following atoms:
mmlewis warning:  31 
mmlewis warning: Now attempting to fix the lewis structure.
Glide: WARNING mmlewis warning: A valid lewis structure was successfully generated.
Glide: FATAL mmlewis_apply(): Error in handling of full CT
run_mmlewis: Failed to generate a valid lewis structure.
GLIDE WARNING: Structure unsuitable for OPLS-AA force field: glide_dock_ligands_r05violated_3-0001_in.maegz
SKIP LIG      146 (CHEMBL365834): STRUCTURE INCOMPATIBLE WITH FORCE FIELD
GLIDE WARNING: Will skip atomtyping, docking.
Glide: WARNING mmlewis warning: Wrong Lewis structure in structure input file
mmlewis warning: with title: CHEMBL365836
mmlewis warning: Problems were identified with the following atoms:
mmlewis warning:  1 2 3 4 7 8 10 11 14 15 16 17 21 22 23 24 26 27 28 29 32 33 36 
mmlewis warning: Now attempting to fix the lewis structure.
Glide: FATAL mmlewis error: Problems remain with the following atoms:
mmlewis error:  1 3 17 21 23 24 30 32
Glide: FATAL mmlewis_apply(): Unable to handle mol 1
Glide: WARNING mmlewis warning: Wrong Lewis structure in structure input file
mmlewis warning: with title: CHEMBL365836
mmlewis warning: Problems were identified with the following atoms:
mmlewis warning:  39 
mmlewis warning: Now attempting to fix the lewis structure.
Glide: WARNING mmlewis warning: A valid lewis structure was successfully generated.
Glide: FATAL mmlewis_apply(): Error in handling of full CT
run_mmlewis: Failed to generate a valid lewis structure.
GLIDE WARNING: Structure unsuitable for OPLS-AA force field: glide_dock_ligands_r05violated_3-0001_in.maegz
SKIP LIG      147 (CHEMBL365836): STRUCTURE INCOMPATIBLE WITH FORCE FIELD
GLIDE WARNING: Will skip atomtyping, docking.
Glide: WARNING mmlewis warning: Wrong Lewis structure in structure input file
mmlewis warning: with title: CHEMBL365837
mmlewis warning: Problems were identified with the following atoms:
mmlewis warning:  1 2 3 4 7 8 10 11 14 15 16 17 21 22 23 24 26 27 28 29 32 33 36 
mmlewis warning: Now attempting to fix the lewis structure.
Glide: FATAL mmlewis error: Problems remain with the following atoms:
mmlewis error:  1 3 17 21 23 24 30 32
Glide: FATAL mmlewis_apply(): Unable to handle mol 1
Glide: WARNING mmlewis warning: Wrong Lewis structure in structure input file
mmlewis warning: with title: CHEMBL365837
mmlewis warning: Problems were identified with the following atoms:
mmlewis warning:  39 
mmlewis warning: Now attempting to fix the lewis structure.
Glide: WARNING mmlewis warning: A valid lewis structure was successfully generated.
Glide: FATAL mmlewis_apply(): Error in handling of full CT
run_mmlewis: Failed to generate a valid lewis structure.
GLIDE WARNING: Structure unsuitable for OPLS-AA force field: glide_dock_ligands_r05violated_3-0001_in.maegz
SKIP LIG      148 (CHEMBL365837): STRUCTURE INCOMPATIBLE WITH FORCE FIELD
GLIDE WARNING: Will skip atomtyping, docking.
Glide: WARNING mmlewis warning: Wrong Lewis structure in structure input file
mmlewis warning: with title: CHEMBL365838
mmlewis warning: Problems were identified with the following atoms:
mmlewis warning:  1 2 3 4 5 8 9 11 12 15 16 17 18 22 23 24 25 27 28 29 30 33 34 37 
mmlewis warning: Now attempting to fix the lewis structure.
Glide: FATAL mmlewis error: Problems remain with the following atoms:
mmlewis error:  1 18 22 24 25 31 33
Glide: FATAL mmlewis_apply(): Unable to handle mol 1
Glide: WARNING mmlewis warning: Wrong Lewis structure in structure input file
mmlewis warning: with title: CHEMBL365838
mmlewis warning: Problems were identified with the following atoms:
mmlewis warning:  40 
mmlewis warning: Now attempting to fix the lewis structure.
Glide: WARNING mmlewis warning: A valid lewis structure was successfully generated.
Glide: FATAL mmlewis_apply(): Error in handling of full CT
run_mmlewis: Failed to generate a valid lewis structure.
GLIDE WARNING: Structure unsuitable for OPLS-AA force field: glide_dock_ligands_r05violated_3-0001_in.maegz
SKIP LIG      149 (CHEMBL365838): STRUCTURE INCOMPATIBLE WITH FORCE FIELD
GLIDE WARNING: Will skip atomtyping, docking.
Glide: WARNING mmlewis warning: Wrong Lewis structure in structure input file
mmlewis warning: with title: CHEMBL365875
mmlewis warning: Problems were identified with the following atoms:
mmlewis warning:  1 2 6 7 8 9 12 13 15 16 17 18 22 23 24 25 26 27 28 
mmlewis warning: Now attempting to fix the lewis structure.
Glide: FATAL mmlewis error: Problems remain with the following atoms:
mmlewis error:  1 8 28
Glide: FATAL mmlewis_apply(): Unable to handle mol 1
Glide: WARNING mmlewis warning: Wrong Lewis structure in structure input file
mmlewis warning: with title: CHEMBL365875
mmlewis warning: Problems were identified with the following atoms:
mmlewis warning:  31 
mmlewis warning: Now attempting to fix the lewis structure.
Glide: WARNING mmlewis warning: A valid lewis structure was successfully generated.
Glide: FATAL mmlewis_apply(): Error in handling of full CT
run_mmlewis: Failed to generate a valid lewis structure.
GLIDE WARNING: Structure unsuitable for OPLS-AA force field: glide_dock_ligands_r05violated_3-0001_in.maegz
SKIP LIG      150 (CHEMBL365875): STRUCTURE INCOMPATIBLE WITH FORCE FIELD
GLIDE WARNING: Will skip atomtyping, docking.
Glide: WARNING mmlewis warning: Wrong Lewis structure in structure input file
mmlewis warning: with title: CHEMBL365967
mmlewis warning: Problems were identified with the following atoms:
mmlewis warning:  1 3 6 8 9 12 13 16 17 18 19 20 21 25 26 30 
mmlewis warning: Now attempting to fix the lewis structure.
Glide: FATAL mmlewis error: Problems remain with the following atoms:
mmlewis error:  1 3 10 21 30
Glide: FATAL mmlewis_apply(): Unable to handle mol 1
Glide: WARNING mmlewis warning: Wrong Lewis structure in structure input file
mmlewis warning: with title: CHEMBL365967
mmlewis warning: Problems were identified with the following atoms:
mmlewis warning:  33 
mmlewis warning: Now attempting to fix the lewis structure.
Glide: WARNING mmlewis warning: A valid lewis structure was successfully generated.
Glide: FATAL mmlewis_apply(): Error in handling of full CT
run_mmlewis: Failed to generate a valid lewis structure.
GLIDE WARNING: Structure unsuitable for OPLS-AA force field: glide_dock_ligands_r05violated_3-0001_in.maegz
SKIP LIG      151 (CHEMBL365967): STRUCTURE INCOMPATIBLE WITH FORCE FIELD
GLIDE WARNING: Will skip atomtyping, docking.
Glide: WARNING mmlewis warning: Wrong Lewis structure in structure input file
mmlewis warning: with title: CHEMBL366031
mmlewis warning: Problems were identified with the following atoms:
mmlewis warning:  1 2 4 5 8 9 10 13 16 17 18 19 20 24 25 26 28 
mmlewis warning: Now attempting to fix the lewis structure.
Glide: FATAL mmlewis error: Problems remain with the following atoms:
mmlewis error:  1 6 10 16 17 20 28
Glide: FATAL mmlewis_apply(): Unable to handle mol 1
Glide: WARNING mmlewis warning: Wrong Lewis structure in structure input file
mmlewis warning: with title: CHEMBL366031
mmlewis warning: Problems were identified with the following atoms:
mmlewis warning:  31 
mmlewis warning: Now attempting to fix the lewis structure.
Glide: WARNING mmlewis warning: A valid lewis structure was successfully generated.
Glide: FATAL mmlewis_apply(): Error in handling of full CT
run_mmlewis: Failed to generate a valid lewis structure.
GLIDE WARNING: Structure unsuitable for OPLS-AA force field: glide_dock_ligands_r05violated_3-0001_in.maegz
SKIP LIG      152 (CHEMBL366031): STRUCTURE INCOMPATIBLE WITH FORCE FIELD
GLIDE WARNING: Will skip atomtyping, docking.
Glide: WARNING mmlewis warning: Wrong Lewis structure in structure input file
mmlewis warning: with title: CHEMBL366047
mmlewis warning: Problems were identified with the following atoms:
mmlewis warning:  1 3 4 7 9 10 11 12 16 17 18 19 22 23 25 26 29 32 33 34 35 36 37 
mmlewis warning: Now attempting to fix the lewis structure.
Glide: FATAL mmlewis error: Problems remain with the following atoms:
mmlewis error:  1 9 11 12 18 34 35 37
Glide: FATAL mmlewis_apply(): Unable to handle mol 1
Glide: WARNING mmlewis warning: Wrong Lewis structure in structure input file
mmlewis warning: with title: CHEMBL366047
mmlewis warning: Problems were identified with the following atoms:
mmlewis warning:  40 
mmlewis warning: Now attempting to fix the lewis structure.
Glide: WARNING mmlewis warning: A valid lewis structure was successfully generated.
Glide: FATAL mmlewis_apply(): Error in handling of full CT
run_mmlewis: Failed to generate a valid lewis structure.
GLIDE WARNING: Structure unsuitable for OPLS-AA force field: glide_dock_ligands_r05violated_3-0001_in.maegz
SKIP LIG      153 (CHEMBL366047): STRUCTURE INCOMPATIBLE WITH FORCE FIELD
GLIDE WARNING: Will skip atomtyping, docking.
Glide: WARNING mmlewis warning: Wrong Lewis structure in structure input file
mmlewis warning: with title: CHEMBL366048
mmlewis warning: Problems were identified with the following atoms:
mmlewis warning:  1 2 3 4 7 8 10 11 14 15 16 17 21 22 23 24 26 27 30 33 34 37 
mmlewis warning: Now attempting to fix the lewis structure.
Glide: FATAL mmlewis error: Problems remain with the following atoms:
mmlewis error:  1 3 17 21 23 24 33
Glide: FATAL mmlewis_apply(): Unable to handle mol 1
Glide: WARNING mmlewis warning: Wrong Lewis structure in structure input file
mmlewis warning: with title: CHEMBL366048
mmlewis warning: Problems were identified with the following atoms:
mmlewis warning:  40 
mmlewis warning: Now attempting to fix the lewis structure.
Glide: WARNING mmlewis warning: A valid lewis structure was successfully generated.
Glide: FATAL mmlewis_apply(): Error in handling of full CT
run_mmlewis: Failed to generate a valid lewis structure.
GLIDE WARNING: Structure unsuitable for OPLS-AA force field: glide_dock_ligands_r05violated_3-0001_in.maegz
SKIP LIG      154 (CHEMBL366048): STRUCTURE INCOMPATIBLE WITH FORCE FIELD
GLIDE WARNING: Will skip atomtyping, docking.
Glide: WARNING mmlewis warning: Wrong Lewis structure in structure input file
mmlewis warning: with title: CHEMBL366049
mmlewis warning: Problems were identified with the following atoms:
mmlewis warning:  1 2 3 7 8 9 10 13 14 16 17 21 22 23 24 26 27 28 29 
mmlewis warning: Now attempting to fix the lewis structure.
Glide: FATAL mmlewis error: Problems remain with the following atoms:
mmlewis error:  1 3 9 24 30
Glide: FATAL mmlewis_apply(): Unable to handle mol 1
Glide: WARNING mmlewis warning: Wrong Lewis structure in structure input file
mmlewis warning: with title: CHEMBL366049
mmlewis warning: Problems were identified with the following atoms:
mmlewis warning:  34 
mmlewis warning: Now attempting to fix the lewis structure.
Glide: WARNING mmlewis warning: A valid lewis structure was successfully generated.
Glide: FATAL mmlewis_apply(): Error in handling of full CT
run_mmlewis: Failed to generate a valid lewis structure.
GLIDE WARNING: Structure unsuitable for OPLS-AA force field: glide_dock_ligands_r05violated_3-0001_in.maegz
SKIP LIG      155 (CHEMBL366049): STRUCTURE INCOMPATIBLE WITH FORCE FIELD
GLIDE WARNING: Will skip atomtyping, docking.
Glide: WARNING mmlewis warning: Wrong Lewis structure in structure input file
mmlewis warning: with title: CHEMBL366286
mmlewis warning: Problems were identified with the following atoms:
mmlewis warning:  1 2 5 6 8 9 12 13 14 15 19 20 21 22 24 25 26 27 30 31 34 
mmlewis warning: Now attempting to fix the lewis structure.
Glide: FATAL mmlewis error: Problems remain with the following atoms:
mmlewis error:  1 15 19 21 22 28 30
Glide: FATAL mmlewis_apply(): Unable to handle mol 1
Glide: WARNING mmlewis warning: Wrong Lewis structure in structure input file
mmlewis warning: with title: CHEMBL366286
mmlewis warning: Problems were identified with the following atoms:
mmlewis warning:  37 
mmlewis warning: Now attempting to fix the lewis structure.
Glide: WARNING mmlewis warning: A valid lewis structure was successfully generated.
Glide: FATAL mmlewis_apply(): Error in handling of full CT
run_mmlewis: Failed to generate a valid lewis structure.
GLIDE WARNING: Structure unsuitable for OPLS-AA force field: glide_dock_ligands_r05violated_3-0001_in.maegz
SKIP LIG      156 (CHEMBL366286): STRUCTURE INCOMPATIBLE WITH FORCE FIELD
GLIDE WARNING: Will skip atomtyping, docking.
Glide: WARNING mmlewis warning: Wrong Lewis structure in structure input file
mmlewis warning: with title: CHEMBL366290
mmlewis warning: Problems were identified with the following atoms:
mmlewis warning:  1 2 3 4 7 8 10 11 14 15 17 21 22 23 24 26 29 30 33 34 37 
mmlewis warning: Now attempting to fix the lewis structure.
Glide: FATAL mmlewis error: Problems remain with the following atoms:
mmlewis error:  1 3 15 17 21 23 24 26 31 33
Glide: FATAL mmlewis_apply(): Unable to handle mol 1
Glide: WARNING mmlewis warning: Wrong Lewis structure in structure input file
mmlewis warning: with title: CHEMBL366290
mmlewis warning: Problems were identified with the following atoms:
mmlewis warning:  40 
mmlewis warning: Now attempting to fix the lewis structure.
Glide: WARNING mmlewis warning: A valid lewis structure was successfully generated.
Glide: FATAL mmlewis_apply(): Error in handling of full CT
run_mmlewis: Failed to generate a valid lewis structure.
GLIDE WARNING: Structure unsuitable for OPLS-AA force field: glide_dock_ligands_r05violated_3-0001_in.maegz
SKIP LIG      157 (CHEMBL366290): STRUCTURE INCOMPATIBLE WITH FORCE FIELD
GLIDE WARNING: Will skip atomtyping, docking.
Glide: WARNING mmlewis warning: Wrong Lewis structure in structure input file
mmlewis warning: with title: CHEMBL370033
mmlewis warning: Problems were identified with the following atoms:
mmlewis warning:  1 2 4 5 8 9 10 16 17 18 20 21 22 23 24 28 29 30 32 
mmlewis warning: Now attempting to fix the lewis structure.
Glide: FATAL mmlewis error: Problems remain with the following atoms:
mmlewis error:  1 10 20 21 24 32
Glide: FATAL mmlewis_apply(): Unable to handle mol 1
Glide: WARNING mmlewis warning: Wrong Lewis structure in structure input file
mmlewis warning: with title: CHEMBL370033
mmlewis warning: Problems were identified with the following atoms:
mmlewis warning:  35 
mmlewis warning: Now attempting to fix the lewis structure.
Glide: WARNING mmlewis warning: A valid lewis structure was successfully generated.
Glide: FATAL mmlewis_apply(): Error in handling of full CT
run_mmlewis: Failed to generate a valid lewis structure.
GLIDE WARNING: Structure unsuitable for OPLS-AA force field: glide_dock_ligands_r05violated_3-0001_in.maegz
SKIP LIG      158 (CHEMBL370033): STRUCTURE INCOMPATIBLE WITH FORCE FIELD
GLIDE WARNING: Will skip atomtyping, docking.
Glide: WARNING mmlewis warning: Wrong Lewis structure in structure input file
mmlewis warning: with title: CHEMBL370072
mmlewis warning: Problems were identified with the following atoms:
mmlewis warning:  1 2 4 5 8 9 10 16 18 19 20 21 22 26 27 28 30 
mmlewis warning: Now attempting to fix the lewis structure.
Glide: FATAL mmlewis error: Problems remain with the following atoms:
mmlewis error:  1 10 18 19 22 30
Glide: FATAL mmlewis_apply(): Unable to handle mol 1
Glide: WARNING mmlewis warning: Wrong Lewis structure in structure input file
mmlewis warning: with title: CHEMBL370072
mmlewis warning: Problems were identified with the following atoms:
mmlewis warning:  33 
mmlewis warning: Now attempting to fix the lewis structure.
Glide: WARNING mmlewis warning: A valid lewis structure was successfully generated.
Glide: FATAL mmlewis_apply(): Error in handling of full CT
run_mmlewis: Failed to generate a valid lewis structure.
GLIDE WARNING: Structure unsuitable for OPLS-AA force field: glide_dock_ligands_r05violated_3-0001_in.maegz
SKIP LIG      159 (CHEMBL370072): STRUCTURE INCOMPATIBLE WITH FORCE FIELD
GLIDE WARNING: Will skip atomtyping, docking.
Glide: WARNING mmlewis warning: Wrong Lewis structure in structure input file
mmlewis warning: with title: CHEMBL370677
mmlewis warning: Problems were identified with the following atoms:
mmlewis warning:  1 3 6 8 9 12 13 14 17 20 21 22 23 24 28 29 30 32 
mmlewis warning: Now attempting to fix the lewis structure.
Glide: FATAL mmlewis error: Problems remain with the following atoms:
mmlewis error:  1 3 10 14 17 20 24 32
Glide: FATAL mmlewis_apply(): Unable to handle mol 1
Glide: WARNING mmlewis warning: Wrong Lewis structure in structure input file
mmlewis warning: with title: CHEMBL370677
mmlewis warning: Problems were identified with the following atoms:
mmlewis warning:  35 
mmlewis warning: Now attempting to fix the lewis structure.
Glide: WARNING mmlewis warning: A valid lewis structure was successfully generated.
Glide: FATAL mmlewis_apply(): Error in handling of full CT
run_mmlewis: Failed to generate a valid lewis structure.
GLIDE WARNING: Structure unsuitable for OPLS-AA force field: glide_dock_ligands_r05violated_3-0001_in.maegz
SKIP LIG      160 (CHEMBL370677): STRUCTURE INCOMPATIBLE WITH FORCE FIELD
GLIDE WARNING: Will skip atomtyping, docking.
Glide: WARNING mmlewis warning: Wrong Lewis structure in structure input file
mmlewis warning: with title: CHEMBL370755
mmlewis warning: Problems were identified with the following atoms:
mmlewis warning:  1 4 7 9 10 13 14 17 18 19 20 21 22 26 27 28 30 
mmlewis warning: Now attempting to fix the lewis structure.
Glide: FATAL mmlewis error: Problems remain with the following atoms:
mmlewis error:  1 4 11 22 30
Glide: FATAL mmlewis_apply(): Unable to handle mol 1
Glide: WARNING mmlewis warning: Wrong Lewis structure in structure input file
mmlewis warning: with title: CHEMBL370755
mmlewis warning: Problems were identified with the following atoms:
mmlewis warning:  33 
mmlewis warning: Now attempting to fix the lewis structure.
Glide: WARNING mmlewis warning: A valid lewis structure was successfully generated.
Glide: FATAL mmlewis_apply(): Error in handling of full CT
run_mmlewis: Failed to generate a valid lewis structure.
GLIDE WARNING: Structure unsuitable for OPLS-AA force field: glide_dock_ligands_r05violated_3-0001_in.maegz
SKIP LIG      161 (CHEMBL370755): STRUCTURE INCOMPATIBLE WITH FORCE FIELD
GLIDE WARNING: Will skip atomtyping, docking.
Glide: WARNING mmlewis warning: Wrong Lewis structure in structure input file
mmlewis warning: with title: CHEMBL371347
mmlewis warning: Problems were identified with the following atoms:
mmlewis warning:  1 3 6 8 9 12 13 16 17 18 19 20 21 25 26 28 29 
mmlewis warning: Now attempting to fix the lewis structure.
Glide: FATAL mmlewis error: Problems remain with the following atoms:
mmlewis error:  1 3 10 21
Glide: FATAL mmlewis_apply(): Unable to handle mol 1
Glide: WARNING mmlewis warning: Wrong Lewis structure in structure input file
mmlewis warning: with title: CHEMBL371347
mmlewis warning: Problems were identified with the following atoms:
mmlewis warning:  32 
mmlewis warning: Now attempting to fix the lewis structure.
Glide: WARNING mmlewis warning: A valid lewis structure was successfully generated.
Glide: FATAL mmlewis_apply(): Error in handling of full CT
run_mmlewis: Failed to generate a valid lewis structure.
GLIDE WARNING: Structure unsuitable for OPLS-AA force field: glide_dock_ligands_r05violated_3-0001_in.maegz
SKIP LIG      162 (CHEMBL371347): STRUCTURE INCOMPATIBLE WITH FORCE FIELD
GLIDE WARNING: Will skip atomtyping, docking.
Glide: WARNING mmlewis warning: Wrong Lewis structure in structure input file
mmlewis warning: with title: CHEMBL371588
mmlewis warning: Problems were identified with the following atoms:
mmlewis warning:  1 3 4 7 9 10 13 14 17 18 19 20 21 22 26 27 28 30 
mmlewis warning: Now attempting to fix the lewis structure.
Glide: FATAL mmlewis error: Problems remain with the following atoms:
mmlewis error:  1 3 18 22 30
Glide: FATAL mmlewis_apply(): Unable to handle mol 1
Glide: WARNING mmlewis warning: Wrong Lewis structure in structure input file
mmlewis warning: with title: CHEMBL371588
mmlewis warning: Problems were identified with the following atoms:
mmlewis warning:  33 
mmlewis warning: Now attempting to fix the lewis structure.
Glide: WARNING mmlewis warning: A valid lewis structure was successfully generated.
Glide: FATAL mmlewis_apply(): Error in handling of full CT
run_mmlewis: Failed to generate a valid lewis structure.
GLIDE WARNING: Structure unsuitable for OPLS-AA force field: glide_dock_ligands_r05violated_3-0001_in.maegz
SKIP LIG      163 (CHEMBL371588): STRUCTURE INCOMPATIBLE WITH FORCE FIELD
GLIDE WARNING: Will skip atomtyping, docking.
Glide: WARNING mmlewis warning: Wrong Lewis structure in structure input file
mmlewis warning: with title: CHEMBL372004
mmlewis warning: Problems were identified with the following atoms:
mmlewis warning:  1 5 7 8 11 12 15 16 17 18 19 20 24 25 26 28 
mmlewis warning: Now attempting to fix the lewis structure.
Glide: FATAL mmlewis error: Problems remain with the following atoms:
mmlewis error:  1 9 20 28
Glide: FATAL mmlewis_apply(): Unable to handle mol 1
Glide: WARNING mmlewis warning: Wrong Lewis structure in structure input file
mmlewis warning: with title: CHEMBL372004
mmlewis warning: Problems were identified with the following atoms:
mmlewis warning:  31 
mmlewis warning: Now attempting to fix the lewis structure.
Glide: WARNING mmlewis warning: A valid lewis structure was successfully generated.
Glide: FATAL mmlewis_apply(): Error in handling of full CT
run_mmlewis: Failed to generate a valid lewis structure.
GLIDE WARNING: Structure unsuitable for OPLS-AA force field: glide_dock_ligands_r05violated_3-0001_in.maegz
SKIP LIG      164 (CHEMBL372004): STRUCTURE INCOMPATIBLE WITH FORCE FIELD
GLIDE WARNING: Will skip atomtyping, docking.
Glide: WARNING mmlewis warning: Wrong Lewis structure in structure input file
mmlewis warning: with title: CHEMBL372486
mmlewis warning: Problems were identified with the following atoms:
mmlewis warning:  1 3 6 8 9 12 13 16 17 18 19 20 21 25 26 27 29 
mmlewis warning: Now attempting to fix the lewis structure.
Glide: FATAL mmlewis error: Problems remain with the following atoms:
mmlewis error:  1 3 10 21 29
Glide: FATAL mmlewis_apply(): Unable to handle mol 1
Glide: WARNING mmlewis warning: Wrong Lewis structure in structure input file
mmlewis warning: with title: CHEMBL372486
mmlewis warning: Problems were identified with the following atoms:
mmlewis warning:  32 
mmlewis warning: Now attempting to fix the lewis structure.
Glide: WARNING mmlewis warning: A valid lewis structure was successfully generated.
Glide: FATAL mmlewis_apply(): Error in handling of full CT
run_mmlewis: Failed to generate a valid lewis structure.
GLIDE WARNING: Structure unsuitable for OPLS-AA force field: glide_dock_ligands_r05violated_3-0001_in.maegz
SKIP LIG      165 (CHEMBL372486): STRUCTURE INCOMPATIBLE WITH FORCE FIELD
GLIDE WARNING: Will skip atomtyping, docking.
Glide: WARNING mmlewis warning: Wrong Lewis structure in structure input file
mmlewis warning: with title: CHEMBL375146
mmlewis warning: Problems were identified with the following atoms:
mmlewis warning:  1 2 7 8 10 12 15 20 21 25 26 30 
mmlewis warning: Now attempting to fix the lewis structure.
Glide: FATAL mmlewis error: Problems remain with the following atoms:
mmlewis error:  1 12 21 30
Glide: FATAL mmlewis_apply(): Unable to handle mol 1
Glide: WARNING mmlewis warning: Wrong Lewis structure in structure input file
mmlewis warning: with title: CHEMBL375146
mmlewis warning: Problems were identified with the following atoms:
mmlewis warning:  33 
mmlewis warning: Now attempting to fix the lewis structure.
Glide: WARNING mmlewis warning: A valid lewis structure was successfully generated.
Glide: FATAL mmlewis_apply(): Error in handling of full CT
run_mmlewis: Failed to generate a valid lewis structure.
GLIDE WARNING: Structure unsuitable for OPLS-AA force field: glide_dock_ligands_r05violated_3-0001_in.maegz
SKIP LIG      166 (CHEMBL375146): STRUCTURE INCOMPATIBLE WITH FORCE FIELD
GLIDE WARNING: Will skip atomtyping, docking.
Glide: WARNING mmlewis warning: Wrong Lewis structure in structure input file
mmlewis warning: with title: CHEMBL375442
mmlewis warning: Problems were identified with the following atoms:
mmlewis warning:  1 6 7 13 14 15 16 17 18 19 23 24 25 27 29 30 
mmlewis warning: Now attempting to fix the lewis structure.
Glide: FATAL mmlewis error: Problems remain with the following atoms:
mmlewis error:  1 19 27
Glide: FATAL mmlewis_apply(): Unable to handle mol 1
Glide: WARNING mmlewis warning: Wrong Lewis structure in structure input file
mmlewis warning: with title: CHEMBL375442
mmlewis warning: Problems were identified with the following atoms:
mmlewis warning:  33 
mmlewis warning: Now attempting to fix the lewis structure.
Glide: WARNING mmlewis warning: A valid lewis structure was successfully generated.
Glide: FATAL mmlewis_apply(): Error in handling of full CT
run_mmlewis: Failed to generate a valid lewis structure.
GLIDE WARNING: Structure unsuitable for OPLS-AA force field: glide_dock_ligands_r05violated_3-0001_in.maegz
SKIP LIG      167 (CHEMBL375442): STRUCTURE INCOMPATIBLE WITH FORCE FIELD
GLIDE WARNING: Will skip atomtyping, docking.
Glide: WARNING mmlewis warning: Wrong Lewis structure in structure input file
mmlewis warning: with title: CHEMBL375745
mmlewis warning: Problems were identified with the following atoms:
mmlewis warning:  1 6 7 13 14 15 16 17 18 19 23 24 25 27 31 
mmlewis warning: Now attempting to fix the lewis structure.
Glide: FATAL mmlewis error: Problems remain with the following atoms:
mmlewis error:  1 19 27
Glide: FATAL mmlewis_apply(): Unable to handle mol 1
Glide: WARNING mmlewis warning: Wrong Lewis structure in structure input file
mmlewis warning: with title: CHEMBL375745
mmlewis warning: Problems were identified with the following atoms:
mmlewis warning:  34 
mmlewis warning: Now attempting to fix the lewis structure.
Glide: WARNING mmlewis warning: A valid lewis structure was successfully generated.
Glide: FATAL mmlewis_apply(): Error in handling of full CT
run_mmlewis: Failed to generate a valid lewis structure.
GLIDE WARNING: Structure unsuitable for OPLS-AA force field: glide_dock_ligands_r05violated_3-0001_in.maegz
SKIP LIG      168 (CHEMBL375745): STRUCTURE INCOMPATIBLE WITH FORCE FIELD
GLIDE WARNING: Will skip atomtyping, docking.
Glide: WARNING mmlewis warning: Wrong Lewis structure in structure input file
mmlewis warning: with title: CHEMBL376498
mmlewis warning: Problems were identified with the following atoms:
mmlewis warning:  1 6 7 13 14 15 16 17 18 19 23 24 25 27 31 
mmlewis warning: Now attempting to fix the lewis structure.
Glide: FATAL mmlewis error: Problems remain with the following atoms:
mmlewis error:  1 19 27
Glide: FATAL mmlewis_apply(): Unable to handle mol 1
Glide: WARNING mmlewis warning: Wrong Lewis structure in structure input file
mmlewis warning: with title: CHEMBL376498
mmlewis warning: Problems were identified with the following atoms:
mmlewis warning:  34 
mmlewis warning: Now attempting to fix the lewis structure.
Glide: WARNING mmlewis warning: A valid lewis structure was successfully generated.
Glide: FATAL mmlewis_apply(): Error in handling of full CT
run_mmlewis: Failed to generate a valid lewis structure.
GLIDE WARNING: Structure unsuitable for OPLS-AA force field: glide_dock_ligands_r05violated_3-0001_in.maegz
SKIP LIG      169 (CHEMBL376498): STRUCTURE INCOMPATIBLE WITH FORCE FIELD
GLIDE WARNING: Will skip atomtyping, docking.
Glide: WARNING mmlewis warning: Wrong Lewis structure in structure input file
mmlewis warning: with title: CHEMBL377221
mmlewis warning: Problems were identified with the following atoms:
mmlewis warning:  1 3 6 8 9 12 13 16 19 20 21 22 23 27 28 29 31 
mmlewis warning: Now attempting to fix the lewis structure.
Glide: FATAL mmlewis error: Problems remain with the following atoms:
mmlewis error:  1 3 19 23 31
Glide: FATAL mmlewis_apply(): Unable to handle mol 1
Glide: WARNING mmlewis warning: Wrong Lewis structure in structure input file
mmlewis warning: with title: CHEMBL377221
mmlewis warning: Problems were identified with the following atoms:
mmlewis warning:  34 
mmlewis warning: Now attempting to fix the lewis structure.
Glide: WARNING mmlewis warning: A valid lewis structure was successfully generated.
Glide: FATAL mmlewis_apply(): Error in handling of full CT
run_mmlewis: Failed to generate a valid lewis structure.
GLIDE WARNING: Structure unsuitable for OPLS-AA force field: glide_dock_ligands_r05violated_3-0001_in.maegz
SKIP LIG      170 (CHEMBL377221): STRUCTURE INCOMPATIBLE WITH FORCE FIELD
GLIDE WARNING: Will skip atomtyping, docking.
Glide: WARNING mmlewis warning: Wrong Lewis structure in structure input file
mmlewis warning: with title: CHEMBL378048
mmlewis warning: Problems were identified with the following atoms:
mmlewis warning:  1 3 6 8 9 12 13 16 19 20 21 22 23 27 28 29 30 
mmlewis warning: Now attempting to fix the lewis structure.
Glide: FATAL mmlewis error: Problems remain with the following atoms:
mmlewis error:  1 3 19 23
Glide: FATAL mmlewis_apply(): Unable to handle mol 1
Glide: WARNING mmlewis warning: Wrong Lewis structure in structure input file
mmlewis warning: with title: CHEMBL378048
mmlewis warning: Problems were identified with the following atoms:
mmlewis warning:  33 
mmlewis warning: Now attempting to fix the lewis structure.
Glide: WARNING mmlewis warning: A valid lewis structure was successfully generated.
Glide: FATAL mmlewis_apply(): Error in handling of full CT
run_mmlewis: Failed to generate a valid lewis structure.
GLIDE WARNING: Structure unsuitable for OPLS-AA force field: glide_dock_ligands_r05violated_3-0001_in.maegz
SKIP LIG      171 (CHEMBL378048): STRUCTURE INCOMPATIBLE WITH FORCE FIELD
GLIDE WARNING: Will skip atomtyping, docking.
Glide: WARNING mmlewis warning: Wrong Lewis structure in structure input file
mmlewis warning: with title: CHEMBL378673
mmlewis warning: Problems were identified with the following atoms:
mmlewis warning:  1 3 6 8 9 12 13 16 17 19 20 21 22 23 27 28 29 31 
mmlewis warning: Now attempting to fix the lewis structure.
Glide: FATAL mmlewis error: Problems remain with the following atoms:
mmlewis error:  1 3 10 19 23 31
Glide: FATAL mmlewis_apply(): Unable to handle mol 1
Glide: WARNING mmlewis warning: Wrong Lewis structure in structure input file
mmlewis warning: with title: CHEMBL378673
mmlewis warning: Problems were identified with the following atoms:
mmlewis warning:  34 
mmlewis warning: Now attempting to fix the lewis structure.
Glide: WARNING mmlewis warning: A valid lewis structure was successfully generated.
Glide: FATAL mmlewis_apply(): Error in handling of full CT
run_mmlewis: Failed to generate a valid lewis structure.
GLIDE WARNING: Structure unsuitable for OPLS-AA force field: glide_dock_ligands_r05violated_3-0001_in.maegz
SKIP LIG      172 (CHEMBL378673): STRUCTURE INCOMPATIBLE WITH FORCE FIELD
GLIDE WARNING: Will skip atomtyping, docking.
Glide: WARNING mmlewis warning: Wrong Lewis structure in structure input file
mmlewis warning: with title: CHEMBL379702
mmlewis warning: Problems were identified with the following atoms:
mmlewis warning:  1 3 6 8 9 12 13 16 17 20 21 22 23 27 28 29 31 
mmlewis warning: Now attempting to fix the lewis structure.
Glide: FATAL mmlewis error: Problems remain with the following atoms:
mmlewis error:  1 3 23 31
Glide: FATAL mmlewis_apply(): Unable to handle mol 1
Glide: WARNING mmlewis warning: Wrong Lewis structure in structure input file
mmlewis warning: with title: CHEMBL379702
mmlewis warning: Problems were identified with the following atoms:
mmlewis warning:  34 
mmlewis warning: Now attempting to fix the lewis structure.
Glide: WARNING mmlewis warning: A valid lewis structure was successfully generated.
Glide: FATAL mmlewis_apply(): Error in handling of full CT
run_mmlewis: Failed to generate a valid lewis structure.
GLIDE WARNING: Structure unsuitable for OPLS-AA force field: glide_dock_ligands_r05violated_3-0001_in.maegz
SKIP LIG      173 (CHEMBL379702): STRUCTURE INCOMPATIBLE WITH FORCE FIELD
GLIDE WARNING: Will skip atomtyping, docking.
Glide: WARNING mmlewis warning: Wrong Lewis structure in structure input file
mmlewis warning: with title: CHEMBL380496
mmlewis warning: Problems were identified with the following atoms:
mmlewis warning:  1 4 8 9 12 13 15 16 17 18 22 23 24 26 27 28 
mmlewis warning: Now attempting to fix the lewis structure.
Glide: FATAL mmlewis error: Problems remain with the following atoms:
mmlewis error:  1 8 9 16 18 26
Glide: FATAL mmlewis_apply(): Unable to handle mol 1
Glide: WARNING mmlewis warning: Wrong Lewis structure in structure input file
mmlewis warning: with title: CHEMBL380496
mmlewis warning: Problems were identified with the following atoms:
mmlewis warning:  31 
mmlewis warning: Now attempting to fix the lewis structure.
Glide: WARNING mmlewis warning: A valid lewis structure was successfully generated.
Glide: FATAL mmlewis_apply(): Error in handling of full CT
run_mmlewis: Failed to generate a valid lewis structure.
GLIDE WARNING: Structure unsuitable for OPLS-AA force field: glide_dock_ligands_r05violated_3-0001_in.maegz
SKIP LIG      174 (CHEMBL380496): STRUCTURE INCOMPATIBLE WITH FORCE FIELD
GLIDE WARNING: Will skip atomtyping, docking.
Glide: WARNING mmlewis warning: Wrong Lewis structure in structure input file
mmlewis warning: with title: CHEMBL382674
mmlewis warning: Problems were identified with the following atoms:
mmlewis warning:  1 2 6 8 11 12 14 15 16 17 21 22 23 25 26 27 28 29 
mmlewis warning: Now attempting to fix the lewis structure.
Glide: FATAL mmlewis error: Problems remain with the following atoms:
mmlewis error:  1 6 8 15 17 25
Glide: FATAL mmlewis_apply(): Unable to handle mol 1
Glide: WARNING mmlewis warning: Wrong Lewis structure in structure input file
mmlewis warning: with title: CHEMBL382674
mmlewis warning: Problems were identified with the following atoms:
mmlewis warning:  34 
mmlewis warning: Now attempting to fix the lewis structure.
Glide: WARNING mmlewis warning: A valid lewis structure was successfully generated.
Glide: FATAL mmlewis_apply(): Error in handling of full CT
run_mmlewis: Failed to generate a valid lewis structure.
GLIDE WARNING: Structure unsuitable for OPLS-AA force field: glide_dock_ligands_r05violated_3-0001_in.maegz
SKIP LIG      175 (CHEMBL382674): STRUCTURE INCOMPATIBLE WITH FORCE FIELD
GLIDE WARNING: Will skip atomtyping, docking.
Glide: WARNING mmlewis warning: Wrong Lewis structure in structure input file
mmlewis warning: with title: CHEMBL383323
mmlewis warning: Problems were identified with the following atoms:
mmlewis warning:  1 2 4 5 8 9 13 14 15 16 17 18 19 20 21 25 26 27 29 
mmlewis warning: Now attempting to fix the lewis structure.
Glide: FATAL mmlewis error: Problems remain with the following atoms:
mmlewis error:  1 13 17 21 29
Glide: FATAL mmlewis_apply(): Unable to handle mol 1
Glide: WARNING mmlewis warning: Wrong Lewis structure in structure input file
mmlewis warning: with title: CHEMBL383323
mmlewis warning: Problems were identified with the following atoms:
mmlewis warning:  32 
mmlewis warning: Now attempting to fix the lewis structure.
Glide: WARNING mmlewis warning: A valid lewis structure was successfully generated.
Glide: FATAL mmlewis_apply(): Error in handling of full CT
run_mmlewis: Failed to generate a valid lewis structure.
GLIDE WARNING: Structure unsuitable for OPLS-AA force field: glide_dock_ligands_r05violated_3-0001_in.maegz
SKIP LIG      176 (CHEMBL383323): STRUCTURE INCOMPATIBLE WITH FORCE FIELD
GLIDE WARNING: Will skip atomtyping, docking.
Glide: WARNING mmlewis warning: Wrong Lewis structure in structure input file
mmlewis warning: with title: CHEMBL383651
mmlewis warning: Problems were identified with the following atoms:
mmlewis warning:  1 2 4 5 8 14 15 16 17 18 19 23 24 25 27 
mmlewis warning: Now attempting to fix the lewis structure.
Glide: FATAL mmlewis error: Problems remain with the following atoms:
mmlewis error:  1 14 15 19 27
Glide: FATAL mmlewis_apply(): Unable to handle mol 1
Glide: WARNING mmlewis warning: Wrong Lewis structure in structure input file
mmlewis warning: with title: CHEMBL383651
mmlewis warning: Problems were identified with the following atoms:
mmlewis warning:  30 
mmlewis warning: Now attempting to fix the lewis structure.
Glide: WARNING mmlewis warning: A valid lewis structure was successfully generated.
Glide: FATAL mmlewis_apply(): Error in handling of full CT
run_mmlewis: Failed to generate a valid lewis structure.
GLIDE WARNING: Structure unsuitable for OPLS-AA force field: glide_dock_ligands_r05violated_3-0001_in.maegz
SKIP LIG      177 (CHEMBL383651): STRUCTURE INCOMPATIBLE WITH FORCE FIELD
GLIDE WARNING: Will skip atomtyping, docking.
Glide: WARNING mmlewis warning: Wrong Lewis structure in structure input file
mmlewis warning: with title: CHEMBL386812
mmlewis warning: Problems were identified with the following atoms:
mmlewis warning:  1 2 7 8 10 12 15 20 21 25 26 27 28 
mmlewis warning: Now attempting to fix the lewis structure.
Glide: FATAL mmlewis error: Problems remain with the following atoms:
mmlewis error:  1 12 21
Glide: FATAL mmlewis_apply(): Unable to handle mol 1
Glide: WARNING mmlewis warning: Wrong Lewis structure in structure input file
mmlewis warning: with title: CHEMBL386812
mmlewis warning: Problems were identified with the following atoms:
mmlewis warning:  31 
mmlewis warning: Now attempting to fix the lewis structure.
Glide: WARNING mmlewis warning: A valid lewis structure was successfully generated.
Glide: FATAL mmlewis_apply(): Error in handling of full CT
run_mmlewis: Failed to generate a valid lewis structure.
GLIDE WARNING: Structure unsuitable for OPLS-AA force field: glide_dock_ligands_r05violated_3-0001_in.maegz
SKIP LIG      178 (CHEMBL386812): STRUCTURE INCOMPATIBLE WITH FORCE FIELD
GLIDE WARNING: Will skip atomtyping, docking.
Glide: WARNING mmlewis warning: Wrong Lewis structure in structure input file
mmlewis warning: with title: CHEMBL387333
mmlewis warning: Problems were identified with the following atoms:
mmlewis warning:  1 2 7 8 10 12 15 20 21 25 26 27 29 
mmlewis warning: Now attempting to fix the lewis structure.
Glide: FATAL mmlewis error: Problems remain with the following atoms:
mmlewis error:  1 12 21 29
Glide: FATAL mmlewis_apply(): Unable to handle mol 1
Glide: WARNING mmlewis warning: Wrong Lewis structure in structure input file
mmlewis warning: with title: CHEMBL387333
mmlewis warning: Problems were identified with the following atoms:
mmlewis warning:  32 
mmlewis warning: Now attempting to fix the lewis structure.
Glide: WARNING mmlewis warning: A valid lewis structure was successfully generated.
Glide: FATAL mmlewis_apply(): Error in handling of full CT
run_mmlewis: Failed to generate a valid lewis structure.
GLIDE WARNING: Structure unsuitable for OPLS-AA force field: glide_dock_ligands_r05violated_3-0001_in.maegz
SKIP LIG      179 (CHEMBL387333): STRUCTURE INCOMPATIBLE WITH FORCE FIELD
GLIDE WARNING: Will skip atomtyping, docking.
Glide: WARNING mmlewis warning: Wrong Lewis structure in structure input file
mmlewis warning: with title: CHEMBL389803
mmlewis warning: Problems were identified with the following atoms:
mmlewis warning:  1 2 3 6 7 15 18 19 20 22 27 
mmlewis warning: Now attempting to fix the lewis structure.
Glide: FATAL mmlewis error: Problems remain with the following atoms:
mmlewis error:  1 3 15 20
Glide: FATAL mmlewis_apply(): Unable to handle mol 1
Glide: WARNING mmlewis warning: Wrong Lewis structure in structure input file
mmlewis warning: with title: CHEMBL389803
mmlewis warning: Problems were identified with the following atoms:
mmlewis warning:  32 
mmlewis warning: Now attempting to fix the lewis structure.
Glide: WARNING mmlewis warning: A valid lewis structure was successfully generated.
Glide: FATAL mmlewis_apply(): Error in handling of full CT
run_mmlewis: Failed to generate a valid lewis structure.
GLIDE WARNING: Structure unsuitable for OPLS-AA force field: glide_dock_ligands_r05violated_3-0001_in.maegz
SKIP LIG      180 (CHEMBL389803): STRUCTURE INCOMPATIBLE WITH FORCE FIELD
GLIDE WARNING: Will skip atomtyping, docking.
Glide: WARNING mmlewis warning: Wrong Lewis structure in structure input file
mmlewis warning: with title: CHEMBL389804
mmlewis warning: Problems were identified with the following atoms:
mmlewis warning:  1 4 5 6 9 10 13 14 15 17 22 25 26 27 
mmlewis warning: Now attempting to fix the lewis structure.
Glide: FATAL mmlewis error: Problems remain with the following atoms:
mmlewis error:  1 17 26 27
Glide: FATAL mmlewis_apply(): Unable to handle mol 1
Glide: WARNING mmlewis warning: Wrong Lewis structure in structure input file
mmlewis warning: with title: CHEMBL389804
mmlewis warning: Problems were identified with the following atoms:
mmlewis warning:  32 
mmlewis warning: Now attempting to fix the lewis structure.
Glide: WARNING mmlewis warning: A valid lewis structure was successfully generated.
Glide: FATAL mmlewis_apply(): Error in handling of full CT
run_mmlewis: Failed to generate a valid lewis structure.
GLIDE WARNING: Structure unsuitable for OPLS-AA force field: glide_dock_ligands_r05violated_3-0001_in.maegz
SKIP LIG      181 (CHEMBL389804): STRUCTURE INCOMPATIBLE WITH FORCE FIELD
GLIDE WARNING: Will skip atomtyping, docking.
Glide: WARNING mmlewis warning: Wrong Lewis structure in structure input file
mmlewis warning: with title: CHEMBL393336
mmlewis warning: Problems were identified with the following atoms:
mmlewis warning:  1 2 3 7 8 18 19 21 26 
mmlewis warning: Now attempting to fix the lewis structure.
Glide: FATAL mmlewis error: Problems remain with the following atoms:
mmlewis error:  1 3 18 19 21
Glide: FATAL mmlewis_apply(): Unable to handle mol 1
Glide: WARNING mmlewis warning: Wrong Lewis structure in structure input file
mmlewis warning: with title: CHEMBL393336
mmlewis warning: Problems were identified with the following atoms:
mmlewis warning:  31 32 33 
mmlewis warning: Now attempting to fix the lewis structure.
Glide: WARNING mmlewis warning: A valid lewis structure was successfully generated.
Glide: FATAL mmlewis_apply(): Error in handling of full CT
run_mmlewis: Failed to generate a valid lewis structure.
GLIDE WARNING: Structure unsuitable for OPLS-AA force field: glide_dock_ligands_r05violated_3-0001_in.maegz
SKIP LIG      182 (CHEMBL393336): STRUCTURE INCOMPATIBLE WITH FORCE FIELD
GLIDE WARNING: Will skip atomtyping, docking.
Glide: WARNING mmlewis warning: Wrong Lewis structure in structure input file
mmlewis warning: with title: CHEMBL395762
mmlewis warning: Problems were identified with the following atoms:
mmlewis warning:  1 2 3 4 7 8 10 11 14 15 16 17 21 22 23 24 26 31 34 35 38 
mmlewis warning: Now attempting to fix the lewis structure.
Glide: FATAL mmlewis error: Problems remain with the following atoms:
mmlewis error:  1 3 17 21 23 24 26 34
run_mmlewis: Failed to generate a valid lewis structure.
GLIDE WARNING: Structure unsuitable for OPLS-AA force field: glide_dock_ligands_r05violated_3-0001_in.maegz
SKIP LIG      183 (CHEMBL395762): STRUCTURE INCOMPATIBLE WITH FORCE FIELD
GLIDE WARNING: Will skip atomtyping, docking.
Glide: WARNING mmlewis warning: Wrong Lewis structure in structure input file
mmlewis warning: with title: CHEMBL396168
mmlewis warning: Problems were identified with the following atoms:
mmlewis warning:  1 3 4 9 11 12 14 18 19 20 21 25 26 27 29 30 31 32 33 
mmlewis warning: Now attempting to fix the lewis structure.
Glide: FATAL mmlewis error: Problems remain with the following atoms:
mmlewis error:  1 9 14 18 19 21 29
Glide: FATAL mmlewis_apply(): Unable to handle mol 1
Glide: WARNING mmlewis warning: Wrong Lewis structure in structure input file
mmlewis warning: with title: CHEMBL396168
mmlewis warning: Problems were identified with the following atoms:
mmlewis warning:  36 
mmlewis warning: Now attempting to fix the lewis structure.
Glide: WARNING mmlewis warning: A valid lewis structure was successfully generated.
Glide: FATAL mmlewis_apply(): Error in handling of full CT
run_mmlewis: Failed to generate a valid lewis structure.
GLIDE WARNING: Structure unsuitable for OPLS-AA force field: glide_dock_ligands_r05violated_3-0001_in.maegz
SKIP LIG      184 (CHEMBL396168): STRUCTURE INCOMPATIBLE WITH FORCE FIELD
GLIDE WARNING: Will skip atomtyping, docking.
Glide: WARNING mmlewis warning: Wrong Lewis structure in structure input file
mmlewis warning: with title: CHEMBL397716
mmlewis warning: Problems were identified with the following atoms:
mmlewis warning:  1 2 3 4 7 8 10 11 14 15 16 17 21 22 23 24 26 35 36 39 
mmlewis warning: Now attempting to fix the lewis structure.
Glide: FATAL mmlewis error: Problems remain with the following atoms:
mmlewis error:  1 3 17 21 23 24 26 33 35
run_mmlewis: Failed to generate a valid lewis structure.
GLIDE WARNING: Structure unsuitable for OPLS-AA force field: glide_dock_ligands_r05violated_3-0001_in.maegz
SKIP LIG      185 (CHEMBL397716): STRUCTURE INCOMPATIBLE WITH FORCE FIELD
GLIDE WARNING: Will skip atomtyping, docking.
Glide: WARNING mmlewis warning: Wrong Lewis structure in structure input file
mmlewis warning: with title: CHEMBL397854
mmlewis warning: Problems were identified with the following atoms:
mmlewis warning:  1 3 6 7 8 9 10 11 16 17 24 25 26 27 28 29 33 34 35 37 
mmlewis warning: Now attempting to fix the lewis structure.
Glide: FATAL mmlewis error: Problems remain with the following atoms:
mmlewis error:  1 3 29 37
Glide: FATAL mmlewis_apply(): Unable to handle mol 1
Glide: FATAL mmlewis_apply(): Error in handling of full CT
run_mmlewis: Failed to generate a valid lewis structure.
GLIDE WARNING: Structure unsuitable for OPLS-AA force field: glide_dock_ligands_r05violated_3-0001_in.maegz
SKIP LIG      186 (CHEMBL397854): STRUCTURE INCOMPATIBLE WITH FORCE FIELD
GLIDE WARNING: Will skip atomtyping, docking.
Glide: WARNING mmlewis warning: Wrong Lewis structure in structure input file
mmlewis warning: with title: CHEMBL401304
mmlewis warning: Problems were identified with the following atoms:
mmlewis warning:  1 2 3 7 8 18 19 21 22 25 26 27 29 34 
mmlewis warning: Now attempting to fix the lewis structure.
Glide: FATAL mmlewis error: Problems remain with the following atoms:
mmlewis error:  1 3 26 27 29
run_mmlewis: Failed to generate a valid lewis structure.
GLIDE WARNING: Structure unsuitable for OPLS-AA force field: glide_dock_ligands_r05violated_3-0001_in.maegz
SKIP LIG      187 (CHEMBL401304): STRUCTURE INCOMPATIBLE WITH FORCE FIELD
GLIDE WARNING: Will skip atomtyping, docking.
Glide: WARNING mmlewis warning: Wrong Lewis structure in structure input file
mmlewis warning: with title: CHEMBL401932
mmlewis warning: Problems were identified with the following atoms:
mmlewis warning:  1 2 7 8 17 18 21 22 26 27 28 29 
mmlewis warning: Now attempting to fix the lewis structure.
Glide: FATAL mmlewis error: Problems remain with the following atoms:
mmlewis error:  1 22
Glide: FATAL mmlewis_apply(): Unable to handle mol 1
Glide: WARNING mmlewis warning: Wrong Lewis structure in structure input file
mmlewis warning: with title: CHEMBL401932
mmlewis warning: Problems were identified with the following atoms:
mmlewis warning:  32 
mmlewis warning: Now attempting to fix the lewis structure.
Glide: WARNING mmlewis warning: A valid lewis structure was successfully generated.
Glide: FATAL mmlewis_apply(): Error in handling of full CT
run_mmlewis: Failed to generate a valid lewis structure.
GLIDE WARNING: Structure unsuitable for OPLS-AA force field: glide_dock_ligands_r05violated_3-0001_in.maegz
SKIP LIG      188 (CHEMBL401932): STRUCTURE INCOMPATIBLE WITH FORCE FIELD
GLIDE WARNING: Will skip atomtyping, docking.
Glide: WARNING mmlewis warning: Wrong Lewis structure in structure input file
mmlewis warning: with title: CHEMBL402163
mmlewis warning: Problems were identified with the following atoms:
mmlewis warning:  1 6 7 13 14 15 16 17 18 19 23 24 25 26 30 
mmlewis warning: Now attempting to fix the lewis structure.
Glide: FATAL mmlewis error: Problems remain with the following atoms:
mmlewis error:  1 19
Glide: FATAL mmlewis_apply(): Unable to handle mol 1
Glide: WARNING mmlewis warning: Wrong Lewis structure in structure input file
mmlewis warning: with title: CHEMBL402163
mmlewis warning: Problems were identified with the following atoms:
mmlewis warning:  33 
mmlewis warning: Now attempting to fix the lewis structure.
Glide: WARNING mmlewis warning: A valid lewis structure was successfully generated.
Glide: FATAL mmlewis_apply(): Error in handling of full CT
run_mmlewis: Failed to generate a valid lewis structure.
GLIDE WARNING: Structure unsuitable for OPLS-AA force field: glide_dock_ligands_r05violated_3-0001_in.maegz
SKIP LIG      189 (CHEMBL402163): STRUCTURE INCOMPATIBLE WITH FORCE FIELD
GLIDE WARNING: Will skip atomtyping, docking.
Glide: WARNING mmlewis warning: Wrong Lewis structure in structure input file
mmlewis warning: with title: CHEMBL404079
mmlewis warning: Problems were identified with the following atoms:
mmlewis warning:  1 6 7 13 14 15 16 17 18 19 23 24 25 26 30 
mmlewis warning: Now attempting to fix the lewis structure.
Glide: FATAL mmlewis error: Problems remain with the following atoms:
mmlewis error:  1 19
Glide: FATAL mmlewis_apply(): Unable to handle mol 1
Glide: WARNING mmlewis warning: Wrong Lewis structure in structure input file
mmlewis warning: with title: CHEMBL404079
mmlewis warning: Problems were identified with the following atoms:
mmlewis warning:  33 
mmlewis warning: Now attempting to fix the lewis structure.
Glide: WARNING mmlewis warning: A valid lewis structure was successfully generated.
Glide: FATAL mmlewis_apply(): Error in handling of full CT
run_mmlewis: Failed to generate a valid lewis structure.
GLIDE WARNING: Structure unsuitable for OPLS-AA force field: glide_dock_ligands_r05violated_3-0001_in.maegz
SKIP LIG      190 (CHEMBL404079): STRUCTURE INCOMPATIBLE WITH FORCE FIELD
GLIDE WARNING: Will skip atomtyping, docking.
Glide: WARNING mmlewis warning: Wrong Lewis structure in structure input file
mmlewis warning: with title: CHEMBL425347
mmlewis warning: Problems were identified with the following atoms:
mmlewis warning:  1 2 3 7 8 9 10 13 14 16 17 21 22 23 24 26 27 28 29 30 
mmlewis warning: Now attempting to fix the lewis structure.
Glide: FATAL mmlewis error: Problems remain with the following atoms:
mmlewis error:  1 3 9 24 30
Glide: FATAL mmlewis_apply(): Unable to handle mol 1
Glide: WARNING mmlewis warning: Wrong Lewis structure in structure input file
mmlewis warning: with title: CHEMBL425347
mmlewis warning: Problems were identified with the following atoms:
mmlewis warning:  33 
mmlewis warning: Now attempting to fix the lewis structure.
Glide: WARNING mmlewis warning: A valid lewis structure was successfully generated.
Glide: FATAL mmlewis_apply(): Error in handling of full CT
run_mmlewis: Failed to generate a valid lewis structure.
GLIDE WARNING: Structure unsuitable for OPLS-AA force field: glide_dock_ligands_r05violated_3-0001_in.maegz
SKIP LIG      191 (CHEMBL425347): STRUCTURE INCOMPATIBLE WITH FORCE FIELD
GLIDE WARNING: Will skip atomtyping, docking.
Glide: WARNING mmlewis warning: Wrong Lewis structure in structure input file
mmlewis warning: with title: CHEMBL425375
mmlewis warning: Problems were identified with the following atoms:
mmlewis warning:  1 2 4 5 8 9 10 11 17 18 19 20 24 25 26 28 
mmlewis warning: Now attempting to fix the lewis structure.
Glide: FATAL mmlewis error: Problems remain with the following atoms:
mmlewis error:  1 20 28
Glide: FATAL mmlewis_apply(): Unable to handle mol 1
Glide: WARNING mmlewis warning: Wrong Lewis structure in structure input file
mmlewis warning: with title: CHEMBL425375
mmlewis warning: Problems were identified with the following atoms:
mmlewis warning:  31 
mmlewis warning: Now attempting to fix the lewis structure.
Glide: WARNING mmlewis warning: A valid lewis structure was successfully generated.
Glide: FATAL mmlewis_apply(): Error in handling of full CT
run_mmlewis: Failed to generate a valid lewis structure.
GLIDE WARNING: Structure unsuitable for OPLS-AA force field: glide_dock_ligands_r05violated_3-0001_in.maegz
SKIP LIG      192 (CHEMBL425375): STRUCTURE INCOMPATIBLE WITH FORCE FIELD
GLIDE WARNING: Will skip atomtyping, docking.
Glide: WARNING mmlewis warning: Wrong Lewis structure in structure input file
mmlewis warning: with title: CHEMBL425558
mmlewis warning: Problems were identified with the following atoms:
mmlewis warning:  1 2 4 7 9 10 13 14 17 18 19 20 21 22 26 27 28 30 
mmlewis warning: Now attempting to fix the lewis structure.
Glide: FATAL mmlewis error: Problems remain with the following atoms:
mmlewis error:  1 4 11 22 30
Glide: FATAL mmlewis_apply(): Unable to handle mol 1
Glide: WARNING mmlewis warning: Wrong Lewis structure in structure input file
mmlewis warning: with title: CHEMBL425558
mmlewis warning: Problems were identified with the following atoms:
mmlewis warning:  33 
mmlewis warning: Now attempting to fix the lewis structure.
Glide: WARNING mmlewis warning: A valid lewis structure was successfully generated.
Glide: FATAL mmlewis_apply(): Error in handling of full CT
run_mmlewis: Failed to generate a valid lewis structure.
GLIDE WARNING: Structure unsuitable for OPLS-AA force field: glide_dock_ligands_r05violated_3-0001_in.maegz
SKIP LIG      193 (CHEMBL425558): STRUCTURE INCOMPATIBLE WITH FORCE FIELD
GLIDE WARNING: Will skip atomtyping, docking.
Glide: WARNING mmlewis warning: Wrong Lewis structure in structure input file
mmlewis warning: with title: CHEMBL429653
mmlewis warning: Problems were identified with the following atoms:
mmlewis warning:  1 3 4 10 12 13 15 19 20 21 22 26 27 28 30 31 32 33 34 
mmlewis warning: Now attempting to fix the lewis structure.
Glide: FATAL mmlewis error: Problems remain with the following atoms:
mmlewis error:  1 10 15 19 20 22 30
Glide: FATAL mmlewis_apply(): Unable to handle mol 1
Glide: WARNING mmlewis warning: Wrong Lewis structure in structure input file
mmlewis warning: with title: CHEMBL429653
mmlewis warning: Problems were identified with the following atoms:
mmlewis warning:  37 
mmlewis warning: Now attempting to fix the lewis structure.
Glide: WARNING mmlewis warning: A valid lewis structure was successfully generated.
Glide: FATAL mmlewis_apply(): Error in handling of full CT
run_mmlewis: Failed to generate a valid lewis structure.
GLIDE WARNING: Structure unsuitable for OPLS-AA force field: glide_dock_ligands_r05violated_3-0001_in.maegz
SKIP LIG      194 (CHEMBL429653): STRUCTURE INCOMPATIBLE WITH FORCE FIELD
GLIDE WARNING: Will skip atomtyping, docking.
Glide: WARNING mmlewis warning: Wrong Lewis structure in structure input file
mmlewis warning: with title: CHEMBL429757
mmlewis warning: Problems were identified with the following atoms:
mmlewis warning:  1 2 7 8 14 15 16 17 21 22 23 24 28 
mmlewis warning: Now attempting to fix the lewis structure.
Glide: FATAL mmlewis error: Problems remain with the following atoms:
mmlewis error:  1 15 17
Glide: FATAL mmlewis_apply(): Unable to handle mol 1
Glide: WARNING mmlewis warning: Wrong Lewis structure in structure input file
mmlewis warning: with title: CHEMBL429757
mmlewis warning: Problems were identified with the following atoms:
mmlewis warning:  31 
mmlewis warning: Now attempting to fix the lewis structure.
Glide: WARNING mmlewis warning: A valid lewis structure was successfully generated.
Glide: FATAL mmlewis_apply(): Error in handling of full CT
run_mmlewis: Failed to generate a valid lewis structure.
GLIDE WARNING: Structure unsuitable for OPLS-AA force field: glide_dock_ligands_r05violated_3-0001_in.maegz
SKIP LIG      195 (CHEMBL429757): STRUCTURE INCOMPATIBLE WITH FORCE FIELD
GLIDE WARNING: Will skip atomtyping, docking.
Glide: WARNING mmlewis warning: Wrong Lewis structure in structure input file
mmlewis warning: with title: CHEMBL430281
mmlewis warning: Problems were identified with the following atoms:
mmlewis warning:  2 5 7 8 9 16 17 18 19 20 22 24 25 26 27 28 32 33 34 35 36 37 
mmlewis warning: Now attempting to fix the lewis structure.
Glide: FATAL mmlewis error: Problems remain with the following atoms:
mmlewis error:  2 9 18 22 24 28 35 37
Glide: FATAL mmlewis_apply(): Unable to handle mol 2
Glide: FATAL mmlewis_apply(): Error in handling of full CT
run_mmlewis: Failed to generate a valid lewis structure.
GLIDE WARNING: Structure unsuitable for OPLS-AA force field: glide_dock_ligands_r05violated_3-0001_in.maegz
SKIP LIG      196 (CHEMBL430281): STRUCTURE INCOMPATIBLE WITH FORCE FIELD
GLIDE WARNING: Will skip atomtyping, docking.
Glide: WARNING mmlewis warning: Wrong Lewis structure in structure input file
mmlewis warning: with title: CHEMBL435320
mmlewis warning: Problems were identified with the following atoms:
mmlewis warning:  1 2 7 8 11 14 19 20 24 25 26 28 
mmlewis warning: Now attempting to fix the lewis structure.
Glide: FATAL mmlewis error: Problems remain with the following atoms:
mmlewis error:  1 3 11 14 20 28
Glide: FATAL mmlewis_apply(): Unable to handle mol 1
Glide: WARNING mmlewis warning: Wrong Lewis structure in structure input file
mmlewis warning: with title: CHEMBL435320
mmlewis warning: Problems were identified with the following atoms:
mmlewis warning:  31 
mmlewis warning: Now attempting to fix the lewis structure.
Glide: WARNING mmlewis warning: A valid lewis structure was successfully generated.
Glide: FATAL mmlewis_apply(): Error in handling of full CT
run_mmlewis: Failed to generate a valid lewis structure.
GLIDE WARNING: Structure unsuitable for OPLS-AA force field: glide_dock_ligands_r05violated_3-0001_in.maegz
SKIP LIG      197 (CHEMBL435320): STRUCTURE INCOMPATIBLE WITH FORCE FIELD
GLIDE WARNING: Will skip atomtyping, docking.
Glide: WARNING mmlewis warning: Wrong Lewis structure in structure input file
mmlewis warning: with title: CHEMBL435882
mmlewis warning: Problems were identified with the following atoms:
mmlewis warning:  1 2 3 7 8 9 10 13 14 16 17 23 24 25 27 28 29 30 
mmlewis warning: Now attempting to fix the lewis structure.
Glide: FATAL mmlewis error: Problems remain with the following atoms:
mmlewis error:  1 3 9 24 25 31
Glide: FATAL mmlewis_apply(): Unable to handle mol 1
Glide: WARNING mmlewis warning: Wrong Lewis structure in structure input file
mmlewis warning: with title: CHEMBL435882
mmlewis warning: Problems were identified with the following atoms:
mmlewis warning:  35 
mmlewis warning: Now attempting to fix the lewis structure.
Glide: WARNING mmlewis warning: A valid lewis structure was successfully generated.
Glide: FATAL mmlewis_apply(): Error in handling of full CT
run_mmlewis: Failed to generate a valid lewis structure.
GLIDE WARNING: Structure unsuitable for OPLS-AA force field: glide_dock_ligands_r05violated_3-0001_in.maegz
SKIP LIG      198 (CHEMBL435882): STRUCTURE INCOMPATIBLE WITH FORCE FIELD
GLIDE WARNING: Will skip atomtyping, docking.
Glide: WARNING mmlewis warning: Wrong Lewis structure in structure input file
mmlewis warning: with title: CHEMBL437026
mmlewis warning: Problems were identified with the following atoms:
mmlewis warning:  1 2 7 8 11 16 17 21 22 23 24 
mmlewis warning: Now attempting to fix the lewis structure.
Glide: FATAL mmlewis error: Problems remain with the following atoms:
mmlewis error:  1 17
Glide: FATAL mmlewis_apply(): Unable to handle mol 1
Glide: WARNING mmlewis warning: Wrong Lewis structure in structure input file
mmlewis warning: with title: CHEMBL437026
mmlewis warning: Problems were identified with the following atoms:
mmlewis warning:  27 
mmlewis warning: Now attempting to fix the lewis structure.
Glide: WARNING mmlewis warning: A valid lewis structure was successfully generated.
Glide: FATAL mmlewis_apply(): Error in handling of full CT
run_mmlewis: Failed to generate a valid lewis structure.
GLIDE WARNING: Structure unsuitable for OPLS-AA force field: glide_dock_ligands_r05violated_3-0001_in.maegz
SKIP LIG      199 (CHEMBL437026): STRUCTURE INCOMPATIBLE WITH FORCE FIELD
GLIDE WARNING: Will skip atomtyping, docking.
Glide: WARNING mmlewis warning: Wrong Lewis structure in structure input file
mmlewis warning: with title: CHEMBL437206
mmlewis warning: Problems were identified with the following atoms:
mmlewis warning:  1 2 7 8 11 14 19 20 24 25 26 27 
mmlewis warning: Now attempting to fix the lewis structure.
Glide: FATAL mmlewis error: Problems remain with the following atoms:
mmlewis error:  1 3 11 14 20
Glide: FATAL mmlewis_apply(): Unable to handle mol 1
Glide: WARNING mmlewis warning: Wrong Lewis structure in structure input file
mmlewis warning: with title: CHEMBL437206
mmlewis warning: Problems were identified with the following atoms:
mmlewis warning:  30 
mmlewis warning: Now attempting to fix the lewis structure.
Glide: WARNING mmlewis warning: A valid lewis structure was successfully generated.
Glide: FATAL mmlewis_apply(): Error in handling of full CT
run_mmlewis: Failed to generate a valid lewis structure.
GLIDE WARNING: Structure unsuitable for OPLS-AA force field: glide_dock_ligands_r05violated_3-0001_in.maegz
SKIP LIG      200 (CHEMBL437206): STRUCTURE INCOMPATIBLE WITH FORCE FIELD
GLIDE WARNING: Will skip atomtyping, docking.
Glide: WARNING mmlewis warning: Wrong Lewis structure in structure input file
mmlewis warning: with title: CHEMBL437379
mmlewis warning: Problems were identified with the following atoms:
mmlewis warning:  1 2 4 5 8 12 13 16 17 18 19 20 21 25 26 27 29 
mmlewis warning: Now attempting to fix the lewis structure.
Glide: FATAL mmlewis error: Problems remain with the following atoms:
mmlewis error:  1 8 21 29
Glide: FATAL mmlewis_apply(): Unable to handle mol 1
Glide: WARNING mmlewis warning: Wrong Lewis structure in structure input file
mmlewis warning: with title: CHEMBL437379
mmlewis warning: Problems were identified with the following atoms:
mmlewis warning:  32 
mmlewis warning: Now attempting to fix the lewis structure.
Glide: WARNING mmlewis warning: A valid lewis structure was successfully generated.
Glide: FATAL mmlewis_apply(): Error in handling of full CT
run_mmlewis: Failed to generate a valid lewis structure.
GLIDE WARNING: Structure unsuitable for OPLS-AA force field: glide_dock_ligands_r05violated_3-0001_in.maegz
SKIP LIG      201 (CHEMBL437379): STRUCTURE INCOMPATIBLE WITH FORCE FIELD
GLIDE WARNING: Will skip atomtyping, docking.
Glide: WARNING mmlewis warning: Wrong Lewis structure in structure input file
mmlewis warning: with title: CHEMBL438258
mmlewis warning: Problems were identified with the following atoms:
mmlewis warning:  1 2 10 13 14 16 17 18 19 23 24 25 27 28 29 30 31 
mmlewis warning: Now attempting to fix the lewis structure.
Glide: FATAL mmlewis error: Problems remain with the following atoms:
mmlewis error:  1 10 17 19 27
Glide: FATAL mmlewis_apply(): Unable to handle mol 1
Glide: WARNING mmlewis warning: Wrong Lewis structure in structure input file
mmlewis warning: with title: CHEMBL438258
mmlewis warning: Problems were identified with the following atoms:
mmlewis warning:  36 
mmlewis warning: Now attempting to fix the lewis structure.
Glide: WARNING mmlewis warning: A valid lewis structure was successfully generated.
Glide: FATAL mmlewis_apply(): Error in handling of full CT
run_mmlewis: Failed to generate a valid lewis structure.
GLIDE WARNING: Structure unsuitable for OPLS-AA force field: glide_dock_ligands_r05violated_3-0001_in.maegz
SKIP LIG      202 (CHEMBL438258): STRUCTURE INCOMPATIBLE WITH FORCE FIELD
GLIDE WARNING: Will skip atomtyping, docking.
Glide: WARNING mmlewis warning: Wrong Lewis structure in structure input file
mmlewis warning: with title: CHEMBL438265
mmlewis warning: Problems were identified with the following atoms:
mmlewis warning:  1 2 6 10 11 13 14 15 16 20 21 22 24 25 26 27 29 
mmlewis warning: Now attempting to fix the lewis structure.
Glide: FATAL mmlewis error: Problems remain with the following atoms:
mmlewis error:  1 14 16 24 27 29 32
Glide: FATAL mmlewis_apply(): Unable to handle mol 1
Glide: WARNING mmlewis warning: Wrong Lewis structure in structure input file
mmlewis warning: with title: CHEMBL438265
mmlewis warning: Problems were identified with the following atoms:
mmlewis warning:  36 
mmlewis warning: Now attempting to fix the lewis structure.
Glide: WARNING mmlewis warning: A valid lewis structure was successfully generated.
Glide: FATAL mmlewis_apply(): Error in handling of full CT
run_mmlewis: Failed to generate a valid lewis structure.
GLIDE WARNING: Structure unsuitable for OPLS-AA force field: glide_dock_ligands_r05violated_3-0001_in.maegz
SKIP LIG      203 (CHEMBL438265): STRUCTURE INCOMPATIBLE WITH FORCE FIELD
GLIDE WARNING: Will skip atomtyping, docking.
Glide: WARNING mmlewis warning: Wrong Lewis structure in structure input file
mmlewis warning: with title: CHEMBL439205
mmlewis warning: Problems were identified with the following atoms:
mmlewis warning:  1 2 3 4 5 6 7 11 13 14 15 16 17 21 22 23 24 29 30 31 32 33 36 37 38 39 40 
mmlewis warning: Now attempting to fix the lewis structure.
Glide: FATAL mmlewis error: Problems remain with the following atoms:
mmlewis error:  5 11 17 23 33 40
run_mmlewis: Failed to generate a valid lewis structure.
GLIDE WARNING: Structure unsuitable for OPLS-AA force field: glide_dock_ligands_r05violated_3-0001_in.maegz
SKIP LIG      204 (CHEMBL439205): STRUCTURE INCOMPATIBLE WITH FORCE FIELD
GLIDE WARNING: Will skip atomtyping, docking.
Glide: WARNING mmlewis warning: Wrong Lewis structure in structure input file
mmlewis warning: with title: CHEMBL439382
mmlewis warning: Problems were identified with the following atoms:
mmlewis warning:  1 4 6 7 14 15 17 19 21 22 23 24 25 26 30 31 32 33 34 35 36 
mmlewis warning: Now attempting to fix the lewis structure.
Glide: FATAL mmlewis error: Problems remain with the following atoms:
mmlewis error:  1 19 21 26 33 36
run_mmlewis: Failed to generate a valid lewis structure.
GLIDE WARNING: Structure unsuitable for OPLS-AA force field: glide_dock_ligands_r05violated_3-0001_in.maegz
SKIP LIG      205 (CHEMBL439382): STRUCTURE INCOMPATIBLE WITH FORCE FIELD
GLIDE WARNING: Will skip atomtyping, docking.
Glide: WARNING mmlewis warning: Wrong Lewis structure in structure input file
mmlewis warning: with title: CHEMBL445674
mmlewis warning: Problems were identified with the following atoms:
mmlewis warning:  1 6 7 13 14 15 16 17 18 22 23 24 25 29 
mmlewis warning: Now attempting to fix the lewis structure.
Glide: FATAL mmlewis error: Problems remain with the following atoms:
mmlewis error:  1 13 18 29
Glide: FATAL mmlewis_apply(): Unable to handle mol 1
Glide: WARNING mmlewis warning: Wrong Lewis structure in structure input file
mmlewis warning: with title: CHEMBL445674
mmlewis warning: Problems were identified with the following atoms:
mmlewis warning:  32 
mmlewis warning: Now attempting to fix the lewis structure.
Glide: WARNING mmlewis warning: A valid lewis structure was successfully generated.
Glide: FATAL mmlewis_apply(): Error in handling of full CT
run_mmlewis: Failed to generate a valid lewis structure.
GLIDE WARNING: Structure unsuitable for OPLS-AA force field: glide_dock_ligands_r05violated_3-0001_in.maegz
SKIP LIG      206 (CHEMBL445674): STRUCTURE INCOMPATIBLE WITH FORCE FIELD
GLIDE WARNING: Will skip atomtyping, docking.
Glide: WARNING mmlewis warning: Wrong Lewis structure in structure input file
mmlewis warning: with title: CHEMBL445949
mmlewis warning: Problems were identified with the following atoms:
mmlewis warning:  1 2 3 4 7 8 10 11 14 15 16 17 21 22 23 24 26 29 30 33 34 37 
mmlewis warning: Now attempting to fix the lewis structure.
Glide: FATAL mmlewis error: Problems remain with the following atoms:
mmlewis error:  1 3 17 21 23 24 26 31 33
Glide: FATAL mmlewis_apply(): Unable to handle mol 1
Glide: WARNING mmlewis warning: Wrong Lewis structure in structure input file
mmlewis warning: with title: CHEMBL445949
mmlewis warning: Problems were identified with the following atoms:
mmlewis warning:  40 
mmlewis warning: Now attempting to fix the lewis structure.
Glide: WARNING mmlewis warning: A valid lewis structure was successfully generated.
Glide: FATAL mmlewis_apply(): Error in handling of full CT
run_mmlewis: Failed to generate a valid lewis structure.
GLIDE WARNING: Structure unsuitable for OPLS-AA force field: glide_dock_ligands_r05violated_3-0001_in.maegz
SKIP LIG      207 (CHEMBL445949): STRUCTURE INCOMPATIBLE WITH FORCE FIELD
GLIDE WARNING: Will skip atomtyping, docking.
Glide: WARNING mmlewis warning: Wrong Lewis structure in structure input file
mmlewis warning: with title: CHEMBL451492
mmlewis warning: Problems were identified with the following atoms:
mmlewis warning:  1 2 3 7 9 10 13 14 16 17 19 22 23 24 25 27 28 29 30 31 
mmlewis warning: Now attempting to fix the lewis structure.
Glide: FATAL mmlewis error: Problems remain with the following atoms:
mmlewis error:  1 3 7 9 25 31
Glide: FATAL mmlewis_apply(): Unable to handle mol 1
Glide: WARNING mmlewis warning: Wrong Lewis structure in structure input file
mmlewis warning: with title: CHEMBL451492
mmlewis warning: Problems were identified with the following atoms:
mmlewis warning:  34 
mmlewis warning: Now attempting to fix the lewis structure.
Glide: WARNING mmlewis warning: A valid lewis structure was successfully generated.
Glide: FATAL mmlewis_apply(): Error in handling of full CT
run_mmlewis: Failed to generate a valid lewis structure.
GLIDE WARNING: Structure unsuitable for OPLS-AA force field: glide_dock_ligands_r05violated_3-0001_in.maegz
SKIP LIG      208 (CHEMBL451492): STRUCTURE INCOMPATIBLE WITH FORCE FIELD
GLIDE WARNING: Will skip atomtyping, docking.
Glide: WARNING mmlewis warning: Wrong Lewis structure in structure input file
mmlewis warning: with title: CHEMBL452326
mmlewis warning: Problems were identified with the following atoms:
mmlewis warning:  1 6 7 9 13 14 15 20 21 22 23 25 30 33 34 
mmlewis warning: Now attempting to fix the lewis structure.
Glide: FATAL mmlewis error: Problems remain with the following atoms:
mmlewis error:  1 9 22 23 25 33
Glide: FATAL mmlewis_apply(): Unable to handle mol 1
Glide: FATAL mmlewis_apply(): Error in handling of full CT
run_mmlewis: Failed to generate a valid lewis structure.
GLIDE WARNING: Structure unsuitable for OPLS-AA force field: glide_dock_ligands_r05violated_3-0001_in.maegz
SKIP LIG      209 (CHEMBL452326): STRUCTURE INCOMPATIBLE WITH FORCE FIELD
GLIDE WARNING: Will skip atomtyping, docking.
Glide: WARNING mmlewis warning: Wrong Lewis structure in structure input file
mmlewis warning: with title: CHEMBL456885
mmlewis warning: Problems were identified with the following atoms:
mmlewis warning:  1 2 6 9 10 12 13 16 17 18 23 24 25 26 28 33 36 37 
mmlewis warning: Now attempting to fix the lewis structure.
Glide: FATAL mmlewis error: Problems remain with the following atoms:
mmlewis error:  1 6 23 25 26 28 36
Glide: FATAL mmlewis_apply(): Unable to handle mol 1
Glide: FATAL mmlewis_apply(): Error in handling of full CT
run_mmlewis: Failed to generate a valid lewis structure.
GLIDE WARNING: Structure unsuitable for OPLS-AA force field: glide_dock_ligands_r05violated_3-0001_in.maegz
SKIP LIG      210 (CHEMBL456885): STRUCTURE INCOMPATIBLE WITH FORCE FIELD
GLIDE WARNING: Will skip atomtyping, docking.
Glide: WARNING mmlewis warning: Wrong Lewis structure in structure input file
mmlewis warning: with title: CHEMBL459807
mmlewis warning: Problems were identified with the following atoms:
mmlewis warning:  1 4 5 6 7 10 11 15 17 18 21 22 25 
mmlewis warning: Now attempting to fix the lewis structure.
Glide: FATAL mmlewis error: Problems remain with the following atoms:
mmlewis error:  1 15 18
run_mmlewis: Failed to generate a valid lewis structure.
GLIDE WARNING: Structure unsuitable for OPLS-AA force field: glide_dock_ligands_r05violated_3-0001_in.maegz
SKIP LIG      211 (CHEMBL459807): STRUCTURE INCOMPATIBLE WITH FORCE FIELD
GLIDE WARNING: Will skip atomtyping, docking.
Glide: WARNING mmlewis warning: Wrong Lewis structure in structure input file
mmlewis warning: with title: CHEMBL459881
mmlewis warning: Problems were identified with the following atoms:
mmlewis warning:  2 3 4 9 10 11 14 15 17 18 21 24 25 26 28 33 
mmlewis warning: Now attempting to fix the lewis structure.
Glide: FATAL mmlewis error: Problems remain with the following atoms:
mmlewis error:  2 4 21 26 28
Glide: FATAL mmlewis_apply(): Unable to handle mol 2
Glide: FATAL mmlewis_apply(): Error in handling of full CT
run_mmlewis: Failed to generate a valid lewis structure.
GLIDE WARNING: Structure unsuitable for OPLS-AA force field: glide_dock_ligands_r05violated_3-0001_in.maegz
SKIP LIG      212 (CHEMBL459881): STRUCTURE INCOMPATIBLE WITH FORCE FIELD
GLIDE WARNING: Will skip atomtyping, docking.
Glide: WARNING mmlewis warning: Wrong Lewis structure in structure input file
mmlewis warning: with title: CHEMBL459882
mmlewis warning: Problems were identified with the following atoms:
mmlewis warning:  1 6 7 9 10 13 14 15 20 21 22 23 25 30 33 34 
mmlewis warning: Now attempting to fix the lewis structure.
Glide: FATAL mmlewis error: Problems remain with the following atoms:
mmlewis error:  1 22 23 25 33
Glide: FATAL mmlewis_apply(): Unable to handle mol 1
Glide: FATAL mmlewis_apply(): Error in handling of full CT
run_mmlewis: Failed to generate a valid lewis structure.
GLIDE WARNING: Structure unsuitable for OPLS-AA force field: glide_dock_ligands_r05violated_3-0001_in.maegz
SKIP LIG      213 (CHEMBL459882): STRUCTURE INCOMPATIBLE WITH FORCE FIELD
GLIDE WARNING: Will skip atomtyping, docking.
Glide: WARNING mmlewis warning: Wrong Lewis structure in structure input file
mmlewis warning: with title: CHEMBL460949
mmlewis warning: Problems were identified with the following atoms:
mmlewis warning:  1 2 7 8 13 14 15 20 21 22 23 25 30 33 34 
mmlewis warning: Now attempting to fix the lewis structure.
Glide: FATAL mmlewis error: Problems remain with the following atoms:
mmlewis error:  1 22 23 25
Glide: FATAL mmlewis_apply(): Unable to handle mol 1
Glide: FATAL mmlewis_apply(): Error in handling of full CT
run_mmlewis: Failed to generate a valid lewis structure.
GLIDE WARNING: Structure unsuitable for OPLS-AA force field: glide_dock_ligands_r05violated_3-0001_in.maegz
SKIP LIG      214 (CHEMBL460949): STRUCTURE INCOMPATIBLE WITH FORCE FIELD
GLIDE WARNING: Will skip atomtyping, docking.
Glide: WARNING mmlewis warning: Wrong Lewis structure in structure input file
mmlewis warning: with title: CHEMBL460950
mmlewis warning: Problems were identified with the following atoms:
mmlewis warning:  1 5 7 8 13 14 15 20 21 22 23 25 30 33 34 
mmlewis warning: Now attempting to fix the lewis structure.
Glide: FATAL mmlewis error: Problems remain with the following atoms:
mmlewis error:  1 20 22 23 25 34
Glide: FATAL mmlewis_apply(): Unable to handle mol 1
Glide: FATAL mmlewis_apply(): Error in handling of full CT
run_mmlewis: Failed to generate a valid lewis structure.
GLIDE WARNING: Structure unsuitable for OPLS-AA force field: glide_dock_ligands_r05violated_3-0001_in.maegz
SKIP LIG      215 (CHEMBL460950): STRUCTURE INCOMPATIBLE WITH FORCE FIELD
GLIDE WARNING: Will skip atomtyping, docking.
Glide: WARNING mmlewis warning: Wrong Lewis structure in structure input file
mmlewis warning: with title: CHEMBL460951
mmlewis warning: Problems were identified with the following atoms:
mmlewis warning:  1 2 7 8 10 13 14 15 20 21 22 23 25 30 33 34 
mmlewis warning: Now attempting to fix the lewis structure.
Glide: FATAL mmlewis error: Problems remain with the following atoms:
mmlewis error:  1 22 23 25 33
Glide: FATAL mmlewis_apply(): Unable to handle mol 1
Glide: FATAL mmlewis_apply(): Error in handling of full CT
run_mmlewis: Failed to generate a valid lewis structure.
GLIDE WARNING: Structure unsuitable for OPLS-AA force field: glide_dock_ligands_r05violated_3-0001_in.maegz
SKIP LIG      216 (CHEMBL460951): STRUCTURE INCOMPATIBLE WITH FORCE FIELD
GLIDE WARNING: Will skip atomtyping, docking.
Glide: WARNING mmlewis warning: Wrong Lewis structure in structure input file
mmlewis warning: with title: CHEMBL469317
mmlewis warning: Problems were identified with the following atoms:
mmlewis warning:  1 3 4 7 8 13 16 17 18 19 21 24 25 28 29 31 32 35 
mmlewis warning: Now attempting to fix the lewis structure.
Glide: FATAL mmlewis error: Problems remain with the following atoms:
mmlewis error:  1 16 18 19 21 26 35
run_mmlewis: Failed to generate a valid lewis structure.
GLIDE WARNING: Structure unsuitable for OPLS-AA force field: glide_dock_ligands_r05violated_3-0001_in.maegz
SKIP LIG      217 (CHEMBL469317): STRUCTURE INCOMPATIBLE WITH FORCE FIELD
GLIDE WARNING: Will skip atomtyping, docking.
Glide: WARNING mmlewis warning: Wrong Lewis structure in structure input file
mmlewis warning: with title: CHEMBL470164
mmlewis warning: Problems were identified with the following atoms:
mmlewis warning:  1 3 4 7 8 13 16 17 18 19 21 26 29 30 32 33 36 
mmlewis warning: Now attempting to fix the lewis structure.
Glide: FATAL mmlewis error: Problems remain with the following atoms:
mmlewis error:  1 16 18 19 21 36
run_mmlewis: Failed to generate a valid lewis structure.
GLIDE WARNING: Structure unsuitable for OPLS-AA force field: glide_dock_ligands_r05violated_3-0001_in.maegz
SKIP LIG      218 (CHEMBL470164): STRUCTURE INCOMPATIBLE WITH FORCE FIELD
GLIDE WARNING: Will skip atomtyping, docking.
Glide: WARNING mmlewis warning: Wrong Lewis structure in structure input file
mmlewis warning: with title: CHEMBL470356
mmlewis warning: Problems were identified with the following atoms:
mmlewis warning:  1 4 5 10 13 14 15 16 18 23 26 27 31 32 35 
mmlewis warning: Now attempting to fix the lewis structure.
Glide: FATAL mmlewis error: Problems remain with the following atoms:
mmlewis error:  1 13 15 16 18 35
run_mmlewis: Failed to generate a valid lewis structure.
GLIDE WARNING: Structure unsuitable for OPLS-AA force field: glide_dock_ligands_r05violated_3-0001_in.maegz
SKIP LIG      219 (CHEMBL470356): STRUCTURE INCOMPATIBLE WITH FORCE FIELD
GLIDE WARNING: Will skip atomtyping, docking.
Glide: WARNING mmlewis warning: Wrong Lewis structure in structure input file
mmlewis warning: with title: CHEMBL470357
mmlewis warning: Problems were identified with the following atoms:
mmlewis warning:  1 4 5 10 13 14 15 16 18 23 26 27 31 32 35 
mmlewis warning: Now attempting to fix the lewis structure.
Glide: FATAL mmlewis error: Problems remain with the following atoms:
mmlewis error:  1 13 15 16 18 35
run_mmlewis: Failed to generate a valid lewis structure.
GLIDE WARNING: Structure unsuitable for OPLS-AA force field: glide_dock_ligands_r05violated_3-0001_in.maegz
SKIP LIG      220 (CHEMBL470357): STRUCTURE INCOMPATIBLE WITH FORCE FIELD
GLIDE WARNING: Will skip atomtyping, docking.
Glide: WARNING mmlewis warning: Wrong Lewis structure in structure input file
mmlewis warning: with title: CHEMBL471515
mmlewis warning: Problems were identified with the following atoms:
mmlewis warning:  2 3 4 9 10 11 14 16 17 20 23 24 25 27 32 
mmlewis warning: Now attempting to fix the lewis structure.
Glide: FATAL mmlewis error: Problems remain with the following atoms:
mmlewis error:  2 4 20 25 27
Glide: FATAL mmlewis_apply(): Unable to handle mol 2
Glide: FATAL mmlewis_apply(): Error in handling of full CT
run_mmlewis: Failed to generate a valid lewis structure.
GLIDE WARNING: Structure unsuitable for OPLS-AA force field: glide_dock_ligands_r05violated_3-0001_in.maegz
SKIP LIG      221 (CHEMBL471515): STRUCTURE INCOMPATIBLE WITH FORCE FIELD
GLIDE WARNING: Will skip atomtyping, docking.
Glide: WARNING mmlewis warning: Wrong Lewis structure in structure input file
mmlewis warning: with title: CHEMBL471834
mmlewis warning: Problems were identified with the following atoms:
mmlewis warning:  1 3 4 7 8 13 16 17 18 19 21 26 29 30 34 35 38 
mmlewis warning: Now attempting to fix the lewis structure.
Glide: FATAL mmlewis error: Problems remain with the following atoms:
mmlewis error:  1 16 18 19 21 38
run_mmlewis: Failed to generate a valid lewis structure.
GLIDE WARNING: Structure unsuitable for OPLS-AA force field: glide_dock_ligands_r05violated_3-0001_in.maegz
SKIP LIG      222 (CHEMBL471834): STRUCTURE INCOMPATIBLE WITH FORCE FIELD
GLIDE WARNING: Will skip atomtyping, docking.
Glide: WARNING mmlewis warning: Wrong Lewis structure in structure input file
mmlewis warning: with title: CHEMBL472199
mmlewis warning: Problems were identified with the following atoms:
mmlewis warning:  1 2 6 9 10 12 15 16 17 22 23 24 25 27 32 35 36 
mmlewis warning: Now attempting to fix the lewis structure.
Glide: FATAL mmlewis error: Problems remain with the following atoms:
mmlewis error:  1 6 22 24 25 27 35
Glide: FATAL mmlewis_apply(): Unable to handle mol 1
Glide: FATAL mmlewis_apply(): Error in handling of full CT
run_mmlewis: Failed to generate a valid lewis structure.
GLIDE WARNING: Structure unsuitable for OPLS-AA force field: glide_dock_ligands_r05violated_3-0001_in.maegz
SKIP LIG      223 (CHEMBL472199): STRUCTURE INCOMPATIBLE WITH FORCE FIELD
GLIDE WARNING: Will skip atomtyping, docking.
Glide: WARNING mmlewis warning: Wrong Lewis structure in structure input file
mmlewis warning: with title: CHEMBL472200
mmlewis warning: Problems were identified with the following atoms:
mmlewis warning:  1 2 6 9 10 11 13 16 17 18 23 24 25 26 28 33 36 
mmlewis warning: Now attempting to fix the lewis structure.
Glide: FATAL mmlewis error: Problems remain with the following atoms:
mmlewis error:  1 6 11 23 25 26 28 36
Glide: FATAL mmlewis_apply(): Unable to handle mol 1
Glide: FATAL mmlewis_apply(): Error in handling of full CT
run_mmlewis: Failed to generate a valid lewis structure.
GLIDE WARNING: Structure unsuitable for OPLS-AA force field: glide_dock_ligands_r05violated_3-0001_in.maegz
SKIP LIG      224 (CHEMBL472200): STRUCTURE INCOMPATIBLE WITH FORCE FIELD
GLIDE WARNING: Will skip atomtyping, docking.
Glide: WARNING mmlewis warning: Wrong Lewis structure in structure input file
mmlewis warning: with title: CHEMBL472381
mmlewis warning: Problems were identified with the following atoms:
mmlewis warning:  2 3 4 9 10 11 14 16 17 22 23 24 25 27 32 
mmlewis warning: Now attempting to fix the lewis structure.
Glide: FATAL mmlewis error: Problems remain with the following atoms:
mmlewis error:  2 4 25 27
Glide: FATAL mmlewis_apply(): Unable to handle mol 2
Glide: FATAL mmlewis_apply(): Error in handling of full CT
run_mmlewis: Failed to generate a valid lewis structure.
GLIDE WARNING: Structure unsuitable for OPLS-AA force field: glide_dock_ligands_r05violated_3-0001_in.maegz
SKIP LIG      225 (CHEMBL472381): STRUCTURE INCOMPATIBLE WITH FORCE FIELD
GLIDE WARNING: Will skip atomtyping, docking.
Glide: WARNING mmlewis warning: Wrong Lewis structure in structure input file
mmlewis warning: with title: CHEMBL474002
mmlewis warning: Problems were identified with the following atoms:
mmlewis warning:  1 2 3 4 8 9 19 20 21 25 26 27 28 
mmlewis warning: Now attempting to fix the lewis structure.
Glide: FATAL mmlewis error: Problems remain with the following atoms:
mmlewis error:  1 19 21 27
Glide: FATAL mmlewis_apply(): Unable to handle mol 1
Glide: WARNING mmlewis warning: Wrong Lewis structure in structure input file
mmlewis warning: with title: CHEMBL474002
mmlewis warning: Problems were identified with the following atoms:
mmlewis warning:  33 
mmlewis warning: Now attempting to fix the lewis structure.
Glide: WARNING mmlewis warning: A valid lewis structure was successfully generated.
Glide: FATAL mmlewis_apply(): Error in handling of full CT
run_mmlewis: Failed to generate a valid lewis structure.
GLIDE WARNING: Structure unsuitable for OPLS-AA force field: glide_dock_ligands_r05violated_3-0001_in.maegz
SKIP LIG      226 (CHEMBL474002): STRUCTURE INCOMPATIBLE WITH FORCE FIELD
GLIDE WARNING: Will skip atomtyping, docking.
Glide: WARNING mmlewis warning: Wrong Lewis structure in structure input file
mmlewis warning: with title: CHEMBL474003
mmlewis warning: Problems were identified with the following atoms:
mmlewis warning:  1 3 4 8 9 19 20 21 25 26 27 28 
mmlewis warning: Now attempting to fix the lewis structure.
Glide: FATAL mmlewis error: Problems remain with the following atoms:
mmlewis error:  1 3 4 19 21 27
Glide: FATAL mmlewis_apply(): Unable to handle mol 1
Glide: WARNING mmlewis warning: Wrong Lewis structure in structure input file
mmlewis warning: with title: CHEMBL474003
mmlewis warning: Problems were identified with the following atoms:
mmlewis warning:  33 
mmlewis warning: Now attempting to fix the lewis structure.
Glide: WARNING mmlewis warning: A valid lewis structure was successfully generated.
Glide: FATAL mmlewis_apply(): Error in handling of full CT
run_mmlewis: Failed to generate a valid lewis structure.
GLIDE WARNING: Structure unsuitable for OPLS-AA force field: glide_dock_ligands_r05violated_3-0001_in.maegz
SKIP LIG      227 (CHEMBL474003): STRUCTURE INCOMPATIBLE WITH FORCE FIELD
GLIDE WARNING: Will skip atomtyping, docking.
Glide: WARNING mmlewis warning: Wrong Lewis structure in structure input file
mmlewis warning: with title: CHEMBL474047
mmlewis warning: Problems were identified with the following atoms:
mmlewis warning:  3 4 5 6 10 11 12 13 17 18 28 
mmlewis warning: Now attempting to fix the lewis structure.
Glide: FATAL mmlewis error: Problems remain with the following atoms:
mmlewis error:  6 11 28
Glide: FATAL mmlewis_apply(): Unable to handle mol 1
Glide: WARNING mmlewis warning: Wrong Lewis structure in structure input file
mmlewis warning: with title: CHEMBL474047
mmlewis warning: Problems were identified with the following atoms:
mmlewis warning:  31 
mmlewis warning: Now attempting to fix the lewis structure.
Glide: WARNING mmlewis warning: A valid lewis structure was successfully generated.
Glide: FATAL mmlewis_apply(): Error in handling of full CT
run_mmlewis: Failed to generate a valid lewis structure.
GLIDE WARNING: Structure unsuitable for OPLS-AA force field: glide_dock_ligands_r05violated_3-0001_in.maegz
SKIP LIG      228 (CHEMBL474047): STRUCTURE INCOMPATIBLE WITH FORCE FIELD
GLIDE WARNING: Will skip atomtyping, docking.
Glide: WARNING mmlewis warning: Wrong Lewis structure in structure input file
mmlewis warning: with title: CHEMBL474048
mmlewis warning: Problems were identified with the following atoms:
mmlewis warning:  3 4 5 6 10 11 12 13 17 18 20 28 
mmlewis warning: Now attempting to fix the lewis structure.
Glide: FATAL mmlewis error: Problems remain with the following atoms:
mmlewis error:  6 11 20 28
Glide: FATAL mmlewis_apply(): Unable to handle mol 1
Glide: WARNING mmlewis warning: Wrong Lewis structure in structure input file
mmlewis warning: with title: CHEMBL474048
mmlewis warning: Problems were identified with the following atoms:
mmlewis warning:  31 
mmlewis warning: Now attempting to fix the lewis structure.
Glide: WARNING mmlewis warning: A valid lewis structure was successfully generated.
Glide: FATAL mmlewis_apply(): Error in handling of full CT
run_mmlewis: Failed to generate a valid lewis structure.
GLIDE WARNING: Structure unsuitable for OPLS-AA force field: glide_dock_ligands_r05violated_3-0001_in.maegz
SKIP LIG      229 (CHEMBL474048): STRUCTURE INCOMPATIBLE WITH FORCE FIELD
GLIDE WARNING: Will skip atomtyping, docking.
Glide: WARNING mmlewis warning: Wrong Lewis structure in structure input file
mmlewis warning: with title: CHEMBL474630
mmlewis warning: Problems were identified with the following atoms:
mmlewis warning:  2 3 4 8 9 10 16 17 21 22 23 24 25 26 28 33 
mmlewis warning: Now attempting to fix the lewis structure.
Glide: FATAL mmlewis error: Problems remain with the following atoms:
mmlewis error:  2 4 10 22 26 28
Glide: FATAL mmlewis_apply(): Unable to handle mol 2
Glide: FATAL mmlewis_apply(): Error in handling of full CT
run_mmlewis: Failed to generate a valid lewis structure.
GLIDE WARNING: Structure unsuitable for OPLS-AA force field: glide_dock_ligands_r05violated_3-0001_in.maegz
SKIP LIG      230 (CHEMBL474630): STRUCTURE INCOMPATIBLE WITH FORCE FIELD
GLIDE WARNING: Will skip atomtyping, docking.
Glide: WARNING mmlewis warning: Wrong Lewis structure in structure input file
mmlewis warning: with title: CHEMBL474631
mmlewis warning: Problems were identified with the following atoms:
mmlewis warning:  2 3 4 8 9 10 14 16 17 21 22 23 24 25 26 28 33 
mmlewis warning: Now attempting to fix the lewis structure.
Glide: FATAL mmlewis error: Problems remain with the following atoms:
mmlewis error:  2 4 10 26 28
Glide: FATAL mmlewis_apply(): Unable to handle mol 2
Glide: FATAL mmlewis_apply(): Error in handling of full CT
run_mmlewis: Failed to generate a valid lewis structure.
GLIDE WARNING: Structure unsuitable for OPLS-AA force field: glide_dock_ligands_r05violated_3-0001_in.maegz
SKIP LIG      231 (CHEMBL474631): STRUCTURE INCOMPATIBLE WITH FORCE FIELD
GLIDE WARNING: Will skip atomtyping, docking.
Glide: WARNING mmlewis warning: Wrong Lewis structure in structure input file
mmlewis warning: with title: CHEMBL474808
mmlewis warning: Problems were identified with the following atoms:
mmlewis warning:  3 4 5 6 10 11 12 13 17 18 26 27 
mmlewis warning: Now attempting to fix the lewis structure.
Glide: FATAL mmlewis error: Problems remain with the following atoms:
mmlewis error:  6 11
Glide: FATAL mmlewis_apply(): Unable to handle mol 1
Glide: WARNING mmlewis warning: Wrong Lewis structure in structure input file
mmlewis warning: with title: CHEMBL474808
mmlewis warning: Problems were identified with the following atoms:
mmlewis warning:  30 
mmlewis warning: Now attempting to fix the lewis structure.
Glide: WARNING mmlewis warning: A valid lewis structure was successfully generated.
Glide: FATAL mmlewis_apply(): Error in handling of full CT
run_mmlewis: Failed to generate a valid lewis structure.
GLIDE WARNING: Structure unsuitable for OPLS-AA force field: glide_dock_ligands_r05violated_3-0001_in.maegz
SKIP LIG      232 (CHEMBL474808): STRUCTURE INCOMPATIBLE WITH FORCE FIELD
GLIDE WARNING: Will skip atomtyping, docking.
Glide: WARNING mmlewis warning: Wrong Lewis structure in structure input file
mmlewis warning: with title: CHEMBL474812
mmlewis warning: Problems were identified with the following atoms:
mmlewis warning:  2 3 4 8 9 10 15 16 19 22 23 24 25 26 28 33 
mmlewis warning: Now attempting to fix the lewis structure.
Glide: FATAL mmlewis error: Problems remain with the following atoms:
mmlewis error:  2 4 10 19 22 26 28
Glide: FATAL mmlewis_apply(): Unable to handle mol 2
Glide: FATAL mmlewis_apply(): Error in handling of full CT
run_mmlewis: Failed to generate a valid lewis structure.
GLIDE WARNING: Structure unsuitable for OPLS-AA force field: glide_dock_ligands_r05violated_3-0001_in.maegz
SKIP LIG      233 (CHEMBL474812): STRUCTURE INCOMPATIBLE WITH FORCE FIELD
GLIDE WARNING: Will skip atomtyping, docking.
Glide: WARNING mmlewis warning: Wrong Lewis structure in structure input file
mmlewis warning: with title: CHEMBL474813
mmlewis warning: Problems were identified with the following atoms:
mmlewis warning:  2 3 4 8 9 10 15 16 20 22 23 24 25 27 32 
mmlewis warning: Now attempting to fix the lewis structure.
Glide: FATAL mmlewis error: Problems remain with the following atoms:
mmlewis error:  2 4 10 25 27
Glide: FATAL mmlewis_apply(): Unable to handle mol 2
Glide: FATAL mmlewis_apply(): Error in handling of full CT
run_mmlewis: Failed to generate a valid lewis structure.
GLIDE WARNING: Structure unsuitable for OPLS-AA force field: glide_dock_ligands_r05violated_3-0001_in.maegz
SKIP LIG      234 (CHEMBL474813): STRUCTURE INCOMPATIBLE WITH FORCE FIELD
GLIDE WARNING: Will skip atomtyping, docking.
Glide: WARNING mmlewis warning: Wrong Lewis structure in structure input file
mmlewis warning: with title: CHEMBL475169
mmlewis warning: Problems were identified with the following atoms:
mmlewis warning:  1 3 4 8 9 19 20 21 25 26 27 28 
mmlewis warning: Now attempting to fix the lewis structure.
Glide: FATAL mmlewis error: Problems remain with the following atoms:
mmlewis error:  1 3 4 19 21 27
Glide: FATAL mmlewis_apply(): Unable to handle mol 1
Glide: WARNING mmlewis warning: Wrong Lewis structure in structure input file
mmlewis warning: with title: CHEMBL475169
mmlewis warning: Problems were identified with the following atoms:
mmlewis warning:  33 
mmlewis warning: Now attempting to fix the lewis structure.
Glide: WARNING mmlewis warning: A valid lewis structure was successfully generated.
Glide: FATAL mmlewis_apply(): Error in handling of full CT
run_mmlewis: Failed to generate a valid lewis structure.
GLIDE WARNING: Structure unsuitable for OPLS-AA force field: glide_dock_ligands_r05violated_3-0001_in.maegz
SKIP LIG      235 (CHEMBL475169): STRUCTURE INCOMPATIBLE WITH FORCE FIELD
GLIDE WARNING: Will skip atomtyping, docking.
Glide: WARNING mmlewis warning: Wrong Lewis structure in structure input file
mmlewis warning: with title: CHEMBL475655
mmlewis warning: Problems were identified with the following atoms:
mmlewis warning:  2 3 4 8 9 10 15 17 21 22 23 24 25 27 32 
mmlewis warning: Now attempting to fix the lewis structure.
Glide: FATAL mmlewis error: Problems remain with the following atoms:
mmlewis error:  2 4 10 15 17 22 25 27
Glide: FATAL mmlewis_apply(): Unable to handle mol 2
Glide: FATAL mmlewis_apply(): Error in handling of full CT
run_mmlewis: Failed to generate a valid lewis structure.
GLIDE WARNING: Structure unsuitable for OPLS-AA force field: glide_dock_ligands_r05violated_3-0001_in.maegz
SKIP LIG      236 (CHEMBL475655): STRUCTURE INCOMPATIBLE WITH FORCE FIELD
GLIDE WARNING: Will skip atomtyping, docking.
Glide: WARNING mmlewis warning: Wrong Lewis structure in structure input file
mmlewis warning: with title: CHEMBL475662
mmlewis warning: Problems were identified with the following atoms:
mmlewis warning:  1 2 3 7 8 18 19 20 24 25 26 27 
mmlewis warning: Now attempting to fix the lewis structure.
Glide: FATAL mmlewis error: Problems remain with the following atoms:
mmlewis error:  1 3 18 20 26
Glide: FATAL mmlewis_apply(): Unable to handle mol 1
Glide: WARNING mmlewis warning: Wrong Lewis structure in structure input file
mmlewis warning: with title: CHEMBL475662
mmlewis warning: Problems were identified with the following atoms:
mmlewis warning:  32 
mmlewis warning: Now attempting to fix the lewis structure.
Glide: WARNING mmlewis warning: A valid lewis structure was successfully generated.
Glide: FATAL mmlewis_apply(): Error in handling of full CT
run_mmlewis: Failed to generate a valid lewis structure.
GLIDE WARNING: Structure unsuitable for OPLS-AA force field: glide_dock_ligands_r05violated_3-0001_in.maegz
SKIP LIG      237 (CHEMBL475662): STRUCTURE INCOMPATIBLE WITH FORCE FIELD
GLIDE WARNING: Will skip atomtyping, docking.
Glide: WARNING mmlewis warning: Wrong Lewis structure in structure input file
mmlewis warning: with title: CHEMBL479536
mmlewis warning: Problems were identified with the following atoms:
mmlewis warning:  1 2 6 9 10 12 15 16 17 22 23 24 25 27 32 35 36 37 38 39 
mmlewis warning: Now attempting to fix the lewis structure.
Glide: FATAL mmlewis error: Problems remain with the following atoms:
mmlewis error:  1 24 25 27 35 38 39
Glide: FATAL mmlewis_apply(): Unable to handle mol 1
Glide: FATAL mmlewis_apply(): Error in handling of full CT
run_mmlewis: Failed to generate a valid lewis structure.
GLIDE WARNING: Structure unsuitable for OPLS-AA force field: glide_dock_ligands_r05violated_3-0001_in.maegz
SKIP LIG      238 (CHEMBL479536): STRUCTURE INCOMPATIBLE WITH FORCE FIELD
GLIDE WARNING: Will skip atomtyping, docking.
Glide: WARNING mmlewis warning: Wrong Lewis structure in structure input file
mmlewis warning: with title: CHEMBL481897
mmlewis warning: Problems were identified with the following atoms:
mmlewis warning:  1 3 4 10 11 12 16 17 18 19 21 26 29 30 31 32 
mmlewis warning: Now attempting to fix the lewis structure.
Glide: FATAL mmlewis error: Problems remain with the following atoms:
mmlewis error:  1 12 18 19 21
Glide: FATAL mmlewis_apply(): Unable to handle mol 1
Glide: FATAL mmlewis_apply(): Error in handling of full CT
run_mmlewis: Failed to generate a valid lewis structure.
GLIDE WARNING: Structure unsuitable for OPLS-AA force field: glide_dock_ligands_r05violated_3-0001_in.maegz
SKIP LIG      239 (CHEMBL481897): STRUCTURE INCOMPATIBLE WITH FORCE FIELD
GLIDE WARNING: Will skip atomtyping, docking.
Glide: WARNING mmlewis warning: Wrong Lewis structure in structure input file
mmlewis warning: with title: CHEMBL482071
mmlewis warning: Problems were identified with the following atoms:
mmlewis warning:  2 3 4 8 9 10 16 17 22 23 24 25 26 28 33 
mmlewis warning: Now attempting to fix the lewis structure.
Glide: FATAL mmlewis error: Problems remain with the following atoms:
mmlewis error:  2 4 10 22 26 28
Glide: FATAL mmlewis_apply(): Unable to handle mol 2
Glide: FATAL mmlewis_apply(): Error in handling of full CT
run_mmlewis: Failed to generate a valid lewis structure.
GLIDE WARNING: Structure unsuitable for OPLS-AA force field: glide_dock_ligands_r05violated_3-0001_in.maegz
SKIP LIG      240 (CHEMBL482071): STRUCTURE INCOMPATIBLE WITH FORCE FIELD
GLIDE WARNING: Will skip atomtyping, docking.
Glide: WARNING mmlewis warning: Wrong Lewis structure in structure input file
mmlewis warning: with title: CHEMBL488022
mmlewis warning: Problems were identified with the following atoms:
mmlewis warning:  2 3 4 9 10 11 14 16 17 20 23 24 25 26 28 33 
mmlewis warning: Now attempting to fix the lewis structure.
Glide: FATAL mmlewis error: Problems remain with the following atoms:
mmlewis error:  2 4 20 25 26 28
Glide: FATAL mmlewis_apply(): Unable to handle mol 2
Glide: FATAL mmlewis_apply(): Error in handling of full CT
run_mmlewis: Failed to generate a valid lewis structure.
GLIDE WARNING: Structure unsuitable for OPLS-AA force field: glide_dock_ligands_r05violated_3-0001_in.maegz
SKIP LIG      241 (CHEMBL488022): STRUCTURE INCOMPATIBLE WITH FORCE FIELD
GLIDE WARNING: Will skip atomtyping, docking.
Glide: WARNING mmlewis warning: Wrong Lewis structure in structure input file
mmlewis warning: with title: CHEMBL488027
mmlewis warning: Problems were identified with the following atoms:
mmlewis warning:  2 3 4 9 10 11 14 16 17 18 21 24 25 26 28 33 
mmlewis warning: Now attempting to fix the lewis structure.
Glide: FATAL mmlewis error: Problems remain with the following atoms:
mmlewis error:  2 4 18 21 25 26 28
Glide: FATAL mmlewis_apply(): Unable to handle mol 2
Glide: FATAL mmlewis_apply(): Error in handling of full CT
run_mmlewis: Failed to generate a valid lewis structure.
GLIDE WARNING: Structure unsuitable for OPLS-AA force field: glide_dock_ligands_r05violated_3-0001_in.maegz
SKIP LIG      242 (CHEMBL488027): STRUCTURE INCOMPATIBLE WITH FORCE FIELD
GLIDE WARNING: Will skip atomtyping, docking.
Glide: WARNING mmlewis warning: Wrong Lewis structure in structure input file
mmlewis warning: with title: CHEMBL488713
mmlewis warning: Problems were identified with the following atoms:
mmlewis warning:  2 3 4 9 10 11 14 16 17 18 19 22 25 26 28 33 
mmlewis warning: Now attempting to fix the lewis structure.
Glide: FATAL mmlewis error: Problems remain with the following atoms:
mmlewis error:  2 4 20 22 26 28
Glide: FATAL mmlewis_apply(): Unable to handle mol 2
Glide: FATAL mmlewis_apply(): Error in handling of full CT
run_mmlewis: Failed to generate a valid lewis structure.
GLIDE WARNING: Structure unsuitable for OPLS-AA force field: glide_dock_ligands_r05violated_3-0001_in.maegz
SKIP LIG      243 (CHEMBL488713): STRUCTURE INCOMPATIBLE WITH FORCE FIELD
GLIDE WARNING: Will skip atomtyping, docking.
Glide: WARNING mmlewis warning: Wrong Lewis structure in structure input file
mmlewis warning: with title: CHEMBL488714
mmlewis warning: Problems were identified with the following atoms:
mmlewis warning:  1 2 3 4 7 8 10 13 14 15 20 21 22 23 25 30 33 34 37 
mmlewis warning: Now attempting to fix the lewis structure.
Glide: FATAL mmlewis error: Problems remain with the following atoms:
mmlewis error:  1 3 20 22 23 25 33
Glide: FATAL mmlewis_apply(): Unable to handle mol 1
Glide: FATAL mmlewis_apply(): Error in handling of full CT
run_mmlewis: Failed to generate a valid lewis structure.
GLIDE WARNING: Structure unsuitable for OPLS-AA force field: glide_dock_ligands_r05violated_3-0001_in.maegz
SKIP LIG      244 (CHEMBL488714): STRUCTURE INCOMPATIBLE WITH FORCE FIELD
GLIDE WARNING: Will skip atomtyping, docking.
Glide: WARNING mmlewis warning: Wrong Lewis structure in structure input file
mmlewis warning: with title: CHEMBL488810
mmlewis warning: Problems were identified with the following atoms:
mmlewis warning:  1 3 4 5 8 10 11 14 15 17 18 21 22 23 24 28 29 31 32 
mmlewis warning: Now attempting to fix the lewis structure.
Glide: FATAL mmlewis error: Problems remain with the following atoms:
mmlewis error:  1 3 4 15 28 31
run_mmlewis: Failed to generate a valid lewis structure.
GLIDE WARNING: Structure unsuitable for OPLS-AA force field: glide_dock_ligands_r05violated_3-0001_in.maegz
SKIP LIG      245 (CHEMBL488810): STRUCTURE INCOMPATIBLE WITH FORCE FIELD
GLIDE WARNING: Will skip atomtyping, docking.
Glide: WARNING mmlewis warning: Wrong Lewis structure in structure input file
mmlewis warning: with title: CHEMBL488908
mmlewis warning: Problems were identified with the following atoms:
mmlewis warning:  2 3 4 9 10 11 14 15 17 18 21 24 25 26 27 29 34 
mmlewis warning: Now attempting to fix the lewis structure.
Glide: FATAL mmlewis error: Problems remain with the following atoms:
mmlewis error:  2 4 21 26 27 29
Glide: FATAL mmlewis_apply(): Unable to handle mol 2
Glide: FATAL mmlewis_apply(): Error in handling of full CT
run_mmlewis: Failed to generate a valid lewis structure.
GLIDE WARNING: Structure unsuitable for OPLS-AA force field: glide_dock_ligands_r05violated_3-0001_in.maegz
SKIP LIG      246 (CHEMBL488908): STRUCTURE INCOMPATIBLE WITH FORCE FIELD
GLIDE WARNING: Will skip atomtyping, docking.
Glide: WARNING mmlewis warning: Wrong Lewis structure in structure input file
mmlewis warning: with title: CHEMBL488909
mmlewis warning: Problems were identified with the following atoms:
mmlewis warning:  2 3 4 9 10 11 14 15 17 18 19 22 25 26 27 29 34 
mmlewis warning: Now attempting to fix the lewis structure.
Glide: FATAL mmlewis error: Problems remain with the following atoms:
mmlewis error:  2 4 19 22 26 27 29
Glide: FATAL mmlewis_apply(): Unable to handle mol 2
Glide: FATAL mmlewis_apply(): Error in handling of full CT
run_mmlewis: Failed to generate a valid lewis structure.
GLIDE WARNING: Structure unsuitable for OPLS-AA force field: glide_dock_ligands_r05violated_3-0001_in.maegz
SKIP LIG      247 (CHEMBL488909): STRUCTURE INCOMPATIBLE WITH FORCE FIELD
GLIDE WARNING: Will skip atomtyping, docking.
Glide: WARNING mmlewis warning: Wrong Lewis structure in structure input file
mmlewis warning: with title: CHEMBL492733
mmlewis warning: Problems were identified with the following atoms:
mmlewis warning:  3 4 5 6 10 11 12 13 17 18 28 
mmlewis warning: Now attempting to fix the lewis structure.
Glide: FATAL mmlewis error: Problems remain with the following atoms:
mmlewis error:  6 11 28
Glide: FATAL mmlewis_apply(): Unable to handle mol 1
Glide: WARNING mmlewis warning: Wrong Lewis structure in structure input file
mmlewis warning: with title: CHEMBL492733
mmlewis warning: Problems were identified with the following atoms:
mmlewis warning:  31 
mmlewis warning: Now attempting to fix the lewis structure.
Glide: WARNING mmlewis warning: A valid lewis structure was successfully generated.
Glide: FATAL mmlewis_apply(): Error in handling of full CT
run_mmlewis: Failed to generate a valid lewis structure.
GLIDE WARNING: Structure unsuitable for OPLS-AA force field: glide_dock_ligands_r05violated_3-0001_in.maegz
SKIP LIG      248 (CHEMBL492733): STRUCTURE INCOMPATIBLE WITH FORCE FIELD
GLIDE WARNING: Will skip atomtyping, docking.
Glide: WARNING mmlewis warning: Wrong Lewis structure in structure input file
mmlewis warning: with title: CHEMBL494147
mmlewis warning: Problems were identified with the following atoms:
mmlewis warning:  1 4 7 10 11 12 13 14 18 19 20 21 25 26 27 28 31 32 
mmlewis warning: Now attempting to fix the lewis structure.
Glide: FATAL mmlewis error: Problems remain with the following atoms:
mmlewis error:  1 10 13 14 21 27
Glide: FATAL mmlewis_apply(): Unable to handle mol 1
Glide: WARNING mmlewis warning: Wrong Lewis structure in structure input file
mmlewis warning: with title: CHEMBL494147
mmlewis warning: Problems were identified with the following atoms:
mmlewis warning:  35 
mmlewis warning: Now attempting to fix the lewis structure.
Glide: WARNING mmlewis warning: A valid lewis structure was successfully generated.
Glide: FATAL mmlewis_apply(): Error in handling of full CT
run_mmlewis: Failed to generate a valid lewis structure.
GLIDE WARNING: Structure unsuitable for OPLS-AA force field: glide_dock_ligands_r05violated_3-0001_in.maegz
SKIP LIG      249 (CHEMBL494147): STRUCTURE INCOMPATIBLE WITH FORCE FIELD
GLIDE WARNING: Will skip atomtyping, docking.
Glide: WARNING mmlewis warning: Wrong Lewis structure in structure input file
mmlewis warning: with title: CHEMBL494339
mmlewis warning: Problems were identified with the following atoms:
mmlewis warning:  3 4 5 6 10 11 12 13 17 18 23 24 27 28 31 
mmlewis warning: Now attempting to fix the lewis structure.
Glide: FATAL mmlewis error: Problems remain with the following atoms:
mmlewis error:  6 11 19 31
Glide: FATAL mmlewis_apply(): Unable to handle mol 1
Glide: WARNING mmlewis warning: Wrong Lewis structure in structure input file
mmlewis warning: with title: CHEMBL494339
mmlewis warning: Problems were identified with the following atoms:
mmlewis warning:  34 
mmlewis warning: Now attempting to fix the lewis structure.
Glide: WARNING mmlewis warning: A valid lewis structure was successfully generated.
Glide: FATAL mmlewis_apply(): Error in handling of full CT
run_mmlewis: Failed to generate a valid lewis structure.
GLIDE WARNING: Structure unsuitable for OPLS-AA force field: glide_dock_ligands_r05violated_3-0001_in.maegz
SKIP LIG      250 (CHEMBL494339): STRUCTURE INCOMPATIBLE WITH FORCE FIELD
GLIDE WARNING: Will skip atomtyping, docking.
Glide: WARNING mmlewis warning: Wrong Lewis structure in structure input file
mmlewis warning: with title: CHEMBL497992
mmlewis warning: Problems were identified with the following atoms:
mmlewis warning:  1 2 6 7 8 9 10 11 12 13 14 19 20 22 26 31 32 33 34 
mmlewis warning: Now attempting to fix the lewis structure.
Glide: FATAL mmlewis error: Problems remain with the following atoms:
mmlewis error:  1 26
run_mmlewis: Failed to generate a valid lewis structure.
GLIDE WARNING: Structure unsuitable for OPLS-AA force field: glide_dock_ligands_r05violated_3-0001_in.maegz
SKIP LIG      251 (CHEMBL497992): STRUCTURE INCOMPATIBLE WITH FORCE FIELD
GLIDE WARNING: Will skip atomtyping, docking.
Glide: WARNING mmlewis warning: Wrong Lewis structure in structure input file
mmlewis warning: with title: CHEMBL504021
mmlewis warning: Problems were identified with the following atoms:
mmlewis warning:  1 2 3 6 11 12 15 16 18 19 21 22 23 26 27 31 32 33 35 40 
mmlewis warning: Now attempting to fix the lewis structure.
Glide: FATAL mmlewis error: Problems remain with the following atoms:
mmlewis error:  1 3 23 33 35
run_mmlewis: Failed to generate a valid lewis structure.
GLIDE WARNING: Structure unsuitable for OPLS-AA force field: glide_dock_ligands_r05violated_3-0001_in.maegz
SKIP LIG      252 (CHEMBL504021): STRUCTURE INCOMPATIBLE WITH FORCE FIELD
GLIDE WARNING: Will skip atomtyping, docking.
Glide: WARNING mmlewis warning: Wrong Lewis structure in structure input file
mmlewis warning: with title: CHEMBL512013
mmlewis warning: Problems were identified with the following atoms:
mmlewis warning:  1 2 6 9 10 11 12 14 17 18 19 24 25 26 27 29 34 
mmlewis warning: Now attempting to fix the lewis structure.
Glide: FATAL mmlewis error: Problems remain with the following atoms:
mmlewis error:  1 6 24 26 27 29
Glide: FATAL mmlewis_apply(): Unable to handle mol 1
Glide: FATAL mmlewis_apply(): Error in handling of full CT
run_mmlewis: Failed to generate a valid lewis structure.
GLIDE WARNING: Structure unsuitable for OPLS-AA force field: glide_dock_ligands_r05violated_3-0001_in.maegz
SKIP LIG      253 (CHEMBL512013): STRUCTURE INCOMPATIBLE WITH FORCE FIELD
GLIDE WARNING: Will skip atomtyping, docking.
Glide: WARNING mmlewis warning: Wrong Lewis structure in structure input file
mmlewis warning: with title: CHEMBL512651
mmlewis warning: Problems were identified with the following atoms:
mmlewis warning:  1 3 4 7 8 13 16 17 18 19 21 24 25 28 29 33 34 37 
mmlewis warning: Now attempting to fix the lewis structure.
Glide: FATAL mmlewis error: Problems remain with the following atoms:
mmlewis error:  1 16 18 19 21 26 37
run_mmlewis: Failed to generate a valid lewis structure.
GLIDE WARNING: Structure unsuitable for OPLS-AA force field: glide_dock_ligands_r05violated_3-0001_in.maegz
SKIP LIG      254 (CHEMBL512651): STRUCTURE INCOMPATIBLE WITH FORCE FIELD
GLIDE WARNING: Will skip atomtyping, docking.
Glide: WARNING mmlewis warning: Wrong Lewis structure in structure input file
mmlewis warning: with title: CHEMBL516747
mmlewis warning: Problems were identified with the following atoms:
mmlewis warning:  1 2 6 9 10 12 15 16 17 22 23 24 25 27 32 35 36 37 38 39 
mmlewis warning: Now attempting to fix the lewis structure.
Glide: FATAL mmlewis error: Problems remain with the following atoms:
mmlewis error:  1 24 25 27 35 38 39
Glide: FATAL mmlewis_apply(): Unable to handle mol 1
Glide: FATAL mmlewis_apply(): Error in handling of full CT
run_mmlewis: Failed to generate a valid lewis structure.
GLIDE WARNING: Structure unsuitable for OPLS-AA force field: glide_dock_ligands_r05violated_3-0001_in.maegz
SKIP LIG      255 (CHEMBL516747): STRUCTURE INCOMPATIBLE WITH FORCE FIELD
GLIDE WARNING: Will skip atomtyping, docking.
Glide: WARNING mmlewis warning: Wrong Lewis structure in structure input file
mmlewis warning: with title: CHEMBL518296
mmlewis warning: Problems were identified with the following atoms:
mmlewis warning:  1 2 6 9 10 11 13 14 17 18 19 24 25 26 27 29 34 37 
mmlewis warning: Now attempting to fix the lewis structure.
Glide: FATAL mmlewis error: Problems remain with the following atoms:
mmlewis error:  1 6 11 13 24 26 27 29 37
Glide: FATAL mmlewis_apply(): Unable to handle mol 1
Glide: FATAL mmlewis_apply(): Error in handling of full CT
run_mmlewis: Failed to generate a valid lewis structure.
GLIDE WARNING: Structure unsuitable for OPLS-AA force field: glide_dock_ligands_r05violated_3-0001_in.maegz
SKIP LIG      256 (CHEMBL518296): STRUCTURE INCOMPATIBLE WITH FORCE FIELD
GLIDE WARNING: Will skip atomtyping, docking.
Glide: WARNING mmlewis warning: Wrong Lewis structure in structure input file
mmlewis warning: with title: CHEMBL519591
mmlewis warning: Problems were identified with the following atoms:
mmlewis warning:  1 2 7 8 11 16 17 18 20 25 
mmlewis warning: Now attempting to fix the lewis structure.
Glide: FATAL mmlewis error: Problems remain with the following atoms:
mmlewis error:  1 17 18 20
run_mmlewis: Failed to generate a valid lewis structure.
GLIDE WARNING: Structure unsuitable for OPLS-AA force field: glide_dock_ligands_r05violated_3-0001_in.maegz
SKIP LIG      257 (CHEMBL519591): STRUCTURE INCOMPATIBLE WITH FORCE FIELD
GLIDE WARNING: Will skip atomtyping, docking.
Glide: WARNING mmlewis warning: Wrong Lewis structure in structure input file
mmlewis warning: with title: CHEMBL528328
mmlewis warning: Problems were identified with the following atoms:
mmlewis warning:  1 2 3 4 7 8 10 13 14 15 20 21 22 23 25 30 33 34 37 
mmlewis warning: Now attempting to fix the lewis structure.
Glide: FATAL mmlewis error: Problems remain with the following atoms:
mmlewis error:  1 3 20 22 23 25 33
Glide: FATAL mmlewis_apply(): Unable to handle mol 1
Glide: FATAL mmlewis_apply(): Error in handling of full CT
run_mmlewis: Failed to generate a valid lewis structure.
GLIDE WARNING: Structure unsuitable for OPLS-AA force field: glide_dock_ligands_r05violated_3-0001_in.maegz
SKIP LIG      258 (CHEMBL528328): STRUCTURE INCOMPATIBLE WITH FORCE FIELD
GLIDE WARNING: Will skip atomtyping, docking.
Glide: WARNING mmlewis warning: Wrong Lewis structure in structure input file
mmlewis warning: with title: CHEMBL536090
mmlewis warning: Problems were identified with the following atoms:
mmlewis warning:  2 3 4 8 9 19 20 22 23 24 25 31 33 38 
mmlewis warning: Now attempting to fix the lewis structure.
Glide: FATAL mmlewis error: Problems remain with the following atoms:
mmlewis error:  2 4 26 31 33
Glide: FATAL mmlewis_apply(): Unable to handle mol 2
Glide: FATAL mmlewis_apply(): Error in handling of full CT
run_mmlewis: Failed to generate a valid lewis structure.
GLIDE WARNING: Structure unsuitable for OPLS-AA force field: glide_dock_ligands_r05violated_3-0001_in.maegz
SKIP LIG      259 (CHEMBL536090): STRUCTURE INCOMPATIBLE WITH FORCE FIELD
GLIDE WARNING: Will skip atomtyping, docking.
Glide: WARNING mmlewis warning: Wrong Lewis structure in structure input file
mmlewis warning: with title: CHEMBL536312
mmlewis warning: Problems were identified with the following atoms:
mmlewis warning:  2 3 4 8 9 19 20 22 28 34 35 37 42 
mmlewis warning: Now attempting to fix the lewis structure.
Glide: FATAL mmlewis error: Problems remain with the following atoms:
mmlewis error:  2 4 22 28 34 35 37
Glide: FATAL mmlewis_apply(): Unable to handle mol 2
Glide: FATAL mmlewis_apply(): Error in handling of full CT
run_mmlewis: Failed to generate a valid lewis structure.
GLIDE WARNING: Structure unsuitable for OPLS-AA force field: glide_dock_ligands_r05violated_3-0001_in.maegz
SKIP LIG      260 (CHEMBL536312): STRUCTURE INCOMPATIBLE WITH FORCE FIELD
GLIDE WARNING: Will skip atomtyping, docking.
Glide: WARNING mmlewis warning: Wrong Lewis structure in structure input file
mmlewis warning: with title: CHEMBL536536
mmlewis warning: Problems were identified with the following atoms:
mmlewis warning:  2 3 4 8 9 19 20 21 23 24 27 28 29 31 36 
mmlewis warning: Now attempting to fix the lewis structure.
Glide: FATAL mmlewis error: Problems remain with the following atoms:
mmlewis error:  2 4 29 31
Glide: FATAL mmlewis_apply(): Unable to handle mol 2
Glide: FATAL mmlewis_apply(): Error in handling of full CT
run_mmlewis: Failed to generate a valid lewis structure.
GLIDE WARNING: Structure unsuitable for OPLS-AA force field: glide_dock_ligands_r05violated_3-0001_in.maegz
SKIP LIG      261 (CHEMBL536536): STRUCTURE INCOMPATIBLE WITH FORCE FIELD
GLIDE WARNING: Will skip atomtyping, docking.
Glide: WARNING mmlewis warning: Wrong Lewis structure in structure input file
mmlewis warning: with title: CHEMBL536999
mmlewis warning: Problems were identified with the following atoms:
mmlewis warning:  2 3 4 8 9 19 20 25 27 32 
mmlewis warning: Now attempting to fix the lewis structure.
Glide: FATAL mmlewis error: Problems remain with the following atoms:
mmlewis error:  2 4 20 25 27
Glide: FATAL mmlewis_apply(): Unable to handle mol 2
Glide: FATAL mmlewis_apply(): Error in handling of full CT
run_mmlewis: Failed to generate a valid lewis structure.
GLIDE WARNING: Structure unsuitable for OPLS-AA force field: glide_dock_ligands_r05violated_3-0001_in.maegz
SKIP LIG      262 (CHEMBL536999): STRUCTURE INCOMPATIBLE WITH FORCE FIELD
GLIDE WARNING: Will skip atomtyping, docking.
Glide: WARNING mmlewis warning: Wrong Lewis structure in structure input file
mmlewis warning: with title: CHEMBL539350
mmlewis warning: Problems were identified with the following atoms:
mmlewis warning:  2 3 4 8 9 19 20 22 23 24 25 26 27 29 34 
mmlewis warning: Now attempting to fix the lewis structure.
Glide: FATAL mmlewis error: Problems remain with the following atoms:
mmlewis error:  2 4 26 27 29
Glide: FATAL mmlewis_apply(): Unable to handle mol 2
Glide: FATAL mmlewis_apply(): Error in handling of full CT
run_mmlewis: Failed to generate a valid lewis structure.
GLIDE WARNING: Structure unsuitable for OPLS-AA force field: glide_dock_ligands_r05violated_3-0001_in.maegz
SKIP LIG      263 (CHEMBL539350): STRUCTURE INCOMPATIBLE WITH FORCE FIELD
GLIDE WARNING: Will skip atomtyping, docking.
Glide: WARNING mmlewis warning: Wrong Lewis structure in structure input file
mmlewis warning: with title: CHEMBL539352
mmlewis warning: Problems were identified with the following atoms:
mmlewis warning:  1 4 5 7 8 18 19 23 24 25 26 28 33 36 37 
mmlewis warning: Now attempting to fix the lewis structure.
Glide: FATAL mmlewis error: Problems remain with the following atoms:
mmlewis error:  1 25 26 28 36
Glide: FATAL mmlewis_apply(): Unable to handle mol 1
Glide: FATAL mmlewis_apply(): Error in handling of full CT
run_mmlewis: Failed to generate a valid lewis structure.
GLIDE WARNING: Structure unsuitable for OPLS-AA force field: glide_dock_ligands_r05violated_3-0001_in.maegz
SKIP LIG      264 (CHEMBL539352): STRUCTURE INCOMPATIBLE WITH FORCE FIELD
GLIDE WARNING: Will skip atomtyping, docking.
Glide: WARNING mmlewis warning: Wrong Lewis structure in structure input file
mmlewis warning: with title: CHEMBL540888
mmlewis warning: Problems were identified with the following atoms:
mmlewis warning:  2 3 4 8 9 19 20 22 23 24 25 28 30 35 
mmlewis warning: Now attempting to fix the lewis structure.
Glide: FATAL mmlewis error: Problems remain with the following atoms:
mmlewis error:  2 4 26 28 30
Glide: FATAL mmlewis_apply(): Unable to handle mol 2
Glide: FATAL mmlewis_apply(): Error in handling of full CT
run_mmlewis: Failed to generate a valid lewis structure.
GLIDE WARNING: Structure unsuitable for OPLS-AA force field: glide_dock_ligands_r05violated_3-0001_in.maegz
SKIP LIG      265 (CHEMBL540888): STRUCTURE INCOMPATIBLE WITH FORCE FIELD
GLIDE WARNING: Will skip atomtyping, docking.
Glide: WARNING mmlewis warning: Wrong Lewis structure in structure input file
mmlewis warning: with title: CHEMBL541438
mmlewis warning: Problems were identified with the following atoms:
mmlewis warning:  1 2 3 8 15 17 18 20 25 
mmlewis warning: Now attempting to fix the lewis structure.
Glide: FATAL mmlewis error: Problems remain with the following atoms:
mmlewis error:  1 3 8 17 20 25
Glide: FATAL mmlewis_apply(): Unable to handle mol 1
Glide: WARNING mmlewis warning: Wrong Lewis structure in structure input file
mmlewis warning: with title: CHEMBL541438
mmlewis warning: Problems were identified with the following atoms:
mmlewis warning:  30 
mmlewis warning: Now attempting to fix the lewis structure.
Glide: WARNING mmlewis warning: A valid lewis structure was successfully generated.
Glide: WARNING mmlewis warning: Wrong Lewis structure in structure input file
mmlewis warning: with title: CHEMBL541438
mmlewis warning: Problems were identified with the following atoms:
mmlewis warning:  37 
mmlewis warning: Now attempting to fix the lewis structure.
Glide: WARNING mmlewis warning: A valid lewis structure was successfully generated.
Glide: FATAL mmlewis_apply(): Error in handling of full CT
run_mmlewis: Failed to generate a valid lewis structure.
GLIDE WARNING: Structure unsuitable for OPLS-AA force field: glide_dock_ligands_r05violated_3-0001_in.maegz
SKIP LIG      266 (CHEMBL541438): STRUCTURE INCOMPATIBLE WITH FORCE FIELD
GLIDE WARNING: Will skip atomtyping, docking.
Glide: WARNING mmlewis warning: Wrong Lewis structure in structure input file
mmlewis warning: with title: CHEMBL541919
mmlewis warning: Problems were identified with the following atoms:
mmlewis warning:  1 3 6 8 9 12 13 14 17 18 19 20 21 22 23 24 25 26 30 31 32 34 
mmlewis warning: Now attempting to fix the lewis structure.
Glide: FATAL mmlewis error: Problems remain with the following atoms:
mmlewis error:  1 3 10 14 21 22 26 34
Glide: FATAL mmlewis_apply(): Unable to handle mol 1
Glide: FATAL mmlewis_apply(): Error in handling of full CT
run_mmlewis: Failed to generate a valid lewis structure.
GLIDE WARNING: Structure unsuitable for OPLS-AA force field: glide_dock_ligands_r05violated_3-0001_in.maegz
SKIP LIG      267 (CHEMBL541919): STRUCTURE INCOMPATIBLE WITH FORCE FIELD
GLIDE WARNING: Will skip atomtyping, docking.
Glide: WARNING mmlewis warning: Wrong Lewis structure in structure input file
mmlewis warning: with title: CHEMBL549502
mmlewis warning: Problems were identified with the following atoms:
mmlewis warning:  1 2 3 8 9 11 13 14 16 21 
mmlewis warning: Now attempting to fix the lewis structure.
Glide: FATAL mmlewis error: Problems remain with the following atoms:
mmlewis error:  1 3 11 16 21
Glide: FATAL mmlewis_apply(): Unable to handle mol 1
Glide: WARNING mmlewis warning: Wrong Lewis structure in structure input file
mmlewis warning: with title: CHEMBL549502
mmlewis warning: Problems were identified with the following atoms:
mmlewis warning:  26 
mmlewis warning: Now attempting to fix the lewis structure.
Glide: WARNING mmlewis warning: A valid lewis structure was successfully generated.
Glide: WARNING mmlewis warning: Wrong Lewis structure in structure input file
mmlewis warning: with title: CHEMBL549502
mmlewis warning: Problems were identified with the following atoms:
mmlewis warning:  33 
mmlewis warning: Now attempting to fix the lewis structure.
Glide: WARNING mmlewis warning: A valid lewis structure was successfully generated.
Glide: FATAL mmlewis_apply(): Error in handling of full CT
run_mmlewis: Failed to generate a valid lewis structure.
GLIDE WARNING: Structure unsuitable for OPLS-AA force field: glide_dock_ligands_r05violated_3-0001_in.maegz
SKIP LIG      268 (CHEMBL549502): STRUCTURE INCOMPATIBLE WITH FORCE FIELD
GLIDE WARNING: Will skip atomtyping, docking.
Glide: WARNING mmlewis warning: Wrong Lewis structure in structure input file
mmlewis warning: with title: CHEMBL549645
mmlewis warning: Problems were identified with the following atoms:
mmlewis warning:  1 6 7 13 14 15 16 17 19 24 27 
mmlewis warning: Now attempting to fix the lewis structure.
Glide: FATAL mmlewis error: Problems remain with the following atoms:
mmlewis error:  1 14 16 27
Glide: FATAL mmlewis_apply(): Unable to handle mol 1
Glide: WARNING mmlewis warning: Wrong Lewis structure in structure input file
mmlewis warning: with title: CHEMBL549645
mmlewis warning: Problems were identified with the following atoms:
mmlewis warning:  30 
mmlewis warning: Now attempting to fix the lewis structure.
Glide: WARNING mmlewis warning: A valid lewis structure was successfully generated.
Glide: FATAL mmlewis_apply(): Error in handling of full CT
run_mmlewis: Failed to generate a valid lewis structure.
GLIDE WARNING: Structure unsuitable for OPLS-AA force field: glide_dock_ligands_r05violated_3-0001_in.maegz
SKIP LIG      269 (CHEMBL549645): STRUCTURE INCOMPATIBLE WITH FORCE FIELD
GLIDE WARNING: Will skip atomtyping, docking.
Glide: WARNING mmlewis warning: Wrong Lewis structure in structure input file
mmlewis warning: with title: CHEMBL552503
mmlewis warning: Problems were identified with the following atoms:
mmlewis warning:  1 3 6 8 9 12 13 16 17 18 19 20 21 22 23 24 25 26 30 31 32 34 
mmlewis warning: Now attempting to fix the lewis structure.
Glide: FATAL mmlewis error: Problems remain with the following atoms:
mmlewis error:  1 3 10 20 26 34
Glide: FATAL mmlewis_apply(): Unable to handle mol 1
Glide: FATAL mmlewis_apply(): Error in handling of full CT
run_mmlewis: Failed to generate a valid lewis structure.
GLIDE WARNING: Structure unsuitable for OPLS-AA force field: glide_dock_ligands_r05violated_3-0001_in.maegz
SKIP LIG      270 (CHEMBL552503): STRUCTURE INCOMPATIBLE WITH FORCE FIELD
GLIDE WARNING: Will skip atomtyping, docking.
Glide: WARNING mmlewis warning: Wrong Lewis structure in structure input file
mmlewis warning: with title: CHEMBL556979
mmlewis warning: Problems were identified with the following atoms:
mmlewis warning:  1 3 6 7 17 18 22 23 24 25 27 32 
mmlewis warning: Now attempting to fix the lewis structure.
Glide: FATAL mmlewis error: Problems remain with the following atoms:
mmlewis error:  1 3 22 24 25 27
Glide: FATAL mmlewis_apply(): Unable to handle mol 1
Glide: FATAL mmlewis_apply(): Error in handling of full CT
run_mmlewis: Failed to generate a valid lewis structure.
GLIDE WARNING: Structure unsuitable for OPLS-AA force field: glide_dock_ligands_r05violated_3-0001_in.maegz
SKIP LIG      271 (CHEMBL556979): STRUCTURE INCOMPATIBLE WITH FORCE FIELD
GLIDE WARNING: Will skip atomtyping, docking.
Glide: WARNING mmlewis warning: Wrong Lewis structure in structure input file
mmlewis warning: with title: CHEMBL557176
mmlewis warning: Problems were identified with the following atoms:
mmlewis warning:  2 3 4 8 9 19 20 22 23 24 25 27 29 34 
mmlewis warning: Now attempting to fix the lewis structure.
Glide: FATAL mmlewis error: Problems remain with the following atoms:
mmlewis error:  2 4 27 29
Glide: FATAL mmlewis_apply(): Unable to handle mol 2
Glide: FATAL mmlewis_apply(): Error in handling of full CT
run_mmlewis: Failed to generate a valid lewis structure.
GLIDE WARNING: Structure unsuitable for OPLS-AA force field: glide_dock_ligands_r05violated_3-0001_in.maegz
SKIP LIG      272 (CHEMBL557176): STRUCTURE INCOMPATIBLE WITH FORCE FIELD
GLIDE WARNING: Will skip atomtyping, docking.
Glide: WARNING mmlewis warning: Wrong Lewis structure in structure input file
mmlewis warning: with title: CHEMBL557447
mmlewis warning: Problems were identified with the following atoms:
mmlewis warning:  1 2 3 8 12 14 15 17 22 
mmlewis warning: Now attempting to fix the lewis structure.
Glide: FATAL mmlewis error: Problems remain with the following atoms:
mmlewis error:  1 3 8 14 17 22
Glide: FATAL mmlewis_apply(): Unable to handle mol 1
Glide: WARNING mmlewis warning: Wrong Lewis structure in structure input file
mmlewis warning: with title: CHEMBL557447
mmlewis warning: Problems were identified with the following atoms:
mmlewis warning:  27 
mmlewis warning: Now attempting to fix the lewis structure.
Glide: WARNING mmlewis warning: A valid lewis structure was successfully generated.
Glide: WARNING mmlewis warning: Wrong Lewis structure in structure input file
mmlewis warning: with title: CHEMBL557447
mmlewis warning: Problems were identified with the following atoms:
mmlewis warning:  34 
mmlewis warning: Now attempting to fix the lewis structure.
Glide: WARNING mmlewis warning: A valid lewis structure was successfully generated.
Glide: FATAL mmlewis_apply(): Error in handling of full CT
run_mmlewis: Failed to generate a valid lewis structure.
GLIDE WARNING: Structure unsuitable for OPLS-AA force field: glide_dock_ligands_r05violated_3-0001_in.maegz
SKIP LIG      273 (CHEMBL557447): STRUCTURE INCOMPATIBLE WITH FORCE FIELD
GLIDE WARNING: Will skip atomtyping, docking.
Glide: WARNING mmlewis warning: Wrong Lewis structure in structure input file
mmlewis warning: with title: CHEMBL557514
mmlewis warning: Problems were identified with the following atoms:
mmlewis warning:  1 3 6 11 12 13 14 16 21 24 
mmlewis warning: Now attempting to fix the lewis structure.
Glide: FATAL mmlewis error: Problems remain with the following atoms:
mmlewis error:  1 3 11 13 16 24
Glide: FATAL mmlewis_apply(): Unable to handle mol 1
Glide: WARNING mmlewis warning: Wrong Lewis structure in structure input file
mmlewis warning: with title: CHEMBL557514
mmlewis warning: Problems were identified with the following atoms:
mmlewis warning:  27 
mmlewis warning: Now attempting to fix the lewis structure.
Glide: WARNING mmlewis warning: A valid lewis structure was successfully generated.
Glide: WARNING mmlewis warning: Wrong Lewis structure in structure input file
mmlewis warning: with title: CHEMBL557514
mmlewis warning: Problems were identified with the following atoms:
mmlewis warning:  34 
mmlewis warning: Now attempting to fix the lewis structure.
Glide: WARNING mmlewis warning: A valid lewis structure was successfully generated.
Glide: FATAL mmlewis_apply(): Error in handling of full CT
run_mmlewis: Failed to generate a valid lewis structure.
GLIDE WARNING: Structure unsuitable for OPLS-AA force field: glide_dock_ligands_r05violated_3-0001_in.maegz
SKIP LIG      274 (CHEMBL557514): STRUCTURE INCOMPATIBLE WITH FORCE FIELD
GLIDE WARNING: Will skip atomtyping, docking.
Glide: WARNING mmlewis warning: Wrong Lewis structure in structure input file
mmlewis warning: with title: CHEMBL559371
mmlewis warning: Problems were identified with the following atoms:
mmlewis warning:  2 3 4 8 9 19 20 22 23 26 27 28 30 35 
mmlewis warning: Now attempting to fix the lewis structure.
Glide: FATAL mmlewis error: Problems remain with the following atoms:
mmlewis error:  2 4 27 28 30
Glide: FATAL mmlewis_apply(): Unable to handle mol 2
Glide: FATAL mmlewis_apply(): Error in handling of full CT
run_mmlewis: Failed to generate a valid lewis structure.
GLIDE WARNING: Structure unsuitable for OPLS-AA force field: glide_dock_ligands_r05violated_3-0001_in.maegz
SKIP LIG      275 (CHEMBL559371): STRUCTURE INCOMPATIBLE WITH FORCE FIELD
GLIDE WARNING: Will skip atomtyping, docking.
Glide: WARNING mmlewis warning: Wrong Lewis structure in structure input file
mmlewis warning: with title: CHEMBL559477
mmlewis warning: Problems were identified with the following atoms:
mmlewis warning:  1 2 3 8 12 14 15 17 22 
mmlewis warning: Now attempting to fix the lewis structure.
Glide: FATAL mmlewis error: Problems remain with the following atoms:
mmlewis error:  1 3 8 14 17 22
Glide: FATAL mmlewis_apply(): Unable to handle mol 1
Glide: WARNING mmlewis warning: Wrong Lewis structure in structure input file
mmlewis warning: with title: CHEMBL559477
mmlewis warning: Problems were identified with the following atoms:
mmlewis warning:  27 
mmlewis warning: Now attempting to fix the lewis structure.
Glide: WARNING mmlewis warning: A valid lewis structure was successfully generated.
Glide: WARNING mmlewis warning: Wrong Lewis structure in structure input file
mmlewis warning: with title: CHEMBL559477
mmlewis warning: Problems were identified with the following atoms:
mmlewis warning:  34 
mmlewis warning: Now attempting to fix the lewis structure.
Glide: WARNING mmlewis warning: A valid lewis structure was successfully generated.
Glide: FATAL mmlewis_apply(): Error in handling of full CT
run_mmlewis: Failed to generate a valid lewis structure.
GLIDE WARNING: Structure unsuitable for OPLS-AA force field: glide_dock_ligands_r05violated_3-0001_in.maegz
SKIP LIG      276 (CHEMBL559477): STRUCTURE INCOMPATIBLE WITH FORCE FIELD
GLIDE WARNING: Will skip atomtyping, docking.
Glide: WARNING mmlewis warning: Wrong Lewis structure in structure input file
mmlewis warning: with title: CHEMBL559940
mmlewis warning: Problems were identified with the following atoms:
mmlewis warning:  1 6 7 10 14 15 16 17 19 24 27 
mmlewis warning: Now attempting to fix the lewis structure.
Glide: FATAL mmlewis error: Problems remain with the following atoms:
mmlewis error:  1 10 14 16 19 27
Glide: FATAL mmlewis_apply(): Unable to handle mol 1
Glide: WARNING mmlewis warning: Wrong Lewis structure in structure input file
mmlewis warning: with title: CHEMBL559940
mmlewis warning: Problems were identified with the following atoms:
mmlewis warning:  30 
mmlewis warning: Now attempting to fix the lewis structure.
Glide: WARNING mmlewis warning: A valid lewis structure was successfully generated.
Glide: FATAL mmlewis_apply(): Error in handling of full CT
run_mmlewis: Failed to generate a valid lewis structure.
GLIDE WARNING: Structure unsuitable for OPLS-AA force field: glide_dock_ligands_r05violated_3-0001_in.maegz
SKIP LIG      277 (CHEMBL559940): STRUCTURE INCOMPATIBLE WITH FORCE FIELD
GLIDE WARNING: Will skip atomtyping, docking.
Glide: WARNING mmlewis warning: Wrong Lewis structure in structure input file
mmlewis warning: with title: CHEMBL560192
mmlewis warning: Problems were identified with the following atoms:
mmlewis warning:  1 2 7 8 11 15 16 17 18 20 25 28 
mmlewis warning: Now attempting to fix the lewis structure.
Glide: FATAL mmlewis error: Problems remain with the following atoms:
mmlewis error:  1 11 15 17 20 28
Glide: FATAL mmlewis_apply(): Unable to handle mol 1
Glide: WARNING mmlewis warning: Wrong Lewis structure in structure input file
mmlewis warning: with title: CHEMBL560192
mmlewis warning: Problems were identified with the following atoms:
mmlewis warning:  31 
mmlewis warning: Now attempting to fix the lewis structure.
Glide: WARNING mmlewis warning: A valid lewis structure was successfully generated.
Glide: FATAL mmlewis_apply(): Error in handling of full CT
run_mmlewis: Failed to generate a valid lewis structure.
GLIDE WARNING: Structure unsuitable for OPLS-AA force field: glide_dock_ligands_r05violated_3-0001_in.maegz
SKIP LIG      278 (CHEMBL560192): STRUCTURE INCOMPATIBLE WITH FORCE FIELD
GLIDE WARNING: Will skip atomtyping, docking.
Glide: WARNING mmlewis warning: Wrong Lewis structure in structure input file
mmlewis warning: with title: CHEMBL560729
mmlewis warning: Problems were identified with the following atoms:
mmlewis warning:  1 3 7 8 11 15 16 17 18 20 25 28 
mmlewis warning: Now attempting to fix the lewis structure.
Glide: FATAL mmlewis error: Problems remain with the following atoms:
mmlewis error:  1 3 11 15 17 20 28
Glide: FATAL mmlewis_apply(): Unable to handle mol 1
Glide: WARNING mmlewis warning: Wrong Lewis structure in structure input file
mmlewis warning: with title: CHEMBL560729
mmlewis warning: Problems were identified with the following atoms:
mmlewis warning:  31 
mmlewis warning: Now attempting to fix the lewis structure.
Glide: WARNING mmlewis warning: A valid lewis structure was successfully generated.
Glide: FATAL mmlewis_apply(): Error in handling of full CT
run_mmlewis: Failed to generate a valid lewis structure.
GLIDE WARNING: Structure unsuitable for OPLS-AA force field: glide_dock_ligands_r05violated_3-0001_in.maegz
SKIP LIG      279 (CHEMBL560729): STRUCTURE INCOMPATIBLE WITH FORCE FIELD
GLIDE WARNING: Will skip atomtyping, docking.
Glide: WARNING mmlewis warning: Wrong Lewis structure in structure input file
mmlewis warning: with title: CHEMBL560926
mmlewis warning: Problems were identified with the following atoms:
mmlewis warning:  1 2 3 8 9 10 13 14 16 21 
mmlewis warning: Now attempting to fix the lewis structure.
Glide: FATAL mmlewis error: Problems remain with the following atoms:
mmlewis error:  1 3 10 16 21
Glide: FATAL mmlewis_apply(): Unable to handle mol 1
Glide: WARNING mmlewis warning: Wrong Lewis structure in structure input file
mmlewis warning: with title: CHEMBL560926
mmlewis warning: Problems were identified with the following atoms:
mmlewis warning:  26 
mmlewis warning: Now attempting to fix the lewis structure.
Glide: WARNING mmlewis warning: A valid lewis structure was successfully generated.
Glide: WARNING mmlewis warning: Wrong Lewis structure in structure input file
mmlewis warning: with title: CHEMBL560926
mmlewis warning: Problems were identified with the following atoms:
mmlewis warning:  33 
mmlewis warning: Now attempting to fix the lewis structure.
Glide: WARNING mmlewis warning: A valid lewis structure was successfully generated.
Glide: FATAL mmlewis_apply(): Error in handling of full CT
run_mmlewis: Failed to generate a valid lewis structure.
GLIDE WARNING: Structure unsuitable for OPLS-AA force field: glide_dock_ligands_r05violated_3-0001_in.maegz
SKIP LIG      280 (CHEMBL560926): STRUCTURE INCOMPATIBLE WITH FORCE FIELD
GLIDE WARNING: Will skip atomtyping, docking.
Glide: WARNING mmlewis warning: Wrong Lewis structure in structure input file
mmlewis warning: with title: CHEMBL561793
mmlewis warning: Problems were identified with the following atoms:
mmlewis warning:  1 5 7 8 11 15 16 17 18 20 25 28 
mmlewis warning: Now attempting to fix the lewis structure.
Glide: FATAL mmlewis error: Problems remain with the following atoms:
mmlewis error:  1 11 15 17 20 28
Glide: FATAL mmlewis_apply(): Unable to handle mol 1
Glide: WARNING mmlewis warning: Wrong Lewis structure in structure input file
mmlewis warning: with title: CHEMBL561793
mmlewis warning: Problems were identified with the following atoms:
mmlewis warning:  31 
mmlewis warning: Now attempting to fix the lewis structure.
Glide: WARNING mmlewis warning: A valid lewis structure was successfully generated.
Glide: FATAL mmlewis_apply(): Error in handling of full CT
run_mmlewis: Failed to generate a valid lewis structure.
GLIDE WARNING: Structure unsuitable for OPLS-AA force field: glide_dock_ligands_r05violated_3-0001_in.maegz
SKIP LIG      281 (CHEMBL561793): STRUCTURE INCOMPATIBLE WITH FORCE FIELD
GLIDE WARNING: Will skip atomtyping, docking.
Glide: WARNING mmlewis warning: Wrong Lewis structure in structure input file
mmlewis warning: with title: CHEMBL562188
mmlewis warning: Problems were identified with the following atoms:
mmlewis warning:  1 2 3 8 10 11 13 14 16 21 
mmlewis warning: Now attempting to fix the lewis structure.
Glide: FATAL mmlewis error: Problems remain with the following atoms:
mmlewis error:  1 3 8 16 21
Glide: FATAL mmlewis_apply(): Unable to handle mol 1
Glide: WARNING mmlewis warning: Wrong Lewis structure in structure input file
mmlewis warning: with title: CHEMBL562188
mmlewis warning: Problems were identified with the following atoms:
mmlewis warning:  26 
mmlewis warning: Now attempting to fix the lewis structure.
Glide: WARNING mmlewis warning: A valid lewis structure was successfully generated.
Glide: WARNING mmlewis warning: Wrong Lewis structure in structure input file
mmlewis warning: with title: CHEMBL562188
mmlewis warning: Problems were identified with the following atoms:
mmlewis warning:  33 
mmlewis warning: Now attempting to fix the lewis structure.
Glide: WARNING mmlewis warning: A valid lewis structure was successfully generated.
Glide: FATAL mmlewis_apply(): Error in handling of full CT
run_mmlewis: Failed to generate a valid lewis structure.
GLIDE WARNING: Structure unsuitable for OPLS-AA force field: glide_dock_ligands_r05violated_3-0001_in.maegz
SKIP LIG      282 (CHEMBL562188): STRUCTURE INCOMPATIBLE WITH FORCE FIELD
GLIDE WARNING: Will skip atomtyping, docking.
Glide: WARNING mmlewis warning: Wrong Lewis structure in structure input file
mmlewis warning: with title: CHEMBL562388
mmlewis warning: Problems were identified with the following atoms:
mmlewis warning:  1 2 3 9 10 11 13 14 16 21 
mmlewis warning: Now attempting to fix the lewis structure.
Glide: FATAL mmlewis error: Problems remain with the following atoms:
mmlewis error:  1 3 11 16 21
Glide: FATAL mmlewis_apply(): Unable to handle mol 1
Glide: WARNING mmlewis warning: Wrong Lewis structure in structure input file
mmlewis warning: with title: CHEMBL562388
mmlewis warning: Problems were identified with the following atoms:
mmlewis warning:  26 
mmlewis warning: Now attempting to fix the lewis structure.
Glide: WARNING mmlewis warning: A valid lewis structure was successfully generated.
Glide: WARNING mmlewis warning: Wrong Lewis structure in structure input file
mmlewis warning: with title: CHEMBL562388
mmlewis warning: Problems were identified with the following atoms:
mmlewis warning:  33 
mmlewis warning: Now attempting to fix the lewis structure.
Glide: WARNING mmlewis warning: A valid lewis structure was successfully generated.
Glide: FATAL mmlewis_apply(): Error in handling of full CT
run_mmlewis: Failed to generate a valid lewis structure.
GLIDE WARNING: Structure unsuitable for OPLS-AA force field: glide_dock_ligands_r05violated_3-0001_in.maegz
SKIP LIG      283 (CHEMBL562388): STRUCTURE INCOMPATIBLE WITH FORCE FIELD
GLIDE WARNING: Will skip atomtyping, docking.
Glide: WARNING mmlewis warning: Wrong Lewis structure in structure input file
mmlewis warning: with title: CHEMBL563155
mmlewis warning: Problems were identified with the following atoms:
mmlewis warning:  1 2 3 8 9 16 18 19 21 26 
mmlewis warning: Now attempting to fix the lewis structure.
Glide: FATAL mmlewis error: Problems remain with the following atoms:
mmlewis error:  1 3 16 21 26
Glide: FATAL mmlewis_apply(): Unable to handle mol 1
Glide: WARNING mmlewis warning: Wrong Lewis structure in structure input file
mmlewis warning: with title: CHEMBL563155
mmlewis warning: Problems were identified with the following atoms:
mmlewis warning:  31 
mmlewis warning: Now attempting to fix the lewis structure.
Glide: WARNING mmlewis warning: A valid lewis structure was successfully generated.
Glide: FATAL mmlewis_apply(): Error in handling of full CT
run_mmlewis: Failed to generate a valid lewis structure.
GLIDE WARNING: Structure unsuitable for OPLS-AA force field: glide_dock_ligands_r05violated_3-0001_in.maegz
SKIP LIG      284 (CHEMBL563155): STRUCTURE INCOMPATIBLE WITH FORCE FIELD
GLIDE WARNING: Will skip atomtyping, docking.
Glide: WARNING mmlewis warning: Wrong Lewis structure in structure input file
mmlewis warning: with title: CHEMBL567893
mmlewis warning: Problems were identified with the following atoms:
mmlewis warning:  1 5 6 7 8 12 13 15 16 17 18 19 21 24 25 26 29 30 33 34 35 36 37 38 39 40 41 44 45 47 49 52 53 54 55 56 57 60 64 68 69 70 71 73 74 75 76 77 78 79 80 81 82 83 
mmlewis warning: Now attempting to fix the lewis structure.
Glide: FATAL mmlewis error: Problems remain with the following atoms:
mmlewis error:  1 8 19 21 25 33 39 40 47 55 56 70 71 73 74 76 77 79 80 82
run_mmlewis: Failed to generate a valid lewis structure.
GLIDE WARNING: Structure unsuitable for OPLS-AA force field: glide_dock_ligands_r05violated_3-0001_in.maegz
SKIP LIG      285 (CHEMBL567893): STRUCTURE INCOMPATIBLE WITH FORCE FIELD
GLIDE WARNING: Will skip atomtyping, docking.
Glide: WARNING mmlewis warning: Wrong Lewis structure in structure input file
mmlewis warning: with title: CHEMBL599763
mmlewis warning: Problems were identified with the following atoms:
mmlewis warning:  3 4 6 7 10 12 13 14 15 16 17 18 19 20 21 22 24 25 27 28 30 
mmlewis warning: Now attempting to fix the lewis structure.
Glide: FATAL mmlewis error: Problems remain with the following atoms:
mmlewis error:  10 28
run_mmlewis: Failed to generate a valid lewis structure.
GLIDE WARNING: Structure unsuitable for OPLS-AA force field: glide_dock_ligands_r05violated_3-0001_in.maegz
SKIP LIG      286 (CHEMBL599763): STRUCTURE INCOMPATIBLE WITH FORCE FIELD
GLIDE WARNING: Will skip atomtyping, docking.
Glide: WARNING mmlewis warning: Wrong Lewis structure in structure input file
mmlewis warning: with title: CHEMBL1160335
mmlewis warning: Problems were identified with the following atoms:
mmlewis warning:  1 5 7 8 10 14 15 18 19 22 23 24 25 26 27 28 32 33 34 35 38 
mmlewis warning: Now attempting to fix the lewis structure.
Glide: FATAL mmlewis error: Problems remain with the following atoms:
mmlewis error:  1 5 10 28 34
Glide: FATAL mmlewis_apply(): Unable to handle mol 1
Glide: WARNING mmlewis warning: Wrong Lewis structure in structure input file
mmlewis warning: with title: CHEMBL1160335
mmlewis warning: Problems were identified with the following atoms:
mmlewis warning:  41 
mmlewis warning: Now attempting to fix the lewis structure.
Glide: WARNING mmlewis warning: A valid lewis structure was successfully generated.
Glide: FATAL mmlewis_apply(): Error in handling of full CT
run_mmlewis: Failed to generate a valid lewis structure.
GLIDE WARNING: Structure unsuitable for OPLS-AA force field: glide_dock_ligands_r05violated_3-0001_in.maegz
SKIP LIG      287 (CHEMBL1160335): STRUCTURE INCOMPATIBLE WITH FORCE FIELD
GLIDE WARNING: Will skip atomtyping, docking.
Glide: WARNING mmlewis warning: Wrong Lewis structure in structure input file
mmlewis warning: with title: CHEMBL1162974
mmlewis warning: Problems were identified with the following atoms:
mmlewis warning:  1 2 3 8 9 12 15 23 24 25 26 
mmlewis warning: Now attempting to fix the lewis structure.
Glide: FATAL mmlewis error: Problems remain with the following atoms:
mmlewis error:  1 3 12 15
Glide: FATAL mmlewis_apply(): Unable to handle mol 1
Glide: WARNING mmlewis warning: Wrong Lewis structure in structure input file
mmlewis warning: with title: CHEMBL1162974
mmlewis warning: Problems were identified with the following atoms:
mmlewis warning:  29 
mmlewis warning: Now attempting to fix the lewis structure.
Glide: WARNING mmlewis warning: A valid lewis structure was successfully generated.
Glide: FATAL mmlewis_apply(): Error in handling of full CT
run_mmlewis: Failed to generate a valid lewis structure.
GLIDE WARNING: Structure unsuitable for OPLS-AA force field: glide_dock_ligands_r05violated_3-0001_in.maegz
SKIP LIG      288 (CHEMBL1162974): STRUCTURE INCOMPATIBLE WITH FORCE FIELD
GLIDE WARNING: Will skip atomtyping, docking.
Glide: WARNING mmlewis warning: Wrong Lewis structure in structure input file
mmlewis warning: with title: CHEMBL1186023
mmlewis warning: Problems were identified with the following atoms:
mmlewis warning:  1 2 3 4 7 8 10 11 14 15 16 17 21 22 23 24 26 29 30 33 34 37 
mmlewis warning: Now attempting to fix the lewis structure.
Glide: FATAL mmlewis error: Problems remain with the following atoms:
mmlewis error:  1 3 17 21 23 24 26 31 33
run_mmlewis: Failed to generate a valid lewis structure.
GLIDE WARNING: Structure unsuitable for OPLS-AA force field: glide_dock_ligands_r05violated_3-0001_in.maegz
SKIP LIG      289 (CHEMBL1186023): STRUCTURE INCOMPATIBLE WITH FORCE FIELD
GLIDE WARNING: Will skip atomtyping, docking.
Glide: WARNING mmlewis warning: Wrong Lewis structure in structure input file
mmlewis warning: with title: CHEMBL1202085
mmlewis warning: Problems were identified with the following atoms:
mmlewis warning:  1 4 7 8 10 11 12 13 17 18 19 20 25 28 31 
mmlewis warning: Now attempting to fix the lewis structure.
Glide: FATAL mmlewis error: Problems remain with the following atoms:
mmlewis error:  1 13 19 25 28 29 31
Glide: FATAL mmlewis_apply(): Unable to handle mol 1
Glide: WARNING mmlewis warning: Wrong Lewis structure in structure input file
mmlewis warning: with title: CHEMBL1202085
mmlewis warning: Problems were identified with the following atoms:
mmlewis warning:  34 37 
mmlewis warning: Now attempting to fix the lewis structure.
Glide: WARNING mmlewis warning: A valid lewis structure was successfully generated.
Glide: FATAL mmlewis_apply(): Error in handling of full CT
run_mmlewis: Failed to generate a valid lewis structure.
GLIDE WARNING: Structure unsuitable for OPLS-AA force field: glide_dock_ligands_r05violated_3-0001_in.maegz
SKIP LIG      290 (CHEMBL1202085): STRUCTURE INCOMPATIBLE WITH FORCE FIELD
GLIDE WARNING: Will skip atomtyping, docking.
Glide: WARNING mmlewis warning: Wrong Lewis structure in structure input file
mmlewis warning: with title: CHEMBL1203953
mmlewis warning: Problems were identified with the following atoms:
mmlewis warning:  2 3 4 8 9 19 20 22 23 26 27 28 30 35 
mmlewis warning: Now attempting to fix the lewis structure.
Glide: FATAL mmlewis error: Problems remain with the following atoms:
mmlewis error:  2 4 27 28 30
Glide: FATAL mmlewis_apply(): Unable to handle mol 2
Glide: FATAL mmlewis_apply(): Error in handling of full CT
run_mmlewis: Failed to generate a valid lewis structure.
GLIDE WARNING: Structure unsuitable for OPLS-AA force field: glide_dock_ligands_r05violated_3-0001_in.maegz
SKIP LIG      291 (CHEMBL1203953): STRUCTURE INCOMPATIBLE WITH FORCE FIELD
GLIDE WARNING: Will skip atomtyping, docking.
Glide: WARNING mmlewis warning: Wrong Lewis structure in structure input file
mmlewis warning: with title: CHEMBL1275851
mmlewis warning: Problems were identified with the following atoms:
mmlewis warning:  1 4 5 7 9 10 11 15 16 17 18 20 25 28 29 33 34 
mmlewis warning: Now attempting to fix the lewis structure.
Glide: FATAL mmlewis error: Problems remain with the following atoms:
mmlewis error:  1 7 9 11 17 18 20 33
Glide: FATAL mmlewis_apply(): Unable to handle mol 1
Glide: WARNING mmlewis warning: Wrong Lewis structure in structure input file
mmlewis warning: with title: CHEMBL1275851
mmlewis warning: Problems were identified with the following atoms:
mmlewis warning:  37 38 39 42 
mmlewis warning: Now attempting to fix the lewis structure.
Glide: WARNING mmlewis warning: A valid lewis structure was successfully generated.
Glide: FATAL mmlewis_apply(): Error in handling of full CT
run_mmlewis: Failed to generate a valid lewis structure.
GLIDE WARNING: Structure unsuitable for OPLS-AA force field: glide_dock_ligands_r05violated_3-0001_in.maegz
SKIP LIG      292 (CHEMBL1275851): STRUCTURE INCOMPATIBLE WITH FORCE FIELD
GLIDE WARNING: Will skip atomtyping, docking.
Glide: WARNING mmlewis warning: Wrong Lewis structure in structure input file
mmlewis warning: with title: CHEMBL1275852
mmlewis warning: Problems were identified with the following atoms:
mmlewis warning:  1 4 5 6 7 9 11 12 13 17 18 19 20 22 27 30 31 
mmlewis warning: Now attempting to fix the lewis structure.
Glide: FATAL mmlewis error: Problems remain with the following atoms:
mmlewis error:  1 9 11 13 19 20 22
Glide: FATAL mmlewis_apply(): Unable to handle mol 1
Glide: WARNING mmlewis warning: Wrong Lewis structure in structure input file
mmlewis warning: with title: CHEMBL1275852
mmlewis warning: Problems were identified with the following atoms:
mmlewis warning:  37 38 39 42 
mmlewis warning: Now attempting to fix the lewis structure.
Glide: WARNING mmlewis warning: A valid lewis structure was successfully generated.
Glide: FATAL mmlewis_apply(): Error in handling of full CT
run_mmlewis: Failed to generate a valid lewis structure.
GLIDE WARNING: Structure unsuitable for OPLS-AA force field: glide_dock_ligands_r05violated_3-0001_in.maegz
SKIP LIG      293 (CHEMBL1275852): STRUCTURE INCOMPATIBLE WITH FORCE FIELD
GLIDE WARNING: Will skip atomtyping, docking.
Glide: WARNING mmlewis warning: Wrong Lewis structure in structure input file
mmlewis warning: with title: CHEMBL1275853
mmlewis warning: Problems were identified with the following atoms:
mmlewis warning:  1 4 5 6 8 10 11 12 16 17 18 19 21 26 29 30 34 
mmlewis warning: Now attempting to fix the lewis structure.
Glide: FATAL mmlewis error: Problems remain with the following atoms:
mmlewis error:  1 6 8 10 12 18 19 21 34
Glide: FATAL mmlewis_apply(): Unable to handle mol 1
Glide: WARNING mmlewis warning: Wrong Lewis structure in structure input file
mmlewis warning: with title: CHEMBL1275853
mmlewis warning: Problems were identified with the following atoms:
mmlewis warning:  37 38 39 42 
mmlewis warning: Now attempting to fix the lewis structure.
Glide: WARNING mmlewis warning: A valid lewis structure was successfully generated.
Glide: FATAL mmlewis_apply(): Error in handling of full CT
run_mmlewis: Failed to generate a valid lewis structure.
GLIDE WARNING: Structure unsuitable for OPLS-AA force field: glide_dock_ligands_r05violated_3-0001_in.maegz
SKIP LIG      294 (CHEMBL1275853): STRUCTURE INCOMPATIBLE WITH FORCE FIELD
GLIDE WARNING: Will skip atomtyping, docking.
Glide: WARNING mmlewis warning: Wrong Lewis structure in structure input file
mmlewis warning: with title: CHEMBL1275854
mmlewis warning: Problems were identified with the following atoms:
mmlewis warning:  1 4 6 8 9 10 14 15 16 17 19 24 27 28 32 35 36 
mmlewis warning: Now attempting to fix the lewis structure.
Glide: FATAL mmlewis error: Problems remain with the following atoms:
mmlewis error:  1 6 8 10 16 17 19 32 35 36
Glide: FATAL mmlewis_apply(): Unable to handle mol 1
Glide: WARNING mmlewis warning: Wrong Lewis structure in structure input file
mmlewis warning: with title: CHEMBL1275854
mmlewis warning: Problems were identified with the following atoms:
mmlewis warning:  39 40 41 44 
mmlewis warning: Now attempting to fix the lewis structure.
Glide: WARNING mmlewis warning: A valid lewis structure was successfully generated.
Glide: FATAL mmlewis_apply(): Error in handling of full CT
run_mmlewis: Failed to generate a valid lewis structure.
GLIDE WARNING: Structure unsuitable for OPLS-AA force field: glide_dock_ligands_r05violated_3-0001_in.maegz
SKIP LIG      295 (CHEMBL1275854): STRUCTURE INCOMPATIBLE WITH FORCE FIELD
GLIDE WARNING: Will skip atomtyping, docking.
Glide: WARNING mmlewis warning: Wrong Lewis structure in structure input file
mmlewis warning: with title: CHEMBL1276620
mmlewis warning: Problems were identified with the following atoms:
mmlewis warning:  1 2 4 5 6 10 11 12 13 15 20 23 24 
mmlewis warning: Now attempting to fix the lewis structure.
Glide: FATAL mmlewis error: Problems remain with the following atoms:
mmlewis error:  1 4 6 12 13 15
Glide: FATAL mmlewis_apply(): Unable to handle mol 1
Glide: WARNING mmlewis warning: Wrong Lewis structure in structure input file
mmlewis warning: with title: CHEMBL1276620
mmlewis warning: Problems were identified with the following atoms:
mmlewis warning:  30 31 32 35 
mmlewis warning: Now attempting to fix the lewis structure.
Glide: WARNING mmlewis warning: A valid lewis structure was successfully generated.
Glide: FATAL mmlewis_apply(): Error in handling of full CT
run_mmlewis: Failed to generate a valid lewis structure.
GLIDE WARNING: Structure unsuitable for OPLS-AA force field: glide_dock_ligands_r05violated_3-0001_in.maegz
SKIP LIG      296 (CHEMBL1276620): STRUCTURE INCOMPATIBLE WITH FORCE FIELD
GLIDE WARNING: Will skip atomtyping, docking.
Glide: WARNING mmlewis warning: Wrong Lewis structure in structure input file
mmlewis warning: with title: CHEMBL1276650
mmlewis warning: Problems were identified with the following atoms:
mmlewis warning:  1 2 3 7 8 13 15 16 17 18 19 20 21 22 23 25 30 
mmlewis warning: Now attempting to fix the lewis structure.
Glide: FATAL mmlewis error: Problems remain with the following atoms:
mmlewis error:  1 3 13 19 20 22 23 25
Glide: FATAL mmlewis_apply(): Unable to handle mol 1
Glide: WARNING mmlewis warning: Wrong Lewis structure in structure input file
mmlewis warning: with title: CHEMBL1276650
mmlewis warning: Problems were identified with the following atoms:
mmlewis warning:  35 36 37 40 
mmlewis warning: Now attempting to fix the lewis structure.
Glide: WARNING mmlewis warning: A valid lewis structure was successfully generated.
Glide: FATAL mmlewis_apply(): Error in handling of full CT
run_mmlewis: Failed to generate a valid lewis structure.
GLIDE WARNING: Structure unsuitable for OPLS-AA force field: glide_dock_ligands_r05violated_3-0001_in.maegz
SKIP LIG      297 (CHEMBL1276650): STRUCTURE INCOMPATIBLE WITH FORCE FIELD
GLIDE WARNING: Will skip atomtyping, docking.
Glide: WARNING mmlewis warning: Wrong Lewis structure in structure input file
mmlewis warning: with title: CHEMBL1276682
mmlewis warning: Problems were identified with the following atoms:
mmlewis warning:  1 2 3 7 8 13 15 16 19 20 21 22 23 24 26 31 
mmlewis warning: Now attempting to fix the lewis structure.
Glide: FATAL mmlewis error: Problems remain with the following atoms:
mmlewis error:  1 3 13 20 21 23 24 26
Glide: FATAL mmlewis_apply(): Unable to handle mol 1
Glide: WARNING mmlewis warning: Wrong Lewis structure in structure input file
mmlewis warning: with title: CHEMBL1276682
mmlewis warning: Problems were identified with the following atoms:
mmlewis warning:  36 37 38 41 
mmlewis warning: Now attempting to fix the lewis structure.
Glide: WARNING mmlewis warning: A valid lewis structure was successfully generated.
Glide: FATAL mmlewis_apply(): Error in handling of full CT
run_mmlewis: Failed to generate a valid lewis structure.
GLIDE WARNING: Structure unsuitable for OPLS-AA force field: glide_dock_ligands_r05violated_3-0001_in.maegz
SKIP LIG      298 (CHEMBL1276682): STRUCTURE INCOMPATIBLE WITH FORCE FIELD
GLIDE WARNING: Will skip atomtyping, docking.
Glide: WARNING mmlewis warning: Wrong Lewis structure in structure input file
mmlewis warning: with title: CHEMBL1287844
mmlewis warning: Problems were identified with the following atoms:
mmlewis warning:  2 8 11 12 13 15 16 17 19 21 24 25 29 30 31 32 
mmlewis warning: Now attempting to fix the lewis structure.
Glide: FATAL mmlewis error: Problems remain with the following atoms:
mmlewis error:  2 13 15 16 17 19 21 26 31
Glide: FATAL mmlewis_apply(): Unable to handle mol 2
Glide: FATAL mmlewis_apply(): Error in handling of full CT
run_mmlewis: Failed to generate a valid lewis structure.
GLIDE WARNING: Structure unsuitable for OPLS-AA force field: glide_dock_ligands_r05violated_3-0001_in.maegz
SKIP LIG      299 (CHEMBL1287844): STRUCTURE INCOMPATIBLE WITH FORCE FIELD
GLIDE WARNING: Will skip atomtyping, docking.
Glide: WARNING mmlewis warning: Wrong Lewis structure in structure input file
mmlewis warning: with title: CHEMBL1287845
mmlewis warning: Problems were identified with the following atoms:
mmlewis warning:  1 2 4 5 6 11 16 19 20 21 23 24 25 27 29 32 33 
mmlewis warning: Now attempting to fix the lewis structure.
Glide: FATAL mmlewis error: Problems remain with the following atoms:
mmlewis error:  1 6 11 21 23 24 25 27 29 34
Glide: FATAL mmlewis_apply(): Unable to handle mol 1
Glide: FATAL mmlewis_apply(): Error in handling of full CT
run_mmlewis: Failed to generate a valid lewis structure.
GLIDE WARNING: Structure unsuitable for OPLS-AA force field: glide_dock_ligands_r05violated_3-0001_in.maegz
SKIP LIG      300 (CHEMBL1287845): STRUCTURE INCOMPATIBLE WITH FORCE FIELD
GLIDE WARNING: Will skip atomtyping, docking.
Glide: WARNING mmlewis warning: Wrong Lewis structure in structure input file
mmlewis warning: with title: CHEMBL1288289
mmlewis warning: Problems were identified with the following atoms:
mmlewis warning:  1 3 6 11 16 19 20 21 23 24 25 27 29 32 33 
mmlewis warning: Now attempting to fix the lewis structure.
Glide: FATAL mmlewis error: Problems remain with the following atoms:
mmlewis error:  1 3 6 11 21 23 24 25 27 29 34
Glide: FATAL mmlewis_apply(): Unable to handle mol 1
Glide: FATAL mmlewis_apply(): Error in handling of full CT
run_mmlewis: Failed to generate a valid lewis structure.
GLIDE WARNING: Structure unsuitable for OPLS-AA force field: glide_dock_ligands_r05violated_3-0001_in.maegz
SKIP LIG      301 (CHEMBL1288289): STRUCTURE INCOMPATIBLE WITH FORCE FIELD
GLIDE WARNING: Will skip atomtyping, docking.
Glide: WARNING mmlewis warning: Wrong Lewis structure in structure input file
mmlewis warning: with title: CHEMBL1614845
mmlewis warning: Problems were identified with the following atoms:
mmlewis warning:  1 2 3 4 5 7 8 10 11 14 16 17 21 22 23 24 26 31 34 35 38 
mmlewis warning: Now attempting to fix the lewis structure.
Glide: FATAL mmlewis error: Problems remain with the following atoms:
mmlewis error:  1 3 21 23 24 26 34
run_mmlewis: Failed to generate a valid lewis structure.
GLIDE WARNING: Structure unsuitable for OPLS-AA force field: glide_dock_ligands_r05violated_3-0001_in.maegz
SKIP LIG      302 (CHEMBL1614845): STRUCTURE INCOMPATIBLE WITH FORCE FIELD
GLIDE WARNING: Will skip atomtyping, docking.
Glide: WARNING mmlewis warning: Wrong Lewis structure in structure input file
mmlewis warning: with title: CHEMBL1644844
mmlewis warning: Problems were identified with the following atoms:
mmlewis warning:  1 3 4 8 11 13 14 15 17 18 20 22 25 26 27 28 30 31 32 33 
mmlewis warning: Now attempting to fix the lewis structure.
Glide: FATAL mmlewis error: Problems remain with the following atoms:
mmlewis error:  1 15 18 20 22 25 27 28 31
Glide: FATAL mmlewis_apply(): Unable to handle mol 1
Glide: FATAL mmlewis_apply(): Error in handling of full CT
run_mmlewis: Failed to generate a valid lewis structure.
GLIDE WARNING: Structure unsuitable for OPLS-AA force field: glide_dock_ligands_r05violated_3-0001_in.maegz
SKIP LIG      303 (CHEMBL1644844): STRUCTURE INCOMPATIBLE WITH FORCE FIELD
GLIDE WARNING: Will skip atomtyping, docking.
Glide: WARNING mmlewis warning: Wrong Lewis structure in structure input file
mmlewis warning: with title: CHEMBL1683093
mmlewis warning: Problems were identified with the following atoms:
mmlewis warning:  1 6 12 14 15 16 17 18 19 20 21 22 23 24 25 27 30 31 34 35 
mmlewis warning: Now attempting to fix the lewis structure.
Glide: FATAL mmlewis error: Problems remain with the following atoms:
mmlewis error:  1 6 12 18 24 25 27 32 34
run_mmlewis: Failed to generate a valid lewis structure.
GLIDE WARNING: Structure unsuitable for OPLS-AA force field: glide_dock_ligands_r05violated_3-0001_in.maegz
SKIP LIG      304 (CHEMBL1683093): STRUCTURE INCOMPATIBLE WITH FORCE FIELD
GLIDE WARNING: Will skip atomtyping, docking.
Glide: WARNING mmlewis warning: Wrong Lewis structure in structure input file
mmlewis warning: with title: CHEMBL1683094
mmlewis warning: Problems were identified with the following atoms:
mmlewis warning:  1 6 12 13 14 19 20 21 22 23 24 25 27 30 31 34 35 
mmlewis warning: Now attempting to fix the lewis structure.
Glide: FATAL mmlewis error: Problems remain with the following atoms:
mmlewis error:  1 6 14 24 25 27 32 34
run_mmlewis: Failed to generate a valid lewis structure.
GLIDE WARNING: Structure unsuitable for OPLS-AA force field: glide_dock_ligands_r05violated_3-0001_in.maegz
SKIP LIG      305 (CHEMBL1683094): STRUCTURE INCOMPATIBLE WITH FORCE FIELD
GLIDE WARNING: Will skip atomtyping, docking.
Glide: WARNING mmlewis warning: Wrong Lewis structure in structure input file
mmlewis warning: with title: CHEMBL1683128
mmlewis warning: Problems were identified with the following atoms:
mmlewis warning:  1 2 3 5 8 9 12 13 14 15 17 18 19 24 26 27 28 29 30 31 32 
mmlewis warning: Now attempting to fix the lewis structure.
Glide: FATAL mmlewis error: Problems remain with the following atoms:
mmlewis error:  1 3 5 10 19 24 30
run_mmlewis: Failed to generate a valid lewis structure.
GLIDE WARNING: Structure unsuitable for OPLS-AA force field: glide_dock_ligands_r05violated_3-0001_in.maegz
SKIP LIG      306 (CHEMBL1683128): STRUCTURE INCOMPATIBLE WITH FORCE FIELD
GLIDE WARNING: Will skip atomtyping, docking.
Glide: WARNING mmlewis warning: Wrong Lewis structure in structure input file
mmlewis warning: with title: CHEMBL1683486
mmlewis warning: Problems were identified with the following atoms:
mmlewis warning:  2 3 4 8 9 11 14 15 17 18 22 23 24 25 27 32 
mmlewis warning: Now attempting to fix the lewis structure.
Glide: FATAL mmlewis error: Problems remain with the following atoms:
mmlewis error:  2 4 25 27
Glide: FATAL mmlewis_apply(): Unable to handle mol 2
Glide: FATAL mmlewis_apply(): Error in handling of full CT
run_mmlewis: Failed to generate a valid lewis structure.
GLIDE WARNING: Structure unsuitable for OPLS-AA force field: glide_dock_ligands_r05violated_3-0001_in.maegz
SKIP LIG      307 (CHEMBL1683486): STRUCTURE INCOMPATIBLE WITH FORCE FIELD
GLIDE WARNING: Will skip atomtyping, docking.
Glide: WARNING mmlewis warning: Wrong Lewis structure in structure input file
mmlewis warning: with title: CHEMBL1683487
mmlewis warning: Problems were identified with the following atoms:
mmlewis warning:  1 2 6 9 10 12 13 16 18 19 23 24 25 26 28 33 36 37 
mmlewis warning: Now attempting to fix the lewis structure.
Glide: FATAL mmlewis error: Problems remain with the following atoms:
mmlewis error:  1 6 23 25 26 28 36
Glide: FATAL mmlewis_apply(): Unable to handle mol 1
Glide: FATAL mmlewis_apply(): Error in handling of full CT
run_mmlewis: Failed to generate a valid lewis structure.
GLIDE WARNING: Structure unsuitable for OPLS-AA force field: glide_dock_ligands_r05violated_3-0001_in.maegz
SKIP LIG      308 (CHEMBL1683487): STRUCTURE INCOMPATIBLE WITH FORCE FIELD
GLIDE WARNING: Will skip atomtyping, docking.
Glide: WARNING mmlewis warning: Wrong Lewis structure in structure input file
mmlewis warning: with title: CHEMBL1683488
mmlewis warning: Problems were identified with the following atoms:
mmlewis warning:  2 3 4 8 9 11 14 15 17 18 21 24 25 26 27 29 34 
mmlewis warning: Now attempting to fix the lewis structure.
Glide: FATAL mmlewis error: Problems remain with the following atoms:
mmlewis error:  2 4 21 26 27 29
Glide: FATAL mmlewis_apply(): Unable to handle mol 2
Glide: FATAL mmlewis_apply(): Error in handling of full CT
run_mmlewis: Failed to generate a valid lewis structure.
GLIDE WARNING: Structure unsuitable for OPLS-AA force field: glide_dock_ligands_r05violated_3-0001_in.maegz
SKIP LIG      309 (CHEMBL1683488): STRUCTURE INCOMPATIBLE WITH FORCE FIELD
GLIDE WARNING: Will skip atomtyping, docking.
Glide: WARNING mmlewis warning: Wrong Lewis structure in structure input file
mmlewis warning: with title: CHEMBL1683489
mmlewis warning: Problems were identified with the following atoms:
mmlewis warning:  1 2 6 9 10 11 13 14 17 19 20 24 25 26 27 29 34 37 
mmlewis warning: Now attempting to fix the lewis structure.
Glide: FATAL mmlewis error: Problems remain with the following atoms:
mmlewis error:  1 6 11 13 24 26 27 29 37
Glide: FATAL mmlewis_apply(): Unable to handle mol 1
Glide: FATAL mmlewis_apply(): Error in handling of full CT
run_mmlewis: Failed to generate a valid lewis structure.
GLIDE WARNING: Structure unsuitable for OPLS-AA force field: glide_dock_ligands_r05violated_3-0001_in.maegz
SKIP LIG      310 (CHEMBL1683489): STRUCTURE INCOMPATIBLE WITH FORCE FIELD
GLIDE WARNING: Will skip atomtyping, docking.
Glide: WARNING mmlewis warning: Wrong Lewis structure in structure input file
mmlewis warning: with title: CHEMBL1683490
mmlewis warning: Problems were identified with the following atoms:
mmlewis warning:  2 3 4 8 9 11 14 15 17 18 19 22 25 26 27 29 34 
mmlewis warning: Now attempting to fix the lewis structure.
Glide: FATAL mmlewis error: Problems remain with the following atoms:
mmlewis error:  2 4 19 22 26 27 29
Glide: FATAL mmlewis_apply(): Unable to handle mol 2
Glide: FATAL mmlewis_apply(): Error in handling of full CT
run_mmlewis: Failed to generate a valid lewis structure.
GLIDE WARNING: Structure unsuitable for OPLS-AA force field: glide_dock_ligands_r05violated_3-0001_in.maegz
SKIP LIG      311 (CHEMBL1683490): STRUCTURE INCOMPATIBLE WITH FORCE FIELD
GLIDE WARNING: Will skip atomtyping, docking.
Glide: WARNING mmlewis warning: Wrong Lewis structure in structure input file
mmlewis warning: with title: CHEMBL1683491
mmlewis warning: Problems were identified with the following atoms:
mmlewis warning:  1 2 6 7 10 12 13 16 18 19 23 24 25 26 28 33 36 37 
mmlewis warning: Now attempting to fix the lewis structure.
Glide: FATAL mmlewis error: Problems remain with the following atoms:
mmlewis error:  1 7 10 12 23 25 26 28
Glide: FATAL mmlewis_apply(): Unable to handle mol 1
Glide: FATAL mmlewis_apply(): Error in handling of full CT
run_mmlewis: Failed to generate a valid lewis structure.
GLIDE WARNING: Structure unsuitable for OPLS-AA force field: glide_dock_ligands_r05violated_3-0001_in.maegz
SKIP LIG      312 (CHEMBL1683491): STRUCTURE INCOMPATIBLE WITH FORCE FIELD
GLIDE WARNING: Will skip atomtyping, docking.
Glide: WARNING mmlewis warning: Wrong Lewis structure in structure input file
mmlewis warning: with title: CHEMBL1683492
mmlewis warning: Problems were identified with the following atoms:
mmlewis warning:  2 3 4 8 9 11 14 15 17 18 21 23 24 27 29 31 36 
mmlewis warning: Now attempting to fix the lewis structure.
Glide: FATAL mmlewis error: Problems remain with the following atoms:
mmlewis error:  2 4 21 23 29 31
Glide: FATAL mmlewis_apply(): Unable to handle mol 2
Glide: FATAL mmlewis_apply(): Error in handling of full CT
run_mmlewis: Failed to generate a valid lewis structure.
GLIDE WARNING: Structure unsuitable for OPLS-AA force field: glide_dock_ligands_r05violated_3-0001_in.maegz
SKIP LIG      313 (CHEMBL1683492): STRUCTURE INCOMPATIBLE WITH FORCE FIELD
GLIDE WARNING: Will skip atomtyping, docking.
Glide: WARNING mmlewis warning: Wrong Lewis structure in structure input file
mmlewis warning: with title: CHEMBL1683493
mmlewis warning: Problems were identified with the following atoms:
mmlewis warning:  1 2 6 9 10 12 13 16 18 19 23 24 25 26 28 33 36 
mmlewis warning: Now attempting to fix the lewis structure.
Glide: FATAL mmlewis error: Problems remain with the following atoms:
mmlewis error:  1 6 23 25 26 28 36
Glide: FATAL mmlewis_apply(): Unable to handle mol 1
Glide: FATAL mmlewis_apply(): Error in handling of full CT
run_mmlewis: Failed to generate a valid lewis structure.
GLIDE WARNING: Structure unsuitable for OPLS-AA force field: glide_dock_ligands_r05violated_3-0001_in.maegz
SKIP LIG      314 (CHEMBL1683493): STRUCTURE INCOMPATIBLE WITH FORCE FIELD
GLIDE WARNING: Will skip atomtyping, docking.
Glide: WARNING mmlewis warning: Wrong Lewis structure in structure input file
mmlewis warning: with title: CHEMBL1683494
mmlewis warning: Problems were identified with the following atoms:
mmlewis warning:  2 3 4 8 9 11 14 15 17 18 21 23 26 28 30 35 
mmlewis warning: Now attempting to fix the lewis structure.
Glide: FATAL mmlewis error: Problems remain with the following atoms:
mmlewis error:  2 4 21 28 30
Glide: FATAL mmlewis_apply(): Unable to handle mol 2
Glide: FATAL mmlewis_apply(): Error in handling of full CT
run_mmlewis: Failed to generate a valid lewis structure.
GLIDE WARNING: Structure unsuitable for OPLS-AA force field: glide_dock_ligands_r05violated_3-0001_in.maegz
SKIP LIG      315 (CHEMBL1683494): STRUCTURE INCOMPATIBLE WITH FORCE FIELD
GLIDE WARNING: Will skip atomtyping, docking.
Glide: WARNING mmlewis warning: Wrong Lewis structure in structure input file
mmlewis warning: with title: CHEMBL1683495
mmlewis warning: Problems were identified with the following atoms:
mmlewis warning:  1 2 5 6 8 9 12 14 15 19 20 21 22 24 29 32 33 36 
mmlewis warning: Now attempting to fix the lewis structure.
Glide: FATAL mmlewis error: Problems remain with the following atoms:
mmlewis error:  1 19 21 22 24 32
Glide: FATAL mmlewis_apply(): Unable to handle mol 1
Glide: FATAL mmlewis_apply(): Error in handling of full CT
run_mmlewis: Failed to generate a valid lewis structure.
GLIDE WARNING: Structure unsuitable for OPLS-AA force field: glide_dock_ligands_r05violated_3-0001_in.maegz
SKIP LIG      316 (CHEMBL1683495): STRUCTURE INCOMPATIBLE WITH FORCE FIELD
GLIDE WARNING: Will skip atomtyping, docking.
Glide: WARNING mmlewis warning: Wrong Lewis structure in structure input file
mmlewis warning: with title: CHEMBL1683496
mmlewis warning: Problems were identified with the following atoms:
mmlewis warning:  1 3 6 7 9 10 13 15 16 20 21 22 23 25 30 33 34 37 
mmlewis warning: Now attempting to fix the lewis structure.
Glide: FATAL mmlewis error: Problems remain with the following atoms:
mmlewis error:  1 3 20 22 23 25 33
Glide: FATAL mmlewis_apply(): Unable to handle mol 1
Glide: FATAL mmlewis_apply(): Error in handling of full CT
run_mmlewis: Failed to generate a valid lewis structure.
GLIDE WARNING: Structure unsuitable for OPLS-AA force field: glide_dock_ligands_r05violated_3-0001_in.maegz
SKIP LIG      317 (CHEMBL1683496): STRUCTURE INCOMPATIBLE WITH FORCE FIELD
GLIDE WARNING: Will skip atomtyping, docking.
Glide: WARNING mmlewis warning: Wrong Lewis structure in structure input file
mmlewis warning: with title: CHEMBL1683497
mmlewis warning: Problems were identified with the following atoms:
mmlewis warning:  2 3 4 8 9 11 14 15 17 18 21 22 24 25 26 27 28 31 32 33 34 36 41 
mmlewis warning: Now attempting to fix the lewis structure.
Glide: FATAL mmlewis error: Problems remain with the following atoms:
mmlewis error:  2 4 28 33 34 36
Glide: FATAL mmlewis_apply(): Unable to handle mol 2
Glide: FATAL mmlewis_apply(): Error in handling of full CT
run_mmlewis: Failed to generate a valid lewis structure.
GLIDE WARNING: Structure unsuitable for OPLS-AA force field: glide_dock_ligands_r05violated_3-0001_in.maegz
SKIP LIG      318 (CHEMBL1683497): STRUCTURE INCOMPATIBLE WITH FORCE FIELD
GLIDE WARNING: Will skip atomtyping, docking.
Glide: WARNING mmlewis warning: Wrong Lewis structure in structure input file
mmlewis warning: with title: CHEMBL1683498
mmlewis warning: Problems were identified with the following atoms:
mmlewis warning:  1 2 3 4 7 8 10 11 14 16 17 21 22 23 24 26 31 34 35 38 
mmlewis warning: Now attempting to fix the lewis structure.
Glide: FATAL mmlewis error: Problems remain with the following atoms:
mmlewis error:  1 3 21 23 24 26 34
Glide: FATAL mmlewis_apply(): Unable to handle mol 1
Glide: FATAL mmlewis_apply(): Error in handling of full CT
run_mmlewis: Failed to generate a valid lewis structure.
GLIDE WARNING: Structure unsuitable for OPLS-AA force field: glide_dock_ligands_r05violated_3-0001_in.maegz
SKIP LIG      319 (CHEMBL1683498): STRUCTURE INCOMPATIBLE WITH FORCE FIELD
GLIDE WARNING: Will skip atomtyping, docking.
Glide: WARNING mmlewis warning: Wrong Lewis structure in structure input file
mmlewis warning: with title: CHEMBL1683499
mmlewis warning: Problems were identified with the following atoms:
mmlewis warning:  1 2 6 9 10 12 13 16 18 19 23 24 25 26 28 33 36 37 38 39 40 
mmlewis warning: Now attempting to fix the lewis structure.
Glide: FATAL mmlewis error: Problems remain with the following atoms:
mmlewis error:  1 23 25 26 28 36 39 40
Glide: FATAL mmlewis_apply(): Unable to handle mol 1
Glide: FATAL mmlewis_apply(): Error in handling of full CT
run_mmlewis: Failed to generate a valid lewis structure.
GLIDE WARNING: Structure unsuitable for OPLS-AA force field: glide_dock_ligands_r05violated_3-0001_in.maegz
SKIP LIG      320 (CHEMBL1683499): STRUCTURE INCOMPATIBLE WITH FORCE FIELD
GLIDE WARNING: Will skip atomtyping, docking.
Glide: WARNING mmlewis warning: Wrong Lewis structure in structure input file
mmlewis warning: with title: CHEMBL1683502
mmlewis warning: Problems were identified with the following atoms:
mmlewis warning:  1 3 4 6 7 9 10 13 15 16 20 21 22 23 25 30 33 34 37 
mmlewis warning: Now attempting to fix the lewis structure.
Glide: FATAL mmlewis error: Problems remain with the following atoms:
mmlewis error:  1 3 20 22 23 25
Glide: FATAL mmlewis_apply(): Unable to handle mol 1
Glide: FATAL mmlewis_apply(): Error in handling of full CT
run_mmlewis: Failed to generate a valid lewis structure.
GLIDE WARNING: Structure unsuitable for OPLS-AA force field: glide_dock_ligands_r05violated_3-0001_in.maegz
SKIP LIG      321 (CHEMBL1683502): STRUCTURE INCOMPATIBLE WITH FORCE FIELD
GLIDE WARNING: Will skip atomtyping, docking.
Glide: WARNING mmlewis warning: Wrong Lewis structure in structure input file
mmlewis warning: with title: CHEMBL1683503
mmlewis warning: Problems were identified with the following atoms:
mmlewis warning:  1 2 7 8 9 11 12 14 15 18 20 21 25 26 27 28 30 35 38 39 
mmlewis warning: Now attempting to fix the lewis structure.
Glide: FATAL mmlewis error: Problems remain with the following atoms:
mmlewis error:  1 7 8 25 27 28 30
Glide: FATAL mmlewis_apply(): Unable to handle mol 1
Glide: FATAL mmlewis_apply(): Error in handling of full CT
run_mmlewis: Failed to generate a valid lewis structure.
GLIDE WARNING: Structure unsuitable for OPLS-AA force field: glide_dock_ligands_r05violated_3-0001_in.maegz
SKIP LIG      322 (CHEMBL1683503): STRUCTURE INCOMPATIBLE WITH FORCE FIELD
GLIDE WARNING: Will skip atomtyping, docking.
Glide: WARNING mmlewis warning: Wrong Lewis structure in structure input file
mmlewis warning: with title: CHEMBL1683504
mmlewis warning: Problems were identified with the following atoms:
mmlewis warning:  1 2 3 4 5 7 8 10 11 14 16 17 21 22 23 24 26 31 34 35 38 
mmlewis warning: Now attempting to fix the lewis structure.
Glide: FATAL mmlewis error: Problems remain with the following atoms:
mmlewis error:  1 3 21 23 24 26 34
Glide: FATAL mmlewis_apply(): Unable to handle mol 1
Glide: FATAL mmlewis_apply(): Error in handling of full CT
run_mmlewis: Failed to generate a valid lewis structure.
GLIDE WARNING: Structure unsuitable for OPLS-AA force field: glide_dock_ligands_r05violated_3-0001_in.maegz
SKIP LIG      323 (CHEMBL1683504): STRUCTURE INCOMPATIBLE WITH FORCE FIELD
GLIDE WARNING: Will skip atomtyping, docking.
Glide: WARNING mmlewis warning: Wrong Lewis structure in structure input file
mmlewis warning: with title: CHEMBL1683505
mmlewis warning: Problems were identified with the following atoms:
mmlewis warning:  1 2 6 7 9 10 12 13 16 18 19 23 24 25 26 28 33 36 37 38 39 40 
mmlewis warning: Now attempting to fix the lewis structure.
Glide: FATAL mmlewis error: Problems remain with the following atoms:
mmlewis error:  1 23 25 26 28 36 39 40
Glide: FATAL mmlewis_apply(): Unable to handle mol 1
Glide: FATAL mmlewis_apply(): Error in handling of full CT
run_mmlewis: Failed to generate a valid lewis structure.
GLIDE WARNING: Structure unsuitable for OPLS-AA force field: glide_dock_ligands_r05violated_3-0001_in.maegz
SKIP LIG      324 (CHEMBL1683505): STRUCTURE INCOMPATIBLE WITH FORCE FIELD
GLIDE WARNING: Will skip atomtyping, docking.
Glide: WARNING mmlewis warning: Wrong Lewis structure in structure input file
mmlewis warning: with title: CHEMBL1683506
mmlewis warning: Problems were identified with the following atoms:
mmlewis warning:  1 2 3 4 5 7 8 10 11 14 16 17 21 22 23 24 26 31 34 35 38 
mmlewis warning: Now attempting to fix the lewis structure.
Glide: FATAL mmlewis error: Problems remain with the following atoms:
mmlewis error:  1 3 21 23 24 26 34
Glide: FATAL mmlewis_apply(): Unable to handle mol 1
Glide: FATAL mmlewis_apply(): Error in handling of full CT
run_mmlewis: Failed to generate a valid lewis structure.
GLIDE WARNING: Structure unsuitable for OPLS-AA force field: glide_dock_ligands_r05violated_3-0001_in.maegz
SKIP LIG      325 (CHEMBL1683506): STRUCTURE INCOMPATIBLE WITH FORCE FIELD
GLIDE WARNING: Will skip atomtyping, docking.
Glide: WARNING mmlewis warning: Wrong Lewis structure in structure input file
mmlewis warning: with title: CHEMBL1683507
mmlewis warning: Problems were identified with the following atoms:
mmlewis warning:  1 2 6 7 9 10 12 13 16 18 19 23 24 25 26 28 33 36 37 38 39 40 
mmlewis warning: Now attempting to fix the lewis structure.
Glide: FATAL mmlewis error: Problems remain with the following atoms:
mmlewis error:  1 23 25 26 28 36 39 40
Glide: FATAL mmlewis_apply(): Unable to handle mol 1
Glide: FATAL mmlewis_apply(): Error in handling of full CT
run_mmlewis: Failed to generate a valid lewis structure.
GLIDE WARNING: Structure unsuitable for OPLS-AA force field: glide_dock_ligands_r05violated_3-0001_in.maegz
SKIP LIG      326 (CHEMBL1683507): STRUCTURE INCOMPATIBLE WITH FORCE FIELD
GLIDE WARNING: Will skip atomtyping, docking.
Glide: WARNING mmlewis warning: Wrong Lewis structure in structure input file
mmlewis warning: with title: CHEMBL1683508
mmlewis warning: Problems were identified with the following atoms:
mmlewis warning:  1 2 3 4 5 7 8 10 11 14 16 17 21 22 23 24 26 31 34 35 38 
mmlewis warning: Now attempting to fix the lewis structure.
Glide: FATAL mmlewis error: Problems remain with the following atoms:
mmlewis error:  1 3 21 23 24 26 34
run_mmlewis: Failed to generate a valid lewis structure.
GLIDE WARNING: Structure unsuitable for OPLS-AA force field: glide_dock_ligands_r05violated_3-0001_in.maegz
SKIP LIG      327 (CHEMBL1683508): STRUCTURE INCOMPATIBLE WITH FORCE FIELD
GLIDE WARNING: Will skip atomtyping, docking.
Glide: WARNING mmlewis warning: Wrong Lewis structure in structure input file
mmlewis warning: with title: CHEMBL1683641
mmlewis warning: Problems were identified with the following atoms:
mmlewis warning:  1 2 6 7 9 10 12 13 16 18 19 23 24 25 26 28 33 36 37 38 39 40 
mmlewis warning: Now attempting to fix the lewis structure.
Glide: FATAL mmlewis error: Problems remain with the following atoms:
mmlewis error:  1 23 25 26 28 36 39 40
run_mmlewis: Failed to generate a valid lewis structure.
GLIDE WARNING: Structure unsuitable for OPLS-AA force field: glide_dock_ligands_r05violated_3-0001_in.maegz
SKIP LIG      328 (CHEMBL1683641): STRUCTURE INCOMPATIBLE WITH FORCE FIELD
GLIDE WARNING: Will skip atomtyping, docking.
Glide: WARNING mmlewis warning: Wrong Lewis structure in structure input file
mmlewis warning: with title: CHEMBL1683642
mmlewis warning: Problems were identified with the following atoms:
mmlewis warning:  1 2 6 7 9 10 12 13 16 18 19 23 24 25 26 28 33 36 37 38 39 40 
mmlewis warning: Now attempting to fix the lewis structure.
Glide: FATAL mmlewis error: Problems remain with the following atoms:
mmlewis error:  1 23 25 26 28 36 39 40
run_mmlewis: Failed to generate a valid lewis structure.
GLIDE WARNING: Structure unsuitable for OPLS-AA force field: glide_dock_ligands_r05violated_3-0001_in.maegz
SKIP LIG      329 (CHEMBL1683642): STRUCTURE INCOMPATIBLE WITH FORCE FIELD
GLIDE WARNING: Will skip atomtyping, docking.
Glide: WARNING mmlewis warning: Wrong Lewis structure in structure input file
mmlewis warning: with title: CHEMBL1683643
mmlewis warning: Problems were identified with the following atoms:
mmlewis warning:  1 2 3 4 5 7 8 10 11 14 16 17 21 22 23 24 26 31 34 35 38 
mmlewis warning: Now attempting to fix the lewis structure.
Glide: FATAL mmlewis error: Problems remain with the following atoms:
mmlewis error:  1 3 21 23 24 26 34
run_mmlewis: Failed to generate a valid lewis structure.
GLIDE WARNING: Structure unsuitable for OPLS-AA force field: glide_dock_ligands_r05violated_3-0001_in.maegz
SKIP LIG      330 (CHEMBL1683643): STRUCTURE INCOMPATIBLE WITH FORCE FIELD
GLIDE WARNING: Will skip atomtyping, docking.
Glide: WARNING mmlewis warning: Wrong Lewis structure in structure input file
mmlewis warning: with title: CHEMBL1683644
mmlewis warning: Problems were identified with the following atoms:
mmlewis warning:  1 2 6 7 9 10 12 13 16 18 19 23 24 25 26 28 33 36 37 38 39 40 
mmlewis warning: Now attempting to fix the lewis structure.
Glide: FATAL mmlewis error: Problems remain with the following atoms:
mmlewis error:  1 23 25 26 28 36 39 40
run_mmlewis: Failed to generate a valid lewis structure.
GLIDE WARNING: Structure unsuitable for OPLS-AA force field: glide_dock_ligands_r05violated_3-0001_in.maegz
SKIP LIG      331 (CHEMBL1683644): STRUCTURE INCOMPATIBLE WITH FORCE FIELD
GLIDE WARNING: Will skip atomtyping, docking.
Glide: WARNING mmlewis warning: Wrong Lewis structure in structure input file
mmlewis warning: with title: CHEMBL1683979
mmlewis warning: Problems were identified with the following atoms:
mmlewis warning:  1 2 3 7 8 18 19 21 26 
mmlewis warning: Now attempting to fix the lewis structure.
Glide: FATAL mmlewis error: Problems remain with the following atoms:
mmlewis error:  1 3 18 19 21
Glide: FATAL mmlewis_apply(): Unable to handle mol 1
Glide: WARNING mmlewis warning: Wrong Lewis structure in structure input file
mmlewis warning: with title: CHEMBL1683979
mmlewis warning: Problems were identified with the following atoms:
mmlewis warning:  31 32 33 36 
mmlewis warning: Now attempting to fix the lewis structure.
Glide: WARNING mmlewis warning: A valid lewis structure was successfully generated.
Glide: FATAL mmlewis_apply(): Error in handling of full CT
run_mmlewis: Failed to generate a valid lewis structure.
GLIDE WARNING: Structure unsuitable for OPLS-AA force field: glide_dock_ligands_r05violated_3-0001_in.maegz
SKIP LIG      332 (CHEMBL1683979): STRUCTURE INCOMPATIBLE WITH FORCE FIELD
GLIDE WARNING: Will skip atomtyping, docking.
GLIDE WARNING: DOCKRUN: report suppressed: no output lig structures to report.

Exiting Glide
Date: Wednesday, May 07 2025, at 16:33:42 CEST
CPU time (s): 2.2 user, 0.2 system, 2.4 real
Total elapsed time = 2 seconds
[running at reduced cpu priority]
######## end of glide_dock_ligands_r05violated_3-0001.log #########
######## begin of glide_dock_ligands_r05violated_3-0002.log #########
Glide version 102135 (mmshare version 65135)
mmshare         e304c7da19
glide-src       0ca00f32ab
psp-src         e85839dc34
macromodel-src  9753ab8ec4
epik-src        71ce3f965c

Copyright (c) Schrodinger, LLC.
All Rights Reserved.

--------------------------------------------------------------------------------
JobId          : aq92-0-681b6f4a
Name           : glide_dock_ligands_r05violated_3-0002
Program        : Glide
Version        : 2024-1 build 135
Host           : aq92
Dir            : /scratch/praktikum/glide_dock_ligands_r05violated_3
HostEntry      : localhost
JobHost        : aq92
JobDir         : /scratch/praktikum/glide_dock_ligands_r05violated_3-0002
JobSchrodinger : /usr/local/schrodinger2024-1
Commandline    : /usr/local/schrodinger2024-1/glide -serial glide_dock_ligands_r05violated_3-0002.inp -RESTART -HOST localhost
StartTime      : 2025-05-07-16:33:46
--------------------------------------------------------------------------------

[running at reduced cpu priority]
Offsetting ligand numbers by 332
 VdW radii of ligand atoms scaled by   0.800000000000000     
 Charge cutoff for polarity   0.150000000000000     

GLIDE CONSTRAINTS APPLIED
-------------------------
  2 out of   2 constraints used from file /media/TC_Lehre/storage/meinschad_lukas_ff_pr/2025/Day_3/docking_my_protein/glide_grid_1X70/glide_grid_1X70.cons
Labels and receptor types of constraints used are:
A:GLU:205:OE2(hbond) (H-bond Acceptor)
A:GLU:206:OE2(hbond) (H-bond Acceptor)

All docked poses must satisfy the specified number of
constraints in ALL of the following  1 groups.
Group   1: At least  2 of (A:GLU:205:OE2(hbond), A:GLU:206:OE2(hbond))


 After readscreen, (nx, ny, nz) = (          34 ,           26 ,           25 ).
  Receptor setup: (nsites, nx, ny, nz, bsize)=(         180 ,           34 , 
          26 ,           25 ,    1.00000000000000      ).
 Screening setup finished.
 DOCKMAIN: getting receptor.
  DOCKMAIN after grid: (nx, ny, nz) = (          88 ,           72 , 
          72 ).
 DOCKMAIN: Grid setup finished
Glide: WARNING mmlewis warning: Wrong Lewis structure in structure input file
mmlewis warning: with title: CHEMBL1683983
mmlewis warning: Problems were identified with the following atoms:
mmlewis warning:  1 2 3 7 8 14 15 16 17 18 20 21 23 28 
mmlewis warning: Now attempting to fix the lewis structure.
Glide: FATAL mmlewis error: Problems remain with the following atoms:
mmlewis error:  1 3 18 20 21 23
Glide: FATAL mmlewis_apply(): Unable to handle mol 1
Glide: WARNING mmlewis warning: Wrong Lewis structure in structure input file
mmlewis warning: with title: CHEMBL1683983
mmlewis warning: Problems were identified with the following atoms:
mmlewis warning:  33 34 35 
mmlewis warning: Now attempting to fix the lewis structure.
Glide: WARNING mmlewis warning: A valid lewis structure was successfully generated.
Glide: FATAL mmlewis_apply(): Error in handling of full CT
run_mmlewis: Failed to generate a valid lewis structure.
GLIDE WARNING: Structure unsuitable for OPLS-AA force field: glide_dock_ligands_r05violated_3-0002_in.maegz
SKIP LIG      333 (CHEMBL1683983): STRUCTURE INCOMPATIBLE WITH FORCE FIELD
GLIDE WARNING: Will skip atomtyping, docking.

GlideScore version SP5.0 will be used

  
 Buried polar penalty      0.000
 Coulomb vdW cutoff        0.000
 H bond cutoff             0.000
 Metal-ligand cutoff      10.000
Assigning GlideScore SP5.0 parameters
Glide: WARNING mmlewis warning: Wrong Lewis structure in structure input file
mmlewis warning: with title: CHEMBL1683984
mmlewis warning: Problems were identified with the following atoms:
mmlewis warning:  1 2 3 7 8 14 15 18 19 21 22 24 29 
mmlewis warning: Now attempting to fix the lewis structure.
Glide: FATAL mmlewis error: Problems remain with the following atoms:
mmlewis error:  1 3 19 21 22 24
Glide: FATAL mmlewis_apply(): Unable to handle mol 1
Glide: WARNING mmlewis warning: Wrong Lewis structure in structure input file
mmlewis warning: with title: CHEMBL1683984
mmlewis warning: Problems were identified with the following atoms:
mmlewis warning:  34 35 36 
mmlewis warning: Now attempting to fix the lewis structure.
Glide: WARNING mmlewis warning: A valid lewis structure was successfully generated.
Glide: FATAL mmlewis_apply(): Error in handling of full CT
run_mmlewis: Failed to generate a valid lewis structure.
GLIDE WARNING: Structure unsuitable for OPLS-AA force field: glide_dock_ligands_r05violated_3-0002_in.maegz
SKIP LIG      334 (CHEMBL1683984): STRUCTURE INCOMPATIBLE WITH FORCE FIELD
GLIDE WARNING: Will skip atomtyping, docking.
Glide: WARNING mmlewis warning: Wrong Lewis structure in structure input file
mmlewis warning: with title: CHEMBL1683986
mmlewis warning: Problems were identified with the following atoms:
mmlewis warning:  2 3 4 8 9 15 16 22 23 25 26 28 33 
mmlewis warning: Now attempting to fix the lewis structure.
Glide: FATAL mmlewis error: Problems remain with the following atoms:
mmlewis error:  2 4 23 25 26 28
Glide: FATAL mmlewis_apply(): Unable to handle mol 2
Glide: FATAL mmlewis_apply(): Error in handling of full CT
run_mmlewis: Failed to generate a valid lewis structure.
GLIDE WARNING: Structure unsuitable for OPLS-AA force field: glide_dock_ligands_r05violated_3-0002_in.maegz
SKIP LIG      335 (CHEMBL1683986): STRUCTURE INCOMPATIBLE WITH FORCE FIELD
GLIDE WARNING: Will skip atomtyping, docking.
Glide: WARNING mmlewis warning: Wrong Lewis structure in structure input file
mmlewis warning: with title: CHEMBL1683988
mmlewis warning: Problems were identified with the following atoms:
mmlewis warning:  1 6 7 8 15 19 20 21 22 24 29 32 33 34 
mmlewis warning: Now attempting to fix the lewis structure.
Glide: FATAL mmlewis error: Problems remain with the following atoms:
mmlewis error:  1 8 10 15 19 21 22 24 34
Glide: FATAL mmlewis_apply(): Unable to handle mol 1
Glide: FATAL mmlewis_apply(): Error in handling of full CT
run_mmlewis: Failed to generate a valid lewis structure.
GLIDE WARNING: Structure unsuitable for OPLS-AA force field: glide_dock_ligands_r05violated_3-0002_in.maegz
SKIP LIG      336 (CHEMBL1683988): STRUCTURE INCOMPATIBLE WITH FORCE FIELD
GLIDE WARNING: Will skip atomtyping, docking.
Glide: WARNING mmlewis warning: Wrong Lewis structure in structure input file
mmlewis warning: with title: CHEMBL1683990
mmlewis warning: Problems were identified with the following atoms:
mmlewis warning:  1 3 7 8 15 19 20 21 22 24 29 32 33 34 35 
mmlewis warning: Now attempting to fix the lewis structure.
Glide: FATAL mmlewis error: Problems remain with the following atoms:
mmlewis error:  1 3 15 21 22 24 34
Glide: FATAL mmlewis_apply(): Unable to handle mol 1
Glide: FATAL mmlewis_apply(): Error in handling of full CT
run_mmlewis: Failed to generate a valid lewis structure.
GLIDE WARNING: Structure unsuitable for OPLS-AA force field: glide_dock_ligands_r05violated_3-0002_in.maegz
SKIP LIG      337 (CHEMBL1683990): STRUCTURE INCOMPATIBLE WITH FORCE FIELD
GLIDE WARNING: Will skip atomtyping, docking.
Glide: WARNING mmlewis warning: Wrong Lewis structure in structure input file
mmlewis warning: with title: CHEMBL1683991
mmlewis warning: Problems were identified with the following atoms:
mmlewis warning:  1 6 7 14 18 19 20 21 23 28 31 32 33 34 
mmlewis warning: Now attempting to fix the lewis structure.
Glide: FATAL mmlewis error: Problems remain with the following atoms:
mmlewis error:  1 14 20 21 23 33
Glide: FATAL mmlewis_apply(): Unable to handle mol 1
Glide: WARNING mmlewis warning: Wrong Lewis structure in structure input file
mmlewis warning: with title: CHEMBL1683991
mmlewis warning: Problems were identified with the following atoms:
mmlewis warning:  37 38 39 
mmlewis warning: Now attempting to fix the lewis structure.
Glide: WARNING mmlewis warning: A valid lewis structure was successfully generated.
Glide: FATAL mmlewis_apply(): Error in handling of full CT
run_mmlewis: Failed to generate a valid lewis structure.
GLIDE WARNING: Structure unsuitable for OPLS-AA force field: glide_dock_ligands_r05violated_3-0002_in.maegz
SKIP LIG      338 (CHEMBL1683991): STRUCTURE INCOMPATIBLE WITH FORCE FIELD
GLIDE WARNING: Will skip atomtyping, docking.
Glide: WARNING mmlewis warning: Wrong Lewis structure in structure input file
mmlewis warning: with title: CHEMBL1683993
mmlewis warning: Problems were identified with the following atoms:
mmlewis warning:  1 6 7 14 18 19 20 21 23 28 31 32 33 34 
mmlewis warning: Now attempting to fix the lewis structure.
Glide: FATAL mmlewis error: Problems remain with the following atoms:
mmlewis error:  1 14 20 21 23 33
Glide: FATAL mmlewis_apply(): Unable to handle mol 1
Glide: FATAL mmlewis_apply(): Error in handling of full CT
run_mmlewis: Failed to generate a valid lewis structure.
GLIDE WARNING: Structure unsuitable for OPLS-AA force field: glide_dock_ligands_r05violated_3-0002_in.maegz
SKIP LIG      339 (CHEMBL1683993): STRUCTURE INCOMPATIBLE WITH FORCE FIELD
GLIDE WARNING: Will skip atomtyping, docking.
Glide: WARNING mmlewis warning: Wrong Lewis structure in structure input file
mmlewis warning: with title: CHEMBL1683995
mmlewis warning: Problems were identified with the following atoms:
mmlewis warning:  1 2 3 7 8 14 15 16 17 20 21 23 28 
mmlewis warning: Now attempting to fix the lewis structure.
Glide: FATAL mmlewis error: Problems remain with the following atoms:
mmlewis error:  1 3 20 21 23
Glide: FATAL mmlewis_apply(): Unable to handle mol 1
Glide: WARNING mmlewis warning: Wrong Lewis structure in structure input file
mmlewis warning: with title: CHEMBL1683995
mmlewis warning: Problems were identified with the following atoms:
mmlewis warning:  33 34 35 38 
mmlewis warning: Now attempting to fix the lewis structure.
Glide: WARNING mmlewis warning: A valid lewis structure was successfully generated.
Glide: FATAL mmlewis_apply(): Error in handling of full CT
run_mmlewis: Failed to generate a valid lewis structure.
GLIDE WARNING: Structure unsuitable for OPLS-AA force field: glide_dock_ligands_r05violated_3-0002_in.maegz
SKIP LIG      340 (CHEMBL1683995): STRUCTURE INCOMPATIBLE WITH FORCE FIELD
GLIDE WARNING: Will skip atomtyping, docking.
Glide: WARNING mmlewis warning: Wrong Lewis structure in structure input file
mmlewis warning: with title: CHEMBL1683997
mmlewis warning: Problems were identified with the following atoms:
mmlewis warning:  1 2 3 7 8 14 15 17 19 20 22 27 
mmlewis warning: Now attempting to fix the lewis structure.
Glide: FATAL mmlewis error: Problems remain with the following atoms:
mmlewis error:  1 3 17 19 20 22
Glide: FATAL mmlewis_apply(): Unable to handle mol 1
Glide: WARNING mmlewis warning: Wrong Lewis structure in structure input file
mmlewis warning: with title: CHEMBL1683997
mmlewis warning: Problems were identified with the following atoms:
mmlewis warning:  32 33 34 37 
mmlewis warning: Now attempting to fix the lewis structure.
Glide: WARNING mmlewis warning: A valid lewis structure was successfully generated.
Glide: FATAL mmlewis_apply(): Error in handling of full CT
run_mmlewis: Failed to generate a valid lewis structure.
GLIDE WARNING: Structure unsuitable for OPLS-AA force field: glide_dock_ligands_r05violated_3-0002_in.maegz
SKIP LIG      341 (CHEMBL1683997): STRUCTURE INCOMPATIBLE WITH FORCE FIELD
GLIDE WARNING: Will skip atomtyping, docking.
Glide: WARNING mmlewis warning: Wrong Lewis structure in structure input file
mmlewis warning: with title: CHEMBL1683999
mmlewis warning: Problems were identified with the following atoms:
mmlewis warning:  1 2 3 7 8 14 15 17 19 20 22 27 
mmlewis warning: Now attempting to fix the lewis structure.
Glide: FATAL mmlewis error: Problems remain with the following atoms:
mmlewis error:  1 3 17 19 20 22
Glide: FATAL mmlewis_apply(): Unable to handle mol 1
Glide: WARNING mmlewis warning: Wrong Lewis structure in structure input file
mmlewis warning: with title: CHEMBL1683999
mmlewis warning: Problems were identified with the following atoms:
mmlewis warning:  32 33 34 37 
mmlewis warning: Now attempting to fix the lewis structure.
Glide: WARNING mmlewis warning: A valid lewis structure was successfully generated.
Glide: FATAL mmlewis_apply(): Error in handling of full CT
run_mmlewis: Failed to generate a valid lewis structure.
GLIDE WARNING: Structure unsuitable for OPLS-AA force field: glide_dock_ligands_r05violated_3-0002_in.maegz
SKIP LIG      342 (CHEMBL1683999): STRUCTURE INCOMPATIBLE WITH FORCE FIELD
GLIDE WARNING: Will skip atomtyping, docking.
Glide: WARNING mmlewis warning: Wrong Lewis structure in structure input file
mmlewis warning: with title: CHEMBL1684000
mmlewis warning: Problems were identified with the following atoms:
mmlewis warning:  1 2 3 7 8 14 16 19 20 22 27 
mmlewis warning: Now attempting to fix the lewis structure.
Glide: FATAL mmlewis error: Problems remain with the following atoms:
mmlewis error:  1 3 14 16 19 20 22
Glide: FATAL mmlewis_apply(): Unable to handle mol 1
Glide: WARNING mmlewis warning: Wrong Lewis structure in structure input file
mmlewis warning: with title: CHEMBL1684000
mmlewis warning: Problems were identified with the following atoms:
mmlewis warning:  32 33 34 37 
mmlewis warning: Now attempting to fix the lewis structure.
Glide: WARNING mmlewis warning: A valid lewis structure was successfully generated.
Glide: FATAL mmlewis_apply(): Error in handling of full CT
run_mmlewis: Failed to generate a valid lewis structure.
GLIDE WARNING: Structure unsuitable for OPLS-AA force field: glide_dock_ligands_r05violated_3-0002_in.maegz
SKIP LIG      343 (CHEMBL1684000): STRUCTURE INCOMPATIBLE WITH FORCE FIELD
GLIDE WARNING: Will skip atomtyping, docking.
Glide: WARNING mmlewis warning: Wrong Lewis structure in structure input file
mmlewis warning: with title: CHEMBL1761683
mmlewis warning: Problems were identified with the following atoms:
mmlewis warning:  1 5 6 7 9 11 12 13 14 15 16 18 21 23 24 25 26 
mmlewis warning: Now attempting to fix the lewis structure.
Glide: FATAL mmlewis error: Problems remain with the following atoms:
mmlewis error:  1 9 16 18 21 25 26
run_mmlewis: Failed to generate a valid lewis structure.
GLIDE WARNING: Structure unsuitable for OPLS-AA force field: glide_dock_ligands_r05violated_3-0002_in.maegz
SKIP LIG      344 (CHEMBL1761683): STRUCTURE INCOMPATIBLE WITH FORCE FIELD
GLIDE WARNING: Will skip atomtyping, docking.
Glide: WARNING mmlewis warning: Wrong Lewis structure in structure input file
mmlewis warning: with title: CHEMBL1761684
mmlewis warning: Problems were identified with the following atoms:
mmlewis warning:  1 4 5 6 7 9 10 11 12 13 14 15 16 17 18 20 21 22 23 24 26 27 28 29 31 
mmlewis warning: Now attempting to fix the lewis structure.
Glide: FATAL mmlewis error: Problems remain with the following atoms:
mmlewis error:  1 13 14 26 31
run_mmlewis: Failed to generate a valid lewis structure.
GLIDE WARNING: Structure unsuitable for OPLS-AA force field: glide_dock_ligands_r05violated_3-0002_in.maegz
SKIP LIG      345 (CHEMBL1761684): STRUCTURE INCOMPATIBLE WITH FORCE FIELD
GLIDE WARNING: Will skip atomtyping, docking.
Glide: WARNING mmlewis warning: Wrong Lewis structure in structure input file
mmlewis warning: with title: CHEMBL1761685
mmlewis warning: Problems were identified with the following atoms:
mmlewis warning:  1 4 5 7 8 12 13 14 15 16 17 19 20 21 22 23 25 26 27 28 30 31 34 
mmlewis warning: Now attempting to fix the lewis structure.
Glide: FATAL mmlewis error: Problems remain with the following atoms:
mmlewis error:  1 25 30 31 34
run_mmlewis: Failed to generate a valid lewis structure.
GLIDE WARNING: Structure unsuitable for OPLS-AA force field: glide_dock_ligands_r05violated_3-0002_in.maegz
SKIP LIG      346 (CHEMBL1761685): STRUCTURE INCOMPATIBLE WITH FORCE FIELD
GLIDE WARNING: Will skip atomtyping, docking.
Glide: WARNING mmlewis warning: Wrong Lewis structure in structure input file
mmlewis warning: with title: CHEMBL1761686
mmlewis warning: Problems were identified with the following atoms:
mmlewis warning:  1 2 3 5 7 8 11 12 13 14 17 18 19 20 21 22 23 25 26 27 28 29 31 32 33 34 36 
mmlewis warning: Now attempting to fix the lewis structure.
Glide: FATAL mmlewis error: Problems remain with the following atoms:
mmlewis error:  1 3 11 14 19 31 36
run_mmlewis: Failed to generate a valid lewis structure.
GLIDE WARNING: Structure unsuitable for OPLS-AA force field: glide_dock_ligands_r05violated_3-0002_in.maegz
SKIP LIG      347 (CHEMBL1761686): STRUCTURE INCOMPATIBLE WITH FORCE FIELD
GLIDE WARNING: Will skip atomtyping, docking.
Glide: WARNING mmlewis warning: Wrong Lewis structure in structure input file
mmlewis warning: with title: CHEMBL1761687
mmlewis warning: Problems were identified with the following atoms:
mmlewis warning:  1 2 3 5 7 8 10 11 12 13 14 15 18 19 20 21 22 23 24 26 27 28 29 30 32 33 34 35 37 
mmlewis warning: Now attempting to fix the lewis structure.
Glide: FATAL mmlewis error: Problems remain with the following atoms:
mmlewis error:  1 3 11 12 15 20 32 37
run_mmlewis: Failed to generate a valid lewis structure.
GLIDE WARNING: Structure unsuitable for OPLS-AA force field: glide_dock_ligands_r05violated_3-0002_in.maegz
SKIP LIG      348 (CHEMBL1761687): STRUCTURE INCOMPATIBLE WITH FORCE FIELD
GLIDE WARNING: Will skip atomtyping, docking.
Glide: WARNING mmlewis warning: Wrong Lewis structure in structure input file
mmlewis warning: with title: CHEMBL1765236
mmlewis warning: Problems were identified with the following atoms:
mmlewis warning:  1 2 3 6 7 10 13 14 15 19 20 21 22 25 26 27 29 30 31 32 33 36 37 38 42 43 44 45 47 48 
mmlewis warning: Now attempting to fix the lewis structure.
Glide: FATAL mmlewis error: Problems remain with the following atoms:
mmlewis error:  1 15 21 27 33 38 44
run_mmlewis: Failed to generate a valid lewis structure.
GLIDE WARNING: Structure unsuitable for OPLS-AA force field: glide_dock_ligands_r05violated_3-0002_in.maegz
SKIP LIG      349 (CHEMBL1765236): STRUCTURE INCOMPATIBLE WITH FORCE FIELD
GLIDE WARNING: Will skip atomtyping, docking.
Glide: WARNING mmlewis warning: Wrong Lewis structure in structure input file
mmlewis warning: with title: CHEMBL1771583
mmlewis warning: Problems were identified with the following atoms:
mmlewis warning:  17 18 19 21 22 24 25 26 32 33 
mmlewis warning: Now attempting to fix the lewis structure.
Glide: FATAL mmlewis error: Problems remain with the following atoms:
mmlewis error:  19 26 32 33
run_mmlewis: Failed to generate a valid lewis structure.
GLIDE WARNING: Structure unsuitable for OPLS-AA force field: glide_dock_ligands_r05violated_3-0002_in.maegz
SKIP LIG      350 (CHEMBL1771583): STRUCTURE INCOMPATIBLE WITH FORCE FIELD
GLIDE WARNING: Will skip atomtyping, docking.
Glide: WARNING mmlewis warning: Wrong Lewis structure in structure input file
mmlewis warning: with title: CHEMBL1771584
mmlewis warning: Problems were identified with the following atoms:
mmlewis warning:  17 18 19 21 22 24 25 26 27 33 
mmlewis warning: Now attempting to fix the lewis structure.
Glide: FATAL mmlewis error: Problems remain with the following atoms:
mmlewis error:  19 33
run_mmlewis: Failed to generate a valid lewis structure.
GLIDE WARNING: Structure unsuitable for OPLS-AA force field: glide_dock_ligands_r05violated_3-0002_in.maegz
SKIP LIG      351 (CHEMBL1771584): STRUCTURE INCOMPATIBLE WITH FORCE FIELD
GLIDE WARNING: Will skip atomtyping, docking.
Glide: WARNING mmlewis warning: Wrong Lewis structure in structure input file
mmlewis warning: with title: CHEMBL1779701
mmlewis warning: Problems were identified with the following atoms:
mmlewis warning:  1 2 3 7 8 10 12 13 16 17 20 21 23 28 
mmlewis warning: Now attempting to fix the lewis structure.
Glide: FATAL mmlewis error: Problems remain with the following atoms:
mmlewis error:  1 3 10 17 20 21 23
run_mmlewis: Failed to generate a valid lewis structure.
GLIDE WARNING: Structure unsuitable for OPLS-AA force field: glide_dock_ligands_r05violated_3-0002_in.maegz
SKIP LIG      352 (CHEMBL1779701): STRUCTURE INCOMPATIBLE WITH FORCE FIELD
GLIDE WARNING: Will skip atomtyping, docking.
Glide: WARNING mmlewis warning: Wrong Lewis structure in structure input file
mmlewis warning: with title: CHEMBL1779704
mmlewis warning: Problems were identified with the following atoms:
mmlewis warning:  1 4 6 8 9 13 14 15 16 18 23 26 33 36 
mmlewis warning: Now attempting to fix the lewis structure.
Glide: FATAL mmlewis error: Problems remain with the following atoms:
mmlewis error:  1 6 13 15 16 18 26 33 36
run_mmlewis: Failed to generate a valid lewis structure.
GLIDE WARNING: Structure unsuitable for OPLS-AA force field: glide_dock_ligands_r05violated_3-0002_in.maegz
SKIP LIG      353 (CHEMBL1779704): STRUCTURE INCOMPATIBLE WITH FORCE FIELD
GLIDE WARNING: Will skip atomtyping, docking.
Glide: WARNING mmlewis warning: Wrong Lewis structure in structure input file
mmlewis warning: with title: CHEMBL1929394
mmlewis warning: Problems were identified with the following atoms:
mmlewis warning:  1 5 8 9 10 11 12 16 20 21 23 24 25 26 30 31 32 33 
mmlewis warning: Now attempting to fix the lewis structure.
Glide: FATAL mmlewis error: Problems remain with the following atoms:
mmlewis error:  1 12 16 21 23 24 32
Glide: FATAL mmlewis_apply(): Unable to handle mol 1
Glide: FATAL mmlewis_apply(): Error in handling of full CT
run_mmlewis: Failed to generate a valid lewis structure.
GLIDE WARNING: Structure unsuitable for OPLS-AA force field: glide_dock_ligands_r05violated_3-0002_in.maegz
SKIP LIG      354 (CHEMBL1929394): STRUCTURE INCOMPATIBLE WITH FORCE FIELD
GLIDE WARNING: Will skip atomtyping, docking.
Glide: WARNING mmlewis warning: Wrong Lewis structure in structure input file
mmlewis warning: with title: CHEMBL1949693
mmlewis warning: Problems were identified with the following atoms:
mmlewis warning:  1 3 4 5 9 10 11 12 13 14 23 28 31 32 33 34 39 
mmlewis warning: Now attempting to fix the lewis structure.
Glide: FATAL mmlewis error: Problems remain with the following atoms:
mmlewis error:  1 3 11 17 23 27 28 39
run_mmlewis: Failed to generate a valid lewis structure.
GLIDE WARNING: Structure unsuitable for OPLS-AA force field: glide_dock_ligands_r05violated_3-0002_in.maegz
SKIP LIG      355 (CHEMBL1949693): STRUCTURE INCOMPATIBLE WITH FORCE FIELD
GLIDE WARNING: Will skip atomtyping, docking.
Glide: WARNING mmlewis warning: Wrong Lewis structure in structure input file
mmlewis warning: with title: CHEMBL1951416
mmlewis warning: Problems were identified with the following atoms:
mmlewis warning:  1 4 8 9 10 11 12 13 22 25 27 28 29 30 38 
mmlewis warning: Now attempting to fix the lewis structure.
Glide: FATAL mmlewis error: Problems remain with the following atoms:
mmlewis error:  1 10 16 22 38
run_mmlewis: Failed to generate a valid lewis structure.
GLIDE WARNING: Structure unsuitable for OPLS-AA force field: glide_dock_ligands_r05violated_3-0002_in.maegz
SKIP LIG      356 (CHEMBL1951416): STRUCTURE INCOMPATIBLE WITH FORCE FIELD
GLIDE WARNING: Will skip atomtyping, docking.
Glide: WARNING mmlewis warning: Wrong Lewis structure in structure input file
mmlewis warning: with title: CHEMBL1951595
mmlewis warning: Problems were identified with the following atoms:
mmlewis warning:  1 4 5 6 10 21 22 23 24 25 26 28 30 31 32 33 34 36 39 
mmlewis warning: Now attempting to fix the lewis structure.
Glide: FATAL mmlewis error: Problems remain with the following atoms:
mmlewis error:  1 6 10 23 25 26 34 36 39
run_mmlewis: Failed to generate a valid lewis structure.
GLIDE WARNING: Structure unsuitable for OPLS-AA force field: glide_dock_ligands_r05violated_3-0002_in.maegz
SKIP LIG      357 (CHEMBL1951595): STRUCTURE INCOMPATIBLE WITH FORCE FIELD
GLIDE WARNING: Will skip atomtyping, docking.
Glide: WARNING mmlewis warning: Wrong Lewis structure in structure input file
mmlewis warning: with title: CHEMBL1951596
mmlewis warning: Problems were identified with the following atoms:
mmlewis warning:  1 6 9 10 12 13 14 15 26 27 28 29 30 31 33 35 36 37 38 39 
mmlewis warning: Now attempting to fix the lewis structure.
Glide: FATAL mmlewis error: Problems remain with the following atoms:
mmlewis error:  1 6 28 30 31 33 39
run_mmlewis: Failed to generate a valid lewis structure.
GLIDE WARNING: Structure unsuitable for OPLS-AA force field: glide_dock_ligands_r05violated_3-0002_in.maegz
SKIP LIG      358 (CHEMBL1951596): STRUCTURE INCOMPATIBLE WITH FORCE FIELD
GLIDE WARNING: Will skip atomtyping, docking.
Glide: WARNING mmlewis warning: Wrong Lewis structure in structure input file
mmlewis warning: with title: CHEMBL1951598
mmlewis warning: Problems were identified with the following atoms:
mmlewis warning:  1 4 5 6 10 21 22 23 24 25 26 28 29 31 32 34 37 
mmlewis warning: Now attempting to fix the lewis structure.
Glide: FATAL mmlewis error: Problems remain with the following atoms:
mmlewis error:  1 6 10 23 25 26 31 32 34 37
run_mmlewis: Failed to generate a valid lewis structure.
GLIDE WARNING: Structure unsuitable for OPLS-AA force field: glide_dock_ligands_r05violated_3-0002_in.maegz
SKIP LIG      359 (CHEMBL1951598): STRUCTURE INCOMPATIBLE WITH FORCE FIELD
GLIDE WARNING: Will skip atomtyping, docking.
Glide: WARNING mmlewis warning: Wrong Lewis structure in structure input file
mmlewis warning: with title: CHEMBL1951600
mmlewis warning: Problems were identified with the following atoms:
mmlewis warning:  1 3 4 5 9 10 11 12 13 14 23 27 29 30 31 32 38 
mmlewis warning: Now attempting to fix the lewis structure.
Glide: FATAL mmlewis error: Problems remain with the following atoms:
mmlewis error:  1 3 11 13 14 17 23 27 38
run_mmlewis: Failed to generate a valid lewis structure.
GLIDE WARNING: Structure unsuitable for OPLS-AA force field: glide_dock_ligands_r05violated_3-0002_in.maegz
SKIP LIG      360 (CHEMBL1951600): STRUCTURE INCOMPATIBLE WITH FORCE FIELD
GLIDE WARNING: Will skip atomtyping, docking.
Glide: WARNING mmlewis warning: Wrong Lewis structure in structure input file
mmlewis warning: with title: CHEMBL1951607
mmlewis warning: Problems were identified with the following atoms:
mmlewis warning:  1 4 5 6 10 21 22 23 24 25 26 28 29 31 32 34 37 
mmlewis warning: Now attempting to fix the lewis structure.
Glide: FATAL mmlewis error: Problems remain with the following atoms:
mmlewis error:  1 6 10 23 31 32 34 37
run_mmlewis: Failed to generate a valid lewis structure.
GLIDE WARNING: Structure unsuitable for OPLS-AA force field: glide_dock_ligands_r05violated_3-0002_in.maegz
SKIP LIG      361 (CHEMBL1951607): STRUCTURE INCOMPATIBLE WITH FORCE FIELD
GLIDE WARNING: Will skip atomtyping, docking.
Glide: WARNING mmlewis warning: Wrong Lewis structure in structure input file
mmlewis warning: with title: CHEMBL1951609
mmlewis warning: Problems were identified with the following atoms:
mmlewis warning:  1 3 4 5 9 10 11 12 13 14 23 27 29 30 31 32 38 
mmlewis warning: Now attempting to fix the lewis structure.
Glide: FATAL mmlewis error: Problems remain with the following atoms:
mmlewis error:  1 3 11 17 23 27 38
run_mmlewis: Failed to generate a valid lewis structure.
GLIDE WARNING: Structure unsuitable for OPLS-AA force field: glide_dock_ligands_r05violated_3-0002_in.maegz
SKIP LIG      362 (CHEMBL1951609): STRUCTURE INCOMPATIBLE WITH FORCE FIELD
GLIDE WARNING: Will skip atomtyping, docking.
Glide: WARNING mmlewis warning: Wrong Lewis structure in structure input file
mmlewis warning: with title: CHEMBL1951611
mmlewis warning: Problems were identified with the following atoms:
mmlewis warning:  1 3 4 5 9 10 11 12 13 14 23 26 28 29 30 31 39 
mmlewis warning: Now attempting to fix the lewis structure.
Glide: FATAL mmlewis error: Problems remain with the following atoms:
mmlewis error:  1 3 11 17 23 39
run_mmlewis: Failed to generate a valid lewis structure.
GLIDE WARNING: Structure unsuitable for OPLS-AA force field: glide_dock_ligands_r05violated_3-0002_in.maegz
SKIP LIG      363 (CHEMBL1951611): STRUCTURE INCOMPATIBLE WITH FORCE FIELD
GLIDE WARNING: Will skip atomtyping, docking.
Glide: WARNING mmlewis warning: Wrong Lewis structure in structure input file
mmlewis warning: with title: CHEMBL1951614
mmlewis warning: Problems were identified with the following atoms:
mmlewis warning:  1 4 8 9 10 11 12 13 22 27 30 31 32 33 38 
mmlewis warning: Now attempting to fix the lewis structure.
Glide: FATAL mmlewis error: Problems remain with the following atoms:
mmlewis error:  1 10 16 22 38
run_mmlewis: Failed to generate a valid lewis structure.
GLIDE WARNING: Structure unsuitable for OPLS-AA force field: glide_dock_ligands_r05violated_3-0002_in.maegz
SKIP LIG      364 (CHEMBL1951614): STRUCTURE INCOMPATIBLE WITH FORCE FIELD
GLIDE WARNING: Will skip atomtyping, docking.
Glide: WARNING mmlewis warning: Wrong Lewis structure in structure input file
mmlewis warning: with title: CHEMBL2011535
mmlewis warning: Problems were identified with the following atoms:
mmlewis warning:  1 2 3 6 7 10 11 14 16 17 18 19 20 21 24 26 27 28 30 35 
mmlewis warning: Now attempting to fix the lewis structure.
Glide: FATAL mmlewis error: Problems remain with the following atoms:
mmlewis error:  1 3 14 20 24 30
run_mmlewis: Failed to generate a valid lewis structure.
GLIDE WARNING: Structure unsuitable for OPLS-AA force field: glide_dock_ligands_r05violated_3-0002_in.maegz
SKIP LIG      365 (CHEMBL2011535): STRUCTURE INCOMPATIBLE WITH FORCE FIELD
GLIDE WARNING: Will skip atomtyping, docking.
Glide: WARNING mmlewis warning: Wrong Lewis structure in structure input file
mmlewis warning: with title: CHEMBL2063040
mmlewis warning: Problems were identified with the following atoms:
mmlewis warning:  1 3 4 5 6 7 8 9 13 14 15 16 17 19 20 
mmlewis warning: Now attempting to fix the lewis structure.
Glide: FATAL mmlewis error: Problems remain with the following atoms:
mmlewis error:  1 3 9 13 16
run_mmlewis: Failed to generate a valid lewis structure.
GLIDE WARNING: Structure unsuitable for OPLS-AA force field: glide_dock_ligands_r05violated_3-0002_in.maegz
SKIP LIG      366 (CHEMBL2063040): STRUCTURE INCOMPATIBLE WITH FORCE FIELD
GLIDE WARNING: Will skip atomtyping, docking.
Glide: WARNING mmlewis warning: Wrong Lewis structure in structure input file
mmlewis warning: with title: CHEMBL2069837
mmlewis warning: Problems were identified with the following atoms:
mmlewis warning:  1 2 3 7 8 10 12 13 16 17 19 20 23 24 25 26 27 29 34 
mmlewis warning: Now attempting to fix the lewis structure.
Glide: FATAL mmlewis error: Problems remain with the following atoms:
mmlewis error:  1 3 17 27 29
run_mmlewis: Failed to generate a valid lewis structure.
GLIDE WARNING: Structure unsuitable for OPLS-AA force field: glide_dock_ligands_r05violated_3-0002_in.maegz
SKIP LIG      367 (CHEMBL2069837): STRUCTURE INCOMPATIBLE WITH FORCE FIELD
GLIDE WARNING: Will skip atomtyping, docking.
Glide: WARNING mmlewis warning: Wrong Lewis structure in structure input file
mmlewis warning: with title: CHEMBL2069846
mmlewis warning: Problems were identified with the following atoms:
mmlewis warning:  1 3 4 7 8 13 14 18 19 20 21 23 28 31 32 33 34 35 36 
mmlewis warning: Now attempting to fix the lewis structure.
Glide: FATAL mmlewis error: Problems remain with the following atoms:
mmlewis error:  1 20 21 23
run_mmlewis: Failed to generate a valid lewis structure.
GLIDE WARNING: Structure unsuitable for OPLS-AA force field: glide_dock_ligands_r05violated_3-0002_in.maegz
SKIP LIG      368 (CHEMBL2069846): STRUCTURE INCOMPATIBLE WITH FORCE FIELD
GLIDE WARNING: Will skip atomtyping, docking.
Glide: WARNING mmlewis warning: Wrong Lewis structure in structure input file
mmlewis warning: with title: CHEMBL2069858
mmlewis warning: Problems were identified with the following atoms:
mmlewis warning:  1 2 3 7 8 13 14 15 18 19 22 23 25 26 27 29 34 
mmlewis warning: Now attempting to fix the lewis structure.
Glide: FATAL mmlewis error: Problems remain with the following atoms:
mmlewis error:  1 3 15 27 29
run_mmlewis: Failed to generate a valid lewis structure.
GLIDE WARNING: Structure unsuitable for OPLS-AA force field: glide_dock_ligands_r05violated_3-0002_in.maegz
SKIP LIG      369 (CHEMBL2069858): STRUCTURE INCOMPATIBLE WITH FORCE FIELD
GLIDE WARNING: Will skip atomtyping, docking.
Glide: WARNING mmlewis warning: Wrong Lewis structure in structure input file
mmlewis warning: with title: CHEMBL2147049
mmlewis warning: Problems were identified with the following atoms:
mmlewis warning:  2 11 12 13 14 15 16 18 20 21 22 25 27 31 32 33 
mmlewis warning: Now attempting to fix the lewis structure.
Glide: FATAL mmlewis error: Problems remain with the following atoms:
mmlewis error:  2 13 15 16 18 22 25
Glide: FATAL mmlewis_apply(): Unable to handle mol 2
Glide: FATAL mmlewis_apply(): Error in handling of full CT
run_mmlewis: Failed to generate a valid lewis structure.
GLIDE WARNING: Structure unsuitable for OPLS-AA force field: glide_dock_ligands_r05violated_3-0002_in.maegz
SKIP LIG      370 (CHEMBL2147049): STRUCTURE INCOMPATIBLE WITH FORCE FIELD
GLIDE WARNING: Will skip atomtyping, docking.
Glide: WARNING mmlewis warning: Wrong Lewis structure in structure input file
mmlewis warning: with title: CHEMBL2147064
mmlewis warning: Problems were identified with the following atoms:
mmlewis warning:  2 11 12 13 14 15 16 18 19 21 22 23 24 28 32 33 34 
mmlewis warning: Now attempting to fix the lewis structure.
Glide: FATAL mmlewis error: Problems remain with the following atoms:
mmlewis error:  2 13 15 16
Glide: FATAL mmlewis_apply(): Unable to handle mol 2
Glide: FATAL mmlewis_apply(): Error in handling of full CT
run_mmlewis: Failed to generate a valid lewis structure.
GLIDE WARNING: Structure unsuitable for OPLS-AA force field: glide_dock_ligands_r05violated_3-0002_in.maegz
SKIP LIG      371 (CHEMBL2147064): STRUCTURE INCOMPATIBLE WITH FORCE FIELD
GLIDE WARNING: Will skip atomtyping, docking.
Glide: WARNING mmlewis warning: Wrong Lewis structure in structure input file
mmlewis warning: with title: CHEMBL2147068
mmlewis warning: Problems were identified with the following atoms:
mmlewis warning:  2 11 12 13 14 15 16 18 20 23 24 28 32 33 34 
mmlewis warning: Now attempting to fix the lewis structure.
Glide: FATAL mmlewis error: Problems remain with the following atoms:
mmlewis error:  2 13 15 16 18 20 25 28
Glide: FATAL mmlewis_apply(): Unable to handle mol 2
Glide: FATAL mmlewis_apply(): Error in handling of full CT
run_mmlewis: Failed to generate a valid lewis structure.
GLIDE WARNING: Structure unsuitable for OPLS-AA force field: glide_dock_ligands_r05violated_3-0002_in.maegz
SKIP LIG      372 (CHEMBL2147068): STRUCTURE INCOMPATIBLE WITH FORCE FIELD
GLIDE WARNING: Will skip atomtyping, docking.
Glide: WARNING mmlewis warning: Wrong Lewis structure in structure input file
mmlewis warning: with title: CHEMBL2147069
mmlewis warning: Problems were identified with the following atoms:
mmlewis warning:  2 11 12 13 14 15 16 18 20 23 24 28 32 33 34 
mmlewis warning: Now attempting to fix the lewis structure.
Glide: FATAL mmlewis error: Problems remain with the following atoms:
mmlewis error:  2 13 15 16 18 20 25 28
Glide: FATAL mmlewis_apply(): Unable to handle mol 2
Glide: FATAL mmlewis_apply(): Error in handling of full CT
run_mmlewis: Failed to generate a valid lewis structure.
GLIDE WARNING: Structure unsuitable for OPLS-AA force field: glide_dock_ligands_r05violated_3-0002_in.maegz
SKIP LIG      373 (CHEMBL2147069): STRUCTURE INCOMPATIBLE WITH FORCE FIELD
GLIDE WARNING: Will skip atomtyping, docking.
Glide: WARNING mmlewis warning: Wrong Lewis structure in structure input file
mmlewis warning: with title: CHEMBL2147070
mmlewis warning: Problems were identified with the following atoms:
mmlewis warning:  2 11 12 13 14 15 16 18 20 23 24 28 29 33 34 
mmlewis warning: Now attempting to fix the lewis structure.
Glide: FATAL mmlewis error: Problems remain with the following atoms:
mmlewis error:  2 13 15 16 18 20 25 34
Glide: FATAL mmlewis_apply(): Unable to handle mol 2
Glide: FATAL mmlewis_apply(): Error in handling of full CT
run_mmlewis: Failed to generate a valid lewis structure.
GLIDE WARNING: Structure unsuitable for OPLS-AA force field: glide_dock_ligands_r05violated_3-0002_in.maegz
SKIP LIG      374 (CHEMBL2147070): STRUCTURE INCOMPATIBLE WITH FORCE FIELD
GLIDE WARNING: Will skip atomtyping, docking.
Glide: WARNING mmlewis warning: Wrong Lewis structure in structure input file
mmlewis warning: with title: CHEMBL2147071
mmlewis warning: Problems were identified with the following atoms:
mmlewis warning:  1 3 7 8 14 15 16 17 18 19 21 23 24 25 26 33 35 
mmlewis warning: Now attempting to fix the lewis structure.
Glide: FATAL mmlewis error: Problems remain with the following atoms:
mmlewis error:  1 3 16 18 19 21 27 33 35
Glide: FATAL mmlewis_apply(): Unable to handle mol 1
Glide: FATAL mmlewis_apply(): Error in handling of full CT
run_mmlewis: Failed to generate a valid lewis structure.
GLIDE WARNING: Structure unsuitable for OPLS-AA force field: glide_dock_ligands_r05violated_3-0002_in.maegz
SKIP LIG      375 (CHEMBL2147071): STRUCTURE INCOMPATIBLE WITH FORCE FIELD
GLIDE WARNING: Will skip atomtyping, docking.
Glide: WARNING mmlewis warning: Wrong Lewis structure in structure input file
mmlewis warning: with title: CHEMBL2147073
mmlewis warning: Problems were identified with the following atoms:
mmlewis warning:  2 11 12 13 14 15 16 18 20 21 22 23 27 28 32 33 
mmlewis warning: Now attempting to fix the lewis structure.
Glide: FATAL mmlewis error: Problems remain with the following atoms:
mmlewis error:  2 13 15 16 18 24 33
Glide: FATAL mmlewis_apply(): Unable to handle mol 2
Glide: FATAL mmlewis_apply(): Error in handling of full CT
run_mmlewis: Failed to generate a valid lewis structure.
GLIDE WARNING: Structure unsuitable for OPLS-AA force field: glide_dock_ligands_r05violated_3-0002_in.maegz
SKIP LIG      376 (CHEMBL2147073): STRUCTURE INCOMPATIBLE WITH FORCE FIELD
GLIDE WARNING: Will skip atomtyping, docking.
Glide: WARNING mmlewis warning: Wrong Lewis structure in structure input file
mmlewis warning: with title: CHEMBL2147074
mmlewis warning: Problems were identified with the following atoms:
mmlewis warning:  2 11 12 13 14 15 16 18 20 21 22 23 27 28 30 33 34 
mmlewis warning: Now attempting to fix the lewis structure.
Glide: FATAL mmlewis error: Problems remain with the following atoms:
mmlewis error:  2 13 15 16 18 24 34
Glide: FATAL mmlewis_apply(): Unable to handle mol 2
Glide: FATAL mmlewis_apply(): Error in handling of full CT
run_mmlewis: Failed to generate a valid lewis structure.
GLIDE WARNING: Structure unsuitable for OPLS-AA force field: glide_dock_ligands_r05violated_3-0002_in.maegz
SKIP LIG      377 (CHEMBL2147074): STRUCTURE INCOMPATIBLE WITH FORCE FIELD
GLIDE WARNING: Will skip atomtyping, docking.
Glide: WARNING mmlewis warning: Wrong Lewis structure in structure input file
mmlewis warning: with title: CHEMBL2147078
mmlewis warning: Problems were identified with the following atoms:
mmlewis warning:  2 11 12 13 14 15 16 18 20 21 22 23 27 30 33 34 
mmlewis warning: Now attempting to fix the lewis structure.
Glide: FATAL mmlewis error: Problems remain with the following atoms:
mmlewis error:  2 13 15 16 18 24 27 30
Glide: FATAL mmlewis_apply(): Unable to handle mol 2
Glide: FATAL mmlewis_apply(): Error in handling of full CT
run_mmlewis: Failed to generate a valid lewis structure.
GLIDE WARNING: Structure unsuitable for OPLS-AA force field: glide_dock_ligands_r05violated_3-0002_in.maegz
SKIP LIG      378 (CHEMBL2147078): STRUCTURE INCOMPATIBLE WITH FORCE FIELD
GLIDE WARNING: Will skip atomtyping, docking.
Glide: WARNING mmlewis warning: Wrong Lewis structure in structure input file
mmlewis warning: with title: CHEMBL2147079
mmlewis warning: Problems were identified with the following atoms:
mmlewis warning:  1 6 7 10 15 16 17 18 19 20 22 24 25 26 27 34 
mmlewis warning: Now attempting to fix the lewis structure.
Glide: FATAL mmlewis error: Problems remain with the following atoms:
mmlewis error:  1 10 17 19 20 22 28 34
Glide: FATAL mmlewis_apply(): Unable to handle mol 1
Glide: FATAL mmlewis_apply(): Error in handling of full CT
run_mmlewis: Failed to generate a valid lewis structure.
GLIDE WARNING: Structure unsuitable for OPLS-AA force field: glide_dock_ligands_r05violated_3-0002_in.maegz
SKIP LIG      379 (CHEMBL2147079): STRUCTURE INCOMPATIBLE WITH FORCE FIELD
GLIDE WARNING: Will skip atomtyping, docking.
Glide: WARNING mmlewis warning: Wrong Lewis structure in structure input file
mmlewis warning: with title: CHEMBL2147080
mmlewis warning: Problems were identified with the following atoms:
mmlewis warning:  2 11 12 13 14 15 16 18 20 21 22 23 27 30 32 33 
mmlewis warning: Now attempting to fix the lewis structure.
Glide: FATAL mmlewis error: Problems remain with the following atoms:
mmlewis error:  2 13 15 16 18 24 27 30
Glide: FATAL mmlewis_apply(): Unable to handle mol 2
Glide: FATAL mmlewis_apply(): Error in handling of full CT
run_mmlewis: Failed to generate a valid lewis structure.
GLIDE WARNING: Structure unsuitable for OPLS-AA force field: glide_dock_ligands_r05violated_3-0002_in.maegz
SKIP LIG      380 (CHEMBL2147080): STRUCTURE INCOMPATIBLE WITH FORCE FIELD
GLIDE WARNING: Will skip atomtyping, docking.
Glide: WARNING mmlewis warning: Wrong Lewis structure in structure input file
mmlewis warning: with title: CHEMBL2147081
mmlewis warning: Problems were identified with the following atoms:
mmlewis warning:  1 3 7 8 11 16 17 18 19 20 21 23 25 26 27 28 35 
mmlewis warning: Now attempting to fix the lewis structure.
Glide: FATAL mmlewis error: Problems remain with the following atoms:
mmlewis error:  1 3 11 18 20 21 23 29 35
Glide: FATAL mmlewis_apply(): Unable to handle mol 1
Glide: FATAL mmlewis_apply(): Error in handling of full CT
run_mmlewis: Failed to generate a valid lewis structure.
GLIDE WARNING: Structure unsuitable for OPLS-AA force field: glide_dock_ligands_r05violated_3-0002_in.maegz
SKIP LIG      381 (CHEMBL2147081): STRUCTURE INCOMPATIBLE WITH FORCE FIELD
GLIDE WARNING: Will skip atomtyping, docking.
Glide: WARNING mmlewis warning: Wrong Lewis structure in structure input file
mmlewis warning: with title: CHEMBL2147082
mmlewis warning: Problems were identified with the following atoms:
mmlewis warning:  2 11 12 13 14 15 16 18 20 21 22 23 27 31 32 33 
mmlewis warning: Now attempting to fix the lewis structure.
Glide: FATAL mmlewis error: Problems remain with the following atoms:
mmlewis error:  2 13 15 16 18 24 27
Glide: FATAL mmlewis_apply(): Unable to handle mol 2
Glide: FATAL mmlewis_apply(): Error in handling of full CT
run_mmlewis: Failed to generate a valid lewis structure.
GLIDE WARNING: Structure unsuitable for OPLS-AA force field: glide_dock_ligands_r05violated_3-0002_in.maegz
SKIP LIG      382 (CHEMBL2147082): STRUCTURE INCOMPATIBLE WITH FORCE FIELD
GLIDE WARNING: Will skip atomtyping, docking.
Glide: WARNING mmlewis warning: Wrong Lewis structure in structure input file
mmlewis warning: with title: CHEMBL2147083
mmlewis warning: Problems were identified with the following atoms:
mmlewis warning:  2 11 12 13 14 15 16 18 20 21 22 23 27 29 32 33 34 
mmlewis warning: Now attempting to fix the lewis structure.
Glide: FATAL mmlewis error: Problems remain with the following atoms:
mmlewis error:  2 13 15 16 18 24 27 29
Glide: FATAL mmlewis_apply(): Unable to handle mol 2
Glide: FATAL mmlewis_apply(): Error in handling of full CT
run_mmlewis: Failed to generate a valid lewis structure.
GLIDE WARNING: Structure unsuitable for OPLS-AA force field: glide_dock_ligands_r05violated_3-0002_in.maegz
SKIP LIG      383 (CHEMBL2147083): STRUCTURE INCOMPATIBLE WITH FORCE FIELD
GLIDE WARNING: Will skip atomtyping, docking.
Glide: WARNING mmlewis warning: Wrong Lewis structure in structure input file
mmlewis warning: with title: CHEMBL2147084
mmlewis warning: Problems were identified with the following atoms:
mmlewis warning:  2 11 12 13 14 15 16 18 20 21 22 23 30 31 32 33 
mmlewis warning: Now attempting to fix the lewis structure.
Glide: FATAL mmlewis error: Problems remain with the following atoms:
mmlewis error:  2 13 15 16 18 24 33
Glide: FATAL mmlewis_apply(): Unable to handle mol 2
Glide: FATAL mmlewis_apply(): Error in handling of full CT
run_mmlewis: Failed to generate a valid lewis structure.
GLIDE WARNING: Structure unsuitable for OPLS-AA force field: glide_dock_ligands_r05violated_3-0002_in.maegz
SKIP LIG      384 (CHEMBL2147084): STRUCTURE INCOMPATIBLE WITH FORCE FIELD
GLIDE WARNING: Will skip atomtyping, docking.
Glide: WARNING mmlewis warning: Wrong Lewis structure in structure input file
mmlewis warning: with title: CHEMBL2147085
mmlewis warning: Problems were identified with the following atoms:
mmlewis warning:  2 11 12 13 14 15 16 18 20 21 22 23 28 31 32 33 34 
mmlewis warning: Now attempting to fix the lewis structure.
Glide: FATAL mmlewis error: Problems remain with the following atoms:
mmlewis error:  2 13 15 16 18 24 34
Glide: FATAL mmlewis_apply(): Unable to handle mol 2
Glide: FATAL mmlewis_apply(): Error in handling of full CT
run_mmlewis: Failed to generate a valid lewis structure.
GLIDE WARNING: Structure unsuitable for OPLS-AA force field: glide_dock_ligands_r05violated_3-0002_in.maegz
SKIP LIG      385 (CHEMBL2147085): STRUCTURE INCOMPATIBLE WITH FORCE FIELD
GLIDE WARNING: Will skip atomtyping, docking.
Glide: WARNING mmlewis warning: Wrong Lewis structure in structure input file
mmlewis warning: with title: CHEMBL2147188
mmlewis warning: Problems were identified with the following atoms:
mmlewis warning:  1 6 7 8 14 15 16 17 18 19 21 23 24 25 26 33 
mmlewis warning: Now attempting to fix the lewis structure.
Glide: FATAL mmlewis error: Problems remain with the following atoms:
mmlewis error:  1 8 16 18 19 21 27 33
Glide: FATAL mmlewis_apply(): Unable to handle mol 1
Glide: FATAL mmlewis_apply(): Error in handling of full CT
run_mmlewis: Failed to generate a valid lewis structure.
GLIDE WARNING: Structure unsuitable for OPLS-AA force field: glide_dock_ligands_r05violated_3-0002_in.maegz
SKIP LIG      386 (CHEMBL2147188): STRUCTURE INCOMPATIBLE WITH FORCE FIELD
GLIDE WARNING: Will skip atomtyping, docking.
Glide: WARNING mmlewis warning: Wrong Lewis structure in structure input file
mmlewis warning: with title: CHEMBL2147189
mmlewis warning: Problems were identified with the following atoms:
mmlewis warning:  2 11 12 13 14 15 16 18 20 21 22 23 27 28 29 33 
mmlewis warning: Now attempting to fix the lewis structure.
Glide: FATAL mmlewis error: Problems remain with the following atoms:
mmlewis error:  2 13 15 16 18 24 29
Glide: FATAL mmlewis_apply(): Unable to handle mol 2
Glide: FATAL mmlewis_apply(): Error in handling of full CT
run_mmlewis: Failed to generate a valid lewis structure.
GLIDE WARNING: Structure unsuitable for OPLS-AA force field: glide_dock_ligands_r05violated_3-0002_in.maegz
SKIP LIG      387 (CHEMBL2147189): STRUCTURE INCOMPATIBLE WITH FORCE FIELD
GLIDE WARNING: Will skip atomtyping, docking.
Glide: WARNING mmlewis warning: Wrong Lewis structure in structure input file
mmlewis warning: with title: CHEMBL2147191
mmlewis warning: Problems were identified with the following atoms:
mmlewis warning:  2 11 12 13 14 15 16 18 20 21 22 23 27 28 31 32 33 34 35 36 
mmlewis warning: Now attempting to fix the lewis structure.
Glide: FATAL mmlewis error: Problems remain with the following atoms:
mmlewis error:  2 13 15 16 18 24 35 36
Glide: FATAL mmlewis_apply(): Unable to handle mol 2
Glide: FATAL mmlewis_apply(): Error in handling of full CT
run_mmlewis: Failed to generate a valid lewis structure.
GLIDE WARNING: Structure unsuitable for OPLS-AA force field: glide_dock_ligands_r05violated_3-0002_in.maegz
SKIP LIG      388 (CHEMBL2147191): STRUCTURE INCOMPATIBLE WITH FORCE FIELD
GLIDE WARNING: Will skip atomtyping, docking.
Glide: WARNING mmlewis warning: Wrong Lewis structure in structure input file
mmlewis warning: with title: CHEMBL2147194
mmlewis warning: Problems were identified with the following atoms:
mmlewis warning:  1 3 5 6 12 13 14 15 16 17 19 21 22 23 24 31 33 
mmlewis warning: Now attempting to fix the lewis structure.
Glide: FATAL mmlewis error: Problems remain with the following atoms:
mmlewis error:  1 3 14 16 17 19 25 31 33
Glide: FATAL mmlewis_apply(): Unable to handle mol 1
Glide: FATAL mmlewis_apply(): Error in handling of full CT
run_mmlewis: Failed to generate a valid lewis structure.
GLIDE WARNING: Structure unsuitable for OPLS-AA force field: glide_dock_ligands_r05violated_3-0002_in.maegz
SKIP LIG      389 (CHEMBL2147194): STRUCTURE INCOMPATIBLE WITH FORCE FIELD
GLIDE WARNING: Will skip atomtyping, docking.
Glide: WARNING mmlewis warning: Wrong Lewis structure in structure input file
mmlewis warning: with title: CHEMBL2147195
mmlewis warning: Problems were identified with the following atoms:
mmlewis warning:  1 6 7 13 14 15 16 17 18 20 22 23 24 25 32 34 
mmlewis warning: Now attempting to fix the lewis structure.
Glide: FATAL mmlewis error: Problems remain with the following atoms:
mmlewis error:  1 15 17 18 20 26 32 34
Glide: FATAL mmlewis_apply(): Unable to handle mol 1
Glide: FATAL mmlewis_apply(): Error in handling of full CT
run_mmlewis: Failed to generate a valid lewis structure.
GLIDE WARNING: Structure unsuitable for OPLS-AA force field: glide_dock_ligands_r05violated_3-0002_in.maegz
SKIP LIG      390 (CHEMBL2147195): STRUCTURE INCOMPATIBLE WITH FORCE FIELD
GLIDE WARNING: Will skip atomtyping, docking.
Glide: WARNING mmlewis warning: Wrong Lewis structure in structure input file
mmlewis warning: with title: CHEMBL2147196
mmlewis warning: Problems were identified with the following atoms:
mmlewis warning:  2 11 12 13 14 15 16 18 20 21 22 23 27 28 31 33 
mmlewis warning: Now attempting to fix the lewis structure.
Glide: FATAL mmlewis error: Problems remain with the following atoms:
mmlewis error:  2 13 15 16 18 24 31 33
Glide: FATAL mmlewis_apply(): Unable to handle mol 2
Glide: FATAL mmlewis_apply(): Error in handling of full CT
run_mmlewis: Failed to generate a valid lewis structure.
GLIDE WARNING: Structure unsuitable for OPLS-AA force field: glide_dock_ligands_r05violated_3-0002_in.maegz
SKIP LIG      391 (CHEMBL2147196): STRUCTURE INCOMPATIBLE WITH FORCE FIELD
GLIDE WARNING: Will skip atomtyping, docking.
Glide: WARNING mmlewis warning: Wrong Lewis structure in structure input file
mmlewis warning: with title: CHEMBL2153742
mmlewis warning: Problems were identified with the following atoms:
mmlewis warning:  1 4 6 7 14 15 17 19 21 22 23 24 25 26 30 31 32 33 34 35 36 
mmlewis warning: Now attempting to fix the lewis structure.
Glide: FATAL mmlewis error: Problems remain with the following atoms:
mmlewis error:  1 19 21 26 33 36
run_mmlewis: Failed to generate a valid lewis structure.
GLIDE WARNING: Structure unsuitable for OPLS-AA force field: glide_dock_ligands_r05violated_3-0002_in.maegz
SKIP LIG      392 (CHEMBL2153742): STRUCTURE INCOMPATIBLE WITH FORCE FIELD
GLIDE WARNING: Will skip atomtyping, docking.
Glide: WARNING mmlewis warning: Wrong Lewis structure in structure input file
mmlewis warning: with title: CHEMBL2153743
mmlewis warning: Problems were identified with the following atoms:
mmlewis warning:  1 6 7 14 15 20 21 22 23 24 25 26 30 31 32 33 34 35 36 
mmlewis warning: Now attempting to fix the lewis structure.
Glide: FATAL mmlewis error: Problems remain with the following atoms:
mmlewis error:  1 20 26 33
run_mmlewis: Failed to generate a valid lewis structure.
GLIDE WARNING: Structure unsuitable for OPLS-AA force field: glide_dock_ligands_r05violated_3-0002_in.maegz
SKIP LIG      393 (CHEMBL2153743): STRUCTURE INCOMPATIBLE WITH FORCE FIELD
GLIDE WARNING: Will skip atomtyping, docking.
Glide: WARNING mmlewis warning: Wrong Lewis structure in structure input file
mmlewis warning: with title: CHEMBL2153744
mmlewis warning: Problems were identified with the following atoms:
mmlewis warning:  1 2 6 7 11 12 19 20 24 25 29 30 31 32 33 34 35 36 40 41 42 43 44 45 46 
mmlewis warning: Now attempting to fix the lewis structure.
Glide: FATAL mmlewis error: Problems remain with the following atoms:
mmlewis error:  1 6 30 36 43
run_mmlewis: Failed to generate a valid lewis structure.
GLIDE WARNING: Structure unsuitable for OPLS-AA force field: glide_dock_ligands_r05violated_3-0002_in.maegz
SKIP LIG      394 (CHEMBL2153744): STRUCTURE INCOMPATIBLE WITH FORCE FIELD
GLIDE WARNING: Will skip atomtyping, docking.
Glide: WARNING mmlewis warning: Wrong Lewis structure in structure input file
mmlewis warning: with title: CHEMBL2203319
mmlewis warning: Problems were identified with the following atoms:
mmlewis warning:  1 2 3 6 9 10 11 14 15 17 18 19 20 24 25 26 28 33 
mmlewis warning: Now attempting to fix the lewis structure.
Glide: FATAL mmlewis error: Problems remain with the following atoms:
mmlewis error:  1 3 11 17 18 26 28
run_mmlewis: Failed to generate a valid lewis structure.
GLIDE WARNING: Structure unsuitable for OPLS-AA force field: glide_dock_ligands_r05violated_3-0002_in.maegz
SKIP LIG      395 (CHEMBL2203319): STRUCTURE INCOMPATIBLE WITH FORCE FIELD
GLIDE WARNING: Will skip atomtyping, docking.
Glide: WARNING mmlewis warning: Wrong Lewis structure in structure input file
mmlewis warning: with title: CHEMBL2206469
mmlewis warning: Problems were identified with the following atoms:
mmlewis warning:  1 2 3 6 9 10 11 14 16 18 19 20 24 25 26 28 33 
mmlewis warning: Now attempting to fix the lewis structure.
Glide: FATAL mmlewis error: Problems remain with the following atoms:
mmlewis error:  1 3 11 16 18 26 28
run_mmlewis: Failed to generate a valid lewis structure.
GLIDE WARNING: Structure unsuitable for OPLS-AA force field: glide_dock_ligands_r05violated_3-0002_in.maegz
SKIP LIG      396 (CHEMBL2206469): STRUCTURE INCOMPATIBLE WITH FORCE FIELD
GLIDE WARNING: Will skip atomtyping, docking.
Glide: WARNING mmlewis warning: Wrong Lewis structure in structure input file
mmlewis warning: with title: CHEMBL2206472
mmlewis warning: Problems were identified with the following atoms:
mmlewis warning:  1 4 7 8 9 12 15 16 17 18 20 21 22 23 26 27 31 32 33 
mmlewis warning: Now attempting to fix the lewis structure.
Glide: FATAL mmlewis error: Problems remain with the following atoms:
mmlewis error:  1 9 15 17 18 24 33
run_mmlewis: Failed to generate a valid lewis structure.
GLIDE WARNING: Structure unsuitable for OPLS-AA force field: glide_dock_ligands_r05violated_3-0002_in.maegz
SKIP LIG      397 (CHEMBL2206472): STRUCTURE INCOMPATIBLE WITH FORCE FIELD
GLIDE WARNING: Will skip atomtyping, docking.
Glide: WARNING mmlewis warning: Wrong Lewis structure in structure input file
mmlewis warning: with title: CHEMBL2206473
mmlewis warning: Problems were identified with the following atoms:
mmlewis warning:  1 2 3 6 9 10 11 14 17 18 19 20 21 22 24 25 26 30 31 32 34 35 36 37 
mmlewis warning: Now attempting to fix the lewis structure.
Glide: FATAL mmlewis error: Problems remain with the following atoms:
mmlewis error:  1 3 11 24 32 38
run_mmlewis: Failed to generate a valid lewis structure.
GLIDE WARNING: Structure unsuitable for OPLS-AA force field: glide_dock_ligands_r05violated_3-0002_in.maegz
SKIP LIG      398 (CHEMBL2206473): STRUCTURE INCOMPATIBLE WITH FORCE FIELD
GLIDE WARNING: Will skip atomtyping, docking.
Glide: WARNING mmlewis warning: Wrong Lewis structure in structure input file
mmlewis warning: with title: CHEMBL2206475
mmlewis warning: Problems were identified with the following atoms:
mmlewis warning:  1 2 3 6 12 13 14 15 16 17 19 20 24 25 26 28 33 
mmlewis warning: Now attempting to fix the lewis structure.
Glide: FATAL mmlewis error: Problems remain with the following atoms:
mmlewis error:  1 3 16 17 26 28
run_mmlewis: Failed to generate a valid lewis structure.
GLIDE WARNING: Structure unsuitable for OPLS-AA force field: glide_dock_ligands_r05violated_3-0002_in.maegz
SKIP LIG      399 (CHEMBL2206475): STRUCTURE INCOMPATIBLE WITH FORCE FIELD
GLIDE WARNING: Will skip atomtyping, docking.
Glide: WARNING mmlewis warning: Wrong Lewis structure in structure input file
mmlewis warning: with title: CHEMBL2206476
mmlewis warning: Problems were identified with the following atoms:
mmlewis warning:  1 4 5 6 9 13 16 17 18 19 21 22 23 24 27 28 32 33 35 
mmlewis warning: Now attempting to fix the lewis structure.
Glide: FATAL mmlewis error: Problems remain with the following atoms:
mmlewis error:  1 6 9 16 18 19 25 35
run_mmlewis: Failed to generate a valid lewis structure.
GLIDE WARNING: Structure unsuitable for OPLS-AA force field: glide_dock_ligands_r05violated_3-0002_in.maegz
SKIP LIG      400 (CHEMBL2206476): STRUCTURE INCOMPATIBLE WITH FORCE FIELD
GLIDE WARNING: Will skip atomtyping, docking.
Glide: WARNING mmlewis warning: Wrong Lewis structure in structure input file
mmlewis warning: with title: CHEMBL2206477
mmlewis warning: Problems were identified with the following atoms:
mmlewis warning:  1 4 5 8 12 15 16 17 18 20 21 22 23 26 27 31 32 34 35 
mmlewis warning: Now attempting to fix the lewis structure.
Glide: FATAL mmlewis error: Problems remain with the following atoms:
mmlewis error:  1 8 15 17 18 24
run_mmlewis: Failed to generate a valid lewis structure.
GLIDE WARNING: Structure unsuitable for OPLS-AA force field: glide_dock_ligands_r05violated_3-0002_in.maegz
SKIP LIG      401 (CHEMBL2206477): STRUCTURE INCOMPATIBLE WITH FORCE FIELD
GLIDE WARNING: Will skip atomtyping, docking.
Glide: WARNING mmlewis warning: Wrong Lewis structure in structure input file
mmlewis warning: with title: CHEMBL2206478
mmlewis warning: Problems were identified with the following atoms:
mmlewis warning:  1 4 5 6 7 10 14 17 18 19 20 22 27 30 31 35 36 
mmlewis warning: Now attempting to fix the lewis structure.
Glide: FATAL mmlewis error: Problems remain with the following atoms:
mmlewis error:  1 10 17 19 20 22
run_mmlewis: Failed to generate a valid lewis structure.
GLIDE WARNING: Structure unsuitable for OPLS-AA force field: glide_dock_ligands_r05violated_3-0002_in.maegz
SKIP LIG      402 (CHEMBL2206478): STRUCTURE INCOMPATIBLE WITH FORCE FIELD
GLIDE WARNING: Will skip atomtyping, docking.
Glide: WARNING mmlewis warning: Wrong Lewis structure in structure input file
mmlewis warning: with title: CHEMBL2206479
mmlewis warning: Problems were identified with the following atoms:
mmlewis warning:  1 2 3 6 12 13 16 17 18 20 21 25 26 27 29 34 
mmlewis warning: Now attempting to fix the lewis structure.
Glide: FATAL mmlewis error: Problems remain with the following atoms:
mmlewis error:  1 3 17 18 27 29
run_mmlewis: Failed to generate a valid lewis structure.
GLIDE WARNING: Structure unsuitable for OPLS-AA force field: glide_dock_ligands_r05violated_3-0002_in.maegz
SKIP LIG      403 (CHEMBL2206479): STRUCTURE INCOMPATIBLE WITH FORCE FIELD
GLIDE WARNING: Will skip atomtyping, docking.
Glide: WARNING mmlewis warning: Wrong Lewis structure in structure input file
mmlewis warning: with title: CHEMBL2206480
mmlewis warning: Problems were identified with the following atoms:
mmlewis warning:  1 2 3 6 12 13 19 20 21 23 24 28 29 30 32 37 
mmlewis warning: Now attempting to fix the lewis structure.
Glide: FATAL mmlewis error: Problems remain with the following atoms:
mmlewis error:  1 3 20 21 30 32
run_mmlewis: Failed to generate a valid lewis structure.
GLIDE WARNING: Structure unsuitable for OPLS-AA force field: glide_dock_ligands_r05violated_3-0002_in.maegz
SKIP LIG      404 (CHEMBL2206480): STRUCTURE INCOMPATIBLE WITH FORCE FIELD
GLIDE WARNING: Will skip atomtyping, docking.
Glide: WARNING mmlewis warning: Wrong Lewis structure in structure input file
mmlewis warning: with title: CHEMBL2206481
mmlewis warning: Problems were identified with the following atoms:
mmlewis warning:  1 2 3 6 12 13 14 20 21 23 24 28 29 30 32 37 
mmlewis warning: Now attempting to fix the lewis structure.
Glide: FATAL mmlewis error: Problems remain with the following atoms:
mmlewis error:  1 3 14 20 21 30 32
run_mmlewis: Failed to generate a valid lewis structure.
GLIDE WARNING: Structure unsuitable for OPLS-AA force field: glide_dock_ligands_r05violated_3-0002_in.maegz
SKIP LIG      405 (CHEMBL2206481): STRUCTURE INCOMPATIBLE WITH FORCE FIELD
GLIDE WARNING: Will skip atomtyping, docking.
Glide: WARNING mmlewis warning: Wrong Lewis structure in structure input file
mmlewis warning: with title: CHEMBL2206482
mmlewis warning: Problems were identified with the following atoms:
mmlewis warning:  1 2 3 6 12 13 16 17 18 20 21 25 26 27 29 30 31 32 
mmlewis warning: Now attempting to fix the lewis structure.
Glide: FATAL mmlewis error: Problems remain with the following atoms:
mmlewis error:  1 3 17 18 27 33
run_mmlewis: Failed to generate a valid lewis structure.
GLIDE WARNING: Structure unsuitable for OPLS-AA force field: glide_dock_ligands_r05violated_3-0002_in.maegz
SKIP LIG      406 (CHEMBL2206482): STRUCTURE INCOMPATIBLE WITH FORCE FIELD
GLIDE WARNING: Will skip atomtyping, docking.
Glide: WARNING mmlewis warning: Wrong Lewis structure in structure input file
mmlewis warning: with title: CHEMBL2206483
mmlewis warning: Problems were identified with the following atoms:
mmlewis warning:  1 2 3 6 13 14 15 16 17 19 20 24 25 26 28 33 
mmlewis warning: Now attempting to fix the lewis structure.
Glide: FATAL mmlewis error: Problems remain with the following atoms:
mmlewis error:  1 3 17 26 28
run_mmlewis: Failed to generate a valid lewis structure.
GLIDE WARNING: Structure unsuitable for OPLS-AA force field: glide_dock_ligands_r05violated_3-0002_in.maegz
SKIP LIG      407 (CHEMBL2206483): STRUCTURE INCOMPATIBLE WITH FORCE FIELD
GLIDE WARNING: Will skip atomtyping, docking.
Glide: WARNING mmlewis warning: Wrong Lewis structure in structure input file
mmlewis warning: with title: CHEMBL2206484
mmlewis warning: Problems were identified with the following atoms:
mmlewis warning:  1 2 3 6 13 14 15 18 20 21 25 26 27 29 34 
mmlewis warning: Now attempting to fix the lewis structure.
Glide: FATAL mmlewis error: Problems remain with the following atoms:
mmlewis error:  1 3 15 18 27 29
run_mmlewis: Failed to generate a valid lewis structure.
GLIDE WARNING: Structure unsuitable for OPLS-AA force field: glide_dock_ligands_r05violated_3-0002_in.maegz
SKIP LIG      408 (CHEMBL2206484): STRUCTURE INCOMPATIBLE WITH FORCE FIELD
GLIDE WARNING: Will skip atomtyping, docking.
Glide: WARNING mmlewis warning: Wrong Lewis structure in structure input file
mmlewis warning: with title: CHEMBL2206485
mmlewis warning: Problems were identified with the following atoms:
mmlewis warning:  1 4 5 6 13 16 17 18 19 21 26 29 30 34 35 37 
mmlewis warning: Now attempting to fix the lewis structure.
Glide: FATAL mmlewis error: Problems remain with the following atoms:
mmlewis error:  1 6 16 18 19 21 37
run_mmlewis: Failed to generate a valid lewis structure.
GLIDE WARNING: Structure unsuitable for OPLS-AA force field: glide_dock_ligands_r05violated_3-0002_in.maegz
SKIP LIG      409 (CHEMBL2206485): STRUCTURE INCOMPATIBLE WITH FORCE FIELD
GLIDE WARNING: Will skip atomtyping, docking.
Glide: WARNING mmlewis warning: Wrong Lewis structure in structure input file
mmlewis warning: with title: CHEMBL2206486
mmlewis warning: Problems were identified with the following atoms:
mmlewis warning:  1 3 6 7 8 9 10 14 17 18 19 20 22 27 30 31 35 36 
mmlewis warning: Now attempting to fix the lewis structure.
Glide: FATAL mmlewis error: Problems remain with the following atoms:
mmlewis error:  1 3 10 17 19 20 22
run_mmlewis: Failed to generate a valid lewis structure.
GLIDE WARNING: Structure unsuitable for OPLS-AA force field: glide_dock_ligands_r05violated_3-0002_in.maegz
SKIP LIG      410 (CHEMBL2206486): STRUCTURE INCOMPATIBLE WITH FORCE FIELD
GLIDE WARNING: Will skip atomtyping, docking.
Glide: WARNING mmlewis warning: Wrong Lewis structure in structure input file
mmlewis warning: with title: CHEMBL2206487
mmlewis warning: Problems were identified with the following atoms:
mmlewis warning:  1 6 9 10 11 12 14 15 16 17 20 21 25 26 30 31 32 33 34 
mmlewis warning: Now attempting to fix the lewis structure.
Glide: FATAL mmlewis error: Problems remain with the following atoms:
mmlewis error:  1 9 11 12 18 34
run_mmlewis: Failed to generate a valid lewis structure.
GLIDE WARNING: Structure unsuitable for OPLS-AA force field: glide_dock_ligands_r05violated_3-0002_in.maegz
SKIP LIG      411 (CHEMBL2206487): STRUCTURE INCOMPATIBLE WITH FORCE FIELD
GLIDE WARNING: Will skip atomtyping, docking.
Glide: WARNING mmlewis warning: Wrong Lewis structure in structure input file
mmlewis warning: with title: CHEMBL2346927
mmlewis warning: Problems were identified with the following atoms:
mmlewis warning:  1 4 8 9 10 11 12 13 16 17 19 21 22 24 27 28 
mmlewis warning: Now attempting to fix the lewis structure.
Glide: FATAL mmlewis error: Problems remain with the following atoms:
mmlewis error:  1 10 12 13 19 24
run_mmlewis: Failed to generate a valid lewis structure.
GLIDE WARNING: Structure unsuitable for OPLS-AA force field: glide_dock_ligands_r05violated_3-0002_in.maegz
SKIP LIG      412 (CHEMBL2346927): STRUCTURE INCOMPATIBLE WITH FORCE FIELD
GLIDE WARNING: Will skip atomtyping, docking.
Glide: WARNING mmlewis warning: Wrong Lewis structure in structure input file
mmlewis warning: with title: CHEMBL2418633
mmlewis warning: Problems were identified with the following atoms:
mmlewis warning:  4 5 6 7 11 12 13 15 16 19 21 23 24 29 32 33 
mmlewis warning: Now attempting to fix the lewis structure.
Glide: FATAL mmlewis error: Problems remain with the following atoms:
mmlewis error:  7 12 13 17 19 21 29
Glide: FATAL mmlewis_apply(): Unable to handle mol 2
Glide: FATAL mmlewis_apply(): Error in handling of full CT
run_mmlewis: Failed to generate a valid lewis structure.
GLIDE WARNING: Structure unsuitable for OPLS-AA force field: glide_dock_ligands_r05violated_3-0002_in.maegz
SKIP LIG      413 (CHEMBL2418633): STRUCTURE INCOMPATIBLE WITH FORCE FIELD
GLIDE WARNING: Will skip atomtyping, docking.
Glide: WARNING mmlewis warning: Wrong Lewis structure in structure input file
mmlewis warning: with title: CHEMBL3084935
mmlewis warning: Problems were identified with the following atoms:
mmlewis warning:  1 2 6 7 9 10 11 12 13 14 19 20 23 24 25 26 
mmlewis warning: Now attempting to fix the lewis structure.
Glide: FATAL mmlewis error: Problems remain with the following atoms:
mmlewis error:  1 9
run_mmlewis: Failed to generate a valid lewis structure.
GLIDE WARNING: Structure unsuitable for OPLS-AA force field: glide_dock_ligands_r05violated_3-0002_in.maegz
SKIP LIG      414 (CHEMBL3084935): STRUCTURE INCOMPATIBLE WITH FORCE FIELD
GLIDE WARNING: Will skip atomtyping, docking.
Glide: WARNING mmlewis warning: Wrong Lewis structure in structure input file
mmlewis warning: with title: CHEMBL3112971
mmlewis warning: Problems were identified with the following atoms:
mmlewis warning:  1 2 5 6 7 10 11 12 13 15 16 27 28 29 30 31 32 
mmlewis warning: Now attempting to fix the lewis structure.
Glide: FATAL mmlewis error: Problems remain with the following atoms:
mmlewis error:  7 10 28 30 32
run_mmlewis: Failed to generate a valid lewis structure.
GLIDE WARNING: Structure unsuitable for OPLS-AA force field: glide_dock_ligands_r05violated_3-0002_in.maegz
SKIP LIG      415 (CHEMBL3112971): STRUCTURE INCOMPATIBLE WITH FORCE FIELD
GLIDE WARNING: Will skip atomtyping, docking.
Glide: WARNING mmlewis warning: Wrong Lewis structure in structure input file
mmlewis warning: with title: CHEMBL3215606
mmlewis warning: Problems were identified with the following atoms:
mmlewis warning:  1 3 4 8 9 11 13 14 15 18 19 20 21 25 26 27 
mmlewis warning: Now attempting to fix the lewis structure.
Glide: FATAL mmlewis error: Problems remain with the following atoms:
mmlewis error:  1 11 13 14 15 18 20 21
Glide: FATAL mmlewis_apply(): Unable to handle mol 1
Glide: FATAL mmlewis_apply(): Error in handling of full CT
run_mmlewis: Failed to generate a valid lewis structure.
GLIDE WARNING: Structure unsuitable for OPLS-AA force field: glide_dock_ligands_r05violated_3-0002_in.maegz
SKIP LIG      416 (CHEMBL3215606): STRUCTURE INCOMPATIBLE WITH FORCE FIELD
GLIDE WARNING: Will skip atomtyping, docking.
Glide: WARNING mmlewis warning: Wrong Lewis structure in structure input file
mmlewis warning: with title: CHEMBL3215608
mmlewis warning: Problems were identified with the following atoms:
mmlewis warning:  1 3 4 8 9 11 13 14 15 18 19 20 24 25 26 
mmlewis warning: Now attempting to fix the lewis structure.
Glide: FATAL mmlewis error: Problems remain with the following atoms:
mmlewis error:  1 11 13 14 15 19 20
Glide: FATAL mmlewis_apply(): Unable to handle mol 1
Glide: FATAL mmlewis_apply(): Error in handling of full CT
run_mmlewis: Failed to generate a valid lewis structure.
GLIDE WARNING: Structure unsuitable for OPLS-AA force field: glide_dock_ligands_r05violated_3-0002_in.maegz
SKIP LIG      417 (CHEMBL3215608): STRUCTURE INCOMPATIBLE WITH FORCE FIELD
GLIDE WARNING: Will skip atomtyping, docking.
Glide: WARNING mmlewis warning: Wrong Lewis structure in structure input file
mmlewis warning: with title: CHEMBL3215611
mmlewis warning: Problems were identified with the following atoms:
mmlewis warning:  1 3 4 8 12 13 14 16 19 21 24 25 26 27 29 30 31 32 
mmlewis warning: Now attempting to fix the lewis structure.
Glide: FATAL mmlewis error: Problems remain with the following atoms:
mmlewis error:  1 8 16 19 21 26 27 30
Glide: FATAL mmlewis_apply(): Unable to handle mol 1
Glide: FATAL mmlewis_apply(): Error in handling of full CT
run_mmlewis: Failed to generate a valid lewis structure.
GLIDE WARNING: Structure unsuitable for OPLS-AA force field: glide_dock_ligands_r05violated_3-0002_in.maegz
SKIP LIG      418 (CHEMBL3215611): STRUCTURE INCOMPATIBLE WITH FORCE FIELD
GLIDE WARNING: Will skip atomtyping, docking.
Glide: WARNING mmlewis warning: Wrong Lewis structure in structure input file
mmlewis warning: with title: CHEMBL3215820
mmlewis warning: Problems were identified with the following atoms:
mmlewis warning:  1 2 3 7 9 10 11 13 14 17 18 20 21 22 26 
mmlewis warning: Now attempting to fix the lewis structure.
Glide: FATAL mmlewis error: Problems remain with the following atoms:
mmlewis error:  1 3 7 9 10 11 14 20
Glide: FATAL mmlewis_apply(): Unable to handle mol 1
Glide: FATAL mmlewis_apply(): Error in handling of full CT
run_mmlewis: Failed to generate a valid lewis structure.
GLIDE WARNING: Structure unsuitable for OPLS-AA force field: glide_dock_ligands_r05violated_3-0002_in.maegz
SKIP LIG      419 (CHEMBL3215820): STRUCTURE INCOMPATIBLE WITH FORCE FIELD
GLIDE WARNING: Will skip atomtyping, docking.
Glide: WARNING mmlewis warning: Wrong Lewis structure in structure input file
mmlewis warning: with title: CHEMBL3215827
mmlewis warning: Problems were identified with the following atoms:
mmlewis warning:  1 5 6 7 9 12 15 18 19 20 21 23 24 27 28 30 31 32 33 
mmlewis warning: Now attempting to fix the lewis structure.
Glide: FATAL mmlewis error: Problems remain with the following atoms:
mmlewis error:  1 7 12 15 18 20 21 24 30 33
Glide: FATAL mmlewis_apply(): Unable to handle mol 1
Glide: FATAL mmlewis_apply(): Error in handling of full CT
run_mmlewis: Failed to generate a valid lewis structure.
GLIDE WARNING: Structure unsuitable for OPLS-AA force field: glide_dock_ligands_r05violated_3-0002_in.maegz
SKIP LIG      420 (CHEMBL3215827): STRUCTURE INCOMPATIBLE WITH FORCE FIELD
GLIDE WARNING: Will skip atomtyping, docking.
Glide: WARNING mmlewis warning: Wrong Lewis structure in structure input file
mmlewis warning: with title: CHEMBL3215828
mmlewis warning: Problems were identified with the following atoms:
mmlewis warning:  1 5 6 7 11 14 17 18 19 20 22 23 26 27 29 30 31 32 
mmlewis warning: Now attempting to fix the lewis structure.
Glide: FATAL mmlewis error: Problems remain with the following atoms:
mmlewis error:  1 11 14 19 20 23 29 32
Glide: FATAL mmlewis_apply(): Unable to handle mol 1
Glide: FATAL mmlewis_apply(): Error in handling of full CT
run_mmlewis: Failed to generate a valid lewis structure.
GLIDE WARNING: Structure unsuitable for OPLS-AA force field: glide_dock_ligands_r05violated_3-0002_in.maegz
SKIP LIG      421 (CHEMBL3215828): STRUCTURE INCOMPATIBLE WITH FORCE FIELD
GLIDE WARNING: Will skip atomtyping, docking.
Glide: WARNING mmlewis warning: Wrong Lewis structure in structure input file
mmlewis warning: with title: CHEMBL3215844
mmlewis warning: Problems were identified with the following atoms:
mmlewis warning:  1 3 4 8 9 11 12 13 14 17 18 20 21 22 25 26 28 29 
mmlewis warning: Now attempting to fix the lewis structure.
Glide: FATAL mmlewis error: Problems remain with the following atoms:
mmlewis error:  1 9 13 14 26
Glide: FATAL mmlewis_apply(): Unable to handle mol 1
Glide: FATAL mmlewis_apply(): Error in handling of full CT
run_mmlewis: Failed to generate a valid lewis structure.
GLIDE WARNING: Structure unsuitable for OPLS-AA force field: glide_dock_ligands_r05violated_3-0002_in.maegz
SKIP LIG      422 (CHEMBL3215844): STRUCTURE INCOMPATIBLE WITH FORCE FIELD
GLIDE WARNING: Will skip atomtyping, docking.
Glide: WARNING mmlewis warning: Wrong Lewis structure in structure input file
mmlewis warning: with title: CHEMBL3215858
mmlewis warning: Problems were identified with the following atoms:
mmlewis warning:  1 3 4 8 9 11 12 13 14 17 18 22 23 25 26 
mmlewis warning: Now attempting to fix the lewis structure.
Glide: FATAL mmlewis error: Problems remain with the following atoms:
mmlewis error:  1 9 13 14
Glide: FATAL mmlewis_apply(): Unable to handle mol 1
Glide: FATAL mmlewis_apply(): Error in handling of full CT
run_mmlewis: Failed to generate a valid lewis structure.
GLIDE WARNING: Structure unsuitable for OPLS-AA force field: glide_dock_ligands_r05violated_3-0002_in.maegz
SKIP LIG      423 (CHEMBL3215858): STRUCTURE INCOMPATIBLE WITH FORCE FIELD
GLIDE WARNING: Will skip atomtyping, docking.
Glide: WARNING mmlewis warning: Wrong Lewis structure in structure input file
mmlewis warning: with title: CHEMBL3215859
mmlewis warning: Problems were identified with the following atoms:
mmlewis warning:  1 3 4 8 9 11 12 13 14 17 18 25 26 28 29 
mmlewis warning: Now attempting to fix the lewis structure.
Glide: FATAL mmlewis error: Problems remain with the following atoms:
mmlewis error:  1 9 13 14
Glide: FATAL mmlewis_apply(): Unable to handle mol 1
Glide: FATAL mmlewis_apply(): Error in handling of full CT
run_mmlewis: Failed to generate a valid lewis structure.
GLIDE WARNING: Structure unsuitable for OPLS-AA force field: glide_dock_ligands_r05violated_3-0002_in.maegz
SKIP LIG      424 (CHEMBL3215859): STRUCTURE INCOMPATIBLE WITH FORCE FIELD
GLIDE WARNING: Will skip atomtyping, docking.
Glide: WARNING mmlewis warning: Wrong Lewis structure in structure input file
mmlewis warning: with title: CHEMBL3216060
mmlewis warning: Problems were identified with the following atoms:
mmlewis warning:  1 3 4 8 9 11 13 14 15 18 20 21 22 23 24 28 29 30 
mmlewis warning: Now attempting to fix the lewis structure.
Glide: FATAL mmlewis error: Problems remain with the following atoms:
mmlewis error:  1 11 13 14 15 18 24
Glide: FATAL mmlewis_apply(): Unable to handle mol 1
Glide: FATAL mmlewis_apply(): Error in handling of full CT
run_mmlewis: Failed to generate a valid lewis structure.
GLIDE WARNING: Structure unsuitable for OPLS-AA force field: glide_dock_ligands_r05violated_3-0002_in.maegz
SKIP LIG      425 (CHEMBL3216060): STRUCTURE INCOMPATIBLE WITH FORCE FIELD
GLIDE WARNING: Will skip atomtyping, docking.
Glide: WARNING mmlewis warning: Wrong Lewis structure in structure input file
mmlewis warning: with title: CHEMBL3216064
mmlewis warning: Problems were identified with the following atoms:
mmlewis warning:  1 5 6 7 8 12 15 18 19 20 21 23 24 27 28 30 31 32 
mmlewis warning: Now attempting to fix the lewis structure.
Glide: FATAL mmlewis error: Problems remain with the following atoms:
mmlewis error:  1 8 12 15 20 21 24 30
Glide: FATAL mmlewis_apply(): Unable to handle mol 1
Glide: FATAL mmlewis_apply(): Error in handling of full CT
run_mmlewis: Failed to generate a valid lewis structure.
GLIDE WARNING: Structure unsuitable for OPLS-AA force field: glide_dock_ligands_r05violated_3-0002_in.maegz
SKIP LIG      426 (CHEMBL3216064): STRUCTURE INCOMPATIBLE WITH FORCE FIELD
GLIDE WARNING: Will skip atomtyping, docking.
Glide: WARNING mmlewis warning: Wrong Lewis structure in structure input file
mmlewis warning: with title: CHEMBL3216270
mmlewis warning: Problems were identified with the following atoms:
mmlewis warning:  1 3 4 8 11 13 14 15 18 20 22 25 26 27 28 30 31 32 33 
mmlewis warning: Now attempting to fix the lewis structure.
Glide: FATAL mmlewis error: Problems remain with the following atoms:
mmlewis error:  1 8 15 18 20 22 25 27 28 31
Glide: FATAL mmlewis_apply(): Unable to handle mol 1
Glide: FATAL mmlewis_apply(): Error in handling of full CT
run_mmlewis: Failed to generate a valid lewis structure.
GLIDE WARNING: Structure unsuitable for OPLS-AA force field: glide_dock_ligands_r05violated_3-0002_in.maegz
SKIP LIG      427 (CHEMBL3216270): STRUCTURE INCOMPATIBLE WITH FORCE FIELD
GLIDE WARNING: Will skip atomtyping, docking.
Glide: WARNING mmlewis warning: Wrong Lewis structure in structure input file
mmlewis warning: with title: CHEMBL3216271
mmlewis warning: Problems were identified with the following atoms:
mmlewis warning:  1 6 7 8 9 11 14 17 20 21 22 23 25 26 29 30 32 33 34 
mmlewis warning: Now attempting to fix the lewis structure.
Glide: FATAL mmlewis error: Problems remain with the following atoms:
mmlewis error:  1 14 17 22 23 26 32
Glide: FATAL mmlewis_apply(): Unable to handle mol 1
Glide: FATAL mmlewis_apply(): Error in handling of full CT
run_mmlewis: Failed to generate a valid lewis structure.
GLIDE WARNING: Structure unsuitable for OPLS-AA force field: glide_dock_ligands_r05violated_3-0002_in.maegz
SKIP LIG      428 (CHEMBL3216271): STRUCTURE INCOMPATIBLE WITH FORCE FIELD
GLIDE WARNING: Will skip atomtyping, docking.
Glide: WARNING mmlewis warning: Wrong Lewis structure in structure input file
mmlewis warning: with title: CHEMBL3216272
mmlewis warning: Problems were identified with the following atoms:
mmlewis warning:  1 3 4 8 11 13 15 19 21 24 25 26 27 29 30 31 32 
mmlewis warning: Now attempting to fix the lewis structure.
Glide: FATAL mmlewis error: Problems remain with the following atoms:
mmlewis error:  1 8 13 15 21 26 27 30
Glide: FATAL mmlewis_apply(): Unable to handle mol 1
Glide: FATAL mmlewis_apply(): Error in handling of full CT
run_mmlewis: Failed to generate a valid lewis structure.
GLIDE WARNING: Structure unsuitable for OPLS-AA force field: glide_dock_ligands_r05violated_3-0002_in.maegz
SKIP LIG      429 (CHEMBL3216272): STRUCTURE INCOMPATIBLE WITH FORCE FIELD
GLIDE WARNING: Will skip atomtyping, docking.
Glide: WARNING mmlewis warning: Wrong Lewis structure in structure input file
mmlewis warning: with title: CHEMBL3216279
mmlewis warning: Problems were identified with the following atoms:
mmlewis warning:  1 3 4 8 9 11 12 13 14 17 18 20 21 22 23 26 27 29 30 
mmlewis warning: Now attempting to fix the lewis structure.
Glide: FATAL mmlewis error: Problems remain with the following atoms:
mmlewis error:  1 9 13 14
Glide: FATAL mmlewis_apply(): Unable to handle mol 1
Glide: FATAL mmlewis_apply(): Error in handling of full CT
run_mmlewis: Failed to generate a valid lewis structure.
GLIDE WARNING: Structure unsuitable for OPLS-AA force field: glide_dock_ligands_r05violated_3-0002_in.maegz
SKIP LIG      430 (CHEMBL3216279): STRUCTURE INCOMPATIBLE WITH FORCE FIELD
GLIDE WARNING: Will skip atomtyping, docking.
Glide: WARNING mmlewis warning: Wrong Lewis structure in structure input file
mmlewis warning: with title: CHEMBL3216483
mmlewis warning: Problems were identified with the following atoms:
mmlewis warning:  1 6 8 10 13 16 19 20 21 22 24 25 28 29 31 32 33 
mmlewis warning: Now attempting to fix the lewis structure.
Glide: FATAL mmlewis error: Problems remain with the following atoms:
mmlewis error:  1 6 8 13 16 19 21 22 25 31
Glide: FATAL mmlewis_apply(): Unable to handle mol 1
Glide: FATAL mmlewis_apply(): Error in handling of full CT
run_mmlewis: Failed to generate a valid lewis structure.
GLIDE WARNING: Structure unsuitable for OPLS-AA force field: glide_dock_ligands_r05violated_3-0002_in.maegz
SKIP LIG      431 (CHEMBL3216483): STRUCTURE INCOMPATIBLE WITH FORCE FIELD
GLIDE WARNING: Will skip atomtyping, docking.
Glide: WARNING mmlewis warning: Wrong Lewis structure in structure input file
mmlewis warning: with title: CHEMBL3216493
mmlewis warning: Problems were identified with the following atoms:
mmlewis warning:  1 3 4 8 9 11 12 13 14 17 18 20 21 24 25 27 28 
mmlewis warning: Now attempting to fix the lewis structure.
Glide: FATAL mmlewis error: Problems remain with the following atoms:
mmlewis error:  1 9 13 14
Glide: FATAL mmlewis_apply(): Unable to handle mol 1
Glide: FATAL mmlewis_apply(): Error in handling of full CT
run_mmlewis: Failed to generate a valid lewis structure.
GLIDE WARNING: Structure unsuitable for OPLS-AA force field: glide_dock_ligands_r05violated_3-0002_in.maegz
SKIP LIG      432 (CHEMBL3216493): STRUCTURE INCOMPATIBLE WITH FORCE FIELD
GLIDE WARNING: Will skip atomtyping, docking.
Glide: WARNING mmlewis warning: Wrong Lewis structure in structure input file
mmlewis warning: with title: CHEMBL3216495
mmlewis warning: Problems were identified with the following atoms:
mmlewis warning:  1 3 4 8 9 11 12 13 14 17 18 20 21 22 23 24 27 28 30 31 
mmlewis warning: Now attempting to fix the lewis structure.
Glide: FATAL mmlewis error: Problems remain with the following atoms:
mmlewis error:  1 9 13 14 28
Glide: FATAL mmlewis_apply(): Unable to handle mol 1
Glide: FATAL mmlewis_apply(): Error in handling of full CT
run_mmlewis: Failed to generate a valid lewis structure.
GLIDE WARNING: Structure unsuitable for OPLS-AA force field: glide_dock_ligands_r05violated_3-0002_in.maegz
SKIP LIG      433 (CHEMBL3216495): STRUCTURE INCOMPATIBLE WITH FORCE FIELD
GLIDE WARNING: Will skip atomtyping, docking.
Glide: WARNING mmlewis warning: Wrong Lewis structure in structure input file
mmlewis warning: with title: CHEMBL3216514
mmlewis warning: Problems were identified with the following atoms:
mmlewis warning:  1 5 8 9 13 14 15 16 18 19 22 23 25 26 27 29 
mmlewis warning: Now attempting to fix the lewis structure.
Glide: FATAL mmlewis error: Problems remain with the following atoms:
mmlewis error:  1 5 15 16 19 25
Glide: FATAL mmlewis_apply(): Unable to handle mol 1
Glide: FATAL mmlewis_apply(): Error in handling of full CT
run_mmlewis: Failed to generate a valid lewis structure.
GLIDE WARNING: Structure unsuitable for OPLS-AA force field: glide_dock_ligands_r05violated_3-0002_in.maegz
SKIP LIG      434 (CHEMBL3216514): STRUCTURE INCOMPATIBLE WITH FORCE FIELD
GLIDE WARNING: Will skip atomtyping, docking.
Glide: WARNING mmlewis warning: Wrong Lewis structure in structure input file
mmlewis warning: with title: CHEMBL3216719
mmlewis warning: Problems were identified with the following atoms:
mmlewis warning:  1 2 6 8 9 10 12 13 16 17 19 20 21 25 
mmlewis warning: Now attempting to fix the lewis structure.
Glide: FATAL mmlewis error: Problems remain with the following atoms:
mmlewis error:  1 6 8 9 10 13 19
Glide: FATAL mmlewis_apply(): Unable to handle mol 1
Glide: FATAL mmlewis_apply(): Error in handling of full CT
run_mmlewis: Failed to generate a valid lewis structure.
GLIDE WARNING: Structure unsuitable for OPLS-AA force field: glide_dock_ligands_r05violated_3-0002_in.maegz
SKIP LIG      435 (CHEMBL3216719): STRUCTURE INCOMPATIBLE WITH FORCE FIELD
GLIDE WARNING: Will skip atomtyping, docking.
Glide: WARNING mmlewis warning: Wrong Lewis structure in structure input file
mmlewis warning: with title: CHEMBL3216724
mmlewis warning: Problems were identified with the following atoms:
mmlewis warning:  1 6 7 8 10 13 16 19 20 21 22 24 25 28 29 31 32 33 34 
mmlewis warning: Now attempting to fix the lewis structure.
Glide: FATAL mmlewis error: Problems remain with the following atoms:
mmlewis error:  1 8 13 16 19 21 22 25 31 34
Glide: FATAL mmlewis_apply(): Unable to handle mol 1
Glide: FATAL mmlewis_apply(): Error in handling of full CT
run_mmlewis: Failed to generate a valid lewis structure.
GLIDE WARNING: Structure unsuitable for OPLS-AA force field: glide_dock_ligands_r05violated_3-0002_in.maegz
SKIP LIG      436 (CHEMBL3216724): STRUCTURE INCOMPATIBLE WITH FORCE FIELD
GLIDE WARNING: Will skip atomtyping, docking.
Glide: WARNING mmlewis warning: Wrong Lewis structure in structure input file
mmlewis warning: with title: CHEMBL3216748
mmlewis warning: Problems were identified with the following atoms:
mmlewis warning:  1 3 4 8 9 11 12 13 14 17 18 20 21 23 25 27 28 
mmlewis warning: Now attempting to fix the lewis structure.
Glide: FATAL mmlewis error: Problems remain with the following atoms:
mmlewis error:  1 9 13 14 23
Glide: FATAL mmlewis_apply(): Unable to handle mol 1
Glide: FATAL mmlewis_apply(): Error in handling of full CT
run_mmlewis: Failed to generate a valid lewis structure.
GLIDE WARNING: Structure unsuitable for OPLS-AA force field: glide_dock_ligands_r05violated_3-0002_in.maegz
SKIP LIG      437 (CHEMBL3216748): STRUCTURE INCOMPATIBLE WITH FORCE FIELD
GLIDE WARNING: Will skip atomtyping, docking.
Glide: WARNING mmlewis warning: Wrong Lewis structure in structure input file
mmlewis warning: with title: CHEMBL3216940
mmlewis warning: Problems were identified with the following atoms:
mmlewis warning:  1 3 4 8 11 13 14 15 19 20 22 25 26 27 28 30 31 32 33 
mmlewis warning: Now attempting to fix the lewis structure.
Glide: FATAL mmlewis error: Problems remain with the following atoms:
mmlewis error:  1 15 20 22 25 27 28 31
Glide: FATAL mmlewis_apply(): Unable to handle mol 1
Glide: FATAL mmlewis_apply(): Error in handling of full CT
run_mmlewis: Failed to generate a valid lewis structure.
GLIDE WARNING: Structure unsuitable for OPLS-AA force field: glide_dock_ligands_r05violated_3-0002_in.maegz
SKIP LIG      438 (CHEMBL3216940): STRUCTURE INCOMPATIBLE WITH FORCE FIELD
GLIDE WARNING: Will skip atomtyping, docking.
Glide: WARNING mmlewis warning: Wrong Lewis structure in structure input file
mmlewis warning: with title: CHEMBL3216941
mmlewis warning: Problems were identified with the following atoms:
mmlewis warning:  1 5 6 7 8 12 15 18 19 20 21 23 24 27 28 30 31 32 
mmlewis warning: Now attempting to fix the lewis structure.
Glide: FATAL mmlewis error: Problems remain with the following atoms:
mmlewis error:  1 8 12 15 20 21 24 30
Glide: FATAL mmlewis_apply(): Unable to handle mol 1
Glide: FATAL mmlewis_apply(): Error in handling of full CT
run_mmlewis: Failed to generate a valid lewis structure.
GLIDE WARNING: Structure unsuitable for OPLS-AA force field: glide_dock_ligands_r05violated_3-0002_in.maegz
SKIP LIG      439 (CHEMBL3216941): STRUCTURE INCOMPATIBLE WITH FORCE FIELD
GLIDE WARNING: Will skip atomtyping, docking.
Glide: WARNING mmlewis warning: Wrong Lewis structure in structure input file
mmlewis warning: with title: CHEMBL3217158
mmlewis warning: Problems were identified with the following atoms:
mmlewis warning:  1 3 4 8 11 13 14 15 18 21 23 26 27 28 29 31 32 33 34 
mmlewis warning: Now attempting to fix the lewis structure.
Glide: FATAL mmlewis error: Problems remain with the following atoms:
mmlewis error:  1 15 18 21 23 26 28 29 32
Glide: FATAL mmlewis_apply(): Unable to handle mol 1
Glide: FATAL mmlewis_apply(): Error in handling of full CT
run_mmlewis: Failed to generate a valid lewis structure.
GLIDE WARNING: Structure unsuitable for OPLS-AA force field: glide_dock_ligands_r05violated_3-0002_in.maegz
SKIP LIG      440 (CHEMBL3217158): STRUCTURE INCOMPATIBLE WITH FORCE FIELD
GLIDE WARNING: Will skip atomtyping, docking.
Glide: WARNING mmlewis warning: Wrong Lewis structure in structure input file
mmlewis warning: with title: CHEMBL3220153
mmlewis warning: Problems were identified with the following atoms:
mmlewis warning:  1 2 3 4 5 6 7 8 9 10 11 12 13 14 15 16 20 21 23 25 26 27 29 31 32 33 34 35 36 37 38 39 40 41 42 43 44 45 46 47 49 50 51 52 53 54 55 56 57 58 59 
mmlewis warning: Now attempting to fix the lewis structure.
Glide: FATAL mmlewis error: Problems remain with the following atoms:
mmlewis error:  1 20 29 39 44 46 47 49 52 53
run_mmlewis: Failed to generate a valid lewis structure.
GLIDE WARNING: Structure unsuitable for OPLS-AA force field: glide_dock_ligands_r05violated_3-0002_in.maegz
SKIP LIG      441 (CHEMBL3220153): STRUCTURE INCOMPATIBLE WITH FORCE FIELD
GLIDE WARNING: Will skip atomtyping, docking.
Glide: WARNING mmlewis warning: Wrong Lewis structure in structure input file
mmlewis warning: with title: CHEMBL3343901
mmlewis warning: Problems were identified with the following atoms:
mmlewis warning:  1 2 3 4 8 9 13 14 17 18 20 24 25 26 27 
mmlewis warning: Now attempting to fix the lewis structure.
Glide: FATAL mmlewis error: Problems remain with the following atoms:
mmlewis error:  1 3 4 20 24 26 27
run_mmlewis: Failed to generate a valid lewis structure.
GLIDE WARNING: Structure unsuitable for OPLS-AA force field: glide_dock_ligands_r05violated_3-0002_in.maegz
SKIP LIG      442 (CHEMBL3343901): STRUCTURE INCOMPATIBLE WITH FORCE FIELD
GLIDE WARNING: Will skip atomtyping, docking.
Glide: WARNING mmlewis warning: Wrong Lewis structure in structure input file
mmlewis warning: with title: CHEMBL3343902
mmlewis warning: Problems were identified with the following atoms:
mmlewis warning:  1 3 5 6 9 10 13 14 15 
mmlewis warning: Now attempting to fix the lewis structure.
Glide: FATAL mmlewis error: Problems remain with the following atoms:
mmlewis error:  1 3 15
run_mmlewis: Failed to generate a valid lewis structure.
GLIDE WARNING: Structure unsuitable for OPLS-AA force field: glide_dock_ligands_r05violated_3-0002_in.maegz
SKIP LIG      443 (CHEMBL3343902): STRUCTURE INCOMPATIBLE WITH FORCE FIELD
GLIDE WARNING: Will skip atomtyping, docking.
Glide: WARNING mmlewis warning: Wrong Lewis structure in structure input file
mmlewis warning: with title: CHEMBL3343903
mmlewis warning: Problems were identified with the following atoms:
mmlewis warning:  1 2 4 6 7 10 11 14 15 16 
mmlewis warning: Now attempting to fix the lewis structure.
Glide: FATAL mmlewis error: Problems remain with the following atoms:
mmlewis error:  1 4 16
run_mmlewis: Failed to generate a valid lewis structure.
GLIDE WARNING: Structure unsuitable for OPLS-AA force field: glide_dock_ligands_r05violated_3-0002_in.maegz
SKIP LIG      444 (CHEMBL3343903): STRUCTURE INCOMPATIBLE WITH FORCE FIELD
GLIDE WARNING: Will skip atomtyping, docking.
Glide: WARNING mmlewis warning: Wrong Lewis structure in structure input file
mmlewis warning: with title: CHEMBL3357780
mmlewis warning: Problems were identified with the following atoms:
mmlewis warning:  1 3 4 9 10 11 12 13 14 15 16 17 18 22 23 24 25 27 32 35 36 
mmlewis warning: Now attempting to fix the lewis structure.
Glide: FATAL mmlewis error: Problems remain with the following atoms:
mmlewis error:  1 10 12 22 24 25 27
run_mmlewis: Failed to generate a valid lewis structure.
GLIDE WARNING: Structure unsuitable for OPLS-AA force field: glide_dock_ligands_r05violated_3-0002_in.maegz
SKIP LIG      445 (CHEMBL3357780): STRUCTURE INCOMPATIBLE WITH FORCE FIELD
GLIDE WARNING: Will skip atomtyping, docking.
Glide: WARNING mmlewis warning: Wrong Lewis structure in structure input file
mmlewis warning: with title: CHEMBL3357782
mmlewis warning: Problems were identified with the following atoms:
mmlewis warning:  1 2 3 7 8 9 17 18 19 20 21 22 23 24 26 31 
mmlewis warning: Now attempting to fix the lewis structure.
Glide: FATAL mmlewis error: Problems remain with the following atoms:
mmlewis error:  1 3 8 17 24 26
run_mmlewis: Failed to generate a valid lewis structure.
GLIDE WARNING: Structure unsuitable for OPLS-AA force field: glide_dock_ligands_r05violated_3-0002_in.maegz
SKIP LIG      446 (CHEMBL3357782): STRUCTURE INCOMPATIBLE WITH FORCE FIELD
GLIDE WARNING: Will skip atomtyping, docking.
Glide: WARNING mmlewis warning: Wrong Lewis structure in structure input file
mmlewis warning: with title: CHEMBL3400963
mmlewis warning: Problems were identified with the following atoms:
mmlewis warning:  1 8 13 14 17 22 23 24 25 26 27 29 31 32 33 34 41 
mmlewis warning: Now attempting to fix the lewis structure.
Glide: FATAL mmlewis error: Problems remain with the following atoms:
mmlewis error:  1 8 17 24 26 27 29 35 41
Glide: FATAL mmlewis_apply(): Unable to handle mol 1
Glide: FATAL mmlewis_apply(): Error in handling of full CT
run_mmlewis: Failed to generate a valid lewis structure.
GLIDE WARNING: Structure unsuitable for OPLS-AA force field: glide_dock_ligands_r05violated_3-0002_in.maegz
SKIP LIG      447 (CHEMBL3400963): STRUCTURE INCOMPATIBLE WITH FORCE FIELD
GLIDE WARNING: Will skip atomtyping, docking.
Glide: WARNING mmlewis warning: Wrong Lewis structure in structure input file
mmlewis warning: with title: CHEMBL3400964
mmlewis warning: Problems were identified with the following atoms:
mmlewis warning:  1 8 13 14 17 22 23 24 25 26 27 29 31 34 35 42 
mmlewis warning: Now attempting to fix the lewis structure.
Glide: FATAL mmlewis error: Problems remain with the following atoms:
mmlewis error:  1 8 17 24 26 27 29 31 36 42
Glide: FATAL mmlewis_apply(): Unable to handle mol 1
Glide: FATAL mmlewis_apply(): Error in handling of full CT
run_mmlewis: Failed to generate a valid lewis structure.
GLIDE WARNING: Structure unsuitable for OPLS-AA force field: glide_dock_ligands_r05violated_3-0002_in.maegz
SKIP LIG      448 (CHEMBL3400964): STRUCTURE INCOMPATIBLE WITH FORCE FIELD
GLIDE WARNING: Will skip atomtyping, docking.
Glide: WARNING mmlewis warning: Wrong Lewis structure in structure input file
mmlewis warning: with title: CHEMBL3400965
mmlewis warning: Problems were identified with the following atoms:
mmlewis warning:  1 8 13 14 20 21 22 23 24 25 27 29 30 31 32 39 41 
mmlewis warning: Now attempting to fix the lewis structure.
Glide: FATAL mmlewis error: Problems remain with the following atoms:
mmlewis error:  1 8 22 24 25 27 33 39 41
Glide: FATAL mmlewis_apply(): Unable to handle mol 1
Glide: FATAL mmlewis_apply(): Error in handling of full CT
run_mmlewis: Failed to generate a valid lewis structure.
GLIDE WARNING: Structure unsuitable for OPLS-AA force field: glide_dock_ligands_r05violated_3-0002_in.maegz
SKIP LIG      449 (CHEMBL3400965): STRUCTURE INCOMPATIBLE WITH FORCE FIELD
GLIDE WARNING: Will skip atomtyping, docking.
Glide: WARNING mmlewis warning: Wrong Lewis structure in structure input file
mmlewis warning: with title: CHEMBL3400966
mmlewis warning: Problems were identified with the following atoms:
mmlewis warning:  1 8 13 14 20 21 22 23 24 25 27 29 32 33 40 42 
mmlewis warning: Now attempting to fix the lewis structure.
Glide: FATAL mmlewis error: Problems remain with the following atoms:
mmlewis error:  1 8 22 24 25 27 29 34 40 42
Glide: FATAL mmlewis_apply(): Unable to handle mol 1
Glide: FATAL mmlewis_apply(): Error in handling of full CT
run_mmlewis: Failed to generate a valid lewis structure.
GLIDE WARNING: Structure unsuitable for OPLS-AA force field: glide_dock_ligands_r05violated_3-0002_in.maegz
SKIP LIG      450 (CHEMBL3400966): STRUCTURE INCOMPATIBLE WITH FORCE FIELD
GLIDE WARNING: Will skip atomtyping, docking.
Glide: WARNING mmlewis warning: Wrong Lewis structure in structure input file
mmlewis warning: with title: CHEMBL3402118
mmlewis warning: Problems were identified with the following atoms:
mmlewis warning:  1 6 8 12 13 17 18 26 27 28 29 30 31 33 35 36 37 38 
mmlewis warning: Now attempting to fix the lewis structure.
Glide: FATAL mmlewis error: Problems remain with the following atoms:
mmlewis error:  1 6 8 13 18 28 30 31 33 39
run_mmlewis: Failed to generate a valid lewis structure.
GLIDE WARNING: Structure unsuitable for OPLS-AA force field: glide_dock_ligands_r05violated_3-0002_in.maegz
SKIP LIG      451 (CHEMBL3402118): STRUCTURE INCOMPATIBLE WITH FORCE FIELD
GLIDE WARNING: Will skip atomtyping, docking.
Glide: WARNING mmlewis warning: Wrong Lewis structure in structure input file
mmlewis warning: with title: CHEMBL3402120
mmlewis warning: Problems were identified with the following atoms:
mmlewis warning:  1 6 8 9 10 14 15 23 24 25 26 27 28 30 32 33 34 35 
mmlewis warning: Now attempting to fix the lewis structure.
Glide: FATAL mmlewis error: Problems remain with the following atoms:
mmlewis error:  1 6 10 15 25 27 28 30 36
run_mmlewis: Failed to generate a valid lewis structure.
GLIDE WARNING: Structure unsuitable for OPLS-AA force field: glide_dock_ligands_r05violated_3-0002_in.maegz
SKIP LIG      452 (CHEMBL3402120): STRUCTURE INCOMPATIBLE WITH FORCE FIELD
GLIDE WARNING: Will skip atomtyping, docking.
Glide: WARNING mmlewis warning: Wrong Lewis structure in structure input file
mmlewis warning: with title: CHEMBL3402125
mmlewis warning: Problems were identified with the following atoms:
mmlewis warning:  1 6 8 9 15 16 24 25 26 27 28 29 31 33 34 35 36 
mmlewis warning: Now attempting to fix the lewis structure.
Glide: FATAL mmlewis error: Problems remain with the following atoms:
mmlewis error:  1 6 16 26 28 29 31 37
run_mmlewis: Failed to generate a valid lewis structure.
GLIDE WARNING: Structure unsuitable for OPLS-AA force field: glide_dock_ligands_r05violated_3-0002_in.maegz
SKIP LIG      453 (CHEMBL3402125): STRUCTURE INCOMPATIBLE WITH FORCE FIELD
GLIDE WARNING: Will skip atomtyping, docking.
Glide: WARNING mmlewis warning: Wrong Lewis structure in structure input file
mmlewis warning: with title: CHEMBL3402129
mmlewis warning: Problems were identified with the following atoms:
mmlewis warning:  1 4 5 7 16 17 18 19 20 21 23 25 26 27 28 32 35 39 
mmlewis warning: Now attempting to fix the lewis structure.
Glide: FATAL mmlewis error: Problems remain with the following atoms:
mmlewis error:  1 7 18 20 21 23 29 32 35
run_mmlewis: Failed to generate a valid lewis structure.
GLIDE WARNING: Structure unsuitable for OPLS-AA force field: glide_dock_ligands_r05violated_3-0002_in.maegz
SKIP LIG      454 (CHEMBL3402129): STRUCTURE INCOMPATIBLE WITH FORCE FIELD
GLIDE WARNING: Will skip atomtyping, docking.
Glide: WARNING mmlewis warning: Wrong Lewis structure in structure input file
mmlewis warning: with title: CHEMBL3425751
mmlewis warning: Problems were identified with the following atoms:
mmlewis warning:  1 2 3 7 8 9 10 11 12 25 26 28 33 
mmlewis warning: Now attempting to fix the lewis structure.
Glide: FATAL mmlewis error: Problems remain with the following atoms:
mmlewis error:  1 3 25 26 28
run_mmlewis: Failed to generate a valid lewis structure.
GLIDE WARNING: Structure unsuitable for OPLS-AA force field: glide_dock_ligands_r05violated_3-0002_in.maegz
SKIP LIG      455 (CHEMBL3425751): STRUCTURE INCOMPATIBLE WITH FORCE FIELD
GLIDE WARNING: Will skip atomtyping, docking.
Glide: WARNING mmlewis warning: Wrong Lewis structure in structure input file
mmlewis warning: with title: CHEMBL3425752
mmlewis warning: Problems were identified with the following atoms:
mmlewis warning:  1 2 3 7 8 9 10 11 12 25 26 28 33 
mmlewis warning: Now attempting to fix the lewis structure.
Glide: FATAL mmlewis error: Problems remain with the following atoms:
mmlewis error:  1 3 25 26 28
run_mmlewis: Failed to generate a valid lewis structure.
GLIDE WARNING: Structure unsuitable for OPLS-AA force field: glide_dock_ligands_r05violated_3-0002_in.maegz
SKIP LIG      456 (CHEMBL3425752): STRUCTURE INCOMPATIBLE WITH FORCE FIELD
GLIDE WARNING: Will skip atomtyping, docking.
Glide: WARNING mmlewis warning: Wrong Lewis structure in structure input file
mmlewis warning: with title: CHEMBL3616888
mmlewis warning: Problems were identified with the following atoms:
mmlewis warning:  1 4 8 9 10 11 12 19 21 24 25 30 
mmlewis warning: Now attempting to fix the lewis structure.
Glide: FATAL mmlewis error: Problems remain with the following atoms:
mmlewis error:  1 12 19 21 30
run_mmlewis: Failed to generate a valid lewis structure.
GLIDE WARNING: Structure unsuitable for OPLS-AA force field: glide_dock_ligands_r05violated_3-0002_in.maegz
SKIP LIG      457 (CHEMBL3616888): STRUCTURE INCOMPATIBLE WITH FORCE FIELD
GLIDE WARNING: Will skip atomtyping, docking.
Glide: WARNING mmlewis warning: Wrong Lewis structure in structure input file
mmlewis warning: with title: CHEMBL3616894
mmlewis warning: Problems were identified with the following atoms:
mmlewis warning:  1 4 8 9 10 11 12 14 16 23 27 29 30 31 32 38 
mmlewis warning: Now attempting to fix the lewis structure.
Glide: FATAL mmlewis error: Problems remain with the following atoms:
mmlewis error:  1 10 14 16 23 27 38
run_mmlewis: Failed to generate a valid lewis structure.
GLIDE WARNING: Structure unsuitable for OPLS-AA force field: glide_dock_ligands_r05violated_3-0002_in.maegz
SKIP LIG      458 (CHEMBL3616894): STRUCTURE INCOMPATIBLE WITH FORCE FIELD
GLIDE WARNING: Will skip atomtyping, docking.
Glide: WARNING mmlewis warning: Wrong Lewis structure in structure input file
mmlewis warning: with title: CHEMBL3616896
mmlewis warning: Problems were identified with the following atoms:
mmlewis warning:  1 4 8 11 12 13 14 15 22 26 28 29 30 31 37 
mmlewis warning: Now attempting to fix the lewis structure.
Glide: FATAL mmlewis error: Problems remain with the following atoms:
mmlewis error:  1 8 13 15 22 26 37
run_mmlewis: Failed to generate a valid lewis structure.
GLIDE WARNING: Structure unsuitable for OPLS-AA force field: glide_dock_ligands_r05violated_3-0002_in.maegz
SKIP LIG      459 (CHEMBL3616896): STRUCTURE INCOMPATIBLE WITH FORCE FIELD
GLIDE WARNING: Will skip atomtyping, docking.
Glide: WARNING mmlewis warning: Wrong Lewis structure in structure input file
mmlewis warning: with title: CHEMBL3616901
mmlewis warning: Problems were identified with the following atoms:
mmlewis warning:  1 4 8 9 10 11 12 19 24 26 27 28 29 35 
mmlewis warning: Now attempting to fix the lewis structure.
Glide: FATAL mmlewis error: Problems remain with the following atoms:
mmlewis error:  1 12 19 24 35
run_mmlewis: Failed to generate a valid lewis structure.
GLIDE WARNING: Structure unsuitable for OPLS-AA force field: glide_dock_ligands_r05violated_3-0002_in.maegz
SKIP LIG      460 (CHEMBL3616901): STRUCTURE INCOMPATIBLE WITH FORCE FIELD
GLIDE WARNING: Will skip atomtyping, docking.
Glide: WARNING mmlewis warning: Wrong Lewis structure in structure input file
mmlewis warning: with title: CHEMBL3616907
mmlewis warning: Problems were identified with the following atoms:
mmlewis warning:  1 4 8 9 10 11 12 19 24 25 26 27 28 31 35 
mmlewis warning: Now attempting to fix the lewis structure.
Glide: FATAL mmlewis error: Problems remain with the following atoms:
mmlewis error:  1 12 19 28 31 35
run_mmlewis: Failed to generate a valid lewis structure.
GLIDE WARNING: Structure unsuitable for OPLS-AA force field: glide_dock_ligands_r05violated_3-0002_in.maegz
SKIP LIG      461 (CHEMBL3616907): STRUCTURE INCOMPATIBLE WITH FORCE FIELD
GLIDE WARNING: Will skip atomtyping, docking.
Glide: WARNING mmlewis warning: Wrong Lewis structure in structure input file
mmlewis warning: with title: CHEMBL3616909
mmlewis warning: Problems were identified with the following atoms:
mmlewis warning:  1 4 8 9 10 11 12 19 21 22 25 27 29 30 34 
mmlewis warning: Now attempting to fix the lewis structure.
Glide: FATAL mmlewis error: Problems remain with the following atoms:
mmlewis error:  1 12 19 25 27 30 34
run_mmlewis: Failed to generate a valid lewis structure.
GLIDE WARNING: Structure unsuitable for OPLS-AA force field: glide_dock_ligands_r05violated_3-0002_in.maegz
SKIP LIG      462 (CHEMBL3616909): STRUCTURE INCOMPATIBLE WITH FORCE FIELD
GLIDE WARNING: Will skip atomtyping, docking.
Glide: WARNING mmlewis warning: Wrong Lewis structure in structure input file
mmlewis warning: with title: CHEMBL3644782
mmlewis warning: Problems were identified with the following atoms:
mmlewis warning:  1 2 3 7 8 23 24 28 29 33 34 
mmlewis warning: Now attempting to fix the lewis structure.
Glide: FATAL mmlewis error: Problems remain with the following atoms:
mmlewis error:  1 3 23 24
run_mmlewis: Failed to generate a valid lewis structure.
GLIDE WARNING: Structure unsuitable for OPLS-AA force field: glide_dock_ligands_r05violated_3-0002_in.maegz
SKIP LIG      463 (CHEMBL3644782): STRUCTURE INCOMPATIBLE WITH FORCE FIELD
GLIDE WARNING: Will skip atomtyping, docking.
Glide: WARNING mmlewis warning: Wrong Lewis structure in structure input file
mmlewis warning: with title: CHEMBL3644783
mmlewis warning: Problems were identified with the following atoms:
mmlewis warning:  1 2 3 7 8 23 24 28 29 33 34 
mmlewis warning: Now attempting to fix the lewis structure.
Glide: FATAL mmlewis error: Problems remain with the following atoms:
mmlewis error:  1 3 23 24
run_mmlewis: Failed to generate a valid lewis structure.
GLIDE WARNING: Structure unsuitable for OPLS-AA force field: glide_dock_ligands_r05violated_3-0002_in.maegz
SKIP LIG      464 (CHEMBL3644783): STRUCTURE INCOMPATIBLE WITH FORCE FIELD
GLIDE WARNING: Will skip atomtyping, docking.
Glide: WARNING mmlewis warning: Wrong Lewis structure in structure input file
mmlewis warning: with title: CHEMBL3644787
mmlewis warning: Problems were identified with the following atoms:
mmlewis warning:  1 2 3 7 8 14 15 17 18 25 26 30 31 35 36 
mmlewis warning: Now attempting to fix the lewis structure.
Glide: FATAL mmlewis error: Problems remain with the following atoms:
mmlewis error:  1 3 18 25 26
run_mmlewis: Failed to generate a valid lewis structure.
GLIDE WARNING: Structure unsuitable for OPLS-AA force field: glide_dock_ligands_r05violated_3-0002_in.maegz
SKIP LIG      465 (CHEMBL3644787): STRUCTURE INCOMPATIBLE WITH FORCE FIELD
GLIDE WARNING: Will skip atomtyping, docking.
Glide: WARNING mmlewis warning: Wrong Lewis structure in structure input file
mmlewis warning: with title: CHEMBL3644788
mmlewis warning: Problems were identified with the following atoms:
mmlewis warning:  1 2 3 7 8 14 15 16 24 25 29 30 34 35 
mmlewis warning: Now attempting to fix the lewis structure.
Glide: FATAL mmlewis error: Problems remain with the following atoms:
mmlewis error:  1 3 16 24 25
run_mmlewis: Failed to generate a valid lewis structure.
GLIDE WARNING: Structure unsuitable for OPLS-AA force field: glide_dock_ligands_r05violated_3-0002_in.maegz
SKIP LIG      466 (CHEMBL3644788): STRUCTURE INCOMPATIBLE WITH FORCE FIELD
GLIDE WARNING: Will skip atomtyping, docking.
Glide: WARNING mmlewis warning: Wrong Lewis structure in structure input file
mmlewis warning: with title: CHEMBL3644789
mmlewis warning: Problems were identified with the following atoms:
mmlewis warning:  1 2 3 7 8 14 15 16 24 25 29 30 34 35 
mmlewis warning: Now attempting to fix the lewis structure.
Glide: FATAL mmlewis error: Problems remain with the following atoms:
mmlewis error:  1 3 16 24 25
run_mmlewis: Failed to generate a valid lewis structure.
GLIDE WARNING: Structure unsuitable for OPLS-AA force field: glide_dock_ligands_r05violated_3-0002_in.maegz
SKIP LIG      467 (CHEMBL3644789): STRUCTURE INCOMPATIBLE WITH FORCE FIELD
GLIDE WARNING: Will skip atomtyping, docking.
Glide: WARNING mmlewis warning: Wrong Lewis structure in structure input file
mmlewis warning: with title: CHEMBL3644792
mmlewis warning: Problems were identified with the following atoms:
mmlewis warning:  1 2 3 7 8 14 15 16 24 25 29 30 34 35 
mmlewis warning: Now attempting to fix the lewis structure.
Glide: FATAL mmlewis error: Problems remain with the following atoms:
mmlewis error:  1 3 16 24 25
run_mmlewis: Failed to generate a valid lewis structure.
GLIDE WARNING: Structure unsuitable for OPLS-AA force field: glide_dock_ligands_r05violated_3-0002_in.maegz
SKIP LIG      468 (CHEMBL3644792): STRUCTURE INCOMPATIBLE WITH FORCE FIELD
GLIDE WARNING: Will skip atomtyping, docking.
Glide: WARNING mmlewis warning: Wrong Lewis structure in structure input file
mmlewis warning: with title: CHEMBL3644793
mmlewis warning: Problems were identified with the following atoms:
mmlewis warning:  1 2 3 7 8 14 15 16 24 25 29 30 34 35 
mmlewis warning: Now attempting to fix the lewis structure.
Glide: FATAL mmlewis error: Problems remain with the following atoms:
mmlewis error:  1 3 16 24 25
run_mmlewis: Failed to generate a valid lewis structure.
GLIDE WARNING: Structure unsuitable for OPLS-AA force field: glide_dock_ligands_r05violated_3-0002_in.maegz
SKIP LIG      469 (CHEMBL3644793): STRUCTURE INCOMPATIBLE WITH FORCE FIELD
GLIDE WARNING: Will skip atomtyping, docking.
Glide: WARNING mmlewis warning: Wrong Lewis structure in structure input file
mmlewis warning: with title: CHEMBL3644794
mmlewis warning: Problems were identified with the following atoms:
mmlewis warning:  1 2 3 7 8 14 15 18 19 26 27 31 32 36 37 
mmlewis warning: Now attempting to fix the lewis structure.
Glide: FATAL mmlewis error: Problems remain with the following atoms:
mmlewis error:  1 3 19 26 27
run_mmlewis: Failed to generate a valid lewis structure.
GLIDE WARNING: Structure unsuitable for OPLS-AA force field: glide_dock_ligands_r05violated_3-0002_in.maegz
SKIP LIG      470 (CHEMBL3644794): STRUCTURE INCOMPATIBLE WITH FORCE FIELD
GLIDE WARNING: Will skip atomtyping, docking.
Glide: WARNING mmlewis warning: Wrong Lewis structure in structure input file
mmlewis warning: with title: CHEMBL3644795
mmlewis warning: Problems were identified with the following atoms:
mmlewis warning:  1 2 3 7 8 23 24 28 29 
mmlewis warning: Now attempting to fix the lewis structure.
Glide: FATAL mmlewis error: Problems remain with the following atoms:
mmlewis error:  1 3 23 24
run_mmlewis: Failed to generate a valid lewis structure.
GLIDE WARNING: Structure unsuitable for OPLS-AA force field: glide_dock_ligands_r05violated_3-0002_in.maegz
SKIP LIG      471 (CHEMBL3644795): STRUCTURE INCOMPATIBLE WITH FORCE FIELD
GLIDE WARNING: Will skip atomtyping, docking.
Glide: WARNING mmlewis warning: Wrong Lewis structure in structure input file
mmlewis warning: with title: CHEMBL3644798
mmlewis warning: Problems were identified with the following atoms:
mmlewis warning:  1 2 3 7 8 14 15 16 24 25 29 30 31 33 34 
mmlewis warning: Now attempting to fix the lewis structure.
Glide: FATAL mmlewis error: Problems remain with the following atoms:
mmlewis error:  1 3 16 24 25
run_mmlewis: Failed to generate a valid lewis structure.
GLIDE WARNING: Structure unsuitable for OPLS-AA force field: glide_dock_ligands_r05violated_3-0002_in.maegz
SKIP LIG      472 (CHEMBL3644798): STRUCTURE INCOMPATIBLE WITH FORCE FIELD
GLIDE WARNING: Will skip atomtyping, docking.
Glide: WARNING mmlewis warning: Wrong Lewis structure in structure input file
mmlewis warning: with title: CHEMBL3644803
mmlewis warning: Problems were identified with the following atoms:
mmlewis warning:  1 2 3 7 8 14 15 17 18 25 26 30 31 35 36 
mmlewis warning: Now attempting to fix the lewis structure.
Glide: FATAL mmlewis error: Problems remain with the following atoms:
mmlewis error:  1 3 18 25 26
run_mmlewis: Failed to generate a valid lewis structure.
GLIDE WARNING: Structure unsuitable for OPLS-AA force field: glide_dock_ligands_r05violated_3-0002_in.maegz
SKIP LIG      473 (CHEMBL3644803): STRUCTURE INCOMPATIBLE WITH FORCE FIELD
GLIDE WARNING: Will skip atomtyping, docking.
Glide: WARNING mmlewis warning: Wrong Lewis structure in structure input file
mmlewis warning: with title: CHEMBL3650438
mmlewis warning: Problems were identified with the following atoms:
mmlewis warning:  1 5 9 10 14 15 16 17 18 19 21 23 26 27 35 36 37 38 
mmlewis warning: Now attempting to fix the lewis structure.
Glide: FATAL mmlewis error: Problems remain with the following atoms:
mmlewis error:  1 5 10 16 18 19 21 23 30 39
run_mmlewis: Failed to generate a valid lewis structure.
GLIDE WARNING: Structure unsuitable for OPLS-AA force field: glide_dock_ligands_r05violated_3-0002_in.maegz
SKIP LIG      474 (CHEMBL3650438): STRUCTURE INCOMPATIBLE WITH FORCE FIELD
GLIDE WARNING: Will skip atomtyping, docking.
Glide: WARNING mmlewis warning: Wrong Lewis structure in structure input file
mmlewis warning: with title: CHEMBL3675620
mmlewis warning: Problems were identified with the following atoms:
mmlewis warning:  1 5 14 15 16 17 18 19 21 23 26 27 31 32 37 38 39 40 
mmlewis warning: Now attempting to fix the lewis structure.
Glide: FATAL mmlewis error: Problems remain with the following atoms:
mmlewis error:  1 5 16 18 19 21 23 28 41
run_mmlewis: Failed to generate a valid lewis structure.
GLIDE WARNING: Structure unsuitable for OPLS-AA force field: glide_dock_ligands_r05violated_3-0002_in.maegz
SKIP LIG      475 (CHEMBL3675620): STRUCTURE INCOMPATIBLE WITH FORCE FIELD
GLIDE WARNING: Will skip atomtyping, docking.
Glide: WARNING mmlewis warning: Wrong Lewis structure in structure input file
mmlewis warning: with title: CHEMBL3675621
mmlewis warning: Problems were identified with the following atoms:
mmlewis warning:  1 5 14 15 16 17 18 19 21 23 26 27 32 33 34 39 40 41 42 
mmlewis warning: Now attempting to fix the lewis structure.
Glide: FATAL mmlewis error: Problems remain with the following atoms:
mmlewis error:  1 5 16 18 19 21 23 30 34 43
run_mmlewis: Failed to generate a valid lewis structure.
GLIDE WARNING: Structure unsuitable for OPLS-AA force field: glide_dock_ligands_r05violated_3-0002_in.maegz
SKIP LIG      476 (CHEMBL3675621): STRUCTURE INCOMPATIBLE WITH FORCE FIELD
GLIDE WARNING: Will skip atomtyping, docking.
Glide: WARNING mmlewis warning: Wrong Lewis structure in structure input file
mmlewis warning: with title: CHEMBL3675625
mmlewis warning: Problems were identified with the following atoms:
mmlewis warning:  1 5 14 15 16 17 18 19 21 23 24 25 28 30 31 36 37 38 39 
mmlewis warning: Now attempting to fix the lewis structure.
Glide: FATAL mmlewis error: Problems remain with the following atoms:
mmlewis error:  1 5 16 18 19 21 25 28 40
run_mmlewis: Failed to generate a valid lewis structure.
GLIDE WARNING: Structure unsuitable for OPLS-AA force field: glide_dock_ligands_r05violated_3-0002_in.maegz
SKIP LIG      477 (CHEMBL3675625): STRUCTURE INCOMPATIBLE WITH FORCE FIELD
GLIDE WARNING: Will skip atomtyping, docking.
Glide: WARNING mmlewis warning: Wrong Lewis structure in structure input file
mmlewis warning: with title: CHEMBL3675626
mmlewis warning: Problems were identified with the following atoms:
mmlewis warning:  1 5 14 15 16 17 18 19 21 23 24 25 26 27 29 30 35 36 37 38 
mmlewis warning: Now attempting to fix the lewis structure.
Glide: FATAL mmlewis error: Problems remain with the following atoms:
mmlewis error:  1 5 16 18 19 21 27 39
run_mmlewis: Failed to generate a valid lewis structure.
GLIDE WARNING: Structure unsuitable for OPLS-AA force field: glide_dock_ligands_r05violated_3-0002_in.maegz
SKIP LIG      478 (CHEMBL3675626): STRUCTURE INCOMPATIBLE WITH FORCE FIELD
GLIDE WARNING: Will skip atomtyping, docking.
Glide: WARNING mmlewis warning: Wrong Lewis structure in structure input file
mmlewis warning: with title: CHEMBL3675633
mmlewis warning: Problems were identified with the following atoms:
mmlewis warning:  1 5 14 15 16 17 18 19 21 24 25 29 30 35 36 37 38 
mmlewis warning: Now attempting to fix the lewis structure.
Glide: FATAL mmlewis error: Problems remain with the following atoms:
mmlewis error:  1 5 16 18 19 21 26 39
run_mmlewis: Failed to generate a valid lewis structure.
GLIDE WARNING: Structure unsuitable for OPLS-AA force field: glide_dock_ligands_r05violated_3-0002_in.maegz
SKIP LIG      479 (CHEMBL3675633): STRUCTURE INCOMPATIBLE WITH FORCE FIELD
GLIDE WARNING: Will skip atomtyping, docking.
Glide: WARNING mmlewis warning: Wrong Lewis structure in structure input file
mmlewis warning: with title: CHEMBL3675634
mmlewis warning: Problems were identified with the following atoms:
mmlewis warning:  1 5 14 15 16 17 18 19 21 22 23 28 29 34 35 36 37 
mmlewis warning: Now attempting to fix the lewis structure.
Glide: FATAL mmlewis error: Problems remain with the following atoms:
mmlewis error:  1 5 16 18 19 21 23 38
run_mmlewis: Failed to generate a valid lewis structure.
GLIDE WARNING: Structure unsuitable for OPLS-AA force field: glide_dock_ligands_r05violated_3-0002_in.maegz
SKIP LIG      480 (CHEMBL3675634): STRUCTURE INCOMPATIBLE WITH FORCE FIELD
GLIDE WARNING: Will skip atomtyping, docking.
Glide: WARNING mmlewis warning: Wrong Lewis structure in structure input file
mmlewis warning: with title: CHEMBL3675636
mmlewis warning: Problems were identified with the following atoms:
mmlewis warning:  1 5 14 15 16 17 18 19 21 23 24 25 26 31 32 37 38 39 40 
mmlewis warning: Now attempting to fix the lewis structure.
Glide: FATAL mmlewis error: Problems remain with the following atoms:
mmlewis error:  1 5 16 18 19 21 29 41
run_mmlewis: Failed to generate a valid lewis structure.
GLIDE WARNING: Structure unsuitable for OPLS-AA force field: glide_dock_ligands_r05violated_3-0002_in.maegz
SKIP LIG      481 (CHEMBL3675636): STRUCTURE INCOMPATIBLE WITH FORCE FIELD
GLIDE WARNING: Will skip atomtyping, docking.
Glide: WARNING mmlewis warning: Wrong Lewis structure in structure input file
mmlewis warning: with title: CHEMBL3680628
mmlewis warning: Problems were identified with the following atoms:
mmlewis warning:  1 4 8 9 10 11 12 17 18 19 20 27 31 32 34 35 36 37 38 40 41 42 43 49 
mmlewis warning: Now attempting to fix the lewis structure.
Glide: FATAL mmlewis error: Problems remain with the following atoms:
mmlewis error:  1 10 17 18 19 20 27 38 49
run_mmlewis: Failed to generate a valid lewis structure.
GLIDE WARNING: Structure unsuitable for OPLS-AA force field: glide_dock_ligands_r05violated_3-0002_in.maegz
SKIP LIG      482 (CHEMBL3680628): STRUCTURE INCOMPATIBLE WITH FORCE FIELD
GLIDE WARNING: Will skip atomtyping, docking.
Glide: WARNING mmlewis warning: Wrong Lewis structure in structure input file
mmlewis warning: with title: CHEMBL3680629
mmlewis warning: Problems were identified with the following atoms:
mmlewis warning:  1 4 8 9 10 11 12 17 18 19 20 27 29 33 35 36 37 38 43 
mmlewis warning: Now attempting to fix the lewis structure.
Glide: FATAL mmlewis error: Problems remain with the following atoms:
mmlewis error:  1 10 17 18 19 20 27 29 33 39 43
run_mmlewis: Failed to generate a valid lewis structure.
GLIDE WARNING: Structure unsuitable for OPLS-AA force field: glide_dock_ligands_r05violated_3-0002_in.maegz
SKIP LIG      483 (CHEMBL3680629): STRUCTURE INCOMPATIBLE WITH FORCE FIELD
GLIDE WARNING: Will skip atomtyping, docking.
Glide: WARNING mmlewis warning: Wrong Lewis structure in structure input file
mmlewis warning: with title: CHEMBL3680630
mmlewis warning: Problems were identified with the following atoms:
mmlewis warning:  1 4 8 9 10 11 12 17 18 19 20 27 32 33 34 35 36 39 40 41 42 47 
mmlewis warning: Now attempting to fix the lewis structure.
Glide: FATAL mmlewis error: Problems remain with the following atoms:
mmlewis error:  1 10 17 18 19 20 27 36 43 47
run_mmlewis: Failed to generate a valid lewis structure.
GLIDE WARNING: Structure unsuitable for OPLS-AA force field: glide_dock_ligands_r05violated_3-0002_in.maegz
SKIP LIG      484 (CHEMBL3680630): STRUCTURE INCOMPATIBLE WITH FORCE FIELD
GLIDE WARNING: Will skip atomtyping, docking.
Glide: WARNING mmlewis warning: Wrong Lewis structure in structure input file
mmlewis warning: with title: CHEMBL3680631
mmlewis warning: Problems were identified with the following atoms:
mmlewis warning:  1 4 8 9 10 11 12 17 18 19 20 27 29 34 35 36 37 43 
mmlewis warning: Now attempting to fix the lewis structure.
Glide: FATAL mmlewis error: Problems remain with the following atoms:
mmlewis error:  1 10 17 18 19 20 27 29 43
run_mmlewis: Failed to generate a valid lewis structure.
GLIDE WARNING: Structure unsuitable for OPLS-AA force field: glide_dock_ligands_r05violated_3-0002_in.maegz
SKIP LIG      485 (CHEMBL3680631): STRUCTURE INCOMPATIBLE WITH FORCE FIELD
GLIDE WARNING: Will skip atomtyping, docking.
Glide: WARNING mmlewis warning: Wrong Lewis structure in structure input file
mmlewis warning: with title: CHEMBL3680632
mmlewis warning: Problems were identified with the following atoms:
mmlewis warning:  1 4 8 9 10 11 12 17 18 19 20 27 31 32 33 36 37 38 39 43 
mmlewis warning: Now attempting to fix the lewis structure.
Glide: FATAL mmlewis error: Problems remain with the following atoms:
mmlewis error:  1 10 17 18 19 20 27 33 37 39 43
run_mmlewis: Failed to generate a valid lewis structure.
GLIDE WARNING: Structure unsuitable for OPLS-AA force field: glide_dock_ligands_r05violated_3-0002_in.maegz
SKIP LIG      486 (CHEMBL3680632): STRUCTURE INCOMPATIBLE WITH FORCE FIELD
GLIDE WARNING: Will skip atomtyping, docking.
Glide: WARNING mmlewis warning: Wrong Lewis structure in structure input file
mmlewis warning: with title: CHEMBL3680633
mmlewis warning: Problems were identified with the following atoms:
mmlewis warning:  1 4 8 9 10 11 12 17 18 19 20 27 29 30 34 36 39 43 
mmlewis warning: Now attempting to fix the lewis structure.
Glide: FATAL mmlewis error: Problems remain with the following atoms:
mmlewis error:  1 10 17 18 19 20 27 34 36 39 43
run_mmlewis: Failed to generate a valid lewis structure.
GLIDE WARNING: Structure unsuitable for OPLS-AA force field: glide_dock_ligands_r05violated_3-0002_in.maegz
SKIP LIG      487 (CHEMBL3680633): STRUCTURE INCOMPATIBLE WITH FORCE FIELD
GLIDE WARNING: Will skip atomtyping, docking.
Glide: WARNING mmlewis warning: Wrong Lewis structure in structure input file
mmlewis warning: with title: CHEMBL3680634
mmlewis warning: Problems were identified with the following atoms:
mmlewis warning:  1 4 8 9 10 11 12 17 18 19 20 27 31 32 33 34 40 
mmlewis warning: Now attempting to fix the lewis structure.
Glide: FATAL mmlewis error: Problems remain with the following atoms:
mmlewis error:  1 10 17 18 19 20 27 40
run_mmlewis: Failed to generate a valid lewis structure.
GLIDE WARNING: Structure unsuitable for OPLS-AA force field: glide_dock_ligands_r05violated_3-0002_in.maegz
SKIP LIG      488 (CHEMBL3680634): STRUCTURE INCOMPATIBLE WITH FORCE FIELD
GLIDE WARNING: Will skip atomtyping, docking.
Glide: WARNING mmlewis warning: Wrong Lewis structure in structure input file
mmlewis warning: with title: CHEMBL3680635
mmlewis warning: Problems were identified with the following atoms:
mmlewis warning:  1 4 8 9 10 11 12 17 18 19 20 27 31 32 33 34 37 44 
mmlewis warning: Now attempting to fix the lewis structure.
Glide: FATAL mmlewis error: Problems remain with the following atoms:
mmlewis error:  1 10 17 18 19 20 27 37 40 44
run_mmlewis: Failed to generate a valid lewis structure.
GLIDE WARNING: Structure unsuitable for OPLS-AA force field: glide_dock_ligands_r05violated_3-0002_in.maegz
SKIP LIG      489 (CHEMBL3680635): STRUCTURE INCOMPATIBLE WITH FORCE FIELD
GLIDE WARNING: Will skip atomtyping, docking.
Glide: WARNING mmlewis warning: Wrong Lewis structure in structure input file
mmlewis warning: with title: CHEMBL3680636
mmlewis warning: Problems were identified with the following atoms:
mmlewis warning:  1 4 8 9 10 11 12 17 18 19 20 27 30 31 34 35 36 37 38 43 
mmlewis warning: Now attempting to fix the lewis structure.
Glide: FATAL mmlewis error: Problems remain with the following atoms:
mmlewis error:  1 10 17 18 19 20 27 38 43
run_mmlewis: Failed to generate a valid lewis structure.
GLIDE WARNING: Structure unsuitable for OPLS-AA force field: glide_dock_ligands_r05violated_3-0002_in.maegz
SKIP LIG      490 (CHEMBL3680636): STRUCTURE INCOMPATIBLE WITH FORCE FIELD
GLIDE WARNING: Will skip atomtyping, docking.
Glide: WARNING mmlewis warning: Wrong Lewis structure in structure input file
mmlewis warning: with title: CHEMBL3680637
mmlewis warning: Problems were identified with the following atoms:
mmlewis warning:  1 4 8 9 10 11 12 17 18 19 20 27 31 32 33 34 42 
mmlewis warning: Now attempting to fix the lewis structure.
Glide: FATAL mmlewis error: Problems remain with the following atoms:
mmlewis error:  1 10 17 18 19 20 27 42
run_mmlewis: Failed to generate a valid lewis structure.
GLIDE WARNING: Structure unsuitable for OPLS-AA force field: glide_dock_ligands_r05violated_3-0002_in.maegz
SKIP LIG      491 (CHEMBL3680637): STRUCTURE INCOMPATIBLE WITH FORCE FIELD
GLIDE WARNING: Will skip atomtyping, docking.
Glide: WARNING mmlewis warning: Wrong Lewis structure in structure input file
mmlewis warning: with title: CHEMBL3686749
mmlewis warning: Problems were identified with the following atoms:
mmlewis warning:  1 3 4 5 6 7 8 9 13 14 15 16 18 19 
mmlewis warning: Now attempting to fix the lewis structure.
Glide: FATAL mmlewis error: Problems remain with the following atoms:
mmlewis error:  1 3 9 15
run_mmlewis: Failed to generate a valid lewis structure.
GLIDE WARNING: Structure unsuitable for OPLS-AA force field: glide_dock_ligands_r05violated_3-0002_in.maegz
SKIP LIG      492 (CHEMBL3686749): STRUCTURE INCOMPATIBLE WITH FORCE FIELD
GLIDE WARNING: Will skip atomtyping, docking.
Glide: WARNING mmlewis warning: Wrong Lewis structure in structure input file
mmlewis warning: with title: CHEMBL3686750
mmlewis warning: Problems were identified with the following atoms:
mmlewis warning:  1 3 4 5 6 7 8 9 13 14 15 16 18 19 
mmlewis warning: Now attempting to fix the lewis structure.
Glide: FATAL mmlewis error: Problems remain with the following atoms:
mmlewis error:  1 3 9 15
run_mmlewis: Failed to generate a valid lewis structure.
GLIDE WARNING: Structure unsuitable for OPLS-AA force field: glide_dock_ligands_r05violated_3-0002_in.maegz
SKIP LIG      493 (CHEMBL3686750): STRUCTURE INCOMPATIBLE WITH FORCE FIELD
GLIDE WARNING: Will skip atomtyping, docking.
Glide: WARNING mmlewis warning: Wrong Lewis structure in structure input file
mmlewis warning: with title: CHEMBL3687981
mmlewis warning: Problems were identified with the following atoms:
mmlewis warning:  1 2 6 14 15 16 17 18 23 24 25 26 28 30 33 34 
mmlewis warning: Now attempting to fix the lewis structure.
Glide: FATAL mmlewis error: Problems remain with the following atoms:
mmlewis error:  1 6 16 23 24 25 26 28 30 37
run_mmlewis: Failed to generate a valid lewis structure.
GLIDE WARNING: Structure unsuitable for OPLS-AA force field: glide_dock_ligands_r05violated_3-0002_in.maegz
SKIP LIG      494 (CHEMBL3687981): STRUCTURE INCOMPATIBLE WITH FORCE FIELD
GLIDE WARNING: Will skip atomtyping, docking.
Glide: WARNING mmlewis warning: Wrong Lewis structure in structure input file
mmlewis warning: with title: CHEMBL3697950
mmlewis warning: Problems were identified with the following atoms:
mmlewis warning:  1 6 10 12 13 14 15 16 18 21 22 26 28 30 32 33 34 37 38 
mmlewis warning: Now attempting to fix the lewis structure.
Glide: FATAL mmlewis error: Problems remain with the following atoms:
mmlewis error:  1 6 10 13 15 18 23 26 28 30 34 36 37 38
run_mmlewis: Failed to generate a valid lewis structure.
GLIDE WARNING: Structure unsuitable for OPLS-AA force field: glide_dock_ligands_r05violated_3-0002_in.maegz
SKIP LIG      495 (CHEMBL3697950): STRUCTURE INCOMPATIBLE WITH FORCE FIELD
GLIDE WARNING: Will skip atomtyping, docking.
Glide: WARNING mmlewis warning: Wrong Lewis structure in structure input file
mmlewis warning: with title: CHEMBL3736067
mmlewis warning: Problems were identified with the following atoms:
mmlewis warning:  1 2 3 4 6 8 14 15 16 22 25 26 28 30 33 34 
mmlewis warning: Now attempting to fix the lewis structure.
Glide: FATAL mmlewis error: Problems remain with the following atoms:
mmlewis error:  1 3 6 8 16 22 25 26 30 35
run_mmlewis: Failed to generate a valid lewis structure.
GLIDE WARNING: Structure unsuitable for OPLS-AA force field: glide_dock_ligands_r05violated_3-0002_in.maegz
SKIP LIG      496 (CHEMBL3736067): STRUCTURE INCOMPATIBLE WITH FORCE FIELD
GLIDE WARNING: Will skip atomtyping, docking.
Glide: WARNING mmlewis warning: Wrong Lewis structure in structure input file
mmlewis warning: with title: CHEMBL3797299
mmlewis warning: Problems were identified with the following atoms:
mmlewis warning:  3 4 5 6 7 11 12 13 17 18 20 22 23 26 27 29 30 33 34 35 36 
mmlewis warning: Now attempting to fix the lewis structure.
Glide: FATAL mmlewis error: Problems remain with the following atoms:
mmlewis error:  5 7 12 13 27
Glide: FATAL mmlewis_apply(): Unable to handle mol 1
Glide: WARNING mmlewis warning: Wrong Lewis structure in structure input file
mmlewis warning: with title: CHEMBL3797299
mmlewis warning: Problems were identified with the following atoms:
mmlewis warning:  39 
mmlewis warning: Now attempting to fix the lewis structure.
Glide: WARNING mmlewis warning: A valid lewis structure was successfully generated.
Glide: FATAL mmlewis_apply(): Error in handling of full CT
run_mmlewis: Failed to generate a valid lewis structure.
GLIDE WARNING: Structure unsuitable for OPLS-AA force field: glide_dock_ligands_r05violated_3-0002_in.maegz
SKIP LIG      497 (CHEMBL3797299): STRUCTURE INCOMPATIBLE WITH FORCE FIELD
GLIDE WARNING: Will skip atomtyping, docking.
Glide: WARNING mmlewis warning: Wrong Lewis structure in structure input file
mmlewis warning: with title: CHEMBL3797842
mmlewis warning: Problems were identified with the following atoms:
mmlewis warning:  1 3 4 10 11 12 16 17 19 21 22 25 26 28 29 32 33 34 35 36 
mmlewis warning: Now attempting to fix the lewis structure.
Glide: FATAL mmlewis error: Problems remain with the following atoms:
mmlewis error:  1 3 11 12 26 36
Glide: FATAL mmlewis_apply(): Unable to handle mol 1
Glide: WARNING mmlewis warning: Wrong Lewis structure in structure input file
mmlewis warning: with title: CHEMBL3797842
mmlewis warning: Problems were identified with the following atoms:
mmlewis warning:  39 
mmlewis warning: Now attempting to fix the lewis structure.
Glide: WARNING mmlewis warning: A valid lewis structure was successfully generated.
Glide: WARNING mmlewis warning: Wrong Lewis structure in structure input file
mmlewis warning: with title: CHEMBL3797842
mmlewis warning: Problems were identified with the following atoms:
mmlewis warning:  46 
mmlewis warning: Now attempting to fix the lewis structure.
Glide: WARNING mmlewis warning: A valid lewis structure was successfully generated.
Glide: FATAL mmlewis_apply(): Error in handling of full CT
run_mmlewis: Failed to generate a valid lewis structure.
GLIDE WARNING: Structure unsuitable for OPLS-AA force field: glide_dock_ligands_r05violated_3-0002_in.maegz
SKIP LIG      498 (CHEMBL3797842): STRUCTURE INCOMPATIBLE WITH FORCE FIELD
GLIDE WARNING: Will skip atomtyping, docking.
Glide: WARNING mmlewis warning: Wrong Lewis structure in structure input file
mmlewis warning: with title: CHEMBL3798441
mmlewis warning: Problems were identified with the following atoms:
mmlewis warning:  1 2 3 4 10 11 12 16 17 19 21 22 25 26 28 29 32 33 34 35 36 
mmlewis warning: Now attempting to fix the lewis structure.
Glide: FATAL mmlewis error: Problems remain with the following atoms:
mmlewis error:  1 3 11 12 26 36
Glide: FATAL mmlewis_apply(): Unable to handle mol 1
Glide: WARNING mmlewis warning: Wrong Lewis structure in structure input file
mmlewis warning: with title: CHEMBL3798441
mmlewis warning: Problems were identified with the following atoms:
mmlewis warning:  39 
mmlewis warning: Now attempting to fix the lewis structure.
Glide: WARNING mmlewis warning: A valid lewis structure was successfully generated.
Glide: WARNING mmlewis warning: Wrong Lewis structure in structure input file
mmlewis warning: with title: CHEMBL3798441
mmlewis warning: Problems were identified with the following atoms:
mmlewis warning:  46 
mmlewis warning: Now attempting to fix the lewis structure.
Glide: WARNING mmlewis warning: A valid lewis structure was successfully generated.
Glide: FATAL mmlewis_apply(): Error in handling of full CT
run_mmlewis: Failed to generate a valid lewis structure.
GLIDE WARNING: Structure unsuitable for OPLS-AA force field: glide_dock_ligands_r05violated_3-0002_in.maegz
SKIP LIG      499 (CHEMBL3798441): STRUCTURE INCOMPATIBLE WITH FORCE FIELD
GLIDE WARNING: Will skip atomtyping, docking.
Glide: WARNING mmlewis warning: Wrong Lewis structure in structure input file
mmlewis warning: with title: CHEMBL3799388
mmlewis warning: Problems were identified with the following atoms:
mmlewis warning:  1 2 3 4 8 9 10 14 15 17 19 20 23 24 26 27 30 31 32 33 34 
mmlewis warning: Now attempting to fix the lewis structure.
Glide: FATAL mmlewis error: Problems remain with the following atoms:
mmlewis error:  1 9 10 24 34
Glide: FATAL mmlewis_apply(): Unable to handle mol 1
Glide: WARNING mmlewis warning: Wrong Lewis structure in structure input file
mmlewis warning: with title: CHEMBL3799388
mmlewis warning: Problems were identified with the following atoms:
mmlewis warning:  37 
mmlewis warning: Now attempting to fix the lewis structure.
Glide: WARNING mmlewis warning: A valid lewis structure was successfully generated.
Glide: FATAL mmlewis_apply(): Error in handling of full CT
run_mmlewis: Failed to generate a valid lewis structure.
GLIDE WARNING: Structure unsuitable for OPLS-AA force field: glide_dock_ligands_r05violated_3-0002_in.maegz
SKIP LIG      500 (CHEMBL3799388): STRUCTURE INCOMPATIBLE WITH FORCE FIELD
GLIDE WARNING: Will skip atomtyping, docking.
Glide: WARNING mmlewis warning: Wrong Lewis structure in structure input file
mmlewis warning: with title: CHEMBL3800113
mmlewis warning: Problems were identified with the following atoms:
mmlewis warning:  1 3 4 8 9 10 14 15 17 19 20 23 24 26 27 30 31 32 33 34 
mmlewis warning: Now attempting to fix the lewis structure.
Glide: FATAL mmlewis error: Problems remain with the following atoms:
mmlewis error:  1 9 10 24 34
Glide: FATAL mmlewis_apply(): Unable to handle mol 1
Glide: WARNING mmlewis warning: Wrong Lewis structure in structure input file
mmlewis warning: with title: CHEMBL3800113
mmlewis warning: Problems were identified with the following atoms:
mmlewis warning:  37 
mmlewis warning: Now attempting to fix the lewis structure.
Glide: WARNING mmlewis warning: A valid lewis structure was successfully generated.
Glide: WARNING mmlewis warning: Wrong Lewis structure in structure input file
mmlewis warning: with title: CHEMBL3800113
mmlewis warning: Problems were identified with the following atoms:
mmlewis warning:  44 
mmlewis warning: Now attempting to fix the lewis structure.
Glide: WARNING mmlewis warning: A valid lewis structure was successfully generated.
Glide: FATAL mmlewis_apply(): Error in handling of full CT
run_mmlewis: Failed to generate a valid lewis structure.
GLIDE WARNING: Structure unsuitable for OPLS-AA force field: glide_dock_ligands_r05violated_3-0002_in.maegz
SKIP LIG      501 (CHEMBL3800113): STRUCTURE INCOMPATIBLE WITH FORCE FIELD
GLIDE WARNING: Will skip atomtyping, docking.
Glide: WARNING mmlewis warning: Wrong Lewis structure in structure input file
mmlewis warning: with title: CHEMBL3892233
mmlewis warning: Problems were identified with the following atoms:
mmlewis warning:  1 2 3 6 7 9 12 13 16 18 23 
mmlewis warning: Now attempting to fix the lewis structure.
Glide: FATAL mmlewis error: Problems remain with the following atoms:
mmlewis error:  1 3 9 14 18
run_mmlewis: Failed to generate a valid lewis structure.
GLIDE WARNING: Structure unsuitable for OPLS-AA force field: glide_dock_ligands_r05violated_3-0002_in.maegz
SKIP LIG      502 (CHEMBL3892233): STRUCTURE INCOMPATIBLE WITH FORCE FIELD
GLIDE WARNING: Will skip atomtyping, docking.
Glide: WARNING mmlewis warning: Wrong Lewis structure in structure input file
mmlewis warning: with title: CHEMBL3892718
mmlewis warning: Problems were identified with the following atoms:
mmlewis warning:  1 4 8 9 10 11 12 13 20 21 22 24 25 26 30 31 32 33 34 38 
mmlewis warning: Now attempting to fix the lewis structure.
Glide: FATAL mmlewis error: Problems remain with the following atoms:
mmlewis error:  1 10 12 13 22 31 32 38
run_mmlewis: Failed to generate a valid lewis structure.
GLIDE WARNING: Structure unsuitable for OPLS-AA force field: glide_dock_ligands_r05violated_3-0002_in.maegz
SKIP LIG      503 (CHEMBL3892718): STRUCTURE INCOMPATIBLE WITH FORCE FIELD
GLIDE WARNING: Will skip atomtyping, docking.
Glide: WARNING mmlewis warning: Wrong Lewis structure in structure input file
mmlewis warning: with title: CHEMBL3893759
mmlewis warning: Problems were identified with the following atoms:
mmlewis warning:  1 2 3 4 8 9 10 11 12 13 20 24 25 26 27 30 33 34 38 
mmlewis warning: Now attempting to fix the lewis structure.
Glide: FATAL mmlewis error: Problems remain with the following atoms:
mmlewis error:  1 10 12 13 20 30 34 38
run_mmlewis: Failed to generate a valid lewis structure.
GLIDE WARNING: Structure unsuitable for OPLS-AA force field: glide_dock_ligands_r05violated_3-0002_in.maegz
SKIP LIG      504 (CHEMBL3893759): STRUCTURE INCOMPATIBLE WITH FORCE FIELD
GLIDE WARNING: Will skip atomtyping, docking.
Glide: WARNING mmlewis warning: Wrong Lewis structure in structure input file
mmlewis warning: with title: CHEMBL3896047
mmlewis warning: Problems were identified with the following atoms:
mmlewis warning:  1 4 8 9 10 11 12 13 20 21 22 24 25 26 29 31 32 35 36 37 38 42 
mmlewis warning: Now attempting to fix the lewis structure.
Glide: FATAL mmlewis error: Problems remain with the following atoms:
mmlewis error:  1 10 12 13 22 36 42
run_mmlewis: Failed to generate a valid lewis structure.
GLIDE WARNING: Structure unsuitable for OPLS-AA force field: glide_dock_ligands_r05violated_3-0002_in.maegz
SKIP LIG      505 (CHEMBL3896047): STRUCTURE INCOMPATIBLE WITH FORCE FIELD
GLIDE WARNING: Will skip atomtyping, docking.
Glide: WARNING mmlewis warning: Wrong Lewis structure in structure input file
mmlewis warning: with title: CHEMBL3897118
mmlewis warning: Problems were identified with the following atoms:
mmlewis warning:  1 4 8 9 10 11 12 13 20 21 22 24 25 26 30 31 32 33 37 
mmlewis warning: Now attempting to fix the lewis structure.
Glide: FATAL mmlewis error: Problems remain with the following atoms:
mmlewis error:  1 10 12 13 22 30 31 37
run_mmlewis: Failed to generate a valid lewis structure.
GLIDE WARNING: Structure unsuitable for OPLS-AA force field: glide_dock_ligands_r05violated_3-0002_in.maegz
SKIP LIG      506 (CHEMBL3897118): STRUCTURE INCOMPATIBLE WITH FORCE FIELD
GLIDE WARNING: Will skip atomtyping, docking.
Glide: WARNING mmlewis warning: Wrong Lewis structure in structure input file
mmlewis warning: with title: CHEMBL3897624
mmlewis warning: Problems were identified with the following atoms:
mmlewis warning:  1 2 6 7 8 12 21 22 23 24 25 26 28 29 31 32 34 37 
mmlewis warning: Now attempting to fix the lewis structure.
Glide: FATAL mmlewis error: Problems remain with the following atoms:
mmlewis error:  1 8 12 23 25 26 31 32 34 37
run_mmlewis: Failed to generate a valid lewis structure.
GLIDE WARNING: Structure unsuitable for OPLS-AA force field: glide_dock_ligands_r05violated_3-0002_in.maegz
SKIP LIG      507 (CHEMBL3897624): STRUCTURE INCOMPATIBLE WITH FORCE FIELD
GLIDE WARNING: Will skip atomtyping, docking.
Glide: WARNING mmlewis warning: Wrong Lewis structure in structure input file
mmlewis warning: with title: CHEMBL3898220
mmlewis warning: Problems were identified with the following atoms:
mmlewis warning:  1 4 8 9 10 11 12 13 20 21 22 24 25 26 29 31 32 34 35 36 37 38 42 
mmlewis warning: Now attempting to fix the lewis structure.
Glide: FATAL mmlewis error: Problems remain with the following atoms:
mmlewis error:  1 10 12 13 22 34 42
run_mmlewis: Failed to generate a valid lewis structure.
GLIDE WARNING: Structure unsuitable for OPLS-AA force field: glide_dock_ligands_r05violated_3-0002_in.maegz
SKIP LIG      508 (CHEMBL3898220): STRUCTURE INCOMPATIBLE WITH FORCE FIELD
GLIDE WARNING: Will skip atomtyping, docking.
Glide: WARNING mmlewis warning: Wrong Lewis structure in structure input file
mmlewis warning: with title: CHEMBL3899590
mmlewis warning: Problems were identified with the following atoms:
mmlewis warning:  1 4 8 9 10 11 12 13 20 21 22 24 25 26 30 31 32 33 34 35 36 40 
mmlewis warning: Now attempting to fix the lewis structure.
Glide: FATAL mmlewis error: Problems remain with the following atoms:
mmlewis error:  1 10 12 13 22 33 40
run_mmlewis: Failed to generate a valid lewis structure.
GLIDE WARNING: Structure unsuitable for OPLS-AA force field: glide_dock_ligands_r05violated_3-0002_in.maegz
SKIP LIG      509 (CHEMBL3899590): STRUCTURE INCOMPATIBLE WITH FORCE FIELD
GLIDE WARNING: Will skip atomtyping, docking.
Glide: WARNING mmlewis warning: Wrong Lewis structure in structure input file
mmlewis warning: with title: CHEMBL3901674
mmlewis warning: Problems were identified with the following atoms:
mmlewis warning:  1 4 8 9 10 11 12 13 20 21 22 23 24 25 26 31 32 33 34 35 39 
mmlewis warning: Now attempting to fix the lewis structure.
Glide: FATAL mmlewis error: Problems remain with the following atoms:
mmlewis error:  1 10 12 13 32 33 34 39
run_mmlewis: Failed to generate a valid lewis structure.
GLIDE WARNING: Structure unsuitable for OPLS-AA force field: glide_dock_ligands_r05violated_3-0002_in.maegz
SKIP LIG      510 (CHEMBL3901674): STRUCTURE INCOMPATIBLE WITH FORCE FIELD
GLIDE WARNING: Will skip atomtyping, docking.
Glide: WARNING mmlewis warning: Wrong Lewis structure in structure input file
mmlewis warning: with title: CHEMBL3902771
mmlewis warning: Problems were identified with the following atoms:
mmlewis warning:  1 4 8 9 10 11 12 13 20 21 22 23 24 25 30 31 32 33 34 38 
mmlewis warning: Now attempting to fix the lewis structure.
Glide: FATAL mmlewis error: Problems remain with the following atoms:
mmlewis error:  1 10 12 13 22 31 32 38
run_mmlewis: Failed to generate a valid lewis structure.
GLIDE WARNING: Structure unsuitable for OPLS-AA force field: glide_dock_ligands_r05violated_3-0002_in.maegz
SKIP LIG      511 (CHEMBL3902771): STRUCTURE INCOMPATIBLE WITH FORCE FIELD
GLIDE WARNING: Will skip atomtyping, docking.
Glide: WARNING mmlewis warning: Wrong Lewis structure in structure input file
mmlewis warning: with title: CHEMBL3903674
mmlewis warning: Problems were identified with the following atoms:
mmlewis warning:  1 4 8 9 10 11 12 13 20 24 25 26 27 29 32 33 34 38 
mmlewis warning: Now attempting to fix the lewis structure.
Glide: FATAL mmlewis error: Problems remain with the following atoms:
mmlewis error:  1 10 12 13 20 33 34 38
run_mmlewis: Failed to generate a valid lewis structure.
GLIDE WARNING: Structure unsuitable for OPLS-AA force field: glide_dock_ligands_r05violated_3-0002_in.maegz
SKIP LIG      512 (CHEMBL3903674): STRUCTURE INCOMPATIBLE WITH FORCE FIELD
GLIDE WARNING: Will skip atomtyping, docking.
Glide: WARNING mmlewis warning: Wrong Lewis structure in structure input file
mmlewis warning: with title: CHEMBL3909049
mmlewis warning: Problems were identified with the following atoms:
mmlewis warning:  1 4 8 9 10 11 12 19 20 21 23 24 25 29 30 31 32 33 37 
mmlewis warning: Now attempting to fix the lewis structure.
Glide: FATAL mmlewis error: Problems remain with the following atoms:
mmlewis error:  1 12 21 30 31 37
run_mmlewis: Failed to generate a valid lewis structure.
GLIDE WARNING: Structure unsuitable for OPLS-AA force field: glide_dock_ligands_r05violated_3-0002_in.maegz
SKIP LIG      513 (CHEMBL3909049): STRUCTURE INCOMPATIBLE WITH FORCE FIELD
GLIDE WARNING: Will skip atomtyping, docking.
Glide: WARNING mmlewis warning: Wrong Lewis structure in structure input file
mmlewis warning: with title: CHEMBL3910158
mmlewis warning: Problems were identified with the following atoms:
mmlewis warning:  1 4 8 9 10 11 12 13 20 21 22 24 25 26 30 31 32 36 
mmlewis warning: Now attempting to fix the lewis structure.
Glide: FATAL mmlewis error: Problems remain with the following atoms:
mmlewis error:  1 10 12 13 22 30 36
run_mmlewis: Failed to generate a valid lewis structure.
GLIDE WARNING: Structure unsuitable for OPLS-AA force field: glide_dock_ligands_r05violated_3-0002_in.maegz
SKIP LIG      514 (CHEMBL3910158): STRUCTURE INCOMPATIBLE WITH FORCE FIELD
GLIDE WARNING: Will skip atomtyping, docking.
Glide: WARNING mmlewis warning: Wrong Lewis structure in structure input file
mmlewis warning: with title: CHEMBL3910262
mmlewis warning: Problems were identified with the following atoms:
mmlewis warning:  1 6 7 8 11 12 14 15 19 20 21 22 23 25 30 34 
mmlewis warning: Now attempting to fix the lewis structure.
Glide: FATAL mmlewis error: Problems remain with the following atoms:
mmlewis error:  1 8 13 20 22 25 34
run_mmlewis: Failed to generate a valid lewis structure.
GLIDE WARNING: Structure unsuitable for OPLS-AA force field: glide_dock_ligands_r05violated_3-0002_in.maegz
SKIP LIG      515 (CHEMBL3910262): STRUCTURE INCOMPATIBLE WITH FORCE FIELD
GLIDE WARNING: Will skip atomtyping, docking.
Glide: WARNING mmlewis warning: Wrong Lewis structure in structure input file
mmlewis warning: with title: CHEMBL3915044
mmlewis warning: Problems were identified with the following atoms:
mmlewis warning:  1 4 8 9 10 11 12 13 20 21 22 24 25 26 29 31 32 35 36 37 38 42 
mmlewis warning: Now attempting to fix the lewis structure.
Glide: FATAL mmlewis error: Problems remain with the following atoms:
mmlewis error:  1 10 12 13 22 36 42
run_mmlewis: Failed to generate a valid lewis structure.
GLIDE WARNING: Structure unsuitable for OPLS-AA force field: glide_dock_ligands_r05violated_3-0002_in.maegz
SKIP LIG      516 (CHEMBL3915044): STRUCTURE INCOMPATIBLE WITH FORCE FIELD
GLIDE WARNING: Will skip atomtyping, docking.
Glide: WARNING mmlewis warning: Wrong Lewis structure in structure input file
mmlewis warning: with title: CHEMBL3917354
mmlewis warning: Problems were identified with the following atoms:
mmlewis warning:  1 4 8 9 10 11 12 13 20 24 27 29 30 31 32 37 
mmlewis warning: Now attempting to fix the lewis structure.
Glide: FATAL mmlewis error: Problems remain with the following atoms:
mmlewis error:  1 10 12 13 20 24 27 33 37
run_mmlewis: Failed to generate a valid lewis structure.
GLIDE WARNING: Structure unsuitable for OPLS-AA force field: glide_dock_ligands_r05violated_3-0002_in.maegz
SKIP LIG      517 (CHEMBL3917354): STRUCTURE INCOMPATIBLE WITH FORCE FIELD
GLIDE WARNING: Will skip atomtyping, docking.
Glide: WARNING mmlewis warning: Wrong Lewis structure in structure input file
mmlewis warning: with title: CHEMBL3919178
mmlewis warning: Problems were identified with the following atoms:
mmlewis warning:  1 2 3 6 7 9 10 13 16 18 23 
mmlewis warning: Now attempting to fix the lewis structure.
Glide: FATAL mmlewis error: Problems remain with the following atoms:
mmlewis error:  1 3 16
run_mmlewis: Failed to generate a valid lewis structure.
GLIDE WARNING: Structure unsuitable for OPLS-AA force field: glide_dock_ligands_r05violated_3-0002_in.maegz
SKIP LIG      518 (CHEMBL3919178): STRUCTURE INCOMPATIBLE WITH FORCE FIELD
GLIDE WARNING: Will skip atomtyping, docking.
Glide: WARNING mmlewis warning: Wrong Lewis structure in structure input file
mmlewis warning: with title: CHEMBL3920718
mmlewis warning: Problems were identified with the following atoms:
mmlewis warning:  1 4 8 9 10 11 12 13 20 21 22 23 25 26 27 31 32 33 34 35 39 
mmlewis warning: Now attempting to fix the lewis structure.
Glide: FATAL mmlewis error: Problems remain with the following atoms:
mmlewis error:  1 10 12 13 32 33 39
run_mmlewis: Failed to generate a valid lewis structure.
GLIDE WARNING: Structure unsuitable for OPLS-AA force field: glide_dock_ligands_r05violated_3-0002_in.maegz
SKIP LIG      519 (CHEMBL3920718): STRUCTURE INCOMPATIBLE WITH FORCE FIELD
GLIDE WARNING: Will skip atomtyping, docking.
Glide: WARNING mmlewis warning: Wrong Lewis structure in structure input file
mmlewis warning: with title: CHEMBL3924059
mmlewis warning: Problems were identified with the following atoms:
mmlewis warning:  1 4 8 9 10 11 12 13 20 21 22 24 25 26 29 31 32 35 36 37 38 42 
mmlewis warning: Now attempting to fix the lewis structure.
Glide: FATAL mmlewis error: Problems remain with the following atoms:
mmlewis error:  1 10 12 13 22 36 42
run_mmlewis: Failed to generate a valid lewis structure.
GLIDE WARNING: Structure unsuitable for OPLS-AA force field: glide_dock_ligands_r05violated_3-0002_in.maegz
SKIP LIG      520 (CHEMBL3924059): STRUCTURE INCOMPATIBLE WITH FORCE FIELD
GLIDE WARNING: Will skip atomtyping, docking.
Glide: WARNING mmlewis warning: Wrong Lewis structure in structure input file
mmlewis warning: with title: CHEMBL3926493
mmlewis warning: Problems were identified with the following atoms:
mmlewis warning:  1 2 3 4 8 9 10 11 12 13 20 24 25 26 27 29 32 33 34 38 
mmlewis warning: Now attempting to fix the lewis structure.
Glide: FATAL mmlewis error: Problems remain with the following atoms:
mmlewis error:  1 10 12 13 20 33 34 38
run_mmlewis: Failed to generate a valid lewis structure.
GLIDE WARNING: Structure unsuitable for OPLS-AA force field: glide_dock_ligands_r05violated_3-0002_in.maegz
SKIP LIG      521 (CHEMBL3926493): STRUCTURE INCOMPATIBLE WITH FORCE FIELD
GLIDE WARNING: Will skip atomtyping, docking.
Glide: WARNING mmlewis warning: Wrong Lewis structure in structure input file
mmlewis warning: with title: CHEMBL3927979
mmlewis warning: Problems were identified with the following atoms:
mmlewis warning:  1 4 8 9 10 11 12 13 20 21 22 24 25 26 30 31 32 33 34 38 
mmlewis warning: Now attempting to fix the lewis structure.
Glide: FATAL mmlewis error: Problems remain with the following atoms:
mmlewis error:  1 10 22 31 32 38
run_mmlewis: Failed to generate a valid lewis structure.
GLIDE WARNING: Structure unsuitable for OPLS-AA force field: glide_dock_ligands_r05violated_3-0002_in.maegz
SKIP LIG      522 (CHEMBL3927979): STRUCTURE INCOMPATIBLE WITH FORCE FIELD
GLIDE WARNING: Will skip atomtyping, docking.
Glide: WARNING mmlewis warning: Wrong Lewis structure in structure input file
mmlewis warning: with title: CHEMBL3929627
mmlewis warning: Problems were identified with the following atoms:
mmlewis warning:  1 4 8 9 10 11 12 13 20 21 23 24 25 29 30 31 32 33 37 
mmlewis warning: Now attempting to fix the lewis structure.
Glide: FATAL mmlewis error: Problems remain with the following atoms:
mmlewis error:  1 10 12 13 30 31 37
run_mmlewis: Failed to generate a valid lewis structure.
GLIDE WARNING: Structure unsuitable for OPLS-AA force field: glide_dock_ligands_r05violated_3-0002_in.maegz
SKIP LIG      523 (CHEMBL3929627): STRUCTURE INCOMPATIBLE WITH FORCE FIELD
GLIDE WARNING: Will skip atomtyping, docking.
Glide: WARNING mmlewis warning: Wrong Lewis structure in structure input file
mmlewis warning: with title: CHEMBL3931178
mmlewis warning: Problems were identified with the following atoms:
mmlewis warning:  1 4 8 9 10 11 12 13 20 28 30 31 32 33 38 
mmlewis warning: Now attempting to fix the lewis structure.
Glide: FATAL mmlewis error: Problems remain with the following atoms:
mmlewis error:  1 10 12 13 20 28 34 38
run_mmlewis: Failed to generate a valid lewis structure.
GLIDE WARNING: Structure unsuitable for OPLS-AA force field: glide_dock_ligands_r05violated_3-0002_in.maegz
SKIP LIG      524 (CHEMBL3931178): STRUCTURE INCOMPATIBLE WITH FORCE FIELD
GLIDE WARNING: Will skip atomtyping, docking.
Glide: WARNING mmlewis warning: Wrong Lewis structure in structure input file
mmlewis warning: with title: CHEMBL3933623
mmlewis warning: Problems were identified with the following atoms:
mmlewis warning:  1 4 8 9 10 11 12 13 20 21 22 24 25 26 30 31 32 33 34 38 
mmlewis warning: Now attempting to fix the lewis structure.
Glide: FATAL mmlewis error: Problems remain with the following atoms:
mmlewis error:  1 10 12 13 22 32 38
run_mmlewis: Failed to generate a valid lewis structure.
GLIDE WARNING: Structure unsuitable for OPLS-AA force field: glide_dock_ligands_r05violated_3-0002_in.maegz
SKIP LIG      525 (CHEMBL3933623): STRUCTURE INCOMPATIBLE WITH FORCE FIELD
GLIDE WARNING: Will skip atomtyping, docking.
Glide: WARNING mmlewis warning: Wrong Lewis structure in structure input file
mmlewis warning: with title: CHEMBL3938789
mmlewis warning: Problems were identified with the following atoms:
mmlewis warning:  1 3 5 6 7 8 11 20 21 22 23 24 25 27 29 30 31 32 36 
mmlewis warning: Now attempting to fix the lewis structure.
Glide: FATAL mmlewis error: Problems remain with the following atoms:
mmlewis error:  1 3 11 22 24 25 27 33 36
run_mmlewis: Failed to generate a valid lewis structure.
GLIDE WARNING: Structure unsuitable for OPLS-AA force field: glide_dock_ligands_r05violated_3-0002_in.maegz
SKIP LIG      526 (CHEMBL3938789): STRUCTURE INCOMPATIBLE WITH FORCE FIELD
GLIDE WARNING: Will skip atomtyping, docking.
Glide: WARNING mmlewis warning: Wrong Lewis structure in structure input file
mmlewis warning: with title: CHEMBL3945617
mmlewis warning: Problems were identified with the following atoms:
mmlewis warning:  1 4 8 9 10 11 12 13 20 21 22 24 25 26 29 31 32 36 37 38 39 43 
mmlewis warning: Now attempting to fix the lewis structure.
Glide: FATAL mmlewis error: Problems remain with the following atoms:
mmlewis error:  1 10 12 13 22 35 43
run_mmlewis: Failed to generate a valid lewis structure.
GLIDE WARNING: Structure unsuitable for OPLS-AA force field: glide_dock_ligands_r05violated_3-0002_in.maegz
SKIP LIG      527 (CHEMBL3945617): STRUCTURE INCOMPATIBLE WITH FORCE FIELD
GLIDE WARNING: Will skip atomtyping, docking.
Glide: WARNING mmlewis warning: Wrong Lewis structure in structure input file
mmlewis warning: with title: CHEMBL3948679
mmlewis warning: Problems were identified with the following atoms:
mmlewis warning:  1 4 8 9 10 11 12 13 20 24 25 26 27 30 31 32 33 34 38 
mmlewis warning: Now attempting to fix the lewis structure.
Glide: FATAL mmlewis error: Problems remain with the following atoms:
mmlewis error:  1 10 12 13 20 34 38
run_mmlewis: Failed to generate a valid lewis structure.
GLIDE WARNING: Structure unsuitable for OPLS-AA force field: glide_dock_ligands_r05violated_3-0002_in.maegz
SKIP LIG      528 (CHEMBL3948679): STRUCTURE INCOMPATIBLE WITH FORCE FIELD
GLIDE WARNING: Will skip atomtyping, docking.
Glide: WARNING mmlewis warning: Wrong Lewis structure in structure input file
mmlewis warning: with title: CHEMBL3950914
mmlewis warning: Problems were identified with the following atoms:
mmlewis warning:  1 2 3 4 8 9 10 11 12 13 20 24 25 26 27 29 32 33 34 38 
mmlewis warning: Now attempting to fix the lewis structure.
Glide: FATAL mmlewis error: Problems remain with the following atoms:
mmlewis error:  1 10 12 13 20 33 34 38
run_mmlewis: Failed to generate a valid lewis structure.
GLIDE WARNING: Structure unsuitable for OPLS-AA force field: glide_dock_ligands_r05violated_3-0002_in.maegz
SKIP LIG      529 (CHEMBL3950914): STRUCTURE INCOMPATIBLE WITH FORCE FIELD
GLIDE WARNING: Will skip atomtyping, docking.
Glide: WARNING mmlewis warning: Wrong Lewis structure in structure input file
mmlewis warning: with title: CHEMBL3953094
mmlewis warning: Problems were identified with the following atoms:
mmlewis warning:  1 4 8 9 10 11 12 13 20 25 26 27 28 29 31 32 33 34 40 
mmlewis warning: Now attempting to fix the lewis structure.
Glide: FATAL mmlewis error: Problems remain with the following atoms:
mmlewis error:  1 10 12 13 20 29 40
run_mmlewis: Failed to generate a valid lewis structure.
GLIDE WARNING: Structure unsuitable for OPLS-AA force field: glide_dock_ligands_r05violated_3-0002_in.maegz
SKIP LIG      530 (CHEMBL3953094): STRUCTURE INCOMPATIBLE WITH FORCE FIELD
GLIDE WARNING: Will skip atomtyping, docking.
Glide: WARNING mmlewis warning: Wrong Lewis structure in structure input file
mmlewis warning: with title: CHEMBL3955534
mmlewis warning: Problems were identified with the following atoms:
mmlewis warning:  1 4 8 9 10 11 12 13 20 24 25 26 27 30 33 34 35 39 
mmlewis warning: Now attempting to fix the lewis structure.
Glide: FATAL mmlewis error: Problems remain with the following atoms:
mmlewis error:  1 10 12 13 20 30 35 39
run_mmlewis: Failed to generate a valid lewis structure.
GLIDE WARNING: Structure unsuitable for OPLS-AA force field: glide_dock_ligands_r05violated_3-0002_in.maegz
SKIP LIG      531 (CHEMBL3955534): STRUCTURE INCOMPATIBLE WITH FORCE FIELD
GLIDE WARNING: Will skip atomtyping, docking.
Glide: WARNING mmlewis warning: Wrong Lewis structure in structure input file
mmlewis warning: with title: CHEMBL3957746
mmlewis warning: Problems were identified with the following atoms:
mmlewis warning:  1 3 4 5 9 10 11 12 13 14 21 25 26 27 28 33 34 36 37 41 
mmlewis warning: Now attempting to fix the lewis structure.
Glide: FATAL mmlewis error: Problems remain with the following atoms:
mmlewis error:  1 3 11 13 14 21 41
run_mmlewis: Failed to generate a valid lewis structure.
GLIDE WARNING: Structure unsuitable for OPLS-AA force field: glide_dock_ligands_r05violated_3-0002_in.maegz
SKIP LIG      532 (CHEMBL3957746): STRUCTURE INCOMPATIBLE WITH FORCE FIELD
GLIDE WARNING: Will skip atomtyping, docking.
Glide: WARNING mmlewis warning: Wrong Lewis structure in structure input file
mmlewis warning: with title: CHEMBL3958670
mmlewis warning: Problems were identified with the following atoms:
mmlewis warning:  1 4 8 9 10 11 12 13 20 21 22 37 
mmlewis warning: Now attempting to fix the lewis structure.
Glide: FATAL mmlewis error: Problems remain with the following atoms:
mmlewis error:  1 10 12 13 22 32 37
run_mmlewis: Failed to generate a valid lewis structure.
GLIDE WARNING: Structure unsuitable for OPLS-AA force field: glide_dock_ligands_r05violated_3-0002_in.maegz
SKIP LIG      533 (CHEMBL3958670): STRUCTURE INCOMPATIBLE WITH FORCE FIELD
GLIDE WARNING: Will skip atomtyping, docking.
Glide: WARNING mmlewis warning: Wrong Lewis structure in structure input file
mmlewis warning: with title: CHEMBL3962719
mmlewis warning: Problems were identified with the following atoms:
mmlewis warning:  1 3 5 6 7 8 11 20 21 22 23 24 25 27 29 30 31 32 36 
mmlewis warning: Now attempting to fix the lewis structure.
Glide: FATAL mmlewis error: Problems remain with the following atoms:
mmlewis error:  1 3 11 22 24 25 27 33 36
run_mmlewis: Failed to generate a valid lewis structure.
GLIDE WARNING: Structure unsuitable for OPLS-AA force field: glide_dock_ligands_r05violated_3-0002_in.maegz
SKIP LIG      534 (CHEMBL3962719): STRUCTURE INCOMPATIBLE WITH FORCE FIELD
GLIDE WARNING: Will skip atomtyping, docking.
Glide: WARNING mmlewis warning: Wrong Lewis structure in structure input file
mmlewis warning: with title: CHEMBL3965610
mmlewis warning: Problems were identified with the following atoms:
mmlewis warning:  1 3 4 5 9 10 11 12 13 14 21 25 26 27 31 32 36 
mmlewis warning: Now attempting to fix the lewis structure.
Glide: FATAL mmlewis error: Problems remain with the following atoms:
mmlewis error:  1 3 11 13 14 21 27 32 36
run_mmlewis: Failed to generate a valid lewis structure.
GLIDE WARNING: Structure unsuitable for OPLS-AA force field: glide_dock_ligands_r05violated_3-0002_in.maegz
SKIP LIG      535 (CHEMBL3965610): STRUCTURE INCOMPATIBLE WITH FORCE FIELD
GLIDE WARNING: Will skip atomtyping, docking.
Glide: WARNING mmlewis warning: Wrong Lewis structure in structure input file
mmlewis warning: with title: CHEMBL3965981
mmlewis warning: Problems were identified with the following atoms:
mmlewis warning:  1 2 3 4 8 9 10 11 12 13 20 24 25 26 27 30 33 34 38 
mmlewis warning: Now attempting to fix the lewis structure.
Glide: FATAL mmlewis error: Problems remain with the following atoms:
mmlewis error:  1 10 12 13 20 30 34 38
run_mmlewis: Failed to generate a valid lewis structure.
GLIDE WARNING: Structure unsuitable for OPLS-AA force field: glide_dock_ligands_r05violated_3-0002_in.maegz
SKIP LIG      536 (CHEMBL3965981): STRUCTURE INCOMPATIBLE WITH FORCE FIELD
GLIDE WARNING: Will skip atomtyping, docking.
Glide: WARNING mmlewis warning: Wrong Lewis structure in structure input file
mmlewis warning: with title: CHEMBL3968249
mmlewis warning: Problems were identified with the following atoms:
mmlewis warning:  1 4 8 9 10 11 12 13 20 21 22 24 25 26 31 32 33 34 35 36 37 41 
mmlewis warning: Now attempting to fix the lewis structure.
Glide: FATAL mmlewis error: Problems remain with the following atoms:
mmlewis error:  1 10 12 13 22 35 41
run_mmlewis: Failed to generate a valid lewis structure.
GLIDE WARNING: Structure unsuitable for OPLS-AA force field: glide_dock_ligands_r05violated_3-0002_in.maegz
SKIP LIG      537 (CHEMBL3968249): STRUCTURE INCOMPATIBLE WITH FORCE FIELD
GLIDE WARNING: Will skip atomtyping, docking.
Glide: WARNING mmlewis warning: Wrong Lewis structure in structure input file
mmlewis warning: with title: CHEMBL3970322
mmlewis warning: Problems were identified with the following atoms:
mmlewis warning:  1 4 6 11 15 17 18 19 20 21 24 25 27 29 32 33 36 37 38 
mmlewis warning: Now attempting to fix the lewis structure.
Glide: FATAL mmlewis error: Problems remain with the following atoms:
mmlewis error:  1 4 6 15 21 24 25 29 34 37 38
run_mmlewis: Failed to generate a valid lewis structure.
GLIDE WARNING: Structure unsuitable for OPLS-AA force field: glide_dock_ligands_r05violated_3-0002_in.maegz
SKIP LIG      538 (CHEMBL3970322): STRUCTURE INCOMPATIBLE WITH FORCE FIELD
GLIDE WARNING: Will skip atomtyping, docking.
Glide: WARNING mmlewis warning: Wrong Lewis structure in structure input file
mmlewis warning: with title: CHEMBL3972227
mmlewis warning: Problems were identified with the following atoms:
mmlewis warning:  1 4 8 9 10 11 12 13 20 21 22 24 25 26 30 31 32 33 34 35 39 
mmlewis warning: Now attempting to fix the lewis structure.
Glide: FATAL mmlewis error: Problems remain with the following atoms:
mmlewis error:  1 10 12 13 22 33 39
run_mmlewis: Failed to generate a valid lewis structure.
GLIDE WARNING: Structure unsuitable for OPLS-AA force field: glide_dock_ligands_r05violated_3-0002_in.maegz
SKIP LIG      539 (CHEMBL3972227): STRUCTURE INCOMPATIBLE WITH FORCE FIELD
GLIDE WARNING: Will skip atomtyping, docking.
Glide: WARNING mmlewis warning: Wrong Lewis structure in structure input file
mmlewis warning: with title: CHEMBL3973741
mmlewis warning: Problems were identified with the following atoms:
mmlewis warning:  1 4 8 9 10 11 12 13 20 21 22 23 24 29 30 31 32 33 37 
mmlewis warning: Now attempting to fix the lewis structure.
Glide: FATAL mmlewis error: Problems remain with the following atoms:
mmlewis error:  1 10 12 13 30 31 32 37
run_mmlewis: Failed to generate a valid lewis structure.
GLIDE WARNING: Structure unsuitable for OPLS-AA force field: glide_dock_ligands_r05violated_3-0002_in.maegz
SKIP LIG      540 (CHEMBL3973741): STRUCTURE INCOMPATIBLE WITH FORCE FIELD
GLIDE WARNING: Will skip atomtyping, docking.
Glide: WARNING mmlewis warning: Wrong Lewis structure in structure input file
mmlewis warning: with title: CHEMBL3974068
mmlewis warning: Problems were identified with the following atoms:
mmlewis warning:  1 4 5 6 10 19 20 21 22 23 24 26 27 29 30 32 37 
mmlewis warning: Now attempting to fix the lewis structure.
Glide: FATAL mmlewis error: Problems remain with the following atoms:
mmlewis error:  1 6 10 21 23 24 29 30 32 37
run_mmlewis: Failed to generate a valid lewis structure.
GLIDE WARNING: Structure unsuitable for OPLS-AA force field: glide_dock_ligands_r05violated_3-0002_in.maegz
SKIP LIG      541 (CHEMBL3974068): STRUCTURE INCOMPATIBLE WITH FORCE FIELD
GLIDE WARNING: Will skip atomtyping, docking.
Glide: WARNING mmlewis warning: Wrong Lewis structure in structure input file
mmlewis warning: with title: CHEMBL3974699
mmlewis warning: Problems were identified with the following atoms:
mmlewis warning:  1 4 8 9 10 11 12 13 20 24 25 26 30 31 36 
mmlewis warning: Now attempting to fix the lewis structure.
Glide: FATAL mmlewis error: Problems remain with the following atoms:
mmlewis error:  1 10 12 13 20 26 36
run_mmlewis: Failed to generate a valid lewis structure.
GLIDE WARNING: Structure unsuitable for OPLS-AA force field: glide_dock_ligands_r05violated_3-0002_in.maegz
SKIP LIG      542 (CHEMBL3974699): STRUCTURE INCOMPATIBLE WITH FORCE FIELD
GLIDE WARNING: Will skip atomtyping, docking.
Glide: WARNING mmlewis warning: Wrong Lewis structure in structure input file
mmlewis warning: with title: CHEMBL3976778
mmlewis warning: Problems were identified with the following atoms:
mmlewis warning:  1 4 8 9 10 11 12 13 20 21 22 24 25 26 29 31 32 33 34 35 36 37 41 
mmlewis warning: Now attempting to fix the lewis structure.
Glide: FATAL mmlewis error: Problems remain with the following atoms:
mmlewis error:  1 10 12 13 22 35 41
run_mmlewis: Failed to generate a valid lewis structure.
GLIDE WARNING: Structure unsuitable for OPLS-AA force field: glide_dock_ligands_r05violated_3-0002_in.maegz
SKIP LIG      543 (CHEMBL3976778): STRUCTURE INCOMPATIBLE WITH FORCE FIELD
GLIDE WARNING: Will skip atomtyping, docking.
Glide: WARNING mmlewis warning: Wrong Lewis structure in structure input file
mmlewis warning: with title: CHEMBL3979508
mmlewis warning: Problems were identified with the following atoms:
mmlewis warning:  1 2 3 6 7 9 12 13 16 18 23 
mmlewis warning: Now attempting to fix the lewis structure.
Glide: FATAL mmlewis error: Problems remain with the following atoms:
mmlewis error:  1 3 9 14 18
run_mmlewis: Failed to generate a valid lewis structure.
GLIDE WARNING: Structure unsuitable for OPLS-AA force field: glide_dock_ligands_r05violated_3-0002_in.maegz
SKIP LIG      544 (CHEMBL3979508): STRUCTURE INCOMPATIBLE WITH FORCE FIELD
GLIDE WARNING: Will skip atomtyping, docking.
Glide: WARNING mmlewis warning: Wrong Lewis structure in structure input file
mmlewis warning: with title: CHEMBL3979864
mmlewis warning: Problems were identified with the following atoms:
mmlewis warning:  1 4 8 9 10 11 12 13 20 24 25 26 30 35 
mmlewis warning: Now attempting to fix the lewis structure.
Glide: FATAL mmlewis error: Problems remain with the following atoms:
mmlewis error:  1 10 12 13 20 26 30 35
run_mmlewis: Failed to generate a valid lewis structure.
GLIDE WARNING: Structure unsuitable for OPLS-AA force field: glide_dock_ligands_r05violated_3-0002_in.maegz
SKIP LIG      545 (CHEMBL3979864): STRUCTURE INCOMPATIBLE WITH FORCE FIELD
GLIDE WARNING: Will skip atomtyping, docking.
Glide: WARNING mmlewis warning: Wrong Lewis structure in structure input file
mmlewis warning: with title: CHEMBL3979866
mmlewis warning: Problems were identified with the following atoms:
mmlewis warning:  1 4 8 9 10 11 12 13 20 21 22 24 25 26 30 31 32 33 34 35 36 37 41 
mmlewis warning: Now attempting to fix the lewis structure.
Glide: FATAL mmlewis error: Problems remain with the following atoms:
mmlewis error:  1 10 12 13 22 35 41
run_mmlewis: Failed to generate a valid lewis structure.
GLIDE WARNING: Structure unsuitable for OPLS-AA force field: glide_dock_ligands_r05violated_3-0002_in.maegz
SKIP LIG      546 (CHEMBL3979866): STRUCTURE INCOMPATIBLE WITH FORCE FIELD
GLIDE WARNING: Will skip atomtyping, docking.
Glide: WARNING mmlewis warning: Wrong Lewis structure in structure input file
mmlewis warning: with title: CHEMBL3980269
mmlewis warning: Problems were identified with the following atoms:
mmlewis warning:  1 4 8 9 10 11 12 13 20 21 22 24 25 26 30 31 32 33 37 
mmlewis warning: Now attempting to fix the lewis structure.
Glide: FATAL mmlewis error: Problems remain with the following atoms:
mmlewis error:  1 10 12 13 22 31 37
run_mmlewis: Failed to generate a valid lewis structure.
GLIDE WARNING: Structure unsuitable for OPLS-AA force field: glide_dock_ligands_r05violated_3-0002_in.maegz
SKIP LIG      547 (CHEMBL3980269): STRUCTURE INCOMPATIBLE WITH FORCE FIELD
GLIDE WARNING: Will skip atomtyping, docking.
Glide: WARNING mmlewis warning: Wrong Lewis structure in structure input file
mmlewis warning: with title: CHEMBL3984849
mmlewis warning: Problems were identified with the following atoms:
mmlewis warning:  1 4 8 9 10 11 12 13 20 21 22 24 25 26 29 31 32 35 36 37 38 39 43 
mmlewis warning: Now attempting to fix the lewis structure.
Glide: FATAL mmlewis error: Problems remain with the following atoms:
mmlewis error:  1 10 12 13 22 35 37 43
run_mmlewis: Failed to generate a valid lewis structure.
GLIDE WARNING: Structure unsuitable for OPLS-AA force field: glide_dock_ligands_r05violated_3-0002_in.maegz
SKIP LIG      548 (CHEMBL3984849): STRUCTURE INCOMPATIBLE WITH FORCE FIELD
GLIDE WARNING: Will skip atomtyping, docking.
Glide: WARNING mmlewis warning: Wrong Lewis structure in structure input file
mmlewis warning: with title: CHEMBL3987141
mmlewis warning: Problems were identified with the following atoms:
mmlewis warning:  1 2 3 4 8 9 10 11 12 13 20 24 25 26 27 29 32 33 34 38 
mmlewis warning: Now attempting to fix the lewis structure.
Glide: FATAL mmlewis error: Problems remain with the following atoms:
mmlewis error:  1 10 12 13 20 33 34 38
run_mmlewis: Failed to generate a valid lewis structure.
GLIDE WARNING: Structure unsuitable for OPLS-AA force field: glide_dock_ligands_r05violated_3-0002_in.maegz
SKIP LIG      549 (CHEMBL3987141): STRUCTURE INCOMPATIBLE WITH FORCE FIELD
GLIDE WARNING: Will skip atomtyping, docking.
Glide: WARNING mmlewis warning: Wrong Lewis structure in structure input file
mmlewis warning: with title: CHEMBL4059789
mmlewis warning: Problems were identified with the following atoms:
mmlewis warning:  1 3 4 8 9 11 12 13 14 17 22 23 24 25 26 29 30 31 32 33 
mmlewis warning: Now attempting to fix the lewis structure.
Glide: FATAL mmlewis error: Problems remain with the following atoms:
mmlewis error:  1 9 13 14 17 22
Glide: FATAL mmlewis_apply(): Unable to handle mol 1
Glide: FATAL mmlewis_apply(): Error in handling of full CT
run_mmlewis: Failed to generate a valid lewis structure.
GLIDE WARNING: Structure unsuitable for OPLS-AA force field: glide_dock_ligands_r05violated_3-0002_in.maegz
SKIP LIG      550 (CHEMBL4059789): STRUCTURE INCOMPATIBLE WITH FORCE FIELD
GLIDE WARNING: Will skip atomtyping, docking.
Glide: WARNING mmlewis warning: Wrong Lewis structure in structure input file
mmlewis warning: with title: CHEMBL4059815
mmlewis warning: Problems were identified with the following atoms:
mmlewis warning:  1 3 4 8 10 12 13 17 18 19 21 24 25 26 27 29 30 31 32 
mmlewis warning: Now attempting to fix the lewis structure.
Glide: FATAL mmlewis error: Problems remain with the following atoms:
mmlewis error:  1 8 10 21 26 27 30
Glide: FATAL mmlewis_apply(): Unable to handle mol 1
Glide: FATAL mmlewis_apply(): Error in handling of full CT
run_mmlewis: Failed to generate a valid lewis structure.
GLIDE WARNING: Structure unsuitable for OPLS-AA force field: glide_dock_ligands_r05violated_3-0002_in.maegz
SKIP LIG      551 (CHEMBL4059815): STRUCTURE INCOMPATIBLE WITH FORCE FIELD
GLIDE WARNING: Will skip atomtyping, docking.
Glide: WARNING mmlewis warning: Wrong Lewis structure in structure input file
mmlewis warning: with title: CHEMBL4062977
mmlewis warning: Problems were identified with the following atoms:
mmlewis warning:  2 3 4 8 9 10 11 12 13 19 20 21 22 25 26 28 33 
mmlewis warning: Now attempting to fix the lewis structure.
Glide: FATAL mmlewis error: Problems remain with the following atoms:
mmlewis error:  2 4 25 26 28
Glide: FATAL mmlewis_apply(): Unable to handle mol 2
Glide: FATAL mmlewis_apply(): Error in handling of full CT
run_mmlewis: Failed to generate a valid lewis structure.
GLIDE WARNING: Structure unsuitable for OPLS-AA force field: glide_dock_ligands_r05violated_3-0002_in.maegz
SKIP LIG      552 (CHEMBL4062977): STRUCTURE INCOMPATIBLE WITH FORCE FIELD
GLIDE WARNING: Will skip atomtyping, docking.
Glide: WARNING mmlewis warning: Wrong Lewis structure in structure input file
mmlewis warning: with title: CHEMBL4067185
mmlewis warning: Problems were identified with the following atoms:
mmlewis warning:  1 2 3 4 5 6 8 9 10 11 12 15 19 20 21 24 25 26 27 29 34 37 38 41 
mmlewis warning: Now attempting to fix the lewis structure.
Glide: FATAL mmlewis error: Problems remain with the following atoms:
mmlewis error:  1 12 19 24 26 27 29 37
run_mmlewis: Failed to generate a valid lewis structure.
GLIDE WARNING: Structure unsuitable for OPLS-AA force field: glide_dock_ligands_r05violated_3-0002_in.maegz
SKIP LIG      553 (CHEMBL4067185): STRUCTURE INCOMPATIBLE WITH FORCE FIELD
GLIDE WARNING: Will skip atomtyping, docking.
Glide: WARNING mmlewis warning: Wrong Lewis structure in structure input file
mmlewis warning: with title: CHEMBL4068446
mmlewis warning: Problems were identified with the following atoms:
mmlewis warning:  1 3 4 8 9 11 12 13 14 17 18 25 26 28 30 31 
mmlewis warning: Now attempting to fix the lewis structure.
Glide: FATAL mmlewis error: Problems remain with the following atoms:
mmlewis error:  1 9 13 14 26
Glide: FATAL mmlewis_apply(): Unable to handle mol 1
Glide: FATAL mmlewis_apply(): Error in handling of full CT
run_mmlewis: Failed to generate a valid lewis structure.
GLIDE WARNING: Structure unsuitable for OPLS-AA force field: glide_dock_ligands_r05violated_3-0002_in.maegz
SKIP LIG      554 (CHEMBL4068446): STRUCTURE INCOMPATIBLE WITH FORCE FIELD
GLIDE WARNING: Will skip atomtyping, docking.
Glide: WARNING mmlewis warning: Wrong Lewis structure in structure input file
mmlewis warning: with title: CHEMBL4071607
mmlewis warning: Problems were identified with the following atoms:
mmlewis warning:  1 10 11 12 16 17 18 19 21 26 29 30 31 32 33 
mmlewis warning: Now attempting to fix the lewis structure.
Glide: FATAL mmlewis error: Problems remain with the following atoms:
mmlewis error:  1 18 19 21 29 33
Glide: FATAL mmlewis_apply(): Unable to handle mol 1
Glide: FATAL mmlewis_apply(): Error in handling of full CT
run_mmlewis: Failed to generate a valid lewis structure.
GLIDE WARNING: Structure unsuitable for OPLS-AA force field: glide_dock_ligands_r05violated_3-0002_in.maegz
SKIP LIG      555 (CHEMBL4071607): STRUCTURE INCOMPATIBLE WITH FORCE FIELD
GLIDE WARNING: Will skip atomtyping, docking.
Glide: WARNING mmlewis warning: Wrong Lewis structure in structure input file
mmlewis warning: with title: CHEMBL4071958
mmlewis warning: Problems were identified with the following atoms:
mmlewis warning:  1 3 4 8 9 11 12 13 14 17 18 21 22 23 26 27 29 30 
mmlewis warning: Now attempting to fix the lewis structure.
Glide: FATAL mmlewis error: Problems remain with the following atoms:
mmlewis error:  1 9 13 14 23
Glide: FATAL mmlewis_apply(): Unable to handle mol 1
Glide: FATAL mmlewis_apply(): Error in handling of full CT
run_mmlewis: Failed to generate a valid lewis structure.
GLIDE WARNING: Structure unsuitable for OPLS-AA force field: glide_dock_ligands_r05violated_3-0002_in.maegz
SKIP LIG      556 (CHEMBL4071958): STRUCTURE INCOMPATIBLE WITH FORCE FIELD
GLIDE WARNING: Will skip atomtyping, docking.
Glide: WARNING mmlewis warning: Wrong Lewis structure in structure input file
mmlewis warning: with title: CHEMBL4072218
mmlewis warning: Problems were identified with the following atoms:
mmlewis warning:  1 2 3 4 8 9 12 16 17 18 19 20 22 23 
mmlewis warning: Now attempting to fix the lewis structure.
Glide: FATAL mmlewis error: Problems remain with the following atoms:
mmlewis error:  1 3 4 14 20 23
run_mmlewis: Failed to generate a valid lewis structure.
GLIDE WARNING: Structure unsuitable for OPLS-AA force field: glide_dock_ligands_r05violated_3-0002_in.maegz
SKIP LIG      557 (CHEMBL4072218): STRUCTURE INCOMPATIBLE WITH FORCE FIELD
GLIDE WARNING: Will skip atomtyping, docking.
Glide: WARNING mmlewis warning: Wrong Lewis structure in structure input file
mmlewis warning: with title: CHEMBL4075351
mmlewis warning: Problems were identified with the following atoms:
mmlewis warning:  1 3 4 8 9 11 12 13 14 17 18 21 22 25 26 28 29 
mmlewis warning: Now attempting to fix the lewis structure.
Glide: FATAL mmlewis error: Problems remain with the following atoms:
mmlewis error:  1 9 13 14
Glide: FATAL mmlewis_apply(): Unable to handle mol 1
Glide: FATAL mmlewis_apply(): Error in handling of full CT
run_mmlewis: Failed to generate a valid lewis structure.
GLIDE WARNING: Structure unsuitable for OPLS-AA force field: glide_dock_ligands_r05violated_3-0002_in.maegz
SKIP LIG      558 (CHEMBL4075351): STRUCTURE INCOMPATIBLE WITH FORCE FIELD
GLIDE WARNING: Will skip atomtyping, docking.
Glide: WARNING mmlewis warning: Wrong Lewis structure in structure input file
mmlewis warning: with title: CHEMBL4077174
mmlewis warning: Problems were identified with the following atoms:
mmlewis warning:  2 3 4 8 9 10 11 12 13 18 20 21 22 23 24 26 27 29 34 
mmlewis warning: Now attempting to fix the lewis structure.
Glide: FATAL mmlewis error: Problems remain with the following atoms:
mmlewis error:  2 4 18 24 26 27 29
Glide: FATAL mmlewis_apply(): Unable to handle mol 2
Glide: FATAL mmlewis_apply(): Error in handling of full CT
run_mmlewis: Failed to generate a valid lewis structure.
GLIDE WARNING: Structure unsuitable for OPLS-AA force field: glide_dock_ligands_r05violated_3-0002_in.maegz
SKIP LIG      559 (CHEMBL4077174): STRUCTURE INCOMPATIBLE WITH FORCE FIELD
GLIDE WARNING: Will skip atomtyping, docking.
Glide: WARNING mmlewis warning: Wrong Lewis structure in structure input file
mmlewis warning: with title: CHEMBL4078049
mmlewis warning: Problems were identified with the following atoms:
mmlewis warning:  1 3 4 8 9 11 12 13 14 17 18 21 22 23 24 25 28 29 31 32 
mmlewis warning: Now attempting to fix the lewis structure.
Glide: FATAL mmlewis error: Problems remain with the following atoms:
mmlewis error:  1 9 13 14 25
Glide: FATAL mmlewis_apply(): Unable to handle mol 1
Glide: FATAL mmlewis_apply(): Error in handling of full CT
run_mmlewis: Failed to generate a valid lewis structure.
GLIDE WARNING: Structure unsuitable for OPLS-AA force field: glide_dock_ligands_r05violated_3-0002_in.maegz
SKIP LIG      560 (CHEMBL4078049): STRUCTURE INCOMPATIBLE WITH FORCE FIELD
GLIDE WARNING: Will skip atomtyping, docking.
Glide: WARNING mmlewis warning: Wrong Lewis structure in structure input file
mmlewis warning: with title: CHEMBL4078112
mmlewis warning: Problems were identified with the following atoms:
mmlewis warning:  1 2 3 4 5 6 7 8 10 11 12 13 14 17 21 22 23 26 27 28 29 31 36 39 40 43 
mmlewis warning: Now attempting to fix the lewis structure.
Glide: FATAL mmlewis error: Problems remain with the following atoms:
mmlewis error:  1 3 14 21 26 28 29 31 39
run_mmlewis: Failed to generate a valid lewis structure.
GLIDE WARNING: Structure unsuitable for OPLS-AA force field: glide_dock_ligands_r05violated_3-0002_in.maegz
SKIP LIG      561 (CHEMBL4078112): STRUCTURE INCOMPATIBLE WITH FORCE FIELD
GLIDE WARNING: Will skip atomtyping, docking.
Glide: WARNING mmlewis warning: Wrong Lewis structure in structure input file
mmlewis warning: with title: CHEMBL4081713
mmlewis warning: Problems were identified with the following atoms:
mmlewis warning:  1 3 4 8 9 11 12 13 14 17 22 24 25 26 27 31 32 33 
mmlewis warning: Now attempting to fix the lewis structure.
Glide: FATAL mmlewis error: Problems remain with the following atoms:
mmlewis error:  1 9 13 14 17 22 28
Glide: FATAL mmlewis_apply(): Unable to handle mol 1
Glide: FATAL mmlewis_apply(): Error in handling of full CT
run_mmlewis: Failed to generate a valid lewis structure.
GLIDE WARNING: Structure unsuitable for OPLS-AA force field: glide_dock_ligands_r05violated_3-0002_in.maegz
SKIP LIG      562 (CHEMBL4081713): STRUCTURE INCOMPATIBLE WITH FORCE FIELD
GLIDE WARNING: Will skip atomtyping, docking.
Glide: WARNING mmlewis warning: Wrong Lewis structure in structure input file
mmlewis warning: with title: CHEMBL4082445
mmlewis warning: Problems were identified with the following atoms:
mmlewis warning:  1 3 4 8 9 11 12 13 14 17 18 21 24 25 27 28 
mmlewis warning: Now attempting to fix the lewis structure.
Glide: FATAL mmlewis error: Problems remain with the following atoms:
mmlewis error:  1 9 13 14 21
Glide: FATAL mmlewis_apply(): Unable to handle mol 1
Glide: FATAL mmlewis_apply(): Error in handling of full CT
run_mmlewis: Failed to generate a valid lewis structure.
GLIDE WARNING: Structure unsuitable for OPLS-AA force field: glide_dock_ligands_r05violated_3-0002_in.maegz
SKIP LIG      563 (CHEMBL4082445): STRUCTURE INCOMPATIBLE WITH FORCE FIELD
GLIDE WARNING: Will skip atomtyping, docking.
Glide: WARNING mmlewis warning: Wrong Lewis structure in structure input file
mmlewis warning: with title: CHEMBL4082680
mmlewis warning: Problems were identified with the following atoms:
mmlewis warning:  1 3 4 8 9 11 12 13 14 17 22 24 25 26 30 31 32 33 
mmlewis warning: Now attempting to fix the lewis structure.
Glide: FATAL mmlewis error: Problems remain with the following atoms:
mmlewis error:  1 9 13 14 17 22 26 31
Glide: FATAL mmlewis_apply(): Unable to handle mol 1
Glide: FATAL mmlewis_apply(): Error in handling of full CT
run_mmlewis: Failed to generate a valid lewis structure.
GLIDE WARNING: Structure unsuitable for OPLS-AA force field: glide_dock_ligands_r05violated_3-0002_in.maegz
SKIP LIG      564 (CHEMBL4082680): STRUCTURE INCOMPATIBLE WITH FORCE FIELD
GLIDE WARNING: Will skip atomtyping, docking.
Glide: WARNING mmlewis warning: Wrong Lewis structure in structure input file
mmlewis warning: with title: CHEMBL4085490
mmlewis warning: Problems were identified with the following atoms:
mmlewis warning:  1 3 4 8 9 11 12 13 14 17 18 21 22 26 28 30 31 
mmlewis warning: Now attempting to fix the lewis structure.
Glide: FATAL mmlewis error: Problems remain with the following atoms:
mmlewis error:  1 9 13 14 28
Glide: FATAL mmlewis_apply(): Unable to handle mol 1
Glide: FATAL mmlewis_apply(): Error in handling of full CT
run_mmlewis: Failed to generate a valid lewis structure.
GLIDE WARNING: Structure unsuitable for OPLS-AA force field: glide_dock_ligands_r05violated_3-0002_in.maegz
SKIP LIG      565 (CHEMBL4085490): STRUCTURE INCOMPATIBLE WITH FORCE FIELD
GLIDE WARNING: Will skip atomtyping, docking.
Glide: WARNING mmlewis warning: Wrong Lewis structure in structure input file
mmlewis warning: with title: CHEMBL4086264
mmlewis warning: Problems were identified with the following atoms:
mmlewis warning:  1 2 3 4 5 6 7 9 10 11 12 13 16 20 21 22 25 26 27 28 30 35 38 39 42 
mmlewis warning: Now attempting to fix the lewis structure.
Glide: FATAL mmlewis error: Problems remain with the following atoms:
mmlewis error:  1 13 20 25 27 28 30 38
run_mmlewis: Failed to generate a valid lewis structure.
GLIDE WARNING: Structure unsuitable for OPLS-AA force field: glide_dock_ligands_r05violated_3-0002_in.maegz
SKIP LIG      566 (CHEMBL4086264): STRUCTURE INCOMPATIBLE WITH FORCE FIELD
GLIDE WARNING: Will skip atomtyping, docking.
Glide: WARNING mmlewis warning: Wrong Lewis structure in structure input file
mmlewis warning: with title: CHEMBL4089615
mmlewis warning: Problems were identified with the following atoms:
mmlewis warning:  1 3 4 8 9 14 16 19 22 23 24 25 27 28 29 30 
mmlewis warning: Now attempting to fix the lewis structure.
Glide: FATAL mmlewis error: Problems remain with the following atoms:
mmlewis error:  1 14 16 19 22 24 25 28
Glide: FATAL mmlewis_apply(): Unable to handle mol 1
Glide: FATAL mmlewis_apply(): Error in handling of full CT
run_mmlewis: Failed to generate a valid lewis structure.
GLIDE WARNING: Structure unsuitable for OPLS-AA force field: glide_dock_ligands_r05violated_3-0002_in.maegz
SKIP LIG      567 (CHEMBL4089615): STRUCTURE INCOMPATIBLE WITH FORCE FIELD
GLIDE WARNING: Will skip atomtyping, docking.
Glide: WARNING mmlewis warning: Wrong Lewis structure in structure input file
mmlewis warning: with title: CHEMBL4090635
mmlewis warning: Problems were identified with the following atoms:
mmlewis warning:  1 2 3 4 5 6 7 8 9 11 12 13 14 15 18 22 23 24 27 28 29 30 32 37 40 41 44 
mmlewis warning: Now attempting to fix the lewis structure.
Glide: FATAL mmlewis error: Problems remain with the following atoms:
mmlewis error:  1 15 22 27 29 30 32 40
run_mmlewis: Failed to generate a valid lewis structure.
GLIDE WARNING: Structure unsuitable for OPLS-AA force field: glide_dock_ligands_r05violated_3-0002_in.maegz
SKIP LIG      568 (CHEMBL4090635): STRUCTURE INCOMPATIBLE WITH FORCE FIELD
GLIDE WARNING: Will skip atomtyping, docking.
Glide: WARNING mmlewis warning: Wrong Lewis structure in structure input file
mmlewis warning: with title: CHEMBL4090906
mmlewis warning: Problems were identified with the following atoms:
mmlewis warning:  2 3 4 8 9 10 11 12 13 19 21 22 25 26 28 33 
mmlewis warning: Now attempting to fix the lewis structure.
Glide: FATAL mmlewis error: Problems remain with the following atoms:
mmlewis error:  2 4 19 25 26 28
Glide: FATAL mmlewis_apply(): Unable to handle mol 2
Glide: FATAL mmlewis_apply(): Error in handling of full CT
run_mmlewis: Failed to generate a valid lewis structure.
GLIDE WARNING: Structure unsuitable for OPLS-AA force field: glide_dock_ligands_r05violated_3-0002_in.maegz
SKIP LIG      569 (CHEMBL4090906): STRUCTURE INCOMPATIBLE WITH FORCE FIELD
GLIDE WARNING: Will skip atomtyping, docking.
Glide: WARNING mmlewis warning: Wrong Lewis structure in structure input file
mmlewis warning: with title: CHEMBL4093298
mmlewis warning: Problems were identified with the following atoms:
mmlewis warning:  1 2 5 6 7 14 15 16 20 21 22 23 25 30 33 34 35 36 
mmlewis warning: Now attempting to fix the lewis structure.
Glide: FATAL mmlewis error: Problems remain with the following atoms:
mmlewis error:  1 7 22 23 25 33
Glide: FATAL mmlewis_apply(): Unable to handle mol 1
Glide: FATAL mmlewis_apply(): Error in handling of full CT
run_mmlewis: Failed to generate a valid lewis structure.
GLIDE WARNING: Structure unsuitable for OPLS-AA force field: glide_dock_ligands_r05violated_3-0002_in.maegz
SKIP LIG      570 (CHEMBL4093298): STRUCTURE INCOMPATIBLE WITH FORCE FIELD
GLIDE WARNING: Will skip atomtyping, docking.
Glide: WARNING mmlewis warning: Wrong Lewis structure in structure input file
mmlewis warning: with title: CHEMBL4096274
mmlewis warning: Problems were identified with the following atoms:
mmlewis warning:  1 5 9 12 13 14 15 17 18 21 22 24 25 26 
mmlewis warning: Now attempting to fix the lewis structure.
Glide: FATAL mmlewis error: Problems remain with the following atoms:
mmlewis error:  1 5 9 14 15 18 24
Glide: FATAL mmlewis_apply(): Unable to handle mol 1
Glide: FATAL mmlewis_apply(): Error in handling of full CT
run_mmlewis: Failed to generate a valid lewis structure.
GLIDE WARNING: Structure unsuitable for OPLS-AA force field: glide_dock_ligands_r05violated_3-0002_in.maegz
SKIP LIG      571 (CHEMBL4096274): STRUCTURE INCOMPATIBLE WITH FORCE FIELD
GLIDE WARNING: Will skip atomtyping, docking.
Glide: WARNING mmlewis warning: Wrong Lewis structure in structure input file
mmlewis warning: with title: CHEMBL4097306
mmlewis warning: Problems were identified with the following atoms:
mmlewis warning:  1 3 4 8 9 15 16 19 22 23 24 25 27 28 29 30 
mmlewis warning: Now attempting to fix the lewis structure.
Glide: FATAL mmlewis error: Problems remain with the following atoms:
mmlewis error:  1 16 19 24 25 28
Glide: FATAL mmlewis_apply(): Unable to handle mol 1
Glide: FATAL mmlewis_apply(): Error in handling of full CT
run_mmlewis: Failed to generate a valid lewis structure.
GLIDE WARNING: Structure unsuitable for OPLS-AA force field: glide_dock_ligands_r05violated_3-0002_in.maegz
SKIP LIG      572 (CHEMBL4097306): STRUCTURE INCOMPATIBLE WITH FORCE FIELD
GLIDE WARNING: Will skip atomtyping, docking.
Glide: WARNING mmlewis warning: Wrong Lewis structure in structure input file
mmlewis warning: with title: CHEMBL4098218
mmlewis warning: Problems were identified with the following atoms:
mmlewis warning:  1 3 4 8 9 15 16 19 22 23 24 25 27 28 29 30 
mmlewis warning: Now attempting to fix the lewis structure.
Glide: FATAL mmlewis error: Problems remain with the following atoms:
mmlewis error:  1 16 19 24 25 28
Glide: FATAL mmlewis_apply(): Unable to handle mol 1
Glide: FATAL mmlewis_apply(): Error in handling of full CT
run_mmlewis: Failed to generate a valid lewis structure.
GLIDE WARNING: Structure unsuitable for OPLS-AA force field: glide_dock_ligands_r05violated_3-0002_in.maegz
SKIP LIG      573 (CHEMBL4098218): STRUCTURE INCOMPATIBLE WITH FORCE FIELD
GLIDE WARNING: Will skip atomtyping, docking.
Glide: WARNING mmlewis warning: Wrong Lewis structure in structure input file
mmlewis warning: with title: CHEMBL4098936
mmlewis warning: Problems were identified with the following atoms:
mmlewis warning:  1 3 4 8 9 11 12 13 14 17 18 21 22 23 24 27 28 30 31 
mmlewis warning: Now attempting to fix the lewis structure.
Glide: FATAL mmlewis error: Problems remain with the following atoms:
mmlewis error:  1 9 13 14
Glide: FATAL mmlewis_apply(): Unable to handle mol 1
Glide: FATAL mmlewis_apply(): Error in handling of full CT
run_mmlewis: Failed to generate a valid lewis structure.
GLIDE WARNING: Structure unsuitable for OPLS-AA force field: glide_dock_ligands_r05violated_3-0002_in.maegz
SKIP LIG      574 (CHEMBL4098936): STRUCTURE INCOMPATIBLE WITH FORCE FIELD
GLIDE WARNING: Will skip atomtyping, docking.
Glide: WARNING mmlewis warning: Wrong Lewis structure in structure input file
mmlewis warning: with title: CHEMBL4100667
mmlewis warning: Problems were identified with the following atoms:
mmlewis warning:  1 3 4 8 9 11 12 13 14 17 22 24 25 29 30 31 32 33 
mmlewis warning: Now attempting to fix the lewis structure.
Glide: FATAL mmlewis error: Problems remain with the following atoms:
mmlewis error:  1 9 13 14 17 22
Glide: FATAL mmlewis_apply(): Unable to handle mol 1
Glide: FATAL mmlewis_apply(): Error in handling of full CT
run_mmlewis: Failed to generate a valid lewis structure.
GLIDE WARNING: Structure unsuitable for OPLS-AA force field: glide_dock_ligands_r05violated_3-0002_in.maegz
SKIP LIG      575 (CHEMBL4100667): STRUCTURE INCOMPATIBLE WITH FORCE FIELD
GLIDE WARNING: Will skip atomtyping, docking.
Glide: WARNING mmlewis warning: Wrong Lewis structure in structure input file
mmlewis warning: with title: CHEMBL4106669
mmlewis warning: Problems were identified with the following atoms:
mmlewis warning:  1 3 4 11 14 18 20 21 23 25 28 29 32 33 34 35 36 37 
mmlewis warning: Now attempting to fix the lewis structure.
Glide: FATAL mmlewis error: Problems remain with the following atoms:
mmlewis error:  1 11 14 18 21 25 30 33 34 35
run_mmlewis: Failed to generate a valid lewis structure.
GLIDE WARNING: Structure unsuitable for OPLS-AA force field: glide_dock_ligands_r05violated_3-0002_in.maegz
SKIP LIG      576 (CHEMBL4106669): STRUCTURE INCOMPATIBLE WITH FORCE FIELD
GLIDE WARNING: Will skip atomtyping, docking.
Glide: WARNING mmlewis warning: Wrong Lewis structure in structure input file
mmlewis warning: with title: CHEMBL4161474
mmlewis warning: Problems were identified with the following atoms:
mmlewis warning:  4 5 8 10 14 15 16 17 18 19 26 
mmlewis warning: Now attempting to fix the lewis structure.
Glide: FATAL mmlewis error: Problems remain with the following atoms:
mmlewis error:  8 10 16 18 19
run_mmlewis: Failed to generate a valid lewis structure.
GLIDE WARNING: Structure unsuitable for OPLS-AA force field: glide_dock_ligands_r05violated_3-0002_in.maegz
SKIP LIG      577 (CHEMBL4161474): STRUCTURE INCOMPATIBLE WITH FORCE FIELD
GLIDE WARNING: Will skip atomtyping, docking.
Glide: WARNING mmlewis warning: Wrong Lewis structure in structure input file
mmlewis warning: with title: CHEMBL4161924
mmlewis warning: Problems were identified with the following atoms:
mmlewis warning:  1 6 7 8 9 12 13 18 20 23 24 30 31 32 33 34 35 
mmlewis warning: Now attempting to fix the lewis structure.
Glide: FATAL mmlewis error: Problems remain with the following atoms:
mmlewis error:  1 18 20 27 32 34 35
run_mmlewis: Failed to generate a valid lewis structure.
GLIDE WARNING: Structure unsuitable for OPLS-AA force field: glide_dock_ligands_r05violated_3-0002_in.maegz
SKIP LIG      578 (CHEMBL4161924): STRUCTURE INCOMPATIBLE WITH FORCE FIELD
GLIDE WARNING: Will skip atomtyping, docking.
Glide: WARNING mmlewis warning: Wrong Lewis structure in structure input file
mmlewis warning: with title: CHEMBL4162971
mmlewis warning: Problems were identified with the following atoms:
mmlewis warning:  1 6 7 10 11 16 18 21 22 28 29 30 31 32 33 38 
mmlewis warning: Now attempting to fix the lewis structure.
Glide: FATAL mmlewis error: Problems remain with the following atoms:
mmlewis error:  1 8 16 18 25 30 32 33
run_mmlewis: Failed to generate a valid lewis structure.
GLIDE WARNING: Structure unsuitable for OPLS-AA force field: glide_dock_ligands_r05violated_3-0002_in.maegz
SKIP LIG      579 (CHEMBL4162971): STRUCTURE INCOMPATIBLE WITH FORCE FIELD
GLIDE WARNING: Will skip atomtyping, docking.
Glide: WARNING mmlewis warning: Wrong Lewis structure in structure input file
mmlewis warning: with title: CHEMBL4165359
mmlewis warning: Problems were identified with the following atoms:
mmlewis warning:  1 2 3 8 9 12 13 18 20 23 24 30 31 32 33 34 35 38 39 
mmlewis warning: Now attempting to fix the lewis structure.
Glide: FATAL mmlewis error: Problems remain with the following atoms:
mmlewis error:  1 3 12 18 20 27 32 34 35
run_mmlewis: Failed to generate a valid lewis structure.
GLIDE WARNING: Structure unsuitable for OPLS-AA force field: glide_dock_ligands_r05violated_3-0002_in.maegz
SKIP LIG      580 (CHEMBL4165359): STRUCTURE INCOMPATIBLE WITH FORCE FIELD
GLIDE WARNING: Will skip atomtyping, docking.
Glide: WARNING mmlewis warning: Wrong Lewis structure in structure input file
mmlewis warning: with title: CHEMBL4169845
mmlewis warning: Problems were identified with the following atoms:
mmlewis warning:  1 6 7 8 11 12 17 19 22 23 29 30 31 32 33 34 37 
mmlewis warning: Now attempting to fix the lewis structure.
Glide: FATAL mmlewis error: Problems remain with the following atoms:
mmlewis error:  1 8 17 19 26 31 33 34 37
run_mmlewis: Failed to generate a valid lewis structure.
GLIDE WARNING: Structure unsuitable for OPLS-AA force field: glide_dock_ligands_r05violated_3-0002_in.maegz
SKIP LIG      581 (CHEMBL4169845): STRUCTURE INCOMPATIBLE WITH FORCE FIELD
GLIDE WARNING: Will skip atomtyping, docking.
Glide: WARNING mmlewis warning: Wrong Lewis structure in structure input file
mmlewis warning: with title: CHEMBL4173272
mmlewis warning: Problems were identified with the following atoms:
mmlewis warning:  4 5 8 10 14 15 16 17 18 19 24 25 28 31 32 33 34 
mmlewis warning: Now attempting to fix the lewis structure.
Glide: FATAL mmlewis error: Problems remain with the following atoms:
mmlewis error:  10 16 18 19 28 33
run_mmlewis: Failed to generate a valid lewis structure.
GLIDE WARNING: Structure unsuitable for OPLS-AA force field: glide_dock_ligands_r05violated_3-0002_in.maegz
SKIP LIG      582 (CHEMBL4173272): STRUCTURE INCOMPATIBLE WITH FORCE FIELD
GLIDE WARNING: Will skip atomtyping, docking.
Glide: WARNING mmlewis warning: Wrong Lewis structure in structure input file
mmlewis warning: with title: CHEMBL4173673
mmlewis warning: Problems were identified with the following atoms:
mmlewis warning:  1 6 7 10 11 16 18 21 22 28 29 30 31 32 33 36 
mmlewis warning: Now attempting to fix the lewis structure.
Glide: FATAL mmlewis error: Problems remain with the following atoms:
mmlewis error:  1 5 16 18 25 30 32 33
run_mmlewis: Failed to generate a valid lewis structure.
GLIDE WARNING: Structure unsuitable for OPLS-AA force field: glide_dock_ligands_r05violated_3-0002_in.maegz
SKIP LIG      583 (CHEMBL4173673): STRUCTURE INCOMPATIBLE WITH FORCE FIELD
GLIDE WARNING: Will skip atomtyping, docking.
Glide: WARNING mmlewis warning: Wrong Lewis structure in structure input file
mmlewis warning: with title: CHEMBL4175111
mmlewis warning: Problems were identified with the following atoms:
mmlewis warning:  1 6 7 10 11 16 18 21 22 28 29 30 31 32 33 36 37 
mmlewis warning: Now attempting to fix the lewis structure.
Glide: FATAL mmlewis error: Problems remain with the following atoms:
mmlewis error:  1 16 18 25 30 32 33
run_mmlewis: Failed to generate a valid lewis structure.
GLIDE WARNING: Structure unsuitable for OPLS-AA force field: glide_dock_ligands_r05violated_3-0002_in.maegz
SKIP LIG      584 (CHEMBL4175111): STRUCTURE INCOMPATIBLE WITH FORCE FIELD
GLIDE WARNING: Will skip atomtyping, docking.
Glide: WARNING mmlewis warning: Wrong Lewis structure in structure input file
mmlewis warning: with title: CHEMBL4238698
mmlewis warning: Problems were identified with the following atoms:
mmlewis warning:  1 3 6 7 9 12 13 18 19 20 21 22 27 28 29 34 
mmlewis warning: Now attempting to fix the lewis structure.
Glide: FATAL mmlewis error: Problems remain with the following atoms:
mmlewis error:  1 3 9 22 29 34
run_mmlewis: Failed to generate a valid lewis structure.
GLIDE WARNING: Structure unsuitable for OPLS-AA force field: glide_dock_ligands_r05violated_3-0002_in.maegz
SKIP LIG      585 (CHEMBL4238698): STRUCTURE INCOMPATIBLE WITH FORCE FIELD
GLIDE WARNING: Will skip atomtyping, docking.
Glide: WARNING mmlewis warning: Wrong Lewis structure in structure input file
mmlewis warning: with title: CHEMBL4239107
mmlewis warning: Problems were identified with the following atoms:
mmlewis warning:  5 6 7 14 15 16 17 18 21 22 25 27 28 31 32 34 
mmlewis warning: Now attempting to fix the lewis structure.
Glide: FATAL mmlewis error: Problems remain with the following atoms:
mmlewis error:  7 18 34
run_mmlewis: Failed to generate a valid lewis structure.
GLIDE WARNING: Structure unsuitable for OPLS-AA force field: glide_dock_ligands_r05violated_3-0002_in.maegz
SKIP LIG      586 (CHEMBL4239107): STRUCTURE INCOMPATIBLE WITH FORCE FIELD
GLIDE WARNING: Will skip atomtyping, docking.
Glide: WARNING mmlewis warning: Wrong Lewis structure in structure input file
mmlewis warning: with title: CHEMBL4242416
mmlewis warning: Problems were identified with the following atoms:
mmlewis warning:  1 4 8 9 10 11 12 13 14 18 20 22 23 27 
mmlewis warning: Now attempting to fix the lewis structure.
Glide: FATAL mmlewis error: Problems remain with the following atoms:
mmlewis error:  1 10 12 13 14 18 20 27
run_mmlewis: Failed to generate a valid lewis structure.
GLIDE WARNING: Structure unsuitable for OPLS-AA force field: glide_dock_ligands_r05violated_3-0002_in.maegz
SKIP LIG      587 (CHEMBL4242416): STRUCTURE INCOMPATIBLE WITH FORCE FIELD
GLIDE WARNING: Will skip atomtyping, docking.
Glide: WARNING mmlewis warning: Wrong Lewis structure in structure input file
mmlewis warning: with title: CHEMBL4242883
mmlewis warning: Problems were identified with the following atoms:
mmlewis warning:  1 4 5 12 13 14 15 16 19 20 23 25 26 29 30 32 33 
mmlewis warning: Now attempting to fix the lewis structure.
Glide: FATAL mmlewis error: Problems remain with the following atoms:
mmlewis error:  1 16
run_mmlewis: Failed to generate a valid lewis structure.
GLIDE WARNING: Structure unsuitable for OPLS-AA force field: glide_dock_ligands_r05violated_3-0002_in.maegz
SKIP LIG      588 (CHEMBL4242883): STRUCTURE INCOMPATIBLE WITH FORCE FIELD
GLIDE WARNING: Will skip atomtyping, docking.
Glide: WARNING mmlewis warning: Wrong Lewis structure in structure input file
mmlewis warning: with title: CHEMBL4249193
mmlewis warning: Problems were identified with the following atoms:
mmlewis warning:  5 6 7 14 15 16 17 18 21 22 23 24 26 27 30 31 33 
mmlewis warning: Now attempting to fix the lewis structure.
Glide: FATAL mmlewis error: Problems remain with the following atoms:
mmlewis error:  7 18 33
run_mmlewis: Failed to generate a valid lewis structure.
GLIDE WARNING: Structure unsuitable for OPLS-AA force field: glide_dock_ligands_r05violated_3-0002_in.maegz
SKIP LIG      589 (CHEMBL4249193): STRUCTURE INCOMPATIBLE WITH FORCE FIELD
GLIDE WARNING: Will skip atomtyping, docking.
Glide: WARNING mmlewis warning: Wrong Lewis structure in structure input file
mmlewis warning: with title: CHEMBL4434648
mmlewis warning: Problems were identified with the following atoms:
mmlewis warning:  3 8 9 10 14 15 25 26 28 33 
mmlewis warning: Now attempting to fix the lewis structure.
Glide: FATAL mmlewis error: Problems remain with the following atoms:
mmlewis error:  3 10 25 26 28
run_mmlewis: Failed to generate a valid lewis structure.
GLIDE WARNING: Structure unsuitable for OPLS-AA force field: glide_dock_ligands_r05violated_3-0002_in.maegz
SKIP LIG      590 (CHEMBL4434648): STRUCTURE INCOMPATIBLE WITH FORCE FIELD
GLIDE WARNING: Will skip atomtyping, docking.
Glide: WARNING mmlewis warning: Wrong Lewis structure in structure input file
mmlewis warning: with title: CHEMBL4437841
mmlewis warning: Problems were identified with the following atoms:
mmlewis warning:  3 4 5 10 11 12 16 17 27 28 30 35 
mmlewis warning: Now attempting to fix the lewis structure.
Glide: FATAL mmlewis error: Problems remain with the following atoms:
mmlewis error:  5 12 27 28 30
run_mmlewis: Failed to generate a valid lewis structure.
GLIDE WARNING: Structure unsuitable for OPLS-AA force field: glide_dock_ligands_r05violated_3-0002_in.maegz
SKIP LIG      591 (CHEMBL4437841): STRUCTURE INCOMPATIBLE WITH FORCE FIELD
GLIDE WARNING: Will skip atomtyping, docking.
Glide: WARNING mmlewis warning: Wrong Lewis structure in structure input file
mmlewis warning: with title: CHEMBL4458832
mmlewis warning: Problems were identified with the following atoms:
mmlewis warning:  1 4 8 9 10 11 12 13 20 24 25 26 27 31 35 
mmlewis warning: Now attempting to fix the lewis structure.
Glide: FATAL mmlewis error: Problems remain with the following atoms:
mmlewis error:  1 10 12 13 20 24 35
run_mmlewis: Failed to generate a valid lewis structure.
GLIDE WARNING: Structure unsuitable for OPLS-AA force field: glide_dock_ligands_r05violated_3-0002_in.maegz
SKIP LIG      592 (CHEMBL4458832): STRUCTURE INCOMPATIBLE WITH FORCE FIELD
GLIDE WARNING: Will skip atomtyping, docking.
Glide: WARNING mmlewis warning: Wrong Lewis structure in structure input file
mmlewis warning: with title: CHEMBL4460852
mmlewis warning: Problems were identified with the following atoms:
mmlewis warning:  1 3 4 5 11 12 15 16 18 20 21 22 23 24 26 27 28 29 30 31 32 35 
mmlewis warning: Now attempting to fix the lewis structure.
Glide: FATAL mmlewis error: Problems remain with the following atoms:
mmlewis error:  1 5 24 30 35
run_mmlewis: Failed to generate a valid lewis structure.
GLIDE WARNING: Structure unsuitable for OPLS-AA force field: glide_dock_ligands_r05violated_3-0002_in.maegz
SKIP LIG      593 (CHEMBL4460852): STRUCTURE INCOMPATIBLE WITH FORCE FIELD
GLIDE WARNING: Will skip atomtyping, docking.
Glide: WARNING mmlewis warning: Wrong Lewis structure in structure input file
mmlewis warning: with title: CHEMBL4461587
mmlewis warning: Problems were identified with the following atoms:
mmlewis warning:  1 4 8 9 10 11 12 13 20 22 23 26 30 34 
mmlewis warning: Now attempting to fix the lewis structure.
Glide: FATAL mmlewis error: Problems remain with the following atoms:
mmlewis error:  1 10 12 13 20 34
run_mmlewis: Failed to generate a valid lewis structure.
GLIDE WARNING: Structure unsuitable for OPLS-AA force field: glide_dock_ligands_r05violated_3-0002_in.maegz
SKIP LIG      594 (CHEMBL4461587): STRUCTURE INCOMPATIBLE WITH FORCE FIELD
GLIDE WARNING: Will skip atomtyping, docking.
Glide: WARNING mmlewis warning: Wrong Lewis structure in structure input file
mmlewis warning: with title: CHEMBL4464069
mmlewis warning: Problems were identified with the following atoms:
mmlewis warning:  1 4 8 9 10 11 12 13 20 22 26 27 31 35 
mmlewis warning: Now attempting to fix the lewis structure.
Glide: FATAL mmlewis error: Problems remain with the following atoms:
mmlewis error:  1 10 12 13 20 22 35
run_mmlewis: Failed to generate a valid lewis structure.
GLIDE WARNING: Structure unsuitable for OPLS-AA force field: glide_dock_ligands_r05violated_3-0002_in.maegz
SKIP LIG      595 (CHEMBL4464069): STRUCTURE INCOMPATIBLE WITH FORCE FIELD
GLIDE WARNING: Will skip atomtyping, docking.
Glide: WARNING mmlewis warning: Wrong Lewis structure in structure input file
mmlewis warning: with title: CHEMBL4464592
mmlewis warning: Problems were identified with the following atoms:
mmlewis warning:  3 4 5 6 7 8 9 10 14 15 25 26 28 33 
mmlewis warning: Now attempting to fix the lewis structure.
Glide: FATAL mmlewis error: Problems remain with the following atoms:
mmlewis error:  10 25 26 28
run_mmlewis: Failed to generate a valid lewis structure.
GLIDE WARNING: Structure unsuitable for OPLS-AA force field: glide_dock_ligands_r05violated_3-0002_in.maegz
SKIP LIG      596 (CHEMBL4464592): STRUCTURE INCOMPATIBLE WITH FORCE FIELD
GLIDE WARNING: Will skip atomtyping, docking.
Glide: WARNING mmlewis warning: Wrong Lewis structure in structure input file
mmlewis warning: with title: CHEMBL4464819
mmlewis warning: Problems were identified with the following atoms:
mmlewis warning:  1 5 14 15 16 17 18 19 21 24 25 26 28 29 34 35 36 37 
mmlewis warning: Now attempting to fix the lewis structure.
Glide: FATAL mmlewis error: Problems remain with the following atoms:
mmlewis error:  1 5 16 18 19 21 25 38
run_mmlewis: Failed to generate a valid lewis structure.
GLIDE WARNING: Structure unsuitable for OPLS-AA force field: glide_dock_ligands_r05violated_3-0002_in.maegz
SKIP LIG      597 (CHEMBL4464819): STRUCTURE INCOMPATIBLE WITH FORCE FIELD
GLIDE WARNING: Will skip atomtyping, docking.
Glide: WARNING mmlewis warning: Wrong Lewis structure in structure input file
mmlewis warning: with title: CHEMBL4465374
mmlewis warning: Problems were identified with the following atoms:
mmlewis warning:  1 4 8 9 10 11 12 13 20 22 23 26 31 35 
mmlewis warning: Now attempting to fix the lewis structure.
Glide: FATAL mmlewis error: Problems remain with the following atoms:
mmlewis error:  1 10 12 13 20 31 35
run_mmlewis: Failed to generate a valid lewis structure.
GLIDE WARNING: Structure unsuitable for OPLS-AA force field: glide_dock_ligands_r05violated_3-0002_in.maegz
SKIP LIG      598 (CHEMBL4465374): STRUCTURE INCOMPATIBLE WITH FORCE FIELD
GLIDE WARNING: Will skip atomtyping, docking.
Glide: WARNING mmlewis warning: Wrong Lewis structure in structure input file
mmlewis warning: with title: CHEMBL4468590
mmlewis warning: Problems were identified with the following atoms:
mmlewis warning:  1 4 8 9 10 11 12 13 20 22 23 26 31 32 36 
mmlewis warning: Now attempting to fix the lewis structure.
Glide: FATAL mmlewis error: Problems remain with the following atoms:
mmlewis error:  1 10 12 13 20 32 36
run_mmlewis: Failed to generate a valid lewis structure.
GLIDE WARNING: Structure unsuitable for OPLS-AA force field: glide_dock_ligands_r05violated_3-0002_in.maegz
SKIP LIG      599 (CHEMBL4468590): STRUCTURE INCOMPATIBLE WITH FORCE FIELD
GLIDE WARNING: Will skip atomtyping, docking.
Glide: WARNING mmlewis warning: Wrong Lewis structure in structure input file
mmlewis warning: with title: CHEMBL4516388
mmlewis warning: Problems were identified with the following atoms:
mmlewis warning:  3 4 5 6 7 8 9 10 11 15 16 26 27 29 34 
mmlewis warning: Now attempting to fix the lewis structure.
Glide: FATAL mmlewis error: Problems remain with the following atoms:
mmlewis error:  7 11 26 27 29
run_mmlewis: Failed to generate a valid lewis structure.
GLIDE WARNING: Structure unsuitable for OPLS-AA force field: glide_dock_ligands_r05violated_3-0002_in.maegz
SKIP LIG      600 (CHEMBL4516388): STRUCTURE INCOMPATIBLE WITH FORCE FIELD
GLIDE WARNING: Will skip atomtyping, docking.
Glide: WARNING mmlewis warning: Wrong Lewis structure in structure input file
mmlewis warning: with title: CHEMBL4524414
mmlewis warning: Problems were identified with the following atoms:
mmlewis warning:  3 4 5 6 7 12 13 14 18 19 29 30 32 37 
mmlewis warning: Now attempting to fix the lewis structure.
Glide: FATAL mmlewis error: Problems remain with the following atoms:
mmlewis error:  7 14 29 30 32
run_mmlewis: Failed to generate a valid lewis structure.
GLIDE WARNING: Structure unsuitable for OPLS-AA force field: glide_dock_ligands_r05violated_3-0002_in.maegz
SKIP LIG      601 (CHEMBL4524414): STRUCTURE INCOMPATIBLE WITH FORCE FIELD
GLIDE WARNING: Will skip atomtyping, docking.
Glide: WARNING mmlewis warning: Wrong Lewis structure in structure input file
mmlewis warning: with title: CHEMBL4528149
mmlewis warning: Problems were identified with the following atoms:
mmlewis warning:  1 4 8 9 10 11 12 13 20 22 23 26 31 32 36 
mmlewis warning: Now attempting to fix the lewis structure.
Glide: FATAL mmlewis error: Problems remain with the following atoms:
mmlewis error:  1 10 12 13 20 32 36
run_mmlewis: Failed to generate a valid lewis structure.
GLIDE WARNING: Structure unsuitable for OPLS-AA force field: glide_dock_ligands_r05violated_3-0002_in.maegz
SKIP LIG      602 (CHEMBL4528149): STRUCTURE INCOMPATIBLE WITH FORCE FIELD
GLIDE WARNING: Will skip atomtyping, docking.
Glide: WARNING mmlewis warning: Wrong Lewis structure in structure input file
mmlewis warning: with title: CHEMBL4535549
mmlewis warning: Problems were identified with the following atoms:
mmlewis warning:  1 2 3 4 5 6 9 10 11 12 13 14 17 18 19 20 24 25 26 27 28 29 32 33 34 35 39 40 43 44 45 46 47 48 51 
mmlewis warning: Now attempting to fix the lewis structure.
Glide: FATAL mmlewis error: Problems remain with the following atoms:
mmlewis error:  1 4 12 13 20 27 28 35 46 48
run_mmlewis: Failed to generate a valid lewis structure.
GLIDE WARNING: Structure unsuitable for OPLS-AA force field: glide_dock_ligands_r05violated_3-0002_in.maegz
SKIP LIG      603 (CHEMBL4535549): STRUCTURE INCOMPATIBLE WITH FORCE FIELD
GLIDE WARNING: Will skip atomtyping, docking.
Glide: WARNING mmlewis warning: Wrong Lewis structure in structure input file
mmlewis warning: with title: CHEMBL4536341
mmlewis warning: Problems were identified with the following atoms:
mmlewis warning:  1 4 8 9 10 11 12 13 20 22 25 26 30 34 
mmlewis warning: Now attempting to fix the lewis structure.
Glide: FATAL mmlewis error: Problems remain with the following atoms:
mmlewis error:  1 10 12 13 20 22 34
run_mmlewis: Failed to generate a valid lewis structure.
GLIDE WARNING: Structure unsuitable for OPLS-AA force field: glide_dock_ligands_r05violated_3-0002_in.maegz
SKIP LIG      604 (CHEMBL4536341): STRUCTURE INCOMPATIBLE WITH FORCE FIELD
GLIDE WARNING: Will skip atomtyping, docking.
Glide: WARNING mmlewis warning: Wrong Lewis structure in structure input file
mmlewis warning: with title: CHEMBL4544024
mmlewis warning: Problems were identified with the following atoms:
mmlewis warning:  1 4 8 9 10 11 12 13 20 24 25 26 30 34 
mmlewis warning: Now attempting to fix the lewis structure.
Glide: FATAL mmlewis error: Problems remain with the following atoms:
mmlewis error:  1 10 12 13 20 34
run_mmlewis: Failed to generate a valid lewis structure.
GLIDE WARNING: Structure unsuitable for OPLS-AA force field: glide_dock_ligands_r05violated_3-0002_in.maegz
SKIP LIG      605 (CHEMBL4544024): STRUCTURE INCOMPATIBLE WITH FORCE FIELD
GLIDE WARNING: Will skip atomtyping, docking.
Glide: WARNING mmlewis warning: Wrong Lewis structure in structure input file
mmlewis warning: with title: CHEMBL4563476
mmlewis warning: Problems were identified with the following atoms:
mmlewis warning:  1 5 14 15 16 17 18 19 21 23 26 29 30 35 36 37 38 
mmlewis warning: Now attempting to fix the lewis structure.
Glide: FATAL mmlewis error: Problems remain with the following atoms:
mmlewis error:  1 5 16 18 19 21 23 26 39
run_mmlewis: Failed to generate a valid lewis structure.
GLIDE WARNING: Structure unsuitable for OPLS-AA force field: glide_dock_ligands_r05violated_3-0002_in.maegz
SKIP LIG      606 (CHEMBL4563476): STRUCTURE INCOMPATIBLE WITH FORCE FIELD
GLIDE WARNING: Will skip atomtyping, docking.
Glide: WARNING mmlewis warning: Wrong Lewis structure in structure input file
mmlewis warning: with title: CHEMBL4577865
mmlewis warning: Problems were identified with the following atoms:
mmlewis warning:  3 4 5 6 11 12 13 17 18 28 29 31 36 
mmlewis warning: Now attempting to fix the lewis structure.
Glide: FATAL mmlewis error: Problems remain with the following atoms:
mmlewis error:  13 28 29 31
run_mmlewis: Failed to generate a valid lewis structure.
GLIDE WARNING: Structure unsuitable for OPLS-AA force field: glide_dock_ligands_r05violated_3-0002_in.maegz
SKIP LIG      607 (CHEMBL4577865): STRUCTURE INCOMPATIBLE WITH FORCE FIELD
GLIDE WARNING: Will skip atomtyping, docking.
Glide: WARNING mmlewis warning: Wrong Lewis structure in structure input file
mmlewis warning: with title: CHEMBL4588692
mmlewis warning: Problems were identified with the following atoms:
mmlewis warning:  1 4 8 9 10 11 12 13 20 22 25 26 27 31 35 
mmlewis warning: Now attempting to fix the lewis structure.
Glide: FATAL mmlewis error: Problems remain with the following atoms:
mmlewis error:  1 10 12 13 20 22 25 35
run_mmlewis: Failed to generate a valid lewis structure.
GLIDE WARNING: Structure unsuitable for OPLS-AA force field: glide_dock_ligands_r05violated_3-0002_in.maegz
SKIP LIG      608 (CHEMBL4588692): STRUCTURE INCOMPATIBLE WITH FORCE FIELD
GLIDE WARNING: Will skip atomtyping, docking.
Glide: WARNING mmlewis warning: Wrong Lewis structure in structure input file
mmlewis warning: with title: CHEMBL4632896
mmlewis warning: Problems were identified with the following atoms:
mmlewis warning:  1 2 8 9 10 11 13 14 15 20 21 24 26 27 30 31 34 35 36 37 39 40 42 
mmlewis warning: Now attempting to fix the lewis structure.
Glide: FATAL mmlewis error: Problems remain with the following atoms:
mmlewis error:  1 9 10 14 15 21 24 34 37 39 40
run_mmlewis: Failed to generate a valid lewis structure.
GLIDE WARNING: Structure unsuitable for OPLS-AA force field: glide_dock_ligands_r05violated_3-0002_in.maegz
SKIP LIG      609 (CHEMBL4632896): STRUCTURE INCOMPATIBLE WITH FORCE FIELD
GLIDE WARNING: Will skip atomtyping, docking.
Glide: WARNING mmlewis warning: Wrong Lewis structure in structure input file
mmlewis warning: with title: CHEMBL4634474
mmlewis warning: Problems were identified with the following atoms:
mmlewis warning:  1 2 3 4 6 8 13 14 15 16 17 20 21 27 29 32 33 
mmlewis warning: Now attempting to fix the lewis structure.
Glide: FATAL mmlewis error: Problems remain with the following atoms:
mmlewis error:  1 3 6 8 16 20 21 29 34
run_mmlewis: Failed to generate a valid lewis structure.
GLIDE WARNING: Structure unsuitable for OPLS-AA force field: glide_dock_ligands_r05violated_3-0002_in.maegz
SKIP LIG      610 (CHEMBL4634474): STRUCTURE INCOMPATIBLE WITH FORCE FIELD
GLIDE WARNING: Will skip atomtyping, docking.
Glide: WARNING mmlewis warning: Wrong Lewis structure in structure input file
mmlewis warning: with title: CHEMBL4638480
mmlewis warning: Problems were identified with the following atoms:
mmlewis warning:  5 6 7 14 15 16 17 18 21 22 25 27 28 29 30 31 32 34 
mmlewis warning: Now attempting to fix the lewis structure.
Glide: FATAL mmlewis error: Problems remain with the following atoms:
mmlewis error:  7 18 34
run_mmlewis: Failed to generate a valid lewis structure.
GLIDE WARNING: Structure unsuitable for OPLS-AA force field: glide_dock_ligands_r05violated_3-0002_in.maegz
SKIP LIG      611 (CHEMBL4638480): STRUCTURE INCOMPATIBLE WITH FORCE FIELD
GLIDE WARNING: Will skip atomtyping, docking.
Glide: WARNING mmlewis warning: Wrong Lewis structure in structure input file
mmlewis warning: with title: CHEMBL4740282
mmlewis warning: Problems were identified with the following atoms:
mmlewis warning:  1 4 8 9 10 11 12 13 20 21 22 24 25 31 32 33 34 35 36 38 39 43 
mmlewis warning: Now attempting to fix the lewis structure.
Glide: FATAL mmlewis error: Problems remain with the following atoms:
mmlewis error:  1 10 12 13 22 35 36 43
run_mmlewis: Failed to generate a valid lewis structure.
GLIDE WARNING: Structure unsuitable for OPLS-AA force field: glide_dock_ligands_r05violated_3-0002_in.maegz
SKIP LIG      612 (CHEMBL4740282): STRUCTURE INCOMPATIBLE WITH FORCE FIELD
GLIDE WARNING: Will skip atomtyping, docking.
Glide: WARNING mmlewis warning: Wrong Lewis structure in structure input file
mmlewis warning: with title: CHEMBL4742337
mmlewis warning: Problems were identified with the following atoms:
mmlewis warning:  1 4 8 9 10 11 12 13 20 21 22 24 25 32 33 34 35 36 37 38 39 43 
mmlewis warning: Now attempting to fix the lewis structure.
Glide: FATAL mmlewis error: Problems remain with the following atoms:
mmlewis error:  1 10 12 13 22 36 43
run_mmlewis: Failed to generate a valid lewis structure.
GLIDE WARNING: Structure unsuitable for OPLS-AA force field: glide_dock_ligands_r05violated_3-0002_in.maegz
SKIP LIG      613 (CHEMBL4742337): STRUCTURE INCOMPATIBLE WITH FORCE FIELD
GLIDE WARNING: Will skip atomtyping, docking.
Glide: WARNING mmlewis warning: Wrong Lewis structure in structure input file
mmlewis warning: with title: CHEMBL4743350
mmlewis warning: Problems were identified with the following atoms:
mmlewis warning:  1 4 8 9 10 11 12 13 20 21 22 24 25 26 31 32 33 34 35 36 38 39 43 
mmlewis warning: Now attempting to fix the lewis structure.
Glide: FATAL mmlewis error: Problems remain with the following atoms:
mmlewis error:  1 10 12 13 22 35 36 43
run_mmlewis: Failed to generate a valid lewis structure.
GLIDE WARNING: Structure unsuitable for OPLS-AA force field: glide_dock_ligands_r05violated_3-0002_in.maegz
SKIP LIG      614 (CHEMBL4743350): STRUCTURE INCOMPATIBLE WITH FORCE FIELD
GLIDE WARNING: Will skip atomtyping, docking.
Glide: WARNING mmlewis warning: Wrong Lewis structure in structure input file
mmlewis warning: with title: CHEMBL4744389
mmlewis warning: Problems were identified with the following atoms:
mmlewis warning:  1 4 8 9 10 11 12 13 20 21 22 24 25 26 31 32 33 34 35 36 37 38 39 43 
mmlewis warning: Now attempting to fix the lewis structure.
Glide: FATAL mmlewis error: Problems remain with the following atoms:
mmlewis error:  1 10 12 13 22 35 43
run_mmlewis: Failed to generate a valid lewis structure.
GLIDE WARNING: Structure unsuitable for OPLS-AA force field: glide_dock_ligands_r05violated_3-0002_in.maegz
SKIP LIG      615 (CHEMBL4744389): STRUCTURE INCOMPATIBLE WITH FORCE FIELD
GLIDE WARNING: Will skip atomtyping, docking.
Glide: WARNING mmlewis warning: Wrong Lewis structure in structure input file
mmlewis warning: with title: CHEMBL4745258
mmlewis warning: Problems were identified with the following atoms:
mmlewis warning:  1 4 8 9 10 11 12 13 20 21 22 24 25 29 31 32 33 35 36 40 
mmlewis warning: Now attempting to fix the lewis structure.
Glide: FATAL mmlewis error: Problems remain with the following atoms:
mmlewis error:  1 10 12 13 22 32 33 40
run_mmlewis: Failed to generate a valid lewis structure.
GLIDE WARNING: Structure unsuitable for OPLS-AA force field: glide_dock_ligands_r05violated_3-0002_in.maegz
SKIP LIG      616 (CHEMBL4745258): STRUCTURE INCOMPATIBLE WITH FORCE FIELD
GLIDE WARNING: Will skip atomtyping, docking.
Glide: WARNING mmlewis warning: Wrong Lewis structure in structure input file
mmlewis warning: with title: CHEMBL4746458
mmlewis warning: Problems were identified with the following atoms:
mmlewis warning:  1 2 3 4 6 8 13 17 18 19 20 21 24 25 27 29 32 33 
mmlewis warning: Now attempting to fix the lewis structure.
Glide: FATAL mmlewis error: Problems remain with the following atoms:
mmlewis error:  1 3 6 8 21 24 25 29 34
run_mmlewis: Failed to generate a valid lewis structure.
GLIDE WARNING: Structure unsuitable for OPLS-AA force field: glide_dock_ligands_r05violated_3-0002_in.maegz
SKIP LIG      617 (CHEMBL4746458): STRUCTURE INCOMPATIBLE WITH FORCE FIELD
GLIDE WARNING: Will skip atomtyping, docking.
Glide: WARNING mmlewis warning: Wrong Lewis structure in structure input file
mmlewis warning: with title: CHEMBL4749117
mmlewis warning: Problems were identified with the following atoms:
mmlewis warning:  1 4 8 9 10 11 12 13 20 21 22 24 25 29 32 34 35 39 
mmlewis warning: Now attempting to fix the lewis structure.
Glide: FATAL mmlewis error: Problems remain with the following atoms:
mmlewis error:  1 10 12 13 22 32 39
run_mmlewis: Failed to generate a valid lewis structure.
GLIDE WARNING: Structure unsuitable for OPLS-AA force field: glide_dock_ligands_r05violated_3-0002_in.maegz
SKIP LIG      618 (CHEMBL4749117): STRUCTURE INCOMPATIBLE WITH FORCE FIELD
GLIDE WARNING: Will skip atomtyping, docking.
Glide: WARNING mmlewis warning: Wrong Lewis structure in structure input file
mmlewis warning: with title: CHEMBL4750433
mmlewis warning: Problems were identified with the following atoms:
mmlewis warning:  1 4 8 9 10 11 12 13 20 21 22 24 25 26 29 32 33 34 35 36 38 39 43 
mmlewis warning: Now attempting to fix the lewis structure.
Glide: FATAL mmlewis error: Problems remain with the following atoms:
mmlewis error:  1 10 12 13 22 36 43
run_mmlewis: Failed to generate a valid lewis structure.
GLIDE WARNING: Structure unsuitable for OPLS-AA force field: glide_dock_ligands_r05violated_3-0002_in.maegz
SKIP LIG      619 (CHEMBL4750433): STRUCTURE INCOMPATIBLE WITH FORCE FIELD
GLIDE WARNING: Will skip atomtyping, docking.
Glide: WARNING mmlewis warning: Wrong Lewis structure in structure input file
mmlewis warning: with title: CHEMBL4751384
mmlewis warning: Problems were identified with the following atoms:
mmlewis warning:  1 4 8 9 10 11 12 13 20 21 22 24 25 29 35 37 38 42 
mmlewis warning: Now attempting to fix the lewis structure.
Glide: FATAL mmlewis error: Problems remain with the following atoms:
mmlewis error:  1 10 12 13 22 35 42
run_mmlewis: Failed to generate a valid lewis structure.
GLIDE WARNING: Structure unsuitable for OPLS-AA force field: glide_dock_ligands_r05violated_3-0002_in.maegz
SKIP LIG      620 (CHEMBL4751384): STRUCTURE INCOMPATIBLE WITH FORCE FIELD
GLIDE WARNING: Will skip atomtyping, docking.
Glide: WARNING mmlewis warning: Wrong Lewis structure in structure input file
mmlewis warning: with title: CHEMBL4761281
mmlewis warning: Problems were identified with the following atoms:
mmlewis warning:  1 4 8 9 10 11 12 13 20 21 22 24 25 26 31 32 33 34 35 38 39 43 
mmlewis warning: Now attempting to fix the lewis structure.
Glide: FATAL mmlewis error: Problems remain with the following atoms:
mmlewis error:  1 10 12 13 22 35 43
run_mmlewis: Failed to generate a valid lewis structure.
GLIDE WARNING: Structure unsuitable for OPLS-AA force field: glide_dock_ligands_r05violated_3-0002_in.maegz
SKIP LIG      621 (CHEMBL4761281): STRUCTURE INCOMPATIBLE WITH FORCE FIELD
GLIDE WARNING: Will skip atomtyping, docking.
Glide: WARNING mmlewis warning: Wrong Lewis structure in structure input file
mmlewis warning: with title: CHEMBL4762199
mmlewis warning: Problems were identified with the following atoms:
mmlewis warning:  1 4 8 9 10 11 12 13 20 21 22 24 25 26 28 31 32 33 34 35 38 39 43 
mmlewis warning: Now attempting to fix the lewis structure.
Glide: FATAL mmlewis error: Problems remain with the following atoms:
mmlewis error:  1 10 12 13 22 28 35 39 43
run_mmlewis: Failed to generate a valid lewis structure.
GLIDE WARNING: Structure unsuitable for OPLS-AA force field: glide_dock_ligands_r05violated_3-0002_in.maegz
SKIP LIG      622 (CHEMBL4762199): STRUCTURE INCOMPATIBLE WITH FORCE FIELD
GLIDE WARNING: Will skip atomtyping, docking.
Glide: WARNING mmlewis warning: Wrong Lewis structure in structure input file
mmlewis warning: with title: CHEMBL4764779
mmlewis warning: Problems were identified with the following atoms:
mmlewis warning:  1 4 8 9 10 11 12 13 20 21 22 24 25 29 32 33 35 36 40 
mmlewis warning: Now attempting to fix the lewis structure.
Glide: FATAL mmlewis error: Problems remain with the following atoms:
mmlewis error:  1 10 12 13 22 32 33 40
run_mmlewis: Failed to generate a valid lewis structure.
GLIDE WARNING: Structure unsuitable for OPLS-AA force field: glide_dock_ligands_r05violated_3-0002_in.maegz
SKIP LIG      623 (CHEMBL4764779): STRUCTURE INCOMPATIBLE WITH FORCE FIELD
GLIDE WARNING: Will skip atomtyping, docking.
Glide: WARNING mmlewis warning: Wrong Lewis structure in structure input file
mmlewis warning: with title: CHEMBL4776485
mmlewis warning: Problems were identified with the following atoms:
mmlewis warning:  1 4 8 9 10 11 12 13 20 21 22 24 25 29 31 32 33 34 36 37 41 
mmlewis warning: Now attempting to fix the lewis structure.
Glide: FATAL mmlewis error: Problems remain with the following atoms:
mmlewis error:  1 10 12 13 22 33 34 41
run_mmlewis: Failed to generate a valid lewis structure.
GLIDE WARNING: Structure unsuitable for OPLS-AA force field: glide_dock_ligands_r05violated_3-0002_in.maegz
SKIP LIG      624 (CHEMBL4776485): STRUCTURE INCOMPATIBLE WITH FORCE FIELD
GLIDE WARNING: Will skip atomtyping, docking.
Glide: WARNING mmlewis warning: Wrong Lewis structure in structure input file
mmlewis warning: with title: CHEMBL4776573
mmlewis warning: Problems were identified with the following atoms:
mmlewis warning:  1 9 10 11 12 13 15 19 21 22 24 26 29 30 33 34 35 36 
mmlewis warning: Now attempting to fix the lewis structure.
Glide: FATAL mmlewis error: Problems remain with the following atoms:
mmlewis error:  1 13 15 19 22 26 31 34 35 36
run_mmlewis: Failed to generate a valid lewis structure.
GLIDE WARNING: Structure unsuitable for OPLS-AA force field: glide_dock_ligands_r05violated_3-0002_in.maegz
SKIP LIG      625 (CHEMBL4776573): STRUCTURE INCOMPATIBLE WITH FORCE FIELD
GLIDE WARNING: Will skip atomtyping, docking.
Glide: WARNING mmlewis warning: Wrong Lewis structure in structure input file
mmlewis warning: with title: CHEMBL4782382
mmlewis warning: Problems were identified with the following atoms:
mmlewis warning:  1 4 8 9 10 11 12 13 20 21 22 24 25 32 33 34 35 36 38 39 43 
mmlewis warning: Now attempting to fix the lewis structure.
Glide: FATAL mmlewis error: Problems remain with the following atoms:
mmlewis error:  1 10 12 13 22 36 43
run_mmlewis: Failed to generate a valid lewis structure.
GLIDE WARNING: Structure unsuitable for OPLS-AA force field: glide_dock_ligands_r05violated_3-0002_in.maegz
SKIP LIG      626 (CHEMBL4782382): STRUCTURE INCOMPATIBLE WITH FORCE FIELD
GLIDE WARNING: Will skip atomtyping, docking.
Glide: WARNING mmlewis warning: Wrong Lewis structure in structure input file
mmlewis warning: with title: CHEMBL4783756
mmlewis warning: Problems were identified with the following atoms:
mmlewis warning:  1 4 8 9 10 11 12 13 20 21 22 24 25 26 28 31 32 33 34 35 38 39 43 
mmlewis warning: Now attempting to fix the lewis structure.
Glide: FATAL mmlewis error: Problems remain with the following atoms:
mmlewis error:  1 10 12 13 22 28 35 43
run_mmlewis: Failed to generate a valid lewis structure.
GLIDE WARNING: Structure unsuitable for OPLS-AA force field: glide_dock_ligands_r05violated_3-0002_in.maegz
SKIP LIG      627 (CHEMBL4783756): STRUCTURE INCOMPATIBLE WITH FORCE FIELD
GLIDE WARNING: Will skip atomtyping, docking.
Glide: WARNING mmlewis warning: Wrong Lewis structure in structure input file
mmlewis warning: with title: CHEMBL4784857
mmlewis warning: Problems were identified with the following atoms:
mmlewis warning:  1 4 8 9 10 11 12 13 20 21 22 24 25 31 32 33 34 35 38 39 43 
mmlewis warning: Now attempting to fix the lewis structure.
Glide: FATAL mmlewis error: Problems remain with the following atoms:
mmlewis error:  1 10 12 13 22 35 43
run_mmlewis: Failed to generate a valid lewis structure.
GLIDE WARNING: Structure unsuitable for OPLS-AA force field: glide_dock_ligands_r05violated_3-0002_in.maegz
SKIP LIG      628 (CHEMBL4784857): STRUCTURE INCOMPATIBLE WITH FORCE FIELD
GLIDE WARNING: Will skip atomtyping, docking.
Glide: WARNING mmlewis warning: Wrong Lewis structure in structure input file
mmlewis warning: with title: CHEMBL4785060
mmlewis warning: Problems were identified with the following atoms:
mmlewis warning:  1 4 8 9 10 11 12 13 20 21 22 24 25 29 31 32 34 35 39 
mmlewis warning: Now attempting to fix the lewis structure.
Glide: FATAL mmlewis error: Problems remain with the following atoms:
mmlewis error:  1 10 12 13 22 31 32 39
run_mmlewis: Failed to generate a valid lewis structure.
GLIDE WARNING: Structure unsuitable for OPLS-AA force field: glide_dock_ligands_r05violated_3-0002_in.maegz
SKIP LIG      629 (CHEMBL4785060): STRUCTURE INCOMPATIBLE WITH FORCE FIELD
GLIDE WARNING: Will skip atomtyping, docking.
Glide: WARNING mmlewis warning: Wrong Lewis structure in structure input file
mmlewis warning: with title: CHEMBL4795875
mmlewis warning: Problems were identified with the following atoms:
mmlewis warning:  1 4 8 9 10 11 12 13 20 21 22 24 25 31 32 33 34 35 38 39 43 
mmlewis warning: Now attempting to fix the lewis structure.
Glide: FATAL mmlewis error: Problems remain with the following atoms:
mmlewis error:  1 10 12 13 22 35 43
run_mmlewis: Failed to generate a valid lewis structure.
GLIDE WARNING: Structure unsuitable for OPLS-AA force field: glide_dock_ligands_r05violated_3-0002_in.maegz
SKIP LIG      630 (CHEMBL4795875): STRUCTURE INCOMPATIBLE WITH FORCE FIELD
GLIDE WARNING: Will skip atomtyping, docking.
Glide: WARNING mmlewis warning: Wrong Lewis structure in structure input file
mmlewis warning: with title: CHEMBL4796411
mmlewis warning: Problems were identified with the following atoms:
mmlewis warning:  1 4 8 9 10 11 12 13 20 21 22 24 25 26 33 34 35 36 37 38 39 43 
mmlewis warning: Now attempting to fix the lewis structure.
Glide: FATAL mmlewis error: Problems remain with the following atoms:
mmlewis error:  1 10 12 13 22 28 37 43
run_mmlewis: Failed to generate a valid lewis structure.
GLIDE WARNING: Structure unsuitable for OPLS-AA force field: glide_dock_ligands_r05violated_3-0002_in.maegz
SKIP LIG      631 (CHEMBL4796411): STRUCTURE INCOMPATIBLE WITH FORCE FIELD
GLIDE WARNING: Will skip atomtyping, docking.
Glide: WARNING mmlewis warning: Wrong Lewis structure in structure input file
mmlewis warning: with title: CHEMBL4799779
mmlewis warning: Problems were identified with the following atoms:
mmlewis warning:  1 4 8 9 10 11 12 13 20 21 22 24 25 28 30 34 35 36 37 38 39 40 44 
mmlewis warning: Now attempting to fix the lewis structure.
Glide: FATAL mmlewis error: Problems remain with the following atoms:
mmlewis error:  1 10 12 13 22 27 28 30 31 38 44
run_mmlewis: Failed to generate a valid lewis structure.
GLIDE WARNING: Structure unsuitable for OPLS-AA force field: glide_dock_ligands_r05violated_3-0002_in.maegz
SKIP LIG      632 (CHEMBL4799779): STRUCTURE INCOMPATIBLE WITH FORCE FIELD
GLIDE WARNING: Will skip atomtyping, docking.
Glide: WARNING mmlewis warning: Wrong Lewis structure in structure input file
mmlewis warning: with title: CHEMBL4867117
mmlewis warning: Problems were identified with the following atoms:
mmlewis warning:  1 4 8 9 10 11 12 13 14 18 20 21 22 27 28 29 30 34 35 
mmlewis warning: Now attempting to fix the lewis structure.
Glide: FATAL mmlewis error: Problems remain with the following atoms:
mmlewis error:  1 10 12 13 14 18 22 29 34 35
run_mmlewis: Failed to generate a valid lewis structure.
GLIDE WARNING: Structure unsuitable for OPLS-AA force field: glide_dock_ligands_r05violated_3-0002_in.maegz
SKIP LIG      633 (CHEMBL4867117): STRUCTURE INCOMPATIBLE WITH FORCE FIELD
GLIDE WARNING: Will skip atomtyping, docking.
Glide: WARNING mmlewis warning: Wrong Lewis structure in structure input file
mmlewis warning: with title: CHEMBL5219532
mmlewis warning: Problems were identified with the following atoms:
mmlewis warning:  1 3 4 5 6 8 9 13 14 15 16 20 21 22 23 24 25 30 31 32 33 38 39 40 
mmlewis warning: Now attempting to fix the lewis structure.
Glide: FATAL mmlewis error: Problems remain with the following atoms:
mmlewis error:  1 3 6 8 9 16 30 31 32 38 39 40
run_mmlewis: Failed to generate a valid lewis structure.
GLIDE WARNING: Structure unsuitable for OPLS-AA force field: glide_dock_ligands_r05violated_3-0002_in.maegz
SKIP LIG      634 (CHEMBL5219532): STRUCTURE INCOMPATIBLE WITH FORCE FIELD
GLIDE WARNING: Will skip atomtyping, docking.
Glide: WARNING mmlewis warning: Wrong Lewis structure in structure input file
mmlewis warning: with title: CHEMBL5219966
mmlewis warning: Problems were identified with the following atoms:
mmlewis warning:  1 5 6 8 9 10 11 12 13 16 17 18 19 23 24 26 27 28 29 30 31 35 37 38 39 40 41 
mmlewis warning: Now attempting to fix the lewis structure.
Glide: FATAL mmlewis error: Problems remain with the following atoms:
mmlewis error:  1 12 19 30 35 41
run_mmlewis: Failed to generate a valid lewis structure.
GLIDE WARNING: Structure unsuitable for OPLS-AA force field: glide_dock_ligands_r05violated_3-0002_in.maegz
SKIP LIG      635 (CHEMBL5219966): STRUCTURE INCOMPATIBLE WITH FORCE FIELD
GLIDE WARNING: Will skip atomtyping, docking.
Glide: WARNING mmlewis warning: Wrong Lewis structure in structure input file
mmlewis warning: with title: CHEMBL5219996
mmlewis warning: Problems were identified with the following atoms:
mmlewis warning:  1 3 4 8 9 10 11 12 13 14 19 20 21 25 26 27 28 32 33 35 36 37 38 39 
mmlewis warning: Now attempting to fix the lewis structure.
Glide: FATAL mmlewis error: Problems remain with the following atoms:
mmlewis error:  1 3 4 19 20 21 27 39
run_mmlewis: Failed to generate a valid lewis structure.
GLIDE WARNING: Structure unsuitable for OPLS-AA force field: glide_dock_ligands_r05violated_3-0002_in.maegz
SKIP LIG      636 (CHEMBL5219996): STRUCTURE INCOMPATIBLE WITH FORCE FIELD
GLIDE WARNING: Will skip atomtyping, docking.
Glide: WARNING mmlewis warning: Wrong Lewis structure in structure input file
mmlewis warning: with title: CHEMBL5220613
mmlewis warning: Problems were identified with the following atoms:
mmlewis warning:  1 2 6 7 11 12 13 14 18 19 20 21 22 23 28 29 30 31 36 37 38 
mmlewis warning: Now attempting to fix the lewis structure.
Glide: FATAL mmlewis error: Problems remain with the following atoms:
mmlewis error:  1 14 28 29 30 36 37 38
run_mmlewis: Failed to generate a valid lewis structure.
GLIDE WARNING: Structure unsuitable for OPLS-AA force field: glide_dock_ligands_r05violated_3-0002_in.maegz
SKIP LIG      637 (CHEMBL5220613): STRUCTURE INCOMPATIBLE WITH FORCE FIELD
GLIDE WARNING: Will skip atomtyping, docking.
Glide: WARNING mmlewis warning: Wrong Lewis structure in structure input file
mmlewis warning: with title: CHEMBL5265910
mmlewis warning: Problems were identified with the following atoms:
mmlewis warning:  1 2 3 7 8 9 10 11 12 16 17 22 25 26 27 28 30 35 
mmlewis warning: Now attempting to fix the lewis structure.
Glide: FATAL mmlewis error: Problems remain with the following atoms:
mmlewis error:  1 3 9 11 25 35
run_mmlewis: Failed to generate a valid lewis structure.
GLIDE WARNING: Structure unsuitable for OPLS-AA force field: glide_dock_ligands_r05violated_3-0002_in.maegz
SKIP LIG      638 (CHEMBL5265910): STRUCTURE INCOMPATIBLE WITH FORCE FIELD
GLIDE WARNING: Will skip atomtyping, docking.
Glide: WARNING mmlewis warning: Wrong Lewis structure in structure input file
mmlewis warning: with title: CHEMBL5267798
mmlewis warning: Problems were identified with the following atoms:
mmlewis warning:  1 2 3 4 5 7 8 10 11 14 15 17 21 22 23 24 26 29 30 33 34 37 
mmlewis warning: Now attempting to fix the lewis structure.
Glide: FATAL mmlewis error: Problems remain with the following atoms:
mmlewis error:  1 3 15 17 21 23 24 26 31 33
run_mmlewis: Failed to generate a valid lewis structure.
GLIDE WARNING: Structure unsuitable for OPLS-AA force field: glide_dock_ligands_r05violated_3-0002_in.maegz
SKIP LIG      639 (CHEMBL5267798): STRUCTURE INCOMPATIBLE WITH FORCE FIELD
GLIDE WARNING: Will skip atomtyping, docking.
Glide: WARNING mmlewis warning: Wrong Lewis structure in structure input file
mmlewis warning: with title: CHEMBL5269668
mmlewis warning: Problems were identified with the following atoms:
mmlewis warning:  1 4 8 9 10 11 12 13 15 16 20 22 23 24 32 34 35 36 
mmlewis warning: Now attempting to fix the lewis structure.
Glide: FATAL mmlewis error: Problems remain with the following atoms:
mmlewis error:  1 10 12 13 20 24 28 32 36 40
run_mmlewis: Failed to generate a valid lewis structure.
GLIDE WARNING: Structure unsuitable for OPLS-AA force field: glide_dock_ligands_r05violated_3-0002_in.maegz
SKIP LIG      640 (CHEMBL5269668): STRUCTURE INCOMPATIBLE WITH FORCE FIELD
GLIDE WARNING: Will skip atomtyping, docking.
Glide: WARNING mmlewis warning: Wrong Lewis structure in structure input file
mmlewis warning: with title: CHEMBL5269746
mmlewis warning: Problems were identified with the following atoms:
mmlewis warning:  1 2 3 7 8 9 10 11 12 16 19 24 27 28 29 31 36 
mmlewis warning: Now attempting to fix the lewis structure.
Glide: FATAL mmlewis error: Problems remain with the following atoms:
mmlewis error:  1 3 9 11 16 24 36
run_mmlewis: Failed to generate a valid lewis structure.
GLIDE WARNING: Structure unsuitable for OPLS-AA force field: glide_dock_ligands_r05violated_3-0002_in.maegz
SKIP LIG      641 (CHEMBL5269746): STRUCTURE INCOMPATIBLE WITH FORCE FIELD
GLIDE WARNING: Will skip atomtyping, docking.
Glide: WARNING mmlewis warning: Wrong Lewis structure in structure input file
mmlewis warning: with title: CHEMBL5269884
mmlewis warning: Problems were identified with the following atoms:
mmlewis warning:  1 2 4 5 10 14 15 16 17 18 19 23 24 25 26 27 28 30 35 37 38 
mmlewis warning: Now attempting to fix the lewis structure.
Glide: FATAL mmlewis error: Problems remain with the following atoms:
mmlewis error:  1 5 10 19 25 35
run_mmlewis: Failed to generate a valid lewis structure.
GLIDE WARNING: Structure unsuitable for OPLS-AA force field: glide_dock_ligands_r05violated_3-0002_in.maegz
SKIP LIG      642 (CHEMBL5269884): STRUCTURE INCOMPATIBLE WITH FORCE FIELD
GLIDE WARNING: Will skip atomtyping, docking.
Glide: WARNING mmlewis warning: Wrong Lewis structure in structure input file
mmlewis warning: with title: CHEMBL5270959
mmlewis warning: Problems were identified with the following atoms:
mmlewis warning:  1 6 10 11 15 16 17 19 20 26 
mmlewis warning: Now attempting to fix the lewis structure.
Glide: FATAL mmlewis error: Problems remain with the following atoms:
mmlewis error:  1 6 17 26
run_mmlewis: Failed to generate a valid lewis structure.
GLIDE WARNING: Structure unsuitable for OPLS-AA force field: glide_dock_ligands_r05violated_3-0002_in.maegz
SKIP LIG      643 (CHEMBL5270959): STRUCTURE INCOMPATIBLE WITH FORCE FIELD
GLIDE WARNING: Will skip atomtyping, docking.
Glide: WARNING mmlewis warning: Wrong Lewis structure in structure input file
mmlewis warning: with title: CHEMBL5271401
mmlewis warning: Problems were identified with the following atoms:
mmlewis warning:  3 4 8 10 11 16 18 20 22 23 27 28 30 31 33 35 36 39 40 
mmlewis warning: Now attempting to fix the lewis structure.
Glide: FATAL mmlewis error: Problems remain with the following atoms:
mmlewis error:  20 40
run_mmlewis: Failed to generate a valid lewis structure.
GLIDE WARNING: Structure unsuitable for OPLS-AA force field: glide_dock_ligands_r05violated_3-0002_in.maegz
SKIP LIG      644 (CHEMBL5271401): STRUCTURE INCOMPATIBLE WITH FORCE FIELD
GLIDE WARNING: Will skip atomtyping, docking.
Glide: WARNING mmlewis warning: Wrong Lewis structure in structure input file
mmlewis warning: with title: CHEMBL5272644
mmlewis warning: Problems were identified with the following atoms:
mmlewis warning:  1 6 7 8 12 13 14 15 16 17 21 22 23 24 25 26 28 33 35 
mmlewis warning: Now attempting to fix the lewis structure.
Glide: FATAL mmlewis error: Problems remain with the following atoms:
mmlewis error:  1 8 17 23 33 35
run_mmlewis: Failed to generate a valid lewis structure.
GLIDE WARNING: Structure unsuitable for OPLS-AA force field: glide_dock_ligands_r05violated_3-0002_in.maegz
SKIP LIG      645 (CHEMBL5272644): STRUCTURE INCOMPATIBLE WITH FORCE FIELD
GLIDE WARNING: Will skip atomtyping, docking.
Glide: WARNING mmlewis warning: Wrong Lewis structure in structure input file
mmlewis warning: with title: CHEMBL5273793
mmlewis warning: Problems were identified with the following atoms:
mmlewis warning:  1 2 4 5 10 14 15 16 17 18 19 23 24 25 26 27 28 30 35 39 
mmlewis warning: Now attempting to fix the lewis structure.
Glide: FATAL mmlewis error: Problems remain with the following atoms:
mmlewis error:  1 5 19 25 35
run_mmlewis: Failed to generate a valid lewis structure.
GLIDE WARNING: Structure unsuitable for OPLS-AA force field: glide_dock_ligands_r05violated_3-0002_in.maegz
SKIP LIG      646 (CHEMBL5273793): STRUCTURE INCOMPATIBLE WITH FORCE FIELD
GLIDE WARNING: Will skip atomtyping, docking.
Glide: WARNING mmlewis warning: Wrong Lewis structure in structure input file
mmlewis warning: with title: CHEMBL5275046
mmlewis warning: Problems were identified with the following atoms:
mmlewis warning:  1 3 4 10 11 12 16 17 18 19 20 21 25 26 27 28 29 30 32 37 39 40 41 
mmlewis warning: Now attempting to fix the lewis structure.
Glide: FATAL mmlewis error: Problems remain with the following atoms:
mmlewis error:  1 12 21 27 37 39
run_mmlewis: Failed to generate a valid lewis structure.
GLIDE WARNING: Structure unsuitable for OPLS-AA force field: glide_dock_ligands_r05violated_3-0002_in.maegz
SKIP LIG      647 (CHEMBL5275046): STRUCTURE INCOMPATIBLE WITH FORCE FIELD
GLIDE WARNING: Will skip atomtyping, docking.
Glide: WARNING mmlewis warning: Wrong Lewis structure in structure input file
mmlewis warning: with title: CHEMBL5275453
mmlewis warning: Problems were identified with the following atoms:
mmlewis warning:  3 4 8 10 11 16 19 20 22 23 27 28 30 31 33 35 36 39 40 
mmlewis warning: Now attempting to fix the lewis structure.
Glide: FATAL mmlewis error: Problems remain with the following atoms:
mmlewis error:  40
run_mmlewis: Failed to generate a valid lewis structure.
GLIDE WARNING: Structure unsuitable for OPLS-AA force field: glide_dock_ligands_r05violated_3-0002_in.maegz
SKIP LIG      648 (CHEMBL5275453): STRUCTURE INCOMPATIBLE WITH FORCE FIELD
GLIDE WARNING: Will skip atomtyping, docking.
Glide: WARNING mmlewis warning: Wrong Lewis structure in structure input file
mmlewis warning: with title: CHEMBL5276298
mmlewis warning: Problems were identified with the following atoms:
mmlewis warning:  1 2 3 7 8 9 10 11 12 16 22 23 24 25 26 29 32 33 34 36 41 
mmlewis warning: Now attempting to fix the lewis structure.
Glide: FATAL mmlewis error: Problems remain with the following atoms:
mmlewis error:  1 3 9 11 16 26 29 41
run_mmlewis: Failed to generate a valid lewis structure.
GLIDE WARNING: Structure unsuitable for OPLS-AA force field: glide_dock_ligands_r05violated_3-0002_in.maegz
SKIP LIG      649 (CHEMBL5276298): STRUCTURE INCOMPATIBLE WITH FORCE FIELD
GLIDE WARNING: Will skip atomtyping, docking.
Glide: WARNING mmlewis warning: Wrong Lewis structure in structure input file
mmlewis warning: with title: CHEMBL5276657
mmlewis warning: Problems were identified with the following atoms:
mmlewis warning:  1 2 3 7 8 9 10 11 12 16 17 18 21 24 25 26 27 29 34 
mmlewis warning: Now attempting to fix the lewis structure.
Glide: FATAL mmlewis error: Problems remain with the following atoms:
mmlewis error:  1 3 9 11 18 24 34
run_mmlewis: Failed to generate a valid lewis structure.
GLIDE WARNING: Structure unsuitable for OPLS-AA force field: glide_dock_ligands_r05violated_3-0002_in.maegz
SKIP LIG      650 (CHEMBL5276657): STRUCTURE INCOMPATIBLE WITH FORCE FIELD
GLIDE WARNING: Will skip atomtyping, docking.
Glide: WARNING mmlewis warning: Wrong Lewis structure in structure input file
mmlewis warning: with title: CHEMBL5276887
mmlewis warning: Problems were identified with the following atoms:
mmlewis warning:  1 2 3 4 6 8 15 16 22 23 25 26 28 30 33 34 
mmlewis warning: Now attempting to fix the lewis structure.
Glide: FATAL mmlewis error: Problems remain with the following atoms:
mmlewis error:  1 3 6 8 25 26 30 35
run_mmlewis: Failed to generate a valid lewis structure.
GLIDE WARNING: Structure unsuitable for OPLS-AA force field: glide_dock_ligands_r05violated_3-0002_in.maegz
SKIP LIG      651 (CHEMBL5276887): STRUCTURE INCOMPATIBLE WITH FORCE FIELD
GLIDE WARNING: Will skip atomtyping, docking.
Glide: WARNING mmlewis warning: Wrong Lewis structure in structure input file
mmlewis warning: with title: CHEMBL5277828
mmlewis warning: Problems were identified with the following atoms:
mmlewis warning:  1 2 4 5 10 11 12 16 17 18 19 20 21 25 26 27 28 29 30 32 37 39 
mmlewis warning: Now attempting to fix the lewis structure.
Glide: FATAL mmlewis error: Problems remain with the following atoms:
mmlewis error:  1 5 12 21 27 37 39
run_mmlewis: Failed to generate a valid lewis structure.
GLIDE WARNING: Structure unsuitable for OPLS-AA force field: glide_dock_ligands_r05violated_3-0002_in.maegz
SKIP LIG      652 (CHEMBL5277828): STRUCTURE INCOMPATIBLE WITH FORCE FIELD
GLIDE WARNING: Will skip atomtyping, docking.
Glide: WARNING mmlewis warning: Wrong Lewis structure in structure input file
mmlewis warning: with title: CHEMBL5278621
mmlewis warning: Problems were identified with the following atoms:
mmlewis warning:  1 4 8 9 10 11 12 13 17 21 25 29 30 31 
mmlewis warning: Now attempting to fix the lewis structure.
Glide: FATAL mmlewis error: Problems remain with the following atoms:
mmlewis error:  1 10 12 13 17 21 25 31
run_mmlewis: Failed to generate a valid lewis structure.
GLIDE WARNING: Structure unsuitable for OPLS-AA force field: glide_dock_ligands_r05violated_3-0002_in.maegz
SKIP LIG      653 (CHEMBL5278621): STRUCTURE INCOMPATIBLE WITH FORCE FIELD
GLIDE WARNING: Will skip atomtyping, docking.
Glide: WARNING mmlewis warning: Wrong Lewis structure in structure input file
mmlewis warning: with title: CHEMBL5279474
mmlewis warning: Problems were identified with the following atoms:
mmlewis warning:  1 2 3 7 8 9 10 11 12 16 22 23 24 27 30 31 32 34 39 
mmlewis warning: Now attempting to fix the lewis structure.
Glide: FATAL mmlewis error: Problems remain with the following atoms:
mmlewis error:  1 3 9 11 16 24 27 39
run_mmlewis: Failed to generate a valid lewis structure.
GLIDE WARNING: Structure unsuitable for OPLS-AA force field: glide_dock_ligands_r05violated_3-0002_in.maegz
SKIP LIG      654 (CHEMBL5279474): STRUCTURE INCOMPATIBLE WITH FORCE FIELD
GLIDE WARNING: Will skip atomtyping, docking.
Glide: WARNING mmlewis warning: Wrong Lewis structure in structure input file
mmlewis warning: with title: CHEMBL5283810
mmlewis warning: Problems were identified with the following atoms:
mmlewis warning:  1 4 8 9 10 11 12 13 14 18 20 22 23 26 
mmlewis warning: Now attempting to fix the lewis structure.
Glide: FATAL mmlewis error: Problems remain with the following atoms:
mmlewis error:  1 10 12 13 14 18 20
run_mmlewis: Failed to generate a valid lewis structure.
GLIDE WARNING: Structure unsuitable for OPLS-AA force field: glide_dock_ligands_r05violated_3-0002_in.maegz
SKIP LIG      655 (CHEMBL5283810): STRUCTURE INCOMPATIBLE WITH FORCE FIELD
GLIDE WARNING: Will skip atomtyping, docking.
Glide: WARNING mmlewis warning: Wrong Lewis structure in structure input file
mmlewis warning: with title: CHEMBL5285191
mmlewis warning: Problems were identified with the following atoms:
mmlewis warning:  1 2 3 4 8 9 11 13 16 17 18 19 20 23 24 25 26 27 28 33 
mmlewis warning: Now attempting to fix the lewis structure.
Glide: FATAL mmlewis error: Problems remain with the following atoms:
mmlewis error:  1 13 20 27 33
run_mmlewis: Failed to generate a valid lewis structure.
GLIDE WARNING: Structure unsuitable for OPLS-AA force field: glide_dock_ligands_r05violated_3-0002_in.maegz
SKIP LIG      656 (CHEMBL5285191): STRUCTURE INCOMPATIBLE WITH FORCE FIELD
GLIDE WARNING: Will skip atomtyping, docking.
Glide: WARNING mmlewis warning: Wrong Lewis structure in structure input file
mmlewis warning: with title: CHEMBL5287917
mmlewis warning: Problems were identified with the following atoms:
mmlewis warning:  1 2 3 4 5 7 8 10 11 14 15 16 17 21 22 23 24 26 29 30 33 34 37 
mmlewis warning: Now attempting to fix the lewis structure.
Glide: FATAL mmlewis error: Problems remain with the following atoms:
mmlewis error:  1 3 17 21 23 24 26 31 33
run_mmlewis: Failed to generate a valid lewis structure.
GLIDE WARNING: Structure unsuitable for OPLS-AA force field: glide_dock_ligands_r05violated_3-0002_in.maegz
SKIP LIG      657 (CHEMBL5287917): STRUCTURE INCOMPATIBLE WITH FORCE FIELD
GLIDE WARNING: Will skip atomtyping, docking.
Glide: WARNING mmlewis warning: Wrong Lewis structure in structure input file
mmlewis warning: with title: CHEMBL5289339
mmlewis warning: Problems were identified with the following atoms:
mmlewis warning:  1 2 3 7 8 9 10 11 12 16 22 23 25 26 29 32 33 34 36 41 
mmlewis warning: Now attempting to fix the lewis structure.
Glide: FATAL mmlewis error: Problems remain with the following atoms:
mmlewis error:  1 3 9 11 16 29 41
run_mmlewis: Failed to generate a valid lewis structure.
GLIDE WARNING: Structure unsuitable for OPLS-AA force field: glide_dock_ligands_r05violated_3-0002_in.maegz
SKIP LIG      658 (CHEMBL5289339): STRUCTURE INCOMPATIBLE WITH FORCE FIELD
GLIDE WARNING: Will skip atomtyping, docking.
Glide: WARNING mmlewis warning: Wrong Lewis structure in structure input file
mmlewis warning: with title: CHEMBL5289984
mmlewis warning: Problems were identified with the following atoms:
mmlewis warning:  1 4 8 9 10 11 12 13 14 18 20 22 23 24 27 
mmlewis warning: Now attempting to fix the lewis structure.
Glide: FATAL mmlewis error: Problems remain with the following atoms:
mmlewis error:  1 10 12 13 14 18 20 24
run_mmlewis: Failed to generate a valid lewis structure.
GLIDE WARNING: Structure unsuitable for OPLS-AA force field: glide_dock_ligands_r05violated_3-0002_in.maegz
SKIP LIG      659 (CHEMBL5289984): STRUCTURE INCOMPATIBLE WITH FORCE FIELD
GLIDE WARNING: Will skip atomtyping, docking.
Glide: WARNING mmlewis warning: Wrong Lewis structure in structure input file
mmlewis warning: with title: CHEMBL5399740
mmlewis warning: Problems were identified with the following atoms:
mmlewis warning:  1 5 10 11 12 13 14 15 16 18 19 20 25 30 31 33 34 
mmlewis warning: Now attempting to fix the lewis structure.
Glide: FATAL mmlewis error: Problems remain with the following atoms:
mmlewis error:  1 14 20 25
run_mmlewis: Failed to generate a valid lewis structure.
GLIDE WARNING: Structure unsuitable for OPLS-AA force field: glide_dock_ligands_r05violated_3-0002_in.maegz
SKIP LIG      660 (CHEMBL5399740): STRUCTURE INCOMPATIBLE WITH FORCE FIELD
GLIDE WARNING: Will skip atomtyping, docking.
Glide: WARNING mmlewis warning: Wrong Lewis structure in structure input file
mmlewis warning: with title: CHEMBL5405820
mmlewis warning: Problems were identified with the following atoms:
mmlewis warning:  1 5 10 11 12 13 14 15 16 18 19 24 25 30 31 33 34 
mmlewis warning: Now attempting to fix the lewis structure.
Glide: FATAL mmlewis error: Problems remain with the following atoms:
mmlewis error:  1 14 24
run_mmlewis: Failed to generate a valid lewis structure.
GLIDE WARNING: Structure unsuitable for OPLS-AA force field: glide_dock_ligands_r05violated_3-0002_in.maegz
SKIP LIG      661 (CHEMBL5405820): STRUCTURE INCOMPATIBLE WITH FORCE FIELD
GLIDE WARNING: Will skip atomtyping, docking.
Glide: WARNING mmlewis warning: Wrong Lewis structure in structure input file
mmlewis warning: with title: CHEMBL5410220
mmlewis warning: Problems were identified with the following atoms:
mmlewis warning:  1 2 3 4 7 8 12 13 15 19 20 23 24 25 
mmlewis warning: Now attempting to fix the lewis structure.
Glide: FATAL mmlewis error: Problems remain with the following atoms:
mmlewis error:  1 23
run_mmlewis: Failed to generate a valid lewis structure.
GLIDE WARNING: Structure unsuitable for OPLS-AA force field: glide_dock_ligands_r05violated_3-0002_in.maegz
SKIP LIG      662 (CHEMBL5410220): STRUCTURE INCOMPATIBLE WITH FORCE FIELD
GLIDE WARNING: Will skip atomtyping, docking.
Glide: WARNING mmlewis warning: Wrong Lewis structure in structure input file
mmlewis warning: with title: CHEMBL5418259
mmlewis warning: Problems were identified with the following atoms:
mmlewis warning:  1 2 3 4 6 15 24 25 27 29 32 33 
mmlewis warning: Now attempting to fix the lewis structure.
Glide: FATAL mmlewis error: Problems remain with the following atoms:
mmlewis error:  1 3 6 24 25 29 34
run_mmlewis: Failed to generate a valid lewis structure.
GLIDE WARNING: Structure unsuitable for OPLS-AA force field: glide_dock_ligands_r05violated_3-0002_in.maegz
SKIP LIG      663 (CHEMBL5418259): STRUCTURE INCOMPATIBLE WITH FORCE FIELD
GLIDE WARNING: Will skip atomtyping, docking.
Glide: WARNING mmlewis warning: Wrong Lewis structure in structure input file
mmlewis warning: with title: CHEMBL5435689
mmlewis warning: Problems were identified with the following atoms:
mmlewis warning:  1 5 10 11 12 13 14 15 16 18 19 20 21 30 31 33 34 
mmlewis warning: Now attempting to fix the lewis structure.
Glide: FATAL mmlewis error: Problems remain with the following atoms:
mmlewis error:  1 14
run_mmlewis: Failed to generate a valid lewis structure.
GLIDE WARNING: Structure unsuitable for OPLS-AA force field: glide_dock_ligands_r05violated_3-0002_in.maegz
SKIP LIG      664 (CHEMBL5435689): STRUCTURE INCOMPATIBLE WITH FORCE FIELD
GLIDE WARNING: Will skip atomtyping, docking.
GLIDE WARNING: DOCKRUN: report suppressed: no output lig structures to report.

Exiting Glide
Date: Wednesday, May 07 2025, at 16:33:51 CEST
CPU time (s): 2.3 user, 0.2 system, 2.5 real
Total elapsed time = 2 seconds
[running at reduced cpu priority]
######## end of glide_dock_ligands_r05violated_3-0002.log #########
