######## begin of glide_1FJS_screening-0001.log #########
Glide version 102135 (mmshare version 65135)
mmshare         e304c7da19
glide-src       0ca00f32ab
psp-src         e85839dc34
macromodel-src  9753ab8ec4
epik-src        71ce3f965c

Copyright (c) Schrodinger, LLC.
All Rights Reserved.

--------------------------------------------------------------------------------
JobId          : aq92-0-681b50aa
Name           : glide_1FJS_screening-0001
Program        : Glide
Version        : 2024-1 build 135
Host           : aq92
Dir            : /scratch/praktikum/glide_1FJS_screening
HostEntry      : localhost
JobHost        : aq92
JobDir         : /scratch/praktikum/glide_1FJS_screening-0001
JobSchrodinger : /usr/local/schrodinger2024-1
Commandline    : /usr/local/schrodinger2024-1/glide -serial glide_1FJS_screening-0001.inp -RESTART -HOST localhost
StartTime      : 2025-05-07-14:23:07
--------------------------------------------------------------------------------

[running at reduced cpu priority]
 VdW radii of ligand atoms scaled by   0.800000000000000     
 Charge cutoff for polarity   0.150000000000000     

GLIDE CONSTRAINTS APPLIED
-------------------------
  1 out of   1 constraints used from file /media/TC_Lehre/storage/meinschad_lukas_ff_pr/2025/Day_3/glide-grid_1fjs/glide-grid_1fjs.cons
Labels and receptor types of constraints used are:
A:ASP:189:OD1(hbond) (H-bond Acceptor)

All docked poses must satisfy the specified number of
constraints in ALL of the following  1 groups.
Group   1: At least  1 of (A:ASP:189:OD1(hbond))


 After readscreen, (nx, ny, nz) = (          27 ,           25 ,           23 ).
  Receptor setup: (nsites, nx, ny, nz, bsize)=(          60 ,           27 , 
          25 ,           23 ,    1.00000000000000      ).
 Screening setup finished.
 DOCKMAIN: getting receptor.
  DOCKMAIN after grid: (nx, ny, nz) = (          72 ,           64 , 
          64 ).

 Metal   At. Num.  Eff. Charge  Category    x         y         z
 1853      20       -1.00          -1    13.039    31.706    29.272
  
 DOCKMAIN: Grid setup finished
Calling OPLS_2005 atomtyping ...
Finished parameter assignment

Reading torsion control file '/usr/local/schrodinger2024-1/glide-v10.2/bin/Linux-x86_64/../../data/torcontrol.txt':
  
  Using generalized torsion control 
  
 Number of rotatable bonds            7
 Using templates for ring conformations.

GlideScore version SP5.0 will be used

  
 Buried polar penalty      0.000
 Coulomb vdW cutoff        0.000
 H bond cutoff             0.000
 Metal-ligand cutoff      10.000
Assigning GlideScore SP5.0 parameters
 Checked constraints after refinement with max HB dsq =    16.0000000000000     
 After refinement, constraint filter reduced number of
 poses from         5000  to          562 .
 Total constraint copies over all poses =         1857
Postdocking minimization:   5 poses; CvdW cutoffs   100.0 kcal/mol for min,     0.0 kcal/mol for report.
 in ligrese
 RESIDUE MOL/CH/INS  EvdW    ECoul  HB  DCLOSE
 --------------------------------------------
RES     17    1 A      -0.10241   0.03865   0.00000   5.37137
RES     41    1 A      -0.04481  -0.31868   0.00000   7.54581
RES     42    1 A      -0.06317   0.20319   0.00000   7.13225
RES     55    1 A      -0.03938   0.39728   0.00000   7.03169
RES     57    1 A      -0.56469   1.08163   0.00000   4.32603
RES     58    1 A      -0.06149  -0.17578   0.00000   7.30168
RES     60    1 A      -0.03833   0.12327   0.00000   9.55728
RES     61    1 A      -0.08977   0.21061   0.00000   7.03200
RES     94    1 A      -0.10255   0.29736   0.00000   6.44285
RES     95    1 A      -0.13946  -0.11216   0.00000   6.40617
RES     96    1 A      -0.87746   6.90146   0.00000   2.71648
RES     97    1 A      -1.61679  -9.64043   0.00000   2.49924
RES     98    1 A      -1.43392  -0.65055   0.00000   1.98080
RES     99    1 A      -5.62209  -0.77790   0.00000   2.38593
RES    100    1 A      -0.12187 -10.03487   0.00000   5.70531
RES    102    1 A      -0.10804 -13.58562   0.00000   7.54783
RES    142    1 A      -0.05707   0.79136   0.00000   7.07738
RES    143    1 A      -0.44057  12.98356   0.00000   3.53810
RES    146    1 A      -0.84041 -19.59779   0.00000   2.66226
RES    172    1 A      -0.10173   0.98765   0.00000   6.21419
RES    173    1 A      -0.15249   0.97166   0.00000   6.10125
RES    174    1 A      -5.27289   0.00341   0.00000   2.84919
RES    175    1 A      -0.60876  -0.79519   0.00000   3.68379
RES    176    1 A      -0.14556   0.30323   0.00000   5.08498
RES    180    1 A      -0.29596   0.31376   0.00000   3.60212
RES    189    1 A      -0.31727 -50.86813  -0.18257   1.98185
RES    190    1 A      -1.92516  -5.91028   0.00000   2.06680
RES    191    1 A      -4.20376  -0.92985   0.00000   2.84100
RES    192    1 A      -4.22479   0.37811   0.00000   2.00693
RES    193    1 A      -0.26289   0.34047   0.00000   4.08227
RES    194    1 A      -0.61037 -18.02028   0.00000   4.03910
RES    195    1 A      -1.20921   0.10490   0.00000   2.52917
RES    196    1 A      -0.05891   0.43700   0.00000   5.07255
RES    197    1 A      -0.03187   0.03373   0.00000   6.04962
RES    212    1 A      -0.06327  -0.16282   0.00000   6.95924
RES    213    1 A      -1.26187   1.33128   0.00000   2.33540
RES    214    1 A      -1.31789   1.03197   0.00000   3.79445
RES    215    1 A     -10.00225  -3.13944   0.00000   2.45303
RES    216    1 A      -5.54915   0.23184   0.00000   2.12843
RES    217    1 A      -2.05454 -18.05189   0.00000   2.75162
RES    218    1 A      -2.85292  -5.84349   0.00000   2.36108
RES    220    1 A      -2.50946   4.11735   0.00000   2.59263
RES    221    1 A      -0.21407   2.55561   0.00000   3.31320
RES    222    1 A      -0.21656  18.00484   0.00000   5.33381
RES    224    1 A      -0.13308  16.12184   0.00000   5.72074
RES    225    1 A      -0.35363  -0.06233   0.00000   4.27245
RES    226    1 A      -0.90056   3.16796   0.00000   2.19316
RES    227    1 A      -0.78086  -0.96212   0.00000   2.93881
RES    228    1 A      -0.31268  -0.44680   0.00000   4.80362
RES    229    1 A      -0.03946  -0.67252   0.00000   7.98703
Pose  637 Emodel = -115.22 E =  -68.32 GlideScore =  -10.30
Constraint(s) matched for ligand        1, pose    637
Score =    -10.303
Emodel =   -115.220

The output pose satisfies at least the following constraint(s).
A:ASP:189:OD1(hbond) (Type = H-bond Acceptor)
 
GlideScore(  -10.30)+Epik State Penalty(    0.04) =   -10.26 kcal/mol
DOCKING RESULTS FOR LIGAND        1 (15650 Known Active)
   Except for Best Emodel, the poses reported here
   may not satisfy the user-specified constraints.
Best Emodel=  -115.22 E=   -68.32 Eint=     7.40 GlideScore=   -10.30
Calling OPLS_2005 atomtyping ...
Finished parameter assignment
 Number of rotatable bonds            7
 Using templates for ring conformations.
 Checked constraints after refinement with max HB dsq =    16.0000000000000     
 After refinement, constraint filter reduced number of
 poses from         5000  to          557 .
 Total constraint copies over all poses =         1342
 in ligrese
 RESIDUE MOL/CH/INS  EvdW    ECoul  HB  DCLOSE
 --------------------------------------------
RES     17    1 A      -0.10512  -0.07941   0.00000   5.96093
RES     41    1 A      -0.04391   0.09502   0.00000   7.63606
RES     42    1 A      -0.06144   0.01514   0.00000   7.22287
RES     55    1 A      -0.03821   0.00897   0.00000   7.06945
RES     57    1 A      -0.54800  -0.29817   0.00000   4.38807
RES     58    1 A      -0.05995   0.05826   0.00000   7.39258
RES     60    1 A      -0.03845  -0.03583   0.00000   9.45339
RES     61    1 A      -0.08889   0.13590   0.00000   7.11002
RES     94    1 A      -0.09923   0.05299   0.00000   6.50189
RES     95    1 A      -0.13443  -0.03808   0.00000   6.39988
RES     96    1 A      -0.90706  -0.37943   0.00000   2.75088
RES     97    1 A      -1.13049  -1.17384   0.00000   2.46032
RES     98    1 A      -1.89150  -0.22802   0.00000   2.13472
RES     99    1 A      -5.20655  -0.90854   0.00000   2.32190
RES    100    1 A      -0.10869  -1.00122   0.00000   5.85982
RES    102    1 A      -0.10260  -0.13480   0.00000   7.56725
RES    142    1 A      -0.05708  -0.30122   0.00000   7.10540
RES    143    1 A      -0.44053  -1.06981   0.00000   3.51065
RES    146    1 A      -0.82474   0.18806   0.00000   2.73989
RES    172    1 A      -0.09924   0.03206   0.00000   6.09042
RES    173    1 A      -0.15393   0.10732   0.00000   6.04045
RES    174    1 A      -5.04305   0.02491   0.00000   2.57417
RES    175    1 A      -0.55728  -0.27974   0.00000   3.78357
RES    176    1 A      -0.13176   0.00452   0.00000   5.27868
RES    180    1 A      -0.24126  -0.00109   0.00000   3.90954
RES    189    1 A       0.29439  -5.65061  -0.14008   1.91775
RES    190    1 A      -2.18233   0.27416   0.00000   2.59763
RES    191    1 A      -4.22676  -1.45821   0.00000   2.96325
RES    192    1 A      -4.20407  -0.41764   0.00000   2.05797
RES    193    1 A      -0.25497  -0.01792   0.00000   4.17955
RES    194    1 A      -0.60788   1.39792   0.00000   4.02729
RES    195    1 A      -1.21222   0.09074   0.00000   2.60450
RES    196    1 A      -0.05701   0.00703   0.00000   5.10800
RES    197    1 A      -0.03128  -0.06710   0.00000   6.07359
RES    212    1 A      -0.06145  -0.04631   0.00000   7.04963
RES    213    1 A      -1.24070   0.09515   0.00000   2.29148
RES    214    1 A      -1.26502   0.43665   0.00000   3.80641
RES    215    1 A     -10.04519  -2.48465   0.00000   2.67310
RES    216    1 A      -5.33359  -0.36885   0.00000   2.15927
RES    217    1 A      -2.13947  -0.41073   0.00000   2.69063
RES    218    1 A      -2.76730   1.55199   0.00000   2.29961
RES    220    1 A      -2.55169   1.19990   0.00000   2.69094
RES    221    1 A      -0.23210   0.40227   0.00000   3.01997
RES    222    1 A      -0.22431   0.14020   0.00000   5.26693
RES    224    1 A      -0.14040   0.60504   0.00000   5.21415
RES    225    1 A      -0.37112   0.03273   0.00000   3.84992
RES    226    1 A      -0.88127   0.28772   0.00000   2.13676
RES    227    1 A      -0.72277   0.04036   0.00000   3.03613
RES    228    1 A      -0.30382   0.00230   0.00000   4.93855
RES    229    1 A      -0.03768   0.00013   0.00000   8.08894
Pose  166 Emodel =  -91.71 E =  -62.57 GlideScore =   -8.95
Constraint(s) matched for ligand        2, pose    166
Score =     -8.952
Emodel =    -91.706

The output pose satisfies at least the following constraint(s).
A:ASP:189:OD1(hbond) (Type = H-bond Acceptor)
 
GlideScore(   -8.95)+Epik State Penalty(    1.57) =    -7.38 kcal/mol
DOCKING RESULTS FOR LIGAND        2 (15650 Known Active)
   Except for Best Emodel, the poses reported here
   may not satisfy the user-specified constraints.
Best Emodel=   -91.71 E=   -62.57 Eint=     9.38 GlideScore=    -8.95
Calling OPLS_2005 atomtyping ...
Finished parameter assignment
 Number of rotatable bonds            8
 Using templates for ring conformations.
 Checked constraints after refinement with max HB dsq =    16.0000000000000     
 After refinement, constraint filter reduced number of
 poses from         5000  to          481 .
 Total constraint copies over all poses =         1256
 in ligrese
 RESIDUE MOL/CH/INS  EvdW    ECoul  HB  DCLOSE
 --------------------------------------------
RES     17    1 A      -0.11145  -0.05068   0.00000   6.44604
RES     41    1 A      -0.03750  -0.45959   0.00000   7.73183
RES     42    1 A      -0.05610   0.24690   0.00000   7.41349
RES     55    1 A      -0.03550   0.40553   0.00000   6.88288
RES     57    1 A      -0.49870   1.47460   0.00000   4.36644
RES     58    1 A      -0.05432  -0.25057   0.00000   7.64700
RES     60    1 A      -0.02866   0.15651   0.00000  10.32689
RES     61    1 A      -0.07604   0.06819   0.00000   7.41184
RES     94    1 A      -0.07741   0.24065   0.00000   6.86934
RES     95    1 A      -0.11233  -0.04630   0.00000   5.46287
RES     96    1 A      -0.65521   7.37606   0.00000   3.02167
RES     97    1 A      -1.22652  -9.58570   0.00000   2.51456
RES     98    1 A      -1.49242  -0.42498   0.00000   2.17342
RES     99    1 A      -4.16859  -0.04370   0.00000   2.91866
RES    100    1 A      -0.09432  -9.40007   0.00000   5.26471
RES    102    1 A      -0.08797 -13.88616   0.00000   7.20654
RES    142    1 A      -0.04746   1.13910   0.00000   7.51303
RES    143    1 A      -0.18079  14.57352   0.00000   5.58355
RES    146    1 A      -0.23006 -18.45535   0.00000   5.19592
RES    172    1 A      -0.09333   0.80630   0.00000   5.30749
RES    173    1 A      -0.13037   0.68125   0.00000   6.62962
RES    174    1 A      -4.10633   0.31097   0.00000   2.66315
RES    175    1 A      -0.33219  -0.64950   0.00000   4.14056
RES    176    1 A      -0.10950   0.28772   0.00000   5.43484
RES    180    1 A      -0.20277   0.34725   0.00000   4.16574
RES    189    1 A       1.98982 -53.02051  -0.40000   1.72481
RES    190    1 A      -2.00638  -1.00813   0.00000   2.07297
RES    191    1 A      -3.68026   0.05038   0.00000   2.85737
RES    192    1 A      -2.76827   1.70690   0.00000   2.50762
RES    193    1 A      -0.20910   0.43232   0.00000   4.35848
RES    194    1 A      -0.56425 -19.49295   0.00000   4.35970
RES    195    1 A      -1.21308   0.02794   0.00000   2.74955
RES    196    1 A      -0.05711   0.51513   0.00000   5.03651
RES    197    1 A      -0.03256   0.10232   0.00000   6.11922
RES    212    1 A      -0.06773  -0.07529   0.00000   6.79915
RES    213    1 A      -1.07601   1.70197   0.00000   1.98132
RES    214    1 A      -1.36940   0.90297   0.00000   3.45736
RES    215    1 A      -8.53038  -1.65096   0.00000   2.40074
RES    216    1 A      -4.18933  -3.60582  -0.32000   1.78777
RES    217    1 A      -2.16764 -15.79510   0.00000   2.42701
RES    218    1 A      -1.91365  -6.30906   0.00000   2.15286
RES    220    1 A      -2.21964   1.02790   0.00000   2.38849
RES    221    1 A      -0.27887   2.14513   0.00000   2.92212
RES    222    1 A      -0.22853  15.54463   0.00000   4.87598
RES    224    1 A      -0.16808  14.04702   0.00000   5.44156
RES    225    1 A      -0.53761   0.55301   0.00000   4.30965
RES    226    1 A      -0.35822   2.77497   0.00000   2.31080
RES    227    1 A      -0.90731  -1.53143   0.00000   3.95416
RES    228    1 A      -0.48814  -0.58655   0.00000   4.08296
RES    229    1 A      -0.03754  -0.71122   0.00000   7.79947
Pose  443 Emodel = -105.76 E =  -61.09 GlideScore =  -10.96
Constraint(s) matched for ligand        3, pose    443
Score =    -10.962
Emodel =   -105.757

The output pose satisfies at least the following constraint(s).
A:ASP:189:OD1(hbond) (Type = H-bond Acceptor)
 
GlideScore(  -10.96)+Epik State Penalty(    0.00) =   -10.96 kcal/mol
DOCKING RESULTS FOR LIGAND        3 (16088 Known Active)
   Except for Best Emodel, the poses reported here
   may not satisfy the user-specified constraints.
Best Emodel=  -105.76 E=   -61.09 Eint=     6.50 GlideScore=   -10.96
Calling OPLS_2005 atomtyping ...
Finished parameter assignment
 Number of rotatable bonds            9
 Using templates for ring conformations.
 Checked constraints after refinement with max HB dsq =    16.0000000000000     
 After refinement, constraint filter reduced number of
 poses from         5000  to         1673 .
 Total constraint copies over all poses =         6248
 in ligrese
 RESIDUE MOL/CH/INS  EvdW    ECoul  HB  DCLOSE
 --------------------------------------------
RES     17    1 A      -0.11553  -0.04522   0.00000   6.45220
RES     41    1 A      -0.03682  -0.38552   0.00000   7.68412
RES     42    1 A      -0.05401   0.26543   0.00000   7.42704
RES     55    1 A      -0.03569   0.43910   0.00000   6.89156
RES     57    1 A      -0.49781   1.64888   0.00000   4.33353
RES     58    1 A      -0.05355  -0.21657   0.00000   7.67866
RES     60    1 A      -0.02962   0.14488   0.00000   9.43813
RES     61    1 A      -0.07850   0.15602   0.00000   6.55352
RES     94    1 A      -0.08474   0.28264   0.00000   6.06920
RES     95    1 A      -0.11084  -0.12667   0.00000   5.27353
RES     96    1 A      -0.45048   7.36224   0.00000   3.85413
RES     97    1 A      -1.36435  -9.24677   0.00000   2.69102
RES     98    1 A      -1.04651  -0.44517   0.00000   2.07988
RES     99    1 A      -4.79324  -0.43821   0.00000   2.07899
RES    100    1 A      -0.11340  -9.59523   0.00000   4.93381
RES    102    1 A      -0.09849 -14.19160   0.00000   6.76196
RES    142    1 A      -0.04905   0.99488   0.00000   7.39975
RES    143    1 A      -0.20870  13.92690   0.00000   5.20770
RES    146    1 A      -0.29219 -19.46232   0.00000   4.19323
RES    172    1 A      -0.07477   0.88232   0.00000   6.49022
RES    173    1 A      -0.11287   0.87565   0.00000   6.33049
RES    174    1 A      -4.12724   0.34214   0.00000   2.04667
RES    175    1 A      -0.34924  -0.60391   0.00000   3.93936
RES    176    1 A      -0.10117   0.30006   0.00000   5.70757
RES    180    1 A      -0.24233   0.37042   0.00000   3.89417
RES    189    1 A       2.00452 -53.18210  -0.40000   1.72846
RES    190    1 A      -1.99493  -1.12530   0.00000   2.06195
RES    191    1 A      -3.53196  -0.48937   0.00000   2.68593
RES    192    1 A      -3.03420   1.16846   0.00000   2.94638
RES    193    1 A      -0.20877   0.38306   0.00000   4.26270
RES    194    1 A      -0.56235 -18.96564   0.00000   4.42644
RES    195    1 A      -1.12669   0.17880   0.00000   2.73414
RES    196    1 A      -0.05510   0.53406   0.00000   5.07194
RES    197    1 A      -0.03180   0.06389   0.00000   6.18049
RES    212    1 A      -0.06669  -0.10794   0.00000   6.83438
RES    213    1 A      -1.17189   1.69470   0.00000   2.05339
RES    214    1 A      -1.30824   0.75881   0.00000   3.41043
RES    215    1 A      -8.70224  -2.06301   0.00000   2.79878
RES    216    1 A      -5.18409  -1.02245   0.00000   2.50450
RES    217    1 A      -1.79073 -16.68400   0.00000   2.84099
RES    218    1 A      -2.31568  -5.82081   0.00000   2.15368
RES    220    1 A      -2.56913   1.16858   0.00000   2.39656
RES    221    1 A      -0.28306   2.15467   0.00000   2.92037
RES    222    1 A      -0.20082  17.70074   0.00000   4.87027
RES    224    1 A      -0.15240  15.11237   0.00000   5.43249
RES    225    1 A      -0.53175   0.51240   0.00000   4.30275
RES    226    1 A      -0.34952   2.74765   0.00000   2.30243
RES    227    1 A      -0.88468  -1.53776   0.00000   3.91028
RES    228    1 A      -0.48363  -0.57584   0.00000   4.08711
RES    229    1 A      -0.03852  -0.73021   0.00000   7.81282
Pose  321 Emodel = -100.31 E =  -58.82 GlideScore =   -9.95
Constraint(s) matched for ligand        4, pose    321
Score =     -9.954
Emodel =   -100.315

The output pose satisfies at least the following constraint(s).
A:ASP:189:OD1(hbond) (Type = H-bond Acceptor)
 
GlideScore(   -9.95)+Epik State Penalty(    0.00) =    -9.95 kcal/mol
DOCKING RESULTS FOR LIGAND        4 (1167 Known Active)
   Except for Best Emodel, the poses reported here
   may not satisfy the user-specified constraints.
Best Emodel=  -100.31 E=   -58.82 Eint=     4.21 GlideScore=    -9.95
Calling OPLS_2005 atomtyping ...
Finished parameter assignment
 Number of rotatable bonds           12
 Using templates for ring conformations.
 Checked constraints after refinement with max HB dsq =    16.0000000000000     
 After refinement, constraint filter reduced number of
 poses from         5000  to         3706 .
 Total constraint copies over all poses =        14137
 in ligrese
 RESIDUE MOL/CH/INS  EvdW    ECoul  HB  DCLOSE
 --------------------------------------------
RES     17    1 A      -0.11589  -0.08683   0.00000   6.51408
RES     41    1 A      -0.06964  -0.56358   0.00000   6.62705
RES     42    1 A      -0.10691   0.16513   0.00000   6.42780
RES     55    1 A      -0.05539   0.50939   0.00000   6.33769
RES     57    1 A      -1.84019   2.08199   0.00000   2.65803
RES     58    1 A      -0.11198  -0.35672   0.00000   6.33005
RES     60    1 A      -0.04547   0.24703   0.00000   7.84021
RES     61    1 A      -0.20248   0.27248   0.00000   4.81525
RES     94    1 A      -0.08719   0.29045   0.00000   6.58643
RES     95    1 A      -0.09214  -0.09838   0.00000   6.20465
RES     96    1 A      -0.41241   7.87100   0.00000   3.90612
RES     97    1 A      -1.17328 -10.31011   0.00000   2.46034
RES     98    1 A      -1.29234  -0.58924   0.00000   2.58345
RES     99    1 A      -0.41794   0.70049   0.00000   2.03877
RES    100    1 A      -0.08479  -9.87710   0.00000   5.47587
RES    102    1 A      -0.12107 -15.66837   0.00000   6.54933
RES    142    1 A      -0.05860   1.05907   0.00000   7.33335
RES    143    1 A      -0.21132  13.19984   0.00000   5.92803
RES    146    1 A      -0.24243 -16.96868   0.00000   5.38069
RES    172    1 A      -0.13505   0.77478   0.00000   5.49529
RES    173    1 A      -0.31025   0.76062   0.00000   4.60897
RES    174    1 A      -8.15509   0.17784   0.00000   2.26373
RES    175    1 A      -0.32210  -0.61403   0.00000   4.80283
RES    176    1 A      -0.11833   0.29193   0.00000   5.29631
RES    180    1 A      -0.19080   0.41152   0.00000   4.61780
RES    189    1 A       2.26537 -52.46003  -0.40000   1.72985
RES    190    1 A      -2.09645  -0.78916   0.00000   2.04286
RES    191    1 A      -3.73226  -0.51224   0.00000   2.75065
RES    192    1 A      -3.29224   0.95376   0.00000   2.35143
RES    193    1 A      -0.38090   0.63923   0.00000   3.79012
RES    194    1 A      -0.65362 -19.25386   0.00000   4.33076
RES    195    1 A      -1.46865  -2.05011  -0.32000   2.03409
RES    196    1 A      -0.07333   0.54248   0.00000   5.26427
RES    197    1 A      -0.03656   0.06733   0.00000   6.32083
RES    212    1 A      -0.07272  -0.03325   0.00000   7.06224
RES    213    1 A      -1.32206   1.43064   0.00000   2.28922
RES    214    1 A      -1.64118  -0.09533   0.00000   3.21216
RES    215    1 A     -10.06222  -1.81100   0.00000   1.99992
RES    216    1 A      -4.67095   0.32293   0.00000   2.40240
RES    217    1 A      -3.41745 -16.34983   0.00000   2.15490
RES    218    1 A      -1.16504  -6.18684   0.00000   2.13892
RES    220    1 A      -2.21634   1.68037   0.00000   2.44263
RES    221    1 A      -0.29167   2.16680   0.00000   2.91748
RES    222    1 A      -0.45856  15.90852   0.00000   2.92061
RES    224    1 A      -0.23627  14.40204   0.00000   5.35637
RES    225    1 A      -0.57594   0.61783   0.00000   4.23140
RES    226    1 A      -0.50033   2.61008   0.00000   2.32159
RES    227    1 A      -0.91496  -1.59171   0.00000   4.03452
RES    228    1 A      -0.46637  -0.51289   0.00000   4.15883
RES    229    1 A      -0.04213  -0.69483   0.00000   7.97956
Pose  923 Emodel = -115.14 E =  -66.49 GlideScore =  -11.00
Constraint(s) matched for ligand        5, pose    923
Score =    -11.005
Emodel =   -115.142

The output pose satisfies at least the following constraint(s).
A:ASP:189:OD1(hbond) (Type = H-bond Acceptor)
 
GlideScore(  -11.00)+Epik State Penalty(    0.40) =   -10.61 kcal/mol
DOCKING RESULTS FOR LIGAND        5 (15722 Known Active)
   Except for Best Emodel, the poses reported here
   may not satisfy the user-specified constraints.
Best Emodel=  -115.14 E=   -66.49 Eint=     9.79 GlideScore=   -11.00
Calling OPLS_2005 atomtyping ...
Finished parameter assignment
 Number of rotatable bonds           12
 Using templates for ring conformations.
 Checked constraints after refinement with max HB dsq =    16.0000000000000     
 After refinement, constraint filter reduced number of
 poses from         5000  to         2002 .
 Total constraint copies over all poses =         7057
 in ligrese
 RESIDUE MOL/CH/INS  EvdW    ECoul  HB  DCLOSE
 --------------------------------------------
RES     17    1 A      -0.11337  -0.03065   0.00000   6.45369
RES     41    1 A      -0.06882  -1.06540   0.00000   6.64670
RES     42    1 A      -0.09947   0.05466   0.00000   6.52309
RES     55    1 A      -0.05022   0.98137   0.00000   7.08912
RES     57    1 A      -1.25251   2.87188   0.00000   3.36790
RES     58    1 A      -0.10295  -0.69508   0.00000   6.51662
RES     60    1 A      -0.05202   0.50060   0.00000   7.46150
RES     61    1 A      -0.27093   0.47383   0.00000   4.33120
RES     94    1 A      -0.09487   0.62969   0.00000   7.11023
RES     95    1 A      -0.11191  -0.19710   0.00000   6.13455
RES     96    1 A      -0.44205  17.49120   0.00000   4.83245
RES     97    1 A      -1.07110 -22.94633   0.00000   2.30146
RES     98    1 A       0.53123  -1.21404   0.00000   2.19643
RES     99    1 A      -4.53775  -0.33454   0.00000   2.10328
RES    100    1 A      -0.11153 -20.59536   0.00000   5.18140
RES    102    1 A      -0.11596 -31.45757   0.00000   7.15133
RES    142    1 A      -0.05539   1.92077   0.00000   7.48377
RES    143    1 A      -0.20113  28.48831   0.00000   6.07426
RES    146    1 A      -0.21919 -33.49324   0.00000   5.37501
RES    172    1 A      -0.11006   1.51828   0.00000   5.66989
RES    173    1 A      -0.19076   1.88397   0.00000   5.48813
RES    174    1 A      -6.07071   0.03473   0.00000   2.62222
RES    175    1 A      -0.40265  -1.39983   0.00000   4.47090
RES    176    1 A      -0.12233   0.53267   0.00000   5.80479
RES    180    1 A      -0.25040   0.63243   0.00000   4.21212
RES    189    1 A       2.23179 -68.86808  -0.40000   1.72560
RES    190    1 A      -2.04931  -0.99826   0.00000   2.06024
RES    191    1 A      -3.68607   0.01382   0.00000   2.76802
RES    192    1 A      -3.45852   2.68701   0.00000   2.49797
RES    193    1 A      -0.34526   1.14110   0.00000   3.83717
RES    194    1 A      -0.61331 -32.22348   0.00000   4.42785
RES    195    1 A      -1.21774  -2.05385  -0.32000   2.04051
RES    196    1 A      -0.06820   0.90560   0.00000   5.27482
RES    197    1 A      -0.03500  -0.00672   0.00000   6.36936
RES    212    1 A      -0.07051  -0.13299   0.00000   7.05414
RES    213    1 A      -1.29266   1.76157   0.00000   2.32788
RES    214    1 A      -1.45352  -0.96950   0.00000   3.51240
RES    215    1 A      -9.57635   1.44704   0.00000   1.98880
RES    216    1 A      -3.99611  -3.40054   0.00000   2.30667
RES    217    1 A      -2.81190 -33.60782   0.00000   2.73631
RES    218    1 A      -0.93475  -7.83659   0.00000   2.14138
RES    220    1 A      -2.16007   0.51947   0.00000   2.43533
RES    221    1 A      -0.28687   2.57566   0.00000   2.89714
RES    222    1 A      -0.23537  31.92195   0.00000   4.84650
RES    224    1 A      -0.18408  27.96164   0.00000   5.41363
RES    225    1 A      -0.56298   0.08105   0.00000   4.29116
RES    226    1 A      -0.49031   3.59411   0.00000   2.32000
RES    227    1 A      -0.90442  -1.87642   0.00000   4.03363
RES    228    1 A      -0.46303  -0.81461   0.00000   4.15318
RES    229    1 A      -0.04205  -1.12610   0.00000   7.96348
Pose  640 Emodel = -118.30 E =  -65.58 GlideScore =  -10.99
Constraint(s) matched for ligand        6, pose    640
Score =    -10.993
Emodel =   -118.296

The output pose satisfies at least the following constraint(s).
A:ASP:189:OD1(hbond) (Type = H-bond Acceptor)
 
GlideScore(  -10.99)+Epik State Penalty(    0.47) =   -10.53 kcal/mol
DOCKING RESULTS FOR LIGAND        6 (15722 Known Active)
   Except for Best Emodel, the poses reported here
   may not satisfy the user-specified constraints.
Best Emodel=  -118.30 E=   -65.58 Eint=     6.49 GlideScore=   -10.99
Calling OPLS_2005 atomtyping ...
Finished parameter assignment
 Number of rotatable bonds           12
 Using templates for ring conformations.
 Checked constraints after refinement with max HB dsq =    16.0000000000000     
 After refinement, constraint filter reduced number of
 poses from         5000  to         1278 .
 Total constraint copies over all poses =         4341
 in ligrese
 RESIDUE MOL/CH/INS  EvdW    ECoul  HB  DCLOSE
 --------------------------------------------
RES     17    1 A      -0.11570  -0.06728   0.00000   6.44336
RES     41    1 A      -0.05906  -0.80013   0.00000   6.93717
RES     42    1 A      -0.08316   0.13522   0.00000   6.57968
RES     55    1 A      -0.04235   0.98365   0.00000   7.07237
RES     57    1 A      -0.69171   2.75158   0.00000   3.73163
RES     58    1 A      -0.07595  -0.44269   0.00000   6.77077
RES     60    1 A      -0.03578   0.29169   0.00000   9.80773
RES     61    1 A      -0.12363   0.55404   0.00000   6.43672
RES     94    1 A      -0.07941   0.70113   0.00000   6.73244
RES     95    1 A      -0.09982  -0.39340   0.00000   5.73342
RES     96    1 A      -0.46675  17.90347   0.00000   4.04603
RES     97    1 A      -0.91364 -33.95368   0.00000   2.50624
RES     98    1 A      -0.97262  -1.64963   0.00000   2.65695
RES     99    1 A      -4.13650  -1.41912   0.00000   2.54505
RES    100    1 A      -0.08885 -23.74423   0.00000   5.20563
RES    102    1 A      -0.09946 -30.75758   0.00000   7.28806
RES    142    1 A      -0.05538   1.55976   0.00000   7.59551
RES    143    1 A      -0.24742  25.01730   0.00000   5.31860
RES    146    1 A      -0.27891 -29.79801   0.00000   5.37999
RES    172    1 A      -0.10972   1.17852   0.00000   5.59657
RES    173    1 A      -0.23226   2.02946   0.00000   5.28456
RES    174    1 A      -6.08911  -0.00348   0.00000   2.12981
RES    175    1 A      -0.22917  -1.97317   0.00000   5.56213
RES    176    1 A      -0.09622   0.46854   0.00000   6.45947
RES    180    1 A      -0.17973   0.56745   0.00000   4.69008
RES    189    1 A       2.13610 -64.88474  -0.40000   1.73389
RES    190    1 A      -1.95612  -0.96573   0.00000   2.04803
RES    191    1 A      -3.72194  -0.30801   0.00000   2.77587
RES    192    1 A      -4.67240   2.00136   0.00000   2.38507
RES    193    1 A      -0.32150   0.82073   0.00000   4.05629
RES    194    1 A      -0.59496 -29.04046   0.00000   4.45895
RES    195    1 A      -1.11839  -1.30972  -0.32000   2.06350
RES    196    1 A      -0.06369   0.84177   0.00000   5.27000
RES    197    1 A      -0.03379  -0.13215   0.00000   6.37986
RES    212    1 A      -0.06773  -0.26555   0.00000   7.06832
RES    213    1 A      -1.28389   1.59549   0.00000   2.35144
RES    214    1 A      -1.40773  -0.37641   0.00000   3.48090
RES    215    1 A      -8.52457  -3.32143   0.00000   2.11894
RES    216    1 A      -5.88557   0.30164   0.00000   2.56583
RES    217    1 A      -2.65825 -34.98111   0.00000   2.24822
RES    218    1 A      -1.29174  -6.94569   0.00000   2.15078
RES    220    1 A      -2.22847   1.17383   0.00000   2.42331
RES    221    1 A      -0.28979   2.45809   0.00000   2.90130
RES    222    1 A      -0.29412  29.09731   0.00000   4.85693
RES    224    1 A      -0.20317  27.93049   0.00000   5.42947
RES    225    1 A      -0.55699   0.23013   0.00000   4.30362
RES    226    1 A      -0.50049   3.09476   0.00000   2.32699
RES    227    1 A      -0.88459  -1.30429   0.00000   4.03561
RES    228    1 A      -0.45889  -0.78919   0.00000   4.13764
RES    229    1 A      -0.03941  -1.02242   0.00000   7.99542
Pose  690 Emodel = -127.60 E =  -67.33 GlideScore =  -11.92
Constraint(s) matched for ligand        7, pose    690
Score =    -11.918
Emodel =   -127.601

The output pose satisfies at least the following constraint(s).
A:ASP:189:OD1(hbond) (Type = H-bond Acceptor)
 
GlideScore(  -11.92)+Epik State Penalty(    2.40) =    -9.52 kcal/mol
DOCKING RESULTS FOR LIGAND        7 (15722 Known Active)
   Except for Best Emodel, the poses reported here
   may not satisfy the user-specified constraints.
Best Emodel=  -127.60 E=   -67.33 Eint=     4.53 GlideScore=   -11.92
Calling OPLS_2005 atomtyping ...
Finished parameter assignment
 Number of rotatable bonds           12
 Using templates for ring conformations.
 Checked constraints after refinement with max HB dsq =    16.0000000000000     
 After refinement, constraint filter reduced number of
 poses from         5000  to          529 .
 Total constraint copies over all poses =         1604
 in ligrese
 RESIDUE MOL/CH/INS  EvdW    ECoul  HB  DCLOSE
 --------------------------------------------
RES     17    1 A      -0.10842  -0.01894   0.00000   6.30417
RES     41    1 A      -0.06601  -1.23165   0.00000   6.62590
RES     42    1 A      -0.09908  -0.13006   0.00000   6.17906
RES     55    1 A      -0.05316   1.53956   0.00000   6.85310
RES     57    1 A      -1.41300   3.67071   0.00000   2.98329
RES     58    1 A      -0.10390  -0.86038   0.00000   6.53956
RES     60    1 A      -0.05484   0.62001   0.00000   9.03193
RES     61    1 A      -0.18578   1.32365   0.00000   5.98733
RES     94    1 A      -0.10132   0.95141   0.00000   6.12088
RES     95    1 A      -0.11348  -0.04601   0.00000   6.27618
RES     96    1 A      -0.19036  28.16557   0.00000   2.38978
RES     97    1 A      -2.15994 -54.59675   0.00000   2.24761
RES     98    1 A      -0.52209  -1.60215   0.00000   4.98943
RES     99    1 A      -5.05183  -0.86780   0.00000   2.18320
RES    100    1 A      -0.05383 -33.71880   0.00000   7.63164
RES    102    1 A      -0.11572 -48.53577   0.00000   6.46512
RES    142    1 A      -0.05419   2.17696   0.00000   7.56218
RES    143    1 A      -0.21181  38.17108   0.00000   5.82364
RES    146    1 A      -0.24933 -42.91248   0.00000   5.16984
RES    172    1 A      -0.10622   1.47039   0.00000   6.32858
RES    173    1 A      -0.63036   2.36551   0.00000   2.81594
RES    174    1 A      -6.07239   0.80620   0.00000   2.14931
RES    175    1 A      -0.12346  -1.84677   0.00000   6.20295
RES    176    1 A      -0.06412   0.58993   0.00000   7.43341
RES    180    1 A      -0.09079   0.92611   0.00000   6.37416
RES    189    1 A      -0.82839 -71.10931  -0.38067   1.88264
RES    190    1 A      -2.23161  -0.86762   0.00000   2.33048
RES    191    1 A      -3.08792   0.05383   0.00000   2.55639
RES    192    1 A      -3.28963   2.62388   0.00000   2.46368
RES    193    1 A      -0.32675   1.20082   0.00000   4.14350
RES    194    1 A      -0.54964 -39.57968   0.00000   4.85592
RES    195    1 A      -1.13297   0.27252   0.00000   2.38737
RES    196    1 A      -0.06742   1.21786   0.00000   5.46629
RES    197    1 A      -0.03277  -0.30273   0.00000   6.71708
RES    212    1 A      -0.06687  -0.26014   0.00000   7.10637
RES    213    1 A      -1.11456   1.45630   0.00000   2.86943
RES    214    1 A      -1.76170  -3.82731   0.00000   3.01461
RES    215    1 A      -6.86458   1.38695   0.00000   2.00302
RES    216    1 A      -4.13898  -1.56998   0.00000   2.69498
RES    217    1 A      -3.70872 -49.48545   0.00000   2.11217
RES    218    1 A      -1.49685  -7.23107   0.00000   2.12169
RES    220    1 A      -2.02717   0.15514   0.00000   2.32914
RES    221    1 A      -0.25990   2.41963   0.00000   3.10575
RES    222    1 A      -0.70051  43.77775   0.00000   2.34868
RES    224    1 A      -0.29685  39.22281   0.00000   4.13798
RES    225    1 A      -0.48662  -0.03330   0.00000   4.22631
RES    226    1 A      -0.63150   3.96170   0.00000   2.24429
RES    227    1 A      -0.81183  -2.01904   0.00000   3.80899
RES    228    1 A      -0.41674  -0.86100   0.00000   4.20123
RES    229    1 A      -0.03806  -1.24294   0.00000   7.95259
Pose  465 Emodel =  -97.77 E =  -60.19 GlideScore =   -8.32
Constraint(s) matched for ligand        8, pose    465
Score =     -8.315
Emodel =    -97.774

The output pose satisfies at least the following constraint(s).
A:ASP:189:OD1(hbond) (Type = H-bond Acceptor)
 
GlideScore(   -8.32)+Epik State Penalty(    2.47) =    -5.85 kcal/mol
DOCKING RESULTS FOR LIGAND        8 (15722 Known Active)
   Except for Best Emodel, the poses reported here
   may not satisfy the user-specified constraints.
Best Emodel=   -97.77 E=   -60.19 Eint=     9.06 GlideScore=    -8.32
Calling OPLS_2005 atomtyping ...
Finished parameter assignment
 Number of rotatable bonds            3
 Using templates for ring conformations.
 Checked constraints after refinement with max HB dsq =    16.0000000000000     
 After refinement, constraint filter reduced number of
 poses from         5000  to           76 .
 Total constraint copies over all poses =          116
NO POSES STORED FOR LIGAND        9 (151943)
Calling OPLS_2005 atomtyping ...
Finished parameter assignment
 Number of rotatable bonds            3
 Using templates for ring conformations.
 Checked constraints after refinement with max HB dsq =    16.0000000000000     
 After refinement, constraint filter reduced number of
 poses from         5000  to          195 .
 Total constraint copies over all poses =          333
 in ligrese
 RESIDUE MOL/CH/INS  EvdW    ECoul  HB  DCLOSE
 --------------------------------------------
RES     17    1 A      -0.14897  -0.17018   0.00000   5.19426
RES     41    1 A      -0.19416  -0.46968   0.00000   5.32983
RES     42    1 A      -0.25247   0.25449   0.00000   4.80131
RES     55    1 A      -0.06480   0.61160   0.00000   6.38592
RES     57    1 A      -1.05347   2.73475   0.00000   2.10002
RES     58    1 A      -0.20175  -0.30811   0.00000   5.03039
RES     60    1 A      -0.05286   0.24688   0.00000   6.89473
RES     61    1 A      -1.27915  -0.03413   0.00000   2.90870
RES     94    1 A      -0.02622   0.30597   0.00000   8.90026
RES     95    1 A      -0.00822  -0.08533   0.00000  12.43919
RES     96    1 A      -0.02110   7.89843   0.00000  10.13093
RES     97    1 A      -0.01085  -8.80686   0.00000  12.99657
RES     98    1 A      -0.01539  -0.44057   0.00000  10.82935
RES     99    1 A      -0.47879   0.05236   0.00000   4.61854
RES    100    1 A      -0.01156 -10.03278   0.00000  11.10564
RES    102    1 A      -0.08881 -17.45132   0.00000   6.25468
RES    142    1 A      -0.07643   0.90321   0.00000   7.58685
RES    143    1 A      -0.34397  11.41438   0.00000   6.05361
RES    146    1 A      -0.31692 -14.99589   0.00000   4.62545
RES    172    1 A      -0.01744   0.79118   0.00000   9.66622
RES    173    1 A      -0.01053   0.68373   0.00000  10.72161
RES    174    1 A      -0.04590   0.06673   0.00000   9.80043
RES    175    1 A      -0.01044  -0.51235   0.00000  11.93006
RES    176    1 A      -0.02420   0.36812   0.00000   8.89671
RES    180    1 A      -0.05142   0.62232   0.00000   7.50814
RES    189    1 A      -2.01943 -42.33143  -0.20000   2.02969
RES    190    1 A      -1.58537  -0.84791   0.00000   2.32665
RES    191    1 A      -4.97009  -0.78071   0.00000   2.43864
RES    192    1 A      -6.52827  -0.07186   0.00000   2.76690
RES    193    1 A      -0.55877   0.53307   0.00000   3.77420
RES    194    1 A      -0.81650 -19.21188   0.00000   4.93993
RES    195    1 A      -2.10892  -0.62085  -0.15412   2.30736
RES    196    1 A      -0.11693   0.86662   0.00000   5.01240
RES    197    1 A      -0.07871  -0.23351   0.00000   6.22237
RES    212    1 A      -0.40322  -0.42841   0.00000   3.44332
RES    213    1 A       4.18328   3.53762   0.00000   1.79779
RES    214    1 A       8.68654   2.53620   0.00000   1.35593
RES    215    1 A       3.00274  -3.02281   0.00000   2.28836
RES    216    1 A      -4.14184  -0.09720   0.00000   2.93805
RES    217    1 A      -0.69216 -14.66945   0.00000   4.25588
RES    218    1 A       4.05511  -4.12976   0.00000   2.02164
RES    220    1 A       2.79404   1.41125   0.00000   1.92550
RES    221    1 A      -0.34618   1.62217   0.00000   2.65244
RES    222    1 A      -0.15564  13.66170   0.00000   4.83488
RES    224    1 A      -0.11449  13.23043   0.00000   5.58649
RES    225    1 A      -0.52711   0.96227   0.00000   4.43792
RES    226    1 A       0.81350   3.91979   0.00000   1.92282
RES    227    1 A       1.08060  -3.72097   0.00000   2.12553
RES    228    1 A      -0.23458  -1.46585   0.00000   2.17857
RES    229    1 A      -0.10812  -1.11823   0.00000   4.30455
Pose   61 Emodel =  -33.92 E =  -15.14 GlideScore =   -7.15
Constraint(s) matched for ligand       10, pose     61
Score =     -7.154
Emodel =    -33.922

The output pose satisfies at least the following constraint(s).
A:ASP:189:OD1(hbond) (Type = H-bond Acceptor)
 
GlideScore(   -7.15)+Epik State Penalty(    0.58) =    -6.58 kcal/mol
DOCKING RESULTS FOR LIGAND       10 (151943)
   Except for Best Emodel, the poses reported here
   may not satisfy the user-specified constraints.
Best Emodel=   -33.92 E=   -15.14 Eint=     4.22 GlideScore=    -7.15
Calling OPLS_2005 atomtyping ...
Finished parameter assignment
 Number of rotatable bonds            3
 Using templates for ring conformations.
 Checked constraints after refinement with max HB dsq =    16.0000000000000     
 After refinement, constraint filter reduced number of
 poses from         5000  to            9 .
 Total constraint copies over all poses =           18
NO POSES STORED FOR LIGAND       11 (165006)
Calling OPLS_2005 atomtyping ...
Finished parameter assignment
 Number of rotatable bonds            3
 Using templates for ring conformations.
 Checked constraints after refinement with max HB dsq =    16.0000000000000     
 After refinement, constraint filter reduced number of
 poses from         5000  to            2 .
 Total constraint copies over all poses =            4
NO POSES STORED FOR LIGAND       12 (165006)
Calling OPLS_2005 atomtyping ...
Finished parameter assignment
 Number of rotatable bonds            3
 Using templates for ring conformations.
 Checked constraints after refinement with max HB dsq =    16.0000000000000     
 After refinement, constraint filter reduced number of
 poses from         5000  to           15 .
 Total constraint copies over all poses =           25
NO POSES STORED FOR LIGAND       13 (165006)
Calling OPLS_2005 atomtyping ...
Finished parameter assignment
 Number of rotatable bonds            3
 Using templates for ring conformations.
 Checked constraints after refinement with max HB dsq =    16.0000000000000     
 After refinement, constraint filter reduced number of
 poses from         5000  to           19 .
 Total constraint copies over all poses =           29
NO POSES STORED FOR LIGAND       14 (165006)
Calling OPLS_2005 atomtyping ...
Finished parameter assignment
 Number of rotatable bonds            2
 Using templates for ring conformations.
 Checked constraints after refinement with max HB dsq =    16.0000000000000     
 After refinement, constraint filter reduced number of
 poses from         4304  to            0 .
 Total constraint copies over all poses =            0
GLIDE WARNING: No refined poses satisfy constraints; will skip this ligand.
SKIP LIG       15 (177616): ROUGH POSE REFINE FAILED
Calling OPLS_2005 atomtyping ...
Finished parameter assignment
 Number of rotatable bonds            3
 Using templates for ring conformations.
 Checked constraints after refinement with max HB dsq =    16.0000000000000     
 After refinement, constraint filter reduced number of
 poses from         5000  to           29 .
 Total constraint copies over all poses =           50
 in ligrese
 RESIDUE MOL/CH/INS  EvdW    ECoul  HB  DCLOSE
 --------------------------------------------
RES     17    1 A      -0.14915  -0.07311   0.00000   5.55757
RES     41    1 A      -0.06557  -0.01843   0.00000   6.86059
RES     42    1 A      -0.09309  -0.02175   0.00000   6.67387
RES     55    1 A      -0.04058   0.03713   0.00000   6.67993
RES     57    1 A      -0.79675   0.31082   0.00000   3.18214
RES     58    1 A      -0.07787  -0.02562   0.00000   6.68282
RES     60    1 A      -0.01891   0.02886   0.00000   8.97863
RES     61    1 A      -0.12464   0.03082   0.00000   5.48768
RES     94    1 A      -0.01778   0.01168   0.00000   8.77907
RES     95    1 A      -0.00652  -0.00445   0.00000  11.56408
RES     96    1 A      -0.01571   0.09109   0.00000  10.29485
RES     97    1 A      -0.01084   0.12320   0.00000  12.33377
RES     98    1 A      -0.01416  -0.00145   0.00000  10.82679
RES     99    1 A      -0.38004   0.12075   0.00000   3.90157
RES    100    1 A      -0.00866  -0.14207   0.00000  11.63037
RES    102    1 A      -0.05832  -0.65249   0.00000   6.82920
RES    142    1 A      -0.06691  -0.04999   0.00000   6.93818
RES    143    1 A      -0.52500   0.01197   0.00000   3.99786
RES    146    1 A      -1.77617   1.19670   0.00000   3.13267
RES    172    1 A      -0.01842   0.00855   0.00000   9.54254
RES    173    1 A      -0.01637  -0.01740   0.00000   9.60366
RES    174    1 A      -0.08072  -0.00897   0.00000   6.68813
RES    175    1 A      -0.00993   0.00239   0.00000  12.39690
RES    176    1 A      -0.01754   0.01145   0.00000   9.71545
RES    180    1 A      -0.02776   0.02957   0.00000   9.46816
RES    189    1 A      -1.62387  -9.82981   0.00000   2.00228
RES    190    1 A      -0.40118   0.26883   0.00000   2.67434
RES    191    1 A      -5.00299  -0.50426   0.00000   2.65918
RES    192    1 A      -5.31645   0.45287   0.00000   1.97745
RES    193    1 A      -0.35306  -0.02514   0.00000   4.00154
RES    194    1 A      -0.64414  -0.02719   0.00000   4.63734
RES    195    1 A      -1.24532   0.00538   0.00000   2.11602
RES    196    1 A      -0.07608   0.05123   0.00000   5.16656
RES    197    1 A      -0.03927  -0.04086   0.00000   6.28377
RES    212    1 A      -0.07893  -0.00174   0.00000   5.90907
RES    213    1 A       0.18863   0.15155   0.00000   1.87360
RES    214    1 A      -1.79588  -0.42493   0.00000   2.82878
RES    215    1 A      -1.43059  -0.98301   0.00000   2.40805
RES    216    1 A      -4.27682   1.23357   0.00000   2.44490
RES    217    1 A      -1.48775   0.17047   0.00000   3.78953
RES    218    1 A      -2.69972  -1.17848  -0.30331   1.93136
RES    220    1 A      -1.26893  -0.05741   0.00000   2.24710
RES    221    1 A      -0.33184   0.53262   0.00000   3.52961
RES    222    1 A      -0.66677  -1.92422   0.00000   3.80258
RES    224    1 A      -0.13020  -0.08682   0.00000   5.84047
RES    225    1 A      -0.44126   0.36475   0.00000   4.11138
RES    226    1 A      -0.32127  -0.29051   0.00000   2.41922
RES    227    1 A      -0.78344  -0.25875   0.00000   3.73249
RES    228    1 A      -0.39847   0.06911   0.00000   4.90096
RES    229    1 A      -0.03145  -0.03140   0.00000   6.87880
Pose   40 Emodel =  -34.65 E =  -36.99 GlideScore =   -6.90
Constraint(s) matched for ligand       16, pose     40
Score =     -6.896
Emodel =    -34.646

The output pose satisfies at least the following constraint(s).
A:ASP:189:OD1(hbond) (Type = H-bond Acceptor)
 
GlideScore(   -6.90)+Epik State Penalty(    2.56) =    -4.34 kcal/mol
DOCKING RESULTS FOR LIGAND       16 (177616)
   Except for Best Emodel, the poses reported here
   may not satisfy the user-specified constraints.
Best Emodel=   -34.65 E=   -36.99 Eint=    11.51 GlideScore=    -6.90
Calling OPLS_2005 atomtyping ...
Finished parameter assignment
 Number of rotatable bonds            2
 Using templates for ring conformations.
 Checked constraints after refinement with max HB dsq =    16.0000000000000     
 After refinement, constraint filter reduced number of
 poses from         5000  to           10 .
 Total constraint copies over all poses =           10
NO POSES STORED FOR LIGAND       17 (195476)
Calling OPLS_2005 atomtyping ...
Finished parameter assignment
 Number of rotatable bonds           11
 Using templates for ring conformations.
 Checked constraints after refinement with max HB dsq =    16.0000000000000     
 After refinement, constraint filter reduced number of
 poses from         5000  to         1185 .
 Total constraint copies over all poses =         2896
 in ligrese
 RESIDUE MOL/CH/INS  EvdW    ECoul  HB  DCLOSE
 --------------------------------------------
RES     17    1 A      -0.10722  -0.08192   0.00000   6.68222
RES     41    1 A      -0.06597  -0.03061   0.00000   6.42285
RES     42    1 A      -0.10511   0.04807   0.00000   6.19466
RES     55    1 A      -0.05800   0.12044   0.00000   6.95771
RES     57    1 A      -1.16415   0.80614   0.00000   3.60423
RES     58    1 A      -0.09967  -0.02765   0.00000   6.76175
RES     60    1 A      -0.04206   0.03336   0.00000   9.25823
RES     61    1 A      -0.14433   0.32885   0.00000   6.73083
RES     94    1 A      -0.07492   0.06005   0.00000   6.45878
RES     95    1 A      -0.06079  -0.03147   0.00000   6.34173
RES     96    1 A      -0.55983   0.38722   0.00000   2.86696
RES     97    1 A      -0.59785  -1.67982   0.00000   3.62039
RES     98    1 A      -0.35995  -0.06082   0.00000   4.63619
RES     99    1 A      -2.09249  -0.05872   0.00000   2.07807
RES    100    1 A      -0.04267  -0.83360   0.00000   7.13135
RES    102    1 A      -0.11531  -2.04166   0.00000   6.45011
RES    142    1 A      -0.06651  -0.01435   0.00000   5.93595
RES    143    1 A      -0.21734  -2.16469   0.00000   5.96971
RES    146    1 A      -0.21553   2.33464   0.00000   6.39637
RES    172    1 A      -0.06043  -0.14697   0.00000   6.18885
RES    173    1 A      -0.10488  -0.28163   0.00000   5.98223
RES    174    1 A      -3.74982   0.40518   0.00000   2.60622
RES    175    1 A      -0.09787  -0.03649   0.00000   5.52181
RES    176    1 A      -0.05594   0.01680   0.00000   6.36239
RES    180    1 A      -0.08806   0.08093   0.00000   6.05173
RES    189    1 A       1.93301  -6.94351  -0.19561   2.06418
RES    190    1 A      -2.99150   0.20220   0.00000   3.03830
RES    191    1 A      -3.56734  -1.46034   0.00000   2.32784
RES    192    1 A      -3.12210  -1.06599   0.00000   2.01714
RES    193    1 A      -0.44713   0.25951   0.00000   3.07328
RES    194    1 A      -0.95121  -0.74424   0.00000   3.84448
RES    195    1 A      -0.92613  -0.86603   0.00000   2.20969
RES    196    1 A      -0.10000   0.05394   0.00000   5.72122
RES    197    1 A      -0.04997  -0.02679   0.00000   6.73437
RES    212    1 A      -0.09503  -0.00083   0.00000   7.60458
RES    213    1 A      -1.06705  -0.07373   0.00000   2.70421
RES    214    1 A      -2.17687  -1.17209   0.00000   2.95585
RES    215    1 A      -7.23248  -0.42162   0.00000   2.05620
RES    216    1 A      -4.63049  -0.06489   0.00000   2.64553
RES    217    1 A      -1.50026   1.83026   0.00000   3.97684
RES    218    1 A      -1.20769   0.95129   0.00000   2.97925
RES    220    1 A      -2.05377   1.41314   0.00000   2.70944
RES    221    1 A      -0.22197   0.43891   0.00000   3.37206
RES    222    1 A      -0.19725  -2.66425   0.00000   5.01505
RES    224    1 A      -0.14847  -1.14030   0.00000   5.24223
RES    225    1 A      -0.55076   0.47812   0.00000   4.07363
RES    226    1 A      -0.72110  -0.10901   0.00000   2.53115
RES    227    1 A      -1.01236  -0.23221   0.00000   3.94844
RES    228    1 A      -0.53410   0.01414   0.00000   5.21562
RES    229    1 A      -0.04454  -0.04795   0.00000   8.55822
Pose    1 Emodel =  -63.29 E =  -47.32 GlideScore =   -5.38
Constraint(s) matched for ligand       18, pose      1
Score =     -5.384
Emodel =    -63.292

The output pose satisfies at least the following constraint(s).
A:ASP:189:OD1(hbond) (Type = H-bond Acceptor)
 
GlideScore(   -5.38)+Epik State Penalty(    0.00) =    -5.38 kcal/mol
DOCKING RESULTS FOR LIGAND       18 (281488)
   Except for Best Emodel, the poses reported here
   may not satisfy the user-specified constraints.
Best Emodel=   -63.29 E=   -47.32 Eint=     2.36 GlideScore=    -5.38
Calling OPLS_2005 atomtyping ...
Finished parameter assignment
 Number of rotatable bonds           13
 Using templates for ring conformations.
 Checked constraints after refinement with max HB dsq =    16.0000000000000     
 After refinement, constraint filter reduced number of
 poses from         5000  to            1 .
 Total constraint copies over all poses =            2
NO VALID POSES AFTER MINIMIZATION: SKIPPING.
Ligand #     19(334669)
SKIP LIG       19 (334669): GRID-ENERGY MIN FAILED
Calling OPLS_2005 atomtyping ...
Finished parameter assignment
 Number of rotatable bonds            4
 Using templates for ring conformations.
 Checked constraints after refinement with max HB dsq =    16.0000000000000     
 After refinement, constraint filter reduced number of
 poses from         4228  to           23 .
 Total constraint copies over all poses =           27
NO POSES STORED FOR LIGAND       20 (339375)
Calling OPLS_2005 atomtyping ...
Finished parameter assignment
 Number of rotatable bonds            4
 Using templates for ring conformations.
 Checked constraints after refinement with max HB dsq =    16.0000000000000     
 After refinement, constraint filter reduced number of
 poses from         5000  to           36 .
 Total constraint copies over all poses =           40
NO POSES STORED FOR LIGAND       21 (339375)
Calling OPLS_2005 atomtyping ...
Finished parameter assignment
 Number of rotatable bonds            3
 Using templates for ring conformations.
Found potential matches for only 0 constraints in group 1, required 1.
Error 1 matching features to molecule.
GLIDE WARNING: Ligand lacks atoms to satisfy receptor constraints.
SKIP LIG       22 (419851): INVALID ATOM(S), ETC.
GLIDE WARNING: Ligand skipped, invalid atom(s), etc.
Calling OPLS_2005 atomtyping ...
Finished parameter assignment
 Number of rotatable bonds           13
 Using templates for ring conformations.
 Checked constraints after refinement with max HB dsq =    16.0000000000000     
 After refinement, constraint filter reduced number of
 poses from         5000  to            0 .
 Total constraint copies over all poses =            0
GLIDE WARNING: No refined poses satisfy constraints; will skip this ligand.
SKIP LIG       23 (428439): ROUGH POSE REFINE FAILED
Calling OPLS_2005 atomtyping ...
Finished parameter assignment
 Number of rotatable bonds           13
 Using templates for ring conformations.
 Checked constraints after refinement with max HB dsq =    16.0000000000000     
 After refinement, constraint filter reduced number of
 poses from         5000  to            0 .
 Total constraint copies over all poses =            0
GLIDE WARNING: No refined poses satisfy constraints; will skip this ligand.
SKIP LIG       24 (428439): ROUGH POSE REFINE FAILED
Calling OPLS_2005 atomtyping ...
Finished parameter assignment
 Number of rotatable bonds           12
 Using templates for ring conformations.
 Checked constraints after refinement with max HB dsq =    16.0000000000000     
 After refinement, constraint filter reduced number of
 poses from         5000  to           17 .
 Total constraint copies over all poses =           21
NO POSES STORED FOR LIGAND       25 (428439)
Calling OPLS_2005 atomtyping ...
Finished parameter assignment
 Number of rotatable bonds           12
 Using templates for ring conformations.
Found potential matches for only 0 constraints in group 1, required 1.
Error 1 matching features to molecule.
GLIDE WARNING: Ligand lacks atoms to satisfy receptor constraints.
SKIP LIG       26 (428439): INVALID ATOM(S), ETC.
GLIDE WARNING: Ligand skipped, invalid atom(s), etc.
Calling OPLS_2005 atomtyping ...
Finished parameter assignment
 Number of rotatable bonds            3
 Using templates for ring conformations.
 Checked constraints after refinement with max HB dsq =    16.0000000000000     
 After refinement, constraint filter reduced number of
 poses from         2298  to          130 .
 Total constraint copies over all poses =          306
 in ligrese
 RESIDUE MOL/CH/INS  EvdW    ECoul  HB  DCLOSE
 --------------------------------------------
RES     17    1 A      -0.13326  -0.05643   0.00000   5.70779
RES     41    1 A      -0.08160  -1.29641   0.00000   5.85314
RES     42    1 A      -0.12566   0.31168   0.00000   5.50298
RES     55    1 A      -0.04802   0.65845   0.00000   6.65040
RES     57    1 A      -0.96759   3.53833   0.00000   2.99871
RES     58    1 A      -0.09720  -0.79829   0.00000   6.44270
RES     60    1 A      -0.02441   0.42956   0.00000   8.84464
RES     61    1 A      -0.15378   0.32095   0.00000   5.09995
RES     94    1 A      -0.02181   0.30055   0.00000   8.39951
RES     95    1 A      -0.00783  -0.06507   0.00000  10.72411
RES     96    1 A      -0.02091   9.06476   0.00000   8.98104
RES     97    1 A      -0.01269  -9.70024   0.00000  10.73517
RES     98    1 A      -0.01629  -0.36221   0.00000   9.71470
RES     99    1 A      -0.60468   0.93944   0.00000   3.30136
RES    100    1 A      -0.00972  -9.67156   0.00000  10.88071
RES    102    1 A      -0.06674 -18.88400   0.00000   6.47564
RES    142    1 A      -0.08729   2.05013   0.00000   5.27500
RES    143    1 A      -0.57501  15.40115   0.00000   4.54022
RES    146    1 A      -1.13361 -15.34925   0.00000   2.39384
RES    172    1 A      -0.01616   0.47168   0.00000   9.96933
RES    173    1 A      -0.01235   0.57228   0.00000  11.46290
RES    174    1 A      -0.06270   0.10746   0.00000   8.88711
RES    175    1 A      -0.00988  -0.46240   0.00000  11.58343
RES    176    1 A      -0.01735   0.22927   0.00000   9.99837
RES    180    1 A      -0.02911   0.37592   0.00000   9.59096
RES    189    1 A       0.21270 -23.96993  -0.14598   2.02381
RES    190    1 A      -2.62928   1.27887   0.00000   2.98711
RES    191    1 A      -1.77238  -5.58875   0.00000   1.67937
RES    192    1 A      -5.23660   1.66843   0.00000   1.88738
RES    193    1 A      -0.64306   2.72758   0.00000   2.52720
RES    194    1 A      -1.13962 -19.61463   0.00000   2.96835
RES    195    1 A      10.40375  -3.85145   0.00000   2.11845
RES    196    1 A      -0.09697   0.46158   0.00000   4.88884
RES    197    1 A      -0.04664   0.47037   0.00000   5.71656
RES    212    1 A      -0.07844   0.44532   0.00000   7.24372
RES    213    1 A      -1.80706   0.10810   0.00000   2.53250
RES    214    1 A      -1.65467  -3.01422   0.00000   2.37075
RES    215    1 A      -2.33164   1.81482   0.00000   1.79132
RES    216    1 A      -4.53761  -1.46590   0.00000   2.22716
RES    217    1 A      -0.88468 -12.36512   0.00000   4.70703
RES    218    1 A       3.06062  -0.86372   0.00000   2.15607
RES    220    1 A      -1.95727  -0.01194   0.00000   2.18543
RES    221    1 A      -0.23674   0.78605   0.00000   3.22070
RES    222    1 A      -0.21410  13.70161   0.00000   5.21281
RES    224    1 A      -0.10384  10.91016   0.00000   5.93953
RES    225    1 A      -0.37754   0.15488   0.00000   4.47196
RES    226    1 A      -1.11166   0.69944   0.00000   2.33416
RES    227    1 A      -0.83983  -0.90763   0.00000   3.67159
RES    228    1 A      -0.47437   0.04138   0.00000   4.64072
RES    229    1 A      -0.03228  -0.43308   0.00000   8.10039
Pose  169 Emodel =  -41.65 E =  -30.51 GlideScore =   -6.09
Constraint(s) matched for ligand       27, pose    169
Score =     -6.088
Emodel =    -41.650

The output pose satisfies at least the following constraint(s).
A:ASP:189:OD1(hbond) (Type = H-bond Acceptor)
 
GlideScore(   -6.09)+Epik State Penalty(    0.00) =    -6.09 kcal/mol
DOCKING RESULTS FOR LIGAND       27 (437368)
   Except for Best Emodel, the poses reported here
   may not satisfy the user-specified constraints.
Best Emodel=   -41.65 E=   -30.51 Eint=     3.15 GlideScore=    -6.09
Calling OPLS_2005 atomtyping ...
Finished parameter assignment
 Number of rotatable bonds            7
 Using templates for ring conformations.
 Checked constraints after refinement with max HB dsq =    16.0000000000000     
 After refinement, constraint filter reduced number of
 poses from         5000  to            8 .
 Total constraint copies over all poses =           10
NO POSES STORED FOR LIGAND       28 (451167)
Calling OPLS_2005 atomtyping ...
Finished parameter assignment
 Number of rotatable bonds            3
 Using templates for ring conformations.
 Checked constraints after refinement with max HB dsq =    16.0000000000000     
 After refinement, constraint filter reduced number of
 poses from         5000  to          951 .
 Total constraint copies over all poses =         1845
 in ligrese
 RESIDUE MOL/CH/INS  EvdW    ECoul  HB  DCLOSE
 --------------------------------------------
RES     17    1 A      -0.10386   0.11323   0.00000   6.46009
RES     41    1 A      -0.87568  -0.07117   0.00000   2.77889
RES     42    1 A      -0.82327  -0.12118   0.00000   3.08435
RES     55    1 A      -0.06324  -0.09933   0.00000   6.62808
RES     57    1 A      -1.71525  -0.28870   0.00000   2.68612
RES     58    1 A      -0.40954   0.00178   0.00000   4.56126
RES     60    1 A      -0.07881  -0.07606   0.00000   6.96371
RES     61    1 A      -1.65636  -0.42705   0.00000   2.56721
RES     94    1 A      -0.02623  -0.04206   0.00000   9.76646
RES     95    1 A      -0.00778   0.02371   0.00000  12.77946
RES     96    1 A      -0.02175  -0.21270   0.00000  10.53057
RES     97    1 A      -0.01033  -0.07463   0.00000  12.44564
RES     98    1 A      -0.01325   0.04734   0.00000  11.86907
RES     99    1 A      -0.48723  -0.24877   0.00000   4.74457
RES    100    1 A      -0.00888   0.53515   0.00000  12.76475
RES    102    1 A      -0.06414   1.79879   0.00000   7.87183
RES    142    1 A      -0.07226  -0.12793   0.00000   7.25581
RES    143    1 A      -0.27177   0.76366   0.00000   6.40091
RES    146    1 A      -0.18967  -2.50579   0.00000   5.17346
RES    172    1 A      -0.01370   0.00530   0.00000   9.61899
RES    173    1 A      -0.00876   0.03347   0.00000  10.79805
RES    174    1 A      -0.03957  -0.01796   0.00000   9.65188
RES    175    1 A      -0.00800   0.04708   0.00000  13.18426
RES    176    1 A      -0.01574  -0.04283   0.00000  10.01719
RES    180    1 A      -0.02648  -0.09427   0.00000  10.11985
RES    189    1 A      -1.75839  -2.68741  -0.14774   2.08034
RES    190    1 A      -2.94850  -1.24997   0.00000   2.54827
RES    191    1 A      -3.95887   0.31817   0.00000   2.73770
RES    192    1 A      -5.88412   0.18667   0.00000   2.60947
RES    193    1 A      -0.93979  -0.10754   0.00000   2.74226
RES    194    1 A      -0.72250   1.34765   0.00000   4.59090
RES    195    1 A       1.71933  -1.10201   0.00000   1.94845
RES    196    1 A      -0.09621  -0.16218   0.00000   5.87049
RES    197    1 A      -0.04361   0.02644   0.00000   7.06510
RES    212    1 A      -0.07720   0.02190   0.00000   7.19280
RES    213    1 A      -1.48406  -0.55558   0.00000   2.86709
RES    214    1 A      -1.20950  -0.15973   0.00000   4.00853
RES    215    1 A      -3.92305  -0.11814   0.00000   2.60938
RES    216    1 A      -3.15576  -0.06274   0.00000   2.58708
RES    217    1 A      -0.60780  -0.71159   0.00000   4.18566
RES    218    1 A      -0.72868  -3.81749  -0.45292   2.11224
RES    220    1 A      -1.67352  -0.60786   0.00000   2.53143
RES    221    1 A      -0.21523   0.19424   0.00000   3.20087
RES    222    1 A      -0.11834   2.15987   0.00000   5.15047
RES    224    1 A      -0.10068   0.72133   0.00000   5.61326
RES    225    1 A      -0.44623  -0.22240   0.00000   4.36162
RES    226    1 A      -0.66026  -1.07741   0.00000   2.60196
RES    227    1 A      -0.98677   0.57265   0.00000   3.67867
RES    228    1 A      -0.67537   0.26411   0.00000   4.65283
RES    229    1 A      -0.03119   0.14093   0.00000   8.11350
Pose  408 Emodel =  -66.36 E =  -48.24 GlideScore =   -6.84
Constraint(s) matched for ligand       29, pose    408
Score =     -6.839
Emodel =    -66.364

The output pose satisfies at least the following constraint(s).
A:ASP:189:OD1(hbond) (Type = H-bond Acceptor)
 
GlideScore(   -6.84)+Epik State Penalty(    0.12) =    -6.72 kcal/mol
DOCKING RESULTS FOR LIGAND       29 (494088)
   Except for Best Emodel, the poses reported here
   may not satisfy the user-specified constraints.
Best Emodel=   -66.36 E=   -48.24 Eint=     1.94 GlideScore=    -6.84
Calling OPLS_2005 atomtyping ...
Finished parameter assignment
 Number of rotatable bonds            3
 Using templates for ring conformations.
 Checked constraints after refinement with max HB dsq =    16.0000000000000     
 After refinement, constraint filter reduced number of
 poses from         5000  to           69 .
 Total constraint copies over all poses =          103
 in ligrese
 RESIDUE MOL/CH/INS  EvdW    ECoul  HB  DCLOSE
 --------------------------------------------
RES     17    1 A      -0.12906   0.08592   0.00000   5.79315
RES     41    1 A      -0.05429  -0.88444   0.00000   7.00306
RES     42    1 A      -0.06814  -0.19584   0.00000   6.71442
RES     55    1 A      -0.03307   0.51772   0.00000   6.68753
RES     57    1 A      -0.43399   2.07300   0.00000   3.50508
RES     58    1 A      -0.05632  -0.56547   0.00000   7.11590
RES     60    1 A      -0.01817   0.37204   0.00000   9.47615
RES     61    1 A      -0.13330   0.10659   0.00000   6.20358
RES     94    1 A      -0.01521   0.28746   0.00000   9.33215
RES     95    1 A      -0.00576  -0.06579   0.00000  12.26452
RES     96    1 A      -0.01453   8.84432   0.00000  10.70591
RES     97    1 A      -0.00939 -10.52795   0.00000  12.39073
RES     98    1 A      -0.01240  -0.38658   0.00000  11.05912
RES     99    1 A      -0.29206   1.03431   0.00000   4.58066
RES    100    1 A      -0.00820  -9.58286   0.00000  11.47418
RES    102    1 A      -0.05202 -16.57394   0.00000   6.59235
RES    142    1 A      -0.05263   1.27367   0.00000   7.88309
RES    143    1 A      -0.28369  18.04947   0.00000   6.24529
RES    146    1 A      -0.28361 -19.16238   0.00000   5.14859
RES    172    1 A      -0.01594   0.62103   0.00000  10.24921
RES    173    1 A      -0.01076   0.79366   0.00000  10.52710
RES    174    1 A      -0.05283   0.07188   0.00000   7.59468
RES    175    1 A      -0.00892  -0.51251   0.00000  12.05183
RES    176    1 A      -0.01936   0.21832   0.00000   9.56462
RES    180    1 A      -0.03504   0.29782   0.00000   8.51115
RES    189    1 A      -1.37906 -26.81446  -0.23725   2.07170
RES    190    1 A       0.80716  -0.84692   0.00000   2.17916
RES    191    1 A      -3.50585   1.14641   0.00000   2.72909
RES    192    1 A      -5.07223   4.29081   0.00000   2.91456
RES    193    1 A      -0.24620   1.03460   0.00000   4.35630
RES    194    1 A      -0.57199 -15.69689   0.00000   4.92253
RES    195    1 A      -1.02295  -2.39554   0.00000   2.79322
RES    196    1 A      -0.06552   0.37166   0.00000   5.22393
RES    197    1 A      -0.04664   0.03272   0.00000   6.42091
RES    212    1 A      -0.14645   0.03991   0.00000   5.14334
RES    213    1 A       0.43425   0.22191   0.00000   2.28311
RES    214    1 A      -1.31916  -2.07669   0.00000   2.14624
RES    215    1 A      -0.45419   2.97151   0.00000   2.34025
RES    216    1 A      -3.97716  -3.46946   0.00000   2.74055
RES    217    1 A      -0.73670 -14.92462   0.00000   4.35243
RES    218    1 A       1.23914  -2.95582   0.00000   2.19894
RES    220    1 A       0.25620  -1.23667   0.00000   1.86976
RES    221    1 A      -0.26869   0.83241   0.00000   3.50193
RES    222    1 A      -0.15681  17.31131   0.00000   5.35431
RES    224    1 A      -0.10815  12.98493   0.00000   6.33282
RES    225    1 A      -0.49145  -0.04842   0.00000   4.51554
RES    226    1 A       3.50621   0.49659   0.00000   1.83177
RES    227    1 A      -1.83874  -0.77107   0.00000   2.79268
RES    228    1 A      -1.93512  -0.03756   0.00000   3.04356
RES    229    1 A      -0.05160  -0.42743   0.00000   5.95979
Pose   24 Emodel =  -39.01 E =  -25.72 GlideScore =   -5.68
Constraint(s) matched for ligand       30, pose     24
Score =     -5.676
Emodel =    -39.013

The output pose satisfies at least the following constraint(s).
A:ASP:189:OD1(hbond) (Type = H-bond Acceptor)
 
GlideScore(   -5.68)+Epik State Penalty(    1.00) =    -4.67 kcal/mol
DOCKING RESULTS FOR LIGAND       30 (494088)
   Except for Best Emodel, the poses reported here
   may not satisfy the user-specified constraints.
Best Emodel=   -39.01 E=   -25.72 Eint=     0.87 GlideScore=    -5.68
Calling OPLS_2005 atomtyping ...
Finished parameter assignment
 Number of rotatable bonds            2
 Using templates for ring conformations.
 Checked constraints after refinement with max HB dsq =    16.0000000000000     
 After refinement, constraint filter reduced number of
 poses from         3869  to            0 .
 Total constraint copies over all poses =            0
GLIDE WARNING: No refined poses satisfy constraints; will skip this ligand.
SKIP LIG       31 (496036): ROUGH POSE REFINE FAILED
Calling OPLS_2005 atomtyping ...
Finished parameter assignment
 Number of rotatable bonds           16
 Using templates for ring conformations.
 Checked constraints after refinement with max HB dsq =    16.0000000000000     
 After refinement, constraint filter reduced number of
 poses from         5000  to           25 .
 Total constraint copies over all poses =           48
NO POSES STORED FOR LIGAND       32 (504892)
Calling OPLS_2005 atomtyping ...
Finished parameter assignment
 Number of rotatable bonds           16
 Using templates for ring conformations.
 Checked constraints after refinement with max HB dsq =    16.0000000000000     
 After refinement, constraint filter reduced number of
 poses from         5000  to           36 .
 Total constraint copies over all poses =           64
NO POSES STORED FOR LIGAND       33 (504892)
Calling OPLS_2005 atomtyping ...
Finished parameter assignment
 Number of rotatable bonds            6
 Using templates for ring conformations.
 Checked constraints after refinement with max HB dsq =    16.0000000000000     
 After refinement, constraint filter reduced number of
 poses from         5000  to            0 .
 Total constraint copies over all poses =            0
GLIDE WARNING: No refined poses satisfy constraints; will skip this ligand.
SKIP LIG       34 (527364): ROUGH POSE REFINE FAILED
Calling OPLS_2005 atomtyping ...
Finished parameter assignment
 Number of rotatable bonds            6
 Using templates for ring conformations.
 Checked constraints after refinement with max HB dsq =    16.0000000000000     
 After refinement, constraint filter reduced number of
 poses from         5000  to           18 .
 Total constraint copies over all poses =           26
NO POSES STORED FOR LIGAND       35 (527364)
Calling OPLS_2005 atomtyping ...
Finished parameter assignment
 Number of rotatable bonds            3
 Using templates for ring conformations.
 Checked constraints after refinement with max HB dsq =    16.0000000000000     
 After refinement, constraint filter reduced number of
 poses from         3478  to          197 .
 Total constraint copies over all poses =          274
 in ligrese
 RESIDUE MOL/CH/INS  EvdW    ECoul  HB  DCLOSE
 --------------------------------------------
RES     17    1 A      -0.11285   0.18623   0.00000   6.04008
RES     41    1 A      -0.06223   0.45561   0.00000   6.11581
RES     42    1 A      -0.09872  -0.02913   0.00000   5.86115
RES     55    1 A      -0.04385  -0.79112   0.00000   6.59529
RES     57    1 A      -1.53873  -1.69932   0.00000   2.60474
RES     58    1 A      -0.09701   0.35823   0.00000   6.08253
RES     60    1 A      -0.02832  -0.34445   0.00000   8.07375
RES     61    1 A      -0.19225  -0.68969   0.00000   4.88940
RES     94    1 A      -0.03320  -0.49934   0.00000   7.24431
RES     95    1 A      -0.01214   0.16173   0.00000   9.40687
RES     96    1 A      -0.03847 -10.89180   0.00000   7.53370
RES     97    1 A      -0.02179  14.51240   0.00000   9.44451
RES     98    1 A      -0.02928   0.66470   0.00000   8.52846
RES     99    1 A      -1.45534  -0.64502   0.00000   2.62919
RES    100    1 A      -0.01324  12.60384   0.00000   9.88480
RES    102    1 A      -0.07594  21.68203   0.00000   6.86065
RES    142    1 A      -0.05062  -0.69122   0.00000   6.25285
RES    143    1 A      -0.17556 -12.75630   0.00000   5.84655
RES    146    1 A      -0.18576  10.74872   0.00000   5.38872
RES    172    1 A      -0.01856  -0.51670   0.00000   9.01968
RES    173    1 A      -0.01421  -0.92531   0.00000   9.66272
RES    174    1 A      -0.10797  -0.10484   0.00000   6.82948
RES    175    1 A      -0.01334   0.86895   0.00000  10.64484
RES    176    1 A      -0.02104  -0.32143   0.00000   9.91682
RES    180    1 A      -0.03687  -0.56444   0.00000   8.93457
RES    189    1 A       0.16148  -5.21396  -0.20000   1.90401
RES    190    1 A      -2.35522  -4.76388   0.00000   2.65474
RES    191    1 A      -3.62124   1.56557   0.00000   2.19299
RES    192    1 A      -2.14711  -0.67067   0.00000   2.07965
RES    193    1 A      -0.32973  -0.47635   0.00000   3.17405
RES    194    1 A      -0.56119  13.47640   0.00000   4.14149
RES    195    1 A      -0.91664  -1.21254   0.00000   2.46702
RES    196    1 A      -0.06344  -0.84462   0.00000   6.44015
RES    197    1 A      -0.03728   0.36310   0.00000   7.34592
RES    212    1 A      -0.08902   0.26001   0.00000   6.36795
RES    213    1 A       0.21921  -2.69123   0.00000   2.38160
RES    214    1 A      -1.50170  -0.01803   0.00000   3.64771
RES    215    1 A      -5.95991   0.27331   0.00000   2.64528
RES    216    1 A      -4.10063   2.31463   0.00000   2.15925
RES    217    1 A      -0.81783  14.52034   0.00000   4.41165
RES    218    1 A       4.21839  -3.16917   0.00000   2.08029
RES    220    1 A      -1.79226   1.84942   0.00000   2.07631
RES    221    1 A      -0.24882   0.77473   0.00000   3.25479
RES    222    1 A      -0.13247 -12.28214   0.00000   5.42885
RES    224    1 A      -0.10842 -11.11666   0.00000   5.99627
RES    225    1 A      -0.48327   0.35983   0.00000   4.45696
RES    226    1 A       1.36418  -2.21194   0.00000   1.94356
RES    227    1 A      -1.30088   2.91991   0.00000   3.59726
RES    228    1 A      -0.93676   2.13918   0.00000   3.85603
RES    229    1 A      -0.03713   0.82675   0.00000   7.28522
Pose  101 Emodel =  -47.19 E =  -29.93 GlideScore =   -6.61
Constraint(s) matched for ligand       36, pose    101
Score =     -6.608
Emodel =    -47.188

The output pose satisfies at least the following constraint(s).
A:ASP:189:OD1(hbond) (Type = H-bond Acceptor)
 
GlideScore(   -6.61)+Epik State Penalty(    0.36) =    -6.25 kcal/mol
DOCKING RESULTS FOR LIGAND       36 (534167)
   Except for Best Emodel, the poses reported here
   may not satisfy the user-specified constraints.
Best Emodel=   -47.19 E=   -29.93 Eint=     2.28 GlideScore=    -6.61
Calling OPLS_2005 atomtyping ...
Finished parameter assignment
 Number of rotatable bonds            4
 Using templates for ring conformations.
 Checked constraints after refinement with max HB dsq =    16.0000000000000     
 After refinement, constraint filter reduced number of
 poses from         5000  to          346 .
 Total constraint copies over all poses =          512
 in ligrese
 RESIDUE MOL/CH/INS  EvdW    ECoul  HB  DCLOSE
 --------------------------------------------
RES     17    1 A      -0.09382  -0.01511   0.00000   6.39535
RES     41    1 A      -0.10030   1.12358   0.00000   6.14802
RES     42    1 A      -0.15910   0.89081   0.00000   5.62851
RES     55    1 A      -0.05553  -0.57990   0.00000   7.21084
RES     57    1 A      -2.22930   1.41356   0.00000   2.52403
RES     58    1 A      -0.18130   0.94606   0.00000   5.80211
RES     60    1 A      -0.05841  -0.85765   0.00000   7.26468
RES     61    1 A      -0.76911  -0.23448   0.00000   4.25617
RES     94    1 A      -0.04338  -0.38455   0.00000   6.69189
RES     95    1 A      -0.01286   0.03611   0.00000   9.27463
RES     96    1 A      -0.04423 -11.72398   0.00000   7.06413
RES     97    1 A      -0.01968  11.92322   0.00000   9.03482
RES     98    1 A      -0.02394   0.34555   0.00000   8.47571
RES     99    1 A       0.54463  -9.16436  -0.16000   1.62332
RES    100    1 A      -0.01230  10.71867   0.00000  10.01396
RES    102    1 A      -0.08304  20.62885   0.00000   7.42283
RES    142    1 A      -0.05301  -0.83503   0.00000   6.40726
RES    143    1 A      -0.17816 -16.18350   0.00000   5.82150
RES    146    1 A      -0.15758  12.93118   0.00000   5.60830
RES    172    1 A      -0.01466  -0.34803   0.00000   9.19170
RES    173    1 A      -0.01106  -0.53090   0.00000   9.84394
RES    174    1 A      -0.07164  -0.19815   0.00000   7.05013
RES    175    1 A      -0.01056   0.50468   0.00000  11.11244
RES    176    1 A      -0.01647  -0.20256   0.00000   9.94621
RES    180    1 A      -0.02901  -0.37790   0.00000   9.24587
RES    189    1 A      -0.89567   5.23200  -0.13703   1.99306
RES    190    1 A      -2.62714  -0.61079   0.00000   2.68070
RES    191    1 A      -2.66008   0.33287   0.00000   2.68303
RES    192    1 A      -2.78650  -0.14144   0.00000   2.28865
RES    193    1 A      -0.32117  -1.12882   0.00000   3.78759
RES    194    1 A      -0.64223  13.14228   0.00000   3.96547
RES    195    1 A      -1.78045   0.43212   0.00000   2.93300
RES    196    1 A      -0.06885  -0.34562   0.00000   5.60971
RES    197    1 A      -0.03542   0.14385   0.00000   6.42522
RES    212    1 A      -0.06777  -0.13234   0.00000   7.25780
RES    213    1 A      -1.32529   0.10630   0.00000   2.24900
RES    214    1 A      -1.28118   2.25168   0.00000   4.12478
RES    215    1 A      -5.15477  -1.08353   0.00000   3.04902
RES    216    1 A      -2.90650   0.15455   0.00000   2.24325
RES    217    1 A      -0.68154  11.81244   0.00000   4.29779
RES    218    1 A      -1.37465   1.03888   0.00000   2.50352
RES    220    1 A      -1.88606   0.30159   0.00000   2.74953
RES    221    1 A      -0.21206   0.04342   0.00000   3.27847
RES    222    1 A      -0.11373 -12.27111   0.00000   5.36631
RES    224    1 A      -0.09097  -9.92191   0.00000   5.85833
RES    225    1 A      -0.34047   0.49987   0.00000   4.42740
RES    226    1 A      -1.14806  -0.50601   0.00000   2.44579
RES    227    1 A      -0.71427   0.74467   0.00000   3.57058
RES    228    1 A      -0.44467   0.37297   0.00000   4.33897
RES    229    1 A      -0.02940   0.25901   0.00000   8.30841
Pose  134 Emodel =  -58.45 E =  -40.53 GlideScore =   -7.05
Constraint(s) matched for ligand       37, pose    134
Score =     -7.051
Emodel =    -58.449

The output pose satisfies at least the following constraint(s).
A:ASP:189:OD1(hbond) (Type = H-bond Acceptor)
 
GlideScore(   -7.05)+Epik State Penalty(    0.51) =    -6.54 kcal/mol
DOCKING RESULTS FOR LIGAND       37 (534167)
   Except for Best Emodel, the poses reported here
   may not satisfy the user-specified constraints.
Best Emodel=   -58.45 E=   -40.53 Eint=     1.76 GlideScore=    -7.05
Calling OPLS_2005 atomtyping ...
Finished parameter assignment
 Number of rotatable bonds            3
 Using templates for ring conformations.
Found potential matches for only 0 constraints in group 1, required 1.
Error 1 matching features to molecule.
GLIDE WARNING: Ligand lacks atoms to satisfy receptor constraints.
SKIP LIG       38 (534167): INVALID ATOM(S), ETC.
GLIDE WARNING: Ligand skipped, invalid atom(s), etc.
Calling OPLS_2005 atomtyping ...
Finished parameter assignment
 Number of rotatable bonds            9
 Using templates for ring conformations.
 Checked constraints after refinement with max HB dsq =    16.0000000000000     
 After refinement, constraint filter reduced number of
 poses from         5000  to           25 .
 Total constraint copies over all poses =           31
NO POSES STORED FOR LIGAND       39 (550000)
Calling OPLS_2005 atomtyping ...
Finished parameter assignment
 Number of rotatable bonds            8
 Using templates for ring conformations.
 Checked constraints after refinement with max HB dsq =    16.0000000000000     
 After refinement, constraint filter reduced number of
 poses from         5000  to          121 .
 Total constraint copies over all poses =          177
NO POSES STORED FOR LIGAND       40 (564430)
Calling OPLS_2005 atomtyping ...
Finished parameter assignment
 Number of rotatable bonds            4
 Using templates for ring conformations.
 Checked constraints after refinement with max HB dsq =    16.0000000000000     
 After refinement, constraint filter reduced number of
 poses from         5000  to          319 .
 Total constraint copies over all poses =          686
 in ligrese
 RESIDUE MOL/CH/INS  EvdW    ECoul  HB  DCLOSE
 --------------------------------------------
RES     17    1 A      -0.11274  -0.02912   0.00000   6.23968
RES     41    1 A      -0.08713  -0.20231   0.00000   6.47778
RES     42    1 A      -0.12164  -0.08752   0.00000   5.64033
RES     55    1 A      -0.05384   0.06691   0.00000   6.34843
RES     57    1 A      -1.42547  -0.32766   0.00000   2.38903
RES     58    1 A      -0.17622  -0.16598   0.00000   4.62442
RES     60    1 A      -0.09252   0.14356   0.00000   4.72729
RES     61    1 A      -1.02095   0.27696   0.00000   2.09635
RES     94    1 A      -0.04496   0.00996   0.00000   5.56624
RES     95    1 A      -0.01223  -0.00593   0.00000   9.10115
RES     96    1 A      -0.04699   0.28965   0.00000   6.60564
RES     97    1 A      -0.01806   0.09880   0.00000   9.62120
RES     98    1 A      -0.01956   0.01302   0.00000   9.79165
RES     99    1 A      -1.54494   0.13131  -0.10169   1.80250
RES    100    1 A      -0.01160  -0.05371   0.00000  10.40649
RES    102    1 A      -0.07869  -1.35154   0.00000   6.63142
RES    142    1 A      -0.05702   0.17534   0.00000   7.04244
RES    143    1 A      -0.26221   0.54590   0.00000   5.19307
RES    146    1 A      -0.27259   0.94872   0.00000   4.89670
RES    172    1 A      -0.01597  -0.07193   0.00000   9.96566
RES    173    1 A      -0.01103  -0.05713   0.00000  11.31995
RES    174    1 A      -0.05749   0.00886   0.00000   8.54280
RES    175    1 A      -0.01019   0.01246   0.00000  12.77081
RES    176    1 A      -0.01941  -0.01627   0.00000   9.87155
RES    180    1 A      -0.03529  -0.02325   0.00000   9.16835
RES    189    1 A       0.44968  -3.29553  -0.14242   2.09848
RES    190    1 A      -2.64761   0.79974   0.00000   2.78718
RES    191    1 A      -4.12681  -0.28062   0.00000   2.76800
RES    192    1 A      -4.01168   1.12451   0.00000   1.84481
RES    193    1 A      -0.28130   0.31714   0.00000   4.02241
RES    194    1 A      -0.67953  -0.60219   0.00000   4.55710
RES    195    1 A      -1.39529  -0.90201  -0.05994   2.32555
RES    196    1 A      -0.08205   0.02051   0.00000   4.98170
RES    197    1 A      -0.04953   0.07959   0.00000   6.06423
RES    212    1 A      -0.12618   0.17916   0.00000   6.14010
RES    213    1 A      -0.75466  -0.27808   0.00000   1.71142
RES    214    1 A      -1.61691  -1.25873   0.00000   3.18740
RES    215    1 A      -3.00824   0.17810   0.00000   2.57597
RES    216    1 A      -4.37442  -0.44546   0.00000   2.74133
RES    217    1 A      -0.71709   0.83011   0.00000   5.00098
RES    218    1 A      -0.29073   2.38748   0.00000   2.79221
RES    220    1 A      -2.46326   0.47761   0.00000   2.79991
RES    221    1 A      -0.20678   0.19618   0.00000   3.23825
RES    222    1 A      -0.13528  -1.04748   0.00000   5.36080
RES    224    1 A      -0.10134  -0.73352   0.00000   5.97334
RES    225    1 A      -0.44946   0.18365   0.00000   4.44754
RES    226    1 A      -1.64285  -0.45959   0.00000   2.37738
RES    227    1 A      -1.67973   0.60815   0.00000   3.29980
RES    228    1 A      -1.48747   0.79440   0.00000   3.71049
RES    229    1 A      -0.04691   0.11636   0.00000   7.02308
Pose  280 Emodel =  -43.63 E =  -33.92 GlideScore =   -5.28
Constraint(s) matched for ligand       41, pose    280
Score =     -5.282
Emodel =    -43.631

The output pose satisfies at least the following constraint(s).
A:ASP:189:OD1(hbond) (Type = H-bond Acceptor)
 
GlideScore(   -5.28)+Epik State Penalty(    0.00) =    -5.28 kcal/mol
DOCKING RESULTS FOR LIGAND       41 (591697)
   Except for Best Emodel, the poses reported here
   may not satisfy the user-specified constraints.
Best Emodel=   -43.63 E=   -33.92 Eint=     4.10 GlideScore=    -5.28
Calling OPLS_2005 atomtyping ...
Finished parameter assignment
 Number of rotatable bonds            3
 Using templates for ring conformations.
Found potential matches for only 0 constraints in group 1, required 1.
Error 1 matching features to molecule.
GLIDE WARNING: Ligand lacks atoms to satisfy receptor constraints.
SKIP LIG       42 (600626): INVALID ATOM(S), ETC.
GLIDE WARNING: Ligand skipped, invalid atom(s), etc.
Calling OPLS_2005 atomtyping ...
Finished parameter assignment
 Number of rotatable bonds            5
 Using templates for ring conformations.
 Checked constraints after refinement with max HB dsq =    16.0000000000000     
 After refinement, constraint filter reduced number of
 poses from         5000  to           85 .
 Total constraint copies over all poses =          123
 in ligrese
 RESIDUE MOL/CH/INS  EvdW    ECoul  HB  DCLOSE
 --------------------------------------------
RES     17    1 A      -0.12243  -0.18750   0.00000   6.05871
RES     41    1 A      -1.38549   0.63958   0.00000   3.40820
RES     42    1 A      -0.91761   0.28795   0.00000   4.05919
RES     55    1 A      -0.07050  -0.31747   0.00000   6.90155
RES     57    1 A      -1.79927  -0.56104   0.00000   3.29648
RES     58    1 A      -0.41908   0.39840   0.00000   5.20808
RES     60    1 A      -0.08090  -0.26427   0.00000   7.48893
RES     61    1 A      -1.82247   0.57158   0.00000   3.00731
RES     94    1 A      -0.02730  -0.23499   0.00000   9.22603
RES     95    1 A      -0.00822   0.04644   0.00000  11.92208
RES     96    1 A      -0.02126  -8.29112   0.00000   9.93458
RES     97    1 A      -0.01076  10.40918   0.00000  11.94713
RES     98    1 A      -0.01505   0.37556   0.00000  10.75796
RES     99    1 A      -0.52957  -0.31400   0.00000   3.92393
RES    100    1 A      -0.01048   8.98111   0.00000  11.66917
RES    102    1 A      -0.07805  13.62955   0.00000   6.87575
RES    142    1 A      -0.08827  -1.39805   0.00000   6.46241
RES    143    1 A      -0.35596 -21.27542   0.00000   5.11649
RES    146    1 A      -0.34741  22.37442   0.00000   5.09926
RES    172    1 A      -0.01613  -0.67227   0.00000   9.86291
RES    173    1 A      -0.01039  -0.85733   0.00000  11.22334
RES    174    1 A      -0.04789  -0.06390   0.00000   8.82873
RES    175    1 A      -0.00960   0.50663   0.00000  12.21690
RES    176    1 A      -0.02020  -0.20368   0.00000   9.57184
RES    180    1 A      -0.03752  -0.21940   0.00000   8.54631
RES    189    1 A      -1.69834  13.60338  -0.01785   2.44631
RES    190    1 A      -2.12158  -0.63800   0.00000   2.61286
RES    191    1 A      -4.46796  -3.23033   0.00000   2.68408
RES    192    1 A      -3.48302  -4.55251  -0.00028   2.11561
RES    193    1 A      -1.24277   0.17777   0.00000   1.95113
RES    194    1 A      -0.83899  16.71687   0.00000   4.03189
RES    195    1 A      -0.02656   0.06138   0.00000   2.19678
RES    196    1 A      -0.11748  -0.29177   0.00000   5.36389
RES    197    1 A      -0.05946  -0.12983   0.00000   6.38598
RES    212    1 A      -0.15142  -0.03707   0.00000   4.92131
RES    213    1 A       1.06398  -0.39542   0.00000   2.25793
RES    214    1 A      -1.81016   0.34012   0.00000   2.02152
RES    215    1 A      -1.84409  -1.58371   0.00000   2.35688
RES    216    1 A      -3.96935   5.52764   0.00000   2.03956
RES    217    1 A      -0.80505  15.12460   0.00000   4.76593
RES    218    1 A       9.40922   0.66047   0.00000   1.97330
RES    220    1 A      -0.94317   4.89590   0.00000   2.55912
RES    221    1 A      -0.20888   0.04231   0.00000   3.43664
RES    222    1 A      -0.14394 -19.47369   0.00000   5.62327
RES    224    1 A      -0.10005 -13.35667   0.00000   6.33099
RES    225    1 A      -0.45794   0.67543   0.00000   4.47104
RES    226    1 A       6.63647  -1.47502   0.00000   1.79410
RES    227    1 A      -1.87999   0.33063   0.00000   2.85144
RES    228    1 A      -1.71711   0.44695   0.00000   2.96684
RES    229    1 A      -0.05400   0.38823   0.00000   5.81144
Pose   87 Emodel =  -38.31 E =  -28.06 GlideScore =   -6.04
Constraint(s) matched for ligand       43, pose     87
Score =     -6.039
Emodel =    -38.312

The output pose satisfies at least the following constraint(s).
A:ASP:189:OD1(hbond) (Type = H-bond Acceptor)
 
GlideScore(   -6.04)+Epik State Penalty(    0.00) =    -6.04 kcal/mol
DOCKING RESULTS FOR LIGAND       43 (612278)
   Except for Best Emodel, the poses reported here
   may not satisfy the user-specified constraints.
Best Emodel=   -38.31 E=   -28.06 Eint=    15.95 GlideScore=    -6.04
Calling OPLS_2005 atomtyping ...
Finished parameter assignment
 Number of rotatable bonds            6
 Using templates for ring conformations.
 Checked constraints after refinement with max HB dsq =    16.0000000000000     
 After refinement, constraint filter reduced number of
 poses from         5000  to          765 .
 Total constraint copies over all poses =         1646
 in ligrese
 RESIDUE MOL/CH/INS  EvdW    ECoul  HB  DCLOSE
 --------------------------------------------
RES     17    1 A      -0.10958  -0.04436   0.00000   6.14132
RES     41    1 A      -0.12881   0.07930   0.00000   4.86603
RES     42    1 A      -0.18467  -0.05887   0.00000   4.71046
RES     55    1 A      -0.05175   0.01833   0.00000   6.38316
RES     57    1 A      -1.63712  -0.05998   0.00000   2.08439
RES     58    1 A      -0.13891   0.03483   0.00000   5.29138
RES     60    1 A      -0.02766   0.01021   0.00000   8.14344
RES     61    1 A      -0.32328   0.14163   0.00000   4.28803
RES     94    1 A      -0.02575   0.02145   0.00000   7.18215
RES     95    1 A      -0.00809  -0.01350   0.00000   9.21667
RES     96    1 A      -0.02111   0.08100   0.00000   7.88969
RES     97    1 A      -0.01101  -0.24603   0.00000   9.70133
RES     98    1 A      -0.01698  -0.02971   0.00000   8.14730
RES     99    1 A      -1.10338   0.15190   0.00000   2.15298
RES    100    1 A      -0.01041  -0.32060   0.00000   9.30780
RES    102    1 A      -0.07801  -0.27929   0.00000   6.59479
RES    142    1 A      -0.06039  -0.28094   0.00000   7.11990
RES    143    1 A      -0.20650  -2.23629   0.00000   6.02131
RES    146    1 A      -0.15992   0.56359   0.00000   5.51737
RES    172    1 A      -0.01448   0.06176   0.00000  10.02515
RES    173    1 A      -0.00886   0.04767   0.00000  11.16762
RES    174    1 A      -0.04371  -0.00486   0.00000   8.40993
RES    175    1 A      -0.00909  -0.03439   0.00000  10.58411
RES    176    1 A      -0.01844   0.02313   0.00000   9.67896
RES    180    1 A      -0.03471   0.03305   0.00000   8.15485
RES    189    1 A      -0.96105  -7.81602  -0.15200   1.93584
RES    190    1 A      -2.77485  -0.19115   0.00000   2.76309
RES    191    1 A      -3.67811  -0.47677   0.00000   2.83505
RES    192    1 A      -3.86550  -1.25847   0.00000   2.09610
RES    193    1 A      -0.50390  -0.04328   0.00000   2.54313
RES    194    1 A      -0.75889   1.19456   0.00000   4.75299
RES    195    1 A      -2.27229   0.21198   0.00000   2.76707
RES    196    1 A      -0.08526  -0.01633   0.00000   6.30788
RES    197    1 A      -0.04891  -0.13518   0.00000   6.93476
RES    212    1 A      -0.11788  -0.15470   0.00000   5.18818
RES    213    1 A      -1.63884  -0.02154   0.00000   2.17109
RES    214    1 A      -2.10486   0.01480   0.00000   2.67467
RES    215    1 A      -4.74591   0.99033   0.00000   1.93786
RES    216    1 A      -3.55854   0.15171   0.00000   2.26323
RES    217    1 A      -0.53129  -0.77182   0.00000   4.54794
RES    218    1 A      -0.43951  -1.49048  -0.30400   1.90872
RES    220    1 A      -0.94690   0.88355   0.00000   1.99910
RES    221    1 A      -0.26326   0.49757   0.00000   2.87006
RES    222    1 A      -0.11736   0.02371   0.00000   4.93705
RES    224    1 A      -0.10220   0.63188   0.00000   5.73094
RES    225    1 A      -0.46748   0.31375   0.00000   4.42339
RES    226    1 A      -0.75242   0.52360   0.00000   2.21391
RES    227    1 A      -1.61371  -0.33301   0.00000   2.85944
RES    228    1 A      -1.44418  -0.00784   0.00000   3.02248
RES    229    1 A      -0.04486  -0.07605   0.00000   6.12168
Pose   66 Emodel =  -55.70 E =  -41.69 GlideScore =   -6.10
Constraint(s) matched for ligand       44, pose     66
Score =     -6.102
Emodel =    -55.702

The output pose satisfies at least the following constraint(s).
A:ASP:189:OD1(hbond) (Type = H-bond Acceptor)
 
GlideScore(   -6.10)+Epik State Penalty(    0.00) =    -6.10 kcal/mol
DOCKING RESULTS FOR LIGAND       44 (615544)
   Except for Best Emodel, the poses reported here
   may not satisfy the user-specified constraints.
Best Emodel=   -55.70 E=   -41.69 Eint=     2.77 GlideScore=    -6.10
Calling OPLS_2005 atomtyping ...
Finished parameter assignment
 Number of rotatable bonds            1
 Using templates for ring conformations.
 Checked constraints after refinement with max HB dsq =    16.0000000000000     
 After refinement, constraint filter reduced number of
 poses from         5000  to           73 .
 Total constraint copies over all poses =          198
NO POSES STORED FOR LIGAND       45 (617674)
Calling OPLS_2005 atomtyping ...
Finished parameter assignment
 Number of rotatable bonds            1
 Using templates for ring conformations.
 Checked constraints after refinement with max HB dsq =    16.0000000000000     
 After refinement, constraint filter reduced number of
 poses from         5000  to           89 .
 Total constraint copies over all poses =          237
NO POSES STORED FOR LIGAND       46 (617674)
  
 REPORT OF DOCKED POSES
  
 The ligand structures were written to the file
glide_1FJS_screening-0001_raw.maegz

Exiting Glide
Date: Wednesday, May 07 2025, at 14:25:22 CEST
CPU time (s): 131.3 user, 0.2 system, 132.9 real
Total elapsed time = 133 seconds (2 minutes, 13 seconds)
[running at reduced cpu priority]
######## end of glide_1FJS_screening-0001.log #########
######## begin of glide_1FJS_screening-0002.log #########
Glide version 102135 (mmshare version 65135)
mmshare         e304c7da19
glide-src       0ca00f32ab
psp-src         e85839dc34
macromodel-src  9753ab8ec4
epik-src        71ce3f965c

Copyright (c) Schrodinger, LLC.
All Rights Reserved.

--------------------------------------------------------------------------------
JobId          : aq92-0-681b5135
Name           : glide_1FJS_screening-0002
Program        : Glide
Version        : 2024-1 build 135
Host           : aq92
Dir            : /scratch/praktikum/glide_1FJS_screening
HostEntry      : localhost
JobHost        : aq92
JobDir         : /scratch/praktikum/glide_1FJS_screening-0002
JobSchrodinger : /usr/local/schrodinger2024-1
Commandline    : /usr/local/schrodinger2024-1/glide -serial glide_1FJS_screening-0002.inp -RESTART -HOST localhost
StartTime      : 2025-05-07-14:25:25
--------------------------------------------------------------------------------

[running at reduced cpu priority]
Offsetting ligand numbers by 46
 VdW radii of ligand atoms scaled by   0.800000000000000     
 Charge cutoff for polarity   0.150000000000000     

GLIDE CONSTRAINTS APPLIED
-------------------------
  1 out of   1 constraints used from file /media/TC_Lehre/storage/meinschad_lukas_ff_pr/2025/Day_3/glide-grid_1fjs/glide-grid_1fjs.cons
Labels and receptor types of constraints used are:
A:ASP:189:OD1(hbond) (H-bond Acceptor)

All docked poses must satisfy the specified number of
constraints in ALL of the following  1 groups.
Group   1: At least  1 of (A:ASP:189:OD1(hbond))


 After readscreen, (nx, ny, nz) = (          27 ,           25 ,           23 ).
  Receptor setup: (nsites, nx, ny, nz, bsize)=(          60 ,           27 , 
          25 ,           23 ,    1.00000000000000      ).
 Screening setup finished.
 DOCKMAIN: getting receptor.
  DOCKMAIN after grid: (nx, ny, nz) = (          72 ,           64 , 
          64 ).

 Metal   At. Num.  Eff. Charge  Category    x         y         z
 1853      20       -1.00          -1    13.039    31.706    29.272
  
 DOCKMAIN: Grid setup finished
Calling OPLS_2005 atomtyping ...
Finished parameter assignment

Reading torsion control file '/usr/local/schrodinger2024-1/glide-v10.2/bin/Linux-x86_64/../../data/torcontrol.txt':
  
  Using generalized torsion control 
  
 Number of rotatable bonds            2
 Using templates for ring conformations.

GlideScore version SP5.0 will be used

  
 Buried polar penalty      0.000
 Coulomb vdW cutoff        0.000
 H bond cutoff             0.000
 Metal-ligand cutoff      10.000
Assigning GlideScore SP5.0 parameters
 Checked constraints after refinement with max HB dsq =    16.0000000000000     
 After refinement, constraint filter reduced number of
 poses from         5000  to           25 .
 Total constraint copies over all poses =           53
NO POSES STORED FOR LIGAND       47 (620317)
Calling OPLS_2005 atomtyping ...
Finished parameter assignment
 Number of rotatable bonds            2
 Using templates for ring conformations.
 Checked constraints after refinement with max HB dsq =    16.0000000000000     
 After refinement, constraint filter reduced number of
 poses from         5000  to           12 .
 Total constraint copies over all poses =           30
NO POSES STORED FOR LIGAND       48 (620317)
Calling OPLS_2005 atomtyping ...
Finished parameter assignment
 Number of rotatable bonds            5
 Using templates for ring conformations.
 Checked constraints after refinement with max HB dsq =    16.0000000000000     
 After refinement, constraint filter reduced number of
 poses from         4027  to            5 .
 Total constraint copies over all poses =            5
NO VALID POSES AFTER MINIMIZATION: SKIPPING.
Ligand #     49(624664)
SKIP LIG       49 (624664): GRID-ENERGY MIN FAILED
Calling OPLS_2005 atomtyping ...
Finished parameter assignment
 Number of rotatable bonds            4
 Using templates for ring conformations.
 Checked constraints after refinement with max HB dsq =    16.0000000000000     
 After refinement, constraint filter reduced number of
 poses from         5000  to           19 .
 Total constraint copies over all poses =           51
NO POSES STORED FOR LIGAND       50 (647916)
Calling OPLS_2005 atomtyping ...
Finished parameter assignment
 Number of rotatable bonds            4
 Using templates for ring conformations.
 Checked constraints after refinement with max HB dsq =    16.0000000000000     
 After refinement, constraint filter reduced number of
 poses from         5000  to           76 .
 Total constraint copies over all poses =          125
NO POSES STORED FOR LIGAND       51 (647916)
Calling OPLS_2005 atomtyping ...
Finished parameter assignment
 Number of rotatable bonds            4
 Using templates for ring conformations.
 Checked constraints after refinement with max HB dsq =    16.0000000000000     
 After refinement, constraint filter reduced number of
 poses from         5000  to            4 .
 Total constraint copies over all poses =            4
NO VALID POSES AFTER MINIMIZATION: SKIPPING.
Ligand #     52(647916)
SKIP LIG       52 (647916): GRID-ENERGY MIN FAILED
Calling OPLS_2005 atomtyping ...
Finished parameter assignment
 Number of rotatable bonds            5
 Using templates for ring conformations.
 Checked constraints after refinement with max HB dsq =    16.0000000000000     
 After refinement, constraint filter reduced number of
 poses from         5000  to           15 .
 Total constraint copies over all poses =           19
NO POSES STORED FOR LIGAND       53 (647916)
Calling OPLS_2005 atomtyping ...
Finished parameter assignment
 Number of rotatable bonds            4
 Using templates for ring conformations.
 Checked constraints after refinement with max HB dsq =    16.0000000000000     
 After refinement, constraint filter reduced number of
 poses from         5000  to           27 .
 Total constraint copies over all poses =           36
NO POSES STORED FOR LIGAND       54 (666154)
Calling OPLS_2005 atomtyping ...
Finished parameter assignment
 Number of rotatable bonds            4
 Using templates for ring conformations.
 Checked constraints after refinement with max HB dsq =    16.0000000000000     
 After refinement, constraint filter reduced number of
 poses from         5000  to          889 .
 Total constraint copies over all poses =         1376
Postdocking minimization:   5 poses; CvdW cutoffs   100.0 kcal/mol for min,     0.0 kcal/mol for report.
 in ligrese
 RESIDUE MOL/CH/INS  EvdW    ECoul  HB  DCLOSE
 --------------------------------------------
RES     17    1 A      -0.10264  -0.09172   0.00000   6.51750
RES     41    1 A      -0.14651  -0.42700   0.00000   7.09490
RES     42    1 A      -0.15049   0.28810   0.00000   6.68357
RES     55    1 A      -0.05464   0.35889   0.00000   7.42538
RES     57    1 A      -2.14440   2.26989   0.00000   3.23370
RES     58    1 A      -0.21010  -0.17703   0.00000   6.64662
RES     60    1 A      -0.48312  -0.01356   0.00000   5.13578
RES     61    1 A      -3.15016  -0.91103   0.00000   2.70785
RES     94    1 A      -0.07473   0.21118   0.00000   6.32254
RES     95    1 A      -0.02260  -0.04084   0.00000   8.85202
RES     96    1 A      -0.15755   7.13996   0.00000   5.05166
RES     97    1 A      -0.03586  -8.68942   0.00000   7.96847
RES     98    1 A      -0.02572  -0.37940   0.00000   9.47673
RES     99    1 A      -1.62496  -2.58817  -0.29138   2.06314
RES    100    1 A      -0.01369  -8.85233   0.00000  11.11983
RES    102    1 A      -0.07751 -12.84798   0.00000   7.75520
RES    142    1 A      -0.05777   1.12435   0.00000   7.70497
RES    143    1 A      -0.29651  14.86027   0.00000   5.57677
RES    146    1 A      -0.24479 -17.81530   0.00000   5.06546
RES    172    1 A      -0.01427   0.87273   0.00000   9.72228
RES    173    1 A      -0.01050   0.76893   0.00000  11.14482
RES    174    1 A      -0.05519   0.02718   0.00000   9.78583
RES    175    1 A      -0.01031  -0.45608   0.00000  13.26255
RES    176    1 A      -0.01637   0.30296   0.00000  10.10316
RES    180    1 A      -0.02814   0.38701   0.00000   9.96902
RES    189    1 A      -0.46299 -45.06100  -0.15891   2.16979
RES    190    1 A      -1.78354  -0.34180   0.00000   2.14833
RES    191    1 A      -3.96587  -0.01553   0.00000   3.02552
RES    192    1 A      -5.75095  -0.20000   0.00000   2.81886
RES    193    1 A      -0.33256   0.36072   0.00000   4.84403
RES    194    1 A      -0.56544 -20.07999   0.00000   4.27437
RES    195    1 A      -1.45593   0.29621   0.00000   3.13287
RES    196    1 A      -0.06401   0.52957   0.00000   6.02617
RES    197    1 A      -0.03491   0.10875   0.00000   6.80985
RES    212    1 A      -0.06917  -0.13046   0.00000   6.78009
RES    213    1 A      -1.32743   2.14803   0.00000   2.45038
RES    214    1 A      -1.16260   1.58204   0.00000   4.13357
RES    215    1 A      -3.64766  -1.25114   0.00000   2.62035
RES    216    1 A      -3.29930  -0.56467   0.00000   2.84183
RES    217    1 A      -0.60079 -15.89536   0.00000   4.47137
RES    218    1 A       1.47674  -4.46674   0.00000   2.16618
RES    220    1 A      -2.23481   1.26061   0.00000   2.82697
RES    221    1 A      -0.20064   1.75985   0.00000   3.41448
RES    222    1 A      -0.12205  15.91311   0.00000   5.37504
RES    224    1 A      -0.09512  14.28175   0.00000   5.78983
RES    225    1 A      -0.42155   0.60400   0.00000   4.42905
RES    226    1 A      -0.89482   4.14823   0.00000   2.15020
RES    227    1 A      -0.85002  -1.91449   0.00000   3.84054
RES    228    1 A      -0.63693  -0.89868   0.00000   3.93734
RES    229    1 A      -0.03008  -0.80680   0.00000   7.77249
Pose  171 Emodel =  -66.07 E =  -45.28 GlideScore =   -6.56
Constraint(s) matched for ligand       55, pose    171
Score =     -6.557
Emodel =    -66.074

The output pose satisfies at least the following constraint(s).
A:ASP:189:OD1(hbond) (Type = H-bond Acceptor)
 
GlideScore(   -6.56)+Epik State Penalty(    2.55) =    -4.01 kcal/mol
DOCKING RESULTS FOR LIGAND       55 (666154)
   Except for Best Emodel, the poses reported here
   may not satisfy the user-specified constraints.
Best Emodel=   -66.07 E=   -45.28 Eint=     2.53 GlideScore=    -6.56
Calling OPLS_2005 atomtyping ...
Finished parameter assignment
 Number of rotatable bonds            3
 Using templates for ring conformations.
Found potential matches for only 0 constraints in group 1, required 1.
Error 1 matching features to molecule.
GLIDE WARNING: Ligand lacks atoms to satisfy receptor constraints.
SKIP LIG       56 (675848): INVALID ATOM(S), ETC.
GLIDE WARNING: Ligand skipped, invalid atom(s), etc.
Calling OPLS_2005 atomtyping ...
Finished parameter assignment
 Number of rotatable bonds            4
 Using templates for ring conformations.
 Checked constraints after refinement with max HB dsq =    16.0000000000000     
 After refinement, constraint filter reduced number of
 poses from         2851  to           49 .
 Total constraint copies over all poses =           85
NO POSES STORED FOR LIGAND       57 (675848)
Calling OPLS_2005 atomtyping ...
Finished parameter assignment
 Number of rotatable bonds            6
 Using templates for ring conformations.
Found potential matches for only 0 constraints in group 1, required 1.
Error 1 matching features to molecule.
GLIDE WARNING: Ligand lacks atoms to satisfy receptor constraints.
SKIP LIG       58 (682034): INVALID ATOM(S), ETC.
GLIDE WARNING: Ligand skipped, invalid atom(s), etc.
Calling OPLS_2005 atomtyping ...
Finished parameter assignment
 Number of rotatable bonds            7
 Using templates for ring conformations.
 Checked constraints after refinement with max HB dsq =    16.0000000000000     
 After refinement, constraint filter reduced number of
 poses from         5000  to          445 .
 Total constraint copies over all poses =          646
 in ligrese
 RESIDUE MOL/CH/INS  EvdW    ECoul  HB  DCLOSE
 --------------------------------------------
RES     17    1 A      -0.10893   0.06786   0.00000   6.38466
RES     41    1 A      -0.17946  -0.08440   0.00000   5.48631
RES     42    1 A      -0.19684  -0.15029   0.00000   5.73957
RES     55    1 A      -0.06397  -0.09887   0.00000   6.78011
RES     57    1 A      -1.76662  -0.70277   0.00000   2.52909
RES     58    1 A      -0.22946  -0.02845   0.00000   5.97633
RES     60    1 A      -0.54712  -0.03599   0.00000   4.80627
RES     61    1 A      -3.12079  -1.15020   0.00000   1.78140
RES     94    1 A      -0.09408  -0.03330   0.00000   6.19847
RES     95    1 A      -0.03202  -0.00614   0.00000   8.00560
RES     96    1 A      -0.36202  -0.58821   0.00000   3.72011
RES     97    1 A      -0.05981   0.54293   0.00000   6.48379
RES     98    1 A      -0.03188   0.02487   0.00000   8.33879
RES     99    1 A      -1.80512  -0.11135   0.00000   2.53778
RES    100    1 A      -0.01560   0.50490   0.00000  10.54867
RES    102    1 A      -0.08654   1.39624   0.00000   6.78915
RES    142    1 A      -0.06881   0.03878   0.00000   7.80637
RES    143    1 A      -0.37316   1.94226   0.00000   4.78466
RES    146    1 A      -0.46127  -2.33847   0.00000   3.53200
RES    172    1 A      -0.01530   0.03909   0.00000   9.99023
RES    173    1 A      -0.01245   0.03513   0.00000  10.13767
RES    174    1 A      -0.06734  -0.02769   0.00000   7.61077
RES    175    1 A      -0.01162   0.02617   0.00000  13.02926
RES    176    1 A      -0.01687  -0.02171   0.00000  10.26070
RES    180    1 A      -0.02928  -0.07782   0.00000  10.21749
RES    189    1 A      -1.56289  -7.10018   0.00000   2.31265
RES    190    1 A      -2.28892  -1.54480   0.00000   2.81612
RES    191    1 A      -4.42272   0.34317   0.00000   2.77581
RES    192    1 A      -6.90161   0.23245   0.00000   2.08607
RES    193    1 A      -0.46000   0.02335   0.00000   3.88013
RES    194    1 A      -0.64704   0.27377   0.00000   4.62121
RES    195    1 A       1.00665  -0.46433   0.00000   2.12219
RES    196    1 A      -0.08409  -0.15817   0.00000   5.55128
RES    197    1 A      -0.03883   0.05034   0.00000   7.02205
RES    212    1 A      -0.07142   0.01359   0.00000   7.39323
RES    213    1 A      -1.34222  -0.67932   0.00000   2.74642
RES    214    1 A      -1.71252  -0.49825   0.00000   2.76056
RES    215    1 A      -3.56756   1.53282   0.00000   2.45532
RES    216    1 A      -3.29564  -0.02653   0.00000   2.18185
RES    217    1 A      -0.99794  -0.38544   0.00000   3.42699
RES    218    1 A       0.66353   0.25019   0.00000   1.92782
RES    220    1 A      -2.05234  -0.17168   0.00000   2.41376
RES    221    1 A      -0.19259   0.33993   0.00000   3.63669
RES    222    1 A      -0.17676   1.54556   0.00000   5.39813
RES    224    1 A      -0.09017   0.60660   0.00000   6.24255
RES    225    1 A      -0.29898   0.03593   0.00000   4.58061
RES    226    1 A      -1.07277  -0.60947   0.00000   2.92551
RES    227    1 A      -0.67103   0.56390   0.00000   3.82452
RES    228    1 A      -0.38199   0.39355   0.00000   5.04568
RES    229    1 A      -0.03119   0.10117   0.00000   8.28926
Pose  469 Emodel =  -52.54 E =  -41.75 GlideScore =   -5.05
Constraint(s) matched for ligand       59, pose    469
Score =     -5.051
Emodel =    -52.537

The output pose satisfies at least the following constraint(s).
A:ASP:189:OD1(hbond) (Type = H-bond Acceptor)
 
GlideScore(   -5.05)+Epik State Penalty(    1.01) =    -4.04 kcal/mol
DOCKING RESULTS FOR LIGAND       59 (682034)
   Except for Best Emodel, the poses reported here
   may not satisfy the user-specified constraints.
Best Emodel=   -52.54 E=   -41.75 Eint=     3.65 GlideScore=    -5.05
Calling OPLS_2005 atomtyping ...
Finished parameter assignment
 Number of rotatable bonds            9
 Using templates for ring conformations.
 Checked constraints after refinement with max HB dsq =    16.0000000000000     
 After refinement, constraint filter reduced number of
 poses from         5000  to            0 .
 Total constraint copies over all poses =            0
GLIDE WARNING: No refined poses satisfy constraints; will skip this ligand.
SKIP LIG       60 (687624): ROUGH POSE REFINE FAILED
Calling OPLS_2005 atomtyping ...
Finished parameter assignment
 Number of rotatable bonds            9
 Using templates for ring conformations.
 Checked constraints after refinement with max HB dsq =    16.0000000000000     
 After refinement, constraint filter reduced number of
 poses from         5000  to            6 .
 Total constraint copies over all poses =            9
NO POSES STORED FOR LIGAND       61 (687624)
Calling OPLS_2005 atomtyping ...
Finished parameter assignment
 Number of rotatable bonds           13
 Using templates for ring conformations.
 Checked constraints after refinement with max HB dsq =    16.0000000000000     
 After refinement, constraint filter reduced number of
 poses from         5000  to          169 .
 Total constraint copies over all poses =          217
 in ligrese
 RESIDUE MOL/CH/INS  EvdW    ECoul  HB  DCLOSE
 --------------------------------------------
RES     17    1 A      -0.11817   0.02443   0.00000   5.19784
RES     41    1 A      -0.07200   0.33875   0.00000   7.35899
RES     42    1 A      -0.07114   0.44759   0.00000   7.83212
RES     55    1 A      -0.03156  -0.18674   0.00000   8.46160
RES     57    1 A      -0.74983  -0.04818   0.00000   4.82726
RES     58    1 A      -0.08057   0.33127   0.00000   7.68952
RES     60    1 A      -0.07597  -0.25555   0.00000   7.45029
RES     61    1 A      -0.50547  -0.13870   0.00000   3.79978
RES     94    1 A      -0.06402  -0.09158   0.00000   6.51886
RES     95    1 A      -0.04212  -0.01344   0.00000   7.71357
RES     96    1 A      -0.37557  -2.68763   0.00000   4.05748
RES     97    1 A      -0.28723   2.38303   0.00000   5.39825
RES     98    1 A      -0.11950   0.02975   0.00000   6.22351
RES     99    1 A      -3.14721  -1.86887   0.00000   2.49356
RES    100    1 A      -0.02257   1.03012   0.00000   8.54037
RES    102    1 A      -0.06133   4.69568   0.00000   8.23097
RES    142    1 A      -0.04889   0.04450   0.00000   6.90659
RES    143    1 A      -0.75813  -5.00271   0.00000   3.54399
RES    146    1 A      -2.73082  -0.40062   0.00000   2.73876
RES    172    1 A      -0.03281   0.51033   0.00000   8.07730
RES    173    1 A      -0.05860   0.26962   0.00000   6.73421
RES    174    1 A      -1.59795  -0.20933   0.00000   2.69570
RES    175    1 A      -0.03658   0.04831   0.00000   7.21246
RES    176    1 A      -0.02555   0.06650   0.00000   8.68644
RES    180    1 A      -0.03544  -0.02632   0.00000   8.48754
RES    189    1 A      -1.80151 -34.35772  -0.13100   2.04891
RES    190    1 A      -0.14051  -5.02257   0.00000   2.17170
RES    191    1 A      -1.24416   0.65359   0.00000   1.83718
RES    192    1 A      -3.01973   0.00158   0.00000   1.71151
RES    193    1 A      -0.21109  -0.47171   0.00000   4.86043
RES    194    1 A      -0.23225  -4.91354   0.00000   5.37410
RES    195    1 A      -0.58040   0.67761   0.00000   4.59848
RES    196    1 A      -0.03100  -0.00018   0.00000   7.86285
RES    197    1 A      -0.01576   0.13589   0.00000   9.08717
RES    212    1 A      -0.03135  -0.15627   0.00000   8.58119
RES    213    1 A      -0.26520   1.04728   0.00000   4.15470
RES    214    1 A      -0.67431   3.03109   0.00000   4.36352
RES    215    1 A       0.73145  -5.14143   0.00000   2.14709
RES    216    1 A      -3.99965   3.33754  -0.00261   1.96552
RES    217    1 A      -2.83392  -5.21083   0.00000   2.36086
RES    218    1 A      -2.34037  -6.00744   0.00000   1.91302
RES    220    1 A      -0.97722   3.97048   0.00000   1.97394
RES    221    1 A      -0.39335   2.32114   0.00000   2.61563
RES    222    1 A      -1.04609   2.33394   0.00000   3.01038
RES    224    1 A      -0.20841   4.89136   0.00000   4.15583
RES    225    1 A      -0.62337  -0.05736   0.00000   2.97788
RES    226    1 A       0.42544   1.93722   0.00000   1.87794
RES    227    1 A      -0.43725  -0.32341   0.00000   2.88747
RES    228    1 A      -0.17151  -0.13276   0.00000   4.71904
RES    229    1 A      -0.01962  -0.26193   0.00000   9.21903
Pose  209 Emodel =  -40.09 E =  -29.90 GlideScore =   -3.36
Constraint(s) matched for ligand       62, pose    209
Score =     -3.362
Emodel =    -40.091

The output pose satisfies at least the following constraint(s).
A:ASP:189:OD1(hbond) (Type = H-bond Acceptor)
 
GlideScore(   -3.36)+Epik State Penalty(    0.13) =    -3.23 kcal/mol
DOCKING RESULTS FOR LIGAND       62 (689972)
   Except for Best Emodel, the poses reported here
   may not satisfy the user-specified constraints.
Best Emodel=   -40.09 E=   -29.90 Eint=     8.33 GlideScore=    -3.36
Calling OPLS_2005 atomtyping ...
Finished parameter assignment
 Number of rotatable bonds           12
 Using templates for ring conformations.
 Checked constraints after refinement with max HB dsq =    16.0000000000000     
 After refinement, constraint filter reduced number of
 poses from         5000  to          210 .
 Total constraint copies over all poses =          274
NO POSES STORED FOR LIGAND       63 (689972)
Calling OPLS_2005 atomtyping ...
Finished parameter assignment
 Number of rotatable bonds           12
 Using templates for ring conformations.
 Checked constraints after refinement with max HB dsq =    16.0000000000000     
 After refinement, constraint filter reduced number of
 poses from         5000  to          271 .
 Total constraint copies over all poses =          336
 in ligrese
 RESIDUE MOL/CH/INS  EvdW    ECoul  HB  DCLOSE
 --------------------------------------------
RES     17    1 A      -0.09892  -0.04293   0.00000   5.43570
RES     41    1 A      -0.12060   0.16587   0.00000   6.16857
RES     42    1 A      -0.15151   0.42750   0.00000   5.93065
RES     55    1 A      -0.05008  -0.08882   0.00000   6.21861
RES     57    1 A      -2.05821   1.21372   0.00000   2.63280
RES     58    1 A      -0.18357   0.20940   0.00000   5.50035
RES     60    1 A      -0.07062  -0.19754   0.00000   6.90947
RES     61    1 A      -1.09769  -1.06298   0.00000   3.27691
RES     94    1 A      -0.04803  -0.08740   0.00000   6.73703
RES     95    1 A      -0.02130   0.01953   0.00000   9.66493
RES     96    1 A      -0.07571  -2.22901   0.00000   7.52909
RES     97    1 A      -0.11130   4.06052   0.00000   6.72653
RES     98    1 A      -0.05855   0.09247   0.00000   8.25079
RES     99    1 A      -1.91471  -0.04606   0.00000   2.09005
RES    100    1 A      -0.01815   1.32131   0.00000  10.22353
RES    102    1 A      -0.08066   2.60052   0.00000   6.38677
RES    142    1 A      -0.04299   0.21851   0.00000   7.23370
RES    143    1 A      -0.35772  -3.41939   0.00000   5.36355
RES    146    1 A      -0.71540   0.87171   0.00000   3.82446
RES    172    1 A      -0.04952   0.41431   0.00000   6.86783
RES    173    1 A      -0.14662  -0.09159   0.00000   5.70481
RES    174    1 A      -2.87195  -0.15254   0.00000   2.73816
RES    175    1 A      -0.03946   0.17748   0.00000   8.44294
RES    176    1 A      -0.03031   0.10183   0.00000   8.40196
RES    180    1 A      -0.03705   0.08564   0.00000   9.04825
RES    189    1 A      -1.78531 -32.46235  -0.04788   2.30567
RES    190    1 A      -1.44010  -4.39752   0.00000   2.37040
RES    191    1 A       0.04761   0.53470   0.00000   1.75702
RES    192    1 A      -5.51701  -2.01423   0.00000   2.54548
RES    193    1 A      -0.24407  -0.22180   0.00000   5.01433
RES    194    1 A      -0.23496  -6.50485   0.00000   5.16167
RES    195    1 A      -1.01452   0.44943   0.00000   3.91249
RES    196    1 A      -0.04309   0.12302   0.00000   7.01641
RES    197    1 A      -0.01792   0.15219   0.00000   8.83052
RES    212    1 A      -0.03558  -0.10633   0.00000   8.33414
RES    213    1 A      -0.28032   1.21138   0.00000   3.91586
RES    214    1 A      -0.85913   1.96401   0.00000   3.37488
RES    215    1 A      -5.06343  -3.22216   0.00000   2.32956
RES    216    1 A      -3.69344   3.35555   0.00000   1.84149
RES    217    1 A      -3.50452  -2.55353   0.00000   2.12728
RES    218    1 A      -2.94578  -7.32955   0.00000   2.21165
RES    220    1 A      -1.77091   4.74067   0.00000   1.85482
RES    221    1 A      -0.34080   2.17984   0.00000   2.59448
RES    222    1 A      -0.45411  -1.70901   0.00000   3.90559
RES    224    1 A      -0.20585   2.71935   0.00000   4.31776
RES    225    1 A      -0.57793   0.15360   0.00000   3.07935
RES    226    1 A       0.15886   2.45828   0.00000   1.91939
RES    227    1 A      -0.48143  -0.78500   0.00000   2.79683
RES    228    1 A      -0.18427  -0.24002   0.00000   4.52716
RES    229    1 A      -0.02179  -0.35649   0.00000   9.08726
Pose  152 Emodel =  -48.56 E =  -39.82 GlideScore =   -3.96
Constraint(s) matched for ligand       64, pose    152
Score =     -3.961
Emodel =    -48.557

The output pose satisfies at least the following constraint(s).
A:ASP:189:OD1(hbond) (Type = H-bond Acceptor)
 
GlideScore(   -3.96)+Epik State Penalty(    1.49) =    -2.47 kcal/mol
DOCKING RESULTS FOR LIGAND       64 (689972)
   Except for Best Emodel, the poses reported here
   may not satisfy the user-specified constraints.
Best Emodel=   -48.56 E=   -39.82 Eint=    12.48 GlideScore=    -3.96
Calling OPLS_2005 atomtyping ...
Finished parameter assignment
 Number of rotatable bonds           14
 Using templates for ring conformations.
 Checked constraints after refinement with max HB dsq =    16.0000000000000     
 After refinement, constraint filter reduced number of
 poses from         5000  to          114 .
 Total constraint copies over all poses =          151
 in ligrese
 RESIDUE MOL/CH/INS  EvdW    ECoul  HB  DCLOSE
 --------------------------------------------
RES     17    1 A      -0.11682   0.08202   0.00000   5.22375
RES     41    1 A      -0.07575  -0.35879   0.00000   6.90150
RES     42    1 A      -0.07591   0.23613   0.00000   6.83161
RES     55    1 A      -0.03652   0.36913   0.00000   6.74737
RES     57    1 A      -1.45531   1.63595   0.00000   3.39196
RES     58    1 A      -0.09609  -0.15801   0.00000   6.96245
RES     60    1 A      -0.08541   0.07751   0.00000   6.75974
RES     61    1 A      -0.60045  -0.27657   0.00000   3.64791
RES     94    1 A      -0.04976   0.24280   0.00000   6.50289
RES     95    1 A      -0.02116  -0.08211   0.00000   8.24865
RES     96    1 A      -0.08681   7.02972   0.00000   6.17524
RES     97    1 A      -0.05320  -9.13481   0.00000   7.19814
RES     98    1 A      -0.05444  -0.42832   0.00000   6.44331
RES     99    1 A      -2.46897   0.04163   0.00000   1.61157
RES    100    1 A      -0.01759  -9.09410   0.00000   8.47782
RES    102    1 A      -0.07384 -12.87380   0.00000   6.55300
RES    142    1 A      -0.04707   0.97787   0.00000   7.17382
RES    143    1 A      -0.79695  13.40690   0.00000   3.79677
RES    146    1 A      -1.62845 -20.67023   0.00000   3.63178
RES    172    1 A      -0.02654   1.08152   0.00000   8.04836
RES    173    1 A      -0.03071   0.97952   0.00000   8.54304
RES    174    1 A      -0.30289  -0.00657   0.00000   5.05686
RES    175    1 A      -0.02109  -0.53546   0.00000   8.70067
RES    176    1 A      -0.02238   0.30382   0.00000   8.72805
RES    180    1 A      -0.03406   0.29089   0.00000   7.35859
RES    189    1 A      -1.88752 -50.05025  -0.12037   2.09869
RES    190    1 A      -1.37670  -4.73968   0.00000   2.47090
RES    191    1 A      -2.22171   1.00157   0.00000   1.90910
RES    192    1 A      -4.54640  -0.50067   0.00000   2.32702
RES    193    1 A      -0.18245   0.33257   0.00000   4.52091
RES    194    1 A      -0.19665 -18.68966   0.00000   5.43328
RES    195    1 A      -0.59399   0.21492   0.00000   3.99605
RES    196    1 A      -0.03050   0.41974   0.00000   7.72871
RES    197    1 A      -0.01433   0.08404   0.00000   9.24392
RES    212    1 A      -0.02943  -0.16409   0.00000   8.70621
RES    213    1 A      -0.21115   1.27007   0.00000   4.29755
RES    214    1 A      -0.68078   0.78501   0.00000   3.86400
RES    215    1 A      -4.46719  -0.72890   0.00000   2.25294
RES    216    1 A      -0.01606   0.22024   0.00000   1.95278
RES    217    1 A      -2.25894 -19.40472   0.00000   2.84614
RES    218    1 A      -0.13403  -6.27211   0.00000   2.17240
RES    220    1 A       1.54829   3.21452   0.00000   1.99652
RES    221    1 A      -0.40027   2.65429   0.00000   2.61834
RES    222    1 A      -0.48828  18.94025   0.00000   3.63099
RES    224    1 A      -0.20308  17.00366   0.00000   4.05033
RES    225    1 A      -0.63505  -0.45475   0.00000   3.01900
RES    226    1 A       1.50420   2.91214   0.00000   1.77166
RES    227    1 A      -0.41600  -0.95832   0.00000   2.90896
RES    228    1 A      -0.15606  -0.38043   0.00000   4.85119
RES    229    1 A      -0.01928  -0.69517   0.00000   9.24205
Pose   96 Emodel =  -35.05 E =  -30.30 GlideScore =   -3.12
Constraint(s) matched for ligand       65, pose     96
Score =     -3.120
Emodel =    -35.047

The output pose satisfies at least the following constraint(s).
A:ASP:189:OD1(hbond) (Type = H-bond Acceptor)
 
GlideScore(   -3.12)+Epik State Penalty(    2.06) =    -1.06 kcal/mol
DOCKING RESULTS FOR LIGAND       65 (689972)
   Except for Best Emodel, the poses reported here
   may not satisfy the user-specified constraints.
Best Emodel=   -35.05 E=   -30.30 Eint=    13.54 GlideScore=    -3.12
Calling OPLS_2005 atomtyping ...
Finished parameter assignment
 Number of rotatable bonds            9
 Using templates for ring conformations.
 Checked constraints after refinement with max HB dsq =    16.0000000000000     
 After refinement, constraint filter reduced number of
 poses from         5000  to            1 .
 Total constraint copies over all poses =            2
NO VALID POSES AFTER MINIMIZATION: SKIPPING.
Ligand #     66(700000)
SKIP LIG       66 (700000): GRID-ENERGY MIN FAILED
Calling OPLS_2005 atomtyping ...
Finished parameter assignment
 Number of rotatable bonds            9
 Using templates for ring conformations.
 Checked constraints after refinement with max HB dsq =    16.0000000000000     
 After refinement, constraint filter reduced number of
 poses from         5000  to           12 .
 Total constraint copies over all poses =           13
NO POSES STORED FOR LIGAND       67 (700000)
Calling OPLS_2005 atomtyping ...
Finished parameter assignment
 Number of rotatable bonds            8
 Using templates for ring conformations.
 Checked constraints after refinement with max HB dsq =    16.0000000000000     
 After refinement, constraint filter reduced number of
 poses from         2958  to            3 .
 Total constraint copies over all poses =            5
NO POSES STORED FOR LIGAND       68 (700000)
Calling OPLS_2005 atomtyping ...
Finished parameter assignment
 Number of rotatable bonds            3
 Using templates for ring conformations.
 Checked constraints after refinement with max HB dsq =    16.0000000000000     
 After refinement, constraint filter reduced number of
 poses from         5000  to          774 .
 Total constraint copies over all poses =         1854
 in ligrese
 RESIDUE MOL/CH/INS  EvdW    ECoul  HB  DCLOSE
 --------------------------------------------
RES     17    1 A      -0.10090   0.15551   0.00000   6.14120
RES     41    1 A      -0.22365  -0.83036   0.00000   4.62863
RES     42    1 A      -0.30654  -0.39731   0.00000   4.14047
RES     55    1 A      -0.05241   0.35758   0.00000   6.54881
RES     57    1 A      -1.65738   0.62460   0.00000   2.08248
RES     58    1 A      -0.22164  -0.57352   0.00000   4.89934
RES     60    1 A      -0.05392   0.35120   0.00000   7.03724
RES     61    1 A      -1.03846  -0.63606   0.00000   3.03472
RES     94    1 A      -0.02720   0.23364   0.00000   7.86383
RES     95    1 A      -0.00929  -0.01355   0.00000  11.11140
RES     96    1 A      -0.02893   9.15600   0.00000   9.08312
RES     97    1 A      -0.01655 -11.00316   0.00000  10.44742
RES     98    1 A      -0.01705  -0.31765   0.00000  11.24449
RES     99    1 A      -0.60574   0.60947   0.00000   3.14558
RES    100    1 A      -0.00938  -9.03206   0.00000  12.13529
RES    102    1 A      -0.05923 -14.51843   0.00000   7.31032
RES    142    1 A      -0.07384   1.01321   0.00000   6.91046
RES    143    1 A      -0.44226  20.68344   0.00000   5.30869
RES    146    1 A      -0.43800 -19.96441   0.00000   5.46745
RES    172    1 A      -0.01544   0.50678   0.00000   9.68836
RES    173    1 A      -0.01399   0.71114   0.00000  10.32221
RES    174    1 A      -0.08400   0.07646   0.00000   6.75891
RES    175    1 A      -0.00976  -0.44359   0.00000  12.49203
RES    176    1 A      -0.01467   0.16238   0.00000  10.04128
RES    180    1 A      -0.02259   0.21164   0.00000  11.13141
RES    189    1 A      -0.85678 -18.55323  -0.09468   2.18023
RES    190    1 A      -2.13407  -1.41480   0.00000   2.95037
RES    191    1 A      -4.11614   1.66823   0.00000   2.85390
RES    192    1 A      -8.49752   2.54049   0.00000   2.20922
RES    193    1 A      -0.70547   0.88571   0.00000   2.71276
RES    194    1 A      -0.67561 -13.58859   0.00000   4.02550
RES    195    1 A       0.76969  -2.94456  -0.29368   1.94342
RES    196    1 A      -0.07966   0.21036   0.00000   5.44400
RES    197    1 A      -0.03335   0.04934   0.00000   6.62516
RES    212    1 A      -0.05051   0.09559   0.00000   7.84022
RES    213    1 A      -0.87696  -0.20939   0.00000   2.75367
RES    214    1 A      -0.93233  -1.56567   0.00000   3.79469
RES    215    1 A      -3.55401   2.18554   0.00000   3.24143
RES    216    1 A      -2.45553  -2.77860   0.00000   2.66377
RES    217    1 A      -1.00610 -14.04425   0.00000   4.22892
RES    218    1 A      -0.27309  -4.26095  -0.29368   1.83520
RES    220    1 A      -2.75980  -1.63512   0.00000   2.47918
RES    221    1 A      -0.20440   0.49405   0.00000   3.08497
RES    222    1 A      -0.19908  17.66575   0.00000   5.15885
RES    224    1 A      -0.09920  12.21690   0.00000   5.90312
RES    225    1 A      -0.30564  -0.29658   0.00000   4.66751
RES    226    1 A      -0.69125   0.38081   0.00000   2.89141
RES    227    1 A      -0.41398  -0.25400   0.00000   4.29576
RES    228    1 A      -0.20508  -0.00680   0.00000   5.37532
RES    229    1 A      -0.02227  -0.24680   0.00000   8.88227
Pose  716 Emodel =  -61.27 E =  -43.85 GlideScore =   -6.79
Constraint(s) matched for ligand       69, pose    716
Score =     -6.786
Emodel =    -61.274

The output pose satisfies at least the following constraint(s).
A:ASP:189:OD1(hbond) (Type = H-bond Acceptor)
 
GlideScore(   -6.79)+Epik State Penalty(    0.00) =    -6.79 kcal/mol
DOCKING RESULTS FOR LIGAND       69 (702834)
   Except for Best Emodel, the poses reported here
   may not satisfy the user-specified constraints.
Best Emodel=   -61.27 E=   -43.85 Eint=     3.57 GlideScore=    -6.79
Calling OPLS_2005 atomtyping ...
Finished parameter assignment
 Number of rotatable bonds            5
 Using templates for ring conformations.
 Checked constraints after refinement with max HB dsq =    16.0000000000000     
 After refinement, constraint filter reduced number of
 poses from         5000  to            1 .
 Total constraint copies over all poses =            1
NO POSES STORED FOR LIGAND       70 (703485)
Calling OPLS_2005 atomtyping ...
Finished parameter assignment
 Number of rotatable bonds            5
 Using templates for ring conformations.
 Checked constraints after refinement with max HB dsq =    16.0000000000000     
 After refinement, constraint filter reduced number of
 poses from         5000  to            0 .
 Total constraint copies over all poses =            0
GLIDE WARNING: No refined poses satisfy constraints; will skip this ligand.
SKIP LIG       71 (703485): ROUGH POSE REFINE FAILED
Calling OPLS_2005 atomtyping ...
Finished parameter assignment
 Number of rotatable bonds            5
 Using templates for ring conformations.
 Checked constraints after refinement with max HB dsq =    16.0000000000000     
 After refinement, constraint filter reduced number of
 poses from         5000  to          147 .
 Total constraint copies over all poses =          220
NO POSES STORED FOR LIGAND       72 (703485)
Calling OPLS_2005 atomtyping ...
Finished parameter assignment
 Number of rotatable bonds            5
 Using templates for ring conformations.
 Checked constraints after refinement with max HB dsq =    16.0000000000000     
 After refinement, constraint filter reduced number of
 poses from         5000  to           86 .
 Total constraint copies over all poses =          129
NO POSES STORED FOR LIGAND       73 (703485)
Calling OPLS_2005 atomtyping ...
Finished parameter assignment
 Number of rotatable bonds            3
 Using templates for ring conformations.
 Checked constraints after refinement with max HB dsq =    16.0000000000000     
 After refinement, constraint filter reduced number of
 poses from         5000  to          376 .
 Total constraint copies over all poses =          897
 in ligrese
 RESIDUE MOL/CH/INS  EvdW    ECoul  HB  DCLOSE
 --------------------------------------------
RES     17    1 A      -0.11210  -0.04107   0.00000   6.65177
RES     41    1 A      -0.08360  -0.05122   0.00000   7.81460
RES     42    1 A      -0.11347   0.12550   0.00000   6.77366
RES     55    1 A      -0.04691   0.05681   0.00000   6.46848
RES     57    1 A      -1.59984   1.50286   0.00000   2.75977
RES     58    1 A      -0.11640   0.00987   0.00000   6.59584
RES     60    1 A      -0.03790  -0.05899   0.00000   7.83741
RES     61    1 A      -0.35911  -0.08301   0.00000   4.47627
RES     94    1 A      -0.02880   0.00147   0.00000   7.82747
RES     95    1 A      -0.00944  -0.01327   0.00000  10.81086
RES     96    1 A      -0.02766  -0.31120   0.00000   8.96322
RES     97    1 A      -0.01493   0.28029   0.00000  11.19170
RES     98    1 A      -0.01771  -0.01570   0.00000  10.46828
RES     99    1 A      -1.08919  -0.92654   0.00000   2.70680
RES    100    1 A      -0.01020  -0.05215   0.00000  11.11498
RES    102    1 A      -0.06913  -0.51827   0.00000   6.48110
RES    142    1 A      -0.06740   0.15878   0.00000   6.91703
RES    143    1 A      -1.14489  -0.12067   0.00000   3.76098
RES    146    1 A      -3.59338   1.13297   0.00000   2.51814
RES    172    1 A      -0.01575   0.03770   0.00000   9.48638
RES    173    1 A      -0.01386   0.04431   0.00000  10.81117
RES    174    1 A      -0.06824  -0.01450   0.00000   9.08378
RES    175    1 A      -0.00997  -0.00895   0.00000  12.66192
RES    176    1 A      -0.01597   0.01240   0.00000  10.10680
RES    180    1 A      -0.02622   0.02397   0.00000   9.88753
RES    189    1 A      -1.15072  -4.81543  -0.08242   2.23266
RES    190    1 A      -2.27448   0.44063   0.00000   1.96143
RES    191    1 A      -4.13865  -0.40145   0.00000   3.14798
RES    192    1 A      -7.50019   1.49704   0.00000   2.90919
RES    193    1 A      -0.33223   0.08779   0.00000   4.77273
RES    194    1 A      -0.59573  -1.53047   0.00000   3.89090
RES    195    1 A       0.59803   0.26467  -0.00047   2.42645
RES    196    1 A      -0.06546   0.08873   0.00000   5.81074
RES    197    1 A      -0.03264   0.04817   0.00000   6.93322
RES    212    1 A      -0.05956   0.04954   0.00000   7.23242
RES    213    1 A      -1.19123   0.23978   0.00000   2.38244
RES    214    1 A      -1.06414  -0.55931   0.00000   2.68825
RES    215    1 A      -1.16196   0.05077   0.00000   1.91509
RES    216    1 A      -2.75572  -0.29710   0.00000   2.34086
RES    217    1 A      -0.92225  -0.33406   0.00000   4.20413
RES    218    1 A      -2.17040  -0.09239   0.00000   2.23327
RES    220    1 A      -3.02440   0.03264   0.00000   2.89948
RES    221    1 A      -0.16624   0.19715   0.00000   4.18077
RES    222    1 A      -0.52428  -0.51073   0.00000   3.34501
RES    224    1 A      -0.09220   0.33409   0.00000   6.08609
RES    225    1 A      -0.30341   0.15058   0.00000   4.51666
RES    226    1 A      -0.31595  -0.58109   0.00000   2.59748
RES    227    1 A      -0.61158  -0.27022   0.00000   3.89349
RES    228    1 A      -0.39154  -0.08355   0.00000   3.91784
RES    229    1 A      -0.02682  -0.06340   0.00000   8.33845
Pose  406 Emodel =  -56.36 E =  -41.07 GlideScore =   -6.38
Constraint(s) matched for ligand       74, pose    406
Score =     -6.379
Emodel =    -56.362

The output pose satisfies at least the following constraint(s).
A:ASP:189:OD1(hbond) (Type = H-bond Acceptor)
 
GlideScore(   -6.38)+Epik State Penalty(    0.11) =    -6.27 kcal/mol
DOCKING RESULTS FOR LIGAND       74 (709910)
   Except for Best Emodel, the poses reported here
   may not satisfy the user-specified constraints.
Best Emodel=   -56.36 E=   -41.07 Eint=     2.97 GlideScore=    -6.38
Calling OPLS_2005 atomtyping ...
Finished parameter assignment
 Number of rotatable bonds            3
 Using templates for ring conformations.
 Checked constraints after refinement with max HB dsq =    16.0000000000000     
 After refinement, constraint filter reduced number of
 poses from         5000  to          395 .
 Total constraint copies over all poses =          958
 in ligrese
 RESIDUE MOL/CH/INS  EvdW    ECoul  HB  DCLOSE
 --------------------------------------------
RES     17    1 A      -0.11674   0.08079   0.00000   6.47444
RES     41    1 A      -0.08918  -0.81983   0.00000   7.61939
RES     42    1 A      -0.11789  -0.19555   0.00000   6.64243
RES     55    1 A      -0.04556   0.38792   0.00000   6.47590
RES     57    1 A      -1.58832   1.86230   0.00000   2.77655
RES     58    1 A      -0.11961  -0.50516   0.00000   6.50307
RES     60    1 A      -0.03930   0.24319   0.00000   7.74901
RES     61    1 A      -0.41588  -0.79809   0.00000   4.32820
RES     94    1 A      -0.02791   0.22751   0.00000   7.94973
RES     95    1 A      -0.00911  -0.02211   0.00000  10.98968
RES     96    1 A      -0.02672   8.75779   0.00000   9.12145
RES     97    1 A      -0.01431 -10.70009   0.00000  11.35528
RES     98    1 A      -0.01689  -0.32774   0.00000  10.60529
RES     99    1 A      -0.99221  -0.19209   0.00000   2.86734
RES    100    1 A      -0.00977  -8.97826   0.00000  11.23486
RES    102    1 A      -0.06582 -14.61740   0.00000   6.55941
RES    142    1 A      -0.06889   1.31475   0.00000   6.88546
RES    143    1 A      -1.36915  22.37529   0.00000   3.53997
RES    146    1 A      -3.33360 -17.98415   0.00000   2.53985
RES    172    1 A      -0.01527   0.50434   0.00000   9.49530
RES    173    1 A      -0.01336   0.70885   0.00000  10.73051
RES    174    1 A      -0.06473   0.07075   0.00000   8.94808
RES    175    1 A      -0.00956  -0.44149   0.00000  12.58078
RES    176    1 A      -0.01518   0.17405   0.00000  10.21341
RES    180    1 A      -0.02457   0.24572   0.00000   9.94176
RES    189    1 A      -0.74133 -19.70380  -0.05189   2.38934
RES    190    1 A      -1.74287   0.62004   0.00000   2.15310
RES    191    1 A      -4.06771   0.25999   0.00000   3.10494
RES    192    1 A      -7.63385   4.49754   0.00000   2.84270
RES    193    1 A      -0.34520   0.75962   0.00000   4.76200
RES    194    1 A      -0.56983 -15.60424   0.00000   3.90377
RES    195    1 A       0.18625  -0.77551  -0.01968   2.34803
RES    196    1 A      -0.06217   0.31942   0.00000   5.90868
RES    197    1 A      -0.03037   0.12433   0.00000   7.01771
RES    212    1 A      -0.05379   0.12452   0.00000   7.52010
RES    213    1 A      -1.01865   0.28237   0.00000   2.62661
RES    214    1 A      -1.04309  -1.57755   0.00000   2.76712
RES    215    1 A      -1.94077   1.56052   0.00000   1.84075
RES    216    1 A      -2.44332  -2.63068   0.00000   2.38591
RES    217    1 A      -0.93346 -13.61573   0.00000   4.11041
RES    218    1 A      -1.01977  -0.20583   0.00000   2.25185
RES    220    1 A      -3.17908  -1.69625   0.00000   2.79420
RES    221    1 A      -0.18135   0.45132   0.00000   3.85095
RES    222    1 A      -0.48856  16.35116   0.00000   3.41533
RES    224    1 A      -0.09329  11.99731   0.00000   6.08722
RES    225    1 A      -0.29424  -0.15278   0.00000   4.50370
RES    226    1 A      -0.66592   0.16860   0.00000   2.75859
RES    227    1 A      -0.51107  -0.63684   0.00000   4.15114
RES    228    1 A      -0.30870  -0.21192   0.00000   4.19290
RES    229    1 A      -0.02464  -0.33369   0.00000   8.61675
Pose  366 Emodel =  -54.59 E =  -40.21 GlideScore =   -6.36
Constraint(s) matched for ligand       75, pose    366
Score =     -6.357
Emodel =    -54.587

The output pose satisfies at least the following constraint(s).
A:ASP:189:OD1(hbond) (Type = H-bond Acceptor)
 
GlideScore(   -6.36)+Epik State Penalty(    1.07) =    -5.29 kcal/mol
DOCKING RESULTS FOR LIGAND       75 (709910)
   Except for Best Emodel, the poses reported here
   may not satisfy the user-specified constraints.
Best Emodel=   -54.59 E=   -40.21 Eint=     3.52 GlideScore=    -6.36
Calling OPLS_2005 atomtyping ...
Finished parameter assignment
 Number of rotatable bonds            4
 Using templates for ring conformations.
 Checked constraints after refinement with max HB dsq =    16.0000000000000     
 After refinement, constraint filter reduced number of
 poses from         5000  to           54 .
 Total constraint copies over all poses =           98
NO POSES STORED FOR LIGAND       76 (732623)
Calling OPLS_2005 atomtyping ...
Finished parameter assignment
 Number of rotatable bonds            4
 Using templates for ring conformations.
 Checked constraints after refinement with max HB dsq =    16.0000000000000     
 After refinement, constraint filter reduced number of
 poses from         5000  to           67 .
 Total constraint copies over all poses =          127
NO POSES STORED FOR LIGAND       77 (732623)
Calling OPLS_2005 atomtyping ...
Finished parameter assignment
 Number of rotatable bonds            4
 Using templates for ring conformations.
 Checked constraints after refinement with max HB dsq =    16.0000000000000     
 After refinement, constraint filter reduced number of
 poses from         2514  to           44 .
 Total constraint copies over all poses =           77
NO POSES STORED FOR LIGAND       78 (732623)
Calling OPLS_2005 atomtyping ...
Finished parameter assignment
 Number of rotatable bonds            7
 Using templates for ring conformations.
 Checked constraints after refinement with max HB dsq =    16.0000000000000     
 After refinement, constraint filter reduced number of
 poses from         2147  to            0 .
 Total constraint copies over all poses =            0
GLIDE WARNING: No refined poses satisfy constraints; will skip this ligand.
SKIP LIG       79 (752994): ROUGH POSE REFINE FAILED
Calling OPLS_2005 atomtyping ...
Finished parameter assignment
 Number of rotatable bonds            3
 Using templates for ring conformations.
 Checked constraints after refinement with max HB dsq =    16.0000000000000     
 After refinement, constraint filter reduced number of
 poses from         5000  to          227 .
 Total constraint copies over all poses =          334
NO POSES STORED FOR LIGAND       80 (755486)
Calling OPLS_2005 atomtyping ...
Finished parameter assignment
 Number of rotatable bonds            5
 Using templates for ring conformations.
Found potential matches for only 0 constraints in group 1, required 1.
Error 1 matching features to molecule.
GLIDE WARNING: Ligand lacks atoms to satisfy receptor constraints.
SKIP LIG       81 (774295): INVALID ATOM(S), ETC.
GLIDE WARNING: Ligand skipped, invalid atom(s), etc.
Calling OPLS_2005 atomtyping ...
Finished parameter assignment
 Number of rotatable bonds            8
 Using templates for ring conformations.
 Checked constraints after refinement with max HB dsq =    16.0000000000000     
 After refinement, constraint filter reduced number of
 poses from         5000  to            0 .
 Total constraint copies over all poses =            0
GLIDE WARNING: No refined poses satisfy constraints; will skip this ligand.
SKIP LIG       82 (785409): ROUGH POSE REFINE FAILED
Calling OPLS_2005 atomtyping ...
Finished parameter assignment
 Number of rotatable bonds            5
 Using templates for ring conformations.
 Checked constraints after refinement with max HB dsq =    16.0000000000000     
 After refinement, constraint filter reduced number of
 poses from         5000  to           56 .
 Total constraint copies over all poses =           80
NO POSES STORED FOR LIGAND       83 (789779)
Calling OPLS_2005 atomtyping ...
Finished parameter assignment
 Number of rotatable bonds           19
 Using templates for ring conformations.
 Checked constraints after refinement with max HB dsq =    16.0000000000000     
 After refinement, constraint filter reduced number of
 poses from         5000  to          126 .
 Total constraint copies over all poses =          336
NO POSES STORED FOR LIGAND       84 (800655)
Calling OPLS_2005 atomtyping ...
Finished parameter assignment
 Number of rotatable bonds            2
 Using templates for ring conformations.
 Checked constraints after refinement with max HB dsq =    16.0000000000000     
 After refinement, constraint filter reduced number of
 poses from         3746  to           86 .
 Total constraint copies over all poses =          184
NO POSES STORED FOR LIGAND       85 (801036)
Calling OPLS_2005 atomtyping ...
Finished parameter assignment
 Number of rotatable bonds            2
 Using templates for ring conformations.
 Checked constraints after refinement with max HB dsq =    16.0000000000000     
 After refinement, constraint filter reduced number of
 poses from         5000  to            4 .
 Total constraint copies over all poses =            6
NO POSES STORED FOR LIGAND       86 (801036)
Calling OPLS_2005 atomtyping ...
Finished parameter assignment
 Number of rotatable bonds           13
 Using templates for ring conformations.
 Checked constraints after refinement with max HB dsq =    16.0000000000000     
 After refinement, constraint filter reduced number of
 poses from         5000  to            1 .
 Total constraint copies over all poses =            1
NO VALID POSES AFTER MINIMIZATION: SKIPPING.
Ligand #     87(816484)
SKIP LIG       87 (816484): GRID-ENERGY MIN FAILED
Calling OPLS_2005 atomtyping ...
Finished parameter assignment
 Number of rotatable bonds           13
 Using templates for ring conformations.
 Checked constraints after refinement with max HB dsq =    16.0000000000000     
 After refinement, constraint filter reduced number of
 poses from         5000  to           12 .
 Total constraint copies over all poses =           20
NO POSES STORED FOR LIGAND       88 (816484)
Calling OPLS_2005 atomtyping ...
Finished parameter assignment
 Number of rotatable bonds            6
 Failed to generate ring conformations.
 Will use conformations from input structure.
 set bad on ringconf
  DO  NOTRINGCONF
 Checked constraints after refinement with max HB dsq =    16.0000000000000     
 After refinement, constraint filter reduced number of
 poses from         5000  to           34 .
 Total constraint copies over all poses =           45
NO POSES STORED FOR LIGAND       89 (864993)
Calling OPLS_2005 atomtyping ...
Finished parameter assignment
 Number of rotatable bonds            6
 Failed to generate ring conformations.
 Will use conformations from input structure.
 set bad on ringconf
  DO  NOTRINGCONF
 Checked constraints after refinement with max HB dsq =    16.0000000000000     
 After refinement, constraint filter reduced number of
 poses from         5000  to           13 .
 Total constraint copies over all poses =           17
NO POSES STORED FOR LIGAND       90 (864993)
Calling OPLS_2005 atomtyping ...
Finished parameter assignment
 Number of rotatable bonds           10
 Using templates for ring conformations.
 Checked constraints after refinement with max HB dsq =    16.0000000000000     
 After refinement, constraint filter reduced number of
 poses from         5000  to           60 .
 Total constraint copies over all poses =           76
 in ligrese
 RESIDUE MOL/CH/INS  EvdW    ECoul  HB  DCLOSE
 --------------------------------------------
RES     17    1 A      -0.13037  -0.00683   0.00000   5.77222
RES     41    1 A      -0.05565   0.05624   0.00000   6.82377
RES     42    1 A      -0.07850   0.04469   0.00000   6.38569
RES     55    1 A      -0.04547   0.02952   0.00000   6.45036
RES     57    1 A      -1.24501   0.27271   0.00000   2.59292
RES     58    1 A      -0.08580   0.03317   0.00000   6.40061
RES     60    1 A      -0.03344  -0.01086   0.00000   7.48052
RES     61    1 A      -0.22413   0.24423   0.00000   4.15430
RES     94    1 A      -0.04242   0.00898   0.00000   6.52835
RES     95    1 A      -0.01879  -0.01146   0.00000   7.70186
RES     96    1 A      -0.07375  -0.13135   0.00000   5.42971
RES     97    1 A      -0.04579  -0.12585   0.00000   7.06306
RES     98    1 A      -0.05824  -0.01351   0.00000   6.50934
RES     99    1 A      -2.61634   0.02329   0.00000   1.77821
RES    100    1 A      -0.01864  -0.12411   0.00000   8.37717
RES    102    1 A      -0.08690  -0.12012   0.00000   6.53553
RES    142    1 A      -0.05393  -0.08511   0.00000   7.12707
RES    143    1 A      -0.54837  -2.54869   0.00000   3.90976
RES    146    1 A      -2.18303   0.35895   0.00000   3.11533
RES    172    1 A      -0.02608   0.05366   0.00000   8.41052
RES    173    1 A      -0.02522   0.06638   0.00000   8.45359
RES    174    1 A      -0.24028  -0.01802   0.00000   5.50766
RES    175    1 A      -0.02110  -0.01550   0.00000   8.63960
RES    176    1 A      -0.02835   0.00582   0.00000   8.58873
RES    180    1 A      -0.05159   0.00383   0.00000   7.06719
RES    189    1 A      -1.97046  -7.83576  -0.10922   2.22695
RES    190    1 A      -2.52841  -0.82256   0.00000   2.70974
RES    191    1 A      -3.36685   0.36267   0.00000   2.07249
RES    192    1 A      -4.72117  -0.12365   0.00000   1.99449
RES    193    1 A      -0.20973  -0.02732   0.00000   4.85055
RES    194    1 A      -0.56094   0.59981   0.00000   4.75684
RES    195    1 A      -1.10597  -0.02489   0.00000   3.30916
RES    196    1 A      -0.07284   0.02766   0.00000   4.84351
RES    197    1 A      -0.04732  -0.05786   0.00000   6.05273
RES    212    1 A      -0.14530  -0.05969   0.00000   5.08366
RES    213    1 A       5.07167   0.06437   0.00000   1.81021
RES    214    1 A      -1.73195  -0.32021   0.00000   2.51657
RES    215    1 A      -3.74472   0.93650   0.00000   2.06009
RES    216    1 A      -5.06926  -0.19450   0.00000   2.10705
RES    217    1 A      -1.60038  -1.01434   0.00000   3.62950
RES    218    1 A      -0.11901  -1.43607   0.00000   2.19490
RES    220    1 A      -0.83899   0.59457   0.00000   1.88919
RES    221    1 A      -0.26465   0.42429   0.00000   3.54192
RES    222    1 A      -0.68431   1.06944   0.00000   3.08490
RES    224    1 A      -0.13005   0.84333   0.00000   6.16705
RES    225    1 A      -0.48469   0.27697   0.00000   4.39137
RES    226    1 A       9.51164  -0.03666   0.00000   1.70919
RES    227    1 A      -1.75306  -0.29787   0.00000   2.52989
RES    228    1 A      -1.50403   0.20693   0.00000   3.50771
RES    229    1 A      -0.05483  -0.02872   0.00000   5.91783
Pose   72 Emodel =  -52.30 E =  -34.38 GlideScore =   -6.54
Constraint(s) matched for ligand       91, pose     72
Score =     -6.539
Emodel =    -52.304

The output pose satisfies at least the following constraint(s).
A:ASP:189:OD1(hbond) (Type = H-bond Acceptor)
 
GlideScore(   -6.54)+Epik State Penalty(    0.00) =    -6.54 kcal/mol
DOCKING RESULTS FOR LIGAND       91 (891856)
   Except for Best Emodel, the poses reported here
   may not satisfy the user-specified constraints.
Best Emodel=   -52.30 E=   -34.38 Eint=     5.98 GlideScore=    -6.54
  
 REPORT OF DOCKED POSES
  
 The ligand structures were written to the file
glide_1FJS_screening-0002_raw.maegz

Exiting Glide
Date: Wednesday, May 07 2025, at 14:26:59 CEST
CPU time (s): 91.3 user, 0.2 system, 91.6 real
Total elapsed time = 92 seconds (1 minutes, 32 seconds)
[running at reduced cpu priority]
######## end of glide_1FJS_screening-0002.log #########
