	molecule_chembl_id	units	IC50	canonical_smiles	pIC50	mols
0	CHEMBL93558	nM	217000.0	N[C@@H](CC1CCCCC1)C(=O)N1CCCCC1	2.6635402661514704	<rdkit.Chem.rdchem.Mol object at 0x7f870fd61bd0>
1	CHEMBL443622	nM	41000.00000000003	C[C@H](N)C(=O)N1CCCC1	3.387216143280264	<rdkit.Chem.rdchem.Mol object at 0x7f870fd63f40>
2	CHEMBL403882	nM	12971.337244495913	O=C([C@@H]1CCCN1)N1CCCC1	3.8870152492074634	<rdkit.Chem.rdchem.Mol object at 0x7f870fd610e0>
3	CHEMBL328795	nM	188000.00000000012	NC(=O)CC(N)C(=O)N1CCCC1	2.72584215073632	<rdkit.Chem.rdchem.Mol object at 0x7f870fd61c40>
4	CHEMBL97674	nM	247000.0	NCCCCC(N)C(=O)N1CCCCC1	2.607303046740334	<rdkit.Chem.rdchem.Mol object at 0x7f870fd613f0>
5	CHEMBL317126	nM	14000.0	NC(Cc1ccc(O)cc1)C(=O)N1CCCC1	3.853871964321762	<rdkit.Chem.rdchem.Mol object at 0x7f870fd61460>
6	CHEMBL383705	nM	4325.0605454425595	CC(C)[C@H](N)C(=O)N1CCCC1	4.364007808576609	<rdkit.Chem.rdchem.Mol object at 0x7f870fd636f0>
7	CHEMBL94955	nM	134900.0	NCCCCC(NC(=O)OCc1ccccc1)C(=O)N1CCCCC1	2.8699880503280957	<rdkit.Chem.rdchem.Mol object at 0x7f870fd60f90>
8	CHEMBL97180	nM	213000.00000000003	NC(Cc1c[nH]cn1)C(=O)N1CCCCC1	2.6716203965612624	<rdkit.Chem.rdchem.Mol object at 0x7f870fd61700>
9	CHEMBL98008	nM	17000.00000000001	N[C@@H](CC1CCCCC1)C(=O)N1CCCC1	3.769551078621726	<rdkit.Chem.rdchem.Mol object at 0x7f870fd61690>
10	CHEMBL317944	nM	23100.000000000004	NC(Cc1c[nH]cn1)C(=O)N1CCCC1	3.6363880201078556	<rdkit.Chem.rdchem.Mol object at 0x7f870fd63760>
11	CHEMBL93507	nM	67000.00000000001	CCC(C)C(N)C(=O)N1CCCCC1	3.1739251972991736	<rdkit.Chem.rdchem.Mol object at 0x7f870fd61620>
12	CHEMBL93931	nM	20999.999999999985	NC(Cc1ccccc1)C(=O)N1CCCC1	3.677780705266081	<rdkit.Chem.rdchem.Mol object at 0x7f870fd614d0>
13	CHEMBL97064	nM	190000.00000000012	NC(CO)C(=O)N1CCCC1	2.7212463990471707	<rdkit.Chem.rdchem.Mol object at 0x7f870fd61a80>
14	CHEMBL503274	nM	3999.9999999999995	CC[C@H](C)[C@H](N)C(=O)N1CCCC1	4.3979400086720375	<rdkit.Chem.rdchem.Mol object at 0x7f870fd61930>
15	CHEMBL499101	nM	122000.0000000001	N[C@@H](CC(=O)O)C(=O)N1CCCC1	2.9136401693252516	<rdkit.Chem.rdchem.Mol object at 0x7f870fd61000>
16	CHEMBL328694	nM	39000.00000000002	NCCCCC(N)C(=O)N1CCCC1	3.4089353929735005	<rdkit.Chem.rdchem.Mol object at 0x7f870fd61380>
17	CHEMBL305170	nM	26.2678510731274	CC(C)[C@@H](N)C(=O)N1CCC[C@H]1B(O)O	6.580575454631372	<rdkit.Chem.rdchem.Mol object at 0x7f870fd61540>
18	CHEMBL1790478	nM	190.0	C[C@@H](O)[C@H](N)C(=O)N1CCC[C@H]1B(O)O	5.721246399047171	<rdkit.Chem.rdchem.Mol object at 0x7f870fd60dd0>
19	CHEMBL66032	nM	11.0	CC[C@H](N)C(=O)N1CCC[C@H]1B(O)O	6.958607314841775	<rdkit.Chem.rdchem.Mol object at 0x7f870fd617e0>
20	CHEMBL63726	nM	95.0	NCCCC[C@H](N)C(=O)N1CCC[C@H]1B(O)O	6.022276394711152	<rdkit.Chem.rdchem.Mol object at 0x7f870fd612a0>
21	CHEMBL303131	nM	17000.0	N[C@@H](Cc1c[nH]cn1)C(=O)N1CCC[C@H]1B(O)O	3.769551078621726	<rdkit.Chem.rdchem.Mol object at 0x7f870fd61230>
22	CHEMBL292342	nM	250.0	O=C([C@@H]1CCN1)N1CCC[C@H]1B(O)O	5.6020599913279625	<rdkit.Chem.rdchem.Mol object at 0x7f870fd61310>
23	CHEMBL63698	nM	44.0	CC(C)C[C@H](N)C(=O)N1CCC[C@H]1B(O)O	6.356547323513812	<rdkit.Chem.rdchem.Mol object at 0x7f870fd618c0>
24	CHEMBL291428	nM	63.0	N[C@H](C(=O)N1CCC[C@H]1B(O)O)c1ccccc1	6.200659450546418	<rdkit.Chem.rdchem.Mol object at 0x7f870fd61850>
25	CHEMBL66189	nM	30000.0	CC(C)(N)C(=O)N1CCC[C@H]1B(O)O	3.5228787452803374	<rdkit.Chem.rdchem.Mol object at 0x7f870fd615b0>
26	CHEMBL1790483	nM	25.0	CC[C@H](C)[C@H](N)C(=O)N1CCC[C@H]1B(O)O	6.6020599913279625	<rdkit.Chem.rdchem.Mol object at 0x7f870fd619a0>
27	CHEMBL67279	nM	15.351640295542447	CC(C)[C@H](N)C(=O)N1CCC[C@H]1B(O)O	6.813845214112292	<rdkit.Chem.rdchem.Mol object at 0x7f870fd61d20>
28	CHEMBL63860	nM	40.394397026130385	C[C@H](N)C(=O)N1CCC[C@H]1B(O)O	6.393678870270246	<rdkit.Chem.rdchem.Mol object at 0x7f870fd61d90>
29	CHEMBL67089	nM	44.97941445275414	NCC(=O)N1CCC[C@H]1B(O)O	6.346986202559635	<rdkit.Chem.rdchem.Mol object at 0x7f870fd61e00>
30	CHEMBL65406	nM	4000.0	CC(C)[C@@H](N)C(=O)N1CCC[C@@H]1B(O)O	4.3979400086720375	<rdkit.Chem.rdchem.Mol object at 0x7f870fd61150>
31	CHEMBL304007	nM	32.0	N[C@@H](Cc1ccc(O)cc1)C(=O)N1CCC[C@H]1B(O)O	6.494850021680094	<rdkit.Chem.rdchem.Mol object at 0x7f870fd61f50>
32	CHEMBL63652	nM	70.0	N[C@@H](Cc1ccccc1)C(=O)N1CCC[C@H]1B(O)O	6.154901959985743	<rdkit.Chem.rdchem.Mol object at 0x7f870fd62030>
33	CHEMBL63406	nM	60.0	CC(C)(C)[C@H](N)C(=O)N1CCC[C@H]1B(O)O	6.221848749616356	<rdkit.Chem.rdchem.Mol object at 0x7f870fd61ee0>
34	CHEMBL63895	nM	159.05973720586871	O=C([C@@H]1CCCN1)N1CCC[C@H]1B(O)O	5.798439739412091	<rdkit.Chem.rdchem.Mol object at 0x7f870fd62110>
35	CHEMBL276884	nM	9100000.0	Cl.O=C(C1CCCN1)N1CCCC1P(=O)(OCC(F)(F)F)OCC(F)(F)F	1.0409586076789064	<rdkit.Chem.rdchem.Mol object at 0x7f870fd61fc0>
36	CHEMBL1182947	nM	28722.813232690107	O=C([C@@H]1CCCN1)N1CCCC1P(=O)(Oc1ccccc1)Oc1ccccc1	3.541773025725038	<rdkit.Chem.rdchem.Mol object at 0x7f870fd621f0>
37	CHEMBL265344	nM	400.0	CC(=O)Nc1ccc(OP(=O)(Oc2ccc(NC(C)=O)cc2)C2CCCN2C(=O)C2CCCN2)cc1.Cl	5.3979400086720375	<rdkit.Chem.rdchem.Mol object at 0x7f870fd620a0>
38	CHEMBL9237	nM	47000.0	COP(=O)(Oc1ccccc1-c1ccccc1O)C1CCCN1C(=O)[C@@H]1CCCN1.Cl	3.3279021420642825	<rdkit.Chem.rdchem.Mol object at 0x7f870fd62260>
39	CHEMBL9724	nM	31000.0	Cl.O=C([C@@H]1CCCN1)N1CCCC1P1(=O)Oc2ccccc2-c2ccccc2O1	3.5086383061657274	<rdkit.Chem.rdchem.Mol object at 0x7f870fd62180>
40	CHEMBL9561	nM	22000.0	COc1ccc(OP(=O)(Oc2ccc(OC)cc2)C2CCCN2C(=O)C2CCCN2)cc1.Cl	3.657577319177794	<rdkit.Chem.rdchem.Mol object at 0x7f870fd62340>
41	CHEMBL9238	nM	36.0	COC(=O)CCNC(=O)c1ccc(OP(=O)(Oc2ccc(C(=O)NCCC(=O)OC)cc2)C2CCCN2C(=O)C2CCCN2)cc1.Cl	6.443697499232713	<rdkit.Chem.rdchem.Mol object at 0x7f870fd622d0>
42	CHEMBL9512	nM	500.0	Cl.NCC(=O)Nc1ccc(OP(=O)(Oc2ccc(NC(=O)CN)cc2)C2CCCN2C(=O)C2CCCN2)cc1	5.301029995663981	<rdkit.Chem.rdchem.Mol object at 0x7f870fd62420>
43	CHEMBL269209	nM	600.0	C[C@H](N)C(=O)Nc1ccc(OP(=O)(Oc2ccc(NC(=O)[C@@H](C)N)cc2)C2CCCN2C(=O)C2CCCN2)cc1.Cl	5.221848749616356	<rdkit.Chem.rdchem.Mol object at 0x7f870fd623b0>
44	CHEMBL273851	nM	5000.0	Cl.O=C([C@H]1CCCN1)N1CCCC1P(=O)(Oc1ccccc1)Oc1ccccc1	4.301029995663981	<rdkit.Chem.rdchem.Mol object at 0x7f870fd62500>
45	CHEMBL268012	nM	1800000.0	Cl.O=C(C1CCCN1)N1CCCC1P(=O)(OCC(Cl)(Cl)Cl)OCC(Cl)(Cl)Cl	1.7447274948966938	<rdkit.Chem.rdchem.Mol object at 0x7f870fd62490>
46	CHEMBL9295	nM	30.0	CCCNC(=O)c1ccc(OP(=O)(Oc2ccc(C(=O)NCCC)cc2)C2CCCN2C(=O)C2CCCN2)cc1.Cl	6.522878745280337	<rdkit.Chem.rdchem.Mol object at 0x7f870fd625e0>
47	CHEMBL269757	nM	700.0	Cl.O=C(CNC(=O)c1ccccc1)Nc1ccc(OP(=O)(Oc2ccc(NC(=O)CNC(=O)c3ccccc3)cc2)C2CCCN2C(=O)C2CCCN2)cc1	5.154901959985743	<rdkit.Chem.rdchem.Mol object at 0x7f870fd62570>
48	CHEMBL9263	nM	800.0	CC(=O)Nc1cccc(OP(=O)(Oc2cccc(NC(C)=O)c2)C2CCCN2C(=O)C2CCCN2)c1.Cl	5.096910013008056	<rdkit.Chem.rdchem.Mol object at 0x7f870fd626c0>
49	CHEMBL9433	nM	400.0	CS(=O)(=O)Nc1ccc(OP(=O)(Oc2ccc(NS(C)(=O)=O)cc2)C2CCCN2C(=O)C2CCCN2)cc1.Cl	5.3979400086720375	<rdkit.Chem.rdchem.Mol object at 0x7f870fd62650>
50	CHEMBL9565	nM	190000.0	Cl.O=C(C1CCCN1)N1CCCC1P(=O)(Oc1ccc(O)cc1)Oc1ccc(O)cc1	2.721246399047171	<rdkit.Chem.rdchem.Mol object at 0x7f870fd627a0>
51	CHEMBL268527	nM	1400.0	COC(=O)C(Cc1ccc(OP(=O)(Oc2ccc(CC(NC(C)=O)C(=O)OC)cc2)C2CCCN2C(=O)C2CCCN2)cc1)NC(C)=O.Cl	4.853871964321762	<rdkit.Chem.rdchem.Mol object at 0x7f870fd62730>
52	CHEMBL9408	nM	16.0	COC(=O)c1ccc(OP(=O)(Oc2ccc(C(=O)OC)cc2)C2CCCN2C(=O)C2CCCN2)cc1.Cl	6.795880017344075	<rdkit.Chem.rdchem.Mol object at 0x7f870fd62810>
53	CHEMBL430281	nM	2300.0	Cl.NC(=O)Nc1cccc(OP(=O)(OC2=CC=CC(NC(N)=O)C2)C2CCCN2C(=O)C2CCCN2)c1	4.638272163982407	<rdkit.Chem.rdchem.Mol object at 0x7f870fd62880>
54	CHEMBL274829	nM	23.0	CCOC(=O)CNC(=O)c1ccc(OP(=O)(Oc2ccc(C(=O)NCC(=O)OCC)cc2)C2CCCN2C(=O)C2CCCN2)cc1.Cl	6.638272163982407	<rdkit.Chem.rdchem.Mol object at 0x7f870fd628f0>
55	CHEMBL9527	nM	5000.0	Cl.O=C(C1CCCN1)N1CCCC1P(=O)(Oc1ccc(NN2CCCC2)cc1)Oc1ccc(NN2CCCC2)cc1	4.301029995663981	<rdkit.Chem.rdchem.Mol object at 0x7f870fd62960>
56	CHEMBL278393	nM	1158.2901260966705	N[C@H](C(=O)N1CCCC1)C1CCCCC1	4.936182645805998	<rdkit.Chem.rdchem.Mol object at 0x7f870fd62a40>
57	CHEMBL98408	nM	1128.5778615914614	CC[C@H](C)[C@H](N)C(=O)N1CCSC1	4.947468473189641	<rdkit.Chem.rdchem.Mol object at 0x7f870fd629d0>
58	CHEMBL1682974	nM	33.0	N[C@H](C(=O)N1CCSC1)[C@H]1CC[C@H](NC(=O)c2ccc(OC(F)(F)F)cc2)CC1	6.481486060122113	<rdkit.Chem.rdchem.Mol object at 0x7f870fd62b20>
59	CHEMBL22359	nM	53.00000000000001	N[C@H](C(=O)N1CCSC1)[C@H]1CC[C@H](NC(=O)c2ccc(F)c(F)c2)CC1	6.275724130399211	<rdkit.Chem.rdchem.Mol object at 0x7f870fd62ab0>
60	CHEMBL22679	nM	94.0	N[C@H](C(=O)N1CCCC1)[C@H]1CC[C@H](NC(=O)OCc2ccccc2)CC1	6.026872146400302	<rdkit.Chem.rdchem.Mol object at 0x7f870fd62c00>
61	CHEMBL3084936	nM	24.0	N#Cc1cccc(S(=O)(=O)N[C@H]2CC[C@H]([C@H](N)C(=O)N3CCSC3)CC2)c1	6.619788758288394	<rdkit.Chem.rdchem.Mol object at 0x7f870fd62b90>
62	CHEMBL3084942	nM	18.0	N[C@H](C(=O)N1CCSC1)[C@H]1CC[C@H](NS(=O)(=O)c2ccc3ccccc3c2)CC1	6.7447274948966935	<rdkit.Chem.rdchem.Mol object at 0x7f870fd62ce0>
63	CHEMBL3084949	nM	15.0	N[C@H](C(=O)N1CCSC1)[C@H]1CC[C@H](NC(=O)c2cccc3ccccc23)CC1	6.823908740944319	<rdkit.Chem.rdchem.Mol object at 0x7f870fd62c70>
64	CHEMBL3084939	nM	35.0	N[C@H](C(=O)N1CCSC1)[C@H]1CC[C@H](NC(=O)Nc2ccc(F)c(F)c2)CC1	6.455931955649724	<rdkit.Chem.rdchem.Mol object at 0x7f870fd62dc0>
65	CHEMBL3084935	nM	23.0	N[C@H](C(=O)N1CCSC1)[C@H]1CC[C@H](NS(=O)(=O)c2ccc(I)cc2)CC1	6.638272163982407	<rdkit.Chem.rdchem.Mol object at 0x7f870fd62d50>
66	CHEMBL3084943	nM	24.0	N[C@H](C(=O)N1CCSC1)[C@H]1CC[C@H](NS(=O)(=O)c2ccc(F)c(F)c2F)CC1	6.619788758288394	<rdkit.Chem.rdchem.Mol object at 0x7f870fd62ea0>
67	CHEMBL3084954	nM	17.0	N[C@H](C(=O)N1CCSC1)[C@H]1CC[C@H](NC(=O)Nc2ccc(Cl)c(Cl)c2)CC1	6.769551078621726	<rdkit.Chem.rdchem.Mol object at 0x7f870fd62e30>
68	CHEMBL3084937	nM	7.5	CN(C)C(=O)Nc1ccc(S(=O)(=O)N[C@H]2CC[C@H]([C@H](N)C(=O)N3CCSC3)CC2)cc1	7.1249387366083	<rdkit.Chem.rdchem.Mol object at 0x7f870fd62f80>
69	CHEMBL3084938	nM	26.0	CN(C)C(=O)Nc1ccc(S(=O)(=O)N[C@H]2CC[C@H]([C@H](N)C(=O)N3CCCC3)CC2)cc1	6.585026652029182	<rdkit.Chem.rdchem.Mol object at 0x7f870fd63060>
70	CHEMBL25437	nM	88.00000000000003	N[C@H](C(=O)N1CCCC1)[C@H]1CC[C@H](NS(=O)(=O)c2ccc(F)cc2F)CC1	6.055517327849831	<rdkit.Chem.rdchem.Mol object at 0x7f870fd62f10>
71	CHEMBL278558	nM	190.0	N[C@H](C(=O)N1CCCC1)[C@H]1CC[C@H](NC(=O)c2ccc(F)c(F)c2)CC1	5.721246399047171	<rdkit.Chem.rdchem.Mol object at 0x7f870fd63140>
72	CHEMBL23176	nM	24.999999999999996	N[C@H](C(=O)N1CCSC1)[C@H]1CC[C@H](NC(=O)OCc2ccccc2)CC1	6.6020599913279625	<rdkit.Chem.rdchem.Mol object at 0x7f870fd62ff0>
73	CHEMBL3084940	nM	64.0	N[C@H](C(=O)N1CCCC1)[C@H]1CC[C@H](NC(=O)c2cncc3ccccc23)CC1	6.1938200260161125	<rdkit.Chem.rdchem.Mol object at 0x7f870fd63220>
74	CHEMBL3084946	nM	38.0	N[C@H](C(=O)N1CCSC1)[C@H]1CC[C@H](NC(=O)c2ccc(Cl)c(Cl)c2)CC1	6.42021640338319	<rdkit.Chem.rdchem.Mol object at 0x7f870fd630d0>
75	CHEMBL142703	nM	30.790791961494158	N#C[C@@H]1CCCN1C(=O)CNC12CC3CC(CC(O)(C3)C1)C2	6.511579140584184	<rdkit.Chem.rdchem.Mol object at 0x7f870fd63300>
76	CHEMBL3084947	nM	33.0	N[C@H](C(=O)N1CCSC1)[C@H]1CC[C@H](NC(=O)c2ccc(I)cc2)CC1	6.481486060122113	<rdkit.Chem.rdchem.Mol object at 0x7f870fd631b0>
77	CHEMBL77538	nM	13.833013997543786	N#Cc1ccc(NCCNCC(=O)N2CCC[C@H]2C#N)nc1	6.859083183600729	<rdkit.Chem.rdchem.Mol object at 0x7f870fd633e0>
78	CHEMBL3084952	nM	17.0	N[C@H](C(=O)N1CCSC1)[C@H]1CC[C@H](NC(=O)OCc2cccc3ccccc23)CC1	6.769551078621726	<rdkit.Chem.rdchem.Mol object at 0x7f870fd63290>
79	CHEMBL3084956	nM	9.0	N[C@H](C(=O)N1CCSC1)[C@H]1CC[C@H](NC(=O)c2cnc3ccccc3c2)CC1	7.045757490560675	<rdkit.Chem.rdchem.Mol object at 0x7f870fd634c0>
80	CHEMBL23979	nM	88.99999999999999	N[C@H](C(=O)N1CCCC1)[C@H]1CC[C@H](NS(=O)(=O)c2ccc(OC(F)(F)F)cc2)CC1	6.050609993355088	<rdkit.Chem.rdchem.Mol object at 0x7f870fd63370>
81	CHEMBL3084948	nM	21.0	N[C@H](C(=O)N1CCSC1)[C@H]1CC[C@H](NC(=O)c2ccc3ccccc3c2)CC1	6.6777807052660805	<rdkit.Chem.rdchem.Mol object at 0x7f870fd635a0>
82	CHEMBL3084955	nM	55.0	N[C@H](C(=O)N1CCSC1)[C@H]1CC[C@H](NC(=O)Nc2ccc(OC(F)(F)F)cc2)CC1	6.259637310505756	<rdkit.Chem.rdchem.Mol object at 0x7f870fd63450>
83	CHEMBL3084941	nM	98.0	N[C@H](C(=O)N1CCCC1)[C@H]1CC[C@H](NS(=O)(=O)c2ccc(F)c(F)c2F)CC1	6.008773924307505	<rdkit.Chem.rdchem.Mol object at 0x7f870fd63680>
84	CHEMBL497992	nM	2.6	N[C@H](C(=O)N1CCCC1)[C@H]1CC[C@H](NS(=O)(=O)c2ccc(NS(=O)(=O)CC(F)(F)F)cc2)CC1	7.585026652029182	<rdkit.Chem.rdchem.Mol object at 0x7f870fd63530>
85	CHEMBL3084953	nM	10.0	N[C@H](C(=O)N1CCSC1)[C@H]1CC[C@H](NC(=O)Nc2ccc(I)cc2)CC1	7.0	<rdkit.Chem.rdchem.Mol object at 0x7f870fd63840>
86	CHEMBL3084944	nM	46.0	N[C@H](C(=O)N1CCCC1)[C@H]1CC[C@H](NC(=O)c2cccc3ccccc23)CC1	6.337242168318426	<rdkit.Chem.rdchem.Mol object at 0x7f870fd63610>
87	CHEMBL25211	nM	22.000000000000004	N[C@H](C(=O)N1CCSC1)[C@H]1CC[C@H](NS(=O)(=O)c2ccc(OC(F)(F)F)cc2)CC1	6.657577319177793	<rdkit.Chem.rdchem.Mol object at 0x7f870fd638b0>
88	CHEMBL3084951	nM	20.0	N[C@H](C(=O)N1CCSC1)[C@H]1CC[C@H](NC(=O)OCc2ccc3ccccc3c2)CC1	6.698970004336019	<rdkit.Chem.rdchem.Mol object at 0x7f870fd637d0>
89	CHEMBL3084945	nM	2700.0	N[C@H](C(=O)N1CCSC1)[C@H]1CC[C@H](N)CC1	4.568636235841013	<rdkit.Chem.rdchem.Mol object at 0x7f870fd63990>
90	CHEMBL3084950	nM	29.0	N[C@H](C(=O)N1CCSC1)[C@H]1CC[C@H](NC(=O)OCc2ccc(Cl)c(Cl)c2)CC1	6.5376020021010435	<rdkit.Chem.rdchem.Mol object at 0x7f870fd63920>
91	CHEMBL544475	nM	3400.0	CCOC(=O)c1cnc(CN)c2cc(OC)c(OC)cc12.Cl	4.468521082957745	<rdkit.Chem.rdchem.Mol object at 0x7f870fd63a70>
92	CHEMBL543539	nM	948000.0	CCOC(=O)c1cnc(CN(C)C)c2cc(OC)c(OC)cc12.Cl	2.0231916626619335	<rdkit.Chem.rdchem.Mol object at 0x7f870fd63a00>
93	CHEMBL543057	nM	277000.0	COc1cc2c(C=O)cnc(CN)c2cc1OC.Cl	2.5575202309355514	<rdkit.Chem.rdchem.Mol object at 0x7f870fd63b50>
94	CHEMBL554880	nM	31800.0	COc1cc2c(CO)cnc(CN)c2cc1OC.Cl	3.4975728800155674	<rdkit.Chem.rdchem.Mol object at 0x7f870fd63ae0>
95	CHEMBL539758	nM	51400.0	CCCNC(=O)c1cnc(CN)c2cc(OC)c(OC)cc12.Cl	3.289036881004724	<rdkit.Chem.rdchem.Mol object at 0x7f870fd63c30>
96	CHEMBL553407	nM	2300.0	CCOC(=O)Nc1cnc(CN)c2cc(OC)c(OC)cc12.Cl	4.638272163982407	<rdkit.Chem.rdchem.Mol object at 0x7f870fd63bc0>
97	CHEMBL544474	nM	207000.0	CCOC(=O)c1cnc(CN)c2ccc(OC)cc12.Cl	2.684029654543082	<rdkit.Chem.rdchem.Mol object at 0x7f870fd63d10>
98	CHEMBL544717	nM	4700.0	CCOC(=O)c1cnc(CN)c2cc(OC)c(OCC)cc12.Cl	4.327902142064283	<rdkit.Chem.rdchem.Mol object at 0x7f870fd63ca0>
99	CHEMBL307636	nM	4.9188810799989735	N#C[C@@H]1CCCN1C(=O)[C@@H](N)C1CCCCC1	7.308133676917094	<rdkit.Chem.rdchem.Mol object at 0x7f870fd63df0>
100	CHEMBL543062	nM	8400.0	CCCOc1cc2c(CN)ncc(C(=O)OCC)c2cc1OC.Cl	4.075720713938118	<rdkit.Chem.rdchem.Mol object at 0x7f870fd63d80>
101	CHEMBL554957	nM	103000.0	COc1cc2c(C(=O)O)cnc(CN)c2cc1OC.Cl	2.987162775294828	<rdkit.Chem.rdchem.Mol object at 0x7f870fd63ed0>
102	CHEMBL289580	nM	746000.0	CCOC(=O)c1cnc(CCN)c2cc(OC)c(OC)cc12.O=C(O)C(F)(F)F	2.1272611725273314	<rdkit.Chem.rdchem.Mol object at 0x7f870fd63e60>
103	CHEMBL544950	nM	2400.0	CCOC(=O)c1cnc(CN)c2c(OC)ccc(OC)c12.Cl	4.619788758288394	<rdkit.Chem.rdchem.Mol object at 0x7f870f930040>
104	CHEMBL288207	nM	52600.0	CCOC(=O)CCc1cnc(CN)c2cc(OC)c(OC)cc12.O=C(O)C(F)(F)F	3.2790142558462607	<rdkit.Chem.rdchem.Mol object at 0x7f870f9300b0>
105	CHEMBL554683	nM	6700.0	CCOC(=O)c1cnc(CN)c2cc(OCC)c(OC)cc12.Cl	4.173925197299173	<rdkit.Chem.rdchem.Mol object at 0x7f870f930120>
106	CHEMBL554882	nM	170000.0	COc1cc2c(C(N)=O)cnc(CN)c2cc1OC.Cl	2.769551078621726	<rdkit.Chem.rdchem.Mol object at 0x7f870f930190>
107	CHEMBL41114	nM	18000.0	CCOC(=O)/C=C/c1cnc(CN)c2cc(OC)c(OC)cc12.O=C(O)C(F)(F)F	3.744727494896694	<rdkit.Chem.rdchem.Mol object at 0x7f870f930200>
108	CHEMBL554682	nM	731000.0	CCOC(=O)c1cnc(CNC)c2cc(OC)c(OC)cc12.Cl	2.1360826230421397	<rdkit.Chem.rdchem.Mol object at 0x7f870f930270>
109	CHEMBL544478	nM	14000.0	CCOC(=O)c1cnc(CN)c2cc(O)c(OC)cc12.Cl	3.853871964321762	<rdkit.Chem.rdchem.Mol object at 0x7f870f9302e0>
110	CHEMBL544241	nM	17000.0	CCOC(=O)Cc1cnc(CN)c2cc(OC)c(OC)cc12.Cl	3.769551078621726	<rdkit.Chem.rdchem.Mol object at 0x7f870f930350>
111	CHEMBL539500	nM	18000.0	CCOC(=O)c1cnc(CN)c2cc(OC)c(OC)c(OC)c12.Cl	3.744727494896694	<rdkit.Chem.rdchem.Mol object at 0x7f870f9303c0>
112	CHEMBL555560	nM	320.0	CCOC(=O)c1cnc(CN)c2c(OC)cc(OC)cc12.Cl	5.494850021680094	<rdkit.Chem.rdchem.Mol object at 0x7f870f930430>
113	CHEMBL77539	nM	8.469826116072875	N#C[C@@H]1CCCN1C(=O)CNCCNc1ccc([N+](=O)[O-])cn1	7.0721255055612895	<rdkit.Chem.rdchem.Mol object at 0x7f870f9304a0>
114	CHEMBL539243	nM	1100.0	CCOC(=O)c1cnc(CN)c2c(OC)c(OC)c(OC)cc12.Cl	4.958607314841775	<rdkit.Chem.rdchem.Mol object at 0x7f870f930510>
115	CHEMBL283880	nM	87900.0	Cc1cccc(C)c1N1C(=O)c2ccc(N)cc2C1=O	3.0560111249262283	<rdkit.Chem.rdchem.Mol object at 0x7f870f930580>
116	CHEMBL151999	nM	30400.0	CC(C)c1cccc(C(C)C)c1N1C(=O)c2c(F)c(F)c(F)c(F)c2C1=S	3.517126416391246	<rdkit.Chem.rdchem.Mol object at 0x7f870f9305f0>
117	CHEMBL313952	nM	65900.0	CC(C)c1cccc(C(C)C)c1N1C(=O)c2ccc(O)cc2C1=O	3.1811145854059903	<rdkit.Chem.rdchem.Mol object at 0x7f870f930660>
118	CHEMBL315471	nM	60100.0	Cc1cccc(C)c1N1C(=O)c2cccc(N)c2C1=O	3.2211255279972604	<rdkit.Chem.rdchem.Mol object at 0x7f870f9306d0>
119	CHEMBL88474	nM	43600.0	CC(C)c1cccc(C(C)C)c1N1C(=O)c2cccc(O)c2C1=O	3.360513510731414	<rdkit.Chem.rdchem.Mol object at 0x7f870f930740>
120	CHEMBL90558	nM	251200.0	CC(C)c1cccc(C(C)C)c1N1C(=O)c2ccc(N)cc2C1=O	2.5999803649348414	<rdkit.Chem.rdchem.Mol object at 0x7f870f9307b0>
121	CHEMBL345319	nM	225700.0	CSc1ccccc1N1C(=O)c2cccc(O)c2C1=O	2.646468440922238	<rdkit.Chem.rdchem.Mol object at 0x7f870f930820>
122	CHEMBL88953	nM	43300.0	CCc1cccc(CC)c1N1C(=O)c2ccc(O)cc2C1=O	3.3635121036466344	<rdkit.Chem.rdchem.Mol object at 0x7f870f930890>
123	CHEMBL329471	nM	57800.0	CC(C)c1cccc(C(C)C)c1N1C(=O)c2ccccc2C1=S	3.238072161579471	<rdkit.Chem.rdchem.Mol object at 0x7f870f930900>
124	CHEMBL151461	nM	88200.0	O=C(C1CCC[C@H]1B(O)O)[C@@H]1CCCN1	3.05453141486818	<rdkit.Chem.rdchem.Mol object at 0x7f870f930970>
125	CHEMBL153096	nM	43300.0	CCc1cccc(CC)c1N1C(=O)c2cccc(O)c2C1=O	3.3635121036466344	<rdkit.Chem.rdchem.Mol object at 0x7f870f9309e0>
126	CHEMBL424612	nM	74100.0	Cc1cccc(C)c1N1C(=O)c2ccc(O)cc2C1=O	3.1301817920206716	<rdkit.Chem.rdchem.Mol object at 0x7f870f930a50>
127	CHEMBL153037	nM	36700.0	CC(C)c1cccc(C(C)C)c1N1C(=S)c2c(F)c(F)c(F)c(F)c2C1=S	3.4353339357479107	<rdkit.Chem.rdchem.Mol object at 0x7f870f930ac0>
128	CHEMBL169758	nM	660.0	N[C@H](C(=O)N1CCCC1)[C@H]1CC[C@@H](OC(=O)Nc2ccc(I)cc2)C1	5.180456064458132	<rdkit.Chem.rdchem.Mol object at 0x7f870f930b30>
129	CHEMBL168986	nM	130.0	CS(=O)(=O)c1ccc(S(=O)(=O)N[C@H]2CC[C@H]([C@H](N)C(=O)N3CCCC3)C2)cc1	5.886056647693163	<rdkit.Chem.rdchem.Mol object at 0x7f870f930ba0>
130	CHEMBL366751	nM	550.0	N[C@H](C(=O)N1CCCC1)[C@H]1CC[C@@H](NS(=O)(=O)c2ccc(OC(F)(F)F)cc2)C1	5.259637310505756	<rdkit.Chem.rdchem.Mol object at 0x7f870f930c10>
131	CHEMBL172276	nM	670.0	N[C@H](C(=O)N1CCCC1)[C@@H]1CC[C@H](OC(=O)Nc2ccc(I)cc2)C1	5.173925197299173	<rdkit.Chem.rdchem.Mol object at 0x7f870f930c80>
132	CHEMBL171033	nM	83.0	COc1ccc(NC(=O)O[C@@H]2CCC[C@H]([C@H](N)C(=O)N3CCSC3)C2)cc1	6.080921907623926	<rdkit.Chem.rdchem.Mol object at 0x7f870f930cf0>
133	CHEMBL439836	nM	71.0	CS(=O)(=O)NCCS(=O)(=O)N[C@@H]1CC[C@@H]([C@H](N)C(=O)N2CCCC2)C1	6.1487416512809245	<rdkit.Chem.rdchem.Mol object at 0x7f870f930d60>
134	CHEMBL352343	nM	280.0	N[C@H](C(=O)N1CCSC1)[C@H]1CC[C@@H](OC(=O)Nc2ccc(Cl)c(Cl)c2)C1	5.552841968657781	<rdkit.Chem.rdchem.Mol object at 0x7f870f930dd0>
135	CHEMBL169962	nM	110.0	N[C@H](C(=O)N1CCCC1)[C@@H]1CC[C@@H](NS(=O)(=O)c2ccc(C(=O)O)cc2)C1	5.958607314841775	<rdkit.Chem.rdchem.Mol object at 0x7f870f930e40>
136	CHEMBL352737	nM	480.0	COc1ccc(NC(=O)O[C@H]2CCC[C@H]([C@H](N)C(=O)N3CCCC3)C2)cc1	5.318758762624412	<rdkit.Chem.rdchem.Mol object at 0x7f870f930eb0>
137	CHEMBL368156	nM	840.0	N[C@H](C(=O)N1CCCC1)[C@H]1CC[C@H](O)C1	5.075720713938118	<rdkit.Chem.rdchem.Mol object at 0x7f870f930f20>
138	CHEMBL171437	nM	72.0	N[C@H](C(=O)N1CCCC1)[C@H]1CC[C@H](NS(=O)(=O)c2ccc(C(=O)O)cc2)C1	6.142667503568732	<rdkit.Chem.rdchem.Mol object at 0x7f870f930f90>
139	CHEMBL433732	nM	420.0	CS(=O)(=O)c1ccc(S(=O)(=O)N[C@H]2CC[C@@H]([C@H](N)C(=O)N3CCCC3)C2)cc1	5.376750709602099	<rdkit.Chem.rdchem.Mol object at 0x7f870f931000>
140	CHEMBL354576	nM	110.0	N[C@H](C(=O)N1CCCC1)[C@H]1CC[C@@H](NC(=O)Nc2cccc3ccccc23)C1	5.958607314841775	<rdkit.Chem.rdchem.Mol object at 0x7f870f931070>
141	CHEMBL168866	nM	170.0	N[C@H](C(=O)N1CCCC1)[C@@H]1CC[C@@H](NS(=O)(=O)c2ccc(OC(F)(F)F)cc2)C1	5.769551078621726	<rdkit.Chem.rdchem.Mol object at 0x7f870f9310e0>
142	CHEMBL172631	nM	210.0	N[C@H](C(=O)N1CCSC1)[C@H]1CC[C@@H](OC(=O)Nc2cccc(F)c2)C1	5.6777807052660805	<rdkit.Chem.rdchem.Mol object at 0x7f870f931150>
143	CHEMBL171430	nM	1700.0	N[C@@H](C(=O)N1CCSC1)[C@H]1CC[C@@H](OC(=O)Nc2cccc3ccccc23)C1	4.769551078621726	<rdkit.Chem.rdchem.Mol object at 0x7f870f9311c0>
144	CHEMBL169204	nM	13.0	CS(=O)(=O)c1ccc(S(=O)(=O)N[C@@H]2CC[C@@H]([C@H](N)C(=O)N3CCCC3)C2)cc1	6.886056647693163	<rdkit.Chem.rdchem.Mol object at 0x7f870f931230>
145	CHEMBL355203	nM	180.0	COc1ccc(NC(=O)O[C@@H]2CCC[C@H]([C@H](N)C(=O)N3CCCC3)C2)cc1	5.7447274948966935	<rdkit.Chem.rdchem.Mol object at 0x7f870f9312a0>
146	CHEMBL171342	nM	83.0	N[C@H](C(=O)N1CCCC1)[C@H]1CC[C@H](NS(=O)(=O)c2ccc(S(N)(=O)=O)cc2)C1	6.080921907623926	<rdkit.Chem.rdchem.Mol object at 0x7f870f931310>
147	CHEMBL354936	nM	110.0	CN(C)S(=O)(=O)c1ccc(S(=O)(=O)N[C@H]2CC[C@H]([C@H](N)C(=O)N3CCCC3)C2)cc1	5.958607314841775	<rdkit.Chem.rdchem.Mol object at 0x7f870f931380>
148	CHEMBL169812	nM	230.0	N[C@H](C(=O)N1CCCC1)[C@H]1CC[C@@H](NC(=O)c2cccc3ccccc23)C1	5.638272163982407	<rdkit.Chem.rdchem.Mol object at 0x7f870f9313f0>
149	CHEMBL172624	nM	1200.0	N[C@@H](C(=O)N1CCSC1)[C@H]1CC[C@@H](OC(=O)Nc2cccc(F)c2)C1	4.920818753952375	<rdkit.Chem.rdchem.Mol object at 0x7f870f931460>
150	CHEMBL355716	nM	270.0	COc1ccc(NC(=O)O[C@H]2CC[C@H]([C@H](N)C(=O)N3CCCC3)C2)cc1	5.568636235841013	<rdkit.Chem.rdchem.Mol object at 0x7f870f9314d0>
151	CHEMBL353840	nM	47.0	N[C@H](C(=O)N1CCSC1)[C@H]1CC[C@H](NC(=O)c2cccc3ccccc23)C1	6.327902142064283	<rdkit.Chem.rdchem.Mol object at 0x7f870f931540>
152	CHEMBL169179	nM	46.0	N[C@H](C(=O)N1CCCC1)[C@@H]1CC[C@@H](NS(=O)(=O)c2ccc(S(N)(=O)=O)cc2)C1	6.337242168318426	<rdkit.Chem.rdchem.Mol object at 0x7f870f9315b0>
153	CHEMBL172730	nM	3900.0	N[C@H](C(=O)N1CCCC1)[C@H]1CC[C@@H](OC(=O)Nc2ccccc2-c2ccccc2)C1	4.4089353929735005	<rdkit.Chem.rdchem.Mol object at 0x7f870f931620>
154	CHEMBL168281	nM	220.0	N[C@H](C(=O)N1CCCC1)[C@H]1CC[C@H](NS(=O)(=O)c2ccc(S(=O)(=O)C(F)(F)F)cc2)C1	5.657577319177793	<rdkit.Chem.rdchem.Mol object at 0x7f870f931690>
155	CHEMBL171609	nM	440.0	N[C@H](C(=O)N1CCCC1)[C@@H]1CC[C@H](NC(=O)Nc2cccc3ccccc23)C1	5.356547323513812	<rdkit.Chem.rdchem.Mol object at 0x7f870f931700>
156	CHEMBL352632	nM	870.0	CO[C@@H]1CCC[C@H]([C@H](N)C(=O)N2CCCC2)C1	5.060480747381382	<rdkit.Chem.rdchem.Mol object at 0x7f870f931770>
157	CHEMBL355248	nM	150.0	CS(=O)(=O)c1ccccc1S(=O)(=O)N[C@H]1CC[C@H]([C@H](N)C(=O)N2CCCC2)C1	5.823908740944319	<rdkit.Chem.rdchem.Mol object at 0x7f870f9317e0>
158	CHEMBL170051	nM	330.0	N[C@H](C(=O)N1CCCC1)[C@H]1CCC[C@H](OC(=O)Nc2ccc(I)cc2)C1	5.481486060122113	<rdkit.Chem.rdchem.Mol object at 0x7f870f931850>
159	CHEMBL171733	nM	110.0	N[C@H](C(=O)N1CCCC1)[C@H]1CCC[C@@H](OC(=O)Nc2ccc(I)cc2)C1	5.958607314841775	<rdkit.Chem.rdchem.Mol object at 0x7f870f9318c0>
160	CHEMBL355051	nM	290.0	N[C@H](C(=O)N1CCCC1)[C@H]1CCC[C@H](O)C1	5.5376020021010435	<rdkit.Chem.rdchem.Mol object at 0x7f870f931930>
161	CHEMBL433533	nM	420.0	COc1ccc(NC(=O)O[C@H]2CCC[C@H]([C@H](N)C(=O)N3CCSC3)C2)cc1	5.376750709602099	<rdkit.Chem.rdchem.Mol object at 0x7f870f9319a0>
162	CHEMBL171290	nM	250.0	N[C@H](C(=O)N1CCCC1)[C@@H]1CC[C@H](NS(=O)(=O)c2ccc(S(N)(=O)=O)cc2)C1	5.6020599913279625	<rdkit.Chem.rdchem.Mol object at 0x7f870f931a10>
163	CHEMBL355244	nM	4600.0	N[C@H](C(=O)N1CCCC1)[C@H]1CC[C@@H](O)C1	4.337242168318426	<rdkit.Chem.rdchem.Mol object at 0x7f870f931a80>
164	CHEMBL352354	nM	240.0	COc1ccc(NC(=O)O[C@@H]2CC[C@H]([C@H](N)C(=O)N3CCSC3)C2)cc1	5.619788758288394	<rdkit.Chem.rdchem.Mol object at 0x7f870f931af0>
165	CHEMBL352402	nM	110.0	N[C@H](C(=O)N1CCCC1)[C@@H]1CC[C@@H](OC(=O)Nc2ccc(I)cc2)C1	5.958607314841775	<rdkit.Chem.rdchem.Mol object at 0x7f870f931b60>
166	CHEMBL352520	nM	43.0	N[C@H](C(=O)N1CCSC1)[C@H]1CC[C@H](NC(=O)Nc2cccc3ccccc23)C1	6.366531544420414	<rdkit.Chem.rdchem.Mol object at 0x7f870f931bd0>
167	CHEMBL172057	nM	180.0	N[C@H](C(=O)N1CCCC1)[C@H]1CC[C@H](OC(=O)Nc2ccc(I)cc2)C1	5.7447274948966935	<rdkit.Chem.rdchem.Mol object at 0x7f870f931c40>
168	CHEMBL353590	nM	1100.0	COc1ccc(NC(=O)O[C@@H]2CC[C@H]([C@H](N)C(=O)N3CCCC3)C2)cc1	4.958607314841775	<rdkit.Chem.rdchem.Mol object at 0x7f870f931cb0>
169	CHEMBL355479	nM	94.0	N[C@H](C(=O)N1CCCC1)[C@@H]1CC[C@@H](NC(=O)Nc2cccc3ccccc23)C1	6.026872146400302	<rdkit.Chem.rdchem.Mol object at 0x7f870f931d20>
170	CHEMBL352548	nM	95.0	CS(=O)(=O)NCCS(=O)(=O)N[C@H]1CC[C@H]([C@H](N)C(=O)N2CCCC2)C1	6.022276394711152	<rdkit.Chem.rdchem.Mol object at 0x7f870f931d90>
171	CHEMBL22310	nM	48.00000000000001	N[C@H](C(=O)N1CC[C@H](F)C1)[C@H]1CC[C@H](NS(=O)(=O)c2ccc(F)cc2F)CC1	6.318758762624412	<rdkit.Chem.rdchem.Mol object at 0x7f870f931e00>
172	CHEMBL22545	nM	830.0	N[C@H](C(=O)N1C[C@H](F)[C@@H](F)C1)[C@H]1CC[C@H](NC(=O)OCc2ccccc2)CC1	5.080921907623926	<rdkit.Chem.rdchem.Mol object at 0x7f870f931e70>
173	CHEMBL23223	nM	89.0	N[C@H](C(=O)N1CCSC1)C1CCCCC1	6.050609993355087	<rdkit.Chem.rdchem.Mol object at 0x7f870f931ee0>
174	CHEMBL23051	nM	270.0	N[C@H](C(=O)N1C[C@@H](F)[C@H](F)C1)[C@H]1CC[C@H](NS(=O)(=O)c2ccc(OC(F)(F)F)cc2)CC1	5.568636235841013	<rdkit.Chem.rdchem.Mol object at 0x7f870f931f50>
175	CHEMBL23880	nM	210.0	N[C@H](C(=O)N1CC[C@H](F)C1)[C@H]1CC[C@H](NC(=O)c2ccccc2C(F)(F)F)CC1	5.6777807052660805	<rdkit.Chem.rdchem.Mol object at 0x7f870f931fc0>
176	CHEMBL416008	nM	360.0	N[C@H](C(=O)N1C[C@@H](F)[C@H](F)C1)[C@H]1CC[C@H](NC(=O)OCc2ccccc2)CC1	5.443697499232712	<rdkit.Chem.rdchem.Mol object at 0x7f870f932030>
177	CHEMBL281561	nM	75.0	N[C@H](C(=O)N1CC[C@@H](F)C1)[C@H]1CC[C@H](NS(=O)(=O)c2ccc(OC(F)(F)F)cc2)CC1	6.1249387366083	<rdkit.Chem.rdchem.Mol object at 0x7f870f9320a0>
178	CHEMBL283309	nM	58.0	N[C@H](C(=O)N1CC[C@@H](F)C1)[C@H]1CC[C@H](NS(=O)(=O)c2ccc(F)cc2F)CC1	6.236572006437063	<rdkit.Chem.rdchem.Mol object at 0x7f870f932110>
179	CHEMBL280658	nM	72.99999999999999	N[C@H](C(=O)N1CCC(F)(F)C1)C1CCCCC1	6.136677139879544	<rdkit.Chem.rdchem.Mol object at 0x7f870f932180>
180	CHEMBL283368	nM	67.0	N[C@H](C(=O)N1CCSC1)[C@H]1CC[C@H](NC(=O)c2ccccc2C(F)(F)F)CC1	6.173925197299173	<rdkit.Chem.rdchem.Mol object at 0x7f870f9321f0>
181	CHEMBL277693	nM	88.0	N[C@H](C(=O)N1CC[C@@H](F)C1)[C@H]1CC[C@H](NC(=O)OCc2ccccc2)CC1	6.055517327849832	<rdkit.Chem.rdchem.Mol object at 0x7f870f932260>
182	CHEMBL281178	nM	35.0	N[C@H](C(=O)N1CC[C@H](F)C1)[C@H]1CC[C@H](NS(=O)(=O)c2ccc(OC(F)(F)F)cc2)CC1	6.455931955649724	<rdkit.Chem.rdchem.Mol object at 0x7f870f9322d0>
183	CHEMBL23110	nM	55.0	N[C@H](C(=O)N1CCC(F)(F)C1)[C@H]1CC[C@H](NC(=O)c2ccc(F)c(F)c2)CC1	6.259637310505756	<rdkit.Chem.rdchem.Mol object at 0x7f870f932340>
184	CHEMBL23879	nM	250.0	N[C@H](C(=O)N1CC[C@@H](F)C1)[C@H]1CC[C@H](NC(=O)c2ccccc2C(F)(F)F)CC1	5.6020599913279625	<rdkit.Chem.rdchem.Mol object at 0x7f870f9323b0>
185	CHEMBL277193	nM	250.0	N[C@H](C(=O)N1C[C@@H](F)[C@H](F)C1)[C@H]1CC[C@H](NS(=O)(=O)c2ccc(F)cc2F)CC1	5.6020599913279625	<rdkit.Chem.rdchem.Mol object at 0x7f870f932420>
186	CHEMBL23981	nM	340.0	N[C@H](C(=O)N1CC[C@@H](F)C1)C1CCCCC1	5.468521082957745	<rdkit.Chem.rdchem.Mol object at 0x7f870f932490>
187	CHEMBL279944	nM	27.0	N[C@H](C(=O)N1CCC(F)(F)C1)[C@H]1CC[C@H](NC(=O)OCc2ccccc2)CC1	6.568636235841013	<rdkit.Chem.rdchem.Mol object at 0x7f870f932500>
188	CHEMBL431885	nM	870.0	N[C@H](C(=O)N1C[C@H](F)[C@@H](F)C1)[C@H]1CC[C@H](NS(=O)(=O)c2ccc(OC(F)(F)F)cc2)CC1	5.060480747381382	<rdkit.Chem.rdchem.Mol object at 0x7f870f932570>
189	CHEMBL23660	nM	54.0	N[C@H](C(=O)N1CC[C@H](F)C1)[C@H]1CC[C@H](NC(=O)c2ccc(F)c(F)c2)CC1	6.267606240177032	<rdkit.Chem.rdchem.Mol object at 0x7f870f9325e0>
190	CHEMBL23924	nM	110.0	N[C@H](C(=O)N1CC[C@@H](F)C1)[C@H]1CC[C@H](NC(=O)c2ccc(F)c(F)c2)CC1	5.958607314841775	<rdkit.Chem.rdchem.Mol object at 0x7f870f932650>
191	CHEMBL423108	nM	23.0	N[C@H](C(=O)N1CCC(F)(F)C1)[C@H]1CC[C@H](NS(=O)(=O)c2ccc(OC(F)(F)F)cc2)CC1	6.638272163982407	<rdkit.Chem.rdchem.Mol object at 0x7f870f9326c0>
192	CHEMBL277635	nM	70.0	N[C@H](C(=O)N1CCC(F)(F)C1)[C@H]1CC[C@H](NC(=O)c2ccccc2C(F)(F)F)CC1	6.154901959985743	<rdkit.Chem.rdchem.Mol object at 0x7f870f932730>
193	CHEMBL22294	nM	21.0	N[C@H](C(=O)N1CCC(F)(F)C1)[C@H]1CC[C@H](NS(=O)(=O)c2ccc(F)cc2F)CC1	6.6777807052660805	<rdkit.Chem.rdchem.Mol object at 0x7f870f9327a0>
194	CHEMBL23891	nM	56.0	N[C@H](C(=O)N1CC[C@H](F)C1)[C@H]1CC[C@H](NC(=O)OCc2ccccc2)CC1	6.251811972993799	<rdkit.Chem.rdchem.Mol object at 0x7f870f932810>
195	CHEMBL22511	nM	170.0	N[C@H](C(=O)N1CC[C@H](F)C1)C1CCCCC1	5.769551078621726	<rdkit.Chem.rdchem.Mol object at 0x7f870f932880>
196	CHEMBL357606	nM	1700.0	CCC(C)C(N)C(=O)N1CCSC1	4.769551078621726	<rdkit.Chem.rdchem.Mol object at 0x7f870f9328f0>
197	CHEMBL147314	nM	250000.0	CCCCC(N)C(=O)N1CCCCC1	2.6020599913279625	<rdkit.Chem.rdchem.Mol object at 0x7f870f932960>
198	CHEMBL148261	nM	3500.0	CCC(C)C(N)C(=O)N1CCC(F)C1	4.455931955649724	<rdkit.Chem.rdchem.Mol object at 0x7f870f9329d0>
199	CHEMBL148955	nM	317999.99999999994	NCCCCC(N)C(=O)N1CCSC1	2.4975728800155674	<rdkit.Chem.rdchem.Mol object at 0x7f870f932a40>
200	CHEMBL358358	nM	107000.0	CCC(C)C(N)C(=O)N1CCC(N=[N+]=[N-])C1	2.9706162223147903	<rdkit.Chem.rdchem.Mol object at 0x7f870f932ab0>
201	CHEMBL146995	nM	67000.0	NC(CO)C(=O)N1CCCCC1	3.1739251972991736	<rdkit.Chem.rdchem.Mol object at 0x7f870f932b20>
202	CHEMBL146877	nM	151000.0	N#C[C@@H]1CCCCN1C(=O)C(N)CCN	2.8210230527068307	<rdkit.Chem.rdchem.Mol object at 0x7f870f932b90>
203	CHEMBL434886	nM	167000.0	CCC(C)C(N)C(=O)N(C)CC	2.7772835288524167	<rdkit.Chem.rdchem.Mol object at 0x7f870f932c00>
204	CHEMBL319514	nM	200.0	C[C@H](N)C(=O)N1CCC[C@H]1C#N	5.698970004336019	<rdkit.Chem.rdchem.Mol object at 0x7f870f932c70>
205	CHEMBL277390	nM	999.9999999999998	C[S+](C)Cc1ccc2cc1C(=O)NCC(=O)NCC(=O)NCCCC[C@H](N)C(=O)N1CCC[C@H]1C(=O)N2.O=C(O)C(F)(F)F.O=C([O-])C(F)(F)F	5.0	<rdkit.Chem.rdchem.Mol object at 0x7f870f932ce0>
206	CHEMBL461912	nM	319.99999999999994	N#C[C@@H]1CCCN1C(=O)[C@@H](N)CCCCN	5.494850021680094	<rdkit.Chem.rdchem.Mol object at 0x7f870f932d50>
207	CHEMBL67680	nM	630.0000000000001	CCCCCCCC[S+](CCCCCCCC)Cc1ccc2cc1C(=O)NCC(=O)NCC(=O)NCCCC[C@H](N)C(=O)N1CCC[C@H]1C(=O)N2.O=C(O)C(F)(F)F.O=C([O-])C(F)(F)F	5.200659450546418	<rdkit.Chem.rdchem.Mol object at 0x7f870f932dc0>
208	CHEMBL148127	nM	374000.0	CCC(C)C(N)C(=O)N1CCCCCC1	2.4271283977995197	<rdkit.Chem.rdchem.Mol object at 0x7f870f932e30>
209	CHEMBL356207	nM	289000.0	NCCC(N)C(=O)N1CCSC1	2.5391021572434522	<rdkit.Chem.rdchem.Mol object at 0x7f870f932ea0>
210	CHEMBL148025	nM	217000.0	NC(C(=O)N1CCCCC1)C1CCCCC1	2.6635402661514704	<rdkit.Chem.rdchem.Mol object at 0x7f870f932f10>
211	CHEMBL346877	nM	50400.0	CCC(C)C(N)C(=O)N1CCC1	3.2975694635544746	<rdkit.Chem.rdchem.Mol object at 0x7f870f932f80>
212	CHEMBL147923	nM	500000.0	NCCC(N)C(=O)N1CCCCC1	2.3010299956639813	<rdkit.Chem.rdchem.Mol object at 0x7f870f932ff0>
213	CHEMBL146190	nM	229000.0	CCCC(N)C(=O)N1CCCCC1	2.640164517660112	<rdkit.Chem.rdchem.Mol object at 0x7f870f933060>
214	CHEMBL148002	nM	360000.0	CCC(C)C(N)C(=O)N(C)C	2.4436974992327127	<rdkit.Chem.rdchem.Mol object at 0x7f870f9330d0>
215	CHEMBL145813	nM	51000.0	N#CC1CCCCN1C(=O)C(N)CCCCN	3.2924298239020637	<rdkit.Chem.rdchem.Mol object at 0x7f870f933140>
216	CHEMBL1160335	nM	3499.9999999999995	CC(=O)OCc1ccc2cc1C(=O)NCC(=O)NCC(=O)NCCCC[C@H](N)C(=O)N1CCC[C@H]1C(=O)N2.O=C(O)C(F)(F)F	4.455931955649724	<rdkit.Chem.rdchem.Mol object at 0x7f870f9331b0>
217	CHEMBL305759	nM	25000.0	N[C@H]1CCCCNC(=O)CNC(=O)CNC(=O)c2cc(ccc2COc2ccccc2)NC(=O)[C@@H]2CCCN2C1=O	3.6020599913279625	<rdkit.Chem.rdchem.Mol object at 0x7f870f933220>
218	CHEMBL343650	nM	377000.0	CCCN(C)C(=O)C(N)C(C)CC	2.423658649794207	<rdkit.Chem.rdchem.Mol object at 0x7f870f933290>
219	CHEMBL302602	nM	610.0000000000002	C[S+](C)Cc1ccc2cc1C(=O)NCC(=O)NCC(=O)NCC(=O)NCC(=O)NCCCC[C@H](N)C(=O)N1CCC[C@H]1C(=O)N2.O=C(O)C(F)(F)F.O=C([O-])C(F)(F)F	5.214670164989233	<rdkit.Chem.rdchem.Mol object at 0x7f870f933300>
220	CHEMBL148285	nM	250000.0	CCC(N)C(=O)N1CCCCC1	2.6020599913279625	<rdkit.Chem.rdchem.Mol object at 0x7f870f933370>
221	CHEMBL348246	nM	500000.0	NCCCCC(N)C(=O)N1CCC1	2.3010299956639813	<rdkit.Chem.rdchem.Mol object at 0x7f870f9333e0>
222	CHEMBL147691	nM	93000.0	CCC(C)C(N)C(=O)N1CCC(O)C1	3.0315170514460648	<rdkit.Chem.rdchem.Mol object at 0x7f870f933450>
223	CHEMBL144027	nM	500000.0	NCCCCC(N)C(=O)N1CCC(O)C1	2.3010299956639813	<rdkit.Chem.rdchem.Mol object at 0x7f870f9334c0>
224	CHEMBL461506	nM	182538.48909202655	NCCCC[C@H](N)C(=O)N1CCCCC1	2.738645548534216	<rdkit.Chem.rdchem.Mol object at 0x7f870f933530>
225	CHEMBL444537	nM	52000.0	CCC(C)C(N)C(=O)N1CC=CCC1	3.2839966563652006	<rdkit.Chem.rdchem.Mol object at 0x7f870f9335a0>
226	CHEMBL145862	nM	18100.0	NC(N)=NCCCC(N)C(=O)N1CCCCC1	3.7423214251308154	<rdkit.Chem.rdchem.Mol object at 0x7f870f933610>
227	CHEMBL148954	nM	81000.0	NCCCC(N)C(=O)N1CCSC1	3.09151498112135	<rdkit.Chem.rdchem.Mol object at 0x7f870f933680>
228	CHEMBL67679	nM	570.0000000000002	CCCC[S+](CCCC)Cc1ccc2cc1C(=O)NCC(=O)NCC(=O)NCCCC[C@H](N)C(=O)N1CCC[C@H]1C(=O)N2.O=C(O)C(F)(F)F.O=C([O-])C(F)(F)F	5.2441251443275085	<rdkit.Chem.rdchem.Mol object at 0x7f870f9336f0>
229	CHEMBL329909	nM	163.0	N#C[C@@H]1CCCN1C(=O)CNCCNc1ncccn1	5.787812395596042	<rdkit.Chem.rdchem.Mol object at 0x7f870f933760>
230	CHEMBL96229	nM	24200.0	O=C(CNC12C[C@H]3C[C@@H](C1)C[C@@H](C2)C3)N1CCC1	3.616184634019569	<rdkit.Chem.rdchem.Mol object at 0x7f870f9337d0>
231	CHEMBL3084822	nM	70.0	CC(=O)O[C@@]12C[C@@H]3C[C@@H](C[C@](NCC(=O)N4CCC[C@H]4C#N)(C3)C1)C2	6.154901959985743	<rdkit.Chem.rdchem.Mol object at 0x7f870f933840>
232	CHEMBL316832	nM	598.0	N#C[C@@H]1CCCN1C(=O)CNCC12C[C@H]3C[C@@H](C1)C[C@@H](C2)C3	5.223298816011589	<rdkit.Chem.rdchem.Mol object at 0x7f870f9338b0>
233	CHEMBL94597	nM	298.0	N#C[C@@H]1CCCN1C(=O)CNCCNc1ccccc1	5.525783735923745	<rdkit.Chem.rdchem.Mol object at 0x7f870f933920>
234	CHEMBL330670	nM	444.0	CCNCC(=O)N1CCC[C@H]1C#N	5.35261702988538	<rdkit.Chem.rdchem.Mol object at 0x7f870f933990>
235	CHEMBL94147	nM	291.0	CCCCCCCNCC(=O)N1CCC[C@H]1C#N	5.536107011014093	<rdkit.Chem.rdchem.Mol object at 0x7f870f933a00>
236	CHEMBL94908	nM	105.0	CCC(C)(C)NCC(=O)N1CCC[C@H]1C#N	5.978810700930062	<rdkit.Chem.rdchem.Mol object at 0x7f870f933a70>
237	CHEMBL327264	nM	377.0	N#C[C@@H]1CCCN1C(=O)CNCCC(c1ccccc1)c1ccccc1	5.423658649794207	<rdkit.Chem.rdchem.Mol object at 0x7f870f933ae0>
238	CHEMBL94046	nM	18700.0	N#C[C@H]1CCCN1C(=O)CCNCCNc1ccc([N+](=O)[O-])cn1	3.728158393463501	<rdkit.Chem.rdchem.Mol object at 0x7f870f933b50>
239	CHEMBL93847	nM	338.0	N#C[C@@H]1CCCN1C(=O)CNC1CCCCCCCCCCC1	5.471083299722345	<rdkit.Chem.rdchem.Mol object at 0x7f870f933bc0>
240	CHEMBL96607	nM	372.0	CC(N)(CO)C(O)NCC(=O)N1CCC[C@H]1C#N	5.429457060118103	<rdkit.Chem.rdchem.Mol object at 0x7f870f933c30>
241	CHEMBL96942	nM	305.0	N#C[C@@H]1CCCN1C(=O)CNCCc1ccccc1	5.515700160653214	<rdkit.Chem.rdchem.Mol object at 0x7f870f933ca0>
242	CHEMBL3084816	nM	7.0	N#C[C@@H]1CCCN1C(=O)CN[C@H]1CC[C@H](Nc2ccc(C(F)(F)F)cn2)CC1	7.154901959985743	<rdkit.Chem.rdchem.Mol object at 0x7f870f933d10>
243	CHEMBL328613	nM	26100.0	O=C(CNC12C[C@H]3C[C@@H](C1)C[C@@H](C2)C3)N1CCc2ccccc2C1	3.583359492661719	<rdkit.Chem.rdchem.Mol object at 0x7f870f933d80>
244	CHEMBL313423	nM	9610.0	CN[C@H](C(=O)N1CCC[C@H]1C#N)C(C)C	4.017276612331455	<rdkit.Chem.rdchem.Mol object at 0x7f870f933df0>
245	CHEMBL3084814	nM	17.0	C[C@]12C[C@@H]3C[C@](C)(C1)C[C@](NCC(=O)N1CCC[C@H]1C#N)(C3)C2	6.769551078621726	<rdkit.Chem.rdchem.Mol object at 0x7f870f933e60>
246	CHEMBL96748	nM	192.0	CC(C)NCC(=O)N1CCC[C@H]1C#N	5.71669877129645	<rdkit.Chem.rdchem.Mol object at 0x7f870f933ed0>
247	CHEMBL96160	nM	266.0	CCCCCNCC(=O)N1CCC[C@H]1C#N	5.575118363368933	<rdkit.Chem.rdchem.Mol object at 0x7f870f933f40>
248	CHEMBL96299	nM	346.0	N#C[C@@H]1CCCN1C(=O)CNCCCCCO	5.460923901207224	<rdkit.Chem.rdchem.Mol object at 0x7f870f934040>
249	CHEMBL328994	nM	133.0	N#C[C@@H]1CCCN1C(=O)CNC1Cc2ccccc2C1	5.876148359032914	<rdkit.Chem.rdchem.Mol object at 0x7f870f9340b0>
250	CHEMBL93354	nM	36.0	N#C[C@@H]1CCCN1C(=O)CNCCNc1ccc(Cl)cn1	6.443697499232713	<rdkit.Chem.rdchem.Mol object at 0x7f870f934120>
251	CHEMBL96071	nM	242.0	CC1(C)C2CC(CNCC(=O)N3CCC[C@H]3C#N)CC1C2	5.616184634019569	<rdkit.Chem.rdchem.Mol object at 0x7f870f934190>
252	CHEMBL328794	nM	228.0	N#C[C@@H]1CCCN1C(=O)CNC1CCN(c2nc3ccccc3s2)CC1	5.642065152999546	<rdkit.Chem.rdchem.Mol object at 0x7f870f934200>
253	CHEMBL96395	nM	434000.0	N#Cc1ccc(NCCNCC(=O)N2CCC[C@H]2C(N)=O)nc1	2.362510270487489	<rdkit.Chem.rdchem.Mol object at 0x7f870f934270>
254	CHEMBL330373	nM	15.0	N#C[C@@H]1CCCN1C(=O)CNC1CC2CCC1C2	6.823908740944319	<rdkit.Chem.rdchem.Mol object at 0x7f870f9342e0>
255	CHEMBL318511	nM	52600.0	O=C(CNC12C[C@H]3C[C@@H](C1)C[C@@H](C2)C3)N1CCCCC1	3.2790142558462607	<rdkit.Chem.rdchem.Mol object at 0x7f870f934350>
256	CHEMBL321509	nM	635.0	N#C[C@@H]1CCCN1C(=O)CNCCOc1ccccc1	5.197226274708024	<rdkit.Chem.rdchem.Mol object at 0x7f870f9343c0>
257	CHEMBL96666	nM	2.0	CC(C)[C@H](N)C(=O)N1CCC[C@H]1C#N	7.698970004336019	<rdkit.Chem.rdchem.Mol object at 0x7f870f934430>
258	CHEMBL95088	nM	26.0	N#C[C@@H]1CCCN1C(=O)CNC1(CO)CCCC1	6.585026652029182	<rdkit.Chem.rdchem.Mol object at 0x7f870f9344a0>
259	CHEMBL3084820	nM	10.0	N#C[C@@H]1CCCN1C(=O)CN[C@H]1CC[C@H](Nc2nc3ccccc3s2)CC1	7.0	<rdkit.Chem.rdchem.Mol object at 0x7f870f934510>
260	CHEMBL3084826	nM	477000.0	O=C(O)[C@@H]1CCCN1C(=O)CN[C@]12C[C@@H]3C[C@@H](C[C@@](O)(C3)C1)C2	2.321481620959886	<rdkit.Chem.rdchem.Mol object at 0x7f870f934580>
261	CHEMBL329282	nM	989.0	N#C[C@@H]1CCCN1C(=O)CNCCNc1ncccc1C(F)(F)F	5.004803708402821	<rdkit.Chem.rdchem.Mol object at 0x7f870f9345f0>
262	CHEMBL96891	nM	109000.0	CC(C)C(NCC(=O)N1CCC[C@H]1C#N)C(C)C	2.962573502059376	<rdkit.Chem.rdchem.Mol object at 0x7f870f934660>
263	CHEMBL319798	nM	23.0	N#C[C@@H]1CCCN1C(=O)CNC1CCN(C(=O)C2CCCCC2)CC1	6.638272163982407	<rdkit.Chem.rdchem.Mol object at 0x7f870f9346d0>
264	CHEMBL96892	nM	13.0	N#C[C@@H]1CCCN1C(=O)CNC1[C@H]2C[C@@H]3C[C@@H](C[C@H]1C3)C2	6.886056647693163	<rdkit.Chem.rdchem.Mol object at 0x7f870f934740>
265	CHEMBL92028	nM	104.0	N#C[C@@H]1CCCN1C(=O)CNC1(CO)CCCCC1	5.982966660701219	<rdkit.Chem.rdchem.Mol object at 0x7f870f9347b0>
266	CHEMBL96453	nM	988.0	N#C[C@@H]1CCCN1C(=O)CNCc1ccccc1	5.005243055412372	<rdkit.Chem.rdchem.Mol object at 0x7f870f934820>
267	CHEMBL3084819	nM	18.0	N#C[C@@H]1CCCN1C(=O)CN[C@H]1CC[C@H](NC(=O)C2CCCCC2)CC1	6.7447274948966935	<rdkit.Chem.rdchem.Mol object at 0x7f870f934890>
268	CHEMBL330623	nM	18600.0	N#C[C@@H]1CCCN1C(=O)[C@@H](NC1CCCCC1)C1CCCCC1	3.7304870557820835	<rdkit.Chem.rdchem.Mol object at 0x7f870f934900>
269	CHEMBL96593	nM	53.0	N#C[C@@H]1CCCN1C(=O)CNC1CCCCCCC1	6.275724130399211	<rdkit.Chem.rdchem.Mol object at 0x7f870f934970>
270	CHEMBL96491	nM	282.0	CCCCCCNCC(=O)N1CCC[C@H]1C#N	5.549750891680639	<rdkit.Chem.rdchem.Mol object at 0x7f870f9349e0>
271	CHEMBL3084821	nM	14.0	N#C[C@@H]1CCCN1C(=O)CN[C@H]1CC[C@H](Oc2ccc(Cl)cc2)CC1	6.853871964321762	<rdkit.Chem.rdchem.Mol object at 0x7f870f934a50>
272	CHEMBL92710	nM	256.0	CCC(CO)NCC(=O)N1CCC[C@H]1C#N	5.59176003468815	<rdkit.Chem.rdchem.Mol object at 0x7f870f934ac0>
273	CHEMBL3084817	nM	64.0	N#C[C@@H]1CCCN1C(=O)CN[C@]12C[C@H]3C[C@@H](C1)C[C@](OC(=O)NC1CCCCC1)(C3)C2	6.1938200260161125	<rdkit.Chem.rdchem.Mol object at 0x7f870f934b30>
274	CHEMBL94312	nM	80.0	N#C[C@@H]1CCCN1C(=O)CNC1CCC1	6.096910013008056	<rdkit.Chem.rdchem.Mol object at 0x7f870f934ba0>
275	CHEMBL319080	nM	3.0	N#C[C@@H]1CCCN1C(=O)CNC12C[C@H]3C[C@@H](C1)C[C@@H](C2)C3	7.522878745280337	<rdkit.Chem.rdchem.Mol object at 0x7f870f934c10>
276	CHEMBL3084824	nM	149.0	COc1ccc(NC(=O)O[C@@]23C[C@@H]4C[C@@H](C[C@](NCC(=O)N5CCC[C@H]5C#N)(C4)C2)C3)cc1	5.826813731587726	<rdkit.Chem.rdchem.Mol object at 0x7f870f934c80>
277	CHEMBL3084818	nM	183.0	CC(C)N(C(=O)O[C@@]12C[C@@H]3C[C@@H](C[C@](NCC(=O)N4CCC[C@H]4C#N)(C3)C1)C2)C(C)C	5.73754891026957	<rdkit.Chem.rdchem.Mol object at 0x7f870f934cf0>
278	CHEMBL330426	nM	296.0	N#C[C@@H]1CCCN1C(=O)CNC1CCN(c2ccc(C(F)(F)F)cn2)CC1	5.528708288941061	<rdkit.Chem.rdchem.Mol object at 0x7f870f934d60>
279	CHEMBL96890	nM	491.0	N#C[C@@H]1CCCN1C(=O)CNCCCc1ccccc1	5.308918507877031	<rdkit.Chem.rdchem.Mol object at 0x7f870f934dd0>
280	CHEMBL323130	nM	63.0	N#C[C@@H]1CCCN1C(=O)CNC1CCCCCC1	6.200659450546418	<rdkit.Chem.rdchem.Mol object at 0x7f870f934e40>
281	CHEMBL3084811	nM	2.7	N#C[C@@H]1CCCN1C(=O)CN[C@]12C[C@@H]3C[C@@H](C[C@@](O)(C3)C1)C2	7.568636235841012	<rdkit.Chem.rdchem.Mol object at 0x7f870f934eb0>
282	CHEMBL93034	nM	7000.0	O=C(CNC12C[C@H]3C[C@@H](C1)C[C@@H](C2)C3)N1CCCC1	4.154901959985743	<rdkit.Chem.rdchem.Mol object at 0x7f870f934f20>
283	CHEMBL330326	nM	398.0	CCC(CC)NCC(=O)N1CCC[C@H]1C#N	5.400116927926312	<rdkit.Chem.rdchem.Mol object at 0x7f870f934f90>
284	CHEMBL96908	nM	24.0	CC(C)(Cc1ccccc1)NCC(=O)N1CCC[C@H]1C#N	6.619788758288394	<rdkit.Chem.rdchem.Mol object at 0x7f870f935000>
285	CHEMBL327166	nM	29.0	CC(C)(CNc1ccc(C#N)cn1)NCC(=O)N1CCC[C@H]1C#N	6.5376020021010435	<rdkit.Chem.rdchem.Mol object at 0x7f870f935070>
286	CHEMBL96459	nM	16.0	CC1C(NCC(=O)N2CCC[C@H]2C#N)CC2CC1C2(C)C	6.795880017344075	<rdkit.Chem.rdchem.Mol object at 0x7f870f9350e0>
287	CHEMBL330717	nM	83.0	N#C[C@@H]1CCCN1C(=O)CNCCNc1ccc(C(F)(F)F)cn1	6.080921907623926	<rdkit.Chem.rdchem.Mol object at 0x7f870f935150>
288	CHEMBL431425	nM	64.0	N#C[C@@H]1CCCN1C(=O)CNC1CCCCC1	6.1938200260161125	<rdkit.Chem.rdchem.Mol object at 0x7f870f9351c0>
289	CHEMBL96080	nM	612.0	N#C[C@@H]1CCCN1C(=O)CNC1CC1	5.213248577854439	<rdkit.Chem.rdchem.Mol object at 0x7f870f935230>
290	CHEMBL317787	nM	261.0	CCCCNCC(=O)N1CCC[C@H]1C#N	5.583359492661719	<rdkit.Chem.rdchem.Mol object at 0x7f870f9352a0>
291	CHEMBL94647	nM	466.0	CC(C)(C)CCNCC(=O)N1CCC[C@H]1C#N	5.33161408331	<rdkit.Chem.rdchem.Mol object at 0x7f870f935310>
292	CHEMBL323129	nM	218.0	CC(C)(N)C(O)NCC(=O)N1CCC[C@H]1C#N	5.661543506395395	<rdkit.Chem.rdchem.Mol object at 0x7f870f935380>
293	CHEMBL322903	nM	1170.0	N#Cc1ccc(NCCNCC(=O)N2CCC[C@@H]2C#N)nc1	4.931814138253839	<rdkit.Chem.rdchem.Mol object at 0x7f870f9353f0>
294	CHEMBL318612	nM	103000.0	CN(CC(=O)N1CCC[C@H]1C#N)C1CCCCC1	2.987162775294828	<rdkit.Chem.rdchem.Mol object at 0x7f870f935460>
295	CHEMBL3084823	nM	62.0	N#C[C@@H]1CCCN1C(=O)CN[C@]12C[C@H]3C[C@@H](C1)C[C@](OC(=O)Nc1ccccc1)(C3)C2	6.2076083105017466	<rdkit.Chem.rdchem.Mol object at 0x7f870f9354d0>
296	CHEMBL3084815	nM	5.0	N#Cc1ccc(N[C@H]2CC[C@H](NCC(=O)N3CCC[C@H]3C#N)CC2)nc1	7.301029995663981	<rdkit.Chem.rdchem.Mol object at 0x7f870f935540>
297	CHEMBL3084813	nM	931000.0	NC(=O)[C@@H]1CCCN1C(=O)CN[C@]12C[C@@H]3C[C@@H](C[C@@](O)(C3)C1)C2	2.0310503190186573	<rdkit.Chem.rdchem.Mol object at 0x7f870f9355b0>
298	CHEMBL3084825	nM	22.0	CC(C)(C)NC(=O)O[C@@]12C[C@@H]3C[C@@H](C[C@](NCC(=O)N4CCC[C@H]4C#N)(C3)C1)C2	6.657577319177793	<rdkit.Chem.rdchem.Mol object at 0x7f870f935620>
299	CHEMBL92711	nM	33.0	N#C[C@@H]1CCCN1C(=O)CNCCNc1ccccn1	6.481486060122113	<rdkit.Chem.rdchem.Mol object at 0x7f870f935690>
300	CHEMBL96183	nM	3000.0	O=C(CNCCNc1ccc([N+](=O)[O-])cn1)N1CCSC1	4.522878745280337	<rdkit.Chem.rdchem.Mol object at 0x7f870f935700>
301	CHEMBL95089	nM	54.0	N#C[C@@H]1CCCN1C(=O)CNC1CCCC1	6.267606240177032	<rdkit.Chem.rdchem.Mol object at 0x7f870f935770>
302	CHEMBL94630	nM	123.0	CC(C)(C)CC(C)(C)NCC(=O)N1CCC[C@H]1C#N	5.910094888560602	<rdkit.Chem.rdchem.Mol object at 0x7f870f9357e0>
303	CHEMBL318775	nM	102.0	N#Cc1ccc(NCCCNCC(=O)N2CCC[C@H]2C#N)nc1	5.991399828238082	<rdkit.Chem.rdchem.Mol object at 0x7f870f935850>
304	CHEMBL321724	nM	1540.0	N#Cc1ccc(NCCN2CC(=O)N3CCC[C@H]3C2=N)nc1	4.8124792791635365	<rdkit.Chem.rdchem.Mol object at 0x7f870f9358c0>
305	CHEMBL96577	nM	436.0	N#C[C@@H]1CCCN1C(=O)CNCc1cccc2ccccc12	5.360513510731414	<rdkit.Chem.rdchem.Mol object at 0x7f870f935930>
306	CHEMBL96814	nM	7400.0	O=C(CNCCNc1ccc([N+](=O)[O-])cn1)N1CCCC1	4.130768280269024	<rdkit.Chem.rdchem.Mol object at 0x7f870f9359a0>
307	CHEMBL320143	nM	475.0	CCCNCC(=O)N1CCC[C@H]1C#N	5.323306390375134	<rdkit.Chem.rdchem.Mol object at 0x7f870f935a10>
308	CHEMBL96937	nM	35.0	CC(C)(C)NCC(=O)N1CCC[C@H]1C#N	6.455931955649724	<rdkit.Chem.rdchem.Mol object at 0x7f870f935a80>
309	CHEMBL329581	nM	109000.0	CC(N)(CNCC(=O)N1CCC[C@H]1C#N)C(=O)O	2.962573502059376	<rdkit.Chem.rdchem.Mol object at 0x7f870f935af0>
310	CHEMBL3084812	nM	7.0	CC[C@@]12C[C@H]3C[C@@H](C1)C[C@@](NCC(=O)N1CCC[C@H]1C#N)(C3)C2	7.154901959985743	<rdkit.Chem.rdchem.Mol object at 0x7f870f935b60>
311	CHEMBL330600	nM	132000.0	N#Cc1cccc(CNCC[C@H](N)C(=O)N2CCCCC2)c1	2.87942606879415	<rdkit.Chem.rdchem.Mol object at 0x7f870f935bd0>
312	CHEMBL98801	nM	196000.0	CN(CC[C@H](N)C(=O)N1CCCCC1)Cc1ccc(Cl)cc1	2.707743928643524	<rdkit.Chem.rdchem.Mol object at 0x7f870f935c40>
313	CHEMBL98415	nM	250000.0	N[C@@H](CCNc1ccccc1)C(=O)N1CCCCC1	2.6020599913279625	<rdkit.Chem.rdchem.Mol object at 0x7f870f935cb0>
314	CHEMBL440325	nM	518000.0	CC(=O)NCC[C@H](N)C(=O)N1CCCCC1	2.285670240254767	<rdkit.Chem.rdchem.Mol object at 0x7f870f935d20>
315	CHEMBL98423	nM	278000.0	N[C@@H](CCNCc1cccs1)C(=O)N1CCCCC1	2.555955204081924	<rdkit.Chem.rdchem.Mol object at 0x7f870f935d90>
316	CHEMBL98860	nM	179000.0	N[C@@H](CCNCc1ccc2ccccc2c1)C(=O)N1CCCCC1	2.7471469690201067	<rdkit.Chem.rdchem.Mol object at 0x7f870f935e00>
317	CHEMBL99506	nM	70000.0	N[C@@H](CCNCc1ccc(Cl)cc1)C(=O)N1CCC(F)CC1	3.154901959985743	<rdkit.Chem.rdchem.Mol object at 0x7f870f935e70>
318	CHEMBL99111	nM	125000.0	N[C@@H](CCNCc1ccncc1)C(=O)N1CCCCC1	2.9030899869919438	<rdkit.Chem.rdchem.Mol object at 0x7f870f935ee0>
319	CHEMBL319350	nM	13000.0	N#CC1CCCCN1C(=O)[C@@H](N)CCNCc1ccc(Cl)cc1	3.886056647693163	<rdkit.Chem.rdchem.Mol object at 0x7f870f935f50>
320	CHEMBL100370	nM	148000.0	N[C@@H](CCNCc1ccc(Cl)cc1)C(=O)N1CC=CCC1	2.8297382846050425	<rdkit.Chem.rdchem.Mol object at 0x7f870f935fc0>
321	CHEMBL99047	nM	417000.0	COc1ccc(CNCC[C@H](N)C(=O)N2CCCCC2)cc1	2.3798639450262424	<rdkit.Chem.rdchem.Mol object at 0x7f870f936030>
322	CHEMBL97970	nM	266000.0	N[C@@H](CCN(Cc1ccccc1)Cc1ccccc1)C(=O)N1CCCCC1	2.575118363368933	<rdkit.Chem.rdchem.Mol object at 0x7f870f9360a0>
323	CHEMBL328197	nM	64000.0	N[C@@H](CCNC1CCNCC1)C(=O)N1CCCCC1	3.193820026016113	<rdkit.Chem.rdchem.Mol object at 0x7f870f936110>
324	CHEMBL320672	nM	151000.0	N#C[C@@H]1CCCCN1C(=O)[C@@H](N)CCN	2.8210230527068307	<rdkit.Chem.rdchem.Mol object at 0x7f870f936180>
325	CHEMBL316487	nM	56000.0	N[C@@H](CCNc1ncccc1[N+](=O)[O-])C(=O)N1CCCCC1	3.2518119729937993	<rdkit.Chem.rdchem.Mol object at 0x7f870f9361f0>
326	CHEMBL418788	nM	205000.0	N#Cc1ccc(NCC[C@H](N)C(=O)N2CCCCC2)nc1	2.688246138944246	<rdkit.Chem.rdchem.Mol object at 0x7f870f936260>
327	CHEMBL99263	nM	247000.0	N[C@@H](CCNCc1ccccc1)C(=O)N1CCCCC1	2.607303046740334	<rdkit.Chem.rdchem.Mol object at 0x7f870f9362d0>
328	CHEMBL98060	nM	500000.0	N[C@@H](CCNCc1ccc(Cl)cc1)C(=O)N1CCCC(F)C1	2.3010299956639813	<rdkit.Chem.rdchem.Mol object at 0x7f870f936340>
329	CHEMBL97884	nM	301000.0	N[C@@H](CCNCc1cccc2ccccc12)C(=O)N1CCCCC1	2.5214335044061564	<rdkit.Chem.rdchem.Mol object at 0x7f870f9363b0>
330	CHEMBL98762	nM	345000.0	N[C@@H](CCNCc1ccccc1Cl)C(=O)N1CCCCC1	2.462180904926726	<rdkit.Chem.rdchem.Mol object at 0x7f870f936420>
331	CHEMBL97977	nM	496000.0	N[C@@H](CCNCC1CCCCC1)C(=O)N1CCCCC1	2.3045183235098023	<rdkit.Chem.rdchem.Mol object at 0x7f870f936490>
332	CHEMBL99247	nM	192000.0	N[C@@H](CCNCc1ccc(OCc2ccccc2)cc1)C(=O)N1CCCCC1	2.7166987712964503	<rdkit.Chem.rdchem.Mol object at 0x7f870f936500>
333	CHEMBL98869	nM	172257.0383372376	N[C@@H](CCNCc1ccc(Cl)cc1)C(=O)N1CCCCC1	2.7638230240004504	<rdkit.Chem.rdchem.Mol object at 0x7f870f936570>
334	CHEMBL329314	nM	68000.0	N#CC1CCCCN1C(=O)[C@@H](N)CCNCc1ccccc1	3.167491087293764	<rdkit.Chem.rdchem.Mol object at 0x7f870f9365e0>
335	CHEMBL318670	nM	418000.0	N[C@@H](CCNC(=O)c1ccccc1)C(=O)N1CCCCC1	2.378823718224965	<rdkit.Chem.rdchem.Mol object at 0x7f870f936650>
336	CHEMBL317312	nM	188000.0	N[C@@H](CCNCCc1ccccc1)C(=O)N1CCCCC1	2.72584215073632	<rdkit.Chem.rdchem.Mol object at 0x7f870f9366c0>
337	CHEMBL327499	nM	250000.0	COc1cccc(CNCC[C@H](N)C(=O)N2CCCCC2)c1	2.6020599913279625	<rdkit.Chem.rdchem.Mol object at 0x7f870f936730>
338	CHEMBL101401	nM	545000.0	NC(N)=NCC[C@H](N)C(=O)N1CCCCC1	2.2636034977233574	<rdkit.Chem.rdchem.Mol object at 0x7f870f9367a0>
339	CHEMBL317949	nM	186000.0	N[C@@H](CCNCc1cccc(Cl)c1)C(=O)N1CCCCC1	2.7304870557820835	<rdkit.Chem.rdchem.Mol object at 0x7f870f936810>
340	CHEMBL37260	nM	5700.0	N[C@@H](Cc1c[nH]c2ccccc12)C(=O)N1Cc2ccccc2C[C@H]1C(=O)O	4.2441251443275085	<rdkit.Chem.rdchem.Mol object at 0x7f870f936880>
341	CHEMBL290598	nM	7000.0	N[C@@H](Cc1c[nH]c2ccccc12)C(=O)N1Cc2ccccc2C[C@H]1C(=O)N[C@@H](CCC(=O)O)C(=O)O	4.154901959985743	<rdkit.Chem.rdchem.Mol object at 0x7f870f9368f0>
342	CHEMBL432081	nM	7900.0	N[C@@H](Cc1c[nH]c2ccccc12)C(=O)N1Cc2ccccc2C[C@H]1C(=O)N[C@@H](CO)C(=O)O	4.102372908709558	<rdkit.Chem.rdchem.Mol object at 0x7f870f936960>
343	CHEMBL177746	nM	148000.0	O=C(CNC1CCCCC1)N1CCCC1	2.8297382846050425	<rdkit.Chem.rdchem.Mol object at 0x7f870f9369d0>
344	CHEMBL175260	nM	1000000.0	O=C(CNCc1ccccc1)N1CCCC1	2.0	<rdkit.Chem.rdchem.Mol object at 0x7f870f936a40>
345	CHEMBL177980	nM	12000.0	N#CC1CCC/C1=C(/F)CNC12CC3CC(CC(C3)C1)C2	3.9208187539523753	<rdkit.Chem.rdchem.Mol object at 0x7f870f936ab0>
346	CHEMBL180514	nM	15000.0	N#CC1CCC/C1=C(\F)CNC12CC3CC(CC(C3)C1)C2	3.8239087409443187	<rdkit.Chem.rdchem.Mol object at 0x7f870f936b20>
347	CHEMBL175034	nM	2130.0	N#C[C@@H]1CCCC1C(=O)CNCCc1ccccc1	4.671620396561262	<rdkit.Chem.rdchem.Mol object at 0x7f870f936b90>
348	CHEMBL179771	nM	350.0	N#C[C@@H]1CCCC1C(=O)CNC12CC3CC(CC(C3)C1)C2	5.455931955649724	<rdkit.Chem.rdchem.Mol object at 0x7f870f936c00>
349	CHEMBL179687	nM	3700.0	N#C[C@@H]1CCCC1C(=O)CNCc1ccc(F)cc1	4.431798275933005	<rdkit.Chem.rdchem.Mol object at 0x7f870f936c70>
350	CHEMBL537625	nM	455.0	Cl.N[C@@H](CC(=O)N1CCn2cnnc2C1)Cc1ccc(F)c(F)c1	5.341988603342887	<rdkit.Chem.rdchem.Mol object at 0x7f870f936ce0>
351	CHEMBL537844	nM	231.0	CCc1nnc2n1CCN(C(=O)C[C@H](N)Cc1ccc(F)c(F)c1)C2.Cl	5.636388020107856	<rdkit.Chem.rdchem.Mol object at 0x7f870f936d50>
352	CHEMBL558196	nM	128.0	Cl.N[C@@H](CC(=O)N1CCn2c(nnc2C(F)(F)F)C1)Cc1ccc(F)c(F)c1	5.892790030352131	<rdkit.Chem.rdchem.Mol object at 0x7f870f936dc0>
353	CHEMBL537400	nM	27.0	Cl.N[C@@H](CC(=O)N1CCn2c(nnc2C(F)(F)F)C1)Cc1cc(F)ccc1F	6.568636235841013	<rdkit.Chem.rdchem.Mol object at 0x7f870f936e30>
354	CHEMBL539077	nM	17.999999999999996	Cl.N[C@@H](CC(=O)N1CCn2c(nnc2C(F)(F)F)C1)Cc1cc(F)c(F)cc1F	6.744727494896694	<rdkit.Chem.rdchem.Mol object at 0x7f870f936ea0>
355	CHEMBL557187	nM	68.0	Cl.N[C@@H](CC(=O)N1CCn2cnnc2C1)Cc1cc(F)c(F)cc1F	6.167491087293763	<rdkit.Chem.rdchem.Mol object at 0x7f870f936f10>
356	CHEMBL558585	nM	71.0	Cl.N[C@@H](CC(=O)N1CCn2c(nnc2C(F)(F)C(F)(F)F)C1)Cc1cc(F)c(F)cc1F	6.1487416512809245	<rdkit.Chem.rdchem.Mol object at 0x7f870f936f80>
357	CHEMBL559011	nM	103.0	Cl.N[C@@H](CC(=O)N1CCn2c(nnc2C(F)(F)C(F)(F)F)C1)Cc1cc(F)ccc1F	5.987162775294828	<rdkit.Chem.rdchem.Mol object at 0x7f870f936ff0>
358	CHEMBL175872	nM	138.99999999999997	N[C@@H](CC(=O)N1CCNC[C@H]1Cc1ccccc1)Cc1ccccc1F	5.856985199745905	<rdkit.Chem.rdchem.Mol object at 0x7f870f937060>
359	CHEMBL366549	nM	3100.0	N[C@@H](CC(=O)N1CCNCC1)Cc1ccc(F)c(F)c1	4.508638306165727	<rdkit.Chem.rdchem.Mol object at 0x7f870f9370d0>
360	CHEMBL440021	nM	15000.0	N[C@H](C(=O)N1Cc2ccccc2C1)C1CCCCC1	3.8239087409443187	<rdkit.Chem.rdchem.Mol object at 0x7f870f937140>
361	CHEMBL179289	nM	98.99999999999999	N#C[C@@H]1CCCN1C(=O)[C@@H](N)CC(=O)N1CCc2ccccc2C1	6.00436480540245	<rdkit.Chem.rdchem.Mol object at 0x7f870f9371b0>
362	CHEMBL362018	nM	227.00000000000006	N#C[C@@H]1CCCN1C(=O)[C@@H](N)CC(=O)N1CCN(C(c2ccc(F)cc2)c2ccc(F)cc2)CC1	5.6439741428068775	<rdkit.Chem.rdchem.Mol object at 0x7f870f937220>
363	CHEMBL180000	nM	13000.0	N#C[C@@H]1Cc2ccccc2CN1C(=O)[C@@H](N)Cc1c[nH]c2ccccc12	3.886056647693163	<rdkit.Chem.rdchem.Mol object at 0x7f870f937290>
364	CHEMBL361863	nM	31000.0	N[C@H](C(=O)N1CCCCC1)C1CCCCC1	3.5086383061657274	<rdkit.Chem.rdchem.Mol object at 0x7f870f937300>
365	CHEMBL184262	nM	2999.9999999999977	N[C@@H](CC(=O)N1CCSC1)Cc1ccccc1	4.522878745280338	<rdkit.Chem.rdchem.Mol object at 0x7f870f937370>
366	CHEMBL362364	nM	16480.0	N[C@H](CCc1ccccc1)CC(=O)N1CCSC1	3.783042792638903	<rdkit.Chem.rdchem.Mol object at 0x7f870f9373e0>
367	CHEMBL185020	nM	39640.0	N[C@@H](CC(=O)N1CCSC1)Cc1ccccn1	3.401866354186762	<rdkit.Chem.rdchem.Mol object at 0x7f870f937450>
368	CHEMBL185332	nM	44860.0	N[C@@H](CC(=O)N1CCSC1)Cc1cccnc1	3.348140730753051	<rdkit.Chem.rdchem.Mol object at 0x7f870f9374c0>
369	CHEMBL183947	nM	51000.0	N[C@@H](CC(=O)N1CCSC1)Cc1ccncc1	3.2924298239020637	<rdkit.Chem.rdchem.Mol object at 0x7f870f937530>
370	CHEMBL183517	nM	5700.0	N[C@@H](CC(=O)N1CCSC1)Cc1ccsc1	4.2441251443275085	<rdkit.Chem.rdchem.Mol object at 0x7f870f9375a0>
371	CHEMBL181239	nM	46910.0	N[C@@H](CC(=O)N1CCSC1)Cc1ccoc1	3.3287345670528414	<rdkit.Chem.rdchem.Mol object at 0x7f870f937610>
372	CHEMBL182168	nM	27470.0	N[C@@H](CC(=O)N1CCSC1)CC1CCCC1	3.561141340579438	<rdkit.Chem.rdchem.Mol object at 0x7f870f937680>
373	CHEMBL362140	nM	33000.0	N[C@@H](CC(=O)N1CCSC1)CC1CCCCC1	3.4814860601221125	<rdkit.Chem.rdchem.Mol object at 0x7f870f9376f0>
374	CHEMBL186611	nM	1040.0	N[C@@H](CC(=O)N1CCCC[C@H]1Cc1ccccc1)Cc1ccccc1F	4.982966660701219	<rdkit.Chem.rdchem.Mol object at 0x7f870f937760>
375	CHEMBL184624	nM	3699.9999999999995	N[C@@H](CC(=O)N1CCNCC1)Cc1ccccc1F	4.431798275933005	<rdkit.Chem.rdchem.Mol object at 0x7f870f9377d0>
376	CHEMBL264551	nM	1600.0	C[C@@H]1CNCCN1C(=O)C[C@H](N)Cc1ccccc1F	4.795880017344075	<rdkit.Chem.rdchem.Mol object at 0x7f870f937840>
377	CHEMBL360488	nM	922.0	CC(C)[C@@H]1CNCCN1C(=O)C[C@H](N)Cc1ccccc1F	5.035269078946371	<rdkit.Chem.rdchem.Mol object at 0x7f870f9378b0>
378	CHEMBL182861	nM	610.0	N[C@@H](CC(=O)N1CCNC[C@H]1c1ccc(F)cc1)Cc1ccccc1F	5.214670164989233	<rdkit.Chem.rdchem.Mol object at 0x7f870f937920>
379	CHEMBL185482	nM	143.0	N[C@@H](CC(=O)N1CCNC[C@H]1Cc1cscn1)Cc1ccccc1F	5.844663962534939	<rdkit.Chem.rdchem.Mol object at 0x7f870f937990>
380	CHEMBL184808	nM	155.0	N[C@@H](CC(=O)N1CCNC[C@H]1Cc1cccnc1)Cc1ccccc1F	5.809668301829708	<rdkit.Chem.rdchem.Mol object at 0x7f870f937a00>
381	CHEMBL184902	nM	166.0	N[C@@H](CC(=O)N1CCNC[C@H]1Cc1ccc(F)cc1)Cc1ccccc1F	5.779891911959945	<rdkit.Chem.rdchem.Mol object at 0x7f870f937a70>
382	CHEMBL369738	nM	51.0	N[C@@H](CC(=O)N1CCNC[C@H]1Cc1ccccc1)Cc1cc(F)ccc1F	6.292429823902063	<rdkit.Chem.rdchem.Mol object at 0x7f870f937ae0>
383	CHEMBL184636	nM	18.999999999999996	N[C@@H](CC(=O)N1CCNC[C@H]1Cc1ccccc1)Cc1cc(F)c(F)cc1F	6.721246399047171	<rdkit.Chem.rdchem.Mol object at 0x7f870f937b50>
384	CHEMBL186877	nM	0.1	COc1cc(OC)cc(-c2nc(-c3ccc(Cl)cc3Cl)c(CN(C)C)c(N(C)C)n2)c1	9.0	<rdkit.Chem.rdchem.Mol object at 0x7f870f937bc0>
385	CHEMBL184738	nM	1900.0000000000005	N[C@@H](CC(=O)N1CCC[C@H]1C(=O)NCc1cc(Cl)ccc1OCC(=O)NC1CC1)Cc1ccccc1	4.721246399047171	<rdkit.Chem.rdchem.Mol object at 0x7f870f937c30>
386	CHEMBL187118	nM	931.0	N[C@@H](CC(=O)N1CCSC1)Cc1ccccc1F	5.031050319018657	<rdkit.Chem.rdchem.Mol object at 0x7f870f937ca0>
387	CHEMBL185351	nM	981.0	Cc1ccccc1C[C@@H](N)CC(=O)N1CCSC1	5.008330992620051	<rdkit.Chem.rdchem.Mol object at 0x7f870f937d10>
388	CHEMBL185121	nM	2519.0	N#Cc1ccccc1C[C@@H](N)CC(=O)N1CCSC1	4.598771832501887	<rdkit.Chem.rdchem.Mol object at 0x7f870f937d80>
389	CHEMBL185601	nM	2263.0	N[C@@H](CC(=O)N1CCSC1)Cc1ccccc1C(F)(F)F	4.645315446045271	<rdkit.Chem.rdchem.Mol object at 0x7f870f937df0>
390	CHEMBL182544	nM	2026.0	N[C@@H](CC(=O)N1CCSC1)Cc1cccc(F)c1	4.693360558975739	<rdkit.Chem.rdchem.Mol object at 0x7f870f937e60>
391	CHEMBL405786	nM	8951.0	N#Cc1cccc(C[C@@H](N)CC(=O)N2CCSC2)c1	4.0481284428716355	<rdkit.Chem.rdchem.Mol object at 0x7f870f937ed0>
392	CHEMBL185538	nM	3611.0	N[C@@H](CC(=O)N1CCSC1)Cc1cccc(C(F)(F)F)c1	4.442372511573174	<rdkit.Chem.rdchem.Mol object at 0x7f870f937f40>
393	CHEMBL363879	nM	3279.0	N[C@@H](CC(=O)N1CCSC1)Cc1ccc(F)cc1	4.484258583330635	<rdkit.Chem.rdchem.Mol object at 0x7f870f938040>
394	CHEMBL184442	nM	3028.0	N[C@@H](CC(=O)N1CCSC1)Cc1ccc(Cl)cc1	4.518844129171965	<rdkit.Chem.rdchem.Mol object at 0x7f870f9380b0>
395	CHEMBL366278	nM	10700.0	N[C@@H](CC(=O)N1CCSC1)Cc1ccc(I)cc1	3.9706162223147903	<rdkit.Chem.rdchem.Mol object at 0x7f870f938120>
396	CHEMBL184259	nM	7688.0	N[C@@H](CC(=O)N1CCSC1)Cc1ccc(C(F)(F)F)cc1	4.114186625339511	<rdkit.Chem.rdchem.Mol object at 0x7f870f938190>
397	CHEMBL365066	nM	14860.0	N#Cc1ccc(C[C@@H](N)CC(=O)N2CCSC2)cc1	3.8279811905754437	<rdkit.Chem.rdchem.Mol object at 0x7f870f938200>
398	CHEMBL184937	nM	1552.0	N[C@@H](CC(=O)N1CCSC1)Cc1ccc([N+](=O)[O-])cc1	4.809108283077831	<rdkit.Chem.rdchem.Mol object at 0x7f870f938270>
399	CHEMBL184986	nM	1700.0	N[C@@H](CC(=O)N1CCSC1)Cc1ccc(F)c(F)c1	4.769551078621726	<rdkit.Chem.rdchem.Mol object at 0x7f870f9382e0>
400	CHEMBL184961	nM	9400.0	N[C@@H](CC(=O)N1CCSC1)Cc1cccc(F)c1F	4.026872146400302	<rdkit.Chem.rdchem.Mol object at 0x7f870f938350>
401	CHEMBL184912	nM	589.0	N[C@@H](CC(=O)N1CCSC1)Cc1ccc(F)cc1F	5.229884705212898	<rdkit.Chem.rdchem.Mol object at 0x7f870f9383c0>
402	CHEMBL433572	nM	270.00000000000006	N[C@@H](CC(=O)N1CCSC1)Cc1cc(F)ccc1F	5.568636235841012	<rdkit.Chem.rdchem.Mol object at 0x7f870f938430>
403	CHEMBL360396	nM	8476.0	N[C@@H](CC(=O)N1CCSC1)Cc1c(F)cccc1F	4.071809051961243	<rdkit.Chem.rdchem.Mol object at 0x7f870f9384a0>
404	CHEMBL184928	nM	2026.0	N[C@@H](CC(=O)N1CCSC1)Cc1ccc(Cl)c(Cl)c1	4.693360558975739	<rdkit.Chem.rdchem.Mol object at 0x7f870f938510>
405	CHEMBL363319	nM	119.00000000000003	N[C@@H](CC(=O)N1CCSC1)Cc1cc(F)c(F)cc1F	5.924453038607469	<rdkit.Chem.rdchem.Mol object at 0x7f870f938580>
406	CHEMBL186032	nM	10999.999999999998	CS(=O)(=O)Nc1cccc(NC(=O)CN2CCN(C[C@@H](N)Cc3ccccc3)C(Cc3ccccc3)C2)c1	3.958607314841775	<rdkit.Chem.rdchem.Mol object at 0x7f870f9385f0>
407	CHEMBL184040	nM	133.99999999999997	CS(=O)(=O)Nc1cccc(NC(=O)CN2CCN(C(=O)C[C@H](N)Cc3ccccc3)C(Cc3ccccc3)C2)c1	5.872895201635193	<rdkit.Chem.rdchem.Mol object at 0x7f870f938660>
408	CHEMBL263946	nM	44.0	CS(=O)(=O)Nc1cccc(NC(=O)CN2CCN(C(=O)C[C@H](N)Cc3ccc(F)c(F)c3)C(Cc3ccccc3)C2)c1	6.356547323513812	<rdkit.Chem.rdchem.Mol object at 0x7f870f9386d0>
409	CHEMBL187293	nM	34.0	CS(=O)(=O)Nc1cccc(NC(=O)CN2CCN(C(=O)C[C@H](N)Cc3ccccc3F)C(Cc3ccccc3)C2)c1	6.468521082957745	<rdkit.Chem.rdchem.Mol object at 0x7f870f938740>
410	CHEMBL365414	nM	35000.0	CS(=O)(=O)Nc1cccc(NC(=O)CN2CCN(C(=O)C[C@@H](N)Cc3ccccc3)C(Cc3ccccc3)C2)c1	3.4559319556497243	<rdkit.Chem.rdchem.Mol object at 0x7f870f9387b0>
411	CHEMBL184672	nM	36000.0	CS(=O)(=O)Nc1cccc(NC(=O)CN2CCN(C(=O)C[C@@H](N)Cc3ccc(F)c(F)c3)C(Cc3ccccc3)C2)c1	3.4436974992327127	<rdkit.Chem.rdchem.Mol object at 0x7f870f938820>
412	CHEMBL362538	nM	19000.0	CS(=O)(=O)Nc1cccc(NC(=O)CN2CCN(C(=O)C[C@@H](N)Cc3ccccc3F)C(Cc3ccccc3)C2)c1	3.721246399047171	<rdkit.Chem.rdchem.Mol object at 0x7f870f938890>
413	CHEMBL360425	nM	30.0	CS(=O)(=O)Nc1cccc(NC(=O)CN2CCN(C(=O)C[C@H](N)Cc3ccc(F)c(F)c3)[C@H](Cc3ccccc3)C2)c1	6.522878745280337	<rdkit.Chem.rdchem.Mol object at 0x7f870f938900>
414	CHEMBL183207	nM	13.999999999999996	CS(=O)(=O)Nc1cccc(NC(=O)CN2CCN(C(=O)C[C@H](N)Cc3ccccc3F)[C@H](Cc3ccccc3)C2)c1	6.853871964321762	<rdkit.Chem.rdchem.Mol object at 0x7f870f938970>
415	CHEMBL360167	nM	1100.0	CS(=O)(=O)Nc1cccc(NC(=O)CN2CCN(C(=O)C[C@H](N)Cc3ccc(F)c(F)c3)[C@@H](Cc3ccccc3)C2)c1	4.958607314841775	<rdkit.Chem.rdchem.Mol object at 0x7f870f9389e0>
416	CHEMBL364385	nM	690.0	CS(=O)(=O)Nc1cccc(NC(=O)CN2CCN(C(=O)C[C@H](N)Cc3ccccc3F)[C@@H](Cc3ccccc3)C2)c1	5.161150909262744	<rdkit.Chem.rdchem.Mol object at 0x7f870f938a50>
417	CHEMBL184380	nM	405.0	N[C@@H](CC(=O)N1CCN(Cc2ccccc2)C[C@H]1Cc1ccccc1)Cc1ccccc1F	5.392544976785332	<rdkit.Chem.rdchem.Mol object at 0x7f870f938ac0>
418	CHEMBL185067	nM	114.0	NC(=O)CN1CCN(C(=O)C[C@H](N)Cc2ccccc2F)[C@H](Cc2ccccc2)C1	5.943095148663527	<rdkit.Chem.rdchem.Mol object at 0x7f870f938b30>
419	CHEMBL184071	nM	225.0	CN1CCN(C(=O)C[C@H](N)Cc2ccccc2F)[C@H](Cc2ccccc2)C1	5.647817481888637	<rdkit.Chem.rdchem.Mol object at 0x7f870f938ba0>
420	CHEMBL186610	nM	108.0	N[C@@H](CC(=O)N1CCOC[C@H]1Cc1ccccc1)Cc1ccccc1F	5.966576244513051	<rdkit.Chem.rdchem.Mol object at 0x7f870f938c10>
421	CHEMBL366290	nM	0.3	CC(C)[C@H](Oc1ccc(CNC(=O)[C@@H]2CSCN2C(=O)CC(N)Cc2cc(F)ccc2F)cc1)C(=O)O.O=C(O)C(F)(F)F	8.522878745280337	<rdkit.Chem.rdchem.Mol object at 0x7f870f938c80>
422	CHEMBL183418	nM	7200.0	CC(C)[C@@H](Oc1ccc(CNC(=O)[C@@H]2CCCN2C(=O)C(N)C2CCCCC2)cc1)C(=O)O.O=C(O)C(F)(F)F	4.142667503568732	<rdkit.Chem.rdchem.Mol object at 0x7f870f938cf0>
423	CHEMBL186649	nM	1900.0	NC(CC(=O)N1CCC[C@H]1C(=O)NCc1cc(Cl)ccc1OCC(=O)NC1CC1)Cc1ccccc1	4.721246399047171	<rdkit.Chem.rdchem.Mol object at 0x7f870f938d60>
424	CHEMBL365875	nM	3600.0	NC(C(=O)N1CCC[C@H]1C(=O)NCc1ccccc1C(=O)O)C1CCCCC1.O=C(O)C(F)(F)F	4.443697499232712	<rdkit.Chem.rdchem.Mol object at 0x7f870f938dd0>
425	CHEMBL365834	nM	3300.0	NC(C(=O)N1CCC[C@H]1C(=O)NCc1cccc(C(=O)O)c1)C1CCCCC1.O=C(O)C(F)(F)F	4.481486060122112	<rdkit.Chem.rdchem.Mol object at 0x7f870f938e40>
426	CHEMBL187699	nM	4200.0	NC(C(=O)N1CCC[C@H]1C(=O)NCc1ccc(C(=O)O)cc1)C1CCCCC1.O=C(O)C(F)(F)F	4.376750709602099	<rdkit.Chem.rdchem.Mol object at 0x7f870f938eb0>
427	CHEMBL183098	nM	1200.0	NC(CC(=O)N1CCC[C@H]1C(=O)NCc1ccccc1C(=O)O)Cc1ccccc1.O=C(O)C(F)(F)F	4.920818753952375	<rdkit.Chem.rdchem.Mol object at 0x7f870f938f20>
428	CHEMBL184593	nM	1200.0	NC(CC(=O)N1CCC[C@H]1C(=O)NCc1cccc(C(=O)O)c1)Cc1ccccc1.O=C(O)C(F)(F)F	4.920818753952375	<rdkit.Chem.rdchem.Mol object at 0x7f870f938f90>
429	CHEMBL425347	nM	510.0	NC(CC(=O)N1CCC[C@H]1C(=O)NCc1ccc(C(=O)O)cc1)Cc1ccccc1.O=C(O)C(F)(F)F	5.292429823902063	<rdkit.Chem.rdchem.Mol object at 0x7f870f939000>
430	CHEMBL182223	nM	75.0	NC(CC(=O)N1CCC[C@H]1C(=O)NCc1ccc(C(=O)O)cc1)Cc1ccc(F)c(F)c1.O=C(O)C(F)(F)F	6.1249387366083	<rdkit.Chem.rdchem.Mol object at 0x7f870f939070>
431	CHEMBL366049	nM	54.0	NC(CC(=O)N1CCC[C@H]1C(=O)NCc1ccc(C(=O)O)cc1)Cc1ccccc1F.O=C(O)C(F)(F)F	6.267606240177032	<rdkit.Chem.rdchem.Mol object at 0x7f870f9390e0>
432	CHEMBL186596	nM	539.0	NC(CC(=O)N1CCC[C@H]1C(=O)NCc1ccccc1)Cc1ccccc1F.O=C(O)C(F)(F)F	5.268411234813262	<rdkit.Chem.rdchem.Mol object at 0x7f870f939150>
433	CHEMBL435882	nM	721.0	NC(CC(=O)N1CCC[C@H]1C(=O)NCc1ccc(C(F)(F)F)cc1)Cc1ccccc1F.O=C(O)C(F)(F)F	5.142064735280571	<rdkit.Chem.rdchem.Mol object at 0x7f870f9391c0>
434	CHEMBL185244	nM	170.0	COC(=O)Cc1ccc(CNC(=O)[C@@H]2CCCN2C(=O)CC(N)Cc2ccccc2F)cc1.O=C(O)C(F)(F)F	5.769551078621726	<rdkit.Chem.rdchem.Mol object at 0x7f870f939230>
435	CHEMBL184346	nM	39.0	NC(CC(=O)N1CCC[C@H]1C(=O)NCCCCc1nn[nH]n1)Cc1ccccc1F.O=C(O)C(F)(F)F	6.4089353929735005	<rdkit.Chem.rdchem.Mol object at 0x7f870f9392a0>
436	CHEMBL361263	nM	1640.0	NC(CC(=O)N1CCC[C@H]1C(=O)NCCCCc1c[nH]cn1)Cc1ccccc1F.O=C(O)C(F)(F)F	4.785156151952302	<rdkit.Chem.rdchem.Mol object at 0x7f870f939310>
437	CHEMBL186787	nM	118.0	NC(CC(=O)N1CCC[C@H]1C(=O)NCc1ccc(OCC(=O)O)cc1)Cc1ccccc1F.O=C(O)C(F)(F)F	5.928117992693875	<rdkit.Chem.rdchem.Mol object at 0x7f870f939380>
438	CHEMBL183736	nM	18.0	CC(Oc1ccc(CNC(=O)[C@@H]2CCCN2C(=O)CC(N)Cc2ccccc2F)cc1)C(=O)O.O=C(O)C(F)(F)F	6.7447274948966935	<rdkit.Chem.rdchem.Mol object at 0x7f870f9393f0>
439	CHEMBL365010	nM	7.1	CCC(Oc1ccc(CNC(=O)[C@@H]2CCCN2C(=O)CC(N)Cc2ccccc2F)cc1)C(=O)O.O=C(O)C(F)(F)F	7.1487416512809245	<rdkit.Chem.rdchem.Mol object at 0x7f870f939460>
440	CHEMBL365836	nM	10.0	CCCC(Oc1ccc(CNC(=O)[C@@H]2CCCN2C(=O)CC(N)Cc2ccccc2F)cc1)C(=O)O.O=C(O)C(F)(F)F	7.0	<rdkit.Chem.rdchem.Mol object at 0x7f870f9394d0>
441	CHEMBL365837	nM	3.7	CC(C)C(Oc1ccc(CNC(=O)[C@@H]2CCCN2C(=O)CC(N)Cc2ccccc2F)cc1)C(=O)O.O=C(O)C(F)(F)F	7.431798275933005	<rdkit.Chem.rdchem.Mol object at 0x7f870f939540>
442	CHEMBL365838	nM	5.1	CCCCC(Oc1ccc(CNC(=O)[C@@H]2CCCN2C(=O)CC(N)Cc2ccccc2F)cc1)C(=O)O.O=C(O)C(F)(F)F	7.292429823902063	<rdkit.Chem.rdchem.Mol object at 0x7f870f9395b0>
443	CHEMBL187963	nM	82.0	C[C@@H](Oc1ccc(CNC(=O)[C@@H]2CCCN2C(=O)CC(N)Cc2ccccc2F)cc1)C(=O)O.O=C(O)C(F)(F)F	6.086186147616283	<rdkit.Chem.rdchem.Mol object at 0x7f870f939620>
444	CHEMBL366286	nM	12.0	C[C@H](Oc1ccc(CNC(=O)[C@@H]2CCCN2C(=O)CC(N)Cc2ccccc2F)cc1)C(=O)O.O=C(O)C(F)(F)F	6.920818753952375	<rdkit.Chem.rdchem.Mol object at 0x7f870f939690>
445	CHEMBL365231	nM	13.0	CC(C)[C@@H](Oc1ccc(CNC(=O)[C@@H]2CCCN2C(=O)CC(N)Cc2ccccc2F)cc1)C(=O)O.O=C(O)C(F)(F)F	6.886056647693163	<rdkit.Chem.rdchem.Mol object at 0x7f870f939700>
446	CHEMBL364100	nM	1.8	CC(C)[C@H](Oc1ccc(CNC(=O)[C@@H]2CCCN2C(=O)CC(N)Cc2ccccc2F)cc1)C(=O)O.O=C(O)C(F)(F)F	7.7447274948966935	<rdkit.Chem.rdchem.Mol object at 0x7f870f939770>
447	CHEMBL364101	nM	18.0	CC(C)[C@@H](Oc1ccc(CNC(=O)[C@@H]2CCCN2C(=O)CC(N)Cc2ccccc2)cc1)C(=O)O.O=C(O)C(F)(F)F	6.7447274948966935	<rdkit.Chem.rdchem.Mol object at 0x7f870f9397e0>
448	CHEMBL364102	nM	0.48	CC(C)[C@@H](Oc1ccc(CNC(=O)[C@@H]2CCCN2C(=O)CC(N)Cc2cc(F)ccc2F)cc1)C(=O)O.O=C(O)C(F)(F)F	8.318758762624412	<rdkit.Chem.rdchem.Mol object at 0x7f870f939850>
449	CHEMBL364103	nM	1.6	CC(C)[C@@H](Oc1ccc(CNC(=O)[C@@H]2CCCN2C(=O)CC(N)Cc2cc(F)c(F)cc2F)cc1)C(=O)O.O=C(O)C(F)(F)F	7.795880017344075	<rdkit.Chem.rdchem.Mol object at 0x7f870f9398c0>
450	CHEMBL183289	nM	8.2	CC(C)[C@@H](Oc1ccc(CNC(=O)[C@@H]2CCCN2C(=O)CC(N)Cc2c(F)c(F)c(F)c(F)c2F)cc1)C(=O)O.O=C(O)C(F)(F)F	7.086186147616283	<rdkit.Chem.rdchem.Mol object at 0x7f870f939930>
451	CHEMBL364140	nM	0.83	CC(C)[C@@H](Oc1ccc(CNC(=O)[C@@H]2CCCN2C(=O)CC(N)Cc2ccc(C(F)(F)F)cc2F)cc1)C(=O)O.O=C(O)C(F)(F)F	8.080921907623926	<rdkit.Chem.rdchem.Mol object at 0x7f870f9399a0>
452	CHEMBL184177	nM	9.5	CC(C)[C@@H](Oc1ccc(CNC(=O)[C@@H]2CCCN2C(=O)CC(N)Cc2cc(F)c(C(F)(F)F)cc2F)cc1)C(=O)O.O=C(O)C(F)(F)F	7.022276394711152	<rdkit.Chem.rdchem.Mol object at 0x7f870f939a10>
453	CHEMBL366047	nM	33.0	Cc1ccc(F)cc1CC(N)CC(=O)N1CCC[C@H]1C(=O)NCc1ccc(O[C@@H](C(=O)O)C(C)C)cc1.O=C(O)C(F)(F)F	6.481486060122113	<rdkit.Chem.rdchem.Mol object at 0x7f870f939a80>
454	CHEMBL366048	nM	1.7	CC(C)[C@@H](Oc1ccc(CNC(=O)[C@@H]2CCCN2C(=O)CC(N)Cc2ccc(F)cc2Cl)cc1)C(=O)O.O=C(O)C(F)(F)F	7.769551078621726	<rdkit.Chem.rdchem.Mol object at 0x7f870f939af0>
455	CHEMBL184527	nM	1.6	CC(C)[C@@H](Oc1ccc(CNC(=O)[C@@H]2CCCN2C(=O)CC(N)Cc2cc(Cl)ccc2F)cc1)C(=O)O.O=C(O)C(F)(F)F	7.795880017344075	<rdkit.Chem.rdchem.Mol object at 0x7f870f939b60>
456	CHEMBL184630	nM	12.0	CC(C)[C@@H](Oc1ccc(CNC(=O)[C@@H]2CCCN2C(=O)CC(N)Cc2cc(C(F)(F)F)ccc2F)cc1)C(=O)O.O=C(O)C(F)(F)F	6.920818753952375	<rdkit.Chem.rdchem.Mol object at 0x7f870f939bd0>
457	CHEMBL365280	nM	295.0	CC(C)[C@@H](Oc1ccc(CNC(=O)[C@@H]2CCCN2C(=O)CC(N)Cc2cccc(OC(F)(F)F)c2)cc1)C(=O)O.O=C(O)C(F)(F)F	5.530177984021837	<rdkit.Chem.rdchem.Mol object at 0x7f870f939c40>
458	CHEMBL451492	nM	161.0	NC(CC(=O)N1CSC[C@H]1C(=O)NCc1ccc(CC(=O)O)cc1)Cc1ccccc1.O=C(O)C(F)(F)F	5.79317412396815	<rdkit.Chem.rdchem.Mol object at 0x7f870f939cb0>
459	CHEMBL186482	nM	87.0	COC(=O)Cc1ccc(CNC(=O)[C@@H]2CSCN2C(=O)CC(N)Cc2ccccc2F)cc1.O=C(O)C(F)(F)F	6.060480747381382	<rdkit.Chem.rdchem.Mol object at 0x7f870f939d20>
460	CHEMBL183060	nM	37.0	NC(CC(=O)N1CSC[C@H]1C(=O)NCc1ccc(CC(=O)O)cc1)Cc1ccccc1F.O=C(O)C(F)(F)F	6.431798275933005	<rdkit.Chem.rdchem.Mol object at 0x7f870f939d90>
461	CHEMBL186566	nM	4.0	COc1ccc2c(c1)CN[C@H](C(=O)N1CCC[C@H]1C#N)C2	7.3979400086720375	<rdkit.Chem.rdchem.Mol object at 0x7f870f939e00>
462	CHEMBL365000	nM	4.999999999999999	CC(C)=CCn1c(N2CCCC(N)C2)nc2c1c(=O)n(CC(=O)c1ccccc1)c(=O)n2C	7.301029995663981	<rdkit.Chem.rdchem.Mol object at 0x7f870f939e70>
463	CHEMBL186406	nM	319.99999999999994	CCOC(=O)c1cnc(CN)c2c(OC)cc(OC)cc12	5.494850021680094	<rdkit.Chem.rdchem.Mol object at 0x7f870f939ee0>
464	CHEMBL186308	nM	250.0	CC(=O)Nc1ccc2c(=O)n(CC(C)C)c(CN)c(-c3ccccc3)c2c1	5.6020599913279625	<rdkit.Chem.rdchem.Mol object at 0x7f870f939f50>
465	CHEMBL363250	nM	7.0	CC(C)(C)[C@H](N)C(=O)N1CCC[C@H]1C#N	7.154901959985743	<rdkit.Chem.rdchem.Mol object at 0x7f870f939fc0>
466	CHEMBL189645	nM	980.0	N[C@@H](Cc1ccc(-c2ccc(F)cc2)cc1)C(=O)N1CC[C@H](F)C1.O=C(O)C(F)(F)F	5.008773924307505	<rdkit.Chem.rdchem.Mol object at 0x7f870f93a030>
467	CHEMBL189881	nM	63.99999999999998	C[C@@H](c1ccc(-c2ccc(F)cc2)cc1)[C@H](N)C(=O)N1CC[C@H](F)C1.O=C(O)C(F)(F)F	6.193820026016113	<rdkit.Chem.rdchem.Mol object at 0x7f870f93a0a0>
468	CHEMBL365567	nM	390.0	N[C@H](C(=O)N1CC[C@H](F)C1)[C@@H](CO)c1ccc(-c2ccc(F)cc2)cc1.O=C(O)C(F)(F)F	5.4089353929735005	<rdkit.Chem.rdchem.Mol object at 0x7f870f93a110>
469	CHEMBL189046	nM	1600.0	CN(C)C[C@@H](c1ccc(-c2ccc(F)cc2)cc1)[C@H](N)C(=O)N1CC[C@H](F)C1.O=C(O)C(F)(F)F	4.795880017344075	<rdkit.Chem.rdchem.Mol object at 0x7f870f93a180>
470	CHEMBL190031	nM	3500.0	N[C@H](C(=O)N1CC[C@H](F)C1)[C@@H](CN1CCCC1)c1ccc(-c2ccc(F)cc2)cc1.O=C(O)C(F)(F)F	4.455931955649724	<rdkit.Chem.rdchem.Mol object at 0x7f870f93a1f0>
471	CHEMBL191327	nM	6.6	N[C@H](C(=O)N1CC[C@H](F)C1)[C@@H](C(=O)O)c1ccc(-c2ccc(F)cc2)cc1.O=C(O)C(F)(F)F	7.180456064458132	<rdkit.Chem.rdchem.Mol object at 0x7f870f93a260>
472	CHEMBL372004	nM	220.0	COC(=O)[C@@H](c1ccc(-c2ccc(F)cc2)cc1)[C@H](N)C(=O)N1CC[C@H](F)C1.O=C(O)C(F)(F)F	5.657577319177793	<rdkit.Chem.rdchem.Mol object at 0x7f870f93a2d0>
473	CHEMBL191208	nM	110.0	NC(=O)[C@@H](c1ccc(-c2ccc(F)cc2)cc1)[C@H](N)C(=O)N1CC[C@H](F)C1.O=C(O)C(F)(F)F	5.958607314841775	<rdkit.Chem.rdchem.Mol object at 0x7f870f93a340>
474	CHEMBL190752	nM	37.0	CNC(=O)[C@@H](c1ccc(-c2ccc(F)cc2)cc1)[C@H](N)C(=O)N1CC[C@H](F)C1.O=C(O)C(F)(F)F	6.431798275933005	<rdkit.Chem.rdchem.Mol object at 0x7f870f93a3b0>
475	CHEMBL191067	nM	66.47619389451899	CN(C)C(=O)[C@@H](c1ccc(-c2ccc(F)cc2)cc1)[C@H](N)C(=O)N1CC[C@H](F)C1.O=C(O)C(F)(F)F	6.177333854114553	<rdkit.Chem.rdchem.Mol object at 0x7f870f93a420>
476	CHEMBL359581	nM	192.0	N[C@H](C(=O)N1CC[C@H](F)C1)[C@@H](Cn1cnnn1)c1ccc(-c2ccc(F)cc2)cc1.O=C(O)C(F)(F)F	5.71669877129645	<rdkit.Chem.rdchem.Mol object at 0x7f870f93a490>
477	CHEMBL189067	nM	110.0	CCNC(=O)[C@@H](c1ccc(-c2ccc(F)cc2)cc1)[C@H](N)C(=O)N1CC[C@H](F)C1.O=C(O)C(F)(F)F	5.958607314841775	<rdkit.Chem.rdchem.Mol object at 0x7f870f93a500>
478	CHEMBL188643	nM	99.0	CC(C)NC(=O)[C@@H](c1ccc(-c2ccc(F)cc2)cc1)[C@H](N)C(=O)N1CC[C@H](F)C1.O=C(O)C(F)(F)F	6.00436480540245	<rdkit.Chem.rdchem.Mol object at 0x7f870f93a570>
479	CHEMBL190788	nM	71.0	N[C@H](C(=O)N1CC[C@H](F)C1)[C@@H](C(=O)NC1CC1)c1ccc(-c2ccc(F)cc2)cc1.O=C(O)C(F)(F)F	6.1487416512809245	<rdkit.Chem.rdchem.Mol object at 0x7f870f93a5e0>
480	CHEMBL190593	nM	94.0	N[C@H](C(=O)N1CC[C@H](F)C1)[C@@H](C(=O)NCCO)c1ccc(-c2ccc(F)cc2)cc1.O=C(O)C(F)(F)F	6.026872146400302	<rdkit.Chem.rdchem.Mol object at 0x7f870f93a650>
481	CHEMBL188444	nM	11.0	N[C@H](C(=O)N1CC[C@H](F)C1)[C@@H](C(=O)Nn1cnnn1)c1ccc(-c2ccc(F)cc2)cc1.O=C(O)C(F)(F)F	6.958607314841775	<rdkit.Chem.rdchem.Mol object at 0x7f870f93a6c0>
482	CHEMBL425558	nM	20.0	CCN(C)C(=O)[C@@H](c1ccc(-c2ccc(F)cc2)cc1)[C@H](N)C(=O)N1CC[C@H](F)C1.O=C(O)C(F)(F)F	6.698970004336019	<rdkit.Chem.rdchem.Mol object at 0x7f870f93a730>
483	CHEMBL364939	nM	59.0	CCN(CC)C(=O)[C@@H](c1ccc(-c2ccc(F)cc2)cc1)[C@H](N)C(=O)N1CC[C@H](F)C1.O=C(O)C(F)(F)F	6.229147988357856	<rdkit.Chem.rdchem.Mol object at 0x7f870f93a7a0>
484	CHEMBL188043	nM	44.0	N[C@H](C(=O)N1CC[C@H](F)C1)[C@@H](C(=O)N1CCC1)c1ccc(-c2ccc(F)cc2)cc1.O=C(O)C(F)(F)F	6.356547323513812	<rdkit.Chem.rdchem.Mol object at 0x7f870f93a810>
485	CHEMBL191258	nM	9.2	N[C@H](C(=O)N1CC[C@H](F)C1)[C@@H](C(=O)N1CCCC1)c1ccc(-c2ccc(F)cc2)cc1.O=C(O)C(F)(F)F	7.036212172654444	<rdkit.Chem.rdchem.Mol object at 0x7f870f93a880>
486	CHEMBL370755	nM	45.0	CON(C)C(=O)[C@@H](c1ccc(-c2ccc(F)cc2)cc1)[C@H](N)C(=O)N1CC[C@H](F)C1.O=C(O)C(F)(F)F	6.346787486224656	<rdkit.Chem.rdchem.Mol object at 0x7f870f93a8f0>
487	CHEMBL371588	nM	67.0	CN(C)NC(=O)[C@@H](c1ccc(-c2ccc(F)cc2)cc1)[C@H](N)C(=O)N1CC[C@H](F)C1.O=C(O)C(F)(F)F	6.173925197299173	<rdkit.Chem.rdchem.Mol object at 0x7f870f93a960>
488	CHEMBL370509	nM	100.0	CN(C)C(=O)[C@@H](c1ccc(-c2ccc(F)cc2)cc1)[C@H](N)C(=O)N1CCC1.O=C(O)C(F)(F)F	6.0	<rdkit.Chem.rdchem.Mol object at 0x7f870f93a9d0>
489	CHEMBL363115	nM	17.0	CN(C)C(=O)[C@@H](c1ccc(-c2ccc(F)cc2)cc1)[C@H](N)C(=O)N1CC(F)C1.O=C(O)C(F)(F)F	6.769551078621726	<rdkit.Chem.rdchem.Mol object at 0x7f870f93aa40>
490	CHEMBL364355	nM	29.0	CN(C)C(=O)[C@@H](c1ccc(-c2ccc(F)cc2)cc1)[C@H](N)C(=O)N1CC(F)(F)C1.O=C(O)C(F)(F)F	6.5376020021010435	<rdkit.Chem.rdchem.Mol object at 0x7f870f93aab0>
491	CHEMBL190466	nM	7.5	CN(C)C(=O)[C@@H](c1ccc(-c2ccc(F)cc2)cc1)[C@H](N)C(=O)N1CCCC1.O=C(O)C(F)(F)F	7.1249387366083	<rdkit.Chem.rdchem.Mol object at 0x7f870f93ab20>
492	CHEMBL372486	nM	30.0	CN(C)C(=O)[C@@H](c1ccc(-c2ccc(F)cc2)cc1)[C@H](N)C(=O)N1CC[C@@H](F)C1.O=C(O)C(F)(F)F	6.522878745280337	<rdkit.Chem.rdchem.Mol object at 0x7f870f93ab90>
493	CHEMBL191337	nM	27.0	CN(C)C(=O)[C@@H](c1ccc(-c2ccc(F)cc2)cc1)[C@H](N)C(=O)N1CCC(F)(F)C1.O=C(O)C(F)(F)F	6.568636235841013	<rdkit.Chem.rdchem.Mol object at 0x7f870f93ac00>
494	CHEMBL190863	nM	9.1	CN(C)C(=O)[C@@H](c1ccc(-c2ccc(F)cc2)cc1)[C@H](N)C(=O)N1CCSC1.O=C(O)C(F)(F)F	7.040958607678906	<rdkit.Chem.rdchem.Mol object at 0x7f870f93ac70>
495	CHEMBL365967	nM	230.0	CN(C)C(=O)[C@@H](c1ccc(-c2ccc(F)cc2)cc1)[C@H](N)C(=O)N1CCS(=O)(=O)C1.O=C(O)C(F)(F)F	5.638272163982407	<rdkit.Chem.rdchem.Mol object at 0x7f870f93ace0>
496	CHEMBL189055	nM	3.3	CN(C)C(=O)[C@@H](c1ccc(-c2ccc(F)cc2)cc1)[C@H](N)C(=O)N1CCC[C@H]1C#N.O=C(O)C(F)(F)F	7.481486060122113	<rdkit.Chem.rdchem.Mol object at 0x7f870f93ad50>
497	CHEMBL190923	nM	550.0	CN(C)C(=O)[C@@H](c1ccc(-c2ccc(F)cc2)cc1)[C@H](N)C(=O)N1CCCCC1.O=C(O)C(F)(F)F	5.259637310505756	<rdkit.Chem.rdchem.Mol object at 0x7f870f93adc0>
498	CHEMBL371347	nM	520.0	CN(C)C(=O)[C@@H](c1ccc(-c2ccc(F)cc2)cc1)[C@H](N)C(=O)N1CCOCC1.O=C(O)C(F)(F)F	5.2839966563652006	<rdkit.Chem.rdchem.Mol object at 0x7f870f93ae30>
499	CHEMBL188096	nM	13.0	CN(C)C(=O)[C@@H](c1ccc(-c2ccc(F)cc2F)cc1)[C@H](N)C(=O)N1CC[C@H](F)C1.O=C(O)C(F)(F)F	6.886056647693163	<rdkit.Chem.rdchem.Mol object at 0x7f870f93aea0>
500	CHEMBL190217	nM	21.0	CN(C)C(=O)[C@@H](c1ccc(-c2ccc(F)c(F)c2)cc1)[C@H](N)C(=O)N1CC[C@H](F)C1.O=C(O)C(F)(F)F	6.6777807052660805	<rdkit.Chem.rdchem.Mol object at 0x7f870f93af10>
501	CHEMBL191486	nM	56.0	CN(C)C(=O)[C@@H](c1ccc(-c2cc(F)ccc2F)cc1)[C@H](N)C(=O)N1CC[C@H](F)C1.O=C(O)C(F)(F)F	6.251811972993799	<rdkit.Chem.rdchem.Mol object at 0x7f870f93af80>
502	CHEMBL190269	nM	43.0	CN(C)C(=O)[C@@H](c1ccc(-c2cccc(C#N)c2)cc1)[C@H](N)C(=O)N1CC[C@H](F)C1.O=C(O)C(F)(F)F	6.366531544420414	<rdkit.Chem.rdchem.Mol object at 0x7f870f93aff0>
503	CHEMBL191473	nM	2.2	CN(C)C(=O)[C@@H](c1ccc(-c2cccc(-n3cnnn3)c2)cc1)[C@H](N)C(=O)N1CC[C@H](F)C1.O=C(O)C(F)(F)F	7.657577319177793	<rdkit.Chem.rdchem.Mol object at 0x7f870f93b060>
504	CHEMBL370677	nM	21.0	CN(C)C(=O)[C@@H](c1ccc(-c2cccc(S(C)(=O)=O)c2)cc1)[C@H](N)C(=O)N1CC[C@H](F)C1.O=C(O)C(F)(F)F	6.6777807052660805	<rdkit.Chem.rdchem.Mol object at 0x7f870f93b0d0>
505	CHEMBL541919	nM	19.0	CN(C)C(=O)[C@@H](c1ccc(-c2cccc(-[n+]3ccccc3)c2)cc1)[C@H](N)C(=O)N1CC[C@H](F)C1.O=C([O-])C(F)(F)F	6.721246399047171	<rdkit.Chem.rdchem.Mol object at 0x7f870f93b140>
506	CHEMBL552503	nM	20.0	CN(C)C(=O)[C@@H](c1ccc(-c2ccc(-[n+]3ccccc3)cc2)cc1)[C@H](N)C(=O)N1CC[C@H](F)C1.O=C([O-])C(F)(F)F	6.698970004336019	<rdkit.Chem.rdchem.Mol object at 0x7f870f93b1b0>
507	CHEMBL369883	nM	63.0	COc1cc2c(cc1OC)CN(C(=O)C[C@H](N)C(=O)N1CCC[C@H]1C#N)CC2	6.200659450546418	<rdkit.Chem.rdchem.Mol object at 0x7f870f93b220>
508	CHEMBL193105	nM	45.0	COc1cc2c(cc1OC)C(CCO)N(C(=O)C[C@H](N)C(=O)N1CCC[C@H]1C#N)CC2	6.346787486224656	<rdkit.Chem.rdchem.Mol object at 0x7f870f93b290>
509	CHEMBL192116	nM	47.0	COc1cc2c(cc1OC)C(C(C)C)N(C(=O)C[C@H](N)C(=O)N1CCC[C@H]1C#N)CC2	6.327902142064283	<rdkit.Chem.rdchem.Mol object at 0x7f870f93b300>
510	CHEMBL373148	nM	73.0	COc1cc2c(cc1OC)C(C(C)(C)C)N(C(=O)C[C@H](N)C(=O)N1CCC[C@H]1C#N)CC2	6.136677139879544	<rdkit.Chem.rdchem.Mol object at 0x7f870f93b370>
511	CHEMBL193202	nM	72.0	COc1ccc2c(c1)CCN(C(=O)C[C@H](N)C(=O)N1CCC[C@H]1C#N)C2C(C)(C)C	6.142667503568732	<rdkit.Chem.rdchem.Mol object at 0x7f870f93b3e0>
512	CHEMBL191866	nM	195.0	COc1ccc2c(c1)C(C(C)(C)C)N(C(=O)C[C@H](N)C(=O)N1CCC[C@H]1C#N)CC2	5.709965388637482	<rdkit.Chem.rdchem.Mol object at 0x7f870f93b450>
513	CHEMBL364922	nM	87.0	N#Cc1ccc[n+](N2CCN(C(=O)C[C@H](N)C(=O)N3CCC[C@H]3C#N)CC2)c1	6.060480747381382	<rdkit.Chem.rdchem.Mol object at 0x7f870f93b4c0>
514	CHEMBL190029	nM	123.0	N#C[C@@H]1CCCN1C(=O)[C@@H](N)CC(=O)N1CCN(C(=O)c2ccccc2)CC1	5.910094888560602	<rdkit.Chem.rdchem.Mol object at 0x7f870f93b530>
515	CHEMBL365113	nM	238.0	N#C[C@@H]1CCCN1C(=O)[C@@H](N)CC(=O)NCc1ccccc1	5.623423042943488	<rdkit.Chem.rdchem.Mol object at 0x7f870f93b5a0>
516	CHEMBL190183	nM	97.0	COc1cc2c(cc1OC)C(Cc1ccccc1)N(C(=O)C[C@H](N)C(=O)N1CCC[C@H]1C#N)CC2	6.013228265733755	<rdkit.Chem.rdchem.Mol object at 0x7f870f93b610>
517	CHEMBL191274	nM	212.0	CC(C)C(NC(=O)C[C@H](N)C(=O)N1CCC[C@H]1C#N)c1ccccc1	5.673664139071248	<rdkit.Chem.rdchem.Mol object at 0x7f870f93b680>
518	CHEMBL189220	nM	251.0	CC(C)(C)C(NC(=O)C[C@H](N)C(=O)N1CCC[C@H]1C#N)c1ccccc1	5.600326278518962	<rdkit.Chem.rdchem.Mol object at 0x7f870f93b6f0>
519	CHEMBL191577	nM	116.0	COc1ccc(CCNC(=O)C[C@H](N)C(=O)N2CCC[C@H]2C#N)cc1OC	5.935542010773082	<rdkit.Chem.rdchem.Mol object at 0x7f870f93b760>
520	CHEMBL359759	nM	252.0	N#C[C@@H]1CCCN1C(=O)[C@@H](N)CC(=O)NC(Cc1ccccc1)c1ccccc1	5.598599459218456	<rdkit.Chem.rdchem.Mol object at 0x7f870f93b7d0>
521	CHEMBL192733	nM	182.0	COCC(Cc1ccccc1)NC(=O)C[C@H](N)C(=O)N1CCC[C@H]1C#N	5.739928612014925	<rdkit.Chem.rdchem.Mol object at 0x7f870f93b840>
522	CHEMBL193106	nM	305.0	CC(C)C(Cc1ccccc1)NC(=O)C[C@H](N)C(=O)N1CCC[C@H]1C#N	5.515700160653214	<rdkit.Chem.rdchem.Mol object at 0x7f870f93b8b0>
523	CHEMBL189258	nM	140.0	CCC(NC(=O)C[C@H](N)C(=O)N1CCC[C@H]1C#N)c1ccccc1	5.853871964321762	<rdkit.Chem.rdchem.Mol object at 0x7f870f93b920>
524	CHEMBL193168	nM	6.7	N#C[C@@H]1CCCN1C(=O)[C@@H]1C[C@H](NS(=O)(=O)c2ccccc2)CN1	7.173925197299173	<rdkit.Chem.rdchem.Mol object at 0x7f870f93b990>
525	CHEMBL195063	nM	0.33	COc1ccc(N[C@@H]2CN[C@H](C(=O)N3CCC[C@H]3C#N)C2)cc1	8.481486060122112	<rdkit.Chem.rdchem.Mol object at 0x7f870f93ba00>
526	CHEMBL433811	nM	0.28	COc1ccc(N[C@@H]2CN[C@H](C(=O)N3CCC[C@H]3C#N)C2)cc1OC	8.55284196865778	<rdkit.Chem.rdchem.Mol object at 0x7f870f93ba70>
527	CHEMBL371143	nM	0.19	N#Cc1ccc(N[C@@H]2CN[C@H](C(=O)N3CCC[C@H]3C#N)C2)cc1	8.721246399047171	<rdkit.Chem.rdchem.Mol object at 0x7f870f93bae0>
528	CHEMBL370540	nM	0.18	N#C[C@@H]1CCCN1C(=O)[C@@H]1C[C@H](Nc2ccc([N+](=O)[O-])cc2)CN1	8.744727494896694	<rdkit.Chem.rdchem.Mol object at 0x7f870f93bb50>
529	CHEMBL370046	nM	0.13	N#Cc1ccc(N[C@@H]2CN[C@H](C(=O)N3CCC[C@H]3C#N)C2)cc1C#N	8.886056647693163	<rdkit.Chem.rdchem.Mol object at 0x7f870f93bbc0>
530	CHEMBL194717	nM	0.13	N#Cc1ccc(N[C@@H]2CN[C@H](C(=O)N3CCC[C@H]3C#N)C2)cc1Cl	8.886056647693163	<rdkit.Chem.rdchem.Mol object at 0x7f870f93bc30>
531	CHEMBL191775	nM	460.0	CC[C@@H](C)[C@H](N)C(=O)N1CCSC1	5.337242168318426	<rdkit.Chem.rdchem.Mol object at 0x7f870f93bca0>
532	CHEMBL192983	nM	968.0	C[C@@H](c1ccccc1)[C@H](N)C(=O)N1CCSC1	5.014124642691606	<rdkit.Chem.rdchem.Mol object at 0x7f870f93bd10>
533	CHEMBL362973	nM	1400.0	C[C@@H](c1ccccc1)[C@H](N)C(=O)N1CC[C@H](F)C1.O=C(O)C(F)(F)F	4.853871964321762	<rdkit.Chem.rdchem.Mol object at 0x7f870f93bd80>
534	CHEMBL362976	nM	1100.0	C[C@@H](c1ccccc1F)[C@H](N)C(=O)N1CC[C@H](F)C1.O=C(O)C(F)(F)F	4.958607314841775	<rdkit.Chem.rdchem.Mol object at 0x7f870f93bdf0>
535	CHEMBL370734	nM	480.0	C[C@@H](c1ccc(Cl)cc1F)[C@H](N)C(=O)N1CC[C@H](F)C1.O=C(O)C(F)(F)F	5.318758762624412	<rdkit.Chem.rdchem.Mol object at 0x7f870f93be60>
536	CHEMBL195862	nM	4200.0	C[C@@H](c1ccc(F)cc1Cl)[C@H](N)C(=O)N1CC[C@H](F)C1.O=C(O)C(F)(F)F	4.376750709602099	<rdkit.Chem.rdchem.Mol object at 0x7f870f93bed0>
537	CHEMBL191652	nM	54000.0	C[C@@H](c1ccc(F)cc1C(F)(F)F)[C@H](N)C(=O)N1CC[C@H](F)C1.O=C(O)C(F)(F)F	3.2676062401770314	<rdkit.Chem.rdchem.Mol object at 0x7f870f93bf40>
538	CHEMBL191823	nM	3700.0	C[C@@H](c1cccc(F)c1)[C@H](N)C(=O)N1CC[C@H](F)C1.O=C(O)C(F)(F)F	4.431798275933005	<rdkit.Chem.rdchem.Mol object at 0x7f870f93c040>
539	CHEMBL192781	nM	1100.0	C[C@@H](c1cccc(Cl)c1)[C@H](N)C(=O)N1CC[C@H](F)C1.O=C(O)C(F)(F)F	4.958607314841775	<rdkit.Chem.rdchem.Mol object at 0x7f870f93c0b0>
540	CHEMBL195270	nM	3700.0	C[C@@H](c1cc(F)cc(F)c1)[C@H](N)C(=O)N1CC[C@H](F)C1.O=C(O)C(F)(F)F	4.431798275933005	<rdkit.Chem.rdchem.Mol object at 0x7f870f93c120>
541	CHEMBL366173	nM	1100.0	C[C@@H](c1ccc(F)c(F)c1)[C@H](N)C(=O)N1CC[C@H](F)C1.O=C(O)C(F)(F)F	4.958607314841775	<rdkit.Chem.rdchem.Mol object at 0x7f870f93c190>
542	CHEMBL364093	nM	2800.0	C[C@@H](c1ccc(F)c(Cl)c1)[C@H](N)C(=O)N1CC[C@H](F)C1.O=C(O)C(F)(F)F	4.552841968657781	<rdkit.Chem.rdchem.Mol object at 0x7f870f93c200>
543	CHEMBL365575	nM	280.0	C[C@@H](c1ccc(F)cc1)[C@H](N)C(=O)N1CC[C@H](F)C1.O=C(O)C(F)(F)F	5.552841968657781	<rdkit.Chem.rdchem.Mol object at 0x7f870f93c270>
544	CHEMBL191354	nM	250.0	C[C@@H](c1ccc(Br)cc1)[C@H](N)C(=O)N1CC[C@H](F)C1.O=C(O)C(F)(F)F	5.6020599913279625	<rdkit.Chem.rdchem.Mol object at 0x7f870f93c2e0>
545	CHEMBL190454	nM	170.0	C[C@@H](c1ccc(Cl)cc1)[C@H](N)C(=O)N1CC[C@H](F)C1.O=C(O)C(F)(F)F	5.769551078621726	<rdkit.Chem.rdchem.Mol object at 0x7f870f93c350>
546	CHEMBL192365	nM	360.0	CSc1ccc([C@H](C)[C@H](N)C(=O)N2CC[C@H](F)C2)cc1.O=C(O)C(F)(F)F	5.443697499232712	<rdkit.Chem.rdchem.Mol object at 0x7f870f93c3c0>
547	CHEMBL194489	nM	600.0	C[C@@H](c1ccc(C(F)(F)F)cc1)[C@H](N)C(=O)N1CC[C@H](F)C1.O=C(O)C(F)(F)F	5.221848749616356	<rdkit.Chem.rdchem.Mol object at 0x7f870f93c430>
548	CHEMBL370079	nM	3600.0	C[C@@H](c1ccc(S(C)(=O)=O)cc1)[C@H](N)C(=O)N1CC[C@H](F)C1.O=C(O)C(F)(F)F	4.443697499232712	<rdkit.Chem.rdchem.Mol object at 0x7f870f93c4a0>
549	CHEMBL369888	nM	770.0	COc1ccc([C@H](C)[C@H](N)C(=O)N2CC[C@H](F)C2)cc1.O=C(O)C(F)(F)F	5.113509274827518	<rdkit.Chem.rdchem.Mol object at 0x7f870f93c510>
550	CHEMBL191933	nM	120.0	C[C@@H](c1ccc(-c2ccccc2)cc1)[C@H](N)C(=O)N1CC[C@H](F)C1.O=C(O)C(F)(F)F	5.920818753952375	<rdkit.Chem.rdchem.Mol object at 0x7f870f93c580>
551	CHEMBL365996	nM	2000.0	C[C@@H](c1ccc(-c2ccccc2)c(F)c1)[C@H](N)C(=O)N1CC[C@H](F)C1.O=C(O)C(F)(F)F	4.698970004336019	<rdkit.Chem.rdchem.Mol object at 0x7f870f93c5f0>
552	CHEMBL362930	nM	7900.0	C[C@@H](c1ccc(N2CCCCC2)cc1)[C@H](N)C(=O)N1CC[C@H](F)C1.O=C(O)C(F)(F)F	4.102372908709558	<rdkit.Chem.rdchem.Mol object at 0x7f870f93c660>
553	CHEMBL552788	nM	1700.0	C[C@@H](c1ccc(C(=O)[n+]2ccc[nH]2)cc1)[C@H](N)C(=O)N1CC[C@H](F)C1.O=C([O-])C(F)(F)F	4.769551078621726	<rdkit.Chem.rdchem.Mol object at 0x7f870f93c6d0>
554	CHEMBL192396	nM	1500.0	C[C@@H](c1ccc(-c2nccs2)cc1)[C@H](N)C(=O)N1CC[C@H](F)C1.O=C(O)C(F)(F)F	4.823908740944319	<rdkit.Chem.rdchem.Mol object at 0x7f870f93c740>
555	CHEMBL191858	nM	240.0	C[C@@H](c1ccc(-c2ccccn2)cc1)[C@H](N)C(=O)N1CC[C@H](F)C1.O=C(O)C(F)(F)F	5.619788758288394	<rdkit.Chem.rdchem.Mol object at 0x7f870f93c7b0>
556	CHEMBL195205	nM	110.0	C[C@@H](c1ccc(-c2cccnc2)cc1)[C@H](N)C(=O)N1CC[C@H](F)C1.O=C(O)C(F)(F)F	5.958607314841775	<rdkit.Chem.rdchem.Mol object at 0x7f870f93c820>
557	CHEMBL371846	nM	110.0	C[C@@H](c1ccc(-c2ccncc2)cc1)[C@H](N)C(=O)N1CC[C@H](F)C1.O=C(O)C(F)(F)F	5.958607314841775	<rdkit.Chem.rdchem.Mol object at 0x7f870f93c890>
558	CHEMBL192449	nM	580.0	C[C@@H](c1ccc(-c2cncnc2)cc1)[C@H](N)C(=O)N1CC[C@H](F)C1.O=C(O)C(F)(F)F	5.236572006437063	<rdkit.Chem.rdchem.Mol object at 0x7f870f93c900>
559	CHEMBL370240	nM	100.0	C[C@@H](c1ccc(-c2ccccc2F)cc1)[C@H](N)C(=O)N1CC[C@H](F)C1.O=C(O)C(F)(F)F	6.0	<rdkit.Chem.rdchem.Mol object at 0x7f870f93c970>
560	CHEMBL191769	nM	86.0	C[C@@H](c1ccc(-c2ccccc2Cl)cc1)[C@H](N)C(=O)N1CC[C@H](F)C1.O=C(O)C(F)(F)F	6.0655015487564325	<rdkit.Chem.rdchem.Mol object at 0x7f870f93c9e0>
561	CHEMBL365953	nM	110.0	COc1ccccc1-c1ccc([C@H](C)[C@H](N)C(=O)N2CC[C@H](F)C2)cc1.O=C(O)C(F)(F)F	5.958607314841775	<rdkit.Chem.rdchem.Mol object at 0x7f870f93ca50>
562	CHEMBL425375	nM	130.0	C[C@@H](c1ccc(-c2ccccc2C(F)(F)F)cc1)[C@H](N)C(=O)N1CC[C@H](F)C1.O=C(O)C(F)(F)F	5.886056647693163	<rdkit.Chem.rdchem.Mol object at 0x7f870f93cac0>
563	CHEMBL372472	nM	150.0	Cc1ccccc1-c1ccc([C@H](C)[C@H](N)C(=O)N2CC[C@H](F)C2)cc1.O=C(O)C(F)(F)F	5.823908740944319	<rdkit.Chem.rdchem.Mol object at 0x7f870f93cb30>
564	CHEMBL192425	nM	75.0	CCOC(=O)c1cccc(-c2ccc([C@H](C)[C@H](N)C(=O)N3CC[C@H](F)C3)cc2)c1.O=C(O)C(F)(F)F	6.1249387366083	<rdkit.Chem.rdchem.Mol object at 0x7f870f93cba0>
565	CHEMBL263326	nM	150.0	C[C@@H](c1ccc(-c2cccc(NS(C)(=O)=O)c2)cc1)[C@H](N)C(=O)N1CC[C@H](F)C1.O=C(O)C(F)(F)F	5.823908740944319	<rdkit.Chem.rdchem.Mol object at 0x7f870f93cc10>
566	CHEMBL195755	nM	56.0	C[C@@H](c1ccc(-c2cccc(C(=O)O)c2)cc1)[C@H](N)C(=O)N1CC[C@H](F)C1.O=C(O)C(F)(F)F	6.251811972993799	<rdkit.Chem.rdchem.Mol object at 0x7f870f93cc80>
567	CHEMBL365780	nM	110.0	C[C@@H](c1ccc(-c2cccc(S(C)(=O)=O)c2)cc1)[C@H](N)C(=O)N1CC[C@H](F)C1.O=C(O)C(F)(F)F	5.958607314841775	<rdkit.Chem.rdchem.Mol object at 0x7f870f93ccf0>
568	CHEMBL366031	nM	140.0	C[C@@H](c1ccc(-c2cccc(S(N)(=O)=O)c2)cc1)[C@H](N)C(=O)N1CC[C@H](F)C1.O=C(O)C(F)(F)F	5.853871964321762	<rdkit.Chem.rdchem.Mol object at 0x7f870f93cd60>
569	CHEMBL192117	nM	27.0	C[C@@H](c1ccc(-c2cccc(NS(=O)(=O)C(F)(F)F)c2)cc1)[C@H](N)C(=O)N1CC[C@H](F)C1.O=C(O)C(F)(F)F	6.568636235841013	<rdkit.Chem.rdchem.Mol object at 0x7f870f93cdd0>
570	CHEMBL192421	nM	100.0	C[C@@H](c1ccc(-c2cccc(C(N)=O)c2)cc1)[C@H](N)C(=O)N1CC[C@H](F)C1.O=C(O)C(F)(F)F	6.0	<rdkit.Chem.rdchem.Mol object at 0x7f870f93ce40>
571	CHEMBL192980	nM	510.0	C[C@@H](c1ccc(-c2ccc(C(F)(F)F)cc2)cc1)[C@H](N)C(=O)N1CC[C@H](F)C1.O=C(O)C(F)(F)F	5.292429823902063	<rdkit.Chem.rdchem.Mol object at 0x7f870f93ceb0>
572	CHEMBL195420	nM	0.25	N#Cc1ccc(N[C@@H]2CN[C@H](C(=O)N3CCC[C@H]3C#N)C2)nc1	8.602059991327963	<rdkit.Chem.rdchem.Mol object at 0x7f870f93cf20>
573	CHEMBL192165	nM	6.599999999999999	N#Cc1ccc(N[C@H]2CN[C@H](C(=O)N3CCC[C@H]3C#N)C2)nc1	7.180456064458132	<rdkit.Chem.rdchem.Mol object at 0x7f870f93cf90>
574	CHEMBL381626	nM	10.507175744985801	N#C[C@@H]1CCCN1C(=O)[C@@H]1CCCN1	6.978514003591028	<rdkit.Chem.rdchem.Mol object at 0x7f870f93d000>
575	CHEMBL191699	nM	9.7	N#C[C@@H]1CCCN1C(=O)[C@@H]1C[C@H](N)CN1	7.013228265733755	<rdkit.Chem.rdchem.Mol object at 0x7f870f93d070>
576	CHEMBL192882	nM	3.0	N#C[C@@H]1CCCN1C(=O)[C@@H]1C[C@H](NC2CCCCC2)CN1	7.522878745280337	<rdkit.Chem.rdchem.Mol object at 0x7f870f93d0e0>
577	CHEMBL195335	nM	0.53	N#C[C@@H]1CCCN1C(=O)[C@@H]1C[C@H](Nc2ccccc2)CN1	8.275724130399212	<rdkit.Chem.rdchem.Mol object at 0x7f870f93d150>
578	CHEMBL195804	nM	4.6	N#C[C@@H]1CCCN1C(=O)[C@@H]1C[C@H](NCc2ccccc2)CN1	7.337242168318426	<rdkit.Chem.rdchem.Mol object at 0x7f870f93d1c0>
579	CHEMBL194993	nM	1.9	N#C[C@@H]1CCCN1C(=O)[C@@H]1C[C@H](NCCc2ccccc2)CN1	7.721246399047171	<rdkit.Chem.rdchem.Mol object at 0x7f870f93d230>
580	CHEMBL539939	nM	5.5	N#C[C@@H]1CCCN1C(=O)[C@@H]1C[C@H](NC(=O)c2ccccc2)CN1	7.259637310505756	<rdkit.Chem.rdchem.Mol object at 0x7f870f93d2a0>
581	CHEMBL371585	nM	1.5	N#C[C@@H]1CCCN1C(=O)[C@@H]1C[C@H](NC(=O)Nc2ccccc2)CN1	7.823908740944319	<rdkit.Chem.rdchem.Mol object at 0x7f870f93d310>
582	CHEMBL195905	nM	95.0	C[C@@H](c1ccc(-c2cccc(-c3n[nH]c(O)n3)c2)cc1)[C@H](N)C(=O)N1CC[C@H](F)C1.O=C(O)C(F)(F)F	6.022276394711152	<rdkit.Chem.rdchem.Mol object at 0x7f870f93d380>
583	CHEMBL364057	nM	110.0	C[C@@H](c1ccc(-c2cccc(-c3c[nH]c(O)n3)c2)cc1)[C@H](N)C(=O)N1CC[C@H](F)C1.O=C(O)C(F)(F)F	5.958607314841775	<rdkit.Chem.rdchem.Mol object at 0x7f870f93d3f0>
584	CHEMBL190979	nM	98.0	C[C@@H](c1ccc(-c2cccc(-c3nc[nH]n3)c2)cc1)[C@H](N)C(=O)N1CC[C@H](F)C1.O=C(O)C(F)(F)F	6.008773924307505	<rdkit.Chem.rdchem.Mol object at 0x7f870f93d460>
585	CHEMBL370033	nM	140.0	C[C@@H](c1ccc(-c2cccc(-c3noc(C4CC4)n3)c2)cc1)[C@H](N)C(=O)N1CC[C@H](F)C1.O=C(O)C(F)(F)F	5.853871964321762	<rdkit.Chem.rdchem.Mol object at 0x7f870f93d4d0>
586	CHEMBL195378	nM	6.0	C[C@@H](c1ccc(-c2cccc(-c3nn[nH]n3)c2)cc1)[C@H](N)C(=O)N1CC[C@H](F)C1.O=C(O)C(F)(F)F	7.221848749616356	<rdkit.Chem.rdchem.Mol object at 0x7f870f93d540>
587	CHEMBL370072	nM	3.0	C[C@@H](c1ccc(-c2cccc(-c3noc(O)n3)c2)cc1)[C@H](N)C(=O)N1CC[C@H](F)C1.O=C(O)C(F)(F)F	7.522878745280337	<rdkit.Chem.rdchem.Mol object at 0x7f870f93d5b0>
588	CHEMBL195443	nM	130.0	COc1ccc(-c2ccc([C@H](C)[C@H](N)C(=O)N3CC[C@H](F)C3)cc2)cc1.O=C(O)C(F)(F)F	5.886056647693163	<rdkit.Chem.rdchem.Mol object at 0x7f870f93d620>
589	CHEMBL191514	nM	390.0	Cc1ccc(-c2ccc([C@H](C)[C@H](N)C(=O)N3CC[C@H](F)C3)cc2)cc1.O=C(O)C(F)(F)F	5.4089353929735005	<rdkit.Chem.rdchem.Mol object at 0x7f870f93d690>
590	CHEMBL193887	nM	710.0	C[C@@H](c1ccc(-c2ccc(NS(C)(=O)=O)cc2)cc1)[C@H](N)C(=O)N1CC[C@H](F)C1.O=C(O)C(F)(F)F	5.1487416512809245	<rdkit.Chem.rdchem.Mol object at 0x7f870f93d700>
591	CHEMBL363175	nM	440.0	CCOC(=O)c1ccc(-c2ccc([C@H](C)[C@H](N)C(=O)N3CC[C@H](F)C3)cc2)cc1.O=C(O)C(F)(F)F	5.356547323513812	<rdkit.Chem.rdchem.Mol object at 0x7f870f93d770>
592	CHEMBL191906	nM	370.0	C[C@@H](c1ccc(-c2ccc(C(=O)O)cc2)cc1)[C@H](N)C(=O)N1CC[C@H](F)C1.O=C(O)C(F)(F)F	5.431798275933005	<rdkit.Chem.rdchem.Mol object at 0x7f870f93d7e0>
593	CHEMBL194437	nM	420.0	C[C@@H](c1ccc(-c2ccc(S(C)(=O)=O)cc2)cc1)[C@H](N)C(=O)N1CC[C@H](F)C1.O=C(O)C(F)(F)F	5.376750709602099	<rdkit.Chem.rdchem.Mol object at 0x7f870f93d850>
594	CHEMBL191812	nM	240.0	C[C@@H](c1ccc(-c2cc(F)cc(F)c2)cc1)[C@H](N)C(=O)N1CC[C@H](F)C1.O=C(O)C(F)(F)F	5.619788758288394	<rdkit.Chem.rdchem.Mol object at 0x7f870f93d8c0>
595	CHEMBL278729	nM	150.0	C[C@@H](c1ccc(-c2cc(F)ccc2F)cc1)[C@H](N)C(=O)N1CC[C@H](F)C1.O=C(O)C(F)(F)F	5.823908740944319	<rdkit.Chem.rdchem.Mol object at 0x7f870f93d930>
596	CHEMBL195173	nM	60.0	C[C@@H](c1ccc(-c2ccc(F)c(F)c2)cc1)[C@H](N)C(=O)N1CC[C@H](F)C1.O=C(O)C(F)(F)F	6.221848749616356	<rdkit.Chem.rdchem.Mol object at 0x7f870f93d9a0>
597	CHEMBL363584	nM	37.0	C[C@@H](c1ccc(-c2ccc(F)cc2F)cc1)[C@H](N)C(=O)N1CC[C@H](F)C1.O=C(O)C(F)(F)F	6.431798275933005	<rdkit.Chem.rdchem.Mol object at 0x7f870f93da10>
598	CHEMBL195739	nM	140.0	C[C@@H](c1ccc(-c2cccc(-n3cnnn3)c2)cc1)[C@H](N)C(=O)N1CC[C@H](F)C1.O=C(O)C(F)(F)F	5.853871964321762	<rdkit.Chem.rdchem.Mol object at 0x7f870f93da80>
599	CHEMBL195667	nM	69.0	C[C@@H](c1ccc(-c2cccc(-c3nnco3)c2)cc1)[C@H](N)C(=O)N1CC[C@H](F)C1.O=C(O)C(F)(F)F	6.161150909262744	<rdkit.Chem.rdchem.Mol object at 0x7f870f93daf0>
600	CHEMBL426469	nM	249.9999999999999	Cc1[nH]nc2c1CN(C(=O)C[C@H](N)Cc1cc(F)ccc1F)CC2	5.6020599913279625	<rdkit.Chem.rdchem.Mol object at 0x7f870f93db60>
601	CHEMBL197413	nM	110.00000000000004	N[C@@H](CC(=O)N1CCc2n[nH]c(C(F)(F)F)c2C1)Cc1cc(F)ccc1F	5.958607314841775	<rdkit.Chem.rdchem.Mol object at 0x7f870f93dbd0>
602	CHEMBL195721	nM	130.0	Cn1nc(C(F)(F)F)c2c1CCN(C(=O)C[C@H](N)Cc1cc(F)ccc1F)C2	5.886056647693163	<rdkit.Chem.rdchem.Mol object at 0x7f870f93dc40>
603	CHEMBL191805	nM	150.0	Cn1nc2c(c1C(F)(F)F)CN(C(=O)C[C@H](N)Cc1cc(F)ccc1F)CC2	5.823908740944319	<rdkit.Chem.rdchem.Mol object at 0x7f870f93dcb0>
604	CHEMBL196010	nM	180.0	N[C@@H](CC(=O)N1CCc2c(c(C(F)(F)F)nn2CC(F)(F)F)C1)Cc1cc(F)ccc1F	5.7447274948966935	<rdkit.Chem.rdchem.Mol object at 0x7f870f93dd20>
605	CHEMBL194979	nM	150.0	N[C@@H](CC(=O)N1CCc2nn(CC(F)(F)F)c(C(F)(F)F)c2C1)Cc1cc(F)ccc1F	5.823908740944319	<rdkit.Chem.rdchem.Mol object at 0x7f870f93dd90>
606	CHEMBL193885	nM	350.0	Cc1nn(-c2ccc(F)cc2)c2c1CN(C(=O)C[C@H](N)Cc1cc(F)ccc1F)CC2	5.455931955649724	<rdkit.Chem.rdchem.Mol object at 0x7f870f93de00>
607	CHEMBL196114	nM	160.0	Cc1c2c(nn1-c1ccc(F)cc1)CCN(C(=O)C[C@H](N)Cc1cc(F)ccc1F)C2	5.795880017344075	<rdkit.Chem.rdchem.Mol object at 0x7f870f93de70>
608	CHEMBL370269	nM	159.99999999999994	N[C@@H](CC(=O)N1CCc2n[nH]c(C(F)(F)C(F)(F)F)c2C1)Cc1cc(F)ccc1F	5.795880017344075	<rdkit.Chem.rdchem.Mol object at 0x7f870f93dee0>
609	CHEMBL369894	nM	220.0	Cn1nc(C(F)(F)C(F)(F)F)c2c1CCN(C(=O)C[C@H](N)Cc1cc(F)ccc1F)C2	5.657577319177793	<rdkit.Chem.rdchem.Mol object at 0x7f870f93df50>
610	CHEMBL366166	nM	300.0	Cn1nc2c(c1C(F)(F)C(F)(F)F)CN(C(=O)C[C@H](N)Cc1cc(F)ccc1F)CC2	5.522878745280337	<rdkit.Chem.rdchem.Mol object at 0x7f870f93dfc0>
611	CHEMBL373268	nM	270.00000000000006	N[C@@H](CC(=O)N1CCc2n[nH]c(-c3ccc(F)cc3)c2C1)Cc1cc(F)ccc1F	5.568636235841012	<rdkit.Chem.rdchem.Mol object at 0x7f870f93e030>
612	CHEMBL193802	nM	780.0	Cn1nc(-c2ccc(F)cc2)c2c1CCN(C(=O)C[C@H](N)Cc1cc(F)ccc1F)C2	5.107905397309519	<rdkit.Chem.rdchem.Mol object at 0x7f870f93e0a0>
613	CHEMBL197301	nM	150.0	Cn1nc2c(c1-c1ccc(F)cc1)CN(C(=O)C[C@H](N)Cc1cc(F)ccc1F)CC2	5.823908740944319	<rdkit.Chem.rdchem.Mol object at 0x7f870f93e110>
614	CHEMBL363606	nM	130.0	N[C@@H](CC(=O)N1CCc2noc(C(F)(F)F)c2C1)Cc1cc(F)ccc1F	5.886056647693163	<rdkit.Chem.rdchem.Mol object at 0x7f870f93e180>
615	CHEMBL197300	nM	38.99999999999999	N[C@@H](CC(=O)N1CCc2c(n[nH]c2C(F)(F)F)C1)Cc1cc(F)ccc1F	6.4089353929735005	<rdkit.Chem.rdchem.Mol object at 0x7f870f93e1f0>
616	CHEMBL196938	nM	72.0	Cn1nc(C(F)(F)F)c2c1CN(C(=O)C[C@H](N)Cc1cc(F)ccc1F)CC2	6.142667503568732	<rdkit.Chem.rdchem.Mol object at 0x7f870f93e260>
617	CHEMBL371521	nM	130.0	Cn1nc2c(c1C(F)(F)F)CCN(C(=O)C[C@H](N)Cc1cc(F)ccc1F)C2	5.886056647693163	<rdkit.Chem.rdchem.Mol object at 0x7f870f93e2d0>
618	CHEMBL425905	nM	159.99999999999994	N[C@@H](CC(=O)N1CCc2c(C3CC3)n[nH]c2C1)Cc1cc(F)ccc1F	5.795880017344075	<rdkit.Chem.rdchem.Mol object at 0x7f870f93e340>
619	CHEMBL195984	nM	85.0	N[C@@H](CC(=O)N1CCc2c(noc2C(F)(F)F)C1)Cc1cc(F)ccc1F	6.070581074285707	<rdkit.Chem.rdchem.Mol object at 0x7f870f93e3b0>
620	CHEMBL364461	nM	590.0	N[C@@H](CC(=O)N1CCCc2n[nH]c(C(F)(F)F)c21)Cc1cc(F)ccc1F	5.229147988357856	<rdkit.Chem.rdchem.Mol object at 0x7f870f93e420>
621	CHEMBL196333	nM	480.0	Cc1nc2c(s1)CN(C(=O)C[C@H](N)Cc1cc(F)ccc1F)CC2	5.318758762624412	<rdkit.Chem.rdchem.Mol object at 0x7f870f93e490>
622	CHEMBL426649	nM	310.0	N[C@@H](CC(=O)N1CCc2nc(C(F)(F)F)sc2C1)Cc1cc(F)ccc1F	5.508638306165727	<rdkit.Chem.rdchem.Mol object at 0x7f870f93e500>
623	CHEMBL195547	nM	360.0	N[C@@H](CC(=O)N1CCc2nc(-c3ccc(F)cc3)sc2C1)Cc1cc(F)ccc1F	5.443697499232712	<rdkit.Chem.rdchem.Mol object at 0x7f870f93e570>
624	CHEMBL197352	nM	260.0	N[C@@H](CC(=O)N1CCc2nc(-c3ccc(C(F)(F)F)cc3)sc2C1)Cc1cc(F)ccc1F	5.585026652029182	<rdkit.Chem.rdchem.Mol object at 0x7f870f93e5e0>
625	CHEMBL425200	nM	380.0	CSc1ccc(-c2nc3c(s2)CN(C(=O)C[C@H](N)Cc2cc(F)ccc2F)CC3)cc1	5.42021640338319	<rdkit.Chem.rdchem.Mol object at 0x7f870f93e650>
626	CHEMBL372078	nM	130.0	CS(=O)(=O)c1ccc(-c2nc3c(s2)CN(C(=O)C[C@H](N)Cc2cc(F)ccc2F)CC3)cc1	5.886056647693163	<rdkit.Chem.rdchem.Mol object at 0x7f870f93e6c0>
627	CHEMBL425380	nM	290.0	N[C@@H](CC(=O)N1CCc2nc(C3CC3)oc2C1)Cc1cc(F)ccc1F	5.5376020021010435	<rdkit.Chem.rdchem.Mol object at 0x7f870f93e730>
628	CHEMBL363375	nM	95000.0	N[C@@H](CC(=O)N1CCc2sc(C(F)(F)F)nc2C1)Cc1cc(F)ccc1F	3.0222763947111524	<rdkit.Chem.rdchem.Mol object at 0x7f870f93e7a0>
629	CHEMBL195030	nM	26.0	N[C@@H](CC(=O)N1CCc2sc(-c3ccc(F)cc3)nc2C1)Cc1cc(F)ccc1F	6.585026652029182	<rdkit.Chem.rdchem.Mol object at 0x7f870f93e810>
630	CHEMBL381665	nM	13.0	N[C@@H](CC(=O)N1CCc2sc(-c3ccc(C(F)(F)F)cc3)nc2C1)Cc1cc(F)ccc1F	6.886056647693163	<rdkit.Chem.rdchem.Mol object at 0x7f870f93e880>
631	CHEMBL196881	nM	1.4	CS(=O)(=O)c1ccc(-c2nc3c(s2)CCN(C(=O)C[C@H](N)Cc2cc(F)ccc2F)C3)cc1	7.853871964321762	<rdkit.Chem.rdchem.Mol object at 0x7f870f93e8f0>
632	CHEMBL197082	nM	180.0	N[C@@H](CC(=O)N1CCc2oc(C3CC3)nc2C1)Cc1cc(F)ccc1F	5.7447274948966935	<rdkit.Chem.rdchem.Mol object at 0x7f870f93e960>
633	CHEMBL381200	nM	130.0	O=C(CNC1CC1)N1CCC[C@H]1B(O)O	5.886056647693163	<rdkit.Chem.rdchem.Mol object at 0x7f870f93e9d0>
634	CHEMBL382980	nM	75.0	O=C(CNC1CCC1)N1CCC[C@H]1B(O)O	6.1249387366083	<rdkit.Chem.rdchem.Mol object at 0x7f870f93ea40>
635	CHEMBL371429	nM	25.0	O=C(CNC1CCCC1)N1CCC[C@H]1B(O)O	6.6020599913279625	<rdkit.Chem.rdchem.Mol object at 0x7f870f93eab0>
636	CHEMBL371130	nM	27.0	O=C(CNC1CCCCC1)N1CCC[C@H]1B(O)O	6.568636235841013	<rdkit.Chem.rdchem.Mol object at 0x7f870f93eb20>
637	CHEMBL382974	nM	27.0	O=C(CNC1CCCCCCC1)N1CCC[C@H]1B(O)O	6.568636235841013	<rdkit.Chem.rdchem.Mol object at 0x7f870f93eb90>
638	CHEMBL196267	nM	58.0	O=C(CNC1CCCCCCCCC1)N1CCC[C@H]1B(O)O	6.236572006437063	<rdkit.Chem.rdchem.Mol object at 0x7f870f93ec00>
639	CHEMBL373269	nM	8.0	O=C(CNC12CC3CC(CC(C3)C1)C2)N1CCC[C@@H]1B(O)O	7.096910013008056	<rdkit.Chem.rdchem.Mol object at 0x7f870f93ec70>
640	CHEMBL372180	nM	61.0	CCCCCC12CCC(NCC(=O)N3CCC[C@H]3B(O)O)(CC1)CC2	6.214670164989233	<rdkit.Chem.rdchem.Mol object at 0x7f870f93ece0>
641	CHEMBL434184	nM	16000.0	CC(C)[C@@H](NC1CCCCC1)C(=O)N1CCC[C@H]1B(O)O	3.795880017344075	<rdkit.Chem.rdchem.Mol object at 0x7f870f93ed50>
642	CHEMBL196120	nM	20999.999999999985	C[C@@H](N)C(=O)N1CCC[C@H]1B(O)O	3.677780705266081	<rdkit.Chem.rdchem.Mol object at 0x7f870f93edc0>
643	CHEMBL427012	nM	12.0	O=C(CNC1C2CC3CC(C2)CC1C3)N1CCC[C@@H]1B(O)O	6.920818753952375	<rdkit.Chem.rdchem.Mol object at 0x7f870f93ee30>
644	CHEMBL381444	nM	560.0	CC12CC3(C)CC(C)(C1)CC(NCC(=O)N1CCC[C@@H]1B(O)O)(C2)C3	5.251811972993799	<rdkit.Chem.rdchem.Mol object at 0x7f870f93eea0>
645	CHEMBL196188	nM	1600.0	CN(CC(=O)N1CCC[C@@H]1B(O)O)C1C2CC3CC(C2)CC1C3	4.795880017344075	<rdkit.Chem.rdchem.Mol object at 0x7f870f93ef10>
646	CHEMBL196933	nM	7.8	O=C(CNC1CCCCCC1)N1CCC[C@H]1B(O)O	7.107905397309519	<rdkit.Chem.rdchem.Mol object at 0x7f870f93ef80>
647	CHEMBL195271	nM	32000.0	CCCC[C@@H](NC(=O)[C@@H](N)CC)B(O)O	3.494850021680094	<rdkit.Chem.rdchem.Mol object at 0x7f870f93eff0>
648	CHEMBL196180	nM	810.0	CCCC[C@@H](NC(=O)[C@@H](N)CCC)B(O)O	5.0915149811213505	<rdkit.Chem.rdchem.Mol object at 0x7f870f93f060>
649	CHEMBL194249	nM	370.0	CCCC[C@@H](NC(=O)[C@@H](N)CCCC)B(O)O	5.431798275933005	<rdkit.Chem.rdchem.Mol object at 0x7f870f93f0d0>
650	CHEMBL194250	nM	17000.0	CCCC[C@@H](NC(=O)[C@@H](N)C(C)C)B(O)O	3.769551078621726	<rdkit.Chem.rdchem.Mol object at 0x7f870f93f140>
651	CHEMBL196461	nM	2000.0	CCCC[C@@H](NC(=O)[C@@H](N)CN)B(O)O	4.698970004336019	<rdkit.Chem.rdchem.Mol object at 0x7f870f93f1b0>
652	CHEMBL373319	nM	1200.0	CCCC[C@@H](NC(=O)[C@@H](N)CCCN)B(O)O	4.920818753952375	<rdkit.Chem.rdchem.Mol object at 0x7f870f93f220>
653	CHEMBL194852	nM	4.5	CCCC[C@H](N)C(=O)N1CCC[C@@H]1B(O)O	7.346787486224656	<rdkit.Chem.rdchem.Mol object at 0x7f870f93f290>
654	CHEMBL194428	nM	15.0	NCC[C@H](N)C(=O)N1CCC[C@@H]1B(O)O	6.823908740944319	<rdkit.Chem.rdchem.Mol object at 0x7f870f93f300>
655	CHEMBL195189	nM	0.3	CC(C)[C@H](N)C(=O)N1CCC[C@@H]1B(O)O	8.522878745280337	<rdkit.Chem.rdchem.Mol object at 0x7f870f93f370>
656	CHEMBL365322	nM	5.612486080160913	CC(C)[C@H](N)C(=O)N[C@@H](C)B(O)O	7.2508447231052	<rdkit.Chem.rdchem.Mol object at 0x7f870f93f3e0>
657	CHEMBL362922	nM	25.0	O=C(CNC1CC2CCCC1C2)N1CCC[C@H]1C(O)O	6.6020599913279625	<rdkit.Chem.rdchem.Mol object at 0x7f870f93f450>
658	CHEMBL202711	nM	1108.0000000000002	CC(C)(CC(=O)NC(C)(C)c1ccccc1)NCC(=O)N1CCC[C@H]1C#N	4.955460239607589	<rdkit.Chem.rdchem.Mol object at 0x7f870f93f4c0>
659	CHEMBL201644	nM	15.0	CC(C)(CC(=O)N1Cc2ccccc2C1)NCC(=O)N1CCC[C@H]1C#N	6.823908740944319	<rdkit.Chem.rdchem.Mol object at 0x7f870f93f530>
660	CHEMBL425756	nM	22.0	CC(C)(CC(=O)N1CCc2cc(F)cc(F)c2C1)NCC(=O)N1CCC[C@H]1C#N	6.657577319177793	<rdkit.Chem.rdchem.Mol object at 0x7f870f93f5a0>
661	CHEMBL380902	nM	30.0	CC(C)(CC(=O)N1CCc2cc(F)ccc2C1)NCC(=O)N1CCC[C@H]1C#N	6.522878745280337	<rdkit.Chem.rdchem.Mol object at 0x7f870f93f610>
662	CHEMBL201424	nM	49.0	CC(C)(CC(=O)N1CCc2ccccc2C1)NCC(=O)N1CCC[C@H]1C#N	6.309803919971486	<rdkit.Chem.rdchem.Mol object at 0x7f870f93f680>
663	CHEMBL201398	nM	811.0	CC(C)[C@@H](CC(=O)N1CCc2ccccc2C1)NCC(=O)N1CCC[C@H]1C#N	5.090979145788844	<rdkit.Chem.rdchem.Mol object at 0x7f870f93f6f0>
664	CHEMBL425585	nM	54.0	C[C@@H](CC(=O)N1CCc2ccccc2C1)NCC(=O)N1CCC[C@H]1C#N	6.267606240177032	<rdkit.Chem.rdchem.Mol object at 0x7f870f93f760>
665	CHEMBL371057	nM	428.0	N#C[C@@H]1CCCN1C(=O)CNCCCC(=O)N1CCc2ccccc2C1	5.368556230986828	<rdkit.Chem.rdchem.Mol object at 0x7f870f93f7d0>
666	CHEMBL371480	nM	298.00000000000006	N#C[C@@H]1CCCN1C(=O)CNCCC(=O)Nc1ccccc1	5.525783735923745	<rdkit.Chem.rdchem.Mol object at 0x7f870f93f840>
667	CHEMBL201544	nM	564.0000000000002	N#C[C@@H]1CCCN1C(=O)CNCCC(=O)NCCc1ccccc1	5.248720896016658	<rdkit.Chem.rdchem.Mol object at 0x7f870f93f8b0>
668	CHEMBL201158	nM	119.00000000000003	CC(C)(NC(=O)CCNCC(=O)N1CCC[C@H]1C#N)c1ccccc1	5.924453038607469	<rdkit.Chem.rdchem.Mol object at 0x7f870f93f920>
669	CHEMBL372391	nM	784.0	CC(C)C(NC(=O)CCNCC(=O)N1CCC[C@H]1C#N)c1ccccc1	5.105683937315561	<rdkit.Chem.rdchem.Mol object at 0x7f870f93f990>
670	CHEMBL382847	nM	369.0	N#C[C@@H]1CCCN1C(=O)CNCCC(=O)NCc1cc(F)cc(F)c1	5.432973633840939	<rdkit.Chem.rdchem.Mol object at 0x7f870f93fa00>
671	CHEMBL201695	nM	447.0	CCC(NC(=O)CCNCC(=O)N1CCC[C@H]1C#N)c1ccccc1	5.349692476868063	<rdkit.Chem.rdchem.Mol object at 0x7f870f93fa70>
672	CHEMBL203032	nM	317.0	N#C[C@@H]1CCCN1C(=O)CNCCC(=O)NCc1ccc([N+](=O)[O-])cc1	5.498940737782249	<rdkit.Chem.rdchem.Mol object at 0x7f870f93fae0>
673	CHEMBL382907	nM	452.00000000000017	N#C[C@@H]1CCCN1C(=O)CNCCC(=O)NCc1ccccc1	5.3448615651886175	<rdkit.Chem.rdchem.Mol object at 0x7f870f93fb50>
674	CHEMBL383841	nM	527.0	N#C[C@@H]1CCCN1C(=O)CNCCC(=O)N1CCN(c2nc3ccccc3s2)CC1	5.278189384787454	<rdkit.Chem.rdchem.Mol object at 0x7f870f93fbc0>
675	CHEMBL201753	nM	1418.0	CC(=O)Nc1ccc(S(=O)(=O)N2CCN(C(=O)CCNCC(=O)N3CCC[C@H]3C#N)CC2)cc1	4.848323769152953	<rdkit.Chem.rdchem.Mol object at 0x7f870f93fc30>
676	CHEMBL372746	nM	676.0	N#C[C@@H]1CCCN1C(=O)CNCCC(=O)N1CCN(C(=O)c2cc(F)cc(F)c2)CC1	5.170053304058364	<rdkit.Chem.rdchem.Mol object at 0x7f870f93fca0>
677	CHEMBL381530	nM	132.0	N#C[C@@H]1CCCN1C(=O)CNCCC(=O)N1Cc2ccccc2C1	5.87942606879415	<rdkit.Chem.rdchem.Mol object at 0x7f870f93fd10>
678	CHEMBL203084	nM	83.0	N#C[C@@H]1CCCN1C(=O)CNCCC(=O)N1CCc2cc(F)ccc2C1	6.080921907623926	<rdkit.Chem.rdchem.Mol object at 0x7f870f93fd80>
679	CHEMBL424854	nM	651.0	COc1cc2c(cc1OC)CN(C(=O)CCNCC(=O)N1CCC[C@H]1C#N)CC2	5.186419011431808	<rdkit.Chem.rdchem.Mol object at 0x7f870f93fdf0>
680	CHEMBL200103	nM	116.0	N#C[C@@H]1CCCN1C(=O)CNCCC(=O)N1CCc2ccccc2C1	5.935542010773082	<rdkit.Chem.rdchem.Mol object at 0x7f870f93fe60>
681	CHEMBL371907	nM	3300.0	N#C[C@@H]1CCCN1C(=O)CNCC(=O)N1CCc2ccccc2C1	4.481486060122112	<rdkit.Chem.rdchem.Mol object at 0x7f870f93fed0>
682	CHEMBL381145	nM	25.0	C[C@@H](c1ccc(-c2ccc(O)nc2)cc1)[C@H](N)C(=O)N1CC[C@H](F)C1.O=C(O)C(F)(F)F	6.6020599913279625	<rdkit.Chem.rdchem.Mol object at 0x7f870f93ff40>
683	CHEMBL202634	nM	1100.0	C[C@@H](c1ccc(-c2ccc(=O)n(C)c2)cc1)[C@H](N)C(=O)N1CCC(F)CC1.O=C(O)C(F)(F)F	4.958607314841775	<rdkit.Chem.rdchem.Mol object at 0x7f870f940040>
684	CHEMBL378597	nM	31.0	C[C@@H](c1ccc(-c2ccc(=O)n(C)c2)cc1)[C@H](N)C(=O)N1CC(F)C1.O=C(O)C(F)(F)F	6.508638306165727	<rdkit.Chem.rdchem.Mol object at 0x7f870f9400b0>
685	CHEMBL377724	nM	26.0	C[C@@H](c1ccc(-c2ccc(=O)n(C)c2)cc1)[C@H](N)C(=O)N1CCSC1.O=C(O)C(F)(F)F	6.585026652029182	<rdkit.Chem.rdchem.Mol object at 0x7f870f940120>
686	CHEMBL203379	nM	48.0	C[C@@H](c1ccc(-c2ccc(=O)n(C)c2)cc1)[C@H](N)C(=O)N1CCCC1.O=C(O)C(F)(F)F	6.318758762624412	<rdkit.Chem.rdchem.Mol object at 0x7f870f940190>
687	CHEMBL206501	nM	26.0	C[C@@H](c1ccc(-c2ccc(=O)n(C)c2)cc1)[C@H](N)C(=O)N1CCC(F)(F)C1.O=C(O)C(F)(F)F	6.585026652029182	<rdkit.Chem.rdchem.Mol object at 0x7f870f940200>
688	CHEMBL438265	nM	120.0	CCOC(=O)Nc1c(-c2ccc([C@H](C)[C@H](N)C(=O)N3CC[C@H](F)C3)cc2)cn(C)c(=O)c1F.O=C(O)C(F)(F)F	5.920818753952375	<rdkit.Chem.rdchem.Mol object at 0x7f870f940270>
689	CHEMBL203267	nM	37.0	C[C@@H](c1ccc(-c2cn(C)c(=O)c(Cl)c2F)cc1)[C@H](N)C(=O)N1CC[C@H](F)C1.O=C(O)C(F)(F)F	6.431798275933005	<rdkit.Chem.rdchem.Mol object at 0x7f870f9402e0>
690	CHEMBL380496	nM	67.0	COc1cc(=O)n(C)cc1-c1ccc([C@H](C)[C@H](N)C(=O)N2CC[C@H](F)C2)cc1.O=C(O)C(F)(F)F	6.173925197299173	<rdkit.Chem.rdchem.Mol object at 0x7f870f940350>
691	CHEMBL203169	nM	38.0	C[C@@H](c1ccc(-c2cn(C)c(=O)cc2CO)cc1)[C@H](N)C(=O)N1CC[C@H](F)C1.O=C(O)C(F)(F)F	6.42021640338319	<rdkit.Chem.rdchem.Mol object at 0x7f870f9403c0>
692	CHEMBL425039	nM	52.0	Cc1cc(=O)n(C)cc1-c1ccc([C@H](C)[C@H](N)C(=O)N2CC[C@H](F)C2)cc1.O=C(O)C(F)(F)F	6.2839966563652006	<rdkit.Chem.rdchem.Mol object at 0x7f870f940430>
693	CHEMBL424687	nM	61.0	C[C@@H](c1ccc(-c2cn(C)c(=O)cc2F)cc1)[C@H](N)C(=O)N1CC[C@H](F)C1.O=C(O)C(F)(F)F	6.214670164989233	<rdkit.Chem.rdchem.Mol object at 0x7f870f9404a0>
694	CHEMBL383651	nM	69.0	C[C@@H](c1ccc(-c2cc(Br)c(=O)n(C)c2)cc1)[C@H](N)C(=O)N1CC[C@H](F)C1.O=C(O)C(F)(F)F	6.161150909262744	<rdkit.Chem.rdchem.Mol object at 0x7f870f940510>
695	CHEMBL203736	nM	49.0	C[C@@H](c1ccc(-c2cc(F)c(=O)n(C)c2)cc1)[C@H](N)C(=O)N1CC[C@H](F)C1.O=C(O)C(F)(F)F	6.309803919971486	<rdkit.Chem.rdchem.Mol object at 0x7f870f940580>
696	CHEMBL203323	nM	570.0	Cc1c(-c2ccc([C@H](C)[C@H](N)C(=O)N3CC[C@H](F)C3)cc2)cc(Br)c(=O)n1C.O=C(O)C(F)(F)F	5.2441251443275085	<rdkit.Chem.rdchem.Mol object at 0x7f870f9405f0>
697	CHEMBL206252	nM	320.0	Cc1c(-c2ccc([C@H](C)[C@H](N)C(=O)N3CC[C@H](F)C3)cc2)ccc(=O)n1C.O=C(O)C(F)(F)F	5.494850021680094	<rdkit.Chem.rdchem.Mol object at 0x7f870f940660>
698	CHEMBL205872	nM	29.0	C[C@@H](c1ccc(-c2ccc(=O)n(C)c2F)cc1)[C@H](N)C(=O)N1CC[C@H](F)C1.O=C(O)C(F)(F)F	6.5376020021010435	<rdkit.Chem.rdchem.Mol object at 0x7f870f9406d0>
699	CHEMBL206172	nM	229.0	C[C@@H](c1ccc(-c2ccc(=O)n(-c3ccc(F)cc3)c2)cc1)[C@H](N)C(=O)N1CC[C@H](F)C1.O=C(O)C(F)(F)F	5.640164517660112	<rdkit.Chem.rdchem.Mol object at 0x7f870f940740>
700	CHEMBL438258	nM	92.0	CCOC(=O)C(F)(F)n1cc(-c2ccc([C@H](C)[C@H](N)C(=O)N3CC[C@H](F)C3)cc2)ccc1=O.O=C(O)C(F)(F)F	6.036212172654444	<rdkit.Chem.rdchem.Mol object at 0x7f870f9407b0>
701	CHEMBL382674	nM	90.0	CCOC(=O)Cn1cc(-c2ccc([C@H](C)[C@H](N)C(=O)N3CC[C@H](F)C3)cc2)ccc1=O.O=C(O)C(F)(F)F	6.045757490560675	<rdkit.Chem.rdchem.Mol object at 0x7f870f940820>
702	CHEMBL383323	nM	117.0	C[C@@H](c1ccc(-c2ccc(=O)n(CC3CC3)c2)cc1)[C@H](N)C(=O)N1CC[C@H](F)C1.O=C(O)C(F)(F)F	5.931814138253839	<rdkit.Chem.rdchem.Mol object at 0x7f870f940890>
703	CHEMBL206792	nM	74.0	CCn1cc(-c2ccc([C@H](C)[C@H](N)C(=O)N3CC[C@H](F)C3)cc2)ccc1=O.O=C(O)C(F)(F)F	6.130768280269024	<rdkit.Chem.rdchem.Mol object at 0x7f870f940900>
704	CHEMBL206383	nM	34.0	C[C@@H](c1ccc(-c2ccc(=O)n(C)c2)cc1)[C@H](N)C(=O)N1CC[C@H](F)C1.O=C(O)C(F)(F)F	6.468521082957745	<rdkit.Chem.rdchem.Mol object at 0x7f870f940970>
705	CHEMBL382127	nM	36331.80424916991	NCC1(c2ccccc2)CCCC1	3.4397130343970748	<rdkit.Chem.rdchem.Mol object at 0x7f870f9409e0>
706	CHEMBL382382	nM	32999.99999999998	NCC(c1ccccc1Cl)N1CCOCC1	3.481486060122113	<rdkit.Chem.rdchem.Mol object at 0x7f870f940a50>
707	CHEMBL378152	nM	3300.0	NCc1cccnc1-c1ccccc1Cl	4.481486060122112	<rdkit.Chem.rdchem.Mol object at 0x7f870f940ac0>
708	CHEMBL206496	nM	2300.0	NCc1ccccc1-c1ccccc1Cl	4.638272163982407	<rdkit.Chem.rdchem.Mol object at 0x7f870f940b30>
709	CHEMBL203105	nM	37000.0	NCc1c(Cl)cccc1Oc1ccccc1	3.431798275933005	<rdkit.Chem.rdchem.Mol object at 0x7f870f940ba0>
710	CHEMBL206743	nM	75000.0	N[C@H](c1ccccc1)[C@@H](N)c1ccccc1	3.1249387366083	<rdkit.Chem.rdchem.Mol object at 0x7f870f940c10>
711	CHEMBL381340	nM	45000.0	N[C@H](c1ccccc1)[C@H](N)c1ccccc1	3.3467874862246565	<rdkit.Chem.rdchem.Mol object at 0x7f870f940c80>
712	CHEMBL425584	nM	90.0	N[C@@H](CC(=O)N1CCC[C@H]1CNC(=O)c1ccccc1)Cc1ccccc1F	6.045757490560675	<rdkit.Chem.rdchem.Mol object at 0x7f870f940cf0>
713	CHEMBL381806	nM	23.0	NC(=O)[C@@H]1Cc2ccccc2CN1C(=O)C[C@H](N)Cc1ccccc1F	6.638272163982407	<rdkit.Chem.rdchem.Mol object at 0x7f870f940d60>
714	CHEMBL383488	nM	72.0	N#C[C@@H]1CC[C@H](C#N)N1C(=O)CNC12CC3CC(CC1C3)C2	6.142667503568732	<rdkit.Chem.rdchem.Mol object at 0x7f870f940dd0>
715	CHEMBL382045	nM	875.0	N#C[C@@H]1CC[C@H](C#N)N1C(=O)CNC1(CO)Cc2ccccc2C1	5.057991946977687	<rdkit.Chem.rdchem.Mol object at 0x7f870f940e40>
716	CHEMBL207620	nM	771.0	CC1CCC(C)(NCC(=O)N2[C@H](C#N)CC[C@@H]2C#N)C1	5.112945621949043	<rdkit.Chem.rdchem.Mol object at 0x7f870f940eb0>
717	CHEMBL378750	nM	1860.0	CC(C)(C)C(=O)CC1(NCC(=O)N2[C@H](C#N)CC[C@@H]2C#N)CCCC1	4.730487055782084	<rdkit.Chem.rdchem.Mol object at 0x7f870f940f20>
718	CHEMBL208756	nM	955.0	COCCC1(NCC(=O)N2[C@H](C#N)CC[C@@H]2C#N)CCCC1	5.019996628416254	<rdkit.Chem.rdchem.Mol object at 0x7f870f940f90>
719	CHEMBL377749	nM	702.0	N#C[C@@H]1CC[C@H](C#N)N1C(=O)CNC1(COC2CCCCC2)CCCC1	5.153662887870195	<rdkit.Chem.rdchem.Mol object at 0x7f870f941000>
720	CHEMBL378709	nM	454.0	CC(C)COCC1(NCC(=O)N2[C@H](C#N)CC[C@@H]2C#N)CCCC1	5.342944147142896	<rdkit.Chem.rdchem.Mol object at 0x7f870f941070>
721	CHEMBL381111	nM	201.0	CC1(NCC(=O)N2[C@H](C#N)CC[C@@H]2C#N)CCCC1	5.696803942579511	<rdkit.Chem.rdchem.Mol object at 0x7f870f9410e0>
722	CHEMBL208657	nM	123.0	CCCOCC1(NCC(=O)N2[C@H](C#N)CC[C@@H]2C#N)CCCC1	5.910094888560602	<rdkit.Chem.rdchem.Mol object at 0x7f870f941150>
723	CHEMBL209994	nM	91.0	CCCCOCC1(NCC(=O)N2[C@H](C#N)CC[C@@H]2C#N)CCCC1	6.040958607678906	<rdkit.Chem.rdchem.Mol object at 0x7f870f9411c0>
724	CHEMBL379086	nM	84.0	COCC1(NCC(=O)N2[C@H](C#N)CC[C@@H]2C#N)CCCC1	6.075720713938118	<rdkit.Chem.rdchem.Mol object at 0x7f870f941230>
725	CHEMBL209191	nM	64.0	CCOCC1(NCC(=O)N2[C@H](C#N)CC[C@@H]2C#N)CCCC1	6.1938200260161125	<rdkit.Chem.rdchem.Mol object at 0x7f870f9412a0>
726	CHEMBL380681	nM	1220.0	N#C[C@@H]1CC[C@H](C#N)N1C(=O)CNC1(CO)CCOCC1	4.913640169325252	<rdkit.Chem.rdchem.Mol object at 0x7f870f941310>
727	CHEMBL209127	nM	1160.0	N#C[C@@H]1CC[C@H](C#N)N1C(=O)CNC1(Cc2ccccc2)CCC1	4.935542010773082	<rdkit.Chem.rdchem.Mol object at 0x7f870f941380>
728	CHEMBL379260	nM	1110.0	CC(C)(CO)NCC(=O)N1[C@H](C#N)CC[C@@H]1C#N	4.954677021213342	<rdkit.Chem.rdchem.Mol object at 0x7f870f9413f0>
729	CHEMBL377058	nM	689.0	CC1(NCC(=O)N2[C@H](C#N)CC[C@@H]2C#N)CCCCC1	5.161780778092374	<rdkit.Chem.rdchem.Mol object at 0x7f870f941460>
730	CHEMBL208952	nM	687.0	N#C[C@@H]1CC[C@H](C#N)N1C(=O)CNC1(CO)CCCCC1	5.16304326294045	<rdkit.Chem.rdchem.Mol object at 0x7f870f9414d0>
731	CHEMBL208902	nM	663.0	CC(C)(C)NCC(=O)N1[C@H](C#N)CC[C@@H]1C#N	5.178486471595227	<rdkit.Chem.rdchem.Mol object at 0x7f870f941540>
732	CHEMBL209058	nM	651.0	CC(C)(Cc1ccc(F)cc1)NCC(=O)N1[C@H](C#N)CC[C@@H]1C#N	5.186419011431808	<rdkit.Chem.rdchem.Mol object at 0x7f870f9415b0>
733	CHEMBL210259	nM	261.0	CC(C)(NCC(=O)N1[C@H](C#N)CC[C@@H]1C#N)c1ccccc1	5.583359492661719	<rdkit.Chem.rdchem.Mol object at 0x7f870f941620>
734	CHEMBL211024	nM	237.0	N#C[C@@H]1CC[C@H](C#N)N1C(=O)CN[C@H]1C[C@@H]2CC[C@H]1C2	5.6252516539898965	<rdkit.Chem.rdchem.Mol object at 0x7f870f941690>
735	CHEMBL377320	nM	208.0	CC(C)(C)CC(C)(C)NCC(=O)N1[C@H](C#N)CC[C@@H]1C#N	5.681936665037238	<rdkit.Chem.rdchem.Mol object at 0x7f870f941700>
736	CHEMBL208673	nM	164.0	N#C[C@@H]1CC[C@H](C#N)N1C(=O)CNC1(c2ccccc2)CCC1	5.785156151952302	<rdkit.Chem.rdchem.Mol object at 0x7f870f941770>
737	CHEMBL207980	nM	106.0	N#C[C@@H]1CC[C@H](C#N)N1C(=O)CNC12CC3CC(CC(C3)C1)C2	5.97469413473523	<rdkit.Chem.rdchem.Mol object at 0x7f870f9417e0>
738	CHEMBL379522	nM	88.44795688927576	N#C[C@@H]1CC[C@H](C#N)N1C(=O)CNC1(CO)CCCC1	6.053312194658855	<rdkit.Chem.rdchem.Mol object at 0x7f870f941850>
739	CHEMBL207912	nM	74.0	N#C[C@@H]1CC[C@H](C#N)N1C(=O)CNC12CC3CC(CC(O)(C3)C1)C2	6.130768280269024	<rdkit.Chem.rdchem.Mol object at 0x7f870f9418c0>
740	CHEMBL208957	nM	57.00000000000001	CN(C)C(=O)[C@@H](c1ccc(-c2ccn3nccc3n2)cc1)[C@H](N)C(=O)N1CCC(F)(F)C1.O=C(O)C(F)(F)F	6.2441251443275085	<rdkit.Chem.rdchem.Mol object at 0x7f870f941930>
741	CHEMBL210829	nM	34.00000000000001	CN(C)C(=O)[C@@H](c1ccc(-c2ccn3ncnc3c2)cc1)[C@H](N)C(=O)N1CCC(F)(F)C1.O=C(O)C(F)(F)F	6.468521082957745	<rdkit.Chem.rdchem.Mol object at 0x7f870f9419a0>
742	CHEMBL537869	nM	55.000000000000014	CN(C)C(=O)[C@@H](c1ccc(-c2ccc3ncnn3c2)cc1)[C@H](N)C(=O)N1CCC(F)(F)C1.Cl	6.259637310505756	<rdkit.Chem.rdchem.Mol object at 0x7f870f941a10>
743	CHEMBL209064	nM	71.0	CN(C)C(=O)[C@@H](c1ccc(-c2ccc3ncnn3c2)cc1)[C@H](N)C(=O)N1CCC(F)(F)C1.O=C(O)C(F)(F)F	6.1487416512809245	<rdkit.Chem.rdchem.Mol object at 0x7f870f941a80>
744	CHEMBL378048	nM	62.99999999999999	CN(C)C(=O)[C@@H](c1ccc(-c2ccc3ncnn3c2)cc1)[C@H](N)C(=O)N1CCCC1.O=C(O)C(F)(F)F	6.200659450546419	<rdkit.Chem.rdchem.Mol object at 0x7f870f941af0>
745	CHEMBL210974	nM	41.00000000000001	CN(C)C(=O)[C@@H](c1ccc(-c2ccc3ncnn3c2)cc1)[C@H](N)C(=O)N1CC(F)C1.O=C(O)C(F)(F)F	6.3872161432802645	<rdkit.Chem.rdchem.Mol object at 0x7f870f941b60>
746	CHEMBL210621	nM	639.9999999999999	Cc1cc(-c2ccc([C@H](C(=O)N(C)C)[C@H](N)C(=O)N3CC[C@H](F)C3)cc2)cn2ncnc12.O=C(O)C(F)(F)F	5.1938200260161125	<rdkit.Chem.rdchem.Mol object at 0x7f870f941bd0>
747	CHEMBL209111	nM	61.00000000000001	Cc1c(-c2ccc([C@H](C(=O)N(C)C)[C@H](N)C(=O)N3CC[C@H](F)C3)cc2)ccc2ncnn12.O=C(O)C(F)(F)F	6.214670164989233	<rdkit.Chem.rdchem.Mol object at 0x7f870f941c40>
748	CHEMBL209710	nM	223.00000000000003	Cc1nc2ccc(-c3ccc([C@H](C(=O)N(C)C)[C@H](N)C(=O)N4CC[C@H](F)C4)cc3)cn2n1.O=C(O)C(F)(F)F	5.651695136951839	<rdkit.Chem.rdchem.Mol object at 0x7f870f941cb0>
749	CHEMBL379702	nM	176.99999999999994	CN(C)C(=O)[C@@H](c1ccc(-c2ccc3nccn3n2)cc1)[C@H](N)C(=O)N1CC[C@H](F)C1.O=C(O)C(F)(F)F	5.752026733638194	<rdkit.Chem.rdchem.Mol object at 0x7f870f941d20>
750	CHEMBL210459	nM	53.00000000000001	CN(C)C(=O)[C@@H](c1ccc(-c2ccn3nccc3n2)cc1)[C@H](N)C(=O)N1CC[C@H](F)C1.O=C(O)C(F)(F)F	6.275724130399211	<rdkit.Chem.rdchem.Mol object at 0x7f870f941d90>
751	CHEMBL210999	nM	34.99999999999999	CN(C)C(=O)[C@@H](c1ccc(-c2ccn3ncnc3c2)cc1)[C@H](N)C(=O)N1CC[C@H](F)C1.O=C(O)C(F)(F)F	6.455931955649724	<rdkit.Chem.rdchem.Mol object at 0x7f870f941e00>
752	CHEMBL377221	nM	13.266499161421597	CN(C)C(=O)[C@@H](c1ccc(-c2ccc3ncnn3c2)cc1)[C@H](N)C(=O)N1CC[C@H](F)C1.O=C(O)C(F)(F)F	6.877243666092925	<rdkit.Chem.rdchem.Mol object at 0x7f870f941e70>
753	CHEMBL207348	nM	15.999999999999998	CN(C)C(=O)[C@@H](c1ccc(-c2ccc3nncn3c2)cc1)[C@H](N)C(=O)N1CC[C@H](F)C1.O=C(O)C(F)(F)F	6.795880017344075	<rdkit.Chem.rdchem.Mol object at 0x7f870f941ee0>
754	CHEMBL378673	nM	133.0	CN(C)C(=O)[C@@H](c1ccc(-c2ccc3nccn3c2)cc1)[C@H](N)C(=O)N1CC[C@H](F)C1.O=C(O)C(F)(F)F	5.876148359032914	<rdkit.Chem.rdchem.Mol object at 0x7f870f941f50>
755	CHEMBL209162	nM	79.0	CN(C)C(=O)[C@@H](c1ccc(-c2ccc(=O)n(C)c2)cc1)[C@H](N)C(=O)N1CC[C@H](F)C1.O=C(O)C(F)(F)F	6.102372908709558	<rdkit.Chem.rdchem.Mol object at 0x7f870f941fc0>
756	CHEMBL379261	nM	109.0	O=C([C@@H]1CN[C@H](C(=O)N2CCCC2)C1)N1Cc2ccccc2C1	5.962573502059376	<rdkit.Chem.rdchem.Mol object at 0x7f870f942030>
757	CHEMBL210522	nM	984.0	CC1(C)N[C@H](C(=O)N2CCC[C@H]2C#N)C[C@@H]1C(=O)N1Cc2ccccc2C1	5.007004901568658	<rdkit.Chem.rdchem.Mol object at 0x7f870f9420a0>
758	CHEMBL210995	nM	1.7	N#C[C@@H]1CCCN1C(=O)[C@@H]1C[C@H](C(=O)N2Cc3ccccc3C2)CN1	7.769551078621726	<rdkit.Chem.rdchem.Mol object at 0x7f870f942110>
759	CHEMBL427219	nM	129.0	O=C([C@@H]1CN[C@H](C(=O)N2CCC(F)(F)C2)C1)N1Cc2ccccc2C1	5.889410289700751	<rdkit.Chem.rdchem.Mol object at 0x7f870f942180>
760	CHEMBL378086	nM	228.0	O=C([C@@H]1CN[C@H](C(=O)N2CC[C@@H](F)C2)C1)N1Cc2ccccc2C1	5.642065152999546	<rdkit.Chem.rdchem.Mol object at 0x7f870f9421f0>
761	CHEMBL210590	nM	245.0	O=C([C@@H]1CN[C@H](C(=O)N2CC[C@H](F)C2)C1)N1Cc2ccccc2C1	5.610833915635467	<rdkit.Chem.rdchem.Mol object at 0x7f870f942260>
762	CHEMBL210353	nM	84.0	O=C([C@@H]1CN[C@H](C(=O)N2CCSC2)C1)N1Cc2ccccc2C1	6.075720713938118	<rdkit.Chem.rdchem.Mol object at 0x7f870f9422d0>
763	CHEMBL210941	nM	2587.0	O=C(NCCc1ccccc1)[C@@H]1CN[C@H](C(=O)N2CCCC2)C1	4.587203571283457	<rdkit.Chem.rdchem.Mol object at 0x7f870f942340>
764	CHEMBL210920	nM	1957.0	O=C(NCc1ccccc1)[C@@H]1CN[C@H](C(=O)N2CCCC2)C1	4.708409174341999	<rdkit.Chem.rdchem.Mol object at 0x7f870f9423b0>
765	CHEMBL380240	nM	4130.0	O=C(Nc1ccccc1)[C@@H]1CN[C@H](C(=O)N2CCCC2)C1	4.384049948343599	<rdkit.Chem.rdchem.Mol object at 0x7f870f942420>
766	CHEMBL377776	nM	144.0	O=C([C@@H]1CN[C@H](C(=O)N2CCCC2)C1)N1Cc2cc(Cl)c(Cl)cc2C1	5.841637507904751	<rdkit.Chem.rdchem.Mol object at 0x7f870f942490>
767	CHEMBL209981	nM	72.0	Cc1ccc2c(c1)CN(C(=O)[C@@H]1CN[C@H](C(=O)N3CCCC3)C1)C2	6.142667503568732	<rdkit.Chem.rdchem.Mol object at 0x7f870f942500>
768	CHEMBL210718	nM	73.0	O=C([C@@H]1CN[C@H](C(=O)N2CCCC2)C1)N1Cc2ccc(C(F)(F)F)cc2C1	6.136677139879544	<rdkit.Chem.rdchem.Mol object at 0x7f870f942570>
769	CHEMBL208964	nM	50.0	O=C([C@@H]1CN[C@H](C(=O)N2CCCC2)C1)N1Cc2ccc(Cl)cc2C1	6.301029995663981	<rdkit.Chem.rdchem.Mol object at 0x7f870f9425e0>
770	CHEMBL210225	nM	73.0	O=C([C@@H]1CN[C@H](C(=O)N2CCCC2)C1)N1Cc2ccc(F)cc2C1	6.136677139879544	<rdkit.Chem.rdchem.Mol object at 0x7f870f942650>
771	CHEMBL215299	nM	325000.0	C[C@@H](C[C@H](N)C(=O)N1CCCCC1)NCc1ccc(Cl)cc1	2.4881166390211256	<rdkit.Chem.rdchem.Mol object at 0x7f870f9426c0>
772	CHEMBL214580	nM	234000.0	CCC(C)[C@@H](C[C@H](N)C(=O)N1CCCCC1)NCc1ccc(Cl)cc1	2.630784142589857	<rdkit.Chem.rdchem.Mol object at 0x7f870f942730>
773	CHEMBL216253	nM	4.0	CN1C(=O)C=C(N2CCC[C@@H](N)C2)C(Cc2ccccc2C#N)C1=O	7.3979400086720375	<rdkit.Chem.rdchem.Mol object at 0x7f870f9427a0>
774	CHEMBL1422	nM	20.17217404599474	N[C@@H](CC(=O)N1CCn2c(nnc2C(F)(F)F)C1)Cc1cc(F)c(F)cc1F	6.695247293393678	<rdkit.Chem.rdchem.Mol object at 0x7f870f942810>
775	CHEMBL216186	nM	27.0	N[C@@H](CC(=O)N1CCn2c(nnc2C(F)(F)F)C1)Cc1cc(F)ccc1F	6.568636235841013	<rdkit.Chem.rdchem.Mol object at 0x7f870f942880>
776	CHEMBL217051	nM	7.2	C[C@@H]1c2nnc(C(F)(F)F)n2CCN1C(=O)C[C@H](N)Cc1cc(F)ccc1F	7.142667503568731	<rdkit.Chem.rdchem.Mol object at 0x7f870f9428f0>
777	CHEMBL384816	nM	160.0	C[C@@H]1C(=O)NCN1C(=O)C[C@H](N)Cc1cc(F)ccc1F	5.795880017344075	<rdkit.Chem.rdchem.Mol object at 0x7f870f942960>
778	CHEMBL217015	nM	89.0	C[C@@H]1C(=O)NCCN1C(=O)C[C@H](N)Cc1cc(F)ccc1F	6.050609993355087	<rdkit.Chem.rdchem.Mol object at 0x7f870f9429d0>
779	CHEMBL217016	nM	14.0	C[C@@H]1C(=O)NCCCN1C(=O)C[C@H](N)Cc1cc(F)ccc1F	6.853871964321762	<rdkit.Chem.rdchem.Mol object at 0x7f870f942a40>
780	CHEMBL385711	nM	6.6	C[C@@H]1C(=O)NCCCN1C(=O)C[C@H](N)Cc1cc(F)c(F)cc1F	7.180456064458132	<rdkit.Chem.rdchem.Mol object at 0x7f870f942ab0>
781	CHEMBL217005	nM	150.0	C[C@H]1C(=O)NCCCN1C(=O)C[C@H](N)Cc1cc(F)c(F)cc1F	5.823908740944319	<rdkit.Chem.rdchem.Mol object at 0x7f870f942b20>
782	CHEMBL216234	nM	2300.0	C[C@H]1C(=O)NCCCN1C(=O)C[C@@H](N)Cc1cc(F)c(F)cc1F	4.638272163982407	<rdkit.Chem.rdchem.Mol object at 0x7f870f942b90>
783	CHEMBL384382	nM	67000.0	C[C@@H]1C(=O)NCCCN1C(=O)C[C@@H](N)Cc1cc(F)c(F)cc1F	3.1739251972991736	<rdkit.Chem.rdchem.Mol object at 0x7f870f942c00>
784	CHEMBL216643	nM	142.00000000000003	N[C@@H](CC(=O)N1CCCNC(=O)C1)Cc1cc(F)c(F)cc1F	5.847711655616943	<rdkit.Chem.rdchem.Mol object at 0x7f870f942c70>
785	CHEMBL218459	nM	16.0	CC[C@@H]1C(=O)NCCCN1C(=O)C[C@H](N)Cc1cc(F)c(F)cc1F	6.795880017344075	<rdkit.Chem.rdchem.Mol object at 0x7f870f942ce0>
786	CHEMBL386380	nM	0.91	N[C@@H](CC(=O)N1CCCNC(=O)[C@H]1Cc1ccccc1)Cc1cc(F)c(F)cc1F	8.040958607678906	<rdkit.Chem.rdchem.Mol object at 0x7f870f942d50>
787	CHEMBL216178	nM	0.49	N[C@@H](CC(=O)N1CCCNC(=O)[C@H]1Cc1ccccn1)Cc1cc(F)c(F)cc1F	8.309803919971486	<rdkit.Chem.rdchem.Mol object at 0x7f870f942dc0>
788	CHEMBL217702	nM	0.29	N[C@@H](CC(=O)N1CCCNC(=O)[C@H]1Cc1cnccn1)Cc1cc(F)c(F)cc1F	8.537602002101044	<rdkit.Chem.rdchem.Mol object at 0x7f870f942e30>
789	CHEMBL217271	nM	2.6	N[C@@H](CC(=O)N1CCCNC(=O)[C@H]1CC(F)(F)F)Cc1cc(F)c(F)cc1F	7.585026652029182	<rdkit.Chem.rdchem.Mol object at 0x7f870f942ea0>
790	CHEMBL216383	nM	207.0	CC(C)(CC(=O)Nc1ccccc1)NCC(=O)N1CCC[C@H]1C#N	5.684029654543083	<rdkit.Chem.rdchem.Mol object at 0x7f870f942f10>
791	CHEMBL385637	nM	197.0	CC(C)(CC(=O)Nc1ccc(F)cc1)NCC(=O)N1CCC[C@H]1C#N	5.705533773838407	<rdkit.Chem.rdchem.Mol object at 0x7f870f942f80>
792	CHEMBL384985	nM	253.0	COc1ccc(NC(=O)CC(C)(C)NCC(=O)N2CCC[C@H]2C#N)cc1	5.5968794788241825	<rdkit.Chem.rdchem.Mol object at 0x7f870f942ff0>
793	CHEMBL386326	nM	225.0	CC(C)(CC(=O)Nc1ccc(F)c(F)c1)NCC(=O)N1CCC[C@H]1C#N	5.647817481888637	<rdkit.Chem.rdchem.Mol object at 0x7f870f943060>
794	CHEMBL385394	nM	174.0	Cc1ccc(NC(=O)CC(C)(C)NCC(=O)N2CCC[C@H]2C#N)cc1C	5.7594507517174005	<rdkit.Chem.rdchem.Mol object at 0x7f870f9430d0>
795	CHEMBL217198	nM	115.99999999999999	COc1ccc(NC(=O)CC(C)(C)NCC(=O)N2CCC[C@H]2C#N)cc1OC	5.935542010773082	<rdkit.Chem.rdchem.Mol object at 0x7f870f943140>
796	CHEMBL217059	nM	127.0	COc1ccc(NC(=O)CC(C)(C)NCC(=O)N2CCC[C@H]2C#N)c(OC)c1OC	5.896196279044043	<rdkit.Chem.rdchem.Mol object at 0x7f870f9431b0>
797	CHEMBL217060	nM	269.0	CC(C)(CC(=O)Nc1ccc(-c2ccccc2)cc1)NCC(=O)N1CCC[C@H]1C#N	5.570247719997592	<rdkit.Chem.rdchem.Mol object at 0x7f870f943220>
798	CHEMBL216377	nM	239.0	CC(C)(CC(=O)NCc1ccccc1)NCC(=O)N1CCC[C@H]1C#N	5.621602099051862	<rdkit.Chem.rdchem.Mol object at 0x7f870f943290>
799	CHEMBL216453	nM	190.0	CC(C)(CC(=O)NCc1ccc(C(F)(F)F)cc1)NCC(=O)N1CCC[C@H]1C#N	5.721246399047171	<rdkit.Chem.rdchem.Mol object at 0x7f870f943300>
800	CHEMBL216296	nM	433.0	CC(C)(CC(=O)NCc1ccccn1)NCC(=O)N1CCC[C@H]1C#N	5.363512103646634	<rdkit.Chem.rdchem.Mol object at 0x7f870f943370>
801	CHEMBL216203	nM	911.0	C[C@H](CC(=O)NC(C)(C)c1ccccc1)NCC(=O)N1CCC[C@H]1C#N	5.040481623027001	<rdkit.Chem.rdchem.Mol object at 0x7f870f9433e0>
802	CHEMBL217245	nM	42.0	C[C@@H](CC(=O)NC(C)(C)c1ccccc1)NCC(=O)N1CCC[C@H]1C#N	6.376750709602099	<rdkit.Chem.rdchem.Mol object at 0x7f870f943450>
803	CHEMBL274770	nM	144.0	CC(C)(CC(=O)NCCc1ccccc1)NCC(=O)N1CCC[C@H]1C#N	5.841637507904751	<rdkit.Chem.rdchem.Mol object at 0x7f870f9434c0>
804	CHEMBL217212	nM	1300.0	CC(C)(CC(=O)NC(C)(C)Cc1ccccc1)NCC(=O)N1CCC[C@H]1C#N	4.886056647693163	<rdkit.Chem.rdchem.Mol object at 0x7f870f943530>
805	CHEMBL217339	nM	252.0	Cc1ccc(CCNC(=O)CC(C)(C)NCC(=O)N2CCC[C@H]2C#N)cc1	5.598599459218456	<rdkit.Chem.rdchem.Mol object at 0x7f870f9435a0>
806	CHEMBL274103	nM	236.0	CC(C)(CC(=O)NCCc1ccc(C(F)(F)F)cc1)NCC(=O)N1CCC[C@H]1C#N	5.627087997029894	<rdkit.Chem.rdchem.Mol object at 0x7f870f943610>
807	CHEMBL384493	nM	247.0	CC(C)(CC(=O)NCCc1cccc(C(F)(F)F)c1)NCC(=O)N1CCC[C@H]1C#N	5.607303046740334	<rdkit.Chem.rdchem.Mol object at 0x7f870f943680>
808	CHEMBL216878	nM	320.0	CC(C)(CC(=O)NCCc1ccccc1C(F)(F)F)NCC(=O)N1CCC[C@H]1C#N	5.494850021680094	<rdkit.Chem.rdchem.Mol object at 0x7f870f9436f0>
809	CHEMBL217290	nM	232.0	COc1ccc(CCNC(=O)CC(C)(C)NCC(=O)N2CCC[C@H]2C#N)cc1OC	5.634512015109101	<rdkit.Chem.rdchem.Mol object at 0x7f870f943760>
810	CHEMBL218393	nM	181.0	CC(C)(CC(=O)NCCc1ccc(Cl)c(Cl)c1)NCC(=O)N1CCC[C@H]1C#N	5.7423214251308154	<rdkit.Chem.rdchem.Mol object at 0x7f870f9437d0>
811	CHEMBL218026	nM	118.0	CC(C)(CC(=O)NCCc1ccccn1)NCC(=O)N1CCC[C@H]1C#N	5.928117992693875	<rdkit.Chem.rdchem.Mol object at 0x7f870f943840>
812	CHEMBL218289	nM	83.99999999999999	C[C@H](CCc1ccc(C(N)=O)cc1)NCC(=O)c1ccc(F)cc1	6.075720713938118	<rdkit.Chem.rdchem.Mol object at 0x7f870f9438b0>
813	CHEMBL217388	nM	280.0	C[C@H](CCc1ccc(C(N)=O)cc1)NCC(=O)c1ccccc1	5.552841968657781	<rdkit.Chem.rdchem.Mol object at 0x7f870f943920>
814	CHEMBL217017	nM	39.0	C[C@H](CCc1ccc(C(N)=O)cc1)NCC(=O)c1ccc(F)c(F)c1	6.4089353929735005	<rdkit.Chem.rdchem.Mol object at 0x7f870f943990>
815	CHEMBL217532	nM	3800.0	C[C@H](CCc1ccc(C(N)=O)cc1)NCC(=O)c1ccccc1F	4.42021640338319	<rdkit.Chem.rdchem.Mol object at 0x7f870f943a00>
816	CHEMBL217801	nM	820.0	C[C@H](CCc1ccc(C(N)=O)cc1)NCC(=O)c1ccc(Cl)cc1	5.086186147616283	<rdkit.Chem.rdchem.Mol object at 0x7f870f943a70>
817	CHEMBL386895	nM	21000.0	Cc1ccc(C(=O)CN[C@H](C)CCc2ccc(C(N)=O)cc2)cc1	3.677780705266081	<rdkit.Chem.rdchem.Mol object at 0x7f870f943ae0>
818	CHEMBL554090	nM	110.0	C[C@H](CCc1ccc(C(N)=O)cc1)NCC(=O)c1ccsc1	5.958607314841775	<rdkit.Chem.rdchem.Mol object at 0x7f870f943b50>
819	CHEMBL553006	nM	340.0	C[C@H](COc1ccc(C(N)=O)cc1)NCC(=O)c1ccsc1	5.468521082957745	<rdkit.Chem.rdchem.Mol object at 0x7f870f943bc0>
820	CHEMBL541664	nM	5.0	NC(=O)c1ccc(OCC2(NCC(=O)c3ccsc3)CCCC2)cc1	7.301029995663981	<rdkit.Chem.rdchem.Mol object at 0x7f870f943c30>
821	CHEMBL216854	nM	19700.0	C[C@H](c1nc(-c2ccccc2)no1)[C@H](N)C(=O)N1CCCC1	3.705533773838407	<rdkit.Chem.rdchem.Mol object at 0x7f870f943ca0>
822	CHEMBL374936	nM	122.0	C[C@H](c1nc(-c2ccc(S(C)(=O)=O)cc2)no1)[C@H](N)C(=O)N1CCCC1	5.913640169325252	<rdkit.Chem.rdchem.Mol object at 0x7f870f943d10>
823	CHEMBL219602	nM	190.0	C[C@H](c1nc(-c2ccc(S(N)(=O)=O)cc2)no1)[C@H](N)C(=O)N1CCCC1	5.721246399047171	<rdkit.Chem.rdchem.Mol object at 0x7f870f943d80>
824	CHEMBL218882	nM	330.0	C[C@H](c1nc(-c2ccc(S(=O)(=O)C(F)(F)F)cc2)no1)[C@H](N)C(=O)N1CCCC1	5.481486060122113	<rdkit.Chem.rdchem.Mol object at 0x7f870f943df0>
825	CHEMBL220301	nM	1610.0	C[C@H](c1nc(-c2ccc(C(F)(F)F)cc2)no1)[C@H](N)C(=O)N1CCCC1	4.79317412396815	<rdkit.Chem.rdchem.Mol object at 0x7f870f943e60>
826	CHEMBL220249	nM	1800.0000000000005	C[C@H](c1nc(-c2ccc(OC(F)(F)F)cc2)no1)[C@H](N)C(=O)N1CCCC1	4.7447274948966935	<rdkit.Chem.rdchem.Mol object at 0x7f870f943ed0>
827	CHEMBL220021	nM	3820.0	C[C@H](c1nc(-c2ccc(Cl)cc2)no1)[C@H](N)C(=O)N1CCCC1	4.4179366370882915	<rdkit.Chem.rdchem.Mol object at 0x7f870f943f40>
828	CHEMBL375875	nM	15600.0	C[C@H](c1nc(-c2cccc(C(F)(F)F)c2)no1)[C@H](N)C(=O)N1CCCC1	3.8068754016455384	<rdkit.Chem.rdchem.Mol object at 0x7f870f944040>
829	CHEMBL375414	nM	990.0	C[C@H](c1nc(-c2ccccc2Cl)no1)[C@H](N)C(=O)N1CCCC1	5.00436480540245	<rdkit.Chem.rdchem.Mol object at 0x7f870f9440b0>
830	CHEMBL219370	nM	4820.0	C[C@H](c1nc(-c2ccccc2C(F)(F)F)no1)[C@H](N)C(=O)N1CCCC1	4.31695296176115	<rdkit.Chem.rdchem.Mol object at 0x7f870f944120>
831	CHEMBL219369	nM	4790.0	C[C@H](c1nc(-c2ccccc2F)no1)[C@H](N)C(=O)N1CCCC1	4.319664486585436	<rdkit.Chem.rdchem.Mol object at 0x7f870f944190>
832	CHEMBL426335	nM	12400.0	C[C@H](c1nc(-c2ccccc2OC(F)(F)F)no1)[C@H](N)C(=O)N1CCCC1	3.906578314837765	<rdkit.Chem.rdchem.Mol object at 0x7f870f944200>
833	CHEMBL216774	nM	1820.0	C[C@H](c1nc(-c2ccccc2C(F)F)no1)[C@H](N)C(=O)N1CCCC1	4.739928612014925	<rdkit.Chem.rdchem.Mol object at 0x7f870f944270>
834	CHEMBL219278	nM	43.0	C[C@H](c1nc(-c2ccc(S(C)(=O)=O)cc2F)no1)[C@H](N)C(=O)N1CCCC1	6.366531544420414	<rdkit.Chem.rdchem.Mol object at 0x7f870f9442e0>
835	CHEMBL216835	nM	17.0	C[C@H](c1nc(-c2ccc(S(C)(=O)=O)cc2Cl)no1)[C@H](N)C(=O)N1CCCC1	6.769551078621726	<rdkit.Chem.rdchem.Mol object at 0x7f870f944350>
836	CHEMBL386812	nM	8.0	C[C@H](c1nc(-c2ccc(NS(C)(=O)=O)cc2Cl)no1)[C@H](N)C(=O)N1CCCC1.O=C(O)C(F)(F)F	7.096910013008056	<rdkit.Chem.rdchem.Mol object at 0x7f870f9443c0>
837	CHEMBL216855	nM	830.0	C[C@H](c1nc(-c2ccc(F)cc2Cl)no1)[C@H](N)C(=O)N1CCCC1	5.080921907623926	<rdkit.Chem.rdchem.Mol object at 0x7f870f944430>
838	CHEMBL374703	nM	160.0	C[C@H](c1nc(-c2ccc(Br)cc2Cl)no1)[C@H](N)C(=O)N1CCCC1	5.795880017344075	<rdkit.Chem.rdchem.Mol object at 0x7f870f9444a0>
839	CHEMBL438992	nM	202.99999999999997	C[C@H](c1nc(-c2ccc(Cl)cc2Cl)no1)[C@H](N)C(=O)N1CCCC1.O=C(O)C(F)(F)F	5.692503962086787	<rdkit.Chem.rdchem.Mol object at 0x7f870f944510>
840	CHEMBL374032	nM	4590.0	C[C@H](c1nc(-c2ccc(F)cc2F)no1)[C@H](N)C(=O)N1CCCC1	4.338187314462739	<rdkit.Chem.rdchem.Mol object at 0x7f870f944580>
841	CHEMBL219382	nM	7360.0	C[C@H](c1nc(-c2cc(Cl)cc(Cl)c2)no1)[C@H](N)C(=O)N1CCCC1	4.133122185662502	<rdkit.Chem.rdchem.Mol object at 0x7f870f9445f0>
842	CHEMBL218911	nM	520.0	C[C@H](c1nc(-c2ccc(NS(C)(=O)=O)cc2)no1)[C@H](N)C(=O)N1CCCC1	5.2839966563652006	<rdkit.Chem.rdchem.Mol object at 0x7f870f944660>
843	CHEMBL375146	nM	19.0	C[C@H](c1nc(-c2ccc(NS(C)(=O)=O)cc2Cl)no1)[C@H](N)C(=O)N1CCC(F)(F)C1.O=C(O)C(F)(F)F	6.721246399047171	<rdkit.Chem.rdchem.Mol object at 0x7f870f9446d0>
844	CHEMBL218776	nM	19.0	C[C@H](c1nc(-c2ccc(NS(C)(=O)=O)cc2Cl)no1)[C@H](N)C(=O)N1CC[C@@H](F)C1.O=C(O)C(F)(F)F	6.721246399047171	<rdkit.Chem.rdchem.Mol object at 0x7f870f944740>
845	CHEMBL387333	nM	19.0	C[C@H](c1nc(-c2ccc(NS(C)(=O)=O)cc2Cl)no1)[C@H](N)C(=O)N1CC[C@H](F)C1.O=C(O)C(F)(F)F	6.721246399047171	<rdkit.Chem.rdchem.Mol object at 0x7f870f9447b0>
846	CHEMBL218306	nM	3050.0	C[C@H](c1n[nH]c(-c2ccc(Cl)cc2Cl)n1)[C@H](N)C(=O)N1CCCC1.O=C(O)C(F)(F)F	4.515700160653214	<rdkit.Chem.rdchem.Mol object at 0x7f870f944820>
847	CHEMBL218254	nM	1830.0	C[C@H](c1nc(-c2ccc(Cl)cc2Cl)co1)[C@H](N)C(=O)N1CCCC1.O=C(O)C(F)(F)F	4.73754891026957	<rdkit.Chem.rdchem.Mol object at 0x7f870f944890>
848	CHEMBL220404	nM	1210.0	C[C@H](c1noc(-c2ccc(Cl)cc2Cl)n1)[C@H](N)C(=O)N1CCCC1.O=C(O)C(F)(F)F	4.91721462968355	<rdkit.Chem.rdchem.Mol object at 0x7f870f944900>
849	CHEMBL220402	nM	560.0	C[C@H](c1nnc(-c2ccc(Cl)cc2Cl)o1)[C@H](N)C(=O)N1CCCC1.O=C(O)C(F)(F)F	5.251811972993799	<rdkit.Chem.rdchem.Mol object at 0x7f870f944970>
850	CHEMBL375745	nM	18.999999999999996	CS(=O)(=O)c1ccc(-c2noc([C@@H](CC3CC3)[C@H](N)C(=O)N3CC[C@H](F)C3)n2)c(F)c1.O=C(O)C(F)(F)F	6.721246399047171	<rdkit.Chem.rdchem.Mol object at 0x7f870f9449e0>
851	CHEMBL219434	nM	31.0	Cc1cc(S(C)(=O)=O)ccc1-c1noc([C@@H](CC2CC2)[C@H](N)C(=O)N2CC[C@H](F)C2)n1.O=C(O)C(F)(F)F	6.508638306165727	<rdkit.Chem.rdchem.Mol object at 0x7f870f944a50>
852	CHEMBL375442	nM	52.0	CS(=O)(=O)c1ccc(-c2noc([C@@H](CC3CC3)[C@H](N)C(=O)N3CC[C@H](F)C3)n2)cc1.O=C(O)C(F)(F)F	6.2839966563652006	<rdkit.Chem.rdchem.Mol object at 0x7f870f944ac0>
853	CHEMBL220357	nM	70.00000000000003	CS(=O)(=O)c1ccc(-c2noc([C@@H](CCO)[C@H](N)C(=O)N3CC[C@H](F)C3)n2)c(Cl)c1.O=C(O)C(F)(F)F	6.154901959985743	<rdkit.Chem.rdchem.Mol object at 0x7f870f944b30>
854	CHEMBL219371	nM	13.0	CC(C)C[C@H](c1nc(-c2ccc(S(C)(=O)=O)cc2Cl)no1)[C@H](N)C(=O)N1CC[C@H](F)C1.O=C(O)C(F)(F)F	6.886056647693163	<rdkit.Chem.rdchem.Mol object at 0x7f870f944ba0>
855	CHEMBL376498	nM	13.0	CS(=O)(=O)c1ccc(-c2noc([C@@H](CC3CC3)[C@H](N)C(=O)N3CC[C@H](F)C3)n2)c(Cl)c1.O=C(O)C(F)(F)F	6.886056647693163	<rdkit.Chem.rdchem.Mol object at 0x7f870f944c10>
856	CHEMBL435320	nM	40.0	C[C@H](c1nc(-c2ccc(S(C)(=O)=O)cc2Cl)no1)[C@H](N)C(=O)N1CC[C@H](F)C1.O=C(O)C(F)(F)F	6.3979400086720375	<rdkit.Chem.rdchem.Mol object at 0x7f870f944c80>
857	CHEMBL223114	nM	147.0	O=C([C@@H]1C[C@H](Nc2ccccc2)CN1)N1CCSC1	5.8326826652518236	<rdkit.Chem.rdchem.Mol object at 0x7f870f944cf0>
858	CHEMBL223916	nM	6.5	O=C([C@@H]1C[C@H](N2CCc3cc(Br)ccc32)CN1)N1CCSC1	7.187086643357144	<rdkit.Chem.rdchem.Mol object at 0x7f870f944d60>
859	CHEMBL223915	nM	45.4	O=C([C@@H]1C[C@H](Nc2ccc(Cl)cc2)CN1)N1CCSC1	6.342944147142896	<rdkit.Chem.rdchem.Mol object at 0x7f870f944dd0>
860	CHEMBL390512	nM	7.0	O=C([C@@H]1C[C@H](N2CCc3cc(Cl)ccc32)CN1)N1CCSC1	7.154901959985743	<rdkit.Chem.rdchem.Mol object at 0x7f870f944e40>
861	CHEMBL223914	nM	5.8	O=C([C@@H]1C[C@H](N2CCc3cc(F)ccc32)CN1)N1CCSC1	7.236572006437063	<rdkit.Chem.rdchem.Mol object at 0x7f870f944eb0>
862	CHEMBL411561	nM	51.5	COc1ccc(N[C@@H]2CN[C@H](C(=O)N3CCSC3)C2)cc1	6.288192770958809	<rdkit.Chem.rdchem.Mol object at 0x7f870f944f20>
863	CHEMBL388111	nM	4.8	COc1ccc2c(c1)CCN2[C@@H]1CN[C@H](C(=O)N2CCSC2)C1	7.318758762624412	<rdkit.Chem.rdchem.Mol object at 0x7f870f944f90>
864	CHEMBL224346	nM	19.2	O=C([C@@H]1C[C@H](Nc2ccc([N+](=O)[O-])cc2)CN1)N1CCSC1	6.716698771296451	<rdkit.Chem.rdchem.Mol object at 0x7f870f945000>
865	CHEMBL225493	nM	7.9	O=C([C@@H]1C[C@H](N2CCc3cc([N+](=O)[O-])ccc32)CN1)N1CCSC1	7.102372908709558	<rdkit.Chem.rdchem.Mol object at 0x7f870f945070>
866	CHEMBL389244	nM	11.0	O=C([C@@H]1C[C@H](N2CCc3ccccc32)CN1)N1CCSC1	6.958607314841775	<rdkit.Chem.rdchem.Mol object at 0x7f870f9450e0>
867	CHEMBL223865	nM	112.0	O=C([C@@H]1C[C@H](N2CCCc3ccccc32)CN1)N1CCSC1	5.950781977329818	<rdkit.Chem.rdchem.Mol object at 0x7f870f945150>
868	CHEMBL227615	nM	26.4	O=C([C@@H]1C[C@H](N2Cc3ccccc3C2)CN1)N1CCSC1	6.578396073130169	<rdkit.Chem.rdchem.Mol object at 0x7f870f9451c0>
869	CHEMBL228032	nM	228.0	N#Cc1ccc(CN(C(=O)c2ccc(C#N)cc2)[C@@H]2CN[C@H](C(=O)N3CCSC3)C2)cc1	5.642065152999546	<rdkit.Chem.rdchem.Mol object at 0x7f870f945230>
870	CHEMBL226771	nM	17.0	N#Cc1ccc(CN(CCO)[C@@H]2CN[C@H](C(=O)N3CCSC3)C2)cc1	6.769551078621726	<rdkit.Chem.rdchem.Mol object at 0x7f870f9452a0>
871	CHEMBL227482	nM	16.8	N#Cc1ccc(CN(CC(=O)O)[C@@H]2CN[C@H](C(=O)N3CCSC3)C2)cc1	6.774690718274137	<rdkit.Chem.rdchem.Mol object at 0x7f870f945310>
872	CHEMBL228243	nM	13.9	N#Cc1ccc(CN(CC(N)=O)[C@@H]2CN[C@H](C(=O)N3CCSC3)C2)cc1	6.856985199745905	<rdkit.Chem.rdchem.Mol object at 0x7f870f945380>
873	CHEMBL389624	nM	13.6	CCOC(=O)CN(Cc1ccc(C#N)cc1)[C@@H]1CN[C@H](C(=O)N2CCSC2)C1	6.866461091629782	<rdkit.Chem.rdchem.Mol object at 0x7f870f9453f0>
874	CHEMBL228021	nM	6.4	N#Cc1ccc(CN(Cc2ccc(C#N)cc2)[C@@H]2CN[C@H](C(=O)N3CCSC3)C2)cc1	7.1938200260161125	<rdkit.Chem.rdchem.Mol object at 0x7f870f945460>
875	CHEMBL389848	nM	9.1	CCCCN(Cc1ccc(C#N)cc1)[C@@H]1CN[C@H](C(=O)N2CCSC2)C1	7.040958607678906	<rdkit.Chem.rdchem.Mol object at 0x7f870f9454d0>
876	CHEMBL227800	nM	7.1	CC(C)N(Cc1ccc(C#N)cc1)[C@@H]1CN[C@H](C(=O)N2CCSC2)C1	7.1487416512809245	<rdkit.Chem.rdchem.Mol object at 0x7f870f945540>
877	CHEMBL227737	nM	9.6	CN(Cc1ccc(C#N)cc1)[C@@H]1CN[C@H](C(=O)N2CCSC2)C1	7.017728766960432	<rdkit.Chem.rdchem.Mol object at 0x7f870f9455b0>
878	CHEMBL227418	nM	85.9	N#Cc1ccc(NC(=O)N[C@@H]2CN[C@H](C(=O)N3CCSC3)C2)cc1	6.066006836168758	<rdkit.Chem.rdchem.Mol object at 0x7f870f945620>
879	CHEMBL376562	nM	154.0	O=C(Nc1ccccc1)N[C@@H]1CN[C@H](C(=O)N2CCSC2)C1	5.8124792791635365	<rdkit.Chem.rdchem.Mol object at 0x7f870f945690>
880	CHEMBL441559	nM	37.2	N#Cc1ccc(C(=O)N[C@@H]2CN[C@H](C(=O)N3CCSC3)C2)cc1	6.429457060118103	<rdkit.Chem.rdchem.Mol object at 0x7f870f945700>
881	CHEMBL223497	nM	34.0	N#Cc1ccc(CN[C@@H]2CN[C@H](C(=O)N3CCSC3)C2)cc1	6.468521082957745	<rdkit.Chem.rdchem.Mol object at 0x7f870f945770>
882	CHEMBL223060	nM	181.0	O=C([C@@H]1C[C@H](NCc2ccccc2)CN1)N1CCSC1	5.7423214251308154	<rdkit.Chem.rdchem.Mol object at 0x7f870f9457e0>
883	CHEMBL374688	nM	25.2	N#Cc1ccc(N[C@@H]2CN[C@H](C(=O)N3CCSC3)C2)cc1	6.598599459218456	<rdkit.Chem.rdchem.Mol object at 0x7f870f945850>
884	CHEMBL390513	nM	25.399999999999995	N#Cc1ccc(N[C@@H]2CN[C@H](C(=O)N3CCSC3)C2)nc1	6.595166283380062	<rdkit.Chem.rdchem.Mol object at 0x7f870f9458c0>
885	CHEMBL224435	nM	538.0	O=C([C@@H]1CCCN1)N1CCSC1	5.269217724333611	<rdkit.Chem.rdchem.Mol object at 0x7f870f945930>
886	CHEMBL224419	nM	270.0	N#Cc1ccc(NCCNCC(=O)N2CCSC2)nc1	5.568636235841013	<rdkit.Chem.rdchem.Mol object at 0x7f870f9459a0>
887	CHEMBL2068511	nM	4.2	C[C@@H](B(O)O)N1CC[C@@H](N)C1=O	7.376750709602099	<rdkit.Chem.rdchem.Mol object at 0x7f870f945a10>
888	CHEMBL2068512	nM	460.0000000000001	C[C@@H](B(O)O)N1CC[C@H](N)C1=O	5.337242168318426	<rdkit.Chem.rdchem.Mol object at 0x7f870f945a80>
889	CHEMBL227954	nM	13.0	N#Cc1ccccc1Cn1c(N2CCC[C@@H](N)C2)nc2ccccc2c1=O	6.886056647693163	<rdkit.Chem.rdchem.Mol object at 0x7f870f945af0>
890	CHEMBL227356	nM	18.0	N#Cc1ccccc1Cn1c(N2CCC[C@@H](N)C2)nc2cc(N3CCOCC3)c(F)cc2c1=O	6.7447274948966935	<rdkit.Chem.rdchem.Mol object at 0x7f870f945b60>
891	CHEMBL390776	nM	30.0	COc1cccc2c(=O)n(Cc3ccccc3C#N)c(N3CCCC(N)C3)nc12	6.522878745280337	<rdkit.Chem.rdchem.Mol object at 0x7f870f945bd0>
892	CHEMBL227089	nM	19.0	COc1cc2nc(N3CCC[C@@H](N)C3)n(Cc3ccccc3C#N)c(=O)c2cc1OC	6.721246399047171	<rdkit.Chem.rdchem.Mol object at 0x7f870f945c40>
893	CHEMBL375508	nM	4.0	COc1cc2c(=O)n(Cc3ccccc3C#N)c(N3CCC[C@@H](N)C3)nc2cc1F	7.3979400086720375	<rdkit.Chem.rdchem.Mol object at 0x7f870f945cb0>
894	CHEMBL227670	nM	8.0	COc1ccc2nc(N3CCC[C@@H](N)C3)n(Cc3ccccc3C#N)c(=O)c2c1	7.096910013008056	<rdkit.Chem.rdchem.Mol object at 0x7f870f945d20>
895	CHEMBL227676	nM	5.0	N#Cc1ccccc1Cn1c(N2CCC[C@@H](N)C2)nc2ccc(Br)cc2c1=O	7.301029995663981	<rdkit.Chem.rdchem.Mol object at 0x7f870f945d90>
896	CHEMBL390529	nM	13.0	N#Cc1ccccc1Cn1c(N2CCC[C@@H](N)C2)nc2c(Cl)cc(Cl)cc2c1=O	6.886056647693163	<rdkit.Chem.rdchem.Mol object at 0x7f870f945e00>
897	CHEMBL387552	nM	29.0	N#Cc1ccccc1Cn1c(N2CCCC(N)C2)nc2c(Cl)cccc2c1=O	6.5376020021010435	<rdkit.Chem.rdchem.Mol object at 0x7f870f945e70>
898	CHEMBL228004	nM	15.0	N#Cc1ccccc1Cn1c(N2CCC[C@@H](N)C2)nc2cc(Cl)ccc2c1=O	6.823908740944319	<rdkit.Chem.rdchem.Mol object at 0x7f870f945ee0>
899	CHEMBL389074	nM	5.0	N#Cc1ccccc1Cn1c(N2CCC[C@@H](N)C2)nc2ccc(Cl)cc2c1=O	7.301029995663981	<rdkit.Chem.rdchem.Mol object at 0x7f870f945f50>
900	CHEMBL425483	nM	4.0	N#Cc1ccccc1Cn1c(N2CCC[C@@H](N)C2)nc2ccc(F)cc2c1=O	7.3979400086720375	<rdkit.Chem.rdchem.Mol object at 0x7f870f945fc0>
901	CHEMBL227464	nM	5.0	N#Cc1ccccc1Cn1c(N2CCC[C@@H](N)C2)nc2cccc(F)c2c1=O	7.301029995663981	<rdkit.Chem.rdchem.Mol object at 0x7f870f946030>
902	CHEMBL427257	nM	11.5	CC1C(=O)NCCCN1C(=O)C[C@H](N)Cc1cc(F)ccc1F	6.939302159646388	<rdkit.Chem.rdchem.Mol object at 0x7f870f9460a0>
903	CHEMBL439394	nM	126.0	C[C@@H]1C(=O)N[C@H](Cc2ccccc2F)CCN1C(=O)C[C@H](N)Cc1cc(F)c(F)cc1F	5.8996294548824375	<rdkit.Chem.rdchem.Mol object at 0x7f870f946110>
904	CHEMBL230601	nM	29.6	CC[C@@H]1CCN(C(=O)C[C@H](N)Cc2cc(F)c(F)cc2F)[C@H](C)C(=O)N1	6.528708288941061	<rdkit.Chem.rdchem.Mol object at 0x7f870f946180>
905	CHEMBL230603	nM	139.0	C[C@@H]1C(=O)N[C@H](C(F)(F)F)CCN1C(=O)C[C@H](N)Cc1cc(F)c(F)cc1F	5.856985199745905	<rdkit.Chem.rdchem.Mol object at 0x7f870f9461f0>
906	CHEMBL230602	nM	11.0	C[C@@H]1CCN(C(=O)C[C@H](N)Cc2cc(F)c(F)cc2F)[C@H](Cc2ccccn2)C(=O)N1	6.958607314841775	<rdkit.Chem.rdchem.Mol object at 0x7f870f946260>
907	CHEMBL395798	nM	2.77	C[C@@H]1CCN(C(=O)C[C@H](N)Cc2cc(F)c(F)cc2F)[C@H](Cc2ccccc2F)C(=O)N1	7.557520230935552	<rdkit.Chem.rdchem.Mol object at 0x7f870f9462d0>
908	CHEMBL394837	nM	1.49	Cc1ccccc1C[C@@H]1C(=O)N[C@H](C)CCN1C(=O)C[C@H](N)Cc1cc(F)c(F)cc1F	7.826813731587726	<rdkit.Chem.rdchem.Mol object at 0x7f870f946340>
909	CHEMBL230497	nM	34.3	C[C@@H]1CCN(C(=O)C[C@H](N)Cc2cc(F)c(F)cc2F)[C@H](CC(F)(F)F)C(=O)N1	6.464705879957229	<rdkit.Chem.rdchem.Mol object at 0x7f870f9463b0>
910	CHEMBL394836	nM	397.0	C[C@@H]1C(=O)N[C@@H](C)CCN1C(=O)C[C@H](N)Cc1cc(F)c(F)cc1F	5.401209493236885	<rdkit.Chem.rdchem.Mol object at 0x7f870f946420>
911	CHEMBL230496	nM	15.1	C[C@@H]1CCN(C(=O)C[C@H](N)Cc2cc(F)c(F)cc2F)[C@H](C)C(=O)N1	6.82102305270683	<rdkit.Chem.rdchem.Mol object at 0x7f870f946490>
912	CHEMBL394594	nM	142.0	C[C@@H]1C(=O)NCC(C)(C)CN1C(=O)C[C@H](N)Cc1cc(F)c(F)cc1F	5.847711655616943	<rdkit.Chem.rdchem.Mol object at 0x7f870f946500>
913	CHEMBL230495	nM	143.0	C[C@@H]1CNC(=O)[C@@H](CC(F)(F)F)N(C(=O)C[C@H](N)Cc2cc(F)c(F)cc2F)C1	5.844663962534939	<rdkit.Chem.rdchem.Mol object at 0x7f870f946570>
914	CHEMBL230389	nM	24.6	C[C@H]1CNC(=O)[C@@H](CC(F)(F)F)N(C(=O)C[C@H](N)Cc2cc(F)c(F)cc2F)C1	6.609064892896621	<rdkit.Chem.rdchem.Mol object at 0x7f870f9465e0>
915	CHEMBL397242	nM	60.3	CC[C@@H]1C(=O)NC[C@@H](C)CN1C(=O)C[C@H](N)Cc1cc(F)c(F)cc1F	6.219682687859849	<rdkit.Chem.rdchem.Mol object at 0x7f870f946650>
916	CHEMBL230388	nM	37.3	CC[C@@H]1C(=O)NC[C@H](C)CN1C(=O)C[C@H](N)Cc1cc(F)c(F)cc1F	6.428291168191312	<rdkit.Chem.rdchem.Mol object at 0x7f870f9466c0>
917	CHEMBL397241	nM	33.0	C[C@@H]1CNC(=O)[C@@H](C)N(C(=O)C[C@H](N)Cc2cc(F)c(F)cc2F)C1	6.481486060122113	<rdkit.Chem.rdchem.Mol object at 0x7f870f946730>
918	CHEMBL230387	nM	9.7	C[C@H]1CNC(=O)[C@@H](C)N(C(=O)C[C@H](N)Cc2cc(F)c(F)cc2F)C1	7.013228265733755	<rdkit.Chem.rdchem.Mol object at 0x7f870f9467a0>
919	CHEMBL397010	nM	765.0	CC1CCNC(=O)CN1C(=O)C[C@H](N)Cc1cc(F)c(F)cc1F	5.116338564846382	<rdkit.Chem.rdchem.Mol object at 0x7f870f946810>
920	CHEMBL230283	nM	9.6	C[C@@H]1C(=O)N(C(C)(C)C)CCCN1C(=O)C[C@H](N)Cc1cc(F)c(F)cc1F	7.017728766960432	<rdkit.Chem.rdchem.Mol object at 0x7f870f946880>
921	CHEMBL230282	nM	8.0	C[C@@H]1C(=O)N(C2CC2)CCCN1C(=O)C[C@H](N)Cc1cc(F)c(F)cc1F	7.096910013008056	<rdkit.Chem.rdchem.Mol object at 0x7f870f9468f0>
922	CHEMBL390886	nM	19.2	C[C@@H]1C(=O)N(CC(F)(F)F)CCCN1C(=O)C[C@H](N)Cc1cc(F)c(F)cc1F	6.716698771296451	<rdkit.Chem.rdchem.Mol object at 0x7f870f946960>
923	CHEMBL395004	nM	10.5	C[C@@H]1C(=O)N(CCOCc2ccccc2)CCCN1C(=O)C[C@H](N)Cc1cc(F)c(F)cc1F	6.978810700930062	<rdkit.Chem.rdchem.Mol object at 0x7f870f9469d0>
924	CHEMBL231117	nM	15.1	C[C@@H]1C(=O)N(CCO)CCCN1C(=O)C[C@H](N)Cc1cc(F)c(F)cc1F	6.82102305270683	<rdkit.Chem.rdchem.Mol object at 0x7f870f946a40>
925	CHEMBL231011	nM	11.5	C[C@@H]1C(=O)N(C)CCCN1C(=O)C[C@H](N)Cc1cc(F)c(F)cc1F	6.939302159646388	<rdkit.Chem.rdchem.Mol object at 0x7f870f946ab0>
926	CHEMBL390885	nM	9.0	C[C@@H]1C(=O)N(C2CC2)CCCN1C(=O)C[C@H](N)Cc1cc(F)ccc1F	7.045757490560675	<rdkit.Chem.rdchem.Mol object at 0x7f870f946b20>
927	CHEMBL231010	nM	69.9	C[C@@H]1C(=O)N(CC(=O)O)CCCN1C(=O)C[C@H](N)Cc1cc(F)ccc1F	6.1555228242543185	<rdkit.Chem.rdchem.Mol object at 0x7f870f946b90>
928	CHEMBL390884	nM	11.6	COC(=O)CN1CCCN(C(=O)C[C@H](N)Cc2cc(F)ccc2F)[C@H](C)C1=O	6.935542010773082	<rdkit.Chem.rdchem.Mol object at 0x7f870f946c00>
929	CHEMBL231009	nM	20.7	CCN1CCCN(C(=O)C[C@H](N)Cc2cc(F)ccc2F)[C@H](C)C1=O	6.684029654543083	<rdkit.Chem.rdchem.Mol object at 0x7f870f946c70>
930	CHEMBL390853	nM	6.6	CC1C(=O)NCCCN1C(=O)C[C@H](N)Cc1cc(F)c(F)cc1F	7.180456064458132	<rdkit.Chem.rdchem.Mol object at 0x7f870f946ce0>
931	CHEMBL231151	nM	1460.0	CN(C)C(=O)[C@H](c1ccc(-c2ccc(F)cc2)cc1)[C@@H](N)C(=O)N1CC[C@H](F)C1	4.835647144215563	<rdkit.Chem.rdchem.Mol object at 0x7f870f946d50>
932	CHEMBL396789	nM	1995.0	C=CCC(C(=O)N1CCn2c(nnc2C(F)(F)F)C1)[C@H](N)Cc1cc(F)c(F)cc1F	4.700057099977233	<rdkit.Chem.rdchem.Mol object at 0x7f870f946dc0>
933	CHEMBL230095	nM	2209.0	C=COCC(=O)N1CCN(C(=O)C[C@H](N)Cc2ccccc2F)CC1	4.655804284128565	<rdkit.Chem.rdchem.Mol object at 0x7f870f946e30>
934	CHEMBL395762	nM	2.0	CC(C)[C@H](Oc1ccc(CNC(=O)[C@@H]2CCCN2C(=O)C[C@H](N)Cc2cc(F)c(F)cc2F)cc1)C(=O)O	7.698970004336019	<rdkit.Chem.rdchem.Mol object at 0x7f870f946ea0>
935	CHEMBL231050	nM	1397.0	N[C@@H](CC(=O)N1CCn2cc(C(F)(F)F)nc2C1c1ccc(F)cc1)Cc1ccc(F)c(F)c1	4.854803593885818	<rdkit.Chem.rdchem.Mol object at 0x7f870f946f10>
936	CHEMBL395546	nM	1325.0	N[C@@H](CC(=O)N1CCn2nccc21)Cc1cc(F)ccc1F	4.877784121727173	<rdkit.Chem.rdchem.Mol object at 0x7f870f946f80>
937	CHEMBL410187	nM	1247.0	N[C@@H](CC(=O)N1CCN(c2ccc(Cl)cc2)CC1)Cc1ccccc1F	4.904133546521457	<rdkit.Chem.rdchem.Mol object at 0x7f870f946ff0>
938	CHEMBL231654	nM	995.0	N[C@H](C(=O)N1CCC(F)(F)C1)[C@@H]1CCN(S(=O)(=O)c2ccc(OC(F)(F)F)cc2)C1	5.002176919254275	<rdkit.Chem.rdchem.Mol object at 0x7f870f947060>
939	CHEMBL396195	nM	864.0	COc1cc(CNC(=O)[C@@H]2CCCN2C(=O)C[C@H](N)Cc2ccccc2F)ccc1O	5.063486257521107	<rdkit.Chem.rdchem.Mol object at 0x7f870f9470d0>
940	CHEMBL231653	nM	780.0	CSc1cc(F)c(C[C@@H](N)CC(=O)N2CCn3c(nnc3C(F)(F)F)C2)cc1F	5.107905397309519	<rdkit.Chem.rdchem.Mol object at 0x7f870f947140>
941	CHEMBL231552	nM	731.0	N[C@@H](CC(=O)N1CCC[C@H]1C(=O)NCc1ccc(C(F)(F)F)cc1)Cc1ccccc1F	5.13608262304214	<rdkit.Chem.rdchem.Mol object at 0x7f870f9471b0>
942	CHEMBL231551	nM	539.0	N[C@@H](CC(=O)N1CCC[C@H]1C(=O)NCc1ccccc1)Cc1ccccc1F	5.268411234813262	<rdkit.Chem.rdchem.Mol object at 0x7f870f947220>
943	CHEMBL388900	nM	520.0	CN(C)C(=O)[C@@H](c1ccc(-c2ccc(F)cc2)cc1)[C@H](N)C(=O)N1CCOCC1	5.2839966563652006	<rdkit.Chem.rdchem.Mol object at 0x7f870f947290>
944	CHEMBL230938	nM	310.0	O=C([C@@H]1Cc2ccc(-c3cccc(-c4nnn[nH]4)c3)cc2CN1)N1CC[C@H](F)C1	5.508638306165727	<rdkit.Chem.rdchem.Mol object at 0x7f870f947300>
945	CHEMBL230937	nM	170.0	COC(=O)Cc1ccc(CNC(=O)[C@@H]2CSCN2C(=O)C[C@H](N)Cc2ccccc2F)cc1	5.769551078621726	<rdkit.Chem.rdchem.Mol object at 0x7f870f947370>
946	CHEMBL230840	nM	37.0	N[C@@H](CC(=O)N1CSC[C@H]1C(=O)NCc1ccc(CC(=O)O)cc1)Cc1ccccc1F	6.431798275933005	<rdkit.Chem.rdchem.Mol object at 0x7f870f9473e0>
947	CHEMBL230839	nM	33.0	Cc1ccc(F)cc1C[C@@H](N)CC(=O)N1CCC[C@H]1C(=O)NCc1ccc(O[C@H](C(=O)O)C(C)C)cc1	6.481486060122113	<rdkit.Chem.rdchem.Mol object at 0x7f870f947450>
948	CHEMBL427261	nM	21.0	N[C@@H](CC(=O)N1CCn2c(nnc2C(F)(F)F)C1)Cc1cc(Cl)ccc1F	6.6777807052660805	<rdkit.Chem.rdchem.Mol object at 0x7f870f9474c0>
949	CHEMBL397716	nM	8.0	CC(C)[C@H](Oc1ccc(CNC(=O)[C@@H]2CCCN2C(=O)C[C@H](N)Cc2cc(F)c(F)c(F)c2F)cc1)C(=O)O	7.096910013008056	<rdkit.Chem.rdchem.Mol object at 0x7f870f947530>
950	CHEMBL390193	nM	210.0	N[C@H]1CN(c2ccccc2)CC[C@@H]1c1cc(F)c(F)cc1F.O=C(O)C(F)(F)F	5.6777807052660805	<rdkit.Chem.rdchem.Mol object at 0x7f870f9475a0>
951	CHEMBL228312	nM	16.0	N[C@H]1CN(c2ccc3nnc(-c4ccc(F)cc4)n3n2)CC[C@@H]1c1cc(F)c(F)cc1F.O=C(O)C(F)(F)F	6.795880017344075	<rdkit.Chem.rdchem.Mol object at 0x7f870f947610>
952	CHEMBL228311	nM	9.0	N[C@H]1CN(c2ccc3nnc(C(F)(F)F)n3n2)CC[C@@H]1c1cc(F)c(F)cc1F.O=C(O)C(F)(F)F	7.045757490560675	<rdkit.Chem.rdchem.Mol object at 0x7f870f947680>
953	CHEMBL390080	nM	6.0	CCc1nnc2ccc(N3CC[C@H](c4cc(F)c(F)cc4F)[C@@H](N)C3)nn12.O=C(O)C(F)(F)F	7.221848749616356	<rdkit.Chem.rdchem.Mol object at 0x7f870f9476f0>
954	CHEMBL231497	nM	6.0	Cc1nnc2ccc(N3CC[C@H](c4cc(F)c(F)cc4F)[C@@H](N)C3)nn12.O=C(O)C(F)(F)F	7.221848749616356	<rdkit.Chem.rdchem.Mol object at 0x7f870f947760>
955	CHEMBL231496	nM	31.0	N[C@H]1CN(c2ccc3nncn3n2)CC[C@@H]1c1cc(F)c(F)cc1F.O=C(O)C(F)(F)F	6.508638306165727	<rdkit.Chem.rdchem.Mol object at 0x7f870f9477d0>
956	CHEMBL390241	nM	5.0	Cn1nc2ccc(N3CC[C@H](c4cc(F)c(F)cc4F)[C@@H](N)C3)nn2c1=O.O=C(O)C(F)(F)F	7.301029995663981	<rdkit.Chem.rdchem.Mol object at 0x7f870f947840>
957	CHEMBL231397	nM	8.0	Cc1cc(=O)n2nc(N3CC[C@H](c4cc(F)c(F)cc4F)[C@@H](N)C3)ccc2n1.O=C(O)C(F)(F)F	7.096910013008056	<rdkit.Chem.rdchem.Mol object at 0x7f870f9478b0>
958	CHEMBL231396	nM	1.2	N[C@H]1CN(c2ccc3nc(=O)ccn3n2)CC[C@@H]1c1cc(F)c(F)cc1F.O=C(O)C(F)(F)F	7.920818753952375	<rdkit.Chem.rdchem.Mol object at 0x7f870f947920>
959	CHEMBL231395	nM	7.0	Cc1nc2ccc(N3CC[C@H](c4cc(F)c(F)cc4F)[C@@H](N)C3)nc2c(=O)[nH]1.O=C(O)C(F)(F)F	7.154901959985743	<rdkit.Chem.rdchem.Mol object at 0x7f870f947990>
960	CHEMBL231295	nM	8.0	N[C@H]1CN(c2ccc3ncnc(C4CC4)c3n2)CC[C@@H]1c1cc(F)c(F)cc1F.O=C(O)C(F)(F)F	7.096910013008056	<rdkit.Chem.rdchem.Mol object at 0x7f870f947a00>
961	CHEMBL389804	nM	2.0	Cn1c(C2CC2)nc2ccc(N3CC[C@H](c4cc(F)c(F)cc4F)[C@@H](N)C3)nc21.O=C(O)C(F)(F)F	7.698970004336019	<rdkit.Chem.rdchem.Mol object at 0x7f870f947a70>
962	CHEMBL231294	nM	26.0	N[C@H]1CN(c2ccn3cnnc3n2)CC[C@@H]1c1cc(F)c(F)cc1F.O=C(O)C(F)(F)F	6.585026652029182	<rdkit.Chem.rdchem.Mol object at 0x7f870f947ae0>
963	CHEMBL231293	nM	5.0	N[C@H]1CN(c2ccc3nc(C(F)(F)F)nn3n2)CC[C@@H]1c1cc(F)c(F)cc1F.O=C(O)C(F)(F)F	7.301029995663981	<rdkit.Chem.rdchem.Mol object at 0x7f870f947b50>
964	CHEMBL389803	nM	22.0	N[C@H]1CN(c2ccc3nc(C(F)(F)F)cn3n2)CC[C@@H]1c1cc(F)c(F)cc1F.O=C(O)C(F)(F)F	6.657577319177793	<rdkit.Chem.rdchem.Mol object at 0x7f870f947bc0>
965	CHEMBL231196	nM	13.0	N[C@H]1CN(c2cnc3nccnc3n2)CC[C@@H]1c1cc(F)c(F)cc1F.O=C(O)C(F)(F)F	6.886056647693163	<rdkit.Chem.rdchem.Mol object at 0x7f870f947c30>
966	CHEMBL231195	nM	43.0	N[C@H]1CN(c2cnc3cncnc3n2)CC[C@@H]1c1cc(F)c(F)cc1F.O=C(O)C(F)(F)F	6.366531544420414	<rdkit.Chem.rdchem.Mol object at 0x7f870f947ca0>
967	CHEMBL231194	nM	130.0	N[C@H]1CN(c2cnc3cccnc3n2)CC[C@@H]1c1cc(F)c(F)cc1F.O=C(O)C(F)(F)F	5.886056647693163	<rdkit.Chem.rdchem.Mol object at 0x7f870f947d10>
968	CHEMBL389538	nM	12.0	N[C@H]1CN(c2cnc3ccccc3n2)CC[C@@H]1c1cc(F)c(F)cc1F.O=C(O)C(F)(F)F	6.920818753952375	<rdkit.Chem.rdchem.Mol object at 0x7f870f947d80>
969	CHEMBL231092	nM	7.0	N[C@H]1CN(c2ccc3nccnc3n2)CC[C@@H]1c1cc(F)c(F)cc1F.O=C(O)C(F)(F)F	7.154901959985743	<rdkit.Chem.rdchem.Mol object at 0x7f870f947df0>
970	CHEMBL231091	nM	3700.0	N[C@H]1CN(c2nccc3ccccc23)CC[C@@H]1c1cc(F)c(F)cc1F.O=C(O)C(F)(F)F	4.431798275933005	<rdkit.Chem.rdchem.Mol object at 0x7f870f947e60>
971	CHEMBL389537	nM	54.0	N[C@H]1CN(c2ccc3ccccc3n2)CC[C@@H]1c1cc(F)c(F)cc1F.O=C(O)C(F)(F)F	6.267606240177032	<rdkit.Chem.rdchem.Mol object at 0x7f870f947ed0>
972	CHEMBL231090	nM	63.0	N[C@H]1CN(c2cccnn2)CC[C@@H]1c1cc(F)c(F)cc1F.O=C(O)C(F)(F)F	6.200659450546418	<rdkit.Chem.rdchem.Mol object at 0x7f870f947f40>
973	CHEMBL230985	nM	82.0	N[C@H]1CN(c2cnccn2)CC[C@@H]1c1cc(F)c(F)cc1F.O=C(O)C(F)(F)F	6.086186147616283	<rdkit.Chem.rdchem.Mol object at 0x7f870f948040>
974	CHEMBL427259	nM	90.0	N[C@H]1CN(c2ncccn2)CC[C@@H]1c1cc(F)c(F)cc1F.O=C(O)C(F)(F)F	6.045757490560675	<rdkit.Chem.rdchem.Mol object at 0x7f870f9480b0>
975	CHEMBL230984	nM	37.0	N[C@H]1CN(c2ccncn2)CC[C@@H]1c1cc(F)c(F)cc1F.O=C(O)C(F)(F)F	6.431798275933005	<rdkit.Chem.rdchem.Mol object at 0x7f870f948120>
976	CHEMBL230883	nM	14.0	N#Cc1ccc(N2CC[C@H](c3cc(F)c(F)cc3F)[C@@H](N)C2)nc1.O=C(O)C(F)(F)F	6.853871964321762	<rdkit.Chem.rdchem.Mol object at 0x7f870f948190>
977	CHEMBL230449	nM	650.0	N[C@H]1CN(c2ncccc2C(F)(F)F)CC[C@@H]1c1cc(F)c(F)cc1F.O=C(O)C(F)(F)F	5.187086643357144	<rdkit.Chem.rdchem.Mol object at 0x7f870f948200>
978	CHEMBL389602	nM	463.0	N[C@H]1CN(c2cc(C(F)(F)F)ccn2)CC[C@@H]1c1cc(F)c(F)cc1F.O=C(O)C(F)(F)F	5.334419008982047	<rdkit.Chem.rdchem.Mol object at 0x7f870f948270>
979	CHEMBL274740	nM	67.0	N[C@H]1CN(c2ccc(C(F)(F)F)cn2)CC[C@@H]1c1cc(F)c(F)cc1F.O=C(O)C(F)(F)F	6.173925197299173	<rdkit.Chem.rdchem.Mol object at 0x7f870f9482e0>
980	CHEMBL230342	nM	111.0	N[C@H]1CN(c2cccc(C(F)(F)F)n2)CC[C@@H]1c1cc(F)c(F)cc1F.O=C(O)C(F)(F)F	5.954677021213342	<rdkit.Chem.rdchem.Mol object at 0x7f870f948350>
981	CHEMBL390194	nM	125.0	N[C@H]1CN(c2ccncc2)CC[C@@H]1c1cc(F)c(F)cc1F.O=C(O)C(F)(F)F	5.903089986991944	<rdkit.Chem.rdchem.Mol object at 0x7f870f9483c0>
982	CHEMBL230341	nM	144.0	N[C@H]1CN(c2cccnc2)CC[C@@H]1c1cc(F)c(F)cc1F.O=C(O)C(F)(F)F	5.841637507904751	<rdkit.Chem.rdchem.Mol object at 0x7f870f948430>
983	CHEMBL230340	nM	58.0	N[C@H]1CN(c2ccccn2)CC[C@@H]1c1cc(F)c(F)cc1F.O=C(O)C(F)(F)F	6.236572006437063	<rdkit.Chem.rdchem.Mol object at 0x7f870f9484a0>
984	CHEMBL233127	nM	5.6	C[C@@H]1N[C@H](C(=O)N2CCC[C@H]2C#N)C[C@@H]1C(=O)N1Cc2ccccc2C1	7.251811972993799	<rdkit.Chem.rdchem.Mol object at 0x7f870f948510>
985	CHEMBL389324	nM	5.3	Cc1cc(C)c([C@@H]2CN[C@H](C(=O)N3CCC[C@H]3C#N)C2)c(C)c1O	7.275724130399211	<rdkit.Chem.rdchem.Mol object at 0x7f870f948580>
986	CHEMBL244010	nM	7.1	COc1c(O)ccc(C)c1[C@@H]1CN[C@H](C(=O)N2CCC[C@H]2C#N)C1	7.1487416512809245	<rdkit.Chem.rdchem.Mol object at 0x7f870f9485f0>
987	CHEMBL413797	nM	4.9	Cc1ccc(O)c(C)c1[C@@H]1CN[C@H](C(=O)N2CCC[C@H]2C#N)C1	7.309803919971486	<rdkit.Chem.rdchem.Mol object at 0x7f870f948660>
988	CHEMBL244009	nM	22.0	CCOc1cc(O)cc(OCC)c1[C@@H]1CN[C@H](C(=O)N2CCC[C@H]2C#N)C1	6.657577319177793	<rdkit.Chem.rdchem.Mol object at 0x7f870f9486d0>
989	CHEMBL390418	nM	8.9	CCc1cc(O)cc(C)c1[C@@H]1CN[C@H](C(=O)N2CCC[C@H]2C#N)C1	7.050609993355087	<rdkit.Chem.rdchem.Mol object at 0x7f870f948740>
990	CHEMBL244008	nM	23.0	COc1cc(O)cc(OC)c1[C@@H]1CN[C@H](C(=O)N2CCC[C@H]2C#N)C1	6.638272163982407	<rdkit.Chem.rdchem.Mol object at 0x7f870f9487b0>
991	CHEMBL243800	nM	8.3	COc1cc(O)cc(C)c1[C@@H]1CN[C@H](C(=O)N2CCC[C@H]2C#N)C1	7.080921907623926	<rdkit.Chem.rdchem.Mol object at 0x7f870f948820>
992	CHEMBL243799	nM	3.3	Cc1cc(O)cc(C)c1[C@@H]1CN[C@H](C(=O)N2CCC[C@H]2C#N)C1	7.481486060122113	<rdkit.Chem.rdchem.Mol object at 0x7f870f948890>
993	CHEMBL390221	nM	2.5	N#C[C@@H]1CCCN1C(=O)[C@@H]1C[C@H](c2ccc(O)cc2)CN1	7.6020599913279625	<rdkit.Chem.rdchem.Mol object at 0x7f870f948900>
994	CHEMBL243798	nM	3.9	N#C[C@@H]1CCCN1C(=O)[C@@H]1C[C@H](c2cccc(O)c2)CN1	7.4089353929735005	<rdkit.Chem.rdchem.Mol object at 0x7f870f948970>
995	CHEMBL245059	nM	9.1	N#C[C@@H]1CCCN1C(=O)[C@@H]1C[C@H](c2ccccc2O)CN1	7.040958607678906	<rdkit.Chem.rdchem.Mol object at 0x7f870f9489e0>
996	CHEMBL396513	nM	6.1	Cc1cccc(C)c1[C@@H]1CN[C@H](C(=O)N2CCC[C@H]2C#N)C1	7.214670164989233	<rdkit.Chem.rdchem.Mol object at 0x7f870f948a50>
997	CHEMBL244843	nM	16.0	N#C[C@@H]1CCCN1C(=O)[C@@H]1C[C@@H](c2ccccc2)CN1	6.795880017344075	<rdkit.Chem.rdchem.Mol object at 0x7f870f948ac0>
998	CHEMBL396512	nM	3.5	N#C[C@@H]1CCCN1C(=O)[C@@H]1C[C@H](c2ccccc2)CN1	7.455931955649724	<rdkit.Chem.rdchem.Mol object at 0x7f870f948b30>
999	CHEMBL389138	nM	7.8	N#C[C@@H]1CCCN1C(=O)[C@@H]1CC(C2C3CC4CC(C3)CC2C4)CN1	7.107905397309519	<rdkit.Chem.rdchem.Mol object at 0x7f870f948ba0>
1000	CHEMBL242492	nM	2.4	N#C[C@@H]1CCCN1C(=O)[C@@H]1C[C@H](C2CCCCC2)CN1	7.619788758288394	<rdkit.Chem.rdchem.Mol object at 0x7f870f948c10>
1001	CHEMBL242987	nM	2.9	CC(C)C[C@@H]1CN[C@H](C(=O)N2CCC[C@H]2C#N)C1	7.537602002101044	<rdkit.Chem.rdchem.Mol object at 0x7f870f948c80>
1002	CHEMBL437570	nM	5.7	C=C(C)C[C@@H]1CN[C@H](C(=O)N2CCC[C@H]2C#N)C1	7.2441251443275085	<rdkit.Chem.rdchem.Mol object at 0x7f870f948cf0>
1003	CHEMBL242985	nM	3.4	CCC[C@@H]1CN[C@H](C(=O)N2CCC[C@H]2C#N)C1	7.468521082957745	<rdkit.Chem.rdchem.Mol object at 0x7f870f948d60>
1004	CHEMBL245069	nM	3.5	C=CC[C@@H]1CN[C@H](C(=O)N2CCC[C@H]2C#N)C1	7.455931955649724	<rdkit.Chem.rdchem.Mol object at 0x7f870f948dd0>
1005	CHEMBL394165	nM	6.2	C[C@@H]1N[C@H](C(=O)N2CCC[C@H]2C#N)C[C@@H]1C(=O)N1CCSCC1	7.2076083105017466	<rdkit.Chem.rdchem.Mol object at 0x7f870f948e40>
1006	CHEMBL232315	nM	7.7	N#C[C@@H]1CCCN1C(=O)[C@@H]1C[C@H](C(N)=O)CN1	7.113509274827518	<rdkit.Chem.rdchem.Mol object at 0x7f870f948eb0>
1007	CHEMBL232311	nM	2.4	CN(C)C(=O)CC[C@@H]1CN[C@H](C(=O)N2CCC[C@H]2C#N)C1	7.619788758288394	<rdkit.Chem.rdchem.Mol object at 0x7f870f948f20>
1008	CHEMBL391558	nM	4.5	CN(C)C(=O)C[C@@H]1CN[C@H](C(=O)N2CCC[C@H]2C#N)C1	7.346787486224656	<rdkit.Chem.rdchem.Mol object at 0x7f870f948f90>
1009	CHEMBL232103	nM	1.8	CN(C)C(=O)[C@@H]1CN[C@H](C(=O)N2CCC[C@H]2C#N)C1	7.7447274948966935	<rdkit.Chem.rdchem.Mol object at 0x7f870f949000>
1010	CHEMBL234158	nM	16.0	N#C[C@@H]1CCCN1C(=O)[C@@H]1C[C@H](CC(=O)O)CN1	6.795880017344075	<rdkit.Chem.rdchem.Mol object at 0x7f870f949070>
1011	CHEMBL395919	nM	3.8	N#C[C@@H]1CCCN1C(=O)[C@@H]1C[C@H](CCO)CN1	7.42021640338319	<rdkit.Chem.rdchem.Mol object at 0x7f870f9490e0>
1012	CHEMBL234356	nM	6.3	N#C[C@@H]1CCCN1C(=O)[C@@H]1C[C@H](CO)CN1	7.200659450546418	<rdkit.Chem.rdchem.Mol object at 0x7f870f949150>
1013	CHEMBL429258	nM	20.0	C[C@@H]1N[C@H](C(=O)N2CCC[C@H]2C#N)C[C@@H]1C(=O)N1CCOCC1	6.698970004336019	<rdkit.Chem.rdchem.Mol object at 0x7f870f9491c0>
1014	CHEMBL232920	nM	13.0	C[C@@H]1N[C@H](C(=O)N2CCC[C@H]2C#N)C[C@@H]1C(=O)N1CCCCC1	6.886056647693163	<rdkit.Chem.rdchem.Mol object at 0x7f870f949230>
1015	CHEMBL393957	nM	6.5	C[C@@H]1N[C@H](C(=O)N2CCC[C@H]2C#N)C[C@@H]1C(=O)N1CCCC1	7.187086643357144	<rdkit.Chem.rdchem.Mol object at 0x7f870f9492a0>
1016	CHEMBL232919	nM	13.0	C[C@@H]1N[C@H](C(=O)N2CCC[C@H]2C#N)C[C@@H]1C(=O)N1CCC1	6.886056647693163	<rdkit.Chem.rdchem.Mol object at 0x7f870f949310>
1017	CHEMBL394932	nM	15.0	CCN(C)C(=O)[C@H]1C[C@@H](C(=O)N2CCC[C@H]2C#N)N[C@H]1C	6.823908740944319	<rdkit.Chem.rdchem.Mol object at 0x7f870f949380>
1018	CHEMBL232914	nM	10.000000000000002	C[C@@H]1N[C@H](C(=O)N2CCC[C@H]2C#N)C[C@@H]1C(=O)N(C)C	7.0	<rdkit.Chem.rdchem.Mol object at 0x7f870f9493f0>
1019	CHEMBL400615	nM	4.8	N#C[C@@H]1CCCN1C(=O)[C@@H]1C[C@H](C(=O)N2CCSCC2)CN1	7.318758762624412	<rdkit.Chem.rdchem.Mol object at 0x7f870f949460>
1020	CHEMBL415647	nM	4.3	N#C[C@@H]1CCCN1C(=O)[C@@H]1C[C@H](C(=O)N2CCOCC2)CN1	7.366531544420414	<rdkit.Chem.rdchem.Mol object at 0x7f870f9494d0>
1021	CHEMBL232716	nM	11.0	N#C[C@@H]1CCCN1C(=O)[C@@H]1C[C@H](C(=O)N2CCCCCCC2)CN1	6.958607314841775	<rdkit.Chem.rdchem.Mol object at 0x7f870f949540>
1022	CHEMBL400614	nM	8.3	N#C[C@@H]1CCCN1C(=O)[C@@H]1C[C@H](C(=O)N2CCCCCC2)CN1	7.080921907623926	<rdkit.Chem.rdchem.Mol object at 0x7f870f9495b0>
1023	CHEMBL400613	nM	4.9	N#C[C@@H]1CCCN1C(=O)[C@@H]1C[C@H](C(=O)N2CCCCC2)CN1	7.309803919971486	<rdkit.Chem.rdchem.Mol object at 0x7f870f949620>
1024	CHEMBL428369	nM	5.6	N#C[C@@H]1CCCN1C(=O)[C@@H]1C[C@H](C(=O)N2CCCC2)CN1	7.251811972993799	<rdkit.Chem.rdchem.Mol object at 0x7f870f949690>
1025	CHEMBL234373	nM	4.0	N#C[C@@H]1CCCN1C(=O)[C@@H]1C[C@H](C(=O)N2CCC2)CN1	7.3979400086720375	<rdkit.Chem.rdchem.Mol object at 0x7f870f949700>
1026	CHEMBL393498	nM	6.0	CCN(CC)C(=O)[C@@H]1CN[C@H](C(=O)N2CCC[C@H]2C#N)C1	7.221848749616356	<rdkit.Chem.rdchem.Mol object at 0x7f870f949770>
1027	CHEMBL234163	nM	4.9	CCN(C)C(=O)[C@@H]1CN[C@H](C(=O)N2CCC[C@H]2C#N)C1	7.309803919971486	<rdkit.Chem.rdchem.Mol object at 0x7f870f9497e0>
1028	CHEMBL434960	nM	5.7	CCCNC(=O)[C@@H]1CN[C@H](C(=O)N2CCC[C@H]2C#N)C1	7.2441251443275085	<rdkit.Chem.rdchem.Mol object at 0x7f870f949850>
1029	CHEMBL232316	nM	4.4	CCNC(=O)[C@@H]1CN[C@H](C(=O)N2CCC[C@H]2C#N)C1	7.356547323513812	<rdkit.Chem.rdchem.Mol object at 0x7f870f9498c0>
1030	CHEMBL391559	nM	3.5	CNC(=O)[C@@H]1CN[C@H](C(=O)N2CCC[C@H]2C#N)C1	7.455931955649724	<rdkit.Chem.rdchem.Mol object at 0x7f870f949930>
1031	CHEMBL388475	nM	98.00000000000004	N[C@@H](CC(=O)N1CCn2c(nnc2C(F)(F)F)C1)Cc1ccccc1F	6.008773924307505	<rdkit.Chem.rdchem.Mol object at 0x7f870f9499a0>
1032	CHEMBL233891	nM	234.0	CC(C)(C)NC(=O)c1nnc2n1CCN(C(=O)C[C@H](N)Cc1cc(F)c(F)cc1F)C2	5.6307841425898575	<rdkit.Chem.rdchem.Mol object at 0x7f870f949a10>
1033	CHEMBL233686	nM	219.0	CCOC(=O)c1nnc2n1CCN(C(=O)C[C@H](N)Cc1cc(F)c(F)cc1F)C2	5.6595558851598815	<rdkit.Chem.rdchem.Mol object at 0x7f870f949a80>
1034	CHEMBL390240	nM	29.0	N[C@@H](CC(=O)N1CCn2c(nnc2C(F)F)C1)Cc1cc(F)c(F)cc1F	6.5376020021010435	<rdkit.Chem.rdchem.Mol object at 0x7f870f949af0>
1035	CHEMBL390239	nM	30.0	N[C@@H](CC(=O)N1CCn2c(nnc2C2CC2)C1)Cc1cc(F)c(F)cc1F	6.522878745280337	<rdkit.Chem.rdchem.Mol object at 0x7f870f949b60>
1036	CHEMBL233685	nM	36.99999999999999	CCc1nnc2n1CCN(C(=O)C[C@H](N)Cc1cc(F)c(F)cc1F)C2	6.431798275933005	<rdkit.Chem.rdchem.Mol object at 0x7f870f949bd0>
1037	CHEMBL233684	nM	69.0	N[C@@H](CC(=O)N1CCn2c(CO)nnc2C1)Cc1cc(F)ccc1F	6.161150909262744	<rdkit.Chem.rdchem.Mol object at 0x7f870f949c40>
1038	CHEMBL389600	nM	190.0	CCOC(=O)c1nnc2n1CCN(C(=O)C[C@H](N)Cc1cc(F)ccc1F)C2	5.721246399047171	<rdkit.Chem.rdchem.Mol object at 0x7f870f949cb0>
1039	CHEMBL233474	nM	65.0	N[C@@H](CC(=O)N1CCn2c(nnc2-c2ccncc2)C1)Cc1cc(F)ccc1F	6.187086643357144	<rdkit.Chem.rdchem.Mol object at 0x7f870f949d20>
1040	CHEMBL389599	nM	30.0	N[C@@H](CC(=O)N1CCn2c(nnc2-c2ccc(F)cc2F)C1)Cc1cc(F)ccc1F	6.522878745280337	<rdkit.Chem.rdchem.Mol object at 0x7f870f949d90>
1041	CHEMBL233472	nM	60.0	N[C@@H](CC(=O)N1CCn2c(nnc2-c2ccc(F)cc2)C1)Cc1cc(F)ccc1F	6.221848749616356	<rdkit.Chem.rdchem.Mol object at 0x7f870f949e00>
1042	CHEMBL233058	nM	84.0	N[C@@H](CC(=O)N1CCn2c(nnc2C(F)(F)F)C1)Cc1cc(F)c(F)cc1Cl	6.075720713938118	<rdkit.Chem.rdchem.Mol object at 0x7f870f949e70>
1043	CHEMBL232845	nM	76.0	N[C@@H](CC(=O)N1CCn2c(nnc2C(F)(F)F)C1)Cc1cc(F)c(Cl)cc1F	6.119186407719209	<rdkit.Chem.rdchem.Mol object at 0x7f870f949ee0>
1044	CHEMBL232648	nM	180.0	N[C@@H](CC(=O)N1CCn2c(nnc2C(F)(F)F)C1)Cc1cc(Cl)ccc1Cl	5.7447274948966935	<rdkit.Chem.rdchem.Mol object at 0x7f870f949f50>
1045	CHEMBL235120	nM	23.0	N[C@@H](CC(=O)N1CCn2c(nnc2C(F)(F)F)C1)Cc1ccc(Cl)cc1Cl	6.638272163982407	<rdkit.Chem.rdchem.Mol object at 0x7f870f949fc0>
1046	CHEMBL388433	nM	1580.0	N[C@@H](CC(=O)N1CCn2c(nnc2C(F)(F)F)C1)Cc1ccc(Cl)c(Cl)c1	4.801342913045577	<rdkit.Chem.rdchem.Mol object at 0x7f870f94a030>
1047	CHEMBL243231	nM	264.0	N[C@@H](CC(=O)N1CCn2c(nnc2C(F)(F)F)C1)Cc1ccc(Cl)cc1	5.578396073130169	<rdkit.Chem.rdchem.Mol object at 0x7f870f94a0a0>
1048	CHEMBL243230	nM	59.0	N[C@@H](CC(=O)N1CCn2c(nnc2C(F)(F)F)C1)Cc1cccc(Cl)c1	6.229147988357856	<rdkit.Chem.rdchem.Mol object at 0x7f870f94a110>
1049	CHEMBL388431	nM	145.0	N[C@@H](CC(=O)N1CCn2c(nnc2C(F)(F)F)C1)Cc1ccccc1Cl	5.838631997765025	<rdkit.Chem.rdchem.Mol object at 0x7f870f94a180>
1050	CHEMBL245181	nM	511.0	N[C@@H](CC(=O)N1CCn2c(nnc2C(F)(F)F)C1)Cc1ccc(C(F)(F)F)cc1	5.291579099865287	<rdkit.Chem.rdchem.Mol object at 0x7f870f94a1f0>
1051	CHEMBL243227	nM	366.0	N[C@@H](CC(=O)N1CCn2c(nnc2C(F)(F)F)C1)Cc1cccc(C(F)(F)F)c1	5.436518914605589	<rdkit.Chem.rdchem.Mol object at 0x7f870f94a260>
1052	CHEMBL397744	nM	486.0	N[C@@H](CC(=O)N1CCn2c(nnc2C(F)(F)F)C1)Cc1ccccc1C(F)(F)F	5.313363730737707	<rdkit.Chem.rdchem.Mol object at 0x7f870f94a2d0>
1053	CHEMBL397743	nM	1018.0	N[C@@H](CC(=O)N1CCn2c(nnc2C(F)(F)F)C1)Cc1c(F)c(F)c(F)c(F)c1F	4.99225222199926	<rdkit.Chem.rdchem.Mol object at 0x7f870f94a340>
1054	CHEMBL394834	nM	87.0	N[C@@H](CC(=O)N1CCn2c(nnc2C(F)(F)F)C1)Cc1c(F)cc(F)cc1F	6.060480747381382	<rdkit.Chem.rdchem.Mol object at 0x7f870f94a3b0>
1055	CHEMBL394833	nM	151.0	N[C@@H](CC(=O)N1CCn2c(nnc2C(F)(F)F)C1)Cc1c(F)ccc(F)c1F	5.82102305270683	<rdkit.Chem.rdchem.Mol object at 0x7f870f94a420>
1056	CHEMBL243872	nM	805.0000000000002	N[C@@H](CC(=O)N1CCn2c(nnc2C(F)(F)F)C1)Cc1cc(F)cc(F)c1F	5.094204119632131	<rdkit.Chem.rdchem.Mol object at 0x7f870f94a490>
1057	CHEMBL389151	nM	82.0	N[C@@H](CC(=O)N1CCn2c(nnc2C(F)(F)F)C1)Cc1ccc(F)cc1F	6.086186147616283	<rdkit.Chem.rdchem.Mol object at 0x7f870f94a500>
1058	CHEMBL242813	nM	127.99999999999997	N[C@@H](CC(=O)N1CCn2c(nnc2C(F)(F)F)C1)Cc1ccc(F)c(F)c1	5.892790030352131	<rdkit.Chem.rdchem.Mol object at 0x7f870f94a570>
1059	CHEMBL242811	nM	272.0	N[C@@H](CC(=O)N1CCn2c(nnc2C(F)(F)F)C1)Cc1ccc(F)cc1	5.565431095965801	<rdkit.Chem.rdchem.Mol object at 0x7f870f94a5e0>
1060	CHEMBL232262	nM	135.0	N[C@@H](CC(=O)N1CCn2c(nnc2C(F)(F)F)C1)Cc1cccc(F)c1	5.8696662315049934	<rdkit.Chem.rdchem.Mol object at 0x7f870f94a650>
1061	CHEMBL232191	nM	140.0	N[C@H]1C[C@H](N2CCn3c(nnc3C(F)(F)F)C2)CCC1c1cc(F)c(F)cc1F	5.853871964321762	<rdkit.Chem.rdchem.Mol object at 0x7f870f94a6c0>
1062	CHEMBL234635	nM	21.0	N[C@H]1C[C@@H](N2CCn3c(C(F)(F)F)cnc3C2)CCC1c1cc(F)c(F)cc1F	6.6777807052660805	<rdkit.Chem.rdchem.Mol object at 0x7f870f94a730>
1063	CHEMBL400624	nM	13.0	COc1cc2c(cc1OC)[C@@H]1CC(N)[C@@H](c3cccc(C)c3)CN1CC2	6.886056647693163	<rdkit.Chem.rdchem.Mol object at 0x7f870f94a7a0>
1064	CHEMBL234412	nM	710.0000000000002	CCCC[C@H]1CN2CCc3cc(OC)c(OC)cc3[C@@H]2C[C@@H]1N	5.1487416512809245	<rdkit.Chem.rdchem.Mol object at 0x7f870f94a810>
1065	CHEMBL232595	nM	4.0	COc1cc2c(cc1OC)[C@@H]1C[C@H](N)[C@@H](c3cccc(Cl)c3)CN1CC2	7.3979400086720375	<rdkit.Chem.rdchem.Mol object at 0x7f870f94a880>
1066	CHEMBL429982	nM	50.0	COc1cc2c(cc1OC)[C@@H]1C[C@@H](N)[C@@H](c3cccc(Cl)c3)CN1CC2	6.301029995663981	<rdkit.Chem.rdchem.Mol object at 0x7f870f94a8f0>
1067	CHEMBL391070	nM	4.0	COc1cc2c(cc1OC)[C@@H]1C[C@H](N)[C@@H](c3cccc(C)c3)CN1CC2	7.3979400086720375	<rdkit.Chem.rdchem.Mol object at 0x7f870f94a960>
1068	CHEMBL234431	nM	32.0	COc1cc2c(cc1OC)[C@@H]1C[C@@H](N)[C@@H](c3cccc(C)c3)CN1CC2	6.494850021680094	<rdkit.Chem.rdchem.Mol object at 0x7f870f94a9d0>
1069	CHEMBL234430	nM	650.0	COc1cccc([C@H]2CN3CCc4cc(OC)c(OC)cc4[C@@H]3C[C@H]2N)c1	5.187086643357144	<rdkit.Chem.rdchem.Mol object at 0x7f870f94aa40>
1070	CHEMBL540711	nM	5130.0	COc1cccc([C@H]2CN3CCc4cc(OC)c(OC)cc4[C@@H]3C[C@@H]2N)c1	4.289882634888183	<rdkit.Chem.rdchem.Mol object at 0x7f870f94aab0>
1071	CHEMBL392085	nM	3730.0	COc1cc2c(cc1OC)[C@@H]1C[C@H](N)[C@@H](c3ccc(C)c(C)c3)CN1CC2	4.428291168191312	<rdkit.Chem.rdchem.Mol object at 0x7f870f94ab20>
1072	CHEMBL234238	nM	9380.0	COc1cc2c(cc1OC)[C@@H]1C[C@@H](N)[C@@H](c3ccc(C)c(C)c3)CN1CC2	4.027797161620936	<rdkit.Chem.rdchem.Mol object at 0x7f870f94ab90>
1073	CHEMBL234048	nM	370.0	COc1cc2c(cc1OC)[C@@H]1C[C@H](N)[C@@H](c3ccc(C)cc3)CN1CC2	5.431798275933005	<rdkit.Chem.rdchem.Mol object at 0x7f870f94ac00>
1074	CHEMBL392084	nM	10590.0	COc1cc2c(cc1OC)[C@@H]1C[C@@H](N)[C@@H](c3ccc(C)cc3)CN1CC2	3.975104039892515	<rdkit.Chem.rdchem.Mol object at 0x7f870f94ac70>
1075	CHEMBL234047	nM	1520.0	COc1cc2c(cc1OC)[C@@H]1C[C@H](N)[C@@H](c3ccccn3)CN1CC2	4.818156412055227	<rdkit.Chem.rdchem.Mol object at 0x7f870f94ace0>
1076	CHEMBL392083	nM	990.0	COc1cc2c(cc1OC)[C@@H]1C[C@@H](N)[C@@H](c3ccccn3)CN1CC2	5.00436480540245	<rdkit.Chem.rdchem.Mol object at 0x7f870f94ad50>
1077	CHEMBL234046	nM	220.0	COc1cc2c(cc1OC)[C@@H]1CC(N)[C@@H](c3ccccc3)CN1CC2	5.657577319177793	<rdkit.Chem.rdchem.Mol object at 0x7f870f94adc0>
1078	CHEMBL428894	nM	200.0	COc1cc2c(cc1OC)[C@@H]1C[C@H](N)[C@@H](c3ccccc3)CN1CC2	5.698970004336019	<rdkit.Chem.rdchem.Mol object at 0x7f870f94ae30>
1079	CHEMBL391037	nM	270.0	COc1cc2c(cc1OC)[C@@H]1C[C@@H](N)[C@@H](c3ccccc3)CN1CC2	5.568636235841013	<rdkit.Chem.rdchem.Mol object at 0x7f870f94aea0>
1080	CHEMBL231996	nM	8900.0	COc1ccc(N2CCC(N)C(c3ccccn3)C2)cc1OC	4.050609993355087	<rdkit.Chem.rdchem.Mol object at 0x7f870f94af10>
1081	CHEMBL231995	nM	25600.0	COc1cccc(C2CN(c3ccc(OC)c(OC)c3)CCC2N)c1	3.5917600346881504	<rdkit.Chem.rdchem.Mol object at 0x7f870f94af80>
1082	CHEMBL231994	nM	600.0	COc1ccc(N2CCC(N)C(c3cccc(C)c3)C2)cc1OC	5.221848749616356	<rdkit.Chem.rdchem.Mol object at 0x7f870f94aff0>
1083	CHEMBL397353	nM	31300.0	COc1ccc(N2CCC(N)C(c3ccc(C)c(C)c3)C2)cc1OC	3.5044556624535517	<rdkit.Chem.rdchem.Mol object at 0x7f870f94b060>
1084	CHEMBL234616	nM	14800.0	COc1ccc(N2CCC(N)C(c3ccc(C)cc3)C2)cc1OC	3.8297382846050425	<rdkit.Chem.rdchem.Mol object at 0x7f870f94b0d0>
1085	CHEMBL234615	nM	5300.0	CCCCC1CN(c2cccc3ccccc23)CCC1N	4.275724130399211	<rdkit.Chem.rdchem.Mol object at 0x7f870f94b140>
1086	CHEMBL397144	nM	13600.0	CCCCC1CN(c2cccc3c2CCCC3)CCC1N	3.8664610916297826	<rdkit.Chem.rdchem.Mol object at 0x7f870f94b1b0>
1087	CHEMBL234614	nM	9400.0	CCCC[C@@H]1CN(c2ccc3ccccc3c2)CC[C@H]1N	4.026872146400302	<rdkit.Chem.rdchem.Mol object at 0x7f870f94b220>
1088	CHEMBL394507	nM	1500.0	CCCC[C@H]1CN(c2ccc3ccccc3c2)CC[C@H]1N	4.823908740944319	<rdkit.Chem.rdchem.Mol object at 0x7f870f94b290>
1089	CHEMBL234613	nM	3300.0	CCCC[C@H]1CN(c2ccc(Cl)c(Cl)c2)CC[C@H]1N	4.481486060122112	<rdkit.Chem.rdchem.Mol object at 0x7f870f94b300>
1090	CHEMBL234429	nM	18400.0	CCCC[C@@H]1CN(c2cc(OC)c(OC)c(OC)c2)CC[C@H]1N	3.7351821769904636	<rdkit.Chem.rdchem.Mol object at 0x7f870f94b370>
1091	CHEMBL396136	nM	2300.0	CCCC[C@H]1CN(c2cc(OC)c(OC)c(OC)c2)CC[C@H]1N	4.638272163982407	<rdkit.Chem.rdchem.Mol object at 0x7f870f94b3e0>
1092	CHEMBL234428	nM	26000.0	CCCC[C@@H]1CN(c2ccc(OC)c(OC)c2)CC[C@H]1N	3.585026652029182	<rdkit.Chem.rdchem.Mol object at 0x7f870f94b450>
1093	CHEMBL234427	nM	4900.0	CCCC[C@H]1CN(c2ccc(OC)c(OC)c2)CCC1N	4.309803919971486	<rdkit.Chem.rdchem.Mol object at 0x7f870f94b4c0>
1094	CHEMBL234426	nM	2600.0	CCCCC1CN(c2ccc(Cl)c(C(F)(F)F)c2)CCC1N	4.585026652029182	<rdkit.Chem.rdchem.Mol object at 0x7f870f94b530>
1095	CHEMBL443316	nM	2800.0	CCCC[C@H]1CN(c2ccc(Cl)c(C(F)(F)F)c2)CC[C@H]1N	4.552841968657781	<rdkit.Chem.rdchem.Mol object at 0x7f870f94b5a0>
1096	CHEMBL234236	nM	142000.0	CCCC[C@@H]1CN(c2ccc(OC)c(-c3ccccc3)c2)CC[C@H]1N	2.8477116556169433	<rdkit.Chem.rdchem.Mol object at 0x7f870f94b610>
1097	CHEMBL234235	nM	5800.0	CCCC[C@H]1CN(c2ccc(OC)c(-c3ccccc3)c2)CC[C@H]1N	4.236572006437063	<rdkit.Chem.rdchem.Mol object at 0x7f870f94b680>
1098	CHEMBL234233	nM	8400.0	CCCCC1CN(c2cc(OC)cc(C(F)(F)F)c2)CCC1N	4.075720713938118	<rdkit.Chem.rdchem.Mol object at 0x7f870f94b6f0>
1099	CHEMBL234045	nM	2100.0	CCCC[C@H]1CN(c2cc(OC)cc(C(F)(F)F)c2)CC[C@H]1N	4.6777807052660805	<rdkit.Chem.rdchem.Mol object at 0x7f870f94b760>
1100	CHEMBL234043	nM	13400.0	CCCCC1CN(c2cc(C(F)(F)F)cc(C(F)(F)F)c2)CCC1N	3.8728952016351923	<rdkit.Chem.rdchem.Mol object at 0x7f870f94b7d0>
1101	CHEMBL396857	nM	15000.0	CCCC[C@@H]1CN(c2ccc(Oc3ccccc3)cc2)CC[C@H]1N	3.8239087409443187	<rdkit.Chem.rdchem.Mol object at 0x7f870f94b840>
1102	CHEMBL234611	nM	6300.0	CCCC[C@H]1CN(c2ccc(Oc3ccccc3)cc2)CC[C@H]1N	4.200659450546418	<rdkit.Chem.rdchem.Mol object at 0x7f870f94b8b0>
1103	CHEMBL234610	nM	35700.0	CCCC[C@@H]1CN(c2ccccc2)CC[C@H]1N	3.447331783887807	<rdkit.Chem.rdchem.Mol object at 0x7f870f94b920>
1104	CHEMBL394662	nM	3500.0	CCCC[C@H]1CN(c2ccccc2)CC[C@H]1N	4.455931955649724	<rdkit.Chem.rdchem.Mol object at 0x7f870f94b990>
1105	CHEMBL234414	nM	18600.0	CCCCC1CN(C(c2ccccc2)c2ccccc2)CCC1N	3.7304870557820835	<rdkit.Chem.rdchem.Mol object at 0x7f870f94ba00>
1106	CHEMBL234413	nM	45200.0	CCCCC1CN(C2CCCCC2)CCC1N	3.344861565188618	<rdkit.Chem.rdchem.Mol object at 0x7f870f94ba70>
1107	CHEMBL233564	nM	0.67	N[C@H]1C[C@@H](N2Cc3cncnc3C2)CC[C@@H]1c1cc(F)c(F)cc1F	8.173925197299173	<rdkit.Chem.rdchem.Mol object at 0x7f870f94bae0>
1108	CHEMBL233563	nM	5.3	N[C@H]1C[C@@H](N2Cc3cnc(C4CC4)nc3C2)CC[C@@H]1c1cc(F)c(F)cc1F	7.275724130399211	<rdkit.Chem.rdchem.Mol object at 0x7f870f94bb50>
1109	CHEMBL392924	nM	6.6	N[C@H]1C[C@@H](N2Cc3ccccc3C2)CC[C@@H]1c1cc(F)c(F)cc1F	7.180456064458132	<rdkit.Chem.rdchem.Mol object at 0x7f870f94bbc0>
1110	CHEMBL233360	nM	21.0	N[C@H]1C[C@@H](N2CCn3c(nnc3C(F)(F)F)C2)CC[C@@H]1c1cc(F)c(F)cc1F	6.6777807052660805	<rdkit.Chem.rdchem.Mol object at 0x7f870f94bc30>
1111	CHEMBL234911	nM	77.0	Cc1nc(C(=O)[C@@H]2CCCN2C(=O)CNC(C)(C)CO)no1	6.113509274827518	<rdkit.Chem.rdchem.Mol object at 0x7f870f94bca0>
1112	CHEMBL393947	nM	25.0	CC(C)(Cc1ccc(F)cc1)NCC(=O)N1C[C@@H](F)C[C@H]1C(=O)c1nnc(C(C)(C)C)o1	6.6020599913279625	<rdkit.Chem.rdchem.Mol object at 0x7f870f94bd10>
1113	CHEMBL232185	nM	22.0	CC(C)(CO)NCC(=O)N1C[C@@H](F)C[C@H]1C(=O)c1nnc(C(C)(C)C)o1	6.657577319177793	<rdkit.Chem.rdchem.Mol object at 0x7f870f94bd80>
1114	CHEMBL232759	nM	47.0	CC(C)(CO)NCC(=O)N1CCC[C@H]1C(=O)c1nnc(C(C)(C)C)o1	6.327902142064283	<rdkit.Chem.rdchem.Mol object at 0x7f870f94bdf0>
1115	CHEMBL232572	nM	255.0	Cc1nnc(C(=O)[C@@H]2CCCN2C(=O)CNC(C)(C)CO)o1	5.5934598195660445	<rdkit.Chem.rdchem.Mol object at 0x7f870f94be60>
1116	CHEMBL232571	nM	10.0	CC(C)(C)NCC(=O)N1CCC[C@H]1C(=O)c1nnc(C2(C)CCCCC2)o1	7.0	<rdkit.Chem.rdchem.Mol object at 0x7f870f94bed0>
1117	CHEMBL391645	nM	30.0	CC(C)(C)NCC(=O)N1C[C@@H](F)C[C@H]1C(=O)c1nnc(C2CCCCC2)o1	6.522878745280337	<rdkit.Chem.rdchem.Mol object at 0x7f870f94bf40>
1118	CHEMBL232570	nM	17.0	Cc1cc(C)c(-c2nnc(C(=O)[C@@H]3CCCN3C(=O)CNC(C)(C)C)o2)c(C)c1	6.769551078621726	<rdkit.Chem.rdchem.Mol object at 0x7f870f94c040>
1119	CHEMBL395166	nM	56.0	CC(C)(C)NCC(=O)N1CCC[C@H]1C(=O)c1nnc(C(C)(C)C)o1	6.251811972993799	<rdkit.Chem.rdchem.Mol object at 0x7f870f94c0b0>
1120	CHEMBL399408	nM	20.0	CCC(C)(C)c1nnc(C(=O)[C@@H]2C[C@H](F)CN2C(=O)CNC(C)(C)C)o1	6.698970004336019	<rdkit.Chem.rdchem.Mol object at 0x7f870f94c120>
1121	CHEMBL391269	nM	339.0	Cc1nnc(C(=O)[C@@H]2CCCN2C(=O)CNC23CC4CC(CC(O)(C4)C2)C3)o1	5.4698003017969175	<rdkit.Chem.rdchem.Mol object at 0x7f870f94c190>
1122	CHEMBL233337	nM	680.0	Cc1nnc(C(=O)[C@@H]2CC(F)(F)CN2C(=O)CNC23CC4CC(CC(C4)C2)C3)o1	5.167491087293763	<rdkit.Chem.rdchem.Mol object at 0x7f870f94c200>
1123	CHEMBL233136	nM	53.0	Cc1nnc(C(=O)[C@@H]2C[C@H](F)CN2C(=O)CNC23CC4CC(CC(C4)C2)C3)o1	6.275724130399211	<rdkit.Chem.rdchem.Mol object at 0x7f870f94c270>
1124	CHEMBL232725	nM	84.0	Cc1nnc(C(=O)[C@@H]2CCCN2C(=O)CNC23CC4CC(CC(C4)C2)C3)o1	6.075720713938118	<rdkit.Chem.rdchem.Mol object at 0x7f870f94c2e0>
1125	CHEMBL232111	nM	224.0	Cc1nnc(C(=O)[C@@H]2CSCN2C(=O)CNC23CC4CC(CC(C4)C2)C3)o1	5.649751981665837	<rdkit.Chem.rdchem.Mol object at 0x7f870f94c350>
1126	CHEMBL233996	nM	210.0	Cc1nc(C(=O)[C@@H]2CCCN2C(=O)CNC23CC4CC(CC(C4)C2)C3)no1	5.6777807052660805	<rdkit.Chem.rdchem.Mol object at 0x7f870f94c3c0>
1127	CHEMBL232586	nM	95.0	CC(C)(C)NCC(=O)N1CCC[C@H]1C(=O)c1noc(C2(C)CCCCC2)n1	6.022276394711152	<rdkit.Chem.rdchem.Mol object at 0x7f870f94c430>
1128	CHEMBL399615	nM	15.0	CC(C)(C)NCC(=O)N1CCC[C@H]1C(=O)c1noc(-c2ccc(F)cc2)n1	6.823908740944319	<rdkit.Chem.rdchem.Mol object at 0x7f870f94c4a0>
1129	CHEMBL392552	nM	63.0	CC(C)(C)NCC(=O)N1C[C@@H](F)C[C@H]1C(=O)c1noc(C(C)(C)C)n1	6.200659450546418	<rdkit.Chem.rdchem.Mol object at 0x7f870f94c510>
1130	CHEMBL232153	nM	35.0	CC(C)(Cc1ccc(F)cc1)NCC(=O)N1CCC[C@H]1C(=O)c1ncon1	6.455931955649724	<rdkit.Chem.rdchem.Mol object at 0x7f870f94c580>
1131	CHEMBL231698	nM	7939.0	Cc1nc(C(=O)[C@@H]2CCCN2C(=O)CNC(C)(C)C(=O)O)no1	4.100234198055614	<rdkit.Chem.rdchem.Mol object at 0x7f870f94c5f0>
1132	CHEMBL231697	nM	223.0	CC(C)(CO)NCC(=O)N1CCC[C@H]1C(=O)c1noc(C(C)(C)C)n1	5.651695136951839	<rdkit.Chem.rdchem.Mol object at 0x7f870f94c660>
1133	CHEMBL391929	nM	67.0	CC(C)(CO)NCC(=O)N1C[C@@H](F)C[C@H]1C(=O)c1noc(C(C)(C)C)n1	6.173925197299173	<rdkit.Chem.rdchem.Mol object at 0x7f870f94c6d0>
1134	CHEMBL438309	nM	200.0	COc1ccccc1[C@@H]1CN(c2nc3c(cc2F)c(=O)c(C(=O)O)cn3C2CC2)C[C@@H]1N	5.698970004336019	<rdkit.Chem.rdchem.Mol object at 0x7f870f94c740>
1135	CHEMBL236507	nM	140.0	N[C@H]1CN(c2nc3c(cc2F)c(=O)c(C(=O)O)cn3C2CC2)C[C@H]1c1ccc(F)cc1	5.853871964321762	<rdkit.Chem.rdchem.Mol object at 0x7f870f94c7b0>
1136	CHEMBL237568	nM	150.0	N[C@H]1CN(c2nc3c(cc2F)c(=O)c(C(=O)O)cn3C2CC2)C[C@H]1c1ccccc1	5.823908740944319	<rdkit.Chem.rdchem.Mol object at 0x7f870f94c820>
1137	CHEMBL237567	nM	2000.0	COc1ccccc1[C@H]1CN(c2nc3c(cc2F)c(=O)c(C(=O)O)cn3C2CC2)C[C@@H]1N	4.698970004336019	<rdkit.Chem.rdchem.Mol object at 0x7f870f94c890>
1138	CHEMBL399409	nM	1000.0	N[C@H]1CN(c2nc3c(cc2F)c(=O)c(C(=O)O)cn3C2CC2)C[C@H]1c1ccc(Cl)c(Cl)c1	5.0	<rdkit.Chem.rdchem.Mol object at 0x7f870f94c900>
1139	CHEMBL237758	nM	790.0	N[C@H]1CN(c2cc(-c3ccccc3)ncn2)C[C@@H]1c1ccccc1	5.102372908709558	<rdkit.Chem.rdchem.Mol object at 0x7f870f94c970>
1140	CHEMBL392697	nM	2900.0	N[C@H]1CN(c2cc(-c3cccc(Cl)c3)ncn2)C[C@@H]1c1ccccc1	4.5376020021010435	<rdkit.Chem.rdchem.Mol object at 0x7f870f94c9e0>
1141	CHEMBL235201	nM	2300.0	COc1ccc(-c2cc(N3C[C@H](c4ccccc4)[C@@H](N)C3)ncn2)cc1	4.638272163982407	<rdkit.Chem.rdchem.Mol object at 0x7f870f94ca50>
1142	CHEMBL392696	nM	1400.0	N#Cc1cccc(-c2cc(N3C[C@H](c4ccccc4)[C@@H](N)C3)ncn2)c1	4.853871964321762	<rdkit.Chem.rdchem.Mol object at 0x7f870f94cac0>
1143	CHEMBL236705	nM	13.0	N[C@H]1CN(c2cc(-c3ccccc3)ncn2)C[C@@H]1c1cc(F)c(F)cc1F	6.886056647693163	<rdkit.Chem.rdchem.Mol object at 0x7f870f94cb30>
1144	CHEMBL237786	nM	6.4	COc1ccc(-c2cc(N3C[C@H](c4cc(F)c(F)cc4F)[C@@H](N)C3)ncn2)cn1	7.1938200260161125	<rdkit.Chem.rdchem.Mol object at 0x7f870f94cba0>
1145	CHEMBL237785	nM	31.0	N[C@H]1CN(c2cc(-c3cccnc3)ncn2)C[C@@H]1c1cc(F)c(F)cc1F	6.508638306165727	<rdkit.Chem.rdchem.Mol object at 0x7f870f94cc10>
1146	CHEMBL237569	nM	70.0	N[C@H]1CN(c2cc(-c3cccc(O)c3)ncn2)C[C@@H]1c1cc(F)c(F)cc1F	6.154901959985743	<rdkit.Chem.rdchem.Mol object at 0x7f870f94cc80>
1147	CHEMBL399207	nM	120.0	N[C@H]1CN(c2cc(-c3cccc([N+](=O)[O-])c3)ncn2)C[C@@H]1c1cc(F)c(F)cc1F	5.920818753952375	<rdkit.Chem.rdchem.Mol object at 0x7f870f94ccf0>
1148	CHEMBL236719	nM	14.0	CC(=O)Nc1cccc(-c2cc(N3C[C@H](c4cc(F)c(F)cc4F)[C@@H](N)C3)ncn2)c1	6.853871964321762	<rdkit.Chem.rdchem.Mol object at 0x7f870f94cd60>
1149	CHEMBL236508	nM	5.0	N[C@H]1CN(c2cc(-c3cccc(C(=O)O)c3)ncn2)C[C@@H]1c1cc(F)c(F)cc1F	7.301029995663981	<rdkit.Chem.rdchem.Mol object at 0x7f870f94cdd0>
1150	CHEMBL391252	nM	32.0	N[C@H]1CN(c2cc(-c3cccc(CO)c3)ncn2)C[C@@H]1c1cc(F)c(F)cc1F	6.494850021680094	<rdkit.Chem.rdchem.Mol object at 0x7f870f94ce40>
1151	CHEMBL236085	nM	1300.0	N[C@H]1CN(c2cc(-c3cccc(OC(F)(F)F)c3)ncn2)C[C@@H]1c1cc(F)c(F)cc1F	4.886056647693163	<rdkit.Chem.rdchem.Mol object at 0x7f870f94ceb0>
1152	CHEMBL236084	nM	71.0	N[C@H]1CN(c2cc(-c3cccc(C(F)(F)F)c3)ncn2)C[C@@H]1c1cc(F)c(F)cc1F	6.1487416512809245	<rdkit.Chem.rdchem.Mol object at 0x7f870f94cf20>
1153	CHEMBL391251	nM	120.0	COc1ccc(-c2cc(N3C[C@H](c4cc(F)c(F)cc4F)[C@@H](N)C3)ncn2)cc1	5.920818753952375	<rdkit.Chem.rdchem.Mol object at 0x7f870f94cf90>
1154	CHEMBL236923	nM	51.0	N[C@H]1CN(c2cc(-c3ccc(F)cc3)ncn2)C[C@@H]1c1cc(F)c(F)cc1F	6.292429823902063	<rdkit.Chem.rdchem.Mol object at 0x7f870f94d000>
1155	CHEMBL391837	nM	160.0	CC(=O)c1ccc(-c2cc(N3C[C@H](c4cc(F)c(F)cc4F)[C@@H](N)C3)ncn2)cc1	5.795880017344075	<rdkit.Chem.rdchem.Mol object at 0x7f870f94d070>
1156	CHEMBL236922	nM	130.0	N#Cc1ccc(-c2cc(N3C[C@H](c4cc(F)c(F)cc4F)[C@@H](N)C3)ncn2)cc1	5.886056647693163	<rdkit.Chem.rdchem.Mol object at 0x7f870f94d0e0>
1157	CHEMBL412585	nM	470.0	N[C@H]1CN(c2cc(-c3ccc(Cl)cc3)ncn2)C[C@@H]1c1cc(F)c(F)cc1F	5.327902142064283	<rdkit.Chem.rdchem.Mol object at 0x7f870f94d150>
1158	CHEMBL236714	nM	47.0	COc1cccc(-c2cc(N3C[C@H](c4cc(F)c(F)cc4F)[C@@H](N)C3)ncn2)c1	6.327902142064283	<rdkit.Chem.rdchem.Mol object at 0x7f870f94d1c0>
1159	CHEMBL237343	nM	13.999999999999996	N[C@H]1CN(c2cc(-c3cccc(F)c3)ncn2)C[C@@H]1c1cc(F)c(F)cc1F	6.853871964321762	<rdkit.Chem.rdchem.Mol object at 0x7f870f94d230>
1160	CHEMBL393612	nM	19.0	CC(=O)c1cccc(-c2cc(N3C[C@H](c4cc(F)c(F)cc4F)[C@@H](N)C3)ncn2)c1	6.721246399047171	<rdkit.Chem.rdchem.Mol object at 0x7f870f94d2a0>
1161	CHEMBL237342	nM	37.0	N#Cc1cccc(-c2cc(N3C[C@H](c4cc(F)c(F)cc4F)[C@@H](N)C3)ncn2)c1	6.431798275933005	<rdkit.Chem.rdchem.Mol object at 0x7f870f94d310>
1162	CHEMBL237341	nM	190.0	N[C@H]1CN(c2cc(-c3cccc(Cl)c3)ncn2)C[C@@H]1c1cc(F)c(F)cc1F	5.721246399047171	<rdkit.Chem.rdchem.Mol object at 0x7f870f94d380>
1163	CHEMBL393611	nM	180.0	COc1ccccc1-c1cc(N2C[C@H](c3cc(F)c(F)cc3F)[C@@H](N)C2)ncn1	5.7447274948966935	<rdkit.Chem.rdchem.Mol object at 0x7f870f94d3f0>
1164	CHEMBL391048	nM	57.0	N[C@H]1CN(c2cc(-c3ccccc3F)ncn2)C[C@@H]1c1cc(F)c(F)cc1F	6.2441251443275085	<rdkit.Chem.rdchem.Mol object at 0x7f870f94d460>
1165	CHEMBL236707	nM	230.0	CC(=O)c1ccccc1-c1cc(N2C[C@H](c3cc(F)c(F)cc3F)[C@@H](N)C2)ncn1	5.638272163982407	<rdkit.Chem.rdchem.Mol object at 0x7f870f94d4d0>
1166	CHEMBL391047	nM	93.0	N#Cc1ccccc1-c1cc(N2C[C@H](c3cc(F)c(F)cc3F)[C@@H](N)C2)ncn1	6.031517051446065	<rdkit.Chem.rdchem.Mol object at 0x7f870f94d540>
1167	CHEMBL236706	nM	260.0	N[C@H]1CN(c2cc(-c3ccccc3Cl)ncn2)C[C@@H]1c1cc(F)c(F)cc1F	5.585026652029182	<rdkit.Chem.rdchem.Mol object at 0x7f870f94d5b0>
1168	CHEMBL237119	nM	0.011999999999999999	CN(C)C(=O)[C@@H](c1ccc(-c2ccc(F)cc2)cc1)[C@H](N)C(=O)N1CC[C@H](F)C1	9.920818753952375	<rdkit.Chem.rdchem.Mol object at 0x7f870f94d620>
1169	CHEMBL237547	nM	16.0	CC(=O)N[C@H]1CC[C@H]([C@H](C)[C@H](N)C(=O)N2CC[C@H](F)C2)CC1	6.795880017344075	<rdkit.Chem.rdchem.Mol object at 0x7f870f94d690>
1170	CHEMBL237337	nM	4.3	CN(C)C(=O)[C@@H](c1ccc(-c2ccc3ncnn3c2)cc1)[C@H](N)C(=O)N1CC[C@H](F)C1	7.366531544420414	<rdkit.Chem.rdchem.Mol object at 0x7f870f94d700>
1171	CHEMBL237336	nM	0.06399999999999999	C[C@@H](c1ccc(-c2ccc(F)cc2)cc1)[C@H](N)C(=O)N1CC[C@H](F)C1	9.193820026016112	<rdkit.Chem.rdchem.Mol object at 0x7f870f94d770>
1172	CHEMBL237152	nM	27.999999999999996	C[C@@H](C1CCC(c2cccc3ncnn23)CC1)[C@H](N)C(=O)N1CCC(F)(F)C1	6.552841968657781	<rdkit.Chem.rdchem.Mol object at 0x7f870f94d7e0>
1173	CHEMBL237151	nM	149.99999999999997	C[C@@H](C1CCC(c2cccnc2)CC1)[C@H](N)C(=O)N1CCC(F)(F)C1	5.823908740944319	<rdkit.Chem.rdchem.Mol object at 0x7f870f94d850>
1174	CHEMBL392524	nM	390.00000000000006	C[C@@H](C1CCC(c2ccc(F)cc2)CC1)[C@H](N)C(=O)N1CC[C@](C)(F)C1	5.4089353929735005	<rdkit.Chem.rdchem.Mol object at 0x7f870f94d8c0>
1175	CHEMBL237997	nM	10.50714042925096	CN(C)C(=O)[C@@H]([C@H]1CC[C@H](c2cccc3ncnn32)CC1)[C@H](N)C(=O)N1CCC(F)(F)C1	6.97851546330341	<rdkit.Chem.rdchem.Mol object at 0x7f870f94d930>
1176	CHEMBL237783	nM	669.9999999999999	CN(C)C(=O)[C@@H]([C@H]1CC[C@@H](c2cccc3ncnn32)CC1)[C@H](N)C(=O)N1CCC(F)(F)C1	5.173925197299174	<rdkit.Chem.rdchem.Mol object at 0x7f870f94d9a0>
1177	CHEMBL400841	nM	7.733045971672483	CN(C)C(=O)[C@@H]([C@H]1CC[C@H](c2cccc3ncnn32)CC1)[C@H](N)C(=O)N1CC[C@H](F)C1	7.111649408005794	<rdkit.Chem.rdchem.Mol object at 0x7f870f94da10>
1178	CHEMBL237566	nM	819.9999999999997	CN(C)C(=O)[C@@H]([C@H]1CC[C@@H](c2cccc3ncnn32)CC1)[C@H](N)C(=O)N1CC[C@H](F)C1	5.086186147616283	<rdkit.Chem.rdchem.Mol object at 0x7f870f94da80>
1179	CHEMBL235199	nM	119.99999999999997	CN(C)C(=O)[C@@H]([C@H]1CC[C@H](C2CCc3ncnn3C2)CC1)[C@H](N)C(=O)N1CCC(F)(F)C1	5.920818753952375	<rdkit.Chem.rdchem.Mol object at 0x7f870f94daf0>
1180	CHEMBL235198	nM	450.00000000000006	CN(C)C(=O)[C@@H]([C@H]1CC[C@@H](C2CCc3ncnn3C2)CC1)[C@H](N)C(=O)N1CCC(F)(F)C1	5.346787486224656	<rdkit.Chem.rdchem.Mol object at 0x7f870f94db60>
1181	CHEMBL437557	nM	129.99999999999997	CN(C)C(=O)[C@@H]([C@H]1CC[C@H](c2ccc3ncnn3c2)CC1)[C@H](N)C(=O)N1CCC(F)(F)C1	5.886056647693163	<rdkit.Chem.rdchem.Mol object at 0x7f870f94dbd0>
1182	CHEMBL238191	nM	129.99999999999997	CN(C)C(=O)[C@@H]([C@H]1CC[C@@H](c2ccc3ncnn3c2)CC1)[C@H](N)C(=O)N1CCC(F)(F)C1	5.886056647693163	<rdkit.Chem.rdchem.Mol object at 0x7f870f94dc40>
1183	CHEMBL238190	nM	289.99999999999994	CN(C)C(=O)[C@@H]([C@H]1CC[C@H](c2ccc(F)cc2)CC1)[C@H](N)C(=O)N1CCC(F)(F)C1	5.537602002101044	<rdkit.Chem.rdchem.Mol object at 0x7f870f94dcb0>
1184	CHEMBL237972	nM	1500.0	CN(C)C(=O)[C@@H]([C@H]1CC[C@@H](c2ccc(F)cc2)CC1)[C@H](N)C(=O)N1CCC(F)(F)C1	4.823908740944319	<rdkit.Chem.rdchem.Mol object at 0x7f870f94dd20>
1185	CHEMBL235223	nM	1900.0000000000005	COc1cc([C@H]2CC[C@H]([C@H](C(=O)N(C)C)[C@H](N)C(=O)N3CCC(F)(F)C3)CC2)nc(OC)n1	4.721246399047171	<rdkit.Chem.rdchem.Mol object at 0x7f870f94dd90>
1186	CHEMBL235004	nM	2699.999999999999	COc1cc([C@H]2CC[C@@H]([C@H](C(=O)N(C)C)[C@H](N)C(=O)N3CCC(F)(F)C3)CC2)nc(OC)n1	4.568636235841013	<rdkit.Chem.rdchem.Mol object at 0x7f870f94de00>
1187	CHEMBL397070	nM	89999.99999999997	CC[C@@H](C)[C@H](N)C(=O)N1Cc2ccccc2C1	3.0457574905606752	<rdkit.Chem.rdchem.Mol object at 0x7f870f94de70>
1188	CHEMBL238114	nM	4200.0	CC(=O)Nc1ccc(OP(=O)(Oc2ccc(NC(C)=O)cc2)C2CCCN2C(=O)[C@H](CCCCN)NC(=O)OCc2ccccc2)cc1	4.376750709602099	<rdkit.Chem.rdchem.Mol object at 0x7f870f94dee0>
1189	CHEMBL236781	nM	8000.0	CC(=O)Nc1ccc(OP(=O)(Oc2ccc(NC(C)=O)cc2)C2CCCN2C(=O)[C@@H](N)CCCCN)cc1	4.096910013008056	<rdkit.Chem.rdchem.Mol object at 0x7f870f94df50>
1190	CHEMBL392139	nM	261000.0	NCC[C@H](N)C(=O)N1CCCC1P(=O)(Oc1ccccc1)Oc1ccccc1	2.583359492661719	<rdkit.Chem.rdchem.Mol object at 0x7f870f94dfc0>
1191	CHEMBL236602	nM	326000.0	N[C@@H](Cc1cnc[nH]1)C(=O)N1CCCC1P(=O)(Oc1ccccc1)Oc1ccccc1	2.486782399932061	<rdkit.Chem.rdchem.Mol object at 0x7f870f94e030>
1192	CHEMBL439205	nM	4800.0	NCCCC[C@H](NC(=O)OCc1ccccc1)C(=O)N1CCCC1P(=O)(Oc1ccccc1)Oc1ccccc1	4.318758762624412	<rdkit.Chem.rdchem.Mol object at 0x7f870f94e0a0>
1193	CHEMBL391721	nM	117000.0	NCCCC[C@H](N)C(=O)N1CCCC1P(=O)(Oc1ccccc1)Oc1ccccc1	2.9318141382538383	<rdkit.Chem.rdchem.Mol object at 0x7f870f94e110>
1194	CHEMBL237673	nM	503000.0	N[C@@H](CO)C(=O)N1CCCC1P(=O)(Oc1ccccc1)Oc1ccccc1	2.2984320149440727	<rdkit.Chem.rdchem.Mol object at 0x7f870f94e180>
1195	CHEMBL237658	nM	142000.0	N[C@@H](Cc1ccccc1)C(=O)N1CCCC1P(=O)(Oc1ccccc1)Oc1ccccc1	2.8477116556169433	<rdkit.Chem.rdchem.Mol object at 0x7f870f94e1f0>
1196	CHEMBL236586	nM	89000.0	CC(C)[C@H](N)C(=O)N1CCCC1P(=O)(Oc1ccccc1)Oc1ccccc1	3.050609993355087	<rdkit.Chem.rdchem.Mol object at 0x7f870f94e260>
1197	CHEMBL399189	nM	16000.0	NCC(=O)N1CCCC1P(=O)(Oc1ccccc1)Oc1ccccc1	3.795880017344075	<rdkit.Chem.rdchem.Mol object at 0x7f870f94e2d0>
1198	CHEMBL235766	nM	14.0	CCOC(=O)CNC(=O)c1ccc(OP(=O)(Oc2ccc(C(=O)NCC(=O)OCC)cc2)C2CCCN2C(=O)C2CCCN2)cc1	6.853871964321762	<rdkit.Chem.rdchem.Mol object at 0x7f870f94e340>
1199	CHEMBL439382	nM	5600.0	CC(=O)Nc1ccc(OP(=O)(Oc2ccc(NC(C)=O)cc2)C2CCCN2C(=O)C2CCCN2)cc1	4.251811972993799	<rdkit.Chem.rdchem.Mol object at 0x7f870f94e3b0>
1200	CHEMBL237500	nM	0.816056789942242	CC#CCn1c(N2CCC[C@@H](N)C2)nc2c1c(=O)n(Cc1nc(C)c3ccccc3n1)c(=O)n2C	8.088279617348656	<rdkit.Chem.rdchem.Mol object at 0x7f870f94e420>
1201	CHEMBL235133	nM	3899.9999999999977	Cn1c(=O)[nH]c(=O)c2c1nc(N1CCNCC1)n2Cc1ccccc1	4.408935392973501	<rdkit.Chem.rdchem.Mol object at 0x7f870f94e490>
1202	CHEMBL237499	nM	3.0000000000000004	CC#CCn1c(N2CCC[C@@H](N)C2)nc2c1c(=O)n(Cc1nc(C)cc3ccccc13)c(=O)n2C	7.522878745280337	<rdkit.Chem.rdchem.Mol object at 0x7f870f94e500>
1203	CHEMBL237289	nM	1.0	CC#CCn1c(N2CCC[C@@H](N)C2)nc2c1c(=O)n(CC(=O)c1ccccc1OCC(=O)NC)c(=O)n2C	8.0	<rdkit.Chem.rdchem.Mol object at 0x7f870f94e570>
1204	CHEMBL391307	nM	8.0	CC#CCn1c(N2CCC[C@@H](N)C2)nc2c1c(=O)n(Cc1ccc(OC)cc1)c(=O)n2C	7.096910013008056	<rdkit.Chem.rdchem.Mol object at 0x7f870f94e5e0>
1205	CHEMBL237288	nM	9.0	CC#CCn1c(N2CCC[C@H](N)C2)nc2c1c(=O)n(CC(=O)c1ccccc1)c(=O)n2C	7.045757490560675	<rdkit.Chem.rdchem.Mol object at 0x7f870f94e650>
1206	CHEMBL237287	nM	4.0	CC#CCn1c(N2CCC[C@@H](N)C2)nc2c1c(=O)n(CC(=O)c1ccccc1)c(=O)n2C	7.3979400086720375	<rdkit.Chem.rdchem.Mol object at 0x7f870f94e6c0>
1207	CHEMBL391089	nM	2.0	CC(C)=CCn1c(N2CCC[C@H](N)C2)nc2c1c(=O)n(Cc1nccc3ccccc13)c(=O)n2C	7.698970004336019	<rdkit.Chem.rdchem.Mol object at 0x7f870f94e730>
1208	CHEMBL429450	nM	4.0	CC(C)=CCn1c(N2CCC[C@@H](N)C2)nc2c1c(=O)n(Cc1nccc3ccccc13)c(=O)n2C	7.3979400086720375	<rdkit.Chem.rdchem.Mol object at 0x7f870f94e7a0>
1209	CHEMBL237067	nM	4.999999999999999	CC(C)=CCn1c(N2CCC[C@H](N)C2)nc2c1c(=O)n(CC(=O)c1ccccc1)c(=O)n2C	7.301029995663981	<rdkit.Chem.rdchem.Mol object at 0x7f870f94e810>
1210	CHEMBL237488	nM	1.0488088481701516	CC(C)=CCn1c(N2CCC[C@@H](N)C2)nc2c1c(=O)n(CC(=O)c1ccccc1)c(=O)n2C	7.979303657420887	<rdkit.Chem.rdchem.Mol object at 0x7f870f94e880>
1211	CHEMBL237281	nM	56.0	CC(C)=CCn1c(N2CCCC(N)C2)nc2c1c(=O)n(CCc1ccccc1)c(=O)n2C	6.251811972993799	<rdkit.Chem.rdchem.Mol object at 0x7f870f94e8f0>
1212	CHEMBL391634	nM	284.0	CC(C)=CCn1c(N2CCCC(N)C2)nc2c1c(=O)n(Cc1ccccc1)c(=O)n2C	5.546681659952962	<rdkit.Chem.rdchem.Mol object at 0x7f870f94e960>
1213	CHEMBL237280	nM	88.0	CC#CCn1c(N2CCCC(N)C2)nc2c1c(=O)n(C)c(=O)n2C	6.055517327849832	<rdkit.Chem.rdchem.Mol object at 0x7f870f94e9d0>
1214	CHEMBL237279	nM	35.0	CC(C)=CCn1c(N2CCCC(N)C2)nc2c1c(=O)n(C)c(=O)n2C	6.455931955649724	<rdkit.Chem.rdchem.Mol object at 0x7f870f94ea40>
1215	CHEMBL399216	nM	82.00000000000001	Cn1c(=O)c2c(nc(N3CCCC(N)C3)n2Cc2ccccc2)n(C)c1=O	6.086186147616283	<rdkit.Chem.rdchem.Mol object at 0x7f870f94eab0>
1216	CHEMBL235792	nM	200.0	CC#CCn1c(N2CCNCC2)nc2c1c(=O)n(C)c(=O)n2C	5.698970004336019	<rdkit.Chem.rdchem.Mol object at 0x7f870f94eb20>
1217	CHEMBL235352	nM	580.0	CC(C)=CCn1c(N2CCNCC2)nc2c1c(=O)n(C)c(=O)n2C	5.236572006437063	<rdkit.Chem.rdchem.Mol object at 0x7f870f94eb90>
1218	CHEMBL235134	nM	2800.0	Cn1c(=O)c2c(nc(N3CCNCC3)n2Cc2ccccc2)n(C)c1=O	4.552841968657781	<rdkit.Chem.rdchem.Mol object at 0x7f870f94ec00>
1219	CHEMBL241464	nM	1.2	N#Cc1cccnc1N1CCN([C@@H]2CN[C@H](C(=O)N3CCSC3)C2)CC1	7.920818753952375	<rdkit.Chem.rdchem.Mol object at 0x7f870f94ec70>
1220	CHEMBL241253	nM	1.6	N#Cc1ccc(N2CCN([C@@H]3CN[C@H](C(=O)N4CCSC4)C3)CC2)nc1	7.795880017344075	<rdkit.Chem.rdchem.Mol object at 0x7f870f94ece0>
1221	CHEMBL241252	nM	1.5	O=C([C@@H]1C[C@H](N2CCN(c3ccc(C(F)(F)F)cn3)CC2)CN1)N1CCSC1	7.823908740944319	<rdkit.Chem.rdchem.Mol object at 0x7f870f94ed50>
1222	CHEMBL399610	nM	0.92	O=C([C@@H]1C[C@H](N2CCN(c3ccc([N+](=O)[O-])cn3)CC2)CN1)N1CCSC1	8.036212172654444	<rdkit.Chem.rdchem.Mol object at 0x7f870f94edc0>
1223	CHEMBL399405	nM	1.6	N#Cc1ccnc(N2CCN([C@@H]3CN[C@H](C(=O)N4CCSC4)C3)CC2)c1	7.795880017344075	<rdkit.Chem.rdchem.Mol object at 0x7f870f94ee30>
1224	CHEMBL239565	nM	2.5	O=C([C@@H]1C[C@H](N2CCN(c3ccc(Cl)cn3)CC2)CN1)N1CCSC1	7.6020599913279625	<rdkit.Chem.rdchem.Mol object at 0x7f870f94eea0>
1225	CHEMBL239564	nM	3.1	O=C([C@@H]1C[C@H](N2CCN(c3ccncc3)CC2)CN1)N1CCSC1	7.508638306165727	<rdkit.Chem.rdchem.Mol object at 0x7f870f94ef10>
1226	CHEMBL395854	nM	2.7	O=C([C@@H]1C[C@H](N2CCN(c3ccccn3)CC2)CN1)N1CCSC1	7.568636235841012	<rdkit.Chem.rdchem.Mol object at 0x7f870f94ef80>
1227	CHEMBL239356	nM	2.4	O=C([C@@H]1C[C@H](N2CCCN(c3ccc([N+](=O)[O-])cc3)CC2)CN1)N1CCSC1	7.619788758288394	<rdkit.Chem.rdchem.Mol object at 0x7f870f94eff0>
1228	CHEMBL238516	nM	2.3	O=C([C@@H]1C[C@H](N2CCC(c3ccc([N+](=O)[O-])cc3)CC2)CN1)N1CCSC1	7.638272163982407	<rdkit.Chem.rdchem.Mol object at 0x7f870f94f060>
1229	CHEMBL395606	nM	5.6	O=C([C@@H]1C[C@H](N2CCC(c3ccccc3)CC2)CN1)N1CCSC1	7.251811972993799	<rdkit.Chem.rdchem.Mol object at 0x7f870f94f0d0>
1230	CHEMBL238515	nM	1.3	N#Cc1ccc(N2CCN([C@@H]3CN[C@H](C(=O)N4CCSC4)C3)CC2)cc1C#N	7.886056647693163	<rdkit.Chem.rdchem.Mol object at 0x7f870f94f140>
1231	CHEMBL241246	nM	3.0	O=C([C@@H]1C[C@H](N2CCN(c3ccc(Cl)c(Cl)c3)CC2)CN1)N1CCSC1	7.522878745280337	<rdkit.Chem.rdchem.Mol object at 0x7f870f94f1b0>
1232	CHEMBL241245	nM	6.8	O=C([C@@H]1C[C@H](N2CCN(c3ccc(C(F)(F)F)cc3)CC2)CN1)N1CCSC1	7.167491087293763	<rdkit.Chem.rdchem.Mol object at 0x7f870f94f220>
1233	CHEMBL391578	nM	4.3	N#Cc1ccc(N2CCN([C@@H]3CN[C@H](C(=O)N4CCSC4)C3)CC2)cc1	7.366531544420414	<rdkit.Chem.rdchem.Mol object at 0x7f870f94f290>
1234	CHEMBL391466	nM	1.6	O=C([C@@H]1C[C@H](N2CCN(c3ccc([N+](=O)[O-])cc3)CC2)CN1)N1CCSC1	7.795880017344075	<rdkit.Chem.rdchem.Mol object at 0x7f870f94f300>
1235	CHEMBL239984	nM	8.2	O=C([C@@H]1C[C@H](N2CCN(c3ccc(Br)cc3)CC2)CN1)N1CCSC1	7.086186147616283	<rdkit.Chem.rdchem.Mol object at 0x7f870f94f370>
1236	CHEMBL239983	nM	10.8	O=C([C@@H]1C[C@H](N2CCN(c3ccccc3Cl)CC2)CN1)N1CCSC1	6.966576244513051	<rdkit.Chem.rdchem.Mol object at 0x7f870f94f3e0>
1237	CHEMBL391577	nM	4.1	O=C([C@@H]1C[C@H](N2CCN(c3cccc(Cl)c3)CC2)CN1)N1CCSC1	7.3872161432802645	<rdkit.Chem.rdchem.Mol object at 0x7f870f94f450>
1238	CHEMBL238507	nM	8.7	O=C([C@@H]1C[C@H](N2CCN(c3ccc(Cl)cc3)CC2)CN1)N1CCSC1	7.060480747381382	<rdkit.Chem.rdchem.Mol object at 0x7f870f94f4c0>
1239	CHEMBL397893	nM	12.2	O=C([C@@H]1C[C@H](N2CCN(c3ccc(F)cc3)CC2)CN1)N1CCSC1	6.913640169325252	<rdkit.Chem.rdchem.Mol object at 0x7f870f94f530>
1240	CHEMBL238506	nM	13.5	COc1ccc(N2CCN([C@@H]3CN[C@H](C(=O)N4CCSC4)C3)CC2)cc1	6.8696662315049934	<rdkit.Chem.rdchem.Mol object at 0x7f870f94f5a0>
1241	CHEMBL240602	nM	21.0	O=C([C@@H]1C[C@H](N2CCN(C(c3ccccc3)c3ccccc3)CC2)CN1)N1CCSC1	6.6777807052660805	<rdkit.Chem.rdchem.Mol object at 0x7f870f94f610>
1242	CHEMBL391433	nM	30.5	O=C([C@@H]1C[C@H](N2CCN(Cc3ccccc3)CC2)CN1)N1CCSC1	6.515700160653214	<rdkit.Chem.rdchem.Mol object at 0x7f870f94f680>
1243	CHEMBL240601	nM	10.9	O=C([C@@H]1C[C@H](N2CCN(c3ccccc3)CC2)CN1)N1CCSC1	6.962573502059376	<rdkit.Chem.rdchem.Mol object at 0x7f870f94f6f0>
1244	CHEMBL391332	nM	57.5	CN1CCN([C@@H]2CN[C@H](C(=O)N3CCSC3)C2)CC1	6.2403321553103694	<rdkit.Chem.rdchem.Mol object at 0x7f870f94f760>
1245	CHEMBL241674	nM	13.9	O=C([C@@H]1C[C@H](N2CCOCC2)CN1)N1CCSC1	6.856985199745905	<rdkit.Chem.rdchem.Mol object at 0x7f870f94f7d0>
1246	CHEMBL391331	nM	47.6	O=C([C@@H]1C[C@H](N2CCCCC2)CN1)N1CCSC1	6.3223930472795065	<rdkit.Chem.rdchem.Mol object at 0x7f870f94f840>
1247	CHEMBL241673	nM	127.0	O=C([C@@H]1C[C@H](N2CCCC2)CN1)N1CCSC1	5.896196279044043	<rdkit.Chem.rdchem.Mol object at 0x7f870f94f8b0>
1248	CHEMBL534959	nM	3850.0	Cl.N[C@@H](CC(=O)N1CCCN1)Cc1cc(F)c(F)cc1F	4.414539270491499	<rdkit.Chem.rdchem.Mol object at 0x7f870f94f920>
1249	CHEMBL539611	nM	70.0	Cl.N[C@@H](CC(=O)N1CCCCCN1C(=O)c1ccccc1)Cc1cc(F)c(F)cc1F	6.154901959985743	<rdkit.Chem.rdchem.Mol object at 0x7f870f94f990>
1250	CHEMBL535180	nM	50.0	Cl.N[C@@H](CC(=O)N1CCCCN1C(=O)c1ccccc1)Cc1cc(F)c(F)cc1F	6.301029995663981	<rdkit.Chem.rdchem.Mol object at 0x7f870f94fa00>
1251	CHEMBL539610	nM	350.0	Cl.N[C@@H](CC(=O)N1CCCN1C(=O)c1ccccc1)Cc1cc(F)c(F)cc1F	5.455931955649724	<rdkit.Chem.rdchem.Mol object at 0x7f870f94fa70>
1252	CHEMBL534960	nM	500.0	Cc1ccc(S(=O)(=O)N2CCCN2C(=O)C[C@H](N)Cc2cc(F)c(F)cc2F)cc1.Cl	5.301029995663981	<rdkit.Chem.rdchem.Mol object at 0x7f870f94fae0>
1253	CHEMBL557776	nM	990.0	Cl.N[C@@H](CC(=O)N1CCCN1C(=O)Nc1ccccc1)Cc1cc(F)c(F)cc1F	5.00436480540245	<rdkit.Chem.rdchem.Mol object at 0x7f870f94fb50>
1254	CHEMBL393336	nM	22.56131424364184	N[C@@H](CC(=O)N1CCn2c(nnc2C(F)(F)F)C1)Cc1cc(F)c(F)cc1F.O=P(O)(O)O	6.646635605391844	<rdkit.Chem.rdchem.Mol object at 0x7f870f94fbc0>
1255	CHEMBL392825	nM	46.99999999999999	C[C@@H](C1CCC(N(C)C(=O)C2CC2)CC1)[C@H](N)C(=O)N1CC[C@H](F)C1.Cl	6.327902142064283	<rdkit.Chem.rdchem.Mol object at 0x7f870f94fc30>
1256	CHEMBL245545	nM	40.0	CC(=O)N(C)C1CCC([C@H](C)[C@H](N)C(=O)N2CC[C@H](F)C2)CC1.Cl	6.3979400086720375	<rdkit.Chem.rdchem.Mol object at 0x7f870f94fca0>
1257	CHEMBL428747	nM	190.0	CC(=O)N(C)C1CCC([C@H](C(=O)N(C)C)[C@H](N)C(=O)N2CC[C@H](F)C2)CC1.Cl	5.721246399047171	<rdkit.Chem.rdchem.Mol object at 0x7f870f94fd10>
1258	CHEMBL395696	nM	97.0	COc1ccc(C(=O)N(C)C2CCC([C@H](C)[C@H](N)C(=O)N3CC[C@H](F)C3)CC2)cc1.Cl	6.013228265733755	<rdkit.Chem.rdchem.Mol object at 0x7f870f94fd80>
1259	CHEMBL245380	nM	209.99999999999994	COc1ccc(C(=O)NC2CCC([C@H](C)[C@H](N)C(=O)N3CC[C@H](F)C3)CC2)cc1.Cl	5.6777807052660805	<rdkit.Chem.rdchem.Mol object at 0x7f870f94fdf0>
1260	CHEMBL245379	nM	92.00000000000001	C[C@@H](C1CCC(N(C)C(=O)c2cccc(F)c2)CC1)[C@H](N)C(=O)N1CC[C@H](F)C1.Cl	6.036212172654444	<rdkit.Chem.rdchem.Mol object at 0x7f870f94fe60>
1261	CHEMBL246374	nM	199.99999999999991	CN(C)C(=O)[C@@H](C1CCC(N(C)C(=O)c2cccc(F)c2)CC1)[C@H](N)C(=O)N1CC[C@H](F)C1.Cl	5.698970004336019	<rdkit.Chem.rdchem.Mol object at 0x7f870f94fed0>
1262	CHEMBL246373	nM	3470.000000000001	C[C@@H](C1CCC(NS(=O)(=O)c2ccc(OC(F)(F)F)cc2)CC1)[C@H](N)C(=O)N1CC[C@H](F)C1.Cl	4.459670525209126	<rdkit.Chem.rdchem.Mol object at 0x7f870f94ff40>
1263	CHEMBL397854	nM	1280.0	CN(C)C(=O)[C@@H](C1CCC(NS(=O)(=O)c2ccc(OC(F)(F)F)cc2)CC1)[C@H](N)C(=O)N1CC[C@H](F)C1.Cl	4.892790030352131	<rdkit.Chem.rdchem.Mol object at 0x7f870f950040>
1264	CHEMBL246372	nM	1490.0000000000005	C[C@@H](C1CCC(NS(=O)(=O)c2ccc(F)cc2F)CC1)[C@H](N)C(=O)N1CC[C@H](F)C1.Cl	4.826813731587726	<rdkit.Chem.rdchem.Mol object at 0x7f870f9500b0>
1265	CHEMBL246170	nM	509.9999999999999	CN(C)C(=O)[C@@H](C1CCC(NS(=O)(=O)c2ccc(F)cc2F)CC1)[C@H](N)C(=O)N1CC[C@H](F)C1.Cl	5.292429823902064	<rdkit.Chem.rdchem.Mol object at 0x7f870f950120>
1266	CHEMBL395213	nM	48.0	Cl.N[C@H](C(=O)N1CC[C@H](F)C1)C1CCC(NS(=O)(=O)c2ccc(F)cc2F)CC1	6.318758762624412	<rdkit.Chem.rdchem.Mol object at 0x7f870f950190>
1267	CHEMBL246169	nM	210.0	CC(=O)N(C)c1ccc([C@H](C)[C@H](N)C(=O)N2CC[C@H](F)C2)cc1.O=C(O)C(F)(F)F	5.6777807052660805	<rdkit.Chem.rdchem.Mol object at 0x7f870f950200>
1268	CHEMBL246168	nM	150.0	CC(=O)N(C)c1ccc([C@H](C(=O)N(C)C)[C@H](N)C(=O)N2CC[C@H](F)C2)cc1.O=C(O)C(F)(F)F	5.823908740944319	<rdkit.Chem.rdchem.Mol object at 0x7f870f950270>
1269	CHEMBL245971	nM	600.0	CC(=O)Nc1ccc([C@H](C)[C@H](N)C(=O)N2CC[C@H](F)C2)cc1.O=C(O)C(F)(F)F	5.221848749616356	<rdkit.Chem.rdchem.Mol object at 0x7f870f9502e0>
1270	CHEMBL245970	nM	160.0	CC(=O)Nc1ccc([C@H](C(=O)N(C)C)[C@H](N)C(=O)N2CC[C@H](F)C2)cc1.O=C(O)C(F)(F)F	5.795880017344075	<rdkit.Chem.rdchem.Mol object at 0x7f870f950350>
1271	CHEMBL437379	nM	300.0	C[C@@H](c1ccc(N(C)C(=O)c2ccc(F)cc2)cc1)[C@H](N)C(=O)N1CC[C@H](F)C1.O=C(O)C(F)(F)F	5.522878745280337	<rdkit.Chem.rdchem.Mol object at 0x7f870f9503c0>
1272	CHEMBL245969	nM	159.99999999999994	CN(C)C(=O)[C@@H](c1ccc(N(C)C(=O)c2ccc(F)cc2)cc1)[C@H](N)C(=O)N1CC[C@H](F)C1.O=C(O)C(F)(F)F	5.795880017344075	<rdkit.Chem.rdchem.Mol object at 0x7f870f950430>
1273	CHEMBL396168	nM	25.0	Cc1ccc(C(=O)N(C)c2ccc([C@H](C(=O)N(C)C)[C@H](N)C(=O)N3CC[C@H](F)C3)cc2)cc1.O=C(O)C(F)(F)F	6.6020599913279625	<rdkit.Chem.rdchem.Mol object at 0x7f870f9504a0>
1274	CHEMBL429653	nM	430.0	Cc1ccc(S(=O)(=O)N(C)c2ccc([C@H](C(=O)N(C)C)[C@H](N)C(=O)N3CC[C@H](F)C3)cc2)cc1.O=C(O)C(F)(F)F	5.366531544420414	<rdkit.Chem.rdchem.Mol object at 0x7f870f950510>
1275	CHEMBL245772	nM	870.0	CN(C)C(=O)[C@@H](c1ccc(NS(=O)(=O)c2ccccc2)cc1)[C@H](N)C(=O)N1CC[C@H](F)C1.O=C(O)C(F)(F)F	5.060480747381382	<rdkit.Chem.rdchem.Mol object at 0x7f870f950580>
1276	CHEMBL399499	nM	59.0	N[C@@H](CC(=O)N1CCn2nc(C(F)(F)F)nc2C1)Cc1cc(F)c(F)cc1F	6.229147988357856	<rdkit.Chem.rdchem.Mol object at 0x7f870f9505f0>
1277	CHEMBL400068	nM	2.0	N[C@@H](CC(=O)N1CCn2nc(C(F)(F)F)nc2[C@H]1Cn1cncn1)Cc1cc(F)c(F)cc1F	7.698970004336019	<rdkit.Chem.rdchem.Mol object at 0x7f870f950660>
1278	CHEMBL250353	nM	5.0	N[C@@H](CC(=O)N1CCn2nc(C(F)(F)F)nc2C1Cn1cncn1)Cc1cc(F)c(F)cc1F	7.301029995663981	<rdkit.Chem.rdchem.Mol object at 0x7f870f9506d0>
1279	CHEMBL250351	nM	4.0	N[C@@H](CC(=O)N1CCn2nc(C(F)(F)F)nc2C1Cn1cccn1)Cc1cc(F)c(F)cc1F	7.3979400086720375	<rdkit.Chem.rdchem.Mol object at 0x7f870f950740>
1280	CHEMBL250147	nM	2.0	N[C@@H](CC(=O)N1CCn2nc(C(F)(F)F)nc2C1Cn1ccnc1)Cc1cc(F)c(F)cc1F	7.698970004336019	<rdkit.Chem.rdchem.Mol object at 0x7f870f9507b0>
1281	CHEMBL249945	nM	17.999999999999996	N[C@@H](CC(=O)N1CCn2nc(C(F)(F)F)nc2[C@@H]1C(F)C1CC1)Cc1cc(F)c(F)cc1F	6.744727494896694	<rdkit.Chem.rdchem.Mol object at 0x7f870f950820>
1282	CHEMBL404210	nM	14.0	N[C@@H](CC(=O)N1CCn2nc(C(F)(F)F)nc2[C@@H]1C(O)C1CC1)Cc1cc(F)c(F)cc1F	6.853871964321762	<rdkit.Chem.rdchem.Mol object at 0x7f870f950890>
1283	CHEMBL400722	nM	12.0	NC(CC(=O)N1CCn2nc(C(F)(F)F)nc2[C@@H]1C(O)C1CC1)Cc1cc(F)c(F)cc1F	6.920818753952375	<rdkit.Chem.rdchem.Mol object at 0x7f870f950900>
1284	CHEMBL400752	nM	7.0	N[C@@H](CC(=O)N1CCn2nc(C(F)(F)F)nc2[C@H]1CC1CC1)Cc1cc(F)c(F)cc1F	7.154901959985743	<rdkit.Chem.rdchem.Mol object at 0x7f870f950970>
1285	CHEMBL250999	nM	4.0	N[C@@H](CC(=O)N1CCn2nc(C(F)(F)F)nc2[C@H]1Cc1ccc(C(F)(F)F)cc1)Cc1cc(F)c(F)cc1F	7.3979400086720375	<rdkit.Chem.rdchem.Mol object at 0x7f870f9509e0>
1286	CHEMBL401304	nM	4.0	N[C@@H](CC(=O)N1CCn2nc(C(F)(F)F)nc2[C@H]1Cc1ccc(F)cc1)Cc1cc(F)c(F)cc1F	7.3979400086720375	<rdkit.Chem.rdchem.Mol object at 0x7f870f950a50>
1287	CHEMBL250787	nM	24.999999999999996	C[C@@H]1c2nc(C(F)(F)F)nn2CCN1C(=O)C[C@H](N)Cc1cc(F)c(F)cc1F	6.6020599913279625	<rdkit.Chem.rdchem.Mol object at 0x7f870f950ac0>
1288	CHEMBL251376	nM	274.0	C[C@H]1c2nc(C(F)(F)F)nn2CCN1C(=O)C[C@H](N)Cc1cc(F)c(F)cc1F	5.562249437179612	<rdkit.Chem.rdchem.Mol object at 0x7f870f950b30>
1289	CHEMBL401057	nM	68.0	N[C@@H](CC(=O)N1CCn2nc(-c3ccccc3)nc2C1)Cc1cc(F)c(F)cc1F	6.167491087293763	<rdkit.Chem.rdchem.Mol object at 0x7f870f950ba0>
1290	CHEMBL248936	nM	71.0	N[C@@H](CC(=O)N1CCn2nc(C3CC3)nc2C1)Cc1cc(F)c(F)cc1F	6.1487416512809245	<rdkit.Chem.rdchem.Mol object at 0x7f870f950c10>
1291	CHEMBL248743	nM	100.0	N[C@@H](CC(=O)N1CCn2ncnc2C1)Cc1cc(F)c(F)cc1F	6.0	<rdkit.Chem.rdchem.Mol object at 0x7f870f950c80>
1292	CHEMBL402496	nM	140.0	N[C@@H](CC(=O)N1CCc2[nH]c(C(F)(F)F)nc2C1)Cc1cc(F)ccc1F	5.853871964321762	<rdkit.Chem.rdchem.Mol object at 0x7f870f950cf0>
1293	CHEMBL250285	nM	780.0000000000001	Cn1c(C(F)(F)F)nc2c1CCN(C(=O)C[C@H](N)Cc1cc(F)c(F)cc1F)C2Cc1ccc(F)cc1	5.107905397309519	<rdkit.Chem.rdchem.Mol object at 0x7f870f950d60>
1294	CHEMBL250284	nM	570.0000000000002	Cn1c(C(F)(F)F)nc2c1CCN(C(=O)C[C@H](N)Cc1cc(F)c(F)cc1F)C2Cc1ccccc1	5.2441251443275085	<rdkit.Chem.rdchem.Mol object at 0x7f870f950dd0>
1295	CHEMBL250283	nM	630.0000000000001	CC1c2nc(C(C)(C)C)n(C)c2CCN1C(=O)C[C@H](N)Cc1cc(F)c(F)cc1F	5.200659450546418	<rdkit.Chem.rdchem.Mol object at 0x7f870f950e40>
1296	CHEMBL1204389	nM	250.0	CC1c2nc(C3CC3)n(C)c2CCN1C(=O)C[C@H](N)Cc1cc(F)c(F)cc1F.Cl	5.6020599913279625	<rdkit.Chem.rdchem.Mol object at 0x7f870f950eb0>
1297	CHEMBL400911	nM	490.0	CC1c2nc(C3CC3)n(C)c2CCN1C(=O)C[C@H](N)Cc1cc(F)c(F)cc1F	5.309803919971486	<rdkit.Chem.rdchem.Mol object at 0x7f870f950f20>
1298	CHEMBL248810	nM	340.0000000000001	Cn1c(C(F)(F)F)nc2c1CCN(C(=O)C[C@H](N)Cc1cc(F)c(F)cc1F)C2C1CC1	5.468521082957745	<rdkit.Chem.rdchem.Mol object at 0x7f870f950f90>
1299	CHEMBL400954	nM	380.00000000000006	Cn1cnc2c1CCN(C(=O)C[C@H](N)Cc1cc(F)c(F)cc1F)C2C(F)(F)F	5.42021640338319	<rdkit.Chem.rdchem.Mol object at 0x7f870f951000>
1300	CHEMBL248615	nM	570.0	Cn1c(C(F)(F)F)nc2c1CCN(C(=O)C[C@H](N)Cc1cc(F)c(F)cc1F)C2(C)C	5.2441251443275085	<rdkit.Chem.rdchem.Mol object at 0x7f870f951070>
1301	CHEMBL250204	nM	610.0000000000002	CCC1c2nc(C(F)(F)F)n(C)c2CCN1C(=O)C[C@H](N)Cc1cc(F)c(F)cc1F	5.214670164989233	<rdkit.Chem.rdchem.Mol object at 0x7f870f9510e0>
1302	CHEMBL250202	nM	45.0	CC1c2nc(C(F)(F)F)n(C)c2CCN1C(=O)C[C@H](N)Cc1cc(F)c(F)cc1F	6.346787486224656	<rdkit.Chem.rdchem.Mol object at 0x7f870f951150>
1303	CHEMBL250006	nM	190.0	CC1c2nc(C(F)(F)F)n(C)c2CCN1C(=O)C[C@H](N)Cc1cc(F)ccc1F	5.721246399047171	<rdkit.Chem.rdchem.Mol object at 0x7f870f9511c0>
1304	CHEMBL398661	nM	280.0	Cn1c(-c2ccc(F)cc2)nc2c1CCN(C(=O)C[C@H](N)Cc1cc(F)ccc1F)C2	5.552841968657781	<rdkit.Chem.rdchem.Mol object at 0x7f870f951230>
1305	CHEMBL248997	nM	130.0	N[C@@H](CC(=O)N1CCc2[nH]c(-c3ccccc3)nc2C1)Cc1cc(F)ccc1F	5.886056647693163	<rdkit.Chem.rdchem.Mol object at 0x7f870f9512a0>
1306	CHEMBL400761	nM	250.0	N[C@@H](CC(=O)N1CCc2nc(C(F)(F)F)n(Cc3ccc(F)cc3)c2C1)Cc1cc(F)ccc1F	5.6020599913279625	<rdkit.Chem.rdchem.Mol object at 0x7f870f951310>
1307	CHEMBL248788	nM	250.0	N[C@@H](CC(=O)N1CCc2c(nc(C(F)(F)F)n2Cc2ccc(F)cc2)C1)Cc1cc(F)ccc1F	5.6020599913279625	<rdkit.Chem.rdchem.Mol object at 0x7f870f951380>
1308	CHEMBL429829	nM	260.0	CC(C)Cn1c(C(F)(F)F)nc2c1CN(C(=O)C[C@H](N)Cc1cc(F)ccc1F)CC2	5.585026652029182	<rdkit.Chem.rdchem.Mol object at 0x7f870f9513f0>
1309	CHEMBL400278	nM	220.0	CC(C)Cn1c(C(F)(F)F)nc2c1CCN(C(=O)C[C@H](N)Cc1cc(F)ccc1F)C2	5.657577319177793	<rdkit.Chem.rdchem.Mol object at 0x7f870f951460>
1310	CHEMBL398492	nM	230.0	CCn1c(C(F)(F)F)nc2c1CN(C(=O)C[C@H](N)Cc1cc(F)ccc1F)CC2	5.638272163982407	<rdkit.Chem.rdchem.Mol object at 0x7f870f9514d0>
1311	CHEMBL251405	nM	180.0	CCn1c(C(F)(F)F)nc2c1CCN(C(=O)C[C@H](N)Cc1cc(F)ccc1F)C2	5.7447274948966935	<rdkit.Chem.rdchem.Mol object at 0x7f870f951540>
1312	CHEMBL251404	nM	130.0	Cn1c(C(F)(F)F)nc2c1CN(C(=O)C[C@H](N)Cc1cc(F)ccc1F)CC2	5.886056647693163	<rdkit.Chem.rdchem.Mol object at 0x7f870f9515b0>
1313	CHEMBL251205	nM	150.0	Cn1c(C(F)(F)F)nc2c1CCN(C(=O)C[C@H](N)Cc1cc(F)ccc1F)C2	5.823908740944319	<rdkit.Chem.rdchem.Mol object at 0x7f870f951620>
1314	CHEMBL249427	nM	30.0	N[C@H]1CN(C(=O)c2ccc(-n3cnnn3)cc2)C[C@H]1C(=O)N1CCCC1	6.522878745280337	<rdkit.Chem.rdchem.Mol object at 0x7f870f951690>
1315	CHEMBL401269	nM	86.0	N[C@H]1CN(C(=O)c2cc3cc(Cl)ccc3o2)C[C@H]1C(=O)N1CCCC1	6.0655015487564325	<rdkit.Chem.rdchem.Mol object at 0x7f870f951700>
1316	CHEMBL401378	nM	46.0	Cc1cc(CN2C[C@H](N)[C@H](C(=O)C3CCC[C@H]3C#N)C2)ccc1-n1cncn1	6.337242168318426	<rdkit.Chem.rdchem.Mol object at 0x7f870f951770>
1317	CHEMBL428936	nM	65.0	N[C@H]1CN(C(=O)c2cnc3ccccc3n2)C(=O)[C@H]1C(=O)N1CCCC1	6.187086643357144	<rdkit.Chem.rdchem.Mol object at 0x7f870f9517e0>
1318	CHEMBL250620	nM	3.8	Cc1cc(-n2cncn2)ccc1CN1C[C@H](N)[C@H](C(=O)C2CCC[C@H]2C#N)C1	7.42021640338319	<rdkit.Chem.rdchem.Mol object at 0x7f870f951850>
1319	CHEMBL248838	nM	79.0	N[C@H]1CN(C(=O)c2ccc3ccccc3c2)C[C@H]1C(=O)N1CCCC1	6.102372908709558	<rdkit.Chem.rdchem.Mol object at 0x7f870f9518c0>
1320	CHEMBL248837	nM	62.0	N[C@H]1CN(C(=O)c2cc3ccccc3s2)C[C@H]1C(=O)N1CCCC1	6.2076083105017466	<rdkit.Chem.rdchem.Mol object at 0x7f870f951930>
1321	CHEMBL249826	nM	49.0	N[C@H]1CN(C(=O)c2cnc3ccccc3c2)C[C@H]1C(=O)N1CCCC1	6.309803919971486	<rdkit.Chem.rdchem.Mol object at 0x7f870f9519a0>
1322	CHEMBL249825	nM	47.0	N[C@H]1CN(C(=O)c2cc3ccccc3cn2)C[C@H]1C(=O)N1CCCC1	6.327902142064283	<rdkit.Chem.rdchem.Mol object at 0x7f870f951a10>
1323	CHEMBL399247	nM	42.0	N[C@H]1CN(C(=O)c2ccc3ncsc3c2)C[C@H]1C(=O)N1CCCC1	6.376750709602099	<rdkit.Chem.rdchem.Mol object at 0x7f870f951a80>
1324	CHEMBL401268	nM	40.0	N[C@H]1CN(C(=O)c2ccc(-n3cncn3)cc2)C[C@H]1C(=O)N1CCCC1	6.3979400086720375	<rdkit.Chem.rdchem.Mol object at 0x7f870f951af0>
1325	CHEMBL249620	nM	38.0	N[C@H]1CN(C(=O)c2ccc3ncccc3c2)C[C@H]1C(=O)N1CCCC1	6.42021640338319	<rdkit.Chem.rdchem.Mol object at 0x7f870f951b60>
1326	CHEMBL250611	nM	91.0	N[C@H]1CN(Cc2ccc(-c3csnn3)cc2)C[C@H]1C(=O)N1CCCC1	6.040958607678906	<rdkit.Chem.rdchem.Mol object at 0x7f870f951bd0>
1327	CHEMBL399693	nM	83.0	CC(c1ccc([N+](=O)[O-])cc1)N1C[C@H](N)[C@H](C(=O)N2CCCC2)C1	6.080921907623926	<rdkit.Chem.rdchem.Mol object at 0x7f870f951c40>
1328	CHEMBL250400	nM	81.0	N#Cc1ccc(CN2C[C@H](N)[C@H](C(=O)N3CCCC3)C2)cc1	6.0915149811213505	<rdkit.Chem.rdchem.Mol object at 0x7f870f951cb0>
1329	CHEMBL428937	nM	80.0	N[C@H]1CN(Cc2ccc(F)c(F)c2)C[C@H]1C(=O)N1CCCC1	6.096910013008056	<rdkit.Chem.rdchem.Mol object at 0x7f870f951d20>
1330	CHEMBL250399	nM	78.0	N#Cc1cc(CN2C[C@H](N)[C@H](C(=O)N3CCCC3)C2)ccc1F	6.107905397309519	<rdkit.Chem.rdchem.Mol object at 0x7f870f951d90>
1331	CHEMBL249174	nM	69.0	N[C@H]1CN(Cc2ccc(-n3cncn3)cc2)C[C@H]1C(=O)N1CCCC1	6.161150909262744	<rdkit.Chem.rdchem.Mol object at 0x7f870f951e00>
1332	CHEMBL250393	nM	50.0	N[C@H]1CN(Cc2ccc(-n3cnnn3)cc2)C[C@H]1C(=O)N1CCCC1	6.301029995663981	<rdkit.Chem.rdchem.Mol object at 0x7f870f951e70>
1333	CHEMBL250852	nM	27.0	N[C@H]1CN(Cc2cnc3ccccc3c2)C[C@H]1C(=O)N1CCCC1	6.568636235841013	<rdkit.Chem.rdchem.Mol object at 0x7f870f951ee0>
1334	CHEMBL248795	nM	6.2	N#C[C@@H]1CCCN1C(=O)[C@@H]1CN(Cc2cnc3ccccc3c2)C[C@@H]1N	7.2076083105017466	<rdkit.Chem.rdchem.Mol object at 0x7f870f951f50>
1335	CHEMBL400338	nM	5.4	N#C[C@@H]1CCCN1C(=O)[C@@H]1CN(Cc2ccc(-n3nccn3)cc2)C[C@@H]1N	7.267606240177032	<rdkit.Chem.rdchem.Mol object at 0x7f870f951fc0>
1336	CHEMBL248794	nM	5.3	Cc1ncn(-c2ccc(CN3C[C@H](N)[C@H](C(=O)N4CCC[C@H]4C#N)C3)cc2)n1	7.275724130399211	<rdkit.Chem.rdchem.Mol object at 0x7f870f952030>
1337	CHEMBL438520	nM	3.6	N#Cc1cc(CN2C[C@H](N)[C@H](C(=O)N3CCC[C@H]3C#N)C2)ccc1F	7.443697499232712	<rdkit.Chem.rdchem.Mol object at 0x7f870f9520a0>
1338	CHEMBL248793	nM	3.3	Cn1nccc1-c1ccc(CN2C[C@H](N)[C@H](C(=O)N3CCC[C@H]3C#N)C2)cc1	7.481486060122113	<rdkit.Chem.rdchem.Mol object at 0x7f870f952110>
1339	CHEMBL399525	nM	3.2	N#C[C@@H]1CCCN1C(=O)[C@@H]1CN(Cc2ccc(-n3cncn3)cc2)C[C@@H]1N	7.494850021680094	<rdkit.Chem.rdchem.Mol object at 0x7f870f952180>
1340	CHEMBL248599	nM	2.4	N#Cc1ccc(CN2C[C@H](N)[C@H](C(=O)N3CCC[C@H]3C#N)C2)cc1	7.619788758288394	<rdkit.Chem.rdchem.Mol object at 0x7f870f9521f0>
1341	CHEMBL249407	nM	10.0	N#C[C@@H]1CCCN1C(=O)[C@@H]1CN(Cc2ccc(-c3csnn3)cc2)C[C@@H]1N	7.0	<rdkit.Chem.rdchem.Mol object at 0x7f870f952260>
1342	CHEMBL249406	nM	10.0	Cn1cc(-c2ccc(CN3C[C@H](N)[C@H](C(=O)N4CCC[C@H]4C#N)C3)cc2)cn1	7.0	<rdkit.Chem.rdchem.Mol object at 0x7f870f9522d0>
1343	CHEMBL399726	nM	8.5	Cc1nnc(-c2ccc(CN3C[C@H](N)[C@H](C(=O)N4CCC[C@H]4C#N)C3)cc2)o1	7.070581074285707	<rdkit.Chem.rdchem.Mol object at 0x7f870f952340>
1344	CHEMBL249203	nM	6.7	N#C[C@@H]1CCCN1C(=O)[C@@H]1CN(Cc2ccc(-c3ccn[nH]3)cc2)C[C@@H]1N	7.173925197299173	<rdkit.Chem.rdchem.Mol object at 0x7f870f9523b0>
1345	CHEMBL249602	nM	5.3	Cc1nnc(-c2ccc(CN3C[C@H](N)[C@H](C(=O)C4[C@H](C#N)CC[C@@H]4F)C3)cc2)o1	7.275724130399211	<rdkit.Chem.rdchem.Mol object at 0x7f870f952420>
1346	CHEMBL249601	nM	5.5	CC(c1ccc(C#N)cc1)N1C[C@H](N)[C@H](C(=O)N2CCC[C@H]2C#N)C1	7.259637310505756	<rdkit.Chem.rdchem.Mol object at 0x7f870f952490>
1347	CHEMBL400533	nM	3.5	N#C[C@@H]1CCCC1C(=O)[C@@H]1CN(C2CCOc3ccccc32)C[C@@H]1N	7.455931955649724	<rdkit.Chem.rdchem.Mol object at 0x7f870f952500>
1348	CHEMBL249408	nM	3.4	N#Cc1ccc2c(c1)CCC2N1C[C@H](N)[C@H](C(=O)C2CCC[C@H]2C#N)C1	7.468521082957745	<rdkit.Chem.rdchem.Mol object at 0x7f870f952570>
1349	CHEMBL400532	nM	3.0	CC(c1ccc(-n2cncn2)cc1)N1C[C@H](N)[C@H](C(=O)C2CCC[C@H]2C#N)C1	7.522878745280337	<rdkit.Chem.rdchem.Mol object at 0x7f870f9525e0>
1350	CHEMBL429482	nM	4.7	CCc1cc(CN2C[C@H](N)[C@H](C(=O)C3CCC[C@H]3C#N)C2)cc(CC)c1C#N	7.327902142064283	<rdkit.Chem.rdchem.Mol object at 0x7f870f952650>
1351	CHEMBL399791	nM	1.1	Cc1cc(CN2C[C@H](N)[C@H](C(=O)C3CCC[C@H]3C#N)C2)cc(C)c1C#N	7.958607314841775	<rdkit.Chem.rdchem.Mol object at 0x7f870f9526c0>
1352	CHEMBL429115	nM	1.3	Cc1cc(CN2C[C@H](N)[C@H](C(=O)C3CCC[C@H]3C#N)C2)ccc1C#N	7.886056647693163	<rdkit.Chem.rdchem.Mol object at 0x7f870f952730>
1353	CHEMBL557176	nM	131.99999999999997	Cl.N[C@@H](CC(=O)N1CCn2c(nnc2C(F)(F)F)C1Cc1ccccn1)Cc1cc(F)c(F)cc1F	5.87942606879415	<rdkit.Chem.rdchem.Mol object at 0x7f870f9527a0>
1354	CHEMBL536312	nM	587.0000000000002	Cl.N[C@@H](CC(=O)N1CCn2c(nnc2C(F)(F)F)C1Cc1cc(C(F)(F)F)cc(C(F)(F)F)c1)Cc1cc(F)c(F)cc1F	5.231361898752385	<rdkit.Chem.rdchem.Mol object at 0x7f870f952810>
1355	CHEMBL536536	nM	23.13593103863102	Cl.N[C@@H](CC(=O)N1CCn2c(nnc2C(F)(F)F)C1C(O)c1ccc(F)cc1)Cc1cc(F)c(F)cc1F	6.635713018887061	<rdkit.Chem.rdchem.Mol object at 0x7f870f952880>
1356	CHEMBL1203953	nM	0.18	Cl.N[C@@H](CC(=O)N1CCn2c(nnc2C(F)(F)F)[C@H]1Cc1ccc(F)cc1)Cc1cc(F)c(F)cc1F	8.744727494896694	<rdkit.Chem.rdchem.Mol object at 0x7f870f9528f0>
1357	CHEMBL559371	nM	116.0	Cl.N[C@@H](CC(=O)N1CCn2c(nnc2C(F)(F)F)[C@@H]1Cc1ccc(F)cc1)Cc1cc(F)c(F)cc1F	5.935542010773082	<rdkit.Chem.rdchem.Mol object at 0x7f870f952960>
1358	CHEMBL540888	nM	130.99999999999994	Cl.N[C@@H](CC(=O)N1CCn2c(nnc2C(F)(F)F)C1Cc1ccccc1F)Cc1cc(F)c(F)cc1F	5.882728704344236	<rdkit.Chem.rdchem.Mol object at 0x7f870f9529d0>
1359	CHEMBL536090	nM	438.0000000000001	Cl.N[C@@H](CC(=O)N1CCn2c(nnc2C(F)(F)F)C1Cc1ccccc1C(F)(F)F)Cc1cc(F)c(F)cc1F	5.3585258894959	<rdkit.Chem.rdchem.Mol object at 0x7f870f952a40>
1360	CHEMBL539352	nM	319.99999999999994	COc1ccc(CC2c3nnc(C(F)(F)F)n3CCN2C(=O)C[C@H](N)Cc2cc(F)c(F)cc2F)cc1.Cl	5.494850021680094	<rdkit.Chem.rdchem.Mol object at 0x7f870f952ab0>
1361	CHEMBL539350	nM	139.99999999999994	Cl.N[C@@H](CC(=O)N1CCn2c(nnc2C(F)(F)F)C1Cc1ccccc1)Cc1cc(F)c(F)cc1F	5.853871964321762	<rdkit.Chem.rdchem.Mol object at 0x7f870f952b20>
1362	CHEMBL556979	nM	377.00000000000006	CN(C)C(=O)CC1c2nnc(C(F)(F)F)n2CCN1C(=O)C[C@H](N)Cc1cc(F)c(F)cc1F.Cl	5.423658649794207	<rdkit.Chem.rdchem.Mol object at 0x7f870f952b90>
1363	CHEMBL537000	nM	1.5	C=CCC1c2nnc(C(F)(F)F)n2CCN1C(=O)C[C@H](N)Cc1cc(F)c(F)cc1F.Cl	7.823908740944319	<rdkit.Chem.rdchem.Mol object at 0x7f870f952c00>
1364	CHEMBL536999	nM	122.99999999999994	Cl.N[C@@H](CC(=O)N1CCn2c(nnc2C(F)(F)F)C1CC(F)(F)F)Cc1cc(F)c(F)cc1F	5.910094888560602	<rdkit.Chem.rdchem.Mol object at 0x7f870f952c70>
1365	CHEMBL556606	nM	113.00000000000003	CCC1c2nnc(C(F)(F)F)n2CCN1C(=O)C[C@H](N)Cc1cc(F)c(F)cc1F.Cl	5.94692155651658	<rdkit.Chem.rdchem.Mol object at 0x7f870f952ce0>
1366	CHEMBL536089	nM	100.00000000000004	CC1c2nnc(C(F)(F)F)n2C(C)CN1C(=O)C[C@H](N)Cc1cc(F)c(F)cc1F.Cl	6.0	<rdkit.Chem.rdchem.Mol object at 0x7f870f952d50>
1367	CHEMBL536311	nM	12.0	C[C@@H]1c2nnc(C(F)(F)F)n2[C@H](C)CN1C(=O)C[C@H](N)Cc1cc(F)c(F)cc1F.Cl	6.920818753952375	<rdkit.Chem.rdchem.Mol object at 0x7f870f952dc0>
1368	CHEMBL557219	nM	209.0	C[C@H]1c2nnc(C(F)(F)F)n2[C@@H](C)CN1C(=O)C[C@H](N)Cc1cc(F)c(F)cc1F.Cl	5.679853713888946	<rdkit.Chem.rdchem.Mol object at 0x7f870f952e30>
1369	CHEMBL536088	nM	175.0	CC1(C)c2nnc(C(F)(F)F)n2CCN1C(=O)C[C@H](N)Cc1cc(F)c(F)cc1F.Cl	5.756961951313706	<rdkit.Chem.rdchem.Mol object at 0x7f870f952ea0>
1370	CHEMBL536765	nM	92.0	CC1(C)CN(C(=O)C[C@H](N)Cc2cc(F)c(F)cc2F)Cc2nnc(C(F)(F)F)n21.Cl	6.036212172654444	<rdkit.Chem.rdchem.Mol object at 0x7f870f952f10>
1371	CHEMBL558779	nM	4.3	C[C@@H]1c2nnc(C(F)(F)F)n2CCN1C(=O)C[C@H](N)Cc1cc(F)c(F)cc1F.Cl	7.366531544420414	<rdkit.Chem.rdchem.Mol object at 0x7f870f952f80>
1372	CHEMBL557542	nM	88.0	C[C@H]1c2nnc(C(F)(F)F)n2CCN1C(=O)C[C@H](N)Cc1cc(F)c(F)cc1F.Cl	6.055517327849832	<rdkit.Chem.rdchem.Mol object at 0x7f870f952ff0>
1373	CHEMBL553787	nM	42.0	C[C@@H]1Cn2c(nnc2C(F)(F)F)CN1C(=O)C[C@H](N)Cc1cc(F)c(F)cc1F.Cl	6.376750709602099	<rdkit.Chem.rdchem.Mol object at 0x7f870f953060>
1374	CHEMBL557990	nM	91.0	C[C@H]1Cn2c(nnc2C(F)(F)F)CN1C(=O)C[C@H](N)Cc1cc(F)c(F)cc1F.Cl	6.040958607678906	<rdkit.Chem.rdchem.Mol object at 0x7f870f9530d0>
1375	CHEMBL2021529	nM	14.0	C[C@@H]1CN(C(=O)C[C@H](N)Cc2cc(F)c(F)cc2F)Cc2ccc(C(F)(F)F)n21.Cl	6.853871964321762	<rdkit.Chem.rdchem.Mol object at 0x7f870f953140>
1376	CHEMBL2021541	nM	23.0	C[C@H]1CN(C(=O)C[C@H](N)Cc2cc(F)c(F)cc2F)Cc2ccc(C(F)(F)F)n21.Cl	6.638272163982407	<rdkit.Chem.rdchem.Mol object at 0x7f870f9531b0>
1377	CHEMBL1431	nM	29000.0	CN(C)C(=N)NC(=N)N	3.537602002101044	<rdkit.Chem.rdchem.Mol object at 0x7f870f953220>
1378	CHEMBL269952	nM	41.00000000000001	Cc1nsc(N2CCN(C(=O)[C@H]3C[C@@H](C(=O)N4CCSC4)N[C@H]3C)CC2)n1	6.3872161432802645	<rdkit.Chem.rdchem.Mol object at 0x7f870f953290>
1379	CHEMBL269953	nM	34.99999999999999	Cc1nsc(N2CCN(C(=O)[C@H]3C[C@@H](C(=O)N4CCCC4)N[C@H]3C)CC2)n1	6.455931955649724	<rdkit.Chem.rdchem.Mol object at 0x7f870f953300>
1380	CHEMBL403449	nM	43.99999999999999	Cc1nsc(N2CCN(C(=O)[C@@H]3CN[C@H](C(=O)N4CCSC4)C3)CC2)n1	6.356547323513813	<rdkit.Chem.rdchem.Mol object at 0x7f870f953370>
1381	CHEMBL270163	nM	77.00000000000001	O=C([C@@H]1CN[C@H](C(=O)N2CCCC2)C1)N1CCN(c2nc(C(F)(F)F)ns2)CC1	6.113509274827518	<rdkit.Chem.rdchem.Mol object at 0x7f870f9533e0>
1382	CHEMBL269965	nM	40.0	COCc1nsc(N2CCN(C(=O)[C@@H]3CN[C@H](C(=O)N4CCCC4)C3)CC2)n1	6.3979400086720375	<rdkit.Chem.rdchem.Mol object at 0x7f870f953450>
1383	CHEMBL402645	nM	149.99999999999997	CC(C)c1nsc(N2CCN(C(=O)[C@@H]3CN[C@H](C(=O)N4CCCC4)C3)CC2)n1	5.823908740944319	<rdkit.Chem.rdchem.Mol object at 0x7f870f9534c0>
1384	CHEMBL437592	nM	85.99999999999997	CCCc1nsc(N2CCN(C(=O)[C@@H]3CN[C@H](C(=O)N4CCCC4)C3)CC2)n1	6.0655015487564325	<rdkit.Chem.rdchem.Mol object at 0x7f870f953530>
1385	CHEMBL271444	nM	92.00000000000001	CCc1nsc(N2CCN(C(=O)[C@@H]3CN[C@H](C(=O)N4CCCC4)C3)CC2)n1	6.036212172654444	<rdkit.Chem.rdchem.Mol object at 0x7f870f9535a0>
1386	CHEMBL403969	nM	57.999999999999986	O=C([C@@H]1CN[C@H](C(=O)N2CCCC2)C1)N1CCN(c2ncns2)CC1	6.236572006437063	<rdkit.Chem.rdchem.Mol object at 0x7f870f953610>
1387	CHEMBL270395	nM	1300.0	Cc1nc(N2CCN(C(=O)[C@@H]3CN[C@H](C(=O)N4CCCC4)C3)CC2)no1	4.886056647693163	<rdkit.Chem.rdchem.Mol object at 0x7f870f953680>
1388	CHEMBL403970	nM	620.0000000000002	Cc1ncc(N2CCN(C(=O)[C@@H]3CN[C@H](C(=O)N4CCCC4)C3)CC2)s1	5.207608310501746	<rdkit.Chem.rdchem.Mol object at 0x7f870f9536f0>
1389	CHEMBL271870	nM	1900.0000000000005	Cc1nc(N2CCN(C(=O)[C@@H]3CN[C@H](C(=O)N4CCCC4)C3)CC2)sc1C	4.721246399047171	<rdkit.Chem.rdchem.Mol object at 0x7f870f953760>
1390	CHEMBL439067	nM	1099.9999999999995	Cc1cnc(N2CCN(C(=O)[C@@H]3CN[C@H](C(=O)N4CCCC4)C3)CC2)s1	4.958607314841775	<rdkit.Chem.rdchem.Mol object at 0x7f870f9537d0>
1391	CHEMBL272079	nM	209.99999999999994	Cc1cc(N2CCN(C(=O)[C@@H]3CN[C@H](C(=O)N4CCCC4)C3)CC2)sn1	5.6777807052660805	<rdkit.Chem.rdchem.Mol object at 0x7f870f953840>
1392	CHEMBL273206	nM	149.99999999999997	Cc1csc(N2CCN(C(=O)[C@@H]3CN[C@H](C(=O)N4CCCC4)C3)CC2)n1	5.823908740944319	<rdkit.Chem.rdchem.Mol object at 0x7f870f9538b0>
1393	CHEMBL404159	nM	970.0000000000002	Cc1nsc(C2CCN(C(=O)[C@@H]3CN[C@H](C(=O)N4CCCC4)C3)CC2)n1	5.013228265733755	<rdkit.Chem.rdchem.Mol object at 0x7f870f953920>
1394	CHEMBL257742	nM	970.0000000000002	Cc1nsc(N2CCCN(C(=O)[C@@H]3CN[C@H](C(=O)N4CCCC4)C3)CC2)n1	5.013228265733755	<rdkit.Chem.rdchem.Mol object at 0x7f870f953990>
1395	CHEMBL256691	nM	79.99999999999997	Cc1nsc(N2CCN(C(=O)[C@@H]3CN[C@H](C(=O)N4CCCC4)C3)CC2)n1	6.096910013008056	<rdkit.Chem.rdchem.Mol object at 0x7f870f953a00>
1396	CHEMBL258101	nM	419.99999999999994	O=C([C@@H]1CN[C@H](C(=O)N2CCCC2)C1)N1CCN(c2nc(-c3ccccc3)ns2)CC1	5.376750709602099	<rdkit.Chem.rdchem.Mol object at 0x7f870f953a70>
1397	CHEMBL271062	nM	670.0	CN(C)C(=O)[C@@H]1CN[C@H](C(=O)N2CCCC2)C1	5.173925197299173	<rdkit.Chem.rdchem.Mol object at 0x7f870f953ae0>
1398	CHEMBL258288	nM	44.0	O=C(c1nccs1)[C@@H]1CCCN1C(=O)[C@@H]1C[C@@H]2CCCC[C@@H]2N1	6.356547323513812	<rdkit.Chem.rdchem.Mol object at 0x7f870f953b50>
1399	CHEMBL402236	nM	30.0	N[C@H](C(=O)N1CC[C@H]1C(=O)c1nccs1)C1CCCCC1	6.522878745280337	<rdkit.Chem.rdchem.Mol object at 0x7f870f953bc0>
1400	CHEMBL256871	nM	42.0	N[C@H](C(=O)N1CCC[C@H]1C(=O)c1nccs1)C1CCCCC1	6.376750709602099	<rdkit.Chem.rdchem.Mol object at 0x7f870f953c30>
1401	CHEMBL402151	nM	42.0	N[C@H](C(=O)N1CC[C@H]1C(=O)c1nc2ccccc2s1)C1CCCCC1	6.376750709602099	<rdkit.Chem.rdchem.Mol object at 0x7f870f953ca0>
1402	CHEMBL271694	nM	50.0	N[C@H](C(=O)N1CCC[C@H]1C(=O)c1nc2ccccc2s1)C1CCCCC1	6.301029995663981	<rdkit.Chem.rdchem.Mol object at 0x7f870f953d10>
1403	CHEMBL269926	nM	50000.0	O=C(c1cccs1)[C@@H]1CCCN1C(=O)[C@@H]1C[C@@H]2CCCC[C@@H]2N1	3.3010299956639813	<rdkit.Chem.rdchem.Mol object at 0x7f870f953d80>
1404	CHEMBL403160	nM	2000.0	O=C(c1ccccn1)[C@@H]1CCCN1C(=O)[C@@H]1C[C@@H]2CCCC[C@@H]2N1	4.698970004336019	<rdkit.Chem.rdchem.Mol object at 0x7f870f953df0>
1405	CHEMBL365441	nM	80.0	O=C(c1nc2ccccc2s1)[C@@H]1CCN1C(=O)[C@@H]1C[C@@H]2CCCC[C@@H]2N1	6.096910013008056	<rdkit.Chem.rdchem.Mol object at 0x7f870f953e60>
1406	CHEMBL404030	nM	30.0	O=C(c1nc2ccccc2s1)[C@@H]1CCCN1C(=O)[C@@H]1C[C@@H]2CCCC[C@@H]2N1	6.522878745280337	<rdkit.Chem.rdchem.Mol object at 0x7f870f953ed0>
1407	CHEMBL404079	nM	12.0	CS(=O)(=O)c1ccc(-c2noc([C@H](CC3CC3)[C@H](N)C(F)=C3CCCC3)n2)c(Cl)c1.O=C(O)C(F)(F)F	6.920818753952375	<rdkit.Chem.rdchem.Mol object at 0x7f870f953f40>
1408	CHEMBL402163	nM	0.21	CS(=O)(=O)c1ccc(-c2noc([C@@H](CC3CC3)[C@H](N)C(F)=C3CCCC3)n2)c(Cl)c1.O=C(O)C(F)(F)F	8.67778070526608	<rdkit.Chem.rdchem.Mol object at 0x7f870f954040>
1409	CHEMBL255591	nM	93.0	CS(=O)(=O)c1ccc(-c2noc([C@H](CCO)[C@H](N)C(F)=C3CCCC3)n2)c(Cl)c1.O=C(O)C(F)(F)F	6.031517051446065	<rdkit.Chem.rdchem.Mol object at 0x7f870f9540b0>
1410	CHEMBL445674	nM	3.2	CS(=O)(=O)c1ccc(-c2noc([C@@H](CCO)[C@H](N)C(F)=C3CCCC3)n2)c(Cl)c1.O=C(O)C(F)(F)F	7.494850021680094	<rdkit.Chem.rdchem.Mol object at 0x7f870f954120>
1411	CHEMBL1162974	nM	21.0	CC(Cc1nc(-c2ccc(S(C)(=O)=O)cc2Cl)no1)C(F)=C1CCCC1.O=C(O)C(F)(F)F	6.6777807052660805	<rdkit.Chem.rdchem.Mol object at 0x7f870f954190>
1412	CHEMBL429757	nM	50.0	CCS(=O)(=O)c1ccc(-c2noc(C(C)[C@H](N)C(F)=C3CCCC3)n2)c(Cl)c1.O=C(O)C(F)(F)F	6.301029995663981	<rdkit.Chem.rdchem.Mol object at 0x7f870f954200>
1413	CHEMBL257023	nM	7.5	CC(c1nc(-c2ccc(S(C)(=O)=O)cc2Cl)no1)[C@H](N)C(F)=C1CCCC1.O=C(O)C(F)(F)F	7.1249387366083	<rdkit.Chem.rdchem.Mol object at 0x7f870f954270>
1414	CHEMBL256172	nM	57.0	CC(c1nc(-c2ccc(NS(C)(=O)=O)cc2Cl)no1)[C@H](N)C(F)=C1CCCC1.O=C(O)C(F)(F)F	6.2441251443275085	<rdkit.Chem.rdchem.Mol object at 0x7f870f9542e0>
1415	CHEMBL401932	nM	1490.0	CC(c1nc(-c2ccc(S(=O)(=O)C(F)(F)F)cc2)no1)[C@H](N)C(F)=C1CCCC1.O=C(O)C(F)(F)F	4.826813731587726	<rdkit.Chem.rdchem.Mol object at 0x7f870f954350>
1416	CHEMBL257709	nM	90.0	CC(c1nc(-c2ccc(S(C)(=O)=O)cc2)no1)[C@H](N)C(F)=C1CCCC1.O=C(O)C(F)(F)F	6.045757490560675	<rdkit.Chem.rdchem.Mol object at 0x7f870f9543c0>
1417	CHEMBL256603	nM	645.0	CC(c1nc(-c2ccc(Br)cc2Cl)no1)[C@H](N)C(F)=C1CCCC1.O=C(O)C(F)(F)F	5.1904402853647325	<rdkit.Chem.rdchem.Mol object at 0x7f870f954430>
1418	CHEMBL255351	nM	525.0	CC(c1nc(-c2ccc(C(F)(F)F)cc2Cl)no1)[C@H](N)C(F)=C1CCCC1.O=C(O)C(F)(F)F	5.279840696594043	<rdkit.Chem.rdchem.Mol object at 0x7f870f9544a0>
1419	CHEMBL437026	nM	1165.0	CC(c1nc(-c2ccc(Cl)cc2Cl)no1)[C@H](N)C(F)=C1CCCC1.O=C(O)C(F)(F)F	4.933674074637962	<rdkit.Chem.rdchem.Mol object at 0x7f870f954510>
1420	CHEMBL437206	nM	17.0	C[C@H](c1nc(-c2ccc(S(C)(=O)=O)cc2Cl)no1)[C@H](N)C(=O)N1CCCC1.O=C(O)C(F)(F)F	6.769551078621726	<rdkit.Chem.rdchem.Mol object at 0x7f870f954580>
1421	CHEMBL403415	nM	122.0	C[C@H](c1nc(-c2ccc(S(C)(=O)=O)cc2)no1)[C@H](N)C(=O)N1CCCC1.O=C(O)C(F)(F)F	5.913640169325252	<rdkit.Chem.rdchem.Mol object at 0x7f870f9545f0>
1422	CHEMBL257036	nM	30000.000000000007	NCc1ccccc1-c1ccccc1	3.5228787452803374	<rdkit.Chem.rdchem.Mol object at 0x7f870f954660>
1423	CHEMBL273209	nM	32.0	Cn1cnc2cc(C(N)=O)c(-c3ccccc3Cl)c(CN)c21	6.494850021680094	<rdkit.Chem.rdchem.Mol object at 0x7f870f9546d0>
1424	CHEMBL272114	nM	7.999999999999998	Cn1cnc2cc(C#N)c(-c3ccccc3Cl)c(CN)c21	7.096910013008056	<rdkit.Chem.rdchem.Mol object at 0x7f870f954740>
1425	CHEMBL257653	nM	50.0	Cn1cnc2cc(Br)c(-c3ccccc3Cl)c(CN)c21	6.301029995663981	<rdkit.Chem.rdchem.Mol object at 0x7f870f9547b0>
1426	CHEMBL257852	nM	52.0	Cn1c(=O)[nH]c2ccc(-c3ccccc3Cl)c(CN)c21	6.2839966563652006	<rdkit.Chem.rdchem.Mol object at 0x7f870f954820>
1427	CHEMBL256266	nM	61.0	Cn1nnc2ccc(-c3ccccc3Cl)c(CN)c21	6.214670164989233	<rdkit.Chem.rdchem.Mol object at 0x7f870f954890>
1428	CHEMBL261246	nM	11.0	Cn1c(-c2cccnc2)nc2ccc(-c3ccccc3Cl)c(CN)c21	6.958607314841775	<rdkit.Chem.rdchem.Mol object at 0x7f870f954900>
1429	CHEMBL263137	nM	66.0	COCc1nc2ccc(-c3ccccc3Cl)c(CN)c2n1C	6.180456064458132	<rdkit.Chem.rdchem.Mol object at 0x7f870f954970>
1430	CHEMBL263139	nM	97.0	CCc1nc2ccc(-c3ccccc3Cl)c(CN)c2n1C	6.013228265733755	<rdkit.Chem.rdchem.Mol object at 0x7f870f9549e0>
1431	CHEMBL257636	nM	160.0	Cc1nc2ccc(-c3ccccc3Cl)c(CN)c2n1C	5.795880017344075	<rdkit.Chem.rdchem.Mol object at 0x7f870f954a50>
1432	CHEMBL403156	nM	102.0	NCc1c(-c2ccccc2Cl)ccc2ncn(Cc3ccccc3)c12	5.991399828238082	<rdkit.Chem.rdchem.Mol object at 0x7f870f954ac0>
1433	CHEMBL401542	nM	96.0	NCc1c(-c2ccccc2Cl)ccc2ncn(CCO)c12	6.017728766960431	<rdkit.Chem.rdchem.Mol object at 0x7f870f954b30>
1434	CHEMBL257308	nM	66.0	CCn1cnc2ccc(-c3ccc(Cl)cc3Cl)c(CN)c21	6.180456064458132	<rdkit.Chem.rdchem.Mol object at 0x7f870f954ba0>
1435	CHEMBL404544	nM	630.0	NCc1c(-c2ccc(Cl)cc2Cl)ccc2nc[nH]c12	5.200659450546418	<rdkit.Chem.rdchem.Mol object at 0x7f870f954c10>
1436	CHEMBL406201	nM	790.0	Cn1cnc2ccc(-c3ccc(F)cc3F)c(CN)c21	5.102372908709558	<rdkit.Chem.rdchem.Mol object at 0x7f870f954c80>
1437	CHEMBL272771	nM	320.0	Cn1cnc2ccc(-c3cc(F)ccc3Cl)c(CN)c21	5.494850021680094	<rdkit.Chem.rdchem.Mol object at 0x7f870f954cf0>
1438	CHEMBL255552	nM	62.0	Cn1cnc2ccc(-c3ccc(Cl)cc3Cl)c(CN)c21	6.2076083105017466	<rdkit.Chem.rdchem.Mol object at 0x7f870f954d60>
1439	CHEMBL256625	nM	98.0	Cc1ccccc1-c1ccc2ncn(C)c2c1CN	6.008773924307505	<rdkit.Chem.rdchem.Mol object at 0x7f870f954dd0>
1440	CHEMBL256624	nM	1600.0	Cn1cnc2ccc(-c3ccccc3O)c(CN)c21	4.795880017344075	<rdkit.Chem.rdchem.Mol object at 0x7f870f954e40>
1441	CHEMBL428065	nM	2000.0	COc1ccccc1-c1ccc2ncn(C)c2c1CN	4.698970004336019	<rdkit.Chem.rdchem.Mol object at 0x7f870f954eb0>
1442	CHEMBL256826	nM	4000.0	Cn1cnc2ccc(-c3ccccc3C(N)=O)c(CN)c21	4.3979400086720375	<rdkit.Chem.rdchem.Mol object at 0x7f870f954f20>
1443	CHEMBL270365	nM	63.0	Cn1cnc2ccc(-c3ccccc3Cl)c(CN)c21	6.200659450546418	<rdkit.Chem.rdchem.Mol object at 0x7f870f954f90>
1444	CHEMBL256252	nM	400.0	Cn1cnc2ccc(-c3ccccc3CO)c(CN)c21	5.3979400086720375	<rdkit.Chem.rdchem.Mol object at 0x7f870f955000>
1445	CHEMBL403862	nM	40000.0	Cn1cnc2c(CN)c(-c3ccccc3)ccc21	3.3979400086720375	<rdkit.Chem.rdchem.Mol object at 0x7f870f955070>
1446	CHEMBL255769	nM	1000.0	Cn1cnc2ccc(-c3ccccc3)c(CN)c21	5.0	<rdkit.Chem.rdchem.Mol object at 0x7f870f9550e0>
1447	CHEMBL255554	nM	12000.0	NCc1c(-c2ccccc2)ccc2nc[nH]c12	3.9208187539523753	<rdkit.Chem.rdchem.Mol object at 0x7f870f955150>
1448	CHEMBL406219	nM	51.0	CCN(CC#N)C(=O)[C@@H]1C[C@H](C(=O)NCc2ccccc2)[C@H](C)N1	6.292429823902063	<rdkit.Chem.rdchem.Mol object at 0x7f870f9551c0>
1449	CHEMBL438547	nM	11.0	CCN(CC#N)C(=O)[C@@H]1C[C@H](C(=O)N2Cc3ccccc3C2)[C@H](C)N1	6.958607314841775	<rdkit.Chem.rdchem.Mol object at 0x7f870f955230>
1450	CHEMBL402466	nM	24.0	CCN(CC#N)C(=O)[C@@H]1C[C@H](C(=O)N2CCOCC2)[C@H](C)N1	6.619788758288394	<rdkit.Chem.rdchem.Mol object at 0x7f870f9552a0>
1451	CHEMBL260509	nM	17.0	CCN(CC#N)C(=O)[C@@H]1C[C@H](C(=O)N2CCCCC2)[C@H](C)N1	6.769551078621726	<rdkit.Chem.rdchem.Mol object at 0x7f870f955310>
1452	CHEMBL260702	nM	16.0	CCN(CC#N)C(=O)[C@@H]1C[C@H](C(=O)N2CCCC2)[C@H](C)N1	6.795880017344075	<rdkit.Chem.rdchem.Mol object at 0x7f870f955380>
1453	CHEMBL260701	nM	60.0	C#CCN(CC#N)C(=O)[C@@H]1C[C@H](C(=O)N(C)C)[C@H](C)N1	6.221848749616356	<rdkit.Chem.rdchem.Mol object at 0x7f870f9553f0>
1454	CHEMBL261460	nM	56.0	C[C@@H]1N[C@H](C(=O)N(CC#N)C2CC2)C[C@@H]1C(=O)N(C)C	6.251811972993799	<rdkit.Chem.rdchem.Mol object at 0x7f870f955460>
1455	CHEMBL261462	nM	41.0	C=CCN(CC#N)C(=O)[C@@H]1C[C@H](C(=O)N(C)C)[C@H](C)N1	6.3872161432802645	<rdkit.Chem.rdchem.Mol object at 0x7f870f9554d0>
1456	CHEMBL261463	nM	600.0	CCCN(CC#N)C(=O)[C@@H]1C[C@H](C(=O)N(C)C)[C@H](C)N1	5.221848749616356	<rdkit.Chem.rdchem.Mol object at 0x7f870f955540>
1457	CHEMBL407296	nM	24.0	CCN(CC#N)C(=O)[C@@H]1C[C@H](C(=O)N(C)C)[C@H](C)N1	6.619788758288394	<rdkit.Chem.rdchem.Mol object at 0x7f870f9555b0>
1458	CHEMBL259198	nM	25.0	C[C@@H]1N[C@H](C(=O)N(C)CC#N)C[C@@H]1C(=O)N(C)C	6.6020599913279625	<rdkit.Chem.rdchem.Mol object at 0x7f870f955620>
1459	CHEMBL407293	nM	13000.0	C[C@@H]1N[C@H](C(=O)NCC#N)C[C@@H]1C(=O)N(C)C	3.886056647693163	<rdkit.Chem.rdchem.Mol object at 0x7f870f955690>
1460	CHEMBL430057	nM	5.6	C[C@@H]1N[C@H](C(=O)N2CCC[C@H]2C#N)C[C@@H]1CC(=O)N(C)C	7.251811972993799	<rdkit.Chem.rdchem.Mol object at 0x7f870f955700>
1461	CHEMBL409010	nM	110.0	C[C@H]1N[C@H](C(=O)N2CCC[C@H]2C#N)C[C@H]1C(=O)N(C)C	5.958607314841775	<rdkit.Chem.rdchem.Mol object at 0x7f870f955770>
1462	CHEMBL260543	nM	70.0	C[C@H]1N[C@H](C(=O)N2CCC[C@H]2C#N)C[C@@H]1C(=O)N(C)C	6.154901959985743	<rdkit.Chem.rdchem.Mol object at 0x7f870f9557e0>
1463	CHEMBL260198	nM	1100.0	C[C@@H]1N[C@H](C(=O)N2CCC[C@H]2C#N)C[C@H]1C(=O)N(C)C	4.958607314841775	<rdkit.Chem.rdchem.Mol object at 0x7f870f955850>
1464	CHEMBL260197	nM	16.0	CC[C@@H]1N[C@H](C(=O)N2CCC[C@H]2C#N)C[C@@H]1C(=O)N(C)C	6.795880017344075	<rdkit.Chem.rdchem.Mol object at 0x7f870f9558c0>
1465	CHEMBL403553	nM	1.0	CC#CCn1c(N2CCC[C@@H](N)C2)nc2cnn(Cc3nc(C)c4ccccc4n3)c(=O)c21	8.0	<rdkit.Chem.rdchem.Mol object at 0x7f870f955930>
1466	CHEMBL403408	nM	2.0	CC#CCn1c(NC[C@H](C)N)nc2cnn(Cc3nc(C)c4ccccc4n3)c(=O)c21	7.698970004336019	<rdkit.Chem.rdchem.Mol object at 0x7f870f9559a0>
1467	CHEMBL257376	nM	1.0	CC#CCn1c(NCCN)nc2cnn(Cc3nc(C)c4ccccc4n3)c(=O)c21	8.0	<rdkit.Chem.rdchem.Mol object at 0x7f870f955a10>
1468	CHEMBL257999	nM	3.0	CC#CCn1c(N2CCCNCC2)nc2cnn(Cc3nc(C)c4ccccc4n3)c(=O)c21	7.522878745280337	<rdkit.Chem.rdchem.Mol object at 0x7f870f955a80>
1469	CHEMBL401971	nM	5.0	CC#CCn1c(N2CCNCC2)nc2cnn(Cc3nc(C)c4ccccc4n3)c(=O)c21	7.301029995663981	<rdkit.Chem.rdchem.Mol object at 0x7f870f955af0>
1470	CHEMBL256969	nM	4.0	CC#CCn1c(N2CCCC(N)C2)nc2cnn(Cc3nc4ccccc4o3)c(=O)c21	7.3979400086720375	<rdkit.Chem.rdchem.Mol object at 0x7f870f955b60>
1471	CHEMBL404220	nM	4.0	CC#CCn1c(N2CCCC(N)C2)nc2cnn(Cc3ccc(C#N)c4ccccc34)c(=O)c21	7.3979400086720375	<rdkit.Chem.rdchem.Mol object at 0x7f870f955bd0>
1472	CHEMBL256928	nM	26.0	CC#CCn1c(N2CCCC(N)C2)nc2cnn(CC(=O)c3ccccc3)c(=O)c21	6.585026652029182	<rdkit.Chem.rdchem.Mol object at 0x7f870f955c40>
1473	CHEMBL401502	nM	3.0	CC#CCn1c(N2CCC[C@@H](N)C2)nc2cnn(CC3=Nc4ccccc4Oc4ccccc43)c(=O)c21	7.522878745280337	<rdkit.Chem.rdchem.Mol object at 0x7f870f955cb0>
1474	CHEMBL256929	nM	25.0	CC#CCn1c(N2CCC[C@H](N)C2)nc2cnn(CC3=Nc4ccccc4Oc4ccccc43)c(=O)c21	6.6020599913279625	<rdkit.Chem.rdchem.Mol object at 0x7f870f955d20>
1475	CHEMBL256729	nM	14.0	CC#CCn1c(N2CCCC(N)C2)nc2cnn(CC3=Nc4ccccc4Oc4ccccc43)c(=O)c21	6.853871964321762	<rdkit.Chem.rdchem.Mol object at 0x7f870f955d90>
1476	CHEMBL256121	nM	1.0	CC#CCn1c(N2CCC[C@@H](N)C2)nc2c(C)nn(Cc3nc(C)c4ccccc4n3)c(=O)c21	8.0	<rdkit.Chem.rdchem.Mol object at 0x7f870f955e00>
1477	CHEMBL255517	nM	24.0	CC#CCn1c(C(=O)NCc2nc(C)cc3ccccc23)nnc1N1CCCC(N)C1	6.619788758288394	<rdkit.Chem.rdchem.Mol object at 0x7f870f955e70>
1478	CHEMBL402111	nM	559.0	CC#CCn1c(N2CCCC(N)C2)nc(Br)c1C(=O)NCc1cccc2ccccc12	5.252588192113577	<rdkit.Chem.rdchem.Mol object at 0x7f870f955ee0>
1479	CHEMBL402573	nM	582.0	CC#CCn1c(N2CCCC(N)C2)nc(C#N)c1C(=O)NCc1cccc2ccccc12	5.235077015350112	<rdkit.Chem.rdchem.Mol object at 0x7f870f955f50>
1480	CHEMBL257589	nM	3059.0	CC#CCn1c(C(=O)N(C)Cc2cccc3ccccc23)cnc1N1CCCC(N)C1	4.514420523015321	<rdkit.Chem.rdchem.Mol object at 0x7f870f955fc0>
1481	CHEMBL257795	nM	99.0	CC#CCn1c(C(=O)NCc2nc(C)cc3ccccc23)cnc1N1CCCC(N)C1	6.00436480540245	<rdkit.Chem.rdchem.Mol object at 0x7f870f956030>
1482	CHEMBL401972	nM	107.0	CC#CCn1c(C(=O)NCc2cccc3ccccc23)cnc1N1CCCC(N)C1	5.97061622231479	<rdkit.Chem.rdchem.Mol object at 0x7f870f9560a0>
1483	CHEMBL255862	nM	19.0	CC#CCn1c(N2CCCC(N)C2)nc2c(OC)nn(Cc3nc(C)cc4ccccc34)c(=O)c21	6.721246399047171	<rdkit.Chem.rdchem.Mol object at 0x7f870f956110>
1484	CHEMBL255864	nM	52.0	CC#CCn1c(N2CCCC(N)C2)nc2c(OC)nn(Cc3cccc4ccccc34)c(=O)c21	6.2839966563652006	<rdkit.Chem.rdchem.Mol object at 0x7f870f956180>
1485	CHEMBL255492	nM	21.0	CC#CCn1c(N2CCCC(N)C2)nc2ccn(Cc3nc(C)cc4ccccc34)c(=O)c21	6.6777807052660805	<rdkit.Chem.rdchem.Mol object at 0x7f870f9561f0>
1486	CHEMBL255491	nM	89.0	CC#CCn1c(N2CCCC(N)C2)nc2ccn(Cc3cccc4ccccc34)c(=O)c21	6.050609993355087	<rdkit.Chem.rdchem.Mol object at 0x7f870f956260>
1487	CHEMBL255709	nM	7.0	CC#CCn1c(N2CCCC(N)C2)nc2c(C)nn(Cc3nc(C)cc4ccccc34)c(=O)c21	7.154901959985743	<rdkit.Chem.rdchem.Mol object at 0x7f870f9562d0>
1488	CHEMBL256521	nM	5.0	CC#CCn1c(N2CCCC(N)C2)nc2cnn(Cc3nc(C)cc4ccccc34)c(=O)c21	7.301029995663981	<rdkit.Chem.rdchem.Mol object at 0x7f870f956340>
1489	CHEMBL401709	nM	13.0	CC#CCn1c(N2CCCC(N)C2)nc2cnn(Cc3cccc4ccccc34)c(=O)c21	6.886056647693163	<rdkit.Chem.rdchem.Mol object at 0x7f870f9563b0>
1490	CHEMBL402819	nM	2.0	CC#CCn1c(N2CCCC(N)C2)nc2c1c(=O)n(Cc1nc(C)cc3ccccc13)c(=O)n2C	7.698970004336019	<rdkit.Chem.rdchem.Mol object at 0x7f870f956420>
1491	CHEMBL404326	nM	15.0	CC#CCn1c(N2CCCC(N)C2)nc2c1c(=O)n(Cc1cccc3ccccc13)c(=O)n2C	6.823908740944319	<rdkit.Chem.rdchem.Mol object at 0x7f870f956490>
1492	CHEMBL469660	nM	5.3	N#C[C@@H]1C[C@H](F)CN1C(=O)CNC1C2CC3CC1CC(O)(C3)C2	7.275724130399211	<rdkit.Chem.rdchem.Mol object at 0x7f870f956500>
1493	CHEMBL454193	nM	8.3	COC12CC3CC(CC(NCC(=O)N4C[C@@H](F)C[C@H]4C#N)(C3)C1)C2	7.080921907623926	<rdkit.Chem.rdchem.Mol object at 0x7f870f956570>
1494	CHEMBL469659	nM	3.1	N#C[C@@H]1C[C@H](F)CN1C(=O)CNC12CC3CC(CC(O)(C3)C1)C2	7.508638306165727	<rdkit.Chem.rdchem.Mol object at 0x7f870f9565e0>
1495	CHEMBL451937	nM	3.1	N#C[C@@H]1C[C@H](F)CN1C(=O)CNC1C2CC3CC(C2)CC1C3	7.508638306165727	<rdkit.Chem.rdchem.Mol object at 0x7f870f956650>
1496	CHEMBL511785	nM	4.1	N#C[C@@H]1C[C@H](F)CN1C(=O)CNC12CC3CC(CC(C3)C1)C2	7.3872161432802645	<rdkit.Chem.rdchem.Mol object at 0x7f870f9566c0>
1497	CHEMBL470681	nM	3.3	N#C[C@@H]1C[C@H](F)CN1C(=O)CNC1CCCCCCC1	7.481486060122113	<rdkit.Chem.rdchem.Mol object at 0x7f870f956730>
1498	CHEMBL513725	nM	3.3	N#C[C@@H]1C[C@H](F)CN1C(=O)CNC1(CO)CCCC1	7.481486060122113	<rdkit.Chem.rdchem.Mol object at 0x7f870f9567a0>
1499	CHEMBL470477	nM	2.6	N#C[C@@H]1C[C@H](F)CN1C(=O)CNC1CCCC1	7.585026652029182	<rdkit.Chem.rdchem.Mol object at 0x7f870f956810>
1500	CHEMBL470476	nM	3.1	N#C[C@@H]1C[C@H](F)CN1C(=O)CNC1CCC1	7.508638306165727	<rdkit.Chem.rdchem.Mol object at 0x7f870f956880>
1501	CHEMBL470330	nM	33.0	N#C[C@@H]1C[C@H](F)CN1C(=O)CNC1CC1	6.481486060122113	<rdkit.Chem.rdchem.Mol object at 0x7f870f9568f0>
1502	CHEMBL472096	nM	4.6	CC(C)(CO)NCC(=O)N1C[C@@H](F)C[C@H]1C#N	7.337242168318426	<rdkit.Chem.rdchem.Mol object at 0x7f870f956960>
1503	CHEMBL1203962	nM	13.0	COCC(C)(C)NCC(=O)N1C[C@@H](F)C[C@H]1C#N.Cl	6.886056647693163	<rdkit.Chem.rdchem.Mol object at 0x7f870f9569d0>
1504	CHEMBL469452	nM	8.7	CC(C)OCCCNCC(=O)N1C[C@@H](F)C[C@H]1C#N	7.060480747381382	<rdkit.Chem.rdchem.Mol object at 0x7f870f956a40>
1505	CHEMBL472102	nM	7.8	CC(C)NCC(=O)N1C[C@@H](F)C[C@H]1C#N	7.107905397309519	<rdkit.Chem.rdchem.Mol object at 0x7f870f956ab0>
1506	CHEMBL512726	nM	2.9	CC(C)(C)NCC(=O)N1C[C@@H](F)C[C@H]1C#N	7.537602002101044	<rdkit.Chem.rdchem.Mol object at 0x7f870f956b20>
1507	CHEMBL472101	nM	27.0	COc1ccc(CCNCC(=O)N2C[C@@H](F)C[C@H]2C#N)cc1OC	6.568636235841013	<rdkit.Chem.rdchem.Mol object at 0x7f870f956b90>
1508	CHEMBL508845	nM	16.0	CC(C)(/C=C/c1ccccc1)NCC(=O)N1C[C@@H](F)C[C@H]1C#N	6.795880017344075	<rdkit.Chem.rdchem.Mol object at 0x7f870f956c00>
1509	CHEMBL472100	nM	88.0	CC(C)(NCC(=O)N1C[C@@H](F)C[C@H]1C#N)c1cc2ccccc2o1	6.055517327849832	<rdkit.Chem.rdchem.Mol object at 0x7f870f956c70>
1510	CHEMBL512890	nM	12.0	CC(C)(NCC(=O)N1C[C@@H](F)C[C@H]1C#N)c1cccs1	6.920818753952375	<rdkit.Chem.rdchem.Mol object at 0x7f870f956ce0>
1511	CHEMBL471089	nM	8.6	CC(C)(NCC(=O)N1C[C@@H](F)C[C@H]1C#N)c1ccco1	7.0655015487564325	<rdkit.Chem.rdchem.Mol object at 0x7f870f956d50>
1512	CHEMBL512694	nM	22.0	CC(C)(NCC(=O)N1C[C@@H](F)C[C@H]1C#N)c1ccccn1	6.657577319177793	<rdkit.Chem.rdchem.Mol object at 0x7f870f956dc0>
1513	CHEMBL471088	nM	6.2	CC(C)(CN(Cc1ccc(C#N)cc1)C(=O)c1ccccc1)NCC(=O)N1C[C@@H](F)C[C@H]1C#N	7.2076083105017466	<rdkit.Chem.rdchem.Mol object at 0x7f870f956e30>
1514	CHEMBL470893	nM	7.3	CC(C)CN(CC(C)(C)NCC(=O)N1C[C@@H](F)C[C@H]1C#N)C(=O)c1ccccc1	7.136677139879544	<rdkit.Chem.rdchem.Mol object at 0x7f870f956ea0>
1515	CHEMBL511128	nM	252.0	CCN(CC)CC(C)(C)NCC(=O)N1C[C@@H](F)C[C@H]1C#N	5.598599459218456	<rdkit.Chem.rdchem.Mol object at 0x7f870f956f10>
1516	CHEMBL485828	nM	39.0	CC(C)(CNCc1ccc(C#N)cc1)NCC(=O)N1C[C@@H](F)C[C@H]1C#N	6.4089353929735005	<rdkit.Chem.rdchem.Mol object at 0x7f870f956f80>
1517	CHEMBL520854	nM	31.0	CN(CC(C)(C)NCC(=O)N1C[C@@H](F)C[C@H]1C#N)S(=O)(=O)c1ccccc1	6.508638306165727	<rdkit.Chem.rdchem.Mol object at 0x7f870f956ff0>
1518	CHEMBL485827	nM	75.0	CC(C)(CNS(=O)(=O)c1ccccc1)NCC(=O)N1C[C@@H](F)C[C@H]1C#N	6.1249387366083	<rdkit.Chem.rdchem.Mol object at 0x7f870f957060>
1519	CHEMBL488810	nM	109.0	CC(C)(CNC(=O)C(c1ccc(Cl)cc1)c1ccc(Cl)cc1)NCC(=O)N1C[C@@H](F)C[C@H]1C#N	5.962573502059376	<rdkit.Chem.rdchem.Mol object at 0x7f870f9570d0>
1520	CHEMBL487862	nM	13.0	CC(C)(CNC(=O)C1(C)CCCCC1)NCC(=O)N1C[C@@H](F)C[C@H]1C#N	6.886056647693163	<rdkit.Chem.rdchem.Mol object at 0x7f870f957140>
1521	CHEMBL487861	nM	5.8	CC(C)(CNC(=O)C(C)(C)C)NCC(=O)N1C[C@@H](F)C[C@H]1C#N	7.236572006437063	<rdkit.Chem.rdchem.Mol object at 0x7f870f9571b0>
1522	CHEMBL487860	nM	1.5	CC(C)(CNC(=O)c1ccc2[nH]nnc2c1)NCC(=O)N1C[C@@H](F)C[C@H]1C#N	7.823908740944319	<rdkit.Chem.rdchem.Mol object at 0x7f870f957220>
1523	CHEMBL519585	nM	5.7	CC(C)(CNC(=O)c1ccc2[nH]cnc2c1)NCC(=O)N1C[C@@H](F)C[C@H]1C#N	7.2441251443275085	<rdkit.Chem.rdchem.Mol object at 0x7f870f957290>
1524	CHEMBL488036	nM	2.9	CC(C)(CNC(=O)c1ccc2c(c1)CCO2)NCC(=O)N1C[C@@H](F)C[C@H]1C#N	7.537602002101044	<rdkit.Chem.rdchem.Mol object at 0x7f870f957300>
1525	CHEMBL488419	nM	5.4	CC(C)(CNC(=O)c1cccs1)NCC(=O)N1C[C@@H](F)C[C@H]1C#N	7.267606240177032	<rdkit.Chem.rdchem.Mol object at 0x7f870f957370>
1526	CHEMBL488418	nM	4.5	CC(C)(CNC(=O)c1ccccc1)NCC(=O)N1C[C@@H](F)C[C@H]1C#N	7.346787486224656	<rdkit.Chem.rdchem.Mol object at 0x7f870f9573e0>
1527	CHEMBL487681	nM	8.2	CC(C)(CNC(=O)c1ccccn1)NCC(=O)N1C[C@@H](F)C[C@H]1C#N	7.086186147616283	<rdkit.Chem.rdchem.Mol object at 0x7f870f957450>
1528	CHEMBL521224	nM	2.4	N#C[C@@H]1C[C@H](F)CN1C(=O)CNCCNc1ccc(C(N)=O)cn1	7.619788758288394	<rdkit.Chem.rdchem.Mol object at 0x7f870f9574c0>
1529	CHEMBL500008	nM	2.7	N#C[C@@H]1C[C@H](F)CN1C(=O)CNCCNc1ccc(Cl)cn1	7.568636235841012	<rdkit.Chem.rdchem.Mol object at 0x7f870f957530>
1530	CHEMBL487680	nM	2.8	N#C[C@@H]1C[C@H](F)CN1C(=O)CNCCNc1ccccn1	7.552841968657781	<rdkit.Chem.rdchem.Mol object at 0x7f870f9575a0>
1531	CHEMBL1744354	nM	1.1	N#Cc1ccc(NCCNCC(=O)N2C[C@@H](F)C[C@H]2C#N)nc1.O=C(O)/C=C\C(=O)O	7.958607314841775	<rdkit.Chem.rdchem.Mol object at 0x7f870f957610>
1532	CHEMBL488022	nM	510.0	Cl.N[C@@H](CC(=O)N1N=CCC1C(=O)Nc1ccc(OCC(=O)O)cc1)Cc1cc(F)c(F)cc1F	5.292429823902063	<rdkit.Chem.rdchem.Mol object at 0x7f870f957680>
1533	CHEMBL488027	nM	4300.0	Cl.N[C@@H](CC(=O)N1N=CCC1C(=O)Nc1cccc(OCC(=O)O)c1)Cc1cc(F)c(F)cc1F	4.366531544420414	<rdkit.Chem.rdchem.Mol object at 0x7f870f9576f0>
1534	CHEMBL488713	nM	8500.0	Cl.N[C@@H](CC(=O)N1N=CCC1C(=O)Nc1ccccc1OCC(=O)O)Cc1cc(F)c(F)cc1F	4.070581074285707	<rdkit.Chem.rdchem.Mol object at 0x7f870f957760>
1535	CHEMBL488714	nM	2700.0	CC(C)[C@H](Oc1ccc(NC(=O)C2CC=NN2C(=O)C[C@H](N)Cc2cc(F)c(F)cc2F)cc1)C(=O)O.Cl	4.568636235841013	<rdkit.Chem.rdchem.Mol object at 0x7f870f9577d0>
1536	CHEMBL528328	nM	2200.0	CC(C)[C@@H](Oc1ccc(NC(=O)C2CC=NN2C(=O)C[C@H](N)Cc2cc(F)c(F)cc2F)cc1)C(=O)O.Cl	4.657577319177793	<rdkit.Chem.rdchem.Mol object at 0x7f870f957840>
1537	CHEMBL452836	nM	1400.0	Cl.N[C@@H](CC(=O)N1N=CCC1C(=O)O)Cc1cc(F)c(F)cc1F	4.853871964321762	<rdkit.Chem.rdchem.Mol object at 0x7f870f9578b0>
1538	CHEMBL488909	nM	2800.0	Cl.N[C@@H](CC(=O)N1N=CCC1C(=O)NCc1cccc(OCC(=O)O)c1)Cc1cc(F)c(F)cc1F	4.552841968657781	<rdkit.Chem.rdchem.Mol object at 0x7f870f957920>
1539	CHEMBL488908	nM	2500.0	Cl.N[C@@H](CC(=O)N1N=CCC1C(=O)NCc1ccc(OCC(=O)O)cc1)Cc1cc(F)c(F)cc1F	4.6020599913279625	<rdkit.Chem.rdchem.Mol object at 0x7f870f957990>
1540	CHEMBL488056	nM	5900.0	Cl.N[C@@H](CC(=O)N1N=CCC1C(=O)Nc1ccc(C(=O)O)cc1)Cc1cc(F)c(F)cc1F	4.229147988357856	<rdkit.Chem.rdchem.Mol object at 0x7f870f957a00>
1541	CHEMBL470118	nM	1400.0	Cl.N[C@@H](CC(=O)N1N=CCC1C(=O)NCc1ccc(C(=O)O)cc1)Cc1cc(F)c(F)cc1F	4.853871964321762	<rdkit.Chem.rdchem.Mol object at 0x7f870f957a70>
1542	CHEMBL479536	nM	3600.0	CCOC(=O)[C@H](Oc1ccc(NC(=O)C2CC=NN2C(=O)C[C@H](N)Cc2cc(F)c(F)cc2F)cc1)C(C)C.Cl	4.443697499232712	<rdkit.Chem.rdchem.Mol object at 0x7f870f957ae0>
1543	CHEMBL516747	nM	2600.0	CCOC(=O)[C@@H](Oc1ccc(NC(=O)C2CC=NN2C(=O)C[C@H](N)Cc2cc(F)c(F)cc2F)cc1)C(C)C.Cl	4.585026652029182	<rdkit.Chem.rdchem.Mol object at 0x7f870f957b50>
1544	CHEMBL512013	nM	4800.0	CCOC(=O)COc1ccccc1NC(=O)C1CC=NN1C(=O)C[C@H](N)Cc1cc(F)c(F)cc1F.Cl	4.318758762624412	<rdkit.Chem.rdchem.Mol object at 0x7f870f957bc0>
1545	CHEMBL472200	nM	1900.0	CCOC(=O)COc1cccc(NC(=O)C2CC=NN2C(=O)C[C@H](N)Cc2cc(F)c(F)cc2F)c1.Cl	4.721246399047171	<rdkit.Chem.rdchem.Mol object at 0x7f870f957c30>
1546	CHEMBL472199	nM	690.0	CCOC(=O)COc1ccc(NC(=O)C2CC=NN2C(=O)C[C@H](N)Cc2cc(F)c(F)cc2F)cc1.Cl	5.161150909262744	<rdkit.Chem.rdchem.Mol object at 0x7f870f957ca0>
1547	CHEMBL472381	nM	8900.0	Cl.N[C@@H](CC(=O)N1N=CCC1C(=O)Nc1ccc(S(=O)(=O)O)cc1)Cc1cc(F)c(F)cc1F	4.050609993355087	<rdkit.Chem.rdchem.Mol object at 0x7f870f957d10>
1548	CHEMBL471515	nM	9100.0	Cl.N[C@@H](CC(=O)N1N=CCC1C(=O)Nc1ccc(S(N)(=O)=O)cc1)Cc1cc(F)c(F)cc1F	4.040958607678906	<rdkit.Chem.rdchem.Mol object at 0x7f870f957d80>
1549	CHEMBL471343	nM	1600.0	Cl.N[C@@H](CC(=O)N1N=CCC1C(=O)Nc1ccc(N2CCOCC2)cc1)Cc1cc(F)c(F)cc1F	4.795880017344075	<rdkit.Chem.rdchem.Mol object at 0x7f870f957df0>
1550	CHEMBL518296	nM	2000.0	CCOC(=O)COc1cccc(CNC(=O)C2CC=NN2C(=O)C[C@H](N)Cc2cc(F)c(F)cc2F)c1.Cl	4.698970004336019	<rdkit.Chem.rdchem.Mol object at 0x7f870f957e60>
1551	CHEMBL456885	nM	2100.0	CCOC(=O)COc1ccc(CNC(=O)C2CC=NN2C(=O)C[C@H](N)Cc2cc(F)c(F)cc2F)cc1.Cl	4.6777807052660805	<rdkit.Chem.rdchem.Mol object at 0x7f870f957ed0>
1552	CHEMBL459881	nM	3100.0	Cl.N[C@@H](CC(=O)N1N=CCC1C(=O)NCc1ccc(S(N)(=O)=O)cc1)Cc1cc(F)c(F)cc1F	4.508638306165727	<rdkit.Chem.rdchem.Mol object at 0x7f870f957f40>
1553	CHEMBL518629	nM	1300.0	Cl.Nc1ccc(CNC(=O)C2CC=NN2C(=O)C[C@H](N)Cc2cc(F)c(F)cc2F)cc1	4.886056647693163	<rdkit.Chem.rdchem.Mol object at 0x7f870f958040>
1554	CHEMBL462564	nM	3700.0	Cl.N[C@@H](CC(=O)N1N=CCC1C(=O)NCc1nc2ccccc2[nH]1)Cc1cc(F)c(F)cc1F	4.431798275933005	<rdkit.Chem.rdchem.Mol object at 0x7f870f9580b0>
1555	CHEMBL461112	nM	7400.0	Cl.N[C@@H](CC(=O)N1N=CCC1C(=O)NCc1ccccn1)Cc1cc(F)c(F)cc1F	4.130768280269024	<rdkit.Chem.rdchem.Mol object at 0x7f870f958120>
1556	CHEMBL460951	nM	770.0	CCOC(=O)c1ccc(NC(=O)C2CC=NN2C(=O)C[C@H](N)Cc2cc(F)c(F)cc2F)cc1.Cl	5.113509274827518	<rdkit.Chem.rdchem.Mol object at 0x7f870f958190>
1557	CHEMBL459883	nM	1600.0	Cl.N[C@@H](CC(=O)N1N=CCC1C(=O)Nc1ccccc1)Cc1cc(F)c(F)cc1F	4.795880017344075	<rdkit.Chem.rdchem.Mol object at 0x7f870f958200>
1558	CHEMBL459882	nM	3000.0	COC(=O)c1ccc(CNC(=O)C2CC=NN2C(=O)C[C@H](N)Cc2cc(F)c(F)cc2F)cc1.Cl	4.522878745280337	<rdkit.Chem.rdchem.Mol object at 0x7f870f958270>
1559	CHEMBL461129	nM	1600.0	Cl.N[C@@H](CC(=O)N1N=CCC1C(=O)NCc1ccccc1)Cc1cc(F)c(F)cc1F	4.795880017344075	<rdkit.Chem.rdchem.Mol object at 0x7f870f9582e0>
1560	CHEMBL511872	nM	5600.0	Cl.NC(=O)C1CC=NN1C(=O)C[C@H](N)Cc1cc(F)c(F)cc1F	4.251811972993799	<rdkit.Chem.rdchem.Mol object at 0x7f870f958350>
1561	CHEMBL460950	nM	1900.0	COC(=O)Cc1ccc(OC(=O)C2CC=NN2C(=O)C[C@H](N)Cc2cc(F)c(F)cc2F)cc1.Cl	4.721246399047171	<rdkit.Chem.rdchem.Mol object at 0x7f870f9583c0>
1562	CHEMBL460949	nM	1600.0	CCOC(=O)c1ccc(OC(=O)C2CC=NN2C(=O)C[C@H](N)Cc2cc(F)c(F)cc2F)cc1.Cl	4.795880017344075	<rdkit.Chem.rdchem.Mol object at 0x7f870f958430>
1563	CHEMBL452327	nM	2200.0	Cl.N[C@@H](CC(=O)N1N=CCC1C(=O)Oc1ccccc1)Cc1cc(F)c(F)cc1F	4.657577319177793	<rdkit.Chem.rdchem.Mol object at 0x7f870f9584a0>
1564	CHEMBL452326	nM	2700.0	COC(=O)c1ccc(COC(=O)C2CC=NN2C(=O)C[C@H](N)Cc2cc(F)c(F)cc2F)cc1.Cl	4.568636235841013	<rdkit.Chem.rdchem.Mol object at 0x7f870f958510>
1565	CHEMBL510797	nM	710.0	Cl.N[C@@H](CC(=O)N1N=CCC1C(=O)OCc1ccccc1)Cc1cc(F)c(F)cc1F	5.1487416512809245	<rdkit.Chem.rdchem.Mol object at 0x7f870f958580>
1566	CHEMBL525183	nM	370.0	NCc1c(N)nc2ccccc2c1-c1ccc(Cl)cc1Cl	5.431798275933005	<rdkit.Chem.rdchem.Mol object at 0x7f870f9585f0>
1567	CHEMBL498167	nM	250.0	CC(C)Cn1c(CN)c(-c2ccccc2)c2ccccc2c1=O	5.6020599913279625	<rdkit.Chem.rdchem.Mol object at 0x7f870f958660>
1568	CHEMBL443250	nM	170.0	N[C@H](C(=O)N1CCC(F)C1)C1CCCCC1	5.769551078621726	<rdkit.Chem.rdchem.Mol object at 0x7f870f9586d0>
1569	CHEMBL380860	nM	110.0	N[C@H](C(=O)N1CC(F)(F)C(F)(F)C1)C1CCCCC1	5.958607314841775	<rdkit.Chem.rdchem.Mol object at 0x7f870f958740>
1570	CHEMBL451319	nM	69.0	Cc1cc2ccccc2n1C[C@H](C)NCC(=O)N1CCC[C@H]1C#N	6.161150909262744	<rdkit.Chem.rdchem.Mol object at 0x7f870f9587b0>
1571	CHEMBL496131	nM	43.0	Cc1nc2c(s1)CC([C@H](N)C(=O)N1CC[C@H](F)C1)CC2	6.366531544420414	<rdkit.Chem.rdchem.Mol object at 0x7f870f958820>
1572	CHEMBL495932	nM	25.0	N[C@H]1CCCCN(P(N)(=O)NS(=O)(=O)O)C1=O	6.6020599913279625	<rdkit.Chem.rdchem.Mol object at 0x7f870f958890>
1573	CHEMBL504823	nM	21.0	N[C@H]1CCCN([P@@](N)(=O)NS(=O)(=O)O)C1=O	6.6777807052660805	<rdkit.Chem.rdchem.Mol object at 0x7f870f958900>
1574	CHEMBL507254	nM	46.0	N#CC1CCCN1C(=O)C(N)C1CCCCC1	6.337242168318426	<rdkit.Chem.rdchem.Mol object at 0x7f870f958970>
1575	CHEMBL497993	nM	11.0	N[C@H]1CCN(P(N)(N)=O)C1=O	6.958607314841775	<rdkit.Chem.rdchem.Mol object at 0x7f870f9589e0>
1576	CHEMBL324777	nM	9.0	COCCN(C)c1nc(N)c(CN)c(-c2ccc(Cl)cc2Cl)n1	7.045757490560675	<rdkit.Chem.rdchem.Mol object at 0x7f870f958a50>
1577	CHEMBL509777	nM	390000.0	N#C[C@@H]1CCCN1C(=O)CN1CCc2ccccc2C1	2.408935392973501	<rdkit.Chem.rdchem.Mol object at 0x7f870f958ac0>
1578	CHEMBL361235	nM	230000.0	N[C@H](C(=O)N1CCc2ccccc2C1)C1CCCCC1	2.638272163982407	<rdkit.Chem.rdchem.Mol object at 0x7f870f958b30>
1579	CHEMBL523066	nM	180000.0	N#C[C@@H]1CCCN1C(=O)N[C@@H](CN)C1CCCCC1	2.744727494896694	<rdkit.Chem.rdchem.Mol object at 0x7f870f958ba0>
1580	CHEMBL496953	nM	50000.0	N[C@@H](COc1cc(F)cc(F)c1)Cc1cc2ccccc2[nH]1	3.3010299956639813	<rdkit.Chem.rdchem.Mol object at 0x7f870f958c10>
1581	CHEMBL497782	nM	13000.0	N#C[C@@H]1Cc2ccccc2CN1C(=O)[C@@H](N)Cc1cc2ccccc2[nH]1	3.886056647693163	<rdkit.Chem.rdchem.Mol object at 0x7f870f958c80>
1582	CHEMBL522911	nM	12000.0	N#C[C@@H]1CCCN1C(=O)N[C@H](CN)C1CCCCC1	3.9208187539523753	<rdkit.Chem.rdchem.Mol object at 0x7f870f958cf0>
1583	CHEMBL527015	nM	45.0	N#C[C@@H]1CCCN1C(=O)/C(N)=C/C(=O)N1Cc2ccccc2C1	6.346787486224656	<rdkit.Chem.rdchem.Mol object at 0x7f870f958d60>
1584	CHEMBL522909	nM	21.0	C=CCN(CC=C)C(=O)n1cnc(S(=O)(=O)C2CC3CCC2C3)n1	6.6777807052660805	<rdkit.Chem.rdchem.Mol object at 0x7f870f958dd0>
1585	CHEMBL513764	nM	7800.0	CC1(NC(=O)C[C@H](N)Cc2ccccc2F)CCN(Cc2ccccc2)CC1	4.107905397309519	<rdkit.Chem.rdchem.Mol object at 0x7f870f958e40>
1586	CHEMBL471633	nM	1000.0	N[C@@H](CC(=O)NC1(c2ccccc2)CCN(Cc2ccccc2)CC1)Cc1ccccc1F	5.0	<rdkit.Chem.rdchem.Mol object at 0x7f870f958eb0>
1587	CHEMBL471841	nM	2200.0	N[C@@H](CC(=O)NC1(Cc2ccccc2)CCN(Cc2ccccc2)CC1)Cc1ccccc1F	4.657577319177793	<rdkit.Chem.rdchem.Mol object at 0x7f870f958f20>
1588	CHEMBL471842	nM	870.0	CN1CCC(NC(=O)C[C@H](N)Cc2ccccc2F)(c2ccccc2)CC1	5.060480747381382	<rdkit.Chem.rdchem.Mol object at 0x7f870f958f90>
1589	CHEMBL470170	nM	2500.0	N[C@@H](CC(=O)NC1(c2ccccc2)CCOCC1)Cc1ccccc1F	4.6020599913279625	<rdkit.Chem.rdchem.Mol object at 0x7f870f959000>
1590	CHEMBL470171	nM	3300.0	N[C@@H](CC(=O)NC1(c2ccccc2)CCSCC1)Cc1ccccc1F	4.481486060122112	<rdkit.Chem.rdchem.Mol object at 0x7f870f959070>
1591	CHEMBL512145	nM	570.0000000000002	N[C@@H](CC(=O)NC1(c2ccccc2)CCS(=O)(=O)CC1)Cc1ccccc1F	5.2441251443275085	<rdkit.Chem.rdchem.Mol object at 0x7f870f9590e0>
1592	CHEMBL469325	nM	470.0	N[C@@H](CC(=O)NC1(c2ccccn2)CCS(=O)(=O)CC1)Cc1ccccc1F	5.327902142064283	<rdkit.Chem.rdchem.Mol object at 0x7f870f959150>
1593	CHEMBL469538	nM	190.0	N[C@@H](CC(=O)NC1(c2nccs2)CCS(=O)(=O)CC1)Cc1ccccc1F	5.721246399047171	<rdkit.Chem.rdchem.Mol object at 0x7f870f9591c0>
1594	CHEMBL512718	nM	64.0	N[C@@H](CC(=O)NC1(c2nc3ccccc3s2)CCS(=O)(=O)CC1)Cc1ccccc1F	6.1938200260161125	<rdkit.Chem.rdchem.Mol object at 0x7f870f959230>
1595	CHEMBL472027	nM	13.0	N[C@@H](CC(=O)NC1(c2nc3ccccc3s2)CCS(=O)(=O)CC1)Cc1cc(F)c(F)cc1F	6.886056647693163	<rdkit.Chem.rdchem.Mol object at 0x7f870f9592a0>
1596	CHEMBL512709	nM	12.0	COc1ccc2nc(C3(NC(=O)C[C@H](N)Cc4ccccc4F)CCS(=O)(=O)CC3)sc2c1	6.920818753952375	<rdkit.Chem.rdchem.Mol object at 0x7f870f959310>
1597	CHEMBL470356	nM	2.7	COc1ccc2nc(C3(NC(=O)C[C@H](N)Cc4cc(F)c(F)cc4F)CCS(=O)(=O)CC3)sc2c1	7.568636235841012	<rdkit.Chem.rdchem.Mol object at 0x7f870f959380>
1598	CHEMBL470357	nM	3.3	COc1ccc2sc(C3(NC(=O)C[C@H](N)Cc4cc(F)c(F)cc4F)CCS(=O)(=O)CC3)nc2c1	7.481486060122113	<rdkit.Chem.rdchem.Mol object at 0x7f870f9593f0>
1599	CHEMBL513543	nM	270.0	COc1cccc2sc(C3(NC(=O)C[C@H](N)Cc4ccccc4F)CCS(=O)(=O)CC3)nc12	5.568636235841013	<rdkit.Chem.rdchem.Mol object at 0x7f870f959460>
1600	CHEMBL469730	nM	35.0	N[C@@H](CC(=O)NC1(c2nc3ccc(Cl)cc3s2)CCS(=O)(=O)CC1)Cc1ccccc1F	6.455931955649724	<rdkit.Chem.rdchem.Mol object at 0x7f870f9594d0>
1601	CHEMBL469521	nM	130.0	N[C@@H](CC(=O)NC1(c2nc3c(Cl)cccc3s2)CCS(=O)(=O)CC1)Cc1ccccc1F	5.886056647693163	<rdkit.Chem.rdchem.Mol object at 0x7f870f959540>
1602	CHEMBL469522	nM	70.0	Cc1ccc2nc(C3(NC(=O)C[C@H](N)Cc4ccccc4F)CCS(=O)(=O)CC3)sc2c1	6.154901959985743	<rdkit.Chem.rdchem.Mol object at 0x7f870f9595b0>
1603	CHEMBL469740	nM	350.0	Cc1cccc2sc(C3(NC(=O)C[C@H](N)Cc4ccccc4F)CCS(=O)(=O)CC3)nc12	5.455931955649724	<rdkit.Chem.rdchem.Mol object at 0x7f870f959620>
1604	CHEMBL471834	nM	1.0	COCCOc1ccc2nc(C3(NC(=O)C[C@H](N)Cc4cc(F)c(F)cc4F)CCS(=O)(=O)CC3)sc2c1	8.0	<rdkit.Chem.rdchem.Mol object at 0x7f870f959690>
1605	CHEMBL470164	nM	3.6	COCCOc1ccc2nc(C3(NC(=O)C[C@H](N)Cc4cc(F)c(F)cc4F)CCOCC3)sc2c1	7.443697499232712	<rdkit.Chem.rdchem.Mol object at 0x7f870f959700>
1606	CHEMBL512651	nM	0.64	COCCOc1ccc2nc(C3(NC(=O)C[C@H](N)Cc4cc(Cl)ccc4F)CCS(=O)(=O)CC3)sc2c1	8.193820026016112	<rdkit.Chem.rdchem.Mol object at 0x7f870f959770>
1607	CHEMBL469317	nM	1.9	COCCOc1ccc2nc(C3(NC(=O)C[C@H](N)Cc4cc(Cl)ccc4F)CCOCC3)sc2c1	7.721246399047171	<rdkit.Chem.rdchem.Mol object at 0x7f870f9597e0>
1608	CHEMBL504021	nM	0.79	N[C@@H](CC(=O)NC1(c2nc3ccc(OCCN4CCOCC4)cc3s2)CCS(=O)(=O)CC1)Cc1cc(F)c(F)cc1F	8.102372908709558	<rdkit.Chem.rdchem.Mol object at 0x7f870f959850>
1609	CHEMBL522002	nM	298.00000000000006	N#C[C@@H]1CCCN1C(=O)[C@@H](N)CC(=O)N1Cc2ccccc2C1	5.525783735923745	<rdkit.Chem.rdchem.Mol object at 0x7f870f9598c0>
1610	CHEMBL493544	nM	10.0	N#C[C@@H]1CCCN1C(=O)[C@@H](N)CCCC(=O)N1Cc2ccccc2C1	7.0	<rdkit.Chem.rdchem.Mol object at 0x7f870f959930>
1611	CHEMBL493760	nM	1600.0	N[C@@H](CCC(=O)N1Cc2ccccc2C1)C(=O)N1CCSC1	4.795880017344075	<rdkit.Chem.rdchem.Mol object at 0x7f870f9599a0>
1612	CHEMBL475662	nM	7.999999999999998	C[C@H](CC(=O)N1CCn2c(nnc2C(F)(F)F)C1)[C@H](N)C(=O)N1CCC[C@H]1C#N.O=C(O)C(F)(F)F	7.096910013008056	<rdkit.Chem.rdchem.Mol object at 0x7f870f959a10>
1613	CHEMBL474002	nM	31.0	CC[C@H](CC(=O)N1CCn2c(nnc2C(F)(F)F)C1)[C@H](N)C(=O)N1CCC[C@H]1C#N.O=C(O)C(F)(F)F	6.508638306165727	<rdkit.Chem.rdchem.Mol object at 0x7f870f959a80>
1614	CHEMBL474003	nM	12.0	CC(C)(CC(=O)N1CCn2c(nnc2C(F)(F)F)C1)[C@H](N)C(=O)N1CCC[C@H]1C#N.O=C(O)C(F)(F)F	6.920818753952375	<rdkit.Chem.rdchem.Mol object at 0x7f870f959af0>
1615	CHEMBL475169	nM	31.0	CC(C)(CC(=O)N1CCn2nc(C(F)(F)F)nc2C1)[C@H](N)C(=O)N1CCC[C@H]1C#N.O=C(O)C(F)(F)F	6.508638306165727	<rdkit.Chem.rdchem.Mol object at 0x7f870f959b60>
1616	CHEMBL475863	nM	12.0	CC(C)(CC(=O)N1Cc2ccccc2C1)[C@H](N)C(=O)N1CCC[C@H]1C#N.O=C(O)C(F)(F)F	6.920818753952375	<rdkit.Chem.rdchem.Mol object at 0x7f870f959bd0>
1617	CHEMBL474025	nM	16.0	CC(C)(CC(=O)N1CCc2ccccc2C1)[C@H](N)C(=O)N1CCC[C@H]1C#N.O=C(O)C(F)(F)F	6.795880017344075	<rdkit.Chem.rdchem.Mol object at 0x7f870f959c40>
1618	CHEMBL514006	nM	25.0	CC(C)(CC(=O)N1CCc2ccsc2C1)[C@H](N)C(=O)N1CCC[C@H]1C#N.O=C(O)C(F)(F)F	6.6020599913279625	<rdkit.Chem.rdchem.Mol object at 0x7f870f959cb0>
1619	CHEMBL475870	nM	14.0	COC[C@@H]1CCCN1C(=O)CC(C)(C)[C@H](N)C(=O)N1CCC[C@H]1C#N.O=C(O)C(F)(F)F	6.853871964321762	<rdkit.Chem.rdchem.Mol object at 0x7f870f959d20>
1620	CHEMBL514317	nM	13.0	C[C@@H]1CCCN1C(=O)CC(C)(C)[C@H](N)C(=O)N1CCC[C@H]1C#N.O=C(O)C(F)(F)F	6.886056647693163	<rdkit.Chem.rdchem.Mol object at 0x7f870f959d90>
1621	CHEMBL493543	nM	2.0	N#C[C@@H]1CCCN1C(=O)[C@@H](N)CCC(=O)N1Cc2ccccc2C1	7.698970004336019	<rdkit.Chem.rdchem.Mol object at 0x7f870f959e00>
1622	CHEMBL2364733	nM	2.0	N#C[C@H]1CCCN1C(=O)[C@@H](N)CCC(=O)N1Cc2ccccc2C1.O=C(O)C(F)(F)F	7.698970004336019	<rdkit.Chem.rdchem.Mol object at 0x7f870f959e70>
1623	CHEMBL494146	nM	5.0	N#C[C@@H]1CCCN1C(=O)[C@@H](N)CCC(=O)N1CCc2ccccc2C1.O=C(O)C(F)(F)F	7.301029995663981	<rdkit.Chem.rdchem.Mol object at 0x7f870f959ee0>
1624	CHEMBL494147	nM	35.0	COc1cc2c(cc1OC)C(C(C)C)N(C(=O)CC[C@H](N)C(=O)N1CCC[C@H]1C#N)CC2.O=C(O)C(F)(F)F	6.455931955649724	<rdkit.Chem.rdchem.Mol object at 0x7f870f959f50>
1625	CHEMBL494339	nM	40.0	N#C[C@@H]1CCCN1C(=O)[C@@H](N)CCC(=O)N1CCc2nc(-c3ccc(F)cc3)sc2C1.O=C(O)C(F)(F)F	6.3979400086720375	<rdkit.Chem.rdchem.Mol object at 0x7f870f959fc0>
1626	CHEMBL494340	nM	6.0	N#C[C@@H]1CCCN1C(=O)[C@@H](N)CCC(=O)N1CCc2ccsc2C1.O=C(O)C(F)(F)F	7.221848749616356	<rdkit.Chem.rdchem.Mol object at 0x7f870f95a030>
1627	CHEMBL492536	nM	7.0	N#C[C@@H]1CCCN1C(=O)[C@@H](N)CCC(=O)N1CCn2cnnc2C1.O=C(O)C(F)(F)F	7.154901959985743	<rdkit.Chem.rdchem.Mol object at 0x7f870f95a0a0>
1628	CHEMBL492733	nM	5.0	N#C[C@@H]1CCCN1C(=O)[C@@H](N)CCC(=O)N1CCn2c(nnc2C(F)(F)F)C1.O=C(O)C(F)(F)F	7.301029995663981	<rdkit.Chem.rdchem.Mol object at 0x7f870f95a110>
1629	CHEMBL474047	nM	9.0	N#C[C@@H]1CCCN1C(=O)[C@@H](N)CCC(=O)N1CCn2nc(C(F)(F)F)nc2C1.O=C(O)C(F)(F)F	7.045757490560675	<rdkit.Chem.rdchem.Mol object at 0x7f870f95a180>
1630	CHEMBL474048	nM	6.0	N#C[C@@H]1CCCN1C(=O)[C@@H](N)CCC(=O)N1CCn2cc(C(F)(F)F)nc2C1.O=C(O)C(F)(F)F	7.221848749616356	<rdkit.Chem.rdchem.Mol object at 0x7f870f95a1f0>
1631	CHEMBL474049	nM	7.0	N#C[C@@H]1CCCN1C(=O)[C@@H](N)CCC(=O)N1CCCC1.O=C(O)C(F)(F)F	7.154901959985743	<rdkit.Chem.rdchem.Mol object at 0x7f870f95a260>
1632	CHEMBL474211	nM	10.0	N#C[C@@H]1CCCN1C(=O)[C@@H](N)CCC(=O)N1CCSC1.O=C(O)C(F)(F)F	7.0	<rdkit.Chem.rdchem.Mol object at 0x7f870f95a2d0>
1633	CHEMBL474394	nM	22.0	COC[C@H]1CCCN1C(=O)CC[C@H](N)C(=O)N1CCC[C@H]1C#N.O=C(O)C(F)(F)F	6.657577319177793	<rdkit.Chem.rdchem.Mol object at 0x7f870f95a340>
1634	CHEMBL475465	nM	7.0	COC[C@@H]1CCCN1C(=O)CC[C@H](N)C(=O)N1CCC[C@H]1C#N.O=C(O)C(F)(F)F	7.154901959985743	<rdkit.Chem.rdchem.Mol object at 0x7f870f95a3b0>
1635	CHEMBL474800	nM	15.0	N#C[C@@H]1CCCN1C(=O)[C@@H](N)CCC(=O)N1CCCCC1.O=C(O)C(F)(F)F	6.823908740944319	<rdkit.Chem.rdchem.Mol object at 0x7f870f95a420>
1636	CHEMBL475634	nM	17.0	N#C[C@@H]1CCCN1C(=O)[C@@H](N)CCC(=O)N1CCOCC1.O=C(O)C(F)(F)F	6.769551078621726	<rdkit.Chem.rdchem.Mol object at 0x7f870f95a490>
1637	CHEMBL516080	nM	31.0	CCOC(=O)N1CCN(C(=O)CC[C@H](N)C(=O)N2CCC[C@H]2C#N)CC1.O=C(O)C(F)(F)F	6.508638306165727	<rdkit.Chem.rdchem.Mol object at 0x7f870f95a500>
1638	CHEMBL474808	nM	8.0	N#C[C@@H]1CCCN1C(=O)[C@@H](N)CCC(=O)N1CCN(C(=O)C(F)(F)F)CC1.O=C(O)C(F)(F)F	7.096910013008056	<rdkit.Chem.rdchem.Mol object at 0x7f870f95a570>
1639	CHEMBL474982	nM	19.0	N#C[C@@H]1CCCN1C(=O)[C@@H](N)CCC(=O)N1CCN(c2ccncc2)CC1.O=C(O)C(F)(F)F	6.721246399047171	<rdkit.Chem.rdchem.Mol object at 0x7f870f95a5e0>
1640	CHEMBL515435	nM	37.0	N#C[C@@H]1CCCN1C(=O)[C@@H](N)CCC(=O)Nc1ccccc1.O=C(O)C(F)(F)F	6.431798275933005	<rdkit.Chem.rdchem.Mol object at 0x7f870f95a650>
1641	CHEMBL474983	nM	11.0	N#C[C@@H]1CCCN1C(=O)[C@@H](N)CCC(=O)NC1CCCC1.O=C(O)C(F)(F)F	6.958607314841775	<rdkit.Chem.rdchem.Mol object at 0x7f870f95a6c0>
1642	CHEMBL445544	nM	1930.0	CC(C)[C@H](N)Cc1cc(F)c(F)cc1F	4.714442690992226	<rdkit.Chem.rdchem.Mol object at 0x7f870f95a730>
1643	CHEMBL450211	nM	3580.0	N[C@H](Cc1cc(F)c(F)cc1F)C1CCCCC1	4.446116973356125	<rdkit.Chem.rdchem.Mol object at 0x7f870f95a7a0>
1644	CHEMBL450091	nM	25900.0	CC(C)(C)[C@H](N)Cc1cc(F)c(F)cc1F	3.586700235918748	<rdkit.Chem.rdchem.Mol object at 0x7f870f95a810>
1645	CHEMBL501314	nM	3250.0	COC(=O)c1ccc(C(N)Cc2cc(F)c(F)cc2F)cc1	4.488116639021126	<rdkit.Chem.rdchem.Mol object at 0x7f870f95a880>
1646	CHEMBL509672	nM	1420.0	COC(=O)c1ccc([C@H](N)Cc2cc(F)c(F)cc2F)cc1	4.847711655616943	<rdkit.Chem.rdchem.Mol object at 0x7f870f95a8f0>
1647	CHEMBL496691	nM	1970.0	N[C@H](Cc1cc(F)c(F)cc1F)c1ccncc1	4.705533773838407	<rdkit.Chem.rdchem.Mol object at 0x7f870f95a960>
1648	CHEMBL451619	nM	272.0	N[C@H](Cc1cc(F)c(F)cc1F)C1CCNCC1	5.565431095965801	<rdkit.Chem.rdchem.Mol object at 0x7f870f95a9d0>
1649	CHEMBL496863	nM	270.0	CC(C)(C)OC(=O)N1CCC([C@H](N)Cc2cc(F)c(F)cc2F)CC1	5.568636235841013	<rdkit.Chem.rdchem.Mol object at 0x7f870f95aa40>
1650	CHEMBL497735	nM	35.0	N[C@H](Cc1cc(F)c(F)cc1F)C1CCN(C(=O)c2ccc(F)cc2F)CC1	6.455931955649724	<rdkit.Chem.rdchem.Mol object at 0x7f870f95aab0>
1651	CHEMBL498749	nM	26.0	N[C@H](Cc1cc(F)c(F)cc1F)C1CCN(C(=O)c2cc3ccccc3cn2)CC1	6.585026652029182	<rdkit.Chem.rdchem.Mol object at 0x7f870f95ab20>
1652	CHEMBL525011	nM	19.0	Nc1nccnc1C(=O)N1CCC([C@H](N)Cc2cc(F)c(F)cc2F)CC1	6.721246399047171	<rdkit.Chem.rdchem.Mol object at 0x7f870f95ab90>
1653	CHEMBL485123	nM	18.0	Cc1ncc(C)c(C(=O)N2CCC([C@H](N)Cc3cc(F)c(F)cc3F)CC2)n1	6.7447274948966935	<rdkit.Chem.rdchem.Mol object at 0x7f870f95ac00>
1654	CHEMBL485124	nM	22.0	Cc1nccnc1C(=O)N1CCC([C@H](N)Cc2cc(F)c(F)cc2F)CC1	6.657577319177793	<rdkit.Chem.rdchem.Mol object at 0x7f870f95ac70>
1655	CHEMBL485125	nM	27.0	N[C@H](Cc1cc(F)c(F)cc1F)C1CCN(C(=O)c2cnc3ncccn23)CC1	6.568636235841013	<rdkit.Chem.rdchem.Mol object at 0x7f870f95ace0>
1656	CHEMBL484528	nM	4.0	Cc1cc2ncc(C(=O)N3CCC([C@H](N)Cc4cc(F)c(F)cc4F)CC3)c(C)n2n1	7.3979400086720375	<rdkit.Chem.rdchem.Mol object at 0x7f870f95ad50>
1657	CHEMBL527647	nM	4970.0	O=C([C@@H]1C[C@H](Nc2cccc3ccccc23)CN1)N1Cc2ccccc2C1	4.303643611266668	<rdkit.Chem.rdchem.Mol object at 0x7f870f95adc0>
1658	CHEMBL487872	nM	178000.0	N[C@@H](CCCCNc1ccc2ccccc2c1)C(=O)N1Cc2ccccc2C1	2.749579997691106	<rdkit.Chem.rdchem.Mol object at 0x7f870f95ae30>
1659	CHEMBL488227	nM	244999.99999999983	N[C@@H](CCCCNC(=O)OCc1ccccc1)C(=O)N1Cc2ccccc2C1	2.610833915635468	<rdkit.Chem.rdchem.Mol object at 0x7f870f95aea0>
1660	CHEMBL488226	nM	160999.99999999997	NCCCC[C@H](N)C(=O)N1Cc2ccccc2C1	2.7931741239681505	<rdkit.Chem.rdchem.Mol object at 0x7f870f95af10>
1661	CHEMBL466590	nM	80100.0	CC[C@H](C)[C@H](N)C(=O)N1Cc2ccc(F)cc2C1	3.0963674839157624	<rdkit.Chem.rdchem.Mol object at 0x7f870f95af80>
1662	CHEMBL469890	nM	115000.00000000009	CC[C@H](C)[C@H](N)C(=O)N1Cc2ccccc2C1	2.939302159646388	<rdkit.Chem.rdchem.Mol object at 0x7f870f95aff0>
1663	CHEMBL472128	nM	560.0	N#C[C@@H]1C[C@H](N=[N+]=[N-])CN1C(=O)[C@@H](N)CCCCNc1ccc2ccccc2c1	5.251811972993799	<rdkit.Chem.rdchem.Mol object at 0x7f870f95b060>
1664	CHEMBL518144	nM	2500.0	N#C[C@@H]1C[C@H](N=[N+]=[N-])CN1C(=O)[C@@H](N)CCCCN(c1cccc2ccccc12)c1cccc2ccccc12	4.6020599913279625	<rdkit.Chem.rdchem.Mol object at 0x7f870f95b0d0>
1665	CHEMBL511659	nM	52000.0	CC[C@@H](C)[C@H](N)C(=O)N1C[C@H](N=[N+]=[N-])C[C@H]1C#N	3.2839966563652006	<rdkit.Chem.rdchem.Mol object at 0x7f870f95b140>
1666	CHEMBL471747	nM	530.0	N#C[C@@H]1C[C@H](N=[N+]=[N-])CN1C(=O)[C@@H](N)CCCCNC(=O)OCc1ccccc1	5.275724130399211	<rdkit.Chem.rdchem.Mol object at 0x7f870f95b1b0>
1667	CHEMBL471731	nM	2200.0	N#C[C@@H]1C[C@H](N=[N+]=[N-])CN1C(=O)[C@@H](N)CCCCN	4.657577319177793	<rdkit.Chem.rdchem.Mol object at 0x7f870f95b220>
1668	CHEMBL471547	nM	289.99999999999994	CC[C@@H](C)[C@H](N)C(=O)N1C[C@@H](N=[N+]=[N-])C[C@H]1C#N	5.537602002101044	<rdkit.Chem.rdchem.Mol object at 0x7f870f95b290>
1669	CHEMBL471546	nM	340.0	CC[C@H](C)[C@H](N)C(=O)N1C[C@@H](N=[N+]=[N-])C[C@H]1C#N	5.468521082957745	<rdkit.Chem.rdchem.Mol object at 0x7f870f95b300>
1670	CHEMBL471544	nM	35.0	N#C[C@@H]1CCCN1C(=O)[C@@H](N)CCCCNC(=O)OCc1ccccc1	6.455931955649724	<rdkit.Chem.rdchem.Mol object at 0x7f870f95b370>
1671	CHEMBL461092	nM	3700.0	N[C@@H](CCCCNC(=O)OCc1ccccc1)C(=O)N1CCSC1	4.431798275933005	<rdkit.Chem.rdchem.Mol object at 0x7f870f95b3e0>
1672	CHEMBL461913	nM	51000.0	N#C[C@@H]1CCCCN1C(=O)[C@@H](N)CCCCN	3.2924298239020637	<rdkit.Chem.rdchem.Mol object at 0x7f870f95b450>
1673	CHEMBL461911	nM	500000.0	NCCCC[C@H](N)C(=O)N1CCC(O)C1	2.3010299956639813	<rdkit.Chem.rdchem.Mol object at 0x7f870f95b4c0>
1674	CHEMBL455298	nM	23000.0	NCCCC[C@H](N)C(=O)N1CCSC1	3.638272163982407	<rdkit.Chem.rdchem.Mol object at 0x7f870f95b530>
1675	CHEMBL460887	nM	94000.0	CC[C@H](C)[C@H](N)C(=O)N1CCC(Cl)C1	3.0268721464003012	<rdkit.Chem.rdchem.Mol object at 0x7f870f95b5a0>
1676	CHEMBL460886	nM	3500.0	CC[C@H](C)[C@H](N)C(=O)N1CCC(F)C1	4.455931955649724	<rdkit.Chem.rdchem.Mol object at 0x7f870f95b610>
1677	CHEMBL460885	nM	107000.0	CC[C@H](C)[C@H](N)C(=O)N1CCC(N=[N+]=[N-])C1	2.9706162223147903	<rdkit.Chem.rdchem.Mol object at 0x7f870f95b680>
1678	CHEMBL503809	nM	93000.0	CC[C@H](C)[C@H](N)C(=O)N1CCC(O)C1	3.0315170514460648	<rdkit.Chem.rdchem.Mol object at 0x7f870f95b6f0>
1679	CHEMBL452470	nM	52000.0	CC[C@H](C)[C@H](N)C(=O)N1CC=CCC1	3.2839966563652006	<rdkit.Chem.rdchem.Mol object at 0x7f870f95b760>
1680	CHEMBL461291	nM	15000.0	CC[C@H](C)[C@H](N)C(=O)N1CC=CC1	3.8239087409443187	<rdkit.Chem.rdchem.Mol object at 0x7f870f95b7d0>
1681	CHEMBL446007	nM	374000.0	CC[C@H](C)[C@H](N)C(=O)N1CCCCCC1	2.4271283977995197	<rdkit.Chem.rdchem.Mol object at 0x7f870f95b840>
1682	CHEMBL83418	nM	67000.0	CC[C@H](C)[C@H](N)C(=O)N1CCCCC1	3.1739251972991736	<rdkit.Chem.rdchem.Mol object at 0x7f870f95b8b0>
1683	CHEMBL461496	nM	50400.0	CC[C@H](C)[C@H](N)C(=O)N1CCC1	3.2975694635544746	<rdkit.Chem.rdchem.Mol object at 0x7f870f95b920>
1684	CHEMBL442952	nM	15000.0	CCCC[C@H](N)C(=O)N1CCCC1	3.8239087409443187	<rdkit.Chem.rdchem.Mol object at 0x7f870f95b990>
1685	CHEMBL501521	nM	23100.0	N[C@@H](Cc1c[nH]cn1)C(=O)N1CCCC1	3.6363880201078556	<rdkit.Chem.rdchem.Mol object at 0x7f870f95ba00>
1686	CHEMBL461290	nM	16800.0	N=C(NCCC[C@H](NC(=O)OCc1ccccc1)C(=O)N1CCCC1)NC(=O)OCc1ccccc1	3.774690718274137	<rdkit.Chem.rdchem.Mol object at 0x7f870f95ba70>
1687	CHEMBL461289	nM	12700.0	N=C(N)NCCC[C@H](N)C(=O)N1CCCC1	3.896196279044043	<rdkit.Chem.rdchem.Mol object at 0x7f870f95bae0>
1688	CHEMBL460065	nM	9700.0	N[C@@H](CCCNC(=O)OCc1ccccc1)C(=O)N1CCCC1	4.013228265733755	<rdkit.Chem.rdchem.Mol object at 0x7f870f95bb50>
1689	CHEMBL459643	nM	118000.0	NCCC[C@H](N)C(=O)N1CCCC1	2.9281179926938745	<rdkit.Chem.rdchem.Mol object at 0x7f870f95bbc0>
1690	CHEMBL459642	nM	15600.0	N[C@@H](CCCCNC(=O)OCc1ccccc1)C(=O)N1CCCC1	3.8068754016455384	<rdkit.Chem.rdchem.Mol object at 0x7f870f95bc30>
1691	CHEMBL501126	nM	39000.0	NCCCC[C@H](N)C(=O)N1CCCC1	3.408935392973501	<rdkit.Chem.rdchem.Mol object at 0x7f870f95bca0>
1692	CHEMBL511346	nM	43500.0	N[C@@H](Cc1ccc(O)cc1)C(=O)N1CCCC1	3.3615107430453626	<rdkit.Chem.rdchem.Mol object at 0x7f870f95bd10>
1693	CHEMBL459641	nM	190000.0	N[C@@H](CO)C(=O)N1CCCC1	2.721246399047171	<rdkit.Chem.rdchem.Mol object at 0x7f870f95bd80>
1694	CHEMBL459159	nM	37000.0	N[C@@H](CS)C(=O)N1CCCC1	3.431798275933005	<rdkit.Chem.rdchem.Mol object at 0x7f870f95bdf0>
1695	CHEMBL459438	nM	98000.0	C[C@@H](O)[C@H](N)C(=O)N1CCCC1	3.0087739243075053	<rdkit.Chem.rdchem.Mol object at 0x7f870f95be60>
1696	CHEMBL443373	nM	188000.0	NC(=O)C[C@H](N)C(=O)N1CCCC1	2.72584215073632	<rdkit.Chem.rdchem.Mol object at 0x7f870f95bed0>
1697	CHEMBL453918	nM	21000.0	N[C@@H](Cc1ccccc1)C(=O)N1CCCC1	3.677780705266081	<rdkit.Chem.rdchem.Mol object at 0x7f870f95bf40>
1698	CHEMBL452029	nM	286000.0	N[C@@H](Cc1c[nH]c2ccccc12)C(=O)N1CCCC1	2.543633966870957	<rdkit.Chem.rdchem.Mol object at 0x7f870f95c040>
1699	CHEMBL453574	nM	24000.0	CC(C)C[C@H](N)C(=O)N1CCCC1	3.619788758288394	<rdkit.Chem.rdchem.Mol object at 0x7f870f95c0b0>
1700	CHEMBL453573	nM	3900.0	CC[C@@H](C)[C@H](N)C(=O)N1CCCC1	4.4089353929735005	<rdkit.Chem.rdchem.Mol object at 0x7f870f95c120>
1701	CHEMBL510594	nM	22.0	CC(C)[C@H](N)C(=O)N1CSC[C@H]1B(O)O	6.657577319177793	<rdkit.Chem.rdchem.Mol object at 0x7f870f95c190>
1702	CHEMBL512887	nM	9800.0	N[C@@H](CC(=O)N1CCSC1)C(=O)N1CC[C@H](F)C1	4.008773924307505	<rdkit.Chem.rdchem.Mol object at 0x7f870f95c200>
1703	CHEMBL452290	nM	100.0	C[C@@H](c1ccc(-c2cccc(C(N)=O)c2)cc1)[C@H](N)C(=O)N1CC[C@H](F)C1	6.0	<rdkit.Chem.rdchem.Mol object at 0x7f870f95c270>
1704	CHEMBL452289	nM	32.0	NC(=O)c1cccc(-c2ccc([C@H](N)Cc3cc(F)ccc3F)cc2)c1	6.494850021680094	<rdkit.Chem.rdchem.Mol object at 0x7f870f95c2e0>
1705	CHEMBL512895	nM	71.0	C[C@@H](c1ccc(-c2ccncc2Cl)cc1)[C@H](N)C(=O)N1CC[C@H](F)C1	6.1487416512809245	<rdkit.Chem.rdchem.Mol object at 0x7f870f95c350>
1706	CHEMBL472123	nM	107.0	N[C@H](Cc1cc(F)ccc1F)c1ccc(-c2ccncc2Cl)cc1	5.97061622231479	<rdkit.Chem.rdchem.Mol object at 0x7f870f95c3c0>
1707	CHEMBL442673	nM	110.0	C[C@@H](c1ccc(-c2ccncc2)cc1)[C@H](N)C(=O)N1CC[C@H](F)C1	5.958607314841775	<rdkit.Chem.rdchem.Mol object at 0x7f870f95c430>
1708	CHEMBL471936	nM	253.0	N[C@H](Cc1cc(F)ccc1F)c1ccc(-c2ccncc2)cc1	5.5968794788241825	<rdkit.Chem.rdchem.Mol object at 0x7f870f95c4a0>
1709	CHEMBL472124	nM	245.0	C[C@@H](c1ccc(Br)cc1)[C@H](N)C(=O)N1CC[C@H](F)C1	5.610833915635467	<rdkit.Chem.rdchem.Mol object at 0x7f870f95c510>
1710	CHEMBL504506	nM	1300.0	N[C@H](Cc1cc(F)ccc1F)c1ccc(Br)cc1	4.886056647693163	<rdkit.Chem.rdchem.Mol object at 0x7f870f95c580>
1711	CHEMBL488678	nM	120.0	N[C@@H](CC(=O)N1CCn2c(nnc2C(F)(F)F)C1)CN1CCCCC1=O	5.920818753952375	<rdkit.Chem.rdchem.Mol object at 0x7f870f95c5f0>
1712	CHEMBL452297	nM	85.0	N[C@@H](CC(=O)N1CCCNC(=O)[C@H]1CC(F)(F)F)Cc1ccccc1F	6.070581074285707	<rdkit.Chem.rdchem.Mol object at 0x7f870f95c660>
1713	CHEMBL510073	nM	120.0	N[C@@H](CC(=O)N1CCCNC(=O)[C@H]1CC(F)(F)F)CN1CCCCC1=O	5.920818753952375	<rdkit.Chem.rdchem.Mol object at 0x7f870f95c6d0>
1714	CHEMBL452805	nM	40.0	C[C@@H]1C(=O)NCCCN1C(=O)C[C@H](N)Cc1ccccc1F	6.3979400086720375	<rdkit.Chem.rdchem.Mol object at 0x7f870f95c740>
1715	CHEMBL507738	nM	20.0	C[C@@H]1C(=O)NCCCN1C(=O)C[C@H](N)CN1CCCCC1=O	6.698970004336019	<rdkit.Chem.rdchem.Mol object at 0x7f870f95c7b0>
1716	CHEMBL527198	nM	46.0	C[C@@H](c1nc(-c2ccc(S(C)(=O)=O)cc2Cl)no1)[C@H](N)Cc1cc(F)c(F)cc1F	6.337242168318426	<rdkit.Chem.rdchem.Mol object at 0x7f870f95c820>
1717	CHEMBL488469	nM	40.0	C[C@H](c1nc(-c2ccc(S(C)(=O)=O)cc2Cl)no1)[C@H](N)C(=O)N1CC[C@H](F)C1	6.3979400086720375	<rdkit.Chem.rdchem.Mol object at 0x7f870f95c890>
1718	CHEMBL519591	nM	600.0	C[C@@H](c1nc(-c2ccc(Cl)cc2Cl)no1)[C@H](N)Cc1cc(F)c(F)cc1F	5.221848749616356	<rdkit.Chem.rdchem.Mol object at 0x7f870f95c900>
1719	CHEMBL487630	nM	615.0	C[C@H](c1nc(-c2ccc(Cl)cc2Cl)no1)[C@H](N)C(=O)N1CC[C@H](F)C1	5.211124884224583	<rdkit.Chem.rdchem.Mol object at 0x7f870f95c970>
1720	CHEMBL520067	nM	4400.0	C[C@@H](c1nc(-c2ccc(OC(F)(F)F)cc2)no1)[C@H](N)Cc1cc(F)ccc1F	4.356547323513813	<rdkit.Chem.rdchem.Mol object at 0x7f870f95c9e0>
1721	CHEMBL507719	nM	55.0	Cc1noc(C(=O)C[C@H](N)Cc2cc(F)ccc2F)n1	6.259637310505756	<rdkit.Chem.rdchem.Mol object at 0x7f870f95ca50>
1722	CHEMBL488637	nM	8800.0	Cc1noc(C(=O)C[C@H](N)C(=O)N2CC[C@H](F)C2)n1	4.055517327849832	<rdkit.Chem.rdchem.Mol object at 0x7f870f95cac0>
1723	CHEMBL488484	nM	200.0	N[C@@H](CC(=O)N1CCC[C@H]1CO)Cc1cc(F)ccc1F	5.698970004336019	<rdkit.Chem.rdchem.Mol object at 0x7f870f95cb30>
1724	CHEMBL527424	nM	9200.0	N[C@@H](CC(=O)N1CCC[C@H]1CO)C(=O)N1CC[C@H](F)C1	4.036212172654444	<rdkit.Chem.rdchem.Mol object at 0x7f870f95cba0>
1725	CHEMBL513425	nM	70.00000000000003	N[C@@H](CC(=O)N1CCCCCN1C(=O)c1ccccc1)Cc1cc(F)c(F)cc1F	6.154901959985743	<rdkit.Chem.rdchem.Mol object at 0x7f870f95cc10>
1726	CHEMBL519139	nM	1440.0	Cl.N[C@@H](CC(=O)N1CCCNCC1)Cc1cc(F)c(F)cc1F	4.841637507904751	<rdkit.Chem.rdchem.Mol object at 0x7f870f95cc80>
1727	CHEMBL482338	nM	510.0	Cl.N[C@@H](CC(=O)N1CCCN(C(=O)c2ccccc2)CC1)Cc1cc(F)c(F)cc1F	5.292429823902063	<rdkit.Chem.rdchem.Mol object at 0x7f870f95ccf0>
1728	CHEMBL480549	nM	3400.0	CC(=O)N1CCCN(C(=O)C[C@H](N)Cc2cc(F)c(F)cc2F)CC1.Cl	4.468521082957745	<rdkit.Chem.rdchem.Mol object at 0x7f870f95cd60>
1729	CHEMBL480550	nM	490.0	Cl.N[C@@H](CC(=O)N1CCCN(C(=O)c2ccc3c(c2)OCO3)CC1)Cc1cc(F)c(F)cc1F	5.309803919971486	<rdkit.Chem.rdchem.Mol object at 0x7f870f95cdd0>
1730	CHEMBL481554	nM	410.0	Cl.N[C@@H](CC(=O)N1CCCN(C(=O)c2cccnc2)CC1)Cc1cc(F)c(F)cc1F	5.3872161432802645	<rdkit.Chem.rdchem.Mol object at 0x7f870f95ce40>
1731	CHEMBL481714	nM	490.0	Cl.N[C@@H](CC(=O)N1CCCN(C(=O)OCc2ccccc2)CC1)Cc1cc(F)c(F)cc1F	5.309803919971486	<rdkit.Chem.rdchem.Mol object at 0x7f870f95ceb0>
1732	CHEMBL521267	nM	1392.0	Cl.N[C@@H](CC(=O)N1CCCN(C(=O)Nc2ccccc2)CC1)Cc1cc(F)c(F)cc1F	4.856360764725457	<rdkit.Chem.rdchem.Mol object at 0x7f870f95cf20>
1733	CHEMBL481725	nM	1500.0	CN1CCN(C(=O)N2CCCN(C(=O)C[C@H](N)Cc3cc(F)c(F)cc3F)CC2)CC1.Cl	4.823908740944319	<rdkit.Chem.rdchem.Mol object at 0x7f870f95cf90>
1734	CHEMBL481897	nM	350.0	Cc1ccc(S(=O)(=O)N2CCCN(C(=O)C[C@H](N)Cc3cc(F)c(F)cc3F)CC2)cc1.Cl	5.455931955649724	<rdkit.Chem.rdchem.Mol object at 0x7f870f95d000>
1735	CHEMBL482070	nM	3100.0	CS(=O)(=O)N1CCCN(C(=O)C[C@H](N)Cc2cc(F)c(F)cc2F)CC1.Cl	4.508638306165727	<rdkit.Chem.rdchem.Mol object at 0x7f870f95d070>
1736	CHEMBL482071	nM	405.0	Cl.N[C@@H](CC(=O)N1CCCN(S(=O)(=O)c2ccc([N+](=O)[O-])cc2)CC1)Cc1cc(F)c(F)cc1F	5.392544976785332	<rdkit.Chem.rdchem.Mol object at 0x7f870f95d0e0>
1737	CHEMBL520089	nM	387.0	Cl.N[C@@H](CC(=O)N1CCCN(Cc2ccccc2)CC1)Cc1cc(F)c(F)cc1F	5.412289034981089	<rdkit.Chem.rdchem.Mol object at 0x7f870f95d150>
1738	CHEMBL481157	nM	6400.0	CCN1CCCN(C(=O)C[C@H](N)Cc2cc(F)c(F)cc2F)CC1.Cl	4.1938200260161125	<rdkit.Chem.rdchem.Mol object at 0x7f870f95d1c0>
1739	CHEMBL519773	nM	597.0	Cl.N[C@@H](CC(=O)N1CCCN(c2ncccn2)CC1)Cc1cc(F)c(F)cc1F	5.224025668870631	<rdkit.Chem.rdchem.Mol object at 0x7f870f95d230>
1740	CHEMBL481158	nM	423.0	Cl.N[C@@H](CC(=O)N1CCCN(c2cnccn2)CC1)Cc1cc(F)c(F)cc1F	5.373659632624958	<rdkit.Chem.rdchem.Mol object at 0x7f870f95d2a0>
1741	CHEMBL482154	nM	223.0	Cl.N[C@@H](CC(=O)N1CCCN(C(=O)c2ccc(C(=O)O)cc2)CC1)Cc1cc(F)c(F)cc1F	5.651695136951839	<rdkit.Chem.rdchem.Mol object at 0x7f870f95d310>
1742	CHEMBL474630	nM	239.0	Cl.N[C@@H](CC(=O)N1CCCN(S(=O)(=O)c2ccc(C(=O)O)cc2)CC1)Cc1cc(F)c(F)cc1F	5.621602099051862	<rdkit.Chem.rdchem.Mol object at 0x7f870f95d380>
1743	CHEMBL474631	nM	788.0	Cl.N[C@@H](CC(=O)N1CCCN(C(=O)Nc2ccc(C(=O)O)cc2)CC1)Cc1cc(F)c(F)cc1F	5.103473782510445	<rdkit.Chem.rdchem.Mol object at 0x7f870f95d3f0>
1744	CHEMBL474794	nM	180.0	Cl.NC(=O)c1ccc(C(=O)N2CCCN(C(=O)C[C@H](N)Cc3cc(F)c(F)cc3F)CC2)cc1	5.7447274948966935	<rdkit.Chem.rdchem.Mol object at 0x7f870f95d460>
1745	CHEMBL474812	nM	288.0	Cl.N[C@@H](CC(=O)N1CCCN(C(=O)c2ccc(S(N)(=O)=O)cc2)CC1)Cc1cc(F)c(F)cc1F	5.540607512240769	<rdkit.Chem.rdchem.Mol object at 0x7f870f95d4d0>
1746	CHEMBL474813	nM	150.0	Cl.N[C@@H](CC(=O)N1CCCN(C(=O)c2ccc(C(=O)O)nc2)CC1)Cc1cc(F)c(F)cc1F	5.823908740944319	<rdkit.Chem.rdchem.Mol object at 0x7f870f95d540>
1747	CHEMBL475654	nM	50.0	Cl.N[C@@H](CC(=O)N1CCCN(C(=O)c2cccc(C(=O)O)c2)CC1)Cc1cc(F)c(F)cc1F	6.301029995663981	<rdkit.Chem.rdchem.Mol object at 0x7f870f95d5b0>
1748	CHEMBL475655	nM	67.0	Cl.N[C@@H](CC(=O)N1CCCN(C(=O)c2cncc(C(=O)O)c2)CC1)Cc1cc(F)c(F)cc1F	6.173925197299173	<rdkit.Chem.rdchem.Mol object at 0x7f870f95d620>
1749	CHEMBL473830	nM	260.0	Cl.N[C@@H](CC(=O)N1CCCN(C(=O)c2ccc(C(=O)O)o2)CC1)Cc1cc(F)c(F)cc1F	5.585026652029182	<rdkit.Chem.rdchem.Mol object at 0x7f870f95d690>
1750	CHEMBL515387	nM	12.07352475460253	O=C([C@@H]1C[C@H](N2CCN(c3ncccn3)CC2)CN1)N1CCC(F)(F)C1	6.918165923108665	<rdkit.Chem.rdchem.Mol object at 0x7f870f95d700>
1751	CHEMBL475246	nM	8.7	O=C([C@@H]1C[C@H](N2CCN(c3noc4ccccc34)CC2)CN1)N1CCC(F)(F)C1	7.060480747381382	<rdkit.Chem.rdchem.Mol object at 0x7f870f95d770>
1752	CHEMBL515597	nM	8.2	O=C([C@@H]1C[C@H](N2CCN(c3nc4ccccc4o3)CC2)CN1)N1CCC(F)(F)C1	7.086186147616283	<rdkit.Chem.rdchem.Mol object at 0x7f870f95d7e0>
1753	CHEMBL475574	nM	5.8	O=C([C@@H]1C[C@H](N2CCN(c3nc4cnccc4o3)CC2)CN1)N1CCC(F)(F)C1	7.236572006437063	<rdkit.Chem.rdchem.Mol object at 0x7f870f95d850>
1754	CHEMBL475573	nM	7.4	O=C([C@@H]1C[C@H](N2CCN(c3nc4ccncc4o3)CC2)CN1)N1CCC(F)(F)C1	7.130768280269024	<rdkit.Chem.rdchem.Mol object at 0x7f870f95d8c0>
1755	CHEMBL474409	nM	5.6	O=C([C@@H]1C[C@H](N2CCN(c3cnccn3)CC2)CN1)N1CCC(F)(F)C1	7.251811972993799	<rdkit.Chem.rdchem.Mol object at 0x7f870f95d930>
1756	CHEMBL514011	nM	4.8	N#Cc1cccnc1N1CCN([C@@H]2CN[C@H](C(=O)N3CCC(F)(F)C3)C2)CC1	7.318758762624412	<rdkit.Chem.rdchem.Mol object at 0x7f870f95d9a0>
1757	CHEMBL474410	nM	5.2	O=C([C@@H]1C[C@H](N2CCN(c3ccc(C(F)(F)F)cn3)CC2)CN1)N1CCC(F)(F)C1	7.2839966563652006	<rdkit.Chem.rdchem.Mol object at 0x7f870f95da10>
1758	CHEMBL475586	nM	5.2	O=C([C@@H]1C[C@H](N2CCN(c3nc4cccnc4o3)CC2)CN1)N1CCC(F)(F)C1	7.2839966563652006	<rdkit.Chem.rdchem.Mol object at 0x7f870f95da80>
1759	CHEMBL473419	nM	51.0	O=C([C@@H]1C[C@H](N2CCN(c3ncccn3)CC2)CN1)N1CC[C@@H](F)C1	6.292429823902063	<rdkit.Chem.rdchem.Mol object at 0x7f870f95daf0>
1760	CHEMBL473418	nM	31.0	O=C([C@@H]1C[C@H](N2CCN(c3ncccn3)CC2)CN1)N1CCCC1	6.508638306165727	<rdkit.Chem.rdchem.Mol object at 0x7f870f95db60>
1761	CHEMBL514623	nM	31.0	O=C([C@@H]1C[C@H](N2CCN(c3ncccn3)CC2)CN1)N1CC[C@H](F)C1	6.508638306165727	<rdkit.Chem.rdchem.Mol object at 0x7f870f95dbd0>
1762	CHEMBL474421	nM	13.0	O=C([C@@H]1C[C@H](N2CCN(c3ncccn3)CC2)CN1)N1C[C@@H](F)[C@@H](F)C1	6.886056647693163	<rdkit.Chem.rdchem.Mol object at 0x7f870f95dc40>
1763	CHEMBL472992	nM	309.0	O=C([C@@H]1C[C@H](N2CCN(c3ncccn3)CC2)CN1)N1C[C@@H](F)[C@H](F)C1	5.510041520575165	<rdkit.Chem.rdchem.Mol object at 0x7f870f95dcb0>
1764	CHEMBL515869	nM	25.0	O=C([C@@H]1C[C@H](N2CCN(c3ncccn3)CC2)CN1)N1CC(F)(F)C(F)(F)C1	6.6020599913279625	<rdkit.Chem.rdchem.Mol object at 0x7f870f95dd20>
1765	CHEMBL472993	nM	309.0	O=C([C@@H]1C[C@H](N2CCN(c3ncccn3)CC2)CN1)N1CCC1	5.510041520575165	<rdkit.Chem.rdchem.Mol object at 0x7f870f95dd90>
1766	CHEMBL473188	nM	41.0	O=C([C@@H]1C[C@H](N2CCN(c3ncccn3)CC2)CN1)N1CC(F)C1	6.3872161432802645	<rdkit.Chem.rdchem.Mol object at 0x7f870f95de00>
1767	CHEMBL514935	nM	134.0	O=C([C@@H]1C[C@H](N2CCN(c3ncccn3)CC2)CN1)N1CC(F)(F)C1	5.872895201635193	<rdkit.Chem.rdchem.Mol object at 0x7f870f95de70>
1768	CHEMBL472995	nM	338.0	O=C([C@@H]1C[C@@H](N2CCN(c3ncccn3)CC2)CN1)N1CCC(F)(F)C1	5.471083299722345	<rdkit.Chem.rdchem.Mol object at 0x7f870f95dee0>
1769	CHEMBL517072	nM	71.0	N[C@@H](CC(=O)N1CCn2c(nnc2C(F)(F)C(F)(F)F)C1)Cc1cc(F)c(F)cc1F	6.1487416512809245	<rdkit.Chem.rdchem.Mol object at 0x7f870f95df50>
1770	CHEMBL479370	nM	68.0	N[C@@H](CC(=O)N1CCn2cnnc2C1)Cc1cc(F)c(F)cc1F	6.167491087293763	<rdkit.Chem.rdchem.Mol object at 0x7f870f95dfc0>
1771	CHEMBL50	nM	9776.072831152605	O=c1c(O)c(-c2ccc(O)c(O)c2)oc2cc(O)cc(O)c12	4.009835571621789	<rdkit.Chem.rdchem.Mol object at 0x7f870f95e030>
1772	CHEMBL150	nM	1807.8440198202936	O=c1c(O)c(-c2ccc(O)cc2)oc2cc(O)cc(O)c12	4.742839043027469	<rdkit.Chem.rdchem.Mol object at 0x7f870f95e0a0>
1773	CHEMBL226335	nM	145000.0	C[C@@H]1O[C@@H](OC[C@H]2O[C@@H](Oc3c(-c4ccc(O)c(O)c4)oc4cc(O)cc(O)c4c3=O)[C@H](O)[C@@H](O)[C@@H]2O)[C@H](O)[C@H](O)[C@H]1O	2.838631997765025	<rdkit.Chem.rdchem.Mol object at 0x7f870f95e110>
1774	CHEMBL485818	nM	225000.0	O=C(O)[C@H]1O[C@@H](Oc2cc3oc(-c4ccccc4)cc(=O)c3c(O)c2O)[C@H](O)[C@@H](O)[C@@H]1O	2.6478174818886373	<rdkit.Chem.rdchem.Mol object at 0x7f870f95e180>
1775	CHEMBL479380	nM	165.0	N#Cc1ccc(N2C[C@@H]3[C@H](C2)[C@H]3NCC(=O)N2C[C@@H](F)C[C@H]2C#N)cc1	5.782516055786093	<rdkit.Chem.rdchem.Mol object at 0x7f870f95e1f0>
1776	CHEMBL480712	nM	93.0	N#Cc1ccc(N2C[C@@H]3[C@H](C2)[C@H]3NCC(=O)N2CC(F)(F)C[C@H]2C#N)nc1	6.031517051446065	<rdkit.Chem.rdchem.Mol object at 0x7f870f95e260>
1777	CHEMBL519272	nM	1300.0	N#C[C@@H]1C[C@H](F)CN1C(=O)CN[C@H]1[C@@H]2CN(c3ncccc3Cl)C[C@@H]21	4.886056647693163	<rdkit.Chem.rdchem.Mol object at 0x7f870f95e2d0>
1778	CHEMBL452998	nM	91.0	N#Cc1cccnc1N1C[C@@H]2[C@H](C1)[C@H]2NCC(=O)N1C[C@@H](F)C[C@H]1C#N	6.040958607678906	<rdkit.Chem.rdchem.Mol object at 0x7f870f95e340>
1779	CHEMBL480705	nM	78.0	N#C[C@@H]1C[C@H](F)CN1C(=O)CN[C@H]1[C@@H]2CN(c3ncccc3[N+](=O)[O-])C[C@@H]21	6.107905397309519	<rdkit.Chem.rdchem.Mol object at 0x7f870f95e3b0>
1780	CHEMBL519265	nM	147.0	N#Cc1ccc(N2C[C@@H]3[C@H](C2)[C@H]3NCC(=O)N2C[C@@H](F)C[C@H]2C#N)nc1	5.8326826652518236	<rdkit.Chem.rdchem.Mol object at 0x7f870f95e420>
1781	CHEMBL480324	nM	123.0	N#C[C@@H]1C[C@H](F)CN1C(=O)CN[C@H]1[C@@H]2CN(c3ccc(C(F)(F)F)cn3)C[C@@H]21	5.910094888560602	<rdkit.Chem.rdchem.Mol object at 0x7f870f95e490>
1782	CHEMBL479736	nM	85.0	N#C[C@@H]1C[C@H](F)CN1C(=O)CN[C@H]1[C@@H]2CN(c3ccc([N+](=O)[O-])cn3)C[C@@H]21	6.070581074285707	<rdkit.Chem.rdchem.Mol object at 0x7f870f95e500>
1783	CHEMBL471956	nM	49.0	N#C[C@@H]1C[C@H](F)CN1C(=O)CN[C@H]1[C@@H]2CN(c3ccc(Cl)cn3)C[C@@H]21	6.309803919971486	<rdkit.Chem.rdchem.Mol object at 0x7f870f95e570>
1784	CHEMBL511125	nM	27.0	N#C[C@@H]1C[C@H](F)CN1C(=O)CN[C@H]1[C@@H]2CN(c3ccccn3)C[C@@H]21	6.568636235841013	<rdkit.Chem.rdchem.Mol object at 0x7f870f95e5e0>
1785	CHEMBL509391	nM	3670.0	N#C[C@@H]1C[C@H](F)CN1C(=O)CN[C@H]1[C@@H]2CN(c3nccc4ccccc34)C[C@@H]21	4.435333935747911	<rdkit.Chem.rdchem.Mol object at 0x7f870f95e650>
1786	CHEMBL480537	nM	221.0	N#C[C@@H]1C[C@H](F)CN1C(=O)CN[C@H]1[C@@H]2CN(c3nc4ccccc4o3)C[C@@H]21	5.655607726314889	<rdkit.Chem.rdchem.Mol object at 0x7f870f95e6c0>
1787	CHEMBL480536	nM	186.0	N#C[C@@H]1C[C@H](F)CN1C(=O)CN[C@H]1[C@@H]2CN(c3nc4ccccc4s3)C[C@@H]21	5.730487055782084	<rdkit.Chem.rdchem.Mol object at 0x7f870f95e730>
1788	CHEMBL482104	nM	186.0	N#C[C@@H]1C[C@H](F)CN1C(=O)CN[C@H]1[C@@H]2CN(c3cnc4ccccc4n3)C[C@@H]21	5.730487055782084	<rdkit.Chem.rdchem.Mol object at 0x7f870f95e7a0>
1789	CHEMBL479983	nM	146.0	N#C[C@@H]1C[C@H](F)CN1C(=O)CN[C@H]1[C@@H]2CN(c3nccs3)C[C@@H]21	5.835647144215563	<rdkit.Chem.rdchem.Mol object at 0x7f870f95e810>
1790	CHEMBL482262	nM	181.0	N#C[C@@H]1C[C@H](F)CN1C(=O)CN[C@H]1[C@@H]2CN(c3nccc(C(F)(F)F)n3)C[C@@H]21	5.7423214251308154	<rdkit.Chem.rdchem.Mol object at 0x7f870f95e880>
1791	CHEMBL482261	nM	84.0	N#C[C@@H]1C[C@H](F)CN1C(=O)CN[C@H]1[C@@H]2CN(c3ncccn3)C[C@@H]21	6.075720713938118	<rdkit.Chem.rdchem.Mol object at 0x7f870f95e8f0>
1792	CHEMBL480943	nM	1715.0	N#Cc1ccc(N2C[C@@H]3[C@H](C2)[C@H]3NCC(=O)N2C[C@@H](F)C[C@H]2C#N)c2ccccc12	4.7657358756212105	<rdkit.Chem.rdchem.Mol object at 0x7f870f95e960>
1793	CHEMBL480942	nM	118.0	N#Cc1cc(F)cc(N2C[C@@H]3[C@H](C2)[C@H]3NCC(=O)N2C[C@@H](F)C[C@H]2C#N)c1	5.928117992693875	<rdkit.Chem.rdchem.Mol object at 0x7f870f95e9d0>
1794	CHEMBL520921	nM	630.0	N#Cc1c(F)cc(F)cc1N1C[C@@H]2[C@H](C1)[C@H]2NCC(=O)N1C[C@@H](F)C[C@H]1C#N	5.200659450546418	<rdkit.Chem.rdchem.Mol object at 0x7f870f95ea40>
1795	CHEMBL479803	nM	422.0	N#Cc1cc(F)ccc1N1C[C@@H]2[C@H](C1)[C@H]2NCC(=O)N1C[C@@H](F)C[C@H]1C#N	5.374687549038326	<rdkit.Chem.rdchem.Mol object at 0x7f870f95eab0>
1796	CHEMBL480781	nM	141.0	N#Cc1cc(C(F)(F)F)ccc1N1C[C@@H]2[C@H](C1)[C@H]2NCC(=O)N1C[C@@H](F)C[C@H]1C#N	5.85078088734462	<rdkit.Chem.rdchem.Mol object at 0x7f870f95eb20>
1797	CHEMBL479794	nM	92.0	N#Cc1c(F)cccc1N1C[C@@H]2[C@H](C1)[C@H]2NCC(=O)N1C[C@@H](F)C[C@H]1C#N	6.036212172654444	<rdkit.Chem.rdchem.Mol object at 0x7f870f95eb90>
1798	CHEMBL481177	nM	63.0	N#Cc1cccc(F)c1N1C[C@@H]2[C@H](C1)[C@H]2NCC(=O)N1C[C@@H](F)C[C@H]1C#N	6.200659450546418	<rdkit.Chem.rdchem.Mol object at 0x7f870f95ec00>
1799	CHEMBL520266	nM	42.0	N#Cc1c(N2C[C@@H]3[C@H](C2)[C@H]3NCC(=O)N2C[C@@H](F)C[C@H]2C#N)cccc1C(F)(F)F	6.376750709602099	<rdkit.Chem.rdchem.Mol object at 0x7f870f95ec70>
1800	CHEMBL479538	nM	31.0	N#Cc1c(Cl)cccc1N1C[C@@H]2[C@H](C1)[C@H]2NCC(=O)N1C[C@@H](F)C[C@H]1C#N	6.508638306165727	<rdkit.Chem.rdchem.Mol object at 0x7f870f95ece0>
1801	CHEMBL471960	nM	51.0	N#Cc1ccccc1N1C[C@@H]2[C@H](C1)[C@H]2NCC(=O)N1C[C@@H](F)C[C@H]1C#N	6.292429823902063	<rdkit.Chem.rdchem.Mol object at 0x7f870f95ed50>
1802	CHEMBL471785	nM	3740.0	N#C[C@@H]1C[C@H](F)CN1C(=O)CN[C@H]1[C@@H]2CN(c3ccc(C(=O)NC4CC4)cc3)C[C@@H]21	4.42712839779952	<rdkit.Chem.rdchem.Mol object at 0x7f870f95edc0>
1803	CHEMBL471784	nM	3430.0	CNC(=O)c1ccc(N2C[C@@H]3[C@H](C2)[C@H]3NCC(=O)N2C[C@@H](F)C[C@H]2C#N)cc1	4.464705879957229	<rdkit.Chem.rdchem.Mol object at 0x7f870f95ee30>
1804	CHEMBL480155	nM	95.0	N#C[C@@H]1C[C@H](F)CN1C(=O)CN[C@H]1[C@@H]2CN(c3ccc(C(N)=O)cc3)C[C@@H]21	6.022276394711152	<rdkit.Chem.rdchem.Mol object at 0x7f870f95eea0>
1805	CHEMBL480154	nM	229.0	CCOC(=O)c1ccc(N2C[C@@H]3[C@H](C2)[C@H]3NCC(=O)N2C[C@@H](F)C[C@H]2C#N)cc1	5.640164517660112	<rdkit.Chem.rdchem.Mol object at 0x7f870f95ef10>
1806	CHEMBL480914	nM	109.0	CC(=O)c1ccc(N2C[C@@H]3[C@H](C2)[C@H]3NCC(=O)N2C[C@@H](F)C[C@H]2C#N)cc1	5.962573502059376	<rdkit.Chem.rdchem.Mol object at 0x7f870f95ef80>
1807	CHEMBL480913	nM	2540.0	N#Cc1ccc(N2C[C@@H]3[C@H](C2)[C@H]3NCC(=O)N2C[C@@H](F)C[C@H]2C#N)cc1C(F)(F)F	4.5951662833800615	<rdkit.Chem.rdchem.Mol object at 0x7f870f95eff0>
1808	CHEMBL481288	nM	59.0	N#Cc1ccc(N2C[C@@H]3[C@H](C2)[C@H]3NCC(=O)N2C[C@@H](F)C[C@H]2C#N)c(C(F)(F)F)c1	6.229147988357856	<rdkit.Chem.rdchem.Mol object at 0x7f870f95f060>
1809	CHEMBL481290	nM	152.0	N#Cc1ccc(N2C[C@@H]3[C@H](C2)[C@H]3NCC(=O)N2C[C@@H](F)C[C@H]2C#N)cc1Cl	5.818156412055227	<rdkit.Chem.rdchem.Mol object at 0x7f870f95f0d0>
1810	CHEMBL481669	nM	95.0	N#Cc1ccc(N2C[C@@H]3[C@H](C2)[C@H]3NCC(=O)N2C[C@@H](F)C[C@H]2C#N)c(Cl)c1	6.022276394711152	<rdkit.Chem.rdchem.Mol object at 0x7f870f95f140>
1811	CHEMBL520434	nM	38.0	N#Cc1c(F)cc(N2C[C@@H]3[C@H](C2)[C@H]3NCC(=O)N2C[C@@H](F)C[C@H]2C#N)cc1F	6.42021640338319	<rdkit.Chem.rdchem.Mol object at 0x7f870f95f1b0>
1812	CHEMBL479567	nM	110.0	N#Cc1ccc(N2C[C@@H]3[C@H](C2)[C@H]3NCC(=O)N2C[C@@H](F)C[C@H]2C#N)cc1F	5.958607314841775	<rdkit.Chem.rdchem.Mol object at 0x7f870f95f220>
1813	CHEMBL479381	nM	153.0	N#Cc1ccc(N2C[C@@H]3[C@H](C2)[C@H]3NCC(=O)N2C[C@@H](F)C[C@H]2C#N)c(F)c1	5.815308569182402	<rdkit.Chem.rdchem.Mol object at 0x7f870f95f290>
1814	CHEMBL184651	nM	140.0	N#Cc1ccc(NCCNCC(=O)N2N=CCC2C#N)nc1	5.853871964321762	<rdkit.Chem.rdchem.Mol object at 0x7f870f95f300>
1815	CHEMBL515378	nM	251.0	CC(C)(C)C(NC(=O)C[C@@H](N)C(=O)N1CCC[C@H]1C#N)c1ccccc1	5.600326278518962	<rdkit.Chem.rdchem.Mol object at 0x7f870f95f370>
1816	CHEMBL461117	nM	0.6	CC[C@H](C)[C@H](N)C(=O)N1C[C@@H](F)C[C@H]1C#N	8.221848749616356	<rdkit.Chem.rdchem.Mol object at 0x7f870f95f3e0>
1817	CHEMBL456413	nM	22.0	N#C[C@H]1C[C@@H](F)CN1C(=O)[C@@H](N)C(c1ccc(F)cc1)c1ccc(F)cc1	6.657577319177793	<rdkit.Chem.rdchem.Mol object at 0x7f870f95f450>
1818	CHEMBL456419	nM	6.2	CC1(NCC(=O)N2C[C@H](F)C[C@@H]2C#N)CCN(S(C)(=O)=O)CC1	7.2076083105017466	<rdkit.Chem.rdchem.Mol object at 0x7f870f95f4c0>
1819	CHEMBL456420	nM	0.13	N#Cc1ccc(N[C@@H]2CNC(C(=O)N3CCC[C@H]3C#N)C2)cc1C#N	8.886056647693163	<rdkit.Chem.rdchem.Mol object at 0x7f870f95f530>
1820	CHEMBL445437	nM	0.15	N#Cc1ccc(N[C@@H]2CNC(C(=O)N3CCC[C@H]3C#N)C2)cc1Cl	8.823908740944319	<rdkit.Chem.rdchem.Mol object at 0x7f870f95f5a0>
1821	CHEMBL459357	nM	4.3	CN(C)C(=O)[C@@H](c1ccc(C2=CN3N=CNC3C=C2)cc1)[C@H](N)C(=O)N1CC[C@H](F)C1	7.366531544420414	<rdkit.Chem.rdchem.Mol object at 0x7f870f95f610>
1822	CHEMBL460842	nM	8.0	O=C(CNC12CC3CC(CC(C3)C1)C2)N1CCC[C@H]1B(O)O	7.096910013008056	<rdkit.Chem.rdchem.Mol object at 0x7f870f95f680>
1823	CHEMBL445949	nM	0.48	CC(C)[C@H](Oc1ccc(CNC(=O)[C@@H]2CCCN2C(=O)C[C@H](N)Cc2cc(F)ccc2F)cc1)C(=O)O.O=C(O)C(F)(F)F	8.318758762624412	<rdkit.Chem.rdchem.Mol object at 0x7f870f95f6f0>
1824	CHEMBL459591	nM	18.0	CC(C)=CCN1C(C2CC[C@H]3NCC[C@@H]23)=NC2C1C(=O)N(CC(=O)c1ccccc1)C(=O)N2C	6.7447274948966935	<rdkit.Chem.rdchem.Mol object at 0x7f870f95f760>
1825	CHEMBL459807	nM	2.28	COc1ccccc1N1CCc2nc(C)c(CN)c(-c3ccc(Cl)cc3Cl)c2C1=O	7.642065152999546	<rdkit.Chem.rdchem.Mol object at 0x7f870f95f7d0>
1826	CHEMBL460013	nM	6030.000000000003	CC(N)/C(F)=C1\CCC[C@@H]1C#N.Cl	4.219682687859849	<rdkit.Chem.rdchem.Mol object at 0x7f870f95f840>
1827	CHEMBL473166	nM	85.0	CC(C)(CC(=O)N[C@H]1C[C@@H]1c1ccccc1)NCC(=O)N1CCC[C@H]1C#N	6.070581074285707	<rdkit.Chem.rdchem.Mol object at 0x7f870f95f8b0>
1828	CHEMBL514617	nM	54.0	CC(C)(CC(=O)N[C@H]1C[C@@H]1c1ccc(F)cc1)NCC(=O)N1CCC[C@H]1C#N	6.267606240177032	<rdkit.Chem.rdchem.Mol object at 0x7f870f95f920>
1829	CHEMBL473172	nM	64.0	CC(C)(CC(=O)N[C@H]1C[C@@H]1c1cccc(F)c1)NCC(=O)N1CCC[C@H]1C#N	6.1938200260161125	<rdkit.Chem.rdchem.Mol object at 0x7f870f95f990>
1830	CHEMBL515552	nM	84.0	CC(C)(CC(=O)N[C@H]1C[C@@H]1c1ccc(F)cc1F)NCC(=O)N1CCC[C@H]1C#N	6.075720713938118	<rdkit.Chem.rdchem.Mol object at 0x7f870f95fa00>
1831	CHEMBL472976	nM	75.0	CC(C)(CC(=O)N[C@H]1C[C@@H]1c1cc(F)cc(F)c1)NCC(=O)N1CCC[C@H]1C#N	6.1249387366083	<rdkit.Chem.rdchem.Mol object at 0x7f870f95fa70>
1832	CHEMBL472977	nM	62.0	CC(C)(CC(=O)N[C@H]1C[C@@H]1c1ccc(F)c(F)c1)NCC(=O)N1CCC[C@H]1C#N	6.2076083105017466	<rdkit.Chem.rdchem.Mol object at 0x7f870f95fae0>
1833	CHEMBL473176	nM	85.0	CC(C)(CC(=O)N[C@H]1C[C@@H]1c1ccc(C(F)(F)F)cc1)NCC(=O)N1CCC[C@H]1C#N	6.070581074285707	<rdkit.Chem.rdchem.Mol object at 0x7f870f95fb50>
1834	CHEMBL473973	nM	60.0	CC(C)(CC(=O)N[C@H]1C[C@@H]1c1cccc(C(F)(F)F)c1)NCC(=O)N1CCC[C@H]1C#N	6.221848749616356	<rdkit.Chem.rdchem.Mol object at 0x7f870f95fbc0>
1835	CHEMBL474559	nM	73.0	CC(C)(CC(=O)N[C@H]1C[C@@H]1c1cccc(OC(F)(F)F)c1)NCC(=O)N1CCC[C@H]1C#N	6.136677139879544	<rdkit.Chem.rdchem.Mol object at 0x7f870f95fc30>
1836	CHEMBL474560	nM	86.0	CC(C)(CC(=O)N[C@H]1C[C@@H]1c1ccc(Cl)cc1)NCC(=O)N1CCC[C@H]1C#N	6.0655015487564325	<rdkit.Chem.rdchem.Mol object at 0x7f870f95fca0>
1837	CHEMBL463481	nM	46.99999999999999	CC(C)(CC(=O)N[C@H]1C[C@@H]1c1cccc(Cl)c1)NCC(=O)N1CCC[C@H]1C#N	6.327902142064283	<rdkit.Chem.rdchem.Mol object at 0x7f870f95fd10>
1838	CHEMBL474959	nM	68.0	CC(C)(CC(=O)N[C@H]1C[C@@H]1c1ccc(Cl)c(Cl)c1)NCC(=O)N1CCC[C@H]1C#N	6.167491087293763	<rdkit.Chem.rdchem.Mol object at 0x7f870f95fd80>
1839	CHEMBL474960	nM	101.0	COc1ccc([C@H]2C[C@@H]2NC(=O)CC(C)(C)NCC(=O)N2CCC[C@H]2C#N)cc1OC	5.995678626217358	<rdkit.Chem.rdchem.Mol object at 0x7f870f95fdf0>
1840	CHEMBL472797	nM	24.0	CC(C)(CC(=O)N[C@H]1C[C@@H]1c1cccnc1)NCC(=O)N1C[C@@H](F)C[C@H]1C#N	6.619788758288394	<rdkit.Chem.rdchem.Mol object at 0x7f870f95fe60>
1841	CHEMBL474767	nM	12.247448713915889	Cc1ncsc1[C@H]1C[C@@H]1NC(=O)CC(C)(C)NCC(=O)N1C[C@@H](F)C[C@H]1C#N	6.911954370472159	<rdkit.Chem.rdchem.Mol object at 0x7f870f95fed0>
1842	CHEMBL474768	nM	56.0	CC(C)(CC(=O)N[C@@H]1C[C@H]1c1cccc(Cl)c1)NCC(=O)N1CCC[C@H]1C#N	6.251811972993799	<rdkit.Chem.rdchem.Mol object at 0x7f870f95ff40>
1843	CHEMBL447393	nM	27.0	CC(C)(CC(=O)N[C@@H]1C[C@H]1c1cccc(Cl)c1)NCC(=O)N1C[C@@H](F)C[C@H]1C#N	6.568636235841013	<rdkit.Chem.rdchem.Mol object at 0x7f870f960040>
1844	CHEMBL464092	nM	19.0	CC(C)(CC(=O)N[C@H]1C[C@@H]1c1ccccc1)NCC(=O)N1C[C@@H](F)C[C@H]1C#N	6.721246399047171	<rdkit.Chem.rdchem.Mol object at 0x7f870f9600b0>
1845	CHEMBL517776	nM	15.0	CC(C)(CC(=O)N[C@H]1C[C@@H]1c1cccc(Cl)c1)NCC(=O)N1C[C@@H](F)C[C@H]1C#N	6.823908740944319	<rdkit.Chem.rdchem.Mol object at 0x7f870f960120>
1846	CHEMBL464093	nM	21.0	CC(C)(CC(=O)N[C@H]1C[C@@H]1c1cccc(F)c1)NCC(=O)N1C[C@@H](F)C[C@H]1C#N	6.6777807052660805	<rdkit.Chem.rdchem.Mol object at 0x7f870f960190>
1847	CHEMBL463277	nM	22.0	COc1ccc([C@H]2C[C@@H]2NC(=O)CC(C)(C)NCC(=O)N2C[C@@H](F)C[C@H]2C#N)cc1	6.657577319177793	<rdkit.Chem.rdchem.Mol object at 0x7f870f960200>
1848	CHEMBL518831	nM	26.0	COc1cccc([C@H]2C[C@@H]2NC(=O)CC(C)(C)NCC(=O)N2C[C@@H](F)C[C@H]2C#N)c1	6.585026652029182	<rdkit.Chem.rdchem.Mol object at 0x7f870f960270>
1849	CHEMBL462839	nM	17.0	CCOc1cccc([C@H]2C[C@@H]2NC(=O)CC(C)(C)NCC(=O)N2C[C@@H](F)C[C@H]2C#N)c1	6.769551078621726	<rdkit.Chem.rdchem.Mol object at 0x7f870f9602e0>
1850	CHEMBL463230	nM	20.0	CC(C)(CC(=O)N[C@H]1C[C@@H]1c1cccc(OC(F)(F)F)c1)NCC(=O)N1C[C@@H](F)C[C@H]1C#N	6.698970004336019	<rdkit.Chem.rdchem.Mol object at 0x7f870f960350>
1851	CHEMBL463231	nM	26.0	CC(C)(CC(=O)N[C@H]1C[C@@H]1c1cccc(Cl)c1)NCC(=O)N1CC(F)(F)C[C@H]1C#N	6.585026652029182	<rdkit.Chem.rdchem.Mol object at 0x7f870f9603c0>
1852	CHEMBL562525	nM	27.0	N[C@@H](CC(=O)N1CCC[C@H]1CNC(=O)c1ccccc1)Cc1cccc(Cl)c1	6.568636235841013	<rdkit.Chem.rdchem.Mol object at 0x7f870f960430>
1853	CHEMBL550862	nM	49.0	N[C@@H](CC(=O)N1CCC[C@H]1CNC(=O)c1ccccc1F)Cc1ccccc1F	6.309803919971486	<rdkit.Chem.rdchem.Mol object at 0x7f870f9604a0>
1854	CHEMBL552263	nM	92.0	N[C@@H](CC(=O)N1CCC[C@H]1CNC(=O)c1cccc(F)c1)Cc1ccccc1F	6.036212172654444	<rdkit.Chem.rdchem.Mol object at 0x7f870f960510>
1855	CHEMBL553936	nM	92.0	N[C@@H](CC(=O)N1CCC[C@H]1CNC(=O)c1ccc(F)cc1)Cc1ccccc1F	6.036212172654444	<rdkit.Chem.rdchem.Mol object at 0x7f870f960580>
1856	CHEMBL560123	nM	47.0	N[C@@H](CC(=O)N1CCC[C@H]1CNC(=O)c1ccccn1)Cc1ccccc1F	6.327902142064283	<rdkit.Chem.rdchem.Mol object at 0x7f870f9605f0>
1857	CHEMBL563911	nM	87.0	N[C@@H](CC(=O)N1CCC[C@H]1CNC(=O)c1cccnc1)Cc1ccccc1F	6.060480747381382	<rdkit.Chem.rdchem.Mol object at 0x7f870f960660>
1858	CHEMBL562981	nM	66.0	N[C@@H](CC(=O)N1CCC[C@H]1CNC(=O)c1ccncc1)Cc1ccccc1F	6.180456064458132	<rdkit.Chem.rdchem.Mol object at 0x7f870f9606d0>
1859	CHEMBL557851	nM	77.0	CS(=O)(=O)c1ccc(C(=O)NC[C@@H]2CCCN2C(=O)C[C@H](N)Cc2ccccc2F)cc1	6.113509274827518	<rdkit.Chem.rdchem.Mol object at 0x7f870f960740>
1860	CHEMBL563108	nM	27.0	CS(=O)(=O)c1ccccc1C(=O)NC[C@@H]1CCCN1C(=O)C[C@H](N)Cc1ccccc1F	6.568636235841013	<rdkit.Chem.rdchem.Mol object at 0x7f870f9607b0>
1861	CHEMBL564043	nM	14.0	CS(=O)(=O)c1ccccc1C(=O)NC[C@@H]1CCCN1C(=O)C[C@H](N)Cc1cccc(Cl)c1	6.853871964321762	<rdkit.Chem.rdchem.Mol object at 0x7f870f960820>
1862	CHEMBL564249	nM	0.38	CS(=O)(=O)c1cccc(C(=O)NC[C@@H]2CCCN2C(=O)C[C@H](N)Cc2cccc(Cl)c2)c1	8.42021640338319	<rdkit.Chem.rdchem.Mol object at 0x7f870f960890>
1863	CHEMBL561120	nM	12.0	N[C@@H](CC(=O)N1CCC[C@H]1CNC(=O)C1CC1)Cc1cccc(Cl)c1	6.920818753952375	<rdkit.Chem.rdchem.Mol object at 0x7f870f960900>
1864	CHEMBL563648	nM	9.000000000000002	N[C@@H](CC(=O)N1CCC[C@H]1CNC(=O)C1CC1)Cc1cc(F)c(F)cc1F	7.045757490560675	<rdkit.Chem.rdchem.Mol object at 0x7f870f960970>
1865	CHEMBL539187	nM	34.0	N[C@@H](CC(=O)N1CCC[C@H]1CNS(=O)(=O)c1ccccc1)Cc1ccccc1F	6.468521082957745	<rdkit.Chem.rdchem.Mol object at 0x7f870f9609e0>
1866	CHEMBL561322	nM	8.0	N[C@@H](CC(=O)N1CCC[C@H]1CNS(=O)(=O)c1ccccc1)Cc1cccc(Cl)c1	7.096910013008056	<rdkit.Chem.rdchem.Mol object at 0x7f870f960a50>
1867	CHEMBL549842	nM	53.0	N[C@@H](CC(=O)N1CCC[C@H]1CNS(=O)(=O)c1ccccc1F)Cc1ccccc1F	6.275724130399211	<rdkit.Chem.rdchem.Mol object at 0x7f870f960ac0>
1868	CHEMBL562603	nM	94.0	N[C@@H](CC(=O)N1CCC[C@H]1CNS(=O)(=O)c1cccc(F)c1)Cc1ccccc1F	6.026872146400302	<rdkit.Chem.rdchem.Mol object at 0x7f870f960b30>
1869	CHEMBL565056	nM	27.0	N[C@@H](CC(=O)N1CCC[C@H]1CNS(=O)(=O)c1ccc(F)cc1)Cc1ccccc1F	6.568636235841013	<rdkit.Chem.rdchem.Mol object at 0x7f870f960ba0>
1870	CHEMBL549432	nM	20.0	N[C@@H](CC(=O)N1CCC[C@H]1CNS(=O)(=O)c1ccc(Cl)cc1)Cc1ccccc1F	6.698970004336019	<rdkit.Chem.rdchem.Mol object at 0x7f870f960c10>
1871	CHEMBL560183	nM	24.0	N[C@@H](CC(=O)N1CCC[C@H]1CNS(=O)(=O)c1cc(Cl)ccc1Cl)Cc1ccccc1F	6.619788758288394	<rdkit.Chem.rdchem.Mol object at 0x7f870f960c80>
1872	CHEMBL560184	nM	30.0	N[C@@H](CC(=O)N1CCC[C@H]1CNS(=O)(=O)C1CC1)Cc1cccc(Cl)c1	6.522878745280337	<rdkit.Chem.rdchem.Mol object at 0x7f870f960cf0>
1873	CHEMBL563272	nM	7.999999999999998	N[C@@H](CC(=O)N1CCC[C@H]1CNS(=O)(=O)C1CC1)Cc1cc(F)c(F)cc1F	7.096910013008056	<rdkit.Chem.rdchem.Mol object at 0x7f870f960d60>
1874	CHEMBL385517	nM	7.296059359109779	N#C[C@@H]1C[C@@H]2C[C@@H]2N1C(=O)[C@@H](N)C12CC3CC(CC(O)(C3)C1)C2	7.136911641342338	<rdkit.Chem.rdchem.Mol object at 0x7f870f960dd0>
1875	CHEMBL539691	nM	105.0	Cl.N#C[C@@H]1CS[C@H]2C[C@@H](N)C(=O)N12	5.978810700930062	<rdkit.Chem.rdchem.Mol object at 0x7f870f960e40>
1876	CHEMBL564670	nM	26.0	Cl.N#C[C@@H]1CS[C@H]2C[C@](N)(c3ccccc3)C(=O)N12	6.585026652029182	<rdkit.Chem.rdchem.Mol object at 0x7f870f960eb0>
1877	CHEMBL560583	nM	56.0	CC[C@@]1(N)C[C@@H]2SC[C@@H](C#N)N2C1=O.Cl	6.251811972993799	<rdkit.Chem.rdchem.Mol object at 0x7f870f960f20>
1878	CHEMBL564854	nM	33.0	CC(C)[C@@]1(N)C[C@@H]2SC[C@@H](C#N)N2C1=O.Cl	6.481486060122113	<rdkit.Chem.rdchem.Mol object at 0x7f870f960f90>
1879	CHEMBL561263	nM	63.0	CC(C)C[C@@]1(N)C[C@@H]2SC[C@@H](C#N)N2C1=O.Cl	6.200659450546418	<rdkit.Chem.rdchem.Mol object at 0x7f870f961000>
1880	CHEMBL563772	nM	53.0	CC[C@H](C)[C@@]1(N)C[C@@H]2SC[C@@H](C#N)N2C1=O.Cl	6.275724130399211	<rdkit.Chem.rdchem.Mol object at 0x7f870f961070>
1881	CHEMBL561462	nM	109.0	Cl.N#C[C@@H]1CS[C@H]2C[C@](N)(Cc3ccccc3)C(=O)N12	5.962573502059376	<rdkit.Chem.rdchem.Mol object at 0x7f870f9610e0>
1882	CHEMBL558956	nM	89.0	Cl.N#C[C@@H]1CS[C@H]2C[C@](N)(C3CCCC3)C(=O)N12	6.050609993355087	<rdkit.Chem.rdchem.Mol object at 0x7f870f961150>
1883	CHEMBL560985	nM	59.0	Cl.N#C[C@@H]1CS[C@H]2C[C@](N)(C3CCCCC3)C(=O)N12	6.229147988357856	<rdkit.Chem.rdchem.Mol object at 0x7f870f9611c0>
1884	CHEMBL558313	nM	205.0	Cl.N#C[C@@H]1CS[C@H]2C[C@](N)(CCc3ccccc3)C(=O)N12	5.688246138944246	<rdkit.Chem.rdchem.Mol object at 0x7f870f961230>
1885	CHEMBL556219	nM	118.0	Cl.N#C[C@@H]1CS[C@H]2C[C@](N)(CC3CCCCC3)C(=O)N12	5.928117992693875	<rdkit.Chem.rdchem.Mol object at 0x7f870f9612a0>
1886	CHEMBL552403	nM	152.0	Cl.N#C[C@@H]1CS[C@H]2C[C@](N)(c3ccc(F)cc3)C(=O)N12	5.818156412055227	<rdkit.Chem.rdchem.Mol object at 0x7f870f961310>
1887	CHEMBL562388	nM	24.000000000000004	N[C@H]1Cn2c(nc3ncccc32)C[C@@H]1c1cc(F)c(F)cc1F.O=C(O)C(F)(F)F.O=C(O)C(F)(F)F	6.619788758288394	<rdkit.Chem.rdchem.Mol object at 0x7f870f961380>
1888	CHEMBL541438	nM	32.0	N[C@H]1Cn2c(nc3cnc(C(F)(F)F)cc32)C[C@@H]1c1cc(F)c(F)cc1F.O=C(O)C(F)(F)F.O=C(O)C(F)(F)F	6.494850021680094	<rdkit.Chem.rdchem.Mol object at 0x7f870f9613f0>
1889	CHEMBL557514	nM	23.0	Cc1cc2c(cn1)nc1n2C[C@H](N)[C@@H](c2cc(F)c(F)cc2F)C1.O=C(O)C(F)(F)F.O=C(O)C(F)(F)F	6.638272163982407	<rdkit.Chem.rdchem.Mol object at 0x7f870f961460>
1890	CHEMBL557447	nM	15.0	N[C@H]1Cn2c(nc3cnc(Cl)cc32)C[C@@H]1c1cc(F)c(F)cc1F.O=C(O)C(F)(F)F.O=C(O)C(F)(F)F	6.823908740944319	<rdkit.Chem.rdchem.Mol object at 0x7f870f9614d0>
1891	CHEMBL559477	nM	23.0	N[C@H]1Cn2c(nc3cnc(F)cc32)C[C@@H]1c1cc(F)c(F)cc1F.O=C(O)C(F)(F)F.O=C(O)C(F)(F)F	6.638272163982407	<rdkit.Chem.rdchem.Mol object at 0x7f870f961540>
1892	CHEMBL552068	nM	17.0	Cl.N[C@H]1Cn2c(nc3cnccc32)C[C@@H]1c1cc(F)c(F)cc1F	6.769551078621726	<rdkit.Chem.rdchem.Mol object at 0x7f870f9615b0>
1893	CHEMBL562188	nM	15.999999999999998	N[C@H]1Cn2c(nc3cnccc32)C[C@@H]1c1cc(F)c(F)cc1F.O=C(O)C(F)(F)F.O=C(O)C(F)(F)F	6.795880017344075	<rdkit.Chem.rdchem.Mol object at 0x7f870f961620>
1894	CHEMBL549502	nM	51.0	N[C@H]1Cn2c(nc3ccncc32)C[C@@H]1c1cc(F)c(F)cc1F.O=C(O)C(F)(F)F.O=C(O)C(F)(F)F	6.292429823902063	<rdkit.Chem.rdchem.Mol object at 0x7f870f961690>
1895	CHEMBL560926	nM	329.0	N[C@H]1Cn2c(nc3cccnc32)C[C@@H]1c1cc(F)c(F)cc1F.O=C(O)C(F)(F)F.O=C(O)C(F)(F)F	5.482804102050026	<rdkit.Chem.rdchem.Mol object at 0x7f870f961700>
1896	CHEMBL556494	nM	8.6	CC(=O)Nc1ccc2c(c1)nc1n2C[C@H](N)[C@@H](c2cc(F)c(F)cc2F)C1.O=C(O)C(F)(F)F	7.0655015487564325	<rdkit.Chem.rdchem.Mol object at 0x7f870f961770>
1897	CHEMBL561793	nM	7.1	CS(=O)(=O)Nc1ccc2c(c1)nc1n2C[C@H](N)[C@@H](c2cc(F)c(F)cc2F)C1.O=C(O)C(F)(F)F	7.1487416512809245	<rdkit.Chem.rdchem.Mol object at 0x7f870f9617e0>
1898	CHEMBL560729	nM	52.0	CN(C)C(=O)c1ccc2c(c1)nc1n2C[C@H](N)[C@@H](c2cc(F)c(F)cc2F)C1.O=C(O)C(F)(F)F	6.2839966563652006	<rdkit.Chem.rdchem.Mol object at 0x7f870f961850>
1899	CHEMBL563383	nM	13.0	N[C@H]1Cn2c(nc3cc(C(=O)O)ccc32)C[C@@H]1c1cc(F)c(F)cc1F.O=C(O)C(F)(F)F	6.886056647693163	<rdkit.Chem.rdchem.Mol object at 0x7f870f9618c0>
1900	CHEMBL549645	nM	56.0	CS(=O)(=O)c1ccc2nc3n(c2c1)C[C@H](N)[C@@H](c1cc(F)c(F)cc1F)C3.O=C(O)C(F)(F)F	6.251811972993799	<rdkit.Chem.rdchem.Mol object at 0x7f870f961930>
1901	CHEMBL560192	nM	8.0	CCS(=O)(=O)c1ccc2c(c1)nc1n2C[C@H](N)[C@@H](c2cc(F)c(F)cc2F)C1.O=C(O)C(F)(F)F	7.096910013008056	<rdkit.Chem.rdchem.Mol object at 0x7f870f9619a0>
1902	CHEMBL559940	nM	11.000000000000002	CS(=O)(=O)c1ccc2c(c1)nc1n2C[C@H](N)[C@@H](c2cc(F)c(F)cc2F)C1.O=C(O)C(F)(F)F	6.958607314841775	<rdkit.Chem.rdchem.Mol object at 0x7f870f961a10>
1903	CHEMBL550801	nM	47.0	N[C@H]1Cn2c(nc3ccc(C(F)(F)F)cc32)C[C@@H]1c1cc(F)c(F)cc1F.O=C(O)C(F)(F)F	6.327902142064283	<rdkit.Chem.rdchem.Mol object at 0x7f870f961a80>
1904	CHEMBL552479	nM	14.0	N[C@H]1Cn2c(nc3cc(C(F)(F)F)ccc32)C[C@@H]1c1cc(F)c(F)cc1F.O=C(O)C(F)(F)F	6.853871964321762	<rdkit.Chem.rdchem.Mol object at 0x7f870f961af0>
1905	CHEMBL562953	nM	18.0	Cc1ccc2c(c1)nc1n2C[C@H](N)[C@@H](c2cc(F)c(F)cc2F)C1.O=C(O)C(F)(F)F	6.7447274948966935	<rdkit.Chem.rdchem.Mol object at 0x7f870f961b60>
1906	CHEMBL563155	nM	53.0	N[C@H]1Cn2c(nc3ccc(OC(F)(F)F)cc32)C[C@@H]1c1cc(F)c(F)cc1F.O=C(O)C(F)(F)F	6.275724130399211	<rdkit.Chem.rdchem.Mol object at 0x7f870f961bd0>
1907	CHEMBL550598	nM	28.0	COc1ccc2c(c1)nc1n2C[C@H](N)[C@@H](c2cc(F)c(F)cc2F)C1.O=C(O)C(F)(F)F	6.552841968657781	<rdkit.Chem.rdchem.Mol object at 0x7f870f961c40>
1908	CHEMBL562530	nM	22.0	N[C@H]1Cn2c(nc3c(F)c(F)c(F)cc32)C[C@@H]1c1cc(F)c(F)cc1F.O=C(O)C(F)(F)F	6.657577319177793	<rdkit.Chem.rdchem.Mol object at 0x7f870f961cb0>
1909	CHEMBL558253	nM	47.0	N[C@H]1Cn2c(nc3c(F)cc(F)cc32)C[C@@H]1c1cc(F)c(F)cc1F.O=C(O)C(F)(F)F	6.327902142064283	<rdkit.Chem.rdchem.Mol object at 0x7f870f961d20>
1910	CHEMBL560669	nM	17.0	N[C@H]1Cn2c(nc3ccc(F)cc32)C[C@@H]1c1cc(F)c(F)cc1F.O=C(O)C(F)(F)F	6.769551078621726	<rdkit.Chem.rdchem.Mol object at 0x7f870f961d90>
1911	CHEMBL552071	nM	77.0	N[C@H]1Cn2c(nc3cc(F)ccc32)C[C@@H]1c1cc(F)c(F)cc1F.O=C(O)C(F)(F)F	6.113509274827518	<rdkit.Chem.rdchem.Mol object at 0x7f870f961e00>
1912	CHEMBL537962	nM	30.0	N[C@H]1Cn2c(nc3c(F)cccc32)C[C@@H]1c1cc(F)c(F)cc1F.O=C(O)C(F)(F)F	6.522878745280337	<rdkit.Chem.rdchem.Mol object at 0x7f870f961e70>
1913	CHEMBL549913	nM	68.0	N[C@H]1Cn2c(nc3ccccc32)C[C@@H]1c1cc(F)c(F)cc1F.O=C(O)C(F)(F)F	6.167491087293763	<rdkit.Chem.rdchem.Mol object at 0x7f870f961ee0>
1914	CHEMBL558647	nM	2.7	N[C@@H](CC(=O)N1CCC[C@H]1CN(C1CC1)S(=O)(=O)C(F)(F)F)Cc1cc(F)c(F)cc1F	7.568636235841012	<rdkit.Chem.rdchem.Mol object at 0x7f870f961f50>
1915	CHEMBL558452	nM	1.5	CN(C[C@@H]1CCCN1C(=O)C[C@H](N)Cc1cc(F)c(F)cc1F)S(=O)(=O)C(F)(F)F	7.823908740944319	<rdkit.Chem.rdchem.Mol object at 0x7f870f961fc0>
1916	CHEMBL559602	nM	5.6	N[C@@H](CC(=O)N1CCC[C@H]1CNS(=O)(=O)CC(F)(F)F)Cc1cc(F)c(F)cc1F	7.251811972993799	<rdkit.Chem.rdchem.Mol object at 0x7f870f962030>
1917	CHEMBL564283	nM	12.0	N[C@@H](CC(=O)N1CCC[C@H]1CNS(=O)(=O)C(F)(F)F)Cc1cc(F)c(F)cc1F	6.920818753952375	<rdkit.Chem.rdchem.Mol object at 0x7f870f9620a0>
1918	CHEMBL559543	nM	27.0	CS(=O)(=O)NC[C@@H]1CCCN1C(=O)C[C@H](N)Cc1cc(F)c(F)cc1F	6.568636235841013	<rdkit.Chem.rdchem.Mol object at 0x7f870f962110>
1919	CHEMBL559601	nM	7.8	CN(C[C@@H]1CCCN1C(=O)C[C@H](N)Cc1cc(F)c(F)cc1F)C(=O)C(C)(F)F	7.107905397309519	<rdkit.Chem.rdchem.Mol object at 0x7f870f962180>
1920	CHEMBL550321	nM	6.8	CN(C[C@@H]1CCCN1C(=O)C[C@H](N)Cc1cc(F)c(F)cc1F)C(=O)C(C)(C)C	7.167491087293763	<rdkit.Chem.rdchem.Mol object at 0x7f870f9621f0>
1921	CHEMBL564105	nM	1.1	CN(C[C@@H]1CCCN1C(=O)C[C@H](N)Cc1cc(F)c(F)cc1F)C(=O)C1CC1	7.958607314841775	<rdkit.Chem.rdchem.Mol object at 0x7f870f962260>
1922	CHEMBL550114	nM	3.5	N[C@@H](CC(=O)N1CCC[C@H]1CNC(=O)CC(F)(F)F)Cc1cc(F)c(F)cc1F	7.455931955649724	<rdkit.Chem.rdchem.Mol object at 0x7f870f9622d0>
1923	CHEMBL557860	nM	5.9	CC(F)(F)C(=O)NC[C@@H]1CCCN1C(=O)C[C@H](N)Cc1cc(F)c(F)cc1F	7.229147988357855	<rdkit.Chem.rdchem.Mol object at 0x7f870f962340>
1924	CHEMBL558323	nM	6.3	CC(C)(F)C(=O)NC[C@@H]1CCCN1C(=O)C[C@H](N)Cc1cc(F)c(F)cc1F	7.200659450546418	<rdkit.Chem.rdchem.Mol object at 0x7f870f9623b0>
1925	CHEMBL558322	nM	3.7	CC(C)(C)C(=O)NC[C@@H]1CCCN1C(=O)C[C@H](N)Cc1cc(F)c(F)cc1F	7.431798275933005	<rdkit.Chem.rdchem.Mol object at 0x7f870f962420>
1926	CHEMBL557723	nM	4.8	N[C@@H](CC(=O)N1CCC[C@H]1CNC(=O)C1CCCC1)Cc1cc(F)c(F)cc1F	7.318758762624412	<rdkit.Chem.rdchem.Mol object at 0x7f870f962490>
1927	CHEMBL563901	nM	2.2	N[C@@H](CC(=O)N1CCC[C@H]1CNC(=O)C1CCC1)Cc1cc(F)c(F)cc1F	7.657577319177793	<rdkit.Chem.rdchem.Mol object at 0x7f870f962500>
1928	CHEMBL554908	nM	1.3	N[C@@H](CC(=O)N1CCC[C@H]1CNC(=O)C1CC1(F)F)Cc1cc(F)c(F)cc1F	7.886056647693163	<rdkit.Chem.rdchem.Mol object at 0x7f870f962570>
1929	CHEMBL552069	nM	2.7	N[C@@H](CC(=O)N1CCC[C@H]1CNC(=O)C1(C(F)(F)F)CC1)Cc1cc(F)c(F)cc1F	7.568636235841012	<rdkit.Chem.rdchem.Mol object at 0x7f870f9625e0>
1930	CHEMBL549992	nM	10.0	N[C@@H](CC(=O)N1CCC[C@H]1COCC1CC1)Cc1cc(F)c(F)cc1F	7.0	<rdkit.Chem.rdchem.Mol object at 0x7f870f962650>
1931	CHEMBL557315	nM	6.1	N[C@@H](CC(=O)N1CCC[C@H]1COc1ccnc(C(F)(F)F)n1)Cc1cc(F)c(F)cc1F	7.214670164989233	<rdkit.Chem.rdchem.Mol object at 0x7f870f9626c0>
1932	CHEMBL565101	nM	2.3	N#Cc1ccnc(OC[C@@H]2CCCN2C(=O)C[C@H](N)Cc2cc(F)c(F)cc2F)c1	7.638272163982407	<rdkit.Chem.rdchem.Mol object at 0x7f870f962730>
1933	CHEMBL563849	nM	2.0	N#Cc1ccc(OC[C@@H]2CCCN2C(=O)C[C@H](N)Cc2cc(F)c(F)cc2F)nc1	7.698970004336019	<rdkit.Chem.rdchem.Mol object at 0x7f870f9627a0>
1934	CHEMBL549296	nM	3.9	N[C@@H](CC(=O)N1CCC[C@H]1CNc1nccc(C(F)(F)F)n1)Cc1cc(F)c(F)cc1F	7.4089353929735005	<rdkit.Chem.rdchem.Mol object at 0x7f870f962810>
1935	CHEMBL549581	nM	7.1	N[C@@H](CC(=O)N1CCC[C@H]1CNc1ncc(F)cn1)Cc1cc(F)c(F)cc1F	7.1487416512809245	<rdkit.Chem.rdchem.Mol object at 0x7f870f962880>
1936	CHEMBL564488	nM	5.4	N[C@@H](CC(=O)N1CCC[C@H]1CNc1ncccn1)Cc1cc(F)c(F)cc1F	7.267606240177032	<rdkit.Chem.rdchem.Mol object at 0x7f870f9628f0>
1937	CHEMBL562467	nM	15.0	N[C@@H](CC(=O)N1CCC[C@H]1CNc1ccc(C(F)(F)F)nc1)Cc1cc(F)c(F)cc1F	6.823908740944319	<rdkit.Chem.rdchem.Mol object at 0x7f870f962960>
1938	CHEMBL556708	nM	6.3	N[C@@H](CC(=O)N1CCC[C@H]1CNc1ccc(F)cn1)Cc1cc(F)c(F)cc1F	7.200659450546418	<rdkit.Chem.rdchem.Mol object at 0x7f870f9629d0>
1939	CHEMBL562072	nM	3.2	N#Cc1cccnc1NC[C@@H]1CCCN1C(=O)C[C@H](N)Cc1cc(F)c(F)cc1F	7.494850021680094	<rdkit.Chem.rdchem.Mol object at 0x7f870f962a40>
1940	CHEMBL552127	nM	4.0	CN(C[C@@H]1CCCN1C(=O)C[C@H](N)Cc1cc(F)c(F)cc1F)c1ccc(C#N)cn1	7.3979400086720375	<rdkit.Chem.rdchem.Mol object at 0x7f870f962ab0>
1941	CHEMBL563244	nM	3.5	N#Cc1ccc(NC[C@@H]2CCCN2C(=O)C[C@H](N)Cc2cc(F)c(F)cc2F)nc1	7.455931955649724	<rdkit.Chem.rdchem.Mol object at 0x7f870f962b20>
1942	CHEMBL1202082	nM	53.5	CCCCN1CCN(CCNCC(=O)N2CCC[C@@H]2C#N)C1=O.O=C(O)C(=O)O	6.2716462179787715	<rdkit.Chem.rdchem.Mol object at 0x7f870f962b90>
1943	CHEMBL1202090	nM	68.1	CC(C)(C)N1CCN(CCNCC(=O)N2CCC[C@@H]2C#N)C1=O.O=C(O)C(=O)O	6.166852888087215	<rdkit.Chem.rdchem.Mol object at 0x7f870f962c00>
1944	CHEMBL1202091	nM	47.8	CC(C)N1CCN(CCNCC(=O)N2CCC[C@@H]2C#N)C1=O.O=C(O)C(=O)O	6.320572103387881	<rdkit.Chem.rdchem.Mol object at 0x7f870f962c70>
1945	CHEMBL1202092	nM	68.6	N#C[C@H]1CCCN1C(=O)CNCCN1CCN(C2CCCCC2)C1=O.O=C(O)C(=O)O	6.163675884293248	<rdkit.Chem.rdchem.Mol object at 0x7f870f962ce0>
1946	CHEMBL1202083	nM	34.8	N#C[C@H]1CCCN1C(=O)CNCCN1CCN(c2ccccc2)C1=O.O=C(O)C(=O)O	6.458420756053419	<rdkit.Chem.rdchem.Mol object at 0x7f870f962d50>
1947	CHEMBL1202086	nM	29.3	Cc1ccc(N2CCN(CCNCC(=O)N3CCC[C@@H]3C#N)C2=O)cc1.O=C(O)C(=O)O	6.533132379645891	<rdkit.Chem.rdchem.Mol object at 0x7f870f962dc0>
1948	CHEMBL1202093	nM	82.4	COc1ccc(N2CCN(CCNCC(=O)N3CCC[C@@H]3C#N)C2=O)cc1.O=C(O)C(=O)O	6.084072788302884	<rdkit.Chem.rdchem.Mol object at 0x7f870f962e30>
1949	CHEMBL1202081	nM	65.1	COc1cccc(N2CCN(CCNCC(=O)N3CCC[C@@H]3C#N)C2=O)c1.O=C(O)C(=O)O	6.186419011431808	<rdkit.Chem.rdchem.Mol object at 0x7f870f962ea0>
1950	CHEMBL1202089	nM	25.8	N#C[C@H]1CCCN1C(=O)CNCCN1CCN(c2ccc(Cl)cc2)C1=O.O=C(O)C(=O)O	6.58838029403677	<rdkit.Chem.rdchem.Mol object at 0x7f870f962f10>
1951	CHEMBL1202087	nM	44.5	N#C[C@H]1CCCN1C(=O)CNCCN1CCN(c2ccc(F)cc2)C1=O.O=C(O)C(=O)O	6.351639989019068	<rdkit.Chem.rdchem.Mol object at 0x7f870f962f80>
1952	CHEMBL1202088	nM	60.1	N#C[C@H]1CCCN1C(=O)CNCCN1CCN(c2cccc(F)c2)C1=O.O=C(O)C(=O)O	6.221125527997261	<rdkit.Chem.rdchem.Mol object at 0x7f870f962ff0>
1953	CHEMBL1202084	nM	133.6	N#C[C@H]1CCCN1C(=O)CNCCN1CCN(c2ccccc2F)C1=O.O=C(O)C(=O)O	5.874193541860473	<rdkit.Chem.rdchem.Mol object at 0x7f870f963060>
1954	CHEMBL1202094	nM	20.4	COc1cc(OC)cc(N2CCN(CCNCC(=O)N3CCC[C@@H]3C#N)C2=O)c1.O=C(O)C(=O)O	6.690369832574102	<rdkit.Chem.rdchem.Mol object at 0x7f870f9630d0>
1955	CHEMBL1202080	nM	2.0	COc1ccc(N2CCN(CCNCC(=O)N3CCC[C@@H]3C#N)C2=O)cc1OC.O=C(O)C(=O)O	7.698970004336019	<rdkit.Chem.rdchem.Mol object at 0x7f870f963140>
1956	CHEMBL1202085	nM	165.6	COc1cc(N2CCN(CCNCC(=O)N3CCC[C@@H]3C#N)C2=O)cc(OC)c1OC.O=C(O)C(=O)O	5.780939667551139	<rdkit.Chem.rdchem.Mol object at 0x7f870f9631b0>
1957	CHEMBL567263	nM	90.0	N[C@@H](CCN1CCC[C@H]1CNC(=O)c1ccccc1)Cc1ccccc1F	6.045757490560675	<rdkit.Chem.rdchem.Mol object at 0x7f870f963220>
1958	CHEMBL566460	nM	31.0	N[C@@H](CCN1CCC[C@H]1c1nc(-c2ccccc2)no1)Cc1ccccc1F	6.508638306165727	<rdkit.Chem.rdchem.Mol object at 0x7f870f963290>
1959	CHEMBL585663	nM	90.0	N[C@@H](CCN1CCC[C@H]1c1noc(-c2ccccc2)n1)Cc1ccccc1F	6.045757490560675	<rdkit.Chem.rdchem.Mol object at 0x7f870f963300>
1960	CHEMBL565613	nM	62.0	N[C@@H](CCN1CCC[C@H]1c1ncn(-c2ccccc2)n1)Cc1ccccc1F	6.2076083105017466	<rdkit.Chem.rdchem.Mol object at 0x7f870f963370>
1961	CHEMBL584276	nM	120.0	N[C@@H](CCN1CCC[C@H]1c1nnc(-c2ccccc2)o1)Cc1ccccc1F	5.920818753952375	<rdkit.Chem.rdchem.Mol object at 0x7f870f9633e0>
1962	CHEMBL566617	nM	76.0	N[C@@H](CCN1CCC[C@H]1c1nc(-c2ccccc2)co1)Cc1ccccc1F	6.119186407719209	<rdkit.Chem.rdchem.Mol object at 0x7f870f963450>
1963	CHEMBL565999	nM	180.0	N[C@@H](CCN1CCC[C@H]1c1ccn(-c2ccccc2)n1)Cc1ccccc1F	5.7447274948966935	<rdkit.Chem.rdchem.Mol object at 0x7f870f9634c0>
1964	CHEMBL566854	nM	130.0	N[C@@H](CCN1CCC[C@H]1c1cn(-c2ccccc2)nn1)Cc1ccccc1F	5.886056647693163	<rdkit.Chem.rdchem.Mol object at 0x7f870f963530>
1965	CHEMBL1090	nM	62.0	Nc1ncnc2c1ncn2[C@@H]1O[C@H](CO)[C@@H](O)[C@@H]1O	6.2076083105017466	<rdkit.Chem.rdchem.Mol object at 0x7f870f9635a0>
1966	CHEMBL567278	nM	7.0	N[C@@H](CC(=O)N1CCC[C@H]1c1nc(C2CC2)no1)Cc1cc(F)c(F)cc1F	7.154901959985743	<rdkit.Chem.rdchem.Mol object at 0x7f870f963610>
1967	CHEMBL565633	nM	2.0	CC(C)(C)c1noc([C@@H]2CCCN2C(=O)C[C@H](N)Cc2cc(F)c(F)cc2F)n1	7.698970004336019	<rdkit.Chem.rdchem.Mol object at 0x7f870f963680>
1968	CHEMBL566672	nM	3.0	N[C@@H](CC(=O)N1CCC[C@H]1c1nc(CC2CC2)no1)Cc1cc(F)c(F)cc1F	7.522878745280337	<rdkit.Chem.rdchem.Mol object at 0x7f870f9636f0>
1969	CHEMBL565813	nM	2.0	N[C@@H](CC(=O)N1CCC[C@H]1c1nc(C2(C(F)(F)F)CC2)no1)Cc1cc(F)c(F)cc1F	7.698970004336019	<rdkit.Chem.rdchem.Mol object at 0x7f870f963760>
1970	CHEMBL585129	nM	4.0	N[C@@H](CC(=O)N1CCC[C@H]1c1nc(N2CCOCC2)no1)Cc1cc(F)c(F)cc1F	7.3979400086720375	<rdkit.Chem.rdchem.Mol object at 0x7f870f9637d0>
1971	CHEMBL566616	nM	4.0	N[C@@H](CC(=O)N1CCC[C@H]1c1nc(N2CCCC2)no1)Cc1cc(F)c(F)cc1F	7.3979400086720375	<rdkit.Chem.rdchem.Mol object at 0x7f870f963840>
1972	CHEMBL566425	nM	1.0	CS(=O)(=O)N1CC(c2noc([C@@H]3CCCN3C(=O)C[C@H](N)Cc3cc(F)c(F)cc3F)n2)C1	8.0	<rdkit.Chem.rdchem.Mol object at 0x7f870f9638b0>
1973	CHEMBL567279	nM	5.0	CC(=O)N1CC(c2noc([C@@H]3CCCN3C(=O)C[C@H](N)Cc3cc(F)c(F)cc3F)n2)C1	7.301029995663981	<rdkit.Chem.rdchem.Mol object at 0x7f870f963920>
1974	CHEMBL584494	nM	10.0	N[C@@H](CC(=O)N1CCC[C@H]1c1nc(-c2ccccn2)no1)Cc1cc(F)c(F)cc1F	7.0	<rdkit.Chem.rdchem.Mol object at 0x7f870f963990>
1975	CHEMBL566628	nM	2.0	N[C@@H](CC(=O)N1CCC[C@H]1c1nc(-c2cnccn2)no1)Cc1cc(F)c(F)cc1F	7.698970004336019	<rdkit.Chem.rdchem.Mol object at 0x7f870f963a00>
1976	CHEMBL567727	nM	4.0	N[C@@H](CC(=O)N1CCC[C@H]1c1nc(-c2ncccn2)no1)Cc1cc(F)c(F)cc1F	7.3979400086720375	<rdkit.Chem.rdchem.Mol object at 0x7f870f963a70>
1977	CHEMBL566829	nM	3.0	N[C@@H](CC(=O)N1CCC[C@H]1c1nc(-c2ncc(F)cc2F)no1)Cc1cc(F)c(F)cc1F	7.522878745280337	<rdkit.Chem.rdchem.Mol object at 0x7f870f963ae0>
1978	CHEMBL566419	nM	17.0	N[C@@H](CC(=O)N1CCC[C@H]1c1noc(C2CC2)n1)Cc1cc(F)c(F)cc1F	6.769551078621726	<rdkit.Chem.rdchem.Mol object at 0x7f870f963b50>
1979	CHEMBL584692	nM	11.0	N[C@@H](CC(=O)N1CCC[C@H]1c1noc(C2(C(F)(F)F)CC2)n1)Cc1cc(F)c(F)cc1F	6.958607314841775	<rdkit.Chem.rdchem.Mol object at 0x7f870f963bc0>
1980	CHEMBL584698	nM	17.0	N[C@@H](CC(=O)N1CCC[C@H]1c1noc(C2(O)CC2)n1)Cc1cc(F)c(F)cc1F	6.769551078621726	<rdkit.Chem.rdchem.Mol object at 0x7f870f963c30>
1981	CHEMBL585290	nM	22.0	N[C@@H](CC(=O)N1CCC[C@H]1c1noc(C2(F)CC2)n1)Cc1cc(F)c(F)cc1F	6.657577319177793	<rdkit.Chem.rdchem.Mol object at 0x7f870f963ca0>
1982	CHEMBL567728	nM	16.0	CC(C)(F)c1nc([C@@H]2CCCN2C(=O)C[C@H](N)Cc2cc(F)c(F)cc2F)no1	6.795880017344075	<rdkit.Chem.rdchem.Mol object at 0x7f870f963d10>
1983	CHEMBL565600	nM	2.0	CC1(c2nc([C@@H]3CCCN3C(=O)C[C@H](N)Cc3cc(F)c(F)cc3F)no2)COC1	7.698970004336019	<rdkit.Chem.rdchem.Mol object at 0x7f870f963d80>
1984	CHEMBL567270	nM	28.0	N[C@@H](CC(=O)N1CCC[C@H]1c1ncn(-c2ccccn2)n1)Cc1cc(F)c(F)cc1F	6.552841968657781	<rdkit.Chem.rdchem.Mol object at 0x7f870f963df0>
1985	CHEMBL568111	nM	32.0	CC(C)(C)c1nc([C@@H]2CCCN2C(=O)C[C@H](N)Cc2cc(F)c(F)cc2F)no1	6.494850021680094	<rdkit.Chem.rdchem.Mol object at 0x7f870f963e60>
1986	CHEMBL567893	nM	10000.0	COC(=O)[C@@H]1CCCN1C(=O)[C@@H](Cc1ccccc1)N(C)C(=O)[C@H](C)NC(=O)[C@@H](NC(=O)C[C@H](O)[C@H](CC(C)C)NC(=O)[C@H](CC(N)=O)NC(=O)[C@H](CC(C)C)NC(=O)[C@H](OC(=O)[C@@H](OC(=O)[C@H](C(C)C)N(C)C)C(C)C)C(C)C)[C@@H](C)O	4.0	<rdkit.Chem.rdchem.Mol object at 0x7f870f963ed0>
1987	CHEMBL590326	nM	510.0	COc1cc2c(cc1OC)C1CC(N)C(N3CCCC3=O)CN1CC2	5.292429823902063	<rdkit.Chem.rdchem.Mol object at 0x7f870f963f40>
1988	CHEMBL592779	nM	30.0	COc1cc2c(cc1OC)C1CC(N)C(N3CCCCC3=O)CN1CC2	6.522878745280337	<rdkit.Chem.rdchem.Mol object at 0x7f870f964040>
1989	CHEMBL592778	nM	22.0	COc1cc2c(cc1OC)[C@@H]1C[C@H](N)[C@@H](N3CCCCC3=O)CN1CC2	6.657577319177793	<rdkit.Chem.rdchem.Mol object at 0x7f870f9640b0>
1990	CHEMBL600440	nM	7800.0	COc1cc2c(cc1OC)[C@H]1C[C@@H](N)[C@H](N3CCCCC3=O)CN1CC2	4.107905397309519	<rdkit.Chem.rdchem.Mol object at 0x7f870f964120>
1991	CHEMBL592547	nM	430.0	COc1cc2c(cc1OC)C1CC(N)C(N3CCCCCC3=O)CN1CC2	5.366531544420414	<rdkit.Chem.rdchem.Mol object at 0x7f870f964190>
1992	CHEMBL605285	nM	1330.0	COc1cc2c(cc1OC)C1CC(N)C(N3CCC[S+]3[O-])CN1CC2	4.876148359032914	<rdkit.Chem.rdchem.Mol object at 0x7f870f964200>
1993	CHEMBL589598	nM	142.0	COc1cc2c(cc1OC)C1CC(N)C(N3CCCC[S+]3[O-])CN1CC2	5.847711655616943	<rdkit.Chem.rdchem.Mol object at 0x7f870f964270>
1994	CHEMBL590330	nM	1150.0	COc1cc2c(cc1OC)C1CC(N)C(N3CCOC3=O)CN1CC2	4.939302159646388	<rdkit.Chem.rdchem.Mol object at 0x7f870f9642e0>
1995	CHEMBL600045	nM	142.0	COc1cc2c(cc1OC)C1CC(N)C(N3CCCOC3=O)CN1CC2	5.847711655616943	<rdkit.Chem.rdchem.Mol object at 0x7f870f964350>
1996	CHEMBL590086	nM	19.0	COc1cc2c(cc1OC)C1CC(N)C(N3CCC(C)CC3=O)CN1CC2	6.721246399047171	<rdkit.Chem.rdchem.Mol object at 0x7f870f9643c0>
1997	CHEMBL590329	nM	3.7	COc1cc2c(cc1OC)C1CC(N)C(N3CC(C)CCC3=O)CN1CC2	7.431798275933005	<rdkit.Chem.rdchem.Mol object at 0x7f870f964430>
1998	CHEMBL590812	nM	9.3	COc1cc2c(cc1OC)C1CC(N)C(N3CC(C)CC3=O)CN1CC2	7.031517051446065	<rdkit.Chem.rdchem.Mol object at 0x7f870f9644a0>
1999	CHEMBL601074	nM	13.0	CCC1CC(=O)N(C2CN3CCc4cc(OC)c(OC)cc4C3CC2N)C1	6.886056647693163	<rdkit.Chem.rdchem.Mol object at 0x7f870f964510>
2000	CHEMBL591060	nM	10000.0	COc1cc2c(cc1OC)C1CC(N)C(N3CCC(C)C3=O)CN1CC2	4.0	<rdkit.Chem.rdchem.Mol object at 0x7f870f964580>
2001	CHEMBL591289	nM	2200.0	COc1cc2c(cc1OC)C1CC(N)C(N3C(=O)CCC3C)CN1CC2	4.657577319177793	<rdkit.Chem.rdchem.Mol object at 0x7f870f9645f0>
2002	CHEMBL591290	nM	13.0	COc1cc2c(cc1OC)[C@@H]1C[C@H](N)[C@@H](N3C[C@@H](C)CC3=O)CN1CC2	6.886056647693163	<rdkit.Chem.rdchem.Mol object at 0x7f870f964660>
2003	CHEMBL591291	nM	2.6	COc1cc2c(cc1OC)[C@@H]1C[C@H](N)[C@@H](N3C[C@H](C)CC3=O)CN1CC2	7.585026652029182	<rdkit.Chem.rdchem.Mol object at 0x7f870f9646d0>
2004	CHEMBL591118	nM	6.800000000000001	COc1cc2c(cc1OC)[C@@H]1C[C@H](N)[C@@H](N3C[C@@H](CF)CC3=O)CN1CC2	7.167491087293763	<rdkit.Chem.rdchem.Mol object at 0x7f870f964740>
2005	CHEMBL591117	nM	3.6	COc1cc2c(cc1OC)[C@@H]1C[C@H](N)[C@@H](N3C[C@H](CF)CC3=O)CN1CC2	7.443697499232712	<rdkit.Chem.rdchem.Mol object at 0x7f870f9647b0>
2006	CHEMBL591982	nM	61.0	CCc1cccc([C@H]2CN3CCc4cc(OC)c(OC)cc4[C@@H]3CC2N)c1	6.214670164989233	<rdkit.Chem.rdchem.Mol object at 0x7f870f964820>
2007	CHEMBL591277	nM	38.0	COc1cc2c(cc1OC)[C@@H]1CC(N)[C@@H](c3cccc(C4CC4)c3)CN1CC2	6.42021640338319	<rdkit.Chem.rdchem.Mol object at 0x7f870f964890>
2008	CHEMBL591278	nM	5500.0	COc1cc2c(cc1OC)[C@@H]1CC(N)[C@@H](c3cccc(C(C)C)c3)CN1CC2	4.259637310505756	<rdkit.Chem.rdchem.Mol object at 0x7f870f964900>
2009	CHEMBL591279	nM	0.5	COc1cc2c(cc1OC)[C@@H]1CC(N)[C@@H](c3cccc(CF)c3)CN1CC2	8.301029995663981	<rdkit.Chem.rdchem.Mol object at 0x7f870f964970>
2010	CHEMBL601937	nM	1.7	COc1cc2c(cc1OC)[C@@H]1CC(N)[C@@H](c3cc(C)ccc3C)CN1CC2	7.769551078621726	<rdkit.Chem.rdchem.Mol object at 0x7f870f9649e0>
2011	CHEMBL598470	nM	1.2	COc1cc2c(cc1OC)[C@@H]1CC(N)[C@@H](c3cc(CF)ccn3)CN1CC2	7.920818753952375	<rdkit.Chem.rdchem.Mol object at 0x7f870f964a50>
2012	CHEMBL590557	nM	11.0	COc1cc2c(cc1OC)[C@@H]1C[C@H](N)[C@@H](c3cc(C)ccn3)CN1CC2	6.958607314841775	<rdkit.Chem.rdchem.Mol object at 0x7f870f964ac0>
2013	CHEMBL598754	nM	53000.0	COc1cc2c(cc1OC)[C@H]1C[C@@H](N)[C@H](c3cc(C)ccn3)CN1CC2	3.275724130399211	<rdkit.Chem.rdchem.Mol object at 0x7f870f964b30>
2014	CHEMBL598755	nM	19.0	COc1cc2c(cc1OC)[C@@H]1CC(N)[C@@H](c3cc(C)ccn3)CN1CC2	6.721246399047171	<rdkit.Chem.rdchem.Mol object at 0x7f870f964ba0>
2015	CHEMBL1083589	nM	12.0	Cl.N#C[C@@H]1CCCN1C(=O)CN[C@H]1C[C@H]2C[C@@H](O)C[C@H]2C1	6.920818753952375	<rdkit.Chem.rdchem.Mol object at 0x7f870f964c10>
2016	CHEMBL1082653	nM	8.0	CO[C@H]1C[C@H]2C[C@@H](NCC(=O)N3CCC[C@H]3C#N)C[C@H]2C1.Cl	7.096910013008056	<rdkit.Chem.rdchem.Mol object at 0x7f870f964c80>
2017	CHEMBL1082654	nM	59.0	CCO[C@H]1C[C@H]2C[C@@H](NCC(=O)N3CCC[C@H]3C#N)C[C@H]2C1.Cl	6.229147988357856	<rdkit.Chem.rdchem.Mol object at 0x7f870f964cf0>
2018	CHEMBL1082973	nM	65.0	CN(C)C(=O)O[C@H]1C[C@H]2C[C@@H](NCC(=O)N3CCC[C@H]3C#N)C[C@H]2C1.Cl	6.187086643357144	<rdkit.Chem.rdchem.Mol object at 0x7f870f964d60>
2019	CHEMBL1082974	nM	80.0	CCN(CC)C(=O)O[C@H]1C[C@H]2C[C@@H](NCC(=O)N3CCC[C@H]3C#N)C[C@H]2C1.Cl	6.096910013008056	<rdkit.Chem.rdchem.Mol object at 0x7f870f964dd0>
2020	CHEMBL1083916	nM	204.0	CC(C)NC(=O)O[C@H]1C[C@H]2C[C@@H](NCC(=O)N3CCC[C@H]3C#N)C[C@H]2C1.Cl	5.690369832574101	<rdkit.Chem.rdchem.Mol object at 0x7f870f964e40>
2021	CHEMBL1084473	nM	326.0	CC(C)(C)NC(=O)O[C@H]1C[C@H]2C[C@@H](NCC(=O)N3CCC[C@H]3C#N)C[C@H]2C1.Cl	5.486782399932061	<rdkit.Chem.rdchem.Mol object at 0x7f870f964eb0>
2022	CHEMBL1082345	nM	121.0	Cl.N#C[C@@H]1CCCN1C(=O)CN[C@@H]1C[C@@H]2C[C@H](OC(=O)Nc3ccccc3)C[C@@H]2C1	5.91721462968355	<rdkit.Chem.rdchem.Mol object at 0x7f870f964f20>
2023	CHEMBL1082346	nM	27.0	CO[C@@H]1C[C@H]2C[C@@H](NCC(=O)N3CCC[C@H]3C#N)C[C@H]2C1.Cl	6.568636235841013	<rdkit.Chem.rdchem.Mol object at 0x7f870f964f90>
2024	CHEMBL1082347	nM	27.0	CO[C@@H]1C[C@H]2C[C@H](NCC(=O)N3CCC[C@H]3C#N)C[C@H]2C1.Cl	6.568636235841013	<rdkit.Chem.rdchem.Mol object at 0x7f870f965000>
2025	CHEMBL1082348	nM	47.0	CO[C@H]1C[C@H]2C[C@H](NCC(=O)N3CCC[C@H]3C#N)C[C@H]2C1.Cl	6.327902142064283	<rdkit.Chem.rdchem.Mol object at 0x7f870f965070>
2026	CHEMBL1082350	nM	32.0	CC(=O)O[C@H]1C[C@H]2C[C@@H](NCC(=O)N3CCC[C@H]3C#N)C[C@H]2C1.Cl	6.494850021680094	<rdkit.Chem.rdchem.Mol object at 0x7f870f9650e0>
2027	CHEMBL1085552	nM	17.999999999999996	COc1ccc(NC(=O)CC(C)(C)NCC(=O)N2C[C@@H](F)C[C@H]2C#N)nc1	6.744727494896694	<rdkit.Chem.rdchem.Mol object at 0x7f870f965150>
2028	CHEMBL1085306	nM	21.354156504062615	CC(C)(CC(=O)Nc1ccccn1)NCC(=O)N1C[C@@H](F)C[C@H]1C#N	6.670517578667782	<rdkit.Chem.rdchem.Mol object at 0x7f870f9651c0>
2029	CHEMBL1085305	nM	27.0	COc1ccc(NC(=O)CC(C)(C)NCC(=O)N2C[C@@H](F)C[C@H]2C#N)cc1OC	6.568636235841013	<rdkit.Chem.rdchem.Mol object at 0x7f870f965230>
2030	CHEMBL1084972	nM	29.0	CC(C)(CC(=O)NC1CCCC1)NCC(=O)N1C[C@@H](F)C[C@H]1C#N	6.5376020021010435	<rdkit.Chem.rdchem.Mol object at 0x7f870f9652a0>
2031	CHEMBL1084601	nM	66.0	CC(C)(CC(=O)N1C2CCC1CC2)NCC(=O)N1C[C@@H](F)C[C@H]1C#N	6.180456064458132	<rdkit.Chem.rdchem.Mol object at 0x7f870f965310>
2032	CHEMBL1085598	nM	160.0	CC(C)(CC(=O)N1CCCCCC1)NCC(=O)N1C[C@@H](F)C[C@H]1C#N	5.795880017344075	<rdkit.Chem.rdchem.Mol object at 0x7f870f965380>
2033	CHEMBL1085597	nM	63.0	CCOC(=O)N1CCN(C(=O)CC(C)(C)NCC(=O)N2C[C@@H](F)C[C@H]2C#N)CC1	6.200659450546418	<rdkit.Chem.rdchem.Mol object at 0x7f870f9653f0>
2034	CHEMBL1085596	nM	93.0	CN1CCN(C(=O)CC(C)(C)NCC(=O)N2C[C@@H](F)C[C@H]2C#N)CC1	6.031517051446065	<rdkit.Chem.rdchem.Mol object at 0x7f870f965460>
2035	CHEMBL1085595	nM	15.0	CC(C)(CC(=O)N1CCN(S(C)(=O)=O)CC1)NCC(=O)N1C[C@@H](F)C[C@H]1C#N	6.823908740944319	<rdkit.Chem.rdchem.Mol object at 0x7f870f9654d0>
2036	CHEMBL1085333	nM	13.49073756323204	CC(C)(CC(=O)N1CCOCC1)NCC(=O)N1C[C@@H](F)C[C@H]1C#N	6.869964306007462	<rdkit.Chem.rdchem.Mol object at 0x7f870f965540>
2037	CHEMBL1085332	nM	26.0	CC(C)(CC(=O)N1CCC(=O)CC1)NCC(=O)N1C[C@@H](F)C[C@H]1C#N	6.585026652029182	<rdkit.Chem.rdchem.Mol object at 0x7f870f9655b0>
2038	CHEMBL1085075	nM	18.0	CC(C)(CC(=O)N1CC=CCC1)NCC(=O)N1C[C@@H](F)C[C@H]1C#N	6.7447274948966935	<rdkit.Chem.rdchem.Mol object at 0x7f870f965620>
2039	CHEMBL1085074	nM	13.999999999999996	CC(C)(CC(=O)N1CCCCC1)NCC(=O)N1C[C@@H](F)C[C@H]1C#N	6.853871964321762	<rdkit.Chem.rdchem.Mol object at 0x7f870f965690>
2040	CHEMBL1085580	nM	27.0	CC(C)(CC(=O)N1CCSC1)NCC(=O)N1C[C@@H](F)C[C@H]1C#N	6.568636235841013	<rdkit.Chem.rdchem.Mol object at 0x7f870f965700>
2041	CHEMBL1085579	nM	32.0	C[C@@H]1CCCN1C(=O)CC(C)(C)NCC(=O)N1C[C@@H](F)C[C@H]1C#N	6.494850021680094	<rdkit.Chem.rdchem.Mol object at 0x7f870f965770>
2042	CHEMBL1086039	nM	24.0	CC(C)(CC(=O)N1CCC[C@H]1CO)NCC(=O)N1C[C@@H](F)C[C@H]1C#N	6.619788758288394	<rdkit.Chem.rdchem.Mol object at 0x7f870f9657e0>
2043	CHEMBL1082465	nM	39.0	CC(C)(CC(=O)N1CC[C@@H](F)C1)NCC(=O)N1C[C@@H](F)C[C@H]1C#N	6.4089353929735005	<rdkit.Chem.rdchem.Mol object at 0x7f870f965850>
2044	CHEMBL1082464	nM	50.0	CC(C)(CC(=O)N1CC[C@H](O)C1)NCC(=O)N1C[C@@H](F)C[C@H]1C#N	6.301029995663981	<rdkit.Chem.rdchem.Mol object at 0x7f870f9658c0>
2045	CHEMBL1082463	nM	21.977260975835907	CC(C)(CC(=O)N1CC[C@@H](O)C1)NCC(=O)N1C[C@@H](F)C[C@H]1C#N	6.658026434624244	<rdkit.Chem.rdchem.Mol object at 0x7f870f965930>
2046	CHEMBL1082462	nM	7.071067811865476	CC(C)(CC(=O)N1CCCC1)NCC(=O)N1C[C@@H](F)C[C@H]1C#N	7.150514997831991	<rdkit.Chem.rdchem.Mol object at 0x7f870f9659a0>
2047	CHEMBL1086502	nM	180.0	CC(C)(CC(=O)N1CC[C@@H](O)C1)NCC(=O)N1CCC[C@H]1C#N	5.7447274948966935	<rdkit.Chem.rdchem.Mol object at 0x7f870f965a10>
2048	CHEMBL1082997	nM	71.0	CC(C)(CC(=O)N1CCCC1)NCC(=O)N1CCC[C@H]1C#N	6.1487416512809245	<rdkit.Chem.rdchem.Mol object at 0x7f870f965a80>
2049	CHEMBL1082996	nM	421.74636927897774	C#C[C@@H]1C[C@H](F)CN1C(=O)CC(C)(C)CC(=O)N[C@H]1C[C@@H]1c1cccc(Cl)c1	5.374948647467687	<rdkit.Chem.rdchem.Mol object at 0x7f870f965af0>
2050	CHEMBL1085269	nM	9.000000000000002	CN(C)C(=O)N1C[C@H]2C[C@@H](NCC(=O)N3CCC[C@H]3C#N)C[C@H]2C1	7.045757490560675	<rdkit.Chem.rdchem.Mol object at 0x7f870f965b60>
2051	CHEMBL1085522	nM	120.0	CC(C)NC(=O)N1C[C@H]2C[C@@H](NCC(=O)N3CCC[C@H]3C#N)C[C@H]2C1	5.920818753952375	<rdkit.Chem.rdchem.Mol object at 0x7f870f965bd0>
2052	CHEMBL1082707	nM	39.0	N#C[C@@H]1CCCN1C(=O)CN[C@@H]1C[C@@H]2CN(C(=O)N3CCCC3)C[C@@H]2C1	6.4089353929735005	<rdkit.Chem.rdchem.Mol object at 0x7f870f965c40>
2053	CHEMBL1082708	nM	69.0	N#C[C@@H]1CCCN1C(=O)CN[C@@H]1C[C@@H]2CN(C(=O)N3CCCCC3)C[C@@H]2C1	6.161150909262744	<rdkit.Chem.rdchem.Mol object at 0x7f870f965cb0>
2054	CHEMBL1082716	nM	50.0	N#C[C@@H]1CCCN1C(=O)CN[C@@H]1C[C@@H]2CN(C(=O)N3CCOCC3)C[C@@H]2C1	6.301029995663981	<rdkit.Chem.rdchem.Mol object at 0x7f870f965d20>
2055	CHEMBL1083031	nM	24.0	COC(=O)N1C[C@H]2C[C@@H](NCC(=O)N3CCC[C@H]3C#N)C[C@H]2C1	6.619788758288394	<rdkit.Chem.rdchem.Mol object at 0x7f870f965d90>
2056	CHEMBL1083032	nM	14.0	N#C[C@@H]1CCCN1C(=O)CN[C@@H]1C[C@@H]2CN(C(=O)CO)C[C@@H]2C1	6.853871964321762	<rdkit.Chem.rdchem.Mol object at 0x7f870f965e00>
2057	CHEMBL1086466	nM	83.0	CN(C)C(=O)N1C[C@H]2C[C@H](NCC(=O)N3CCC[C@H]3C#N)C[C@H]2C1	6.080921907623926	<rdkit.Chem.rdchem.Mol object at 0x7f870f965e70>
2058	CHEMBL1083287	nM	13.0	CN(C)C(=O)N1C[C@@H]2C[C@](C)(NCC(=O)N3CCC[C@H]3C#N)C[C@@H]2C1	6.886056647693163	<rdkit.Chem.rdchem.Mol object at 0x7f870f965ee0>
2059	CHEMBL1083588	nM	13.0	CN(C)C(=O)N1C[C@@H]2C[C@@](C)(NCC(=O)N3CCC[C@H]3C#N)C[C@@H]2C1	6.886056647693163	<rdkit.Chem.rdchem.Mol object at 0x7f870f965f50>
2060	CHEMBL387050	nM	8000.0	O=C1c2ccccc2CN1CC(=O)N1CCC[C@H]1B(O)O	4.096910013008056	<rdkit.Chem.rdchem.Mol object at 0x7f870f965fc0>
2061	CHEMBL1243372	nM	10.0	N#C[C@@H]1CCCN1C(=O)[C@@H](N)CCCN1Cc2ccccc2C1=O	7.0	<rdkit.Chem.rdchem.Mol object at 0x7f870f966030>
2062	CHEMBL1243184	nM	570.0	O=C1N[C@H](C(=O)N2CCC[C@H]2B(O)O)C[C@H]1CC(=O)N1Cc2ccccc2C1	5.2441251443275085	<rdkit.Chem.rdchem.Mol object at 0x7f870f9660a0>
2063	CHEMBL1276590	nM	2300.0	N[C@@H](CC(=O)N1CCN2C(=O)OCC2C1)Cc1cc(F)c(F)cc1F.O=C(O)/C=C/C(=O)O	4.638272163982407	<rdkit.Chem.rdchem.Mol object at 0x7f870f966110>
2064	CHEMBL1276619	nM	1240.0	CN1CC2CN(C(=O)C[C@H](N)Cc3cc(F)c(F)cc3F)CCN2C1=O.O=C(O)/C=C/C(=O)O	4.906578314837765	<rdkit.Chem.rdchem.Mol object at 0x7f870f966180>
2065	CHEMBL1276682	nM	1236.0	N[C@@H](CC(=O)N1CCN2C(=O)N(Cc3ccc(F)cc3)CC2C1)Cc1cc(F)c(F)cc1F.O=C(O)/C=C/C(=O)O	4.907981529247203	<rdkit.Chem.rdchem.Mol object at 0x7f870f9661f0>
2066	CHEMBL1276591	nM	1060.0	N[C@@H](CC(=O)N1CCN2C(=O)NCC2C1)Cc1cc(F)c(F)cc1F.O=C(O)/C=C/C(=O)O	4.97469413473523	<rdkit.Chem.rdchem.Mol object at 0x7f870f966260>
2067	CHEMBL1276620	nM	460.0	CCN1CC2CN(C(=O)C[C@H](N)Cc3cc(F)c(F)cc3F)CCN2C1=O.O=C(O)/C=C/C(=O)O	5.337242168318426	<rdkit.Chem.rdchem.Mol object at 0x7f870f9662d0>
2068	CHEMBL1275851	nM	360.0	COc1ccc(CN2CC3CN(C(=O)C[C@H](N)Cc4cc(F)c(F)cc4F)CCN3C2=O)cc1.O=C(O)/C=C/C(=O)O	5.443697499232712	<rdkit.Chem.rdchem.Mol object at 0x7f870f966340>
2069	CHEMBL1276650	nM	300.0	N[C@@H](CC(=O)N1CCN2C(=O)N(Cc3ccccc3)CC2C1)Cc1cc(F)c(F)cc1F.O=C(O)/C=C/C(=O)O	5.522878745280337	<rdkit.Chem.rdchem.Mol object at 0x7f870f9663b0>
2070	CHEMBL1275853	nM	124.0	COc1cccc(CN2CC3CN(C(=O)C[C@H](N)Cc4cc(F)c(F)cc4F)CCN3C2=O)c1.O=C(O)/C=C/C(=O)O	5.906578314837765	<rdkit.Chem.rdchem.Mol object at 0x7f870f966420>
2071	CHEMBL1275854	nM	114.0	COc1cc(CN2CC3CN(C(=O)C[C@H](N)Cc4cc(F)c(F)cc4F)CCN3C2=O)cc(OC)c1.O=C(O)/C=C/C(=O)O	5.943095148663527	<rdkit.Chem.rdchem.Mol object at 0x7f870f966490>
2072	CHEMBL1275852	nM	101.0	COc1ccccc1CN1CC2CN(C(=O)C[C@H](N)Cc3cc(F)c(F)cc3F)CCN2C1=O.O=C(O)/C=C/C(=O)O	5.995678626217358	<rdkit.Chem.rdchem.Mol object at 0x7f870f966500>
2073	CHEMBL1288231	nM	1.8	Cl.Cn1c(=O)[nH]c2cc(N3CCC[C@@](C)(N)C3)n(Cc3ccccc3)c2c1=O	7.7447274948966935	<rdkit.Chem.rdchem.Mol object at 0x7f870f966570>
2074	CHEMBL1288232	nM	36.0	Cl.Cn1c(=O)c2c(cc(N3CCC[C@@](C)(N)C3)n2Cc2ccccc2C#N)n(C)c1=O	6.443697499232713	<rdkit.Chem.rdchem.Mol object at 0x7f870f9665e0>
2075	CHEMBL1288260	nM	28.0	Cl.Cn1c(=O)c2c(cc(N3CCC[C@@](C)(N)C3)n2Cc2cc(F)ccc2Cl)n(C)c1=O	6.552841968657781	<rdkit.Chem.rdchem.Mol object at 0x7f870f966650>
2076	CHEMBL1288261	nM	27.0	Cc1ccc(F)cc1Cn1c(N2CCC[C@@](C)(N)C2)cc2c1c(=O)n(C)c(=O)n2C.Cl	6.568636235841013	<rdkit.Chem.rdchem.Mol object at 0x7f870f9666c0>
2077	CHEMBL1288288	nM	12.0	CCn1c(=O)n(C)c(=O)c2c1cc(N1CCC[C@@](C)(N)C1)n2Cc1cc(F)ccc1C#N.Cl	6.920818753952375	<rdkit.Chem.rdchem.Mol object at 0x7f870f966730>
2078	CHEMBL1288289	nM	13.0	CN(C)C(=O)Cn1c(=O)n(C)c(=O)c2c1cc(N1CCC[C@@](C)(N)C1)n2Cc1cc(F)ccc1Cl.Cl	6.886056647693163	<rdkit.Chem.rdchem.Mol object at 0x7f870f9667a0>
2079	CHEMBL1287844	nM	23.0	Cl.Cn1c(=O)c2c(cc(N3CCC[C@@](C)(N)C3)n2Cc2cc(F)ccc2Cl)n(CCCO)c1=O	6.638272163982407	<rdkit.Chem.rdchem.Mol object at 0x7f870f966810>
2080	CHEMBL1287845	nM	122.0	CCOCCCn1c(=O)n(C)c(=O)c2c1cc(N1CCC[C@@](C)(N)C1)n2Cc1cc(F)ccc1Cl.Cl	5.913640169325252	<rdkit.Chem.rdchem.Mol object at 0x7f870f966880>
2081	CHEMBL1287874	nM	103.0	Cl.Cn1cnc2cc(N3CCC[C@@](C)(N)C3)n(Cc3cc(F)ccc3Cl)c2c1=O	5.987162775294828	<rdkit.Chem.rdchem.Mol object at 0x7f870f9668f0>
2082	CHEMBL1287875	nM	87.0	Cl.Cn1cnc2cc(N3CCC[C@@](C)(N)C3)n(Cc3cc(F)ccc3C#N)c2c1=O	6.060480747381382	<rdkit.Chem.rdchem.Mol object at 0x7f870f966960>
2083	CHEMBL1287901	nM	23.0	Cc1ccc(F)cc1Cn1c(N2CCC[C@@](C)(N)C2)cc2ncn(C)c(=O)c21.Cl	6.638272163982407	<rdkit.Chem.rdchem.Mol object at 0x7f870f9669d0>
2084	CHEMBL1287902	nM	151.0	Cl.Cn1cnc2cc(N3CCC[C@@](C)(N)C3)n(Cc3ccccc3C#N)c2c1=O	5.82102305270683	<rdkit.Chem.rdchem.Mol object at 0x7f870f966a40>
2085	CHEMBL3216724	nM	3.7	COC(=O)c1cccc(NC(=O)Cc2c(C)nc(CC(C)C)c(CN)c2-c2ccc(C)cc2)c1.Cl.Cl	7.431798275933005	<rdkit.Chem.rdchem.Mol object at 0x7f870f966ab0>
2086	CHEMBL3216940	nM	19.0	Cc1ccc(-c2c(CC(=O)Nc3cccc(C(=O)O)c3)c(C)nc(CC(C)C)c2CN)cc1.Cl.Cl	6.721246399047171	<rdkit.Chem.rdchem.Mol object at 0x7f870f966b20>
2087	CHEMBL3216270	nM	8.1	Cc1ccc(-c2c(CC(=O)Nc3cccc(C(N)=O)c3)c(C)nc(CC(C)C)c2CN)cc1.Cl.Cl	7.0915149811213505	<rdkit.Chem.rdchem.Mol object at 0x7f870f966b90>
2088	CHEMBL3215827	nM	1.8	CC(=O)c1cccc(NC(=O)Cc2c(C)nc(CC(C)C)c(CN)c2-c2ccc(C)cc2)c1.Cl.Cl	7.7447274948966935	<rdkit.Chem.rdchem.Mol object at 0x7f870f966c00>
2089	CHEMBL3216271	nM	19.0	COC(=O)c1ccccc1NC(=O)Cc1c(C)nc(CC(C)C)c(CN)c1-c1ccc(C)cc1.Cl.Cl	6.721246399047171	<rdkit.Chem.rdchem.Mol object at 0x7f870f966c70>
2090	CHEMBL3216483	nM	23.0	COC(=O)c1cscc1NC(=O)Cc1c(C)nc(CC(C)C)c(CN)c1-c1ccc(C)cc1.Cl.Cl	6.638272163982407	<rdkit.Chem.rdchem.Mol object at 0x7f870f966ce0>
2091	CHEMBL3216272	nM	30.0	Cc1ccc(-c2c(CC(=O)Nc3cscc3C(=O)O)c(C)nc(CC(C)C)c2CN)cc1.Cl.Cl	6.522878745280337	<rdkit.Chem.rdchem.Mol object at 0x7f870f966d50>
2092	CHEMBL1644844	nM	2.8	Cc1ccc(-c2c(CC(=O)Nc3cccc([S+](C)[O-])c3)c(C)nc(CC(C)C)c2CN)cc1.Cl	7.552841968657781	<rdkit.Chem.rdchem.Mol object at 0x7f870f966dc0>
2093	CHEMBL3217158	nM	8.2	Cc1ccc(-c2c(CC(=O)Nc3cccc(S(C)(=O)=O)c3)c(C)nc(CC(C)C)c2CN)cc1.Cl.Cl	7.086186147616283	<rdkit.Chem.rdchem.Mol object at 0x7f870f966e30>
2094	CHEMBL3215828	nM	11.0	COC(=O)C1CCN(C(=O)Cc2c(C)nc(CC(C)C)c(CN)c2-c2ccc(C)cc2)C1.Cl.Cl	6.958607314841775	<rdkit.Chem.rdchem.Mol object at 0x7f870f966ea0>
2095	CHEMBL3215611	nM	53.0	Cc1ccc(-c2c(CC(=O)N3CCC(S(C)(=O)=O)C3)c(C)nc(CC(C)C)c2CN)cc1.Cl.Cl	6.275724130399211	<rdkit.Chem.rdchem.Mol object at 0x7f870f966f10>
2096	CHEMBL3216064	nM	1.1	COC(=O)[C@@H]1CCCN1C(=O)Cc1c(C)nc(CC(C)C)c(CN)c1-c1ccc(C)cc1.Cl.Cl	7.958607314841775	<rdkit.Chem.rdchem.Mol object at 0x7f870f966f80>
2097	CHEMBL3216485	nM	2.9	Cc1ccc(-c2c(CC(=O)N3CCC[C@H]3C(=O)O)c(C)nc(CC(C)C)c2CN)cc1.Cl.Cl	7.537602002101044	<rdkit.Chem.rdchem.Mol object at 0x7f870f966ff0>
2098	CHEMBL3216725	nM	1.1	Cc1ccc(-c2c(CC(=O)N3CCC[C@H]3C(N)=O)c(C)nc(CC(C)C)c2CN)cc1.Cl.Cl	7.958607314841775	<rdkit.Chem.rdchem.Mol object at 0x7f870f967060>
2099	CHEMBL3216941	nM	23.0	COC(=O)[C@H]1CCCN1C(=O)Cc1c(C)nc(CC(C)C)c(CN)c1-c1ccc(C)cc1.Cl.Cl	6.638272163982407	<rdkit.Chem.rdchem.Mol object at 0x7f870f9670d0>
2100	CHEMBL3216726	nM	7.8	Cc1ccc(-c2c(CC(=O)N3CCC[C@@H]3C(=O)O)c(C)nc(CC(C)C)c2CN)cc1.Cl.Cl	7.107905397309519	<rdkit.Chem.rdchem.Mol object at 0x7f870f967140>
2101	CHEMBL3217159	nM	12.0	Cc1ccc(-c2c(CC(=O)N3CCC[C@@H]3C(N)=O)c(C)nc(CC(C)C)c2CN)cc1.Cl.Cl	6.920818753952375	<rdkit.Chem.rdchem.Mol object at 0x7f870f9671b0>
2102	CHEMBL3216727	nM	69.0	CNC(=O)Cc1c(C)nc(CC(C)C)c(CN)c1-c1ccc(C)cc1.Cl.Cl	6.161150909262744	<rdkit.Chem.rdchem.Mol object at 0x7f870f967220>
2103	CHEMBL3216942	nM	17.0	COC(=O)CNC(=O)Cc1c(C)nc(CC(C)C)c(CN)c1-c1ccc(C)cc1.Cl.Cl	6.769551078621726	<rdkit.Chem.rdchem.Mol object at 0x7f870f967290>
2104	CHEMBL3217160	nM	73.0	Cc1ccc(-c2c(CC(=O)NCC(=O)O)c(C)nc(CC(C)C)c2CN)cc1.Cl.Cl	6.136677139879544	<rdkit.Chem.rdchem.Mol object at 0x7f870f967300>
2105	CHEMBL1614729	nM	22.000000000000004	Cc1ccc(-c2c(CN)c(CC(C)C)nc(C)c2C(=O)O)cc1	6.657577319177793	<rdkit.Chem.rdchem.Mol object at 0x7f870f967370>
2106	CHEMBL1651763	nM	0.87	N#Cc1ccccc1Cn1c(N2CCC[C@@H](N)C2)nc2sccc2c1=O	8.060480747381382	<rdkit.Chem.rdchem.Mol object at 0x7f870f9673e0>
2107	CHEMBL1651764	nM	1.32	Cc1csc2nc(N3CCC[C@@H](N)C3)n(Cc3ccccc3C#N)c(=O)c12	7.87942606879415	<rdkit.Chem.rdchem.Mol object at 0x7f870f967450>
2108	CHEMBL1651765	nM	88.82	N#Cc1ccccc1Cn1c(N2CCC[C@@H](N)C2)nc2scc(C(F)(F)F)c2c1=O	6.051489231162343	<rdkit.Chem.rdchem.Mol object at 0x7f870f9674c0>
2109	CHEMBL1651766	nM	0.33	N#Cc1ccccc1Cn1c(N2CCC[C@@H](N)C2)nc2ccsc2c1=O	8.481486060122112	<rdkit.Chem.rdchem.Mol object at 0x7f870f967530>
2110	CHEMBL1651767	nM	1.72	Cc1csc2c(=O)n(Cc3ccccc3C#N)c(N3CCC[C@@H](N)C3)nc12	7.764471553092451	<rdkit.Chem.rdchem.Mol object at 0x7f870f9675a0>
2111	CHEMBL376359	nM	6.702517673436424	Cn1c(=O)cc(N2CCC[C@@H](N)C2)n(Cc2ccccc2C#N)c1=O	7.173762032180473	<rdkit.Chem.rdchem.Mol object at 0x7f870f967610>
2112	CHEMBL1650449	nM	10.0	Cn1c(=O)cc(N2CCC[C@@](C)(N)C2)n(Cc2cc(F)ccc2C#N)c1=O	7.0	<rdkit.Chem.rdchem.Mol object at 0x7f870f967680>
2113	CHEMBL1650448	nM	3800.0	Cn1c(=O)cc(N2CCCCC(N)C2)n(Cc2ccccc2C#N)c1=O	4.42021640338319	<rdkit.Chem.rdchem.Mol object at 0x7f870f9676f0>
2114	CHEMBL1650447	nM	590.0	Cn1c(=O)cc(NC2CCCCNC2)n(Cc2ccccc2C#N)c1=O	5.229147988357856	<rdkit.Chem.rdchem.Mol object at 0x7f870f967760>
2115	CHEMBL1650446	nM	17000.0	CCn1c(=O)cc(NCCN)n(Cc2ccccc2C#N)c1=O	3.769551078621726	<rdkit.Chem.rdchem.Mol object at 0x7f870f9677d0>
2116	CHEMBL1650445	nM	830.0	Cn1c(=O)cc(N2CCC[C@@H](N)C2)n(Cc2c(F)ccc(F)c2Cl)c1=O	5.080921907623926	<rdkit.Chem.rdchem.Mol object at 0x7f870f967840>
2117	CHEMBL1650444	nM	27.0	Cn1c(=O)cc(N2CCC[C@@H](N)C2)n(Cc2cc(Cl)ccc2Cl)c1=O	6.568636235841013	<rdkit.Chem.rdchem.Mol object at 0x7f870f9678b0>
2118	CHEMBL1650443	nM	1.9006586456267565	Cn1c(=O)cc(N2CCC[C@@H](N)C2)n(Cc2cc(F)ccc2C#N)c1=O	7.721095874524574	<rdkit.Chem.rdchem.Mol object at 0x7f870f967920>
2119	CHEMBL1650442	nM	890.0	Cn1c(=O)cc(N2CCC[C@@H](N)C2)n(Cc2ccc(F)cc2Cl)c1=O	5.050609993355088	<rdkit.Chem.rdchem.Mol object at 0x7f870f967990>
2120	CHEMBL1650441	nM	14.0	Cn1c(=O)cc(N2CCC[C@@H](N)C2)n(Cc2cc(F)ccc2Cl)c1=O	6.853871964321762	<rdkit.Chem.rdchem.Mol object at 0x7f870f967a00>
2121	CHEMBL1650440	nM	8.0	Cn1c(=O)cc(N2CCC[C@@H](N)C2)n(Cc2cc(F)ccc2Br)c1=O	7.096910013008056	<rdkit.Chem.rdchem.Mol object at 0x7f870f967a70>
2122	CHEMBL1650439	nM	12.0	Cn1c(=O)cc(N2CCC[C@@H](N)C2)n(Cc2ccccc2Br)c1=O	6.920818753952375	<rdkit.Chem.rdchem.Mol object at 0x7f870f967ae0>
2123	CHEMBL1650438	nM	36.0	N[C@@H]1CCCN(c2cc(=O)[nH]c(=O)n2Cc2ccccc2Br)C1	6.443697499232713	<rdkit.Chem.rdchem.Mol object at 0x7f870f967b50>
2124	CHEMBL1650437	nM	68.0	CCn1c(=O)cc(N2CCC[C@@H](N)C2)n(Cc2ccccc2C#N)c1=O	6.167491087293763	<rdkit.Chem.rdchem.Mol object at 0x7f870f967bc0>
2125	CHEMBL1650436	nM	57.0	Cn1c(=O)c(Cl)c(N2CCC[C@@H](N)C2)n(Cc2ccccc2C#N)c1=O	6.2441251443275085	<rdkit.Chem.rdchem.Mol object at 0x7f870f967c30>
2126	CHEMBL1650435	nM	4.0	N#Cc1ccccc1Cn1c(N2CCC[C@@H](N)C2)cc(=O)[nH]c1=O	7.3979400086720375	<rdkit.Chem.rdchem.Mol object at 0x7f870f967ca0>
2127	CHEMBL1650434	nM	6.0	N#Cc1ccc(F)cc1Cn1c(N2CCC[C@@H](N)C2)ncc(Br)c1=O	7.221848749616356	<rdkit.Chem.rdchem.Mol object at 0x7f870f967d10>
2128	CHEMBL1650433	nM	8.0	N#Cc1ccc(F)cc1Cn1c(N2CCC[C@@H](N)C2)ncc(Cl)c1=O	7.096910013008056	<rdkit.Chem.rdchem.Mol object at 0x7f870f967d80>
2129	CHEMBL1650432	nM	8.0	N#Cc1ccc(F)cc1Cn1c(N2CCC[C@@H](N)C2)ncc(F)c1=O	7.096910013008056	<rdkit.Chem.rdchem.Mol object at 0x7f870f967df0>
2130	CHEMBL1650431	nM	430.0	N#Cc1cc(F)ccc1Cn1c(N2CCC[C@@H](N)C2)ncc(F)c1=O	5.366531544420414	<rdkit.Chem.rdchem.Mol object at 0x7f870f967e60>
2131	CHEMBL1650430	nM	3.0	N#Cc1ccsc1Cn1c(N2CCC[C@@H](N)C2)ncc(Br)c1=O	7.522878745280337	<rdkit.Chem.rdchem.Mol object at 0x7f870f967ed0>
2132	CHEMBL1650429	nM	6.0	N#Cc1ccccc1Cn1c(N2CCC[C@@H](N)C2)ncc(/C=C/c2cccnc2)c1=O	7.221848749616356	<rdkit.Chem.rdchem.Mol object at 0x7f870f967f40>
2133	CHEMBL1650428	nM	21.0	N#Cc1ccccc1Cn1c(N2CCC[C@@H](N)C2)ncc(/C=C/c2ccc(F)cc2)c1=O	6.6777807052660805	<rdkit.Chem.rdchem.Mol object at 0x7f870f968040>
2134	CHEMBL1650427	nM	22.0	N#Cc1ccccc1Cn1c(N2CCC[C@@H](N)C2)ncc(/C=C/c2ccccc2)c1=O	6.657577319177793	<rdkit.Chem.rdchem.Mol object at 0x7f870f9680b0>
2135	CHEMBL1650426	nM	8.0	C=Cc1cnc(N2CCC[C@@H](N)C2)n(Cc2ccccc2C#N)c1=O	7.096910013008056	<rdkit.Chem.rdchem.Mol object at 0x7f870f968120>
2136	CHEMBL1650425	nM	570.0	CC(C)(C)C#Cc1cnc(N2CCC[C@@H](N)C2)n(Cc2ccccc2C#N)c1=O	5.2441251443275085	<rdkit.Chem.rdchem.Mol object at 0x7f870f968190>
2137	CHEMBL1650424	nM	20.0	N#Cc1ccccc1Cn1c(N2CCC[C@@H](N)C2)ncc(C#CCO)c1=O	6.698970004336019	<rdkit.Chem.rdchem.Mol object at 0x7f870f968200>
2138	CHEMBL1650423	nM	5.0	CC#Cc1cnc(N2CCC[C@@H](N)C2)n(Cc2ccccc2C#N)c1=O	7.301029995663981	<rdkit.Chem.rdchem.Mol object at 0x7f870f968270>
2139	CHEMBL1650422	nM	5.0	C#Cc1cnc(N2CCC[C@@H](N)C2)n(Cc2ccccc2C#N)c1=O	7.301029995663981	<rdkit.Chem.rdchem.Mol object at 0x7f870f9682e0>
2140	CHEMBL1650421	nM	200.0	N#Cc1ccccc1Cn1c(N2CCC[C@@H](N)C2)ncc(N2CCCC2)c1=O	5.698970004336019	<rdkit.Chem.rdchem.Mol object at 0x7f870f968350>
2141	CHEMBL1650420	nM	5.0	N#Cc1ccccc1Cn1c(N2CCC[C@@H](N)C2)ncc(-c2cc[nH]c2)c1=O	7.301029995663981	<rdkit.Chem.rdchem.Mol object at 0x7f870f9683c0>
2142	CHEMBL1650419	nM	77.0	Cc1nc(N2CCC[C@@H](N)C2)n(Cc2ccccc2C#N)c(=O)c1-c1ccoc1	6.113509274827518	<rdkit.Chem.rdchem.Mol object at 0x7f870f968430>
2143	CHEMBL1650418	nM	12.0	N#Cc1ccccc1Cn1c(N2CCC[C@@H](N)C2)ncc(-c2ccoc2)c1=O	6.920818753952375	<rdkit.Chem.rdchem.Mol object at 0x7f870f9684a0>
2144	CHEMBL1650417	nM	990.0	COc1ccccc1-c1cnc(N2CCC[C@@H](N)C2)n(Cc2ccccc2C#N)c1=O	5.00436480540245	<rdkit.Chem.rdchem.Mol object at 0x7f870f968510>
2145	CHEMBL1650416	nM	240.0	N#Cc1ccccc1Cn1c(N2CCC[C@@H](N)C2)ncc(-c2ccccc2F)c1=O	5.619788758288394	<rdkit.Chem.rdchem.Mol object at 0x7f870f968580>
2146	CHEMBL1650415	nM	540.0	Cc1nc(N2CCC[C@@H](N)C2)n(Cc2ccccc2C#N)c(=O)c1-c1ccccc1	5.267606240177032	<rdkit.Chem.rdchem.Mol object at 0x7f870f9685f0>
2147	CHEMBL1650414	nM	23.0	N#Cc1ccccc1Cn1c(N2CCC[C@@H](N)C2)ncc(-c2ccccc2)c1=O	6.638272163982407	<rdkit.Chem.rdchem.Mol object at 0x7f870f968660>
2148	CHEMBL1650413	nM	13.0	N#Cc1ccccc1Cn1c(N2CCC[C@@H](N)C2)nc2c(c1=O)CCCC2	6.886056647693163	<rdkit.Chem.rdchem.Mol object at 0x7f870f9686d0>
2149	CHEMBL1650412	nM	23.0	N#Cc1ccccc1Cn1c(N2CCC[C@@H](N)C2)nc(-c2ccccc2)cc1=O	6.638272163982407	<rdkit.Chem.rdchem.Mol object at 0x7f870f968740>
2150	CHEMBL1650411	nM	4.0	COc1cnc(N2CCC[C@@H](N)C2)n(Cc2ccccc2C#N)c1=O	7.3979400086720375	<rdkit.Chem.rdchem.Mol object at 0x7f870f9687b0>
2151	CHEMBL1650410	nM	17.0	CCc1cnc(N2CCC[C@@H](N)C2)n(Cc2ccccc2C#N)c1=O	6.769551078621726	<rdkit.Chem.rdchem.Mol object at 0x7f870f968820>
2152	CHEMBL1650409	nM	10.0	Cc1nc(N2CCC[C@@H](N)C2)n(Cc2ccccc2C#N)c(=O)c1C	7.0	<rdkit.Chem.rdchem.Mol object at 0x7f870f968890>
2153	CHEMBL1650408	nM	6.0	N#Cc1ccccc1Cn1c(N2CCC[C@@H](N)C2)ncc(I)c1=O	7.221848749616356	<rdkit.Chem.rdchem.Mol object at 0x7f870f968900>
2154	CHEMBL1650407	nM	7400.0	CC(C)(C)c1nc(N2CCC[C@@H](N)C2)n(Cc2ccccc2C#N)c(=O)c1Br	4.130768280269024	<rdkit.Chem.rdchem.Mol object at 0x7f870f968970>
2155	CHEMBL1650406	nM	8.0	Cc1nc(N2CCC[C@@H](N)C2)n(Cc2ccccc2C#N)c(=O)c1Br	7.096910013008056	<rdkit.Chem.rdchem.Mol object at 0x7f870f9689e0>
2156	CHEMBL1235761	nM	5.0	N#Cc1ccccc1Cn1c(N2CCC[C@@H](N)C2)ncc(Br)c1=O	7.301029995663981	<rdkit.Chem.rdchem.Mol object at 0x7f870f968a50>
2157	CHEMBL1650405	nM	7.0	N#Cc1ccccc1Cn1c(N2CCC[C@@H](N)C2)ncc(Cl)c1=O	7.154901959985743	<rdkit.Chem.rdchem.Mol object at 0x7f870f968ac0>
2158	CHEMBL1650403	nM	14.0	N#Cc1ccccc1Cn1c(N2CCC[C@@H](N)C2)nccc1=O	6.853871964321762	<rdkit.Chem.rdchem.Mol object at 0x7f870f968b30>
2159	CHEMBL1650404	nM	6.0	N#Cc1ccccc1Cn1c(N2CCC[C@@H](N)C2)ncc(F)c1=O	7.221848749616356	<rdkit.Chem.rdchem.Mol object at 0x7f870f968ba0>
2160	CHEMBL3216493	nM	23.0	Cc1ccc(-c2c(CN)c(CC(C)C)nc3ccc(CCC(=O)O)cc23)cc1.Cl.Cl	6.638272163982407	<rdkit.Chem.rdchem.Mol object at 0x7f870f968c10>
2161	CHEMBL3215844	nM	8.7	Cc1ccc(-c2c(CN)c(CC(C)C)nc3ccc(CCCC(=O)O)cc23)cc1.Cl.Cl	7.060480747381382	<rdkit.Chem.rdchem.Mol object at 0x7f870f968c80>
2162	CHEMBL3216279	nM	9.6	Cc1ccc(-c2c(CN)c(CC(C)C)nc3ccc(CCCCC(=O)O)cc23)cc1.Cl.Cl	7.017728766960432	<rdkit.Chem.rdchem.Mol object at 0x7f870f968cf0>
2163	CHEMBL3216495	nM	6.6	Cc1ccc(-c2c(CN)c(CC(C)C)nc3ccc(CCCCCC(=O)O)cc23)cc1.Cl.Cl	7.180456064458132	<rdkit.Chem.rdchem.Mol object at 0x7f870f968d60>
2164	CHEMBL3142227	nM	1.3	Cc1ccc(-c2c(CN)c(CC(C)C)nc3ccc(N4CC(=O)NCC4=O)cc23)cc1.Cl.Cl	7.886056647693163	<rdkit.Chem.rdchem.Mol object at 0x7f870f968dd0>
2165	CHEMBL3215845	nM	18.0	Cc1ccc(-c2c(CN)c(CC(C)C)nc(C)c2C(=O)O)cc1.Cl.Cl	6.7447274948966935	<rdkit.Chem.rdchem.Mol object at 0x7f870f968e40>
2166	CHEMBL3216734	nM	20.0	Cc1ccc(-c2c(CC(=O)O)c(C)nc(CC(C)C)c2CN)cc1.Cl.Cl	6.698970004336019	<rdkit.Chem.rdchem.Mol object at 0x7f870f968eb0>
2167	CHEMBL3216954	nM	39.0	Cc1ccc(-c2c(CCC(=O)O)c(C)nc(CC(C)C)c2CN)cc1.Cl.Cl	6.4089353929735005	<rdkit.Chem.rdchem.Mol object at 0x7f870f968f20>
2168	CHEMBL3216718	nM	66.0	Cc1ccc(-c2c(/C=C/C(=O)O)c(C)nc(CC(C)C)c2CN)cc1.Cl.Cl	6.180456064458132	<rdkit.Chem.rdchem.Mol object at 0x7f870f968f90>
2169	CHEMBL3216937	nM	57.0	CCCc1nc(C)c(C(=O)O)c(-c2ccc(C)cc2)c1CN.Cl.Cl	6.2441251443275085	<rdkit.Chem.rdchem.Mol object at 0x7f870f969000>
2170	CHEMBL3216477	nM	58.0	CCCCc1nc(C)c(C(=O)O)c(-c2ccc(C)cc2)c1CN.Cl.Cl	6.236572006437063	<rdkit.Chem.rdchem.Mol object at 0x7f870f969070>
2171	CHEMBL3216938	nM	18.0	Cc1ccc(-c2c(CN)c(CC(C)(C)C)nc(C)c2C(=O)O)cc1.Cl.Cl	6.7447274948966935	<rdkit.Chem.rdchem.Mol object at 0x7f870f9690e0>
2172	CHEMBL3216719	nM	5.7	CCc1nc(CC(C)(C)C)c(CN)c(-c2ccc(C)cc2)c1C(=O)O.Cl.Cl	7.2441251443275085	<rdkit.Chem.rdchem.Mol object at 0x7f870f969150>
2173	CHEMBL3215820	nM	4.4	CCCc1nc(CC(C)(C)C)c(CN)c(-c2ccc(C)cc2)c1C(=O)O.Cl.Cl	7.356547323513812	<rdkit.Chem.rdchem.Mol object at 0x7f870f9691c0>
2174	CHEMBL3215608	nM	19.0	Cc1ccc(-c2c(CN)c(CC(C)(C)C)nc(C(C)C)c2C(=O)O)cc1.Cl.Cl	6.721246399047171	<rdkit.Chem.rdchem.Mol object at 0x7f870f969230>
2175	CHEMBL3215606	nM	4.6	Cc1ccc(-c2c(CN)c(CC(C)(C)C)nc(CC(C)C)c2C(=O)O)cc1.Cl.Cl	7.337242168318426	<rdkit.Chem.rdchem.Mol object at 0x7f870f9692a0>
2176	CHEMBL3216060	nM	2.5	Cc1ccc(-c2c(CN)c(CC(C)(C)C)nc(Cc3ccccc3)c2C(=O)O)cc1.Cl.Cl	7.6020599913279625	<rdkit.Chem.rdchem.Mol object at 0x7f870f969310>
2177	CHEMBL3215607	nM	10.0	Cc1ccc(-c2c(CC(=O)O)c(C)nc(CC(C)(C)C)c2CN)cc1.Cl.Cl	7.0	<rdkit.Chem.rdchem.Mol object at 0x7f870f969380>
2178	CHEMBL1672127	nM	5.3	CCc1nc(CC(C)(C)C)c(CN)c(-c2ccc(C)cc2)c1CC(=O)O.O	7.275724130399211	<rdkit.Chem.rdchem.Mol object at 0x7f870f9693f0>
2179	CHEMBL1683476	nM	601.0	Cl.N[C@@H](CC(=O)N1CCSC1C(=O)O)Cc1cc(F)c(F)cc1F	5.221125527997261	<rdkit.Chem.rdchem.Mol object at 0x7f870f969460>
2180	CHEMBL1683477	nM	204.0	COC(=O)C1SCCN1C(=O)C[C@H](N)Cc1cc(F)c(F)cc1F.Cl	5.690369832574101	<rdkit.Chem.rdchem.Mol object at 0x7f870f9694d0>
2181	CHEMBL1683478	nM	212.0	Cl.N[C@@H](CC(=O)N1CCSC1C(=O)NCC(=O)O)Cc1cc(F)c(F)cc1F	5.673664139071248	<rdkit.Chem.rdchem.Mol object at 0x7f870f969540>
2182	CHEMBL1683479	nM	101.0	CCOC(=O)CNC(=O)C1SCCN1C(=O)C[C@H](N)Cc1cc(F)c(F)cc1F.Cl	5.995678626217358	<rdkit.Chem.rdchem.Mol object at 0x7f870f9695b0>
2183	CHEMBL1683480	nM	1700.0	CN(C)C(=O)C1SCCN1C(=O)C[C@H](N)Cc1cc(F)c(F)cc1F.Cl	4.769551078621726	<rdkit.Chem.rdchem.Mol object at 0x7f870f969620>
2184	CHEMBL1683481	nM	807.0	Cl.N[C@@H](CC(=O)N1CCSC1C(=O)N1CCOCC1)Cc1cc(F)c(F)cc1F	5.09312646527793	<rdkit.Chem.rdchem.Mol object at 0x7f870f969690>
2185	CHEMBL1683482	nM	680.0	Cl.N[C@@H](CC(=O)N1CCSC1C(=O)N1CCNCC1)Cc1cc(F)c(F)cc1F	5.167491087293763	<rdkit.Chem.rdchem.Mol object at 0x7f870f969700>
2186	CHEMBL1683483	nM	88.0	Cl.N[C@@H](CC(=O)N1CCSC1C(=O)NCc1ccoc1)Cc1cc(F)c(F)cc1F	6.055517327849832	<rdkit.Chem.rdchem.Mol object at 0x7f870f969770>
2187	CHEMBL1681806	nM	77.0	Cl.N[C@@H](CC(=O)N1CCSC1C(=O)NCc1ccccc1)Cc1cc(F)c(F)cc1F	6.113509274827518	<rdkit.Chem.rdchem.Mol object at 0x7f870f9697e0>
2188	CHEMBL1683484	nM	357.0	Cl.N[C@@H](CC(=O)N1CCSC1C(=O)NCc1ccncc1)Cc1cc(F)c(F)cc1F	5.447331783887806	<rdkit.Chem.rdchem.Mol object at 0x7f870f969850>
2189	CHEMBL1683485	nM	328.0	Cl.N[C@@H](CC(=O)N1CCSC1C(=O)NCc1ccc(O)cc1)Cc1cc(F)c(F)cc1F	5.484126156288321	<rdkit.Chem.rdchem.Mol object at 0x7f870f9698c0>
2190	CHEMBL1683486	nM	229.0	Cl.N[C@@H](CC(=O)N1CCSC1C(=O)NCc1ccc(C(=O)O)cc1)Cc1cc(F)c(F)cc1F	5.640164517660112	<rdkit.Chem.rdchem.Mol object at 0x7f870f969930>
2191	CHEMBL1683487	nM	41.0	CCOC(=O)COc1ccc(CNC(=O)C2SCCN2C(=O)C[C@H](N)Cc2cc(F)c(F)cc2F)cc1.Cl	6.3872161432802645	<rdkit.Chem.rdchem.Mol object at 0x7f870f9699a0>
2192	CHEMBL1683488	nM	51.0	Cl.N[C@@H](CC(=O)N1CCSC1C(=O)NCc1ccc(OCC(=O)O)cc1)Cc1cc(F)c(F)cc1F	6.292429823902063	<rdkit.Chem.rdchem.Mol object at 0x7f870f969a10>
2193	CHEMBL1683489	nM	95.0	CCOC(=O)COc1cccc(CNC(=O)C2SCCN2C(=O)C[C@H](N)Cc2cc(F)c(F)cc2F)c1.Cl	6.022276394711152	<rdkit.Chem.rdchem.Mol object at 0x7f870f969a80>
2194	CHEMBL1683490	nM	102.0	Cl.N[C@@H](CC(=O)N1CCSC1C(=O)NCc1cccc(OCC(=O)O)c1)Cc1cc(F)c(F)cc1F	5.991399828238082	<rdkit.Chem.rdchem.Mol object at 0x7f870f969af0>
2195	CHEMBL1683491	nM	112.0	CCOC(=O)C1COc2cc(CNC(=O)C3SCCN3C(=O)C[C@H](N)Cc3cc(F)c(F)cc3F)ccc2O1.Cl	5.950781977329818	<rdkit.Chem.rdchem.Mol object at 0x7f870f969b60>
2196	CHEMBL1683492	nM	192.0	Cl.N[C@@H](CC(=O)N1CCSC1C(=O)NCc1ccc2c(c1)OCC(C(=O)O)O2)Cc1cc(F)c(F)cc1F	5.71669877129645	<rdkit.Chem.rdchem.Mol object at 0x7f870f969bd0>
2197	CHEMBL1683493	nM	64.0	CCOC(=O)C1Oc2ccc(CNC(=O)C3SCCN3C(=O)C[C@H](N)Cc3cc(F)c(F)cc3F)cc2O1.Cl	6.1938200260161125	<rdkit.Chem.rdchem.Mol object at 0x7f870f969c40>
2198	CHEMBL1683494	nM	64.0	Cl.N[C@@H](CC(=O)N1CCSC1C(=O)NCc1ccc2c(c1)OC(C(=O)O)O2)Cc1cc(F)c(F)cc1F	6.1938200260161125	<rdkit.Chem.rdchem.Mol object at 0x7f870f969cb0>
2199	CHEMBL1683495	nM	216.0	CC(Oc1ccc(CNC(=O)C2SCCN2C(=O)C[C@H](N)Cc2cc(F)c(F)cc2F)cc1)C(=O)O.Cl	5.665546248849069	<rdkit.Chem.rdchem.Mol object at 0x7f870f969d20>
2200	CHEMBL1683496	nM	56.0	CC(C)(Oc1ccc(CNC(=O)C2SCCN2C(=O)C[C@H](N)Cc2cc(F)c(F)cc2F)cc1)C(=O)O.Cl	6.251811972993799	<rdkit.Chem.rdchem.Mol object at 0x7f870f969d90>
2201	CHEMBL1683497	nM	28.0	Cl.N[C@@H](CC(=O)N1CCSC1C(=O)NCc1ccc(OC(Cc2ccccc2)C(=O)O)cc1)Cc1cc(F)c(F)cc1F	6.552841968657781	<rdkit.Chem.rdchem.Mol object at 0x7f870f969e00>
2202	CHEMBL1683498	nM	6.0	CC(C)C(Oc1ccc(CNC(=O)C2SCCN2C(=O)C[C@H](N)Cc2cc(F)c(F)cc2F)cc1)C(=O)O.Cl	7.221848749616356	<rdkit.Chem.rdchem.Mol object at 0x7f870f969e70>
2203	CHEMBL1683499	nM	77.0	CCOC(=O)C(Oc1ccc(CNC(=O)C2SCCN2C(=O)C[C@H](N)Cc2cc(F)c(F)cc2F)cc1)C(C)C.Cl	6.113509274827518	<rdkit.Chem.rdchem.Mol object at 0x7f870f969ee0>
2204	CHEMBL1683500	nM	80.0	CC(C)C(C(=O)O)N(C)c1ccc(CNC(=O)C2SCCN2C(=O)C[C@H](N)Cc2cc(F)c(F)cc2F)cc1.Cl	6.096910013008056	<rdkit.Chem.rdchem.Mol object at 0x7f870f969f50>
2205	CHEMBL1683501	nM	80.0	CCOC(=O)C(C(C)C)N(C)c1ccc(CNC(=O)C2SCCN2C(=O)C[C@H](N)Cc2cc(F)c(F)cc2F)cc1.Cl	6.096910013008056	<rdkit.Chem.rdchem.Mol object at 0x7f870f969fc0>
2206	CHEMBL1683502	nM	13.0	CC(C)(Nc1ccc(CNC(=O)C2SCCN2C(=O)C[C@H](N)Cc2cc(F)c(F)cc2F)cc1)C(=O)O.Cl	6.886056647693163	<rdkit.Chem.rdchem.Mol object at 0x7f870f96a030>
2207	CHEMBL1683503	nM	68.0	CCOC(=O)C(C)(C)Nc1ccc(CNC(=O)C2SCCN2C(=O)C[C@H](N)Cc2cc(F)c(F)cc2F)cc1.Cl	6.167491087293763	<rdkit.Chem.rdchem.Mol object at 0x7f870f96a0a0>
2208	CHEMBL1683504	nM	3.0	CC(C)C(Nc1ccc(CNC(=O)C2SCCN2C(=O)C[C@H](N)Cc2cc(F)c(F)cc2F)cc1)C(=O)O.Cl	7.522878745280337	<rdkit.Chem.rdchem.Mol object at 0x7f870f96a110>
2209	CHEMBL1683505	nM	50.0	CCOC(=O)C(Nc1ccc(CNC(=O)C2SCCN2C(=O)C[C@H](N)Cc2cc(F)c(F)cc2F)cc1)C(C)C.Cl	6.301029995663981	<rdkit.Chem.rdchem.Mol object at 0x7f870f96a180>
2210	CHEMBL1683506	nM	1.0	CC(C)[C@@H](Nc1ccc(CNC(=O)[C@@H]2SCCN2C(=O)C[C@H](N)Cc2cc(F)c(F)cc2F)cc1)C(=O)O.Cl	8.0	<rdkit.Chem.rdchem.Mol object at 0x7f870f96a1f0>
2211	CHEMBL1683507	nM	17.0	CCOC(=O)[C@H](Nc1ccc(CNC(=O)[C@@H]2SCCN2C(=O)C[C@H](N)Cc2cc(F)c(F)cc2F)cc1)C(C)C.Cl	6.769551078621726	<rdkit.Chem.rdchem.Mol object at 0x7f870f96a260>
2212	CHEMBL1683508	nM	1.2	CC(C)[C@H](Nc1ccc(CNC(=O)[C@@H]2SCCN2C(=O)C[C@H](N)Cc2cc(F)c(F)cc2F)cc1)C(=O)O	7.920818753952375	<rdkit.Chem.rdchem.Mol object at 0x7f870f96a2d0>
2213	CHEMBL1683641	nM	25.0	CCOC(=O)[C@@H](Nc1ccc(CNC(=O)[C@@H]2SCCN2C(=O)C[C@H](N)Cc2cc(F)c(F)cc2F)cc1)C(C)C	6.6020599913279625	<rdkit.Chem.rdchem.Mol object at 0x7f870f96a340>
2214	CHEMBL1614845	nM	10.0	CC(C)[C@@H](Nc1ccc(CNC(=O)[C@H]2SCCN2C(=O)C[C@H](N)Cc2cc(F)c(F)cc2F)cc1)C(=O)O	7.0	<rdkit.Chem.rdchem.Mol object at 0x7f870f96a3b0>
2215	CHEMBL1683642	nM	175.0	CCOC(=O)[C@H](Nc1ccc(CNC(=O)[C@H]2SCCN2C(=O)C[C@H](N)Cc2cc(F)c(F)cc2F)cc1)C(C)C	5.756961951313706	<rdkit.Chem.rdchem.Mol object at 0x7f870f96a420>
2216	CHEMBL1683643	nM	13.0	CC(C)[C@H](Nc1ccc(CNC(=O)[C@H]2SCCN2C(=O)C[C@H](N)Cc2cc(F)c(F)cc2F)cc1)C(=O)O	6.886056647693163	<rdkit.Chem.rdchem.Mol object at 0x7f870f96a490>
2217	CHEMBL1683644	nM	309.0	CCOC(=O)[C@@H](Nc1ccc(CNC(=O)[C@H]2SCCN2C(=O)C[C@H](N)Cc2cc(F)c(F)cc2F)cc1)C(C)C	5.510041520575165	<rdkit.Chem.rdchem.Mol object at 0x7f870f96a500>
2218	CHEMBL1682975	nM	140.0	CN([C@H]1CC[C@H]([C@H](N)Cc2cc(F)ccc2F)CC1)S(=O)(=O)c1ccccc1	5.853871964321762	<rdkit.Chem.rdchem.Mol object at 0x7f870f96a570>
2219	CHEMBL1682976	nM	110.0	CN([C@H]1CC[C@H]([C@H](N)Cc2cc(F)ccc2F)CC1)S(=O)(=O)c1ccccc1C(F)(F)F	5.958607314841775	<rdkit.Chem.rdchem.Mol object at 0x7f870f96a5e0>
2220	CHEMBL1682977	nM	85.0	CN([C@H]1CC[C@H]([C@H](N)Cc2cc(F)ccc2F)CC1)S(=O)(=O)c1cccc(C#N)c1	6.070581074285707	<rdkit.Chem.rdchem.Mol object at 0x7f870f96a650>
2221	CHEMBL1682978	nM	180.0	CN([C@H]1CC[C@H]([C@H](N)Cc2cc(F)ccc2F)CC1)S(=O)(=O)c1ccc(C#N)cc1	5.7447274948966935	<rdkit.Chem.rdchem.Mol object at 0x7f870f96a6c0>
2222	CHEMBL1682979	nM	140.0	CN([C@H]1CC[C@H]([C@H](N)Cc2cc(F)ccc2F)CC1)S(=O)(=O)c1ccc(N)cc1	5.853871964321762	<rdkit.Chem.rdchem.Mol object at 0x7f870f96a730>
2223	CHEMBL1682980	nM	400.0	CN([C@H]1CC[C@H]([C@H](N)Cc2cc(F)ccc2F)CC1)S(=O)(=O)c1ccc(OC(F)(F)F)cc1	5.3979400086720375	<rdkit.Chem.rdchem.Mol object at 0x7f870f96a7a0>
2224	CHEMBL1682981	nM	99.0	CN([C@H]1CC[C@H]([C@H](N)Cc2cc(F)ccc2F)CC1)S(=O)(=O)c1cccc(C(N)=O)c1	6.00436480540245	<rdkit.Chem.rdchem.Mol object at 0x7f870f96a810>
2225	CHEMBL1682982	nM	84.0	CN([C@H]1CC[C@H]([C@H](N)Cc2cc(F)ccc2F)CC1)S(=O)(=O)c1ccc(C(N)=O)cc1	6.075720713938118	<rdkit.Chem.rdchem.Mol object at 0x7f870f96a880>
2226	CHEMBL1682983	nM	150.0	CN([C@H]1CC[C@H]([C@H](N)Cc2cc(F)ccc2F)CC1)S(=O)(=O)c1ccc(F)cc1F	5.823908740944319	<rdkit.Chem.rdchem.Mol object at 0x7f870f96a8f0>
2227	CHEMBL1682984	nM	130.0	CN([C@H]1CC[C@H]([C@H](N)Cc2cc(F)ccc2F)CC1)S(=O)(=O)c1ccc(-c2cnco2)cc1	5.886056647693163	<rdkit.Chem.rdchem.Mol object at 0x7f870f96a960>
2228	CHEMBL1682985	nM	94.0	CN([C@H]1CC[C@H]([C@H](N)Cc2cc(F)ccc2F)CC1)S(=O)(=O)c1ccc(-c2csnn2)cc1	6.026872146400302	<rdkit.Chem.rdchem.Mol object at 0x7f870f96a9d0>
2229	CHEMBL1683086	nM	280.0	Cc1[nH]ncc1S(=O)(=O)N(C)[C@H]1CC[C@H]([C@H](N)Cc2cc(F)ccc2F)CC1	5.552841968657781	<rdkit.Chem.rdchem.Mol object at 0x7f870f96aa40>
2230	CHEMBL1683087	nM	500.0	Cn1cnc(S(=O)(=O)N(C)[C@H]2CC[C@H]([C@H](N)Cc3cc(F)ccc3F)CC2)c1	5.301029995663981	<rdkit.Chem.rdchem.Mol object at 0x7f870f96aab0>
2231	CHEMBL1683088	nM	170.0	Cc1oncc1S(=O)(=O)N(C)[C@H]1CC[C@H]([C@H](N)Cc2cc(F)ccc2F)CC1	5.769551078621726	<rdkit.Chem.rdchem.Mol object at 0x7f870f96ab20>
2232	CHEMBL1683089	nM	100.0	CC(=O)Nc1nc(C)c(S(=O)(=O)N(C)[C@H]2CC[C@H]([C@H](N)Cc3cc(F)ccc3F)CC2)s1	6.0	<rdkit.Chem.rdchem.Mol object at 0x7f870f96ab90>
2233	CHEMBL1683090	nM	110.0	CN([C@H]1CC[C@H]([C@H](N)Cc2cc(F)ccc2F)CC1)S(=O)(=O)c1cccnc1	5.958607314841775	<rdkit.Chem.rdchem.Mol object at 0x7f870f96ac00>
2234	CHEMBL1683091	nM	55.0	Cc1noc(C)c1S(=O)(=O)N(C)[C@H]1CC[C@H]([C@H](N)Cc2cc(F)ccc2F)CC1	6.259637310505756	<rdkit.Chem.rdchem.Mol object at 0x7f870f96ac70>
2235	CHEMBL1683092	nM	38.0	CCN([C@H]1CC[C@H]([C@H](N)Cc2cc(F)ccc2F)CC1)S(=O)(=O)c1c(C)noc1C	6.42021640338319	<rdkit.Chem.rdchem.Mol object at 0x7f870f96ace0>
2236	CHEMBL1683093	nM	670.0	Cc1noc(C)c1S(=O)(=O)N(Cc1ccccc1)[C@H]1CC[C@H]([C@H](N)Cc2cc(F)ccc2F)CC1	5.173925197299173	<rdkit.Chem.rdchem.Mol object at 0x7f870f96ad50>
2237	CHEMBL1683094	nM	570.0	Cc1noc(C)c1S(=O)(=O)N(CCCC(F)(F)F)[C@H]1CC[C@H]([C@H](N)Cc2cc(F)ccc2F)CC1	5.2441251443275085	<rdkit.Chem.rdchem.Mol object at 0x7f870f96adc0>
2238	CHEMBL1683095	nM	260.0	CCN([C@H]1CC[C@H]([C@H](N)Cc2cc(F)ccc2F)CC1)S(C)(=O)=O	5.585026652029182	<rdkit.Chem.rdchem.Mol object at 0x7f870f96ae30>
2239	CHEMBL1683096	nM	1300.0	CS(=O)(=O)N(Cc1ccccc1)[C@H]1CC[C@H]([C@H](N)Cc2cc(F)ccc2F)CC1	4.886056647693163	<rdkit.Chem.rdchem.Mol object at 0x7f870f96aea0>
2240	CHEMBL1683097	nM	2400.0	CS(=O)(=O)N(CCCC(F)(F)F)[C@H]1CC[C@H]([C@H](N)Cc2cc(F)ccc2F)CC1	4.619788758288394	<rdkit.Chem.rdchem.Mol object at 0x7f870f96af10>
2241	CHEMBL1683098	nM	120.0	CC(=O)N(C)[C@H]1CC[C@H]([C@H](N)Cc2cc(F)ccc2F)CC1	5.920818753952375	<rdkit.Chem.rdchem.Mol object at 0x7f870f96af80>
2242	CHEMBL1683099	nM	990.0	CC(=O)N(C)[C@H]1CC[C@@H]([C@H](N)Cc2cc(F)ccc2F)CC1	5.00436480540245	<rdkit.Chem.rdchem.Mol object at 0x7f870f96aff0>
2243	CHEMBL1683100	nM	130.0	CC(C)C(=O)N(C)[C@H]1CC[C@H]([C@H](N)Cc2cc(F)ccc2F)CC1	5.886056647693163	<rdkit.Chem.rdchem.Mol object at 0x7f870f96b060>
2244	CHEMBL1683101	nM	110.0	CN(C(=O)C(C)(C)C)[C@H]1CC[C@H]([C@H](N)Cc2cc(F)ccc2F)CC1	5.958607314841775	<rdkit.Chem.rdchem.Mol object at 0x7f870f96b0d0>
2245	CHEMBL1683102	nM	730.0	CN(C(=O)CCN)[C@H]1CC[C@H]([C@H](N)Cc2cc(F)ccc2F)CC1	5.136677139879544	<rdkit.Chem.rdchem.Mol object at 0x7f870f96b140>
2246	CHEMBL1683103	nM	140.0	CN(C(=O)CCC(=O)O)[C@H]1CC[C@H]([C@H](N)Cc2cc(F)ccc2F)CC1	5.853871964321762	<rdkit.Chem.rdchem.Mol object at 0x7f870f96b1b0>
2247	CHEMBL1683104	nM	140.0	CN(C(=O)c1cccnc1)[C@H]1CC[C@H]([C@H](N)Cc2cc(F)ccc2F)CC1	5.853871964321762	<rdkit.Chem.rdchem.Mol object at 0x7f870f96b220>
2248	CHEMBL1683105	nM	120.0	CN(C(=O)c1csnn1)[C@H]1CC[C@H]([C@H](N)Cc2cc(F)ccc2F)CC1	5.920818753952375	<rdkit.Chem.rdchem.Mol object at 0x7f870f96b290>
2249	CHEMBL1683106	nM	120.0	CN(C(=O)c1ccno1)[C@H]1CC[C@H]([C@H](N)Cc2cc(F)ccc2F)CC1	5.920818753952375	<rdkit.Chem.rdchem.Mol object at 0x7f870f96b300>
2250	CHEMBL1683107	nM	110.0	CN(C(=O)c1c[nH]c2ccccc12)[C@H]1CC[C@H]([C@H](N)Cc2cc(F)ccc2F)CC1	5.958607314841775	<rdkit.Chem.rdchem.Mol object at 0x7f870f96b370>
2251	CHEMBL1683108	nM	140.0	Cc1noc(C)c1C(=O)N(C)[C@H]1CC[C@H]([C@H](N)Cc2cc(F)ccc2F)CC1	5.853871964321762	<rdkit.Chem.rdchem.Mol object at 0x7f870f96b3e0>
2252	CHEMBL1683109	nM	140.0	Cn1ccc(C(=O)N(C)[C@H]2CC[C@H]([C@H](N)Cc3cc(F)ccc3F)CC2)n1	5.853871964321762	<rdkit.Chem.rdchem.Mol object at 0x7f870f96b450>
2253	CHEMBL1683110	nM	260.0	CCN(C(C)=O)[C@H]1CC[C@H]([C@H](N)Cc2cc(F)ccc2F)CC1	5.585026652029182	<rdkit.Chem.rdchem.Mol object at 0x7f870f96b4c0>
2254	CHEMBL1683111	nM	110.0	CC(=O)N(Cc1ccccc1)[C@H]1CC[C@H]([C@H](N)Cc2cc(F)ccc2F)CC1	5.958607314841775	<rdkit.Chem.rdchem.Mol object at 0x7f870f96b530>
2255	CHEMBL1683112	nM	100.0	CC(=O)N(CCCC(F)(F)F)[C@H]1CC[C@H]([C@H](N)Cc2cc(F)ccc2F)CC1	6.0	<rdkit.Chem.rdchem.Mol object at 0x7f870f96b5a0>
2256	CHEMBL1683113	nM	1000.0	N[C@H](Cc1cc(F)ccc1F)[C@H]1CC[C@@H](N2CCC(F)(F)C2)CC1	5.0	<rdkit.Chem.rdchem.Mol object at 0x7f870f96b610>
2257	CHEMBL1683114	nM	850.0	N[C@H](Cc1cc(F)ccc1F)[C@H]1CC[C@H](N2CCC(F)(F)C2)CC1	5.070581074285707	<rdkit.Chem.rdchem.Mol object at 0x7f870f96b680>
2258	CHEMBL1683115	nM	280.0	N[C@H](Cc1cc(F)ccc1F)[C@H]1CC[C@@H](N2CCn3c(nnc3C(F)(F)F)C2)CC1	5.552841968657781	<rdkit.Chem.rdchem.Mol object at 0x7f870f96b6f0>
2259	CHEMBL1681802	nM	330.0	N[C@H](Cc1cc(F)ccc1F)[C@H]1CC[C@H](N2CCn3c(nnc3C(F)(F)F)C2)CC1	5.481486060122113	<rdkit.Chem.rdchem.Mol object at 0x7f870f96b760>
2260	CHEMBL1683116	nM	1800.0	N[C@H](Cc1cc(F)ccc1F)[C@H]1CC[C@@H](N2CCCCC2)CC1	4.7447274948966935	<rdkit.Chem.rdchem.Mol object at 0x7f870f96b7d0>
2261	CHEMBL1683117	nM	330.0	N[C@H](Cc1cc(F)ccc1F)[C@H]1CC[C@H](N2CCCCC2)CC1	5.481486060122113	<rdkit.Chem.rdchem.Mol object at 0x7f870f96b840>
2262	CHEMBL1683118	nM	1300.0	NC(=O)C1CCCN([C@H]2CC[C@@H]([C@H](N)Cc3cc(F)ccc3F)CC2)C1	4.886056647693163	<rdkit.Chem.rdchem.Mol object at 0x7f870f96b8b0>
2263	CHEMBL1683119	nM	57.0	NC(=O)C1CCCN([C@H]2CC[C@H]([C@H](N)Cc3cc(F)ccc3F)CC2)C1	6.2441251443275085	<rdkit.Chem.rdchem.Mol object at 0x7f870f96b920>
2264	CHEMBL1683120	nM	200.0	NC(=O)[C@H]1CCCN([C@H]2CC[C@H]([C@H](N)Cc3cc(F)ccc3F)CC2)C1	5.698970004336019	<rdkit.Chem.rdchem.Mol object at 0x7f870f96b990>
2265	CHEMBL1683121	nM	70.0	NC(=O)[C@@H]1CCCN([C@H]2CC[C@H]([C@H](N)Cc3cc(F)ccc3F)CC2)C1	6.154901959985743	<rdkit.Chem.rdchem.Mol object at 0x7f870f96ba00>
2266	CHEMBL1683122	nM	310.0	NC(=O)O[C@@H]1CCCN([C@H]2CC[C@H]([C@H](N)Cc3cc(F)ccc3F)CC2)C1	5.508638306165727	<rdkit.Chem.rdchem.Mol object at 0x7f870f96ba70>
2267	CHEMBL1683123	nM	270.0	N[C@H](Cc1cc(F)ccc1F)[C@H]1CC[C@H](N2CCC[C@@H](O)C2)CC1	5.568636235841013	<rdkit.Chem.rdchem.Mol object at 0x7f870f96bae0>
2268	CHEMBL1683124	nM	910.0	N[C@H](Cc1cc(F)ccc1F)[C@H]1CC[C@H](NCCCC(F)(F)F)CC1	5.040958607678906	<rdkit.Chem.rdchem.Mol object at 0x7f870f96bb50>
2269	CHEMBL1683125	nM	290.0	CN(Cc1ccc(C#N)cc1)[C@H]1CC[C@H]([C@H](N)Cc2cc(F)ccc2F)CC1	5.5376020021010435	<rdkit.Chem.rdchem.Mol object at 0x7f870f96bbc0>
2270	CHEMBL1683126	nM	220.0	CN(Cc1cccc(C#N)c1)[C@H]1CC[C@H]([C@H](N)Cc2cc(F)ccc2F)CC1	5.657577319177793	<rdkit.Chem.rdchem.Mol object at 0x7f870f96bc30>
2271	CHEMBL1683127	nM	710.0	CCN(Cc1ccccc1)[C@H]1CC[C@H]([C@H](N)Cc2cc(F)ccc2F)CC1	5.1487416512809245	<rdkit.Chem.rdchem.Mol object at 0x7f870f96bca0>
2272	CHEMBL1683128	nM	690.0	N[C@H](Cc1cc(F)ccc1F)[C@H]1CC[C@H](N(CCCC(F)(F)F)Cc2ccccc2)CC1	5.161150909262744	<rdkit.Chem.rdchem.Mol object at 0x7f870f96bd10>
2273	CHEMBL1683129	nM	450.0	CC(=O)N1CCC([C@H](N)Cc2cc(F)ccc2F)CC1	5.346787486224656	<rdkit.Chem.rdchem.Mol object at 0x7f870f96bd80>
2274	CHEMBL1683130	nM	130.0	CS(=O)(=O)N1CCC([C@H](N)Cc2cc(F)ccc2F)CC1	5.886056647693163	<rdkit.Chem.rdchem.Mol object at 0x7f870f96bdf0>
2275	CHEMBL1683131	nM	450.0	N[C@H](Cc1cc(F)ccc1F)C1CCN(c2ccccn2)CC1	5.346787486224656	<rdkit.Chem.rdchem.Mol object at 0x7f870f96be60>
2276	CHEMBL1683132	nM	110.0	N[C@H](Cc1cc(F)ccc1F)C1CCN(c2cccnc2)CC1	5.958607314841775	<rdkit.Chem.rdchem.Mol object at 0x7f870f96bed0>
2277	CHEMBL1683133	nM	430.0	N[C@H](Cc1cc(F)ccc1F)C1CCN(c2ccncc2)CC1	5.366531544420414	<rdkit.Chem.rdchem.Mol object at 0x7f870f96bf40>
2278	CHEMBL1683134	nM	77.0	N#Cc1cncc(N2CCC([C@H](N)Cc3cc(F)ccc3F)CC2)c1	6.113509274827518	<rdkit.Chem.rdchem.Mol object at 0x7f870f96c040>
2279	CHEMBL1683135	nM	71.0	Cc1ccc(N2CCC([C@H](N)Cc3cc(F)ccc3F)CC2)c(C)n1	6.1487416512809245	<rdkit.Chem.rdchem.Mol object at 0x7f870f96c0b0>
2280	CHEMBL1683136	nM	110.0	N[C@H](Cc1cc(F)ccc1F)C1CCN(c2ccc(F)nc2)CC1	5.958607314841775	<rdkit.Chem.rdchem.Mol object at 0x7f870f96c120>
2281	CHEMBL1683137	nM	82.0	CCOC(=O)c1cncc(N2CCC([C@H](N)Cc3cc(F)ccc3F)CC2)c1	6.086186147616283	<rdkit.Chem.rdchem.Mol object at 0x7f870f96c190>
2282	CHEMBL1683138	nM	18.0	NOC(=O)c1cncc(N2CCC([C@H](N)Cc3cc(F)ccc3F)CC2)c1	6.7447274948966935	<rdkit.Chem.rdchem.Mol object at 0x7f870f96c200>
2283	CHEMBL1683139	nM	670.0	N[C@H](Cc1cc(F)ccc1F)C1CCN(c2ncccn2)CC1	5.173925197299173	<rdkit.Chem.rdchem.Mol object at 0x7f870f96c270>
2284	CHEMBL1683140	nM	75.0	N[C@H](Cc1cc(F)ccc1F)C1CCN(c2cncnc2)CC1	6.1249387366083	<rdkit.Chem.rdchem.Mol object at 0x7f870f96c2e0>
2285	CHEMBL1683141	nM	78.0	COc1ncc(N2CCC([C@H](N)Cc3cc(F)ccc3F)CC2)cn1	6.107905397309519	<rdkit.Chem.rdchem.Mol object at 0x7f870f96c350>
2286	CHEMBL1683142	nM	72.0	N[C@H](Cc1cc(F)ccc1F)C1CCN(c2cnc(O)nc2)CC1	6.142667503568732	<rdkit.Chem.rdchem.Mol object at 0x7f870f96c3c0>
2287	CHEMBL1683143	nM	54.0	COC(=O)C1CCCC(N2CCC([C@H](N)Cc3cc(F)ccc3F)CC2)C1	6.267606240177032	<rdkit.Chem.rdchem.Mol object at 0x7f870f96c430>
2288	CHEMBL1683144	nM	51.0	N[C@H](Cc1cc(F)ccc1F)C1CCN(C2CCCC(C(=O)O)C2)CC1	6.292429823902063	<rdkit.Chem.rdchem.Mol object at 0x7f870f96c4a0>
2289	CHEMBL1683145	nM	21.0	NC(=O)C1CCCC(N2CCC([C@H](N)Cc3cc(F)ccc3F)CC2)C1	6.6777807052660805	<rdkit.Chem.rdchem.Mol object at 0x7f870f96c510>
2290	CHEMBL1683557	nM	13.0	N[C@H]1CN(c2cc(-c3cc(F)cc(F)c3F)ncn2)C[C@@H]1c1ccccc1	6.886056647693163	<rdkit.Chem.rdchem.Mol object at 0x7f870f96c580>
2291	CHEMBL1683558	nM	488.0	N[C@H]1CN(c2cc(-c3cc(F)c(F)cc3F)ncn2)C[C@@H]1N1CCCC1=O	5.311580177997289	<rdkit.Chem.rdchem.Mol object at 0x7f870f96c5f0>
2292	CHEMBL1683559	nM	47.0	N[C@H]1CN(c2cc(-c3cc(F)c(F)cc3F)ncn2)C[C@@H]1N1CCCCC1=O	6.327902142064283	<rdkit.Chem.rdchem.Mol object at 0x7f870f96c660>
2293	CHEMBL1683560	nM	1.6	N[C@H]1CN(c2cc(N3CCc4nocc4C3)ncn2)C[C@@H]1c1ccccc1	7.795880017344075	<rdkit.Chem.rdchem.Mol object at 0x7f870f96c6d0>
2294	CHEMBL1683561	nM	153.0	N[C@H]1CN(c2cc(N3CCc4nocc4C3)ncn2)C[C@@H]1N1CCCC1=O	5.815308569182402	<rdkit.Chem.rdchem.Mol object at 0x7f870f96c740>
2295	CHEMBL1683562	nM	12.0	N[C@H]1CN(c2cc(N3CCc4nocc4C3)ncn2)C[C@@H]1N1CCCCC1=O	6.920818753952375	<rdkit.Chem.rdchem.Mol object at 0x7f870f96c7b0>
2296	CHEMBL1683563	nM	19.0	N[C@H]1CN(c2cc(NC3CC3)ncn2)C[C@@H]1c1ccccc1	6.721246399047171	<rdkit.Chem.rdchem.Mol object at 0x7f870f96c820>
2297	CHEMBL1683564	nM	1400.0	N[C@H]1CN(c2cc(NC3CC3)ncn2)C[C@@H]1N1CCCC1=O	4.853871964321762	<rdkit.Chem.rdchem.Mol object at 0x7f870f96c890>
2298	CHEMBL1683565	nM	74.0	N[C@H]1CN(c2cc(NC3CC3)ncn2)C[C@@H]1N1CCCCC1=O	6.130768280269024	<rdkit.Chem.rdchem.Mol object at 0x7f870f96c900>
2299	CHEMBL1683566	nM	39.0	COc1ccc(-c2cc(N3C[C@H](N)[C@@H](N4CCCCC4=O)C3)ncn2)cn1	6.4089353929735005	<rdkit.Chem.rdchem.Mol object at 0x7f870f96c970>
2300	CHEMBL1683567	nM	59.0	N[C@H]1CN(c2ncnc(-c3ccccc3)n2)C[C@@H]1N1CCCCC1=O	6.229147988357856	<rdkit.Chem.rdchem.Mol object at 0x7f870f96c9e0>
2301	CHEMBL1683568	nM	26.0	N[C@H]1CN(c2cc(N3CCC(F)(F)C3)ncn2)C[C@@H]1N1CCCCC1=O	6.585026652029182	<rdkit.Chem.rdchem.Mol object at 0x7f870f96ca50>
2302	CHEMBL1683569	nM	37.0	N[C@H]1CN(c2ncnc(N3CCC(F)(F)C3)n2)C[C@@H]1N1CCCCC1=O	6.431798275933005	<rdkit.Chem.rdchem.Mol object at 0x7f870f96cac0>
2303	CHEMBL1683570	nM	8.4	N[C@H]1CN(c2cc(N3CCC(F)(F)C3)ncn2)C[C@@H]1N1CC(F)(F)CCC1=O	7.075720713938118	<rdkit.Chem.rdchem.Mol object at 0x7f870f96cb30>
2304	CHEMBL1683571	nM	23.0	N[C@H]1CN(c2ncnc(N3CCC(F)(F)C3)n2)C[C@@H]1N1CC(F)(F)CCC1=O	6.638272163982407	<rdkit.Chem.rdchem.Mol object at 0x7f870f96cba0>
2305	CHEMBL1683572	nM	13.0	Cc1nc(N2C[C@H](N)[C@@H](N3CC(F)(F)CCC3=O)C2)cc(N2CCC(F)(F)C2)n1	6.886056647693163	<rdkit.Chem.rdchem.Mol object at 0x7f870f96cc10>
2306	CHEMBL1684000	nM	17.83	N[C@@H](CC(=O)N1CCn2nnc(-c3cnco3)c2C1)Cc1cc(F)c(F)cc1F.O=C(O)/C=C/C(=O)O	6.748848656824645	<rdkit.Chem.rdchem.Mol object at 0x7f870f96cc80>
2307	CHEMBL1683999	nM	47.27	N[C@@H](CC(=O)N1CCn2nnc(-c3ccsc3)c2C1)Cc1cc(F)c(F)cc1F.O=C(O)/C=C/C(=O)O	6.325414397697086	<rdkit.Chem.rdchem.Mol object at 0x7f870f96ccf0>
2308	CHEMBL1683998	nM	22.76	Cl.N[C@@H](CC(=O)N1CCn2nnc(-c3cccs3)c2C1)Cc1cc(F)c(F)cc1F	6.642827742276967	<rdkit.Chem.rdchem.Mol object at 0x7f870f96cd60>
2309	CHEMBL1683997	nM	26.17	N[C@@H](CC(=O)N1CCn2nnc(-c3ccoc3)c2C1)Cc1cc(F)c(F)cc1F.O=C(O)/C=C/C(=O)O	6.582196277360119	<rdkit.Chem.rdchem.Mol object at 0x7f870f96cdd0>
2310	CHEMBL1683996	nM	15.8	Cl.N[C@@H](CC(=O)N1CCn2nnc(-c3ccco3)c2C1)Cc1cc(F)c(F)cc1F	6.801342913045577	<rdkit.Chem.rdchem.Mol object at 0x7f870f96ce40>
2311	CHEMBL1683995	nM	33.25	N[C@@H](CC(=O)N1CCn2nnc(-c3ccccn3)c2C1)Cc1cc(F)c(F)cc1F.O=C(O)/C=C/C(=O)O	6.478208350360877	<rdkit.Chem.rdchem.Mol object at 0x7f870f96ceb0>
2312	CHEMBL1683994	nM	28.6	Cl.N[C@@H](CC(=O)N1CCn2nnc(-c3ccncc3)c2C1)Cc1cc(F)c(F)cc1F	6.543633966870956	<rdkit.Chem.rdchem.Mol object at 0x7f870f96cf20>
2313	CHEMBL1683993	nM	33.17	CS(=O)(=O)c1ccc(-c2nnn3c2CN(C(=O)C[C@H](N)Cc2cc(F)c(F)cc2F)CC3)cc1.Cl	6.479254528480517	<rdkit.Chem.rdchem.Mol object at 0x7f870f96cf90>
2314	CHEMBL1683992	nM	33.78	Cl.N[C@@H](CC(=O)N1CCn2nnc(-c3ccc(C(=O)O)cc3)c2C1)Cc1cc(F)c(F)cc1F	6.47134035476501	<rdkit.Chem.rdchem.Mol object at 0x7f870f96d000>
2315	CHEMBL1683991	nM	12.4	COC(=O)c1ccc(-c2nnn3c2CN(C(=O)C[C@H](N)Cc2cc(F)c(F)cc2F)CC3)cc1.O=P(O)(O)O	6.906578314837765	<rdkit.Chem.rdchem.Mol object at 0x7f870f96d070>
2316	CHEMBL1683990	nM	26.64	CN(C)C(=O)c1ccc(-c2nnn3c2CN(C(=O)C[C@H](N)Cc2cc(F)c(F)cc2F)CC3)cc1.Cl	6.574465779501737	<rdkit.Chem.rdchem.Mol object at 0x7f870f96d0e0>
2317	CHEMBL1683989	nM	36.43	Cl.NC(=O)c1ccc(-c2nnn3c2CN(C(=O)C[C@H](N)Cc2cc(F)c(F)cc2F)CC3)cc1	6.438540828758084	<rdkit.Chem.rdchem.Mol object at 0x7f870f96d150>
2318	CHEMBL1683988	nM	46.61	COC(=O)c1cccc(-c2nnn3c2CN(C(=O)C[C@H](N)Cc2cc(F)c(F)cc2F)CC3)c1.Cl	6.331520897067414	<rdkit.Chem.rdchem.Mol object at 0x7f870f96d1c0>
2319	CHEMBL1683987	nM	30.03	Cl.N#Cc1ccc(-c2nnn3c2CN(C(=O)C[C@H](N)Cc2cc(F)c(F)cc2F)CC3)cc1	6.522444667801019	<rdkit.Chem.rdchem.Mol object at 0x7f870f96d230>
2320	CHEMBL1683986	nM	75.35	Cl.N[C@@H](CC(=O)N1CCn2nnc(-c3ccc(C(F)(F)F)cc3)c2C1)Cc1cc(F)c(F)cc1F	6.122916743349349	<rdkit.Chem.rdchem.Mol object at 0x7f870f96d2a0>
2321	CHEMBL1683985	nM	46.89	Cl.N[C@@H](CC(=O)N1CCn2nnc(-c3ccc(Cl)cc3)c2C1)Cc1cc(F)c(F)cc1F	6.328919767261151	<rdkit.Chem.rdchem.Mol object at 0x7f870f96d310>
2322	CHEMBL1683984	nM	45.2	N[C@@H](CC(=O)N1CCn2nnc(-c3ccc(F)cc3)c2C1)Cc1cc(F)c(F)cc1F.O=P(O)(O)O	6.3448615651886175	<rdkit.Chem.rdchem.Mol object at 0x7f870f96d380>
2323	CHEMBL1683983	nM	37.54	N[C@@H](CC(=O)N1CCn2nnc(-c3ccccc3)c2C1)Cc1cc(F)c(F)cc1F.O=P(O)(O)O	6.425505731714672	<rdkit.Chem.rdchem.Mol object at 0x7f870f96d3f0>
2324	CHEMBL1683982	nM	52.34	CN(C)C(=O)c1nnn2c1CN(C(=O)C[C@H](N)Cc1cc(F)c(F)cc1F)CC2.Cl	6.281166281696137	<rdkit.Chem.rdchem.Mol object at 0x7f870f96d460>
2325	CHEMBL1683981	nM	29.92	Cl.NC(=O)c1nnn2c1CN(C(=O)C[C@H](N)Cc1cc(F)c(F)cc1F)CC2	6.524038410807576	<rdkit.Chem.rdchem.Mol object at 0x7f870f96d4d0>
2326	CHEMBL1683980	nM	15.09	COC(=O)c1nnn2c1CN(C(=O)C[C@H](N)Cc1cc(F)c(F)cc1F)CC2.Cl	6.82131076022441	<rdkit.Chem.rdchem.Mol object at 0x7f870f96d540>
2327	CHEMBL1683979	nM	50.66	N[C@@H](CC(=O)N1CCn2nnc(C(F)(F)F)c2C1)Cc1cc(F)c(F)cc1F.O=C(O)/C=C/C(=O)O	6.295334814545471	<rdkit.Chem.rdchem.Mol object at 0x7f870f96d5b0>
2328	CHEMBL1683978	nM	22.53	Cl.N[C@@H](CC(=O)N1CCn2nnc(C(F)F)c2C1)Cc1cc(F)c(F)cc1F	6.647238808276169	<rdkit.Chem.rdchem.Mol object at 0x7f870f96d620>
2329	CHEMBL1681811	nM	77.06	Cc1nnn2c1CN(C(=O)C[C@H](N)Cc1cc(F)c(F)cc1F)CC2.Cl	6.113170995323018	<rdkit.Chem.rdchem.Mol object at 0x7f870f96d690>
2330	CHEMBL1683977	nM	89.5	N[C@@H](CC(=O)N1CCn2nncc2C1)Cc1cc(F)c(F)cc1F.O=C(O)/C=C/C(=O)O	6.048176964684088	<rdkit.Chem.rdchem.Mol object at 0x7f870f96d700>
2331	CHEMBL1688415	nM	80.0	Cc1nc(C(=O)NC2CC2)cc(-c2ccc(F)cc2)c1CN	6.096910013008056	<rdkit.Chem.rdchem.Mol object at 0x7f870f96d770>
2332	CHEMBL1688416	nM	686.0	Cc1nc(C(=O)N2CCCC2)cc(-c2ccc(F)cc2)c1CN	5.163675884293248	<rdkit.Chem.rdchem.Mol object at 0x7f870f96d7e0>
2333	CHEMBL1688418	nM	937.0	CCOC(=O)C1CCN(C(=O)c2cc(-c3ccc(F)cc3)c(CN)c(C)n2)CC1	5.028260409112222	<rdkit.Chem.rdchem.Mol object at 0x7f870f96d850>
2334	CHEMBL1688419	nM	674.0	Cc1nc(C(=O)NC2CC2)cc(-c2ccc(F)cc2F)c1CN	5.17134010346468	<rdkit.Chem.rdchem.Mol object at 0x7f870f96d8c0>
2335	CHEMBL1688423	nM	674.0	Cc1cc(NC(=O)c2cc(-c3ccc(F)cc3F)c(CN)c(C)n2)no1	5.17134010346468	<rdkit.Chem.rdchem.Mol object at 0x7f870f96d930>
2336	CHEMBL1688425	nM	16.0	Cc1nc(C(N)=O)cc(-c2ccc(Cl)cc2Cl)c1CN	6.795880017344075	<rdkit.Chem.rdchem.Mol object at 0x7f870f96d9a0>
2337	CHEMBL1688426	nM	6.0	CNC(=O)c1cc(-c2ccc(Cl)cc2Cl)c(CN)c(C)n1	7.221848749616356	<rdkit.Chem.rdchem.Mol object at 0x7f870f96da10>
2338	CHEMBL1688428	nM	44.0	Cc1nc(C(=O)N2CCCC2)cc(-c2ccc(Cl)cc2Cl)c1CN	6.356547323513812	<rdkit.Chem.rdchem.Mol object at 0x7f870f96da80>
2339	CHEMBL1688431	nM	10.0	Cc1nc(C(=O)NCC#N)cc(-c2ccc(Cl)cc2Cl)c1CN	7.0	<rdkit.Chem.rdchem.Mol object at 0x7f870f96daf0>
2340	CHEMBL214381	nM	3263.6329450475923	CC[C@H](C)[C@H](N)C(=O)N1CCC[C@H]1C(=O)N[C@H](C(=O)O)[C@@H](C)CC	4.486298691494256	<rdkit.Chem.rdchem.Mol object at 0x7f870f96db60>
2341	CHEMBL1761683	nM	35600.0	CC(=O)O[C@H]1CC[C@@]2(C)C(=CC[C@@H]3[C@@H]2CC[C@]2(C)C(C(C)=O)=CC[C@@H]32)C1	3.4485500020271247	<rdkit.Chem.rdchem.Mol object at 0x7f870f96dbd0>
2342	CHEMBL1761684	nM	21300.0	CC(=O)[C@H]1C(NCc2ccccc2)C[C@H]2[C@@H]3CC=C4C[C@@H](O)CC[C@]4(C)[C@H]3CC[C@]12C	3.6716203965612624	<rdkit.Chem.rdchem.Mol object at 0x7f870f96dc40>
2343	CHEMBL1761685	nM	26200.0	COc1ccc(/C=C/C(=O)C2=CC[C@H]3[C@@H]4CC=C5C[C@@H](O)CC[C@]5(C)[C@H]4CC[C@]23C)cc1OC	3.5816987086802543	<rdkit.Chem.rdchem.Mol object at 0x7f870f96dcb0>
2344	CHEMBL1761686	nM	32700.0	CCCN1C(c2ccc(OC)cc2)CC(=O)[C@H]2C1C[C@H]1[C@@H]3CC=C4C[C@@H](O)CC[C@]4(C)[C@H]3CC[C@]21C	3.485452247339714	<rdkit.Chem.rdchem.Mol object at 0x7f870f96dd20>
2345	CHEMBL1761687	nM	29100.0	CCCN1C(c2ccc(C(C)C)cc2)CC(=O)[C@H]2C1C[C@H]1[C@@H]3CC=C4C[C@@H](O)CC[C@]4(C)[C@H]3CC[C@]21C	3.5361070110140926	<rdkit.Chem.rdchem.Mol object at 0x7f870f96dd90>
2346	CHEMBL1765236	nM	0.7	C[C@H](NC(=O)CCC(=O)O)C(=O)N[C@@H](C)C(=O)N1CCC[C@H]1C(=O)N[C@@H](Cc1ccccc1)C(=O)N[C@@H](C)C(=O)N1CCC[C@H]1B(O)O	8.154901959985743	<rdkit.Chem.rdchem.Mol object at 0x7f870f96de00>
2347	CHEMBL1765235	nM	8.3	C[C@H](NC(=O)[C@@H]1CCCN1C(=O)[C@@H](N)Cc1ccccc1)C(=O)N1CCC[C@H]1B(O)O	7.080921907623926	<rdkit.Chem.rdchem.Mol object at 0x7f870f96de70>
2348	CHEMBL1765234	nM	19.999999999999996	CC(C)[C@H](NC(=O)[C@@H]1CCCN1C(=O)[C@@H](N)C1CCCCC1)C(=O)N1CCC[C@H]1B(O)O	6.698970004336019	<rdkit.Chem.rdchem.Mol object at 0x7f870f96dee0>
2349	CHEMBL1771583	nM	3100.0	O=C1c2c(Cl)c(Cl)c(Cl)c(Cl)c2C(=O)N1c1cccc(CCc2cccc(C(F)(F)F)c2)c1	4.508638306165727	<rdkit.Chem.rdchem.Mol object at 0x7f870f96df50>
2350	CHEMBL1771584	nM	4000.0	O=C1c2c(Cl)c(Cl)c(Cl)c(Cl)c2C(=O)N1c1cccc(CCc2ccccc2C(F)(F)F)c1	4.3979400086720375	<rdkit.Chem.rdchem.Mol object at 0x7f870f96dfc0>
2351	CHEMBL1779688	nM	92.6	CN1CCN(C(=O)C[C@H](N)Cc2cc(F)c(F)cc2F)CC1=O	6.033389013318065	<rdkit.Chem.rdchem.Mol object at 0x7f870f96e030>
2352	CHEMBL1779689	nM	311.0	N[C@@H](CC(=O)N1CCN(c2ccccn2)C(=O)C1)Cc1cc(F)c(F)cc1F	5.507239610973163	<rdkit.Chem.rdchem.Mol object at 0x7f870f96e0a0>
2353	CHEMBL1779690	nM	44.8	N[C@@H](CC(=O)N1CCN(Cc2ccc(-c3ccccc3)cc2)C(=O)C1)Cc1cc(F)c(F)cc1F	6.348721986001856	<rdkit.Chem.rdchem.Mol object at 0x7f870f96e110>
2354	CHEMBL1779691	nM	42.7	N[C@@H](CC(=O)N1CCN(Cn2nnc3ccccc32)C(=O)C1)Cc1cc(F)c(F)cc1F	6.369572124974976	<rdkit.Chem.rdchem.Mol object at 0x7f870f96e180>
2355	CHEMBL1779692	nM	116.0	N[C@@H](CC(=O)N1CCN(CCN2CCOCC2)C(=O)C1)Cc1cc(F)c(F)cc1F	5.935542010773082	<rdkit.Chem.rdchem.Mol object at 0x7f870f96e1f0>
2356	CHEMBL1779693	nM	54.1	N[C@@H](CC(=O)N1CCN(Cc2ccccc2)C(=O)C1)Cc1cc(F)c(F)cc1F	6.266802734893431	<rdkit.Chem.rdchem.Mol object at 0x7f870f96e260>
2357	CHEMBL1779694	nM	38.5	N[C@@H](CC(=O)N1CCN(Cc2ccc([N+](=O)[O-])cc2)C(=O)C1)Cc1cc(F)c(F)cc1F	6.414539270491499	<rdkit.Chem.rdchem.Mol object at 0x7f870f96e2d0>
2358	CHEMBL1779695	nM	13.7	N[C@@H](CC(=O)N1CCN(Cc2ccccc2[N+](=O)[O-])C(=O)C1)Cc1cc(F)c(F)cc1F	6.863279432843593	<rdkit.Chem.rdchem.Mol object at 0x7f870f96e340>
2359	CHEMBL1779696	nM	48.9	N#Cc1ccccc1CN1CCN(C(=O)C[C@H](N)Cc2cc(F)c(F)cc2F)CC1=O	6.310691140876379	<rdkit.Chem.rdchem.Mol object at 0x7f870f96e3b0>
2360	CHEMBL1779697	nM	50.7	N[C@@H](CC(=O)N1CCN(Cc2ccccc2C(F)(F)F)C(=O)C1)Cc1cc(F)c(F)cc1F	6.2949920406666635	<rdkit.Chem.rdchem.Mol object at 0x7f870f96e420>
2361	CHEMBL1779698	nM	38.9	CCc1ccc(CN2CCN(C(=O)C[C@H](N)Cc3cc(F)c(F)cc3F)CC2=O)cc1	6.410050398674292	<rdkit.Chem.rdchem.Mol object at 0x7f870f96e490>
2362	CHEMBL1779699	nM	33.9	COc1ccc(CN2CCN(C(=O)C[C@H](N)Cc3cc(F)c(F)cc3F)CC2=O)cc1	6.4698003017969175	<rdkit.Chem.rdchem.Mol object at 0x7f870f96e500>
2363	CHEMBL1779700	nM	33.8	N[C@@H](CC(=O)N1CCN(Cc2ccc(F)cc2)C(=O)C1)Cc1cc(F)c(F)cc1F	6.471083299722345	<rdkit.Chem.rdchem.Mol object at 0x7f870f96e570>
2364	CHEMBL1779701	nM	30.8	N[C@@H](CC(=O)N1CCN(Cc2ccc(I)cc2)C(=O)C1)Cc1cc(F)c(F)cc1F	6.511449283499556	<rdkit.Chem.rdchem.Mol object at 0x7f870f96e5e0>
2365	CHEMBL1779702	nM	26.7	N[C@@H](CC(=O)N1CCN(Cc2cccc(Cl)c2)C(=O)C1)Cc1cc(F)c(F)cc1F	6.573488738635425	<rdkit.Chem.rdchem.Mol object at 0x7f870f96e650>
2366	CHEMBL1779703	nM	29.0	N[C@@H](CC(=O)N1CCN(Cc2ccccc2Cl)C(=O)C1)Cc1cc(F)c(F)cc1F	6.5376020021010435	<rdkit.Chem.rdchem.Mol object at 0x7f870f96e6c0>
2367	CHEMBL1779704	nM	7.4	COc1cc(CN2CCN(C(=O)C[C@H](N)Cc3cc(F)c(F)cc3F)CC2=O)c([N+](=O)[O-])cc1OC	7.130768280269024	<rdkit.Chem.rdchem.Mol object at 0x7f870f96e730>
2368	CHEMBL1779705	nM	12.0	N[C@@H](CC(=O)N1CCNC(=O)[C@H]1CO)Cc1cc(F)c(F)cc1F	6.920818753952375	<rdkit.Chem.rdchem.Mol object at 0x7f870f96e7a0>
2369	CHEMBL1779706	nM	7.4	COC[C@@H]1C(=O)NCCN1C(=O)C[C@H](N)Cc1cc(F)c(F)cc1F	7.130768280269024	<rdkit.Chem.rdchem.Mol object at 0x7f870f96e810>
2370	CHEMBL1779707	nM	4.3	CCOC[C@@H]1C(=O)NCCN1C(=O)C[C@H](N)Cc1cc(F)c(F)cc1F	7.366531544420414	<rdkit.Chem.rdchem.Mol object at 0x7f870f96e880>
2371	CHEMBL1779708	nM	1.7	N[C@@H](CC(=O)N1CCNC(=O)[C@H]1COC1CCCC1)Cc1cc(F)c(F)cc1F	7.769551078621726	<rdkit.Chem.rdchem.Mol object at 0x7f870f96e8f0>
2372	CHEMBL1779709	nM	2.2	CC(C)OC[C@@H]1C(=O)NCCN1C(=O)C[C@H](N)Cc1cc(F)c(F)cc1F	7.657577319177793	<rdkit.Chem.rdchem.Mol object at 0x7f870f96e960>
2373	CHEMBL1779710	nM	0.9	CC(C)(C)OC[C@@H]1C(=O)NCCN1C(=O)C[C@H](N)Cc1cc(F)c(F)cc1F	8.045757490560675	<rdkit.Chem.rdchem.Mol object at 0x7f870f96e9d0>
2374	CHEMBL1779711	nM	17.0	CCN(C)C[C@@H]1C(=O)NCCN1C(=O)C[C@H](N)Cc1cc(F)c(F)cc1F	6.769551078621726	<rdkit.Chem.rdchem.Mol object at 0x7f870f96ea40>
2375	CHEMBL1779712	nM	11.0	CCN(CC)C[C@@H]1C(=O)NCCN1C(=O)C[C@H](N)Cc1cc(F)c(F)cc1F	6.958607314841775	<rdkit.Chem.rdchem.Mol object at 0x7f870f96eab0>
2376	CHEMBL1779713	nM	5.2	N[C@@H](CC(=O)N1CCNC(=O)[C@H]1CN1CCOCC1)Cc1cc(F)c(F)cc1F	7.2839966563652006	<rdkit.Chem.rdchem.Mol object at 0x7f870f96eb20>
2377	CHEMBL1779714	nM	1.3	CC(C)(C)SC[C@@H]1C(=O)NCCN1C(=O)C[C@H](N)Cc1cc(F)c(F)cc1F	7.886056647693163	<rdkit.Chem.rdchem.Mol object at 0x7f870f96eb90>
2378	CHEMBL1809262	nM	270.00000000000006	CC(C)Cc1nc2ccc(OCC(N)=O)cc2c(-c2ccccc2)c1CN	5.568636235841012	<rdkit.Chem.rdchem.Mol object at 0x7f870f96ec00>
2379	CHEMBL1809263	nM	49.0	CC(C)Cc1nc2ccc(OCC(N)=O)cc2c(-c2cccc(F)c2)c1CN	6.309803919971486	<rdkit.Chem.rdchem.Mol object at 0x7f870f96ec70>
2380	CHEMBL1809264	nM	57.0	Cc1cccc(-c2c(CN)c(CC(C)C)nc3ccc(OCC(N)=O)cc23)c1	6.2441251443275085	<rdkit.Chem.rdchem.Mol object at 0x7f870f96ece0>
2381	CHEMBL1808463	nM	26.0	CC(C)Cc1nc2ccc(OCC(N)=O)cc2c(-c2ccc(F)cc2)c1CN	6.585026652029182	<rdkit.Chem.rdchem.Mol object at 0x7f870f96ed50>
2382	CHEMBL1808464	nM	4.2	Cc1ccc(-c2c(CN)c(CC(C)C)nc3ccc(OCC(N)=O)cc23)cc1	7.376750709602099	<rdkit.Chem.rdchem.Mol object at 0x7f870f96edc0>
2383	CHEMBL3216514	nM	84.0	COC(=O)COc1ccc2nc(CC(C)C)c(CN)c(-c3ccc(C)cc3)c2c1.Cl.Cl	6.075720713938118	<rdkit.Chem.rdchem.Mol object at 0x7f870f96ee30>
2384	CHEMBL3215633	nM	52.0	CNC(=O)COc1ccc2nc(CC(C)C)c(CN)c(-c3ccc(C)cc3)c2c1.Cl.Cl	6.2839966563652006	<rdkit.Chem.rdchem.Mol object at 0x7f870f96eea0>
2385	CHEMBL3216748	nM	7.5	Cc1ccc(-c2c(CN)c(CC(C)C)nc3ccc(CCC(N)=O)cc23)cc1.Cl.Cl	7.1249387366083	<rdkit.Chem.rdchem.Mol object at 0x7f870f96ef10>
2386	CHEMBL1808468	nM	1.8	Cc1ccc(-c2c(CN)c(CC(C)C)nc3ccc(/C=C/C(N)=O)cc23)cc1	7.7447274948966935	<rdkit.Chem.rdchem.Mol object at 0x7f870f96ef80>
2387	CHEMBL3216749	nM	55.0	Cc1ccc(-c2c(CN)c(CC(C)C)nc3ccc(C(N)=O)cc23)cc1.Cl.Cl	6.259637310505756	<rdkit.Chem.rdchem.Mol object at 0x7f870f96eff0>
2388	CHEMBL3215858	nM	100.0	Cc1ccc(-c2c(CN)c(CC(C)C)nc3ccc(C(=O)O)cc23)cc1.Cl.Cl	6.0	<rdkit.Chem.rdchem.Mol object at 0x7f870f96f060>
2389	CHEMBL3215634	nM	9.2	Cc1ccc(-c2c(CN)c(CC(C)C)nc3ccc(-c4nn[nH]n4)cc23)cc1.Cl.Cl	7.036212172654444	<rdkit.Chem.rdchem.Mol object at 0x7f870f96f0d0>
2390	CHEMBL3215859	nM	11.0	Cc1ccc(-c2c(CN)c(CC(C)C)nc3ccc(-c4noc(=O)[nH]4)cc23)cc1.Cl.Cl	6.958607314841775	<rdkit.Chem.rdchem.Mol object at 0x7f870f96f140>
2391	CHEMBL1808473	nM	2.2	Cc1ccc(-c2c(CN)c(CC(C)C)nc3ccc(N4CCNC(=O)C4)cc23)cc1	7.657577319177793	<rdkit.Chem.rdchem.Mol object at 0x7f870f96f1b0>
2392	CHEMBL1808474	nM	2.7	Cc1ccc(-c2c(CN)c(CC(C)C)nc3ccc(N4CCNC(=O)C4=O)cc23)cc1	7.568636235841012	<rdkit.Chem.rdchem.Mol object at 0x7f870f96f220>
2393	CHEMBL1808475	nM	239.99999999999997	CC(C)Cn1c(CN)c(-c2ccccc2)c2cc(OCC(N)=O)ccc2c1=O.Cl	5.619788758288394	<rdkit.Chem.rdchem.Mol object at 0x7f870f96f290>
2394	CHEMBL1814760	nM	17700.0	Cl.O=C([C@@H]1C[C@H](NCc2ccnc3ccccc23)CN1)N1Cc2ccccc2C1	3.7520267336381936	<rdkit.Chem.rdchem.Mol object at 0x7f870f96f300>
2395	CHEMBL1812728	nM	16000.0	Cn1c(CN)c(-c2ccccc2)c2cc(Cl)ccc2c1=O	3.795880017344075	<rdkit.Chem.rdchem.Mol object at 0x7f870f96f370>
2396	CHEMBL1812729	nM	87000.0	Cl.Cn1c(CCN)c(-c2ccccc2)c2cc(Cl)ccc2c1=O	3.0604807473813813	<rdkit.Chem.rdchem.Mol object at 0x7f870f96f3e0>
2397	CHEMBL1812733	nM	8300.0	CCn1c(CN)c(-c2ccccc2)c2cc(Cl)ccc2c1=O	4.080921907623926	<rdkit.Chem.rdchem.Mol object at 0x7f870f96f450>
2398	CHEMBL1812734	nM	2400.0	CCCn1c(CN)c(-c2ccccc2)c2cc(Cl)ccc2c1=O	4.619788758288394	<rdkit.Chem.rdchem.Mol object at 0x7f870f96f4c0>
2399	CHEMBL1812735	nM	2400.0	CCCCn1c(CN)c(-c2ccccc2)c2cc(Cl)ccc2c1=O	4.619788758288394	<rdkit.Chem.rdchem.Mol object at 0x7f870f96f530>
2400	CHEMBL1812736	nM	1600.0	CC(C)Cn1c(CN)c(-c2ccccc2)c2cc(Cl)ccc2c1=O	4.795880017344075	<rdkit.Chem.rdchem.Mol object at 0x7f870f96f5a0>
2401	CHEMBL1812737	nM	3800.0	CCCCCn1c(CN)c(-c2ccccc2)c2cc(Cl)ccc2c1=O	4.42021640338319	<rdkit.Chem.rdchem.Mol object at 0x7f870f96f610>
2402	CHEMBL1812738	nM	1900.0	CC(C)(C)Cn1c(CN)c(-c2ccccc2)c2cc(Cl)ccc2c1=O	4.721246399047171	<rdkit.Chem.rdchem.Mol object at 0x7f870f96f680>
2403	CHEMBL1812900	nM	980.0	CC(C)Cn1c(CN)c(-c2ccccc2)c2cc(C(=O)O)ccc2c1=O.Cl	5.008773924307505	<rdkit.Chem.rdchem.Mol object at 0x7f870f96f6f0>
2404	CHEMBL1812901	nM	360.0	CC(C)Cn1c(CN)c(-c2ccccc2)c2cc(C(N)=O)ccc2c1=O.Cl	5.443697499232712	<rdkit.Chem.rdchem.Mol object at 0x7f870f96f760>
2405	CHEMBL1812902	nM	1100.0	CC(C)Cn1c(CN)c(-c2ccccc2)c2cc(C#N)ccc2c1=O.Cl	4.958607314841775	<rdkit.Chem.rdchem.Mol object at 0x7f870f96f7d0>
2406	CHEMBL1812903	nM	2400.0	CC(C)Cn1c(CN)c(-c2ccccc2)c2ccc(C(N)=O)cc2c1=O.Cl	4.619788758288394	<rdkit.Chem.rdchem.Mol object at 0x7f870f96f840>
2407	CHEMBL1812904	nM	1900.0	CNC(=O)c1ccc2c(=O)n(CC(C)C)c(CN)c(-c3ccccc3)c2c1.Cl	4.721246399047171	<rdkit.Chem.rdchem.Mol object at 0x7f870f96f8b0>
2408	CHEMBL1812905	nM	4000.0	CC(C)Cn1c(CN)c(-c2ccccc2)c2cc(C(=O)N(C)C)ccc2c1=O.Cl	4.3979400086720375	<rdkit.Chem.rdchem.Mol object at 0x7f870f96f920>
2409	CHEMBL1812906	nM	790.0	CC(C)Cn1c(CN)c(-c2ccccc2)c2cc(O)ccc2c1=O.Cl	5.102372908709558	<rdkit.Chem.rdchem.Mol object at 0x7f870f96f990>
2410	CHEMBL1812907	nM	870.0	COc1ccc2c(=O)n(CC(C)C)c(CN)c(-c3ccccc3)c2c1	5.060480747381382	<rdkit.Chem.rdchem.Mol object at 0x7f870f96fa00>
2411	CHEMBL1812909	nM	1100.0	CC(C)Cn1c(CN)c(-c2ccccc2)c2ccc(OCC(N)=O)cc2c1=O.Cl	4.958607314841775	<rdkit.Chem.rdchem.Mol object at 0x7f870f96fa70>
2412	CHEMBL1812910	nM	280.0	CC(C)Cn1c(CN)c(-c2ccccc2)c2cc(/C=C/C(N)=O)ccc2c1=O.Cl	5.552841968657781	<rdkit.Chem.rdchem.Mol object at 0x7f870f96fae0>
2413	CHEMBL1812911	nM	1500.0	CC(C)Cn1c(CN)c(-c2ccccc2)c2cc(CCC(N)=O)ccc2c1=O.Cl	4.823908740944319	<rdkit.Chem.rdchem.Mol object at 0x7f870f96fb50>
2414	CHEMBL1819089	nM	0.34	Cl.Cn1c(=O)c2c(cc(N3CCC[C@@H](N)C3)n2Cc2cc(F)ccc2C#N)n(C)c1=O	8.468521082957745	<rdkit.Chem.rdchem.Mol object at 0x7f870f96fbc0>
2415	CHEMBL1819091	nM	26.0	CC[C@@]1(N)CCCN(c2cc3c(c(=O)n(C)c(=O)n3C)n2Cc2cc(F)ccc2C#N)C1	6.585026652029182	<rdkit.Chem.rdchem.Mol object at 0x7f870f96fc30>
2416	CHEMBL1819090	nM	1.1	Cn1c(=O)c2c(cc(N3CCC[C@@](C)(N)C3)n2Cc2cc(F)ccc2C#N)n(C)c1=O	7.958607314841775	<rdkit.Chem.rdchem.Mol object at 0x7f870f96fca0>
2417	CHEMBL34603	nM	1400.0	NCc1c(N)nc(-c2ccccc2)nc1-c1ccc(Cl)cc1	4.853871964321762	<rdkit.Chem.rdchem.Mol object at 0x7f870f96fd10>
2418	CHEMBL289562	nM	42000.0	NCc1c(N)nc(-c2ccccc2)nc1-c1ccccc1	3.3767507096020997	<rdkit.Chem.rdchem.Mol object at 0x7f870f96fd80>
2419	CHEMBL36020	nM	10.0	NCc1c(N)nc(-c2ccccc2)nc1-c1ccc(Cl)cc1Cl	7.0	<rdkit.Chem.rdchem.Mol object at 0x7f870f96fdf0>
2420	CHEMBL34062	nM	0.10000000000000002	COc1cc(OC)cc(-c2nc(N)c(CN)c(-c3ccc(Cl)cc3Cl)n2)c1	9.0	<rdkit.Chem.rdchem.Mol object at 0x7f870f96fe60>
2421	CHEMBL1909975	nM	3.0	NCc1c(N)nc(-c2cc(F)cc(F)c2)nc1-c1ccc(Cl)cc1Cl	7.522878745280337	<rdkit.Chem.rdchem.Mol object at 0x7f870f96fed0>
2422	CHEMBL122206	nM	7.0	COc1cc2c(cc1OC)-c1nc(N)c(CN)c(-c3ccc(Cl)cc3Cl)c1C2	7.154901959985743	<rdkit.Chem.rdchem.Mol object at 0x7f870f96ff40>
2423	CHEMBL331950	nM	920.0	NCc1c(-c2ccc(Cl)cc2Cl)cc(-c2ccccc2)nc1N	5.036212172654444	<rdkit.Chem.rdchem.Mol object at 0x7f870f970040>
2424	CHEMBL1929387	nM	3.8	Cc1cc2ncc(C(=O)NCC(C)(C)NCC(=O)N3CCC[C@H]3C#N)cn2n1.Cl	7.42021640338319	<rdkit.Chem.rdchem.Mol object at 0x7f870f9700b0>
2425	CHEMBL1929388	nM	13.0	Cc1cc2ncc(C(=O)NCC(C)(C)NCC(=O)N3CCC[C@H]3C#N)c(C)n2n1.Cl	6.886056647693163	<rdkit.Chem.rdchem.Mol object at 0x7f870f970120>
2426	CHEMBL1929389	nM	32.0	Cc1cc2ncc(C(=O)NCC(C)(C)NCC(=O)N3CCC[C@H]3C#N)c(C(F)(F)F)n2n1.Cl	6.494850021680094	<rdkit.Chem.rdchem.Mol object at 0x7f870f970190>
2427	CHEMBL1929390	nM	1.8	Cc1cc2ncc(C(=O)NCC(C)(C)NCC(=O)N3CCC[C@H]3C#N)c(O)n2n1.Cl	7.7447274948966935	<rdkit.Chem.rdchem.Mol object at 0x7f870f970200>
2428	CHEMBL1929391	nM	15.0	Cc1c(C(=O)NCC(C)(C)NCC(=O)N2CCC[C@H]2C#N)cnc2cc(C(C)(C)C)nn12.Cl	6.823908740944319	<rdkit.Chem.rdchem.Mol object at 0x7f870f970270>
2429	CHEMBL1929392	nM	11.0	Cc1c(C(=O)NCC(C)(C)NCC(=O)N2CCC[C@H]2C#N)cnc2cc(-c3ccccc3)nn12.Cl	6.958607314841775	<rdkit.Chem.rdchem.Mol object at 0x7f870f9702e0>
2430	CHEMBL1929393	nM	80.0	Cc1nc2cc(C(C)(C)C)nn2c(C)c1C(=O)NCC(C)(C)NCC(=O)N1CCC[C@H]1C#N.Cl	6.096910013008056	<rdkit.Chem.rdchem.Mol object at 0x7f870f970350>
2431	CHEMBL1929394	nM	28.0	Cc1nc2cc(-c3ccccc3)nn2c(C)c1C(=O)NCC(C)(C)NCC(=O)N1CCC[C@H]1C#N.Cl	6.552841968657781	<rdkit.Chem.rdchem.Mol object at 0x7f870f9703c0>
2432	CHEMBL1929395	nM	110.0	Cc1cc2nc(C)c(C(=O)NCC(C)(C)NCC(=O)N3CCC[C@H]3C#N)c(C)n2n1.Cl	5.958607314841775	<rdkit.Chem.rdchem.Mol object at 0x7f870f970430>
2433	CHEMBL1951417	nM	2100.0	Cn1cnc2c(C#N)c(N3CCNCC3)n(Cc3ccccc3)c2c1=O	4.6777807052660805	<rdkit.Chem.rdchem.Mol object at 0x7f870f9704a0>
2434	CHEMBL1951418	nM	400.0	COc1cccc(C(=O)Cn2cnc3c(C#N)c(N4CCNCC4)n(Cc4ccccc4)c3c2=O)c1	5.3979400086720375	<rdkit.Chem.rdchem.Mol object at 0x7f870f970510>
2435	CHEMBL1951419	nM	23.0	CC#CCn1c(N2CCNCC2)c(C#N)c2ncn(CC(=O)c3cccc(OC)c3)c(=O)c21	6.638272163982407	<rdkit.Chem.rdchem.Mol object at 0x7f870f970580>
2436	CHEMBL1951420	nM	10.0	COc1cccc(C(=O)Cn2cnc3c(C#N)c(N4CCNCC4)n(CC=C(C)C)c3c2=O)c1	7.0	<rdkit.Chem.rdchem.Mol object at 0x7f870f9705f0>
2437	CHEMBL1951421	nM	20.0	Cn1cnc2c(C#N)c(N3CCC[C@H](N)C3)n(Cc3ccccc3)c2c1=O	6.698970004336019	<rdkit.Chem.rdchem.Mol object at 0x7f870f970660>
2438	CHEMBL1951422	nM	25.0	COc1cccc(C(=O)Cn2cnc3c(C#N)c(N4CCC[C@@H](N)C4)n(Cc4ccccc4)c3c2=O)c1	6.6020599913279625	<rdkit.Chem.rdchem.Mol object at 0x7f870f9706d0>
2439	CHEMBL1951423	nM	4.0	COc1cccc(C(=O)Cn2cnc3c(C#N)c(N4CCC[C@H](N)C4)n(Cc4ccccc4)c3c2=O)c1	7.3979400086720375	<rdkit.Chem.rdchem.Mol object at 0x7f870f970740>
2440	CHEMBL1951424	nM	17.0	N#Cc1c(N2CCC[C@H](N)C2)n(Cc2ccccc2)c2c(=O)n(Cc3ccnc4ccccc34)cnc12	6.769551078621726	<rdkit.Chem.rdchem.Mol object at 0x7f870f9707b0>
2441	CHEMBL1951425	nM	60.0	CC#CCn1c(N2CCC[C@@H](N)C2)c(C#N)c2ncn(CC(=O)c3cccc(OC)c3)c(=O)c21	6.221848749616356	<rdkit.Chem.rdchem.Mol object at 0x7f870f970820>
2442	CHEMBL1951426	nM	15.0	CC#CCn1c(N2CCC[C@H](N)C2)c(C#N)c2ncn(CC(=O)c3cccc(OC)c3)c(=O)c21	6.823908740944319	<rdkit.Chem.rdchem.Mol object at 0x7f870f970890>
2443	CHEMBL1951427	nM	10.0	CC#CCn1c(N2CCC[C@H](N)C2)c(C#N)c2ncn(Cc3ccnc4ccccc34)c(=O)c21	7.0	<rdkit.Chem.rdchem.Mol object at 0x7f870f970900>
2444	CHEMBL1951428	nM	5.0	CC#CCn1c(N2CCC[C@H](N)C2)c(C#N)c2ncn(Cc3nccc4ccccc34)c(=O)c21	7.301029995663981	<rdkit.Chem.rdchem.Mol object at 0x7f870f970970>
2445	CHEMBL1951429	nM	4.0	COc1cccc(C(=O)Cn2cnc3c(C#N)c(N4CCC[C@@H](N)C4)n(CC=C(C)C)c3c2=O)c1	7.3979400086720375	<rdkit.Chem.rdchem.Mol object at 0x7f870f9709e0>
2446	CHEMBL1951430	nM	1.0	COc1cccc(C(=O)Cn2cnc3c(C#N)c(N4CCC[C@H](N)C4)n(CC=C(C)C)c3c2=O)c1	8.0	<rdkit.Chem.rdchem.Mol object at 0x7f870f970a50>
2447	CHEMBL1951431	nM	4.0	CC(C)=CCn1c(N2CCC[C@H](N)C2)c(C#N)c2ncn(Cc3ccnc4ccccc34)c(=O)c21	7.3979400086720375	<rdkit.Chem.rdchem.Mol object at 0x7f870f970ac0>
2448	CHEMBL1951432	nM	0.5	CC(C)=CCn1c(N2CCC[C@H](N)C2)c(C#N)c2ncn(Cc3nccc4ccccc34)c(=O)c21	8.301029995663981	<rdkit.Chem.rdchem.Mol object at 0x7f870f970b30>
2449	CHEMBL1951433	nM	3.0	CC(C)=CCn1c(N2CCC[C@H](N)C2)c(C#N)c2ncn(Cc3nc(C)c4ccccc4n3)c(=O)c21	7.522878745280337	<rdkit.Chem.rdchem.Mol object at 0x7f870f970ba0>
2450	CHEMBL1951434	nM	8.0	CC(C)=CCn1c(N2CCC[C@H](N)C2)c(C#N)c2ncn(Cc3ncc4ccccc4n3)c(=O)c21	7.096910013008056	<rdkit.Chem.rdchem.Mol object at 0x7f870f970c10>
2451	CHEMBL1951435	nM	9.0	CC(C)=CCn1c(N2CCC[C@H](N)C2)c(C#N)c2ncn(C)c(=O)c21	7.045757490560675	<rdkit.Chem.rdchem.Mol object at 0x7f870f970c80>
2452	CHEMBL1951436	nM	60.0	N#Cc1c(N2CCCNCC2)n(Cc2ccccc2)c2c(=O)n(Cc3nccc4ccccc34)cnc12	6.221848749616356	<rdkit.Chem.rdchem.Mol object at 0x7f870f970cf0>
2453	CHEMBL1951437	nM	7.0	CC(C)=CCn1c(N2CCCNCC2)c(C#N)c2ncn(Cc3nccc4ccccc34)c(=O)c21	7.154901959985743	<rdkit.Chem.rdchem.Mol object at 0x7f870f970d60>
2454	CHEMBL1951438	nM	6.0	CC#CCn1c(N2CCCNCC2)c(C#N)c2ncn(Cc3nccc4ccccc34)c(=O)c21	7.221848749616356	<rdkit.Chem.rdchem.Mol object at 0x7f870f970dd0>
2455	CHEMBL1951439	nM	9.0	CC#CCn1c(N2CCCNCC2)c(C#N)c2ncn(Cc3nc(C)c4ccccc4n3)c(=O)c21	7.045757490560675	<rdkit.Chem.rdchem.Mol object at 0x7f870f970e40>
2456	CHEMBL1951440	nM	45.0	CC#CCn1c(N2CCCNCC2)c(C#N)c2ncn(Cc3ncc4ccccc4n3)c(=O)c21	6.346787486224656	<rdkit.Chem.rdchem.Mol object at 0x7f870f970eb0>
2457	CHEMBL1951595	nM	1.5	COc1cccc(C(=O)Cn2c(=O)c3c(c(C#N)c(N4CCC[C@H](N)C4)n3Cc3ccccc3)n(C)c2=O)c1	7.823908740944319	<rdkit.Chem.rdchem.Mol object at 0x7f870f970f20>
2458	CHEMBL1951596	nM	4.0	Cn1c(=O)n(Cc2nccc3ccccc23)c(=O)c2c1c(C#N)c(N1CCC[C@H](N)C1)n2Cc1ccccc1	7.3979400086720375	<rdkit.Chem.rdchem.Mol object at 0x7f870f970f90>
2459	CHEMBL1951597	nM	10.0	Cn1c(=O)c2c(c(C#N)c(N3CCC[C@H](N)C3)n2Cc2ccccc2)n(C)c1=O	7.0	<rdkit.Chem.rdchem.Mol object at 0x7f870f971000>
2460	CHEMBL1951598	nM	0.5	COc1cccc(C(=O)Cn2c(=O)c3c(c(C#N)c(N4CCC[C@H](N)C4)n3CC=C(C)C)n(C)c2=O)c1	8.301029995663981	<rdkit.Chem.rdchem.Mol object at 0x7f870f971070>
2461	CHEMBL1951599	nM	1.0	CC(C)=CCn1c(N2CCC[C@H](N)C2)c(C#N)c2c1c(=O)n(Cc1nccc3ccccc13)c(=O)n2C	8.0	<rdkit.Chem.rdchem.Mol object at 0x7f870f9710e0>
2462	CHEMBL1951600	nM	2.0	CC(C)=CCn1c(N2CCC[C@H](N)C2)c(C#N)c2c1c(=O)n(Cc1nc(C)c3ccccc3n1)c(=O)n2C	7.698970004336019	<rdkit.Chem.rdchem.Mol object at 0x7f870f971150>
2463	CHEMBL1951601	nM	9.0	CC(C)=CCn1c(N2CCC[C@H](N)C2)c(C#N)c2c1c(=O)n(Cc1cnc3ccccc3n1)c(=O)n2C	7.045757490560675	<rdkit.Chem.rdchem.Mol object at 0x7f870f9711c0>
2464	CHEMBL1951602	nM	25.0	CC(C)=CCn1c(N2CCC[C@H](N)C2)c(C#N)c2c1c(=O)n(Cc1ncccc1C#N)c(=O)n2C	6.6020599913279625	<rdkit.Chem.rdchem.Mol object at 0x7f870f971230>
2465	CHEMBL1951603	nM	2.0	CC#CCn1c(N2CCC[C@H](N)C2)c(C#N)c2c1c(=O)n(CC(=O)c1cccc(OC)c1)c(=O)n2C	7.698970004336019	<rdkit.Chem.rdchem.Mol object at 0x7f870f9712a0>
2466	CHEMBL1951604	nM	4.0	CC#CCn1c(N2CCC[C@H](N)C2)c(C#N)c2c1c(=O)n(Cc1nccc3ccccc13)c(=O)n2C	7.3979400086720375	<rdkit.Chem.rdchem.Mol object at 0x7f870f971310>
2467	CHEMBL1951605	nM	20.0	CC#CCn1c(N2CCC[C@@H](N)C2)c(C#N)c2c1c(=O)n(Cc1nc(C)c3ccccc3n1)c(=O)n2C	6.698970004336019	<rdkit.Chem.rdchem.Mol object at 0x7f870f971380>
2468	CHEMBL1951606	nM	250.0	CC#CCn1c(N2CCC[C@H](N)C2)c(C#N)c2c1c(=O)n(Cc1nc(C)c3ccccc3n1)c(=O)n2C	5.6020599913279625	<rdkit.Chem.rdchem.Mol object at 0x7f870f9713f0>
2469	CHEMBL1951607	nM	2.0	COc1cccc(C(=O)Cn2c(=O)c3c(c(C#N)c(N4CCCNCC4)n3CC=C(C)C)n(C)c2=O)c1	7.698970004336019	<rdkit.Chem.rdchem.Mol object at 0x7f870f971460>
2470	CHEMBL1951608	nM	3.0	CC(C)=CCn1c(N2CCCNCC2)c(C#N)c2c1c(=O)n(Cc1nccc3ccccc13)c(=O)n2C	7.522878745280337	<rdkit.Chem.rdchem.Mol object at 0x7f870f9714d0>
2471	CHEMBL1951609	nM	2.0	CC(C)=CCn1c(N2CCCNCC2)c(C#N)c2c1c(=O)n(Cc1nc(C)c3ccccc3n1)c(=O)n2C	7.698970004336019	<rdkit.Chem.rdchem.Mol object at 0x7f870f971540>
2472	CHEMBL1951610	nM	10.0	CC(C)=CCn1c(N2CCCNCC2)c(C#N)c2c1c(=O)n(Cc1cn3ccccc3n1)c(=O)n2C	7.0	<rdkit.Chem.rdchem.Mol object at 0x7f870f9715b0>
2473	CHEMBL1951611	nM	1.0	CC(C)=CCn1c(N2CCCNCC2)c(C#N)c2c1c(=O)n(Cc1ncc3ccccc3c1C#N)c(=O)n2C	8.0	<rdkit.Chem.rdchem.Mol object at 0x7f870f971620>
2474	CHEMBL1949693	nM	5.5	CC(C)=CCn1c(N2CCCNCC2)c(C#N)c2c1c(=O)n(Cc1c(C#N)cnc3ccccc13)c(=O)n2C	7.259637310505756	<rdkit.Chem.rdchem.Mol object at 0x7f870f971690>
2475	CHEMBL1951612	nM	5.0	CC#CCn1c(N2CCCNCC2)c(C#N)c2c1c(=O)n(Cc1nccc3ccccc13)c(=O)n2C	7.301029995663981	<rdkit.Chem.rdchem.Mol object at 0x7f870f971700>
2476	CHEMBL1951613	nM	7.5	CC#CCn1c(N2CCCNCC2)c(C#N)c2c1c(=O)n(Cc1nc(C)c3ccccc3n1)c(=O)n2C	7.1249387366083	<rdkit.Chem.rdchem.Mol object at 0x7f870f971770>
2477	CHEMBL1951416	nM	1.0	CC#CCn1c(N2CCCNCC2)c(C#N)c2c1c(=O)n(Cc1ncc3ccccc3c1C#N)c(=O)n2C	8.0	<rdkit.Chem.rdchem.Mol object at 0x7f870f9717e0>
2478	CHEMBL1951614	nM	2.0	CC#CCn1c(N2CCCNCC2)c(C#N)c2c1c(=O)n(Cc1c(C#N)cnc3ccccc13)c(=O)n2C	7.698970004336019	<rdkit.Chem.rdchem.Mol object at 0x7f870f971850>
2479	CHEMBL2011528	nM	1650.0	N[C@H]1CN(c2ccc(-n3ccc(OCc4ccccc4)cc3=O)cn2)C[C@@H]1c1cc(F)ccc1F	4.782516055786093	<rdkit.Chem.rdchem.Mol object at 0x7f870f9718c0>
2480	CHEMBL2011534	nM	1100.0	N[C@H]1CN(c2ccc(-n3ccc(OCc4ccccc4)cc3=O)cn2)C[C@@H]1c1cc(F)c(F)cc1F	4.958607314841775	<rdkit.Chem.rdchem.Mol object at 0x7f870f971930>
2481	CHEMBL2011535	nM	350.0	N[C@H]1CN(c2ccc(-n3ccc(OCc4ccccc4)cc3=O)cn2)CC[C@@H]1c1cc(F)c(F)cc1F	5.455931955649724	<rdkit.Chem.rdchem.Mol object at 0x7f870f9719a0>
2482	CHEMBL2022512	nM	13100.0	N#C[C@@H]1CCCN1C(=O)CNC(=O)c1ccc(-c2cccs2)cc1	3.8827287043442356	<rdkit.Chem.rdchem.Mol object at 0x7f870f971a10>
2483	CHEMBL2023067	nM	43.99999999999999	N#Cc1ccccc1Cn1c(N2CCC[C@@H](N)C2)nc2c(Br)c[nH]c2c1=O	6.356547323513813	<rdkit.Chem.rdchem.Mol object at 0x7f870f971a80>
2484	CHEMBL2023066	nM	2.34	N#Cc1ccccc1Cn1c(N2CCC[C@@H](N)C2)nc2[nH]c(-c3cccnc3)cc2c1=O	7.6307841425898575	<rdkit.Chem.rdchem.Mol object at 0x7f870f971af0>
2485	CHEMBL2022464	nM	13.78	Cc1cc2c(=O)n(Cc3ccccc3C#N)c(N3CCC[C@@H](N)C3)nc2[nH]1	6.860750782428393	<rdkit.Chem.rdchem.Mol object at 0x7f870f971b60>
2486	CHEMBL2022467	nM	2.64	N#Cc1ccccc1Cn1c(N2CCC[C@@H](N)C2)nc2[nH]c(Br)cc2c1=O	7.578396073130169	<rdkit.Chem.rdchem.Mol object at 0x7f870f971bd0>
2487	CHEMBL2058973	nM	0.61	O=C([C@@H]1C[C@H](N2CCN(c3nccc4ccccc34)CC2)CN1)N1CCSC1	8.214670164989233	<rdkit.Chem.rdchem.Mol object at 0x7f870f971c40>
2488	CHEMBL2058974	nM	0.73	O=C([C@@H]1C[C@H](N2CCN(c3ncc(Cl)c4ccccc34)CC2)CN1)N1CCSC1	8.136677139879543	<rdkit.Chem.rdchem.Mol object at 0x7f870f971cb0>
2489	CHEMBL2058975	nM	0.51	N#Cc1cnc(N2CCN([C@@H]3CN[C@H](C(=O)N4CCSC4)C3)CC2)c2ccccc12	8.292429823902063	<rdkit.Chem.rdchem.Mol object at 0x7f870f971d20>
2490	CHEMBL2058968	nM	2.2	O=C([C@@H]1C[C@H](N2CCN(c3ccc4ccccc4n3)CC2)CN1)N1CCSC1	7.657577319177793	<rdkit.Chem.rdchem.Mol object at 0x7f870f971d90>
2491	CHEMBL2058969	nM	0.95	O=C([C@@H]1C[C@H](N2CCN(c3ccnc4ccccc34)CC2)CN1)N1CCSC1	8.022276394711152	<rdkit.Chem.rdchem.Mol object at 0x7f870f971e00>
2492	CHEMBL2058970	nM	0.56	Cc1cc(N2CCN([C@@H]3CN[C@H](C(=O)N4CCSC4)C3)CC2)c2ccccc2n1	8.2518119729938	<rdkit.Chem.rdchem.Mol object at 0x7f870f971e70>
2493	CHEMBL2058971	nM	0.37	O=C([C@@H]1C[C@H](N2CCN(c3cc(C(F)(F)F)nc4ccccc34)CC2)CN1)N1CCSC1	8.431798275933005	<rdkit.Chem.rdchem.Mol object at 0x7f870f971ee0>
2494	CHEMBL2058972	nM	0.61	O=C([C@@H]1C[C@H](N2CCN(c3ccnc4cc(Cl)ccc34)CC2)CN1)N1CCSC1	8.214670164989233	<rdkit.Chem.rdchem.Mol object at 0x7f870f971f50>
2495	CHEMBL2058759	nM	1.6	O=C([C@@H]1C[C@H](N2CCN(c3ccnc4cc(C(F)(F)F)ccc34)CC2)CN1)N1CCSC1	7.795880017344075	<rdkit.Chem.rdchem.Mol object at 0x7f870f971fc0>
2496	CHEMBL2058760	nM	0.8	O=C([C@@H]1C[C@H](N2CCN(c3nc4ccccc4[nH]3)CC2)CN1)N1CCSC1	8.096910013008056	<rdkit.Chem.rdchem.Mol object at 0x7f870f972030>
2497	CHEMBL2058761	nM	0.59	O=C([C@@H]1C[C@H](N2CCN(c3nc4cc(Cl)ccc4[nH]3)CC2)CN1)N1CCSC1	8.229147988357855	<rdkit.Chem.rdchem.Mol object at 0x7f870f9720a0>
2498	CHEMBL2058762	nM	0.39	N#Cc1ccc2[nH]c(N3CCN([C@@H]4CN[C@H](C(=O)N5CCSC5)C4)CC3)nc2c1	8.4089353929735	<rdkit.Chem.rdchem.Mol object at 0x7f870f972110>
2499	CHEMBL2058967	nM	1.2	O=C([C@@H]1C[C@H](N2CCN(c3nc4ccccc4o3)CC2)CN1)N1CCSC1	7.920818753952375	<rdkit.Chem.rdchem.Mol object at 0x7f870f972180>
2500	CHEMBL2058756	nM	0.5	N#Cc1ccc2oc(N3CCN([C@@H]4CN[C@H](C(=O)N5CCSC5)C4)CC3)nc2c1	8.301029995663981	<rdkit.Chem.rdchem.Mol object at 0x7f870f9721f0>
2501	CHEMBL2058757	nM	0.55	O=C([C@@H]1C[C@H](N2CCN(c3nc4ccccc4s3)CC2)CN1)N1CCSC1	8.259637310505756	<rdkit.Chem.rdchem.Mol object at 0x7f870f972260>
2502	CHEMBL2058758	nM	0.42	N#Cc1ccc2sc(N3CCN([C@@H]4CN[C@H](C(=O)N5CCSC5)C4)CC3)nc2c1	8.3767507096021	<rdkit.Chem.rdchem.Mol object at 0x7f870f9722d0>
2503	CHEMBL2063024	nM	2.3	C[C@H](N)C(=O)N1C[C@@H](O)C[C@H]1B(O)O	7.638272163982407	<rdkit.Chem.rdchem.Mol object at 0x7f870f972340>
2504	CHEMBL2063025	nM	23.0	C[C@H](N)C(=O)N1C[C@H](O)C[C@H]1B(O)O	6.638272163982407	<rdkit.Chem.rdchem.Mol object at 0x7f870f9723b0>
2505	CHEMBL2063026	nM	2.1	C[C@H](N)C(=O)N1C[C@H](F)C[C@H]1B(O)O	7.6777807052660805	<rdkit.Chem.rdchem.Mol object at 0x7f870f972420>
2506	CHEMBL2063027	nM	200.0	C[C@H](N)C(=O)N1CC(=O)C[C@H]1B(O)O	5.698970004336019	<rdkit.Chem.rdchem.Mol object at 0x7f870f972490>
2507	CHEMBL2063028	nM	18000.0	C[C@H](N)C(=O)N1C[C@@H](Cl)C[C@H]1B(O)O	3.744727494896694	<rdkit.Chem.rdchem.Mol object at 0x7f870f972500>
2508	CHEMBL2063029	nM	29.0	N[C@@H](CCC(=O)O)C(=O)N1C[C@@H](O)C[C@H]1B(O)O	6.5376020021010435	<rdkit.Chem.rdchem.Mol object at 0x7f870f972570>
2509	CHEMBL2063030	nM	17.0	N[C@@H](CCC(=O)O)C(=O)N1C[C@H](O)C[C@H]1B(O)O	6.769551078621726	<rdkit.Chem.rdchem.Mol object at 0x7f870f9725e0>
2510	CHEMBL2063031	nM	53.0	CC(C)(C)[C@H](N)C(=O)N1C[C@@H](O)C[C@H]1B(O)O	6.275724130399211	<rdkit.Chem.rdchem.Mol object at 0x7f870f972650>
2511	CHEMBL2063032	nM	59.0	CC(C)(C)[C@H](N)C(=O)N1C[C@H](O)C[C@H]1B(O)O	6.229147988357856	<rdkit.Chem.rdchem.Mol object at 0x7f870f9726c0>
2512	CHEMBL2063033	nM	6.2	O=C([C@@H]1CCCN1)N1C[C@@H](O)C[C@H]1B(O)O	7.2076083105017466	<rdkit.Chem.rdchem.Mol object at 0x7f870f972730>
2513	CHEMBL2063034	nM	6.5	O=C([C@@H]1CCCN1)N1C[C@H](O)C[C@H]1B(O)O	7.187086643357144	<rdkit.Chem.rdchem.Mol object at 0x7f870f9727a0>
2514	CHEMBL2063035	nM	20.0	O=C([C@@H]1C[C@@H](O)CN1)N1C[C@@H](O)C[C@H]1B(O)O	6.698970004336019	<rdkit.Chem.rdchem.Mol object at 0x7f870f972810>
2515	CHEMBL2063036	nM	48.0	O=C([C@@H]1C[C@@H](O)CN1)N1C[C@H](O)C[C@H]1B(O)O	6.318758762624412	<rdkit.Chem.rdchem.Mol object at 0x7f870f972880>
2516	CHEMBL2063037	nM	15.0	O=C([C@@H]1C[C@H](O)CN1)N1C[C@@H](O)C[C@H]1B(O)O	6.823908740944319	<rdkit.Chem.rdchem.Mol object at 0x7f870f9728f0>
2517	CHEMBL2063038	nM	16.0	O=C([C@@H]1C[C@H](O)CN1)N1C[C@H](O)C[C@H]1B(O)O	6.795880017344075	<rdkit.Chem.rdchem.Mol object at 0x7f870f972960>
2518	CHEMBL2063039	nM	17.0	N[C@@H](CCCC(=O)O)C(=O)N1C[C@H](O)C[C@H]1B(O)O	6.769551078621726	<rdkit.Chem.rdchem.Mol object at 0x7f870f9729d0>
2519	CHEMBL2063040	nM	0.3	N=C(N)NCCC[C@H](N)C(=O)N1C[C@@H](O)C[C@H]1B(O)O	8.522878745280337	<rdkit.Chem.rdchem.Mol object at 0x7f870f972a40>
2520	CHEMBL2069828	nM	85.7	N[C@@H](CC(=O)N1CCN(c2ccc([N+](=O)[O-])cc2)CC1)Cc1cc(F)c(F)cc1F	6.0670191780768015	<rdkit.Chem.rdchem.Mol object at 0x7f870f972ab0>
2521	CHEMBL2069829	nM	194.0	N[C@@H](CC(=O)N1CCN(c2ccc([N+](=O)[O-])cc2F)CC1)Cc1cc(F)c(F)cc1F	5.7121982700697735	<rdkit.Chem.rdchem.Mol object at 0x7f870f972b20>
2522	CHEMBL2069830	nM	291.0	N[C@@H](CC(=O)N1CCN(c2ccc(F)cc2F)CC1)Cc1cc(F)c(F)cc1F	5.536107011014093	<rdkit.Chem.rdchem.Mol object at 0x7f870f972b90>
2523	CHEMBL2069831	nM	264.0	CC(O)c1ccc(N2CCN(C(=O)C[C@H](N)Cc3cc(F)c(F)cc3F)CC2)cc1	5.578396073130169	<rdkit.Chem.rdchem.Mol object at 0x7f870f972c00>
2524	CHEMBL2069832	nM	99.7	CC(=O)c1ccc(N2CCN(C(=O)C[C@H](N)Cc3cc(F)c(F)cc3F)CC2)cc1	6.001304841688344	<rdkit.Chem.rdchem.Mol object at 0x7f870f972c70>
2525	CHEMBL2069833	nM	569.0	N[C@@H](CC(=O)N1CCN(c2ccccc2-c2ccccc2)CC1)Cc1cc(F)c(F)cc1F	5.244887733604929	<rdkit.Chem.rdchem.Mol object at 0x7f870f972ce0>
2526	CHEMBL2069834	nM	50.4	N#Cc1ccccc1N1CCN(C(=O)C[C@H](N)Cc2cc(F)c(F)cc2F)CC1	6.297569463554475	<rdkit.Chem.rdchem.Mol object at 0x7f870f972d50>
2527	CHEMBL2069835	nM	101.0	N#Cc1ccc(N2CCN(C(=O)C[C@H](N)Cc3cc(F)c(F)cc3F)CC2)cc1	5.995678626217358	<rdkit.Chem.rdchem.Mol object at 0x7f870f972dc0>
2528	CHEMBL2069836	nM	103.0	COc1cc(CN2CCN(C(=O)C[C@H](N)Cc3cc(F)c(F)cc3F)CC2)cc(OC)c1	5.987162775294828	<rdkit.Chem.rdchem.Mol object at 0x7f870f972e30>
2529	CHEMBL2069837	nM	212.0	N[C@@H](CC(=O)N1CCN(C(c2ccc(F)cc2)c2ccc(F)cc2)CC1)Cc1cc(F)c(F)cc1F	5.673664139071248	<rdkit.Chem.rdchem.Mol object at 0x7f870f972ea0>
2530	CHEMBL2069838	nM	52.6	N[C@@H](CC(=O)N1CCN(C(=O)c2ccccc2)CC1)Cc1cc(F)c(F)cc1F	6.279014255846261	<rdkit.Chem.rdchem.Mol object at 0x7f870f972f10>
2531	CHEMBL2069839	nM	45.3	N[C@@H](CC(=O)N1CCN(C(=O)c2ccc(F)cc2)CC1)Cc1cc(F)c(F)cc1F	6.343901797987169	<rdkit.Chem.rdchem.Mol object at 0x7f870f972f80>
2532	CHEMBL2069840	nM	39.0	N[C@@H](CC(=O)N1CCN(C(=O)c2ccc(O)cc2)CC1)Cc1cc(F)c(F)cc1F	6.4089353929735005	<rdkit.Chem.rdchem.Mol object at 0x7f870f972ff0>
2533	CHEMBL2069841	nM	64.6	N[C@@H](CC(=O)N1CCN(C(=O)c2ccc(OC(F)(F)F)cc2)CC1)Cc1cc(F)c(F)cc1F	6.189767482004916	<rdkit.Chem.rdchem.Mol object at 0x7f870f973060>
2534	CHEMBL2069842	nM	56.4	N[C@@H](CC(=O)N1CCN(C(=O)c2ccc(C(F)(F)F)cc2)CC1)Cc1cc(F)c(F)cc1F	6.248720896016658	<rdkit.Chem.rdchem.Mol object at 0x7f870f9730d0>
2535	CHEMBL2069843	nM	45.3	N[C@@H](CC(=O)N1CCN(C(=O)c2ccc(S(N)(=O)=O)cc2)CC1)Cc1cc(F)c(F)cc1F	6.343901797987169	<rdkit.Chem.rdchem.Mol object at 0x7f870f973140>
2536	CHEMBL2069844	nM	53.4	N[C@@H](CC(=O)N1CCN(C(=O)c2ccc(C(=O)O)cc2)CC1)Cc1cc(F)c(F)cc1F	6.272458742971444	<rdkit.Chem.rdchem.Mol object at 0x7f870f9731b0>
2537	CHEMBL2069845	nM	56.9	N[C@@H](CC(=O)N1CCN(C(=O)c2cccc(C(=O)O)c2)CC1)Cc1cc(F)c(F)cc1F	6.244887733604929	<rdkit.Chem.rdchem.Mol object at 0x7f870f973220>
2538	CHEMBL2069846	nM	47.7	CN1CCN(c2ccc(C(=O)N3CCN(C(=O)C[C@H](N)Cc4cc(F)c(F)cc4F)CC3)cc2)CC1	6.321481620959886	<rdkit.Chem.rdchem.Mol object at 0x7f870f973290>
2539	CHEMBL2069847	nM	67.7	N[C@@H](CC(=O)N1CCN(C(=O)c2ccco2)CC1)Cc1cc(F)c(F)cc1F	6.169411331314856	<rdkit.Chem.rdchem.Mol object at 0x7f870f973300>
2540	CHEMBL2069848	nM	24.9	N[C@@H](CC(=O)N1CCN(C(=O)c2ccc3ccccc3n2)CC1)Cc1cc(F)c(F)cc1F	6.603800652904264	<rdkit.Chem.rdchem.Mol object at 0x7f870f973370>
2541	CHEMBL2069849	nM	65.4	COc1cccc2cc(C(=O)N3CCN(C(=O)C[C@H](N)Cc4cc(F)c(F)cc4F)CC3)oc12	6.184422251675732	<rdkit.Chem.rdchem.Mol object at 0x7f870f9733e0>
2542	CHEMBL2069850	nM	57.6	N[C@@H](CC(=O)N1CCN(C(=O)c2ccccn2)CC1)Cc1cc(F)c(F)cc1F	6.239577516576788	<rdkit.Chem.rdchem.Mol object at 0x7f870f973450>
2543	CHEMBL2069851	nM	74.4	N[C@@H](CC(=O)N1CCN(C(=O)c2cnccn2)CC1)Cc1cc(F)c(F)cc1F	6.128427064454121	<rdkit.Chem.rdchem.Mol object at 0x7f870f9734c0>
2544	CHEMBL2069852	nM	91.5	N[C@@H](CC(=O)N1CCN(C(=O)c2ccc(O)nc2)CC1)Cc1cc(F)c(F)cc1F	6.0385789059335515	<rdkit.Chem.rdchem.Mol object at 0x7f870f973530>
2545	CHEMBL2069853	nM	31.2	N[C@@H](CC(=O)N1CCN(C(=O)c2cc(O)c3cccc(O)c3n2)CC1)Cc1cc(F)c(F)cc1F	6.505845405981558	<rdkit.Chem.rdchem.Mol object at 0x7f870f9735a0>
2546	CHEMBL2069854	nM	50.6	N[C@@H](CC(=O)N1CCN(C(=O)c2cc3ccccc3s2)CC1)Cc1cc(F)c(F)cc1F	6.295849483160201	<rdkit.Chem.rdchem.Mol object at 0x7f870f973610>
2547	CHEMBL2069855	nM	33.9	Cn1c(C(=O)N2CCN(C(=O)C[C@H](N)Cc3cc(F)c(F)cc3F)CC2)cc2ccccc21	6.4698003017969175	<rdkit.Chem.rdchem.Mol object at 0x7f870f973680>
2548	CHEMBL2069856	nM	76.2	N[C@@H](CC(=O)N1CCN(C(=O)c2cc3ccccc3o2)CC1)Cc1cc(F)c(F)cc1F	6.1180450286604	<rdkit.Chem.rdchem.Mol object at 0x7f870f9736f0>
2549	CHEMBL2069308	nM	36.7	N[C@@H](CC(=O)N1CCN(C(=O)c2ccc3cccnc3n2)CC1)Cc1cc(F)c(F)cc1F	6.43533393574791	<rdkit.Chem.rdchem.Mol object at 0x7f870f973760>
2550	CHEMBL2069857	nM	42.2	N[C@@H](CC(=O)N1CCN(C(=O)c2cc(Cl)ccn2)CC1)Cc1cc(F)c(F)cc1F	6.374687549038326	<rdkit.Chem.rdchem.Mol object at 0x7f870f9737d0>
2551	CHEMBL2069858	nM	30.5	N[C@@H](CC(=O)N1CCN(C(=O)c2cccc(-c3ccc(F)cc3)n2)CC1)Cc1cc(F)c(F)cc1F	6.515700160653214	<rdkit.Chem.rdchem.Mol object at 0x7f870f973840>
2552	CHEMBL2069859	nM	113.9	N[C@@H](CC(=O)N1CCN(C(=O)c2cccc(F)n2)CC1)Cc1cc(F)c(F)cc1F	5.9434762759209	<rdkit.Chem.rdchem.Mol object at 0x7f870f9738b0>
2553	CHEMBL2069860	nM	57.4	N[C@@H](CC(=O)N1CCN(C(=O)c2ncc(F)cc2F)CC1)Cc1cc(F)c(F)cc1F	6.241088107602026	<rdkit.Chem.rdchem.Mol object at 0x7f870f973920>
2554	CHEMBL2086587	nM	320.0	NC(=O)[C@@H]1CCCN1C(=O)CCNC(=O)c1ccccc1	5.494850021680094	<rdkit.Chem.rdchem.Mol object at 0x7f870f973990>
2555	CHEMBL2086588	nM	890.0	COc1ccc(C(=O)NCCC(=O)N2CCC[C@H]2C(N)=O)cc1	5.050609993355088	<rdkit.Chem.rdchem.Mol object at 0x7f870f973a00>
2556	CHEMBL2086589	nM	863.0	NC(=O)[C@@H]1CCCN1C(=O)CCNC(=O)c1ccc(O)cc1	5.06398920428479	<rdkit.Chem.rdchem.Mol object at 0x7f870f973a70>
2557	CHEMBL2086590	nM	93.0	NC(=O)[C@@H]1CCCN1C(=O)CCNC(=O)c1ccc(F)cc1	6.031517051446065	<rdkit.Chem.rdchem.Mol object at 0x7f870f973ae0>
2558	CHEMBL2086591	nM	31.0	N#Cc1ccc(C(=O)NCCC(=O)N2CCC[C@H]2C(N)=O)cc1	6.508638306165727	<rdkit.Chem.rdchem.Mol object at 0x7f870f973b50>
2559	CHEMBL2086592	nM	27.999999999999996	NC(=O)[C@@H]1CCCN1C(=O)CCNC(=O)c1ccc(C(F)(F)F)cc1	6.552841968657781	<rdkit.Chem.rdchem.Mol object at 0x7f870f973bc0>
2560	CHEMBL2086593	nM	715.0	Cc1ccc(C(=O)NCCC(=O)N2CCC[C@H]2C(N)=O)cc1	5.145693958198919	<rdkit.Chem.rdchem.Mol object at 0x7f870f973c30>
2561	CHEMBL2086594	nM	107.0	NC(=O)[C@@H]1CCCN1C(=O)CCNC(=O)c1ccc(-c2ccccc2)cc1	5.97061622231479	<rdkit.Chem.rdchem.Mol object at 0x7f870f973ca0>
2562	CHEMBL2086595	nM	298.0	NC(=O)[C@@H]1CCCN1C(=O)CCCNC(=O)c1ccccc1	5.525783735923745	<rdkit.Chem.rdchem.Mol object at 0x7f870f973d10>
2563	CHEMBL2086596	nM	869.0	COc1ccc(C(=O)NCCCC(=O)N2CCC[C@H]2C(N)=O)cc1	5.060980223551334	<rdkit.Chem.rdchem.Mol object at 0x7f870f973d80>
2564	CHEMBL2086597	nM	843.0	NC(=O)[C@@H]1CCCN1C(=O)CCCNC(=O)c1ccc(O)cc1	5.074172425375258	<rdkit.Chem.rdchem.Mol object at 0x7f870f973df0>
2565	CHEMBL2086598	nM	74.0	NC(=O)[C@@H]1CCCN1C(=O)CCCNC(=O)c1ccc(F)cc1	6.130768280269024	<rdkit.Chem.rdchem.Mol object at 0x7f870f973e60>
2566	CHEMBL2086599	nM	26.000000000000004	N#Cc1ccc(C(=O)NCCCC(=O)N2CCC[C@H]2C(N)=O)cc1	6.585026652029182	<rdkit.Chem.rdchem.Mol object at 0x7f870f973ed0>
2567	CHEMBL2086600	nM	18.999999999999996	NC(=O)[C@@H]1CCCN1C(=O)CCCNC(=O)c1ccc(C(F)(F)F)cc1	6.721246399047171	<rdkit.Chem.rdchem.Mol object at 0x7f870f973f40>
2568	CHEMBL2086601	nM	694.0	Cc1ccc(C(=O)NCCCC(=O)N2CCC[C@H]2C(N)=O)cc1	5.158640529545145	<rdkit.Chem.rdchem.Mol object at 0x7f870f974040>
2569	CHEMBL2086602	nM	104.0	NC(=O)[C@@H]1CCCN1C(=O)CCCNC(=O)c1ccc(-c2ccccc2)cc1	5.982966660701219	<rdkit.Chem.rdchem.Mol object at 0x7f870f9740b0>
2570	CHEMBL2086603	nM	311.0	NC(=O)[C@@H]1CCCN1C(=O)c1ccc(NC(=O)c2ccccc2)cc1	5.507239610973163	<rdkit.Chem.rdchem.Mol object at 0x7f870f974120>
2571	CHEMBL2086604	nM	879.0	COc1ccc(C(=O)Nc2ccc(C(=O)N3CCC[C@H]3C(N)=O)cc2)cc1	5.056011124926228	<rdkit.Chem.rdchem.Mol object at 0x7f870f974190>
2572	CHEMBL2086605	nM	863.0	NC(=O)[C@@H]1CCCN1C(=O)c1ccc(NC(=O)c2ccc(O)cc2)cc1	5.06398920428479	<rdkit.Chem.rdchem.Mol object at 0x7f870f974200>
2573	CHEMBL2086606	nM	100.0	NC(=O)[C@@H]1CCCN1C(=O)c1ccc(NC(=O)c2ccc(F)cc2)cc1	6.0	<rdkit.Chem.rdchem.Mol object at 0x7f870f974270>
2574	CHEMBL2086607	nM	34.00000000000001	N#Cc1ccc(C(=O)Nc2ccc(C(=O)N3CCC[C@H]3C(N)=O)cc2)cc1	6.468521082957745	<rdkit.Chem.rdchem.Mol object at 0x7f870f9742e0>
2575	CHEMBL2086608	nM	31.0	NC(=O)[C@@H]1CCCN1C(=O)c1ccc(NC(=O)c2ccc(C(F)(F)F)cc2)cc1	6.508638306165727	<rdkit.Chem.rdchem.Mol object at 0x7f870f974350>
2576	CHEMBL2086609	nM	723.0	Cc1ccc(C(=O)Nc2ccc(C(=O)N3CCC[C@H]3C(N)=O)cc2)cc1	5.140861702705469	<rdkit.Chem.rdchem.Mol object at 0x7f870f9743c0>
2577	CHEMBL2086610	nM	116.0	NC(=O)[C@@H]1CCCN1C(=O)c1ccc(NC(=O)c2ccc(-c3ccccc3)cc2)cc1	5.935542010773082	<rdkit.Chem.rdchem.Mol object at 0x7f870f974430>
2578	CHEMBL2086611	nM	10.3	N#Cc1ccc(C(=O)NCCC(=O)N2CCC[C@H]2C#N)cc1	6.987162775294828	<rdkit.Chem.rdchem.Mol object at 0x7f870f9744a0>
2579	CHEMBL2086612	nM	13.2	N#C[C@@H]1CCCN1C(=O)CCNC(=O)c1ccc(C(F)(F)F)cc1	6.87942606879415	<rdkit.Chem.rdchem.Mol object at 0x7f870f974510>
2580	CHEMBL2086613	nM	2.3	N#Cc1ccc(C(=O)NCCCC(=O)N2CCC[C@H]2C#N)cc1	7.638272163982407	<rdkit.Chem.rdchem.Mol object at 0x7f870f974580>
2581	CHEMBL2086614	nM	3.8	N#C[C@@H]1CCCN1C(=O)CCCNC(=O)c1ccc(C(F)(F)F)cc1	7.42021640338319	<rdkit.Chem.rdchem.Mol object at 0x7f870f9745f0>
2582	CHEMBL2086615	nM	11.6	N#Cc1ccc(C(=O)Nc2ccc(C(=O)N3CCC[C@H]3C#N)cc2)cc1	6.935542010773082	<rdkit.Chem.rdchem.Mol object at 0x7f870f974660>
2583	CHEMBL2086616	nM	14.3	N#C[C@@H]1CCCN1C(=O)c1ccc(NC(=O)c2ccc(C(F)(F)F)cc2)cc1	6.844663962534938	<rdkit.Chem.rdchem.Mol object at 0x7f870f9746d0>
2584	CHEMBL2147702	nM	4.5	O=C([C@@H]1C[C@H](N2CCN(c3nc(-c4ccccc4)cs3)CC2)CN1)N1CCSC1	7.346787486224656	<rdkit.Chem.rdchem.Mol object at 0x7f870f974740>
2585	CHEMBL2147703	nM	0.26	O=C([C@@H]1C[C@H](N2CCN(c3nccn3-c3ccccc3)CC2)CN1)N1CCSC1	8.585026652029182	<rdkit.Chem.rdchem.Mol object at 0x7f870f9747b0>
2586	CHEMBL2147704	nM	0.2	O=C([C@@H]1C[C@H](N2CCN(c3nnnn3-c3ccccc3)CC2)CN1)N1CCSC1	8.698970004336019	<rdkit.Chem.rdchem.Mol object at 0x7f870f974820>
2587	CHEMBL2147705	nM	4.0	O=C([C@@H]1C[C@H](N2CCC(c3nnnn3-c3ccccc3)CC2)CN1)N1CCSC1	7.3979400086720375	<rdkit.Chem.rdchem.Mol object at 0x7f870f974890>
2588	CHEMBL2147706	nM	4.3	O=C([C@@H]1C[C@H](N2CCN(c3nnnn3C3CCCCC3)CC2)CN1)N1CCSC1	7.366531544420414	<rdkit.Chem.rdchem.Mol object at 0x7f870f974900>
2589	CHEMBL2147707	nM	0.94	O=C([C@@H]1C[C@H](N2CCN(c3ccnn3-c3ccccc3)CC2)CN1)N1CCSC1	8.0268721464003	<rdkit.Chem.rdchem.Mol object at 0x7f870f974970>
2590	CHEMBL2147709	nM	0.32	O=C([C@@H]1C[C@H](N2CCN(c3cc(C(F)(F)F)nn3-c3ccccc3)CC2)CN1)N1CCSC1	8.494850021680094	<rdkit.Chem.rdchem.Mol object at 0x7f870f9749e0>
2591	CHEMBL2147710	nM	5.6	O=C([C@@H]1C[C@H](N2CCC(c3cc(C(F)(F)F)nn3-c3ccccc3)CC2)CN1)N1CCSC1	7.251811972993799	<rdkit.Chem.rdchem.Mol object at 0x7f870f974a50>
2592	CHEMBL2147711	nM	2.9	Cc1cc(N2CCN([C@@H]3CN[C@H](C(=O)N4CCSC4)C3)CC2)n(-c2ccc(F)cc2)n1	7.537602002101044	<rdkit.Chem.rdchem.Mol object at 0x7f870f974ac0>
2593	CHEMBL2147712	nM	0.3	Cc1cc(N2CCN([C@@H]3CN[C@H](C(=O)N4CCSC4)C3)CC2)n(-c2cccc(F)c2)n1	8.522878745280337	<rdkit.Chem.rdchem.Mol object at 0x7f870f974b30>
2594	CHEMBL2147713	nM	0.85	Cc1cc(N2CCN([C@@H]3CN[C@H](C(=O)N4CCSC4)C3)CC2)n(-c2ccccc2F)n1	8.070581074285707	<rdkit.Chem.rdchem.Mol object at 0x7f870f974ba0>
2595	CHEMBL2147714	nM	3.4	Cc1cc(N2CCN([C@@H]3CN[C@H](C(=O)N4CCSC4)C3)CC2)n(-c2ccc(Cl)cc2)n1	7.468521082957745	<rdkit.Chem.rdchem.Mol object at 0x7f870f974c10>
2596	CHEMBL2147715	nM	12.0	Cc1cc(N2CCN([C@@H]3CN[C@H](C(=O)N4CCSC4)C3)CC2)n(-c2ccc(C#N)cc2)n1	6.920818753952375	<rdkit.Chem.rdchem.Mol object at 0x7f870f974c80>
2597	CHEMBL2147772	nM	5.0	Cc1cc(N2CCN([C@@H]3CN[C@H](C(=O)N4CCSC4)C3)CC2)n(-c2ccncc2)n1	7.301029995663981	<rdkit.Chem.rdchem.Mol object at 0x7f870f974cf0>
2598	CHEMBL2147773	nM	0.62	Cc1cc(N2CCN([C@@H]3CN[C@H](C(=O)N4CCSC4)C3)CC2)n(-c2cccnc2)n1	8.207608310501746	<rdkit.Chem.rdchem.Mol object at 0x7f870f974d60>
2599	CHEMBL2147771	nM	0.63	Cc1cc(N2CCN([C@@H]3CN[C@H](C(=O)N4CCSC4)C3)CC2)n(-c2ccccn2)n1	8.200659450546418	<rdkit.Chem.rdchem.Mol object at 0x7f870f974dd0>
2600	CHEMBL2147774	nM	15.0	Cc1cc(N2CCN([C@@H]3CN[C@H](C(=O)N4CCSC4)C3)CC2)n(-c2ccc(C#N)cn2)n1	6.823908740944319	<rdkit.Chem.rdchem.Mol object at 0x7f870f974e40>
2601	CHEMBL2147775	nM	6.3	Cc1cc(N2CCN([C@H]3CN[C@H](C(=O)N4CCSC4)C3)CC2)n(-c2ccccc2)n1	7.200659450546418	<rdkit.Chem.rdchem.Mol object at 0x7f870f974eb0>
2602	CHEMBL2147777	nM	0.37	Cc1cc(N2CCN([C@@H]3CN[C@H](C(=O)N4CCSC4)C3)CC2)n(-c2ccccc2)n1	8.431798275933005	<rdkit.Chem.rdchem.Mol object at 0x7f870f974f20>
2603	CHEMBL2147070	nM	0.48	Cl.Cn1c(=O)c2c(nc(N3CCC[C@@H](N)C3)n2Cc2cc(F)ccc2Cl)c2ccc(C(=O)O)cc21	8.318758762624412	<rdkit.Chem.rdchem.Mol object at 0x7f870f974f90>
2604	CHEMBL2147057	nM	418.0	Cl.N[C@@H]1CCCN(c2nc3c4ccccc4[nH]c(=O)c3n2Cc2ccccc2Cl)C1	5.3788237182249645	<rdkit.Chem.rdchem.Mol object at 0x7f870f975000>
2605	CHEMBL2147087	nM	103.0	Cl.Cn1c(=O)c2c(nc(N3CCC[C@@H](N)C3)n2Cc2ccccc2Cl)c2ccccc21	5.987162775294828	<rdkit.Chem.rdchem.Mol object at 0x7f870f975070>
2606	CHEMBL2147184	nM	400.0	CCn1c(=O)c2c(nc(N3CCC[C@@H](N)C3)n2Cc2ccccc2Cl)c2ccccc21.Cl	5.3979400086720375	<rdkit.Chem.rdchem.Mol object at 0x7f870f9750e0>
2607	CHEMBL2147185	nM	3400.0	CCCn1c(=O)c2c(nc(N3CCC[C@@H](N)C3)n2Cc2ccccc2Cl)c2ccccc21.Cl	4.468521082957745	<rdkit.Chem.rdchem.Mol object at 0x7f870f975150>
2608	CHEMBL2147187	nM	660.0	COc1cccc2c3nc(N4CCC[C@@H](N)C4)n(Cc4ccccc4Cl)c3c(=O)n(C)c12.Cl	5.180456064458132	<rdkit.Chem.rdchem.Mol object at 0x7f870f9751c0>
2609	CHEMBL2147188	nM	271.0	COC(=O)c1cccc2c3nc(N4CCC[C@@H](N)C4)n(Cc4ccccc4Cl)c3c(=O)n(C)c12.Cl	5.567030709125595	<rdkit.Chem.rdchem.Mol object at 0x7f870f975230>
2610	CHEMBL2147189	nM	72.0	Cl.Cn1c(=O)c2c(nc(N3CCC[C@@H](N)C3)n2Cc2ccccc2Cl)c2cccc(C(=O)O)c21	6.142667503568732	<rdkit.Chem.rdchem.Mol object at 0x7f870f9752a0>
2611	CHEMBL2147190	nM	66.0	Cl.Cn1c(=O)c2c(nc(N3CCC[C@@H](N)C3)n2Cc2ccccc2Cl)c2ccc(F)cc21	6.180456064458132	<rdkit.Chem.rdchem.Mol object at 0x7f870f975310>
2612	CHEMBL2147191	nM	72.0	Cl.Cn1c(=O)c2c(nc(N3CCC[C@@H](N)C3)n2Cc2ccccc2Cl)c2ccc(-c3ccccc3)cc21	6.142667503568732	<rdkit.Chem.rdchem.Mol object at 0x7f870f975380>
2613	CHEMBL2147192	nM	340.0	Cc1ccc2c3nc(N4CCC[C@@H](N)C4)n(Cc4ccccc4Cl)c3c(=O)n(C)c2c1	5.468521082957745	<rdkit.Chem.rdchem.Mol object at 0x7f870f9753f0>
2614	CHEMBL2147193	nM	66.0	COc1ccc2c3nc(N4CCC[C@@H](N)C4)n(Cc4ccccc4Cl)c3c(=O)n(C)c2c1.Cl	6.180456064458132	<rdkit.Chem.rdchem.Mol object at 0x7f870f975460>
2615	CHEMBL2147194	nM	17.0	COCc1ccc2c3nc(N4CCC[C@@H](N)C4)n(Cc4ccccc4Cl)c3c(=O)n(C)c2c1.Cl	6.769551078621726	<rdkit.Chem.rdchem.Mol object at 0x7f870f9754d0>
2616	CHEMBL2147183	nM	22.0	Cn1c(=O)c2c(nc(N3CCC[C@@H](N)C3)n2Cc2ccccc2Cl)c2ccc(CO)cc21	6.657577319177793	<rdkit.Chem.rdchem.Mol object at 0x7f870f975540>
2617	CHEMBL2147195	nM	16.0	COC(=O)c1ccc2c3nc(N4CCC[C@@H](N)C4)n(Cc4ccccc4Cl)c3c(=O)n(C)c2c1.Cl	6.795880017344075	<rdkit.Chem.rdchem.Mol object at 0x7f870f9755b0>
2618	CHEMBL2147196	nM	12.0	Cl.Cn1c(=O)c2c(nc(N3CCC[C@@H](N)C3)n2Cc2ccccc2Cl)c2ccc(C(N)=O)cc21	6.920818753952375	<rdkit.Chem.rdchem.Mol object at 0x7f870f975620>
2619	CHEMBL2147071	nM	10.0	CN(C)C(=O)c1ccc2c3nc(N4CCC[C@@H](N)C4)n(Cc4ccccc4Cl)c3c(=O)n(C)c2c1.Cl	7.0	<rdkit.Chem.rdchem.Mol object at 0x7f870f975690>
2620	CHEMBL2147072	nM	6.3	Cn1c(=O)c2c(nc(N3CCC[C@@H](N)C3)n2Cc2ccccc2Cl)c2ccc(C#N)cc21	7.200659450546418	<rdkit.Chem.rdchem.Mol object at 0x7f870f975700>
2621	CHEMBL2147073	nM	1.6	Cl.Cn1c(=O)c2c(nc(N3CCC[C@@H](N)C3)n2Cc2ccccc2Cl)c2ccc(C(=O)O)cc21	7.795880017344075	<rdkit.Chem.rdchem.Mol object at 0x7f870f975770>
2622	CHEMBL2147074	nM	3.8	Cl.Cn1c(=O)c2c(nc(N3CCC[C@@H](N)C3)n2Cc2ccccc2Cl)c2ccc(CC(=O)O)cc21	7.42021640338319	<rdkit.Chem.rdchem.Mol object at 0x7f870f9757e0>
2623	CHEMBL2147075	nM	90.0	COc1ccc2c(c1)c1nc(N3CCC[C@@H](N)C3)n(Cc3ccccc3Cl)c1c(=O)n2C.Cl	6.045757490560675	<rdkit.Chem.rdchem.Mol object at 0x7f870f975850>
2624	CHEMBL2147076	nM	94.0	Cc1ccc2c(c1)c1nc(N3CCC[C@@H](N)C3)n(Cc3ccccc3Cl)c1c(=O)n2C.Cl	6.026872146400302	<rdkit.Chem.rdchem.Mol object at 0x7f870f9758c0>
2625	CHEMBL2147077	nM	56.0	Cl.Cn1c(=O)c2c(nc(N3CCC[C@@H](N)C3)n2Cc2ccccc2Cl)c2cc(F)ccc21	6.251811972993799	<rdkit.Chem.rdchem.Mol object at 0x7f870f975930>
2626	CHEMBL2147078	nM	60.0	Cl.Cn1c(=O)c2c(nc(N3CCC[C@@H](N)C3)n2Cc2ccccc2Cl)c2cc(OC(F)F)ccc21	6.221848749616356	<rdkit.Chem.rdchem.Mol object at 0x7f870f9759a0>
2627	CHEMBL2147079	nM	21.0	COC(=O)c1ccc2c(c1)c1nc(N3CCC[C@@H](N)C3)n(Cc3ccccc3Cl)c1c(=O)n2C.Cl	6.6777807052660805	<rdkit.Chem.rdchem.Mol object at 0x7f870f975a10>
2628	CHEMBL2147080	nM	14.0	Cl.Cn1c(=O)c2c(nc(N3CCC[C@@H](N)C3)n2Cc2ccccc2Cl)c2cc(C(N)=O)ccc21	6.853871964321762	<rdkit.Chem.rdchem.Mol object at 0x7f870f975a80>
2629	CHEMBL2147081	nM	13.0	CN(C)C(=O)c1ccc2c(c1)c1nc(N3CCC[C@@H](N)C3)n(Cc3ccccc3Cl)c1c(=O)n2C.Cl	6.886056647693163	<rdkit.Chem.rdchem.Mol object at 0x7f870f975af0>
2630	CHEMBL2147082	nM	5.8	Cl.Cn1c(=O)c2c(nc(N3CCC[C@@H](N)C3)n2Cc2ccccc2Cl)c2cc(C(=O)O)ccc21	7.236572006437063	<rdkit.Chem.rdchem.Mol object at 0x7f870f975b60>
2631	CHEMBL2147083	nM	3.5	Cl.Cn1c(=O)c2c(nc(N3CCC[C@@H](N)C3)n2Cc2ccccc2Cl)c2cc(CC(=O)O)ccc21	7.455931955649724	<rdkit.Chem.rdchem.Mol object at 0x7f870f975bd0>
2632	CHEMBL2147084	nM	54.0	Cl.Cn1c(=O)c2c(nc(N3CCC[C@@H](N)C3)n2Cc2ccccc2Cl)c2c(C(=O)O)cccc21	6.267606240177032	<rdkit.Chem.rdchem.Mol object at 0x7f870f975c40>
2633	CHEMBL2147085	nM	17.0	Cl.Cn1c(=O)c2c(nc(N3CCC[C@@H](N)C3)n2Cc2ccccc2Cl)c2c(CC(=O)O)cccc21	6.769551078621726	<rdkit.Chem.rdchem.Mol object at 0x7f870f975cb0>
2634	CHEMBL2147086	nM	64.0	Cl.Cn1c(=O)c2c(nc(N3CCC[C@@H](N)C3)n2Cc2ccccc2)c2cc(C(=O)O)ccc21	6.1938200260161125	<rdkit.Chem.rdchem.Mol object at 0x7f870f975d20>
2635	CHEMBL2147058	nM	11.0	Cc1ccccc1Cn1c(N2CCC[C@@H](N)C2)nc2c3cc(C(=O)O)ccc3n(C)c(=O)c21.Cl	6.958607314841775	<rdkit.Chem.rdchem.Mol object at 0x7f870f975d90>
2636	CHEMBL2147059	nM	38.0	COc1ccccc1Cn1c(N2CCC[C@@H](N)C2)nc2c3cc(C(=O)O)ccc3n(C)c(=O)c21.Cl	6.42021640338319	<rdkit.Chem.rdchem.Mol object at 0x7f870f975e00>
2637	CHEMBL2147060	nM	160.0	Cl.Cn1c(=O)c2c(nc(N3CCC[C@@H](N)C3)n2Cc2ccccc2F)c2cc(C(=O)O)ccc21	5.795880017344075	<rdkit.Chem.rdchem.Mol object at 0x7f870f975e70>
2638	CHEMBL2147049	nM	110.0	Cl.Cn1c(=O)c2c(nc(N3CCC[C@@H](N)C3)n2Cc2cccc(Cl)c2)c2cc(C(=O)O)ccc21	5.958607314841775	<rdkit.Chem.rdchem.Mol object at 0x7f870f975ee0>
2639	CHEMBL2147062	nM	150.0	COc1cccc(Cn2c(N3CCC[C@@H](N)C3)nc3c4cc(C(=O)O)ccc4n(C)c(=O)c32)c1.Cl	5.823908740944319	<rdkit.Chem.rdchem.Mol object at 0x7f870f975f50>
2640	CHEMBL2147063	nM	6900.0	COc1ccc(Cn2c(N3CCC[C@@H](N)C3)nc3c4cc(C(=O)O)ccc4n(C)c(=O)c32)cc1.Cl	4.161150909262744	<rdkit.Chem.rdchem.Mol object at 0x7f870f975fc0>
2641	CHEMBL2147064	nM	3500.0	Cl.Cn1c(=O)c2c(nc(N3CCC[C@@H](N)C3)n2CCc2ccccc2Cl)c2cc(C(=O)O)ccc21	4.455931955649724	<rdkit.Chem.rdchem.Mol object at 0x7f870f976030>
2642	CHEMBL2147065	nM	8900.0	Cl.Cn1c(=O)c2c(nc(N3CCC[C@@H](N)C3)n2CC2CCCCC2)c2cc(C(=O)O)ccc21	4.050609993355087	<rdkit.Chem.rdchem.Mol object at 0x7f870f9760a0>
2643	CHEMBL2147066	nM	51.0	CC(C)=CCn1c(N2CCC[C@@H](N)C2)nc2c3cc(C(=O)O)ccc3n(C)c(=O)c21.Cl	6.292429823902063	<rdkit.Chem.rdchem.Mol object at 0x7f870f976110>
2644	CHEMBL2147067	nM	90.0	CC#CCn1c(N2CCC[C@@H](N)C2)nc2c3cc(C(=O)O)ccc3n(C)c(=O)c21.Cl	6.045757490560675	<rdkit.Chem.rdchem.Mol object at 0x7f870f976180>
2645	CHEMBL2147068	nM	25.0	Cl.Cn1c(=O)c2c(nc(N3CCC[C@@H](N)C3)n2Cc2cc(Cl)ccc2Cl)c2cc(C(=O)O)ccc21	6.6020599913279625	<rdkit.Chem.rdchem.Mol object at 0x7f870f9761f0>
2646	CHEMBL2147069	nM	4.8	Cl.Cn1c(=O)c2c(nc(N3CCC[C@@H](N)C3)n2Cc2cc(F)ccc2Cl)c2cc(C(=O)O)ccc21	7.318758762624412	<rdkit.Chem.rdchem.Mol object at 0x7f870f976260>
2647	CHEMBL2147056	nM	0.55	Cc1ccc(F)cc1Cn1c(N2CCC[C@@H](N)C2)nc2c3ccc(C(=O)O)cc3n(C)c(=O)c21.Cl	8.259637310505756	<rdkit.Chem.rdchem.Mol object at 0x7f870f9762d0>
2648	CHEMBL2153742	nM	400.0	CC(=O)Nc1ccc(OP(=O)(Oc2ccc(NC(C)=O)cc2)C2CCCN2C(=O)[C@@H]2CCCN2)cc1	5.3979400086720375	<rdkit.Chem.rdchem.Mol object at 0x7f870f976340>
2649	CHEMBL2153743	nM	16.0	COC(=O)c1ccc(OP(=O)(Oc2ccc(C(=O)OC)cc2)C2CCCN2C(=O)[C@@H]2CCCN2)cc1	6.795880017344075	<rdkit.Chem.rdchem.Mol object at 0x7f870f9763b0>
2650	CHEMBL2153744	nM	23.0	CCOC(=O)CNC(=O)c1ccc(OP(=O)(Oc2ccc(C(=O)NCC(=O)OCC)cc2)C2CCCN2C(=O)[C@@H]2CCCN2)cc1	6.638272163982407	<rdkit.Chem.rdchem.Mol object at 0x7f870f976420>
2651	CHEMBL2159175	nM	257.0	Cn1c(=O)c2c(-c3ccccc3)c(CN)c(N)nc2n(C)c1=O	5.590066876668706	<rdkit.Chem.rdchem.Mol object at 0x7f870f976490>
2652	CHEMBL2159176	nM	1070.0	Cn1c(=O)c2c(-c3ccc(F)cc3)c(CN)c(N)nc2n(C)c1=O	4.97061622231479	<rdkit.Chem.rdchem.Mol object at 0x7f870f976500>
2653	CHEMBL2159177	nM	128.0	Cn1c(=O)c2c(-c3ccc(Br)cc3)c(CN)c(N)nc2n(C)c1=O	5.892790030352131	<rdkit.Chem.rdchem.Mol object at 0x7f870f976570>
2654	CHEMBL2159178	nM	2800.0	COc1cccc(-c2c(CN)c(N)nc3c2c(=O)n(C)c(=O)n3C)c1	4.552841968657781	<rdkit.Chem.rdchem.Mol object at 0x7f870f9765e0>
2655	CHEMBL2159179	nM	57.0	COc1ccccc1-c1c(CN)c(N)nc2c1c(=O)n(C)c(=O)n2C	6.2441251443275085	<rdkit.Chem.rdchem.Mol object at 0x7f870f976650>
2656	CHEMBL2159180	nM	69.0	Cn1c(=O)c2c(-c3ccccc3C#N)c(CN)c(N)nc2n(C)c1=O	6.161150909262744	<rdkit.Chem.rdchem.Mol object at 0x7f870f9766c0>
2657	CHEMBL2159181	nM	33.0	Cn1c(=O)c2c(-c3ccccc3Cl)c(CN)c(N)nc2n(C)c1=O	6.481486060122113	<rdkit.Chem.rdchem.Mol object at 0x7f870f976730>
2658	CHEMBL2159182	nM	17.0	Cn1c(=O)c2c(-c3ccccc3Br)c(CN)c(N)nc2n(C)c1=O	6.769551078621726	<rdkit.Chem.rdchem.Mol object at 0x7f870f9767a0>
2659	CHEMBL2159183	nM	371.0	Cn1c(=O)c2c(-c3cccc(Cl)c3Cl)c(CN)c(N)nc2n(C)c1=O	5.430626090384954	<rdkit.Chem.rdchem.Mol object at 0x7f870f976810>
2660	CHEMBL2159184	nM	24.0	Cn1c(=O)c2c(-c3ccc(Cl)cc3Cl)c(CN)c(N)nc2n(C)c1=O	6.619788758288394	<rdkit.Chem.rdchem.Mol object at 0x7f870f976880>
2661	CHEMBL2159185	nM	29.0	Cn1c(=O)c2c(-c3cc(Cl)ccc3Cl)c(CN)c(N)nc2n(C)c1=O	6.5376020021010435	<rdkit.Chem.rdchem.Mol object at 0x7f870f9768f0>
2662	CHEMBL2159186	nM	20.0	COc1ccc(F)cc1-c1c(CN)c(N)nc2c1c(=O)n(C)c(=O)n2C	6.698970004336019	<rdkit.Chem.rdchem.Mol object at 0x7f870f976960>
2663	CHEMBL2159187	nM	7.6	Cn1c(=O)c2c(-c3cc(F)ccc3Cl)c(CN)c(N)nc2n(C)c1=O	7.119186407719209	<rdkit.Chem.rdchem.Mol object at 0x7f870f9769d0>
2664	CHEMBL2159188	nM	4.8	Cn1c(=O)c2c(-c3cc(F)ccc3Br)c(CN)c(N)nc2n(C)c1=O	7.318758762624412	<rdkit.Chem.rdchem.Mol object at 0x7f870f976a40>
2665	CHEMBL2159189	nM	260.0	Cn1c(=O)c2c(-c3cc(F)ccc3Br)c(CN)c(O)nc2n(C)c1=O	5.585026652029182	<rdkit.Chem.rdchem.Mol object at 0x7f870f976ab0>
2666	CHEMBL2159190	nM	2.8	CNc1nc2c(c(-c3cc(F)ccc3Br)c1CN)c(=O)n(C)c(=O)n2C	7.552841968657781	<rdkit.Chem.rdchem.Mol object at 0x7f870f976b20>
2667	CHEMBL2159191	nM	6.9	CCNc1nc2c(c(-c3cc(F)ccc3Br)c1CN)c(=O)n(C)c(=O)n2C	7.161150909262744	<rdkit.Chem.rdchem.Mol object at 0x7f870f976b90>
2668	CHEMBL2159192	nM	2.8	CCN(CC)c1nc2c(c(-c3cc(F)ccc3Br)c1CN)c(=O)n(C)c(=O)n2C	7.552841968657781	<rdkit.Chem.rdchem.Mol object at 0x7f870f976c00>
2669	CHEMBL2159193	nM	4.6	Cn1c(=O)c2c(-c3cc(F)ccc3Br)c(CN)c(N3CCOCC3)nc2n(C)c1=O	7.337242168318426	<rdkit.Chem.rdchem.Mol object at 0x7f870f976c70>
2670	CHEMBL2159194	nM	9.9	CN1CCN(c2nc3c(c(-c4cc(F)ccc4Br)c2CN)c(=O)n(C)c(=O)n3C)CC1	7.00436480540245	<rdkit.Chem.rdchem.Mol object at 0x7f870f976ce0>
2671	CHEMBL2206479	nM	1100.0	N[C@@H](CC(=O)NC1(c2nc(-c3ccc(Cl)cc3)cs2)CCS(=O)(=O)CC1)Cc1cc(F)c(F)cc1F	4.958607314841775	<rdkit.Chem.rdchem.Mol object at 0x7f870f976d50>
2672	CHEMBL2206477	nM	670.0	COc1ccc(-c2csc(C3(NC(=O)C[C@H](N)Cc4ccccc4F)CCS(=O)(=O)CC3)n2)cc1	5.173925197299173	<rdkit.Chem.rdchem.Mol object at 0x7f870f976dc0>
2673	CHEMBL2206466	nM	490.0	N[C@@H](CC(=O)NC1(c2cccc(-c3ccncc3)c2)CCS(=O)(=O)CC1)Cc1ccccc1F	5.309803919971486	<rdkit.Chem.rdchem.Mol object at 0x7f870f976e30>
2674	CHEMBL2206467	nM	390.0	N[C@@H](CC(=O)NC1(c2cccc(-c3nccs3)c2)CCS(=O)(=O)CC1)Cc1ccccc1F	5.4089353929735005	<rdkit.Chem.rdchem.Mol object at 0x7f870f976ea0>
2675	CHEMBL2206470	nM	330.0	N[C@@H](CC(=O)NC1(c2cccc(-c3cn[nH]c3)c2)CCS(=O)(=O)CC1)Cc1ccccc1F	5.481486060122113	<rdkit.Chem.rdchem.Mol object at 0x7f870f976f10>
2676	CHEMBL2206472	nM	280.0	Cc1ncc(-c2cccc(C3(NC(=O)C[C@H](N)Cc4ccccc4F)CCS(=O)(=O)CC3)c2)s1	5.552841968657781	<rdkit.Chem.rdchem.Mol object at 0x7f870f976f80>
2677	CHEMBL2206473	nM	250.0	N[C@@H](CC(=O)NC1(c2cccc(-c3cnc(C4CCCCN4)s3)c2)CCS(=O)(=O)CC1)Cc1ccccc1F	5.6020599913279625	<rdkit.Chem.rdchem.Mol object at 0x7f870f976ff0>
2678	CHEMBL2206481	nM	190.0	N[C@@H](CC(=O)NC1(c2nc(-c3cccc(C(F)(F)F)c3)cs2)CCS(=O)(=O)CC1)Cc1cc(F)c(F)cc1F	5.721246399047171	<rdkit.Chem.rdchem.Mol object at 0x7f870f977060>
2679	CHEMBL2206486	nM	160.0	Cn1cc(-c2ccccc2)nc1C1(NC(=O)C[C@H](N)Cc2cc(F)c(F)cc2F)CCS(=O)(=O)CC1	5.795880017344075	<rdkit.Chem.rdchem.Mol object at 0x7f870f9770d0>
2680	CHEMBL2206480	nM	110.0	N[C@@H](CC(=O)NC1(c2nc(-c3ccc(C(F)(F)F)cc3)cs2)CCS(=O)(=O)CC1)Cc1cc(F)c(F)cc1F	5.958607314841775	<rdkit.Chem.rdchem.Mol object at 0x7f870f977140>
2681	CHEMBL2206482	nM	100.0	N[C@@H](CC(=O)NC1(c2nc(-c3ccc(F)cc3)cs2)CCS(=O)(=O)CC1)Cc1ccccc1F	6.0	<rdkit.Chem.rdchem.Mol object at 0x7f870f9771b0>
2682	CHEMBL2206483	nM	94.0	N[C@@H](CC(=O)NC1(c2nnc(-c3ccccc3)o2)CCS(=O)(=O)CC1)Cc1cc(F)c(F)cc1F	6.026872146400302	<rdkit.Chem.rdchem.Mol object at 0x7f870f977220>
2683	CHEMBL2206471	nM	84.0	Cn1cncc1-c1cccc(C2(NC(=O)C[C@H](N)Cc3ccccc3F)CCS(=O)(=O)CC2)c1	6.075720713938118	<rdkit.Chem.rdchem.Mol object at 0x7f870f977290>
2684	CHEMBL2206488	nM	83.0	N[C@@H](CC(=O)NC1(c2ccccc2)CCS(=O)(=O)CC1)Cc1cc(F)c(F)cc1F	6.080921907623926	<rdkit.Chem.rdchem.Mol object at 0x7f870f977300>
2685	CHEMBL2206487	nM	72.0	Cc1sc(C2(NC(=O)C[C@H](N)Cc3ccccc3F)CCS(=O)(=O)CC2)nc1-c1ccccc1	6.142667503568732	<rdkit.Chem.rdchem.Mol object at 0x7f870f977370>
2686	CHEMBL2206474	nM	60.0	N[C@@H](CC(=O)NC1(c2nc(-c3ccccc3)cs2)CCS(=O)(=O)CC1)Cc1ccccc1F	6.221848749616356	<rdkit.Chem.rdchem.Mol object at 0x7f870f9773e0>
2687	CHEMBL2206478	nM	59.0	COc1ccccc1-c1csc(C2(NC(=O)C[C@H](N)Cc3cc(F)c(F)cc3F)CCS(=O)(=O)CC2)n1	6.229147988357856	<rdkit.Chem.rdchem.Mol object at 0x7f870f977450>
2688	CHEMBL2206484	nM	55.0	N[C@@H](CC(=O)NC1(c2nnc(-c3cccc(F)c3)o2)CCS(=O)(=O)CC1)Cc1cc(F)c(F)cc1F	6.259637310505756	<rdkit.Chem.rdchem.Mol object at 0x7f870f9774c0>
2689	CHEMBL2206485	nM	50.0	COc1cccc(-c2nnc(C3(NC(=O)C[C@H](N)Cc4cc(F)c(F)cc4F)CCS(=O)(=O)CC3)o2)c1	6.301029995663981	<rdkit.Chem.rdchem.Mol object at 0x7f870f977530>
2690	CHEMBL2206468	nM	41.0	N[C@@H](CC(=O)NC1(c2cccc(-c3cncs3)c2)CCS(=O)(=O)CC1)Cc1ccccc1F	6.3872161432802645	<rdkit.Chem.rdchem.Mol object at 0x7f870f9775a0>
2691	CHEMBL2206476	nM	24.0	COc1cccc(-c2csc(C3(NC(=O)C[C@H](N)Cc4ccccc4F)CCS(=O)(=O)CC3)n2)c1	6.619788758288394	<rdkit.Chem.rdchem.Mol object at 0x7f870f977610>
2692	CHEMBL2206475	nM	16.0	N[C@@H](CC(=O)NC1(c2nc(-c3ccccc3)cs2)CCS(=O)(=O)CC1)Cc1cc(F)c(F)cc1F	6.795880017344075	<rdkit.Chem.rdchem.Mol object at 0x7f870f977680>
2693	CHEMBL2203319	nM	12.0	N[C@@H](CC(=O)NC1(c2cccc(-n3ccnc3)c2)CCS(=O)(=O)CC1)Cc1cc(F)c(F)cc1F	6.920818753952375	<rdkit.Chem.rdchem.Mol object at 0x7f870f9776f0>
2694	CHEMBL2206469	nM	7.8	N[C@@H](CC(=O)NC1(c2cccc(-c3cncs3)c2)CCS(=O)(=O)CC1)Cc1cc(F)c(F)cc1F	7.107905397309519	<rdkit.Chem.rdchem.Mol object at 0x7f870f977760>
2695	CHEMBL1229855	nM	16.0	CC(=O)N(C)[C@H]1CC[C@H]([C@H](C)[C@H](N)C(=O)N2CC[C@H](F)C2)CC1	6.795880017344075	<rdkit.Chem.rdchem.Mol object at 0x7f870f9777d0>
2696	CHEMBL1229644	nM	22.0	CC(C)(CO)NCC(=O)N1C[C@@H](F)C[C@H]1[C@@H](O)c1nnc(C(C)(C)C)o1	6.657577319177793	<rdkit.Chem.rdchem.Mol object at 0x7f870f977840>
2697	CHEMBL1230044	nM	65.0	N[C@H]1CN(C(=O)c2cnc3ccccc3n2)C[C@H]1C(=O)N1CCCC1	6.187086643357144	<rdkit.Chem.rdchem.Mol object at 0x7f870f9778b0>
2698	CHEMBL1185242	nM	12.0	CS(=O)(=O)c1ccc(-c2noc([C@@H](CC3CC3)[C@H](N)C(F)=C3CCCC3)n2)c(Cl)c1	6.920818753952375	<rdkit.Chem.rdchem.Mol object at 0x7f870f977920>
2699	CHEMBL1230015	nM	19.0	CS(=O)(=O)c1ccc([C@H]2NO[C@H]([C@@H](CC3CC3)[C@H](N)C(=O)N3CC[C@H](F)C3)N2)c(F)c1	6.721246399047171	<rdkit.Chem.rdchem.Mol object at 0x7f870f977990>
2700	CHEMBL2298396	nM	23.0	N#C[C@@H]1C[C@@H]2C[C@@H]2N1C(=O)[C@@H](N)C12C[C@H]3C[C@@H](C1)C[C@](O)(C3)C2	6.638272163982407	<rdkit.Chem.rdchem.Mol object at 0x7f870f977a00>
2701	CHEMBL1186902	nM	223.0	N[C@@H](CC(=O)N1CCCN(C(=O)c2ccc(C(=O)O)cc2)CC1)Cc1cc(F)c(F)cc1F	5.651695136951839	<rdkit.Chem.rdchem.Mol object at 0x7f870f977a70>
2702	CHEMBL1194345	nM	67.0	N[C@H]1Cn2c(nc3cnccc32)C[C@@H]1c1cc(F)c(F)cc1F	6.173925197299173	<rdkit.Chem.rdchem.Mol object at 0x7f870f977ae0>
2703	CHEMBL1197118	nM	42.0	CS(=O)(=O)c1ccc2c(c1)nc1n2C[C@H](N)[C@@H](c2cc(F)c(F)cc2F)C1	6.376750709602099	<rdkit.Chem.rdchem.Mol object at 0x7f870f977b50>
2704	CHEMBL1229820	nM	0.5	COc1cc2c(cc1OC)[C@@H]1C[C@H](N)[C@@H](c3cccc(CF)c3)CN1CC2	8.301029995663981	<rdkit.Chem.rdchem.Mol object at 0x7f870f977bc0>
2705	CHEMBL226396	nM	5.0	Nc1nc(Cl)c2nc[nH]c2n1	7.301029995663981	<rdkit.Chem.rdchem.Mol object at 0x7f870f977c30>
2706	CHEMBL1236897	nM	2000.0	OCCC(CCO)C(CO)(CO)CO	4.698970004336019	<rdkit.Chem.rdchem.Mol object at 0x7f870f977ca0>
2707	CHEMBL1233461	nM	7.0	O=C(O)c1c(Cl)ccc(Cl)c1O	7.154901959985743	<rdkit.Chem.rdchem.Mol object at 0x7f870f977d10>
2708	CHEMBL2333023	nM	1800.0	O=C(NCC(=O)N1CCC[C@H]1B(O)O)c1cccnc1	4.7447274948966935	<rdkit.Chem.rdchem.Mol object at 0x7f870f977d80>
2709	CHEMBL2333025	nM	2800.0	O=C(NCC(=O)N1CCC[C@H]1B(O)O)c1ccncc1	4.552841968657781	<rdkit.Chem.rdchem.Mol object at 0x7f870f977df0>
2710	CHEMBL2346919	nM	211.9	CC#CCn1c(N2CCC[C@@H](N)C2)nc2ccn(C)c2c1=O	5.673869043289206	<rdkit.Chem.rdchem.Mol object at 0x7f870f977e60>
2711	CHEMBL2347039	nM	1.55	CC#CCn1c(N2CCC[C@@H](N)C2)nc2ccn(Cc3nc(C)c4ccccc4n3)c2c1=O	7.809668301829708	<rdkit.Chem.rdchem.Mol object at 0x7f870f977ed0>
2712	CHEMBL2347038	nM	15.5	CC#CCn1c(N2CCC[C@@H](N)C2)nc2ccn(Cc3nc4ccccc4nc3C)c2c1=O	6.809668301829708	<rdkit.Chem.rdchem.Mol object at 0x7f870f977f40>
2713	CHEMBL2347037	nM	5.93	CC#CCn1c(N2CCC[C@@H](N)C2)nc2ccn(Cc3cnc4ccccc4n3)c2c1=O	7.226945306635737	<rdkit.Chem.rdchem.Mol object at 0x7f870f978040>
2714	CHEMBL2347036	nM	4.67	CC#CCn1c(N2CCC[C@@H](N)C2)nc2ccn(Cc3ccc4ccc(F)cc4n3)c2c1=O	7.330683119433888	<rdkit.Chem.rdchem.Mol object at 0x7f870f9780b0>
2715	CHEMBL2347035	nM	11.4	CC#CCn1c(N2CCC[C@@H](N)C2)nc2ccn(Cc3ccc4ccc(Cl)cc4n3)c2c1=O	6.943095148663527	<rdkit.Chem.rdchem.Mol object at 0x7f870f978120>
2716	CHEMBL2346930	nM	52.6	CC#CCn1c(N2CCC[C@@H](N)C2)nc2ccn(Cc3ccc4cc(C)ccc4n3)c2c1=O	6.279014255846261	<rdkit.Chem.rdchem.Mol object at 0x7f870f978190>
2717	CHEMBL2346929	nM	14.5	CC#CCn1c(N2CCC[C@@H](N)C2)nc2ccn(Cc3ccc4cc(F)ccc4n3)c2c1=O	6.838631997765025	<rdkit.Chem.rdchem.Mol object at 0x7f870f978200>
2718	CHEMBL2346928	nM	60.1	CC#CCn1c(N2CCC[C@@H](N)C2)nc2ccn(Cc3ccc4cc(Cl)ccc4n3)c2c1=O	6.221125527997261	<rdkit.Chem.rdchem.Mol object at 0x7f870f978270>
2719	CHEMBL2346927	nM	139.2	CC#CCn1c(N2CCC[C@@H](N)C2)nc2ccn(Cc3ccc4cc(Br)ccc4n3)c2c1=O	5.856360764725457	<rdkit.Chem.rdchem.Mol object at 0x7f870f9782e0>
2720	CHEMBL2346926	nM	7.05	CC#CCn1c(N2CCC[C@@H](N)C2)nc2ccn(Cc3ccc4ccccc4n3)c2c1=O	7.151810883008602	<rdkit.Chem.rdchem.Mol object at 0x7f870f978350>
2721	CHEMBL2346925	nM	48.2	CC#CCn1c(N2CCC[C@@H](N)C2)nc2ccn(Cc3ccnc4ccccc34)c2c1=O	6.31695296176115	<rdkit.Chem.rdchem.Mol object at 0x7f870f9783c0>
2722	CHEMBL2346924	nM	27.6	CC#CCn1c(N2CCC[C@@H](N)C2)nc2ccn(Cc3nc4ccccc4[nH]3)c2c1=O	6.559090917934782	<rdkit.Chem.rdchem.Mol object at 0x7f870f978430>
2723	CHEMBL2346923	nM	44.1	CC#CCn1c(N2CCC[C@@H](N)C2)nc2ccn(Cc3c[nH]c4ccccc34)c2c1=O	6.355561410532162	<rdkit.Chem.rdchem.Mol object at 0x7f870f9784a0>
2724	CHEMBL2346922	nM	44.0	CC#CCn1c(N2CCC[C@@H](N)C2)nc2ccn(Cc3ncccn3)c2c1=O	6.356547323513812	<rdkit.Chem.rdchem.Mol object at 0x7f870f978510>
2725	CHEMBL2346921	nM	460.0	CC#CCn1c(N2CCC[C@@H](N)C2)nc2cc[nH]c2c1=O	5.337242168318426	<rdkit.Chem.rdchem.Mol object at 0x7f870f978580>
2726	CHEMBL2346920	nM	860.0	CC#CCn1c(N2CCC[C@@H](N)C2)nc2c(Br)c[nH]c2c1=O	5.0655015487564325	<rdkit.Chem.rdchem.Mol object at 0x7f870f9785f0>
2727	CHEMBL2408638	nM	72.99999999999999	CC(C)=CCn1c(OCC(C)(C)CN)nc2c1c(=O)n(CC(=O)c1ccccc1)c(=O)n2C	6.136677139879544	<rdkit.Chem.rdchem.Mol object at 0x7f870f978660>
2728	CHEMBL2408655	nM	11.000000000000002	CC(C)=CCn1c(N2CCC3CNCC32)nc2c1c(=O)n(CC(=O)c1ccccc1)c(=O)n2C	6.958607314841775	<rdkit.Chem.rdchem.Mol object at 0x7f870f9786d0>
2729	CHEMBL2408639	nM	2500.0	CC(C)=CCn1c(OCC(C)(C)N)nc2c1c(=O)n(CC(=O)c1ccccc1)c(=O)n2C	4.6020599913279625	<rdkit.Chem.rdchem.Mol object at 0x7f870f978740>
2730	CHEMBL2408651	nM	290.0	CC(C)=CCn1c(OC[C@@H]2CCCN2)nc2c1c(=O)n(CC(=O)c1ccccc1)c(=O)n2C	5.5376020021010435	<rdkit.Chem.rdchem.Mol object at 0x7f870f9787b0>
2731	CHEMBL2408646	nM	910.0	CC(C)=CCn1c(O[C@@H]2CCNC2)nc2c1c(=O)n(CC(=O)c1ccccc1)c(=O)n2C	5.040958607678906	<rdkit.Chem.rdchem.Mol object at 0x7f870f978820>
2732	CHEMBL2408644	nM	715.0	CC(C)=CCn1c(O[C@H]2CCNC2)nc2c1c(=O)n(CC(=O)c1ccccc1)c(=O)n2C	5.145693958198919	<rdkit.Chem.rdchem.Mol object at 0x7f870f978890>
2733	CHEMBL2408642	nM	100.0	CC(C)=CCn1c(N2CCC3CNCC32)nc2c1c(=O)n(C)c(=O)n2C	6.0	<rdkit.Chem.rdchem.Mol object at 0x7f870f978900>
2734	CHEMBL2408774	nM	645.0	CC(C)=CCn1c(N2CC3CCNC3C2)nc2c1c(=O)n(CC(=O)c1ccccc1)c(=O)n2C	5.1904402853647325	<rdkit.Chem.rdchem.Mol object at 0x7f870f978970>
2735	CHEMBL2408771	nM	1.6	CC(C)=CCn1c(N2CC3CCCNC3C2)nc2c1c(=O)n(CC(=O)c1ccccc1)c(=O)n2C	7.795880017344075	<rdkit.Chem.rdchem.Mol object at 0x7f870f9789e0>
2736	CHEMBL2418634	nM	15.7	COc1ccc(Cn2cc(-c3ccc(C[C@H](N)C(=O)N4CCC[C@H]4C#N)cc3)nn2)cc1OC.Cl	6.804100347590766	<rdkit.Chem.rdchem.Mol object at 0x7f870f978a50>
2737	CHEMBL2418633	nM	10.02	Cl.N#C[C@@H]1CCCN1C(=O)[C@@H](N)Cc1ccc(-c2cn(Cc3ccc(Cl)c(Cl)c3)nn2)cc1	6.999132278468773	<rdkit.Chem.rdchem.Mol object at 0x7f870f978ac0>
2738	CHEMBL2418632	nM	8.57	Cl.N#C[C@@H]1CCCN1C(=O)[C@@H](N)Cc1ccc(-c2cn(Cc3ccc(F)c(F)c3)nn2)cc1	7.0670191780768015	<rdkit.Chem.rdchem.Mol object at 0x7f870f978b30>
2739	CHEMBL2418631	nM	4.35	COc1ccc(Cn2cc(-c3ccc(C[C@H](N)C(=O)N4CCC[C@H]4C#N)cc3)nn2)cc1.Cl	7.361510743045363	<rdkit.Chem.rdchem.Mol object at 0x7f870f978ba0>
2740	CHEMBL2418630	nM	7.5	COc1cccc(Cn2cc(-c3ccc(C[C@H](N)C(=O)N4CCC[C@H]4C#N)cc3)nn2)c1.Cl	7.1249387366083	<rdkit.Chem.rdchem.Mol object at 0x7f870f978c10>
2741	CHEMBL2418629	nM	20.84	COc1ccccc1Cn1cc(-c2ccc(C[C@H](N)C(=O)N3CCC[C@H]3C#N)cc2)nn1.Cl	6.681102285372513	<rdkit.Chem.rdchem.Mol object at 0x7f870f978c80>
2742	CHEMBL2418628	nM	6.05	Cl.N#C[C@@H]1CCCN1C(=O)[C@@H](N)Cc1ccc(-c2cn(Cc3ccc(Cl)cc3)nn2)cc1	7.218244625347531	<rdkit.Chem.rdchem.Mol object at 0x7f870f978cf0>
2743	CHEMBL2417563	nM	10.45	Cl.N#C[C@@H]1CCCN1C(=O)[C@@H](N)Cc1ccc(-c2cn(Cc3cccc(Cl)c3)nn2)cc1	6.980883709552927	<rdkit.Chem.rdchem.Mol object at 0x7f870f978d60>
2744	CHEMBL2418627	nM	15.24	Cl.N#C[C@@H]1CCCN1C(=O)[C@@H](N)Cc1ccc(-c2cn(Cc3ccccc3Cl)nn2)cc1	6.8170150329964185	<rdkit.Chem.rdchem.Mol object at 0x7f870f978dd0>
2745	CHEMBL2418626	nM	3.79	Cl.N#C[C@@H]1CCCN1C(=O)[C@@H](N)Cc1ccc(-c2cn(Cc3ccc(F)cc3)nn2)cc1	7.421360790031928	<rdkit.Chem.rdchem.Mol object at 0x7f870f978e40>
2746	CHEMBL2418625	nM	7.56	Cl.N#C[C@@H]1CCCN1C(=O)[C@@H](N)Cc1ccc(-c2cn(Cc3cccc(F)c3)nn2)cc1	7.121478204498794	<rdkit.Chem.rdchem.Mol object at 0x7f870f978eb0>
2747	CHEMBL2418624	nM	19.54	Cl.N#C[C@@H]1CCCN1C(=O)[C@@H](N)Cc1ccc(-c2cn(Cc3ccccc3F)nn2)cc1	6.709075440617246	<rdkit.Chem.rdchem.Mol object at 0x7f870f978f20>
2748	CHEMBL2418639	nM	8.28	Cl.N#C[C@@H]1CCCN1C(=O)[C@@H](N)Cc1ccc(-c2cn(Cc3cccs3)nn2)cc1	7.08196966321512	<rdkit.Chem.rdchem.Mol object at 0x7f870f978f90>
2749	CHEMBL2418638	nM	17.61	Cl.N#C[C@@H]1CCCN1C(=O)[C@@H](N)Cc1ccc(-c2cn(Cc3ccncc3)nn2)cc1	6.754240644032723	<rdkit.Chem.rdchem.Mol object at 0x7f870f979000>
2750	CHEMBL2418637	nM	25.5	Cl.N#C[C@@H]1CCCN1C(=O)[C@@H](N)Cc1ccc(-c2cn(CCc3ccccc3)nn2)cc1	6.5934598195660445	<rdkit.Chem.rdchem.Mol object at 0x7f870f979070>
2751	CHEMBL2418636	nM	9.39	Cl.N#C[C@@H]1CCCN1C(=O)[C@@H](N)Cc1ccc(-c2cn(Cc3ccccc3)nn2)cc1	7.027334407733889	<rdkit.Chem.rdchem.Mol object at 0x7f870f9790e0>
2752	CHEMBL2418635	nM	265.0	Cl.Cn1cc(-c2ccc(C[C@H](N)C(=O)N3CCC[C@H]3C#N)cc2)nn1	5.576754126063192	<rdkit.Chem.rdchem.Mol object at 0x7f870f979150>
2753	CHEMBL2425882	nM	2177.5	CC#CCn1c(N2CCC[C@@H](N)C2)cc(=O)n(CC#CC)c1=O	4.6620418363203	<rdkit.Chem.rdchem.Mol object at 0x7f870f9791c0>
2754	CHEMBL2424672	nM	198.0	CC#CCn1c(N2CCC[C@@H](N)C2)cc(=O)n(C)c1=O	5.703334809738469	<rdkit.Chem.rdchem.Mol object at 0x7f870f979230>
2755	CHEMBL2425887	nM	31.3	CC#CCn1c(N2CCC[C@@H](N)C2)cc(=O)n(Cc2ccc3c(ccc4ccccc43)n2)c1=O	6.504455662453552	<rdkit.Chem.rdchem.Mol object at 0x7f870f9792a0>
2756	CHEMBL2425885	nM	22.0	CC#CCn1c(N2CCC[C@@H](N)C2)cc(=O)n(Cc2nc3ccccc3[nH]2)c1=O	6.657577319177793	<rdkit.Chem.rdchem.Mol object at 0x7f870f979310>
2757	CHEMBL2425888	nM	10.8	CC#CCn1c(N2CCC[C@@H](N)C2)cc(=O)n(Cc2ccc3cc(Br)ccc3n2)c1=O	6.966576244513051	<rdkit.Chem.rdchem.Mol object at 0x7f870f979380>
2758	CHEMBL2425891	nM	9.1	CC#CCn1c(N2CCC[C@@H](N)C2)cc(=O)n(Cc2ccc3cc(C)ccc3n2)c1=O	7.040958607678906	<rdkit.Chem.rdchem.Mol object at 0x7f870f9793f0>
2759	CHEMBL2425889	nM	6.6	CC#CCn1c(N2CCC[C@@H](N)C2)cc(=O)n(Cc2ccc3cc(Cl)ccc3n2)c1=O	7.180456064458132	<rdkit.Chem.rdchem.Mol object at 0x7f870f979460>
2760	CHEMBL2425884	nM	3.4	CC#CCn1c(N2CCC[C@@H](N)C2)cc(=O)n(Cc2ncccn2)c1=O	7.468521082957745	<rdkit.Chem.rdchem.Mol object at 0x7f870f9794d0>
2761	CHEMBL2425886	nM	3.1	CC#CCn1c(N2CCC[C@@H](N)C2)cc(=O)n(Cc2ccc3ccccc3n2)c1=O	7.508638306165727	<rdkit.Chem.rdchem.Mol object at 0x7f870f979540>
2762	CHEMBL2425890	nM	2.0	CC#CCn1c(N2CCC[C@@H](N)C2)cc(=O)n(Cc2ccc3cc(F)ccc3n2)c1=O	7.698970004336019	<rdkit.Chem.rdchem.Mol object at 0x7f870f9795b0>
2763	CHEMBL2425892	nM	1.9	CC#CCn1c(N2CCC[C@@H](N)C2)cc(=O)n(Cc2ccc3cc(OC)ccc3n2)c1=O	7.721246399047171	<rdkit.Chem.rdchem.Mol object at 0x7f870f979620>
2764	CHEMBL2425895	nM	1.2	CC#CCn1c(N2CCC[C@@H](N)C2)cc(=O)n(Cc2cc(Cl)c3ccccc3n2)c1=O	7.920818753952375	<rdkit.Chem.rdchem.Mol object at 0x7f870f979690>
2765	CHEMBL2425894	nM	0.7	CC#CCn1c(N2CCC[C@@H](N)C2)cc(=O)n(Cc2ccc3ccc(F)cc3n2)c1=O	8.154901959985743	<rdkit.Chem.rdchem.Mol object at 0x7f870f979700>
2766	CHEMBL2425893	nM	0.4	CC#CCn1c(N2CCC[C@@H](N)C2)cc(=O)n(Cc2ccc3ccc(Cl)cc3n2)c1=O	8.397940008672037	<rdkit.Chem.rdchem.Mol object at 0x7f870f979770>
2767	CHEMBL2425078	nM	38000.0	N[C@@H]1C[C@@H](N2Cc3cn[nH]c3C2)CO[C@H]1c1cc(F)ccc1F	3.42021640338319	<rdkit.Chem.rdchem.Mol object at 0x7f870f9797e0>
2768	CHEMBL2425080	nM	26600.0	N[C@H]1C[C@H](N2Cc3cn[nH]c3C2)CO[C@H]1c1cc(F)ccc1F	3.575118363368933	<rdkit.Chem.rdchem.Mol object at 0x7f870f979850>
2769	CHEMBL2425077	nM	24400.0	N[C@@H]1C[C@H](N2Cc3cn[nH]c3C2)CO[C@H]1c1cc(F)ccc1F	3.612610173661271	<rdkit.Chem.rdchem.Mol object at 0x7f870f9798c0>
2770	CHEMBL2425081	nM	13100.0	N[C@@H]1C[C@H](N2Cc3cn[nH]c3C2)CO[C@@H]1c1cc(F)ccc1F	3.8827287043442356	<rdkit.Chem.rdchem.Mol object at 0x7f870f979930>
2771	CHEMBL2425065	nM	12600.0	CC1(C)c2cnc(C3CC3)nc2CN1[C@H]1CO[C@H](c2cc(F)ccc2F)[C@@H](N)C1	3.899629454882437	<rdkit.Chem.rdchem.Mol object at 0x7f870f9799a0>
2772	CHEMBL2425079	nM	2800.0	N[C@H]1C[C@@H](N2Cc3cn[nH]c3C2)CO[C@H]1c1cc(F)ccc1F	4.552841968657781	<rdkit.Chem.rdchem.Mol object at 0x7f870f979a10>
2773	CHEMBL2425066	nM	720.0	N[C@H]1C[C@@H](N2Cc3ccccc3C2=O)CO[C@@H]1c1cc(F)ccc1F	5.142667503568732	<rdkit.Chem.rdchem.Mol object at 0x7f870f979a80>
2774	CHEMBL2425062	nM	140.0	N[C@H]1C[C@@H](n2cc3cnc(C4CC4)nc3c2)CO[C@@H]1c1cc(F)c(F)cc1F	5.853871964321762	<rdkit.Chem.rdchem.Mol object at 0x7f870f979af0>
2775	CHEMBL2425067	nM	125.0	N[C@H]1C[C@@H](N2Cc3ccccc3O2)CO[C@@H]1c1cc(F)ccc1F	5.903089986991944	<rdkit.Chem.rdchem.Mol object at 0x7f870f979b60>
2776	CHEMBL2425071	nM	64.0	N[C@H]1C[C@@H](N2Cc3cn[nH]c3C2)CO[C@@H]1c1ccccc1Cl	6.1938200260161125	<rdkit.Chem.rdchem.Mol object at 0x7f870f979bd0>
2777	CHEMBL2425076	nM	56.0	N[C@H]1C[C@H](N2Cc3cn[nH]c3C2)CO[C@@H]1c1cc(F)ccc1F	6.251811972993799	<rdkit.Chem.rdchem.Mol object at 0x7f870f979c40>
2778	CHEMBL2425073	nM	48.0	N[C@H]1C[C@@H](N2Cc3cn[nH]c3C2)CO[C@@H]1c1cc(F)c(Cl)cc1F	6.318758762624412	<rdkit.Chem.rdchem.Mol object at 0x7f870f979cb0>
2779	CHEMBL2425074	nM	37.0	N[C@H]1C[C@@H](N2Cc3cn[nH]c3C2)CO[C@@H]1c1cc(F)ccc1Cl	6.431798275933005	<rdkit.Chem.rdchem.Mol object at 0x7f870f979d20>
2780	CHEMBL2425063	nM	37.0	N[C@H]1C[C@@H](N2CCn3c(nnc3C(F)(F)F)C2)CO[C@@H]1c1cc(F)ccc1F	6.431798275933005	<rdkit.Chem.rdchem.Mol object at 0x7f870f979d90>
2781	CHEMBL2425072	nM	27.0	N[C@H]1C[C@@H](N2Cc3cn[nH]c3C2)CO[C@@H]1c1ccc(F)cc1F	6.568636235841013	<rdkit.Chem.rdchem.Mol object at 0x7f870f979e00>
2782	CHEMBL2425064	nM	27.0	CC1(C)c2nc(C3CC3)ncc2CN1[C@H]1CO[C@H](c2cc(F)ccc2F)[C@@H](N)C1	6.568636235841013	<rdkit.Chem.rdchem.Mol object at 0x7f870f979e70>
2783	CHEMBL2425068	nM	11.0	Cc1nc2c(o1)CN([C@H]1CO[C@H](c3cc(F)ccc3F)[C@@H](N)C1)C2	6.958607314841775	<rdkit.Chem.rdchem.Mol object at 0x7f870f979ee0>
2784	CHEMBL2425069	nM	1.6	N[C@H]1C[C@@H](N2Cc3nc(C(F)(F)F)[nH]c3C2)CO[C@@H]1c1cc(F)ccc1F	7.795880017344075	<rdkit.Chem.rdchem.Mol object at 0x7f870f979f50>
2785	CHEMBL2425070	nM	1.4	N[C@H]1C[C@@H](N2Cc3cn[nH]c3C2)CO[C@@H]1c1cc(F)ccc1F	7.853871964321762	<rdkit.Chem.rdchem.Mol object at 0x7f870f979fc0>
2786	CHEMBL2425060	nM	1.3	N[C@H]1C[C@@H](N2Cc3cnc(C(F)(F)F)nc3C2)CO[C@@H]1c1cc(F)c(F)cc1F	7.886056647693163	<rdkit.Chem.rdchem.Mol object at 0x7f870f97a030>
2787	CHEMBL2425075	nM	1.0	N[C@H]1C[C@@H](N2Cc3cn[nH]c3C2)CO[C@@H]1c1cc(F)c(F)cc1F	8.0	<rdkit.Chem.rdchem.Mol object at 0x7f870f97a0a0>
2788	CHEMBL2425061	nM	0.66	N[C@H]1C[C@@H](N2Cc3cnc(C4CC4)nc3C2)CO[C@@H]1c1cc(F)c(F)cc1F	8.18045606445813	<rdkit.Chem.rdchem.Mol object at 0x7f870f97a110>
2789	CHEMBL2425059	nM	0.5	N[C@H]1C[C@@H](N2Cc3cnc(C(F)(F)F)nc3C2)CC[C@@H]1c1cc(F)c(F)cc1F	8.301029995663981	<rdkit.Chem.rdchem.Mol object at 0x7f870f97a180>
2790	CHEMBL3093901	nM	209.0	N#C[C@@H]1CCCN1C(=O)[C@@H](N)Cc1cccc(C(F)(F)F)c1	5.679853713888946	<rdkit.Chem.rdchem.Mol object at 0x7f870f97a1f0>
2791	CHEMBL3093900	nM	63.0	N#Cc1cccc(C[C@H](N)C(=O)N2CCC[C@H]2C#N)c1	6.200659450546418	<rdkit.Chem.rdchem.Mol object at 0x7f870f97a260>
2792	CHEMBL3093899	nM	46.0	N#C[C@@H]1CCCN1C(=O)[C@@H](N)Cc1ccccc1C(F)(F)F	6.337242168318426	<rdkit.Chem.rdchem.Mol object at 0x7f870f97a2d0>
2793	CHEMBL3093898	nM	27.0	N#Cc1ccccc1C[C@H](N)C(=O)N1CCC[C@H]1C#N	6.568636235841013	<rdkit.Chem.rdchem.Mol object at 0x7f870f97a340>
2794	CHEMBL3093897	nM	42.0	Cc1ccccc1C[C@H](N)C(=O)N1CCC[C@H]1C#N	6.376750709602099	<rdkit.Chem.rdchem.Mol object at 0x7f870f97a3b0>
2795	CHEMBL200347	nM	145.0	N#C[C@@H]1CCCN1C(=O)[C@@H](N)Cc1ccc(-c2ccccc2)cc1	5.838631997765025	<rdkit.Chem.rdchem.Mol object at 0x7f870f97a420>
2796	CHEMBL3093896	nM	4.0	N#C[C@@H]1CCCN1C(=O)[C@@H](N)Cc1ccc(Br)cc1	7.3979400086720375	<rdkit.Chem.rdchem.Mol object at 0x7f870f97a490>
2797	CHEMBL3093925	nM	4.0	N#C[C@@H]1CCCN1C(=O)[C@@H](N)Cc1ccc(Cl)cc1	7.3979400086720375	<rdkit.Chem.rdchem.Mol object at 0x7f870f97a500>
2798	CHEMBL3093924	nM	31.0	N#C[C@@H]1CCCN1C(=O)[C@@H](N)Cc1ccc(C(F)(F)F)cc1	6.508638306165727	<rdkit.Chem.rdchem.Mol object at 0x7f870f97a570>
2799	CHEMBL3093923	nM	21.0	N#Cc1ccc(C[C@H](N)C(=O)N2CCC[C@H]2C#N)cc1	6.6777807052660805	<rdkit.Chem.rdchem.Mol object at 0x7f870f97a5e0>
2800	CHEMBL3093922	nM	20.0	N#C[C@@H]1CCCN1C(=O)[C@@H](N)Cc1ccc([N+](=O)[O-])cc1	6.698970004336019	<rdkit.Chem.rdchem.Mol object at 0x7f870f97a650>
2801	CHEMBL3093921	nM	75.0	N#C[C@@H]1CCCN1C(=O)[C@@H](N)Cc1ccc(N)cc1	6.1249387366083	<rdkit.Chem.rdchem.Mol object at 0x7f870f97a6c0>
2802	CHEMBL3093920	nM	17.0	COc1ccc(C[C@H](N)C(=O)N2CCC[C@H]2C#N)cc1	6.769551078621726	<rdkit.Chem.rdchem.Mol object at 0x7f870f97a730>
2803	CHEMBL3093919	nM	17.0	Cc1ccc(C[C@H](N)C(=O)N2CCC[C@H]2C#N)cc1	6.769551078621726	<rdkit.Chem.rdchem.Mol object at 0x7f870f97a7a0>
2804	CHEMBL3093918	nM	11.000000000000002	N#C[C@@H]1CCCN1C(=O)[C@@H](N)Cc1ccc(F)cc1	6.958607314841775	<rdkit.Chem.rdchem.Mol object at 0x7f870f97a810>
2805	CHEMBL3093917	nM	248.0	N#C[C@@H]1CCCN1C(=O)[C@@H](N)Cc1cccc(F)c1	5.605548319173784	<rdkit.Chem.rdchem.Mol object at 0x7f870f97a880>
2806	CHEMBL3093916	nM	17.999999999999996	N#C[C@@H]1CCCN1C(=O)[C@@H](N)Cc1ccccc1F	6.744727494896694	<rdkit.Chem.rdchem.Mol object at 0x7f870f97a8f0>
2807	CHEMBL201268	nM	27.0	N#C[C@@H]1CCCN1C(=O)[C@@H](N)Cc1ccccc1	6.568636235841013	<rdkit.Chem.rdchem.Mol object at 0x7f870f97a960>
2808	CHEMBL3093915	nM	60.0	N#C[C@@H]1C[C@H](F)CN1C(=O)[C@@H](N)Cc1cc(F)cc(F)c1F	6.221848749616356	<rdkit.Chem.rdchem.Mol object at 0x7f870f97a9d0>
2809	CHEMBL3091488	nM	23.0	N#C[C@@H]1C[C@H](F)CN1C(=O)[C@@H](N)Cc1ccc(F)c(F)c1F	6.638272163982407	<rdkit.Chem.rdchem.Mol object at 0x7f870f97aa40>
2810	CHEMBL3093914	nM	17.0	N#C[C@@H]1C[C@H](F)CN1C(=O)[C@@H](N)Cc1cc(F)c(F)cc1F	6.769551078621726	<rdkit.Chem.rdchem.Mol object at 0x7f870f97aab0>
2811	CHEMBL3093913	nM	6.0	N#C[C@@H]1C[C@H](F)CN1C(=O)[C@@H](N)Cc1ccc(F)cc1F	7.221848749616356	<rdkit.Chem.rdchem.Mol object at 0x7f870f97ab20>
2812	CHEMBL3093912	nM	20.0	N#C[C@@H]1C[C@H](F)CN1C(=O)[C@@H](N)Cc1ccccc1C(F)(F)F	6.698970004336019	<rdkit.Chem.rdchem.Mol object at 0x7f870f97ab90>
2813	CHEMBL3093911	nM	22.0	N#Cc1ccccc1C[C@H](N)C(=O)N1C[C@@H](F)C[C@H]1C#N	6.657577319177793	<rdkit.Chem.rdchem.Mol object at 0x7f870f97ac00>
2814	CHEMBL3093910	nM	94.0	N#C[C@@H]1C[C@H](F)CN1C(=O)[C@@H](N)Cc1ccc(OCc2ccccc2)cc1	6.026872146400302	<rdkit.Chem.rdchem.Mol object at 0x7f870f97ac70>
2815	CHEMBL3093909	nM	125.0	CC(C)(C)c1ccc(C[C@H](N)C(=O)N2C[C@@H](F)C[C@H]2C#N)cc1	5.903089986991944	<rdkit.Chem.rdchem.Mol object at 0x7f870f97ace0>
2816	CHEMBL3093908	nM	6.0	N#C[C@@H]1C[C@H](F)CN1C(=O)[C@@H](N)Cc1ccc(C(F)(F)F)cc1	7.221848749616356	<rdkit.Chem.rdchem.Mol object at 0x7f870f97ad50>
2817	CHEMBL3093907	nM	5.0	N#Cc1ccc(C[C@H](N)C(=O)N2C[C@@H](F)C[C@H]2C#N)cc1	7.301029995663981	<rdkit.Chem.rdchem.Mol object at 0x7f870f97adc0>
2818	CHEMBL3093906	nM	292.0	N#C[C@@H]1C[C@H](F)CN1C(=O)[C@@H](N)Cc1ccc([N+](=O)[O-])cc1	5.534617148551582	<rdkit.Chem.rdchem.Mol object at 0x7f870f97ae30>
2819	CHEMBL3093905	nM	4.999999999999999	COc1ccc(C[C@H](N)C(=O)N2C[C@@H](F)C[C@H]2C#N)cc1	7.301029995663981	<rdkit.Chem.rdchem.Mol object at 0x7f870f97aea0>
2820	CHEMBL3093904	nM	4.0	Cc1ccc(C[C@H](N)C(=O)N2C[C@@H](F)C[C@H]2C#N)cc1	7.3979400086720375	<rdkit.Chem.rdchem.Mol object at 0x7f870f97af10>
2821	CHEMBL3093903	nM	4.999999999999999	N#C[C@@H]1C[C@H](F)CN1C(=O)[C@@H](N)Cc1ccc(F)cc1	7.301029995663981	<rdkit.Chem.rdchem.Mol object at 0x7f870f97af80>
2822	CHEMBL3093902	nM	17.0	N#C[C@@H]1C[C@H](F)CN1C(=O)[C@@H](N)Cc1ccccc1	6.769551078621726	<rdkit.Chem.rdchem.Mol object at 0x7f870f97aff0>
2823	CHEMBL3112963	nM	60000.0	CO[C@H]1CC[C@](CN)(c2ccccc2)CC1	3.221848749616356	<rdkit.Chem.rdchem.Mol object at 0x7f870f97b060>
2824	CHEMBL3112962	nM	19900.0	NC[C@]1(c2ccccc2)CC[C@H](OCc2ccccc2)CC1	3.701146923590293	<rdkit.Chem.rdchem.Mol object at 0x7f870f97b0d0>
2825	CHEMBL3112965	nM	15700.0	CO[C@H]1CC[C@](CN)(c2cc(F)c(F)cc2F)CC1	3.8041003475907664	<rdkit.Chem.rdchem.Mol object at 0x7f870f97b140>
2826	CHEMBL3112961	nM	11900.0	NC[C@]1(c2ccccc2)CC[C@H](OC/C=C/c2ccccc2)CC1	3.9244530386074694	<rdkit.Chem.rdchem.Mol object at 0x7f870f97b1b0>
2827	CHEMBL3112964	nM	4200.0	CO[C@H]1CC[C@](CN)(c2cccc(Cl)c2)CC1	4.376750709602099	<rdkit.Chem.rdchem.Mol object at 0x7f870f97b220>
2828	CHEMBL3112969	nM	250.0	NC[C@]1(c2cccc(Cl)c2)CC[C@H](N2CCCCC2)CC1	5.6020599913279625	<rdkit.Chem.rdchem.Mol object at 0x7f870f97b290>
2829	CHEMBL3112957	nM	200.0	NC[C@]1(c2cccc(Cl)c2)CC[C@H](n2ncccc2=O)CC1	5.698970004336019	<rdkit.Chem.rdchem.Mol object at 0x7f870f97b300>
2830	CHEMBL3112958	nM	40.0	Cc1ccc(=O)n([C@H]2CC[C@](CN)(c3cccc(Cl)c3)CC2)n1	6.3979400086720375	<rdkit.Chem.rdchem.Mol object at 0x7f870f97b370>
2831	CHEMBL3112970	nM	40.0	NC[C@]1(c2cccc(Cl)c2)CC[C@H](N2CCn3c(nnc3C(F)(F)F)C2)CC1	6.3979400086720375	<rdkit.Chem.rdchem.Mol object at 0x7f870f97b3e0>
2832	CHEMBL3112966	nM	20.0	NC[C@]1(c2cccc(Cl)c2)CC[C@H](N2CCCCC2=O)CC1	6.698970004336019	<rdkit.Chem.rdchem.Mol object at 0x7f870f97b450>
2833	CHEMBL3112971	nM	9.0	NC[C@]1(c2cccc(Cl)c2)CC[C@H](N2CCc3c(nc(C(F)(F)F)nc3C3CC3)C2)CC1	7.045757490560675	<rdkit.Chem.rdchem.Mol object at 0x7f870f97b4c0>
2834	CHEMBL3112967	nM	7.0	NC[C@]1(c2cccc(Cl)c2)CC[C@H](N2CCn3c(nnc3C(F)(F)F)C2=O)CC1	7.154901959985743	<rdkit.Chem.rdchem.Mol object at 0x7f870f97b530>
2835	CHEMBL3112960	nM	4.0	NC[C@]1(c2cccc(Cl)c2)CC[C@H](n2nc(-c3cccnc3)ccc2=O)CC1	7.3979400086720375	<rdkit.Chem.rdchem.Mol object at 0x7f870f97b5a0>
2836	CHEMBL3112959	nM	3.0	NC[C@]1(c2cccc(Cl)c2)CC[C@H](n2nc(-c3ccccc3)ccc2=O)CC1	7.522878745280337	<rdkit.Chem.rdchem.Mol object at 0x7f870f97b610>
2837	CHEMBL3112968	nM	2.0	NC[C@]1(c2cccc(Cl)c2)CC[C@H](N2CCc3c(nc(C(F)(F)F)nc3C3CC3)C2=O)CC1	7.698970004336019	<rdkit.Chem.rdchem.Mol object at 0x7f870f97b680>
2838	CHEMBL3114069	nM	4364.0	N#C[C@@H]1C[C@H]2C[C@H]2N1C(=O)[C@@H](N)C12CC3CC(CC(O)(C3)C1)C2	4.360115258083695	<rdkit.Chem.rdchem.Mol object at 0x7f870f97b6f0>
2839	CHEMBL3127979	nM	113600.0	N#C[C@@H]1CCCN1C(=O)[C@@H](N)Cc1ccoc1	2.944621668625	<rdkit.Chem.rdchem.Mol object at 0x7f870f97b760>
2840	CHEMBL3127983	nM	520.0	N#C[C@@H]1CCCN1C(=O)[C@@H](N)Cc1ccccn1	5.2839966563652006	<rdkit.Chem.rdchem.Mol object at 0x7f870f97b7d0>
2841	CHEMBL3127988	nM	390.0	N#C[C@@H]1C[C@H](F)CN1C(=O)[C@@H](N)Cc1csc(-c2ccccc2)n1	5.4089353929735005	<rdkit.Chem.rdchem.Mol object at 0x7f870f97b840>
2842	CHEMBL3127982	nM	330.0	N#C[C@@H]1CCCN1C(=O)[C@@H](N)Cc1cscn1	5.481486060122113	<rdkit.Chem.rdchem.Mol object at 0x7f870f97b8b0>
2843	CHEMBL3127980	nM	170.0	N#C[C@@H]1CCCN1C(=O)[C@@H](N)Cc1ccsc1	5.769551078621726	<rdkit.Chem.rdchem.Mol object at 0x7f870f97b920>
2844	CHEMBL3127991	nM	120.0	N#C[C@@H]1C[C@H](F)CN1C(=O)[C@@H](N)Cc1csc(-c2cccs2)n1	5.920818753952375	<rdkit.Chem.rdchem.Mol object at 0x7f870f97b990>
2845	CHEMBL3127990	nM	50.0	N#C[C@@H]1C[C@H](F)CN1C(=O)[C@@H](N)Cc1csc(-c2ccc(C(F)(F)F)cc2)n1	6.301029995663981	<rdkit.Chem.rdchem.Mol object at 0x7f870f97ba00>
2846	CHEMBL3127989	nM	50.0	N#C[C@@H]1C[C@H](F)CN1C(=O)[C@@H](N)Cc1csc(-c2ccc(Cl)cc2)n1	6.301029995663981	<rdkit.Chem.rdchem.Mol object at 0x7f870f97ba70>
2847	CHEMBL3127985	nM	50.0	N#C[C@@H]1C[C@H](F)CN1C(=O)[C@@H](N)Cc1csc2ccccc12	6.301029995663981	<rdkit.Chem.rdchem.Mol object at 0x7f870f97bae0>
2848	CHEMBL3127987	nM	40.0	Cc1nc(C[C@H](N)C(=O)N2C[C@@H](F)C[C@H]2C#N)cs1	6.3979400086720375	<rdkit.Chem.rdchem.Mol object at 0x7f870f97bb50>
2849	CHEMBL3127981	nM	30.0	N#C[C@@H]1CCCN1C(=O)[C@@H](N)Cc1csc2ccccc12	6.522878745280337	<rdkit.Chem.rdchem.Mol object at 0x7f870f97bbc0>
2850	CHEMBL3127992	nM	10.0	N#C[C@@H]1C[C@H](F)CN1C(=O)[C@@H](N)Cc1cc2c(cc1Br)OCO2	7.0	<rdkit.Chem.rdchem.Mol object at 0x7f870f97bc30>
2851	CHEMBL3127984	nM	5.0	N#C[C@@H]1C[C@H](F)CN1C(=O)[C@@H](N)Cc1cccs1	7.301029995663981	<rdkit.Chem.rdchem.Mol object at 0x7f870f97bca0>
2852	CHEMBL3127986	nM	4.0	N#C[C@@H]1C[C@H](F)CN1C(=O)[C@@H](N)Cc1cscn1	7.3979400086720375	<rdkit.Chem.rdchem.Mol object at 0x7f870f97bd10>
2853	CHEMBL3121246	nM	113760.0	CCOC(=O)c1c(O)cc(O)c2c1OC(c1ccc(O)cc1)CC2	2.944010416614309	<rdkit.Chem.rdchem.Mol object at 0x7f870f97bd80>
2854	CHEMBL251958	nM	33110.0	COc1cc(O)c(C(=O)/C=C/c2ccc(O)cc2)c(OC)c1	3.4800408192479315	<rdkit.Chem.rdchem.Mol object at 0x7f870f97bdf0>
2855	CHEMBL599763	nM	26920.0	O=C(/C=C/c1ccc(O[C@@H]2O[C@H](CO)[C@@H](O)[C@H](O)[C@H]2O)cc1)c1ccc(O)cc1O	3.569924944448061	<rdkit.Chem.rdchem.Mol object at 0x7f870f97be60>
2856	CHEMBL75589	nM	41690.0	COc1cc(O)c2c(=O)c(O)c(-c3ccc(OC)c(O)c3)oc2c1	3.3799681048737025	<rdkit.Chem.rdchem.Mol object at 0x7f870f97bed0>
2857	CHEMBL164	nM	37150.0	O=c1c(O)c(-c2cc(O)c(O)c(O)c2)oc2cc(O)cc(O)c12	3.430041181903406	<rdkit.Chem.rdchem.Mol object at 0x7f870f97bf40>
2858	CHEMBL1724888	nM	38430.0	O=C(CC(O)CCc1ccccc1)c1ccc(O)cc1	3.415329615535651	<rdkit.Chem.rdchem.Mol object at 0x7f870f97c040>
2859	CHEMBL2048503	nM	41400.0	COC(=O)C1(O)CC(O)C(O)C(OC(=O)/C=C/c2ccc(O)c(O)c2)C1	3.382999658879101	<rdkit.Chem.rdchem.Mol object at 0x7f870f97c0b0>
2860	CHEMBL3220151	nM	22390.0	O=C(CCCCc1ccccc1)c1ccc(O)cc1	3.6499459064209696	<rdkit.Chem.rdchem.Mol object at 0x7f870f97c120>
2861	CHEMBL17347	nM	87720.0	CCOC(=O)/C=C/c1ccc(O)c(O)c1	3.0569013769945146	<rdkit.Chem.rdchem.Mol object at 0x7f870f97c190>
2862	CHEMBL66879	nM	83180.0	O=C(O)/C=C/c1ccc(O)cc1	3.0799810839710853	<rdkit.Chem.rdchem.Mol object at 0x7f870f97c200>
2863	CHEMBL508494	nM	87100.0	COc1cc2cc(Oc3ccc4ccc(=O)oc4c3)c(=O)oc2cc1O	3.0599818449923366	<rdkit.Chem.rdchem.Mol object at 0x7f870f97c270>
2864	CHEMBL269277	nM	55820.0	C=C(C)[C@@H]1CC[C@]2(C(=O)O)CC[C@]3(C)[C@H](CC[C@@H]4[C@@]5(C)CC[C@H](O)C(C)(C)[C@@H]5CC[C@]43C)[C@@H]12	3.2532101678473877	<rdkit.Chem.rdchem.Mol object at 0x7f870f97c2e0>
2865	CHEMBL400359	nM	56230.0	COc1ccc2c(c1OC)CN(C)c1c-2ccc2cc3c(cc12)OCO3	3.250031916490597	<rdkit.Chem.rdchem.Mol object at 0x7f870f97c350>
2866	CHEMBL3220152	nM	32360.0	COc1ccc2c(c1OC)C(O)N(C)c1c-2ccc2cc3c(cc12)OCO3	3.4899914870597653	<rdkit.Chem.rdchem.Mol object at 0x7f870f97c3c0>
2867	CHEMBL3220153	nM	16580.0	CCCCCCCCCCCCCCCCC(=O)OC[C@H]1O[C@@H](O[C@H]2CC[C@@]3(C)C(=CC[C@H]4[C@@H]5CC[C@H]([C@H](C)/C=C/[C@@H](CC)C(C)C)[C@@]5(C)CC[C@@H]43)C2)[C@H](O)[C@@H](O)[C@@H]1O	3.7804154737857454	<rdkit.Chem.rdchem.Mol object at 0x7f870f97c430>
2868	CHEMBL221542	nM	28840.0	CC[C@H](CC[C@@H](C)[C@H]1CC[C@H]2[C@@H]3CC=C4C[C@@H](O)CC[C@]4(C)[C@H]3CC[C@]12C)C(C)C	3.5400047439526086	<rdkit.Chem.rdchem.Mol object at 0x7f870f97c4a0>
2869	CHEMBL574038	nM	14130.0	COc1cc([C@@H]2Oc3ccc4ccc(=O)oc4c3O[C@H]2CO)ccc1O	3.8498578381514412	<rdkit.Chem.rdchem.Mol object at 0x7f870f97c510>
2870	CHEMBL3236100	nM	1436.0	NC[C@H]1CN(c2ccccc2)C(=O)C[C@@H]1c1cc(F)ccc1F	4.842845560093719	<rdkit.Chem.rdchem.Mol object at 0x7f870f97c580>
2871	CHEMBL3236101	nM	378.0	N#Cc1ccc(N2C[C@H](CN)[C@@H](c3cc(F)ccc3F)CC2=O)cc1	5.422508200162775	<rdkit.Chem.rdchem.Mol object at 0x7f870f97c5f0>
2872	CHEMBL3236102	nM	382.0	NC[C@H]1CN(c2ccc(F)cc2)C(=O)C[C@@H]1c1cc(F)ccc1F	5.4179366370882915	<rdkit.Chem.rdchem.Mol object at 0x7f870f97c660>
2873	CHEMBL3236103	nM	342.0	NC[C@H]1CN(c2ccc(C(F)(F)F)cc2)C(=O)C[C@@H]1c1cc(F)ccc1F	5.465973893943865	<rdkit.Chem.rdchem.Mol object at 0x7f870f97c6d0>
2874	CHEMBL3236104	nM	217.0	COc1ccc(N2C[C@H](CN)[C@@H](c3cc(F)ccc3F)CC2=O)cc1	5.663540266151471	<rdkit.Chem.rdchem.Mol object at 0x7f870f97c740>
2875	CHEMBL3236105	nM	193.0	CS(=O)(=O)c1ccc(N2C[C@H](CN)[C@@H](c3cc(F)ccc3F)CC2=O)cc1	5.714442690992226	<rdkit.Chem.rdchem.Mol object at 0x7f870f97c7b0>
2876	CHEMBL3236106	nM	1388.0	NC[C@H]1CN(c2cccnc2)C(=O)C[C@@H]1c1cc(F)ccc1F	4.8576105338811635	<rdkit.Chem.rdchem.Mol object at 0x7f870f97c820>
2877	CHEMBL3236107	nM	452.0	COc1ccc(N2C[C@H](CN)[C@@H](c3cc(F)ccc3F)CC2=O)cn1	5.3448615651886175	<rdkit.Chem.rdchem.Mol object at 0x7f870f97c890>
2878	CHEMBL3236108	nM	443.0	NC[C@H]1CN(c2ccc(C(F)(F)F)nc2)C(=O)C[C@@H]1c1cc(F)ccc1F	5.3535962737769305	<rdkit.Chem.rdchem.Mol object at 0x7f870f97c900>
2879	CHEMBL3236109	nM	404.0	N#Cc1ccc(N2C[C@H](CN)[C@@H](c3cc(F)ccc3F)CC2=O)cn1	5.393618634889395	<rdkit.Chem.rdchem.Mol object at 0x7f870f97c970>
2880	CHEMBL3236110	nM	885.0	NC[C@H]1CN(Cc2ccccc2)C(=O)C[C@@H]1c1cc(F)ccc1F	5.053056729302175	<rdkit.Chem.rdchem.Mol object at 0x7f870f97c9e0>
2881	CHEMBL3236111	nM	910.0	NC[C@H]1CN(Cc2ccc(C(F)(F)F)cc2)C(=O)C[C@@H]1c1cc(F)ccc1F	5.040958607678906	<rdkit.Chem.rdchem.Mol object at 0x7f870f97ca50>
2882	CHEMBL3236112	nM	1034.0	NC[C@H]1CN(c2ccc3ccccc3n2)C(=O)C[C@@H]1c1cc(F)ccc1F	4.985479461242076	<rdkit.Chem.rdchem.Mol object at 0x7f870f97cac0>
2883	CHEMBL3236113	nM	1023.0	NC[C@H]1CN(c2nccn3cnnc23)C(=O)C[C@@H]1c1cc(F)ccc1F	4.99012436628784	<rdkit.Chem.rdchem.Mol object at 0x7f870f97cb30>
2884	CHEMBL3236114	nM	997.0	Cc1cc(=O)n2nc(N3C[C@H](CN)[C@@H](c4cc(F)ccc4F)CC3=O)ccc2n1	5.001304841688344	<rdkit.Chem.rdchem.Mol object at 0x7f870f97cba0>
2885	CHEMBL3236115	nM	119.0	NC[C@H]1CN(CCc2ccccc2)C(=O)C[C@@H]1c1cc(F)ccc1F	5.924453038607469	<rdkit.Chem.rdchem.Mol object at 0x7f870f97cc10>
2886	CHEMBL3236116	nM	84.0	NC[C@H]1CN(CCc2ccncc2)C(=O)C[C@@H]1c1cc(F)ccc1F	6.075720713938118	<rdkit.Chem.rdchem.Mol object at 0x7f870f97cc80>
2887	CHEMBL3236117	nM	77.6	Cc1cc2ncc(N3C[C@H](CN)[C@@H](c4cc(F)ccc4F)CC3=O)c(C)n2n1	6.110138278741812	<rdkit.Chem.rdchem.Mol object at 0x7f870f97ccf0>
2888	CHEMBL3236118	nM	122.0	Cc1nnc2ccc(N3C[C@H](CN)[C@@H](c4cc(F)ccc4F)CC3=O)nn12	5.913640169325252	<rdkit.Chem.rdchem.Mol object at 0x7f870f97cd60>
2889	CHEMBL3236119	nM	79.0	NC[C@H]1CN(c2ccc3nnc(C(F)(F)F)n3n2)C(=O)C[C@@H]1c1cc(F)ccc1F	6.102372908709558	<rdkit.Chem.rdchem.Mol object at 0x7f870f97cdd0>
2890	CHEMBL3236120	nM	74.0	NC[C@H]1CN(c2ccc3nc(C(F)(F)F)nn3n2)C(=O)C[C@@H]1c1cc(F)ccc1F	6.130768280269024	<rdkit.Chem.rdchem.Mol object at 0x7f870f97ce40>
2891	CHEMBL3236121	nM	8.5	NC[C@H]1CN(CCc2ccc3c(c2)OCO3)C(=O)C[C@@H]1c1cc(F)ccc1F	7.070581074285707	<rdkit.Chem.rdchem.Mol object at 0x7f870f97ceb0>
2892	CHEMBL3236122	nM	157.0	NC[C@H]1CN(CCc2ccncc2)C(=O)C[C@@H]1c1cc(F)c(F)cc1F	5.804100347590766	<rdkit.Chem.rdchem.Mol object at 0x7f870f97cf20>
2893	CHEMBL3236123	nM	119.0	Cc1cc2ncc(N3C[C@H](CN)[C@@H](c4cc(F)c(F)cc4F)CC3=O)c(C)n2n1	5.924453038607469	<rdkit.Chem.rdchem.Mol object at 0x7f870f97cf90>
2894	CHEMBL3236124	nM	125.0	NC[C@H]1CN(c2ccc3nnc(C(F)(F)F)n3n2)C(=O)C[C@@H]1c1cc(F)c(F)cc1F	5.903089986991944	<rdkit.Chem.rdchem.Mol object at 0x7f870f97d000>
2895	CHEMBL3236125	nM	111.0	NC[C@H]1CN(c2ccc3nc(C(F)(F)F)nn3n2)C(=O)C[C@@H]1c1cc(F)c(F)cc1F	5.954677021213342	<rdkit.Chem.rdchem.Mol object at 0x7f870f97d070>
2896	CHEMBL3236126	nM	19.0	NC[C@H]1CN(CCc2ccc3c(c2)OCO3)C(=O)C[C@@H]1c1cc(F)c(F)cc1F	6.721246399047171	<rdkit.Chem.rdchem.Mol object at 0x7f870f97d0e0>
2897	CHEMBL3236127	nM	197.0	NC[C@H]1CN(CCc2ccncc2)C(=O)C[C@@H]1c1ccc(Cl)cc1Cl	5.705533773838407	<rdkit.Chem.rdchem.Mol object at 0x7f870f97d150>
2898	CHEMBL3236128	nM	148.0	Cc1cc2ncc(N3C[C@H](CN)[C@@H](c4ccc(Cl)cc4Cl)CC3=O)c(C)n2n1	5.8297382846050425	<rdkit.Chem.rdchem.Mol object at 0x7f870f97d1c0>
2899	CHEMBL3236129	nM	134.0	NC[C@H]1CN(c2ccc3nnc(C(F)(F)F)n3n2)C(=O)C[C@@H]1c1ccc(Cl)cc1Cl	5.872895201635193	<rdkit.Chem.rdchem.Mol object at 0x7f870f97d230>
2900	CHEMBL3236130	nM	137.0	NC[C@H]1CN(c2ccc3nc(C(F)(F)F)nn3n2)C(=O)C[C@@H]1c1ccc(Cl)cc1Cl	5.863279432843593	<rdkit.Chem.rdchem.Mol object at 0x7f870f97d2a0>
2901	CHEMBL3236131	nM	43.0	NC[C@H]1CN(CCc2ccc3c(c2)OCO3)C(=O)C[C@@H]1c1ccc(Cl)cc1Cl	6.366531544420414	<rdkit.Chem.rdchem.Mol object at 0x7f870f97d310>
2902	CHEMBL3233843	nM	18999.999999999993	COc1ccc2nccc(C(=O)NCC(=O)N3CC(F)(F)C[C@H]3C#N)c2c1	3.721246399047171	<rdkit.Chem.rdchem.Mol object at 0x7f870f97d380>
2903	CHEMBL2105762	nM	2.1487485484423328	CS(=O)(=O)n1cc2c(n1)CN([C@H]1CO[C@H](c3cc(F)ccc3F)[C@@H](N)C1)C2	7.667814403686484	<rdkit.Chem.rdchem.Mol object at 0x7f870f97d3f0>
2904	CHEMBL91933	nM	890.0	O=Cc1ccc(-c2ccc(-c3cccs3)s2)s1	5.050609993355088	<rdkit.Chem.rdchem.Mol object at 0x7f870f97d460>
2905	CHEMBL3343903	nM	510.0	CCOCc1ccc(-c2ccc(-c3cccs3)s2)s1	5.292429823902063	<rdkit.Chem.rdchem.Mol object at 0x7f870f97d4d0>
2906	CHEMBL3343902	nM	2390.0	COCc1ccc(-c2ccc(-c3cccs3)s2)s1	4.621602099051862	<rdkit.Chem.rdchem.Mol object at 0x7f870f97d540>
2907	CHEMBL90170	nM	3350.0	OCc1ccc(-c2ccc(-c3cccs3)s2)s1	4.474955192963154	<rdkit.Chem.rdchem.Mol object at 0x7f870f97d5b0>
2908	CHEMBL3343901	nM	750.0	CC(C)CC(=O)OCCC#Cc1ccc(-c2ccc(COC(=O)CC(C)C)s2)s1	5.1249387366083	<rdkit.Chem.rdchem.Mol object at 0x7f870f97d620>
2909	CHEMBL3343900	nM	2810.0	OCc1ccc(-c2ccc(C#CC(O)CO)s2)s1	4.55129368009492	<rdkit.Chem.rdchem.Mol object at 0x7f870f97d690>
2910	CHEMBL3343899	nM	2740.0	CC#CC#Cc1ccc(C#CC(O)CO)s1	4.562249437179612	<rdkit.Chem.rdchem.Mol object at 0x7f870f97d700>
2911	CHEMBL3357782	nM	170.0	N[C@@H](CC(=O)N1[C@H](CNS(=O)(=O)C(F)(F)F)C[C@@H]2CCCC[C@@H]21)Cc1cc(F)c(F)cc1F	5.769551078621726	<rdkit.Chem.rdchem.Mol object at 0x7f870f97d770>
2912	CHEMBL3357781	nM	430.0	CS(=O)(=O)NC[C@@H]1C[C@@H]2CCCC[C@@H]2N1C(=O)C[C@H](N)Cc1cc(F)c(F)cc1F	5.366531544420414	<rdkit.Chem.rdchem.Mol object at 0x7f870f97d7e0>
2913	CHEMBL3357780	nM	140.0	Cc1ccc(S(=O)(=O)NC[C@@H]2C[C@@H]3CCCC[C@@H]3N2C(=O)C[C@H](N)Cc2cc(F)c(F)cc2F)cc1	5.853871964321762	<rdkit.Chem.rdchem.Mol object at 0x7f870f97d850>
2914	CHEMBL3357779	nM	610.0	N[C@@H](CC(=O)N1[C@H](CNC(=O)c2ccccc2)C[C@@H]2CCCC[C@@H]21)Cc1cc(F)c(F)cc1F	5.214670164989233	<rdkit.Chem.rdchem.Mol object at 0x7f870f97d8c0>
2915	CHEMBL3357778	nM	430.0	N[C@@H](CC(=O)N1[C@H](CNC(=O)C2CCCC2)C[C@@H]2CCCC[C@@H]21)Cc1cc(F)c(F)cc1F	5.366531544420414	<rdkit.Chem.rdchem.Mol object at 0x7f870f97d930>
2916	CHEMBL3357777	nM	330.0	N[C@@H](CC(=O)N1[C@H](CNC(=O)C2CCC2)C[C@@H]2CCCC[C@@H]21)Cc1cc(F)c(F)cc1F	5.481486060122113	<rdkit.Chem.rdchem.Mol object at 0x7f870f97d9a0>
2917	CHEMBL3357776	nM	540.0	N[C@@H](CC(=O)N1[C@H](CNC(=O)C2CC2)C[C@@H]2CCCC[C@@H]21)Cc1cc(F)c(F)cc1F	5.267606240177032	<rdkit.Chem.rdchem.Mol object at 0x7f870f97da10>
2918	CHEMBL3357775	nM	290.0	CC(=O)NC[C@@H]1C[C@@H]2CCCC[C@@H]2N1C(=O)C[C@H](N)Cc1cc(F)c(F)cc1F	5.5376020021010435	<rdkit.Chem.rdchem.Mol object at 0x7f870f97da80>
2919	CHEMBL3357774	nM	510.0	N[C@@H](CC(=O)N1[C@H](CO)C[C@@H]2CCCC[C@@H]21)Cc1cc(F)c(F)cc1F	5.292429823902063	<rdkit.Chem.rdchem.Mol object at 0x7f870f97daf0>
2920	CHEMBL3357773	nM	320.0	N[C@@H](CC(=O)N1[C@H](COC(=O)c2ccccc2)C[C@@H]2CCCC[C@@H]21)Cc1cc(F)c(F)cc1F	5.494850021680094	<rdkit.Chem.rdchem.Mol object at 0x7f870f97db60>
2921	CHEMBL3357772	nM	180.0	N[C@@H](CC(=O)N1[C@H](COC(=O)C2CCCC2)C[C@@H]2CCCC[C@@H]21)Cc1cc(F)c(F)cc1F	5.7447274948966935	<rdkit.Chem.rdchem.Mol object at 0x7f870f97dbd0>
2922	CHEMBL3357771	nM	70.0	N[C@@H](CC(=O)N1[C@H](COC(=O)C2CCC2)C[C@@H]2CCCC[C@@H]21)Cc1cc(F)c(F)cc1F	6.154901959985743	<rdkit.Chem.rdchem.Mol object at 0x7f870f97dc40>
2923	CHEMBL3357770	nM	80.0	N[C@@H](CC(=O)N1[C@H](COC(=O)C2CC2)C[C@@H]2CCCC[C@@H]21)Cc1cc(F)c(F)cc1F	6.096910013008056	<rdkit.Chem.rdchem.Mol object at 0x7f870f97dcb0>
2924	CHEMBL3357769	nM	70.0	CC(=O)OC[C@@H]1C[C@@H]2CCCC[C@@H]2N1C(=O)C[C@H](N)Cc1cc(F)c(F)cc1F	6.154901959985743	<rdkit.Chem.rdchem.Mol object at 0x7f870f97dd20>
2925	CHEMBL3357768	nM	3660.0	N[C@@H](CC(=O)N1[C@H](C(=O)O)C[C@@H]2CCCC[C@@H]21)Cc1cc(F)c(F)cc1F	4.436518914605589	<rdkit.Chem.rdchem.Mol object at 0x7f870f97dd90>
2926	CHEMBL3357767	nM	70.0	CCOC(=O)[C@@H]1C[C@@H]2CCCC[C@@H]2N1C(=O)C[C@H](N)Cc1cc(F)c(F)cc1F	6.154901959985743	<rdkit.Chem.rdchem.Mol object at 0x7f870f97de00>
2927	CHEMBL3357766	nM	760.0	N[C@@H](CC(=O)N1[C@H](C(=O)NCC2CC2)C[C@@H]2CCCC[C@@H]21)Cc1cc(F)c(F)cc1F	5.119186407719209	<rdkit.Chem.rdchem.Mol object at 0x7f870f97de70>
2928	CHEMBL3357765	nM	380.0	N[C@@H](CC(=O)N1[C@H](C(=O)NC2CC2)C[C@@H]2CCCC[C@@H]21)Cc1cc(F)c(F)cc1F	5.42021640338319	<rdkit.Chem.rdchem.Mol object at 0x7f870f97dee0>
2929	CHEMBL3357764	nM	340.0	N[C@@H](CC(=O)N1[C@H](C(=O)NCc2ccccc2)C[C@@H]2CCCC[C@@H]21)Cc1cc(F)c(F)cc1F	5.468521082957745	<rdkit.Chem.rdchem.Mol object at 0x7f870f97df50>
2930	CHEMBL3357763	nM	5810.0	N[C@@H](CC(=O)N1[C@H](C(=O)Nc2ccccc2)C[C@@H]2CCCC[C@@H]21)Cc1cc(F)c(F)cc1F	4.235823867609669	<rdkit.Chem.rdchem.Mol object at 0x7f870f97dfc0>
2931	CHEMBL3310986	nM	730.0	Cn1c(=O)c(C(C)(NN)Nc2ccccc2)c(O)c2ccccc21	5.136677139879544	<rdkit.Chem.rdchem.Mol object at 0x7f870f97e030>
2932	CHEMBL3310987	nM	2950.0	CCn1c(=O)c(C(C)(NN)Nc2ccc(C)cc2)c(O)c2ccccc21	4.530177984021837	<rdkit.Chem.rdchem.Mol object at 0x7f870f97e0a0>
2933	CHEMBL3310988	nM	34650.0	Br.Cc1ccc(=N)n(Cc2cccc(F)c2)c1	3.4602967610521747	<rdkit.Chem.rdchem.Mol object at 0x7f870f97e110>
2934	CHEMBL3329692	nM	430.0	CN[C@@H]1CCCN(c2ccnc3c2n(Cc2ccccc2C#N)c(=O)n3C)C1	5.366531544420414	<rdkit.Chem.rdchem.Mol object at 0x7f870f97e180>
2935	CHEMBL3329691	nM	5200.0	Cn1c(=O)n(Cc2ccccc2C#N)c2c(N3CCCNCC3)ccnc21	4.2839966563652006	<rdkit.Chem.rdchem.Mol object at 0x7f870f97e1f0>
2936	CHEMBL3329624	nM	100.0	N#Cc1ccccc1Cn1c(=O)oc2nccc(N3CCC[C@@H](N)C3)c21	6.0	<rdkit.Chem.rdchem.Mol object at 0x7f870f97e260>
2937	CHEMBL3329625	nM	3400.0	CC1(C)C(=O)N(Cc2ccccc2C#N)c2c(N3CCC[C@@H](N)C3)ccnc21	4.468521082957745	<rdkit.Chem.rdchem.Mol object at 0x7f870f97e2d0>
2938	CHEMBL3329626	nM	45.0	N#Cc1ccccc1Cn1c(=O)[nH]c2nccc(N3CCC[C@@H](N)C3)c21	6.346787486224656	<rdkit.Chem.rdchem.Mol object at 0x7f870f97e340>
2939	CHEMBL3329627	nM	13.0	Cn1c(=O)n(Cc2ccccc2C#N)c2c(N3CCC[C@@H](N)C3)ccnc21	6.886056647693163	<rdkit.Chem.rdchem.Mol object at 0x7f870f97e3b0>
2940	CHEMBL3329628	nM	480.0	CC(C)n1c(=O)n(Cc2ccccc2C#N)c2c(N3CCC[C@@H](N)C3)ccnc21	5.318758762624412	<rdkit.Chem.rdchem.Mol object at 0x7f870f97e420>
2941	CHEMBL3329629	nM	38000.0	Cn1c(=S)n(Cc2ccccc2C#N)c2c(N3CCC[C@@H](N)C3)ccnc21	3.42021640338319	<rdkit.Chem.rdchem.Mol object at 0x7f870f97e490>
2942	CHEMBL3329630	nM	55000.0	Cn1c(=O)c(=O)n(Cc2ccccc2C#N)c2c(N3CCC[C@@H](N)C3)ccnc21	3.2596373105057563	<rdkit.Chem.rdchem.Mol object at 0x7f870f97e500>
2943	CHEMBL3329631	nM	1100.0	Cn1c(=O)n(Cc2ccccc2C#N)c2c(N3CCC[C@@H](N)C3)c3ccccc3nc21	4.958607314841775	<rdkit.Chem.rdchem.Mol object at 0x7f870f97e570>
2944	CHEMBL3329632	nM	10.0	Cn1c(=O)n(Cc2ccccc2C#N)c2c(N3CCC[C@@H](N)C3)ncnc21	7.0	<rdkit.Chem.rdchem.Mol object at 0x7f870f97e5e0>
2945	CHEMBL3329633	nM	45.0	Cn1c(=O)n(Cc2ccccc2C#N)c2c(N3CCC[C@@H](N)C3)cccc21	6.346787486224656	<rdkit.Chem.rdchem.Mol object at 0x7f870f97e650>
2946	CHEMBL3329634	nM	88000.0	Cn1c(=O)n(Cc2cccc(C#N)c2)c2c(N3CCC[C@@H](N)C3)ccnc21	3.0555173278498313	<rdkit.Chem.rdchem.Mol object at 0x7f870f97e6c0>
2947	CHEMBL3329636	nM	110.0	Cn1c(=O)n(Cc2ccccc2Cl)c2c(N3CCC[C@@H](N)C3)ccnc21	5.958607314841775	<rdkit.Chem.rdchem.Mol object at 0x7f870f97e730>
2948	CHEMBL3329637	nM	2500.0	Cn1c(=O)n(Cc2ccccc2F)c2c(N3CCC[C@@H](N)C3)ccnc21	4.6020599913279625	<rdkit.Chem.rdchem.Mol object at 0x7f870f97e7a0>
2949	CHEMBL3329638	nM	16000.0	Cn1c(=O)n(Cc2ccc(Cl)cc2C#N)c2c(N3CCC[C@@H](N)C3)ccnc21	3.795880017344075	<rdkit.Chem.rdchem.Mol object at 0x7f870f97e810>
2950	CHEMBL3329639	nM	20000.0	Cn1c(=O)n(Cc2ccc3ccccc3c2C#N)c2c(N3CCC[C@@H](N)C3)ccnc21	3.6989700043360187	<rdkit.Chem.rdchem.Mol object at 0x7f870f97e880>
2951	CHEMBL3329641	nM	22.0	Cn1c(=O)n(Cc2ccccc2C#N)c2c(N3CC[C@@H](N)C3)ccnc21	6.657577319177793	<rdkit.Chem.rdchem.Mol object at 0x7f870f97e8f0>
2952	CHEMBL3329688	nM	530.0	Cn1c(=O)n(Cc2ccccc2C#N)c2c(N3CCCCC(N)C3)ccnc21	5.275724130399211	<rdkit.Chem.rdchem.Mol object at 0x7f870f97e960>
2953	CHEMBL3329689	nM	23000.0	Cn1c(=O)n(Cc2ccccc2C#N)c2c(N3CCNCC3)ccnc21	3.638272163982407	<rdkit.Chem.rdchem.Mol object at 0x7f870f97e9d0>
2954	CHEMBL3330055	nM	640.0	N#C[C@@H]1C[C@H](F)CN1C(=O)C[C@H](N)Cc1ccc(C(F)(F)F)cc1	5.1938200260161125	<rdkit.Chem.rdchem.Mol object at 0x7f870f97ea40>
2955	CHEMBL3330054	nM	430.0	N#C[C@@H]1C[C@H](F)CN1C(=O)C[C@H](N)Cc1ccc(I)cc1	5.366531544420414	<rdkit.Chem.rdchem.Mol object at 0x7f870f97eab0>
2956	CHEMBL3330053	nM	320.0	N#C[C@@H]1C[C@H](F)CN1C(=O)C[C@H](N)Cc1ccc(F)cc1	5.494850021680094	<rdkit.Chem.rdchem.Mol object at 0x7f870f97eb20>
2957	CHEMBL3330052	nM	220.0	N#C[C@@H]1C[C@H](F)CN1C(=O)C[C@H](N)Cc1cccc(F)c1	5.657577319177793	<rdkit.Chem.rdchem.Mol object at 0x7f870f97eb90>
2958	CHEMBL3330051	nM	160.0	Cc1ccccc1C[C@@H](N)CC(=O)N1C[C@@H](F)C[C@H]1C#N	5.795880017344075	<rdkit.Chem.rdchem.Mol object at 0x7f870f97ec00>
2959	CHEMBL3330050	nM	220.0	N#C[C@@H]1C[C@H](F)CN1C(=O)C[C@H](N)Cc1ccccc1Cl	5.657577319177793	<rdkit.Chem.rdchem.Mol object at 0x7f870f97ec70>
2960	CHEMBL3330049	nM	450.0	N#C[C@@H]1C[C@H](F)CN1C(=O)C[C@H](N)Cc1ccccc1	5.346787486224656	<rdkit.Chem.rdchem.Mol object at 0x7f870f97ece0>
2961	CHEMBL3330073	nM	10.0	N#C[C@@H]1C[C@@H]2CCC[C@@H]2N1C(=O)C[C@H](N)Cc1cc(F)c(F)cc1F	7.0	<rdkit.Chem.rdchem.Mol object at 0x7f870f97ed50>
2962	CHEMBL3330072	nM	9650.0	N#C[C@@H]1C[C@@H]2CCC[C@@H]2N1C(=O)C[C@H](N)Cc1cc(F)cc(F)c1	4.015472686656207	<rdkit.Chem.rdchem.Mol object at 0x7f870f97edc0>
2963	CHEMBL3330071	nM	47440.0	N#C[C@@H]1C[C@@H]2CCC[C@@H]2N1C(=O)C[C@H](N)Cc1ccc(Cl)c(Cl)c1	3.3238553196437937	<rdkit.Chem.rdchem.Mol object at 0x7f870f97ee30>
2964	CHEMBL3330070	nM	70.0	N#C[C@@H]1C[C@@H]2CCC[C@@H]2N1C(=O)C[C@H](N)Cc1ccc(Cl)cc1Cl	6.154901959985743	<rdkit.Chem.rdchem.Mol object at 0x7f870f97eea0>
2965	CHEMBL3330068	nM	1980.0	N#C[C@@H]1C[C@@H]2CCC[C@@H]2N1C(=O)C[C@H](N)Cc1ccc(C(F)(F)F)cc1	4.703334809738469	<rdkit.Chem.rdchem.Mol object at 0x7f870f97ef10>
2966	CHEMBL3330067	nM	8800.0	N#C[C@@H]1C[C@@H]2CCC[C@@H]2N1C(=O)C[C@H](N)Cc1ccc(I)cc1	4.055517327849832	<rdkit.Chem.rdchem.Mol object at 0x7f870f97ef80>
2967	CHEMBL3330066	nM	270.0	N#C[C@@H]1C[C@@H]2CCC[C@@H]2N1C(=O)C[C@H](N)Cc1ccc(F)cc1	5.568636235841013	<rdkit.Chem.rdchem.Mol object at 0x7f870f97eff0>
2968	CHEMBL3330065	nM	130.0	N#C[C@@H]1C[C@@H]2CCC[C@@H]2N1C(=O)C[C@H](N)Cc1cccc(F)c1	5.886056647693163	<rdkit.Chem.rdchem.Mol object at 0x7f870f97f060>
2969	CHEMBL3330064	nM	360.0	Cc1ccccc1C[C@@H](N)CC(=O)N1[C@H](C#N)C[C@@H]2CCC[C@@H]21	5.443697499232712	<rdkit.Chem.rdchem.Mol object at 0x7f870f97f0d0>
2970	CHEMBL3330063	nM	70.0	N#C[C@@H]1C[C@@H]2CCC[C@@H]2N1C(=O)C[C@H](N)Cc1ccccc1Cl	6.154901959985743	<rdkit.Chem.rdchem.Mol object at 0x7f870f97f140>
2971	CHEMBL3330062	nM	440.0	N#C[C@@H]1C[C@@H]2CCC[C@@H]2N1C(=O)C[C@H](N)Cc1ccccc1	5.356547323513812	<rdkit.Chem.rdchem.Mol object at 0x7f870f97f1b0>
2972	CHEMBL3330061	nM	1940.0	N#C[C@@H]1C[C@H](F)CN1C(=O)C[C@@H](N)Cc1ccccc1	4.7121982700697735	<rdkit.Chem.rdchem.Mol object at 0x7f870f97f220>
2973	CHEMBL3330060	nM	50.0	N#C[C@@H]1C[C@H](F)CN1C(=O)C[C@H](N)Cc1cc(F)c(F)cc1F	6.301029995663981	<rdkit.Chem.rdchem.Mol object at 0x7f870f97f290>
2974	CHEMBL3330059	nM	1580.0	N#C[C@@H]1C[C@H](F)CN1C(=O)C[C@H](N)Cc1cc(F)cc(F)c1	4.801342913045577	<rdkit.Chem.rdchem.Mol object at 0x7f870f97f300>
2975	CHEMBL3330058	nM	530.0	N#C[C@@H]1C[C@H](F)CN1C(=O)C[C@H](N)Cc1ccc(Cl)c(Cl)c1	5.275724130399211	<rdkit.Chem.rdchem.Mol object at 0x7f870f97f370>
2976	CHEMBL3330057	nM	40.0	N#C[C@@H]1C[C@H](F)CN1C(=O)C[C@H](N)Cc1ccc(Cl)cc1Cl	6.3979400086720375	<rdkit.Chem.rdchem.Mol object at 0x7f870f97f3e0>
2977	CHEMBL3330056	nM	770.0	COc1ccc(C[C@@H](N)CC(=O)N2C[C@@H](F)C[C@H]2C#N)cc1	5.113509274827518	<rdkit.Chem.rdchem.Mol object at 0x7f870f97f450>
2978	CHEMBL3400963	nM	6.0	Cc1oc(=O)oc1COC(=O)c1ccc2c(c1)c1nc(N3CCC[C@@H](N)C3)n(Cc3ccccc3Cl)c1c(=O)n2C.Cl	7.221848749616356	<rdkit.Chem.rdchem.Mol object at 0x7f870f97f4c0>
2979	CHEMBL3400964	nM	4.7	Cc1oc(=O)oc1COC(=O)c1ccc2c(c1)c1nc(N3CCC[C@@H](N)C3)n(Cc3cc(F)ccc3Cl)c1c(=O)n2C.Cl	7.327902142064283	<rdkit.Chem.rdchem.Mol object at 0x7f870f97f530>
2980	CHEMBL3400965	nM	1.4	Cc1oc(=O)oc1COC(=O)c1ccc2c3nc(N4CCC[C@@H](N)C4)n(Cc4ccccc4Cl)c3c(=O)n(C)c2c1.Cl	7.853871964321762	<rdkit.Chem.rdchem.Mol object at 0x7f870f97f5a0>
2981	CHEMBL3400966	nM	3.4	Cc1oc(=O)oc1COC(=O)c1ccc2c3nc(N4CCC[C@@H](N)C4)n(Cc4cc(F)ccc4Cl)c3c(=O)n(C)c2c1.Cl	7.468521082957745	<rdkit.Chem.rdchem.Mol object at 0x7f870f97f610>
2982	CHEMBL3402118	nM	500.0	Cn1c(=O)n(Cc2cc(C(=O)O)cc(C(=O)O)c2)c(=O)c2c1nc(N1CCC[C@@H](N)C1)n2Cc1ccccc1Cl	5.301029995663981	<rdkit.Chem.rdchem.Mol object at 0x7f870f97f680>
2983	CHEMBL3402120	nM	230.0	Cn1c(=O)n(Cc2cccc(C(=O)O)c2)c(=O)c2c1nc(N1CCC[C@@H](N)C1)n2Cc1ccccc1Cl	5.638272163982407	<rdkit.Chem.rdchem.Mol object at 0x7f870f97f6f0>
2984	CHEMBL3402125	nM	640.0	Cn1c(=O)n(Cc2ccc(F)c(C(=O)O)c2)c(=O)c2c1nc(N1CCC[C@@H](N)C1)n2Cc1ccccc1Cl	5.1938200260161125	<rdkit.Chem.rdchem.Mol object at 0x7f870f97f760>
2985	CHEMBL3402129	nM	36.0	COc1ccc(Cn2c(=O)c3c(nc(N4CCC[C@@H](N)C4)n3Cc3ccccc3Cl)n(C)c2=O)cc1C(=O)O	6.443697499232713	<rdkit.Chem.rdchem.Mol object at 0x7f870f97f7d0>
2986	CHEMBL3425745	nM	695.0	N[C@@H](CC(=O)N1CC[C@@H]2[C@@H](CCc3nnc(C(F)(F)F)n32)C1)Cc1ccccc1	5.158015195409886	<rdkit.Chem.rdchem.Mol object at 0x7f870f97f840>
2987	CHEMBL3425746	nM	2801.0	N[C@@H](CC(=O)N1CC[C@@H]2[C@H](CCc3nnc(C(F)(F)F)n32)C1)Cc1ccccc1	4.552686891176432	<rdkit.Chem.rdchem.Mol object at 0x7f870f97f8b0>
2988	CHEMBL3425747	nM	44.27188724235731	N[C@@H](CC(=O)N1CC[C@@H]2[C@@H](CCc3nnc(C(F)(F)F)n32)C1)Cc1cc(F)c(F)cc1F	6.353871964321762	<rdkit.Chem.rdchem.Mol object at 0x7f870f97f920>
2989	CHEMBL3425748	nM	279.0430074379218	N[C@@H](CC(=O)N1CC[C@@H]2[C@H](CCc3nnc(C(F)(F)F)n32)C1)Cc1cc(F)c(F)cc1F	5.554328856032734	<rdkit.Chem.rdchem.Mol object at 0x7f870f97f990>
2990	CHEMBL3425749	nM	85.0	CCc1nnc2n1[C@@H]1CCN(C(=O)C[C@H](N)Cc3cc(F)c(F)cc3F)C[C@@H]1CC2	6.070581074285707	<rdkit.Chem.rdchem.Mol object at 0x7f870f97fa00>
2991	CHEMBL3425750	nM	108.0	CCc1nnc2n1[C@@H]1CCN(C(=O)C[C@H](N)Cc3cc(F)c(F)cc3F)C[C@H]1CC2	5.966576244513051	<rdkit.Chem.rdchem.Mol object at 0x7f870f97fa70>
2992	CHEMBL3425751	nM	67.0	N[C@@H](CC(=O)N1CC[C@@H]2[C@@H](CCc3nnc(C(F)(F)C(F)(F)F)n32)C1)Cc1cc(F)c(F)cc1F	6.173925197299173	<rdkit.Chem.rdchem.Mol object at 0x7f870f97fae0>
2993	CHEMBL3425752	nM	258.0	N[C@@H](CC(=O)N1CC[C@@H]2[C@H](CCc3nnc(C(F)(F)C(F)(F)F)n32)C1)Cc1cc(F)c(F)cc1F	5.58838029403677	<rdkit.Chem.rdchem.Mol object at 0x7f870f97fb50>
2994	CHEMBL3425753	nM	100.0	Cc1nnc(C(F)(F)F)n1C1CCN(C(=O)C[C@H](N)Cc2cc(F)c(F)cc2F)CC1.Cl	6.0	<rdkit.Chem.rdchem.Mol object at 0x7f870f97fbc0>
2995	CHEMBL3425754	nM	94.0	Cl.N[C@@H](CC(=O)N1CC[C@@H]2[C@@H](Cc3nnc(C(F)(F)F)n32)C1)Cc1cc(F)c(F)cc1F	6.026872146400302	<rdkit.Chem.rdchem.Mol object at 0x7f870f97fc30>
2996	CHEMBL3580781	nM	19.2	N[C@@H](CC(=O)N1CC(=O)Nc2cc(C(F)(F)F)ccc2C1)[C@H]1CCc2cc(F)c(F)cc21	6.716698771296451	<rdkit.Chem.rdchem.Mol object at 0x7f870f97fca0>
2997	CHEMBL3580780	nM	20.0	COc1ccc2c(c1)NC(=O)CN(C(=O)C[C@H](N)[C@H]1CCc3cc(F)c(F)cc31)C2	6.698970004336019	<rdkit.Chem.rdchem.Mol object at 0x7f870f97fd10>
2998	CHEMBL3580779	nM	3.8	N[C@@H](CC(=O)N1CC(=O)Nc2cc(F)ccc2C1)[C@H]1CCc2cc(F)c(F)cc21	7.42021640338319	<rdkit.Chem.rdchem.Mol object at 0x7f870f97fd80>
2999	CHEMBL3580778	nM	89.6	N[C@@H](CC(=O)N1CC(=O)Nc2nccnc2C1)[C@H]1CCc2cc(F)c(F)cc21	6.047691990337875	<rdkit.Chem.rdchem.Mol object at 0x7f870f97fdf0>
3000	CHEMBL3580777	nM	148.0	N[C@@H](CC(=O)N1CC(=O)Nc2cccnc2C1)[C@H]1CCc2cc(F)c(F)cc21	5.8297382846050425	<rdkit.Chem.rdchem.Mol object at 0x7f870f97fe60>
3001	CHEMBL3580782	nM	15.4	N[C@@H](CC(=O)N1CC(=O)Nc2cc(Br)ccc2C1)[C@H]1CCc2cc(F)c(F)cc21	6.812479279163537	<rdkit.Chem.rdchem.Mol object at 0x7f870f97fed0>
3002	CHEMBL3580776	nM	4.9	N[C@@H](CC(=O)N1CC(=O)Nc2ccccc2C1)[C@H]1CCc2cc(F)c(F)cc21	7.309803919971486	<rdkit.Chem.rdchem.Mol object at 0x7f870f97ff40>
3003	CHEMBL3580775	nM	10.8	N[C@@H](CC(=O)N1CCn2c(nnc2C(F)(F)F)C1)[C@H]1CCc2cc(F)c(F)cc21	6.966576244513051	<rdkit.Chem.rdchem.Mol object at 0x7f870f980040>
3004	CHEMBL3580783	nM	18.6	N#Cc1ccc2c(c1)NC(=O)CN(C(=O)C[C@H](N)[C@H]1CCc3cc(F)c(F)cc31)C2	6.730487055782084	<rdkit.Chem.rdchem.Mol object at 0x7f870f9800b0>
3005	CHEMBL3580784	nM	19.8	N[C@@H](CC(=O)N1CC(=O)Nc2cc(F)c(F)cc2C1)[C@H]1CCc2cc(F)c(F)cc21	6.703334809738469	<rdkit.Chem.rdchem.Mol object at 0x7f870f980120>
3006	CHEMBL3580785	nM	299.0	N[C@@H](CC(=O)N1CCNc2ccccc2C1)[C@H]1CCc2cc(F)c(F)cc21	5.52432881167557	<rdkit.Chem.rdchem.Mol object at 0x7f870f980190>
3007	CHEMBL3580786	nM	346.0	N[C@@H](CC(=O)N1CCNc2cc(F)ccc2C1)[C@H]1CCc2cc(F)c(F)cc21	5.460923901207224	<rdkit.Chem.rdchem.Mol object at 0x7f870f980200>
3008	CHEMBL3580787	nM	2290.0	N[C@@H](CC(=O)N1CCNc2cc(C(F)(F)F)ccc2C1)[C@H]1CCc2cc(F)c(F)cc21	4.640164517660112	<rdkit.Chem.rdchem.Mol object at 0x7f870f980270>
3009	CHEMBL3580788	nM	3.0	CN1C(=O)CN(C(=O)C[C@H](N)[C@H]2CCc3cc(F)c(F)cc32)Cc2ccccc21	7.522878745280337	<rdkit.Chem.rdchem.Mol object at 0x7f870f9802e0>
3010	CHEMBL3580789	nM	3.4	CN1C(=O)CN(C(=O)C[C@H](N)[C@H]2CCc3cc(F)c(F)cc32)Cc2ccc(F)cc21	7.468521082957745	<rdkit.Chem.rdchem.Mol object at 0x7f870f980350>
3011	CHEMBL3580790	nM	2.9	CCN1C(=O)CN(C(=O)C[C@H](N)[C@H]2CCc3cc(F)c(F)cc32)Cc2ccccc21	7.537602002101044	<rdkit.Chem.rdchem.Mol object at 0x7f870f9803c0>
3012	CHEMBL3580791	nM	6.4	CC(C)N1C(=O)CN(C(=O)C[C@H](N)[C@H]2CCc3cc(F)c(F)cc32)Cc2ccccc21	7.1938200260161125	<rdkit.Chem.rdchem.Mol object at 0x7f870f980430>
3013	CHEMBL3580792	nM	3.4	CCOC(=O)CN1C(=O)CN(C(=O)C[C@H](N)[C@H]2CCc3cc(F)c(F)cc32)Cc2ccccc21	7.468521082957745	<rdkit.Chem.rdchem.Mol object at 0x7f870f9804a0>
3014	CHEMBL537586	nM	9.0	CC(C)N(C)C(=O)n1cnc(S(=O)(=O)C2CC3CCC2C3)n1	7.045757490560675	<rdkit.Chem.rdchem.Mol object at 0x7f870f980510>
3015	CHEMBL3616890	nM	19.4	CC#CCn1c(N2CCNCC2)nc2c1c(=O)n(Cc1nc(C)c3ccccc3n1)c(=O)n2C	6.7121982700697735	<rdkit.Chem.rdchem.Mol object at 0x7f870f980580>
3016	CHEMBL3616891	nM	13900.0	CC#CCn1c(N2CCN3CCC[C@H]3C2)nc2c1c(=O)n(Cc1nc(C)c3ccccc3n1)c(=O)n2C	3.856985199745905	<rdkit.Chem.rdchem.Mol object at 0x7f870f9805f0>
3017	CHEMBL3616894	nM	12200.0	CC#CCn1c(N2CCC[C@@H](NC(C)=O)C2)nc2c1c(=O)n(Cc1nc(C)c3ccccc3n1)c(=O)n2C	3.9136401693252516	<rdkit.Chem.rdchem.Mol object at 0x7f870f980660>
3018	CHEMBL3616896	nM	18100.0	CC#CCn1c(N2CC(=O)N[C@H](CO)C2)nc2c1c(=O)n(Cc1nc(C)c3ccccc3n1)c(=O)n2C	3.7423214251308154	<rdkit.Chem.rdchem.Mol object at 0x7f870f9806d0>
3019	CHEMBL3616900	nM	5.8	CC#CCn1c(N2CCNCC2)nc2c1c(=O)n(Cc1ncc3ccccc3n1)c(=O)n2C	7.236572006437063	<rdkit.Chem.rdchem.Mol object at 0x7f870f980740>
3020	CHEMBL3616901	nM	25.0	CC#CCn1c(N2CCNCC2)nc2c1c(=O)n(Cc1nc(OC)c3ccccc3n1)c(=O)n2C	6.6020599913279625	<rdkit.Chem.rdchem.Mol object at 0x7f870f9807b0>
3021	CHEMBL3616902	nM	29.0	CC#CCn1c(N2CCNCC2)nc2c1c(=O)n(Cc1ccc3ccccc3n1)c(=O)n2C	6.5376020021010435	<rdkit.Chem.rdchem.Mol object at 0x7f870f980820>
3022	CHEMBL3616903	nM	180.0	CC#CCn1c(N2CCNCC2)nc2c1c(=O)n(Cc1ccc3ccccc3c1)c(=O)n2C	5.7447274948966935	<rdkit.Chem.rdchem.Mol object at 0x7f870f980890>
3023	CHEMBL3616888	nM	650.0	CC#CCn1c(N2CCNCC2)nc2c1c(=O)n(Cc1csc(CO)n1)c(=O)n2C	5.187086643357144	<rdkit.Chem.rdchem.Mol object at 0x7f870f980900>
3024	CHEMBL3616904	nM	1230.0	CC#CCn1c(N2CCNCC2)nc2c1c(=O)n(Cc1ccccc1)c(=O)n2C	4.910094888560602	<rdkit.Chem.rdchem.Mol object at 0x7f870f980970>
3025	CHEMBL3616905	nM	340.0	CC#CCn1c(N2CCNCC2)nc2c1c(=O)n(Cc1cccc(C#N)c1)c(=O)n2C	5.468521082957745	<rdkit.Chem.rdchem.Mol object at 0x7f870f9809e0>
3026	CHEMBL3616906	nM	1800.0	CC#CCn1c(N2CCNCC2)nc2c1c(=O)n(Cc1ccc(-c3ccccc3C#N)cc1)c(=O)n2C	4.7447274948966935	<rdkit.Chem.rdchem.Mol object at 0x7f870f980a50>
3027	CHEMBL3616907	nM	180.0	CC#CCn1c(N2CCNCC2)nc2c1c(=O)n(Cc1nn(-c3ccccc3)nc1C)c(=O)n2C	5.7447274948966935	<rdkit.Chem.rdchem.Mol object at 0x7f870f980ac0>
3028	CHEMBL3616908	nM	1440.0	CC#CCn1c(N2CCNCC2)nc2c1c(=O)n(Cc1ccc(-n3cccn3)cc1)c(=O)n2C	4.841637507904751	<rdkit.Chem.rdchem.Mol object at 0x7f870f980b30>
3029	CHEMBL3616909	nM	220.0	CC#CCn1c(N2CCNCC2)nc2c1c(=O)n(Cc1ccc(-n3cncn3)cc1)c(=O)n2C	5.657577319177793	<rdkit.Chem.rdchem.Mol object at 0x7f870f980ba0>
3030	CHEMBL3616913	nM	980.0	CC#CCn1c(N2CCC[C@@H](N)C2)nc2c1c(=O)n(C(C)C)c(=O)n2C	5.008773924307505	<rdkit.Chem.rdchem.Mol object at 0x7f870f980c10>
3031	CHEMBL4296719	nM	24.999999999999996	O=C(CN[C@@H]1CCNC1)N1CCC[C@H]1B(O)O	6.6020599913279625	<rdkit.Chem.rdchem.Mol object at 0x7f870f980c80>
3032	CHEMBL3618140	nM	1250.0	O=C(Nc1ccc(F)cc1)c1cnn(-c2ccccc2)c1NC(=O)C(F)(F)F	4.903089986991944	<rdkit.Chem.rdchem.Mol object at 0x7f870f980cf0>
3033	CHEMBL3618137	nM	100000.0	COc1ccc(-n2ncc3c(=O)n(-c4nc(-c5ccc(Cl)cc5)cs4)c(C)nc32)cc1	3.0	<rdkit.Chem.rdchem.Mol object at 0x7f870f980d60>
3034	CHEMBL3618134	nM	2230.0	COc1ccc(-n2ncc3c(=O)n(-c4cc(C)ccn4)c(C)nc32)cc1	4.651695136951839	<rdkit.Chem.rdchem.Mol object at 0x7f870f980dd0>
3035	CHEMBL3618039	nM	11000.0	Cc1nc2c(cnn2-c2ccccc2)c(=O)n1-c1ccc(Br)cn1	3.958607314841775	<rdkit.Chem.rdchem.Mol object at 0x7f870f980e40>
3036	CHEMBL3618038	nM	1060.0	Cc1ccnc(-n2c(C)nc3c(cnn3-c3ccccc3)c2=O)c1	4.97469413473523	<rdkit.Chem.rdchem.Mol object at 0x7f870f980eb0>
3037	CHEMBL3618037	nM	24000.0	Cc1nc2c(cnn2-c2ccccc2)c(=O)n1-c1ncccn1	3.619788758288394	<rdkit.Chem.rdchem.Mol object at 0x7f870f980f20>
3038	CHEMBL3618036	nM	4000.0	Cc1nc2c(cnn2-c2ccccc2)c(=O)n1-c1ccccn1	4.3979400086720375	<rdkit.Chem.rdchem.Mol object at 0x7f870f980f90>
3039	CHEMBL3618032	nM	1320.0	Cc1cc(C)c(-n2c(C)nc3c(cnn3-c3ccccc3)c2=O)c(C)c1	4.87942606879415	<rdkit.Chem.rdchem.Mol object at 0x7f870f981000>
3040	CHEMBL3632867	nM	0.8	CC[C@@H](C)[C@H](N)C(=O)N1CC(F)(F)C[C@H]1C#N	8.096910013008056	<rdkit.Chem.rdchem.Mol object at 0x7f870f981070>
3041	CHEMBL3632866	nM	290.0	CC[C@@H](C)[C@H](N)C(=O)N1C[C@H](F)C[C@H]1C#N	5.5376020021010435	<rdkit.Chem.rdchem.Mol object at 0x7f870f9810e0>
3042	CHEMBL3632865	nM	0.6	CC[C@@H](C)[C@H](N)C(=O)N1C[C@@H](F)C[C@H]1C#N	8.221848749616356	<rdkit.Chem.rdchem.Mol object at 0x7f870f981150>
3043	CHEMBL3632864	nM	1.5	CC[C@@H](C)[C@H](N)C(=O)N1CCC[C@H]1C#N	7.823908740944319	<rdkit.Chem.rdchem.Mol object at 0x7f870f9811c0>
3044	CHEMBL3644788	nM	6.0	N[C@@H](CC(=O)N1CCc2c(nc(-c3ccco3)nc2C(F)(F)F)C1)CN1C(=O)CCC(F)(F)[C@@H]1O	7.221848749616356	<rdkit.Chem.rdchem.Mol object at 0x7f870f981230>
3045	CHEMBL3644790	nM	14.0	COCCc1nc2c(c(C(F)(F)F)n1)CCN(C(=O)C[C@H](N)CN1C(=O)CCC(F)(F)[C@@H]1O)C2	6.853871964321762	<rdkit.Chem.rdchem.Mol object at 0x7f870f9812a0>
3046	CHEMBL3644783	nM	5.0	N[C@@H](CC(=O)N1CCc2c(nc(C(F)(F)F)nc2C(F)(F)F)C1)CN1C(=O)CCC(F)(F)[C@@H]1O	7.301029995663981	<rdkit.Chem.rdchem.Mol object at 0x7f870f981310>
3047	CHEMBL3644787	nM	10.0	N[C@@H](CC(=O)N1CCc2c(nc(-c3ccncc3)nc2C(F)(F)F)C1)CN1C(=O)CCC(F)(F)[C@@H]1O	7.0	<rdkit.Chem.rdchem.Mol object at 0x7f870f981380>
3048	CHEMBL3644799	nM	409.0	CCCc1nc2c(c(C(F)(F)F)n1)CCN(C(=O)C[C@H](N)CN1C(=O)CCC(F)C1O)C2	5.388276691992658	<rdkit.Chem.rdchem.Mol object at 0x7f870f9813f0>
3049	CHEMBL3644782	nM	36.0	N[C@@H](CC(=O)N1CCc2c(nc(C(F)(F)F)nc2C(F)(F)F)C1)CN1C(=O)CCC(F)(F)[C@H]1O	6.443697499232713	<rdkit.Chem.rdchem.Mol object at 0x7f870f981460>
3050	CHEMBL3644785	nM	39.0	CC(C)(C)c1nc2c(c(C(F)(F)F)n1)CCN(C(=O)C[C@H](N)CN1C(=O)CCC(F)(F)C1O)C2	6.4089353929735005	<rdkit.Chem.rdchem.Mol object at 0x7f870f9814d0>
3051	CHEMBL3644793	nM	195.0	N[C@@H](CC(=O)N1CCc2c(nc(-c3cccs3)nc2C(F)(F)F)C1)CN1C(=O)CCC(F)(F)[C@H]1O	5.709965388637482	<rdkit.Chem.rdchem.Mol object at 0x7f870f981540>
3052	CHEMBL3644786	nM	17.0	N[C@@H](CC(=O)N1CCc2c(nc(C3CCC3)nc2C(F)(F)F)C1)CN1C(=O)CCC(F)(F)C1O	6.769551078621726	<rdkit.Chem.rdchem.Mol object at 0x7f870f9815b0>
3053	CHEMBL3644791	nM	160.0	COCCc1nc2c(c(C(F)(F)F)n1)CCN(C(=O)C[C@H](N)CN1C(=O)CCC(F)(F)[C@H]1O)C2	5.795880017344075	<rdkit.Chem.rdchem.Mol object at 0x7f870f981620>
3054	CHEMBL3644794	nM	57.0	N[C@@H](CC(=O)N1CCc2c(nc(-c3ccc(F)cc3)nc2C(F)(F)F)C1)CN1C(=O)CCC(F)(F)[C@H]1O	6.2441251443275085	<rdkit.Chem.rdchem.Mol object at 0x7f870f981690>
3055	CHEMBL3644798	nM	159.0	N[C@@H](CC(=O)N1CCc2c(nc(-c3cccs3)nc2C(F)(F)F)C1)CN1C(=O)CCC(F)C1O	5.798602875679548	<rdkit.Chem.rdchem.Mol object at 0x7f870f981700>
3056	CHEMBL3644803	nM	63.0	N[C@@H](CC(=O)N1CCc2c(nc(-c3ccncc3)nc2C(F)(F)F)C1)CN1C(=O)CCC(F)(F)[C@H]1O	6.200659450546418	<rdkit.Chem.rdchem.Mol object at 0x7f870f981770>
3057	CHEMBL3644789	nM	93.0	N[C@@H](CC(=O)N1CCc2c(nc(-c3ccco3)nc2C(F)(F)F)C1)CN1C(=O)CCC(F)(F)[C@H]1O	6.031517051446065	<rdkit.Chem.rdchem.Mol object at 0x7f870f9817e0>
3058	CHEMBL3644792	nM	10.0	N[C@@H](CC(=O)N1CCc2c(nc(-c3cccs3)nc2C(F)(F)F)C1)CN1C(=O)CCC(F)(F)[C@@H]1O	7.0	<rdkit.Chem.rdchem.Mol object at 0x7f870f981850>
3059	CHEMBL3644796	nM	197.0	CC(C)(C)c1nc2c(c(C(F)(F)F)n1)CCN(C(=O)C[C@H](N)CN1C(=O)CCC(F)C1O)C2	5.705533773838407	<rdkit.Chem.rdchem.Mol object at 0x7f870f9818c0>
3060	CHEMBL3644784	nM	20.0	CCCc1nc2c(c(C(F)(F)F)n1)CCN(C(=O)C[C@H](N)CN1C(=O)CCC(F)(F)C1O)C2	6.698970004336019	<rdkit.Chem.rdchem.Mol object at 0x7f870f981930>
3061	CHEMBL3644797	nM	81.0	N[C@@H](CC(=O)N1CCc2c(nc(-c3ccco3)nc2C(F)(F)F)C1)CN1C(=O)CCC(F)C1O	6.0915149811213505	<rdkit.Chem.rdchem.Mol object at 0x7f870f9819a0>
3062	CHEMBL3644800	nM	206.0	N[C@@H](CC(=O)N1CCc2c(nc(-c3ccncc3)nc2C(F)(F)F)C1)CN1C(=O)CCC(F)C1O	5.686132779630847	<rdkit.Chem.rdchem.Mol object at 0x7f870f981a10>
3063	CHEMBL3644795	nM	2500.0	N[C@@H](CC(=O)N1CCc2c(nc(C(F)(F)F)nc2C(F)(F)F)C1)CN1C(=O)CCC(F)(F)C1=O	4.6020599913279625	<rdkit.Chem.rdchem.Mol object at 0x7f870f981a80>
3064	CHEMBL3734964	nM	1.6	N[C@H]1C[C@@H](N2Cc3[nH]nc(NC(=O)C4CC4)c3C2)CO[C@@H]1c1cc(F)ccc1F	7.795880017344075	<rdkit.Chem.rdchem.Mol object at 0x7f870f981af0>
3065	CHEMBL3735129	nM	4.3	N[C@H]1C[C@@H](N2Cc3[nH]nc(NC(=O)c4nccs4)c3C2)CO[C@@H]1c1cc(F)ccc1F	7.366531544420414	<rdkit.Chem.rdchem.Mol object at 0x7f870f981b60>
3066	CHEMBL3735925	nM	3.7	N[C@H]1C[C@@H](N2Cc3[nH]nc(NC(=O)c4ccncc4)c3C2)CO[C@@H]1c1cc(F)ccc1F	7.431798275933005	<rdkit.Chem.rdchem.Mol object at 0x7f870f981bd0>
3067	CHEMBL3734769	nM	3.2	CS(=O)(=O)Nc1n[nH]c2c1CN([C@H]1CO[C@H](c3cc(F)ccc3F)[C@@H](N)C1)C2	7.494850021680094	<rdkit.Chem.rdchem.Mol object at 0x7f870f981c40>
3068	CHEMBL3734828	nM	1.1	CCS(=O)(=O)Nc1n[nH]c2c1CN([C@H]1CO[C@H](c3cc(F)ccc3F)[C@@H](N)C1)C2	7.958607314841775	<rdkit.Chem.rdchem.Mol object at 0x7f870f981cb0>
3069	CHEMBL3735461	nM	1.3	N[C@H]1C[C@@H](N2Cc3[nH]nc(NS(=O)(=O)CC(F)(F)F)c3C2)CO[C@@H]1c1cc(F)ccc1F	7.886056647693163	<rdkit.Chem.rdchem.Mol object at 0x7f870f981d20>
3070	CHEMBL3734999	nM	1.8	N[C@H]1C[C@@H](N2Cc3[nH]nc(NS(=O)(=O)C4CC4)c3C2)CO[C@@H]1c1cc(F)ccc1F	7.7447274948966935	<rdkit.Chem.rdchem.Mol object at 0x7f870f981d90>
3071	CHEMBL3735433	nM	1.8	N[C@H]1C[C@@H](N2Cc3[nH]nc(NS(=O)(=O)Cc4ccncc4)c3C2)CO[C@@H]1c1cc(F)ccc1F	7.7447274948966935	<rdkit.Chem.rdchem.Mol object at 0x7f870f981e00>
3072	CHEMBL3736137	nM	0.3	N[C@H]1C[C@@H](N2Cc3[nH]nc(NS(=O)(=O)c4c[nH]cn4)c3C2)CO[C@@H]1c1cc(F)ccc1F	8.522878745280337	<rdkit.Chem.rdchem.Mol object at 0x7f870f981e70>
3073	CHEMBL3735917	nM	1.7	CS(=O)(=O)c1n[nH]c2c1CN([C@H]1CO[C@H](c3cc(F)ccc3F)[C@@H](N)C1)C2	7.769551078621726	<rdkit.Chem.rdchem.Mol object at 0x7f870f981ee0>
3074	CHEMBL3735694	nM	1.7	CC(C)S(=O)(=O)c1n[nH]c2c1CN([C@H]1CO[C@H](c3cc(F)ccc3F)[C@@H](N)C1)C2	7.769551078621726	<rdkit.Chem.rdchem.Mol object at 0x7f870f981f50>
3075	CHEMBL3735843	nM	0.4	N[C@H]1C[C@@H](N2Cc3[nH]nc(S(=O)(=O)c4ccccc4)c3C2)CO[C@@H]1c1cc(F)ccc1F	8.397940008672037	<rdkit.Chem.rdchem.Mol object at 0x7f870f981fc0>
3076	CHEMBL3736188	nM	2.3	N[C@H]1C[C@@H](N2Cc3cn(S(=O)(=O)C(F)(F)F)nc3C2)CO[C@@H]1c1cc(F)ccc1F	7.638272163982407	<rdkit.Chem.rdchem.Mol object at 0x7f870f982030>
3077	CHEMBL3735281	nM	1.8	CCS(=O)(=O)n1cc2c(n1)CN([C@H]1CO[C@H](c3cc(F)ccc3F)[C@@H](N)C1)C2	7.7447274948966935	<rdkit.Chem.rdchem.Mol object at 0x7f870f9820a0>
3078	CHEMBL3734912	nM	5.7	CCCS(=O)(=O)n1cc2c(n1)CN([C@H]1CO[C@H](c3cc(F)ccc3F)[C@@H](N)C1)C2	7.2441251443275085	<rdkit.Chem.rdchem.Mol object at 0x7f870f982110>
3079	CHEMBL3735865	nM	0.7	CC(C)S(=O)(=O)n1cc2c(n1)CN([C@H]1CO[C@H](c3cc(F)ccc3F)[C@@H](N)C1)C2	8.154901959985743	<rdkit.Chem.rdchem.Mol object at 0x7f870f982180>
3080	CHEMBL3736190	nM	0.7	N[C@H]1C[C@@H](N2Cc3cnn(S(=O)(=O)C4CC4)c3C2)CO[C@@H]1c1cc(F)ccc1F	8.154901959985743	<rdkit.Chem.rdchem.Mol object at 0x7f870f9821f0>
3081	CHEMBL3735329	nM	0.7	N[C@H]1C[C@@H](N2Cc3cn(S(=O)(=O)C4CC4)nc3C2)CO[C@@H]1c1cc(F)ccc1F	8.154901959985743	<rdkit.Chem.rdchem.Mol object at 0x7f870f982260>
3082	CHEMBL3645492	nM	1.349073756323204	N[C@H]1C[C@@H](N2Cc3cnn(S(=O)(=O)C4CCCC4)c3C2)CO[C@@H]1c1cc(F)ccc1F	7.869964306007462	<rdkit.Chem.rdchem.Mol object at 0x7f870f9822d0>
3083	CHEMBL3736085	nM	0.7	N[C@H]1C[C@@H](N2Cc3cn(S(=O)(=O)C4CCCC4)nc3C2)CO[C@@H]1c1cc(F)ccc1F	8.154901959985743	<rdkit.Chem.rdchem.Mol object at 0x7f870f982340>
3084	CHEMBL3735852	nM	4.9	Cn1cnc(S(=O)(=O)n2ncc3c2CN([C@H]2CO[C@H](c4cc(F)ccc4F)[C@@H](N)C2)C3)c1	7.309803919971486	<rdkit.Chem.rdchem.Mol object at 0x7f870f9823b0>
3085	CHEMBL3736423	nM	0.7	Cn1cnc(S(=O)(=O)n2cc3c(n2)CN([C@H]2CO[C@H](c4cc(F)ccc4F)[C@@H](N)C2)C3)c1	8.154901959985743	<rdkit.Chem.rdchem.Mol object at 0x7f870f982420>
3086	CHEMBL3736511	nM	2.3	N[C@H]1C[C@@H](N2Cc3cn(S(=O)(=O)c4ccccc4)nc3C2)CO[C@@H]1c1cc(F)ccc1F	7.638272163982407	<rdkit.Chem.rdchem.Mol object at 0x7f870f982490>
3087	CHEMBL3736067	nM	1.9	N[C@H]1C[C@@H](N2Cc3cn(S(=O)(=O)c4cccc(C(F)(F)F)c4)nc3C2)CO[C@@H]1c1cc(F)ccc1F	7.721246399047171	<rdkit.Chem.rdchem.Mol object at 0x7f870f982500>
3088	CHEMBL3736135	nM	1.4	CCC(=O)Nc1n[nH]c2c1CN([C@H]1CO[C@H](c3cc(F)ccc3F)[C@@H](N)C1)C2	7.853871964321762	<rdkit.Chem.rdchem.Mol object at 0x7f870f982570>
3089	CHEMBL3798441	nM	2600.0	C[C@H]1C[C@@H](C#N)N(C(=O)[C@@H](N)CC(=O)N2CCN(C(c3ccc(F)cc3)c3ccc(F)cc3)CC2)C1.O=C(O)C(F)(F)F.O=C(O)C(F)(F)F	4.585026652029182	<rdkit.Chem.rdchem.Mol object at 0x7f870f9825e0>
3090	CHEMBL3799388	nM	19400.0	CC1CCN(C(=O)[C@@H](N)CC(=O)N2CCN(C(c3ccc(F)cc3)c3ccc(F)cc3)CC2)C1.O=C(O)C(F)(F)F	3.712198270069774	<rdkit.Chem.rdchem.Mol object at 0x7f870f982650>
3091	CHEMBL3798777	nM	16200.0	CC[C@@H](C)[C@H](N)C(=O)N1CCC(C)C1.O=C(O)C(F)(F)F	3.7904849854573692	<rdkit.Chem.rdchem.Mol object at 0x7f870f9826c0>
3092	CHEMBL3797842	nM	680.0	C=C1C[C@@H](C#N)N(C(=O)[C@@H](N)CC(=O)N2CCN(C(c3ccc(F)cc3)c3ccc(F)cc3)CC2)C1.O=C(O)C(F)(F)F.O=C(O)C(F)(F)F	5.167491087293763	<rdkit.Chem.rdchem.Mol object at 0x7f870f982730>
3093	CHEMBL3800113	nM	34000.0	C=C1CCN(C(=O)[C@@H](N)CC(=O)N2CCN(C(c3ccc(F)cc3)c3ccc(F)cc3)CC2)C1.O=C(O)C(F)(F)F.O=C(O)C(F)(F)F	3.4685210829577446	<rdkit.Chem.rdchem.Mol object at 0x7f870f9827a0>
3094	CHEMBL3800380	nM	56000.0	CC[C@@H](C)[C@H](N)C(=O)N1Cc2conc2C1.O=C(O)C(F)(F)F	3.2518119729937993	<rdkit.Chem.rdchem.Mol object at 0x7f870f982810>
3095	CHEMBL3797299	nM	790.0	N#C[C@@H]1[C@@H]2C[C@@H]2CN1C(=O)[C@@H](N)CC(=O)N1CCN(C(c2ccc(F)cc2)c2ccc(F)cc2)CC1.O=C(O)C(F)(F)F	5.102372908709558	<rdkit.Chem.rdchem.Mol object at 0x7f870f982880>
3096	CHEMBL3799074	nM	4000.0	CC[C@@H](C)[C@H](N)C(=O)N1C[C@H]2C[C@H]2[C@H]1C#N.O=C(O)C(F)(F)F	4.3979400086720375	<rdkit.Chem.rdchem.Mol object at 0x7f870f9828f0>
3097	CHEMBL3804940	nM	8.6	Cc1ccn2nc3c(c2n1)CN([C@@H]1CO[C@H](c2cc(F)c(F)cc2F)[C@@H](N)C1)C3	7.0655015487564325	<rdkit.Chem.rdchem.Mol object at 0x7f870f982960>
3098	CHEMBL3805696	nM	289.0	Cc1ccnc2c3c(nn12)CN([C@@H]1CC[C@H](c2cc(F)c(F)cc2F)[C@@H](N)C1)C3	5.539102157243452	<rdkit.Chem.rdchem.Mol object at 0x7f870f9829d0>
3099	CHEMBL3805235	nM	44.0	Cc1ccnc2c3c(nn12)CN([C@@H]1CO[C@H](c2cc(F)c(F)cc2F)[C@@H](N)C1)C3	6.356547323513812	<rdkit.Chem.rdchem.Mol object at 0x7f870f982a40>
3100	CHEMBL3804854	nM	699.0	Cc1ccn2nc3c(c2n1)CN([C@@H]1CC[C@H](c2cc(F)c(F)cc2F)[C@@H](N)C1)C3	5.1555228242543185	<rdkit.Chem.rdchem.Mol object at 0x7f870f982ab0>
3101	CHEMBL3806164	nM	1170.0	N[C@H]1C[C@H](N2Cc3nn4cccnc4c3C2)CC[C@@H]1c1cc(F)ccc1F	4.931814138253839	<rdkit.Chem.rdchem.Mol object at 0x7f870f982b20>
3102	CHEMBL3806052	nM	0.12	N[C@H]1C[C@@H](N2Cc3nn4nccnc4c3C2)CO[C@@H]1c1cc(F)ccc1F	8.920818753952375	<rdkit.Chem.rdchem.Mol object at 0x7f870f982b90>
3103	CHEMBL3805353	nM	3.5	N[C@H]1C[C@@H](N2Cc3nn4cncnc4c3C2)CO[C@@H]1c1cc(F)ccc1F	7.455931955649724	<rdkit.Chem.rdchem.Mol object at 0x7f870f982c00>
3104	CHEMBL3806310	nM	0.6	Cc1cc(O)nc2c3c(nn12)CN([C@H]1CO[C@H](c2cc(F)c(F)cc2F)[C@@H](N)C1)C3	8.221848749616356	<rdkit.Chem.rdchem.Mol object at 0x7f870f982c70>
3105	CHEMBL3805154	nM	0.5	Cc1cc(O)n2nc3c(c2n1)CN([C@H]1CO[C@H](c2cc(F)c(F)cc2F)[C@@H](N)C1)C3	8.301029995663981	<rdkit.Chem.rdchem.Mol object at 0x7f870f982ce0>
3106	CHEMBL3804996	nM	1.9	Cc1cc(C(F)(F)F)nc2c3c(nn12)CN([C@H]1CC[C@H](c2cc(F)c(F)cc2F)[C@@H](N)C1)C3	7.721246399047171	<rdkit.Chem.rdchem.Mol object at 0x7f870f982d50>
3107	CHEMBL3805937	nM	1.4	N[C@H]1C[C@@H](N2Cc3nn4c(C(F)(F)F)ccnc4c3C2)CO[C@@H]1c1cc(F)c(F)cc1F	7.853871964321762	<rdkit.Chem.rdchem.Mol object at 0x7f870f982dc0>
3108	CHEMBL3805179	nM	1.1	N[C@H]1C[C@@H](N2Cc3nn4c(C(F)(F)F)ccnc4c3C2)CC[C@@H]1c1cc(F)c(F)cc1F	7.958607314841775	<rdkit.Chem.rdchem.Mol object at 0x7f870f982e30>
3109	CHEMBL3804950	nM	2.9	Cc1ccnc2c3c(nn12)CN([C@H]1CO[C@H](c2cc(F)ccc2F)[C@@H](N)C1)C3	7.537602002101044	<rdkit.Chem.rdchem.Mol object at 0x7f870f982ea0>
3110	CHEMBL3806021	nM	0.6	Cc1ccnc2c3c(nn12)CN([C@H]1CO[C@H](c2cc(F)c(F)cc2F)[C@@H](N)C1)C3	8.221848749616356	<rdkit.Chem.rdchem.Mol object at 0x7f870f982f10>
3111	CHEMBL3804994	nM	54.0	Cc1ccnc2c3c(nn12)CN([C@H]1CC[C@H](c2cc(F)c(F)cc2F)[C@@H](N)C1)C3	6.267606240177032	<rdkit.Chem.rdchem.Mol object at 0x7f870f982f80>
3112	CHEMBL3805502	nM	1.5	N[C@H]1C[C@@H](N2Cc3nn4ccc(C(F)(F)F)nc4c3C2)CO[C@@H]1c1cc(F)c(F)cc1F	7.823908740944319	<rdkit.Chem.rdchem.Mol object at 0x7f870f982ff0>
3113	CHEMBL3805871	nM	1.1	N[C@H]1C[C@@H](N2Cc3nn4ccc(C(F)(F)F)nc4c3C2)CC[C@@H]1c1cc(F)c(F)cc1F	7.958607314841775	<rdkit.Chem.rdchem.Mol object at 0x7f870f983060>
3114	CHEMBL3805400	nM	1.5	Cc1ccn2nc3c(c2n1)CN([C@H]1CO[C@H](c2cc(F)ccc2F)[C@@H](N)C1)C3	7.823908740944319	<rdkit.Chem.rdchem.Mol object at 0x7f870f9830d0>
3115	CHEMBL3805751	nM	0.5	Cc1ccn2nc3c(c2n1)CN([C@H]1CO[C@H](c2cc(F)c(F)cc2F)[C@@H](N)C1)C3	8.301029995663981	<rdkit.Chem.rdchem.Mol object at 0x7f870f983140>
3116	CHEMBL3806239	nM	155.0	Cc1ccn2nc3c(c2n1)CN([C@H]1CC[C@H](c2cc(F)c(F)cc2F)[C@@H](N)C1)C3	5.809668301829708	<rdkit.Chem.rdchem.Mol object at 0x7f870f9831b0>
3117	CHEMBL3806216	nM	0.7	N[C@H]1C[C@@H](N2Cc3nn4cccnc4c3C2)CO[C@@H]1c1cc(F)ccc1F	8.154901959985743	<rdkit.Chem.rdchem.Mol object at 0x7f870f983220>
3118	CHEMBL3806003	nM	3.7	N[C@H]1C[C@@H](N2Cc3nn4cccnc4c3C2)CC[C@@H]1c1cc(F)c(F)cc1F	7.431798275933005	<rdkit.Chem.rdchem.Mol object at 0x7f870f983290>
3119	CHEMBL3806026	nM	7.3	N[C@H]1C[C@@H](N2Cc3nn4cccnc4c3C2)CC[C@@H]1c1cc(F)ccc1F	7.136677139879544	<rdkit.Chem.rdchem.Mol object at 0x7f870f983300>
3120	CHEMBL3805346	nM	1.7	N[C@H]1C[C@@H](N2Cc3cnc4nc(C5CC5)nn4c3C2)CC[C@@H]1c1cc(F)c(F)cc1F	7.769551078621726	<rdkit.Chem.rdchem.Mol object at 0x7f870f983370>
3121	CHEMBL3806041	nM	0.24	N[C@H]1C[C@@H](N2Cc3cnc4nnc(C5CC5)n4c3C2)CC[C@@H]1c1cc(F)c(F)cc1F	8.619788758288394	<rdkit.Chem.rdchem.Mol object at 0x7f870f9833e0>
3122	CHEMBL3805629	nM	0.23	Cc1nc2ncc3c(n2n1)CN([C@H]1CC[C@H](c2cc(F)c(F)cc2F)[C@@H](N)C1)C3	8.638272163982407	<rdkit.Chem.rdchem.Mol object at 0x7f870f983450>
3123	CHEMBL3806023	nM	0.56	Cc1nnc2ncc3c(n12)CN([C@H]1CC[C@H](c2cc(F)c(F)cc2F)[C@@H](N)C1)C3	8.2518119729938	<rdkit.Chem.rdchem.Mol object at 0x7f870f9834c0>
3124	CHEMBL3806029	nM	0.7	Cc1cc2ncc3c(n2n1)CN([C@H]1CO[C@H](c2cc(F)c(F)cc2F)[C@@H](N)C1)C3	8.154901959985743	<rdkit.Chem.rdchem.Mol object at 0x7f870f983530>
3125	CHEMBL3805966	nM	0.14	Cc1cc2ncc3c(n2n1)CN([C@H]1CC[C@H](c2cc(F)c(F)cc2F)[C@@H](N)C1)C3	8.853871964321762	<rdkit.Chem.rdchem.Mol object at 0x7f870f9835a0>
3126	CHEMBL3806179	nM	16.0	Cc1cc2ncc3c(n2n1)CN([C@@H]1CC[C@H](c2cc(F)ccc2F)[C@@H](N)C1)C3	6.795880017344075	<rdkit.Chem.rdchem.Mol object at 0x7f870f983610>
3127	CHEMBL3805294	nM	0.7	Cc1cc2ncc3c(n2n1)CN([C@H]1CO[C@H](c2cc(F)ccc2F)[C@@H](N)C1)C3	8.154901959985743	<rdkit.Chem.rdchem.Mol object at 0x7f870f983680>
3128	CHEMBL3806157	nM	0.6	Cc1cc2ncc3c(n2n1)CN([C@H]1CC[C@H](c2cc(F)ccc2F)[C@@H](N)C1)C3	8.221848749616356	<rdkit.Chem.rdchem.Mol object at 0x7f870f9836f0>
3129	CHEMBL3804982	nM	26.0	Cc1cc2nc3c(cn2n1)CN([C@@H]1CC[C@H](c2cc(F)ccc2F)[C@@H](N)C1)C3	6.585026652029182	<rdkit.Chem.rdchem.Mol object at 0x7f870f983760>
3130	CHEMBL3805226	nM	1.1	Cc1cc2nc3c(cn2n1)CN([C@H]1CC[C@H](c2cc(F)ccc2F)[C@@H](N)C1)C3	7.958607314841775	<rdkit.Chem.rdchem.Mol object at 0x7f870f9837d0>
3131	CHEMBL3687982	nM	624.9999999999998	CCN1C(=O)Cn2c1nc1nc(N3CCC[C@@H](N)C3)n(Cc3cc(F)ccc3F)c1c2=O	5.204119982655925	<rdkit.Chem.rdchem.Mol object at 0x7f870f983840>
3132	CHEMBL3687983	nM	11.199999999999998	CCN1C(=O)Cn2c1nc1nc(N3CCC[C@@H](N)C3)n(Cc3cc(F)ccc3C(F)(F)F)c1c2=O	6.950781977329818	<rdkit.Chem.rdchem.Mol object at 0x7f870f9838b0>
3133	CHEMBL3813856	nM	13.5	CCN1C(=O)Cn2c1nc1nc(N3CCC[C@@H](N)C3)n(Cc3cc(F)ccc3C#N)c1c2=O	6.8696662315049934	<rdkit.Chem.rdchem.Mol object at 0x7f870f983920>
3134	CHEMBL3687979	nM	156.0	CN1C(=O)Cn2c1nc1nc(N3CCC[C@@H](N)C3)n(Cc3cc(F)ccc3F)c1c2=O	5.806875401645538	<rdkit.Chem.rdchem.Mol object at 0x7f870f983990>
3135	CHEMBL3687977	nM	27.400000000000002	CN1C(=O)Cn2c1nc1nc(N3CCC[C@@H](N)C3)n(Cc3cc(F)ccc3C(F)(F)F)c1c2=O	6.562249437179612	<rdkit.Chem.rdchem.Mol object at 0x7f870f983a00>
3136	CHEMBL3687984	nM	1.7	CN1C(=O)Cn2c1nc1nc(N3CCC[C@@H](N)C3)n(Cc3cc(F)ccc3C#N)c1c2=O	7.769551078621726	<rdkit.Chem.rdchem.Mol object at 0x7f870f983a70>
3137	CHEMBL3687978	nM	10.6	CN1C(=O)Cn2c1nc1nc(N3CCC[C@@H](N)C3)n(Cc3ccccc3C#N)c1c2=O	6.97469413473523	<rdkit.Chem.rdchem.Mol object at 0x7f870f983ae0>
3138	CHEMBL3687980	nM	122.99999999999994	CC#CCn1c(N2CCC[C@@H](N)C2)nc2nc3n(c(=O)c21)CC(=O)N3C	5.910094888560602	<rdkit.Chem.rdchem.Mol object at 0x7f870f983b50>
3139	CHEMBL584162	nM	14130.0	COc1cc([C@H]2Oc3ccc4ccc(=O)oc4c3O[C@@H]2CO)cc(OC)c1O	3.8498578381514412	<rdkit.Chem.rdchem.Mol object at 0x7f870f983bc0>
3140	CHEMBL3952716	nM	206.71	N[C@@H]1Cc2c(ccc3ccc(=O)oc23)O[C@H]1c1cc(F)c(F)cc1F	5.684638513020665	<rdkit.Chem.rdchem.Mol object at 0x7f870f983c30>
3141	CHEMBL3926320	nM	110.09999999999995	N[C@@H]1Cc2c(ccc3ccccc23)O[C@H]1c1cc(F)c(F)cc1F	5.9582126810282485	<rdkit.Chem.rdchem.Mol object at 0x7f870f983ca0>
3142	CHEMBL3928073	nM	14.950000000000001	COc1ccc2ccc3c(c2c1)C[C@H](N)[C@@H](c1cc(F)c(F)cc1F)O3	6.825358807339551	<rdkit.Chem.rdchem.Mol object at 0x7f870f983d10>
3143	CHEMBL3919178	nM	216.2	N[C@@H]1Cc2c(ccc3ccc(Br)cc23)O[C@H]1c1cc(F)c(F)cc1F	5.665144310382709	<rdkit.Chem.rdchem.Mol object at 0x7f870f983d80>
3144	CHEMBL3942715	nM	205.2	N#Cc1ccc2ccc3c(c2c1)C[C@@H](N)[C@H](c1cc(F)c(F)cc1F)O3	5.687822643560222	<rdkit.Chem.rdchem.Mol object at 0x7f870f983df0>
3145	CHEMBL3910262	nM	14.6	CS(=O)(=O)c1cccc(-c2ccc3ccc4c(c3c2)C[C@@H](N)[C@H](c2cc(F)c(F)cc2F)O4)c1	6.835647144215563	<rdkit.Chem.rdchem.Mol object at 0x7f870f983e60>
3146	CHEMBL3929146	nM	813.4400000000002	COc1ccc2c3c(ccc2c1)O[C@@H](c1cc(F)c(F)cc1F)[C@H](N)C3	5.089674475462105	<rdkit.Chem.rdchem.Mol object at 0x7f870f983ed0>
3147	CHEMBL3892233	nM	39.2	N[C@@H]1Cc2c(ccc3cc(Br)ccc23)O[C@H]1c1cc(F)c(F)cc1F	6.406713932979542	<rdkit.Chem.rdchem.Mol object at 0x7f870f983f40>
3148	CHEMBL3920234	nM	8.42	N#Cc1ccc2c3c(ccc2c1)O[C@@H](c1cc(F)c(F)cc1F)[C@H](N)C3	7.0746879085003505	<rdkit.Chem.rdchem.Mol object at 0x7f870f984040>
3149	CHEMBL3950517	nM	17.65	N[C@H]1Cc2c(ccc3cc(C(=O)O)ccc23)O[C@@H]1c1cc(F)c(F)cc1F	6.753255290276159	<rdkit.Chem.rdchem.Mol object at 0x7f870f9840b0>
3150	CHEMBL3890161	nM	70.42	N[C@H]1Cc2c(ccc3cc(N4CCOCC4)ccc23)O[C@@H]1c1cc(F)c(F)cc1F	6.1523039792658345	<rdkit.Chem.rdchem.Mol object at 0x7f870f984120>
3151	CHEMBL3959221	nM	8.91	CS(=O)(=O)Nc1ccc2c3c(ccc2c1)O[C@H](c1cc(F)c(F)cc1F)[C@@H](N)C3	7.050122295963125	<rdkit.Chem.rdchem.Mol object at 0x7f870f984190>
3152	CHEMBL3932825	nM	5.8	CS(=O)(=O)c1ccc2c3c(ccc2c1)O[C@H](c1cc(F)c(F)cc1F)[C@@H](N)C3	7.236572006437063	<rdkit.Chem.rdchem.Mol object at 0x7f870f984200>
3153	CHEMBL3952691	nM	78.33	COc1ccc2ccc3c(c2c1)C[C@H](N)[C@@H](c1ccc(F)cc1F)O3	6.1060718734573936	<rdkit.Chem.rdchem.Mol object at 0x7f870f984270>
3154	CHEMBL3981442	nM	563.9	COc1ccc2ccc3c(c2c1)C[C@H](N)[C@@H](c1ccccc1F)O3	5.248797905411647	<rdkit.Chem.rdchem.Mol object at 0x7f870f9842e0>
3155	CHEMBL3934008	nM	32.64	COc1ccc2ccc3c(c2c1)C[C@H](N)[C@@H](c1cc(F)ccc1F)O3	6.486249849918177	<rdkit.Chem.rdchem.Mol object at 0x7f870f984350>
3156	CHEMBL3892398	nM	121.56	COc1ccc2ccc3c(c2c1)C[C@H](N)[C@@H](c1cccc(F)c1)O3	5.915209308592095	<rdkit.Chem.rdchem.Mol object at 0x7f870f9843c0>
3157	CHEMBL3972474	nM	337.8	COc1ccc2ccc3c(c2c1)C[C@H](N)[C@@H](c1ccccc1Cl)O3	5.47134035476501	<rdkit.Chem.rdchem.Mol object at 0x7f870f984430>
3158	CHEMBL3955701	nM	2930.0	COc1ccc2ccc3c(c2c1)C[C@@H](N)[C@H](c1cc(F)c(F)cc1F)O3	4.533132379645891	<rdkit.Chem.rdchem.Mol object at 0x7f870f9844a0>
3159	CHEMBL3901191	nM	19.64	COc1ccc2c3c(ccc2c1)O[C@H](c1cc(F)c(F)cc1F)[C@@H](N)C3	6.706858516549069	<rdkit.Chem.rdchem.Mol object at 0x7f870f984510>
3160	CHEMBL3979508	nM	5.17	N[C@H]1Cc2c(ccc3cc(Br)ccc23)O[C@@H]1c1cc(F)c(F)cc1F	7.286509456906058	<rdkit.Chem.rdchem.Mol object at 0x7f870f984580>
3161	CHEMBL3941804	nM	2.06	COc1cc2ccc3c(c2cc1OC)C[C@H](N)[C@@H](c1cc(F)c(F)cc1F)O3	7.686132779630847	<rdkit.Chem.rdchem.Mol object at 0x7f870f9845f0>
3162	CHEMBL3942843	nM	6.13	COc1cc2c3c(ccc2cc1NS(C)(=O)=O)O[C@H](c1cc(F)c(F)cc1F)[C@@H](N)C3	7.212539525481585	<rdkit.Chem.rdchem.Mol object at 0x7f870f984660>
3163	CHEMBL3944427	nM	1.9	COc1cc2c3c(ccc2cc1S(C)(=O)=O)O[C@H](c1cc(F)c(F)cc1F)[C@@H](N)C3	7.721246399047171	<rdkit.Chem.rdchem.Mol object at 0x7f870f9846d0>
3164	CHEMBL3968332	nM	50860.0	Cc1cc(=O)oc2c3c(ccc12)O[C@@H](c1cc(F)c(F)cc1F)[C@@H](N)C3	3.2936236441603097	<rdkit.Chem.rdchem.Mol object at 0x7f870f984740>
3165	CHEMBL3929764	nM	21520.0	Cc1cc(=O)oc2c3c(ccc12)O[C@H](c1cc(F)c(F)cc1F)[C@H](N)C3	3.6671577330056486	<rdkit.Chem.rdchem.Mol object at 0x7f870f9847b0>
3166	CHEMBL3959577	nM	159.92185591719482	Cc1cc(=O)oc2c3c(ccc12)O[C@H](c1cc(F)c(F)cc1F)[C@@H](N)C3	5.796092178807901	<rdkit.Chem.rdchem.Mol object at 0x7f870f984820>
3167	CHEMBL3971196	nM	13070.0	Cc1cc(=O)oc2c3c(ccc12)O[C@@H](c1cc(F)c(F)cc1F)[C@H](N)C3	3.883724412419456	<rdkit.Chem.rdchem.Mol object at 0x7f870f984890>
3168	CHEMBL3945617	nM	800.0	CC#CCn1c(N2CCC[C@@H](N)C2)nc2c1c(=O)n(CCCN1CCC(C(=O)Nc3ccc(C#N)cc3)CC1)c(=O)n2C	5.096910013008056	<rdkit.Chem.rdchem.Mol object at 0x7f870f984900>
3169	CHEMBL3924059	nM	770.0	CC#CCn1c(N2CCC[C@@H](N)C2)nc2c1c(=O)n(CCCN1CCC(C(=O)Nc3ccc(Br)cc3)CC1)c(=O)n2C	5.113509274827518	<rdkit.Chem.rdchem.Mol object at 0x7f870f984970>
3170	CHEMBL3896047	nM	360.0	CC#CCn1c(N2CCC[C@@H](N)C2)nc2c1c(=O)n(CCCN1CCC(C(=O)Nc3ccc(Cl)cc3)CC1)c(=O)n2C	5.443697499232712	<rdkit.Chem.rdchem.Mol object at 0x7f870f9849e0>
3171	CHEMBL3915044	nM	510.0	CC#CCn1c(N2CCC[C@@H](N)C2)nc2c1c(=O)n(CCCN1CCC(C(=O)Nc3ccc(F)cc3)CC1)c(=O)n2C	5.292429823902063	<rdkit.Chem.rdchem.Mol object at 0x7f870f984a50>
3172	CHEMBL3984849	nM	120.0	CC#CCn1c(N2CCC[C@@H](N)C2)nc2c1c(=O)n(CCCN1CCC(C(=O)Nc3ccc(OC)cc3)CC1)c(=O)n2C	5.920818753952375	<rdkit.Chem.rdchem.Mol object at 0x7f870f984ac0>
3173	CHEMBL3898220	nM	300.0	CC#CCn1c(N2CCC[C@@H](N)C2)nc2c1c(=O)n(CCCN1CCC(C(=O)Nc3ccc(C)cc3)CC1)c(=O)n2C	5.522878745280337	<rdkit.Chem.rdchem.Mol object at 0x7f870f984b30>
3174	CHEMBL3976778	nM	220.0	CC#CCn1c(N2CCC[C@@H](N)C2)nc2c1c(=O)n(CCCN1CCC(C(=O)Nc3ccccc3)CC1)c(=O)n2C	5.657577319177793	<rdkit.Chem.rdchem.Mol object at 0x7f870f984ba0>
3175	CHEMBL3897118	nM	260.0	CC#CCn1c(N2CCC[C@@H](N)C2)nc2c1c(=O)n(CCCN1CCC(C(=O)N(C)C)CC1)c(=O)n2C	5.585026652029182	<rdkit.Chem.rdchem.Mol object at 0x7f870f984c10>
3176	CHEMBL3968249	nM	280.0	CC#CCn1c(N2CCC[C@@H](N)C2)nc2c1c(=O)n(CCCN1CCC(C(=O)Oc3ccccc3)CC1)c(=O)n2C	5.552841968657781	<rdkit.Chem.rdchem.Mol object at 0x7f870f984c80>
3177	CHEMBL3979866	nM	360.0	CC#CCn1c(N2CCC[C@@H](N)C2)nc2c1c(=O)n(CCCN1CCC(C(=O)OC3CCCCC3)CC1)c(=O)n2C	5.443697499232712	<rdkit.Chem.rdchem.Mol object at 0x7f870f984cf0>
3178	CHEMBL3899590	nM	890.0	CC#CCn1c(N2CCC[C@@H](N)C2)nc2c1c(=O)n(CCCN1CCC(C(=O)OC3CCCC3)CC1)c(=O)n2C	5.050609993355088	<rdkit.Chem.rdchem.Mol object at 0x7f870f984d60>
3179	CHEMBL3972227	nM	610.0	CC#CCn1c(N2CCC[C@@H](N)C2)nc2c1c(=O)n(CCCN1CCC(C(=O)OC3CCC3)CC1)c(=O)n2C	5.214670164989233	<rdkit.Chem.rdchem.Mol object at 0x7f870f984dd0>
3180	CHEMBL3933623	nM	500.0	CC#CCn1c(N2CCC[C@@H](N)C2)nc2c1c(=O)n(CCCN1CCC(C(=O)OCCC)CC1)c(=O)n2C	5.301029995663981	<rdkit.Chem.rdchem.Mol object at 0x7f870f984e40>
3181	CHEMBL3980269	nM	140.0	CC#CCn1c(N2CCC[C@@H](N)C2)nc2c1c(=O)n(CCCN1CCC(C(=O)OCC)CC1)c(=O)n2C	5.853871964321762	<rdkit.Chem.rdchem.Mol object at 0x7f870f984eb0>
3182	CHEMBL3910158	nM	250.0	CC#CCn1c(N2CCC[C@@H](N)C2)nc2c1c(=O)n(CCCN1CCC(C(=O)OC)CC1)c(=O)n2C	5.6020599913279625	<rdkit.Chem.rdchem.Mol object at 0x7f870f984f20>
3183	CHEMBL3927979	nM	2600.0	CC#CCn1c(N2CCCNCC2)nc2c1c(=O)n(CCCN1CCC(C(=O)OC(C)C)CC1)c(=O)n2C	4.585026652029182	<rdkit.Chem.rdchem.Mol object at 0x7f870f984f90>
3184	CHEMBL3909049	nM	5400.0	CC#CCn1c(N2CCNCC2)nc2c1c(=O)n(CCCN1CCC(C(=O)OC(C)C)CC1)c(=O)n2C	4.267606240177032	<rdkit.Chem.rdchem.Mol object at 0x7f870f985000>
3185	CHEMBL3920718	nM	400.0	CC#CCn1c(N2CCC[C@@H](N)C2)nc2c1c(=O)n(CCCCN1CCC(C(=O)OC(C)C)CC1)c(=O)n2C	5.3979400086720375	<rdkit.Chem.rdchem.Mol object at 0x7f870f985070>
3186	CHEMBL3892718	nM	140.0	CC#CCn1c(N2CCC[C@@H](N)C2)nc2c1c(=O)n(CCCN1CCC(C(=O)OC(C)C)CC1)c(=O)n2C	5.853871964321762	<rdkit.Chem.rdchem.Mol object at 0x7f870f9850e0>
3187	CHEMBL3929627	nM	760.0	CC#CCn1c(N2CCC[C@@H](N)C2)nc2c1c(=O)n(CCN1CCC(C(=O)OC(C)C)CC1)c(=O)n2C	5.119186407719209	<rdkit.Chem.rdchem.Mol object at 0x7f870f985150>
3188	CHEMBL3901674	nM	250.0	CC#CCn1c(N2CCC[C@@H](N)C2)nc2c1c(=O)n(CCCCC1CCN(C(=O)OC(C)C)CC1)c(=O)n2C	5.6020599913279625	<rdkit.Chem.rdchem.Mol object at 0x7f870f9851c0>
3189	CHEMBL3902771	nM	73.0	CC#CCn1c(N2CCC[C@@H](N)C2)nc2c1c(=O)n(CCCC1CCN(C(=O)OC(C)C)CC1)c(=O)n2C	6.136677139879544	<rdkit.Chem.rdchem.Mol object at 0x7f870f985230>
3190	CHEMBL3973741	nM	950.0	CC#CCn1c(N2CCC[C@@H](N)C2)nc2c1c(=O)n(CCC1CCN(C(=O)OC(C)C)CC1)c(=O)n2C	5.022276394711152	<rdkit.Chem.rdchem.Mol object at 0x7f870f9852a0>
3191	CHEMBL3911786	nM	5000.0	CC#CCn1c(N2CCC[C@@H](N)C2)nc2c1c(=O)n(CC1CCN(C(=O)OC(C)C)CC1)c(=O)n2C	4.301029995663981	<rdkit.Chem.rdchem.Mol object at 0x7f870f985310>
3192	CHEMBL3704833	nM	1.0	N#CC1CCCN1C(=O)CNCC(O)COc1ccccc1	8.0	<rdkit.Chem.rdchem.Mol object at 0x7f870f985380>
3193	CHEMBL3645490	nM	2.5	CS(=O)(=O)n1cc2c(n1)CN([C@H]1COC(c3cc(F)ccc3F)[C@@H](N)C1)C2	7.6020599913279625	<rdkit.Chem.rdchem.Mol object at 0x7f870f9853f0>
3194	CHEMBL3645491	nM	2.2	CS(=O)(=O)n1cc2c(n1)CN([C@H]1COC(c3cc(F)c(F)cc3F)[C@@H](N)C1)C2	7.657577319177793	<rdkit.Chem.rdchem.Mol object at 0x7f870f985460>
3195	CHEMBL3645496	nM	1.9	N[C@H]1C[C@@H](N2Cc3cn(S(=O)(=O)C4CC4)nc3C2)COC1c1cc(F)c(F)cc1F	7.721246399047171	<rdkit.Chem.rdchem.Mol object at 0x7f870f9854d0>
3196	CHEMBL3645493	nM	1.6	N[C@H]1C[C@@H](N2Cc3cn(S(=O)(=O)C4CCCC4)nc3C2)COC1c1cc(F)ccc1F	7.795880017344075	<rdkit.Chem.rdchem.Mol object at 0x7f870f985540>
3197	CHEMBL3645497	nM	1.0	N[C@H]1C[C@@H](N2Cc3cn(S(=O)(=O)C4CC4)nc3C2)COC1c1cc(F)ccc1F	8.0	<rdkit.Chem.rdchem.Mol object at 0x7f870f9855b0>
3198	CHEMBL3645494	nM	1.3	N[C@H]1C[C@@H](N2Cc3cn(S(=O)(=O)C4CCCC4)nc3C2)COC1c1cc(F)c(F)cc1F	7.886056647693163	<rdkit.Chem.rdchem.Mol object at 0x7f870f985620>
3199	CHEMBL3645495	nM	1.6	N[C@H]1C[C@@H](N2Cc3cnn(S(=O)(=O)C4CC4)c3C2)COC1c1cc(F)ccc1F	7.795880017344075	<rdkit.Chem.rdchem.Mol object at 0x7f870f985690>
3200	CHEMBL3675618	nM	0.42	CC#CCn1c(N2CCC[C@@H](N)C2)nc2c1C(=O)N(Cc1nc(C)c3ccccc3n1)C1=NCCN12	8.3767507096021	<rdkit.Chem.rdchem.Mol object at 0x7f870f985700>
3201	CHEMBL3675619	nM	10.0	[C-]#[N+]c1ccc(CN2C(=O)c3c(nc(N4CCC[C@@H](N)C4)n3CC#CC)N3CCN=C23)cc1	7.0	<rdkit.Chem.rdchem.Mol object at 0x7f870f985770>
3202	CHEMBL3675620	nM	43.49999999999999	Cc1nc(CN2C(=O)c3c(nc(N4CCC[C@@H](N)C4)n3Cc3cc(F)ccc3F)N3CCN=C23)nc2ccccc12	6.361510743045363	<rdkit.Chem.rdchem.Mol object at 0x7f870f9857e0>
3203	CHEMBL3675621	nM	99.0	Cc1nc(CN2C(=O)c3c(nc(N4CCC[C@@H](N)C4)n3Cc3cc(F)ccc3C#N)N3CCCN=C23)nc2ccccc12	6.00436480540245	<rdkit.Chem.rdchem.Mol object at 0x7f870f985850>
3204	CHEMBL3675622	nM	1.28	CC#CCn1c(N2CCC[C@@H](N)C2)nc2c1C(=O)N(Cc1nc(C)c3ccccc3n1)C1=NCCCN12	7.892790030352131	<rdkit.Chem.rdchem.Mol object at 0x7f870f9858c0>
3205	CHEMBL3675623	nM	539.0000000000002	Cc1nc(CN2C(=O)c3c(nc(N4CCC[C@@H](N)C4)n3C)N3CCN=C23)nc2ccccc12	5.268411234813261	<rdkit.Chem.rdchem.Mol object at 0x7f870f985930>
3206	CHEMBL3675624	nM	1.61	CC(C)=CCn1c(N2CCC[C@@H](N)C2)nc2c1C(=O)N(Cc1nc(C)c3ccccc3n1)C1=NCCN12	7.79317412396815	<rdkit.Chem.rdchem.Mol object at 0x7f870f9859a0>
3207	CHEMBL3675625	nM	19.299999999999997	Cc1nc(CN2C(=O)c3c(nc(N4CCC[C@@H](N)C4)n3Cc3cccc(F)c3)N3CCN=C23)nc2ccccc12	6.714442690992226	<rdkit.Chem.rdchem.Mol object at 0x7f870f985a10>
3208	CHEMBL3675626	nM	32.0	Cc1nc(CN2C(=O)c3c(nc(N4CCC[C@@H](N)C4)n3Cc3ccccc3)N3CCN=C23)nc2ccccc12	6.494850021680094	<rdkit.Chem.rdchem.Mol object at 0x7f870f985a80>
3209	CHEMBL3675627	nM	8.15	Cc1nc(CN2C(=O)c3c(nc(N4CCC[C@@H](N)C4)n3CC3CC3)N3CCN=C23)nc2ccccc12	7.088842391260023	<rdkit.Chem.rdchem.Mol object at 0x7f870f985af0>
3210	CHEMBL3675628	nM	38.599999999999994	CC#CCn1c(N2CCC[C@@H](N)C2)nc2c1C(=O)N(Cc1ccc(OC)cc1)C1=NCCCN12	6.413412695328245	<rdkit.Chem.rdchem.Mol object at 0x7f870f985b60>
3211	CHEMBL3675629	nM	6112.999999999998	CC#CCn1c(N2CCC[C@@H](N)C2)nc2c1C(=O)NC1=NCCCN12	4.21374560421022	<rdkit.Chem.rdchem.Mol object at 0x7f870f985bd0>
3212	CHEMBL3675630	nM	44.29999999999999	CC#CCn1c(N2CCC[C@@H](N)C2)nc2c1C(=O)N(Cc1cccc3ccccc13)C1=NCCCN12	6.3535962737769305	<rdkit.Chem.rdchem.Mol object at 0x7f870f985c40>
3213	CHEMBL3675631	nM	11.0	CC#CCn1c(N2CCC[C@@H](N)C2)nc2c1C(=O)N(Cc1nccc(C#N)n1)C1=NCCN12	6.958607314841775	<rdkit.Chem.rdchem.Mol object at 0x7f870f985cb0>
3214	CHEMBL3675632	nM	9.31	CC#CCn1c(N2CCC[C@@H](N)C2)nc2c1C(=O)N(Cc1ccccc1C#N)C1=NCCN12	7.031050319018657	<rdkit.Chem.rdchem.Mol object at 0x7f870f985d20>
3215	CHEMBL3675633	nM	29.0	Cc1nc(CN2C(=O)c3c(nc(N4CCC[C@@H](N)C4)n3Cc3sccc3F)N3CCN=C23)nc2ccccc12	6.5376020021010435	<rdkit.Chem.rdchem.Mol object at 0x7f870f985d90>
3216	CHEMBL3675634	nM	14.1	Cc1nc(CN2C(=O)c3c(nc(N4CCC[C@@H](N)C4)n3CC3CC3(F)F)N3CCN=C23)nc2ccccc12	6.85078088734462	<rdkit.Chem.rdchem.Mol object at 0x7f870f985e00>
3217	CHEMBL3675635	nM	29.199999999999992	Cc1nc(CN2C(=O)c3c(nc(N4CCC[C@@H](N)C4)n3CC3CCC3)N3CCN=C23)nc2ccccc12	6.534617148551582	<rdkit.Chem.rdchem.Mol object at 0x7f870f985e70>
3218	CHEMBL3675636	nM	82.20000000000003	Cc1nc(CN2C(=O)c3c(nc(N4CCC[C@@H](N)C4)n3Cc3ccccc3C#N)N3CCN=C23)nc2ccccc12	6.0851281824599495	<rdkit.Chem.rdchem.Mol object at 0x7f870f985ee0>
3219	CHEMBL3675637	nM	1.0	CC#CCn1c(N2CCC[C@@H](N)C2)nc2c1C(=O)N(Cc1nc(C)c3ccccc3n1)C1=N[C@@H](C)CN12	8.0	<rdkit.Chem.rdchem.Mol object at 0x7f870f985f50>
3220	CHEMBL3680628	nM	6.0	CC#CCn1c(N2CCCC(NC(=O)OC(C)(C)C)C2)nc2c1c(=O)n(Cc1nc(NCc3ccccc3)c3ccccc3n1)c(=O)n2C	7.221848749616356	<rdkit.Chem.rdchem.Mol object at 0x7f870f985fc0>
3221	CHEMBL3680629	nM	6.0	CC#CCn1c(N2CCC[C@@H](NC(=O)OC(C)(C)C)C2)nc2c1c(=O)n(Cc1cc(C#N)cc3ccccc13)c(=O)n2C	7.221848749616356	<rdkit.Chem.rdchem.Mol object at 0x7f870f986030>
3222	CHEMBL3680630	nM	9.0	CC#CCn1c(N2CCC[C@@H](NC(=O)OC(C)(C)C)C2)nc2c1c(=O)n(Cc1nc(-c3ccccc3)nc3ccccc13)c(=O)n2C	7.045757490560675	<rdkit.Chem.rdchem.Mol object at 0x7f870f9860a0>
3223	CHEMBL3680631	nM	2.0	CC#CCn1c(N2CCC[C@@H](NC(=O)OC(C)(C)C)C2)nc2c1c(=O)n(Cc1cc(C#N)c3ccccc3n1)c(=O)n2C	7.698970004336019	<rdkit.Chem.rdchem.Mol object at 0x7f870f986110>
3224	CHEMBL3680632	nM	5.0	CC#CCn1c(N2CCC[C@@H](NC(=O)OC(C)(C)C)C2)nc2c1c(=O)n(CC(=O)c1cccc(OC3CC3)c1)c(=O)n2C	7.301029995663981	<rdkit.Chem.rdchem.Mol object at 0x7f870f986180>
3225	CHEMBL3680633	nM	2.0	CC#CCn1c(N2CCC[C@@H](NC(=O)OC(C)(C)C)C2)nc2c1c(=O)n(Cc1ccc3nc(C)c(C)nc3c1)c(=O)n2C	7.698970004336019	<rdkit.Chem.rdchem.Mol object at 0x7f870f9861f0>
3226	CHEMBL3680634	nM	2.0	CC#CCn1c(N2CCC[C@@H](NC(=O)OC(C)(C)C)C2)nc2c1c(=O)n(CC(=O)c1ccccc1Br)c(=O)n2C	7.698970004336019	<rdkit.Chem.rdchem.Mol object at 0x7f870f986260>
3227	CHEMBL3680635	nM	2.0	CC#CCn1c(N2CCC[C@@H](NC(=O)OC(C)(C)C)C2)nc2c1c(=O)n(Cc1nc3ccccc3c(C)c1C#N)c(=O)n2C	7.698970004336019	<rdkit.Chem.rdchem.Mol object at 0x7f870f9862d0>
3228	CHEMBL3680636	nM	2.0	CC#CCn1c(N2CCC[C@@H](NC(=O)OC(C)(C)C)C2)nc2c1c(=O)n(Cc1nccc(-c3ccccc3)n1)c(=O)n2C	7.698970004336019	<rdkit.Chem.rdchem.Mol object at 0x7f870f986340>
3229	CHEMBL3680637	nM	3.0	CC#CCn1c(N2CCC[C@@H](NC(=O)OC(C)(C)C)C2)nc2c1c(=O)n(CC(=O)c1ccccc1[N+](=O)[O-])c(=O)n2C	7.522878745280337	<rdkit.Chem.rdchem.Mol object at 0x7f870f9863b0>
3230	CHEMBL3694421	nM	6.8	CS(=O)(=O)n1cc2c(n1)CN([C@H]1CNC(c3cc(F)ccc3F)[C@@H](N)C1)C2	7.167491087293763	<rdkit.Chem.rdchem.Mol object at 0x7f870f986420>
3231	CHEMBL3694422	nM	0.7	N[C@H]1C[C@@H](N2Cc3cn(S(=O)(=O)C4CC4)nc3C2)CNC1c1cc(F)c(F)cc1F	8.154901959985743	<rdkit.Chem.rdchem.Mol object at 0x7f870f986490>
3232	CHEMBL3694423	nM	4.3	CS(=O)(=O)n1cc2c(n1)CN([C@@H]1C[C@H](N)C(c3cc(F)ccc3F)N(CC(N)=O)C1)C2	7.366531544420414	<rdkit.Chem.rdchem.Mol object at 0x7f870f986500>
3233	CHEMBL3694424	nM	1.0	N[C@H]1C[C@@H](N2Cc3cn[nH]c3C2)CN(CC(=O)N2CC[C@@H](F)C2)C1c1cc(F)ccc1F	8.0	<rdkit.Chem.rdchem.Mol object at 0x7f870f986570>
3234	CHEMBL3697938	nM	0.9	CN1C[C@H](N2Cc3cn(S(C)(=O)=O)nc3C2)C[C@H](N)C1c1cc(F)c(F)cc1F	8.045757490560675	<rdkit.Chem.rdchem.Mol object at 0x7f870f9865e0>
3235	CHEMBL3697939	nM	14.5	CS(=O)(=O)n1cc2c(n1)CN([C@@H]1C[C@H](N)C(c3cc(F)ccc3F)N(C(=O)C(F)(F)F)C1)C2	6.838631997765025	<rdkit.Chem.rdchem.Mol object at 0x7f870f986650>
3236	CHEMBL3697940	nM	1.7	CS(=O)(=O)n1cc2c(n1)CN([C@@H]1C[C@H](N)C(c3cc(F)ccc3F)N(CCO)C1)C2	7.769551078621726	<rdkit.Chem.rdchem.Mol object at 0x7f870f9866c0>
3237	CHEMBL3697941	nM	1.6	CS(=O)(=O)n1cc2c(n1)CN([C@@H]1C[C@H](N)C(c3cc(F)ccc3F)N(CC3CC3)C1)C2	7.795880017344075	<rdkit.Chem.rdchem.Mol object at 0x7f870f986730>
3238	CHEMBL3697942	nM	0.4	C[C@H](F)CN1C[C@H](N2Cc3cn(S(C)(=O)=O)nc3C2)C[C@H](N)C1c1cc(F)ccc1F	8.397940008672037	<rdkit.Chem.rdchem.Mol object at 0x7f870f9867a0>
3239	CHEMBL3697943	nM	25.4	N[C@H]1C[C@@H](N2Cc3cn[nH]c3C2)CN(CCN2CCC(F)(F)C2)C1c1cc(F)ccc1F	6.595166283380062	<rdkit.Chem.rdchem.Mol object at 0x7f870f986810>
3240	CHEMBL3697944	nM	7.1	Cn1cc(CCN2C[C@H](N3Cc4cn[nH]c4C3)C[C@H](N)C2c2cc(F)ccc2F)cn1	7.1487416512809245	<rdkit.Chem.rdchem.Mol object at 0x7f870f986880>
3241	CHEMBL3697945	nM	12.9	N[C@H]1C[C@@H](N2Cc3cn[nH]c3C2)CN(Cc2cnccn2)C1c1cc(F)ccc1F	6.889410289700751	<rdkit.Chem.rdchem.Mol object at 0x7f870f9868f0>
3242	CHEMBL3697946	nM	3.0	CS(=O)(=O)n1cc2c(n1)CN([C@@H]1C[C@H](N)C(c3cc(F)ccc3F)N(Cc3cncnc3)C1)C2	7.522878745280337	<rdkit.Chem.rdchem.Mol object at 0x7f870f986960>
3243	CHEMBL3697947	nM	2.9	N[C@H]1C[C@@H](N2Cc3cn[nH]c3C2)CN(Cc2cn[nH]c2)C1c1cc(F)ccc1F	7.537602002101044	<rdkit.Chem.rdchem.Mol object at 0x7f870f9869d0>
3244	CHEMBL3697948	nM	53.3	CS(=O)(=O)N1C[C@@H](N2Cc3cn(S(C)(=O)=O)nc3C2)C[C@H](N)C1c1cc(F)ccc1F	6.273272790973428	<rdkit.Chem.rdchem.Mol object at 0x7f870f986a40>
3245	CHEMBL3697949	nM	3.9	CS(=O)(=O)n1cc2c(n1)CN([C@H]1C[C@H](N)C(c3cc(F)ccc3F)N(Cc3cn[nH]c3)C1)C2	7.4089353929735005	<rdkit.Chem.rdchem.Mol object at 0x7f870f986ab0>
3246	CHEMBL3697950	nM	24.6	CS(=O)(=O)n1cc2c(n1)CN([C@H]1C[C@H](N)C(c3cc(F)ccc3F)N(Cc3cncc4cccnc34)C1)C2	6.609064892896621	<rdkit.Chem.rdchem.Mol object at 0x7f870f986b20>
3247	CHEMBL3644451	nM	2.3	N[C@H]1C[C@@H](N2Cc3c[nH]nc3C2)CSC1c1cc(F)ccc1F	7.638272163982407	<rdkit.Chem.rdchem.Mol object at 0x7f870f986b90>
3248	CHEMBL3644452	nM	3.4	N[C@H]1C[C@@H](N2Cc3c[nH]nc3C2)CSC1c1cc(F)cc(F)c1F	7.468521082957745	<rdkit.Chem.rdchem.Mol object at 0x7f870f986c00>
3249	CHEMBL3644453	nM	48.99999999999999	N[C@H]1C[C@@H](N2Cc3c[nH]nc3C2)C[S+]([O-])C1c1cc(F)cc(F)c1F	6.309803919971486	<rdkit.Chem.rdchem.Mol object at 0x7f870f986c70>
3250	CHEMBL3644454	nM	119.0	N[C@H]1C[C@@H](N2Cc3c[nH]nc3C2)CS(=O)(=O)C1c1cc(F)cc(F)c1F	5.924453038607469	<rdkit.Chem.rdchem.Mol object at 0x7f870f986ce0>
3251	CHEMBL3644455	nM	2.6	CC(C)(O)Cn1cc2c(n1)CN([C@H]1CSC(c3cc(F)cc(F)c3F)[C@@H](N)C1)C2	7.585026652029182	<rdkit.Chem.rdchem.Mol object at 0x7f870f986d50>
3252	CHEMBL3644456	nM	0.5	CS(=O)(=O)n1cc2c(n1)CN([C@H]1CSC(c3cc(F)cc(F)c3F)[C@@H](N)C1)C2	8.301029995663981	<rdkit.Chem.rdchem.Mol object at 0x7f870f986dc0>
3253	CHEMBL3644457	nM	1.6	CC(C)(F)Cn1cc2c(n1)CN([C@H]1CSC(c3cc(F)cc(F)c3F)[C@@H](N)C1)C2	7.795880017344075	<rdkit.Chem.rdchem.Mol object at 0x7f870f986e30>
3254	CHEMBL3644458	nM	0.6	CS(=O)(=O)n1cc2c(n1)CN([C@H]1CSC(c3cc(F)ccc3F)[C@@H](N)C1)C2	8.221848749616356	<rdkit.Chem.rdchem.Mol object at 0x7f870f986ea0>
3255	CHEMBL3644459	nM	0.17	NC(=O)c1[nH]nc2c1CN([C@H]1CSC(c3cc(F)ccc3F)[C@@H](N)C1)C2	8.769551078621726	<rdkit.Chem.rdchem.Mol object at 0x7f870f986f10>
3256	CHEMBL3644460	nM	0.46	N#Cc1[nH]nc2c1CN([C@H]1CSC(c3cc(F)ccc3F)[C@@H](N)C1)C2	8.337242168318426	<rdkit.Chem.rdchem.Mol object at 0x7f870f986f80>
3257	CHEMBL3644461	nM	1.1	N[C@H]1C[C@@H](N2Cc3nc(C(F)(F)F)[nH]c3C2)CSC1c1cc(F)ccc1F	7.958607314841775	<rdkit.Chem.rdchem.Mol object at 0x7f870f986ff0>
3258	CHEMBL3639433	nM	0.7	N[C@H]1C[C@@H](N2Cc3cnc(C(F)(F)F)nc3C2)CSC1c1cc(F)ccc1F	8.154901959985743	<rdkit.Chem.rdchem.Mol object at 0x7f870f987060>
3259	CHEMBL3644462	nM	0.7	N[C@H]1C[C@@H](N2Cc3nc(-c4ccccc4)[nH]c3C2)CSC1c1cc(F)ccc1F	8.154901959985743	<rdkit.Chem.rdchem.Mol object at 0x7f870f9870d0>
3260	CHEMBL3644463	nM	1.7	NC(=O)Cn1cc2c(n1)CN([C@H]1CSC(c3cc(F)cc(F)c3F)[C@@H](N)C1)C2	7.769551078621726	<rdkit.Chem.rdchem.Mol object at 0x7f870f987140>
3261	CHEMBL3644464	nM	1.5	Cc1nc2c([nH]1)CN([C@H]1CSC(c3cc(F)ccc3F)[C@@H](N)C1)C2	7.823908740944319	<rdkit.Chem.rdchem.Mol object at 0x7f870f9871b0>
3262	CHEMBL3644465	nM	8.1	Cc1nc2c(o1)CN([C@H]1CSC(c3cc(F)ccc3F)[C@@H](N)C1)C2	7.0915149811213505	<rdkit.Chem.rdchem.Mol object at 0x7f870f987220>
3263	CHEMBL3650433	nM	5.7	Cn1c2nccc-2c(N2CCC[C@@H](N)C2)n(Cc2cc(F)ccc2C#N)c1=O	7.2441251443275085	<rdkit.Chem.rdchem.Mol object at 0x7f870f987290>
3264	CHEMBL3650440	nM	34.0	Cn1c2nccc-2c(N2CCC[C@@H](N)C2)n(Cc2ccccc2C#N)c1=O	6.468521082957745	<rdkit.Chem.rdchem.Mol object at 0x7f870f987300>
3265	CHEMBL3650435	nM	1343.0	Cn1c2nccc-2c(N2CCC[C@@H](N)C2)n(Cc2cc(F)ccc2F)c1=O	4.871923987331285	<rdkit.Chem.rdchem.Mol object at 0x7f870f987370>
3266	CHEMBL3650436	nM	1590.0	Cn1c2nccc-2c(N2CCC[C@@H](N)C2)n(Cc2cccc(F)c2)c1=O	4.798602875679548	<rdkit.Chem.rdchem.Mol object at 0x7f870f9873e0>
3267	CHEMBL3650439	nM	5.6	Cn1c2nc(Cl)cc-2c(N2CCC[C@@H](N)C2)n(Cc2cc(F)ccc2C#N)c1=O	7.251811972993799	<rdkit.Chem.rdchem.Mol object at 0x7f870f987450>
3268	CHEMBL3650434	nM	106.0	Cn1c2ncnc-2c(N2CCC[C@@H](N)C2)n(Cc2ccccc2C#N)c1=O	5.97469413473523	<rdkit.Chem.rdchem.Mol object at 0x7f870f9874c0>
3269	CHEMBL3650437	nM	14.0	Cn1c2nc(C#N)cc-2c(N2CCC[C@@H](N)C2)n(Cc2cc(F)ccc2C#N)c1=O	6.853871964321762	<rdkit.Chem.rdchem.Mol object at 0x7f870f987530>
3270	CHEMBL3650438	nM	104.0	Cc1nc(Cn2c3nccc-3c(N3CCCC(N)C3)n(Cc3cc(F)ccc3C#N)c2=O)nc2ccccc12	5.982966660701219	<rdkit.Chem.rdchem.Mol object at 0x7f870f9875a0>
3271	CHEMBL3686733	nM	19999.99999999998	C[C@H](N)C(=S)N1CCC[C@H]1B(O)O	3.698970004336019	<rdkit.Chem.rdchem.Mol object at 0x7f870f987610>
3272	CHEMBL3686734	nM	220.00000000000009	CC(C)[C@H](N)C(=S)N[C@@H](C)B(O)O	5.657577319177793	<rdkit.Chem.rdchem.Mol object at 0x7f870f987680>
3273	CHEMBL3639856	nM	439.99999999999983	C[C@H](NC(=O)[C@H](C)N)B(O)O	5.356547323513813	<rdkit.Chem.rdchem.Mol object at 0x7f870f9876f0>
3274	CHEMBL3686735	nM	7700.0000000000055	C[C@H](NC(=S)[C@H](C)N)B(O)O	4.113509274827518	<rdkit.Chem.rdchem.Mol object at 0x7f870f987760>
3275	CHEMBL3686736	nM	5899.999999999999	CC(C)[C@H](N)C(=S)N1CCC[C@H]1B(O)O	4.229147988357856	<rdkit.Chem.rdchem.Mol object at 0x7f870f9877d0>
3276	CHEMBL3686737	nM	239.1637562860698	N[C@H](C(=O)N1CCC[C@H]1B(O)O)C1CCCCC1	5.621304634205301	<rdkit.Chem.rdchem.Mol object at 0x7f870f987840>
3277	CHEMBL3686738	nM	1900.0000000000005	NCC(=S)N1CCC[C@H]1B(O)O	4.721246399047171	<rdkit.Chem.rdchem.Mol object at 0x7f870f9878b0>
3278	CHEMBL3686739	nM	72.0	O=C(CNC12CC3CC(CC(O)(C3)C1)C2)N1CCC[C@H]1B(O)O	6.142667503568732	<rdkit.Chem.rdchem.Mol object at 0x7f870f987920>
3279	CHEMBL3686740	nM	39999.99999999997	OB(O)[C@@H]1CCCN1C(=S)CNC12CC3CC(CC(O)(C3)C1)C2	3.397940008672038	<rdkit.Chem.rdchem.Mol object at 0x7f870f987990>
3280	CHEMBL3686741	nM	68999.99999999994	O=C(CNCc1ccccc1)N1CCC[C@H]1B(O)O	3.1611509092627452	<rdkit.Chem.rdchem.Mol object at 0x7f870f987a00>
3281	CHEMBL3686742	nM	170.00000000000006	OB(O)[C@@H]1CCCN1C(=S)CNCc1ccccc1	5.769551078621726	<rdkit.Chem.rdchem.Mol object at 0x7f870f987a70>
3282	CHEMBL3686752	nM	200.0	N[C@@H](CC(=O)O)C(=O)N1CCC[C@H]1B(O)O	5.698970004336019	<rdkit.Chem.rdchem.Mol object at 0x7f870f987ae0>
3283	CHEMBL3686743	nM	28000.000000000004	N[C@@H](CC(=O)O)C(=S)N1CCC[C@H]1B(O)O	3.5528419686577806	<rdkit.Chem.rdchem.Mol object at 0x7f870f987b50>
3284	CHEMBL494497	nM	2999.9999999999977	N[C@@H](CCC(=O)O)C(=O)N1CCC[C@H]1B(O)O	4.522878745280338	<rdkit.Chem.rdchem.Mol object at 0x7f870f987bc0>
3285	CHEMBL3686744	nM	890.0	N[C@@H](CCC(=O)O)C(=S)N1CCC[C@H]1B(O)O	5.050609993355088	<rdkit.Chem.rdchem.Mol object at 0x7f870f987c30>
3286	CHEMBL3686745	nM	7400.0	CCC[C@H](N)C(=O)N1CCC[C@H]1B(O)O	4.130768280269024	<rdkit.Chem.rdchem.Mol object at 0x7f870f987ca0>
3287	CHEMBL3686746	nM	18999.999999999993	CCC[C@H](N)C(=S)N1CCC[C@H]1B(O)O	3.721246399047171	<rdkit.Chem.rdchem.Mol object at 0x7f870f987d10>
3288	CHEMBL3686747	nM	2999.9999999999977	N[C@@H](Cc1c[nH]c2ccccc12)C(=O)N1CCC[C@H]1B(O)O	4.522878745280338	<rdkit.Chem.rdchem.Mol object at 0x7f870f987d80>
3289	CHEMBL3686748	nM	699.9999999999998	N[C@@H](Cc1c[nH]c2ccccc12)C(=S)N1CCC[C@H]1B(O)O	5.154901959985743	<rdkit.Chem.rdchem.Mol object at 0x7f870f987df0>
3290	CHEMBL3686749	nM	7099.999999999997	N=C(N)NCCC[C@H](N)C(=O)N1CCC[C@H]1B(O)O	4.1487416512809245	<rdkit.Chem.rdchem.Mol object at 0x7f870f987e60>
3291	CHEMBL3686750	nM	1.2	N=C(N)NCCC[C@H](N)C(=S)N1CCC[C@H]1B(O)O	7.920818753952375	<rdkit.Chem.rdchem.Mol object at 0x7f870f987ed0>
3292	CHEMBL3686751	nM	6999.999999999999	OB(O)[C@@H]1CCCN1C(=S)[C@@H]1CCCN1	4.154901959985743	<rdkit.Chem.rdchem.Mol object at 0x7f870f987f40>
3293	CHEMBL3654418	nM	2.3	CS(=O)(=O)n1cc2c(n1)CN([C@H]1CCO[C@H](c3cc(F)ccc3F)[C@@H](N)C1)C2	7.638272163982407	<rdkit.Chem.rdchem.Mol object at 0x7f870f988040>
3294	CHEMBL3654419	nM	2.2	N[C@H]1C[C@@H](N2Cc3cnn(-c4ncccn4)c3C2)CCO[C@@H]1c1cc(F)ccc1F	7.657577319177793	<rdkit.Chem.rdchem.Mol object at 0x7f870f9880b0>
3295	CHEMBL3654420	nM	3.0	N[C@H]1C[C@@H](N2Cc3cnn(-c4ccccc4)c3C2)CCO[C@@H]1c1cc(F)ccc1F	7.522878745280337	<rdkit.Chem.rdchem.Mol object at 0x7f870f988120>
3296	CHEMBL3654421	nM	8.5	N#Cc1n[nH]c2c1CN([C@H]1CCO[C@H](c3cc(F)ccc3F)[C@@H](N)C1)C2	7.070581074285707	<rdkit.Chem.rdchem.Mol object at 0x7f870f988190>
3297	CHEMBL3654422	nM	2.6	NC(=O)c1n[nH]c2c1CN([C@H]1CCO[C@H](c3cc(F)ccc3F)[C@@H](N)C1)C2	7.585026652029182	<rdkit.Chem.rdchem.Mol object at 0x7f870f988200>
3298	CHEMBL3654423	nM	5.8	N[C@H]1C[C@@H](N2Cc3cn(S(=O)(=O)C4CC4)nc3C2)CCO[C@@H]1c1cc(F)ccc1F	7.236572006437063	<rdkit.Chem.rdchem.Mol object at 0x7f870f988270>
3299	CHEMBL3654424	nM	0.5	Cc1c2c(nn1S(=O)(=O)C1(C)CC1)CN([C@H]1CCO[C@H](c3cc(F)ccc3F)[C@@H](N)C1)C2	8.301029995663981	<rdkit.Chem.rdchem.Mol object at 0x7f870f9882e0>
3300	CHEMBL3654425	nM	12.599999999999996	CC1(S(=O)(=O)n2cc3c(n2)CN([C@H]2CCO[C@H](c4cc(F)c(F)cc4F)[C@@H](N)C2)C3)CC1	6.8996294548824375	<rdkit.Chem.rdchem.Mol object at 0x7f870f988350>
3301	CHEMBL3654426	nM	4.1	N[C@H]1C[C@@H](N2Cc3cnc(C4CC4)nc3C2)CCO[C@@H]1c1cc(F)ccc1F	7.3872161432802645	<rdkit.Chem.rdchem.Mol object at 0x7f870f9883c0>
3302	CHEMBL3654427	nM	14.3	CS(=O)(=O)n1cc2c(n1)CN([C@H]1CCS[C@H](c3cc(F)ccc3F)[C@@H](N)C1)C2	6.844663962534938	<rdkit.Chem.rdchem.Mol object at 0x7f870f988430>
3303	CHEMBL3654428	nM	21.1	CC(C)(O)Cn1cc2c(n1)CN([C@H]1CCO[C@H](c3cc(F)ccc3F)[C@@H](N)C1)C2	6.675717544702307	<rdkit.Chem.rdchem.Mol object at 0x7f870f9884a0>
3304	CHEMBL3654429	nM	5.9	N[C@H]1C[C@@H](N2Cc3cnn(-c4ccc(C(F)(F)F)cn4)c3C2)CCO[C@@H]1c1cc(F)ccc1F	7.229147988357855	<rdkit.Chem.rdchem.Mol object at 0x7f870f988510>
3305	CHEMBL3654430	nM	8.1	CC1(S(=O)(=O)n2cc3c(n2)CN([C@H]2CCO[C@H](c4cc(F)ccc4F)[C@@H](N)C2)C3)CC1	7.0915149811213505	<rdkit.Chem.rdchem.Mol object at 0x7f870f988580>
3306	CHEMBL3687981	nM	13.5	CCN1C(=O)Cn2c1nc1nc(N3CCC[C@@H](NC(=O)OC(C)(C)C)C3)n(Cc3cc(F)ccc3C#N)c1c2=O	6.8696662315049934	<rdkit.Chem.rdchem.Mol object at 0x7f870f9885f0>
3307	CHEMBL16709	nM	548.0	CC(C)C(N)C(=O)N1CCCC1	5.261219441515631	<rdkit.Chem.rdchem.Mol object at 0x7f870f988660>
3308	CHEMBL17041	nM	2000.0	CCC(C)C(N)C(=O)N1CCCC1	4.698970004336019	<rdkit.Chem.rdchem.Mol object at 0x7f870f9886d0>
3309	CHEMBL3704834	nM	12000.0	O=C(CNCC(O)COc1ccccc1)N1CCCC1	3.9208187539523753	<rdkit.Chem.rdchem.Mol object at 0x7f870f988740>
3310	CHEMBL3704835	nM	8500.0	CC(C)C(NCC(O)COc1ccccc1)C(=O)N1CCCC1	4.070581074285707	<rdkit.Chem.rdchem.Mol object at 0x7f870f9887b0>
3311	CHEMBL3704836	nM	33000.0	CCC(C)C(NCC(O)COc1ccccc1)C(=O)N1CCCC1	3.4814860601221125	<rdkit.Chem.rdchem.Mol object at 0x7f870f988820>
3312	CHEMBL4106669	nM	18.5	Cc1ccc(S(=O)(=O)N=S(C)(=O)n2cc3c(n2)CN([C@H]2CO[C@H](c4cc(F)ccc4F)[C@@H](N)C2)C3)cc1	6.732828271596986	<rdkit.Chem.rdchem.Mol object at 0x7f870f988890>
3313	CHEMBL3931183	nM	34.00000000000001	C[C@]1(N2Cc3c[nH]nc3C2)CO[C@H](c2cc(F)ccc2F)[C@@H](N)C1	6.468521082957745	<rdkit.Chem.rdchem.Mol object at 0x7f870f988900>
3314	CHEMBL3940772	nM	36.99999999999999	C[C@]1(N2Cc3cn(S(C)(=O)=O)nc3C2)CO[C@H](c2cc(F)ccc2F)[C@@H](N)C1	6.431798275933005	<rdkit.Chem.rdchem.Mol object at 0x7f870f988970>
3315	CHEMBL3970322	nM	8.8	C[C@]1(N2Cc3cn(S(=O)(=O)NC(=O)OCc4ccccc4)nc3C2)CO[C@H](c2cc(F)ccc2F)[C@@H](N)C1	7.055517327849832	<rdkit.Chem.rdchem.Mol object at 0x7f870f9889e0>
3316	CHEMBL4113723	nM	0.3346640106136302	CC#CCn1c(N2CCC[C@@H](N)C2)nc2c1c(=O)n(Cc1nc3cc(F)ccc3s1)c(=O)n2C	8.475390988664909	<rdkit.Chem.rdchem.Mol object at 0x7f870f988a50>
3317	CHEMBL4111229	nM	0.15	CC#CCn1c(N2CCC[C@@H](N)C2)nc2c1c(=O)n(Cc1nc3ccccc3s1)c(=O)n2C	8.823908740944319	<rdkit.Chem.rdchem.Mol object at 0x7f870f988ac0>
3318	CHEMBL4109453	nM	0.2	CC#CCn1c(N2CCC[C@@H](N)C2)nc2c1c(=O)n(Cc1nc3cc(Cl)ccc3s1)c(=O)n2C	8.698970004336019	<rdkit.Chem.rdchem.Mol object at 0x7f870f988b30>
3319	CHEMBL3935335	nM	2.6	N[C@H]1C[C@@H](N2Cc3cnn(S(=O)(=O)C4CCCC4)c3C2)COC1c1cc(F)c(F)cc1F	7.585026652029182	<rdkit.Chem.rdchem.Mol object at 0x7f870f988ba0>
3320	CHEMBL3896302	nM	9.0	CS(=O)(=O)n1cc2c(n1)CN([C@@H]1C[C@H](N)[C@@H](c3cc(F)ccc3F)[C@H]3CC13)C2	7.045757490560675	<rdkit.Chem.rdchem.Mol object at 0x7f870f988c10>
3321	CHEMBL3926627	nM	5.4	CS(=O)(=O)n1cc2c(n1)CN([C@@H]1C[C@H](N)[C@@H](c3cc(F)ccc3F)[C@@H]3C[C@@H]31)C2	7.267606240177032	<rdkit.Chem.rdchem.Mol object at 0x7f870f988c80>
3322	CHEMBL3922613	nM	2160.0	CC(C)=CCn1c(N2CCCC(N)C2)nc2c1c(=O)n(C(C)C(=O)c1ccccc1)c(=O)n2C	4.665546248849069	<rdkit.Chem.rdchem.Mol object at 0x7f870f988cf0>
3323	CHEMBL3945052	nM	264.0	COCCn1c(=O)c2c(nc(N3CCCC(N)C3)n2Cc2ccccc2C#N)n(C)c1=O	5.578396073130169	<rdkit.Chem.rdchem.Mol object at 0x7f870f988d60>
3324	CHEMBL3913618	nM	16.0	C#CCn1c(=O)n(C)c(=O)c2c1nc(N1CCCC(N)C1)n2Cc1ccccc1C#N	6.795880017344075	<rdkit.Chem.rdchem.Mol object at 0x7f870f988dd0>
3325	CHEMBL3913689	nM	32.0	Cn1c(=O)c2c(nc(N3CCCC(N)C3)n2Cc2ccccc2C#N)n(-c2ccccc2)c1=O	6.494850021680094	<rdkit.Chem.rdchem.Mol object at 0x7f870f988e40>
3326	CHEMBL3904065	nM	12.0	CC(C)=CCn1c(N2CCCC(N)C2)nc2c1c(=O)n(Cc1ccc3ccccc3n1)c(=O)n2C	6.920818753952375	<rdkit.Chem.rdchem.Mol object at 0x7f870f988eb0>
3327	CHEMBL3934913	nM	4.0	CC(C)=CCn1c(N2CCCC(N)C2)nc2c1c(=O)n(Cc1ncnc3ccccc13)c(=O)n2C	7.3979400086720375	<rdkit.Chem.rdchem.Mol object at 0x7f870f988f20>
3328	CHEMBL3942798	nM	9.0	CC(C)=CCn1c(N2CCCC(N)C2)nc2c1c(=O)n(Cc1cc3ccccc3cn1)c(=O)n2C	7.045757490560675	<rdkit.Chem.rdchem.Mol object at 0x7f870f988f90>
3329	CHEMBL3965610	nM	5.0	CC(C)=CCn1c(N2CCCC(N)C2)nc2c1c(=O)n(CC(=O)c1cccc(C(=O)O)c1)c(=O)n2C	7.301029995663981	<rdkit.Chem.rdchem.Mol object at 0x7f870f989000>
3330	CHEMBL3897624	nM	5.0	CNC(=O)c1cccc(C(=O)Cn2c(=O)c3c(nc(N4CCCC(N)C4)n3CC=C(C)C)n(C)c2=O)c1	7.301029995663981	<rdkit.Chem.rdchem.Mol object at 0x7f870f989070>
3331	CHEMBL3957746	nM	6.0	CC(C)=CCn1c(N2CCCC(N)C2)nc2c1c(=O)n(CC(=O)c1ccccc1C(=O)N1CCOCC1)c(=O)n2C	7.221848749616356	<rdkit.Chem.rdchem.Mol object at 0x7f870f9890e0>
3332	CHEMBL3986470	nM	6.0	CC#CCn1c(N2CCCC(N)C2)nc2c1c(=O)n(Cc1cc(=O)n(C)c3ccccc13)c(=O)n2C	7.221848749616356	<rdkit.Chem.rdchem.Mol object at 0x7f870f989150>
3333	CHEMBL3985360	nM	9.0	CC#CCn1c(N2CCCC(N)C2)nc2c1c(=O)n(Cc1ccnc3ccccc13)c(=O)n2C	7.045757490560675	<rdkit.Chem.rdchem.Mol object at 0x7f870f9891c0>
3334	CHEMBL3912125	nM	250.0	CC(C)=CCn1c(N2CCCC(N)C2)nc2c1c(=O)n(CC(=O)N1CCCCC1)c(=O)n2C	5.6020599913279625	<rdkit.Chem.rdchem.Mol object at 0x7f870f989230>
3335	CHEMBL3974068	nM	22.0	COc1cccc(C(=O)Cn2c(=O)c3c(nc(N4CCCC(N)C4)n3CC=C(C)C)n(C)c2=O)c1OC	6.657577319177793	<rdkit.Chem.rdchem.Mol object at 0x7f870f9892a0>
3336	CHEMBL3903110	nM	1.0	CC#CCn1c(N2CCC[C@@H](N)C2)nc2c1c(=O)n(Cc1ncc3ccccc3n1)c(=O)n2C	8.0	<rdkit.Chem.rdchem.Mol object at 0x7f870f989310>
3337	CHEMBL3955534	nM	2.0	CC#CCn1c(N2CCC[C@@H](N)C2)nc2c1c(=O)n(CC(=O)c1ccccc1OCC(=O)NCC)c(=O)n2C	7.698970004336019	<rdkit.Chem.rdchem.Mol object at 0x7f870f989380>
3338	CHEMBL3889902	nM	2.0	C/C=C/Cn1c(N2CCCC(N)C2)nc2c1c(=O)n(CC(=O)c1ccccc1NC(C)=O)c(=O)n2C	7.698970004336019	<rdkit.Chem.rdchem.Mol object at 0x7f870f9893f0>
3339	CHEMBL3987141	nM	3.0	C/C=C/Cn1c(N2CCCC(N)C2)nc2c1c(=O)n(CC(=O)c1ccccc1NC(=O)C(C)C)c(=O)n2C	7.522878745280337	<rdkit.Chem.rdchem.Mol object at 0x7f870f989460>
3340	CHEMBL3958450	nM	3.0	C/C=C/Cn1c(N2CCC[C@@H](N)C2)nc2c1c(=O)n(CC(=O)c1ccccc1)c(=O)n2C	7.522878745280337	<rdkit.Chem.rdchem.Mol object at 0x7f870f9894d0>
3341	CHEMBL3898310	nM	3.0	CC#CCn1c(N2CCC[C@H](N)C2)nc2c1c(=O)n(Cc1nc(C)cc3ccccc13)c(=O)n2C	7.522878745280337	<rdkit.Chem.rdchem.Mol object at 0x7f870f989540>
3342	CHEMBL3966199	nM	3.0	CC#CCn1c(N2CCC[C@H](N)C2)nc2c1c(=O)n(Cc1ncc(C)c3ccccc13)c(=O)n2C	7.522878745280337	<rdkit.Chem.rdchem.Mol object at 0x7f870f9895b0>
3343	CHEMBL3903787	nM	1.0	CC#CCn1c(N2CCC[C@@H](N)C2)nc2c1c(=O)n(Cc1ncc(C)c3ccccc13)c(=O)n2C	8.0	<rdkit.Chem.rdchem.Mol object at 0x7f870f989620>
3344	CHEMBL3974699	nM	3.0	CC#CCn1c(N2CCC[C@@H](N)C2)nc2c1c(=O)n(CC(=O)c1cccc3c1OCCO3)c(=O)n2C	7.522878745280337	<rdkit.Chem.rdchem.Mol object at 0x7f870f989690>
3345	CHEMBL3912809	nM	13.0	CC#CCn1c(N2CCC[C@H](N)C2)nc2c1c(=O)n(Cc1ccc(OC)c3ccccc13)c(=O)n2C	6.886056647693163	<rdkit.Chem.rdchem.Mol object at 0x7f870f989700>
3346	CHEMBL3986074	nM	8.0	CC#CCn1c(N2CCC[C@@H](N)C2)nc2c1c(=O)n(Cc1ccc(OC)c3ccccc13)c(=O)n2C	7.096910013008056	<rdkit.Chem.rdchem.Mol object at 0x7f870f989770>
3347	CHEMBL3979864	nM	4.0	CC#CCn1c(N2CCC[C@@H](N)C2)nc2c1c(=O)n(CC(=O)c1cccc3c1OCO3)c(=O)n2C	7.3979400086720375	<rdkit.Chem.rdchem.Mol object at 0x7f870f9897e0>
3348	CHEMBL3950914	nM	4.0	C/C=C/Cn1c(N2CCC[C@H](N)C2)nc2c1c(=O)n(CC(=O)c1ccccc1NC(=O)C(C)C)c(=O)n2C	7.3979400086720375	<rdkit.Chem.rdchem.Mol object at 0x7f870f989850>
3349	CHEMBL3965981	nM	1.0	C/C=C/Cn1c(N2CCC[C@@H](N)C2)nc2c1c(=O)n(CC(=O)c1ccccc1OCC(=O)NC)c(=O)n2C	8.0	<rdkit.Chem.rdchem.Mol object at 0x7f870f9898c0>
3350	CHEMBL3893759	nM	1.0	C/C=C/Cn1c(N2CCC[C@H](N)C2)nc2c1c(=O)n(CC(=O)c1ccccc1OCC(=O)NC)c(=O)n2C	8.0	<rdkit.Chem.rdchem.Mol object at 0x7f870f989930>
3351	CHEMBL3903674	nM	3.0	CC#CCn1c(N2CCC[C@@H](N)C2)nc2c1c(=O)n(CC(=O)c1ccccc1NC(=O)C(C)C)c(=O)n2C	7.522878745280337	<rdkit.Chem.rdchem.Mol object at 0x7f870f9899a0>
3352	CHEMBL3926493	nM	4.0	C/C=C/Cn1c(N2CCC[C@@H](N)C2)nc2c1c(=O)n(CC(=O)c1ccccc1NC(=O)C(C)C)c(=O)n2C	7.3979400086720375	<rdkit.Chem.rdchem.Mol object at 0x7f870f989a10>
3353	CHEMBL3981831	nM	3.0	CC#CCn1c(N2CCC[C@@H](N)C2)nc2c1c(=O)n(Cc1ccc(C#N)c3ccccc13)c(=O)n2C	7.522878745280337	<rdkit.Chem.rdchem.Mol object at 0x7f870f989a80>
3354	CHEMBL3953094	nM	4.0	CC#CCn1c(N2CCC[C@@H](N)C2)nc2c1c(=O)n(Cc1nc(-c3ccccc3)c3ccccc3n1)c(=O)n2C	7.3979400086720375	<rdkit.Chem.rdchem.Mol object at 0x7f870f989af0>
3355	CHEMBL3938646	nM	2.0	CC#CCn1c(N2CCC[C@@H](N)C2)nc2c1c(=O)n(Cc1cc(C)c3nccnc3c1)c(=O)n2C	7.698970004336019	<rdkit.Chem.rdchem.Mol object at 0x7f870f989b60>
3356	CHEMBL3957200	nM	12.0	CC#CCn1c(N2CCC[C@@H](N)C2)nc2c1c(=O)n(Cc1ccc(F)c3ccccc13)c(=O)n2C	6.920818753952375	<rdkit.Chem.rdchem.Mol object at 0x7f870f989bd0>
3357	CHEMBL3958670	nM	8.0	CC#CCn1c(N2CCC[C@@H](N)C2)nc2c1c(=O)n(C/C=C/c1c(F)c(F)c(F)c(F)c1F)c(=O)n2C	7.096910013008056	<rdkit.Chem.rdchem.Mol object at 0x7f870f989c40>
3358	CHEMBL3931178	nM	13.0	CC#CCn1c(N2CCC[C@@H](N)C2)nc2c1c(=O)n(Cc1nc(C(F)(F)F)cc3ccccc13)c(=O)n2C	6.886056647693163	<rdkit.Chem.rdchem.Mol object at 0x7f870f989cb0>
3359	CHEMBL3917354	nM	6.0	CC#CCn1c(N2CCC[C@@H](N)C2)nc2c1c(=O)n(Cc1nc(C(F)F)cc3ccccc13)c(=O)n2C	7.221848749616356	<rdkit.Chem.rdchem.Mol object at 0x7f870f989d20>
3360	CHEMBL3948679	nM	6.0	CC#CCn1c(N2CCC[C@@H](N)C2)nc2c1c(=O)n(CC(=O)c1ccccc1-c1ccccc1)c(=O)n2C	7.221848749616356	<rdkit.Chem.rdchem.Mol object at 0x7f870f989d90>
3361	CHEMBL3911930	nM	5.0	CC#CCn1c(N2CCC[C@@H](N)C2)nc2c1c(=O)n(Cc1nc(C)cc3ccccc13)c(=O)n2C1CC1	7.301029995663981	<rdkit.Chem.rdchem.Mol object at 0x7f870f989e00>
3362	CHEMBL3939916	nM	3.0	CC#CCn1c(N2CCC[C@@H](N)C2)nc2c1c(=O)n(CC(=O)c1cccc(OC)c1)c(=O)n2C	7.522878745280337	<rdkit.Chem.rdchem.Mol object at 0x7f870f989e70>
3363	CHEMBL3938789	nM	11.0	Cc1cc2ccccc2c(Cn2c(=O)c3c(nc(N4CCC[C@@H](N)C4)n3Cc3ccccc3Cl)n(C)c2=O)n1	6.958607314841775	<rdkit.Chem.rdchem.Mol object at 0x7f870f989ee0>
3364	CHEMBL3962719	nM	14.0	Cc1cc2ccccc2c(Cn2c(=O)c3c(nc(N4CCC[C@@H](N)C4)n3Cc3ccccc3Br)n(C)c2=O)n1	6.853871964321762	<rdkit.Chem.rdchem.Mol object at 0x7f870f989f50>
3365	CHEMBL4067185	nM	255.0	C[C@H](N[C@@H](CCc1ccccc1)C(=O)O)C(=O)N1C[C@@H](NC(=O)C[C@H](N)Cc2cc(F)c(F)cc2F)C[C@H]1C(=O)O	5.5934598195660445	<rdkit.Chem.rdchem.Mol object at 0x7f870f989fc0>
3366	CHEMBL4086264	nM	57.0	CC[C@H](N[C@@H](CCc1ccccc1)C(=O)O)C(=O)N1C[C@@H](NC(=O)C[C@H](N)Cc2cc(F)c(F)cc2F)C[C@H]1C(=O)O	6.2441251443275085	<rdkit.Chem.rdchem.Mol object at 0x7f870f98a030>
3367	CHEMBL4078112	nM	67.0	CCC[C@H](N[C@@H](CCc1ccccc1)C(=O)O)C(=O)N1C[C@@H](NC(=O)C[C@H](N)Cc2cc(F)c(F)cc2F)C[C@H]1C(=O)O	6.173925197299173	<rdkit.Chem.rdchem.Mol object at 0x7f870f98a0a0>
3368	CHEMBL4090635	nM	102.0	CCCC[C@H](N[C@@H](CCc1ccccc1)C(=O)O)C(=O)N1C[C@@H](NC(=O)C[C@H](N)Cc2cc(F)c(F)cc2F)C[C@H]1C(=O)O	5.991399828238082	<rdkit.Chem.rdchem.Mol object at 0x7f870f98a110>
3369	CHEMBL4081713	nM	29.0	Cc1ccc(-c2c(CN)c(CC(C)C)nc(C)c2C(=O)OCc2ccccc2C(=O)O)cc1.Cl.Cl	6.5376020021010435	<rdkit.Chem.rdchem.Mol object at 0x7f870f98a180>
3370	CHEMBL4059789	nM	80.0	Cc1ccc(-c2c(CN)c(CC(C)C)nc(C)c2C(=O)OC[C@H]2CC[C@H](C(=O)O)CC2)cc1.Cl.Cl	6.096910013008056	<rdkit.Chem.rdchem.Mol object at 0x7f870f98a1f0>
3371	CHEMBL4071166	nM	470.0	Cc1ccc(-c2c(CN)c(CC(C)C)nc(C)c2C(=O)OCCCC(=O)O)cc1.Cl.Cl	5.327902142064283	<rdkit.Chem.rdchem.Mol object at 0x7f870f98a260>
3372	CHEMBL4098218	nM	2.6	Cc1ccc(-c2c(CCc3nc(C(=O)O)cs3)c(C)nc(CC(C)C)c2CN)cc1.Cl.Cl	7.585026652029182	<rdkit.Chem.rdchem.Mol object at 0x7f870f98a2d0>
3373	CHEMBL4097306	nM	5.5	Cc1ccc(-c2c(/C=C/c3nc(C(=O)O)cs3)c(C)nc(CC(C)C)c2CN)cc1.Cl.Cl	7.259637310505756	<rdkit.Chem.rdchem.Mol object at 0x7f870f98a340>
3374	CHEMBL4089584	nM	220.0	Cc1ccc(-c2c(CN)n(CC(C)C)c(=O)c3ccc(OCC(N)=O)cc23)cc1	5.657577319177793	<rdkit.Chem.rdchem.Mol object at 0x7f870f98a3b0>
3375	CHEMBL4068446	nM	0.38	Cc1ccc(-c2c(CN)c(CC(C)C)nc3ccc(-c4nc(C(=O)O)cs4)cc23)cc1.Cl.Cl	8.42021640338319	<rdkit.Chem.rdchem.Mol object at 0x7f870f98a420>
3376	CHEMBL4085490	nM	28.0	Cc1ccc(-c2c(CN)c(CC(C)C)nc3ccc(-c4ccc(C(=O)O)o4)cc23)cc1.Cl.Cl	6.552841968657781	<rdkit.Chem.rdchem.Mol object at 0x7f870f98a490>
3377	CHEMBL4078049	nM	6.8	Cc1ccc(-c2c(CN)c(CC(C)C)nc3ccc(OCCCCCC(=O)O)cc23)cc1.Cl.Cl	7.167491087293763	<rdkit.Chem.rdchem.Mol object at 0x7f870f98a500>
3378	CHEMBL4098936	nM	4.6	Cc1ccc(-c2c(CN)c(CC(C)C)nc3ccc(OCCCCC(=O)O)cc23)cc1.Cl.Cl	7.337242168318426	<rdkit.Chem.rdchem.Mol object at 0x7f870f98a570>
3379	CHEMBL4071958	nM	17.0	Cc1ccc(-c2c(CN)c(CC(C)C)nc3ccc(OCCCC(=O)O)cc23)cc1.Cl.Cl	6.769551078621726	<rdkit.Chem.rdchem.Mol object at 0x7f870f98a5e0>
3380	CHEMBL4075351	nM	29.0	Cc1ccc(-c2c(CN)c(CC(C)C)nc3ccc(OCCC(=O)O)cc23)cc1.Cl.Cl	6.5376020021010435	<rdkit.Chem.rdchem.Mol object at 0x7f870f98a650>
3381	CHEMBL4082445	nM	140.0	Cc1ccc(-c2c(CN)c(CC(C)C)nc3ccc(OCC(=O)O)cc23)cc1.Cl.Cl	5.853871964321762	<rdkit.Chem.rdchem.Mol object at 0x7f870f98a6c0>
3382	CHEMBL4064424	nM	720.0	NCc1c(Cc2ccccc2)nc2ccc(OCC(N)=O)cc2c1-c1ccccc1	5.142667503568732	<rdkit.Chem.rdchem.Mol object at 0x7f870f98a730>
3383	CHEMBL4085958	nM	250.0	CC(C)(C)Cc1nc2ccc(OCC(N)=O)cc2c(-c2ccccc2)c1CN	5.6020599913279625	<rdkit.Chem.rdchem.Mol object at 0x7f870f98a7a0>
3384	CHEMBL4072939	nM	540.0	CCCCCc1nc2ccc(OCC(N)=O)cc2c(-c2ccccc2)c1CN	5.267606240177032	<rdkit.Chem.rdchem.Mol object at 0x7f870f98a810>
3385	CHEMBL4083433	nM	620.0	CCCCc1nc2ccc(OCC(N)=O)cc2c(-c2ccccc2)c1CN	5.2076083105017466	<rdkit.Chem.rdchem.Mol object at 0x7f870f98a880>
3386	CHEMBL4101425	nM	510.0	CCCc1nc2ccc(OCC(N)=O)cc2c(-c2ccccc2)c1CN	5.292429823902063	<rdkit.Chem.rdchem.Mol object at 0x7f870f98a8f0>
3387	CHEMBL4092983	nM	170.0	CC(C)Cc1nc2ccc(C(N)=O)cc2c(-c2ccccc2)c1CN	5.769551078621726	<rdkit.Chem.rdchem.Mol object at 0x7f870f98a960>
3388	CHEMBL4072218	nM	630.0	CC(C)Cc1nc2ccc(Br)cc2c(-c2ccccc2)c1CN	5.200659450546418	<rdkit.Chem.rdchem.Mol object at 0x7f870f98a9d0>
3389	CHEMBL4105034	nM	470.0	CC(C)Cn1c(CN)c(-c2ccccc2)c2cc(C(N)=O)cnc2c1=O.Cl.Cl	5.327902142064283	<rdkit.Chem.rdchem.Mol object at 0x7f870f98aa40>
3390	CHEMBL4087191	nM	1200.0	CC(C)Cn1c(CN)c(-c2ccccc2)c2cc(Br)cnc2c1=O	4.920818753952375	<rdkit.Chem.rdchem.Mol object at 0x7f870f98aab0>
3391	CHEMBL1852708	nM	360.0	CC(C)Cn1c(CN)c(-c2ccccc2)c2cc(C(N)=O)ccc2c1=O	5.443697499232712	<rdkit.Chem.rdchem.Mol object at 0x7f870f98ab20>
3392	CHEMBL4079304	nM	1200.0	CC(C)Cn1c(CN)c(-c2ccccc2)c2cc(Br)ccc2c1=O	4.920818753952375	<rdkit.Chem.rdchem.Mol object at 0x7f870f98ab90>
3393	CHEMBL4089615	nM	8.5	Cc1ccc(-c2c(CCc3nc(C(N)=O)cs3)c(C)nc(CC(C)C)c2CN)cc1.Cl.Cl	7.070581074285707	<rdkit.Chem.rdchem.Mol object at 0x7f870f98ac00>
3394	CHEMBL4068477	nM	2.1	Cc1ccc(-c2c(-c3nc(C(N)=O)cs3)cnc(CC(C)C)c2CN)cc1.Cl.Cl	7.6777807052660805	<rdkit.Chem.rdchem.Mol object at 0x7f870f98ac70>
3395	CHEMBL4081741	nM	13.0	Cc1ccc(-c2c(CN)c(CC(C)C)nc3ccc(OCCCCC(N)=O)cc23)cc1	6.886056647693163	<rdkit.Chem.rdchem.Mol object at 0x7f870f98ace0>
3396	CHEMBL4059815	nM	7.2	Cc1ccc(-c2c(COCc3ccc(C(=O)O)cc3)c(C)nc(CC(C)C)c2CN)cc1.Cl.Cl	7.142667503568731	<rdkit.Chem.rdchem.Mol object at 0x7f870f98ad50>
3397	CHEMBL4100667	nM	17.0	Cc1ccc(-c2c(CN)c(CC(C)C)nc(C)c2C(=O)OCc2ccc(C(=O)O)cc2)cc1.Cl.Cl	6.769551078621726	<rdkit.Chem.rdchem.Mol object at 0x7f870f98adc0>
3398	CHEMBL4082680	nM	87.0	Cc1ccc(-c2c(CN)c(CC(C)C)nc(C)c2C(=O)OCc2cccc(C(=O)O)c2)cc1.Cl.Cl	6.060480747381382	<rdkit.Chem.rdchem.Mol object at 0x7f870f98ae30>
3399	CHEMBL4096274	nM	8.7	CC(=O)c1csc(-c2cnc(CC(C)C)c(CN)c2-c2ccc(C)cc2)n1.Cl.Cl	7.060480747381382	<rdkit.Chem.rdchem.Mol object at 0x7f870f98aea0>
3400	CHEMBL4066703	nM	70.0	N[C@@H](CC(=O)N1CC[C@H]2[C@H](CCc3nnc(C(F)(F)F)n32)C1)Cc1cc(F)c(F)cc1F	6.154901959985743	<rdkit.Chem.rdchem.Mol object at 0x7f870f98af10>
3401	CHEMBL4077696	nM	537.0	N[C@@H](CC(=O)N1CC[C@H]2[C@@H](CCc3nnc(C(F)(F)F)n32)C1)Cc1cc(F)c(F)cc1F	5.270025714300444	<rdkit.Chem.rdchem.Mol object at 0x7f870f98af80>
3402	CHEMBL4063983	nM	28.0	Cc1nnc2n1[C@@H]1CCN(C(=O)C[C@H](N)Cc3cc(F)c(F)cc3F)C[C@@H]1CC2.Cl	6.552841968657781	<rdkit.Chem.rdchem.Mol object at 0x7f870f98aff0>
3403	CHEMBL4085550	nM	31.8	CC(C)c1nnc2n1[C@@H]1CCN(C(=O)C[C@H](N)Cc3cc(F)c(F)cc3F)C[C@@H]1CC2.Cl	6.497572880015567	<rdkit.Chem.rdchem.Mol object at 0x7f870f98b060>
3404	CHEMBL4077174	nM	123.3	Cl.N[C@@H](CC(=O)N1CC[C@@H]2[C@@H](CCc3nnc(Cc4ccccc4)n32)C1)Cc1cc(F)c(F)cc1F	5.909036923404268	<rdkit.Chem.rdchem.Mol object at 0x7f870f98b0d0>
3405	CHEMBL4093298	nM	139.0	CCOc1cccc(-c2nnc3n2[C@@H]2CCN(C(=O)C[C@H](N)Cc4cc(F)c(F)cc4F)C[C@@H]2CC3)n1.Cl	5.856985199745905	<rdkit.Chem.rdchem.Mol object at 0x7f870f98b140>
3406	CHEMBL4062977	nM	43.4	Cl.N[C@@H](CC(=O)N1CC[C@@H]2[C@@H](CCc3nnc(-c4ccccn4)n32)C1)Cc1cc(F)c(F)cc1F	6.36251027048749	<rdkit.Chem.rdchem.Mol object at 0x7f870f98b1b0>
3407	CHEMBL4090906	nM	60.0	Cl.N[C@@H](CC(=O)N1CC[C@@H]2[C@@H](CCc3nnc(-c4cnccn4)n32)C1)Cc1cc(F)c(F)cc1F	6.221848749616356	<rdkit.Chem.rdchem.Mol object at 0x7f870f98b220>
3408	CHEMBL4071607	nM	50.2	Cc1nc(-c2nnc3n2[C@@H]2CCN(C(=O)C[C@H](N)Cc4cc(F)c(F)cc4F)C[C@@H]2CC3)cs1.Cl	6.29929628285498	<rdkit.Chem.rdchem.Mol object at 0x7f870f98b290>
3409	CHEMBL4098632	nM	151.7	CC(C)c1nnc2n1[C@@H]1CCN(C(=O)C[C@H](N)Cc3cc(F)c(F)cc3F)C[C@H]1CC2.Cl	5.81901441921327	<rdkit.Chem.rdchem.Mol object at 0x7f870f98b300>
3410	CHEMBL4128601	nM	65.36	N#Cc1ccc(F)cc1Cn1c(N2CCC[C@@H](N)C2)cc(=O)n(Cc2cc(F)cc(F)c2)c1=O	6.184687956475641	<rdkit.Chem.rdchem.Mol object at 0x7f870f98b370>
3411	CHEMBL4129968	nM	188.7	Cc1cc(C)cc(Cn2c(=O)cc(N3CCC[C@@H](N)C3)n(Cc3cc(F)ccc3C#N)c2=O)c1	5.724228099835068	<rdkit.Chem.rdchem.Mol object at 0x7f870f98b3e0>
3412	CHEMBL4128052	nM	64.47	COc1ccc(Cn2c(=O)cc(N3CCC[C@@H](N)C3)n(Cc3cc(F)ccc3C#N)c2=O)cc1OC	6.190642329788894	<rdkit.Chem.rdchem.Mol object at 0x7f870f98b450>
3413	CHEMBL4176189	nM	22.0	CC(C)[C@H](N)C(=O)N1CCCC1B(O)O	6.657577319177793	<rdkit.Chem.rdchem.Mol object at 0x7f870f98b4c0>
3414	CHEMBL4162340	nM	2.3	N#Cc1ccc(F)cc1Cn1c(N2CCC[C@@H](N)C2)nc2cc[nH]c2c1=O	7.638272163982407	<rdkit.Chem.rdchem.Mol object at 0x7f870f98b530>
3415	CHEMBL4169618	nM	2.4	N#Cc1ccc(F)cc1Cn1c(N2CCC[C@@H](N)C2)nc2[nH]ccc2c1=O	7.619788758288394	<rdkit.Chem.rdchem.Mol object at 0x7f870f98b5a0>
3416	CHEMBL4177478	nM	6.8	N#Cc1ccc(F)cc1Cn1c(N2CCC[C@@H](N)C2)nc2scnc2c1=O	7.167491087293763	<rdkit.Chem.rdchem.Mol object at 0x7f870f98b610>
3417	CHEMBL4174924	nM	15.3	Cn1cnc2nc(N3CCC[C@@H](N)C3)n(Cc3cc(F)ccc3C#N)c(=O)c21	6.815308569182402	<rdkit.Chem.rdchem.Mol object at 0x7f870f98b680>
3418	CHEMBL4169403	nM	0.79	N#Cc1ccc(F)cc1Cn1c(N2CCC[C@@H](N)C2)nc2c(Br)c[nH]c2c1=O	8.102372908709558	<rdkit.Chem.rdchem.Mol object at 0x7f870f98b6f0>
3419	CHEMBL4161474	nM	1.67	N#Cc1ccc(F)cc1Cn1c(N2CCC[C@@H](N)C2)nc2c(Br)c(Br)[nH]c2c1=O	7.777283528852417	<rdkit.Chem.rdchem.Mol object at 0x7f870f98b760>
3420	CHEMBL4172793	nM	0.77	N#Cc1ccc(F)cc1Cn1c(N2CCC[C@@H](N)C2)nc2c(F)c[nH]c2c1=O	8.113509274827518	<rdkit.Chem.rdchem.Mol object at 0x7f870f98b7d0>
3421	CHEMBL4164893	nM	1.25	N#Cc1ccc(F)cc1Cn1c(N2CCC[C@@H](N)C2)nc2c(F)c(F)[nH]c2c1=O	7.903089986991944	<rdkit.Chem.rdchem.Mol object at 0x7f870f98b840>
3422	CHEMBL4162532	nM	18.0	CS(=O)(=O)n1ccc2nc(N3CCC[C@@H](N)C3)n(Cc3cc(F)ccc3C#N)c(=O)c21	6.7447274948966935	<rdkit.Chem.rdchem.Mol object at 0x7f870f98b8b0>
3423	CHEMBL4173215	nM	26.6	N#Cc1ccc(F)cc1Cn1c(N2CCC[C@@H](N)C2)nc2ccn(Cc3cc(F)ccc3C#N)c2c1=O	6.575118363368933	<rdkit.Chem.rdchem.Mol object at 0x7f870f98b920>
3424	CHEMBL4165967	nM	0.76	N#Cc1ccc(F)cc1Cn1c(N2CCC[C@@H](N)C2)nc2c(-c3ccsc3)c[nH]c2c1=O	8.119186407719209	<rdkit.Chem.rdchem.Mol object at 0x7f870f98b990>
3425	CHEMBL4176578	nM	0.54	N#Cc1ccc(F)cc1Cn1c(N2CCC[C@@H](N)C2)nc2c(-c3cccs3)c[nH]c2c1=O	8.267606240177031	<rdkit.Chem.rdchem.Mol object at 0x7f870f98ba00>
3426	CHEMBL4164470	nM	0.54	N#Cc1ccc(F)cc1Cn1c(N2CCC[C@@H](N)C2)nc2c(-c3ccc(F)cc3)c[nH]c2c1=O	8.267606240177031	<rdkit.Chem.rdchem.Mol object at 0x7f870f98ba70>
3427	CHEMBL4175111	nM	0.72	CS(=O)(=O)c1ccc(-c2c[nH]c3c(=O)n(Cc4cc(F)ccc4C#N)c(N4CCC[C@@H](N)C4)nc23)cc1	8.142667503568731	<rdkit.Chem.rdchem.Mol object at 0x7f870f98bae0>
3428	CHEMBL4161924	nM	1.58	CS(=O)(=O)c1ccccc1-c1c[nH]c2c(=O)n(Cc3cc(F)ccc3C#N)c(N3CCC[C@@H](N)C3)nc12	7.801342913045577	<rdkit.Chem.rdchem.Mol object at 0x7f870f98bb50>
3429	CHEMBL4169845	nM	0.61	CS(=O)(=O)c1cccc(-c2c[nH]c3c(=O)n(Cc4cc(F)ccc4C#N)c(N4CCC[C@@H](N)C4)nc23)c1	8.214670164989233	<rdkit.Chem.rdchem.Mol object at 0x7f870f98bbc0>
3430	CHEMBL4165359	nM	1.69	CC(C)S(=O)(=O)c1ccc(-c2c[nH]c3c(=O)n(Cc4cc(F)ccc4C#N)c(N4CCC[C@@H](N)C4)nc23)cc1	7.772113295386326	<rdkit.Chem.rdchem.Mol object at 0x7f870f98bc30>
3431	CHEMBL4173272	nM	1.61	N#Cc1ccc(F)cc1Cn1c(N2CCC[C@@H](N)C2)nc2c(-c3ccc(S(N)(=O)=O)cc3)c[nH]c2c1=O	7.79317412396815	<rdkit.Chem.rdchem.Mol object at 0x7f870f98bca0>
3432	CHEMBL4173673	nM	1.45	CS(=O)(=O)c1ccc(-c2c[nH]c3c(=O)n(Cc4cc(F)ccc4C#N)c(N4CCC[C@@H](N)C4)nc23)cc1F	7.838631997765025	<rdkit.Chem.rdchem.Mol object at 0x7f870f98bd10>
3433	CHEMBL4162971	nM	0.77	CS(=O)(=O)c1ccc(-c2c[nH]c3c(=O)n(Cc4cc(F)ccc4C#N)c(N4CCC[C@@H](N)C4)nc23)c(F)c1	8.113509274827518	<rdkit.Chem.rdchem.Mol object at 0x7f870f98bd80>
3434	CHEMBL4205581	nM	49.0	N#Cc1ccccc1Cc1c(Cl)nc2ccnn2c1N1CCC[C@@H](N)C1	6.309803919971486	<rdkit.Chem.rdchem.Mol object at 0x7f870f98bdf0>
3435	CHEMBL4216792	nM	10400.0	CCOC(=O)c1ccc(Cn2c(N3CCC[C@@H](N)C3)cc(=O)n3nccc23)cc1	3.9829666607012197	<rdkit.Chem.rdchem.Mol object at 0x7f870f98be60>
3436	CHEMBL4217326	nM	17200.0	O=c1cc(N2CCNCC2)n(Cc2ccc([N+](=O)[O-])cc2)c2ccnn12	3.7644715530924513	<rdkit.Chem.rdchem.Mol object at 0x7f870f98bed0>
3437	CHEMBL4212367	nM	11500.0	N[C@@H]1CCCN(c2cc(=O)n3nccc3n2Cc2ccc([N+](=O)[O-])cc2)C1	3.939302159646388	<rdkit.Chem.rdchem.Mol object at 0x7f870f98bf40>
3438	CHEMBL4212894	nM	400.0	Cc1ccc(Cn2c(N3CCNCC3)cc(=O)n3nccc23)cc1	5.3979400086720375	<rdkit.Chem.rdchem.Mol object at 0x7f870f98c040>
3439	CHEMBL4207996	nM	2000.0	Cc1ccc(Cn2c(N3CCC[C@@H](N)C3)cc(=O)n3nccc23)cc1	4.698970004336019	<rdkit.Chem.rdchem.Mol object at 0x7f870f98c0b0>
3440	CHEMBL4208513	nM	2500.0	O=c1cc(N2CCNCC2)n(Cc2ccccc2)c2ccnn12	4.6020599913279625	<rdkit.Chem.rdchem.Mol object at 0x7f870f98c120>
3441	CHEMBL4203639	nM	46500.0	N[C@@H]1CCCN(c2cc(=O)n3nccc3n2Cc2ccccc2)C1	3.332547047110046	<rdkit.Chem.rdchem.Mol object at 0x7f870f98c190>
3442	CHEMBL4204176	nM	79.99999999999997	N#Cc1ccccc1Cn1c(N2CCNCC2)cc(=O)n2nccc12	6.096910013008056	<rdkit.Chem.rdchem.Mol object at 0x7f870f98c200>
3443	CHEMBL4213950	nM	1200.0	O=c1cc(N2CCNCC2)n(Cc2ccccc2[N+](=O)[O-])c2ccnn12	4.920818753952375	<rdkit.Chem.rdchem.Mol object at 0x7f870f98c270>
3444	CHEMBL4210635	nM	21500.0	N[C@@H]1CCCN(c2cc(=O)n3nccc3n2Cc2ccccc2F)C1	3.6675615400843946	<rdkit.Chem.rdchem.Mol object at 0x7f870f98c2e0>
3445	CHEMBL4205100	nM	59900.0	N[C@@H]1CCCN(c2cc(=O)n3nccc3n2Cc2ccc(C(=O)O)cc2)C1	3.2225731776106885	<rdkit.Chem.rdchem.Mol object at 0x7f870f98c350>
3446	CHEMBL4215849	nM	1300.0	N#Cc1ccccc1Cn1c(N2CCC[C@@H](N)C2)cc(=O)n2nccc12	4.886056647693163	<rdkit.Chem.rdchem.Mol object at 0x7f870f98c3c0>
3447	CHEMBL91777	nM	65690.0	CC(C)[C@H](N)C(=O)N[C@@H](Cc1c[nH]c2ccccc12)C(=O)O	3.1825007381322417	<rdkit.Chem.rdchem.Mol object at 0x7f870f98c430>
3448	CHEMBL288114	nM	4650.0	O=C(O)c1cc(O)c(O)c(O)c1	4.3325470471100465	<rdkit.Chem.rdchem.Mol object at 0x7f870f98c4a0>
3449	CHEMBL297453	nM	10210.0	O=C(O[C@@H]1Cc2c(O)cc(O)cc2O[C@@H]1c1cc(O)c(O)c(O)c1)c1cc(O)c(O)c(O)c1	3.9909742579130896	<rdkit.Chem.rdchem.Mol object at 0x7f870f98c510>
3450	CHEMBL257839	nM	420.0	OC[C@H]1O[C@@H](Oc2cc3c(O)cc(O)cc3[o+]c2-c2ccc(O)c(O)c2)[C@H](O)[C@@H](O)[C@@H]1O	5.376750709602099	<rdkit.Chem.rdchem.Mol object at 0x7f870f98c580>
3451	CHEMBL2165586	nM	10360.0	C[C@@H]1O[C@@H](OC[C@H]2O[C@@H](Oc3cc(O)c4c(c3)O[C@H](c3ccc(O)c(O)c3)CC4=O)[C@H](O)[C@@H](O)[C@@H]2O)[C@H](O)[C@H](O)[C@H]1O	3.9846402445907856	<rdkit.Chem.rdchem.Mol object at 0x7f870f98c5f0>
3452	CHEMBL592005	nM	1410.0	COc1cc(-c2[o+]c3cc(O)cc(O)c3cc2O)cc(OC)c1O.[Cl-]	4.85078088734462	<rdkit.Chem.rdchem.Mol object at 0x7f870f98c660>
3453	CHEMBL145	nM	3370.0	O=C(O)/C=C/c1ccc(O)c(O)c1	4.4723700991286615	<rdkit.Chem.rdchem.Mol object at 0x7f870f98c6d0>
3454	CHEMBL511367	nM	1410.0	Oc1cc(O)c2cc(O)c(-c3ccc(O)c(O)c3)[o+]c2c1.[Cl-]	4.85078088734462	<rdkit.Chem.rdchem.Mol object at 0x7f870f98c740>
3455	CHEMBL165	nM	0.6	Oc1ccc(/C=C/c2cc(O)cc(O)c2)cc1	8.221848749616356	<rdkit.Chem.rdchem.Mol object at 0x7f870f98c7b0>
3456	CHEMBL44	nM	480.0	O=c1c(-c2ccc(O)cc2)coc2cc(O)cc(O)c12	5.318758762624412	<rdkit.Chem.rdchem.Mol object at 0x7f870f98c820>
3457	CHEMBL9352	nM	240.0	O=C1C[C@@H](c2ccc(O)cc2)Oc2cc(O)cc(O)c21	5.619788758288394	<rdkit.Chem.rdchem.Mol object at 0x7f870f98c890>
3458	CHEMBL399121	nM	280.0	COc1ccc([C@@H]2CC(=O)c3c(O)cc(O)cc3O2)cc1O	5.552841968657781	<rdkit.Chem.rdchem.Mol object at 0x7f870f98c900>
3459	CHEMBL275638	nM	170.0	O=c1cc(-c2ccccc2)oc2ccccc12	5.769551078621726	<rdkit.Chem.rdchem.Mol object at 0x7f870f98c970>
3460	CHEMBL28	nM	140.0	O=c1cc(-c2ccc(O)cc2)oc2cc(O)cc(O)c12	5.853871964321762	<rdkit.Chem.rdchem.Mol object at 0x7f870f98c9e0>
3461	CHEMBL151	nM	120.0	O=c1cc(-c2ccc(O)c(O)c2)oc2cc(O)cc(O)c12	5.920818753952375	<rdkit.Chem.rdchem.Mol object at 0x7f870f98ca50>
3462	CHEMBL4246951	nM	28274.10476036332	Brc1nc2n(n1)CC(c1cc3ccccc3o1)=NN2	3.548611137199655	<rdkit.Chem.rdchem.Mol object at 0x7f870f98cac0>
3463	CHEMBL4247480	nM	1.12	Cc1ccc2nc(CNc3nc(C)cs3)n(/N=C/c3ccc(O)cc3)c(=O)c2c1	7.950781977329818	<rdkit.Chem.rdchem.Mol object at 0x7f870f98cb30>
3464	CHEMBL4238698	nM	1.22	Cc1csc(NC2c3cc(I)ccc3N=C(c3ccccc3)N2/N=C/c2cccc([N+](=O)[O-])c2)n1	7.913640169325252	<rdkit.Chem.rdchem.Mol object at 0x7f870f98cba0>
3465	CHEMBL4242883	nM	1.62	COc1ccc(/C=N/N2C(c3ccccc3)=Nc3ccc(I)cc3C2Nc2nccs2)cc1	7.790484985457369	<rdkit.Chem.rdchem.Mol object at 0x7f870f98cc10>
3466	CHEMBL4249193	nM	1.33	O=[N+]([O-])c1cccc(/C=N/N2C(c3ccccc3)=Nc3ccccc3C2Nc2nccs2)c1	7.876148359032914	<rdkit.Chem.rdchem.Mol object at 0x7f870f98cc80>
3467	CHEMBL4239107	nM	0.76	O=[N+]([O-])c1cccc(/C=N/N2C(c3ccccc3)=Nc3ccc(I)cc3C2Nc2nccs2)c1	8.119186407719209	<rdkit.Chem.rdchem.Mol object at 0x7f870f98ccf0>
3468	CHEMBL4250492	nM	13.999999999999996	N[C@@H](CCn1cc(-c2ccncc2)nn1)Cc1cc(F)c(F)cc1F	6.853871964321762	<rdkit.Chem.rdchem.Mol object at 0x7f870f98cd60>
3469	CHEMBL4246674	nM	19.6	CC(C)=CCn1c(N2CCCC(N)C2)nc2c1c(=O)n(Cc1ccccc1C#N)c(=O)n2C	6.707743928643524	<rdkit.Chem.rdchem.Mol object at 0x7f870f98cdd0>
3470	CHEMBL4246222	nM	232.8	NCc1c(-c2ccc(Cl)cc2Cl)n(C[SH](=O)=O)c2ccccc12	5.633017024022149	<rdkit.Chem.rdchem.Mol object at 0x7f870f98ce40>
3471	CHEMBL4241283	nM	3.4	CC(C)(C)[C@H](N)C(=O)N1CCSCC1	7.468521082957745	<rdkit.Chem.rdchem.Mol object at 0x7f870f98ceb0>
3472	CHEMBL4250956	nM	6.29	CC(C)C[C@H](N)C(=O)N1CCSCC1	7.201349354554731	<rdkit.Chem.rdchem.Mol object at 0x7f870f98cf20>
3473	CHEMBL4241366	nM	6.93	CCC(C)[C@H](N)C(=O)N1CCSCC1	7.159266765388193	<rdkit.Chem.rdchem.Mol object at 0x7f870f98cf90>
3474	CHEMBL1976036	nM	3440.0	O=C(N/N=C/c1cccc2ccccc12)c1[nH]nc2c1CCCC2	4.46344155742847	<rdkit.Chem.rdchem.Mol object at 0x7f870f98d000>
3475	CHEMBL4247286	nM	2120.0	O=C(N/N=C/c1c(O)ccc2ccccc12)c1n[nH]c2c1CCCC2	4.673664139071248	<rdkit.Chem.rdchem.Mol object at 0x7f870f98d070>
3476	CHEMBL4250558	nM	94.82	O=C(CNC(=O)C1CCCN(S(=O)(=O)c2ccccc2)C1)Nc1ccc(Cl)cc1	6.023100049017062	<rdkit.Chem.rdchem.Mol object at 0x7f870f98d0e0>
3477	CHEMBL4245414	nM	3730.0	O=C(CN1CCN(c2ccnc3cc(Cl)ccc23)CC1)N1CCCC1	4.428291168191312	<rdkit.Chem.rdchem.Mol object at 0x7f870f98d150>
3478	CHEMBL4241199	nM	720.0	COC(=O)c1cn([C@@H]2CN[C@H](C(=O)N3CCC(F)(F)C3)C2)nn1	5.142667503568732	<rdkit.Chem.rdchem.Mol object at 0x7f870f98d1c0>
3479	CHEMBL4249750	nM	660.0	O=C([C@@H]1C[C@H](n2cc(-c3ccccc3)nn2)CN1)N1CCC(F)(F)C1	5.180456064458132	<rdkit.Chem.rdchem.Mol object at 0x7f870f98d230>
3480	CHEMBL4240687	nM	1320.0	Cc1cc(-c2cn([C@@H]3CN[C@H](C(=O)N4CCC(F)(F)C4)C3)nn2)ccc1F	4.87942606879415	<rdkit.Chem.rdchem.Mol object at 0x7f870f98d2a0>
3481	CHEMBL4247814	nM	1270.0	CC1(C)[C@@H]2CC[C@@]1(C)[C@H](NCC(=O)N1CCC[C@H]1C#N)C2	4.896196279044043	<rdkit.Chem.rdchem.Mol object at 0x7f870f98d310>
3482	CHEMBL4242321	nM	1780.0	CC1(C)[C@H]2CC[C@]1(C)[C@@H](NCC(=O)N1CCC[C@H]1C#N)C2	4.749579997691106	<rdkit.Chem.rdchem.Mol object at 0x7f870f98d380>
3483	CHEMBL4238169	nM	15780.0	CC1(C)[C@H]2CC[C@]1(C)C(=O)[C@H]2NCC(=O)N1CCC[C@H]1C#N	3.8018930011265986	<rdkit.Chem.rdchem.Mol object at 0x7f870f98d3f0>
3484	CHEMBL4238607	nM	7580.0	CC1(C)[C@H]2CC[C@]1(C)[C@@H](O)[C@H]2NCC(=O)N1CCC[C@H]1C#N	4.120330794367947	<rdkit.Chem.rdchem.Mol object at 0x7f870f98d460>
3485	CHEMBL4554062	nM	68510.0	CC(C)CNc1nc2scnn2c(=O)c1[N+](=O)[O-]	3.1642460324806168	<rdkit.Chem.rdchem.Mol object at 0x7f870f98d4d0>
3486	CHEMBL4535561	nM	76170.0	CC(C)Nc1nc2scnn2c(=O)c1[N+](=O)[O-]	3.118216044406615	<rdkit.Chem.rdchem.Mol object at 0x7f870f98d540>
3487	CHEMBL4525051	nM	121300.0	O=c1c([N+](=O)[O-])c(NCCO)nc2scnn12	2.916139199133427	<rdkit.Chem.rdchem.Mol object at 0x7f870f98d5b0>
3488	CHEMBL4571225	nM	55870.0	O=c1c([N+](=O)[O-])c(NCCc2ccc(Cl)cc2)nc2scnn12	3.2528213286398358	<rdkit.Chem.rdchem.Mol object at 0x7f870f98d620>
3489	CHEMBL4516388	nM	223.0	O=C(CCCCCO)N[C@@H](CC(=O)N1CCn2c(nnc2C(F)(F)F)C1)Cc1cc(F)c(F)cc1F	5.651695136951839	<rdkit.Chem.rdchem.Mol object at 0x7f870f98d690>
3490	CHEMBL4464592	nM	226.0	O=C(CCCCO)N[C@@H](CC(=O)N1CCn2c(nnc2C(F)(F)F)C1)Cc1cc(F)c(F)cc1F	5.645891560852599	<rdkit.Chem.rdchem.Mol object at 0x7f870f98d700>
3491	CHEMBL4458307	nM	208.0	O=C(CCCO)N[C@@H](CC(=O)N1CCn2c(nnc2C(F)(F)F)C1)Cc1cc(F)c(F)cc1F	5.681936665037238	<rdkit.Chem.rdchem.Mol object at 0x7f870f98d770>
3492	CHEMBL4537702	nM	217.0	O=C(CO)N[C@@H](CC(=O)N1CCn2c(nnc2C(F)(F)F)C1)Cc1cc(F)c(F)cc1F	5.663540266151471	<rdkit.Chem.rdchem.Mol object at 0x7f870f98d7e0>
3493	CHEMBL4524414	nM	60.0	O=C(CCCCCO[N+](=O)[O-])N[C@@H](CC(=O)N1CCn2c(nnc2C(F)(F)F)C1)Cc1cc(F)c(F)cc1F	6.221848749616356	<rdkit.Chem.rdchem.Mol object at 0x7f870f98d850>
3494	CHEMBL4577865	nM	170.0	O=C(CCCCO[N+](=O)[O-])N[C@@H](CC(=O)N1CCn2c(nnc2C(F)(F)F)C1)Cc1cc(F)c(F)cc1F	5.769551078621726	<rdkit.Chem.rdchem.Mol object at 0x7f870f98d8c0>
3495	CHEMBL4437841	nM	197.0	O=C(CCCO[N+](=O)[O-])N[C@@H](CC(=O)N1CCn2c(nnc2C(F)(F)F)C1)Cc1cc(F)c(F)cc1F	5.705533773838407	<rdkit.Chem.rdchem.Mol object at 0x7f870f98d930>
3496	CHEMBL4434648	nM	190.0	O=C(CO[N+](=O)[O-])N[C@@H](CC(=O)N1CCn2c(nnc2C(F)(F)F)C1)Cc1cc(F)c(F)cc1F	5.721246399047171	<rdkit.Chem.rdchem.Mol object at 0x7f870f98d9a0>
3497	CHEMBL4535549	nM	3830000.0	CC[C@H](C)[C@H](NC(=O)[C@H](CC(C)C)NC(=O)[C@@H]1CCCN1C(=O)[C@H](CC(C)C)NC(=O)[C@@H]1CCCN1C(=O)[C@@H](NC(=O)CN)[C@@H](C)CC)C(=O)O	1.4168012260313771	<rdkit.Chem.rdchem.Mol object at 0x7f870f98da10>
3498	CHEMBL4446618	nM	1.7	CC#CCn1c(N2CCC[C@@H](N)C2)cc(=O)n(Cc2cccc(F)c2C(=O)O)c1=O	7.769551078621726	<rdkit.Chem.rdchem.Mol object at 0x7f870f98da80>
3499	CHEMBL4452518	nM	1.98	CC#CCn1c(N2CCC[C@@H](N)C2)nc2c1c(=O)n(Cc1ccccc1C(=O)O)c(=O)n2C	7.703334809738469	<rdkit.Chem.rdchem.Mol object at 0x7f870f98daf0>
3500	CHEMBL4441220	nM	10.21	CC#CCn1c(N2CCC[C@@H](N)C2)nc2c1c(=O)n(Cc1cccc(F)c1C(=O)O)c(=O)n2C	6.99097425791309	<rdkit.Chem.rdchem.Mol object at 0x7f870f98db60>
3501	CHEMBL4528994	nM	2.35	CC#CCn1c(N2CCC[C@@H](N)C2)nc2c1c(=O)n(Cc1ccc(F)cc1C(=O)O)c(=O)n2C	7.628932137728263	<rdkit.Chem.rdchem.Mol object at 0x7f870f98dbd0>
3502	CHEMBL4458949	nM	3.9	CC#CCn1c(N2CCC[C@@H](N)C2)nc2c1c(=O)n(Cc1c(Cl)cccc1C(=O)O)c(=O)n2C	7.4089353929735005	<rdkit.Chem.rdchem.Mol object at 0x7f870f98dc40>
3503	CHEMBL4465482	nM	0.18	CC#CCn1c(N2CCC[C@@H](N)C2)nc2c1c(=O)n(Cc1cc(Cl)ccc1C(=O)O)c(=O)n2C	8.744727494896694	<rdkit.Chem.rdchem.Mol object at 0x7f870f98dcb0>
3504	CHEMBL4448186	nM	0.1	CC#CCn1c(N2CCC[C@@H](N)C2)nc2c1c(=O)n(Cc1ccc(Cl)cc1C(=O)O)c(=O)n2C	9.0	<rdkit.Chem.rdchem.Mol object at 0x7f870f98dd20>
3505	CHEMBL4544024	nM	1.05	CC#CCn1c(N2CCC[C@@H](N)C2)nc2c1c(=O)n(Cc1c(Br)cccc1C(=O)O)c(=O)n2C	7.978810700930062	<rdkit.Chem.rdchem.Mol object at 0x7f870f98dd90>
3506	CHEMBL4536341	nM	0.72	CC#CCn1c(N2CCC[C@@H](N)C2)nc2c1c(=O)n(Cc1cc(Br)ccc1C(=O)O)c(=O)n2C	8.142667503568731	<rdkit.Chem.rdchem.Mol object at 0x7f870f98de00>
3507	CHEMBL4461587	nM	0.22	CC#CCn1c(N2CCC[C@@H](N)C2)nc2c1c(=O)n(Cc1ccc(Br)cc1C(=O)O)c(=O)n2C	8.657577319177793	<rdkit.Chem.rdchem.Mol object at 0x7f870f98de70>
3508	CHEMBL4458832	nM	5.99	CC#CCn1c(N2CCC[C@@H](N)C2)nc2c1c(=O)n(Cc1c(OC)cccc1C(=O)O)c(=O)n2C	7.2225731776106885	<rdkit.Chem.rdchem.Mol object at 0x7f870f98dee0>
3509	CHEMBL4588692	nM	0.44	CC#CCn1c(N2CCC[C@@H](N)C2)nc2c1c(=O)n(Cc1cc(OC)ccc1C(=O)O)c(=O)n2C	8.356547323513812	<rdkit.Chem.rdchem.Mol object at 0x7f870f98df50>
3510	CHEMBL4464069	nM	2.43	CC#CCn1c(N2CCC[C@@H](N)C2)nc2c1c(=O)n(Cc1cc(C#N)ccc1C(=O)O)c(=O)n2C	7.614393726401688	<rdkit.Chem.rdchem.Mol object at 0x7f870f98dfc0>
3511	CHEMBL4435383	nM	2.91	CC#CCn1c(N2CCC[C@@H](N)C2)nc2c1c(=O)n(Cc1ccccc1C(=O)OC)c(=O)n2C	7.536107011014093	<rdkit.Chem.rdchem.Mol object at 0x7f870f98e030>
3512	CHEMBL4590999	nM	5.06	CC#CCn1c(N2CCC[C@@H](N)C2)nc2c1c(=O)n(Cc1cccc(F)c1C(=O)OC)c(=O)n2C	7.295849483160201	<rdkit.Chem.rdchem.Mol object at 0x7f870f98e0a0>
3513	CHEMBL4465448	nM	50.9	CC#CCn1c(N2CCC[C@@H](N)C2)nc2c1c(=O)n(Cc1c(Cl)cccc1C(=O)OC)c(=O)n2C	6.293282217663242	<rdkit.Chem.rdchem.Mol object at 0x7f870f98e110>
3514	CHEMBL4458152	nM	5.61	CC#CCn1c(N2CCC[C@@H](N)C2)nc2c1c(=O)n(Cc1cc(Cl)ccc1C(=O)OC)c(=O)n2C	7.251037138743839	<rdkit.Chem.rdchem.Mol object at 0x7f870f98e180>
3515	CHEMBL4567320	nM	20.48	CC#CCn1c(N2CCC[C@@H](N)C2)nc2c1c(=O)n(Cc1ccc(Cl)cc1C(=O)OC)c(=O)n2C	6.688670047696207	<rdkit.Chem.rdchem.Mol object at 0x7f870f98e1f0>
3516	CHEMBL4468590	nM	74.43	CC#CCn1c(N2CCC[C@@H](N)C2)nc2c1c(=O)n(Cc1ccc(Cl)cc1C(=O)OCC)c(=O)n2C	6.128251981008129	<rdkit.Chem.rdchem.Mol object at 0x7f870f98e260>
3517	CHEMBL4465374	nM	22.09	CC#CCn1c(N2CCC[C@@H](N)C2)nc2c1c(=O)n(Cc1ccc(Br)cc1C(=O)OC)c(=O)n2C	6.655804284128565	<rdkit.Chem.rdchem.Mol object at 0x7f870f98e2d0>
3518	CHEMBL4528149	nM	85.48	CC#CCn1c(N2CCC[C@@H](N)C2)nc2c1c(=O)n(Cc1ccc(Br)cc1C(=O)OCC)c(=O)n2C	6.068135486507968	<rdkit.Chem.rdchem.Mol object at 0x7f870f98e340>
3519	CHEMBL4454091	nM	0.75	CCOC(=O)N1CCN(c2ccc3nnc(-c4cccc(C)c4)n3n2)CC1	8.1249387366083	<rdkit.Chem.rdchem.Mol object at 0x7f870f98e3b0>
3520	CHEMBL4529301	nM	2.25	Cc1cccc(-c2nnc3ccc(N4CCN(C(=O)c5ccccc5)CC4)nn23)c1	7.647817481888637	<rdkit.Chem.rdchem.Mol object at 0x7f870f98e420>
3521	CHEMBL4547171	nM	2.0	Cc1cccc(-c2nnc3ccc(N4CCN(Cc5ccc(F)cc5)CC4)nn23)c1	7.698970004336019	<rdkit.Chem.rdchem.Mol object at 0x7f870f98e490>
3522	CHEMBL4460852	nM	1.75	Cc1cccc(-c2nnc3ccc(N4CCN(C(c5ccccc5)c5ccccc5)CC4)nn23)c1	7.756961951313706	<rdkit.Chem.rdchem.Mol object at 0x7f870f98e500>
3523	CHEMBL4436620	nM	74.6	CC#CCn1c(N2CCC[C@@H](N)C2)cc(=O)n(Cc2ccccc2C(=O)OC)c1=O	6.127261172527331	<rdkit.Chem.rdchem.Mol object at 0x7f870f98e570>
3524	CHEMBL4530011	nM	56.6	CC#CCn1c(N2CCC[C@@H](N)C2)cc(=O)n(Cc2ccccc2CC(=O)OC)c1=O	6.247183568811728	<rdkit.Chem.rdchem.Mol object at 0x7f870f98e5e0>
3525	CHEMBL4538597	nM	7.499999999999999	CC#CCn1c(N2CCC[C@@H](N)C2)cc(=O)n(Cc2ccccc2C(=O)O)c1=O	7.1249387366083	<rdkit.Chem.rdchem.Mol object at 0x7f870f98e650>
3526	CHEMBL4468423	nM	89.8	CC#CCn1c(N2CCC[C@@H](N)C2)cc(=O)n(Cc2ccccc2CC(=O)O)c1=O	6.0467236633326955	<rdkit.Chem.rdchem.Mol object at 0x7f870f98e6c0>
3527	CHEMBL4438210	nM	7.6	CC#CCn1c(N2CCC[C@@H](N)C2)cc(=O)n(Cc2ccc(F)cc2C(=O)O)c1=O	7.119186407719209	<rdkit.Chem.rdchem.Mol object at 0x7f870f98e730>
3528	CHEMBL4562685	nM	3.9	CC#CCn1c(N2CCC[C@@H](N)C2)cc(=O)n(Cc2ccc(Cl)cc2C(=O)O)c1=O	7.4089353929735005	<rdkit.Chem.rdchem.Mol object at 0x7f870f98e7a0>
3529	CHEMBL4527363	nM	4.6	CC#CCn1c(N2CCC[C@@H](N)C2)cc(=O)n(Cc2ccc(Br)cc2C(=O)O)c1=O	7.337242168318426	<rdkit.Chem.rdchem.Mol object at 0x7f870f98e810>
3530	CHEMBL4558007	nM	2.5	CC#CCn1c(N2CCC[C@@H](N)C2)cc(=O)n(Cc2cc(Br)ccc2C(=O)O)c1=O	7.6020599913279625	<rdkit.Chem.rdchem.Mol object at 0x7f870f98e880>
3531	CHEMBL4581959	nM	4.0	CC#CCn1c(N2CCC[C@@H](N)C2)cc(=O)n(Cc2cc(OC)ccc2C(=O)O)c1=O	7.3979400086720375	<rdkit.Chem.rdchem.Mol object at 0x7f870f98e8f0>
3532	CHEMBL4516959	nM	3.5	CC#CCn1c(N2CCC[C@@H](N)C2)cc(=O)n(Cc2cc(C#N)ccc2C(=O)O)c1=O	7.455931955649724	<rdkit.Chem.rdchem.Mol object at 0x7f870f98e960>
3533	CHEMBL4453917	nM	93.20000000000005	CC#CCn1c(N2CCC[C@@H](N)C2)cc(=O)n(Cc2cccc(F)c2C(=O)OC)c1=O	6.030584087646019	<rdkit.Chem.rdchem.Mol object at 0x7f870f98e9d0>
3534	CHEMBL4445783	nM	395.0	CC#CCn1c(N2CCC[C@@H](N)C2)cc(=O)n(Cc2cc(Br)ccc2C(=O)OC)c1=O	5.403402904373539	<rdkit.Chem.rdchem.Mol object at 0x7f870f98ea40>
3535	CHEMBL4557196	nM	4376.0	CC#CCn1c(N2CCC[C@@H](N)C2)nc2c1c(=O)nc1n2CCCN1Cc1nc(C)c2ccccc2n1	4.358922686674625	<rdkit.Chem.rdchem.Mol object at 0x7f870f98eab0>
3536	CHEMBL4465057	nM	790.0	CC#CCn1c(N2CCC[C@@H](N)C2)nc2c1c(=O)nc1n2CCCN1Cc1ccc(OC)cc1	5.102372908709558	<rdkit.Chem.rdchem.Mol object at 0x7f870f98eb20>
3537	CHEMBL4537708	nM	483.0	CC#CCn1c(N2CCC[C@@H](N)C2)nc2c1c(=O)nc1n2CCCN1Cc1cccc2ccccc12	5.316052869248487	<rdkit.Chem.rdchem.Mol object at 0x7f870f98eb90>
3538	CHEMBL4591675	nM	421.0	CC#CCn1c(N2CCC[C@@H](N)C2)nc2c1c(=O)nc1n2CCCN1CC(=O)c1ccccc1	5.375717904164332	<rdkit.Chem.rdchem.Mol object at 0x7f870f98ec00>
3539	CHEMBL4443070	nM	538.0	Cc1nc(CN2C(=O)c3c(nc(N4CCC[C@@H](N)C4)n3CC#N)N3CCN=C23)nc2ccccc12	5.269217724333611	<rdkit.Chem.rdchem.Mol object at 0x7f870f98ec70>
3540	CHEMBL4464819	nM	4.41	Cc1nc(CN2C(=O)c3c(nc(N4CCC[C@@H](N)C4)n3CC(=O)C3CC3)N3CCN=C23)nc2ccccc12	7.355561410532162	<rdkit.Chem.rdchem.Mol object at 0x7f870f98ece0>
3541	CHEMBL4563476	nM	28.7	Cc1nc(CN2C(=O)c3c(nc(N4CCC[C@@H](N)C4)n3Cc3cc(F)cs3)N3CCN=C23)nc2ccccc12	6.542118103266008	<rdkit.Chem.rdchem.Mol object at 0x7f870f98ed50>
3542	CHEMBL4516443	nM	11.2	CC#CCn1c(N2CCC[C@@H](N)C2)nc2c1C(=O)N(Cc1cccc(C#N)c1)C1=NCCN12	6.950781977329818	<rdkit.Chem.rdchem.Mol object at 0x7f870f98edc0>
3543	CHEMBL4568895	nM	10.0	CC#CCn1c(N2CCC[C@@H](N)C2)nc2c1C(=O)N(Cc1ccc(C#N)cc1)C1=NCCN12	7.0	<rdkit.Chem.rdchem.Mol object at 0x7f870f98ee30>
3544	CHEMBL4456228	nM	3900.0	O=c1[nH]c(=O)c2c(nc(N3CCNCC3)n2Cc2ccccc2)[nH]1	4.4089353929735005	<rdkit.Chem.rdchem.Mol object at 0x7f870f98eea0>
3545	CHEMBL4635433	nM	48.9	N[C@H]1C[C@@H](N2CCC(F)(F)C2)[C@@H](C(F)(F)F)O[C@@H]1c1cc(F)ccc1F	6.310691140876379	<rdkit.Chem.rdchem.Mol object at 0x7f870f98ef10>
3546	CHEMBL4640183	nM	18.2	N[C@H]1C[C@@H](N2Cc3c[nH]nc3C2)[C@@H](C(F)(F)F)O[C@@H]1c1cc(F)ccc1F	6.739928612014925	<rdkit.Chem.rdchem.Mol object at 0x7f870f98ef80>
3547	CHEMBL4634272	nM	20.6	CCOC(=O)c1nc2c(n1C)CN([C@@H]1C[C@H](N)[C@@H](c3cc(F)ccc3F)O[C@@H]1C(F)(F)F)C2	6.686132779630847	<rdkit.Chem.rdchem.Mol object at 0x7f870f98eff0>
3548	CHEMBL4644314	nM	7.1	Cn1c(C(N)=O)nc2c1CN([C@@H]1C[C@H](N)[C@@H](c3cc(F)ccc3F)O[C@@H]1C(F)(F)F)C2	7.1487416512809245	<rdkit.Chem.rdchem.Mol object at 0x7f870f98f060>
3549	CHEMBL4641763	nM	3.9	CS(=O)(=O)n1cc2c(n1)CN([C@@H]1C[C@H](N)[C@@H](c3cc(F)c(F)cc3F)O[C@@H]1C(F)(F)F)C2	7.4089353929735005	<rdkit.Chem.rdchem.Mol object at 0x7f870f98f0d0>
3550	CHEMBL4634474	nM	26.5	N[C@H]1C[C@@H](N2Cc3cn(S(=O)(=O)C4CCCC4)nc3C2)[C@@H](C(F)(F)F)O[C@@H]1c1cc(F)ccc1F	6.576754126063192	<rdkit.Chem.rdchem.Mol object at 0x7f870f98f140>
3551	CHEMBL4636223	nM	11.7	N[C@H]1C[C@@H](N2Cc3cn(S(=O)(=O)C4CC4)nc3C2)[C@@H](C(F)(F)F)O[C@@H]1c1cc(F)ccc1F	6.931814138253839	<rdkit.Chem.rdchem.Mol object at 0x7f870f98f1b0>
3552	CHEMBL4649110	nM	60.0	CCS(=O)(=O)n1cc2c(n1)CN([C@@H]1C[C@H](N)[C@@H](c3cc(F)ccc3F)O[C@@H]1C(F)(F)F)C2	6.221848749616356	<rdkit.Chem.rdchem.Mol object at 0x7f870f98f220>
3553	CHEMBL4646510	nM	4.2	CS(=O)(=O)n1cc2c(n1)CN([C@@H]1C[C@H](N)[C@@H](c3cc(F)ccc3F)O[C@@H]1C(F)(F)F)C2	7.376750709602099	<rdkit.Chem.rdchem.Mol object at 0x7f870f98f290>
3554	CHEMBL4640418	nM	22.1	CS(=O)(=O)n1cc2c(n1)CN([C@H]1CO[C@H](c3cc(F)ccc3F)[C@@H](N)[C@H]1F)C2	6.655607726314889	<rdkit.Chem.rdchem.Mol object at 0x7f870f98f300>
3555	CHEMBL4641140	nM	2.8	Cc1ccc(NS(=O)(=O)c2ccc3c(c2)CCCC3)cc1	7.552841968657781	<rdkit.Chem.rdchem.Mol object at 0x7f870f98f370>
3556	CHEMBL4636081	nM	28.619999999999994	CC#CCn1c(N2CCC[C@@H](N)C2)cc(=O)n(Cc2cn(CC(=O)N(C)C)nn2)c1=O	6.543330370576243	<rdkit.Chem.rdchem.Mol object at 0x7f870f98f3e0>
3557	CHEMBL4647761	nM	5.78	CC#CCn1c(N2CCC[C@H](N)C2)cc(=O)n(Cc2nc(C)c3cc(C)ccc3n2)c1=O	7.2380721615794705	<rdkit.Chem.rdchem.Mol object at 0x7f870f98f450>
3558	CHEMBL4642801	nM	6.0	N[C@@H]1CN(c2ncc(Oc3c[nH]nc3C3=CCC(F)(F)CC3)cn2)C[C@@H]1c1cc(F)c(F)cc1F	7.221848749616356	<rdkit.Chem.rdchem.Mol object at 0x7f870f98f4c0>
3559	CHEMBL4649180	nM	2.07	CC#CCN1C(N2CCC[C@H](N)C2)=NC2C1C(=O)N(C(C)c1nc(C)c3ccccc3n1)C(=O)N2C	7.684029654543083	<rdkit.Chem.rdchem.Mol object at 0x7f870f98f530>
3560	CHEMBL4632896	nM	2.72	CCOC(=O)c1c(C(C)C)cc(C(C)C)c(C(=O)OCC)c1-c1cc2ccc(-c3ccc4c(C)cccc4c3)cc2[nH]1	7.565431095965801	<rdkit.Chem.rdchem.Mol object at 0x7f870f98f5a0>
3561	CHEMBL4638480	nM	0.76	O=[N+]([O-])c1cccc(/C=N/N2C(c3ccccc3)=Nc3ccc(I)cc3C2NC2NC=CS2)c1	8.119186407719209	<rdkit.Chem.rdchem.Mol object at 0x7f870f98f610>
3562	CHEMBL4647956	nM	247.0	Cl.N#C[C@@H]1CCCN1C(=O)[C@@H](N)Cc1ccc(-c2cn(C3CC3)nn2)cc1	5.607303046740334	<rdkit.Chem.rdchem.Mol object at 0x7f870f98f680>
3563	CHEMBL4638352	nM	12.0	N#C[C@@H]1CCCN1C(=O)CN(C(=O)CCCCCl)C12CC3CC(CC(O)(C3)C1)C2	6.920818753952375	<rdkit.Chem.rdchem.Mol object at 0x7f870f98f6f0>
3564	CHEMBL4761281	nM	230.0	CC#CCn1c(N2CCC[C@@H](N)C2)nc2c1c(=O)n(CCCN1CCC(c3nc(-c4ccccc4)no3)CC1)c(=O)n2C	5.638272163982407	<rdkit.Chem.rdchem.Mol object at 0x7f870f98f760>
3565	CHEMBL4762199	nM	47.0	CC#CCn1c(N2CCC[C@@H](N)C2)nc2c1c(=O)n(CCCN1CCC(n3cc(-c4ccccc4)nn3)CC1)c(=O)n2C	6.327902142064283	<rdkit.Chem.rdchem.Mol object at 0x7f870f98f7d0>
3566	CHEMBL4743350	nM	190.0	CC#CCn1c(N2CCC[C@@H](N)C2)nc2c1c(=O)n(CCCN1CCC(c3nc(-c4ccccc4)cs3)CC1)c(=O)n2C	5.721246399047171	<rdkit.Chem.rdchem.Mol object at 0x7f870f98f840>
3567	CHEMBL4744389	nM	44.0	CC#CCn1c(N2CCC[C@@H](N)C2)nc2c1c(=O)n(CCCN1CCC(c3nc(-c4ccccc4)c[nH]3)CC1)c(=O)n2C	6.356547323513812	<rdkit.Chem.rdchem.Mol object at 0x7f870f98f8b0>
3568	CHEMBL4750433	nM	120.0	CC#CCn1c(N2CCC[C@@H](N)C2)nc2c1c(=O)n(CCCN1CCC(c3ncc(-c4ccccc4)o3)CC1)c(=O)n2C	5.920818753952375	<rdkit.Chem.rdchem.Mol object at 0x7f870f98f920>
3569	CHEMBL4783756	nM	190.0	CC#CCn1c(N2CCC[C@@H](N)C2)nc2c1c(=O)n(CCCN1CCC(c3cc(-c4ccccc4)on3)CC1)c(=O)n2C	5.721246399047171	<rdkit.Chem.rdchem.Mol object at 0x7f870f98f990>
3570	CHEMBL4796411	nM	270.0	CC#CCn1c(N2CCC[C@@H](N)C2)nc2c1c(=O)n(CCCN1CCC(c3nnnn3-c3ccccc3)CC1)c(=O)n2C	5.568636235841013	<rdkit.Chem.rdchem.Mol object at 0x7f870f98fa00>
3571	CHEMBL4784857	nM	40.0	CC#CCn1c(N2CCC[C@@H](N)C2)nc2c1c(=O)n(CCCN1CCN(c3nc(-c4ccccc4)no3)CC1)c(=O)n2C	6.3979400086720375	<rdkit.Chem.rdchem.Mol object at 0x7f870f98fa70>
3572	CHEMBL4795875	nM	360.0	CC#CCn1c(N2CCC[C@@H](N)C2)nc2c1c(=O)n(CCCN1CCN(c3nc(-c4ccccc4)ns3)CC1)c(=O)n2C	5.443697499232712	<rdkit.Chem.rdchem.Mol object at 0x7f870f98fae0>
3573	CHEMBL4742337	nM	76.0	CC#CCn1c(N2CCC[C@@H](N)C2)nc2c1c(=O)n(CCCN1CCN(c3nnc(-c4ccccc4)[nH]3)CC1)c(=O)n2C	6.119186407719209	<rdkit.Chem.rdchem.Mol object at 0x7f870f98fb50>
3574	CHEMBL4799779	nM	83.0	CC#CCn1c(N2CCC[C@@H](N)C2)nc2c1c(=O)n(CCCN1CCN(c3cc(C)nn3-c3ccccc3)CC1)c(=O)n2C	6.080921907623926	<rdkit.Chem.rdchem.Mol object at 0x7f870f98fbc0>
3575	CHEMBL4740282	nM	59.0	CC#CCn1c(N2CCC[C@@H](N)C2)nc2c1c(=O)n(CCCN1CCN(c3nc(-c4ccccc4)cs3)CC1)c(=O)n2C	6.229147988357856	<rdkit.Chem.rdchem.Mol object at 0x7f870f98fc30>
3576	CHEMBL4782382	nM	680.0	CC#CCn1c(N2CCC[C@@H](N)C2)nc2c1c(=O)n(CCCN1CCN(c3noc(-c4ccccc4)n3)CC1)c(=O)n2C	5.167491087293763	<rdkit.Chem.rdchem.Mol object at 0x7f870f98fca0>
3577	CHEMBL4785060	nM	660.0	CC#CCn1c(N2CCC[C@@H](N)C2)nc2c1c(=O)n(CCCN1CCN(c3ncc(C)cn3)CC1)c(=O)n2C	5.180456064458132	<rdkit.Chem.rdchem.Mol object at 0x7f870f98fd10>
3578	CHEMBL4745258	nM	610.0	CC#CCn1c(N2CCC[C@@H](N)C2)nc2c1c(=O)n(CCCN1CCN(c3ncc(CC)cn3)CC1)c(=O)n2C	5.214670164989233	<rdkit.Chem.rdchem.Mol object at 0x7f870f98fd80>
3579	CHEMBL4776485	nM	590.0	CC#CCn1c(N2CCC[C@@H](N)C2)nc2c1c(=O)n(CCCN1CCN(c3ncc(CCC)cn3)CC1)c(=O)n2C	5.229147988357856	<rdkit.Chem.rdchem.Mol object at 0x7f870f98fdf0>
3580	CHEMBL4764779	nM	430.0	CC#CCn1c(N2CCC[C@@H](N)C2)nc2c1c(=O)n(CCCN1CCN(c3ncc(OC)cn3)CC1)c(=O)n2C	5.366531544420414	<rdkit.Chem.rdchem.Mol object at 0x7f870f98fe60>
3581	CHEMBL4749117	nM	350.0	CC#CCn1c(N2CCC[C@@H](N)C2)nc2c1c(=O)n(CCCN1CCN(c3ncc(F)cn3)CC1)c(=O)n2C	5.455931955649724	<rdkit.Chem.rdchem.Mol object at 0x7f870f98fed0>
3582	CHEMBL4751384	nM	740.0	CC#CCn1c(N2CCC[C@@H](N)C2)nc2c1c(=O)n(CCCN1CCN(c3ncc(C(F)(F)F)cn3)CC1)c(=O)n2C	5.130768280269024	<rdkit.Chem.rdchem.Mol object at 0x7f870f98ff40>
3583	CHEMBL4750352	nM	143.0	N[C@@H](CCn1cc(-c2ccccn2)nn1)Cc1cc(F)c(F)cc1F	5.844663962534939	<rdkit.Chem.rdchem.Mol object at 0x7f870f990040>
3584	CHEMBL4790735	nM	28.0	N[C@@H](CCn1cc(-c2cccnc2)nn1)Cc1cc(F)c(F)cc1F	6.552841968657781	<rdkit.Chem.rdchem.Mol object at 0x7f870f9900b0>
3585	CHEMBL4792546	nM	254.0	N[C@@H](CCn1ccnn1)Cc1cc(F)c(F)cc1F	5.5951662833800615	<rdkit.Chem.rdchem.Mol object at 0x7f870f990120>
3586	CHEMBL4747721	nM	133.0	Cc1cn(CC[C@H](N)Cc2cc(F)c(F)cc2F)nn1	5.876148359032914	<rdkit.Chem.rdchem.Mol object at 0x7f870f990190>
3587	CHEMBL4789426	nM	121.0	CC(C)(C)c1cn(CC[C@H](N)Cc2cc(F)c(F)cc2F)nn1	5.91721462968355	<rdkit.Chem.rdchem.Mol object at 0x7f870f990200>
3588	CHEMBL4790799	nM	305.0	N[C@@H](Cc1cn(-c2cccnc2)nn1)Cc1cc(F)c(F)cc1F	5.515700160653214	<rdkit.Chem.rdchem.Mol object at 0x7f870f990270>
3589	CHEMBL4763110	nM	427.0	N[C@@H](Cc1cn(-c2ccncc2)nn1)Cc1cc(F)c(F)cc1F	5.369572124974976	<rdkit.Chem.rdchem.Mol object at 0x7f870f9902e0>
3590	CHEMBL4745231	nM	265.0	N[C@@H](Cc1cn(-c2cccc3ncccc23)nn1)Cc1cc(F)c(F)cc1F	5.576754126063192	<rdkit.Chem.rdchem.Mol object at 0x7f870f990350>
3591	CHEMBL4798357	nM	780.0	N[C@@H](Cc1cn(-c2ccc3ncccc3c2)nn1)Cc1cc(F)c(F)cc1F	5.107905397309519	<rdkit.Chem.rdchem.Mol object at 0x7f870f9903c0>
3592	CHEMBL4746458	nM	8.8	N[C@H]1C[C@@H](N2Cc3cn(S(=O)(=O)NC(=O)c4ccccc4)nc3C2)CO[C@@H]1c1cc(F)ccc1F	7.055517327849832	<rdkit.Chem.rdchem.Mol object at 0x7f870f990430>
3593	CHEMBL4776573	nM	18.0	CS(=O)(=NS(=O)(=O)c1ccccc1)n1cc2c(n1)CN([C@H]1CO[C@H](c3cc(F)ccc3F)[C@@H](N)C1)C2	6.7447274948966935	<rdkit.Chem.rdchem.Mol object at 0x7f870f9904a0>
3594	CHEMBL4798053	nM	1200.0	Cc1ccc(Nc2cc(N3CCC[C@@H](N)C3)nc3ccnn23)c(N)c1	4.920818753952375	<rdkit.Chem.rdchem.Mol object at 0x7f870f990510>
3595	CHEMBL4787437	nM	9100.0	Cc1ccc(Nc2cc(N3CCC[C@@H](N)C3)nc3ccnn23)c(C)c1	4.040958607678906	<rdkit.Chem.rdchem.Mol object at 0x7f870f990580>
3596	CHEMBL4751895	nM	25300.0	N[C@@H]1CCCN(c2cc(Nc3ccccc3Cl)n3nccc3n2)C1	3.596879478824182	<rdkit.Chem.rdchem.Mol object at 0x7f870f9905f0>
3597	CHEMBL4760965	nM	17700.0	N[C@@H]1CCCN(c2cc(Nc3ccc(F)cc3F)n3nccc3n2)C1	3.7520267336381936	<rdkit.Chem.rdchem.Mol object at 0x7f870f990660>
3598	CHEMBL4753503	nM	22200.0	N[C@@H]1CCCN(c2cc(Nc3ccc(Cl)cc3Cl)n3nccc3n2)C1	3.653647025549361	<rdkit.Chem.rdchem.Mol object at 0x7f870f9906d0>
3599	CHEMBL4745889	nM	11700.0	N[C@@H]1CCCN(c2cc(Nc3ccccc3[N+](=O)[O-])n3nccc3n2)C1	3.9318141382538383	<rdkit.Chem.rdchem.Mol object at 0x7f870f990740>
3600	CHEMBL4743490	nM	300.0	N[C@@H]1CCCN(c2cc(NCc3ccccc3)n3nccc3n2)C1	5.522878745280337	<rdkit.Chem.rdchem.Mol object at 0x7f870f9907b0>
3601	CHEMBL4763718	nM	7900.0	N[C@@H]1CCCN(c2cc(NCc3ccc(O)cc3)n3nccc3n2)C1	4.102372908709558	<rdkit.Chem.rdchem.Mol object at 0x7f870f990820>
3602	CHEMBL4791597	nM	5700.0	N[C@@H]1CCCN(c2cc(NCc3ccc(Cl)cc3Cl)n3nccc3n2)C1	4.2441251443275085	<rdkit.Chem.rdchem.Mol object at 0x7f870f990890>
3603	CHEMBL4754343	nM	1100.0	N[C@@H]1CCCN(c2cc(NCCc3ccc(Cl)cc3Cl)n3nccc3n2)C1	4.958607314841775	<rdkit.Chem.rdchem.Mol object at 0x7f870f990900>
3604	CHEMBL4743516	nM	8100.0	Cc1ccnc(Nc2cc(N3CCC[C@@H](N)C3)nc3ccnn23)c1	4.0915149811213505	<rdkit.Chem.rdchem.Mol object at 0x7f870f990970>
3605	CHEMBL4786137	nM	14400.0	N[C@@H]1CCCN(c2cc(Nc3cc(F)ccn3)n3nccc3n2)C1	3.8416375079047502	<rdkit.Chem.rdchem.Mol object at 0x7f870f9909e0>
3606	CHEMBL4794801	nM	2400.0	N[C@@H]1CCCN(c2cc(Nc3cc(Cl)ccn3)n3nccc3n2)C1	4.619788758288394	<rdkit.Chem.rdchem.Mol object at 0x7f870f990a50>
3607	CHEMBL4779718	nM	31800.0	N[C@@H]1CCCN(c2cc(Nc3cc[nH]n3)n3nccc3n2)C1	3.4975728800155674	<rdkit.Chem.rdchem.Mol object at 0x7f870f990ac0>
3608	CHEMBL4764894	nM	800.0	Cc1ccc(Nc2cc(N3CCNCC3)nc3ccnn23)c(N)c1	5.096910013008056	<rdkit.Chem.rdchem.Mol object at 0x7f870f990b30>
3609	CHEMBL4752835	nM	1600.0	Cc1ccc(Nc2cc(N3CCNCC3)nc3ccnn23)c(C)c1	4.795880017344075	<rdkit.Chem.rdchem.Mol object at 0x7f870f990ba0>
3610	CHEMBL4782865	nM	23600.0	Clc1ccccc1Nc1cc(N2CCNCC2)nc2ccnn12	3.6270879970298933	<rdkit.Chem.rdchem.Mol object at 0x7f870f990c10>
3611	CHEMBL4798418	nM	400.0	Fc1ccc(Nc2cc(N3CCNCC3)nc3ccnn23)c(F)c1	5.3979400086720375	<rdkit.Chem.rdchem.Mol object at 0x7f870f990c80>
3612	CHEMBL4749086	nM	3500.0	O=[N+]([O-])c1ccccc1Nc1cc(N2CCNCC2)nc2ccnn12	4.455931955649724	<rdkit.Chem.rdchem.Mol object at 0x7f870f990cf0>
3613	CHEMBL4776878	nM	80500.0	CN(c1ccccc1)c1cc(N2CCNCC2)nc2ccnn12	3.0942041196321313	<rdkit.Chem.rdchem.Mol object at 0x7f870f990d60>
3614	CHEMBL4765147	nM	470.0	Clc1ccc(Nc2cc(N3CCNCC3)nc3ccnn23)c(Cl)c1	5.327902142064283	<rdkit.Chem.rdchem.Mol object at 0x7f870f990dd0>
3615	CHEMBL4764120	nM	89.0	Clc1ccc(CCNc2cc(N3CCNCC3)nc3ccnn23)c(Cl)c1	6.050609993355087	<rdkit.Chem.rdchem.Mol object at 0x7f870f990e40>
3616	CHEMBL4784434	nM	2.0	Fc1ccc(CNc2cc(N3CCNCC3)nc3ccnn23)c(F)c1	7.698970004336019	<rdkit.Chem.rdchem.Mol object at 0x7f870f990eb0>
3617	CHEMBL4754461	nM	2800.0	Cc1ccnc(Nc2cc(N3CCNCC3)nc3ccnn23)c1	4.552841968657781	<rdkit.Chem.rdchem.Mol object at 0x7f870f990f20>
3618	CHEMBL4747683	nM	2.0	CC#CCn1c(N2CCC[C@@H](N)C2)nc2c1c(=O)n(CC1=NC3C=CC=CC3C(C)=N1)c(=O)n2C	7.698970004336019	<rdkit.Chem.rdchem.Mol object at 0x7f870f990f90>
3619	CHEMBL4751873	nM	200.0	N#C[C@@H]1CC(F)(F)CN1C(=O)CNC(=O)c1csc(Cc2ccccc2Br)n1	5.698970004336019	<rdkit.Chem.rdchem.Mol object at 0x7f870f991000>
3620	CHEMBL4755802	nM	52020.0	N#C[C@@H]1CC(F)(F)CN1C(=O)CNC(=O)c1csc(Cc2cccc(Br)c2)n1	3.283829652140146	<rdkit.Chem.rdchem.Mol object at 0x7f870f991070>
3621	CHEMBL4779526	nM	68850.0	Cc1ccc(Cc2nc(C(=O)NCC(=O)N3CC(F)(F)C[C@H]3C#N)cs2)cc1	3.1620960554070576	<rdkit.Chem.rdchem.Mol object at 0x7f870f9910e0>
3622	CHEMBL4748662	nM	4120.0	C[S+]([O-])c1ccc(Cc2nc(C(=O)NCC(=O)N3CC(F)(F)C[C@H]3C#N)cs2)cc1	4.3851027839668655	<rdkit.Chem.rdchem.Mol object at 0x7f870f991150>
3623	CHEMBL4797479	nM	10110.0	CS(=O)(=O)c1ccc(Cc2nc(C(=O)NCC(=O)N3CC(F)(F)C[C@H]3C#N)cs2)cc1	3.995248844408999	<rdkit.Chem.rdchem.Mol object at 0x7f870f9911c0>
3624	CHEMBL4761499	nM	18710.0	N#C[C@@H]1CC(F)(F)CN1C(=O)CNC(=O)c1csc(Cc2ccc(-n3cncn3)cc2)n1	3.72792621249999	<rdkit.Chem.rdchem.Mol object at 0x7f870f991230>
3625	CHEMBL4781018	nM	82530.0	N#Cc1ccc(CCCc2nc(C(=O)NCC(=O)N3CC(F)(F)C[C@H]3C#N)cs2)cc1	3.083388154890654	<rdkit.Chem.rdchem.Mol object at 0x7f870f9912a0>
3626	CHEMBL4748680	nM	44560.0	N#Cc1ccc(SCc2nc(C(=O)NCC(=O)N3CC(F)(F)C[C@H]3C#N)cs2)cc1	3.3510548178343273	<rdkit.Chem.rdchem.Mol object at 0x7f870f991310>
3627	CHEMBL4789965	nM	76790.0	N#Cc1ccc(S(=O)(=O)Cc2nc(C(=O)NCC(=O)N3CC(F)(F)C[C@H]3C#N)cs2)cc1	3.1146953324110322	<rdkit.Chem.rdchem.Mol object at 0x7f870f991380>
3628	CHEMBL2425883	nM	106.3	CC#CCn1c(N2CCC[C@@H](N)C2)cc(=O)n(Cc2ccccc2)c1=O	5.973466735476704	<rdkit.Chem.rdchem.Mol object at 0x7f870f9913f0>
3629	CHEMBL4853464	nM	18.2	N#Cc1ccccc1Cn1c(N2CCC[C@@H](N)C2)cc(=O)n(Cc2ccccc2)c1=O	6.739928612014925	<rdkit.Chem.rdchem.Mol object at 0x7f870f991460>
3630	CHEMBL4862579	nM	9.2	CC#CCn1c(N2CCC[C@@H](N)C2)cc(=O)n(Cc2ccc(C(=O)OC)cc2)c1=O	7.036212172654444	<rdkit.Chem.rdchem.Mol object at 0x7f870f9914d0>
3631	CHEMBL4856604	nM	15.0	COC(=O)c1cccc(Cn2c(=O)cc(N3CCC[C@@H](N)C3)n(Cc3ccccc3C#N)c2=O)c1	6.823908740944319	<rdkit.Chem.rdchem.Mol object at 0x7f870f991540>
3632	CHEMBL4864734	nM	20.2	COC(=O)c1ccc(Cn2c(=O)cc(N3CCC[C@@H](N)C3)n(Cc3ccccc3C#N)c2=O)cc1	6.694648630553377	<rdkit.Chem.rdchem.Mol object at 0x7f870f9915b0>
3633	CHEMBL4874467	nM	9.1	CC#CCn1c(N2CCC[C@@H](N)C2)cc(=O)n(Cc2cccc(C(=O)NCC(=O)OC)c2)c1=O	7.040958607678906	<rdkit.Chem.rdchem.Mol object at 0x7f870f991620>
3634	CHEMBL4867117	nM	47.6	CC#CCn1c(N2CCC[C@@H](N)C2)cc(=O)n(Cc2cccc(C(=O)N3CCC[C@@H]3C(=O)OC)c2)c1=O	6.3223930472795065	<rdkit.Chem.rdchem.Mol object at 0x7f870f991690>
3635	CHEMBL4858093	nM	23.7	CC#CCn1c(N2CCC[C@@H](N)C2)cc(=O)n(Cc2cccc(C(=O)N[C@@H](C)C(=O)OC)c2)c1=O	6.6252516539898965	<rdkit.Chem.rdchem.Mol object at 0x7f870f991700>
3636	CHEMBL4869930	nM	6.9	CC#CCn1c(N2CCC[C@@H](N)C2)cc(=O)n(Cc2cccc(C(=O)NCC(=O)O)c2)c1=O	7.161150909262744	<rdkit.Chem.rdchem.Mol object at 0x7f870f991770>
3637	CHEMBL4859630	nM	34.6	CC#CCn1c(N2CCC[C@@H](N)C2)cc(=O)n(Cc2cccc(C(=O)N3CCC[C@H]3C(=O)O)c2)c1=O	6.460923901207224	<rdkit.Chem.rdchem.Mol object at 0x7f870f9917e0>
3638	CHEMBL4871197	nM	19.1	CC#CCn1c(N2CCC[C@@H](N)C2)cc(=O)n(Cc2cccc(C(=O)N3CCC[C@@H]3C(=O)O)c2)c1=O	6.718966632752273	<rdkit.Chem.rdchem.Mol object at 0x7f870f991850>
3639	CHEMBL4858682	nM	9.1	CC#CCn1c(N2CCC[C@@H](N)C2)cc(=O)n(Cc2cccc(C(=O)N[C@@H](C)C(=O)O)c2)c1=O	7.040958607678906	<rdkit.Chem.rdchem.Mol object at 0x7f870f9918c0>
3640	CHEMBL4863102	nM	1.0	CC#CCn1c(N2CCC[C@@H](N)C2)cc(=O)n(Cc2ccc(F)c(C(=O)O)c2)c1=O	8.0	<rdkit.Chem.rdchem.Mol object at 0x7f870f991930>
3641	CHEMBL4857729	nM	2.8	CC#CCn1c(N2CCC[C@@H](N)C2)cc(=O)n(Cc2cc(C(=O)O)ccc2F)c1=O	7.552841968657781	<rdkit.Chem.rdchem.Mol object at 0x7f870f9919a0>
3642	CHEMBL4856337	nM	0.8	CC#CCn1c(N2CCC[C@@H](N)C2)cc(=O)n(Cc2ccc(Br)c(C(=O)O)c2)c1=O	8.096910013008056	<rdkit.Chem.rdchem.Mol object at 0x7f870f991a10>
3643	CHEMBL4860737	nM	4.9	CC#CCn1c(N2CCC[C@@H](N)C2)cc(=O)n(Cc2cc(Br)cc(C(=O)O)c2)c1=O	7.309803919971486	<rdkit.Chem.rdchem.Mol object at 0x7f870f991a80>
3644	CHEMBL4873862	nM	13.0	CC#CCn1c(N2CCC[C@@H](N)C2)cc(=O)n(Cc2cc(C(=O)O)ccc2Br)c1=O	6.886056647693163	<rdkit.Chem.rdchem.Mol object at 0x7f870f991af0>
3645	CHEMBL4865204	nM	1.0	CC#CCn1c(N2CCC[C@@H](N)C2)cc(=O)n(Cc2ccc(Cl)c(C(=O)O)c2)c1=O	8.0	<rdkit.Chem.rdchem.Mol object at 0x7f870f991b60>
3646	CHEMBL4871141	nM	7.0	CC#CCn1c(N2CCC[C@@H](N)C2)cc(=O)n(Cc2cccc(C(=O)OC)c2F)c1=O	7.154901959985743	<rdkit.Chem.rdchem.Mol object at 0x7f870f991bd0>
3647	CHEMBL4846335	nM	1.6	CC#CCn1c(N2CCC[C@@H](N)C2)cc(=O)n(Cc2ccc(F)c(C(=O)OC)c2)c1=O	7.795880017344075	<rdkit.Chem.rdchem.Mol object at 0x7f870f991c40>
3648	CHEMBL4876894	nM	4.3	CC#CCn1c(N2CCC[C@@H](N)C2)cc(=O)n(Cc2cc(C(=O)OC)ccc2F)c1=O	7.366531544420414	<rdkit.Chem.rdchem.Mol object at 0x7f870f991cb0>
3649	CHEMBL4852700	nM	4.5	CC#CCn1c(N2CCC[C@@H](N)C2)cc(=O)n(Cc2cccc(C(=O)OC)c2Br)c1=O	7.346787486224656	<rdkit.Chem.rdchem.Mol object at 0x7f870f991d20>
3650	CHEMBL4851477	nM	1.3	CC#CCn1c(N2CCC[C@@H](N)C2)cc(=O)n(Cc2ccc(Br)c(C(=O)OC)c2)c1=O	7.886056647693163	<rdkit.Chem.rdchem.Mol object at 0x7f870f991d90>
3651	CHEMBL4863369	nM	1.3	CC#CCn1c(N2CCC[C@@H](N)C2)cc(=O)n(Cc2cc(Br)cc(C(=O)OC)c2)c1=O	7.886056647693163	<rdkit.Chem.rdchem.Mol object at 0x7f870f991e00>
3652	CHEMBL4856255	nM	2.6	CC#CCn1c(N2CCC[C@@H](N)C2)cc(=O)n(Cc2cc(C(=O)OC)ccc2Br)c1=O	7.585026652029182	<rdkit.Chem.rdchem.Mol object at 0x7f870f991e70>
3653	CHEMBL4845890	nM	1.1	CC#CCn1c(N2CCC[C@@H](N)C2)cc(=O)n(Cc2ccc(Cl)c(C(=O)OC)c2)c1=O	7.958607314841775	<rdkit.Chem.rdchem.Mol object at 0x7f870f991ee0>
3654	CHEMBL5194237	nM	300200.0	CS(=O)(=O)Nc1ccc(OCCNCC2COc3ccccc3O2)cc1.Cl	2.5225893120927485	<rdkit.Chem.rdchem.Mol object at 0x7f870f991f50>
3655	CHEMBL5176469	nM	326600.0	CC(C)CS(=O)(=O)Nc1ccc(OCCNCC2COc3ccccc3O2)cc1.Cl	2.4859838195993507	<rdkit.Chem.rdchem.Mol object at 0x7f870f991fc0>
3656	CHEMBL5191973	nM	669300.0	[N-]=[N+]=NC(CCOc1ccc(S(N)(=O)=O)cc1)C1COc2ccccc2O1	2.1743791749965	<rdkit.Chem.rdchem.Mol object at 0x7f870f992030>
3657	CHEMBL5206696	nM	326600.0	COc1cc(S(N)(=O)=O)ccc1OCCC(N=[N+]=[N-])C1COc2ccccc2O1	2.4859838195993507	<rdkit.Chem.rdchem.Mol object at 0x7f870f9920a0>
3658	CHEMBL5198237	nM	33.2	COc1cc(S(N)(=O)=O)cc(OC)c1OCCC(N=[N+]=[N-])C1COc2ccccc2O1	6.478861916295964	<rdkit.Chem.rdchem.Mol object at 0x7f870f992110>
3659	CHEMBL5177166	nM	49.0	NC(CCOc1ccc(S(N)(=O)=O)cc1)C1COc2ccccc2O1	6.309803919971486	<rdkit.Chem.rdchem.Mol object at 0x7f870f992180>
3660	CHEMBL5193531	nM	57440.0	COc1cc(S(N)(=O)=O)ccc1OCCC(N)C1COc2ccccc2O1	3.240785568765756	<rdkit.Chem.rdchem.Mol object at 0x7f870f9921f0>
3661	CHEMBL5205289	nM	28.3	COc1cc(S(N)(=O)=O)cc(OC)c1OCCC(N)C1COc2ccccc2O1	6.548213564475709	<rdkit.Chem.rdchem.Mol object at 0x7f870f992260>
3662	CHEMBL1929396	nM	3.3	Cc1cc2ncc(C(=O)NCC(C)(C)NCC(=O)N3CCC[C@H]3C#N)cn2n1	7.481486060122113	<rdkit.Chem.rdchem.Mol object at 0x7f870f9922d0>
3663	CHEMBL5220594	nM	0.16	C=COC(=O)[C@@H]1CCCN1C(=O)[C@H](CCCCNC(=O)OC(C)(C)C)NC(=O)OC(C)(C)C	8.795880017344075	<rdkit.Chem.rdchem.Mol object at 0x7f870f992340>
3664	CHEMBL5219996	nM	171.0	CC(C)(C)OC(=O)NCCCC[C@H](NC(=O)OC(C)(C)C)C(=O)N1CCC[C@H]1C(=O)O/C=C/c1ccccc1	5.767003889607846	<rdkit.Chem.rdchem.Mol object at 0x7f870f9923b0>
3665	CHEMBL5219532	nM	0.37	CC(C)=CCC/C(C)=C/OC(=O)[C@@H]1CCCN1C(=O)[C@H](CCCCNC(=O)OC(C)(C)C)NC(=O)OC(C)(C)C	8.431798275933005	<rdkit.Chem.rdchem.Mol object at 0x7f870f992420>
3666	CHEMBL5219761	nM	6.39	C/C=C/OC(=O)[C@@H]1CCCN1C(=O)[C@H](CCCCNC(=O)OC(C)(C)C)NC(=O)OC(C)(C)C	7.1944991418416	<rdkit.Chem.rdchem.Mol object at 0x7f870f992490>
3667	CHEMBL5220613	nM	0.14	CCOC(=O)/C=C/OC(=O)[C@@H]1CCCN1C(=O)[C@H](CCCCNC(=O)OC(C)(C)C)NC(=O)OC(C)(C)C	8.853871964321762	<rdkit.Chem.rdchem.Mol object at 0x7f870f992500>
3668	CHEMBL5220657	nM	0.13	C=COC(=O)[C@@H]1CCCN1C(=O)[C@@H](N)CCCCN	8.886056647693163	<rdkit.Chem.rdchem.Mol object at 0x7f870f992570>
3669	CHEMBL5220750	nM	0.27	NCCCC[C@H](N)C(=O)N1CCC[C@H]1C(=O)O/C=C/c1ccccc1	8.568636235841012	<rdkit.Chem.rdchem.Mol object at 0x7f870f9925e0>
3670	CHEMBL5220348	nM	15.3	CC(C)=CCC/C(C)=C/OC(=O)[C@@H]1CCCN1C(=O)[C@@H](N)CCCCN	6.815308569182402	<rdkit.Chem.rdchem.Mol object at 0x7f870f992650>
3671	CHEMBL5218500	nM	0.75	C/C=C/OC(=O)[C@@H]1CCCN1C(=O)[C@@H](N)CCCCN	8.1249387366083	<rdkit.Chem.rdchem.Mol object at 0x7f870f9926c0>
3672	CHEMBL5220053	nM	24.7	C=COC(=O)[C@@H]1CCCN1C(=O)CNC(=O)OC(C)(C)C	6.607303046740334	<rdkit.Chem.rdchem.Mol object at 0x7f870f992730>
3673	CHEMBL5219939	nM	0.26	CC(C)(C)OC(=O)NCC(=O)N1CCC[C@H]1C(=O)O/C=C/c1ccccc1	8.585026652029182	<rdkit.Chem.rdchem.Mol object at 0x7f870f9927a0>
3674	CHEMBL5220415	nM	5.9	CCOC(=O)/C=C/OC(=O)[C@@H]1CCCN1C(=O)CNC(=O)OC(C)(C)C	7.229147988357855	<rdkit.Chem.rdchem.Mol object at 0x7f870f992810>
3675	CHEMBL5219299	nM	0.28	C=COC(=O)[C@@H]1CCCN1C(=O)CN	8.55284196865778	<rdkit.Chem.rdchem.Mol object at 0x7f870f992880>
3676	CHEMBL5219451	nM	0.28	NCC(=O)N1CCC[C@H]1C(=O)O/C=C/c1ccccc1	8.55284196865778	<rdkit.Chem.rdchem.Mol object at 0x7f870f9928f0>
3677	CHEMBL5219735	nM	1.17	CCOC(=O)/C=C/OC(=O)[C@@H]1CCCN1C(=O)CN	7.931814138253839	<rdkit.Chem.rdchem.Mol object at 0x7f870f992960>
3678	CHEMBL5220474	nM	0.46	COC(=O)[C@@H]1CCCN1C(=O)[C@H](Cc1ccccc1)NC(=O)OCc1ccccc1	8.337242168318426	<rdkit.Chem.rdchem.Mol object at 0x7f870f9929d0>
3679	CHEMBL5219966	nM	10.2	COC(=O)C(Cc1ccccc1)NC(=O)[C@@H]1CCCN1C(=O)[C@H](Cc1ccccc1)NC(=O)OCc1ccccc1	6.991399828238082	<rdkit.Chem.rdchem.Mol object at 0x7f870f992a40>
3680	CHEMBL3185489	nM	17.999999999999996	NC(CC(=O)N1CCn2c(nnc2C(F)(F)F)C1)Cc1cc(F)c(F)cc1F	6.744727494896694	<rdkit.Chem.rdchem.Mol object at 0x7f870f992ab0>
3681	CHEMBL5267798	nM	0.3	CC(C)[C@H](Nc1ccc(CNC(=O)[C@@H]2CSCN2C(=O)C[C@H](N)Cc2cc(F)ccc2F)cc1)C(=O)O	8.522878745280337	<rdkit.Chem.rdchem.Mol object at 0x7f870f992b20>
3682	CHEMBL5287917	nM	0.48	CC(C)[C@H](Nc1ccc(CNC(=O)[C@@H]2CCCN2C(=O)C[C@H](N)Cc2cc(F)ccc2F)cc1)C(=O)O	8.318758762624412	<rdkit.Chem.rdchem.Mol object at 0x7f870f992b90>
3683	CHEMBL5280972	nM	53960.0	CCOC(=O)c1n[nH]c2c(C(=O)OCC)cnn2c1=O.[NaH]	3.267928059000133	<rdkit.Chem.rdchem.Mol object at 0x7f870f992c00>
3684	CHEMBL5285907	nM	48130.0	CCOC(=O)c1cnn2c(=O)c(C(=O)NC(C)(C)C)n[nH]c12.[NaH]	3.3175841383226414	<rdkit.Chem.rdchem.Mol object at 0x7f870f992c70>
3685	CHEMBL5284943	nM	61090.0	N#Cc1cnn2c(=O)c([N+](=O)[O-])n[nH]c12.[NaH]	3.2140298748679905	<rdkit.Chem.rdchem.Mol object at 0x7f870f992ce0>
3686	CHEMBL5273757	nM	63560.0	N/C(=N\O)c1cnn2c(=O)c([N+](=O)[O-])n[nH]c12.[NaH]	3.196816111464658	<rdkit.Chem.rdchem.Mol object at 0x7f870f992d50>
3687	CHEMBL5285955	nM	620000.0	CCOC(=O)c1cnn2c(=O)c([N+](=O)[O-])n[nH]c12.[NaH]	2.207608310501746	<rdkit.Chem.rdchem.Mol object at 0x7f870f992dc0>
3688	CHEMBL5291433	nM	6250.0	NNc1nc(NN)nc(N2C(=O)CSC2=O)n1	4.204119982655925	<rdkit.Chem.rdchem.Mol object at 0x7f870f992e30>
3689	CHEMBL5275453	nM	2.32	O=C(CNc1nc(Nc2ccc(S(=O)(=O)Nc3nccs3)cc2)nc(N2CCOCC2)n1)Nc1ccc(F)cc1	7.634512015109101	<rdkit.Chem.rdchem.Mol object at 0x7f870f992ea0>
3690	CHEMBL5270313	nM	1.7	CC#CCN1C(N2CCC[C@@H](NC(=O)OC(C)(C)C)C2)=NC2N=C3N(C)C(=O)CN3C(=O)C21	7.769551078621726	<rdkit.Chem.rdchem.Mol object at 0x7f870f992f10>
3691	CHEMBL5278252	nM	0.5	CC#CCn1c(N2CCC[C@@H](N)C2)nc2c(C)c(=O)n(Cc3nc(C)c4c(F)cccc4n3)c(=O)n21	8.301029995663981	<rdkit.Chem.rdchem.Mol object at 0x7f870f992f80>
3692	CHEMBL5278621	nM	0.7	CC#CCn1c(N2CCC[C@@H](N)C2)nc2c(C)c(=O)n(Cc3nc(C)c4c(Cl)cccc4n3)c(=O)n21	8.154901959985743	<rdkit.Chem.rdchem.Mol object at 0x7f870f992ff0>
3693	CHEMBL5289102	nM	5.78	CC#CCn1c(N2CCC[C@@H](N)C2)cc(=O)n(Cc2nc(C)c3cc(C)ccc3n2)c1=O	7.2380721615794705	<rdkit.Chem.rdchem.Mol object at 0x7f870f993060>
3694	CHEMBL5269668	nM	0.09	CC#CCN1C(N2CCC[C@@H](N)C2)=NC2C1C(=O)N(Cc1cccnc1C#N)C(=O)N2Cc1cccnc1C#N	9.045757490560675	<rdkit.Chem.rdchem.Mol object at 0x7f870f9930d0>
3695	CHEMBL1186023	nM	0.48	CC(C)[C@H](Oc1ccc(CNC(=O)[C@@H]2CCCN2C(=O)C[C@H](N)Cc2cc(F)ccc2F)cc1)C(=O)O	8.318758762624412	<rdkit.Chem.rdchem.Mol object at 0x7f870f993140>
3696	CHEMBL5267474	nM	3.0	N#C[C@@H]1C[C@H](F)CN1C(=O)[C@@H](N)Cc1ccccc1F	7.522878745280337	<rdkit.Chem.rdchem.Mol object at 0x7f870f9931b0>
3697	CHEMBL5279581	nM	4.0	N#C[C@@H]1C[C@H](F)CN1C(=O)[C@@H](N)Cc1cccc(F)c1	7.3979400086720375	<rdkit.Chem.rdchem.Mol object at 0x7f870f993220>
3698	CHEMBL5270099	nM	6.0	N#C[C@@H]1C[C@H](F)CN1C(=O)[C@@H](N)Cc1ccc(N)cc1	7.221848749616356	<rdkit.Chem.rdchem.Mol object at 0x7f870f993290>
3699	CHEMBL5274564	nM	6.0	N#C[C@@H]1C[C@H](F)CN1C(=O)[C@@H](N)Cc1ccc(Cl)cc1	7.221848749616356	<rdkit.Chem.rdchem.Mol object at 0x7f870f993300>
3700	CHEMBL5272450	nM	17.0	N#C[C@@H]1C[C@H](F)CN1C(=O)[C@@H](N)Cc1ccc(Br)cc1	6.769551078621726	<rdkit.Chem.rdchem.Mol object at 0x7f870f993370>
3701	CHEMBL5288458	nM	40.0	N#C[C@@H]1C[C@H](F)CN1C(=O)[C@@H](N)Cc1ccc(Cl)cc1Cl	6.3979400086720375	<rdkit.Chem.rdchem.Mol object at 0x7f870f9933e0>
3702	CHEMBL5280469	nM	50.0	N#C[C@@H]1C[C@H](F)CN1C(=O)[C@@H](N)Cc1cc(Cl)c(Cl)cc1Cl	6.301029995663981	<rdkit.Chem.rdchem.Mol object at 0x7f870f993450>
3703	CHEMBL5269848	nM	10.0	N#C[C@@H]1[C@@H]2CCC[C@@H]2CN1C(=O)[C@@H](N)Cc1cc(F)c(F)cc1F	7.0	<rdkit.Chem.rdchem.Mol object at 0x7f870f9934c0>
3704	CHEMBL5285902	nM	5.0	N#C[C@@H]1C[C@H](c2cccs2)CN1C(=O)[C@@H](N)CF	7.301029995663981	<rdkit.Chem.rdchem.Mol object at 0x7f870f993530>
3705	CHEMBL5275487	nM	4.0	N#C[C@@H]1C[C@H](c2cscn2)CN1C(=O)[C@@H](N)CF	7.3979400086720375	<rdkit.Chem.rdchem.Mol object at 0x7f870f9935a0>
3706	CHEMBL5266321	nM	10.0	N#C[C@@H]1C[C@H](c2ccc3c(c2Br)OCO3)CN1C(=O)[C@@H](N)CF	7.0	<rdkit.Chem.rdchem.Mol object at 0x7f870f993610>
3707	CHEMBL5282739	nM	247.0	N#C[C@@H]1CCCN1C(=O)C[C@@H](N)Cc1ccc(-c2cn(C3CC3)nn2)cc1	5.607303046740334	<rdkit.Chem.rdchem.Mol object at 0x7f870f993680>
3708	CHEMBL5268023	nM	863.0	N#C[C@@H]1CCCN1C(=O)C[C@@H](N)Cc1ccc(-c2cn(C3CCCCC3)nn2)cc1	5.06398920428479	<rdkit.Chem.rdchem.Mol object at 0x7f870f9936f0>
3709	CHEMBL5266542	nM	265.0	Cn1cc(-c2ccc(C[C@H](N)CC(=O)N3CCC[C@H]3C#N)cc2)nn1	5.576754126063192	<rdkit.Chem.rdchem.Mol object at 0x7f870f993760>
3710	CHEMBL5276287	nM	3.79	N#CC1CCCN1C(=O)[C@@H](N)Cc1ccc(-c2cn(Cc3ccc(F)cc3)nn2)cc1	7.421360790031928	<rdkit.Chem.rdchem.Mol object at 0x7f870f9937d0>
3711	CHEMBL5283569	nM	90.0	O=C(CNC(=O)C1CCCN(S(=O)(=O)c2ccccc2)C1)Nc1ccc(F)cc1	6.045757490560675	<rdkit.Chem.rdchem.Mol object at 0x7f870f993840>
3712	CHEMBL5266987	nM	14.0	CO[C@@H]1CCCN1C(=O)CC(C)(C)[C@H](N)C(=O)N1CCC[C@H]1C#N.O=C(O)C(F)(F)F	6.853871964321762	<rdkit.Chem.rdchem.Mol object at 0x7f870f9938b0>
3713	CHEMBL5279548	nM	27.0	N#C[C@@H]1C[C@H]2[C@H](CC2(F)F)N1C(=O)[C@@H](N)C12CC3CC(CC(O)(C3)C1)C2	6.568636235841013	<rdkit.Chem.rdchem.Mol object at 0x7f870f993920>
3714	CHEMBL5274894	nM	12.0	N#C[C@@H]1CCCN1C(=O)CNC1C[C@H]2CC(O)C[C@H]2C1	6.920818753952375	<rdkit.Chem.rdchem.Mol object at 0x7f870f993990>
3715	CHEMBL5273881	nM	8.0	COC1C[C@@H]2C[C@H](NCC(=O)N3CCC[C@H]3C#N)C[C@@H]2C1	7.096910013008056	<rdkit.Chem.rdchem.Mol object at 0x7f870f993a00>
3716	CHEMBL5266197	nM	4.3	CC1c2nnc(C(F)(F)F)n2CCN1C(=O)C[C@H](N)Cc1cc(F)c(F)cc1F.Cl	7.366531544420414	<rdkit.Chem.rdchem.Mol object at 0x7f870f993a70>
3717	CHEMBL5285297	nM	150.0	COc1ccc(-c2cn(CC[C@H](N)Cc3cc(F)c(F)cc3F)nn2)cc1	5.823908740944319	<rdkit.Chem.rdchem.Mol object at 0x7f870f993ae0>
3718	CHEMBL5290009	nM	150.0	N[C@@H](CCn1cc(-c2ccccc2)nn1)Cc1cc(F)c(F)cc1F	5.823908740944319	<rdkit.Chem.rdchem.Mol object at 0x7f870f993b50>
3719	CHEMBL5290055	nM	150.0	N[C@@H](CCn1cc(CO)nn1)Cc1cc(F)c(F)cc1F	5.823908740944319	<rdkit.Chem.rdchem.Mol object at 0x7f870f993bc0>
3720	CHEMBL5282009	nM	150.0	Cc1ccc(-c2cn(CC[C@H](N)Cc3cc(F)c(F)cc3F)nn2)cc1	5.823908740944319	<rdkit.Chem.rdchem.Mol object at 0x7f870f993c30>
3721	CHEMBL5277626	nM	150.0	Cn1ccnc1-c1cn(CC[C@H](N)Cc2cc(F)c(F)cc2F)nn1	5.823908740944319	<rdkit.Chem.rdchem.Mol object at 0x7f870f993ca0>
3722	CHEMBL5267229	nM	150.0	N[C@@H](CCn1cc(C2CCCCC2)nn1)Cc1cc(F)c(F)cc1F	5.823908740944319	<rdkit.Chem.rdchem.Mol object at 0x7f870f993d10>
3723	CHEMBL5288509	nM	150.0	N[C@@H](CCn1cc(C(=O)O)nn1)Cc1cc(F)c(F)cc1F	5.823908740944319	<rdkit.Chem.rdchem.Mol object at 0x7f870f993d80>
3724	CHEMBL5267534	nM	150.0	COc1ccc(-c2cnnn2CC[C@H](N)Cc2cc(F)c(F)cc2F)cc1	5.823908740944319	<rdkit.Chem.rdchem.Mol object at 0x7f870f993df0>
3725	CHEMBL5282933	nM	31.0	N[C@@H](CCNC(=O)N1CCn2c(nnc2C(F)(F)F)C1)Cc1cc(F)c(F)cc1F	6.508638306165727	<rdkit.Chem.rdchem.Mol object at 0x7f870f993e60>
3726	CHEMBL5279910	nM	0.7	CS(=O)(=O)n1ncc2c1CN([C@H]1CO[C@H](c3cc(F)ccc3F)[C@@H](N)C1)C2	8.154901959985743	<rdkit.Chem.rdchem.Mol object at 0x7f870f993ed0>
3727	CHEMBL5268418	nM	0.7	N[C@H]1C[C@@H](N2Cc3cnn(S(=O)(=O)C(F)(F)F)c3C2)CO[C@@H]1c1cc(F)ccc1F	8.154901959985743	<rdkit.Chem.rdchem.Mol object at 0x7f870f993f40>
3728	CHEMBL5273218	nM	0.7	CCS(=O)(=O)n1ncc2c1CN([C@H]1CO[C@H](c3cc(F)ccc3F)[C@@H](N)C1)C2	8.154901959985743	<rdkit.Chem.rdchem.Mol object at 0x7f870f994040>
3729	CHEMBL5275162	nM	0.7	CCCS(=O)(=O)n1ncc2c1CN([C@H]1CO[C@H](c3cc(F)ccc3F)[C@@H](N)C1)C2	8.154901959985743	<rdkit.Chem.rdchem.Mol object at 0x7f870f9940b0>
3730	CHEMBL5277064	nM	0.7	CC(C)S(=O)(=O)n1ncc2c1CN([C@H]1CO[C@H](c3cc(F)ccc3F)[C@@H](N)C1)C2	8.154901959985743	<rdkit.Chem.rdchem.Mol object at 0x7f870f994120>
3731	CHEMBL5267753	nM	0.7	Cn1ccnc1S(=O)(=O)n1ncc2c1CN([C@H]1CO[C@H](c3cc(F)ccc3F)[C@@H](N)C1)C2	8.154901959985743	<rdkit.Chem.rdchem.Mol object at 0x7f870f994190>
3732	CHEMBL5283277	nM	0.7	N[C@H]1C[C@@H](N2Cc3cnn(S(=O)(=O)c4ccccc4)c3C2)CO[C@@H]1c1cc(F)ccc1F	8.154901959985743	<rdkit.Chem.rdchem.Mol object at 0x7f870f994200>
3733	CHEMBL5276887	nM	0.7	N[C@H]1C[C@@H](N2Cc3cnn(S(=O)(=O)c4ccc(C(F)(F)F)cc4)c3C2)CO[C@@H]1c1cc(F)ccc1F	8.154901959985743	<rdkit.Chem.rdchem.Mol object at 0x7f870f994270>
3734	CHEMBL5274971	nM	320.0	Cn1c(=O)n(CC(=O)N2CCC(N)CC2)c(=O)c2sc(N)nc21	5.494850021680094	<rdkit.Chem.rdchem.Mol object at 0x7f870f9942e0>
3735	CHEMBL5270627	nM	489.0	Cn1c(=O)n(CC(=O)N2CCN(c3ccc(Cl)cc3)CC2)c(=O)c2sc(N)nc21	5.31069114087638	<rdkit.Chem.rdchem.Mol object at 0x7f870f994350>
3736	CHEMBL5268865	nM	329.0	Cn1c(=O)n(CC(=O)N2CCN(c3ccccn3)CC2)c(=O)c2sc(N)nc21	5.482804102050026	<rdkit.Chem.rdchem.Mol object at 0x7f870f9943c0>
3737	CHEMBL5270959	nM	320.0	Cn1c(=O)n(CC(=O)N2CCN(c3ncccn3)CC2)c(=O)c2sc(N)nc21	5.494850021680094	<rdkit.Chem.rdchem.Mol object at 0x7f870f994430>
3738	CHEMBL5277490	nM	1.33	C#CCn1c(N2CCC[C@H](N)C2)nc2c1c(=O)n(Cc1nc(C)c3ccccc3n1)c(=O)n2C	7.876148359032914	<rdkit.Chem.rdchem.Mol object at 0x7f870f9944a0>
3739	CHEMBL5289336	nM	33500.0	O=C(O)Cc1ccccc1C(=O)Nc1ccc(S(=O)(=O)Nc2ncccn2)cc1	3.474955192963155	<rdkit.Chem.rdchem.Mol object at 0x7f870f994510>
3740	CHEMBL430	nM	2700.0	CO/N=C1\CN(c2nc3c(cc2F)c(=O)c(C(=O)O)cn3C2CC2)CC1CN	4.568636235841013	<rdkit.Chem.rdchem.Mol object at 0x7f870f994580>
3741	CHEMBL5277115	nM	10100.0	Cc1c(C(=O)CS(=O)(=O)c2ccccc2)c(=O)n(-c2ccccc2)n1C	3.9956786262173574	<rdkit.Chem.rdchem.Mol object at 0x7f870f9945f0>
3742	CHEMBL5274711	nM	112.0	Cc1c(-c2c(S(=O)(=O)c3ccccc3)cnc3ncnn23)c(=O)n(-c2ccccc2)n1C	5.950781977329818	<rdkit.Chem.rdchem.Mol object at 0x7f870f994660>
3743	CHEMBL5275234	nM	14.0	Cc1c(-c2c(S(=O)(=O)c3ccccc3)cnc3nnnn23)c(=O)n(-c2ccccc2)n1C	6.853871964321762	<rdkit.Chem.rdchem.Mol object at 0x7f870f9946d0>
3744	CHEMBL5271401	nM	2.32	O=C(CNc1nc(Nc2ccc(S(=O)(=O)Nc3cncs3)cc2)nc(N2CCOCC2)n1)Nc1ccc(F)cc1	7.634512015109101	<rdkit.Chem.rdchem.Mol object at 0x7f870f994740>
3745	CHEMBL5276961	nM	1100000000.0	COc1ccc(S(=O)(=O)Nc2nc(N3CCOCC3)nc(N3CCOCC3)n2)cc1	-1.041392685158225	<rdkit.Chem.rdchem.Mol object at 0x7f870f9947b0>
3746	CHEMBL5285764	nM	620.0	O=C([C@H]1CC[C@@H](n2cc(-c3ccccc3O)nn2)C1)N1CCC(F)(F)C1	5.2076083105017466	<rdkit.Chem.rdchem.Mol object at 0x7f870f994820>
3747	CHEMBL5278390	nM	660.0	O=C([C@H]1CC[C@@H](n2cc(-c3ccc(-c4ccccc4)cc3)nn2)C1)N1CCC(F)(F)C1	5.180456064458132	<rdkit.Chem.rdchem.Mol object at 0x7f870f994890>
3748	CHEMBL5274068	nM	720.0	COC(=O)c1cn([C@@H]2CC[C@H](C(=O)N3CCC(F)(F)C3)C2)nn1	5.142667503568732	<rdkit.Chem.rdchem.Mol object at 0x7f870f994900>
3749	CHEMBL5274129	nM	0.87	N[C@@H](CC(=O)N1CCC[C@H]1CNC(=O)c1cccnc1)[C@H]1CCc2cc(F)c(F)cc21	8.060480747381382	<rdkit.Chem.rdchem.Mol object at 0x7f870f994970>
3750	CHEMBL5272644	nM	1.06	CS(=O)(=O)c1cccc(C(=O)NC[C@@H]2CCCN2C(=O)C[C@H](N)[C@H]2CCc3cc(F)c(F)cc32)c1	7.97469413473523	<rdkit.Chem.rdchem.Mol object at 0x7f870f9949e0>
3751	CHEMBL5276657	nM	0.87	N[C@@H](CC(=O)N1CCC[C@H]1CNC(=O)c1cccc(S(N)(=O)=O)c1)[C@H]1CCc2cc(F)c(F)cc21	8.060480747381382	<rdkit.Chem.rdchem.Mol object at 0x7f870f994a50>
3752	CHEMBL5265910	nM	0.87	N[C@@H](CC(=O)N1CCC[C@H]1CNC(=O)c1ccc(F)c(S(N)(=O)=O)c1)[C@H]1CCc2cc(F)c(F)cc21	8.060480747381382	<rdkit.Chem.rdchem.Mol object at 0x7f870f994ac0>
3753	CHEMBL5269746	nM	0.87	N[C@@H](CC(=O)N1CCC[C@H]1CNC(=O)c1cc(S(N)(=O)=O)c(F)cc1F)[C@H]1CCc2cc(F)c(F)cc21	8.060480747381382	<rdkit.Chem.rdchem.Mol object at 0x7f870f994b30>
3754	CHEMBL5277828	nM	0.87	CCN(CC)S(=O)(=O)c1cccc(C(=O)NC[C@@H]2CCCN2C(=O)C[C@H](N)[C@H]2CCc3cc(F)c(F)cc32)c1	8.060480747381382	<rdkit.Chem.rdchem.Mol object at 0x7f870f994ba0>
3755	CHEMBL5269884	nM	0.87	CCN(CC)S(=O)(=O)c1cc(C(=O)NC[C@@H]2CCCN2C(=O)C[C@H](N)[C@H]2CCc3cc(F)c(F)cc32)ccc1F	8.060480747381382	<rdkit.Chem.rdchem.Mol object at 0x7f870f994c10>
3756	CHEMBL5273793	nM	0.87	CCN(CC)S(=O)(=O)c1cc(C(=O)NC[C@@H]2CCCN2C(=O)C[C@H](N)[C@H]2CCc3cc(F)c(F)cc32)c(F)cc1F	8.060480747381382	<rdkit.Chem.rdchem.Mol object at 0x7f870f994c80>
3757	CHEMBL5275046	nM	1.1	CN1CCN(S(=O)(=O)c2cccc(C(=O)NC[C@@H]3CCCN3C(=O)C[C@H](N)[C@H]3CCc4cc(F)c(F)cc43)c2)CC1	7.958607314841775	<rdkit.Chem.rdchem.Mol object at 0x7f870f994cf0>
3758	CHEMBL5276298	nM	0.87	N[C@@H](CC(=O)N1CCC[C@H]1CNC(=O)c1cc(S(=O)(=O)N2CCCCC2)c(F)cc1F)[C@H]1CCc2cc(F)c(F)cc21	8.060480747381382	<rdkit.Chem.rdchem.Mol object at 0x7f870f994d60>
3759	CHEMBL5289339	nM	0.87	N[C@@H](CC(=O)N1CCC[C@H]1CNC(=O)c1cc(S(=O)(=O)N2CCOCC2)c(F)cc1F)[C@H]1CCc2cc(F)c(F)cc21	8.060480747381382	<rdkit.Chem.rdchem.Mol object at 0x7f870f994dd0>
3760	CHEMBL5279474	nM	0.87	N[C@@H](CC(=O)N1CCC[C@H]1CNC(=O)c1cc(S(=O)(=O)N2CCC2)c(F)cc1F)[C@H]1CCc2cc(F)c(F)cc21	8.060480747381382	<rdkit.Chem.rdchem.Mol object at 0x7f870f994e40>
3761	CHEMBL4242416	nM	64.0	CC#CCn1c(N2CCC[C@@H](N)C2)cc(=O)n(Cc2cn(CCC(=O)OC)nn2)c1=O	6.1938200260161125	<rdkit.Chem.rdchem.Mol object at 0x7f870f994eb0>
3762	CHEMBL5287906	nM	185.0	CC#CCn1c(N2CCC[C@@H](N)C2)cc(=O)n(Cc2cn(-c3ccccc3)nn2)c1=O	5.732828271596986	<rdkit.Chem.rdchem.Mol object at 0x7f870f994f20>
3763	CHEMBL5283810	nM	12.45	CC#CCn1c(N2CCC[C@@H](N)C2)cc(=O)n(Cc2cn(CCC(=O)O)nn2)c1=O	6.904830648568245	<rdkit.Chem.rdchem.Mol object at 0x7f870f994f90>
3764	CHEMBL5289984	nM	9.56	CC#CCn1c(N2CCC[C@@H](N)C2)cc(=O)n(Cc2cn(C/C=C/C(=O)O)nn2)c1=O	7.0195421077238995	<rdkit.Chem.rdchem.Mol object at 0x7f870f995000>
3765	CHEMBL5275484	nM	395.0	CC#CCn1c(N2CCC[C@@H](N)C2)cc(=O)n(Cc2ccc(Br)cc2C(=O)OC)c1=O	5.403402904373539	<rdkit.Chem.rdchem.Mol object at 0x7f870f995070>
3766	CHEMBL5286666	nM	3.6	CC#CCn1c(N2CCC[C@@H](N)C2)cc(=O)n(Cc2cccc(C(=O)NC)c2)c1=O	7.443697499232712	<rdkit.Chem.rdchem.Mol object at 0x7f870f9950e0>
3767	CHEMBL5268983	nM	4.6	CC#CCn1c(N2CCC[C@@H](N)C2)cc(=O)n(Cc2cccc(C(=O)NCC)c2)c1=O	7.337242168318426	<rdkit.Chem.rdchem.Mol object at 0x7f870f995150>
3768	CHEMBL5279728	nM	1.6	CC#CCn1c(N2CCC[C@@H](N)C2)cc(=O)n(Cc2ccc(Cl)c(C(=O)N(C)C)c2)c1=O	7.795880017344075	<rdkit.Chem.rdchem.Mol object at 0x7f870f9951c0>
3769	CHEMBL5285191	nM	3160.0	C[C@H]1CCN(C(=O)CNc2cc3cc(-c4ccccc4)c(-c4ccccc4)cc3oc2=O)C1	4.500312917381596	<rdkit.Chem.rdchem.Mol object at 0x7f870f995230>
3770	CHEMBL5288974	nM	1.12	Cc1ccc2cc(CNc3nc(C)cs3)n(/N=C/c3ccc(O)cc3)c(=O)c2c1	7.950781977329818	<rdkit.Chem.rdchem.Mol object at 0x7f870f9952a0>
3771	CHEMBL5289049	nM	130.0	NCc1c(-c2ccc(Cl)cc2Cl)nc2ccccn12	5.886056647693163	<rdkit.Chem.rdchem.Mol object at 0x7f870f995310>
3772	CHEMBL5265966	nM	290.0	Cc1ccccc1-c1nc2ccccn2c1CN	5.5376020021010435	<rdkit.Chem.rdchem.Mol object at 0x7f870f995380>
3773	CHEMBL5414025	nM	280320.0	CCOC(=O)C1=C(C)NC(C)=C(C(=O)OCC)C1c1cccc2c1OCO2	2.552345915512013	<rdkit.Chem.rdchem.Mol object at 0x7f870f9953f0>
3774	CHEMBL5430588	nM	260.5	Nc1nc(NC2=NC(c3ccccc3)=CC(c3ccccc3)O2)nc(N2CCOCC2)n1	5.584192272364457	<rdkit.Chem.rdchem.Mol object at 0x7f870f995460>
3775	CHEMBL5435689	nM	8.3	Nc1nc(NC2=NC(c3ccccc3)=CC(c3ccccc3[N+](=O)[O-])O2)nc(N2CCOCC2)n1	7.080921907623926	<rdkit.Chem.rdchem.Mol object at 0x7f870f9954d0>
3776	CHEMBL5399740	nM	4.2	Nc1nc(NC2=NC(c3ccccc3)=CC(c3cccc([N+](=O)[O-])c3)O2)nc(N2CCOCC2)n1	7.376750709602099	<rdkit.Chem.rdchem.Mol object at 0x7f870f995540>
3777	CHEMBL5405820	nM	4.9	Nc1nc(NC2=NC(c3ccccc3)=CC(c3ccc([N+](=O)[O-])cc3)O2)nc(N2CCOCC2)n1	7.309803919971486	<rdkit.Chem.rdchem.Mol object at 0x7f870f9955b0>
3778	CHEMBL5433150	nM	23.8	Nc1nc(NC2=NC(c3ccccc3)=CC(c3ccccc3O)O2)nc(N2CCOCC2)n1	6.623423042943488	<rdkit.Chem.rdchem.Mol object at 0x7f870f995620>
3779	CHEMBL5402568	nM	22.1	Nc1nc(NC2=NC(c3ccccc3)=CC(c3cccc(O)c3)O2)nc(N2CCOCC2)n1	6.655607726314889	<rdkit.Chem.rdchem.Mol object at 0x7f870f995690>
3780	CHEMBL5435542	nM	22.4	Nc1nc(NC2=NC(c3ccccc3)=CC(c3ccc(O)cc3)O2)nc(N2CCOCC2)n1	6.649751981665837	<rdkit.Chem.rdchem.Mol object at 0x7f870f995700>
3781	CHEMBL5424840	nM	52.1	Nc1nc(NC2=NC(c3ccccc3)=CC(c3ccccc3Cl)O2)nc(N2CCOCC2)n1	6.283162276700476	<rdkit.Chem.rdchem.Mol object at 0x7f870f995770>
3782	CHEMBL5414427	nM	32.3	Nc1nc(NC2=NC(c3ccccc3)=CC(c3cccc(Cl)c3)O2)nc(N2CCOCC2)n1	6.490797477668897	<rdkit.Chem.rdchem.Mol object at 0x7f870f9957e0>
3783	CHEMBL5424574	nM	34.5	Nc1nc(NC2=NC(c3ccccc3)=CC(c3ccc(Cl)cc3)O2)nc(N2CCOCC2)n1	6.462180904926726	<rdkit.Chem.rdchem.Mol object at 0x7f870f995850>
3784	CHEMBL5409066	nM	132.5	Cc1ccccc1C1C=C(c2ccccc2)N=C(Nc2nc(N)nc(N3CCOCC3)n2)O1	5.877784121727173	<rdkit.Chem.rdchem.Mol object at 0x7f870f9958c0>
3785	CHEMBL5418532	nM	78.2	Cc1cccc(C2C=C(c3ccccc3)N=C(Nc3nc(N)nc(N4CCOCC4)n3)O2)c1	6.106793246940152	<rdkit.Chem.rdchem.Mol object at 0x7f870f995930>
3786	CHEMBL5414816	nM	90.4	Cc1ccc(C2C=C(c3ccccc3)N=C(Nc3nc(N)nc(N4CCOCC4)n3)O2)cc1	6.043831569524636	<rdkit.Chem.rdchem.Mol object at 0x7f870f9959a0>
3787	CHEMBL139702	nM	30390.0	C=CC(C)(C)c1cc(/C=C/C(=O)c2ccc(O)cc2)c(OC)cc1O	3.517269299920057	<rdkit.Chem.rdchem.Mol object at 0x7f870f995a10>
3788	CHEMBL5416545	nM	7160.0	COc1cc(O)c(Cl)cc1/C=C/C(=O)c1ccc(O)cc1	4.145086977692144	<rdkit.Chem.rdchem.Mol object at 0x7f870f995a80>
3789	CHEMBL1778898	nM	16390.0	COc1cc(O)c(Br)cc1/C=C/C(=O)c1ccc(O)cc1	3.785421046429501	<rdkit.Chem.rdchem.Mol object at 0x7f870f995af0>
3790	CHEMBL5397277	nM	11040.0	COc1ccc(C(=O)/C=C/c2cc(Cl)c(O)cc2OC)cc1	3.9570309266068198	<rdkit.Chem.rdchem.Mol object at 0x7f870f995b60>
3791	CHEMBL5405870	nM	21170.0	CCOc1ccc(C(=O)/C=C/c2cc(Cl)c(O)cc2OC)cc1	3.674279141980588	<rdkit.Chem.rdchem.Mol object at 0x7f870f995bd0>
3792	CHEMBL5424118	nM	11380.0	CCCOc1ccc(C(=O)/C=C/c2cc(Cl)c(O)cc2OC)cc1	3.9438577379409474	<rdkit.Chem.rdchem.Mol object at 0x7f870f995c40>
3793	CHEMBL5410220	nM	42940.0	CCCCOc1ccc(C(=O)/C=C/c2cc(Cl)c(O)cc2OC)cc1	3.36713795989977	<rdkit.Chem.rdchem.Mol object at 0x7f870f995cb0>
3794	CHEMBL1778899	nM	34000.0	COc1ccc(C(=O)/C=C/c2cc(Br)c(O)cc2OC)cc1	3.4685210829577446	<rdkit.Chem.rdchem.Mol object at 0x7f870f995d20>
3795	CHEMBL5408749	nM	34950.0	CCOc1ccc(C(=O)/C=C/c2cc(Br)c(O)cc2OC)cc1	3.4565528199182998	<rdkit.Chem.rdchem.Mol object at 0x7f870f995d90>
3796	CHEMBL5412386	nM	26460.0	CCCOc1ccc(C(=O)/C=C/c2cc(Br)c(O)cc2OC)cc1	3.577410160148518	<rdkit.Chem.rdchem.Mol object at 0x7f870f995e00>
3797	CHEMBL5429047	nM	9870.0	COc1cc(O)c(Cl)cc1/C=C/C(=O)c1ccc(Br)cc1	4.005682847330363	<rdkit.Chem.rdchem.Mol object at 0x7f870f995e70>
3798	CHEMBL5414115	nM	12580.0	COc1cc(O)c(Cl)cc1/C=C/C(=O)c1ccc(C(F)(F)F)cc1	3.9003193588907497	<rdkit.Chem.rdchem.Mol object at 0x7f870f995ee0>
3799	CHEMBL5423189	nM	49220.0	COc1cc(OC)c(/C=C/C(=O)c2ccc(O)cc2)cc1Cl	3.3078583906332164	<rdkit.Chem.rdchem.Mol object at 0x7f870f995f50>
3800	CHEMBL5422010	nM	6430.0	COc1cc(O)c(Cl)cc1/C=C/C(=O)c1cccc(O)c1	4.191789027075778	<rdkit.Chem.rdchem.Mol object at 0x7f870f995fc0>
3801	CHEMBL5404677	nM	8860.0	COc1cc(O)c(Cl)cc1/C=C/C(=O)c1ccc(O)c(O)c1	4.052566278112949	<rdkit.Chem.rdchem.Mol object at 0x7f870f996030>
3802	CHEMBL5413637	nM	9090.0	COc1ccc(C(=O)/C=C/c2cc(Cl)c(O)cc2OC)cc1O	4.041436116778033	<rdkit.Chem.rdchem.Mol object at 0x7f870f9960a0>
3803	CHEMBL5411710	nM	31950.0	COc1cc(C(=O)/C=C/c2cc(Cl)c(O)cc2OC)ccc1O	3.495529137505581	<rdkit.Chem.rdchem.Mol object at 0x7f870f996110>
3804	CHEMBL5398811	nM	15120.0	COc1cc(O)c(Cl)cc1/C=C/C(=O)c1ccc(O)c(C)c1	3.8204482088348124	<rdkit.Chem.rdchem.Mol object at 0x7f870f996180>
3805	CHEMBL5407794	nM	4869.999999999996	COc1cc(O)c(Cl)cc1/C=C/C(=O)c1ccc(O)c([N+](=O)[O-])c1	4.312471038785366	<rdkit.Chem.rdchem.Mol object at 0x7f870f9961f0>
3806	CHEMBL1235760	nM	2000.0	Cn1c(=O)c2c(nc(N3CCNCC3)n2Cc2ccccc2Cl)n(C)c1=O	4.698970004336019	<rdkit.Chem.rdchem.Mol object at 0x7f870f996260>
3807	CHEMBL37980	nM	10000.0	NCc1c(N)nc(-c2ccccc2)nc1-c1ccc2c(c1)OCO2	4.0	<rdkit.Chem.rdchem.Mol object at 0x7f870f9962d0>
3808	CHEMBL5432172	nM	4.0	N#C[C@@H]1CCCN1C(=O)CNC12CC3CC(CC(C3)C1)C2	7.3979400086720375	<rdkit.Chem.rdchem.Mol object at 0x7f870f996340>
3809	CHEMBL5408495	nM	2.2	Cc1nnc(N2CCC[C@@H](N)C2)n(Cc2cc(F)ccc2C#N)c1=O	7.657577319177793	<rdkit.Chem.rdchem.Mol object at 0x7f870f9963b0>
3810	CHEMBL4297435	nM	12.0	COC(=O)c1nc(C(F)(F)F)n2c1CN(C(=O)C[C@H](N)Cc1cc(F)c(F)cc1F)CC2	6.920818753952375	<rdkit.Chem.rdchem.Mol object at 0x7f870f996420>
3811	CHEMBL5418259	nM	2.5	N[C@H]1C[C@@H](N2Cc3nn4c(C(F)(F)F)cc(C(F)(F)F)nc4c3C2)CO[C@@H]1c1cc(F)ccc1F	7.6020599913279625	<rdkit.Chem.rdchem.Mol object at 0x7f870f996490>
3812	CHEMBL5430453	nM	3.4	Cc1ccc2c(c1)CN(C(=O)CC(C)(C)NCC(=O)N1CCC[C@H]1C#N)C2	7.468521082957745	<rdkit.Chem.rdchem.Mol object at 0x7f870f996500>
3813	CHEMBL5434074	nM	0.22	N#Cc1ccc(F)cc1Cn1c(N2CCC[C@@H](N)C2)nc2cc(-c3cccnc3)sc2c1=O	8.657577319177793	<rdkit.Chem.rdchem.Mol object at 0x7f870f996570>
3814	CHEMBL5425473	nM	3500.0	N[C@H](C(=O)N1Cc2ccccc2C1)C1CCC(O)CC1	4.455931955649724	<rdkit.Chem.rdchem.Mol object at 0x7f870f9965e0>
